EP, 20, 2026100518, 03, AVNO,   0, 131N,  961W,  19, 1009, XX,  34, NEQ,    0,    0,    0,    0,  -99,  -99, 104,   0,   0, 
EP, 20, 2026100518, 03, AVNO,   6, 128N,  971W,  19, 1007, XX,  34, NEQ,    0,    0,    0,    0,  -99,  -99, 135,   0,   0, 
EP, 20, 2026100518, 03, AVNO,  12, 125N,  977W,  18, 1008, XX,  34, NEQ,    0,    0,    0,    0,  -99,  -99, 110,   0,   0, 
EP, 20, 2026100518, 03, AVNO,  18, 126N,  982W,  17, 1007, XX,  34, NEQ,    0,    0,    0,    0,  -99,  -99, 144,   0,   0, 
EP, 20, 2026100518, 03, AVNO,  24, 123N,  984W,  18, 1009, XX,  34, NEQ,    0,    0,    0,    0,  -99,  -99, 161,   0,   0, 
EP, 20, 2026100518, 03, AVNO,  30, 125N,  985W,  16, 1006, XX,  34, NEQ,    0,    0,    0,    0,  -99,  -99, 149,   0,   0, 
EP, 20, 2026100518, 03, AVNO,  36, 128N,  987W,  16, 1007, XX,  34, NEQ,    0,    0,    0,    0,  -99,  -99,  79,   0,   0, 
EP, 20, 2026100518, 03, AVNO,  42, 135N,  992W,  17, 1006, XX,  34, NEQ,    0,    0,    0,    0,  -99,  -99,  67,   0,   0, 
EP, 20, 2026100518, 03, AVNO,  48, 141N,  999W,  19, 1007, XX,  34, NEQ,    0,    0,    0,    0,  -99,  -99,  87,   0,   0, 
EP, 20, 2026100518, 03, AVNO,  54, 145N, 1010W,  18, 1005, XX,  34, NEQ,    0,    0,    0,    0,  -99,  -99, 112,   0,   0, 
EP, 20, 2026100518, 03, AVNO,  60, 148N, 1017W,  19, 1007, XX,  34, NEQ,    0,    0,    0,    0,  -99,  -99, 131,   0,   0, 
EP, 20, 2026100518, 03, AVNO,  66, 150N, 1024W,  22, 1005, XX,  34, NEQ,    0,    0,    0,    0,  -99,  -99, 129,   0,   0, 
EP, 20, 2026100518, 03, AVNO,  72, 150N, 1033W,  22, 1007, XX,  34, NEQ,    0,    0,    0,    0,  -99,  -99, 156,   0,   0, 
EP, 20, 2026100518, 03, AVNO,  78, 148N, 1037W,  25, 1004, XX,  34, NEQ,    0,    0,    0,    0,  -99,  -99, 142,   0,   0, 
EP, 20, 2026100518, 03, AVNO,  84, 144N, 1041W,  23, 1005, XX,  34, NEQ,    0,    0,    0,    0, 1009,  823,  75,   0,   0, 
EP, 20, 2026100518, 03, AVNO,  90, 142N, 1042W,  32, 1003, XX,  34, NEQ,    0,    0,    0,    0, 1007,  135,  40,   0,   0, 
EP, 20, 2026100518, 03, AVNO,  96, 149N, 1042W,  33, 1003, XX,  34, NEQ,    0,    0,    0,    0,  -99,  -99,  55,   0,   0, 
EP, 20, 2026100518, 03, AVNO, 102, 156N, 1050W,  38,  999, XX,  34, NEQ,  180,    0,   80,   38, 1003,   66,  70,   0,   0, 
EP, 20, 2026100518, 03, AVNO, 108, 155N, 1051W,  41,  996, XX,  34, NEQ,  135,   47,   51,   68, 1004,   78,  31,   0,   0, 
EP, 20, 2026100518, 03, AVNO, 114, 164N, 1053W,  45,  994, XX,  34, NEQ,  124,   76,   72,   84, 1002,   66,  56,   0,   0, 
EP, 20, 2026100518, 03, AVNO, 120, 168N, 1056W,  52,  992, XX,  34, NEQ,   95,   95,   67,   85, 1004,   78,  50,   0,   0, 
EP, 20, 2026100518, 03, AVNO, 120, 168N, 1056W,  52,  992, XX,  50, NEQ,    0,   55,    0,    0, 1004,   78,  50,   0,   0, 
EP, 20, 2026100518, 03, AVNO, 126, 175N, 1059W,  57,  986, XX,  34, NEQ,  129,   85,   61,   84, 1002,   72,  36,   0,   0, 
EP, 20, 2026100518, 03, AVNO, 126, 175N, 1059W,  57,  986, XX,  50, NEQ,   29,   52,   27,   36, 1002,   72,  36,   0,   0, 
EP, 20, 2026100518, 03, AVNO, 132, 181N, 1061W,  55,  984, XX,  34, NEQ,  137,   81,   61,   71, 1004,   66,  21,   0,   0, 
EP, 20, 2026100518, 03, AVNO, 132, 181N, 1061W,  55,  984, XX,  50, NEQ,   40,   37,   34,   40, 1004,   66,  21,   0,   0, 
EP, 20, 2026100518, 03, AVNO, 138, 185N, 1060W,  63,  981, XX,  34, NEQ,   65,   64,   63,   58, 1001,   51,  31,   0,   0, 
EP, 20, 2026100518, 03, AVNO, 138, 185N, 1060W,  63,  981, XX,  50, NEQ,   33,   42,   41,   35, 1001,   51,  31,   0,   0, 
EP, 20, 2026100518, 03, AVNO, 144, 192N, 1058W,  56,  987, XX,  34, NEQ,   48,   55,   50,   50, 1003,   47,  32,   0,   0, 
EP, 20, 2026100518, 03, AVNO, 144, 192N, 1058W,  56,  987, XX,  50, NEQ,   21,   34,   19,    0, 1003,   47,  32,   0,   0, 
EP, 20, 2026100518, 03, AVNO, 150, 200N, 1056W,  45,  996, XX,  34, NEQ,    0,   19,   28,    0, 1004,   42,  18,   0,   0, 
EP, 20, 2026100518, 03, AVNO, 156, 210N, 1053W,  15, 1008, XX,  34, NEQ,    0,    0,    0,    0,  -99,  -99, 157,   0,   0, 
EP, 20, 2026100518, 03, HCCA,   0, 124N,  964W,  25,    0,   ,   0,    ,    0,    0,    0,    0, 
EP, 20, 2026100518, 03, HFSA,   0, 128N,  966W,  25, 1007, XX,  34, NEQ,    0,    0,    0,    0,  -99,  -99,  86,   0,   0,    ,   0,    , 279,   6,           ,  ,  0,    ,    0,    0,    0,    0, THERMO PARAMS, -3, -566, -226, N, 10, DT, -999, SHR82, -99, 
EP, 20, 2026100518, 03, HFSA,   6, 130N,  969W,  25, 1006, XX,  34, NEQ,    0,    0,    0,    0,  -99,  -99, 129,   0,   0,    ,   0,    , 214,   4,           ,  ,  0,    ,    0,    0,    0,    0, THERMO PARAMS, -9999, -9999, -9999, N, 10, DT, -999, SHR82, -99, 
EP, 20, 2026100518, 03, HFSA,  12, 127N,  975W,  30, 1007, XX,  34, NEQ,    0,    0,    0,    0,  -99,  -99, 138,   0,   0,    ,   0,    , 314,   4,           ,  ,  0,    ,    0,    0,    0,    0, THERMO PARAMS, -9999, -9999, -9999, N, 10, DT, -999, SHR82, -99, 
EP, 20, 2026100518, 03, HFSA,  18, 137N,  971W,  32, 1002, XX,  34, NEQ,    0,    0,    0,    0, 1006,    6,  80,   0,   0,    ,   0,    ,  26,   6,           ,  ,  0,    ,    0,    0,    0,    0, THERMO PARAMS, 22, -80, 85, N, 10, DT, -999, SHR82, -99, 
EP, 20, 2026100518, 03, HFSA,  24, 133N,  976W,  23, 1008, XX,  34, NEQ,    0,    0,    0,    0,  -99,  -99, 130,   0,   0,    ,   0,    , 266,   4,           ,  ,  0,    ,    0,    0,    0,    0, THERMO PARAMS, 8, -9999, -9999, N, 10, DT, -999, SHR82, -99, 
EP, 20, 2026100518, 03, HFSA,  30, 129N,  976W,  16, 1006, XX,  34, NEQ,    0,    0,    0,    0,  -99,  -99,  95,   0,   0,    ,   0,    ,   8,   1,           ,  ,  0,    ,    0,    0,    0,    0, THERMO PARAMS, -9999, -9999, -9999, N, 10, DT, -999, SHR82, -99, 
EP, 20, 2026100518, 03, HFSA,  36, 141N,  978W,  24, 1002, XX,  34, NEQ,    0,    0,    0,    0, 1006,    3, 155,   0,   0,    ,   0,    , 346,   9,           ,  ,  0,    ,    0,    0,    0,    0, THERMO PARAMS, -9999, -9999, -9999, N, 10, DT, -999, SHR82, -99, 
EP, 20, 2026100600, 03,  UKX,   0, 121N,  979W,  18, 1008, XX,  34, NEQ,    0,    0,    0,    0, 
EP, 20, 2026100600, 03,  UKX,   6, 120N,  988W,  18, 1007, XX,  34, NEQ,    0,    0,    0,    0, 
EP, 20, 2026100600, 03,  UKX,  12, 120N,  995W,  18, 1008, XX,  34, NEQ,    0,    0,    0,    0, 
EP, 20, 2026100600, 03,  UKX,  18, 117N,  999W,  20, 1006, XX,  34, NEQ,    0,    0,    0,    0, 
EP, 20, 2026100600, 03,  UKX,  24, 118N, 1004W,  20, 1007, XX,  34, NEQ,    0,    0,    0,    0, 
EP, 20, 2026100600, 03,  UKX,  30, 122N, 1013W,  18, 1006, XX,  34, NEQ,    0,    0,    0,    0, 
EP, 20, 2026100600, 03,  UKX,  36, 126N, 1023W,  20, 1007, XX,  34, NEQ,    0,    0,    0,    0, 
EP, 20, 2026100600, 03,  UKX,  42, 126N, 1033W,  19, 1005, XX,  34, NEQ,    0,    0,    0,    0, 
EP, 20, 2026100600, 03,  UKX,  48, 127N, 1040W,  19, 1004, XX,  34, NEQ,    0,    0,    0,    0, 
EP, 20, 2026100600, 03,  UKX,  54, 133N, 1050W,  19, 1006, XX,  34, NEQ,    0,    0,    0,    0, 
EP, 20, 2026100600, 03,  UKX,  60, 132N, 1058W,  21, 1004, XX,  34, NEQ,    0,    0,    0,    0, 
EP, 20, 2026100600, 03,  UKX,  66, 132N, 1061W,  23, 1005, XX,  34, NEQ,    0,    0,    0,    0, 
EP, 20, 2026100600, 03,  UKX,  72, 138N, 1066W,  26, 1003, XX,  34, NEQ,    0,    0,    0,    0, 
EP, 20, 2026100600, 03,  UKX,  78, 139N, 1077W,  26, 1004, XX,  34, NEQ,    0,    0,    0,    0, 
EP, 20, 2026100600, 03,  UKX,  84, 139N, 1084W,  28, 1001, XX,  34, NEQ,    0,    0,    0,    0, 
EP, 20, 2026100600, 03,  UKX,  90, 143N, 1084W,  30, 1002, XX,  34, NEQ,    0,    0,    0,    0, 
EP, 20, 2026100600, 03,  UKX,  96, 150N, 1089W,  34,  999, XX,  34, NEQ,    0,    0,    0,    0, 
EP, 20, 2026100600, 03,  UKX, 102, 152N, 1094W,  33,  999, XX,  34, NEQ,    0,    0,    0,    0, 
EP, 20, 2026100600, 03,  UKX, 108, 158N, 1097W,  36,  996, XX,  34, NEQ,    0,  116,    0,    0, 
EP, 20, 2026100600, 03,  UKX, 114, 163N, 1098W,  38,  997, XX,  34, NEQ,  100,   94,    0,    0, 
EP, 20, 2026100600, 03,  UKX, 120, 170N, 1096W,  36,  994, XX,  34, NEQ,   90,   81,    0,   80, 
EP, 20, 2026100600, 03,  UKX, 126, 179N, 1092W,  39,  995, XX,  34, NEQ,  116,  117,    0,   80, 
EP, 20, 2026100600, 03,  UKX, 132, 191N, 1088W,  41,  992, XX,  34, NEQ,  174,  173,   78,   99, 
EP, 20, 2026100600, 03,  UKX, 138, 203N, 1084W,  43,  994, XX,  34, NEQ,  140,  179,   72,  101, 
EP, 20, 2026100600, 03,  UKX, 144, 217N, 1075W,  48,  992, XX,  34, NEQ,   99,  133,  103,  101, 
EP, 20, 2026100600, 03, AVNO,   0, 127N,  971W,  19, 1007, XX,  34, NEQ,    0,    0,    0,    0,  -99,  -99, 136,   0,   0, 
EP, 20, 2026100600, 03, AVNO,   6, 126N,  978W,  16, 1008, XX,  34, NEQ,    0,    0,    0,    0,  -99,  -99, 161,   0,   0, 
EP, 20, 2026100600, 03, AVNO,  12, 125N,  983W,  17, 1007, XX,  34, NEQ,    0,    0,    0,    0,  -99,  -99, 110,   0,   0, 
EP, 20, 2026100600, 03, AVNO,  18, 124N,  986W,  16, 1008, XX,  34, NEQ,    0,    0,    0,    0,  -99,  -99, 161,   0,   0, 
EP, 20, 2026100600, 03, AVNO,  24, 124N,  990W,  14, 1006, XX,  34, NEQ,    0,    0,    0,    0,  -99,  -99, 124,   0,   0, 
EP, 20, 2026100600, 03, AVNO,  30, 125N,  991W,  16, 1007, XX,  34, NEQ,    0,    0,    0,    0,  -99,  -99,  79,   0,   0, 
EP, 20, 2026100600, 03, AVNO,  36, 129N,  994W,  17, 1006, XX,  34, NEQ,    0,    0,    0,    0,  -99,  -99,  82,   0,   0, 
EP, 20, 2026100600, 03, AVNO,  42, 134N,  999W,  16, 1007, XX,  34, NEQ,    0,    0,    0,    0,  -99,  -99, 158,   0,   0, 
EP, 20, 2026100600, 03, AVNO,  48, 139N, 1006W,  17, 1005, XX,  34, NEQ,    0,    0,    0,    0,  -99,  -99,  53,   0,   0, 
EP, 20, 2026100600, 03, AVNO,  54, 145N, 1014W,  18, 1007, XX,  34, NEQ,    0,    0,    0,    0,  -99,  -99,  72,   0,   0, 
EP, 20, 2026100600, 03, AVNO,  60, 148N, 1022W,  21, 1005, XX,  34, NEQ,    0,    0,    0,    0, 1009,  569, 130,   0,   0, 
EP, 20, 2026100600, 03, AVNO,  66, 148N, 1029W,  21, 1006, XX,  34, NEQ,    0,    0,    0,    0,  -99,  -99, 152,   0,   0, 
EP, 20, 2026100600, 03, AVNO,  72, 144N, 1036W,  24, 1004, XX,  34, NEQ,    0,    0,    0,    0,  -99,  -99, 152,   0,   0, 
EP, 20, 2026100600, 03, AVNO,  78, 136N, 1033W,  31, 1006, XX,  34, NEQ,    0,    0,    0,    0,  -99,  -99,  73,   0,   0, 
EP, 20, 2026100600, 03, AVNO,  84, 136N, 1039W,  29,  997, XX,  34, NEQ,    0,    0,    0,    0, 1005,  101,  22,   0,   0, 
EP, 20, 2026100600, 03, AVNO,  90, 141N, 1038W,  33, 1002, XX,  34, NEQ,    0,    0,    0,    0, 1006,   79,  49,   0,   0, 
EP, 20, 2026100600, 03, AVNO,  96, 148N, 1040W,  35,  999, XX,  34, NEQ,  140,    0,    0,    0, 1003,   72, 139,   0,   0, 
EP, 20, 2026100600, 03, AVNO, 102, 154N, 1043W,  37,  999, XX,  34, NEQ,    0,  118,  137,    0, 1003,   44, 107,   0,   0, 
EP, 20, 2026100600, 03, AVNO, 108, 159N, 1049W,  39,  992, XX,  34, NEQ,  107,  121,    0,   79, 1000,   41, 109,   0,   0, 
EP, 20, 2026100600, 03, AVNO, 114, 157N, 1048W,  51,  995, XX,  34, NEQ,  162,   94,   75,  124,  999,   25,  44,   0,   0, 
EP, 20, 2026100600, 03, AVNO, 114, 157N, 1048W,  51,  995, XX,  50, NEQ,    0,   44,    0,    0,  999,   25,  44,   0,   0, 
EP, 20, 2026100600, 03, AVNO, 120, 169N, 1054W,  51,  991, XX,  34, NEQ,  126,   92,   64,   83, 1003,   83,  38,   0,   0, 
EP, 20, 2026100600, 03, AVNO, 120, 169N, 1054W,  51,  991, XX,  50, NEQ,    0,   38,    0,    0, 1003,   83,  38,   0,   0, 
EP, 20, 2026100600, 03, AVNO, 126, 175N, 1055W,  50,  990, XX,  34, NEQ,  111,   75,   68,   66, 1002,   56,  54,   0,   0, 
EP, 20, 2026100600, 03, AVNO, 132, 180N, 1058W,  62,  985, XX,  34, NEQ,   74,   65,   68,   62, 1005,  120,  31,   0,   0, 
EP, 20, 2026100600, 03, AVNO, 132, 180N, 1058W,  62,  985, XX,  50, NEQ,   42,   39,   36,   31, 1005,  120,  31,   0,   0, 
EP, 20, 2026100600, 03, AVNO, 138, 189N, 1058W,  59,  987, XX,  34, NEQ,   60,   72,   63,   54, 1003,   55,  30,   0,   0, 
EP, 20, 2026100600, 03, AVNO, 138, 189N, 1058W,  59,  987, XX,  50, NEQ,   33,   43,   27,    0, 1003,   55,  30,   0,   0, 
EP, 20, 2026100600, 03, AVNO, 144, 203N, 1059W,  50,  989, XX,  34, NEQ,   19,   47,   46,   27, 1001,   43,  27,   0,   0, 
EP, 20, 2026100600, 03, AVNO, 144, 203N, 1059W,  50,  989, XX,  50, NEQ,    0,   28,    0,    0, 1001,   43,  27,   0,   0, 
EP, 20, 2026100600, 03, AVNO, 150, 215N, 1059W,  44,  997, XX,  34, NEQ,   26,   28,   26,    0, 1005,   23,  22,   0,   0, 
EP, 20, 2026100600, 03, AVNO, 156, 228N, 1056W,  20, 1006, XX,  34, NEQ,    0,    0,    0,    0,  -99,  -99, 104,   0,   0, 
EP, 20, 2026100600, 03, AVNO, 162, 246N, 1040W,  19, 1006, XX,  34, NEQ,    0,    0,    0,    0,  -99,  -99,  38,   0,   0, 
EP, 20, 2026100600, 03, AVNO, 168, 264N, 1038W,  21, 1005, XX,  34, NEQ,    0,    0,    0,    0,  -99,  -99, 151,   0,   0, 
EP, 20, 2026100600, 03, AVNO, 174, 292N, 1045W,  24, 1007, XX,  34, NEQ,    0,    0,    0,    0,  -99,  -99, 133,   0,   0, 
EP, 20, 2026100600, 03, AVNO, 180, 329N, 1047W,  23, 1006, XX,  34, NEQ,    0,    0,    0,    0,  -99,  -99, 122,   0,   0, 
EP, 20, 2026100600, 03, AVNO, 186, 379N, 1043W,  27,  996, XX,  34, NEQ,    0,    0,    0,    0,  -99,  -99,  66,   0,   0, 
EP, 20, 2026100600, 03, AVNO, 192, 410N, 1046W,  24,  988, XX,  34, NEQ,    0,    0,    0,    0, 1004,  522, 106,   0,   0, 
EP, 20, 2026100600, 03, AVNO, 198, 424N, 1036W,  29,  996, XX,  34, NEQ,    0,    0,    0,    0,  -99,  -99,  83,   0,   0, 
EP, 20, 2026100600, 03, AVNO, 204, 421N, 1021W,  33,  993, XX,  34, NEQ,    0,    0,    0,    0, 1005,  330, 158,   0,   0, 
EP, 20, 2026100600, 03, AVNO, 210, 416N, 1015W,  33,  991, XX,  34, NEQ,    0,    0,    0,    0,  999,  150, 157,   0,   0, 
EP, 20, 2026100600, 03, AVNO, 216, 414N,  994W,  30,  993, XX,  34, NEQ,    0,    0,    0,    0,  -99,  -99,  92,   0,   0, 
EP, 20, 2026100600, 03, AVNO, 222, 417N,  966W,  26,  996, XX,  34, NEQ,    0,    0,    0,    0, 1004,  427, 156,   0,   0, 
EP, 20, 2026100600, 03, AVNO, 228, 427N,  930W,  19,  997, XX,  34, NEQ,    0,    0,    0,    0,  -99,  -99, 155,   0,   0, 
EP, 20, 2026100600, 03, AVNO, 234, 438N,  892W,  31,  997, XX,  34, NEQ,    0,    0,    0,    0,  -99,  -99, 121,   0,   0, 
EP, 20, 2026100600, 03, AVNO, 240, 466N,  854W,  25,  996, XX,  34, NEQ,    0,    0,    0,    0,  -99,  -99,  64,   0,   0, 
EP, 20, 2026100600, 03, HCCA,   0, 126N,  970W,  25,    0,   ,   0,    ,    0,    0,    0,    0, 
EP, 20, 2026100600, 03, HCCA,  12, 123N,  981W,  27,    0,   ,   0,    ,    0,    0,    0,    0, 
EP, 20, 2026100600, 03, HCCA,  24, 128N,  989W,  29,    0,   ,   0,    ,    0,    0,    0,    0, 
EP, 20, 2026100600, 03, HCCA,  36, 138N,  999W,  34,    0,   ,   0,    ,    0,    0,    0,    0, 
EP, 20, 2026100600, 03, HCCA,  48, 145N, 1012W,  37,    0,   ,   0,    ,    0,    0,    0,    0, 
EP, 20, 2026100600, 03, HCCA,  60, 149N, 1023W,  39,    0,   ,   0,    ,    0,    0,    0,    0, 
EP, 20, 2026100600, 03, HCCA,  72, 152N, 1030W,  41,    0,   ,   0,    ,    0,    0,    0,    0, 
EP, 20, 2026100600, 03, HCCA,  84, 158N, 1037W,  45,    0,   ,   0,    ,    0,    0,    0,    0, 
EP, 20, 2026100600, 03, HCCA,  96, 166N, 1043W,  52,    0,   ,   0,    ,    0,    0,    0,    0, 
EP, 20, 2026100600, 03, HCCA, 108, 176N, 1049W,  63,    0,   ,   0,    ,    0,    0,    0,    0, 
EP, 20, 2026100600, 03, HCCA, 120, 185N, 1054W,  52,    0,   ,   0,    ,    0,    0,    0,    0, 
EP, 20, 2026100600, 03, HCCA, 132, 195N, 1057W,  53,    0,   ,   0,    ,    0,    0,    0,    0, 
EP, 20, 2026100600, 03, HCCA, 144, 205N, 1060W,  51,    0,   ,   0,    ,    0,    0,    0,    0, 
EP, 20, 2026100600, 03, HCCA, 156, 214N, 1062W,  45,    0,   ,   0,    ,    0,    0,    0,    0, 
EP, 20, 2026100600, 03, HCCA, 168, 223N, 1060W,  40,    0,   ,   0,    ,    0,    0,    0,    0, 
EP, 20, 2026100600, 03, HFSA,   0, 129N,  966W,  25, 1008, XX,  34, NEQ,    0,    0,    0,    0,  -99,  -99,  82,   0,   0,    ,   0,    , 288,   5,           ,  ,  0,    ,    0,    0,    0,    0, THERMO PARAMS, -1, -233, -287, N, 10, DT, -999, SHR82, -99, 
EP, 20, 2026100600, 03, HFSA,   6, 127N,  977W,  22, 1008, XX,  34, NEQ,    0,    0,    0,    0,  -99,  -99, 162,   0,   0,    ,   0,    , 280,   5,           ,  ,  0,    ,    0,    0,    0,    0, THERMO PARAMS, -15, 415, -39, N, 10, DT, -999, SHR82, -99, 
EP, 20, 2026100600, 03, HFSA,  12, 133N,  982W,  31, 1006, XX,  34, NEQ,    0,    0,    0,    0,  -99,  -99, 132,   0,   0,    ,   0,    , 278,   4,           ,  ,  0,    ,    0,    0,    0,    0, THERMO PARAMS, -14, -104, 68, N, 10, DT, -999, SHR82, -99, 
EP, 20, 2026100600, 03, HFSA,  18, 138N,  986W,  34, 1002, XX,  34, NEQ,    0,    0,    0,    0,  -99,  -99,  66,   0,   0,    ,   0,    , 316,   5,           ,  ,  0,    ,    0,    0,    0,    0, THERMO PARAMS, 33, -127, 273, N, 10, DT, -999, SHR82, -99, 
EP, 20, 2026100600, 03, HFSA,  24, 143N,  990W,  32,  998, XX,  34, NEQ,    0,    0,    0,    0, 1002,    5,  53,   0,   0,    ,   0,    , 317,   8,           ,  ,  0,    ,    0,    0,    0,    0, THERMO PARAMS, -2, 255, 247, N, 10, DT, -999, SHR82, -99, 
EP, 20, 2026100600, 03, HFSA,  30, 147N,  995W,  38, 1001, XX,  34, NEQ,    0,    0,    0,    0, 1005,    7,  62,   0,   0,    ,   0,    , 312,   7,           ,  ,  0,    ,    0,    0,    0,    0, THERMO PARAMS, -10, 15, 51, N, 10, DT, -999, SHR82, -99, 
EP, 20, 2026100600, 03, HFSA,  36, 152N, 1001W,  34,  999, XX,  34, NEQ,    0,    0,    0,    0, 1003,    5,  46,   0,   0,    ,   0,    , 313,   5,           ,  ,  0,    ,    0,    0,    0,    0, THERMO PARAMS, 4, 505, 149, N, 10, DT, -999, SHR82, -99, 
EP, 20, 2026100600, 03, HFSA,  42, 153N, 1012W,  35,  999, XX,  34, NEQ,    0,    0,    0,    0, 1003,    4,  55,   0,   0,    ,   0,    , 274,   8,           ,  ,  0,    ,    0,    0,    0,    0, THERMO PARAMS, 96, 338, 71, N, 10, DT, -999, SHR82, -99, 
EP, 20, 2026100600, 03, HFSA,  48, 153N, 1022W,  32, 1000, XX,  34, NEQ,    0,    0,    0,    0,  -99,  -99, 141,   0,   0,    ,   0,    , 267,   4,           ,  ,  0,    ,    0,    0,    0,    0, THERMO PARAMS, 64, -322, 420, N, 10, DT, -999, SHR82, -99, 
EP, 20, 2026100600, 03, HFSA,  54, 150N, 1031W,  33,  998, XX,  34, NEQ,    0,    0,    0,    0, 1002,   15,  48,   0,   0,    ,   0,    , 240,   7,           ,  ,  0,    ,    0,    0,    0,    0, THERMO PARAMS, 79, -59, 240, N, 10, DT, -999, SHR82, -99, 
EP, 20, 2026100600, 03, HFSA,  60, 144N, 1033W,  40,  998, XX,  34, NEQ,    0,   11,   34,    0, 1002,   46,  33,   0,   0,    ,   0,    , 171,   3,           ,  ,  0,    ,    0,    0,    0,    0, THERMO PARAMS, -16, 163, 286, N, 10, DT, -999, SHR82, -99, 
EP, 20, 2026100600, 03, HFSA,  66, 146N, 1033W,  42,  997, XX,  34, NEQ,   36,   57,   52,    0, 1001,   21,  27,   0,   0,    ,   0,    ,  29,   3,           ,  ,  0,    ,    0,    0,    0,    0, THERMO PARAMS, -28, 403, 220, N, 10, DT, -999, SHR82, -99, 
EP, 20, 2026100600, 03, HFSA,  72, 149N, 1034W,  39,  995, XX,  34, NEQ,   29,   86,   86,    0,  999,   28,  84,   0,   0,    ,   0,    ,  23,   3,           ,  ,  0,    ,    0,    0,    0,    0, THERMO PARAMS, 34, 357, 470, N, 10, DT, -999, SHR82, -99, 
EP, 20, 2026100600, 03, HFSA,  78, 152N, 1037W,  49,  993, XX,  34, NEQ,   40,   81,  133,    0,  997,   23,  27,   0,   0,    ,   0,    , 334,   2,           ,  ,  0,    ,    0,    0,    0,    0, THERMO PARAMS, 58, -95, 512, N, 10, DT, -999, SHR82, -99, 
EP, 20, 2026100600, 03, HFSA,  84, 155N, 1041W,  50,  991, XX,  34, NEQ,   40,   86,  100,    0,  995,   13,  34,   0,   0,    ,   0,    , 338,   3,           ,  ,  0,    ,    0,    0,    0,    0, THERMO PARAMS, 38, 485, 908, N, 10, DT, -999, SHR82, -99, 
EP, 20, 2026100600, 03, HFSA,  90, 159N, 1046W,  43,  990, XX,  34, NEQ,  154,  113,  139,  146,  994,   13,  48,   0,   0,    ,   0,    , 327,   5,           ,  ,  0,    ,    0,    0,    0,    0, THERMO PARAMS, 23, 817, 643, N, 10, DT, -999, SHR82, -99, 
EP, 20, 2026100600, 03, HFSA,  96, 161N, 1053W,  48,  982, XX,  34, NEQ,  163,  107,   79,  133,  994,   29,  21,   0,   0,    ,   0,    , 290,   3,           ,  ,  0,    ,    0,    0,    0,    0, THERMO PARAMS, 65, 1081, 777, N, 10, DT, -999, SHR82, -99, 
EP, 20, 2026100600, 03, HFSA, 102, 164N, 1055W,  51,  979, XX,  34, NEQ,  162,  115,  121,  125,  995,   33,  12,   0,   0,    ,   0,    , 340,   5,           ,  ,  0,    ,    0,    0,    0,    0, THERMO PARAMS, -61, 1832, 1371, N, 10, DT, -999, SHR82, -99, 
EP, 20, 2026100600, 03, HFSA, 102, 164N, 1055W,  51,  979, XX,  50, NEQ,   11,    0,    0,    0,  995,   33,  12,   0,   0,    ,   0,    , 340,   5,           ,  ,  0,    ,    0,    0,    0,    0, THERMO PARAMS, -61, 1832, 1371, N, 10, DT, -999, SHR82, -99, 
EP, 20, 2026100600, 03, HFSA, 108, 166N, 1059W,  66,  973, XX,  34, NEQ,  180,  141,  100,  133,  989,   27,  15,   0,   0,    ,   0,    , 358,   2,           ,  ,  0,    ,    0,    0,    0,    0, THERMO PARAMS, -43, 1943, 1522, N, 10, DT, -999, SHR82, -99, 
EP, 20, 2026100600, 03, HFSA, 108, 166N, 1059W,  66,  973, XX,  50, NEQ,   31,   52,   49,   15,  989,   27,  15,   0,   0,    ,   0,    , 358,   2,           ,  ,  0,    ,    0,    0,    0,    0, THERMO PARAMS, -43, 1943, 1522, N, 10, DT, -999, SHR82, -99, 
EP, 20, 2026100600, 03, HFSA, 108, 166N, 1059W,  66,  973, XX,  64, NEQ,    0,    0,   16,    0,  989,   27,  15,   0,   0,    ,   0,    , 358,   2,           ,  ,  0,    ,    0,    0,    0,    0, THERMO PARAMS, -43, 1943, 1522, N, 10, DT, -999, SHR82, -99, 
EP, 20, 2026100600, 03, HFSA, 114, 169N, 1060W,  67,  966, XX,  34, NEQ,  167,  125,  112,  131,  990,   34,  17,   0,   0,    ,   0,    ,   8,   5,           ,  ,  0,    ,    0,    0,    0,    0, THERMO PARAMS, -31, 1919, 1820, N, 10, DT, -999, SHR82, -99, 
EP, 20, 2026100600, 03, HFSA, 114, 169N, 1060W,  67,  966, XX,  50, NEQ,   70,   63,   44,   42,  990,   34,  17,   0,   0,    ,   0,    ,   8,   5,           ,  ,  0,    ,    0,    0,    0,    0, THERMO PARAMS, -31, 1919, 1820, N, 10, DT, -999, SHR82, -99, 
EP, 20, 2026100600, 03, HFSA, 114, 169N, 1060W,  67,  966, XX,  64, NEQ,    0,    0,    0,   19,  990,   34,  17,   0,   0,    ,   0,    ,   8,   5,           ,  ,  0,    ,    0,    0,    0,    0, THERMO PARAMS, -31, 1919, 1820, N, 10, DT, -999, SHR82, -99, 
EP, 20, 2026100600, 03, HFSA, 120, 175N, 1060W,  85,  961, XX,  34, NEQ,  141,  130,  102,  113,  973,   14,  22,   0,   0,    ,   0,    ,  14,   7,           ,  ,  0,    ,    0,    0,    0,    0, THERMO PARAMS, -67, 1934, 2147, N, 10, DT, -999, SHR82, -99, 
EP, 20, 2026100600, 03, HFSA, 120, 175N, 1060W,  85,  961, XX,  50, NEQ,   66,   60,   58,   57,  973,   14,  22,   0,   0,    ,   0,    ,  14,   7,           ,  ,  0,    ,    0,    0,    0,    0, THERMO PARAMS, -67, 1934, 2147, N, 10, DT, -999, SHR82, -99, 
EP, 20, 2026100600, 03, HFSA, 120, 175N, 1060W,  85,  961, XX,  64, NEQ,   42,   39,   31,   39,  973,   14,  22,   0,   0,    ,   0,    ,  14,   7,           ,  ,  0,    ,    0,    0,    0,    0, THERMO PARAMS, -67, 1934, 2147, N, 10, DT, -999, SHR82, -99, 
EP, 20, 2026100600, 03, HFSA, 126, 181N, 1061W,  93,  960, XX,  34, NEQ,  147,  134,   96,   92,  996,   53,  24,   0,   0,    ,   0,    , -99, -99,           ,  ,  0,    ,    0,    0,    0,    0, THERMO PARAMS, -53, 1944, 2461, N, 10, DT, -999, SHR82, -99, 
EP, 20, 2026100600, 03, HFSA, 126, 181N, 1061W,  93,  960, XX,  50, NEQ,   81,   57,   53,   57,  996,   53,  24,   0,   0,    ,   0,    , -99, -99,           ,  ,  0,    ,    0,    0,    0,    0, THERMO PARAMS, -53, 1944, 2461, N, 10, DT, -999, SHR82, -99, 
EP, 20, 2026100600, 03, HFSA, 126, 181N, 1061W,  93,  960, XX,  64, NEQ,   39,   39,   37,   40,  996,   53,  24,   0,   0,    ,   0,    , -99, -99,           ,  ,  0,    ,    0,    0,    0,    0, THERMO PARAMS, -53, 1944, 2461, N, 10, DT, -999, SHR82, -99, 
EP, 20, 2026100600, 03, TVCN,   0, 126N,  970W,   0,    0,   ,   0,    ,    0,    0,    0,    0, 
EP, 20, 2026100600, 03, TVCN,  12, 127N,  979W,   0,    0,   ,   0,    ,    0,    0,    0,    0, 
EP, 20, 2026100600, 03, TVCN,  24, 130N,  986W,   0,    0,   ,   0,    ,    0,    0,    0,    0, 
EP, 20, 2026100600, 03, TVCN,  36, 134N,  994W,   0,    0,   ,   0,    ,    0,    0,    0,    0, 
EP, 20, 2026100600, 03, TVCN,  48, 142N, 1012W,   0,    0,   ,   0,    ,    0,    0,    0,    0, 
EP, 20, 2026100600, 03, TVCN,  60, 146N, 1022W,   0,    0,   ,   0,    ,    0,    0,    0,    0, 
EP, 20, 2026100600, 03, TVCN,  72, 151N, 1030W,   0,    0,   ,   0,    ,    0,    0,    0,    0, 
EP, 20, 2026100600, 03, TVCN,  84, 158N, 1036W,   0,    0,   ,   0,    ,    0,    0,    0,    0, 
EP, 20, 2026100600, 03, TVCN,  96, 167N, 1044W,   0,    0,   ,   0,    ,    0,    0,    0,    0, 
EP, 20, 2026100600, 03, TVCN, 108, 176N, 1052W,   0,    0,   ,   0,    ,    0,    0,    0,    0, 
EP, 20, 2026100600, 03, TVCN, 120, 187N, 1058W,   0,    0,   ,   0,    ,    0,    0,    0,    0, 
EP, 20, 2026100600, 03, TVCN, 132, 199N, 1063W,   0,    0,   ,   0,    ,    0,    0,    0,    0, 
EP, 20, 2026100600, 03, TVCN, 144, 197N, 1067W,   0,    0,   ,   0,    ,    0,    0,    0,    0, 
EP, 20, 2026100600, 03, TVCN, 156, 210N, 1070W,   0,    0,   ,   0,    ,    0,    0,    0,    0, 
EP, 20, 2026100600, 03, TVCN, 168, 224N, 1071W,   0,    0,   ,   0,    ,    0,    0,    0,    0, 
EP, 20, 2026100606, 03, AVNO,   0, 126N,  978W,  17, 1008, XX,  34, NEQ,    0,    0,    0,    0,  -99,  -99, 162,   0,   0, 
EP, 20, 2026100606, 03, AVNO,   6, 123N,  982W,  19, 1006, XX,  34, NEQ,    0,    0,    0,    0,  -99,  -99, 159,   0,   0, 
EP, 20, 2026100606, 03, AVNO,  12, 121N,  984W,  19, 1007, XX,  34, NEQ,    0,    0,    0,    0,  -99,  -99, 125,   0,   0, 
EP, 20, 2026100606, 03, AVNO,  18, 120N,  983W,  21, 1004, XX,  34, NEQ,    0,    0,    0,    0,  -99,  -99,  34,   0,   0, 
EP, 20, 2026100606, 03, AVNO,  24, 127N,  988W,  22, 1006, XX,  34, NEQ,    0,    0,    0,    0,  -99,  -99,  65,   0,   0, 
EP, 20, 2026100606, 03, AVNO,  30, 133N,  994W,  20, 1005, XX,  34, NEQ,    0,    0,    0,    0,  -99,  -99,  90,   0,   0, 
EP, 20, 2026100606, 03, AVNO,  36, 137N, 1002W,  21, 1006, XX,  34, NEQ,    0,    0,    0,    0,  -99,  -99,  95,   0,   0, 
EP, 20, 2026100606, 03, AVNO,  42, 140N, 1011W,  21, 1003, XX,  34, NEQ,    0,    0,    0,    0,  -99,  -99, 106,   0,   0, 
EP, 20, 2026100606, 03, AVNO,  48, 142N, 1020W,  22, 1005, XX,  34, NEQ,    0,    0,    0,    0, 1009,  683, 148,   0,   0, 
EP, 20, 2026100606, 03, AVNO,  54, 140N, 1028W,  27, 1002, XX,  34, NEQ,    0,    0,    0,    0, 1006,  132, 136,   0,   0, 
EP, 20, 2026100606, 03, AVNO,  60, 137N, 1035W,  32, 1002, XX,  34, NEQ,    0,    0,    0,    0,  -99,  -99,  29,   0,   0, 
EP, 20, 2026100606, 03, AVNO,  66, 140N, 1035W,  36,  999, XX,  34, NEQ,    0,    0,   99,    0, 1003,   71,  98,   0,   0, 
EP, 20, 2026100606, 03, AVNO,  72, 141N, 1041W,  42, 1000, XX,  34, NEQ,   56,   81,  116,    0, 1008,  884,  93,   0,   0, 
EP, 20, 2026100606, 03, AVNO,  78, 141N, 1041W,  49,  995, XX,  34, NEQ,   52,   97,  108,    0, 1003,   91,  56,   0,   0, 
EP, 20, 2026100606, 03, AVNO,  84, 148N, 1038W,  44,  995, XX,  34, NEQ,   55,   96,  158,   43, 1003,   55,  53,   0,   0, 
EP, 20, 2026100606, 03, AVNO,  90, 155N, 1040W,  39,  993, XX,  34, NEQ,   60,  105,  187,   47, 1001,   56, 113,   0,   0, 
EP, 20, 2026100606, 03, AVNO,  96, 159N, 1048W,  40,  994, XX,  34, NEQ,  126,  117,  136,  117, 1002,   60,  56,   0,   0, 
EP, 20, 2026100606, 03, AVNO, 102, 159N, 1052W,  47,  990, XX,  34, NEQ,   78,  162,  115,   73, 1002,   75,  34,   0,   0, 
EP, 20, 2026100606, 03, AVNO, 108, 162N, 1053W,  56,  988, XX,  34, NEQ,  132,  122,   88,  108, 1004,   77,  34,   0,   0, 
EP, 20, 2026100606, 03, AVNO, 108, 162N, 1053W,  56,  988, XX,  50, NEQ,   51,   39,   49,    0, 1004,   77,  34,   0,   0, 
EP, 20, 2026100606, 03, AVNO, 114, 168N, 1057W,  61,  983, XX,  34, NEQ,  133,   88,   85,  105, 1003,   81,  32,   0,   0, 
EP, 20, 2026100606, 03, AVNO, 114, 168N, 1057W,  61,  983, XX,  50, NEQ,   49,   47,   46,    0, 1003,   81,  32,   0,   0, 
EP, 20, 2026100606, 03, AVNO, 120, 172N, 1060W,  59,  981, XX,  34, NEQ,  127,   90,   94,   82, 1005,   89,  34,   0,   0, 
EP, 20, 2026100606, 03, AVNO, 120, 172N, 1060W,  59,  981, XX,  50, NEQ,   55,   52,   49,   53, 1005,   89,  34,   0,   0, 
EP, 20, 2026100606, 03, AVNO, 126, 178N, 1062W,  66,  979, XX,  34, NEQ,   96,   92,   91,   87, 1003,   77,  33,   0,   0, 
EP, 20, 2026100606, 03, AVNO, 126, 178N, 1062W,  66,  979, XX,  50, NEQ,   55,   51,   60,   51, 1003,   77,  33,   0,   0, 
EP, 20, 2026100606, 03, AVNO, 126, 178N, 1062W,  66,  979, XX,  64, NEQ,   32,   34,   31,    0, 1003,   77,  33,   0,   0, 
EP, 20, 2026100606, 03, AVNO, 132, 185N, 1066W,  76,  979, XX,  34, NEQ,  107,   95,   90,   71, 1007,   84,  22,   0,   0, 
EP, 20, 2026100606, 03, AVNO, 132, 185N, 1066W,  76,  979, XX,  50, NEQ,   57,   60,   60,   48, 1007,   84,  22,   0,   0, 
EP, 20, 2026100606, 03, AVNO, 132, 185N, 1066W,  76,  979, XX,  64, NEQ,   36,   37,    0,    0, 1007,   84,  22,   0,   0, 
EP, 20, 2026100606, 03, AVNO, 138, 193N, 1069W,  66,  980, XX,  34, NEQ,   83,   82,   75,   65, 1004,   64,  29,   0,   0, 
EP, 20, 2026100606, 03, AVNO, 138, 193N, 1069W,  66,  980, XX,  50, NEQ,   56,   50,   50,   41, 1004,   64,  29,   0,   0, 
EP, 20, 2026100606, 03, AVNO, 138, 193N, 1069W,  66,  980, XX,  64, NEQ,    0,   32,    0,    0, 1004,   64,  29,   0,   0, 
EP, 20, 2026100606, 03, AVNO, 144, 201N, 1072W,  60,  985, XX,  34, NEQ,   84,   83,   58,   58, 1005,   55,  28,   0,   0, 
EP, 20, 2026100606, 03, AVNO, 144, 201N, 1072W,  60,  985, XX,  50, NEQ,   48,   41,   38,   41, 1005,   55,  28,   0,   0, 
EP, 20, 2026100606, 03, AVNO, 150, 207N, 1075W,  61,  986, XX,  34, NEQ,   84,   71,   60,   52, 1006,   58,  19,   0,   0, 
EP, 20, 2026100606, 03, AVNO, 150, 207N, 1075W,  61,  986, XX,  50, NEQ,   40,   35,   36,   31, 1006,   58,  19,   0,   0, 
EP, 20, 2026100606, 03, AVNO, 156, 215N, 1074W,  55,  991, XX,  34, NEQ,   67,   64,   51,   45, 1007,   41,  24,   0,   0, 
EP, 20, 2026100606, 03, AVNO, 156, 215N, 1074W,  55,  991, XX,  50, NEQ,   31,   35,    0,    0, 1007,   41,  24,   0,   0, 
EP, 20, 2026100606, 03, AVNO, 162, 223N, 1073W,  48,  992, XX,  34, NEQ,   61,   48,   45,   39, 1004,   35,  30,   0,   0, 
EP, 20, 2026100606, 03, AVNO, 168, 229N, 1073W,  51,  996, XX,  34, NEQ,   48,   44,   40,   41, 1008,   49,  23,   0,   0, 
EP, 20, 2026100606, 03, AVNO, 168, 229N, 1073W,  51,  996, XX,  50, NEQ,   26,    0,    0,    0, 1008,   49,  23,   0,   0, 
EP, 20, 2026100606, 03, AVNO, 174, 234N, 1077W,  54,  994, XX,  34, NEQ,   44,   34,   26,   38, 1010,  848,  15,   0,   0, 
EP, 20, 2026100606, 03, AVNO, 174, 234N, 1077W,  54,  994, XX,  50, NEQ,    0,   17,    0,    0, 1010,  848,  15,   0,   0, 
EP, 20, 2026100606, 03, AVNO, 180, 241N, 1081W,  44,  999, XX,  34, NEQ,   34,   34,   24,   28, 1007,   26,  24,   0,   0, 
EP, 20, 2026100606, 03, AVNO, 186, 249N, 1084W,  33, 1001, XX,  34, NEQ,    0,    0,    0,    0, 1005,   16,  13,   0,   0, 
EP, 20, 2026100606, 03, AVNO, 192, 256N, 1091W,  23, 1007, XX,  34, NEQ,    0,    0,    0,    0,  -99,  -99,  32,   0,   0, 
EP, 20, 2026100606, 03, AVNO, 198, 264N, 1097W,  21, 1007, XX,  34, NEQ,    0,    0,    0,    0,  -99,  -99,  26,   0,   0, 
EP, 20, 2026100606, 03, AVNO, 204, 270N, 1100W,  16, 1011, XX,  34, NEQ,    0,    0,    0,    0,  -99,  -99,  33,   0,   0, 
EP, 20, 2026100606, 03, HCCA,   0, 126N,  977W,  25,    0,   ,   0,    ,    0,    0,    0,    0, 
EP, 20, 2026100606, 03, HCCA,  12, 128N,  990W,  31,    0,   ,   0,    ,    0,    0,    0,    0, 
EP, 20, 2026100606, 03, HCCA,  24, 136N, 1003W,  35,    0,   ,   0,    ,    0,    0,    0,    0, 
EP, 20, 2026100606, 03, HCCA,  36, 144N, 1017W,  38,    0,   ,   0,    ,    0,    0,    0,    0, 
EP, 20, 2026100606, 03, HCCA,  48, 148N, 1030W,  40,    0,   ,   0,    ,    0,    0,    0,    0, 
EP, 20, 2026100606, 03, HCCA,  60, 150N, 1037W,  40,    0,   ,   0,    ,    0,    0,    0,    0, 
EP, 20, 2026100606, 03, HCCA,  72, 152N, 1043W,  44,    0,   ,   0,    ,    0,    0,    0,    0, 
EP, 20, 2026100606, 03, HCCA,  84, 158N, 1046W,  47,    0,   ,   0,    ,    0,    0,    0,    0, 
EP, 20, 2026100606, 03, HCCA,  96, 167N, 1050W,  57,    0,   ,   0,    ,    0,    0,    0,    0, 
EP, 20, 2026100606, 03, HCCA, 108, 177N, 1052W,  64,    0,   ,   0,    ,    0,    0,    0,    0, 
EP, 20, 2026100606, 03, HCCA, 120, 188N, 1056W,  61,    0,   ,   0,    ,    0,    0,    0,    0, 
EP, 20, 2026100606, 03, HCCA, 132, 200N, 1059W,  55,    0,   ,   0,    ,    0,    0,    0,    0, 
EP, 20, 2026100606, 03, HCCA, 144, 215N, 1059W,  50,    0,   ,   0,    ,    0,    0,    0,    0, 
EP, 20, 2026100606, 03, HCCA, 156, 232N, 1054W,  40,    0,   ,   0,    ,    0,    0,    0,    0, 
EP, 20, 2026100606, 03, HCCA, 168, 252N, 1044W,  29,    0,   ,   0,    ,    0,    0,    0,    0, 
EP, 20, 2026100606, 03, HFSA,   0, 124N,  977W,  25, 1009, XX,  34, NEQ,    0,    0,    0,    0,  -99,  -99,  62,   0,   0,    ,   0,    , 283,   5,           ,  ,  0,    ,    0,    0,    0,    0, THERMO PARAMS, -22, -550, -171, N, 10, DT, -999, SHR82, -99, 
EP, 20, 2026100606, 03, HFSA,   6, 128N,  981W,  30, 1006, XX,  34, NEQ,    0,    0,    0,    0,  -99,  -99, 124,   0,   0,    ,   0,    , 301,   4,           ,  ,  0,    ,    0,    0,    0,    0, THERMO PARAMS, 18, 196, -125, N, 10, DT, -999, SHR82, -99, 
EP, 20, 2026100606, 03, HFSA,  12, 127N,  983W,  33, 1006, XX,  34, NEQ,    0,    0,    0,    0,  -99,  -99, 132,   0,   0,    ,   0,    , 274,   3,           ,  ,  0,    ,    0,    0,    0,    0, THERMO PARAMS, -9999, -9999, -9999, N, 10, DT, -999, SHR82, -99, 
EP, 20, 2026100606, 03, HFSA,  18, 134N,  980W,  40, 1000, XX,  34, NEQ,    0,    0,    0,    0, 1004,    6,  36,   0,   0,    ,   0,    ,  25,   5,           ,  ,  0,    ,    0,    0,    0,    0, THERMO PARAMS, -31, -352, 3, N, 10, DT, -999, SHR82, -99, 
EP, 20, 2026100606, 03, HFSA,  24, 136N,  987W,  27, 1007, XX,  34, NEQ,    0,    0,    0,    0,  -99,  -99, 141,   0,   0,    ,   0,    , 317,   5,           ,  ,  0,    ,    0,    0,    0,    0, THERMO PARAMS, -9999, -9999, -9999, N, 10, DT, -999, SHR82, -99, 
EP, 20, 2026100606, 03, HFSA,  30, 141N,  990W,  29, 1001, XX,  34, NEQ,    0,    0,    0,    0,  -99,  -99, 101,   0,   0,    ,   0,    , 317,   4,           ,  ,  0,    ,    0,    0,    0,    0, THERMO PARAMS, -5, 119, 254, N, 10, DT, -999, SHR82, -99, 
EP, 20, 2026100606, 03, HFSA,  36, 143N,  998W,  29, 1003, XX,  34, NEQ,    0,    0,    0,    0, 1007,   39,  66,   0,   0,    ,   0,    , 284,   6,           ,  ,  0,    ,    0,    0,    0,    0, THERMO PARAMS, 82, -309, 176, N, 10, DT, -999, SHR82, -99, 
EP, 20, 2026100606, 03, HFSA,  42, 145N, 1003W,  28, 1003, XX,  34, NEQ,    0,    0,    0,    0,  -99,  -99, 152,   0,   0,    ,   0,    , 306,   2,           ,  ,  0,    ,    0,    0,    0,    0, THERMO PARAMS, -9999, -9999, -9999, N, 10, DT, -999, SHR82, -99, 
EP, 20, 2026100606, 03, HFSA,  48, 148N, 1007W,  31, 1002, XX,  34, NEQ,    0,    0,    0,    0,  -99,  -99, 100,   0,   0,    ,   0,    , 343,   2,           ,  ,  0,    ,    0,    0,    0,    0, THERMO PARAMS, 4, 91, 12, N, 10, DT, -999, SHR82, -99, 
EP, 20, 2026100606, 03, HFSA,  54, 147N, 1009W,  33, 1001, XX,  34, NEQ,    0,    0,    0,    0,  -99,  -99, 118,   0,   0,    ,   0,    , 320,   1,           ,  ,  0,    ,    0,    0,    0,    0, THERMO PARAMS, 70, 73, 69, N, 10, DT, -999, SHR82, -99, 
EP, 20, 2026100606, 03, HFSA,  60, 149N, 1013W,  37, 1000, XX,  34, NEQ,    0,   26,    0,    0,  -99,  -99,  21,   0,   0,    ,   0,    , 345,   4,           ,  ,  0,    ,    0,    0,    0,    0, THERMO PARAMS, 85, 67, 201, N, 10, DT, -999, SHR82, -99, 
EP, 20, 2026100606, 03, HFSA,  66, 154N, 1016W,  36,  998, XX,  34, NEQ,    0,    0,    0,    0, 1002,   43, 113,   0,   0,    ,   0,    , 351,   4,           ,  ,  0,    ,    0,    0,    0,    0, THERMO PARAMS, 61, 75, 349, N, 10, DT, -999, SHR82, -99, 
EP, 20, 2026100606, 03, HFSA,  72, 157N, 1022W,  36,  995, XX,  34, NEQ,   50,    0,    0,    0,  999,    8,  74,   0,   0,    ,   0,    , 291,   5,           ,  ,  0,    ,    0,    0,    0,    0, THERMO PARAMS, 30, 753, 462, N, 10, DT, -999, SHR82, -99, 
EP, 20, 2026100606, 03, HFSA,  78, 154N, 1032W,  41,  991, XX,  34, NEQ,   60,    0,   24,   45,  999,   20,  12,   0,   0,    ,   0,    , 250,   4,           ,  ,  0,    ,    0,    0,    0,    0, THERMO PARAMS, 82, 806, 424, N, 10, DT, -999, SHR82, -99, 
EP, 20, 2026100606, 03, HFSA,  84, 154N, 1036W,  46,  991, XX,  34, NEQ,  170,   47,   47,    0,  999,   19,  24,   0,   0,    ,   0,    , 334,   2,           ,  ,  0,    ,    0,    0,    0,    0, THERMO PARAMS, 47, 821, 644, N, 10, DT, -999, SHR82, -99, 
EP, 20, 2026100606, 03, HFSA,  90, 157N, 1037W,  48,  991, XX,  34, NEQ,  130,   50,   47,   84,  999,   44,  20,   0,   0,    ,   0,    ,  20,   4,           ,  ,  0,    ,    0,    0,    0,    0, THERMO PARAMS, -55, 495, 581, N, 10, DT, -999, SHR82, -99, 
EP, 20, 2026100606, 03, HFSA,  96, 161N, 1041W,  47,  987, XX,  34, NEQ,  176,   86,  102,   74,  991,    9,  14,   0,   0,    ,   0,    , 318,   4,           ,  ,  0,    ,    0,    0,    0,    0, THERMO PARAMS, -27, 996, 905, N, 10, DT, -999, SHR82, -99, 
EP, 20, 2026100606, 03, HFSA, 102, 162N, 1043W,  56,  983, XX,  34, NEQ,  139,   86,   71,  108,  995,   25,  14,   0,   0,    ,   0,    ,  18,   3,           ,  ,  0,    ,    0,    0,    0,    0, THERMO PARAMS, -44, 1277, 1369, N, 10, DT, -999, SHR82, -99, 
EP, 20, 2026100606, 03, HFSA, 102, 162N, 1043W,  56,  983, XX,  50, NEQ,    0,   16,   15,   15,  995,   25,  14,   0,   0,    ,   0,    ,  18,   3,           ,  ,  0,    ,    0,    0,    0,    0, THERMO PARAMS, -44, 1277, 1369, N, 10, DT, -999, SHR82, -99, 
EP, 20, 2026100606, 03, HFSA, 108, 167N, 1043W,  69,  977, XX,  34, NEQ,  157,   71,   81,   87,  997,   33,  13,   0,   0,    ,   0,    ,   9,   7,           ,  ,  0,    ,    0,    0,    0,    0, THERMO PARAMS, -63, 1472, 1441, N, 10, DT, -999, SHR82, -99, 
EP, 20, 2026100606, 03, HFSA, 108, 167N, 1043W,  69,  977, XX,  50, NEQ,   21,   19,    0,   16,  997,   33,  13,   0,   0,    ,   0,    ,   9,   7,           ,  ,  0,    ,    0,    0,    0,    0, THERMO PARAMS, -63, 1472, 1441, N, 10, DT, -999, SHR82, -99, 
EP, 20, 2026100606, 03, HFSA, 108, 167N, 1043W,  69,  977, XX,  64, NEQ,   15,    0,    0,    0,  997,   33,  13,   0,   0,    ,   0,    ,   9,   7,           ,  ,  0,    ,    0,    0,    0,    0, THERMO PARAMS, -63, 1472, 1441, N, 10, DT, -999, SHR82, -99, 
EP, 20, 2026100606, 03, HFSA, 114, 173N, 1045W,  67,  971, XX,  34, NEQ,  107,   83,   65,   76,  999,   52,  11,   0,   0,    ,   0,    ,  23,   6,           ,  ,  0,    ,    0,    0,    0,    0, THERMO PARAMS, -54, 1499, 1671, N, 10, DT, -999, SHR82, -99, 
EP, 20, 2026100606, 03, HFSA, 114, 173N, 1045W,  67,  971, XX,  50, NEQ,   71,   21,    0,   53,  999,   52,  11,   0,   0,    ,   0,    ,  23,   6,           ,  ,  0,    ,    0,    0,    0,    0, THERMO PARAMS, -54, 1499, 1671, N, 10, DT, -999, SHR82, -99, 
EP, 20, 2026100606, 03, HFSA, 114, 173N, 1045W,  67,  971, XX,  64, NEQ,   11,   13,    0,    0,  999,   52,  11,   0,   0,    ,   0,    ,  23,   6,           ,  ,  0,    ,    0,    0,    0,    0, THERMO PARAMS, -54, 1499, 1671, N, 10, DT, -999, SHR82, -99, 
EP, 20, 2026100606, 03, HFSA, 120, 178N, 1047W,  67,  969, XX,  34, NEQ,   76,  157,   92,   73,  997,   35,   9,   0,   0,    ,   0,    ,  10,   6,           ,  ,  0,    ,    0,    0,    0,    0, THERMO PARAMS, -67, 1688, 1647, N, 10, DT, -999, SHR82, -99, 
EP, 20, 2026100606, 03, HFSA, 120, 178N, 1047W,  67,  969, XX,  50, NEQ,   52,   40,   34,   32,  997,   35,   9,   0,   0,    ,   0,    ,  10,   6,           ,  ,  0,    ,    0,    0,    0,    0, THERMO PARAMS, -67, 1688, 1647, N, 10, DT, -999, SHR82, -99, 
EP, 20, 2026100606, 03, HFSA, 120, 178N, 1047W,  67,  969, XX,  64, NEQ,   10,   10,    0,    0,  997,   35,   9,   0,   0,    ,   0,    ,  10,   6,           ,  ,  0,    ,    0,    0,    0,    0, THERMO PARAMS, -67, 1688, 1647, N, 10, DT, -999, SHR82, -99, 
EP, 20, 2026100606, 03, HFSA, 126, 186N, 1048W,  71,  967, XX,  34, NEQ,   60,   68,   97,   50,  999,   41,  13,   0,   0,    ,   0,    , -99, -99,           ,  ,  0,    ,    0,    0,    0,    0, THERMO PARAMS, -88, 1827, 1787, N, 10, DT, -999, SHR82, -99, 
EP, 20, 2026100606, 03, HFSA, 126, 186N, 1048W,  71,  967, XX,  50, NEQ,   37,   39,   28,   24,  999,   41,  13,   0,   0,    ,   0,    , -99, -99,           ,  ,  0,    ,    0,    0,    0,    0, THERMO PARAMS, -88, 1827, 1787, N, 10, DT, -999, SHR82, -99, 
EP, 20, 2026100606, 03, HFSA, 126, 186N, 1048W,  71,  967, XX,  64, NEQ,   19,   11,    0,   16,  999,   41,  13,   0,   0,    ,   0,    , -99, -99,           ,  ,  0,    ,    0,    0,    0,    0, THERMO PARAMS, -88, 1827, 1787, N, 10, DT, -999, SHR82, -99, 
EP, 20, 2026100606, 03, TVCN,   0, 126N,  977W,   0,    0,   ,   0,    ,    0,    0,    0,    0, 
EP, 20, 2026100606, 03, TVCN,  12, 128N,  987W,   0,    0,   ,   0,    ,    0,    0,    0,    0, 
EP, 20, 2026100606, 03, TVCN,  24, 134N,  997W,   0,    0,   ,   0,    ,    0,    0,    0,    0, 
EP, 20, 2026100606, 03, TVCN,  36, 141N, 1010W,   0,    0,   ,   0,    ,    0,    0,    0,    0, 
EP, 20, 2026100606, 03, TVCN,  48, 145N, 1023W,   0,    0,   ,   0,    ,    0,    0,    0,    0, 
EP, 20, 2026100606, 03, TVCN,  60, 147N, 1032W,   0,    0,   ,   0,    ,    0,    0,    0,    0, 
EP, 20, 2026100606, 03, TVCN,  72, 151N, 1038W,   0,    0,   ,   0,    ,    0,    0,    0,    0, 
EP, 20, 2026100606, 03, TVCN,  84, 158N, 1044W,   0,    0,   ,   0,    ,    0,    0,    0,    0, 
EP, 20, 2026100606, 03, TVCN,  96, 166N, 1050W,   0,    0,   ,   0,    ,    0,    0,    0,    0, 
EP, 20, 2026100606, 03, TVCN, 108, 177N, 1056W,   0,    0,   ,   0,    ,    0,    0,    0,    0, 
EP, 20, 2026100606, 03, TVCN, 120, 190N, 1060W,   0,    0,   ,   0,    ,    0,    0,    0,    0, 
EP, 20, 2026100606, 03, TVCN, 132, 192N, 1068W,   0,    0,   ,   0,    ,    0,    0,    0,    0, 
EP, 20, 2026100606, 03, TVCN, 144, 209N, 1071W,   0,    0,   ,   0,    ,    0,    0,    0,    0, 
EP, 20, 2026100606, 03, TVCN, 156, 228N, 1071W,   0,    0,   ,   0,    ,    0,    0,    0,    0, 
EP, 20, 2026100606, 03, TVCN, 168, 248N, 1061W,   0,    0,   ,   0,    ,    0,    0,    0,    0, 
EP, 20, 2026100612, 03,  UKX,   0, 116N,  991W,  21, 1008, XX,  34, NEQ,    0,    0,    0,    0, 
EP, 20, 2026100612, 03,  UKX,   6, 116N,  992W,  22, 1006, XX,  34, NEQ,    0,    0,    0,    0, 
EP, 20, 2026100612, 03,  UKX,  12, 124N, 1003W,  21, 1007, XX,  34, NEQ,    0,    0,    0,    0, 
EP, 20, 2026100612, 03,  UKX,  18, 125N, 1009W,  19, 1005, XX,  34, NEQ,    0,    0,    0,    0, 
EP, 20, 2026100612, 03,  UKX,  24, 130N, 1017W,  21, 1007, XX,  34, NEQ,    0,    0,    0,    0, 
EP, 20, 2026100612, 03,  UKX,  30, 131N, 1029W,  22, 1005, XX,  34, NEQ,    0,    0,    0,    0, 
EP, 20, 2026100612, 03,  UKX,  36, 133N, 1036W,  19, 1005, XX,  34, NEQ,    0,    0,    0,    0, 
EP, 20, 2026100612, 03,  UKX,  42, 139N, 1045W,  20, 1005, XX,  34, NEQ,    0,    0,    0,    0, 
EP, 20, 2026100612, 03,  UKX,  48, 140N, 1051W,  23, 1004, XX,  34, NEQ,    0,    0,    0,    0, 
EP, 20, 2026100612, 03,  UKX,  54, 137N, 1056W,  27, 1005, XX,  34, NEQ,    0,    0,    0,    0, 
EP, 20, 2026100612, 03,  UKX,  60, 143N, 1058W,  28, 1001, XX,  34, NEQ,    0,    0,    0,    0, 
EP, 20, 2026100612, 03,  UKX,  66, 146N, 1065W,  30, 1003, XX,  34, NEQ,    0,    0,    0,    0, 
EP, 20, 2026100612, 03,  UKX,  72, 147N, 1068W,  33, 1000, XX,  34, NEQ,    0,    0,    0,    0, 
EP, 20, 2026100612, 03,  UKX,  78, 155N, 1068W,  33, 1001, XX,  34, NEQ,    0,    0,    0,    0, 
EP, 20, 2026100612, 03,  UKX,  84, 161N, 1074W,  32,  998, XX,  34, NEQ,    0,    0,    0,    0, 
EP, 20, 2026100612, 03,  UKX,  90, 164N, 1078W,  31,  999, XX,  34, NEQ,    0,    0,    0,    0, 
EP, 20, 2026100612, 03,  UKX,  96, 168N, 1079W,  34,  996, XX,  34, NEQ,   72,    0,    0,    0, 
EP, 20, 2026100612, 03,  UKX, 102, 176N, 1080W,  39,  997, XX,  34, NEQ,  121,  108,    0,   72, 
EP, 20, 2026100612, 03,  UKX, 108, 183N, 1079W,  38,  994, XX,  34, NEQ,  135,  107,    0,  102, 
EP, 20, 2026100612, 03,  UKX, 114, 191N, 1076W,  41,  995, XX,  34, NEQ,  132,  150,    0,  115, 
EP, 20, 2026100612, 03,  UKX, 120, 202N, 1071W,  43,  995, XX,  34, NEQ,   81,  116,    0,   79, 
EP, 20, 2026100612, 03,  UKX, 126, 216N, 1062W,  45,  998, XX,  34, NEQ,    0,   71,    0,    0, 
EP, 20, 2026100612, 03,  UKX, 132, 238N, 1048W,  22, 1003, XX,  34, NEQ,    0,    0,    0,    0, 
EP, 20, 2026100612, 03,  UKX, 138, 254N, 1032W,  12, 1007, XX,  34, NEQ,    0,    0,    0,    0, 
EP, 20, 2026100612, 03,  UKX, 144, 266N, 1013W,  10, 1009, XX,  34, NEQ,    0,    0,    0,    0, 
EP, 20, 2026100612, 03, AVNO,   0, 121N,  982W,  19, 1006, XX,  34, NEQ,    0,    0,    0,    0,  -99,  -99, 113,   0,   0, 
EP, 20, 2026100612, 03, AVNO,   6, 120N,  984W,  19, 1007, XX,  34, NEQ,    0,    0,    0,    0,  -99,  -99, 131,   0,   0, 
EP, 20, 2026100612, 03, AVNO,  12, 120N,  983W,  20, 1005, XX,  34, NEQ,    0,    0,    0,    0,  -99,  -99,  72,   0,   0, 
EP, 20, 2026100612, 03, AVNO,  18, 126N,  986W,  21, 1006, XX,  34, NEQ,    0,    0,    0,    0,  -99,  -99,  74,   0,   0, 
EP, 20, 2026100612, 03, AVNO,  24, 134N,  992W,  20, 1005, XX,  34, NEQ,    0,    0,    0,    0,  -99,  -99,  66,   0,   0, 
EP, 20, 2026100612, 03, AVNO,  30, 139N, 1000W,  21, 1006, XX,  34, NEQ,    0,    0,    0,    0,  -99,  -99,  79,   0,   0, 
EP, 20, 2026100612, 03, AVNO,  36, 141N, 1011W,  20, 1004, XX,  34, NEQ,    0,    0,    0,    0,  -99,  -99,  84,   0,   0, 
EP, 20, 2026100612, 03, AVNO,  42, 143N, 1018W,  23, 1005, XX,  34, NEQ,    0,    0,    0,    0, 1009,  725, 159,   0,   0, 
EP, 20, 2026100612, 03, AVNO,  48, 139N, 1021W,  22, 1002, XX,  34, NEQ,    0,    0,    0,    0, 1006,  114, 150,   0,   0, 
EP, 20, 2026100612, 03, AVNO,  54, 138N, 1027W,  26, 1004, XX,  34, NEQ,    0,    0,    0,    0, 1008,  104, 101,   0,   0, 
EP, 20, 2026100612, 03, AVNO,  60, 138N, 1031W,  27, 1002, XX,  34, NEQ,    0,    0,    0,    0, 1006,  118,  54,   0,   0, 
EP, 20, 2026100612, 03, AVNO,  66, 139N, 1032W,  35, 1002, XX,  34, NEQ,    0,   31,    0,    0, 1006,   95,  30,   0,   0, 
EP, 20, 2026100612, 03, AVNO,  72, 142N, 1034W,  42,  999, XX,  34, NEQ,    0,   55,    0,    0, 1003,   88,  54,   0,   0, 
EP, 20, 2026100612, 03, AVNO,  78, 148N, 1036W,  38, 1000, XX,  34, NEQ,    0,   66,  123,  130, 1004,   83,  74,   0,   0, 
EP, 20, 2026100612, 03, AVNO,  84, 152N, 1043W,  40,  996, XX,  34, NEQ,  134,  105,  154,   93, 1000,   49, 133,   0,   0, 
EP, 20, 2026100612, 03, AVNO,  90, 154N, 1046W,  46,  995, XX,  34, NEQ,   73,  105,  119,   66, 1003,   64,  47,   0,   0, 
EP, 20, 2026100612, 03, AVNO,  96, 158N, 1050W,  46,  990, XX,  34, NEQ,  143,  100,  153,  114, 1002,   75,  56,   0,   0, 
EP, 20, 2026100612, 03, AVNO, 102, 162N, 1053W,  51,  988, XX,  34, NEQ,  131,  116,   78,   81, 1004,   81,  50,   0,   0, 
EP, 20, 2026100612, 03, AVNO, 102, 162N, 1053W,  51,  988, XX,  50, NEQ,   50,    0,    0,    0, 1004,   81,  50,   0,   0, 
EP, 20, 2026100612, 03, AVNO, 108, 165N, 1057W,  59,  980, XX,  34, NEQ,  132,  104,   78,   94, 1004,   92,  46,   0,   0, 
EP, 20, 2026100612, 03, AVNO, 108, 165N, 1057W,  59,  980, XX,  50, NEQ,   30,   62,   38,   61, 1004,   92,  46,   0,   0, 
EP, 20, 2026100612, 03, AVNO, 114, 170N, 1058W,  69,  977, XX,  34, NEQ,  140,   91,   81,   82, 1005,   90,  33,   0,   0, 
EP, 20, 2026100612, 03, AVNO, 114, 170N, 1058W,  69,  977, XX,  50, NEQ,   51,   56,   48,   59, 1005,   90,  33,   0,   0, 
EP, 20, 2026100612, 03, AVNO, 114, 170N, 1058W,  69,  977, XX,  64, NEQ,    0,   42,   33,    0, 1005,   90,  33,   0,   0, 
EP, 20, 2026100612, 03, AVNO, 120, 178N, 1060W,  85,  970, XX,  34, NEQ,  132,  103,   84,   79,  986,   30,  23,   0,   0, 
EP, 20, 2026100612, 03, AVNO, 120, 178N, 1060W,  85,  970, XX,  50, NEQ,   54,   56,   58,   57,  986,   30,  23,   0,   0, 
EP, 20, 2026100612, 03, AVNO, 120, 178N, 1060W,  85,  970, XX,  64, NEQ,   40,   36,   37,   22,  986,   30,  23,   0,   0, 
EP, 20, 2026100612, 03, AVNO, 126, 187N, 1063W,  79,  969, XX,  34, NEQ,   80,   88,   87,   84,  989,   30,  22,   0,   0, 
EP, 20, 2026100612, 03, AVNO, 126, 187N, 1063W,  79,  969, XX,  50, NEQ,   55,   56,   53,   49,  989,   30,  22,   0,   0, 
EP, 20, 2026100612, 03, AVNO, 126, 187N, 1063W,  79,  969, XX,  64, NEQ,   34,   38,   35,   25,  989,   30,  22,   0,   0, 
EP, 20, 2026100612, 03, AVNO, 132, 199N, 1066W,  91,  967, XX,  34, NEQ,   61,   78,   73,   79, 1003,   75,  21,   0,   0, 
EP, 20, 2026100612, 03, AVNO, 132, 199N, 1066W,  91,  967, XX,  50, NEQ,   38,   45,   54,   57, 1003,   75,  21,   0,   0, 
EP, 20, 2026100612, 03, AVNO, 132, 199N, 1066W,  91,  967, XX,  64, NEQ,   31,   32,   29,    0, 1003,   75,  21,   0,   0, 
EP, 20, 2026100612, 03, AVNO, 138, 209N, 1068W,  75,  975, XX,  34, NEQ,   60,   70,   57,   43,  995,   30,  17,   0,   0, 
EP, 20, 2026100612, 03, AVNO, 138, 209N, 1068W,  75,  975, XX,  50, NEQ,   43,   49,   33,   28,  995,   30,  17,   0,   0, 
EP, 20, 2026100612, 03, AVNO, 138, 209N, 1068W,  75,  975, XX,  64, NEQ,   32,   33,    0,    0,  995,   30,  17,   0,   0, 
EP, 20, 2026100612, 03, AVNO, 144, 223N, 1069W,  70,  982, XX,  34, NEQ,   57,   78,   46,   40, 1006,   51,  17,   0,   0, 
EP, 20, 2026100612, 03, AVNO, 144, 223N, 1069W,  70,  982, XX,  50, NEQ,   39,   36,   23,   21, 1006,   51,  17,   0,   0, 
EP, 20, 2026100612, 03, AVNO, 144, 223N, 1069W,  70,  982, XX,  64, NEQ,   25,   22,    0,    0, 1006,   51,  17,   0,   0, 
EP, 20, 2026100612, 03, AVNO, 150, 231N, 1070W,  60,  986, XX,  34, NEQ,   36,   48,   37,   35, 1006,   32,  19,   0,   0, 
EP, 20, 2026100612, 03, AVNO, 150, 231N, 1070W,  60,  986, XX,  50, NEQ,   28,   31,   23,   20, 1006,   32,  19,   0,   0, 
EP, 20, 2026100612, 03, AVNO, 156, 240N, 1069W,  24, 1004, XX,  34, NEQ,    0,    0,    0,    0,  -99,  -99,  16,   0,   0, 
EP, 20, 2026100612, 03, HCCA,   0, 128N,  982W,  25,    0,   ,   0,    ,    0,    0,    0,    0, 
EP, 20, 2026100612, 03, HCCA,  12, 132N,  991W,  29,    0,   ,   0,    ,    0,    0,    0,    0, 
EP, 20, 2026100612, 03, HCCA,  24, 140N, 1002W,  34,    0,   ,   0,    ,    0,    0,    0,    0, 
EP, 20, 2026100612, 03, HCCA,  36, 146N, 1018W,  40,    0,   ,   0,    ,    0,    0,    0,    0, 
EP, 20, 2026100612, 03, HCCA,  48, 148N, 1031W,  46,    0,   ,   0,    ,    0,    0,    0,    0, 
EP, 20, 2026100612, 03, HCCA,  60, 149N, 1039W,  51,    0,   ,   0,    ,    0,    0,    0,    0, 
EP, 20, 2026100612, 03, HCCA,  72, 155N, 1044W,  55,    0,   ,   0,    ,    0,    0,    0,    0, 
EP, 20, 2026100612, 03, HCCA,  84, 164N, 1048W,  57,    0,   ,   0,    ,    0,    0,    0,    0, 
EP, 20, 2026100612, 03, HCCA,  96, 172N, 1052W,  64,    0,   ,   0,    ,    0,    0,    0,    0, 
EP, 20, 2026100612, 03, HCCA, 108, 184N, 1056W,  66,    0,   ,   0,    ,    0,    0,    0,    0, 
EP, 20, 2026100612, 03, HCCA, 120, 198N, 1060W,  64,    0,   ,   0,    ,    0,    0,    0,    0, 
EP, 20, 2026100612, 03, HCCA, 132, 214N, 1062W,  60,    0,   ,   0,    ,    0,    0,    0,    0, 
EP, 20, 2026100612, 03, HCCA, 144, 231N, 1062W,  52,    0,   ,   0,    ,    0,    0,    0,    0, 
EP, 20, 2026100612, 03, HCCA, 156, 247N, 1056W,  39,    0,   ,   0,    ,    0,    0,    0,    0, 
EP, 20, 2026100612, 03, HCCA, 168, 257N, 1049W,  33,    0,   ,   0,    ,    0,    0,    0,    0, 
EP, 20, 2026100612, 03, HFSA,   0, 127N,  982W,  26, 1008, XX,  34, NEQ,    0,    0,    0,    0,  -99,  -99, 154,   0,   0,    ,   0,    , 283,   4,           ,  ,  0,    ,    0,    0,    0,    0, THERMO PARAMS, 21, -456, -170, N, 10, DT, -999, SHR82, -99, 
EP, 20, 2026100612, 03, HFSA,   6, 128N,  989W,  30, 1004, XX,  34, NEQ,    0,    0,    0,    0,  -99,  -99, 156,   0,   0,    ,   0,    , 254,   4,           ,  ,  0,    ,    0,    0,    0,    0, THERMO PARAMS, 33, -9999, -9999, N, 10, DT, -999, SHR82, -99, 
EP, 20, 2026100612, 03, HFSA,  12, 130N,  988W,  30, 1001, XX,  34, NEQ,    0,    0,    0,    0,  -99,  -99,  89,   0,   0,    ,   0,    , 335,   5,           ,  ,  0,    ,    0,    0,    0,    0, THERMO PARAMS, 8, 118, 327, N, 10, DT, -999, SHR82, -99, 
EP, 20, 2026100612, 03, HFSA,  18, 134N,  988W,  43, 1000, XX,  34, NEQ,   36,    0,    0,    0, 1004,    3,  35,   0,   0,    ,   0,    ,  12,   3,           ,  ,  0,    ,    0,    0,    0,    0, THERMO PARAMS, -19, -38, 51, N, 10, DT, -999, SHR82, -99, 
EP, 20, 2026100612, 03, HFSA,  24, 138N, 1000W,  35,  998, XX,  34, NEQ,    0,    0,    0,    0, 1002,    4,  58,   0,   0,    ,   0,    , 294,   8,           ,  ,  0,    ,    0,    0,    0,    0, THERMO PARAMS, 4, 418, 186, N, 10, DT, -999, SHR82, -99, 
EP, 20, 2026100612, 03, HFSA,  30, 137N, 1007W,  32,  999, XX,  34, NEQ,    0,    0,    0,    0, 1003,    6,  78,   0,   0,    ,   0,    , 273,   3,           ,  ,  0,    ,    0,    0,    0,    0, THERMO PARAMS, 56, -207, 425, N, 10, DT, -999, SHR82, -99, 
EP, 20, 2026100612, 03, HFSA,  36, 141N, 1012W,  30, 1000, XX,  34, NEQ,    0,    0,    0,    0,  -99,  -99,  85,   0,   0,    ,   0,    , 323,   4,           ,  ,  0,    ,    0,    0,    0,    0, THERMO PARAMS, 89, 195, -62, N, 10, DT, -999, SHR82, -99, 
EP, 20, 2026100612, 03, HFSA,  42, 144N, 1019W,  37,  998, XX,  34, NEQ,    0,    0,    0,    0, 1002,   27, 137,   0,   0,    ,   0,    , 312,   3,           ,  ,  0,    ,    0,    0,    0,    0, THERMO PARAMS, 67, -75, 374, N, 10, DT, -999, SHR82, -99, 
EP, 20, 2026100612, 03, HFSA,  48, 144N, 1026W,  48,  992, XX,  34, NEQ,   19,   16,   66,    0, 1000,   29,  41,   0,   0,    ,   0,    , 281,   3,           ,  ,  0,    ,    0,    0,    0,    0, THERMO PARAMS, 107, 972, 172, N, 10, DT, -999, SHR82, -99, 
EP, 20, 2026100612, 03, HFSA,  54, 146N, 1031W,  53,  995, XX,  34, NEQ,   44,   60,   79,    0,  999,   21,  23,   0,   0,    ,   0,    , 332,   3,           ,  ,  0,    ,    0,    0,    0,    0, THERMO PARAMS, 98, 298, 441, N, 10, DT, -999, SHR82, -99, 
EP, 20, 2026100612, 03, HFSA,  54, 146N, 1031W,  53,  995, XX,  50, NEQ,    0,   23,    0,    0,  999,   21,  23,   0,   0,    ,   0,    , 332,   3,           ,  ,  0,    ,    0,    0,    0,    0, THERMO PARAMS, 98, 298, 441, N, 10, DT, -999, SHR82, -99, 
EP, 20, 2026100612, 03, HFSA,  60, 145N, 1034W,  62,  986, XX,  34, NEQ,   45,   84,   81,   49, 1002,   89,  15,   0,   0,    ,   0,    ,  84,   2,           ,  ,  0,    ,    0,    0,    0,    0, THERMO PARAMS, -3, 684, 641, N, 10, DT, -999, SHR82, -99, 
EP, 20, 2026100612, 03, HFSA,  60, 145N, 1034W,  62,  986, XX,  50, NEQ,    0,   28,   37,    0, 1002,   89,  15,   0,   0,    ,   0,    ,  84,   2,           ,  ,  0,    ,    0,    0,    0,    0, THERMO PARAMS, -3, 684, 641, N, 10, DT, -999, SHR82, -99, 
EP, 20, 2026100612, 03, HFSA,  66, 150N, 1032W,  50,  990, XX,  34, NEQ,   57,   73,  100,   31,  998,   28,  39,   0,   0,    ,   0,    ,  15,   5,           ,  ,  0,    ,    0,    0,    0,    0, THERMO PARAMS, -33, 1122, 480, N, 10, DT, -999, SHR82, -99, 
EP, 20, 2026100612, 03, HFSA,  72, 154N, 1037W,  54,  988, XX,  34, NEQ,   96,   84,  128,   52,  992,   18,  27,   0,   0,    ,   0,    , 319,   4,           ,  ,  0,    ,    0,    0,    0,    0, THERMO PARAMS, 39, 874, 773, N, 10, DT, -999, SHR82, -99, 
EP, 20, 2026100612, 03, HFSA,  72, 154N, 1037W,  54,  988, XX,  50, NEQ,    0,   29,    0,    0,  992,   18,  27,   0,   0,    ,   0,    , 319,   4,           ,  ,  0,    ,    0,    0,    0,    0, THERMO PARAMS, 39, 874, 773, N, 10, DT, -999, SHR82, -99, 
EP, 20, 2026100612, 03, HFSA,  78, 158N, 1043W,  59,  986, XX,  34, NEQ,  147,  130,  144,  113,  998,   40,  19,   0,   0,    ,   0,    , 325,   6,           ,  ,  0,    ,    0,    0,    0,    0, THERMO PARAMS, 34, 599, 967, N, 10, DT, -999, SHR82, -99, 
EP, 20, 2026100612, 03, HFSA,  78, 158N, 1043W,  59,  986, XX,  50, NEQ,   28,   26,    0,    0,  998,   40,  19,   0,   0,    ,   0,    , 325,   6,           ,  ,  0,    ,    0,    0,    0,    0, THERMO PARAMS, 34, 599, 967, N, 10, DT, -999, SHR82, -99, 
EP, 20, 2026100612, 03, HFSA,  84, 160N, 1047W,  53,  980, XX,  34, NEQ,  152,  104,   94,  151,  984,    9,  17,   0,   0,    ,   0,    , 340,   2,           ,  ,  0,    ,    0,    0,    0,    0, THERMO PARAMS, 36, 889, 1414, N, 10, DT, -999, SHR82, -99, 
EP, 20, 2026100612, 03, HFSA,  84, 160N, 1047W,  53,  980, XX,  50, NEQ,    0,    0,   18,    0,  984,    9,  17,   0,   0,    ,   0,    , 340,   2,           ,  ,  0,    ,    0,    0,    0,    0, THERMO PARAMS, 36, 889, 1414, N, 10, DT, -999, SHR82, -99, 
EP, 20, 2026100612, 03, HFSA,  90, 164N, 1050W,  66,  976, XX,  34, NEQ,  147,   96,   83,  117,  980,    8,  13,   0,   0,    ,   0,    , 341,   5,           ,  ,  0,    ,    0,    0,    0,    0, THERMO PARAMS, -64, 1291, 1343, N, 10, DT, -999, SHR82, -99, 
EP, 20, 2026100612, 03, HFSA,  90, 164N, 1050W,  66,  976, XX,  50, NEQ,   37,   37,   24,   34,  980,    8,  13,   0,   0,    ,   0,    , 341,   5,           ,  ,  0,    ,    0,    0,    0,    0, THERMO PARAMS, -64, 1291, 1343, N, 10, DT, -999, SHR82, -99, 
EP, 20, 2026100612, 03, HFSA,  90, 164N, 1050W,  66,  976, XX,  64, NEQ,   21,   16,    0,    0,  980,    8,  13,   0,   0,    ,   0,    , 341,   5,           ,  ,  0,    ,    0,    0,    0,    0, THERMO PARAMS, -64, 1291, 1343, N, 10, DT, -999, SHR82, -99, 
EP, 20, 2026100612, 03, HFSA,  96, 166N, 1055W,  82,  965, XX,  34, NEQ,  163,  134,  113,  118,  993,   42,  14,   0,   0,    ,   0,    , 334,   3,           ,  ,  0,    ,    0,    0,    0,    0, THERMO PARAMS, -48, 1765, 1931, N, 10, DT, -999, SHR82, -99, 
EP, 20, 2026100612, 03, HFSA,  96, 166N, 1055W,  82,  965, XX,  50, NEQ,   45,   31,   36,   60,  993,   42,  14,   0,   0,    ,   0,    , 334,   3,           ,  ,  0,    ,    0,    0,    0,    0, THERMO PARAMS, -48, 1765, 1931, N, 10, DT, -999, SHR82, -99, 
EP, 20, 2026100612, 03, HFSA,  96, 166N, 1055W,  82,  965, XX,  64, NEQ,   21,   18,   21,   26,  993,   42,  14,   0,   0,    ,   0,    , 334,   3,           ,  ,  0,    ,    0,    0,    0,    0, THERMO PARAMS, -48, 1765, 1931, N, 10, DT, -999, SHR82, -99, 
EP, 20, 2026100612, 03, HFSA, 102, 168N, 1057W,  90,  957, XX,  34, NEQ,  167,  104,  146,  123,  997,   53,  15,   0,   0,    ,   0,    ,   4,   5,           ,  ,  0,    ,    0,    0,    0,    0, THERMO PARAMS, -14, 1863, 2331, N, 10, DT, -999, SHR82, -99, 
EP, 20, 2026100612, 03, HFSA, 102, 168N, 1057W,  90,  957, XX,  50, NEQ,   65,   57,   49,   55,  997,   53,  15,   0,   0,    ,   0,    ,   4,   5,           ,  ,  0,    ,    0,    0,    0,    0, THERMO PARAMS, -14, 1863, 2331, N, 10, DT, -999, SHR82, -99, 
EP, 20, 2026100612, 03, HFSA, 102, 168N, 1057W,  90,  957, XX,  64, NEQ,   31,   32,   29,   29,  997,   53,  15,   0,   0,    ,   0,    ,   4,   5,           ,  ,  0,    ,    0,    0,    0,    0, THERMO PARAMS, -14, 1863, 2331, N, 10, DT, -999, SHR82, -99, 
EP, 20, 2026100612, 03, HFSA, 108, 173N, 1059W, 106,  952, XX,  34, NEQ,  144,  104,   97,   99,  996,   52,  17,   0,   0,    ,   0,    ,   5,   5,           ,  ,  0,    ,    0,    0,    0,    0, THERMO PARAMS, -36, 1850, 2624, N, 10, DT, -999, SHR82, -99, 
EP, 20, 2026100612, 03, HFSA, 108, 173N, 1059W, 106,  952, XX,  50, NEQ,   55,   47,   45,   62,  996,   52,  17,   0,   0,    ,   0,    ,   5,   5,           ,  ,  0,    ,    0,    0,    0,    0, THERMO PARAMS, -36, 1850, 2624, N, 10, DT, -999, SHR82, -99, 
EP, 20, 2026100612, 03, HFSA, 108, 173N, 1059W, 106,  952, XX,  64, NEQ,   37,   34,   36,   37,  996,   52,  17,   0,   0,    ,   0,    ,   5,   5,           ,  ,  0,    ,    0,    0,    0,    0, THERMO PARAMS, -36, 1850, 2624, N, 10, DT, -999, SHR82, -99, 
EP, 20, 2026100612, 03, HFSA, 114, 178N, 1060W, 108,  952, XX,  34, NEQ,  141,  107,  102,   87, 1000,   66,  19,   0,   0,    ,   0,    ,  16,   7,           ,  ,  0,    ,    0,    0,    0,    0, THERMO PARAMS, -22, 2077, 2705, N, 10, DT, -999, SHR82, -99, 
EP, 20, 2026100612, 03, HFSA, 114, 178N, 1060W, 108,  952, XX,  50, NEQ,   71,   53,   53,   50, 1000,   66,  19,   0,   0,    ,   0,    ,  16,   7,           ,  ,  0,    ,    0,    0,    0,    0, THERMO PARAMS, -22, 2077, 2705, N, 10, DT, -999, SHR82, -99, 
EP, 20, 2026100612, 03, HFSA, 114, 178N, 1060W, 108,  952, XX,  64, NEQ,   37,   40,   39,   37, 1000,   66,  19,   0,   0,    ,   0,    ,  16,   7,           ,  ,  0,    ,    0,    0,    0,    0, THERMO PARAMS, -22, 2077, 2705, N, 10, DT, -999, SHR82, -99, 
EP, 20, 2026100612, 03, HFSA, 120, 188N, 1060W, 120,  953, XX,  34, NEQ,   81,  126,   91,   81,  997,   53,  19,   0,   0,    ,   0,    ,  10,  11,           ,  ,  0,    ,    0,    0,    0,    0, THERMO PARAMS, -41, 2061, 2623, N, 10, DT, -999, SHR82, -99, 
EP, 20, 2026100612, 03, HFSA, 120, 188N, 1060W, 120,  953, XX,  50, NEQ,   70,   60,   58,   47,  997,   53,  19,   0,   0,    ,   0,    ,  10,  11,           ,  ,  0,    ,    0,    0,    0,    0, THERMO PARAMS, -41, 2061, 2623, N, 10, DT, -999, SHR82, -99, 
EP, 20, 2026100612, 03, HFSA, 120, 188N, 1060W, 120,  953, XX,  64, NEQ,   47,   42,   37,   37,  997,   53,  19,   0,   0,    ,   0,    ,  10,  11,           ,  ,  0,    ,    0,    0,    0,    0, THERMO PARAMS, -41, 2061, 2623, N, 10, DT, -999, SHR82, -99, 
EP, 20, 2026100612, 03, HFSA, 126, 202N, 1061W, 130,  955, XX,  34, NEQ,   60,   86,   86,   60,  995,   39,  16,   0,   0,    ,   0,    , -99, -99,           ,  ,  0,    ,    0,    0,    0,    0, THERMO PARAMS, 33, 1904, 2650, N, 10, DT, -999, SHR82, -99, 
EP, 20, 2026100612, 03, HFSA, 126, 202N, 1061W, 130,  955, XX,  50, NEQ,   39,   53,   53,   47,  995,   39,  16,   0,   0,    ,   0,    , -99, -99,           ,  ,  0,    ,    0,    0,    0,    0, THERMO PARAMS, 33, 1904, 2650, N, 10, DT, -999, SHR82, -99, 
EP, 20, 2026100612, 03, HFSA, 126, 202N, 1061W, 130,  955, XX,  64, NEQ,   31,   40,   31,   28,  995,   39,  16,   0,   0,    ,   0,    , -99, -99,           ,  ,  0,    ,    0,    0,    0,    0, THERMO PARAMS, 33, 1904, 2650, N, 10, DT, -999, SHR82, -99, 
EP, 20, 2026100612, 03, TVCN,   0, 128N,  982W,   0,    0,   ,   0,    ,    0,    0,    0,    0, 
EP, 20, 2026100612, 03, TVCN,  12, 132N,  989W,   0,    0,   ,   0,    ,    0,    0,    0,    0, 
EP, 20, 2026100612, 03, TVCN,  24, 139N, 1000W,   0,    0,   ,   0,    ,    0,    0,    0,    0, 
EP, 20, 2026100612, 03, TVCN,  36, 146N, 1013W,   0,    0,   ,   0,    ,    0,    0,    0,    0, 
EP, 20, 2026100612, 03, TVCN,  48, 149N, 1023W,   0,    0,   ,   0,    ,    0,    0,    0,    0, 
EP, 20, 2026100612, 03, TVCN,  60, 153N, 1031W,   0,    0,   ,   0,    ,    0,    0,    0,    0, 
EP, 20, 2026100612, 03, TVCN,  72, 159N, 1038W,   0,    0,   ,   0,    ,    0,    0,    0,    0, 
EP, 20, 2026100612, 03, TVCN,  84, 166N, 1044W,   0,    0,   ,   0,    ,    0,    0,    0,    0, 
EP, 20, 2026100612, 03, TVCN,  96, 176N, 1050W,   0,    0,   ,   0,    ,    0,    0,    0,    0, 
EP, 20, 2026100612, 03, TVCN, 108, 187N, 1055W,   0,    0,   ,   0,    ,    0,    0,    0,    0, 
EP, 20, 2026100612, 03, TVCN, 120, 201N, 1059W,   0,    0,   ,   0,    ,    0,    0,    0,    0, 
EP, 20, 2026100612, 03, TVCN, 132, 215N, 1062W,   0,    0,   ,   0,    ,    0,    0,    0,    0, 
EP, 20, 2026100612, 03, TVCN, 144, 226N, 1074W,   0,    0,   ,   0,    ,    0,    0,    0,    0, 
EP, 20, 2026100612, 03, TVCN, 156, 251N, 1068W,   0,    0,   ,   0,    ,    0,    0,    0,    0, 
EP, 20, 2026100612, 03, TVCN, 168, 276N, 1055W,   0,    0,   ,   0,    ,    0,    0,    0,    0, 
EP, 20, 2026100618, 03, AVNO,   0, 121N,  984W,  19, 1007, XX,  34, NEQ,    0,    0,    0,    0,  -99,  -99, 146,   0,   0, 
EP, 20, 2026100618, 03, AVNO,   6, 123N,  983W,  20, 1005, XX,  34, NEQ,    0,    0,    0,    0,  -99,  -99,  90,   0,   0, 
EP, 20, 2026100618, 03, AVNO,  12, 131N,  987W,  21, 1006, XX,  34, NEQ,    0,    0,    0,    0,  -99,  -99,  60,   0,   0, 
EP, 20, 2026100618, 03, AVNO,  18, 140N,  999W,  22, 1001, XX,  34, NEQ,    0,    0,    0,    0, 1005,   14,  93,   0,   0, 
EP, 20, 2026100618, 03, AVNO,  24, 138N, 1011W,  22, 1005, XX,  34, NEQ,    0,    0,    0,    0,  -99,  -99, 140,   0,   0, 
EP, 20, 2026100618, 03, AVNO,  30, 135N, 1015W,  23, 1003, XX,  34, NEQ,    0,    0,    0,    0, 1007,  993,  32,   0,   0, 
EP, 20, 2026100618, 03, AVNO,  36, 139N, 1017W,  24, 1004, XX,  34, NEQ,    0,    0,    0,    0,  -99,  -99,  71,   0,   0, 
EP, 20, 2026100618, 03, AVNO,  42, 141N, 1020W,  30, 1002, XX,  34, NEQ,    0,    0,    0,    0, 1006,   93,  48,   0,   0, 
EP, 20, 2026100618, 03, AVNO,  48, 139N, 1029W,  38, 1000, XX,  34, NEQ,    0,   41,   45,    0, 1008,  741,  40,   0,   0, 
EP, 20, 2026100618, 03, AVNO,  54, 144N, 1030W,  32,  998, XX,  34, NEQ,    0,    0,    0,    0, 1002,   46,  58,   0,   0, 
EP, 20, 2026100618, 03, AVNO,  60, 143N, 1034W,  42,  998, XX,  34, NEQ,    0,   48,   68,    0, 1006,   89,  34,   0,   0, 
EP, 20, 2026100618, 03, AVNO,  66, 148N, 1034W,  41,  995, XX,  34, NEQ,   48,  111,  135,    0, 1007,  830,  38,   0,   0, 
EP, 20, 2026100618, 03, AVNO,  72, 151N, 1037W,  50,  991, XX,  34, NEQ,  127,   79,   98,   38, 1003,   60,  33,   0,   0, 
EP, 20, 2026100618, 03, AVNO,  78, 156N, 1040W,  43,  991, XX,  34, NEQ,  112,  100,  162,  113,  999,   36,  29,   0,   0, 
EP, 20, 2026100618, 03, AVNO,  84, 160N, 1045W,  47,  989, XX,  34, NEQ,  110,   75,  119,   92, 1005,   87,  20,   0,   0, 
EP, 20, 2026100618, 03, AVNO,  90, 163N, 1048W,  53,  982, XX,  34, NEQ,  125,  111,  128,   61, 1002,   61,  26,   0,   0, 
EP, 20, 2026100618, 03, AVNO,  90, 163N, 1048W,  53,  982, XX,  50, NEQ,    0,    0,    0,   29, 1002,   61,  26,   0,   0, 
EP, 20, 2026100618, 03, AVNO,  96, 167N, 1052W,  63,  979, XX,  34, NEQ,  107,  116,   64,   93, 1003,   65,  30,   0,   0, 
EP, 20, 2026100618, 03, AVNO,  96, 167N, 1052W,  63,  979, XX,  50, NEQ,   38,   35,   31,   33, 1003,   65,  30,   0,   0, 
EP, 20, 2026100618, 03, AVNO, 102, 169N, 1056W,  73,  968, XX,  34, NEQ,  131,   95,   87,   79, 1004,   90,  20,   0,   0, 
EP, 20, 2026100618, 03, AVNO, 102, 169N, 1056W,  73,  968, XX,  50, NEQ,   39,   43,   49,   43, 1004,   90,  20,   0,   0, 
EP, 20, 2026100618, 03, AVNO, 102, 169N, 1056W,  73,  968, XX,  64, NEQ,   28,   28,   34,    0, 1004,   90,  20,   0,   0, 
EP, 20, 2026100618, 03, AVNO, 108, 175N, 1057W,  81,  968, XX,  34, NEQ,  121,   86,   78,   77, 1004,   67,  26,   0,   0, 
EP, 20, 2026100618, 03, AVNO, 108, 175N, 1057W,  81,  968, XX,  50, NEQ,   52,   53,   47,   47, 1004,   67,  26,   0,   0, 
EP, 20, 2026100618, 03, AVNO, 108, 175N, 1057W,  81,  968, XX,  64, NEQ,   36,   38,   33,   34, 1004,   67,  26,   0,   0, 
EP, 20, 2026100618, 03, AVNO, 114, 181N, 1060W,  97,  962, XX,  34, NEQ,  103,  100,   85,   74,  986,   30,  24,   0,   0, 
EP, 20, 2026100618, 03, AVNO, 114, 181N, 1060W,  97,  962, XX,  50, NEQ,   50,   52,   56,   50,  986,   30,  24,   0,   0, 
EP, 20, 2026100618, 03, AVNO, 114, 181N, 1060W,  97,  962, XX,  64, NEQ,   36,   38,   37,   32,  986,   30,  24,   0,   0, 
EP, 20, 2026100618, 03, AVNO, 120, 190N, 1062W,  88,  965, XX,  34, NEQ,   80,   82,   71,   64,  993,   32,  24,   0,   0, 
EP, 20, 2026100618, 03, AVNO, 120, 190N, 1062W,  88,  965, XX,  50, NEQ,   45,   48,   48,   41,  993,   32,  24,   0,   0, 
EP, 20, 2026100618, 03, AVNO, 120, 190N, 1062W,  88,  965, XX,  64, NEQ,   32,   37,   30,   26,  993,   32,  24,   0,   0, 
EP, 20, 2026100618, 03, AVNO, 126, 202N, 1065W,  90,  966, XX,  34, NEQ,   47,   63,   63,   61,  994,   24,  19,   0,   0, 
EP, 20, 2026100618, 03, AVNO, 126, 202N, 1065W,  90,  966, XX,  50, NEQ,   35,   38,   35,   33,  994,   24,  19,   0,   0, 
EP, 20, 2026100618, 03, AVNO, 126, 202N, 1065W,  90,  966, XX,  64, NEQ,   30,   26,   20,   17,  994,   24,  19,   0,   0, 
EP, 20, 2026100618, 03, AVNO, 132, 213N, 1068W,  71,  976, XX,  34, NEQ,   45,   66,   44,   43, 1004,   38,  13,   0,   0, 
EP, 20, 2026100618, 03, AVNO, 132, 213N, 1068W,  71,  976, XX,  50, NEQ,   32,   30,   23,   20, 1004,   38,  13,   0,   0, 
EP, 20, 2026100618, 03, AVNO, 132, 213N, 1068W,  71,  976, XX,  64, NEQ,   22,   17,    0,    0, 1004,   38,  13,   0,   0, 
EP, 20, 2026100618, 03, AVNO, 138, 226N, 1070W,  60,  988, XX,  34, NEQ,   49,   59,   36,   42, 1004,   30,  18,   0,   0, 
EP, 20, 2026100618, 03, AVNO, 138, 226N, 1070W,  60,  988, XX,  50, NEQ,   33,   31,   18,    0, 1004,   30,  18,   0,   0, 
EP, 20, 2026100618, 03, AVNO, 144, 236N, 1075W,  54,  995, XX,  34, NEQ,   32,   44,   29,   24, 1007,   27,  17,   0,   0, 
EP, 20, 2026100618, 03, AVNO, 144, 236N, 1075W,  54,  995, XX,  50, NEQ,    0,   19,    0,    0, 1007,   27,  17,   0,   0, 
EP, 20, 2026100618, 03, AVNO, 150, 249N, 1076W,  21, 1005, XX,  34, NEQ,    0,    0,    0,    0,  -99,  -99,  13,   0,   0, 
EP, 20, 2026100618, 03, HCCA,   0, 130N,  987W,  25,    0,   ,   0,    ,    0,    0,    0,    0, 
EP, 20, 2026100618, 03, HCCA,  12, 138N,  999W,  30,    0,   ,   0,    ,    0,    0,    0,    0, 
EP, 20, 2026100618, 03, HCCA,  24, 146N, 1012W,  37,    0,   ,   0,    ,    0,    0,    0,    0, 
EP, 20, 2026100618, 03, HCCA,  36, 152N, 1026W,  48,    0,   ,   0,    ,    0,    0,    0,    0, 
EP, 20, 2026100618, 03, HCCA,  48, 153N, 1037W,  56,    0,   ,   0,    ,    0,    0,    0,    0, 
EP, 20, 2026100618, 03, HCCA,  60, 156N, 1043W,  60,    0,   ,   0,    ,    0,    0,    0,    0, 
EP, 20, 2026100618, 03, HCCA,  72, 163N, 1045W,  66,    0,   ,   0,    ,    0,    0,    0,    0, 
EP, 20, 2026100618, 03, HCCA,  84, 173N, 1049W,  75,    0,   ,   0,    ,    0,    0,    0,    0, 
EP, 20, 2026100618, 03, HCCA,  96, 185N, 1053W,  81,    0,   ,   0,    ,    0,    0,    0,    0, 
EP, 20, 2026100618, 03, HCCA, 108, 198N, 1055W,  82,    0,   ,   0,    ,    0,    0,    0,    0, 
EP, 20, 2026100618, 03, HCCA, 120, 211N, 1056W,  81,    0,   ,   0,    ,    0,    0,    0,    0, 
EP, 20, 2026100618, 03, HCCA, 132, 227N, 1061W,  68,    0,   ,   0,    ,    0,    0,    0,    0, 
EP, 20, 2026100618, 03, HCCA, 144, 245N, 1062W,  50,    0,   ,   0,    ,    0,    0,    0,    0, 
EP, 20, 2026100618, 03, HCCA, 156, 255N, 1061W,  43,    0,   ,   0,    ,    0,    0,    0,    0, 
EP, 20, 2026100618, 03, HFSA,   0, 130N,  986W,  25, 1005, XX,  34, NEQ,    0,    0,    0,    0, 1009,  142, 142,   0,   0,    ,   0,    , 292,   5,           ,  ,  0,    ,    0,    0,    0,    0, THERMO PARAMS, 25, -682, -140, N, 10, DT, -999, SHR82, -99, 
EP, 20, 2026100618, 03, HFSA,   6, 128N,  985W,  30, 1004, XX,  34, NEQ,    0,    0,    0,    0,  -99,  -99,  76,   0,   0,    ,   0,    , 330,   5,           ,  ,  0,    ,    0,    0,    0,    0, THERMO PARAMS, 3, 35, -54, N, 10, DT, -999, SHR82, -99, 
EP, 20, 2026100618, 03, HFSA,  12, 139N,  995W,  33, 1000, XX,  34, NEQ,    0,    0,    0,    0, 1004,    5,  93,   0,   0,    ,   0,    , 320,   8,           ,  ,  0,    ,    0,    0,    0,    0, THERMO PARAMS, -6, 335, 141, N, 10, DT, -999, SHR82, -99, 
EP, 20, 2026100618, 03, HFSA,  18, 140N,  999W,  34, 1001, XX,  34, NEQ,    0,    0,    0,    0,  -99,  -99, 120,   0,   0,    ,   0,    , 210,   3,           ,  ,  0,    ,    0,    0,    0,    0, THERMO PARAMS, 8, 22, 112, N, 10, DT, -999, SHR82, -99, 
EP, 20, 2026100618, 03, HFSA,  24, 142N, 1009W,  34, 1001, XX,  34, NEQ,    0,    0,    0,    0,  -99,  -99, 112,   0,   0,    ,   0,    , 306,   6,           ,  ,  0,    ,    0,    0,    0,    0, THERMO PARAMS, 68, 174, 114, N, 10, DT, -999, SHR82, -99, 
EP, 20, 2026100618, 03, HFSA,  30, 140N, 1011W,  27, 1001, XX,  34, NEQ,    0,    0,    0,    0,  -99,  -99, 152,   0,   0,    ,   0,    , 275,   0,           ,  ,  0,    ,    0,    0,    0,    0, THERMO PARAMS, 39, -185, 113, N, 10, DT, -999, SHR82, -99, 
EP, 20, 2026100618, 03, HFSA,  36, 140N, 1014W,  39,  999, XX,  34, NEQ,    0,   21,    0,    0, 1003,   12, 123,   0,   0,    ,   0,    , 248,   1,           ,  ,  0,    ,    0,    0,    0,    0, THERMO PARAMS, 47, -66, 310, N, 10, DT, -999, SHR82, -99, 
EP, 20, 2026100618, 03, HFSA,  42, 143N, 1018W,  43,  994, XX,  34, NEQ,    0,    0,   45,    0, 1002,   44,  12,   0,   0,    ,   0,    , 289,   3,           ,  ,  0,    ,    0,    0,    0,    0, THERMO PARAMS, 86, 413, 407, N, 10, DT, -999, SHR82, -99, 
EP, 20, 2026100618, 03, HFSA,  48, 148N, 1024W,  44,  997, XX,  34, NEQ,   42,   70,   87,    0, 1001,   21,  35,   0,   0,    ,   0,    , 324,   5,           ,  ,  0,    ,    0,    0,    0,    0, THERMO PARAMS, 101, -86, 604, N, 10, DT, -999, SHR82, -99, 
EP, 20, 2026100618, 03, HFSA,  54, 150N, 1030W,  53,  991, XX,  34, NEQ,   29,   52,   63,   39,  995,   21,  16,   0,   0,    ,   0,    , 324,   2,           ,  ,  0,    ,    0,    0,    0,    0, THERMO PARAMS, 98, 295, 251, N, 10, DT, -999, SHR82, -99, 
EP, 20, 2026100618, 03, HFSA,  54, 150N, 1030W,  53,  991, XX,  50, NEQ,    0,   18,    0,    0,  995,   21,  16,   0,   0,    ,   0,    , 324,   2,           ,  ,  0,    ,    0,    0,    0,    0, THERMO PARAMS, 98, 295, 251, N, 10, DT, -999, SHR82, -99, 
EP, 20, 2026100618, 03, HFSA,  60, 152N, 1036W,  43,  990, XX,  34, NEQ,   50,   44,   78,   47,  994,   11,  35,   0,   0,    ,   0,    , 296,   3,           ,  ,  0,    ,    0,    0,    0,    0, THERMO PARAMS, 54, 739, 393, N, 10, DT, -999, SHR82, -99, 
EP, 20, 2026100618, 03, HFSA,  66, 152N, 1039W,  52,  986, XX,  34, NEQ,   52,  102,  104,   47,  994,   23,  22,   0,   0,    ,   0,    , 359,   2,           ,  ,  0,    ,    0,    0,    0,    0, THERMO PARAMS, 23, 708, 1098, N, 10, DT, -999, SHR82, -99, 
EP, 20, 2026100618, 03, HFSA,  66, 152N, 1039W,  52,  986, XX,  50, NEQ,    0,   24,    0,    0,  994,   23,  22,   0,   0,    ,   0,    , 359,   2,           ,  ,  0,    ,    0,    0,    0,    0, THERMO PARAMS, 23, 708, 1098, N, 10, DT, -999, SHR82, -99, 
EP, 20, 2026100618, 03, HFSA,  72, 155N, 1042W,  54,  984, XX,  34, NEQ,  167,   99,  102,   42,  988,    8,  27,   0,   0,    ,   0,    , 356,   4,           ,  ,  0,    ,    0,    0,    0,    0, THERMO PARAMS, 21, 1391, 950, N, 10, DT, -999, SHR82, -99, 
EP, 20, 2026100618, 03, HFSA,  72, 155N, 1042W,  54,  984, XX,  50, NEQ,    0,   44,    0,    0,  988,    8,  27,   0,   0,    ,   0,    , 356,   4,           ,  ,  0,    ,    0,    0,    0,    0, THERMO PARAMS, 21, 1391, 950, N, 10, DT, -999, SHR82, -99, 
EP, 20, 2026100618, 03, HFSA,  78, 161N, 1043W,  71,  975, XX,  34, NEQ,  138,   96,   99,  118,  995,   37,  14,   0,   0,    ,   0,    , 359,   5,           ,  ,  0,    ,    0,    0,    0,    0, THERMO PARAMS, -47, 1412, 1187, N, 10, DT, -999, SHR82, -99, 
EP, 20, 2026100618, 03, HFSA,  78, 161N, 1043W,  71,  975, XX,  50, NEQ,   34,   45,   26,   29,  995,   37,  14,   0,   0,    ,   0,    , 359,   5,           ,  ,  0,    ,    0,    0,    0,    0, THERMO PARAMS, -47, 1412, 1187, N, 10, DT, -999, SHR82, -99, 
EP, 20, 2026100618, 03, HFSA,  78, 161N, 1043W,  71,  975, XX,  64, NEQ,    0,   16,    0,    0,  995,   37,  14,   0,   0,    ,   0,    , 359,   5,           ,  ,  0,    ,    0,    0,    0,    0, THERMO PARAMS, -47, 1412, 1187, N, 10, DT, -999, SHR82, -99, 
EP, 20, 2026100618, 03, HFSA,  84, 165N, 1047W,  81,  967, XX,  34, NEQ,  154,  126,  141,  105,  995,   36,  12,   0,   0,    ,   0,    , 346,   4,           ,  ,  0,    ,    0,    0,    0,    0, THERMO PARAMS, -39, 1892, 1866, N, 10, DT, -999, SHR82, -99, 
EP, 20, 2026100618, 03, HFSA,  84, 165N, 1047W,  81,  967, XX,  50, NEQ,   34,   37,   29,   39,  995,   36,  12,   0,   0,    ,   0,    , 346,   4,           ,  ,  0,    ,    0,    0,    0,    0, THERMO PARAMS, -39, 1892, 1866, N, 10, DT, -999, SHR82, -99, 
EP, 20, 2026100618, 03, HFSA,  84, 165N, 1047W,  81,  967, XX,  64, NEQ,   24,   24,   18,   23,  995,   36,  12,   0,   0,    ,   0,    , 346,   4,           ,  ,  0,    ,    0,    0,    0,    0, THERMO PARAMS, -39, 1892, 1866, N, 10, DT, -999, SHR82, -99, 
EP, 20, 2026100618, 03, HFSA,  90, 169N, 1048W,  91,  959, XX,  34, NEQ,  149,  134,  102,   94,  999,   62,  12,   0,   0,    ,   0,    ,  12,   5,           ,  ,  0,    ,    0,    0,    0,    0, THERMO PARAMS, -54, 1900, 2336, N, 10, DT, -999, SHR82, -99, 
EP, 20, 2026100618, 03, HFSA,  90, 169N, 1048W,  91,  959, XX,  50, NEQ,   42,   44,   34,   50,  999,   62,  12,   0,   0,    ,   0,    ,  12,   5,           ,  ,  0,    ,    0,    0,    0,    0, THERMO PARAMS, -54, 1900, 2336, N, 10, DT, -999, SHR82, -99, 
EP, 20, 2026100618, 03, HFSA,  90, 169N, 1048W,  91,  959, XX,  64, NEQ,   28,   28,   24,   28,  999,   62,  12,   0,   0,    ,   0,    ,  12,   5,           ,  ,  0,    ,    0,    0,    0,    0, THERMO PARAMS, -54, 1900, 2336, N, 10, DT, -999, SHR82, -99, 
EP, 20, 2026100618, 03, HFSA,  96, 174N, 1050W, 101,  957, XX,  34, NEQ,  131,  128,  115,   87, 1001,   63,  14,   0,   0,    ,   0,    ,   5,   7,           ,  ,  0,    ,    0,    0,    0,    0, THERMO PARAMS, -57, 1842, 2638, N, 10, DT, -999, SHR82, -99, 
EP, 20, 2026100618, 03, HFSA,  96, 174N, 1050W, 101,  957, XX,  50, NEQ,   63,   50,   44,   50, 1001,   63,  14,   0,   0,    ,   0,    ,   5,   7,           ,  ,  0,    ,    0,    0,    0,    0, THERMO PARAMS, -57, 1842, 2638, N, 10, DT, -999, SHR82, -99, 
EP, 20, 2026100618, 03, HFSA,  96, 174N, 1050W, 101,  957, XX,  64, NEQ,   36,   32,   28,   34, 1001,   63,  14,   0,   0,    ,   0,    ,   5,   7,           ,  ,  0,    ,    0,    0,    0,    0, THERMO PARAMS, -57, 1842, 2638, N, 10, DT, -999, SHR82, -99, 
EP, 20, 2026100618, 03, HFSA, 102, 179N, 1052W, 104,  953, XX,  34, NEQ,  115,  105,   91,   79,  997,   49,  14,   0,   0,    ,   0,    ,  17,   6,           ,  ,  0,    ,    0,    0,    0,    0, THERMO PARAMS, -98, 1885, 2696, N, 10, DT, -999, SHR82, -99, 
EP, 20, 2026100618, 03, HFSA, 102, 179N, 1052W, 104,  953, XX,  50, NEQ,   65,   44,   45,   49,  997,   49,  14,   0,   0,    ,   0,    ,  17,   6,           ,  ,  0,    ,    0,    0,    0,    0, THERMO PARAMS, -98, 1885, 2696, N, 10, DT, -999, SHR82, -99, 
EP, 20, 2026100618, 03, HFSA, 102, 179N, 1052W, 104,  953, XX,  64, NEQ,   37,   34,   34,   31,  997,   49,  14,   0,   0,    ,   0,    ,  17,   6,           ,  ,  0,    ,    0,    0,    0,    0, THERMO PARAMS, -98, 1885, 2696, N, 10, DT, -999, SHR82, -99, 
EP, 20, 2026100618, 03, HFSA, 108, 186N, 1052W, 107,  956, XX,  34, NEQ,   81,   92,   97,   66, 1000,   51,  14,   0,   0,    ,   0,    ,  15,   8,           ,  ,  0,    ,    0,    0,    0,    0, THERMO PARAMS, -78, 1809, 2686, N, 10, DT, -999, SHR82, -99, 
EP, 20, 2026100618, 03, HFSA, 108, 186N, 1052W, 107,  956, XX,  50, NEQ,   58,   50,   39,   39, 1000,   51,  14,   0,   0,    ,   0,    ,  15,   8,           ,  ,  0,    ,    0,    0,    0,    0, THERMO PARAMS, -78, 1809, 2686, N, 10, DT, -999, SHR82, -99, 
EP, 20, 2026100618, 03, HFSA, 108, 186N, 1052W, 107,  956, XX,  64, NEQ,   32,   31,   24,   24, 1000,   51,  14,   0,   0,    ,   0,    ,  15,   8,           ,  ,  0,    ,    0,    0,    0,    0, THERMO PARAMS, -78, 1809, 2686, N, 10, DT, -999, SHR82, -99, 
EP, 20, 2026100618, 03, HFSA, 114, 198N, 1054W, 101,  964, XX,  34, NEQ,   19,  117,   94,   52, 1000,   47,   6,   0,   0,    ,   0,    ,   4,  11,           ,  ,  0,    ,    0,    0,    0,    0, THERMO PARAMS, -80, 1867, 2082, N, 10, DT, -999, SHR82, -99, 
EP, 20, 2026100618, 03, HFSA, 114, 198N, 1054W, 101,  964, XX,  50, NEQ,   11,   19,   28,   29, 1000,   47,   6,   0,   0,    ,   0,    ,   4,  11,           ,  ,  0,    ,    0,    0,    0,    0, THERMO PARAMS, -80, 1867, 2082, N, 10, DT, -999, SHR82, -99, 
EP, 20, 2026100618, 03, HFSA, 114, 198N, 1054W, 101,  964, XX,  64, NEQ,    0,   16,   16,   18, 1000,   47,   6,   0,   0,    ,   0,    ,   4,  11,           ,  ,  0,    ,    0,    0,    0,    0, THERMO PARAMS, -80, 1867, 2082, N, 10, DT, -999, SHR82, -99, 
EP, 20, 2026100618, 03, HFSA, 120, 212N, 1057W,  53,  991, XX,  34, NEQ,   23,   19,   81,   66,  999,   13,  11,   0,   0,    ,   0,    ,   3,  13,           ,  ,  0,    ,    0,    0,    0,    0, THERMO PARAMS, -12, 302, 634, N, 10, DT, -999, SHR82, -99, 
EP, 20, 2026100618, 03, HFSA, 120, 212N, 1057W,  53,  991, XX,  50, NEQ,   13,   13,    0,    0,  999,   13,  11,   0,   0,    ,   0,    ,   3,  13,           ,  ,  0,    ,    0,    0,    0,    0, THERMO PARAMS, -12, 302, 634, N, 10, DT, -999, SHR82, -99, 
EP, 20, 2026100618, 03, HFSA, 126, 224N, 1057W,  38,  994, XX,  34, NEQ,    6,    8,    0,    0, 1002,   10,  48,   0,   0,    ,   0,    , -99, -99,           ,  ,  0,    ,    0,    0,    0,    0, THERMO PARAMS, -15, 250, 357, N, 10, DT, -999, SHR82, -99, 
EP, 20, 2026100618, 03, TVCN,   0, 130N,  987W,   0,    0,   ,   0,    ,    0,    0,    0,    0, 
EP, 20, 2026100618, 03, TVCN,  12, 137N,  996W,   0,    0,   ,   0,    ,    0,    0,    0,    0, 
EP, 20, 2026100618, 03, TVCN,  24, 145N, 1009W,   0,    0,   ,   0,    ,    0,    0,    0,    0, 
EP, 20, 2026100618, 03, TVCN,  36, 150N, 1022W,   0,    0,   ,   0,    ,    0,    0,    0,    0, 
EP, 20, 2026100618, 03, TVCN,  48, 153N, 1032W,   0,    0,   ,   0,    ,    0,    0,    0,    0, 
EP, 20, 2026100618, 03, TVCN,  60, 157N, 1038W,   0,    0,   ,   0,    ,    0,    0,    0,    0, 
EP, 20, 2026100618, 03, TVCN,  72, 164N, 1044W,   0,    0,   ,   0,    ,    0,    0,    0,    0, 
EP, 20, 2026100618, 03, TVCN,  84, 172N, 1050W,   0,    0,   ,   0,    ,    0,    0,    0,    0, 
EP, 20, 2026100618, 03, TVCN,  96, 184N, 1056W,   0,    0,   ,   0,    ,    0,    0,    0,    0, 
EP, 20, 2026100618, 03, TVCN, 108, 197N, 1060W,   0,    0,   ,   0,    ,    0,    0,    0,    0, 
EP, 20, 2026100618, 03, TVCN, 120, 214N, 1060W,   0,    0,   ,   0,    ,    0,    0,    0,    0, 
EP, 20, 2026100618, 03, TVCN, 132, 231N, 1060W,   0,    0,   ,   0,    ,    0,    0,    0,    0, 
EP, 20, 2026100618, 03, TVCN, 144, 225N, 1080W,   0,    0,   ,   0,    ,    0,    0,    0,    0, 
EP, 20, 2026100618, 03, TVCN, 156, 241N, 1083W,   0,    0,   ,   0,    ,    0,    0,    0,    0, 
EP, 20, 2026100700, 03,  UKX,   0, 122N,  996W,  19, 1007, XX,  34, NEQ,    0,    0,    0,    0, 
EP, 20, 2026100700, 03,  UKX,   6, 127N,  999W,  21, 1006, XX,  34, NEQ,    0,    0,    0,    0, 
EP, 20, 2026100700, 03,  UKX,  12, 131N, 1018W,  20, 1007, XX,  34, NEQ,    0,    0,    0,    0, 
EP, 20, 2026100700, 03,  UKX,  18, 134N, 1025W,  20, 1005, XX,  34, NEQ,    0,    0,    0,    0, 
EP, 20, 2026100700, 03,  UKX,  24, 136N, 1029W,  20, 1006, XX,  34, NEQ,    0,    0,    0,    0, 
EP, 20, 2026100700, 03,  UKX,  30, 139N, 1035W,  20, 1005, XX,  34, NEQ,    0,    0,    0,    0, 
EP, 20, 2026100700, 03,  UKX,  36, 144N, 1044W,  21, 1005, XX,  34, NEQ,    0,    0,    0,    0, 
EP, 20, 2026100700, 03,  UKX,  42, 140N, 1050W,  24, 1003, XX,  34, NEQ,    0,    0,    0,    0, 
EP, 20, 2026100700, 03,  UKX,  48, 141N, 1051W,  26, 1002, XX,  34, NEQ,    0,    0,    0,    0, 
EP, 20, 2026100700, 03,  UKX,  54, 146N, 1050W,  27, 1003, XX,  34, NEQ,    0,    0,    0,    0, 
EP, 20, 2026100700, 03,  UKX,  60, 151N, 1054W,  30, 1001, XX,  34, NEQ,    0,    0,    0,    0, 
EP, 20, 2026100700, 03,  UKX,  66, 156N, 1056W,  31, 1001, XX,  34, NEQ,    0,    0,    0,    0, 
EP, 20, 2026100700, 03,  UKX,  72, 162N, 1060W,  32,  998, XX,  34, NEQ,    0,    0,    0,    0, 
EP, 20, 2026100700, 03,  UKX,  78, 164N, 1062W,  34,  999, XX,  34, NEQ,    0,    0,    0,    0, 
EP, 20, 2026100700, 03,  UKX,  84, 172N, 1061W,  38,  996, XX,  34, NEQ,  138,    0,    0,    0, 
EP, 20, 2026100700, 03,  UKX,  90, 178N, 1063W,  41,  997, XX,  34, NEQ,  149,    0,    0,   87, 
EP, 20, 2026100700, 03,  UKX,  96, 185N, 1061W,  40,  996, XX,  34, NEQ,   91,  105,    0,    0, 
EP, 20, 2026100700, 03,  UKX, 102, 194N, 1059W,  37,  999, XX,  34, NEQ,    0,   77,    0,    0, 
EP, 20, 2026100700, 03,  UKX, 108, 207N, 1056W,  28, 1001, XX,  34, NEQ,    0,    0,    0,    0, 
EP, 20, 2026100700, 03,  UKX, 114, 218N, 1054W,  21, 1006, XX,  34, NEQ,    0,    0,    0,    0, 
EP, 20, 2026100700, 03,  UKX, 120, 230N, 1044W,  17, 1005, XX,  34, NEQ,    0,    0,    0,    0, 
EP, 20, 2026100700, 03, AVNO,   0, 123N,  982W,  22, 1005, XX,  34, NEQ,    0,    0,    0,    0,  -99,  -99,  73,   0,   0, 
EP, 20, 2026100700, 03, AVNO,   6, 132N,  984W,  22, 1006, XX,  34, NEQ,    0,    0,    0,    0,  -99,  -99,  74,   0,   0, 
EP, 20, 2026100700, 03, AVNO,  12, 144N,  997W,  24, 1002, XX,  34, NEQ,    0,    0,    0,    0, 1006,   60,  88,   0,   0, 
EP, 20, 2026100700, 03, AVNO,  18, 145N, 1007W,  34, 1005, XX,  34, NEQ,  130,    0,    0,    0,  -99,  -99, 130,   0,   0, 
EP, 20, 2026100700, 03, AVNO,  24, 142N, 1018W,  27, 1003, XX,  34, NEQ,    0,    0,    0,    0,  -99,  -99, 143,   0,   0, 
EP, 20, 2026100700, 03, AVNO,  30, 139N, 1025W,  28, 1002, XX,  34, NEQ,    0,    0,    0,    0, 1006,   63,  31,   0,   0, 
EP, 20, 2026100700, 03, AVNO,  36, 140N, 1029W,  33,  999, XX,  34, NEQ,    0,    0,    0,    0, 1003,   32,  17,   0,   0, 
EP, 20, 2026100700, 03, AVNO,  42, 139N, 1034W,  37, 1000, XX,  34, NEQ,    0,   45,   64,    0, 1008,  763,  52,   0,   0, 
EP, 20, 2026100700, 03, AVNO,  48, 141N, 1035W,  40,  996, XX,  34, NEQ,    0,   57,   84,    0, 1004,   74,  40,   0,   0, 
EP, 20, 2026100700, 03, AVNO,  54, 142N, 1037W,  48,  995, XX,  34, NEQ,   52,   78,   99,    0, 1007,  141,  30,   0,   0, 
EP, 20, 2026100700, 03, AVNO,  60, 149N, 1035W,  42,  994, XX,  34, NEQ,   63,   82,  134,    0, 1002,   52,  39,   0,   0, 
EP, 20, 2026100700, 03, AVNO,  66, 155N, 1038W,  43,  996, XX,  34, NEQ,   55,   81,  168,    0, 1004,   55,  37,   0,   0, 
EP, 20, 2026100700, 03, AVNO,  72, 157N, 1045W,  37,  994, XX,  34, NEQ,  114,  105,  101,  110, 1002,   62, 114,   0,   0, 
EP, 20, 2026100700, 03, AVNO,  78, 157N, 1048W,  42,  991, XX,  34, NEQ,   84,   68,   40,   77, 1003,   65,  36,   0,   0, 
EP, 20, 2026100700, 03, AVNO,  84, 161N, 1049W,  52,  987, XX,  34, NEQ,  122,   94,  110,   84, 1003,   79,  30,   0,   0, 
EP, 20, 2026100700, 03, AVNO,  84, 161N, 1049W,  52,  987, XX,  50, NEQ,    0,   36,    0,    0, 1003,   79,  30,   0,   0, 
EP, 20, 2026100700, 03, AVNO,  90, 165N, 1054W,  57,  983, XX,  34, NEQ,  114,  111,   88,   93, 1007,  105,  38,   0,   0, 
EP, 20, 2026100700, 03, AVNO,  90, 165N, 1054W,  57,  983, XX,  50, NEQ,   36,   46,    0,   32, 1007,  105,  38,   0,   0, 
EP, 20, 2026100700, 03, AVNO,  96, 170N, 1058W,  69,  972, XX,  34, NEQ,  132,   88,   85,   80, 1004,   81,  32,   0,   0, 
EP, 20, 2026100700, 03, AVNO,  96, 170N, 1058W,  69,  972, XX,  50, NEQ,   48,   52,   43,   50, 1004,   81,  32,   0,   0, 
EP, 20, 2026100700, 03, AVNO,  96, 170N, 1058W,  69,  972, XX,  64, NEQ,    0,   36,    0,   34, 1004,   81,  32,   0,   0, 
EP, 20, 2026100700, 03, AVNO, 102, 175N, 1061W,  86,  966, XX,  34, NEQ,  120,   83,   80,   79,  986,   32,  24,   0,   0, 
EP, 20, 2026100700, 03, AVNO, 102, 175N, 1061W,  86,  966, XX,  50, NEQ,   57,   49,   52,   51,  986,   32,  24,   0,   0, 
EP, 20, 2026100700, 03, AVNO, 102, 175N, 1061W,  86,  966, XX,  64, NEQ,   33,   36,   39,   36,  986,   32,  24,   0,   0, 
EP, 20, 2026100700, 03, AVNO, 108, 183N, 1066W,  91,  964, XX,  34, NEQ,  133,  133,   81,   72,  988,   37,  21,   0,   0, 
EP, 20, 2026100700, 03, AVNO, 108, 183N, 1066W,  91,  964, XX,  50, NEQ,   51,   54,   59,   53,  988,   37,  21,   0,   0, 
EP, 20, 2026100700, 03, AVNO, 108, 183N, 1066W,  91,  964, XX,  64, NEQ,   40,   38,   41,   38,  988,   37,  21,   0,   0, 
EP, 20, 2026100700, 03, AVNO, 114, 192N, 1069W,  85,  963, XX,  34, NEQ,   89,   85,   72,   69,  991,   31,  25,   0,   0, 
EP, 20, 2026100700, 03, AVNO, 114, 192N, 1069W,  85,  963, XX,  50, NEQ,   54,   53,   52,   36,  991,   31,  25,   0,   0, 
EP, 20, 2026100700, 03, AVNO, 114, 192N, 1069W,  85,  963, XX,  64, NEQ,   33,   38,   33,   27,  991,   31,  25,   0,   0, 
EP, 20, 2026100700, 03, AVNO, 120, 205N, 1074W,  80,  969, XX,  34, NEQ,   94,   94,   64,   63,  981,   21,  26,   0,   0, 
EP, 20, 2026100700, 03, AVNO, 120, 205N, 1074W,  80,  969, XX,  50, NEQ,   57,   43,   42,   39,  981,   21,  26,   0,   0, 
EP, 20, 2026100700, 03, AVNO, 120, 205N, 1074W,  80,  969, XX,  64, NEQ,   34,   31,   30,   20,  981,   21,  26,   0,   0, 
EP, 20, 2026100700, 03, AVNO, 126, 213N, 1078W,  72,  975, XX,  34, NEQ,   92,   90,   58,   58,  995,   32,  26,   0,   0, 
EP, 20, 2026100700, 03, AVNO, 126, 213N, 1078W,  72,  975, XX,  50, NEQ,   48,   46,   37,   33,  995,   32,  26,   0,   0, 
EP, 20, 2026100700, 03, AVNO, 126, 213N, 1078W,  72,  975, XX,  64, NEQ,   25,   30,   22,    0,  995,   32,  26,   0,   0, 
EP, 20, 2026100700, 03, AVNO, 132, 223N, 1080W,  68,  979, XX,  34, NEQ,   80,   75,   54,   59,  995,   31,  26,   0,   0, 
EP, 20, 2026100700, 03, AVNO, 132, 223N, 1080W,  68,  979, XX,  50, NEQ,   44,   40,   34,   33,  995,   31,  26,   0,   0, 
EP, 20, 2026100700, 03, AVNO, 132, 223N, 1080W,  68,  979, XX,  64, NEQ,   30,   28,    0,    0,  995,   31,  26,   0,   0, 
EP, 20, 2026100700, 03, AVNO, 138, 232N, 1081W,  66,  981, XX,  34, NEQ,   69,   68,   51,   50,  997,   29,  25,   0,   0, 
EP, 20, 2026100700, 03, AVNO, 138, 232N, 1081W,  66,  981, XX,  50, NEQ,   45,   40,   33,   33,  997,   29,  25,   0,   0, 
EP, 20, 2026100700, 03, AVNO, 138, 232N, 1081W,  66,  981, XX,  64, NEQ,   27,   25,    0,    0,  997,   29,  25,   0,   0, 
EP, 20, 2026100700, 03, AVNO, 144, 242N, 1082W,  67,  979, XX,  34, NEQ,   42,   57,   50,   46, 1007,   67,  27,   0,   0, 
EP, 20, 2026100700, 03, AVNO, 144, 242N, 1082W,  67,  979, XX,  50, NEQ,   33,   35,   30,   29, 1007,   67,  27,   0,   0, 
EP, 20, 2026100700, 03, AVNO, 144, 242N, 1082W,  67,  979, XX,  64, NEQ,   28,    0,   19,    0, 1007,   67,  27,   0,   0, 
EP, 20, 2026100700, 03, AVNO, 150, 253N, 1083W,  57,  987, XX,  34, NEQ,   14,   34,   35,   18, 1007,   48,  18,   0,   0, 
EP, 20, 2026100700, 03, AVNO, 150, 253N, 1083W,  57,  987, XX,  50, NEQ,    0,   25,   13,    0, 1007,   48,  18,   0,   0, 
EP, 20, 2026100700, 03, AVNO, 156, 270N, 1080W,  20, 1006, XX,  34, NEQ,    0,    0,    0,    0,  -99,  -99, 154,   0,   0, 
EP, 20, 2026100700, 03, AVNO, 162, 289N, 1065W,  20, 1005, XX,  34, NEQ,    0,    0,    0,    0,  -99,  -99,  70,   0,   0, 
EP, 20, 2026100700, 03, AVNO, 168, 307N, 1045W,  28, 1001, XX,  34, NEQ,    0,    0,    0,    0,  -99,  -99,  18,   0,   0, 
EP, 20, 2026100700, 03, AVNO, 174, 329N, 1039W,  25, 1005, XX,  34, NEQ,    0,    0,    0,    0,  -99,  -99, 155,   0,   0, 
EP, 20, 2026100700, 03, HCCA,   0, 131N,  992W,  25,    0,   ,   0,    ,    0,    0,    0,    0, 
EP, 20, 2026100700, 03, HCCA,  12, 139N, 1005W,  30,    0,   ,   0,    ,    0,    0,    0,    0, 
EP, 20, 2026100700, 03, HCCA,  24, 144N, 1020W,  37,    0,   ,   0,    ,    0,    0,    0,    0, 
EP, 20, 2026100700, 03, HCCA,  36, 147N, 1031W,  43,    0,   ,   0,    ,    0,    0,    0,    0, 
EP, 20, 2026100700, 03, HCCA,  48, 150N, 1038W,  49,    0,   ,   0,    ,    0,    0,    0,    0, 
EP, 20, 2026100700, 03, HCCA,  60, 156N, 1043W,  55,    0,   ,   0,    ,    0,    0,    0,    0, 
EP, 20, 2026100700, 03, HCCA,  72, 165N, 1047W,  62,    0,   ,   0,    ,    0,    0,    0,    0, 
EP, 20, 2026100700, 03, HCCA,  84, 176N, 1050W,  69,    0,   ,   0,    ,    0,    0,    0,    0, 
EP, 20, 2026100700, 03, HCCA,  96, 187N, 1053W,  77,    0,   ,   0,    ,    0,    0,    0,    0, 
EP, 20, 2026100700, 03, HCCA, 108, 200N, 1057W,  75,    0,   ,   0,    ,    0,    0,    0,    0, 
EP, 20, 2026100700, 03, HCCA, 120, 213N, 1061W,  57,    0,   ,   0,    ,    0,    0,    0,    0, 
EP, 20, 2026100700, 03, HCCA, 132, 232N, 1063W,  50,    0,   ,   0,    ,    0,    0,    0,    0, 
EP, 20, 2026100700, 03, HCCA, 144, 251N, 1061W,  29,    0,   ,   0,    ,    0,    0,    0,    0, 
EP, 20, 2026100700, 03, HFSA,   0, 132N,  991W,  25, 1005, XX,  34, NEQ,    0,    0,    0,    0,  -99,  -99,  58,   0,   0,    ,   0,    , 296,   4,           ,  ,  0,    ,    0,    0,    0,    0, THERMO PARAMS, 27, -540, -312, N, 10, DT, -999, SHR82, -99, 
EP, 20, 2026100700, 03, HFSA,   6, 138N,  998W,  56,  999, XX,  34, NEQ,    0,    0,    0,    0, 1003,    5,  84,   0,   0,    ,   0,    , 326,  10,           ,  ,  0,    ,    0,    0,    0,    0, THERMO PARAMS, 13, 498, 467, N, 10, DT, -999, SHR82, -99, 
EP, 20, 2026100700, 03, HFSA,  12, 146N, 1013W,  42, 1002, XX,  34, NEQ,    0,    0,    0,    0,  -99,  -99,  44,   0,   0,    ,   0,    , 263,   7,           ,  ,  0,    ,    0,    0,    0,    0, THERMO PARAMS, 8, 494, 150, N, 10, DT, -999, SHR82, -99, 
EP, 20, 2026100700, 03, HFSA,  18, 142N, 1016W,  37,  997, XX,  34, NEQ,    0,    0,    0,    0, 1001,    3, 134,   0,   0,    ,   0,    , 235,   3,           ,  ,  0,    ,    0,    0,    0,    0, THERMO PARAMS, 39, 557, 192, N, 10, DT, -999, SHR82, -99, 
EP, 20, 2026100700, 03, HFSA,  24, 142N, 1021W,  35,  997, XX,  34, NEQ,    0,    0,    0,    0, 1001,   24,  90,   0,   0,    ,   0,    , 243,   2,           ,  ,  0,    ,    0,    0,    0,    0, THERMO PARAMS, 59, 449, 196, N, 10, DT, -999, SHR82, -99, 
EP, 20, 2026100700, 03, HFSA,  30, 143N, 1023W,  59,  989, XX,  34, NEQ,   11,   39,   45,   62, 1001,   23,  16,   0,   0,    ,   0,    ,  64,   1,           ,  ,  0,    ,    0,    0,    0,    0, THERMO PARAMS, 26, 617, 1048, N, 10, DT, -999, SHR82, -99, 
EP, 20, 2026100700, 03, HFSA,  30, 143N, 1023W,  59,  989, XX,  50, NEQ,    0,   18,    0,    0, 1001,   23,  16,   0,   0,    ,   0,    ,  64,   1,           ,  ,  0,    ,    0,    0,    0,    0, THERMO PARAMS, 26, 617, 1048, N, 10, DT, -999, SHR82, -99, 
EP, 20, 2026100700, 03, HFSA,  36, 146N, 1022W,  47,  992, XX,  34, NEQ,   36,   53,   84,    0, 1000,   36,  39,   0,   0,    ,   0,    ,  36,   4,           ,  ,  0,    ,    0,    0,    0,    0, THERMO PARAMS, 18, 993, 249, N, 10, DT, -999, SHR82, -99, 
EP, 20, 2026100700, 03, HFSA,  42, 153N, 1024W,  48,  992, XX,  34, NEQ,  131,   81,   94,   37, 1000,   31,  15,   0,   0,    ,   0,    , 348,   7,           ,  ,  0,    ,    0,    0,    0,    0, THERMO PARAMS, 53, 463, 782, N, 10, DT, -999, SHR82, -99, 
EP, 20, 2026100700, 03, HFSA,  48, 156N, 1032W,  48,  987, XX,  34, NEQ,  136,   55,   62,   44,  991,   11,  22,   0,   0,    ,   0,    , 304,   3,           ,  ,  0,    ,    0,    0,    0,    0, THERMO PARAMS, 86, 749, 904, N, 10, DT, -999, SHR82, -99, 
EP, 20, 2026100700, 03, HFSA,  54, 157N, 1036W,  61,  981, XX,  34, NEQ,  152,   71,   81,   66,  993,   19,  10,   0,   0,    ,   0,    , 332,   2,           ,  ,  0,    ,    0,    0,    0,    0, THERMO PARAMS, 30, 830, 1272, N, 10, DT, -999, SHR82, -99, 
EP, 20, 2026100700, 03, HFSA,  54, 157N, 1036W,  61,  981, XX,  50, NEQ,    0,   36,   34,   18,  993,   19,  10,   0,   0,    ,   0,    , 332,   2,           ,  ,  0,    ,    0,    0,    0,    0, THERMO PARAMS, 30, 830, 1272, N, 10, DT, -999, SHR82, -99, 
EP, 20, 2026100700, 03, HFSA,  60, 160N, 1038W,  66,  974, XX,  34, NEQ,  152,  110,  121,  108,  998,   55,  14,   0,   0,    ,   0,    , 342,   4,           ,  ,  0,    ,    0,    0,    0,    0, THERMO PARAMS, 1, 1429, 1527, N, 10, DT, -999, SHR82, -99, 
EP, 20, 2026100700, 03, HFSA,  60, 160N, 1038W,  66,  974, XX,  50, NEQ,   29,   29,   15,   23,  998,   55,  14,   0,   0,    ,   0,    , 342,   4,           ,  ,  0,    ,    0,    0,    0,    0, THERMO PARAMS, 1, 1429, 1527, N, 10, DT, -999, SHR82, -99, 
EP, 20, 2026100700, 03, HFSA,  60, 160N, 1038W,  66,  974, XX,  64, NEQ,   16,    0,    0,   15,  998,   55,  14,   0,   0,    ,   0,    , 342,   4,           ,  ,  0,    ,    0,    0,    0,    0, THERMO PARAMS, 1, 1429, 1527, N, 10, DT, -999, SHR82, -99, 
EP, 20, 2026100700, 03, HFSA,  66, 164N, 1041W,  77,  970, XX,  34, NEQ,  152,  133,  131,  120,  994,   32,  11,   0,   0,    ,   0,    ,   0,   5,           ,  ,  0,    ,    0,    0,    0,    0, THERMO PARAMS, -15, 1605, 1893, N, 10, DT, -999, SHR82, -99, 
EP, 20, 2026100700, 03, HFSA,  66, 164N, 1041W,  77,  970, XX,  50, NEQ,   23,   45,   28,   28,  994,   32,  11,   0,   0,    ,   0,    ,   0,   5,           ,  ,  0,    ,    0,    0,    0,    0, THERMO PARAMS, -15, 1605, 1893, N, 10, DT, -999, SHR82, -99, 
EP, 20, 2026100700, 03, HFSA,  66, 164N, 1041W,  77,  970, XX,  64, NEQ,   13,   16,   18,   16,  994,   32,  11,   0,   0,    ,   0,    ,   0,   5,           ,  ,  0,    ,    0,    0,    0,    0, THERMO PARAMS, -15, 1605, 1893, N, 10, DT, -999, SHR82, -99, 
EP, 20, 2026100700, 03, HFSA,  72, 169N, 1043W,  85,  957, XX,  34, NEQ,  131,   97,   91,   81,  989,   30,  10,   0,   0,    ,   0,    ,   5,   4,           ,  ,  0,    ,    0,    0,    0,    0, THERMO PARAMS, -103, 1946, 2232, N, 10, DT, -999, SHR82, -99, 
EP, 20, 2026100700, 03, HFSA,  72, 169N, 1043W,  85,  957, XX,  50, NEQ,   63,   42,   28,   47,  989,   30,  10,   0,   0,    ,   0,    ,   5,   4,           ,  ,  0,    ,    0,    0,    0,    0, THERMO PARAMS, -103, 1946, 2232, N, 10, DT, -999, SHR82, -99, 
EP, 20, 2026100700, 03, HFSA,  72, 169N, 1043W,  85,  957, XX,  64, NEQ,   26,   21,   18,   19,  989,   30,  10,   0,   0,    ,   0,    ,   5,   4,           ,  ,  0,    ,    0,    0,    0,    0, THERMO PARAMS, -103, 1946, 2232, N, 10, DT, -999, SHR82, -99, 
EP, 20, 2026100700, 03, HFSA,  78, 172N, 1048W,  86,  958, XX,  34, NEQ,  165,  134,  130,   84,  998,   53,  10,   0,   0,    ,   0,    , 337,   3,           ,  ,  0,    ,    0,    0,    0,    0, THERMO PARAMS, -47, 2174, 2208, N, 10, DT, -999, SHR82, -99, 
EP, 20, 2026100700, 03, HFSA,  78, 172N, 1048W,  86,  958, XX,  50, NEQ,   60,   40,   36,   50,  998,   53,  10,   0,   0,    ,   0,    , 337,   3,           ,  ,  0,    ,    0,    0,    0,    0, THERMO PARAMS, -47, 2174, 2208, N, 10, DT, -999, SHR82, -99, 
EP, 20, 2026100700, 03, HFSA,  78, 172N, 1048W,  86,  958, XX,  64, NEQ,   34,   28,   24,   37,  998,   53,  10,   0,   0,    ,   0,    , 337,   3,           ,  ,  0,    ,    0,    0,    0,    0, THERMO PARAMS, -47, 2174, 2208, N, 10, DT, -999, SHR82, -99, 
EP, 20, 2026100700, 03, HFSA,  84, 174N, 1048W,  82,  958, XX,  34, NEQ,  185,  201,   84,   89,  998,   58,  21,   0,   0,    ,   0,    ,  25,   4,           ,  ,  0,    ,    0,    0,    0,    0, THERMO PARAMS, -82, 2062, 2090, N, 10, DT, -999, SHR82, -99, 
EP, 20, 2026100700, 03, HFSA,  84, 174N, 1048W,  82,  958, XX,  50, NEQ,   81,   47,   49,   47,  998,   58,  21,   0,   0,    ,   0,    ,  25,   4,           ,  ,  0,    ,    0,    0,    0,    0, THERMO PARAMS, -82, 2062, 2090, N, 10, DT, -999, SHR82, -99, 
EP, 20, 2026100700, 03, HFSA,  84, 174N, 1048W,  82,  958, XX,  64, NEQ,   31,   29,   31,   32,  998,   58,  21,   0,   0,    ,   0,    ,  25,   4,           ,  ,  0,    ,    0,    0,    0,    0, THERMO PARAMS, -82, 2062, 2090, N, 10, DT, -999, SHR82, -99, 
EP, 20, 2026100700, 03, HFSA,  90, 180N, 1048W,  90,  958, XX,  34, NEQ,  100,  105,   71,   63,  998,   45,  16,   0,   0,    ,   0,    ,   9,   8,           ,  ,  0,    ,    0,    0,    0,    0, THERMO PARAMS, -112, 2125, 2126, N, 10, DT, -999, SHR82, -99, 
EP, 20, 2026100700, 03, HFSA,  90, 180N, 1048W,  90,  958, XX,  50, NEQ,   65,   52,   40,   44,  998,   45,  16,   0,   0,    ,   0,    ,   9,   8,           ,  ,  0,    ,    0,    0,    0,    0, THERMO PARAMS, -112, 2125, 2126, N, 10, DT, -999, SHR82, -99, 
EP, 20, 2026100700, 03, HFSA,  90, 180N, 1048W,  90,  958, XX,  64, NEQ,   34,   32,   26,   29,  998,   45,  16,   0,   0,    ,   0,    ,   9,   8,           ,  ,  0,    ,    0,    0,    0,    0, THERMO PARAMS, -112, 2125, 2126, N, 10, DT, -999, SHR82, -99, 
EP, 20, 2026100700, 03, HFSA,  96, 189N, 1049W, 102,  960, XX,  34, NEQ,   47,  123,   71,   52, 1000,   54,   8,   0,   0,    ,   0,    ,   9,   9,           ,  ,  0,    ,    0,    0,    0,    0, THERMO PARAMS, -132, 1969, 2124, N, 10, DT, -999, SHR82, -99, 
EP, 20, 2026100700, 03, HFSA,  96, 189N, 1049W, 102,  960, XX,  50, NEQ,   31,   32,   28,   28, 1000,   54,   8,   0,   0,    ,   0,    ,   9,   9,           ,  ,  0,    ,    0,    0,    0,    0, THERMO PARAMS, -132, 1969, 2124, N, 10, DT, -999, SHR82, -99, 
EP, 20, 2026100700, 03, HFSA,  96, 189N, 1049W, 102,  960, XX,  64, NEQ,   23,   21,   18,   18, 1000,   54,   8,   0,   0,    ,   0,    ,   9,   9,           ,  ,  0,    ,    0,    0,    0,    0, THERMO PARAMS, -132, 1969, 2124, N, 10, DT, -999, SHR82, -99, 
EP, 20, 2026100700, 03, HFSA, 102, 201N, 1053W,  43,  984, XX,  34, NEQ,    0,    0,   99,   28, 1000,   29,  77,   0,   0,    ,   0,    ,   1,  10,           ,  ,  0,    ,    0,    0,    0,    0, THERMO PARAMS, -118, 812, 1152, N, 10, DT, -999, SHR82, -99, 
EP, 20, 2026100700, 03, HFSA, 108, 214N, 1054W,  33,  999, XX,  34, NEQ,    0,    0,    0,    0,  -99,  -99, 124,   0,   0,    ,   0,    ,  10,  10,           ,  ,  0,    ,    0,    0,    0,    0, THERMO PARAMS, -156, 292, 261, N, 10, DT, -999, SHR82, -99, 
EP, 20, 2026100700, 03, HFSA, 114, 223N, 1057W,  34, 1003, XX,  34, NEQ,    0,    0,    0,    0, 1007,    6,  64,   0,   0,    ,   0,    ,   3,  11,           ,  ,  0,    ,    0,    0,    0,    0, THERMO PARAMS, -89, 264, -45, N, 10, DT, -999, SHR82, -99, 
EP, 20, 2026100700, 03, HFSA, 120, 233N, 1053W,  31, 1007, XX,  34, NEQ,    0,    0,    0,    0,  -99,  -99, 101,   0,   0,    ,   0,    ,  30,  12,           ,  ,  0,    ,    0,    0,    0,    0, THERMO PARAMS, -9999, -9999, -9999, N, 10, DT, -999, SHR82, -99, 
EP, 20, 2026100700, 03, HFSA, 126, 253N, 1041W,  26, 1011, XX,  34, NEQ,    0,    0,    0,    0,  -99,  -99, 157,   0,   0,    ,   0,    , -99, -99,           ,  ,  0,    ,    0,    0,    0,    0, THERMO PARAMS, -9999, -9999, -9999, N, 10, DT, -999, SHR82, -99, 
EP, 20, 2026100700, 03, TVCN,   0, 131N,  992W,   0,    0,   ,   0,    ,    0,    0,    0,    0, 
EP, 20, 2026100700, 03, TVCN,  12, 140N, 1004W,   0,    0,   ,   0,    ,    0,    0,    0,    0, 
EP, 20, 2026100700, 03, TVCN,  24, 145N, 1018W,   0,    0,   ,   0,    ,    0,    0,    0,    0, 
EP, 20, 2026100700, 03, TVCN,  36, 148N, 1027W,   0,    0,   ,   0,    ,    0,    0,    0,    0, 
EP, 20, 2026100700, 03, TVCN,  48, 152N, 1035W,   0,    0,   ,   0,    ,    0,    0,    0,    0, 
EP, 20, 2026100700, 03, TVCN,  60, 158N, 1041W,   0,    0,   ,   0,    ,    0,    0,    0,    0, 
EP, 20, 2026100700, 03, TVCN,  72, 167N, 1046W,   0,    0,   ,   0,    ,    0,    0,    0,    0, 
EP, 20, 2026100700, 03, TVCN,  84, 177N, 1051W,   0,    0,   ,   0,    ,    0,    0,    0,    0, 
EP, 20, 2026100700, 03, TVCN,  96, 187N, 1055W,   0,    0,   ,   0,    ,    0,    0,    0,    0, 
EP, 20, 2026100700, 03, TVCN, 108, 200N, 1061W,   0,    0,   ,   0,    ,    0,    0,    0,    0, 
EP, 20, 2026100700, 03, TVCN, 120, 214N, 1066W,   0,    0,   ,   0,    ,    0,    0,    0,    0, 
EP, 20, 2026100700, 03, TVCN, 132, 228N, 1071W,   0,    0,   ,   0,    ,    0,    0,    0,    0, 
EP, 20, 2026100700, 03, TVCN, 144, 232N, 1077W,   0,    0,   ,   0,    ,    0,    0,    0,    0, 
EP, 20, 2026100700, 03, TVCN, 156, 251N, 1080W,   0,    0,   ,   0,    ,    0,    0,    0,    0, 
EP, 20, 2026100706, 03, AVNO,   0, 131N,  985W,  23, 1006, XX,  34, NEQ,    0,    0,    0,    0,  -99,  -99,  77,   0,   0, 
EP, 20, 2026100706, 03, AVNO,   6, 141N,  991W,  24, 1002, XX,  34, NEQ,    0,    0,    0,    0, 1006,   68,  42,   0,   0, 
EP, 20, 2026100706, 03, AVNO,  12, 146N, 1003W,  28, 1005, XX,  34, NEQ,    0,    0,    0,    0,  -99,  -99,  92,   0,   0, 
EP, 20, 2026100706, 03, AVNO,  18, 146N, 1012W,  25, 1003, XX,  34, NEQ,    0,    0,    0,    0, 1007,  986,  70,   0,   0, 
EP, 20, 2026100706, 03, AVNO,  24, 146N, 1022W,  24, 1004, XX,  34, NEQ,    0,    0,    0,    0, 1008,  724,  44,   0,   0, 
EP, 20, 2026100706, 03, AVNO,  30, 145N, 1027W,  25, 1001, XX,  34, NEQ,    0,    0,    0,    0, 1009,  573,  17,   0,   0, 
EP, 20, 2026100706, 03, AVNO,  36, 143N, 1035W,  27, 1000, XX,  34, NEQ,    0,    0,    0,    0, 1008,  112,  33,   0,   0, 
EP, 20, 2026100706, 03, AVNO,  42, 141N, 1037W,  36,  998, XX,  34, NEQ,    0,   35,    0,    0, 1002,   29,  32,   0,   0, 
EP, 20, 2026100706, 03, AVNO,  48, 144N, 1039W,  40,  998, XX,  34, NEQ,   36,   45,    0,    0, 1006,   82,  32,   0,   0, 
EP, 20, 2026100706, 03, AVNO,  54, 147N, 1041W,  43,  993, XX,  34, NEQ,   49,   90,  104,    0, 1001,   52,  23,   0,   0, 
EP, 20, 2026100706, 03, AVNO,  60, 150N, 1045W,  47,  992, XX,  34, NEQ,   61,  107,  124,   44, 1004,   66,  45,   0,   0, 
EP, 20, 2026100706, 03, AVNO,  66, 152N, 1047W,  41,  988, XX,  34, NEQ,   59,  119,  119,   71, 1000,   52,  37,   0,   0, 
EP, 20, 2026100706, 03, AVNO,  72, 152N, 1048W,  60,  982, XX,  34, NEQ,   63,   88,   89,   57, 1006,  112,  21,   0,   0, 
EP, 20, 2026100706, 03, AVNO,  72, 152N, 1048W,  60,  982, XX,  50, NEQ,    0,   24,   15,    0, 1006,  112,  21,   0,   0, 
EP, 20, 2026100706, 03, AVNO,  78, 156N, 1047W,  68,  973, XX,  34, NEQ,   94,   87,   83,   83, 1005,  125,  22,   0,   0, 
EP, 20, 2026100706, 03, AVNO,  78, 156N, 1047W,  68,  973, XX,  50, NEQ,   45,   46,   37,   34, 1005,  125,  22,   0,   0, 
EP, 20, 2026100706, 03, AVNO,  78, 156N, 1047W,  68,  973, XX,  64, NEQ,   31,   28,   23,    0, 1005,  125,  22,   0,   0, 
EP, 20, 2026100706, 03, AVNO,  84, 163N, 1052W,  73,  967, XX,  34, NEQ,  132,  138,   63,  106,  987,   30,  20,   0,   0, 
EP, 20, 2026100706, 03, AVNO,  84, 163N, 1052W,  73,  967, XX,  50, NEQ,   54,   44,   39,   47,  987,   30,  20,   0,   0, 
EP, 20, 2026100706, 03, AVNO,  84, 163N, 1052W,  73,  967, XX,  64, NEQ,   37,   28,   29,   32,  987,   30,  20,   0,   0, 
EP, 20, 2026100706, 03, AVNO,  90, 166N, 1059W,  77,  963, XX,  34, NEQ,  151,  134,  138,   90,  983,   31,  23,   0,   0, 
EP, 20, 2026100706, 03, AVNO,  90, 166N, 1059W,  77,  963, XX,  50, NEQ,   48,   47,   41,   49,  983,   31,  23,   0,   0, 
EP, 20, 2026100706, 03, AVNO,  90, 166N, 1059W,  77,  963, XX,  64, NEQ,   32,   35,   28,   35,  983,   31,  23,   0,   0, 
EP, 20, 2026100706, 03, AVNO,  96, 166N, 1064W,  84,  961, XX,  34, NEQ,  160,  139,   93,  100,  989,   31,  26,   0,   0, 
EP, 20, 2026100706, 03, AVNO,  96, 166N, 1064W,  84,  961, XX,  50, NEQ,   50,   51,   63,   49,  989,   31,  26,   0,   0, 
EP, 20, 2026100706, 03, AVNO,  96, 166N, 1064W,  84,  961, XX,  64, NEQ,   40,   33,   36,   35,  989,   31,  26,   0,   0, 
EP, 20, 2026100706, 03, AVNO, 102, 170N, 1067W,  90,  958, XX,  34, NEQ,  153,   97,   98,  121,  990,   34,  25,   0,   0, 
EP, 20, 2026100706, 03, AVNO, 102, 170N, 1067W,  90,  958, XX,  50, NEQ,   61,   62,   58,   49,  990,   34,  25,   0,   0, 
EP, 20, 2026100706, 03, AVNO, 102, 170N, 1067W,  90,  958, XX,  64, NEQ,   43,   43,   36,   35,  990,   34,  25,   0,   0, 
EP, 20, 2026100706, 03, AVNO, 108, 176N, 1073W,  88,  959, XX,  34, NEQ,  142,  104,   98,   93,  983,   30,  27,   0,   0, 
EP, 20, 2026100706, 03, AVNO, 108, 176N, 1073W,  88,  959, XX,  50, NEQ,   64,   67,   55,   61,  983,   30,  27,   0,   0, 
EP, 20, 2026100706, 03, AVNO, 108, 176N, 1073W,  88,  959, XX,  64, NEQ,   45,   47,   41,   42,  983,   30,  27,   0,   0, 
EP, 20, 2026100706, 03, AVNO, 114, 182N, 1077W,  86,  958, XX,  34, NEQ,  141,   90,   88,   93,  986,   32,  31,   0,   0, 
EP, 20, 2026100706, 03, AVNO, 114, 182N, 1077W,  86,  958, XX,  50, NEQ,   65,   59,   58,   52,  986,   32,  31,   0,   0, 
EP, 20, 2026100706, 03, AVNO, 114, 182N, 1077W,  86,  958, XX,  64, NEQ,   43,   46,   44,   37,  986,   32,  31,   0,   0, 
EP, 20, 2026100706, 03, AVNO, 120, 188N, 1083W,  81,  966, XX,  34, NEQ,  118,   92,   82,   88, 1006,   87,  26,   0,   0, 
EP, 20, 2026100706, 03, AVNO, 120, 188N, 1083W,  81,  966, XX,  50, NEQ,   64,   54,   51,   51, 1006,   87,  26,   0,   0, 
EP, 20, 2026100706, 03, AVNO, 120, 188N, 1083W,  81,  966, XX,  64, NEQ,   40,   40,   36,   34, 1006,   87,  26,   0,   0, 
EP, 20, 2026100706, 03, AVNO, 126, 196N, 1089W,  74,  969, XX,  34, NEQ,  106,  106,   82,   90, 1009,  254,  27,   0,   0, 
EP, 20, 2026100706, 03, AVNO, 126, 196N, 1089W,  74,  969, XX,  50, NEQ,   58,   55,   53,   49, 1009,  254,  27,   0,   0, 
EP, 20, 2026100706, 03, AVNO, 126, 196N, 1089W,  74,  969, XX,  64, NEQ,   37,   39,   35,    0, 1009,  254,  27,   0,   0, 
EP, 20, 2026100706, 03, AVNO, 132, 202N, 1094W,  75,  974, XX,  34, NEQ,  104,   92,   69,   88, 1010,  121,  24,   0,   0, 
EP, 20, 2026100706, 03, AVNO, 132, 202N, 1094W,  75,  974, XX,  50, NEQ,   54,   51,   45,   45, 1010,  121,  24,   0,   0, 
EP, 20, 2026100706, 03, AVNO, 132, 202N, 1094W,  75,  974, XX,  64, NEQ,   37,   36,    0,    0, 1010,  121,  24,   0,   0, 
EP, 20, 2026100706, 03, AVNO, 138, 210N, 1096W,  71,  971, XX,  34, NEQ,   95,   92,   79,   77, 1007,  131,  26,   0,   0, 
EP, 20, 2026100706, 03, AVNO, 138, 210N, 1096W,  71,  971, XX,  50, NEQ,   52,   49,   47,   48, 1007,  131,  26,   0,   0, 
EP, 20, 2026100706, 03, AVNO, 138, 210N, 1096W,  71,  971, XX,  64, NEQ,   38,   39,   33,    0, 1007,  131,  26,   0,   0, 
EP, 20, 2026100706, 03, AVNO, 144, 217N, 1098W,  78,  972, XX,  34, NEQ,   88,   81,   86,   80, 1008,  115,  25,   0,   0, 
EP, 20, 2026100706, 03, AVNO, 144, 217N, 1098W,  78,  972, XX,  50, NEQ,   49,   53,   52,   52, 1008,  115,  25,   0,   0, 
EP, 20, 2026100706, 03, AVNO, 144, 217N, 1098W,  78,  972, XX,  64, NEQ,   32,   40,   36,    0, 1008,  115,  25,   0,   0, 
EP, 20, 2026100706, 03, AVNO, 150, 226N, 1099W,  75,  969, XX,  34, NEQ,   94,   94,   94,   77,  989,   37,  23,   0,   0, 
EP, 20, 2026100706, 03, AVNO, 150, 226N, 1099W,  75,  969, XX,  50, NEQ,   55,   52,   47,   35,  989,   37,  23,   0,   0, 
EP, 20, 2026100706, 03, AVNO, 150, 226N, 1099W,  75,  969, XX,  64, NEQ,   37,   38,   32,   24,  989,   37,  23,   0,   0, 
EP, 20, 2026100706, 03, AVNO, 156, 237N, 1100W,  77,  974, XX,  34, NEQ,  102,  103,   94,   67, 1006,   76,  32,   0,   0, 
EP, 20, 2026100706, 03, AVNO, 156, 237N, 1100W,  77,  974, XX,  50, NEQ,   63,   58,   46,   42, 1006,   76,  32,   0,   0, 
EP, 20, 2026100706, 03, AVNO, 156, 237N, 1100W,  77,  974, XX,  64, NEQ,   44,   30,   31,   28, 1006,   76,  32,   0,   0, 
EP, 20, 2026100706, 03, AVNO, 162, 249N, 1098W,  80,  970, XX,  34, NEQ,   83,  103,   58,   60,  982,   31,  28,   0,   0, 
EP, 20, 2026100706, 03, AVNO, 162, 249N, 1098W,  80,  970, XX,  50, NEQ,   60,   60,   46,   43,  982,   31,  28,   0,   0, 
EP, 20, 2026100706, 03, AVNO, 162, 249N, 1098W,  80,  970, XX,  64, NEQ,   46,   43,   38,   32,  982,   31,  28,   0,   0, 
EP, 20, 2026100706, 03, AVNO, 168, 261N, 1095W,  63,  978, XX,  34, NEQ,   53,   73,   60,   49, 1006,  225,  27,   0,   0, 
EP, 20, 2026100706, 03, AVNO, 168, 261N, 1095W,  63,  978, XX,  50, NEQ,   36,   41,   41,   32, 1006,  225,  27,   0,   0, 
EP, 20, 2026100706, 03, AVNO, 174, 283N, 1083W,  22, 1002, XX,  34, NEQ,    0,    0,    0,    0,  -99,  -99,  44,   0,   0, 
EP, 20, 2026100706, 03, AVNO, 180, 311N, 1059W,  33, 1000, XX,  34, NEQ,    0,    0,    0,    0,  -99,  -99, 101,   0,   0, 
EP, 20, 2026100706, 03, AVNO, 186, 333N, 1032W,  31, 1000, XX,  34, NEQ,    0,    0,    0,    0,  -99,  -99,  99,   0,   0, 
EP, 20, 2026100706, 03, AVNO, 192, 368N, 1011W,  29,  995, XX,  34, NEQ,    0,    0,    0,    0,  -99,  -99, 127,   0,   0, 
EP, 20, 2026100706, 03, AVNO, 198, 405N, 1004W,  26,  992, XX,  34, NEQ,    0,    0,    0,    0,  -99,  -99, 162,   0,   0, 
EP, 20, 2026100706, 03, AVNO, 204, 443N,  996W,  31,  994, XX,  34, NEQ,    0,    0,    0,    0, 1006,  371, 138,   0,   0, 
EP, 20, 2026100706, 03, AVNO, 210, 454N,  982W,  25,  996, XX,  34, NEQ,    0,    0,    0,    0,  -99,  -99, 112,   0,   0, 
EP, 20, 2026100706, 03, AVNO, 216, 464N,  971W,  22,  997, XX,  34, NEQ,    0,    0,    0,    0, 1009,  561,  88,   0,   0, 
EP, 20, 2026100706, 03, AVNO, 222, 467N,  967W,  26,  997, XX,  34, NEQ,    0,    0,    0,    0, 1009,  302, 151,   0,   0, 
EP, 20, 2026100706, 03, AVNO, 228, 465N,  956W,  26, 1000, XX,  34, NEQ,    0,    0,    0,    0, 1004,   73, 148,   0,   0, 
EP, 20, 2026100706, 03, AVNO, 234, 464N,  940W,  27, 1004, XX,  34, NEQ,    0,    0,    0,    0,  -99,  -99, 160,   0,   0, 
EP, 20, 2026100706, 03, AVNO, 240, 463N,  925W,  21, 1005, XX,  34, NEQ,    0,    0,    0,    0,  -99,  -99, 145,   0,   0, 
EP, 20, 2026100706, 03, HCCA,   0, 136N, 1003W,  25,    0,   ,   0,    ,    0,    0,    0,    0, 
EP, 20, 2026100706, 03, HCCA,  12, 144N, 1020W,  34,    0,   ,   0,    ,    0,    0,    0,    0, 
EP, 20, 2026100706, 03, HCCA,  24, 148N, 1036W,  45,    0,   ,   0,    ,    0,    0,    0,    0, 
EP, 20, 2026100706, 03, HCCA,  36, 153N, 1048W,  60,    0,   ,   0,    ,    0,    0,    0,    0, 
EP, 20, 2026100706, 03, HCCA,  48, 158N, 1056W,  77,    0,   ,   0,    ,    0,    0,    0,    0, 
EP, 20, 2026100706, 03, HCCA,  60, 164N, 1059W,  98,    0,   ,   0,    ,    0,    0,    0,    0, 
EP, 20, 2026100706, 03, HCCA,  72, 171N, 1060W, 110,    0,   ,   0,    ,    0,    0,    0,    0, 
EP, 20, 2026100706, 03, HCCA,  84, 180N, 1058W, 116,    0,   ,   0,    ,    0,    0,    0,    0, 
EP, 20, 2026100706, 03, HCCA,  96, 191N, 1058W, 114,    0,   ,   0,    ,    0,    0,    0,    0, 
EP, 20, 2026100706, 03, HCCA, 108, 207N, 1058W, 106,    0,   ,   0,    ,    0,    0,    0,    0, 
EP, 20, 2026100706, 03, HCCA, 120, 221N, 1060W,  96,    0,   ,   0,    ,    0,    0,    0,    0, 
EP, 20, 2026100706, 03, HCCA, 132, 230N, 1058W,  88,    0,   ,   0,    ,    0,    0,    0,    0, 
EP, 20, 2026100706, 03, HCCA, 144, 251N, 1055W,  48,    0,   ,   0,    ,    0,    0,    0,    0, 
EP, 20, 2026100706, 03, HCCA, 156, 269N, 1041W,  33,    0,   ,   0,    ,    0,    0,    0,    0, 
EP, 20, 2026100706, 03, HCCA, 168, 272N, 1038W,   0,    0,   ,   0,    ,    0,    0,    0,    0, 
EP, 20, 2026100706, 03, HFSA,   0, 137N,  999W,  25, 1006, XX,  34, NEQ,    0,    0,    0,    0,  -99,  -99,  69,   0,   0,    ,   0,    , 297,   6,           ,  ,  0,    ,    0,    0,    0,    0, THERMO PARAMS, 17, -538, -480, N, 10, DT, -999, SHR82, -99, 
EP, 20, 2026100706, 03, HFSA,   6, 142N, 1007W,  35, 1005, XX,  34, NEQ,    0,    0,    0,    0,  -99,  -99, 138,   0,   0,    ,   0,    , 309,  10,           ,  ,  0,    ,    0,    0,    0,    0, THERMO PARAMS, -9999, -9999, -9999, N, 10, DT, -999, SHR82, -99, 
EP, 20, 2026100706, 03, HFSA,  12, 147N, 1013W,  39,  998, XX,  34, NEQ,    0,    0,    0,    0, 1002,    3, 159,   0,   0,    ,   0,    ,  76,   2,           ,  ,  0,    ,    0,    0,    0,    0, THERMO PARAMS, -54, 571, 272, N, 10, DT, -999, SHR82, -99, 
EP, 20, 2026100706, 03, HFSA,  18, 145N, 1018W,  31, 1003, XX,  34, NEQ,    0,    0,    0,    0,  -99,  -99, 151,   0,   0,    ,   0,    , 252,   3,           ,  ,  0,    ,    0,    0,    0,    0, THERMO PARAMS, 21, -284, 339, N, 10, DT, -999, SHR82, -99, 
EP, 20, 2026100706, 03, HFSA,  24, 146N, 1021W,  32, 1003, XX,  34, NEQ,    0,    0,    0,    0,  -99,  -99,  22,   0,   0,    ,   0,    , 177,   0,           ,  ,  0,    ,    0,    0,    0,    0, THERMO PARAMS, -28, 145, 159, N, 10, DT, -999, SHR82, -99, 
EP, 20, 2026100706, 03, HFSA,  30, 151N, 1028W,  43, 1002, XX,  34, NEQ,    0,    0,    0,    0,  -99,  -99, 105,   0,   0,    ,   0,    , 280,   4,           ,  ,  0,    ,    0,    0,    0,    0, THERMO PARAMS, 42, -29, 355, N, 10, DT, -999, SHR82, -99, 
EP, 20, 2026100706, 03, HFSA,  36, 152N, 1038W,  39,  995, XX,  34, NEQ,    0,    0,    0,   32, 1003,   33,  47,   0,   0,    ,   0,    , 288,   6,           ,  ,  0,    ,    0,    0,    0,    0, THERMO PARAMS, 80, 363, 350, N, 10, DT, -999, SHR82, -99, 
EP, 20, 2026100706, 03, HFSA,  42, 152N, 1044W,  44,  991, XX,  34, NEQ,    0,   34,   44,    0,  995,    3,  32,   0,   0,    ,   0,    , 297,   1,           ,  ,  0,    ,    0,    0,    0,    0, THERMO PARAMS, 98, 132, 809, N, 10, DT, -999, SHR82, -99, 
EP, 20, 2026100706, 03, HFSA,  48, 154N, 1046W,  43,  994, XX,  34, NEQ,   37,   57,   58,    0,  998,   13,  30,   0,   0,    ,   0,    ,  19,   3,           ,  ,  0,    ,    0,    0,    0,    0, THERMO PARAMS, 16, 663, 462, N, 10, DT, -999, SHR82, -99, 
EP, 20, 2026100706, 03, HFSA,  54, 156N, 1048W,  55,  988, XX,  34, NEQ,   47,   84,   96,   28, 1000,   46,  19,   0,   0,    ,   0,    ,  16,   2,           ,  ,  0,    ,    0,    0,    0,    0, THERMO PARAMS, 27, 394, 1220, N, 10, DT, -999, SHR82, -99, 
EP, 20, 2026100706, 03, HFSA,  54, 156N, 1048W,  55,  988, XX,  50, NEQ,   18,   23,    0,    0, 1000,   46,  19,   0,   0,    ,   0,    ,  16,   2,           ,  ,  0,    ,    0,    0,    0,    0, THERMO PARAMS, 27, 394, 1220, N, 10, DT, -999, SHR82, -99, 
EP, 20, 2026100706, 03, HFSA,  60, 160N, 1053W,  45,  988, XX,  34, NEQ,   37,   92,  118,   53,  996,   20,  15,   0,   0,    ,   0,    , 319,   4,           ,  ,  0,    ,    0,    0,    0,    0, THERMO PARAMS, 52, 904, 904, N, 10, DT, -999, SHR82, -99, 
EP, 20, 2026100706, 03, HFSA,  66, 160N, 1057W,  57,  973, XX,  34, NEQ,  172,   74,   87,   65,  989,   14,  10,   0,   0,    ,   0,    ,  49,   1,           ,  ,  0,    ,    0,    0,    0,    0, THERMO PARAMS, 52, 1317, 1210, N, 10, DT, -999, SHR82, -99, 
EP, 20, 2026100706, 03, HFSA,  66, 160N, 1057W,  57,  973, XX,  50, NEQ,   11,   15,   15,   11,  989,   14,  10,   0,   0,    ,   0,    ,  49,   1,           ,  ,  0,    ,    0,    0,    0,    0, THERMO PARAMS, 52, 1317, 1210, N, 10, DT, -999, SHR82, -99, 
EP, 20, 2026100706, 03, HFSA,  72, 163N, 1056W,  80,  974, XX,  34, NEQ,  131,   84,  130,   53,  994,   26,  15,   0,   0,    ,   0,    ,  23,   6,           ,  ,  0,    ,    0,    0,    0,    0, THERMO PARAMS, -35, 1754, 1725, N, 10, DT, -999, SHR82, -99, 
EP, 20, 2026100706, 03, HFSA,  72, 163N, 1056W,  80,  974, XX,  50, NEQ,   24,   36,   29,   16,  994,   26,  15,   0,   0,    ,   0,    ,  23,   6,           ,  ,  0,    ,    0,    0,    0,    0, THERMO PARAMS, -35, 1754, 1725, N, 10, DT, -999, SHR82, -99, 
EP, 20, 2026100706, 03, HFSA,  72, 163N, 1056W,  80,  974, XX,  64, NEQ,   18,   23,    0,    0,  994,   26,  15,   0,   0,    ,   0,    ,  23,   6,           ,  ,  0,    ,    0,    0,    0,    0, THERMO PARAMS, -35, 1754, 1725, N, 10, DT, -999, SHR82, -99, 
EP, 20, 2026100706, 03, HFSA,  78, 169N, 1059W,  74,  965, XX,  34, NEQ,  167,  139,  146,  126,  993,   30,  15,   0,   0,    ,   0,    , 352,   5,           ,  ,  0,    ,    0,    0,    0,    0, THERMO PARAMS, -26, 1879, 1794, N, 10, DT, -999, SHR82, -99, 
EP, 20, 2026100706, 03, HFSA,  78, 169N, 1059W,  74,  965, XX,  50, NEQ,   28,   19,   21,   31,  993,   30,  15,   0,   0,    ,   0,    , 352,   5,           ,  ,  0,    ,    0,    0,    0,    0, THERMO PARAMS, -26, 1879, 1794, N, 10, DT, -999, SHR82, -99, 
EP, 20, 2026100706, 03, HFSA,  78, 169N, 1059W,  74,  965, XX,  64, NEQ,   18,   10,   13,   19,  993,   30,  15,   0,   0,    ,   0,    , 352,   5,           ,  ,  0,    ,    0,    0,    0,    0, THERMO PARAMS, -26, 1879, 1794, N, 10, DT, -999, SHR82, -99, 
EP, 20, 2026100706, 03, HFSA,  84, 172N, 1062W,  89,  959, XX,  34, NEQ,  139,  128,   99,  125,  995,   37,  13,   0,   0,    ,   0,    ,   7,   5,           ,  ,  0,    ,    0,    0,    0,    0, THERMO PARAMS, -11, 1946, 2260, N, 10, DT, -999, SHR82, -99, 
EP, 20, 2026100706, 03, HFSA,  84, 172N, 1062W,  89,  959, XX,  50, NEQ,   36,   47,   32,   26,  995,   37,  13,   0,   0,    ,   0,    ,   7,   5,           ,  ,  0,    ,    0,    0,    0,    0, THERMO PARAMS, -11, 1946, 2260, N, 10, DT, -999, SHR82, -99, 
EP, 20, 2026100706, 03, HFSA,  84, 172N, 1062W,  89,  959, XX,  64, NEQ,   23,   26,   24,   18,  995,   37,  13,   0,   0,    ,   0,    ,   7,   5,           ,  ,  0,    ,    0,    0,    0,    0, THERMO PARAMS, -11, 1946, 2260, N, 10, DT, -999, SHR82, -99, 
EP, 20, 2026100706, 03, HFSA,  90, 178N, 1062W,  95,  953, XX,  34, NEQ,  126,  113,   96,  105,  989,   30,  12,   0,   0,    ,   0,    ,  16,   7,           ,  ,  0,    ,    0,    0,    0,    0, THERMO PARAMS, -37, 1798, 2474, N, 10, DT, -999, SHR82, -99, 
EP, 20, 2026100706, 03, HFSA,  90, 178N, 1062W,  95,  953, XX,  50, NEQ,   45,   53,   53,   37,  989,   30,  12,   0,   0,    ,   0,    ,  16,   7,           ,  ,  0,    ,    0,    0,    0,    0, THERMO PARAMS, -37, 1798, 2474, N, 10, DT, -999, SHR82, -99, 
EP, 20, 2026100706, 03, HFSA,  90, 178N, 1062W,  95,  953, XX,  64, NEQ,   31,   34,   23,   24,  989,   30,  12,   0,   0,    ,   0,    ,  16,   7,           ,  ,  0,    ,    0,    0,    0,    0, THERMO PARAMS, -37, 1798, 2474, N, 10, DT, -999, SHR82, -99, 
EP, 20, 2026100706, 03, HFSA,  96, 185N, 1064W,  99,  955, XX,  34, NEQ,  144,  160,  110,   81,  991,   33,  15,   0,   0,    ,   0,    ,   8,   7,           ,  ,  0,    ,    0,    0,    0,    0, THERMO PARAMS, -34, 2161, 2703, N, 10, DT, -999, SHR82, -99, 
EP, 20, 2026100706, 03, HFSA,  96, 185N, 1064W,  99,  955, XX,  50, NEQ,   55,   53,   50,   45,  991,   33,  15,   0,   0,    ,   0,    ,   8,   7,           ,  ,  0,    ,    0,    0,    0,    0, THERMO PARAMS, -34, 2161, 2703, N, 10, DT, -999, SHR82, -99, 
EP, 20, 2026100706, 03, HFSA,  96, 185N, 1064W,  99,  955, XX,  64, NEQ,   36,   37,   26,   29,  991,   33,  15,   0,   0,    ,   0,    ,   8,   7,           ,  ,  0,    ,    0,    0,    0,    0, THERMO PARAMS, -34, 2161, 2703, N, 10, DT, -999, SHR82, -99, 
EP, 20, 2026100706, 03, HFSA, 102, 191N, 1064W, 119,  953, XX,  34, NEQ,   84,  130,   89,   83,  989,   32,  15,   0,   0,    ,   0,    ,  21,   9,           ,  ,  0,    ,    0,    0,    0,    0, THERMO PARAMS, -70, 2133, 2890, N, 10, DT, -999, SHR82, -99, 
EP, 20, 2026100706, 03, HFSA, 102, 191N, 1064W, 119,  953, XX,  50, NEQ,   57,   55,   58,   52,  989,   32,  15,   0,   0,    ,   0,    ,  21,   9,           ,  ,  0,    ,    0,    0,    0,    0, THERMO PARAMS, -70, 2133, 2890, N, 10, DT, -999, SHR82, -99, 
EP, 20, 2026100706, 03, HFSA, 102, 191N, 1064W, 119,  953, XX,  64, NEQ,   37,   40,   39,   39,  989,   32,  15,   0,   0,    ,   0,    ,  21,   9,           ,  ,  0,    ,    0,    0,    0,    0, THERMO PARAMS, -70, 2133, 2890, N, 10, DT, -999, SHR82, -99, 
EP, 20, 2026100706, 03, HFSA, 108, 202N, 1065W, 120,  955, XX,  34, NEQ,   63,   92,   81,   73,  995,   34,  15,   0,   0,    ,   0,    ,   4,  12,           ,  ,  0,    ,    0,    0,    0,    0, THERMO PARAMS, 47, 1947, 2371, N, 10, DT, -999, SHR82, -99, 
EP, 20, 2026100706, 03, HFSA, 108, 202N, 1065W, 120,  955, XX,  50, NEQ,   47,   62,   55,   40,  995,   34,  15,   0,   0,    ,   0,    ,   4,  12,           ,  ,  0,    ,    0,    0,    0,    0, THERMO PARAMS, 47, 1947, 2371, N, 10, DT, -999, SHR82, -99, 
EP, 20, 2026100706, 03, HFSA, 108, 202N, 1065W, 120,  955, XX,  64, NEQ,   45,   47,   34,   29,  995,   34,  15,   0,   0,    ,   0,    ,   4,  12,           ,  ,  0,    ,    0,    0,    0,    0, THERMO PARAMS, 47, 1947, 2371, N, 10, DT, -999, SHR82, -99, 
EP, 20, 2026100706, 03, HFSA, 114, 214N, 1067W, 129,  948, XX,  34, NEQ,   76,   87,   70,   66,  992,   26,  13,   0,   0,    ,   0,    ,   5,  10,           ,  ,  0,    ,    0,    0,    0,    0, THERMO PARAMS, 47, 1836, 2487, N, 10, DT, -999, SHR82, -99, 
EP, 20, 2026100706, 03, HFSA, 114, 214N, 1067W, 129,  948, XX,  50, NEQ,   60,   66,   45,   40,  992,   26,  13,   0,   0,    ,   0,    ,   5,  10,           ,  ,  0,    ,    0,    0,    0,    0, THERMO PARAMS, 47, 1836, 2487, N, 10, DT, -999, SHR82, -99, 
EP, 20, 2026100706, 03, HFSA, 114, 214N, 1067W, 129,  948, XX,  64, NEQ,   40,   42,   29,   24,  992,   26,  13,   0,   0,    ,   0,    ,   5,  10,           ,  ,  0,    ,    0,    0,    0,    0, THERMO PARAMS, 47, 1836, 2487, N, 10, DT, -999, SHR82, -99, 
EP, 20, 2026100706, 03, HFSA, 120, 223N, 1071W, 127,  953, XX,  34, NEQ,   76,   94,   60,   91, 1005,   50,  10,   0,   0,    ,   0,    , 358,  10,           ,  ,  0,    ,    0,    0,    0,    0, THERMO PARAMS, 1, 2346, 2811, N, 10, DT, -999, SHR82, -99, 
EP, 20, 2026100706, 03, HFSA, 120, 223N, 1071W, 127,  953, XX,  50, NEQ,   58,   58,   29,   37, 1005,   50,  10,   0,   0,    ,   0,    , 358,  10,           ,  ,  0,    ,    0,    0,    0,    0, THERMO PARAMS, 1, 2346, 2811, N, 10, DT, -999, SHR82, -99, 
EP, 20, 2026100706, 03, HFSA, 120, 223N, 1071W, 127,  953, XX,  64, NEQ,   26,   26,   19,   24, 1005,   50,  10,   0,   0,    ,   0,    , 358,  10,           ,  ,  0,    ,    0,    0,    0,    0, THERMO PARAMS, 1, 2346, 2811, N, 10, DT, -999, SHR82, -99, 
EP, 20, 2026100706, 03, HFSA, 126, 233N, 1073W, 101,  970, XX,  34, NEQ,   44,   81,   36,   45, 1006,   60,  12,   0,   0,    ,   0,    , -99, -99,           ,  ,  0,    ,    0,    0,    0,    0, THERMO PARAMS, 3, 1550, 2464, N, 10, DT, -999, SHR82, -99, 
EP, 20, 2026100706, 03, HFSA, 126, 233N, 1073W, 101,  970, XX,  50, NEQ,   37,   39,   23,   31, 1006,   60,  12,   0,   0,    ,   0,    , -99, -99,           ,  ,  0,    ,    0,    0,    0,    0, THERMO PARAMS, 3, 1550, 2464, N, 10, DT, -999, SHR82, -99, 
EP, 20, 2026100706, 03, HFSA, 126, 233N, 1073W, 101,  970, XX,  64, NEQ,   24,   23,   15,   21, 1006,   60,  12,   0,   0,    ,   0,    , -99, -99,           ,  ,  0,    ,    0,    0,    0,    0, THERMO PARAMS, 3, 1550, 2464, N, 10, DT, -999, SHR82, -99, 
EP, 20, 2026100706, 03, TVCN,   0, 136N, 1003W,   0,    0,   ,   0,    ,    0,    0,    0,    0, 
EP, 20, 2026100706, 03, TVCN,  12, 144N, 1019W,   0,    0,   ,   0,    ,    0,    0,    0,    0, 
EP, 20, 2026100706, 03, TVCN,  24, 147N, 1032W,   0,    0,   ,   0,    ,    0,    0,    0,    0, 
EP, 20, 2026100706, 03, TVCN,  36, 151N, 1042W,   0,    0,   ,   0,    ,    0,    0,    0,    0, 
EP, 20, 2026100706, 03, TVCN,  48, 155N, 1049W,   0,    0,   ,   0,    ,    0,    0,    0,    0, 
EP, 20, 2026100706, 03, TVCN,  60, 162N, 1054W,   0,    0,   ,   0,    ,    0,    0,    0,    0, 
EP, 20, 2026100706, 03, TVCN,  72, 171N, 1058W,   0,    0,   ,   0,    ,    0,    0,    0,    0, 
EP, 20, 2026100706, 03, TVCN,  84, 182N, 1061W,   0,    0,   ,   0,    ,    0,    0,    0,    0, 
EP, 20, 2026100706, 03, TVCN,  96, 198N, 1064W,   0,    0,   ,   0,    ,    0,    0,    0,    0, 
EP, 20, 2026100706, 03, TVCN, 108, 215N, 1066W,   0,    0,   ,   0,    ,    0,    0,    0,    0, 
EP, 20, 2026100706, 03, TVCN, 120, 233N, 1066W,   0,    0,   ,   0,    ,    0,    0,    0,    0, 
EP, 20, 2026100706, 03, TVCN, 132, 244N, 1076W,   0,    0,   ,   0,    ,    0,    0,    0,    0, 
EP, 20, 2026100706, 03, TVCN, 144, 251N, 1091W,   0,    0,   ,   0,    ,    0,    0,    0,    0, 
EP, 20, 2026100706, 03, TVCN, 156, 274N, 1084W,   0,    0,   ,   0,    ,    0,    0,    0,    0, 
EP, 20, 2026100706, 03, TVCN, 168, 285N, 1075W,   0,    0,   ,   0,    ,    0,    0,    0,    0, 
EP, 20, 2026100712, 03,  UKX,   0, 136N, 1005W,  23, 1007, XX,  34, NEQ,    0,    0,    0,    0, 
EP, 20, 2026100712, 03,  UKX,   6, 142N, 1013W,  23, 1005, XX,  34, NEQ,    0,    0,    0,    0, 
EP, 20, 2026100712, 03,  UKX,  12, 147N, 1022W,  24, 1006, XX,  34, NEQ,    0,    0,    0,    0, 
EP, 20, 2026100712, 03,  UKX,  18, 142N, 1031W,  20, 1005, XX,  34, NEQ,    0,    0,    0,    0, 
EP, 20, 2026100712, 03,  UKX,  24, 141N, 1036W,  24, 1005, XX,  34, NEQ,    0,    0,    0,    0, 
EP, 20, 2026100712, 03,  UKX,  30, 141N, 1038W,  26, 1003, XX,  34, NEQ,    0,    0,    0,    0, 
EP, 20, 2026100712, 03,  UKX,  36, 147N, 1040W,  27, 1003, XX,  34, NEQ,    0,    0,    0,    0, 
EP, 20, 2026100712, 03,  UKX,  42, 150N, 1049W,  26, 1002, XX,  34, NEQ,    0,    0,    0,    0, 
EP, 20, 2026100712, 03,  UKX,  48, 150N, 1054W,  30, 1001, XX,  34, NEQ,    0,    0,    0,    0, 
EP, 20, 2026100712, 03,  UKX,  54, 156N, 1055W,  32, 1002, XX,  34, NEQ,    0,    0,    0,    0, 
EP, 20, 2026100712, 03,  UKX,  60, 161N, 1059W,  33,  998, XX,  34, NEQ,    0,    0,    0,    0, 
EP, 20, 2026100712, 03,  UKX,  66, 166N, 1061W,  36,  999, XX,  34, NEQ,  128,   63,    0,    0, 
EP, 20, 2026100712, 03,  UKX,  72, 171N, 1062W,  38,  997, XX,  34, NEQ,  123,    0,    0,   69, 
EP, 20, 2026100712, 03,  UKX,  78, 177N, 1064W,  42,  998, XX,  34, NEQ,  133,   84,    0,   96, 
EP, 20, 2026100712, 03,  UKX,  84, 184N, 1063W,  41,  996, XX,  34, NEQ,  103,  102,   75,   74, 
EP, 20, 2026100712, 03,  UKX,  90, 192N, 1058W,  39,  999, XX,  34, NEQ,   48,   95,    0,    0, 
EP, 20, 2026100712, 03,  UKX,  96, 206N, 1055W,  27, 1001, XX,  34, NEQ,    0,    0,    0,    0, 
EP, 20, 2026100712, 03,  UKX, 102, 220N, 1055W,  23, 1007, XX,  34, NEQ,    0,    0,    0,    0, 
EP, 20, 2026100712, 03,  UKX, 108, 230N, 1048W,  20, 1006, XX,  34, NEQ,    0,    0,    0,    0, 
EP, 20, 2026100712, 03, AVNO,   0, 145N,  998W,  25, 1003, XX,  34, NEQ,    0,    0,    0,    0, 1007,  104, 106,   0,   0, 
EP, 20, 2026100712, 03, AVNO,   6, 150N, 1011W,  38, 1005, XX,  34, NEQ,  158,    0,    0,    0, 1009,  528, 158,   0,   0, 
EP, 20, 2026100712, 03, AVNO,  12, 150N, 1023W,  35, 1002, XX,  34, NEQ,  130,    0,    0,    0, 1006,  117, 130,   0,   0, 
EP, 20, 2026100712, 03, AVNO,  18, 144N, 1029W,  31,  999, XX,  34, NEQ,    0,    0,    0,    0, 1007,   81,  33,   0,   0, 
EP, 20, 2026100712, 03, AVNO,  24, 144N, 1032W,  33,  999, XX,  34, NEQ,    0,    0,    0,    0, 1003,   53,  35,   0,   0, 
EP, 20, 2026100712, 03, AVNO,  30, 147N, 1039W,  31, 1000, XX,  34, NEQ,    0,    0,    0,    0, 1008,  121,  51,   0,   0, 
EP, 20, 2026100712, 03, AVNO,  36, 146N, 1045W,  40,  993, XX,  34, NEQ,   31,   65,   44,    0, 1005,   96,  25,   0,   0, 
EP, 20, 2026100712, 03, AVNO,  42, 147N, 1048W,  47,  992, XX,  34, NEQ,   54,   77,  103,   36, 1004,   58,  34,   0,   0, 
EP, 20, 2026100712, 03, AVNO,  48, 149N, 1049W,  57,  982, XX,  34, NEQ,   55,   87,  124,   38, 1006,  836,  26,   0,   0, 
EP, 20, 2026100712, 03, AVNO,  48, 149N, 1049W,  57,  982, XX,  50, NEQ,   31,   31,   43,    0, 1006,  836,  26,   0,   0, 
EP, 20, 2026100712, 03, AVNO,  54, 153N, 1051W,  55,  984, XX,  34, NEQ,   58,  108,  123,   47, 1004,   78,  26,   0,   0, 
EP, 20, 2026100712, 03, AVNO,  54, 153N, 1051W,  55,  984, XX,  50, NEQ,   29,   25,    0,    0, 1004,   78,  26,   0,   0, 
EP, 20, 2026100712, 03, AVNO,  60, 155N, 1053W,  53,  982, XX,  34, NEQ,   63,  138,  137,   53, 1002,   73,  18,   0,   0, 
EP, 20, 2026100712, 03, AVNO,  60, 155N, 1053W,  53,  982, XX,  50, NEQ,   23,   26,    0,    0, 1002,   73,  18,   0,   0, 
EP, 20, 2026100712, 03, AVNO,  66, 157N, 1055W,  69,  977, XX,  34, NEQ,  103,   85,   75,   63, 1005,   94,  19,   0,   0, 
EP, 20, 2026100712, 03, AVNO,  66, 157N, 1055W,  69,  977, XX,  50, NEQ,   32,   38,   37,   32, 1005,   94,  19,   0,   0, 
EP, 20, 2026100712, 03, AVNO,  66, 157N, 1055W,  69,  977, XX,  64, NEQ,    0,   24,    0,    0, 1005,   94,  19,   0,   0, 
EP, 20, 2026100712, 03, AVNO,  72, 163N, 1058W,  72,  969, XX,  34, NEQ,  154,  124,  123,   77,  993,   37,  24,   0,   0, 
EP, 20, 2026100712, 03, AVNO,  72, 163N, 1058W,  72,  969, XX,  50, NEQ,   43,   44,   35,   38,  993,   37,  24,   0,   0, 
EP, 20, 2026100712, 03, AVNO,  72, 163N, 1058W,  72,  969, XX,  64, NEQ,   28,   28,    0,    0,  993,   37,  24,   0,   0, 
EP, 20, 2026100712, 03, AVNO,  78, 166N, 1064W,  78,  966, XX,  34, NEQ,  158,  144,   74,   90,  990,   37,  23,   0,   0, 
EP, 20, 2026100712, 03, AVNO,  78, 166N, 1064W,  78,  966, XX,  50, NEQ,   45,   40,   38,   41,  990,   37,  23,   0,   0, 
EP, 20, 2026100712, 03, AVNO,  78, 166N, 1064W,  78,  966, XX,  64, NEQ,   34,   33,   26,   28,  990,   37,  23,   0,   0, 
EP, 20, 2026100712, 03, AVNO,  84, 168N, 1068W,  79,  960, XX,  34, NEQ,  167,   99,  100,  117,  980,   21,  18,   0,   0, 
EP, 20, 2026100712, 03, AVNO,  84, 168N, 1068W,  79,  960, XX,  50, NEQ,   47,   47,   46,   47,  980,   21,  18,   0,   0, 
EP, 20, 2026100712, 03, AVNO,  84, 168N, 1068W,  79,  960, XX,  64, NEQ,   33,   32,   35,   34,  980,   21,  18,   0,   0, 
EP, 20, 2026100712, 03, AVNO,  90, 171N, 1069W,  78,  963, XX,  34, NEQ,  170,  109,  110,  117,  983,   32,  28,   0,   0, 
EP, 20, 2026100712, 03, AVNO,  90, 171N, 1069W,  78,  963, XX,  50, NEQ,   56,   51,   60,   44,  983,   32,  28,   0,   0, 
EP, 20, 2026100712, 03, AVNO,  90, 171N, 1069W,  78,  963, XX,  64, NEQ,   33,   38,   35,   30,  983,   32,  28,   0,   0, 
EP, 20, 2026100712, 03, AVNO,  96, 178N, 1071W,  77,  961, XX,  34, NEQ,  143,  106,  103,  103,  981,   33,  31,   0,   0, 
EP, 20, 2026100712, 03, AVNO,  96, 178N, 1071W,  77,  961, XX,  50, NEQ,   63,   70,   70,   46,  981,   33,  31,   0,   0, 
EP, 20, 2026100712, 03, AVNO,  96, 178N, 1071W,  77,  961, XX,  64, NEQ,   49,   48,   38,   33,  981,   33,  31,   0,   0, 
EP, 20, 2026100712, 03, AVNO, 102, 187N, 1075W,  91,  962, XX,  34, NEQ,  140,  111,  102,   95,  982,   32,  28,   0,   0, 
EP, 20, 2026100712, 03, AVNO, 102, 187N, 1075W,  91,  962, XX,  50, NEQ,   70,   62,   67,   63,  982,   32,  28,   0,   0, 
EP, 20, 2026100712, 03, AVNO, 102, 187N, 1075W,  91,  962, XX,  64, NEQ,   47,   48,   46,   41,  982,   32,  28,   0,   0, 
EP, 20, 2026100712, 03, AVNO, 108, 195N, 1078W,  88,  960, XX,  34, NEQ,  120,   94,   90,   88,  980,   28,  23,   0,   0, 
EP, 20, 2026100712, 03, AVNO, 108, 195N, 1078W,  88,  960, XX,  50, NEQ,   67,   62,   61,   54,  980,   28,  23,   0,   0, 
EP, 20, 2026100712, 03, AVNO, 108, 195N, 1078W,  88,  960, XX,  64, NEQ,   45,   47,   41,   40,  980,   28,  23,   0,   0, 
EP, 20, 2026100712, 03, AVNO, 114, 204N, 1081W,  79,  967, XX,  34, NEQ,  119,  120,   84,   73,  991,   30,  29,   0,   0, 
EP, 20, 2026100712, 03, AVNO, 114, 204N, 1081W,  79,  967, XX,  50, NEQ,   63,   57,   53,   55,  991,   30,  29,   0,   0, 
EP, 20, 2026100712, 03, AVNO, 114, 204N, 1081W,  79,  967, XX,  64, NEQ,   42,   42,   39,   31,  991,   30,  29,   0,   0, 
EP, 20, 2026100712, 03, AVNO, 120, 212N, 1083W,  77,  969, XX,  34, NEQ,  117,  116,   76,   78,  985,   31,  27,   0,   0, 
EP, 20, 2026100712, 03, AVNO, 120, 212N, 1083W,  77,  969, XX,  50, NEQ,   61,   55,   51,   50,  985,   31,  27,   0,   0, 
EP, 20, 2026100712, 03, AVNO, 120, 212N, 1083W,  77,  969, XX,  64, NEQ,   39,   41,   28,   32,  985,   31,  27,   0,   0, 
EP, 20, 2026100712, 03, AVNO, 126, 220N, 1086W,  73,  973, XX,  34, NEQ,   99,   92,   74,   70, 1009,   99,  31,   0,   0, 
EP, 20, 2026100712, 03, AVNO, 126, 220N, 1086W,  73,  973, XX,  50, NEQ,   57,   48,   50,   49, 1009,   99,  31,   0,   0, 
EP, 20, 2026100712, 03, AVNO, 126, 220N, 1086W,  73,  973, XX,  64, NEQ,   40,   36,   38,   33, 1009,   99,  31,   0,   0, 
EP, 20, 2026100712, 03, AVNO, 132, 227N, 1088W,  77,  970, XX,  34, NEQ,   88,   76,   82,   68, 1006,   89,  25,   0,   0, 
EP, 20, 2026100712, 03, AVNO, 132, 227N, 1088W,  77,  970, XX,  50, NEQ,   50,   49,   51,   41, 1006,   89,  25,   0,   0, 
EP, 20, 2026100712, 03, AVNO, 132, 227N, 1088W,  77,  970, XX,  64, NEQ,   37,   36,   36,   23, 1006,   89,  25,   0,   0, 
EP, 20, 2026100712, 03, AVNO, 138, 234N, 1090W,  91,  966, XX,  34, NEQ,   91,   85,   89,   67,  982,   20,  25,   0,   0, 
EP, 20, 2026100712, 03, AVNO, 138, 234N, 1090W,  91,  966, XX,  50, NEQ,   49,   53,   43,   39,  982,   20,  25,   0,   0, 
EP, 20, 2026100712, 03, AVNO, 138, 234N, 1090W,  91,  966, XX,  64, NEQ,   39,   35,   28,   30,  982,   20,  25,   0,   0, 
EP, 20, 2026100712, 03, AVNO, 144, 241N, 1089W,  85,  960, XX,  34, NEQ,   80,   93,   87,   61,  988,   41,  23,   0,   0, 
EP, 20, 2026100712, 03, AVNO, 144, 241N, 1089W,  85,  960, XX,  50, NEQ,   57,   56,   39,   44,  988,   41,  23,   0,   0, 
EP, 20, 2026100712, 03, AVNO, 144, 241N, 1089W,  85,  960, XX,  64, NEQ,   39,   41,   34,   34,  988,   41,  23,   0,   0, 
EP, 20, 2026100712, 03, AVNO, 150, 250N, 1087W,  86,  963, XX,  34, NEQ,   40,   73,   63,   52,  979,   20,  16,   0,   0, 
EP, 20, 2026100712, 03, AVNO, 150, 250N, 1087W,  86,  963, XX,  50, NEQ,   30,   42,   39,   38,  979,   20,  16,   0,   0, 
EP, 20, 2026100712, 03, AVNO, 150, 250N, 1087W,  86,  963, XX,  64, NEQ,   25,   35,   32,   23,  979,   20,  16,   0,   0, 
EP, 20, 2026100712, 03, AVNO, 156, 267N, 1081W,  23, 1001, XX,  34, NEQ,    0,    0,    0,    0,  -99,  -99,  76,   0,   0, 
EP, 20, 2026100712, 03, AVNO, 162, 291N, 1064W,  26, 1002, XX,  34, NEQ,    0,    0,    0,    0,  -99,  -99,  60,   0,   0, 
EP, 20, 2026100712, 03, AVNO, 168, 309N, 1048W,  27, 1002, XX,  34, NEQ,    0,    0,    0,    0,  -99,  -99, 137,   0,   0, 
EP, 20, 2026100712, 03, AVNO, 174, 338N, 1034W,  34,  998, XX,  34, NEQ,    0,    0,    0,    0,  -99,  -99, 111,   0,   0, 
EP, 20, 2026100712, 03, AVNO, 180, 377N, 1030W,  35,  990, XX,  34, NEQ,    0,    0,  180,   71,  998,  218,  71,   0,   0, 
EP, 20, 2026100712, 03, AVNO, 186, 402N, 1008W,  34,  993, XX,  34, NEQ,    0,    0,    0,   30,  -99,  -99,  30,   0,   0, 
EP, 20, 2026100712, 03, AVNO, 192, 428N,  974W,  28,  995, XX,  34, NEQ,    0,    0,    0,    0,  -99,  -99, 133,   0,   0, 
EP, 20, 2026100712, 03, AVNO, 198, 438N,  943W,  24,  997, XX,  34, NEQ,    0,    0,    0,    0,  -99,  -99,  64,   0,   0, 
EP, 20, 2026100712, 03, AVNO, 204, 462N,  899W,  27, 1000, XX,  34, NEQ,    0,    0,    0,    0,  -99,  -99,  50,   0,   0, 
EP, 20, 2026100712, 03, AVNO, 210, 493N,  843W,  27, 1001, XX,  34, NEQ,    0,    0,    0,    0,  -99,  -99, 160,   0,   0, 
EP, 20, 2026100712, 03, AVNO, 216, 520N,  788W,  24,  997, XX,  34, NEQ,    0,    0,    0,    0,  -99,  -99,  74,   0,   0, 
EP, 20, 2026100712, 03, HCCA,   0, 139N, 1006W,  30,    0,   ,   0,    ,    0,    0,    0,    0, 
EP, 20, 2026100712, 03, HCCA,  12, 144N, 1023W,  36,    0,   ,   0,    ,    0,    0,    0,    0, 
EP, 20, 2026100712, 03, HCCA,  24, 146N, 1035W,  47,    0,   ,   0,    ,    0,    0,    0,    0, 
EP, 20, 2026100712, 03, HCCA,  36, 150N, 1044W,  55,    0,   ,   0,    ,    0,    0,    0,    0, 
EP, 20, 2026100712, 03, HCCA,  48, 156N, 1049W,  64,    0,   ,   0,    ,    0,    0,    0,    0, 
EP, 20, 2026100712, 03, HCCA,  60, 163N, 1053W,  72,    0,   ,   0,    ,    0,    0,    0,    0, 
EP, 20, 2026100712, 03, HCCA,  72, 172N, 1056W,  80,    0,   ,   0,    ,    0,    0,    0,    0, 
EP, 20, 2026100712, 03, HCCA,  84, 185N, 1059W,  89,    0,   ,   0,    ,    0,    0,    0,    0, 
EP, 20, 2026100712, 03, HCCA,  96, 202N, 1062W, 104,    0,   ,   0,    ,    0,    0,    0,    0, 
EP, 20, 2026100712, 03, HCCA, 108, 221N, 1066W, 113,    0,   ,   0,    ,    0,    0,    0,    0, 
EP, 20, 2026100712, 03, HCCA, 120, 241N, 1072W, 116,    0,   ,   0,    ,    0,    0,    0,    0, 
EP, 20, 2026100712, 03, HCCA, 132, 258N, 1073W,  73,    0,   ,   0,    ,    0,    0,    0,    0, 
EP, 20, 2026100712, 03, HCCA, 144, 274N, 1069W,  49,    0,   ,   0,    ,    0,    0,    0,    0, 
EP, 20, 2026100712, 03, HCCA, 156, 293N, 1059W,  47,    0,   ,   0,    ,    0,    0,    0,    0, 
EP, 20, 2026100712, 03, HCCA, 168, 301N, 1054W,   0,    0,   ,   0,    ,    0,    0,    0,    0, 
EP, 20, 2026100712, 03, HFSA,   0, 147N, 1014W,  29, 1000, XX,  34, NEQ,    0,    0,    0,    0, 1004,   18,  58,   0,   0,    ,   0,    , 295,   4,           ,  ,  0,    ,    0,    0,    0,    0, THERMO PARAMS, 15, -179, -16, N, 10, DT, -999, SHR82, -99, 
EP, 20, 2026100712, 03, HFSA,   6, 146N, 1020W,  31, 1000, XX,  34, NEQ,    0,    0,    0,    0, 1004,    2, 112,   0,   0,    ,   0,    , 232,   4,           ,  ,  0,    ,    0,    0,    0,    0, THERMO PARAMS, 36, 51, -109, N, 10, DT, -999, SHR82, -99, 
EP, 20, 2026100712, 03, HFSA,  12, 144N, 1023W,  26, 1004, XX,  34, NEQ,    0,    0,    0,    0,  -99,  -99, 120,   0,   0,    ,   0,    , 212,   3,           ,  ,  0,    ,    0,    0,    0,    0, THERMO PARAMS, -12, 150, 139, N, 10, DT, -999, SHR82, -99, 
EP, 20, 2026100712, 03, HFSA,  18, 141N, 1025W,  28, 1004, XX,  34, NEQ,    0,    0,    0,    0,  -99,  -99, 102,   0,   0,    ,   0,    , 204,   3,           ,  ,  0,    ,    0,    0,    0,    0, THERMO PARAMS, 23, 122, 39, N, 10, DT, -999, SHR82, -99, 
EP, 20, 2026100712, 03, HFSA,  24, 140N, 1029W,  33, 1001, XX,  34, NEQ,    0,    0,    0,    0,  -99,  -99, 150,   0,   0,    ,   0,    , 148,   2,           ,  ,  0,    ,    0,    0,    0,    0, THERMO PARAMS, -56, -93, 224, N, 10, DT, -999, SHR82, -99, 
EP, 20, 2026100712, 03, HFSA,  30, 144N, 1031W,  36, 1000, XX,  34, NEQ,    0,   23,    0,    0, 1004,   35,  21,   0,   0,    ,   0,    , 338,   4,           ,  ,  0,    ,    0,    0,    0,    0, THERMO PARAMS, 82, 139, 395, N, 10, DT, -999, SHR82, -99, 
EP, 20, 2026100712, 03, HFSA,  36, 149N, 1038W,  36,  994, XX,  34, NEQ,    0,   19,   45,    0,  -99,  -99,  19,   0,   0,    ,   0,    , 314,   4,           ,  ,  0,    ,    0,    0,    0,    0, THERMO PARAMS, 91, 110, 361, N, 10, DT, -999, SHR82, -99, 
EP, 20, 2026100712, 03, HFSA,  42, 153N, 1041W,  40,  994, XX,  34, NEQ,   32,   31,    0,    0,  998,    4,  26,   0,   0,    ,   0,    , 339,   5,           ,  ,  0,    ,    0,    0,    0,    0, THERMO PARAMS, 32, 248, 547, N, 10, DT, -999, SHR82, -99, 
EP, 20, 2026100712, 03, HFSA,  48, 155N, 1046W,  44,  987, XX,  34, NEQ,   31,  104,  107,    0,  995,   13,  23,   0,   0,    ,   0,    , 320,   2,           ,  ,  0,    ,    0,    0,    0,    0, THERMO PARAMS, 31, 1141, 877, N, 10, DT, -999, SHR82, -99, 
EP, 20, 2026100712, 03, HFSA,  54, 158N, 1050W,  47,  988, XX,  34, NEQ,   45,   68,   70,   16,  996,   16,  23,   0,   0,    ,   0,    , 338,   3,           ,  ,  0,    ,    0,    0,    0,    0, THERMO PARAMS, 40, 1201, 737, N, 10, DT, -999, SHR82, -99, 
EP, 20, 2026100712, 03, HFSA,  60, 160N, 1052W,  51,  980, XX,  34, NEQ,  167,  117,  115,   50,  992,   18,  16,   0,   0,    ,   0,    ,  19,   3,           ,  ,  0,    ,    0,    0,    0,    0, THERMO PARAMS, -11, 1390, 1311, N, 10, DT, -999, SHR82, -99, 
EP, 20, 2026100712, 03, HFSA,  60, 160N, 1052W,  51,  980, XX,  50, NEQ,    0,    0,    0,   16,  992,   18,  16,   0,   0,    ,   0,    ,  19,   3,           ,  ,  0,    ,    0,    0,    0,    0, THERMO PARAMS, -11, 1390, 1311, N, 10, DT, -999, SHR82, -99, 
EP, 20, 2026100712, 03, HFSA,  66, 164N, 1054W,  57,  975, XX,  34, NEQ,  159,  104,  110,   74,  999,   44,  16,   0,   0,    ,   0,    ,   4,   5,           ,  ,  0,    ,    0,    0,    0,    0, THERMO PARAMS, -33, 2024, 1558, N, 10, DT, -999, SHR82, -99, 
EP, 20, 2026100712, 03, HFSA,  66, 164N, 1054W,  57,  975, XX,  50, NEQ,   18,   23,    0,   13,  999,   44,  16,   0,   0,    ,   0,    ,   4,   5,           ,  ,  0,    ,    0,    0,    0,    0, THERMO PARAMS, -33, 2024, 1558, N, 10, DT, -999, SHR82, -99, 
EP, 20, 2026100712, 03, HFSA,  72, 170N, 1055W,  73,  966, XX,  34, NEQ,  170,  128,   73,  100,  998,   54,  20,   0,   0,    ,   0,    ,   7,   6,           ,  ,  0,    ,    0,    0,    0,    0, THERMO PARAMS, -47, 2020, 1801, N, 10, DT, -999, SHR82, -99, 
EP, 20, 2026100712, 03, HFSA,  72, 170N, 1055W,  73,  966, XX,  50, NEQ,  112,   39,   26,   31,  998,   54,  20,   0,   0,    ,   0,    ,   7,   6,           ,  ,  0,    ,    0,    0,    0,    0, THERMO PARAMS, -47, 2020, 1801, N, 10, DT, -999, SHR82, -99, 
EP, 20, 2026100712, 03, HFSA,  72, 170N, 1055W,  73,  966, XX,  64, NEQ,   24,   24,    0,   15,  998,   54,  20,   0,   0,    ,   0,    ,   7,   6,           ,  ,  0,    ,    0,    0,    0,    0, THERMO PARAMS, -47, 2020, 1801, N, 10, DT, -999, SHR82, -99, 
EP, 20, 2026100712, 03, HFSA,  78, 176N, 1058W,  90,  962, XX,  34, NEQ,  139,  142,  100,  102,  994,   35,  13,   0,   0,    ,   0,    , 350,   6,           ,  ,  0,    ,    0,    0,    0,    0, THERMO PARAMS, -2, 2005, 1973, N, 10, DT, -999, SHR82, -99, 
EP, 20, 2026100712, 03, HFSA,  78, 176N, 1058W,  90,  962, XX,  50, NEQ,   40,   40,   29,   37,  994,   35,  13,   0,   0,    ,   0,    , 350,   6,           ,  ,  0,    ,    0,    0,    0,    0, THERMO PARAMS, -2, 2005, 1973, N, 10, DT, -999, SHR82, -99, 
EP, 20, 2026100712, 03, HFSA,  78, 176N, 1058W,  90,  962, XX,  64, NEQ,   23,   23,   15,   21,  994,   35,  13,   0,   0,    ,   0,    , 350,   6,           ,  ,  0,    ,    0,    0,    0,    0, THERMO PARAMS, -2, 2005, 1973, N, 10, DT, -999, SHR82, -99, 
EP, 20, 2026100712, 03, HFSA,  84, 182N, 1060W,  93,  956, XX,  34, NEQ,  138,  139,   91,   89,  996,   49,  15,   0,   0,    ,   0,    ,   7,   6,           ,  ,  0,    ,    0,    0,    0,    0, THERMO PARAMS, -20, 1676, 2253, N, 10, DT, -999, SHR82, -99, 
EP, 20, 2026100712, 03, HFSA,  84, 182N, 1060W,  93,  956, XX,  50, NEQ,   65,   49,   34,   55,  996,   49,  15,   0,   0,    ,   0,    ,   7,   6,           ,  ,  0,    ,    0,    0,    0,    0, THERMO PARAMS, -20, 1676, 2253, N, 10, DT, -999, SHR82, -99, 
EP, 20, 2026100712, 03, HFSA,  84, 182N, 1060W,  93,  956, XX,  64, NEQ,   28,   29,   21,   26,  996,   49,  15,   0,   0,    ,   0,    ,   7,   6,           ,  ,  0,    ,    0,    0,    0,    0, THERMO PARAMS, -20, 1676, 2253, N, 10, DT, -999, SHR82, -99, 
EP, 20, 2026100712, 03, HFSA,  90, 188N, 1061W, 108,  954, XX,  34, NEQ,  100,  141,   83,   73,  998,   48,  14,   0,   0,    ,   0,    ,  11,   7,           ,  ,  0,    ,    0,    0,    0,    0, THERMO PARAMS, -66, 2181, 2751, N, 10, DT, -999, SHR82, -99, 
EP, 20, 2026100712, 03, HFSA,  90, 188N, 1061W, 108,  954, XX,  50, NEQ,   62,   49,   47,   47,  998,   48,  14,   0,   0,    ,   0,    ,  11,   7,           ,  ,  0,    ,    0,    0,    0,    0, THERMO PARAMS, -66, 2181, 2751, N, 10, DT, -999, SHR82, -99, 
EP, 20, 2026100712, 03, HFSA,  90, 188N, 1061W, 108,  954, XX,  64, NEQ,   32,   34,   34,   31,  998,   48,  14,   0,   0,    ,   0,    ,  11,   7,           ,  ,  0,    ,    0,    0,    0,    0, THERMO PARAMS, -66, 2181, 2751, N, 10, DT, -999, SHR82, -99, 
EP, 20, 2026100712, 03, HFSA,  96, 199N, 1060W, 125,  950, XX,  34, NEQ,   58,   99,   94,   65,  998,   49,  10,   0,   0,    ,   0,    ,  10,  11,           ,  ,  0,    ,    0,    0,    0,    0, THERMO PARAMS, -78, 2439, 2978, N, 10, DT, -999, SHR82, -99, 
EP, 20, 2026100712, 03, HFSA,  96, 199N, 1060W, 125,  950, XX,  50, NEQ,   32,   45,   40,   40,  998,   49,  10,   0,   0,    ,   0,    ,  10,  11,           ,  ,  0,    ,    0,    0,    0,    0, THERMO PARAMS, -78, 2439, 2978, N, 10, DT, -999, SHR82, -99, 
EP, 20, 2026100712, 03, HFSA,  96, 199N, 1060W, 125,  950, XX,  64, NEQ,   31,   32,   26,   26,  998,   49,  10,   0,   0,    ,   0,    ,  10,  11,           ,  ,  0,    ,    0,    0,    0,    0, THERMO PARAMS, -78, 2439, 2978, N, 10, DT, -999, SHR82, -99, 
EP, 20, 2026100712, 03, HFSA, 102, 211N, 1061W, 114,  955, XX,  34, NEQ,   49,   79,   87,   47,  999,   32,   9,   0,   0,    ,   0,    ,   8,  12,           ,  ,  0,    ,    0,    0,    0,    0, THERMO PARAMS, 13, 2152, 2610, N, 10, DT, -999, SHR82, -99, 
EP, 20, 2026100712, 03, HFSA, 102, 211N, 1061W, 114,  955, XX,  50, NEQ,   36,   39,   28,   28,  999,   32,   9,   0,   0,    ,   0,    ,   8,  12,           ,  ,  0,    ,    0,    0,    0,    0, THERMO PARAMS, 13, 2152, 2610, N, 10, DT, -999, SHR82, -99, 
EP, 20, 2026100712, 03, HFSA, 102, 211N, 1061W, 114,  955, XX,  64, NEQ,   24,   26,   19,   21,  999,   32,   9,   0,   0,    ,   0,    ,   8,  12,           ,  ,  0,    ,    0,    0,    0,    0, THERMO PARAMS, 13, 2152, 2610, N, 10, DT, -999, SHR82, -99, 
EP, 20, 2026100712, 03, HFSA, 108, 223N, 1060W, 116,  949, XX,  34, NEQ,   32,   65,   60,   39, 1001,   36,  10,   0,   0,    ,   0,    ,  12,  12,           ,  ,  0,    ,    0,    0,    0,    0, THERMO PARAMS, 27, 1978, 2665, N, 10, DT, -999, SHR82, -99, 
EP, 20, 2026100712, 03, HFSA, 108, 223N, 1060W, 116,  949, XX,  50, NEQ,   24,   26,   16,   23, 1001,   36,  10,   0,   0,    ,   0,    ,  12,  12,           ,  ,  0,    ,    0,    0,    0,    0, THERMO PARAMS, 27, 1978, 2665, N, 10, DT, -999, SHR82, -99, 
EP, 20, 2026100712, 03, HFSA, 108, 223N, 1060W, 116,  949, XX,  64, NEQ,   19,   19,   13,   18, 1001,   36,  10,   0,   0,    ,   0,    ,  12,  12,           ,  ,  0,    ,    0,    0,    0,    0, THERMO PARAMS, 27, 1978, 2665, N, 10, DT, -999, SHR82, -99, 
EP, 20, 2026100712, 03, HFSA, 114, 237N, 1063W,  37,  993, XX,  34, NEQ,    0,    0,    0,    0, 1005,   55,  76,   0,   0,    ,   0,    ,   4,  13,           ,  ,  0,    ,    0,    0,    0,    0, THERMO PARAMS, 23, 162, 727, N, 10, DT, -999, SHR82, -99, 
EP, 20, 2026100712, 03, HFSA, 120, 253N, 1057W,  32, 1006, XX,  34, NEQ,    0,    0,    0,    0,  -99,  -99, 139,   0,   0,    ,   0,    ,  34,  16,           ,  ,  0,    ,    0,    0,    0,    0, THERMO PARAMS, 28, -75, 28, N, 10, DT, -999, SHR82, -99, 
EP, 20, 2026100712, 03, HFSA, 126, 268N, 1046W,  26, 1007, XX,  34, NEQ,    0,    0,    0,    0,  -99,  -99,  78,   0,   0,    ,   0,    , -99, -99,           ,  ,  0,    ,    0,    0,    0,    0, THERMO PARAMS, -9999, -9999, -9999, N, 10, DT, -999, SHR82, -99, 
EP, 20, 2026100712, 03, TVCN,   0, 139N, 1006W,   0,    0,   ,   0,    ,    0,    0,    0,    0, 
EP, 20, 2026100712, 03, TVCN,  12, 145N, 1020W,   0,    0,   ,   0,    ,    0,    0,    0,    0, 
EP, 20, 2026100712, 03, TVCN,  24, 147N, 1033W,   0,    0,   ,   0,    ,    0,    0,    0,    0, 
EP, 20, 2026100712, 03, TVCN,  36, 150N, 1043W,   0,    0,   ,   0,    ,    0,    0,    0,    0, 
EP, 20, 2026100712, 03, TVCN,  48, 156N, 1049W,   0,    0,   ,   0,    ,    0,    0,    0,    0, 
EP, 20, 2026100712, 03, TVCN,  60, 163N, 1053W,   0,    0,   ,   0,    ,    0,    0,    0,    0, 
EP, 20, 2026100712, 03, TVCN,  72, 173N, 1057W,   0,    0,   ,   0,    ,    0,    0,    0,    0, 
EP, 20, 2026100712, 03, TVCN,  84, 184N, 1060W,   0,    0,   ,   0,    ,    0,    0,    0,    0, 
EP, 20, 2026100712, 03, TVCN,  96, 198N, 1063W,   0,    0,   ,   0,    ,    0,    0,    0,    0, 
EP, 20, 2026100712, 03, TVCN, 108, 214N, 1067W,   0,    0,   ,   0,    ,    0,    0,    0,    0, 
EP, 20, 2026100712, 03, TVCN, 120, 220N, 1081W,   0,    0,   ,   0,    ,    0,    0,    0,    0, 
EP, 20, 2026100712, 03, TVCN, 132, 240N, 1084W,   0,    0,   ,   0,    ,    0,    0,    0,    0, 
EP, 20, 2026100712, 03, TVCN, 144, 256N, 1083W,   0,    0,   ,   0,    ,    0,    0,    0,    0, 
EP, 20, 2026100712, 03, TVCN, 156, 287N, 1071W,   0,    0,   ,   0,    ,    0,    0,    0,    0, 
EP, 20, 2026100712, 03, TVCN, 168, 301N, 1060W,   0,    0,   ,   0,    ,    0,    0,    0,    0, 
EP, 20, 2026100718, 03, HCCA,   0, 153N, 1013W,  35,    0,   ,   0,    ,    0,    0,    0,    0, 
EP, 20, 2026100718, 03, HCCA,  12, 157N, 1029W,  49,    0,   ,   0,    ,    0,    0,    0,    0, 
EP, 20, 2026100718, 03, HCCA,  24, 160N, 1042W,  67,    0,   ,   0,    ,    0,    0,    0,    0, 
EP, 20, 2026100718, 03, HCCA,  36, 164N, 1050W,  85,    0,   ,   0,    ,    0,    0,    0,    0, 
EP, 20, 2026100718, 03, HCCA,  48, 169N, 1054W, 104,    0,   ,   0,    ,    0,    0,    0,    0, 
EP, 20, 2026100718, 03, HCCA,  60, 176N, 1054W, 107,    0,   ,   0,    ,    0,    0,    0,    0, 
EP, 20, 2026100718, 03, HCCA,  72, 185N, 1053W, 113,    0,   ,   0,    ,    0,    0,    0,    0, 
EP, 20, 2026100718, 03, HCCA,  84, 196N, 1052W, 108,    0,   ,   0,    ,    0,    0,    0,    0, 
EP, 20, 2026100718, 03, HCCA,  96, 211N, 1052W,  81,    0,   ,   0,    ,    0,    0,    0,    0, 
EP, 20, 2026100718, 03, HCCA, 108, 230N, 1052W,  73,    0,   ,   0,    ,    0,    0,    0,    0, 
EP, 20, 2026100718, 03, HCCA, 120, 245N, 1052W,  70,    0,   ,   0,    ,    0,    0,    0,    0, 
EP, 20, 2026100718, 03, HCCA, 132, 264N, 1052W,  47,    0,   ,   0,    ,    0,    0,    0,    0, 
EP, 20, 2026100718, 03, HCCA, 144, 278N, 1052W,  41,    0,   ,   0,    ,    0,    0,    0,    0, 
EP, 20, 2026100718, 03, HCCA, 156, 294N, 1043W,  32,    0,   ,   0,    ,    0,    0,    0,    0, 
EP, 20, 2026100718, 03, HCCA, 168, 315N, 1029W,  32,    0,   ,   0,    ,    0,    0,    0,    0, 
EP, 20, 2026100718, 03, TVCN,   0, 153N, 1013W,   0,    0,   ,   0,    ,    0,    0,    0,    0, 
EP, 20, 2026100718, 03, TVCN,  12, 155N, 1026W,   0,    0,   ,   0,    ,    0,    0,    0,    0, 
EP, 20, 2026100718, 03, TVCN,  24, 156N, 1036W,   0,    0,   ,   0,    ,    0,    0,    0,    0, 
EP, 20, 2026100718, 03, TVCN,  36, 160N, 1044W,   0,    0,   ,   0,    ,    0,    0,    0,    0, 
EP, 20, 2026100718, 03, TVCN,  48, 166N, 1050W,   0,    0,   ,   0,    ,    0,    0,    0,    0, 
EP, 20, 2026100718, 03, TVCN,  60, 175N, 1054W,   0,    0,   ,   0,    ,    0,    0,    0,    0, 
EP, 20, 2026100718, 03, TVCN,  72, 187N, 1057W,   0,    0,   ,   0,    ,    0,    0,    0,    0, 
EP, 20, 2026100718, 03, TVCN,  84, 201N, 1058W,   0,    0,   ,   0,    ,    0,    0,    0,    0, 
EP, 20, 2026100718, 03, TVCN,  96, 216N, 1059W,   0,    0,   ,   0,    ,    0,    0,    0,    0, 
EP, 20, 2026100718, 03, TVCN, 108, 233N, 1060W,   0,    0,   ,   0,    ,    0,    0,    0,    0, 
EP, 20, 2026100718, 03, TVCN, 120, 244N, 1072W,   0,    0,   ,   0,    ,    0,    0,    0,    0, 
EP, 20, 2026100718, 03, TVCN, 132, 265N, 1072W,   0,    0,   ,   0,    ,    0,    0,    0,    0, 
EP, 20, 2026100718, 03, TVCN, 144, 274N, 1093W,   0,    0,   ,   0,    ,    0,    0,    0,    0, 