EP, 16, 2026091718, 03, AVNO,   0, 123N, 1150W,  19, 1011, XX,  34, NEQ,    0,    0,    0,    0,  -99,  -99, 134,   0,   0, 
EP, 16, 2026091718, 03, AVNO,   6, 123N, 1166W,  19, 1008, XX,  34, NEQ,    0,    0,    0,    0,  -99,  -99, 131,   0,   0, 
EP, 16, 2026091718, 03, AVNO,  12, 123N, 1176W,  19, 1012, XX,  34, NEQ,    0,    0,    0,    0,  -99,  -99, 107,   0,   0, 
EP, 16, 2026091718, 03, AVNO,  18, 121N, 1181W,  17, 1009, XX,  34, NEQ,    0,    0,    0,    0,  -99,  -99, 123,   0,   0, 
EP, 16, 2026091718, 03, AVNO,  24, 121N, 1189W,  17, 1011, XX,  34, NEQ,    0,    0,    0,    0,  -99,  -99,  81,   0,   0, 
EP, 16, 2026091718, 03, AVNO,  30, 116N, 1196W,  18, 1007, XX,  34, NEQ,    0,    0,    0,    0,  -99,  -99, 113,   0,   0, 
EP, 16, 2026091718, 03, AVNO,  36, 112N, 1204W,  20, 1011, XX,  34, NEQ,    0,    0,    0,    0,  -99,  -99, 136,   0,   0, 
EP, 16, 2026091718, 03, AVNO,  42, 113N, 1213W,  20, 1008, XX,  34, NEQ,    0,    0,    0,    0,  -99,  -99, 141,   0,   0, 
EP, 16, 2026091718, 03, AVNO,  48, 112N, 1217W,  20, 1010, XX,  34, NEQ,    0,    0,    0,    0,  -99,  -99,  97,   0,   0, 
EP, 16, 2026091718, 03, AVNO,  54, 109N, 1227W,  22, 1006, XX,  34, NEQ,    0,    0,    0,    0,  -99,  -99,  99,   0,   0, 
EP, 16, 2026091718, 03, AVNO,  60, 108N, 1235W,  24, 1009, XX,  34, NEQ,    0,    0,    0,    0,  -99,  -99,  76,   0,   0, 
EP, 16, 2026091718, 03, AVNO,  66, 107N, 1242W,  30, 1005, XX,  34, NEQ,    0,    0,    0,    0,  -99,  -99,  61,   0,   0, 
EP, 16, 2026091718, 03, AVNO,  72, 111N, 1246W,  31, 1009, XX,  34, NEQ,    0,    0,    0,    0,  -99,  -99,  52,   0,   0, 
EP, 16, 2026091718, 03, AVNO,  78, 112N, 1249W,  33, 1005, XX,  34, NEQ,    0,    0,    0,    0, 1009,  836,  30,   0,   0, 
EP, 16, 2026091718, 03, AVNO,  84, 116N, 1251W,  32, 1008, XX,  34, NEQ,    0,    0,    0,    0, 1012, 1112,  43,   0,   0, 
EP, 16, 2026091718, 03, AVNO,  90, 123N, 1253W,  38, 1004, XX,  34, NEQ,   52,   60,    0,    0, 1008,   56,  43,   0,   0, 
EP, 16, 2026091718, 03, AVNO,  96, 129N, 1256W,  48, 1003, XX,  34, NEQ,   52,   91,    0,   51, 1011,   93,  35,   0,   0, 
EP, 16, 2026091718, 03, AVNO, 102, 134N, 1259W,  40,  998, XX,  34, NEQ,   52,   80,   30,   30, 1010, 1079,  22,   0,   0, 
EP, 16, 2026091718, 03, AVNO, 108, 139N, 1262W,  45,  999, XX,  34, NEQ,   48,   41,   28,   43, 1011,   68,  24,   0,   0, 
EP, 16, 2026091718, 03, AVNO, 114, 141N, 1262W,  47,  990, XX,  34, NEQ,   38,   48,   44,   37, 1010,  177,  25,   0,   0, 
EP, 16, 2026091718, 03, AVNO, 120, 143N, 1260W,  45,  995, XX,  34, NEQ,   45,   46,   32,   47, 1011,  103,  23,   0,   0, 
EP, 16, 2026091718, 03, AVNO, 126, 141N, 1258W,  49,  988, XX,  34, NEQ,   44,   72,   53,   50, 1004,   61,  20,   0,   0, 
EP, 16, 2026091718, 03, AVNO, 132, 141N, 1252W,  57,  985, XX,  34, NEQ,   58,   77,   57,   54, 1009,   95,  26,   0,   0, 
EP, 16, 2026091718, 03, AVNO, 132, 141N, 1252W,  57,  985, XX,  50, NEQ,   30,   25,    0,   30, 1009,   95,  26,   0,   0, 
EP, 16, 2026091718, 03, AVNO, 138, 143N, 1246W,  63,  979, XX,  34, NEQ,   61,   84,   61,   59, 1007,  110,  16,   0,   0, 
EP, 16, 2026091718, 03, AVNO, 138, 143N, 1246W,  63,  979, XX,  50, NEQ,   39,   35,   42,   32, 1007,  110,  16,   0,   0, 
EP, 16, 2026091718, 03, AVNO, 144, 144N, 1238W,  70,  975, XX,  34, NEQ,   67,   95,   68,   59, 1011,  208,  20,   0,   0, 
EP, 16, 2026091718, 03, AVNO, 144, 144N, 1238W,  70,  975, XX,  50, NEQ,   37,   40,   39,   32, 1011,  208,  20,   0,   0, 
EP, 16, 2026091718, 03, AVNO, 144, 144N, 1238W,  70,  975, XX,  64, NEQ,   22,   25,    0,    0, 1011,  208,  20,   0,   0, 
EP, 16, 2026091718, 03, AVNO, 150, 147N, 1232W,  72,  969, XX,  34, NEQ,   70,   85,   66,   67,  989,   30,  17,   0,   0, 
EP, 16, 2026091718, 03, AVNO, 150, 147N, 1232W,  72,  969, XX,  50, NEQ,   42,   43,   41,   41,  989,   30,  17,   0,   0, 
EP, 16, 2026091718, 03, AVNO, 150, 147N, 1232W,  72,  969, XX,  64, NEQ,   25,   26,   30,   27,  989,   30,  17,   0,   0, 
EP, 16, 2026091718, 03, AVNO, 156, 151N, 1226W,  79,  970, XX,  34, NEQ,   80,   82,   62,   75,  994,   34,  22,   0,   0, 
EP, 16, 2026091718, 03, AVNO, 156, 151N, 1226W,  79,  970, XX,  50, NEQ,   42,   41,   41,   43,  994,   34,  22,   0,   0, 
EP, 16, 2026091718, 03, AVNO, 156, 151N, 1226W,  79,  970, XX,  64, NEQ,   28,   34,   33,   29,  994,   34,  22,   0,   0, 
EP, 16, 2026091718, 03, AVNO, 162, 155N, 1222W,  72,  967, XX,  34, NEQ,   68,   75,   74,   73,  987,   30,  23,   0,   0, 
EP, 16, 2026091718, 03, AVNO, 162, 155N, 1222W,  72,  967, XX,  50, NEQ,   42,   42,   44,   44,  987,   30,  23,   0,   0, 
EP, 16, 2026091718, 03, AVNO, 162, 155N, 1222W,  72,  967, XX,  64, NEQ,   30,   33,   34,   29,  987,   30,  23,   0,   0, 
EP, 16, 2026091718, 03, AVNO, 168, 158N, 1218W,  75,  971, XX,  34, NEQ,   74,   73,   73,   73,  991,   32,  17,   0,   0, 
EP, 16, 2026091718, 03, AVNO, 168, 158N, 1218W,  75,  971, XX,  50, NEQ,   44,   43,   46,   41,  991,   32,  17,   0,   0, 
EP, 16, 2026091718, 03, AVNO, 168, 158N, 1218W,  75,  971, XX,  64, NEQ,   34,   31,    0,   27,  991,   32,  17,   0,   0, 
EP, 16, 2026091718, 03, AVNO, 174, 162N, 1216W,  75,  967, XX,  34, NEQ,   80,   73,   77,   81,  991,   34,  25,   0,   0, 
EP, 16, 2026091718, 03, AVNO, 174, 162N, 1216W,  75,  967, XX,  50, NEQ,   46,   42,   47,   45,  991,   34,  25,   0,   0, 
EP, 16, 2026091718, 03, AVNO, 174, 162N, 1216W,  75,  967, XX,  64, NEQ,   36,   32,   35,   30,  991,   34,  25,   0,   0, 
EP, 16, 2026091718, 03, AVNO, 180, 164N, 1214W,  74,  972, XX,  34, NEQ,   85,   70,   79,   84,  996,   37,  26,   0,   0, 
EP, 16, 2026091718, 03, AVNO, 180, 164N, 1214W,  74,  972, XX,  50, NEQ,   46,   41,   46,   47,  996,   37,  26,   0,   0, 
EP, 16, 2026091718, 03, AVNO, 180, 164N, 1214W,  74,  972, XX,  64, NEQ,   34,   31,   32,   32,  996,   37,  26,   0,   0, 
EP, 16, 2026091718, 03, AVNO, 186, 167N, 1214W,  71,  970, XX,  34, NEQ,   79,   74,   68,   79, 1006,  120,  25,   0,   0, 
EP, 16, 2026091718, 03, AVNO, 186, 167N, 1214W,  71,  970, XX,  50, NEQ,   47,   44,   43,   46, 1006,  120,  25,   0,   0, 
EP, 16, 2026091718, 03, AVNO, 186, 167N, 1214W,  71,  970, XX,  64, NEQ,   32,   33,   31,   32, 1006,  120,  25,   0,   0, 
EP, 16, 2026091718, 03, AVNO, 192, 170N, 1215W,  65,  974, XX,  34, NEQ,   79,   73,   79,   82, 1010,  164,  34,   0,   0, 
EP, 16, 2026091718, 03, AVNO, 192, 170N, 1215W,  65,  974, XX,  50, NEQ,   46,   43,   47,   46, 1010,  164,  34,   0,   0, 
EP, 16, 2026091718, 03, AVNO, 192, 170N, 1215W,  65,  974, XX,  64, NEQ,   34,    0,    0,    0, 1010,  164,  34,   0,   0, 
EP, 16, 2026091718, 03, AVNO, 198, 171N, 1217W,  67,  974, XX,  34, NEQ,   87,   73,   78,   88, 1006,  126,  26,   0,   0, 
EP, 16, 2026091718, 03, AVNO, 198, 171N, 1217W,  67,  974, XX,  50, NEQ,   45,   40,   51,   46, 1006,  126,  26,   0,   0, 
EP, 16, 2026091718, 03, AVNO, 198, 171N, 1217W,  67,  974, XX,  64, NEQ,   33,   26,    0,   30, 1006,  126,  26,   0,   0, 
EP, 16, 2026091718, 03, AVNO, 204, 172N, 1218W,  67,  978, XX,  34, NEQ,   86,   73,   72,   83, 1006,   77,  27,   0,   0, 
EP, 16, 2026091718, 03, AVNO, 204, 172N, 1218W,  67,  978, XX,  50, NEQ,   50,   46,   44,   51, 1006,   77,  27,   0,   0, 
EP, 16, 2026091718, 03, AVNO, 204, 172N, 1218W,  67,  978, XX,  64, NEQ,   29,    0,    0,   27, 1006,   77,  27,   0,   0, 
EP, 16, 2026091718, 03, AVNO, 210, 173N, 1220W,  61,  977, XX,  34, NEQ,   77,   72,   77,   81, 1005,   90,  31,   0,   0, 
EP, 16, 2026091718, 03, AVNO, 210, 173N, 1220W,  61,  977, XX,  50, NEQ,   46,   45,   46,   49, 1005,   90,  31,   0,   0, 
EP, 16, 2026091718, 03, AVNO, 216, 174N, 1223W,  64,  980, XX,  34, NEQ,   81,   71,   72,   86, 1008,  116,  29,   0,   0, 
EP, 16, 2026091718, 03, AVNO, 216, 174N, 1223W,  64,  980, XX,  50, NEQ,   44,   47,   45,   57, 1008,  116,  29,   0,   0, 
EP, 16, 2026091718, 03, AVNO, 216, 174N, 1223W,  64,  980, XX,  64, NEQ,   29,    0,    0,    0, 1008,  116,  29,   0,   0, 
EP, 16, 2026091718, 03, AVNO, 222, 175N, 1226W,  59,  979, XX,  34, NEQ,   75,   70,   75,   80, 1003,   76,  29,   0,   0, 
EP, 16, 2026091718, 03, AVNO, 222, 175N, 1226W,  59,  979, XX,  50, NEQ,   47,   40,   45,   48, 1003,   76,  29,   0,   0, 
EP, 16, 2026091718, 03, AVNO, 228, 174N, 1227W,  56,  985, XX,  34, NEQ,   73,   71,   76,   77, 1005,   73,  30,   0,   0, 
EP, 16, 2026091718, 03, AVNO, 228, 174N, 1227W,  56,  985, XX,  50, NEQ,   46,   38,   42,   44, 1005,   73,  30,   0,   0, 
EP, 16, 2026091718, 03, AVNO, 234, 172N, 1227W,  53,  983, XX,  34, NEQ,   65,   73,   75,   76, 1003,   85,  34,   0,   0, 
EP, 16, 2026091718, 03, AVNO, 234, 172N, 1227W,  53,  983, XX,  50, NEQ,   37,   29,   46,   48, 1003,   85,  34,   0,   0, 
EP, 16, 2026091718, 03, AVNO, 240, 168N, 1225W,  53,  986, XX,  34, NEQ,   64,   78,   79,   67, 1006,   91,  31,   0,   0, 
EP, 16, 2026091718, 03, AVNO, 240, 168N, 1225W,  53,  986, XX,  50, NEQ,    0,   46,   48,   32, 1006,   91,  31,   0,   0, 
EP, 16, 2026091718, 03, HCCA,   0, 115N, 1155W,  20,    0,   ,   0,    ,    0,    0,    0,    0, 
EP, 16, 2026091718, 03, HFSA,   0, 121N, 1152W,  21, 1004, XX,  34, NEQ,    0,    0,    0,    0, 1008,   62, 138,   0,   0,    ,   0,    , 281,  12,           ,  ,  0,    ,    0,    0,    0,    0, THERMO PARAMS, 88, 491, 382, N, 10, DT, -999, SHR82, -99, 
EP, 16, 2026091718, 03, HFSA,   6, 114N, 1174W,  41, 1002, XX,  34, NEQ,    0,    0,    0,    0, 1006,    5,  90,   0,   0,    ,   0,    , 249,  16,           ,  ,  0,    ,    0,    0,    0,    0, THERMO PARAMS, 89, 456, 56, N, 10, DT, -999, SHR82, -99, 
EP, 16, 2026091718, 03, HFSA,  12, 116N, 1179W,  24, 1009, XX,  34, NEQ,    0,    0,    0,    0,  -99,  -99, 134,   0,   0,    ,   0,    , 307,   9,           ,  ,  0,    ,    0,    0,    0,    0, THERMO PARAMS, -9999, -9999, -9999, N, 10, DT, -999, SHR82, -99, 
EP, 16, 2026091718, 03, HFSA,  18, 110N, 1190W,  24, 1008, XX,  34, NEQ,    0,    0,    0,    0,  -99,  -99, 116,   0,   0,    ,   0,    , 278,   7,           ,  ,  0,    ,    0,    0,    0,    0, THERMO PARAMS, 54, -114, 267, N, 10, DT, -999, SHR82, -99, 
EP, 16, 2026091718, 03, HFSA,  24, 122N, 1191W,  28, 1011, XX,  34, NEQ,    0,    0,    0,    0,  -99,  -99, 150,   0,   0,    ,   0,    , 310,   6,           ,  ,  0,    ,    0,    0,    0,    0, THERMO PARAMS, -9999, -9999, -9999, N, 10, DT, -999, SHR82, -99, 
EP, 16, 2026091718, 03, HFSA,  30, 125N, 1205W,  34, 1007, XX,  34, NEQ,    0,    0,    0,    0,  -99,  -99,  72,   0,   0,    ,   0,    , 285,  11,           ,  ,  0,    ,    0,    0,    0,    0, THERMO PARAMS, 17, -116, 68, N, 10, DT, -999, SHR82, -99, 
EP, 16, 2026091718, 03, HFSA,  36, 127N, 1220W,  30, 1009, XX,  34, NEQ,    0,    0,    0,    0,  -99,  -99, 136,   0,   0,    ,   0,    , 267,  12,           ,  ,  0,    ,    0,    0,    0,    0, THERMO PARAMS, 40, 143, -10, N, 10, DT, -999, SHR82, -99, 
EP, 16, 2026091718, 03, HFSA,  42, 123N, 1225W,  31, 1007, XX,  34, NEQ,    0,    0,    0,    0,  -99,  -99, 115,   0,   0,    ,   0,    , 232,   4,           ,  ,  0,    ,    0,    0,    0,    0, THERMO PARAMS, -9999, -9999, -9999, N, 10, DT, -999, SHR82, -99, 
EP, 16, 2026091718, 03, HFSA,  48, 119N, 1235W,  33, 1008, XX,  34, NEQ,    0,    0,    0,    0,  -99,  -99, 153,   0,   0,    ,   0,    , 236,   6,           ,  ,  0,    ,    0,    0,    0,    0, THERMO PARAMS, 52, -137, 152, N, 10, DT, -999, SHR82, -99, 
EP, 16, 2026091718, 03, HFSA,  54, 119N, 1243W,  35, 1004, XX,  34, NEQ,    0,    0,    0,    0,  -99,  -99, 113,   0,   0,    ,   0,    , 290,   6,           ,  ,  0,    ,    0,    0,    0,    0, THERMO PARAMS, 60, 98, -91, N, 10, DT, -999, SHR82, -99, 
EP, 16, 2026091718, 03, HFSA,  60, 123N, 1254W,  32, 1005, XX,  34, NEQ,    0,    0,    0,    0,  -99,  -99,  88,   0,   0,    ,   0,    , 281,  11,           ,  ,  0,    ,    0,    0,    0,    0, THERMO PARAMS, 45, -431, 445, N, 10, DT, -999, SHR82, -99, 
EP, 16, 2026091718, 03, HFSA,  66, 124N, 1265W,  36,  999, XX,  34, NEQ,    0,    0,    0,    0, 1003,    3,  93,   0,   0,    ,   0,    , 294,   8,           ,  ,  0,    ,    0,    0,    0,    0, THERMO PARAMS, -9999, -9999, -9999, N, 10, DT, -999, SHR82, -99, 
EP, 16, 2026091718, 03, HFSA,  72, 131N, 1276W,  38, 1005, XX,  34, NEQ,  107,    0,    0,    0,  -99,  -99,  94,   0,   0,    ,   0,    , 286,  17,           ,  ,  0,    ,    0,    0,    0,    0, THERMO PARAMS, 53, -118, 444, N, 10, DT, -999, SHR82, -99, 
EP, 16, 2026091718, 03, HFSA,  78, 134N, 1289W,  37, 1001, XX,  34, NEQ,    0,    0,    0,    0,  -99,  -99,  74,   0,   0,    ,   0,    , 292,  11,           ,  ,  0,    ,    0,    0,    0,    0, THERMO PARAMS, 6, 325, 111, N, 10, DT, -999, SHR82, -99, 
EP, 16, 2026091718, 03, HFSA,  84, 136N, 1300W,  39, 1001, XX,  34, NEQ,   29,   42,    0,    0, 1005,   46,  21,   0,   0,    ,   0,    , 295,  11,           ,  ,  0,    ,    0,    0,    0,    0, THERMO PARAMS, -9, 294, 208, N, 10, DT, -999, SHR82, -99, 
EP, 16, 2026091718, 03, HFSA,  90, 136N, 1316W,  37,  999, XX,  34, NEQ,    0,  183,    0,   68,  -99,  -99,  73,   0,   0,    ,   0,    , 280,  12,           ,  ,  0,    ,    0,    0,    0,    0, THERMO PARAMS, 51, -5, 39, N, 10, DT, -999, SHR82, -99, 
EP, 16, 2026091718, 03, HFSA,  96, 131N, 1327W,  58,  994, XX,  34, NEQ,   29,   42,   39,    0,  998,    6,  33,   0,   0,    ,   0,    , 290,   5,           ,  ,  0,    ,    0,    0,    0,    0, THERMO PARAMS, 92, 46, 159, N, 10, DT, -999, SHR82, -99, 
EP, 16, 2026091718, 03, HFSA,  96, 131N, 1327W,  58,  994, XX,  50, NEQ,   15,   32,    0,    0,  998,    6,  33,   0,   0,    ,   0,    , 290,   5,           ,  ,  0,    ,    0,    0,    0,    0, THERMO PARAMS, 92, 46, 159, N, 10, DT, -999, SHR82, -99, 
EP, 16, 2026091718, 03, HFSA, 102, 137N, 1328W,  53,  990, XX,  34, NEQ,   58,   96,   94,   31,  998,   25,  38,   0,   0,    ,   0,    , 345,   7,           ,  ,  0,    ,    0,    0,    0,    0, THERMO PARAMS, 14, 683, 607, N, 10, DT, -999, SHR82, -99, 
EP, 16, 2026091718, 03, HFSA, 108, 142N, 1332W,  53,  992, XX,  34, NEQ,   89,   92,  107,    0, 1000,   25,  56,   0,   0,    ,   0,    , 343,   6,           ,  ,  0,    ,    0,    0,    0,    0, THERMO PARAMS, 20, 889, 657, N, 10, DT, -999, SHR82, -99, 
EP, 16, 2026091718, 03, HFSA, 114, 150N, 1333W,  63,  989, XX,  34, NEQ,   84,  105,  155,   53,  997,   27,  42,   0,   0,    ,   0,    , 352,   7,           ,  ,  0,    ,    0,    0,    0,    0, THERMO PARAMS, -34, 701, 889, N, 10, DT, -999, SHR82, -99, 
EP, 16, 2026091718, 03, HFSA, 114, 150N, 1333W,  63,  989, XX,  50, NEQ,    0,   44,    0,    0,  997,   27,  42,   0,   0,    ,   0,    , 352,   7,           ,  ,  0,    ,    0,    0,    0,    0, THERMO PARAMS, -34, 701, 889, N, 10, DT, -999, SHR82, -99, 
EP, 16, 2026091718, 03, HFSA, 120, 152N, 1337W,  51,  987, XX,  34, NEQ,   84,  120,  134,   73,  991,   11,  24,   0,   0,    ,   0,    , 343,   3,           ,  ,  0,    ,    0,    0,    0,    0, THERMO PARAMS, -6, 1031, 784, N, 10, DT, -999, SHR82, -99, 
EP, 16, 2026091718, 03, HFSA, 120, 152N, 1337W,  51,  987, XX,  50, NEQ,    0,   24,    0,    0,  991,   11,  24,   0,   0,    ,   0,    , 343,   3,           ,  ,  0,    ,    0,    0,    0,    0, THERMO PARAMS, -6, 1031, 784, N, 10, DT, -999, SHR82, -99, 
EP, 16, 2026091718, 03, HFSA, 126, 152N, 1339W,  52,  981, XX,  34, NEQ,   83,  113,   60,   74,  993,   25,  12,   0,   0,    ,   0,    , -99, -99,           ,  ,  0,    ,    0,    0,    0,    0, THERMO PARAMS, 89, 1127, 1323, N, 10, DT, -999, SHR82, -99, 
EP, 16, 2026091718, 03, HFSA, 126, 152N, 1339W,  52,  981, XX,  50, NEQ,    0,   15,    0,    0,  993,   25,  12,   0,   0,    ,   0,    , -99, -99,           ,  ,  0,    ,    0,    0,    0,    0, THERMO PARAMS, 89, 1127, 1323, N, 10, DT, -999, SHR82, -99, 
EP, 16, 2026091800, 03,  UKX,   0, 122N, 1164W,  20, 1010, XX,  34, NEQ,    0,    0,    0,    0, 
EP, 16, 2026091800, 03,  UKX,   6, 125N, 1182W,  21, 1011, XX,  34, NEQ,    0,    0,    0,    0, 
EP, 16, 2026091800, 03,  UKX,  12, 125N, 1193W,  21, 1010, XX,  34, NEQ,    0,    0,    0,    0, 
EP, 16, 2026091800, 03,  UKX,  18, 120N, 1201W,  23, 1010, XX,  34, NEQ,    0,    0,    0,    0, 
EP, 16, 2026091800, 03,  UKX,  24, 117N, 1209W,  22, 1008, XX,  34, NEQ,    0,    0,    0,    0, 
EP, 16, 2026091800, 03,  UKX,  30, 116N, 1219W,  22, 1010, XX,  34, NEQ,    0,    0,    0,    0, 
EP, 16, 2026091800, 03,  UKX,  36, 117N, 1231W,  24, 1008, XX,  34, NEQ,    0,    0,    0,    0, 
EP, 16, 2026091800, 03,  UKX,  42, 117N, 1245W,  25, 1009, XX,  34, NEQ,    0,    0,    0,    0, 
EP, 16, 2026091800, 03,  UKX,  48, 118N, 1259W,  24, 1007, XX,  34, NEQ,    0,    0,    0,    0, 
EP, 16, 2026091800, 03,  UKX,  54, 117N, 1270W,  26, 1009, XX,  34, NEQ,    0,    0,    0,    0, 
EP, 16, 2026091800, 03,  UKX,  60, 117N, 1281W,  26, 1007, XX,  34, NEQ,    0,    0,    0,    0, 
EP, 16, 2026091800, 03,  UKX,  66, 121N, 1292W,  26, 1009, XX,  34, NEQ,    0,    0,    0,    0, 
EP, 16, 2026091800, 03,  UKX,  72, 128N, 1305W,  27, 1006, XX,  34, NEQ,    0,    0,    0,    0, 
EP, 16, 2026091800, 03,  UKX,  78, 134N, 1318W,  30, 1009, XX,  34, NEQ,    0,    0,    0,    0, 
EP, 16, 2026091800, 03,  UKX,  84, 136N, 1334W,  30, 1005, XX,  34, NEQ,    0,    0,    0,    0, 
EP, 16, 2026091800, 03,  UKX,  90, 138N, 1347W,  27, 1008, XX,  34, NEQ,    0,    0,    0,    0, 
EP, 16, 2026091800, 03,  UKX,  96, 145N, 1355W,  28, 1005, XX,  34, NEQ,    0,    0,    0,    0, 
EP, 16, 2026091800, 03,  UKX, 102, 150N, 1367W,  31, 1008, XX,  34, NEQ,    0,    0,    0,    0, 
EP, 16, 2026091800, 03,  UKX, 108, 153N, 1378W,  31, 1005, XX,  34, NEQ,    0,    0,    0,    0, 
EP, 16, 2026091800, 03,  UKX, 114, 156N, 1386W,  31, 1007, XX,  34, NEQ,    0,    0,    0,    0, 
EP, 16, 2026091800, 03,  UKX, 120, 161N, 1394W,  31, 1004, XX,  34, NEQ,    0,    0,    0,    0, 
EP, 16, 2026091800, 03,  UKX, 126, 161N, 1402W,  32, 1006, XX,  34, NEQ,    0,    0,    0,    0, 
EP, 16, 2026091800, 03,  UKX, 132, 162N, 1407W,  33, 1003, XX,  34, NEQ,    0,    0,    0,    0, 
EP, 16, 2026091800, 03,  UKX, 138, 162N, 1411W,  35, 1004, XX,  34, NEQ,    0,   52,    0,   67, 
EP, 16, 2026091800, 03,  UKX, 144, 161N, 1413W,  37, 1001, XX,  34, NEQ,    0,   51,    0,    0, 
EP, 16, 2026091800, 03, AVNO,   0, 121N, 1165W,  19, 1008, XX,  34, NEQ,    0,    0,    0,    0,  -99,  -99, 149,   0,   0, 
EP, 16, 2026091800, 03, AVNO,   6, 120N, 1174W,  18, 1012, XX,  34, NEQ,    0,    0,    0,    0,  -99,  -99, 149,   0,   0, 
EP, 16, 2026091800, 03, AVNO,  12, 119N, 1181W,  18, 1009, XX,  34, NEQ,    0,    0,    0,    0,  -99,  -99, 125,   0,   0, 
EP, 16, 2026091800, 03, AVNO,  18, 118N, 1187W,  17, 1011, XX,  34, NEQ,    0,    0,    0,    0,  -99,  -99, 132,   0,   0, 
EP, 16, 2026091800, 03, AVNO,  24, 115N, 1197W,  19, 1007, XX,  34, NEQ,    0,    0,    0,    0,  -99,  -99,  91,   0,   0, 
EP, 16, 2026091800, 03, AVNO,  30, 112N, 1204W,  20, 1010, XX,  34, NEQ,    0,    0,    0,    0,  -99,  -99, 101,   0,   0, 
EP, 16, 2026091800, 03, AVNO,  36, 110N, 1212W,  20, 1008, XX,  34, NEQ,    0,    0,    0,    0,  -99,  -99,  95,   0,   0, 
EP, 16, 2026091800, 03, AVNO,  42, 109N, 1219W,  21, 1010, XX,  34, NEQ,    0,    0,    0,    0,  -99,  -99,  70,   0,   0, 
EP, 16, 2026091800, 03, AVNO,  48, 108N, 1227W,  21, 1007, XX,  34, NEQ,    0,    0,    0,    0,  -99,  -99,  60,   0,   0, 
EP, 16, 2026091800, 03, AVNO,  54, 104N, 1235W,  25, 1007, XX,  34, NEQ,    0,    0,    0,    0, 1011,   87,  25,   0,   0, 
EP, 16, 2026091800, 03, AVNO,  60, 106N, 1242W,  26, 1005, XX,  34, NEQ,    0,    0,    0,    0, 1009,  706,  57,   0,   0, 
EP, 16, 2026091800, 03, AVNO,  66, 109N, 1243W,  34, 1006, XX,  34, NEQ,    0,    0,    0,    0, 1010,   68,  16,   0,   0, 
EP, 16, 2026091800, 03, AVNO,  72, 113N, 1245W,  34, 1003, XX,  34, NEQ,    0,   49,    0,    0, 1007,   58,  48,   0,   0, 
EP, 16, 2026091800, 03, AVNO,  78, 119N, 1245W,  44, 1003, XX,  34, NEQ,   55,   62,   56,   39, 1011,   78,  34,   0,   0, 
EP, 16, 2026091800, 03, AVNO,  84, 127N, 1245W,  45,  996, XX,  34, NEQ,   59,   76,   43,   39, 1008,   77,  38,   0,   0, 
EP, 16, 2026091800, 03, AVNO,  90, 133N, 1248W,  51,  993, XX,  34, NEQ,   63,   88,   31,   60, 1009,   55,  29,   0,   0, 
EP, 16, 2026091800, 03, AVNO,  90, 133N, 1248W,  51,  993, XX,  50, NEQ,   30,    0,    0,    0, 1009,   55,  29,   0,   0, 
EP, 16, 2026091800, 03, AVNO,  96, 137N, 1247W,  61,  983, XX,  34, NEQ,   46,   62,   43,   42, 1007,   71,  18,   0,   0, 
EP, 16, 2026091800, 03, AVNO,  96, 137N, 1247W,  61,  983, XX,  50, NEQ,   28,   29,   27,   25, 1007,   71,  18,   0,   0, 
EP, 16, 2026091800, 03, AVNO, 102, 140N, 1246W,  67,  982, XX,  34, NEQ,   51,   53,   42,   49, 1002,   33,  16,   0,   0, 
EP, 16, 2026091800, 03, AVNO, 102, 140N, 1246W,  67,  982, XX,  50, NEQ,   27,   27,   28,   27, 1002,   33,  16,   0,   0, 
EP, 16, 2026091800, 03, AVNO, 102, 140N, 1246W,  67,  982, XX,  64, NEQ,    0,   17,    0,   19, 1002,   33,  16,   0,   0, 
EP, 16, 2026091800, 03, AVNO, 108, 142N, 1243W,  66,  976, XX,  34, NEQ,   52,   66,   51,   68, 1008,  100,  18,   0,   0, 
EP, 16, 2026091800, 03, AVNO, 108, 142N, 1243W,  66,  976, XX,  50, NEQ,   30,   31,   33,   31, 1008,  100,  18,   0,   0, 
EP, 16, 2026091800, 03, AVNO, 108, 142N, 1243W,  66,  976, XX,  64, NEQ,   19,    0,    0,   23, 1008,  100,  18,   0,   0, 
EP, 16, 2026091800, 03, AVNO, 114, 142N, 1239W,  75,  973, XX,  34, NEQ,   55,   70,   55,   52,  997,   32,  15,   0,   0, 
EP, 16, 2026091800, 03, AVNO, 114, 142N, 1239W,  75,  973, XX,  50, NEQ,   34,   34,   34,   34,  997,   32,  15,   0,   0, 
EP, 16, 2026091800, 03, AVNO, 114, 142N, 1239W,  75,  973, XX,  64, NEQ,   22,   23,    0,   25,  997,   32,  15,   0,   0, 
EP, 16, 2026091800, 03, AVNO, 120, 143N, 1232W,  83,  966, XX,  34, NEQ,   59,   76,   63,   61,  990,   29,  18,   0,   0, 
EP, 16, 2026091800, 03, AVNO, 120, 143N, 1232W,  83,  966, XX,  50, NEQ,   35,   35,   37,   38,  990,   29,  18,   0,   0, 
EP, 16, 2026091800, 03, AVNO, 120, 143N, 1232W,  83,  966, XX,  64, NEQ,   24,   26,   30,   26,  990,   29,  18,   0,   0, 
EP, 16, 2026091800, 03, AVNO, 126, 144N, 1225W,  83,  967, XX,  34, NEQ,   62,   80,   68,   65, 1011,  204,  15,   0,   0, 
EP, 16, 2026091800, 03, AVNO, 126, 144N, 1225W,  83,  967, XX,  50, NEQ,   37,   41,   38,   40, 1011,  204,  15,   0,   0, 
EP, 16, 2026091800, 03, AVNO, 126, 144N, 1225W,  83,  967, XX,  64, NEQ,   27,   29,   30,   31, 1011,  204,  15,   0,   0, 
EP, 16, 2026091800, 03, AVNO, 132, 148N, 1215W,  83,  960, XX,  34, NEQ,   66,   78,   66,   67,  980,   21,  19,   0,   0, 
EP, 16, 2026091800, 03, AVNO, 132, 148N, 1215W,  83,  960, XX,  50, NEQ,   40,   45,   42,   38,  980,   21,  19,   0,   0, 
EP, 16, 2026091800, 03, AVNO, 132, 148N, 1215W,  83,  960, XX,  64, NEQ,   28,   33,   35,   28,  980,   21,  19,   0,   0, 
EP, 16, 2026091800, 03, AVNO, 138, 152N, 1207W,  83,  965, XX,  34, NEQ,   83,   88,   74,   66,  977,   21,  24,   0,   0, 
EP, 16, 2026091800, 03, AVNO, 138, 152N, 1207W,  83,  965, XX,  50, NEQ,   44,   48,   45,   43,  977,   21,  24,   0,   0, 
EP, 16, 2026091800, 03, AVNO, 138, 152N, 1207W,  83,  965, XX,  64, NEQ,   29,   36,   36,   29,  977,   21,  24,   0,   0, 
EP, 16, 2026091800, 03, AVNO, 144, 160N, 1197W,  86,  962, XX,  34, NEQ,   72,   72,   68,   71,  986,   29,  21,   0,   0, 
EP, 16, 2026091800, 03, AVNO, 144, 160N, 1197W,  86,  962, XX,  50, NEQ,   45,   45,   42,   45,  986,   29,  21,   0,   0, 
EP, 16, 2026091800, 03, AVNO, 144, 160N, 1197W,  86,  962, XX,  64, NEQ,   31,   36,   34,   31,  986,   29,  21,   0,   0, 
EP, 16, 2026091800, 03, AVNO, 150, 167N, 1190W,  78,  969, XX,  34, NEQ,   82,   72,   61,   76,  989,   21,  21,   0,   0, 
EP, 16, 2026091800, 03, AVNO, 150, 167N, 1190W,  78,  969, XX,  50, NEQ,   43,   44,   41,   42,  989,   21,  21,   0,   0, 
EP, 16, 2026091800, 03, AVNO, 150, 167N, 1190W,  78,  969, XX,  64, NEQ,   28,   36,   33,   30,  989,   21,  21,   0,   0, 
EP, 16, 2026091800, 03, AVNO, 156, 175N, 1185W,  69,  973, XX,  34, NEQ,   69,   68,   62,   65, 1005,   84,  21,   0,   0, 
EP, 16, 2026091800, 03, AVNO, 156, 175N, 1185W,  69,  973, XX,  50, NEQ,   43,   41,   39,   39, 1005,   84,  21,   0,   0, 
EP, 16, 2026091800, 03, AVNO, 156, 175N, 1185W,  69,  973, XX,  64, NEQ,   28,    0,    0,   26, 1005,   84,  21,   0,   0, 
EP, 16, 2026091800, 03, AVNO, 162, 181N, 1184W,  67,  980, XX,  34, NEQ,   69,   63,   63,   67, 1008,   90,  24,   0,   0, 
EP, 16, 2026091800, 03, AVNO, 162, 181N, 1184W,  67,  980, XX,  50, NEQ,   41,   39,   34,   39, 1008,   90,  24,   0,   0, 
EP, 16, 2026091800, 03, AVNO, 162, 181N, 1184W,  67,  980, XX,  64, NEQ,    0,    0,   26,    0, 1008,   90,  24,   0,   0, 
EP, 16, 2026091800, 03, AVNO, 168, 187N, 1184W,  61,  978, XX,  34, NEQ,   70,   56,   67,   69, 1006,  132,  22,   0,   0, 
EP, 16, 2026091800, 03, AVNO, 168, 187N, 1184W,  61,  978, XX,  50, NEQ,   42,   37,   38,   37, 1006,  132,  22,   0,   0, 
EP, 16, 2026091800, 03, AVNO, 174, 190N, 1187W,  60,  982, XX,  34, NEQ,   65,   60,   58,   63, 1006,   69,  27,   0,   0, 
EP, 16, 2026091800, 03, AVNO, 174, 190N, 1187W,  60,  982, XX,  50, NEQ,   38,   36,   33,   36, 1006,   69,  27,   0,   0, 
EP, 16, 2026091800, 03, AVNO, 180, 191N, 1189W,  59,  982, XX,  34, NEQ,   56,   60,   67,   67, 1006,  108,  24,   0,   0, 
EP, 16, 2026091800, 03, AVNO, 180, 191N, 1189W,  59,  982, XX,  50, NEQ,   33,   34,   32,   35, 1006,  108,  24,   0,   0, 
EP, 16, 2026091800, 03, AVNO, 186, 192N, 1192W,  58,  984, XX,  34, NEQ,   60,   56,   67,   63, 1008,   93,  25,   0,   0, 
EP, 16, 2026091800, 03, AVNO, 186, 192N, 1192W,  58,  984, XX,  50, NEQ,   39,   32,   38,   35, 1008,   93,  25,   0,   0, 
EP, 16, 2026091800, 03, AVNO, 192, 193N, 1195W,  56,  981, XX,  34, NEQ,   59,   53,   65,   70, 1005,   89,  20,   0,   0, 
EP, 16, 2026091800, 03, AVNO, 192, 193N, 1195W,  56,  981, XX,  50, NEQ,   38,   32,   36,   35, 1005,   89,  20,   0,   0, 
EP, 16, 2026091800, 03, AVNO, 198, 192N, 1198W,  55,  985, XX,  34, NEQ,   58,   50,   54,   61, 1005,   59,  25,   0,   0, 
EP, 16, 2026091800, 03, AVNO, 198, 192N, 1198W,  55,  985, XX,  50, NEQ,   36,    0,   31,   35, 1005,   59,  25,   0,   0, 
EP, 16, 2026091800, 03, AVNO, 204, 192N, 1202W,  54,  985, XX,  34, NEQ,   55,   52,   56,   55, 1005,   76,  23,   0,   0, 
EP, 16, 2026091800, 03, AVNO, 204, 192N, 1202W,  54,  985, XX,  50, NEQ,   36,    0,   34,   33, 1005,   76,  23,   0,   0, 
EP, 16, 2026091800, 03, AVNO, 210, 190N, 1207W,  53,  988, XX,  34, NEQ,   55,   53,   63,   57, 1008,  111,  23,   0,   0, 
EP, 16, 2026091800, 03, AVNO, 210, 190N, 1207W,  53,  988, XX,  50, NEQ,   32,    0,    0,   31, 1008,  111,  23,   0,   0, 
EP, 16, 2026091800, 03, AVNO, 216, 188N, 1210W,  54,  987, XX,  34, NEQ,   53,   44,   56,   57, 1003,   57,  30,   0,   0, 
EP, 16, 2026091800, 03, AVNO, 216, 188N, 1210W,  54,  987, XX,  50, NEQ,   29,    0,    0,   31, 1003,   57,  30,   0,   0, 
EP, 16, 2026091800, 03, AVNO, 222, 184N, 1213W,  50,  993, XX,  34, NEQ,   46,   44,   54,   58, 1009,  116,  23,   0,   0, 
EP, 16, 2026091800, 03, AVNO, 222, 184N, 1213W,  50,  993, XX,  50, NEQ,   23,    0,    0,    0, 1009,  116,  23,   0,   0, 
EP, 16, 2026091800, 03, AVNO, 228, 181N, 1215W,  43,  992, XX,  34, NEQ,   43,   41,   57,   56, 1004,   56,  28,   0,   0, 
EP, 16, 2026091800, 03, AVNO, 234, 176N, 1214W,  41,  996, XX,  34, NEQ,   40,   53,   56,   50, 1008,   65,  38,   0,   0, 
EP, 16, 2026091800, 03, AVNO, 240, 173N, 1213W,  37,  995, XX,  34, NEQ,   41,   42,   46,   43, 1007,  105,  36,   0,   0, 
EP, 16, 2026091800, 03, HCCA,   0, 115N, 1161W,  20,    0,   ,   0,    ,    0,    0,    0,    0, 
EP, 16, 2026091800, 03, HCCA,  12, 114N, 1181W,  20,    0,   ,   0,    ,    0,    0,    0,    0, 
EP, 16, 2026091800, 03, HCCA,  24, 112N, 1199W,  24,    0,   ,   0,    ,    0,    0,    0,    0, 
EP, 16, 2026091800, 03, HCCA,  36, 109N, 1219W,  28,    0,   ,   0,    ,    0,    0,    0,    0, 
EP, 16, 2026091800, 03, HCCA,  48, 106N, 1236W,  33,    0,   ,   0,    ,    0,    0,    0,    0, 
EP, 16, 2026091800, 03, HCCA,  60, 107N, 1253W,  39,    0,   ,   0,    ,    0,    0,    0,    0, 
EP, 16, 2026091800, 03, HCCA,  72, 114N, 1269W,  40,    0,   ,   0,    ,    0,    0,    0,    0, 
EP, 16, 2026091800, 03, HCCA,  84, 121N, 1284W,  42,    0,   ,   0,    ,    0,    0,    0,    0, 
EP, 16, 2026091800, 03, HCCA,  96, 129N, 1295W,  50,    0,   ,   0,    ,    0,    0,    0,    0, 
EP, 16, 2026091800, 03, HCCA, 108, 137N, 1299W,  54,    0,   ,   0,    ,    0,    0,    0,    0, 
EP, 16, 2026091800, 03, HCCA, 120, 141N, 1299W,  56,    0,   ,   0,    ,    0,    0,    0,    0, 
EP, 16, 2026091800, 03, HCCA, 132, 145N, 1293W,  63,    0,   ,   0,    ,    0,    0,    0,    0, 
EP, 16, 2026091800, 03, HCCA, 144, 150N, 1287W,  70,    0,   ,   0,    ,    0,    0,    0,    0, 
EP, 16, 2026091800, 03, HCCA, 156, 156N, 1282W,  73,    0,   ,   0,    ,    0,    0,    0,    0, 
EP, 16, 2026091800, 03, HCCA, 168, 164N, 1277W,  74,    0,   ,   0,    ,    0,    0,    0,    0, 
EP, 16, 2026091800, 03, HFSA,   0, 116N, 1159W,  21, 1007, XX,  34, NEQ,    0,    0,    0,    0,  -99,  -99, 151,   0,   0,    ,   0,    , 276,  10,           ,  ,  0,    ,    0,    0,    0,    0, THERMO PARAMS, 80, -287, 120, N, 10, DT, -999, SHR82, -99, 
EP, 16, 2026091800, 03, HFSA,   6, 116N, 1163W,  24, 1011, XX,  34, NEQ,    0,    0,    0,    0,  -99,  -99,  55,   0,   0,    ,   0,    , 248,   4,           ,  ,  0,    ,    0,    0,    0,    0, THERMO PARAMS, 17, -264, 371, N, 10, DT, -999, SHR82, -99, 
EP, 16, 2026091800, 03, HFSA,  12, 114N, 1172W,  27, 1001, XX,  34, NEQ,    0,    0,    0,    0, 1009,   57,  28,   0,   0,    ,   0,    , 252,  11,           ,  ,  0,    ,    0,    0,    0,    0, THERMO PARAMS, 70, -112, 160, N, 10, DT, -999, SHR82, -99, 
EP, 16, 2026091800, 03, HFSA,  18, 114N, 1180W,  33, 1006, XX,  34, NEQ,    0,    0,    0,    0, 1010,    9, 117,   0,   0,    ,   0,    , 266,   9,           ,  ,  0,    ,    0,    0,    0,    0, THERMO PARAMS, 25, -215, 373, N, 10, DT, -999, SHR82, -99, 
EP, 16, 2026091800, 03, HFSA,  24, 113N, 1191W,  30, 1001, XX,  34, NEQ,    0,    0,    0,    0, 1005,    3, 104,   0,   0,    ,   0,    , 265,  10,           ,  ,  0,    ,    0,    0,    0,    0, THERMO PARAMS, 57, -122, 178, N, 10, DT, -999, SHR82, -99, 
EP, 16, 2026091800, 03, HFSA,  30, 112N, 1205W,  29, 1010, XX,  34, NEQ,    0,    0,    0,    0,  -99,  -99, 132,   0,   0,    ,   0,    , 259,  12,           ,  ,  0,    ,    0,    0,    0,    0, THERMO PARAMS, -9999, -9999, -9999, N, 10, DT, -999, SHR82, -99, 
EP, 16, 2026091800, 03, HFSA,  36, 111N, 1218W,  27, 1005, XX,  34, NEQ,    0,    0,    0,    0,  -99,  -99,  82,   0,   0,    ,   0,    , 257,  10,           ,  ,  0,    ,    0,    0,    0,    0, THERMO PARAMS, 33, -114, 94, N, 10, DT, -999, SHR82, -99, 
EP, 16, 2026091800, 03, HFSA,  42, 107N, 1226W,  28, 1009, XX,  34, NEQ,    0,    0,    0,    0,  -99,  -99, 109,   0,   0,    ,   0,    , 241,   9,           ,  ,  0,    ,    0,    0,    0,    0, THERMO PARAMS, 61, -383, 315, N, 10, DT, -999, SHR82, -99, 
EP, 16, 2026091800, 03, HFSA,  48, 101N, 1234W,  36, 1001, XX,  34, NEQ,    0,    0,    0,    0, 1005,   13,   5,   0,   0,    ,   0,    , 235,   6,           ,  ,  0,    ,    0,    0,    0,    0, THERMO PARAMS, 54, 92, 161, N, 10, DT, -999, SHR82, -99, 
EP, 16, 2026091800, 03, HFSA,  54,  98N, 1239W,  35, 1006, XX,  34, NEQ,    0,    0,    0,    0,  -99,  -99,  84,   0,   0,    ,   0,    , 254,   5,           ,  ,  0,    ,    0,    0,    0,    0, THERMO PARAMS, 47, -22, -47, N, 10, DT, -999, SHR82, -99, 
EP, 16, 2026091800, 03, HFSA,  60, 101N, 1246W,  37, 1003, XX,  34, NEQ,   34,   40,    0,    0, 1007,   55,  32,   0,   0,    ,   0,    , 299,   7,           ,  ,  0,    ,    0,    0,    0,    0, THERMO PARAMS, 67, -69, 366, N, 10, DT, -999, SHR82, -99, 
EP, 16, 2026091800, 03, HFSA,  66, 106N, 1253W,  51, 1000, XX,  34, NEQ,   52,   68,    0,    0, 1008,   46,  20,   0,   0,    ,   0,    , 317,   9,           ,  ,  0,    ,    0,    0,    0,    0, THERMO PARAMS, 14, 435, 449, N, 10, DT, -999, SHR82, -99, 
EP, 16, 2026091800, 03, HFSA,  66, 106N, 1253W,  51, 1000, XX,  50, NEQ,   21,    0,    0,    0, 1008,   46,  20,   0,   0,    ,   0,    , 317,   9,           ,  ,  0,    ,    0,    0,    0,    0, THERMO PARAMS, 14, 435, 449, N, 10, DT, -999, SHR82, -99, 
EP, 16, 2026091800, 03, HFSA,  72, 114N, 1260W,  47,  999, XX,  34, NEQ,   66,   71,    0,    0, 1003,   26,  47,   0,   0,    ,   0,    , 320,   9,           ,  ,  0,    ,    0,    0,    0,    0, THERMO PARAMS, -15, 524, 471, N, 10, DT, -999, SHR82, -99, 
EP, 16, 2026091800, 03, HFSA,  78, 118N, 1265W,  50,  998, XX,  34, NEQ,   62,   87,   66,   37,  -99,  -99,  36,   0,   0,    ,   0,    , 322,   7,           ,  ,  0,    ,    0,    0,    0,    0, THERMO PARAMS, -22, 386, 698, N, 10, DT, -999, SHR82, -99, 
EP, 16, 2026091800, 03, HFSA,  84, 125N, 1267W,  53,  991, XX,  34, NEQ,   84,   84,   68,   49, 1003,   40,  21,   0,   0,    ,   0,    , 340,   9,           ,  ,  0,    ,    0,    0,    0,    0, THERMO PARAMS, -45, 669, 899, N, 10, DT, -999, SHR82, -99, 
EP, 16, 2026091800, 03, HFSA,  84, 125N, 1267W,  53,  991, XX,  50, NEQ,   31,    0,    0,    0, 1003,   40,  21,   0,   0,    ,   0,    , 340,   9,           ,  ,  0,    ,    0,    0,    0,    0, THERMO PARAMS, -45, 669, 899, N, 10, DT, -999, SHR82, -99, 
EP, 16, 2026091800, 03, HFSA,  90, 130N, 1271W,  53,  992, XX,  34, NEQ,   87,   42,   29,   53, 1008,   66,  20,   0,   0,    ,   0,    , 332,   6,           ,  ,  0,    ,    0,    0,    0,    0, THERMO PARAMS, -72, 820, 1052, N, 10, DT, -999, SHR82, -99, 
EP, 16, 2026091800, 03, HFSA,  90, 130N, 1271W,  53,  992, XX,  50, NEQ,   21,   21,    0,    0, 1008,   66,  20,   0,   0,    ,   0,    , 332,   6,           ,  ,  0,    ,    0,    0,    0,    0, THERMO PARAMS, -72, 820, 1052, N, 10, DT, -999, SHR82, -99, 
EP, 16, 2026091800, 03, HFSA,  96, 134N, 1274W,  63,  986, XX,  34, NEQ,   65,   63,   37,   55, 1002,   38,  17,   0,   0,    ,   0,    , 342,   4,           ,  ,  0,    ,    0,    0,    0,    0, THERMO PARAMS, -68, 1079, 1148, N, 10, DT, -999, SHR82, -99, 
EP, 16, 2026091800, 03, HFSA,  96, 134N, 1274W,  63,  986, XX,  50, NEQ,   24,   23,   18,   29, 1002,   38,  17,   0,   0,    ,   0,    , 342,   4,           ,  ,  0,    ,    0,    0,    0,    0, THERMO PARAMS, -68, 1079, 1148, N, 10, DT, -999, SHR82, -99, 
EP, 16, 2026091800, 03, HFSA, 102, 136N, 1275W,  77,  981, XX,  34, NEQ,   86,   86,   44,   53, 1005,   40,  11,   0,   0,    ,   0,    ,   2,   2,           ,  ,  0,    ,    0,    0,    0,    0, THERMO PARAMS, -31, 1441, 1511, N, 10, DT, -999, SHR82, -99, 
EP, 16, 2026091800, 03, HFSA, 102, 136N, 1275W,  77,  981, XX,  50, NEQ,   28,   26,   23,   29, 1005,   40,  11,   0,   0,    ,   0,    ,   2,   2,           ,  ,  0,    ,    0,    0,    0,    0, THERMO PARAMS, -31, 1441, 1511, N, 10, DT, -999, SHR82, -99, 
EP, 16, 2026091800, 03, HFSA, 102, 136N, 1275W,  77,  981, XX,  64, NEQ,   18,   15,   15,   18, 1005,   40,  11,   0,   0,    ,   0,    ,   2,   2,           ,  ,  0,    ,    0,    0,    0,    0, THERMO PARAMS, -31, 1441, 1511, N, 10, DT, -999, SHR82, -99, 
EP, 16, 2026091800, 03, HFSA, 108, 137N, 1274W,  73,  976, XX,  34, NEQ,   62,   96,   47,   52, 1000,   33,  13,   0,   0,    ,   0,    ,  38,   3,           ,  ,  0,    ,    0,    0,    0,    0, THERMO PARAMS, -13, 1360, 1626, N, 10, DT, -999, SHR82, -99, 
EP, 16, 2026091800, 03, HFSA, 108, 137N, 1274W,  73,  976, XX,  50, NEQ,   29,   26,   24,   26, 1000,   33,  13,   0,   0,    ,   0,    ,  38,   3,           ,  ,  0,    ,    0,    0,    0,    0, THERMO PARAMS, -13, 1360, 1626, N, 10, DT, -999, SHR82, -99, 
EP, 16, 2026091800, 03, HFSA, 108, 137N, 1274W,  73,  976, XX,  64, NEQ,   15,   16,   11,   16, 1000,   33,  13,   0,   0,    ,   0,    ,  38,   3,           ,  ,  0,    ,    0,    0,    0,    0, THERMO PARAMS, -13, 1360, 1626, N, 10, DT, -999, SHR82, -99, 
EP, 16, 2026091800, 03, HFSA, 114, 138N, 1272W,  69,  981, XX,  34, NEQ,   74,   71,   49,   55, 1001,   33,  13,   0,   0,    ,   0,    ,  48,   3,           ,  ,  0,    ,    0,    0,    0,    0, THERMO PARAMS, 16, 1019, 1483, N, 10, DT, -999, SHR82, -99, 
EP, 16, 2026091800, 03, HFSA, 114, 138N, 1272W,  69,  981, XX,  50, NEQ,   34,   26,   24,   31, 1001,   33,  13,   0,   0,    ,   0,    ,  48,   3,           ,  ,  0,    ,    0,    0,    0,    0, THERMO PARAMS, 16, 1019, 1483, N, 10, DT, -999, SHR82, -99, 
EP, 16, 2026091800, 03, HFSA, 114, 138N, 1272W,  69,  981, XX,  64, NEQ,   16,    0,    0,   16, 1001,   33,  13,   0,   0,    ,   0,    ,  48,   3,           ,  ,  0,    ,    0,    0,    0,    0, THERMO PARAMS, 16, 1019, 1483, N, 10, DT, -999, SHR82, -99, 
EP, 16, 2026091800, 03, HFSA, 120, 137N, 1268W,  64,  980, XX,  34, NEQ,   70,   74,   47,   49, 1000,   43,  16,   0,   0,    ,   0,    ,  76,   6,           ,  ,  0,    ,    0,    0,    0,    0, THERMO PARAMS, 62, 928, 1294, N, 10, DT, -999, SHR82, -99, 
EP, 16, 2026091800, 03, HFSA, 120, 137N, 1268W,  64,  980, XX,  50, NEQ,   28,   26,   23,   23, 1000,   43,  16,   0,   0,    ,   0,    ,  76,   6,           ,  ,  0,    ,    0,    0,    0,    0, THERMO PARAMS, 62, 928, 1294, N, 10, DT, -999, SHR82, -99, 
EP, 16, 2026091800, 03, HFSA, 126, 137N, 1261W,  55,  985, XX,  34, NEQ,   68,   97,   53,   49, 1005,   67,  20,   0,   0,    ,   0,    , -99, -99,           ,  ,  0,    ,    0,    0,    0,    0, THERMO PARAMS, 35, 1191, 1377, N, 10, DT, -999, SHR82, -99, 
EP, 16, 2026091800, 03, HFSA, 126, 137N, 1261W,  55,  985, XX,  50, NEQ,   29,   29,   29,   23, 1005,   67,  20,   0,   0,    ,   0,    , -99, -99,           ,  ,  0,    ,    0,    0,    0,    0, THERMO PARAMS, 35, 1191, 1377, N, 10, DT, -999, SHR82, -99, 
EP, 16, 2026091800, 03, TVCN,   0, 115N, 1161W,   0,    0,   ,   0,    ,    0,    0,    0,    0, 
EP, 16, 2026091800, 03, TVCN,  12, 114N, 1180W,   0,    0,   ,   0,    ,    0,    0,    0,    0, 
EP, 16, 2026091800, 03, TVCN,  24, 113N, 1197W,   0,    0,   ,   0,    ,    0,    0,    0,    0, 
EP, 16, 2026091800, 03, TVCN,  36, 111N, 1216W,   0,    0,   ,   0,    ,    0,    0,    0,    0, 
EP, 16, 2026091800, 03, TVCN,  48, 109N, 1233W,   0,    0,   ,   0,    ,    0,    0,    0,    0, 
EP, 16, 2026091800, 03, TVCN,  60, 112N, 1249W,   0,    0,   ,   0,    ,    0,    0,    0,    0, 
EP, 16, 2026091800, 03, TVCN,  72, 119N, 1266W,   0,    0,   ,   0,    ,    0,    0,    0,    0, 
EP, 16, 2026091800, 03, TVCN,  84, 127N, 1282W,   0,    0,   ,   0,    ,    0,    0,    0,    0, 
EP, 16, 2026091800, 03, TVCN,  96, 135N, 1293W,   0,    0,   ,   0,    ,    0,    0,    0,    0, 
EP, 16, 2026091800, 03, TVCN, 108, 142N, 1298W,   0,    0,   ,   0,    ,    0,    0,    0,    0, 
EP, 16, 2026091800, 03, TVCN, 120, 145N, 1299W,   0,    0,   ,   0,    ,    0,    0,    0,    0, 
EP, 16, 2026091800, 03, TVCN, 132, 148N, 1298W,   0,    0,   ,   0,    ,    0,    0,    0,    0, 
EP, 16, 2026091806, 03, AVNO,   0, 120N, 1173W,  18, 1012, XX,  34, NEQ,    0,    0,    0,    0,  -99,  -99, 149,   0,   0, 
EP, 16, 2026091806, 03, AVNO,   6, 119N, 1179W,  17, 1009, XX,  34, NEQ,    0,    0,    0,    0,  -99,  -99, 127,   0,   0, 
EP, 16, 2026091806, 03, AVNO,  12, 118N, 1184W,  17, 1012, XX,  34, NEQ,    0,    0,    0,    0,  -99,  -99, 150,   0,   0, 
EP, 16, 2026091806, 03, AVNO,  18, 115N, 1194W,  19, 1008, XX,  34, NEQ,    0,    0,    0,    0,  -99,  -99, 153,   0,   0, 
EP, 16, 2026091806, 03, AVNO,  24, 113N, 1203W,  19, 1011, XX,  34, NEQ,    0,    0,    0,    0,  -99,  -99, 101,   0,   0, 
EP, 16, 2026091806, 03, AVNO,  30, 111N, 1211W,  19, 1008, XX,  34, NEQ,    0,    0,    0,    0,  -99,  -99, 114,   0,   0, 
EP, 16, 2026091806, 03, AVNO,  36, 109N, 1215W,  20, 1011, XX,  34, NEQ,    0,    0,    0,    0,  -99,  -99, 130,   0,   0, 
EP, 16, 2026091806, 03, AVNO,  42, 107N, 1219W,  29, 1007, XX,  34, NEQ,    0,    0,    0,    0,  -99,  -99,  86,   0,   0, 
EP, 16, 2026091806, 03, AVNO,  48, 107N, 1232W,  23, 1010, XX,  34, NEQ,    0,    0,    0,    0,  -99,  -99, 136,   0,   0, 
EP, 16, 2026091806, 03, AVNO,  54, 107N, 1236W,  29, 1007, XX,  34, NEQ,    0,    0,    0,    0,  -99,  -99,  40,   0,   0, 
EP, 16, 2026091806, 03, AVNO,  60, 112N, 1232W,  39, 1005, XX,  34, NEQ,   29,    0,    0,    0, 1009,   19,  25,   0,   0, 
EP, 16, 2026091806, 03, AVNO,  66, 118N, 1235W,  33, 1004, XX,  34, NEQ,    0,    0,    0,    0, 1008,   72,  50,   0,   0, 
EP, 16, 2026091806, 03, AVNO,  72, 127N, 1236W,  35, 1006, XX,  34, NEQ,   48,   56,    0,    0, 1010,   54,  55,   0,   0, 
EP, 16, 2026091806, 03, AVNO,  78, 136N, 1237W,  34, 1004, XX,  34, NEQ,   50,    0,    0,    0, 1008,   44,  49,   0,   0, 
EP, 16, 2026091806, 03, AVNO,  84, 141N, 1238W,  38, 1004, XX,  34, NEQ,   30,    0,    0,    0, 1012,  192,  28,   0,   0, 
EP, 16, 2026091806, 03, AVNO,  90, 146N, 1236W,  37, 1000, XX,  34, NEQ,   38,   43,    0,    0, 1008,  130,  30,   0,   0, 
EP, 16, 2026091806, 03, AVNO,  96, 148N, 1238W,  32, 1002, XX,  34, NEQ,    0,    0,    0,    0, 1010,   74,  45,   0,   0, 
EP, 16, 2026091806, 03, AVNO, 102, 151N, 1233W,  47,  999, XX,  34, NEQ,   43,    0,    0,   51, 1007,   75,  42,   0,   0, 
EP, 16, 2026091806, 03, AVNO, 108, 149N, 1230W,  38, 1000, XX,  34, NEQ,   55,   49,   52,   37, 1012,  181,  54,   0,   0, 
EP, 16, 2026091806, 03, AVNO, 114, 148N, 1224W,  34,  998, XX,  34, NEQ,    0,    0,    0,    0, 1006,   83,  31,   0,   0, 
EP, 16, 2026091806, 03, AVNO, 120, 147N, 1218W,  35, 1000, XX,  34, NEQ,    0,   53,    0,    0, 1008,   85,  28,   0,   0, 
EP, 16, 2026091806, 03, AVNO, 126, 149N, 1211W,  38,  996, XX,  34, NEQ,   37,   53,   47,   44, 1008,  130,  25,   0,   0, 
EP, 16, 2026091806, 03, AVNO, 132, 150N, 1203W,  33,  999, XX,  34, NEQ,    0,    0,    0,    0, 1007,   62,  48,   0,   0, 
EP, 16, 2026091806, 03, AVNO, 138, 153N, 1195W,  46,  995, XX,  34, NEQ,   28,   46,   47,   32, 1007,  122,  29,   0,   0, 
EP, 16, 2026091806, 03, AVNO, 144, 154N, 1187W,  40,  999, XX,  34, NEQ,    0,   36,    0,   49, 1007,   73,  37,   0,   0, 
EP, 16, 2026091806, 03, AVNO, 150, 153N, 1182W,  33,  998, XX,  34, NEQ,    0,    0,    0,    0, 1006,   96,  35,   0,   0, 
EP, 16, 2026091806, 03, AVNO, 156, 152N, 1176W,  29, 1001, XX,  34, NEQ,    0,    0,    0,    0, 1005,   37,  47,   0,   0, 
EP, 16, 2026091806, 03, AVNO, 162, 153N, 1170W,  29,  999, XX,  34, NEQ,    0,    0,    0,    0, 1003,   35,  45,   0,   0, 
EP, 16, 2026091806, 03, AVNO, 168, 149N, 1166W,  29, 1001, XX,  34, NEQ,    0,    0,    0,    0, 1005,   35,  40,   0,   0, 
EP, 16, 2026091806, 03, AVNO, 174, 146N, 1162W,  27,  999, XX,  34, NEQ,    0,    0,    0,    0, 1003,   40,  34,   0,   0, 
EP, 16, 2026091806, 03, AVNO, 180, 142N, 1155W,  29,  998, XX,  34, NEQ,    0,    0,    0,    0, 1002,   20,  42,   0,   0, 
EP, 16, 2026091806, 03, AVNO, 186, 137N, 1145W,  38,  997, XX,  34, NEQ,  516,   29,   40,    0, 1001,   31,  28,   0,   0, 
EP, 16, 2026091806, 03, AVNO, 192, 133N, 1130W,  45,  996, XX,  34, NEQ,  456,   67,   54,    0, 1000,   16,  25,   0,   0, 
EP, 16, 2026091806, 03, AVNO, 198, 140N, 1107W,  50,  994, XX,  34, NEQ,  392,   71,  160,  402,  998,   16,  30,   0,   0, 
EP, 16, 2026091806, 03, AVNO, 204, 163N, 1092W,  49,  997, XX,  34, NEQ,   51,   65,  304,  380, 1001,   14,  28,   0,   0, 
EP, 16, 2026091806, 03, AVNO, 210, 193N, 1097W,  47,  996, XX,  34, NEQ,   62,   84,  387,  369, 1000,   21, 161,   0,   0, 
EP, 16, 2026091806, 03, AVNO, 216, 218N, 1123W,  49,  997, XX,  34, NEQ,   48,  257,  375,    0, 1001,   18, 154,   0,   0, 
EP, 16, 2026091806, 03, AVNO, 222, 226N, 1162W,  56,  999, XX,  34, NEQ,   40,  391,  350,   30,  -99,  -99, 159,   0,   0, 
EP, 16, 2026091806, 03, AVNO, 222, 226N, 1162W,  56,  999, XX,  50, NEQ,    0,  268,  260,    0,  -99,  -99, 159,   0,   0, 
EP, 16, 2026091806, 03, AVNO, 228, 219N, 1188W,  52, 1000, XX,  34, NEQ,    0,  387,    0,    0,  -99,  -99, 154,   0,   0, 
EP, 16, 2026091806, 03, AVNO, 228, 219N, 1188W,  52, 1000, XX,  50, NEQ,    0,  269,    0,    0,  -99,  -99, 154,   0,   0, 
EP, 16, 2026091806, 03, HCCA,   0, 122N, 1173W,  20,    0,   ,   0,    ,    0,    0,    0,    0, 
EP, 16, 2026091806, 03, HCCA,  12, 119N, 1188W,  25,    0,   ,   0,    ,    0,    0,    0,    0, 
EP, 16, 2026091806, 03, HCCA,  24, 115N, 1209W,  31,    0,   ,   0,    ,    0,    0,    0,    0, 
EP, 16, 2026091806, 03, HCCA,  36, 111N, 1228W,  34,    0,   ,   0,    ,    0,    0,    0,    0, 
EP, 16, 2026091806, 03, HCCA,  48, 109N, 1244W,  32,    0,   ,   0,    ,    0,    0,    0,    0, 
EP, 16, 2026091806, 03, HCCA,  60, 112N, 1256W,  35,    0,   ,   0,    ,    0,    0,    0,    0, 
EP, 16, 2026091806, 03, HCCA,  72, 123N, 1264W,  37,    0,   ,   0,    ,    0,    0,    0,    0, 
EP, 16, 2026091806, 03, HCCA,  84, 135N, 1273W,  43,    0,   ,   0,    ,    0,    0,    0,    0, 
EP, 16, 2026091806, 03, HCCA,  96, 144N, 1277W,  51,    0,   ,   0,    ,    0,    0,    0,    0, 
EP, 16, 2026091806, 03, HCCA, 108, 147N, 1279W,  61,    0,   ,   0,    ,    0,    0,    0,    0, 
EP, 16, 2026091806, 03, HCCA, 120, 148N, 1276W,  67,    0,   ,   0,    ,    0,    0,    0,    0, 
EP, 16, 2026091806, 03, HCCA, 132, 152N, 1266W,  72,    0,   ,   0,    ,    0,    0,    0,    0, 
EP, 16, 2026091806, 03, HCCA, 144, 160N, 1254W,  74,    0,   ,   0,    ,    0,    0,    0,    0, 
EP, 16, 2026091806, 03, HCCA, 156, 168N, 1243W,  77,    0,   ,   0,    ,    0,    0,    0,    0, 
EP, 16, 2026091806, 03, HCCA, 168, 177N, 1237W,  78,    0,   ,   0,    ,    0,    0,    0,    0, 
EP, 16, 2026091806, 03, HFSA,   0, 121N, 1173W,  20, 1011, XX,  34, NEQ,    0,    0,    0,    0,  -99,  -99, 142,   0,   0,    ,   0,    , 279,  11,           ,  ,  0,    ,    0,    0,    0,    0, THERMO PARAMS, 70, -259, 72, N, 10, DT, -999, SHR82, -99, 
EP, 16, 2026091806, 03, HFSA,   6, 126N, 1191W,  21, 1009, XX,  34, NEQ,    0,    0,    0,    0,  -99,  -99,  80,   0,   0,    ,   0,    , 260,  12,           ,  ,  0,    ,    0,    0,    0,    0, THERMO PARAMS, -9999, -9999, -9999, N, 10, DT, -999, SHR82, -99, 
EP, 16, 2026091806, 03, HFSA,  12, 114N, 1186W,  24, 1008, XX,  34, NEQ,    0,    0,    0,    0,  -99,  -99,  43,   0,   0,    ,   0,    , 197,   4,           ,  ,  0,    ,    0,    0,    0,    0, THERMO PARAMS, 23, 25, 132, N, 10, DT, -999, SHR82, -99, 
EP, 16, 2026091806, 03, HFSA,  18, 112N, 1191W,  25, 1008, XX,  34, NEQ,    0,    0,    0,    0,  -99,  -99, 122,   0,   0,    ,   0,    , 244,   8,           ,  ,  0,    ,    0,    0,    0,    0, THERMO PARAMS, 51, 28, 103, N, 10, DT, -999, SHR82, -99, 
EP, 16, 2026091806, 03, HFSA,  24, 109N, 1202W,  29, 1005, XX,  34, NEQ,    0,    0,    0,    0, 1009,    5, 126,   0,   0,    ,   0,    , 262,   8,           ,  ,  0,    ,    0,    0,    0,    0, THERMO PARAMS, 67, -436, 267, N, 10, DT, -999, SHR82, -99, 
EP, 16, 2026091806, 03, HFSA,  30, 108N, 1207W,  26, 1004, XX,  34, NEQ,    0,    0,    0,    0, 1008,   13,  71,   0,   0,    ,   0,    , 250,   6,           ,  ,  0,    ,    0,    0,    0,    0, THERMO PARAMS, -9999, -9999, -9999, N, 10, DT, -999, SHR82, -99, 
EP, 16, 2026091806, 03, HFSA,  36, 112N, 1213W,  27, 1010, XX,  34, NEQ,    0,    0,    0,    0,  -99,  -99, 116,   0,   0,    ,   0,    , 307,  10,           ,  ,  0,    ,    0,    0,    0,    0, THERMO PARAMS, -9999, -9999, -9999, N, 10, DT, -999, SHR82, -99, 
EP, 16, 2026091806, 03, HFSA,  42, 113N, 1224W,  29, 1004, XX,  34, NEQ,    0,    0,    0,    0, 1008,   63,  96,   0,   0,    ,   0,    , 288,  10,           ,  ,  0,    ,    0,    0,    0,    0, THERMO PARAMS, 63, -380, 98, N, 10, DT, -999, SHR82, -99, 
EP, 16, 2026091806, 03, HFSA,  48, 109N, 1243W,  32, 1005, XX,  34, NEQ,    0,    0,    0,    0, 1009,    4,  48,   0,   0,    ,   0,    , 255,  12,           ,  ,  0,    ,    0,    0,    0,    0, THERMO PARAMS, 68, -145, 154, N, 10, DT, -999, SHR82, -99, 
EP, 16, 2026091806, 03, HFSA,  54, 115N, 1249W,  30, 1005, XX,  34, NEQ,    0,    0,    0,    0,  -99,  -99, 143,   0,   0,    ,   0,    , 315,   8,           ,  ,  0,    ,    0,    0,    0,    0, THERMO PARAMS, 26, -256, -1, N, 10, DT, -999, SHR82, -99, 
EP, 16, 2026091806, 03, HFSA,  60, 121N, 1253W,  34, 1008, XX,  34, NEQ,    0,    0,    0,    0,  -99,  -99, 145,   0,   0,    ,   0,    , 320,   9,           ,  ,  0,    ,    0,    0,    0,    0, THERMO PARAMS, 34, 21, 300, N, 10, DT, -999, SHR82, -99, 
EP, 16, 2026091806, 03, HFSA,  66, 128N, 1264W,  35,  999, XX,  34, NEQ,    0,    0,    0,    0, 1003,    8,  95,   0,   0,    ,   0,    , 305,  10,           ,  ,  0,    ,    0,    0,    0,    0, THERMO PARAMS, 44, 206, 413, N, 10, DT, -999, SHR82, -99, 
EP, 16, 2026091806, 03, HFSA,  72, 134N, 1264W,  36, 1004, XX,  34, NEQ,    0,    0,    0,    0, 1008,   33,  57,   0,   0,    ,   0,    , 359,   8,           ,  ,  0,    ,    0,    0,    0,    0, THERMO PARAMS, -9999, -9999, -9999, N, 10, DT, -999, SHR82, -99, 
EP, 16, 2026091806, 03, HFSA,  78, 142N, 1273W,  35, 1004, XX,  34, NEQ,    0,    0,    0,    0,  -99,  -99, 112,   0,   0,    ,   0,    , 309,  10,           ,  ,  0,    ,    0,    0,    0,    0, THERMO PARAMS, -9999, -9999, -9999, N, 10, DT, -999, SHR82, -99, 
EP, 16, 2026091806, 03, HFSA,  84, 144N, 1280W,  34, 1005, XX,  34, NEQ,    0,    0,    0,    0,  -99,  -99,  88,   0,   0,    ,   0,    , 312,   6,           ,  ,  0,    ,    0,    0,    0,    0, THERMO PARAMS, 36, 117, 199, N, 10, DT, -999, SHR82, -99, 
EP, 16, 2026091806, 03, HFSA,  90, 149N, 1281W,  35, 1000, XX,  34, NEQ,    0,    0,    0,    0,  -99,  -99, 105,   0,   0,    ,   0,    ,  18,   6,           ,  ,  0,    ,    0,    0,    0,    0, THERMO PARAMS, -44, 286, -124, N, 10, DT, -999, SHR82, -99, 
EP, 16, 2026091806, 03, HFSA,  96, 155N, 1279W,  55,  995, XX,  34, NEQ,    0,    0,    0,    0, 1007,   43,  22,   0,   0,    ,   0,    ,  20,   6,           ,  ,  0,    ,    0,    0,    0,    0, THERMO PARAMS, -51, 1080, 268, N, 10, DT, -999, SHR82, -99, 
EP, 16, 2026091806, 03, HFSA, 102, 159N, 1280W,  34, 1002, XX,  34, NEQ,    0,    0,    0,    0, 1006,   42, 147,   0,   0,    ,   0,    ,  44,   3,           ,  ,  0,    ,    0,    0,    0,    0, THERMO PARAMS, -39, 250, 66, N, 10, DT, -999, SHR82, -99, 
EP, 16, 2026091806, 03, HFSA, 108, 157N, 1278W,  32, 1003, XX,  34, NEQ,    0,    0,    0,    0, 1007,   47,  68,   0,   0,    ,   0,    ,  95,   5,           ,  ,  0,    ,    0,    0,    0,    0, THERMO PARAMS, 30, 96, 126, N, 10, DT, -999, SHR82, -99, 
EP, 16, 2026091806, 03, HFSA, 114, 156N, 1271W,  34,  999, XX,  34, NEQ,    0,    0,    0,    0, 1003,   34, 104,   0,   0,    ,   0,    ,  96,   8,           ,  ,  0,    ,    0,    0,    0,    0, THERMO PARAMS, 6, 486, 213, N, 10, DT, -999, SHR82, -99, 
EP, 16, 2026091806, 03, HFSA, 120, 152N, 1262W,  44, 1001, XX,  34, NEQ,    0,   55,    0,    0,  -99,  -99,  56,   0,   0,    ,   0,    , 105,   9,           ,  ,  0,    ,    0,    0,    0,    0, THERMO PARAMS, 35, 245, 482, N, 10, DT, -999, SHR82, -99, 
EP, 16, 2026091806, 03, HFSA, 126, 152N, 1249W,  46,  993, XX,  34, NEQ,   34,   65,   31,   13, 1001,   26,   6,   0,   0,    ,   0,    , -99, -99,           ,  ,  0,    ,    0,    0,    0,    0, THERMO PARAMS, -29, 1302, 218, N, 10, DT, -999, SHR82, -99, 
EP, 16, 2026091806, 03, TVCN,   0, 122N, 1173W,   0,    0,   ,   0,    ,    0,    0,    0,    0, 
EP, 16, 2026091806, 03, TVCN,  12, 120N, 1189W,   0,    0,   ,   0,    ,    0,    0,    0,    0, 
EP, 16, 2026091806, 03, TVCN,  24, 117N, 1209W,   0,    0,   ,   0,    ,    0,    0,    0,    0, 
EP, 16, 2026091806, 03, TVCN,  36, 114N, 1227W,   0,    0,   ,   0,    ,    0,    0,    0,    0, 
EP, 16, 2026091806, 03, TVCN,  48, 112N, 1242W,   0,    0,   ,   0,    ,    0,    0,    0,    0, 
EP, 16, 2026091806, 03, TVCN,  60, 117N, 1256W,   0,    0,   ,   0,    ,    0,    0,    0,    0, 
EP, 16, 2026091806, 03, TVCN,  72, 126N, 1268W,   0,    0,   ,   0,    ,    0,    0,    0,    0, 
EP, 16, 2026091806, 03, TVCN,  84, 135N, 1277W,   0,    0,   ,   0,    ,    0,    0,    0,    0, 
EP, 16, 2026091806, 03, TVCN,  96, 142N, 1284W,   0,    0,   ,   0,    ,    0,    0,    0,    0, 
EP, 16, 2026091806, 03, TVCN, 108, 145N, 1286W,   0,    0,   ,   0,    ,    0,    0,    0,    0, 
EP, 16, 2026091806, 03, TVCN, 120, 145N, 1283W,   0,    0,   ,   0,    ,    0,    0,    0,    0, 
EP, 16, 2026091806, 03, TVCN, 132, 146N, 1277W,   0,    0,   ,   0,    ,    0,    0,    0,    0, 
EP, 16, 2026091806, 03, TVCN, 144, 156N, 1271W,   0,    0,   ,   0,    ,    0,    0,    0,    0, 
EP, 16, 2026091806, 03, TVCN, 156, 164N, 1262W,   0,    0,   ,   0,    ,    0,    0,    0,    0, 
EP, 16, 2026091806, 03, TVCN, 168, 173N, 1255W,   0,    0,   ,   0,    ,    0,    0,    0,    0, 
EP, 16, 2026091812, 03,  UKX,   0, 122N, 1192W,  21, 1010, XX,  34, NEQ,    0,    0,    0,    0, 
EP, 16, 2026091812, 03,  UKX,   6, 126N, 1205W,  25, 1011, XX,  34, NEQ,    0,    0,    0,    0, 
EP, 16, 2026091812, 03,  UKX,  12, 118N, 1214W,  20, 1009, XX,  34, NEQ,    0,    0,    0,    0, 
EP, 16, 2026091812, 03,  UKX,  18, 118N, 1223W,  20, 1011, XX,  34, NEQ,    0,    0,    0,    0, 
EP, 16, 2026091812, 03,  UKX,  24, 119N, 1229W,  18, 1010, XX,  34, NEQ,    0,    0,    0,    0, 
EP, 16, 2026091812, 03,  UKX,  30, 119N, 1238W,  18, 1010, XX,  34, NEQ,    0,    0,    0,    0, 
EP, 16, 2026091812, 03,  UKX,  36, 120N, 1247W,  20, 1009, XX,  34, NEQ,    0,    0,    0,    0, 
EP, 16, 2026091812, 03,  UKX,  42, 125N, 1258W,  22, 1010, XX,  34, NEQ,    0,    0,    0,    0, 
EP, 16, 2026091812, 03,  UKX,  48, 129N, 1268W,  22, 1008, XX,  34, NEQ,    0,    0,    0,    0, 
EP, 16, 2026091812, 03,  UKX,  54, 135N, 1283W,  22, 1011, XX,  34, NEQ,    0,    0,    0,    0, 
EP, 16, 2026091812, 03,  UKX,  60, 135N, 1301W,  23, 1008, XX,  34, NEQ,    0,    0,    0,    0, 
EP, 16, 2026091812, 03,  UKX,  66, 144N, 1315W,  25, 1011, XX,  34, NEQ,    0,    0,    0,    0, 
EP, 16, 2026091812, 03,  UKX,  72, 147N, 1329W,  24, 1009, XX,  34, NEQ,    0,    0,    0,    0, 
EP, 16, 2026091812, 03,  UKX,  78, 151N, 1342W,  24, 1011, XX,  34, NEQ,    0,    0,    0,    0, 
EP, 16, 2026091812, 03,  UKX,  84, 154N, 1354W,  23, 1009, XX,  34, NEQ,    0,    0,    0,    0, 
EP, 16, 2026091812, 03,  UKX,  90, 157N, 1361W,  24, 1012, XX,  34, NEQ,    0,    0,    0,    0, 
EP, 16, 2026091812, 03,  UKX,  96, 157N, 1367W,  24, 1010, XX,  34, NEQ,    0,    0,    0,    0, 
EP, 16, 2026091812, 03,  UKX, 102, 156N, 1372W,  24, 1012, XX,  34, NEQ,    0,    0,    0,    0, 
EP, 16, 2026091812, 03,  UKX, 108, 157N, 1377W,  23, 1009, XX,  34, NEQ,    0,    0,    0,    0, 
EP, 16, 2026091812, 03,  UKX, 114, 157N, 1378W,  24, 1011, XX,  34, NEQ,    0,    0,    0,    0, 
EP, 16, 2026091812, 03,  UKX, 120, 156N, 1377W,  23, 1009, XX,  34, NEQ,    0,    0,    0,    0, 
EP, 16, 2026091812, 03,  UKX, 126, 154N, 1375W,  21, 1011, XX,  34, NEQ,    0,    0,    0,    0, 
EP, 16, 2026091812, 03,  UKX, 132, 150N, 1372W,  24, 1007, XX,  34, NEQ,    0,    0,    0,    0, 
EP, 16, 2026091812, 03,  UKX, 138, 146N, 1368W,  26, 1009, XX,  34, NEQ,    0,    0,    0,    0, 
EP, 16, 2026091812, 03,  UKX, 144, 141N, 1360W,  29, 1005, XX,  34, NEQ,    0,    0,    0,    0, 
EP, 16, 2026091812, 03, AVNO,   0, 118N, 1180W,  17, 1009, XX,  34, NEQ,    0,    0,    0,    0,  -99,  -99, 157,   0,   0, 
EP, 16, 2026091812, 03, AVNO,   6, 116N, 1178W,  16, 1012, XX,  34, NEQ,    0,    0,    0,    0,  -99,  -99, 154,   0,   0, 
EP, 16, 2026091812, 03, AVNO,  12, 114N, 1188W,  19, 1008, XX,  34, NEQ,    0,    0,    0,    0,  -99,  -99, 154,   0,   0, 
EP, 16, 2026091812, 03, AVNO,  18, 116N, 1198W,  18, 1011, XX,  34, NEQ,    0,    0,    0,    0,  -99,  -99, 127,   0,   0, 
EP, 16, 2026091812, 03, AVNO,  24, 113N, 1210W,  19, 1008, XX,  34, NEQ,    0,    0,    0,    0,  -99,  -99, 145,   0,   0, 
EP, 16, 2026091812, 03, AVNO,  30, 110N, 1217W,  20, 1011, XX,  34, NEQ,    0,    0,    0,    0,  -99,  -99, 157,   0,   0, 
EP, 16, 2026091812, 03, AVNO,  36, 111N, 1230W,  20, 1007, XX,  34, NEQ,    0,    0,    0,    0,  -99,  -99, 120,   0,   0, 
EP, 16, 2026091812, 03, AVNO,  42, 112N, 1242W,  22, 1010, XX,  34, NEQ,    0,    0,    0,    0,  -99,  -99, 113,   0,   0, 
EP, 16, 2026091812, 03, AVNO,  48, 110N, 1252W,  31, 1007, XX,  34, NEQ,    0,    0,    0,    0,  -99,  -99, 144,   0,   0, 
EP, 16, 2026091812, 03, AVNO,  54, 108N, 1239W,  34, 1006, XX,  34, NEQ,    0,    0,    0,    0, 1010,   83,  37,   0,   0, 
EP, 16, 2026091812, 03, AVNO,  60, 114N, 1240W,  39, 1003, XX,  34, NEQ,   36,   40,    0,    0, 1007,  110,  32,   0,   0, 
EP, 16, 2026091812, 03, AVNO,  66, 125N, 1244W,  38, 1007, XX,  34, NEQ,   49,   67,    0,    0, 1011,   71,  35,   0,   0, 
EP, 16, 2026091812, 03, AVNO,  72, 133N, 1246W,  37, 1004, XX,  34, NEQ,   51,   51,    0,    0,  -99,  -99,  49,   0,   0, 
EP, 16, 2026091812, 03, AVNO,  78, 140N, 1250W,  34, 1006, XX,  34, NEQ,    0,    0,    0,    0, 1010,   55,  45,   0,   0, 
EP, 16, 2026091812, 03, AVNO,  84, 145N, 1250W,  37, 1001, XX,  34, NEQ,   42,    0,    0,    0, 1009,  233,  41,   0,   0, 
EP, 16, 2026091812, 03, AVNO,  90, 147N, 1250W,  44, 1001, XX,  34, NEQ,   50,    0,    0,   46, 1009,   65,  33,   0,   0, 
EP, 16, 2026091812, 03, AVNO,  96, 148N, 1248W,  34,  999, XX,  34, NEQ,    0,    0,    0,    0, 1007,   73,  48,   0,   0, 
EP, 16, 2026091812, 03, AVNO, 102, 147N, 1243W,  38, 1000, XX,  34, NEQ,   37,   55,    0,   48, 1012,  258,  43,   0,   0, 
EP, 16, 2026091812, 03, AVNO, 108, 147N, 1236W,  37,  996, XX,  34, NEQ,   47,   55,   46,   53, 1004,   71,  35,   0,   0, 
EP, 16, 2026091812, 03, AVNO, 114, 148N, 1228W,  42,  997, XX,  34, NEQ,   56,   73,   50,   48, 1009,  107,  43,   0,   0, 
EP, 16, 2026091812, 03, AVNO, 120, 149N, 1221W,  42,  994, XX,  34, NEQ,   52,   79,   63,   50, 1006,  102,  42,   0,   0, 
EP, 16, 2026091812, 03, AVNO, 126, 153N, 1211W,  51,  992, XX,  34, NEQ,   53,   83,   65,   48, 1008,  105,  33,   0,   0, 
EP, 16, 2026091812, 03, AVNO, 126, 153N, 1211W,  51,  992, XX,  50, NEQ,    0,    0,    0,   33, 1008,  105,  33,   0,   0, 
EP, 16, 2026091812, 03, AVNO, 132, 156N, 1203W,  49,  988, XX,  34, NEQ,   48,   65,   56,   55, 1004,   71,  26,   0,   0, 
EP, 16, 2026091812, 03, AVNO, 138, 159N, 1197W,  47,  990, XX,  34, NEQ,   54,   56,   49,   59, 1006,   70,  27,   0,   0, 
EP, 16, 2026091812, 03, AVNO, 144, 163N, 1193W,  55,  984, XX,  34, NEQ,   48,   60,   42,   59, 1008,  250,  21,   0,   0, 
EP, 16, 2026091812, 03, AVNO, 144, 163N, 1193W,  55,  984, XX,  50, NEQ,    0,   31,   25,   33, 1008,  250,  21,   0,   0, 
EP, 16, 2026091812, 03, AVNO, 150, 166N, 1190W,  50,  986, XX,  34, NEQ,   47,   46,   46,   45, 1010,  211,  23,   0,   0, 
EP, 16, 2026091812, 03, AVNO, 150, 166N, 1190W,  50,  986, XX,  50, NEQ,    0,    0,   23,    0, 1010,  211,  23,   0,   0, 
EP, 16, 2026091812, 03, AVNO, 156, 168N, 1189W,  57,  983, XX,  34, NEQ,   44,   48,   50,   51, 1007,  124,  21,   0,   0, 
EP, 16, 2026091812, 03, AVNO, 156, 168N, 1189W,  57,  983, XX,  50, NEQ,    0,   22,   27,   27, 1007,  124,  21,   0,   0, 
EP, 16, 2026091812, 03, AVNO, 162, 169N, 1190W,  52,  987, XX,  34, NEQ,   49,   48,   42,   54, 1007,   66,  22,   0,   0, 
EP, 16, 2026091812, 03, AVNO, 162, 169N, 1190W,  52,  987, XX,  50, NEQ,   21,    0,   17,   26, 1007,   66,  22,   0,   0, 
EP, 16, 2026091812, 03, AVNO, 168, 171N, 1193W,  54,  985, XX,  34, NEQ,   47,   48,   44,   45, 1005,   82,  25,   0,   0, 
EP, 16, 2026091812, 03, AVNO, 168, 171N, 1193W,  54,  985, XX,  50, NEQ,   25,    0,   28,   26, 1005,   82,  25,   0,   0, 
EP, 16, 2026091812, 03, AVNO, 174, 172N, 1198W,  50,  989, XX,  34, NEQ,   48,   44,   42,   52, 1009,  168,  15,   0,   0, 
EP, 16, 2026091812, 03, AVNO, 180, 172N, 1204W,  54,  986, XX,  34, NEQ,   44,   42,   53,   55, 1002,   45,  24,   0,   0, 
EP, 16, 2026091812, 03, AVNO, 180, 172N, 1204W,  54,  986, XX,  50, NEQ,    0,    0,    0,   28, 1002,   45,  24,   0,   0, 
EP, 16, 2026091812, 03, AVNO, 186, 171N, 1211W,  53,  988, XX,  34, NEQ,   44,   40,   53,   58, 1008,  105,  25,   0,   0, 
EP, 16, 2026091812, 03, AVNO, 186, 171N, 1211W,  53,  988, XX,  50, NEQ,   31,    0,   26,   27, 1008,  105,  25,   0,   0, 
EP, 16, 2026091812, 03, AVNO, 192, 170N, 1217W,  55,  986, XX,  34, NEQ,   49,   40,   46,   55, 1006,   83,  21,   0,   0, 
EP, 16, 2026091812, 03, AVNO, 192, 170N, 1217W,  55,  986, XX,  50, NEQ,    0,    0,   25,   29, 1006,   83,  21,   0,   0, 
EP, 16, 2026091812, 03, AVNO, 198, 169N, 1225W,  53,  989, XX,  34, NEQ,   45,   43,   50,   57, 1005,   45,  29,   0,   0, 
EP, 16, 2026091812, 03, AVNO, 198, 169N, 1225W,  53,  989, XX,  50, NEQ,   32,   30,   23,   28, 1005,   45,  29,   0,   0, 
EP, 16, 2026091812, 03, AVNO, 204, 166N, 1232W,  54,  987, XX,  34, NEQ,   42,   42,   50,   58, 1003,   50,  19,   0,   0, 
EP, 16, 2026091812, 03, AVNO, 204, 166N, 1232W,  54,  987, XX,  50, NEQ,    0,    0,   24,   33, 1003,   50,  19,   0,   0, 
EP, 16, 2026091812, 03, AVNO, 210, 161N, 1239W,  53,  990, XX,  34, NEQ,   54,   40,   51,   61, 1006,   62,  23,   0,   0, 
EP, 16, 2026091812, 03, AVNO, 210, 161N, 1239W,  53,  990, XX,  50, NEQ,    0,    0,    0,   28, 1006,   62,  23,   0,   0, 
EP, 16, 2026091812, 03, AVNO, 216, 153N, 1244W,  54,  987, XX,  34, NEQ,   42,   41,   57,   58, 1003,   51,  22,   0,   0, 
EP, 16, 2026091812, 03, AVNO, 216, 153N, 1244W,  54,  987, XX,  50, NEQ,   25,    0,   29,   25, 1003,   51,  22,   0,   0, 
EP, 16, 2026091812, 03, AVNO, 222, 144N, 1245W,  48,  993, XX,  34, NEQ,   43,   39,   51,   58, 1005,   43,  29,   0,   0, 
EP, 16, 2026091812, 03, AVNO, 228, 135N, 1242W,  48,  990, XX,  34, NEQ,   36,   49,   56,   52, 1002,   59,  24,   0,   0, 
EP, 16, 2026091812, 03, AVNO, 234, 127N, 1233W,  54,  991, XX,  34, NEQ,   37,   56,   55,   53, 1003,   39,  27,   0,   0, 
EP, 16, 2026091812, 03, AVNO, 234, 127N, 1233W,  54,  991, XX,  50, NEQ,    0,   27,   30,    0, 1003,   39,  27,   0,   0, 
EP, 16, 2026091812, 03, AVNO, 240, 125N, 1219W,  59,  988, XX,  34, NEQ,   29,   65,   63,   37, 1000,   37,  21,   0,   0, 
EP, 16, 2026091812, 03, AVNO, 240, 125N, 1219W,  59,  988, XX,  50, NEQ,    0,   35,   33,    0, 1000,   37,  21,   0,   0, 
EP, 16, 2026091812, 03, HCCA,   0, 120N, 1180W,  20,    0,   ,   0,    ,    0,    0,    0,    0, 
EP, 16, 2026091812, 03, HCCA,  12, 116N, 1197W,  25,    0,   ,   0,    ,    0,    0,    0,    0, 
EP, 16, 2026091812, 03, HCCA,  24, 112N, 1216W,  32,    0,   ,   0,    ,    0,    0,    0,    0, 
EP, 16, 2026091812, 03, HCCA,  36, 112N, 1237W,  34,    0,   ,   0,    ,    0,    0,    0,    0, 
EP, 16, 2026091812, 03, HCCA,  48, 114N, 1255W,  33,    0,   ,   0,    ,    0,    0,    0,    0, 
EP, 16, 2026091812, 03, HCCA,  60, 122N, 1269W,  35,    0,   ,   0,    ,    0,    0,    0,    0, 
EP, 16, 2026091812, 03, HCCA,  72, 134N, 1279W,  34,    0,   ,   0,    ,    0,    0,    0,    0, 
EP, 16, 2026091812, 03, HCCA,  84, 145N, 1286W,  35,    0,   ,   0,    ,    0,    0,    0,    0, 
EP, 16, 2026091812, 03, HCCA,  96, 151N, 1287W,  41,    0,   ,   0,    ,    0,    0,    0,    0, 
EP, 16, 2026091812, 03, HCCA, 108, 150N, 1281W,  44,    0,   ,   0,    ,    0,    0,    0,    0, 
EP, 16, 2026091812, 03, HCCA, 120, 150N, 1268W,  47,    0,   ,   0,    ,    0,    0,    0,    0, 
EP, 16, 2026091812, 03, HCCA, 132, 154N, 1257W,  50,    0,   ,   0,    ,    0,    0,    0,    0, 
EP, 16, 2026091812, 03, HCCA, 144, 159N, 1246W,  54,    0,   ,   0,    ,    0,    0,    0,    0, 
EP, 16, 2026091812, 03, HCCA, 156, 165N, 1234W,  59,    0,   ,   0,    ,    0,    0,    0,    0, 
EP, 16, 2026091812, 03, HCCA, 168, 171N, 1224W,  63,    0,   ,   0,    ,    0,    0,    0,    0, 
EP, 16, 2026091812, 03, HFSA,   0, 119N, 1178W,  20, 1009, XX,  34, NEQ,    0,    0,    0,    0,  -99,  -99, 130,   0,   0,    ,   0,    , 275,   9,           ,  ,  0,    ,    0,    0,    0,    0, THERMO PARAMS, 47, -169, 43, N, 10, DT, -999, SHR82, -99, 
EP, 16, 2026091812, 03, HFSA,   6, 116N, 1183W,  18, 1011, XX,  34, NEQ,    0,    0,    0,    0,  -99,  -99, 156,   0,   0,    ,   0,    , 251,  10,           ,  ,  0,    ,    0,    0,    0,    0, THERMO PARAMS, 55, 258, -140, N, 10, DT, -999, SHR82, -99, 
EP, 16, 2026091812, 03, HFSA,  12, 111N, 1190W,  20, 1008, XX,  34, NEQ,    0,    0,    0,    0,  -99,  -99, 137,   0,   0,    ,   0,    , 244,   8,           ,  ,  0,    ,    0,    0,    0,    0, THERMO PARAMS, 69, -484, 206, N, 10, DT, -999, SHR82, -99, 
EP, 16, 2026091812, 03, HFSA,  18, 109N, 1199W,  28, 1010, XX,  34, NEQ,    0,    0,    0,    0,  -99,  -99,  99,   0,   0,    ,   0,    , 234,   9,           ,  ,  0,    ,    0,    0,    0,    0, THERMO PARAMS, 53, -6, 89, N, 10, DT, -999, SHR82, -99, 
EP, 16, 2026091812, 03, HFSA,  24, 111N, 1212W,  28, 1004, XX,  34, NEQ,    0,    0,    0,    0, 1008,   46, 118,   0,   0,    ,   0,    , 265,  11,           ,  ,  0,    ,    0,    0,    0,    0, THERMO PARAMS, 9, -186, 108, N, 10, DT, -999, SHR82, -99, 
EP, 16, 2026091812, 03, HFSA,  30, 106N, 1221W,  27, 1008, XX,  34, NEQ,    0,    0,    0,    0,  -99,  -99, 144,   0,   0,    ,   0,    , 254,   7,           ,  ,  0,    ,    0,    0,    0,    0, THERMO PARAMS, -9999, -9999, -9999, N, 10, DT, -999, SHR82, -99, 
EP, 16, 2026091812, 03, HFSA,  36, 105N, 1229W,  28, 1005, XX,  34, NEQ,    0,    0,    0,    0,  -99,  -99, 109,   0,   0,    ,   0,    , 285,   7,           ,  ,  0,    ,    0,    0,    0,    0, THERMO PARAMS, 77, -64, -54, N, 10, DT, -999, SHR82, -99, 
EP, 16, 2026091812, 03, HFSA,  42, 103N, 1243W,  32, 1009, XX,  34, NEQ,    0,    0,    0,    0,  -99,  -99, 145,   0,   0,    ,   0,    , 240,  10,           ,  ,  0,    ,    0,    0,    0,    0, THERMO PARAMS, 39, -215, 127, N, 10, DT, -999, SHR82, -99, 
EP, 16, 2026091812, 03, HFSA,  48, 106N, 1249W,  31, 1005, XX,  34, NEQ,    0,    0,    0,    0,  -99,  -99,  71,   0,   0,    ,   0,    , 303,   8,           ,  ,  0,    ,    0,    0,    0,    0, THERMO PARAMS, 63, 140, 211, N, 10, DT, -999, SHR82, -99, 
EP, 16, 2026091812, 03, HFSA,  54, 113N, 1262W,  37, 1005, XX,  34, NEQ,    0,    0,    0,    0,  -99,  -99,  74,   0,   0,    ,   0,    , 315,   8,           ,  ,  0,    ,    0,    0,    0,    0, THERMO PARAMS, 62, -192, 272, N, 10, DT, -999, SHR82, -99, 
EP, 16, 2026091812, 03, HFSA,  60, 122N, 1264W,  34, 1002, XX,  34, NEQ,    0,    0,    0,    0,  -99,  -99,  86,   0,   0,    ,   0,    , 336,   9,           ,  ,  0,    ,    0,    0,    0,    0, THERMO PARAMS, -7, -9999, -9999, N, 10, DT, -999, SHR82, -99, 
EP, 16, 2026091812, 03, HFSA,  66, 130N, 1272W,  33, 1007, XX,  34, NEQ,    0,    0,    0,    0,  -99,  -99,  76,   0,   0,    ,   0,    , 302,  11,           ,  ,  0,    ,    0,    0,    0,    0, THERMO PARAMS, 11, 181, 317, N, 10, DT, -999, SHR82, -99, 
EP, 16, 2026091812, 03, HFSA,  72, 135N, 1279W,  34, 1005, XX,  34, NEQ,    0,    0,    0,    0,  -99,  -99,  92,   0,   0,    ,   0,    , 342,   8,           ,  ,  0,    ,    0,    0,    0,    0, THERMO PARAMS, -22, 155, 92, N, 10, DT, -999, SHR82, -99, 
EP, 16, 2026091812, 03, HFSA,  78, 142N, 1278W,  33, 1007, XX,  34, NEQ,    0,    0,    0,    0,  -99,  -99, 107,   0,   0,    ,   0,    , 333,   7,           ,  ,  0,    ,    0,    0,    0,    0, THERMO PARAMS, -32, 545, 117, N, 10, DT, -999, SHR82, -99, 
EP, 16, 2026091812, 03, HFSA,  84, 149N, 1283W,  36, 1004, XX,  34, NEQ,    0,    0,    0,    0,  -99,  -99,  58,   0,   0,    ,   0,    , 358,   7,           ,  ,  0,    ,    0,    0,    0,    0, THERMO PARAMS, -54, 289, 12, N, 10, DT, -999, SHR82, -99, 
EP, 16, 2026091812, 03, HFSA,  90, 153N, 1286W,  34, 1007, XX,  34, NEQ,    0,    0,    0,    0,  -99,  -99,  84,   0,   0,    ,   0,    ,   3,   6,           ,  ,  0,    ,    0,    0,    0,    0, THERMO PARAMS, -68, 203, 134, N, 10, DT, -999, SHR82, -99, 
EP, 16, 2026091812, 03, HFSA,  96, 157N, 1288W,  32, 1004, XX,  34, NEQ,    0,    0,    0,    0,  -99,  -99, 100,   0,   0,    ,   0,    ,   3,   4,           ,  ,  0,    ,    0,    0,    0,    0, THERMO PARAMS, -68, -66, 189, N, 10, DT, -999, SHR82, -99, 
EP, 16, 2026091812, 03, HFSA, 102, 157N, 1284W,  33, 1005, XX,  34, NEQ,    0,    0,    0,    0,  -99,  -99,  80,   0,   0,    ,   0,    ,  68,   4,           ,  ,  0,    ,    0,    0,    0,    0, THERMO PARAMS, 6, 373, -58, N, 10, DT, -999, SHR82, -99, 
EP, 16, 2026091812, 03, HFSA, 108, 160N, 1279W,  35, 1002, XX,  34, NEQ,    0,    0,    0,    0,  -99,  -99,  91,   0,   0,    ,   0,    ,  66,   7,           ,  ,  0,    ,    0,    0,    0,    0, THERMO PARAMS, -27, 29, 376, N, 10, DT, -999, SHR82, -99, 
EP, 16, 2026091812, 03, HFSA, 114, 162N, 1273W,  48,  995, XX,  34, NEQ,   24,   66,   45,    0,  999,    8,  19,   0,   0,    ,   0,    ,  33,   4,           ,  ,  0,    ,    0,    0,    0,    0, THERMO PARAMS, -95, 834, 253, N, 10, DT, -999, SHR82, -99, 
EP, 16, 2026091812, 03, HFSA, 120, 167N, 1263W,  48,  995, XX,  34, NEQ,   37,   40,    0,    0,  -99,  -99,  33,   0,   0,    ,   0,    ,  71,   9,           ,  ,  0,    ,    0,    0,    0,    0, THERMO PARAMS, 64, 768, 404, N, 10, DT, -999, SHR82, -99, 
EP, 16, 2026091812, 03, HFSA, 126, 169N, 1266W,  53,  994, XX,  34, NEQ,   79,   81,   28,   36,  998,   21,  60,   0,   0,    ,   0,    , -99, -99,           ,  ,  0,    ,    0,    0,    0,    0, THERMO PARAMS, -141, 435, 160, N, 10, DT, -999, SHR82, -99, 
EP, 16, 2026091812, 03, TVCN,   0, 120N, 1180W,   0,    0,   ,   0,    ,    0,    0,    0,    0, 
EP, 16, 2026091812, 03, TVCN,  12, 115N, 1195W,   0,    0,   ,   0,    ,    0,    0,    0,    0, 
EP, 16, 2026091812, 03, TVCN,  24, 113N, 1212W,   0,    0,   ,   0,    ,    0,    0,    0,    0, 
EP, 16, 2026091812, 03, TVCN,  36, 112N, 1230W,   0,    0,   ,   0,    ,    0,    0,    0,    0, 
EP, 16, 2026091812, 03, TVCN,  48, 114N, 1246W,   0,    0,   ,   0,    ,    0,    0,    0,    0, 
EP, 16, 2026091812, 03, TVCN,  60, 122N, 1258W,   0,    0,   ,   0,    ,    0,    0,    0,    0, 
EP, 16, 2026091812, 03, TVCN,  72, 133N, 1267W,   0,    0,   ,   0,    ,    0,    0,    0,    0, 
EP, 16, 2026091812, 03, TVCN,  84, 143N, 1273W,   0,    0,   ,   0,    ,    0,    0,    0,    0, 
EP, 16, 2026091812, 03, TVCN,  96, 148N, 1273W,   0,    0,   ,   0,    ,    0,    0,    0,    0, 
EP, 16, 2026091812, 03, TVCN, 108, 150N, 1269W,   0,    0,   ,   0,    ,    0,    0,    0,    0, 
EP, 16, 2026091812, 03, TVCN, 120, 150N, 1261W,   0,    0,   ,   0,    ,    0,    0,    0,    0, 
EP, 16, 2026091812, 03, TVCN, 132, 150N, 1252W,   0,    0,   ,   0,    ,    0,    0,    0,    0, 
EP, 16, 2026091812, 03, TVCN, 144, 156N, 1264W,   0,    0,   ,   0,    ,    0,    0,    0,    0, 
EP, 16, 2026091812, 03, TVCN, 156, 161N, 1257W,   0,    0,   ,   0,    ,    0,    0,    0,    0, 
EP, 16, 2026091812, 03, TVCN, 168, 166N, 1251W,   0,    0,   ,   0,    ,    0,    0,    0,    0, 
EP, 16, 2026091818, 03, AVNO,   0, 116N, 1178W,  16, 1012, XX,  34, NEQ,    0,    0,    0,    0,  -99,  -99,  83,   0,   0, 
EP, 16, 2026091818, 03, AVNO,   6, 116N, 1187W,  18, 1008, XX,  34, NEQ,    0,    0,    0,    0,  -99,  -99,  65,   0,   0, 
EP, 16, 2026091818, 03, AVNO,  12, 118N, 1197W,  19, 1011, XX,  34, NEQ,    0,    0,    0,    0,  -99,  -99,  87,   0,   0, 
EP, 16, 2026091818, 03, AVNO,  18, 116N, 1210W,  19, 1008, XX,  34, NEQ,    0,    0,    0,    0,  -99,  -99,  83,   0,   0, 
EP, 16, 2026091818, 03, AVNO,  24, 115N, 1223W,  21, 1011, XX,  34, NEQ,    0,    0,    0,    0,  -99,  -99, 103,   0,   0, 
EP, 16, 2026091818, 03, AVNO,  30, 112N, 1233W,  20, 1007, XX,  34, NEQ,    0,    0,    0,    0,  -99,  -99, 143,   0,   0, 
EP, 16, 2026091818, 03, AVNO,  36, 111N, 1239W,  21, 1010, XX,  34, NEQ,    0,    0,    0,    0,  -99,  -99, 158,   0,   0, 
EP, 16, 2026091818, 03, AVNO,  42, 104N, 1241W,  26, 1007, XX,  34, NEQ,    0,    0,    0,    0,  -99,  -99,  67,   0,   0, 
EP, 16, 2026091818, 03, AVNO,  48, 109N, 1238W,  43, 1008, XX,  34, NEQ,   48,   37,    0,    0, 1012,  775,  40,   0,   0, 
EP, 16, 2026091818, 03, AVNO,  54, 119N, 1245W,  38, 1004, XX,  34, NEQ,   44,   50,    0,    0,  -99,  -99,  30,   0,   0, 
EP, 16, 2026091818, 03, AVNO,  60, 130N, 1250W,  35, 1008, XX,  34, NEQ,   61,    0,    0,    0, 1012, 1017,  60,   0,   0, 
EP, 16, 2026091818, 03, AVNO,  66, 137N, 1258W,  33, 1003, XX,  34, NEQ,    0,    0,    0,    0, 1007,   57, 139,   0,   0, 
EP, 16, 2026091818, 03, AVNO,  72, 140N, 1264W,  34, 1005, XX,  34, NEQ,  100,    0,    0,    0, 1009,   51, 100,   0,   0, 
EP, 16, 2026091818, 03, AVNO,  78, 143N, 1264W,  34, 1000, XX,  34, NEQ,    0,    0,    0,    0, 1008,  129,  54,   0,   0, 
EP, 16, 2026091818, 03, AVNO,  84, 147N, 1260W,  42,  999, XX,  34, NEQ,   47,   49,    0,    0, 1011,  148,  33,   0,   0, 
EP, 16, 2026091818, 03, AVNO,  90, 149N, 1259W,  37,  998, XX,  34, NEQ,   39,    0,    0,   53, 1010,  244,  38,   0,   0, 
EP, 16, 2026091818, 03, AVNO,  96, 149N, 1253W,  37,  998, XX,  34, NEQ,   63,   83,    0,   67, 1002,   27,  65,   0,   0, 
EP, 16, 2026091818, 03, AVNO, 102, 149N, 1249W,  43,  993, XX,  34, NEQ,   67,   84,   52,   61, 1009,  285,  37,   0,   0, 
EP, 16, 2026091818, 03, AVNO, 108, 147N, 1242W,  49,  991, XX,  34, NEQ,   70,   79,   62,   77, 1011,  178,  31,   0,   0, 
EP, 16, 2026091818, 03, AVNO, 114, 148N, 1234W,  50,  988, XX,  34, NEQ,   68,   87,   78,   58, 1008,  167,  40,   0,   0, 
EP, 16, 2026091818, 03, AVNO, 120, 149N, 1226W,  50,  990, XX,  34, NEQ,   69,   85,   65,   57, 1010,  165,  22,   0,   0, 
EP, 16, 2026091818, 03, AVNO, 120, 149N, 1226W,  50,  990, XX,  50, NEQ,    0,   22,    0,    0, 1010,  165,  22,   0,   0, 
EP, 16, 2026091818, 03, AVNO, 126, 151N, 1218W,  55,  985, XX,  34, NEQ,   64,   95,   69,   59, 1009,  277,  29,   0,   0, 
EP, 16, 2026091818, 03, AVNO, 126, 151N, 1218W,  55,  985, XX,  50, NEQ,   33,   41,   30,    0, 1009,  277,  29,   0,   0, 
EP, 16, 2026091818, 03, AVNO, 132, 154N, 1214W,  51,  986, XX,  34, NEQ,   73,   93,   65,   83, 1010,  199,  24,   0,   0, 
EP, 16, 2026091818, 03, AVNO, 132, 154N, 1214W,  51,  986, XX,  50, NEQ,   25,   27,    0,   39, 1010,  199,  24,   0,   0, 
EP, 16, 2026091818, 03, AVNO, 138, 157N, 1209W,  55,  981, XX,  34, NEQ,   70,   84,   75,   70, 1005,  116,  33,   0,   0, 
EP, 16, 2026091818, 03, AVNO, 138, 157N, 1209W,  55,  981, XX,  50, NEQ,   32,   35,   38,   40, 1005,  116,  33,   0,   0, 
EP, 16, 2026091818, 03, AVNO, 144, 160N, 1205W,  62,  982, XX,  34, NEQ,   65,   74,   71,   71, 1006,   97,  28,   0,   0, 
EP, 16, 2026091818, 03, AVNO, 144, 160N, 1205W,  62,  982, XX,  50, NEQ,   41,   40,   42,   42, 1006,   97,  28,   0,   0, 
EP, 16, 2026091818, 03, AVNO, 150, 164N, 1202W,  64,  980, XX,  34, NEQ,   68,   70,   85,   88, 1004,  105,  29,   0,   0, 
EP, 16, 2026091818, 03, AVNO, 150, 164N, 1202W,  64,  980, XX,  50, NEQ,   37,   45,   42,   38, 1004,  105,  29,   0,   0, 
EP, 16, 2026091818, 03, AVNO, 150, 164N, 1202W,  64,  980, XX,  64, NEQ,    0,   31,    0,    0, 1004,  105,  29,   0,   0, 
EP, 16, 2026091818, 03, AVNO, 156, 166N, 1201W,  60,  984, XX,  34, NEQ,   73,   63,   80,   81, 1008,  132,  30,   0,   0, 
EP, 16, 2026091818, 03, AVNO, 156, 166N, 1201W,  60,  984, XX,  50, NEQ,   33,   45,   44,   46, 1008,  132,  30,   0,   0, 
EP, 16, 2026091818, 03, AVNO, 162, 167N, 1199W,  53,  982, XX,  34, NEQ,   67,   73,   73,   79, 1006,  144,  33,   0,   0, 
EP, 16, 2026091818, 03, AVNO, 162, 167N, 1199W,  53,  982, XX,  50, NEQ,   36,   45,   42,   42, 1006,  144,  33,   0,   0, 
EP, 16, 2026091818, 03, AVNO, 168, 168N, 1198W,  53,  985, XX,  34, NEQ,   64,   73,   80,   70, 1005,   85,  35,   0,   0, 
EP, 16, 2026091818, 03, AVNO, 168, 168N, 1198W,  53,  985, XX,  50, NEQ,    0,   40,   43,    0, 1005,   85,  35,   0,   0, 
EP, 16, 2026091818, 03, AVNO, 174, 170N, 1197W,  59,  981, XX,  34, NEQ,   63,   75,   85,   81, 1001,   70,  33,   0,   0, 
EP, 16, 2026091818, 03, AVNO, 174, 170N, 1197W,  59,  981, XX,  50, NEQ,   35,   37,   46,   44, 1001,   70,  33,   0,   0, 
EP, 16, 2026091818, 03, AVNO, 180, 169N, 1196W,  60,  985, XX,  34, NEQ,   70,   71,   75,   75, 1005,  102,  33,   0,   0, 
EP, 16, 2026091818, 03, AVNO, 180, 169N, 1196W,  60,  985, XX,  50, NEQ,    0,   40,   46,   36, 1005,  102,  33,   0,   0, 
EP, 16, 2026091818, 03, AVNO, 186, 169N, 1196W,  58,  982, XX,  34, NEQ,   69,   72,   75,   78, 1002,   86,  34,   0,   0, 
EP, 16, 2026091818, 03, AVNO, 186, 169N, 1196W,  58,  982, XX,  50, NEQ,   37,   39,   46,   38, 1002,   86,  34,   0,   0, 
EP, 16, 2026091818, 03, AVNO, 192, 168N, 1192W,  59,  985, XX,  34, NEQ,   56,   82,   83,   69, 1001,   61,  33,   0,   0, 
EP, 16, 2026091818, 03, AVNO, 192, 168N, 1192W,  59,  985, XX,  50, NEQ,    0,   38,   47,    0, 1001,   61,  33,   0,   0, 
EP, 16, 2026091818, 03, AVNO, 198, 168N, 1182W,  62,  984, XX,  34, NEQ,  497,   98,   96,   77, 1000,   67,  31,   0,   0, 
EP, 16, 2026091818, 03, AVNO, 198, 168N, 1182W,  62,  984, XX,  50, NEQ,    0,   51,   54,    0, 1000,   67,  31,   0,   0, 
EP, 16, 2026091818, 03, AVNO, 204, 174N, 1168W,  59,  988, XX,  34, NEQ,  474,   85,   87,  474, 1000,   47,  40,   0,   0, 
EP, 16, 2026091818, 03, AVNO, 204, 174N, 1168W,  59,  988, XX,  50, NEQ,    0,   52,   41,    0, 1000,   47,  40,   0,   0, 
EP, 16, 2026091818, 03, AVNO, 210, 185N, 1155W,  61,  988, XX,  34, NEQ,   74,   79,   84,   28, 1000,   53,  33,   0,   0, 
EP, 16, 2026091818, 03, AVNO, 210, 185N, 1155W,  61,  988, XX,  50, NEQ,   31,   45,   45,    0, 1000,   53,  33,   0,   0, 
EP, 16, 2026091818, 03, AVNO, 216, 198N, 1149W,  61,  992, XX,  34, NEQ,   67,   69,   66,    0, 1004,   56,  30,   0,   0, 
EP, 16, 2026091818, 03, AVNO, 216, 198N, 1149W,  61,  992, XX,  50, NEQ,    0,   38,   35,    0, 1004,   56,  30,   0,   0, 
EP, 16, 2026091818, 03, AVNO, 222, 214N, 1145W,  50,  993, XX,  34, NEQ,   59,   63,   43,    0, 1001,   43,  36,   0,   0, 
EP, 16, 2026091818, 03, AVNO, 222, 214N, 1145W,  50,  993, XX,  50, NEQ,    0,   37,    0,    0, 1001,   43,  36,   0,   0, 
EP, 16, 2026091818, 03, AVNO, 228, 228N, 1145W,  37,  999, XX,  34, NEQ,   49,   47,    0,    0, 1003,   31,  34,   0,   0, 
EP, 16, 2026091818, 03, AVNO, 234, 238N, 1146W,  40,  997, XX,  34, NEQ,   41,   41,   32,    0, 1005,   66,  27,   0,   0, 
EP, 16, 2026091818, 03, AVNO, 240, 245N, 1147W,  35, 1000, XX,  34, NEQ,    0,   33,    0,    0, 1008,  126,  32,   0,   0, 
EP, 16, 2026091818, 03, HCCA,   0, 114N, 1179W,  20,    0,   ,   0,    ,    0,    0,    0,    0, 
EP, 16, 2026091818, 03, HCCA,  12, 112N, 1199W,  25,    0,   ,   0,    ,    0,    0,    0,    0, 
EP, 16, 2026091818, 03, HCCA,  24, 109N, 1221W,  31,    0,   ,   0,    ,    0,    0,    0,    0, 
EP, 16, 2026091818, 03, HCCA,  36, 108N, 1241W,  34,    0,   ,   0,    ,    0,    0,    0,    0, 
EP, 16, 2026091818, 03, HCCA,  48, 111N, 1255W,  35,    0,   ,   0,    ,    0,    0,    0,    0, 
EP, 16, 2026091818, 03, HCCA,  60, 120N, 1266W,  35,    0,   ,   0,    ,    0,    0,    0,    0, 
EP, 16, 2026091818, 03, HCCA,  72, 132N, 1275W,  32,    0,   ,   0,    ,    0,    0,    0,    0, 
EP, 16, 2026091818, 03, HCCA,  84, 140N, 1281W,  35,    0,   ,   0,    ,    0,    0,    0,    0, 
EP, 16, 2026091818, 03, HCCA,  96, 142N, 1281W,  40,    0,   ,   0,    ,    0,    0,    0,    0, 
EP, 16, 2026091818, 03, HCCA, 108, 139N, 1278W,  44,    0,   ,   0,    ,    0,    0,    0,    0, 
EP, 16, 2026091818, 03, HCCA, 120, 138N, 1267W,  43,    0,   ,   0,    ,    0,    0,    0,    0, 
EP, 16, 2026091818, 03, HCCA, 132, 144N, 1253W,  47,    0,   ,   0,    ,    0,    0,    0,    0, 
EP, 16, 2026091818, 03, HCCA, 144, 152N, 1243W,  54,    0,   ,   0,    ,    0,    0,    0,    0, 
EP, 16, 2026091818, 03, HCCA, 156, 160N, 1236W,  61,    0,   ,   0,    ,    0,    0,    0,    0, 
EP, 16, 2026091818, 03, HCCA, 168, 169N, 1233W,  63,    0,   ,   0,    ,    0,    0,    0,    0, 
EP, 16, 2026091818, 03, HFSA,   0, 115N, 1179W,  20, 1011, XX,  34, NEQ,    0,    0,    0,    0,  -99,  -99, 102,   0,   0,    ,   0,    , 265,   7,           ,  ,  0,    ,    0,    0,    0,    0, THERMO PARAMS, 49, -16, 68, N, 10, DT, -999, SHR82, -99, 
EP, 16, 2026091818, 03, HFSA,   6, 115N, 1186W,  21, 1008, XX,  34, NEQ,    0,    0,    0,    0,  -99,  -99, 155,   0,   0,    ,   0,    , 261,  10,           ,  ,  0,    ,    0,    0,    0,    0, THERMO PARAMS, 32, -335, 75, N, 10, DT, -999, SHR82, -99, 
EP, 16, 2026091818, 03, HFSA,  12, 117N, 1201W,  25, 1008, XX,  34, NEQ,    0,    0,    0,    0,  -99,  -99, 115,   0,   0,    ,   0,    , 267,  15,           ,  ,  0,    ,    0,    0,    0,    0, THERMO PARAMS, 43, 95, 79, N, 10, DT, -999, SHR82, -99, 
EP, 16, 2026091818, 03, HFSA,  18, 120N, 1211W,  29, 1005, XX,  34, NEQ,    0,    0,    0,    0,  -99,  -99,  88,   0,   0,    ,   0,    , 259,   5,           ,  ,  0,    ,    0,    0,    0,    0, THERMO PARAMS, 27, -12, 51, N, 10, DT, -999, SHR82, -99, 
EP, 16, 2026091818, 03, HFSA,  24, 111N, 1222W,  33, 1011, XX,  34, NEQ,    0,    0,    0,    0,  -99,  -99, 144,   0,   0,    ,   0,    , 253,  10,           ,  ,  0,    ,    0,    0,    0,    0, THERMO PARAMS, 45, -76, 160, N, 10, DT, -999, SHR82, -99, 
EP, 16, 2026091818, 03, HFSA,  30, 114N, 1235W,  28, 1003, XX,  34, NEQ,    0,    0,    0,    0, 1007,    4, 133,   0,   0,    ,   0,    , 264,   8,           ,  ,  0,    ,    0,    0,    0,    0, THERMO PARAMS, -9999, -9999, -9999, N, 10, DT, -999, SHR82, -99, 
EP, 16, 2026091818, 03, HFSA,  36, 114N, 1251W,  36, 1006, XX,  34, NEQ,    0,    0,    0,    0,  -99,  -99,  92,   0,   0,    ,   0,    , 278,  12,           ,  ,  0,    ,    0,    0,    0,    0, THERMO PARAMS, 79, -23, -195, N, 10, DT, -999, SHR82, -99, 
EP, 16, 2026091818, 03, HFSA,  42, 113N, 1254W,  30, 1003, XX,  34, NEQ,    0,    0,    0,    0, 1007,    7, 159,   0,   0,    ,   0,    , 315,   6,           ,  ,  0,    ,    0,    0,    0,    0, THERMO PARAMS, 60, 23, 76, N, 10, DT, -999, SHR82, -99, 
EP, 16, 2026091818, 03, HFSA,  48, 119N, 1253W,  33, 1008, XX,  34, NEQ,    0,    0,    0,    0,  -99,  -99,  82,   0,   0,    ,   0,    , 353,   8,           ,  ,  0,    ,    0,    0,    0,    0, THERMO PARAMS, -45, -89, -64, N, 10, DT, -999, SHR82, -99, 
EP, 16, 2026091818, 03, HFSA,  54, 128N, 1255W,  34, 1005, XX,  34, NEQ,    0,    0,    0,    0,  -99,  -99,  59,   0,   0,    ,   0,    , 338,  10,           ,  ,  0,    ,    0,    0,    0,    0, THERMO PARAMS, -3, -85, 120, N, 10, DT, -999, SHR82, -99, 
EP, 16, 2026091818, 03, HFSA,  60, 140N, 1259W,  35, 1006, XX,  34, NEQ,    0,    0,    0,    0,  -99,  -99,  83,   0,   0,    ,   0,    , 345,  10,           ,  ,  0,    ,    0,    0,    0,    0, THERMO PARAMS, -9999, -9999, -9999, N, 10, DT, -999, SHR82, -99, 
EP, 16, 2026091818, 03, HFSA,  66, 146N, 1272W,  31, 1001, XX,  34, NEQ,    0,    0,    0,    0, 1005,   24,  54,   0,   0,    ,   0,    , 302,  11,           ,  ,  0,    ,    0,    0,    0,    0, THERMO PARAMS, -18, 243, 219, N, 10, DT, -999, SHR82, -99, 
EP, 16, 2026091818, 03, HFSA,  72, 148N, 1281W,  32, 1006, XX,  34, NEQ,    0,    0,    0,    0,  -99,  -99,  92,   0,   0,    ,   0,    , 299,   8,           ,  ,  0,    ,    0,    0,    0,    0, THERMO PARAMS, 9, 62, 25, N, 10, DT, -999, SHR82, -99, 
EP, 16, 2026091818, 03, HFSA,  78, 152N, 1290W,  31, 1004, XX,  34, NEQ,    0,    0,    0,    0,  -99,  -99,  74,   0,   0,    ,   0,    , 316,   7,           ,  ,  0,    ,    0,    0,    0,    0, THERMO PARAMS, -36, -89, 55, N, 10, DT, -999, SHR82, -99, 
EP, 16, 2026091818, 03, HFSA,  84, 157N, 1293W,  32, 1006, XX,  34, NEQ,    0,    0,    0,    0,  -99,  -99,  90,   0,   0,    ,   0,    , 329,   6,           ,  ,  0,    ,    0,    0,    0,    0, THERMO PARAMS, -68, -43, 95, N, 10, DT, -999, SHR82, -99, 
EP, 16, 2026091818, 03, HFSA,  90, 162N, 1295W,  29, 1004, XX,  34, NEQ,    0,    0,    0,    0,  -99,  -99,  80,   0,   0,    ,   0,    , 358,   5,           ,  ,  0,    ,    0,    0,    0,    0, THERMO PARAMS, -47, 332, -67, N, 10, DT, -999, SHR82, -99, 
EP, 16, 2026091818, 03, HFSA,  96, 161N, 1301W,  31, 1006, XX,  34, NEQ,    0,    0,    0,    0,  -99,  -99,  63,   0,   0,    ,   0,    , 258,   3,           ,  ,  0,    ,    0,    0,    0,    0, THERMO PARAMS, -9999, -9999, -9999, N, 10, DT, -999, SHR82, -99, 
EP, 16, 2026091818, 03, HFSA, 102, 156N, 1304W,  30, 1003, XX,  34, NEQ,    0,    0,    0,    0,  -99,  -99,  97,   0,   0,    ,   0,    , 150,   3,           ,  ,  0,    ,    0,    0,    0,    0, THERMO PARAMS, -17, 407, -33, N, 10, DT, -999, SHR82, -99, 
EP, 16, 2026091818, 03, HFSA, 108, 151N, 1301W,  30, 1005, XX,  34, NEQ,    0,    0,    0,    0,  -99,  -99, 105,   0,   0,    ,   0,    , 115,   4,           ,  ,  0,    ,    0,    0,    0,    0, THERMO PARAMS, -1, 336, 107, N, 10, DT, -999, SHR82, -99, 
EP, 16, 2026091818, 03, HFSA, 114, 151N, 1297W,  29, 1003, XX,  34, NEQ,    0,    0,    0,    0,  -99,  -99, 161,   0,   0,    ,   0,    , 106,   6,           ,  ,  0,    ,    0,    0,    0,    0, THERMO PARAMS, -9, 461, -11, N, 10, DT, -999, SHR82, -99, 
EP, 16, 2026091818, 03, HFSA, 120, 153N, 1290W,  28, 1005, XX,  34, NEQ,    0,    0,    0,    0, 1009,  140,  98,   0,   0,    ,   0,    ,  75,   7,           ,  ,  0,    ,    0,    0,    0,    0, THERMO PARAMS, -9999, -9999, -9999, N, 10, DT, -999, SHR82, -99, 
EP, 16, 2026091818, 03, HFSA, 126, 154N, 1282W,  34, 1003, XX,  34, NEQ,    0,    0,    0,    0,  -99,  -99, 150,   0,   0,    ,   0,    , -99, -99,           ,  ,  0,    ,    0,    0,    0,    0, THERMO PARAMS, -9999, -9999, -9999, N, 10, DT, -999, SHR82, -99, 
EP, 16, 2026091818, 03, TVCN,   0, 114N, 1179W,   0,    0,   ,   0,    ,    0,    0,    0,    0, 
EP, 16, 2026091818, 03, TVCN,  12, 111N, 1197W,   0,    0,   ,   0,    ,    0,    0,    0,    0, 
EP, 16, 2026091818, 03, TVCN,  24, 109N, 1217W,   0,    0,   ,   0,    ,    0,    0,    0,    0, 
EP, 16, 2026091818, 03, TVCN,  36, 108N, 1235W,   0,    0,   ,   0,    ,    0,    0,    0,    0, 
EP, 16, 2026091818, 03, TVCN,  48, 112N, 1248W,   0,    0,   ,   0,    ,    0,    0,    0,    0, 
EP, 16, 2026091818, 03, TVCN,  60, 124N, 1258W,   0,    0,   ,   0,    ,    0,    0,    0,    0, 
EP, 16, 2026091818, 03, TVCN,  72, 136N, 1269W,   0,    0,   ,   0,    ,    0,    0,    0,    0, 
EP, 16, 2026091818, 03, TVCN,  84, 144N, 1276W,   0,    0,   ,   0,    ,    0,    0,    0,    0, 
EP, 16, 2026091818, 03, TVCN,  96, 146N, 1276W,   0,    0,   ,   0,    ,    0,    0,    0,    0, 
EP, 16, 2026091818, 03, TVCN, 108, 144N, 1271W,   0,    0,   ,   0,    ,    0,    0,    0,    0, 
EP, 16, 2026091818, 03, TVCN, 120, 144N, 1261W,   0,    0,   ,   0,    ,    0,    0,    0,    0, 
EP, 16, 2026091818, 03, TVCN, 132, 145N, 1250W,   0,    0,   ,   0,    ,    0,    0,    0,    0, 
EP, 16, 2026091818, 03, TVCN, 144, 159N, 1238W,   0,    0,   ,   0,    ,    0,    0,    0,    0, 
EP, 16, 2026091818, 03, TVCN, 156, 168N, 1230W,   0,    0,   ,   0,    ,    0,    0,    0,    0, 
EP, 16, 2026091818, 03, TVCN, 168, 178N, 1226W,   0,    0,   ,   0,    ,    0,    0,    0,    0, 
EP, 16, 2026091900, 03,  UKX,   0, 113N, 1191W,  21, 1009, XX,  34, NEQ,    0,    0,    0,    0, 
EP, 16, 2026091900, 03,  UKX,   6, 112N, 1204W,  20, 1010, XX,  34, NEQ,    0,    0,    0,    0, 
EP, 16, 2026091900, 03,  UKX,  12, 111N, 1217W,  20, 1009, XX,  34, NEQ,    0,    0,    0,    0, 
EP, 16, 2026091900, 03,  UKX,  18, 108N, 1228W,  20, 1010, XX,  34, NEQ,    0,    0,    0,    0, 
EP, 16, 2026091900, 03,  UKX,  24, 105N, 1236W,  20, 1008, XX,  34, NEQ,    0,    0,    0,    0, 
EP, 16, 2026091900, 03,  UKX,  30, 106N, 1244W,  22, 1009, XX,  34, NEQ,    0,    0,    0,    0, 
EP, 16, 2026091900, 03,  UKX,  36, 108N, 1252W,  22, 1008, XX,  34, NEQ,    0,    0,    0,    0, 
EP, 16, 2026091900, 03,  UKX,  42, 112N, 1260W,  25, 1009, XX,  34, NEQ,    0,    0,    0,    0, 
EP, 16, 2026091900, 03,  UKX,  48, 119N, 1266W,  27, 1007, XX,  34, NEQ,    0,    0,    0,    0, 
EP, 16, 2026091900, 03,  UKX,  54, 130N, 1275W,  29, 1010, XX,  34, NEQ,    0,    0,    0,    0, 
EP, 16, 2026091900, 03,  UKX,  60, 136N, 1285W,  26, 1007, XX,  34, NEQ,    0,    0,    0,    0, 
EP, 16, 2026091900, 03,  UKX,  66, 144N, 1292W,  25, 1010, XX,  34, NEQ,    0,    0,    0,    0, 
EP, 16, 2026091900, 03,  UKX,  72, 149N, 1301W,  27, 1006, XX,  34, NEQ,    0,    0,    0,    0, 
EP, 16, 2026091900, 03,  UKX,  78, 150N, 1306W,  26, 1009, XX,  34, NEQ,    0,    0,    0,    0, 
EP, 16, 2026091900, 03,  UKX,  84, 153N, 1308W,  26, 1006, XX,  34, NEQ,    0,    0,    0,    0, 
EP, 16, 2026091900, 03,  UKX,  90, 155N, 1309W,  26, 1008, XX,  34, NEQ,    0,    0,    0,    0, 
EP, 16, 2026091900, 03,  UKX,  96, 157N, 1310W,  25, 1005, XX,  34, NEQ,    0,    0,    0,    0, 
EP, 16, 2026091900, 03,  UKX, 102, 156N, 1308W,  26, 1007, XX,  34, NEQ,    0,    0,    0,    0, 
EP, 16, 2026091900, 03,  UKX, 108, 157N, 1306W,  26, 1004, XX,  34, NEQ,    0,    0,    0,    0, 
EP, 16, 2026091900, 03,  UKX, 114, 156N, 1303W,  27, 1006, XX,  34, NEQ,    0,    0,    0,    0, 
EP, 16, 2026091900, 03,  UKX, 120, 153N, 1296W,  28, 1003, XX,  34, NEQ,    0,    0,    0,    0, 
EP, 16, 2026091900, 03,  UKX, 126, 152N, 1286W,  30, 1005, XX,  34, NEQ,    0,    0,    0,    0, 
EP, 16, 2026091900, 03,  UKX, 132, 154N, 1276W,  30, 1002, XX,  34, NEQ,    0,    0,    0,    0, 
EP, 16, 2026091900, 03,  UKX, 138, 155N, 1270W,  31, 1004, XX,  34, NEQ,    0,    0,    0,    0, 
EP, 16, 2026091900, 03,  UKX, 144, 157N, 1261W,  32, 1001, XX,  34, NEQ,    0,    0,    0,    0, 
EP, 16, 2026091900, 03, AVNO,   0, 113N, 1189W,  18, 1008, XX,  34, NEQ,    0,    0,    0,    0,  -99,  -99, 162,   0,   0, 
EP, 16, 2026091900, 03, AVNO,   6, 115N, 1199W,  19, 1011, XX,  34, NEQ,    0,    0,    0,    0,  -99,  -99, 105,   0,   0, 
EP, 16, 2026091900, 03, AVNO,  12, 113N, 1211W,  19, 1008, XX,  34, NEQ,    0,    0,    0,    0,  -99,  -99,  89,   0,   0, 
EP, 16, 2026091900, 03, AVNO,  18, 109N, 1224W,  21, 1011, XX,  34, NEQ,    0,    0,    0,    0,  -99,  -99, 126,   0,   0, 
EP, 16, 2026091900, 03, AVNO,  24, 102N, 1228W,  21, 1007, XX,  34, NEQ,    0,    0,    0,    0,  -99,  -99, 156,   0,   0, 
EP, 16, 2026091900, 03, AVNO,  30,  99N, 1232W,  31, 1009, XX,  34, NEQ,    0,    0,    0,    0,  -99,  -99,  49,   0,   0, 
EP, 16, 2026091900, 03, AVNO,  36,  96N, 1238W,  34, 1002, XX,  34, NEQ,   32,    0,    0,    0, 1010,  711,  32,   0,   0, 
EP, 16, 2026091900, 03, AVNO,  42, 103N, 1239W,  42, 1006, XX,  34, NEQ,   43,   43,    0,    0, 1010,   40,  29,   0,   0, 
EP, 16, 2026091900, 03, AVNO,  48, 112N, 1243W,  37, 1002, XX,  34, NEQ,   48,   43,    0,    0, 1006,   43,  38,   0,   0, 
EP, 16, 2026091900, 03, AVNO,  54, 120N, 1245W,  38, 1004, XX,  34, NEQ,   54,   70,    0,    0, 1012, 1102,  43,   0,   0, 
EP, 16, 2026091900, 03, AVNO,  60, 129N, 1247W,  38,  999, XX,  34, NEQ,   45,   74,    0,   39, 1007,   53,  44,   0,   0, 
EP, 16, 2026091900, 03, AVNO,  66, 136N, 1248W,  45, 1000, XX,  34, NEQ,   68,   86,    0,   44, 1012,  189,  44,   0,   0, 
EP, 16, 2026091900, 03, AVNO,  72, 141N, 1248W,  47,  995, XX,  34, NEQ,   71,   62,   40,   55, 1011, 1056,  33,   0,   0, 
EP, 16, 2026091900, 03, AVNO,  78, 145N, 1248W,  53,  992, XX,  34, NEQ,   52,   55,   49,   57, 1012,  126,  25,   0,   0, 
EP, 16, 2026091900, 03, AVNO,  78, 145N, 1248W,  53,  992, XX,  50, NEQ,   27,    0,    0,    0, 1012,  126,  25,   0,   0, 
EP, 16, 2026091900, 03, AVNO,  84, 145N, 1245W,  51,  985, XX,  34, NEQ,   46,   55,   45,   53, 1005,   52,  23,   0,   0, 
EP, 16, 2026091900, 03, AVNO,  84, 145N, 1245W,  51,  985, XX,  50, NEQ,   24,   23,    0,   21, 1005,   52,  23,   0,   0, 
EP, 16, 2026091900, 03, AVNO,  90, 145N, 1240W,  62,  983, XX,  34, NEQ,   51,   65,   48,   46, 1011,  133,  21,   0,   0, 
EP, 16, 2026091900, 03, AVNO,  90, 145N, 1240W,  62,  983, XX,  50, NEQ,   26,   28,   31,   31, 1011,  133,  21,   0,   0, 
EP, 16, 2026091900, 03, AVNO,  96, 146N, 1234W,  61,  979, XX,  34, NEQ,   50,   54,   53,   57, 1007,  120,  22,   0,   0, 
EP, 16, 2026091900, 03, AVNO,  96, 146N, 1234W,  61,  979, XX,  50, NEQ,   27,   27,   31,   25, 1007,  120,  22,   0,   0, 
EP, 16, 2026091900, 03, AVNO, 102, 145N, 1227W,  59,  981, XX,  34, NEQ,   56,   74,   52,   55, 1009,  105,  25,   0,   0, 
EP, 16, 2026091900, 03, AVNO, 102, 145N, 1227W,  59,  981, XX,  50, NEQ,   29,   35,   32,   28, 1009,  105,  25,   0,   0, 
EP, 16, 2026091900, 03, AVNO, 108, 146N, 1218W,  62,  979, XX,  34, NEQ,   64,   77,   69,   55, 1007,  139,  25,   0,   0, 
EP, 16, 2026091900, 03, AVNO, 108, 146N, 1218W,  62,  979, XX,  50, NEQ,   30,   39,   39,   30, 1007,  139,  25,   0,   0, 
EP, 16, 2026091900, 03, AVNO, 114, 150N, 1208W,  68,  977, XX,  34, NEQ,   65,   87,   59,   61, 1009,  109,  20,   0,   0, 
EP, 16, 2026091900, 03, AVNO, 114, 150N, 1208W,  68,  977, XX,  50, NEQ,   37,   43,   43,   35, 1009,  109,  20,   0,   0, 
EP, 16, 2026091900, 03, AVNO, 114, 150N, 1208W,  68,  977, XX,  64, NEQ,   23,   24,    0,    0, 1009,  109,  20,   0,   0, 
EP, 16, 2026091900, 03, AVNO, 120, 155N, 1200W,  72,  970, XX,  34, NEQ,   59,   68,   63,   65,  990,   29,  19,   0,   0, 
EP, 16, 2026091900, 03, AVNO, 120, 155N, 1200W,  72,  970, XX,  50, NEQ,   36,   41,   36,   41,  990,   29,  19,   0,   0, 
EP, 16, 2026091900, 03, AVNO, 120, 155N, 1200W,  72,  970, XX,  64, NEQ,   24,   30,   28,    0,  990,   29,  19,   0,   0, 
EP, 16, 2026091900, 03, AVNO, 126, 160N, 1193W,  72,  973, XX,  34, NEQ,   61,   63,   63,   71,  993,   32,  28,   0,   0, 
EP, 16, 2026091900, 03, AVNO, 126, 160N, 1193W,  72,  973, XX,  50, NEQ,   35,   38,   38,   37,  993,   32,  28,   0,   0, 
EP, 16, 2026091900, 03, AVNO, 126, 160N, 1193W,  72,  973, XX,  64, NEQ,   26,   31,   31,    0,  993,   32,  28,   0,   0, 
EP, 16, 2026091900, 03, AVNO, 132, 166N, 1189W,  67,  973, XX,  34, NEQ,   59,   63,   61,   63,  993,   36,  21,   0,   0, 
EP, 16, 2026091900, 03, AVNO, 132, 166N, 1189W,  67,  973, XX,  50, NEQ,   34,   37,   38,   36,  993,   36,  21,   0,   0, 
EP, 16, 2026091900, 03, AVNO, 132, 166N, 1189W,  67,  973, XX,  64, NEQ,    0,    0,   25,   24,  993,   36,  21,   0,   0, 
EP, 16, 2026091900, 03, AVNO, 138, 172N, 1185W,  65,  978, XX,  34, NEQ,   60,   57,   57,   58, 1010,  179,  27,   0,   0, 
EP, 16, 2026091900, 03, AVNO, 138, 172N, 1185W,  65,  978, XX,  50, NEQ,   37,   38,   34,   37, 1010,  179,  27,   0,   0, 
EP, 16, 2026091900, 03, AVNO, 138, 172N, 1185W,  65,  978, XX,  64, NEQ,    0,    0,   27,    0, 1010,  179,  27,   0,   0, 
EP, 16, 2026091900, 03, AVNO, 144, 177N, 1183W,  67,  978, XX,  34, NEQ,   62,   54,   68,   72, 1006,  133,  27,   0,   0, 
EP, 16, 2026091900, 03, AVNO, 144, 177N, 1183W,  67,  978, XX,  50, NEQ,   34,   38,   33,   39, 1006,  133,  27,   0,   0, 
EP, 16, 2026091900, 03, AVNO, 144, 177N, 1183W,  67,  978, XX,  64, NEQ,    0,    0,   27,    0, 1006,  133,  27,   0,   0, 
EP, 16, 2026091900, 03, AVNO, 150, 181N, 1183W,  68,  979, XX,  34, NEQ,   69,   54,   65,   65, 1007,   87,  24,   0,   0, 
EP, 16, 2026091900, 03, AVNO, 150, 181N, 1183W,  68,  979, XX,  50, NEQ,   40,   36,   39,   33, 1007,   87,  24,   0,   0, 
EP, 16, 2026091900, 03, AVNO, 150, 181N, 1183W,  68,  979, XX,  64, NEQ,    0,    0,   26,    0, 1007,   87,  24,   0,   0, 
EP, 16, 2026091900, 03, AVNO, 156, 185N, 1185W,  59,  980, XX,  34, NEQ,   63,   56,   57,   60, 1004,   72,  23,   0,   0, 
EP, 16, 2026091900, 03, AVNO, 156, 185N, 1185W,  59,  980, XX,  50, NEQ,   37,   33,   35,   35, 1004,   72,  23,   0,   0, 
EP, 16, 2026091900, 03, AVNO, 162, 189N, 1188W,  54,  985, XX,  34, NEQ,   65,   57,   57,   66, 1005,   63,  23,   0,   0, 
EP, 16, 2026091900, 03, AVNO, 162, 189N, 1188W,  54,  985, XX,  50, NEQ,   35,   31,   34,   26, 1005,   63,  23,   0,   0, 
EP, 16, 2026091900, 03, AVNO, 168, 194N, 1192W,  55,  985, XX,  34, NEQ,   65,   50,   55,   65, 1001,   51,  24,   0,   0, 
EP, 16, 2026091900, 03, AVNO, 168, 194N, 1192W,  55,  985, XX,  50, NEQ,   28,   30,   31,   37, 1001,   51,  24,   0,   0, 
EP, 16, 2026091900, 03, AVNO, 174, 198N, 1199W,  51,  990, XX,  34, NEQ,   66,   53,   51,   62, 1006,   78,  23,   0,   0, 
EP, 16, 2026091900, 03, AVNO, 174, 198N, 1199W,  51,  990, XX,  50, NEQ,    0,    0,   26,    0, 1006,   78,  23,   0,   0, 
EP, 16, 2026091900, 03, AVNO, 180, 202N, 1208W,  48,  990, XX,  34, NEQ,   65,   45,   44,   64, 1002,   50,  36,   0,   0, 
EP, 16, 2026091900, 03, AVNO, 186, 203N, 1219W,  42,  997, XX,  34, NEQ,   62,   38,   39,   63, 1005,   47,  30,   0,   0, 
EP, 16, 2026091900, 03, AVNO, 192, 201N, 1228W,  39,  997, XX,  34, NEQ,   52,    0,    0,   72, 1005,   59,  26,   0,   0, 
EP, 16, 2026091900, 03, AVNO, 198, 198N, 1238W,  37, 1001, XX,  34, NEQ,   33,    0,    0,   45, 1005,   31,  29,   0,   0, 
EP, 16, 2026091900, 03, AVNO, 204, 194N, 1246W,  30, 1001, XX,  34, NEQ,    0,    0,    0,    0, 1005,   36,  41,   0,   0, 
EP, 16, 2026091900, 03, AVNO, 210, 190N, 1253W,  29, 1004, XX,  34, NEQ,    0,    0,    0,    0, 1008,   56,  33,   0,   0, 
EP, 16, 2026091900, 03, AVNO, 216, 183N, 1257W,  27, 1002, XX,  34, NEQ,    0,    0,    0,    0,  -99,  -99,  34,   0,   0, 
EP, 16, 2026091900, 03, AVNO, 222, 176N, 1259W,  25, 1005, XX,  34, NEQ,    0,    0,    0,    0,  -99,  -99,  42,   0,   0, 
EP, 16, 2026091900, 03, AVNO, 228, 168N, 1260W,  26, 1003, XX,  34, NEQ,    0,    0,    0,    0,  -99,  -99,  33,   0,   0, 
EP, 16, 2026091900, 03, AVNO, 234, 159N, 1255W,  22, 1006, XX,  34, NEQ,    0,    0,    0,    0,  -99,  -99,  43,   0,   0, 
EP, 16, 2026091900, 03, AVNO, 240, 153N, 1249W,  21, 1002, XX,  34, NEQ,    0,    0,    0,    0,  -99,  -99,  49,   0,   0, 
EP, 16, 2026091900, 03, HCCA,   0, 118N, 1184W,  20,    0,   ,   0,    ,    0,    0,    0,    0, 
EP, 16, 2026091900, 03, HCCA,  12, 117N, 1206W,  24,    0,   ,   0,    ,    0,    0,    0,    0, 
EP, 16, 2026091900, 03, HCCA,  24, 116N, 1227W,  29,    0,   ,   0,    ,    0,    0,    0,    0, 
EP, 16, 2026091900, 03, HCCA,  36, 117N, 1243W,  34,    0,   ,   0,    ,    0,    0,    0,    0, 
EP, 16, 2026091900, 03, HCCA,  48, 125N, 1256W,  37,    0,   ,   0,    ,    0,    0,    0,    0, 
EP, 16, 2026091900, 03, HCCA,  60, 136N, 1266W,  38,    0,   ,   0,    ,    0,    0,    0,    0, 
EP, 16, 2026091900, 03, HCCA,  72, 146N, 1273W,  37,    0,   ,   0,    ,    0,    0,    0,    0, 
EP, 16, 2026091900, 03, HCCA,  84, 151N, 1272W,  37,    0,   ,   0,    ,    0,    0,    0,    0, 
EP, 16, 2026091900, 03, HCCA,  96, 151N, 1271W,  41,    0,   ,   0,    ,    0,    0,    0,    0, 
EP, 16, 2026091900, 03, HCCA, 108, 151N, 1263W,  42,    0,   ,   0,    ,    0,    0,    0,    0, 
EP, 16, 2026091900, 03, HCCA, 120, 154N, 1249W,  47,    0,   ,   0,    ,    0,    0,    0,    0, 
EP, 16, 2026091900, 03, HCCA, 132, 160N, 1238W,  53,    0,   ,   0,    ,    0,    0,    0,    0, 
EP, 16, 2026091900, 03, HCCA, 144, 168N, 1228W,  63,    0,   ,   0,    ,    0,    0,    0,    0, 
EP, 16, 2026091900, 03, HCCA, 156, 177N, 1220W,  67,    0,   ,   0,    ,    0,    0,    0,    0, 
EP, 16, 2026091900, 03, HCCA, 168, 185N, 1213W,  66,    0,   ,   0,    ,    0,    0,    0,    0, 
EP, 16, 2026091900, 03, HFSA,   0, 116N, 1183W,  20, 1008, XX,  34, NEQ,    0,    0,    0,    0,  -99,  -99,  92,   0,   0,    ,   0,    , 266,   6,           ,  ,  0,    ,    0,    0,    0,    0, THERMO PARAMS, 14, -26, -17, N, 10, DT, -999, SHR82, -99, 
EP, 16, 2026091900, 03, HFSA,   6, 116N, 1202W,  31, 1010, XX,  34, NEQ,    0,    0,    0,    0,  -99,  -99, 130,   0,   0,    ,   0,    , 271,  11,           ,  ,  0,    ,    0,    0,    0,    0, THERMO PARAMS, 28, -290, 76, N, 10, DT, -999, SHR82, -99, 
EP, 16, 2026091900, 03, HFSA,  12, 104N, 1209W,  31, 1003, XX,  34, NEQ,    0,    0,    0,    0, 1007,   17,  49,   0,   0,    ,   0,    , 213,  10,           ,  ,  0,    ,    0,    0,    0,    0, THERMO PARAMS, -9999, -9999, -9999, N, 10, DT, -999, SHR82, -99, 
EP, 16, 2026091900, 03, HFSA,  18,  99N, 1222W,  36, 1005, XX,  34, NEQ,    0,    0,    0,    0, 1009,   11,  24,   0,   0,    ,   0,    , 264,   9,           ,  ,  0,    ,    0,    0,    0,    0, THERMO PARAMS, 35, 67, 188, N, 10, DT, -999, SHR82, -99, 
EP, 16, 2026091900, 03, HFSA,  24, 101N, 1229W,  31, 1006, XX,  34, NEQ,    0,    0,    0,    0,  -99,  -99,  86,   0,   0,    ,   0,    , 276,   7,           ,  ,  0,    ,    0,    0,    0,    0, THERMO PARAMS, 48, 224, 54, N, 10, DT, -999, SHR82, -99, 
EP, 16, 2026091900, 03, HFSA,  30, 101N, 1235W,  27, 1007, XX,  34, NEQ,    0,    0,    0,    0,  -99,  -99, 147,   0,   0,    ,   0,    , 282,   8,           ,  ,  0,    ,    0,    0,    0,    0, THERMO PARAMS, 57, -355, 177, N, 10, DT, -999, SHR82, -99, 
EP, 16, 2026091900, 03, HFSA,  36, 101N, 1245W,  35, 1002, XX,  34, NEQ,    0,    0,    0,    0,  -99,  -99,  45,   0,   0,    ,   0,    , 277,   6,           ,  ,  0,    ,    0,    0,    0,    0, THERMO PARAMS, 46, 371, 167, N, 10, DT, -999, SHR82, -99, 
EP, 16, 2026091900, 03, HFSA,  42, 104N, 1250W,  34, 1006, XX,  34, NEQ,    0,    0,    0,    0,  -99,  -99,  53,   0,   0,    ,   0,    , 317,   7,           ,  ,  0,    ,    0,    0,    0,    0, THERMO PARAMS, 15, 113, 107, N, 10, DT, -999, SHR82, -99, 
EP, 16, 2026091900, 03, HFSA,  48, 108N, 1252W,  41,  999, XX,  34, NEQ,    0,   32,   39,    0, 1007,   69,  29,   0,   0,    ,   0,    ,   2,   5,           ,  ,  0,    ,    0,    0,    0,    0, THERMO PARAMS, -38, 303, 289, N, 10, DT, -999, SHR82, -99, 
EP, 16, 2026091900, 03, HFSA,  54, 116N, 1251W,  43, 1001, XX,  34, NEQ,   50,   58,    0,   23, 1009,   64,  30,   0,   0,    ,   0,    , 348,   8,           ,  ,  0,    ,    0,    0,    0,    0, THERMO PARAMS, -30, 352, 517, N, 10, DT, -999, SHR82, -99, 
EP, 16, 2026091900, 03, HFSA,  60, 122N, 1254W,  38,  999, XX,  34, NEQ,   55,    0,    0,   37, 1007,   62,  32,   0,   0,    ,   0,    , 353,   7,           ,  ,  0,    ,    0,    0,    0,    0, THERMO PARAMS, -45, 697, 198, N, 10, DT, -999, SHR82, -99, 
EP, 16, 2026091900, 03, HFSA,  66, 129N, 1254W,  47,  997, XX,  34, NEQ,   62,   68,    0,   47, 1001,   17,  21,   0,   0,    ,   0,    , 350,   8,           ,  ,  0,    ,    0,    0,    0,    0, THERMO PARAMS, -60, 476, 542, N, 10, DT, -999, SHR82, -99, 
EP, 16, 2026091900, 03, HFSA,  72, 134N, 1256W,  44,  995, XX,  34, NEQ,   37,   76,   29,   45,  999,   13,  65,   0,   0,    ,   0,    ,  16,   4,           ,  ,  0,    ,    0,    0,    0,    0, THERMO PARAMS, -77, 520, 599, N, 10, DT, -999, SHR82, -99, 
EP, 16, 2026091900, 03, HFSA,  78, 138N, 1252W,  56,  994, XX,  34, NEQ,   65,   79,   62,   44, 1006,   41,  18,   0,   0,    ,   0,    ,  37,   6,           ,  ,  0,    ,    0,    0,    0,    0, THERMO PARAMS, -17, 535, 1015, N, 10, DT, -999, SHR82, -99, 
EP, 16, 2026091900, 03, HFSA,  78, 138N, 1252W,  56,  994, XX,  50, NEQ,   26,   26,    0,    0, 1006,   41,  18,   0,   0,    ,   0,    ,  37,   6,           ,  ,  0,    ,    0,    0,    0,    0, THERMO PARAMS, -17, 535, 1015, N, 10, DT, -999, SHR82, -99, 
EP, 16, 2026091900, 03, HFSA,  84, 142N, 1248W,  51,  992, XX,  34, NEQ,   73,  112,   45,   47,  996,   13,  24,   0,   0,    ,   0,    ,  55,   6,           ,  ,  0,    ,    0,    0,    0,    0, THERMO PARAMS, 5, 1171, 585, N, 10, DT, -999, SHR82, -99, 
EP, 16, 2026091900, 03, HFSA,  84, 142N, 1248W,  51,  992, XX,  50, NEQ,   24,    0,    0,    0,  996,   13,  24,   0,   0,    ,   0,    ,  55,   6,           ,  ,  0,    ,    0,    0,    0,    0, THERMO PARAMS, 5, 1171, 585, N, 10, DT, -999, SHR82, -99, 
EP, 16, 2026091900, 03, HFSA,  90, 144N, 1242W,  56,  990, XX,  34, NEQ,   91,   94,   62,   53, 1006,   53,  19,   0,   0,    ,   0,    ,  62,   7,           ,  ,  0,    ,    0,    0,    0,    0, THERMO PARAMS, -4, 1083, 976, N, 10, DT, -999, SHR82, -99, 
EP, 16, 2026091900, 03, HFSA,  90, 144N, 1242W,  56,  990, XX,  50, NEQ,   23,   19,   24,   19, 1006,   53,  19,   0,   0,    ,   0,    ,  62,   7,           ,  ,  0,    ,    0,    0,    0,    0, THERMO PARAMS, -4, 1083, 976, N, 10, DT, -999, SHR82, -99, 
EP, 16, 2026091900, 03, HFSA,  96, 146N, 1235W,  65,  986, XX,  34, NEQ,   70,   94,   55,   68,  994,   26,  20,   0,   0,    ,   0,    ,  77,   8,           ,  ,  0,    ,    0,    0,    0,    0, THERMO PARAMS, 11, 687, 1153, N, 10, DT, -999, SHR82, -99, 
EP, 16, 2026091900, 03, HFSA,  96, 146N, 1235W,  65,  986, XX,  50, NEQ,   34,   31,   24,   29,  994,   26,  20,   0,   0,    ,   0,    ,  77,   8,           ,  ,  0,    ,    0,    0,    0,    0, THERMO PARAMS, 11, 687, 1153, N, 10, DT, -999, SHR82, -99, 
EP, 16, 2026091900, 03, HFSA, 102, 146N, 1228W,  64,  987, XX,  34, NEQ,   74,  108,   71,   73, 1007,   85,  18,   0,   0,    ,   0,    ,  79,   8,           ,  ,  0,    ,    0,    0,    0,    0, THERMO PARAMS, 29, 794, 1177, N, 10, DT, -999, SHR82, -99, 
EP, 16, 2026091900, 03, HFSA, 102, 146N, 1228W,  64,  987, XX,  50, NEQ,   36,   42,   34,   31, 1007,   85,  18,   0,   0,    ,   0,    ,  79,   8,           ,  ,  0,    ,    0,    0,    0,    0, THERMO PARAMS, 29, 794, 1177, N, 10, DT, -999, SHR82, -99, 
EP, 16, 2026091900, 03, HFSA, 108, 147N, 1220W,  66,  984, XX,  34, NEQ,   97,  112,   87,   79,  996,   37,  26,   0,   0,    ,   0,    ,  80,   9,           ,  ,  0,    ,    0,    0,    0,    0, THERMO PARAMS, 50, 1412, 1054, N, 10, DT, -999, SHR82, -99, 
EP, 16, 2026091900, 03, HFSA, 108, 147N, 1220W,  66,  984, XX,  50, NEQ,   49,   39,   40,   39,  996,   37,  26,   0,   0,    ,   0,    ,  80,   9,           ,  ,  0,    ,    0,    0,    0,    0, THERMO PARAMS, 50, 1412, 1054, N, 10, DT, -999, SHR82, -99, 
EP, 16, 2026091900, 03, HFSA, 108, 147N, 1220W,  66,  984, XX,  64, NEQ,    0,    0,    0,   28,  996,   37,  26,   0,   0,    ,   0,    ,  80,   9,           ,  ,  0,    ,    0,    0,    0,    0, THERMO PARAMS, 50, 1412, 1054, N, 10, DT, -999, SHR82, -99, 
EP, 16, 2026091900, 03, HFSA, 114, 151N, 1209W,  69,  985, XX,  34, NEQ,   91,  112,   84,   92,  997,   35,  28,   0,   0,    ,   0,    ,  70,   9,           ,  ,  0,    ,    0,    0,    0,    0, THERMO PARAMS, 65, 1465, 1263, N, 10, DT, -999, SHR82, -99, 
EP, 16, 2026091900, 03, HFSA, 114, 151N, 1209W,  69,  985, XX,  50, NEQ,   50,   36,   36,   45,  997,   35,  28,   0,   0,    ,   0,    ,  70,   9,           ,  ,  0,    ,    0,    0,    0,    0, THERMO PARAMS, 65, 1465, 1263, N, 10, DT, -999, SHR82, -99, 
EP, 16, 2026091900, 03, HFSA, 114, 151N, 1209W,  69,  985, XX,  64, NEQ,    0,   19,   29,    0,  997,   35,  28,   0,   0,    ,   0,    ,  70,   9,           ,  ,  0,    ,    0,    0,    0,    0, THERMO PARAMS, 65, 1465, 1263, N, 10, DT, -999, SHR82, -99, 
EP, 16, 2026091900, 03, HFSA, 120, 156N, 1202W,  66,  982, XX,  34, NEQ,   91,  121,   73,   84,  998,   45,  20,   0,   0,    ,   0,    ,  68,   8,           ,  ,  0,    ,    0,    0,    0,    0, THERMO PARAMS, 59, 1020, 1011, N, 10, DT, -999, SHR82, -99, 
EP, 16, 2026091900, 03, HFSA, 120, 156N, 1202W,  66,  982, XX,  50, NEQ,   34,   47,   49,   52,  998,   45,  20,   0,   0,    ,   0,    ,  68,   8,           ,  ,  0,    ,    0,    0,    0,    0, THERMO PARAMS, 59, 1020, 1011, N, 10, DT, -999, SHR82, -99, 
EP, 16, 2026091900, 03, HFSA, 120, 156N, 1202W,  66,  982, XX,  64, NEQ,    0,    0,   21,   26,  998,   45,  20,   0,   0,    ,   0,    ,  68,   8,           ,  ,  0,    ,    0,    0,    0,    0, THERMO PARAMS, 59, 1020, 1011, N, 10, DT, -999, SHR82, -99, 
EP, 16, 2026091900, 03, HFSA, 126, 158N, 1195W,  78,  981, XX,  34, NEQ,  118,   73,   76,   87,  985,   16,  24,   0,   0,    ,   0,    , -99, -99,           ,  ,  0,    ,    0,    0,    0,    0, THERMO PARAMS, 59, 1267, 1059, N, 10, DT, -999, SHR82, -99, 
EP, 16, 2026091900, 03, HFSA, 126, 158N, 1195W,  78,  981, XX,  50, NEQ,   34,   37,   44,   44,  985,   16,  24,   0,   0,    ,   0,    , -99, -99,           ,  ,  0,    ,    0,    0,    0,    0, THERMO PARAMS, 59, 1267, 1059, N, 10, DT, -999, SHR82, -99, 
EP, 16, 2026091900, 03, HFSA, 126, 158N, 1195W,  78,  981, XX,  64, NEQ,    0,   28,   28,   29,  985,   16,  24,   0,   0,    ,   0,    , -99, -99,           ,  ,  0,    ,    0,    0,    0,    0, THERMO PARAMS, 59, 1267, 1059, N, 10, DT, -999, SHR82, -99, 
EP, 16, 2026091900, 03, TVCN,   0, 118N, 1184W,   0,    0,   ,   0,    ,    0,    0,    0,    0, 
EP, 16, 2026091900, 03, TVCN,  12, 117N, 1206W,   0,    0,   ,   0,    ,    0,    0,    0,    0, 
EP, 16, 2026091900, 03, TVCN,  24, 115N, 1227W,   0,    0,   ,   0,    ,    0,    0,    0,    0, 
EP, 16, 2026091900, 03, TVCN,  36, 117N, 1244W,   0,    0,   ,   0,    ,    0,    0,    0,    0, 
EP, 16, 2026091900, 03, TVCN,  48, 126N, 1254W,   0,    0,   ,   0,    ,    0,    0,    0,    0, 
EP, 16, 2026091900, 03, TVCN,  60, 137N, 1264W,   0,    0,   ,   0,    ,    0,    0,    0,    0, 
EP, 16, 2026091900, 03, TVCN,  72, 147N, 1272W,   0,    0,   ,   0,    ,    0,    0,    0,    0, 
EP, 16, 2026091900, 03, TVCN,  84, 152N, 1273W,   0,    0,   ,   0,    ,    0,    0,    0,    0, 
EP, 16, 2026091900, 03, TVCN,  96, 152N, 1271W,   0,    0,   ,   0,    ,    0,    0,    0,    0, 
EP, 16, 2026091900, 03, TVCN, 108, 151N, 1263W,   0,    0,   ,   0,    ,    0,    0,    0,    0, 
EP, 16, 2026091900, 03, TVCN, 120, 154N, 1252W,   0,    0,   ,   0,    ,    0,    0,    0,    0, 
EP, 16, 2026091900, 03, TVCN, 132, 158N, 1241W,   0,    0,   ,   0,    ,    0,    0,    0,    0, 
EP, 16, 2026091900, 03, TVCN, 144, 167N, 1231W,   0,    0,   ,   0,    ,    0,    0,    0,    0, 
EP, 16, 2026091900, 03, TVCN, 156, 177N, 1225W,   0,    0,   ,   0,    ,    0,    0,    0,    0, 
EP, 16, 2026091900, 03, TVCN, 168, 188N, 1221W,   0,    0,   ,   0,    ,    0,    0,    0,    0, 
EP, 16, 2026091906, 03, AVNO,   0, 115N, 1199W,  19, 1011, XX,  34, NEQ,    0,    0,    0,    0,  -99,  -99, 106,   0,   0, 
EP, 16, 2026091906, 03, AVNO,   6, 114N, 1215W,  19, 1008, XX,  34, NEQ,    0,    0,    0,    0,  -99,  -99, 116,   0,   0, 
EP, 16, 2026091906, 03, AVNO,  12, 108N, 1227W,  22, 1010, XX,  34, NEQ,    0,    0,    0,    0,  -99,  -99, 150,   0,   0, 
EP, 16, 2026091906, 03, AVNO,  18,  99N, 1227W,  22, 1007, XX,  34, NEQ,    0,    0,    0,    0,  -99,  -99,  54,   0,   0, 
EP, 16, 2026091906, 03, AVNO,  24, 100N, 1235W,  28, 1009, XX,  34, NEQ,    0,    0,    0,    0,  -99,  -99,  79,   0,   0, 
EP, 16, 2026091906, 03, AVNO,  30, 103N, 1243W,  30, 1006, XX,  34, NEQ,    0,    0,    0,    0,  -99,  -99,  52,   0,   0, 
EP, 16, 2026091906, 03, AVNO,  36, 103N, 1247W,  37, 1007, XX,  34, NEQ,   44,   57,    0,    0, 1011,  135,  29,   0,   0, 
EP, 16, 2026091906, 03, AVNO,  42, 114N, 1253W,  39, 1003, XX,  34, NEQ,   52,   84,    0,    0, 1007,   53,  51,   0,   0, 
EP, 16, 2026091906, 03, AVNO,  48, 123N, 1252W,  48, 1002, XX,  34, NEQ,   46,   76,   49,   32, 1010,   65,  32,   0,   0, 
EP, 16, 2026091906, 03, AVNO,  54, 133N, 1255W,  38, 1001, XX,  34, NEQ,   37,   43,   34,    0, 1009,  107,  31,   0,   0, 
EP, 16, 2026091906, 03, AVNO,  60, 139N, 1259W,  37, 1002, XX,  34, NEQ,   63,   63,    0,   44, 1010,   75,  38,   0,   0, 
EP, 16, 2026091906, 03, AVNO,  66, 141N, 1261W,  40,  997, XX,  34, NEQ,   76,   71,   39,   49, 1009,  179,  35,   0,   0, 
EP, 16, 2026091906, 03, AVNO,  72, 145N, 1258W,  44,  996, XX,  34, NEQ,   60,   75,   43,   53, 1012,  129,  34,   0,   0, 
EP, 16, 2026091906, 03, AVNO,  78, 147N, 1254W,  52,  987, XX,  34, NEQ,   64,   70,   59,   57, 1007,   84,  25,   0,   0, 
EP, 16, 2026091906, 03, AVNO,  78, 147N, 1254W,  52,  987, XX,  50, NEQ,   27,   30,    0,    0, 1007,   84,  25,   0,   0, 
EP, 16, 2026091906, 03, AVNO,  84, 148N, 1249W,  58,  985, XX,  34, NEQ,   67,   71,   63,   55, 1009,   89,  18,   0,   0, 
EP, 16, 2026091906, 03, AVNO,  84, 148N, 1249W,  58,  985, XX,  50, NEQ,   31,   34,   35,   30, 1009,   89,  18,   0,   0, 
EP, 16, 2026091906, 03, AVNO,  90, 149N, 1240W,  59,  980, XX,  34, NEQ,   64,   77,   58,   57, 1008,  185,  26,   0,   0, 
EP, 16, 2026091906, 03, AVNO,  90, 149N, 1240W,  59,  980, XX,  50, NEQ,   34,   39,   39,   36, 1008,  185,  26,   0,   0, 
EP, 16, 2026091906, 03, AVNO,  96, 150N, 1230W,  66,  982, XX,  34, NEQ,   65,   78,   61,   64, 1010,  127,  20,   0,   0, 
EP, 16, 2026091906, 03, AVNO,  96, 150N, 1230W,  66,  982, XX,  50, NEQ,   37,   37,   41,   28, 1010,  127,  20,   0,   0, 
EP, 16, 2026091906, 03, AVNO,  96, 150N, 1230W,  66,  982, XX,  64, NEQ,    0,   22,    0,    0, 1010,  127,  20,   0,   0, 
EP, 16, 2026091906, 03, AVNO, 102, 152N, 1221W,  60,  979, XX,  34, NEQ,   63,  113,   68,   75,  991,   24,  26,   0,   0, 
EP, 16, 2026091906, 03, AVNO, 102, 152N, 1221W,  60,  979, XX,  50, NEQ,   38,   41,   48,   37,  991,   24,  26,   0,   0, 
EP, 16, 2026091906, 03, AVNO, 108, 153N, 1210W,  69,  979, XX,  34, NEQ,   79,  123,   60,   74, 1007,   93,  28,   0,   0, 
EP, 16, 2026091906, 03, AVNO, 108, 153N, 1210W,  69,  979, XX,  50, NEQ,   33,   44,   40,   35, 1007,   93,  28,   0,   0, 
EP, 16, 2026091906, 03, AVNO, 108, 153N, 1210W,  69,  979, XX,  64, NEQ,    0,   36,   33,    0, 1007,   93,  28,   0,   0, 
EP, 16, 2026091906, 03, AVNO, 114, 159N, 1200W,  61,  977, XX,  34, NEQ,   67,  115,   59,   60, 1005,  100,  25,   0,   0, 
EP, 16, 2026091906, 03, AVNO, 114, 159N, 1200W,  61,  977, XX,  50, NEQ,   36,   40,   36,   39, 1005,  100,  25,   0,   0, 
EP, 16, 2026091906, 03, AVNO, 120, 164N, 1193W,  60,  981, XX,  34, NEQ,   67,   71,   63,   69, 1009,  124,  19,   0,   0, 
EP, 16, 2026091906, 03, AVNO, 120, 164N, 1193W,  60,  981, XX,  50, NEQ,   37,   41,   33,   39, 1009,  124,  19,   0,   0, 
EP, 16, 2026091906, 03, AVNO, 126, 170N, 1188W,  59,  979, XX,  34, NEQ,   69,   69,   58,   60, 1007,  147,  25,   0,   0, 
EP, 16, 2026091906, 03, AVNO, 126, 170N, 1188W,  59,  979, XX,  50, NEQ,   38,   38,   36,   35, 1007,  147,  25,   0,   0, 
EP, 16, 2026091906, 03, AVNO, 132, 176N, 1185W,  58,  983, XX,  34, NEQ,   73,   64,   56,   56, 1007,   97,  25,   0,   0, 
EP, 16, 2026091906, 03, AVNO, 132, 176N, 1185W,  58,  983, XX,  50, NEQ,   37,   34,   39,   32, 1007,   97,  25,   0,   0, 
EP, 16, 2026091906, 03, AVNO, 138, 182N, 1182W,  53,  985, XX,  34, NEQ,   58,   55,   60,   60, 1005,  101,  32,   0,   0, 
EP, 16, 2026091906, 03, AVNO, 138, 182N, 1182W,  53,  985, XX,  50, NEQ,    0,    0,   39,   31, 1005,  101,  32,   0,   0, 
EP, 16, 2026091906, 03, AVNO, 144, 185N, 1180W,  50,  990, XX,  34, NEQ,   65,   63,   52,   58, 1006,   76,  18,   0,   0, 
EP, 16, 2026091906, 03, AVNO, 144, 185N, 1180W,  50,  990, XX,  50, NEQ,   19,    0,    0,    0, 1006,   76,  18,   0,   0, 
EP, 16, 2026091906, 03, AVNO, 150, 192N, 1181W,  51,  988, XX,  34, NEQ,   64,   54,   53,   59, 1004,   63,  25,   0,   0, 
EP, 16, 2026091906, 03, AVNO, 150, 192N, 1181W,  51,  988, XX,  50, NEQ,   29,    0,   25,   26, 1004,   63,  25,   0,   0, 
EP, 16, 2026091906, 03, AVNO, 156, 195N, 1184W,  44,  993, XX,  34, NEQ,   50,   48,   50,   51, 1005,   60,  27,   0,   0, 
EP, 16, 2026091906, 03, AVNO, 162, 200N, 1188W,  46,  993, XX,  34, NEQ,   54,   46,   45,   60, 1005,   86,  28,   0,   0, 
EP, 16, 2026091906, 03, AVNO, 168, 204N, 1195W,  42,  996, XX,  34, NEQ,   49,   40,   38,   49, 1004,   43,  31,   0,   0, 
EP, 16, 2026091906, 03, AVNO, 174, 208N, 1201W,  37,  997, XX,  34, NEQ,   41,    0,    0,   36, 1005,   56,  31,   0,   0, 
EP, 16, 2026091906, 03, AVNO, 180, 211N, 1210W,  34, 1001, XX,  34, NEQ,    0,    0,    0,    0, 1009,   94,  37,   0,   0, 
EP, 16, 2026091906, 03, AVNO, 186, 212N, 1217W,  33, 1000, XX,  34, NEQ,    0,    0,    0,    0, 1004,   35,  36,   0,   0, 
EP, 16, 2026091906, 03, AVNO, 192, 212N, 1225W,  32, 1003, XX,  34, NEQ,    0,    0,    0,    0, 1007,   50,  24,   0,   0, 
EP, 16, 2026091906, 03, AVNO, 198, 210N, 1236W,  29, 1003, XX,  34, NEQ,    0,    0,    0,    0,  -99,  -99,  50,   0,   0, 
EP, 16, 2026091906, 03, AVNO, 204, 204N, 1246W,  30, 1005, XX,  34, NEQ,    0,    0,    0,    0,  -99,  -99,  51,   0,   0, 
EP, 16, 2026091906, 03, AVNO, 210, 194N, 1258W,  31, 1003, XX,  34, NEQ,    0,    0,    0,    0,  -99,  -99,  50,   0,   0, 
EP, 16, 2026091906, 03, AVNO, 216, 187N, 1266W,  30, 1006, XX,  34, NEQ,    0,    0,    0,    0,  -99,  -99,  58,   0,   0, 
EP, 16, 2026091906, 03, AVNO, 222, 183N, 1274W,  28, 1004, XX,  34, NEQ,    0,    0,    0,    0,  -99,  -99,  63,   0,   0, 
EP, 16, 2026091906, 03, AVNO, 228, 179N, 1280W,  25, 1006, XX,  34, NEQ,    0,    0,    0,    0,  -99,  -99,  38,   0,   0, 
EP, 16, 2026091906, 03, AVNO, 234, 175N, 1285W,  24, 1004, XX,  34, NEQ,    0,    0,    0,    0,  -99,  -99,  18,   0,   0, 
EP, 16, 2026091906, 03, AVNO, 240, 170N, 1288W,  25, 1006, XX,  34, NEQ,    0,    0,    0,    0,  -99,  -99,  21,   0,   0, 
EP, 16, 2026091906, 03, HCCA,   0, 121N, 1197W,  25,    0,   ,   0,    ,    0,    0,    0,    0, 
EP, 16, 2026091906, 03, HCCA,  12, 115N, 1220W,  31,    0,   ,   0,    ,    0,    0,    0,    0, 
EP, 16, 2026091906, 03, HCCA,  24, 113N, 1237W,  36,    0,   ,   0,    ,    0,    0,    0,    0, 
EP, 16, 2026091906, 03, HCCA,  36, 117N, 1250W,  42,    0,   ,   0,    ,    0,    0,    0,    0, 
EP, 16, 2026091906, 03, HCCA,  48, 129N, 1258W,  44,    0,   ,   0,    ,    0,    0,    0,    0, 
EP, 16, 2026091906, 03, HCCA,  60, 142N, 1262W,  45,    0,   ,   0,    ,    0,    0,    0,    0, 
EP, 16, 2026091906, 03, HCCA,  72, 151N, 1261W,  52,    0,   ,   0,    ,    0,    0,    0,    0, 
EP, 16, 2026091906, 03, HCCA,  84, 156N, 1254W,  58,    0,   ,   0,    ,    0,    0,    0,    0, 
EP, 16, 2026091906, 03, HCCA,  96, 158N, 1243W,  64,    0,   ,   0,    ,    0,    0,    0,    0, 
EP, 16, 2026091906, 03, HCCA, 108, 163N, 1228W,  74,    0,   ,   0,    ,    0,    0,    0,    0, 
EP, 16, 2026091906, 03, HCCA, 120, 168N, 1213W,  80,    0,   ,   0,    ,    0,    0,    0,    0, 
EP, 16, 2026091906, 03, HCCA, 132, 176N, 1202W,  75,    0,   ,   0,    ,    0,    0,    0,    0, 
EP, 16, 2026091906, 03, HCCA, 144, 184N, 1195W,  73,    0,   ,   0,    ,    0,    0,    0,    0, 
EP, 16, 2026091906, 03, HCCA, 156, 192N, 1193W,  70,    0,   ,   0,    ,    0,    0,    0,    0, 
EP, 16, 2026091906, 03, HCCA, 168, 200N, 1194W,  65,    0,   ,   0,    ,    0,    0,    0,    0, 
EP, 16, 2026091906, 03, HFSA,   0, 121N, 1196W,  26, 1011, XX,  34, NEQ,    0,    0,    0,    0,  -99,  -99, 103,   0,   0,    ,   0,    , 274,  10,           ,  ,  0,    ,    0,    0,    0,    0, THERMO PARAMS, 39, -148, -281, N, 10, DT, -999, SHR82, -99, 
EP, 16, 2026091906, 03, HFSA,   6, 113N, 1221W,  30, 1003, XX,  34, NEQ,    0,    0,    0,    0, 1007,    7, 138,   0,   0,    ,   0,    , 239,  18,           ,  ,  0,    ,    0,    0,    0,    0, THERMO PARAMS, 42, -7, -134, N, 10, DT, -999, SHR82, -99, 
EP, 16, 2026091906, 03, HFSA,  12, 107N, 1226W,  30, 1006, XX,  34, NEQ,    0,    0,    0,    0,  -99,  -99,  93,   0,   0,    ,   0,    , 249,   7,           ,  ,  0,    ,    0,    0,    0,    0, THERMO PARAMS, 55, 360, 145, N, 10, DT, -999, SHR82, -99, 
EP, 16, 2026091906, 03, HFSA,  18, 109N, 1238W,  33, 1002, XX,  34, NEQ,    0,    0,    0,    0, 1006,    6, 158,   0,   0,    ,   0,    , 289,   4,           ,  ,  0,    ,    0,    0,    0,    0, THERMO PARAMS, 19, -48, -60, N, 10, DT, -999, SHR82, -99, 
EP, 16, 2026091906, 03, HFSA,  24, 105N, 1245W,  31, 1003, XX,  34, NEQ,    0,    0,    0,    0, 1007,    8,  45,   0,   0,    ,   0,    , 274,   7,           ,  ,  0,    ,    0,    0,    0,    0, THERMO PARAMS, 103, -250, 435, N, 10, DT, -999, SHR82, -99, 
EP, 16, 2026091906, 03, HFSA,  30, 108N, 1255W,  38, 1001, XX,  34, NEQ,    0,   21,    0,    0, 1005,   43,  21,   0,   0,    ,   0,    , 289,   9,           ,  ,  0,    ,    0,    0,    0,    0, THERMO PARAMS, 76, 209, 351, N, 10, DT, -999, SHR82, -99, 
EP, 16, 2026091906, 03, HFSA,  36, 115N, 1261W,  47, 1004, XX,  34, NEQ,   28,   32,    0,    0,  -99,  -99,  22,   0,   0,    ,   0,    , 325,  10,           ,  ,  0,    ,    0,    0,    0,    0, THERMO PARAMS, 11, 162, 549, N, 10, DT, -999, SHR82, -99, 
EP, 16, 2026091906, 03, HFSA,  42, 128N, 1268W,  33, 1002, XX,  34, NEQ,    0,    0,    0,    0, 1006,   57, 136,   0,   0,    ,   0,    , 334,  11,           ,  ,  0,    ,    0,    0,    0,    0, THERMO PARAMS, -48, 198, 229, N, 10, DT, -999, SHR82, -99, 
EP, 16, 2026091906, 03, HFSA,  48, 134N, 1279W,  36, 1005, XX,  34, NEQ,    0,    0,    0,    0,  -99,  -99, 151,   0,   0,    ,   0,    , 300,  11,           ,  ,  0,    ,    0,    0,    0,    0, THERMO PARAMS, 8, 51, 124, N, 10, DT, -999, SHR82, -99, 
EP, 16, 2026091906, 03, HFSA,  54, 135N, 1289W,  33, 1000, XX,  34, NEQ,    0,    0,    0,    0, 1004,    8,  85,   0,   0,    ,   0,    , 295,   6,           ,  ,  0,    ,    0,    0,    0,    0, THERMO PARAMS, 26, -38, 215, N, 10, DT, -999, SHR82, -99, 
EP, 16, 2026091906, 03, HFSA,  60, 138N, 1294W,  34, 1005, XX,  34, NEQ,    0,    0,    0,    0,  -99,  -99,  67,   0,   0,    ,   0,    , 326,   7,           ,  ,  0,    ,    0,    0,    0,    0, THERMO PARAMS, 20, 155, 51, N, 10, DT, -999, SHR82, -99, 
EP, 16, 2026091906, 03, HFSA,  66, 145N, 1299W,  33, 1002, XX,  34, NEQ,    0,    0,    0,    0,  -99,  -99, 162,   0,   0,    ,   0,    , 329,   6,           ,  ,  0,    ,    0,    0,    0,    0, THERMO PARAMS, -4, -123, 168, N, 10, DT, -999, SHR82, -99, 
EP, 16, 2026091906, 03, HFSA,  72, 143N, 1303W,  34, 1002, XX,  34, NEQ,    0,    0,    0,    0, 1006,    4, 135,   0,   0,    ,   0,    , 305,   1,           ,  ,  0,    ,    0,    0,    0,    0, THERMO PARAMS, 30, 247, 167, N, 10, DT, -999, SHR82, -99, 
EP, 16, 2026091906, 03, HFSA,  78, 142N, 1300W,  44,  997, XX,  34, NEQ,   29,   74,    0,    0, 1001,   14,  42,   0,   0,    ,   0,    ,  67,   6,           ,  ,  0,    ,    0,    0,    0,    0, THERMO PARAMS, -60, 132, 329, N, 10, DT, -999, SHR82, -99, 
EP, 16, 2026091906, 03, HFSA,  84, 147N, 1296W,  40, 1001, XX,  34, NEQ,   39,   78,   94,    0, 1005,   41,  62,   0,   0,    ,   0,    ,  39,   6,           ,  ,  0,    ,    0,    0,    0,    0, THERMO PARAMS, -110, 266, -22, N, 10, DT, -999, SHR82, -99, 
EP, 16, 2026091906, 03, HFSA,  90, 146N, 1293W,  43,  998, XX,  34, NEQ,   60,   99,    0,    0,  -99,  -99,  66,   0,   0,    ,   0,    ,  85,   6,           ,  ,  0,    ,    0,    0,    0,    0, THERMO PARAMS, 8, 460, 387, N, 10, DT, -999, SHR82, -99, 
EP, 16, 2026091906, 03, HFSA,  96, 145N, 1285W,  51,  992, XX,  34, NEQ,   60,   91,   89,   55,  -99,  -99,  35,   0,   0,    ,   0,    ,  79,   8,           ,  ,  0,    ,    0,    0,    0,    0, THERMO PARAMS, -19, 788, 755, N, 10, DT, -999, SHR82, -99, 
EP, 16, 2026091906, 03, HFSA, 102, 148N, 1278W,  49,  993, XX,  34, NEQ,   63,  130,  134,    0, 1001,   47,  95,   0,   0,    ,   0,    ,  74,  10,           ,  ,  0,    ,    0,    0,    0,    0, THERMO PARAMS, -27, 821, 560, N, 10, DT, -999, SHR82, -99, 
EP, 16, 2026091906, 03, HFSA, 108, 150N, 1265W,  58,  990, XX,  34, NEQ,   76,  108,  100,   37,  994,   11,  35,   0,   0,    ,   0,    ,  66,  11,           ,  ,  0,    ,    0,    0,    0,    0, THERMO PARAMS, -23, 979, 827, N, 10, DT, -999, SHR82, -99, 
EP, 16, 2026091906, 03, HFSA, 108, 150N, 1265W,  58,  990, XX,  50, NEQ,    0,   37,    0,    0,  994,   11,  35,   0,   0,    ,   0,    ,  66,  11,           ,  ,  0,    ,    0,    0,    0,    0, THERMO PARAMS, -23, 979, 827, N, 10, DT, -999, SHR82, -99, 
EP, 16, 2026091906, 03, HFSA, 114, 154N, 1256W,  55,  983, XX,  34, NEQ,   68,  154,   97,   39,  987,    7,  25,   0,   0,    ,   0,    ,  69,  11,           ,  ,  0,    ,    0,    0,    0,    0, THERMO PARAMS, -9, 1119, 1123, N, 10, DT, -999, SHR82, -99, 
EP, 16, 2026091906, 03, HFSA, 114, 154N, 1256W,  55,  983, XX,  50, NEQ,   26,   28,    0,    0,  987,    7,  25,   0,   0,    ,   0,    ,  69,  11,           ,  ,  0,    ,    0,    0,    0,    0, THERMO PARAMS, -9, 1119, 1123, N, 10, DT, -999, SHR82, -99, 
EP, 16, 2026091906, 03, HFSA, 120, 157N, 1248W,  53,  989, XX,  34, NEQ,   86,  120,   87,   78,  997,   30,  31,   0,   0,    ,   0,    ,  60,   8,           ,  ,  0,    ,    0,    0,    0,    0, THERMO PARAMS, -10, 668, 997, N, 10, DT, -999, SHR82, -99, 
EP, 16, 2026091906, 03, HFSA, 120, 157N, 1248W,  53,  989, XX,  50, NEQ,   24,   34,    0,    0,  997,   30,  31,   0,   0,    ,   0,    ,  60,   8,           ,  ,  0,    ,    0,    0,    0,    0, THERMO PARAMS, -10, 668, 997, N, 10, DT, -999, SHR82, -99, 
EP, 16, 2026091906, 03, HFSA, 126, 161N, 1241W,  60,  982, XX,  34, NEQ,  113,  115,   92,   71,  986,   10,  21,   0,   0,    ,   0,    , -99, -99,           ,  ,  0,    ,    0,    0,    0,    0, THERMO PARAMS, 13, 923, 1255, N, 10, DT, -999, SHR82, -99, 
EP, 16, 2026091906, 03, HFSA, 126, 161N, 1241W,  60,  982, XX,  50, NEQ,   31,   44,   29,   21,  986,   10,  21,   0,   0,    ,   0,    , -99, -99,           ,  ,  0,    ,    0,    0,    0,    0, THERMO PARAMS, 13, 923, 1255, N, 10, DT, -999, SHR82, -99, 
EP, 16, 2026091906, 03, TVCN,   0, 121N, 1197W,   0,    0,   ,   0,    ,    0,    0,    0,    0, 
EP, 16, 2026091906, 03, TVCN,  12, 115N, 1219W,   0,    0,   ,   0,    ,    0,    0,    0,    0, 
EP, 16, 2026091906, 03, TVCN,  24, 114N, 1235W,   0,    0,   ,   0,    ,    0,    0,    0,    0, 
EP, 16, 2026091906, 03, TVCN,  36, 119N, 1246W,   0,    0,   ,   0,    ,    0,    0,    0,    0, 
EP, 16, 2026091906, 03, TVCN,  48, 130N, 1254W,   0,    0,   ,   0,    ,    0,    0,    0,    0, 
EP, 16, 2026091906, 03, TVCN,  60, 142N, 1258W,   0,    0,   ,   0,    ,    0,    0,    0,    0, 
EP, 16, 2026091906, 03, TVCN,  72, 150N, 1257W,   0,    0,   ,   0,    ,    0,    0,    0,    0, 
EP, 16, 2026091906, 03, TVCN,  84, 154N, 1251W,   0,    0,   ,   0,    ,    0,    0,    0,    0, 
EP, 16, 2026091906, 03, TVCN,  96, 156N, 1240W,   0,    0,   ,   0,    ,    0,    0,    0,    0, 
EP, 16, 2026091906, 03, TVCN, 108, 159N, 1227W,   0,    0,   ,   0,    ,    0,    0,    0,    0, 
EP, 16, 2026091906, 03, TVCN, 120, 163N, 1215W,   0,    0,   ,   0,    ,    0,    0,    0,    0, 
EP, 16, 2026091906, 03, TVCN, 132, 169N, 1203W,   0,    0,   ,   0,    ,    0,    0,    0,    0, 
EP, 16, 2026091906, 03, TVCN, 144, 176N, 1211W,   0,    0,   ,   0,    ,    0,    0,    0,    0, 
EP, 16, 2026091906, 03, TVCN, 156, 184N, 1207W,   0,    0,   ,   0,    ,    0,    0,    0,    0, 
EP, 16, 2026091906, 03, TVCN, 168, 192N, 1205W,   0,    0,   ,   0,    ,    0,    0,    0,    0, 
EP, 16, 2026091912, 03,  UKX,   0, 115N, 1223W,  21, 1009, XX,  34, NEQ,    0,    0,    0,    0, 
EP, 16, 2026091912, 03,  UKX,   6, 113N, 1233W,  21, 1010, XX,  34, NEQ,    0,    0,    0,    0, 
EP, 16, 2026091912, 03,  UKX,  12, 110N, 1241W,  22, 1008, XX,  34, NEQ,    0,    0,    0,    0, 
EP, 16, 2026091912, 03,  UKX,  18, 111N, 1250W,  22, 1009, XX,  34, NEQ,    0,    0,    0,    0, 
EP, 16, 2026091912, 03,  UKX,  24, 112N, 1257W,  23, 1008, XX,  34, NEQ,    0,    0,    0,    0, 
EP, 16, 2026091912, 03,  UKX,  30, 115N, 1266W,  26, 1009, XX,  34, NEQ,    0,    0,    0,    0, 
EP, 16, 2026091912, 03,  UKX,  36, 123N, 1273W,  28, 1007, XX,  34, NEQ,    0,    0,    0,    0, 
EP, 16, 2026091912, 03,  UKX,  42, 131N, 1282W,  28, 1009, XX,  34, NEQ,    0,    0,    0,    0, 
EP, 16, 2026091912, 03,  UKX,  48, 137N, 1296W,  27, 1007, XX,  34, NEQ,    0,    0,    0,    0, 
EP, 16, 2026091912, 03,  UKX,  54, 138N, 1307W,  27, 1009, XX,  34, NEQ,    0,    0,    0,    0, 
EP, 16, 2026091912, 03,  UKX,  60, 142N, 1313W,  26, 1005, XX,  34, NEQ,    0,    0,    0,    0, 
EP, 16, 2026091912, 03,  UKX,  66, 146N, 1317W,  28, 1008, XX,  34, NEQ,    0,    0,    0,    0, 
EP, 16, 2026091912, 03,  UKX,  72, 149N, 1318W,  29, 1005, XX,  34, NEQ,    0,    0,    0,    0, 
EP, 16, 2026091912, 03,  UKX,  78, 151N, 1319W,  29, 1007, XX,  34, NEQ,    0,    0,    0,    0, 
EP, 16, 2026091912, 03,  UKX,  84, 153N, 1321W,  30, 1003, XX,  34, NEQ,    0,    0,    0,    0, 
EP, 16, 2026091912, 03,  UKX,  90, 151N, 1320W,  31, 1005, XX,  34, NEQ,    0,    0,    0,    0, 
EP, 16, 2026091912, 03,  UKX,  96, 152N, 1318W,  33, 1001, XX,  34, NEQ,    0,    0,    0,    0, 
EP, 16, 2026091912, 03,  UKX, 102, 149N, 1315W,  34, 1003, XX,  34, NEQ,    0,    0,    0,    0, 
EP, 16, 2026091912, 03,  UKX, 108, 150N, 1312W,  37,  999, XX,  34, NEQ,    0,   80,   78,    0, 
EP, 16, 2026091912, 03,  UKX, 114, 150N, 1307W,  38, 1001, XX,  34, NEQ,    0,   80,   72,    0, 
EP, 16, 2026091912, 03,  UKX, 120, 151N, 1303W,  39,  998, XX,  34, NEQ,    0,   87,   83,    0, 
EP, 16, 2026091912, 03,  UKX, 126, 151N, 1298W,  39, 1000, XX,  34, NEQ,    0,   86,   78,    0, 
EP, 16, 2026091912, 03,  UKX, 132, 153N, 1293W,  37,  997, XX,  34, NEQ,   74,   81,   82,    0, 
EP, 16, 2026091912, 03,  UKX, 138, 156N, 1286W,  39,  999, XX,  34, NEQ,   65,   98,   81,    0, 
EP, 16, 2026091912, 03,  UKX, 144, 160N, 1280W,  39,  996, XX,  34, NEQ,   76,  107,   92,    0, 
EP, 16, 2026091912, 03, AVNO,   0, 114N, 1216W,  19, 1008, XX,  34, NEQ,    0,    0,    0,    0,  -99,  -99, 119,   0,   0, 
EP, 16, 2026091912, 03, AVNO,   6, 107N, 1225W,  21, 1010, XX,  34, NEQ,    0,    0,    0,    0,  -99,  -99, 154,   0,   0, 
EP, 16, 2026091912, 03, AVNO,  12,  99N, 1225W,  34, 1006, XX,  34, NEQ,   31,    0,    0,    0,  -99,  -99,  31,   0,   0, 
EP, 16, 2026091912, 03, AVNO,  18,  99N, 1239W,  30, 1006, XX,  34, NEQ,    0,    0,    0,    0, 1010,   73,  51,   0,   0, 
EP, 16, 2026091912, 03, AVNO,  24, 106N, 1249W,  29, 1004, XX,  34, NEQ,    0,    0,    0,    0, 1008,   89,  81,   0,   0, 
EP, 16, 2026091912, 03, AVNO,  30, 108N, 1252W,  38, 1005, XX,  34, NEQ,   49,   65,   48,    0, 1013,  826,  39,   0,   0, 
EP, 16, 2026091912, 03, AVNO,  36, 116N, 1256W,  43,  998, XX,  34, NEQ,   51,   69,   39,    0, 1006,   54,  36,   0,   0, 
EP, 16, 2026091912, 03, AVNO,  42, 127N, 1257W,  41, 1002, XX,  34, NEQ,   56,   62,   30,   33, 1010,   78,  17,   0,   0, 
EP, 16, 2026091912, 03, AVNO,  48, 134N, 1262W,  39,  999, XX,  34, NEQ,   70,   87,    0,    0, 1007,   72,  55,   0,   0, 
EP, 16, 2026091912, 03, AVNO,  54, 141N, 1266W,  41, 1001, XX,  34, NEQ,   52,   68,    0,    0, 1009,   57,  35,   0,   0, 
EP, 16, 2026091912, 03, AVNO,  60, 145N, 1271W,  44,  995, XX,  34, NEQ,   38,   39,    0,   59, 1007,  103,  32,   0,   0, 
EP, 16, 2026091912, 03, AVNO,  66, 145N, 1272W,  38,  997, XX,  34, NEQ,    0,   27,   30,    0, 1009,   73,  18,   0,   0, 
EP, 16, 2026091912, 03, AVNO,  72, 145N, 1267W,  53,  982, XX,  34, NEQ,   30,   67,   52,   41, 1010,  274,  20,   0,   0, 
EP, 16, 2026091912, 03, AVNO,  72, 145N, 1267W,  53,  982, XX,  50, NEQ,    0,   24,    0,    0, 1010,  274,  20,   0,   0, 
EP, 16, 2026091912, 03, AVNO,  78, 147N, 1260W,  54,  985, XX,  34, NEQ,   60,   71,   57,   48, 1009,  118,  30,   0,   0, 
EP, 16, 2026091912, 03, AVNO,  78, 147N, 1260W,  54,  985, XX,  50, NEQ,    0,    0,   33,    0, 1009,  118,  30,   0,   0, 
EP, 16, 2026091912, 03, AVNO,  84, 149N, 1252W,  62,  975, XX,  34, NEQ,   59,   78,   58,   54, 1007,  171,  24,   0,   0, 
EP, 16, 2026091912, 03, AVNO,  84, 149N, 1252W,  62,  975, XX,  50, NEQ,   31,   37,   32,   31, 1007,  171,  24,   0,   0, 
EP, 16, 2026091912, 03, AVNO,  90, 151N, 1244W,  63,  977, XX,  34, NEQ,   71,   86,   64,   70, 1009,  134,  21,   0,   0, 
EP, 16, 2026091912, 03, AVNO,  90, 151N, 1244W,  63,  977, XX,  50, NEQ,   34,   38,   34,   33, 1009,  134,  21,   0,   0, 
EP, 16, 2026091912, 03, AVNO,  96, 154N, 1236W,  67,  973, XX,  34, NEQ,   68,   95,   60,   77, 1009,  232,  24,   0,   0, 
EP, 16, 2026091912, 03, AVNO,  96, 154N, 1236W,  67,  973, XX,  50, NEQ,   38,   37,   35,   41, 1009,  232,  24,   0,   0, 
EP, 16, 2026091912, 03, AVNO,  96, 154N, 1236W,  67,  973, XX,  64, NEQ,    0,    0,   26,    0, 1009,  232,  24,   0,   0, 
EP, 16, 2026091912, 03, AVNO, 102, 157N, 1229W,  71,  972, XX,  34, NEQ,   83,   87,   77,   80, 1008,  112,  21,   0,   0, 
EP, 16, 2026091912, 03, AVNO, 102, 157N, 1229W,  71,  972, XX,  50, NEQ,   37,   34,   42,   44, 1008,  112,  21,   0,   0, 
EP, 16, 2026091912, 03, AVNO, 102, 157N, 1229W,  71,  972, XX,  64, NEQ,   24,    0,   31,   29, 1008,  112,  21,   0,   0, 
EP, 16, 2026091912, 03, AVNO, 108, 161N, 1221W,  71,  970, XX,  34, NEQ,  104,   82,   81,   84, 1006,  156,  22,   0,   0, 
EP, 16, 2026091912, 03, AVNO, 108, 161N, 1221W,  71,  970, XX,  50, NEQ,   38,   40,   41,   39, 1006,  156,  22,   0,   0, 
EP, 16, 2026091912, 03, AVNO, 108, 161N, 1221W,  71,  970, XX,  64, NEQ,   24,   27,   32,   28, 1006,  156,  22,   0,   0, 
EP, 16, 2026091912, 03, AVNO, 114, 166N, 1215W,  73,  971, XX,  34, NEQ,   87,   79,   64,   87,  987,   30,  24,   0,   0, 
EP, 16, 2026091912, 03, AVNO, 114, 166N, 1215W,  73,  971, XX,  50, NEQ,   38,   42,   39,   44,  987,   30,  24,   0,   0, 
EP, 16, 2026091912, 03, AVNO, 114, 166N, 1215W,  73,  971, XX,  64, NEQ,   25,    0,   27,   30,  987,   30,  24,   0,   0, 
EP, 16, 2026091912, 03, AVNO, 120, 171N, 1210W,  66,  972, XX,  34, NEQ,   84,   78,   69,   69, 1008,  216,  26,   0,   0, 
EP, 16, 2026091912, 03, AVNO, 120, 171N, 1210W,  66,  972, XX,  50, NEQ,   40,   42,   41,   41, 1008,  216,  26,   0,   0, 
EP, 16, 2026091912, 03, AVNO, 120, 171N, 1210W,  66,  972, XX,  64, NEQ,    0,   27,    0,    0, 1008,  216,  26,   0,   0, 
EP, 16, 2026091912, 03, AVNO, 126, 177N, 1205W,  67,  976, XX,  34, NEQ,   73,   69,   64,   63, 1008,  116,  21,   0,   0, 
EP, 16, 2026091912, 03, AVNO, 126, 177N, 1205W,  67,  976, XX,  50, NEQ,   41,   37,   40,   36, 1008,  116,  21,   0,   0, 
EP, 16, 2026091912, 03, AVNO, 126, 177N, 1205W,  67,  976, XX,  64, NEQ,    0,    0,    0,   23, 1008,  116,  21,   0,   0, 
EP, 16, 2026091912, 03, AVNO, 132, 183N, 1200W,  60,  977, XX,  34, NEQ,   75,   67,   75,   74, 1005,  119,  23,   0,   0, 
EP, 16, 2026091912, 03, AVNO, 132, 183N, 1200W,  60,  977, XX,  50, NEQ,   35,   33,   39,   37, 1005,  119,  23,   0,   0, 
EP, 16, 2026091912, 03, AVNO, 138, 186N, 1195W,  58,  984, XX,  34, NEQ,   72,   63,   69,   77, 1008,  135,  26,   0,   0, 
EP, 16, 2026091912, 03, AVNO, 138, 186N, 1195W,  58,  984, XX,  50, NEQ,   35,   32,   36,   38, 1008,  135,  26,   0,   0, 
EP, 16, 2026091912, 03, AVNO, 144, 191N, 1193W,  55,  985, XX,  34, NEQ,   69,   63,   59,   68, 1005,   94,  29,   0,   0, 
EP, 16, 2026091912, 03, AVNO, 144, 191N, 1193W,  55,  985, XX,  50, NEQ,   34,    0,   35,   33, 1005,   94,  29,   0,   0, 
EP, 16, 2026091912, 03, AVNO, 150, 194N, 1192W,  46,  992, XX,  34, NEQ,   52,   57,   58,   59, 1008,  112,  25,   0,   0, 
EP, 16, 2026091912, 03, AVNO, 156, 198N, 1193W,  43,  992, XX,  34, NEQ,   57,   43,   48,   59, 1004,   80,  33,   0,   0, 
EP, 16, 2026091912, 03, AVNO, 162, 201N, 1196W,  42,  996, XX,  34, NEQ,   56,   50,   48,   48, 1008,  105,  30,   0,   0, 
EP, 16, 2026091912, 03, AVNO, 168, 205N, 1202W,  35,  997, XX,  34, NEQ,   41,    0,    0,    0, 1005,   71,  40,   0,   0, 
EP, 16, 2026091912, 03, AVNO, 174, 210N, 1208W,  32, 1000, XX,  34, NEQ,    0,    0,    0,    0, 1008,   98,  34,   0,   0, 
EP, 16, 2026091912, 03, AVNO, 180, 213N, 1216W,  31, 1000, XX,  34, NEQ,    0,    0,    0,    0, 1004,   41,  47,   0,   0, 
EP, 16, 2026091912, 03, AVNO, 186, 217N, 1224W,  29, 1003, XX,  34, NEQ,    0,    0,    0,    0, 1007,   50,  37,   0,   0, 
EP, 16, 2026091912, 03, AVNO, 192, 222N, 1234W,  28, 1003, XX,  34, NEQ,    0,    0,    0,    0, 1007,   72,  42,   0,   0, 
EP, 16, 2026091912, 03, AVNO, 198, 225N, 1247W,  28, 1005, XX,  34, NEQ,    0,    0,    0,    0,  -99,  -99,  44,   0,   0, 
EP, 16, 2026091912, 03, AVNO, 204, 232N, 1260W,  27, 1004, XX,  34, NEQ,    0,    0,    0,    0,  -99,  -99,  37,   0,   0, 
EP, 16, 2026091912, 03, AVNO, 210, 239N, 1272W,  27, 1006, XX,  34, NEQ,    0,    0,    0,    0,  -99,  -99,  98,   0,   0, 
EP, 16, 2026091912, 03, AVNO, 216, 247N, 1284W,  28, 1005, XX,  34, NEQ,    0,    0,    0,    0,  -99,  -99, 160,   0,   0, 
EP, 16, 2026091912, 03, AVNO, 222, 252N, 1293W,  28, 1008, XX,  34, NEQ,    0,    0,    0,    0,  -99,  -99,  38,   0,   0, 
EP, 16, 2026091912, 03, AVNO, 228, 252N, 1297W,  27, 1006, XX,  34, NEQ,    0,    0,    0,    0,  -99,  -99,  41,   0,   0, 
EP, 16, 2026091912, 03, AVNO, 234, 248N, 1299W,  25, 1008, XX,  34, NEQ,    0,    0,    0,    0,  -99,  -99,  25,   0,   0, 
EP, 16, 2026091912, 03, AVNO, 240, 249N, 1301W,  22, 1006, XX,  34, NEQ,    0,    0,    0,    0,  -99,  -99,  60,   0,   0, 
EP, 16, 2026091912, 03, HCCA,   0, 114N, 1215W,  25,    0,   ,   0,    ,    0,    0,    0,    0, 
EP, 16, 2026091912, 03, HCCA,  12, 109N, 1235W,  32,    0,   ,   0,    ,    0,    0,    0,    0, 
EP, 16, 2026091912, 03, HCCA,  24, 110N, 1250W,  40,    0,   ,   0,    ,    0,    0,    0,    0, 
EP, 16, 2026091912, 03, HCCA,  36, 120N, 1263W,  45,    0,   ,   0,    ,    0,    0,    0,    0, 
EP, 16, 2026091912, 03, HCCA,  48, 133N, 1274W,  46,    0,   ,   0,    ,    0,    0,    0,    0, 
EP, 16, 2026091912, 03, HCCA,  60, 144N, 1282W,  49,    0,   ,   0,    ,    0,    0,    0,    0, 
EP, 16, 2026091912, 03, HCCA,  72, 150N, 1280W,  50,    0,   ,   0,    ,    0,    0,    0,    0, 
EP, 16, 2026091912, 03, HCCA,  84, 152N, 1272W,  53,    0,   ,   0,    ,    0,    0,    0,    0, 
EP, 16, 2026091912, 03, HCCA,  96, 154N, 1257W,  58,    0,   ,   0,    ,    0,    0,    0,    0, 
EP, 16, 2026091912, 03, HCCA, 108, 158N, 1239W,  58,    0,   ,   0,    ,    0,    0,    0,    0, 
EP, 16, 2026091912, 03, HCCA, 120, 164N, 1223W,  56,    0,   ,   0,    ,    0,    0,    0,    0, 
EP, 16, 2026091912, 03, HCCA, 132, 171N, 1211W,  57,    0,   ,   0,    ,    0,    0,    0,    0, 
EP, 16, 2026091912, 03, HCCA, 144, 180N, 1201W,  56,    0,   ,   0,    ,    0,    0,    0,    0, 
EP, 16, 2026091912, 03, HCCA, 156, 189N, 1195W,  56,    0,   ,   0,    ,    0,    0,    0,    0, 
EP, 16, 2026091912, 03, HCCA, 168, 198N, 1194W,  56,    0,   ,   0,    ,    0,    0,    0,    0, 
EP, 16, 2026091912, 03, HFSA,   0, 110N, 1217W,  25, 1008, XX,  34, NEQ,    0,    0,    0,    0,  -99,  -99, 130,   0,   0,    ,   0,    , 263,  10,           ,  ,  0,    ,    0,    0,    0,    0, THERMO PARAMS, 30, -100, -48, N, 10, DT, -999, SHR82, -99, 
EP, 16, 2026091912, 03, HFSA,   6, 100N, 1224W,  37, 1004, XX,  34, NEQ,    0,    0,    0,    0, 1008,    9,  53,   0,   0,    ,   0,    , 217,   9,           ,  ,  0,    ,    0,    0,    0,    0, THERMO PARAMS, 90, -94, 270, N, 10, DT, -999, SHR82, -99, 
EP, 16, 2026091912, 03, HFSA,  12, 102N, 1237W,  38, 1001, XX,  34, NEQ,   40,    8,   31,    0, 1005,   25,  30,   0,   0,    ,   0,    , 288,   8,           ,  ,  0,    ,    0,    0,    0,    0, THERMO PARAMS, 45, -490, 151, N, 10, DT, -999, SHR82, -99, 
EP, 16, 2026091912, 03, HFSA,  18, 104N, 1243W,  36, 1006, XX,  34, NEQ,    0,    0,    0,    0, 1010,   66,  96,   0,   0,    ,   0,    , 267,   7,           ,  ,  0,    ,    0,    0,    0,    0, THERMO PARAMS, 78, -146, 222, N, 10, DT, -999, SHR82, -99, 
EP, 16, 2026091912, 03, HFSA,  24, 108N, 1249W,  34, 1003, XX,  34, NEQ,    0,    0,    0,    0,  -99,  -99,  96,   0,   0,    ,   0,    , 295,   7,           ,  ,  0,    ,    0,    0,    0,    0, THERMO PARAMS, 53, -49, 114, N, 10, DT, -999, SHR82, -99, 
EP, 16, 2026091912, 03, HFSA,  30, 112N, 1254W,  36, 1004, XX,  34, NEQ,    0,    0,    0,    0, 1008,   46,  62,   0,   0,    ,   0,    , 322,   8,           ,  ,  0,    ,    0,    0,    0,    0, THERMO PARAMS, 25, 153, 64, N, 10, DT, -999, SHR82, -99, 
EP, 16, 2026091912, 03, HFSA,  36, 122N, 1258W,  60,  999, XX,  34, NEQ,   34,   39,    0,    0, 1003,   23,  19,   0,   0,    ,   0,    , 338,  11,           ,  ,  0,    ,    0,    0,    0,    0, THERMO PARAMS, -44, 96, 395, N, 10, DT, -999, SHR82, -99, 
EP, 16, 2026091912, 03, HFSA,  36, 122N, 1258W,  60,  999, XX,  50, NEQ,   26,   21,    0,    0, 1003,   23,  19,   0,   0,    ,   0,    , 338,  11,           ,  ,  0,    ,    0,    0,    0,    0, THERMO PARAMS, -44, 96, 395, N, 10, DT, -999, SHR82, -99, 
EP, 16, 2026091912, 03, HFSA,  42, 130N, 1263W,  41, 1003, XX,  34, NEQ,   53,   53,    0,    0, 1007,   28,  33,   0,   0,    ,   0,    , 328,   8,           ,  ,  0,    ,    0,    0,    0,    0, THERMO PARAMS, -60, 195, 280, N, 10, DT, -999, SHR82, -99, 
EP, 16, 2026091912, 03, HFSA,  48, 137N, 1272W,  42, 1001, XX,  34, NEQ,   71,   31,    0,    0, 1005,   29,  27,   0,   0,    ,   0,    , 315,  10,           ,  ,  0,    ,    0,    0,    0,    0, THERMO PARAMS, -41, 349, 195, N, 10, DT, -999, SHR82, -99, 
EP, 16, 2026091912, 03, HFSA,  54, 142N, 1281W,  35, 1004, XX,  34, NEQ,   37,    0,    0,    0, 1008,   33,  34,   0,   0,    ,   0,    , 308,   9,           ,  ,  0,    ,    0,    0,    0,    0, THERMO PARAMS, -30, 281, 174, N, 10, DT, -999, SHR82, -99, 
EP, 16, 2026091912, 03, HFSA,  60, 144N, 1290W,  36, 1001, XX,  34, NEQ,    0,    0,    0,    0, 1005,   35, 122,   0,   0,    ,   0,    , 309,   4,           ,  ,  0,    ,    0,    0,    0,    0, THERMO PARAMS, -11, 220, -30, N, 10, DT, -999, SHR82, -99, 
EP, 16, 2026091912, 03, HFSA,  66, 141N, 1291W,  41, 1000, XX,  34, NEQ,    0,   26,    0,    0, 1004,   26,  24,   0,   0,    ,   0,    , 112,   1,           ,  ,  0,    ,    0,    0,    0,    0, THERMO PARAMS, 19, 50, 236, N, 10, DT, -999, SHR82, -99, 
EP, 16, 2026091912, 03, HFSA,  72, 140N, 1288W,  41,  997, XX,  34, NEQ,   24,   92,   42,    0, 1001,   28,  35,   0,   0,    ,   0,    ,  89,   5,           ,  ,  0,    ,    0,    0,    0,    0, THERMO PARAMS, -2, 367, 449, N, 10, DT, -999, SHR82, -99, 
EP, 16, 2026091912, 03, HFSA,  78, 140N, 1281W,  51,  994, XX,  34, NEQ,   47,   86,   89,   32,  998,   11,  29,   0,   0,    ,   0,    ,  73,   6,           ,  ,  0,    ,    0,    0,    0,    0, THERMO PARAMS, -27, 319, 650, N, 10, DT, -999, SHR82, -99, 
EP, 16, 2026091912, 03, HFSA,  84, 143N, 1275W,  55,  989, XX,  34, NEQ,   52,   83,   44,   32,  993,    9,  22,   0,   0,    ,   0,    ,  67,   8,           ,  ,  0,    ,    0,    0,    0,    0, THERMO PARAMS, -66, 1010, 737, N, 10, DT, -999, SHR82, -99, 
EP, 16, 2026091912, 03, HFSA,  84, 143N, 1275W,  55,  989, XX,  50, NEQ,   24,   32,    0,    0,  993,    9,  22,   0,   0,    ,   0,    ,  67,   8,           ,  ,  0,    ,    0,    0,    0,    0, THERMO PARAMS, -66, 1010, 737, N, 10, DT, -999, SHR82, -99, 
EP, 16, 2026091912, 03, HFSA,  90, 145N, 1272W,  48,  996, XX,  34, NEQ,   65,  110,   36,   44, 1000,   20,  61,   0,   0,    ,   0,    ,  73,   5,           ,  ,  0,    ,    0,    0,    0,    0, THERMO PARAMS, -12, 666, 528, N, 10, DT, -999, SHR82, -99, 
EP, 16, 2026091912, 03, HFSA,  96, 145N, 1264W,  59,  985, XX,  34, NEQ,   52,  125,   62,   44, 1001,   47,  19,   0,   0,    ,   0,    ,  83,   9,           ,  ,  0,    ,    0,    0,    0,    0, THERMO PARAMS, 18, 474, 798, N, 10, DT, -999, SHR82, -99, 
EP, 16, 2026091912, 03, HFSA,  96, 145N, 1264W,  59,  985, XX,  50, NEQ,   24,   31,    0,    0, 1001,   47,  19,   0,   0,    ,   0,    ,  83,   9,           ,  ,  0,    ,    0,    0,    0,    0, THERMO PARAMS, 18, 474, 798, N, 10, DT, -999, SHR82, -99, 
EP, 16, 2026091912, 03, HFSA, 102, 145N, 1252W,  61,  985, XX,  34, NEQ,   70,  113,   99,   34,  989,    5,  13,   0,   0,    ,   0,    ,  80,  14,           ,  ,  0,    ,    0,    0,    0,    0, THERMO PARAMS, 37, 564, 1077, N, 10, DT, -999, SHR82, -99, 
EP, 16, 2026091912, 03, HFSA, 102, 145N, 1252W,  61,  985, XX,  50, NEQ,   36,   36,   24,    0,  989,    5,  13,   0,   0,    ,   0,    ,  80,  14,           ,  ,  0,    ,    0,    0,    0,    0, THERMO PARAMS, 37, 564, 1077, N, 10, DT, -999, SHR82, -99, 
EP, 16, 2026091912, 03, HFSA, 108, 152N, 1243W,  58,  986, XX,  34, NEQ,   92,  138,  102,   70,  994,   26,  22,   0,   0,    ,   0,    ,  52,  10,           ,  ,  0,    ,    0,    0,    0,    0, THERMO PARAMS, -33, 1088, 897, N, 10, DT, -999, SHR82, -99, 
EP, 16, 2026091912, 03, HFSA, 108, 152N, 1243W,  58,  986, XX,  50, NEQ,   39,    0,   26,   31,  994,   26,  22,   0,   0,    ,   0,    ,  52,  10,           ,  ,  0,    ,    0,    0,    0,    0, THERMO PARAMS, -33, 1088, 897, N, 10, DT, -999, SHR82, -99, 
EP, 16, 2026091912, 03, HFSA, 114, 153N, 1237W,  56,  989, XX,  34, NEQ,  115,  133,   76,   83, 1001,   45,  23,   0,   0,    ,   0,    ,  68,   7,           ,  ,  0,    ,    0,    0,    0,    0, THERMO PARAMS, 45, 1059, 991, N, 10, DT, -999, SHR82, -99, 
EP, 16, 2026091912, 03, HFSA, 114, 153N, 1237W,  56,  989, XX,  50, NEQ,    0,   34,    0,   19, 1001,   45,  23,   0,   0,    ,   0,    ,  68,   7,           ,  ,  0,    ,    0,    0,    0,    0, THERMO PARAMS, 45, 1059, 991, N, 10, DT, -999, SHR82, -99, 
EP, 16, 2026091912, 03, HFSA, 120, 157N, 1232W,  53,  986, XX,  34, NEQ,  125,  126,   76,   84,  998,   47,  23,   0,   0,    ,   0,    ,  60,   7,           ,  ,  0,    ,    0,    0,    0,    0, THERMO PARAMS, 47, 1020, 1087, N, 10, DT, -999, SHR82, -99, 
EP, 16, 2026091912, 03, HFSA, 120, 157N, 1232W,  53,  986, XX,  50, NEQ,    0,   31,    0,    0,  998,   47,  23,   0,   0,    ,   0,    ,  60,   7,           ,  ,  0,    ,    0,    0,    0,    0, THERMO PARAMS, 47, 1020, 1087, N, 10, DT, -999, SHR82, -99, 
EP, 16, 2026091912, 03, HFSA, 126, 161N, 1226W,  56,  985, XX,  34, NEQ,  108,   94,   74,   83, 1001,   49,  22,   0,   0,    ,   0,    , -99, -99,           ,  ,  0,    ,    0,    0,    0,    0, THERMO PARAMS, 66, 745, 1035, N, 10, DT, -999, SHR82, -99, 
EP, 16, 2026091912, 03, HFSA, 126, 161N, 1226W,  56,  985, XX,  50, NEQ,   24,   29,   26,   24, 1001,   49,  22,   0,   0,    ,   0,    , -99, -99,           ,  ,  0,    ,    0,    0,    0,    0, THERMO PARAMS, 66, 745, 1035, N, 10, DT, -999, SHR82, -99, 
EP, 16, 2026091912, 03, TVCN,   0, 114N, 1215W,   0,    0,   ,   0,    ,    0,    0,    0,    0, 
EP, 16, 2026091912, 03, TVCN,  12, 109N, 1235W,   0,    0,   ,   0,    ,    0,    0,    0,    0, 
EP, 16, 2026091912, 03, TVCN,  24, 110N, 1251W,   0,    0,   ,   0,    ,    0,    0,    0,    0, 
EP, 16, 2026091912, 03, TVCN,  36, 121N, 1262W,   0,    0,   ,   0,    ,    0,    0,    0,    0, 
EP, 16, 2026091912, 03, TVCN,  48, 134N, 1272W,   0,    0,   ,   0,    ,    0,    0,    0,    0, 
EP, 16, 2026091912, 03, TVCN,  60, 144N, 1278W,   0,    0,   ,   0,    ,    0,    0,    0,    0, 
EP, 16, 2026091912, 03, TVCN,  72, 149N, 1277W,   0,    0,   ,   0,    ,    0,    0,    0,    0, 
EP, 16, 2026091912, 03, TVCN,  84, 150N, 1270W,   0,    0,   ,   0,    ,    0,    0,    0,    0, 
EP, 16, 2026091912, 03, TVCN,  96, 151N, 1257W,   0,    0,   ,   0,    ,    0,    0,    0,    0, 
EP, 16, 2026091912, 03, TVCN, 108, 155N, 1243W,   0,    0,   ,   0,    ,    0,    0,    0,    0, 
EP, 16, 2026091912, 03, TVCN, 120, 161N, 1230W,   0,    0,   ,   0,    ,    0,    0,    0,    0, 
EP, 16, 2026091912, 03, TVCN, 132, 167N, 1218W,   0,    0,   ,   0,    ,    0,    0,    0,    0, 
EP, 16, 2026091912, 03, TVCN, 144, 172N, 1212W,   0,    0,   ,   0,    ,    0,    0,    0,    0, 
EP, 16, 2026091912, 03, TVCN, 156, 179N, 1208W,   0,    0,   ,   0,    ,    0,    0,    0,    0, 
EP, 16, 2026091912, 03, TVCN, 168, 187N, 1205W,   0,    0,   ,   0,    ,    0,    0,    0,    0, 
EP, 16, 2026091918, 03, AVNO,   0, 105N, 1224W,  21, 1010, XX,  34, NEQ,    0,    0,    0,    0,  -99,  -99, 151,   0,   0, 
EP, 16, 2026091918, 03, AVNO,   6, 101N, 1233W,  39, 1005, XX,  34, NEQ,   77,    0,    0,    0, 1009,  637,  75,   0,   0, 
EP, 16, 2026091918, 03, AVNO,  12, 102N, 1243W,  41, 1005, XX,  34, NEQ,   34,    0,    0,    0, 1009,   47,  30,   0,   0, 
EP, 16, 2026091918, 03, AVNO,  18, 105N, 1253W,  31, 1004, XX,  34, NEQ,    0,    0,    0,    0,  -99,  -99,  74,   0,   0, 
EP, 16, 2026091918, 03, AVNO,  24, 109N, 1254W,  45, 1000, XX,  34, NEQ,   57,   58,   53,   39, 1012,  697,  24,   0,   0, 
EP, 16, 2026091918, 03, AVNO,  30, 114N, 1259W,  43,  999, XX,  34, NEQ,   68,   77,   92,    0, 1003,   26,  42,   0,   0, 
EP, 16, 2026091918, 03, AVNO,  36, 122N, 1260W,  46,  999, XX,  34, NEQ,   64,   81,   32,    0, 1011,  102,  18,   0,   0, 
EP, 16, 2026091918, 03, AVNO,  42, 130N, 1264W,  41,  995, XX,  34, NEQ,   72,   79,   32,   39, 1011, 1176,  20,   0,   0, 
EP, 16, 2026091918, 03, AVNO,  48, 137N, 1265W,  53,  991, XX,  34, NEQ,   72,   81,   87,   41, 1011,  104,  14,   0,   0, 
EP, 16, 2026091918, 03, AVNO,  48, 137N, 1265W,  53,  991, XX,  50, NEQ,   29,   21,    0,    0, 1011,  104,  14,   0,   0, 
EP, 16, 2026091918, 03, AVNO,  54, 142N, 1268W,  58,  983, XX,  34, NEQ,   58,   97,   45,   53, 1007,   77,  18,   0,   0, 
EP, 16, 2026091918, 03, AVNO,  54, 142N, 1268W,  58,  983, XX,  50, NEQ,   29,   32,    0,   24, 1007,   77,  18,   0,   0, 
EP, 16, 2026091918, 03, AVNO,  60, 145N, 1270W,  65,  980, XX,  34, NEQ,   61,   87,   49,   62, 1012,  138,  19,   0,   0, 
EP, 16, 2026091918, 03, AVNO,  60, 145N, 1270W,  65,  980, XX,  50, NEQ,   31,   32,   31,   31, 1012,  138,  19,   0,   0, 
EP, 16, 2026091918, 03, AVNO,  60, 145N, 1270W,  65,  980, XX,  64, NEQ,   20,    0,    0,    0, 1012,  138,  19,   0,   0, 
EP, 16, 2026091918, 03, AVNO,  66, 147N, 1268W,  68,  972, XX,  34, NEQ,   61,   82,   56,   59,  988,   21,  22,   0,   0, 
EP, 16, 2026091918, 03, AVNO,  66, 147N, 1268W,  68,  972, XX,  50, NEQ,   35,   34,   36,   33,  988,   21,  22,   0,   0, 
EP, 16, 2026091918, 03, AVNO,  66, 147N, 1268W,  68,  972, XX,  64, NEQ,   25,   24,   24,   22,  988,   21,  22,   0,   0, 
EP, 16, 2026091918, 03, AVNO,  72, 147N, 1262W,  70,  973, XX,  34, NEQ,   72,   84,   74,   60,  989,   21,  19,   0,   0, 
EP, 16, 2026091918, 03, AVNO,  72, 147N, 1262W,  70,  973, XX,  50, NEQ,   42,   44,   40,   31,  989,   21,  19,   0,   0, 
EP, 16, 2026091918, 03, AVNO,  72, 147N, 1262W,  70,  973, XX,  64, NEQ,   28,   29,   27,   24,  989,   21,  19,   0,   0, 
EP, 16, 2026091918, 03, AVNO,  78, 149N, 1254W,  73,  970, XX,  34, NEQ,   68,   88,   72,   64,  990,   31,  26,   0,   0, 
EP, 16, 2026091918, 03, AVNO,  78, 149N, 1254W,  73,  970, XX,  50, NEQ,   40,   41,   42,   39,  990,   31,  26,   0,   0, 
EP, 16, 2026091918, 03, AVNO,  78, 149N, 1254W,  73,  970, XX,  64, NEQ,    0,   29,   31,    0,  990,   31,  26,   0,   0, 
EP, 16, 2026091918, 03, AVNO,  84, 152N, 1245W,  73,  971, XX,  34, NEQ,   67,   84,   58,   79,  991,   29,  19,   0,   0, 
EP, 16, 2026091918, 03, AVNO,  84, 152N, 1245W,  73,  971, XX,  50, NEQ,   43,   44,   37,   41,  991,   29,  19,   0,   0, 
EP, 16, 2026091918, 03, AVNO,  84, 152N, 1245W,  73,  971, XX,  64, NEQ,   30,   32,   29,   28,  991,   29,  19,   0,   0, 
EP, 16, 2026091918, 03, AVNO,  90, 155N, 1238W,  74,  968, XX,  34, NEQ,   71,  105,   67,   87,  988,   30,  22,   0,   0, 
EP, 16, 2026091918, 03, AVNO,  90, 155N, 1238W,  74,  968, XX,  50, NEQ,   40,   46,   47,   44,  988,   30,  22,   0,   0, 
EP, 16, 2026091918, 03, AVNO,  90, 155N, 1238W,  74,  968, XX,  64, NEQ,   30,   34,   34,   34,  988,   30,  22,   0,   0, 
EP, 16, 2026091918, 03, AVNO,  96, 157N, 1231W,  74,  971, XX,  34, NEQ,   91,   76,   61,   95,  987,   21,  25,   0,   0, 
EP, 16, 2026091918, 03, AVNO,  96, 157N, 1231W,  74,  971, XX,  50, NEQ,   36,   41,   41,   49,  987,   21,  25,   0,   0, 
EP, 16, 2026091918, 03, AVNO,  96, 157N, 1231W,  74,  971, XX,  64, NEQ,   31,   31,   33,   32,  987,   21,  25,   0,   0, 
EP, 16, 2026091918, 03, AVNO, 102, 161N, 1224W,  71,  970, XX,  34, NEQ,  125,   70,   70,   73,  990,   33,  24,   0,   0, 
EP, 16, 2026091918, 03, AVNO, 102, 161N, 1224W,  71,  970, XX,  50, NEQ,   42,   42,   43,   44,  990,   33,  24,   0,   0, 
EP, 16, 2026091918, 03, AVNO, 102, 161N, 1224W,  71,  970, XX,  64, NEQ,   27,   30,   33,   30,  990,   33,  24,   0,   0, 
EP, 16, 2026091918, 03, AVNO, 108, 166N, 1218W,  68,  975, XX,  34, NEQ,   78,   68,   62,   73,  995,   32,  23,   0,   0, 
EP, 16, 2026091918, 03, AVNO, 108, 166N, 1218W,  68,  975, XX,  50, NEQ,   39,   45,   40,   44,  995,   32,  23,   0,   0, 
EP, 16, 2026091918, 03, AVNO, 108, 166N, 1218W,  68,  975, XX,  64, NEQ,   20,    0,   28,    0,  995,   32,  23,   0,   0, 
EP, 16, 2026091918, 03, AVNO, 114, 171N, 1213W,  61,  978, XX,  34, NEQ,   67,   67,   63,   65, 1006,  108,  24,   0,   0, 
EP, 16, 2026091918, 03, AVNO, 114, 171N, 1213W,  61,  978, XX,  50, NEQ,   37,   42,   39,   37, 1006,  108,  24,   0,   0, 
EP, 16, 2026091918, 03, AVNO, 120, 178N, 1211W,  56,  983, XX,  34, NEQ,   64,   65,   62,   65, 1011,  209,  29,   0,   0, 
EP, 16, 2026091918, 03, AVNO, 120, 178N, 1211W,  56,  983, XX,  50, NEQ,   42,   37,   35,   35, 1011,  209,  29,   0,   0, 
EP, 16, 2026091918, 03, AVNO, 126, 182N, 1209W,  52,  984, XX,  34, NEQ,   61,   64,   70,   65, 1008,  219,  27,   0,   0, 
EP, 16, 2026091918, 03, AVNO, 126, 182N, 1209W,  52,  984, XX,  50, NEQ,   26,    0,   36,   31, 1008,  219,  27,   0,   0, 
EP, 16, 2026091918, 03, AVNO, 132, 186N, 1207W,  53,  989, XX,  34, NEQ,   71,   56,   59,   73, 1009,  119,  29,   0,   0, 
EP, 16, 2026091918, 03, AVNO, 132, 186N, 1207W,  53,  989, XX,  50, NEQ,    0,    0,   30,   31, 1009,  119,  29,   0,   0, 
EP, 16, 2026091918, 03, AVNO, 138, 189N, 1206W,  47,  990, XX,  34, NEQ,   55,   54,   59,   64, 1006,   95,  23,   0,   0, 
EP, 16, 2026091918, 03, AVNO, 144, 191N, 1206W,  46,  994, XX,  34, NEQ,   58,   53,   56,   59, 1010,  174,  31,   0,   0, 
EP, 16, 2026091918, 03, AVNO, 150, 193N, 1207W,  40,  994, XX,  34, NEQ,   43,   41,   58,   53, 1006,  105,  33,   0,   0, 
EP, 16, 2026091918, 03, AVNO, 156, 195N, 1209W,  39,  998, XX,  34, NEQ,   49,   49,   49,   51, 1006,   60,  36,   0,   0, 
EP, 16, 2026091918, 03, AVNO, 162, 198N, 1212W,  36,  997, XX,  34, NEQ,   35,    0,   47,    0, 1005,   62,  38,   0,   0, 
EP, 16, 2026091918, 03, AVNO, 168, 200N, 1217W,  33, 1000, XX,  34, NEQ,    0,    0,    0,    0, 1008,   93,  36,   0,   0, 
EP, 16, 2026091918, 03, AVNO, 174, 201N, 1221W,  32,  999, XX,  34, NEQ,    0,    0,    0,    0, 1003,   35,  48,   0,   0, 
EP, 16, 2026091918, 03, AVNO, 180, 200N, 1226W,  30, 1002, XX,  34, NEQ,    0,    0,    0,    0, 1006,   43,  38,   0,   0, 
EP, 16, 2026091918, 03, AVNO, 186, 199N, 1231W,  28, 1002, XX,  34, NEQ,    0,    0,    0,    0, 1006,   54,  40,   0,   0, 
EP, 16, 2026091918, 03, AVNO, 192, 196N, 1236W,  28, 1004, XX,  34, NEQ,    0,    0,    0,    0, 1008,   64,  56,   0,   0, 
EP, 16, 2026091918, 03, AVNO, 198, 191N, 1243W,  28, 1002, XX,  34, NEQ,    0,    0,    0,    0,  -99,  -99,  58,   0,   0, 
EP, 16, 2026091918, 03, AVNO, 204, 187N, 1250W,  28, 1005, XX,  34, NEQ,    0,    0,    0,    0,  -99,  -99,  51,   0,   0, 
EP, 16, 2026091918, 03, AVNO, 210, 184N, 1258W,  27, 1003, XX,  34, NEQ,    0,    0,    0,    0,  -99,  -99,  43,   0,   0, 
EP, 16, 2026091918, 03, AVNO, 216, 179N, 1268W,  27, 1006, XX,  34, NEQ,    0,    0,    0,    0,  -99,  -99,  38,   0,   0, 
EP, 16, 2026091918, 03, AVNO, 222, 171N, 1280W,  26, 1004, XX,  34, NEQ,    0,    0,    0,    0,  -99,  -99,  88,   0,   0, 
EP, 16, 2026091918, 03, AVNO, 228, 166N, 1290W,  25, 1006, XX,  34, NEQ,    0,    0,    0,    0,  -99,  -99,  68,   0,   0, 
EP, 16, 2026091918, 03, AVNO, 234, 159N, 1302W,  24, 1003, XX,  34, NEQ,    0,    0,    0,    0,  -99,  -99, 119,   0,   0, 
EP, 16, 2026091918, 03, AVNO, 240, 151N, 1307W,  25, 1006, XX,  34, NEQ,    0,    0,    0,    0,  -99,  -99,  84,   0,   0, 
EP, 16, 2026091918, 03, HCCA,   0, 112N, 1225W,  25,    0,   ,   0,    ,    0,    0,    0,    0, 
EP, 16, 2026091918, 03, HCCA,  12, 113N, 1239W,  35,    0,   ,   0,    ,    0,    0,    0,    0, 
EP, 16, 2026091918, 03, HCCA,  24, 121N, 1250W,  45,    0,   ,   0,    ,    0,    0,    0,    0, 
EP, 16, 2026091918, 03, HCCA,  36, 134N, 1260W,  56,    0,   ,   0,    ,    0,    0,    0,    0, 
EP, 16, 2026091918, 03, HCCA,  48, 146N, 1268W,  54,    0,   ,   0,    ,    0,    0,    0,    0, 
EP, 16, 2026091918, 03, HCCA,  60, 154N, 1268W,  57,    0,   ,   0,    ,    0,    0,    0,    0, 
EP, 16, 2026091918, 03, HCCA,  72, 156N, 1259W,  58,    0,   ,   0,    ,    0,    0,    0,    0, 
EP, 16, 2026091918, 03, HCCA,  84, 158N, 1245W,  61,    0,   ,   0,    ,    0,    0,    0,    0, 
EP, 16, 2026091918, 03, HCCA,  96, 163N, 1228W,  68,    0,   ,   0,    ,    0,    0,    0,    0, 
EP, 16, 2026091918, 03, HCCA, 108, 172N, 1211W,  67,    0,   ,   0,    ,    0,    0,    0,    0, 
EP, 16, 2026091918, 03, HCCA, 120, 181N, 1196W,  62,    0,   ,   0,    ,    0,    0,    0,    0, 
EP, 16, 2026091918, 03, HCCA, 132, 190N, 1185W,  68,    0,   ,   0,    ,    0,    0,    0,    0, 
EP, 16, 2026091918, 03, HCCA, 144, 198N, 1179W,  67,    0,   ,   0,    ,    0,    0,    0,    0, 
EP, 16, 2026091918, 03, HCCA, 156, 205N, 1178W,  59,    0,   ,   0,    ,    0,    0,    0,    0, 
EP, 16, 2026091918, 03, HCCA, 168, 212N, 1181W,  51,    0,   ,   0,    ,    0,    0,    0,    0, 
EP, 16, 2026091918, 03, HFSA,   0, 112N, 1224W,  27, 1009, XX,  34, NEQ,    0,    0,    0,    0,  -99,  -99, 136,   0,   0,    ,   0,    , 263,  10,           ,  ,  0,    ,    0,    0,    0,    0, THERMO PARAMS, 77, -5, 112, N, 10, DT, -999, SHR82, -99, 
EP, 16, 2026091918, 03, HFSA,   6, 109N, 1243W,  50,  997, XX,  34, NEQ,   97,  108,    0,    0, 1001,    7, 108,   0,   0,    ,   0,    , 260,  15,           ,  ,  0,    ,    0,    0,    0,    0, THERMO PARAMS, 70, 145, 207, N, 10, DT, -999, SHR82, -99, 
EP, 16, 2026091918, 03, HFSA,  12, 107N, 1250W,  37, 1007, XX,  34, NEQ,    0,    0,    0,    0,  -99,  -99, 151,   0,   0,    ,   0,    , 247,   6,           ,  ,  0,    ,    0,    0,    0,    0, THERMO PARAMS, 57, -60, 197, N, 10, DT, -999, SHR82, -99, 
EP, 16, 2026091918, 03, HFSA,  18, 108N, 1258W,  44, 1002, XX,  34, NEQ,   31,    0,    0,    0,  -99,  -99,  24,   0,   0,    ,   0,    , 296,   8,           ,  ,  0,    ,    0,    0,    0,    0, THERMO PARAMS, 61, -50, 362, N, 10, DT, -999, SHR82, -99, 
EP, 16, 2026091918, 03, HFSA,  24, 112N, 1264W,  36, 1006, XX,  34, NEQ,    0,   45,    0,    0, 1010,   55,  35,   0,   0,    ,   0,    , 319,   8,           ,  ,  0,    ,    0,    0,    0,    0, THERMO PARAMS, 36, -121, 257, N, 10, DT, -999, SHR82, -99, 
EP, 16, 2026091918, 03, HFSA,  30, 122N, 1269W,  37, 1003, XX,  34, NEQ,    0,    0,    0,    0,  -99,  -99, 107,   0,   0,    ,   0,    , 323,  11,           ,  ,  0,    ,    0,    0,    0,    0, THERMO PARAMS, -2, 18, 190, N, 10, DT, -999, SHR82, -99, 
EP, 16, 2026091918, 03, HFSA,  36, 127N, 1280W,  43, 1001, XX,  34, NEQ,   34,    0,    0,    0, 1005,    6,  30,   0,   0,    ,   0,    , 304,  10,           ,  ,  0,    ,    0,    0,    0,    0, THERMO PARAMS, 22, 213, 135, N, 10, DT, -999, SHR82, -99, 
EP, 16, 2026091918, 03, HFSA,  42, 137N, 1286W,  38, 1001, XX,  34, NEQ,    0,    0,    0,    0,  -99,  -99,  88,   0,   0,    ,   0,    , 329,  10,           ,  ,  0,    ,    0,    0,    0,    0, THERMO PARAMS, -22, 512, 378, N, 10, DT, -999, SHR82, -99, 
EP, 16, 2026091918, 03, HFSA,  48, 142N, 1294W,  36, 1004, XX,  34, NEQ,    0,    0,    0,    0, 1008,   51, 130,   0,   0,    ,   0,    , 309,  10,           ,  ,  0,    ,    0,    0,    0,    0, THERMO PARAMS, 3, -68, 163, N, 10, DT, -999, SHR82, -99, 
EP, 16, 2026091918, 03, HFSA,  54, 141N, 1302W,  40,  998, XX,  34, NEQ,    0,   23,    0,    0,  -99,  -99,  21,   0,   0,    ,   0,    , 287,   4,           ,  ,  0,    ,    0,    0,    0,    0, THERMO PARAMS, 54, 413, 305, N, 10, DT, -999, SHR82, -99, 
EP, 16, 2026091918, 03, HFSA,  60, 142N, 1303W,  38, 1002, XX,  34, NEQ,   36,   44,    0,    0,  -99,  -99,  34,   0,   0,    ,   0,    ,  13,   2,           ,  ,  0,    ,    0,    0,    0,    0, THERMO PARAMS, 67, 544, 310, N, 10, DT, -999, SHR82, -99, 
EP, 16, 2026091918, 03, HFSA,  66, 145N, 1301W,  50,  993, XX,  34, NEQ,   63,   74,   71,    0, 1005,   64,  65,   0,   0,    ,   0,    ,  31,   6,           ,  ,  0,    ,    0,    0,    0,    0, THERMO PARAMS, -61, 845, 454, N, 10, DT, -999, SHR82, -99, 
EP, 16, 2026091918, 03, HFSA,  72, 146N, 1297W,  50,  995, XX,  34, NEQ,   58,   89,   26,   40,  999,   15,  25,   0,   0,    ,   0,    ,  65,   6,           ,  ,  0,    ,    0,    0,    0,    0, THERMO PARAMS, -12, 714, 592, N, 10, DT, -999, SHR82, -99, 
EP, 16, 2026091918, 03, HFSA,  78, 146N, 1292W,  51,  988, XX,  34, NEQ,   74,  121,   57,   62, 1000,   38,  17,   0,   0,    ,   0,    ,  81,   7,           ,  ,  0,    ,    0,    0,    0,    0, THERMO PARAMS, 13, 565, 521, N, 10, DT, -999, SHR82, -99, 
EP, 16, 2026091918, 03, HFSA,  78, 146N, 1292W,  51,  988, XX,  50, NEQ,   18,   19,    0,    0, 1000,   38,  17,   0,   0,    ,   0,    ,  81,   7,           ,  ,  0,    ,    0,    0,    0,    0, THERMO PARAMS, 13, 565, 521, N, 10, DT, -999, SHR82, -99, 
EP, 16, 2026091918, 03, HFSA,  84, 148N, 1285W,  56,  988, XX,  34, NEQ,   74,  108,   73,   55,  992,   11,  27,   0,   0,    ,   0,    ,  71,   7,           ,  ,  0,    ,    0,    0,    0,    0, THERMO PARAMS, -14, 1218, 983, N, 10, DT, -999, SHR82, -99, 
EP, 16, 2026091918, 03, HFSA,  84, 148N, 1285W,  56,  988, XX,  50, NEQ,   40,    0,    0,   23,  992,   11,  27,   0,   0,    ,   0,    ,  71,   7,           ,  ,  0,    ,    0,    0,    0,    0, THERMO PARAMS, -14, 1218, 983, N, 10, DT, -999, SHR82, -99, 
EP, 16, 2026091918, 03, HFSA,  90, 149N, 1279W,  58,  985, XX,  34, NEQ,   94,  126,   99,   79,  997,   38,  37,   0,   0,    ,   0,    ,  76,   8,           ,  ,  0,    ,    0,    0,    0,    0, THERMO PARAMS, 20, 1196, 779, N, 10, DT, -999, SHR82, -99, 
EP, 16, 2026091918, 03, HFSA,  90, 149N, 1279W,  58,  985, XX,  50, NEQ,   21,   44,   34,    0,  997,   38,  37,   0,   0,    ,   0,    ,  76,   8,           ,  ,  0,    ,    0,    0,    0,    0, THERMO PARAMS, 20, 1196, 779, N, 10, DT, -999, SHR82, -99, 
EP, 16, 2026091918, 03, HFSA,  96, 152N, 1272W,  63,  984, XX,  34, NEQ,  110,  134,  100,   81,  996,   30,  24,   0,   0,    ,   0,    ,  57,   7,           ,  ,  0,    ,    0,    0,    0,    0, THERMO PARAMS, -4, 1269, 1164, N, 10, DT, -999, SHR82, -99, 
EP, 16, 2026091918, 03, HFSA,  96, 152N, 1272W,  63,  984, XX,  50, NEQ,   50,   50,   39,   31,  996,   30,  24,   0,   0,    ,   0,    ,  57,   7,           ,  ,  0,    ,    0,    0,    0,    0, THERMO PARAMS, -4, 1269, 1164, N, 10, DT, -999, SHR82, -99, 
EP, 16, 2026091918, 03, HFSA, 102, 154N, 1269W,  65,  980, XX,  34, NEQ,  113,   94,   83,   96, 1004,   83,  26,   0,   0,    ,   0,    ,  65,   6,           ,  ,  0,    ,    0,    0,    0,    0, THERMO PARAMS, 22, 1214, 1312, N, 10, DT, -999, SHR82, -99, 
EP, 16, 2026091918, 03, HFSA, 102, 154N, 1269W,  65,  980, XX,  50, NEQ,   34,   42,   40,   24, 1004,   83,  26,   0,   0,    ,   0,    ,  65,   6,           ,  ,  0,    ,    0,    0,    0,    0, THERMO PARAMS, 22, 1214, 1312, N, 10, DT, -999, SHR82, -99, 
EP, 16, 2026091918, 03, HFSA, 102, 154N, 1269W,  65,  980, XX,  64, NEQ,    0,   28,    0,    0, 1004,   83,  26,   0,   0,    ,   0,    ,  65,   6,           ,  ,  0,    ,    0,    0,    0,    0, THERMO PARAMS, 22, 1214, 1312, N, 10, DT, -999, SHR82, -99, 
EP, 16, 2026091918, 03, HFSA, 108, 157N, 1264W,  69,  982, XX,  34, NEQ,  102,  104,   65,   84, 1002,   52,  21,   0,   0,    ,   0,    ,  52,   5,           ,  ,  0,    ,    0,    0,    0,    0, THERMO PARAMS, 11, 1290, 1437, N, 10, DT, -999, SHR82, -99, 
EP, 16, 2026091918, 03, HFSA, 108, 157N, 1264W,  69,  982, XX,  50, NEQ,   49,   49,   36,   37, 1002,   52,  21,   0,   0,    ,   0,    ,  52,   5,           ,  ,  0,    ,    0,    0,    0,    0, THERMO PARAMS, 11, 1290, 1437, N, 10, DT, -999, SHR82, -99, 
EP, 16, 2026091918, 03, HFSA, 108, 157N, 1264W,  69,  982, XX,  64, NEQ,   28,   26,    0,    0, 1002,   52,  21,   0,   0,    ,   0,    ,  52,   5,           ,  ,  0,    ,    0,    0,    0,    0, THERMO PARAMS, 11, 1290, 1437, N, 10, DT, -999, SHR82, -99, 
EP, 16, 2026091918, 03, HFSA, 114, 159N, 1260W,  72,  980, XX,  34, NEQ,  107,  105,   79,   92, 1004,   85,  22,   0,   0,    ,   0,    ,  55,   6,           ,  ,  0,    ,    0,    0,    0,    0, THERMO PARAMS, 29, 1267, 1403, N, 10, DT, -999, SHR82, -99, 
EP, 16, 2026091918, 03, HFSA, 114, 159N, 1260W,  72,  980, XX,  50, NEQ,   40,   42,   37,   34, 1004,   85,  22,   0,   0,    ,   0,    ,  55,   6,           ,  ,  0,    ,    0,    0,    0,    0, THERMO PARAMS, 29, 1267, 1403, N, 10, DT, -999, SHR82, -99, 
EP, 16, 2026091918, 03, HFSA, 114, 159N, 1260W,  72,  980, XX,  64, NEQ,   26,    0,   23,   26, 1004,   85,  22,   0,   0,    ,   0,    ,  55,   6,           ,  ,  0,    ,    0,    0,    0,    0, THERMO PARAMS, 29, 1267, 1403, N, 10, DT, -999, SHR82, -99, 
EP, 16, 2026091918, 03, HFSA, 120, 162N, 1257W,  65,  983, XX,  34, NEQ,  112,   96,   63,   97, 1003,   58,  19,   0,   0,    ,   0,    ,  41,   5,           ,  ,  0,    ,    0,    0,    0,    0, THERMO PARAMS, 24, 1134, 1532, N, 10, DT, -999, SHR82, -99, 
EP, 16, 2026091918, 03, HFSA, 120, 162N, 1257W,  65,  983, XX,  50, NEQ,   40,   37,   32,   32, 1003,   58,  19,   0,   0,    ,   0,    ,  41,   5,           ,  ,  0,    ,    0,    0,    0,    0, THERMO PARAMS, 24, 1134, 1532, N, 10, DT, -999, SHR82, -99, 
EP, 16, 2026091918, 03, HFSA, 120, 162N, 1257W,  65,  983, XX,  64, NEQ,    0,   19,    0,    0, 1003,   58,  19,   0,   0,    ,   0,    ,  41,   5,           ,  ,  0,    ,    0,    0,    0,    0, THERMO PARAMS, 24, 1134, 1532, N, 10, DT, -999, SHR82, -99, 
EP, 16, 2026091918, 03, HFSA, 126, 166N, 1253W,  66,  980, XX,  34, NEQ,   87,   84,   68,   81, 1000,   57,  16,   0,   0,    ,   0,    , -99, -99,           ,  ,  0,    ,    0,    0,    0,    0, THERMO PARAMS, 45, 1288, 1538, N, 10, DT, -999, SHR82, -99, 
EP, 16, 2026091918, 03, HFSA, 126, 166N, 1253W,  66,  980, XX,  50, NEQ,   39,   39,   36,   36, 1000,   57,  16,   0,   0,    ,   0,    , -99, -99,           ,  ,  0,    ,    0,    0,    0,    0, THERMO PARAMS, 45, 1288, 1538, N, 10, DT, -999, SHR82, -99, 
EP, 16, 2026091918, 03, HFSA, 126, 166N, 1253W,  66,  980, XX,  64, NEQ,    0,    0,    0,   18, 1000,   57,  16,   0,   0,    ,   0,    , -99, -99,           ,  ,  0,    ,    0,    0,    0,    0, THERMO PARAMS, 45, 1288, 1538, N, 10, DT, -999, SHR82, -99, 
EP, 16, 2026091918, 03, TVCN,   0, 112N, 1225W,   0,    0,   ,   0,    ,    0,    0,    0,    0, 
EP, 16, 2026091918, 03, TVCN,  12, 112N, 1239W,   0,    0,   ,   0,    ,    0,    0,    0,    0, 
EP, 16, 2026091918, 03, TVCN,  24, 119N, 1250W,   0,    0,   ,   0,    ,    0,    0,    0,    0, 
EP, 16, 2026091918, 03, TVCN,  36, 133N, 1259W,   0,    0,   ,   0,    ,    0,    0,    0,    0, 
EP, 16, 2026091918, 03, TVCN,  48, 145N, 1267W,   0,    0,   ,   0,    ,    0,    0,    0,    0, 
EP, 16, 2026091918, 03, TVCN,  60, 151N, 1268W,   0,    0,   ,   0,    ,    0,    0,    0,    0, 
EP, 16, 2026091918, 03, TVCN,  72, 153N, 1261W,   0,    0,   ,   0,    ,    0,    0,    0,    0, 
EP, 16, 2026091918, 03, TVCN,  84, 155N, 1248W,   0,    0,   ,   0,    ,    0,    0,    0,    0, 
EP, 16, 2026091918, 03, TVCN,  96, 160N, 1233W,   0,    0,   ,   0,    ,    0,    0,    0,    0, 
EP, 16, 2026091918, 03, TVCN, 108, 167N, 1219W,   0,    0,   ,   0,    ,    0,    0,    0,    0, 
EP, 16, 2026091918, 03, TVCN, 120, 176N, 1209W,   0,    0,   ,   0,    ,    0,    0,    0,    0, 
EP, 16, 2026091918, 03, TVCN, 132, 186N, 1200W,   0,    0,   ,   0,    ,    0,    0,    0,    0, 
EP, 16, 2026091918, 03, TVCN, 144, 194N, 1190W,   0,    0,   ,   0,    ,    0,    0,    0,    0, 
EP, 16, 2026091918, 03, TVCN, 156, 201N, 1189W,   0,    0,   ,   0,    ,    0,    0,    0,    0, 
EP, 16, 2026091918, 03, TVCN, 168, 207N, 1191W,   0,    0,   ,   0,    ,    0,    0,    0,    0, 
EP, 16, 2026092000, 03,  UKX,   0, 107N, 1238W,  24, 1007, XX,  34, NEQ,    0,    0,    0,    0, 
EP, 16, 2026092000, 03,  UKX,   6, 107N, 1247W,  25, 1008, XX,  34, NEQ,    0,    0,    0,    0, 
EP, 16, 2026092000, 03,  UKX,  12, 109N, 1255W,  28, 1007, XX,  34, NEQ,    0,    0,    0,    0, 
EP, 16, 2026092000, 03,  UKX,  18, 114N, 1261W,  33, 1007, XX,  34, NEQ,    0,    0,    0,    0, 
EP, 16, 2026092000, 03,  UKX,  24, 123N, 1271W,  33, 1005, XX,  34, NEQ,    0,    0,    0,    0, 
EP, 16, 2026092000, 03,  UKX,  30, 130N, 1282W,  31, 1007, XX,  34, NEQ,    0,    0,    0,    0, 
EP, 16, 2026092000, 03,  UKX,  36, 138N, 1292W,  33, 1005, XX,  34, NEQ,    0,    0,    0,    0, 
EP, 16, 2026092000, 03,  UKX,  42, 142N, 1302W,  30, 1006, XX,  34, NEQ,    0,    0,    0,    0, 
EP, 16, 2026092000, 03,  UKX,  48, 146N, 1308W,  31, 1003, XX,  34, NEQ,    0,    0,    0,    0, 
EP, 16, 2026092000, 03,  UKX,  54, 150N, 1313W,  33, 1005, XX,  34, NEQ,    0,    0,    0,    0, 
EP, 16, 2026092000, 03,  UKX,  60, 153N, 1314W,  33, 1002, XX,  34, NEQ,    0,    0,    0,    0, 
EP, 16, 2026092000, 03,  UKX,  66, 154N, 1316W,  36, 1003, XX,  34, NEQ,    0,   75,    0,    0, 
EP, 16, 2026092000, 03,  UKX,  72, 154N, 1315W,  35, 1000, XX,  34, NEQ,    0,   61,    0,    0, 
EP, 16, 2026092000, 03,  UKX,  78, 151N, 1312W,  37, 1002, XX,  34, NEQ,   54,   69,    0,    0, 
EP, 16, 2026092000, 03,  UKX,  84, 150N, 1307W,  40,  998, XX,  34, NEQ,   59,   79,    0,   75, 
EP, 16, 2026092000, 03,  UKX,  90, 146N, 1304W,  37, 1001, XX,  34, NEQ,   71,   72,   78,   82, 
EP, 16, 2026092000, 03,  UKX,  96, 146N, 1297W,  43,  996, XX,  34, NEQ,   73,   89,   87,    0, 
EP, 16, 2026092000, 03,  UKX, 102, 146N, 1292W,  43,  997, XX,  34, NEQ,   74,   90,   87,   69, 
EP, 16, 2026092000, 03,  UKX, 108, 146N, 1289W,  41,  994, XX,  34, NEQ,   75,   98,   87,   59, 
EP, 16, 2026092000, 03,  UKX, 114, 147N, 1284W,  43,  996, XX,  34, NEQ,   83,  108,   75,   94, 
EP, 16, 2026092000, 03,  UKX, 120, 149N, 1278W,  45,  993, XX,  34, NEQ,   77,  106,   86,  107, 
EP, 16, 2026092000, 03,  UKX, 126, 152N, 1272W,  45,  995, XX,  34, NEQ,   98,  123,   88,   95, 
EP, 16, 2026092000, 03,  UKX, 132, 156N, 1266W,  46,  992, XX,  34, NEQ,   86,  124,  111,   79, 
EP, 16, 2026092000, 03,  UKX, 138, 160N, 1260W,  47,  994, XX,  34, NEQ,   87,  118,   64,   76, 
EP, 16, 2026092000, 03,  UKX, 144, 166N, 1255W,  50,  991, XX,  34, NEQ,  100,  100,   69,   88, 
EP, 16, 2026092000, 03, AVNO,   0, 103N, 1235W,  32, 1006, XX,  34, NEQ,    0,    0,    0,    0,  -99,  -99,  91,   0,   0, 
EP, 16, 2026092000, 03, AVNO,   6, 103N, 1247W,  34, 1007, XX,  34, NEQ,    0,    0,    0,    0,  -99,  -99,  82,   0,   0, 
EP, 16, 2026092000, 03, AVNO,  12, 104N, 1253W,  40, 1003, XX,  34, NEQ,   46,   34,    0,    0, 1011,  942,  37,   0,   0, 
EP, 16, 2026092000, 03, AVNO,  18, 110N, 1255W,  49, 1002, XX,  34, NEQ,   49,   55,    0,   39, 1010,   43,  24,   0,   0, 
EP, 16, 2026092000, 03, AVNO,  24, 117N, 1260W,  41, 1000, XX,  34, NEQ,   56,   63,    0,    0, 1004,   24,  33,   0,   0, 
EP, 16, 2026092000, 03, AVNO,  30, 125N, 1264W,  39, 1000, XX,  34, NEQ,   55,   78,    0,   44, 1012,  921,  46,   0,   0, 
EP, 16, 2026092000, 03, AVNO,  36, 132N, 1268W,  46,  994, XX,  34, NEQ,   60,   67,    0,   26, 1010,  868,  24,   0,   0, 
EP, 16, 2026092000, 03, AVNO,  42, 137N, 1271W,  57,  992, XX,  34, NEQ,   63,   74,   21,   35, 1012,  147,  16,   0,   0, 
EP, 16, 2026092000, 03, AVNO,  42, 137N, 1271W,  57,  992, XX,  50, NEQ,   25,    0,    0,   20, 1012,  147,  16,   0,   0, 
EP, 16, 2026092000, 03, AVNO,  48, 144N, 1274W,  57,  984, XX,  34, NEQ,   55,   66,   35,   45, 1008,  105,  26,   0,   0, 
EP, 16, 2026092000, 03, AVNO,  48, 144N, 1274W,  57,  984, XX,  50, NEQ,   30,   29,   23,    0, 1008,  105,  26,   0,   0, 
EP, 16, 2026092000, 03, AVNO,  54, 147N, 1275W,  66,  984, XX,  34, NEQ,   59,   72,   42,   56, 1012,  131,  18,   0,   0, 
EP, 16, 2026092000, 03, AVNO,  54, 147N, 1275W,  66,  984, XX,  50, NEQ,   32,   29,    0,   26, 1012,  131,  18,   0,   0, 
EP, 16, 2026092000, 03, AVNO,  54, 147N, 1275W,  66,  984, XX,  64, NEQ,   19,    0,    0,    0, 1012,  131,  18,   0,   0, 
EP, 16, 2026092000, 03, AVNO,  60, 149N, 1274W,  62,  977, XX,  34, NEQ,   62,   71,   64,   67, 1009,  121,  21,   0,   0, 
EP, 16, 2026092000, 03, AVNO,  60, 149N, 1274W,  62,  977, XX,  50, NEQ,   33,   34,   35,   36, 1009,  121,  21,   0,   0, 
EP, 16, 2026092000, 03, AVNO,  66, 148N, 1270W,  70,  974, XX,  34, NEQ,   57,   77,   64,   66,  994,   29,  23,   0,   0, 
EP, 16, 2026092000, 03, AVNO,  66, 148N, 1270W,  70,  974, XX,  50, NEQ,   33,   39,   38,   40,  994,   29,  23,   0,   0, 
EP, 16, 2026092000, 03, AVNO,  66, 148N, 1270W,  70,  974, XX,  64, NEQ,   21,   23,   27,    0,  994,   29,  23,   0,   0, 
EP, 16, 2026092000, 03, AVNO,  72, 149N, 1263W,  73,  969, XX,  34, NEQ,   54,   76,   70,   71,  993,   33,  24,   0,   0, 
EP, 16, 2026092000, 03, AVNO,  72, 149N, 1263W,  73,  969, XX,  50, NEQ,   33,   40,   40,   42,  993,   33,  24,   0,   0, 
EP, 16, 2026092000, 03, AVNO,  72, 149N, 1263W,  73,  969, XX,  64, NEQ,   25,   29,   27,   27,  993,   33,  24,   0,   0, 
EP, 16, 2026092000, 03, AVNO,  78, 149N, 1254W,  72,  970, XX,  34, NEQ,   64,   79,   71,   78,  990,   29,  26,   0,   0, 
EP, 16, 2026092000, 03, AVNO,  78, 149N, 1254W,  72,  970, XX,  50, NEQ,   41,   42,   43,   38,  990,   29,  26,   0,   0, 
EP, 16, 2026092000, 03, AVNO,  78, 149N, 1254W,  72,  970, XX,  64, NEQ,   23,   29,   31,   29,  990,   29,  26,   0,   0, 
EP, 16, 2026092000, 03, AVNO,  84, 152N, 1247W,  75,  967, XX,  34, NEQ,   82,   88,   72,   83,  995,   36,  24,   0,   0, 
EP, 16, 2026092000, 03, AVNO,  84, 152N, 1247W,  75,  967, XX,  50, NEQ,   49,   41,   42,   46,  995,   36,  24,   0,   0, 
EP, 16, 2026092000, 03, AVNO,  84, 152N, 1247W,  75,  967, XX,  64, NEQ,   35,   31,   33,   31,  995,   36,  24,   0,   0, 
EP, 16, 2026092000, 03, AVNO,  90, 154N, 1239W,  80,  968, XX,  34, NEQ,   71,   84,   69,   86,  992,   37,  24,   0,   0, 
EP, 16, 2026092000, 03, AVNO,  90, 154N, 1239W,  80,  968, XX,  50, NEQ,   42,   46,   45,   46,  992,   37,  24,   0,   0, 
EP, 16, 2026092000, 03, AVNO,  90, 154N, 1239W,  80,  968, XX,  64, NEQ,   30,   35,   35,   35,  992,   37,  24,   0,   0, 
EP, 16, 2026092000, 03, AVNO,  96, 158N, 1231W,  80,  966, XX,  34, NEQ,   82,   70,   81,   84,  986,   33,  27,   0,   0, 
EP, 16, 2026092000, 03, AVNO,  96, 158N, 1231W,  80,  966, XX,  50, NEQ,   43,   43,   44,   43,  986,   33,  27,   0,   0, 
EP, 16, 2026092000, 03, AVNO,  96, 158N, 1231W,  80,  966, XX,  64, NEQ,    0,   33,   36,   31,  986,   33,  27,   0,   0, 
EP, 16, 2026092000, 03, AVNO, 102, 162N, 1226W,  73,  973, XX,  34, NEQ,   82,   75,   63,   80, 1009,  144,  28,   0,   0, 
EP, 16, 2026092000, 03, AVNO, 102, 162N, 1226W,  73,  973, XX,  50, NEQ,   45,   45,   37,   42, 1009,  144,  28,   0,   0, 
EP, 16, 2026092000, 03, AVNO, 102, 162N, 1226W,  73,  973, XX,  64, NEQ,   28,   32,   31,   27, 1009,  144,  28,   0,   0, 
EP, 16, 2026092000, 03, AVNO, 108, 167N, 1222W,  63,  977, XX,  34, NEQ,   74,   74,   72,   66, 1009,  221,  25,   0,   0, 
EP, 16, 2026092000, 03, AVNO, 108, 167N, 1222W,  63,  977, XX,  50, NEQ,   41,   42,   41,   35, 1009,  221,  25,   0,   0, 
EP, 16, 2026092000, 03, AVNO, 114, 173N, 1220W,  58,  982, XX,  34, NEQ,   75,   76,   61,   76, 1010,  145,  28,   0,   0, 
EP, 16, 2026092000, 03, AVNO, 114, 173N, 1220W,  58,  982, XX,  50, NEQ,   41,   36,   38,   37, 1010,  145,  28,   0,   0, 
EP, 16, 2026092000, 03, AVNO, 120, 177N, 1218W,  57,  983, XX,  34, NEQ,   69,   64,   72,   68, 1007,  119,  21,   0,   0, 
EP, 16, 2026092000, 03, AVNO, 120, 177N, 1218W,  57,  983, XX,  50, NEQ,   33,   31,   43,   36, 1007,  119,  21,   0,   0, 
EP, 16, 2026092000, 03, AVNO, 126, 182N, 1216W,  60,  986, XX,  34, NEQ,   80,   54,   69,   74, 1010,  157,  27,   0,   0, 
EP, 16, 2026092000, 03, AVNO, 126, 182N, 1216W,  60,  986, XX,  50, NEQ,   38,   33,   40,   38, 1010,  157,  27,   0,   0, 
EP, 16, 2026092000, 03, AVNO, 132, 187N, 1214W,  55,  985, XX,  34, NEQ,   66,   62,   67,   70, 1005,   85,  28,   0,   0, 
EP, 16, 2026092000, 03, AVNO, 132, 187N, 1214W,  55,  985, XX,  50, NEQ,   35,    0,   31,   37, 1005,   85,  28,   0,   0, 
EP, 16, 2026092000, 03, AVNO, 138, 189N, 1215W,  51,  990, XX,  34, NEQ,   67,   56,   65,   71, 1010,  142,  29,   0,   0, 
EP, 16, 2026092000, 03, AVNO, 138, 189N, 1215W,  51,  990, XX,  50, NEQ,    0,    0,   30,   30, 1010,  142,  29,   0,   0, 
EP, 16, 2026092000, 03, AVNO, 144, 190N, 1217W,  47,  990, XX,  34, NEQ,   59,   51,   65,   71, 1006,  109,  30,   0,   0, 
EP, 16, 2026092000, 03, AVNO, 150, 192N, 1220W,  45,  994, XX,  34, NEQ,   59,   41,   51,   61, 1006,   63,  31,   0,   0, 
EP, 16, 2026092000, 03, AVNO, 156, 194N, 1224W,  39,  995, XX,  34, NEQ,   47,   49,   54,   54, 1007,  112,  30,   0,   0, 
EP, 16, 2026092000, 03, AVNO, 162, 196N, 1228W,  37,  998, XX,  34, NEQ,    0,    0,   52,   58, 1006,   65,  46,   0,   0, 
EP, 16, 2026092000, 03, AVNO, 168, 197N, 1234W,  36,  997, XX,  34, NEQ,    0,    0,   40,    0, 1005,   90,  36,   0,   0, 
EP, 16, 2026092000, 03, AVNO, 174, 200N, 1242W,  38, 1000, XX,  34, NEQ,   48,    0,   36,   55, 1008,   88,  47,   0,   0, 
EP, 16, 2026092000, 03, AVNO, 180, 202N, 1246W,  32,  998, XX,  34, NEQ,    0,    0,    0,    0, 1006,   95,  38,   0,   0, 
EP, 16, 2026092000, 03, AVNO, 186, 204N, 1253W,  29, 1002, XX,  34, NEQ,    0,    0,    0,    0, 1010,  168,  39,   0,   0, 
EP, 16, 2026092000, 03, AVNO, 192, 206N, 1259W,  28, 1000, XX,  34, NEQ,    0,    0,    0,    0, 1004,   45,  44,   0,   0, 
EP, 16, 2026092000, 03, AVNO, 198, 207N, 1265W,  29, 1004, XX,  34, NEQ,    0,    0,    0,    0, 1008,   63,  48,   0,   0, 
EP, 16, 2026092000, 03, AVNO, 204, 210N, 1270W,  27, 1003, XX,  34, NEQ,    0,    0,    0,    0,  -99,  -99,  45,   0,   0, 
EP, 16, 2026092000, 03, AVNO, 210, 207N, 1275W,  25, 1005, XX,  34, NEQ,    0,    0,    0,    0,  -99,  -99,  66,   0,   0, 
EP, 16, 2026092000, 03, AVNO, 216, 202N, 1280W,  27, 1003, XX,  34, NEQ,    0,    0,    0,    0,  -99,  -99,  68,   0,   0, 
EP, 16, 2026092000, 03, AVNO, 222, 198N, 1286W,  25, 1005, XX,  34, NEQ,    0,    0,    0,    0,  -99,  -99,  91,   0,   0, 
EP, 16, 2026092000, 03, AVNO, 228, 191N, 1289W,  24, 1003, XX,  34, NEQ,    0,    0,    0,    0,  -99,  -99,  65,   0,   0, 
EP, 16, 2026092000, 03, AVNO, 234, 186N, 1294W,  25, 1005, XX,  34, NEQ,    0,    0,    0,    0,  -99,  -99,  45,   0,   0, 
EP, 16, 2026092000, 03, AVNO, 240, 180N, 1303W,  25, 1003, XX,  34, NEQ,    0,    0,    0,    0,  -99,  -99,  36,   0,   0, 
EP, 16, 2026092000, 03, HCCA,   0, 113N, 1235W,  25,    0,   ,   0,    ,    0,    0,    0,    0, 
EP, 16, 2026092000, 03, HCCA,  12, 115N, 1252W,  34,    0,   ,   0,    ,    0,    0,    0,    0, 
EP, 16, 2026092000, 03, HCCA,  24, 126N, 1267W,  45,    0,   ,   0,    ,    0,    0,    0,    0, 
EP, 16, 2026092000, 03, HCCA,  36, 139N, 1280W,  57,    0,   ,   0,    ,    0,    0,    0,    0, 
EP, 16, 2026092000, 03, HCCA,  48, 147N, 1289W,  65,    0,   ,   0,    ,    0,    0,    0,    0, 
EP, 16, 2026092000, 03, HCCA,  60, 152N, 1289W,  67,    0,   ,   0,    ,    0,    0,    0,    0, 
EP, 16, 2026092000, 03, HCCA,  72, 152N, 1280W,  65,    0,   ,   0,    ,    0,    0,    0,    0, 
EP, 16, 2026092000, 03, HCCA,  84, 152N, 1269W,  67,    0,   ,   0,    ,    0,    0,    0,    0, 
EP, 16, 2026092000, 03, HCCA,  96, 156N, 1257W,  71,    0,   ,   0,    ,    0,    0,    0,    0, 
EP, 16, 2026092000, 03, HCCA, 108, 163N, 1245W,  77,    0,   ,   0,    ,    0,    0,    0,    0, 
EP, 16, 2026092000, 03, HCCA, 120, 172N, 1232W,  81,    0,   ,   0,    ,    0,    0,    0,    0, 
EP, 16, 2026092000, 03, HCCA, 132, 181N, 1223W,  80,    0,   ,   0,    ,    0,    0,    0,    0, 
EP, 16, 2026092000, 03, HCCA, 144, 187N, 1216W,  75,    0,   ,   0,    ,    0,    0,    0,    0, 
EP, 16, 2026092000, 03, HCCA, 156, 191N, 1214W,  67,    0,   ,   0,    ,    0,    0,    0,    0, 
EP, 16, 2026092000, 03, HCCA, 168, 194N, 1213W,  62,    0,   ,   0,    ,    0,    0,    0,    0, 
EP, 16, 2026092000, 03, HFSA,   0, 112N, 1236W,  25, 1007, XX,  34, NEQ,    0,    0,    0,    0,  -99,  -99, 101,   0,   0,    ,   0,    , 266,   8,           ,  ,  0,    ,    0,    0,    0,    0, THERMO PARAMS, 106, -182, -55, N, 10, DT, -999, SHR82, -99, 
EP, 16, 2026092000, 03, HFSA,   6, 108N, 1249W,  47, 1002, XX,  34, NEQ,   86,    0,    0,    0, 1006,    7,  47,   0,   0,    ,   0,    , 262,   2,           ,  ,  0,    ,    0,    0,    0,    0, THERMO PARAMS, -39, -112, 383, N, 10, DT, -999, SHR82, -99, 
EP, 16, 2026092000, 03, HFSA,  12, 108N, 1260W,  33, 1000, XX,  34, NEQ,    0,    0,    0,    0, 1004,    8,  33,   0,   0,    ,   0,    , 285,   6,           ,  ,  0,    ,    0,    0,    0,    0, THERMO PARAMS, 86, 182, 2, N, 10, DT, -999, SHR82, -99, 
EP, 16, 2026092000, 03, HFSA,  18, 114N, 1262W,  38, 1007, XX,  34, NEQ,    0,   49,    0,    0,  -99,  -99,  42,   0,   0,    ,   0,    , 321,   8,           ,  ,  0,    ,    0,    0,    0,    0, THERMO PARAMS, 32, -143, 255, N, 10, DT, -999, SHR82, -99, 
EP, 16, 2026092000, 03, HFSA,  24, 124N, 1269W,  35, 1000, XX,  34, NEQ,    0,    0,    0,    0, 1004,    4,  41,   0,   0,    ,   0,    , 323,  10,           ,  ,  0,    ,    0,    0,    0,    0, THERMO PARAMS, 22, 153, 252, N, 10, DT, -999, SHR82, -99, 
EP, 16, 2026092000, 03, HFSA,  30, 130N, 1278W,  36, 1000, XX,  34, NEQ,    0,    0,    0,    0, 1004,    3,  81,   0,   0,    ,   0,    , 307,   9,           ,  ,  0,    ,    0,    0,    0,    0, THERMO PARAMS, 8, 855, 203, N, 10, DT, -999, SHR82, -99, 
EP, 16, 2026092000, 03, HFSA,  36, 138N, 1283W,  40, 1003, XX,  34, NEQ,    0,   36,    0,    0, 1007,   51,  27,   0,   0,    ,   0,    , 330,   8,           ,  ,  0,    ,    0,    0,    0,    0, THERMO PARAMS, -31, -13, 171, N, 10, DT, -999, SHR82, -99, 
EP, 16, 2026092000, 03, HFSA,  42, 144N, 1290W,  41, 1005, XX,  34, NEQ,   53,    0,    0,    0,  -99,  -99,  51,   0,   0,    ,   0,    , 308,   9,           ,  ,  0,    ,    0,    0,    0,    0, THERMO PARAMS, -9, 478, 124, N, 10, DT, -999, SHR82, -99, 
EP, 16, 2026092000, 03, HFSA,  48, 148N, 1299W,  37, 1002, XX,  34, NEQ,    0,    0,    0,   45, 1006,   48, 158,   0,   0,    ,   0,    , 306,   7,           ,  ,  0,    ,    0,    0,    0,    0, THERMO PARAMS, -14, -4, 83, N, 10, DT, -999, SHR82, -99, 
EP, 16, 2026092000, 03, HFSA,  54, 146N, 1302W,  37, 1003, XX,  34, NEQ,    0,    0,    0,    0,  -99,  -99,  64,   0,   0,    ,   0,    , 236,   0,           ,  ,  0,    ,    0,    0,    0,    0, THERMO PARAMS, 0, 198, 279, N, 10, DT, -999, SHR82, -99, 
EP, 16, 2026092000, 03, HFSA,  60, 143N, 1298W,  62,  992, XX,  34, NEQ,   19,   44,   44,    0,  996,    7,  29,   0,   0,    ,   0,    ,  78,   7,           ,  ,  0,    ,    0,    0,    0,    0, THERMO PARAMS, -4, 178, 574, N, 10, DT, -999, SHR82, -99, 
EP, 16, 2026092000, 03, HFSA,  60, 143N, 1298W,  62,  992, XX,  50, NEQ,    0,   31,    0,    0,  996,    7,  29,   0,   0,    ,   0,    ,  78,   7,           ,  ,  0,    ,    0,    0,    0,    0, THERMO PARAMS, -4, 178, 574, N, 10, DT, -999, SHR82, -99, 
EP, 16, 2026092000, 03, HFSA,  66, 146N, 1293W,  44,  995, XX,  34, NEQ,   58,   78,   31,   24, 1003,   26,  23,   0,   0,    ,   0,    ,  64,   6,           ,  ,  0,    ,    0,    0,    0,    0, THERMO PARAMS, -21, 691, 949, N, 10, DT, -999, SHR82, -99, 
EP, 16, 2026092000, 03, HFSA,  72, 146N, 1287W,  51,  992, XX,  34, NEQ,   70,   79,   63,   39, 1000,   37,  37,   0,   0,    ,   0,    ,  87,   8,           ,  ,  0,    ,    0,    0,    0,    0, THERMO PARAMS, 31, 822, 758, N, 10, DT, -999, SHR82, -99, 
EP, 16, 2026092000, 03, HFSA,  78, 147N, 1278W,  53,  992, XX,  34, NEQ,   74,  102,   74,   55,  996,   14,  47,   0,   0,    ,   0,    ,  80,   8,           ,  ,  0,    ,    0,    0,    0,    0, THERMO PARAMS, 19, 958, 1105, N, 10, DT, -999, SHR82, -99, 
EP, 16, 2026092000, 03, HFSA,  78, 147N, 1278W,  53,  992, XX,  50, NEQ,    0,   21,    0,    0,  996,   14,  47,   0,   0,    ,   0,    ,  80,   8,           ,  ,  0,    ,    0,    0,    0,    0, THERMO PARAMS, 19, 958, 1105, N, 10, DT, -999, SHR82, -99, 
EP, 16, 2026092000, 03, HFSA,  84, 149N, 1272W,  54,  987, XX,  34, NEQ,   96,  125,   79,   71,  995,   31,  25,   0,   0,    ,   0,    ,  82,   7,           ,  ,  0,    ,    0,    0,    0,    0, THERMO PARAMS, 29, 565, 1123, N, 10, DT, -999, SHR82, -99, 
EP, 16, 2026092000, 03, HFSA,  84, 149N, 1272W,  54,  987, XX,  50, NEQ,   29,   36,    0,    0,  995,   31,  25,   0,   0,    ,   0,    ,  82,   7,           ,  ,  0,    ,    0,    0,    0,    0, THERMO PARAMS, 29, 565, 1123, N, 10, DT, -999, SHR82, -99, 
EP, 16, 2026092000, 03, HFSA,  90, 150N, 1265W,  59,  985, XX,  34, NEQ,  112,  138,  105,   96,  997,   36,  20,   0,   0,    ,   0,    ,  63,   7,           ,  ,  0,    ,    0,    0,    0,    0, THERMO PARAMS, 7, 1260, 1371, N, 10, DT, -999, SHR82, -99, 
EP, 16, 2026092000, 03, HFSA,  90, 150N, 1265W,  59,  985, XX,  50, NEQ,   39,   47,   28,   32,  997,   36,  20,   0,   0,    ,   0,    ,  63,   7,           ,  ,  0,    ,    0,    0,    0,    0, THERMO PARAMS, 7, 1260, 1371, N, 10, DT, -999, SHR82, -99, 
EP, 16, 2026092000, 03, HFSA,  96, 153N, 1258W,  69,  978, XX,  34, NEQ,  117,  128,  105,   84,  998,   54,  20,   0,   0,    ,   0,    ,  64,   8,           ,  ,  0,    ,    0,    0,    0,    0, THERMO PARAMS, 30, 1298, 1346, N, 10, DT, -999, SHR82, -99, 
EP, 16, 2026092000, 03, HFSA,  96, 153N, 1258W,  69,  978, XX,  50, NEQ,   40,   52,   36,   37,  998,   54,  20,   0,   0,    ,   0,    ,  64,   8,           ,  ,  0,    ,    0,    0,    0,    0, THERMO PARAMS, 30, 1298, 1346, N, 10, DT, -999, SHR82, -99, 
EP, 16, 2026092000, 03, HFSA,  96, 153N, 1258W,  69,  978, XX,  64, NEQ,    0,   31,    0,   24,  998,   54,  20,   0,   0,    ,   0,    ,  64,   8,           ,  ,  0,    ,    0,    0,    0,    0, THERMO PARAMS, 30, 1298, 1346, N, 10, DT, -999, SHR82, -99, 
EP, 16, 2026092000, 03, HFSA, 102, 154N, 1254W,  75,  978, XX,  34, NEQ,  139,  138,   83,   89, 1002,   62,  22,   0,   0,    ,   0,    ,  64,   5,           ,  ,  0,    ,    0,    0,    0,    0, THERMO PARAMS, 41, 1267, 1535, N, 10, DT, -999, SHR82, -99, 
EP, 16, 2026092000, 03, HFSA, 102, 154N, 1254W,  75,  978, XX,  50, NEQ,   40,   47,   44,   44, 1002,   62,  22,   0,   0,    ,   0,    ,  64,   5,           ,  ,  0,    ,    0,    0,    0,    0, THERMO PARAMS, 41, 1267, 1535, N, 10, DT, -999, SHR82, -99, 
EP, 16, 2026092000, 03, HFSA, 102, 154N, 1254W,  75,  978, XX,  64, NEQ,   28,   26,   26,   29, 1002,   62,  22,   0,   0,    ,   0,    ,  64,   5,           ,  ,  0,    ,    0,    0,    0,    0, THERMO PARAMS, 41, 1267, 1535, N, 10, DT, -999, SHR82, -99, 
EP, 16, 2026092000, 03, HFSA, 108, 155N, 1250W,  79,  972, XX,  34, NEQ,  126,   92,   81,   86, 1000,   66,  21,   0,   0,    ,   0,    ,  63,   6,           ,  ,  0,    ,    0,    0,    0,    0, THERMO PARAMS, 53, 1394, 1695, N, 10, DT, -999, SHR82, -99, 
EP, 16, 2026092000, 03, HFSA, 108, 155N, 1250W,  79,  972, XX,  50, NEQ,   40,   45,   40,   39, 1000,   66,  21,   0,   0,    ,   0,    ,  63,   6,           ,  ,  0,    ,    0,    0,    0,    0, THERMO PARAMS, 53, 1394, 1695, N, 10, DT, -999, SHR82, -99, 
EP, 16, 2026092000, 03, HFSA, 108, 155N, 1250W,  79,  972, XX,  64, NEQ,   32,   31,   26,   24, 1000,   66,  21,   0,   0,    ,   0,    ,  63,   6,           ,  ,  0,    ,    0,    0,    0,    0, THERMO PARAMS, 53, 1394, 1695, N, 10, DT, -999, SHR82, -99, 
EP, 16, 2026092000, 03, HFSA, 114, 158N, 1245W,  89,  968, XX,  34, NEQ,  108,   99,   87,   92, 1008,  126,  20,   0,   0,    ,   0,    ,  49,   5,           ,  ,  0,    ,    0,    0,    0,    0, THERMO PARAMS, 31, 1644, 1713, N, 10, DT, -999, SHR82, -99, 
EP, 16, 2026092000, 03, HFSA, 114, 158N, 1245W,  89,  968, XX,  50, NEQ,   45,   47,   40,   44, 1008,  126,  20,   0,   0,    ,   0,    ,  49,   5,           ,  ,  0,    ,    0,    0,    0,    0, THERMO PARAMS, 31, 1644, 1713, N, 10, DT, -999, SHR82, -99, 
EP, 16, 2026092000, 03, HFSA, 114, 158N, 1245W,  89,  968, XX,  64, NEQ,   32,   31,   29,   31, 1008,  126,  20,   0,   0,    ,   0,    ,  49,   5,           ,  ,  0,    ,    0,    0,    0,    0, THERMO PARAMS, 31, 1644, 1713, N, 10, DT, -999, SHR82, -99, 
EP, 16, 2026092000, 03, HFSA, 120, 160N, 1241W, 101,  960, XX,  34, NEQ,   86,   92,   81,   91,  996,   47,  18,   0,   0,    ,   0,    ,  61,   6,           ,  ,  0,    ,    0,    0,    0,    0, THERMO PARAMS, 53, 2033, 2161, N, 10, DT, -999, SHR82, -99, 
EP, 16, 2026092000, 03, HFSA, 120, 160N, 1241W, 101,  960, XX,  50, NEQ,   44,   44,   37,   45,  996,   47,  18,   0,   0,    ,   0,    ,  61,   6,           ,  ,  0,    ,    0,    0,    0,    0, THERMO PARAMS, 53, 2033, 2161, N, 10, DT, -999, SHR82, -99, 
EP, 16, 2026092000, 03, HFSA, 120, 160N, 1241W, 101,  960, XX,  64, NEQ,   31,   29,   29,   31,  996,   47,  18,   0,   0,    ,   0,    ,  61,   6,           ,  ,  0,    ,    0,    0,    0,    0, THERMO PARAMS, 53, 2033, 2161, N, 10, DT, -999, SHR82, -99, 
EP, 16, 2026092000, 03, HFSA, 126, 162N, 1237W, 107,  959, XX,  34, NEQ,   96,   84,   71,   97, 1003,   70,  17,   0,   0,    ,   0,    , -99, -99,           ,  ,  0,    ,    0,    0,    0,    0, THERMO PARAMS, 30, 2034, 2213, N, 10, DT, -999, SHR82, -99, 
EP, 16, 2026092000, 03, HFSA, 126, 162N, 1237W, 107,  959, XX,  50, NEQ,   45,   42,   37,   42, 1003,   70,  17,   0,   0,    ,   0,    , -99, -99,           ,  ,  0,    ,    0,    0,    0,    0, THERMO PARAMS, 30, 2034, 2213, N, 10, DT, -999, SHR82, -99, 
EP, 16, 2026092000, 03, HFSA, 126, 162N, 1237W, 107,  959, XX,  64, NEQ,   31,   29,   29,   31, 1003,   70,  17,   0,   0,    ,   0,    , -99, -99,           ,  ,  0,    ,    0,    0,    0,    0, THERMO PARAMS, 30, 2034, 2213, N, 10, DT, -999, SHR82, -99, 
EP, 16, 2026092000, 03, TVCN,   0, 113N, 1235W,   0,    0,   ,   0,    ,    0,    0,    0,    0, 
EP, 16, 2026092000, 03, TVCN,  12, 116N, 1251W,   0,    0,   ,   0,    ,    0,    0,    0,    0, 
EP, 16, 2026092000, 03, TVCN,  24, 127N, 1263W,   0,    0,   ,   0,    ,    0,    0,    0,    0, 
EP, 16, 2026092000, 03, TVCN,  36, 140N, 1274W,   0,    0,   ,   0,    ,    0,    0,    0,    0, 
EP, 16, 2026092000, 03, TVCN,  48, 150N, 1282W,   0,    0,   ,   0,    ,    0,    0,    0,    0, 
EP, 16, 2026092000, 03, TVCN,  60, 154N, 1281W,   0,    0,   ,   0,    ,    0,    0,    0,    0, 
EP, 16, 2026092000, 03, TVCN,  72, 156N, 1273W,   0,    0,   ,   0,    ,    0,    0,    0,    0, 
EP, 16, 2026092000, 03, TVCN,  84, 157N, 1261W,   0,    0,   ,   0,    ,    0,    0,    0,    0, 
EP, 16, 2026092000, 03, TVCN,  96, 161N, 1250W,   0,    0,   ,   0,    ,    0,    0,    0,    0, 
EP, 16, 2026092000, 03, TVCN, 108, 168N, 1241W,   0,    0,   ,   0,    ,    0,    0,    0,    0, 
EP, 16, 2026092000, 03, TVCN, 120, 176N, 1233W,   0,    0,   ,   0,    ,    0,    0,    0,    0, 
EP, 16, 2026092000, 03, TVCN, 132, 184N, 1226W,   0,    0,   ,   0,    ,    0,    0,    0,    0, 
EP, 16, 2026092000, 03, TVCN, 144, 193N, 1219W,   0,    0,   ,   0,    ,    0,    0,    0,    0, 
EP, 16, 2026092000, 03, TVCN, 156, 199N, 1219W,   0,    0,   ,   0,    ,    0,    0,    0,    0, 
EP, 16, 2026092000, 03, TVCN, 168, 204N, 1219W,   0,    0,   ,   0,    ,    0,    0,    0,    0, 
EP, 16, 2026092006, 03, AVNO,   0, 104N, 1247W,  34, 1008, XX,  34, NEQ,   87,    0,    0,    0,  -99,  -99,  87,   0,   0, 
EP, 16, 2026092006, 03, AVNO,   6, 102N, 1250W,  34,  999, XX,  34, NEQ,    0,    0,    0,    0, 1007,   82,  33,   0,   0, 
EP, 16, 2026092006, 03, AVNO,  12, 109N, 1254W,  43, 1002, XX,  34, NEQ,   51,   69,    0,    0, 1006,   25,  42,   0,   0, 
EP, 16, 2026092006, 03, AVNO,  18, 116N, 1258W,  42,  999, XX,  34, NEQ,   67,   77,   26,    0, 1007,   70,  40,   0,   0, 
EP, 16, 2026092006, 03, AVNO,  24, 124N, 1260W,  52, 1000, XX,  34, NEQ,   60,   84,   85,   53, 1012,  967,  31,   0,   0, 
EP, 16, 2026092006, 03, AVNO,  24, 124N, 1260W,  52, 1000, XX,  50, NEQ,   40,    0,    0,    0, 1012,  967,  31,   0,   0, 
EP, 16, 2026092006, 03, AVNO,  30, 130N, 1266W,  45,  996, XX,  34, NEQ,   55,   97,   91,   52, 1008,   77,  31,   0,   0, 
EP, 16, 2026092006, 03, AVNO,  36, 137N, 1269W,  57,  993, XX,  34, NEQ,   68,   90,   43,   43, 1009,   65,  29,   0,   0, 
EP, 16, 2026092006, 03, AVNO,  36, 137N, 1269W,  57,  993, XX,  50, NEQ,   34,   23,    0,    0, 1009,   65,  29,   0,   0, 
EP, 16, 2026092006, 03, AVNO,  42, 141N, 1271W,  55,  987, XX,  34, NEQ,   69,   98,   58,   67, 1007,   93,  25,   0,   0, 
EP, 16, 2026092006, 03, AVNO,  42, 141N, 1271W,  55,  987, XX,  50, NEQ,   32,   30,    0,    0, 1007,   93,  25,   0,   0, 
EP, 16, 2026092006, 03, AVNO,  48, 144N, 1272W,  63,  983, XX,  34, NEQ,   68,   86,   85,   61, 1011,  103,  14,   0,   0, 
EP, 16, 2026092006, 03, AVNO,  48, 144N, 1272W,  63,  983, XX,  50, NEQ,   34,   33,   34,   22, 1011,  103,  14,   0,   0, 
EP, 16, 2026092006, 03, AVNO,  54, 147N, 1270W,  66,  972, XX,  34, NEQ,   72,   84,   87,   87,  988,   21,  24,   0,   0, 
EP, 16, 2026092006, 03, AVNO,  54, 147N, 1270W,  66,  972, XX,  50, NEQ,   41,   44,   37,   43,  988,   21,  24,   0,   0, 
EP, 16, 2026092006, 03, AVNO,  54, 147N, 1270W,  66,  972, XX,  64, NEQ,    0,    0,    0,   26,  988,   21,  24,   0,   0, 
EP, 16, 2026092006, 03, AVNO,  60, 148N, 1264W,  81,  967, XX,  34, NEQ,   69,   89,   70,   77, 1011,  129,  22,   0,   0, 
EP, 16, 2026092006, 03, AVNO,  60, 148N, 1264W,  81,  967, XX,  50, NEQ,   40,   47,   42,   41, 1011,  129,  22,   0,   0, 
EP, 16, 2026092006, 03, AVNO,  60, 148N, 1264W,  81,  967, XX,  64, NEQ,   28,   33,   31,   30, 1011,  129,  22,   0,   0, 
EP, 16, 2026092006, 03, AVNO,  66, 150N, 1258W,  82,  959, XX,  34, NEQ,   65,   96,   76,   77,  975,   18,  18,   0,   0, 
EP, 16, 2026092006, 03, AVNO,  66, 150N, 1258W,  82,  959, XX,  50, NEQ,   36,   48,   49,   45,  975,   18,  18,   0,   0, 
EP, 16, 2026092006, 03, AVNO,  66, 150N, 1258W,  82,  959, XX,  64, NEQ,   28,   34,   36,   33,  975,   18,  18,   0,   0, 
EP, 16, 2026092006, 03, AVNO,  72, 151N, 1251W,  80,  963, XX,  34, NEQ,   84,  114,   82,   88,  991,   37,  23,   0,   0, 
EP, 16, 2026092006, 03, AVNO,  72, 151N, 1251W,  80,  963, XX,  50, NEQ,   41,   51,   47,   51,  991,   37,  23,   0,   0, 
EP, 16, 2026092006, 03, AVNO,  72, 151N, 1251W,  80,  963, XX,  64, NEQ,   28,   37,   32,   36,  991,   37,  23,   0,   0, 
EP, 16, 2026092006, 03, AVNO,  78, 153N, 1242W,  82,  959, XX,  34, NEQ,  107,  113,   79,  105,  971,   15,  19,   0,   0, 
EP, 16, 2026092006, 03, AVNO,  78, 153N, 1242W,  82,  959, XX,  50, NEQ,   48,   50,   49,   50,  971,   15,  19,   0,   0, 
EP, 16, 2026092006, 03, AVNO,  78, 153N, 1242W,  82,  959, XX,  64, NEQ,   34,   34,   38,   37,  971,   15,  19,   0,   0, 
EP, 16, 2026092006, 03, AVNO,  84, 156N, 1234W,  83,  962, XX,  34, NEQ,   88,  114,   86,   86,  990,   42,  21,   0,   0, 
EP, 16, 2026092006, 03, AVNO,  84, 156N, 1234W,  83,  962, XX,  50, NEQ,   48,   51,   52,   54,  990,   42,  21,   0,   0, 
EP, 16, 2026092006, 03, AVNO,  84, 156N, 1234W,  83,  962, XX,  64, NEQ,   32,   36,   36,   38,  990,   42,  21,   0,   0, 
EP, 16, 2026092006, 03, AVNO,  90, 160N, 1227W,  79,  963, XX,  34, NEQ,   85,   91,   80,   81, 1007,  146,  25,   0,   0, 
EP, 16, 2026092006, 03, AVNO,  90, 160N, 1227W,  79,  963, XX,  50, NEQ,   45,   49,   50,   46, 1007,  146,  25,   0,   0, 
EP, 16, 2026092006, 03, AVNO,  90, 160N, 1227W,  79,  963, XX,  64, NEQ,   30,   36,   37,   31, 1007,  146,  25,   0,   0, 
EP, 16, 2026092006, 03, AVNO,  96, 165N, 1220W,  70,  970, XX,  34, NEQ,   85,   84,   77,   78,  990,   33,  32,   0,   0, 
EP, 16, 2026092006, 03, AVNO,  96, 165N, 1220W,  70,  970, XX,  50, NEQ,   47,   50,   48,   43,  990,   33,  32,   0,   0, 
EP, 16, 2026092006, 03, AVNO,  96, 165N, 1220W,  70,  970, XX,  64, NEQ,   30,   32,   34,   29,  990,   33,  32,   0,   0, 
EP, 16, 2026092006, 03, AVNO, 102, 171N, 1216W,  68,  972, XX,  34, NEQ,   82,   85,   76,   75, 1008,  193,  25,   0,   0, 
EP, 16, 2026092006, 03, AVNO, 102, 171N, 1216W,  68,  972, XX,  50, NEQ,   48,   40,   48,   42, 1008,  193,  25,   0,   0, 
EP, 16, 2026092006, 03, AVNO, 102, 171N, 1216W,  68,  972, XX,  64, NEQ,    0,   26,    0,   28, 1008,  193,  25,   0,   0, 
EP, 16, 2026092006, 03, AVNO, 108, 177N, 1212W,  66,  976, XX,  34, NEQ,   85,   88,   76,   83, 1008,  111,  29,   0,   0, 
EP, 16, 2026092006, 03, AVNO, 108, 177N, 1212W,  66,  976, XX,  50, NEQ,   40,   48,   42,   42, 1008,  111,  29,   0,   0, 
EP, 16, 2026092006, 03, AVNO, 108, 177N, 1212W,  66,  976, XX,  64, NEQ,    0,    0,   29,    0, 1008,  111,  29,   0,   0, 
EP, 16, 2026092006, 03, AVNO, 114, 182N, 1209W,  68,  975, XX,  34, NEQ,   80,   70,   81,   92, 1007,  141,  30,   0,   0, 
EP, 16, 2026092006, 03, AVNO, 114, 182N, 1209W,  68,  975, XX,  50, NEQ,   42,   41,   44,   44, 1007,  141,  30,   0,   0, 
EP, 16, 2026092006, 03, AVNO, 114, 182N, 1209W,  68,  975, XX,  64, NEQ,    0,    0,   34,   24, 1007,  141,  30,   0,   0, 
EP, 16, 2026092006, 03, AVNO, 120, 187N, 1206W,  68,  979, XX,  34, NEQ,   87,   68,   69,   75, 1007,   94,  27,   0,   0, 
EP, 16, 2026092006, 03, AVNO, 120, 187N, 1206W,  68,  979, XX,  50, NEQ,   46,   43,   41,   43, 1007,   94,  27,   0,   0, 
EP, 16, 2026092006, 03, AVNO, 120, 187N, 1206W,  68,  979, XX,  64, NEQ,    0,    0,   31,   27, 1007,   94,  27,   0,   0, 
EP, 16, 2026092006, 03, AVNO, 126, 192N, 1205W,  56,  983, XX,  34, NEQ,   76,   77,   80,   78, 1007,  112,  24,   0,   0, 
EP, 16, 2026092006, 03, AVNO, 126, 192N, 1205W,  56,  983, XX,  50, NEQ,   34,   37,   37,   45, 1007,  112,  24,   0,   0, 
EP, 16, 2026092006, 03, AVNO, 132, 197N, 1205W,  56,  986, XX,  34, NEQ,   82,   71,   77,   79, 1010,  166,  35,   0,   0, 
EP, 16, 2026092006, 03, AVNO, 132, 197N, 1205W,  56,  986, XX,  50, NEQ,   43,   44,   35,   37, 1010,  166,  35,   0,   0, 
EP, 16, 2026092006, 03, AVNO, 138, 202N, 1207W,  57,  986, XX,  34, NEQ,   76,   59,   72,   69, 1006,  110,  32,   0,   0, 
EP, 16, 2026092006, 03, AVNO, 138, 202N, 1207W,  57,  986, XX,  50, NEQ,   35,   34,   37,   36, 1006,  110,  32,   0,   0, 
EP, 16, 2026092006, 03, AVNO, 144, 205N, 1210W,  48,  992, XX,  34, NEQ,   67,   64,   57,   63, 1008,  118,  32,   0,   0, 
EP, 16, 2026092006, 03, AVNO, 150, 208N, 1216W,  39,  994, XX,  34, NEQ,   55,   35,   50,   59, 1006,  104,  25,   0,   0, 
EP, 16, 2026092006, 03, AVNO, 156, 211N, 1223W,  35,  998, XX,  34, NEQ,   38,    0,   37,   54, 1006,   60,  39,   0,   0, 
EP, 16, 2026092006, 03, AVNO, 162, 214N, 1231W,  35,  997, XX,  34, NEQ,    0,    0,    0,   50, 1005,   92,  42,   0,   0, 
EP, 16, 2026092006, 03, AVNO, 168, 217N, 1239W,  33, 1002, XX,  34, NEQ,    0,    0,    0,    0, 1006,   39,  37,   0,   0, 
EP, 16, 2026092006, 03, AVNO, 174, 224N, 1247W,  31, 1001, XX,  34, NEQ,    0,    0,    0,    0, 1005,   49,  38,   0,   0, 
EP, 16, 2026092006, 03, AVNO, 180, 226N, 1255W,  31, 1004, XX,  34, NEQ,    0,    0,    0,    0, 1008,   50,  27,   0,   0, 
EP, 16, 2026092006, 03, AVNO, 186, 230N, 1262W,  29, 1002, XX,  34, NEQ,    0,    0,    0,    0, 1006,   75,  44,   0,   0, 
EP, 16, 2026092006, 03, AVNO, 192, 235N, 1272W,  30, 1006, XX,  34, NEQ,    0,    0,    0,    0, 1010,  150,  28,   0,   0, 
EP, 16, 2026092006, 03, AVNO, 198, 242N, 1281W,  30, 1005, XX,  34, NEQ,    0,    0,    0,    0,  -99,  -99,  19,   0,   0, 
EP, 16, 2026092006, 03, AVNO, 204, 241N, 1286W,  28, 1007, XX,  34, NEQ,    0,    0,    0,    0,  -99,  -99,  39,   0,   0, 
EP, 16, 2026092006, 03, AVNO, 210, 243N, 1290W,  25, 1005, XX,  34, NEQ,    0,    0,    0,    0,  -99,  -99,  42,   0,   0, 
EP, 16, 2026092006, 03, AVNO, 216, 244N, 1297W,  25, 1008, XX,  34, NEQ,    0,    0,    0,    0,  -99,  -99,  55,   0,   0, 
EP, 16, 2026092006, 03, AVNO, 222, 243N, 1305W,  23, 1007, XX,  34, NEQ,    0,    0,    0,    0,  -99,  -99,  31,   0,   0, 
EP, 16, 2026092006, 03, AVNO, 228, 239N, 1311W,  21, 1009, XX,  34, NEQ,    0,    0,    0,    0,  -99,  -99,  78,   0,   0, 
EP, 16, 2026092006, 03, AVNO, 234, 229N, 1320W,  22, 1006, XX,  34, NEQ,    0,    0,    0,    0,  -99,  -99,  66,   0,   0, 
EP, 16, 2026092006, 03, AVNO, 240, 218N, 1321W,  20, 1008, XX,  34, NEQ,    0,    0,    0,    0,  -99,  -99, 148,   0,   0, 
EP, 16, 2026092006, 03, HCCA,   0, 112N, 1242W,  35,    0,   ,   0,    ,    0,    0,    0,    0, 
EP, 16, 2026092006, 03, HCCA,  12, 120N, 1256W,  48,    0,   ,   0,    ,    0,    0,    0,    0, 
EP, 16, 2026092006, 03, HCCA,  24, 132N, 1268W,  56,    0,   ,   0,    ,    0,    0,    0,    0, 
EP, 16, 2026092006, 03, HCCA,  36, 144N, 1276W,  68,    0,   ,   0,    ,    0,    0,    0,    0, 
EP, 16, 2026092006, 03, HCCA,  48, 152N, 1279W,  67,    0,   ,   0,    ,    0,    0,    0,    0, 
EP, 16, 2026092006, 03, HCCA,  60, 155N, 1273W,  66,    0,   ,   0,    ,    0,    0,    0,    0, 
EP, 16, 2026092006, 03, HCCA,  72, 156N, 1262W,  66,    0,   ,   0,    ,    0,    0,    0,    0, 
EP, 16, 2026092006, 03, HCCA,  84, 160N, 1247W,  70,    0,   ,   0,    ,    0,    0,    0,    0, 
EP, 16, 2026092006, 03, HCCA,  96, 166N, 1232W,  72,    0,   ,   0,    ,    0,    0,    0,    0, 
EP, 16, 2026092006, 03, HCCA, 108, 174N, 1219W,  74,    0,   ,   0,    ,    0,    0,    0,    0, 
EP, 16, 2026092006, 03, HCCA, 120, 183N, 1207W,  83,    0,   ,   0,    ,    0,    0,    0,    0, 
EP, 16, 2026092006, 03, HCCA, 132, 194N, 1202W,  72,    0,   ,   0,    ,    0,    0,    0,    0, 
EP, 16, 2026092006, 03, HCCA, 144, 204N, 1199W,  61,    0,   ,   0,    ,    0,    0,    0,    0, 
EP, 16, 2026092006, 03, HCCA, 156, 215N, 1198W,  54,    0,   ,   0,    ,    0,    0,    0,    0, 
EP, 16, 2026092006, 03, HCCA, 168, 225N, 1198W,  45,    0,   ,   0,    ,    0,    0,    0,    0, 
EP, 16, 2026092006, 03, HFSA,   0, 110N, 1243W,  37, 1004, XX,  34, NEQ,   78,    0,    0,    0,  -99,  -99,  55,   0,   0,    ,   0,    , 273,   8,           ,  ,  0,    ,    0,    0,    0,    0, THERMO PARAMS, 91, 181, 312, N, 10, DT, -999, SHR82, -99, 
EP, 16, 2026092006, 03, HFSA,   6, 109N, 1262W,  69,  995, XX,  34, NEQ,   45,   39,   31,    0,  999,   12,  14,   0,   0,    ,   0,    , 276,  11,           ,  ,  0,    ,    0,    0,    0,    0, THERMO PARAMS, 71, 136, 212, N, 10, DT, -999, SHR82, -99, 
EP, 16, 2026092006, 03, HFSA,   6, 109N, 1262W,  69,  995, XX,  50, NEQ,   26,   24,    0,    0,  999,   12,  14,   0,   0,    ,   0,    , 276,  11,           ,  ,  0,    ,    0,    0,    0,    0, THERMO PARAMS, 71, 136, 212, N, 10, DT, -999, SHR82, -99, 
EP, 16, 2026092006, 03, HFSA,   6, 109N, 1262W,  69,  995, XX,  64, NEQ,   16,    0,    0,    0,  999,   12,  14,   0,   0,    ,   0,    , 276,  11,           ,  ,  0,    ,    0,    0,    0,    0, THERMO PARAMS, 71, 136, 212, N, 10, DT, -999, SHR82, -99, 
EP, 16, 2026092006, 03, HFSA,  12, 113N, 1264W,  38, 1005, XX,  34, NEQ,   18,   21,   29,    0, 1009,   29,  20,   0,   0,    ,   0,    , 341,   7,           ,  ,  0,    ,    0,    0,    0,    0, THERMO PARAMS, -9999, -9999, -9999, N, 10, DT, -999, SHR82, -99, 
EP, 16, 2026092006, 03, HFSA,  18, 124N, 1267W,  41, 1002, XX,  34, NEQ,   50,   52,    0,    0, 1006,   43,  49,   0,   0,    ,   0,    , 338,  11,           ,  ,  0,    ,    0,    0,    0,    0, THERMO PARAMS, -16, 110, 140, N, 10, DT, -999, SHR82, -99, 
EP, 16, 2026092006, 03, HFSA,  24, 134N, 1275W,  33, 1005, XX,  34, NEQ,    0,    0,    0,    0, 1009,   43, 150,   0,   0,    ,   0,    , 316,  10,           ,  ,  0,    ,    0,    0,    0,    0, THERMO PARAMS, -25, 165, 329, N, 10, DT, -999, SHR82, -99, 
EP, 16, 2026092006, 03, HFSA,  30, 139N, 1284W,  38, 1001, XX,  34, NEQ,   19,    0,    0,    0, 1005,   37,  18,   0,   0,    ,   0,    , 317,   9,           ,  ,  0,    ,    0,    0,    0,    0, THERMO PARAMS, 2, 473, -43, N, 10, DT, -999, SHR82, -99, 
EP, 16, 2026092006, 03, HFSA,  36, 142N, 1291W,  35, 1003, XX,  34, NEQ,    0,    0,    0,    0,  -99,  -99,  14,   0,   0,    ,   0,    , 314,   7,           ,  ,  0,    ,    0,    0,    0,    0, THERMO PARAMS, -20, 458, 177, N, 10, DT, -999, SHR82, -99, 
EP, 16, 2026092006, 03, HFSA,  42, 148N, 1295W,  35,  996, XX,  34, NEQ,    0,    0,    0,   21, 1000,    9,  65,   0,   0,    ,   0,    , 343,   7,           ,  ,  0,    ,    0,    0,    0,    0, THERMO PARAMS, -37, 671, 174, N, 10, DT, -999, SHR82, -99, 
EP, 16, 2026092006, 03, HFSA,  48, 147N, 1297W,  49,  997, XX,  34, NEQ,   68,   49,    0,    0, 1001,    7,  17,   0,   0,    ,   0,    ,  46,   2,           ,  ,  0,    ,    0,    0,    0,    0, THERMO PARAMS, 38, 577, 466, N, 10, DT, -999, SHR82, -99, 
EP, 16, 2026092006, 03, HFSA,  54, 147N, 1294W,  48,  992, XX,  34, NEQ,   39,   52,   55,    6,  996,    8,  38,   0,   0,    ,   0,    ,  82,   6,           ,  ,  0,    ,    0,    0,    0,    0, THERMO PARAMS, 19, 733, 543, N, 10, DT, -999, SHR82, -99, 
EP, 16, 2026092006, 03, HFSA,  60, 148N, 1285W,  53,  992, XX,  34, NEQ,   52,   94,   87,   42, 1000,   22,  41,   0,   0,    ,   0,    ,  67,   9,           ,  ,  0,    ,    0,    0,    0,    0, THERMO PARAMS, -6, 1114, 1007, N, 10, DT, -999, SHR82, -99, 
EP, 16, 2026092006, 03, HFSA,  60, 148N, 1285W,  53,  992, XX,  50, NEQ,    0,   45,    0,    0, 1000,   22,  41,   0,   0,    ,   0,    ,  67,   9,           ,  ,  0,    ,    0,    0,    0,    0, THERMO PARAMS, -6, 1114, 1007, N, 10, DT, -999, SHR82, -99, 
EP, 16, 2026092006, 03, HFSA,  66, 151N, 1277W,  54,  987, XX,  34, NEQ,   76,  108,  112,   55, 1003,   64,  51,   0,   0,    ,   0,    ,  77,   9,           ,  ,  0,    ,    0,    0,    0,    0, THERMO PARAMS, 26, 1246, 857, N, 10, DT, -999, SHR82, -99, 
EP, 16, 2026092006, 03, HFSA,  66, 151N, 1277W,  54,  987, XX,  50, NEQ,    0,   24,    0,    0, 1003,   64,  51,   0,   0,    ,   0,    ,  77,   9,           ,  ,  0,    ,    0,    0,    0,    0, THERMO PARAMS, 26, 1246, 857, N, 10, DT, -999, SHR82, -99, 
EP, 16, 2026092006, 03, HFSA,  72, 152N, 1271W,  62,  988, XX,  34, NEQ,   74,  126,   70,   70, 1000,   38,  23,   0,   0,    ,   0,    ,  85,   7,           ,  ,  0,    ,    0,    0,    0,    0, THERMO PARAMS, 6, 990, 1001, N, 10, DT, -999, SHR82, -99, 
EP, 16, 2026092006, 03, HFSA,  72, 152N, 1271W,  62,  988, XX,  50, NEQ,   29,   28,   24,   28, 1000,   38,  23,   0,   0,    ,   0,    ,  85,   7,           ,  ,  0,    ,    0,    0,    0,    0, THERMO PARAMS, 6, 990, 1001, N, 10, DT, -999, SHR82, -99, 
EP, 16, 2026092006, 03, HFSA,  78, 152N, 1264W,  64,  982, XX,  34, NEQ,  130,  151,   86,   86, 1002,   70,  21,   0,   0,    ,   0,    ,  91,   9,           ,  ,  0,    ,    0,    0,    0,    0, THERMO PARAMS, 48, 886, 1211, N, 10, DT, -999, SHR82, -99, 
EP, 16, 2026092006, 03, HFSA,  78, 152N, 1264W,  64,  982, XX,  50, NEQ,   29,   40,   42,   31, 1002,   70,  21,   0,   0,    ,   0,    ,  91,   9,           ,  ,  0,    ,    0,    0,    0,    0, THERMO PARAMS, 48, 886, 1211, N, 10, DT, -999, SHR82, -99, 
EP, 16, 2026092006, 03, HFSA,  84, 151N, 1255W,  72,  981, XX,  34, NEQ,  115,  147,   91,   96,  997,   35,  18,   0,   0,    ,   0,    ,  82,   8,           ,  ,  0,    ,    0,    0,    0,    0, THERMO PARAMS, 45, 1013, 1408, N, 10, DT, -999, SHR82, -99, 
EP, 16, 2026092006, 03, HFSA,  84, 151N, 1255W,  72,  981, XX,  50, NEQ,   36,   39,   37,   39,  997,   35,  18,   0,   0,    ,   0,    ,  82,   8,           ,  ,  0,    ,    0,    0,    0,    0, THERMO PARAMS, 45, 1013, 1408, N, 10, DT, -999, SHR82, -99, 
EP, 16, 2026092006, 03, HFSA,  84, 151N, 1255W,  72,  981, XX,  64, NEQ,   18,   26,   24,    0,  997,   35,  18,   0,   0,    ,   0,    ,  82,   8,           ,  ,  0,    ,    0,    0,    0,    0, THERMO PARAMS, 45, 1013, 1408, N, 10, DT, -999, SHR82, -99, 
EP, 16, 2026092006, 03, HFSA,  90, 153N, 1247W,  81,  973, XX,  34, NEQ,  112,  121,   92,   86, 1001,   64,  21,   0,   0,    ,   0,    ,  82,   9,           ,  ,  0,    ,    0,    0,    0,    0, THERMO PARAMS, 68, 1252, 1507, N, 10, DT, -999, SHR82, -99, 
EP, 16, 2026092006, 03, HFSA,  90, 153N, 1247W,  81,  973, XX,  50, NEQ,   37,   40,   42,   40, 1001,   64,  21,   0,   0,    ,   0,    ,  82,   9,           ,  ,  0,    ,    0,    0,    0,    0, THERMO PARAMS, 68, 1252, 1507, N, 10, DT, -999, SHR82, -99, 
EP, 16, 2026092006, 03, HFSA,  90, 153N, 1247W,  81,  973, XX,  64, NEQ,   19,   29,   24,    0, 1001,   64,  21,   0,   0,    ,   0,    ,  82,   9,           ,  ,  0,    ,    0,    0,    0,    0, THERMO PARAMS, 68, 1252, 1507, N, 10, DT, -999, SHR82, -99, 
EP, 16, 2026092006, 03, HFSA,  96, 154N, 1240W,  81,  972, XX,  34, NEQ,   91,  131,   84,   79, 1004,   67,  20,   0,   0,    ,   0,    ,  76,   7,           ,  ,  0,    ,    0,    0,    0,    0, THERMO PARAMS, 48, 1450, 1709, N, 10, DT, -999, SHR82, -99, 
EP, 16, 2026092006, 03, HFSA,  96, 154N, 1240W,  81,  972, XX,  50, NEQ,   40,   49,   39,   39, 1004,   67,  20,   0,   0,    ,   0,    ,  76,   7,           ,  ,  0,    ,    0,    0,    0,    0, THERMO PARAMS, 48, 1450, 1709, N, 10, DT, -999, SHR82, -99, 
EP, 16, 2026092006, 03, HFSA,  96, 154N, 1240W,  81,  972, XX,  64, NEQ,   28,   26,   26,   28, 1004,   67,  20,   0,   0,    ,   0,    ,  76,   7,           ,  ,  0,    ,    0,    0,    0,    0, THERMO PARAMS, 48, 1450, 1709, N, 10, DT, -999, SHR82, -99, 
EP, 16, 2026092006, 03, HFSA, 102, 157N, 1234W,  90,  967, XX,  34, NEQ,  107,  102,   89,   79,  995,   42,  15,   0,   0,    ,   0,    ,  63,   7,           ,  ,  0,    ,    0,    0,    0,    0, THERMO PARAMS, 64, 1259, 1940, N, 10, DT, -999, SHR82, -99, 
EP, 16, 2026092006, 03, HFSA, 102, 157N, 1234W,  90,  967, XX,  50, NEQ,   36,   40,   40,   37,  995,   42,  15,   0,   0,    ,   0,    ,  63,   7,           ,  ,  0,    ,    0,    0,    0,    0, THERMO PARAMS, 64, 1259, 1940, N, 10, DT, -999, SHR82, -99, 
EP, 16, 2026092006, 03, HFSA, 102, 157N, 1234W,  90,  967, XX,  64, NEQ,   26,   28,   24,   26,  995,   42,  15,   0,   0,    ,   0,    ,  63,   7,           ,  ,  0,    ,    0,    0,    0,    0, THERMO PARAMS, 64, 1259, 1940, N, 10, DT, -999, SHR82, -99, 
EP, 16, 2026092006, 03, HFSA, 108, 162N, 1229W, 101,  961, XX,  34, NEQ,   86,   96,   83,  104,  997,   39,  13,   0,   0,    ,   0,    ,  41,   6,           ,  ,  0,    ,    0,    0,    0,    0, THERMO PARAMS, 49, 1831, 2104, N, 10, DT, -999, SHR82, -99, 
EP, 16, 2026092006, 03, HFSA, 108, 162N, 1229W, 101,  961, XX,  50, NEQ,   39,   39,   36,   37,  997,   39,  13,   0,   0,    ,   0,    ,  41,   6,           ,  ,  0,    ,    0,    0,    0,    0, THERMO PARAMS, 49, 1831, 2104, N, 10, DT, -999, SHR82, -99, 
EP, 16, 2026092006, 03, HFSA, 108, 162N, 1229W, 101,  961, XX,  64, NEQ,   26,   26,   24,   26,  997,   39,  13,   0,   0,    ,   0,    ,  41,   6,           ,  ,  0,    ,    0,    0,    0,    0, THERMO PARAMS, 49, 1831, 2104, N, 10, DT, -999, SHR82, -99, 
EP, 16, 2026092006, 03, HFSA, 114, 166N, 1227W, 109,  955, XX,  34, NEQ,   99,   73,   83,   99,  999,   58,  15,   0,   0,    ,   0,    ,  54,   4,           ,  ,  0,    ,    0,    0,    0,    0, THERMO PARAMS, 41, 1910, 2321, N, 10, DT, -999, SHR82, -99, 
EP, 16, 2026092006, 03, HFSA, 114, 166N, 1227W, 109,  955, XX,  50, NEQ,   34,   34,   40,   42,  999,   58,  15,   0,   0,    ,   0,    ,  54,   4,           ,  ,  0,    ,    0,    0,    0,    0, THERMO PARAMS, 41, 1910, 2321, N, 10, DT, -999, SHR82, -99, 
EP, 16, 2026092006, 03, HFSA, 114, 166N, 1227W, 109,  955, XX,  64, NEQ,   24,   23,   24,   26,  999,   58,  15,   0,   0,    ,   0,    ,  54,   4,           ,  ,  0,    ,    0,    0,    0,    0, THERMO PARAMS, 41, 1910, 2321, N, 10, DT, -999, SHR82, -99, 
EP, 16, 2026092006, 03, HFSA, 120, 168N, 1224W,  97,  960, XX,  34, NEQ,   97,   74,   79,   83, 1004,   73,  13,   0,   0,    ,   0,    ,  42,   3,           ,  ,  0,    ,    0,    0,    0,    0, THERMO PARAMS, 32, 1370, 2527, N, 10, DT, -999, SHR82, -99, 
EP, 16, 2026092006, 03, HFSA, 120, 168N, 1224W,  97,  960, XX,  50, NEQ,   37,   37,   32,   39, 1004,   73,  13,   0,   0,    ,   0,    ,  42,   3,           ,  ,  0,    ,    0,    0,    0,    0, THERMO PARAMS, 32, 1370, 2527, N, 10, DT, -999, SHR82, -99, 
EP, 16, 2026092006, 03, HFSA, 120, 168N, 1224W,  97,  960, XX,  64, NEQ,   24,   24,   23,   21, 1004,   73,  13,   0,   0,    ,   0,    ,  42,   3,           ,  ,  0,    ,    0,    0,    0,    0, THERMO PARAMS, 32, 1370, 2527, N, 10, DT, -999, SHR82, -99, 
EP, 16, 2026092006, 03, HFSA, 126, 171N, 1222W,  90,  962, XX,  34, NEQ,   86,   86,   87,   94,  998,   51,  14,   0,   0,    ,   0,    , -99, -99,           ,  ,  0,    ,    0,    0,    0,    0, THERMO PARAMS, 68, 1011, 2294, N, 10, DT, -999, SHR82, -99, 
EP, 16, 2026092006, 03, HFSA, 126, 171N, 1222W,  90,  962, XX,  50, NEQ,   34,   37,   34,   39,  998,   51,  14,   0,   0,    ,   0,    , -99, -99,           ,  ,  0,    ,    0,    0,    0,    0, THERMO PARAMS, 68, 1011, 2294, N, 10, DT, -999, SHR82, -99, 
EP, 16, 2026092006, 03, HFSA, 126, 171N, 1222W,  90,  962, XX,  64, NEQ,   24,   24,   23,   24,  998,   51,  14,   0,   0,    ,   0,    , -99, -99,           ,  ,  0,    ,    0,    0,    0,    0, THERMO PARAMS, 68, 1011, 2294, N, 10, DT, -999, SHR82, -99, 
EP, 16, 2026092006, 03, TVCN,   0, 112N, 1242W,   0,    0,   ,   0,    ,    0,    0,    0,    0, 
EP, 16, 2026092006, 03, TVCN,  12, 119N, 1257W,   0,    0,   ,   0,    ,    0,    0,    0,    0, 
EP, 16, 2026092006, 03, TVCN,  24, 132N, 1269W,   0,    0,   ,   0,    ,    0,    0,    0,    0, 
EP, 16, 2026092006, 03, TVCN,  36, 144N, 1280W,   0,    0,   ,   0,    ,    0,    0,    0,    0, 
EP, 16, 2026092006, 03, TVCN,  48, 151N, 1284W,   0,    0,   ,   0,    ,    0,    0,    0,    0, 
EP, 16, 2026092006, 03, TVCN,  60, 154N, 1280W,   0,    0,   ,   0,    ,    0,    0,    0,    0, 
EP, 16, 2026092006, 03, TVCN,  72, 154N, 1271W,   0,    0,   ,   0,    ,    0,    0,    0,    0, 
EP, 16, 2026092006, 03, TVCN,  84, 156N, 1260W,   0,    0,   ,   0,    ,    0,    0,    0,    0, 
EP, 16, 2026092006, 03, TVCN,  96, 160N, 1249W,   0,    0,   ,   0,    ,    0,    0,    0,    0, 
EP, 16, 2026092006, 03, TVCN, 108, 166N, 1241W,   0,    0,   ,   0,    ,    0,    0,    0,    0, 
EP, 16, 2026092006, 03, TVCN, 120, 173N, 1234W,   0,    0,   ,   0,    ,    0,    0,    0,    0, 
EP, 16, 2026092006, 03, TVCN, 132, 181N, 1228W,   0,    0,   ,   0,    ,    0,    0,    0,    0, 
EP, 16, 2026092006, 03, TVCN, 144, 202N, 1223W,   0,    0,   ,   0,    ,    0,    0,    0,    0, 
EP, 16, 2026092006, 03, TVCN, 156, 215N, 1221W,   0,    0,   ,   0,    ,    0,    0,    0,    0, 
EP, 16, 2026092006, 03, TVCN, 168, 225N, 1217W,   0,    0,   ,   0,    ,    0,    0,    0,    0, 
EP, 16, 2026092012, 03,  UKX,   0, 109N, 1255W,  34, 1006, XX,  34, NEQ,    0,    0,    0,    0, 
EP, 16, 2026092012, 03,  UKX,   6, 115N, 1266W,  34, 1006, XX,  34, NEQ,    0,    0,    0,    0, 
EP, 16, 2026092012, 03,  UKX,  12, 123N, 1276W,  39, 1004, XX,  34, NEQ,   85,   50,    0,    0, 
EP, 16, 2026092012, 03,  UKX,  18, 132N, 1288W,  35, 1005, XX,  34, NEQ,    0,    0,    0,  106, 
EP, 16, 2026092012, 03,  UKX,  24, 134N, 1301W,  34, 1003, XX,  34, NEQ,    0,    0,    0,    0, 
EP, 16, 2026092012, 03,  UKX,  30, 136N, 1310W,  38, 1003, XX,  34, NEQ,    0,   63,    0,    0, 
EP, 16, 2026092012, 03,  UKX,  36, 141N, 1315W,  39, 1000, XX,  34, NEQ,   80,   69,   54,    0, 
EP, 16, 2026092012, 03,  UKX,  42, 146N, 1320W,  38, 1002, XX,  34, NEQ,   82,   72,    0,  100, 
EP, 16, 2026092012, 03,  UKX,  48, 149N, 1322W,  42,  998, XX,  34, NEQ,   69,   80,   67,   72, 
EP, 16, 2026092012, 03,  UKX,  54, 150N, 1323W,  42,  999, XX,  34, NEQ,   92,   79,   63,   95, 
EP, 16, 2026092012, 03,  UKX,  60, 150N, 1321W,  45,  995, XX,  34, NEQ,   65,   78,   79,   84, 
EP, 16, 2026092012, 03,  UKX,  66, 149N, 1319W,  44,  997, XX,  34, NEQ,   78,   83,   84,   85, 
EP, 16, 2026092012, 03,  UKX,  72, 147N, 1314W,  45,  994, XX,  34, NEQ,   69,   89,   98,   74, 
EP, 16, 2026092012, 03,  UKX,  78, 146N, 1308W,  48,  995, XX,  34, NEQ,   86,  102,   88,   70, 
EP, 16, 2026092012, 03,  UKX,  84, 149N, 1302W,  47,  992, XX,  34, NEQ,  104,  119,   99,   72, 
EP, 16, 2026092012, 03,  UKX,  90, 151N, 1295W,  49,  994, XX,  34, NEQ,  105,  141,  106,   71, 
EP, 16, 2026092012, 03,  UKX,  96, 155N, 1289W,  49,  991, XX,  34, NEQ,   96,  120,  124,   93, 
EP, 16, 2026092012, 03,  UKX, 102, 159N, 1282W,  50,  993, XX,  34, NEQ,   89,  131,   99,   86, 
EP, 16, 2026092012, 03,  UKX, 102, 159N, 1282W,  50,  993, XX,  50, NEQ,    0,   33,    0,    0, 
EP, 16, 2026092012, 03,  UKX, 108, 163N, 1273W,  50,  991, XX,  34, NEQ,  101,  134,  126,  108, 
EP, 16, 2026092012, 03,  UKX, 108, 163N, 1273W,  50,  991, XX,  50, NEQ,    0,   29,    0,    0, 
EP, 16, 2026092012, 03,  UKX, 114, 169N, 1265W,  55,  992, XX,  34, NEQ,  113,  142,  127,  100, 
EP, 16, 2026092012, 03,  UKX, 114, 169N, 1265W,  55,  992, XX,  50, NEQ,   28,   36,    0,   30, 
EP, 16, 2026092012, 03,  UKX, 120, 174N, 1258W,  50,  990, XX,  34, NEQ,  109,  132,   86,   89, 
EP, 16, 2026092012, 03,  UKX, 120, 174N, 1258W,  50,  990, XX,  50, NEQ,    0,   32,    0,    0, 
EP, 16, 2026092012, 03,  UKX, 126, 180N, 1251W,  50,  993, XX,  34, NEQ,  104,   99,   60,   88, 
EP, 16, 2026092012, 03,  UKX, 126, 180N, 1251W,  50,  993, XX,  50, NEQ,   25,    0,    0,    0, 
EP, 16, 2026092012, 03,  UKX, 132, 186N, 1244W,  51,  991, XX,  34, NEQ,  107,  102,   79,   86, 
EP, 16, 2026092012, 03,  UKX, 132, 186N, 1244W,  51,  991, XX,  50, NEQ,    0,   30,    0,    0, 
EP, 16, 2026092012, 03,  UKX, 138, 193N, 1238W,  50,  994, XX,  34, NEQ,  109,  104,   60,   90, 
EP, 16, 2026092012, 03,  UKX, 138, 193N, 1238W,  50,  994, XX,  50, NEQ,    0,   32,    0,    0, 
EP, 16, 2026092012, 03,  UKX, 144, 201N, 1234W,  47,  993, XX,  34, NEQ,   95,   95,   75,   82, 
EP, 16, 2026092012, 03, AVNO,   0, 104N, 1251W,  35, 1001, XX,  34, NEQ,    0,   46,    0,    0, 1009,  158,  46,   0,   0, 
EP, 16, 2026092012, 03, AVNO,   6, 111N, 1257W,  43, 1000, XX,  34, NEQ,   58,   71,   65,   56, 1008,   47,  38,   0,   0, 
EP, 16, 2026092012, 03, AVNO,  12, 119N, 1262W,  44,  998, XX,  34, NEQ,   65,   69,   39,   39, 1010,  811,  33,   0,   0, 
EP, 16, 2026092012, 03, AVNO,  18, 129N, 1267W,  49,  997, XX,  34, NEQ,   72,   78,    0,   53, 1009,   67,  46,   0,   0, 
EP, 16, 2026092012, 03, AVNO,  24, 133N, 1274W,  58,  990, XX,  34, NEQ,   68,   94,   62,   64, 1010,  186,  22,   0,   0, 
EP, 16, 2026092012, 03, AVNO,  24, 133N, 1274W,  58,  990, XX,  50, NEQ,   26,   37,    0,    0, 1010,  186,  22,   0,   0, 
EP, 16, 2026092012, 03, AVNO,  30, 137N, 1278W,  53,  994, XX,  34, NEQ,   62,   82,   60,   55, 1010,   88,  31,   0,   0, 
EP, 16, 2026092012, 03, AVNO,  30, 137N, 1278W,  53,  994, XX,  50, NEQ,   33,   38,    0,    0, 1010,   88,  31,   0,   0, 
EP, 16, 2026092012, 03, AVNO,  36, 141N, 1280W,  58,  987, XX,  34, NEQ,   61,   82,   69,   59, 1007,   83,  28,   0,   0, 
EP, 16, 2026092012, 03, AVNO,  36, 141N, 1280W,  58,  987, XX,  50, NEQ,   33,   34,    0,   35, 1007,   83,  28,   0,   0, 
EP, 16, 2026092012, 03, AVNO,  42, 144N, 1279W,  57,  988, XX,  34, NEQ,   71,   84,   85,   56, 1012,  132,  24,   0,   0, 
EP, 16, 2026092012, 03, AVNO,  42, 144N, 1279W,  57,  988, XX,  50, NEQ,   38,   35,   35,    0, 1012,  132,  24,   0,   0, 
EP, 16, 2026092012, 03, AVNO,  48, 147N, 1274W,  66,  977, XX,  34, NEQ,   76,   93,   75,   62, 1009,  127,  18,   0,   0, 
EP, 16, 2026092012, 03, AVNO,  48, 147N, 1274W,  66,  977, XX,  50, NEQ,   38,   43,   39,   34, 1009,  127,  18,   0,   0, 
EP, 16, 2026092012, 03, AVNO,  48, 147N, 1274W,  66,  977, XX,  64, NEQ,    0,   20,    0,    0, 1009,  127,  18,   0,   0, 
EP, 16, 2026092012, 03, AVNO,  54, 150N, 1270W,  74,  970, XX,  34, NEQ,   75,  107,   75,   82, 1010,  118,  19,   0,   0, 
EP, 16, 2026092012, 03, AVNO,  54, 150N, 1270W,  74,  970, XX,  50, NEQ,   36,   44,   40,   42, 1010,  118,  19,   0,   0, 
EP, 16, 2026092012, 03, AVNO,  54, 150N, 1270W,  74,  970, XX,  64, NEQ,   28,   31,   27,   30, 1010,  118,  19,   0,   0, 
EP, 16, 2026092012, 03, AVNO,  60, 151N, 1264W,  73,  969, XX,  34, NEQ,   73,  116,   96,   90,  989,   33,  22,   0,   0, 
EP, 16, 2026092012, 03, AVNO,  60, 151N, 1264W,  73,  969, XX,  50, NEQ,   38,   42,   43,   37,  989,   33,  22,   0,   0, 
EP, 16, 2026092012, 03, AVNO,  60, 151N, 1264W,  73,  969, XX,  64, NEQ,   26,   30,   22,    0,  989,   33,  22,   0,   0, 
EP, 16, 2026092012, 03, AVNO,  66, 151N, 1258W,  74,  970, XX,  34, NEQ,   87,   81,   73,  100,  990,   29,  26,   0,   0, 
EP, 16, 2026092012, 03, AVNO,  66, 151N, 1258W,  74,  970, XX,  50, NEQ,   41,   44,   44,   50,  990,   29,  26,   0,   0, 
EP, 16, 2026092012, 03, AVNO,  66, 151N, 1258W,  74,  970, XX,  64, NEQ,   29,   30,   26,   34,  990,   29,  26,   0,   0, 
EP, 16, 2026092012, 03, AVNO,  72, 150N, 1252W,  82,  961, XX,  34, NEQ,   84,   93,   85,   95,  985,   33,  23,   0,   0, 
EP, 16, 2026092012, 03, AVNO,  72, 150N, 1252W,  82,  961, XX,  50, NEQ,   43,   48,   50,   53,  985,   33,  23,   0,   0, 
EP, 16, 2026092012, 03, AVNO,  72, 150N, 1252W,  82,  961, XX,  64, NEQ,   30,   33,   38,   36,  985,   33,  23,   0,   0, 
EP, 16, 2026092012, 03, AVNO,  78, 149N, 1244W,  79,  963, XX,  34, NEQ,   71,  108,   94,   86, 1011,  219,  24,   0,   0, 
EP, 16, 2026092012, 03, AVNO,  78, 149N, 1244W,  79,  963, XX,  50, NEQ,   44,   46,   54,   49, 1011,  219,  24,   0,   0, 
EP, 16, 2026092012, 03, AVNO,  78, 149N, 1244W,  79,  963, XX,  64, NEQ,   33,   36,   39,   34, 1011,  219,  24,   0,   0, 
EP, 16, 2026092012, 03, AVNO,  84, 151N, 1237W,  79,  961, XX,  34, NEQ,   76,   90,   86,   83,  981,   27,  23,   0,   0, 
EP, 16, 2026092012, 03, AVNO,  84, 151N, 1237W,  79,  961, XX,  50, NEQ,   44,   49,   50,   51,  981,   27,  23,   0,   0, 
EP, 16, 2026092012, 03, AVNO,  84, 151N, 1237W,  79,  961, XX,  64, NEQ,   33,   37,   37,   36,  981,   27,  23,   0,   0, 
EP, 16, 2026092012, 03, AVNO,  90, 153N, 1230W,  75,  967, XX,  34, NEQ,   75,   90,   79,   88,  987,   30,  27,   0,   0, 
EP, 16, 2026092012, 03, AVNO,  90, 153N, 1230W,  75,  967, XX,  50, NEQ,   46,   48,   41,   44,  987,   30,  27,   0,   0, 
EP, 16, 2026092012, 03, AVNO,  90, 153N, 1230W,  75,  967, XX,  64, NEQ,   34,   34,   34,   31,  987,   30,  27,   0,   0, 
EP, 16, 2026092012, 03, AVNO,  96, 157N, 1225W,  73,  968, XX,  34, NEQ,   72,   91,   79,   70,  984,   24,  25,   0,   0, 
EP, 16, 2026092012, 03, AVNO,  96, 157N, 1225W,  73,  968, XX,  50, NEQ,   45,   46,   44,   40,  984,   24,  25,   0,   0, 
EP, 16, 2026092012, 03, AVNO,  96, 157N, 1225W,  73,  968, XX,  64, NEQ,   31,   33,   31,   27,  984,   24,  25,   0,   0, 
EP, 16, 2026092012, 03, AVNO, 102, 161N, 1219W,  75,  972, XX,  34, NEQ,   70,   87,   72,   75,  988,   29,  20,   0,   0, 
EP, 16, 2026092012, 03, AVNO, 102, 161N, 1219W,  75,  972, XX,  50, NEQ,   46,   40,   44,   42,  988,   29,  20,   0,   0, 
EP, 16, 2026092012, 03, AVNO, 102, 161N, 1219W,  75,  972, XX,  64, NEQ,   27,   29,   34,   30,  988,   29,  20,   0,   0, 
EP, 16, 2026092012, 03, AVNO, 108, 167N, 1214W,  73,  970, XX,  34, NEQ,   79,   75,   80,   88, 1006,  125,  22,   0,   0, 
EP, 16, 2026092012, 03, AVNO, 108, 167N, 1214W,  73,  970, XX,  50, NEQ,   43,   39,   45,   44, 1006,  125,  22,   0,   0, 
EP, 16, 2026092012, 03, AVNO, 108, 167N, 1214W,  73,  970, XX,  64, NEQ,    0,   28,   34,   30, 1006,  125,  22,   0,   0, 
EP, 16, 2026092012, 03, AVNO, 114, 171N, 1208W,  73,  975, XX,  34, NEQ,   74,   68,   71,   80,  995,   43,  25,   0,   0, 
EP, 16, 2026092012, 03, AVNO, 114, 171N, 1208W,  73,  975, XX,  50, NEQ,   45,   40,   39,   45,  995,   43,  25,   0,   0, 
EP, 16, 2026092012, 03, AVNO, 114, 171N, 1208W,  73,  975, XX,  64, NEQ,   31,    0,   32,   27,  995,   43,  25,   0,   0, 
EP, 16, 2026092012, 03, AVNO, 120, 176N, 1204W,  69,  974, XX,  34, NEQ,   75,   68,   76,   76,  990,   36,  24,   0,   0, 
EP, 16, 2026092012, 03, AVNO, 120, 176N, 1204W,  69,  974, XX,  50, NEQ,   46,   42,   43,   43,  990,   36,  24,   0,   0, 
EP, 16, 2026092012, 03, AVNO, 120, 176N, 1204W,  69,  974, XX,  64, NEQ,   22,    0,   34,   29,  990,   36,  24,   0,   0, 
EP, 16, 2026092012, 03, AVNO, 126, 180N, 1202W,  64,  979, XX,  34, NEQ,   83,   66,   78,   80, 1007,   92,  23,   0,   0, 
EP, 16, 2026092012, 03, AVNO, 126, 180N, 1202W,  64,  979, XX,  50, NEQ,   39,   40,   41,   45, 1007,   92,  23,   0,   0, 
EP, 16, 2026092012, 03, AVNO, 126, 180N, 1202W,  64,  979, XX,  64, NEQ,    0,    0,    0,   24, 1007,   92,  23,   0,   0, 
EP, 16, 2026092012, 03, AVNO, 132, 183N, 1200W,  64,  979, XX,  34, NEQ,   78,   79,   80,   81, 1003,   77,  27,   0,   0, 
EP, 16, 2026092012, 03, AVNO, 132, 183N, 1200W,  64,  979, XX,  50, NEQ,   42,   38,   42,   40, 1003,   77,  27,   0,   0, 
EP, 16, 2026092012, 03, AVNO, 138, 183N, 1202W,  53,  985, XX,  34, NEQ,   64,   61,   68,   73, 1005,   76,  31,   0,   0, 
EP, 16, 2026092012, 03, AVNO, 138, 183N, 1202W,  53,  985, XX,  50, NEQ,   32,    0,   35,   35, 1005,   76,  31,   0,   0, 
EP, 16, 2026092012, 03, AVNO, 144, 185N, 1204W,  49,  987, XX,  34, NEQ,   60,   56,   60,   67, 1003,   69,  31,   0,   0, 
EP, 16, 2026092012, 03, AVNO, 150, 185N, 1209W,  45,  992, XX,  34, NEQ,   52,   52,   64,   68, 1008,  128,  35,   0,   0, 
EP, 16, 2026092012, 03, AVNO, 156, 185N, 1214W,  42,  991, XX,  34, NEQ,   50,   54,   64,   69, 1003,   66,  38,   0,   0, 
EP, 16, 2026092012, 03, AVNO, 162, 185N, 1220W,  41,  995, XX,  34, NEQ,   52,   50,   44,   55, 1007,   92,  32,   0,   0, 
EP, 16, 2026092012, 03, AVNO, 168, 184N, 1227W,  36,  995, XX,  34, NEQ,    0,   41,   46,   59, 1003,   59,  53,   0,   0, 
EP, 16, 2026092012, 03, AVNO, 174, 180N, 1233W,  34,  998, XX,  34, NEQ,    0,    0,    0,   51, 1006,   71,  43,   0,   0, 
EP, 16, 2026092012, 03, AVNO, 180, 177N, 1237W,  33,  996, XX,  34, NEQ,    0,    0,    0,    0, 1004,   82,  50,   0,   0, 
EP, 16, 2026092012, 03, AVNO, 186, 172N, 1241W,  32, 1000, XX,  34, NEQ,    0,    0,    0,    0, 1004,   33,  43,   0,   0, 
EP, 16, 2026092012, 03, AVNO, 192, 167N, 1243W,  30,  998, XX,  34, NEQ,    0,    0,    0,    0, 1002,   36,  60,   0,   0, 
EP, 16, 2026092012, 03, AVNO, 198, 162N, 1245W,  30, 1001, XX,  34, NEQ,    0,    0,    0,    0, 1005,   42,  39,   0,   0, 
EP, 16, 2026092012, 03, AVNO, 204, 157N, 1248W,  31,  998, XX,  34, NEQ,    0,    0,    0,    0, 1002,   45,  33,   0,   0, 
EP, 16, 2026092012, 03, AVNO, 210, 152N, 1253W,  32, 1001, XX,  34, NEQ,    0,    0,    0,    0, 1005,   42,  34,   0,   0, 
EP, 16, 2026092012, 03, AVNO, 216, 149N, 1258W,  35,  998, XX,  34, NEQ,    0,    0,    0,   63,  -99,  -99,  63,   0,   0, 
EP, 16, 2026092012, 03, AVNO, 222, 146N, 1260W,  34,  999, XX,  34, NEQ,    0,    0,    0,    0, 1003,   30,  34,   0,   0, 
EP, 16, 2026092012, 03, AVNO, 228, 145N, 1261W,  30,  997, XX,  34, NEQ,    0,    0,    0,    0, 1001,   37,  39,   0,   0, 
EP, 16, 2026092012, 03, AVNO, 234, 142N, 1262W,  31,  999, XX,  34, NEQ,    0,    0,    0,    0, 1003,   36,  23,   0,   0, 
EP, 16, 2026092012, 03, AVNO, 240, 141N, 1257W,  32,  998, XX,  34, NEQ,    0,    0,    0,    0, 1002,   44,  45,   0,   0, 
EP, 16, 2026092012, 03, HCCA,   0, 111N, 1252W,  40,    0,   ,   0,    ,    0,    0,    0,    0, 
EP, 16, 2026092012, 03, HCCA,  12, 121N, 1268W,  52,    0,   ,   0,    ,    0,    0,    0,    0, 
EP, 16, 2026092012, 03, HCCA,  24, 134N, 1284W,  61,    0,   ,   0,    ,    0,    0,    0,    0, 
EP, 16, 2026092012, 03, HCCA,  36, 142N, 1293W,  76,    0,   ,   0,    ,    0,    0,    0,    0, 
EP, 16, 2026092012, 03, HCCA,  48, 145N, 1295W,  77,    0,   ,   0,    ,    0,    0,    0,    0, 
EP, 16, 2026092012, 03, HCCA,  60, 146N, 1289W,  73,    0,   ,   0,    ,    0,    0,    0,    0, 
EP, 16, 2026092012, 03, HCCA,  72, 146N, 1279W,  75,    0,   ,   0,    ,    0,    0,    0,    0, 
EP, 16, 2026092012, 03, HCCA,  84, 148N, 1269W,  76,    0,   ,   0,    ,    0,    0,    0,    0, 
EP, 16, 2026092012, 03, HCCA,  96, 153N, 1258W,  77,    0,   ,   0,    ,    0,    0,    0,    0, 
EP, 16, 2026092012, 03, HCCA, 108, 163N, 1248W,  83,    0,   ,   0,    ,    0,    0,    0,    0, 
EP, 16, 2026092012, 03, HCCA, 120, 172N, 1240W,  80,    0,   ,   0,    ,    0,    0,    0,    0, 
EP, 16, 2026092012, 03, HCCA, 132, 184N, 1233W,  72,    0,   ,   0,    ,    0,    0,    0,    0, 
EP, 16, 2026092012, 03, HCCA, 144, 193N, 1229W,  63,    0,   ,   0,    ,    0,    0,    0,    0, 
EP, 16, 2026092012, 03, HCCA, 156, 202N, 1228W,  56,    0,   ,   0,    ,    0,    0,    0,    0, 
EP, 16, 2026092012, 03, HCCA, 168, 209N, 1222W,  46,    0,   ,   0,    ,    0,    0,    0,    0, 
EP, 16, 2026092012, 03, HFSA,   0, 110N, 1251W,  42, 1000, XX,  34, NEQ,   28,    0,    0,    0, 1004,   23,  16,   0,   0,    ,   0,    , 288,   8,           ,  ,  0,    ,    0,    0,    0,    0, THERMO PARAMS, 81, 57, 33, N, 10, DT, -999, SHR82, -99, 
EP, 16, 2026092012, 03, HFSA,   6, 115N, 1258W,  31, 1008, XX,  34, NEQ,    0,    0,    0,    0,  -99,  -99, 125,   0,   0,    ,   0,    , 327,   7,           ,  ,  0,    ,    0,    0,    0,    0, THERMO PARAMS, -9999, -9999, -9999, N, 10, DT, -999, SHR82, -99, 
EP, 16, 2026092012, 03, HFSA,  12, 125N, 1262W,  39, 1006, XX,  34, NEQ,    0,    0,    0,    0,  -99,  -99,  81,   0,   0,    ,   0,    , 344,   8,           ,  ,  0,    ,    0,    0,    0,    0, THERMO PARAMS, -26, 89, 105, N, 10, DT, -999, SHR82, -99, 
EP, 16, 2026092012, 03, HFSA,  18, 134N, 1266W,  35, 1008, XX,  34, NEQ,    0,    0,    0,    0,  -99,  -99,  90,   0,   0,    ,   0,    , 339,  10,           ,  ,  0,    ,    0,    0,    0,    0, THERMO PARAMS, -42, 67, 258, N, 10, DT, -999, SHR82, -99, 
EP, 16, 2026092012, 03, HFSA,  24, 140N, 1275W,  35, 1002, XX,  34, NEQ,    0,    0,    0,    0,  -99,  -99, 138,   0,   0,    ,   0,    , 321,   7,           ,  ,  0,    ,    0,    0,    0,    0, THERMO PARAMS, -24, 76, 141, N, 10, DT, -999, SHR82, -99, 
EP, 16, 2026092012, 03, HFSA,  30, 141N, 1280W,  36, 1007, XX,  34, NEQ,    0,    0,    0,    0, 1011,   69, 131,   0,   0,    ,   0,    , 331,   5,           ,  ,  0,    ,    0,    0,    0,    0, THERMO PARAMS, -16, -193, 222, N, 10, DT, -999, SHR82, -99, 
EP, 16, 2026092012, 03, HFSA,  36, 146N, 1285W,  33, 1004, XX,  34, NEQ,    0,    0,    0,    0,  -99,  -99,  51,   0,   0,    ,   0,    , 341,   5,           ,  ,  0,    ,    0,    0,    0,    0, THERMO PARAMS, -34, 141, 74, N, 10, DT, -999, SHR82, -99, 
EP, 16, 2026092012, 03, HFSA,  42, 148N, 1287W,  35, 1006, XX,  34, NEQ,    0,    0,    0,    0,  -99,  -99,  87,   0,   0,    ,   0,    ,  23,   3,           ,  ,  0,    ,    0,    0,    0,    0, THERMO PARAMS, -42, -63, 30, N, 10, DT, -999, SHR82, -99, 
EP, 16, 2026092012, 03, HFSA,  48, 149N, 1284W,  46, 1003, XX,  34, NEQ,    0,   29,   76,    0,  -99,  -99,  47,   0,   0,    ,   0,    ,  80,   7,           ,  ,  0,    ,    0,    0,    0,    0, THERMO PARAMS, 3, 441, 187, N, 10, DT, -999, SHR82, -99, 
EP, 16, 2026092012, 03, HFSA,  54, 148N, 1277W,  37, 1003, XX,  34, NEQ,    0,   36,    0,    0,  -99,  -99,  35,   0,   0,    ,   0,    , 101,   8,           ,  ,  0,    ,    0,    0,    0,    0, THERMO PARAMS, 19, 507, 334, N, 10, DT, -999, SHR82, -99, 
EP, 16, 2026092012, 03, HFSA,  60, 148N, 1271W,  42,  997, XX,  34, NEQ,   42,   91,    0,   42, 1001,   26,  26,   0,   0,    ,   0,    ,  96,   7,           ,  ,  0,    ,    0,    0,    0,    0, THERMO PARAMS, 33, 309, 521, N, 10, DT, -999, SHR82, -99, 
EP, 16, 2026092012, 03, HFSA,  66, 145N, 1263W,  44, 1000, XX,  34, NEQ,   44,   79,   29,    0, 1004,   31,  34,   0,   0,    ,   0,    , 104,  11,           ,  ,  0,    ,    0,    0,    0,    0, THERMO PARAMS, 48, 540, 303, N, 10, DT, -999, SHR82, -99, 
EP, 16, 2026092012, 03, HFSA,  72, 144N, 1253W,  60,  991, XX,  34, NEQ,   55,   91,  100,    0,  -99,  -99,  21,   0,   0,    ,   0,    ,  96,  12,           ,  ,  0,    ,    0,    0,    0,    0, THERMO PARAMS, 53, 387, 764, N, 10, DT, -999, SHR82, -99, 
EP, 16, 2026092012, 03, HFSA,  72, 144N, 1253W,  60,  991, XX,  50, NEQ,   26,   23,    0,    0,  -99,  -99,  21,   0,   0,    ,   0,    ,  96,  12,           ,  ,  0,    ,    0,    0,    0,    0, THERMO PARAMS, 53, 387, 764, N, 10, DT, -999, SHR82, -99, 
EP, 16, 2026092012, 03, HFSA,  78, 144N, 1241W,  47,  995, XX,  34, NEQ,   66,  108,   96,   52,  999,   15,  14,   0,   0,    ,   0,    ,  83,  11,           ,  ,  0,    ,    0,    0,    0,    0, THERMO PARAMS, 36, 468, 602, N, 10, DT, -999, SHR82, -99, 
EP, 16, 2026092012, 03, HFSA,  84, 145N, 1231W,  52,  992, XX,  34, NEQ,   66,  120,  136,   57,  996,   21,  53,   0,   0,    ,   0,    ,  80,  11,           ,  ,  0,    ,    0,    0,    0,    0, THERMO PARAMS, 45, 560, 463, N, 10, DT, -999, SHR82, -99, 
EP, 16, 2026092012, 03, HFSA,  90, 148N, 1223W,  50,  994, XX,  34, NEQ,   62,  133,   66,   68,  998,   33,  29,   0,   0,    ,   0,    ,  74,   8,           ,  ,  0,    ,    0,    0,    0,    0, THERMO PARAMS, 54, 710, 570, N, 10, DT, -999, SHR82, -99, 
EP, 16, 2026092012, 03, HFSA,  96, 151N, 1215W,  55,  988, XX,  34, NEQ,   62,   84,   84,   70,  992,    8,  38,   0,   0,    ,   0,    ,  74,   9,           ,  ,  0,    ,    0,    0,    0,    0, THERMO PARAMS, 49, 646, 974, N, 10, DT, -999, SHR82, -99, 
EP, 16, 2026092012, 03, HFSA,  96, 151N, 1215W,  55,  988, XX,  50, NEQ,    0,   42,    0,    0,  992,    8,  38,   0,   0,    ,   0,    ,  74,   9,           ,  ,  0,    ,    0,    0,    0,    0, THERMO PARAMS, 49, 646, 974, N, 10, DT, -999, SHR82, -99, 
EP, 16, 2026092012, 03, HFSA, 102, 154N, 1209W,  50,  991, XX,  34, NEQ,   63,   91,   53,   70,  999,   34,  37,   0,   0,    ,   0,    ,  59,   7,           ,  ,  0,    ,    0,    0,    0,    0, THERMO PARAMS, 39, 1102, 597, N, 10, DT, -999, SHR82, -99, 
EP, 16, 2026092012, 03, HFSA, 108, 157N, 1202W,  44,  988, XX,  34, NEQ,   71,   89,   63,   71,  996,   29,  23,   0,   0,    ,   0,    ,  77,   7,           ,  ,  0,    ,    0,    0,    0,    0, THERMO PARAMS, 50, 676, 836, N, 10, DT, -999, SHR82, -99, 
EP, 16, 2026092012, 03, HFSA, 114, 160N, 1197W,  52,  991, XX,  34, NEQ,   89,   81,   57,   79,  995,   18,  32,   0,   0,    ,   0,    ,  67,   5,           ,  ,  0,    ,    0,    0,    0,    0, THERMO PARAMS, 43, 707, 801, N, 10, DT, -999, SHR82, -99, 
EP, 16, 2026092012, 03, HFSA, 114, 160N, 1197W,  52,  991, XX,  50, NEQ,    0,    0,   34,    0,  995,   18,  32,   0,   0,    ,   0,    ,  67,   5,           ,  ,  0,    ,    0,    0,    0,    0, THERMO PARAMS, 43, 707, 801, N, 10, DT, -999, SHR82, -99, 
EP, 16, 2026092012, 03, HFSA, 120, 164N, 1193W,  45,  987, XX,  34, NEQ,   63,   60,   71,   62,  995,   25,  40,   0,   0,    ,   0,    ,  64,   5,           ,  ,  0,    ,    0,    0,    0,    0, THERMO PARAMS, 82, 891, 806, N, 10, DT, -999, SHR82, -99, 
EP, 16, 2026092012, 03, HFSA, 126, 163N, 1190W,  53,  990, XX,  34, NEQ,   89,   63,   86,   97, 1002,   48,  58,   0,   0,    ,   0,    , -99, -99,           ,  ,  0,    ,    0,    0,    0,    0, THERMO PARAMS, 33, 498, 920, N, 10, DT, -999, SHR82, -99, 
EP, 16, 2026092012, 03, HFSA, 126, 163N, 1190W,  53,  990, XX,  50, NEQ,    0,    0,   32,    0, 1002,   48,  58,   0,   0,    ,   0,    , -99, -99,           ,  ,  0,    ,    0,    0,    0,    0, THERMO PARAMS, 33, 498, 920, N, 10, DT, -999, SHR82, -99, 
EP, 16, 2026092012, 03, TVCN,   0, 111N, 1252W,   0,    0,   ,   0,    ,    0,    0,    0,    0, 
EP, 16, 2026092012, 03, TVCN,  12, 122N, 1265W,   0,    0,   ,   0,    ,    0,    0,    0,    0, 
EP, 16, 2026092012, 03, TVCN,  24, 135N, 1277W,   0,    0,   ,   0,    ,    0,    0,    0,    0, 
EP, 16, 2026092012, 03, TVCN,  36, 144N, 1285W,   0,    0,   ,   0,    ,    0,    0,    0,    0, 
EP, 16, 2026092012, 03, TVCN,  48, 149N, 1284W,   0,    0,   ,   0,    ,    0,    0,    0,    0, 
EP, 16, 2026092012, 03, TVCN,  60, 151N, 1275W,   0,    0,   ,   0,    ,    0,    0,    0,    0, 
EP, 16, 2026092012, 03, TVCN,  72, 153N, 1262W,   0,    0,   ,   0,    ,    0,    0,    0,    0, 
EP, 16, 2026092012, 03, TVCN,  84, 157N, 1249W,   0,    0,   ,   0,    ,    0,    0,    0,    0, 
EP, 16, 2026092012, 03, TVCN,  96, 163N, 1238W,   0,    0,   ,   0,    ,    0,    0,    0,    0, 
EP, 16, 2026092012, 03, TVCN, 108, 172N, 1229W,   0,    0,   ,   0,    ,    0,    0,    0,    0, 
EP, 16, 2026092012, 03, TVCN, 120, 180N, 1223W,   0,    0,   ,   0,    ,    0,    0,    0,    0, 
EP, 16, 2026092012, 03, TVCN, 132, 190N, 1217W,   0,    0,   ,   0,    ,    0,    0,    0,    0, 
EP, 16, 2026092012, 03, TVCN, 144, 205N, 1214W,   0,    0,   ,   0,    ,    0,    0,    0,    0, 
EP, 16, 2026092012, 03, TVCN, 156, 216N, 1209W,   0,    0,   ,   0,    ,    0,    0,    0,    0, 
EP, 16, 2026092012, 03, TVCN, 168, 225N, 1204W,   0,    0,   ,   0,    ,    0,    0,    0,    0, 
EP, 16, 2026092018, 03, AVNO,   0, 112N, 1259W,  49, 1001, XX,  34, NEQ,   62,   78,   75,   46, 1009,   53,  32,   0,   0, 
EP, 16, 2026092018, 03, AVNO,   6, 124N, 1268W,  50,  996, XX,  34, NEQ,   71,   76,    0,   49, 1008,  180,  40,   0,   0, 
EP, 16, 2026092018, 03, AVNO,   6, 124N, 1268W,  50,  996, XX,  50, NEQ,   41,    0,    0,    0, 1008,  180,  40,   0,   0, 
EP, 16, 2026092018, 03, AVNO,  12, 134N, 1278W,  43,  999, XX,  34, NEQ,   85,   79,    0,   69, 1011,  133,  38,   0,   0, 
EP, 16, 2026092018, 03, AVNO,  18, 139N, 1289W,  39,  996, XX,  34, NEQ,   61,  117,   36,   71, 1008,   98,  39,   0,   0, 
EP, 16, 2026092018, 03, AVNO,  24, 141N, 1296W,  54,  999, XX,  34, NEQ,   60,   73,   71,   54, 1011,  102,  23,   0,   0, 
EP, 16, 2026092018, 03, AVNO,  24, 141N, 1296W,  54,  999, XX,  50, NEQ,   23,   23,    0,    0, 1011,  102,  23,   0,   0, 
EP, 16, 2026092018, 03, AVNO,  30, 146N, 1298W,  46,  996, XX,  34, NEQ,   48,   62,   69,   47, 1008,  109,  38,   0,   0, 
EP, 16, 2026092018, 03, AVNO,  36, 149N, 1299W,  54,  992, XX,  34, NEQ,   57,   65,   43,   65, 1012,  164,  23,   0,   0, 
EP, 16, 2026092018, 03, AVNO,  36, 149N, 1299W,  54,  992, XX,  50, NEQ,   23,    0,    0,    0, 1012,  164,  23,   0,   0, 
EP, 16, 2026092018, 03, AVNO,  42, 150N, 1294W,  54,  989, XX,  34, NEQ,   48,   81,   65,   44, 1009,  129,  24,   0,   0, 
EP, 16, 2026092018, 03, AVNO,  42, 150N, 1294W,  54,  989, XX,  50, NEQ,   28,   32,    0,    0, 1009,  129,  24,   0,   0, 
EP, 16, 2026092018, 03, AVNO,  48, 151N, 1287W,  55,  990, XX,  34, NEQ,   52,   76,   60,   61, 1010,   98,  23,   0,   0, 
EP, 16, 2026092018, 03, AVNO,  48, 151N, 1287W,  55,  990, XX,  50, NEQ,    0,   37,    0,    0, 1010,   98,  23,   0,   0, 
EP, 16, 2026092018, 03, AVNO,  54, 152N, 1278W,  56,  984, XX,  34, NEQ,   53,   87,   63,   63, 1008,  163,  23,   0,   0, 
EP, 16, 2026092018, 03, AVNO,  54, 152N, 1278W,  56,  984, XX,  50, NEQ,   30,   35,    0,    0, 1008,  163,  23,   0,   0, 
EP, 16, 2026092018, 03, AVNO,  60, 152N, 1269W,  58,  984, XX,  34, NEQ,   69,   83,   63,   68, 1012,  209,  28,   0,   0, 
EP, 16, 2026092018, 03, AVNO,  60, 152N, 1269W,  58,  984, XX,  50, NEQ,   30,   41,   32,   37, 1012,  209,  28,   0,   0, 
EP, 16, 2026092018, 03, AVNO,  66, 153N, 1262W,  69,  975, XX,  34, NEQ,   89,   86,   70,   81, 1007,  143,  28,   0,   0, 
EP, 16, 2026092018, 03, AVNO,  66, 153N, 1262W,  69,  975, XX,  50, NEQ,   40,   38,   37,   32, 1007,  143,  28,   0,   0, 
EP, 16, 2026092018, 03, AVNO,  66, 153N, 1262W,  69,  975, XX,  64, NEQ,   29,   26,    0,    0, 1007,  143,  28,   0,   0, 
EP, 16, 2026092018, 03, AVNO,  72, 153N, 1254W,  67,  975, XX,  34, NEQ,   92,   92,   72,   77, 1011,  190,  19,   0,   0, 
EP, 16, 2026092018, 03, AVNO,  72, 153N, 1254W,  67,  975, XX,  50, NEQ,   37,   40,   42,   40, 1011,  190,  19,   0,   0, 
EP, 16, 2026092018, 03, AVNO,  72, 153N, 1254W,  67,  975, XX,  64, NEQ,    0,   23,    0,    0, 1011,  190,  19,   0,   0, 
EP, 16, 2026092018, 03, AVNO,  78, 154N, 1247W,  70,  969, XX,  34, NEQ,   67,   80,   74,   83,  989,   33,  14,   0,   0, 
EP, 16, 2026092018, 03, AVNO,  78, 154N, 1247W,  70,  969, XX,  50, NEQ,   40,   42,   48,   48,  989,   33,  14,   0,   0, 
EP, 16, 2026092018, 03, AVNO,  78, 154N, 1247W,  70,  969, XX,  64, NEQ,   28,   28,   31,   25,  989,   33,  14,   0,   0, 
EP, 16, 2026092018, 03, AVNO,  84, 156N, 1241W,  73,  971, XX,  34, NEQ,   85,   75,   68,   85,  991,   29,  22,   0,   0, 
EP, 16, 2026092018, 03, AVNO,  84, 156N, 1241W,  73,  971, XX,  50, NEQ,   41,   42,   38,   44,  991,   29,  22,   0,   0, 
EP, 16, 2026092018, 03, AVNO,  84, 156N, 1241W,  73,  971, XX,  64, NEQ,   29,   30,   28,   31,  991,   29,  22,   0,   0, 
EP, 16, 2026092018, 03, AVNO,  90, 159N, 1235W,  72,  967, XX,  34, NEQ,   67,   70,   73,   75, 1007,  161,  23,   0,   0, 
EP, 16, 2026092018, 03, AVNO,  90, 159N, 1235W,  72,  967, XX,  50, NEQ,   43,   44,   38,   42, 1007,  161,  23,   0,   0, 
EP, 16, 2026092018, 03, AVNO,  90, 159N, 1235W,  72,  967, XX,  64, NEQ,   31,   32,   20,   31, 1007,  161,  23,   0,   0, 
EP, 16, 2026092018, 03, AVNO,  96, 161N, 1229W,  71,  972, XX,  34, NEQ,   70,   78,   72,   72, 1008,  113,  21,   0,   0, 
EP, 16, 2026092018, 03, AVNO,  96, 161N, 1229W,  71,  972, XX,  50, NEQ,   41,   45,   40,   38, 1008,  113,  21,   0,   0, 
EP, 16, 2026092018, 03, AVNO,  96, 161N, 1229W,  71,  972, XX,  64, NEQ,   24,   27,   29,   26, 1008,  113,  21,   0,   0, 
EP, 16, 2026092018, 03, AVNO, 102, 165N, 1222W,  70,  970, XX,  34, NEQ,   61,   71,   74,   71,  990,   29,  23,   0,   0, 
EP, 16, 2026092018, 03, AVNO, 102, 165N, 1222W,  70,  970, XX,  50, NEQ,   34,   37,   43,   39,  990,   29,  23,   0,   0, 
EP, 16, 2026092018, 03, AVNO, 102, 165N, 1222W,  70,  970, XX,  64, NEQ,    0,    0,   34,   30,  990,   29,  23,   0,   0, 
EP, 16, 2026092018, 03, AVNO, 108, 168N, 1217W,  69,  975, XX,  34, NEQ,   78,   70,   67,   77, 1007,   98,  23,   0,   0, 
EP, 16, 2026092018, 03, AVNO, 108, 168N, 1217W,  69,  975, XX,  50, NEQ,   34,   39,   38,   42, 1007,   98,  23,   0,   0, 
EP, 16, 2026092018, 03, AVNO, 108, 168N, 1217W,  69,  975, XX,  64, NEQ,    0,    0,   26,   26, 1007,   98,  23,   0,   0, 
EP, 16, 2026092018, 03, AVNO, 114, 172N, 1213W,  61,  975, XX,  34, NEQ,   66,   70,   71,   74,  991,   32,  26,   0,   0, 
EP, 16, 2026092018, 03, AVNO, 114, 172N, 1213W,  61,  975, XX,  50, NEQ,   39,   42,   32,   41,  991,   32,  26,   0,   0, 
EP, 16, 2026092018, 03, AVNO, 120, 173N, 1211W,  65,  977, XX,  34, NEQ,   72,   65,   79,   80, 1009,  147,  22,   0,   0, 
EP, 16, 2026092018, 03, AVNO, 120, 173N, 1211W,  65,  977, XX,  50, NEQ,   36,   36,   44,   41, 1009,  147,  22,   0,   0, 
EP, 16, 2026092018, 03, AVNO, 120, 173N, 1211W,  65,  977, XX,  64, NEQ,    0,    0,   25,   27, 1009,  147,  22,   0,   0, 
EP, 16, 2026092018, 03, AVNO, 126, 176N, 1209W,  67,  973, XX,  34, NEQ,   82,   62,   71,   83, 1005,  104,  20,   0,   0, 
EP, 16, 2026092018, 03, AVNO, 126, 176N, 1209W,  67,  973, XX,  50, NEQ,   44,   35,   39,   43, 1005,  104,  20,   0,   0, 
EP, 16, 2026092018, 03, AVNO, 126, 176N, 1209W,  67,  973, XX,  64, NEQ,    0,    0,   31,   28, 1005,  104,  20,   0,   0, 
EP, 16, 2026092018, 03, AVNO, 132, 178N, 1211W,  70,  973, XX,  34, NEQ,   76,   61,   69,   79,  989,   24,  29,   0,   0, 
EP, 16, 2026092018, 03, AVNO, 132, 178N, 1211W,  70,  973, XX,  50, NEQ,   41,   38,   41,   39,  989,   24,  29,   0,   0, 
EP, 16, 2026092018, 03, AVNO, 132, 178N, 1211W,  70,  973, XX,  64, NEQ,    0,    0,   31,    0,  989,   24,  29,   0,   0, 
EP, 16, 2026092018, 03, AVNO, 138, 180N, 1213W,  70,  971, XX,  34, NEQ,   73,   65,   71,   74,  987,   30,  24,   0,   0, 
EP, 16, 2026092018, 03, AVNO, 138, 180N, 1213W,  70,  971, XX,  50, NEQ,   40,   37,   40,   43,  987,   30,  24,   0,   0, 
EP, 16, 2026092018, 03, AVNO, 138, 180N, 1213W,  70,  971, XX,  64, NEQ,    0,   28,   25,   29,  987,   30,  24,   0,   0, 
EP, 16, 2026092018, 03, AVNO, 144, 183N, 1217W,  66,  974, XX,  34, NEQ,   63,   67,   73,   76, 1006,   95,  26,   0,   0, 
EP, 16, 2026092018, 03, AVNO, 144, 183N, 1217W,  66,  974, XX,  50, NEQ,   40,   43,   36,   44, 1006,   95,  26,   0,   0, 
EP, 16, 2026092018, 03, AVNO, 144, 183N, 1217W,  66,  974, XX,  64, NEQ,    0,    0,    0,   29, 1006,   95,  26,   0,   0, 
EP, 16, 2026092018, 03, AVNO, 150, 187N, 1222W,  66,  972, XX,  34, NEQ,   64,   62,   67,   73, 1004,  107,  21,   0,   0, 
EP, 16, 2026092018, 03, AVNO, 150, 187N, 1222W,  66,  972, XX,  50, NEQ,   39,   41,   38,   42, 1004,  107,  21,   0,   0, 
EP, 16, 2026092018, 03, AVNO, 150, 187N, 1222W,  66,  972, XX,  64, NEQ,   22,    0,   23,   26, 1004,  107,  21,   0,   0, 
EP, 16, 2026092018, 03, AVNO, 156, 191N, 1228W,  65,  978, XX,  34, NEQ,   67,   59,   58,   70, 1006,   96,  26,   0,   0, 
EP, 16, 2026092018, 03, AVNO, 156, 191N, 1228W,  65,  978, XX,  50, NEQ,   43,   36,   34,   43, 1006,   96,  26,   0,   0, 
EP, 16, 2026092018, 03, AVNO, 156, 191N, 1228W,  65,  978, XX,  64, NEQ,   27,    0,    0,    0, 1006,   96,  26,   0,   0, 
EP, 16, 2026092018, 03, AVNO, 162, 195N, 1233W,  62,  979, XX,  34, NEQ,   65,   61,   58,   68, 1003,   74,  22,   0,   0, 
EP, 16, 2026092018, 03, AVNO, 162, 195N, 1233W,  62,  979, XX,  50, NEQ,   39,   29,   34,   36, 1003,   74,  22,   0,   0, 
EP, 16, 2026092018, 03, AVNO, 168, 197N, 1238W,  55,  984, XX,  34, NEQ,   63,   61,   55,   66, 1004,   57,  30,   0,   0, 
EP, 16, 2026092018, 03, AVNO, 168, 197N, 1238W,  55,  984, XX,  50, NEQ,   36,    0,   31,   36, 1004,   57,  30,   0,   0, 
EP, 16, 2026092018, 03, AVNO, 174, 199N, 1242W,  51,  986, XX,  34, NEQ,   55,   50,   61,   67, 1002,   60,  33,   0,   0, 
EP, 16, 2026092018, 03, AVNO, 174, 199N, 1242W,  51,  986, XX,  50, NEQ,    0,    0,    0,   34, 1002,   60,  33,   0,   0, 
EP, 16, 2026092018, 03, AVNO, 180, 199N, 1246W,  45,  993, XX,  34, NEQ,   54,   44,   51,   61, 1005,   67,  29,   0,   0, 
EP, 16, 2026092018, 03, AVNO, 186, 198N, 1250W,  40,  993, XX,  34, NEQ,   59,   32,   55,   66, 1001,   43,  40,   0,   0, 
EP, 16, 2026092018, 03, AVNO, 192, 192N, 1252W,  37,  997, XX,  34, NEQ,    0,    0,   49,   59, 1005,   62,  50,   0,   0, 
EP, 16, 2026092018, 03, AVNO, 198, 187N, 1251W,  36,  996, XX,  34, NEQ,    0,    0,    0,   46, 1000,   30,  38,   0,   0, 
EP, 16, 2026092018, 03, AVNO, 204, 183N, 1250W,  32,  999, XX,  34, NEQ,    0,    0,    0,    0, 1003,   33,  41,   0,   0, 
EP, 16, 2026092018, 03, AVNO, 210, 181N, 1246W,  30,  998, XX,  34, NEQ,    0,    0,    0,    0, 1002,   41,  44,   0,   0, 
EP, 16, 2026092018, 03, AVNO, 216, 179N, 1241W,  28, 1001, XX,  34, NEQ,    0,    0,    0,    0, 1005,   47,  41,   0,   0, 
EP, 16, 2026092018, 03, AVNO, 222, 180N, 1235W,  26,  999, XX,  34, NEQ,    0,    0,    0,    0, 1003,   59,  47,   0,   0, 
EP, 16, 2026092018, 03, AVNO, 228, 181N, 1229W,  23, 1003, XX,  34, NEQ,    0,    0,    0,    0, 1007,   76,  53,   0,   0, 
EP, 16, 2026092018, 03, AVNO, 234, 184N, 1225W,  21, 1002, XX,  34, NEQ,    0,    0,    0,    0,  -99,  -99,  39,   0,   0, 
EP, 16, 2026092018, 03, AVNO, 240, 190N, 1223W,  22, 1005, XX,  34, NEQ,    0,    0,    0,    0,  -99,  -99,  49,   0,   0, 
EP, 16, 2026092018, 03, HCCA,   0, 115N, 1262W,  45,    0,   ,   0,    ,    0,    0,    0,    0, 
EP, 16, 2026092018, 03, HCCA,  12, 129N, 1279W,  54,    0,   ,   0,    ,    0,    0,    0,    0, 
EP, 16, 2026092018, 03, HCCA,  24, 141N, 1292W,  61,    0,   ,   0,    ,    0,    0,    0,    0, 
EP, 16, 2026092018, 03, HCCA,  36, 148N, 1298W,  78,    0,   ,   0,    ,    0,    0,    0,    0, 
EP, 16, 2026092018, 03, HCCA,  48, 150N, 1295W,  79,    0,   ,   0,    ,    0,    0,    0,    0, 
EP, 16, 2026092018, 03, HCCA,  60, 151N, 1286W,  70,    0,   ,   0,    ,    0,    0,    0,    0, 
EP, 16, 2026092018, 03, HCCA,  72, 151N, 1274W,  69,    0,   ,   0,    ,    0,    0,    0,    0, 
EP, 16, 2026092018, 03, HCCA,  84, 156N, 1262W,  69,    0,   ,   0,    ,    0,    0,    0,    0, 
EP, 16, 2026092018, 03, HCCA,  96, 164N, 1248W,  69,    0,   ,   0,    ,    0,    0,    0,    0, 
EP, 16, 2026092018, 03, HCCA, 108, 173N, 1232W,  64,    0,   ,   0,    ,    0,    0,    0,    0, 
EP, 16, 2026092018, 03, HCCA, 120, 181N, 1219W,  55,    0,   ,   0,    ,    0,    0,    0,    0, 
EP, 16, 2026092018, 03, HCCA, 132, 192N, 1208W,  60,    0,   ,   0,    ,    0,    0,    0,    0, 
EP, 16, 2026092018, 03, HCCA, 144, 197N, 1201W,  59,    0,   ,   0,    ,    0,    0,    0,    0, 
EP, 16, 2026092018, 03, HCCA, 156, 202N, 1195W,  52,    0,   ,   0,    ,    0,    0,    0,    0, 
EP, 16, 2026092018, 03, HCCA, 168, 206N, 1185W,  41,    0,   ,   0,    ,    0,    0,    0,    0, 
EP, 16, 2026092018, 03, HFSA,   0, 117N, 1262W,  45, 1004, XX,  34, NEQ,  110,  121,  102,   94, 1008,   53,  47,   0,   0,    ,   0,    , 299,   9,           ,  ,  0,    ,    0,    0,    0,    0, THERMO PARAMS, 82, 523, 108, N, 10, DT, -999, SHR82, -99, 
EP, 16, 2026092018, 03, HFSA,   6, 125N, 1266W,  43, 1003, XX,  34, NEQ,   60,   47,    0,    0, 1007,   89,  32,   0,   0,    ,   0,    , 345,  12,           ,  ,  0,    ,    0,    0,    0,    0, THERMO PARAMS, -9999, -9999, -9999, N, 10, DT, -999, SHR82, -99, 
EP, 16, 2026092018, 03, HFSA,  12, 135N, 1277W,  39, 1006, XX,  34, NEQ,    0,    0,    0,    0,  -99,  -99,  97,   0,   0,    ,   0,    , 313,  12,           ,  ,  0,    ,    0,    0,    0,    0, THERMO PARAMS, -9999, -9999, -9999, N, 10, DT, -999, SHR82, -99, 
EP, 16, 2026092018, 03, HFSA,  18, 140N, 1288W,  36, 1003, XX,  34, NEQ,    0,    0,    0,    0, 1007,   62, 136,   0,   0,    ,   0,    , 316,  10,           ,  ,  0,    ,    0,    0,    0,    0, THERMO PARAMS, 17, -142, 207, N, 10, DT, -999, SHR82, -99, 
EP, 16, 2026092018, 03, HFSA,  24, 143N, 1294W,  35, 1005, XX,  34, NEQ,    0,    0,    0,    0, 1009,   45,  63,   0,   0,    ,   0,    , 340,   6,           ,  ,  0,    ,    0,    0,    0,    0, THERMO PARAMS, -20, 296, 38, N, 10, DT, -999, SHR82, -99, 
EP, 16, 2026092018, 03, HFSA,  30, 148N, 1298W,  34, 1002, XX,  34, NEQ,    0,    0,    0,    0,  -99,  -99,  73,   0,   0,    ,   0,    , 333,   6,           ,  ,  0,    ,    0,    0,    0,    0, THERMO PARAMS, -27, 428, 26, N, 10, DT, -999, SHR82, -99, 
EP, 16, 2026092018, 03, HFSA,  36, 153N, 1300W,  41, 1003, XX,  34, NEQ,   63,   58,    0,    0,  -99,  -99,  61,   0,   0,    ,   0,    , 357,   6,           ,  ,  0,    ,    0,    0,    0,    0, THERMO PARAMS, -34, 236, 321, N, 10, DT, -999, SHR82, -99, 
EP, 16, 2026092018, 03, HFSA,  42, 158N, 1303W,  38,  999, XX,  34, NEQ,    0,   55,    0,   21, 1003,   19,  37,   0,   0,    ,   0,    , 353,   4,           ,  ,  0,    ,    0,    0,    0,    0, THERMO PARAMS, -58, 805, -53, N, 10, DT, -999, SHR82, -99, 
EP, 16, 2026092018, 03, HFSA,  48, 155N, 1302W,  36, 1001, XX,  34, NEQ,    0,    0,    0,    0, 1005,   22, 141,   0,   0,    ,   0,    , 106,   4,           ,  ,  0,    ,    0,    0,    0,    0, THERMO PARAMS, 46, 834, -73, N, 10, DT, -999, SHR82, -99, 
EP, 16, 2026092018, 03, HFSA,  54, 151N, 1297W,  39,  997, XX,  34, NEQ,    0,    0,    0,    0, 1005,   71, 160,   0,   0,    ,   0,    , 111,   9,           ,  ,  0,    ,    0,    0,    0,    0, THERMO PARAMS, 26, 1165, -23, N, 10, DT, -999, SHR82, -99, 
EP, 16, 2026092018, 03, HFSA,  60, 146N, 1287W,  41,  997, XX,  34, NEQ,   32,   79,  102,    0, 1001,   15,  19,   0,   0,    ,   0,    , 106,  10,           ,  ,  0,    ,    0,    0,    0,    0, THERMO PARAMS, 9, 325, 537, N, 10, DT, -999, SHR82, -99, 
EP, 16, 2026092018, 03, HFSA,  66, 144N, 1275W,  55,  991, XX,  34, NEQ,   49,  125,  121,    6,  995,    4,  35,   0,   0,    ,   0,    ,  94,  12,           ,  ,  0,    ,    0,    0,    0,    0, THERMO PARAMS, -16, 386, 562, N, 10, DT, -999, SHR82, -99, 
EP, 16, 2026092018, 03, HFSA,  66, 144N, 1275W,  55,  991, XX,  50, NEQ,    0,   37,    0,    0,  995,    4,  35,   0,   0,    ,   0,    ,  94,  12,           ,  ,  0,    ,    0,    0,    0,    0, THERMO PARAMS, -16, 386, 562, N, 10, DT, -999, SHR82, -99, 
EP, 16, 2026092018, 03, HFSA,  72, 146N, 1265W,  52,  996, XX,  34, NEQ,   63,  115,  117,   16, 1000,   10,  38,   0,   0,    ,   0,    ,  81,  10,           ,  ,  0,    ,    0,    0,    0,    0, THERMO PARAMS, 17, 436, 600, N, 10, DT, -999, SHR82, -99, 
EP, 16, 2026092018, 03, HFSA,  72, 146N, 1265W,  52,  996, XX,  50, NEQ,    0,   37,    0,    0, 1000,   10,  38,   0,   0,    ,   0,    ,  81,  10,           ,  ,  0,    ,    0,    0,    0,    0, THERMO PARAMS, 17, 436, 600, N, 10, DT, -999, SHR82, -99, 
EP, 16, 2026092018, 03, HFSA,  78, 150N, 1253W,  61,  991, XX,  34, NEQ,   62,  115,  141,   55,  995,   35,  38,   0,   0,    ,   0,    ,  67,  12,           ,  ,  0,    ,    0,    0,    0,    0, THERMO PARAMS, 1, 646, 688, N, 10, DT, -999, SHR82, -99, 
EP, 16, 2026092018, 03, HFSA,  78, 150N, 1253W,  61,  991, XX,  50, NEQ,   37,   44,    0,    0,  995,   35,  38,   0,   0,    ,   0,    ,  67,  12,           ,  ,  0,    ,    0,    0,    0,    0, THERMO PARAMS, 1, 646, 688, N, 10, DT, -999, SHR82, -99, 
EP, 16, 2026092018, 03, HFSA,  84, 153N, 1248W,  51,  992, XX,  34, NEQ,   74,  128,   62,   68, 1000,   33,  63,   0,   0,    ,   0,    ,  63,   7,           ,  ,  0,    ,    0,    0,    0,    0, THERMO PARAMS, 32, 1222, 571, N, 10, DT, -999, SHR82, -99, 
EP, 16, 2026092018, 03, HFSA,  90, 156N, 1241W,  54,  990, XX,  34, NEQ,   79,  118,   76,   74,  994,   20,  28,   0,   0,    ,   0,    ,  65,   8,           ,  ,  0,    ,    0,    0,    0,    0, THERMO PARAMS, 62, 987, 634, N, 10, DT, -999, SHR82, -99, 
EP, 16, 2026092018, 03, HFSA,  90, 156N, 1241W,  54,  990, XX,  50, NEQ,    0,    0,    0,   29,  994,   20,  28,   0,   0,    ,   0,    ,  65,   8,           ,  ,  0,    ,    0,    0,    0,    0, THERMO PARAMS, 62, 987, 634, N, 10, DT, -999, SHR82, -99, 
EP, 16, 2026092018, 03, HFSA,  96, 159N, 1234W,  54,  991, XX,  34, NEQ,   92,   81,   66,   78,  999,   42,  33,   0,   0,    ,   0,    ,  66,   7,           ,  ,  0,    ,    0,    0,    0,    0, THERMO PARAMS, 39, 718, 739, N, 10, DT, -999, SHR82, -99, 
EP, 16, 2026092018, 03, HFSA,  96, 159N, 1234W,  54,  991, XX,  50, NEQ,   34,    0,    0,    0,  999,   42,  33,   0,   0,    ,   0,    ,  66,   7,           ,  ,  0,    ,    0,    0,    0,    0, THERMO PARAMS, 39, 718, 739, N, 10, DT, -999, SHR82, -99, 
EP, 16, 2026092018, 03, HFSA, 102, 161N, 1228W,  56,  988, XX,  34, NEQ,   73,   92,   66,   92,  -99,  -99,  24,   0,   0,    ,   0,    ,  80,   6,           ,  ,  0,    ,    0,    0,    0,    0, THERMO PARAMS, 61, 790, 874, N, 10, DT, -999, SHR82, -99, 
EP, 16, 2026092018, 03, HFSA, 102, 161N, 1228W,  56,  988, XX,  50, NEQ,   37,    0,    0,   37,  -99,  -99,  24,   0,   0,    ,   0,    ,  80,   6,           ,  ,  0,    ,    0,    0,    0,    0, THERMO PARAMS, 61, 790, 874, N, 10, DT, -999, SHR82, -99, 
EP, 16, 2026092018, 03, HFSA, 108, 162N, 1225W,  55,  990, XX,  34, NEQ,   91,   71,   71,   79,  994,   19,  29,   0,   0,    ,   0,    ,  82,   3,           ,  ,  0,    ,    0,    0,    0,    0, THERMO PARAMS, 40, 542, 899, N, 10, DT, -999, SHR82, -99, 
EP, 16, 2026092018, 03, HFSA, 108, 162N, 1225W,  55,  990, XX,  50, NEQ,    0,    0,    0,   42,  994,   19,  29,   0,   0,    ,   0,    ,  82,   3,           ,  ,  0,    ,    0,    0,    0,    0, THERMO PARAMS, 40, 542, 899, N, 10, DT, -999, SHR82, -99, 
EP, 16, 2026092018, 03, HFSA, 114, 163N, 1223W,  55,  985, XX,  34, NEQ,   71,   58,   66,   68,  997,   33,  20,   0,   0,    ,   0,    ,  83,   2,           ,  ,  0,    ,    0,    0,    0,    0, THERMO PARAMS, 41, 811, 1237, N, 10, DT, -999, SHR82, -99, 
EP, 16, 2026092018, 03, HFSA, 114, 163N, 1223W,  55,  985, XX,  50, NEQ,    0,    0,    0,   23,  997,   33,  20,   0,   0,    ,   0,    ,  83,   2,           ,  ,  0,    ,    0,    0,    0,    0, THERMO PARAMS, 41, 811, 1237, N, 10, DT, -999, SHR82, -99, 
EP, 16, 2026092018, 03, HFSA, 120, 163N, 1221W,  58,  984, XX,  34, NEQ,   52,   55,   84,   87,  996,   26,  19,   0,   0,    ,   0,    ,  66,   1,           ,  ,  0,    ,    0,    0,    0,    0, THERMO PARAMS, 45, 1185, 1150, N, 10, DT, -999, SHR82, -99, 
EP, 16, 2026092018, 03, HFSA, 120, 163N, 1221W,  58,  984, XX,  50, NEQ,   24,   21,   24,   23,  996,   26,  19,   0,   0,    ,   0,    ,  66,   1,           ,  ,  0,    ,    0,    0,    0,    0, THERMO PARAMS, 45, 1185, 1150, N, 10, DT, -999, SHR82, -99, 
EP, 16, 2026092018, 03, HFSA, 126, 162N, 1219W,  66,  978, XX,  34, NEQ,   89,   58,   86,   96,  998,   40,  15,   0,   0,    ,   0,    , -99, -99,           ,  ,  0,    ,    0,    0,    0,    0, THERMO PARAMS, 27, 1238, 1332, N, 10, DT, -999, SHR82, -99, 
EP, 16, 2026092018, 03, HFSA, 126, 162N, 1219W,  66,  978, XX,  50, NEQ,   26,   28,   26,   26,  998,   40,  15,   0,   0,    ,   0,    , -99, -99,           ,  ,  0,    ,    0,    0,    0,    0, THERMO PARAMS, 27, 1238, 1332, N, 10, DT, -999, SHR82, -99, 
EP, 16, 2026092018, 03, HFSA, 126, 162N, 1219W,  66,  978, XX,  64, NEQ,    0,    0,   16,   16,  998,   40,  15,   0,   0,    ,   0,    , -99, -99,           ,  ,  0,    ,    0,    0,    0,    0, THERMO PARAMS, 27, 1238, 1332, N, 10, DT, -999, SHR82, -99, 
EP, 16, 2026092018, 03, TVCN,   0, 115N, 1262W,   0,    0,   ,   0,    ,    0,    0,    0,    0, 
EP, 16, 2026092018, 03, TVCN,  12, 129N, 1275W,   0,    0,   ,   0,    ,    0,    0,    0,    0, 
EP, 16, 2026092018, 03, TVCN,  24, 140N, 1287W,   0,    0,   ,   0,    ,    0,    0,    0,    0, 
EP, 16, 2026092018, 03, TVCN,  36, 147N, 1292W,   0,    0,   ,   0,    ,    0,    0,    0,    0, 
EP, 16, 2026092018, 03, TVCN,  48, 150N, 1287W,   0,    0,   ,   0,    ,    0,    0,    0,    0, 
EP, 16, 2026092018, 03, TVCN,  60, 150N, 1275W,   0,    0,   ,   0,    ,    0,    0,    0,    0, 
EP, 16, 2026092018, 03, TVCN,  72, 152N, 1261W,   0,    0,   ,   0,    ,    0,    0,    0,    0, 
EP, 16, 2026092018, 03, TVCN,  84, 157N, 1248W,   0,    0,   ,   0,    ,    0,    0,    0,    0, 
EP, 16, 2026092018, 03, TVCN,  96, 164N, 1237W,   0,    0,   ,   0,    ,    0,    0,    0,    0, 
EP, 16, 2026092018, 03, TVCN, 108, 172N, 1228W,   0,    0,   ,   0,    ,    0,    0,    0,    0, 
EP, 16, 2026092018, 03, TVCN, 120, 179N, 1222W,   0,    0,   ,   0,    ,    0,    0,    0,    0, 
EP, 16, 2026092018, 03, TVCN, 132, 185N, 1218W,   0,    0,   ,   0,    ,    0,    0,    0,    0, 
EP, 16, 2026092018, 03, TVCN, 144, 198N, 1224W,   0,    0,   ,   0,    ,    0,    0,    0,    0, 
EP, 16, 2026092018, 03, TVCN, 156, 204N, 1222W,   0,    0,   ,   0,    ,    0,    0,    0,    0, 
EP, 16, 2026092018, 03, TVCN, 168, 207N, 1220W,   0,    0,   ,   0,    ,    0,    0,    0,    0, 
EP, 16, 2026092100, 03,  UKX,   0, 125N, 1274W,  37, 1005, XX,  34, NEQ,   60,   52,    0,    0, 
EP, 16, 2026092100, 03,  UKX,   6, 135N, 1283W,  35, 1006, XX,  34, NEQ,   55,    0,    0,    0, 
EP, 16, 2026092100, 03,  UKX,  12, 142N, 1295W,  35, 1004, XX,  34, NEQ,    0,    0,    0,   81, 
EP, 16, 2026092100, 03,  UKX,  18, 144N, 1306W,  32, 1005, XX,  34, NEQ,    0,    0,    0,    0, 
EP, 16, 2026092100, 03,  UKX,  24, 145N, 1313W,  33, 1003, XX,  34, NEQ,    0,    0,    0,    0, 
EP, 16, 2026092100, 03,  UKX,  30, 148N, 1317W,  36, 1004, XX,  34, NEQ,    0,   50,    0,    0, 
EP, 16, 2026092100, 03,  UKX,  36, 151N, 1317W,  34, 1002, XX,  34, NEQ,    0,   56,    0,    0, 
EP, 16, 2026092100, 03,  UKX,  42, 151N, 1317W,  35, 1002, XX,  34, NEQ,    0,   47,    0,    0, 
EP, 16, 2026092100, 03,  UKX,  48, 152N, 1316W,  34, 1000, XX,  34, NEQ,    0,    0,    0,    0, 
EP, 16, 2026092100, 03,  UKX,  54, 150N, 1311W,  38, 1001, XX,  34, NEQ,   64,   82,   59,    0, 
EP, 16, 2026092100, 03,  UKX,  60, 151N, 1305W,  41,  997, XX,  34, NEQ,   61,   86,   65,   63, 
EP, 16, 2026092100, 03,  UKX,  66, 149N, 1300W,  43,  998, XX,  34, NEQ,   74,   97,   85,   73, 
EP, 16, 2026092100, 03,  UKX,  72, 152N, 1293W,  47,  994, XX,  34, NEQ,   94,  133,  103,   83, 
EP, 16, 2026092100, 03,  UKX,  78, 154N, 1288W,  45,  996, XX,  34, NEQ,   95,  116,  132,   82, 
EP, 16, 2026092100, 03,  UKX,  84, 158N, 1281W,  46,  993, XX,  34, NEQ,   90,  110,  108,   61, 
EP, 16, 2026092100, 03,  UKX,  90, 161N, 1275W,  42,  995, XX,  34, NEQ,  101,  126,  100,   79, 
EP, 16, 2026092100, 03,  UKX,  96, 165N, 1267W,  47,  992, XX,  34, NEQ,   96,  141,  107,   97, 
EP, 16, 2026092100, 03,  UKX, 102, 167N, 1260W,  46,  994, XX,  34, NEQ,  119,  136,  100,   86, 
EP, 16, 2026092100, 03,  UKX, 108, 170N, 1253W,  45,  992, XX,  34, NEQ,   96,  114,   75,   81, 
EP, 16, 2026092100, 03,  UKX, 114, 173N, 1245W,  44,  995, XX,  34, NEQ,   79,   85,   50,   65, 
EP, 16, 2026092100, 03,  UKX, 120, 179N, 1239W,  46,  993, XX,  34, NEQ,   76,   67,   50,   59, 
EP, 16, 2026092100, 03,  UKX, 126, 185N, 1234W,  49,  996, XX,  34, NEQ,   89,   84,   47,   75, 
EP, 16, 2026092100, 03,  UKX, 132, 191N, 1234W,  45,  996, XX,  34, NEQ,   75,   65,   42,   59, 
EP, 16, 2026092100, 03,  UKX, 138, 196N, 1235W,  40, 1000, XX,  34, NEQ,   56,   55,    0,   42, 
EP, 16, 2026092100, 03,  UKX, 144, 203N, 1237W,  39,  999, XX,  34, NEQ,   65,   38,   33,   63, 
EP, 16, 2026092100, 03, AVNO,   0, 124N, 1269W,  50,  996, XX,  34, NEQ,   77,   74,    0,   49, 1008,  728,  44,   0,   0, 
EP, 16, 2026092100, 03, AVNO,   6, 133N, 1278W,  40, 1001, XX,  34, NEQ,   70,   72,    0,   62, 1009,   56,  27,   0,   0, 
EP, 16, 2026092100, 03, AVNO,  12, 137N, 1289W,  43,  998, XX,  34, NEQ,   65,   76,    0,   58, 1002,   33,  60,   0,   0, 
EP, 16, 2026092100, 03, AVNO,  18, 141N, 1296W,  36, 1003, XX,  34, NEQ,    0,   40,   34,    0, 1011,   82,  39,   0,   0, 
EP, 16, 2026092100, 03, AVNO,  24, 144N, 1297W,  50,  997, XX,  34, NEQ,   32,   61,   53,   22, 1009,  132,  27,   0,   0, 
EP, 16, 2026092100, 03, AVNO,  30, 148N, 1295W,  37, 1001, XX,  34, NEQ,   49,   58,    0,    0, 1005,   21,  46,   0,   0, 
EP, 16, 2026092100, 03, AVNO,  36, 149N, 1290W,  44,  996, XX,  34, NEQ,   39,   88,  105,    0, 1008,   95,  48,   0,   0, 
EP, 16, 2026092100, 03, AVNO,  42, 150N, 1282W,  39,  996, XX,  34, NEQ,   28,   79,   42,   45, 1012,  161,  50,   0,   0, 
EP, 16, 2026092100, 03, AVNO,  48, 151N, 1271W,  41,  994, XX,  34, NEQ,   28,   82,   66,   34, 1010,  256,  29,   0,   0, 
EP, 16, 2026092100, 03, AVNO,  54, 151N, 1262W,  45,  994, XX,  34, NEQ,   76,   82,   64,   68, 1010,  156,  50,   0,   0, 
EP, 16, 2026092100, 03, AVNO,  60, 153N, 1252W,  50,  986, XX,  34, NEQ,   93,   76,   60,   81, 1006,  102,  44,   0,   0, 
EP, 16, 2026092100, 03, AVNO,  60, 153N, 1252W,  50,  986, XX,  50, NEQ,    0,   44,    0,    0, 1006,  102,  44,   0,   0, 
EP, 16, 2026092100, 03, AVNO,  66, 152N, 1245W,  59,  984, XX,  34, NEQ,   69,   58,   62,   66, 1008,  111,  26,   0,   0, 
EP, 16, 2026092100, 03, AVNO,  66, 152N, 1245W,  59,  984, XX,  50, NEQ,   33,   34,   35,   37, 1008,  111,  26,   0,   0, 
EP, 16, 2026092100, 03, AVNO,  72, 152N, 1236W,  56,  981, XX,  34, NEQ,   49,   57,   59,   66, 1005,   97,  27,   0,   0, 
EP, 16, 2026092100, 03, AVNO,  72, 152N, 1236W,  56,  981, XX,  50, NEQ,   26,   33,   36,    0, 1005,   97,  27,   0,   0, 
EP, 16, 2026092100, 03, AVNO,  78, 153N, 1229W,  58,  984, XX,  34, NEQ,   61,   61,   55,   62, 1008,  105,  22,   0,   0, 
EP, 16, 2026092100, 03, AVNO,  78, 153N, 1229W,  58,  984, XX,  50, NEQ,   27,   34,   33,   32, 1008,  105,  22,   0,   0, 
EP, 16, 2026092100, 03, AVNO,  84, 155N, 1223W,  55,  982, XX,  34, NEQ,   49,   58,   58,   56, 1006,  118,  19,   0,   0, 
EP, 16, 2026092100, 03, AVNO,  84, 155N, 1223W,  55,  982, XX,  50, NEQ,   27,   30,   33,   30, 1006,  118,  19,   0,   0, 
EP, 16, 2026092100, 03, AVNO,  90, 158N, 1217W,  57,  984, XX,  34, NEQ,   47,   61,   52,   54, 1008,  102,  24,   0,   0, 
EP, 16, 2026092100, 03, AVNO,  90, 158N, 1217W,  57,  984, XX,  50, NEQ,   26,   28,   32,   28, 1008,  102,  24,   0,   0, 
EP, 16, 2026092100, 03, AVNO,  96, 161N, 1211W,  59,  982, XX,  34, NEQ,   47,   54,   62,   59, 1006,  100,  30,   0,   0, 
EP, 16, 2026092100, 03, AVNO,  96, 161N, 1211W,  59,  982, XX,  50, NEQ,    0,    0,   36,   27, 1006,  100,  30,   0,   0, 
EP, 16, 2026092100, 03, AVNO, 102, 163N, 1206W,  59,  985, XX,  34, NEQ,   51,   52,   53,   55, 1009,  107,  24,   0,   0, 
EP, 16, 2026092100, 03, AVNO, 102, 163N, 1206W,  59,  985, XX,  50, NEQ,   28,    0,   31,   30, 1009,  107,  24,   0,   0, 
EP, 16, 2026092100, 03, AVNO, 108, 165N, 1201W,  52,  985, XX,  34, NEQ,   53,   56,   48,   50, 1005,   84,  27,   0,   0, 
EP, 16, 2026092100, 03, AVNO, 108, 165N, 1201W,  52,  985, XX,  50, NEQ,   27,    0,   33,   26, 1005,   84,  27,   0,   0, 
EP, 16, 2026092100, 03, AVNO, 114, 168N, 1199W,  53,  989, XX,  34, NEQ,   52,   52,   51,   59, 1009,  147,  25,   0,   0, 
EP, 16, 2026092100, 03, AVNO, 114, 168N, 1199W,  53,  989, XX,  50, NEQ,    0,    0,   32,   25, 1009,  147,  25,   0,   0, 
EP, 16, 2026092100, 03, AVNO, 120, 169N, 1199W,  49,  989, XX,  34, NEQ,   50,   47,   57,   63, 1005,  109,  22,   0,   0, 
EP, 16, 2026092100, 03, AVNO, 126, 171N, 1201W,  48,  991, XX,  34, NEQ,   58,   48,   49,   60, 1007,  131,  23,   0,   0, 
EP, 16, 2026092100, 03, AVNO, 132, 172N, 1204W,  44,  991, XX,  34, NEQ,   45,   46,   54,   51, 1003,   60,  29,   0,   0, 
EP, 16, 2026092100, 03, AVNO, 138, 175N, 1207W,  43,  993, XX,  34, NEQ,   43,   46,   48,   51, 1005,   59,  24,   0,   0, 
EP, 16, 2026092100, 03, AVNO, 144, 177N, 1211W,  42,  991, XX,  34, NEQ,   39,   44,   44,   48, 1003,   83,  32,   0,   0, 
EP, 16, 2026092100, 03, AVNO, 150, 178N, 1216W,  44,  993, XX,  34, NEQ,   46,   40,   39,   48, 1005,   61,  27,   0,   0, 
EP, 16, 2026092100, 03, AVNO, 156, 179N, 1221W,  40,  993, XX,  34, NEQ,   37,   41,   37,   46, 1001,   39,  25,   0,   0, 
EP, 16, 2026092100, 03, AVNO, 162, 177N, 1224W,  36,  996, XX,  34, NEQ,   35,   32,   40,   34, 1004,   45,  25,   0,   0, 
EP, 16, 2026092100, 03, AVNO, 168, 176N, 1226W,  35,  995, XX,  34, NEQ,    0,    0,   35,   37, 1003,   66,  35,   0,   0, 
EP, 16, 2026092100, 03, AVNO, 174, 172N, 1227W,  37,  998, XX,  34, NEQ,    0,   34,   38,   34, 1006,   71,  30,   0,   0, 
EP, 16, 2026092100, 03, AVNO, 180, 170N, 1223W,  34,  996, XX,  34, NEQ,    0,    0,   38,    0, 1000,   25,  38,   0,   0, 
EP, 16, 2026092100, 03, AVNO, 186, 165N, 1216W,  31, 1000, XX,  34, NEQ,    0,    0,    0,    0, 1004,   30,  38,   0,   0, 
EP, 16, 2026092100, 03, AVNO, 192, 160N, 1207W,  35,  997, XX,  34, NEQ,    0,    0,   38,    0, 1001,   36,  33,   0,   0, 
EP, 16, 2026092100, 03, AVNO, 198, 157N, 1197W,  33, 1000, XX,  34, NEQ,    0,    0,    0,    0, 1004,   37,  34,   0,   0, 
EP, 16, 2026092100, 03, AVNO, 204, 158N, 1186W,  32,  998, XX,  34, NEQ,    0,    0,    0,    0, 1002,   43,  32,   0,   0, 
EP, 16, 2026092100, 03, AVNO, 210, 160N, 1179W,  27, 1001, XX,  34, NEQ,    0,    0,    0,    0, 1005,   58,  33,   0,   0, 
EP, 16, 2026092100, 03, AVNO, 216, 164N, 1174W,  30,  999, XX,  34, NEQ,    0,    0,    0,    0, 1003,   58,  28,   0,   0, 
EP, 16, 2026092100, 03, AVNO, 222, 168N, 1173W,  25, 1003, XX,  34, NEQ,    0,    0,    0,    0, 1007,   79,  43,   0,   0, 
EP, 16, 2026092100, 03, AVNO, 228, 169N, 1175W,  27, 1000, XX,  34, NEQ,    0,    0,    0,    0, 1004,   47,  28,   0,   0, 
EP, 16, 2026092100, 03, AVNO, 234, 171N, 1176W,  23, 1004, XX,  34, NEQ,    0,    0,    0,    0, 1008,  173,  20,   0,   0, 
EP, 16, 2026092100, 03, AVNO, 240, 169N, 1180W,  21, 1002, XX,  34, NEQ,    0,    0,    0,    0,  -99,  -99,   9,   0,   0, 
EP, 16, 2026092100, 03, HCCA,   0, 128N, 1273W,  45,    0,   ,   0,    ,    0,    0,    0,    0, 
EP, 16, 2026092100, 03, HCCA,  12, 141N, 1291W,  48,    0,   ,   0,    ,    0,    0,    0,    0, 
EP, 16, 2026092100, 03, HCCA,  24, 150N, 1303W,  56,    0,   ,   0,    ,    0,    0,    0,    0, 
EP, 16, 2026092100, 03, HCCA,  36, 155N, 1304W,  65,    0,   ,   0,    ,    0,    0,    0,    0, 
EP, 16, 2026092100, 03, HCCA,  48, 155N, 1297W,  63,    0,   ,   0,    ,    0,    0,    0,    0, 
EP, 16, 2026092100, 03, HCCA,  60, 156N, 1285W,  65,    0,   ,   0,    ,    0,    0,    0,    0, 
EP, 16, 2026092100, 03, HCCA,  72, 160N, 1273W,  72,    0,   ,   0,    ,    0,    0,    0,    0, 
EP, 16, 2026092100, 03, HCCA,  84, 166N, 1260W,  77,    0,   ,   0,    ,    0,    0,    0,    0, 
EP, 16, 2026092100, 03, HCCA,  96, 174N, 1247W,  78,    0,   ,   0,    ,    0,    0,    0,    0, 
EP, 16, 2026092100, 03, HCCA, 108, 182N, 1235W,  75,    0,   ,   0,    ,    0,    0,    0,    0, 
EP, 16, 2026092100, 03, HCCA, 120, 189N, 1226W,  71,    0,   ,   0,    ,    0,    0,    0,    0, 
EP, 16, 2026092100, 03, HCCA, 132, 197N, 1219W,  68,    0,   ,   0,    ,    0,    0,    0,    0, 
EP, 16, 2026092100, 03, HCCA, 144, 205N, 1214W,  60,    0,   ,   0,    ,    0,    0,    0,    0, 
EP, 16, 2026092100, 03, HCCA, 156, 212N, 1214W,  50,    0,   ,   0,    ,    0,    0,    0,    0, 
EP, 16, 2026092100, 03, HCCA, 168, 213N, 1209W,  41,    0,   ,   0,    ,    0,    0,    0,    0, 
EP, 16, 2026092100, 03, HFSA,   0, 128N, 1273W,  47, 1002, XX,  34, NEQ,   92,   89,   57,   76, 1006,   72,  33,   0,   0,    ,   0,    , 309,  10,           ,  ,  0,    ,    0,    0,    0,    0, THERMO PARAMS, 43, -159, 22, N, 10, DT, -999, SHR82, -99, 
EP, 16, 2026092100, 03, HFSA,   6, 135N, 1283W,  44, 1004, XX,  34, NEQ,   62,   55,    0,    0,  -99,  -99,  43,   0,   0,    ,   0,    , 312,  12,           ,  ,  0,    ,    0,    0,    0,    0, THERMO PARAMS, -3, 249, 123, N, 10, DT, -999, SHR82, -99, 
EP, 16, 2026092100, 03, HFSA,  12, 139N, 1293W,  43,  997, XX,  34, NEQ,   36,   76,   53,   70, 1005,   47,  17,   0,   0,    ,   0,    , 316,   7,           ,  ,  0,    ,    0,    0,    0,    0, THERMO PARAMS, 43, 353, 186, N, 10, DT, -999, SHR82, -99, 
EP, 16, 2026092100, 03, HFSA,  18, 143N, 1294W,  45, 1000, XX,  34, NEQ,   21,   45,   44,    0, 1004,   19,  28,   0,   0,    ,   0,    ,   9,   6,           ,  ,  0,    ,    0,    0,    0,    0, THERMO PARAMS, -45, 275, 421, N, 10, DT, -999, SHR82, -99, 
EP, 16, 2026092100, 03, HFSA,  24, 149N, 1294W,  34,  998, XX,  34, NEQ,    0,    0,    0,    0, 1006,   58, 102,   0,   0,    ,   0,    ,   3,   5,           ,  ,  0,    ,    0,    0,    0,    0, THERMO PARAMS, -37, 719, -59, N, 10, DT, -999, SHR82, -99, 
EP, 16, 2026092100, 03, HFSA,  30, 152N, 1292W,  41, 1001, XX,  34, NEQ,   23,   68,    0,    0, 1009,   66,  37,   0,   0,    ,   0,    ,  45,   5,           ,  ,  0,    ,    0,    0,    0,    0, THERMO PARAMS, -7, 268, 170, N, 10, DT, -999, SHR82, -99, 
EP, 16, 2026092100, 03, HFSA,  36, 157N, 1288W,  45,  996, XX,  34, NEQ,   36,   87,  117,   23, 1000,   10,  20,   0,   0,    ,   0,    ,  44,   7,           ,  ,  0,    ,    0,    0,    0,    0, THERMO PARAMS, -55, 278, 117, N, 10, DT, -999, SHR82, -99, 
EP, 16, 2026092100, 03, HFSA,  42, 156N, 1285W,  37,  999, XX,  34, NEQ,   31,   49,    0,    0, 1007,   48,  34,   0,   0,    ,   0,    ,  92,   6,           ,  ,  0,    ,    0,    0,    0,    0, THERMO PARAMS, 74, 1061, 286, N, 10, DT, -999, SHR82, -99, 
EP, 16, 2026092100, 03, HFSA,  48, 156N, 1277W,  50,  990, XX,  34, NEQ,   37,   91,    2,   36, 1002,   40,  17,   0,   0,    ,   0,    ,  96,   9,           ,  ,  0,    ,    0,    0,    0,    0, THERMO PARAMS, 69, 491, 318, N, 10, DT, -999, SHR82, -99, 
EP, 16, 2026092100, 03, HFSA,  54, 153N, 1268W,  51,  993, XX,  34, NEQ,   58,  107,   76,   62,  997,   13,  20,   0,   0,    ,   0,    ,  93,   9,           ,  ,  0,    ,    0,    0,    0,    0, THERMO PARAMS, 65, 844, 576, N, 10, DT, -999, SHR82, -99, 
EP, 16, 2026092100, 03, HFSA,  60, 153N, 1256W,  53,  989, XX,  34, NEQ,   96,  146,   81,   66,  993,   15,  19,   0,   0,    ,   0,    ,  87,  10,           ,  ,  0,    ,    0,    0,    0,    0, THERMO PARAMS, 63, 324, 987, N, 10, DT, -999, SHR82, -99, 
EP, 16, 2026092100, 03, HFSA,  60, 153N, 1256W,  53,  989, XX,  50, NEQ,    0,   34,    0,    0,  993,   15,  19,   0,   0,    ,   0,    ,  87,  10,           ,  ,  0,    ,    0,    0,    0,    0, THERMO PARAMS, 63, 324, 987, N, 10, DT, -999, SHR82, -99, 
EP, 16, 2026092100, 03, HFSA,  66, 154N, 1248W,  64,  989, XX,  34, NEQ,  110,  104,   73,   68,  993,   13,  30,   0,   0,    ,   0,    ,  87,   8,           ,  ,  0,    ,    0,    0,    0,    0, THERMO PARAMS, 84, 1254, 789, N, 10, DT, -999, SHR82, -99, 
EP, 16, 2026092100, 03, HFSA,  66, 154N, 1248W,  64,  989, XX,  50, NEQ,   68,   29,   31,   40,  993,   13,  30,   0,   0,    ,   0,    ,  87,   8,           ,  ,  0,    ,    0,    0,    0,    0, THERMO PARAMS, 84, 1254, 789, N, 10, DT, -999, SHR82, -99, 
EP, 16, 2026092100, 03, HFSA,  72, 153N, 1240W,  60,  986, XX,  34, NEQ,  112,   60,   73,   81, 1002,   65,  30,   0,   0,    ,   0,    ,  88,   9,           ,  ,  0,    ,    0,    0,    0,    0, THERMO PARAMS, 76, 910, 689, N, 10, DT, -999, SHR82, -99, 
EP, 16, 2026092100, 03, HFSA,  72, 153N, 1240W,  60,  986, XX,  50, NEQ,   24,   34,   34,   37, 1002,   65,  30,   0,   0,    ,   0,    ,  88,   9,           ,  ,  0,    ,    0,    0,    0,    0, THERMO PARAMS, 76, 910, 689, N, 10, DT, -999, SHR82, -99, 
EP, 16, 2026092100, 03, HFSA,  78, 152N, 1234W,  56,  990, XX,  34, NEQ,   76,   68,   58,   63,  998,   30,  20,   0,   0,    ,   0,    ,  88,   6,           ,  ,  0,    ,    0,    0,    0,    0, THERMO PARAMS, 54, 1443, 794, N, 10, DT, -999, SHR82, -99, 
EP, 16, 2026092100, 03, HFSA,  78, 152N, 1234W,  56,  990, XX,  50, NEQ,   26,   29,    0,   29,  998,   30,  20,   0,   0,    ,   0,    ,  88,   6,           ,  ,  0,    ,    0,    0,    0,    0, THERMO PARAMS, 54, 1443, 794, N, 10, DT, -999, SHR82, -99, 
EP, 16, 2026092100, 03, HFSA,  84, 153N, 1227W,  48,  988, XX,  34, NEQ,   52,   78,   65,   50, 1004,   83,  28,   0,   0,    ,   0,    ,  76,   7,           ,  ,  0,    ,    0,    0,    0,    0, THERMO PARAMS, 85, 560, 972, N, 10, DT, -999, SHR82, -99, 
EP, 16, 2026092100, 03, HFSA,  90, 156N, 1221W,  48,  993, XX,  34, NEQ,   55,   70,   60,   60,  997,   21,  32,   0,   0,    ,   0,    ,  65,   6,           ,  ,  0,    ,    0,    0,    0,    0, THERMO PARAMS, 59, 1154, 492, N, 10, DT, -999, SHR82, -99, 
EP, 16, 2026092100, 03, HFSA,  96, 159N, 1215W,  51,  991, XX,  34, NEQ,   60,   76,   62,   58,  999,   43,  36,   0,   0,    ,   0,    ,  63,   7,           ,  ,  0,    ,    0,    0,    0,    0, THERMO PARAMS, 65, 635, 570, N, 10, DT, -999, SHR82, -99, 
EP, 16, 2026092100, 03, HFSA,  96, 159N, 1215W,  51,  991, XX,  50, NEQ,    0,    0,    0,   31,  999,   43,  36,   0,   0,    ,   0,    ,  63,   7,           ,  ,  0,    ,    0,    0,    0,    0, THERMO PARAMS, 65, 635, 570, N, 10, DT, -999, SHR82, -99, 
EP, 16, 2026092100, 03, HFSA, 102, 162N, 1211W,  48,  995, XX,  34, NEQ,   71,   57,   49,   65,  999,   24,  33,   0,   0,    ,   0,    ,  67,   3,           ,  ,  0,    ,    0,    0,    0,    0, THERMO PARAMS, 15, 1167, 232, N, 10, DT, -999, SHR82, -99, 
EP, 16, 2026092100, 03, HFSA, 108, 163N, 1209W,  49,  993, XX,  34, NEQ,   62,   58,   53,   55,  997,   26,  52,   0,   0,    ,   0,    ,  79,   3,           ,  ,  0,    ,    0,    0,    0,    0, THERMO PARAMS, 68, 349, 294, N, 10, DT, -999, SHR82, -99, 
EP, 16, 2026092100, 03, HFSA, 114, 164N, 1207W,  44,  996, XX,  34, NEQ,   60,    0,   32,   52, 1000,   20,  24,   0,   0,    ,   0,    , 358,   1,           ,  ,  0,    ,    0,    0,    0,    0, THERMO PARAMS, -6, 875, 435, N, 10, DT, -999, SHR82, -99, 
EP, 16, 2026092100, 03, HFSA, 120, 161N, 1206W,  44,  994, XX,  34, NEQ,   66,    0,   42,   65,  998,   23,  43,   0,   0,    ,   0,    , 141,   2,           ,  ,  0,    ,    0,    0,    0,    0, THERMO PARAMS, -18, 619, 637, N, 10, DT, -999, SHR82, -99, 
EP, 16, 2026092100, 03, HFSA, 126, 162N, 1206W,  44,  992, XX,  34, NEQ,   50,    0,   19,   58,  996,    5,  39,   0,   0,    ,   0,    , -99, -99,           ,  ,  0,    ,    0,    0,    0,    0, THERMO PARAMS, 77, 379, 608, N, 10, DT, -999, SHR82, -99, 
EP, 16, 2026092100, 03, TVCN,   0, 128N, 1273W,   0,    0,   ,   0,    ,    0,    0,    0,    0, 
EP, 16, 2026092100, 03, TVCN,  12, 142N, 1289W,   0,    0,   ,   0,    ,    0,    0,    0,    0, 
EP, 16, 2026092100, 03, TVCN,  24, 152N, 1298W,   0,    0,   ,   0,    ,    0,    0,    0,    0, 
EP, 16, 2026092100, 03, TVCN,  36, 157N, 1298W,   0,    0,   ,   0,    ,    0,    0,    0,    0, 
EP, 16, 2026092100, 03, TVCN,  48, 157N, 1289W,   0,    0,   ,   0,    ,    0,    0,    0,    0, 
EP, 16, 2026092100, 03, TVCN,  60, 157N, 1275W,   0,    0,   ,   0,    ,    0,    0,    0,    0, 
EP, 16, 2026092100, 03, TVCN,  72, 160N, 1261W,   0,    0,   ,   0,    ,    0,    0,    0,    0, 
EP, 16, 2026092100, 03, TVCN,  84, 166N, 1249W,   0,    0,   ,   0,    ,    0,    0,    0,    0, 
EP, 16, 2026092100, 03, TVCN,  96, 173N, 1238W,   0,    0,   ,   0,    ,    0,    0,    0,    0, 
EP, 16, 2026092100, 03, TVCN, 108, 179N, 1231W,   0,    0,   ,   0,    ,    0,    0,    0,    0, 
EP, 16, 2026092100, 03, TVCN, 120, 183N, 1227W,   0,    0,   ,   0,    ,    0,    0,    0,    0, 
EP, 16, 2026092100, 03, TVCN, 132, 188N, 1226W,   0,    0,   ,   0,    ,    0,    0,    0,    0, 
EP, 16, 2026092100, 03, TVCN, 144, 198N, 1226W,   0,    0,   ,   0,    ,    0,    0,    0,    0, 
EP, 16, 2026092100, 03, TVCN, 156, 201N, 1224W,   0,    0,   ,   0,    ,    0,    0,    0,    0, 
EP, 16, 2026092100, 03, TVCN, 168, 201N, 1221W,   0,    0,   ,   0,    ,    0,    0,    0,    0, 
EP, 16, 2026092106, 03, AVNO,   0, 133N, 1280W,  39, 1002, XX,  34, NEQ,   75,   74,    0,    0, 1010,   85,  28,   0,   0, 
EP, 16, 2026092106, 03, AVNO,   6, 137N, 1291W,  45,  998, XX,  34, NEQ,   65,   80,    0,   65, 1002,   34,  51,   0,   0, 
EP, 16, 2026092106, 03, AVNO,  12, 139N, 1297W,  41, 1003, XX,  34, NEQ,   28,   54,   38,    0, 1011,   80,  27,   0,   0, 
EP, 16, 2026092106, 03, AVNO,  18, 144N, 1297W,  55,  997, XX,  34, NEQ,   46,   54,   71,    0, 1001,   20,  25,   0,   0, 
EP, 16, 2026092106, 03, AVNO,  18, 144N, 1297W,  55,  997, XX,  50, NEQ,   28,    0,    0,    0, 1001,   20,  25,   0,   0, 
EP, 16, 2026092106, 03, AVNO,  24, 146N, 1297W,  41, 1001, XX,  34, NEQ,   58,   53,   67,    0, 1009,   67,  14,   0,   0, 
EP, 16, 2026092106, 03, AVNO,  30, 147N, 1293W,  46,  994, XX,  34, NEQ,   43,   81,   61,   35, 1006,   66,  24,   0,   0, 
EP, 16, 2026092106, 03, AVNO,  36, 147N, 1288W,  43,  994, XX,  34, NEQ,   36,   68,   45,   41, 1010,   96,  15,   0,   0, 
EP, 16, 2026092106, 03, AVNO,  42, 146N, 1280W,  49,  990, XX,  34, NEQ,   33,   59,   53,   35, 1006,   99,  26,   0,   0, 
EP, 16, 2026092106, 03, AVNO,  48, 146N, 1269W,  57,  988, XX,  34, NEQ,   45,   74,   50,   38, 1008,  100,  21,   0,   0, 
EP, 16, 2026092106, 03, AVNO,  48, 146N, 1269W,  57,  988, XX,  50, NEQ,    0,   25,   21,    0, 1008,  100,  21,   0,   0, 
EP, 16, 2026092106, 03, AVNO,  54, 147N, 1258W,  65,  980, XX,  34, NEQ,   61,   86,   52,   97, 1008,  175,  21,   0,   0, 
EP, 16, 2026092106, 03, AVNO,  54, 147N, 1258W,  65,  980, XX,  50, NEQ,   30,   33,   33,    0, 1008,  175,  21,   0,   0, 
EP, 16, 2026092106, 03, AVNO,  54, 147N, 1258W,  65,  980, XX,  64, NEQ,    0,   22,    0,    0, 1008,  175,  21,   0,   0, 
EP, 16, 2026092106, 03, AVNO,  60, 149N, 1249W,  64,  978, XX,  34, NEQ,   57,  101,   99,   71, 1010,  152,  11,   0,   0, 
EP, 16, 2026092106, 03, AVNO,  60, 149N, 1249W,  64,  978, XX,  50, NEQ,   27,   34,   27,   25, 1010,  152,  11,   0,   0, 
EP, 16, 2026092106, 03, AVNO,  60, 149N, 1249W,  64,  978, XX,  64, NEQ,    0,   12,    0,    0, 1010,  152,  11,   0,   0, 
EP, 16, 2026092106, 03, AVNO,  66, 151N, 1241W,  59,  980, XX,  34, NEQ,   54,   74,   65,   67, 1008,  152,  24,   0,   0, 
EP, 16, 2026092106, 03, AVNO,  66, 151N, 1241W,  59,  980, XX,  50, NEQ,   28,   30,   35,   33, 1008,  152,  24,   0,   0, 
EP, 16, 2026092106, 03, AVNO,  72, 154N, 1234W,  61,  983, XX,  34, NEQ,   59,   55,   52,   65, 1011,  236,  23,   0,   0, 
EP, 16, 2026092106, 03, AVNO,  72, 154N, 1234W,  61,  983, XX,  50, NEQ,   28,   22,   31,   29, 1011,  236,  23,   0,   0, 
EP, 16, 2026092106, 03, AVNO,  78, 156N, 1227W,  59,  980, XX,  34, NEQ,   46,   63,   59,   64, 1008,  178,  17,   0,   0, 
EP, 16, 2026092106, 03, AVNO,  78, 156N, 1227W,  59,  980, XX,  50, NEQ,   30,   29,    0,   26, 1008,  178,  17,   0,   0, 
EP, 16, 2026092106, 03, AVNO,  84, 160N, 1222W,  60,  979, XX,  34, NEQ,   55,   61,   52,   51, 1011,  217,  18,   0,   0, 
EP, 16, 2026092106, 03, AVNO,  84, 160N, 1222W,  60,  979, XX,  50, NEQ,   27,   30,   29,   28, 1011,  217,  18,   0,   0, 
EP, 16, 2026092106, 03, AVNO,  90, 162N, 1216W,  57,  980, XX,  34, NEQ,   48,   49,   58,   59, 1008,  176,  30,   0,   0, 
EP, 16, 2026092106, 03, AVNO,  90, 162N, 1216W,  57,  980, XX,  50, NEQ,   26,   28,   32,   28, 1008,  176,  30,   0,   0, 
EP, 16, 2026092106, 03, AVNO,  96, 164N, 1211W,  55,  984, XX,  34, NEQ,   55,   45,   54,   59, 1008,   98,  26,   0,   0, 
EP, 16, 2026092106, 03, AVNO,  96, 164N, 1211W,  55,  984, XX,  50, NEQ,   21,    0,   30,   30, 1008,   98,  26,   0,   0, 
EP, 16, 2026092106, 03, AVNO, 102, 166N, 1208W,  51,  985, XX,  34, NEQ,   44,   47,   50,   55, 1005,   85,  25,   0,   0, 
EP, 16, 2026092106, 03, AVNO, 102, 166N, 1208W,  51,  985, XX,  50, NEQ,    0,    0,   27,   29, 1005,   85,  25,   0,   0, 
EP, 16, 2026092106, 03, AVNO, 108, 167N, 1205W,  50,  988, XX,  34, NEQ,   50,   47,   57,   59, 1008,  114,  18,   0,   0, 
EP, 16, 2026092106, 03, AVNO, 108, 167N, 1205W,  50,  988, XX,  50, NEQ,    0,    0,   19,   26, 1008,  114,  18,   0,   0, 
EP, 16, 2026092106, 03, AVNO, 114, 169N, 1204W,  49,  989, XX,  34, NEQ,   58,   52,   51,   60, 1005,   88,  23,   0,   0, 
EP, 16, 2026092106, 03, AVNO, 120, 168N, 1205W,  44,  993, XX,  34, NEQ,   45,   43,   49,   59, 1005,   66,  31,   0,   0, 
EP, 16, 2026092106, 03, AVNO, 126, 169N, 1206W,  45,  992, XX,  34, NEQ,   42,   48,   49,   50, 1004,   94,  24,   0,   0, 
EP, 16, 2026092106, 03, AVNO, 132, 172N, 1210W,  43,  994, XX,  34, NEQ,   38,   44,   40,   57, 1006,   83,  24,   0,   0, 
EP, 16, 2026092106, 03, AVNO, 138, 173N, 1212W,  39,  994, XX,  34, NEQ,    0,   36,   41,   32, 1002,   44,  32,   0,   0, 
EP, 16, 2026092106, 03, AVNO, 144, 172N, 1215W,  34,  999, XX,  34, NEQ,    0,    0,    0,    0, 1007,   80,  34,   0,   0, 
EP, 16, 2026092106, 03, AVNO, 150, 171N, 1217W,  34,  998, XX,  34, NEQ,    0,    0,    0,    0, 1002,   28,  36,   0,   0, 
EP, 16, 2026092106, 03, AVNO, 156, 167N, 1218W,  29, 1000, XX,  34, NEQ,    0,    0,    0,    0, 1004,   28,  31,   0,   0, 
EP, 16, 2026092106, 03, AVNO, 162, 162N, 1215W,  30,  998, XX,  34, NEQ,    0,    0,    0,    0, 1002,   33,  27,   0,   0, 
EP, 16, 2026092106, 03, AVNO, 168, 156N, 1209W,  29, 1001, XX,  34, NEQ,    0,    0,    0,    0, 1005,   47,  28,   0,   0, 
EP, 16, 2026092106, 03, AVNO, 174, 150N, 1198W,  31,  999, XX,  34, NEQ,    0,    0,    0,    0,  -99,  -99,  30,   0,   0, 
EP, 16, 2026092106, 03, AVNO, 180, 146N, 1182W,  31, 1002, XX,  34, NEQ,    0,    0,    0,    0,  -99,  -99,  28,   0,   0, 
EP, 16, 2026092106, 03, AVNO, 186, 149N, 1163W,  32,  999, XX,  34, NEQ,    0,    0,    0,    0,  -99,  -99,  24,   0,   0, 
EP, 16, 2026092106, 03, AVNO, 192, 155N, 1146W,  29, 1002, XX,  34, NEQ,    0,    0,    0,    0,  -99,  -99,  28,   0,   0, 
EP, 16, 2026092106, 03, AVNO, 198, 166N, 1136W,  28, 1000, XX,  34, NEQ,    0,    0,    0,    0,  -99,  -99,  33,   0,   0, 
EP, 16, 2026092106, 03, AVNO, 204, 178N, 1131W,  25, 1003, XX,  34, NEQ,    0,    0,    0,    0,  -99,  -99,  36,   0,   0, 
EP, 16, 2026092106, 03, AVNO, 210, 190N, 1132W,  21, 1002, XX,  34, NEQ,    0,    0,    0,    0,  -99,  -99,  45,   0,   0, 
EP, 16, 2026092106, 03, AVNO, 216, 198N, 1135W,  19, 1005, XX,  34, NEQ,    0,    0,    0,    0,  -99,  -99,  60,   0,   0, 
EP, 16, 2026092106, 03, AVNO, 222, 204N, 1147W,  17, 1005, XX,  34, NEQ,    0,    0,    0,    0,  -99,  -99,  82,   0,   0, 
EP, 16, 2026092106, 03, AVNO, 228, 210N, 1149W,  14, 1006, XX,  34, NEQ,    0,    0,    0,    0,  -99,  -99,  51,   0,   0, 
EP, 16, 2026092106, 03, AVNO, 234, 212N, 1155W,  14, 1005, XX,  34, NEQ,    0,    0,    0,    0,  -99,  -99,  75,   0,   0, 
EP, 16, 2026092106, 03, AVNO, 240, 210N, 1154W,  13, 1007, XX,  34, NEQ,    0,    0,    0,    0,  -99,  -99,  18,   0,   0, 
EP, 16, 2026092106, 03, HCCA,   0, 133N, 1283W,  40,    0,   ,   0,    ,    0,    0,    0,    0, 
EP, 16, 2026092106, 03, HCCA,  12, 143N, 1298W,  40,    0,   ,   0,    ,    0,    0,    0,    0, 
EP, 16, 2026092106, 03, HCCA,  24, 152N, 1304W,  43,    0,   ,   0,    ,    0,    0,    0,    0, 
EP, 16, 2026092106, 03, HCCA,  36, 155N, 1299W,  50,    0,   ,   0,    ,    0,    0,    0,    0, 
EP, 16, 2026092106, 03, HCCA,  48, 154N, 1288W,  54,    0,   ,   0,    ,    0,    0,    0,    0, 
EP, 16, 2026092106, 03, HCCA,  60, 156N, 1275W,  61,    0,   ,   0,    ,    0,    0,    0,    0, 
EP, 16, 2026092106, 03, HCCA,  72, 159N, 1261W,  66,    0,   ,   0,    ,    0,    0,    0,    0, 
EP, 16, 2026092106, 03, HCCA,  84, 164N, 1246W,  72,    0,   ,   0,    ,    0,    0,    0,    0, 
EP, 16, 2026092106, 03, HCCA,  96, 170N, 1231W,  72,    0,   ,   0,    ,    0,    0,    0,    0, 
EP, 16, 2026092106, 03, HCCA, 108, 177N, 1218W,  63,    0,   ,   0,    ,    0,    0,    0,    0, 
EP, 16, 2026092106, 03, HCCA, 120, 181N, 1210W,  54,    0,   ,   0,    ,    0,    0,    0,    0, 
EP, 16, 2026092106, 03, HCCA, 132, 191N, 1201W,  54,    0,   ,   0,    ,    0,    0,    0,    0, 
EP, 16, 2026092106, 03, HCCA, 144, 197N, 1191W,  52,    0,   ,   0,    ,    0,    0,    0,    0, 
EP, 16, 2026092106, 03, HCCA, 156, 207N, 1182W,  46,    0,   ,   0,    ,    0,    0,    0,    0, 
EP, 16, 2026092106, 03, HCCA, 168, 211N, 1171W,  37,    0,   ,   0,    ,    0,    0,    0,    0, 
EP, 16, 2026092106, 03, HFSA,   0, 132N, 1283W,  42, 1001, XX,  34, NEQ,   62,   50,    0,   49, 1005,    7,  48,   0,   0,    ,   0,    , 313,  10,           ,  ,  0,    ,    0,    0,    0,    0, THERMO PARAMS, 2, 238, -10, N, 10, DT, -999, SHR82, -99, 
EP, 16, 2026092106, 03, HFSA,   6, 133N, 1297W,  60,  997, XX,  34, NEQ,   62,   71,   57,    0,  -99,  -99,  25,   0,   0,    ,   0,    , 303,   8,           ,  ,  0,    ,    0,    0,    0,    0, THERMO PARAMS, 90, 478, 120, N, 10, DT, -999, SHR82, -99, 
EP, 16, 2026092106, 03, HFSA,   6, 133N, 1297W,  60,  997, XX,  50, NEQ,   29,   26,    0,    0,  -99,  -99,  25,   0,   0,    ,   0,    , 303,   8,           ,  ,  0,    ,    0,    0,    0,    0, THERMO PARAMS, 90, 478, 120, N, 10, DT, -999, SHR82, -99, 
EP, 16, 2026092106, 03, HFSA,  12, 142N, 1302W,  49, 1002, XX,  34, NEQ,   55,   55,   58,   50, 1006,   24,  32,   0,   0,    ,   0,    , 333,   7,           ,  ,  0,    ,    0,    0,    0,    0, THERMO PARAMS, 18, -148, 61, N, 10, DT, -999, SHR82, -99, 
EP, 16, 2026092106, 03, HFSA,  18, 145N, 1305W,  45,  999, XX,  34, NEQ,   50,   50,   76,    0, 1003,   25,  19,   0,   0,    ,   0,    ,  28,   5,           ,  ,  0,    ,    0,    0,    0,    0, THERMO PARAMS, -58, 476, -282, N, 10, DT, -999, SHR82, -99, 
EP, 16, 2026092106, 03, HFSA,  24, 147N, 1302W,  43, 1001, XX,  34, NEQ,   32,   58,   24,    0, 1005,   22,  31,   0,   0,    ,   0,    ,  57,   5,           ,  ,  0,    ,    0,    0,    0,    0, THERMO PARAMS, -9999, -9999, -9999, N, 10, DT, -999, SHR82, -99, 
EP, 16, 2026092106, 03, HFSA,  30, 153N, 1295W,  47,  992, XX,  34, NEQ,   42,  100,   39,    0, 1000,   15,  10,   0,   0,    ,   0,    ,  52,   8,           ,  ,  0,    ,    0,    0,    0,    0, THERMO PARAMS, -9999, -9999, -9999, N, 10, DT, -999, SHR82, -99, 
EP, 16, 2026092106, 03, HFSA,  36, 155N, 1290W,  49,  994, XX,  34, NEQ,   52,   66,   55,   34, 1002,   24,  21,   0,   0,    ,   0,    ,  69,   7,           ,  ,  0,    ,    0,    0,    0,    0, THERMO PARAMS, -9999, -9999, -9999, N, 10, DT, -999, SHR82, -99, 
EP, 16, 2026092106, 03, HFSA,  42, 156N, 1282W,  61,  986, XX,  34, NEQ,   47,  104,   71,   39,  990,   12,  19,   0,   0,    ,   0,    ,  86,   9,           ,  ,  0,    ,    0,    0,    0,    0, THERMO PARAMS, 70, 1319, 829, N, 10, DT, -999, SHR82, -99, 
EP, 16, 2026092106, 03, HFSA,  42, 156N, 1282W,  61,  986, XX,  50, NEQ,   28,   24,    0,   24,  990,   12,  19,   0,   0,    ,   0,    ,  86,   9,           ,  ,  0,    ,    0,    0,    0,    0, THERMO PARAMS, 70, 1319, 829, N, 10, DT, -999, SHR82, -99, 
EP, 16, 2026092106, 03, HFSA,  48, 155N, 1270W,  63,  988, XX,  34, NEQ,   83,  105,   76,   83,  996,   29,  20,   0,   0,    ,   0,    ,  87,  11,           ,  ,  0,    ,    0,    0,    0,    0, THERMO PARAMS, 46, 709, 982, N, 10, DT, -999, SHR82, -99, 
EP, 16, 2026092106, 03, HFSA,  48, 155N, 1270W,  63,  988, XX,  50, NEQ,   32,   36,   37,   21,  996,   29,  20,   0,   0,    ,   0,    ,  87,  11,           ,  ,  0,    ,    0,    0,    0,    0, THERMO PARAMS, 46, 709, 982, N, 10, DT, -999, SHR82, -99, 
EP, 16, 2026092106, 03, HFSA,  54, 157N, 1261W,  61,  983, XX,  34, NEQ,  117,  142,   89,   79,  999,   45,  22,   0,   0,    ,   0,    ,  86,   9,           ,  ,  0,    ,    0,    0,    0,    0, THERMO PARAMS, 76, 1365, 1071, N, 10, DT, -999, SHR82, -99, 
EP, 16, 2026092106, 03, HFSA,  54, 157N, 1261W,  61,  983, XX,  50, NEQ,   36,   32,   28,   42,  999,   45,  22,   0,   0,    ,   0,    ,  86,   9,           ,  ,  0,    ,    0,    0,    0,    0, THERMO PARAMS, 76, 1365, 1071, N, 10, DT, -999, SHR82, -99, 
EP, 16, 2026092106, 03, HFSA,  60, 155N, 1252W,  68,  986, XX,  34, NEQ,  131,  147,   76,   71,  998,   31,  22,   0,   0,    ,   0,    ,  93,  10,           ,  ,  0,    ,    0,    0,    0,    0, THERMO PARAMS, 89, 1360, 1046, N, 10, DT, -999, SHR82, -99, 
EP, 16, 2026092106, 03, HFSA,  60, 155N, 1252W,  68,  986, XX,  50, NEQ,    0,   37,   37,   42,  998,   31,  22,   0,   0,    ,   0,    ,  93,  10,           ,  ,  0,    ,    0,    0,    0,    0, THERMO PARAMS, 89, 1360, 1046, N, 10, DT, -999, SHR82, -99, 
EP, 16, 2026092106, 03, HFSA,  60, 155N, 1252W,  68,  986, XX,  64, NEQ,    0,    0,   26,   28,  998,   31,  22,   0,   0,    ,   0,    ,  93,  10,           ,  ,  0,    ,    0,    0,    0,    0, THERMO PARAMS, 89, 1360, 1046, N, 10, DT, -999, SHR82, -99, 
EP, 16, 2026092106, 03, HFSA,  66, 156N, 1241W,  66,  981, XX,  34, NEQ,  102,  151,   86,   81, 1001,   57,  18,   0,   0,    ,   0,    ,  78,  10,           ,  ,  0,    ,    0,    0,    0,    0, THERMO PARAMS, 82, 1246, 1104, N, 10, DT, -999, SHR82, -99, 
EP, 16, 2026092106, 03, HFSA,  66, 156N, 1241W,  66,  981, XX,  50, NEQ,   28,   26,   36,   36, 1001,   57,  18,   0,   0,    ,   0,    ,  78,  10,           ,  ,  0,    ,    0,    0,    0,    0, THERMO PARAMS, 82, 1246, 1104, N, 10, DT, -999, SHR82, -99, 
EP, 16, 2026092106, 03, HFSA,  66, 156N, 1241W,  66,  981, XX,  64, NEQ,    0,    0,   18,    0, 1001,   57,  18,   0,   0,    ,   0,    ,  78,  10,           ,  ,  0,    ,    0,    0,    0,    0, THERMO PARAMS, 82, 1246, 1104, N, 10, DT, -999, SHR82, -99, 
EP, 16, 2026092106, 03, HFSA,  72, 158N, 1231W,  61,  982, XX,  34, NEQ,   86,   94,   70,   71,  986,   12,  14,   0,   0,    ,   0,    ,  75,   9,           ,  ,  0,    ,    0,    0,    0,    0, THERMO PARAMS, 68, 1233, 1014, N, 10, DT, -999, SHR82, -99, 
EP, 16, 2026092106, 03, HFSA,  72, 158N, 1231W,  61,  982, XX,  50, NEQ,   28,   31,   23,   21,  986,   12,  14,   0,   0,    ,   0,    ,  75,   9,           ,  ,  0,    ,    0,    0,    0,    0, THERMO PARAMS, 68, 1233, 1014, N, 10, DT, -999, SHR82, -99, 
EP, 16, 2026092106, 03, HFSA,  78, 162N, 1224W,  61,  979, XX,  34, NEQ,   71,   99,   81,   63, 1003,   87,  15,   0,   0,    ,   0,    ,  65,   7,           ,  ,  0,    ,    0,    0,    0,    0, THERMO PARAMS, 93, 1548, 714, N, 10, DT, -999, SHR82, -99, 
EP, 16, 2026092106, 03, HFSA,  78, 162N, 1224W,  61,  979, XX,  50, NEQ,   26,   29,   28,   26, 1003,   87,  15,   0,   0,    ,   0,    ,  65,   7,           ,  ,  0,    ,    0,    0,    0,    0, THERMO PARAMS, 93, 1548, 714, N, 10, DT, -999, SHR82, -99, 
EP, 16, 2026092106, 03, HFSA,  84, 165N, 1216W,  54,  987, XX,  34, NEQ,   66,   92,   63,   57, 1003,   54,  15,   0,   0,    ,   0,    ,  62,   8,           ,  ,  0,    ,    0,    0,    0,    0, THERMO PARAMS, 87, 1540, 792, N, 10, DT, -999, SHR82, -99, 
EP, 16, 2026092106, 03, HFSA,  84, 165N, 1216W,  54,  987, XX,  50, NEQ,   21,   28,    0,   26, 1003,   54,  15,   0,   0,    ,   0,    ,  62,   8,           ,  ,  0,    ,    0,    0,    0,    0, THERMO PARAMS, 87, 1540, 792, N, 10, DT, -999, SHR82, -99, 
EP, 16, 2026092106, 03, HFSA,  90, 168N, 1209W,  56,  986, XX,  34, NEQ,   70,   81,   57,   70,  994,   30,  20,   0,   0,    ,   0,    ,  62,   7,           ,  ,  0,    ,    0,    0,    0,    0, THERMO PARAMS, 82, 993, 1011, N, 10, DT, -999, SHR82, -99, 
EP, 16, 2026092106, 03, HFSA,  90, 168N, 1209W,  56,  986, XX,  50, NEQ,   31,    0,   18,   28,  994,   30,  20,   0,   0,    ,   0,    ,  62,   7,           ,  ,  0,    ,    0,    0,    0,    0, THERMO PARAMS, 82, 993, 1011, N, 10, DT, -999, SHR82, -99, 
EP, 16, 2026092106, 03, HFSA,  96, 171N, 1206W,  61,  991, XX,  34, NEQ,   74,   63,   62,   71,  999,   38,  24,   0,   0,    ,   0,    ,  58,   4,           ,  ,  0,    ,    0,    0,    0,    0, THERMO PARAMS, 65, 936, 680, N, 10, DT, -999, SHR82, -99, 
EP, 16, 2026092106, 03, HFSA,  96, 171N, 1206W,  61,  991, XX,  50, NEQ,    0,    0,   26,   36,  999,   38,  24,   0,   0,    ,   0,    ,  58,   4,           ,  ,  0,    ,    0,    0,    0,    0, THERMO PARAMS, 65, 936, 680, N, 10, DT, -999, SHR82, -99, 
EP, 16, 2026092106, 03, HFSA, 102, 173N, 1203W,  45,  992, XX,  34, NEQ,   63,   62,   71,   70, 1000,   45,  27,   0,   0,    ,   0,    ,  59,   3,           ,  ,  0,    ,    0,    0,    0,    0, THERMO PARAMS, 103, 616, 619, N, 10, DT, -999, SHR82, -99, 
EP, 16, 2026092106, 03, HFSA, 108, 172N, 1201W,  42,  996, XX,  34, NEQ,    0,   42,   74,   83, 1004,   58,  37,   0,   0,    ,   0,    ,  91,   2,           ,  ,  0,    ,    0,    0,    0,    0, THERMO PARAMS, 12, 1066, 339, N, 10, DT, -999, SHR82, -99, 
EP, 16, 2026092106, 03, HFSA, 114, 171N, 1200W,  52,  990, XX,  34, NEQ,   78,   50,   70,   76,  994,   19,  28,   0,   0,    ,   0,    , 157,   2,           ,  ,  0,    ,    0,    0,    0,    0, THERMO PARAMS, -108, 1073, 511, N, 10, DT, -999, SHR82, -99, 
EP, 16, 2026092106, 03, HFSA, 114, 171N, 1200W,  52,  990, XX,  50, NEQ,    0,    0,   32,    0,  994,   19,  28,   0,   0,    ,   0,    , 157,   2,           ,  ,  0,    ,    0,    0,    0,    0, THERMO PARAMS, -108, 1073, 511, N, 10, DT, -999, SHR82, -99, 
EP, 16, 2026092106, 03, HFSA, 120, 170N, 1202W,  41,  994, XX,  34, NEQ,   32,    0,   60,   68,  998,   17,  36,   0,   0,    ,   0,    , 258,   2,           ,  ,  0,    ,    0,    0,    0,    0, THERMO PARAMS, -10, 1101, 666, N, 10, DT, -999, SHR82, -99, 
EP, 16, 2026092106, 03, HFSA, 126, 169N, 1203W,  37,  993, XX,  34, NEQ,    0,   42,   58,   87, 1001,   51,  83,   0,   0,    ,   0,    , -99, -99,           ,  ,  0,    ,    0,    0,    0,    0, THERMO PARAMS, -8, 923, 303, N, 10, DT, -999, SHR82, -99, 
EP, 16, 2026092106, 03, TVCN,   0, 133N, 1283W,   0,    0,   ,   0,    ,    0,    0,    0,    0, 
EP, 16, 2026092106, 03, TVCN,  12, 144N, 1295W,   0,    0,   ,   0,    ,    0,    0,    0,    0, 
EP, 16, 2026092106, 03, TVCN,  24, 152N, 1297W,   0,    0,   ,   0,    ,    0,    0,    0,    0, 
EP, 16, 2026092106, 03, TVCN,  36, 155N, 1290W,   0,    0,   ,   0,    ,    0,    0,    0,    0, 
EP, 16, 2026092106, 03, TVCN,  48, 155N, 1275W,   0,    0,   ,   0,    ,    0,    0,    0,    0, 
EP, 16, 2026092106, 03, TVCN,  60, 155N, 1259W,   0,    0,   ,   0,    ,    0,    0,    0,    0, 
EP, 16, 2026092106, 03, TVCN,  72, 158N, 1245W,   0,    0,   ,   0,    ,    0,    0,    0,    0, 
EP, 16, 2026092106, 03, TVCN,  84, 164N, 1233W,   0,    0,   ,   0,    ,    0,    0,    0,    0, 
EP, 16, 2026092106, 03, TVCN,  96, 169N, 1224W,   0,    0,   ,   0,    ,    0,    0,    0,    0, 
EP, 16, 2026092106, 03, TVCN, 108, 173N, 1219W,   0,    0,   ,   0,    ,    0,    0,    0,    0, 
EP, 16, 2026092106, 03, TVCN, 120, 176N, 1217W,   0,    0,   ,   0,    ,    0,    0,    0,    0, 
EP, 16, 2026092106, 03, TVCN, 132, 179N, 1217W,   0,    0,   ,   0,    ,    0,    0,    0,    0, 
EP, 16, 2026092106, 03, TVCN, 144, 194N, 1217W,   0,    0,   ,   0,    ,    0,    0,    0,    0, 
EP, 16, 2026092106, 03, TVCN, 156, 199N, 1216W,   0,    0,   ,   0,    ,    0,    0,    0,    0, 
EP, 16, 2026092106, 03, TVCN, 168, 200N, 1213W,   0,    0,   ,   0,    ,    0,    0,    0,    0, 
EP, 16, 2026092112, 03,  UKX,   0, 139N, 1292W,  32, 1005, XX,  34, NEQ,    0,    0,    0,    0, 
EP, 16, 2026092112, 03,  UKX,   6, 141N, 1300W,  30, 1006, XX,  34, NEQ,    0,    0,    0,    0, 
EP, 16, 2026092112, 03,  UKX,  12, 144N, 1304W,  33, 1004, XX,  34, NEQ,    0,    0,    0,    0, 
EP, 16, 2026092112, 03,  UKX,  18, 148N, 1305W,  35, 1005, XX,  34, NEQ,   63,    0,    0,    0, 
EP, 16, 2026092112, 03,  UKX,  24, 152N, 1305W,  33, 1003, XX,  34, NEQ,    0,    0,    0,    0, 
EP, 16, 2026092112, 03,  UKX,  30, 152N, 1304W,  32, 1004, XX,  34, NEQ,    0,    0,    0,    0, 
EP, 16, 2026092112, 03,  UKX,  36, 152N, 1302W,  30, 1001, XX,  34, NEQ,    0,    0,    0,    0, 
EP, 16, 2026092112, 03,  UKX,  42, 152N, 1296W,  33, 1002, XX,  34, NEQ,    0,    0,    0,    0, 
EP, 16, 2026092112, 03,  UKX,  48, 153N, 1289W,  35, 1000, XX,  34, NEQ,    0,   83,    0,   59, 
EP, 16, 2026092112, 03,  UKX,  54, 154N, 1285W,  38, 1001, XX,  34, NEQ,   78,   86,    0,   80, 
EP, 16, 2026092112, 03,  UKX,  60, 156N, 1281W,  37,  998, XX,  34, NEQ,   80,  116,   68,    0, 
EP, 16, 2026092112, 03,  UKX,  66, 158N, 1279W,  38, 1000, XX,  34, NEQ,   78,  122,    0,   63, 
EP, 16, 2026092112, 03,  UKX,  72, 160N, 1277W,  36,  997, XX,  34, NEQ,    0,   92,    0,    0, 
EP, 16, 2026092112, 03,  UKX,  78, 162N, 1272W,  37, 1000, XX,  34, NEQ,    0,   99,    0,    0, 
EP, 16, 2026092112, 03,  UKX,  84, 165N, 1266W,  38,  996, XX,  34, NEQ,   53,   95,    0,   53, 
EP, 16, 2026092112, 03,  UKX,  90, 167N, 1262W,  40,  997, XX,  34, NEQ,   93,  103,   60,   64, 
EP, 16, 2026092112, 03,  UKX,  96, 171N, 1256W,  42,  995, XX,  34, NEQ,   89,  103,   81,   70, 
EP, 16, 2026092112, 03,  UKX, 102, 173N, 1253W,  43,  997, XX,  34, NEQ,   85,  100,   55,   71, 
EP, 16, 2026092112, 03,  UKX, 108, 176N, 1250W,  41,  995, XX,  34, NEQ,   83,   57,    0,   61, 
EP, 16, 2026092112, 03,  UKX, 114, 178N, 1249W,  42,  998, XX,  34, NEQ,   88,   57,   51,   73, 
EP, 16, 2026092112, 03,  UKX, 120, 181N, 1248W,  38,  997, XX,  34, NEQ,   69,   52,    0,   58, 
EP, 16, 2026092112, 03,  UKX, 126, 185N, 1248W,  37, 1000, XX,  34, NEQ,   60,   48,    0,   65, 
EP, 16, 2026092112, 03,  UKX, 132, 190N, 1248W,  36,  999, XX,  34, NEQ,    0,    0,   67,   73, 
EP, 16, 2026092112, 03,  UKX, 138, 195N, 1248W,  34, 1002, XX,  34, NEQ,    0,    0,    0,   42, 
EP, 16, 2026092112, 03,  UKX, 144, 202N, 1248W,  34, 1001, XX,  34, NEQ,    0,    0,    0,    0, 
EP, 16, 2026092112, 03, AVNO,   0, 137N, 1290W,  47,  998, XX,  34, NEQ,   61,   79,    0,   55, 1006,   70,  43,   0,   0, 
EP, 16, 2026092112, 03, AVNO,   6, 141N, 1299W,  38, 1003, XX,  34, NEQ,   40,   54,    0,    0, 1011,   95,  30,   0,   0, 
EP, 16, 2026092112, 03, AVNO,  12, 146N, 1299W,  35, 1001, XX,  34, NEQ,    0,   68,    0,    0, 1009,  126,  53,   0,   0, 
EP, 16, 2026092112, 03, AVNO,  18, 150N, 1297W,  39, 1003, XX,  34, NEQ,   38,   46,   59,    0, 1011,   99,  37,   0,   0, 
EP, 16, 2026092112, 03, AVNO,  24, 150N, 1298W,  37,  998, XX,  34, NEQ,    0,   64,   29,   61, 1010,  188,  43,   0,   0, 
EP, 16, 2026092112, 03, AVNO,  30, 150N, 1288W,  49,  992, XX,  34, NEQ,   47,   79,   73,   36, 1012,  154,  18,   0,   0, 
EP, 16, 2026092112, 03, AVNO,  36, 150N, 1280W,  48,  991, XX,  34, NEQ,   42,   74,   47,   31, 1007,  117,  19,   0,   0, 
EP, 16, 2026092112, 03, AVNO,  42, 149N, 1270W,  51,  991, XX,  34, NEQ,   36,   75,   55,   45, 1011,  205,  23,   0,   0, 
EP, 16, 2026092112, 03, AVNO,  42, 149N, 1270W,  51,  991, XX,  50, NEQ,    0,   27,    0,    0, 1011,  205,  23,   0,   0, 
EP, 16, 2026092112, 03, AVNO,  48, 151N, 1260W,  55,  983, XX,  34, NEQ,   61,   99,   81,   76, 1007,  157,  29,   0,   0, 
EP, 16, 2026092112, 03, AVNO,  48, 151N, 1260W,  55,  983, XX,  50, NEQ,    0,    0,   25,   35, 1007,  157,  29,   0,   0, 
EP, 16, 2026092112, 03, AVNO,  54, 152N, 1251W,  56,  983, XX,  34, NEQ,   90,  123,   82,   77, 1011,  183,  20,   0,   0, 
EP, 16, 2026092112, 03, AVNO,  54, 152N, 1251W,  56,  983, XX,  50, NEQ,   39,   31,   30,   36, 1011,  183,  20,   0,   0, 
EP, 16, 2026092112, 03, AVNO,  60, 155N, 1240W,  66,  978, XX,  34, NEQ,   63,   76,   77,   66, 1006,  118,  24,   0,   0, 
EP, 16, 2026092112, 03, AVNO,  60, 155N, 1240W,  66,  978, XX,  50, NEQ,   33,   35,   40,   36, 1006,  118,  24,   0,   0, 
EP, 16, 2026092112, 03, AVNO,  60, 155N, 1240W,  66,  978, XX,  64, NEQ,    0,    0,   25,    0, 1006,  118,  24,   0,   0, 
EP, 16, 2026092112, 03, AVNO,  66, 159N, 1230W,  64,  981, XX,  34, NEQ,   74,   72,   65,   70, 1009,  139,  30,   0,   0, 
EP, 16, 2026092112, 03, AVNO,  66, 159N, 1230W,  64,  981, XX,  50, NEQ,   36,   39,   34,   33, 1009,  139,  30,   0,   0, 
EP, 16, 2026092112, 03, AVNO,  66, 159N, 1230W,  64,  981, XX,  64, NEQ,    0,    0,   30,    0, 1009,  139,  30,   0,   0, 
EP, 16, 2026092112, 03, AVNO,  72, 165N, 1224W,  59,  978, XX,  34, NEQ,   62,   71,   56,   62, 1006,  125,  16,   0,   0, 
EP, 16, 2026092112, 03, AVNO,  72, 165N, 1224W,  59,  978, XX,  50, NEQ,   35,   36,   33,   36, 1006,  125,  16,   0,   0, 
EP, 16, 2026092112, 03, AVNO,  78, 169N, 1219W,  60,  983, XX,  34, NEQ,   57,   59,   60,   65, 1011,  248,  23,   0,   0, 
EP, 16, 2026092112, 03, AVNO,  78, 169N, 1219W,  60,  983, XX,  50, NEQ,   32,   32,   34,   31, 1011,  248,  23,   0,   0, 
EP, 16, 2026092112, 03, AVNO,  84, 173N, 1212W,  56,  983, XX,  34, NEQ,   59,   55,   70,   73, 1007,  158,  23,   0,   0, 
EP, 16, 2026092112, 03, AVNO,  84, 173N, 1212W,  56,  983, XX,  50, NEQ,   31,    0,   38,   33, 1007,  158,  23,   0,   0, 
EP, 16, 2026092112, 03, AVNO,  90, 174N, 1207W,  51,  991, XX,  34, NEQ,   67,   56,   53,   69, 1011,  178,  28,   0,   0, 
EP, 16, 2026092112, 03, AVNO,  90, 174N, 1207W,  51,  991, XX,  50, NEQ,    0,    0,    0,   32, 1011,  178,  28,   0,   0, 
EP, 16, 2026092112, 03, AVNO,  96, 177N, 1205W,  47,  990, XX,  34, NEQ,   66,   55,   54,   66, 1006,   98,  30,   0,   0, 
EP, 16, 2026092112, 03, AVNO, 102, 177N, 1204W,  40,  995, XX,  34, NEQ,   38,   57,   57,   67, 1007,   78,  32,   0,   0, 
EP, 16, 2026092112, 03, AVNO, 108, 178N, 1205W,  41,  994, XX,  34, NEQ,   56,   35,   46,   65, 1006,  132,  33,   0,   0, 
EP, 16, 2026092112, 03, AVNO, 114, 178N, 1209W,  39,  997, XX,  34, NEQ,   62,   49,   52,   61, 1009,  156,  29,   0,   0, 
EP, 16, 2026092112, 03, AVNO, 120, 179N, 1213W,  35,  996, XX,  34, NEQ,    0,    0,    0,   51, 1004,   56,  37,   0,   0, 
EP, 16, 2026092112, 03, AVNO, 126, 181N, 1219W,  35,  999, XX,  34, NEQ,    0,    0,   29,    0, 1007,   74,  28,   0,   0, 
EP, 16, 2026092112, 03, AVNO, 132, 181N, 1225W,  36,  997, XX,  34, NEQ,    0,    0,    0,   49, 1005,  105,  41,   0,   0, 
EP, 16, 2026092112, 03, AVNO, 138, 179N, 1231W,  34, 1001, XX,  34, NEQ,    0,    0,    0,    0, 1005,   34,  40,   0,   0, 
EP, 16, 2026092112, 03, AVNO, 144, 178N, 1237W,  31,  999, XX,  34, NEQ,    0,    0,    0,    0, 1003,   39,  43,   0,   0, 
EP, 16, 2026092112, 03, AVNO, 150, 174N, 1242W,  27, 1002, XX,  34, NEQ,    0,    0,    0,    0, 1006,   40,  48,   0,   0, 
EP, 16, 2026092112, 03, AVNO, 156, 170N, 1245W,  29, 1000, XX,  34, NEQ,    0,    0,    0,    0, 1004,   46,  39,   0,   0, 
EP, 16, 2026092112, 03, AVNO, 162, 164N, 1248W,  31, 1003, XX,  34, NEQ,    0,    0,    0,    0, 1007,   46,  32,   0,   0, 
EP, 16, 2026092112, 03, AVNO, 168, 158N, 1249W,  29, 1000, XX,  34, NEQ,    0,    0,    0,    0, 1004,   46,  38,   0,   0, 
EP, 16, 2026092112, 03, AVNO, 174, 150N, 1248W,  29, 1003, XX,  34, NEQ,    0,    0,    0,    0, 1007,   58,  29,   0,   0, 
EP, 16, 2026092112, 03, AVNO, 180, 143N, 1245W,  36,  998, XX,  34, NEQ,    0,  258,    0,    0, 1002,   34,  33,   0,   0, 
EP, 16, 2026092112, 03, AVNO, 186, 136N, 1238W,  37, 1002, XX,  34, NEQ,    0,   32,    0,    0,  -99,  -99,  23,   0,   0, 
EP, 16, 2026092112, 03, AVNO, 192, 132N, 1228W,  36, 1001, XX,  34, NEQ,    0,   29,    0,    0,  -99,  -99,  21,   0,   0, 
EP, 16, 2026092112, 03, AVNO, 198, 129N, 1213W,  34, 1003, XX,  34, NEQ,    0,    0,    0,    0,  -99,  -99,  41,   0,   0, 
EP, 16, 2026092112, 03, AVNO, 204, 131N, 1195W,  30, 1000, XX,  34, NEQ,    0,    0,    0,    0,  -99,  -99,  37,   0,   0, 
EP, 16, 2026092112, 03, AVNO, 210, 135N, 1178W,  28, 1004, XX,  34, NEQ,    0,    0,    0,    0,  -99,  -99,  24,   0,   0, 
EP, 16, 2026092112, 03, AVNO, 216, 143N, 1163W,  27, 1002, XX,  34, NEQ,    0,    0,    0,    0,  -99,  -99,  23,   0,   0, 
EP, 16, 2026092112, 03, AVNO, 222, 151N, 1147W,  28, 1005, XX,  34, NEQ,    0,    0,    0,    0,  -99,  -99,  23,   0,   0, 
EP, 16, 2026092112, 03, AVNO, 228, 159N, 1134W,  24, 1003, XX,  34, NEQ,    0,    0,    0,    0,  -99,  -99,  27,   0,   0, 
EP, 16, 2026092112, 03, AVNO, 234, 158N, 1117W,  25, 1005, XX,  34, NEQ,    0,    0,    0,    0,  -99,  -99, 149,   0,   0, 
EP, 16, 2026092112, 03, AVNO, 240, 154N, 1088W,  86,  991, XX,  34, NEQ,  369,  329,  207,    0,  -99,  -99, 150,   0,   0, 
EP, 16, 2026092112, 03, AVNO, 240, 154N, 1088W,  86,  991, XX,  50, NEQ,  259,  234,    0,    0,  -99,  -99, 150,   0,   0, 
EP, 16, 2026092112, 03, AVNO, 240, 154N, 1088W,  86,  991, XX,  64, NEQ,  241,  205,    0,    0,  -99,  -99, 150,   0,   0, 
EP, 16, 2026092112, 03, HCCA,   0, 137N, 1291W,  40,    0,   ,   0,    ,    0,    0,    0,    0, 
EP, 16, 2026092112, 03, HCCA,  12, 146N, 1300W,  45,    0,   ,   0,    ,    0,    0,    0,    0, 
EP, 16, 2026092112, 03, HCCA,  24, 152N, 1297W,  53,    0,   ,   0,    ,    0,    0,    0,    0, 
EP, 16, 2026092112, 03, HCCA,  36, 155N, 1287W,  64,    0,   ,   0,    ,    0,    0,    0,    0, 
EP, 16, 2026092112, 03, HCCA,  48, 155N, 1273W,  66,    0,   ,   0,    ,    0,    0,    0,    0, 
EP, 16, 2026092112, 03, HCCA,  60, 157N, 1258W,  68,    0,   ,   0,    ,    0,    0,    0,    0, 
EP, 16, 2026092112, 03, HCCA,  72, 163N, 1242W,  69,    0,   ,   0,    ,    0,    0,    0,    0, 
EP, 16, 2026092112, 03, HCCA,  84, 173N, 1227W,  72,    0,   ,   0,    ,    0,    0,    0,    0, 
EP, 16, 2026092112, 03, HCCA,  96, 181N, 1213W,  71,    0,   ,   0,    ,    0,    0,    0,    0, 
EP, 16, 2026092112, 03, HCCA, 108, 190N, 1202W,  63,    0,   ,   0,    ,    0,    0,    0,    0, 
EP, 16, 2026092112, 03, HCCA, 120, 195N, 1195W,  52,    0,   ,   0,    ,    0,    0,    0,    0, 
EP, 16, 2026092112, 03, HCCA, 132, 201N, 1189W,  46,    0,   ,   0,    ,    0,    0,    0,    0, 
EP, 16, 2026092112, 03, HCCA, 144, 207N, 1178W,  43,    0,   ,   0,    ,    0,    0,    0,    0, 
EP, 16, 2026092112, 03, HCCA, 156, 212N, 1166W,  40,    0,   ,   0,    ,    0,    0,    0,    0, 
EP, 16, 2026092112, 03, HCCA, 168, 212N, 1146W,  35,    0,   ,   0,    ,    0,    0,    0,    0, 
EP, 16, 2026092112, 03, HFSA,   0, 137N, 1291W,  42, 1002, XX,  34, NEQ,    0,   86,    0,    0,  -99,  -99,  64,   0,   0,    ,   0,    , 325,   9,           ,  ,  0,    ,    0,    0,    0,    0, THERMO PARAMS, 39, 21, -49, N, 10, DT, -999, SHR82, -99, 
EP, 16, 2026092112, 03, HFSA,   6, 145N, 1300W,  42, 1002, XX,  34, NEQ,   34,   39,   92,    0, 1006,   17,  17,   0,   0,    ,   0,    , 329,  11,           ,  ,  0,    ,    0,    0,    0,    0, THERMO PARAMS, 17, 261, -452, N, 10, DT, -999, SHR82, -99, 
EP, 16, 2026092112, 03, HFSA,  12, 147N, 1303W,  35, 1000, XX,  34, NEQ,    0,    0,    0,    0, 1004,   24,  58,   0,   0,    ,   0,    ,  25,   3,           ,  ,  0,    ,    0,    0,    0,    0, THERMO PARAMS, -32, 262, 92, N, 10, DT, -999, SHR82, -99, 
EP, 16, 2026092112, 03, HFSA,  18, 151N, 1299W,  39, 1003, XX,  34, NEQ,   31,   63,   60,    0, 1007,   30,  35,   0,   0,    ,   0,    ,  41,   5,           ,  ,  0,    ,    0,    0,    0,    0, THERMO PARAMS, -25, 73, 163, N, 10, DT, -999, SHR82, -99, 
EP, 16, 2026092112, 03, HFSA,  24, 153N, 1296W,  52,  991, XX,  34, NEQ,    0,   47,   49,    0,  995,    3,  23,   0,   0,    ,   0,    ,  73,   6,           ,  ,  0,    ,    0,    0,    0,    0, THERMO PARAMS, -6, 719, 794, N, 10, DT, -999, SHR82, -99, 
EP, 16, 2026092112, 03, HFSA,  30, 152N, 1291W,  38,  997, XX,  34, NEQ,   26,   52,   23,    0, 1001,   12,  49,   0,   0,    ,   0,    ,  97,   7,           ,  ,  0,    ,    0,    0,    0,    0, THERMO PARAMS, 49, -258, 517, N, 10, DT, -999, SHR82, -99, 
EP, 16, 2026092112, 03, HFSA,  36, 151N, 1281W,  56,  990, XX,  34, NEQ,   42,   87,   70,    0, 1002,   52,  26,   0,   0,    ,   0,    ,  92,  12,           ,  ,  0,    ,    0,    0,    0,    0, THERMO PARAMS, 41, 567, 366, N, 10, DT, -999, SHR82, -99, 
EP, 16, 2026092112, 03, HFSA,  36, 151N, 1281W,  56,  990, XX,  50, NEQ,    0,   29,    0,    0, 1002,   52,  26,   0,   0,    ,   0,    ,  92,  12,           ,  ,  0,    ,    0,    0,    0,    0, THERMO PARAMS, 41, 567, 366, N, 10, DT, -999, SHR82, -99, 
EP, 16, 2026092112, 03, HFSA,  42, 152N, 1273W,  46,  993, XX,  34, NEQ,   53,  102,   94,   47,  997,   10,  60,   0,   0,    ,   0,    ,  94,   9,           ,  ,  0,    ,    0,    0,    0,    0, THERMO PARAMS, 52, 697, 574, N, 10, DT, -999, SHR82, -99, 
EP, 16, 2026092112, 03, HFSA,  48, 151N, 1262W,  65,  985, XX,  34, NEQ,   99,  115,  102,   53,  989,   10,  31,   0,   0,    ,   0,    ,  83,  10,           ,  ,  0,    ,    0,    0,    0,    0, THERMO PARAMS, 50, 495, 953, N, 10, DT, -999, SHR82, -99, 
EP, 16, 2026092112, 03, HFSA,  48, 151N, 1262W,  65,  985, XX,  50, NEQ,   44,   45,   21,   26,  989,   10,  31,   0,   0,    ,   0,    ,  83,  10,           ,  ,  0,    ,    0,    0,    0,    0, THERMO PARAMS, 50, 495, 953, N, 10, DT, -999, SHR82, -99, 
EP, 16, 2026092112, 03, HFSA,  54, 152N, 1254W,  65,  989, XX,  34, NEQ,  105,  139,  117,   71,  993,   15,  29,   0,   0,    ,   0,    ,  79,   8,           ,  ,  0,    ,    0,    0,    0,    0, THERMO PARAMS, 59, 748, 797, N, 10, DT, -999, SHR82, -99, 
EP, 16, 2026092112, 03, HFSA,  54, 152N, 1254W,  65,  989, XX,  50, NEQ,   52,   44,   37,   37,  993,   15,  29,   0,   0,    ,   0,    ,  79,   8,           ,  ,  0,    ,    0,    0,    0,    0, THERMO PARAMS, 59, 748, 797, N, 10, DT, -999, SHR82, -99, 
EP, 16, 2026092112, 03, HFSA,  60, 154N, 1245W,  56,  988, XX,  34, NEQ,  105,  138,   73,   84, 1000,   50,  34,   0,   0,    ,   0,    ,  78,   9,           ,  ,  0,    ,    0,    0,    0,    0, THERMO PARAMS, 53, 1542, 498, N, 10, DT, -999, SHR82, -99, 
EP, 16, 2026092112, 03, HFSA,  60, 154N, 1245W,  56,  988, XX,  50, NEQ,   31,   37,   40,   37, 1000,   50,  34,   0,   0,    ,   0,    ,  78,   9,           ,  ,  0,    ,    0,    0,    0,    0, THERMO PARAMS, 53, 1542, 498, N, 10, DT, -999, SHR82, -99, 
EP, 16, 2026092112, 03, HFSA,  66, 156N, 1238W,  55,  988, XX,  34, NEQ,  131,   87,   62,   76,  992,   16,  29,   0,   0,    ,   0,    ,  70,   6,           ,  ,  0,    ,    0,    0,    0,    0, THERMO PARAMS, 49, 1088, 853, N, 10, DT, -999, SHR82, -99, 
EP, 16, 2026092112, 03, HFSA,  66, 156N, 1238W,  55,  988, XX,  50, NEQ,   36,   36,    0,   37,  992,   16,  29,   0,   0,    ,   0,    ,  70,   6,           ,  ,  0,    ,    0,    0,    0,    0, THERMO PARAMS, 49, 1088, 853, N, 10, DT, -999, SHR82, -99, 
EP, 16, 2026092112, 03, HFSA,  72, 158N, 1232W,  54,  985, XX,  34, NEQ,   83,  108,   91,   76,  989,   14,  25,   0,   0,    ,   0,    ,  65,   8,           ,  ,  0,    ,    0,    0,    0,    0, THERMO PARAMS, 46, 927, 795, N, 10, DT, -999, SHR82, -99, 
EP, 16, 2026092112, 03, HFSA,  72, 158N, 1232W,  54,  985, XX,  50, NEQ,    0,   23,    0,   28,  989,   14,  25,   0,   0,    ,   0,    ,  65,   8,           ,  ,  0,    ,    0,    0,    0,    0, THERMO PARAMS, 46, 927, 795, N, 10, DT, -999, SHR82, -99, 
EP, 16, 2026092112, 03, HFSA,  78, 162N, 1225W,  50,  992, XX,  34, NEQ,   73,  100,   96,   62,  996,   20,  38,   0,   0,    ,   0,    ,  53,   7,           ,  ,  0,    ,    0,    0,    0,    0, THERMO PARAMS, 63, 1351, 501, N, 10, DT, -999, SHR82, -99, 
EP, 16, 2026092112, 03, HFSA,  84, 166N, 1220W,  48,  991, XX,  34, NEQ,   70,   79,   65,   70,  999,   44,  26,   0,   0,    ,   0,    ,  57,   6,           ,  ,  0,    ,    0,    0,    0,    0, THERMO PARAMS, 53, 848, 506, N, 10, DT, -999, SHR82, -99, 
EP, 16, 2026092112, 03, HFSA,  90, 168N, 1217W,  55,  995, XX,  34, NEQ,   78,   65,   57,   68,  999,   26,  45,   0,   0,    ,   0,    ,  51,   3,           ,  ,  0,    ,    0,    0,    0,    0, THERMO PARAMS, 41, 292, 536, N, 10, DT, -999, SHR82, -99, 
EP, 16, 2026092112, 03, HFSA,  90, 168N, 1217W,  55,  995, XX,  50, NEQ,   47,    0,    0,   34,  999,   26,  45,   0,   0,    ,   0,    ,  51,   3,           ,  ,  0,    ,    0,    0,    0,    0, THERMO PARAMS, 41, 292, 536, N, 10, DT, -999, SHR82, -99, 
EP, 16, 2026092112, 03, HFSA,  96, 171N, 1215W,  59,  988, XX,  34, NEQ,   74,   68,   55,   65,  992,    3,  30,   0,   0,    ,   0,    ,  34,   3,           ,  ,  0,    ,    0,    0,    0,    0, THERMO PARAMS, 75, 875, 747, N, 10, DT, -999, SHR82, -99, 
EP, 16, 2026092112, 03, HFSA,  96, 171N, 1215W,  59,  988, XX,  50, NEQ,    0,    0,   29,   37,  992,    3,  30,   0,   0,    ,   0,    ,  34,   3,           ,  ,  0,    ,    0,    0,    0,    0, THERMO PARAMS, 75, 875, 747, N, 10, DT, -999, SHR82, -99, 
EP, 16, 2026092112, 03, HFSA, 102, 172N, 1215W,  42,  997, XX,  34, NEQ,   71,    0,   62,   81, 1005,   64,  50,   0,   0,    ,   0,    , 357,   1,           ,  ,  0,    ,    0,    0,    0,    0, THERMO PARAMS, -66, 976, 150, N, 10, DT, -999, SHR82, -99, 
EP, 16, 2026092112, 03, HFSA, 108, 172N, 1215W,  40,  994, XX,  34, NEQ,   76,    0,   45,   83,  998,   32,  55,   0,   0,    ,   0,    ,   8,   1,           ,  ,  0,    ,    0,    0,    0,    0, THERMO PARAMS, 58, 235, 450, N, 10, DT, -999, SHR82, -99, 
EP, 16, 2026092112, 03, HFSA, 114, 173N, 1219W,  53,  992, XX,  34, NEQ,   65,   37,   39,   65, 1000,   32,  32,   0,   0,    ,   0,    , 271,   5,           ,  ,  0,    ,    0,    0,    0,    0, THERMO PARAMS, -42, 269, 488, N, 10, DT, -999, SHR82, -99, 
EP, 16, 2026092112, 03, HFSA, 114, 173N, 1219W,  53,  992, XX,  50, NEQ,    0,    0,   31,    0, 1000,   32,  32,   0,   0,    ,   0,    , 271,   5,           ,  ,  0,    ,    0,    0,    0,    0, THERMO PARAMS, -42, 269, 488, N, 10, DT, -999, SHR82, -99, 
EP, 16, 2026092112, 03, HFSA, 120, 174N, 1223W,  39,  994, XX,  34, NEQ,   91,    0,   45,   74,  998,   26,  72,   0,   0,    ,   0,    , 288,   4,           ,  ,  0,    ,    0,    0,    0,    0, THERMO PARAMS, -24, 504, 139, N, 10, DT, -999, SHR82, -99, 
EP, 16, 2026092112, 03, HFSA, 126, 176N, 1229W,  37,  997, XX,  34, NEQ,   52,    0,    0,   84, 1001,   28,  36,   0,   0,    ,   0,    , -99, -99,           ,  ,  0,    ,    0,    0,    0,    0, THERMO PARAMS, 24, 727, 566, N, 10, DT, -999, SHR82, -99, 
EP, 16, 2026092112, 03, TVCN,   0, 137N, 1291W,   0,    0,   ,   0,    ,    0,    0,    0,    0, 
EP, 16, 2026092112, 03, TVCN,  12, 146N, 1298W,   0,    0,   ,   0,    ,    0,    0,    0,    0, 
EP, 16, 2026092112, 03, TVCN,  24, 152N, 1294W,   0,    0,   ,   0,    ,    0,    0,    0,    0, 
EP, 16, 2026092112, 03, TVCN,  36, 153N, 1282W,   0,    0,   ,   0,    ,    0,    0,    0,    0, 
EP, 16, 2026092112, 03, TVCN,  48, 154N, 1266W,   0,    0,   ,   0,    ,    0,    0,    0,    0, 
EP, 16, 2026092112, 03, TVCN,  60, 157N, 1250W,   0,    0,   ,   0,    ,    0,    0,    0,    0, 
EP, 16, 2026092112, 03, TVCN,  72, 162N, 1236W,   0,    0,   ,   0,    ,    0,    0,    0,    0, 
EP, 16, 2026092112, 03, TVCN,  84, 170N, 1224W,   0,    0,   ,   0,    ,    0,    0,    0,    0, 
EP, 16, 2026092112, 03, TVCN,  96, 176N, 1216W,   0,    0,   ,   0,    ,    0,    0,    0,    0, 
EP, 16, 2026092112, 03, TVCN, 108, 180N, 1213W,   0,    0,   ,   0,    ,    0,    0,    0,    0, 
EP, 16, 2026092112, 03, TVCN, 120, 183N, 1213W,   0,    0,   ,   0,    ,    0,    0,    0,    0, 
EP, 16, 2026092112, 03, TVCN, 132, 186N, 1215W,   0,    0,   ,   0,    ,    0,    0,    0,    0, 
EP, 16, 2026092112, 03, TVCN, 144, 195N, 1213W,   0,    0,   ,   0,    ,    0,    0,    0,    0, 
EP, 16, 2026092112, 03, TVCN, 156, 198N, 1211W,   0,    0,   ,   0,    ,    0,    0,    0,    0, 
EP, 16, 2026092112, 03, TVCN, 168, 197N, 1211W,   0,    0,   ,   0,    ,    0,    0,    0,    0, 
EP, 16, 2026092118, 03, AVNO,   0, 140N, 1300W,  39, 1003, XX,  34, NEQ,   58,   52,    0,    0, 1011,  106,  29,   0,   0, 
EP, 16, 2026092118, 03, AVNO,   6, 144N, 1301W,  42,  996, XX,  34, NEQ,   40,   75,   39,   39, 1008,  103,  29,   0,   0, 
EP, 16, 2026092118, 03, AVNO,  12, 147N, 1297W,  43,  996, XX,  34, NEQ,   53,   73,   75,   41, 1012,  147,  30,   0,   0, 
EP, 16, 2026092118, 03, AVNO,  18, 151N, 1292W,  55,  989, XX,  34, NEQ,   58,   91,   85,   46, 1009,  138,  25,   0,   0, 
EP, 16, 2026092118, 03, AVNO,  18, 151N, 1292W,  55,  989, XX,  50, NEQ,   29,    0,    0,    0, 1009,  138,  25,   0,   0, 
EP, 16, 2026092118, 03, AVNO,  24, 152N, 1285W,  52,  990, XX,  34, NEQ,   49,   80,   47,   47, 1010,  103,  21,   0,   0, 
EP, 16, 2026092118, 03, AVNO,  24, 152N, 1285W,  52,  990, XX,  50, NEQ,    0,   24,    0,    0, 1010,  103,  21,   0,   0, 
EP, 16, 2026092118, 03, AVNO,  30, 153N, 1276W,  49,  986, XX,  34, NEQ,   56,   91,   66,   45, 1006,  105,  17,   0,   0, 
EP, 16, 2026092118, 03, AVNO,  36, 153N, 1266W,  54,  987, XX,  34, NEQ,   97,   95,   68,   74, 1011,  174,  33,   0,   0, 
EP, 16, 2026092118, 03, AVNO,  36, 153N, 1266W,  54,  987, XX,  50, NEQ,   28,   36,   35,   35, 1011,  174,  33,   0,   0, 
EP, 16, 2026092118, 03, AVNO,  42, 154N, 1259W,  60,  980, XX,  34, NEQ,   85,  103,   68,   73, 1008,  184,  24,   0,   0, 
EP, 16, 2026092118, 03, AVNO,  42, 154N, 1259W,  60,  980, XX,  50, NEQ,   43,   31,   40,   43, 1008,  184,  24,   0,   0, 
EP, 16, 2026092118, 03, AVNO,  48, 154N, 1248W,  62,  982, XX,  34, NEQ,   75,  129,   75,   73, 1010,  161,  29,   0,   0, 
EP, 16, 2026092118, 03, AVNO,  48, 154N, 1248W,  62,  982, XX,  50, NEQ,   32,   42,   38,   36, 1010,  161,  29,   0,   0, 
EP, 16, 2026092118, 03, AVNO,  54, 157N, 1236W,  62,  978, XX,  34, NEQ,   61,  108,   77,   71, 1002,   59,  23,   0,   0, 
EP, 16, 2026092118, 03, AVNO,  54, 157N, 1236W,  62,  978, XX,  50, NEQ,   34,   38,   44,   39, 1002,   59,  23,   0,   0, 
EP, 16, 2026092118, 03, AVNO,  60, 162N, 1228W,  61,  981, XX,  34, NEQ,   76,   68,   61,   66, 1009,  114,  18,   0,   0, 
EP, 16, 2026092118, 03, AVNO,  60, 162N, 1228W,  61,  981, XX,  50, NEQ,   35,   28,   35,   40, 1009,  114,  18,   0,   0, 
EP, 16, 2026092118, 03, AVNO,  66, 166N, 1222W,  59,  980, XX,  34, NEQ,   66,   69,   61,   63, 1008,  193,  27,   0,   0, 
EP, 16, 2026092118, 03, AVNO,  66, 166N, 1222W,  59,  980, XX,  50, NEQ,   35,   40,   38,   34, 1008,  193,  27,   0,   0, 
EP, 16, 2026092118, 03, AVNO,  72, 170N, 1218W,  57,  984, XX,  34, NEQ,   61,   63,   71,   71, 1008,   94,  29,   0,   0, 
EP, 16, 2026092118, 03, AVNO,  72, 170N, 1218W,  57,  984, XX,  50, NEQ,   30,   31,   38,   33, 1008,   94,  29,   0,   0, 
EP, 16, 2026092118, 03, AVNO,  78, 176N, 1211W,  59,  982, XX,  34, NEQ,   57,   56,   72,   76, 1006,   92,  28,   0,   0, 
EP, 16, 2026092118, 03, AVNO,  78, 176N, 1211W,  59,  982, XX,  50, NEQ,   30,   35,   36,   37, 1006,   92,  28,   0,   0, 
EP, 16, 2026092118, 03, AVNO,  84, 178N, 1206W,  59,  985, XX,  34, NEQ,   71,   62,   64,   68, 1009,  118,  25,   0,   0, 
EP, 16, 2026092118, 03, AVNO,  84, 178N, 1206W,  59,  985, XX,  50, NEQ,   37,   37,   37,   35, 1009,  118,  25,   0,   0, 
EP, 16, 2026092118, 03, AVNO,  90, 181N, 1203W,  52,  987, XX,  34, NEQ,   58,   67,   68,   70, 1007,  117,  28,   0,   0, 
EP, 16, 2026092118, 03, AVNO,  90, 181N, 1203W,  52,  987, XX,  50, NEQ,    0,    0,   28,   32, 1007,  117,  28,   0,   0, 
EP, 16, 2026092118, 03, AVNO,  96, 182N, 1201W,  52,  991, XX,  34, NEQ,   65,   58,   66,   74, 1007,   78,  34,   0,   0, 
EP, 16, 2026092118, 03, AVNO,  96, 182N, 1201W,  52,  991, XX,  50, NEQ,    0,    0,   35,    0, 1007,   78,  34,   0,   0, 
EP, 16, 2026092118, 03, AVNO, 102, 183N, 1201W,  50,  989, XX,  34, NEQ,   59,   52,   66,   68, 1005,   95,  39,   0,   0, 
EP, 16, 2026092118, 03, AVNO, 102, 183N, 1201W,  50,  989, XX,  50, NEQ,    0,    0,    0,   39, 1005,   95,  39,   0,   0, 
EP, 16, 2026092118, 03, AVNO, 108, 184N, 1202W,  42,  993, XX,  34, NEQ,   56,   53,   54,   58, 1005,   62,  38,   0,   0, 
EP, 16, 2026092118, 03, AVNO, 114, 186N, 1206W,  42,  993, XX,  34, NEQ,   43,   51,   43,   64, 1005,   84,  23,   0,   0, 
EP, 16, 2026092118, 03, AVNO, 120, 188N, 1212W,  44,  995, XX,  34, NEQ,   56,   55,   50,   70, 1007,   68,  32,   0,   0, 
EP, 16, 2026092118, 03, AVNO, 126, 190N, 1217W,  39,  995, XX,  34, NEQ,   36,   42,   48,   54, 1003,   49,  30,   0,   0, 
EP, 16, 2026092118, 03, AVNO, 132, 190N, 1223W,  37,  999, XX,  34, NEQ,   36,    0,    0,   43, 1007,   61,  31,   0,   0, 
EP, 16, 2026092118, 03, AVNO, 138, 189N, 1230W,  34,  998, XX,  34, NEQ,    0,    0,    0,   40, 1002,   30,  39,   0,   0, 
EP, 16, 2026092118, 03, AVNO, 144, 185N, 1236W,  33, 1001, XX,  34, NEQ,    0,    0,    0,    0, 1005,   33,  47,   0,   0, 
EP, 16, 2026092118, 03, AVNO, 150, 180N, 1241W,  33,  999, XX,  34, NEQ,    0,    0,    0,    0, 1003,   36,  47,   0,   0, 
EP, 16, 2026092118, 03, AVNO, 156, 174N, 1246W,  31, 1002, XX,  34, NEQ,    0,    0,    0,    0, 1006,   41,  42,   0,   0, 
EP, 16, 2026092118, 03, AVNO, 162, 167N, 1249W,  29, 1000, XX,  34, NEQ,    0,    0,    0,    0, 1004,   46,  38,   0,   0, 
EP, 16, 2026092118, 03, AVNO, 168, 159N, 1249W,  29, 1003, XX,  34, NEQ,    0,    0,    0,    0, 1007,   61,  41,   0,   0, 
EP, 16, 2026092118, 03, AVNO, 174, 151N, 1246W,  31,  999, XX,  34, NEQ,    0,    0,    0,    0,  -99,  -99,  41,   0,   0, 
EP, 16, 2026092118, 03, AVNO, 180, 139N, 1241W,  37,  999, XX,  34, NEQ,    0,    0,   27,   31, 1003,   25,  24,   0,   0, 
EP, 16, 2026092118, 03, AVNO, 186, 134N, 1231W,  34,  998, XX,  34, NEQ,    0,    0,   32,    0, 1002,   38,  32,   0,   0, 
EP, 16, 2026092118, 03, AVNO, 192, 129N, 1217W,  32, 1001, XX,  34, NEQ,    0,    0,    0,    0,  -99,  -99,  26,   0,   0, 
EP, 16, 2026092118, 03, AVNO, 198, 128N, 1202W,  32,  998, XX,  34, NEQ,    0,    0,    0,    0,  -99,  -99,  18,   0,   0, 
EP, 16, 2026092118, 03, AVNO, 204, 129N, 1184W,  34, 1002, XX,  34, NEQ,    0,   25,    0,    0,  -99,  -99,  25,   0,   0, 
EP, 16, 2026092118, 03, AVNO, 210, 138N, 1168W,  30, 1002, XX,  34, NEQ,    0,    0,    0,    0,  -99,  -99,  64,   0,   0, 
EP, 16, 2026092118, 03, AVNO, 216, 146N, 1152W,  30, 1005, XX,  34, NEQ,    0,    0,    0,    0,  -99,  -99,  39,   0,   0, 
EP, 16, 2026092118, 03, AVNO, 222, 152N, 1135W,  30, 1002, XX,  34, NEQ,    0,    0,    0,    0,  -99,  -99, 157,   0,   0, 
EP, 16, 2026092118, 03, AVNO, 228, 152N, 1126W,  36, 1003, XX,  34, NEQ,   27,    0,   40,    0,  -99,  -99,  39,   0,   0, 
EP, 16, 2026092118, 03, AVNO, 234, 150N, 1113W,  38, 1002, XX,  34, NEQ,  295,  189,   44,    0,  -99,  -99,  17,   0,   0, 
EP, 16, 2026092118, 03, AVNO, 240, 148N, 1094W,  35, 1004, XX,  34, NEQ,   28,    0,   80,    0,  -99,  -99,  79,   0,   0, 
EP, 16, 2026092118, 03, HCCA,   0, 138N, 1297W,  45,    0,   ,   0,    ,    0,    0,    0,    0, 
EP, 16, 2026092118, 03, HCCA,  12, 145N, 1300W,  58,    0,   ,   0,    ,    0,    0,    0,    0, 
EP, 16, 2026092118, 03, HCCA,  24, 150N, 1294W,  67,    0,   ,   0,    ,    0,    0,    0,    0, 
EP, 16, 2026092118, 03, HCCA,  36, 151N, 1281W,  72,    0,   ,   0,    ,    0,    0,    0,    0, 
EP, 16, 2026092118, 03, HCCA,  48, 153N, 1265W,  75,    0,   ,   0,    ,    0,    0,    0,    0, 
EP, 16, 2026092118, 03, HCCA,  60, 159N, 1250W,  74,    0,   ,   0,    ,    0,    0,    0,    0, 
EP, 16, 2026092118, 03, HCCA,  72, 168N, 1234W,  72,    0,   ,   0,    ,    0,    0,    0,    0, 
EP, 16, 2026092118, 03, HCCA,  84, 177N, 1220W,  71,    0,   ,   0,    ,    0,    0,    0,    0, 
EP, 16, 2026092118, 03, HCCA,  96, 186N, 1210W,  70,    0,   ,   0,    ,    0,    0,    0,    0, 
EP, 16, 2026092118, 03, HCCA, 108, 193N, 1204W,  67,    0,   ,   0,    ,    0,    0,    0,    0, 
EP, 16, 2026092118, 03, HCCA, 120, 200N, 1199W,  61,    0,   ,   0,    ,    0,    0,    0,    0, 
EP, 16, 2026092118, 03, HCCA, 132, 209N, 1194W,  58,    0,   ,   0,    ,    0,    0,    0,    0, 
EP, 16, 2026092118, 03, HCCA, 144, 211N, 1185W,  51,    0,   ,   0,    ,    0,    0,    0,    0, 
EP, 16, 2026092118, 03, HCCA, 156, 214N, 1173W,  43,    0,   ,   0,    ,    0,    0,    0,    0, 
EP, 16, 2026092118, 03, HCCA, 168, 215N, 1157W,  36,    0,   ,   0,    ,    0,    0,    0,    0, 
EP, 16, 2026092118, 03, HFSA,   0, 138N, 1296W,  45, 1003, XX,  34, NEQ,   71,  107,   96,   87, 1007,   26,  24,   0,   0,    ,   0,    , 317,   7,           ,  ,  0,    ,    0,    0,    0,    0, THERMO PARAMS, 78, 576, -270, N, 10, DT, -999, SHR82, -99, 
EP, 16, 2026092118, 03, HFSA,   0, 138N, 1296W,  45, 1003, XX,  34, NEQ,   71,  107,   96,   87, 1007,   26,  24,   0,   0,    ,   0,    , 317,   7,           ,  ,  0,    ,    0,    0,    0,    0, THERMO PARAMS, 78, 576, -270, N, 10, DT, -999, SHR82, -99, 
EP, 16, 2026092118, 03, HFSA,   6, 143N, 1303W,  44, 1000, XX,  34, NEQ,   63,   63,   50,    0, 1004,   29,  40,   0,   0,    ,   0,    , 354,   5,           ,  ,  0,    ,    0,    0,    0,    0, THERMO PARAMS, 12, 119, 219, N, 10, DT, -999, SHR82, -99, 
EP, 16, 2026092118, 03, HFSA,   6, 143N, 1303W,  44, 1000, XX,  34, NEQ,   63,   63,   50,    0, 1004,   29,  40,   0,   0,    ,   0,    , 354,   5,           ,  ,  0,    ,    0,    0,    0,    0, THERMO PARAMS, 12, 119, 219, N, 10, DT, -999, SHR82, -99, 
EP, 16, 2026092118, 03, HFSA,  12, 148N, 1299W,  60,  996, XX,  34, NEQ,   45,   70,  105,    0, 1008,   53,  26,   0,   0,    ,   0,    ,  43,   8,           ,  ,  0,    ,    0,    0,    0,    0, THERMO PARAMS, -42, 475, 255, N, 10, DT, -999, SHR82, -99, 
EP, 16, 2026092118, 03, HFSA,  12, 148N, 1299W,  60,  996, XX,  50, NEQ,   24,   31,    0,    0, 1008,   53,  26,   0,   0,    ,   0,    ,  43,   8,           ,  ,  0,    ,    0,    0,    0,    0, THERMO PARAMS, -42, 475, 255, N, 10, DT, -999, SHR82, -99, 
EP, 16, 2026092118, 03, HFSA,  12, 148N, 1299W,  60,  996, XX,  34, NEQ,   45,   70,  105,    0, 1008,   53,  26,   0,   0,    ,   0,    ,  43,   8,           ,  ,  0,    ,    0,    0,    0,    0, THERMO PARAMS, -42, 475, 255, N, 10, DT, -999, SHR82, -99, 
EP, 16, 2026092118, 03, HFSA,  12, 148N, 1299W,  60,  996, XX,  50, NEQ,   24,   31,    0,    0, 1008,   53,  26,   0,   0,    ,   0,    ,  43,   8,           ,  ,  0,    ,    0,    0,    0,    0, THERMO PARAMS, -42, 475, 255, N, 10, DT, -999, SHR82, -99, 
EP, 16, 2026092118, 03, HFSA,  18, 156N, 1296W,  43,  998, XX,  34, NEQ,   24,   71,   94,   24, 1002,   13,  58,   0,   0,    ,   0,    ,  48,   6,           ,  ,  0,    ,    0,    0,    0,    0, THERMO PARAMS, -38, 933, 129, N, 10, DT, -999, SHR82, -99, 
EP, 16, 2026092118, 03, HFSA,  18, 156N, 1296W,  43,  998, XX,  34, NEQ,   24,   71,   94,   24, 1002,   13,  58,   0,   0,    ,   0,    ,  48,   6,           ,  ,  0,    ,    0,    0,    0,    0, THERMO PARAMS, -38, 933, 129, N, 10, DT, -999, SHR82, -99, 
EP, 16, 2026092118, 03, HFSA,  24, 154N, 1293W,  37, 1000, XX,  34, NEQ,    0,   81,    0,    0, 1008,   64,  79,   0,   0,    ,   0,    ,  99,   6,           ,  ,  0,    ,    0,    0,    0,    0, THERMO PARAMS, 56, 877, 361, N, 10, DT, -999, SHR82, -99, 
EP, 16, 2026092118, 03, HFSA,  24, 154N, 1293W,  37, 1000, XX,  34, NEQ,    0,   81,    0,    0, 1008,   64,  79,   0,   0,    ,   0,    ,  99,   6,           ,  ,  0,    ,    0,    0,    0,    0, THERMO PARAMS, 56, 877, 361, N, 10, DT, -999, SHR82, -99, 
EP, 16, 2026092118, 03, HFSA,  30, 153N, 1280W,  72,  974, XX,  34, NEQ,   53,  115,   89,   19, 1002,   36,   7,   0,   0,    ,   0,    ,  83,  12,           ,  ,  0,    ,    0,    0,    0,    0, THERMO PARAMS, 14, 1513, 1312, N, 10, DT, -999, SHR82, -99, 
EP, 16, 2026092118, 03, HFSA,  30, 153N, 1280W,  72,  974, XX,  50, NEQ,   13,   10,   10,   11, 1002,   36,   7,   0,   0,    ,   0,    ,  83,  12,           ,  ,  0,    ,    0,    0,    0,    0, THERMO PARAMS, 14, 1513, 1312, N, 10, DT, -999, SHR82, -99, 
EP, 16, 2026092118, 03, HFSA,  30, 153N, 1280W,  72,  974, XX,  64, NEQ,    6,    5,    0,    8, 1002,   36,   7,   0,   0,    ,   0,    ,  83,  12,           ,  ,  0,    ,    0,    0,    0,    0, THERMO PARAMS, 14, 1513, 1312, N, 10, DT, -999, SHR82, -99, 
EP, 16, 2026092118, 03, HFSA,  30, 153N, 1280W,  72,  974, XX,  34, NEQ,   53,  115,   89,   19, 1002,   36,   7,   0,   0,    ,   0,    ,  83,  12,           ,  ,  0,    ,    0,    0,    0,    0, THERMO PARAMS, 14, 1513, 1312, N, 10, DT, -999, SHR82, -99, 
EP, 16, 2026092118, 03, HFSA,  30, 153N, 1280W,  72,  974, XX,  50, NEQ,   13,   10,   10,   11, 1002,   36,   7,   0,   0,    ,   0,    ,  83,  12,           ,  ,  0,    ,    0,    0,    0,    0, THERMO PARAMS, 14, 1513, 1312, N, 10, DT, -999, SHR82, -99, 
EP, 16, 2026092118, 03, HFSA,  30, 153N, 1280W,  72,  974, XX,  64, NEQ,    6,    5,    0,    8, 1002,   36,   7,   0,   0,    ,   0,    ,  83,  12,           ,  ,  0,    ,    0,    0,    0,    0, THERMO PARAMS, 14, 1513, 1312, N, 10, DT, -999, SHR82, -99, 
EP, 16, 2026092118, 03, HFSA,  36, 154N, 1268W,  59,  989, XX,  34, NEQ,   57,  121,   96,   44,  993,    6,  60,   0,   0,    ,   0,    ,  78,  10,           ,  ,  0,    ,    0,    0,    0,    0, THERMO PARAMS, 12, 853, 677, N, 10, DT, -999, SHR82, -99, 
EP, 16, 2026092118, 03, HFSA,  36, 154N, 1268W,  59,  989, XX,  50, NEQ,   13,   62,   13,    0,  993,    6,  60,   0,   0,    ,   0,    ,  78,  10,           ,  ,  0,    ,    0,    0,    0,    0, THERMO PARAMS, 12, 853, 677, N, 10, DT, -999, SHR82, -99, 
EP, 16, 2026092118, 03, HFSA,  36, 154N, 1268W,  59,  989, XX,  34, NEQ,   57,  121,   96,   44,  993,    6,  60,   0,   0,    ,   0,    ,  78,  10,           ,  ,  0,    ,    0,    0,    0,    0, THERMO PARAMS, 12, 853, 677, N, 10, DT, -999, SHR82, -99, 
EP, 16, 2026092118, 03, HFSA,  36, 154N, 1268W,  59,  989, XX,  50, NEQ,   13,   62,   13,    0,  993,    6,  60,   0,   0,    ,   0,    ,  78,  10,           ,  ,  0,    ,    0,    0,    0,    0, THERMO PARAMS, 12, 853, 677, N, 10, DT, -999, SHR82, -99, 
EP, 16, 2026092118, 03, HFSA,  42, 157N, 1259W,  65,  987, XX,  34, NEQ,   86,  155,  123,   78,  995,   26,  28,   0,   0,    ,   0,    ,  72,  10,           ,  ,  0,    ,    0,    0,    0,    0, THERMO PARAMS, 50, 145, 968, N, 10, DT, -999, SHR82, -99, 
EP, 16, 2026092118, 03, HFSA,  42, 157N, 1259W,  65,  987, XX,  50, NEQ,   42,   92,   23,   34,  995,   26,  28,   0,   0,    ,   0,    ,  72,  10,           ,  ,  0,    ,    0,    0,    0,    0, THERMO PARAMS, 50, 145, 968, N, 10, DT, -999, SHR82, -99, 
EP, 16, 2026092118, 03, HFSA,  42, 157N, 1259W,  65,  987, XX,  34, NEQ,   86,  155,  123,   78,  995,   26,  28,   0,   0,    ,   0,    ,  72,  10,           ,  ,  0,    ,    0,    0,    0,    0, THERMO PARAMS, 50, 145, 968, N, 10, DT, -999, SHR82, -99, 
EP, 16, 2026092118, 03, HFSA,  42, 157N, 1259W,  65,  987, XX,  50, NEQ,   42,   92,   23,   34,  995,   26,  28,   0,   0,    ,   0,    ,  72,  10,           ,  ,  0,    ,    0,    0,    0,    0, THERMO PARAMS, 50, 145, 968, N, 10, DT, -999, SHR82, -99, 
EP, 16, 2026092118, 03, HFSA,  48, 156N, 1250W,  67,  989, XX,  34, NEQ,  110,  152,  120,   79,  997,   29,  79,   0,   0,    ,   0,    ,  83,  10,           ,  ,  0,    ,    0,    0,    0,    0, THERMO PARAMS, 114, 637, 379, N, 10, DT, -999, SHR82, -99, 
EP, 16, 2026092118, 03, HFSA,  48, 156N, 1250W,  67,  989, XX,  50, NEQ,   89,   87,   42,   39,  997,   29,  79,   0,   0,    ,   0,    ,  83,  10,           ,  ,  0,    ,    0,    0,    0,    0, THERMO PARAMS, 114, 637, 379, N, 10, DT, -999, SHR82, -99, 
EP, 16, 2026092118, 03, HFSA,  48, 156N, 1250W,  67,  989, XX,  34, NEQ,  110,  152,  120,   79,  997,   29,  79,   0,   0,    ,   0,    ,  83,  10,           ,  ,  0,    ,    0,    0,    0,    0, THERMO PARAMS, 114, 637, 379, N, 10, DT, -999, SHR82, -99, 
EP, 16, 2026092118, 03, HFSA,  48, 156N, 1250W,  67,  989, XX,  50, NEQ,   89,   87,   42,   39,  997,   29,  79,   0,   0,    ,   0,    ,  83,  10,           ,  ,  0,    ,    0,    0,    0,    0, THERMO PARAMS, 114, 637, 379, N, 10, DT, -999, SHR82, -99, 
EP, 16, 2026092118, 03, HFSA,  54, 160N, 1241W,  75,  983, XX,  34, NEQ,  113,  159,   68,   78,  987,   14,  21,   0,   0,    ,   0,    ,  70,   8,           ,  ,  0,    ,    0,    0,    0,    0, THERMO PARAMS, 81, 654, 1088, N, 10, DT, -999, SHR82, -99, 
EP, 16, 2026092118, 03, HFSA,  54, 160N, 1241W,  75,  983, XX,  50, NEQ,   47,   36,   37,   47,  987,   14,  21,   0,   0,    ,   0,    ,  70,   8,           ,  ,  0,    ,    0,    0,    0,    0, THERMO PARAMS, 81, 654, 1088, N, 10, DT, -999, SHR82, -99, 
EP, 16, 2026092118, 03, HFSA,  54, 160N, 1241W,  75,  983, XX,  64, NEQ,   32,    0,    0,   26,  987,   14,  21,   0,   0,    ,   0,    ,  70,   8,           ,  ,  0,    ,    0,    0,    0,    0, THERMO PARAMS, 81, 654, 1088, N, 10, DT, -999, SHR82, -99, 
EP, 16, 2026092118, 03, HFSA,  54, 160N, 1241W,  75,  983, XX,  34, NEQ,  113,  159,   68,   78,  987,   14,  21,   0,   0,    ,   0,    ,  70,   8,           ,  ,  0,    ,    0,    0,    0,    0, THERMO PARAMS, 81, 654, 1088, N, 10, DT, -999, SHR82, -99, 
EP, 16, 2026092118, 03, HFSA,  54, 160N, 1241W,  75,  983, XX,  50, NEQ,   47,   36,   37,   47,  987,   14,  21,   0,   0,    ,   0,    ,  70,   8,           ,  ,  0,    ,    0,    0,    0,    0, THERMO PARAMS, 81, 654, 1088, N, 10, DT, -999, SHR82, -99, 
EP, 16, 2026092118, 03, HFSA,  54, 160N, 1241W,  75,  983, XX,  64, NEQ,   32,    0,    0,   26,  987,   14,  21,   0,   0,    ,   0,    ,  70,   8,           ,  ,  0,    ,    0,    0,    0,    0, THERMO PARAMS, 81, 654, 1088, N, 10, DT, -999, SHR82, -99, 
EP, 16, 2026092118, 03, HFSA,  60, 160N, 1235W,  71,  985, XX,  34, NEQ,  128,  162,   87,  100,  997,   40,  24,   0,   0,    ,   0,    ,  78,   6,           ,  ,  0,    ,    0,    0,    0,    0, THERMO PARAMS, 71, 706, 1081, N, 10, DT, -999, SHR82, -99, 
EP, 16, 2026092118, 03, HFSA,  60, 160N, 1235W,  71,  985, XX,  50, NEQ,   91,   36,   40,   45,  997,   40,  24,   0,   0,    ,   0,    ,  78,   6,           ,  ,  0,    ,    0,    0,    0,    0, THERMO PARAMS, 71, 706, 1081, N, 10, DT, -999, SHR82, -99, 
EP, 16, 2026092118, 03, HFSA,  60, 160N, 1235W,  71,  985, XX,  64, NEQ,    0,    0,   32,   29,  997,   40,  24,   0,   0,    ,   0,    ,  78,   6,           ,  ,  0,    ,    0,    0,    0,    0, THERMO PARAMS, 71, 706, 1081, N, 10, DT, -999, SHR82, -99, 
EP, 16, 2026092118, 03, HFSA,  60, 160N, 1235W,  71,  985, XX,  34, NEQ,  128,  162,   87,  100,  997,   40,  24,   0,   0,    ,   0,    ,  78,   6,           ,  ,  0,    ,    0,    0,    0,    0, THERMO PARAMS, 71, 706, 1081, N, 10, DT, -999, SHR82, -99, 
EP, 16, 2026092118, 03, HFSA,  60, 160N, 1235W,  71,  985, XX,  50, NEQ,   91,   36,   40,   45,  997,   40,  24,   0,   0,    ,   0,    ,  78,   6,           ,  ,  0,    ,    0,    0,    0,    0, THERMO PARAMS, 71, 706, 1081, N, 10, DT, -999, SHR82, -99, 
EP, 16, 2026092118, 03, HFSA,  60, 160N, 1235W,  71,  985, XX,  64, NEQ,    0,    0,   32,   29,  997,   40,  24,   0,   0,    ,   0,    ,  78,   6,           ,  ,  0,    ,    0,    0,    0,    0, THERMO PARAMS, 71, 706, 1081, N, 10, DT, -999, SHR82, -99, 
EP, 16, 2026092118, 03, HFSA,  66, 164N, 1229W,  60,  984, XX,  34, NEQ,  128,  118,   91,   83,  -99,  -99,  27,   0,   0,    ,   0,    ,  53,   7,           ,  ,  0,    ,    0,    0,    0,    0, THERMO PARAMS, 77, 781, 1064, N, 10, DT, -999, SHR82, -99, 
EP, 16, 2026092118, 03, HFSA,  66, 164N, 1229W,  60,  984, XX,  50, NEQ,   32,   37,   21,   34,  -99,  -99,  27,   0,   0,    ,   0,    ,  53,   7,           ,  ,  0,    ,    0,    0,    0,    0, THERMO PARAMS, 77, 781, 1064, N, 10, DT, -999, SHR82, -99, 
EP, 16, 2026092118, 03, HFSA,  66, 164N, 1229W,  60,  984, XX,  34, NEQ,  128,  118,   91,   83,  -99,  -99,  27,   0,   0,    ,   0,    ,  53,   7,           ,  ,  0,    ,    0,    0,    0,    0, THERMO PARAMS, 77, 781, 1064, N, 10, DT, -999, SHR82, -99, 
EP, 16, 2026092118, 03, HFSA,  66, 164N, 1229W,  60,  984, XX,  50, NEQ,   32,   37,   21,   34,  -99,  -99,  27,   0,   0,    ,   0,    ,  53,   7,           ,  ,  0,    ,    0,    0,    0,    0, THERMO PARAMS, 77, 781, 1064, N, 10, DT, -999, SHR82, -99, 
EP, 16, 2026092118, 03, HFSA,  72, 167N, 1223W,  60,  986, XX,  34, NEQ,   86,  102,   84,  108, 1002,   53,  26,   0,   0,    ,   0,    ,  56,   7,           ,  ,  0,    ,    0,    0,    0,    0, THERMO PARAMS, 64, 1145, 1180, N, 10, DT, -999, SHR82, -99, 
EP, 16, 2026092118, 03, HFSA,  72, 167N, 1223W,  60,  986, XX,  50, NEQ,   32,   29,   21,   26, 1002,   53,  26,   0,   0,    ,   0,    ,  56,   7,           ,  ,  0,    ,    0,    0,    0,    0, THERMO PARAMS, 64, 1145, 1180, N, 10, DT, -999, SHR82, -99, 
EP, 16, 2026092118, 03, HFSA,  72, 167N, 1223W,  60,  986, XX,  34, NEQ,   86,  102,   84,  108, 1002,   53,  26,   0,   0,    ,   0,    ,  56,   7,           ,  ,  0,    ,    0,    0,    0,    0, THERMO PARAMS, 64, 1145, 1180, N, 10, DT, -999, SHR82, -99, 
EP, 16, 2026092118, 03, HFSA,  72, 167N, 1223W,  60,  986, XX,  50, NEQ,   32,   29,   21,   26, 1002,   53,  26,   0,   0,    ,   0,    ,  56,   7,           ,  ,  0,    ,    0,    0,    0,    0, THERMO PARAMS, 64, 1145, 1180, N, 10, DT, -999, SHR82, -99, 
EP, 16, 2026092118, 03, HFSA,  78, 170N, 1216W,  56,  985, XX,  34, NEQ,   78,   86,   76,   70,  -99,  -99,  34,   0,   0,    ,   0,    ,  65,   8,           ,  ,  0,    ,    0,    0,    0,    0, THERMO PARAMS, 57, 580, 1020, N, 10, DT, -999, SHR82, -99, 
EP, 16, 2026092118, 03, HFSA,  78, 170N, 1216W,  56,  985, XX,  50, NEQ,   40,   32,   24,   28,  -99,  -99,  34,   0,   0,    ,   0,    ,  65,   8,           ,  ,  0,    ,    0,    0,    0,    0, THERMO PARAMS, 57, 580, 1020, N, 10, DT, -999, SHR82, -99, 
EP, 16, 2026092118, 03, HFSA,  78, 170N, 1216W,  56,  985, XX,  34, NEQ,   78,   86,   76,   70,  -99,  -99,  34,   0,   0,    ,   0,    ,  65,   8,           ,  ,  0,    ,    0,    0,    0,    0, THERMO PARAMS, 57, 580, 1020, N, 10, DT, -999, SHR82, -99, 
EP, 16, 2026092118, 03, HFSA,  78, 170N, 1216W,  56,  985, XX,  50, NEQ,   40,   32,   24,   28,  -99,  -99,  34,   0,   0,    ,   0,    ,  65,   8,           ,  ,  0,    ,    0,    0,    0,    0, THERMO PARAMS, 57, 580, 1020, N, 10, DT, -999, SHR82, -99, 
EP, 16, 2026092118, 03, HFSA,  84, 172N, 1210W,  59,  988, XX,  34, NEQ,   83,   91,   71,   78,  996,   27,  27,   0,   0,    ,   0,    ,  62,   5,           ,  ,  0,    ,    0,    0,    0,    0, THERMO PARAMS, 56, 1195, 1014, N, 10, DT, -999, SHR82, -99, 
EP, 16, 2026092118, 03, HFSA,  84, 172N, 1210W,  59,  988, XX,  50, NEQ,   55,    0,   29,   44,  996,   27,  27,   0,   0,    ,   0,    ,  62,   5,           ,  ,  0,    ,    0,    0,    0,    0, THERMO PARAMS, 56, 1195, 1014, N, 10, DT, -999, SHR82, -99, 
EP, 16, 2026092118, 03, HFSA,  84, 172N, 1210W,  59,  988, XX,  34, NEQ,   83,   91,   71,   78,  996,   27,  27,   0,   0,    ,   0,    ,  62,   5,           ,  ,  0,    ,    0,    0,    0,    0, THERMO PARAMS, 56, 1195, 1014, N, 10, DT, -999, SHR82, -99, 
EP, 16, 2026092118, 03, HFSA,  84, 172N, 1210W,  59,  988, XX,  50, NEQ,   55,    0,   29,   44,  996,   27,  27,   0,   0,    ,   0,    ,  62,   5,           ,  ,  0,    ,    0,    0,    0,    0, THERMO PARAMS, 56, 1195, 1014, N, 10, DT, -999, SHR82, -99, 
EP, 16, 2026092118, 03, HFSA,  90, 176N, 1206W,  53,  986, XX,  34, NEQ,   78,   81,   73,   81,  998,   43,  34,   0,   0,    ,   0,    ,  44,   4,           ,  ,  0,    ,    0,    0,    0,    0, THERMO PARAMS, 95, 1274, 1061, N, 10, DT, -999, SHR82, -99, 
EP, 16, 2026092118, 03, HFSA,  90, 176N, 1206W,  53,  986, XX,  50, NEQ,    0,    0,   32,   42,  998,   43,  34,   0,   0,    ,   0,    ,  44,   4,           ,  ,  0,    ,    0,    0,    0,    0, THERMO PARAMS, 95, 1274, 1061, N, 10, DT, -999, SHR82, -99, 
EP, 16, 2026092118, 03, HFSA,  90, 176N, 1206W,  53,  986, XX,  34, NEQ,   78,   81,   73,   81,  998,   43,  34,   0,   0,    ,   0,    ,  44,   4,           ,  ,  0,    ,    0,    0,    0,    0, THERMO PARAMS, 95, 1274, 1061, N, 10, DT, -999, SHR82, -99, 
EP, 16, 2026092118, 03, HFSA,  90, 176N, 1206W,  53,  986, XX,  50, NEQ,    0,    0,   32,   42,  998,   43,  34,   0,   0,    ,   0,    ,  44,   4,           ,  ,  0,    ,    0,    0,    0,    0, THERMO PARAMS, 95, 1274, 1061, N, 10, DT, -999, SHR82, -99, 
EP, 16, 2026092118, 03, HFSA,  96, 177N, 1204W,  50,  992, XX,  34, NEQ,   91,   66,   73,   92,  996,   21,  35,   0,   0,    ,   0,    ,  18,   1,           ,  ,  0,    ,    0,    0,    0,    0, THERMO PARAMS, 61, 862, 649, N, 10, DT, -999, SHR82, -99, 
EP, 16, 2026092118, 03, HFSA,  96, 177N, 1204W,  50,  992, XX,  34, NEQ,   91,   66,   73,   92,  996,   21,  35,   0,   0,    ,   0,    ,  18,   1,           ,  ,  0,    ,    0,    0,    0,    0, THERMO PARAMS, 61, 862, 649, N, 10, DT, -999, SHR82, -99, 
EP, 16, 2026092118, 03, HFSA, 102, 181N, 1204W,  63,  982, XX,  34, NEQ,   84,   66,   79,   83,  986,    4,  26,   0,   0,    ,   0,    , 322,   3,           ,  ,  0,    ,    0,    0,    0,    0, THERMO PARAMS, 88, 343, 1167, N, 10, DT, -999, SHR82, -99, 
EP, 16, 2026092118, 03, HFSA, 102, 181N, 1204W,  63,  982, XX,  50, NEQ,    0,    0,   28,   44,  986,    4,  26,   0,   0,    ,   0,    , 322,   3,           ,  ,  0,    ,    0,    0,    0,    0, THERMO PARAMS, 88, 343, 1167, N, 10, DT, -999, SHR82, -99, 
EP, 16, 2026092118, 03, HFSA, 102, 181N, 1204W,  63,  982, XX,  34, NEQ,   84,   66,   79,   83,  986,    4,  26,   0,   0,    ,   0,    , 322,   3,           ,  ,  0,    ,    0,    0,    0,    0, THERMO PARAMS, 88, 343, 1167, N, 10, DT, -999, SHR82, -99, 
EP, 16, 2026092118, 03, HFSA, 102, 181N, 1204W,  63,  982, XX,  50, NEQ,    0,    0,   28,   44,  986,    4,  26,   0,   0,    ,   0,    , 322,   3,           ,  ,  0,    ,    0,    0,    0,    0, THERMO PARAMS, 88, 343, 1167, N, 10, DT, -999, SHR82, -99, 
EP, 16, 2026092118, 03, HFSA, 108, 180N, 1208W,  42,  992, XX,  34, NEQ,   73,   53,   73,   84, 1004,   63,  24,   0,   0,    ,   0,    , 272,   4,           ,  ,  0,    ,    0,    0,    0,    0, THERMO PARAMS, -18, 555, 1001, N, 10, DT, -999, SHR82, -99, 
EP, 16, 2026092118, 03, HFSA, 108, 180N, 1208W,  42,  992, XX,  34, NEQ,   73,   53,   73,   84, 1004,   63,  24,   0,   0,    ,   0,    , 272,   4,           ,  ,  0,    ,    0,    0,    0,    0, THERMO PARAMS, -18, 555, 1001, N, 10, DT, -999, SHR82, -99, 
EP, 16, 2026092118, 03, HFSA, 114, 179N, 1213W,  39,  992, XX,  34, NEQ,   34,   49,   66,   89, 1000,   44,  72,   0,   0,    ,   0,    , 274,   4,           ,  ,  0,    ,    0,    0,    0,    0, THERMO PARAMS, 6, 668, 870, N, 10, DT, -999, SHR82, -99, 
EP, 16, 2026092118, 03, HFSA, 114, 179N, 1213W,  39,  992, XX,  34, NEQ,   34,   49,   66,   89, 1000,   44,  72,   0,   0,    ,   0,    , 274,   4,           ,  ,  0,    ,    0,    0,    0,    0, THERMO PARAMS, 6, 668, 870, N, 10, DT, -999, SHR82, -99, 
EP, 16, 2026092118, 03, HFSA, 120, 179N, 1217W,  35,  996, XX,  34, NEQ,   34,   62,   58,   62, 1004,   54,  56,   0,   0,    ,   0,    , 284,   5,           ,  ,  0,    ,    0,    0,    0,    0, THERMO PARAMS, 18, 709, 733, N, 10, DT, -999, SHR82, -99, 
EP, 16, 2026092118, 03, HFSA, 120, 179N, 1217W,  35,  996, XX,  34, NEQ,   34,   62,   58,   62, 1004,   54,  56,   0,   0,    ,   0,    , 284,   5,           ,  ,  0,    ,    0,    0,    0,    0, THERMO PARAMS, 18, 709, 733, N, 10, DT, -999, SHR82, -99, 
EP, 16, 2026092118, 03, HFSA, 126, 178N, 1222W,  36,  995, XX,  34, NEQ,    0,    0,   37,   63,  999,   26,  31,   0,   0,    ,   0,    , -99, -99,           ,  ,  0,    ,    0,    0,    0,    0, THERMO PARAMS, -2, 528, 511, N, 10, DT, -999, SHR82, -99, 
EP, 16, 2026092118, 03, HFSA, 126, 178N, 1222W,  36,  995, XX,  34, NEQ,    0,    0,   37,   63,  999,   26,  31,   0,   0,    ,   0,    , -99, -99,           ,  ,  0,    ,    0,    0,    0,    0, THERMO PARAMS, -2, 528, 511, N, 10, DT, -999, SHR82, -99, 
EP, 16, 2026092118, 03, TVCN,   0, 138N, 1297W,   0,    0,   ,   0,    ,    0,    0,    0,    0, 
EP, 16, 2026092118, 03, TVCN,  12, 146N, 1299W,   0,    0,   ,   0,    ,    0,    0,    0,    0, 
EP, 16, 2026092118, 03, TVCN,  24, 149N, 1291W,   0,    0,   ,   0,    ,    0,    0,    0,    0, 
EP, 16, 2026092118, 03, TVCN,  36, 149N, 1278W,   0,    0,   ,   0,    ,    0,    0,    0,    0, 
EP, 16, 2026092118, 03, TVCN,  48, 151N, 1263W,   0,    0,   ,   0,    ,    0,    0,    0,    0, 
EP, 16, 2026092118, 03, TVCN,  60, 155N, 1249W,   0,    0,   ,   0,    ,    0,    0,    0,    0, 
EP, 16, 2026092118, 03, TVCN,  72, 162N, 1235W,   0,    0,   ,   0,    ,    0,    0,    0,    0, 
EP, 16, 2026092118, 03, TVCN,  84, 170N, 1225W,   0,    0,   ,   0,    ,    0,    0,    0,    0, 
EP, 16, 2026092118, 03, TVCN,  96, 176N, 1220W,   0,    0,   ,   0,    ,    0,    0,    0,    0, 
EP, 16, 2026092118, 03, TVCN, 108, 180N, 1220W,   0,    0,   ,   0,    ,    0,    0,    0,    0, 
EP, 16, 2026092118, 03, TVCN, 120, 185N, 1223W,   0,    0,   ,   0,    ,    0,    0,    0,    0, 
EP, 16, 2026092118, 03, TVCN, 132, 190N, 1227W,   0,    0,   ,   0,    ,    0,    0,    0,    0, 
EP, 16, 2026092118, 03, TVCN, 144, 199N, 1216W,   0,    0,   ,   0,    ,    0,    0,    0,    0, 
EP, 16, 2026092118, 03, TVCN, 156, 198N, 1214W,   0,    0,   ,   0,    ,    0,    0,    0,    0, 
EP, 16, 2026092118, 03, TVCN, 168, 194N, 1211W,   0,    0,   ,   0,    ,    0,    0,    0,    0, 
EP, 16, 2026092200, 03,  UKX,   0, 142N, 1304W,  34, 1002, XX,  34, NEQ,    0,    0,    0,    0, 
EP, 16, 2026092200, 03,  UKX,   6, 147N, 1304W,  38, 1004, XX,  34, NEQ,   76,   72,    0,    0, 
EP, 16, 2026092200, 03,  UKX,  12, 152N, 1305W,  36, 1001, XX,  34, NEQ,   72,   69,    0,    0, 
EP, 16, 2026092200, 03,  UKX,  18, 152N, 1305W,  35, 1002, XX,  34, NEQ,    0,   52,    0,    0, 
EP, 16, 2026092200, 03,  UKX,  24, 153N, 1302W,  35, 1000, XX,  34, NEQ,    0,   54,    0,   59, 
EP, 16, 2026092200, 03,  UKX,  30, 154N, 1297W,  37, 1001, XX,  34, NEQ,   74,    0,    0,   83, 
EP, 16, 2026092200, 03,  UKX,  36, 155N, 1292W,  37,  999, XX,  34, NEQ,   94,   77,    0,   94, 
EP, 16, 2026092200, 03,  UKX,  42, 156N, 1288W,  37, 1000, XX,  34, NEQ,   91,  103,    0,   73, 
EP, 16, 2026092200, 03,  UKX,  48, 158N, 1286W,  38,  998, XX,  34, NEQ,   87,   92,    0,   88, 
EP, 16, 2026092200, 03,  UKX,  54, 159N, 1284W,  36, 1000, XX,  34, NEQ,   72,   97,    0,   67, 
EP, 16, 2026092200, 03,  UKX,  60, 162N, 1282W,  35,  998, XX,  34, NEQ,   78,   71,    0,   64, 
EP, 16, 2026092200, 03,  UKX,  66, 165N, 1280W,  35, 1000, XX,  34, NEQ,   63,    0,    0,   61, 
EP, 16, 2026092200, 03,  UKX,  72, 168N, 1277W,  37,  998, XX,  34, NEQ,   65,    0,    0,   59, 
EP, 16, 2026092200, 03,  UKX,  78, 169N, 1275W,  36, 1000, XX,  34, NEQ,   70,    0,    0,   69, 
EP, 16, 2026092200, 03,  UKX,  84, 173N, 1271W,  37,  998, XX,  34, NEQ,   68,   59,    0,   44, 
EP, 16, 2026092200, 03,  UKX,  90, 176N, 1270W,  37, 1000, XX,  34, NEQ,   73,    0,    0,    0, 
EP, 16, 2026092200, 03,  UKX,  96, 179N, 1270W,  37,  998, XX,  34, NEQ,   71,    0,    0,   59, 
EP, 16, 2026092200, 03,  UKX, 102, 181N, 1271W,  36, 1000, XX,  34, NEQ,   72,    0,    0,   73, 
EP, 16, 2026092200, 03,  UKX, 108, 184N, 1273W,  35,  999, XX,  34, NEQ,   71,    0,    0,   51, 
EP, 16, 2026092200, 03,  UKX, 114, 189N, 1276W,  35, 1002, XX,  34, NEQ,   66,    0,    0,   56, 
EP, 16, 2026092200, 03,  UKX, 120, 194N, 1281W,  34, 1000, XX,  34, NEQ,    0,    0,    0,    0, 
EP, 16, 2026092200, 03,  UKX, 126, 201N, 1285W,  35, 1003, XX,  34, NEQ,  103,    0,    0,   57, 
EP, 16, 2026092200, 03,  UKX, 132, 210N, 1290W,  37, 1002, XX,  34, NEQ,  118,    0,    0,   44, 
EP, 16, 2026092200, 03,  UKX, 138, 215N, 1294W,  38, 1004, XX,  34, NEQ,  129,    0,   49,   70, 
EP, 16, 2026092200, 03,  UKX, 144, 218N, 1296W,  39, 1002, XX,  34, NEQ,  137,    0,   53,   65, 
EP, 16, 2026092200, 03, AVNO,   0, 145N, 1301W,  39,  996, XX,  34, NEQ,   44,   70,   45,   33, 1008,  106,  36,   0,   0, 
EP, 16, 2026092200, 03, AVNO,   6, 151N, 1299W,  49,  998, XX,  34, NEQ,   42,   82,   82,   50, 1010,   89,  26,   0,   0, 
EP, 16, 2026092200, 03, AVNO,  12, 150N, 1296W,  54,  982, XX,  34, NEQ,   50,   77,   75,   38, 1010,  165,  21,   0,   0, 
EP, 16, 2026092200, 03, AVNO,  12, 150N, 1296W,  54,  982, XX,  50, NEQ,   23,   27,    0,    0, 1010,  165,  21,   0,   0, 
EP, 16, 2026092200, 03, AVNO,  18, 152N, 1289W,  52,  990, XX,  34, NEQ,   50,   71,   46,   37, 1010,  116,  26,   0,   0, 
EP, 16, 2026092200, 03, AVNO,  18, 152N, 1289W,  52,  990, XX,  50, NEQ,   28,    0,    0,    0, 1010,  116,  26,   0,   0, 
EP, 16, 2026092200, 03, AVNO,  24, 154N, 1280W,  49,  989, XX,  34, NEQ,   56,   79,   57,   51, 1009,  244,  27,   0,   0, 
EP, 16, 2026092200, 03, AVNO,  30, 154N, 1269W,  57,  986, XX,  34, NEQ,   63,   86,   70,   76, 1010,  146,  24,   0,   0, 
EP, 16, 2026092200, 03, AVNO,  30, 154N, 1269W,  57,  986, XX,  50, NEQ,   25,   37,    0,   28, 1010,  146,  24,   0,   0, 
EP, 16, 2026092200, 03, AVNO,  36, 155N, 1261W,  55,  984, XX,  34, NEQ,   90,   92,   69,   72, 1008,  186,  28,   0,   0, 
EP, 16, 2026092200, 03, AVNO,  36, 155N, 1261W,  55,  984, XX,  50, NEQ,    0,   41,   42,   41, 1008,  186,  28,   0,   0, 
EP, 16, 2026092200, 03, AVNO,  42, 157N, 1253W,  52,  987, XX,  34, NEQ,   60,  105,   75,   67, 1011,  205,  30,   0,   0, 
EP, 16, 2026092200, 03, AVNO,  42, 157N, 1253W,  52,  987, XX,  50, NEQ,    0,   39,    0,   25, 1011,  205,  30,   0,   0, 
EP, 16, 2026092200, 03, AVNO,  48, 158N, 1242W,  51,  986, XX,  34, NEQ,   67,   94,   80,   65, 1006,  117,  27,   0,   0, 
EP, 16, 2026092200, 03, AVNO,  48, 158N, 1242W,  51,  986, XX,  50, NEQ,    0,    0,    0,   27, 1006,  117,  27,   0,   0, 
EP, 16, 2026092200, 03, AVNO,  54, 161N, 1233W,  48,  990, XX,  34, NEQ,   73,   69,   63,   70, 1010,  166,  36,   0,   0, 
EP, 16, 2026092200, 03, AVNO,  60, 165N, 1228W,  51,  985, XX,  34, NEQ,   67,   70,   53,   63, 1005,  108,  27,   0,   0, 
EP, 16, 2026092200, 03, AVNO,  60, 165N, 1228W,  51,  985, XX,  50, NEQ,    0,    0,    0,   27, 1005,  108,  27,   0,   0, 
EP, 16, 2026092200, 03, AVNO,  66, 168N, 1224W,  49,  990, XX,  34, NEQ,   57,   62,   61,   58, 1010,  160,  28,   0,   0, 
EP, 16, 2026092200, 03, AVNO,  72, 171N, 1217W,  48,  990, XX,  34, NEQ,   55,   57,   61,   52, 1006,  104,  41,   0,   0, 
EP, 16, 2026092200, 03, AVNO,  78, 173N, 1213W,  46,  995, XX,  34, NEQ,   62,   49,   61,   56, 1011,  196,  32,   0,   0, 
EP, 16, 2026092200, 03, AVNO,  84, 175N, 1210W,  42,  994, XX,  34, NEQ,   64,   53,   52,   54, 1006,   98,  31,   0,   0, 
EP, 16, 2026092200, 03, AVNO,  90, 176N, 1211W,  41,  996, XX,  34, NEQ,   57,   51,   50,   54, 1008,   90,  34,   0,   0, 
EP, 16, 2026092200, 03, AVNO,  96, 176N, 1211W,  37,  996, XX,  34, NEQ,    0,    0,   42,   44, 1004,   61,  33,   0,   0, 
EP, 16, 2026092200, 03, AVNO, 102, 176N, 1213W,  36,  998, XX,  34, NEQ,   38,    0,    0,   46, 1006,   69,  39,   0,   0, 
EP, 16, 2026092200, 03, AVNO, 108, 178N, 1214W,  32,  997, XX,  34, NEQ,    0,    0,    0,    0, 1005,   81,  33,   0,   0, 
EP, 16, 2026092200, 03, AVNO, 114, 181N, 1219W,  40,  995, XX,  34, NEQ,    0,    0,   38,   46, 1007,   86,  30,   0,   0, 
EP, 16, 2026092200, 03, AVNO, 120, 183N, 1222W,  34,  997, XX,  34, NEQ,    0,    0,    0,    0, 1005,   78,  34,   0,   0, 
EP, 16, 2026092200, 03, AVNO, 126, 183N, 1226W,  32, 1001, XX,  34, NEQ,    0,    0,    0,    0, 1005,   33,  29,   0,   0, 
EP, 16, 2026092200, 03, AVNO, 132, 181N, 1230W,  29, 1000, XX,  34, NEQ,    0,    0,    0,    0, 1004,   41,  46,   0,   0, 
EP, 16, 2026092200, 03, AVNO, 138, 177N, 1233W,  27, 1003, XX,  34, NEQ,    0,    0,    0,    0, 1007,   44,  41,   0,   0, 
EP, 16, 2026092200, 03, AVNO, 144, 172N, 1233W,  29, 1001, XX,  34, NEQ,    0,    0,    0,    0, 1005,   50,  41,   0,   0, 
EP, 16, 2026092200, 03, AVNO, 150, 165N, 1230W,  28, 1003, XX,  34, NEQ,    0,    0,    0,    0, 1007,   57,  45,   0,   0, 
EP, 16, 2026092200, 03, AVNO, 156, 159N, 1224W,  29, 1001, XX,  34, NEQ,    0,    0,    0,    0,  -99,  -99,  37,   0,   0, 
EP, 16, 2026092200, 03, AVNO, 162, 152N, 1214W,  29, 1003, XX,  34, NEQ,    0,    0,    0,    0,  -99,  -99,  46,   0,   0, 
EP, 16, 2026092200, 03, AVNO, 168, 147N, 1204W,  28, 1000, XX,  34, NEQ,    0,    0,    0,    0,  -99,  -99,  25,   0,   0, 
EP, 16, 2026092200, 03, AVNO, 174, 140N, 1194W,  29, 1003, XX,  34, NEQ,    0,    0,    0,    0,  -99,  -99,  27,   0,   0, 
EP, 16, 2026092200, 03, AVNO, 180, 136N, 1183W,  27, 1001, XX,  34, NEQ,    0,    0,    0,    0,  -99,  -99,  34,   0,   0, 
EP, 16, 2026092200, 03, AVNO, 186, 134N, 1172W,  26, 1003, XX,  34, NEQ,    0,    0,    0,    0,  -99,  -99,  43,   0,   0, 
EP, 16, 2026092200, 03, AVNO, 192, 133N, 1161W,  25, 1000, XX,  34, NEQ,    0,    0,    0,    0,  -99,  -99, 160,   0,   0, 
EP, 16, 2026092200, 03, AVNO, 198, 130N, 1152W,  35, 1000, XX,  34, NEQ,   23,    0,    0,    0, 1004,   26,  22,   0,   0, 
EP, 16, 2026092200, 03, AVNO, 204, 133N, 1143W,  45,  996, XX,  34, NEQ,   22,   35,   37,    0, 1000,   13,  19,   0,   0, 
EP, 16, 2026092200, 03, AVNO, 210, 142N, 1125W,  38, 1002, XX,  34, NEQ,    0,   43,    0,    0,  -99,  -99,  29,   0,   0, 
EP, 16, 2026092200, 03, AVNO, 216, 150N, 1105W,  38,  999, XX,  34, NEQ,    0,  156,  237,    0,  -99,  -99,  47,   0,   0, 
EP, 16, 2026092200, 03, AVNO, 222, 158N, 1084W,  40, 1001, XX,  34, NEQ,  362,  135,  215,    0,  -99,  -99,  20,   0,   0, 
EP, 16, 2026092200, 03, AVNO, 228, 172N, 1063W,  46,  998, XX,  34, NEQ,  260,   87,   69,  348,  -99,  -99,  28,   0,   0, 
EP, 16, 2026092200, 03, AVNO, 234, 190N, 1049W,  36, 1001, XX,  34, NEQ,    0,   82,  170,  317,  -99,  -99,  82,   0,   0, 
EP, 16, 2026092200, 03, AVNO, 240, 200N, 1042W,  26, 1002, XX,  34, NEQ,    0,    0,    0,    0,  -99,  -99, 159,   0,   0, 
EP, 16, 2026092200, 03, HCCA,   0, 141N, 1302W,  45,    0,   ,   0,    ,    0,    0,    0,    0, 
EP, 16, 2026092200, 03, HCCA,  12, 148N, 1302W,  55,    0,   ,   0,    ,    0,    0,    0,    0, 
EP, 16, 2026092200, 03, HCCA,  24, 151N, 1295W,  68,    0,   ,   0,    ,    0,    0,    0,    0, 
EP, 16, 2026092200, 03, HCCA,  36, 152N, 1281W,  75,    0,   ,   0,    ,    0,    0,    0,    0, 
EP, 16, 2026092200, 03, HCCA,  48, 155N, 1268W,  75,    0,   ,   0,    ,    0,    0,    0,    0, 
EP, 16, 2026092200, 03, HCCA,  60, 161N, 1254W,  75,    0,   ,   0,    ,    0,    0,    0,    0, 
EP, 16, 2026092200, 03, HCCA,  72, 168N, 1240W,  76,    0,   ,   0,    ,    0,    0,    0,    0, 
EP, 16, 2026092200, 03, HCCA,  84, 177N, 1230W,  74,    0,   ,   0,    ,    0,    0,    0,    0, 
EP, 16, 2026092200, 03, HCCA,  96, 184N, 1222W,  71,    0,   ,   0,    ,    0,    0,    0,    0, 
EP, 16, 2026092200, 03, HCCA, 108, 191N, 1217W,  66,    0,   ,   0,    ,    0,    0,    0,    0, 
EP, 16, 2026092200, 03, HCCA, 120, 200N, 1216W,  58,    0,   ,   0,    ,    0,    0,    0,    0, 
EP, 16, 2026092200, 03, HCCA, 132, 206N, 1212W,  51,    0,   ,   0,    ,    0,    0,    0,    0, 
EP, 16, 2026092200, 03, HCCA, 144, 206N, 1205W,  44,    0,   ,   0,    ,    0,    0,    0,    0, 
EP, 16, 2026092200, 03, HCCA, 156, 202N, 1200W,  37,    0,   ,   0,    ,    0,    0,    0,    0, 
EP, 16, 2026092200, 03, HCCA, 168, 193N, 1188W,  30,    0,   ,   0,    ,    0,    0,    0,    0, 
EP, 16, 2026092200, 03, HFSA,   0, 142N, 1302W,  44, 1004, XX,  34, NEQ,   16,    0,   65,    0,  -99,  -99,  55,   0,   0,    ,   0,    , 350,   5,           ,  ,  0,    ,    0,    0,    0,    0, THERMO PARAMS, 24, -23, -30, N, 10, DT, -999, SHR82, -99, 
EP, 16, 2026092200, 03, HFSA,   6, 145N, 1316W,  51, 1005, XX,  34, NEQ,    0,   37,   74,    0,  -99,  -99,  41,   0,   0,    ,   0,    , 349,   7,           ,  ,  0,    ,    0,    0,    0,    0, THERMO PARAMS, 7, 153, 206, N, 10, DT, -999, SHR82, -99, 
EP, 16, 2026092200, 03, HFSA,  12, 156N, 1306W,  41, 1004, XX,  34, NEQ,    0,   83,    0,    0, 1008,   75,  78,   0,   0,    ,   0,    ,  66,   7,           ,  ,  0,    ,    0,    0,    0,    0, THERMO PARAMS, -9999, -9999, -9999, N, 10, DT, -999, SHR82, -99, 
EP, 16, 2026092200, 03, HFSA,  18, 155N, 1305W,  30, 1007, XX,  34, NEQ,    0,    0,    0,    0,  -99,  -99,  71,   0,   0,    ,   0,    , 123,   5,           ,  ,  0,    ,    0,    0,    0,    0, THERMO PARAMS, -9999, -9999, -9999, N, 10, DT, -999, SHR82, -99, 
EP, 16, 2026092200, 03, HFSA,  24, 159N, 1292W,  36, 1001, XX,  34, NEQ,    0,    0,    0,    0,  -99,  -99,  73,   0,   0,    ,   0,    ,  79,   9,           ,  ,  0,    ,    0,    0,    0,    0, THERMO PARAMS, 20, -100, 212, N, 10, DT, -999, SHR82, -99, 
EP, 16, 2026092200, 03, HFSA,  30, 159N, 1280W,  36, 1001, XX,  34, NEQ,    0,    0,    0,    0, 1005,   17,  45,   0,   0,    ,   0,    ,  82,  12,           ,  ,  0,    ,    0,    0,    0,    0, THERMO PARAMS, 22, -1, 442, N, 10, DT, -999, SHR82, -99, 
EP, 16, 2026092200, 03, HFSA,  36, 157N, 1267W,  45,  995, XX,  34, NEQ,    0,   71,   44,    0,  999,    6,  46,   0,   0,    ,   0,    ,  97,  16,           ,  ,  0,    ,    0,    0,    0,    0, THERMO PARAMS, 72, 374, 330, N, 10, DT, -999, SHR82, -99, 
EP, 16, 2026092200, 03, HFSA,  42, 157N, 1258W,  53,  997, XX,  34, NEQ,  120,   97,   11,   40, 1001,   15,  57,   0,   0,    ,   0,    ,  95,   7,           ,  ,  0,    ,    0,    0,    0,    0, THERMO PARAMS, 137, 939, 380, N, 10, DT, -999, SHR82, -99, 
EP, 16, 2026092200, 03, HFSA,  48, 157N, 1248W,  46,  996, XX,  34, NEQ,  100,  107,   81,   45, 1000,   33,  23,   0,   0,    ,   0,    ,  87,  10,           ,  ,  0,    ,    0,    0,    0,    0, THERMO PARAMS, 104, 366, 372, N, 10, DT, -999, SHR82, -99, 
EP, 16, 2026092200, 03, HFSA,  54, 160N, 1242W,  44,  998, XX,  34, NEQ,   78,   52,   62,   62, 1002,   24,  64,   0,   0,    ,   0,    ,  66,   6,           ,  ,  0,    ,    0,    0,    0,    0, THERMO PARAMS, 68, 733, 270, N, 10, DT, -999, SHR82, -99, 
EP, 16, 2026092200, 03, HFSA,  60, 163N, 1237W,  38,  997, XX,  34, NEQ,    0,   47,    0,   34, 1001,   32, 126,   0,   0,    ,   0,    ,  62,   7,           ,  ,  0,    ,    0,    0,    0,    0, THERMO PARAMS, 82, -9999, -9999, N, 10, DT, -999, SHR82, -99, 
EP, 16, 2026092200, 03, HFSA,  66, 165N, 1230W,  36, 1000, XX,  34, NEQ,    0,    0,   40,    0, 1008,   94,  40,   0,   0,    ,   0,    ,  60,   8,           ,  ,  0,    ,    0,    0,    0,    0, THERMO PARAMS, -9999, -9999, -9999, N, 10, DT, -999, SHR82, -99, 
EP, 16, 2026092200, 03, HFSA,  72, 170N, 1225W,  39,  997, XX,  34, NEQ,    0,    0,   36,   40,  -99,  -99,  36,   0,   0,    ,   0,    ,  62,   6,           ,  ,  0,    ,    0,    0,    0,    0, THERMO PARAMS, -9999, -9999, -9999, N, 10, DT, -999, SHR82, -99, 
EP, 16, 2026092200, 03, HFSA,  78, 172N, 1222W,  51,  998, XX,  34, NEQ,   53,    0,   39,   50,  -99,  -99,  37,   0,   0,    ,   0,    ,  69,   3,           ,  ,  0,    ,    0,    0,    0,    0, THERMO PARAMS, 66, 677, 451, N, 10, DT, -999, SHR82, -99, 
EP, 16, 2026092200, 03, HFSA,  84, 171N, 1220W,  34,  999, XX,  34, NEQ,    0,    0,    0,    0,  -99,  -99,  39,   0,   0,    ,   0,    ,  73,   3,           ,  ,  0,    ,    0,    0,    0,    0, THERMO PARAMS, 70, 221, 342, N, 10, DT, -999, SHR82, -99, 
EP, 16, 2026092200, 03, HFSA,  90, 171N, 1218W,  36, 1001, XX,  34, NEQ,   40,    0,   39,    0,  -99,  -99,  40,   0,   0,    ,   0,    ,  68,   2,           ,  ,  0,    ,    0,    0,    0,    0, THERMO PARAMS, 58, 89, 488, N, 10, DT, -999, SHR82, -99, 
EP, 16, 2026092200, 03, HFSA,  96, 170N, 1219W,  43,  995, XX,  34, NEQ,    0,    0,   40,   58, 1007,  151,  28,   0,   0,    ,   0,    , 186,   3,           ,  ,  0,    ,    0,    0,    0,    0, THERMO PARAMS, -76, 620, 331, N, 10, DT, -999, SHR82, -99, 
EP, 16, 2026092200, 03, HFSA, 102, 167N, 1221W,  43,  999, XX,  34, NEQ,    0,    0,   37,   55, 1003,   35,  35,   0,   0,    ,   0,    , 250,   3,           ,  ,  0,    ,    0,    0,    0,    0, THERMO PARAMS, -25, 435, 228, N, 10, DT, -999, SHR82, -99, 
EP, 16, 2026092200, 03, HFSA, 108, 165N, 1221W,  38,  996, XX,  34, NEQ,    0,   40,   40,    0, 1000,   26,  33,   0,   0,    ,   0,    , 199,   1,           ,  ,  0,    ,    0,    0,    0,    0, THERMO PARAMS, -62, 462, 230, N, 10, DT, -999, SHR82, -99, 
EP, 16, 2026092200, 03, HFSA, 114, 164N, 1222W,  35,  999, XX,  34, NEQ,    0,   42,    0,    0, 1003,   30,  40,   0,   0,    ,   0,    ,  20,   1,           ,  ,  0,    ,    0,    0,    0,    0, THERMO PARAMS, -39, 407, 367, N, 10, DT, -999, SHR82, -99, 
EP, 16, 2026092200, 03, HFSA, 120, 161N, 1222W,  43,  994, XX,  34, NEQ,    0,   37,   44,    0, 1002,   42,  23,   0,   0,    ,   0,    , 128,   2,           ,  ,  0,    ,    0,    0,    0,    0, THERMO PARAMS, -40, 310, 279, N, 10, DT, -999, SHR82, -99, 
EP, 16, 2026092200, 03, HFSA, 126, 161N, 1223W,  33, 1000, XX,  34, NEQ,    0,    0,    0,    0, 1004,   25,  47,   0,   0,    ,   0,    , -99, -99,           ,  ,  0,    ,    0,    0,    0,    0, THERMO PARAMS, 15, 491, 363, N, 10, DT, -999, SHR82, -99, 
EP, 16, 2026092200, 03, TVCN,   0, 141N, 1302W,   0,    0,   ,   0,    ,    0,    0,    0,    0, 
EP, 16, 2026092200, 03, TVCN,  12, 147N, 1300W,   0,    0,   ,   0,    ,    0,    0,    0,    0, 
EP, 16, 2026092200, 03, TVCN,  24, 149N, 1289W,   0,    0,   ,   0,    ,    0,    0,    0,    0, 
EP, 16, 2026092200, 03, TVCN,  36, 151N, 1274W,   0,    0,   ,   0,    ,    0,    0,    0,    0, 
EP, 16, 2026092200, 03, TVCN,  48, 155N, 1260W,   0,    0,   ,   0,    ,    0,    0,    0,    0, 
EP, 16, 2026092200, 03, TVCN,  60, 161N, 1247W,   0,    0,   ,   0,    ,    0,    0,    0,    0, 
EP, 16, 2026092200, 03, TVCN,  72, 169N, 1235W,   0,    0,   ,   0,    ,    0,    0,    0,    0, 
EP, 16, 2026092200, 03, TVCN,  84, 176N, 1227W,   0,    0,   ,   0,    ,    0,    0,    0,    0, 
EP, 16, 2026092200, 03, TVCN,  96, 181N, 1224W,   0,    0,   ,   0,    ,    0,    0,    0,    0, 
EP, 16, 2026092200, 03, TVCN, 108, 184N, 1225W,   0,    0,   ,   0,    ,    0,    0,    0,    0, 
EP, 16, 2026092200, 03, TVCN, 120, 189N, 1228W,   0,    0,   ,   0,    ,    0,    0,    0,    0, 
EP, 16, 2026092200, 03, TVCN, 132, 192N, 1231W,   0,    0,   ,   0,    ,    0,    0,    0,    0, 
EP, 16, 2026092200, 03, TVCN, 144, 200N, 1220W,   0,    0,   ,   0,    ,    0,    0,    0,    0, 
EP, 16, 2026092200, 03, TVCN, 156, 196N, 1217W,   0,    0,   ,   0,    ,    0,    0,    0,    0, 
EP, 16, 2026092200, 03, TVCN, 168, 191N, 1213W,   0,    0,   ,   0,    ,    0,    0,    0,    0, 
EP, 16, 2026092206, 03, AVNO,   0, 150N, 1301W,  52,  996, XX,  34, NEQ,   62,   93,  100,   60, 1012,  163,  34,   0,   0, 
EP, 16, 2026092206, 03, AVNO,   0, 150N, 1301W,  52,  996, XX,  50, NEQ,   35,   36,    0,    0, 1012,  163,  34,   0,   0, 
EP, 16, 2026092206, 03, AVNO,   6, 150N, 1300W,  56,  989, XX,  34, NEQ,   61,   92,   65,   73, 1005,   71,  22,   0,   0, 
EP, 16, 2026092206, 03, AVNO,   6, 150N, 1300W,  56,  989, XX,  50, NEQ,    0,   41,    0,    0, 1005,   71,  22,   0,   0, 
EP, 16, 2026092206, 03, AVNO,  12, 152N, 1293W,  52,  990, XX,  34, NEQ,   63,   88,   58,   59, 1010,  105,  26,   0,   0, 
EP, 16, 2026092206, 03, AVNO,  12, 152N, 1293W,  52,  990, XX,  50, NEQ,   31,   38,    0,    0, 1010,  105,  26,   0,   0, 
EP, 16, 2026092206, 03, AVNO,  18, 155N, 1282W,  54,  988, XX,  34, NEQ,   72,   85,   75,   61, 1008,  149,  31,   0,   0, 
EP, 16, 2026092206, 03, AVNO,  18, 155N, 1282W,  54,  988, XX,  50, NEQ,    0,   41,    0,    0, 1008,  149,  31,   0,   0, 
EP, 16, 2026092206, 03, AVNO,  24, 158N, 1274W,  56,  987, XX,  34, NEQ,   77,   95,   60,   74, 1011,  192,  26,   0,   0, 
EP, 16, 2026092206, 03, AVNO,  24, 158N, 1274W,  56,  987, XX,  50, NEQ,   47,   36,   41,   40, 1011,  192,  26,   0,   0, 
EP, 16, 2026092206, 03, AVNO,  30, 161N, 1267W,  60,  985, XX,  34, NEQ,  111,   86,   57,   76, 1009,  229,  24,   0,   0, 
EP, 16, 2026092206, 03, AVNO,  30, 161N, 1267W,  60,  985, XX,  50, NEQ,   37,   39,   35,   43, 1009,  229,  24,   0,   0, 
EP, 16, 2026092206, 03, AVNO,  36, 160N, 1260W,  63,  987, XX,  34, NEQ,  104,   77,   76,   76, 1011,  169,  20,   0,   0, 
EP, 16, 2026092206, 03, AVNO,  36, 160N, 1260W,  63,  987, XX,  50, NEQ,   32,   40,   32,   38, 1011,  169,  20,   0,   0, 
EP, 16, 2026092206, 03, AVNO,  42, 162N, 1252W,  54,  986, XX,  34, NEQ,   75,   75,   74,   70, 1006,  113,  27,   0,   0, 
EP, 16, 2026092206, 03, AVNO,  42, 162N, 1252W,  54,  986, XX,  50, NEQ,    0,    0,   35,   37, 1006,  113,  27,   0,   0, 
EP, 16, 2026092206, 03, AVNO,  48, 162N, 1245W,  52,  990, XX,  34, NEQ,   71,   69,   66,   63, 1010,  173,  34,   0,   0, 
EP, 16, 2026092206, 03, AVNO,  48, 162N, 1245W,  52,  990, XX,  50, NEQ,   34,    0,    0,   39, 1010,  173,  34,   0,   0, 
EP, 16, 2026092206, 03, AVNO,  54, 165N, 1238W,  49,  989, XX,  34, NEQ,   62,   76,   63,   58, 1009,  266,  30,   0,   0, 
EP, 16, 2026092206, 03, AVNO,  60, 168N, 1233W,  45,  993, XX,  34, NEQ,   61,   52,   58,   60, 1009,  124,  37,   0,   0, 
EP, 16, 2026092206, 03, AVNO,  66, 170N, 1225W,  45,  992, XX,  34, NEQ,   46,   68,   53,   46, 1008,  155,  32,   0,   0, 
EP, 16, 2026092206, 03, AVNO,  72, 171N, 1218W,  39,  996, XX,  34, NEQ,   35,   51,   58,   42, 1008,  101,  37,   0,   0, 
EP, 16, 2026092206, 03, AVNO,  78, 173N, 1213W,  36,  996, XX,  34, NEQ,    0,   49,   48,   31, 1008,  164,  46,   0,   0, 
EP, 16, 2026092206, 03, AVNO,  84, 174N, 1209W,  34, 1000, XX,  34, NEQ,    0,    0,    0,    0, 1008,   77,  31,   0,   0, 
EP, 16, 2026092206, 03, AVNO,  90, 174N, 1209W,  46,  995, XX,  34, NEQ,   38,   40,   42,   54, 1007,  180,  35,   0,   0, 
EP, 16, 2026092206, 03, AVNO,  96, 172N, 1208W,  37,  999, XX,  34, NEQ,    0,    0,   43,   45, 1007,   76,  44,   0,   0, 
EP, 16, 2026092206, 03, AVNO, 102, 174N, 1204W,  29,  998, XX,  34, NEQ,    0,    0,    0,    0, 1006,  105,  38,   0,   0, 
EP, 16, 2026092206, 03, AVNO, 108, 174N, 1204W,  30, 1000, XX,  34, NEQ,    0,    0,    0,    0, 1004,   31,  41,   0,   0, 
EP, 16, 2026092206, 03, AVNO, 114, 174N, 1201W,  31,  999, XX,  34, NEQ,    0,    0,    0,    0, 1003,   37,  35,   0,   0, 
EP, 16, 2026092206, 03, AVNO, 120, 173N, 1194W,  29, 1002, XX,  34, NEQ,    0,    0,    0,    0, 1006,   50,  35,   0,   0, 
EP, 16, 2026092206, 03, AVNO, 126, 173N, 1184W,  30,  998, XX,  34, NEQ,    0,    0,    0,    0, 1002,   38,  68,   0,   0, 
EP, 16, 2026092206, 03, AVNO, 132, 173N, 1171W,  41, 1000, XX,  34, NEQ,  373,    0,   39,    0, 1004,   37,  39,   0,   0, 
EP, 16, 2026092206, 03, AVNO, 138, 180N, 1152W,  32, 1000, XX,  34, NEQ,    0,    0,    0,    0,  -99,  -99,  39,   0,   0, 
EP, 16, 2026092206, 03, AVNO, 144, 191N, 1138W,  30, 1003, XX,  34, NEQ,    0,    0,    0,    0,  -99,  -99,  39,   0,   0, 
EP, 16, 2026092206, 03, AVNO, 150, 208N, 1129W,  29, 1002, XX,  34, NEQ,    0,    0,    0,    0,  -99,  -99, 161,   0,   0, 
EP, 16, 2026092206, 03, AVNO, 156, 231N, 1130W,  49, 1003, XX,  34, NEQ,    0,    0,  292,  293,  -99,  -99, 155,   0,   0, 
EP, 16, 2026092206, 03, AVNO, 162, 245N, 1148W,  62,  977, XX,  34, NEQ,    0,    0,  195,  146,  -99,  -99, 129,   0,   0, 
EP, 16, 2026092206, 03, AVNO, 162, 245N, 1148W,  62,  977, XX,  50, NEQ,    0,    0,  139,    0,  -99,  -99, 129,   0,   0, 
EP, 16, 2026092206, 03, AVNO, 168, 238N, 1157W,  59,  978, XX,  34, NEQ,   70,   83,   86,  102, 1006,  321,  31,   0,   0, 
EP, 16, 2026092206, 03, AVNO, 168, 238N, 1157W,  59,  978, XX,  50, NEQ,   40,   44,   40,   40, 1006,  321,  31,   0,   0, 
EP, 16, 2026092206, 03, AVNO, 174, 245N, 1153W,  52,  979, XX,  34, NEQ,   83,   85,   82,   82, 1003,  147,  31,   0,   0, 
EP, 16, 2026092206, 03, AVNO, 174, 245N, 1153W,  52,  979, XX,  50, NEQ,   34,   32,    0,   35, 1003,  147,  31,   0,   0, 
EP, 16, 2026092206, 03, AVNO, 180, 251N, 1150W,  51,  984, XX,  34, NEQ,   78,   70,   83,   73, 1004,  130,  38,   0,   0, 
EP, 16, 2026092206, 03, AVNO, 180, 251N, 1150W,  51,  984, XX,  50, NEQ,    0,   29,    0,   39, 1004,  130,  38,   0,   0, 
EP, 16, 2026092206, 03, AVNO, 186, 258N, 1145W,  50,  986, XX,  34, NEQ,   90,   82,   84,   71, 1002,  121,  43,   0,   0, 
EP, 16, 2026092206, 03, AVNO, 192, 266N, 1140W,  45,  990, XX,  34, NEQ,   70,   78,   65,   65, 1006,  319,  43,   0,   0, 
EP, 16, 2026092206, 03, AVNO, 198, 281N, 1135W,  40,  993, XX,  34, NEQ,   73,   88,    0,    0, 1005,  268,  56,   0,   0, 
EP, 16, 2026092206, 03, AVNO, 204, 297N, 1131W,  44,  992, XX,  34, NEQ,   75,   89,   43,   58, 1004,  128,  33,   0,   0, 
EP, 16, 2026092206, 03, AVNO, 210, 313N, 1126W,  47,  990, XX,  34, NEQ,   46,   59,   57,   40, 1002,   69,  32,   0,   0, 
EP, 16, 2026092206, 03, AVNO, 216, 328N, 1121W,  38,  994, XX,  34, NEQ,   32,   48,    0,    0, 1002,   49,  30,   0,   0, 
EP, 16, 2026092206, 03, AVNO, 222, 341N, 1114W,  23, 1000, XX,  34, NEQ,    0,    0,    0,    0, 1004,  431,  34,   0,   0, 
EP, 16, 2026092206, 03, AVNO, 228, 351N, 1101W,  23, 1003, XX,  34, NEQ,    0,    0,    0,    0,  -99,  -99,  40,   0,   0, 
EP, 16, 2026092206, 03, AVNO, 234, 355N, 1077W,  25, 1004, XX,  34, NEQ,    0,    0,    0,    0,  -99,  -99, 155,   0,   0, 
EP, 16, 2026092206, 03, AVNO, 240, 354N, 1043W,  24, 1003, XX,  34, NEQ,    0,    0,    0,    0,  -99,  -99, 137,   0,   0, 
EP, 16, 2026092206, 03, HCCA,   0, 145N, 1305W,  50,    0,   ,   0,    ,    0,    0,    0,    0, 
EP, 16, 2026092206, 03, HCCA,  12, 151N, 1301W,  60,    0,   ,   0,    ,    0,    0,    0,    0, 
EP, 16, 2026092206, 03, HCCA,  24, 153N, 1291W,  70,    0,   ,   0,    ,    0,    0,    0,    0, 
EP, 16, 2026092206, 03, HCCA,  36, 154N, 1277W,  78,    0,   ,   0,    ,    0,    0,    0,    0, 
EP, 16, 2026092206, 03, HCCA,  48, 157N, 1263W,  77,    0,   ,   0,    ,    0,    0,    0,    0, 
EP, 16, 2026092206, 03, HCCA,  60, 163N, 1249W,  75,    0,   ,   0,    ,    0,    0,    0,    0, 
EP, 16, 2026092206, 03, HCCA,  72, 169N, 1237W,  71,    0,   ,   0,    ,    0,    0,    0,    0, 
EP, 16, 2026092206, 03, HCCA,  84, 176N, 1229W,  63,    0,   ,   0,    ,    0,    0,    0,    0, 
EP, 16, 2026092206, 03, HCCA,  96, 182N, 1225W,  67,    0,   ,   0,    ,    0,    0,    0,    0, 
EP, 16, 2026092206, 03, HCCA, 108, 191N, 1220W,  65,    0,   ,   0,    ,    0,    0,    0,    0, 
EP, 16, 2026092206, 03, HCCA, 120, 198N, 1214W,  52,    0,   ,   0,    ,    0,    0,    0,    0, 
EP, 16, 2026092206, 03, HCCA, 132, 205N, 1208W,  44,    0,   ,   0,    ,    0,    0,    0,    0, 
EP, 16, 2026092206, 03, HCCA, 144, 204N, 1197W,  38,    0,   ,   0,    ,    0,    0,    0,    0, 
EP, 16, 2026092206, 03, HCCA, 156, 206N, 1185W,  34,    0,   ,   0,    ,    0,    0,    0,    0, 
EP, 16, 2026092206, 03, HCCA, 168, 204N, 1171W,  32,    0,   ,   0,    ,    0,    0,    0,    0, 
EP, 16, 2026092206, 03, HFSA,   0, 148N, 1303W,  51, 1004, XX,  34, NEQ,   47,  112,  121,  100,  -99,  -99,  60,   0,   0,    ,   0,    , 355,   4,           ,  ,  0,    ,    0,    0,    0,    0, THERMO PARAMS, -44, 68, 137, N, 10, DT, -999, SHR82, -99, 
EP, 16, 2026092206, 03, HFSA,   6, 149N, 1301W,  52,  999, XX,  34, NEQ,   37,   84,   92,    0, 1003,   37,  40,   0,   0,    ,   0,    ,  66,   8,           ,  ,  0,    ,    0,    0,    0,    0, THERMO PARAMS, -71, -318, 498, N, 10, DT, -999, SHR82, -99, 
EP, 16, 2026092206, 03, HFSA,   6, 149N, 1301W,  52,  999, XX,  50, NEQ,    0,   28,    0,    0, 1003,   37,  40,   0,   0,    ,   0,    ,  66,   8,           ,  ,  0,    ,    0,    0,    0,    0, THERMO PARAMS, -71, -318, 498, N, 10, DT, -999, SHR82, -99, 
EP, 16, 2026092206, 03, HFSA,  12, 155N, 1294W,  39, 1002, XX,  34, NEQ,   52,   68,   60,    0, 1010,   87,  67,   0,   0,    ,   0,    ,  67,   8,           ,  ,  0,    ,    0,    0,    0,    0, THERMO PARAMS, -32, 927, 172, N, 10, DT, -999, SHR82, -99, 
EP, 16, 2026092206, 03, HFSA,  18, 157N, 1283W,  45,  999, XX,  34, NEQ,   57,   86,    0,    0, 1003,   38,  42,   0,   0,    ,   0,    ,  80,  11,           ,  ,  0,    ,    0,    0,    0,    0, THERMO PARAMS, 25, 126, 263, N, 10, DT, -999, SHR82, -99, 
EP, 16, 2026092206, 03, HFSA,  24, 158N, 1273W,  53,  995, XX,  34, NEQ,   84,  104,   66,   53,  999,   26,  40,   0,   0,    ,   0,    ,  80,   9,           ,  ,  0,    ,    0,    0,    0,    0, THERMO PARAMS, 7, 405, 741, N, 10, DT, -999, SHR82, -99, 
EP, 16, 2026092206, 03, HFSA,  30, 161N, 1266W,  62,  988, XX,  34, NEQ,   89,  123,   50,   74,  996,   27,  24,   0,   0,    ,   0,    ,  78,   8,           ,  ,  0,    ,    0,    0,    0,    0, THERMO PARAMS, 30, 915, 893, N, 10, DT, -999, SHR82, -99, 
EP, 16, 2026092206, 03, HFSA,  30, 161N, 1266W,  62,  988, XX,  50, NEQ,   39,   26,   24,   40,  996,   27,  24,   0,   0,    ,   0,    ,  78,   8,           ,  ,  0,    ,    0,    0,    0,    0, THERMO PARAMS, 30, 915, 893, N, 10, DT, -999, SHR82, -99, 
EP, 16, 2026092206, 03, HFSA,  36, 160N, 1257W,  67,  991, XX,  34, NEQ,  112,  118,   86,   70,  999,   28,  22,   0,   0,    ,   0,    ,  85,   9,           ,  ,  0,    ,    0,    0,    0,    0, THERMO PARAMS, 110, 1111, 456, N, 10, DT, -999, SHR82, -99, 
EP, 16, 2026092206, 03, HFSA,  36, 160N, 1257W,  67,  991, XX,  50, NEQ,   36,   29,   32,   37,  999,   28,  22,   0,   0,    ,   0,    ,  85,   9,           ,  ,  0,    ,    0,    0,    0,    0, THERMO PARAMS, 110, 1111, 456, N, 10, DT, -999, SHR82, -99, 
EP, 16, 2026092206, 03, HFSA,  36, 160N, 1257W,  67,  991, XX,  64, NEQ,    0,    0,    0,   24,  999,   28,  22,   0,   0,    ,   0,    ,  85,   9,           ,  ,  0,    ,    0,    0,    0,    0, THERMO PARAMS, 110, 1111, 456, N, 10, DT, -999, SHR82, -99, 
EP, 16, 2026092206, 03, HFSA,  42, 161N, 1250W,  59,  989, XX,  34, NEQ,   94,  121,   63,   78,  997,   30,  24,   0,   0,    ,   0,    ,  76,   8,           ,  ,  0,    ,    0,    0,    0,    0, THERMO PARAMS, 92, 1509, 663, N, 10, DT, -999, SHR82, -99, 
EP, 16, 2026092206, 03, HFSA,  42, 161N, 1250W,  59,  989, XX,  50, NEQ,    0,    0,   37,   37,  997,   30,  24,   0,   0,    ,   0,    ,  76,   8,           ,  ,  0,    ,    0,    0,    0,    0, THERMO PARAMS, 92, 1509, 663, N, 10, DT, -999, SHR82, -99, 
EP, 16, 2026092206, 03, HFSA,  48, 162N, 1243W,  48,  994, XX,  34, NEQ,  110,   68,   76,   65, 1006,   73,  34,   0,   0,    ,   0,    ,  78,   6,           ,  ,  0,    ,    0,    0,    0,    0, THERMO PARAMS, 70, 1528, 343, N, 10, DT, -999, SHR82, -99, 
EP, 16, 2026092206, 03, HFSA,  54, 166N, 1238W,  49,  993, XX,  34, NEQ,   60,   78,   76,   53, 1001,   46,  37,   0,   0,    ,   0,    ,  59,   6,           ,  ,  0,    ,    0,    0,    0,    0, THERMO PARAMS, 97, -9999, -9999, N, 10, DT, -999, SHR82, -99, 
EP, 16, 2026092206, 03, HFSA,  60, 169N, 1233W,  48,  995, XX,  34, NEQ,   53,   81,   57,   57, 1003,   44,  30,   0,   0,    ,   0,    ,  48,   6,           ,  ,  0,    ,    0,    0,    0,    0, THERMO PARAMS, 98, 452, 566, N, 10, DT, -999, SHR82, -99, 
EP, 16, 2026092206, 03, HFSA,  66, 170N, 1227W,  40,  995, XX,  34, NEQ,   40,   57,   52,   60, 1003,   50,  48,   0,   0,    ,   0,    ,  79,   7,           ,  ,  0,    ,    0,    0,    0,    0, THERMO PARAMS, 52, 1305, -51, N, 10, DT, -999, SHR82, -99, 
EP, 16, 2026092206, 03, HFSA,  72, 172N, 1222W,  44,  998, XX,  34, NEQ,   57,   57,   45,   49,  -99,  -99,  24,   0,   0,    ,   0,    ,  65,   5,           ,  ,  0,    ,    0,    0,    0,    0, THERMO PARAMS, 62, 492, 392, N, 10, DT, -999, SHR82, -99, 
EP, 16, 2026092206, 03, HFSA,  78, 174N, 1219W,  41,  996, XX,  34, NEQ,   55,   28,   49,   45, 1000,   40,  37,   0,   0,    ,   0,    ,  71,   4,           ,  ,  0,    ,    0,    0,    0,    0, THERMO PARAMS, 73, 646, 397, N, 10, DT, -999, SHR82, -99, 
EP, 16, 2026092206, 03, HFSA,  84, 174N, 1217W,  37, 1000, XX,  34, NEQ,    0,    0,    0,   65, 1008,   79,  57,   0,   0,    ,   0,    ,  65,   2,           ,  ,  0,    ,    0,    0,    0,    0, THERMO PARAMS, 69, 429, 351, N, 10, DT, -999, SHR82, -99, 
EP, 16, 2026092206, 03, HFSA,  90, 174N, 1217W,  41,  997, XX,  34, NEQ,    0,    0,   55,   63, 1001,   34,  42,   0,   0,    ,   0,    , 149,   1,           ,  ,  0,    ,    0,    0,    0,    0, THERMO PARAMS, -90, 515, 135, N, 10, DT, -999, SHR82, -99, 
EP, 16, 2026092206, 03, HFSA,  96, 173N, 1218W,  41,  999, XX,  34, NEQ,    0,   42,   44,   57, 1003,   50,  47,   0,   0,    ,   0,    , 287,   2,           ,  ,  0,    ,    0,    0,    0,    0, THERMO PARAMS, 13, 355, 228, N, 10, DT, -999, SHR82, -99, 
EP, 16, 2026092206, 03, HFSA, 102, 175N, 1221W,  38,  998, XX,  34, NEQ,    0,    0,   53,   55,  -99,  -99,  51,   0,   0,    ,   0,    , 315,   4,           ,  ,  0,    ,    0,    0,    0,    0, THERMO PARAMS, 40, 617, 406, N, 10, DT, -999, SHR82, -99, 
EP, 16, 2026092206, 03, HFSA, 108, 175N, 1225W,  41, 1000, XX,  34, NEQ,    0,   52,   39,   57,  -99,  -99,  30,   0,   0,    ,   0,    , 301,   3,           ,  ,  0,    ,    0,    0,    0,    0, THERMO PARAMS, -20, 387, 220, N, 10, DT, -999, SHR82, -99, 
EP, 16, 2026092206, 03, HFSA, 114, 178N, 1229W,  34,  998, XX,  34, NEQ,   26,    0,    0,    0, 1002,   30,  26,   0,   0,    ,   0,    , 323,   4,           ,  ,  0,    ,    0,    0,    0,    0, THERMO PARAMS, 37, 809, 213, N, 10, DT, -999, SHR82, -99, 
EP, 16, 2026092206, 03, HFSA, 120, 179N, 1232W,  32, 1002, XX,  34, NEQ,    0,    0,    0,    0, 1006,   36,  29,   0,   0,    ,   0,    , 308,   4,           ,  ,  0,    ,    0,    0,    0,    0, THERMO PARAMS, 18, 757, 45, N, 10, DT, -999, SHR82, -99, 
EP, 16, 2026092206, 03, HFSA, 126, 180N, 1238W,  31, 1000, XX,  34, NEQ,    0,    0,    0,    0, 1004,   39,  32,   0,   0,    ,   0,    , -99, -99,           ,  ,  0,    ,    0,    0,    0,    0, THERMO PARAMS, 5, 591, 253, N, 10, DT, -999, SHR82, -99, 
EP, 16, 2026092206, 03, TVCN,   0, 145N, 1305W,   0,    0,   ,   0,    ,    0,    0,    0,    0, 
EP, 16, 2026092206, 03, TVCN,  12, 151N, 1299W,   0,    0,   ,   0,    ,    0,    0,    0,    0, 
EP, 16, 2026092206, 03, TVCN,  24, 152N, 1285W,   0,    0,   ,   0,    ,    0,    0,    0,    0, 
EP, 16, 2026092206, 03, TVCN,  36, 154N, 1270W,   0,    0,   ,   0,    ,    0,    0,    0,    0, 
EP, 16, 2026092206, 03, TVCN,  48, 157N, 1258W,   0,    0,   ,   0,    ,    0,    0,    0,    0, 
EP, 16, 2026092206, 03, TVCN,  60, 163N, 1247W,   0,    0,   ,   0,    ,    0,    0,    0,    0, 
EP, 16, 2026092206, 03, TVCN,  72, 169N, 1239W,   0,    0,   ,   0,    ,    0,    0,    0,    0, 
EP, 16, 2026092206, 03, TVCN,  84, 175N, 1234W,   0,    0,   ,   0,    ,    0,    0,    0,    0, 
EP, 16, 2026092206, 03, TVCN,  96, 179N, 1234W,   0,    0,   ,   0,    ,    0,    0,    0,    0, 
EP, 16, 2026092206, 03, TVCN, 108, 183N, 1235W,   0,    0,   ,   0,    ,    0,    0,    0,    0, 
EP, 16, 2026092206, 03, TVCN, 120, 188N, 1236W,   0,    0,   ,   0,    ,    0,    0,    0,    0, 
EP, 16, 2026092206, 03, TVCN, 132, 191N, 1236W,   0,    0,   ,   0,    ,    0,    0,    0,    0, 
EP, 16, 2026092206, 03, TVCN, 144, 203N, 1239W,   0,    0,   ,   0,    ,    0,    0,    0,    0, 
EP, 16, 2026092206, 03, TVCN, 156, 199N, 1234W,   0,    0,   ,   0,    ,    0,    0,    0,    0, 
EP, 16, 2026092206, 03, TVCN, 168, 193N, 1229W,   0,    0,   ,   0,    ,    0,    0,    0,    0, 
EP, 16, 2026092212, 03, AVNO,   0, 151N, 1303W,  48,  993, XX,  34, NEQ,   77,   96,   54,   68, 1009,  151,  38,   0,   0, 
EP, 16, 2026092212, 03, AVNO,   6, 151N, 1297W,  57,  988, XX,  34, NEQ,   56,   88,   84,   62, 1012,  171,  24,   0,   0, 
EP, 16, 2026092212, 03, AVNO,   6, 151N, 1297W,  57,  988, XX,  50, NEQ,   29,   36,    0,    0, 1012,  171,  24,   0,   0, 
EP, 16, 2026092212, 03, AVNO,  12, 155N, 1287W,  49,  988, XX,  34, NEQ,   74,   96,   92,   56, 1008,  178,  22,   0,   0, 
EP, 16, 2026092212, 03, AVNO,  18, 158N, 1280W,  54,  990, XX,  34, NEQ,   75,   96,   81,   76, 1010,  137,  40,   0,   0, 
EP, 16, 2026092212, 03, AVNO,  18, 158N, 1280W,  54,  990, XX,  50, NEQ,   28,   35,    0,   43, 1010,  137,  40,   0,   0, 
EP, 16, 2026092212, 03, AVNO,  24, 159N, 1272W,  54,  986, XX,  34, NEQ,   82,   97,   77,   85, 1006,  121,  28,   0,   0, 
EP, 16, 2026092212, 03, AVNO,  24, 159N, 1272W,  54,  986, XX,  50, NEQ,   39,   26,   25,   37, 1006,  121,  28,   0,   0, 
EP, 16, 2026092212, 03, AVNO,  30, 159N, 1264W,  63,  985, XX,  34, NEQ,   83,  100,   69,   88, 1009,  127,  29,   0,   0, 
EP, 16, 2026092212, 03, AVNO,  30, 159N, 1264W,  63,  985, XX,  50, NEQ,   41,   46,   41,   50, 1009,  127,  29,   0,   0, 
EP, 16, 2026092212, 03, AVNO,  36, 160N, 1256W,  53,  986, XX,  34, NEQ,   92,   79,   81,   80, 1006,  116,  39,   0,   0, 
EP, 16, 2026092212, 03, AVNO,  36, 160N, 1256W,  53,  986, XX,  50, NEQ,    0,   36,   50,   48, 1006,  116,  39,   0,   0, 
EP, 16, 2026092212, 03, AVNO,  42, 160N, 1248W,  52,  990, XX,  34, NEQ,   77,   68,   64,   72, 1010,  167,  30,   0,   0, 
EP, 16, 2026092212, 03, AVNO,  42, 160N, 1248W,  52,  990, XX,  50, NEQ,    0,    0,   31,    0, 1010,  167,  30,   0,   0, 
EP, 16, 2026092212, 03, AVNO,  48, 163N, 1239W,  50,  987, XX,  34, NEQ,   55,   85,   73,   64, 1007,  146,  37,   0,   0, 
EP, 16, 2026092212, 03, AVNO,  48, 163N, 1239W,  50,  987, XX,  50, NEQ,    0,   37,    0,    0, 1007,  146,  37,   0,   0, 
EP, 16, 2026092212, 03, AVNO,  54, 167N, 1232W,  49,  990, XX,  34, NEQ,   57,   74,   65,   57, 1010,  170,  28,   0,   0, 
EP, 16, 2026092212, 03, AVNO,  60, 172N, 1223W,  51,  987, XX,  34, NEQ,   60,   74,   56,   62, 1007,  157,  31,   0,   0, 
EP, 16, 2026092212, 03, AVNO,  60, 172N, 1223W,  51,  987, XX,  50, NEQ,    0,    0,    0,   32, 1007,  157,  31,   0,   0, 
EP, 16, 2026092212, 03, AVNO,  66, 176N, 1216W,  55,  991, XX,  34, NEQ,   70,   61,   54,   72, 1011,  206,  23,   0,   0, 
EP, 16, 2026092212, 03, AVNO,  66, 176N, 1216W,  55,  991, XX,  50, NEQ,    0,    0,   23,   40, 1011,  206,  23,   0,   0, 
EP, 16, 2026092212, 03, AVNO,  72, 180N, 1212W,  52,  988, XX,  34, NEQ,   63,   58,   68,   63, 1008,  197,  23,   0,   0, 
EP, 16, 2026092212, 03, AVNO,  72, 180N, 1212W,  52,  988, XX,  50, NEQ,    0,    0,   38,   25, 1008,  197,  23,   0,   0, 
EP, 16, 2026092212, 03, AVNO,  78, 183N, 1209W,  48,  994, XX,  34, NEQ,   64,   51,   67,   75, 1010,  152,  37,   0,   0, 
EP, 16, 2026092212, 03, AVNO,  84, 184N, 1209W,  48,  992, XX,  34, NEQ,   64,   53,   66,   69, 1004,   71,  27,   0,   0, 
EP, 16, 2026092212, 03, AVNO,  90, 185N, 1209W,  38,  994, XX,  34, NEQ,   38,    0,   31,   50, 1006,   78,  31,   0,   0, 
EP, 16, 2026092212, 03, AVNO,  96, 187N, 1209W,  35,  995, XX,  34, NEQ,    0,    0,   38,   37, 1003,   49,  37,   0,   0, 
EP, 16, 2026092212, 03, AVNO, 102, 190N, 1208W,  35,  997, XX,  34, NEQ,    0,    0,   41,    0, 1005,   53,  31,   0,   0, 
EP, 16, 2026092212, 03, AVNO, 108, 193N, 1207W,  35,  996, XX,  34, NEQ,    0,    0,   47,   36, 1004,   67,  46,   0,   0, 
EP, 16, 2026092212, 03, AVNO, 114, 193N, 1205W,  38,  999, XX,  34, NEQ,    0,    0,   47,    0, 1007,   77,  39,   0,   0, 
EP, 16, 2026092212, 03, AVNO, 120, 194N, 1201W,  32,  999, XX,  34, NEQ,    0,    0,    0,    0, 1003,   34,  46,   0,   0, 
EP, 16, 2026092212, 03, AVNO, 126, 194N, 1197W,  34, 1001, XX,  34, NEQ,    0,    0,    0,    0, 1005,   32,  38,   0,   0, 
EP, 16, 2026092212, 03, AVNO, 132, 194N, 1192W,  31,  999, XX,  34, NEQ,    0,    0,    0,    0, 1003,   26,  38,   0,   0, 
EP, 16, 2026092212, 03, AVNO, 138, 193N, 1189W,  30, 1002, XX,  34, NEQ,    0,    0,    0,    0, 1006,   32,  27,   0,   0, 
EP, 16, 2026092212, 03, AVNO, 144, 191N, 1185W,  32, 1001, XX,  34, NEQ,    0,    0,    0,    0, 1005,   36,  33,   0,   0, 
EP, 16, 2026092212, 03, AVNO, 150, 186N, 1182W,  28, 1004, XX,  34, NEQ,    0,    0,    0,    0, 1008,   49,  30,   0,   0, 
EP, 16, 2026092212, 03, AVNO, 156, 181N, 1180W,  28, 1001, XX,  34, NEQ,    0,    0,    0,    0, 1005,   61,  28,   0,   0, 
EP, 16, 2026092212, 03, AVNO, 162, 177N, 1182W,  29, 1004, XX,  34, NEQ,    0,    0,    0,    0, 1008,   57,  22,   0,   0, 
EP, 16, 2026092212, 03, AVNO, 168, 173N, 1184W,  29, 1001, XX,  34, NEQ,    0,    0,    0,    0, 1005,   69,  29,   0,   0, 
EP, 16, 2026092212, 03, AVNO, 174, 170N, 1187W,  24, 1004, XX,  34, NEQ,    0,    0,    0,    0, 1008,   83,  33,   0,   0, 
EP, 16, 2026092212, 03, AVNO, 180, 169N, 1190W,  24, 1001, XX,  34, NEQ,    0,    0,    0,    0,  -99,  -99,  35,   0,   0, 
EP, 16, 2026092212, 03, AVNO, 186, 166N, 1196W,  26, 1004, XX,  34, NEQ,    0,    0,    0,    0,  -99,  -99,  26,   0,   0, 
EP, 16, 2026092212, 03, AVNO, 192, 165N, 1198W,  25, 1003, XX,  34, NEQ,    0,    0,    0,    0,  -99,  -99,  29,   0,   0, 
EP, 16, 2026092212, 03, AVNO, 198, 161N, 1200W,  22, 1005, XX,  34, NEQ,    0,    0,    0,    0,  -99,  -99,  27,   0,   0, 
EP, 16, 2026092212, 03, AVNO, 204, 157N, 1200W,  21, 1003, XX,  34, NEQ,    0,    0,    0,    0,  -99,  -99,  38,   0,   0, 
EP, 16, 2026092212, 03, AVNO, 210, 150N, 1200W,  21, 1006, XX,  34, NEQ,    0,    0,    0,    0,  -99,  -99,  44,   0,   0, 
EP, 16, 2026092212, 03, AVNO, 216, 143N, 1197W,  23, 1003, XX,  34, NEQ,    0,    0,    0,    0,  -99,  -99,  39,   0,   0, 
EP, 16, 2026092212, 03, AVNO, 222, 135N, 1195W,  27, 1005, XX,  34, NEQ,    0,    0,    0,    0,  -99,  -99,  19,   0,   0, 
EP, 16, 2026092212, 03, AVNO, 228, 126N, 1188W,  28, 1003, XX,  34, NEQ,    0,    0,    0,    0,  -99,  -99,  16,   0,   0, 
EP, 16, 2026092212, 03, AVNO, 234, 117N, 1179W,  26, 1005, XX,  34, NEQ,    0,    0,    0,    0,  -99,  -99,  22,   0,   0, 
EP, 16, 2026092212, 03, AVNO, 240, 113N, 1161W,  30, 1003, XX,  34, NEQ,    0,    0,    0,    0,  -99,  -99,  23,   0,   0, 
EP, 16, 2026092212, 03, HCCA,   0, 148N, 1305W,  55,    0,   ,   0,    ,    0,    0,    0,    0, 
EP, 16, 2026092212, 03, HCCA,  12, 152N, 1296W,  66,    0,   ,   0,    ,    0,    0,    0,    0, 
EP, 16, 2026092212, 03, HCCA,  24, 154N, 1283W,  74,    0,   ,   0,    ,    0,    0,    0,    0, 
EP, 16, 2026092212, 03, HCCA,  36, 156N, 1269W,  80,    0,   ,   0,    ,    0,    0,    0,    0, 
EP, 16, 2026092212, 03, HCCA,  48, 161N, 1255W,  76,    0,   ,   0,    ,    0,    0,    0,    0, 
EP, 16, 2026092212, 03, HCCA,  60, 168N, 1242W,  72,    0,   ,   0,    ,    0,    0,    0,    0, 
EP, 16, 2026092212, 03, HCCA,  72, 175N, 1231W,  67,    0,   ,   0,    ,    0,    0,    0,    0, 
EP, 16, 2026092212, 03, HCCA,  84, 182N, 1225W,  59,    0,   ,   0,    ,    0,    0,    0,    0, 
EP, 16, 2026092212, 03, HCCA,  96, 189N, 1223W,  58,    0,   ,   0,    ,    0,    0,    0,    0, 
EP, 16, 2026092212, 03, HCCA, 108, 199N, 1223W,  52,    0,   ,   0,    ,    0,    0,    0,    0, 
EP, 16, 2026092212, 03, HCCA, 120, 209N, 1223W,  45,    0,   ,   0,    ,    0,    0,    0,    0, 
EP, 16, 2026092212, 03, HCCA, 132, 215N, 1216W,  39,    0,   ,   0,    ,    0,    0,    0,    0, 
EP, 16, 2026092212, 03, HCCA, 144, 225N, 1206W,  35,    0,   ,   0,    ,    0,    0,    0,    0, 
EP, 16, 2026092212, 03, HCCA, 156, 231N, 1203W,  30,    0,   ,   0,    ,    0,    0,    0,    0, 
EP, 16, 2026092212, 03, HCCA, 168, 228N, 1187W,  27,    0,   ,   0,    ,    0,    0,    0,    0, 
EP, 16, 2026092212, 03, HFSA,   0, 147N, 1308W,  55,  998, XX,  34, NEQ,   74,  126,  144,  102, 1002,   34,  27,   0,   0,    ,   0,    ,  47,   4,           ,  ,  0,    ,    0,    0,    0,    0, THERMO PARAMS, -25, -326, 430, N, 10, DT, -999, SHR82, -99, 
EP, 16, 2026092212, 03, HFSA,   0, 147N, 1308W,  55,  998, XX,  50, NEQ,    0,   53,    0,    0, 1002,   34,  27,   0,   0,    ,   0,    ,  47,   4,           ,  ,  0,    ,    0,    0,    0,    0, THERMO PARAMS, -25, -326, 430, N, 10, DT, -999, SHR82, -99, 
EP, 16, 2026092212, 03, HFSA,   0, 147N, 1308W,  55,  998, XX,  34, NEQ,   74,  128,  144,  100, 1002,   34,  27,   0,   0,    ,   0,    ,  39,   4,           ,  ,  0,    ,    0,    0,    0,    0, THERMO PARAMS, -25, -326, 430, N, 10, DT, -999, SHR82, -99, 
EP, 16, 2026092212, 03, HFSA,   0, 147N, 1308W,  55,  998, XX,  50, NEQ,    0,   53,    0,    0, 1002,   34,  27,   0,   0,    ,   0,    ,  39,   4,           ,  ,  0,    ,    0,    0,    0,    0, THERMO PARAMS, -25, -326, 430, N, 10, DT, -999, SHR82, -99, 
EP, 16, 2026092212, 03, HFSA,   6, 150N, 1300W,  54,  998, XX,  34, NEQ,   65,   78,   92,   52,  -99,  -99,  33,   0,   0,    ,   0,    ,  64,   9,           ,  ,  0,    ,    0,    0,    0,    0, THERMO PARAMS, -35, 227, 932, N, 10, DT, -999, SHR82, -99, 
EP, 16, 2026092212, 03, HFSA,   6, 150N, 1300W,  54,  998, XX,  50, NEQ,    0,   34,    0,    0,  -99,  -99,  33,   0,   0,    ,   0,    ,  64,   9,           ,  ,  0,    ,    0,    0,    0,    0, THERMO PARAMS, -35, 227, 932, N, 10, DT, -999, SHR82, -99, 
EP, 16, 2026092212, 03, HFSA,   6, 150N, 1300W,  54,  998, XX,  34, NEQ,   63,   78,   91,   53,  -99,  -99,  32,   0,   0,    ,   0,    ,  65,   9,           ,  ,  0,    ,    0,    0,    0,    0, THERMO PARAMS, -33, 231, 932, N, 10, DT, -999, SHR82, -99, 
EP, 16, 2026092212, 03, HFSA,   6, 150N, 1300W,  54,  998, XX,  50, NEQ,    0,   34,    0,    0,  -99,  -99,  32,   0,   0,    ,   0,    ,  65,   9,           ,  ,  0,    ,    0,    0,    0,    0, THERMO PARAMS, -33, 231, 932, N, 10, DT, -999, SHR82, -99, 
EP, 16, 2026092212, 03, HFSA,  12, 155N, 1291W,  46,  993, XX,  34, NEQ,   47,   97,   57,   42, 1005,   68,  30,   0,   0,    ,   0,    ,  75,  12,           ,  ,  0,    ,    0,    0,    0,    0, THERMO PARAMS, 28, 321, 952, N, 10, DT, -999, SHR82, -99, 
EP, 16, 2026092212, 03, HFSA,  12, 155N, 1292W,  46,  993, XX,  34, NEQ,   49,   97,   57,   42, 1005,   68,  30,   0,   0,    ,   0,    ,  74,  12,           ,  ,  0,    ,    0,    0,    0,    0, THERMO PARAMS, 24, 324, 955, N, 10, DT, -999, SHR82, -99, 
EP, 16, 2026092212, 03, HFSA,  18, 157N, 1281W,  44,  998, XX,  34, NEQ,   92,  104,   76,   73, 1002,   48,  86,   0,   0,    ,   0,    ,  86,  11,           ,  ,  0,    ,    0,    0,    0,    0, THERMO PARAMS, 4, 423, 553, N, 10, DT, -999, SHR82, -99, 
EP, 16, 2026092212, 03, HFSA,  18, 157N, 1281W,  44,  998, XX,  34, NEQ,   94,  104,   63,   71,  -99,  -99,  88,   0,   0,    ,   0,    ,  86,  10,           ,  ,  0,    ,    0,    0,    0,    0, THERMO PARAMS, 3, 423, 553, N, 10, DT, -999, SHR82, -99, 
EP, 16, 2026092212, 03, HFSA,  24, 160N, 1270W,  63,  988, XX,  34, NEQ,  102,  118,   97,   74,  992,   12,  30,   0,   0,    ,   0,    ,  79,   9,           ,  ,  0,    ,    0,    0,    0,    0, THERMO PARAMS, 36, 760, 959, N, 10, DT, -999, SHR82, -99, 
EP, 16, 2026092212, 03, HFSA,  24, 160N, 1270W,  63,  988, XX,  50, NEQ,   44,   55,   31,   32,  992,   12,  30,   0,   0,    ,   0,    ,  79,   9,           ,  ,  0,    ,    0,    0,    0,    0, THERMO PARAMS, 36, 760, 959, N, 10, DT, -999, SHR82, -99, 
EP, 16, 2026092212, 03, HFSA,  24, 160N, 1270W,  63,  988, XX,  34, NEQ,  100,  117,   97,   76,  992,   12,  31,   0,   0,    ,   0,    ,  78,  10,           ,  ,  0,    ,    0,    0,    0,    0, THERMO PARAMS, 34, 760, 961, N, 10, DT, -999, SHR82, -99, 
EP, 16, 2026092212, 03, HFSA,  24, 160N, 1270W,  63,  988, XX,  50, NEQ,   44,   55,   32,   32,  992,   12,  31,   0,   0,    ,   0,    ,  78,  10,           ,  ,  0,    ,    0,    0,    0,    0, THERMO PARAMS, 34, 760, 961, N, 10, DT, -999, SHR82, -99, 
EP, 16, 2026092212, 03, HFSA,  30, 160N, 1261W,  53,  993, XX,  34, NEQ,  108,  118,   92,   68, 1001,   29,  32,   0,   0,    ,   0,    ,  81,   9,           ,  ,  0,    ,    0,    0,    0,    0, THERMO PARAMS, 98, 922, 766, N, 10, DT, -999, SHR82, -99, 
EP, 16, 2026092212, 03, HFSA,  30, 160N, 1261W,  53,  993, XX,  50, NEQ,    0,   31,   32,   26, 1001,   29,  32,   0,   0,    ,   0,    ,  81,   9,           ,  ,  0,    ,    0,    0,    0,    0, THERMO PARAMS, 98, 922, 766, N, 10, DT, -999, SHR82, -99, 
EP, 16, 2026092212, 03, HFSA,  30, 159N, 1261W,  53,  993, XX,  34, NEQ,  110,  117,   89,   74, 1001,   29,  31,   0,   0,    ,   0,    ,  83,   8,           ,  ,  0,    ,    0,    0,    0,    0, THERMO PARAMS, 99, 924, 767, N, 10, DT, -999, SHR82, -99, 
EP, 16, 2026092212, 03, HFSA,  30, 159N, 1261W,  53,  993, XX,  50, NEQ,    0,   29,   32,   26, 1001,   29,  31,   0,   0,    ,   0,    ,  83,   8,           ,  ,  0,    ,    0,    0,    0,    0, THERMO PARAMS, 99, 924, 767, N, 10, DT, -999, SHR82, -99, 
EP, 16, 2026092212, 03, HFSA,  36, 161N, 1254W,  50,  991, XX,  34, NEQ,  118,  105,   63,   68,  999,   35,  32,   0,   0,    ,   0,    ,  76,   7,           ,  ,  0,    ,    0,    0,    0,    0, THERMO PARAMS, 78, 1093, 490, N, 10, DT, -999, SHR82, -99, 
EP, 16, 2026092212, 03, HFSA,  36, 161N, 1254W,  50,  991, XX,  50, NEQ,    0,    0,    0,   32,  999,   35,  32,   0,   0,    ,   0,    ,  76,   7,           ,  ,  0,    ,    0,    0,    0,    0, THERMO PARAMS, 78, 1093, 490, N, 10, DT, -999, SHR82, -99, 
EP, 16, 2026092212, 03, HFSA,  36, 161N, 1255W,  50,  991, XX,  34, NEQ,  118,  104,   62,   68,  999,   35,  31,   0,   0,    ,   0,    ,  78,   7,           ,  ,  0,    ,    0,    0,    0,    0, THERMO PARAMS, 79, 1093, 489, N, 10, DT, -999, SHR82, -99, 
EP, 16, 2026092212, 03, HFSA,  42, 163N, 1247W,  47,  995, XX,  34, NEQ,   79,   74,   63,   68, 1003,   43,  33,   0,   0,    ,   0,    ,  67,   7,           ,  ,  0,    ,    0,    0,    0,    0, THERMO PARAMS, 56, 1329, 83, N, 10, DT, -999, SHR82, -99, 
EP, 16, 2026092212, 03, HFSA,  42, 163N, 1248W,  47,  995, XX,  34, NEQ,   79,   74,   63,   68, 1003,   43,  32,   0,   0,    ,   0,    ,  67,   7,           ,  ,  0,    ,    0,    0,    0,    0, THERMO PARAMS, 56, 1330, 83, N, 10, DT, -999, SHR82, -99, 
EP, 16, 2026092212, 03, HFSA,  48, 167N, 1241W,  43,  994, XX,  34, NEQ,   63,   76,   70,   62,  998,   25,  31,   0,   0,    ,   0,    ,  63,   8,           ,  ,  0,    ,    0,    0,    0,    0, THERMO PARAMS, -9999, -9999, -9999, N, 10, DT, -999, SHR82, -99, 
EP, 16, 2026092212, 03, HFSA,  48, 167N, 1241W,  43,  994, XX,  34, NEQ,   63,   78,   70,   62,  998,   25,  31,   0,   0,    ,   0,    ,  62,   8,           ,  ,  0,    ,    0,    0,    0,    0, THERMO PARAMS, -9999, -9999, -9999, N, 10, DT, -999, SHR82, -99, 
EP, 16, 2026092212, 03, HFSA,  54, 171N, 1234W,  45,  995, XX,  34, NEQ,   78,   74,   58,   45,  999,   21,  31,   0,   0,    ,   0,    ,  57,   7,           ,  ,  0,    ,    0,    0,    0,    0, THERMO PARAMS, 75, 439, 202, N, 10, DT, -999, SHR82, -99, 
EP, 16, 2026092212, 03, HFSA,  54, 171N, 1234W,  45,  995, XX,  34, NEQ,   78,   74,   57,   45,  999,   21,  32,   0,   0,    ,   0,    ,  56,   7,           ,  ,  0,    ,    0,    0,    0,    0, THERMO PARAMS, 72, 437, 202, N, 10, DT, -999, SHR82, -99, 
EP, 16, 2026092212, 03, HFSA,  60, 175N, 1230W,  45,  993, XX,  34, NEQ,   74,   53,   58,   65,  997,   23,  31,   0,   0,    ,   0,    ,  64,   5,           ,  ,  0,    ,    0,    0,    0,    0, THERMO PARAMS, 84, 720, 545, N, 10, DT, -999, SHR82, -99, 
EP, 16, 2026092212, 03, HFSA,  60, 176N, 1230W,  45,  993, XX,  34, NEQ,   73,   53,   60,   63,  997,   23,  30,   0,   0,    ,   0,    ,  61,   6,           ,  ,  0,    ,    0,    0,    0,    0, THERMO PARAMS, 83, 721, 543, N, 10, DT, -999, SHR82, -99, 
EP, 16, 2026092212, 03, HFSA,  66, 177N, 1227W,  43,  996, XX,  34, NEQ,   84,   57,   55,   89,  -99,  -99,  49,   0,   0,    ,   0,    ,  57,   4,           ,  ,  0,    ,    0,    0,    0,    0, THERMO PARAMS, 74, 387, 724, N, 10, DT, -999, SHR82, -99, 
EP, 16, 2026092212, 03, HFSA,  66, 177N, 1226W,  43,  996, XX,  34, NEQ,   83,   57,   57,   89,  -99,  -99,  48,   0,   0,    ,   0,    ,  58,   4,           ,  ,  0,    ,    0,    0,    0,    0, THERMO PARAMS, 74, 389, 724, N, 10, DT, -999, SHR82, -99, 
EP, 16, 2026092212, 03, HFSA,  72, 179N, 1224W,  51,  992, XX,  34, NEQ,   71,   49,   65,   65,  996,   21,  33,   0,   0,    ,   0,    ,  62,   3,           ,  ,  0,    ,    0,    0,    0,    0, THERMO PARAMS, 94, 551, 450, N, 10, DT, -999, SHR82, -99, 
EP, 16, 2026092212, 03, HFSA,  72, 179N, 1224W,  51,  992, XX,  50, NEQ,    0,    0,    0,   32,  996,   21,  33,   0,   0,    ,   0,    ,  62,   3,           ,  ,  0,    ,    0,    0,    0,    0, THERMO PARAMS, 94, 551, 450, N, 10, DT, -999, SHR82, -99, 
EP, 16, 2026092212, 03, HFSA,  72, 179N, 1224W,  51,  992, XX,  34, NEQ,   70,   50,   66,   65,  996,   21,  32,   0,   0,    ,   0,    ,  63,   3,           ,  ,  0,    ,    0,    0,    0,    0, THERMO PARAMS, 94, 555, 450, N, 10, DT, -999, SHR82, -99, 
EP, 16, 2026092212, 03, HFSA,  78, 180N, 1222W,  40,  997, XX,  34, NEQ,   57,    0,   42,   60, 1001,   21,  33,   0,   0,    ,   0,    ,  33,   3,           ,  ,  0,    ,    0,    0,    0,    0, THERMO PARAMS, 110, 611, 447, N, 10, DT, -999, SHR82, -99, 
EP, 16, 2026092212, 03, HFSA,  78, 180N, 1222W,  40,  997, XX,  34, NEQ,   57,    0,   44,   58, 1001,   21,  32,   0,   0,    ,   0,    ,  27,   3,           ,  ,  0,    ,    0,    0,    0,    0, THERMO PARAMS, 109, 615, 447, N, 10, DT, -999, SHR82, -99, 
EP, 16, 2026092212, 03, HFSA,  84, 181N, 1222W,  45,  995, XX,  34, NEQ,   63,    0,   52,   63,  -99,  -99,  36,   0,   0,    ,   0,    ,   6,   1,           ,  ,  0,    ,    0,    0,    0,    0, THERMO PARAMS, 95, 622, 579, N, 10, DT, -999, SHR82, -99, 
EP, 16, 2026092212, 03, HFSA,  84, 181N, 1222W,  45,  993, XX,  34, NEQ,   62,    0,   52,   63,  997,    5,  36,   0,   0,    ,   0,    ,  10,   2,           ,  ,  0,    ,    0,    0,    0,    0, THERMO PARAMS, 110, 623, 579, N, 10, DT, -999, SHR82, -99, 
EP, 16, 2026092212, 03, HFSA,  90, 181N, 1223W,  39,  998, XX,  34, NEQ,   68,    0,   45,   57, 1006,   69,  44,   0,   0,    ,   0,    , 308,   3,           ,  ,  0,    ,    0,    0,    0,    0, THERMO PARAMS, 71, 521, 228, N, 10, DT, -999, SHR82, -99, 
EP, 16, 2026092212, 03, HFSA,  90, 181N, 1223W,  39,  998, XX,  34, NEQ,   70,    0,   45,   57, 1006,   69,  43,   0,   0,    ,   0,    , 307,   3,           ,  ,  0,    ,    0,    0,    0,    0, THERMO PARAMS, 70, 526, 226, N, 10, DT, -999, SHR82, -99, 
EP, 16, 2026092212, 03, HFSA,  96, 182N, 1228W,  41,  995, XX,  34, NEQ,   44,   34,   50,   62,  999,   22,  44,   0,   0,    ,   0,    , 311,   3,           ,  ,  0,    ,    0,    0,    0,    0, THERMO PARAMS, 50, 481, 428, N, 10, DT, -999, SHR82, -99, 
EP, 16, 2026092212, 03, HFSA,  96, 181N, 1228W,  41,  995, XX,  34, NEQ,   44,   34,   50,   63,  999,   22,  44,   0,   0,    ,   0,    , 310,   3,           ,  ,  0,    ,    0,    0,    0,    0, THERMO PARAMS, 39, 477, 427, N, 10, DT, -999, SHR82, -99, 
EP, 16, 2026092212, 03, HFSA, 102, 182N, 1231W,  39,  998, XX,  34, NEQ,    0,   47,   50,   53, 1006,   55,  30,   0,   0,    ,   0,    , 318,   3,           ,  ,  0,    ,    0,    0,    0,    0, THERMO PARAMS, 7, 1208, 337, N, 10, DT, -999, SHR82, -99, 
EP, 16, 2026092212, 03, HFSA, 102, 182N, 1231W,  39,  998, XX,  34, NEQ,    0,   47,   50,   53, 1006,   55,  30,   0,   0,    ,   0,    , 314,   3,           ,  ,  0,    ,    0,    0,    0,    0, THERMO PARAMS, 1, 1206, 333, N, 10, DT, -999, SHR82, -99, 
EP, 16, 2026092212, 03, HFSA, 108, 184N, 1235W,  35,  996, XX,  34, NEQ,   32,    0,    0,   34, 1004,   70,  30,   0,   0,    ,   0,    , 324,   4,           ,  ,  0,    ,    0,    0,    0,    0, THERMO PARAMS, 62, 993, 403, N, 10, DT, -999, SHR82, -99, 
EP, 16, 2026092212, 03, HFSA, 108, 184N, 1235W,  35,  996, XX,  34, NEQ,   34,    0,    0,   34, 1004,   70,  30,   0,   0,    ,   0,    , 322,   4,           ,  ,  0,    ,    0,    0,    0,    0, THERMO PARAMS, 61, 996, 403, N, 10, DT, -999, SHR82, -99, 
EP, 16, 2026092212, 03, HFSA, 114, 185N, 1239W,  30, 1001, XX,  34, NEQ,    0,    0,    0,    0, 1009,   95,  38,   0,   0,    ,   0,    , 317,   3,           ,  ,  0,    ,    0,    0,    0,    0, THERMO PARAMS, 42, 1045, 122, N, 10, DT, -999, SHR82, -99, 
EP, 16, 2026092212, 03, HFSA, 114, 185N, 1239W,  30, 1001, XX,  34, NEQ,    0,    0,    0,    0, 1009,   95,  36,   0,   0,    ,   0,    , 310,   3,           ,  ,  0,    ,    0,    0,    0,    0, THERMO PARAMS, 38, 1043, 118, N, 10, DT, -999, SHR82, -99, 
EP, 16, 2026092212, 03, HFSA, 120, 187N, 1240W,  32,  999, XX,  34, NEQ,    0,    0,    0,    0, 1007,  135,  28,   0,   0,    ,   0,    , 356,   3,           ,  ,  0,    ,    0,    0,    0,    0, THERMO PARAMS, -10, 763, 303, N, 10, DT, -999, SHR82, -99, 
EP, 16, 2026092212, 03, HFSA, 120, 187N, 1241W,  32,  999, XX,  34, NEQ,    0,    0,    0,    0, 1007,  135,  29,   0,   0,    ,   0,    , 356,   3,           ,  ,  0,    ,    0,    0,    0,    0, THERMO PARAMS, -10, 764, 302, N, 10, DT, -999, SHR82, -99, 
EP, 16, 2026092212, 03, HFSA, 126, 188N, 1243W,  30, 1002, XX,  34, NEQ,    0,    0,    0,    0, 1006,   38,  28,   0,   0,    ,   0,    , -99, -99,           ,  ,  0,    ,    0,    0,    0,    0, THERMO PARAMS, -19, 585, 348, N, 10, DT, -999, SHR82, -99, 
EP, 16, 2026092212, 03, HFSA, 126, 188N, 1243W,  30, 1002, XX,  34, NEQ,    0,    0,    0,    0, 1006,   38,  28,   0,   0,    ,   0,    , -99, -99,           ,  ,  0,    ,    0,    0,    0,    0, THERMO PARAMS, -21, 585, 348, N, 10, DT, -999, SHR82, -99, 
EP, 16, 2026092212, 03, TVCN,   0, 148N, 1305W,   0,    0,   ,   0,    ,    0,    0,    0,    0, 
EP, 16, 2026092212, 03, TVCN,  12, 152N, 1294W,   0,    0,   ,   0,    ,    0,    0,    0,    0, 
EP, 16, 2026092212, 03, TVCN,  24, 154N, 1281W,   0,    0,   ,   0,    ,    0,    0,    0,    0, 
EP, 16, 2026092212, 03, TVCN,  36, 157N, 1268W,   0,    0,   ,   0,    ,    0,    0,    0,    0, 
EP, 16, 2026092212, 03, TVCN,  48, 161N, 1257W,   0,    0,   ,   0,    ,    0,    0,    0,    0, 
EP, 16, 2026092212, 03, TVCN,  60, 167N, 1247W,   0,    0,   ,   0,    ,    0,    0,    0,    0, 
EP, 16, 2026092212, 03, TVCN,  72, 173N, 1239W,   0,    0,   ,   0,    ,    0,    0,    0,    0, 
EP, 16, 2026092212, 03, TVCN,  84, 178N, 1236W,   0,    0,   ,   0,    ,    0,    0,    0,    0, 
EP, 16, 2026092212, 03, TVCN,  96, 183N, 1237W,   0,    0,   ,   0,    ,    0,    0,    0,    0, 
EP, 16, 2026092212, 03, TVCN, 108, 189N, 1238W,   0,    0,   ,   0,    ,    0,    0,    0,    0, 
EP, 16, 2026092212, 03, TVCN, 120, 196N, 1240W,   0,    0,   ,   0,    ,    0,    0,    0,    0, 
EP, 16, 2026092212, 03, TVCN, 132, 201N, 1241W,   0,    0,   ,   0,    ,    0,    0,    0,    0, 
EP, 16, 2026092212, 03, TVCN, 144, 204N, 1231W,   0,    0,   ,   0,    ,    0,    0,    0,    0, 
EP, 16, 2026092212, 03, TVCN, 156, 199N, 1227W,   0,    0,   ,   0,    ,    0,    0,    0,    0, 
EP, 16, 2026092212, 03, TVCN, 168, 193N, 1225W,   0,    0,   ,   0,    ,    0,    0,    0,    0, 
EP, 16, 2026092218, 03, AVNO,   0, 150N, 1298W,  62,  987, XX,  34, NEQ,   62,   96,   81,   71, 1011,  139,  22,   0,   0, 
EP, 16, 2026092218, 03, AVNO,   0, 150N, 1298W,  62,  987, XX,  50, NEQ,   38,   45,    0,    0, 1011,  139,  22,   0,   0, 
EP, 16, 2026092218, 03, AVNO,   6, 154N, 1290W,  55,  986, XX,  34, NEQ,   73,  101,   97,   65, 1006,  112,  27,   0,   0, 
EP, 16, 2026092218, 03, AVNO,   6, 154N, 1290W,  55,  986, XX,  50, NEQ,   40,   39,    0,   38, 1006,  112,  27,   0,   0, 
EP, 16, 2026092218, 03, AVNO,  12, 157N, 1283W,  60,  987, XX,  34, NEQ,   85,  103,   81,   91, 1011,  174,  38,   0,   0, 
EP, 16, 2026092218, 03, AVNO,  12, 157N, 1283W,  60,  987, XX,  50, NEQ,   36,   45,   39,   46, 1011,  174,  38,   0,   0, 
EP, 16, 2026092218, 03, AVNO,  18, 158N, 1277W,  56,  984, XX,  34, NEQ,   81,   93,   80,   89, 1004,   81,  28,   0,   0, 
EP, 16, 2026092218, 03, AVNO,  18, 158N, 1277W,  56,  984, XX,  50, NEQ,   42,   44,   47,   38, 1004,   81,  28,   0,   0, 
EP, 16, 2026092218, 03, AVNO,  24, 158N, 1272W,  61,  986, XX,  34, NEQ,   89,  103,   81,   82, 1010,  148,  37,   0,   0, 
EP, 16, 2026092218, 03, AVNO,  24, 158N, 1272W,  61,  986, XX,  50, NEQ,   45,   42,   44,   48, 1010,  148,  37,   0,   0, 
EP, 16, 2026092218, 03, AVNO,  30, 157N, 1263W,  53,  984, XX,  34, NEQ,   82,   79,   83,   83, 1008,  168,  41,   0,   0, 
EP, 16, 2026092218, 03, AVNO,  30, 157N, 1263W,  53,  984, XX,  50, NEQ,   34,   43,   50,   48, 1008,  168,  41,   0,   0, 
EP, 16, 2026092218, 03, AVNO,  36, 159N, 1255W,  57,  988, XX,  34, NEQ,   72,   78,   76,   80, 1012,  268,  37,   0,   0, 
EP, 16, 2026092218, 03, AVNO,  36, 159N, 1255W,  57,  988, XX,  50, NEQ,   30,    0,   43,   39, 1012,  268,  37,   0,   0, 
EP, 16, 2026092218, 03, AVNO,  42, 162N, 1248W,  54,  984, XX,  34, NEQ,   64,   79,   66,   73, 1008,  226,  28,   0,   0, 
EP, 16, 2026092218, 03, AVNO,  42, 162N, 1248W,  54,  984, XX,  50, NEQ,   34,   42,   30,   42, 1008,  226,  28,   0,   0, 
EP, 16, 2026092218, 03, AVNO,  48, 168N, 1240W,  54,  984, XX,  34, NEQ,   64,   90,   61,   66, 1008,  115,  33,   0,   0, 
EP, 16, 2026092218, 03, AVNO,  48, 168N, 1240W,  54,  984, XX,  50, NEQ,   32,   41,   36,   34, 1008,  115,  33,   0,   0, 
EP, 16, 2026092218, 03, AVNO,  54, 174N, 1233W,  56,  983, XX,  34, NEQ,   62,   67,   62,   63, 1007,  133,  27,   0,   0, 
EP, 16, 2026092218, 03, AVNO,  54, 174N, 1233W,  56,  983, XX,  50, NEQ,   36,   32,   34,   33, 1007,  133,  27,   0,   0, 
EP, 16, 2026092218, 03, AVNO,  60, 178N, 1227W,  57,  986, XX,  34, NEQ,   73,   59,   61,   75, 1010,  155,  31,   0,   0, 
EP, 16, 2026092218, 03, AVNO,  60, 178N, 1227W,  57,  986, XX,  50, NEQ,   35,   31,   36,   41, 1010,  155,  31,   0,   0, 
EP, 16, 2026092218, 03, AVNO,  66, 181N, 1224W,  55,  985, XX,  34, NEQ,   72,   62,   65,   73, 1005,   98,  23,   0,   0, 
EP, 16, 2026092218, 03, AVNO,  66, 181N, 1224W,  55,  985, XX,  50, NEQ,   34,    0,   35,   37, 1005,   98,  23,   0,   0, 
EP, 16, 2026092218, 03, AVNO,  72, 183N, 1222W,  50,  990, XX,  34, NEQ,   73,   59,   75,   78, 1010,  151,  26,   0,   0, 
EP, 16, 2026092218, 03, AVNO,  72, 183N, 1222W,  50,  990, XX,  50, NEQ,   26,    0,    0,    0, 1010,  151,  26,   0,   0, 
EP, 16, 2026092218, 03, AVNO,  78, 184N, 1221W,  50,  989, XX,  34, NEQ,   70,   57,   75,   79, 1005,   98,  31,   0,   0, 
EP, 16, 2026092218, 03, AVNO,  78, 184N, 1221W,  50,  989, XX,  50, NEQ,    0,    0,   33,    0, 1005,   98,  31,   0,   0, 
EP, 16, 2026092218, 03, AVNO,  84, 185N, 1221W,  47,  992, XX,  34, NEQ,   61,   58,   56,   64, 1008,  178,  31,   0,   0, 
EP, 16, 2026092218, 03, AVNO,  90, 189N, 1223W,  45,  990, XX,  34, NEQ,   59,   51,   53,   63, 1002,   59,  34,   0,   0, 
EP, 16, 2026092218, 03, AVNO,  96, 191N, 1226W,  40,  995, XX,  34, NEQ,   56,   54,   55,   62, 1007,   89,  39,   0,   0, 
EP, 16, 2026092218, 03, AVNO, 102, 194N, 1228W,  41,  993, XX,  34, NEQ,   55,   54,   55,   60, 1005,  157,  37,   0,   0, 
EP, 16, 2026092218, 03, AVNO, 108, 195N, 1230W,  36,  998, XX,  34, NEQ,    0,    0,   46,   45, 1006,   63,  43,   0,   0, 
EP, 16, 2026092218, 03, AVNO, 114, 197N, 1232W,  32,  997, XX,  34, NEQ,    0,    0,    0,    0, 1005,   84,  36,   0,   0, 
EP, 16, 2026092218, 03, AVNO, 120, 196N, 1234W,  30, 1000, XX,  34, NEQ,    0,    0,    0,    0, 1004,   36,  51,   0,   0, 
EP, 16, 2026092218, 03, AVNO, 126, 195N, 1234W,  29,  999, XX,  34, NEQ,    0,    0,    0,    0, 1003,   40,  36,   0,   0, 
EP, 16, 2026092218, 03, AVNO, 132, 193N, 1235W,  29, 1002, XX,  34, NEQ,    0,    0,    0,    0, 1006,   41,  40,   0,   0, 
EP, 16, 2026092218, 03, AVNO, 138, 190N, 1233W,  30, 1000, XX,  34, NEQ,    0,    0,    0,    0, 1004,   47,  39,   0,   0, 
EP, 16, 2026092218, 03, AVNO, 144, 185N, 1232W,  30, 1003, XX,  34, NEQ,    0,    0,    0,    0, 1007,   61,  45,   0,   0, 
EP, 16, 2026092218, 03, AVNO, 150, 182N, 1229W,  29, 1001, XX,  34, NEQ,    0,    0,    0,    0, 1005,   54,  36,   0,   0, 
EP, 16, 2026092218, 03, AVNO, 156, 178N, 1226W,  28, 1003, XX,  34, NEQ,    0,    0,    0,    0, 1007,   61,  47,   0,   0, 
EP, 16, 2026092218, 03, AVNO, 162, 176N, 1225W,  27, 1001, XX,  34, NEQ,    0,    0,    0,    0,  -99,  -99,  36,   0,   0, 
EP, 16, 2026092218, 03, AVNO, 168, 174N, 1224W,  25, 1004, XX,  34, NEQ,    0,    0,    0,    0,  -99,  -99,  41,   0,   0, 
EP, 16, 2026092218, 03, AVNO, 174, 174N, 1225W,  26, 1000, XX,  34, NEQ,    0,    0,    0,    0,  -99,  -99,  53,   0,   0, 
EP, 16, 2026092218, 03, AVNO, 180, 175N, 1229W,  24, 1004, XX,  34, NEQ,    0,    0,    0,    0,  -99,  -99,  32,   0,   0, 
EP, 16, 2026092218, 03, AVNO, 186, 175N, 1234W,  22, 1002, XX,  34, NEQ,    0,    0,    0,    0,  -99,  -99,  30,   0,   0, 
EP, 16, 2026092218, 03, AVNO, 192, 175N, 1241W,  29, 1004, XX,  34, NEQ,    0,    0,    0,    0,  -99,  -99, 153,   0,   0, 
EP, 16, 2026092218, 03, AVNO, 198, 163N, 1238W,  44,  993, XX,  34, NEQ,    0,  120,    0,    0, 1001,   66, 104,   0,   0, 
EP, 16, 2026092218, 03, AVNO, 204, 157N, 1221W,  40,  997, XX,  34, NEQ,   25,   34,   32,    0, 1005,   57,  23,   0,   0, 
EP, 16, 2026092218, 03, AVNO, 210, 159N, 1216W,  37,  995, XX,  34, NEQ,    0,   30,    0,    0, 1003,   90,  25,   0,   0, 
EP, 16, 2026092218, 03, AVNO, 216, 158N, 1212W,  29,  999, XX,  34, NEQ,    0,    0,    0,    0, 1003,   31,  34,   0,   0, 
EP, 16, 2026092218, 03, AVNO, 222, 154N, 1208W,  35,  996, XX,  34, NEQ,    0,    0,   39,    0, 1000,   31,  38,   0,   0, 
EP, 16, 2026092218, 03, AVNO, 228, 150N, 1202W,  37,  997, XX,  34, NEQ,    0,   35,   48,    0, 1001,   40,  30,   0,   0, 
EP, 16, 2026092218, 03, AVNO, 234, 146N, 1192W,  42,  995, XX,  34, NEQ,    0,   37,   57,    0,  999,   31,  34,   0,   0, 
EP, 16, 2026092218, 03, AVNO, 240, 143N, 1179W,  41,  997, XX,  34, NEQ,  471,   63,   78,    0, 1001,   28,  32,   0,   0, 
EP, 16, 2026092218, 03, HCCA,   0, 150N, 1304W,  60,    0,   ,   0,    ,    0,    0,    0,    0, 
EP, 16, 2026092218, 03, HCCA,  12, 152N, 1292W,  63,    0,   ,   0,    ,    0,    0,    0,    0, 
EP, 16, 2026092218, 03, HCCA,  24, 153N, 1279W,  66,    0,   ,   0,    ,    0,    0,    0,    0, 
EP, 16, 2026092218, 03, HCCA,  36, 158N, 1265W,  71,    0,   ,   0,    ,    0,    0,    0,    0, 
EP, 16, 2026092218, 03, HCCA,  48, 165N, 1251W,  76,    0,   ,   0,    ,    0,    0,    0,    0, 
EP, 16, 2026092218, 03, HCCA,  60, 173N, 1239W,  72,    0,   ,   0,    ,    0,    0,    0,    0, 
EP, 16, 2026092218, 03, HCCA,  72, 180N, 1231W,  64,    0,   ,   0,    ,    0,    0,    0,    0, 
EP, 16, 2026092218, 03, HCCA,  84, 187N, 1228W,  60,    0,   ,   0,    ,    0,    0,    0,    0, 
EP, 16, 2026092218, 03, HCCA,  96, 195N, 1226W,  58,    0,   ,   0,    ,    0,    0,    0,    0, 
EP, 16, 2026092218, 03, HCCA, 108, 204N, 1224W,  50,    0,   ,   0,    ,    0,    0,    0,    0, 
EP, 16, 2026092218, 03, HCCA, 120, 211N, 1218W,  41,    0,   ,   0,    ,    0,    0,    0,    0, 
EP, 16, 2026092218, 03, HCCA, 132, 214N, 1208W,  35,    0,   ,   0,    ,    0,    0,    0,    0, 
EP, 16, 2026092218, 03, HCCA, 144, 210N, 1197W,  31,    0,   ,   0,    ,    0,    0,    0,    0, 
EP, 16, 2026092218, 03, HCCA, 156, 206N, 1190W,  30,    0,   ,   0,    ,    0,    0,    0,    0, 
EP, 16, 2026092218, 03, HCCA, 168, 200N, 1188W,  33,    0,   ,   0,    ,    0,    0,    0,    0, 
EP, 16, 2026092218, 03, HFSA,   0, 150N, 1304W,  61,  993, XX,  34, NEQ,  115,  107,  131,  154,  997,   15,  37,   0,   0,    ,   0,    ,  63,   5,           ,  ,  0,    ,    0,    0,    0,    0, THERMO PARAMS, -20, 70, 634, N, 10, DT, -999, SHR82, -99, 
EP, 16, 2026092218, 03, HFSA,   0, 150N, 1304W,  61,  993, XX,  50, NEQ,   55,   66,   62,   60,  997,   15,  37,   0,   0,    ,   0,    ,  63,   5,           ,  ,  0,    ,    0,    0,    0,    0, THERMO PARAMS, -20, 70, 634, N, 10, DT, -999, SHR82, -99, 
EP, 16, 2026092218, 03, HFSA,   6, 153N, 1294W,  58,  985, XX,  34, NEQ,  117,  120,  113,   86,  997,   41,  21,   0,   0,    ,   0,    ,  65,   9,           ,  ,  0,    ,    0,    0,    0,    0, THERMO PARAMS, -16, 881, 966, N, 10, DT, -999, SHR82, -99, 
EP, 16, 2026092218, 03, HFSA,   6, 153N, 1294W,  58,  985, XX,  50, NEQ,   52,   60,   36,   45,  997,   41,  21,   0,   0,    ,   0,    ,  65,   9,           ,  ,  0,    ,    0,    0,    0,    0, THERMO PARAMS, -16, 881, 966, N, 10, DT, -999, SHR82, -99, 
EP, 16, 2026092218, 03, HFSA,  12, 154N, 1287W,  60,  981, XX,  34, NEQ,  120,  113,   86,  138, 1001,   50,  28,   0,   0,    ,   0,    ,  82,   8,           ,  ,  0,    ,    0,    0,    0,    0, THERMO PARAMS, 14, 844, 1366, N, 10, DT, -999, SHR82, -99, 
EP, 16, 2026092218, 03, HFSA,  12, 154N, 1287W,  60,  981, XX,  50, NEQ,   36,   50,   36,   29, 1001,   50,  28,   0,   0,    ,   0,    ,  82,   8,           ,  ,  0,    ,    0,    0,    0,    0, THERMO PARAMS, 14, 844, 1366, N, 10, DT, -999, SHR82, -99, 
EP, 16, 2026092218, 03, HFSA,  18, 155N, 1281W,  63,  982, XX,  34, NEQ,  168,  126,   87,  100,  986,   13,  29,   0,   0,    ,   0,    ,  88,   7,           ,  ,  0,    ,    0,    0,    0,    0, THERMO PARAMS, 40, 1173, 1073, N, 10, DT, -999, SHR82, -99, 
EP, 16, 2026092218, 03, HFSA,  18, 155N, 1281W,  63,  982, XX,  50, NEQ,   74,   49,   42,   49,  986,   13,  29,   0,   0,    ,   0,    ,  88,   7,           ,  ,  0,    ,    0,    0,    0,    0, THERMO PARAMS, 40, 1173, 1073, N, 10, DT, -999, SHR82, -99, 
EP, 16, 2026092218, 03, HFSA,  24, 154N, 1274W,  67,  984, XX,  34, NEQ,  134,  125,   87,   94,  996,   36,  28,   0,   0,    ,   0,    ,  86,   7,           ,  ,  0,    ,    0,    0,    0,    0, THERMO PARAMS, 57, 1405, 988, N, 10, DT, -999, SHR82, -99, 
EP, 16, 2026092218, 03, HFSA,  24, 154N, 1274W,  67,  984, XX,  50, NEQ,   49,   57,   47,   53,  996,   36,  28,   0,   0,    ,   0,    ,  86,   7,           ,  ,  0,    ,    0,    0,    0,    0, THERMO PARAMS, 57, 1405, 988, N, 10, DT, -999, SHR82, -99, 
EP, 16, 2026092218, 03, HFSA,  24, 154N, 1274W,  67,  984, XX,  64, NEQ,   31,    0,    0,    0,  996,   36,  28,   0,   0,    ,   0,    ,  86,   7,           ,  ,  0,    ,    0,    0,    0,    0, THERMO PARAMS, 57, 1405, 988, N, 10, DT, -999, SHR82, -99, 
EP, 16, 2026092218, 03, HFSA,  30, 154N, 1266W,  62,  983, XX,  34, NEQ,   92,  141,   86,   86,  995,   38,  25,   0,   0,    ,   0,    ,  83,   8,           ,  ,  0,    ,    0,    0,    0,    0, THERMO PARAMS, 60, 1323, 1328, N, 10, DT, -999, SHR82, -99, 
EP, 16, 2026092218, 03, HFSA,  30, 154N, 1266W,  62,  983, XX,  50, NEQ,   44,   45,   42,   49,  995,   38,  25,   0,   0,    ,   0,    ,  83,   8,           ,  ,  0,    ,    0,    0,    0,    0, THERMO PARAMS, 60, 1323, 1328, N, 10, DT, -999, SHR82, -99, 
EP, 16, 2026092218, 03, HFSA,  36, 155N, 1258W,  59,  987, XX,  34, NEQ,   91,  138,   92,   89, 1007,   97,  32,   0,   0,    ,   0,    ,  73,   8,           ,  ,  0,    ,    0,    0,    0,    0, THERMO PARAMS, 26, 1076, 1171, N, 10, DT, -999, SHR82, -99, 
EP, 16, 2026092218, 03, HFSA,  36, 155N, 1258W,  59,  987, XX,  50, NEQ,   37,   47,   32,   37, 1007,   97,  32,   0,   0,    ,   0,    ,  73,   8,           ,  ,  0,    ,    0,    0,    0,    0, THERMO PARAMS, 26, 1076, 1171, N, 10, DT, -999, SHR82, -99, 
EP, 16, 2026092218, 03, HFSA,  42, 159N, 1251W,  57,  985, XX,  34, NEQ,   87,  118,  110,   76, 1001,   67,  31,   0,   0,    ,   0,    ,  66,   8,           ,  ,  0,    ,    0,    0,    0,    0, THERMO PARAMS, 40, 1053, 822, N, 10, DT, -999, SHR82, -99, 
EP, 16, 2026092218, 03, HFSA,  42, 159N, 1251W,  57,  985, XX,  50, NEQ,   34,   50,   34,   32, 1001,   67,  31,   0,   0,    ,   0,    ,  66,   8,           ,  ,  0,    ,    0,    0,    0,    0, THERMO PARAMS, 40, 1053, 822, N, 10, DT, -999, SHR82, -99, 
EP, 16, 2026092218, 03, HFSA,  48, 164N, 1244W,  60,  986, XX,  34, NEQ,   89,  131,  118,   73,  998,   40,  24,   0,   0,    ,   0,    ,  49,   7,           ,  ,  0,    ,    0,    0,    0,    0, THERMO PARAMS, 43, 1157, 897, N, 10, DT, -999, SHR82, -99, 
EP, 16, 2026092218, 03, HFSA,  48, 164N, 1244W,  60,  986, XX,  50, NEQ,   40,   42,   26,   31,  998,   40,  24,   0,   0,    ,   0,    ,  49,   7,           ,  ,  0,    ,    0,    0,    0,    0, THERMO PARAMS, 43, 1157, 897, N, 10, DT, -999, SHR82, -99, 
EP, 16, 2026092218, 03, HFSA,  54, 170N, 1236W,  65,  977, XX,  34, NEQ,   91,  130,  131,   99,  993,   30,  16,   0,   0,    ,   0,    ,  56,   8,           ,  ,  0,    ,    0,    0,    0,    0, THERMO PARAMS, 46, 1203, 1129, N, 10, DT, -999, SHR82, -99, 
EP, 16, 2026092218, 03, HFSA,  54, 170N, 1236W,  65,  977, XX,  50, NEQ,   32,   32,   24,   36,  993,   30,  16,   0,   0,    ,   0,    ,  56,   8,           ,  ,  0,    ,    0,    0,    0,    0, THERMO PARAMS, 46, 1203, 1129, N, 10, DT, -999, SHR82, -99, 
EP, 16, 2026092218, 03, HFSA,  54, 170N, 1236W,  65,  977, XX,  64, NEQ,   19,    0,    0,    0,  993,   30,  16,   0,   0,    ,   0,    ,  56,   8,           ,  ,  0,    ,    0,    0,    0,    0, THERMO PARAMS, 46, 1203, 1129, N, 10, DT, -999, SHR82, -99, 
EP, 16, 2026092218, 03, HFSA,  60, 174N, 1231W,  72,  975, XX,  34, NEQ,   94,  110,   73,   91, 1003,   68,  14,   0,   0,    ,   0,    ,  51,   5,           ,  ,  0,    ,    0,    0,    0,    0, THERMO PARAMS, 29, 1441, 1330, N, 10, DT, -999, SHR82, -99, 
EP, 16, 2026092218, 03, HFSA,  60, 174N, 1231W,  72,  975, XX,  50, NEQ,   42,   32,   32,   44, 1003,   68,  14,   0,   0,    ,   0,    ,  51,   5,           ,  ,  0,    ,    0,    0,    0,    0, THERMO PARAMS, 29, 1441, 1330, N, 10, DT, -999, SHR82, -99, 
EP, 16, 2026092218, 03, HFSA,  60, 174N, 1231W,  72,  975, XX,  64, NEQ,   19,    0,   19,   15, 1003,   68,  14,   0,   0,    ,   0,    ,  51,   5,           ,  ,  0,    ,    0,    0,    0,    0, THERMO PARAMS, 29, 1441, 1330, N, 10, DT, -999, SHR82, -99, 
EP, 16, 2026092218, 03, HFSA,  66, 178N, 1228W,  69,  974, XX,  34, NEQ,  102,  112,   76,   96,  998,   48,  14,   0,   0,    ,   0,    ,  38,   4,           ,  ,  0,    ,    0,    0,    0,    0, THERMO PARAMS, 76, 1253, 1682, N, 10, DT, -999, SHR82, -99, 
EP, 16, 2026092218, 03, HFSA,  66, 178N, 1228W,  69,  974, XX,  50, NEQ,   34,   34,   39,   39,  998,   48,  14,   0,   0,    ,   0,    ,  38,   4,           ,  ,  0,    ,    0,    0,    0,    0, THERMO PARAMS, 76, 1253, 1682, N, 10, DT, -999, SHR82, -99, 
EP, 16, 2026092218, 03, HFSA,  66, 178N, 1228W,  69,  974, XX,  64, NEQ,   18,    0,   16,   16,  998,   48,  14,   0,   0,    ,   0,    ,  38,   4,           ,  ,  0,    ,    0,    0,    0,    0, THERMO PARAMS, 76, 1253, 1682, N, 10, DT, -999, SHR82, -99, 
EP, 16, 2026092218, 03, HFSA,  72, 181N, 1226W,  61,  980, XX,  34, NEQ,   89,   76,   81,  104,  996,   33,  21,   0,   0,    ,   0,    , 360,   3,           ,  ,  0,    ,    0,    0,    0,    0, THERMO PARAMS, 68, 1266, 2104, N, 10, DT, -999, SHR82, -99, 
EP, 16, 2026092218, 03, HFSA,  72, 181N, 1226W,  61,  980, XX,  50, NEQ,   36,   31,   34,   40,  996,   33,  21,   0,   0,    ,   0,    , 360,   3,           ,  ,  0,    ,    0,    0,    0,    0, THERMO PARAMS, 68, 1266, 2104, N, 10, DT, -999, SHR82, -99, 
EP, 16, 2026092218, 03, HFSA,  78, 184N, 1224W,  72,  978, XX,  34, NEQ,   92,   73,   91,   99, 1002,   76,  19,   0,   0,    ,   0,    ,  17,   4,           ,  ,  0,    ,    0,    0,    0,    0, THERMO PARAMS, 63, 1291, 1392, N, 10, DT, -999, SHR82, -99, 
EP, 16, 2026092218, 03, HFSA,  78, 184N, 1224W,  72,  978, XX,  50, NEQ,   40,   31,   37,   52, 1002,   76,  19,   0,   0,    ,   0,    ,  17,   4,           ,  ,  0,    ,    0,    0,    0,    0, THERMO PARAMS, 63, 1291, 1392, N, 10, DT, -999, SHR82, -99, 
EP, 16, 2026092218, 03, HFSA,  78, 184N, 1224W,  72,  978, XX,  64, NEQ,    0,    0,   24,   24, 1002,   76,  19,   0,   0,    ,   0,    ,  17,   4,           ,  ,  0,    ,    0,    0,    0,    0, THERMO PARAMS, 63, 1291, 1392, N, 10, DT, -999, SHR82, -99, 
EP, 16, 2026092218, 03, HFSA,  84, 187N, 1225W,  69,  980, XX,  34, NEQ,   89,   70,   73,   94, 1008,  141,  20,   0,   0,    ,   0,    , 328,   4,           ,  ,  0,    ,    0,    0,    0,    0, THERMO PARAMS, 86, 1060, 1542, N, 10, DT, -999, SHR82, -99, 
EP, 16, 2026092218, 03, HFSA,  84, 187N, 1225W,  69,  980, XX,  50, NEQ,   39,   32,   36,   40, 1008,  141,  20,   0,   0,    ,   0,    , 328,   4,           ,  ,  0,    ,    0,    0,    0,    0, THERMO PARAMS, 86, 1060, 1542, N, 10, DT, -999, SHR82, -99, 
EP, 16, 2026092218, 03, HFSA,  84, 187N, 1225W,  69,  980, XX,  64, NEQ,   23,    0,    0,   23, 1008,  141,  20,   0,   0,    ,   0,    , 328,   4,           ,  ,  0,    ,    0,    0,    0,    0, THERMO PARAMS, 86, 1060, 1542, N, 10, DT, -999, SHR82, -99, 
EP, 16, 2026092218, 03, HFSA,  90, 191N, 1228W,  72,  976, XX,  34, NEQ,   96,   74,   68,   91, 1000,   57,  19,   0,   0,    ,   0,    , 326,   6,           ,  ,  0,    ,    0,    0,    0,    0, THERMO PARAMS, 57, 1252, 1482, N, 10, DT, -999, SHR82, -99, 
EP, 16, 2026092218, 03, HFSA,  90, 191N, 1228W,  72,  976, XX,  50, NEQ,   37,   29,   36,   37, 1000,   57,  19,   0,   0,    ,   0,    , 326,   6,           ,  ,  0,    ,    0,    0,    0,    0, THERMO PARAMS, 57, 1252, 1482, N, 10, DT, -999, SHR82, -99, 
EP, 16, 2026092218, 03, HFSA,  90, 191N, 1228W,  72,  976, XX,  64, NEQ,   21,    0,   19,   23, 1000,   57,  19,   0,   0,    ,   0,    , 326,   6,           ,  ,  0,    ,    0,    0,    0,    0, THERMO PARAMS, 57, 1252, 1482, N, 10, DT, -999, SHR82, -99, 
EP, 16, 2026092218, 03, HFSA,  96, 195N, 1230W,  69,  978, XX,  34, NEQ,   74,   60,   70,   81,  994,   29,  16,   0,   0,    ,   0,    , 331,   6,           ,  ,  0,    ,    0,    0,    0,    0, THERMO PARAMS, 51, 1313, 1495, N, 10, DT, -999, SHR82, -99, 
EP, 16, 2026092218, 03, HFSA,  96, 195N, 1230W,  69,  978, XX,  50, NEQ,   36,   28,   31,   37,  994,   29,  16,   0,   0,    ,   0,    , 331,   6,           ,  ,  0,    ,    0,    0,    0,    0, THERMO PARAMS, 51, 1313, 1495, N, 10, DT, -999, SHR82, -99, 
EP, 16, 2026092218, 03, HFSA,  96, 195N, 1230W,  69,  978, XX,  64, NEQ,   19,    0,   19,   16,  994,   29,  16,   0,   0,    ,   0,    , 331,   6,           ,  ,  0,    ,    0,    0,    0,    0, THERMO PARAMS, 51, 1313, 1495, N, 10, DT, -999, SHR82, -99, 
EP, 16, 2026092218, 03, HFSA, 102, 201N, 1231W,  70,  979, XX,  34, NEQ,   74,   60,   65,   79, 1003,   88,  16,   0,   0,    ,   0,    , 346,   6,           ,  ,  0,    ,    0,    0,    0,    0, THERMO PARAMS, 67, 947, 1317, N, 10, DT, -999, SHR82, -99, 
EP, 16, 2026092218, 03, HFSA, 102, 201N, 1231W,  70,  979, XX,  50, NEQ,   32,   28,   28,   36, 1003,   88,  16,   0,   0,    ,   0,    , 346,   6,           ,  ,  0,    ,    0,    0,    0,    0, THERMO PARAMS, 67, 947, 1317, N, 10, DT, -999, SHR82, -99, 
EP, 16, 2026092218, 03, HFSA, 102, 201N, 1231W,  70,  979, XX,  64, NEQ,   21,    0,   16,   21, 1003,   88,  16,   0,   0,    ,   0,    , 346,   6,           ,  ,  0,    ,    0,    0,    0,    0, THERMO PARAMS, 67, 947, 1317, N, 10, DT, -999, SHR82, -99, 
EP, 16, 2026092218, 03, HFSA, 108, 206N, 1233W,  57,  988, XX,  34, NEQ,   73,   55,   60,   71,  996,   25,  23,   0,   0,    ,   0,    , 334,   6,           ,  ,  0,    ,    0,    0,    0,    0, THERMO PARAMS, 51, 1509, 509, N, 10, DT, -999, SHR82, -99, 
EP, 16, 2026092218, 03, HFSA, 108, 206N, 1233W,  57,  988, XX,  50, NEQ,   34,    0,   21,   31,  996,   25,  23,   0,   0,    ,   0,    , 334,   6,           ,  ,  0,    ,    0,    0,    0,    0, THERMO PARAMS, 51, 1509, 509, N, 10, DT, -999, SHR82, -99, 
EP, 16, 2026092218, 03, HFSA, 114, 210N, 1236W,  44,  991, XX,  34, NEQ,   62,   49,   49,   58, 1003,   59,  26,   0,   0,    ,   0,    , 341,   5,           ,  ,  0,    ,    0,    0,    0,    0, THERMO PARAMS, 31, 1768, 389, N, 10, DT, -999, SHR82, -99, 
EP, 16, 2026092218, 03, HFSA, 120, 212N, 1238W,  38,  996, XX,  34, NEQ,   44,    0,   42,   52, 1008,   88,  26,   0,   0,    ,   0,    , 338,   4,           ,  ,  0,    ,    0,    0,    0,    0, THERMO PARAMS, -7, 1735, -126, N, 10, DT, -999, SHR82, -99, 
EP, 16, 2026092218, 03, HFSA, 126, 214N, 1240W,  38,  995, XX,  34, NEQ,   53,    0,   50,   60,  999,   22,  38,   0,   0,    ,   0,    , -99, -99,           ,  ,  0,    ,    0,    0,    0,    0, THERMO PARAMS, -4, 1300, 315, N, 10, DT, -999, SHR82, -99, 
EP, 16, 2026092218, 03, TVCN,   0, 150N, 1304W,   0,    0,   ,   0,    ,    0,    0,    0,    0, 
EP, 16, 2026092218, 03, TVCN,  12, 153N, 1290W,   0,    0,   ,   0,    ,    0,    0,    0,    0, 
EP, 16, 2026092218, 03, TVCN,  24, 155N, 1277W,   0,    0,   ,   0,    ,    0,    0,    0,    0, 
EP, 16, 2026092218, 03, TVCN,  36, 159N, 1264W,   0,    0,   ,   0,    ,    0,    0,    0,    0, 
EP, 16, 2026092218, 03, TVCN,  48, 165N, 1253W,   0,    0,   ,   0,    ,    0,    0,    0,    0, 
EP, 16, 2026092218, 03, TVCN,  60, 172N, 1243W,   0,    0,   ,   0,    ,    0,    0,    0,    0, 
EP, 16, 2026092218, 03, TVCN,  72, 178N, 1238W,   0,    0,   ,   0,    ,    0,    0,    0,    0, 
EP, 16, 2026092218, 03, TVCN,  84, 183N, 1237W,   0,    0,   ,   0,    ,    0,    0,    0,    0, 
EP, 16, 2026092218, 03, TVCN,  96, 188N, 1238W,   0,    0,   ,   0,    ,    0,    0,    0,    0, 
EP, 16, 2026092218, 03, TVCN, 108, 194N, 1238W,   0,    0,   ,   0,    ,    0,    0,    0,    0, 
EP, 16, 2026092218, 03, TVCN, 120, 198N, 1237W,   0,    0,   ,   0,    ,    0,    0,    0,    0, 
EP, 16, 2026092218, 03, TVCN, 132, 200N, 1235W,   0,    0,   ,   0,    ,    0,    0,    0,    0, 
EP, 16, 2026092218, 03, TVCN, 144, 199N, 1224W,   0,    0,   ,   0,    ,    0,    0,    0,    0, 
EP, 16, 2026092218, 03, TVCN, 156, 192N, 1221W,   0,    0,   ,   0,    ,    0,    0,    0,    0, 
EP, 16, 2026092218, 03, TVCN, 168, 184N, 1220W,   0,    0,   ,   0,    ,    0,    0,    0,    0, 
EP, 16, 2026092300, 03,  UKX,   0, 152N, 1294W,  42,  996, XX,  34, NEQ,   81,   98,   72,   75, 
EP, 16, 2026092300, 03,  UKX,   6, 154N, 1287W,  46,  997, XX,  34, NEQ,  100,  120,   68,   76, 
EP, 16, 2026092300, 03,  UKX,  12, 155N, 1280W,  49,  994, XX,  34, NEQ,  116,  116,   78,   81, 
EP, 16, 2026092300, 03,  UKX,  18, 157N, 1272W,  49,  995, XX,  34, NEQ,   95,  123,   87,   82, 
EP, 16, 2026092300, 03,  UKX,  24, 159N, 1267W,  43,  995, XX,  34, NEQ,   92,  127,   70,   85, 
EP, 16, 2026092300, 03,  UKX,  30, 161N, 1261W,  44,  996, XX,  34, NEQ,  103,  120,   66,   72, 
EP, 16, 2026092300, 03,  UKX,  36, 164N, 1255W,  42,  995, XX,  34, NEQ,  108,   96,   68,   55, 
EP, 16, 2026092300, 03,  UKX,  42, 168N, 1248W,  44,  997, XX,  34, NEQ,   94,  103,   42,   59, 
EP, 16, 2026092300, 03,  UKX,  48, 173N, 1243W,  40,  996, XX,  34, NEQ,   90,   88,   65,   83, 
EP, 16, 2026092300, 03,  UKX,  54, 175N, 1237W,  42,  998, XX,  34, NEQ,  102,   88,   64,   74, 
EP, 16, 2026092300, 03,  UKX,  60, 181N, 1231W,  42,  996, XX,  34, NEQ,   86,  106,   56,   68, 
EP, 16, 2026092300, 03,  UKX,  66, 184N, 1228W,  39,  999, XX,  34, NEQ,   98,   52,   57,   80, 
EP, 16, 2026092300, 03,  UKX,  72, 188N, 1226W,  39,  997, XX,  34, NEQ,   84,    0,   68,   73, 
EP, 16, 2026092300, 03,  UKX,  78, 189N, 1227W,  36, 1000, XX,  34, NEQ,   71,    0,   66,   74, 
EP, 16, 2026092300, 03,  UKX,  84, 194N, 1230W,  35,  999, XX,  34, NEQ,    0,    0,    0,   46, 
EP, 16, 2026092300, 03,  UKX,  90, 197N, 1233W,  33, 1002, XX,  34, NEQ,    0,    0,    0,    0, 
EP, 16, 2026092300, 03,  UKX,  96, 202N, 1236W,  31, 1000, XX,  34, NEQ,    0,    0,    0,    0, 
EP, 16, 2026092300, 03,  UKX, 102, 207N, 1238W,  30, 1003, XX,  34, NEQ,    0,    0,    0,    0, 
EP, 16, 2026092300, 03,  UKX, 108, 214N, 1241W,  28, 1002, XX,  34, NEQ,    0,    0,    0,    0, 
EP, 16, 2026092300, 03,  UKX, 114, 216N, 1244W,  30, 1005, XX,  34, NEQ,    0,    0,    0,    0, 
EP, 16, 2026092300, 03,  UKX, 120, 217N, 1247W,  30, 1003, XX,  34, NEQ,    0,    0,    0,    0, 
EP, 16, 2026092300, 03,  UKX, 126, 217N, 1251W,  27, 1007, XX,  34, NEQ,    0,    0,    0,    0, 
EP, 16, 2026092300, 03,  UKX, 132, 215N, 1254W,  26, 1006, XX,  34, NEQ,    0,    0,    0,    0, 
EP, 16, 2026092300, 03,  UKX, 138, 210N, 1258W,  28, 1008, XX,  34, NEQ,    0,    0,    0,    0, 
EP, 16, 2026092300, 03,  UKX, 144, 204N, 1262W,  26, 1006, XX,  34, NEQ,    0,    0,    0,    0, 
EP, 16, 2026092300, 03, AVNO,   0, 155N, 1290W,  53,  988, XX,  34, NEQ,   74,  101,   67,   56, 1008,  167,  34,   0,   0, 
EP, 16, 2026092300, 03, AVNO,   0, 155N, 1290W,  53,  988, XX,  50, NEQ,   34,    0,    0,    0, 1008,  167,  34,   0,   0, 
EP, 16, 2026092300, 03, AVNO,   6, 158N, 1285W,  54,  990, XX,  34, NEQ,   86,   89,   76,   83, 1010,  133,  28,   0,   0, 
EP, 16, 2026092300, 03, AVNO,   6, 158N, 1285W,  54,  990, XX,  50, NEQ,   43,    0,    0,   37, 1010,  133,  28,   0,   0, 
EP, 16, 2026092300, 03, AVNO,  12, 159N, 1279W,  53,  985, XX,  34, NEQ,   92,   99,   79,   94, 1009,  234,  40,   0,   0, 
EP, 16, 2026092300, 03, AVNO,  12, 159N, 1279W,  53,  985, XX,  50, NEQ,   42,   43,    0,   49, 1009,  234,  40,   0,   0, 
EP, 16, 2026092300, 03, AVNO,  18, 159N, 1274W,  56,  989, XX,  34, NEQ,   90,  100,   80,   92, 1009,  129,  28,   0,   0, 
EP, 16, 2026092300, 03, AVNO,  18, 159N, 1274W,  56,  989, XX,  50, NEQ,   45,    0,    0,   45, 1009,  129,  28,   0,   0, 
EP, 16, 2026092300, 03, AVNO,  24, 157N, 1270W,  63,  987, XX,  34, NEQ,   95,   77,   90,   88, 1007,  131,  33,   0,   0, 
EP, 16, 2026092300, 03, AVNO,  24, 157N, 1270W,  63,  987, XX,  50, NEQ,    0,   47,   47,   45, 1007,  131,  33,   0,   0, 
EP, 16, 2026092300, 03, AVNO,  30, 158N, 1262W,  44,  992, XX,  34, NEQ,   56,   73,   79,   78, 1008,  102,  49,   0,   0, 
EP, 16, 2026092300, 03, AVNO,  36, 161N, 1256W,  41,  992, XX,  34, NEQ,   55,   73,   56,   64, 1008,  167,  30,   0,   0, 
EP, 16, 2026092300, 03, AVNO,  42, 164N, 1250W,  42,  995, XX,  34, NEQ,   57,   69,   55,   59, 1011,  200,  29,   0,   0, 
EP, 16, 2026092300, 03, AVNO,  48, 167N, 1245W,  40,  993, XX,  34, NEQ,   62,   59,   62,   68, 1009,  330,  52,   0,   0, 
EP, 16, 2026092300, 03, AVNO,  54, 170N, 1238W,  47,  996, XX,  34, NEQ,   61,   58,   61,   62, 1008,   98,  32,   0,   0, 
EP, 16, 2026092300, 03, AVNO,  60, 172N, 1235W,  40,  994, XX,  34, NEQ,   46,   54,   60,   59, 1006,   96,  33,   0,   0, 
EP, 16, 2026092300, 03, AVNO,  66, 175N, 1231W,  37,  997, XX,  34, NEQ,   38,    0,   55,   66, 1009,  134,  49,   0,   0, 
EP, 16, 2026092300, 03, AVNO,  72, 178N, 1231W,  43,  994, XX,  34, NEQ,   71,   49,   58,   72, 1006,  133,  32,   0,   0, 
EP, 16, 2026092300, 03, AVNO,  78, 179N, 1231W,  36,  998, XX,  34, NEQ,   37,    0,    0,   57, 1006,   70,  38,   0,   0, 
EP, 16, 2026092300, 03, AVNO,  84, 182N, 1231W,  32,  996, XX,  34, NEQ,    0,    0,    0,    0, 1004,   82,  51,   0,   0, 
EP, 16, 2026092300, 03, AVNO,  90, 186N, 1232W,  34,  999, XX,  34, NEQ,    0,    0,    0,    0, 1007,   93,  40,   0,   0, 
EP, 16, 2026092300, 03, AVNO,  96, 190N, 1235W,  37,  996, XX,  34, NEQ,   58,    0,   39,   64, 1004,  108,  32,   0,   0, 
EP, 16, 2026092300, 03, AVNO, 102, 192N, 1237W,  37,  999, XX,  34, NEQ,   53,    0,   47,   48, 1007,   99,  33,   0,   0, 
EP, 16, 2026092300, 03, AVNO, 108, 192N, 1238W,  29,  998, XX,  34, NEQ,    0,    0,    0,    0, 1002,   35,  59,   0,   0, 
EP, 16, 2026092300, 03, AVNO, 114, 191N, 1240W,  27, 1002, XX,  34, NEQ,    0,    0,    0,    0, 1006,   41,  36,   0,   0, 
EP, 16, 2026092300, 03, AVNO, 120, 188N, 1240W,  27, 1000, XX,  34, NEQ,    0,    0,    0,    0, 1004,   47,  39,   0,   0, 
EP, 16, 2026092300, 03, AVNO, 126, 184N, 1236W,  30, 1003, XX,  34, NEQ,    0,    0,    0,    0, 1007,   68,  38,   0,   0, 
EP, 16, 2026092300, 03, AVNO, 132, 180N, 1230W,  28, 1001, XX,  34, NEQ,    0,    0,    0,    0, 1005,   60,  43,   0,   0, 
EP, 16, 2026092300, 03, AVNO, 138, 176N, 1221W,  27, 1004, XX,  34, NEQ,    0,    0,    0,    0,  -99,  -99,  37,   0,   0, 
EP, 16, 2026092300, 03, AVNO, 144, 171N, 1211W,  27, 1001, XX,  34, NEQ,    0,    0,    0,    0,  -99,  -99,  43,   0,   0, 
EP, 16, 2026092300, 03, AVNO, 150, 166N, 1200W,  28, 1004, XX,  34, NEQ,    0,    0,    0,    0,  -99,  -99,  35,   0,   0, 
EP, 16, 2026092300, 03, AVNO, 156, 161N, 1189W,  28, 1002, XX,  34, NEQ,    0,    0,    0,    0,  -99,  -99,  32,   0,   0, 
EP, 16, 2026092300, 03, AVNO, 162, 157N, 1177W,  25, 1005, XX,  34, NEQ,    0,    0,    0,    0,  -99,  -99,  35,   0,   0, 
EP, 16, 2026092300, 03, AVNO, 168, 154N, 1164W,  26, 1002, XX,  34, NEQ,    0,    0,    0,    0,  -99,  -99,  29,   0,   0, 
EP, 16, 2026092300, 03, AVNO, 174, 149N, 1152W,  30, 1004, XX,  34, NEQ,    0,    0,    0,    0,  -99,  -99,  29,   0,   0, 
EP, 16, 2026092300, 03, AVNO, 180, 148N, 1144W,  29, 1003, XX,  34, NEQ,    0,    0,    0,    0,  -99,  -99,  20,   0,   0, 
EP, 16, 2026092300, 03, AVNO, 186, 145N, 1134W,  32, 1006, XX,  34, NEQ,    0,    0,    0,    0,  -99,  -99, 125,   0,   0, 
EP, 16, 2026092300, 03, AVNO, 192, 143N, 1121W,  35, 1002, XX,  34, NEQ,    0,    0,   12,    0,  -99,  -99,  10,   0,   0, 
EP, 16, 2026092300, 03, AVNO, 198, 144N, 1122W,  34, 1003, XX,  34, NEQ,    0,    0,   61,    0,  -99,  -99,  61,   0,   0, 
EP, 16, 2026092300, 03, AVNO, 204, 144N, 1119W,  35,  999, XX,  34, NEQ,    0,   24,   26,    0, 1003,   39,  24,   0,   0, 
EP, 16, 2026092300, 03, AVNO, 210, 148N, 1114W,  40,  999, XX,  34, NEQ,    0,   45,   35,    0, 1003,   24,  22,   0,   0, 
EP, 16, 2026092300, 03, AVNO, 216, 154N, 1112W,  34,  997, XX,  34, NEQ,    0,    0,    0,    0, 1001,   38,  55,   0,   0, 
EP, 16, 2026092300, 03, AVNO, 222, 157N, 1113W,  31, 1000, XX,  34, NEQ,    0,    0,    0,    0, 1004,   62, 149,   0,   0, 
EP, 16, 2026092300, 03, AVNO, 228, 158N, 1114W,  32,  998, XX,  34, NEQ,    0,    0,    0,    0, 1002,   72, 145,   0,   0, 
EP, 16, 2026092300, 03, AVNO, 234, 157N, 1116W,  34, 1000, XX,  34, NEQ,    0,  162,    0,    0, 1004,  107, 162,   0,   0, 
EP, 16, 2026092300, 03, AVNO, 240, 159N, 1113W,  37,  996, XX,  34, NEQ,    0,   70,  112,    0, 1000,   62,  30,   0,   0, 
EP, 16, 2026092300, 03, HCCA,   0, 153N, 1294W,  60,    0,   ,   0,    ,    0,    0,    0,    0, 
EP, 16, 2026092300, 03, HCCA,  12, 155N, 1279W,  63,    0,   ,   0,    ,    0,    0,    0,    0, 
EP, 16, 2026092300, 03, HCCA,  24, 158N, 1265W,  64,    0,   ,   0,    ,    0,    0,    0,    0, 
EP, 16, 2026092300, 03, HCCA,  36, 164N, 1251W,  71,    0,   ,   0,    ,    0,    0,    0,    0, 
EP, 16, 2026092300, 03, HCCA,  48, 172N, 1239W,  72,    0,   ,   0,    ,    0,    0,    0,    0, 
EP, 16, 2026092300, 03, HCCA,  60, 179N, 1230W,  66,    0,   ,   0,    ,    0,    0,    0,    0, 
EP, 16, 2026092300, 03, HCCA,  72, 186N, 1226W,  63,    0,   ,   0,    ,    0,    0,    0,    0, 
EP, 16, 2026092300, 03, HCCA,  84, 193N, 1225W,  59,    0,   ,   0,    ,    0,    0,    0,    0, 
EP, 16, 2026092300, 03, HCCA,  96, 202N, 1227W,  52,    0,   ,   0,    ,    0,    0,    0,    0, 
EP, 16, 2026092300, 03, HCCA, 108, 210N, 1228W,  41,    0,   ,   0,    ,    0,    0,    0,    0, 
EP, 16, 2026092300, 03, HCCA, 120, 215N, 1229W,  35,    0,   ,   0,    ,    0,    0,    0,    0, 
EP, 16, 2026092300, 03, HCCA, 132, 212N, 1228W,  31,    0,   ,   0,    ,    0,    0,    0,    0, 
EP, 16, 2026092300, 03, HCCA, 144, 203N, 1225W,  29,    0,   ,   0,    ,    0,    0,    0,    0, 
EP, 16, 2026092300, 03, HCCA, 156, 198N, 1223W,  29,    0,   ,   0,    ,    0,    0,    0,    0, 
EP, 16, 2026092300, 03, HCCA, 168, 195N, 1219W,  33,    0,   ,   0,    ,    0,    0,    0,    0, 
EP, 16, 2026092300, 03, HFSA,   0, 153N, 1294W,  61,  993, XX,  34, NEQ,  123,  139,  128,  115, 1005,   74,  27,   0,   0,    ,   0,    ,  71,   9,           ,  ,  0,    ,    0,    0,    0,    0, THERMO PARAMS, 16, 729, 856, N, 10, DT, -999, SHR82, -99, 
EP, 16, 2026092300, 03, HFSA,   0, 153N, 1294W,  61,  993, XX,  50, NEQ,   60,   70,   42,   57, 1005,   74,  27,   0,   0,    ,   0,    ,  71,   9,           ,  ,  0,    ,    0,    0,    0,    0, THERMO PARAMS, 16, 729, 856, N, 10, DT, -999, SHR82, -99, 
EP, 16, 2026092300, 03, HFSA,   6, 155N, 1289W,  55,  989, XX,  34, NEQ,  126,  115,   84,  118,  997,   33,  41,   0,   0,    ,   0,    ,  73,   6,           ,  ,  0,    ,    0,    0,    0,    0, THERMO PARAMS, -17, 1151, 1032, N, 10, DT, -999, SHR82, -99, 
EP, 16, 2026092300, 03, HFSA,   6, 155N, 1289W,  55,  989, XX,  50, NEQ,   50,   60,    0,   47,  997,   33,  41,   0,   0,    ,   0,    ,  73,   6,           ,  ,  0,    ,    0,    0,    0,    0, THERMO PARAMS, -17, 1151, 1032, N, 10, DT, -999, SHR82, -99, 
EP, 16, 2026092300, 03, HFSA,  12, 156N, 1281W,  64,  985, XX,  34, NEQ,  110,  123,  104,  105,  989,   18,  35,   0,   0,    ,   0,    ,  74,   8,           ,  ,  0,    ,    0,    0,    0,    0, THERMO PARAMS, 32, 1190, 985, N, 10, DT, -999, SHR82, -99, 
EP, 16, 2026092300, 03, HFSA,  12, 156N, 1281W,  64,  985, XX,  50, NEQ,   50,   63,   53,   40,  989,   18,  35,   0,   0,    ,   0,    ,  74,   8,           ,  ,  0,    ,    0,    0,    0,    0, THERMO PARAMS, 32, 1190, 985, N, 10, DT, -999, SHR82, -99, 
EP, 16, 2026092300, 03, HFSA,  18, 157N, 1277W,  59,  990, XX,  34, NEQ,  107,  120,   81,   99,  994,   21,  30,   0,   0,    ,   0,    ,  83,   6,           ,  ,  0,    ,    0,    0,    0,    0, THERMO PARAMS, 61, 1047, 981, N, 10, DT, -999, SHR82, -99, 
EP, 16, 2026092300, 03, HFSA,  18, 157N, 1277W,  59,  990, XX,  50, NEQ,   66,   50,   50,   63,  994,   21,  30,   0,   0,    ,   0,    ,  83,   6,           ,  ,  0,    ,    0,    0,    0,    0, THERMO PARAMS, 61, 1047, 981, N, 10, DT, -999, SHR82, -99, 
EP, 16, 2026092300, 03, HFSA,  24, 157N, 1273W,  55,  989, XX,  34, NEQ,  126,  107,   91,  100,  993,   21,  46,   0,   0,    ,   0,    , 101,   7,           ,  ,  0,    ,    0,    0,    0,    0, THERMO PARAMS, 36, 1082, 419, N, 10, DT, -999, SHR82, -99, 
EP, 16, 2026092300, 03, HFSA,  24, 157N, 1273W,  55,  989, XX,  50, NEQ,    0,    0,   44,   53,  993,   21,  46,   0,   0,    ,   0,    , 101,   7,           ,  ,  0,    ,    0,    0,    0,    0, THERMO PARAMS, 36, 1082, 419, N, 10, DT, -999, SHR82, -99, 
EP, 16, 2026092300, 03, HFSA,  30, 156N, 1265W,  51,  992, XX,  34, NEQ,  115,  102,   92,   99,  996,   21,  45,   0,   0,    ,   0,    ,  82,   6,           ,  ,  0,    ,    0,    0,    0,    0, THERMO PARAMS, 17, 1088, 699, N, 10, DT, -999, SHR82, -99, 
EP, 16, 2026092300, 03, HFSA,  36, 159N, 1259W,  49,  992, XX,  34, NEQ,   74,  110,   74,   68, 1004,   90,  30,   0,   0,    ,   0,    ,  62,   7,           ,  ,  0,    ,    0,    0,    0,    0, THERMO PARAMS, 52, 819, 625, N, 10, DT, -999, SHR82, -99, 
EP, 16, 2026092300, 03, HFSA,  42, 163N, 1254W,  48,  993, XX,  34, NEQ,   92,  112,   94,   60,  997,   38,  38,   0,   0,    ,   0,    ,  50,   6,           ,  ,  0,    ,    0,    0,    0,    0, THERMO PARAMS, 62, 586, 782, N, 10, DT, -999, SHR82, -99, 
EP, 16, 2026092300, 03, HFSA,  48, 166N, 1249W,  49,  990, XX,  34, NEQ,   91,   97,   71,   86,  994,   32,  27,   0,   0,    ,   0,    ,  61,   5,           ,  ,  0,    ,    0,    0,    0,    0, THERMO PARAMS, 70, 1021, 457, N, 10, DT, -999, SHR82, -99, 
EP, 16, 2026092300, 03, HFSA,  54, 169N, 1242W,  63,  991, XX,  34, NEQ,   86,   86,   78,   92,  995,    8,  28,   0,   0,    ,   0,    ,  54,   5,           ,  ,  0,    ,    0,    0,    0,    0, THERMO PARAMS, 56, 792, 885, N, 10, DT, -999, SHR82, -99, 
EP, 16, 2026092300, 03, HFSA,  54, 169N, 1242W,  63,  991, XX,  50, NEQ,   52,    0,    0,   34,  995,    8,  28,   0,   0,    ,   0,    ,  54,   5,           ,  ,  0,    ,    0,    0,    0,    0, THERMO PARAMS, 56, 792, 885, N, 10, DT, -999, SHR82, -99, 
EP, 16, 2026092300, 03, HFSA,  60, 173N, 1242W,  52,  989, XX,  34, NEQ,   92,   60,   63,   79,  997,   33,  53,   0,   0,    ,   0,    ,  24,   3,           ,  ,  0,    ,    0,    0,    0,    0, THERMO PARAMS, 95, 781, 580, N, 10, DT, -999, SHR82, -99, 
EP, 16, 2026092300, 03, HFSA,  66, 175N, 1242W,  50,  993, XX,  34, NEQ,  112,   55,   74,  102,  997,   18,  47,   0,   0,    ,   0,    , 343,   3,           ,  ,  0,    ,    0,    0,    0,    0, THERMO PARAMS, 29, 909, 653, N, 10, DT, -999, SHR82, -99, 
EP, 16, 2026092300, 03, HFSA,  72, 176N, 1243W,  44,  992, XX,  34, NEQ,  110,   52,   76,   99, 1004,   93,  40,   0,   0,    ,   0,    , 349,   1,           ,  ,  0,    ,    0,    0,    0,    0, THERMO PARAMS, 2, 800, 753, N, 10, DT, -999, SHR82, -99, 
EP, 16, 2026092300, 03, HFSA,  78, 177N, 1244W,  38,  995, XX,  34, NEQ,   57,   62,    0,   84, 1003,   57,  73,   0,   0,    ,   0,    , 331,   3,           ,  ,  0,    ,    0,    0,    0,    0, THERMO PARAMS, 73, 682, 632, N, 10, DT, -999, SHR82, -99, 
EP, 16, 2026092300, 03, HFSA,  84, 182N, 1247W,  47,  990, XX,  34, NEQ,   57,   60,   52,   66,  -99,  -99,  30,   0,   0,    ,   0,    , 325,   6,           ,  ,  0,    ,    0,    0,    0,    0, THERMO PARAMS, 45, 689, 680, N, 10, DT, -999, SHR82, -99, 
EP, 16, 2026092300, 03, HFSA,  90, 186N, 1250W,  41,  995, XX,  34, NEQ,   84,   52,   57,   81, 1003,   55,  33,   0,   0,    ,   0,    , 326,   7,           ,  ,  0,    ,    0,    0,    0,    0, THERMO PARAMS, -19, 975, 319, N, 10, DT, -999, SHR82, -99, 
EP, 16, 2026092300, 03, HFSA,  96, 191N, 1254W,  41,  994, XX,  34, NEQ,   92,   55,   58,   74,  998,   30,  40,   0,   0,    ,   0,    , 337,   7,           ,  ,  0,    ,    0,    0,    0,    0, THERMO PARAMS, 19, 1151, 179, N, 10, DT, -999, SHR82, -99, 
EP, 16, 2026092300, 03, HFSA, 102, 198N, 1260W,  51,  996, XX,  34, NEQ,   99,   66,   50,   73,  -99,  -99,  36,   0,   0,    ,   0,    , 316,   8,           ,  ,  0,    ,    0,    0,    0,    0, THERMO PARAMS, -15, 598, 581, N, 10, DT, -999, SHR82, -99, 
EP, 16, 2026092300, 03, HFSA, 102, 198N, 1260W,  51,  996, XX,  50, NEQ,    0,    0,    0,   36,  -99,  -99,  36,   0,   0,    ,   0,    , 316,   8,           ,  ,  0,    ,    0,    0,    0,    0, THERMO PARAMS, -15, 598, 581, N, 10, DT, -999, SHR82, -99, 
EP, 16, 2026092300, 03, HFSA, 108, 203N, 1266W,  41,  997, XX,  34, NEQ,   71,    0,    0,   68, 1001,   35,  51,   0,   0,    ,   0,    , 316,   8,           ,  ,  0,    ,    0,    0,    0,    0, THERMO PARAMS, 20, 267, 684, N, 10, DT, -999, SHR82, -99, 
EP, 16, 2026092300, 03, HFSA, 114, 207N, 1272W,  41, 1000, XX,  34, NEQ,   74,    0,   42,   71,  -99,  -99,  61,   0,   0,    ,   0,    , 317,   8,           ,  ,  0,    ,    0,    0,    0,    0, THERMO PARAMS, -25, 370, 448, N, 10, DT, -999, SHR82, -99, 
EP, 16, 2026092300, 03, HFSA, 120, 211N, 1279W,  49,  995, XX,  34, NEQ,   84,    0,   44,   79,  999,    9,  38,   0,   0,    ,   0,    , 311,   7,           ,  ,  0,    ,    0,    0,    0,    0, THERMO PARAMS, -50, 655, 453, N, 10, DT, -999, SHR82, -99, 
EP, 16, 2026092300, 03, HFSA, 126, 213N, 1285W,  41, 1001, XX,  34, NEQ,   96,    0,    0,   71, 1005,   38,  82,   0,   0,    ,   0,    , -99, -99,           ,  ,  0,    ,    0,    0,    0,    0, THERMO PARAMS, -30, 569, 250, N, 10, DT, -999, SHR82, -99, 
EP, 16, 2026092300, 03, TVCN,   0, 153N, 1294W,   0,    0,   ,   0,    ,    0,    0,    0,    0, 
EP, 16, 2026092300, 03, TVCN,  12, 156N, 1280W,   0,    0,   ,   0,    ,    0,    0,    0,    0, 
EP, 16, 2026092300, 03, TVCN,  24, 158N, 1267W,   0,    0,   ,   0,    ,    0,    0,    0,    0, 
EP, 16, 2026092300, 03, TVCN,  36, 163N, 1255W,   0,    0,   ,   0,    ,    0,    0,    0,    0, 
EP, 16, 2026092300, 03, TVCN,  48, 170N, 1244W,   0,    0,   ,   0,    ,    0,    0,    0,    0, 
EP, 16, 2026092300, 03, TVCN,  60, 178N, 1237W,   0,    0,   ,   0,    ,    0,    0,    0,    0, 
EP, 16, 2026092300, 03, TVCN,  72, 184N, 1234W,   0,    0,   ,   0,    ,    0,    0,    0,    0, 
EP, 16, 2026092300, 03, TVCN,  84, 190N, 1235W,   0,    0,   ,   0,    ,    0,    0,    0,    0, 
EP, 16, 2026092300, 03, TVCN,  96, 196N, 1237W,   0,    0,   ,   0,    ,    0,    0,    0,    0, 
EP, 16, 2026092300, 03, TVCN, 108, 202N, 1238W,   0,    0,   ,   0,    ,    0,    0,    0,    0, 
EP, 16, 2026092300, 03, TVCN, 120, 205N, 1239W,   0,    0,   ,   0,    ,    0,    0,    0,    0, 
EP, 16, 2026092300, 03, TVCN, 132, 206N, 1239W,   0,    0,   ,   0,    ,    0,    0,    0,    0, 
EP, 16, 2026092300, 03, TVCN, 144, 201N, 1227W,   0,    0,   ,   0,    ,    0,    0,    0,    0, 
EP, 16, 2026092300, 03, TVCN, 156, 194N, 1224W,   0,    0,   ,   0,    ,    0,    0,    0,    0, 
EP, 16, 2026092300, 03, TVCN, 168, 186N, 1220W,   0,    0,   ,   0,    ,    0,    0,    0,    0, 
EP, 16, 2026092306, 03, AVNO,   0, 157N, 1284W,  50,  991, XX,  34, NEQ,   84,   87,   77,   85, 1011,  161,  36,   0,   0, 
EP, 16, 2026092306, 03, AVNO,   6, 157N, 1278W,  54,  985, XX,  34, NEQ,   94,  106,   84,   89, 1009,  220,  42,   0,   0, 
EP, 16, 2026092306, 03, AVNO,   6, 157N, 1278W,  54,  985, XX,  50, NEQ,   35,   45,   42,   53, 1009,  220,  42,   0,   0, 
EP, 16, 2026092306, 03, AVNO,  12, 159N, 1273W,  56,  987, XX,  34, NEQ,  103,  103,   80,   88, 1011,  194,  26,   0,   0, 
EP, 16, 2026092306, 03, AVNO,  12, 159N, 1273W,  56,  987, XX,  50, NEQ,   43,   41,    0,   46, 1011,  194,  26,   0,   0, 
EP, 16, 2026092306, 03, AVNO,  18, 159N, 1267W,  54,  985, XX,  34, NEQ,   90,   90,   85,   89, 1009,  217,  40,   0,   0, 
EP, 16, 2026092306, 03, AVNO,  18, 159N, 1267W,  54,  985, XX,  50, NEQ,    0,   49,   49,   52, 1009,  217,  40,   0,   0, 
EP, 16, 2026092306, 03, AVNO,  24, 161N, 1261W,  52,  990, XX,  34, NEQ,   88,   70,   83,   93, 1010,  144,  38,   0,   0, 
EP, 16, 2026092306, 03, AVNO,  24, 161N, 1261W,  52,  990, XX,  50, NEQ,    0,    0,    0,   46, 1010,  144,  38,   0,   0, 
EP, 16, 2026092306, 03, AVNO,  30, 164N, 1255W,  52,  987, XX,  34, NEQ,   72,   94,   73,   79, 1007,  133,  32,   0,   0, 
EP, 16, 2026092306, 03, AVNO,  30, 164N, 1255W,  52,  987, XX,  50, NEQ,    0,    0,   33,   38, 1007,  133,  32,   0,   0, 
EP, 16, 2026092306, 03, AVNO,  36, 167N, 1251W,  47,  990, XX,  34, NEQ,   79,   84,   72,   71, 1010,  151,  39,   0,   0, 
EP, 16, 2026092306, 03, AVNO,  42, 170N, 1245W,  52,  986, XX,  34, NEQ,   60,   75,   76,   76, 1006,  120,  31,   0,   0, 
EP, 16, 2026092306, 03, AVNO,  42, 170N, 1245W,  52,  986, XX,  50, NEQ,    0,    0,    0,   32, 1006,  120,  31,   0,   0, 
EP, 16, 2026092306, 03, AVNO,  48, 172N, 1238W,  53,  989, XX,  34, NEQ,   76,   70,   60,   79, 1009,  128,  32,   0,   0, 
EP, 16, 2026092306, 03, AVNO,  48, 172N, 1238W,  53,  989, XX,  50, NEQ,    0,    0,    0,   39, 1009,  128,  32,   0,   0, 
EP, 16, 2026092306, 03, AVNO,  54, 178N, 1235W,  53,  988, XX,  34, NEQ,   70,   67,   60,   71, 1008,  158,  30,   0,   0, 
EP, 16, 2026092306, 03, AVNO,  54, 178N, 1235W,  53,  988, XX,  50, NEQ,    0,    0,   31,   38, 1008,  158,  30,   0,   0, 
EP, 16, 2026092306, 03, AVNO,  60, 181N, 1234W,  46,  991, XX,  34, NEQ,   72,   59,   67,   84, 1011,  191,  33,   0,   0, 
EP, 16, 2026092306, 03, AVNO,  66, 184N, 1232W,  48,  989, XX,  34, NEQ,   68,   55,   76,   76, 1005,   98,  30,   0,   0, 
EP, 16, 2026092306, 03, AVNO,  72, 187N, 1229W,  50,  990, XX,  34, NEQ,   70,   60,   56,   65, 1006,   79,  31,   0,   0, 
EP, 16, 2026092306, 03, AVNO,  78, 192N, 1230W,  46,  990, XX,  34, NEQ,   55,   63,   56,   64, 1006,  163,  33,   0,   0, 
EP, 16, 2026092306, 03, AVNO,  84, 197N, 1229W,  47,  993, XX,  34, NEQ,   64,   56,   56,   61, 1005,   65,  28,   0,   0, 
EP, 16, 2026092306, 03, AVNO,  90, 202N, 1229W,  45,  991, XX,  34, NEQ,   67,   51,   58,   66, 1003,   68,  37,   0,   0, 
EP, 16, 2026092306, 03, AVNO,  96, 204N, 1231W,  39,  997, XX,  34, NEQ,   52,   46,   50,   50, 1005,   51,  30,   0,   0, 
EP, 16, 2026092306, 03, AVNO, 102, 206N, 1233W,  36,  996, XX,  34, NEQ,   37,    0,   40,   44, 1004,   68,  40,   0,   0, 
EP, 16, 2026092306, 03, AVNO, 108, 205N, 1235W,  32, 1000, XX,  34, NEQ,    0,    0,    0,    0, 1004,   30,  41,   0,   0, 
EP, 16, 2026092306, 03, AVNO, 114, 203N, 1234W,  31,  999, XX,  34, NEQ,    0,    0,    0,    0, 1003,   36,  48,   0,   0, 
EP, 16, 2026092306, 03, AVNO, 120, 197N, 1233W,  31, 1002, XX,  34, NEQ,    0,    0,    0,    0, 1006,   42,  42,   0,   0, 
EP, 16, 2026092306, 03, AVNO, 126, 192N, 1230W,  29, 1001, XX,  34, NEQ,    0,    0,    0,    0, 1005,   52,  34,   0,   0, 
EP, 16, 2026092306, 03, AVNO, 132, 184N, 1227W,  27, 1004, XX,  34, NEQ,    0,    0,    0,    0, 1008,   63,  33,   0,   0, 
EP, 16, 2026092306, 03, AVNO, 138, 177N, 1223W,  28, 1001, XX,  34, NEQ,    0,    0,    0,    0, 1005,   61,  31,   0,   0, 
EP, 16, 2026092306, 03, AVNO, 144, 169N, 1218W,  26, 1004, XX,  34, NEQ,    0,    0,    0,    0,  -99,  -99,  45,   0,   0, 
EP, 16, 2026092306, 03, AVNO, 150, 161N, 1212W,  27, 1003, XX,  34, NEQ,    0,    0,    0,    0,  -99,  -99,  45,   0,   0, 
EP, 16, 2026092306, 03, AVNO, 156, 152N, 1206W,  24, 1005, XX,  34, NEQ,    0,    0,    0,    0,  -99,  -99,  54,   0,   0, 
EP, 16, 2026092306, 03, AVNO, 162, 145N, 1199W,  24, 1003, XX,  34, NEQ,    0,    0,    0,    0,  -99,  -99,  44,   0,   0, 
EP, 16, 2026092306, 03, AVNO, 168, 139N, 1191W,  23, 1006, XX,  34, NEQ,    0,    0,    0,    0,  -99,  -99,  46,   0,   0, 
EP, 16, 2026092306, 03, AVNO, 174, 135N, 1183W,  23, 1003, XX,  34, NEQ,    0,    0,    0,    0,  -99,  -99,  65,   0,   0, 
EP, 16, 2026092306, 03, AVNO, 180, 133N, 1175W,  24, 1006, XX,  34, NEQ,    0,    0,    0,    0,  -99,  -99,  46,   0,   0, 
EP, 16, 2026092306, 03, AVNO, 186, 132N, 1165W,  26, 1003, XX,  34, NEQ,    0,    0,    0,    0,  -99,  -99,  29,   0,   0, 
EP, 16, 2026092306, 03, AVNO, 192, 134N, 1153W,  28, 1004, XX,  34, NEQ,    0,    0,    0,    0, 1008,   70,  30,   0,   0, 
EP, 16, 2026092306, 03, AVNO, 198, 138N, 1150W,  26, 1003, XX,  34, NEQ,    0,    0,    0,    0,  -99,  -99,  94,   0,   0, 
EP, 16, 2026092306, 03, AVNO, 204, 140N, 1145W,  25, 1005, XX,  34, NEQ,    0,    0,    0,    0,  -99,  -99, 133,   0,   0, 
EP, 16, 2026092306, 03, AVNO, 210, 139N, 1139W,  28, 1002, XX,  34, NEQ,    0,    0,    0,    0,  -99,  -99, 162,   0,   0, 
EP, 16, 2026092306, 03, AVNO, 216, 139N, 1131W,  26, 1005, XX,  34, NEQ,    0,    0,    0,    0,  -99,  -99, 159,   0,   0, 
EP, 16, 2026092306, 03, AVNO, 222, 139N, 1121W,  24, 1002, XX,  34, NEQ,    0,    0,    0,    0,  -99,  -99,  35,   0,   0, 
EP, 16, 2026092306, 03, AVNO, 228, 139N, 1110W,  24, 1005, XX,  34, NEQ,    0,    0,    0,    0,  -99,  -99,  27,   0,   0, 
EP, 16, 2026092306, 03, AVNO, 234, 139N, 1100W,  26, 1002, XX,  34, NEQ,    0,    0,    0,    0,  -99,  -99, 162,   0,   0, 
EP, 16, 2026092306, 03, AVNO, 240, 129N, 1096W,  32, 1006, XX,  34, NEQ,    0,    0,    0,    0,  -99,  -99, 154,   0,   0, 
EP, 16, 2026092306, 03, HCCA,   0, 158N, 1287W,  65,    0,   ,   0,    ,    0,    0,    0,    0, 
EP, 16, 2026092306, 03, HCCA,  12, 160N, 1273W,  71,    0,   ,   0,    ,    0,    0,    0,    0, 
EP, 16, 2026092306, 03, HCCA,  24, 164N, 1259W,  70,    0,   ,   0,    ,    0,    0,    0,    0, 
EP, 16, 2026092306, 03, HCCA,  36, 171N, 1247W,  78,    0,   ,   0,    ,    0,    0,    0,    0, 
EP, 16, 2026092306, 03, HCCA,  48, 179N, 1235W,  75,    0,   ,   0,    ,    0,    0,    0,    0, 
EP, 16, 2026092306, 03, HCCA,  60, 186N, 1227W,  62,    0,   ,   0,    ,    0,    0,    0,    0, 
EP, 16, 2026092306, 03, HCCA,  72, 192N, 1225W,  55,    0,   ,   0,    ,    0,    0,    0,    0, 
EP, 16, 2026092306, 03, HCCA,  84, 202N, 1225W,  49,    0,   ,   0,    ,    0,    0,    0,    0, 
EP, 16, 2026092306, 03, HCCA,  96, 213N, 1225W,  45,    0,   ,   0,    ,    0,    0,    0,    0, 
EP, 16, 2026092306, 03, HCCA, 108, 222N, 1222W,  38,    0,   ,   0,    ,    0,    0,    0,    0, 
EP, 16, 2026092306, 03, HCCA, 120, 223N, 1218W,  36,    0,   ,   0,    ,    0,    0,    0,    0, 
EP, 16, 2026092306, 03, HCCA, 132, 219N, 1204W,  30,    0,   ,   0,    ,    0,    0,    0,    0, 
EP, 16, 2026092306, 03, HCCA, 144, 208N, 1189W,  26,    0,   ,   0,    ,    0,    0,    0,    0, 
EP, 16, 2026092306, 03, HCCA, 156, 204N, 1179W,  26,    0,   ,   0,    ,    0,    0,    0,    0, 
EP, 16, 2026092306, 03, HCCA, 168, 201N, 1174W,  29,    0,   ,   0,    ,    0,    0,    0,    0, 
EP, 16, 2026092306, 03, HFSA,   0, 157N, 1287W,  65,  988, XX,  34, NEQ,  126,  112,   91,  128, 1004,   63,  41,   0,   0,    ,   0,    ,  71,   7,           ,  ,  0,    ,    0,    0,    0,    0, THERMO PARAMS, -13, 1123, 1308, N, 10, DT, -999, SHR82, -99, 
EP, 16, 2026092306, 03, HFSA,   0, 157N, 1287W,  65,  988, XX,  50, NEQ,   78,   65,   60,   79, 1004,   63,  41,   0,   0,    ,   0,    ,  71,   7,           ,  ,  0,    ,    0,    0,    0,    0, THERMO PARAMS, -13, 1123, 1308, N, 10, DT, -999, SHR82, -99, 
EP, 16, 2026092306, 03, HFSA,   0, 157N, 1287W,  65,  988, XX,  64, NEQ,    0,    0,    0,   44, 1004,   63,  41,   0,   0,    ,   0,    ,  71,   7,           ,  ,  0,    ,    0,    0,    0,    0, THERMO PARAMS, -13, 1123, 1308, N, 10, DT, -999, SHR82, -99, 
EP, 16, 2026092306, 03, HFSA,   6, 157N, 1279W,  74,  983, XX,  34, NEQ,  105,  110,   87,   92,  987,   17,  31,   0,   0,    ,   0,    ,  68,   9,           ,  ,  0,    ,    0,    0,    0,    0, THERMO PARAMS, 33, 841, 1157, N, 10, DT, -999, SHR82, -99, 
EP, 16, 2026092306, 03, HFSA,   6, 157N, 1279W,  74,  983, XX,  50, NEQ,   45,   55,   47,   34,  987,   17,  31,   0,   0,    ,   0,    ,  68,   9,           ,  ,  0,    ,    0,    0,    0,    0, THERMO PARAMS, 33, 841, 1157, N, 10, DT, -999, SHR82, -99, 
EP, 16, 2026092306, 03, HFSA,   6, 157N, 1279W,  74,  983, XX,  64, NEQ,   34,   28,    0,    0,  987,   17,  31,   0,   0,    ,   0,    ,  68,   9,           ,  ,  0,    ,    0,    0,    0,    0, THERMO PARAMS, 33, 841, 1157, N, 10, DT, -999, SHR82, -99, 
EP, 16, 2026092306, 03, HFSA,  12, 159N, 1275W,  65,  988, XX,  34, NEQ,  113,  121,   78,   91, 1004,   58,  31,   0,   0,    ,   0,    ,  75,   6,           ,  ,  0,    ,    0,    0,    0,    0, THERMO PARAMS, 67, 1084, 951, N, 10, DT, -999, SHR82, -99, 
EP, 16, 2026092306, 03, HFSA,  12, 159N, 1275W,  65,  988, XX,  50, NEQ,   49,   44,   36,   52, 1004,   58,  31,   0,   0,    ,   0,    ,  75,   6,           ,  ,  0,    ,    0,    0,    0,    0, THERMO PARAMS, 67, 1084, 951, N, 10, DT, -999, SHR82, -99, 
EP, 16, 2026092306, 03, HFSA,  12, 159N, 1275W,  65,  988, XX,  64, NEQ,    0,    0,    0,   32, 1004,   58,  31,   0,   0,    ,   0,    ,  75,   6,           ,  ,  0,    ,    0,    0,    0,    0, THERMO PARAMS, 67, 1084, 951, N, 10, DT, -999, SHR82, -99, 
EP, 16, 2026092306, 03, HFSA,  18, 159N, 1269W,  57,  987, XX,  34, NEQ,  113,  151,   79,   96, 1003,   70,  35,   0,   0,    ,   0,    ,  85,   7,           ,  ,  0,    ,    0,    0,    0,    0, THERMO PARAMS, 90, 1263, 778, N, 10, DT, -999, SHR82, -99, 
EP, 16, 2026092306, 03, HFSA,  18, 159N, 1269W,  57,  987, XX,  50, NEQ,   42,   42,   52,   49, 1003,   70,  35,   0,   0,    ,   0,    ,  85,   7,           ,  ,  0,    ,    0,    0,    0,    0, THERMO PARAMS, 90, 1263, 778, N, 10, DT, -999, SHR82, -99, 
EP, 16, 2026092306, 03, HFSA,  24, 157N, 1265W,  56,  992, XX,  34, NEQ,  105,   87,   74,   86, 1004,   60,  30,   0,   0,    ,   0,    ,  96,   6,           ,  ,  0,    ,    0,    0,    0,    0, THERMO PARAMS, -9999, -9999, -9999, N, 10, DT, -999, SHR82, -99, 
EP, 16, 2026092306, 03, HFSA,  24, 157N, 1265W,  56,  992, XX,  50, NEQ,    0,   32,    0,   45, 1004,   60,  30,   0,   0,    ,   0,    ,  96,   6,           ,  ,  0,    ,    0,    0,    0,    0, THERMO PARAMS, -9999, -9999, -9999, N, 10, DT, -999, SHR82, -99, 
EP, 16, 2026092306, 03, HFSA,  30, 158N, 1256W,  48,  992, XX,  34, NEQ,   70,   96,   87,   50,  996,   23,  31,   0,   0,    ,   0,    ,  79,   7,           ,  ,  0,    ,    0,    0,    0,    0, THERMO PARAMS, 52, 1046, 661, N, 10, DT, -999, SHR82, -99, 
EP, 16, 2026092306, 03, HFSA,  36, 161N, 1249W,  45,  995, XX,  34, NEQ,   66,  113,   70,   55, 1003,   62,  42,   0,   0,    ,   0,    ,  61,   7,           ,  ,  0,    ,    0,    0,    0,    0, THERMO PARAMS, 54, 523, 719, N, 10, DT, -999, SHR82, -99, 
EP, 16, 2026092306, 03, HFSA,  42, 165N, 1242W,  43,  992, XX,  34, NEQ,   63,   87,   70,   57,  996,   33,  36,   0,   0,    ,   0,    ,  67,   7,           ,  ,  0,    ,    0,    0,    0,    0, THERMO PARAMS, 67, 793, 393, N, 10, DT, -999, SHR82, -99, 
EP, 16, 2026092306, 03, HFSA,  48, 171N, 1234W,  61,  990, XX,  34, NEQ,   91,   81,   57,   92, 1002,   52,  31,   0,   0,    ,   0,    ,  49,   5,           ,  ,  0,    ,    0,    0,    0,    0, THERMO PARAMS, 47, 792, 664, N, 10, DT, -999, SHR82, -99, 
EP, 16, 2026092306, 03, HFSA,  48, 171N, 1234W,  61,  990, XX,  50, NEQ,   42,    0,   28,   39, 1002,   52,  31,   0,   0,    ,   0,    ,  49,   5,           ,  ,  0,    ,    0,    0,    0,    0, THERMO PARAMS, 47, 792, 664, N, 10, DT, -999, SHR82, -99, 
EP, 16, 2026092306, 03, HFSA,  54, 176N, 1231W,  54,  989, XX,  34, NEQ,  100,   73,   71,   65,  997,   40,  30,   0,   0,    ,   0,    ,  32,   6,           ,  ,  0,    ,    0,    0,    0,    0, THERMO PARAMS, 85, 743, 823, N, 10, DT, -999, SHR82, -99, 
EP, 16, 2026092306, 03, HFSA,  54, 176N, 1231W,  54,  989, XX,  50, NEQ,    0,    0,    0,   32,  997,   40,  30,   0,   0,    ,   0,    ,  32,   6,           ,  ,  0,    ,    0,    0,    0,    0, THERMO PARAMS, 85, 743, 823, N, 10, DT, -999, SHR82, -99, 
EP, 16, 2026092306, 03, HFSA,  60, 179N, 1231W,  48,  993, XX,  34, NEQ,  117,   55,   68,   86, 1001,   41,  41,   0,   0,    ,   0,    ,   3,   3,           ,  ,  0,    ,    0,    0,    0,    0, THERMO PARAMS, 85, 717, 877, N, 10, DT, -999, SHR82, -99, 
EP, 16, 2026092306, 03, HFSA,  66, 180N, 1230W,  49,  991, XX,  34, NEQ,  102,   66,   79,   96,  999,   46,  32,   0,   0,    ,   0,    ,  45,   2,           ,  ,  0,    ,    0,    0,    0,    0, THERMO PARAMS, 70, 843, 733, N, 10, DT, -999, SHR82, -99, 
EP, 16, 2026092306, 03, HFSA,  72, 181N, 1231W,  54,  990, XX,  34, NEQ,   92,   57,   73,   87,  994,   20,  32,   0,   0,    ,   0,    , 320,   3,           ,  ,  0,    ,    0,    0,    0,    0, THERMO PARAMS, 57, 894, 535, N, 10, DT, -999, SHR82, -99, 
EP, 16, 2026092306, 03, HFSA,  72, 181N, 1231W,  54,  990, XX,  50, NEQ,    0,    0,   34,    0,  994,   20,  32,   0,   0,    ,   0,    , 320,   3,           ,  ,  0,    ,    0,    0,    0,    0, THERMO PARAMS, 57, 894, 535, N, 10, DT, -999, SHR82, -99, 
EP, 16, 2026092306, 03, HFSA,  78, 184N, 1232W,  41,  990, XX,  34, NEQ,   50,   55,   63,   84, 1002,   66,  36,   0,   0,    ,   0,    , 355,   4,           ,  ,  0,    ,    0,    0,    0,    0, THERMO PARAMS, 118, 788, 539, N, 10, DT, -999, SHR82, -99, 
EP, 16, 2026092306, 03, HFSA,  84, 187N, 1233W,  44,  993, XX,  34, NEQ,   62,   42,   53,   68, 1001,   39,  21,   0,   0,    ,   0,    , 343,   5,           ,  ,  0,    ,    0,    0,    0,    0, THERMO PARAMS, 56, 1137, 550, N, 10, DT, -999, SHR82, -99, 
EP, 16, 2026092306, 03, HFSA,  90, 190N, 1234W,  42,  992, XX,  34, NEQ,   57,   47,   52,   66, 1004,   95,  32,   0,   0,    ,   0,    ,   3,   4,           ,  ,  0,    ,    0,    0,    0,    0, THERMO PARAMS, 70, 1099, 543, N, 10, DT, -999, SHR82, -99, 
EP, 16, 2026092306, 03, HFSA,  96, 193N, 1234W,  37,  997, XX,  34, NEQ,   44,    0,   34,   42, 1005,   61,  28,   0,   0,    ,   0,    ,   1,   4,           ,  ,  0,    ,    0,    0,    0,    0, THERMO PARAMS, 75, 1063, 230, N, 10, DT, -999, SHR82, -99, 
EP, 16, 2026092306, 03, HFSA, 102, 197N, 1234W,  35,  997, XX,  34, NEQ,    0,    0,    0,    0, 1005,   84,  69,   0,   0,    ,   0,    ,   8,   4,           ,  ,  0,    ,    0,    0,    0,    0, THERMO PARAMS, 51, 1168, 200, N, 10, DT, -999, SHR82, -99, 
EP, 16, 2026092306, 03, HFSA, 108, 201N, 1237W,  44,  997, XX,  34, NEQ,    0,    0,   37,   40, 1001,   29,  31,   0,   0,    ,   0,    , 333,   4,           ,  ,  0,    ,    0,    0,    0,    0, THERMO PARAMS, -2, 518, 568, N, 10, DT, -999, SHR82, -99, 
EP, 16, 2026092306, 03, HFSA, 114, 203N, 1237W,  39,  998, XX,  34, NEQ,    0,    0,   47,   53, 1002,   34,  38,   0,   0,    ,   0,    ,  38,   2,           ,  ,  0,    ,    0,    0,    0,    0, THERMO PARAMS, 83, 381, 176, N, 10, DT, -999, SHR82, -99, 
EP, 16, 2026092306, 03, HFSA, 120, 203N, 1239W,  33, 1001, XX,  34, NEQ,    0,    0,    0,    0, 1005,   40,  56,   0,   0,    ,   0,    , 246,   1,           ,  ,  0,    ,    0,    0,    0,    0, THERMO PARAMS, -69, 574, 154, N, 10, DT, -999, SHR82, -99, 
EP, 16, 2026092306, 03, HFSA, 126, 200N, 1242W,  31, 1000, XX,  34, NEQ,    0,    0,    0,    0, 1004,   53,  40,   0,   0,    ,   0,    , -99, -99,           ,  ,  0,    ,    0,    0,    0,    0, THERMO PARAMS, -106, 1114, -2, N, 10, DT, -999, SHR82, -99, 
EP, 16, 2026092306, 03, TVCN,   0, 158N, 1287W,   0,    0,   ,   0,    ,    0,    0,    0,    0, 
EP, 16, 2026092306, 03, TVCN,  12, 160N, 1275W,   0,    0,   ,   0,    ,    0,    0,    0,    0, 
EP, 16, 2026092306, 03, TVCN,  24, 163N, 1263W,   0,    0,   ,   0,    ,    0,    0,    0,    0, 
EP, 16, 2026092306, 03, TVCN,  36, 169N, 1250W,   0,    0,   ,   0,    ,    0,    0,    0,    0, 
EP, 16, 2026092306, 03, TVCN,  48, 177N, 1240W,   0,    0,   ,   0,    ,    0,    0,    0,    0, 
EP, 16, 2026092306, 03, TVCN,  60, 184N, 1234W,   0,    0,   ,   0,    ,    0,    0,    0,    0, 
EP, 16, 2026092306, 03, TVCN,  72, 191N, 1234W,   0,    0,   ,   0,    ,    0,    0,    0,    0, 
EP, 16, 2026092306, 03, TVCN,  84, 200N, 1236W,   0,    0,   ,   0,    ,    0,    0,    0,    0, 
EP, 16, 2026092306, 03, TVCN,  96, 209N, 1239W,   0,    0,   ,   0,    ,    0,    0,    0,    0, 
EP, 16, 2026092306, 03, TVCN, 108, 216N, 1242W,   0,    0,   ,   0,    ,    0,    0,    0,    0, 
EP, 16, 2026092306, 03, TVCN, 120, 217N, 1243W,   0,    0,   ,   0,    ,    0,    0,    0,    0, 
EP, 16, 2026092306, 03, TVCN, 132, 215N, 1244W,   0,    0,   ,   0,    ,    0,    0,    0,    0, 
EP, 16, 2026092306, 03, TVCN, 144, 212N, 1234W,   0,    0,   ,   0,    ,    0,    0,    0,    0, 
EP, 16, 2026092306, 03, TVCN, 156, 203N, 1238W,   0,    0,   ,   0,    ,    0,    0,    0,    0, 
EP, 16, 2026092306, 03, TVCN, 168, 194N, 1245W,   0,    0,   ,   0,    ,    0,    0,    0,    0, 
EP, 16, 2026092312, 03,  UKX,   0, 156N, 1279W,  46,  995, XX,  34, NEQ,   87,   98,   69,   82, 
EP, 16, 2026092312, 03,  UKX,   6, 157N, 1273W,  46,  996, XX,  34, NEQ,   89,  116,   76,   67, 
EP, 16, 2026092312, 03,  UKX,  12, 159N, 1267W,  44,  995, XX,  34, NEQ,   95,  111,   72,   72, 
EP, 16, 2026092312, 03,  UKX,  18, 159N, 1262W,  43,  997, XX,  34, NEQ,   97,  119,   71,   70, 
EP, 16, 2026092312, 03,  UKX,  24, 162N, 1255W,  41,  996, XX,  34, NEQ,  100,  105,   50,   52, 
EP, 16, 2026092312, 03,  UKX,  30, 164N, 1250W,  39,  997, XX,  34, NEQ,   81,   92,   58,   65, 
EP, 16, 2026092312, 03,  UKX,  36, 168N, 1246W,  39,  997, XX,  34, NEQ,   76,   90,    0,   87, 
EP, 16, 2026092312, 03,  UKX,  42, 171N, 1241W,  38,  999, XX,  34, NEQ,   95,   66,    0,   71, 
EP, 16, 2026092312, 03,  UKX,  48, 174N, 1236W,  38,  997, XX,  34, NEQ,   73,   59,    0,   51, 
EP, 16, 2026092312, 03,  UKX,  54, 177N, 1233W,  38,  999, XX,  34, NEQ,   76,    0,    0,   50, 
EP, 16, 2026092312, 03,  UKX,  60, 180N, 1232W,  38,  997, XX,  34, NEQ,   91,    0,   47,   60, 
EP, 16, 2026092312, 03,  UKX,  66, 183N, 1233W,  35,  999, XX,  34, NEQ,   66,    0,   55,   56, 
EP, 16, 2026092312, 03,  UKX,  72, 187N, 1235W,  32,  998, XX,  34, NEQ,    0,    0,    0,    0, 
EP, 16, 2026092312, 03,  UKX,  78, 192N, 1237W,  32, 1001, XX,  34, NEQ,    0,    0,    0,    0, 
EP, 16, 2026092312, 03,  UKX,  84, 199N, 1239W,  33,  999, XX,  34, NEQ,    0,    0,    0,    0, 
EP, 16, 2026092312, 03,  UKX,  90, 205N, 1242W,  33, 1001, XX,  34, NEQ,    0,    0,    0,    0, 
EP, 16, 2026092312, 03,  UKX,  96, 211N, 1244W,  31, 1000, XX,  34, NEQ,    0,    0,    0,    0, 
EP, 16, 2026092312, 03,  UKX, 102, 217N, 1246W,  31, 1003, XX,  34, NEQ,    0,    0,    0,    0, 
EP, 16, 2026092312, 03,  UKX, 108, 220N, 1250W,  32, 1002, XX,  34, NEQ,    0,    0,    0,    0, 
EP, 16, 2026092312, 03,  UKX, 114, 221N, 1254W,  32, 1005, XX,  34, NEQ,    0,    0,    0,    0, 
EP, 16, 2026092312, 03,  UKX, 120, 219N, 1257W,  30, 1004, XX,  34, NEQ,    0,    0,    0,    0, 
EP, 16, 2026092312, 03,  UKX, 126, 213N, 1257W,  29, 1007, XX,  34, NEQ,    0,    0,    0,    0, 
EP, 16, 2026092312, 03,  UKX, 132, 210N, 1258W,  26, 1005, XX,  34, NEQ,    0,    0,    0,    0, 
EP, 16, 2026092312, 03,  UKX, 138, 207N, 1259W,  24, 1008, XX,  34, NEQ,    0,    0,    0,    0, 
EP, 16, 2026092312, 03,  UKX, 144, 205N, 1261W,  24, 1006, XX,  34, NEQ,    0,    0,    0,    0, 
EP, 16, 2026092312, 03, AVNO,   0, 157N, 1279W,  53,  985, XX,  34, NEQ,   96,  108,   84,   88, 1009,  256,  44,   0,   0, 
EP, 16, 2026092312, 03, AVNO,   0, 157N, 1279W,  53,  985, XX,  50, NEQ,   34,   45,    0,   51, 1009,  256,  44,   0,   0, 
EP, 16, 2026092312, 03, AVNO,   6, 159N, 1274W,  52,  988, XX,  34, NEQ,   99,  110,   86,   91, 1012,  261,  39,   0,   0, 
EP, 16, 2026092312, 03, AVNO,   6, 159N, 1274W,  52,  988, XX,  50, NEQ,   45,   38,    0,   40, 1012,  261,  39,   0,   0, 
EP, 16, 2026092312, 03, AVNO,  12, 160N, 1270W,  65,  985, XX,  34, NEQ,   91,  107,   91,   89, 1009,  286,  36,   0,   0, 
EP, 16, 2026092312, 03, AVNO,  12, 160N, 1270W,  65,  985, XX,  50, NEQ,   51,    0,   50,   60, 1009,  286,  36,   0,   0, 
EP, 16, 2026092312, 03, AVNO,  12, 160N, 1270W,  65,  985, XX,  64, NEQ,    0,    0,   36,    0, 1009,  286,  36,   0,   0, 
EP, 16, 2026092312, 03, AVNO,  18, 161N, 1264W,  50,  991, XX,  34, NEQ,  116,   88,   81,   96, 1011,  189,  50,   0,   0, 
EP, 16, 2026092312, 03, AVNO,  18, 161N, 1264W,  50,  991, XX,  50, NEQ,    0,    0,   50,    0, 1011,  189,  50,   0,   0, 
EP, 16, 2026092312, 03, AVNO,  24, 163N, 1260W,  45,  990, XX,  34, NEQ,   64,   73,   76,   76, 1006,  118,  34,   0,   0, 
EP, 16, 2026092312, 03, AVNO,  30, 164N, 1254W,  46,  993, XX,  34, NEQ,   69,   90,   72,   73, 1009,  132,  45,   0,   0, 
EP, 16, 2026092312, 03, AVNO,  36, 169N, 1246W,  46,  990, XX,  34, NEQ,   68,   95,   69,   66, 1006,  127,  42,   0,   0, 
EP, 16, 2026092312, 03, AVNO,  42, 173N, 1239W,  48,  994, XX,  34, NEQ,   74,   73,   72,   70, 1010,  159,  35,   0,   0, 
EP, 16, 2026092312, 03, AVNO,  48, 176N, 1236W,  49,  989, XX,  34, NEQ,   85,   69,   62,   69, 1009,  201,  33,   0,   0, 
EP, 16, 2026092312, 03, AVNO,  54, 179N, 1233W,  42,  994, XX,  34, NEQ,   67,   61,   69,   71, 1010,  180,  40,   0,   0, 
EP, 16, 2026092312, 03, AVNO,  60, 180N, 1230W,  41,  993, XX,  34, NEQ,   48,   50,   77,   83, 1005,  101,  42,   0,   0, 
EP, 16, 2026092312, 03, AVNO,  66, 183N, 1228W,  44,  992, XX,  34, NEQ,   65,   60,   47,   61, 1008,  146,  30,   0,   0, 
EP, 16, 2026092312, 03, AVNO,  72, 188N, 1228W,  41,  993, XX,  34, NEQ,   62,   59,   57,   64, 1005,  112,  41,   0,   0, 
EP, 16, 2026092312, 03, AVNO,  78, 190N, 1228W,  39,  997, XX,  34, NEQ,   60,   58,   61,   58, 1005,   55,  47,   0,   0, 
EP, 16, 2026092312, 03, AVNO,  84, 193N, 1228W,  36,  995, XX,  34, NEQ,    0,   65,   69,   54, 1003,   69,  36,   0,   0, 
EP, 16, 2026092312, 03, AVNO,  90, 194N, 1227W,  35,  999, XX,  34, NEQ,    0,    0,   52,   57, 1007,   90,  48,   0,   0, 
EP, 16, 2026092312, 03, AVNO,  96, 195N, 1226W,  31,  998, XX,  34, NEQ,    0,    0,    0,    0, 1002,   39,  51,   0,   0, 
EP, 16, 2026092312, 03, AVNO, 102, 194N, 1223W,  28, 1001, XX,  34, NEQ,    0,    0,    0,    0, 1005,   43,  55,   0,   0, 
EP, 16, 2026092312, 03, AVNO, 108, 194N, 1219W,  29,  999, XX,  34, NEQ,    0,    0,    0,    0, 1003,   48,  67,   0,   0, 
EP, 16, 2026092312, 03, AVNO, 114, 193N, 1215W,  32, 1002, XX,  34, NEQ,    0,    0,    0,    0, 1006,   48,  30,   0,   0, 
EP, 16, 2026092312, 03, AVNO, 120, 188N, 1210W,  33, 1000, XX,  34, NEQ,    0,    0,    0,    0, 1004,   53,  46,   0,   0, 
EP, 16, 2026092312, 03, AVNO, 126, 184N, 1205W,  27, 1003, XX,  34, NEQ,    0,    0,    0,    0, 1007,   58,  45,   0,   0, 
EP, 16, 2026092312, 03, AVNO, 132, 180N, 1201W,  28, 1001, XX,  34, NEQ,    0,    0,    0,    0, 1005,   62,  39,   0,   0, 
EP, 16, 2026092312, 03, AVNO, 138, 177N, 1200W,  27, 1004, XX,  34, NEQ,    0,    0,    0,    0, 1008,   74,  31,   0,   0, 
EP, 16, 2026092312, 03, AVNO, 144, 175N, 1199W,  23, 1002, XX,  34, NEQ,    0,    0,    0,    0, 1006,   94,  45,   0,   0, 
EP, 16, 2026092312, 03, AVNO, 150, 172N, 1199W,  22, 1005, XX,  34, NEQ,    0,    0,    0,    0, 1009,  112,  42,   0,   0, 
EP, 16, 2026092312, 03, AVNO, 156, 170N, 1200W,  23, 1003, XX,  34, NEQ,    0,    0,    0,    0, 1007,  131,  34,   0,   0, 
EP, 16, 2026092312, 03, AVNO, 162, 169N, 1200W,  22, 1006, XX,  34, NEQ,    0,    0,    0,    0,  -99,  -99,  40,   0,   0, 
EP, 16, 2026092312, 03, AVNO, 168, 169N, 1200W,  20, 1004, XX,  34, NEQ,    0,    0,    0,    0,  -99,  -99,  43,   0,   0, 
EP, 16, 2026092312, 03, AVNO, 174, 170N, 1201W,  19, 1007, XX,  34, NEQ,    0,    0,    0,    0,  -99,  -99,  46,   0,   0, 
EP, 16, 2026092312, 03, AVNO, 180, 171N, 1200W,  21, 1004, XX,  34, NEQ,    0,    0,    0,    0,  -99,  -99,  38,   0,   0, 
EP, 16, 2026092312, 03, AVNO, 186, 172N, 1199W,  20, 1007, XX,  34, NEQ,    0,    0,    0,    0,  -99,  -99,  42,   0,   0, 
EP, 16, 2026092312, 03, AVNO, 192, 172N, 1199W,  19, 1004, XX,  34, NEQ,    0,    0,    0,    0,  -99,  -99,  48,   0,   0, 
EP, 16, 2026092312, 03, AVNO, 198, 171N, 1201W,  17, 1007, XX,  34, NEQ,    0,    0,    0,    0,  -99,  -99,  39,   0,   0, 
EP, 16, 2026092312, 03, AVNO, 204, 172N, 1202W,  17, 1005, XX,  34, NEQ,    0,    0,    0,    0,  -99,  -99,  57,   0,   0, 
EP, 16, 2026092312, 03, AVNO, 210, 170N, 1203W,  18, 1008, XX,  34, NEQ,    0,    0,    0,    0,  -99,  -99,  59,   0,   0, 
EP, 16, 2026092312, 03, AVNO, 216, 167N, 1206W,  17, 1006, XX,  34, NEQ,    0,    0,    0,    0,  -99,  -99,  50,   0,   0, 
EP, 16, 2026092312, 03, AVNO, 222, 164N, 1209W,  16, 1008, XX,  34, NEQ,    0,    0,    0,    0,  -99,  -99,  56,   0,   0, 
EP, 16, 2026092312, 03, AVNO, 228, 159N, 1213W,  17, 1005, XX,  34, NEQ,    0,    0,    0,    0,  -99,  -99,  68,   0,   0, 
EP, 16, 2026092312, 03, AVNO, 234, 152N, 1218W,  17, 1008, XX,  34, NEQ,    0,    0,    0,    0,  -99,  -99,  96,   0,   0, 
EP, 16, 2026092312, 03, AVNO, 240, 147N, 1223W,  17, 1006, XX,  34, NEQ,    0,    0,    0,    0,  -99,  -99,  76,   0,   0, 
EP, 16, 2026092312, 03, HCCA,   0, 159N, 1282W,  65,    0,   ,   0,    ,    0,    0,    0,    0, 
EP, 16, 2026092312, 03, HCCA,  12, 160N, 1268W,  69,    0,   ,   0,    ,    0,    0,    0,    0, 
EP, 16, 2026092312, 03, HCCA,  24, 166N, 1254W,  68,    0,   ,   0,    ,    0,    0,    0,    0, 
EP, 16, 2026092312, 03, HCCA,  36, 175N, 1242W,  77,    0,   ,   0,    ,    0,    0,    0,    0, 
EP, 16, 2026092312, 03, HCCA,  48, 184N, 1232W,  66,    0,   ,   0,    ,    0,    0,    0,    0, 
EP, 16, 2026092312, 03, HCCA,  60, 192N, 1227W,  57,    0,   ,   0,    ,    0,    0,    0,    0, 
EP, 16, 2026092312, 03, HCCA,  72, 202N, 1226W,  53,    0,   ,   0,    ,    0,    0,    0,    0, 
EP, 16, 2026092312, 03, HCCA,  84, 213N, 1225W,  47,    0,   ,   0,    ,    0,    0,    0,    0, 
EP, 16, 2026092312, 03, HCCA,  96, 223N, 1218W,  42,    0,   ,   0,    ,    0,    0,    0,    0, 
EP, 16, 2026092312, 03, HCCA, 108, 229N, 1210W,  34,    0,   ,   0,    ,    0,    0,    0,    0, 
EP, 16, 2026092312, 03, HCCA, 120, 229N, 1199W,  28,    0,   ,   0,    ,    0,    0,    0,    0, 
EP, 16, 2026092312, 03, HCCA, 132, 219N, 1189W,  25,    0,   ,   0,    ,    0,    0,    0,    0, 
EP, 16, 2026092312, 03, HCCA, 144, 205N, 1181W,  22,    0,   ,   0,    ,    0,    0,    0,    0, 
EP, 16, 2026092312, 03, HCCA, 156, 199N, 1175W,  24,    0,   ,   0,    ,    0,    0,    0,    0, 
EP, 16, 2026092312, 03, HCCA, 168, 185N, 1167W,  27,    0,   ,   0,    ,    0,    0,    0,    0, 
EP, 16, 2026092312, 03, HFSA,   0, 159N, 1282W,  66,  988, XX,  34, NEQ,  112,   91,   89,  117, 1004,   78,  33,   0,   0,    ,   0,    ,  68,   8,           ,  ,  0,    ,    0,    0,    0,    0, THERMO PARAMS, 34, 615, 833, N, 10, DT, -999, SHR82, -99, 
EP, 16, 2026092312, 03, HFSA,   0, 159N, 1282W,  66,  988, XX,  50, NEQ,   44,   49,   34,   36, 1004,   78,  33,   0,   0,    ,   0,    ,  68,   8,           ,  ,  0,    ,    0,    0,    0,    0, THERMO PARAMS, 34, 615, 833, N, 10, DT, -999, SHR82, -99, 
EP, 16, 2026092312, 03, HFSA,   0, 159N, 1282W,  66,  988, XX,  64, NEQ,   32,   24,    0,    0, 1004,   78,  33,   0,   0,    ,   0,    ,  68,   8,           ,  ,  0,    ,    0,    0,    0,    0, THERMO PARAMS, 34, 615, 833, N, 10, DT, -999, SHR82, -99, 
EP, 16, 2026092312, 03, HFSA,   6, 159N, 1279W,  52,  992, XX,  34, NEQ,  141,  152,   70,  100, 1000,   38,  68,   0,   0,    ,   0,    ,  70,   6,           ,  ,  0,    ,    0,    0,    0,    0, THERMO PARAMS, 53, 1258, 772, N, 10, DT, -999, SHR82, -99, 
EP, 16, 2026092312, 03, HFSA,  12, 160N, 1271W,  53,  989, XX,  34, NEQ,  100,  149,   89,  100,  997,   42,  36,   0,   0,    ,   0,    ,  84,   8,           ,  ,  0,    ,    0,    0,    0,    0, THERMO PARAMS, 78, 831, 677, N, 10, DT, -999, SHR82, -99, 
EP, 16, 2026092312, 03, HFSA,  12, 160N, 1271W,  53,  989, XX,  50, NEQ,   39,    0,    0,   44,  997,   42,  36,   0,   0,    ,   0,    ,  84,   8,           ,  ,  0,    ,    0,    0,    0,    0, THERMO PARAMS, 78, 831, 677, N, 10, DT, -999, SHR82, -99, 
EP, 16, 2026092312, 03, HFSA,  18, 160N, 1266W,  56,  991, XX,  34, NEQ,  123,  136,   68,   91,  995,   25,  37,   0,   0,    ,   0,    ,  90,   5,           ,  ,  0,    ,    0,    0,    0,    0, THERMO PARAMS, 45, 1203, 669, N, 10, DT, -999, SHR82, -99, 
EP, 16, 2026092312, 03, HFSA,  18, 160N, 1266W,  56,  991, XX,  50, NEQ,   40,    0,    0,   44,  995,   25,  37,   0,   0,    ,   0,    ,  90,   5,           ,  ,  0,    ,    0,    0,    0,    0, THERMO PARAMS, 45, 1203, 669, N, 10, DT, -999, SHR82, -99, 
EP, 16, 2026092312, 03, HFSA,  24, 162N, 1262W,  50,  990, XX,  34, NEQ,  118,  142,   84,   94,  998,   46,  35,   0,   0,    ,   0,    ,  62,   5,           ,  ,  0,    ,    0,    0,    0,    0, THERMO PARAMS, 50, 1035, 521, N, 10, DT, -999, SHR82, -99, 
EP, 16, 2026092312, 03, HFSA,  30, 164N, 1255W,  53,  990, XX,  34, NEQ,  105,  149,   83,   58,  994,    6,  25,   0,   0,    ,   0,    ,  61,   7,           ,  ,  0,    ,    0,    0,    0,    0, THERMO PARAMS, 43, 823, 746, N, 10, DT, -999, SHR82, -99, 
EP, 16, 2026092312, 03, HFSA,  30, 164N, 1255W,  53,  990, XX,  50, NEQ,   26,    0,    0,    0,  994,    6,  25,   0,   0,    ,   0,    ,  61,   7,           ,  ,  0,    ,    0,    0,    0,    0, THERMO PARAMS, 43, 823, 746, N, 10, DT, -999, SHR82, -99, 
EP, 16, 2026092312, 03, HFSA,  36, 169N, 1249W,  51,  990, XX,  34, NEQ,   78,  118,   66,   62,  994,   27,  22,   0,   0,    ,   0,    ,  51,   6,           ,  ,  0,    ,    0,    0,    0,    0, THERMO PARAMS, 53, 684, 667, N, 10, DT, -999, SHR82, -99, 
EP, 16, 2026092312, 03, HFSA,  42, 173N, 1243W,  64,  988, XX,  34, NEQ,  107,   79,   53,   89,  992,    9,  27,   0,   0,    ,   0,    ,  48,   6,           ,  ,  0,    ,    0,    0,    0,    0, THERMO PARAMS, 43, 877, 814, N, 10, DT, -999, SHR82, -99, 
EP, 16, 2026092312, 03, HFSA,  42, 173N, 1243W,  64,  988, XX,  50, NEQ,   52,    0,   34,   37,  992,    9,  27,   0,   0,    ,   0,    ,  48,   6,           ,  ,  0,    ,    0,    0,    0,    0, THERMO PARAMS, 43, 877, 814, N, 10, DT, -999, SHR82, -99, 
EP, 16, 2026092312, 03, HFSA,  48, 176N, 1241W,  54,  989, XX,  34, NEQ,  113,   68,   66,   87,  997,   40,  28,   0,   0,    ,   0,    ,  38,   4,           ,  ,  0,    ,    0,    0,    0,    0, THERMO PARAMS, 78, 660, 646, N, 10, DT, -999, SHR82, -99, 
EP, 16, 2026092312, 03, HFSA,  48, 176N, 1241W,  54,  989, XX,  50, NEQ,    0,    0,    0,   34,  997,   40,  28,   0,   0,    ,   0,    ,  38,   4,           ,  ,  0,    ,    0,    0,    0,    0, THERMO PARAMS, 78, 660, 646, N, 10, DT, -999, SHR82, -99, 
EP, 16, 2026092312, 03, HFSA,  54, 180N, 1239W,  46,  992, XX,  34, NEQ,  113,   65,   76,  102, 1004,   64, 100,   0,   0,    ,   0,    ,   9,   3,           ,  ,  0,    ,    0,    0,    0,    0, THERMO PARAMS, 91, 838, 845, N, 10, DT, -999, SHR82, -99, 
EP, 16, 2026092312, 03, HFSA,  60, 183N, 1237W,  48,  988, XX,  34, NEQ,   96,   62,   91,  105,  992,   19,  29,   0,   0,    ,   0,    ,  22,   4,           ,  ,  0,    ,    0,    0,    0,    0, THERMO PARAMS, 74, 867, 987, N, 10, DT, -999, SHR82, -99, 
EP, 16, 2026092312, 03, HFSA,  66, 186N, 1238W,  57,  987, XX,  34, NEQ,   87,   62,   71,   91,  999,   44,  27,   0,   0,    ,   0,    , 330,   4,           ,  ,  0,    ,    0,    0,    0,    0, THERMO PARAMS, 62, 703, 1118, N, 10, DT, -999, SHR82, -99, 
EP, 16, 2026092312, 03, HFSA,  66, 186N, 1238W,  57,  987, XX,  50, NEQ,   28,    0,   32,   34,  999,   44,  27,   0,   0,    ,   0,    , 330,   4,           ,  ,  0,    ,    0,    0,    0,    0, THERMO PARAMS, 62, 703, 1118, N, 10, DT, -999, SHR82, -99, 
EP, 16, 2026092312, 03, HFSA,  72, 193N, 1238W,  63,  982, XX,  34, NEQ,   96,   76,   70,   87, 1002,   72,  23,   0,   0,    ,   0,    , 348,   7,           ,  ,  0,    ,    0,    0,    0,    0, THERMO PARAMS, 94, 823, 1386, N, 10, DT, -999, SHR82, -99, 
EP, 16, 2026092312, 03, HFSA,  72, 193N, 1238W,  63,  982, XX,  50, NEQ,   42,   29,   28,   31, 1002,   72,  23,   0,   0,    ,   0,    , 348,   7,           ,  ,  0,    ,    0,    0,    0,    0, THERMO PARAMS, 94, 823, 1386, N, 10, DT, -999, SHR82, -99, 
EP, 16, 2026092312, 03, HFSA,  78, 198N, 1239W,  53,  989, XX,  34, NEQ,   97,   65,   71,   89,  997,   31,  28,   0,   0,    ,   0,    , 342,   8,           ,  ,  0,    ,    0,    0,    0,    0, THERMO PARAMS, 43, 1475, 435, N, 10, DT, -999, SHR82, -99, 
EP, 16, 2026092312, 03, HFSA,  78, 198N, 1239W,  53,  989, XX,  50, NEQ,   37,    0,   34,   32,  997,   31,  28,   0,   0,    ,   0,    , 342,   8,           ,  ,  0,    ,    0,    0,    0,    0, THERMO PARAMS, 43, 1475, 435, N, 10, DT, -999, SHR82, -99, 
EP, 16, 2026092312, 03, HFSA,  84, 205N, 1242W,  56,  990, XX,  34, NEQ,  105,   66,   66,   97,  994,   21,  54,   0,   0,    ,   0,    , 356,   8,           ,  ,  0,    ,    0,    0,    0,    0, THERMO PARAMS, 82, 388, 776, N, 10, DT, -999, SHR82, -99, 
EP, 16, 2026092312, 03, HFSA,  84, 205N, 1242W,  56,  990, XX,  50, NEQ,    0,    0,   23,   60,  994,   21,  54,   0,   0,    ,   0,    , 356,   8,           ,  ,  0,    ,    0,    0,    0,    0, THERMO PARAMS, 82, 388, 776, N, 10, DT, -999, SHR82, -99, 
EP, 16, 2026092312, 03, HFSA,  90, 209N, 1243W,  48,  994, XX,  34, NEQ,  110,   70,   63,  102, 1002,   49,  67,   0,   0,    ,   0,    , 350,   6,           ,  ,  0,    ,    0,    0,    0,    0, THERMO PARAMS, 59, 1324, -113, N, 10, DT, -999, SHR82, -99, 
EP, 16, 2026092312, 03, HFSA,  96, 215N, 1246W,  40,  995, XX,  34, NEQ,   71,   45,   44,   68, 1003,   60,  43,   0,   0,    ,   0,    , 344,   6,           ,  ,  0,    ,    0,    0,    0,    0, THERMO PARAMS, 14, 1312, -233, N, 10, DT, -999, SHR82, -99, 
EP, 16, 2026092312, 03, HFSA, 102, 218N, 1248W,  37,  999, XX,  34, NEQ,    0,    0,    0,   63, 1007,   70,  52,   0,   0,    ,   0,    , 347,   5,           ,  ,  0,    ,    0,    0,    0,    0, THERMO PARAMS, -24, 1242, -610, N, 10, DT, -999, SHR82, -99, 
EP, 16, 2026092312, 03, HFSA, 108, 221N, 1250W,  35,  998, XX,  34, NEQ,    0,    0,    0,   79, 1006,   96,  80,   0,   0,    ,   0,    , 357,   4,           ,  ,  0,    ,    0,    0,    0,    0, THERMO PARAMS, -15, 1380, -408, N, 10, DT, -999, SHR82, -99, 
EP, 16, 2026092312, 03, HFSA, 114, 222N, 1254W,  35, 1002, XX,  34, NEQ,   65,    0,    0,   65, 1010,  125,  63,   0,   0,    ,   0,    , 296,   3,           ,  ,  0,    ,    0,    0,    0,    0, THERMO PARAMS, -95, 1300, -633, N, 10, DT, -999, SHR82, -99, 
EP, 16, 2026092312, 03, HFSA, 120, 223N, 1258W,  33, 1001, XX,  34, NEQ,    0,    0,    0,    0, 1005,   48,  60,   0,   0,    ,   0,    , 308,   2,           ,  ,  0,    ,    0,    0,    0,    0, THERMO PARAMS, -114, 1452, -583, N, 10, DT, -999, SHR82, -99, 
EP, 16, 2026092312, 03, HFSA, 126, 222N, 1263W,  33, 1004, XX,  34, NEQ,    0,    0,    0,    0, 1008,   55,  66,   0,   0,    ,   0,    , -99, -99,           ,  ,  0,    ,    0,    0,    0,    0, THERMO PARAMS, -148, 1234, -629, N, 10, DT, -999, SHR82, -99, 
EP, 16, 2026092312, 03, TVCN,   0, 159N, 1282W,   0,    0,   ,   0,    ,    0,    0,    0,    0, 
EP, 16, 2026092312, 03, TVCN,  12, 161N, 1270W,   0,    0,   ,   0,    ,    0,    0,    0,    0, 
EP, 16, 2026092312, 03, TVCN,  24, 165N, 1258W,   0,    0,   ,   0,    ,    0,    0,    0,    0, 
EP, 16, 2026092312, 03, TVCN,  36, 172N, 1245W,   0,    0,   ,   0,    ,    0,    0,    0,    0, 
EP, 16, 2026092312, 03, TVCN,  48, 181N, 1237W,   0,    0,   ,   0,    ,    0,    0,    0,    0, 
EP, 16, 2026092312, 03, TVCN,  60, 188N, 1234W,   0,    0,   ,   0,    ,    0,    0,    0,    0, 
EP, 16, 2026092312, 03, TVCN,  72, 195N, 1235W,   0,    0,   ,   0,    ,    0,    0,    0,    0, 
EP, 16, 2026092312, 03, TVCN,  84, 204N, 1237W,   0,    0,   ,   0,    ,    0,    0,    0,    0, 
EP, 16, 2026092312, 03, TVCN,  96, 213N, 1238W,   0,    0,   ,   0,    ,    0,    0,    0,    0, 
EP, 16, 2026092312, 03, TVCN, 108, 218N, 1240W,   0,    0,   ,   0,    ,    0,    0,    0,    0, 
EP, 16, 2026092312, 03, TVCN, 120, 216N, 1243W,   0,    0,   ,   0,    ,    0,    0,    0,    0, 
EP, 16, 2026092312, 03, TVCN, 132, 211N, 1244W,   0,    0,   ,   0,    ,    0,    0,    0,    0, 
EP, 16, 2026092312, 03, TVCN, 144, 210N, 1229W,   0,    0,   ,   0,    ,    0,    0,    0,    0, 
EP, 16, 2026092312, 03, TVCN, 156, 200N, 1229W,   0,    0,   ,   0,    ,    0,    0,    0,    0, 
EP, 16, 2026092312, 03, TVCN, 168, 192N, 1234W,   0,    0,   ,   0,    ,    0,    0,    0,    0, 
EP, 16, 2026092318, 03, AVNO,   0, 158N, 1274W,  55,  987, XX,  34, NEQ,   96,  107,   92,   91, 1011,  200,  34,   0,   0, 
EP, 16, 2026092318, 03, AVNO,   0, 158N, 1274W,  55,  987, XX,  50, NEQ,   51,   33,    0,   44, 1011,  200,  34,   0,   0, 
EP, 16, 2026092318, 03, AVNO,   6, 159N, 1269W,  59,  984, XX,  34, NEQ,   92,  106,   88,   86, 1008,  208,  41,   0,   0, 
EP, 16, 2026092318, 03, AVNO,   6, 159N, 1269W,  59,  984, XX,  50, NEQ,   40,   44,   49,   53, 1008,  208,  41,   0,   0, 
EP, 16, 2026092318, 03, AVNO,  12, 159N, 1264W,  50,  989, XX,  34, NEQ,   83,   78,   80,   89, 1009,  127,  42,   0,   0, 
EP, 16, 2026092318, 03, AVNO,  18, 162N, 1256W,  50,  988, XX,  34, NEQ,   82,   96,   74,   83, 1008,  184,  39,   0,   0, 
EP, 16, 2026092318, 03, AVNO,  18, 162N, 1256W,  50,  988, XX,  50, NEQ,    0,    0,   40,    0, 1008,  184,  39,   0,   0, 
EP, 16, 2026092318, 03, AVNO,  24, 166N, 1250W,  52,  990, XX,  34, NEQ,   73,  100,   82,   72, 1010,  173,  38,   0,   0, 
EP, 16, 2026092318, 03, AVNO,  24, 166N, 1250W,  52,  990, XX,  50, NEQ,    0,   48,    0,   43, 1010,  173,  38,   0,   0, 
EP, 16, 2026092318, 03, AVNO,  30, 171N, 1244W,  46,  989, XX,  34, NEQ,   71,   84,   81,   82, 1005,  114,  51,   0,   0, 
EP, 16, 2026092318, 03, AVNO,  36, 175N, 1238W,  52,  992, XX,  34, NEQ,   88,   79,   78,   78, 1008,  119,  28,   0,   0, 
EP, 16, 2026092318, 03, AVNO,  36, 175N, 1238W,  52,  992, XX,  50, NEQ,    0,    0,    0,   28, 1008,  119,  28,   0,   0, 
EP, 16, 2026092318, 03, AVNO,  42, 179N, 1236W,  47,  987, XX,  34, NEQ,   80,   55,   60,   81, 1007,  154,  30,   0,   0, 
EP, 16, 2026092318, 03, AVNO,  48, 181N, 1234W,  44,  992, XX,  34, NEQ,   53,   52,   81,   81, 1008,  105,  31,   0,   0, 
EP, 16, 2026092318, 03, AVNO,  54, 185N, 1233W,  51,  989, XX,  34, NEQ,   89,   48,   70,   90, 1005,  115,  41,   0,   0, 
EP, 16, 2026092318, 03, AVNO,  54, 185N, 1233W,  51,  989, XX,  50, NEQ,    0,    0,   41,    0, 1005,  115,  41,   0,   0, 
EP, 16, 2026092318, 03, AVNO,  60, 187N, 1233W,  43,  994, XX,  34, NEQ,   52,   51,   65,   70, 1006,   79,  34,   0,   0, 
EP, 16, 2026092318, 03, AVNO,  66, 191N, 1234W,  41,  993, XX,  34, NEQ,   57,   54,   50,   64, 1005,  101,  31,   0,   0, 
EP, 16, 2026092318, 03, AVNO,  72, 195N, 1236W,  43,  996, XX,  34, NEQ,   61,   58,   58,   67, 1008,  109,  39,   0,   0, 
EP, 16, 2026092318, 03, AVNO,  78, 200N, 1235W,  39,  995, XX,  34, NEQ,   74,   46,   58,   79, 1003,   70,  41,   0,   0, 
EP, 16, 2026092318, 03, AVNO,  84, 202N, 1236W,  42,  998, XX,  34, NEQ,   79,   61,   60,   84, 1006,   74,  37,   0,   0, 
EP, 16, 2026092318, 03, AVNO,  90, 204N, 1237W,  34,  997, XX,  34, NEQ,    0,    0,    0,   67, 1005,   88,  66,   0,   0, 
EP, 16, 2026092318, 03, AVNO,  96, 204N, 1242W,  32, 1001, XX,  34, NEQ,    0,    0,    0,    0, 1005,   39,  43,   0,   0, 
EP, 16, 2026092318, 03, AVNO, 102, 201N, 1242W,  31, 1000, XX,  34, NEQ,    0,    0,    0,    0, 1004,   42,  64,   0,   0, 
EP, 16, 2026092318, 03, AVNO, 108, 198N, 1242W,  29, 1003, XX,  34, NEQ,    0,    0,    0,    0, 1007,   48,  33,   0,   0, 
EP, 16, 2026092318, 03, AVNO, 114, 196N, 1240W,  28, 1002, XX,  34, NEQ,    0,    0,    0,    0, 1006,   57,  47,   0,   0, 
EP, 16, 2026092318, 03, AVNO, 120, 192N, 1237W,  28, 1005, XX,  34, NEQ,    0,    0,    0,    0, 1009,   76,  38,   0,   0, 
EP, 16, 2026092318, 03, AVNO, 126, 185N, 1234W,  28, 1002, XX,  34, NEQ,    0,    0,    0,    0, 1006,   82,  34,   0,   0, 
EP, 16, 2026092318, 03, AVNO, 132, 178N, 1232W,  27, 1005, XX,  34, NEQ,    0,    0,    0,    0,  -99,  -99,  48,   0,   0, 
EP, 16, 2026092318, 03, AVNO, 138, 173N, 1226W,  26, 1003, XX,  34, NEQ,    0,    0,    0,    0,  -99,  -99,  57,   0,   0, 
EP, 16, 2026092318, 03, AVNO, 144, 170N, 1222W,  21, 1006, XX,  34, NEQ,    0,    0,    0,    0,  -99,  -99,  57,   0,   0, 
EP, 16, 2026092318, 03, AVNO, 150, 168N, 1218W,  20, 1004, XX,  34, NEQ,    0,    0,    0,    0,  -99,  -99,  68,   0,   0, 
EP, 16, 2026092318, 03, AVNO, 156, 167N, 1215W,  18, 1007, XX,  34, NEQ,    0,    0,    0,    0,  -99,  -99,  70,   0,   0, 
EP, 16, 2026092318, 03, AVNO, 162, 165N, 1213W,  18, 1006, XX,  34, NEQ,    0,    0,    0,    0,  -99,  -99,  49,   0,   0, 
EP, 16, 2026092318, 03, AVNO, 168, 164N, 1211W,  16, 1009, XX,  34, NEQ,    0,    0,    0,    0,  -99,  -99,  70,   0,   0, 
EP, 16, 2026092318, 03, AVNO, 174, 163N, 1208W,  18, 1006, XX,  34, NEQ,    0,    0,    0,    0,  -99,  -99,  32,   0,   0, 
EP, 16, 2026092318, 03, AVNO, 180, 160N, 1205W,  19, 1009, XX,  34, NEQ,    0,    0,    0,    0,  -99,  -99,  31,   0,   0, 
EP, 16, 2026092318, 03, AVNO, 186, 156N, 1203W,  18, 1006, XX,  34, NEQ,    0,    0,    0,    0,  -99,  -99,  56,   0,   0, 
EP, 16, 2026092318, 03, AVNO, 192, 152N, 1202W,  18, 1009, XX,  34, NEQ,    0,    0,    0,    0,  -99,  -99,  43,   0,   0, 
EP, 16, 2026092318, 03, AVNO, 198, 149N, 1201W,  19, 1006, XX,  34, NEQ,    0,    0,    0,    0,  -99,  -99,  40,   0,   0, 
EP, 16, 2026092318, 03, AVNO, 204, 147N, 1201W,  19, 1009, XX,  34, NEQ,    0,    0,    0,    0,  -99,  -99,  41,   0,   0, 
EP, 16, 2026092318, 03, AVNO, 210, 142N, 1202W,  18, 1006, XX,  34, NEQ,    0,    0,    0,    0,  -99,  -99,  50,   0,   0, 
EP, 16, 2026092318, 03, AVNO, 216, 137N, 1205W,  20, 1008, XX,  34, NEQ,    0,    0,    0,    0,  -99,  -99, 154,   0,   0, 
EP, 16, 2026092318, 03, AVNO, 222, 133N, 1209W,  20, 1005, XX,  34, NEQ,    0,    0,    0,    0,  -99,  -99, 160,   0,   0, 
EP, 16, 2026092318, 03, AVNO, 228, 128N, 1214W,  18, 1008, XX,  34, NEQ,    0,    0,    0,    0,  -99,  -99,  88,   0,   0, 
EP, 16, 2026092318, 03, AVNO, 234, 123N, 1217W,  18, 1006, XX,  34, NEQ,    0,    0,    0,    0,  -99,  -99,  93,   0,   0, 
EP, 16, 2026092318, 03, AVNO, 240, 119N, 1222W,  18, 1009, XX,  34, NEQ,    0,    0,    0,    0,  -99,  -99,  41,   0,   0, 
EP, 16, 2026092318, 03, HCCA,   0, 155N, 1275W,  70,    0,   ,   0,    ,    0,    0,    0,    0, 
EP, 16, 2026092318, 03, HCCA,  12, 157N, 1262W,  74,    0,   ,   0,    ,    0,    0,    0,    0, 
EP, 16, 2026092318, 03, HCCA,  24, 163N, 1249W,  76,    0,   ,   0,    ,    0,    0,    0,    0, 
EP, 16, 2026092318, 03, HCCA,  36, 171N, 1238W,  78,    0,   ,   0,    ,    0,    0,    0,    0, 
EP, 16, 2026092318, 03, HCCA,  48, 178N, 1231W,  69,    0,   ,   0,    ,    0,    0,    0,    0, 
EP, 16, 2026092318, 03, HCCA,  60, 189N, 1229W,  57,    0,   ,   0,    ,    0,    0,    0,    0, 
EP, 16, 2026092318, 03, HCCA,  72, 200N, 1228W,  52,    0,   ,   0,    ,    0,    0,    0,    0, 
EP, 16, 2026092318, 03, HCCA,  84, 214N, 1224W,  43,    0,   ,   0,    ,    0,    0,    0,    0, 
EP, 16, 2026092318, 03, HCCA,  96, 224N, 1218W,  38,    0,   ,   0,    ,    0,    0,    0,    0, 
EP, 16, 2026092318, 03, HCCA, 108, 228N, 1208W,  35,    0,   ,   0,    ,    0,    0,    0,    0, 
EP, 16, 2026092318, 03, HCCA, 120, 224N, 1198W,  30,    0,   ,   0,    ,    0,    0,    0,    0, 
EP, 16, 2026092318, 03, HCCA, 132, 216N, 1191W,  25,    0,   ,   0,    ,    0,    0,    0,    0, 
EP, 16, 2026092318, 03, HCCA, 144, 210N, 1189W,  21,    0,   ,   0,    ,    0,    0,    0,    0, 
EP, 16, 2026092318, 03, HCCA, 156, 212N, 1189W,  23,    0,   ,   0,    ,    0,    0,    0,    0, 
EP, 16, 2026092318, 03, HCCA, 168, 211N, 1180W,  25,    0,   ,   0,    ,    0,    0,    0,    0, 
EP, 16, 2026092318, 03, HFSA,   0, 155N, 1275W,  69,  981, XX,  34, NEQ,  125,  175,  105,  117, 1001,   47,  23,   0,   0,    ,   0,    ,  79,   7,           ,  ,  0,    ,    0,    0,    0,    0, THERMO PARAMS, 100, 1435, 1458, N, 10, DT, -999, SHR82, -99, 
EP, 16, 2026092318, 03, HFSA,   0, 155N, 1275W,  69,  981, XX,  50, NEQ,   78,   70,   58,   74, 1001,   47,  23,   0,   0,    ,   0,    ,  79,   7,           ,  ,  0,    ,    0,    0,    0,    0, THERMO PARAMS, 100, 1435, 1458, N, 10, DT, -999, SHR82, -99, 
EP, 16, 2026092318, 03, HFSA,   0, 155N, 1275W,  69,  981, XX,  64, NEQ,   34,   40,   36,   37, 1001,   47,  23,   0,   0,    ,   0,    ,  79,   7,           ,  ,  0,    ,    0,    0,    0,    0, THERMO PARAMS, 100, 1435, 1458, N, 10, DT, -999, SHR82, -99, 
EP, 16, 2026092318, 03, HFSA,   6, 156N, 1267W,  65,  976, XX,  34, NEQ,  134,  151,  108,  110, 1000,   69,  32,   0,   0,    ,   0,    ,  71,   9,           ,  ,  0,    ,    0,    0,    0,    0, THERMO PARAMS, 59, 1719, 1616, N, 10, DT, -999, SHR82, -99, 
EP, 16, 2026092318, 03, HFSA,   6, 156N, 1267W,  65,  976, XX,  50, NEQ,   58,   62,   57,   66, 1000,   69,  32,   0,   0,    ,   0,    ,  71,   9,           ,  ,  0,    ,    0,    0,    0,    0, THERMO PARAMS, 59, 1719, 1616, N, 10, DT, -999, SHR82, -99, 
EP, 16, 2026092318, 03, HFSA,   6, 156N, 1267W,  65,  976, XX,  64, NEQ,    0,   39,    0,    0, 1000,   69,  32,   0,   0,    ,   0,    ,  71,   9,           ,  ,  0,    ,    0,    0,    0,    0, THERMO PARAMS, 59, 1719, 1616, N, 10, DT, -999, SHR82, -99, 
EP, 16, 2026092318, 03, HFSA,  12, 157N, 1262W,  61,  981, XX,  34, NEQ,  141,  155,   96,  104,  993,   32,  35,   0,   0,    ,   0,    ,  76,   7,           ,  ,  0,    ,    0,    0,    0,    0, THERMO PARAMS, 36, 1129, 1486, N, 10, DT, -999, SHR82, -99, 
EP, 16, 2026092318, 03, HFSA,  12, 157N, 1262W,  61,  981, XX,  50, NEQ,   47,   60,   58,   57,  993,   32,  35,   0,   0,    ,   0,    ,  76,   7,           ,  ,  0,    ,    0,    0,    0,    0, THERMO PARAMS, 36, 1129, 1486, N, 10, DT, -999, SHR82, -99, 
EP, 16, 2026092318, 03, HFSA,  18, 161N, 1255W,  59,  983, XX,  34, NEQ,  112,  146,  121,   92,  995,   41,  31,   0,   0,    ,   0,    ,  60,   7,           ,  ,  0,    ,    0,    0,    0,    0, THERMO PARAMS, 43, 1182, 1288, N, 10, DT, -999, SHR82, -99, 
EP, 16, 2026092318, 03, HFSA,  18, 161N, 1255W,  59,  983, XX,  50, NEQ,   45,   58,   52,   49,  995,   41,  31,   0,   0,    ,   0,    ,  60,   7,           ,  ,  0,    ,    0,    0,    0,    0, THERMO PARAMS, 43, 1182, 1288, N, 10, DT, -999, SHR82, -99, 
EP, 16, 2026092318, 03, HFSA,  24, 165N, 1250W,  65,  986, XX,  34, NEQ,  100,  170,   96,   89, 1006,   93,  34,   0,   0,    ,   0,    ,  41,   7,           ,  ,  0,    ,    0,    0,    0,    0, THERMO PARAMS, 50, 767, 1152, N, 10, DT, -999, SHR82, -99, 
EP, 16, 2026092318, 03, HFSA,  24, 165N, 1250W,  65,  986, XX,  50, NEQ,   52,   66,   39,   36, 1006,   93,  34,   0,   0,    ,   0,    ,  41,   7,           ,  ,  0,    ,    0,    0,    0,    0, THERMO PARAMS, 50, 767, 1152, N, 10, DT, -999, SHR82, -99, 
EP, 16, 2026092318, 03, HFSA,  24, 165N, 1250W,  65,  986, XX,  64, NEQ,   34,    0,    0,    0, 1006,   93,  34,   0,   0,    ,   0,    ,  41,   7,           ,  ,  0,    ,    0,    0,    0,    0, THERMO PARAMS, 50, 767, 1152, N, 10, DT, -999, SHR82, -99, 
EP, 16, 2026092318, 03, HFSA,  30, 169N, 1243W,  59,  980, XX,  34, NEQ,   96,  136,  104,  121,  996,   47,  23,   0,   0,    ,   0,    ,  58,   8,           ,  ,  0,    ,    0,    0,    0,    0, THERMO PARAMS, 70, 984, 1019, N, 10, DT, -999, SHR82, -99, 
EP, 16, 2026092318, 03, HFSA,  30, 169N, 1243W,  59,  980, XX,  50, NEQ,   39,   52,   44,   36,  996,   47,  23,   0,   0,    ,   0,    ,  58,   8,           ,  ,  0,    ,    0,    0,    0,    0, THERMO PARAMS, 70, 984, 1019, N, 10, DT, -999, SHR82, -99, 
EP, 16, 2026092318, 03, HFSA,  36, 175N, 1239W,  64,  982, XX,  34, NEQ,  125,  104,   89,  104,  998,   46,  33,   0,   0,    ,   0,    ,  33,   5,           ,  ,  0,    ,    0,    0,    0,    0, THERMO PARAMS, 32, 1510, 1156, N, 10, DT, -999, SHR82, -99, 
EP, 16, 2026092318, 03, HFSA,  36, 175N, 1239W,  64,  982, XX,  50, NEQ,   50,   37,   42,   55,  998,   46,  33,   0,   0,    ,   0,    ,  33,   5,           ,  ,  0,    ,    0,    0,    0,    0, THERMO PARAMS, 32, 1510, 1156, N, 10, DT, -999, SHR82, -99, 
EP, 16, 2026092318, 03, HFSA,  42, 179N, 1238W,  69,  979, XX,  34, NEQ,  102,   87,   87,   94,  995,   44,  34,   0,   0,    ,   0,    ,  16,   4,           ,  ,  0,    ,    0,    0,    0,    0, THERMO PARAMS, 84, 1445, 1175, N, 10, DT, -999, SHR82, -99, 
EP, 16, 2026092318, 03, HFSA,  42, 179N, 1238W,  69,  979, XX,  50, NEQ,   45,   45,   47,   52,  995,   44,  34,   0,   0,    ,   0,    ,  16,   4,           ,  ,  0,    ,    0,    0,    0,    0, THERMO PARAMS, 84, 1445, 1175, N, 10, DT, -999, SHR82, -99, 
EP, 16, 2026092318, 03, HFSA,  42, 179N, 1238W,  69,  979, XX,  64, NEQ,    0,    0,    0,   36,  995,   44,  34,   0,   0,    ,   0,    ,  16,   4,           ,  ,  0,    ,    0,    0,    0,    0, THERMO PARAMS, 84, 1445, 1175, N, 10, DT, -999, SHR82, -99, 
EP, 16, 2026092318, 03, HFSA,  48, 181N, 1237W,  74,  981, XX,  34, NEQ,  100,   91,   99,  120, 1005,   88,  26,   0,   0,    ,   0,    ,   4,   4,           ,  ,  0,    ,    0,    0,    0,    0, THERMO PARAMS, 70, 1327, 1173, N, 10, DT, -999, SHR82, -99, 
EP, 16, 2026092318, 03, HFSA,  48, 181N, 1237W,  74,  981, XX,  50, NEQ,   42,   49,   45,   40, 1005,   88,  26,   0,   0,    ,   0,    ,   4,   4,           ,  ,  0,    ,    0,    0,    0,    0, THERMO PARAMS, 70, 1327, 1173, N, 10, DT, -999, SHR82, -99, 
EP, 16, 2026092318, 03, HFSA,  48, 181N, 1237W,  74,  981, XX,  64, NEQ,   31,   32,   26,   31, 1005,   88,  26,   0,   0,    ,   0,    ,   4,   4,           ,  ,  0,    ,    0,    0,    0,    0, THERMO PARAMS, 70, 1327, 1173, N, 10, DT, -999, SHR82, -99, 
EP, 16, 2026092318, 03, HFSA,  54, 186N, 1235W,  74,  979, XX,  34, NEQ,  120,   86,   79,  117, 1003,   88,  25,   0,   0,    ,   0,    ,   2,   5,           ,  ,  0,    ,    0,    0,    0,    0, THERMO PARAMS, 35, 1203, 1356, N, 10, DT, -999, SHR82, -99, 
EP, 16, 2026092318, 03, HFSA,  54, 186N, 1235W,  74,  979, XX,  50, NEQ,   45,   44,   39,   40, 1003,   88,  25,   0,   0,    ,   0,    ,   2,   5,           ,  ,  0,    ,    0,    0,    0,    0, THERMO PARAMS, 35, 1203, 1356, N, 10, DT, -999, SHR82, -99, 
EP, 16, 2026092318, 03, HFSA,  54, 186N, 1235W,  74,  979, XX,  64, NEQ,   28,    0,   32,   31, 1003,   88,  25,   0,   0,    ,   0,    ,   2,   5,           ,  ,  0,    ,    0,    0,    0,    0, THERMO PARAMS, 35, 1203, 1356, N, 10, DT, -999, SHR82, -99, 
EP, 16, 2026092318, 03, HFSA,  60, 190N, 1237W,  65,  982, XX,  34, NEQ,   99,   79,   70,  100,  998,   46,  22,   0,   0,    ,   0,    , 322,   6,           ,  ,  0,    ,    0,    0,    0,    0, THERMO PARAMS, 40, 940, 1228, N, 10, DT, -999, SHR82, -99, 
EP, 16, 2026092318, 03, HFSA,  60, 190N, 1237W,  65,  982, XX,  50, NEQ,   47,   37,   34,   49,  998,   46,  22,   0,   0,    ,   0,    , 322,   6,           ,  ,  0,    ,    0,    0,    0,    0, THERMO PARAMS, 40, 940, 1228, N, 10, DT, -999, SHR82, -99, 
EP, 16, 2026092318, 03, HFSA,  60, 190N, 1237W,  65,  982, XX,  64, NEQ,    0,    0,    0,   24,  998,   46,  22,   0,   0,    ,   0,    , 322,   6,           ,  ,  0,    ,    0,    0,    0,    0, THERMO PARAMS, 40, 940, 1228, N, 10, DT, -999, SHR82, -99, 
EP, 16, 2026092318, 03, HFSA,  66, 195N, 1239W,  65,  983, XX,  34, NEQ,   99,   76,   73,   89,  999,   56,  23,   0,   0,    ,   0,    , 329,   6,           ,  ,  0,    ,    0,    0,    0,    0, THERMO PARAMS, 50, 845, 1284, N, 10, DT, -999, SHR82, -99, 
EP, 16, 2026092318, 03, HFSA,  66, 195N, 1239W,  65,  983, XX,  50, NEQ,   45,   34,   31,   36,  999,   56,  23,   0,   0,    ,   0,    , 329,   6,           ,  ,  0,    ,    0,    0,    0,    0, THERMO PARAMS, 50, 845, 1284, N, 10, DT, -999, SHR82, -99, 
EP, 16, 2026092318, 03, HFSA,  66, 195N, 1239W,  65,  983, XX,  64, NEQ,    0,    0,    0,   24,  999,   56,  23,   0,   0,    ,   0,    , 329,   6,           ,  ,  0,    ,    0,    0,    0,    0, THERMO PARAMS, 50, 845, 1284, N, 10, DT, -999, SHR82, -99, 
EP, 16, 2026092318, 03, HFSA,  72, 201N, 1241W,  55,  988, XX,  34, NEQ,  100,   78,   74,   92, 1000,   45,  28,   0,   0,    ,   0,    , 337,   8,           ,  ,  0,    ,    0,    0,    0,    0, THERMO PARAMS, 39, 1704, 388, N, 10, DT, -999, SHR82, -99, 
EP, 16, 2026092318, 03, HFSA,  72, 201N, 1241W,  55,  988, XX,  50, NEQ,   37,    0,    0,   34, 1000,   45,  28,   0,   0,    ,   0,    , 337,   8,           ,  ,  0,    ,    0,    0,    0,    0, THERMO PARAMS, 39, 1704, 388, N, 10, DT, -999, SHR82, -99, 
EP, 16, 2026092318, 03, HFSA,  78, 207N, 1243W,  53,  990, XX,  34, NEQ,  108,   76,   68,   99,  998,   43,  27,   0,   0,    ,   0,    , 347,   7,           ,  ,  0,    ,    0,    0,    0,    0, THERMO PARAMS, 68, 1780, 177, N, 10, DT, -999, SHR82, -99, 
EP, 16, 2026092318, 03, HFSA,  78, 207N, 1243W,  53,  990, XX,  50, NEQ,    0,    0,   31,   34,  998,   43,  27,   0,   0,    ,   0,    , 347,   7,           ,  ,  0,    ,    0,    0,    0,    0, THERMO PARAMS, 68, 1780, 177, N, 10, DT, -999, SHR82, -99, 
EP, 16, 2026092318, 03, HFSA,  84, 212N, 1243W,  53,  994, XX,  34, NEQ,  104,   62,   65,  120,  998,   22,  32,   0,   0,    ,   0,    , 344,   6,           ,  ,  0,    ,    0,    0,    0,    0, THERMO PARAMS, 36, 281, 321, N, 10, DT, -999, SHR82, -99, 
EP, 16, 2026092318, 03, HFSA,  84, 212N, 1243W,  53,  994, XX,  50, NEQ,    0,    0,    0,   37,  998,   22,  32,   0,   0,    ,   0,    , 344,   6,           ,  ,  0,    ,    0,    0,    0,    0, THERMO PARAMS, 36, 281, 321, N, 10, DT, -999, SHR82, -99, 
EP, 16, 2026092318, 03, HFSA,  90, 215N, 1247W,  41,  995, XX,  34, NEQ,   86,   52,    0,   84, 1003,   60,  60,   0,   0,    ,   0,    , 328,   4,           ,  ,  0,    ,    0,    0,    0,    0, THERMO PARAMS, -47, 1719, -469, N, 10, DT, -999, SHR82, -99, 
EP, 16, 2026092318, 03, HFSA,  96, 216N, 1250W,  36,  999, XX,  34, NEQ,    0,    0,    0,   81, 1007,   77,  75,   0,   0,    ,   0,    , 319,   3,           ,  ,  0,    ,    0,    0,    0,    0, THERMO PARAMS, -71, 1591, -691, N, 10, DT, -999, SHR82, -99, 
EP, 16, 2026092318, 03, HFSA, 102, 218N, 1253W,  37,  998, XX,  34, NEQ,    0,    0,    0,   94, 1006,  101,  84,   0,   0,    ,   0,    , 332,   2,           ,  ,  0,    ,    0,    0,    0,    0, THERMO PARAMS, -44, 1671, -589, N, 10, DT, -999, SHR82, -99, 
EP, 16, 2026092318, 03, HFSA, 108, 218N, 1257W,  35, 1002, XX,  34, NEQ,    0,    0,    0,   76, 1006,   40,  73,   0,   0,    ,   0,    , 281,   2,           ,  ,  0,    ,    0,    0,    0,    0, THERMO PARAMS, -77, 1307, -803, N, 10, DT, -999, SHR82, -99, 
EP, 16, 2026092318, 03, HFSA, 114, 216N, 1262W,  32, 1002, XX,  34, NEQ,    0,    0,    0,    0, 1006,   52,  46,   0,   0,    ,   0,    , 213,   2,           ,  ,  0,    ,    0,    0,    0,    0, THERMO PARAMS, -98, 1360, -400, N, 10, DT, -999, SHR82, -99, 
EP, 16, 2026092318, 03, HFSA, 120, 211N, 1266W,  30, 1004, XX,  34, NEQ,    0,    0,    0,    0, 1008,   65,  71,   0,   0,    ,   0,    , 209,   4,           ,  ,  0,    ,    0,    0,    0,    0, THERMO PARAMS, -88, 975, -207, N, 10, DT, -999, SHR82, -99, 
EP, 16, 2026092318, 03, HFSA, 126, 206N, 1269W,  29, 1002, XX,  34, NEQ,    0,    0,    0,    0, 1006,   81,  76,   0,   0,    ,   0,    , -99, -99,           ,  ,  0,    ,    0,    0,    0,    0, THERMO PARAMS, -54, 1037, -165, N, 10, DT, -999, SHR82, -99, 
EP, 16, 2026092318, 03, TVCN,   0, 155N, 1275W,   0,    0,   ,   0,    ,    0,    0,    0,    0, 
EP, 16, 2026092318, 03, TVCN,  12, 158N, 1263W,   0,    0,   ,   0,    ,    0,    0,    0,    0, 
EP, 16, 2026092318, 03, TVCN,  24, 164N, 1250W,   0,    0,   ,   0,    ,    0,    0,    0,    0, 
EP, 16, 2026092318, 03, TVCN,  36, 172N, 1240W,   0,    0,   ,   0,    ,    0,    0,    0,    0, 
EP, 16, 2026092318, 03, TVCN,  48, 180N, 1235W,   0,    0,   ,   0,    ,    0,    0,    0,    0, 
EP, 16, 2026092318, 03, TVCN,  60, 188N, 1233W,   0,    0,   ,   0,    ,    0,    0,    0,    0, 
EP, 16, 2026092318, 03, TVCN,  72, 199N, 1233W,   0,    0,   ,   0,    ,    0,    0,    0,    0, 
EP, 16, 2026092318, 03, TVCN,  84, 210N, 1234W,   0,    0,   ,   0,    ,    0,    0,    0,    0, 
EP, 16, 2026092318, 03, TVCN,  96, 218N, 1234W,   0,    0,   ,   0,    ,    0,    0,    0,    0, 
EP, 16, 2026092318, 03, TVCN, 108, 220N, 1233W,   0,    0,   ,   0,    ,    0,    0,    0,    0, 
EP, 16, 2026092318, 03, TVCN, 120, 216N, 1231W,   0,    0,   ,   0,    ,    0,    0,    0,    0, 
EP, 16, 2026092318, 03, TVCN, 132, 209N, 1229W,   0,    0,   ,   0,    ,    0,    0,    0,    0, 
EP, 16, 2026092318, 03, TVCN, 144, 204N, 1211W,   0,    0,   ,   0,    ,    0,    0,    0,    0, 
EP, 16, 2026092318, 03, TVCN, 156, 196N, 1210W,   0,    0,   ,   0,    ,    0,    0,    0,    0, 
EP, 16, 2026092318, 03, TVCN, 168, 188N, 1210W,   0,    0,   ,   0,    ,    0,    0,    0,    0, 
EP, 16, 2026092400, 03,  UKX,   0, 156N, 1267W,  47,  995, XX,  34, NEQ,   97,  123,   71,   83, 
EP, 16, 2026092400, 03,  UKX,   6, 158N, 1261W,  44,  996, XX,  34, NEQ,  106,  105,   66,   79, 
EP, 16, 2026092400, 03,  UKX,  12, 162N, 1257W,  43,  995, XX,  34, NEQ,   96,   94,   72,   66, 
EP, 16, 2026092400, 03,  UKX,  18, 165N, 1251W,  43,  996, XX,  34, NEQ,  108,   90,   48,   77, 
EP, 16, 2026092400, 03,  UKX,  24, 170N, 1247W,  43,  995, XX,  34, NEQ,   93,   82,   45,   81, 
EP, 16, 2026092400, 03,  UKX,  30, 173N, 1243W,  46,  995, XX,  34, NEQ,   96,   79,   42,   86, 
EP, 16, 2026092400, 03,  UKX,  36, 178N, 1240W,  47,  994, XX,  34, NEQ,   84,   58,   42,   76, 
EP, 16, 2026092400, 03,  UKX,  42, 182N, 1240W,  44,  996, XX,  34, NEQ,   83,   46,   45,   73, 
EP, 16, 2026092400, 03,  UKX,  48, 185N, 1240W,  43,  994, XX,  34, NEQ,   68,   60,   57,   71, 
EP, 16, 2026092400, 03,  UKX,  54, 188N, 1242W,  45,  997, XX,  34, NEQ,   76,   56,   48,   73, 
EP, 16, 2026092400, 03,  UKX,  60, 192N, 1244W,  41,  996, XX,  34, NEQ,   64,   52,    0,   57, 
EP, 16, 2026092400, 03,  UKX,  66, 196N, 1248W,  39,  999, XX,  34, NEQ,   59,   44,   44,   56, 
EP, 16, 2026092400, 03,  UKX,  72, 201N, 1250W,  40,  998, XX,  34, NEQ,   99,    0,   47,   63, 
EP, 16, 2026092400, 03,  UKX,  78, 206N, 1252W,  37, 1000, XX,  34, NEQ,   86,    0,    0,   48, 
EP, 16, 2026092400, 03,  UKX,  84, 212N, 1255W,  35, 1000, XX,  34, NEQ,    0,    0,    0,   42, 
EP, 16, 2026092400, 03,  UKX,  90, 217N, 1255W,  32, 1003, XX,  34, NEQ,    0,    0,    0,    0, 
EP, 16, 2026092400, 03,  UKX,  96, 222N, 1257W,  31, 1001, XX,  34, NEQ,    0,    0,    0,    0, 
EP, 16, 2026092400, 03,  UKX, 102, 226N, 1258W,  33, 1004, XX,  34, NEQ,    0,    0,    0,    0, 
EP, 16, 2026092400, 03,  UKX, 108, 227N, 1260W,  34, 1003, XX,  34, NEQ,    0,    0,    0,    0, 
EP, 16, 2026092400, 03,  UKX, 114, 221N, 1261W,  31, 1006, XX,  34, NEQ,    0,    0,    0,    0, 
EP, 16, 2026092400, 03,  UKX, 120, 213N, 1257W,  29, 1004, XX,  34, NEQ,    0,    0,    0,    0, 
EP, 16, 2026092400, 03,  UKX, 126, 206N, 1254W,  25, 1007, XX,  34, NEQ,    0,    0,    0,    0, 
EP, 16, 2026092400, 03,  UKX, 132, 204N, 1253W,  23, 1005, XX,  34, NEQ,    0,    0,    0,    0, 
EP, 16, 2026092400, 03,  UKX, 138, 199N, 1254W,  23, 1008, XX,  34, NEQ,    0,    0,    0,    0, 
EP, 16, 2026092400, 03,  UKX, 144, 197N, 1254W,  22, 1006, XX,  34, NEQ,    0,    0,    0,    0, 
EP, 16, 2026092400, 03, AVNO,   0, 158N, 1269W,  59,  983, XX,  34, NEQ,   93,  107,   92,   86, 1007,  160,  41,   0,   0, 
EP, 16, 2026092400, 03, AVNO,   0, 158N, 1269W,  59,  983, XX,  50, NEQ,   42,   54,   50,   55, 1007,  160,  41,   0,   0, 
EP, 16, 2026092400, 03, AVNO,   6, 159N, 1261W,  53,  987, XX,  34, NEQ,  103,   95,   81,   91, 1011,  189,  36,   0,   0, 
EP, 16, 2026092400, 03, AVNO,   6, 159N, 1261W,  53,  987, XX,  50, NEQ,   41,   47,    0,   45, 1011,  189,  36,   0,   0, 
EP, 16, 2026092400, 03, AVNO,  12, 163N, 1254W,  60,  984, XX,  34, NEQ,   82,  108,   82,   74, 1008,  188,  32,   0,   0, 
EP, 16, 2026092400, 03, AVNO,  12, 163N, 1254W,  60,  984, XX,  50, NEQ,   51,   45,   53,   45, 1008,  188,  32,   0,   0, 
EP, 16, 2026092400, 03, AVNO,  18, 167N, 1249W,  56,  985, XX,  34, NEQ,   81,  109,   77,   77, 1009,  136,  35,   0,   0, 
EP, 16, 2026092400, 03, AVNO,  18, 167N, 1249W,  56,  985, XX,  50, NEQ,   41,   51,   41,   47, 1009,  136,  35,   0,   0, 
EP, 16, 2026092400, 03, AVNO,  24, 173N, 1243W,  58,  982, XX,  34, NEQ,   77,   87,   77,   93, 1006,  128,  32,   0,   0, 
EP, 16, 2026092400, 03, AVNO,  24, 173N, 1243W,  58,  982, XX,  50, NEQ,   45,   43,   36,   47, 1006,  128,  32,   0,   0, 
EP, 16, 2026092400, 03, AVNO,  30, 176N, 1238W,  58,  986, XX,  34, NEQ,   90,   73,   67,   87, 1010,  140,  32,   0,   0, 
EP, 16, 2026092400, 03, AVNO,  30, 176N, 1238W,  58,  986, XX,  50, NEQ,   39,   39,   39,   47, 1010,  140,  32,   0,   0, 
EP, 16, 2026092400, 03, AVNO,  36, 180N, 1236W,  59,  984, XX,  34, NEQ,   84,   69,   71,   80, 1008,  158,  33,   0,   0, 
EP, 16, 2026092400, 03, AVNO,  36, 180N, 1236W,  59,  984, XX,  50, NEQ,   34,   39,   31,   42, 1008,  158,  33,   0,   0, 
EP, 16, 2026092400, 03, AVNO,  42, 183N, 1234W,  53,  988, XX,  34, NEQ,   70,   66,   77,   85, 1008,   98,  36,   0,   0, 
EP, 16, 2026092400, 03, AVNO,  42, 183N, 1234W,  53,  988, XX,  50, NEQ,    0,    0,   36,   34, 1008,   98,  36,   0,   0, 
EP, 16, 2026092400, 03, AVNO,  48, 185N, 1233W,  50,  987, XX,  34, NEQ,   96,   60,   77,   95, 1007,  177,  27,   0,   0, 
EP, 16, 2026092400, 03, AVNO,  54, 188N, 1232W,  53,  989, XX,  34, NEQ,   77,   61,   62,   71, 1009,  141,  27,   0,   0, 
EP, 16, 2026092400, 03, AVNO,  54, 188N, 1232W,  53,  989, XX,  50, NEQ,   38,    0,   36,   34, 1009,  141,  27,   0,   0, 
EP, 16, 2026092400, 03, AVNO,  60, 194N, 1233W,  55,  984, XX,  34, NEQ,   70,   60,   53,   69, 1004,   76,  25,   0,   0, 
EP, 16, 2026092400, 03, AVNO,  60, 194N, 1233W,  55,  984, XX,  50, NEQ,   33,    0,   29,   34, 1004,   76,  25,   0,   0, 
EP, 16, 2026092400, 03, AVNO,  66, 199N, 1233W,  51,  988, XX,  34, NEQ,   70,   62,   60,   73, 1008,  110,  25,   0,   0, 
EP, 16, 2026092400, 03, AVNO,  66, 199N, 1233W,  51,  988, XX,  50, NEQ,    0,    0,    0,   26, 1008,  110,  25,   0,   0, 
EP, 16, 2026092400, 03, AVNO,  72, 204N, 1234W,  48,  990, XX,  34, NEQ,   75,   57,   56,   72, 1006,  113,  31,   0,   0, 
EP, 16, 2026092400, 03, AVNO,  78, 206N, 1236W,  44,  995, XX,  34, NEQ,   70,   39,   53,   68, 1007,   76,  37,   0,   0, 
EP, 16, 2026092400, 03, AVNO,  84, 207N, 1238W,  37,  996, XX,  34, NEQ,   61,    0,   42,   59, 1004,   57,  39,   0,   0, 
EP, 16, 2026092400, 03, AVNO,  90, 206N, 1242W,  34, 1000, XX,  34, NEQ,    0,    0,    0,    0, 1008,   73,  42,   0,   0, 
EP, 16, 2026092400, 03, AVNO,  96, 204N, 1244W,  33,  999, XX,  34, NEQ,    0,    0,    0,    0, 1003,   34,  48,   0,   0, 
EP, 16, 2026092400, 03, AVNO, 102, 201N, 1247W,  32, 1002, XX,  34, NEQ,    0,    0,    0,    0, 1006,   40,  46,   0,   0, 
EP, 16, 2026092400, 03, AVNO, 108, 197N, 1248W,  30, 1001, XX,  34, NEQ,    0,    0,    0,    0, 1005,   50,  42,   0,   0, 
EP, 16, 2026092400, 03, AVNO, 114, 192N, 1250W,  29, 1004, XX,  34, NEQ,    0,    0,    0,    0, 1008,   60,  45,   0,   0, 
EP, 16, 2026092400, 03, AVNO, 120, 187N, 1250W,  28, 1002, XX,  34, NEQ,    0,    0,    0,    0, 1006,   63,  46,   0,   0, 
EP, 16, 2026092400, 03, AVNO, 126, 183N, 1249W,  27, 1005, XX,  34, NEQ,    0,    0,    0,    0, 1009,   69,  36,   0,   0, 
EP, 16, 2026092400, 03, AVNO, 132, 181N, 1249W,  25, 1003, XX,  34, NEQ,    0,    0,    0,    0, 1007,   81,  45,   0,   0, 
EP, 16, 2026092400, 03, AVNO, 138, 180N, 1250W,  25, 1006, XX,  34, NEQ,    0,    0,    0,    0,  -99,  -99,  40,   0,   0, 
EP, 16, 2026092400, 03, AVNO, 144, 182N, 1251W,  25, 1004, XX,  34, NEQ,    0,    0,    0,    0,  -99,  -99,  34,   0,   0, 
EP, 16, 2026092400, 03, AVNO, 150, 183N, 1254W,  24, 1007, XX,  34, NEQ,    0,    0,    0,    0,  -99,  -99,  28,   0,   0, 
EP, 16, 2026092400, 03, AVNO, 156, 187N, 1260W,  21, 1005, XX,  34, NEQ,    0,    0,    0,    0,  -99,  -99,  19,   0,   0, 
EP, 16, 2026092400, 03, AVNO, 162, 193N, 1267W,  22, 1008, XX,  34, NEQ,    0,    0,    0,    0,  -99,  -99,  18,   0,   0, 
EP, 16, 2026092400, 03, AVNO, 168, 199N, 1278W,  22, 1005, XX,  34, NEQ,    0,    0,    0,    0,  -99,  -99,  27,   0,   0, 
EP, 16, 2026092400, 03, AVNO, 174, 190N, 1289W,  32, 1007, XX,  34, NEQ,    0,    0,    0,    0,  -99,  -99, 153,   0,   0, 
EP, 16, 2026092400, 03, AVNO, 180, 169N, 1285W,  33,  998, XX,  34, NEQ,    0,    0,    0,    0, 1006,   89,  32,   0,   0, 
EP, 16, 2026092400, 03, AVNO, 186, 171N, 1285W,  32, 1001, XX,  34, NEQ,    0,    0,    0,    0, 1009,   95,  31,   0,   0, 
EP, 16, 2026092400, 03, AVNO, 192, 175N, 1286W,  29,  999, XX,  34, NEQ,    0,    0,    0,    0, 1007,  138,  36,   0,   0, 
EP, 16, 2026092400, 03, AVNO, 198, 177N, 1289W,  31, 1002, XX,  34, NEQ,    0,    0,    0,    0, 1010,  161,  29,   0,   0, 
EP, 16, 2026092400, 03, AVNO, 204, 178N, 1293W,  32, 1001, XX,  34, NEQ,    0,    0,    0,    0, 1005,   34,  31,   0,   0, 
EP, 16, 2026092400, 03, AVNO, 210, 178N, 1298W,  35, 1003, XX,  34, NEQ,    0,    0,   38,    0, 1011,  111,  34,   0,   0, 
EP, 16, 2026092400, 03, AVNO, 216, 177N, 1301W,  36, 1001, XX,  34, NEQ,    0,    0,   37,   39, 1005,   34,  28,   0,   0, 
EP, 16, 2026092400, 03, AVNO, 222, 175N, 1304W,  33, 1003, XX,  34, NEQ,    0,    0,    0,    0, 1007,   36,  46,   0,   0, 
EP, 16, 2026092400, 03, AVNO, 228, 172N, 1309W,  32,  999, XX,  34, NEQ,    0,    0,    0,    0, 1007,   81,  36,   0,   0, 
EP, 16, 2026092400, 03, AVNO, 234, 169N, 1313W,  29, 1003, XX,  34, NEQ,    0,    0,    0,    0, 1007,   30,  31,   0,   0, 
EP, 16, 2026092400, 03, AVNO, 240, 168N, 1316W,  29, 1000, XX,  34, NEQ,    0,    0,    0,    0, 1004,   29,  28,   0,   0, 
EP, 16, 2026092400, 03, HCCA,   0, 156N, 1269W,  75,    0,   ,   0,    ,    0,    0,    0,    0, 
EP, 16, 2026092400, 03, HCCA,  12, 161N, 1255W,  81,    0,   ,   0,    ,    0,    0,    0,    0, 
EP, 16, 2026092400, 03, HCCA,  24, 169N, 1243W,  86,    0,   ,   0,    ,    0,    0,    0,    0, 
EP, 16, 2026092400, 03, HCCA,  36, 177N, 1233W,  81,    0,   ,   0,    ,    0,    0,    0,    0, 
EP, 16, 2026092400, 03, HCCA,  48, 186N, 1229W,  74,    0,   ,   0,    ,    0,    0,    0,    0, 
EP, 16, 2026092400, 03, HCCA,  60, 196N, 1229W,  67,    0,   ,   0,    ,    0,    0,    0,    0, 
EP, 16, 2026092400, 03, HCCA,  72, 208N, 1228W,  52,    0,   ,   0,    ,    0,    0,    0,    0, 
EP, 16, 2026092400, 03, HCCA,  84, 219N, 1225W,  41,    0,   ,   0,    ,    0,    0,    0,    0, 
EP, 16, 2026092400, 03, HCCA,  96, 224N, 1220W,  35,    0,   ,   0,    ,    0,    0,    0,    0, 
EP, 16, 2026092400, 03, HCCA, 108, 221N, 1216W,  31,    0,   ,   0,    ,    0,    0,    0,    0, 
EP, 16, 2026092400, 03, HCCA, 120, 213N, 1210W,  27,    0,   ,   0,    ,    0,    0,    0,    0, 
EP, 16, 2026092400, 03, HCCA, 132, 199N, 1204W,  24,    0,   ,   0,    ,    0,    0,    0,    0, 
EP, 16, 2026092400, 03, HCCA, 144, 186N, 1201W,  23,    0,   ,   0,    ,    0,    0,    0,    0, 
EP, 16, 2026092400, 03, HCCA, 156, 181N, 1202W,  24,    0,   ,   0,    ,    0,    0,    0,    0, 
EP, 16, 2026092400, 03, HCCA, 168, 175N, 1201W,   0,    0,   ,   0,    ,    0,    0,    0,    0, 
EP, 16, 2026092400, 03, HFSA,   0, 156N, 1269W,  78,  973, XX,  34, NEQ,  123,  155,  121,  131, 1001,   66,  25,   0,   0,    ,   0,    ,  79,   8,           ,  ,  0,    ,    0,    0,    0,    0, THERMO PARAMS, 85, 1614, 2098, N, 10, DT, -999, SHR82, -99, 
EP, 16, 2026092400, 03, HFSA,   0, 156N, 1269W,  78,  973, XX,  50, NEQ,   66,   71,   66,   78, 1001,   66,  25,   0,   0,    ,   0,    ,  79,   8,           ,  ,  0,    ,    0,    0,    0,    0, THERMO PARAMS, 85, 1614, 2098, N, 10, DT, -999, SHR82, -99, 
EP, 16, 2026092400, 03, HFSA,   0, 156N, 1269W,  78,  973, XX,  64, NEQ,   42,   50,   47,   50, 1001,   66,  25,   0,   0,    ,   0,    ,  79,   8,           ,  ,  0,    ,    0,    0,    0,    0, THERMO PARAMS, 85, 1614, 2098, N, 10, DT, -999, SHR82, -99, 
EP, 16, 2026092400, 03, HFSA,   6, 157N, 1263W,  64,  977, XX,  34, NEQ,  139,  159,   92,  118, 1001,   58,  32,   0,   0,    ,   0,    ,  74,   7,           ,  ,  0,    ,    0,    0,    0,    0, THERMO PARAMS, 45, 1247, 2276, N, 10, DT, -999, SHR82, -99, 
EP, 16, 2026092400, 03, HFSA,   6, 157N, 1263W,  64,  977, XX,  50, NEQ,   52,   60,   53,   60, 1001,   58,  32,   0,   0,    ,   0,    ,  74,   7,           ,  ,  0,    ,    0,    0,    0,    0, THERMO PARAMS, 45, 1247, 2276, N, 10, DT, -999, SHR82, -99, 
EP, 16, 2026092400, 03, HFSA,   6, 157N, 1263W,  64,  977, XX,  64, NEQ,    0,   32,    0,    0, 1001,   58,  32,   0,   0,    ,   0,    ,  74,   7,           ,  ,  0,    ,    0,    0,    0,    0, THERMO PARAMS, 45, 1247, 2276, N, 10, DT, -999, SHR82, -99, 
EP, 16, 2026092400, 03, HFSA,  12, 161N, 1256W,  56,  981, XX,  34, NEQ,  112,  152,  104,   99,  997,   48,  38,   0,   0,    ,   0,    ,  63,   8,           ,  ,  0,    ,    0,    0,    0,    0, THERMO PARAMS, 49, 986, 1927, N, 10, DT, -999, SHR82, -99, 
EP, 16, 2026092400, 03, HFSA,  12, 161N, 1256W,  56,  981, XX,  50, NEQ,   47,   53,   47,   50,  997,   48,  38,   0,   0,    ,   0,    ,  63,   8,           ,  ,  0,    ,    0,    0,    0,    0, THERMO PARAMS, 49, 986, 1927, N, 10, DT, -999, SHR82, -99, 
EP, 16, 2026092400, 03, HFSA,  18, 166N, 1250W,  58,  985, XX,  34, NEQ,  117,  144,  102,   92,  993,   28,  31,   0,   0,    ,   0,    ,  44,   7,           ,  ,  0,    ,    0,    0,    0,    0, THERMO PARAMS, 35, 1087, 1208, N, 10, DT, -999, SHR82, -99, 
EP, 16, 2026092400, 03, HFSA,  18, 166N, 1250W,  58,  985, XX,  50, NEQ,   55,   65,   57,   49,  993,   28,  31,   0,   0,    ,   0,    ,  44,   7,           ,  ,  0,    ,    0,    0,    0,    0, THERMO PARAMS, 35, 1087, 1208, N, 10, DT, -999, SHR82, -99, 
EP, 16, 2026092400, 03, HFSA,  24, 171N, 1244W,  64,  983, XX,  34, NEQ,   97,  133,  102,  118,  991,   31,  31,   0,   0,    ,   0,    ,  53,   7,           ,  ,  0,    ,    0,    0,    0,    0, THERMO PARAMS, 57, 1405, 1206, N, 10, DT, -999, SHR82, -99, 
EP, 16, 2026092400, 03, HFSA,  24, 171N, 1244W,  64,  983, XX,  50, NEQ,   57,   55,   47,   50,  991,   31,  31,   0,   0,    ,   0,    ,  53,   7,           ,  ,  0,    ,    0,    0,    0,    0, THERMO PARAMS, 57, 1405, 1206, N, 10, DT, -999, SHR82, -99, 
EP, 16, 2026092400, 03, HFSA,  30, 175N, 1240W,  67,  984, XX,  34, NEQ,  110,  102,   87,  107, 1004,   76,  35,   0,   0,    ,   0,    ,  38,   4,           ,  ,  0,    ,    0,    0,    0,    0, THERMO PARAMS, 51, 963, 1141, N, 10, DT, -999, SHR82, -99, 
EP, 16, 2026092400, 03, HFSA,  30, 175N, 1240W,  67,  984, XX,  50, NEQ,   45,   45,   40,   55, 1004,   76,  35,   0,   0,    ,   0,    ,  38,   4,           ,  ,  0,    ,    0,    0,    0,    0, THERMO PARAMS, 51, 963, 1141, N, 10, DT, -999, SHR82, -99, 
EP, 16, 2026092400, 03, HFSA,  30, 175N, 1240W,  67,  984, XX,  64, NEQ,    0,    0,    0,   37, 1004,   76,  35,   0,   0,    ,   0,    ,  38,   4,           ,  ,  0,    ,    0,    0,    0,    0, THERMO PARAMS, 51, 963, 1141, N, 10, DT, -999, SHR82, -99, 
EP, 16, 2026092400, 03, HFSA,  36, 180N, 1238W,  58,  984, XX,  34, NEQ,  110,   96,   89,  107, 1000,   58,  28,   0,   0,    ,   0,    ,  20,   5,           ,  ,  0,    ,    0,    0,    0,    0, THERMO PARAMS, 62, 1295, 1088, N, 10, DT, -999, SHR82, -99, 
EP, 16, 2026092400, 03, HFSA,  36, 180N, 1238W,  58,  984, XX,  50, NEQ,   37,   34,   28,   39, 1000,   58,  28,   0,   0,    ,   0,    ,  20,   5,           ,  ,  0,    ,    0,    0,    0,    0, THERMO PARAMS, 62, 1295, 1088, N, 10, DT, -999, SHR82, -99, 
EP, 16, 2026092400, 03, HFSA,  42, 184N, 1238W,  62,  986, XX,  34, NEQ,  113,   91,   94,  113,  998,   41,  31,   0,   0,    ,   0,    , 352,   4,           ,  ,  0,    ,    0,    0,    0,    0, THERMO PARAMS, 63, 1289, 1155, N, 10, DT, -999, SHR82, -99, 
EP, 16, 2026092400, 03, HFSA,  42, 184N, 1238W,  62,  986, XX,  50, NEQ,   39,   31,   36,   42,  998,   41,  31,   0,   0,    ,   0,    , 352,   4,           ,  ,  0,    ,    0,    0,    0,    0, THERMO PARAMS, 63, 1289, 1155, N, 10, DT, -999, SHR82, -99, 
EP, 16, 2026092400, 03, HFSA,  48, 188N, 1238W,  61,  985, XX,  34, NEQ,  115,   86,   91,  113, 1005,  107,  26,   0,   0,    ,   0,    ,   3,   5,           ,  ,  0,    ,    0,    0,    0,    0, THERMO PARAMS, 35, 1102, 1054, N, 10, DT, -999, SHR82, -99, 
EP, 16, 2026092400, 03, HFSA,  48, 188N, 1238W,  61,  985, XX,  50, NEQ,   37,    0,   31,   36, 1005,  107,  26,   0,   0,    ,   0,    ,   3,   5,           ,  ,  0,    ,    0,    0,    0,    0, THERMO PARAMS, 35, 1102, 1054, N, 10, DT, -999, SHR82, -99, 
EP, 16, 2026092400, 03, HFSA,  54, 191N, 1240W,  62,  986, XX,  34, NEQ,  102,   81,   83,   94, 1002,   62,  29,   0,   0,    ,   0,    , 319,   4,           ,  ,  0,    ,    0,    0,    0,    0, THERMO PARAMS, 17, 919, 1099, N, 10, DT, -999, SHR82, -99, 
EP, 16, 2026092400, 03, HFSA,  54, 191N, 1240W,  62,  986, XX,  50, NEQ,   36,    0,   40,   50, 1002,   62,  29,   0,   0,    ,   0,    , 319,   4,           ,  ,  0,    ,    0,    0,    0,    0, THERMO PARAMS, 17, 919, 1099, N, 10, DT, -999, SHR82, -99, 
EP, 16, 2026092400, 03, HFSA,  60, 196N, 1241W,  60,  984, XX,  34, NEQ,   91,   76,   78,   84,  992,   32,  26,   0,   0,    ,   0,    , 339,   6,           ,  ,  0,    ,    0,    0,    0,    0, THERMO PARAMS, 58, 976, 1239, N, 10, DT, -999, SHR82, -99, 
EP, 16, 2026092400, 03, HFSA,  60, 196N, 1241W,  60,  984, XX,  50, NEQ,   44,    0,   31,   42,  992,   32,  26,   0,   0,    ,   0,    , 339,   6,           ,  ,  0,    ,    0,    0,    0,    0, THERMO PARAMS, 58, 976, 1239, N, 10, DT, -999, SHR82, -99, 
EP, 16, 2026092400, 03, HFSA,  66, 200N, 1243W,  49,  991, XX,  34, NEQ,  102,   70,   74,   97, 1007,  105,  34,   0,   0,    ,   0,    , 336,   7,           ,  ,  0,    ,    0,    0,    0,    0, THERMO PARAMS, 19, 1357, -65, N, 10, DT, -999, SHR82, -99, 
EP, 16, 2026092400, 03, HFSA,  72, 205N, 1245W,  49,  992, XX,  34, NEQ,  108,   49,   66,   97, 1000,   51,  27,   0,   0,    ,   0,    , 356,   6,           ,  ,  0,    ,    0,    0,    0,    0, THERMO PARAMS, 80, 1254, 116, N, 10, DT, -999, SHR82, -99, 
EP, 16, 2026092400, 03, HFSA,  78, 210N, 1245W,  50,  996, XX,  34, NEQ,  105,   60,   62,  104, 1004,   62,  67,   0,   0,    ,   0,    , 352,   6,           ,  ,  0,    ,    0,    0,    0,    0, THERMO PARAMS, 68, 903, 2, N, 10, DT, -999, SHR82, -99, 
EP, 16, 2026092400, 03, HFSA,  84, 214N, 1247W,  40,  996, XX,  34, NEQ,   78,    0,    0,   76, 1004,   71,  69,   0,   0,    ,   0,    , 339,   5,           ,  ,  0,    ,    0,    0,    0,    0, THERMO PARAMS, 41, 1293, -213, N, 10, DT, -999, SHR82, -99, 
EP, 16, 2026092400, 03, HFSA,  90, 217N, 1250W,  36, 1000, XX,  34, NEQ,    0,    0,    0,    0, 1008,   88,  70,   0,   0,    ,   0,    , 331,   4,           ,  ,  0,    ,    0,    0,    0,    0, THERMO PARAMS, -8, 1296, -606, N, 10, DT, -999, SHR82, -99, 
EP, 16, 2026092400, 03, HFSA,  96, 219N, 1254W,  34,  999, XX,  34, NEQ,    0,    0,    0,    0, 1007,  113,  84,   0,   0,    ,   0,    , 307,   3,           ,  ,  0,    ,    0,    0,    0,    0, THERMO PARAMS, -48, 1378, -501, N, 10, DT, -999, SHR82, -99, 
EP, 16, 2026092400, 03, HFSA, 102, 218N, 1259W,  33, 1003, XX,  34, NEQ,    0,    0,    0,    0, 1007,   44,  56,   0,   0,    ,   0,    , 268,   4,           ,  ,  0,    ,    0,    0,    0,    0, THERMO PARAMS, -83, 1388, -558, N, 10, DT, -999, SHR82, -99, 
EP, 16, 2026092400, 03, HFSA, 108, 216N, 1265W,  31, 1002, XX,  34, NEQ,    0,    0,    0,    0, 1006,   57,  68,   0,   0,    ,   0,    , 243,   4,           ,  ,  0,    ,    0,    0,    0,    0, THERMO PARAMS, -71, 1383, -389, N, 10, DT, -999, SHR82, -99, 
EP, 16, 2026092400, 03, HFSA, 114, 213N, 1271W,  29, 1005, XX,  34, NEQ,    0,    0,    0,    0, 1009,   62,  87,   0,   0,    ,   0,    , 240,   5,           ,  ,  0,    ,    0,    0,    0,    0, THERMO PARAMS, -77, 1228, -269, N, 10, DT, -999, SHR82, -99, 
EP, 16, 2026092400, 03, HFSA, 120, 209N, 1277W,  29, 1003, XX,  34, NEQ,    0,    0,    0,    0,  -99,  -99,  43,   0,   0,    ,   0,    , 232,   4,           ,  ,  0,    ,    0,    0,    0,    0, THERMO PARAMS, -86, 769, 70, N, 10, DT, -999, SHR82, -99, 
EP, 16, 2026092400, 03, HFSA, 126, 206N, 1282W,  32, 1006, XX,  34, NEQ,    0,    0,    0,    0,  -99,  -99,  38,   0,   0,    ,   0,    , -99, -99,           ,  ,  0,    ,    0,    0,    0,    0, THERMO PARAMS, -78, 853, -133, N, 10, DT, -999, SHR82, -99, 
EP, 16, 2026092400, 03, TVCN,   0, 156N, 1269W,   0,    0,   ,   0,    ,    0,    0,    0,    0, 
EP, 16, 2026092400, 03, TVCN,  12, 161N, 1257W,   0,    0,   ,   0,    ,    0,    0,    0,    0, 
EP, 16, 2026092400, 03, TVCN,  24, 169N, 1245W,   0,    0,   ,   0,    ,    0,    0,    0,    0, 
EP, 16, 2026092400, 03, TVCN,  36, 177N, 1238W,   0,    0,   ,   0,    ,    0,    0,    0,    0, 
EP, 16, 2026092400, 03, TVCN,  48, 185N, 1235W,   0,    0,   ,   0,    ,    0,    0,    0,    0, 
EP, 16, 2026092400, 03, TVCN,  60, 194N, 1236W,   0,    0,   ,   0,    ,    0,    0,    0,    0, 
EP, 16, 2026092400, 03, TVCN,  72, 205N, 1236W,   0,    0,   ,   0,    ,    0,    0,    0,    0, 
EP, 16, 2026092400, 03, TVCN,  84, 214N, 1237W,   0,    0,   ,   0,    ,    0,    0,    0,    0, 
EP, 16, 2026092400, 03, TVCN,  96, 217N, 1236W,   0,    0,   ,   0,    ,    0,    0,    0,    0, 
EP, 16, 2026092400, 03, TVCN, 108, 214N, 1234W,   0,    0,   ,   0,    ,    0,    0,    0,    0, 
EP, 16, 2026092400, 03, TVCN, 120, 205N, 1230W,   0,    0,   ,   0,    ,    0,    0,    0,    0, 
EP, 16, 2026092400, 03, TVCN, 132, 194N, 1228W,   0,    0,   ,   0,    ,    0,    0,    0,    0, 
EP, 16, 2026092400, 03, TVCN, 144, 191N, 1227W,   0,    0,   ,   0,    ,    0,    0,    0,    0, 
EP, 16, 2026092400, 03, TVCN, 156, 182N, 1225W,   0,    0,   ,   0,    ,    0,    0,    0,    0, 
EP, 16, 2026092400, 03, TVCN, 168, 177N, 1235W,   0,    0,   ,   0,    ,    0,    0,    0,    0, 
EP, 16, 2026092406, 03, AVNO,   0, 159N, 1262W,  51,  987, XX,  34, NEQ,  109,  120,   83,   98, 1011,  194,  39,   0,   0, 
EP, 16, 2026092406, 03, AVNO,   0, 159N, 1262W,  51,  987, XX,  50, NEQ,   47,   41,    0,   40, 1011,  194,  39,   0,   0, 
EP, 16, 2026092406, 03, AVNO,   6, 161N, 1257W,  56,  984, XX,  34, NEQ,   87,  103,   91,   85, 1008,  172,  36,   0,   0, 
EP, 16, 2026092406, 03, AVNO,   6, 161N, 1257W,  56,  984, XX,  50, NEQ,   49,   50,   57,   45, 1008,  172,  36,   0,   0, 
EP, 16, 2026092406, 03, AVNO,  12, 166N, 1250W,  56,  986, XX,  34, NEQ,   87,  102,   80,   75, 1010,  151,  30,   0,   0, 
EP, 16, 2026092406, 03, AVNO,  12, 166N, 1250W,  56,  986, XX,  50, NEQ,   50,   53,   47,   42, 1010,  151,  30,   0,   0, 
EP, 16, 2026092406, 03, AVNO,  18, 171N, 1244W,  55,  984, XX,  34, NEQ,   77,   90,   86,   87, 1008,  203,  39,   0,   0, 
EP, 16, 2026092406, 03, AVNO,  18, 171N, 1244W,  55,  984, XX,  50, NEQ,   39,   44,   53,   49, 1008,  203,  39,   0,   0, 
EP, 16, 2026092406, 03, AVNO,  24, 174N, 1240W,  56,  987, XX,  34, NEQ,   90,   72,   69,   87, 1011,  183,  29,   0,   0, 
EP, 16, 2026092406, 03, AVNO,  24, 174N, 1240W,  56,  987, XX,  50, NEQ,   36,   39,   39,   50, 1011,  183,  29,   0,   0, 
EP, 16, 2026092406, 03, AVNO,  30, 179N, 1238W,  57,  984, XX,  34, NEQ,   90,   77,   73,   84, 1008,  157,  26,   0,   0, 
EP, 16, 2026092406, 03, AVNO,  30, 179N, 1238W,  57,  984, XX,  50, NEQ,   44,   41,   42,   47, 1008,  157,  26,   0,   0, 
EP, 16, 2026092406, 03, AVNO,  36, 181N, 1236W,  54,  988, XX,  34, NEQ,   76,   73,   71,   82, 1008,  112,  37,   0,   0, 
EP, 16, 2026092406, 03, AVNO,  36, 181N, 1236W,  54,  988, XX,  50, NEQ,   38,    0,   32,   43, 1008,  112,  37,   0,   0, 
EP, 16, 2026092406, 03, AVNO,  42, 184N, 1235W,  48,  987, XX,  34, NEQ,  100,   58,   81,   99, 1007,  175,  41,   0,   0, 
EP, 16, 2026092406, 03, AVNO,  48, 186N, 1235W,  49,  990, XX,  34, NEQ,   86,   60,   71,   76, 1006,   88,  34,   0,   0, 
EP, 16, 2026092406, 03, AVNO,  54, 191N, 1236W,  48,  989, XX,  34, NEQ,   69,   64,   74,   66, 1005,  103,  35,   0,   0, 
EP, 16, 2026092406, 03, AVNO,  60, 196N, 1235W,  46,  993, XX,  34, NEQ,   81,   62,   62,   78, 1009,  119,  39,   0,   0, 
EP, 16, 2026092406, 03, AVNO,  66, 202N, 1236W,  49,  992, XX,  34, NEQ,   79,   62,   61,   86, 1004,   75,  37,   0,   0, 
EP, 16, 2026092406, 03, AVNO,  72, 206N, 1237W,  43,  996, XX,  34, NEQ,   87,   61,   52,   79, 1008,   93,  38,   0,   0, 
EP, 16, 2026092406, 03, AVNO,  78, 208N, 1239W,  40,  996, XX,  34, NEQ,   63,    0,   50,   66, 1004,   59,  42,   0,   0, 
EP, 16, 2026092406, 03, AVNO,  84, 206N, 1240W,  33, 1000, XX,  34, NEQ,    0,    0,    0,    0, 1008,   77,  49,   0,   0, 
EP, 16, 2026092406, 03, AVNO,  90, 204N, 1241W,  34,  999, XX,  34, NEQ,    0,    0,    0,   44, 1003,   36,  41,   0,   0, 
EP, 16, 2026092406, 03, AVNO,  96, 200N, 1244W,  33, 1002, XX,  34, NEQ,    0,    0,    0,    0, 1006,   38,  45,   0,   0, 
EP, 16, 2026092406, 03, AVNO, 102, 196N, 1245W,  29, 1001, XX,  34, NEQ,    0,    0,    0,    0, 1005,   49,  50,   0,   0, 
EP, 16, 2026092406, 03, AVNO, 108, 193N, 1245W,  29, 1004, XX,  34, NEQ,    0,    0,    0,    0, 1008,   55,  51,   0,   0, 
EP, 16, 2026092406, 03, AVNO, 114, 189N, 1245W,  29, 1002, XX,  34, NEQ,    0,    0,    0,    0, 1006,   66,  37,   0,   0, 
EP, 16, 2026092406, 03, AVNO, 120, 184N, 1244W,  28, 1005, XX,  34, NEQ,    0,    0,    0,    0, 1009,   72,  42,   0,   0, 
EP, 16, 2026092406, 03, AVNO, 126, 180N, 1244W,  25, 1003, XX,  34, NEQ,    0,    0,    0,    0, 1007,   97,  39,   0,   0, 
EP, 16, 2026092406, 03, AVNO, 132, 176N, 1244W,  24, 1006, XX,  34, NEQ,    0,    0,    0,    0, 1010,  138,  50,   0,   0, 
EP, 16, 2026092406, 03, AVNO, 138, 173N, 1245W,  24, 1004, XX,  34, NEQ,    0,    0,    0,    0,  -99,  -99,  61,   0,   0, 
EP, 16, 2026092406, 03, AVNO, 144, 171N, 1246W,  22, 1007, XX,  34, NEQ,    0,    0,    0,    0,  -99,  -99,  59,   0,   0, 
EP, 16, 2026092406, 03, AVNO, 150, 170N, 1246W,  20, 1005, XX,  34, NEQ,    0,    0,    0,    0,  -99,  -99,  46,   0,   0, 
EP, 16, 2026092406, 03, AVNO, 156, 170N, 1246W,  19, 1008, XX,  34, NEQ,    0,    0,    0,    0,  -99,  -99,  46,   0,   0, 
EP, 16, 2026092406, 03, AVNO, 162, 169N, 1245W,  19, 1005, XX,  34, NEQ,    0,    0,    0,    0,  -99,  -99,  47,   0,   0, 
EP, 16, 2026092406, 03, AVNO, 168, 167N, 1244W,  20, 1008, XX,  34, NEQ,    0,    0,    0,    0,  -99,  -99,  40,   0,   0, 
EP, 16, 2026092406, 03, AVNO, 174, 164N, 1244W,  19, 1005, XX,  34, NEQ,    0,    0,    0,    0,  -99,  -99,  42,   0,   0, 
EP, 16, 2026092406, 03, AVNO, 180, 161N, 1245W,  17, 1008, XX,  34, NEQ,    0,    0,    0,    0,  -99,  -99,  56,   0,   0, 
EP, 16, 2026092406, 03, AVNO, 186, 159N, 1245W,  18, 1005, XX,  34, NEQ,    0,    0,    0,    0,  -99,  -99,  58,   0,   0, 
EP, 16, 2026092406, 03, AVNO, 192, 155N, 1245W,  20, 1008, XX,  34, NEQ,    0,    0,    0,    0,  -99,  -99,  45,   0,   0, 
EP, 16, 2026092406, 03, AVNO, 198, 149N, 1244W,  19, 1005, XX,  34, NEQ,    0,    0,    0,    0,  -99,  -99,  38,   0,   0, 
EP, 16, 2026092406, 03, AVNO, 204, 142N, 1243W,  19, 1008, XX,  34, NEQ,    0,    0,    0,    0,  -99,  -99,  39,   0,   0, 
EP, 16, 2026092406, 03, AVNO, 210, 134N, 1242W,  21, 1005, XX,  34, NEQ,    0,    0,    0,    0,  -99,  -99,  37,   0,   0, 
EP, 16, 2026092406, 03, AVNO, 216, 126N, 1242W,  21, 1007, XX,  34, NEQ,    0,    0,    0,    0,  -99,  -99,  36,   0,   0, 
EP, 16, 2026092406, 03, AVNO, 222, 118N, 1241W,  21, 1005, XX,  34, NEQ,    0,    0,    0,    0,  -99,  -99,  38,   0,   0, 
EP, 16, 2026092406, 03, AVNO, 228, 112N, 1239W,  25, 1007, XX,  34, NEQ,    0,    0,    0,    0,  -99,  -99,  15,   0,   0, 
EP, 16, 2026092406, 03, AVNO, 234, 106N, 1234W,  30, 1004, XX,  34, NEQ,    0,    0,    0,    0,  -99,  -99,  26,   0,   0, 
EP, 16, 2026092406, 03, AVNO, 240, 106N, 1227W,  22, 1007, XX,  34, NEQ,    0,    0,    0,    0,  -99,  -99,  34,   0,   0, 
EP, 16, 2026092406, 03, HCCA,   0, 159N, 1263W,  75,    0,   ,   0,    ,    0,    0,    0,    0, 
EP, 16, 2026092406, 03, HCCA,  12, 166N, 1250W,  79,    0,   ,   0,    ,    0,    0,    0,    0, 
EP, 16, 2026092406, 03, HCCA,  24, 175N, 1239W,  77,    0,   ,   0,    ,    0,    0,    0,    0, 
EP, 16, 2026092406, 03, HCCA,  36, 183N, 1232W,  66,    0,   ,   0,    ,    0,    0,    0,    0, 
EP, 16, 2026092406, 03, HCCA,  48, 190N, 1231W,  63,    0,   ,   0,    ,    0,    0,    0,    0, 
EP, 16, 2026092406, 03, HCCA,  60, 201N, 1230W,  55,    0,   ,   0,    ,    0,    0,    0,    0, 
EP, 16, 2026092406, 03, HCCA,  72, 214N, 1228W,  47,    0,   ,   0,    ,    0,    0,    0,    0, 
EP, 16, 2026092406, 03, HCCA,  84, 223N, 1226W,  37,    0,   ,   0,    ,    0,    0,    0,    0, 
EP, 16, 2026092406, 03, HCCA,  96, 226N, 1223W,  30,    0,   ,   0,    ,    0,    0,    0,    0, 
EP, 16, 2026092406, 03, HCCA, 108, 221N, 1219W,  26,    0,   ,   0,    ,    0,    0,    0,    0, 
EP, 16, 2026092406, 03, HCCA, 120, 212N, 1216W,  25,    0,   ,   0,    ,    0,    0,    0,    0, 
EP, 16, 2026092406, 03, HCCA, 132, 205N, 1213W,  21,    0,   ,   0,    ,    0,    0,    0,    0, 
EP, 16, 2026092406, 03, HCCA, 144, 205N, 1211W,  23,    0,   ,   0,    ,    0,    0,    0,    0, 
EP, 16, 2026092406, 03, HCCA, 156, 203N, 1212W,  25,    0,   ,   0,    ,    0,    0,    0,    0, 
EP, 16, 2026092406, 03, HCCA, 168, 199N, 1207W,  29,    0,   ,   0,    ,    0,    0,    0,    0, 
EP, 16, 2026092406, 03, HFSA,   0, 159N, 1263W,  77,  972, XX,  34, NEQ,  142,  159,  102,  126, 1008,  112,  24,   0,   0,    ,   0,    ,  73,   7,           ,  ,  0,    ,    0,    0,    0,    0, THERMO PARAMS, 41, 1134, 2493, N, 10, DT, -999, SHR82, -99, 
EP, 16, 2026092406, 03, HFSA,   0, 159N, 1263W,  77,  972, XX,  50, NEQ,   70,   68,   65,   73, 1008,  112,  24,   0,   0,    ,   0,    ,  73,   7,           ,  ,  0,    ,    0,    0,    0,    0, THERMO PARAMS, 41, 1134, 2493, N, 10, DT, -999, SHR82, -99, 
EP, 16, 2026092406, 03, HFSA,   0, 159N, 1263W,  77,  972, XX,  64, NEQ,   42,   42,    0,   39, 1008,  112,  24,   0,   0,    ,   0,    ,  73,   7,           ,  ,  0,    ,    0,    0,    0,    0, THERMO PARAMS, 41, 1134, 2493, N, 10, DT, -999, SHR82, -99, 
EP, 16, 2026092406, 03, HFSA,   6, 161N, 1257W,  63,  976, XX,  34, NEQ,  113,  152,  118,   97, 1000,   63,  26,   0,   0,    ,   0,    ,  60,   8,           ,  ,  0,    ,    0,    0,    0,    0, THERMO PARAMS, 50, 762, 2271, N, 10, DT, -999, SHR82, -99, 
EP, 16, 2026092406, 03, HFSA,   6, 161N, 1257W,  63,  976, XX,  50, NEQ,   52,   58,   57,   49, 1000,   63,  26,   0,   0,    ,   0,    ,  60,   8,           ,  ,  0,    ,    0,    0,    0,    0, THERMO PARAMS, 50, 762, 2271, N, 10, DT, -999, SHR82, -99, 
EP, 16, 2026092406, 03, HFSA,  12, 165N, 1250W,  60,  983, XX,  34, NEQ,  105,  141,  112,   92, 1007,   99,  41,   0,   0,    ,   0,    ,  57,   8,           ,  ,  0,    ,    0,    0,    0,    0, THERMO PARAMS, 54, 1157, 1700, N, 10, DT, -999, SHR82, -99, 
EP, 16, 2026092406, 03, HFSA,  12, 165N, 1250W,  60,  983, XX,  50, NEQ,   65,   66,   53,   57, 1007,   99,  41,   0,   0,    ,   0,    ,  57,   8,           ,  ,  0,    ,    0,    0,    0,    0, THERMO PARAMS, 54, 1157, 1700, N, 10, DT, -999, SHR82, -99, 
EP, 16, 2026092406, 03, HFSA,  18, 170N, 1244W,  61,  983, XX,  34, NEQ,  112,  136,  110,  104,  995,   43,  41,   0,   0,    ,   0,    ,  59,   7,           ,  ,  0,    ,    0,    0,    0,    0, THERMO PARAMS, 71, 1322, 1226, N, 10, DT, -999, SHR82, -99, 
EP, 16, 2026092406, 03, HFSA,  18, 170N, 1244W,  61,  983, XX,  50, NEQ,   58,   66,   53,   57,  995,   43,  41,   0,   0,    ,   0,    ,  59,   7,           ,  ,  0,    ,    0,    0,    0,    0, THERMO PARAMS, 71, 1322, 1226, N, 10, DT, -999, SHR82, -99, 
EP, 16, 2026092406, 03, HFSA,  24, 174N, 1239W,  63,  985, XX,  34, NEQ,  117,   91,   83,  104,  993,   27,  31,   0,   0,    ,   0,    ,  42,   4,           ,  ,  0,    ,    0,    0,    0,    0, THERMO PARAMS, 43, 1514, 951, N, 10, DT, -999, SHR82, -99, 
EP, 16, 2026092406, 03, HFSA,  24, 174N, 1239W,  63,  985, XX,  50, NEQ,   45,   40,   47,   57,  993,   27,  31,   0,   0,    ,   0,    ,  42,   4,           ,  ,  0,    ,    0,    0,    0,    0, THERMO PARAMS, 43, 1514, 951, N, 10, DT, -999, SHR82, -99, 
EP, 16, 2026092406, 03, HFSA,  30, 178N, 1237W,  60,  981, XX,  34, NEQ,  107,   94,   94,  100, 1001,   62,  19,   0,   0,    ,   0,    ,  27,   4,           ,  ,  0,    ,    0,    0,    0,    0, THERMO PARAMS, 74, 1439, 1236, N, 10, DT, -999, SHR82, -99, 
EP, 16, 2026092406, 03, HFSA,  30, 178N, 1237W,  60,  981, XX,  50, NEQ,   39,   36,   42,   36, 1001,   62,  19,   0,   0,    ,   0,    ,  27,   4,           ,  ,  0,    ,    0,    0,    0,    0, THERMO PARAMS, 74, 1439, 1236, N, 10, DT, -999, SHR82, -99, 
EP, 16, 2026092406, 03, HFSA,  36, 181N, 1237W,  57,  985, XX,  34, NEQ,   83,   87,   91,  112, 1005,   72,  27,   0,   0,    ,   0,    , 346,   3,           ,  ,  0,    ,    0,    0,    0,    0, THERMO PARAMS, 33, 1609, 1045, N, 10, DT, -999, SHR82, -99, 
EP, 16, 2026092406, 03, HFSA,  36, 181N, 1237W,  57,  985, XX,  50, NEQ,   34,   37,   42,   32, 1005,   72,  27,   0,   0,    ,   0,    , 346,   3,           ,  ,  0,    ,    0,    0,    0,    0, THERMO PARAMS, 33, 1609, 1045, N, 10, DT, -999, SHR82, -99, 
EP, 16, 2026092406, 03, HFSA,  42, 185N, 1235W,  60,  984, XX,  34, NEQ,  112,   81,   87,  110, 1004,   96,  27,   0,   0,    ,   0,    ,  19,   5,           ,  ,  0,    ,    0,    0,    0,    0, THERMO PARAMS, 38, 1094, 1099, N, 10, DT, -999, SHR82, -99, 
EP, 16, 2026092406, 03, HFSA,  42, 185N, 1235W,  60,  984, XX,  50, NEQ,   39,   37,   37,   32, 1004,   96,  27,   0,   0,    ,   0,    ,  19,   5,           ,  ,  0,    ,    0,    0,    0,    0, THERMO PARAMS, 38, 1094, 1099, N, 10, DT, -999, SHR82, -99, 
EP, 16, 2026092406, 03, HFSA,  48, 188N, 1235W,  61,  987, XX,  34, NEQ,   87,   81,   70,   89, 1007,  120,  33,   0,   0,    ,   0,    , 349,   4,           ,  ,  0,    ,    0,    0,    0,    0, THERMO PARAMS, 68, 262, 1211, N, 10, DT, -999, SHR82, -99, 
EP, 16, 2026092406, 03, HFSA,  48, 188N, 1235W,  61,  987, XX,  50, NEQ,   42,   26,   23,   40, 1007,  120,  33,   0,   0,    ,   0,    , 349,   4,           ,  ,  0,    ,    0,    0,    0,    0, THERMO PARAMS, 68, 262, 1211, N, 10, DT, -999, SHR82, -99, 
EP, 16, 2026092406, 03, HFSA,  54, 194N, 1235W,  61,  985, XX,  34, NEQ,   79,   74,   79,   96,  997,   50,  32,   0,   0,    ,   0,    , 358,   7,           ,  ,  0,    ,    0,    0,    0,    0, THERMO PARAMS, 87, 155, 1265, N, 10, DT, -999, SHR82, -99, 
EP, 16, 2026092406, 03, HFSA,  54, 194N, 1235W,  61,  985, XX,  50, NEQ,   42,    0,   24,   39,  997,   50,  32,   0,   0,    ,   0,    , 358,   7,           ,  ,  0,    ,    0,    0,    0,    0, THERMO PARAMS, 87, 155, 1265, N, 10, DT, -999, SHR82, -99, 
EP, 16, 2026092406, 03, HFSA,  60, 200N, 1236W,  58,  990, XX,  34, NEQ,   89,   66,   70,   89, 1006,   89,  24,   0,   0,    ,   0,    , 344,   7,           ,  ,  0,    ,    0,    0,    0,    0, THERMO PARAMS, 67, 429, 936, N, 10, DT, -999, SHR82, -99, 
EP, 16, 2026092406, 03, HFSA,  60, 200N, 1236W,  58,  990, XX,  50, NEQ,   44,    0,   28,   37, 1006,   89,  24,   0,   0,    ,   0,    , 344,   7,           ,  ,  0,    ,    0,    0,    0,    0, THERMO PARAMS, 67, 429, 936, N, 10, DT, -999, SHR82, -99, 
EP, 16, 2026092406, 03, HFSA,  66, 205N, 1238W,  52,  990, XX,  34, NEQ,   99,   63,   66,   91,  998,   40,  30,   0,   0,    ,   0,    , 349,   6,           ,  ,  0,    ,    0,    0,    0,    0, THERMO PARAMS, 85, 1282, 425, N, 10, DT, -999, SHR82, -99, 
EP, 16, 2026092406, 03, HFSA,  66, 205N, 1238W,  52,  990, XX,  50, NEQ,    0,    0,    0,   32,  998,   40,  30,   0,   0,    ,   0,    , 349,   6,           ,  ,  0,    ,    0,    0,    0,    0, THERMO PARAMS, 85, 1282, 425, N, 10, DT, -999, SHR82, -99, 
EP, 16, 2026092406, 03, HFSA,  72, 209N, 1239W,  51,  995, XX,  34, NEQ,  102,   53,   65,  105, 1003,   49,  70,   0,   0,    ,   0,    , 350,   6,           ,  ,  0,    ,    0,    0,    0,    0, THERMO PARAMS, 88, 1401, -328, N, 10, DT, -999, SHR82, -99, 
EP, 16, 2026092406, 03, HFSA,  78, 215N, 1242W,  40,  996, XX,  34, NEQ,   83,    0,   49,   70, 1004,   61,  56,   0,   0,    ,   0,    , 334,   6,           ,  ,  0,    ,    0,    0,    0,    0, THERMO PARAMS, 55, 1374, -524, N, 10, DT, -999, SHR82, -99, 
EP, 16, 2026092406, 03, HFSA,  84, 217N, 1246W,  36, 1000, XX,  34, NEQ,    0,    0,   47,   74, 1008,   76,  71,   0,   0,    ,   0,    , 318,   4,           ,  ,  0,    ,    0,    0,    0,    0, THERMO PARAMS, -46, 1321, -661, N, 10, DT, -999, SHR82, -99, 
EP, 16, 2026092406, 03, HFSA,  90, 218N, 1247W,  38,  999, XX,  34, NEQ,    0,    0,    0,   99, 1007,   99,  93,   0,   0,    ,   0,    ,  41,   1,           ,  ,  0,    ,    0,    0,    0,    0, THERMO PARAMS, -54, 1439, -492, N, 10, DT, -999, SHR82, -99, 
EP, 16, 2026092406, 03, HFSA,  96, 214N, 1250W,  32, 1002, XX,  34, NEQ,    0,    0,    0,    0, 1006,   40,  74,   0,   0,    ,   0,    , 214,   4,           ,  ,  0,    ,    0,    0,    0,    0, THERMO PARAMS, -90, 1235, -554, N, 10, DT, -999, SHR82, -99, 
EP, 16, 2026092406, 03, HFSA, 102, 212N, 1252W,  29, 1002, XX,  34, NEQ,    0,    0,    0,    0, 1006,   51,  91,   0,   0,    ,   0,    , 200,   3,           ,  ,  0,    ,    0,    0,    0,    0, THERMO PARAMS, -120, 1341, -380, N, 10, DT, -999, SHR82, -99, 
EP, 16, 2026092406, 03, HFSA, 108, 208N, 1256W,  29, 1004, XX,  34, NEQ,    0,    0,    0,    0, 1008,   63,  40,   0,   0,    ,   0,    , 216,   4,           ,  ,  0,    ,    0,    0,    0,    0, THERMO PARAMS, -103, 1139, -312, N, 10, DT, -999, SHR82, -99, 
EP, 16, 2026092406, 03, HFSA, 114, 204N, 1260W,  31, 1002, XX,  34, NEQ,    0,    0,    0,    0, 1006,   78,  46,   0,   0,    ,   0,    , 197,   4,           ,  ,  0,    ,    0,    0,    0,    0, THERMO PARAMS, -94, 1137, -288, N, 10, DT, -999, SHR82, -99, 
EP, 16, 2026092406, 03, HFSA, 120, 199N, 1263W,  30, 1006, XX,  34, NEQ,    0,    0,    0,    0, 1010,   94,  57,   0,   0,    ,   0,    , 204,   4,           ,  ,  0,    ,    0,    0,    0,    0, THERMO PARAMS, -74, 537, -59, N, 10, DT, -999, SHR82, -99, 
EP, 16, 2026092406, 03, HFSA, 126, 194N, 1267W,  28, 1004, XX,  34, NEQ,    0,    0,    0,    0,  -99,  -99,  38,   0,   0,    ,   0,    , -99, -99,           ,  ,  0,    ,    0,    0,    0,    0, THERMO PARAMS, -30, 609, -99, N, 10, DT, -999, SHR82, -99, 
EP, 16, 2026092406, 03, TVCN,   0, 159N, 1263W,   0,    0,   ,   0,    ,    0,    0,    0,    0, 
EP, 16, 2026092406, 03, TVCN,  12, 166N, 1251W,   0,    0,   ,   0,    ,    0,    0,    0,    0, 
EP, 16, 2026092406, 03, TVCN,  24, 175N, 1241W,   0,    0,   ,   0,    ,    0,    0,    0,    0, 
EP, 16, 2026092406, 03, TVCN,  36, 183N, 1236W,   0,    0,   ,   0,    ,    0,    0,    0,    0, 
EP, 16, 2026092406, 03, TVCN,  48, 191N, 1235W,   0,    0,   ,   0,    ,    0,    0,    0,    0, 
EP, 16, 2026092406, 03, TVCN,  60, 201N, 1235W,   0,    0,   ,   0,    ,    0,    0,    0,    0, 
EP, 16, 2026092406, 03, TVCN,  72, 210N, 1235W,   0,    0,   ,   0,    ,    0,    0,    0,    0, 
EP, 16, 2026092406, 03, TVCN,  84, 216N, 1236W,   0,    0,   ,   0,    ,    0,    0,    0,    0, 
EP, 16, 2026092406, 03, TVCN,  96, 216N, 1237W,   0,    0,   ,   0,    ,    0,    0,    0,    0, 
EP, 16, 2026092406, 03, TVCN, 108, 209N, 1237W,   0,    0,   ,   0,    ,    0,    0,    0,    0, 
EP, 16, 2026092406, 03, TVCN, 120, 200N, 1236W,   0,    0,   ,   0,    ,    0,    0,    0,    0, 
EP, 16, 2026092406, 03, TVCN, 132, 191N, 1237W,   0,    0,   ,   0,    ,    0,    0,    0,    0, 
EP, 16, 2026092406, 03, TVCN, 144, 188N, 1241W,   0,    0,   ,   0,    ,    0,    0,    0,    0, 
EP, 16, 2026092406, 03, TVCN, 156, 181N, 1241W,   0,    0,   ,   0,    ,    0,    0,    0,    0, 
EP, 16, 2026092406, 03, TVCN, 168, 174N, 1245W,   0,    0,   ,   0,    ,    0,    0,    0,    0, 
EP, 16, 2026092412, 03,  UKX,   0, 160N, 1258W,  47,  993, XX,  34, NEQ,   98,   98,   75,   73, 
EP, 16, 2026092412, 03,  UKX,   6, 163N, 1252W,  48,  994, XX,  34, NEQ,   84,   90,   75,   75, 
EP, 16, 2026092412, 03,  UKX,  12, 167N, 1246W,  48,  993, XX,  34, NEQ,   93,   81,   49,   79, 
EP, 16, 2026092412, 03,  UKX,  18, 170N, 1242W,  51,  994, XX,  34, NEQ,   88,   81,   47,   83, 
EP, 16, 2026092412, 03,  UKX,  18, 170N, 1242W,  51,  994, XX,  50, NEQ,    0,    0,    0,   32, 
EP, 16, 2026092412, 03,  UKX,  24, 173N, 1239W,  51,  993, XX,  34, NEQ,   80,   68,   52,   84, 
EP, 16, 2026092412, 03,  UKX,  24, 173N, 1239W,  51,  993, XX,  50, NEQ,   30,    0,    0,   29, 
EP, 16, 2026092412, 03,  UKX,  30, 176N, 1239W,  49,  994, XX,  34, NEQ,   75,   53,   52,   77, 
EP, 16, 2026092412, 03,  UKX,  36, 179N, 1239W,  48,  993, XX,  34, NEQ,   69,   55,   62,   86, 
EP, 16, 2026092412, 03,  UKX,  42, 182N, 1240W,  48,  994, XX,  34, NEQ,   78,   53,   45,   81, 
EP, 16, 2026092412, 03,  UKX,  48, 187N, 1241W,  48,  993, XX,  34, NEQ,   67,   62,   56,   79, 
EP, 16, 2026092412, 03,  UKX,  54, 192N, 1241W,  43,  997, XX,  34, NEQ,   67,   57,   64,   80, 
EP, 16, 2026092412, 03,  UKX,  60, 197N, 1242W,  43,  996, XX,  34, NEQ,   95,   57,   53,   92, 
EP, 16, 2026092412, 03,  UKX,  66, 203N, 1244W,  40,  999, XX,  34, NEQ,   89,   35,   50,   77, 
EP, 16, 2026092412, 03,  UKX,  72, 207N, 1245W,  36,  999, XX,  34, NEQ,   40,    0,   47,   44, 
EP, 16, 2026092412, 03,  UKX,  78, 211N, 1244W,  32, 1003, XX,  34, NEQ,    0,    0,    0,    0, 
EP, 16, 2026092412, 03,  UKX,  84, 214N, 1244W,  32, 1002, XX,  34, NEQ,    0,    0,    0,    0, 
EP, 16, 2026092412, 03,  UKX,  90, 214N, 1243W,  30, 1005, XX,  34, NEQ,    0,    0,    0,    0, 
EP, 16, 2026092412, 03,  UKX,  96, 213N, 1241W,  27, 1005, XX,  34, NEQ,    0,    0,    0,    0, 
EP, 16, 2026092412, 03,  UKX, 102, 209N, 1239W,  26, 1007, XX,  34, NEQ,    0,    0,    0,    0, 
EP, 16, 2026092412, 03,  UKX, 108, 206N, 1236W,  26, 1006, XX,  34, NEQ,    0,    0,    0,    0, 
EP, 16, 2026092412, 03,  UKX, 114, 201N, 1236W,  24, 1008, XX,  34, NEQ,    0,    0,    0,    0, 
EP, 16, 2026092412, 03,  UKX, 120, 197N, 1236W,  23, 1006, XX,  34, NEQ,    0,    0,    0,    0, 
EP, 16, 2026092412, 03,  UKX, 126, 192N, 1238W,  22, 1008, XX,  34, NEQ,    0,    0,    0,    0, 
EP, 16, 2026092412, 03,  UKX, 132, 187N, 1241W,  22, 1006, XX,  34, NEQ,    0,    0,    0,    0, 
EP, 16, 2026092412, 03,  UKX, 138, 183N, 1245W,  21, 1009, XX,  34, NEQ,    0,    0,    0,    0, 
EP, 16, 2026092412, 03,  UKX, 144, 182N, 1246W,  18, 1007, XX,  34, NEQ,    0,    0,    0,    0, 
EP, 16, 2026092412, 03, AVNO,   0, 161N, 1258W,  61,  981, XX,  34, NEQ,   91,  115,   91,   85, 1009,  231,  33,   0,   0, 
EP, 16, 2026092412, 03, AVNO,   0, 161N, 1258W,  61,  981, XX,  50, NEQ,   54,   55,   56,   48, 1009,  231,  33,   0,   0, 
EP, 16, 2026092412, 03, AVNO,   6, 164N, 1252W,  62,  979, XX,  34, NEQ,   89,  113,   87,   81, 1011,  199,  29,   0,   0, 
EP, 16, 2026092412, 03, AVNO,   6, 164N, 1252W,  62,  979, XX,  50, NEQ,   52,   56,   54,   53, 1011,  199,  29,   0,   0, 
EP, 16, 2026092412, 03, AVNO,  12, 169N, 1246W,  64,  976, XX,  34, NEQ,   88,   98,   82,   88, 1008,  305,  33,   0,   0, 
EP, 16, 2026092412, 03, AVNO,  12, 169N, 1246W,  64,  976, XX,  50, NEQ,   49,   46,   47,   50, 1008,  305,  33,   0,   0, 
EP, 16, 2026092412, 03, AVNO,  12, 169N, 1246W,  64,  976, XX,  64, NEQ,    0,    0,   33,    0, 1008,  305,  33,   0,   0, 
EP, 16, 2026092412, 03, AVNO,  18, 172N, 1242W,  67,  978, XX,  34, NEQ,   99,   81,   71,   96, 1010,  153,  30,   0,   0, 
EP, 16, 2026092412, 03, AVNO,  18, 172N, 1242W,  67,  978, XX,  50, NEQ,   48,   45,   41,   49, 1010,  153,  30,   0,   0, 
EP, 16, 2026092412, 03, AVNO,  18, 172N, 1242W,  67,  978, XX,  64, NEQ,   32,    0,    0,   32, 1010,  153,  30,   0,   0, 
EP, 16, 2026092412, 03, AVNO,  24, 176N, 1240W,  70,  975, XX,  34, NEQ,   90,   80,   76,   89, 1007,  149,  28,   0,   0, 
EP, 16, 2026092412, 03, AVNO,  24, 176N, 1240W,  70,  975, XX,  50, NEQ,   46,   47,   45,   51, 1007,  149,  28,   0,   0, 
EP, 16, 2026092412, 03, AVNO,  24, 176N, 1240W,  70,  975, XX,  64, NEQ,    0,    0,    0,   33, 1007,  149,  28,   0,   0, 
EP, 16, 2026092412, 03, AVNO,  30, 178N, 1239W,  63,  980, XX,  34, NEQ,   79,   78,   89,   95, 1012,  297,  29,   0,   0, 
EP, 16, 2026092412, 03, AVNO,  30, 178N, 1239W,  63,  980, XX,  50, NEQ,   44,   44,   49,   43, 1012,  297,  29,   0,   0, 
EP, 16, 2026092412, 03, AVNO,  36, 181N, 1238W,  58,  979, XX,  34, NEQ,  102,   65,   88,  103, 1007,  178,  30,   0,   0, 
EP, 16, 2026092412, 03, AVNO,  36, 181N, 1238W,  58,  979, XX,  50, NEQ,   46,   41,   47,   41, 1007,  178,  30,   0,   0, 
EP, 16, 2026092412, 03, AVNO,  42, 183N, 1237W,  60,  983, XX,  34, NEQ,   92,   69,   76,   88, 1007,  103,  23,   0,   0, 
EP, 16, 2026092412, 03, AVNO,  42, 183N, 1237W,  60,  983, XX,  50, NEQ,   43,   39,   43,   43, 1007,  103,  23,   0,   0, 
EP, 16, 2026092412, 03, AVNO,  48, 188N, 1235W,  58,  980, XX,  34, NEQ,   77,   68,   69,   75, 1004,   93,  28,   0,   0, 
EP, 16, 2026092412, 03, AVNO,  48, 188N, 1235W,  58,  980, XX,  50, NEQ,   43,   39,   40,   39, 1004,   93,  28,   0,   0, 
EP, 16, 2026092412, 03, AVNO,  54, 194N, 1233W,  58,  984, XX,  34, NEQ,   87,   72,   73,   82, 1008,  114,  26,   0,   0, 
EP, 16, 2026092412, 03, AVNO,  54, 194N, 1233W,  58,  984, XX,  50, NEQ,   37,   39,   35,   44, 1008,  114,  26,   0,   0, 
EP, 16, 2026092412, 03, AVNO,  60, 200N, 1231W,  53,  985, XX,  34, NEQ,   84,   68,   68,   80, 1005,  122,  28,   0,   0, 
EP, 16, 2026092412, 03, AVNO,  60, 200N, 1231W,  53,  985, XX,  50, NEQ,    0,    0,   39,   31, 1005,  122,  28,   0,   0, 
EP, 16, 2026092412, 03, AVNO,  66, 203N, 1230W,  45,  992, XX,  34, NEQ,   78,   57,   65,   76, 1008,  127,  33,   0,   0, 
EP, 16, 2026092412, 03, AVNO,  72, 206N, 1230W,  42,  993, XX,  34, NEQ,   73,   57,   64,   73, 1005,  102,  41,   0,   0, 
EP, 16, 2026092412, 03, AVNO,  78, 204N, 1229W,  34,  998, XX,  34, NEQ,    0,    0,    0,    0, 1006,   63,  63,   0,   0, 
EP, 16, 2026092412, 03, AVNO,  84, 203N, 1229W,  33,  997, XX,  34, NEQ,    0,    0,    0,    0, 1005,   83,  36,   0,   0, 
EP, 16, 2026092412, 03, AVNO,  90, 201N, 1228W,  29, 1001, XX,  34, NEQ,    0,    0,    0,    0, 1005,   34,  42,   0,   0, 
EP, 16, 2026092412, 03, AVNO,  96, 200N, 1226W,  29, 1000, XX,  34, NEQ,    0,    0,    0,    0, 1004,   44,  47,   0,   0, 
EP, 16, 2026092412, 03, AVNO, 102, 199N, 1224W,  28, 1003, XX,  34, NEQ,    0,    0,    0,    0, 1007,   51,  39,   0,   0, 
EP, 16, 2026092412, 03, AVNO, 108, 195N, 1222W,  30, 1001, XX,  34, NEQ,    0,    0,    0,    0, 1005,   61,  34,   0,   0, 
EP, 16, 2026092412, 03, AVNO, 114, 192N, 1220W,  28, 1005, XX,  34, NEQ,    0,    0,    0,    0, 1009,   66,  36,   0,   0, 
EP, 16, 2026092412, 03, AVNO, 120, 190N, 1218W,  28, 1003, XX,  34, NEQ,    0,    0,    0,    0, 1007,   80,  30,   0,   0, 
EP, 16, 2026092412, 03, AVNO, 126, 186N, 1219W,  26, 1006, XX,  34, NEQ,    0,    0,    0,    0, 1010,  120,  41,   0,   0, 
EP, 16, 2026092412, 03, AVNO, 132, 185N, 1219W,  25, 1003, XX,  34, NEQ,    0,    0,    0,    0,  -99,  -99,  38,   0,   0, 
EP, 16, 2026092412, 03, AVNO, 138, 182N, 1218W,  22, 1006, XX,  34, NEQ,    0,    0,    0,    0,  -99,  -99,  49,   0,   0, 
EP, 16, 2026092412, 03, AVNO, 144, 181N, 1218W,  21, 1004, XX,  34, NEQ,    0,    0,    0,    0,  -99,  -99,  40,   0,   0, 
EP, 16, 2026092412, 03, AVNO, 150, 180N, 1216W,  19, 1007, XX,  34, NEQ,    0,    0,    0,    0,  -99,  -99,  49,   0,   0, 
EP, 16, 2026092412, 03, AVNO, 156, 180N, 1213W,  19, 1004, XX,  34, NEQ,    0,    0,    0,    0,  -99,  -99,  51,   0,   0, 
EP, 16, 2026092412, 03, AVNO, 162, 179N, 1210W,  18, 1008, XX,  34, NEQ,    0,    0,    0,    0,  -99,  -99,  37,   0,   0, 
EP, 16, 2026092412, 03, AVNO, 168, 177N, 1208W,  17, 1005, XX,  34, NEQ,    0,    0,    0,    0,  -99,  -99,  40,   0,   0, 
EP, 16, 2026092412, 03, AVNO, 174, 175N, 1208W,  17, 1008, XX,  34, NEQ,    0,    0,    0,    0,  -99,  -99,  59,   0,   0, 
EP, 16, 2026092412, 03, AVNO, 180, 174N, 1207W,  17, 1005, XX,  34, NEQ,    0,    0,    0,    0,  -99,  -99,  51,   0,   0, 
EP, 16, 2026092412, 03, AVNO, 186, 172N, 1206W,  18, 1008, XX,  34, NEQ,    0,    0,    0,    0,  -99,  -99,  41,   0,   0, 
EP, 16, 2026092412, 03, AVNO, 192, 168N, 1205W,  18, 1006, XX,  34, NEQ,    0,    0,    0,    0,  -99,  -99,  39,   0,   0, 
EP, 16, 2026092412, 03, AVNO, 198, 163N, 1203W,  17, 1008, XX,  34, NEQ,    0,    0,    0,    0,  -99,  -99,  56,   0,   0, 
EP, 16, 2026092412, 03, AVNO, 204, 159N, 1200W,  17, 1005, XX,  34, NEQ,    0,    0,    0,    0,  -99,  -99,  46,   0,   0, 
EP, 16, 2026092412, 03, AVNO, 210, 153N, 1197W,  16, 1008, XX,  34, NEQ,    0,    0,    0,    0,  -99,  -99,  49,   0,   0, 
EP, 16, 2026092412, 03, AVNO, 216, 149N, 1193W,  17, 1006, XX,  34, NEQ,    0,    0,    0,    0,  -99,  -99,  47,   0,   0, 
EP, 16, 2026092412, 03, AVNO, 222, 145N, 1188W,  17, 1008, XX,  34, NEQ,    0,    0,    0,    0,  -99,  -99,  62,   0,   0, 
EP, 16, 2026092412, 03, AVNO, 228, 143N, 1184W,  17, 1005, XX,  34, NEQ,    0,    0,    0,    0,  -99,  -99,  66,   0,   0, 
EP, 16, 2026092412, 03, AVNO, 234, 138N, 1178W,  16, 1007, XX,  34, NEQ,    0,    0,    0,    0,  -99,  -99, 118,   0,   0, 
EP, 16, 2026092412, 03, AVNO, 240, 134N, 1174W,  18, 1005, XX,  34, NEQ,    0,    0,    0,    0,  -99,  -99, 147,   0,   0, 
EP, 16, 2026092412, 03, HCCA,   0, 162N, 1258W,  80,    0,   ,   0,    ,    0,    0,    0,    0, 
EP, 16, 2026092412, 03, HCCA,  12, 169N, 1245W,  82,    0,   ,   0,    ,    0,    0,    0,    0, 
EP, 16, 2026092412, 03, HCCA,  24, 178N, 1236W,  74,    0,   ,   0,    ,    0,    0,    0,    0, 
EP, 16, 2026092412, 03, HCCA,  36, 186N, 1231W,  62,    0,   ,   0,    ,    0,    0,    0,    0, 
EP, 16, 2026092412, 03, HCCA,  48, 196N, 1231W,  60,    0,   ,   0,    ,    0,    0,    0,    0, 
EP, 16, 2026092412, 03, HCCA,  60, 210N, 1230W,  54,    0,   ,   0,    ,    0,    0,    0,    0, 
EP, 16, 2026092412, 03, HCCA,  72, 223N, 1226W,  42,    0,   ,   0,    ,    0,    0,    0,    0, 
EP, 16, 2026092412, 03, HCCA,  84, 231N, 1222W,  32,    0,   ,   0,    ,    0,    0,    0,    0, 
EP, 16, 2026092412, 03, HCCA,  96, 230N, 1214W,  27,    0,   ,   0,    ,    0,    0,    0,    0, 
EP, 16, 2026092412, 03, HCCA, 108, 220N, 1207W,  24,    0,   ,   0,    ,    0,    0,    0,    0, 
EP, 16, 2026092412, 03, HCCA, 120, 207N, 1200W,  23,    0,   ,   0,    ,    0,    0,    0,    0, 
EP, 16, 2026092412, 03, HCCA, 132, 196N, 1194W,  22,    0,   ,   0,    ,    0,    0,    0,    0, 
EP, 16, 2026092412, 03, HCCA, 144, 189N, 1194W,  22,    0,   ,   0,    ,    0,    0,    0,    0, 
EP, 16, 2026092412, 03, HCCA, 156, 184N, 1188W,  24,    0,   ,   0,    ,    0,    0,    0,    0, 
EP, 16, 2026092412, 03, HCCA, 168, 178N, 1182W,  26,    0,   ,   0,    ,    0,    0,    0,    0, 
EP, 16, 2026092412, 03, HFSA,   0, 162N, 1258W,  80,  968, XX,  34, NEQ,  121,  163,  128,  115,  996,   46,  21,   0,   0,    ,   0,    ,  64,   7,           ,  ,  0,    ,    0,    0,    0,    0, THERMO PARAMS, 56, 1075, 2319, N, 10, DT, -999, SHR82, -99, 
EP, 16, 2026092412, 03, HFSA,   0, 162N, 1258W,  80,  968, XX,  50, NEQ,   74,   81,   68,   71,  996,   46,  21,   0,   0,    ,   0,    ,  64,   7,           ,  ,  0,    ,    0,    0,    0,    0, THERMO PARAMS, 56, 1075, 2319, N, 10, DT, -999, SHR82, -99, 
EP, 16, 2026092412, 03, HFSA,   0, 162N, 1258W,  80,  968, XX,  64, NEQ,   45,   49,   39,   37,  996,   46,  21,   0,   0,    ,   0,    ,  64,   7,           ,  ,  0,    ,    0,    0,    0,    0, THERMO PARAMS, 56, 1075, 2319, N, 10, DT, -999, SHR82, -99, 
EP, 16, 2026092412, 03, HFSA,   6, 165N, 1252W,  67,  974, XX,  34, NEQ,  126,  160,  118,  117, 1002,   70,  25,   0,   0,    ,   0,    ,  52,   7,           ,  ,  0,    ,    0,    0,    0,    0, THERMO PARAMS, 33, 916, 2196, N, 10, DT, -999, SHR82, -99, 
EP, 16, 2026092412, 03, HFSA,   6, 165N, 1252W,  67,  974, XX,  50, NEQ,   70,   76,   63,   55, 1002,   70,  25,   0,   0,    ,   0,    ,  52,   7,           ,  ,  0,    ,    0,    0,    0,    0, THERMO PARAMS, 33, 916, 2196, N, 10, DT, -999, SHR82, -99, 
EP, 16, 2026092412, 03, HFSA,   6, 165N, 1252W,  67,  974, XX,  64, NEQ,    0,   40,    0,    0, 1002,   70,  25,   0,   0,    ,   0,    ,  52,   7,           ,  ,  0,    ,    0,    0,    0,    0, THERMO PARAMS, 33, 916, 2196, N, 10, DT, -999, SHR82, -99, 
EP, 16, 2026092412, 03, HFSA,  12, 170N, 1246W,  61,  978, XX,  34, NEQ,  121,  133,  125,  118,  998,   60,  26,   0,   0,    ,   0,    ,  60,   8,           ,  ,  0,    ,    0,    0,    0,    0, THERMO PARAMS, 72, 1410, 1550, N, 10, DT, -999, SHR82, -99, 
EP, 16, 2026092412, 03, HFSA,  12, 170N, 1246W,  61,  978, XX,  50, NEQ,   62,   66,   57,   60,  998,   60,  26,   0,   0,    ,   0,    ,  60,   8,           ,  ,  0,    ,    0,    0,    0,    0, THERMO PARAMS, 72, 1410, 1550, N, 10, DT, -999, SHR82, -99, 
EP, 16, 2026092412, 03, HFSA,  18, 173N, 1243W,  62,  982, XX,  34, NEQ,  130,  107,  107,  112,  998,   48,  26,   0,   0,    ,   0,    ,  52,   4,           ,  ,  0,    ,    0,    0,    0,    0, THERMO PARAMS, 15, 1259, 977, N, 10, DT, -999, SHR82, -99, 
EP, 16, 2026092412, 03, HFSA,  18, 173N, 1243W,  62,  982, XX,  50, NEQ,   74,   47,   52,   66,  998,   48,  26,   0,   0,    ,   0,    ,  52,   4,           ,  ,  0,    ,    0,    0,    0,    0, THERMO PARAMS, 15, 1259, 977, N, 10, DT, -999, SHR82, -99, 
EP, 16, 2026092412, 03, HFSA,  24, 176N, 1242W,  64,  977, XX,  34, NEQ,  112,  104,   94,  108, 1001,   70,  32,   0,   0,    ,   0,    ,  15,   4,           ,  ,  0,    ,    0,    0,    0,    0, THERMO PARAMS, 78, 723, 1447, N, 10, DT, -999, SHR82, -99, 
EP, 16, 2026092412, 03, HFSA,  24, 176N, 1242W,  64,  977, XX,  50, NEQ,   47,   53,   42,   58, 1001,   70,  32,   0,   0,    ,   0,    ,  15,   4,           ,  ,  0,    ,    0,    0,    0,    0, THERMO PARAMS, 78, 723, 1447, N, 10, DT, -999, SHR82, -99, 
EP, 16, 2026092412, 03, HFSA,  30, 177N, 1241W,  58,  981, XX,  34, NEQ,   84,   94,   97,  125, 1009,  130,  26,   0,   0,    ,   0,    ,  20,   3,           ,  ,  0,    ,    0,    0,    0,    0, THERMO PARAMS, 34, 1023, 1143, N, 10, DT, -999, SHR82, -99, 
EP, 16, 2026092412, 03, HFSA,  30, 177N, 1241W,  58,  981, XX,  50, NEQ,   40,   49,   47,   36, 1009,  130,  26,   0,   0,    ,   0,    ,  20,   3,           ,  ,  0,    ,    0,    0,    0,    0, THERMO PARAMS, 34, 1023, 1143, N, 10, DT, -999, SHR82, -99, 
EP, 16, 2026092412, 03, HFSA,  36, 180N, 1241W,  63,  978, XX,  34, NEQ,  112,   96,   96,  108, 1002,   77,  22,   0,   0,    ,   0,    ,  16,   4,           ,  ,  0,    ,    0,    0,    0,    0, THERMO PARAMS, 24, 1250, 1205, N, 10, DT, -999, SHR82, -99, 
EP, 16, 2026092412, 03, HFSA,  36, 180N, 1241W,  63,  978, XX,  50, NEQ,   40,   34,   29,   37, 1002,   77,  22,   0,   0,    ,   0,    ,  16,   4,           ,  ,  0,    ,    0,    0,    0,    0, THERMO PARAMS, 24, 1250, 1205, N, 10, DT, -999, SHR82, -99, 
EP, 16, 2026092412, 03, HFSA,  42, 183N, 1240W,  57,  981, XX,  34, NEQ,  100,   84,   73,   96, 1005,   90,  32,   0,   0,    ,   0,    , 357,   4,           ,  ,  0,    ,    0,    0,    0,    0, THERMO PARAMS, 33, 960, 1308, N, 10, DT, -999, SHR82, -99, 
EP, 16, 2026092412, 03, HFSA,  42, 183N, 1240W,  57,  981, XX,  50, NEQ,   47,   34,   32,   32, 1005,   90,  32,   0,   0,    ,   0,    , 357,   4,           ,  ,  0,    ,    0,    0,    0,    0, THERMO PARAMS, 33, 960, 1308, N, 10, DT, -999, SHR82, -99, 
EP, 16, 2026092412, 03, HFSA,  48, 188N, 1240W,  65,  981, XX,  34, NEQ,   92,   87,   84,   79, 1005,  113,  29,   0,   0,    ,   0,    ,   2,   6,           ,  ,  0,    ,    0,    0,    0,    0, THERMO PARAMS, 97, 778, 1286, N, 10, DT, -999, SHR82, -99, 
EP, 16, 2026092412, 03, HFSA,  48, 188N, 1240W,  65,  981, XX,  50, NEQ,   40,   37,   42,   47, 1005,  113,  29,   0,   0,    ,   0,    ,   2,   6,           ,  ,  0,    ,    0,    0,    0,    0, THERMO PARAMS, 97, 778, 1286, N, 10, DT, -999, SHR82, -99, 
EP, 16, 2026092412, 03, HFSA,  48, 188N, 1240W,  65,  981, XX,  64, NEQ,    0,    0,    0,   31, 1005,  113,  29,   0,   0,    ,   0,    ,   2,   6,           ,  ,  0,    ,    0,    0,    0,    0, THERMO PARAMS, 97, 778, 1286, N, 10, DT, -999, SHR82, -99, 
EP, 16, 2026092412, 03, HFSA,  54, 194N, 1239W,  59,  984, XX,  34, NEQ,  102,   78,   81,   96, 1000,   51,  26,   0,   0,    ,   0,    , 351,   7,           ,  ,  0,    ,    0,    0,    0,    0, THERMO PARAMS, 58, 846, 1180, N, 10, DT, -999, SHR82, -99, 
EP, 16, 2026092412, 03, HFSA,  54, 194N, 1239W,  59,  984, XX,  50, NEQ,   44,   29,   37,   37, 1000,   51,  26,   0,   0,    ,   0,    , 351,   7,           ,  ,  0,    ,    0,    0,    0,    0, THERMO PARAMS, 58, 846, 1180, N, 10, DT, -999, SHR82, -99, 
EP, 16, 2026092412, 03, HFSA,  60, 201N, 1238W,  59,  986, XX,  34, NEQ,  102,   73,   79,   94, 1006,  142,  25,   0,   0,    ,   0,    ,   9,   6,           ,  ,  0,    ,    0,    0,    0,    0, THERMO PARAMS, 129, 1484, 814, N, 10, DT, -999, SHR82, -99, 
EP, 16, 2026092412, 03, HFSA,  60, 201N, 1238W,  59,  986, XX,  50, NEQ,   47,    0,   34,   40, 1006,  142,  25,   0,   0,    ,   0,    ,   9,   6,           ,  ,  0,    ,    0,    0,    0,    0, THERMO PARAMS, 129, 1484, 814, N, 10, DT, -999, SHR82, -99, 
EP, 16, 2026092412, 03, HFSA,  66, 204N, 1238W,  45,  993, XX,  34, NEQ,   94,   57,   74,   86, 1001,   41,  44,   0,   0,    ,   0,    , 354,   5,           ,  ,  0,    ,    0,    0,    0,    0, THERMO PARAMS, 111, 1546, -268, N, 10, DT, -999, SHR82, -99, 
EP, 16, 2026092412, 03, HFSA,  72, 209N, 1240W,  38,  995, XX,  34, NEQ,   55,   40,   70,   73, 1007,  128,  52,   0,   0,    ,   0,    , 354,   5,           ,  ,  0,    ,    0,    0,    0,    0, THERMO PARAMS, 70, 1526, -307, N, 10, DT, -999, SHR82, -99, 
EP, 16, 2026092412, 03, HFSA,  78, 211N, 1242W,  35,  999, XX,  34, NEQ,    0,    0,    0,   50, 1007,   73,  73,   0,   0,    ,   0,    , 345,   4,           ,  ,  0,    ,    0,    0,    0,    0, THERMO PARAMS, 31, 1514, -625, N, 10, DT, -999, SHR82, -99, 
EP, 16, 2026092412, 03, HFSA,  84, 215N, 1242W,  36,  998, XX,  34, NEQ,    0,    0,    0,   79, 1006,   93,  70,   0,   0,    ,   0,    ,  17,   3,           ,  ,  0,    ,    0,    0,    0,    0, THERMO PARAMS, 81, 1315, -88, N, 10, DT, -999, SHR82, -99, 
EP, 16, 2026092412, 03, HFSA,  90, 214N, 1246W,  34, 1001, XX,  34, NEQ,    0,    0,    0,    0, 1009,  128,  62,   0,   0,    ,   0,    , 228,   2,           ,  ,  0,    ,    0,    0,    0,    0, THERMO PARAMS, -107, 1207, -550, N, 10, DT, -999, SHR82, -99, 
EP, 16, 2026092412, 03, HFSA,  96, 212N, 1248W,  28, 1001, XX,  34, NEQ,    0,    0,    0,    0, 1005,   51,  81,   0,   0,    ,   0,    , 164,   2,           ,  ,  0,    ,    0,    0,    0,    0, THERMO PARAMS, -96, 1238, -410, N, 10, DT, -999, SHR82, -99, 
EP, 16, 2026092412, 03, HFSA, 102, 209N, 1249W,  29, 1004, XX,  34, NEQ,    0,    0,    0,    0, 1008,   58,  34,   0,   0,    ,   0,    , 193,   3,           ,  ,  0,    ,    0,    0,    0,    0, THERMO PARAMS, -69, 983, -279, N, 10, DT, -999, SHR82, -99, 
EP, 16, 2026092412, 03, HFSA, 108, 204N, 1251W,  30, 1002, XX,  34, NEQ,    0,    0,    0,    0, 1006,   72,  65,   0,   0,    ,   0,    , 176,   4,           ,  ,  0,    ,    0,    0,    0,    0, THERMO PARAMS, -53, 1106, -221, N, 10, DT, -999, SHR82, -99, 
EP, 16, 2026092412, 03, HFSA, 114, 198N, 1253W,  27, 1005, XX,  34, NEQ,    0,    0,    0,    0, 1009,   85,  72,   0,   0,    ,   0,    , 199,   5,           ,  ,  0,    ,    0,    0,    0,    0, THERMO PARAMS, -40, 934, -143, N, 10, DT, -999, SHR82, -99, 
EP, 16, 2026092412, 03, HFSA, 120, 193N, 1257W,  27, 1004, XX,  34, NEQ,    0,    0,    0,    0,  -99,  -99,  49,   0,   0,    ,   0,    , 204,   4,           ,  ,  0,    ,    0,    0,    0,    0, THERMO PARAMS, -38, 659, -27, N, 10, DT, -999, SHR82, -99, 
EP, 16, 2026092412, 03, HFSA, 126, 189N, 1259W,  28, 1006, XX,  34, NEQ,    0,    0,    0,    0,  -99,  -99,  38,   0,   0,    ,   0,    , -99, -99,           ,  ,  0,    ,    0,    0,    0,    0, THERMO PARAMS, 5, 323, -55, N, 10, DT, -999, SHR82, -99, 
EP, 16, 2026092412, 03, TVCN,   0, 162N, 1258W,   0,    0,   ,   0,    ,    0,    0,    0,    0, 
EP, 16, 2026092412, 03, TVCN,  12, 170N, 1246W,   0,    0,   ,   0,    ,    0,    0,    0,    0, 
EP, 16, 2026092412, 03, TVCN,  24, 178N, 1238W,   0,    0,   ,   0,    ,    0,    0,    0,    0, 
EP, 16, 2026092412, 03, TVCN,  36, 186N, 1235W,   0,    0,   ,   0,    ,    0,    0,    0,    0, 
EP, 16, 2026092412, 03, TVCN,  48, 195N, 1234W,   0,    0,   ,   0,    ,    0,    0,    0,    0, 
EP, 16, 2026092412, 03, TVCN,  60, 206N, 1233W,   0,    0,   ,   0,    ,    0,    0,    0,    0, 
EP, 16, 2026092412, 03, TVCN,  72, 215N, 1234W,   0,    0,   ,   0,    ,    0,    0,    0,    0, 
EP, 16, 2026092412, 03, TVCN,  84, 219N, 1234W,   0,    0,   ,   0,    ,    0,    0,    0,    0, 
EP, 16, 2026092412, 03, TVCN,  96, 215N, 1234W,   0,    0,   ,   0,    ,    0,    0,    0,    0, 
EP, 16, 2026092412, 03, TVCN, 108, 205N, 1232W,   0,    0,   ,   0,    ,    0,    0,    0,    0, 
EP, 16, 2026092412, 03, TVCN, 120, 193N, 1232W,   0,    0,   ,   0,    ,    0,    0,    0,    0, 
EP, 16, 2026092412, 03, TVCN, 132, 190N, 1242W,   0,    0,   ,   0,    ,    0,    0,    0,    0, 
EP, 16, 2026092412, 03, TVCN, 144, 186N, 1230W,   0,    0,   ,   0,    ,    0,    0,    0,    0, 
EP, 16, 2026092412, 03, TVCN, 156, 181N, 1230W,   0,    0,   ,   0,    ,    0,    0,    0,    0, 
EP, 16, 2026092412, 03, TVCN, 168, 172N, 1238W,   0,    0,   ,   0,    ,    0,    0,    0,    0, 
EP, 16, 2026092418, 03, AVNO,   0, 165N, 1252W,  63,  980, XX,  34, NEQ,   89,  108,   90,   80, 1008,  108,  29,   0,   0, 
EP, 16, 2026092418, 03, AVNO,   0, 165N, 1252W,  63,  980, XX,  50, NEQ,   50,   53,   54,   50, 1008,  108,  29,   0,   0, 
EP, 16, 2026092418, 03, AVNO,   6, 170N, 1246W,  64,  977, XX,  34, NEQ,   91,  100,   83,  102, 1009,  346,  24,   0,   0, 
EP, 16, 2026092418, 03, AVNO,   6, 170N, 1246W,  64,  977, XX,  50, NEQ,   47,   51,   47,   52, 1009,  346,  24,   0,   0, 
EP, 16, 2026092418, 03, AVNO,  12, 173N, 1243W,  63,  981, XX,  34, NEQ,  107,   80,   84,   94, 1009,  126,  28,   0,   0, 
EP, 16, 2026092418, 03, AVNO,  12, 173N, 1243W,  63,  981, XX,  50, NEQ,   43,   48,   40,   57, 1009,  126,  28,   0,   0, 
EP, 16, 2026092418, 03, AVNO,  18, 175N, 1242W,  64,  979, XX,  34, NEQ,   90,   81,   79,   91, 1007,  146,  29,   0,   0, 
EP, 16, 2026092418, 03, AVNO,  18, 175N, 1242W,  64,  979, XX,  50, NEQ,   45,   44,   48,   49, 1007,  146,  29,   0,   0, 
EP, 16, 2026092418, 03, AVNO,  24, 178N, 1240W,  60,  983, XX,  34, NEQ,   79,   76,   86,   91, 1011,  194,  28,   0,   0, 
EP, 16, 2026092418, 03, AVNO,  24, 178N, 1240W,  60,  983, XX,  50, NEQ,   42,   46,   41,   43, 1011,  194,  28,   0,   0, 
EP, 16, 2026092418, 03, AVNO,  30, 181N, 1240W,  63,  978, XX,  34, NEQ,   98,   68,   80,   99, 1006,  128,  26,   0,   0, 
EP, 16, 2026092418, 03, AVNO,  30, 181N, 1240W,  63,  978, XX,  50, NEQ,   40,   28,   45,   46, 1006,  128,  26,   0,   0, 
EP, 16, 2026092418, 03, AVNO,  36, 183N, 1240W,  59,  982, XX,  34, NEQ,   89,   63,   75,   87, 1010,  221,  29,   0,   0, 
EP, 16, 2026092418, 03, AVNO,  36, 183N, 1240W,  59,  982, XX,  50, NEQ,   44,   30,   40,   41, 1010,  221,  29,   0,   0, 
EP, 16, 2026092418, 03, AVNO,  42, 189N, 1240W,  57,  981, XX,  34, NEQ,   78,   66,   72,   78, 1005,  107,  35,   0,   0, 
EP, 16, 2026092418, 03, AVNO,  42, 189N, 1240W,  57,  981, XX,  50, NEQ,   41,   41,   42,   37, 1005,  107,  35,   0,   0, 
EP, 16, 2026092418, 03, AVNO,  48, 194N, 1240W,  57,  985, XX,  34, NEQ,   85,   68,   73,   88, 1009,  164,  27,   0,   0, 
EP, 16, 2026092418, 03, AVNO,  48, 194N, 1240W,  57,  985, XX,  50, NEQ,   40,    0,   32,   31, 1009,  164,  27,   0,   0, 
EP, 16, 2026092418, 03, AVNO,  54, 199N, 1238W,  48,  987, XX,  34, NEQ,   83,   61,   67,   84, 1003,   77,  34,   0,   0, 
EP, 16, 2026092418, 03, AVNO,  60, 201N, 1239W,  44,  993, XX,  34, NEQ,   85,   58,   62,   75, 1009,  138,  40,   0,   0, 
EP, 16, 2026092418, 03, AVNO,  66, 204N, 1240W,  40,  994, XX,  34, NEQ,   67,    0,   56,   71, 1006,  106,  42,   0,   0, 
EP, 16, 2026092418, 03, AVNO,  72, 205N, 1242W,  36,  998, XX,  34, NEQ,    0,    0,   52,   67, 1006,   62,  49,   0,   0, 
EP, 16, 2026092418, 03, AVNO,  78, 206N, 1242W,  36,  997, XX,  34, NEQ,    0,    0,   50,   65, 1005,   78,  41,   0,   0, 
EP, 16, 2026092418, 03, AVNO,  84, 204N, 1242W,  33, 1001, XX,  34, NEQ,    0,    0,    0,    0, 1009,  124,  46,   0,   0, 
EP, 16, 2026092418, 03, AVNO,  90, 202N, 1243W,  32, 1000, XX,  34, NEQ,    0,    0,    0,    0, 1004,   43,  42,   0,   0, 
EP, 16, 2026092418, 03, AVNO,  96, 198N, 1243W,  31, 1003, XX,  34, NEQ,    0,    0,    0,    0, 1007,   51,  60,   0,   0, 
EP, 16, 2026092418, 03, AVNO, 102, 195N, 1244W,  31, 1002, XX,  34, NEQ,    0,    0,    0,    0, 1006,   59,  55,   0,   0, 
EP, 16, 2026092418, 03, AVNO, 108, 191N, 1245W,  30, 1005, XX,  34, NEQ,    0,    0,    0,    0, 1009,   67,  46,   0,   0, 
EP, 16, 2026092418, 03, AVNO, 114, 189N, 1245W,  27, 1003, XX,  34, NEQ,    0,    0,    0,    0, 1007,   85,  59,   0,   0, 
EP, 16, 2026092418, 03, AVNO, 120, 185N, 1246W,  27, 1006, XX,  34, NEQ,    0,    0,    0,    0, 1010,  115,  44,   0,   0, 
EP, 16, 2026092418, 03, AVNO, 126, 183N, 1248W,  28, 1003, XX,  34, NEQ,    0,    0,    0,    0,  -99,  -99,  38,   0,   0, 
EP, 16, 2026092418, 03, AVNO, 132, 183N, 1249W,  24, 1007, XX,  34, NEQ,    0,    0,    0,    0,  -99,  -99,  45,   0,   0, 
EP, 16, 2026092418, 03, AVNO, 138, 185N, 1252W,  23, 1005, XX,  34, NEQ,    0,    0,    0,    0,  -99,  -99,  33,   0,   0, 
EP, 16, 2026092418, 03, AVNO, 144, 189N, 1256W,  23, 1008, XX,  34, NEQ,    0,    0,    0,    0,  -99,  -99,  26,   0,   0, 
EP, 16, 2026092418, 03, AVNO, 150, 195N, 1259W,  23, 1005, XX,  34, NEQ,    0,    0,    0,    0,  -99,  -99,  22,   0,   0, 
EP, 16, 2026092418, 03, AVNO, 156, 192N, 1269W,  22, 1008, XX,  34, NEQ,    0,    0,    0,    0,  -99,  -99,  21,   0,   0, 
EP, 16, 2026092418, 03, AVNO, 162, 191N, 1282W,  24, 1002, XX,  34, NEQ,    0,    0,    0,    0,  -99,  -99, 154,   0,   0, 
EP, 16, 2026092418, 03, HCCA,   0, 166N, 1251W,  80,    0,   ,   0,    ,    0,    0,    0,    0, 
EP, 16, 2026092418, 03, HCCA,  12, 174N, 1240W,  74,    0,   ,   0,    ,    0,    0,    0,    0, 
EP, 16, 2026092418, 03, HCCA,  24, 182N, 1233W,  64,    0,   ,   0,    ,    0,    0,    0,    0, 
EP, 16, 2026092418, 03, HCCA,  36, 191N, 1231W,  59,    0,   ,   0,    ,    0,    0,    0,    0, 
EP, 16, 2026092418, 03, HCCA,  48, 203N, 1230W,  56,    0,   ,   0,    ,    0,    0,    0,    0, 
EP, 16, 2026092418, 03, HCCA,  60, 217N, 1226W,  49,    0,   ,   0,    ,    0,    0,    0,    0, 
EP, 16, 2026092418, 03, HCCA,  72, 226N, 1223W,  39,    0,   ,   0,    ,    0,    0,    0,    0, 
EP, 16, 2026092418, 03, HCCA,  84, 229N, 1218W,  30,    0,   ,   0,    ,    0,    0,    0,    0, 
EP, 16, 2026092418, 03, HCCA,  96, 225N, 1210W,  25,    0,   ,   0,    ,    0,    0,    0,    0, 
EP, 16, 2026092418, 03, HCCA, 108, 214N, 1202W,  22,    0,   ,   0,    ,    0,    0,    0,    0, 
EP, 16, 2026092418, 03, HCCA, 120, 203N, 1193W,  20,    0,   ,   0,    ,    0,    0,    0,    0, 
EP, 16, 2026092418, 03, HCCA, 132, 196N, 1189W,  19,    0,   ,   0,    ,    0,    0,    0,    0, 
EP, 16, 2026092418, 03, HCCA, 144, 190N, 1181W,  19,    0,   ,   0,    ,    0,    0,    0,    0, 
EP, 16, 2026092418, 03, HCCA, 156, 185N, 1165W,   0,    0,   ,   0,    ,    0,    0,    0,    0, 
EP, 16, 2026092418, 03, HCCA, 168, 184N, 1138W,   0,    0,   ,   0,    ,    0,    0,    0,    0, 
EP, 16, 2026092418, 03, HFSA,   0, 166N, 1251W,  81,  969, XX,  34, NEQ,  130,  144,  125,  134, 1009,  132,  21,   0,   0,    ,   0,    ,  54,   7,           ,  ,  0,    ,    0,    0,    0,    0, THERMO PARAMS, 35, 1078, 2276, N, 10, DT, -999, SHR82, -99, 
EP, 16, 2026092418, 03, HFSA,   0, 166N, 1251W,  81,  969, XX,  50, NEQ,   81,   83,   71,   76, 1009,  132,  21,   0,   0,    ,   0,    ,  54,   7,           ,  ,  0,    ,    0,    0,    0,    0, THERMO PARAMS, 35, 1078, 2276, N, 10, DT, -999, SHR82, -99, 
EP, 16, 2026092418, 03, HFSA,   0, 166N, 1251W,  81,  969, XX,  64, NEQ,   52,   55,   42,   44, 1009,  132,  21,   0,   0,    ,   0,    ,  54,   7,           ,  ,  0,    ,    0,    0,    0,    0, THERMO PARAMS, 35, 1078, 2276, N, 10, DT, -999, SHR82, -99, 
EP, 16, 2026092418, 03, HFSA,   6, 170N, 1245W,  69,  971, XX,  34, NEQ,  120,  139,  125,  121,  995,   52,  27,   0,   0,    ,   0,    ,  53,   8,           ,  ,  0,    ,    0,    0,    0,    0, THERMO PARAMS, 43, 1139, 1967, N, 10, DT, -999, SHR82, -99, 
EP, 16, 2026092418, 03, HFSA,   6, 170N, 1245W,  69,  971, XX,  50, NEQ,   66,   65,   65,   58,  995,   52,  27,   0,   0,    ,   0,    ,  53,   8,           ,  ,  0,    ,    0,    0,    0,    0, THERMO PARAMS, 43, 1139, 1967, N, 10, DT, -999, SHR82, -99, 
EP, 16, 2026092418, 03, HFSA,   6, 170N, 1245W,  69,  971, XX,  64, NEQ,   32,   36,    0,   32,  995,   52,  27,   0,   0,    ,   0,    ,  53,   8,           ,  ,  0,    ,    0,    0,    0,    0, THERMO PARAMS, 43, 1139, 1967, N, 10, DT, -999, SHR82, -99, 
EP, 16, 2026092418, 03, HFSA,  12, 174N, 1243W,  67,  976, XX,  34, NEQ,  147,  110,  100,  123,  996,   48,  35,   0,   0,    ,   0,    ,  28,   4,           ,  ,  0,    ,    0,    0,    0,    0, THERMO PARAMS, 38, 1347, 1752, N, 10, DT, -999, SHR82, -99, 
EP, 16, 2026092418, 03, HFSA,  12, 174N, 1243W,  67,  976, XX,  50, NEQ,   81,   57,   55,   70,  996,   48,  35,   0,   0,    ,   0,    ,  28,   4,           ,  ,  0,    ,    0,    0,    0,    0, THERMO PARAMS, 38, 1347, 1752, N, 10, DT, -999, SHR82, -99, 
EP, 16, 2026092418, 03, HFSA,  12, 174N, 1243W,  67,  976, XX,  64, NEQ,   34,    0,   32,   44,  996,   48,  35,   0,   0,    ,   0,    ,  28,   4,           ,  ,  0,    ,    0,    0,    0,    0, THERMO PARAMS, 38, 1347, 1752, N, 10, DT, -999, SHR82, -99, 
EP, 16, 2026092418, 03, HFSA,  18, 177N, 1242W,  72,  975, XX,  34, NEQ,  118,  110,   99,  117,  999,   64,  29,   0,   0,    ,   0,    ,  20,   4,           ,  ,  0,    ,    0,    0,    0,    0, THERMO PARAMS, 69, 1336, 1447, N, 10, DT, -999, SHR82, -99, 
EP, 16, 2026092418, 03, HFSA,  18, 177N, 1242W,  72,  975, XX,  50, NEQ,   52,   55,   58,   71,  999,   64,  29,   0,   0,    ,   0,    ,  20,   4,           ,  ,  0,    ,    0,    0,    0,    0, THERMO PARAMS, 69, 1336, 1447, N, 10, DT, -999, SHR82, -99, 
EP, 16, 2026092418, 03, HFSA,  18, 177N, 1242W,  72,  975, XX,  64, NEQ,   34,    0,    0,   36,  999,   64,  29,   0,   0,    ,   0,    ,  20,   4,           ,  ,  0,    ,    0,    0,    0,    0, THERMO PARAMS, 69, 1336, 1447, N, 10, DT, -999, SHR82, -99, 
EP, 16, 2026092418, 03, HFSA,  24, 178N, 1243W,  68,  980, XX,  34, NEQ,   96,   91,  100,  130, 1008,  119,  30,   0,   0,    ,   0,    , 343,   2,           ,  ,  0,    ,    0,    0,    0,    0, THERMO PARAMS, 11, 1080, 1485, N, 10, DT, -999, SHR82, -99, 
EP, 16, 2026092418, 03, HFSA,  24, 178N, 1243W,  68,  980, XX,  50, NEQ,   45,   52,   55,   47, 1008,  119,  30,   0,   0,    ,   0,    , 343,   2,           ,  ,  0,    ,    0,    0,    0,    0, THERMO PARAMS, 11, 1080, 1485, N, 10, DT, -999, SHR82, -99, 
EP, 16, 2026092418, 03, HFSA,  24, 178N, 1243W,  68,  980, XX,  64, NEQ,    0,    0,    0,   32, 1008,  119,  30,   0,   0,    ,   0,    , 343,   2,           ,  ,  0,    ,    0,    0,    0,    0, THERMO PARAMS, 11, 1080, 1485, N, 10, DT, -999, SHR82, -99, 
EP, 16, 2026092418, 03, HFSA,  30, 182N, 1242W,  64,  977, XX,  34, NEQ,  131,   96,   99,  126,  997,   54,  26,   0,   0,    ,   0,    ,  13,   4,           ,  ,  0,    ,    0,    0,    0,    0, THERMO PARAMS, 27, 1156, 1244, N, 10, DT, -999, SHR82, -99, 
EP, 16, 2026092418, 03, HFSA,  30, 182N, 1242W,  64,  977, XX,  50, NEQ,   47,   44,   42,   40,  997,   54,  26,   0,   0,    ,   0,    ,  13,   4,           ,  ,  0,    ,    0,    0,    0,    0, THERMO PARAMS, 27, 1156, 1244, N, 10, DT, -999, SHR82, -99, 
EP, 16, 2026092418, 03, HFSA,  30, 182N, 1242W,  64,  977, XX,  64, NEQ,    0,    0,    0,   26,  997,   54,  26,   0,   0,    ,   0,    ,  13,   4,           ,  ,  0,    ,    0,    0,    0,    0, THERMO PARAMS, 27, 1156, 1244, N, 10, DT, -999, SHR82, -99, 
EP, 16, 2026092418, 03, HFSA,  36, 186N, 1243W,  66,  980, XX,  34, NEQ,  105,   87,   79,   97, 1008,  128,  23,   0,   0,    ,   0,    , 340,   5,           ,  ,  0,    ,    0,    0,    0,    0, THERMO PARAMS, 19, 1281, 1157, N, 10, DT, -999, SHR82, -99, 
EP, 16, 2026092418, 03, HFSA,  36, 186N, 1243W,  66,  980, XX,  50, NEQ,   50,   37,   32,   63, 1008,  128,  23,   0,   0,    ,   0,    , 340,   5,           ,  ,  0,    ,    0,    0,    0,    0, THERMO PARAMS, 19, 1281, 1157, N, 10, DT, -999, SHR82, -99, 
EP, 16, 2026092418, 03, HFSA,  36, 186N, 1243W,  66,  980, XX,  64, NEQ,   26,    0,    0,   24, 1008,  128,  23,   0,   0,    ,   0,    , 340,   5,           ,  ,  0,    ,    0,    0,    0,    0, THERMO PARAMS, 19, 1281, 1157, N, 10, DT, -999, SHR82, -99, 
EP, 16, 2026092418, 03, HFSA,  42, 192N, 1243W,  67,  979, XX,  34, NEQ,   97,   91,   79,   91,  999,   57,  28,   0,   0,    ,   0,    , 351,   6,           ,  ,  0,    ,    0,    0,    0,    0, THERMO PARAMS, 78, 1302, 1274, N, 10, DT, -999, SHR82, -99, 
EP, 16, 2026092418, 03, HFSA,  42, 192N, 1243W,  67,  979, XX,  50, NEQ,   47,   47,   32,   45,  999,   57,  28,   0,   0,    ,   0,    , 351,   6,           ,  ,  0,    ,    0,    0,    0,    0, THERMO PARAMS, 78, 1302, 1274, N, 10, DT, -999, SHR82, -99, 
EP, 16, 2026092418, 03, HFSA,  42, 192N, 1243W,  67,  979, XX,  64, NEQ,    0,    0,    0,   31,  999,   57,  28,   0,   0,    ,   0,    , 351,   6,           ,  ,  0,    ,    0,    0,    0,    0, THERMO PARAMS, 78, 1302, 1274, N, 10, DT, -999, SHR82, -99, 
EP, 16, 2026092418, 03, HFSA,  48, 198N, 1243W,  63,  984, XX,  34, NEQ,  105,   78,   81,  104, 1008,  149,  24,   0,   0,    ,   0,    , 351,   7,           ,  ,  0,    ,    0,    0,    0,    0, THERMO PARAMS, 76, 1269, 1131, N, 10, DT, -999, SHR82, -99, 
EP, 16, 2026092418, 03, HFSA,  48, 198N, 1243W,  63,  984, XX,  50, NEQ,   50,   32,   37,   50, 1008,  149,  24,   0,   0,    ,   0,    , 351,   7,           ,  ,  0,    ,    0,    0,    0,    0, THERMO PARAMS, 76, 1269, 1131, N, 10, DT, -999, SHR82, -99, 
EP, 16, 2026092418, 03, HFSA,  54, 205N, 1242W,  56,  988, XX,  34, NEQ,  107,   76,   78,   92, 1004,  100,  27,   0,   0,    ,   0,    ,   4,   7,           ,  ,  0,    ,    0,    0,    0,    0, THERMO PARAMS, 130, 1527, 514, N, 10, DT, -999, SHR82, -99, 
EP, 16, 2026092418, 03, HFSA,  54, 205N, 1242W,  56,  988, XX,  50, NEQ,    0,    0,   34,   45, 1004,  100,  27,   0,   0,    ,   0,    ,   4,   7,           ,  ,  0,    ,    0,    0,    0,    0, THERMO PARAMS, 130, 1527, 514, N, 10, DT, -999, SHR82, -99, 
EP, 16, 2026092418, 03, HFSA,  60, 208N, 1243W,  45,  994, XX,  34, NEQ,  104,   63,   76,   92, 1002,   49,  55,   0,   0,    ,   0,    , 347,   6,           ,  ,  0,    ,    0,    0,    0,    0, THERMO PARAMS, 71, 1423, -118, N, 10, DT, -999, SHR82, -99, 
EP, 16, 2026092418, 03, HFSA,  66, 212N, 1245W,  38,  995, XX,  34, NEQ,   74,    0,   55,   78, 1003,   64,  69,   0,   0,    ,   0,    , 359,   5,           ,  ,  0,    ,    0,    0,    0,    0, THERMO PARAMS, 79, 1319, -548, N, 10, DT, -999, SHR82, -99, 
EP, 16, 2026092418, 03, HFSA,  72, 215N, 1247W,  36,  999, XX,  34, NEQ,    0,    0,   53,    0, 1007,   81,  83,   0,   0,    ,   0,    , 342,   4,           ,  ,  0,    ,    0,    0,    0,    0, THERMO PARAMS, 22, 1212, -653, N, 10, DT, -999, SHR82, -99, 
EP, 16, 2026092418, 03, HFSA,  78, 217N, 1250W,  33,  999, XX,  34, NEQ,    0,    0,    0,    0, 1007,  105,  82,   0,   0,    ,   0,    , 339,   3,           ,  ,  0,    ,    0,    0,    0,    0, THERMO PARAMS, -32, 1448, -569, N, 10, DT, -999, SHR82, -99, 
EP, 16, 2026092418, 03, HFSA,  84, 218N, 1254W,  31, 1002, XX,  34, NEQ,    0,    0,    0,    0, 1006,   44,  64,   0,   0,    ,   0,    , 287,   2,           ,  ,  0,    ,    0,    0,    0,    0, THERMO PARAMS, -64, 1188, -698, N, 10, DT, -999, SHR82, -99, 
EP, 16, 2026092418, 03, HFSA,  90, 216N, 1256W,  30, 1002, XX,  34, NEQ,    0,    0,    0,    0, 1006,   54,  81,   0,   0,    ,   0,    , 214,   2,           ,  ,  0,    ,    0,    0,    0,    0, THERMO PARAMS, -74, 1308, -393, N, 10, DT, -999, SHR82, -99, 
EP, 16, 2026092418, 03, HFSA,  96, 213N, 1260W,  29, 1005, XX,  34, NEQ,    0,    0,    0,    0, 1009,   64,  82,   0,   0,    ,   0,    , 226,   3,           ,  ,  0,    ,    0,    0,    0,    0, THERMO PARAMS, -74, 1108, -287, N, 10, DT, -999, SHR82, -99, 
EP, 16, 2026092418, 03, HFSA, 102, 209N, 1265W,  30, 1003, XX,  34, NEQ,    0,    0,    0,    0, 1007,   80,  48,   0,   0,    ,   0,    , 209,   5,           ,  ,  0,    ,    0,    0,    0,    0, THERMO PARAMS, -43, 920, -133, N, 10, DT, -999, SHR82, -99, 
EP, 16, 2026092418, 03, HFSA, 108, 203N, 1268W,  29, 1006, XX,  34, NEQ,    0,    0,    0,    0, 1010,   88,  56,   0,   0,    ,   0,    , 203,   4,           ,  ,  0,    ,    0,    0,    0,    0, THERMO PARAMS, 3, 770, -67, N, 10, DT, -999, SHR82, -99, 
EP, 16, 2026092418, 03, HFSA, 114, 200N, 1269W,  27, 1004, XX,  34, NEQ,    0,    0,    0,    0,  -99,  -99,  67,   0,   0,    ,   0,    , 175,   3,           ,  ,  0,    ,    0,    0,    0,    0, THERMO PARAMS, 62, 610, 187, N, 10, DT, -999, SHR82, -99, 
EP, 16, 2026092418, 03, HFSA, 120, 196N, 1272W,  28, 1007, XX,  34, NEQ,    0,    0,    0,    0,  -99,  -99,  57,   0,   0,    ,   0,    , 224,   3,           ,  ,  0,    ,    0,    0,    0,    0, THERMO PARAMS, -34, 318, 4, N, 10, DT, -999, SHR82, -99, 
EP, 16, 2026092418, 03, HFSA, 126, 196N, 1275W,  27, 1004, XX,  34, NEQ,    0,    0,    0,    0,  -99,  -99,  50,   0,   0,    ,   0,    , -99, -99,           ,  ,  0,    ,    0,    0,    0,    0, THERMO PARAMS, -77, 201, 122, N, 10, DT, -999, SHR82, -99, 
EP, 16, 2026092418, 03, TVCN,   0, 166N, 1251W,   0,    0,   ,   0,    ,    0,    0,    0,    0, 
EP, 16, 2026092418, 03, TVCN,  12, 174N, 1241W,   0,    0,   ,   0,    ,    0,    0,    0,    0, 
EP, 16, 2026092418, 03, TVCN,  24, 181N, 1236W,   0,    0,   ,   0,    ,    0,    0,    0,    0, 
EP, 16, 2026092418, 03, TVCN,  36, 189N, 1235W,   0,    0,   ,   0,    ,    0,    0,    0,    0, 
EP, 16, 2026092418, 03, TVCN,  48, 200N, 1234W,   0,    0,   ,   0,    ,    0,    0,    0,    0, 
EP, 16, 2026092418, 03, TVCN,  60, 212N, 1233W,   0,    0,   ,   0,    ,    0,    0,    0,    0, 
EP, 16, 2026092418, 03, TVCN,  72, 220N, 1232W,   0,    0,   ,   0,    ,    0,    0,    0,    0, 
EP, 16, 2026092418, 03, TVCN,  84, 221N, 1231W,   0,    0,   ,   0,    ,    0,    0,    0,    0, 
EP, 16, 2026092418, 03, TVCN,  96, 215N, 1228W,   0,    0,   ,   0,    ,    0,    0,    0,    0, 
EP, 16, 2026092418, 03, TVCN, 108, 204N, 1225W,   0,    0,   ,   0,    ,    0,    0,    0,    0, 
EP, 16, 2026092418, 03, TVCN, 120, 194N, 1223W,   0,    0,   ,   0,    ,    0,    0,    0,    0, 
EP, 16, 2026092418, 03, TVCN, 132, 189N, 1229W,   0,    0,   ,   0,    ,    0,    0,    0,    0, 
EP, 16, 2026092418, 03, TVCN, 144, 186N, 1213W,   0,    0,   ,   0,    ,    0,    0,    0,    0, 
EP, 16, 2026092418, 03, TVCN, 156, 177N, 1209W,   0,    0,   ,   0,    ,    0,    0,    0,    0, 
EP, 16, 2026092418, 03, TVCN, 168, 171N, 1197W,   0,    0,   ,   0,    ,    0,    0,    0,    0, 
EP, 16, 2026092500, 03,  UKX,   0, 168N, 1247W,  48,  992, XX,  34, NEQ,   84,   91,   62,   73, 
EP, 16, 2026092500, 03,  UKX,   6, 171N, 1242W,  50,  994, XX,  34, NEQ,   83,   75,   55,   84, 
EP, 16, 2026092500, 03,  UKX,   6, 171N, 1242W,  50,  994, XX,  50, NEQ,   36,    0,    0,    0, 
EP, 16, 2026092500, 03,  UKX,  12, 175N, 1241W,  52,  993, XX,  34, NEQ,   78,   65,   54,   71, 
EP, 16, 2026092500, 03,  UKX,  12, 175N, 1241W,  52,  993, XX,  50, NEQ,   35,    0,    0,    0, 
EP, 16, 2026092500, 03,  UKX,  18, 179N, 1241W,  50,  994, XX,  34, NEQ,   75,   53,   58,   78, 
EP, 16, 2026092500, 03,  UKX,  24, 183N, 1241W,  50,  993, XX,  34, NEQ,   76,   64,   65,   88, 
EP, 16, 2026092500, 03,  UKX,  30, 186N, 1242W,  51,  994, XX,  34, NEQ,   88,   61,   59,   89, 
EP, 16, 2026092500, 03,  UKX,  30, 186N, 1242W,  51,  994, XX,  50, NEQ,    0,    0,    0,   31, 
EP, 16, 2026092500, 03,  UKX,  36, 191N, 1245W,  46,  995, XX,  34, NEQ,   88,   59,   60,   73, 
EP, 16, 2026092500, 03,  UKX,  42, 195N, 1247W,  42,  997, XX,  34, NEQ,   79,   56,   61,   85, 
EP, 16, 2026092500, 03,  UKX,  48, 200N, 1249W,  42,  996, XX,  34, NEQ,  104,   53,   64,   88, 
EP, 16, 2026092500, 03,  UKX,  54, 205N, 1252W,  41,  999, XX,  34, NEQ,   99,   55,   59,   89, 
EP, 16, 2026092500, 03,  UKX,  60, 211N, 1253W,  35,  999, XX,  34, NEQ,   55,    0,    0,   62, 
EP, 16, 2026092500, 03,  UKX,  66, 214N, 1255W,  34, 1002, XX,  34, NEQ,    0,    0,    0,    0, 
EP, 16, 2026092500, 03,  UKX,  72, 216N, 1255W,  32, 1002, XX,  34, NEQ,    0,    0,    0,    0, 
EP, 16, 2026092500, 03,  UKX,  78, 216N, 1255W,  30, 1005, XX,  34, NEQ,    0,    0,    0,    0, 
EP, 16, 2026092500, 03,  UKX,  84, 215N, 1254W,  28, 1004, XX,  34, NEQ,    0,    0,    0,    0, 
EP, 16, 2026092500, 03,  UKX,  90, 210N, 1254W,  27, 1007, XX,  34, NEQ,    0,    0,    0,    0, 
EP, 16, 2026092500, 03,  UKX,  96, 205N, 1253W,  27, 1005, XX,  34, NEQ,    0,    0,    0,    0, 
EP, 16, 2026092500, 03,  UKX, 102, 197N, 1253W,  24, 1008, XX,  34, NEQ,    0,    0,    0,    0, 
EP, 16, 2026092500, 03,  UKX, 108, 193N, 1252W,  23, 1006, XX,  34, NEQ,    0,    0,    0,    0, 
EP, 16, 2026092500, 03,  UKX, 114, 188N, 1251W,  22, 1009, XX,  34, NEQ,    0,    0,    0,    0, 
EP, 16, 2026092500, 03,  UKX, 120, 184N, 1252W,  21, 1006, XX,  34, NEQ,    0,    0,    0,    0, 
EP, 16, 2026092500, 03,  UKX, 126, 181N, 1256W,  21, 1010, XX,  34, NEQ,    0,    0,    0,    0, 
EP, 16, 2026092500, 03,  UKX, 132, 181N, 1258W,  18, 1008, XX,  34, NEQ,    0,    0,    0,    0, 
EP, 16, 2026092500, 03,  UKX, 138, 185N, 1262W,  18, 1011, XX,  34, NEQ,    0,    0,    0,    0, 
EP, 16, 2026092500, 03,  UKX, 144, 185N, 1270W,  18, 1009, XX,  34, NEQ,    0,    0,    0,    0, 
EP, 16, 2026092500, 03, AVNO,   0, 170N, 1245W,  63,  977, XX,  34, NEQ,   83,   96,   84,   94, 1009,  367,  23,   0,   0, 
EP, 16, 2026092500, 03, AVNO,   0, 170N, 1245W,  63,  977, XX,  50, NEQ,   46,   50,   43,   47, 1009,  367,  23,   0,   0, 
EP, 16, 2026092500, 03, AVNO,   6, 173N, 1242W,  62,  982, XX,  34, NEQ,   94,   76,   75,   92, 1010,  140,  33,   0,   0, 
EP, 16, 2026092500, 03, AVNO,   6, 173N, 1242W,  62,  982, XX,  50, NEQ,   39,   45,   37,   51, 1010,  140,  33,   0,   0, 
EP, 16, 2026092500, 03, AVNO,  12, 175N, 1241W,  61,  980, XX,  34, NEQ,   87,   71,   75,   82, 1008,  177,  29,   0,   0, 
EP, 16, 2026092500, 03, AVNO,  12, 175N, 1241W,  61,  980, XX,  50, NEQ,   42,   44,   42,   48, 1008,  177,  29,   0,   0, 
EP, 16, 2026092500, 03, AVNO,  18, 177N, 1239W,  56,  984, XX,  34, NEQ,   74,   70,   79,   91, 1008,  108,  28,   0,   0, 
EP, 16, 2026092500, 03, AVNO,  18, 177N, 1239W,  56,  984, XX,  50, NEQ,   38,   39,   37,   45, 1008,  108,  28,   0,   0, 
EP, 16, 2026092500, 03, AVNO,  24, 182N, 1238W,  60,  981, XX,  34, NEQ,   83,   63,   84,   96, 1005,  108,  27,   0,   0, 
EP, 16, 2026092500, 03, AVNO,  24, 182N, 1238W,  60,  981, XX,  50, NEQ,   42,   35,   40,   44, 1005,  108,  27,   0,   0, 
EP, 16, 2026092500, 03, AVNO,  30, 184N, 1238W,  61,  983, XX,  34, NEQ,   85,   66,   77,   88, 1007,  105,  27,   0,   0, 
EP, 16, 2026092500, 03, AVNO,  30, 184N, 1238W,  61,  983, XX,  50, NEQ,   41,   37,   40,   39, 1007,  105,  27,   0,   0, 
EP, 16, 2026092500, 03, AVNO,  36, 189N, 1238W,  58,  982, XX,  34, NEQ,   74,   62,   74,   75, 1006,  122,  27,   0,   0, 
EP, 16, 2026092500, 03, AVNO,  36, 189N, 1238W,  58,  982, XX,  50, NEQ,   42,   34,   37,   38, 1006,  122,  27,   0,   0, 
EP, 16, 2026092500, 03, AVNO,  42, 195N, 1238W,  54,  985, XX,  34, NEQ,   91,   65,   72,   92, 1009,  134,  21,   0,   0, 
EP, 16, 2026092500, 03, AVNO,  42, 195N, 1238W,  54,  985, XX,  50, NEQ,   39,   37,   32,   36, 1009,  134,  21,   0,   0, 
EP, 16, 2026092500, 03, AVNO,  48, 201N, 1236W,  52,  986, XX,  34, NEQ,   88,   68,   68,   87, 1006,  128,  26,   0,   0, 
EP, 16, 2026092500, 03, AVNO,  48, 201N, 1236W,  52,  986, XX,  50, NEQ,   30,    0,   41,   36, 1006,  128,  26,   0,   0, 
EP, 16, 2026092500, 03, AVNO,  54, 204N, 1236W,  45,  992, XX,  34, NEQ,   79,   56,   57,   79, 1008,  115,  37,   0,   0, 
EP, 16, 2026092500, 03, AVNO,  60, 207N, 1237W,  39,  993, XX,  34, NEQ,   61,   48,   55,   66, 1005,   91,  43,   0,   0, 
EP, 16, 2026092500, 03, AVNO,  66, 209N, 1237W,  37,  998, XX,  34, NEQ,    0,    0,   51,   70, 1006,   60,  49,   0,   0, 
EP, 16, 2026092500, 03, AVNO,  72, 209N, 1239W,  36,  997, XX,  34, NEQ,    0,    0,   52,   63, 1005,   82,  51,   0,   0, 
EP, 16, 2026092500, 03, AVNO,  78, 207N, 1239W,  32, 1001, XX,  34, NEQ,    0,    0,    0,    0, 1005,   36,  50,   0,   0, 
EP, 16, 2026092500, 03, AVNO,  84, 204N, 1239W,  30, 1000, XX,  34, NEQ,    0,    0,    0,    0, 1004,   42,  49,   0,   0, 
EP, 16, 2026092500, 03, AVNO,  90, 199N, 1240W,  29, 1003, XX,  34, NEQ,    0,    0,    0,    0, 1007,   50,  51,   0,   0, 
EP, 16, 2026092500, 03, AVNO,  96, 195N, 1241W,  30, 1001, XX,  34, NEQ,    0,    0,    0,    0, 1005,   59,  50,   0,   0, 
EP, 16, 2026092500, 03, AVNO, 102, 190N, 1242W,  29, 1005, XX,  34, NEQ,    0,    0,    0,    0, 1009,   66,  46,   0,   0, 
EP, 16, 2026092500, 03, AVNO, 108, 188N, 1242W,  27, 1003, XX,  34, NEQ,    0,    0,    0,    0, 1007,   80,  46,   0,   0, 
EP, 16, 2026092500, 03, AVNO, 114, 185N, 1243W,  26, 1006, XX,  34, NEQ,    0,    0,    0,    0, 1010,  113,  40,   0,   0, 
EP, 16, 2026092500, 03, AVNO, 120, 182N, 1244W,  26, 1003, XX,  34, NEQ,    0,    0,    0,    0,  -99,  -99,  39,   0,   0, 
EP, 16, 2026092500, 03, AVNO, 126, 179N, 1245W,  25, 1007, XX,  34, NEQ,    0,    0,    0,    0,  -99,  -99,  37,   0,   0, 
EP, 16, 2026092500, 03, AVNO, 132, 179N, 1247W,  23, 1005, XX,  34, NEQ,    0,    0,    0,    0,  -99,  -99,  41,   0,   0, 
EP, 16, 2026092500, 03, AVNO, 138, 181N, 1249W,  20, 1008, XX,  34, NEQ,    0,    0,    0,    0,  -99,  -99,  45,   0,   0, 
EP, 16, 2026092500, 03, AVNO, 144, 183N, 1249W,  21, 1005, XX,  34, NEQ,    0,    0,    0,    0,  -99,  -99,  34,   0,   0, 
EP, 16, 2026092500, 03, AVNO, 150, 184N, 1249W,  21, 1009, XX,  34, NEQ,    0,    0,    0,    0,  -99,  -99,  22,   0,   0, 
EP, 16, 2026092500, 03, AVNO, 156, 185N, 1251W,  18, 1006, XX,  34, NEQ,    0,    0,    0,    0,  -99,  -99,  28,   0,   0, 
EP, 16, 2026092500, 03, AVNO, 162, 186N, 1251W,  18, 1009, XX,  34, NEQ,    0,    0,    0,    0,  -99,  -99,  24,   0,   0, 
EP, 16, 2026092500, 03, AVNO, 168, 186N, 1252W,  17, 1006, XX,  34, NEQ,    0,    0,    0,    0,  -99,  -99,  29,   0,   0, 
EP, 16, 2026092500, 03, AVNO, 174, 185N, 1249W,  18, 1009, XX,  34, NEQ,    0,    0,    0,    0,  -99,  -99,  38,   0,   0, 
EP, 16, 2026092500, 03, AVNO, 180, 182N, 1250W,  15, 1007, XX,  34, NEQ,    0,    0,    0,    0,  -99,  -99,  61,   0,   0, 
EP, 16, 2026092500, 03, HCCA,   0, 169N, 1244W,  90,    0,   ,   0,    ,    0,    0,    0,    0, 
EP, 16, 2026092500, 03, HCCA,  12, 176N, 1236W,  86,    0,   ,   0,    ,    0,    0,    0,    0, 
EP, 16, 2026092500, 03, HCCA,  24, 185N, 1235W,  73,    0,   ,   0,    ,    0,    0,    0,    0, 
EP, 16, 2026092500, 03, HCCA,  36, 195N, 1236W,  65,    0,   ,   0,    ,    0,    0,    0,    0, 
EP, 16, 2026092500, 03, HCCA,  48, 208N, 1235W,  56,    0,   ,   0,    ,    0,    0,    0,    0, 
EP, 16, 2026092500, 03, HCCA,  60, 220N, 1234W,  41,    0,   ,   0,    ,    0,    0,    0,    0, 
EP, 16, 2026092500, 03, HCCA,  72, 226N, 1230W,  29,    0,   ,   0,    ,    0,    0,    0,    0, 
EP, 16, 2026092500, 03, HCCA,  84, 224N, 1224W,  24,    0,   ,   0,    ,    0,    0,    0,    0, 
EP, 16, 2026092500, 03, HCCA,  96, 215N, 1217W,  23,    0,   ,   0,    ,    0,    0,    0,    0, 
EP, 16, 2026092500, 03, HCCA, 108, 201N, 1215W,  21,    0,   ,   0,    ,    0,    0,    0,    0, 
EP, 16, 2026092500, 03, HCCA, 120, 186N, 1212W,  22,    0,   ,   0,    ,    0,    0,    0,    0, 
EP, 16, 2026092500, 03, HCCA, 132, 180N, 1213W,  22,    0,   ,   0,    ,    0,    0,    0,    0, 
EP, 16, 2026092500, 03, HCCA, 144, 177N, 1206W,  22,    0,   ,   0,    ,    0,    0,    0,    0, 
EP, 16, 2026092500, 03, HCCA, 156, 172N, 1192W,   0,    0,   ,   0,    ,    0,    0,    0,    0, 
EP, 16, 2026092500, 03, HCCA, 168, 172N, 1161W,   0,    0,   ,   0,    ,    0,    0,    0,    0, 
EP, 16, 2026092500, 03, HFSA,   0, 169N, 1244W,  89,  959, XX,  34, NEQ,  125,  155,  139,  146, 1003,   98,  24,   0,   0,    ,   0,    ,  57,   8,           ,  ,  0,    ,    0,    0,    0,    0, THERMO PARAMS, 88, 1322, 2351, N, 10, DT, -999, SHR82, -99, 
EP, 16, 2026092500, 03, HFSA,   0, 169N, 1244W,  89,  959, XX,  50, NEQ,   83,   86,   78,   83, 1003,   98,  24,   0,   0,    ,   0,    ,  57,   8,           ,  ,  0,    ,    0,    0,    0,    0, THERMO PARAMS, 88, 1322, 2351, N, 10, DT, -999, SHR82, -99, 
EP, 16, 2026092500, 03, HFSA,   0, 169N, 1244W,  89,  959, XX,  64, NEQ,   53,   57,   49,   55, 1003,   98,  24,   0,   0,    ,   0,    ,  57,   8,           ,  ,  0,    ,    0,    0,    0,    0, THERMO PARAMS, 88, 1322, 2351, N, 10, DT, -999, SHR82, -99, 
EP, 16, 2026092500, 03, HFSA,   6, 173N, 1241W,  80,  965, XX,  34, NEQ,  138,  126,  115,  128, 1009,  155,  27,   0,   0,    ,   0,    ,  26,   6,           ,  ,  0,    ,    0,    0,    0,    0, THERMO PARAMS, -9, 1477, 2203, N, 10, DT, -999, SHR82, -99, 
EP, 16, 2026092500, 03, HFSA,   6, 173N, 1241W,  80,  965, XX,  50, NEQ,   89,   68,   73,   83, 1009,  155,  27,   0,   0,    ,   0,    ,  26,   6,           ,  ,  0,    ,    0,    0,    0,    0, THERMO PARAMS, -9, 1477, 2203, N, 10, DT, -999, SHR82, -99, 
EP, 16, 2026092500, 03, HFSA,   6, 173N, 1241W,  80,  965, XX,  64, NEQ,   47,   49,   39,   45, 1009,  155,  27,   0,   0,    ,   0,    ,  26,   6,           ,  ,  0,    ,    0,    0,    0,    0, THERMO PARAMS, -9, 1477, 2203, N, 10, DT, -999, SHR82, -99, 
EP, 16, 2026092500, 03, HFSA,  12, 177N, 1240W,  72,  971, XX,  34, NEQ,  130,  121,  117,  131,  999,   70,  35,   0,   0,    ,   0,    ,  31,   4,           ,  ,  0,    ,    0,    0,    0,    0, THERMO PARAMS, 49, 1265, 1525, N, 10, DT, -999, SHR82, -99, 
EP, 16, 2026092500, 03, HFSA,  12, 177N, 1240W,  72,  971, XX,  50, NEQ,   87,   66,   66,   74,  999,   70,  35,   0,   0,    ,   0,    ,  31,   4,           ,  ,  0,    ,    0,    0,    0,    0, THERMO PARAMS, 49, 1265, 1525, N, 10, DT, -999, SHR82, -99, 
EP, 16, 2026092500, 03, HFSA,  12, 177N, 1240W,  72,  971, XX,  64, NEQ,   40,    0,   42,   40,  999,   70,  35,   0,   0,    ,   0,    ,  31,   4,           ,  ,  0,    ,    0,    0,    0,    0, THERMO PARAMS, 49, 1265, 1525, N, 10, DT, -999, SHR82, -99, 
EP, 16, 2026092500, 03, HFSA,  18, 180N, 1239W,  65,  976, XX,  34, NEQ,  133,  113,  105,  130, 1008,  125,  35,   0,   0,    ,   0,    , 347,   4,           ,  ,  0,    ,    0,    0,    0,    0, THERMO PARAMS, 39, 1127, 1482, N, 10, DT, -999, SHR82, -99, 
EP, 16, 2026092500, 03, HFSA,  18, 180N, 1239W,  65,  976, XX,  50, NEQ,   60,   58,   62,   70, 1008,  125,  35,   0,   0,    ,   0,    , 347,   4,           ,  ,  0,    ,    0,    0,    0,    0, THERMO PARAMS, 39, 1127, 1482, N, 10, DT, -999, SHR82, -99, 
EP, 16, 2026092500, 03, HFSA,  18, 180N, 1239W,  65,  976, XX,  64, NEQ,   34,    0,   32,   36, 1008,  125,  35,   0,   0,    ,   0,    , 347,   4,           ,  ,  0,    ,    0,    0,    0,    0, THERMO PARAMS, 39, 1127, 1482, N, 10, DT, -999, SHR82, -99, 
EP, 16, 2026092500, 03, HFSA,  24, 184N, 1240W,  70,  974, XX,  34, NEQ,  142,   96,   99,  125, 1002,   83,  28,   0,   0,    ,   0,    , 355,   4,           ,  ,  0,    ,    0,    0,    0,    0, THERMO PARAMS, 27, 1285, 1420, N, 10, DT, -999, SHR82, -99, 
EP, 16, 2026092500, 03, HFSA,  24, 184N, 1240W,  70,  974, XX,  50, NEQ,   52,   47,   55,   62, 1002,   83,  28,   0,   0,    ,   0,    , 355,   4,           ,  ,  0,    ,    0,    0,    0,    0, THERMO PARAMS, 27, 1285, 1420, N, 10, DT, -999, SHR82, -99, 
EP, 16, 2026092500, 03, HFSA,  24, 184N, 1240W,  70,  974, XX,  64, NEQ,    0,    0,   34,   32, 1002,   83,  28,   0,   0,    ,   0,    , 355,   4,           ,  ,  0,    ,    0,    0,    0,    0, THERMO PARAMS, 27, 1285, 1420, N, 10, DT, -999, SHR82, -99, 
EP, 16, 2026092500, 03, HFSA,  30, 188N, 1241W,  69,  978, XX,  34, NEQ,  126,  102,   92,  108, 1010,  184,  24,   0,   0,    ,   0,    , 328,   5,           ,  ,  0,    ,    0,    0,    0,    0, THERMO PARAMS, 20, 1204, 1341, N, 10, DT, -999, SHR82, -99, 
EP, 16, 2026092500, 03, HFSA,  30, 188N, 1241W,  69,  978, XX,  50, NEQ,   53,   45,   45,   53, 1010,  184,  24,   0,   0,    ,   0,    , 328,   5,           ,  ,  0,    ,    0,    0,    0,    0, THERMO PARAMS, 20, 1204, 1341, N, 10, DT, -999, SHR82, -99, 
EP, 16, 2026092500, 03, HFSA,  30, 188N, 1241W,  69,  978, XX,  64, NEQ,   31,   29,    0,   31, 1010,  184,  24,   0,   0,    ,   0,    , 328,   5,           ,  ,  0,    ,    0,    0,    0,    0, THERMO PARAMS, 20, 1204, 1341, N, 10, DT, -999, SHR82, -99, 
EP, 16, 2026092500, 03, HFSA,  36, 192N, 1241W,  65,  979, XX,  34, NEQ,   97,   94,   81,   92, 1007,  174,  26,   0,   0,    ,   0,    , 352,   6,           ,  ,  0,    ,    0,    0,    0,    0, THERMO PARAMS, 63, 923, 1335, N, 10, DT, -999, SHR82, -99, 
EP, 16, 2026092500, 03, HFSA,  36, 192N, 1241W,  65,  979, XX,  50, NEQ,   50,   44,   32,   45, 1007,  174,  26,   0,   0,    ,   0,    , 352,   6,           ,  ,  0,    ,    0,    0,    0,    0, THERMO PARAMS, 63, 923, 1335, N, 10, DT, -999, SHR82, -99, 
EP, 16, 2026092500, 03, HFSA,  36, 192N, 1241W,  65,  979, XX,  64, NEQ,    0,    0,    0,   28, 1007,  174,  26,   0,   0,    ,   0,    , 352,   6,           ,  ,  0,    ,    0,    0,    0,    0, THERMO PARAMS, 63, 923, 1335, N, 10, DT, -999, SHR82, -99, 
EP, 16, 2026092500, 03, HFSA,  42, 198N, 1240W,  63,  984, XX,  34, NEQ,  107,   86,   74,  105, 1000,   52,  30,   0,   0,    ,   0,    , 356,   7,           ,  ,  0,    ,    0,    0,    0,    0, THERMO PARAMS, 45, 1269, 955, N, 10, DT, -999, SHR82, -99, 
EP, 16, 2026092500, 03, HFSA,  42, 198N, 1240W,  63,  984, XX,  50, NEQ,   44,   34,   29,   45, 1000,   52,  30,   0,   0,    ,   0,    , 356,   7,           ,  ,  0,    ,    0,    0,    0,    0, THERMO PARAMS, 45, 1269, 955, N, 10, DT, -999, SHR82, -99, 
EP, 16, 2026092500, 03, HFSA,  48, 205N, 1239W,  57,  986, XX,  34, NEQ,   96,   86,   78,   84,  990,   18,  25,   0,   0,    ,   0,    ,   8,   7,           ,  ,  0,    ,    0,    0,    0,    0, THERMO PARAMS, 116, 744, 707, N, 10, DT, -999, SHR82, -99, 
EP, 16, 2026092500, 03, HFSA,  48, 205N, 1239W,  57,  986, XX,  50, NEQ,   44,    0,   40,   42,  990,   18,  25,   0,   0,    ,   0,    ,   8,   7,           ,  ,  0,    ,    0,    0,    0,    0, THERMO PARAMS, 116, 744, 707, N, 10, DT, -999, SHR82, -99, 
EP, 16, 2026092500, 03, HFSA,  54, 209N, 1240W,  48,  993, XX,  34, NEQ,   97,   70,   70,   92, 1001,   46,  32,   0,   0,    ,   0,    , 349,   5,           ,  ,  0,    ,    0,    0,    0,    0, THERMO PARAMS, 68, 1441, -322, N, 10, DT, -999, SHR82, -99, 
EP, 16, 2026092500, 03, HFSA,  60, 213N, 1241W,  39,  994, XX,  34, NEQ,   79,    0,   68,   94, 1002,   59,  68,   0,   0,    ,   0,    , 357,   5,           ,  ,  0,    ,    0,    0,    0,    0, THERMO PARAMS, 115, 1408, -430, N, 10, DT, -999, SHR82, -99, 
EP, 16, 2026092500, 03, HFSA,  66, 215N, 1243W,  36,  999, XX,  34, NEQ,    0,    0,    0,   91, 1007,   79,  75,   0,   0,    ,   0,    , 331,   4,           ,  ,  0,    ,    0,    0,    0,    0, THERMO PARAMS, -24, 1256, -688, N, 10, DT, -999, SHR82, -99, 
EP, 16, 2026092500, 03, HFSA,  72, 218N, 1245W,  34,  998, XX,  34, NEQ,    0,    0,    0,    0, 1006,   99,  78,   0,   0,    ,   0,    ,   1,   3,           ,  ,  0,    ,    0,    0,    0,    0, THERMO PARAMS, 29, 1380, -279, N, 10, DT, -999, SHR82, -99, 
EP, 16, 2026092500, 03, HFSA,  78, 217N, 1248W,  32, 1002, XX,  34, NEQ,    0,    0,    0,    0, 1006,   45,  85,   0,   0,    ,   0,    , 298,   1,           ,  ,  0,    ,    0,    0,    0,    0, THERMO PARAMS, -75, 1316, -662, N, 10, DT, -999, SHR82, -99, 
EP, 16, 2026092500, 03, HFSA,  84, 217N, 1249W,  27, 1002, XX,  34, NEQ,    0,    0,    0,    0, 1006,   57,  68,   0,   0,    ,   0,    , 220,   1,           ,  ,  0,    ,    0,    0,    0,    0, THERMO PARAMS, -107, 1284, -375, N, 10, DT, -999, SHR82, -99, 
EP, 16, 2026092500, 03, HFSA,  90, 213N, 1252W,  26, 1005, XX,  34, NEQ,    0,    0,    0,    0, 1009,   66,  56,   0,   0,    ,   0,    , 215,   4,           ,  ,  0,    ,    0,    0,    0,    0, THERMO PARAMS, -77, 1162, -357, N, 10, DT, -999, SHR82, -99, 
EP, 16, 2026092500, 03, HFSA,  96, 210N, 1255W,  28, 1003, XX,  34, NEQ,    0,    0,    0,    0, 1007,   80,  58,   0,   0,    ,   0,    , 209,   4,           ,  ,  0,    ,    0,    0,    0,    0, THERMO PARAMS, -67, 1101, -217, N, 10, DT, -999, SHR82, -99, 
EP, 16, 2026092500, 03, HFSA, 102, 205N, 1260W,  28, 1006, XX,  34, NEQ,    0,    0,    0,    0,  -99,  -99,  58,   0,   0,    ,   0,    , 223,   5,           ,  ,  0,    ,    0,    0,    0,    0, THERMO PARAMS, -45, 859, -172, N, 10, DT, -999, SHR82, -99, 
EP, 16, 2026092500, 03, HFSA, 108, 202N, 1264W,  27, 1004, XX,  34, NEQ,    0,    0,    0,    0,  -99,  -99,  52,   0,   0,    ,   0,    , 224,   4,           ,  ,  0,    ,    0,    0,    0,    0, THERMO PARAMS, -43, 834, -3, N, 10, DT, -999, SHR82, -99, 
EP, 16, 2026092500, 03, HFSA, 114, 199N, 1268W,  27, 1007, XX,  34, NEQ,    0,    0,    0,    0,  -99,  -99,  37,   0,   0,    ,   0,    , 245,   3,           ,  ,  0,    ,    0,    0,    0,    0, THERMO PARAMS, -57, 297, -66, N, 10, DT, -999, SHR82, -99, 
EP, 16, 2026092500, 03, HFSA, 120, 198N, 1273W,  24, 1004, XX,  34, NEQ,    0,    0,    0,    0,  -99,  -99,  39,   0,   0,    ,   0,    , 258,   2,           ,  ,  0,    ,    0,    0,    0,    0, THERMO PARAMS, -90, 209, 88, N, 10, DT, -999, SHR82, -99, 
EP, 16, 2026092500, 03, HFSA, 126, 197N, 1281W,  29, 1007, XX,  34, NEQ,    0,    0,    0,    0,  -99,  -99,  32,   0,   0,    ,   0,    , -99, -99,           ,  ,  0,    ,    0,    0,    0,    0, THERMO PARAMS, -67, -74, 107, N, 10, DT, -999, SHR82, -99, 
EP, 16, 2026092500, 03, TVCN,   0, 169N, 1244W,   0,    0,   ,   0,    ,    0,    0,    0,    0, 
EP, 16, 2026092500, 03, TVCN,  12, 176N, 1238W,   0,    0,   ,   0,    ,    0,    0,    0,    0, 
EP, 16, 2026092500, 03, TVCN,  24, 184N, 1236W,   0,    0,   ,   0,    ,    0,    0,    0,    0, 
EP, 16, 2026092500, 03, TVCN,  36, 194N, 1236W,   0,    0,   ,   0,    ,    0,    0,    0,    0, 
EP, 16, 2026092500, 03, TVCN,  48, 205N, 1235W,   0,    0,   ,   0,    ,    0,    0,    0,    0, 
EP, 16, 2026092500, 03, TVCN,  60, 215N, 1235W,   0,    0,   ,   0,    ,    0,    0,    0,    0, 
EP, 16, 2026092500, 03, TVCN,  72, 220N, 1235W,   0,    0,   ,   0,    ,    0,    0,    0,    0, 
EP, 16, 2026092500, 03, TVCN,  84, 217N, 1233W,   0,    0,   ,   0,    ,    0,    0,    0,    0, 
EP, 16, 2026092500, 03, TVCN,  96, 208N, 1231W,   0,    0,   ,   0,    ,    0,    0,    0,    0, 
EP, 16, 2026092500, 03, TVCN, 108, 197N, 1230W,   0,    0,   ,   0,    ,    0,    0,    0,    0, 
EP, 16, 2026092500, 03, TVCN, 120, 187N, 1228W,   0,    0,   ,   0,    ,    0,    0,    0,    0, 
EP, 16, 2026092500, 03, TVCN, 132, 182N, 1237W,   0,    0,   ,   0,    ,    0,    0,    0,    0, 
EP, 16, 2026092500, 03, TVCN, 144, 176N, 1215W,   0,    0,   ,   0,    ,    0,    0,    0,    0, 
EP, 16, 2026092500, 03, TVCN, 156, 171N, 1205W,   0,    0,   ,   0,    ,    0,    0,    0,    0, 
EP, 16, 2026092506, 03, AVNO,   0, 173N, 1242W,  66,  978, XX,  34, NEQ,   93,   77,   75,   91, 1010,  155,  29,   0,   0, 
EP, 16, 2026092506, 03, AVNO,   0, 173N, 1242W,  66,  978, XX,  50, NEQ,   46,   52,   40,   55, 1010,  155,  29,   0,   0, 
EP, 16, 2026092506, 03, AVNO,   0, 173N, 1242W,  66,  978, XX,  64, NEQ,    0,    0,    0,   33, 1010,  155,  29,   0,   0, 
EP, 16, 2026092506, 03, AVNO,   6, 176N, 1241W,  69,  973, XX,  34, NEQ,   95,   77,   90,   91, 1009,  304,  25,   0,   0, 
EP, 16, 2026092506, 03, AVNO,   6, 176N, 1241W,  69,  973, XX,  50, NEQ,   50,   48,   49,   50, 1009,  304,  25,   0,   0, 
EP, 16, 2026092506, 03, AVNO,   6, 176N, 1241W,  69,  973, XX,  64, NEQ,   31,   33,    0,   30, 1009,  304,  25,   0,   0, 
EP, 16, 2026092506, 03, AVNO,  12, 178N, 1239W,  65,  978, XX,  34, NEQ,   85,   79,   80,  101, 1010,  142,  28,   0,   0, 
EP, 16, 2026092506, 03, AVNO,  12, 178N, 1239W,  65,  978, XX,  50, NEQ,   42,   50,   46,   47, 1010,  142,  28,   0,   0, 
EP, 16, 2026092506, 03, AVNO,  12, 178N, 1239W,  65,  978, XX,  64, NEQ,   26,    0,   29,    0, 1010,  142,  28,   0,   0, 
EP, 16, 2026092506, 03, AVNO,  18, 182N, 1238W,  64,  975, XX,  34, NEQ,   98,   73,   91,   98, 1007,  168,  23,   0,   0, 
EP, 16, 2026092506, 03, AVNO,  18, 182N, 1238W,  64,  975, XX,  50, NEQ,   48,   42,   51,   42, 1007,  168,  23,   0,   0, 
EP, 16, 2026092506, 03, AVNO,  18, 182N, 1238W,  64,  975, XX,  64, NEQ,    0,    0,    0,   23, 1007,  168,  23,   0,   0, 
EP, 16, 2026092506, 03, AVNO,  24, 186N, 1238W,  63,  979, XX,  34, NEQ,   87,   67,   81,   88, 1007,  102,  25,   0,   0, 
EP, 16, 2026092506, 03, AVNO,  24, 186N, 1238W,  63,  979, XX,  50, NEQ,   48,   45,   43,   44, 1007,  102,  25,   0,   0, 
EP, 16, 2026092506, 03, AVNO,  30, 191N, 1239W,  63,  976, XX,  34, NEQ,   77,   72,   74,   79, 1004,   94,  24,   0,   0, 
EP, 16, 2026092506, 03, AVNO,  30, 191N, 1239W,  63,  976, XX,  50, NEQ,   43,   43,   38,   45, 1004,   94,  24,   0,   0, 
EP, 16, 2026092506, 03, AVNO,  36, 197N, 1238W,  58,  982, XX,  34, NEQ,   83,   75,   78,   84, 1006,   85,  31,   0,   0, 
EP, 16, 2026092506, 03, AVNO,  36, 197N, 1238W,  58,  982, XX,  50, NEQ,   35,   37,   38,   39, 1006,   85,  31,   0,   0, 
EP, 16, 2026092506, 03, AVNO,  42, 205N, 1236W,  57,  983, XX,  34, NEQ,   77,   69,   69,   80, 1003,   74,  29,   0,   0, 
EP, 16, 2026092506, 03, AVNO,  42, 205N, 1236W,  57,  983, XX,  50, NEQ,   45,   35,   41,   40, 1003,   74,  29,   0,   0, 
EP, 16, 2026092506, 03, AVNO,  48, 211N, 1235W,  49,  991, XX,  34, NEQ,   78,   61,   57,   70, 1007,   92,  28,   0,   0, 
EP, 16, 2026092506, 03, AVNO,  54, 215N, 1236W,  43,  993, XX,  34, NEQ,   64,   55,   59,   66, 1005,   83,  37,   0,   0, 
EP, 16, 2026092506, 03, AVNO,  60, 216N, 1237W,  39,  998, XX,  34, NEQ,    0,    0,   59,   68, 1006,   57,  44,   0,   0, 
EP, 16, 2026092506, 03, AVNO,  66, 217N, 1238W,  40,  997, XX,  34, NEQ,    0,    0,   55,   71, 1005,   77,  40,   0,   0, 
EP, 16, 2026092506, 03, AVNO,  72, 214N, 1239W,  32, 1001, XX,  34, NEQ,    0,    0,    0,    0, 1005,   37,  62,   0,   0, 
EP, 16, 2026092506, 03, AVNO,  78, 212N, 1241W,  30, 1001, XX,  34, NEQ,    0,    0,    0,    0, 1005,   47,  43,   0,   0, 
EP, 16, 2026092506, 03, AVNO,  84, 207N, 1243W,  31, 1004, XX,  34, NEQ,    0,    0,    0,    0, 1008,   59,  49,   0,   0, 
EP, 16, 2026092506, 03, AVNO,  90, 202N, 1246W,  32, 1003, XX,  34, NEQ,    0,    0,    0,    0, 1007,   80,  39,   0,   0, 
EP, 16, 2026092506, 03, AVNO,  96, 196N, 1249W,  29, 1006, XX,  34, NEQ,    0,    0,    0,    0, 1010,   90,  42,   0,   0, 
EP, 16, 2026092506, 03, AVNO, 102, 192N, 1254W,  26, 1004, XX,  34, NEQ,    0,    0,    0,    0,  -99,  -99,  47,   0,   0, 
EP, 16, 2026092506, 03, AVNO, 108, 189N, 1260W,  27, 1006, XX,  34, NEQ,    0,    0,    0,    0,  -99,  -99,  38,   0,   0, 
EP, 16, 2026092506, 03, AVNO, 114, 188N, 1267W,  27, 1004, XX,  34, NEQ,    0,    0,    0,    0,  -99,  -99,  27,   0,   0, 
EP, 16, 2026092506, 03, AVNO, 120, 190N, 1275W,  27, 1007, XX,  34, NEQ,    0,    0,    0,    0,  -99,  -99,  15,   0,   0, 
EP, 16, 2026092506, 03, AVNO, 126, 194N, 1289W,  25, 1005, XX,  34, NEQ,    0,    0,    0,    0,  -99,  -99,  22,   0,   0, 
EP, 16, 2026092506, 03, AVNO, 132, 183N, 1304W,  31, 1004, XX,  34, NEQ,    0,    0,    0,    0,  -99,  -99, 154,   0,   0, 
EP, 16, 2026092506, 03, AVNO, 138, 169N, 1304W,  28,  997, XX,  34, NEQ,    0,    0,    0,    0, 1005,  153,  50,   0,   0, 
EP, 16, 2026092506, 03, AVNO, 144, 174N, 1307W,  31, 1000, XX,  34, NEQ,    0,    0,    0,    0, 1008,  121,  58,   0,   0, 
EP, 16, 2026092506, 03, AVNO, 150, 181N, 1313W,  37,  996, XX,  34, NEQ,   51,    0,    0,    0, 1004,  117,  44,   0,   0, 
EP, 16, 2026092506, 03, AVNO, 156, 182N, 1315W,  33,  998, XX,  34, NEQ,    0,    0,    0,    0, 1006,   79,  62,   0,   0, 
EP, 16, 2026092506, 03, AVNO, 162, 186N, 1320W,  34,  997, XX,  34, NEQ,    0,    0,    0,    0, 1005,  124,  43,   0,   0, 
EP, 16, 2026092506, 03, AVNO, 168, 186N, 1323W,  35, 1001, XX,  34, NEQ,    0,    0,   47,   59, 1009,  155,  59,   0,   0, 
EP, 16, 2026092506, 03, AVNO, 174, 189N, 1327W,  33, 1000, XX,  34, NEQ,    0,    0,    0,    0, 1004,   52,  52,   0,   0, 
EP, 16, 2026092506, 03, AVNO, 180, 191N, 1333W,  32, 1004, XX,  34, NEQ,    0,    0,    0,    0, 1008,   51,  42,   0,   0, 
EP, 16, 2026092506, 03, AVNO, 186, 192N, 1336W,  32, 1002, XX,  34, NEQ,    0,    0,    0,    0, 1006,   57,  66,   0,   0, 
EP, 16, 2026092506, 03, AVNO, 192, 193N, 1342W,  32, 1005, XX,  34, NEQ,    0,    0,    0,    0, 1009,   62,  56,   0,   0, 
EP, 16, 2026092506, 03, AVNO, 198, 194N, 1351W,  31, 1004, XX,  34, NEQ,    0,    0,    0,    0, 1008,   82,  38,   0,   0, 
EP, 16, 2026092506, 03, AVNO, 204, 191N, 1356W,  30, 1007, XX,  34, NEQ,    0,    0,    0,    0, 1011,   95,  69,   0,   0, 
EP, 16, 2026092506, 03, AVNO, 210, 189N, 1358W,  28, 1005, XX,  34, NEQ,    0,    0,    0,    0,  -99,  -99,  68,   0,   0, 
EP, 16, 2026092506, 03, AVNO, 216, 186N, 1361W,  29, 1007, XX,  34, NEQ,    0,    0,    0,    0,  -99,  -99,  43,   0,   0, 
EP, 16, 2026092506, 03, AVNO, 222, 182N, 1363W,  26, 1006, XX,  34, NEQ,    0,    0,    0,    0,  -99,  -99,  63,   0,   0, 
EP, 16, 2026092506, 03, AVNO, 228, 179N, 1363W,  24, 1008, XX,  34, NEQ,    0,    0,    0,    0,  -99,  -99,  65,   0,   0, 
EP, 16, 2026092506, 03, AVNO, 234, 174N, 1363W,  23, 1006, XX,  34, NEQ,    0,    0,    0,    0,  -99,  -99,  48,   0,   0, 
EP, 16, 2026092506, 03, AVNO, 240, 166N, 1362W,  24, 1008, XX,  34, NEQ,    0,    0,    0,    0,  -99,  -99,  64,   0,   0, 
EP, 16, 2026092506, 03, HCCA,   0, 173N, 1241W, 100,    0,   ,   0,    ,    0,    0,    0,    0, 
EP, 16, 2026092506, 03, HCCA,  12, 180N, 1237W,  93,    0,   ,   0,    ,    0,    0,    0,    0, 
EP, 16, 2026092506, 03, HCCA,  24, 189N, 1236W,  81,    0,   ,   0,    ,    0,    0,    0,    0, 
EP, 16, 2026092506, 03, HCCA,  36, 200N, 1237W,  67,    0,   ,   0,    ,    0,    0,    0,    0, 
EP, 16, 2026092506, 03, HCCA,  48, 211N, 1235W,  49,    0,   ,   0,    ,    0,    0,    0,    0, 
EP, 16, 2026092506, 03, HCCA,  60, 221N, 1229W,  38,    0,   ,   0,    ,    0,    0,    0,    0, 
EP, 16, 2026092506, 03, HCCA,  72, 224N, 1221W,  30,    0,   ,   0,    ,    0,    0,    0,    0, 
EP, 16, 2026092506, 03, HCCA,  84, 221N, 1212W,  27,    0,   ,   0,    ,    0,    0,    0,    0, 
EP, 16, 2026092506, 03, HCCA,  96, 211N, 1203W,  24,    0,   ,   0,    ,    0,    0,    0,    0, 
EP, 16, 2026092506, 03, HCCA, 108, 200N, 1198W,  21,    0,   ,   0,    ,    0,    0,    0,    0, 
EP, 16, 2026092506, 03, HCCA, 120, 193N, 1193W,  21,    0,   ,   0,    ,    0,    0,    0,    0, 
EP, 16, 2026092506, 03, HCCA, 132, 185N, 1191W,  20,    0,   ,   0,    ,    0,    0,    0,    0, 
EP, 16, 2026092506, 03, HCCA, 144, 180N, 1179W,  22,    0,   ,   0,    ,    0,    0,    0,    0, 
EP, 16, 2026092506, 03, HCCA, 156, 173N, 1169W,  23,    0,   ,   0,    ,    0,    0,    0,    0, 
EP, 16, 2026092506, 03, HCCA, 168, 167N, 1159W,  26,    0,   ,   0,    ,    0,    0,    0,    0, 
EP, 16, 2026092506, 03, HFSA,   0, 173N, 1241W, 100,  959, XX,  34, NEQ,  152,  149,  136,  146,  999,   64,  28,   0,   0,    ,   0,    ,  38,   6,           ,  ,  0,    ,    0,    0,    0,    0, THERMO PARAMS, 43, 1671, 2646, N, 10, DT, -999, SHR82, -99, 
EP, 16, 2026092506, 03, HFSA,   0, 173N, 1241W, 100,  959, XX,  50, NEQ,  105,   91,   89,   97,  999,   64,  28,   0,   0,    ,   0,    ,  38,   6,           ,  ,  0,    ,    0,    0,    0,    0, THERMO PARAMS, 43, 1671, 2646, N, 10, DT, -999, SHR82, -99, 
EP, 16, 2026092506, 03, HFSA,   0, 173N, 1241W, 100,  959, XX,  64, NEQ,   76,   63,   70,   73,  999,   64,  28,   0,   0,    ,   0,    ,  38,   6,           ,  ,  0,    ,    0,    0,    0,    0, THERMO PARAMS, 43, 1671, 2646, N, 10, DT, -999, SHR82, -99, 
EP, 16, 2026092506, 03, HFSA,   6, 176N, 1240W,  72,  963, XX,  34, NEQ,  133,  123,  123,  131, 1007,  157,  25,   0,   0,    ,   0,    ,  32,   5,           ,  ,  0,    ,    0,    0,    0,    0, THERMO PARAMS, 56, 1394, 2466, N, 10, DT, -999, SHR82, -99, 
EP, 16, 2026092506, 03, HFSA,   6, 176N, 1240W,  72,  963, XX,  50, NEQ,   81,   71,   68,   76, 1007,  157,  25,   0,   0,    ,   0,    ,  32,   5,           ,  ,  0,    ,    0,    0,    0,    0, THERMO PARAMS, 56, 1394, 2466, N, 10, DT, -999, SHR82, -99, 
EP, 16, 2026092506, 03, HFSA,   6, 176N, 1240W,  72,  963, XX,  64, NEQ,   44,   47,   44,   47, 1007,  157,  25,   0,   0,    ,   0,    ,  32,   5,           ,  ,  0,    ,    0,    0,    0,    0, THERMO PARAMS, 56, 1394, 2466, N, 10, DT, -999, SHR82, -99, 
EP, 16, 2026092506, 03, HFSA,  12, 180N, 1239W,  68,  972, XX,  34, NEQ,  134,  112,  113,  131,  996,   54,  33,   0,   0,    ,   0,    , 355,   4,           ,  ,  0,    ,    0,    0,    0,    0, THERMO PARAMS, 60, 1400, 1775, N, 10, DT, -999, SHR82, -99, 
EP, 16, 2026092506, 03, HFSA,  12, 180N, 1239W,  68,  972, XX,  50, NEQ,   79,   62,   62,   78,  996,   54,  33,   0,   0,    ,   0,    , 355,   4,           ,  ,  0,    ,    0,    0,    0,    0, THERMO PARAMS, 60, 1400, 1775, N, 10, DT, -999, SHR82, -99, 
EP, 16, 2026092506, 03, HFSA,  12, 180N, 1239W,  68,  972, XX,  64, NEQ,    0,    0,   50,   49,  996,   54,  33,   0,   0,    ,   0,    , 355,   4,           ,  ,  0,    ,    0,    0,    0,    0, THERMO PARAMS, 60, 1400, 1775, N, 10, DT, -999, SHR82, -99, 
EP, 16, 2026092506, 03, HFSA,  18, 184N, 1239W,  77,  970, XX,  34, NEQ,  138,  104,  105,  126, 1002,   87,  33,   0,   0,    ,   0,    ,   2,   4,           ,  ,  0,    ,    0,    0,    0,    0, THERMO PARAMS, 52, 1614, 1749, N, 10, DT, -999, SHR82, -99, 
EP, 16, 2026092506, 03, HFSA,  18, 184N, 1239W,  77,  970, XX,  50, NEQ,   57,   52,   63,   73, 1002,   87,  33,   0,   0,    ,   0,    ,   2,   4,           ,  ,  0,    ,    0,    0,    0,    0, THERMO PARAMS, 52, 1614, 1749, N, 10, DT, -999, SHR82, -99, 
EP, 16, 2026092506, 03, HFSA,  18, 184N, 1239W,  77,  970, XX,  64, NEQ,   37,   39,   44,   42, 1002,   87,  33,   0,   0,    ,   0,    ,   2,   4,           ,  ,  0,    ,    0,    0,    0,    0, THERMO PARAMS, 52, 1614, 1749, N, 10, DT, -999, SHR82, -99, 
EP, 16, 2026092506, 03, HFSA,  24, 188N, 1241W,  69,  973, XX,  34, NEQ,  126,   94,   91,  113, 1009,  164,  29,   0,   0,    ,   0,    , 326,   4,           ,  ,  0,    ,    0,    0,    0,    0, THERMO PARAMS, 47, 1292, 1621, N, 10, DT, -999, SHR82, -99, 
EP, 16, 2026092506, 03, HFSA,  24, 188N, 1241W,  69,  973, XX,  50, NEQ,   58,   47,   50,   63, 1009,  164,  29,   0,   0,    ,   0,    , 326,   4,           ,  ,  0,    ,    0,    0,    0,    0, THERMO PARAMS, 47, 1292, 1621, N, 10, DT, -999, SHR82, -99, 
EP, 16, 2026092506, 03, HFSA,  24, 188N, 1241W,  69,  973, XX,  64, NEQ,   40,    0,   36,   36, 1009,  164,  29,   0,   0,    ,   0,    , 326,   4,           ,  ,  0,    ,    0,    0,    0,    0, THERMO PARAMS, 47, 1292, 1621, N, 10, DT, -999, SHR82, -99, 
EP, 16, 2026092506, 03, HFSA,  30, 193N, 1241W,  64,  973, XX,  34, NEQ,   92,   99,  102,  104, 1005,  124,  28,   0,   0,    ,   0,    , 354,   6,           ,  ,  0,    ,    0,    0,    0,    0, THERMO PARAMS, 88, 1054, 1614, N, 10, DT, -999, SHR82, -99, 
EP, 16, 2026092506, 03, HFSA,  30, 193N, 1241W,  64,  973, XX,  50, NEQ,   50,   49,   39,   44, 1005,  124,  28,   0,   0,    ,   0,    , 354,   6,           ,  ,  0,    ,    0,    0,    0,    0, THERMO PARAMS, 88, 1054, 1614, N, 10, DT, -999, SHR82, -99, 
EP, 16, 2026092506, 03, HFSA,  36, 199N, 1240W,  61,  979, XX,  34, NEQ,  112,   96,  100,  118, 1007,  116,  29,   0,   0,    ,   0,    , 354,   8,           ,  ,  0,    ,    0,    0,    0,    0, THERMO PARAMS, 64, 1152, 1344, N, 10, DT, -999, SHR82, -99, 
EP, 16, 2026092506, 03, HFSA,  36, 199N, 1240W,  61,  979, XX,  50, NEQ,   47,   37,   42,   42, 1007,  116,  29,   0,   0,    ,   0,    , 354,   8,           ,  ,  0,    ,    0,    0,    0,    0, THERMO PARAMS, 64, 1152, 1344, N, 10, DT, -999, SHR82, -99, 
EP, 16, 2026092506, 03, HFSA,  42, 208N, 1238W,  63,  982, XX,  34, NEQ,  112,   87,   84,   94,  986,   17,  33,   0,   0,    ,   0,    ,  10,   8,           ,  ,  0,    ,    0,    0,    0,    0, THERMO PARAMS, 101, 1459, 992, N, 10, DT, -999, SHR82, -99, 
EP, 16, 2026092506, 03, HFSA,  42, 208N, 1238W,  63,  982, XX,  50, NEQ,   49,   37,   42,   47,  986,   17,  33,   0,   0,    ,   0,    ,  10,   8,           ,  ,  0,    ,    0,    0,    0,    0, THERMO PARAMS, 101, 1459, 992, N, 10, DT, -999, SHR82, -99, 
EP, 16, 2026092506, 03, HFSA,  48, 215N, 1236W,  54,  990, XX,  34, NEQ,  104,   83,   71,   92,  998,   37,  40,   0,   0,    ,   0,    , 357,   6,           ,  ,  0,    ,    0,    0,    0,    0, THERMO PARAMS, 126, 1534, 339, N, 10, DT, -999, SHR82, -99, 
EP, 16, 2026092506, 03, HFSA,  48, 215N, 1236W,  54,  990, XX,  50, NEQ,    0,    0,   34,   49,  998,   37,  40,   0,   0,    ,   0,    , 357,   6,           ,  ,  0,    ,    0,    0,    0,    0, THERMO PARAMS, 126, 1534, 339, N, 10, DT, -999, SHR82, -99, 
EP, 16, 2026092506, 03, HFSA,  54, 221N, 1237W,  48,  992, XX,  34, NEQ,  108,   63,   68,  105, 1000,   49,  36,   0,   0,    ,   0,    , 352,   6,           ,  ,  0,    ,    0,    0,    0,    0, THERMO PARAMS, 101, 1597, -410, N, 10, DT, -999, SHR82, -99, 
EP, 16, 2026092506, 03, HFSA,  60, 225N, 1240W,  42,  997, XX,  34, NEQ,  102,    0,   66,   96, 1005,   60,  66,   0,   0,    ,   0,    , 338,   5,           ,  ,  0,    ,    0,    0,    0,    0, THERMO PARAMS, 20, 1439, -756, N, 10, DT, -999, SHR82, -99, 
EP, 16, 2026092506, 03, HFSA,  66, 226N, 1242W,  38,  997, XX,  34, NEQ,    0,    0,   58,  100, 1005,   82,  36,   0,   0,    ,   0,    , 343,   2,           ,  ,  0,    ,    0,    0,    0,    0, THERMO PARAMS, -93, 1630, -695, N, 10, DT, -999, SHR82, -99, 
EP, 16, 2026092506, 03, HFSA,  72, 226N, 1244W,  34, 1001, XX,  34, NEQ,    0,    0,    0,    0, 1009,  124,  91,   0,   0,    ,   0,    , 299,   1,           ,  ,  0,    ,    0,    0,    0,    0, THERMO PARAMS, -137, 1386, -799, N, 10, DT, -999, SHR82, -99, 
EP, 16, 2026092506, 03, HFSA,  78, 226N, 1247W,  29, 1001, XX,  34, NEQ,    0,    0,    0,    0, 1005,   45, 104,   0,   0,    ,   0,    , 247,   1,           ,  ,  0,    ,    0,    0,    0,    0, THERMO PARAMS, -107, 1406, -593, N, 10, DT, -999, SHR82, -99, 
EP, 16, 2026092506, 03, HFSA,  84, 223N, 1251W,  29, 1004, XX,  34, NEQ,    0,    0,    0,    0, 1008,   56,  99,   0,   0,    ,   0,    , 224,   4,           ,  ,  0,    ,    0,    0,    0,    0, THERMO PARAMS, -115, 1407, -550, N, 10, DT, -999, SHR82, -99, 
EP, 16, 2026092506, 03, HFSA,  90, 218N, 1254W,  29, 1003, XX,  34, NEQ,    0,    0,    0,    0, 1007,   70,  79,   0,   0,    ,   0,    , 200,   5,           ,  ,  0,    ,    0,    0,    0,    0, THERMO PARAMS, -91, 1307, -368, N, 10, DT, -999, SHR82, -99, 
EP, 16, 2026092506, 03, HFSA,  96, 212N, 1259W,  28, 1006, XX,  34, NEQ,    0,    0,    0,    0,  -99,  -99,  94,   0,   0,    ,   0,    , 216,   6,           ,  ,  0,    ,    0,    0,    0,    0, THERMO PARAMS, -73, 887, -260, N, 10, DT, -999, SHR82, -99, 
EP, 16, 2026092506, 03, HFSA, 102, 208N, 1263W,  26, 1005, XX,  34, NEQ,    0,    0,    0,    0,  -99,  -99,  50,   0,   0,    ,   0,    , 215,   3,           ,  ,  0,    ,    0,    0,    0,    0, THERMO PARAMS, -75, 677, -57, N, 10, DT, -999, SHR82, -99, 
EP, 16, 2026092506, 03, HFSA, 108, 204N, 1266W,  27, 1007, XX,  34, NEQ,    0,    0,    0,    0,  -99,  -99,  41,   0,   0,    ,   0,    , 236,   2,           ,  ,  0,    ,    0,    0,    0,    0, THERMO PARAMS, -87, 376, -32, N, 10, DT, -999, SHR82, -99, 
EP, 16, 2026092506, 03, HFSA, 114, 202N, 1271W,  25, 1004, XX,  34, NEQ,    0,    0,    0,    0,  -99,  -99,  16,   0,   0,    ,   0,    , 260,   2,           ,  ,  0,    ,    0,    0,    0,    0, THERMO PARAMS, -87, 149, 295, N, 10, DT, -999, SHR82, -99, 
EP, 16, 2026092506, 03, HFSA, 120, 198N, 1285W,  25, 1006, XX,  34, NEQ,    0,    0,    0,    0,  -99,  -99,  34,   0,   0,    ,   0,    , 273,   7,           ,  ,  0,    ,    0,    0,    0,    0, THERMO PARAMS, -9999, -9999, -9999, N, 10, DT, -999, SHR82, -99, 
EP, 16, 2026092506, 03, HFSA, 126, 172N, 1318W,  34,  998, XX,  34, NEQ,    0,    0,    0,    0, 1002,   53,  51,   0,   0,    ,   0,    , -99, -99,           ,  ,  0,    ,    0,    0,    0,    0, THERMO PARAMS, -193, -8, 609, N, 10, DT, -999, SHR82, -99, 
EP, 16, 2026092506, 03, TVCN,   0, 173N, 1241W,   0,    0,   ,   0,    ,    0,    0,    0,    0, 
EP, 16, 2026092506, 03, TVCN,  12, 180N, 1237W,   0,    0,   ,   0,    ,    0,    0,    0,    0, 
EP, 16, 2026092506, 03, TVCN,  24, 187N, 1237W,   0,    0,   ,   0,    ,    0,    0,    0,    0, 
EP, 16, 2026092506, 03, TVCN,  36, 198N, 1237W,   0,    0,   ,   0,    ,    0,    0,    0,    0, 
EP, 16, 2026092506, 03, TVCN,  48, 208N, 1237W,   0,    0,   ,   0,    ,    0,    0,    0,    0, 
EP, 16, 2026092506, 03, TVCN,  60, 215N, 1236W,   0,    0,   ,   0,    ,    0,    0,    0,    0, 
EP, 16, 2026092506, 03, TVCN,  72, 217N, 1234W,   0,    0,   ,   0,    ,    0,    0,    0,    0, 
EP, 16, 2026092506, 03, TVCN,  84, 212N, 1232W,   0,    0,   ,   0,    ,    0,    0,    0,    0, 
EP, 16, 2026092506, 03, TVCN,  96, 203N, 1230W,   0,    0,   ,   0,    ,    0,    0,    0,    0, 
EP, 16, 2026092506, 03, TVCN, 108, 193N, 1230W,   0,    0,   ,   0,    ,    0,    0,    0,    0, 
EP, 16, 2026092506, 03, TVCN, 120, 190N, 1239W,   0,    0,   ,   0,    ,    0,    0,    0,    0, 
EP, 16, 2026092506, 03, TVCN, 132, 182N, 1240W,   0,    0,   ,   0,    ,    0,    0,    0,    0, 
EP, 16, 2026092506, 03, TVCN, 144, 172N, 1201W,   0,    0,   ,   0,    ,    0,    0,    0,    0, 
EP, 16, 2026092506, 03, TVCN, 156, 164N, 1199W,   0,    0,   ,   0,    ,    0,    0,    0,    0, 
EP, 16, 2026092506, 03, TVCN, 168, 154N, 1186W,   0,    0,   ,   0,    ,    0,    0,    0,    0, 
EP, 16, 2026092512, 03,  UKX,   0, 175N, 1240W,  65,  985, XX,  34, NEQ,  106,   88,   84,  110, 
EP, 16, 2026092512, 03,  UKX,   0, 175N, 1240W,  65,  985, XX,  50, NEQ,   55,   53,   40,   49, 
EP, 16, 2026092512, 03,  UKX,   0, 175N, 1240W,  65,  985, XX,  64, NEQ,   34,    0,    0,    0, 
EP, 16, 2026092512, 03,  UKX,   6, 177N, 1239W,  57,  990, XX,  34, NEQ,   88,   73,   79,   91, 
EP, 16, 2026092512, 03,  UKX,   6, 177N, 1239W,  57,  990, XX,  50, NEQ,   49,    0,   28,   48, 
EP, 16, 2026092512, 03,  UKX,  12, 180N, 1239W,  51,  990, XX,  34, NEQ,   90,   78,   69,   96, 
EP, 16, 2026092512, 03,  UKX,  12, 180N, 1239W,  51,  990, XX,  50, NEQ,   42,    0,    0,   37, 
EP, 16, 2026092512, 03,  UKX,  18, 183N, 1239W,  50,  993, XX,  34, NEQ,   82,   67,   68,   88, 
EP, 16, 2026092512, 03,  UKX,  24, 187N, 1239W,  46,  993, XX,  34, NEQ,   80,   80,   69,   82, 
EP, 16, 2026092512, 03,  UKX,  30, 192N, 1239W,  43,  996, XX,  34, NEQ,   98,   71,   65,   79, 
EP, 16, 2026092512, 03,  UKX,  36, 198N, 1240W,  42,  996, XX,  34, NEQ,   96,   46,   69,   91, 
EP, 16, 2026092512, 03,  UKX,  42, 201N, 1241W,  38,  999, XX,  34, NEQ,   82,    0,   53,   82, 
EP, 16, 2026092512, 03,  UKX,  48, 207N, 1241W,  35,  999, XX,  34, NEQ,    0,    0,    0,   61, 
EP, 16, 2026092512, 03,  UKX,  54, 209N, 1241W,  34, 1002, XX,  34, NEQ,    0,    0,    0,    0, 
EP, 16, 2026092512, 03,  UKX,  60, 211N, 1240W,  35, 1001, XX,  34, NEQ,    0,    0,    0,   43, 
EP, 16, 2026092512, 03,  UKX,  66, 211N, 1239W,  34, 1004, XX,  34, NEQ,    0,    0,    0,   43, 
EP, 16, 2026092512, 03,  UKX,  72, 211N, 1237W,  32, 1003, XX,  34, NEQ,    0,    0,    0,    0, 
EP, 16, 2026092512, 03,  UKX,  78, 207N, 1234W,  30, 1006, XX,  34, NEQ,    0,    0,    0,    0, 
EP, 16, 2026092512, 03,  UKX,  84, 201N, 1231W,  26, 1004, XX,  34, NEQ,    0,    0,    0,    0, 
EP, 16, 2026092512, 03,  UKX,  90, 195N, 1228W,  24, 1007, XX,  34, NEQ,    0,    0,    0,    0, 
EP, 16, 2026092512, 03,  UKX,  96, 191N, 1225W,  22, 1005, XX,  34, NEQ,    0,    0,    0,    0, 
EP, 16, 2026092512, 03,  UKX, 102, 187N, 1222W,  21, 1008, XX,  34, NEQ,    0,    0,    0,    0, 
EP, 16, 2026092512, 03,  UKX, 108, 184N, 1222W,  22, 1006, XX,  34, NEQ,    0,    0,    0,    0, 
EP, 16, 2026092512, 03,  UKX, 114, 180N, 1222W,  21, 1008, XX,  34, NEQ,    0,    0,    0,    0, 
EP, 16, 2026092512, 03,  UKX, 120, 177N, 1219W,  18, 1007, XX,  34, NEQ,    0,    0,    0,    0, 
EP, 16, 2026092512, 03,  UKX, 126, 175N, 1218W,  18, 1010, XX,  34, NEQ,    0,    0,    0,    0, 
EP, 16, 2026092512, 03,  UKX, 132, 172N, 1215W,  16, 1008, XX,  34, NEQ,    0,    0,    0,    0, 
EP, 16, 2026092512, 03,  UKX, 138, 169N, 1209W,  18, 1010, XX,  34, NEQ,    0,    0,    0,    0, 
EP, 16, 2026092512, 03,  UKX, 144, 161N, 1199W,  19, 1008, XX,  34, NEQ,    0,    0,    0,    0, 
EP, 16, 2026092512, 03, AVNO,   0, 176N, 1239W,  71,  969, XX,  34, NEQ,   88,   77,   89,   97,  989,   36,  24,   0,   0, 
EP, 16, 2026092512, 03, AVNO,   0, 176N, 1239W,  71,  969, XX,  50, NEQ,   47,   46,   51,   52,  989,   36,  24,   0,   0, 
EP, 16, 2026092512, 03, AVNO,   0, 176N, 1239W,  71,  969, XX,  64, NEQ,   32,   32,   39,   35,  989,   36,  24,   0,   0, 
EP, 16, 2026092512, 03, AVNO,   6, 179N, 1237W,  76,  968, XX,  34, NEQ,   97,   77,   85,   99,  988,   33,  26,   0,   0, 
EP, 16, 2026092512, 03, AVNO,   6, 179N, 1237W,  76,  968, XX,  50, NEQ,   49,   50,   53,   54,  988,   33,  26,   0,   0, 
EP, 16, 2026092512, 03, AVNO,   6, 179N, 1237W,  76,  968, XX,  64, NEQ,   35,   36,   37,   36,  988,   33,  26,   0,   0, 
EP, 16, 2026092512, 03, AVNO,  12, 184N, 1236W,  74,  968, XX,  34, NEQ,   98,   71,   88,  100,  988,   28,  24,   0,   0, 
EP, 16, 2026092512, 03, AVNO,  12, 184N, 1236W,  74,  968, XX,  50, NEQ,   47,   47,   51,   54,  988,   28,  24,   0,   0, 
EP, 16, 2026092512, 03, AVNO,  12, 184N, 1236W,  74,  968, XX,  64, NEQ,   34,   38,   36,   36,  988,   28,  24,   0,   0, 
EP, 16, 2026092512, 03, AVNO,  18, 186N, 1237W,  69,  971, XX,  34, NEQ,   87,   72,   78,   95, 1007,  110,  19,   0,   0, 
EP, 16, 2026092512, 03, AVNO,  18, 186N, 1237W,  69,  971, XX,  50, NEQ,   45,   43,   45,   52, 1007,  110,  19,   0,   0, 
EP, 16, 2026092512, 03, AVNO,  18, 186N, 1237W,  69,  971, XX,  64, NEQ,   28,   27,   31,   32, 1007,  110,  19,   0,   0, 
EP, 16, 2026092512, 03, AVNO,  24, 191N, 1235W,  66,  974, XX,  34, NEQ,   76,   81,   86,   77, 1006,  134,  28,   0,   0, 
EP, 16, 2026092512, 03, AVNO,  24, 191N, 1235W,  66,  974, XX,  50, NEQ,   46,   45,   40,   41, 1006,  134,  28,   0,   0, 
EP, 16, 2026092512, 03, AVNO,  24, 191N, 1235W,  66,  974, XX,  64, NEQ,    0,    0,   28,   29, 1006,  134,  28,   0,   0, 
EP, 16, 2026092512, 03, AVNO,  30, 198N, 1234W,  63,  980, XX,  34, NEQ,   80,   70,   78,   81, 1008,  114,  23,   0,   0, 
EP, 16, 2026092512, 03, AVNO,  30, 198N, 1234W,  63,  980, XX,  50, NEQ,   43,   44,   46,   42, 1008,  114,  23,   0,   0, 
EP, 16, 2026092512, 03, AVNO,  36, 205N, 1232W,  57,  982, XX,  34, NEQ,   78,   65,   70,   80, 1006,  157,  25,   0,   0, 
EP, 16, 2026092512, 03, AVNO,  36, 205N, 1232W,  57,  982, XX,  50, NEQ,   33,   32,   40,   41, 1006,  157,  25,   0,   0, 
EP, 16, 2026092512, 03, AVNO,  42, 208N, 1231W,  44,  991, XX,  34, NEQ,   65,   65,   62,   65, 1007,   84,  39,   0,   0, 
EP, 16, 2026092512, 03, AVNO,  48, 210N, 1230W,  39,  993, XX,  34, NEQ,   37,   27,   61,   61, 1005,   88,  44,   0,   0, 
EP, 16, 2026092512, 03, AVNO,  54, 211N, 1228W,  33,  998, XX,  34, NEQ,    0,    0,    0,    0, 1006,   62,  48,   0,   0, 
EP, 16, 2026092512, 03, AVNO,  60, 211N, 1227W,  34,  998, XX,  34, NEQ,    0,    0,    0,    0, 1002,   33,  33,   0,   0, 
EP, 16, 2026092512, 03, AVNO,  66, 208N, 1224W,  30, 1002, XX,  34, NEQ,    0,    0,    0,    0, 1006,   43,  56,   0,   0, 
EP, 16, 2026092512, 03, AVNO,  72, 205N, 1220W,  28, 1001, XX,  34, NEQ,    0,    0,    0,    0, 1005,   52,  51,   0,   0, 
EP, 16, 2026092512, 03, AVNO,  78, 202N, 1217W,  27, 1004, XX,  34, NEQ,    0,    0,    0,    0, 1008,   73,  43,   0,   0, 
EP, 16, 2026092512, 03, AVNO,  84, 197N, 1215W,  30, 1003, XX,  34, NEQ,    0,    0,    0,    0, 1007,   92,  33,   0,   0, 
EP, 16, 2026092512, 03, AVNO,  90, 192N, 1213W,  28, 1006, XX,  34, NEQ,    0,    0,    0,    0,  -99,  -99,  27,   0,   0, 
EP, 16, 2026092512, 03, AVNO,  96, 188N, 1211W,  25, 1005, XX,  34, NEQ,    0,    0,    0,    0,  -99,  -99,  36,   0,   0, 
EP, 16, 2026092512, 03, AVNO, 102, 184N, 1210W,  24, 1007, XX,  34, NEQ,    0,    0,    0,    0,  -99,  -99,  40,   0,   0, 
EP, 16, 2026092512, 03, AVNO, 108, 178N, 1210W,  23, 1005, XX,  34, NEQ,    0,    0,    0,    0,  -99,  -99,  41,   0,   0, 
EP, 16, 2026092512, 03, AVNO, 114, 173N, 1211W,  20, 1008, XX,  34, NEQ,    0,    0,    0,    0,  -99,  -99,  83,   0,   0, 
EP, 16, 2026092512, 03, AVNO, 120, 169N, 1211W,  17, 1006, XX,  34, NEQ,    0,    0,    0,    0,  -99,  -99,  45,   0,   0, 
EP, 16, 2026092512, 03, AVNO, 126, 165N, 1211W,  18, 1009, XX,  34, NEQ,    0,    0,    0,    0,  -99,  -99,  75,   0,   0, 
EP, 16, 2026092512, 03, AVNO, 132, 161N, 1208W,  16, 1005, XX,  34, NEQ,    0,    0,    0,    0,  -99,  -99,  35,   0,   0, 
EP, 16, 2026092512, 03, AVNO, 138, 153N, 1205W,  18, 1008, XX,  34, NEQ,    0,    0,    0,    0,  -99,  -99,  39,   0,   0, 
EP, 16, 2026092512, 03, AVNO, 144, 146N, 1197W,  20, 1005, XX,  34, NEQ,    0,    0,    0,    0,  -99,  -99,  50,   0,   0, 
EP, 16, 2026092512, 03, AVNO, 150, 141N, 1188W,  19, 1007, XX,  34, NEQ,    0,    0,    0,    0,  -99,  -99,  63,   0,   0, 
EP, 16, 2026092512, 03, AVNO, 156, 136N, 1176W,  21, 1003, XX,  34, NEQ,    0,    0,    0,    0,  -99,  -99,  59,   0,   0, 
EP, 16, 2026092512, 03, AVNO, 162, 132N, 1162W,  24, 1004, XX,  34, NEQ,    0,    0,    0,    0,  -99,  -99,  88,   0,   0, 
EP, 16, 2026092512, 03, AVNO, 168, 131N, 1143W,  28, 1001, XX,  34, NEQ,    0,    0,    0,    0,  -99,  -99, 152,   0,   0, 
EP, 16, 2026092512, 03, AVNO, 174, 142N, 1123W,  50, 1002, XX,  34, NEQ,  367,    0,    0,  241,  -99,  -99, 154,   0,   0, 
EP, 16, 2026092512, 03, AVNO, 180, 170N, 1108W,  62,  974, XX,  34, NEQ,  185,   75,  120,  181,  -99,  -99,  53,   0,   0, 
EP, 16, 2026092512, 03, AVNO, 180, 170N, 1108W,  62,  974, XX,  50, NEQ,    0,    0,    0,  113,  -99,  -99,  53,   0,   0, 
EP, 16, 2026092512, 03, AVNO, 186, 183N, 1116W,  63,  976, XX,  34, NEQ,  107,  138,  143,   84, 1004,  159,  28,   0,   0, 
EP, 16, 2026092512, 03, AVNO, 186, 183N, 1116W,  63,  976, XX,  50, NEQ,   43,   49,   53,   48, 1004,  159,  28,   0,   0, 
EP, 16, 2026092512, 03, AVNO, 192, 185N, 1122W,  69,  972, XX,  34, NEQ,  125,  158,  137,   90, 1004,  200,  29,   0,   0, 
EP, 16, 2026092512, 03, AVNO, 192, 185N, 1122W,  69,  972, XX,  50, NEQ,   47,   48,   46,   47, 1004,  200,  29,   0,   0, 
EP, 16, 2026092512, 03, AVNO, 192, 185N, 1122W,  69,  972, XX,  64, NEQ,   29,   33,    0,    0, 1004,  200,  29,   0,   0, 
EP, 16, 2026092512, 03, AVNO, 198, 186N, 1126W,  72,  969, XX,  34, NEQ,  109,  129,  104,   82, 1005,  180,  28,   0,   0, 
EP, 16, 2026092512, 03, AVNO, 198, 186N, 1126W,  72,  969, XX,  50, NEQ,   38,   58,   50,   46, 1005,  180,  28,   0,   0, 
EP, 16, 2026092512, 03, AVNO, 198, 186N, 1126W,  72,  969, XX,  64, NEQ,   25,   42,    0,    0, 1005,  180,  28,   0,   0, 
EP, 16, 2026092512, 03, AVNO, 204, 187N, 1128W,  78,  959, XX,  34, NEQ,  101,  118,  117,  109,  971,   21,  24,   0,   0, 
EP, 16, 2026092512, 03, AVNO, 204, 187N, 1128W,  78,  959, XX,  50, NEQ,   48,   58,   52,   51,  971,   21,  24,   0,   0, 
EP, 16, 2026092512, 03, AVNO, 204, 187N, 1128W,  78,  959, XX,  64, NEQ,   33,   39,   21,   39,  971,   21,  24,   0,   0, 
EP, 16, 2026092512, 03, AVNO, 210, 188N, 1132W,  85,  954, XX,  34, NEQ,  123,  115,  119,  106, 1006,  244,  27,   0,   0, 
EP, 16, 2026092512, 03, AVNO, 210, 188N, 1132W,  85,  954, XX,  50, NEQ,   57,   60,   57,   51, 1006,  244,  27,   0,   0, 
EP, 16, 2026092512, 03, AVNO, 210, 188N, 1132W,  85,  954, XX,  64, NEQ,   40,   41,   37,   32, 1006,  244,  27,   0,   0, 
EP, 16, 2026092512, 03, AVNO, 216, 189N, 1133W,  89,  949, XX,  34, NEQ,  122,  124,  127,  110,  977,   34,  31,   0,   0, 
EP, 16, 2026092512, 03, AVNO, 216, 189N, 1133W,  89,  949, XX,  50, NEQ,   62,   66,   62,   52,  977,   34,  31,   0,   0, 
EP, 16, 2026092512, 03, AVNO, 216, 189N, 1133W,  89,  949, XX,  64, NEQ,   45,   47,   43,   38,  977,   34,  31,   0,   0, 
EP, 16, 2026092512, 03, AVNO, 222, 190N, 1137W,  91,  948, XX,  34, NEQ,  133,  131,  128,  122,  968,   33,  20,   0,   0, 
EP, 16, 2026092512, 03, AVNO, 222, 190N, 1137W,  91,  948, XX,  50, NEQ,   67,   71,   62,   65,  968,   33,  20,   0,   0, 
EP, 16, 2026092512, 03, AVNO, 222, 190N, 1137W,  91,  948, XX,  64, NEQ,   42,   52,   45,   46,  968,   33,  20,   0,   0, 
EP, 16, 2026092512, 03, AVNO, 228, 190N, 1140W,  90,  941, XX,  34, NEQ,  126,  138,  143,  119,  969,   33,  32,   0,   0, 
EP, 16, 2026092512, 03, AVNO, 228, 190N, 1140W,  90,  941, XX,  50, NEQ,   66,   70,   69,   65,  969,   33,  32,   0,   0, 
EP, 16, 2026092512, 03, AVNO, 228, 190N, 1140W,  90,  941, XX,  64, NEQ,   45,   47,   47,   44,  969,   33,  32,   0,   0, 
EP, 16, 2026092512, 03, AVNO, 234, 191N, 1145W,  91,  944, XX,  34, NEQ,  130,  138,  138,  123,  964,   21,  30,   0,   0, 
EP, 16, 2026092512, 03, AVNO, 234, 191N, 1145W,  91,  944, XX,  50, NEQ,   71,   73,   70,   71,  964,   21,  30,   0,   0, 
EP, 16, 2026092512, 03, AVNO, 234, 191N, 1145W,  91,  944, XX,  64, NEQ,   55,   49,   47,   43,  964,   21,  30,   0,   0, 
EP, 16, 2026092512, 03, AVNO, 240, 191N, 1151W,  89,  940, XX,  34, NEQ,  132,  149,  133,  129,  960,   27,  33,   0,   0, 
EP, 16, 2026092512, 03, AVNO, 240, 191N, 1151W,  89,  940, XX,  50, NEQ,   75,   73,   69,   74,  960,   27,  33,   0,   0, 
EP, 16, 2026092512, 03, AVNO, 240, 191N, 1151W,  89,  940, XX,  64, NEQ,   56,   52,   51,   54,  960,   27,  33,   0,   0, 
EP, 16, 2026092512, 03, HCCA,   0, 177N, 1238W, 115,    0,   ,   0,    ,    0,    0,    0,    0, 
EP, 16, 2026092512, 03, HCCA,  12, 184N, 1236W, 106,    0,   ,   0,    ,    0,    0,    0,    0, 
EP, 16, 2026092512, 03, HCCA,  24, 195N, 1235W,  90,    0,   ,   0,    ,    0,    0,    0,    0, 
EP, 16, 2026092512, 03, HCCA,  36, 208N, 1234W,  71,    0,   ,   0,    ,    0,    0,    0,    0, 
EP, 16, 2026092512, 03, HCCA,  48, 221N, 1230W,  50,    0,   ,   0,    ,    0,    0,    0,    0, 
EP, 16, 2026092512, 03, HCCA,  60, 229N, 1226W,  34,    0,   ,   0,    ,    0,    0,    0,    0, 
EP, 16, 2026092512, 03, HCCA,  72, 229N, 1219W,  26,    0,   ,   0,    ,    0,    0,    0,    0, 
EP, 16, 2026092512, 03, HCCA,  84, 219N, 1211W,  22,    0,   ,   0,    ,    0,    0,    0,    0, 
EP, 16, 2026092512, 03, HCCA,  96, 207N, 1198W,  19,    0,   ,   0,    ,    0,    0,    0,    0, 
EP, 16, 2026092512, 03, HCCA, 108, 197N, 1187W,  17,    0,   ,   0,    ,    0,    0,    0,    0, 
EP, 16, 2026092512, 03, HCCA, 120, 189N, 1182W,  18,    0,   ,   0,    ,    0,    0,    0,    0, 
EP, 16, 2026092512, 03, HCCA, 132, 180N, 1176W,  24,    0,   ,   0,    ,    0,    0,    0,    0, 
EP, 16, 2026092512, 03, HCCA, 144, 176N, 1165W,  28,    0,   ,   0,    ,    0,    0,    0,    0, 
EP, 16, 2026092512, 03, HCCA, 156, 172N, 1159W,  31,    0,   ,   0,    ,    0,    0,    0,    0, 
EP, 16, 2026092512, 03, HCCA, 168, 170N, 1145W,  34,    0,   ,   0,    ,    0,    0,    0,    0, 
EP, 16, 2026092512, 03, HFSA,   0, 177N, 1238W, 114,  938, XX,  34, NEQ,  162,  167,  159,  168,  994,   58,  23,   0,   0,    ,   0,    ,  39,   5,           ,  ,  0,    ,    0,    0,    0,    0, THERMO PARAMS, 88, 1822, 3146, N, 10, DT, -999, SHR82, -99, 
EP, 16, 2026092512, 03, HFSA,   0, 177N, 1238W, 114,  938, XX,  50, NEQ,  108,  104,  113,  115,  994,   58,  23,   0,   0,    ,   0,    ,  39,   5,           ,  ,  0,    ,    0,    0,    0,    0, THERMO PARAMS, 88, 1822, 3146, N, 10, DT, -999, SHR82, -99, 
EP, 16, 2026092512, 03, HFSA,   0, 177N, 1238W, 114,  938, XX,  64, NEQ,   81,   76,   79,   79,  994,   58,  23,   0,   0,    ,   0,    ,  39,   5,           ,  ,  0,    ,    0,    0,    0,    0, THERMO PARAMS, 88, 1822, 3146, N, 10, DT, -999, SHR82, -99, 
EP, 16, 2026092512, 03, HFSA,   6, 181N, 1236W,  98,  942, XX,  34, NEQ,  154,  144,  142,  157,  994,   63,  24,   0,   0,    ,   0,    ,   0,   5,           ,  ,  0,    ,    0,    0,    0,    0, THERMO PARAMS, 34, 1618, 3363, N, 10, DT, -999, SHR82, -99, 
EP, 16, 2026092512, 03, HFSA,   6, 181N, 1236W,  98,  942, XX,  50, NEQ,  100,   86,   99,  104,  994,   63,  24,   0,   0,    ,   0,    ,   0,   5,           ,  ,  0,    ,    0,    0,    0,    0, THERMO PARAMS, 34, 1618, 3363, N, 10, DT, -999, SHR82, -99, 
EP, 16, 2026092512, 03, HFSA,   6, 181N, 1236W,  98,  942, XX,  64, NEQ,   65,   62,   57,   60,  994,   63,  24,   0,   0,    ,   0,    ,   0,   5,           ,  ,  0,    ,    0,    0,    0,    0, THERMO PARAMS, 34, 1618, 3363, N, 10, DT, -999, SHR82, -99, 
EP, 16, 2026092512, 03, HFSA,  12, 186N, 1236W,  89,  950, XX,  34, NEQ,  159,  138,  138,  149,  998,   82,  27,   0,   0,    ,   0,    , 358,   4,           ,  ,  0,    ,    0,    0,    0,    0, THERMO PARAMS, 54, 1836, 2484, N, 10, DT, -999, SHR82, -99, 
EP, 16, 2026092512, 03, HFSA,  12, 186N, 1236W,  89,  950, XX,  50, NEQ,  108,   86,   84,   96,  998,   82,  27,   0,   0,    ,   0,    , 358,   4,           ,  ,  0,    ,    0,    0,    0,    0, THERMO PARAMS, 54, 1836, 2484, N, 10, DT, -999, SHR82, -99, 
EP, 16, 2026092512, 03, HFSA,  12, 186N, 1236W,  89,  950, XX,  64, NEQ,   50,   44,   57,   71,  998,   82,  27,   0,   0,    ,   0,    , 358,   4,           ,  ,  0,    ,    0,    0,    0,    0, THERMO PARAMS, 54, 1836, 2484, N, 10, DT, -999, SHR82, -99, 
EP, 16, 2026092512, 03, HFSA,  18, 190N, 1238W,  87,  956, XX,  34, NEQ,  149,  121,  118,  125, 1000,   77,  19,   0,   0,    ,   0,    , 328,   4,           ,  ,  0,    ,    0,    0,    0,    0, THERMO PARAMS, 64, 1772, 2318, N, 10, DT, -999, SHR82, -99, 
EP, 16, 2026092512, 03, HFSA,  18, 190N, 1238W,  87,  956, XX,  50, NEQ,   83,   58,   66,   87, 1000,   77,  19,   0,   0,    ,   0,    , 328,   4,           ,  ,  0,    ,    0,    0,    0,    0, THERMO PARAMS, 64, 1772, 2318, N, 10, DT, -999, SHR82, -99, 
EP, 16, 2026092512, 03, HFSA,  18, 190N, 1238W,  87,  956, XX,  64, NEQ,   45,   39,   49,   55, 1000,   77,  19,   0,   0,    ,   0,    , 328,   4,           ,  ,  0,    ,    0,    0,    0,    0, THERMO PARAMS, 64, 1772, 2318, N, 10, DT, -999, SHR82, -99, 
EP, 16, 2026092512, 03, HFSA,  24, 195N, 1238W,  77,  965, XX,  34, NEQ,  117,  115,  113,  113, 1001,   94,  19,   0,   0,    ,   0,    , 351,   6,           ,  ,  0,    ,    0,    0,    0,    0, THERMO PARAMS, 97, 1502, 1765, N, 10, DT, -999, SHR82, -99, 
EP, 16, 2026092512, 03, HFSA,  24, 195N, 1238W,  77,  965, XX,  50, NEQ,   55,   53,   44,   49, 1001,   94,  19,   0,   0,    ,   0,    , 351,   6,           ,  ,  0,    ,    0,    0,    0,    0, THERMO PARAMS, 97, 1502, 1765, N, 10, DT, -999, SHR82, -99, 
EP, 16, 2026092512, 03, HFSA,  24, 195N, 1238W,  77,  965, XX,  64, NEQ,   32,   32,   28,   26, 1001,   94,  19,   0,   0,    ,   0,    , 351,   6,           ,  ,  0,    ,    0,    0,    0,    0, THERMO PARAMS, 97, 1502, 1765, N, 10, DT, -999, SHR82, -99, 
EP, 16, 2026092512, 03, HFSA,  30, 202N, 1237W,  56,  977, XX,  34, NEQ,  123,   99,   97,  121, 1001,   69,  29,   0,   0,    ,   0,    , 349,   7,           ,  ,  0,    ,    0,    0,    0,    0, THERMO PARAMS, 83, 1561, 1637, N, 10, DT, -999, SHR82, -99, 
EP, 16, 2026092512, 03, HFSA,  30, 202N, 1237W,  56,  977, XX,  50, NEQ,   40,   37,    0,   42, 1001,   69,  29,   0,   0,    ,   0,    , 349,   7,           ,  ,  0,    ,    0,    0,    0,    0, THERMO PARAMS, 83, 1561, 1637, N, 10, DT, -999, SHR82, -99, 
EP, 16, 2026092512, 03, HFSA,  36, 209N, 1237W,  51,  983, XX,  34, NEQ,  110,   84,   84,  100,  995,   44,  31,   0,   0,    ,   0,    ,   1,   7,           ,  ,  0,    ,    0,    0,    0,    0, THERMO PARAMS, 101, 1831, 482, N, 10, DT, -999, SHR82, -99, 
EP, 16, 2026092512, 03, HFSA,  36, 209N, 1237W,  51,  983, XX,  50, NEQ,    0,    0,    0,   32,  995,   44,  31,   0,   0,    ,   0,    ,   1,   7,           ,  ,  0,    ,    0,    0,    0,    0, THERMO PARAMS, 101, 1831, 482, N, 10, DT, -999, SHR82, -99, 
EP, 16, 2026092512, 03, HFSA,  42, 214N, 1236W,  47,  991, XX,  34, NEQ,  120,   73,   96,  108, 1003,   73,  39,   0,   0,    ,   0,    ,   0,   5,           ,  ,  0,    ,    0,    0,    0,    0, THERMO PARAMS, 147, 1799, -352, N, 10, DT, -999, SHR82, -99, 
EP, 16, 2026092512, 03, HFSA,  48, 218N, 1233W,  40,  993, XX,  34, NEQ,    0,    0,   87,   94, 1001,   56,  49,   0,   0,    ,   0,    ,  24,   5,           ,  ,  0,    ,    0,    0,    0,    0, THERMO PARAMS, 189, 1823, -370, N, 10, DT, -999, SHR82, -99, 
EP, 16, 2026092512, 03, HFSA,  54, 221N, 1232W,  37,  997, XX,  34, NEQ,    0,    0,   84,  125, 1005,   76,  83,   0,   0,    ,   0,    ,   7,   4,           ,  ,  0,    ,    0,    0,    0,    0, THERMO PARAMS, 137, 1514, -677, N, 10, DT, -999, SHR82, -99, 
EP, 16, 2026092512, 03, HFSA,  60, 222N, 1233W,  37,  997, XX,  34, NEQ,    0,    0,    0,  104, 1005,   95, 103,   0,   0,    ,   0,    ,  38,   2,           ,  ,  0,    ,    0,    0,    0,    0, THERMO PARAMS, 23, 1580, -610, N, 10, DT, -999, SHR82, -99, 
EP, 16, 2026092512, 03, HFSA,  66, 220N, 1234W,  31, 1000, XX,  34, NEQ,    0,    0,    0,    0, 1004,   43,  83,   0,   0,    ,   0,    , 181,   2,           ,  ,  0,    ,    0,    0,    0,    0, THERMO PARAMS, -118, 1249, -564, N, 10, DT, -999, SHR82, -99, 
EP, 16, 2026092512, 03, HFSA,  72, 216N, 1234W,  26, 1001, XX,  34, NEQ,    0,    0,    0,    0, 1005,   54,  96,   0,   0,    ,   0,    , 141,   5,           ,  ,  0,    ,    0,    0,    0,    0, THERMO PARAMS, -23, 1157, -243, N, 10, DT, -999, SHR82, -99, 
EP, 16, 2026092512, 03, HFSA,  78, 211N, 1231W,  24, 1004, XX,  34, NEQ,    0,    0,    0,    0, 1008,   66,  77,   0,   0,    ,   0,    , 141,   6,           ,  ,  0,    ,    0,    0,    0,    0, THERMO PARAMS, 8, 926, -112, N, 10, DT, -999, SHR82, -99, 
EP, 16, 2026092512, 03, HFSA,  84, 205N, 1226W,  26, 1002, XX,  34, NEQ,    0,    0,    0,    0, 1006,   72,  55,   0,   0,    ,   0,    , 141,   8,           ,  ,  0,    ,    0,    0,    0,    0, THERMO PARAMS, 19, 990, 71, N, 10, DT, -999, SHR82, -99, 
EP, 16, 2026092512, 03, HFSA,  90, 197N, 1222W,  25, 1004, XX,  34, NEQ,    0,    0,    0,    0,  -99,  -99,  76,   0,   0,    ,   0,    , 154,   9,           ,  ,  0,    ,    0,    0,    0,    0, THERMO PARAMS, -15, 615, -24, N, 10, DT, -999, SHR82, -99, 
EP, 16, 2026092512, 03, HFSA,  96, 189N, 1218W,  23, 1003, XX,  34, NEQ,    0,    0,    0,    0,  -99,  -99,  55,   0,   0,    ,   0,    , 147,   9,           ,  ,  0,    ,    0,    0,    0,    0, THERMO PARAMS, 4, 399, -56, N, 10, DT, -999, SHR82, -99, 
EP, 16, 2026092512, 03, HFSA, 102, 183N, 1213W,  23, 1005, XX,  34, NEQ,    0,    0,    0,    0,  -99,  -99, 104,   0,   0,    ,   0,    , 146,   8,           ,  ,  0,    ,    0,    0,    0,    0, THERMO PARAMS, 18, 143, 3, N, 10, DT, -999, SHR82, -99, 
EP, 16, 2026092512, 03, HFSA, 108, 176N, 1209W,  22, 1002, XX,  34, NEQ,    0,    0,    0,    0,  -99,  -99,  72,   0,   0,    ,   0,    , 146,  10,           ,  ,  0,    ,    0,    0,    0,    0, THERMO PARAMS, 3, 132, -152, N, 10, DT, -999, SHR82, -99, 
EP, 16, 2026092512, 03, HFSA, 114, 167N, 1202W,  28, 1004, XX,  34, NEQ,    0,    0,    0,    0,  -99,  -99,  46,   0,   0,    ,   0,    , 144,  11,           ,  ,  0,    ,    0,    0,    0,    0, THERMO PARAMS, 1, 419, -106, N, 10, DT, -999, SHR82, -99, 
EP, 16, 2026092512, 03, HFSA, 120, 159N, 1192W,  31, 1002, XX,  34, NEQ,    0,    0,    0,    0,  -99,  -99,  43,   0,   0,    ,   0,    , 125,  13,           ,  ,  0,    ,    0,    0,    0,    0, THERMO PARAMS, -11, 152, 23, N, 10, DT, -999, SHR82, -99, 
EP, 16, 2026092512, 03, HFSA, 126, 151N, 1183W,  29, 1004, XX,  34, NEQ,    0,    0,    0,    0,  -99,  -99,  71,   0,   0,    ,   0,    , -99, -99,           ,  ,  0,    ,    0,    0,    0,    0, THERMO PARAMS, -18, 227, -405, N, 10, DT, -999, SHR82, -99, 
EP, 16, 2026092512, 03, TVCN,   0, 177N, 1238W,   0,    0,   ,   0,    ,    0,    0,    0,    0, 
EP, 16, 2026092512, 03, TVCN,  12, 184N, 1236W,   0,    0,   ,   0,    ,    0,    0,    0,    0, 
EP, 16, 2026092512, 03, TVCN,  24, 194N, 1236W,   0,    0,   ,   0,    ,    0,    0,    0,    0, 
EP, 16, 2026092512, 03, TVCN,  36, 206N, 1235W,   0,    0,   ,   0,    ,    0,    0,    0,    0, 
EP, 16, 2026092512, 03, TVCN,  48, 216N, 1235W,   0,    0,   ,   0,    ,    0,    0,    0,    0, 
EP, 16, 2026092512, 03, TVCN,  60, 221N, 1234W,   0,    0,   ,   0,    ,    0,    0,    0,    0, 
EP, 16, 2026092512, 03, TVCN,  72, 220N, 1233W,   0,    0,   ,   0,    ,    0,    0,    0,    0, 
EP, 16, 2026092512, 03, TVCN,  84, 211N, 1231W,   0,    0,   ,   0,    ,    0,    0,    0,    0, 
EP, 16, 2026092512, 03, TVCN,  96, 199N, 1230W,   0,    0,   ,   0,    ,    0,    0,    0,    0, 
EP, 16, 2026092512, 03, TVCN, 108, 187N, 1229W,   0,    0,   ,   0,    ,    0,    0,    0,    0, 
EP, 16, 2026092512, 03, TVCN, 120, 187N, 1228W,   0,    0,   ,   0,    ,    0,    0,    0,    0, 
EP, 16, 2026092512, 03, TVCN, 132, 180N, 1228W,   0,    0,   ,   0,    ,    0,    0,    0,    0, 
EP, 16, 2026092512, 03, TVCN, 144, 166N, 1204W,   0,    0,   ,   0,    ,    0,    0,    0,    0, 
EP, 16, 2026092512, 03, TVCN, 156, 159N, 1196W,   0,    0,   ,   0,    ,    0,    0,    0,    0, 
EP, 16, 2026092512, 03, TVCN, 168, 152N, 1188W,   0,    0,   ,   0,    ,    0,    0,    0,    0, 
EP, 16, 2026092518, 03, AVNO,   0, 180N, 1237W,  80,  964, XX,  34, NEQ,   96,   78,   88,   98, 1008,  117,  24,   0,   0, 
EP, 16, 2026092518, 03, AVNO,   0, 180N, 1237W,  80,  964, XX,  50, NEQ,   49,   51,   53,   54, 1008,  117,  24,   0,   0, 
EP, 16, 2026092518, 03, AVNO,   0, 180N, 1237W,  80,  964, XX,  64, NEQ,   38,   38,   37,   35, 1008,  117,  24,   0,   0, 
EP, 16, 2026092518, 03, AVNO,   6, 184N, 1236W,  81,  960, XX,  34, NEQ,   98,   74,   93,   97,  984,   33,  21,   0,   0, 
EP, 16, 2026092518, 03, AVNO,   6, 184N, 1236W,  81,  960, XX,  50, NEQ,   53,   49,   52,   56,  984,   33,  21,   0,   0, 
EP, 16, 2026092518, 03, AVNO,   6, 184N, 1236W,  81,  960, XX,  64, NEQ,   37,   37,   38,   35,  984,   33,  21,   0,   0, 
EP, 16, 2026092518, 03, AVNO,  12, 189N, 1237W,  78,  966, XX,  34, NEQ,   87,   70,   80,   96, 1010,  229,  21,   0,   0, 
EP, 16, 2026092518, 03, AVNO,  12, 189N, 1237W,  78,  966, XX,  50, NEQ,   51,   43,   49,   54, 1010,  229,  21,   0,   0, 
EP, 16, 2026092518, 03, AVNO,  12, 189N, 1237W,  78,  966, XX,  64, NEQ,   36,   31,   35,   35, 1010,  229,  21,   0,   0, 
EP, 16, 2026092518, 03, AVNO,  18, 195N, 1236W,  71,  968, XX,  34, NEQ,   85,   75,   91,   82, 1004,   89,  25,   0,   0, 
EP, 16, 2026092518, 03, AVNO,  18, 195N, 1236W,  71,  968, XX,  50, NEQ,   48,   48,   43,   43, 1004,   89,  25,   0,   0, 
EP, 16, 2026092518, 03, AVNO,  18, 195N, 1236W,  71,  968, XX,  64, NEQ,   34,   34,   32,   32, 1004,   89,  25,   0,   0, 
EP, 16, 2026092518, 03, AVNO,  24, 201N, 1234W,  65,  976, XX,  34, NEQ,   85,   74,   88,   93, 1008,  114,  20,   0,   0, 
EP, 16, 2026092518, 03, AVNO,  24, 201N, 1234W,  65,  976, XX,  50, NEQ,   45,   46,   45,   42, 1008,  114,  20,   0,   0, 
EP, 16, 2026092518, 03, AVNO,  24, 201N, 1234W,  65,  976, XX,  64, NEQ,    0,    0,    0,   22, 1008,  114,  20,   0,   0, 
EP, 16, 2026092518, 03, AVNO,  30, 209N, 1232W,  57,  981, XX,  34, NEQ,   76,   67,   70,   77, 1005,   95,  30,   0,   0, 
EP, 16, 2026092518, 03, AVNO,  30, 209N, 1232W,  57,  981, XX,  50, NEQ,   42,   39,   43,   43, 1005,   95,  30,   0,   0, 
EP, 16, 2026092518, 03, AVNO,  36, 212N, 1231W,  46,  989, XX,  34, NEQ,   73,   64,   65,   67, 1005,   73,  37,   0,   0, 
EP, 16, 2026092518, 03, AVNO,  42, 216N, 1230W,  39,  992, XX,  34, NEQ,   48,   51,   61,   59, 1004,   75,  29,   0,   0, 
EP, 16, 2026092518, 03, AVNO,  48, 219N, 1231W,  39,  998, XX,  34, NEQ,   30,    0,   53,   64, 1006,   58,  38,   0,   0, 
EP, 16, 2026092518, 03, AVNO,  54, 219N, 1231W,  37,  997, XX,  34, NEQ,    0,    0,   53,   65, 1005,   79,  44,   0,   0, 
EP, 16, 2026092518, 03, AVNO,  60, 215N, 1230W,  31, 1001, XX,  34, NEQ,    0,    0,    0,    0, 1005,   35,  63,   0,   0, 
EP, 16, 2026092518, 03, AVNO,  66, 212N, 1228W,  29, 1001, XX,  34, NEQ,    0,    0,    0,    0, 1005,   43,  52,   0,   0, 
EP, 16, 2026092518, 03, AVNO,  72, 208N, 1227W,  28, 1004, XX,  34, NEQ,    0,    0,    0,    0, 1008,   54,  62,   0,   0, 
EP, 16, 2026092518, 03, AVNO,  78, 205N, 1226W,  29, 1003, XX,  34, NEQ,    0,    0,    0,    0, 1007,   73,  37,   0,   0, 
EP, 16, 2026092518, 03, AVNO,  84, 201N, 1228W,  30, 1006, XX,  34, NEQ,    0,    0,    0,    0, 1010,   82,  29,   0,   0, 
EP, 16, 2026092518, 03, AVNO,  90, 197N, 1228W,  28, 1004, XX,  34, NEQ,    0,    0,    0,    0,  -99,  -99,  34,   0,   0, 
EP, 16, 2026092518, 03, AVNO,  96, 191N, 1229W,  27, 1007, XX,  34, NEQ,    0,    0,    0,    0,  -99,  -99,  44,   0,   0, 
EP, 16, 2026092518, 03, AVNO, 102, 186N, 1230W,  25, 1004, XX,  34, NEQ,    0,    0,    0,    0,  -99,  -99,  50,   0,   0, 
EP, 16, 2026092518, 03, AVNO, 108, 182N, 1233W,  21, 1008, XX,  34, NEQ,    0,    0,    0,    0,  -99,  -99,  65,   0,   0, 
EP, 16, 2026092518, 03, AVNO, 114, 181N, 1235W,  19, 1006, XX,  34, NEQ,    0,    0,    0,    0,  -99,  -99,  61,   0,   0, 
EP, 16, 2026092518, 03, AVNO, 120, 182N, 1236W,  20, 1009, XX,  34, NEQ,    0,    0,    0,    0,  -99,  -99,  36,   0,   0, 
EP, 16, 2026092518, 03, AVNO, 126, 183N, 1239W,  18, 1006, XX,  34, NEQ,    0,    0,    0,    0,  -99,  -99,  46,   0,   0, 
EP, 16, 2026092518, 03, AVNO, 132, 181N, 1239W,  18, 1009, XX,  34, NEQ,    0,    0,    0,    0,  -99,  -99,  46,   0,   0, 
EP, 16, 2026092518, 03, AVNO, 138, 178N, 1239W,  17, 1007, XX,  34, NEQ,    0,    0,    0,    0,  -99,  -99,  31,   0,   0, 
EP, 16, 2026092518, 03, AVNO, 144, 176N, 1236W,  16, 1009, XX,  34, NEQ,    0,    0,    0,    0,  -99,  -99,  44,   0,   0, 
EP, 16, 2026092518, 03, AVNO, 150, 170N, 1230W,  16, 1006, XX,  34, NEQ,    0,    0,    0,    0,  -99,  -99, 132,   0,   0, 
EP, 16, 2026092518, 03, HCCA,   0, 180N, 1236W, 115,    0,   ,   0,    ,    0,    0,    0,    0, 
EP, 16, 2026092518, 03, HCCA,  12, 187N, 1236W,  98,    0,   ,   0,    ,    0,    0,    0,    0, 
EP, 16, 2026092518, 03, HCCA,  24, 198N, 1235W,  76,    0,   ,   0,    ,    0,    0,    0,    0, 
EP, 16, 2026092518, 03, HCCA,  36, 210N, 1233W,  53,    0,   ,   0,    ,    0,    0,    0,    0, 
EP, 16, 2026092518, 03, HCCA,  48, 218N, 1229W,  35,    0,   ,   0,    ,    0,    0,    0,    0, 
EP, 16, 2026092518, 03, HCCA,  60, 222N, 1224W,  26,    0,   ,   0,    ,    0,    0,    0,    0, 
EP, 16, 2026092518, 03, HCCA,  72, 217N, 1217W,  22,    0,   ,   0,    ,    0,    0,    0,    0, 
EP, 16, 2026092518, 03, HCCA,  84, 208N, 1210W,  19,    0,   ,   0,    ,    0,    0,    0,    0, 
EP, 16, 2026092518, 03, HCCA,  96, 195N, 1203W,  16,    0,   ,   0,    ,    0,    0,    0,    0, 
EP, 16, 2026092518, 03, HCCA, 108, 184N, 1197W,   0,    0,   ,   0,    ,    0,    0,    0,    0, 
EP, 16, 2026092518, 03, HCCA, 120, 173N, 1185W,   0,    0,   ,   0,    ,    0,    0,    0,    0, 
EP, 16, 2026092518, 03, HCCA, 132, 164N, 1176W,   0,    0,   ,   0,    ,    0,    0,    0,    0, 
EP, 16, 2026092518, 03, HCCA, 144, 154N, 1164W,   0,    0,   ,   0,    ,    0,    0,    0,    0, 
EP, 16, 2026092518, 03, HCCA, 156, 149N, 1143W,   0,    0,   ,   0,    ,    0,    0,    0,    0, 
EP, 16, 2026092518, 03, HCCA, 168, 145N, 1122W,   0,    0,   ,   0,    ,    0,    0,    0,    0, 
EP, 16, 2026092518, 03, HFSA,   0, 180N, 1236W, 114,  941, XX,  34, NEQ,  167,  155,  147,  170,  997,   65,  23,   0,   0,    ,   0,    ,   9,   5,           ,  ,  0,    ,    0,    0,    0,    0, THERMO PARAMS, 90, 1977, 3336, N, 10, DT, -999, SHR82, -99, 
EP, 16, 2026092518, 03, HFSA,   0, 180N, 1236W, 114,  941, XX,  50, NEQ,  112,  104,  104,  120,  997,   65,  23,   0,   0,    ,   0,    ,   9,   5,           ,  ,  0,    ,    0,    0,    0,    0, THERMO PARAMS, 90, 1977, 3336, N, 10, DT, -999, SHR82, -99, 
EP, 16, 2026092518, 03, HFSA,   0, 180N, 1236W, 114,  941, XX,  64, NEQ,   79,   76,   73,   81,  997,   65,  23,   0,   0,    ,   0,    ,   9,   5,           ,  ,  0,    ,    0,    0,    0,    0, THERMO PARAMS, 90, 1977, 3336, N, 10, DT, -999, SHR82, -99, 
EP, 16, 2026092518, 03, HFSA,   6, 185N, 1236W,  88,  948, XX,  34, NEQ,  151,  125,  130,  144,  996,   68,  25,   0,   0,    ,   0,    ,   7,   5,           ,  ,  0,    ,    0,    0,    0,    0, THERMO PARAMS, 41, 1723, 3011, N, 10, DT, -999, SHR82, -99, 
EP, 16, 2026092518, 03, HFSA,   6, 185N, 1236W,  88,  948, XX,  50, NEQ,  108,   63,   74,   91,  996,   68,  25,   0,   0,    ,   0,    ,   7,   5,           ,  ,  0,    ,    0,    0,    0,    0, THERMO PARAMS, 41, 1723, 3011, N, 10, DT, -999, SHR82, -99, 
EP, 16, 2026092518, 03, HFSA,   6, 185N, 1236W,  88,  948, XX,  64, NEQ,   50,   42,   47,   45,  996,   68,  25,   0,   0,    ,   0,    ,   7,   5,           ,  ,  0,    ,    0,    0,    0,    0, THERMO PARAMS, 41, 1723, 3011, N, 10, DT, -999, SHR82, -99, 
EP, 16, 2026092518, 03, HFSA,  12, 189N, 1237W,  85,  958, XX,  34, NEQ,  134,  117,  113,  121, 1002,   86,  29,   0,   0,    ,   0,    , 343,   4,           ,  ,  0,    ,    0,    0,    0,    0, THERMO PARAMS, 96, 1651, 2360, N, 10, DT, -999, SHR82, -99, 
EP, 16, 2026092518, 03, HFSA,  12, 189N, 1237W,  85,  958, XX,  50, NEQ,   91,   57,   70,   86, 1002,   86,  29,   0,   0,    ,   0,    , 343,   4,           ,  ,  0,    ,    0,    0,    0,    0, THERMO PARAMS, 96, 1651, 2360, N, 10, DT, -999, SHR82, -99, 
EP, 16, 2026092518, 03, HFSA,  12, 189N, 1237W,  85,  958, XX,  64, NEQ,   42,   36,   53,   57, 1002,   86,  29,   0,   0,    ,   0,    , 343,   4,           ,  ,  0,    ,    0,    0,    0,    0, THERMO PARAMS, 96, 1651, 2360, N, 10, DT, -999, SHR82, -99, 
EP, 16, 2026092518, 03, HFSA,  18, 196N, 1237W,  75,  965, XX,  34, NEQ,  125,  113,  112,  115,  993,   47,  19,   0,   0,    ,   0,    , 351,   6,           ,  ,  0,    ,    0,    0,    0,    0, THERMO PARAMS, 102, 1575, 1496, N, 10, DT, -999, SHR82, -99, 
EP, 16, 2026092518, 03, HFSA,  18, 196N, 1237W,  75,  965, XX,  50, NEQ,   60,   57,   57,   63,  993,   47,  19,   0,   0,    ,   0,    , 351,   6,           ,  ,  0,    ,    0,    0,    0,    0, THERMO PARAMS, 102, 1575, 1496, N, 10, DT, -999, SHR82, -99, 
EP, 16, 2026092518, 03, HFSA,  18, 196N, 1237W,  75,  965, XX,  64, NEQ,   34,   31,   32,   32,  993,   47,  19,   0,   0,    ,   0,    , 351,   6,           ,  ,  0,    ,    0,    0,    0,    0, THERMO PARAMS, 102, 1575, 1496, N, 10, DT, -999, SHR82, -99, 
EP, 16, 2026092518, 03, HFSA,  24, 201N, 1236W,  63,  976, XX,  34, NEQ,  117,   96,  104,  117, 1004,   88,  27,   0,   0,    ,   0,    , 353,   6,           ,  ,  0,    ,    0,    0,    0,    0, THERMO PARAMS, 120, 1652, 1484, N, 10, DT, -999, SHR82, -99, 
EP, 16, 2026092518, 03, HFSA,  24, 201N, 1236W,  63,  976, XX,  50, NEQ,   50,   39,   40,   52, 1004,   88,  27,   0,   0,    ,   0,    , 353,   6,           ,  ,  0,    ,    0,    0,    0,    0, THERMO PARAMS, 120, 1652, 1484, N, 10, DT, -999, SHR82, -99, 
EP, 16, 2026092518, 03, HFSA,  30, 208N, 1234W,  55,  981, XX,  34, NEQ,   97,   84,   86,  102, 1001,   81,  37,   0,   0,    ,   0,    ,   8,   7,           ,  ,  0,    ,    0,    0,    0,    0, THERMO PARAMS, 123, 1866, 891, N, 10, DT, -999, SHR82, -99, 
EP, 16, 2026092518, 03, HFSA,  30, 208N, 1234W,  55,  981, XX,  50, NEQ,   37,    0,   40,   49, 1001,   81,  37,   0,   0,    ,   0,    ,   8,   7,           ,  ,  0,    ,    0,    0,    0,    0, THERMO PARAMS, 123, 1866, 891, N, 10, DT, -999, SHR82, -99, 
EP, 16, 2026092518, 03, HFSA,  36, 214N, 1232W,  44,  989, XX,  34, NEQ,  104,   74,   78,   97, 1001,   57,  41,   0,   0,    ,   0,    , 357,   7,           ,  ,  0,    ,    0,    0,    0,    0, THERMO PARAMS, 157, 1699, -108, N, 10, DT, -999, SHR82, -99, 
EP, 16, 2026092518, 03, HFSA,  42, 220N, 1233W,  39,  992, XX,  34, NEQ,   62,    0,   68,   87, 1004,   99,  49,   0,   0,    ,   0,    , 359,   5,           ,  ,  0,    ,    0,    0,    0,    0, THERMO PARAMS, 136, 1504, -286, N, 10, DT, -999, SHR82, -99, 
EP, 16, 2026092518, 03, HFSA,  48, 222N, 1232W,  38,  997, XX,  34, NEQ,    0,    0,   78,  112, 1005,   64,  66,   0,   0,    ,   0,    ,  11,   3,           ,  ,  0,    ,    0,    0,    0,    0, THERMO PARAMS, 158, 1567, -662, N, 10, DT, -999, SHR82, -99, 
EP, 16, 2026092518, 03, HFSA,  54, 224N, 1232W,  36,  996, XX,  34, NEQ,    0,    0,    0,   97, 1004,   83,  93,   0,   0,    ,   0,    ,  64,   2,           ,  ,  0,    ,    0,    0,    0,    0, THERMO PARAMS, 145, 1663, -617, N, 10, DT, -999, SHR82, -99, 
EP, 16, 2026092518, 03, HFSA,  60, 221N, 1234W,  34, 1000, XX,  34, NEQ,    0,    0,    0,    0, 1008,  120,  64,   0,   0,    ,   0,    , 187,   2,           ,  ,  0,    ,    0,    0,    0,    0, THERMO PARAMS, -109, 1319, -526, N, 10, DT, -999, SHR82, -99, 
EP, 16, 2026092518, 03, HFSA,  66, 217N, 1235W,  29, 1000, XX,  34, NEQ,    0,    0,    0,    0, 1004,   51,  79,   0,   0,    ,   0,    , 151,   4,           ,  ,  0,    ,    0,    0,    0,    0, THERMO PARAMS, -31, 1301, -413, N, 10, DT, -999, SHR82, -99, 
EP, 16, 2026092518, 03, HFSA,  72, 212N, 1234W,  29, 1003, XX,  34, NEQ,    0,    0,    0,    0, 1007,   54,  79,   0,   0,    ,   0,    , 171,   5,           ,  ,  0,    ,    0,    0,    0,    0, THERMO PARAMS, -63, 1014, -229, N, 10, DT, -999, SHR82, -99, 
EP, 16, 2026092518, 03, HFSA,  78, 206N, 1233W,  28, 1002, XX,  34, NEQ,    0,    0,    0,    0, 1006,   67,  70,   0,   0,    ,   0,    , 153,   6,           ,  ,  0,    ,    0,    0,    0,    0, THERMO PARAMS, 8, 1072, -33, N, 10, DT, -999, SHR82, -99, 
EP, 16, 2026092518, 03, HFSA,  84, 199N, 1231W,  27, 1005, XX,  34, NEQ,    0,    0,    0,    0,  -99,  -99,  73,   0,   0,    ,   0,    , 166,   6,           ,  ,  0,    ,    0,    0,    0,    0, THERMO PARAMS, -50, 743, -82, N, 10, DT, -999, SHR82, -99, 
EP, 16, 2026092518, 03, HFSA,  90, 191N, 1228W,  23, 1003, XX,  34, NEQ,    0,    0,    0,    0,  -99,  -99,  68,   0,   0,    ,   0,    , 142,   7,           ,  ,  0,    ,    0,    0,    0,    0, THERMO PARAMS, 22, 421, -68, N, 10, DT, -999, SHR82, -99, 
EP, 16, 2026092518, 03, HFSA,  96, 184N, 1223W,  20, 1006, XX,  34, NEQ,    0,    0,    0,    0,  -99,  -99,  94,   0,   0,    ,   0,    , 140,   8,           ,  ,  0,    ,    0,    0,    0,    0, THERMO PARAMS, 26, 224, -137, N, 10, DT, -999, SHR82, -99, 
EP, 16, 2026092518, 03, HFSA, 102, 178N, 1215W,  21, 1003, XX,  34, NEQ,    0,    0,    0,    0,  -99,  -99,  89,   0,   0,    ,   0,    , 131,  10,           ,  ,  0,    ,    0,    0,    0,    0, THERMO PARAMS, 29, 58, -75, N, 10, DT, -999, SHR82, -99, 
EP, 16, 2026092518, 03, HFSA, 108, 173N, 1209W,  24, 1005, XX,  34, NEQ,    0,    0,    0,    0,  -99,  -99, 117,   0,   0,    ,   0,    , 140,   8,           ,  ,  0,    ,    0,    0,    0,    0, THERMO PARAMS, 4, 188, -148, N, 10, DT, -999, SHR82, -99, 
EP, 16, 2026092518, 03, HFSA, 114, 167N, 1200W,  27, 1003, XX,  34, NEQ,    0,    0,    0,    0,  -99,  -99,  36,   0,   0,    ,   0,    , 125,  10,           ,  ,  0,    ,    0,    0,    0,    0, THERMO PARAMS, 26, 123, -125, N, 10, DT, -999, SHR82, -99, 
EP, 16, 2026092518, 03, HFSA, 120, 162N, 1192W,  25, 1003, XX,  34, NEQ,    0,    0,    0,    0, 1007,   39,  65,   0,   0,    ,   0,    , 123,   9,           ,  ,  0,    ,    0,    0,    0,    0, THERMO PARAMS, -21, 16, 85, N, 10, DT, -999, SHR82, -99, 
EP, 16, 2026092518, 03, HFSA, 126, 157N, 1183W,  26, 1003, XX,  34, NEQ,    0,    0,    0,    0,  -99,  -99,  70,   0,   0,    ,   0,    , -99, -99,           ,  ,  0,    ,    0,    0,    0,    0, THERMO PARAMS, -9, 142, -210, N, 10, DT, -999, SHR82, -99, 
EP, 16, 2026092518, 03, TVCN,   0, 180N, 1236W,   0,    0,   ,   0,    ,    0,    0,    0,    0, 
EP, 16, 2026092518, 03, TVCN,  12, 188N, 1235W,   0,    0,   ,   0,    ,    0,    0,    0,    0, 
EP, 16, 2026092518, 03, TVCN,  24, 199N, 1234W,   0,    0,   ,   0,    ,    0,    0,    0,    0, 
EP, 16, 2026092518, 03, TVCN,  36, 210N, 1232W,   0,    0,   ,   0,    ,    0,    0,    0,    0, 
EP, 16, 2026092518, 03, TVCN,  48, 217N, 1231W,   0,    0,   ,   0,    ,    0,    0,    0,    0, 
EP, 16, 2026092518, 03, TVCN,  60, 218N, 1229W,   0,    0,   ,   0,    ,    0,    0,    0,    0, 
EP, 16, 2026092518, 03, TVCN,  72, 212N, 1225W,   0,    0,   ,   0,    ,    0,    0,    0,    0, 
EP, 16, 2026092518, 03, TVCN,  84, 201N, 1222W,   0,    0,   ,   0,    ,    0,    0,    0,    0, 
EP, 16, 2026092518, 03, TVCN,  96, 190N, 1220W,   0,    0,   ,   0,    ,    0,    0,    0,    0, 
EP, 16, 2026092518, 03, TVCN, 108, 182N, 1212W,   0,    0,   ,   0,    ,    0,    0,    0,    0, 
EP, 16, 2026092518, 03, TVCN, 120, 173N, 1207W,   0,    0,   ,   0,    ,    0,    0,    0,    0, 
EP, 16, 2026092518, 03, TVCN, 132, 163N, 1201W,   0,    0,   ,   0,    ,    0,    0,    0,    0, 
EP, 16, 2026092518, 03, TVCN, 144, 162N, 1198W,   0,    0,   ,   0,    ,    0,    0,    0,    0, 
EP, 16, 2026092518, 03, TVCN, 156, 154N, 1183W,   0,    0,   ,   0,    ,    0,    0,    0,    0, 
EP, 16, 2026092518, 03, TVCN, 168, 144N, 1167W,   0,    0,   ,   0,    ,    0,    0,    0,    0, 
EP, 16, 2026092600, 03,  UKX,   0, 183N, 1237W,  59,  988, XX,  34, NEQ,  118,   75,   75,  104, 
EP, 16, 2026092600, 03,  UKX,   0, 183N, 1237W,  59,  988, XX,  50, NEQ,   49,   29,   44,   48, 
EP, 16, 2026092600, 03,  UKX,   6, 186N, 1237W,  51,  991, XX,  34, NEQ,  100,   82,   66,   88, 
EP, 16, 2026092600, 03,  UKX,   6, 186N, 1237W,  51,  991, XX,  50, NEQ,   41,    0,    0,   40, 
EP, 16, 2026092600, 03,  UKX,  12, 191N, 1237W,  47,  993, XX,  34, NEQ,   87,   72,   65,   83, 
EP, 16, 2026092600, 03,  UKX,  18, 197N, 1237W,  45,  995, XX,  34, NEQ,   84,   73,   75,   96, 
EP, 16, 2026092600, 03,  UKX,  24, 202N, 1237W,  42,  996, XX,  34, NEQ,  106,   61,   60,   92, 
EP, 16, 2026092600, 03,  UKX,  30, 208N, 1238W,  41,  998, XX,  34, NEQ,   88,   58,   57,   72, 
EP, 16, 2026092600, 03,  UKX,  36, 212N, 1238W,  35,  999, XX,  34, NEQ,    0,    0,   62,   70, 
EP, 16, 2026092600, 03,  UKX,  42, 214N, 1238W,  33, 1001, XX,  34, NEQ,    0,    0,    0,    0, 
EP, 16, 2026092600, 03,  UKX,  48, 217N, 1236W,  34, 1000, XX,  34, NEQ,    0,    0,    0,    0, 
EP, 16, 2026092600, 03,  UKX,  54, 217N, 1235W,  34, 1003, XX,  34, NEQ,    0,    0,    0,    0, 
EP, 16, 2026092600, 03,  UKX,  60, 217N, 1230W,  31, 1002, XX,  34, NEQ,    0,    0,    0,    0, 
EP, 16, 2026092600, 03,  UKX,  66, 214N, 1225W,  31, 1005, XX,  34, NEQ,    0,    0,    0,    0, 
EP, 16, 2026092600, 03,  UKX,  72, 210N, 1220W,  29, 1004, XX,  34, NEQ,    0,    0,    0,    0, 
EP, 16, 2026092600, 03,  UKX,  78, 204N, 1218W,  25, 1006, XX,  34, NEQ,    0,    0,    0,    0, 
EP, 16, 2026092600, 03,  UKX,  84, 201N, 1214W,  24, 1005, XX,  34, NEQ,    0,    0,    0,    0, 
EP, 16, 2026092600, 03,  UKX,  90, 196N, 1213W,  24, 1007, XX,  34, NEQ,    0,    0,    0,    0, 
EP, 16, 2026092600, 03,  UKX,  96, 192N, 1215W,  23, 1005, XX,  34, NEQ,    0,    0,    0,    0, 
EP, 16, 2026092600, 03,  UKX, 102, 189N, 1218W,  21, 1008, XX,  34, NEQ,    0,    0,    0,    0, 
EP, 16, 2026092600, 03,  UKX, 108, 188N, 1219W,  21, 1007, XX,  34, NEQ,    0,    0,    0,    0, 
EP, 16, 2026092600, 03,  UKX, 114, 187N, 1221W,  22, 1009, XX,  34, NEQ,    0,    0,    0,    0, 
EP, 16, 2026092600, 03,  UKX, 120, 184N, 1222W,  21, 1007, XX,  34, NEQ,    0,    0,    0,    0, 
EP, 16, 2026092600, 03,  UKX, 126, 180N, 1223W,  21, 1009, XX,  34, NEQ,    0,    0,    0,    0, 
EP, 16, 2026092600, 03,  UKX, 132, 176N, 1224W,  18, 1007, XX,  34, NEQ,    0,    0,    0,    0, 
EP, 16, 2026092600, 03,  UKX, 138, 172N, 1223W,  18, 1010, XX,  34, NEQ,    0,    0,    0,    0, 
EP, 16, 2026092600, 03,  UKX, 144, 166N, 1221W,  18, 1008, XX,  34, NEQ,    0,    0,    0,    0, 
EP, 16, 2026092600, 03, AVNO,   0, 185N, 1237W,  81,  957, XX,  34, NEQ,   96,   69,   89,   99,  981,   27,  22,   0,   0, 
EP, 16, 2026092600, 03, AVNO,   0, 185N, 1237W,  81,  957, XX,  50, NEQ,   50,   50,   52,   55,  981,   27,  22,   0,   0, 
EP, 16, 2026092600, 03, AVNO,   0, 185N, 1237W,  81,  957, XX,  64, NEQ,   36,   38,   39,   36,  981,   27,  22,   0,   0, 
EP, 16, 2026092600, 03, AVNO,   6, 190N, 1238W,  82,  959, XX,  34, NEQ,   94,   65,   73,   87,  987,   32,  24,   0,   0, 
EP, 16, 2026092600, 03, AVNO,   6, 190N, 1238W,  82,  959, XX,  50, NEQ,   49,   42,   43,   51,  987,   32,  24,   0,   0, 
EP, 16, 2026092600, 03, AVNO,   6, 190N, 1238W,  82,  959, XX,  64, NEQ,   33,   32,   34,   37,  987,   32,  24,   0,   0, 
EP, 16, 2026092600, 03, AVNO,  12, 196N, 1237W,  75,  964, XX,  34, NEQ,   76,   74,   76,   78,  992,   33,  22,   0,   0, 
EP, 16, 2026092600, 03, AVNO,  12, 196N, 1237W,  75,  964, XX,  50, NEQ,   45,   46,   42,   42,  992,   33,  22,   0,   0, 
EP, 16, 2026092600, 03, AVNO,  12, 196N, 1237W,  75,  964, XX,  64, NEQ,   32,   31,   29,   30,  992,   33,  22,   0,   0, 
EP, 16, 2026092600, 03, AVNO,  18, 203N, 1234W,  68,  975, XX,  34, NEQ,   87,   68,   76,   88, 1007,   93,  21,   0,   0, 
EP, 16, 2026092600, 03, AVNO,  18, 203N, 1234W,  68,  975, XX,  50, NEQ,   42,   42,   39,   41, 1007,   93,  21,   0,   0, 
EP, 16, 2026092600, 03, AVNO,  18, 203N, 1234W,  68,  975, XX,  64, NEQ,    0,    0,    0,   26, 1007,   93,  21,   0,   0, 
EP, 16, 2026092600, 03, AVNO,  24, 211N, 1232W,  57,  980, XX,  34, NEQ,   78,   63,   61,   71, 1004,   84,  26,   0,   0, 
EP, 16, 2026092600, 03, AVNO,  24, 211N, 1232W,  57,  980, XX,  50, NEQ,   28,    0,   40,   38, 1004,   84,  26,   0,   0, 
EP, 16, 2026092600, 03, AVNO,  30, 216N, 1231W,  46,  991, XX,  34, NEQ,   60,   60,   56,   65, 1007,   76,  22,   0,   0, 
EP, 16, 2026092600, 03, AVNO,  36, 221N, 1231W,  40,  993, XX,  34, NEQ,   48,   49,   51,   63, 1005,   83,  41,   0,   0, 
EP, 16, 2026092600, 03, AVNO,  42, 224N, 1231W,  38,  999, XX,  34, NEQ,    0,    0,   51,   70, 1007,   63,  41,   0,   0, 
EP, 16, 2026092600, 03, AVNO,  48, 224N, 1231W,  37,  999, XX,  34, NEQ,    0,    0,   52,   50, 1003,   33,  37,   0,   0, 
EP, 16, 2026092600, 03, AVNO,  54, 222N, 1231W,  29, 1002, XX,  34, NEQ,    0,    0,    0,    0, 1006,   40,  72,   0,   0, 
EP, 16, 2026092600, 03, AVNO,  60, 220N, 1231W,  27, 1002, XX,  34, NEQ,    0,    0,    0,    0, 1006,   57,  40,   0,   0, 
EP, 16, 2026092600, 03, AVNO,  66, 215N, 1232W,  28, 1005, XX,  34, NEQ,    0,    0,    0,    0, 1009,   76,  36,   0,   0, 
EP, 16, 2026092600, 03, AVNO,  72, 211N, 1232W,  28, 1003, XX,  34, NEQ,    0,    0,    0,    0, 1007,  100,  43,   0,   0, 
EP, 16, 2026092600, 03, AVNO,  78, 206N, 1233W,  27, 1006, XX,  34, NEQ,    0,    0,    0,    0,  -99,  -99,  29,   0,   0, 
EP, 16, 2026092600, 03, AVNO,  84, 202N, 1235W,  25, 1005, XX,  34, NEQ,    0,    0,    0,    0,  -99,  -99,  34,   0,   0, 
EP, 16, 2026092600, 03, AVNO,  90, 198N, 1236W,  24, 1007, XX,  34, NEQ,    0,    0,    0,    0,  -99,  -99,  33,   0,   0, 
EP, 16, 2026092600, 03, AVNO,  96, 194N, 1239W,  23, 1005, XX,  34, NEQ,    0,    0,    0,    0,  -99,  -99,  39,   0,   0, 
EP, 16, 2026092600, 03, AVNO, 102, 192N, 1244W,  23, 1008, XX,  34, NEQ,    0,    0,    0,    0,  -99,  -99,  28,   0,   0, 
EP, 16, 2026092600, 03, AVNO, 108, 192N, 1248W,  19, 1007, XX,  34, NEQ,    0,    0,    0,    0,  -99,  -99,  50,   0,   0, 
EP, 16, 2026092600, 03, AVNO, 114, 196N, 1249W,  19, 1010, XX,  34, NEQ,    0,    0,    0,    0,  -99,  -99, 121,   0,   0, 
EP, 16, 2026092600, 03, HCCA,   0, 186N, 1237W, 110,    0,   ,   0,    ,    0,    0,    0,    0, 
EP, 16, 2026092600, 03, HCCA,  12, 196N, 1237W,  89,    0,   ,   0,    ,    0,    0,    0,    0, 
EP, 16, 2026092600, 03, HCCA,  24, 207N, 1234W,  69,    0,   ,   0,    ,    0,    0,    0,    0, 
EP, 16, 2026092600, 03, HCCA,  36, 219N, 1230W,  44,    0,   ,   0,    ,    0,    0,    0,    0, 
EP, 16, 2026092600, 03, HCCA,  48, 225N, 1225W,  32,    0,   ,   0,    ,    0,    0,    0,    0, 
EP, 16, 2026092600, 03, HCCA,  60, 224N, 1219W,  24,    0,   ,   0,    ,    0,    0,    0,    0, 
EP, 16, 2026092600, 03, HCCA,  72, 215N, 1210W,  19,    0,   ,   0,    ,    0,    0,    0,    0, 
EP, 16, 2026092600, 03, HCCA,  84, 203N, 1202W,  18,    0,   ,   0,    ,    0,    0,    0,    0, 
EP, 16, 2026092600, 03, HCCA,  96, 191N, 1195W,  17,    0,   ,   0,    ,    0,    0,    0,    0, 
EP, 16, 2026092600, 03, HCCA, 108, 184N, 1184W,  16,    0,   ,   0,    ,    0,    0,    0,    0, 
EP, 16, 2026092600, 03, HCCA, 120, 177N, 1172W,   0,    0,   ,   0,    ,    0,    0,    0,    0, 
EP, 16, 2026092600, 03, HCCA, 132, 170N, 1167W,   0,    0,   ,   0,    ,    0,    0,    0,    0, 
EP, 16, 2026092600, 03, HCCA, 144, 163N, 1160W,   0,    0,   ,   0,    ,    0,    0,    0,    0, 
EP, 16, 2026092600, 03, HCCA, 156, 157N, 1151W,   0,    0,   ,   0,    ,    0,    0,    0,    0, 
EP, 16, 2026092600, 03, HCCA, 168, 155N, 1133W,   0,    0,   ,   0,    ,    0,    0,    0,    0, 
EP, 16, 2026092600, 03, HFSA,   0, 186N, 1237W, 111,  940, XX,  34, NEQ,  154,  136,  141,  154, 1004,  119,  20,   0,   0,    ,   0,    ,   8,   5,           ,  ,  0,    ,    0,    0,    0,    0, THERMO PARAMS, 91, 1962, 3335, N, 10, DT, -999, SHR82, -99, 
EP, 16, 2026092600, 03, HFSA,   0, 186N, 1237W, 111,  940, XX,  50, NEQ,  112,   91,   99,  104, 1004,  119,  20,   0,   0,    ,   0,    ,   8,   5,           ,  ,  0,    ,    0,    0,    0,    0, THERMO PARAMS, 91, 1962, 3335, N, 10, DT, -999, SHR82, -99, 
EP, 16, 2026092600, 03, HFSA,   0, 186N, 1237W, 111,  940, XX,  64, NEQ,   84,   62,   71,   76, 1004,  119,  20,   0,   0,    ,   0,    ,   8,   5,           ,  ,  0,    ,    0,    0,    0,    0, THERMO PARAMS, 91, 1962, 3335, N, 10, DT, -999, SHR82, -99, 
EP, 16, 2026092600, 03, HFSA,   6, 190N, 1238W,  97,  952, XX,  34, NEQ,  139,  117,  126,  118, 1004,   93,  22,   0,   0,    ,   0,    , 342,   5,           ,  ,  0,    ,    0,    0,    0,    0, THERMO PARAMS, 46, 1790, 3205, N, 10, DT, -999, SHR82, -99, 
EP, 16, 2026092600, 03, HFSA,   6, 190N, 1238W,  97,  952, XX,  50, NEQ,   89,   65,   71,   81, 1004,   93,  22,   0,   0,    ,   0,    , 342,   5,           ,  ,  0,    ,    0,    0,    0,    0, THERMO PARAMS, 46, 1790, 3205, N, 10, DT, -999, SHR82, -99, 
EP, 16, 2026092600, 03, HFSA,   6, 190N, 1238W,  97,  952, XX,  64, NEQ,   53,   40,   49,   53, 1004,   93,  22,   0,   0,    ,   0,    , 342,   5,           ,  ,  0,    ,    0,    0,    0,    0, THERMO PARAMS, 46, 1790, 3205, N, 10, DT, -999, SHR82, -99, 
EP, 16, 2026092600, 03, HFSA,  12, 197N, 1238W,  79,  961, XX,  34, NEQ,  118,  107,  115,  117,  997,   63,  20,   0,   0,    ,   0,    , 350,   6,           ,  ,  0,    ,    0,    0,    0,    0, THERMO PARAMS, 107, 1617, 2179, N, 10, DT, -999, SHR82, -99, 
EP, 16, 2026092600, 03, HFSA,  12, 197N, 1238W,  79,  961, XX,  50, NEQ,   63,   58,   65,   74,  997,   63,  20,   0,   0,    ,   0,    , 350,   6,           ,  ,  0,    ,    0,    0,    0,    0, THERMO PARAMS, 107, 1617, 2179, N, 10, DT, -999, SHR82, -99, 
EP, 16, 2026092600, 03, HFSA,  12, 197N, 1238W,  79,  961, XX,  64, NEQ,   37,   32,   39,   37,  997,   63,  20,   0,   0,    ,   0,    , 350,   6,           ,  ,  0,    ,    0,    0,    0,    0, THERMO PARAMS, 107, 1617, 2179, N, 10, DT, -999, SHR82, -99, 
EP, 16, 2026092600, 03, HFSA,  18, 204N, 1237W,  67,  972, XX,  34, NEQ,  125,  113,  120,  110, 1008,  148,  28,   0,   0,    ,   0,    , 351,   7,           ,  ,  0,    ,    0,    0,    0,    0, THERMO PARAMS, 124, 1889, 1577, N, 10, DT, -999, SHR82, -99, 
EP, 16, 2026092600, 03, HFSA,  18, 204N, 1237W,  67,  972, XX,  50, NEQ,   55,   44,   52,   71, 1008,  148,  28,   0,   0,    ,   0,    , 351,   7,           ,  ,  0,    ,    0,    0,    0,    0, THERMO PARAMS, 124, 1889, 1577, N, 10, DT, -999, SHR82, -99, 
EP, 16, 2026092600, 03, HFSA,  18, 204N, 1237W,  67,  972, XX,  64, NEQ,   28,    0,   36,   36, 1008,  148,  28,   0,   0,    ,   0,    , 351,   7,           ,  ,  0,    ,    0,    0,    0,    0, THERMO PARAMS, 124, 1889, 1577, N, 10, DT, -999, SHR82, -99, 
EP, 16, 2026092600, 03, HFSA,  24, 210N, 1235W,  63,  980, XX,  34, NEQ,  125,   84,  104,  105,  996,   48,  28,   0,   0,    ,   0,    ,  12,   7,           ,  ,  0,    ,    0,    0,    0,    0, THERMO PARAMS, 127, 1829, 1140, N, 10, DT, -999, SHR82, -99, 
EP, 16, 2026092600, 03, HFSA,  24, 210N, 1235W,  63,  980, XX,  50, NEQ,   36,   36,   44,   63,  996,   48,  28,   0,   0,    ,   0,    ,  12,   7,           ,  ,  0,    ,    0,    0,    0,    0, THERMO PARAMS, 127, 1829, 1140, N, 10, DT, -999, SHR82, -99, 
EP, 16, 2026092600, 03, HFSA,  30, 218N, 1232W,  48,  989, XX,  34, NEQ,  107,   96,   87,   92, 1001,   56,  36,   0,   0,    ,   0,    ,   1,   8,           ,  ,  0,    ,    0,    0,    0,    0, THERMO PARAMS, 191, 1461, 196, N, 10, DT, -999, SHR82, -99, 
EP, 16, 2026092600, 03, HFSA,  36, 224N, 1232W,  39,  992, XX,  34, NEQ,   60,    0,   58,   86, 1000,   51,  60,   0,   0,    ,   0,    ,   1,   6,           ,  ,  0,    ,    0,    0,    0,    0, THERMO PARAMS, 187, 1403, -310, N, 10, DT, -999, SHR82, -99, 
EP, 16, 2026092600, 03, HFSA,  42, 228N, 1234W,  42,  997, XX,  34, NEQ,    0,    0,   58,   96, 1009,  145,  79,   0,   0,    ,   0,    , 347,   5,           ,  ,  0,    ,    0,    0,    0,    0, THERMO PARAMS, 72, 1352, -854, N, 10, DT, -999, SHR82, -99, 
EP, 16, 2026092600, 03, HFSA,  48, 229N, 1234W,  38,  996, XX,  34, NEQ,    0,    0,   71,  100, 1004,   80,  68,   0,   0,    ,   0,    ,  50,   3,           ,  ,  0,    ,    0,    0,    0,    0, THERMO PARAMS, 143, 1532, -739, N, 10, DT, -999, SHR82, -99, 
EP, 16, 2026092600, 03, HFSA,  54, 228N, 1232W,  32, 1000, XX,  34, NEQ,    0,    0,    0,    0, 1004,   36,  77,   0,   0,    ,   0,    , 108,   2,           ,  ,  0,    ,    0,    0,    0,    0, THERMO PARAMS, -91, 1252, -789, N, 10, DT, -999, SHR82, -99, 
EP, 16, 2026092600, 03, HFSA,  60, 225N, 1233W,  28, 1000, XX,  34, NEQ,    0,    0,    0,    0, 1004,   42,  81,   0,   0,    ,   0,    , 142,   3,           ,  ,  0,    ,    0,    0,    0,    0, THERMO PARAMS, -62, 1148, -383, N, 10, DT, -999, SHR82, -99, 
EP, 16, 2026092600, 03, HFSA,  66, 220N, 1232W,  28, 1003, XX,  34, NEQ,    0,    0,    0,    0, 1007,   57,  69,   0,   0,    ,   0,    , 158,   5,           ,  ,  0,    ,    0,    0,    0,    0, THERMO PARAMS, -12, 846, -253, N, 10, DT, -999, SHR82, -99, 
EP, 16, 2026092600, 03, HFSA,  72, 215N, 1231W,  27, 1002, XX,  34, NEQ,    0,    0,    0,    0, 1006,   81,  54,   0,   0,    ,   0,    , 153,   6,           ,  ,  0,    ,    0,    0,    0,    0, THERMO PARAMS, -6, 889, -191, N, 10, DT, -999, SHR82, -99, 
EP, 16, 2026092600, 03, HFSA,  78, 209N, 1232W,  28, 1005, XX,  34, NEQ,    0,    0,    0,    0,  -99,  -99,  42,   0,   0,    ,   0,    , 177,   5,           ,  ,  0,    ,    0,    0,    0,    0, THERMO PARAMS, -66, 750, -238, N, 10, DT, -999, SHR82, -99, 
EP, 16, 2026092600, 03, HFSA,  84, 204N, 1231W,  25, 1004, XX,  34, NEQ,    0,    0,    0,    0,  -99,  -99,  68,   0,   0,    ,   0,    , 156,   5,           ,  ,  0,    ,    0,    0,    0,    0, THERMO PARAMS, -16, 478, -130, N, 10, DT, -999, SHR82, -99, 
EP, 16, 2026092600, 03, HFSA,  90, 198N, 1230W,  24, 1006, XX,  34, NEQ,    0,    0,    0,    0,  -99,  -99,  59,   0,   0,    ,   0,    , 146,   5,           ,  ,  0,    ,    0,    0,    0,    0, THERMO PARAMS, 3, 175, -93, N, 10, DT, -999, SHR82, -99, 
EP, 16, 2026092600, 03, HFSA,  96, 193N, 1228W,  19, 1004, XX,  34, NEQ,    0,    0,    0,    0,  -99,  -99, 113,   0,   0,    ,   0,    , 134,   6,           ,  ,  0,    ,    0,    0,    0,    0, THERMO PARAMS, 34, -36, -194, N, 10, DT, -999, SHR82, -99, 
EP, 16, 2026092600, 03, HFSA, 102, 190N, 1225W,  19, 1007, XX,  34, NEQ,    0,    0,    0,    0,  -99,  -99, 113,   0,   0,    ,   0,    , 134,   4,           ,  ,  0,    ,    0,    0,    0,    0, THERMO PARAMS, 63, -130, -28, N, 10, DT, -999, SHR82, -99, 
EP, 16, 2026092600, 03, HFSA, 108, 187N, 1221W,  19, 1005, XX,  34, NEQ,    0,    0,    0,    0,  -99,  -99, 149,   0,   0,    ,   0,    , 111,   5,           ,  ,  0,    ,    0,    0,    0,    0, THERMO PARAMS, 63, -79, -267, N, 10, DT, -999, SHR82, -99, 
EP, 16, 2026092600, 03, HFSA, 114, 186N, 1215W,  16, 1008, XX,  34, NEQ,    0,    0,    0,    0,  -99,  -99,  78,   0,   0,    ,   0,    ,  97,   7,           ,  ,  0,    ,    0,    0,    0,    0, THERMO PARAMS, 61, -137, -231, N, 10, DT, -999, SHR82, -99, 
EP, 16, 2026092600, 03, HFSA, 120, 184N, 1208W,  17, 1005, XX,  34, NEQ,    0,    0,    0,    0,  -99,  -99, 148,   0,   0,    ,   0,    , 109,   7,           ,  ,  0,    ,    0,    0,    0,    0, THERMO PARAMS, 24, -108, -324, N, 10, DT, -999, SHR82, -99, 
EP, 16, 2026092600, 03, HFSA, 126, 182N, 1199W,  15, 1007, XX,  34, NEQ,    0,    0,    0,    0,  -99,  -99,  98,   0,   0,    ,   0,    , -99, -99,           ,  ,  0,    ,    0,    0,    0,    0, THERMO PARAMS, 1, 48, -410, N, 10, DT, -999, SHR82, -99, 
EP, 16, 2026092600, 03, TVCN,   0, 186N, 1237W,   0,    0,   ,   0,    ,    0,    0,    0,    0, 
EP, 16, 2026092600, 03, TVCN,  12, 196N, 1236W,   0,    0,   ,   0,    ,    0,    0,    0,    0, 
EP, 16, 2026092600, 03, TVCN,  24, 208N, 1235W,   0,    0,   ,   0,    ,    0,    0,    0,    0, 
EP, 16, 2026092600, 03, TVCN,  36, 218N, 1233W,   0,    0,   ,   0,    ,    0,    0,    0,    0, 
EP, 16, 2026092600, 03, TVCN,  48, 223N, 1232W,   0,    0,   ,   0,    ,    0,    0,    0,    0, 
EP, 16, 2026092600, 03, TVCN,  60, 220N, 1230W,   0,    0,   ,   0,    ,    0,    0,    0,    0, 
EP, 16, 2026092600, 03, TVCN,  72, 211N, 1226W,   0,    0,   ,   0,    ,    0,    0,    0,    0, 
EP, 16, 2026092600, 03, TVCN,  84, 199N, 1223W,   0,    0,   ,   0,    ,    0,    0,    0,    0, 
EP, 16, 2026092600, 03, TVCN,  96, 187N, 1219W,   0,    0,   ,   0,    ,    0,    0,    0,    0, 
EP, 16, 2026092600, 03, TVCN, 108, 184N, 1215W,   0,    0,   ,   0,    ,    0,    0,    0,    0, 
EP, 16, 2026092600, 03, TVCN, 120, 175N, 1206W,   0,    0,   ,   0,    ,    0,    0,    0,    0, 
EP, 16, 2026092600, 03, TVCN, 132, 165N, 1203W,   0,    0,   ,   0,    ,    0,    0,    0,    0, 
EP, 16, 2026092600, 03, TVCN, 144, 165N, 1220W,   0,    0,   ,   0,    ,    0,    0,    0,    0, 
EP, 16, 2026092600, 03, TVCN, 156, 155N, 1214W,   0,    0,   ,   0,    ,    0,    0,    0,    0, 
EP, 16, 2026092606, 03, AVNO,   0, 188N, 1239W,  79,  965, XX,  34, NEQ,   91,   67,   79,   91,  989,   33,  23,   0,   0, 
EP, 16, 2026092606, 03, AVNO,   0, 188N, 1239W,  79,  965, XX,  50, NEQ,   47,   41,   42,   48,  989,   33,  23,   0,   0, 
EP, 16, 2026092606, 03, AVNO,   0, 188N, 1239W,  79,  965, XX,  64, NEQ,   33,   26,   35,   35,  989,   33,  23,   0,   0, 
EP, 16, 2026092606, 03, AVNO,   6, 194N, 1239W,  76,  965, XX,  34, NEQ,   77,   70,   80,   84,  989,   34,  22,   0,   0, 
EP, 16, 2026092606, 03, AVNO,   6, 194N, 1239W,  76,  965, XX,  50, NEQ,   46,   47,   41,   45,  989,   34,  22,   0,   0, 
EP, 16, 2026092606, 03, AVNO,   6, 194N, 1239W,  76,  965, XX,  64, NEQ,   34,   35,   31,   32,  989,   34,  22,   0,   0, 
EP, 16, 2026092606, 03, AVNO,  12, 201N, 1236W,  71,  973, XX,  34, NEQ,   83,   71,   80,   96,  993,   44,  22,   0,   0, 
EP, 16, 2026092606, 03, AVNO,  12, 201N, 1236W,  71,  973, XX,  50, NEQ,   46,   41,   40,   45,  993,   44,  22,   0,   0, 
EP, 16, 2026092606, 03, AVNO,  12, 201N, 1236W,  71,  973, XX,  64, NEQ,   27,    0,   29,   31,  993,   44,  22,   0,   0, 
EP, 16, 2026092606, 03, AVNO,  18, 209N, 1234W,  67,  978, XX,  34, NEQ,   82,   67,   64,   71,  994,   40,  21,   0,   0, 
EP, 16, 2026092606, 03, AVNO,  18, 209N, 1234W,  67,  978, XX,  50, NEQ,   45,   40,   40,   40,  994,   40,  21,   0,   0, 
EP, 16, 2026092606, 03, AVNO,  18, 209N, 1234W,  67,  978, XX,  64, NEQ,    0,    0,   22,    0,  994,   40,  21,   0,   0, 
EP, 16, 2026092606, 03, AVNO,  24, 214N, 1234W,  50,  990, XX,  34, NEQ,   71,   58,   54,   72, 1006,   69,  31,   0,   0, 
EP, 16, 2026092606, 03, AVNO,  30, 219N, 1233W,  43,  992, XX,  34, NEQ,   50,    0,   54,   65, 1004,   70,  27,   0,   0, 
EP, 16, 2026092606, 03, AVNO,  36, 223N, 1233W,  36,  997, XX,  34, NEQ,    0,    0,   53,   57, 1005,   51,  43,   0,   0, 
EP, 16, 2026092606, 03, AVNO,  42, 225N, 1233W,  38,  998, XX,  34, NEQ,    0,    0,   53,   57, 1006,   81,  38,   0,   0, 
EP, 16, 2026092606, 03, AVNO,  48, 223N, 1232W,  32, 1002, XX,  34, NEQ,    0,    0,    0,    0, 1006,   39,  58,   0,   0, 
EP, 16, 2026092606, 03, AVNO,  54, 221N, 1232W,  27, 1001, XX,  34, NEQ,    0,    0,    0,    0, 1005,   44,  57,   0,   0, 
EP, 16, 2026092606, 03, AVNO,  60, 218N, 1234W,  29, 1004, XX,  34, NEQ,    0,    0,    0,    0, 1008,   63,  58,   0,   0, 
EP, 16, 2026092606, 03, AVNO,  66, 214N, 1235W,  31, 1003, XX,  34, NEQ,    0,    0,    0,    0, 1007,   79,  34,   0,   0, 
EP, 16, 2026092606, 03, AVNO,  72, 207N, 1238W,  28, 1006, XX,  34, NEQ,    0,    0,    0,    0,  -99,  -99,  34,   0,   0, 
EP, 16, 2026092606, 03, AVNO,  78, 203N, 1241W,  27, 1004, XX,  34, NEQ,    0,    0,    0,    0,  -99,  -99,  41,   0,   0, 
EP, 16, 2026092606, 03, AVNO,  84, 200N, 1243W,  24, 1007, XX,  34, NEQ,    0,    0,    0,    0,  -99,  -99,  42,   0,   0, 
EP, 16, 2026092606, 03, AVNO,  90, 199N, 1244W,  24, 1005, XX,  34, NEQ,    0,    0,    0,    0,  -99,  -99,  29,   0,   0, 
EP, 16, 2026092606, 03, AVNO,  96, 197N, 1248W,  22, 1008, XX,  34, NEQ,    0,    0,    0,    0,  -99,  -99,  37,   0,   0, 
EP, 16, 2026092606, 03, AVNO, 102, 199N, 1253W,  21, 1006, XX,  34, NEQ,    0,    0,    0,    0,  -99,  -99,  33,   0,   0, 
EP, 16, 2026092606, 03, AVNO, 108, 206N, 1253W,  20, 1009, XX,  34, NEQ,    0,    0,    0,    0,  -99,  -99,  81,   0,   0, 
EP, 16, 2026092606, 03, HCCA,   0, 188N, 1238W, 105,    0,   ,   0,    ,    0,    0,    0,    0, 
EP, 16, 2026092606, 03, HCCA,  12, 198N, 1238W,  79,    0,   ,   0,    ,    0,    0,    0,    0, 
EP, 16, 2026092606, 03, HCCA,  24, 209N, 1236W,  55,    0,   ,   0,    ,    0,    0,    0,    0, 
EP, 16, 2026092606, 03, HCCA,  36, 219N, 1233W,  36,    0,   ,   0,    ,    0,    0,    0,    0, 
EP, 16, 2026092606, 03, HCCA,  48, 221N, 1229W,  29,    0,   ,   0,    ,    0,    0,    0,    0, 
EP, 16, 2026092606, 03, HCCA,  60, 217N, 1223W,  23,    0,   ,   0,    ,    0,    0,    0,    0, 
EP, 16, 2026092606, 03, HCCA,  72, 205N, 1217W,  22,    0,   ,   0,    ,    0,    0,    0,    0, 
EP, 16, 2026092606, 03, HCCA,  84, 194N, 1214W,  19,    0,   ,   0,    ,    0,    0,    0,    0, 
EP, 16, 2026092606, 03, HCCA,  96, 184N, 1212W,  18,    0,   ,   0,    ,    0,    0,    0,    0, 
EP, 16, 2026092606, 03, HCCA, 108, 180N, 1206W,   0,    0,   ,   0,    ,    0,    0,    0,    0, 
EP, 16, 2026092606, 03, HCCA, 120, 174N, 1197W,   0,    0,   ,   0,    ,    0,    0,    0,    0, 
EP, 16, 2026092606, 03, HCCA, 132, 166N, 1183W,   0,    0,   ,   0,    ,    0,    0,    0,    0, 
EP, 16, 2026092606, 03, HCCA, 144, 161N, 1167W,   0,    0,   ,   0,    ,    0,    0,    0,    0, 
EP, 16, 2026092606, 03, HCCA, 156, 156N, 1155W,   0,    0,   ,   0,    ,    0,    0,    0,    0, 
EP, 16, 2026092606, 03, HFSA,   0, 188N, 1238W, 105,  948, XX,  34, NEQ,  133,  118,  133,  128, 1000,   70,  17,   0,   0,    ,   0,    , 346,   5,           ,  ,  0,    ,    0,    0,    0,    0, THERMO PARAMS, 70, 1888, 2848, N, 10, DT, -999, SHR82, -99, 
EP, 16, 2026092606, 03, HFSA,   0, 188N, 1238W, 105,  948, XX,  50, NEQ,   89,   76,   83,   86, 1000,   70,  17,   0,   0,    ,   0,    , 346,   5,           ,  ,  0,    ,    0,    0,    0,    0, THERMO PARAMS, 70, 1888, 2848, N, 10, DT, -999, SHR82, -99, 
EP, 16, 2026092606, 03, HFSA,   0, 188N, 1238W, 105,  948, XX,  64, NEQ,   57,   49,   58,   60, 1000,   70,  17,   0,   0,    ,   0,    , 346,   5,           ,  ,  0,    ,    0,    0,    0,    0, THERMO PARAMS, 70, 1888, 2848, N, 10, DT, -999, SHR82, -99, 
EP, 16, 2026092606, 03, HFSA,   6, 194N, 1239W,  85,  959, XX,  34, NEQ,  108,  100,  104,  112,  999,   68,  20,   0,   0,    ,   0,    , 348,   7,           ,  ,  0,    ,    0,    0,    0,    0, THERMO PARAMS, 87, 1658, 2471, N, 10, DT, -999, SHR82, -99, 
EP, 16, 2026092606, 03, HFSA,   6, 194N, 1239W,  85,  959, XX,  50, NEQ,   68,   53,   50,   63,  999,   68,  20,   0,   0,    ,   0,    , 348,   7,           ,  ,  0,    ,    0,    0,    0,    0, THERMO PARAMS, 87, 1658, 2471, N, 10, DT, -999, SHR82, -99, 
EP, 16, 2026092606, 03, HFSA,   6, 194N, 1239W,  85,  959, XX,  64, NEQ,   36,   36,   32,   36,  999,   68,  20,   0,   0,    ,   0,    , 348,   7,           ,  ,  0,    ,    0,    0,    0,    0, THERMO PARAMS, 87, 1658, 2471, N, 10, DT, -999, SHR82, -99, 
EP, 16, 2026092606, 03, HFSA,  12, 201N, 1238W,  69,  972, XX,  34, NEQ,  115,   91,   91,  108, 1008,  145,  18,   0,   0,    ,   0,    , 355,   7,           ,  ,  0,    ,    0,    0,    0,    0, THERMO PARAMS, 146, 2018, 1180, N, 10, DT, -999, SHR82, -99, 
EP, 16, 2026092606, 03, HFSA,  12, 201N, 1238W,  69,  972, XX,  50, NEQ,   52,   40,   44,   62, 1008,  145,  18,   0,   0,    ,   0,    , 355,   7,           ,  ,  0,    ,    0,    0,    0,    0, THERMO PARAMS, 146, 2018, 1180, N, 10, DT, -999, SHR82, -99, 
EP, 16, 2026092606, 03, HFSA,  12, 201N, 1238W,  69,  972, XX,  64, NEQ,   29,    0,   21,   32, 1008,  145,  18,   0,   0,    ,   0,    , 355,   7,           ,  ,  0,    ,    0,    0,    0,    0, THERMO PARAMS, 146, 2018, 1180, N, 10, DT, -999, SHR82, -99, 
EP, 16, 2026092606, 03, HFSA,  18, 207N, 1236W,  58,  982, XX,  34, NEQ,  113,   76,   86,   91, 1002,   77,  23,   0,   0,    ,   0,    ,   3,   7,           ,  ,  0,    ,    0,    0,    0,    0, THERMO PARAMS, 166, 2424, 680, N, 10, DT, -999, SHR82, -99, 
EP, 16, 2026092606, 03, HFSA,  18, 207N, 1236W,  58,  982, XX,  50, NEQ,   42,   36,   36,   45, 1002,   77,  23,   0,   0,    ,   0,    ,   3,   7,           ,  ,  0,    ,    0,    0,    0,    0, THERMO PARAMS, 166, 2424, 680, N, 10, DT, -999, SHR82, -99, 
EP, 16, 2026092606, 03, HFSA,  24, 214N, 1236W,  52,  989, XX,  34, NEQ,  102,   83,   89,  100, 1009,  171,  29,   0,   0,    ,   0,    , 349,   7,           ,  ,  0,    ,    0,    0,    0,    0, THERMO PARAMS, 177, 1759, 51, N, 10, DT, -999, SHR82, -99, 
EP, 16, 2026092606, 03, HFSA,  24, 214N, 1236W,  52,  989, XX,  50, NEQ,    0,    0,   32,    0, 1009,  171,  29,   0,   0,    ,   0,    , 349,   7,           ,  ,  0,    ,    0,    0,    0,    0, THERMO PARAMS, 177, 1759, 51, N, 10, DT, -999, SHR82, -99, 
EP, 16, 2026092606, 03, HFSA,  30, 220N, 1236W,  46,  992, XX,  34, NEQ,   84,   71,   83,  100, 1004,   83,  64,   0,   0,    ,   0,    ,   3,   7,           ,  ,  0,    ,    0,    0,    0,    0, THERMO PARAMS, 184, 1325, -146, N, 10, DT, -999, SHR82, -99, 
EP, 16, 2026092606, 03, HFSA,  36, 225N, 1238W,  41,  997, XX,  34, NEQ,    0,    0,   65,  102, 1005,   56,  55,   0,   0,    ,   0,    , 336,   6,           ,  ,  0,    ,    0,    0,    0,    0, THERMO PARAMS, 89, 1082, -680, N, 10, DT, -999, SHR82, -99, 
EP, 16, 2026092606, 03, HFSA,  42, 228N, 1240W,  34,  997, XX,  34, NEQ,    0,    0,    0,    0, 1005,   70,  59,   0,   0,    ,   0,    ,  25,   3,           ,  ,  0,    ,    0,    0,    0,    0, THERMO PARAMS, 134, 1291, -608, N, 10, DT, -999, SHR82, -99, 
EP, 16, 2026092606, 03, HFSA,  48, 228N, 1240W,  29, 1001, XX,  34, NEQ,    0,    0,    0,    0, 1009,  102,  70,   0,   0,    ,   0,    ,   6,   0,           ,  ,  0,    ,    0,    0,    0,    0, THERMO PARAMS, -126, 1131, -723, N, 10, DT, -999, SHR82, -99, 
EP, 16, 2026092606, 03, HFSA,  54, 226N, 1241W,  28, 1001, XX,  34, NEQ,    0,    0,    0,    0, 1005,   44,  89,   0,   0,    ,   0,    , 161,   2,           ,  ,  0,    ,    0,    0,    0,    0, THERMO PARAMS, -95, 1084, -471, N, 10, DT, -999, SHR82, -99, 
EP, 16, 2026092606, 03, HFSA,  60, 223N, 1244W,  28, 1004, XX,  34, NEQ,    0,    0,    0,    0, 1008,   54, 120,   0,   0,    ,   0,    , 205,   2,           ,  ,  0,    ,    0,    0,    0,    0, THERMO PARAMS, -116, 1050, -477, N, 10, DT, -999, SHR82, -99, 
EP, 16, 2026092606, 03, HFSA,  66, 220N, 1246W,  29, 1003, XX,  34, NEQ,    0,    0,    0,    0, 1007,   75,  73,   0,   0,    ,   0,    , 193,   3,           ,  ,  0,    ,    0,    0,    0,    0, THERMO PARAMS, -106, 1048, -363, N, 10, DT, -999, SHR82, -99, 
EP, 16, 2026092606, 03, HFSA,  72, 215N, 1250W,  27, 1006, XX,  34, NEQ,    0,    0,    0,    0, 1010,   87,  73,   0,   0,    ,   0,    , 215,   4,           ,  ,  0,    ,    0,    0,    0,    0, THERMO PARAMS, -88, 746, -298, N, 10, DT, -999, SHR82, -99, 
EP, 16, 2026092606, 03, HFSA,  78, 212N, 1253W,  26, 1005, XX,  34, NEQ,    0,    0,    0,    0,  -99,  -99,  65,   0,   0,    ,   0,    , 218,   2,           ,  ,  0,    ,    0,    0,    0,    0, THERMO PARAMS, -114, 643, -273, N, 10, DT, -999, SHR82, -99, 
EP, 16, 2026092606, 03, HFSA,  84, 208N, 1257W,  25, 1008, XX,  34, NEQ,    0,    0,    0,    0,  -99,  -99,  60,   0,   0,    ,   0,    , 236,   1,           ,  ,  0,    ,    0,    0,    0,    0, THERMO PARAMS, -121, 227, -195, N, 10, DT, -999, SHR82, -99, 
EP, 16, 2026092606, 03, HFSA,  90, 206N, 1261W,  24, 1005, XX,  34, NEQ,    0,    0,    0,    0,  -99,  -99,  40,   0,   0,    ,   0,    , 247,   1,           ,  ,  0,    ,    0,    0,    0,    0, THERMO PARAMS, -114, -18, 85, N, 10, DT, -999, SHR82, -99, 
EP, 16, 2026092606, 03, HFSA,  96, 202N, 1271W,  24, 1008, XX,  34, NEQ,    0,    0,    0,    0,  -99,  -99,  38,   0,   0,    ,   0,    , 263,   6,           ,  ,  0,    ,    0,    0,    0,    0, THERMO PARAMS, -138, 401, -28, N, 10, DT, -999, SHR82, -99, 
EP, 16, 2026092606, 03, TVCN,   0, 188N, 1238W,   0,    0,   ,   0,    ,    0,    0,    0,    0, 
EP, 16, 2026092606, 03, TVCN,  12, 199N, 1237W,   0,    0,   ,   0,    ,    0,    0,    0,    0, 
EP, 16, 2026092606, 03, TVCN,  24, 211N, 1236W,   0,    0,   ,   0,    ,    0,    0,    0,    0, 
EP, 16, 2026092606, 03, TVCN,  36, 220N, 1235W,   0,    0,   ,   0,    ,    0,    0,    0,    0, 
EP, 16, 2026092606, 03, TVCN,  48, 221N, 1234W,   0,    0,   ,   0,    ,    0,    0,    0,    0, 
EP, 16, 2026092606, 03, TVCN,  60, 216N, 1232W,   0,    0,   ,   0,    ,    0,    0,    0,    0, 
EP, 16, 2026092606, 03, TVCN,  72, 206N, 1231W,   0,    0,   ,   0,    ,    0,    0,    0,    0, 
EP, 16, 2026092606, 03, TVCN,  84, 196N, 1231W,   0,    0,   ,   0,    ,    0,    0,    0,    0, 
EP, 16, 2026092606, 03, TVCN,  96, 190N, 1236W,   0,    0,   ,   0,    ,    0,    0,    0,    0, 
EP, 16, 2026092606, 03, TVCN, 108, 185N, 1236W,   0,    0,   ,   0,    ,    0,    0,    0,    0, 
EP, 16, 2026092606, 03, TVCN, 120, 181N, 1240W,   0,    0,   ,   0,    ,    0,    0,    0,    0, 
EP, 16, 2026092606, 03, TVCN, 132, 176N, 1235W,   0,    0,   ,   0,    ,    0,    0,    0,    0, 
EP, 16, 2026092612, 03, HCCA,   0, 195N, 1237W,  90,    0,   ,   0,    ,    0,    0,    0,    0, 
EP, 16, 2026092612, 03, HCCA,  12, 207N, 1236W,  64,    0,   ,   0,    ,    0,    0,    0,    0, 
EP, 16, 2026092612, 03, HCCA,  24, 218N, 1234W,  42,    0,   ,   0,    ,    0,    0,    0,    0, 
EP, 16, 2026092612, 03, HCCA,  36, 225N, 1231W,  33,    0,   ,   0,    ,    0,    0,    0,    0, 
EP, 16, 2026092612, 03, HCCA,  48, 223N, 1227W,  26,    0,   ,   0,    ,    0,    0,    0,    0, 
EP, 16, 2026092612, 03, HCCA,  60, 215N, 1224W,  22,    0,   ,   0,    ,    0,    0,    0,    0, 
EP, 16, 2026092612, 03, HCCA,  72, 203N, 1221W,  19,    0,   ,   0,    ,    0,    0,    0,    0, 
EP, 16, 2026092612, 03, HCCA,  84, 191N, 1221W,  17,    0,   ,   0,    ,    0,    0,    0,    0, 
EP, 16, 2026092612, 03, HCCA,  96, 185N, 1225W,  17,    0,   ,   0,    ,    0,    0,    0,    0, 
EP, 16, 2026092612, 03, HCCA, 108, 180N, 1224W,  16,    0,   ,   0,    ,    0,    0,    0,    0, 
EP, 16, 2026092612, 03, HCCA, 120, 173N, 1219W,   0,    0,   ,   0,    ,    0,    0,    0,    0, 
EP, 16, 2026092612, 03, HCCA, 132, 167N, 1206W,   0,    0,   ,   0,    ,    0,    0,    0,    0, 
EP, 16, 2026092612, 03, HCCA, 144, 161N, 1190W,   0,    0,   ,   0,    ,    0,    0,    0,    0, 
EP, 16, 2026092612, 03, TVCN,   0, 195N, 1237W,   0,    0,   ,   0,    ,    0,    0,    0,    0, 
EP, 16, 2026092612, 03, TVCN,  12, 208N, 1235W,   0,    0,   ,   0,    ,    0,    0,    0,    0, 
EP, 16, 2026092612, 03, TVCN,  24, 219N, 1234W,   0,    0,   ,   0,    ,    0,    0,    0,    0, 
EP, 16, 2026092612, 03, TVCN,  36, 225N, 1233W,   0,    0,   ,   0,    ,    0,    0,    0,    0, 
EP, 16, 2026092612, 03, TVCN,  48, 224N, 1231W,   0,    0,   ,   0,    ,    0,    0,    0,    0, 
EP, 16, 2026092612, 03, TVCN,  60, 216N, 1230W,   0,    0,   ,   0,    ,    0,    0,    0,    0, 
EP, 16, 2026092612, 03, TVCN,  72, 205N, 1231W,   0,    0,   ,   0,    ,    0,    0,    0,    0, 
EP, 16, 2026092612, 03, TVCN,  84, 194N, 1234W,   0,    0,   ,   0,    ,    0,    0,    0,    0, 
EP, 16, 2026092612, 03, TVCN,  96, 191N, 1242W,   0,    0,   ,   0,    ,    0,    0,    0,    0, 
EP, 16, 2026092612, 03, TVCN, 108, 181N, 1231W,   0,    0,   ,   0,    ,    0,    0,    0,    0, 
EP, 16, 2026092612, 03, TVCN, 120, 175N, 1225W,   0,    0,   ,   0,    ,    0,    0,    0,    0, 