{"type":"FeatureCollection","features":[{"type":"Feature","id":3467,"geometry":{"type":"Polygon","coordinates":[[[-172.19746400016339,31.249548000440029],[-172.20169099993961,31.166366599938783],[-172.20509300034161,31.166315100261784],[-172.208481000098,31.166212100008579],[-172.21186799980828,31.166061399713954],[-172.21525599956465,31.165857300374284],[-172.21862800038184,31.165605500093875],[-172.22200000029969,31.16530039969382],[-172.22538800005609,31.164945600059525],[-172.22874500018153,31.164543200208641],[-172.23208599956914,31.164089199956777],[-172.23542799990219,31.163579900392222],[-172.23877000023523,31.163022999711814],[-172.24208100003804,31.162422200424373],[-172.24539199984085,31.161766100025659],[-172.24868799985123,31.161062199760863],[-172.25195300023071,31.160310700178798],[-172.25521899975695,31.159509700112721],[-172.25846900034401,31.158658999913087],[-172.26168800040082,31.157760599672088],[-172.26490799960442,31.156810799578864],[-172.26808200028401,31.15581700015457],[-172.27125500001816,31.154775599614368],[-172.27439900021361,31.153686499932178],[-172.27752699967121,31.152549700208624],[-172.28062400039721,31.151367199636695],[-172.28369099973978,31.150140799558415],[-172.28674300018923,31.148864700245838],[-172.28976400010845,31.14754299990966],[-172.29275500044284,31.146175399974879],[-172.29571500024699,31.144769700261577],[-172.29866000025874,31.143310499879817],[-172.30155899994782,31.141815199811788],[-172.3044280000521,31.140274000145155],[-172.30728100031783,31.138690900165045],[-172.31008900030704,31.13706210023588],[-172.31288099955842,31.135395099804157],[-172.31561299964014,31.133688000401037],[-172.31832899988336,31.131938899960403],[-172.32098400001152,31.130149800373147],[-172.32362400034725,31.128318799573094],[-172.32621800036034,31.1264515003366],[-172.32878099984319,31.124542200062649],[-172.33128400015642,31.122594800010177],[-172.33377099973177,31.120615000082353],[-172.3362119998838,31.118593200016335],[-172.33860799975932,31.116537099807431],[-172.34095800021146,31.114446599631037],[-172.34327700013338,31.112321900035795],[-172.34553499994021,31.110156999845799],[-172.34774800036985,31.107965500407659],[-172.34993000026921,31.105737699835117],[-172.35206599984593,31.103483200189658],[-172.35414100020691,31.101188699598936],[-172.35618600008377,31.098867400110578],[-172.35816999984553,31.096517600207221],[-172.36010700013787,31.094137199971954],[-172.36201499999217,31.091726300128812],[-172.3638459998929,31.089286800045954],[-172.36564600016271,31.086824399626494],[-172.36738600036355,31.084331499599159],[-172.36908000024175,31.081815700134598],[-172.37071199995876,31.079275100065956],[-172.37229900029854,31.076705899757599],[-172.37382499962396,31.074121500007379],[-172.37532000021776,31.07150840019267],[-172.37674000005089,31.068872499866131],[-172.37811300041457,31.066221200448183],[-172.37943999955627,31.063545200250928],[-172.38070700042766,31.060850100252082],[-172.38191200023854,31.058137899644521],[-172.38305699998048,31.055410399770267],[-172.3841710000915,31.052659999559467],[-172.38520800024892,31.049902000077395],[-172.38618500033741,31.047121000433947],[-172.38711500005712,31.044328699909727],[-172.38800000039961,31.041521100118814],[-172.38879400014292,31.038703900065059],[-172.38957200004768,31.035871499670122],[-172.39025900025257,31.033031500003858],[-172.39090000013482,31.030181900074751],[-172.3914949996944,31.027320900339419],[-172.39201400024584,31.024452199709401],[-172.39247099973676,31.021572100172421],[-172.39288299985049,31.018693900003598],[-172.39321900005672,31.015804300028549],[-172.39350899994031,31.012908900325613],[-172.39375300040058,31.010013600447451],[-172.39392100005404,31.007114400209559],[-172.39402799959242,31.004213299704134],[-172.39408899970749,31.001308399563129],[-172.19999700006142,31.000005700103145],[-171.90887499998118,31.001857799897664],[-171.90893600009625,31.006212200332925],[-171.90910299970361,31.010562900057948],[-171.90936300000237,31.014917400317927],[-171.90969800016251,31.01925660041195],[-171.91012600011473,31.023597699874074],[-171.91064499976684,31.027934999700619],[-171.91125500001817,31.032259000352724],[-171.91194200022306,31.036571499575189],[-171.91273499992025,31.040874500158225],[-171.91358899973247,31.045167899579042],[-171.91455100002855,31.049444200189839],[-171.9156040000245,31.053705199735305],[-171.91673299992792,31.057954800373864],[-171.91795300043054,31.062181499776557],[-171.91924999998744,31.066392899912557],[-171.92063900018962,31.070583299979432],[-171.9221190000917,31.074749000166378],[-171.92367599994736,31.078895599652355],[-171.92532300035612,31.083013499973163],[-171.92704799986524,31.087116199952789],[-171.92884800013502,31.091182700421427],[-171.93075599998934,31.095226299654144],[-171.93273899970501,31.099239300353588],[-171.93478399958184,31.103223799738714],[-171.93693499985028,31.107175800323091],[-171.93914800027991,31.111093499865262],[-171.94145200040941,31.114978800431459],[-171.94383200044638,31.118827799863197],[-171.94628900043693,31.122642500051484],[-171.94880699964324,31.126419099561929],[-171.95141600034808,31.130155600101034],[-171.95411699989955,31.133853900137524],[-171.9568789995661,31.137512200128072],[-171.95971700003943,31.141132400340155],[-171.96263100042026,31.144704799786837],[-171.96560700006293,31.148231500183726],[-171.96865799956694,31.15171809981058],[-171.97177100013147,31.155155199852743],[-171.97497600044198,31.158548400388497],[-171.97824099992212,31.161889999623952],[-171.98156700041665,31.165182100173922],[-171.98496999996544,31.16842270014763],[-171.98844900032103,31.171615600080031],[-171.99195900030753,31.17475130043232],[-171.99555999999393,31.177837399576447],[-171.99920700000297,31.180870099675531],[-172.00292999991947,31.183845500369671],[-172.00669900015865,31.18676380040921],[-172.01054400030529,31.189630500047656],[-172.01443499987528,31.192434300202933],[-172.01838699956031,31.195182800146256],[-172.02240000025972,31.197870299974511],[-172.02645900038249,31.200496699862924],[-172.03056299988245,31.203062099636327],[-172.03474400023535,31.205560699566774],[-172.03895600021917,31.208004000184587],[-172.04321299958019,31.210384400419912],[-172.0475309999556,31.212692300009792],[-172.0519100004461,31.214942900194842],[-172.05630499987578,31.217124900094234],[-172.06076000027372,31.219242100242866],[-172.06524700034871,31.221290600281122],[-172.06979399959334,31.223272299577104],[-172.07437100022142,31.225185400386067],[-172.0789789995811,31.2270278999178],[-172.08363300016276,31.228807400141534],[-172.08831800037535,31.230512600176496],[-172.09303300017274,31.232151000368503],[-172.09779400029279,31.233715100371739],[-172.10257000020528,31.235204699637336],[-172.10739100039427,31.236627599784072],[-172.11222800042179,31.237978000184683],[-172.11711099987266,31.239253999672485],[-172.12199400022286,31.240457500313539],[-172.12692299999637,31.241590500401401],[-172.1318660004155,31.242649099576454],[-172.13682599981996,31.243625599641859],[-172.14179999987002,31.244537399781336],[-172.14680499955102,31.245367099911903],[-172.15182499992372,31.246126199664502],[-172.15686000008887,31.246809000035455],[-172.16189600030009,31.247417400392862],[-172.16696200009616,31.2479533999296],[-172.17202799989221,31.24840740018152],[-172.17709399968825,31.248786899695801],[-172.18217500017604,31.249090199653153],[-172.18727099955692,31.249322900131858],[-172.1923679998832,31.249473600426484],[-172.19746400016339,31.249548000440029]]]},"properties":{"objectid":3467,"radii":64,"stormid":"cp012026","basin":"cp","stormnum":1,"advnum":"39","validtime":"2026082300","synoptime":"2026082200","timezone":"UTC","tau":24,"ne":15,"se":0,"sw":0,"nw":10,"idp_source":"cp012026_2026082203_forecastradii","idp_filedate":1787371368000,"idp_ingestdate":1787371389000,"st_area(shape)":0.082028925126871627,"st_perimeter(shape)":1.2701071136895732,"binnumber":"CP2"}},{"type":"Feature","id":3473,"geometry":{"type":"Polygon","coordinates":[[[-174.69653299989795,33.332721699646868],[-174.7034909997098,33.332721699646868],[-174.71041899993682,33.332626299564197],[-174.71737699974867,33.332424200316723],[-174.72431899972199,33.332115199556938],[-174.73124699994901,33.331706999978223],[-174.73817400012993,33.331199599781826],[-174.74508699966523,33.330593099691953],[-174.75198400026133,33.329879799713126],[-174.75886500011958,33.329067200191275],[-174.76573200023154,33.328155499876573],[-174.77258299960567,33.327144599843564],[-174.77938799955646,33.326034500092248],[-174.78619399955335,33.324821499912446],[-174.79295300008081,33.323509200189562],[-174.79971299975506,33.322101600208839],[-174.80641200021356,33.320590999974797],[-174.81309499993424,33.318981200022506],[-174.81973300027767,33.317279799623179],[-174.82634000009085,33.31547930022964],[-174.83291600027312,33.313579600218532],[-174.83943200038644,33.311592100295343],[-174.84591699996949,33.309501600118892],[-174.85237099992165,33.307315799684545],[-174.85874899996631,33.305038500426576],[-174.86509700042615,33.302669499997592],[-174.87138399987163,33.300205200209973],[-174.87762499989375,33.297649399800093],[-174.88381999959324,33.29500580037751],[-174.88995400007695,33.292270700332722],[-174.89601099970778,33.289447800375854],[-174.90202299996142,33.286533399796724],[-174.90797400009995,33.283531200204891],[-174.91384900033103,33.280445100161387],[-174.91967800023946,33.277275099666269],[-174.92543000019427,33.274013499623436],[-174.93110700028777,33.270671799663944],[-174.93670700042765,33.267250099612568],[-174.94226100024488,33.263744400184066],[-174.94772300031613,33.260158500114812],[-174.95309399978819,33.256492599953674],[-174.95841999988301,33.25274659987582],[-174.96363800039333,33.248931899687591],[-174.96878100014297,33.245033299946954],[-174.97384599989292,33.241062199560986],[-174.9788359997815,33.237011000157679],[-174.98373399992408,33.232898699915211],[-174.98854100036681,33.228710200115813],[-174.99325600016419,33.224449199670971],[-174.99789400000802,33.220123299650709],[-175.00242600035955,33.215732599879743],[-175.00688199990429,33.211269400362653],[-175.01122999986453,33.206745100006515],[-175.01548800017099,33.202159900259346],[-175.01963799999362,33.197513599673016],[-175.02371199990878,33.19279859987563],[-175.02767900028556,33.188034099594176],[-175.03152499957901,33.183208500272201],[-175.03529399981815,33.178333299742121],[-175.03895599961962,33.173393199636621],[-175.04251099988267,33.168407399581952],[-175.04594399991558,33.163368199582862],[-175.04930100004105,33.158283199809944],[-175.05253599993637,33.153144800092605],[-175.05566400029329,33.147964500061789],[-175.05868500021251,33.142734499897415],[-175.06159999974011,33.137462600318884],[-175.0643919998908,33.132152600062568],[-175.06707799964988,33.126796700207706],[-175.06965599982445,33.121398900039367],[-175.072112999815,33.115974399898789],[-175.07446300026717,33.110508000344112],[-175.0767060002816,33.105010999558147],[-175.07881200027353,33.099483500063627],[-175.08081099982772,33.093921700426279],[-175.08270299984349,33.088333100092655],[-175.08447299962916,33.082721700146465],[-175.08612100008401,33.077079799693138],[-175.08766200010115,33.071418800337483],[-175.08908099988815,33.065734899745962],[-175.09037800034437,33.060028099717158],[-175.09155299967114,33.054302199886763],[-175.09260599966709,33.048564900250085],[-175.09353600028612,33.042808499912496],[-175.09435999961423,33.037048299939215],[-175.09506199961152,33.031269099989117],[-175.09562699958627,33.025482200043655],[-175.09609999981507,33.019683799567815],[-175.09642000018277,33.013885499816126],[-175.0966489999513,33.008083299704651],[-175.09674099969729,33.00227360014668],[-174.69999699956182,32.999999999800309],[-174.69654799969035,32.66727829995375],[-174.6896669998321,32.667373700036364],[-174.68277000013532,32.667579699643568],[-174.67585799974682,32.667877199873033],[-174.66899099963484,32.668281599816112],[-174.66212499956899,32.668788900187735],[-174.65524299966464,32.669395400277665],[-174.64840700008293,32.670097400274926],[-174.64157099960187,32.670906100336424],[-174.63476599965108,32.671806300120807],[-174.62797500034591,32.67281339961886],[-174.62120100002605,32.673915900098848],[-174.6144410003518,32.675117499573105],[-174.60772700010091,32.676418299664931],[-174.60101299984998,32.677818300374383],[-174.59434499992173,32.679317499902822],[-174.58772300031615,32.680911999689158],[-174.58113100029536,32.68260570009312],[-174.57455400006697,32.684394799680433],[-174.56802400020737,32.686275499714668],[-174.56153899972497,32.688255299642492],[-174.55509900041847,32.690330499652987],[-174.54870599968206,32.692501099746096],[-174.54234300032914,32.694763199562146],[-174.53604100019194,32.697116899825232],[-174.52978500037739,32.699562099811203],[-174.52356000019378,32.702098800419435],[-174.51740999987152,32.704723399865145],[-174.51130699991805,32.707443199744034],[-174.50527999987202,32.710246999899255],[-174.49928300031013,32.713142399602191],[-174.49336199975642,32.716125500291753],[-174.48750300026319,32.719188699998654],[-174.48170499998568,32.722343400327816],[-174.47596699977714,32.725582100034046],[-174.47032200026004,32.72890470019189],[-174.46472200012013,32.732303599731495],[-174.45919799988772,32.735786399722713],[-174.45375099960887,32.739353199990319],[-174.44838000013681,32.743000000349866],[-174.44308499967292,32.746719400280256],[-174.43785100022342,32.75051880030253],[-174.43270899962056,32.754394499706564],[-174.42764299982451,32.758342699755929],[-174.42266799972833,32.762367200086373],[-174.41776999958574,32.766464200162829],[-174.41294900029604,32.77063369998541],[-174.40823399959933,32.774867999558694],[-174.40359499970938,32.779171000141673],[-174.39904799956545,32.783542600111048],[-174.39459200002071,32.787979099655843],[-174.39024400006048,32.792480499675492],[-174.38595600016919,32.797050499980742],[-174.38178999960871,32.801673900230469],[-174.37771599969355,32.806362200055617],[-174.3737340004237,32.811111499995889],[-174.36984299995441,32.815918000415536],[-174.36607399971524,32.820777899880341],[-174.36238100028285,32.825691200188885],[-174.35881000018128,32.830658000266624],[-174.3553309998257,32.835678099564802],[-174.35195899990785,32.840747800071085],[-174.34869400042771,32.845867199811551],[-174.34553500043984,32.851032300400504],[-174.34248400003651,32.856243100039194],[-174.33953900002476,32.861495999640795],[-174.33670000040462,32.866794600090884],[-174.33398400016139,32.872131300319381],[-174.33137500035591,32.877506299975892],[-174.32887300008881,32.882923100121104],[-174.32649200000571,32.88837430023392],[-174.32420299966861,32.893855999954553],[-174.32205200029949,32.899375900177802],[-174.31999199973092,32.904922500373232],[-174.31806900008422,32.910495799641581],[-174.31625400002201,32.916103399952078],[-174.31456000014381,32.921733899699859],[-174.31297299980403,32.927383400323833],[-174.31150799969436,32.933059699845444],[-174.31018099965334,32.9387588997036],[-174.30894500021151,32.944473299902995],[-174.30784599989292,32.950202900443628],[-174.30683900021961,32.955947900075671],[-174.30598400036126,32.961711899684587],[-174.3052370000874,32.967483500363414],[-174.30459600020518,32.973270400308877],[-174.30409200034546,32.979061099889975],[-174.30369600007026,32.984859500365815],[-174.30343599977149,32.990661599753196],[-174.30328399995656,32.996467600399569],[-174.30326800011804,33.00227360014668],[-174.30335999986403,33.008083299704651],[-174.30357399984015,33.013885499816126],[-174.30390900000029,33.019687699927545],[-174.30436700043666,33.025482200043655],[-174.30494700020381,33.031269099989117],[-174.30563400040873,33.037048299939215],[-174.30645799973684,33.042816199907861],[-174.30740400019437,33.048564900250085],[-174.30845600014422,33.054306000421718],[-174.3096310003703,33.060028099717158],[-174.31092799992717,33.065734899745962],[-174.31234699971418,33.071418800337483],[-174.31387299993892,33.077079799693138],[-174.31553600018617,33.082721700146465],[-174.31730700001796,33.08833689972829],[-174.31919900003376,33.093925500061914],[-174.32118199974943,33.099487299699263],[-174.32331800022544,33.105014800093102],[-174.32554600044747,33.110508000344112],[-174.32789600000032,33.115974399898789],[-174.33035299999088,33.121402699675002],[-174.33293200021157,33.126796700207706],[-174.33561699992453,33.132152600062568],[-174.33840900007522,33.137466399954519],[-174.34132399960282,33.142734499897415],[-174.34434500042136,33.147964500061789],[-174.34747299987896,33.153148699553014],[-174.3507079997743,33.158283199809944],[-174.35405000010735,33.163368199582862],[-174.35749799993266,33.168407399581952],[-174.36105300019574,33.173397099996293],[-174.36470000020478,33.178333299742121],[-174.36848400023635,33.183208500272201],[-174.37233000042909,33.188037900129132],[-174.37629699990654,33.192806200046221],[-174.38035600002931,33.197513599673016],[-174.38452099964434,33.202159900259346],[-174.3887789999508,33.206745100006515],[-174.39312699991103,33.211276999633981],[-174.39756799966338,33.215732599879743],[-174.40211499980731,33.220123299650709],[-174.40673799985873,33.224449199670971],[-174.41146900039396,33.228710200115813],[-174.41627499989124,33.232898699915211],[-174.42117300003386,33.23701860032827],[-174.42614700008392,33.241062199560986],[-174.43121299987996,33.245033299946954],[-174.43637100032134,33.248931899687591],[-174.44158899993232,33.252750400410775],[-174.44689900018864,33.256492599953674],[-174.45228600039852,33.260158500114812],[-174.45774799957044,33.263744400184066],[-174.46328699959528,33.267250099612568],[-174.46890299957369,33.270671799663944],[-174.47457899962106,33.274013499623436],[-174.4803309995759,33.277275099666269],[-174.4861449996919,33.280448899797022],[-174.4920349997154,33.283531200204891],[-174.49798599985394,33.286533399796724],[-174.50398300031515,33.289447800375854],[-174.5100559997845,33.292270700332722],[-174.51619000026821,33.29500580037751],[-174.52236900012917,33.297649399800093],[-174.52862499994373,33.300212900205338],[-174.53489699959678,33.302669499997592],[-174.54125999984905,33.305038500426576],[-174.54765299968611,33.3073196002195],[-174.55407700005344,33.309501600118892],[-174.56057700032824,33.311592100295343],[-174.56709300044153,33.313583399854167],[-174.57365399993208,33.31547930022964],[-174.58026099974526,33.317279799623179],[-174.58691399988112,33.318988800193097],[-174.59358199980937,33.320590999974797],[-174.60029600006027,33.322101600208839],[-174.60703999989602,33.323509200189562],[-174.61381500026198,33.324821499912446],[-174.62060500042037,33.326034500092248],[-174.62744100000208,33.327144599843564],[-174.63427699958379,33.328155499876573],[-174.64114399969574,33.329067200191275],[-174.64802599960012,33.329879799713126],[-174.65492200015012,33.330593099691953],[-174.66183499968542,33.331199599781826],[-174.66876199986632,33.331706999978223],[-174.67569000009337,33.332115199556938],[-174.68263200006666,33.332424200316723],[-174.68957500008611,33.332626299564197],[-174.69653299989795,33.332721699646868]]]},"properties":{"objectid":3473,"radii":50,"stormid":"cp012026","basin":"cp","stormnum":1,"advnum":"39","validtime":"2026082412","synoptime":"2026082200","timezone":"UTC","tau":60,"ne":20,"se":20,"sw":0,"nw":20,"idp_source":"cp012026_2026082203_forecastradii","idp_filedate":1787371368000,"idp_ingestdate":1787371389000,"st_area(shape)":0.31008814872387169,"st_perimeter(shape)":2.4460983380856529,"binnumber":"CP2"}},{"type":"Feature","id":3459,"geometry":{"type":"Polygon","coordinates":[[[-170.67611699989956,31.729074499588648],[-170.7204280000521,31.396352799742033],[-170.76123000026422,31.395731000385524],[-170.80201699978463,31.394491200408709],[-170.84277299967411,31.392629600176065],[-170.88348400018637,31.390150100047208],[-170.92411799984575,31.387050600105226],[-170.96469100028935,31.383335099635303],[-171.00518799992619,31.378999700076236],[-171.04557800002459,31.374055900159817],[-171.08586099968531,31.368495900065852],[-171.12600700022281,31.362321900435518],[-171.16601599983844,31.355539299898908],[-171.20588700028475,31.348148299904267],[-171.24559000017828,31.340156600446903],[-171.28510999972664,31.331558200350798],[-171.32444799987522,31.322364799795821],[-171.36358599979397,31.312570599953347],[-171.40251199982885,31.302188899997873],[-171.44119300025667,31.291204499588105],[-171.47964500001666,31.279647800305895],[-171.51785300021572,31.267497999932914],[-171.55578600032359,31.254779800147787],[-171.5934450003864,31.241477999710071],[-171.63082900035801,31.227609600302969],[-171.66790799975431,31.213172900409177],[-171.70466599963609,31.198177299742724],[-171.74110400004949,31.182622899927026],[-171.77720600025663,31.16651919960151],[-171.81295799961191,31.149871799743892],[-171.84837299961416,31.132677100368028],[-171.88339200024055,31.1149520995599],[-171.91804500017653,31.096694899749991],[-171.95231599958365,31.07791520012654],[-171.98617599982245,31.058612800140736],[-172.01960800010903,31.038808799686478],[-172.05264300007431,31.018489799764609],[-172.08523600034107,30.99767680044414],[-172.11738599996386,30.976369899751205],[-172.14909399988809,30.954578400273078],[-172.18031299974507,30.932310100031259],[-172.21107500011109,30.909568799560589],[-172.24136400024832,30.886365899566783],[-172.27116400031829,30.862703300317207],[-172.30044599988292,30.838592499644278],[-172.32922399958784,30.814041100416603],[-172.35749800033238,30.789056799931529],[-172.38522300004135,30.763647100333571],[-172.4124150003519,30.737815900183818],[-172.43908700006492,30.71158030009093],[-172.46519499984927,30.684936500419326],[-172.49073799965888,30.657905600163474],[-172.51571700043914,30.630493200301089],[-172.54013100034533,30.602704999836021],[-172.56396499958498,30.57454680029474],[-172.58720400016441,30.54602999968489],[-172.6098480002849,30.517169999795783],[-172.63189699994652,30.487966500253947],[-172.65333600025613,30.458429300072282],[-172.6741489995766,30.428579300394517],[-172.69435100039829,30.398410800418276],[-172.71394300006932,30.367944700387739],[-172.73289499990423,30.337181100127793],[-172.7511900000184,30.306133299712144],[-172.76887499988126,30.274818399749506],[-172.78588900027705,30.243238400332075],[-172.8022609998452,30.211399100288418],[-172.81797799978477,30.179321300038112],[-172.83303800000363,30.14701080020842],[-172.84742699985608,30.114471400434923],[-172.86116000003389,30.081720400076563],[-172.87420700005293,30.048769000189338],[-172.8865970003512,30.01562120005849],[-172.89828499975286,29.982290299757665],[-172.90931700037919,29.948787699992522],[-172.91966199990131,29.915123000126471],[-172.92932100016395,29.88130569969843],[-172.93827800042931,29.847349200405404],[-172.94654799959042,29.813260999895363],[-172.95413200039144,29.779050800054506],[-172.96101400029579,29.744733800324752],[-172.96720899999528,29.710311900074259],[-172.97271700038917,29.675802199911743],[-172.97750900014017,29.641218199560399],[-172.98161299964013,29.606565499997942],[-172.98501600008825,29.571853599863914],[-172.98773200033148,29.537097900048195],[-172.98973099988567,29.50230599982217],[-172.99104300013428,29.46748540043103],[-172.99165300038558,29.432655299702446],[-172.9915619997864,29.397817599702591],[-172.99078399988161,29.362985599605906],[-172.98930399997954,29.328172700210075],[-172.98712200008018,29.29338649988722],[-172.98425299997589,29.258642199877784],[-172.98069799971285,29.223943699642177],[-172.9764400003057,29.18930819961389],[-172.97149699988657,29.154737500235569],[-172.96586600011574,29.120248800142178],[-172.95957899977094,29.08585169959639],[-172.95257599968255,29.05155369984351],[-172.94490100008102,29.017368299707414],[-172.93655400006696,28.983303100258013],[-172.92753599968657,28.949373200213188],[-172.9178469998391,28.915584599849524],[-172.90751600006328,28.881946599955768],[-172.89648400033627,28.848470700162807],[-172.88482699966622,28.815170300369232],[-172.87249800038234,28.782047299943088],[-172.85952800031689,28.749118800392466],[-172.84590099963134,28.716392499914093],[-172.83164999984754,28.683879899937551],[-172.81675700013537,28.651588400084734],[-172.8012390003795,28.61952590000044],[-172.78509499963445,28.587703699666122],[-172.7683109999526,28.556131400244055],[-172.75093099976576,28.524820299917053],[-172.7329410002269,28.493778200303836],[-172.71435500018305,28.463012699776414],[-172.69515999993396,28.43253519993965],[-172.67538499991772,28.402353300064874],[-172.65501400029581,28.372476600414927],[-172.63407899984588,28.342916499896717],[-172.6125639996288,28.313674899677039],[-172.59048500038239,28.284765199654373],[-172.56784100026186,28.256197000091618],[-172.54466199975141,28.227973900075597],[-172.52093500005014,28.20011140032102],[-172.49665800016649,28.172611199647292],[-172.47187799956995,28.145484900208146],[-172.4465640004282,28.118736299840521],[-172.42074599962811,28.092380499960257],[-172.39440900007523,28.066417700216846],[-172.36758399960183,28.040863000227432],[-172.34028599979897,28.015712700181098],[-172.31248500018253,27.990987800147025],[-172.28421000029121,27.966688200300325],[-172.25549299980202,27.942819599644963],[-172.22630299998337,27.919391600242307],[-172.19668600025864,27.896410000021604],[-172.1666110000975,27.873884199596262],[-172.13612399982264,27.851816199957796],[-172.10520899959559,27.830215499745634],[-172.07389799999262,27.809087799762267],[-172.04217500027596,27.788442600445819],[-172.01007100007652,27.768278099554777],[-171.9775850002475,27.748605699593497],[-171.94471699988955,27.729429200197558],[-171.91149899957909,27.710758199831218],[-171.87791400033078,27.692592599568968],[-171.8440089998154,27.674941999673706],[-171.80976900003924,27.657806400145375],[-171.77519200001072,27.641195299623519],[-171.74031100035231,27.625112500441674],[-171.70512400007246,27.60956190026161],[-171.66964699990905,27.594549199885819],[-171.63389599970054,27.580076199756945],[-171.59788500009262,27.566150699695186],[-171.5616000004396,27.552772500050992],[-171.52507000028021,27.539951300012603],[-171.48829699970671,27.527683299944499],[-171.45129400021787,27.515979799828017],[-171.41407799989969,27.504840900387364],[-171.37666300029716,27.494266499999128],[-171.33903499986528,27.484264400281972],[-171.30123899977994,27.474834399787881],[-171.26326000024875,27.465980499600505],[-171.22512799995715,27.45770450016272],[-171.18684399985062,27.450012200302922],[-171.14840699988306,27.442903500196508],[-171.10984799968537,27.43637660029998],[-171.07116700015686,27.430439000059948],[-171.03239399998304,27.425088899932916],[-170.99351500031693,27.420331999822054],[-170.95455899979794,27.416164400267007],[-170.91551199957905,27.412589999828754],[-170.87641899993682,27.409612699766399],[-170.83726500017954,27.407226599628018],[-170.798079999892,27.405437500040762],[-170.75885000022726,27.404243499837776],[-170.71961999966317,27.403646500185971],[-170.67718499968791,27.070920899979683],[-170.63154600034756,27.071615199981636],[-170.58592199990031,27.073003799985543],[-170.5403589995681,27.075082799631616],[-170.49481199997373,27.077859899814655],[-170.44934100028686,27.081323600004282],[-170.40393099981571,27.085481600195862],[-170.35861199994378,27.090326300218749],[-170.3133849998178,27.095861399883859],[-170.26826500012959,27.102085099647752],[-170.22328199956456,27.108991599782655],[-170.17842100012896,27.116581000113229],[-170.13372800034685,27.124851199823183],[-170.08918800042579,27.133802400360651],[-170.0448150001121,27.143426899931626],[-170.0006409999821,27.153726599702964],[-169.95665000019727,27.164693799679242],[-169.912888000181,27.176328700409329],[-169.8693390000947,27.188629200177616],[-169.82605000030719,27.201589599980196],[-169.78299000028821,27.215204199914012],[-169.74018899962255,27.229475000071318],[-169.69767799973982,27.24439240018927],[-169.65544099990214,27.259954500000333],[-169.61350999978657,27.276153600408463],[-169.57188400024634,27.292989699615077],[-169.53059400001302,27.310459099607897],[-169.48963899993981,27.328552200124079],[-169.44903599991139,27.347263300361192],[-169.4087680000431,27.366588599784222],[-169.36889599955066,27.386524199832081],[-169.32939099979473,27.407064399702449],[-169.29029800015252,27.428199799681181],[-169.25160199993226,27.449930200118786],[-169.21331799982576,27.472242399867014],[-169.17546099962536,27.495132399640681],[-169.1380460000228,27.518596600352964],[-169.10110499979584,27.542625399942381],[-169.06460600016669,27.567213100304457],[-169.0285640000285,27.592349999552994],[-168.99302699979611,27.618032500399693],[-168.95797700043815,27.644252800326626],[-168.92343100004055,27.670999500426774],[-168.88940400019439,27.698268899989898],[-168.85589600000031,27.726049399560281],[-168.82293699994253,27.754337300226382],[-168.79049700043615,27.783119200291026],[-168.75865199959003,27.812393200386055],[-168.72734099998709,27.842144000345456],[-168.69660900010518,27.872369799726641],[-168.66647299982901,27.903057099705507],[-168.63690200042691,27.934194600300714],[-168.6079560001692,27.965782199888736],[-168.57962000016281,27.997800799567415],[-168.55189499955452,28.030246700425039],[-168.52481099972778,28.063108400132705],[-168.49835199994476,28.096378300318463],[-168.47254899983639,28.130044899552615],[-168.44738799965637,28.164096799827576],[-168.42288200000422,28.198526400073433],[-168.39906299965764,28.233324100027346],[-168.37593100041525,28.268478400058257],[-168.35345499994821,28.303979899552871],[-168.33169600017018,28.339816999954735],[-168.31060799985923,28.375978500207736],[-168.29025300007581,28.412456499767814],[-168.27058399955186,28.449235899916971],[-168.25166300024719,28.486312900120367],[-168.23344400004049,28.523668299852318],[-168.21595800036135,28.56129649993369],[-168.19923399984913,28.599182100373753],[-168.18322800007206,28.637317699752202],[-168.16796899966951,28.675691599687696],[-168.15347300027867,28.714292500198894],[-168.13974000010086,28.75310520004507],[-168.12677000003541,28.792121900305574],[-168.11456300008231,28.831331300099578],[-168.103134000034,28.870718000335614],[-168.09248399993658,28.910274499768491],[-168.08261099969781,28.949985500030948],[-168.07351700030924,28.989839600417383],[-168.06523100041025,29.02982709994086],[-168.05773900025457,29.069932899883554],[-168.05102500000368,29.110149400074874],[-168.04510500039538,29.150457399989136],[-168.04000900011519,29.190855000258182],[-168.0357060004315,29.23132129973834],[-168.032196000445,29.271844900421968],[-168.0295099997866,29.312416100422865],[-168.02763399960932,29.353025400202228],[-168.02658099961337,29.393653899607898],[-168.0263210002139,29.434293699894454],[-168.02687100039628,29.474929800370148],[-168.02825899965305,29.515552500047988],[-168.03044099955241,29.556144700117954],[-168.03344699967923,29.596702600045091],[-168.03726200024104,29.637205099935557],[-168.04190100013096,29.677646599710954],[-168.04734800040981,29.71800989983717],[-168.05360400022434,29.758283599608603],[-168.06068400026632,29.798456200293572],[-168.06857299984398,29.838514300194959],[-168.07728599964909,29.878448499598733],[-168.08679200005068,29.918243400312804],[-168.0971219997804,29.957885699565509],[-168.10823100036029,29.997367899708934],[-168.12016300022219,30.036676400295789],[-168.132874000035,30.0757923002746],[-168.14640800002911,30.114713700277207],[-168.1607209999741,30.153425200312881],[-168.17582699961625,30.191905999962046],[-168.19171100006253,30.230157899667461],[-168.20837399956037,30.268157999991843],[-168.22584500034642,30.305902500400236],[-168.24406399965378,30.343372300191618],[-168.26304599997283,30.380561800187081],[-168.28280600019667,30.417459499856193],[-168.30331399984115,30.45404819966484],[-168.32458499959799,30.490320199617656],[-168.34660299962866,30.526264199733191],[-168.36935400018689,30.56186289975318],[-168.39285300016576,30.597116500226434],[-168.41705300009579,30.632005699903289],[-168.44200100034581,30.666523000236396],[-168.4676509996938,30.700653100160594],[-168.49400299993843,30.734386400312246],[-168.52107199997275,30.767719299806004],[-168.54881300041956,30.800632500089932],[-168.57725499991824,30.833118400094236],[-168.60635400003699,30.865171399740461],[-168.63612399962281,30.896772400126281],[-168.66654999978257,30.927921299628395],[-168.69763199961702,30.958595300432933],[-168.7293400004406,30.98879809965274],[-168.76168800020096,31.018512700101155],[-168.79466200005118,31.047729499716809],[-168.82823200040642,31.076440800302862],[-168.86241100006751,31.104639099714802],[-168.89717100044123,31.132310900028131],[-168.93250999963669,31.15945430007605],[-168.9684300004441,31.186050399706346],[-169.0048980004423,31.212097199726145],[-169.04191599972353,31.237588900407559],[-169.07946800024794,31.262517899781415],[-169.11753800037835,31.286861400033729],[-169.15611300041456,31.310630800071522],[-169.19519000021825,31.333812699996258],[-169.23475600008925,31.356386199563588],[-169.27479600023514,31.378362700378489],[-169.31529199982586,31.399723099941241],[-169.35623200010664,31.420463600414962],[-169.39762899987838,31.440584200000956],[-169.43942299997138,31.460067700064428],[-169.48164399997054,31.478912399987394],[-169.52426100024488,31.497112300392473],[-169.56724500035639,31.514665599937643],[-169.61061100009749,31.531559000347727],[-169.65431199999873,31.547792399999423],[-169.69837999973711,31.563354499810487],[-169.74275200000471,31.578250899859313],[-169.78744499978683,31.592464399712412],[-169.83244300014425,31.605995199918709],[-169.87771599969355,31.618846899564915],[-169.92326400023336,31.631000499573531],[-169.96905500028797,31.642465600207402],[-170.01509099994962,31.653228799769465],[-170.06134000044059,31.663293799869109],[-170.1078189998469,31.67265129971787],[-170.15447999955225,31.681301099666143],[-170.20130899981041,31.689237599635646],[-170.24830599972202,31.69646450033656],[-170.29547100018644,31.702974299624373],[-170.34274300018924,31.70876500010479],[-170.39013700042216,31.713836699804006],[-170.43765299998589,31.718187299704255],[-170.48522899961856,31.721818899722564],[-170.53288300015026,31.724721899596148],[-170.58058200005917,31.726903900394859],[-170.62834200008317,31.728351600246299],[-170.67611699989956,31.729074499588648]]]},"properties":{"objectid":3459,"radii":34,"stormid":"cp012026","basin":"cp","stormnum":1,"advnum":"39","validtime":"2026082203","synoptime":"2026082200","timezone":"UTC","tau":0,"ne":140,"se":140,"sw":120,"nw":120,"idp_source":"cp012026_2026082203_forecastradii","idp_filedate":1787371368000,"idp_ingestdate":1787371389000,"st_area(shape)":16.967605430082717,"st_perimeter(shape)":15.196219302794262,"binnumber":"CP2"}},{"type":"Feature","id":3460,"geometry":{"type":"Polygon","coordinates":[[[-170.68820199962252,30.56454090004263],[-170.71180699999297,30.56454090004263],[-170.73541300040955,30.564178500237745],[-170.75900300008831,30.563461299899188],[-170.78257799997465,30.562389399751169],[-170.80612200023006,30.560954999973433],[-170.82963600000133,30.559158300215529],[-170.85310400034925,30.55701070028374],[-170.87652600037455,30.554504400357928],[-170.89988700028476,30.551645299990753],[-170.92318700007991,30.548427600353591],[-170.94642599976001,30.54485699955103],[-170.96958900043194,30.540935500373166],[-170.99264499976684,30.536659199762425],[-171.01561000030119,30.532035800412018],[-171.03849799998264,30.527059599720872],[-171.06126400033327,30.52174000010109],[-171.08393900008471,30.516073200118228],[-171.1064759997675,30.510066999592482],[-171.12887600032707,30.503717400138044],[-171.15113799991869,30.497024499780991],[-171.17327900022559,30.489999799950965],[-171.19526699977214,30.482633599661028],[-171.21708699966521,30.4749355000734],[-171.23873899990485,30.46690939974917],[-171.26025400012193,30.458549499859657],[-171.28157000015531,30.449872999939146],[-171.30270399988962,30.440866500089044],[-171.32363900033951,30.431549100110999],[-171.34439100044423,30.421905499839113],[-171.36494400036526,30.411954899798957],[-171.38528400035625,30.401685699635493],[-171.40539599972553,30.391115199606929],[-171.4253079997643,30.3802356997179],[-171.44497700028825,30.369052899871576],[-171.46443199993678,30.357582100233856],[-171.48362700018583,30.345809900006998],[-171.50257900002075,30.333755499716688],[-171.52128600024864,30.321405399639616],[-171.53973400022386,30.308776900034047],[-171.55792199990029,30.295871699719328],[-171.575836000431,30.282690000143532],[-171.59347499997119,30.269241299946202],[-171.61084000036564,30.255525600026544],[-171.62791399993108,30.241540900292478],[-171.64469899965903,30.227306400370196],[-171.66119400040273,30.212820100167619],[-171.67739900036349,30.198080100316531],[-171.69328299991045,30.183094000088204],[-171.70884699998899,30.167877200372629],[-171.72412100018394,30.152420000182985],[-171.73907500001116,30.136733999874366],[-171.75369299963216,30.120824800424316],[-171.76798999973863,30.104694400126618],[-171.78195199968496,30.088350300226296],[-171.79557800032438,30.071792599648916],[-171.80886799985822,30.055034600266708],[-171.82179299964713,30.038076400105922],[-171.83439599987543,30.020921699876681],[-171.84663400035876,30.003583900376839],[-171.85852099994412,29.986057299904587],[-171.87004099969229,29.96835709970054],[-171.88121000034116,29.950481400396427],[-171.89201400034577,29.932437900189086],[-171.90243499977535,29.914234200148371],[-171.9124910003593,29.8958740000852],[-171.92218000020677,29.877368900354611],[-171.93147299977903,29.858715100421705],[-171.94041400020586,29.839922000000456],[-171.94894399966577,29.820995299893298],[-171.95710800023394,29.801946599556061],[-171.96487400043469,29.782773999620531],[-171.97226000019879,29.763485000432581],[-171.97924799959543,29.744087200364163],[-171.98583999961622,29.724584599599723],[-171.99205000000742,29.704988499919466],[-171.99783299959319,29.68530079979223],[-172.00325000028721,29.665523500209531],[-172.00825499996819,29.645671799713909],[-172.01284800043479,29.625743899661359],[-172.01705900037248,29.605752899576771],[-172.02085900024258,29.585699099833732],[-172.02424599995285,29.565587999786487],[-172.02723700028724,29.545431099965413],[-172.02981599960862,29.525230399563441],[-172.03199800040733,29.50499730018538],[-172.03376800019299,29.484731700207931],[-172.03512599986493,29.464443199893879],[-172.03607200032249,29.444131899967374],[-172.0366209995594,29.423816699681083],[-172.03677400031978,29.403493900123522],[-171.84561199999374,29.38639069957128],[-171.84506199981138,29.368976599790415],[-171.84416199967646,29.351573899815776],[-171.84291100044223,29.334182700371457],[-171.84133899989484,29.316818200000057],[-171.839385999764,29.299478500232738],[-171.83711200011862,29.28217120034077],[-171.83448799962142,29.264902100052041],[-171.83152799981727,29.247674900076731],[-171.82820100017594,29.230493499875251],[-171.8245540001669,29.213371300245456],[-171.82055700020533,29.196302399836043],[-171.81622299999137,29.17929839990137],[-171.8115539996173,29.162359199717457],[-171.80653400014393,29.14550020017424],[-171.80119300025669,29.128713599653054],[-171.79551700020932,29.112011000307575],[-171.78951999974811,29.095399899785662],[-171.78318800002612,29.078884100421021],[-171.77652000009786,29.062465700331927],[-171.76953099975574,29.0461483004039],[-171.76220700015287,29.0299435000926],[-171.75459299976706,29.013851199573367],[-171.74664300007433,28.997875200280419],[-171.73837300001387,28.982025099778696],[-171.72981300006981,28.96629910032334],[-171.72091699991952,28.950708400272617],[-171.71173099988567,28.935255100442703],[-171.70222500038338,28.91994670028015],[-171.6924290000982,28.904779400149323],[-171.68234299992943,28.889766699773531],[-171.67195100003855,28.874908400402489],[-171.6612700003102,28.860212300057754],[-171.65029899979893,28.845678299813812],[-171.63906899993432,28.831314099666088],[-171.62751799965588,28.817123400324817],[-171.61570699997799,28.8031082000835],[-171.60362200025503,28.789281799915273],[-171.59126299958768,28.775634800106104],[-171.57864400042021,28.762178399913353],[-171.56576500005463,28.748914700153421],[-171.55262800038184,28.735851300097579],[-171.53921499967242,28.722990000188474],[-171.52557400013993,28.710334799711404],[-171.51167300030863,28.697885499916026],[-171.4975280000171,28.685649899723217],[-171.48315399995707,28.673635500378168],[-171.46853600033606,28.661836600179072],[-171.45370499988576,28.650262800288147],[-171.43866000035865,28.638917900340971],[-171.42337000032518,28.62780379970576],[-171.4078670003617,28.616920500181095],[-171.39215099956891,28.606277500406463],[-171.37623600039103,28.595872900114387],[-171.36012300017623,28.585714300374832],[-171.34381099977773,28.575799899845663],[-171.32730100014098,28.566137299596846],[-171.31060800015899,28.556724500435507],[-171.29374699962426,28.547569300383032],[-171.27668799985125,28.538671499790041],[-171.25947600021715,28.530033099647994],[-171.2420810002379,28.521656000224368],[-171.22453300039757,28.513549799983423],[-171.20683299984299,28.505706799829113],[-171.18898000032667,28.49813650019945],[-171.17097500009609,28.490837099752468],[-171.15283199979689,28.483814200365202],[-171.13456700016684,28.477065999796196],[-171.11616499961497,28.470600100014735],[-171.09764099973228,28.464410800218388],[-171.07899499961945,28.458505599853709],[-171.06024199996824,28.452888500004406],[-171.04138199987932,28.447551699951134],[-171.02241500025198,28.442506800048932],[-171.00335700002546,28.437747999670592],[-170.98420700005295,28.43328289988608],[-170.96498100017294,28.429105799892909],[-170.94566299964765,28.425224299861668],[-170.92628499995271,28.421634699981553],[-170.90683000030418,28.418342600330902],[-170.88731399964129,28.415348099835057],[-170.86773699976266,28.412647200108324],[-170.8481290002531,28.410245899628706],[-170.82847599956764,28.408142100277871],[-170.80877700035819,28.40633959989276],[-170.78903199992678,28.404834699561889],[-170.76927199970294,28.403631199820154],[-170.7494959996406,28.40272899994352],[-170.72970599983196,28.402126300388602],[-170.7099149999772,28.40182689989166],[-170.68846099987516,28.235462200420329],[-170.66540499964094,28.235813099694951],[-170.64234900030604,28.236513099600018],[-170.61930799986422,28.237565999771221],[-170.59629799995267,28.238967899848831],[-170.57330299983349,28.240718799832905],[-170.550354000037,28.242820699815582],[-170.52746600035556,28.245271700428759],[-170.50460800025894,28.248067900413389],[-170.48181200032349,28.251211200037005],[-170.45907599955765,28.254703499566972],[-170.43643200033648,28.258539199824384],[-170.41384900033103,28.262718200085033],[-170.39135700002547,28.267240500348976],[-170.36894199967347,28.27210620044093],[-170.34663399975921,28.277307499641552],[-170.32443200023656,28.282850300201346],[-170.30233800029839,28.288730600137228],[-170.28036499964495,28.294944800362373],[-170.25849900032853,28.301492700328026],[-170.23678599997385,28.308368699955679],[-170.21519499984927,28.3155765997804],[-170.19375600043898,28.323112500341779],[-170.17246999999043,28.330972700030202],[-170.1513209995644,28.33915330028475],[-170.130356000429,28.347658199666341],[-170.10955800000161,28.356477699886057],[-170.08891300033463,28.365610100326023],[-170.0684659999059,28.375061000165147],[-170.04820299986847,28.384817100229156],[-170.02813699992254,28.394880299886097],[-170.00825500036788,28.405248599943093],[-169.98858599984393,28.415916400321748],[-169.96913100019543,28.426881799855323],[-169.94988999962371,28.43814089998267],[-169.93087799971983,28.449691800436369],[-169.91207899974597,28.46152880041393],[-169.89352400023236,28.473649999647932],[-169.87521400032577,28.486053499669424],[-169.8571320001416,28.498733499851255],[-169.83931000025623,28.511682499847609],[-169.82174699972418,28.524904300193441],[-169.80442799965238,28.538391100169292],[-169.78738399967176,28.552137400420861],[-169.77062999957474,28.566141100131802],[-169.75411999993796,28.580398600215347],[-169.73791499997719,28.594903900394854],[-169.72198500010759,28.609653499609465],[-169.70634500012159,28.62464329964871],[-169.69100999981157,28.639867800258912],[-169.67596400023834,28.655323000356304],[-169.66124000022575,28.671009099590435],[-169.64681999984305,28.686912500211861],[-169.63270600008175,28.70303340007149],[-169.61892699958128,28.719368000433008],[-169.60545299965614,28.735906600309477],[-169.59231599998333,28.752651199793206],[-169.57949799973284,28.769590399977119],[-169.56703200042639,28.786722199869757],[-169.55488599968905,28.804040899568008],[-169.54309099984968,28.821542700335499],[-169.53164700000897,28.839220000202999],[-169.52053800032837,28.85706710016666],[-169.50981100027735,28.875085799769977],[-169.49942000043259,28.89326100029507],[-169.48939500037889,28.911588699758852],[-169.47972100032382,28.930070900052158],[-169.47042799985223,28.94869420037719],[-169.46150200011712,28.967460599926881],[-169.45295699996549,28.986356699702071],[-169.44476299981253,29.00537870006707],[-169.43696599998083,29.024522799587658],[-169.42954999973261,29.043785099702745],[-169.4225160000133,29.063154199706673],[-169.41586299987748,29.082628300056172],[-169.40959200027052,29.102203399667303],[-169.40371700003945,29.12186620026506],[-169.39822400033728,29.141616799875578],[-169.39312700001096,29.161447500302017],[-169.3884429998445,29.181354500110217],[-169.38414000016081,29.201330200028849],[-169.3802339998991,29.221368800330026],[-169.37673999975112,29.241460799676304],[-169.37364199987832,29.261602400230743],[-169.37094100032684,29.281789799659691],[-169.36863700019731,29.302017200033902],[-169.36675999997394,29.322271300380351],[-169.36526500027946,29.342557900426925],[-169.36418199979937,29.362859699915361],[-169.3635100002862,29.383172999934118],[-169.36323500019503,29.403495800390999],[-169.36338800005609,29.423822399584196],[-169.36393700019232,29.444139500137965],[-169.36488299975056,29.464445100161413],[-169.36624100032182,29.484735499843566],[-169.36802699994601,29.50500300008855],[-169.37019300000688,29.525237999734031],[-169.37277200022754,29.545438799960777],[-169.37576299966264,29.565593699689657],[-169.3791500002722,29.585702900368688],[-169.38295000014233,29.605754899669023],[-169.38716100008,29.625751499832006],[-169.39176900033902,29.645673799806161],[-169.3967590002276,29.665529299937361],[-169.40217600002231,29.685302700059708],[-169.40797400029979,29.704994199822579],[-169.41416899999928,29.724590300402213],[-169.42076100002006,29.744090999999798],[-169.42776500015455,29.763488800068217],[-169.43513500008012,29.782777800155486],[-169.44291700011939,29.80195049991579],[-169.45106499994972,29.82099910042831],[-169.45961000010135,29.839925799636092],[-169.46853599983643,29.85871890005734],[-169.47784400010045,29.877372699990246],[-169.48751800015552,29.895881700080565],[-169.49757399984014,29.914241800318962],[-169.50801100000757,29.932443600092199],[-169.51881399996606,29.950485200032119],[-169.52996799992317,29.968360900235496],[-169.54150400040922,29.986064900075235],[-169.55337500015605,30.003589600279952],[-169.56562800043179,30.020933200407001],[-169.57821700001446,30.038082100009035],[-169.59117100024139,30.055038499727118],[-169.60444599998283,30.071800199819506],[-169.61807299976905,30.088354099861988],[-169.63203399966926,30.104698199762254],[-169.64633199982185,30.120830500327486],[-169.66095000034215,30.136737800409321],[-169.67590300012327,30.152423899643395],[-169.6911619996265,30.167881000008265],[-169.70672599970504,30.183101700083512],[-169.72264099978224,30.198083899952167],[-169.73881500011208,30.212823899803254],[-169.75530999995647,30.227313999641524],[-169.77209499968441,30.241548499563748],[-169.78918499998767,30.255525600026544],[-169.80654900033602,30.26924320021368],[-169.82418799987622,30.282692000235784],[-169.84210200040692,30.295875500254283],[-169.86029100012948,30.308784500204638],[-169.87873800005858,30.321409200174571],[-169.89742999959472,30.333755499716688],[-169.91639700012138,30.345817600002363],[-169.93559300041656,30.357585899869548],[-169.95503200022657,30.369060500042167],[-169.97471599964359,30.380237599985378],[-169.99461399993606,30.391115199606929],[-170.01473999995096,30.401687599902971],[-170.03507999994196,30.411954899798957],[-170.05561800007058,30.421909300374068],[-170.0763700001753,30.431549100110999],[-170.0973209995644,30.440874100259691],[-170.1184540001519,30.449874900206623],[-170.13977100023141,30.458557100030305],[-170.16126999971064,30.46690939974917],[-170.18293799978878,30.474943200068765],[-170.20475799968187,30.482633599661028],[-170.22674600012772,30.489999799950965],[-170.24887099969681,30.497024499780991],[-170.27113300018775,30.503717400138044],[-170.29356400037824,30.510070800127494],[-170.31610100006102,30.516080900113593],[-170.33874500018155,30.521741900368568],[-170.36151099963286,30.527063400255884],[-170.38439900021362,30.532035800412018],[-170.40737899964105,30.536659199762425],[-170.43044999966767,30.540935500373166],[-170.45359799964788,30.544858899818507],[-170.47683700022731,30.548427600353591],[-170.50012200023005,30.551645299990753],[-170.52349899997878,30.554506299726086],[-170.54692100000406,30.55701070028374],[-170.57040400014441,30.559158300215529],[-170.59390300012328,30.560954999973433],[-170.61744700037869,30.562389399751169],[-170.64102200026502,30.563461299899188],[-170.66459700015136,30.564178500237745],[-170.68820199962252,30.56454090004263]]]},"properties":{"objectid":3460,"radii":50,"stormid":"cp012026","basin":"cp","stormnum":1,"advnum":"39","validtime":"2026082203","synoptime":"2026082200","timezone":"UTC","tau":0,"ne":70,"se":70,"sw":60,"nw":70,"idp_source":"cp012026_2026082203_forecastradii","idp_filedate":1787371368000,"idp_ingestdate":1787371389000,"st_area(shape)":4.5681109428156876,"st_perimeter(shape)":7.9082818403123865,"binnumber":"CP2"}},{"type":"Feature","id":3461,"geometry":{"type":"Polygon","coordinates":[[[-170.69329799990268,30.065454499825478],[-170.70588700038468,29.982273100223551],[-170.71760600031658,29.982095699956744],[-170.72934000004091,29.981737099787495],[-170.74104300013428,29.98120499971111],[-170.75274700027376,29.980491599907566],[-170.76445000036713,29.979599000293774],[-170.776108000184,29.978530899781333],[-170.7877500001623,29.977283499633927],[-170.79937700034822,29.975862499754726],[-170.81095900025758,29.974262200240503],[-170.82249499984428,29.972488399919882],[-170.83401499959248,29.970539099599932],[-170.84548999996346,29.968412399912495],[-170.85691799996565,29.966113999861363],[-170.86828599989889,29.963644000170632],[-170.87960800040881,29.960996600213093],[-170.89090000043458,29.958179499984055],[-170.90209999981505,29.955192599658915],[-170.91325399977219,29.952035900136821],[-170.92433199982185,29.948705699808329],[-170.93534899975646,29.945213299554268],[-170.94628899973748,29.941551199928085],[-170.95715299981103,29.937723199666095],[-170.96794099997709,29.933731100110322],[-170.97863800044328,29.929575000186276],[-170.98925800005659,29.925258599704762],[-170.99978599992389,29.920782100113968],[-171.01020800029889,29.916143399698285],[-171.02055399986713,29.911344500348548],[-171.03077700005844,29.906393100261539],[-171.04090899965053,29.901287100419495],[-171.05094900039597,29.896028500015404],[-171.06086700001197,29.890615500405147],[-171.07067900013567,29.885055500311239],[-171.08038299977554,29.87934489974748],[-171.08995100033832,29.873489400415622],[-171.09941100041726,29.867485000332636],[-171.10874900026607,29.861341500310118],[-171.11796599993087,29.855056800431157],[-171.12702899968852,29.848634700331274],[-171.13598599995385,29.84207339956788],[-171.14480600019667,29.835376699575193],[-171.15347299967911,29.828546499721313],[-171.16201799983074,29.821586599641989],[-171.17041000012134,29.814497000236543],[-171.17864999969765,29.807279599973697],[-171.18675200010463,29.799941999923476],[-171.19470199979739,29.792478600007541],[-171.20249899962906,29.78489879993981],[-171.21014399964579,29.777200700352182],[-171.21762100000907,29.769386300437532],[-171.22494499961198,29.761459399831608],[-171.23211700029924,29.753423700143799],[-171.23912000038763,29.745279300299615],[-171.24595599996934,29.737028099667214],[-171.25262499994372,29.728675799948348],[-171.25912500021852,29.720222500068473],[-171.26545699994051,29.711675599649368],[-171.27160600021665,29.703027699968516],[-171.27757300019374,29.694292100200414],[-171.2833709995719,29.685466800252755],[-171.28898600040353,29.676553700393129],[-171.29441799999063,29.667554899639072],[-171.2996829999704,29.658477800310379],[-171.30474899976645,29.649322500433186],[-171.30964699990903,29.640087099740015],[-171.31434599986792,29.63078120029229],[-171.31884799973531,29.62140659983487],[-171.32318099990314,29.611965200433815],[-171.32730100014098,29.602457000290485],[-171.33123800003361,29.592887899856862],[-171.33497599974251,29.583259599750875],[-171.33853100000556,29.573577899700467],[-171.34188800013104,29.563842799705583],[-171.34504700011888,29.554061899936869],[-171.34802199971543,29.544229499591893],[-171.35076899958958,29.534357100100237],[-171.35334799981027,29.524442699571068],[-171.35571300005483,29.514486299803025],[-171.35786400032327,29.504501299795265],[-171.35983300029264,29.494483899912211],[-171.36158800028591,29.484437899789384],[-171.36314400009545,29.474367099961853],[-171.36450199976741,29.464271500429561],[-171.36564600036255,29.454158800288553],[-171.36660799975931,29.44403079998159],[-171.36735500003314,29.433887500407934],[-171.3679050002155,29.423738500031902],[-171.36824000037564,29.413578000024813],[-171.3683780004443,29.403417599842498],[-171.27284199965848,29.394422499798679],[-171.27262899972848,29.385709800367124],[-171.2722320003065,29.377008400017814],[-171.27165199964,29.368310900028177],[-171.27090500026549,29.359626799937018],[-171.26998900029204,29.35095209955989],[-171.26888999997345,29.342290899805334],[-171.26762400004748,29.33365060029513],[-171.26618999956875,29.325031299954674],[-171.26457199959802,29.316434899950821],[-171.26278700001996,29.307863199826954],[-171.26083399988912,29.299318300399364],[-171.25871300010479,29.290807700215339],[-171.25642399976769,29.282331499998861],[-171.25396699977713,29.273889500100495],[-171.25132800038682,29.26548960016504],[-171.24853500019003,29.257125899740629],[-171.24557500038588,29.248805999897115],[-171.24244700002896,29.240535700362443],[-171.23913600022615,29.232311199702224],[-171.23568700035472,29.224138300342418],[-171.2320709999766,29.216020599571152],[-171.22830199973743,29.207962000446116],[-171.2243500000524,29.199956900190955],[-171.22024499960696,29.192012800050804],[-171.21600300003834,29.184137300196369],[-171.21157800012452,29.176324799649933],[-171.20701600018819,29.168579099845715],[-171.20228599969906,29.160907700230325],[-171.19741800004059,29.153306999918243],[-171.19239799966786,29.145782500062467],[-171.18722500033343,29.138330499952758],[-171.18190000028471,29.130964299662821],[-171.17643700016734,29.123680099557077],[-171.17082200023503,29.116478000359564],[-171.16507000028022,29.109361600257785],[-171.15919500004912,29.102336900427758],[-171.1531520001646,29.095399899785662],[-171.14698800009606,29.088552500397725],[-171.14068599995886,29.081804299828718],[-171.13426199959153,29.075155299877338],[-171.12768600030859,29.068601600183854],[-171.12098699985009,29.062150999669029],[-171.11416600006078,29.055799499947113],[-171.10722400008746,29.049552899846617],[-171.10014299999938,29.043415099727213],[-171.09295699956581,29.037383999671988],[-171.08564799975531,29.031465500132867],[-171.0782169997147,29.025657699943054],[-171.07067900013567,29.019967999623645],[-171.06303400011893,29.014387100184649],[-171.05526699987206,29.008926399633765],[-171.04740899992532,29.003585799944858],[-171.0394440004402,28.998359700140213],[-171.03137199961802,28.99326129956944],[-171.02317800036434,28.98828509977767],[-171.0149230000963,28.983432799584193],[-171.00656100028985,28.97871019961616],[-170.99809300009181,28.974113500237991],[-170.98954799994016,28.969646500186002],[-170.98092699988106,28.965305299999727],[-170.97218300044503,28.961101500034317],[-170.96339399983316,28.9570311999301],[-170.95451400042072,28.95309260014352],[-170.94555700015536,28.949289299761517],[-170.93652299993641,28.945623399600379],[-170.92742899964853,28.942096700102752],[-170.91825900035252,28.938711199562363],[-170.90902699999597,28.935461000225132],[-170.89971899973199,28.932353999937277],[-170.89036600009075,28.929387999856431],[-170.88095100028835,28.926565199724337],[-170.87147500037091,28.923887300158924],[-170.86195400017689,28.921350499725918],[-170.85238599961411,28.918958699684367],[-170.84277299967411,28.916719400380146],[-170.83311500035691,28.914617500397469],[-170.8234099997716,28.912668200077519],[-170.81367499960146,28.910869600052138],[-170.80390899980043,28.909212100058539],[-170.79409799972282,28.907707199727611],[-170.78427099980672,28.90635110032315],[-170.77442900009819,28.9051455995899],[-170.76454200011312,28.904088999607779],[-170.75465400008196,28.903181099828032],[-170.74473599956664,28.902425799711011],[-170.73481799995065,28.901821100063842],[-170.72486899980441,28.901367199636695],[-170.71491999965818,28.901063899679343],[-170.70498700024979,28.900913200284094],[-170.69337499985627,28.734554299641331],[-170.68014500039138,28.734752699977264],[-170.66691600007326,28.735155099828148],[-170.65367099991664,28.735759699650544],[-170.64045700029027,28.736564600076349],[-170.62727400029479,28.737569800206245],[-170.61409000025324,28.738775300040231],[-170.60093699984259,28.740184800288432],[-170.5878299997546,28.741790799705768],[-170.57473800035837,28.743593200266105],[-170.56169100033932,28.74559779989869],[-170.54867599999733,28.74780079986715],[-170.53572099972428,28.750202200171543],[-170.52281199977389,28.75279809955282],[-170.50994900014615,28.75559040007704],[-170.49714699973418,28.75857540013476],[-170.48440600033658,28.761758799629035],[-170.47172500010859,28.765132900363199],[-170.45912199988032,28.768701599998963],[-170.44657899972097,28.772458999883099],[-170.43412800020695,28.776405299664987],[-170.42173799990869,28.780544299879693],[-170.4094390002096,28.784868199807704],[-170.39723200025654,28.789379100265421],[-170.38510100021091,28.794075000261216],[-170.37309300044154,28.798955899795089],[-170.3611449998418,28.804018000130725],[-170.34931900037148,28.809259400101382],[-170.33760099958639,28.814681999974482],[-170.32598900009219,28.820280099846855],[-170.31448400013642,28.826055500161374],[-170.30310100041078,28.832004500207688],[-170.29184000001592,28.838123300350162],[-170.28068500001265,28.844413799957067],[-170.26966900012417,28.850875900102835],[-170.25877400041972,28.857503899985147],[-170.24801599983846,28.864294099793028],[-170.23739600022515,28.871246299876987],[-170.22691299973508,28.878364600246243],[-170.21656800021296,28.885635399554189],[-170.20637499960648,28.893062599959137],[-170.19631999996795,28.900648099930038],[-170.18643199993676,28.908378600292338],[-170.17668199997425,28.916261700317364],[-170.16709899961907,28.924293499645444],[-170.15766900002424,28.932468399996822],[-170.1484070000829,28.940784500204643],[-170.13929699995651,28.949239700352052],[-170.1303860000138,28.957836200180623],[-170.12162799993217,28.966562300409976],[-170.1130370003572,28.975423799868622],[-170.10463000027423,28.984413100184554],[-170.09640499959099,28.993528400015805],[-170.08836400019837,29.00276949971277],[-170.08049000041311,29.012126899736757],[-170.07281499991225,29.021606399815653],[-170.06533800044829,29.031200399778754],[-170.05804400043019,29.040905000165765],[-170.05093399990409,29.050720200077308],[-170.04403700020731,29.060644100145225],[-170.03732299995642,29.070667299756224],[-170.03080699984309,29.080793399795709],[-170.02450599975202,29.091018699553501],[-170.0184019997524,29.101335499933498],[-170.01251199972893,29.11174389986121],[-170.00680500005063,29.12224199996848],[-170.00132800018699,29.132822000435112],[-169.99607799999961,29.143487899646971],[-169.99101300024969,29.154228199771751],[-169.98617600022214,29.165046700445032],[-169.98153700033222,29.175937699965004],[-169.97714200000323,29.186897299770692],[-169.97294599985793,29.197921800051176],[-169.9689790003805,29.209003400086999],[-169.96522499993372,29.220150000422336],[-169.96170000015482,29.231347999710579],[-169.95840500019054,29.242597600299177],[-169.95532200011013,29.253898599840682],[-169.9524689998444,29.265247300322812],[-169.94984400020039,29.276632300140705],[-169.94746400016339,29.288055399737061],[-169.94528200026403,29.299512900200341],[-169.94334399992559,29.311004600082356],[-169.94163500025499,29.322525000028861],[-169.94015500035292,29.334068300311969],[-169.93891900001177,29.345626800036939],[-169.93789699964674,29.357212099558865],[-169.93711899974195,29.368803000058563],[-169.9365539997672,29.380411100092317],[-169.93624900009121,29.39202120021838],[-169.93615700034522,29.40363309988777],[-169.93629500041385,29.415246999649469],[-169.93667599999733,29.426855099683223],[-169.93728600024863,29.438459400081399],[-169.93812600031458,29.450050400405814],[-169.93920899989536,29.461627999932375],[-169.94052100014397,29.473184600289187],[-169.94206200016112,29.484720199677611],[-169.94381700015435,29.496233000352845],[-169.94583100040026,29.507719000331747],[-169.94805899972297,29.519165000264707],[-169.95053100040528,29.53058239995795],[-169.95321700016436,29.541957900237037],[-169.95613099964584,29.553289400285735],[-169.95928999963371,29.564577099753478],[-169.96266199955156,29.575815199811757],[-169.96624800034488,29.586999899925559],[-169.97007799979977,29.598125500191827],[-169.97413599987641,29.609193800153889],[-169.97839400018287,29.620201100000884],[-169.98289500000416,29.63113979956222],[-169.98760999980158,29.642005899552771],[-169.99253800042831,29.652801499889449],[-169.99768100017795,29.663518899677626],[-170.00303599981146,29.6741600000841],[-170.00862100015894,29.684715299771426],[-170.01440399974473,29.695182800446048],[-170.02041599999833,29.705562600134044],[-170.02661099969779,29.715848900006847],[-170.03303500006513,29.726038000253652],[-170.03965799971684,29.736129800150309],[-170.04647800035934,29.746118499968929],[-170.05349700028626,29.756002399990905],[-170.06073000018927,29.765779500123983],[-170.06816100022991,29.775443999740958],[-170.0757749997164,29.784994100197707],[-170.08358800028591,29.794426000060014],[-170.09156799956347,29.803739499678329],[-170.09976199971643,29.812929200422388],[-170.10812400042221,29.821989100216967],[-170.11668400036623,29.830923100320945],[-170.12542699975614,29.839731199835171],[-170.13433799969886,29.848398200216934],[-170.14341700019432,29.856929799570764],[-170.15267900013566,29.865323999603049],[-170.16210899973046,29.87357520023545],[-170.17169200008567,29.881681399577076],[-170.18144200004818,29.889638899615647],[-170.19135999966417,29.897449499894662],[-170.20143100004054,29.905109399879052],[-170.21165500027797,29.912612899665703],[-170.22204600012273,29.919958099886571],[-170.23255900019763,29.927143100274009],[-170.24323999992598,29.934171699564445],[-170.25404399993059,29.941036199561097],[-170.26499899970401,29.947732899553841],[-170.27607699975366,29.954263699810042],[-170.28729199982587,29.960620900334447],[-170.29864499996671,29.96681399976643],[-170.31012000033766,29.972829799655699],[-170.32171599999333,29.978670100444901],[-170.33340500034041,29.984333000068034],[-170.3452299997646,29.989816699880919],[-170.3571619996265,29.995121000234121],[-170.36918600013371,30.000244099785505],[-170.38133199997174,30.005182299623584],[-170.3935850002475,30.009935400098755],[-170.4059140004307,30.014501599869106],[-170.41833500035989,30.018880800009072],[-170.43084699998897,30.02306369973013],[-170.44343599957165,30.027065299723972],[-170.45611599975351,30.030866600013724],[-170.46885700005043,30.034479100230442],[-170.48168900004723,30.037898999839115],[-170.49456800041281,30.041118599743754],[-170.50753799957894,30.044145599939611],[-170.52053800012854,30.046976100067127],[-170.53361499973238,30.04960249995554],[-170.54672199982036,30.052030600232172],[-170.55989100006951,30.054264099808506],[-170.57312000038763,30.056291599777637],[-170.58636499964493,30.058118800042735],[-170.59964000028572,30.059747699796674],[-170.6129610003498,30.061176299846522],[-170.62631199999873,30.062398900289168],[-170.63967900038548,30.06341550022529],[-170.65307600035706,30.06422809974714],[-170.66647300032864,30.064844100275138],[-170.67988600013871,30.065250399586432],[-170.69329799990268,30.065454499825478]]]},"properties":{"objectid":3461,"radii":64,"stormid":"cp012026","basin":"cp","stormnum":1,"advnum":"39","validtime":"2026082203","synoptime":"2026082200","timezone":"UTC","tau":0,"ne":40,"se":40,"sw":30,"nw":35,"idp_source":"cp012026_2026082203_forecastradii","idp_filedate":1787371368000,"idp_ingestdate":1787371389000,"st_area(shape)":1.3287247682280225,"st_perimeter(shape)":4.3880029709342372,"binnumber":"CP2"}},{"type":"Feature","id":3462,"geometry":{"type":"Polygon","coordinates":[[[-171.17416399966876,32.595436100395887],[-171.22232100001406,32.262714399649951],[-171.26695299968111,32.262039200348966],[-171.31155399971723,32.260688799948298],[-171.35611000037613,32.258670800417235],[-171.40061999981307,32.255977599786547],[-171.44506799998814,32.252616899850182],[-171.48944100030184,32.248577100253101],[-171.53372199997025,32.243873600086715],[-171.57788100030785,32.238502499890615],[-171.62191800041532,32.232460000029107],[-171.66581699955481,32.225761399768942],[-171.70957899957111,32.21839900001396],[-171.75315900018762,32.21037289968973],[-171.79657000020526,32.201690699866049],[-171.8397830000853,32.192356100353891],[-171.88278199998922,32.182372999714289],[-171.92556799996316,32.171737699935022],[-171.96809399963828,32.160465199909197],[-172.01039100044423,32.148544300379285],[-172.05242900009819,32.135990100063225],[-172.0941929997071,32.122802699684996],[-172.13565099959388,32.108989700314567],[-172.17680399980466,32.094551100153296],[-172.21765100029336,32.079490699736141],[-172.25816299972257,32.063823700303658],[-172.2983250000986,32.047538800075699],[-172.33815000022224,32.030654900103684],[-172.37759399986314,32.013175999672796],[-172.41667199971295,31.995101900032807],[-172.45533800034835,31.976438499837059],[-172.49360699976316,31.957193400155461],[-172.53144800012504,31.937375999802669],[-172.56887800041932,31.916990299862618],[-172.60585000027723,31.896041900413536],[-172.64238000043659,31.874542200362384],[-172.67842099962937,31.852489499990554],[-172.71402000002291,31.829902599625427],[-172.74911499965742,31.806775999912588],[-172.78372200017009,31.783128699929705],[-172.81781000013132,31.758956900041028],[-172.85137900044043,31.734279600223488],[-172.88443000024424,31.709096900301859],[-172.91693099986568,31.683418299814832],[-172.94888300025019,31.657255200367331],[-172.98028599959912,31.630617099699521],[-173.01110800003408,31.603509900061965],[-173.0413669996872,31.575935400098786],[-173.07102999973463,31.54791070041864],[-173.10009800022246,31.519443500117575],[-173.12857100025138,31.490545299725966],[-173.15640300039809,31.461216000318302],[-173.18364000008586,31.431472799630114],[-173.21023599989141,31.401325199898224],[-173.23619099981471,31.370782900310758],[-173.26151999964819,31.339853299590231],[-173.28617900006074,31.308540299895071],[-173.3101959996456,31.276865000219743],[-173.33354199976341,31.244831100375109],[-173.35620099967633,31.212453799803143],[-173.37818900012218,31.179737099587612],[-173.39949000036316,31.146692299710026],[-173.42010500044535,31.113332700244086],[-173.4400179996309,31.079668000378035],[-173.45922899971848,31.045707699650734],[-173.47773699976264,31.01146130029889],[-173.49552900006321,30.976943999965783],[-173.51260399967478,30.942161600177826],[-173.52894599965808,30.907123599574618],[-173.54458599964408,30.871849099756275],[-173.55947900025558,30.836345699994183],[-173.57363900033951,30.800619100191454],[-173.58706699994201,30.764686599706977],[-173.59974700012387,30.728553800417671],[-173.6116789999858,30.692237900059183],[-173.62287900026558,30.655748399968843],[-173.63331600043298,30.619092900317241],[-173.64300500028045,30.582288699564003],[-173.65193200006169,30.545341500310144],[-173.66012600021466,30.508270299834635],[-173.66755700025527,30.471077000203536],[-173.67421000039113,30.43377689978422],[-173.6800990003685,30.39638140018161],[-173.68525699991054,30.3589077000305],[-173.68962099970929,30.321357699598309],[-173.69323700008741,30.283750499586006],[-173.69610600019169,30.246089899629283],[-173.69819600034506,30.208396899797208],[-173.69950899974046,30.170677199992952],[-173.70008900040696,30.132940299755148],[-173.69989000022326,30.095199599881767],[-173.50680500025049,30.062419900358236],[-173.50529499986428,30.027612699966255],[-173.50308200033396,29.9928264996434],[-173.50016799995316,29.958080300265806],[-173.49655199957505,29.923387499933312],[-173.49224899989136,29.888751999905026],[-173.48725900000278,29.854183199894919],[-173.48156700011688,29.819698300336427],[-173.47520399986462,29.785301199790695],[-173.46813999966119,29.751008999765645],[-173.46038800010604,29.716827400164505],[-173.45196500018454,29.682766000350796],[-173.44287099989666,29.648839999766324],[-173.4330900003032,29.61505889974859],[-173.42265300013577,29.581422800122255],[-173.41154499960197,29.547954600324715],[-173.399764999555,29.514658000166719],[-173.38732899983339,29.481542599911222],[-173.37426800006807,29.448619800263714],[-173.36051900005174,29.415899300412548],[-173.34614600003781,29.383392299615082],[-173.3311310000955,29.351104700121937],[-173.31549100010949,29.319047899940756],[-173.29921000024123,29.287237200136815],[-173.28231800007558,29.255674400253497],[-173.26478600007377,29.22436709956213],[-173.24665799956696,29.193334600211756],[-173.22793600044599,29.162578600122458],[-173.20858800033588,29.132108699556966],[-173.18865999955926,29.101932499585303],[-173.16813700012239,29.072067299566356],[-173.1470489998114,29.042512899850578],[-173.12536599994087,29.013280899893743],[-173.10313399993407,28.98438259967736],[-173.08033799999862,28.955822000285252],[-173.05697600004228,28.927610399900175],[-173.03306599999584,28.899755500316246],[-173.00862099955941,28.87226489990536],[-172.98367300020871,28.845148100004963],[-172.95815999998393,28.818409000075462],[-172.93215899973796,28.792060900190506],[-172.90563999988601,28.766109500253378],[-172.87863199996676,28.740560500167078],[-172.85112000018779,28.715425500286756],[-172.82313500018003,28.690710099791431],[-172.79467799998963,28.666416199847902],[-172.76574700042366,28.642559099722803],[-172.7363589995681,28.619142500126429],[-172.70652799986723,28.596168500076374],[-172.67625400042169,28.573652299913874],[-172.64555400021686,28.551595700081634],[-172.61444099985218,28.53000260004012],[-172.58291600027312,28.508886299862979],[-172.55097999972713,28.488246900274362],[-172.51864599971304,28.468091999646219],[-172.485946999954,28.448431000390485],[-172.45284999982755,28.429264100358068],[-172.41941800044029,28.41060070016232],[-172.38560499967093,28.392442700070717],[-172.35147100028635,28.374801599714203],[-172.31698600000382,28.357671700089043],[-172.2821960000453,28.341070199830028],[-172.24706999988052,28.324994999919454],[-172.21166999967068,28.309452099734756],[-172.17596399973871,28.294448899797032],[-172.13996899996928,28.279981599571329],[-172.10371399990109,28.26606369968016],[-172.06718399974173,28.252695100298808],[-172.03041100006752,28.239879600163533],[-171.99339299988696,28.227617299998542],[-171.95616099973029,28.215917600417072],[-171.91870099985118,28.204784399980213],[-171.88102699999598,28.194217699587284],[-171.84316999979558,28.184217500137663],[-171.80511500035689,28.174793200446004],[-171.76689100031933,28.165947000253993],[-171.72851599961362,28.157676699820001],[-171.68997200010764,28.149986300227738],[-171.65130600037153,28.142879500388801],[-171.61248799992117,28.136358300395386],[-171.57356299993242,28.130422600422833],[-171.53453100040528,28.125076299931436],[-171.4953920004404,28.120323200355529],[-171.45619200036046,28.11615750016864],[-171.4169009996813,28.112587000090116],[-171.37754799974033,28.109605799668088],[-171.3381500004221,28.107225400332084],[-171.29870599988192,28.10543439957803],[-171.25923199975691,28.104242299642578],[-171.21974199979337,28.103645299990717],[-171.17863499990526,27.937282599712375],[-171.13592499983881,27.937927199580713],[-171.09323099961085,27.939218500133791],[-171.0505679999132,27.941152600112559],[-171.00794999959274,27.943729399692188],[-170.96539300028667,27.946952800131783],[-170.92289700019631,27.950815200361376],[-170.88047800005958,27.955320400016603],[-170.83814999962271,27.960464499637112],[-170.79592899962356,27.966247599946939],[-170.75382999985453,27.972665799687036],[-170.71185300031564,27.97972109984903],[-170.67001299989994,27.987407699805658],[-170.62831099955292,27.99572559955692],[-170.58679199955105,28.004671100191274],[-170.54545599989441,28.014242199817829],[-170.5042879998912,28.024434999875496],[-170.46333299981802,28.035251600281299],[-170.42257699992854,28.046682399873021],[-170.38204999980758,28.058727299725263],[-170.34176600010073,28.071380599934855],[-170.30171200020857,28.084642400326629],[-170.26193200036144,28.098506900273378],[-170.22241199991379,28.112968399871875],[-170.18318200024905,28.128025099578849],[-170.14424100042174,28.143672900284287],[-170.10559099962487,28.159908300028178],[-170.06727599988741,28.176721599622283],[-170.02926599982595,28.194112799965865],[-169.99160799980928,28.212072399721592],[-169.9542999997451,28.230600399788784],[-169.91734299967962,28.249689100171963],[-169.88075300035061,28.26933099962605],[-169.84455900039748,28.28952219959001],[-169.80874600002781,28.310258900428039],[-169.77334599981796,28.331531500078825],[-169.73834199988332,28.353336299630655],[-169.7037659999009,28.375667600079851],[-169.6696169998246,28.398515700439361],[-169.63592500013857,28.421876899999063],[-169.60267600019716,28.445741700119527],[-169.56990099963136,28.470104200348715],[-169.53759800014751,28.49496079980122],[-169.50576799999314,28.520299899920587],[-169.47444199969846,28.546115899729159],[-169.44360400032429,28.572401000306058],[-169.41328399965678,28.599147800230924],[-169.38348399958684,28.626346600315514],[-169.35421799986074,28.653991699757285],[-169.32548500043234,28.682077399552497],[-169.297302000287,28.710590399627392],[-169.26966900032403,28.73952290016183],[-169.24261500008211,28.768869400002927],[-169.21612499976885,28.798622100229863],[-169.19020100037579,28.828769699961811],[-169.16488600028862,28.859300599743051],[-169.14016699980712,28.89021109976261],[-169.11604299978453,28.921489700389486],[-169.09252900001326,28.95312690028635],[-169.06965600012424,28.98511700044935],[-169.0473939996333,29.017446500255915],[-169.02575700008541,29.05010599999207],[-169.00477600021216,29.083087900386431],[-168.98443600022117,29.11638260027695],[-168.96476699969719,29.149976699765034],[-168.94574000000091,29.183864599671665],[-168.9273989995641,29.218032800273647],[-168.90971399970124,29.252473800325788],[-168.89271499999717,29.287177999565188],[-168.87640399964479,29.322132099716782],[-168.8607790003505,29.357328399885887],[-168.84584000031569,29.392751699731321],[-168.83161900011669,29.428396200424459],[-168.81809999991498,29.464254399820845],[-168.80528299971058,29.500307100092755],[-168.79319799998763,29.536548600437698],[-168.78181500026199,29.572967500150128],[-168.77116400011843,29.609550500055661],[-168.76124599960312,29.646289800334159],[-168.75204499977684,29.683172199837315],[-168.7435910002244,29.72019199956128],[-168.7358700003002,29.757327999787492],[-168.72891199958903,29.794580499990218],[-168.72268700030475,29.831926300358646],[-168.71719399970326,29.869367599735085],[-168.71246300006732,29.906881299932195],[-168.70846600010574,29.94446179997226],[-168.70524600000283,29.982095699956744],[-168.70277400021985,30.019775399715058],[-168.70106499964993,30.057479900077453],[-168.31558199990928,30.090276700209699],[-168.31518599963411,30.133812000023909],[-168.31568900034702,30.177350999649036],[-168.31703200022656,30.220878600367257],[-168.31929000003339,30.264377599946442],[-168.3224029996986,30.307834600286697],[-168.32641600039801,30.351236300415053],[-168.33129899984888,30.394571299625909],[-168.33706699964225,30.437830000354381],[-168.34370399993958,30.480989499565908],[-168.35122699972618,30.52404789969097],[-168.35963399980918,30.566986100028657],[-168.36889599975052,30.609786999970197],[-168.37905899987288,30.652444799787816],[-168.39007599980746,30.694936799693721],[-168.40196200024604,30.737262700213591],[-168.41473400017389,30.779401799853304],[-168.42835999991399,30.821338700420824],[-168.44284100041176,30.86306760038957],[-168.45819099961486,30.90456770023934],[-168.47439599957565,30.945829399707179],[-168.49143999955626,30.986844999697098],[-168.50933800024845,31.027593599964803],[-168.52807600010723,31.068065600247394],[-168.54765299998587,31.108251599931521],[-168.56803900029954,31.148136100101055],[-168.58927900042545,31.187704100064309],[-168.61134299987947,31.226945899733607],[-168.63421599976849,31.265851999570259],[-168.65788300030016,31.304401400404458],[-168.68238799990618,31.342592200170031],[-168.70765699967072,31.380401600153846],[-168.73371900003175,31.417829499631864],[-168.76057400008995,31.454860700061431],[-168.78819300030665,31.491474199574782],[-168.81657399969026,31.527669900145895],[-168.84573399992408,31.56342510018834],[-168.87564100043176,31.598741500320102],[-168.90628099966833,31.633596399854127],[-168.93763700044713,31.667989699864904],[-168.96974199979337,31.701898599840661],[-169.00253300019773,31.735320999864371],[-169.0360570002303,31.768239999876243],[-169.07025099968382,31.800651599691719],[-169.10514800008005,31.832542400311695],[-169.14071699998948,31.863897300320275],[-169.17694100042675,31.894710499989742],[-169.21380599984693,31.924978300408384],[-169.2513279998872,31.954679500059001],[-169.28947399992509,31.983810400030109],[-169.32823200030649,32.012359599615991],[-169.36759899999379,32.040325200347866],[-169.40757800002461,32.067687999901409],[-169.44810500014557,32.094444300264399],[-169.48921200003369,32.120586399642775],[-169.53088399989659,32.146095299858359],[-169.57307400026482,32.170978500357648],[-169.6158289997085,32.195220899724859],[-169.65907300011878,32.218814799763322],[-169.70282000034265,32.241748799767436],[-169.7470549996884,32.264019000276789],[-169.79177900000076,32.285621599857109],[-169.83695999980407,32.306541399965795],[-169.88256800041282,32.326778399703528],[-169.92861899986687,32.346321100338628],[-169.97509800017249,32.365169500072511],[-170.02194200022305,32.383304599827568],[-170.06919900043346,32.4007378003094],[-170.11683700022729,32.417453799553357],[-170.16481000018129,32.433445000086806],[-170.21312000038762,32.4487151997468],[-170.26176499985479,32.463245400355106],[-170.31071499989724,32.477043200283617],[-170.35994000003089,32.490100900436346],[-170.40946999984055,32.502414700278337],[-170.45924400011043,32.513969400367671],[-170.50926199994126,32.524780299970985],[-170.55950900043993,32.534828200361289],[-170.60997000001541,32.544120799735254],[-170.66062899972849,32.552646600260516],[-170.71145599999431,32.560409499598848],[-170.76245099991363,32.567398099742661],[-170.81359899969399,32.573623699774089],[-170.86485299986597,32.579071000426495],[-170.91622900026806,32.583740199550732],[-170.96769700041617,32.587638900015349],[-171.01924099957239,32.590755499666727],[-171.07084699978913,32.593097700298756],[-171.12249800028241,32.594657899942263],[-171.17416399966876,32.595436100395887]]]},"properties":{"objectid":3462,"radii":34,"stormid":"cp012026","basin":"cp","stormnum":1,"advnum":"39","validtime":"2026082212","synoptime":"2026082200","timezone":"UTC","tau":12,"ne":150,"se":130,"sw":120,"nw":130,"idp_source":"cp012026_2026082203_forecastradii","idp_filedate":1787371368000,"idp_ingestdate":1787371389000,"st_area(shape)":17.794444252655488,"st_perimeter(shape)":15.890225174037401,"binnumber":"CP2"}},{"type":"Feature","id":3463,"geometry":{"type":"Polygon","coordinates":[[[-171.18812599961512,31.264539699847433],[-171.21189899963903,31.264539699847433],[-171.23567199966297,31.264177300042491],[-171.25944499968691,31.263464000063721],[-171.28318800012602,31.262384399920279],[-171.30690000003489,31.26095009996726],[-171.33058200035896,31.259157199845049],[-171.35421800036036,31.257005699553531],[-171.3778080000391,31.254499399627719],[-171.40135200029451,31.251638399892386],[-171.42483500043485,31.248420700255281],[-171.44822699997599,31.244848299909279],[-171.47154199956356,31.240924799739844],[-171.49479699998147,31.23664859985314],[-171.51794399991559,31.232021300143003],[-171.54098500035741,31.227045100351233],[-171.56391900036149,31.221729300367087],[-171.58674599992787,31.21605869984927],[-171.60945100016346,31.210048699687889],[-171.63201900037649,31.20369340033028],[-171.65444899962156,31.197002400240706],[-171.67674299978952,31.189971899783473],[-171.69888300005033,31.182605700392912],[-171.72087099959688,31.174907699730682],[-171.74269100038927,31.166875799678564],[-171.76434299972956,31.158521700416259],[-171.785811999624,31.149833699965427],[-171.80709800007256,31.14083099975096],[-171.82818600038354,31.13150219996669],[-171.84909100034932,31.121856700326589],[-171.86978100029285,31.111902199926703],[-171.89027400014493,31.101636900122969],[-171.91055300002085,31.091060600366575],[-171.93058800033586,31.080175399675113],[-171.95040899977545,31.068994500096267],[-171.96998599965409,31.057516100287955],[-171.9893339997642,31.04574780042077],[-172.00840799982925,31.033680000231982],[-172.02725200007967,31.021333699790546],[-172.045822000285,31.008701299825248],[-172.06414800003009,30.99579239969961],[-172.08219899968401,30.982606899588916],[-172.09994499966191,30.969154399755894],[-172.1174320002865,30.955432900108406],[-172.13462800008207,30.941448200374282],[-172.15154999983255,30.927209899917102],[-172.16815200011465,30.91271589971916],[-172.18446399961383,30.897973999600538],[-172.20047000029021,30.88299179973194],[-172.21614099990714,30.867767300021001],[-172.23152199964051,30.852306400020495],[-172.24656700006693,30.836618399619567],[-172.26129200012562,30.820703500266461],[-172.27568099997808,30.804571199701229],[-172.2897339996243,30.788223300165328],[-172.30346699980211,30.771665599587891],[-172.31683300014276,30.754901900302627],[-172.32984899963157,30.737939799782055],[-172.34254499965195,30.72078509955287],[-172.35487399983515,30.703439699882381],[-172.36683700022729,30.685913100309449],[-172.37843299988296,30.668209099570447],[-172.3896789995861,30.650327700363221],[-172.40052799986722,30.632282299888345],[-172.41104099994212,30.614080400290391],[-172.42115799974181,30.595716500416302],[-172.43090799970435,30.577207600150757],[-172.4402770000834,30.558549899858122],[-172.44924900014118,30.539756800336193],[-172.45785500040787,30.520828199961613],[-172.46606400035327,30.501771900353049],[-172.47387700002346,30.482599300417519],[-172.48130800006408,30.463310199606155],[-172.48832699999099,30.443912500261831],[-172.49496500033442,30.424406099861756],[-172.50120500031045,30.404810000181499],[-172.50705000005738,30.385114699883616],[-172.51248199964448,30.365344999572244],[-172.5175020000172,30.345489500340307],[-172.52214099990715,30.325559600195561],[-172.52636699963725,30.305563000032578],[-172.53018200019906,30.285510999832923],[-172.53358499974786,30.26539800041752],[-172.53659099987468,30.245243099789377],[-172.53918499988777,30.225042299562631],[-172.54136699978713,30.204805399649615],[-172.54313699957279,30.184539799672166],[-172.54449500014405,30.164249399989956],[-172.54545600039404,30.143940000330872],[-172.54600499963095,30.123621000409003],[-172.54612699986109,30.103298199952121],[-172.16137699974865,30.089237199936974],[-172.16094999984253,30.074726100029636],[-172.16021700021432,30.060222600292889],[-172.15919499984929,30.045732499555356],[-172.15788299960067,30.031259500325802],[-172.15628100036778,30.016807600090829],[-172.15440400014441,30.002378500367627],[-172.15222200024505,29.987987500422946],[-172.14974999956274,29.973627099910857],[-172.1469879998962,29.959306700344086],[-172.14393600034606,29.945032099651826],[-172.14060999985153,29.930805199900192],[-172.13697799963489,29.91662789955808],[-172.13308700006493,29.90250969996282],[-172.12890599971203,29.888454399850843],[-172.12445100021341,29.874458300310437],[-172.11970499988576,29.860534699616835],[-172.11468500041235,29.846687300278802],[-172.10937500015606,29.832918200414781],[-172.10380599964708,29.819229099743325],[-172.09796099990015,29.805627799883212],[-172.09184300015426,29.792114299935122],[-172.08546400006347,29.778696100244986],[-172.07881199997374,29.765377000448382],[-172.07188399974672,29.752157200194802],[-172.06471300000487,29.739046100097596],[-172.05726600012574,29.726049400059935],[-172.04956100004006,29.713159599735889],[-172.0416110003473,29.700395600176932],[-172.03340100035581,29.687747999870453],[-172.02494799995017,29.675228099697165],[-172.01622000035266,29.662837999574151],[-172.0072779998797,29.650579499944115],[-171.99809299989195,29.63845829981085],[-171.98864699955931,29.626482000244266],[-171.97897300040356,29.614645000266705],[-171.96906999968067,29.602958699684393],[-171.95893900013468,29.591422999571932],[-171.94856300008232,29.580039999846235],[-171.93797300005383,29.568817100129195],[-171.92717000009534,29.557756400337723],[-171.91615300016076,29.546859700015261],[-171.90490699955831,29.53612900015338],[-171.89344799992517,29.525571800198577],[-171.88179000010834,29.515190100243103],[-171.86991900036151,29.504982000019425],[-171.85786400022334,29.4949589002332],[-171.84559600015521,29.485117000349419],[-171.83312999994945,29.475465799906885],[-171.82049600009026,29.46599959990175],[-171.80767799983974,29.456727999697591],[-171.79466200035097,29.447650900368899],[-171.78147900035552,29.438770300209342],[-171.76809700017634,29.430089999753818],[-171.75457799997466,29.421617500247578],[-171.74087500028097,29.413345300445428],[-171.72700500008062,29.405282999710835],[-171.71299699981162,29.397430400192945],[-171.69882199993526,29.389791500277681],[-171.68450899999027,29.382368100407632],[-171.67004400023035,29.375162099951069],[-171.65544100040177,29.368173599632087],[-171.64070099965133,29.361404399893274],[-171.62583899957011,29.354866000365746],[-171.61084000036564,29.348550799979591],[-171.59571799998562,29.342458699809299],[-171.58049000011334,29.336597399850291],[-171.56514000001093,29.33097079956292],[-171.54966699963225,29.325574899662058],[-171.53410299955371,29.320409799972424],[-171.5184629995677,29.315483099765402],[-171.50268599955916,29.31079289967272],[-171.48684700028875,29.306343100054164],[-171.47091700041915,29.302133600185641],[-171.45490999969664,29.298160600431515],[-171.43881200017358,29.294431700063058],[-171.42265299963614,29.290948900071839],[-171.40643299988295,29.287710200365609],[-171.3901370002223,29.284715699869821],[-171.373795000239,29.281970999562134],[-171.35740699993303,29.279466599903799],[-171.34095800041132,29.277215999718749],[-171.32447800035936,29.275211300261446],[-171.30795300003086,29.273460400277372],[-171.29139700007141,29.271953599679023],[-171.27482600031959,29.270696600168094],[-171.2582090002451,29.26969340013045],[-171.24160800000911,29.268941899649064],[-171.2249600003037,29.268436399720201],[-171.20832800043681,29.26818660043142],[-171.18839999966019,28.935461000225132],[-171.16517599977249,28.935812000223791],[-171.14196799972333,28.936512000128857],[-171.11875899962806,28.937564799575966],[-171.09559599985542,28.938964800285476],[-171.07246399971373,28.940715800094267],[-171.04936200005619,28.942817700076944],[-171.02630599982197,28.945264800330392],[-171.00329599991039,28.948062899683237],[-170.98036199990631,28.951208099574274],[-170.95747400022486,28.954694700100447],[-170.93466199955157,28.958530400357859],[-170.9119420004229,28.962709399719188],[-170.88928199956456,28.967231799807848],[-170.86671400025082,28.972091700171973],[-170.84426900031403,28.977294899640071],[-170.82191500007713,28.982835799932388],[-170.79966700023181,28.988712300232635],[-170.7775419997634,28.994924500365528],[-170.75555400021685,29.001468699620943],[-170.73367300020871,29.008346600415393],[-170.71194500006163,29.015552500147919],[-170.69036899972949,29.023084600174286],[-170.66893000031919,29.030939099959653],[-170.64764399987061,29.039123499849779],[-170.62652599997483,29.047622700227578],[-170.60559100042425,29.05644040000459],[-170.58480799978929,29.065572699720462],[-170.56422400023735,29.075016000288315],[-170.54380800033886,29.084768299817313],[-170.5236050003704,29.094829600106095],[-170.50360099968631,29.105194099628136],[-170.48380999983155,29.115859999739314],[-170.46420300036809,29.126821499812536],[-170.44482399972773,29.138078699672405],[-170.42567399975522,29.149627699858627],[-170.40675399959733,29.161460900200552],[-170.38809199964598,29.173582100333817],[-170.36962899987836,29.185977900359944],[-170.3514400001558,29.198656100099072],[-170.3334810002479,29.211601299560471],[-170.31579600038503,29.224821099814051],[-170.29838599971404,29.238304100154267],[-170.28120399966477,29.252046599870823],[-170.26432800023696,29.266046499946185],[-170.24771100016244,29.280300099670001],[-170.23138399997154,29.294803600306068],[-170.21534699966423,29.309551200327803],[-170.19960000013981,29.324535400288653],[-170.1841580002914,29.339757899907283],[-170.16902200016509,29.35521319982945],[-170.15417499987626,29.370889699700001],[-170.13964799995514,29.386793100321484],[-170.12544299959467,29.402908300278],[-170.1115419997634,29.41924100037204],[-170.09797700013837,29.435775799713554],[-170.08474699977415,29.452516599561591],[-170.07185399966227,29.469451900285094],[-170.05927999987202,29.486581799910255],[-170.04705800012653,29.503900499608505],[-170.03517199968795,29.521396599573563],[-170.02363600010125,29.539072000072906],[-170.01246600030558,29.556917199769089],[-170.00163299986298,29.574930200368613],[-169.99116500006463,29.593103399902134],[-169.98107899989586,29.611431100265236],[-169.97132899993332,29.629911400291007],[-169.96197500024599,29.648529099638381],[-169.95297199965799,29.667291599727662],[-169.94435099959887,29.686187700402172],[-169.93611100002255,29.705205900232272],[-169.92825300007581,29.724351900020338],[-169.92077599971253,29.743608500232256],[-169.91368099987815,29.762979499604342],[-169.90696699962726,29.78244969959411],[-169.90064999969766,29.802020999569606],[-169.89473000008937,29.821685800259615],[-169.88919100006453,29.841434499602599],[-169.88407899994581,29.861267100296573],[-169.87933299961816,29.881170299569817],[-169.87498499965793,29.901144000295517],[-169.8710479997653,29.921180700329217],[-169.86752299998639,29.941272699675494],[-169.86439499962944,29.961414300229933],[-169.86166399959382,29.981599800290667],[-169.85934399962579,30.001829100033092],[-169.85743699981762,30.022083300204258],[-169.85592700033072,30.042362200255468],[-169.85484299980453,30.062663999743961],[-169.85415599959961,30.082981100297673],[-169.85388199955455,30.103303899855234],[-169.85400399978468,30.123630499947751],[-169.85455299992094,30.143943799966564],[-169.855515000217,30.164253199625591],[-169.85687299988896,30.184543600207121],[-169.85865800036635,30.204807299917093],[-169.86082499957399,30.22504619992236],[-169.86341899958708,30.245246900324332],[-169.8664249997139,30.265405700412884],[-169.86982700011589,30.2855129001004],[-169.87365699957078,30.305570600203168],[-169.87786899955461,30.325565300098674],[-169.88250700029775,30.345489500340307],[-169.88752699977115,30.365344999572244],[-169.8929600003037,30.385126099689899],[-169.89881899979693,30.404813799817134],[-169.90504500002666,30.424411799764869],[-169.91168200032399,30.443912500261831],[-169.9187160000433,30.463314099965885],[-169.92613200029152,30.482605000320632],[-169.93395999975411,30.501777600256219],[-169.9421689996995,30.520833999689501],[-169.9507600001738,30.539760599971828],[-169.95973200023155,30.558549899858122],[-169.96910099971129,30.577211399786393],[-169.97885099967382,30.595720300051937],[-169.98896800037284,30.614084199926026],[-169.99948100044773,30.632289900058993],[-170.01034499962196,30.650335299634492],[-170.02157600043199,30.668212900105402],[-170.03318799992618,30.685920699580777],[-170.04515100031833,30.703447300052972],[-170.05747999960224,30.720788999912543],[-170.0701599997841,30.737945600409262],[-170.08319099996459,30.754905699938263],[-170.09655800035137,30.771669400122846],[-170.11027499979133,30.788227099800963],[-170.12432900038297,30.804575000236241],[-170.13873300002786,30.820707299902097],[-170.15344200024805,30.836622200154579],[-170.16850299961365,30.852310199656131],[-170.18386800040781,30.867771099656693],[-170.19955399981717,30.882995600266895],[-170.21556099964033,30.897977800135493],[-170.23187300003883,30.912719700254115],[-170.24845899958308,30.927213699552738],[-170.26538100023291,30.941452000009917],[-170.28257800007458,30.955436699744041],[-170.30006399975372,30.969154399755894],[-170.31782500042334,30.982610700123871],[-170.33586100028486,30.995799999870258],[-170.35418700002995,31.008708999820612],[-170.37275700023528,31.021337500325501],[-170.39160199963251,31.033685700135095],[-170.41069000034315,31.04574780042077],[-170.43002299976155,31.057523699559226],[-170.44961500033193,31.068998299731902],[-170.46942099997909,31.080179200210068],[-170.4894710000865,31.091062499734733],[-170.50973500017005,31.101636900122969],[-170.53022800002211,31.111906100286433],[-170.55091900001176,31.121864299597917],[-170.57182299993141,31.131504100234167],[-170.5929110002424,31.14083099975096],[-170.61421199958403,31.149841300136018],[-170.63568100037779,31.158521700416259],[-170.65731799992568,31.166881600305771],[-170.67915299961118,31.174907699730682],[-170.70112600026462,31.182605700392912],[-170.72326699967223,31.189971899783473],[-170.74555999979407,31.197002400240706],[-170.76798999993846,31.203697199965973],[-170.79057299994392,31.210048699687889],[-170.81327800017948,31.21605869984927],[-170.83608999995346,31.221729300367087],[-170.85903899974997,31.227048899986869],[-170.88208000019179,31.232021300143003],[-170.905228000172,31.236652400388095],[-170.92846699985208,31.240924799739844],[-170.95179700013136,31.244848299909279],[-170.97518899967253,31.248424499890916],[-170.99865700002047,31.251638399892386],[-171.02220200032198,31.254503299987448],[-171.04579200000072,31.257005699553531],[-171.06944299979452,31.259157199845049],[-171.09312400007246,31.26095009996726],[-171.11683700002746,31.262384399920279],[-171.14057900042044,31.263464000063721],[-171.16433699975266,31.264177300042491],[-171.18812599961512,31.264539699847433]]]},"properties":{"objectid":3463,"radii":50,"stormid":"cp012026","basin":"cp","stormnum":1,"advnum":"39","validtime":"2026082212","synoptime":"2026082200","timezone":"UTC","tau":12,"ne":70,"se":70,"sw":50,"nw":70,"idp_source":"cp012026_2026082203_forecastradii","idp_filedate":1787371368000,"idp_ingestdate":1787371389000,"st_area(shape)":4.3246335819294819,"st_perimeter(shape)":8.0193837983344931,"binnumber":"CP2"}},{"type":"Feature","id":3464,"geometry":{"type":"Polygon","coordinates":[[[-171.19494600025763,30.599088699983668],[-171.2042240000375,30.515903499846786],[-171.21264599991289,30.515779500423776],[-171.22106899983439,30.515523899608411],[-171.22947699996351,30.515144300269412],[-171.2378850000926,30.514635099630311],[-171.2462920001756,30.51399800010779],[-171.25465399998203,30.513238900355134],[-171.26301599978848,30.512351999745135],[-171.27136199975641,30.511333500440855],[-171.27969399997804,30.510192900182346],[-171.2879789998309,30.508930199868985],[-171.29624899989136,30.507535899961965],[-171.304489000367,30.506023400359766],[-171.31269800031239,30.504381199632803],[-171.32087699977365,30.502618800017729],[-171.32900999981157,30.500732400080324],[-171.33709700042616,30.498722099645306],[-171.34515399965727,30.496593499690391],[-171.35316500036441,30.494340900312466],[-171.36112999984954,30.491970100339984],[-171.36903400011894,30.489477200312706],[-171.37689200006568,30.486864099598677],[-171.38470499973587,30.484136599724422],[-171.39245600014422,30.48128320015968],[-171.4001460004375,30.478319200171086],[-171.40776099997009,30.475242599666387],[-171.41532900003324,30.472045900098351],[-171.42283599998134,30.46874050037394],[-171.43025200022956,30.46531869959847],[-171.4376070003627,30.461788199565888],[-171.44490100038078,30.458143199649101],[-171.45210299975355,30.454389600299976],[-171.4592439999106,30.450530999706018],[-171.46629300032163,30.446563699855005],[-171.47325100013347,30.442487699847618],[-171.48013300003785,30.438308699586969],[-171.48693799998864,30.434028600239856],[-171.49365200023954,30.429647400007639],[-171.50027499989125,30.425163300246254],[-171.50680499975087,30.420577999774991],[-171.5132449999567,30.415895499677731],[-171.51957699967872,30.411121400032755],[-171.52580299990845,30.40624430013446],[-171.53195200018459,30.401279400324199],[-171.53799400002302,30.396224999983929],[-171.54391499967741,30.391075099736213],[-171.54975900027756,30.385835600033033],[-171.55546599995586,30.38051219987824],[-171.56108099988816,30.375104900171152],[-171.56657399959033,30.369609799652665],[-171.57195999975411,30.364032699849361],[-171.5772400004256,30.358377500221593],[-171.58238200012912,30.352640199685595],[-171.58743300013276,30.346828500035372],[-171.59236099986018,30.34094429973976],[-171.59715299961115,30.334981899794968],[-171.60182199998525,30.328952799831995],[-171.60638399992158,30.322847399587943],[-171.6108089998354,30.316679000035947],[-171.61511200041841,30.310443899566451],[-171.61929299987196,30.304143900420797],[-171.62335199999472,30.297780999993279],[-171.62725800025643,30.291360899985705],[-171.63105800012653,30.284877799770811],[-171.63470500013557,30.278341299611441],[-171.63822899986837,30.27175140040697],[-171.64161699962474,30.265108100358702],[-171.64488200000423,30.25841520000165],[-171.64799499966944,30.251672700235076],[-171.6509700001653,30.244888300155083],[-171.65382399957784,30.238058100301259],[-171.65652500002867,30.231185900309185],[-171.6590880004108,30.224273700271169],[-171.66151399987112,30.217321400362493],[-171.66378800041582,30.210332900043454],[-171.66593899978494,30.203315699659981],[-171.66792300044602,30.196264299857717],[-171.66978499997768,30.189187999626597],[-171.67149399964828,30.182077400152025],[-171.67306500014956,30.174945799709008],[-171.67448399993657,30.167795200188493],[-171.67576599970104,30.160619700239124],[-171.6769100002962,30.153427099681039],[-171.67788700038469,30.146219299681093],[-171.67872600040451,30.138992300054724],[-171.67942800040183,30.13175959962598],[-171.67997699963874,30.124519299925907],[-171.68038899975247,30.11726949978771],[-171.68064900005123,30.110012100378299],[-171.68075599958962,30.102750799709781],[-171.58457899982091,30.096536600383956],[-171.58444199979837,30.0907306995623],[-171.58418300044505,30.084928500350145],[-171.58380099991615,30.079128300330922],[-171.58331299989496,30.073333700390094],[-171.58271800033538,30.067554500439996],[-171.58198499980782,30.061782799936395],[-171.58114599978799,30.056018800327536],[-171.58018500043735,30.050268199717777],[-171.57911699974966,30.044536599984269],[-171.57792699973118,30.038824100052295],[-171.5766300001743,30.033124900194139],[-171.57521100038727,30.027448699597926],[-171.57368500016256,30.021793400145441],[-171.57205200039942,30.016164799765818],[-171.57028199971444,30.010564799625968],[-171.56840500039038,30.004983900186971],[-171.5664369995678,29.999433500355906],[-171.56434600026762,29.993919399860545],[-171.56214899967651,29.988433799780182],[-171.55981399991609,29.982984499934844],[-171.5574040002943,29.977567699789631],[-171.55487100039628,29.972188899598166],[-171.55223100006052,29.966850300001511],[-171.54950000002489,29.961549800183263],[-171.54663099992064,29.95629879994982],[-171.54368599990889,29.951084099951402],[-171.54063400035875,29.945919000261824],[-171.53745999967916,29.94079970034602],[-171.53419500019902,29.935729999839737],[-171.53082300028117,29.930709799817578],[-171.52734399992559,29.925739299928864],[-171.52378799961642,29.92082210015991],[-171.52012599981495,29.915958400160207],[-171.51637300031365,29.91115380000798],[-171.51249699963674,29.906406400335243],[-171.50854499995171,29.901718099610775],[-171.50450099962137,29.897090899725413],[-171.50036599959114,29.892524699955061],[-171.49613999986101,29.888019600124608],[-171.49182100033883,29.883581200312278],[-171.48742700005593,29.879209499618867],[-171.48292500018854,29.874902700299515],[-171.47833299976804,29.870664600191276],[-171.4736790000857,29.866498900004387],[-171.46891799996564,29.862400100384491],[-171.46409599973052,29.858373599961794],[-171.45919799958793,29.854425399912429],[-171.45420799969935,29.850549699609076],[-171.4491419999033,29.846748400218644],[-171.44400000019976,29.843027100020777],[-171.43879700038119,29.839382199928707],[-171.4335169997097,29.835813500292943],[-171.42816200007616,29.83232689976677],[-171.42274500028145,29.828926099959688],[-171.41725199967996,29.825601600433629],[-171.4116820000242,29.822364800095613],[-171.40606700009189,29.819210099766451],[-171.40039100004455,29.816142999699821],[-171.39463800004359,29.813161800177056],[-171.38883999976611,29.810264600031417],[-171.38298000022675,29.807458899608662],[-171.37707500041085,29.804738999905055],[-171.3711089995806,29.802110699749164],[-171.36508200043389,29.799571999948],[-171.35900900006521,29.797126799961973],[-171.35289000027322,29.794771200330786],[-171.34672500015856,29.792507200247258],[-171.34051499976735,29.790338500421626],[-171.33427399974522,29.788265199779289],[-171.32797199960802,29.786285399851465],[-171.32165499967843,29.784402800449016],[-171.31529200032548,29.782609900326804],[-171.30889899958908,29.780919999558478],[-171.30246000032867,29.779323600403984],[-171.29598999963869,29.777824399976225],[-171.28949000026321,29.776424400166093],[-171.28297400014992,29.77512360007421],[-171.27642799955245,29.773918200064998],[-171.26986700006194,29.77281569958501],[-171.26326000024875,29.771810500354434],[-171.25666800022796,29.770906400210322],[-171.25004599972303,29.770099600416358],[-171.24340800027892,29.769393899708859],[-171.23674000035066,29.768789299886407],[-171.23008700021481,29.768283799957544],[-171.22340399959484,29.76788140010666],[-171.21672099987416,29.767576199881887],[-171.21003700010741,29.767375900177797],[-171.20335400038672,29.767276800284264],[-171.1958309997008,29.684091600147383],[-171.18748499973287,29.684217499837871],[-171.17912299992642,29.684469200293506],[-171.17077599991239,29.684848799632562],[-171.16244499973686,29.685354199736651],[-171.15411399956136,29.685983699987901],[-171.14579800007758,29.686740900372399],[-171.13751200017859,29.687618299644953],[-171.12924200011813,29.68862719958571],[-171.12098699985009,29.689756400037993],[-171.11276200006617,29.691013299724148],[-171.10455300012077,29.692392300364531],[-171.09637499980633,29.693895300427926],[-171.0882419997684,29.69552229991433],[-171.08012400042222,29.697269400262769],[-171.07205199960003,29.699140500034218],[-171.06401100020742,29.701135600127998],[-171.05601500019202,29.703248999741675],[-171.04806499959997,29.705482500217329],[-171.04014600043749,29.707836199581095],[-171.03230300028315,29.710311900074259],[-171.02448999971364,29.712900200184208],[-171.01673900020461,29.715608600256814],[-171.0090330000728,29.718433399581841],[-171.00140399989459,29.721376400400686],[-170.99381999999292,29.724433900204474],[-170.98629800025245,29.727602000432114],[-170.97883599968156,29.730888400179651],[-170.97145099996359,29.734283400258846],[-170.96412700036069,29.73778720031919],[-170.95687899976596,29.741403599996261],[-170.94970699997799,29.745132399640681],[-170.94259600030509,29.748964300262401],[-170.93557700037817,29.752904900141175],[-170.92863500040488,29.756948500273211],[-170.9217830000853,29.761098900294144],[-170.91500899976546,29.765350299576824],[-170.90831000020626,29.769704799836802],[-170.90170300039307,29.774160400082565],[-170.89520300011827,29.778713199954382],[-170.88877899975097,29.783361399908813],[-170.88244599998285,29.788110699849085],[-170.87620499996069,29.792951600236279],[-170.87008700021482,29.797889700249584],[-170.86404400033027,29.80291560017497],[-170.85810900003025,29.808031099555762],[-170.85228000012182,29.813240099651011],[-170.84655799975181,29.818532900373214],[-170.84094199977341,29.823911699665359],[-170.83543400027881,29.829376199851879],[-170.83004800011503,29.834922800047309],[-170.82473799985874,29.840547599891977],[-170.81958000031668,29.846256300188259],[-170.81451399962131,29.852039299773992],[-170.80957000005537,29.857894899829887],[-170.80474899986638,29.863826800166862],[-170.80004899986139,29.869831100425074],[-170.79545600029411,29.875906000161933],[-170.79099999985004,29.88204769974169],[-170.78665199988981,29.888256100239005],[-170.78245499969839,29.894529299587646],[-170.77836599999083,29.900863599775448],[-170.77439899961408,29.907264699806205],[-170.77058399995155,29.913719199781383],[-170.76687599982745,29.920227099701037],[-170.76328999993348,29.926797900003237],[-170.75987199969296,29.933416400346744],[-170.75656099989016,29.940090200002885],[-170.75338700010988,29.946807900064698],[-170.75036600019067,29.953576999978736],[-170.74746699960227,29.960386299588208],[-170.74470499993572,29.967239399778634],[-170.74208100033781,29.97413440028248],[-170.73960899965553,29.981071499849975],[-170.73725900010268,29.988039000099945],[-170.73506200041092,29.995042799685621],[-170.73300199984234,30.002080900313445],[-170.73107900019562,30.009147600281665],[-170.72929399971824,30.016239199779363],[-170.7276759997475,30.023361199959538],[-170.72618100005303,30.030504200208838],[-170.72482300038109,30.037666300259673],[-170.72363300036261,30.044851299747847],[-170.72258000036663,30.052051499577203],[-170.72166400039322,30.059270899932244],[-170.72090100028086,30.06649590036568],[-170.72027600023713,30.073736200065696],[-170.71980300000837,30.080984099936416],[-170.71946699980214,30.088237800434285],[-170.71929900014865,30.095497100111231],[-170.62309299994192,30.103099799616189],[-170.62322999996445,30.111808800136146],[-170.62353499964044,30.12051390029643],[-170.62400799986924,30.129219100281375],[-170.62466400044318,30.13790700000817],[-170.62548799977131,30.146591199924103],[-170.62647999965219,30.155254399770854],[-170.62765499987827,30.163908000254139],[-170.62901300044953,30.172542599861231],[-170.63053899977496,30.181148500303209],[-170.63224800034487,30.189741099772107],[-170.63412499966893,30.198299399997438],[-170.63616900039898,30.206823300255223],[-170.63838199992927,30.215320600365544],[-170.64077799980478,30.223785399876419],[-170.64334100018692,30.232210200240672],[-170.64605700043015,30.240591000374536],[-170.64897199995775,30.248937600190231],[-170.65203900019964,30.257232700328984],[-170.65528899988735,30.265483900062065],[-170.65869100028937,30.27368350029343],[-170.66224699969919,30.28183169977325],[-170.66600000009984,30.289922699673014],[-170.66989099966983,30.297958400260086],[-170.67394999979257,30.305929200372418],[-170.67816199977639,30.313842800005375],[-170.68255600005929,30.321685800159685],[-170.68710300020322,30.329469699567142],[-170.69178800041581,30.337177299592838],[-170.69664000023573,30.344814300140001],[-170.70164499991674,30.352376899774242],[-170.70681800015052,30.359867100386509],[-170.71212800040681,30.367271399555591],[-170.71758999957873,30.374599500067006],[-170.72320599955717,30.381839799767079],[-170.72895800041132,30.388994199822605],[-170.73484800043479,30.396060899790825],[-170.74090600011175,30.403039899671796],[-170.74710099981121,30.409929300097247],[-170.75341799974083,30.416721300347888],[-170.75988800043081,30.423416100073098],[-170.76647900040547,30.430006000176888],[-170.77320899959557,30.436502500290317],[-170.78007499966142,30.442895900325709],[-170.78706400000351,30.449186300107783],[-170.79418900032204,30.455366100365381],[-170.80142200022505,30.461439099834706],[-170.80879200015062,30.467401499779555],[-170.8162840003063,30.473255199567973],[-170.82389799979279,30.478988599744241],[-170.83161899971699,30.484613399588852],[-170.83944700007891,30.490112299742975],[-170.84739699977163,30.495500600372566],[-170.85545299985597,30.500762899688198],[-170.86360199973242,30.505903199673071],[-170.87187199979289,30.510923399695287],[-170.88024900029106,30.515813799667285],[-170.8887179996359,30.520578399773456],[-170.89726299978753,30.525213199829466],[-170.90593000016929,30.529720299752171],[-170.9146729995592,30.534095800081275],[-170.92350799959442,30.538335799557672],[-170.93241900043645,30.54244420033973],[-170.94142200012513,30.546421099554266],[-170.95049999967517,30.550252900351211],[-170.95967099991663,30.553953199580633],[-170.96888700043465,30.557512299852874],[-170.97819499979931,30.560928300001194],[-170.98757899997079,30.564208999845619],[-170.99700899956559,30.567348499833543],[-171.00650000017478,30.570339199794375],[-171.01606799983824,30.573186900355324],[-171.02568099977825,30.575893400160453],[-171.03535499983329,30.578453100030686],[-171.04509000000343,30.580867800408782],[-171.05485499975836,30.583131799593048],[-171.06465100004354,30.585248899916962],[-171.07452400028231,30.587217300038503],[-171.08441200031348,30.589040799593363],[-171.09434499972187,30.590709700292564],[-171.10430899966053,30.592229800065354],[-171.11430400012944,30.593595499732658],[-171.12432900018314,30.594816199907825],[-171.13436900002924,30.595884300420266],[-171.14444000040561,30.596799900195379],[-171.15450999983653,30.597560900215512],[-171.16461199984383,30.598173100208555],[-171.17471299980502,30.598632800363589],[-171.18482999960472,30.598937999689099],[-171.19494600025763,30.599088699983668]]]},"properties":{"objectid":3464,"radii":64,"stormid":"cp012026","basin":"cp","stormnum":1,"advnum":"39","validtime":"2026082212","synoptime":"2026082200","timezone":"UTC","tau":12,"ne":30,"se":25,"sw":20,"nw":25,"idp_source":"cp012026_2026082203_forecastradii","idp_filedate":1787371368000,"idp_ingestdate":1787371389000,"st_area(shape)":0.64091589815712879,"st_perimeter(shape)":3.150392876610403,"binnumber":"CP2"}},{"type":"Feature","id":3465,"geometry":{"type":"Polygon","coordinates":[[[-172.17388900027706,33.495445299561084],[-172.22254900043595,33.162719700254115],[-172.26763899964004,33.162040700418117],[-172.31268300032013,33.160694099653142],[-172.35769699961676,33.158668499951432],[-172.40264899965155,33.155975300220064],[-172.44755600030908,33.152610799748743],[-172.49237100032133,33.148571000151662],[-172.53709399968827,33.143859899814686],[-172.58169599977049,33.138484999982893],[-172.62619000026822,33.132442500121442],[-172.67053200005168,33.12573240023022],[-172.7147220000202,33.118362400304648],[-172.75875900012767,33.110332500344782],[-172.80258200025904,33.101646400161371],[-172.8462369998376,33.092304199579303],[-172.88967900038548,33.082305900397103],[-172.93287699957381,33.071674300428754],[-172.97586099968532,33.060382800426055],[-173.01856999970565,33.048458100361188],[-173.06103500016505,33.035892500238845],[-173.10319500004914,33.022693600229616],[-173.14506500004964,33.008872999789276],[-173.18663000037415,32.994422899997005],[-173.22789000012332,32.979350999948849],[-173.26879899987387,32.963672599810764],[-173.3093720003175,32.947380100311534],[-173.34957900007072,32.930480999998281],[-173.38940400019439,32.912986800300757],[-173.42886399967378,32.89489750031953],[-173.46791099989267,32.876224499860939],[-173.50656099979022,32.856964100013329],[-173.54478499982781,32.837135299854367],[-173.58255000028223,32.816734299748305],[-173.61990399976969,32.795772600225462],[-173.65676900008921,32.774257699833129],[-173.69319199981086,32.752189600369888],[-173.72911099967283,32.729587600387617],[-173.76454200041292,32.706447599876981],[-173.7994840001864,32.68278120009245],[-173.83389299966214,32.658596000305295],[-173.86778300038509,32.633903500146573],[-173.90113799981876,32.608703599791454],[-173.93395999985404,32.583015399940905],[-173.96620200012214,32.556835199884688],[-173.99789400020788,32.530178100139381],[-174.02900699967321,32.503055600335813],[-174.05954000027072,32.475467699574835],[-174.08947800040931,32.44742580036052],[-174.11880500025049,32.418945299985751],[-174.14753699963276,32.390026100424336],[-174.1756290000782,32.360687299679284],[-174.20311000022625,32.330932600259416],[-174.22994999959272,32.300769800186288],[-174.25613400018389,32.270210300165388],[-174.28167699999349,32.239261599643271],[-174.30654900033602,32.207942999869715],[-174.330779999897,32.176250499760897],[-174.35430900035999,32.144206999653477],[-174.37718200024904,32.111812600271435],[-174.39935300014076,32.079082500157426],[-174.4208369998276,32.046024300381305],[-174.44161999956324,32.012653400034537],[-174.46170000015482,31.978975300270008],[-174.48106400010346,31.945001599644229],[-174.49972500000868,31.910745600029543],[-174.51767000017028,31.876214999622675],[-174.53486599996586,31.841421100203775],[-174.55134600001782,31.806379299964874],[-174.56709300044153,31.771087599713098],[-174.582091999646,31.735574700412258],[-174.59635900016764,31.699842499631814],[-174.60987900041548,31.663902300051234],[-174.6226500002972,31.627763700134778],[-174.63467399990509,31.591440199605699],[-174.64593500029994,31.554939299709076],[-174.65643299968312,31.518278100154362],[-174.66619900038347,31.481466300129796],[-174.67518600023365,31.444515199616887],[-174.68341100001757,31.40743449960263],[-174.69085699985058,31.370237400335895],[-174.69753999957126,31.332933399556907],[-174.70347599991737,31.295535999686763],[-174.70861799962091,31.258054700264324],[-174.71301299994991,31.220506699924385],[-174.71662900032803,31.182895700276504],[-174.71946699990204,31.145229299692573],[-174.72154200026301,31.107534399593021],[-174.72285499965844,31.069810900153072],[-174.72338900000227,31.032081600085917],[-174.72316000023375,30.99433709967758],[-174.52824400036025,30.961688999747707],[-174.52668799965139,30.926879899987512],[-174.52442899979843,30.892095599932134],[-174.52145400020189,30.857355099558333],[-174.51779200040042,30.822660399857739],[-174.51341199986382,30.78802870036435],[-174.50833100027538,30.753463699989879],[-174.50256299958269,30.718980799624319],[-174.49610899963056,30.684587499613542],[-174.48895299968112,30.650301000390982],[-174.4811100004261,30.616123200425477],[-174.47258000006687,30.582071300150517],[-174.46336400044819,30.548149100101057],[-174.453476000417,30.514373799811153],[-174.44291700001946,30.480745300355466],[-174.43167100031633,30.447280900193505],[-174.41976900003925,30.413989999938678],[-174.4072110000875,30.380884199946024],[-174.39396699997698,30.347969100293881],[-174.38009599973051,30.315259900424223],[-174.36555500006313,30.282756799986487],[-174.35038800030588,30.250480700124342],[-174.33457899972097,30.218433400381286],[-174.31813000019926,30.186630200023842],[-174.30105599973453,30.155077000403367],[-174.28334000024074,30.12378120024232],[-174.26503000033418,30.092758200430751],[-174.24610900013019,30.062009799612724],[-174.22657799967487,30.031553299845029],[-174.20643599982145,30.001390499771901],[-174.185715000247,29.971532800098771],[-174.16439800016749,29.941991800281528],[-174.14251700015936,29.912773100398397],[-174.12005600038404,29.883884400444856],[-174.09703099978074,29.855335199959654],[-174.07345599989441,29.827135100104954],[-174.04933199987181,29.799291600327251],[-174.02465799966689,29.771818200349799],[-173.99943500022499,29.744708999720729],[-173.97370900007022,29.717985199957184],[-173.94744899957161,29.691648499878511],[-173.9206850001126,29.665710400015087],[-173.89341699989455,29.640176799919516],[-173.86564599986292,29.615051299577942],[-173.83740199960252,29.590349200055698],[-173.80868500001267,29.566068600185872],[-173.77948000040163,29.542224899959308],[-173.74983200014663,29.518817899726457],[-173.71972700040067,29.495857199750105],[-173.68917799996464,29.473352400293209],[-173.65818799987622,29.451311099727604],[-173.62680100036579,29.429731399584568],[-173.59497100021142,29.408626599937804],[-173.56274399973572,29.387998600155413],[-173.53013599967656,29.367856999600974],[-173.49713100019542,29.34820559970882],[-173.46374500023151,29.329050100381949],[-173.43000800026891,29.310398099992483],[-173.39590499961596,29.292253499799301],[-173.36146499960998,29.274618100245277],[-173.32667499965143,29.257503499886752],[-173.29158000001692,29.240909599798329],[-173.25613400038372,29.224849700053767],[-173.22041299976004,29.209314300214942],[-173.18440200015212,29.194318800272583],[-173.14808700001495,29.179864899945301],[-173.11151100043224,29.165952699957302],[-173.07467699974367,29.152591699847221],[-173.0375669998171,29.139785799974845],[-173.00024399996056,29.127533000247922],[-172.96267699964375,29.115842800205201],[-172.92489600025013,29.104717299763706],[-172.88690200002719,29.094156300173267],[-172.84870899962056,29.084163699994917],[-172.81033299976804,29.074748999666724],[-172.77179000030819,29.065906500184951],[-172.73306299955772,29.057640100110689],[-172.69419899968401,29.049955400421538],[-172.65518199994926,29.042856199853873],[-172.61604299998439,29.03633880039547],[-172.57676699999698,29.030406999883269],[-172.53739900026358,29.025066400194362],[-172.49793999993096,29.020311400350977],[-172.45838899985239,29.016153300334679],[-172.41876199986632,29.012584699624313],[-172.37907399976521,29.009605400369082],[-172.33932500044833,29.007225000133815],[-172.29954499970191,29.005439800006911],[-172.25973500026998,29.004243900435824],[-172.21991000014631,29.003650700419655],[-172.17845200025954,28.837284099781527],[-172.13537600040203,28.837928800373959],[-172.09233100017545,28.839220000202999],[-172.04930099974126,28.841152199914234],[-172.00631699962975,28.843727100125705],[-171.9633939996333,28.846944799762866],[-171.92051699995952,28.850807199992403],[-171.8777469998241,28.855308500187277],[-171.83506800028792,28.860448800172151],[-171.79247999955226,28.866226199679488],[-171.75001499999217,28.872640599784006],[-171.70767199976291,28.879688299775353],[-171.66546599955615,28.887373000363823],[-171.62344399974072,28.895681399677017],[-171.58155799990169,28.904622999951641],[-171.53984099976225,28.914188399675027],[-171.49833699955281,28.924371700193944],[-171.45701599968856,28.935176800069428],[-171.41592399959282,28.946600000389822],[-171.3750309996808,28.958639099614913],[-171.33439599997533,28.971281099843054],[-171.29400599987693,28.984535200239463],[-171.25387600007727,28.998388300379929],[-171.21402000032268,29.012840300439677],[-171.17443799971383,29.027887300058978],[-171.13514699993402,29.043523799883587],[-171.0961759996226,29.059743900360843],[-171.05750999988652,29.076549499959583],[-171.01918000035664,29.093925499961983],[-170.98118600013373,29.11187360008671],[-170.94354199986333,29.130388300080142],[-170.90626500032943,29.149463700389617],[-170.86935399968726,29.169090299677748],[-170.832824999574,29.189270000010652],[-170.79669199973591,29.209993399875657],[-170.76097100001155,29.231252700352002],[-170.72566200040092,29.253044100005354],[-170.69078099984318,29.275361999656695],[-170.6563260000448,29.298194899675025],[-170.62231399999104,29.321540799968091],[-170.58877600021216,29.34539220019002],[-170.55567900008572,29.369741400345504],[-170.52307100002656,29.394582699632053],[-170.49096699982709,29.419906600309503],[-170.45933499981032,29.445707299952062],[-170.42823800018348,29.471975299920302],[-170.39762899967852,29.49870869994669],[-170.3675540004167,29.52589419995752],[-170.33801299970011,29.553525900400132],[-170.30900600022665,29.581594499586629],[-170.28054799999012,29.610092200394888],[-170.25265499972838,29.639011399956303],[-170.22534200013311,29.668344499898922],[-170.19859299956721,29.69808199978462],[-170.17242399966779,29.728214300249874],[-170.14685100027336,29.758731800132637],[-170.12190199997724,29.789627099810957],[-170.09754900018612,29.820892299640036],[-170.07380699979313,29.852516200362516],[-170.05069000034317,29.884492899727661],[-170.02819800003761,29.916809100359842],[-170.00636300035211,29.949457200289714],[-169.98515299981102,29.982427600153756],[-169.96461499968242,30.015706999878262],[-169.94471700028924,30.049291599827598],[-169.92550700024779,30.083169900370763],[-169.90696699962726,30.117322899732187],[-169.88909900031854,30.151750599710567],[-169.87191800031539,30.186441399950809],[-169.85542299957169,30.221383999572083],[-169.83962999972462,30.256574599838075],[-169.82453899987487,30.291988400144703],[-169.81013500022999,30.327625299767931],[-169.79646300016725,30.363470100165159],[-169.78352399973272,30.399517099634579],[-169.77128600014871,30.435750999808931],[-169.75976600040053,30.472158399890361],[-169.74897800023444,30.508737600160259],[-169.73893700034222,30.545471199636324],[-169.72963000012433,30.58234790013563],[-169.72106900013418,30.61935999986423],[-169.71325699961076,30.656496000090499],[-169.70617699956881,30.69374080029786],[-169.69984399980066,30.731080999688515],[-169.69428999998343,30.768514599968967],[-169.6894679997483,30.806026499723316],[-169.68542500036341,30.843601200035494],[-169.682129000353,30.881238899655614],[-169.67961100024738,30.918911000142714],[-169.67784099956239,30.956621200408222],[-169.28874200034298,30.989129999849752],[-169.28828399990658,31.032669100198973],[-169.28874200034298,31.0762080998241],[-169.29007000043009,31.119733800274787],[-169.29228199991428,31.16323470012145],[-169.29539499957949,31.206691699562441],[-169.29937699974866,31.250101099686162],[-169.30427599993737,31.293441799699451],[-169.31002799989221,31.33670039970383],[-169.31669599982047,31.379867599810041],[-169.32424900009121,31.422929799570738],[-169.33268699980513,31.465873699811539],[-169.34199500006912,31.508686100283455],[-169.3522029995687,31.551347699736709],[-169.36328099961835,31.593851100348161],[-169.37524400001053,31.636184699964076],[-169.38807700005344,31.678329500406278],[-169.40179400039273,31.72028160041566],[-169.41636699973716,31.762020099747929],[-169.43182400027732,31.803531600303245],[-169.44813499973037,31.844806699669618],[-169.46530199998722,31.885835599733298],[-169.48333699980262,31.92659759989948],[-169.50221299973006,31.967083000080549],[-169.52194200032298,32.007282299838437],[-169.5424960002901,32.04718019990645],[-169.56390400006947,32.086765299579042],[-169.58612100028387,32.126026199949308],[-169.60919200031049,32.164943699592186],[-169.63305700008041,32.203510299960499],[-169.65774500003164,32.241714499624607],[-169.6832429995647,32.279548600387727],[-169.70951799985573,32.316993700299179],[-169.73660299972858,32.35403819990313],[-169.76446500035939,32.390670800117448],[-169.79309100024938,32.426887499858367],[-169.82250999983654,32.462665600237415],[-169.85266099990514,32.497997299635813],[-169.8835600002937,32.532875100405704],[-169.91522199989529,32.567287400393354],[-169.94760100018593,32.601215400170702],[-169.9807130001048,32.634654999728582],[-170.01452599997484,32.667598699620441],[-170.04904199988832,32.70002749986935],[-170.08425899975296,32.731937400290917],[-170.1201480000301,32.763317100004315],[-170.15670799977428,32.794155100277806],[-170.19392400009247,32.824436199870888],[-170.23179600008527,32.854160299858108],[-170.27030899996029,32.883308400262592],[-170.30944799992517,32.911884299820713],[-170.34918200034895,32.939868899630142],[-170.38952600012473,32.967250799884653],[-170.43044999966767,32.994026200049234],[-170.47195399987712,33.020183599593565],[-170.51402300006131,33.045719099956671],[-170.55664100038177,33.070621500082325],[-170.59979200010065,33.094883000150503],[-170.64346300041706,33.118492099630828],[-170.68763699964774,33.141445200335852],[-170.73233000032917,33.16373439992276],[-170.77748099964833,33.185348500033399],[-170.82310500009561,33.206291199579368],[-170.86917100024138,33.226539600022647],[-170.91568000013183,33.246101399560075],[-170.96261599992837,33.264968899994869],[-171.00994900004625,33.283119200091164],[-171.0576780004393,33.300567600014858],[-171.10577399977021,33.317295099789192],[-171.15423599979147,33.333305400124289],[-171.20303299997289,33.348583199954874],[-171.25216700040667,33.36313250036477],[-171.301604999571,33.376941700099508],[-171.35134900025608,33.390007000422884],[-171.40136700008691,33.402328500260239],[-171.45166000000893,33.413902300151165],[-171.50218199969945,33.424720799925126],[-171.55294799985023,33.434780100121657],[-171.60392799997715,33.444076500030576],[-171.65510600024163,33.452609999651884],[-171.70645100011347,33.4603805998849],[-171.7579649996849,33.467380500010222],[-171.80961600017818,33.473609899677285],[-171.8614199996332,33.479061099790044],[-171.9133149996874,33.483737899984249],[-171.96530200038694,33.487636600448923],[-172.017379999887,33.490760800270834],[-172.06951900040147,33.4931030000036],[-172.12168899964755,33.494659400011471],[-172.17388900027706,33.495445299561084]]]},"properties":{"objectid":3465,"radii":34,"stormid":"cp012026","basin":"cp","stormnum":1,"advnum":"39","validtime":"2026082300","synoptime":"2026082200","timezone":"UTC","tau":24,"ne":150,"se":130,"sw":120,"nw":130,"idp_source":"cp012026_2026082203_forecastradii","idp_filedate":1787371368000,"idp_ingestdate":1787371389000,"st_area(shape)":17.961371694918963,"st_perimeter(shape)":15.972806508573246,"binnumber":"CP2"}},{"type":"Feature","id":3466,"geometry":{"type":"Polygon","coordinates":[[[-172.18972800044679,31.998182300173141],[-172.21026599967607,31.998182300173141],[-172.23081999964319,31.997877099948369],[-172.25134299997939,31.997259100227438],[-172.27185099962387,31.996337900373931],[-172.29234300032914,31.995107699760695],[-172.31280499965095,31.993574100264652],[-172.33323700028726,31.991733599925851],[-172.35362199965547,31.989589699804924],[-172.37394699985407,31.987140700183318],[-172.39424100042174,31.98438839970504],[-172.41445900018263,31.981328999633774],[-172.43460100003605,31.977968199872691],[-172.45468099972828,31.974309899882144],[-172.47468599955917,31.970348399758961],[-172.49459799959791,31.96608919975688],[-172.51441999998295,31.961534499617585],[-172.53413399988412,31.956682200323428],[-172.5537570000854,31.951538099803599],[-172.57325700001047,31.946102100032022],[-172.59265100044323,31.940366699763501],[-172.61192299974655,31.934352899966484],[-172.63105799992667,31.92804529975092],[-172.65004000024575,31.92145539964713],[-172.66890000033467,31.91457940001942],[-172.68762200035496,31.907424900139176],[-172.70617699986857,31.899993900098536],[-172.72457900042045,31.892282500437204],[-172.74281300041955,31.884298300426394],[-172.76087999991199,31.876041399890823],[-172.77876299991243,31.867515600264881],[-172.79647800025944,31.858726499828265],[-172.8139949995695,31.849672299936856],[-172.83132900033303,31.840356800226289],[-172.84846500005963,31.830779999797301],[-172.86540199960251,31.820955300346952],[-172.88211100032234,31.810872999989101],[-172.89862099995909,31.800546600245525],[-172.91491699961975,31.78997419994954],[-172.9309840004112,31.779153799908102],[-172.94680799988922,31.768102599655379],[-172.9624180002904,31.756812999920157],[-172.97778300018524,31.745290800430212],[-172.99292000035766,31.733541499640637],[-173.00779700023131,31.721569100433783],[-173.02241499985229,31.709377299922608],[-173.03677400011995,31.696966199730468],[-173.05088799988121,31.684345199571453],[-173.06474300028916,31.671510700358681],[-173.07830799991419,31.658468199647814],[-173.09161400018587,31.645227400224485],[-173.10464500036639,31.631795899561268],[-173.1173709999716,31.618164100093281],[-173.12983700017733,31.604349099731337],[-173.14201399964628,31.590347300287817],[-173.15388500029246,31.576164200217818],[-173.16548199999423,31.561811399876319],[-173.17675800018148,31.547283200259642],[-173.18772899979342,31.532585099822654],[-173.19841000042112,31.517728799644544],[-173.20877099978173,31.502716100168016],[-173.21882600031958,31.487548800037246],[-173.22856099959037,31.472236600239057],[-173.23799100008452,31.456775700238495],[-173.24708600041851,31.441183099920295],[-173.25585900029256,31.425453200105267],[-173.264312999845,31.409593600064738],[-173.27243000004438,31.39360999970188],[-173.28021200008365,31.377512000178797],[-173.28767399975521,31.361295700236496],[-173.29480000011984,31.344972600405356],[-173.30157499958648,31.328542699785885],[-173.30802900043795,31.312009799812529],[-173.31413300043755,31.295393000286879],[-173.31988500039239,31.27867890041108],[-173.32531699997949,31.261886599986724],[-173.33038299977554,31.245012300277551],[-173.3351140003108,31.228067400190525],[-173.33949299990195,31.211051899725533],[-173.34352100039376,31.193977400137044],[-173.34719799998763,31.176843600152154],[-173.35054000032068,31.159656500047561],[-173.35351599996335,31.142423600169138],[-173.35613999956126,31.125146899709819],[-173.35839800026741,31.107835800182158],[-173.36032099991414,31.09049220005511],[-173.36187699972368,31.073123900048074],[-173.36308299958068,31.05573459997197],[-173.36393700029225,31.038324399651458],[-173.36442600035954,31.020906400410183],[-173.3645780001745,31.003486599826886],[-172.97627299979902,30.991872799889961],[-172.97595200028451,30.98026080039574],[-172.97537199961801,30.968660400357351],[-172.97457899992082,30.9570656003973],[-172.97352599992487,30.945484200335727],[-172.97225999999893,30.933923699619186],[-172.97076400025833,30.92237849996792],[-172.96900900026506,30.910862000381144],[-172.96702599965008,30.899370199775035],[-172.96482799991219,30.887912800035849],[-172.96238699976016,30.876489599715399],[-172.9597020000472,30.865102800354123],[-172.95681800015052,30.853757900406947],[-172.95367399995507,30.842460599776985],[-172.9503169998296,30.831209199645002],[-172.94673199998175,30.820012999900143],[-172.94291700031923,30.808870299924536],[-172.93887299998889,30.797788600063996],[-172.93461599972852,30.786764099783511],[-172.93011499990723,30.775808299613459],[-172.92541499990224,30.764921199553839],[-172.92048600012873,30.75410650031489],[-172.91535900021762,30.743362399655155],[-172.91000399968476,30.732704200438661],[-172.9044190002366,30.722124100147255],[-172.89863599975152,30.711629900399714],[-172.89263900018963,30.701219600204524],[-172.88642899979843,30.690902699999754],[-172.88002000012284,30.680681199877597],[-172.87339799961791,30.670558900373123],[-172.8665769998286,30.660535799687523],[-172.85955799990171,30.65061570015456],[-172.8523409998372,30.640800500243017],[-172.84492499958898,30.631097800123541],[-172.83731100010249,30.621507599796018],[-172.8294980004323,30.612031900252134],[-172.82150299956371,30.602674500228147],[-172.81332400010245,30.59343529989934],[-172.804962000296,30.584320099892864],[-172.79643199993677,30.575338399747466],[-172.78770400033926,30.566480600099737],[-172.77879300039658,30.557750700234749],[-172.76971399990109,30.549161900401543],[-172.76046799979827,30.540710400065052],[-172.75105299999586,30.532390600046313],[-172.74146999964069,30.524221399598048],[-172.73173500036989,30.516197200440615],[-172.72183199964698,30.508314100415532],[-172.71177700000848,30.500583600053233],[-172.70155299977105,30.493001899718024],[-172.69119299955722,30.485576599580554],[-172.68067900033552,30.478301999737653],[-172.67002900023809,30.471195199898716],[-172.65924100007203,30.464242899989983],[-172.64830000004488,30.457456599642512],[-172.63722199999523,30.450832400295155],[-172.62603799955397,30.444374099785023],[-172.61471599994337,30.438083600178174],[-172.60325600026414,30.431962999592884],[-172.59169000019327,30.426017800081524],[-172.58000199989232,30.42024609957798],[-172.56820700005292,30.414648100429645],[-172.55628999998345,30.40922930019218],[-172.54426600037553,30.403989799589738],[-172.53215000012233,30.398929600420843],[-172.51992800037684,30.394052499623285],[-172.50761399998603,30.389352799991855],[-172.49520899989534,30.38484570006915],[-172.48271200005868,30.380521800141082],[-172.47013900031453,30.376388499829545],[-172.45747399992507,30.372444200139853],[-172.44473299962814,30.368688599799157],[-172.4319310001155,30.365119900163393],[-172.41905199974991,30.361749599964185],[-172.40609700037618,30.358570099930319],[-172.39309699982661,30.355585099872599],[-172.38002000022274,30.352790800155447],[-172.36689800034236,30.35019489987485],[-172.35372900009321,30.347795499662709],[-172.34053000025924,30.345592499694249],[-172.32725499961848,30.343591699697299],[-172.31396500008461,30.341787299944087],[-172.3006440000205,30.340183299719627],[-172.28729200032546,30.338775599914129],[-172.27391100019244,30.337570199904917],[-172.26048299969059,30.33656310040692],[-172.24706999988052,30.335760100248592],[-172.23362699958628,30.33515550042614],[-172.22016900039898,30.334756900210891],[-172.20672600010474,30.33455470023938],[-172.19160499977085,30.168188099601252],[-172.17480500025047,30.168439899881605],[-172.15803500031492,30.168943399718273],[-172.1412660004255,30.169696799567816],[-172.12451200032848,30.170701999697656],[-172.10777300002385,30.171955099748175],[-172.0910800000419,30.173463799714739],[-172.07440199985234,30.175216699791008],[-172.05776999998542,30.177221300322913],[-172.04118300039508,30.17947200033268],[-172.02464300027415,30.181970600263128],[-172.0081480004298,30.184717199938973],[-171.99169900000877,30.187711700434761],[-171.97534200023304,30.190950400140991],[-171.95902999983454,30.19443320013221],[-171.94281000008135,30.198158299965712],[-171.92663599975151,30.202123599724473],[-171.91056799981325,30.206338900220203],[-171.89457699982862,30.210788699838758],[-171.87867700044313,30.215476999663963],[-171.86286899990435,30.220397900143098],[-171.84716799980328,30.225561099565255],[-171.83157300009381,30.230953199830424],[-171.81607100017644,30.236581800210047],[-171.8007050002355,30.242443100169055],[-171.78544599983294,30.248531299979675],[-171.77030899966053,30.254846600190604],[-171.75530999955677,30.261388800253087],[-171.74043299968312,30.268150299996478],[-171.72569299983201,30.275138900140291],[-171.71110499979582,30.28234479987276],[-171.6966549998283,30.289766300374595],[-171.68235799972183,30.297405200289916],[-171.66821300032962,30.305250199637157],[-171.65422099989914,30.313312500371751],[-171.64039599997534,30.321580899638946],[-171.62673999975112,30.330053300219788],[-171.61326599982596,30.338733699600709],[-171.59995999955427,30.347606699589676],[-171.58680700004294,30.356683699992914],[-171.57388300030016,30.365953399929595],[-171.56111100037231,30.375415800299095],[-171.54853799972884,30.385066999842309],[-171.53616300012229,30.394905100090455],[-171.52398699980012,30.404926299609201],[-171.51200899961557,30.415130600197188],[-171.50024400026032,30.425512300152661],[-171.48867800018948,30.436067599839987],[-171.47734099988716,30.446794500066289],[-171.46620199972244,30.457689300121274],[-171.45529200022554,30.468749999912689],[-171.44461099959787,30.479969000169376],[-171.43414299979952,30.491348300084098],[-171.42391999960822,30.502883900371842],[-171.41391000024623,30.514570200054834],[-171.4041440004452,30.526401500129282],[-171.39462300025119,30.538381600230821],[-171.3853299997796,30.550497099561653],[-171.3763120002985,30.562751799556054],[-171.3675079998942,30.575141899679068],[-171.35897800043429,30.587661700027581],[-171.35067699984359,30.600303600430948],[-171.34265100024339,30.613069500257382],[-171.33486900020412,30.625951800235555],[-171.32736200025602,30.638952299908851],[-171.32011399966129,30.652059600370421],[-171.31312600026462,30.665275600088989],[-171.30641200001372,30.678590800425241],[-171.29995700001547,30.692012799751069],[-171.29377700010841,30.705522500063466],[-171.28787200029251,30.719121899656102],[-171.28224199966849,30.732809100060081],[-171.27690099978125,30.746581999559794],[-171.27182000019278,30.760427500428932],[-171.26702899958858,30.774351100223214],[-171.26251199992879,30.788341499860451],[-171.25830099999109,30.802394899705007],[-171.25434900030604,30.816513100199586],[-171.250702000297,30.830690399642378],[-171.24733000037915,30.844917300293332],[-171.24424700029874,30.859191900086273],[-171.24146999994048,30.873512299653044],[-171.23896799967338,30.887868899630178],[-171.23675500014306,30.902263600285096],[-171.23483299964315,30.916688900372606],[-171.23321499967241,30.931137099897398],[-171.2318879996314,30.945610000201498],[-171.23086500011959,30.960102100131962],[-171.23013299963816,30.97460559986871],[-171.22967500010111,30.989116699775991],[-171.03543099974078,31.003496200089728],[-171.03556799976332,31.020914100405548],[-171.036071999623,31.038328200186413],[-171.03692600033457,31.05573459997197],[-171.03813200019158,31.07312769968371],[-171.03968800000112,31.090496100414839],[-171.04159499980932,31.107837700449636],[-171.04386900035399,31.125148799977296],[-171.04649399999803,31.142425500436616],[-171.04946899959458,31.159662199950731],[-171.05279500008911,31.176847499612563],[-171.05647299972907,31.193981199772679],[-171.06050100022091,31.211055800085262],[-171.06489599965059,31.228073100093638],[-171.06961100034732,31.245019900448199],[-171.07469199993577,31.261890399622416],[-171.08010899973047,31.278684600314193],[-171.08587600037703,31.295394899655037],[-171.09198000037665,31.312017399983176],[-171.09841899963703,31.328546500320897],[-171.10520899979542,31.344972600405356],[-171.11233500016004,31.361295700236496],[-171.11979699983161,31.377515799814432],[-171.12757899987088,31.393617599872471],[-171.13571199990878,31.409595500332216],[-171.1441499996227,31.425456999740902],[-171.1529240004422,31.441183099920295],[-171.16203299962316,31.456783300409143],[-171.17144800032489,31.472238499607215],[-171.18118299959568,31.487552599672881],[-171.19123800013352,31.502719899803651],[-171.20159900039349,31.517734500446977],[-171.21226500032944,31.532590899550542],[-171.22325099973378,31.547283200259642],[-171.23454299975955,31.561811399876319],[-171.2461089998304,31.576168099678227],[-171.25799600031507,31.590354899559088],[-171.27017199973793,31.60435300009101],[-171.28262300015126,31.618166000360759],[-171.29536400044819,31.631799700096224],[-171.30837999993696,31.64523510021985],[-171.32168600020867,31.658472100007543],[-171.3352659996261,31.671514499994316],[-171.34910600024165,31.684345199571453],[-171.36322000000291,31.696970000265424],[-171.37759400006297,31.709381099558243],[-171.3922270003757,31.721572900069418],[-171.4070889995576,31.733545300175592],[-171.42222599973002,31.745296500333382],[-171.43759199967099,31.756818799648045],[-171.45318600023364,31.768102599655379],[-171.46904000019578,31.779161499903466],[-171.48509200029551,31.789976100217018],[-171.50137300016374,31.800552399973412],[-171.51789899963904,31.810880699984466],[-171.53462200010514,31.820959099982645],[-171.55154399985562,31.830783800332256],[-171.56866499978983,31.840356800226289],[-171.58601400034576,31.849672299936856],[-171.60353099965585,31.858726499828265],[-171.62123100021043,31.867519399900516],[-171.63913000004939,31.876047099793936],[-171.65719600039503,31.884298300426394],[-171.67543000039413,31.892282500437204],[-171.69383200004668,31.899993900098536],[-171.71238699956029,31.907424900139176],[-171.73109399978819,31.914583199655112],[-171.74995399987711,31.92145539964713],[-171.76896699982711,31.92804529975092],[-171.7881009999611,31.934352899966484],[-171.80735800037135,31.940374399758866],[-171.82673600006626,31.946102100032022],[-171.84625199982986,31.951538099803599],[-171.86586000023874,31.956684099691586],[-171.88558999997844,31.961534499617585],[-171.90541100031734,31.966093100116609],[-171.92532300035612,31.970352200293974],[-171.94531200034845,31.974309899882144],[-171.96539300008681,31.977968199872691],[-171.98554999973263,31.981330899901252],[-172.00576800039283,31.98438839970504],[-172.02604700026876,31.987140700183318],[-172.04638700025978,31.989589699804924],[-172.066771999628,31.991733599925851],[-172.08718899957259,31.993574100264652],[-172.10765099979372,31.995107699760695],[-172.12814299959967,31.996337900373931],[-172.14866599993587,31.997259100227438],[-172.16918900027207,31.997877099948369],[-172.18972800044679,31.998182300173141]]]},"properties":{"objectid":3466,"radii":50,"stormid":"cp012026","basin":"cp","stormnum":1,"advnum":"39","validtime":"2026082300","synoptime":"2026082200","timezone":"UTC","tau":24,"ne":60,"se":50,"sw":40,"nw":60,"idp_source":"cp012026_2026082203_forecastradii","idp_filedate":1787371368000,"idp_ingestdate":1787371389000,"st_area(shape)":2.8694989423053894,"st_perimeter(shape)":6.6648966324934289,"binnumber":"CP2"}},{"type":"Feature","id":3468,"geometry":{"type":"Polygon","coordinates":[[[-173.07547000034018,34.12907409998985],[-173.12277199992778,33.962711299886735],[-173.16827400014492,33.962036099686372],[-173.21374499983179,33.960689499820717],[-173.25917100014146,33.958667799579416],[-173.30455000008237,33.955970800212413],[-173.34988399974671,33.952598599745727],[-173.39511099987266,33.948554999613691],[-173.44024700029874,33.94384380035126],[-173.48526000044859,33.938465099984512],[-173.53016700020683,33.932414999952414],[-173.57492100010398,33.925701100425613],[-173.61952200014011,33.918327299965085],[-173.66395599966958,33.910289799834516],[-173.70820599970705,33.901596100379891],[-173.75225799960691,33.892253899797765],[-173.7960969995768,33.882247899720937],[-173.83969099993962,33.871597299775715],[-173.88305699968072,33.860309600307971],[-173.92616300002237,33.848373399712784],[-173.96900900006523,33.835796399784158],[-174.01156600027062,33.822589899604338],[-174.0538179999007,33.808757800432261],[-174.09577899960107,33.79430009957008],[-174.13740500004064,33.779220600250653],[-174.17869600032009,33.763523100310977],[-174.21963499965543,33.747222899917062],[-174.26020800009906,33.730316200332538],[-174.30040000005988,33.712810500104638],[-174.34019499969941,33.694709800317185],[-174.37960799970935,33.676021600416675],[-174.41859399981317,33.656753499674437],[-174.45715300001086,33.6369095000735],[-174.49526999961071,33.616497000336437],[-174.53292799962742,33.595519999748319],[-174.57014499999167,33.57399370044908],[-174.60687300028866,33.551914200280237],[-174.64312700031073,33.529296900131953],[-174.67886399987361,33.506145499815091],[-174.71409600043,33.482467700224333],[-174.74882500027346,33.458267200271223],[-174.78300499998068,33.433555600310854],[-174.81665000019728,33.408351900320099],[-174.84974700032373,33.382640800132947],[-174.8822780004293,33.356452900081422],[-174.91422999991448,33.32978059999482],[-174.94561800037036,33.302639000389718],[-174.97641000032118,33.275039699822457],[-175.0065920000207,33.246990200437551],[-175.03616300032212,33.218490600261134],[-175.06514000021076,33.189563799629809],[-175.09347500017105,33.160209699618065],[-175.12118500008762,33.130435900396606],[-175.14823900032954,33.100261699617874],[-175.17465199978989,33.069686900330339],[-175.20039399978319,33.038726800001939],[-175.22547900005574,33.007392900062428],[-175.2498929999619,32.975692699958302],[-175.27362099970929,32.943630199873951],[-175.29664600031259,32.911228200321318],[-175.3189999996502,32.878482800041354],[-175.34065199988981,32.845417000094642],[-175.36158800038584,32.812034600116874],[-175.38182099993912,32.778343200278641],[-175.40133699970269,32.744358099846579],[-175.42013499963045,32.710094500061246],[-175.43820200002222,32.675552400023378],[-175.45553599988642,32.640750900433829],[-175.47212200032999,32.605693800028973],[-175.48799100008452,32.570396399874085],[-175.50309799977279,32.534874000135119],[-175.51745599999433,32.499130199898957],[-175.5310520001496,32.463184400240038],[-175.54391499977734,32.42704010042047],[-175.55600000039962,32.390701299725322],[-175.56733699980262,32.354202300096233],[-175.57791099999258,32.317535399739029],[-175.58770800032389,32.280715899719155],[-175.5967560002891,32.243759200027228],[-175.60499599986542,32.206676499920661],[-175.61250299981353,32.169467900123664],[-175.61921700006442,32.132164000068713],[-175.62515300041056,32.09476469993109],[-175.6303249996989,32.057281500241174],[-175.6347200000279,32.019725799905871],[-175.63833600040601,31.982112899990511],[-175.64117399998003,31.944452300033788],[-175.64323399964928,31.906751600206348],[-175.64451600031308,31.869026199599602],[-175.64503499996519,31.831293099896811],[-175.64477499966642,31.793556199659008],[-175.25256299988246,31.765916800120351],[-175.25115999993398,31.733999300427513],[-175.24911500005715,31.70211600015341],[-175.24639899981392,31.67026709984691],[-175.24305700038019,31.638458300310447],[-175.23905900037249,31.606702799994366],[-175.23440599983695,31.57501410042056],[-175.22911100027238,31.543399799960923],[-175.22317499992624,31.511867499685479],[-175.21659899974398,31.480432499760184],[-175.20938099963334,31.449094800185037],[-175.20153800037835,31.417871499770058],[-175.19305400034176,31.386766399949522],[-175.18394500026147,31.35579110017926],[-175.17422499988376,31.324960700076417],[-175.1638639996238,31.294275300364973],[-175.15287800021946,31.263748200219425],[-175.14129600031009,31.233386999810364],[-175.12910500019552,31.203205099935531],[-175.11630199973743,31.173206300230731],[-175.10290499976585,31.143403999694954],[-175.0888980004423,31.113803900030121],[-175.07431000040611,31.084413499783352],[-175.05912799995716,31.055246400301257],[-175.04336499969492,31.02631000030641],[-175.02703900044943,30.997606299890947],[-175.01011699979964,30.969154399755894],[-174.99263000007437,30.940952299808941],[-174.97460900000527,30.913017300308297],[-174.95600900021512,30.885355000433094],[-174.936874000035,30.857965500007936],[-174.91719099976476,30.830869700176663],[-174.89697300000387,30.804069500307321],[-174.87622099989915,30.777574499763489],[-174.85493500034991,30.751386599711964],[-174.83314500004164,30.725521100318645],[-174.81085199991978,30.699983599863401],[-174.78805499993823,30.674776100236954],[-174.76475500014305,30.649911899714539],[-174.74096700032672,30.625398600265328],[-174.71669000044309,30.601240200275186],[-174.6919560001692,30.577442199997677],[-174.66674799962041,30.554021799866291],[-174.6410829995807,30.53097339980269],[-174.61496000000392,30.508308399613099],[-174.58840899957559,30.48603440036743],[-174.56141700039419,30.464157100170155],[-174.53398099962337,30.442686100183494],[-174.50616500021451,30.421623199950886],[-174.47790500011558,30.400978099559779],[-174.44924899974146,30.380754499720524],[-174.42021199978387,30.360956200068699],[-174.39077800040431,30.341592799967884],[-174.36097700028824,30.322670000220455],[-174.33081100042725,30.304191599562841],[-174.30027799982975,30.286159500061046],[-174.26940899992533,30.268585200446807],[-174.23820499986078,30.25147250035576],[-174.20664999979758,30.234819399695709],[-174.17478900001225,30.218645099891603],[-174.14260899990535,30.202939999781336],[-174.11012300007633,30.187715500070397],[-174.07734700036369,30.172975500219309],[-174.04429599966059,30.158723799863594],[-174.01097099981172,30.144962300170164],[-173.97738599966408,30.131704300313345],[-173.94352700037069,30.118938399587591],[-173.90945400020186,30.106677999690078],[-173.87512199978039,30.0949306000673],[-173.84057600028211,30.083688700373386],[-173.80581699995452,30.072961800147084],[-173.77084399965079,30.062745999928097],[-173.73570299969361,30.053058599974577],[-173.70036299955271,30.043891900291101],[-173.66484100001207,30.035247800245941],[-173.62916599971103,30.02713390000963],[-173.59333800044828,30.019552199674422],[-173.55735799957193,30.012504600407112],[-173.52125500021802,30.00598720004939],[-173.48504599957315,30.000003800035472],[-173.44871499959748,29.994560200093304],[-173.41227700008341,29.989660299683237],[-173.37574799997014,29.985300100419465],[-173.33914199990329,29.981481599696224],[-173.3024749997214,29.978206599754913],[-173.26574700032373,29.975473399977545],[-173.2289579999117,29.973287600442575],[-173.19213899991485,29.971652999886203],[-173.15530400007947,29.970556300033365],[-173.11843899975995,29.970010800058503],[-173.07994099967732,29.803644200319752],[-173.03979500003913,29.804237400335921],[-172.99966400019338,29.805429500271373],[-172.95957899977094,29.807214700398276],[-172.91952499987877,29.809595099734224],[-172.87951700030925,29.812570600253139],[-172.83958399970174,29.81613540042855],[-172.79971300015475,29.820295299988231],[-172.75993300030765,29.825046500195981],[-172.72026100004504,29.830383300249252],[-172.68067900033552,29.836311300226441],[-172.64123499979533,29.842824900049266],[-172.60189799969285,29.849922200349397],[-172.56272900014318,29.857601200135434],[-172.52369699971669,29.865860000039106],[-172.48483299984298,29.874698600060469],[-172.4461670001069,29.884109499853651],[-172.40766900002424,29.894092599593932],[-172.36935400028682,29.90464780035586],[-172.33128400015642,29.915767699819639],[-172.29341100011749,29.927450199866996],[-172.25578299968561,29.939697299690749],[-172.21838399992157,29.952497499660012],[-172.1812440004102,29.965847000139092],[-172.14437900009071,29.979749699689023],[-172.10777300002385,29.994199800380613],[-172.07145699984059,30.009183899617426],[-172.03544600023264,30.024709700092728],[-171.99972499960896,30.040763899934177],[-171.96432500029846,30.057348299584476],[-171.92926000024875,30.074453400404252],[-171.89454700024379,30.092075300235081],[-171.86015299966112,30.110210399990137],[-171.82614099960736,30.128852800116761],[-171.79247999955226,30.147998799904826],[-171.75920100002605,30.167638799990755],[-171.72633399971423,30.187766999747396],[-171.69383200004668,30.208387400258459],[-171.66174299963964,30.229482700366475],[-171.63008100003805,30.251048999711713],[-171.59883099965083,30.27308270010667],[-171.56802399990758,30.295574200389183],[-171.53767399965528,30.318523399835158],[-171.50776700004693,30.341917000169587],[-171.47831699992952,30.365751299782801],[-171.449341000087,30.390022300289047],[-171.42086800005808,30.414712900180348],[-171.39286800025792,30.439821200088431],[-171.36535599957963,30.465345399570651],[-171.33836400039823,30.491273900070553],[-171.31187400008497,30.517602900153861],[-171.28591900016164,30.544313399843645],[-171.26048299989046,30.571405400039339],[-171.2355959997555,30.598876999574031],[-171.21124299996441,30.626708999720677],[-171.18746899989435,30.654893900133516],[-171.16423000021427,30.683433500355875],[-171.14157100030135,30.712312699871347],[-171.11947600031709,30.741517999855944],[-171.09797699993851,30.771051400401973],[-171.07705700018033,30.800895700176568],[-171.05674699977413,30.831050900079106],[-171.03703299987296,30.861499799676153],[-171.01794400001552,30.892232900328224],[-170.99945099976375,30.923252099604838],[-170.98158299955571,30.954538300402362],[-170.96434000029072,30.986080200041329],[-170.9477230002162,31.017873800135931],[-170.93176299986249,31.049915300151099],[-170.91644300024419,31.082180000206961],[-170.90176399960882,31.114675499574787],[-170.88774100044674,31.147378899716614],[-170.87438999989851,31.180290199733065],[-170.86169399987813,31.213388399555129],[-170.84965499957849,31.246669800271206],[-170.83830300038309,31.28012660026252],[-170.8276209997093,31.313751200257855],[-170.81762700018584,31.347520799745269],[-170.80830400012943,31.381439200159093],[-170.79966700023181,31.415487299899098],[-170.79174800017,31.449659300136716],[-170.78449999957525,31.483945800258596],[-170.77795399987713,31.518329599831304],[-170.7721100001763,31.552808800385947],[-170.76696799957344,31.587369900400745],[-170.76252699982112,31.622001599894077],[-170.75880399990459,31.656696299594671],[-170.75578299998537,31.691434899700994],[-170.75347899985587,31.726221100023906],[-170.75187699972369,31.76102640014841],[-170.35954299970959,31.790977499811902],[-170.35917699991853,31.831613499563503],[-170.35965000014733,31.87224960003914],[-170.3609469997042,31.912876100251992],[-170.36306800038784,31.953477899685481],[-170.36605799977679,31.994039500322799],[-170.36985799964688,32.034549700208629],[-170.37449600039002,32.07499689988714],[-170.37999000013832,32.115371699644356],[-170.38629200027552,32.155654899853914],[-170.39344800022496,32.195842699980744],[-170.40142800040181,32.235916100048144],[-170.41024799974531,32.275871300420306],[-170.41989100016946,32.315685300036705],[-170.43035899996781,32.355346699990378],[-170.44168099957838,32.394847900110619],[-170.45379599978548,32.434177399867281],[-170.46673600026611,32.473323800353228],[-170.48051499986727,32.512268099793118],[-170.49510199985733,32.551006299801031],[-170.51048299959069,32.589515699689912],[-170.5267030002432,32.627796199635043],[-170.54370099990115,32.665828699834776],[-170.56150799999412,32.703605699943239],[-170.5801089998304,32.741111799969758],[-170.59950300026318,32.778335600107994],[-170.61969000039312,32.815265699652457],[-170.64063999973612,32.85189059987141],[-170.66236899992933,32.888202699695],[-170.68487499998119,32.924186699856477],[-170.70813000039911,32.959823600379025],[-170.73216199977639,32.995117199998901],[-170.75692699968121,33.03004839981395],[-170.78245499969839,33.064609499828691],[-170.80868499971288,33.098781599891083],[-170.83566300004733,33.132564500351577],[-170.8633729999639,33.165935499623743],[-170.89176900003923,33.198890700045922],[-170.92088299995041,33.23142620035901],[-170.95068400006647,33.263526900046543],[-170.98118600013373,33.295173600381474],[-171.01235999971414,33.32636640028926],[-171.04420499966093,33.357093800138898],[-171.07670600018167,33.387336700128742],[-171.10986300037709,33.417102800254156],[-171.14364599976301,33.446365399643639],[-171.17806999993047,33.475124400271],[-171.21308899965754,33.503368399632109],[-171.24874900016616,33.531093599889857],[-171.28498800039583,33.558280900343448],[-171.32180800043881,33.584922799747574],[-171.35922199999521,33.611022899887075],[-171.39718599973403,33.636562299710533],[-171.43569899960906,33.661529499586891],[-171.47476199966647,33.685924500415524],[-171.51434300022919,33.709735899692134],[-171.55444300044405,33.732955900294712],[-171.59503199982686,33.75558090043836],[-171.63612399992257,33.777599299768042],[-171.67768900024709,33.79899980010083],[-171.71972699990104,33.819786100348381],[-171.76220700015287,33.839942900344738],[-171.80513000014932,33.85947039973928],[-171.84846500025947,33.878353099615993],[-171.89221199958405,33.896595000159266],[-171.93635600012922,33.914180800303825],[-171.98088100025788,33.931114199860588],[-172.0257720001776,33.947380100111673],[-172.07101400009594,33.962978400333043],[-172.11659200022055,33.977901500354108],[-172.16249099985967,33.99214940017481],[-172.208694000028,34.005710600164207],[-172.25520299991842,34.018588999782651],[-172.30198699990004,34.030776999758871],[-172.3490140002958,34.042259200102137],[-172.39631699992952,34.05305099990386],[-172.44383200034648,34.063137099897403],[-172.4915619998863,34.072513599722981],[-172.53950500025547,34.081188200275392],[-172.58763100007053,34.089141799954234],[-172.63590999974662,34.096386000014036],[-172.68435699997551,34.102912899910564],[-172.73292500038838,34.108715100021982],[-172.78163099997059,34.113803900329856],[-172.83044399999054,34.118160200133275],[-172.87933299991795,34.121803299782584],[-172.92828400000653,34.124706299656168],[-172.97730999995645,34.126892100090515],[-173.02638200022906,34.128345499845068],[-173.07547000034018,34.12907409998985]]]},"properties":{"objectid":3468,"radii":34,"stormid":"cp012026","basin":"cp","stormnum":1,"advnum":"39","validtime":"2026082312","synoptime":"2026082200","timezone":"UTC","tau":36,"ne":140,"se":120,"sw":110,"nw":130,"idp_source":"cp012026_2026082203_forecastradii","idp_filedate":1787371368000,"idp_ingestdate":1787371389000,"st_area(shape)":16.150912323597041,"st_perimeter(shape)":15.23751988027076,"binnumber":"CP2"}},{"type":"Feature","id":3469,"geometry":{"type":"Polygon","coordinates":[[[-173.09140000020977,32.631816900329852],[-173.10690300017325,32.465450299691724],[-173.12066699998198,32.465244300084521],[-173.13442999974461,32.464832299970794],[-173.14816299992242,32.464222000245286],[-173.16189600010026,32.463405600188423],[-173.17561300043954,32.462387099984824],[-173.18930100034081,32.461162600174021],[-173.20295699966573,32.459739700027285],[-173.21659900014367,32.458110800273346],[-173.2301789995611,32.456283600008305],[-173.24372900029306,32.45425030031123],[-173.25724799959542,32.452018700103054],[-173.27070599968206,32.449584999748083],[-173.28410299965364,32.446956599767418],[-173.29745500024799,32.444126099639959],[-173.31074499978183,32.44110110043556],[-173.32395900030755,32.437870000000657],[-173.33711199981886,32.43445209958486],[-173.35018900032202,32.430839500442744],[-173.36319000001842,32.427032500249823],[-173.3760989999688,32.423030900255981],[-173.38894699980412,32.418838500096854],[-173.40167200026252,32.41446299976775],[-173.41432199996026,32.409893000361819],[-173.42687999991199,32.405136100250957],[-173.43933100032532,32.400196099970174],[-173.45167500030095,32.395069100059061],[-173.46391299988497,32.389766699973393],[-173.47602800009204,32.384273499722383],[-173.48803699990754,32.378604900196137],[-173.49992400039224,32.372764600306198],[-173.51168799970134,32.366748800416929],[-173.52331499988725,32.360553699993432],[-173.53480500005062,32.354190799565913],[-173.5461729999839,32.347652400038385],[-173.5574039998946,32.340950000142527],[-173.56849699973668,32.334087400413352],[-173.5794369997177,32.327056899956119],[-173.59022499988376,32.319866199665512],[-173.60087600002731,32.312519100076543],[-173.61134299977954,32.305011699930162],[-173.62167399955536,32.297344199775125],[-173.63183599963159,32.289531700128009],[-173.64184599989289,32.281570399554425],[-173.6516719997629,32.273456600042209],[-173.66134599981797,32.265201599774173],[-173.67082199973544,32.256805399649636],[-173.68014499979182,32.248268100392636],[-173.68926999971063,32.239597300375237],[-173.69822699997599,32.230789199961748],[-173.70698500005764,32.221855199857714],[-173.71556099984019,32.212783800432192],[-173.72396899996929,32.203594200412169],[-173.73216200007616,32.194274900166647],[-173.74015800009155,32.184841199861637],[-173.74797099976175,32.175285299677],[-173.75556900030904,32.165615100156913],[-173.76296999986553,32.155838000023834],[-173.77017200013762,32.145954100001859],[-173.77716099958039,32.135955799920396],[-173.78393599994635,32.125862099756262],[-173.79051200012861,32.115669299698538],[-173.79687500038088,32.105380999733484],[-173.8030239997577,32.095001200045488],[-173.80894500031144,32.084526100099595],[-173.81465099994361,32.073966999877314],[-173.82014499969191,32.063327799738317],[-173.8254240003173,32.052604700047027],[-173.8304599996292,32.041809099710349],[-173.83528099981822,32.030940999627603],[-173.83989000012332,32.019996600163097],[-173.84425399992207,32.00899119968426],[-173.8484039997447,31.997919100086563],[-173.85231000000641,31.986791599552816],[-173.8559879996464,31.975601200435221],[-173.85945100016346,31.964364999745101],[-173.86265599957466,31.953075400009823],[-173.86564599986292,31.941739999601452],[-173.86839299973707,31.930364600046403],[-173.87091099984269,31.918947200353159],[-173.87319900013367,31.907493600249609],[-173.87524400001053,31.896011399906342],[-173.87704500032643,31.884500500397905],[-173.87861599992837,31.872960999750489],[-173.87994400001551,31.861400599758042],[-173.88104200028801,31.84982679986706],[-173.88189700014635,31.838235900266739],[-173.88250700039768,31.826631500043845],[-173.88288900002726,31.815023400010034],[-173.8830260000498,31.803407699805632],[-173.4915009995714,31.796495399942899],[-173.49134799971034,31.79069140028804],[-173.49108900035699,31.784887299909087],[-173.49070699982809,31.779092799793034],[-173.4902040000145,31.773300199944401],[-173.48957799992468,31.767515200266416],[-173.48884600034256,31.761743499762872],[-173.48799099958489,31.755979500153956],[-173.48701500044183,31.750232700079209],[-173.48591600012324,31.744501100345644],[-173.48471100031233,31.738788600413727],[-173.48338300022522,31.733087500288036],[-173.48194899974646,31.72741129969188],[-173.4803919998908,31.721756000239338],[-173.47871399985112,31.71612930012725],[-173.47691300043454,31.71052360008423],[-173.47502100041876,31.704950299916561],[-173.47299200038043,31.699401900177691],[-173.47087099969681,31.693881999954499],[-173.46862799968235,31.688402199601967],[-173.46626300033711,31.682951000388528],[-173.46379099965483,31.677534100418541],[-173.46122700012589,31.672155400051793],[-173.45852699972119,31.666818599998521],[-173.45573400042372,31.661521899815966],[-173.45283499983529,31.656265300403447],[-173.4498289997085,31.651054400040664],[-173.4467010002509,31.645887400083609],[-173.44349699998648,31.640768100167804],[-173.44015499965343,31.635700200104282],[-173.43673700031223,31.63068009990684],[-173.43321199963401,31.625711399561567],[-173.42956499962494,31.620796199884865],[-173.42584199970844,31.615932499885105],[-173.4219969995618,31.61113170026789],[-173.41809100019941,31.606380500060197],[-173.41404699986907,31.601695999870628],[-173.40994300036908,31.597068799985266],[-173.40571599969357,31.592498799680016],[-173.40141300000985,31.587997399660424],[-173.39701799968086,31.583560900115572],[-173.39253199965199,31.57918739987872],[-173.38796999971564,31.57488440019506],[-173.38330100024089,31.570646300086821],[-173.37855499991323,31.566474899996763],[-173.37373399972424,31.562381699555942],[-173.36880499995073,31.558361099585227],[-173.36381500006212,31.554407099807975],[-173.35874900026607,31.550533299772098],[-173.35357700007842,31.546733899749825],[-173.34834299972957,31.5430107001838],[-173.343048000165,31.53936580009173],[-173.33766200000122,31.535800900091601],[-173.33221399967627,31.532318100100383],[-173.32669100038927,31.528909700122711],[-173.32110600004179,31.525590899600502],[-173.31545999957925,31.522352199894272],[-173.30972300031613,31.519201300100065],[-173.30395499962347,31.516130400397799],[-173.29811099992264,31.513153100335444],[-173.29220600010675,31.51025580036503],[-173.28624000017578,31.507448199674798],[-173.28022799992218,31.504730200238669],[-173.27413899971498,31.502101900082778],[-173.26800500013059,31.499566999917249],[-173.26184100006202,31.497121799931278],[-173.25561499983229,31.494766200300035],[-173.24934400022536,31.492504099584664],[-173.24302700029574,31.490335499583807],[-173.2366640000435,31.48826219984079],[-173.23027000016032,31.486282300088249],[-173.22381600020816,31.484397900243039],[-173.21734600041751,31.48261070002394],[-173.21083100035031,31.480916999619978],[-173.20428499975287,31.479322400008925],[-173.19769299973208,31.477827099940839],[-173.1910859999189,31.476423299595751],[-173.18444799957544,31.475122500403188],[-173.17779500033893,31.473916999669939],[-173.17109699992653,31.472816500181466],[-173.16439800036736,31.471809399784092],[-173.15766900032403,31.470907199907515],[-173.15094000028071,31.470098499846017],[-173.14417999970715,31.46939089977036],[-173.13740500024051,31.468786200123191],[-173.13062999987451,31.46828459965468],[-173.12382499992373,31.467882199803796],[-173.11703499976534,31.467576999579023],[-173.11021399997605,31.467376699874933],[-173.10342399981766,31.467273699621671],[-173.09492499998868,31.300910900417875],[-173.08473200028152,31.301061599813124],[-173.07453899967501,31.301361100134784],[-173.06434599996786,31.301818800197623],[-173.05418399989159,31.302419700209157],[-173.04402199981536,31.303178799961813],[-173.03389000022327,31.304080999838391],[-173.02375799973183,31.305139500087989],[-173.01367199956306,31.306341200286283],[-173.00360100008601,31.307697299690744],[-172.99356100023991,31.309202200021673],[-172.9835509999786,31.310859700015271],[-172.97357200024754,31.312658300040653],[-172.96362300010131,31.314609499728761],[-172.95373500007011,31.316701900172689],[-172.94389300036161,31.318946799555306],[-172.93408200028401,31.321336700228699],[-172.92433200032147,31.323869700126693],[-172.91461199994376,31.326551400227061],[-172.90496800037283,31.329368600280816],[-172.89538600006378,31.332336399905103],[-172.88586399982367,31.335443500017675],[-172.8763889999523,31.338687899627018],[-172.86698899994232,31.342077299627817],[-172.85766599988591,31.345600099665035],[-172.84841899973696,31.349266099650947],[-172.83923299970309,31.353065499673221],[-172.83013900031455,31.357000399648882],[-172.82110600014173,31.361070599928382],[-172.81218000040661,31.365274399893792],[-172.80334500037139,31.369609800352123],[-172.79457099955192,31.374072999869213],[-172.78590400006948,31.378669700146702],[-172.7773280002869,31.383392300114679],[-172.76886000008886,31.388240799773257],[-172.76048299959069,31.393213299754109],[-172.75221300042955,31.398315400135743],[-172.74403400006898,31.403533899769798],[-172.73596200014612,31.408876399726182],[-172.72801199955407,31.414333299742111],[-172.72016900029905,31.419914200080427],[-172.71244800037485,31.425602000132358],[-172.70483399998903,31.431405999787216],[-172.69734199983336,31.437326399593815],[-172.68997199990778,31.443353700013404],[-172.68272400021237,31.449491500132751],[-172.67559799984775,31.45573040023794],[-172.66860999955176,31.462076200056742],[-172.66174300033913,31.46852679967219],[-172.65501400029581,31.475080500264994],[-172.64842200027502,31.481729500216431],[-172.64195299963114,31.488477699886062],[-172.63563499965542,31.495319400270262],[-172.62945599979449,31.502250700109869],[-172.62341299990993,31.509275399939895],[-172.61752299988646,31.516389799949479],[-172.61177099993162,31.523588200235395],[-172.60617099979174,31.530872299617101],[-172.60070799967437,31.538242300441937],[-172.59539800031737,31.545688599749212],[-172.59025599971454,31.553211200236831],[-172.58525100003354,31.560806299571198],[-172.58039900021362,31.568479499629348],[-172.57571400000103,31.576221499622648],[-172.57119800038734,31.584032099901606],[-172.56681799985074,31.591911299566959],[-172.56262199970544,31.599847800435782],[-172.55857800027442,31.607852899791624],[-172.55470299964364,31.615913400083514],[-172.55099500041885,31.624031099955459],[-172.5474400001558,31.632202099947108],[-172.54406700019183,31.64041900043668],[-172.54084800013501,31.648691200238829],[-172.5378110003773,31.657009099990091],[-172.53494300031915,31.665370900147082],[-172.53224199986832,31.673770899907254],[-172.5297089999703,31.682212799980903],[-172.52734399972573,31.690692899657734],[-172.52517699961876,31.699199700206123],[-172.52316300027218,31.707744599633713],[-172.52133200037144,31.71631240029717],[-172.51968399991659,31.724908800301023],[-172.518188000176,31.733528099742159],[-172.51689099971978,31.742168400151684],[-172.51577799965489,31.750825900095379],[-172.51481600025812,31.759500499748412],[-172.51405300014576,31.768184699664289],[-172.51345799968686,31.776884099921404],[-172.51304599957314,31.785589200081688],[-172.51280200001221,31.794296300334111],[-172.1212310001105,31.803518300229541],[-172.12138399997156,31.818031300404357],[-172.12182599967008,31.83254619994733],[-172.12255900019761,31.847049699684021],[-172.12359600035506,31.86153980042161],[-172.1249390002346,31.876012799651107],[-172.12657199999774,31.89046669997839],[-172.12849399959833,31.904888200430264],[-172.13073699961276,31.919282900185863],[-172.13325499971839,31.93363950016294],[-172.13607800039932,31.947961799997188],[-172.13919100006453,31.962238300057663],[-172.14260900030504,31.97646519980924],[-172.14631700042915,31.990636800248296],[-172.150298999699,32.004756900110976],[-172.15458699959029,32.018810299955533],[-172.15916400021837,32.032798800224612],[-172.16403199987681,32.046718600383258],[-172.16918900027207,32.060565899896517],[-172.1746219999053,32.074333200217154],[-172.18034400027531,32.088016500261404],[-172.1863559996296,32.101612100218404],[-172.19264199992827,32.115116099728368],[-172.19920300031814,32.128528600414711],[-172.20605499973837,32.141838099948473],[-172.21316500026447,32.155048399763984],[-172.22056599982096,32.16814800023019],[-172.2282259996301,32.181133299562248],[-172.23616000038365,32.194007900444376],[-172.2443539996373,32.206760400372332],[-172.25280800008906,32.219390900070152],[-172.26153599968657,32.231895400252654],[-172.27050799974432,32.244262699863839],[-172.27976999968567,32.256500200324126],[-172.28926100029486,32.268596599853367],[-172.29899599956565,32.280551900250146],[-172.30898999998843,32.292358399720513],[-172.31922900001825,32.304012300427473],[-172.32971199960903,32.315517400208023],[-172.3404080000291,32.326866099790834],[-172.35136399984864,32.338047000269],[-172.36256400012843,32.349071499650108],[-172.3739619996465,32.359924299566899],[-172.38560499967093,32.370609300379044],[-172.39746099962537,32.381118800292541],[-172.4095309995559,32.391452800206707],[-172.4218290001082,32.401603699950954],[-172.43432599994486,32.411571500424543],[-172.44705200044939,32.421348599658302],[-172.45996100039977,32.430942499796686],[-172.47306799958844,32.440338100323231],[-172.48637399986012,32.449539199974254],[-172.49987800026943,32.458541900188663],[-172.51356500012457,32.467342400431562],[-172.5274199996332,32.475936900167937],[-172.54147300017874,32.484329199932802],[-172.55569500042387,32.492507899919815],[-172.5700680004378,32.500473000128977],[-172.58464099978224,32.508228300196038],[-172.59935000000243,32.515762299590619],[-172.61422699987608,32.523078899571715],[-172.62924199981836,32.530174299604369],[-172.6444089995756,32.53704450040351],[-172.65972900009319,32.543689699819936],[-172.67517099994163,32.550106000191875],[-172.69074999981257,32.556293500444838],[-172.70646699975217,32.562248200394265],[-172.72229000008335,32.567966500054069],[-172.7382509995839,32.57345579994535],[-172.75431800037535,32.578697199916007],[-172.770492999852,32.583705900307223],[-172.7867579998817,32.588474300049029],[-172.80313100039527,32.593002300216142],[-172.81959499970938,32.597282399563255],[-172.83615099966883,32.601318400423963],[-172.85278300043504,32.605110200275647],[-172.86949200025552,32.608654000381932],[-172.88629199977589,32.611949899668275],[-172.90312199978038,32.614993999573585],[-172.92004400043021,32.617786399922579],[-172.93701199960401,32.620334600161812],[-172.95404099979223,32.622623399950101],[-172.97109999956524,32.624664299817709],[-172.98820499966092,32.626445800133695],[-173.00535600007927,32.627983100339975],[-173.02252200029,32.629261000095198],[-173.03971900013167,32.630283399759264],[-173.05693099976574,32.631046300046876],[-173.07415800009156,32.631557499878852],[-173.09140000020977,32.631816900329852]]]},"properties":{"objectid":3469,"radii":50,"stormid":"cp012026","basin":"cp","stormnum":1,"advnum":"39","validtime":"2026082312","synoptime":"2026082200","timezone":"UTC","tau":36,"ne":50,"se":30,"sw":20,"nw":40,"idp_source":"cp012026_2026082203_forecastradii","idp_filedate":1787371368000,"idp_ingestdate":1787371389000,"st_area(shape)":1.38284105703149,"st_perimeter(shape)":5.0666571194219987,"binnumber":"CP2"}},{"type":"Feature","id":3470,"geometry":{"type":"Polygon","coordinates":[[[-173.97894300041906,34.296352400043361],[-174.01931799982574,34.129989599940245],[-174.05789199981587,34.129425000163792],[-174.09645100001356,34.12828449973],[-174.13496399988861,34.12658310023005],[-174.17344700017884,34.124305700247987],[-174.2118680003079,34.12145999977929],[-174.25021399967628,34.118057299704788],[-174.28849799978278,34.11408229985841],[-174.32667500035092,34.109546700420026],[-174.3647459996281,34.104442599946196],[-174.40271000026621,34.098785400226177],[-174.44053599993637,34.092559800194749],[-174.47820999979157,34.085784899653561],[-174.51573199983184,34.078453100230547],[-174.55310100001105,34.070571899573679],[-174.59028599979897,34.062137599670621],[-174.62727400039472,34.053154000157122],[-174.66406199986133,34.043628700304396],[-174.70062299965164,34.033565499748136],[-174.73698400011145,34.02295680011639],[-174.77308700036471,34.011821700311373],[-174.80894500011158,34.000148799627539],[-174.84454299955971,33.987957000015683],[-174.87986799990819,33.975234999695601],[-174.91491700011937,33.961994200272272],[-174.94966099975525,33.948245999753226],[-174.98409999971514,33.933982799766568],[-175.01821900020661,33.919212300307549],[-175.05201700028425,33.90394590028319],[-175.08548000020178,33.888179800057856],[-175.1185760002821,33.871917700341726],[-175.15133700020232,33.855178799861847],[-175.18371599959363,33.837951699711311],[-175.21571400030081,33.82025530004222],[-175.24731399974121,33.802085900144334],[-175.27853399964428,33.783462499994528],[-175.30934100028685,33.764369999975656],[-175.3397220001701,33.744834900410467],[-175.3696750001011,33.724849700053767],[-175.39918500028745,33.704425799611101],[-175.42825299987598,33.683574699612848],[-175.45686299992744,33.66229249969922],[-175.48501599958863,33.640594500036286],[-175.51268000008187,33.618484500259626],[-175.53988600013872,33.595970200364604],[-175.56658900038198,33.573055300162139],[-175.59278899991233,33.549755099818128],[-175.61848400043618,33.526069600232006],[-175.64367700029325,33.502014199595806],[-175.66834999955276,33.477584799698889],[-175.6924900003132,33.452793099821861],[-175.71607999999193,33.427658099941482],[-175.73913600022615,33.402172100062501],[-175.76164200027802,33.376354199986508],[-175.78360000023974,33.35020830007312],[-175.80499300022672,33.323741899769004],[-175.82580600044648,33.29696660032846],[-175.84605399979219,33.269885999939106],[-175.86572300031614,33.24250790021955],[-175.88479600033509,33.214847600436542],[-175.90328999973363,33.186912500211861],[-175.92118800042581,33.158702899919035],[-175.93846100017495,33.130237599885447],[-175.95513900036451,33.101524399931236],[-175.97122200009517,33.07256699986732],[-175.98667899973597,33.043376900223905],[-176.0015260000248,33.01396940026774],[-176.0157320004314,32.984336899828236],[-176.02931199984883,32.95450969976298],[-176.04226700012188,32.92448039955093],[-176.05458099961336,32.894264200432644],[-176.06625400012194,32.863876300051345],[-176.07731600033307,32.833316800030445],[-176.08770800022396,32.802600899811807],[-176.09745800018649,32.771736099741361],[-176.10655199957503,32.740734099998861],[-176.11502099981922,32.709598499671188],[-176.12281799965089,32.67834850018329],[-176.12995899980791,32.646980300100893],[-176.13644400029031,32.615516699935881],[-176.14227300019871,32.583961500223211],[-176.14746100022489,32.552333799865096],[-176.15196200004618,32.520626100314416],[-176.15583799982375,32.488857299924575],[-176.15902700029577,32.457035099590314],[-176.16156000019379,32.425170900017179],[-176.16343700041716,32.393276199936849],[-176.16465800006657,32.361358600419237],[-176.16520700020283,32.329425799661067],[-176.16509999976509,32.297492999802216],[-175.96765099999357,32.270217900335979],[-175.96643100039029,32.241203299792573],[-175.96459999959023,32.212211599585771],[-175.96217300008382,32.183254200421175],[-175.95916699995701,32.15433499996044],[-175.95555099957889,32.1254577996379],[-175.95135500033291,32.096649199601018],[-175.94656399972874,32.067901599679203],[-175.94117700041815,32.039226500402833],[-175.93521099958789,32.010642999774745],[-175.92866499988975,31.982143399598385],[-175.92153900042445,31.95374679967523],[-175.91383400033877,31.925460800175927],[-175.90554800043981,31.897296899832213],[-175.89669799971284,31.869251299907717],[-175.88726800011804,31.841346700190229],[-175.87728900038698,31.813585300421437],[-175.86671400015092,31.785970699688164],[-175.85562100030884,31.758516299687642],[-175.84394799980026,31.731229800415122],[-175.8317409998472,31.704120599785995],[-175.81896999996545,31.677200299954052],[-175.80566399969376,31.650466899927608],[-175.79182399997754,31.623933799605311],[-175.77743500012508,31.597608600057015],[-175.76252699972119,31.571502700189626],[-175.74711600040303,31.545616100003144],[-175.73115500000318,31.519966099755834],[-175.71469099978972,31.494550700254763],[-175.69772299971658,31.469381300406837],[-175.68023700003744,31.44446749957558],[-175.66227700008341,31.419816999555053],[-175.64381400031579,31.39542959979633],[-175.62486299962765,31.371322599658413],[-175.60543799956395,31.347499799676143],[-175.58554100021692,31.323963199941886],[-175.56516999969566,31.300725899980421],[-175.54434199968347,31.277790100432924],[-175.52304100034181,31.255168899924911],[-175.5013120001486,31.23286249990457],[-175.47914100025687,31.21088220035341],[-175.4565279997673,31.189226199929351],[-175.4334870002248,31.16790960004812],[-175.41003399966928,31.146938300262491],[-175.38615400010696,31.126314199940509],[-175.3618770002233,31.106044800327425],[-175.33718900027208,31.086139699887383],[-175.31211899979192,31.066600799787238],[-175.28668200037393,31.04743189966257],[-175.26084899978144,31.028638800140641],[-175.23465000029719,31.010238600031528],[-175.20808400007647,30.992216099893255],[-175.18118299969561,30.974592199970175],[-175.15391500037688,30.957372699990231],[-175.12631199999873,30.940549899958057],[-175.09838900015217,30.924142799850472],[-175.07015999968417,30.908151600216343],[-175.04161099974777,30.892574300064041],[-175.01274100029684,30.877418499564271],[-174.98359699990155,30.862691899611605],[-174.95416299962267,30.84840010028455],[-174.92443800031339,30.834545099876607],[-174.89445499989824,30.821126900186414],[-174.86422699987608,30.808156999945709],[-174.83372499980882,30.795633300136842],[-174.80299399997304,30.783557899777406],[-174.77201799963089,30.771940200380072],[-174.74082900025809,30.760786099698862],[-174.70942700005594,30.750085799620081],[-174.67781099987766,30.739854799959176],[-174.64599600041501,30.730087300088996],[-174.61401400044568,30.720794699815713],[-174.58183300029265,30.711973200403008],[-174.54948399958684,30.703626599687993],[-174.51699799975782,30.695762600363878],[-174.48434400027531,30.688379300364545],[-174.45155299987098,30.681472800229699],[-174.41862500034341,30.67505260039735],[-174.38557399964029,30.669124600420105],[-174.35243200013662,30.663680999578617],[-174.31918300019524,30.658721900395506],[-174.28582799986222,30.654262499614788],[-174.25239599957564,30.650293400220392],[-174.21890300007331,30.646818200399764],[-174.18531799992567,30.643833200342044],[-174.15170300019324,30.641349799853515],[-174.11804200013813,30.639358500294691],[-174.08433499976036,30.637868900129774],[-174.05061299959019,30.636873200438004],[-174.01689100031933,30.636373500236971],[-173.97984299965464,30.303647999855457],[-173.93948400008645,30.304241199871626],[-173.89915500010309,30.30543140043892],[-173.85885599970456,30.307216599666503],[-173.81860399967476,30.309596999901771],[-173.77839699992154,30.31256869988573],[-173.73825100028336,30.316137299696777],[-173.69819600034506,30.320293399620823],[-173.65820299966862,30.325042699561095],[-173.61833200012163,30.330373799711253],[-173.57855200027453,30.33630369995592],[-173.53889499980431,30.342811599875574],[-173.49937400020985,30.349908800350988],[-173.45999099978474,30.357582100233856],[-173.42077599991239,30.365837099602629],[-173.38171399990111,30.374671899988357],[-173.3428500000274,30.38408090041338],[-173.30413799996865,30.39406200006141],[-173.26563999988602,30.404611599845623],[-173.22737099957189,30.415723800213357],[-173.18931600013323,30.427404399993236],[-173.15148900041697,30.439643899646398],[-173.11389199961602,30.452440299980026],[-173.07655299992092,30.465785999924094],[-173.03950500015554,30.479682899746194],[-173.00271599974351,30.494125400267137],[-172.9662170001144,30.509107600135792],[-172.93000800036884,30.524625800440504],[-172.89411900009171,30.540672300286587],[-172.85852099974426,30.557252900301251],[-172.82328800004109,30.574348399958808],[-172.78836100006004,30.591966599978775],[-172.75379899982391,30.61009790009814],[-172.71962000016279,30.628730799786752],[-172.68577599976251,30.647869099579452],[-172.65232799963741,30.667503399762211],[-172.6192630000873,30.687627799883217],[-172.58659399991308,30.708234799596482],[-172.55433699985258,30.729326200244088],[-172.52250699969821,30.750885000142773],[-172.49108899965753,30.772909200099662],[-172.46012900005323,30.795398700289923],[-172.42961100014747,30.818340299565307],[-172.39953599998634,30.841724400360931],[-172.36993400005397,30.865554799614472],[-172.3408050003504,30.889814400314492],[-172.3121489999763,30.914499300302623],[-172.28399700036121,30.939603799675751],[-172.25633199982187,30.965122200329404],[-172.22918699988006,30.991041200391237],[-172.20257600028211,31.017355000133307],[-172.17646799959843,31.044065499823091],[-172.1508940001579,31.071153599659056],[-172.12585400016189,31.098613699562748],[-172.10137900014067,31.126434299903167],[-172.07743799956395,31.154615399780994],[-172.05407699965374,31.183151200367774],[-172.03129600041001,31.212019000076964],[-172.00907900019561,31.241222399794083],[-171.98744199974843,31.27074810034469],[-171.96641499955251,31.300586700216172],[-171.94598399986162,31.330732299855924],[-171.92614699968422,31.361181300177009],[-171.90693699964274,31.391906699934395],[-171.88832100001406,31.422918299939738],[-171.87034600026763,31.454195000299194],[-171.85301200040342,31.485736800113386],[-171.83630399972972,31.517522800037341],[-171.82022099999907,31.549556699881919],[-171.80480999978158,31.581819499670303],[-171.79003900029954,31.614311200301813],[-171.77594000033068,31.647007000272993],[-171.76248200024403,31.679910700118853],[-171.74969499962447,31.713003200037804],[-171.73759500010908,31.746288299665423],[-171.72616600006077,31.779737500385465],[-171.71540800037883,31.813352599942675],[-171.70533800004858,31.847127900232579],[-171.69595299983101,31.881040599843971],[-171.68727099965685,31.915088699583976],[-171.67927599968755,31.949253099650946],[-171.67196699987707,31.983537700404668],[-171.66538999964868,32.017925299613012],[-171.65948499983281,32.052398700439824],[-171.65429699980663,32.08695599991961],[-171.64982599957014,32.121585800044784],[-171.64605700023031,32.156276700109743],[-171.64300499978083,32.191013300123871],[-171.64065600027411,32.2257996002715],[-171.6390380003034,32.260608700031639],[-171.63813800016851,32.295436899593369],[-171.63793899998478,32.330272700225066],[-171.63847400037474,32.365104700321808],[-171.63972499960897,32.39992519988823],[-171.64169300043156,32.434722899842086],[-171.64437900019064,32.469486199828395],[-171.64779700043115,32.504203799865593],[-171.65193199956207,32.538871799594006],[-171.65678400028131,32.573463400115941],[-171.66235399993707,32.607982599817262],[-171.66864000023574,32.642414100330598],[-171.67564400037026,32.676742599691352],[-171.68338000008686,32.710971800408402],[-171.69180300000838,32.745078999995997],[-171.7009580004113,32.779052699722456],[-171.71081499991223,32.812889099952145],[-171.72139000014832,32.846576700154742],[-171.73266600033557,32.88010029998901],[-171.74464399962082,32.91345209963481],[-171.75732399980268,32.946620899834784],[-171.77070599998183,32.979606599864837],[-171.7847750003659,33.01237870011704],[-171.79953000000941,33.044944799862776],[-171.81498699965024,33.077285800199661],[-171.83111599970354,33.109397899693477],[-171.84791600012323,33.141262100165932],[-171.86540199980237,33.172874500358034],[-171.883559999894,33.204227400274419],[-171.90237399966028,33.235305800122717],[-171.92182900020811,33.266101800258014],[-171.94197100006153,33.296604199624255],[-171.96273799995865,33.32680890001086],[-171.98414599973802,33.356700899826819],[-172.00619500029896,33.386272400151313],[-172.0288849998428,33.415515899739148],[-172.05220000032966,33.444416000398235],[-172.07611100042226,33.472969100343846],[-172.10063199986683,33.501167299931069],[-172.12576299956271,33.528999300077771],[-172.15148899971749,33.556457499713986],[-172.17781100037729,33.583526599573077],[-172.20469700006643,33.610206599654987],[-172.23217800021447,33.636489899789183],[-172.26019299980703,33.662353499814287],[-172.28877300027366,33.687809000085451],[-172.31790199997724,33.712837200076876],[-172.34757999981707,33.737434399977701],[-172.37776200041591,33.761585199797253],[-172.40847799955995,33.785289800084342],[-172.43969700031624,33.808532700124147],[-172.47142000003291,33.831317900101169],[-172.50363199981686,33.853626300213705],[-172.53631599978348,33.875457799737831],[-172.56948899981742,33.896804800301425],[-172.60310400044918,33.917663600295043],[-172.63717699971869,33.938015000092321],[-172.67169199958605,33.957866699688566],[-172.7066189995671,33.977207200352154],[-172.74198900019212,33.996025099578844],[-172.77775600023915,34.014316600430902],[-172.81391899966204,34.032081600385709],[-172.8504329999829,34.049308800361018],[-172.88735999956424,34.065994299997101],[-172.92463699999749,34.082130400197968],[-172.96224999973762,34.097717299713736],[-173.00019799963789,34.112751000158653],[-173.03848299979055,34.127216300292162],[-173.07707199957304,34.141117099574615],[-173.11596699997699,34.154441800348934],[-173.15515100021841,34.1671981997373],[-173.19459499985928,34.179374700082462],[-173.23431399959134,34.190956100144035],[-173.27427699978364,34.201961499723552],[-173.31446799969837,34.212371799918799],[-173.35488900032703,34.222186999830342],[-173.39552299998638,34.231407200182275],[-173.43635599982946,34.240020799720298],[-173.47737099997158,34.248039200049163],[-173.51855499981332,34.255439800306704],[-173.5598910003693,34.262245199556446],[-173.6013789998409,34.268428800349],[-173.64298999958874,34.274002099617348],[-173.6847229995667,34.278961199699779],[-173.72654700014385,34.283302300061223],[-173.76847800025942,34.287029300162203],[-173.81047099963683,34.290134400182581],[-173.85252399998254,34.292625399942381],[-173.89462299975156,34.294490799810717],[-173.93676799984325,34.295734400322488],[-173.97894300041906,34.296352400043361]]]},"properties":{"objectid":3470,"radii":34,"stormid":"cp012026","basin":"cp","stormnum":1,"advnum":"39","validtime":"2026082400","synoptime":"2026082200","timezone":"UTC","tau":48,"ne":120,"se":120,"sw":100,"nw":110,"idp_source":"cp012026_2026082203_forecastradii","idp_filedate":1787371368000,"idp_ingestdate":1787371389000,"st_area(shape)":13.097114638898633,"st_perimeter(shape)":13.461435948280563,"binnumber":"CP2"}},{"type":"Feature","id":3471,"geometry":{"type":"Polygon","coordinates":[[[-173.99484299980452,32.799095200383363],[-174.00520300001835,32.799095200383363],[-174.01556400027832,32.798938800185624],[-174.02590899980044,32.798637399596487],[-174.03627000006037,32.798175800073238],[-174.04659999979009,32.79756550034773],[-174.05693099956591,32.796798699700389],[-174.06722999966468,32.795883199749994],[-174.07751500001717,32.79481510013693],[-174.0877689998394,32.793594399961705],[-174.09802199961553,32.792228700294402],[-174.1082000004296,32.790706600429417],[-174.11837800034436,32.789031999827102],[-174.12852499972888,32.787216200267551],[-174.13861099989765,32.785240199975419],[-174.14865099974378,32.78312299982673],[-174.15866100000508,32.780857100375044],[-174.16861000015132,32.778446199632526],[-174.17851299997488,32.775882700126658],[-174.18837000037513,32.773178099689687],[-174.19816599976102,32.770324700124945],[-174.20788600013873,32.767334000164112],[-174.21754500040137,32.764190699641233],[-174.22714199960353,32.760913800331764],[-174.23666399984364,32.757492100280331],[-174.24612399992259,32.753933000008089],[-174.25550800009407,32.750228900243712],[-174.26480099966633,32.746395100253835],[-174.27401700018433,32.742420200232175],[-174.28314200010314,32.738311800349436],[-174.29219100011449,32.734066000245832],[-174.30114700033371,32.729690599741502],[-174.30999800020746,32.72518159955132],[-174.31877100008151,32.720546699670592],[-174.32742299977156,32.715778399753503],[-174.33599899955411,32.710884100321096],[-174.34446699975217,32.705864000123654],[-174.3528139997662,32.700721700046586],[-174.36105300019574,32.6954574995641],[-174.36918600023364,32.690071100101306],[-174.37722799967239,32.68456650004407],[-174.38511700014936,32.678943599567617],[-174.39289900018863,32.673202500295304],[-174.40055799995167,32.667350799699818],[-174.40811200026852,32.661384600119334],[-174.41552699957128,32.655307800115054],[-174.42280599979696,32.649127999857456],[-174.42996199974641,32.642837500250607],[-174.43698099967332,32.636440299680203],[-174.44387800026942,32.629943799566831],[-174.45063799994367,32.623344399924235],[-174.45724499975685,32.616649600199025],[-174.46371500044683,32.609855699680963],[-174.47006199996125,32.602970099790411],[-174.47622700007591,32.59598919964202],[-174.48228499975286,32.588920600305585],[-174.48817399973024,32.581756599987216],[-174.49391199993877,32.5745163002872],[-174.49949600024016,32.567188299600502],[-174.50492899987336,32.559776300436056],[-174.51022300029115,32.552291899551676],[-174.51533500040986,32.544727299825183],[-174.5202939997682,32.53709030017734],[-174.52510100021092,32.52937700024853],[-174.52975499989324,32.521595000209231],[-174.53422500008361,32.513748200419286],[-174.53854399960582,32.505836500154487],[-174.5427090001202,32.497860000139042],[-174.54669200033547,32.489822400183755],[-174.55052199979039,32.481731400284048],[-174.55416899979943,32.473579400269273],[-174.55764800015501,32.465381599581292],[-174.56095899995782,32.457134200383166],[-174.56410200010714,32.448829699631062],[-174.56706199991129,32.440486900350322],[-174.56983900026958,32.432102199856786],[-174.57246399991359,32.423675500124375],[-174.57492099990415,32.415214500249135],[-174.57717899971098,32.406715399696111],[-174.57926899986438,32.398189500245394],[-174.58117699971868,32.389621699581937],[-174.58291599987342,32.381038700375882],[-174.58447299972909,32.372428899574174],[-174.58586099988517,32.363799999870253],[-174.58705099990365,32.35514450001881],[-174.5880890001072,32.346477499637047],[-174.58891300033463,32.337795299813365],[-174.58958399980168,32.32910160035874],[-174.59005700003044,32.320400200009374],[-174.59036299975256,32.311691300213454],[-174.59048499998269,32.302982299693497],[-174.39364599956315,32.296485900304219],[-174.39349399974822,32.290679899657789],[-174.39323400034877,32.284873999735453],[-174.39285299986597,32.279079399794625],[-174.39234900000628,32.27328870021347],[-174.39170800012403,32.267505599903643],[-174.39097599964259,32.261734000124136],[-174.39012099978424,32.255969999615957],[-174.38912999994946,32.250225099808631],[-174.38803099963084,32.24448780017201],[-174.38680999998144,32.238777199608194],[-174.38548299994042,32.233077999750037],[-174.38401799983075,32.227401700228427],[-174.38246200002121,32.221748399968817],[-174.38076800014301,32.216117900221036],[-174.37898299966562,32.21051410044555],[-174.3770600000189,32.204940800277882],[-174.37503099998059,32.199390400446759],[-174.37289400035775,32.193874399683921],[-174.3706359996516,32.188388799603558],[-174.3682559996146,32.182941400025754],[-174.36578399983165,32.177524599880542],[-174.36318999981856,32.172149700048749],[-174.36048900026708,32.166812899995477],[-174.35766599958615,32.161514300444765],[-174.35476699989707,32.156257600308152],[-174.35173000013933,32.151042900309733],[-174.34860199978237,32.145885499716201],[-174.34535200009466,32.140762300340043],[-174.34200999976161,32.135688800198125],[-174.33856199993627,32.130676300171274],[-174.33500699967323,32.125705699558523],[-174.33135999966419,32.120788599614343],[-174.32760600011673,32.115928600324764],[-174.32376099997009,32.111125900440072],[-174.31980900028506,32.106376599600537],[-174.31576499995469,32.101688399600107],[-174.31162999992449,32.097057300254335],[-174.30738800035584,32.092494999944449],[-174.30305500018804,32.087993599924857],[-174.29863000027422,32.083557100380006],[-174.29412800040683,32.079185500410688],[-174.28953599998633,32.074878700192016],[-174.28483599998134,32.070644399719413],[-174.28007499986128,32.066474899896832],[-174.27520800024894,32.062374100184741],[-174.27027899957611,32.058357200024886],[-174.2652440003103,32.054408999975522],[-174.26013200019159,32.050533299672168],[-174.25495899995781,32.046730000189484],[-174.24969500002416,32.043006900448233],[-174.24436999997545,32.039363899724322],[-174.23896799997314,32.035797100356035],[-174.23349000006337,32.032310499829862],[-174.22792099955441,32.028915399925893],[-174.22230499957598,32.025589000132413],[-174.21662900042796,32.022350300426183],[-174.21087600042699,32.019203200267611],[-174.20506300035711,32.01613240039012],[-174.19918800012604,32.013149299700558],[-174.19323699998748,32.010253899997622],[-174.1872409995724,32.007446300206709],[-174.18119799968787,32.004726399603783],[-174.17509499973437,32.002105699618483],[-174.16892999961971,31.999565100449161],[-174.1627040002893,31.99711989956387],[-174.15644799957545,31.994766200200104],[-174.1501620001761,31.992502200116576],[-174.14379899992383,31.990337399751354],[-174.13740500004064,31.988264100008337],[-174.13096599988091,31.986284300080513],[-174.12449600009026,31.984397900143108],[-174.11798100002306,31.982612600191487],[-174.11143500032492,31.980918899787525],[-174.10484300030416,31.979320499641517],[-174.09823599959162,31.977823300205273],[-174.09158300035512,31.976427100030776],[-174.08491500042686,31.975122500303314],[-174.07821700001446,31.973924599740656],[-174.07150299976357,31.972814599814058],[-174.06475799988172,31.971813200219174],[-174.05798300041505,31.970905300439426],[-174.05120800004909,31.970102300281098],[-174.0444179998907,31.969396599573543],[-174.03761299993991,31.968788100290737],[-174.0307920001506,31.968286499822227],[-174.02395599966957,31.967882199703922],[-174.01712000008786,31.967582700281525],[-174.01028399960683,31.967380500309957],[-174.00343300023269,31.967277500056753],[-173.99658199995926,31.967277500056753],[-173.98974600037755,31.967380500309957],[-173.98290999989649,31.967582700281525],[-173.97607400031478,31.967882199703922],[-173.96923799983375,31.968286499822227],[-173.96241800009057,31.968788100290737],[-173.95562699988605,31.969396599573543],[-173.94882199993526,31.970102300281098],[-173.9420469995693,31.970905300439426],[-173.93527200010266,31.971813200219174],[-173.92852800026694,31.972814599814058],[-173.92181400001601,31.973924599740656],[-173.91511499955752,31.975122500303314],[-173.90844699962926,31.976427100030776],[-173.90179400039273,31.977827099840908],[-173.89518699968022,31.97932620044395],[-173.88859599970556,31.980918899787525],[-173.88206499979984,31.982612600191487],[-173.87554899968652,31.984397900143108],[-173.86906400010344,31.986284300080513],[-173.86263999973613,31.988264100008337],[-173.85623200010664,31.990337399751354],[-173.84986899985438,31.992502200116576],[-173.84358200040893,31.994766200200104],[-173.83731099990266,31.99711989956387],[-173.83110000036464,31.999565100449161],[-173.8249510000885,32.002105699618483],[-173.81883200029651,32.00473399977443],[-173.81278999955876,32.007446300206709],[-173.80679299999687,32.010253899997622],[-173.80084199985833,32.013149299700558],[-173.79496799967336,32.01613240039012],[-173.78915399955736,32.019203200267611],[-173.78340099955642,32.022354100061818],[-173.77772500040837,32.025589000132413],[-173.77210999957674,32.028915399925893],[-173.76654099996711,32.032314300364817],[-173.76106300005733,32.035797100356035],[-173.75566100005503,32.039363899724322],[-173.75033600000631,32.043006900448233],[-173.74507100002654,32.046730000189484],[-173.73989899983889,32.050533299672168],[-173.73478699972017,32.054408999975522],[-173.72975199955505,32.058357200024886],[-173.72482299978154,32.062381700355331],[-173.71997099996162,32.066474899896832],[-173.71519500004914,32.070644399719413],[-173.71049500004415,32.074878700192016],[-173.70590199957755,32.079185500410688],[-173.70138499991774,32.083557100380006],[-173.69697599984244,32.087993599924857],[-173.69264199962851,32.092494999944449],[-173.68841599989841,32.0970650002497],[-173.68426500002965,32.101688399600107],[-173.68022199974541,32.106376599600537],[-173.67627000006038,32.111125900440072],[-173.67242399986762,32.115932499785174],[-173.66867100036629,32.120788599614343],[-173.66502400035725,32.125705699558523],[-173.6614690000942,32.130676300171274],[-173.65802000022276,32.135696400368715],[-173.65466300009732,32.140766099975679],[-173.65142800020197,32.145885499716201],[-173.64829999984505,32.151050600305098],[-173.64526400013344,32.156257600308152],[-173.64236500044433,32.161514300444765],[-173.6395419997634,32.166812899995477],[-173.63684100021192,32.172149700048749],[-173.63424700019883,32.177524599880542],[-173.63177500041587,32.182941400025754],[-173.62939500037888,32.188392600138513],[-173.6271359996266,32.193878200218933],[-173.62500000004988,32.199394200082395],[-173.62297100001157,32.204940800277882],[-173.62104800036485,32.210517900081186],[-173.61926299988747,32.216117900221036],[-173.61756900000927,32.221752199604452],[-173.61601300019973,32.227401700228427],[-173.61454800009005,32.233077999750037],[-173.61322000000291,32.238777199608194],[-173.61200000039963,32.244495400342601],[-173.61090100008101,32.250225099808631],[-173.60990900020013,32.255973800150912],[-173.60905500038788,32.261734000124136],[-173.60832199986032,32.267505599903643],[-173.60769699981662,32.273292499849106],[-173.60717800016451,32.279079399794625],[-173.60679599963561,32.284881599906043],[-173.60653700028226,32.290679899657789],[-173.60640000025973,32.296485900304219],[-173.40954600004778,32.302982299693497],[-173.40966800027792,32.311698900384101],[-173.40997299995391,32.320400200009374],[-173.41044600018267,32.329105399994376],[-173.41111799969585,32.337795299813365],[-173.4119569997157,32.346477499637047],[-173.41297900008072,32.35514450001881],[-173.41416900009921,32.363799999870253],[-173.41555800030139,32.372428899574174],[-173.41711400011093,32.381046299647153],[-173.4188540003118,32.389629399577245],[-173.42076100012,32.398189500245394],[-173.42285200031949,32.406715399696111],[-173.42512499991872,32.415214500249135],[-173.42756700011688,32.423679399584785],[-173.4301909997148,32.432102199856786],[-173.43296800007306,32.440490699985958],[-173.43594399971573,32.448833500166018],[-173.43908699986508,32.457134200383166],[-173.44238299987546,32.465385400116247],[-173.44586200023105,32.473587000439863],[-173.44950900024008,32.481731400284048],[-173.45333899969501,32.489822400183755],[-173.45733599965658,32.497860000139042],[-173.46148700042465,32.505840299790123],[-173.46580499990074,32.513752000054922],[-173.47027600013723,32.521595000209231],[-173.47492999981955,32.52937700024853],[-173.47973600021615,32.53709030017734],[-173.48469499957449,32.544731100360138],[-173.4898069996932,32.552295700086631],[-173.49510200015712,32.559783899707327],[-173.50053399974422,32.567188299600502],[-173.5061190000917,32.574520099922836],[-173.51185600025414,32.581764200157863],[-173.51776100007001,32.588920600305585],[-173.52380399995457,32.59598919964202],[-173.52998399986163,32.602970099790411],[-173.53631599958365,32.609855699680963],[-173.54278600027362,32.616653399834661],[-173.54940799987921,32.623344399924235],[-173.55615199971493,32.629943799566831],[-173.56304900031105,32.63644789985085],[-173.57006800023794,32.642837500250607],[-173.57722500023351,32.649127999857456],[-173.58450300041306,32.655311599750689],[-173.59191899976196,32.661384600119334],[-173.5994720000327,32.667354600234773],[-173.60713199984184,32.673202500295304],[-173.61491399988111,32.678943599567617],[-173.62281800015052,32.68456650004407],[-173.63084399975071,32.690074899736999],[-173.63897699978864,32.6954574995641],[-173.64721700026428,32.700721700046586],[-173.65556300023221,32.705867799759289],[-173.66403199957705,32.710884100321096],[-173.67260700021282,32.715778399753503],[-173.68125899990284,32.720546699670592],[-173.69003299982302,32.725185400086275],[-173.69888299965064,32.729690599741502],[-173.70785499970839,32.734066000245832],[-173.71688799988121,32.738311800349436],[-173.72601299980002,32.742423999867867],[-173.73522900031804,32.746395100253835],[-173.74453699968271,32.750228900243712],[-173.75390600006179,32.753933000008089],[-173.76336700018683,32.757495899915966],[-173.77288800038085,32.760913800331764],[-173.7824859996291,32.764198299811824],[-173.79214499989175,32.767334000164112],[-173.80186500026946,32.770328499760581],[-173.81166099965534,32.773178099689687],[-173.82151800005559,32.775882700126658],[-173.83142099987916,32.778446199632526],[-173.84138499981782,32.780857100375044],[-173.8513790002406,32.78312299982673],[-173.86143499992522,32.785240199975419],[-173.87152100009399,32.787216200267551],[-173.88165299968611,32.789031999827102],[-173.89182999955477,32.790706600429417],[-173.90202300016125,32.792228700294402],[-173.91226200019108,32.793594399961705],[-173.9225160000133,32.79481510013693],[-173.93280000031967,32.795883199749994],[-173.94309999956525,32.796802500235344],[-173.95343000019429,32.79756550034773],[-173.96375999992398,32.798175800073238],[-173.97412100018394,32.798637399596487],[-173.98446699975216,32.798938800185624],[-173.99484299980452,32.799095200383363]]]},"properties":{"objectid":3471,"radii":50,"stormid":"cp012026","basin":"cp","stormnum":1,"advnum":"39","validtime":"2026082400","synoptime":"2026082200","timezone":"UTC","tau":48,"ne":30,"se":20,"sw":20,"nw":30,"idp_source":"cp012026_2026082203_forecastradii","idp_filedate":1787371368000,"idp_ingestdate":1787371389000,"st_area(shape)":0.6691336518872365,"st_perimeter(shape)":3.2390066301461684,"binnumber":"CP2"}},{"type":"Feature","id":3472,"geometry":{"type":"Polygon","coordinates":[[[-174.68054199991329,34.829990399837243],[-174.71766699963226,34.663623800098435],[-174.75294499961197,34.663105000095811],[-174.78822299959168,34.662078899721564],[-174.8234709999866,34.66052249971375],[-174.85868799985124,34.658458700408858],[-174.89382899980842,34.655883800197387],[-174.92892500038838,34.6527863003476],[-174.96394300006932,34.649173700306164],[-174.9988710000965,34.645057700252835],[-175.03370700037769,34.640430500367415],[-175.06845100001357,34.635292099750757],[-175.10305799962691,34.629642500201385],[-175.13752700007092,34.62349319955166],[-175.17187500033091,34.616836499604915],[-175.20606999983056,34.609680200181231],[-175.24009699967672,34.602024099832477],[-175.27394100007703,34.593872099817702],[-175.30760200013214,34.58522420013685],[-175.34106400000351,34.576084099701575],[-175.37432899978344,34.566455799595644],[-175.40737900044044,34.556343100353956],[-175.4402009995764,34.545749699988789],[-175.47277800000461,34.534671799763885],[-175.5051120000187,34.523128500380153],[-175.53718599973402,34.51110459969766],[-175.5690000000499,34.498619100391295],[-175.60052499962896,34.485671999763099],[-175.63174400038523,34.472259499976076],[-175.66268900019713,34.458396900296862],[-175.69332900033302,34.444080400190444],[-175.72364800005508,34.429317500002753],[-175.7536159997785,34.414115899729154],[-175.78326400003351,34.398479499729262],[-175.81257600008226,34.3824081003537],[-175.84152200033998,34.365913399983583],[-175.87010199990729,34.348991400233103],[-175.89829999984505,34.331661200004532],[-175.92613199999172,34.313919100386329],[-175.95356799986322,34.295768699565997],[-175.9805909995749,34.277221700421308],[-176.00721699986457,34.258281700240445],[-176.03343200008666,34.238960300277768],[-176.05921900035651,34.219253500348884],[-176.08457899982091,34.199172999734287],[-176.10949699958678,34.178726199854395],[-176.13395699981561,34.157920799805197],[-176.15797400029979,34.136756900310843],[-176.18151899970201,34.11524199991851],[-176.20460500042037,34.093387600057838],[-176.22721900005672,34.07120509963579],[-176.24932899983341,34.048683199570121],[-176.27098100007302,34.025852199819326],[-176.2921139997612,34.002704600037418],[-176.31275900032753,33.979251899855456],[-176.33288600038853,33.955501599619254],[-176.35249299985199,33.931457499863882],[-176.37159700040118,33.907131200045001],[-176.39016699970719,33.882530199609164],[-176.40821800026043,33.857662200350433],[-176.4257199997781,33.832534799741381],[-176.44268799985124,33.807151800115605],[-176.45910599974201,33.781528499840533],[-176.47497600044198,33.755661000355019],[-176.49029500001416,33.729576099657436],[-176.50506600039552,33.703266099551001],[-176.5192570001104,33.676742600390867],[-176.53286700001198,33.650020600170706],[-176.54592899982342,33.623100300338763],[-176.55841099986768,33.595989200341478],[-176.57031200009865,33.568706499805273],[-176.58163499975535,33.541248300169059],[-176.59239200029052,33.513633700335163],[-176.60253899967503,33.485862700303528],[-176.61212200003021,33.457946799705212],[-176.62109400008796,33.429897300320306],[-176.62947099968682,33.401722000170309],[-176.63725299972609,33.373428299776378],[-176.64445499999817,33.345024099682576],[-176.65103100018044,33.316516900234888],[-176.65702799974233,33.287921899975856],[-176.6624149999522,33.259239199629519],[-176.66720599965709,33.230484000436434],[-176.67138700000996,33.201660200058313],[-176.67497299990396,33.172786700446011],[-176.67794800039982,33.143859899814686],[-176.68031299974507,33.114898700115077],[-176.68206799973834,33.085899399737627],[-176.68322800017199,33.056884800093599],[-176.68379200010065,33.027858699919193],[-176.68373099998558,32.998821299763335],[-176.48484799973534,32.974227900397409],[-176.48377999994696,32.948112500091952],[-176.48216199997626,32.922016099763312],[-176.48001099970779,32.895954100301651],[-176.47731000015631,32.869918799912853],[-176.47407500026097,32.843933099832839],[-176.47030600002182,32.817997000061666],[-176.46600300033813,32.792118099870549],[-176.46116600031058,32.766304000329512],[-176.45579499993923,32.740566299994896],[-176.44989000012333,32.714916199922811],[-176.443465999756,32.689353899762807],[-176.43650799994415,32.663883200049781],[-176.4290309995809,32.6385269003963],[-176.42105100030335,32.613273600096704],[-176.41252099994412,32.588150000022608],[-176.4035029995637,32.563152299639057],[-176.39395099973876,32.538288100015961],[-176.38391099989266,32.513572700419957],[-176.37336700018685,32.489002199591994],[-176.36231999976809,32.464592000220762],[-176.35076900038899,32.440349599954232],[-176.33873000008936,32.416274999691609],[-176.32620199972243,32.392383600323058],[-176.31318700027975,32.368675200400332],[-176.29968299987047,32.345165299738937],[-176.28572099992414,32.321853599763983],[-176.27127099995661,32.29875560029086],[-176.25636299955272,32.275867499885351],[-176.24098199981935,32.253196699967873],[-176.22515900038749,32.230758700353874],[-176.20887799961992,32.208553299595224],[-176.19213900021461,32.186595900380667],[-176.17497300000386,32.164878800016766],[-176.15736400004849,32.143417400292947],[-176.13931300039457,32.122222899567305],[-176.12084999972762,32.101295500187348],[-176.10197399980018,32.08063129999465],[-176.08267200001271,32.060253100400416],[-176.06295800011154,32.040161100154819],[-176.04284699988906,32.020362900327711],[-176.02233900024459,32.000854499835441],[-176.00143400027881,31.981653199835421],[-175.98017900036049,31.962760899695922],[-175.95851100028236,31.94417949968431],[-175.93649300025169,31.925922399699118],[-175.91409299969212,31.907985700279994],[-175.8913569998256,31.890384699794197],[-175.86827100000656,31.873113600312536],[-175.84481800035036,31.856185899759623],[-175.82106000011885,31.839605299744903],[-175.79695099988865,31.823373800360741],[-175.77253699998249,31.80749699988678],[-175.74778699987007,31.791974999946433],[-175.72274799992019,31.776821099714141],[-175.69740300024819,31.762037300181419],[-175.67176799979327,31.747629199628022],[-175.64585900019264,31.733596799852592],[-175.61965899976295,31.719940199780524],[-175.59320100002606,31.706672700384956],[-175.56648299999037,31.693794299867193],[-175.53950499965595,31.681308699836791],[-175.51228299976054,31.669218100035437],[-175.48483300014277,31.657529800260193],[-175.4571380000186,31.646246000252859],[-175.42922999996446,31.635364500271635],[-175.40112299972657,31.624896999597013],[-175.37278699972018,31.614843400202915],[-175.34428400010646,31.605203599566607],[-175.31556699961726,31.595985400206189],[-175.28668200037393,31.58718489996329],[-175.25762899967853,31.578811600175356],[-175.22840900027506,31.570859899864615],[-175.19903600011125,31.563341099911952],[-175.16952499987877,31.556251499607185],[-175.13987699962377,31.549594900384477],[-175.11010700003794,31.543375000256219],[-175.08020000042961,31.537589999678914],[-175.05018600038355,31.53224179981936],[-175.02008099973827,31.527337999948884],[-174.98986800040782,31.522878600067486],[-174.95959500010909,31.518856000004519],[-174.92923000006436,31.515276000387246],[-174.8988039999046,31.512144099670593],[-174.86831699962974,31.509456599842338],[-174.83778399993159,31.50721740036289],[-174.80719000011834,31.505424500240622],[-174.77659600030509,31.504077900374966],[-174.74597200000773,31.503179599958742],[-174.71531700007941,31.502733199877412],[-174.68301399969624,31.336370499599013],[-174.64901700033423,31.336868300431888],[-174.61505099970381,31.337862000031407],[-174.58109999976512,31.339357399924211],[-174.54718000035666,31.341344800022625],[-174.51332100016396,31.343824399976199],[-174.47950700024779,31.346809400033919],[-174.44575499959348,31.350278899951434],[-174.41207899974597,31.354251899705559],[-174.37847899980591,31.358711199762183],[-174.34498600030361,31.363662699673966],[-174.31158399960182,31.369106299616192],[-174.27829000028322,31.375032400225223],[-174.24511700024928,31.381448699697899],[-174.21209700007643,31.388351400197109],[-174.17919900013368,31.395731000385524],[-174.14645400005199,31.403593100341425],[-174.11387599957763,31.411935799797448],[-174.0814669997022,31.420753499574516],[-174.04924000012582,31.430042300212108],[-174.01718100020292,31.439802199911753],[-173.98533600025613,31.4500313002045],[-173.95368999959373,31.460723900287917],[-173.92227199955306,31.471874200434172],[-173.89106800038783,31.483488100195814],[-173.86010699983811,31.495557799752817],[-173.82939099979473,31.508073799566318],[-173.79890400041921,31.52104190026364],[-173.76870700002794,31.534452399958411],[-173.73875400009695,31.548303599831399],[-173.70910599984194,31.562589600329943],[-173.67973299967812,31.577312499572315],[-173.65065000029719,31.592456800441141],[-173.62188700038467,31.608024600155318],[-173.59343000019427,31.624013900421289],[-173.56530800016401,31.640415199901724],[-173.53749099980971,31.657228500395149],[-173.51002500035341,31.674448000375037],[-173.48289500020402,31.692062399859992],[-173.4561459996381,31.710069699657083],[-173.42973300017775,31.728471800033674],[-173.40371700013938,31.747249600288967],[-173.37805200009964,31.766416500321384],[-173.35279800012754,31.785949699619096],[-173.32792699983111,31.80584719988849],[-173.30346699960228,31.826112700041222],[-173.27938799985623,31.84672930001733],[-173.25573700006242,31.867694899899845],[-173.23251300017475,31.888999900325302],[-173.20973200003169,31.910646400311293],[-173.18739299958719,31.93262099995934],[-173.16548199999423,31.954921700076568],[-173.14401200005369,31.977537199782091],[-173.12301600038802,32.000465400058317],[-173.10249300005182,32.023696900291839],[-173.08242800015202,32.047222100219869],[-173.06283599958164,32.071041099667184],[-173.04371600009324,32.095146200436943],[-173.02511600030309,32.119518300029654],[-173.00698899984241,32.144165000414603],[-172.98936500009461,32.169074999811528],[-172.97225999999893,32.194240600023818],[-172.95565799971683,32.219642599626411],[-172.93957499998618,32.245288800238086],[-172.92401099990764,32.271171599889556],[-172.90898100017296,32.297271700029057],[-172.89448499988276,32.323593099941775],[-172.88052399998253,32.350120500360958],[-172.86709600038003,32.376842499681743],[-172.85421800006057,32.403762800413062],[-172.84188799983124,32.430870099875335],[-172.8301239996228,32.458148999876585],[-172.81890899955062,32.485599500416754],[-172.80825800030638,32.513206500080059],[-172.79817200013761,32.540965999581374],[-172.78866599973603,32.568866699838452],[-172.77972400016239,32.596904800316452],[-172.77136200035596,32.625068699760845],[-172.76358000031669,32.653354600334694],[-172.75637800004458,32.681747399722838],[-172.74975600043899,32.710239399728664],[-172.74374400018539,32.738822900356695],[-172.73829699990654,32.767497999633122],[-172.73345899983289,32.796241799919301],[-172.72920199957255,32.825054199591762],[-172.72553999977109,32.853920000108076],[-172.72248800022095,32.882843000204446],[-172.72001600043799,32.911800400268419],[-172.71816999984554,32.940792099575901],[-172.71690399991959,32.96980670011925],[-172.51789900033853,32.996993999673464],[-172.51777600006227,33.028930699892044],[-172.51831099955291,33.060859700115202],[-172.51953100005554,33.092777299632814],[-172.52140800027891,33.124675800248156],[-172.52392600038453,33.156539899996517],[-172.5271299997496,33.188358299795823],[-172.53099099973477,33.220130899821299],[-172.5355220000402,33.251838700096073],[-172.54072599990491,33.283477800260414],[-172.54658500029745,33.315032999973141],[-172.55310100041078,33.346500399773788],[-172.56028699994502,33.377864800220493],[-172.56813000009936,33.409126300238711],[-172.57662999997444,33.440258000206711],[-172.5857850003774,33.471271499580212],[-172.59559599955566,33.502136199825884],[-172.60604899956161,33.532859800039887],[-172.6171570000954,33.563423200420516],[-172.62892200034997,33.593818700073086],[-172.64131199974892,33.624034900090692],[-172.65435799972184,33.654071799574012],[-172.66802999978458,33.683902700349506],[-172.68234299972957,33.71353910024942],[-172.69728099971829,33.742958099836585],[-172.71284499979683,33.772155799650591],[-172.72901900012667,33.801116900424745],[-172.74583400033876,33.829841600009956],[-172.76324500015656,33.858314500214135],[-172.78126500017953,33.88652039979678],[-172.79988099980821,33.914470700362699],[-172.81910699968822,33.942138700141015],[-172.8389130002347,33.969524400031162],[-172.85929899964904,33.996608700231491],[-172.88029500021401,34.023395500202298],[-172.90184000001591,34.049869499777742],[-172.923964999585,34.076026900221393],[-172.94664000023576,34.101852399568713],[-172.96987899991584,34.127345999618342],[-172.99363700014737,34.152492500028984],[-173.01797500014607,34.177288100265741],[-173.04281599995835,34.20172119997352],[-173.06820699995302,34.225791899876413],[-173.09410099976125,34.249484999633182],[-173.12051400012092,34.272796599783419],[-173.14743000029421,34.295719100156475],[-173.17483499963544,34.318244899682497],[-173.20272799989721,34.340362499629805],[-173.23109400038774,34.362068200187423],[-173.25993300020772,34.383358000271642],[-173.2892460003026,34.40421680026526],[-173.31898500025747,34.424644500343561],[-173.34918199974942,34.444637299971589],[-173.37980700009291,34.46418759987796],[-173.4108580002964,34.48328400025656],[-173.4423219997604,34.501922599848228],[-173.47418200039891,34.520099599916762],[-173.50645400025184,34.537803599756444],[-173.53909299994191,34.555038499727118],[-173.57209800032237,34.571785000377588],[-173.60548400028631,34.588050799904636],[-173.63922100024888,34.60382079959038],[-173.67329400041771,34.619102499780695],[-173.70770299989346,34.633876799774612],[-173.74241599989841,34.648147599931917],[-173.7774510003633,34.661910999892882],[-173.81278999955876,34.675151800215531],[-173.8484039997447,34.687881499631658],[-173.88429300002187,34.700080900313424],[-173.92045600034407,34.711757699558348],[-173.9568630002272,34.722900400433275],[-173.99351499971738,34.733509100065078],[-174.0303800000369,34.743579899892609],[-174.06748999996344,34.753112799915925],[-174.10478200018909,34.762100199964379],[-174.14227299969909,34.770534499867438],[-174.17994699955432,34.778427100330589],[-174.21778899996229,34.785762800113275],[-174.25579799997763,34.792541500290156],[-174.29393000026923,34.798763299786629],[-174.33221400037573,34.804424300041546],[-174.37059000022825,34.809528399616113],[-174.4091030001033,34.814067799589452],[-174.44769299993192,34.818046599970785],[-174.48637400035975,34.821453099680923],[-174.52511600000332,34.82430269961003],[-174.56393399955437,34.826576200131683],[-174.60276799984325,34.828281400166645],[-174.64166300024718,34.829422000425097],[-174.68054199991329,34.829990399837243]]]},"properties":{"objectid":3472,"radii":34,"stormid":"cp012026","basin":"cp","stormnum":1,"advnum":"39","validtime":"2026082412","synoptime":"2026082200","timezone":"UTC","tau":60,"ne":110,"se":100,"sw":90,"nw":100,"idp_source":"cp012026_2026082203_forecastradii","idp_filedate":1787371368000,"idp_ingestdate":1787371389000,"st_area(shape)":10.432296918037515,"st_perimeter(shape)":12.103591150920778,"binnumber":"CP2"}},{"type":"Feature","id":3474,"geometry":{"type":"Polygon","coordinates":[[[-175.28036500044433,35.629989599640453],[-175.31784100016196,35.463626900261374],[-175.35347000014031,35.463108100258751],[-175.38909900011868,35.462074299889196],[-175.4246979996129,35.460525500051915],[-175.46025099968381,35.458461799672477],[-175.49574299963965,35.455879200364961],[-175.53118900017213,35.452785500150867],[-175.56654400010544,35.449176799569784],[-175.60182200008515,35.445049299885454],[-175.637009000365,35.440418199640362],[-175.67207300036858,35.435276000287331],[-175.70703099998059,35.429626499663357],[-175.74183699977763,35.423473400277373],[-175.77652000019776,35.416812899795616],[-175.81103500006512,35.409652700012259],[-175.84539800011754,35.401989000392177],[-175.87957799982476,35.393829300382038],[-175.91357400004,35.385177600166287],[-175.94737200011764,35.376030000284459],[-175.98095700026528,35.366401700178471],[-176.01432800043679,35.356285099677734],[-176.04746999994046,35.345684100041353],[-176.08035300009081,35.334602400180756],[-176.11300699957329,35.323047600266705],[-176.14540099965635,35.311019899948576],[-176.17750499985578,35.298526799572301],[-176.20933500001016,35.285572099672834],[-176.24085999958925,35.272155800250118],[-176.27210999997644,35.258281700040584],[-176.30303999999592,35.243957499938801],[-176.33363299976304,35.229190800115475],[-176.3639070001079,35.213985400206184],[-176.39382900040798,35.198333700040394],[-176.4234159996486,35.182258599954594],[-176.45263699999748,35.165748600317784],[-176.48149099960986,35.148822800032349],[-176.50996399963879,35.131484999633187],[-176.53805500003816,35.113738999655254],[-176.5657350003699,35.095577199927959],[-176.59303300017274,35.077026400248315],[-176.61990400006948,35.058078799896862],[-176.64636199980637,35.038745900303184],[-176.67237899989087,35.01903150020371],[-176.69798299981551,34.998943299593748],[-176.7231140004107,34.978485099907573],[-176.74781800020048,34.957668300052148],[-176.77204899976147,34.93649669966311],[-176.79582199978537,34.914974199999449],[-176.81910699978815,34.893112199968186],[-176.84193400025384,34.870922100274868],[-176.86425800000663,34.848396299849526],[-176.8860929996921,34.825550099757436],[-176.9074099997716,34.802394899804938],[-176.92823799978379,34.77893449962761],[-176.94856299998239,34.75517650029542],[-176.96833799999862,34.731124900194118],[-176.98761000020127,34.706794700015564],[-177.00633200022156,34.682182299773444],[-177.02453599973651,34.657306700344066],[-177.04220599980698,34.632171599739706],[-177.05931099990264,34.606780999943339],[-177.07586699986209,34.581146200037267],[-177.09188800033087,34.55527880037647],[-177.10731500038688,34.529182400047887],[-177.12220800009905,34.502868700130534],[-177.13650500020552,34.476337400250941],[-177.15025300017575,34.449611700219918],[-177.1634220004249,34.422683700392611],[-177.17599500016905,34.395568799860371],[-177.18798800014602,34.36827470041726],[-177.19941700019433,34.340816499881726],[-177.21023599999134,34.313194299877182],[-177.22045900018264,34.285419500209912],[-177.23011800044529,34.257503499786822],[-177.23915099971879,34.229446400231325],[-177.24758900033203,34.201263400085963],[-177.25541699979462,34.172969800416126],[-177.26266500038938,34.144561799787368],[-177.26930199978739,34.116050699979951],[-177.27532999987952,34.087451900085284],[-177.2807459996281,34.058769199738947],[-177.28555300007082,34.03001020001085],[-177.28976400000852,34.001186399632786],[-177.29336499969492,33.972309100384848],[-177.29634100023691,33.943382299753466],[-177.29870599958215,33.914417300418222],[-177.30046099957539,33.885421799676465],[-177.30161999996295,33.856403400396744],[-177.30215500035291,33.827373499687383],[-177.30209400023784,33.798343699702116],[-176.50102200006518,33.785469099719307],[-176.50041199981388,33.768051099578713],[-176.49945099956389,33.750652299963804],[-176.49810799968435,33.733264900155177],[-176.49639900001375,33.715904200318732],[-176.49433900034452,33.6985703002793],[-176.49189800019249,33.68125919985232],[-176.48911999978807,33.663997699734182],[-176.48596199984635,33.646774300293885],[-176.48245199985982,33.629600500262995],[-176.47859199992078,33.612480200001357],[-176.47436500014456,33.59542080003007],[-176.46977199967796,33.578418700362874],[-176.46484399995057,33.56149290007744],[-176.45954900038598,33.54463579990238],[-176.45393399955435,33.527862500354274],[-176.44793699999249,33.51117320018318],[-176.44160500027047,33.49456790028853],[-176.43493700034222,33.478054000292047],[-176.42791700036921,33.461650799644815],[-176.42056300028216,33.445346799615265],[-176.41287199994278,33.429149600373876],[-176.40484600034256,33.413066900117485],[-176.39650000037463,33.39710620009123],[-176.38781700015437,33.381267500295053],[-176.37879899977395,33.365554800014138],[-176.36944600013271,33.349975599594416],[-176.35978699987007,33.334541299741318],[-176.34982299993143,33.31924059957413],[-176.33953899962506,33.304088599609315],[-176.32893399980418,33.289089200206547],[-176.3180240003073,33.274246200102198],[-176.30680800018899,33.259563399831165],[-176.29530300023319,33.245044699753237],[-176.2834929997021,33.230697600214228],[-176.27137800039432,33.216522200139593],[-176.25898700004993,33.202522300064231],[-176.24630699986807,33.188705400334129],[-176.23333699980262,33.1750755002343],[-176.22010800038385,33.161636400299756],[-176.20657300034361,33.148387899981742],[-176.19279499988926,33.135337799999604],[-176.17875700003546,33.12249369962467],[-176.16444400009047,33.109855699581033],[-176.14985700010041,33.097423600219145],[-176.1350400002957,33.085205099735731],[-176.11996500028445,33.073203999565067],[-176.10465999955926,33.061420400431302],[-176.08911100017244,33.049865700341968],[-176.07331800032537,33.038532300025793],[-176.05731199964899,33.02743529999924],[-176.0410770001034,33.01657099955213],[-176.02461199984384,33.005939500307818],[-176.00793499970041,32.995552100449231],[-175.99104300043405,32.985408799976256],[-175.97395300013076,32.975509599788325],[-175.95666499968991,32.965858500069885],[-175.93917799996464,32.956462900442659],[-175.92150899994033,32.947319000371692],[-175.90365600042401,32.93843459967718],[-175.88561999966319,32.929813399968566],[-175.86740100035581,32.921451599811633],[-175.84903000033418,32.913352999741278],[-175.83048999971365,32.905525199928206],[-175.8118129999699,32.897968300197022],[-175.79295299988095,32.890678400188165],[-175.77397199960802,32.883667000431842],[-175.75483700032723,32.876934100028848],[-175.73556500012458,32.870475800417978],[-175.7161709996918,32.864299799796072],[-175.69667099976675,32.858406099961712],[-175.67701699993452,32.852794600190805],[-175.65728800024095,32.847473100303489],[-175.63743600027112,32.8424339003044],[-175.61749299970211,32.837684600364184],[-175.59742699975615,32.833225300307504],[-175.577316000433,32.829055799585603],[-175.55709799977279,32.825180100181626],[-175.53680400010444,32.821598099572782],[-175.51644900032105,32.818313600092722],[-175.49603300042256,32.815322900131889],[-175.4755550003629,32.812625899865509],[-175.4550320000267,32.810230300188323],[-175.43443299978304,32.808128400205646],[-175.41381799970085,32.806331599723705],[-175.39318799982627,32.804832500019984],[-175.37249799988271,32.803627000186054],[-175.35180699989306,32.802726699677578],[-175.33108500027248,32.802127799758296],[-175.31036399979868,32.801826499893195],[-175.28454599989792,32.302734399772874],[-175.25363199971693,32.303180700029429],[-175.22274800002012,32.304077100178176],[-175.19186400032328,32.305419900408197],[-175.16102600004979,32.307212799631145],[-175.13021900030654,32.309455900369642],[-175.09947199973291,32.312141400105702],[-175.06877100038128,32.315273299922978],[-175.03813200029151,32.318847700361232],[-175.00759899969401,32.322864499796992],[-174.9771270001109,32.32732389967839],[-174.94674700027377,32.332229599816344],[-174.91647299992894,32.337574000040206],[-174.88632199986034,32.343357100350033],[-174.85627700018333,32.349575000386096],[-174.82635499988325,32.356224100162251],[-174.79660000008985,32.36331180019954],[-174.76696799967337,32.370826699792531],[-174.73748799997114,32.378772700200102],[-174.70817599992239,32.3871422003524],[-174.67903100038029,32.395938900060344],[-174.65007000033017,32.405155200052604],[-174.62130700041766,32.414791100329182],[-174.59274299978952,32.424838999820111],[-174.56436200040591,32.435302699959777],[-174.5362089998454,32.446178400213171],[-174.50828599999883,32.457454699874631],[-174.48057600008227,32.469139100189466],[-174.45312500041837,32.481224099912424],[-174.42590299962364,32.493701900122744],[-174.39894100002707,32.506576500105552],[-174.3722529995762,32.519840199865484],[-174.34580999963171,32.533485400131269],[-174.31967200026253,32.54751210000353],[-174.29379300024669,32.561920199657607],[-174.26821899990685,32.576702099822171],[-174.24296599998084,32.591846499616395],[-174.21800199989229,32.607356999925742],[-174.19334400042521,32.623229999864748],[-174.16903700005744,32.639453899977639],[-174.14505000005738,32.656032599724824],[-174.12139900026358,32.672954600374624],[-174.09808299973056,32.690216099593442],[-174.07513399993408,32.707813300443604],[-174.05253600013623,32.725738500231728],[-174.03031899992183,32.743991900406002],[-174.00845299970609,32.762565600422249],[-173.98698399981166,32.781452199759372],[-173.96589700044615,32.800643900395812],[-173.94518999971865,32.820140800357819],[-173.9248960000503,32.839939100009587],[-173.90501399959632,32.86002729972023],[-173.88552900036299,32.880393999683463],[-173.86645500029795,32.901046800069935],[-173.84780900018512,32.921970399814256],[-173.82960499977085,32.943161000180169],[-173.81182900020812,32.964618700093069],[-173.79447899960607,32.986328099562286],[-173.77760300017823,33.008281700040584],[-173.7611539997572,33.03047939990455],[-173.74516299977253,33.052909900071995],[-173.72964500001666,33.075572999994108],[-173.71458399975171,33.09845350022897],[-173.70001199955405,33.121555300237048],[-173.68589799979279,33.144859300216694],[-173.67225600021416,33.168365500167852],[-173.65910299980354,33.192062399560257],[-173.64645400015192,33.215950000192493],[-173.63429299962215,33.24001689956043],[-173.62262000001292,33.264259299826961],[-173.61146500000967,33.28866959992223],[-173.60080000011985,33.313228600219873],[-173.59065199978988,33.337940200180242],[-173.58100900026508,33.362804399803338],[-173.57188400034627,33.387794500016298],[-173.56327800007958,33.412918100090394],[-173.55519100036429,33.438163800219343],[-173.54763800009354,33.463520099872881],[-173.54060400037423,33.488983200314578],[-173.53410300005334,33.514545399750546],[-173.52813700012237,33.54019549982263],[-173.52268999984355,33.565929399622235],[-173.51780700039268,33.591735800067283],[-173.51342799990221,33.617618599718753],[-173.50962800003211,33.64355089985429],[-173.50634799986022,33.669536599934304],[-173.50360099998608,33.695571900323102],[-173.50141900008671,33.72163389978482],[-173.49977099963186,33.747730300113403],[-173.49867200021257,33.773841899883905],[-173.09773299997789,33.796409599723404],[-173.09758000011684,33.828342399582198],[-173.09809899976895,33.860275300165142],[-173.09928899978743,33.89219279985798],[-173.10116600001081,33.924091299573945],[-173.10368300007033,33.955959299682092],[-173.10690300017325,33.987781500016354],[-173.11077899995081,34.019550300406195],[-173.11532600009474,34.051261900316604],[-173.12054399970575,34.08290480011658],[-173.12643399972922,34.114467599999898],[-173.13299600016521,34.14593120016491],[-173.14021300022969,34.17730329970766],[-173.14811699959978,34.208564799725877],[-173.15666199975141,34.239704099864468],[-173.16587800026943,34.270717600137289],[-173.1757660003006,34.301593800014018],[-173.18629500021402,34.332317400227964],[-173.19749499959448,34.362888300055147],[-173.20933499971039,34.393287700067447],[-173.2218320004464,34.4235115002557],[-173.2349700001653,34.453556099734385],[-173.24874899976646,34.483398400316048],[-173.26316800010304,34.513038599851654],[-173.27824400016041,34.54246519960941],[-173.29392999956974,34.571666699958371],[-173.31024199996824,34.600639300363582],[-173.32719400020287,34.629367799584429],[-173.3447420000432,34.657848399783973],[-173.36292999971963,34.686073300242754],[-173.38169900010868,34.714027400444309],[-173.40109299964215,34.741703000393272],[-173.42106599979599,34.769096400278784],[-173.4416349995555,34.796192200110113],[-173.46279899977395,34.822990399887203],[-173.48454299975955,34.849471999633238],[-173.50685099967382,34.875637100072254],[-173.52972399956286,34.901474000125177],[-173.55317700011838,34.926979099805749],[-173.57717899991084,34.952133200387038],[-173.60170000025474,34.976944000065714],[-173.62678499962794,35.001384699944083],[-173.65240500029046,35.025463099842341],[-173.67854299965964,35.049167600304656],[-173.70519999958023,35.072490700085893],[-173.73236100025989,35.095417000094642],[-173.76001000006138,35.117950399791255],[-173.78817700036819,35.140083299904518],[-173.81680300025818,35.161800400268419],[-173.84591700016935,35.183097799623908],[-173.87548799957145,35.203971899783483],[-173.90551800035536,35.224414800203022],[-173.93598899989234,35.244411500190722],[-173.96691899991185,35.263973199903376],[-173.99825999999894,35.283077199553247],[-174.03001400024584,35.301723500039657],[-174.06217999970715,35.319911999739134],[-174.09475700013536,35.337631199920111],[-174.12771600019317,35.354866000066011],[-174.16104100004205,35.371631599618752],[-174.19474800041982,35.387901300404849],[-174.22880599989691,35.403686500431775],[-174.26319900043345,35.418972000257725],[-174.29794300006932,35.433754000247063],[-174.33300800011904,35.448036200210595],[-174.36836200000621,35.461803399807195],[-174.40405300014575,35.475059500295856],[-174.44001800033038,35.487789199711926],[-174.47625699966073,35.500000000199975],[-174.5127720000277,35.51168439961549],[-174.54952999990948,35.522830999950827],[-174.58653300029766,35.533451100288175],[-174.62377900020061,35.543525699751399],[-174.66124000012584,35.55306240030967],[-174.69891399998104,35.562053699818534],[-174.73675500034292,35.570495599892183],[-174.77481099982771,35.578388200355334],[-174.81303399981917,35.585731500308611],[-174.85139499987926,35.592517899581537],[-174.88992300044603,35.598743399788191],[-174.92857400038974,35.60441210003853],[-174.96734599961812,35.609512300152687],[-175.00622600022965,35.614059400121391],[-175.04519699964175,35.618038199603347],[-175.08427400034478,35.621448499848555],[-175.12339799961791,35.624294300141969],[-175.16258199985933,35.626567799764302],[-175.20181299957019,35.628280599969855],[-175.24107399976521,35.629417399693409],[-175.28036500044433,35.629989599640453]]]},"properties":{"objectid":3474,"radii":34,"stormid":"cp012026","basin":"cp","stormnum":1,"advnum":"39","validtime":"2026082500","synoptime":"2026082200","timezone":"UTC","tau":72,"ne":110,"se":90,"sw":60,"nw":100,"idp_source":"cp012026_2026082203_forecastradii","idp_filedate":1787371368000,"idp_ingestdate":1787371389000,"st_area(shape)":8.8683970912813113,"st_perimeter(shape)":12.167945970354372,"binnumber":"CP2"}},{"type":"Feature","id":3475,"geometry":{"type":"Polygon","coordinates":[[[-176.9836429998245,36.997264899855395],[-177.01454200021305,36.83090969992287],[-177.04354899968652,36.830493900173508],[-177.07255600005928,36.829673800305784],[-177.10153199990179,36.828434000329025],[-177.13047800015951,36.826785999874119],[-177.15937800009456,36.824729899665272],[-177.18823199970694,36.822254200071427],[-177.21701000031118,36.819377900170082],[-177.24574299973958,36.816093399790702],[-177.27438400032128,36.812393200386055],[-177.3029330002577,36.808296200309542],[-177.3313900004481,36.803787200119359],[-177.35974100024688,36.798877700345713],[-177.38798499960797,36.793567700089454],[-177.41609199984583,36.787853200065285],[-177.44407699985359,36.781742099918119],[-177.47190900000027,36.775237999634101],[-177.49960300007831,36.768333399766732],[-177.5271299996497,36.761039700122183],[-177.55448899956761,36.753353100165612],[-177.58167999983206,36.745281200067495],[-177.60867299995891,36.736827900187564],[-177.63546799994816,36.727989200341483],[-177.66206399975371,36.718769099814267],[-177.68846100027486,36.709175099851109],[-177.71461500038188,36.699207300276839],[-177.74055499961347,36.688869499827717],[-177.76626599997584,36.678165400113244],[-177.79171800008555,36.667095199883704],[-177.81694000038064,36.655666400384234],[-177.84187299993891,36.643882800351093],[-177.86656199993627,36.63174820031935],[-177.89096100005003,36.619255099943075],[-177.91508500007262,36.606430100269051],[-177.93891900021163,36.593257900232061],[-177.96244799977529,36.579750100187141],[-177.98567199966297,36.565910300120379],[-178.00859099987468,36.55173869968138],[-178.03118899967254,36.537250500110645],[-178.05345200020957,36.522441899973842],[-178.07539400033278,36.507320399616901],[-178.096984999558,36.49188609976386],[-178.11822499968392,36.476150500045662],[-178.13911399981117,36.460113499738384],[-178.15965299998589,36.443779000100903],[-178.17982500032343,36.427158400040298],[-178.19961500013207,36.410259199902328],[-178.21904000019578,36.393074000065212],[-178.23806799993818,36.375621799606506],[-178.25671400005098,36.357898699965176],[-178.2749629998425,36.33991240023721],[-178.2928009995664,36.321670499693937],[-178.31025699966074,36.303176899594405],[-178.32728599984895,36.284439100284374],[-178.34390299992344,36.265464799960682],[-178.36009200004568,36.246250199886958],[-178.37587000010035,36.226818099675711],[-178.39120500041037,36.207160900055612],[-178.40609700007641,36.187286399947538],[-178.42056299988246,36.167209600043179],[-178.43457000010534,36.146926900356334],[-178.4481509995689,36.126449599969192],[-178.46127300034863,36.105781600140858],[-178.47392300004634,36.084930400317887],[-178.48614499979183,36.063903800320247],[-178.49789400020788,36.042705499959027],[-178.50915499970341,36.02134320012874],[-178.51997400039971,35.999824500100772],[-178.53030400012943,35.978157000045655],[-178.54017600032208,35.956344600323177],[-178.54956099964033,35.934390999844936],[-178.55847199958305,35.912315400035823],[-178.56691000019629,35.890113799812184],[-178.57484400005049,35.867797900253038],[-178.58229099992963,35.845367400085593],[-178.58926400043319,35.822841599660251],[-178.59573400022387,35.800212899705684],[-178.60172999973963,35.777504000009742],[-178.6072079996494,35.754703499866764],[-178.6122130002297,35.731834400337448],[-178.61672999988951,35.708900500158109],[-178.62074299968961,35.685901599679255],[-178.62425199963002,35.662849399979962],[-178.62725799975681,35.639751399607576],[-178.62977599986243,35.616615300355988],[-178.63179000010834,35.593440999702523],[-178.63331600033308,35.570255300142151],[-178.63432300000636,35.547039000249811],[-178.63485700035022,35.523818999647233],[-178.63488799998115,35.500587500313031],[-177.81733699980262,35.491439799707109],[-177.81695600021916,35.479827900037719],[-177.81634499992174,35.468223599639543],[-177.81549100010949,35.456634499582663],[-177.81436200020607,35.445053100420409],[-177.81301900032653,35.433494599796063],[-177.8114010003558,35.421951300412331],[-177.80955499976335,35.410434700101462],[-177.80744899977145,35.398944899587605],[-177.8050990002186,35.387493099926758],[-177.80252100004404,35.376071899698559],[-177.79969800026242,35.364685100337283],[-177.79661600022814,35.353347799661378],[-177.79330400037924,35.342048599663315],[-177.78974900011619,35.330806699969401],[-177.78595000029222,35.319610600049316],[-177.78192099975425,35.308471699709344],[-177.77766400039323,35.297389999848747],[-177.77314799988022,35.286377000098639],[-177.76841700024428,35.275421100103813],[-177.76344300019423,35.264541600214841],[-177.75825500016805,35.253730800436244],[-177.7528079998892,35.242999999850269],[-177.74716200032597,35.2323417997344],[-177.7412870000949,35.221767400245483],[-177.73518400014143,35.211273199598622],[-177.72885100037328,35.200878099744671],[-177.72230499977584,35.190563199632095],[-177.71554600014773,35.180347400312428],[-177.70857199959804,35.17023470017142],[-177.70138500001767,35.160217300288309],[-177.69396999981558,35.15030289975914],[-177.68637100012148,35.14049909965388],[-177.67854299975954,35.130798299801825],[-177.67051700015935,35.121211999834088],[-177.66229200037543,35.111743899561475],[-177.65388500029246,35.102394099708079],[-177.64526400023334,35.093166399909592],[-177.63645899978295,35.084060700341183],[-177.62745700014037,35.075080899564],[-177.61825600031409,35.066234600446592],[-177.60888699993504,35.057510399585396],[-177.5993350001101,35.048931100190259],[-177.58959999993996,35.04048159994602],[-177.57968100027787,35.032173199733506],[-177.5695950001091,35.024009700087731],[-177.55934100028685,35.015991199934092],[-177.54891999995795,35.008117700171852],[-177.53831500013706,35.00038910007703],[-177.52757300029364,34.992820699815582],[-177.51666299989745,34.985401200305319],[-177.5055999996402,34.978141799904279],[-177.49438499956801,34.971035000065342],[-177.48303200032649,34.964092300419452],[-177.47151199967897,34.957309699882899],[-177.45988500039238,34.950691200438712],[-177.44808999965369,34.944240599923887],[-177.43617200043741,34.937957800312404],[-177.42413300013777,34.931850399976099],[-177.4119569998156,34.925907099832955],[-177.39965800011655,34.920143100224038],[-177.38725300002585,34.914547000443861],[-177.37472499965892,34.909137699745202],[-177.36207600000731,34.903907800304864],[-177.34931899987188,34.89885330013982],[-177.33647200008267,34.89397809960974],[-177.32350200001721,34.889289899609309],[-177.31045499999817,34.884784699954082],[-177.29731800032539,34.88047029956482],[-177.28408799996114,34.876335099885125],[-177.27076699989706,34.872398400366023],[-177.25736999992549,34.86864089975785],[-177.24389600000032,34.865085600020564],[-177.23036200000621,34.861713399553878],[-177.21673600026614,34.858535799787489],[-177.20306400020337,34.855552699997247],[-177.18931600023316,34.852767899818843],[-177.17552199994026,34.850173999630499],[-177.16166700043166,34.847778300128596],[-177.14778100039277,34.845584900422978],[-177.13383500028496,34.843582200158551],[-177.11985799964688,34.841777800405282],[-177.10583499958548,34.840179400259274],[-177.09179699973168,34.838771800278494],[-177.07772800024694,34.837570199904974],[-177.06362900027807,34.836559299871965],[-177.04949999982506,34.835758199981115],[-177.03538500001767,34.83515550042614],[-177.02122499993374,34.834754900118696],[-177.00709500033392,34.834552799971902],[-176.989441000102,34.501827199765614],[-176.9683070003677,34.502132399990387],[-176.9471739997802,34.502731299909726],[-176.92607099967682,34.503631600418146],[-176.90498400031129,34.504833199892403],[-176.88391099979273,34.506332400320161],[-176.86290000033466,34.508132899713701],[-176.8419039997697,34.510227200425106],[-176.8209530003806,34.512622800102292],[-176.80006400025334,34.51531599983366],[-176.77925100003355,34.518302900158858],[-176.75848400013643,34.521587399638918],[-176.73779300014675,34.525169400247762],[-176.71716300027217,34.529041300016104],[-176.69662500014357,34.533206900378275],[-176.67619300040656,34.537666300259673],[-176.65583799972384,34.542404200393662],[-176.63559000037813,34.547447200028387],[-176.61544799962542,34.552764900280067],[-176.59542800000213,34.558372499691245],[-176.57551599996336,34.564258600254334],[-176.55573999990099,34.570434599976977],[-176.53608700011489,34.576885199592425],[-176.51655599965957,34.583614300359841],[-176.49719199971094,34.590621899581151],[-176.47796599983096,34.597904200318737],[-176.45889299981201,34.60545730041423],[-176.43998700029974,34.613281199867629],[-176.42123399974921,34.621372199767336],[-176.4026640004432,34.629726399753679],[-176.38426199989129,34.638347600361612],[-176.36604299968462,34.64722819962185],[-176.3480069998231,34.656364399697452],[-176.33017000014533,34.66575240005335],[-176.31253099970579,34.675396000325293],[-176.29509000030319,34.685291300153551],[-176.2778629999774,34.695426899731785],[-176.26083399978918,34.705806700319101],[-176.24404900006124,34.716430700116859],[-176.22747800030939,34.727291100204241],[-176.21112099963435,34.738384199871064],[-176.19502300011129,34.749710099841366],[-176.17915300031063,34.761257199760109],[-176.16352800011703,34.773033099797885],[-176.14813199969197,34.785026599797902],[-176.13301100025737,34.797241199921586],[-176.11813400038375,34.809665700012204],[-176.10353099965585,34.822300000244979],[-176.08918800012603,34.835136399725229],[-176.07510399994956,34.848178900436039],[-176.06130999965669,34.86142350039438],[-176.04779100035429,34.874851199623322],[-176.03456099999008,34.888477300087459],[-176.02160599971702,34.902286499822253],[-176.00895700006544,34.916275000091332],[-175.99659700025128,34.930450400165967],[-175.98452800036685,34.94479370006934],[-175.97276300011228,34.959304799976678],[-175.96131900027157,34.973979900252345],[-175.95018000010685,34.98881909982174],[-175.93934599961813,35.003810899953237],[-175.92883300044255,35.018958999558322],[-175.91863999983605,35.034248399744001],[-175.90878300033512,35.049682599772325],[-175.89923099961086,35.065257999657092],[-175.89002999978459,35.080963099767359],[-175.88114900032602,35.096797900103127],[-175.87260400017439,35.112754799594484],[-175.864395000229,35.128830000404321],[-175.85655200007466,35.14502719964571],[-175.84901399959634,35.161323499679895],[-175.84184299985449,35.177730599787481],[-175.83503699985758,35.194232900328245],[-175.82855200027453,35.210830699877022],[-175.82243299958319,35.227520000048116],[-175.81666599983595,35.24428940013587],[-175.81126399983364,35.261142699775917],[-175.80621299983,35.278072400421081],[-175.80151399987113,35.295066800092911],[-175.79719500034892,35.312118500068891],[-175.79322799997215,35.329238900155246],[-175.78964200007817,35.346416499821771],[-175.78639200039044,35.363635999801716],[-175.78352400033228,35.380901299555489],[-175.78105199964997,35.398201000176186],[-175.77891500002715,35.415535000040393],[-175.77716100008001,35.432899500411736],[-175.7757719998778,35.450283099685464],[-175.77476500020452,35.467681900199693],[-175.77412400032227,35.485095999980558],[-175.16079700028126,35.499114999857511],[-175.16076699979712,35.525241899793969],[-175.16128500030246,35.551368699905709],[-175.16236899992933,35.577487899846858],[-175.16400099964633,35.603584300175442],[-175.16621400007597,35.629650100172114],[-175.16897599974251,35.655681600025957],[-175.17230200023704,35.681671099741607],[-175.17619299980703,35.707611099872508],[-175.18064900025109,35.733490000063625],[-175.18563800009355,35.759307900139618],[-175.19120799974931,35.785038000303643],[-175.19732700044065,35.810695599822225],[-175.20399500036891,35.836254100346594],[-175.21121200043339,35.861721000423984],[-175.21899399957334,35.8870810997131],[-175.2273409995874,35.912323000206413],[-175.23620600010673,35.937450399916145],[-175.24562099990914,35.96243669959415],[-175.2555999996402,35.987293200121258],[-175.26609799992269,36.012001000445935],[-175.27714500034142,36.036556200208622],[-175.28872700025079,36.060951200137936],[-175.30084199955857,36.08518219969892],[-175.31347700036321,36.109226199629575],[-175.32664499966694,36.133094800284937],[-175.3403320004214,36.156772599875751],[-175.35453799992868,36.18025209985467],[-175.36924700014887,36.203525500401668],[-175.38447600006728,36.226589199731905],[-175.40022299959168,36.249427799653404],[-175.41645800003658,36.272041300165995],[-175.43318199964949,36.294418299664926],[-175.45040899997528,36.316562700308509],[-175.46812400032229,36.33845140031201],[-175.48631300004485,36.360084500399523],[-175.50497399995007,36.381462100395765],[-175.52412399992258,36.402564999775052],[-175.54371599959364,36.423397099796489],[-175.56378200043889,36.443946800104868],[-175.58430499987577,36.464202899644249],[-175.60525500011809,36.484169000199358],[-175.62666299989746,36.503833799990048],[-175.64851400032077,36.523189500095498],[-175.67077599991239,36.542236300165257],[-175.69345099966384,36.56095890003337],[-175.7165530002207,36.579361000409961],[-175.74006699999197,36.597431199690277],[-175.76397700003844,36.615161900401517],[-175.78828400040621,36.632545499675189],[-175.81297300040356,36.649589499655804],[-175.83802800019197,36.666275000191263],[-175.86346399956386,36.682605700193051],[-175.88926699967223,36.698570299679716],[-175.91540499994073,36.714168500076369],[-175.94191000004639,36.729392999787251],[-175.96873499962047,36.7442359998916],[-175.995895000254,36.758693699854518],[-176.02337600040201,36.772766099675891],[-176.05117800006457,36.786445600084505],[-176.07928500030243,36.799728399646085],[-176.1076810003778,36.812610599799484],[-176.1363529996911,36.825084700198886],[-176.16531399974122,36.837154399755889],[-176.194534000044,36.848800700292259],[-176.22402999958473,36.86003880035048],[-176.2537539997472,36.870853399764712],[-176.28372200036995,36.881240799623356],[-176.31391899986187,36.89120479956199],[-176.34434500002166,36.900741599945036],[-176.37498500015755,36.909835799882387],[-176.40582300043104,36.918498999729195],[-176.43684400015042,36.926723500389357],[-176.46803300042257,36.934505500428656],[-176.49941999993297,36.94183729985167],[-176.53096000020378,36.948730499912813],[-176.56265300033562,36.955169699722035],[-176.59448200044389,36.961158799639065],[-176.62643399992908,36.966693900203495],[-176.65852400038224,36.971771199981049],[-176.69070399958983,36.976394700055494],[-176.7229920001806,36.980567899688992],[-176.75537099957191,36.984268199817734],[-176.7878269998161,36.987514499694555],[-176.82037399976019,36.990299200048185],[-176.85295100018843,36.992622399804077],[-176.8855899998785,36.994480099676991],[-176.9182430002142,36.995872500215853],[-176.95094300001935,36.996803300332203],[-176.9836429998245,36.997264899855395]]]},"properties":{"objectid":3475,"radii":34,"stormid":"cp012026","basin":"cp","stormnum":1,"advnum":"39","validtime":"2026082600","synoptime":"2026082200","timezone":"UTC","tau":96,"ne":90,"se":60,"sw":40,"nw":80,"idp_source":"cp012026_2026082203_forecastradii","idp_filedate":1787371368000,"idp_ingestdate":1787371389000,"st_area(shape)":5.2790249843608184,"st_perimeter(shape)":9.7503205730977633,"binnumber":"CP2"}},{"type":"Feature","id":3476,"geometry":{"type":"Polygon","coordinates":[[[-178.38513200004169,38.630897499719993],[-178.41110199975742,38.298175799873434],[-178.43330400017939,38.297863000377333],[-178.45548999986352,38.297248800292039],[-178.47764599996285,38.296325700171053],[-178.49978600022365,38.295093500364885],[-178.52191199983884,38.293556200158662],[-178.54396100039978,38.291706099557018],[-178.56599400022287,38.289558399800455],[-178.587966999977,38.287101700183484],[-178.6098940003078,38.284336099631446],[-178.63172899999327,38.281272899924545],[-178.6535029995637,38.277904499992815],[-178.67520100012598,38.274234800196041],[-178.69680800008905,38.270263699810016],[-178.71830699956831,38.265991199734231],[-178.7397310000855,38.261424999963936],[-178.76103200032648,38.25655750032854],[-178.78221100033733,38.251403800445189],[-178.80329899974896,38.245948799797418],[-178.82423400019889,38.240203899990149],[-178.84504700041867,38.234169000299289],[-178.86570699987806,38.227848100009965],[-178.88623000021425,38.221237199837049],[-178.9065860000438,38.214343999775906],[-178.92678799996617,38.207168599651311],[-178.94682300028117,38.199722300344035],[-178.9666900000434,38.191989899714258],[-178.98638900015217,38.183986699726574],[-179.00587500033092,38.175705000385619],[-179.02519199991079,38.167163799869627],[-179.0443120002985,38.158351899820445],[-179.06321699976465,38.149272900224332],[-179.08190900020011,38.139938399637572],[-179.10040299959869,38.130340600038835],[-179.1186520002895,38.120491000159689],[-179.13670299994342,38.110385900189272],[-179.15452599987492,38.100036600109149],[-179.17208900040697,38.089439400108347],[-179.18940700043265,38.078597999997839],[-179.20648200004419,38.067520099772935],[-179.22331200004868,38.056201899797998],[-179.23988299980053,38.044658700238983],[-179.25618000040663,38.032886500012125],[-179.27221699981462,38.020889300201191],[-179.28797900003076,38.008670799717777],[-179.30345200040941,37.996234899820934],[-179.31866499959,37.983585400146239],[-179.33357199994776,37.970729800140305],[-179.34818999956875,37.957668300351941],[-179.36251800020548,37.944400800056997],[-179.37654100026688,37.930938699961189],[-179.39025899975297,37.917285900424133],[-179.40367100041627,37.903449999817781],[-179.41676299981251,37.889423399770237],[-179.4295500004321,37.875217400262954],[-179.44200099994612,37.860839800216752],[-179.45413199999174,37.846286799995994],[-179.46592699983111,37.831569699582133],[-179.47740200020206,37.816696199869853],[-179.48854100036681,37.801658599964583],[-179.49934400032529,37.786468500221247],[-179.50981100007752,37.771133400086512],[-179.51991300008481,37.755657199919995],[-179.52969399967827,37.740043600431989],[-179.53909299964215,37.724292800372609],[-179.54817200013761,37.708415999898648],[-179.55687000015033,37.692417100269097],[-179.56523099991065,37.676292399874512],[-179.57321200013362,37.660064700125929],[-179.58084100031184,37.643722499593821],[-179.5881199996382,37.6272812000675],[-179.59500100039577,37.610736799563767],[-179.60153200030149,37.594101000061244],[-179.60768099967831,37.577377299922603],[-179.61348000000191,37.560569800056385],[-179.61889599975052,37.543689699720005],[-179.62393199996177,37.526729600191061],[-179.62858599964409,37.509708399822955],[-179.6328740004347,37.492618600068511],[-179.63677999979708,37.475475299645495],[-179.64030499957599,37.458282499637789],[-179.64344799972534,37.441040000395844],[-179.6462250000836,37.423759500300832],[-179.6486050001206,37.406440699878544],[-179.65060399967476,37.389095300208112],[-179.65223700033721,37.371719400030429],[-179.65345799998664,37.35432819968679],[-179.65432699959129,37.336921700076516],[-179.65479999982006,37.319500000125061],[-179.65489199956605,37.302082099809184],[-179.02737399981018,37.293983499738886],[-179.02711499955751,37.285274500118248],[-179.02664200022807,37.276573199593656],[-179.02600100034581,37.267879500138974],[-179.02516200032599,37.259189600319928],[-179.02413899991484,37.25051880030253],[-179.02293400010396,37.241863299551767],[-179.02151500031692,37.233223000041562],[-179.01992799997714,37.224605599968584],[-179.01814300039908,37.216011000407491],[-179.01617400042971,37.207443199744034],[-179.01402300016125,37.198902099952079],[-179.01167299970911,37.190391499768054],[-179.00913999981105,37.181919100086532],[-179.00643900025958,37.17348480018353],[-179.00353999967118,37.165084800423358],[-179.00045799963689,37.156723000266368],[-178.99719200011063,37.148410800418276],[-178.99374400028532,37.140140499984227],[-178.9901279999072,37.131923700218749],[-178.9863280000371,37.123756400037962],[-178.98236099966033,37.115646400161381],[-178.97820999979157,37.107589700404503],[-178.97387699962377,37.099590300052455],[-178.96935999996396,37.091655700350429],[-178.96469099958989,37.083782199688926],[-178.95983899976994,37.075977300212401],[-178.95483400008897,37.068237300311296],[-178.94964600006278,37.060569800156316],[-178.94430500017555,37.052974699922629],[-178.93879699978163,37.045459699605601],[-178.93312099973429,37.038017299758735],[-178.92729199982585,37.030654900003753],[-178.92129500026397,37.023372699990261],[-178.91514599998783,37.016178100239301],[-178.90882900005823,37.009071400225082],[-178.9023899998985,37.002052299574132],[-178.89578200003919,36.995120999734468],[-178.88900799971933,36.988285099977531],[-178.88209500018405,36.981548300114127],[-178.87506099956539,36.97489930016269],[-178.86787399998505,36.968357100100263],[-178.8605349996904,36.961914099756029],[-178.85305800022647,36.955566399669749],[-178.84545899963305,36.94933320036705],[-178.83770800012402,36.943203000418293],[-178.82981899964705,36.937175799823422],[-178.8218380003234,36.931266799823106],[-178.81368999959372,36.925468400246643],[-178.805435000225,36.91978070001943],[-178.79707300041855,36.914211300211491],[-178.78857399969027,36.90875629956372],[-178.7799680003229,36.903423300045404],[-178.77123999982607,36.898208600046985],[-178.76238999999842,36.89311219956852],[-178.75344800042481,36.888141599855089],[-178.74439999956024,36.883300800191932],[-178.73525999984903,36.878578200223899],[-178.72599799990769,36.873989100117001],[-178.71662900042796,36.869525899700648],[-178.70719899993384,36.865199999680385],[-178.6976619999013,36.861000100074705],[-178.6880340001689,36.856937400141078],[-178.67831399979119,36.853000599897939],[-178.66850299971358,36.849208800046256],[-178.65863000037413,36.845546700420016],[-178.6486660004355,36.842025799751013],[-178.6386410003818,36.838642099653327],[-178.62855500021303,36.835395799776506],[-178.61837800034436,36.832294500291084],[-178.60813900031454,36.829334299938125],[-178.59783900016964,36.826519000151904],[-178.5874939997482,36.823844900222127],[-178.57708700006492,36.821308099789121],[-178.5666200003127,36.818923999742935],[-178.55609100039928,36.816684700438714],[-178.54553200000171,36.814594300087037],[-178.53492700018083,36.812644999767087],[-178.5242770000834,36.810844399649454],[-178.51359600035505,36.809196499918698],[-178.50288400009646,36.807685899684657],[-178.49214200025304,36.806335400358591],[-178.48136899987938,36.805133799985015],[-178.47055100012847,36.804077100178176],[-178.45973200033148,36.803173099858839],[-178.44889799984276,36.802417799741818],[-178.43806500029945,36.801815000362126],[-178.4271850003874,36.801361099934979],[-178.41630599962213,36.80106349988074],[-178.40544100040177,36.800910900218014],[-178.38919100016446,36.301822699558102],[-178.36756900040896,36.302124000322522],[-178.34597800028442,36.302719099706849],[-178.32438700015985,36.303623199850961],[-178.30282599962013,36.304820999689525],[-178.28128099981822,36.306316399582329],[-178.25978100029286,36.308120700410143],[-178.23831200039842,36.310215000222229],[-178.21690399971973,36.312606800263779],[-178.19554100021691,36.315299999995148],[-178.17423999997595,36.31828309978539],[-178.15299999985004,36.321567500339995],[-178.13185100032334,36.325141899878929],[-178.11074800021996,36.329010000011635],[-178.08975199965499,36.333171799838851],[-178.06886300042706,36.337627400084614],[-178.04803500041487,36.342369099854238],[-178.02732799968737,36.34740069968268],[-178.00674400013543,36.352714499574631],[-177.98625200032947,36.358314499714538],[-177.96589699964673,36.364204399913262],[-177.94564800025492,36.370368999829623],[-177.92556799966337,36.376819600344447],[-177.90560900015515,36.383544899677531],[-177.88578799981627,36.390544899627571],[-177.86611900019165,36.397819500369792],[-177.84661900026657,36.405368799930329],[-177.82727100015646,36.413185100112401],[-177.80808999965367,36.421268499841517],[-177.78909300044154,36.42962269982786],[-177.77026399998354,36.438236200440429],[-177.75163299966312,36.447109200429395],[-177.73318499968792,36.45623780033435],[-177.7149349998503,36.465621900330575],[-177.69688400019638,36.475254099896915],[-177.67904699961926,36.485145600089538],[-177.66142299987146,36.495273600396501],[-177.64401200005369,36.505649600448862],[-177.62681600025815,36.5162620997163],[-177.60986299997739,36.527114899633034],[-177.59314000041061,36.538200400028586],[-177.57666000035866,36.549514800367888],[-177.56042499991375,36.561061900286631],[-177.54441800009056,36.57283020015376],[-177.52867099966682,36.584816000158412],[-177.51319900023361,36.59701919957655],[-177.4979710003613,36.609435999671803],[-177.48301699963474,36.622066500268943],[-177.46833799989869,36.6348991001135],[-177.45393400025384,36.647933999754457],[-177.4398039997547,36.661163300446105],[-177.42597999987703,36.674594900034776],[-177.4124300000444,36.688209499968593],[-177.39917000009535,36.70201110043206],[-177.3862149998223,36.715995800166183],[-177.37356600017068,36.730155900074863],[-177.36119099966484,36.744495400342601],[-177.34916700005692,36.759002699714983],[-177.33743300033262,36.773674000354958],[-177.32601900007671,36.788501700293352],[-177.31492600023464,36.803485900254259],[-177.3041689996995,36.818626399688753],[-177.29373200043139,36.833915700049658],[-177.28361499973238,36.849346200267064],[-177.27383400013892,36.864910099621568],[-177.2644039996448,36.8806114000962],[-177.25529499956451,36.89643860026132],[-177.2465520001746,36.912391700116984],[-177.23814400004548,36.928462999667829],[-177.23008699991504,36.944648700177538],[-177.22238199982937,36.960941300400862],[-177.21501199990379,36.977344500148718],[-177.20802299956171,36.993843099979244],[-177.2013850001176,37.010433200431976],[-177.19509899981892,37.027122499703751],[-177.1891780001645,37.043891899791504],[-177.18364000018579,37.06073760016028],[-177.17845200015961,37.077663400445715],[-177.17364499971688,37.094654100306627],[-177.16918900017214,37.111709599918242],[-177.16511500025698,37.128830000004655],[-177.16140700013287,37.145992300404487],[-177.15809600033009,37.163211800384431],[-177.15513599962659,37.18047329960325],[-177.15255700030525,37.197776799859582],[-177.15037500040586,37.215107000088153],[-177.14856000034368,37.232467699924541],[-177.1471249998188,37.24985499990845],[-177.14607199982285,37.267253900247454],[-177.1454010003558,37.284668000028319],[-176.72682199963549,37.299838999970007],[-176.72682199963549,37.323066699668573],[-176.72730999965668,37.34629059973156],[-176.72833300006783,37.36950300016349],[-176.72985800024645,37.392700200254183],[-176.73188800033088,37.415866899837681],[-176.7344360000213,37.439010600159236],[-176.73748799957144,37.462108599632302],[-176.74104299983449,37.48516459986655],[-176.74511699974965,37.508163500345404],[-176.74969500042386,37.531104999796071],[-176.75479099980473,37.55397799968506],[-176.76037600015221,37.576782199638956],[-176.7664790001057,37.599498700404865],[-176.77307100012649,37.622127500184149],[-176.78018199979937,37.644664800240491],[-176.78778100039278,37.667099000218855],[-176.79586800010804,37.689422599773309],[-176.80447400037474,37.711631800167595],[-176.81356799976331,37.733722700142664],[-176.82313500027996,37.755676299721586],[-176.83320599975701,37.777500199974384],[-176.84376500015455,37.799175300200091],[-176.85481299972008,37.820701600398706],[-176.86631799967586,37.842075300035219],[-176.87832600034457,37.863281199667767],[-176.89079299969711,37.884319300195671],[-176.90373200013164,37.905178100189346],[-176.91714499994171,37.925857499823906],[-176.93101500014208,37.946350100377003],[-176.94534299987947,37.966644299694849],[-176.96012900005323,37.986736299940446],[-176.97535699992554,38.00661470040825],[-176.99104300023419,38.026290900005165],[-177.00717200028751,38.045734400022695],[-177.02372700020084,38.064956700091784],[-177.04072599990491,38.083942400221758],[-177.05813599967658,38.102695499697688],[-177.07597400029979,38.121196699967868],[-177.09423799988372,38.139453899777777],[-177.11291499962746,38.157447799676333],[-177.13198899969251,38.175186200382996],[-177.15147399982516,38.192657499743973],[-177.17132599979499,38.209850299751679],[-177.19158899983239,38.226764700230888],[-177.21223400039872,38.243400599558186],[-177.23324599990289,38.259742700265576],[-177.25463899988986,38.275791200203855],[-177.27638199982937,38.291542100088009],[-177.29847699981363,38.306991600282288],[-177.32093799958895,38.322124500445511],[-177.3437349995705,38.336948399848893],[-177.36686699971219,38.351455700120596],[-177.39033500006013,38.365634899830923],[-177.41410800008407,38.379486099703911],[-177.43820199962252,38.393005400279151],[-177.462616000428,38.40619279975806],[-177.48730500042535,38.419033099598039],[-177.51229900009869,38.43152999960995],[-177.5375669998171,38.443679799982931],[-177.56312600036455,38.455474899647072],[-177.58892800042679,38.466915099852145],[-177.61500499968091,38.477996799712685],[-177.64132700034071,38.488712300132704],[-177.66789199961602,38.499061600212826],[-177.69470200029701,38.509036999957743],[-177.72174099984719,38.518642399727128],[-177.74897800043431,38.527870200249708],[-177.77642800005208,38.536716500266436],[-177.80407699985358,38.545181299777312],[-177.8319399996312,38.553264599681654],[-177.85995500012308,38.560958899633647],[-177.88815300006084,38.568260200348107],[-177.91651899965203,38.575168599851168],[-177.94503800000362,38.581680300305777],[-177.97369400037775,38.587799100448251],[-178.00251800040533,38.593517300283338],[-178.03143300013278,38.598838800170654],[-178.06048599992889,38.603752099579879],[-178.08963000032418,38.608261099770061],[-178.11889600005028,38.612369499652857],[-178.14823899972998,38.616066000145963],[-178.17765800021647,38.619358099796614],[-178.20716900044894,38.622238200232914],[-178.23672500005864,38.624713899826759],[-178.26634199978338,38.626773799671241],[-178.29600499983081,38.628425599761783],[-178.32568399971674,38.629661600102907],[-178.35539200004069,38.630489300141221],[-178.38513200004169,38.630897499719993]]]},"properties":{"objectid":3476,"radii":34,"stormid":"cp012026","basin":"cp","stormnum":1,"advnum":"39","validtime":"2026082700","synoptime":"2026082200","timezone":"UTC","tau":120,"ne":80,"se":60,"sw":30,"nw":60,"idp_source":"cp012026_2026082203_forecastradii","idp_filedate":1787371368000,"idp_ingestdate":1787371389000,"st_area(shape)":3.9712793009028595,"st_perimeter(shape)":8.6235009739108079,"binnumber":"CP2"}}]}