AL, 09, 2026100512, 03, HCCA,   0, 220N,  965W,  25,    0,   ,   0,    ,    0,    0,    0,    0, 
AL, 09, 2026100518, 03, AVNO,   0, 203N,  954W,  28, 1010, XX,  34, NEQ,    0,    0,    0,    0,  -99,  -99,  46,   0,   0, 
AL, 09, 2026100518, 03, AVNO,   6, 218N,  962W,  30, 1009, XX,  34, NEQ,    0,    0,    0,    0,  -99,  -99, 139,   0,   0, 
AL, 09, 2026100518, 03, AVNO,  12, 215N,  962W,  35, 1008, XX,  34, NEQ,    0,   60,   44,    0,  -99,  -99,  44,   0,   0, 
AL, 09, 2026100518, 03, AVNO,  18, 212N,  956W,  33, 1007, XX,  34, NEQ,    0,    0,    0,    0,  -99,  -99,  44,   0,   0, 
AL, 09, 2026100518, 03, AVNO,  24, 216N,  957W,  38, 1007, XX,  34, NEQ,    0,    0,    0,  102,  -99,  -99,  85,   0,   0, 
AL, 09, 2026100518, 03, AVNO,  30, 218N,  953W,  34, 1003, XX,  34, NEQ,    0,    0,    0,    0, 1007,   85,  84,   0,   0, 
AL, 09, 2026100518, 03, AVNO,  36, 216N,  948W,  31, 1004, XX,  34, NEQ,    0,    0,    0,    0, 1008,   90,  96,   0,   0, 
AL, 09, 2026100518, 03, AVNO,  42, 219N,  944W,  31, 1001, XX,  34, NEQ,    0,    0,    0,    0, 1009,  278,  52,   0,   0, 
AL, 09, 2026100518, 03, AVNO,  48, 219N,  936W,  33,  999, XX,  34, NEQ,    0,    0,    0,    0, 1007,   73,  24,   0,   0, 
AL, 09, 2026100518, 03, AVNO,  54, 222N,  927W,  40,  992, XX,  34, NEQ,   39,   37,   38,   40, 1004,   50,  22,   0,   0, 
AL, 09, 2026100518, 03, AVNO,  60, 226N,  920W,  56,  985, XX,  34, NEQ,   48,   51,   50,   45, 1009,  239,  16,   0,   0, 
AL, 09, 2026100518, 03, AVNO,  60, 226N,  920W,  56,  985, XX,  50, NEQ,    0,    0,   18,   22, 1009,  239,  16,   0,   0, 
AL, 09, 2026100518, 03, AVNO,  66, 231N,  912W,  58,  982, XX,  34, NEQ,   53,   57,   39,   69, 1010,  270,  18,   0,   0, 
AL, 09, 2026100518, 03, AVNO,  66, 231N,  912W,  58,  982, XX,  50, NEQ,   31,   26,   25,   29, 1010,  270,  18,   0,   0, 
AL, 09, 2026100518, 03, AVNO,  72, 237N,  906W,  70,  977, XX,  34, NEQ,   63,   67,   52,   55, 1009,  200,  20,   0,   0, 
AL, 09, 2026100518, 03, AVNO,  72, 237N,  906W,  70,  977, XX,  50, NEQ,   34,   35,   33,   28, 1009,  200,  20,   0,   0, 
AL, 09, 2026100518, 03, AVNO,  72, 237N,  906W,  70,  977, XX,  64, NEQ,   20,   27,    0,    0, 1009,  200,  20,   0,   0, 
AL, 09, 2026100518, 03, AVNO,  78, 243N,  900W,  71,  970, XX,  34, NEQ,   59,   73,   55,   84, 1006,  145,  18,   0,   0, 
AL, 09, 2026100518, 03, AVNO,  78, 243N,  900W,  71,  970, XX,  50, NEQ,   32,   38,   35,   36, 1006,  145,  18,   0,   0, 
AL, 09, 2026100518, 03, AVNO,  78, 243N,  900W,  71,  970, XX,  64, NEQ,    0,   22,   26,   25, 1006,  145,  18,   0,   0, 
AL, 09, 2026100518, 03, AVNO,  84, 250N,  896W,  73,  970, XX,  34, NEQ,   85,   90,   53,  146,  990,   24,  17,   0,   0, 
AL, 09, 2026100518, 03, AVNO,  84, 250N,  896W,  73,  970, XX,  50, NEQ,   34,   42,   33,   35,  990,   24,  17,   0,   0, 
AL, 09, 2026100518, 03, AVNO,  84, 250N,  896W,  73,  970, XX,  64, NEQ,   20,   24,    0,   27,  990,   24,  17,   0,   0, 
AL, 09, 2026100518, 03, AVNO,  90, 261N,  891W,  78,  967, XX,  34, NEQ,  182,  106,   62,  165,  991,   39,  22,   0,   0, 
AL, 09, 2026100518, 03, AVNO,  90, 261N,  891W,  78,  967, XX,  50, NEQ,   48,   47,   37,   35,  991,   39,  22,   0,   0, 
AL, 09, 2026100518, 03, AVNO,  90, 261N,  891W,  78,  967, XX,  64, NEQ,   26,   31,   29,   24,  991,   39,  22,   0,   0, 
AL, 09, 2026100518, 03, AVNO,  96, 275N,  887W,  76,  961, XX,  34, NEQ,  189,  134,   97,  142,  985,   31,  25,   0,   0, 
AL, 09, 2026100518, 03, AVNO,  96, 275N,  887W,  76,  961, XX,  50, NEQ,   59,   60,   45,   46,  985,   31,  25,   0,   0, 
AL, 09, 2026100518, 03, AVNO,  96, 275N,  887W,  76,  961, XX,  64, NEQ,   29,   41,   29,   30,  985,   31,  25,   0,   0, 
AL, 09, 2026100518, 03, AVNO, 102, 291N,  885W,  85,  957, XX,  34, NEQ,  142,  135,   83,   78,  989,   35,  24,   0,   0, 
AL, 09, 2026100518, 03, AVNO, 102, 291N,  885W,  85,  957, XX,  50, NEQ,   72,   50,   57,   58,  989,   35,  24,   0,   0, 
AL, 09, 2026100518, 03, AVNO, 102, 291N,  885W,  85,  957, XX,  64, NEQ,   38,   41,   41,   44,  989,   35,  24,   0,   0, 
AL, 09, 2026100518, 03, AVNO, 108, 309N,  886W,  47,  978, XX,  34, NEQ,    0,  154,   53,    0, 1006,   79,  36,   0,   0, 
AL, 09, 2026100518, 03, AVNO, 114, 326N,  890W,  25, 1000, XX,  34, NEQ,    0,    0,    0,    0, 1012,  436,  75,   0,   0, 
AL, 09, 2026100518, 03, AVNO, 120, 341N,  900W,  23, 1004, XX,  34, NEQ,    0,    0,    0,    0, 1008,   59, 143,   0,   0, 
AL, 09, 2026100518, 03, AVNO, 126, 346N,  903W,  19, 1005, XX,  34, NEQ,    0,    0,    0,    0, 1009,   60, 140,   0,   0, 
AL, 09, 2026100518, 03, AVNO, 132, 348N,  894W,  18, 1007, XX,  34, NEQ,    0,    0,    0,    0, 1011,   96, 155,   0,   0, 
AL, 09, 2026100518, 03, AVNO, 138, 360N,  869W,  13, 1010, XX,  34, NEQ,    0,    0,    0,    0,  -99,  -99,  63,   0,   0, 
AL, 09, 2026100518, 03, AVNO, 144, 372N,  839W,  17, 1011, XX,  34, NEQ,    0,    0,    0,    0,  -99,  -99,  61,   0,   0, 
AL, 09, 2026100518, 03, AVNO, 150, 382N,  797W,  11, 1012, XX,  34, NEQ,    0,    0,    0,    0,  -99,  -99, 162,   0,   0, 
AL, 09, 2026100518, 03, AVNO, 156, 395N,  765W,  18, 1007, XX,  34, NEQ,    0,    0,    0,    0,  -99,  -99, 160,   0,   0, 
AL, 09, 2026100518, 03, AVNO, 162, 393N,  737W,  22, 1005, XX,  34, NEQ,    0,    0,    0,    0,  -99,  -99,  92,   0,   0, 
AL, 09, 2026100518, 03, AVNO, 168, 385N,  712W,  24, 1006, XX,  34, NEQ,    0,    0,    0,    0,  -99,  -99, 110,   0,   0, 
AL, 09, 2026100518, 03, AVNO, 174, 378N,  679W,  29, 1006, XX,  34, NEQ,    0,    0,    0,    0,  -99,  -99, 149,   0,   0, 
AL, 09, 2026100518, 03, AVNO, 180, 390N,  640W,  30, 1004, XX,  34, NEQ,    0,    0,    0,    0,  -99,  -99,  69,   0,   0, 
AL, 09, 2026100518, 03, AVNO, 186, 393N,  598W,  29, 1005, XX,  34, NEQ,    0,    0,    0,    0,  -99,  -99, 107,   0,   0, 
AL, 09, 2026100518, 03, AVNO, 192, 392N,  554W,  29, 1007, XX,  34, NEQ,    0,    0,    0,    0,  -99,  -99,  27,   0,   0, 
AL, 09, 2026100518, 03, HCCA,   0, 220N,  964W,  25,    0,   ,   0,    ,    0,    0,    0,    0, 
AL, 09, 2026100518, 03, HFSA,   0, 214N,  958W,  29, 1006, XX,  34, NEQ,    0,    0,    0,    0, 1010,   25, 112,   0,   0,    ,   0,    , 289,   3,           ,  ,  0,    ,    0,    0,    0,    0, THERMO PARAMS, 98, -353, -395, N, 10, DT, -999, SHR82, -99, 
AL, 09, 2026100518, 03, HFSA,   6, 220N,  964W,  33, 1007, XX,  34, NEQ,    0,    0,    0,    0,  -99,  -99, 143,   0,   0,    ,   0,    , 265,   3,           ,  ,  0,    ,    0,    0,    0,    0, THERMO PARAMS, 118, 989, 101, N, 10, DT, -999, SHR82, -99, 
AL, 09, 2026100518, 03, HFSA,  12, 220N,  967W,  28, 1007, XX,  34, NEQ,    0,    0,    0,    0,  -99,  -99, 106,   0,   0,    ,   0,    , 325,   7,           ,  ,  0,    ,    0,    0,    0,    0, THERMO PARAMS, 88, 419, 120, N, 10, DT, -999, SHR82, -99, 
AL, 09, 2026100518, 03, HFSA,  18, 219N,  966W,  36, 1004, XX,  34, NEQ,    0,    0,    0,    0, 1008,   18,  74,   0,   0,    ,   0,    , 244,   5,           ,  ,  0,    ,    0,    0,    0,    0, THERMO PARAMS, -95, 474, 44, N, 10, DT, -999, SHR82, -99, 
AL, 09, 2026100518, 03, HFSA,  24, 216N,  966W,  29, 1007, XX,  34, NEQ,    0,    0,    0,    0,  -99,  -99,  74,   0,   0,    ,   0,    , 250,   1,           ,  ,  0,    ,    0,    0,    0,    0, THERMO PARAMS, 59, 897, -55, N, 10, DT, -999, SHR82, -99, 
AL, 09, 2026100518, 03, HFSA,  30, 213N,  962W,  30, 1006, XX,  34, NEQ,    0,    0,    0,    0,  -99,  -99, 126,   0,   0,    ,   0,    , 162,   4,           ,  ,  0,    ,    0,    0,    0,    0, THERMO PARAMS, -5, 530, 71, N, 10, DT, -999, SHR82, -99, 
AL, 09, 2026100518, 03, HFSA,  36, 210N,  959W,  35, 1003, XX,  34, NEQ,    0,    0,    0,    0, 1007,   12,  27,   0,   0,    ,   0,    , 146,   2,           ,  ,  0,    ,    0,    0,    0,    0, THERMO PARAMS, -23, 472, 48, N, 10, DT, -999, SHR82, -99, 
AL, 09, 2026100518, 03, HFSA,  42, 212N,  951W,  38, 1000, XX,  34, NEQ,    0,    0,    0,    0, 1004,    3,  66,   0,   0,    ,   0,    ,  75,   5,           ,  ,  0,    ,    0,    0,    0,    0, THERMO PARAMS, 102, 579, -75, N, 10, DT, -999, SHR82, -99, 
AL, 09, 2026100518, 03, HFSA,  48, 216N,  946W,  43, 1000, XX,  34, NEQ,    0,   32,    0,    0, 1004,    8,  27,   0,   0,    ,   0,    ,  65,   5,           ,  ,  0,    ,    0,    0,    0,    0, THERMO PARAMS, 140, 608, 66, N, 10, DT, -999, SHR82, -99, 
AL, 09, 2026100518, 03, HFSA,  54, 216N,  940W,  40,  999, XX,  34, NEQ,    0,    0,   31,    0, 1003,   15,  28,   0,   0,    ,   0,    , 114,   4,           ,  ,  0,    ,    0,    0,    0,    0, THERMO PARAMS, 102, 546, 100, N, 10, DT, -999, SHR82, -99, 
AL, 09, 2026100518, 03, HFSA,  60, 216N,  933W,  60,  986, XX,  34, NEQ,   18,   16,   19,   24, 1002,   20,   9,   0,   0,    ,   0,    ,  64,   5,           ,  ,  0,    ,    0,    0,    0,    0, THERMO PARAMS, 79, 1652, 765, N, 10, DT, -999, SHR82, -99, 
AL, 09, 2026100518, 03, HFSA,  60, 216N,  933W,  60,  986, XX,  50, NEQ,    0,    0,   11,    0, 1002,   20,   9,   0,   0,    ,   0,    ,  64,   5,           ,  ,  0,    ,    0,    0,    0,    0, THERMO PARAMS, 79, 1652, 765, N, 10, DT, -999, SHR82, -99, 
AL, 09, 2026100518, 03, HFSA,  66, 220N,  926W,  47,  990, XX,  34, NEQ,   60,   73,   36,   52, 1002,   41,  23,   0,   0,    ,   0,    ,  80,   4,           ,  ,  0,    ,    0,    0,    0,    0, THERMO PARAMS, 96, 1260, 701, N, 10, DT, -999, SHR82, -99, 
AL, 09, 2026100518, 03, HFSA,  72, 224N,  921W,  47,  988, XX,  34, NEQ,   55,   76,   44,   37, 1004,   58,  12,   0,   0,    ,   0,    ,  42,   6,           ,  ,  0,    ,    0,    0,    0,    0, THERMO PARAMS, 113, 2138, 523, N, 10, DT, -999, SHR82, -99, 
AL, 09, 2026100518, 03, HFSA,  78, 231N,  913W,  66,  979, XX,  34, NEQ,  188,   74,   47,   62,  995,   28,  12,   0,   0,    ,   0,    ,  33,   7,           ,  ,  0,    ,    0,    0,    0,    0, THERMO PARAMS, 85, 2113, 993, N, 10, DT, -999, SHR82, -99, 
AL, 09, 2026100518, 03, HFSA,  78, 231N,  913W,  66,  979, XX,  50, NEQ,   36,   34,   19,   29,  995,   28,  12,   0,   0,    ,   0,    ,  33,   7,           ,  ,  0,    ,    0,    0,    0,    0, THERMO PARAMS, 85, 2113, 993, N, 10, DT, -999, SHR82, -99, 
AL, 09, 2026100518, 03, HFSA,  78, 231N,  913W,  66,  979, XX,  64, NEQ,   11,    0,    0,   13,  995,   28,  12,   0,   0,    ,   0,    ,  33,   7,           ,  ,  0,    ,    0,    0,    0,    0, THERMO PARAMS, 85, 2113, 993, N, 10, DT, -999, SHR82, -99, 
AL, 09, 2026100518, 03, HFSA,  84, 239N,  909W,  69,  980, XX,  34, NEQ,  151,   99,   60,  170,  984,    6,  15,   0,   0,    ,   0,    ,  10,   7,           ,  ,  0,    ,    0,    0,    0,    0, THERMO PARAMS, 28, 1581, 1046, N, 10, DT, -999, SHR82, -99, 
AL, 09, 2026100518, 03, HFSA,  84, 239N,  909W,  69,  980, XX,  50, NEQ,   66,   29,   31,   44,  984,    6,  15,   0,   0,    ,   0,    ,  10,   7,           ,  ,  0,    ,    0,    0,    0,    0, THERMO PARAMS, 28, 1581, 1046, N, 10, DT, -999, SHR82, -99, 
AL, 09, 2026100518, 03, HFSA,  84, 239N,  909W,  69,  980, XX,  64, NEQ,   15,    0,    0,   26,  984,    6,  15,   0,   0,    ,   0,    ,  10,   7,           ,  ,  0,    ,    0,    0,    0,    0, THERMO PARAMS, 28, 1581, 1046, N, 10, DT, -999, SHR82, -99, 
AL, 09, 2026100518, 03, HFSA,  90, 249N,  905W,  84,  973, XX,  34, NEQ,  146,  120,   62,  130,  977,    2,  13,   0,   0,    ,   0,    ,   0,   8,           ,  ,  0,    ,    0,    0,    0,    0, THERMO PARAMS, 45, 2134, 1293, N, 10, DT, -999, SHR82, -99, 
AL, 09, 2026100518, 03, HFSA,  90, 249N,  905W,  84,  973, XX,  50, NEQ,   65,   40,   32,   52,  977,    2,  13,   0,   0,    ,   0,    ,   0,   8,           ,  ,  0,    ,    0,    0,    0,    0, THERMO PARAMS, 45, 2134, 1293, N, 10, DT, -999, SHR82, -99, 
AL, 09, 2026100518, 03, HFSA,  90, 249N,  905W,  84,  973, XX,  64, NEQ,    0,    0,   11,   28,  977,    2,  13,   0,   0,    ,   0,    ,   0,   8,           ,  ,  0,    ,    0,    0,    0,    0, THERMO PARAMS, 45, 2134, 1293, N, 10, DT, -999, SHR82, -99, 
AL, 09, 2026100518, 03, HFSA,  96, 257N,  901W,  64,  987, XX,  34, NEQ,  225,  123,   73,  191,  999,   35,  18,   0,   0,    ,   0,    ,   1,   8,           ,  ,  0,    ,    0,    0,    0,    0, THERMO PARAMS, 123, 1622, 720, N, 10, DT, -999, SHR82, -99, 
AL, 09, 2026100518, 03, HFSA,  96, 257N,  901W,  64,  987, XX,  50, NEQ,   86,   34,   36,   49,  999,   35,  18,   0,   0,    ,   0,    ,   1,   8,           ,  ,  0,    ,    0,    0,    0,    0, THERMO PARAMS, 123, 1622, 720, N, 10, DT, -999, SHR82, -99, 
AL, 09, 2026100518, 03, HFSA, 102, 269N,  894W,  74,  984, XX,  34, NEQ,  240,  118,  128,  201,  988,    3,  53,   0,   0,    ,   0,    ,   4,  10,           ,  ,  0,    ,    0,    0,    0,    0, THERMO PARAMS, 249, 1978, 864, N, 10, DT, -999, SHR82, -99, 
AL, 09, 2026100518, 03, HFSA, 102, 269N,  894W,  74,  984, XX,  50, NEQ,  117,   15,   68,  113,  988,    3,  53,   0,   0,    ,   0,    ,   4,  10,           ,  ,  0,    ,    0,    0,    0,    0, THERMO PARAMS, 249, 1978, 864, N, 10, DT, -999, SHR82, -99, 
AL, 09, 2026100518, 03, HFSA, 102, 269N,  894W,  74,  984, XX,  64, NEQ,   55,    0,   24,   21,  988,    3,  53,   0,   0,    ,   0,    ,   4,  10,           ,  ,  0,    ,    0,    0,    0,    0, THERMO PARAMS, 249, 1978, 864, N, 10, DT, -999, SHR82, -99, 
AL, 09, 2026100518, 03, HFSA, 108, 278N,  892W,  97,  984, XX,  34, NEQ,  217,  167,  118,  151,  988,   16,  37,   0,   0,    ,   0,    , 358,  11,           ,  ,  0,    ,    0,    0,    0,    0, THERMO PARAMS, 278, 1559, 548, N, 10, DT, -999, SHR82, -99, 
AL, 09, 2026100518, 03, HFSA, 108, 278N,  892W,  97,  984, XX,  50, NEQ,  151,   47,   36,   87,  988,   16,  37,   0,   0,    ,   0,    , 358,  11,           ,  ,  0,    ,    0,    0,    0,    0, THERMO PARAMS, 278, 1559, 548, N, 10, DT, -999, SHR82, -99, 
AL, 09, 2026100518, 03, HFSA, 108, 278N,  892W,  97,  984, XX,  64, NEQ,    0,    0,   19,   70,  988,   16,  37,   0,   0,    ,   0,    , 358,  11,           ,  ,  0,    ,    0,    0,    0,    0, THERMO PARAMS, 278, 1559, 548, N, 10, DT, -999, SHR82, -99, 
AL, 09, 2026100518, 03, HFSA, 114, 298N,  890W,  71,  993, XX,  34, NEQ,  170,  196,   34,   39,  997,   11,  53,   0,   0,    ,   0,    , 348,  16,           ,  ,  0,    ,    0,    0,    0,    0, THERMO PARAMS, 244, 768, -357, N, 10, DT, -999, SHR82, -99, 
AL, 09, 2026100518, 03, HFSA, 114, 298N,  890W,  71,  993, XX,  50, NEQ,   66,    0,   28,   32,  997,   11,  53,   0,   0,    ,   0,    , 348,  16,           ,  ,  0,    ,    0,    0,    0,    0, THERMO PARAMS, 244, 768, -357, N, 10, DT, -999, SHR82, -99, 
AL, 09, 2026100518, 03, HFSA, 114, 298N,  890W,  71,  993, XX,  64, NEQ,    0,    0,    8,    8,  997,   11,  53,   0,   0,    ,   0,    , 348,  16,           ,  ,  0,    ,    0,    0,    0,    0, THERMO PARAMS, 244, 768, -357, N, 10, DT, -999, SHR82, -99, 
AL, 09, 2026100518, 03, HFSA, 120, 310N,  894W,  36, 1000, XX,  34, NEQ,    0,    0,    0,    0, 1004,   41, 154,   0,   0,    ,   0,    , 347,  13,           ,  ,  0,    ,    0,    0,    0,    0, THERMO PARAMS, 326, 530, -1291, N, 10, DT, -999, SHR82, -99, 
AL, 09, 2026100518, 03, HFSA, 126, 323N,  898W,  35, 1002, XX,  34, NEQ,    0,    0,    0,    0, 1006,   54,  57,   0,   0,    ,   0,    , -99, -99,           ,  ,  0,    ,    0,    0,    0,    0, THERMO PARAMS, 308, -685, -935, N, 10, DT, -999, SHR82, -99, 
AL, 09, 2026100600, 03,  UKX,   0, 211N,  966W,  24, 1011, XX,  34, NEQ,    0,    0,    0,    0, 
AL, 09, 2026100600, 03,  UKX,   6, 205N,  952W,  23, 1010, XX,  34, NEQ,    0,    0,    0,    0, 
AL, 09, 2026100600, 03,  UKX,  12, 202N,  952W,  24, 1011, XX,  34, NEQ,    0,    0,    0,    0, 
AL, 09, 2026100600, 03,  UKX,  18, 204N,  944W,  28, 1008, XX,  34, NEQ,    0,    0,    0,    0, 
AL, 09, 2026100600, 03,  UKX,  24, 209N,  938W,  26, 1009, XX,  34, NEQ,    0,    0,    0,    0, 
AL, 09, 2026100600, 03,  UKX,  30, 218N,  944W,  25, 1007, XX,  34, NEQ,    0,    0,    0,    0, 
AL, 09, 2026100600, 03,  UKX,  36, 224N,  948W,  27, 1008, XX,  34, NEQ,    0,    0,    0,    0, 
AL, 09, 2026100600, 03,  UKX,  42, 223N,  936W,  30, 1005, XX,  34, NEQ,    0,    0,    0,    0, 
AL, 09, 2026100600, 03,  UKX,  48, 222N,  929W,  25, 1005, XX,  34, NEQ,    0,    0,    0,    0, 
AL, 09, 2026100600, 03,  UKX,  54, 224N,  919W,  22, 1005, XX,  34, NEQ,    0,    0,    0,    0, 
AL, 09, 2026100600, 03,  UKX,  60, 229N,  910W,  26, 1003, XX,  34, NEQ,    0,    0,    0,    0, 
AL, 09, 2026100600, 03,  UKX,  66, 230N,  906W,  26, 1003, XX,  34, NEQ,    0,    0,    0,    0, 
AL, 09, 2026100600, 03,  UKX,  72, 230N,  899W,  26, 1002, XX,  34, NEQ,    0,    0,    0,    0, 
AL, 09, 2026100600, 03,  UKX,  78, 240N,  895W,  32, 1002, XX,  34, NEQ,    0,    0,    0,    0, 
AL, 09, 2026100600, 03,  UKX,  84, 251N,  888W,  37, 1001, XX,  34, NEQ,   79,    0,    0,   53, 
AL, 09, 2026100600, 03,  UKX,  90, 255N,  889W,  37, 1000, XX,  34, NEQ,  150,    0,    0,   66, 
AL, 09, 2026100600, 03,  UKX,  96, 265N,  885W,  43,  999, XX,  34, NEQ,  153,  117,   55,  148, 
AL, 09, 2026100600, 03,  UKX, 102, 278N,  886W,  45,  998, XX,  34, NEQ,  164,  147,   63,  118, 
AL, 09, 2026100600, 03,  UKX, 108, 293N,  887W,  44,  995, XX,  34, NEQ,  130,  144,   99,   64, 
AL, 09, 2026100600, 03,  UKX, 114, 309N,  889W,  36,  993, XX,  34, NEQ,    0,   58,   44,    0, 
AL, 09, 2026100600, 03,  UKX, 120, 322N,  896W,  26,  997, XX,  34, NEQ,    0,    0,    0,    0, 
AL, 09, 2026100600, 03,  UKX, 126, 331N,  897W,  14, 1001, XX,  34, NEQ,    0,    0,    0,    0, 
AL, 09, 2026100600, 03,  UKX, 132, 340N,  889W,  12, 1003, XX,  34, NEQ,    0,    0,    0,    0, 
AL, 09, 2026100600, 03,  UKX, 138, 355N,  874W,  12, 1006, XX,  34, NEQ,    0,    0,    0,    0, 
AL, 09, 2026100600, 03,  UKX, 144, 374N,  855W,  10, 1005, XX,  34, NEQ,    0,    0,    0,    0, 
AL, 09, 2026100600, 03, AVNO,   0, 216N,  960W,  31, 1009, XX,  34, NEQ,    0,    0,    0,    0,  -99,  -99, 129,   0,   0, 
AL, 09, 2026100600, 03, AVNO,   6, 211N,  964W,  36, 1007, XX,  34, NEQ,    0,    0,   38,    0,  -99,  -99,  38,   0,   0, 
AL, 09, 2026100600, 03, AVNO,  12, 212N,  962W,  35, 1006, XX,  34, NEQ,    0,    0,   35,    0, 1010,   79,  32,   0,   0, 
AL, 09, 2026100600, 03, AVNO,  18, 211N,  959W,  33, 1006, XX,  34, NEQ,    0,    0,    0,    0,  -99,  -99,  36,   0,   0, 
AL, 09, 2026100600, 03, AVNO,  24, 211N,  953W,  35, 1005, XX,  34, NEQ,    0,    0,   85,    0,  -99,  -99,  82,   0,   0, 
AL, 09, 2026100600, 03, AVNO,  30, 210N,  949W,  34, 1001, XX,  34, NEQ,    0,    0,    0,    0, 1009,  171,  19,   0,   0, 
AL, 09, 2026100600, 03, AVNO,  36, 209N,  944W,  36,  999, XX,  34, NEQ,    0,    0,   23,    0, 1007,   46,  21,   0,   0, 
AL, 09, 2026100600, 03, AVNO,  42, 210N,  937W,  39,  999, XX,  34, NEQ,   29,    0,    0,   17, 1007,   47,  18,   0,   0, 
AL, 09, 2026100600, 03, AVNO,  48, 211N,  929W,  41,  996, XX,  34, NEQ,   25,   31,   34,   35, 1008,  134,  21,   0,   0, 
AL, 09, 2026100600, 03, AVNO,  54, 213N,  922W,  46,  991, XX,  34, NEQ,   36,   35,   37,   34, 1007,   75,  21,   0,   0, 
AL, 09, 2026100600, 03, AVNO,  60, 215N,  915W,  54,  987, XX,  34, NEQ,   43,   36,   39,   42, 1007,   83,  21,   0,   0, 
AL, 09, 2026100600, 03, AVNO,  60, 215N,  915W,  54,  987, XX,  50, NEQ,    0,   14,   14,   26, 1007,   83,  21,   0,   0, 
AL, 09, 2026100600, 03, AVNO,  66, 219N,  910W,  58,  984, XX,  34, NEQ,   42,   45,   41,   44, 1008,  113,  18,   0,   0, 
AL, 09, 2026100600, 03, AVNO,  66, 219N,  910W,  58,  984, XX,  50, NEQ,   22,   25,   20,   23, 1008,  113,  18,   0,   0, 
AL, 09, 2026100600, 03, AVNO,  72, 221N,  903W,  61,  981, XX,  34, NEQ,   39,   43,   40,   40, 1005,   54,  13,   0,   0, 
AL, 09, 2026100600, 03, AVNO,  72, 221N,  903W,  61,  981, XX,  50, NEQ,   24,   26,    0,   27, 1005,   54,  13,   0,   0, 
AL, 09, 2026100600, 03, AVNO,  78, 225N,  900W,  62,  976, XX,  34, NEQ,   46,   53,   38,   43, 1008,  130,  19,   0,   0, 
AL, 09, 2026100600, 03, AVNO,  78, 225N,  900W,  62,  976, XX,  50, NEQ,   27,   28,   21,   27, 1008,  130,  19,   0,   0, 
AL, 09, 2026100600, 03, AVNO,  84, 230N,  897W,  67,  978, XX,  34, NEQ,   48,   51,   34,   51, 1010,  218,  16,   0,   0, 
AL, 09, 2026100600, 03, AVNO,  84, 230N,  897W,  67,  978, XX,  50, NEQ,   28,   28,   25,   30, 1010,  218,  16,   0,   0, 
AL, 09, 2026100600, 03, AVNO,  84, 230N,  897W,  67,  978, XX,  64, NEQ,    0,    0,    0,   17, 1010,  218,  16,   0,   0, 
AL, 09, 2026100600, 03, AVNO,  90, 235N,  895W,  67,  980, XX,  34, NEQ,   61,   56,   39,   60, 1008,  107,  18,   0,   0, 
AL, 09, 2026100600, 03, AVNO,  90, 235N,  895W,  67,  980, XX,  50, NEQ,   30,   30,   28,   28, 1008,  107,  18,   0,   0, 
AL, 09, 2026100600, 03, AVNO,  90, 235N,  895W,  67,  980, XX,  64, NEQ,    0,    0,    0,   20, 1008,  107,  18,   0,   0, 
AL, 09, 2026100600, 03, AVNO,  96, 241N,  894W,  62,  981, XX,  34, NEQ,   71,   58,   42,   68, 1005,   63,  23,   0,   0, 
AL, 09, 2026100600, 03, AVNO,  96, 241N,  894W,  62,  981, XX,  50, NEQ,   30,   33,    0,   29, 1005,   63,  23,   0,   0, 
AL, 09, 2026100600, 03, AVNO, 102, 248N,  897W,  58,  988, XX,  34, NEQ,  109,   93,   49,   88, 1008,   96,  23,   0,   0, 
AL, 09, 2026100600, 03, AVNO, 102, 248N,  897W,  58,  988, XX,  50, NEQ,   32,   29,    0,   31, 1008,   96,  23,   0,   0, 
AL, 09, 2026100600, 03, AVNO, 108, 257N,  898W,  54,  989, XX,  34, NEQ,  107,   99,   44,  107, 1009,  144,  22,   0,   0, 
AL, 09, 2026100600, 03, AVNO, 108, 257N,  898W,  54,  989, XX,  50, NEQ,   25,   34,    0,    0, 1009,  144,  22,   0,   0, 
AL, 09, 2026100600, 03, AVNO, 114, 272N,  898W,  59,  990, XX,  34, NEQ,   97,   83,   54,   81, 1010,  172,  30,   0,   0, 
AL, 09, 2026100600, 03, AVNO, 114, 272N,  898W,  59,  990, XX,  50, NEQ,   45,   43,    0,   32, 1010,  172,  30,   0,   0, 
AL, 09, 2026100600, 03, AVNO, 120, 286N,  894W,  51,  992, XX,  34, NEQ,   86,   76,   53,   40, 1008,   77,  22,   0,   0, 
AL, 09, 2026100600, 03, AVNO, 120, 286N,  894W,  51,  992, XX,  50, NEQ,    0,   40,   35,    0, 1008,   77,  22,   0,   0, 
AL, 09, 2026100600, 03, AVNO, 126, 305N,  891W,  49,  995, XX,  34, NEQ,    0,  108,   47,    0, 1007,   65,  23,   0,   0, 
AL, 09, 2026100600, 03, AVNO, 132, 326N,  883W,  27, 1003, XX,  34, NEQ,    0,    0,    0,    0, 1011,   83,  29,   0,   0, 
AL, 09, 2026100600, 03, AVNO, 138, 347N,  874W,  22, 1006, XX,  34, NEQ,    0,    0,    0,    0, 1010,   54,  71,   0,   0, 
AL, 09, 2026100600, 03, AVNO, 144, 363N,  861W,  17, 1008, XX,  34, NEQ,    0,    0,    0,    0, 1012,  118,  47,   0,   0, 
AL, 09, 2026100600, 03, AVNO, 150, 384N,  839W,  15, 1009, XX,  34, NEQ,    0,    0,    0,    0,  -99,  -99,  69,   0,   0, 
AL, 09, 2026100600, 03, AVNO, 156, 390N,  817W,  15, 1009, XX,  34, NEQ,    0,    0,    0,    0, 1013,  223,  81,   0,   0, 
AL, 09, 2026100600, 03, AVNO, 162, 385N,  811W,  18, 1010, XX,  34, NEQ,    0,    0,    0,    0,  -99,  -99, 148,   0,   0, 
AL, 09, 2026100600, 03, AVNO, 168, 373N,  800W,  14, 1012, XX,  34, NEQ,    0,    0,    0,    0,  -99,  -99, 105,   0,   0, 
AL, 09, 2026100600, 03, AVNO, 174, 357N,  791W,  22, 1010, XX,  34, NEQ,    0,    0,    0,    0,  -99,  -99, 160,   0,   0, 
AL, 09, 2026100600, 03, AVNO, 180, 339N,  790W,  20, 1011, XX,  34, NEQ,    0,    0,    0,    0,  -99,  -99,  53,   0,   0, 
AL, 09, 2026100600, 03, AVNO, 186, 320N,  783W,  24, 1009, XX,  34, NEQ,    0,    0,    0,    0,  -99,  -99, 156,   0,   0, 
AL, 09, 2026100600, 03, AVNO, 192, 310N,  763W,  32, 1008, XX,  34, NEQ,    0,    0,    0,    0,  -99,  -99, 152,   0,   0, 
AL, 09, 2026100600, 03, AVNO, 198, 310N,  749W,  29, 1007, XX,  34, NEQ,    0,    0,    0,    0,  -99,  -99, 141,   0,   0, 
AL, 09, 2026100600, 03, HCCA,   0, 223N,  961W,  25,    0,   ,   0,    ,    0,    0,    0,    0, 
AL, 09, 2026100600, 03, HCCA,  12, 225N,  964W,  29,    0,   ,   0,    ,    0,    0,    0,    0, 
AL, 09, 2026100600, 03, HCCA,  24, 226N,  959W,  34,    0,   ,   0,    ,    0,    0,    0,    0, 
AL, 09, 2026100600, 03, HCCA,  36, 226N,  951W,  38,    0,   ,   0,    ,    0,    0,    0,    0, 
AL, 09, 2026100600, 03, HCCA,  48, 228N,  940W,  45,    0,   ,   0,    ,    0,    0,    0,    0, 
AL, 09, 2026100600, 03, HCCA,  60, 232N,  928W,  57,    0,   ,   0,    ,    0,    0,    0,    0, 
AL, 09, 2026100600, 03, HCCA,  72, 240N,  918W,  69,    0,   ,   0,    ,    0,    0,    0,    0, 
AL, 09, 2026100600, 03, HCCA,  84, 253N,  909W,  75,    0,   ,   0,    ,    0,    0,    0,    0, 
AL, 09, 2026100600, 03, HCCA,  96, 271N,  904W,  63,    0,   ,   0,    ,    0,    0,    0,    0, 
AL, 09, 2026100600, 03, HCCA, 108, 290N,  907W,  41,    0,   ,   0,    ,    0,    0,    0,    0, 
AL, 09, 2026100600, 03, HCCA, 120, 308N,  906W,  36,    0,   ,   0,    ,    0,    0,    0,    0, 
AL, 09, 2026100600, 03, HCCA, 132, 329N,  897W,  34,    0,   ,   0,    ,    0,    0,    0,    0, 
AL, 09, 2026100600, 03, HCCA, 144, 348N,  881W,  33,    0,   ,   0,    ,    0,    0,    0,    0, 
AL, 09, 2026100600, 03, HCCA, 156, 361N,  859W,  36,    0,   ,   0,    ,    0,    0,    0,    0, 
AL, 09, 2026100600, 03, HCCA, 168, 373N,  824W,  40,    0,   ,   0,    ,    0,    0,    0,    0, 
AL, 09, 2026100600, 03, HFSA,   0, 221N,  961W,  34, 1003, XX,  34, NEQ,    0,    0,    0,    0, 1007,   35, 152,   0,   0,    ,   0,    , 289,   2,           ,  ,  0,    ,    0,    0,    0,    0, THERMO PARAMS, 134, -290, -339, N, 10, DT, -999, SHR82, -99, 
AL, 09, 2026100600, 03, HFSA,   6, 219N,  962W,  48,  999, XX,  34, NEQ,    0,    0,   31,    0, 1007,   32,  14,   0,   0,    ,   0,    , 269,   3,           ,  ,  0,    ,    0,    0,    0,    0, THERMO PARAMS, -104, 1164, 344, N, 10, DT, -999, SHR82, -99, 
AL, 09, 2026100600, 03, HFSA,  12, 223N,  962W,  51,  996, XX,  34, NEQ,   24,    0,   24,   34, 1004,   15,  12,   0,   0,    ,   0,    , 296,   2,           ,  ,  0,    ,    0,    0,    0,    0, THERMO PARAMS, 83, 918, 567, N, 10, DT, -999, SHR82, -99, 
AL, 09, 2026100600, 03, HFSA,  18, 224N,  960W,  40, 1002, XX,  34, NEQ,    0,   42,   34,    0, 1006,   26,  73,   0,   0,    ,   0,    ,  39,   2,           ,  ,  0,    ,    0,    0,    0,    0, THERMO PARAMS, 141, 513, 302, N, 10, DT, -999, SHR82, -99, 
AL, 09, 2026100600, 03, HFSA,  24, 227N,  957W,  55,  991, XX,  34, NEQ,   19,   13,   40,   45, 1007,  117,  11,   0,   0,    ,   0,    , 112,   1,           ,  ,  0,    ,    0,    0,    0,    0, THERMO PARAMS, 82, 1554, 473, N, 10, DT, -999, SHR82, -99, 
AL, 09, 2026100600, 03, HFSA,  24, 227N,  957W,  55,  991, XX,  50, NEQ,    0,    0,   18,   18, 1007,  117,  11,   0,   0,    ,   0,    , 112,   1,           ,  ,  0,    ,    0,    0,    0,    0, THERMO PARAMS, 82, 1554, 473, N, 10, DT, -999, SHR82, -99, 
AL, 09, 2026100600, 03, HFSA,  30, 228N,  956W,  50,  991, XX,  34, NEQ,   71,   26,   49,   50,  999,   14,  15,   0,   0,    ,   0,    , 342,   0,           ,  ,  0,    ,    0,    0,    0,    0, THERMO PARAMS, 87, 1837, 547, N, 10, DT, -999, SHR82, -99, 
AL, 09, 2026100600, 03, HFSA,  36, 229N,  949W,  47,  990, XX,  34, NEQ,   40,   32,   39,   39, 1002,   31,  15,   0,   0,    ,   0,    ,  84,   5,           ,  ,  0,    ,    0,    0,    0,    0, THERMO PARAMS, 89, 1824, 663, N, 10, DT, -999, SHR82, -99, 
AL, 09, 2026100600, 03, HFSA,  42, 232N,  942W,  63,  985, XX,  34, NEQ,   52,   36,   39,   58, 1001,   32,  14,   0,   0,    ,   0,    ,  70,   5,           ,  ,  0,    ,    0,    0,    0,    0, THERMO PARAMS, 127, 2086, 899, N, 10, DT, -999, SHR82, -99, 
AL, 09, 2026100600, 03, HFSA,  42, 232N,  942W,  63,  985, XX,  50, NEQ,   16,   19,   21,   23, 1001,   32,  14,   0,   0,    ,   0,    ,  70,   5,           ,  ,  0,    ,    0,    0,    0,    0, THERMO PARAMS, 127, 2086, 899, N, 10, DT, -999, SHR82, -99, 
AL, 09, 2026100600, 03, HFSA,  48, 235N,  933W,  84,  981, XX,  34, NEQ,   84,   49,   52,   70, 1001,   45,  11,   0,   0,    ,   0,    ,  87,   6,           ,  ,  0,    ,    0,    0,    0,    0, THERMO PARAMS, 186, 1157, 964, N, 10, DT, -999, SHR82, -99, 
AL, 09, 2026100600, 03, HFSA,  48, 235N,  933W,  84,  981, XX,  50, NEQ,   23,   19,   29,   34, 1001,   45,  11,   0,   0,    ,   0,    ,  87,   6,           ,  ,  0,    ,    0,    0,    0,    0, THERMO PARAMS, 186, 1157, 964, N, 10, DT, -999, SHR82, -99, 
AL, 09, 2026100600, 03, HFSA,  48, 235N,  933W,  84,  981, XX,  64, NEQ,    0,    0,   18,   18, 1001,   45,  11,   0,   0,    ,   0,    ,  87,   6,           ,  ,  0,    ,    0,    0,    0,    0, THERMO PARAMS, 186, 1157, 964, N, 10, DT, -999, SHR82, -99, 
AL, 09, 2026100600, 03, HFSA,  54, 238N,  925W,  87,  976, XX,  34, NEQ,  121,   57,   50,   73,  996,   31,  12,   0,   0,    ,   0,    ,  61,   6,           ,  ,  0,    ,    0,    0,    0,    0, THERMO PARAMS, 153, 1737, 1549, N, 10, DT, -999, SHR82, -99, 
AL, 09, 2026100600, 03, HFSA,  54, 238N,  925W,  87,  976, XX,  50, NEQ,   28,   28,   29,   32,  996,   31,  12,   0,   0,    ,   0,    ,  61,   6,           ,  ,  0,    ,    0,    0,    0,    0, THERMO PARAMS, 153, 1737, 1549, N, 10, DT, -999, SHR82, -99, 
AL, 09, 2026100600, 03, HFSA,  54, 238N,  925W,  87,  976, XX,  64, NEQ,    0,   15,   18,   19,  996,   31,  12,   0,   0,    ,   0,    ,  61,   6,           ,  ,  0,    ,    0,    0,    0,    0, THERMO PARAMS, 153, 1737, 1549, N, 10, DT, -999, SHR82, -99, 
AL, 09, 2026100600, 03, HFSA,  60, 245N,  916W,  77,  972, XX,  34, NEQ,  120,  115,   63,  128,  992,   28,  10,   0,   0,    ,   0,    ,  47,   8,           ,  ,  0,    ,    0,    0,    0,    0, THERMO PARAMS, 132, 2016, 1436, N, 10, DT, -999, SHR82, -99, 
AL, 09, 2026100600, 03, HFSA,  60, 245N,  916W,  77,  972, XX,  50, NEQ,   31,   31,   36,   40,  992,   28,  10,   0,   0,    ,   0,    ,  47,   8,           ,  ,  0,    ,    0,    0,    0,    0, THERMO PARAMS, 132, 2016, 1436, N, 10, DT, -999, SHR82, -99, 
AL, 09, 2026100600, 03, HFSA,  60, 245N,  916W,  77,  972, XX,  64, NEQ,   16,   18,   15,   16,  992,   28,  10,   0,   0,    ,   0,    ,  47,   8,           ,  ,  0,    ,    0,    0,    0,    0, THERMO PARAMS, 132, 2016, 1436, N, 10, DT, -999, SHR82, -99, 
AL, 09, 2026100600, 03, HFSA,  66, 255N,  909W,  93,  966, XX,  34, NEQ,  246,  144,   79,  196,  994,   34,  15,   0,   0,    ,   0,    ,  32,   9,           ,  ,  0,    ,    0,    0,    0,    0, THERMO PARAMS, 180, 2646, 2045, N, 10, DT, -999, SHR82, -99, 
AL, 09, 2026100600, 03, HFSA,  66, 255N,  909W,  93,  966, XX,  50, NEQ,   36,   45,   37,   44,  994,   34,  15,   0,   0,    ,   0,    ,  32,   9,           ,  ,  0,    ,    0,    0,    0,    0, THERMO PARAMS, 180, 2646, 2045, N, 10, DT, -999, SHR82, -99, 
AL, 09, 2026100600, 03, HFSA,  66, 255N,  909W,  93,  966, XX,  64, NEQ,   21,   28,   24,   16,  994,   34,  15,   0,   0,    ,   0,    ,  32,   9,           ,  ,  0,    ,    0,    0,    0,    0, THERMO PARAMS, 180, 2646, 2045, N, 10, DT, -999, SHR82, -99, 
AL, 09, 2026100600, 03, HFSA,  72, 267N,  901W, 110,  954, XX,  34, NEQ,  283,  136,   92,  175,  982,   21,  13,   0,   0,    ,   0,    ,  27,   8,           ,  ,  0,    ,    0,    0,    0,    0, THERMO PARAMS, 289, 2236, 2251, N, 10, DT, -999, SHR82, -99, 
AL, 09, 2026100600, 03, HFSA,  72, 267N,  901W, 110,  954, XX,  50, NEQ,  120,   42,   62,   87,  982,   21,  13,   0,   0,    ,   0,    ,  27,   8,           ,  ,  0,    ,    0,    0,    0,    0, THERMO PARAMS, 289, 2236, 2251, N, 10, DT, -999, SHR82, -99, 
AL, 09, 2026100600, 03, HFSA,  72, 267N,  901W, 110,  954, XX,  64, NEQ,   50,   29,   42,   44,  982,   21,  13,   0,   0,    ,   0,    ,  27,   8,           ,  ,  0,    ,    0,    0,    0,    0, THERMO PARAMS, 289, 2236, 2251, N, 10, DT, -999, SHR82, -99, 
AL, 09, 2026100600, 03, HFSA,  78, 274N,  895W, 101,  961, XX,  34, NEQ,  241,  175,  157,  147,  993,   43,  16,   0,   0,    ,   0,    ,  18,   7,           ,  ,  0,    ,    0,    0,    0,    0, THERMO PARAMS, 430, 3966, 1342, N, 10, DT, -999, SHR82, -99, 
AL, 09, 2026100600, 03, HFSA,  78, 274N,  895W, 101,  961, XX,  50, NEQ,  128,   50,   60,  100,  993,   43,  16,   0,   0,    ,   0,    ,  18,   7,           ,  ,  0,    ,    0,    0,    0,    0, THERMO PARAMS, 430, 3966, 1342, N, 10, DT, -999, SHR82, -99, 
AL, 09, 2026100600, 03, HFSA,  78, 274N,  895W, 101,  961, XX,  64, NEQ,   57,   36,   40,   49,  993,   43,  16,   0,   0,    ,   0,    ,  18,   7,           ,  ,  0,    ,    0,    0,    0,    0, THERMO PARAMS, 430, 3966, 1342, N, 10, DT, -999, SHR82, -99, 
AL, 09, 2026100600, 03, HFSA,  84, 287N,  891W,  96,  967, XX,  34, NEQ,  194,  142,  217,  165,  995,   51,  19,   0,   0,    ,   0,    , 356,   9,           ,  ,  0,    ,    0,    0,    0,    0, THERMO PARAMS, 369, 3021, 1013, N, 10, DT, -999, SHR82, -99, 
AL, 09, 2026100600, 03, HFSA,  84, 287N,  891W,  96,  967, XX,  50, NEQ,  117,   55,   58,   79,  995,   51,  19,   0,   0,    ,   0,    , 356,   9,           ,  ,  0,    ,    0,    0,    0,    0, THERMO PARAMS, 369, 3021, 1013, N, 10, DT, -999, SHR82, -99, 
AL, 09, 2026100600, 03, HFSA,  84, 287N,  891W,  96,  967, XX,  64, NEQ,   45,   37,   32,   50,  995,   51,  19,   0,   0,    ,   0,    , 356,   9,           ,  ,  0,    ,    0,    0,    0,    0, THERMO PARAMS, 369, 3021, 1013, N, 10, DT, -999, SHR82, -99, 
AL, 09, 2026100600, 03, HFSA,  90, 295N,  893W,  63,  980, XX,  34, NEQ,  173,  112,  257,  123, 1000,   66,   9,   0,   0,    ,   0,    , 332,   7,           ,  ,  0,    ,    0,    0,    0,    0, THERMO PARAMS, 332, 2866, -1042, N, 10, DT, -999, SHR82, -99, 
AL, 09, 2026100600, 03, HFSA,  90, 295N,  893W,  63,  980, XX,  50, NEQ,   55,   26,   39,   18, 1000,   66,   9,   0,   0,    ,   0,    , 332,   7,           ,  ,  0,    ,    0,    0,    0,    0, THERMO PARAMS, 332, 2866, -1042, N, 10, DT, -999, SHR82, -99, 
AL, 09, 2026100600, 03, HFSA,  96, 303N,  898W,  46,  987, XX,  34, NEQ,   62,   62,  235,   81,  999,   51, 104,   0,   0,    ,   0,    , 317,   7,           ,  ,  0,    ,    0,    0,    0,    0, THERMO PARAMS, 272, 908, -198, N, 10, DT, -999, SHR82, -99, 
AL, 09, 2026100600, 03, HFSA, 102, 305N,  905W,  47,  993, XX,  34, NEQ,    0,    0,  165,    0, 1001,   55, 144,   0,   0,    ,   0,    , 322,   5,           ,  ,  0,    ,    0,    0,    0,    0, THERMO PARAMS, 130, 276, -290, N, 10, DT, -999, SHR82, -99, 
AL, 09, 2026100600, 03, HFSA, 108, 312N,  904W,  40,  998, XX,  34, NEQ,    0,    0,  173,    0, 1006,  117, 162,   0,   0,    ,   0,    ,  18,  10,           ,  ,  0,    ,    0,    0,    0,    0, THERMO PARAMS, 335, -968, -584, N, 10, DT, -999, SHR82, -99, 
AL, 09, 2026100600, 03, HFSA, 114, 325N,  900W,  30, 1003, XX,  34, NEQ,    0,    0,    0,    0, 1007,   98, 161,   0,   0,    ,   0,    ,  22,  15,           ,  ,  0,    ,    0,    0,    0,    0, THERMO PARAMS, 237, -1423, -947, N, 10, DT, -999, SHR82, -99, 
AL, 09, 2026100600, 03, HFSA, 120, 344N,  893W,  21, 1004, XX,  34, NEQ,    0,    0,    0,    0, 1008,  103, 158,   0,   0,    ,   0,    ,  30,  16,           ,  ,  0,    ,    0,    0,    0,    0, THERMO PARAMS, 177, -1488, -1147, N, 10, DT, -999, SHR82, -99, 
AL, 09, 2026100600, 03, HFSA, 126, 364N,  887W,  17, 1005, XX,  34, NEQ,    0,    0,    0,    0,  -99,  -99, 142,   0,   0,    ,   0,    , -99, -99,           ,  ,  0,    ,    0,    0,    0,    0, THERMO PARAMS, 10, -1441, -1162, N, 10, DT, -999, SHR82, -99, 
AL, 09, 2026100600, 03, TVCN,   0, 223N,  961W,   0,    0,   ,   0,    ,    0,    0,    0,    0, 
AL, 09, 2026100600, 03, TVCN,  12, 224N,  963W,   0,    0,   ,   0,    ,    0,    0,    0,    0, 
AL, 09, 2026100600, 03, TVCN,  24, 223N,  958W,   0,    0,   ,   0,    ,    0,    0,    0,    0, 
AL, 09, 2026100600, 03, TVCN,  36, 225N,  950W,   0,    0,   ,   0,    ,    0,    0,    0,    0, 
AL, 09, 2026100600, 03, TVCN,  48, 228N,  941W,   0,    0,   ,   0,    ,    0,    0,    0,    0, 
AL, 09, 2026100600, 03, TVCN,  60, 231N,  931W,   0,    0,   ,   0,    ,    0,    0,    0,    0, 
AL, 09, 2026100600, 03, TVCN,  72, 239N,  920W,   0,    0,   ,   0,    ,    0,    0,    0,    0, 
AL, 09, 2026100600, 03, TVCN,  84, 251N,  912W,   0,    0,   ,   0,    ,    0,    0,    0,    0, 
AL, 09, 2026100600, 03, TVCN,  96, 266N,  905W,   0,    0,   ,   0,    ,    0,    0,    0,    0, 
AL, 09, 2026100600, 03, TVCN, 108, 287N,  901W,   0,    0,   ,   0,    ,    0,    0,    0,    0, 
AL, 09, 2026100600, 03, TVCN, 120, 311N,  901W,   0,    0,   ,   0,    ,    0,    0,    0,    0, 
AL, 09, 2026100600, 03, TVCN, 132, 335N,  900W,   0,    0,   ,   0,    ,    0,    0,    0,    0, 
AL, 09, 2026100606, 03, AVNO,   0, 211N,  964W,  37, 1006, XX,  34, NEQ,    0,    0,   39,    0, 1010,  113,  39,   0,   0, 
AL, 09, 2026100606, 03, AVNO,   6, 215N,  960W,  32, 1007, XX,  34, NEQ,    0,    0,    0,    0,  -99,  -99,  63,   0,   0, 
AL, 09, 2026100606, 03, AVNO,  12, 214N,  957W,  33, 1006, XX,  34, NEQ,    0,    0,    0,    0, 1010,   86,  53,   0,   0, 
AL, 09, 2026100606, 03, AVNO,  18, 213N,  952W,  39,  998, XX,  34, NEQ,    0,    0,   32,   24, 1006,   53,  21,   0,   0, 
AL, 09, 2026100606, 03, AVNO,  24, 211N,  945W,  30, 1004, XX,  34, NEQ,    0,    0,    0,    0, 1008,   65,  82,   0,   0, 
AL, 09, 2026100606, 03, AVNO,  30, 211N,  941W,  39,  997, XX,  34, NEQ,    0,   27,   25,   23, 1009,  138,  23,   0,   0, 
AL, 09, 2026100606, 03, AVNO,  36, 213N,  936W,  34,  999, XX,  34, NEQ,    0,    0,    0,    0, 1007,   51,  26,   0,   0, 
AL, 09, 2026100606, 03, AVNO,  42, 213N,  929W,  43,  996, XX,  34, NEQ,   20,   21,   40,   38, 1004,   42,  15,   0,   0, 
AL, 09, 2026100606, 03, AVNO,  48, 214N,  924W,  43,  993, XX,  34, NEQ,   42,   39,   35,   43, 1009,  211,  24,   0,   0, 
AL, 09, 2026100606, 03, AVNO,  54, 215N,  920W,  49,  988, XX,  34, NEQ,   47,   45,   42,   49, 1008,  120,  22,   0,   0, 
AL, 09, 2026100606, 03, AVNO,  60, 216N,  915W,  46,  992, XX,  34, NEQ,   46,   57,   42,   45, 1008,   90,  21,   0,   0, 
AL, 09, 2026100606, 03, AVNO,  66, 215N,  910W,  46,  990, XX,  34, NEQ,   41,   41,   44,   38, 1006,   75,  19,   0,   0, 
AL, 09, 2026100606, 03, AVNO,  72, 218N,  905W,  54,  990, XX,  34, NEQ,   48,   45,   33,   36, 1010,  216,  17,   0,   0, 
AL, 09, 2026100606, 03, AVNO,  72, 218N,  905W,  54,  990, XX,  50, NEQ,    0,   17,    0,   21, 1010,  216,  17,   0,   0, 
AL, 09, 2026100606, 03, AVNO,  78, 223N,  903W,  46,  992, XX,  34, NEQ,   54,   50,   32,   35, 1008,  138,  16,   0,   0, 
AL, 09, 2026100606, 03, AVNO,  84, 229N,  904W,  53,  990, XX,  34, NEQ,   56,   55,   33,   36, 1006,   68,  12,   0,   0, 
AL, 09, 2026100606, 03, AVNO,  84, 229N,  904W,  53,  990, XX,  50, NEQ,   16,    0,    0,    0, 1006,   68,  12,   0,   0, 
AL, 09, 2026100606, 03, AVNO,  90, 236N,  904W,  40,  996, XX,  34, NEQ,   55,   52,    0,   25, 1008,  136,  32,   0,   0, 
AL, 09, 2026100606, 03, AVNO,  96, 245N,  907W,  54,  994, XX,  34, NEQ,   84,   79,    0,   49, 1010,  180,  19,   0,   0, 
AL, 09, 2026100606, 03, AVNO,  96, 245N,  907W,  54,  994, XX,  50, NEQ,   29,    0,    0,    0, 1010,  180,  19,   0,   0, 
AL, 09, 2026100606, 03, AVNO, 102, 256N,  910W,  42,  999, XX,  34, NEQ,  104,   97,    0,   43, 1007,   94,  29,   0,   0, 
AL, 09, 2026100606, 03, AVNO, 108, 269N,  912W,  44, 1001, XX,  34, NEQ,  103,   96,    0,   57, 1009,  109,  32,   0,   0, 
AL, 09, 2026100606, 03, AVNO, 114, 281N,  910W,  44, 1001, XX,  34, NEQ,   83,   81,   41,   40, 1009,  128,  27,   0,   0, 
AL, 09, 2026100606, 03, AVNO, 120, 294N,  907W,  36, 1003, XX,  34, NEQ,    0,   53,    0,    0, 1011,  199,  33,   0,   0, 
AL, 09, 2026100606, 03, AVNO, 126, 315N,  897W,  28, 1007, XX,  34, NEQ,    0,    0,    0,    0,  -99,  -99,  85,   0,   0, 
AL, 09, 2026100606, 03, AVNO, 132, 335N,  885W,  15, 1008, XX,  34, NEQ,    0,    0,    0,    0,  -99,  -99, 138,   0,   0, 
AL, 09, 2026100606, 03, AVNO, 138, 354N,  872W,  14, 1009, XX,  34, NEQ,    0,    0,    0,    0,  -99,  -99,  32,   0,   0, 
AL, 09, 2026100606, 03, AVNO, 144, 372N,  849W,   9, 1011, XX,  34, NEQ,    0,    0,    0,    0,  -99,  -99,  96,   0,   0, 
AL, 09, 2026100606, 03, AVNO, 150, 397N,  821W,  13, 1009, XX,  34, NEQ,    0,    0,    0,    0,  -99,  -99, 122,   0,   0, 
AL, 09, 2026100606, 03, AVNO, 156, 409N,  769W,  16, 1007, XX,  34, NEQ,    0,    0,    0,    0,  -99,  -99, 160,   0,   0, 
AL, 09, 2026100606, 03, AVNO, 162, 413N,  705W,  34, 1003, XX,  34, NEQ,    0,    0,    0,    0, 1007,  106, 140,   0,   0, 
AL, 09, 2026100606, 03, AVNO, 168, 420N,  655W,  34, 1000, XX,  34, NEQ,    0,    0,    0,    0, 1004,  128, 125,   0,   0, 
AL, 09, 2026100606, 03, AVNO, 174, 428N,  617W,  36,  999, XX,  34, NEQ,    0,  170,  154,    0, 1011,  564, 113,   0,   0, 
AL, 09, 2026100606, 03, AVNO, 180, 438N,  578W,  38,  997, XX,  34, NEQ,    0,  149,  295,    0, 1005,  289, 135,   0,   0, 
AL, 09, 2026100606, 03, AVNO, 186, 455N,  546W,  36,  997, XX,  34, NEQ,   76,  241,  227,  101, 1009,  457,  57,   0,   0, 
AL, 09, 2026100606, 03, AVNO, 192, 469N,  526W,  37,  995, XX,  34, NEQ,  151,  250,   61,    0, 1007,  496,  35,   0,   0, 
AL, 09, 2026100606, 03, AVNO, 198, 480N,  497W,  38,  995, XX,  34, NEQ,  381,  332,    0,    0, 1003,  213,  73,   0,   0, 
AL, 09, 2026100606, 03, AVNO, 204, 486N,  468W,  38,  995, XX,  34, NEQ,  508,    0,    0,    0, 1007,  395, 146,   0,   0, 
AL, 09, 2026100606, 03, AVNO, 210, 496N,  426W,  34,  999, XX,  34, NEQ,    0,    0,    0,    0,  -99,  -99, 141,   0,   0, 
AL, 09, 2026100606, 03, AVNO, 216, 504N,  364W,  29, 1002, XX,  34, NEQ,    0,    0,    0,    0,  -99,  -99, 148,   0,   0, 
AL, 09, 2026100606, 03, AVNO, 222, 508N,  284W,  32, 1006, XX,  34, NEQ,    0,    0,    0,    0,  -99,  -99, 154,   0,   0, 
AL, 09, 2026100606, 03, AVNO, 228, 508N,  198W,  48, 1002, XX,  34, NEQ,  407,  397,    0,    0,  -99,  -99, 149,   0,   0, 
AL, 09, 2026100606, 03, HCCA,   0, 224N,  959W,  25,    0,   ,   0,    ,    0,    0,    0,    0, 
AL, 09, 2026100606, 03, HCCA,  12, 223N,  957W,  29,    0,   ,   0,    ,    0,    0,    0,    0, 
AL, 09, 2026100606, 03, HCCA,  24, 223N,  949W,  35,    0,   ,   0,    ,    0,    0,    0,    0, 
AL, 09, 2026100606, 03, HCCA,  36, 224N,  938W,  44,    0,   ,   0,    ,    0,    0,    0,    0, 
AL, 09, 2026100606, 03, HCCA,  48, 226N,  924W,  54,    0,   ,   0,    ,    0,    0,    0,    0, 
AL, 09, 2026100606, 03, HCCA,  60, 234N,  910W,  65,    0,   ,   0,    ,    0,    0,    0,    0, 
AL, 09, 2026100606, 03, HCCA,  72, 244N,  899W,  72,    0,   ,   0,    ,    0,    0,    0,    0, 
AL, 09, 2026100606, 03, HCCA,  84, 258N,  892W,  71,    0,   ,   0,    ,    0,    0,    0,    0, 
AL, 09, 2026100606, 03, HCCA,  96, 275N,  891W,  63,    0,   ,   0,    ,    0,    0,    0,    0, 
AL, 09, 2026100606, 03, HCCA, 108, 300N,  894W,  48,    0,   ,   0,    ,    0,    0,    0,    0, 
AL, 09, 2026100606, 03, HCCA, 120, 330N,  891W,  32,    0,   ,   0,    ,    0,    0,    0,    0, 
AL, 09, 2026100606, 03, HCCA, 132, 350N,  883W,  33,    0,   ,   0,    ,    0,    0,    0,    0, 
AL, 09, 2026100606, 03, HCCA, 144, 364N,  868W,  33,    0,   ,   0,    ,    0,    0,    0,    0, 
AL, 09, 2026100606, 03, HCCA, 156, 367N,  853W,  36,    0,   ,   0,    ,    0,    0,    0,    0, 
AL, 09, 2026100606, 03, HCCA, 168, 358N,  831W,  41,    0,   ,   0,    ,    0,    0,    0,    0, 
AL, 09, 2026100606, 03, HFSA,   0, 220N,  962W,  35, 1005, XX,  34, NEQ,    0,    0,   87,    0, 1009,   27,  85,   0,   0,    ,   0,    , 306,   2,           ,  ,  0,    ,    0,    0,    0,    0, THERMO PARAMS, 123, -585, -447, N, 10, DT, -999, SHR82, -99, 
AL, 09, 2026100606, 03, HFSA,   6, 222N,  965W,  36, 1005, XX,  34, NEQ,    0,    0,    0,    0, 1009,   82,  17,   0,   0,    ,   0,    , 230,   3,           ,  ,  0,    ,    0,    0,    0,    0, THERMO PARAMS, -93, 665, -216, N, 10, DT, -999, SHR82, -99, 
AL, 09, 2026100606, 03, HFSA,  12, 219N,  964W,  32, 1007, XX,  34, NEQ,    0,    0,    0,    0,  -99,  -99,  40,   0,   0,    ,   0,    , 298,   0,           ,  ,  0,    ,    0,    0,    0,    0, THERMO PARAMS, 92, 753, -124, N, 10, DT, -999, SHR82, -99, 
AL, 09, 2026100606, 03, HFSA,  18, 215N,  955W,  29, 1006, XX,  34, NEQ,    0,    0,    0,    0,  -99,  -99,  91,   0,   0,    ,   0,    , 132,   4,           ,  ,  0,    ,    0,    0,    0,    0, THERMO PARAMS, 18, 667, 181, N, 10, DT, -999, SHR82, -99, 
AL, 09, 2026100606, 03, HFSA,  24, 206N,  950W,  30, 1003, XX,  34, NEQ,    0,    0,    0,    0, 1007,   22,  31,   0,   0,    ,   0,    , 151,   2,           ,  ,  0,    ,    0,    0,    0,    0, THERMO PARAMS, -36, 584, -76, N, 10, DT, -999, SHR82, -99, 
AL, 09, 2026100606, 03, HFSA,  30, 208N,  945W,  31, 1005, XX,  34, NEQ,    0,    0,    0,    0,  -99,  -99, 119,   0,   0,    ,   0,    ,  11,   2,           ,  ,  0,    ,    0,    0,    0,    0, THERMO PARAMS, 52, 559, 16, N, 10, DT, -999, SHR82, -99, 
AL, 09, 2026100606, 03, HFSA,  36, 218N,  944W,  34, 1002, XX,  34, NEQ,    0,    0,    0,    0,  -99,  -99, 101,   0,   0,    ,   0,    ,  18,   4,           ,  ,  0,    ,    0,    0,    0,    0, THERMO PARAMS, 42, 453, 17, N, 10, DT, -999, SHR82, -99, 
AL, 09, 2026100606, 03, HFSA,  42, 215N,  940W,  31, 1004, XX,  34, NEQ,    0,    0,    0,    0,  -99,  -99, 162,   0,   0,    ,   0,    , 159,   4,           ,  ,  0,    ,    0,    0,    0,    0, THERMO PARAMS, 33, -40, 115, N, 10, DT, -999, SHR82, -99, 
AL, 09, 2026100606, 03, HFSA,  48, 216N,  930W,  46,  994, XX,  34, NEQ,   29,   15,    0,   29,  998,    3,   8,   0,   0,    ,   0,    ,  67,   6,           ,  ,  0,    ,    0,    0,    0,    0, THERMO PARAMS, 82, 428, 386, N, 10, DT, -999, SHR82, -99, 
AL, 09, 2026100606, 03, HFSA,  54, 217N,  926W,  40,  997, XX,  34, NEQ,   45,    0,    0,    0, 1001,   10,  44,   0,   0,    ,   0,    , 107,   2,           ,  ,  0,    ,    0,    0,    0,    0, THERMO PARAMS, 102, 570, 189, N, 10, DT, -999, SHR82, -99, 
AL, 09, 2026100606, 03, HFSA,  60, 217N,  922W,  45,  997, XX,  34, NEQ,   26,   28,   10,   11, 1001,   11,   9,   0,   0,    ,   0,    ,  49,   4,           ,  ,  0,    ,    0,    0,    0,    0, THERMO PARAMS, 72, 608, -53, N, 10, DT, -999, SHR82, -99, 
AL, 09, 2026100606, 03, HFSA,  66, 217N,  919W,  35,  996, XX,  34, NEQ,    0,    0,    0,   21, 1000,   13,  38,   0,   0,    ,   0,    , 130,   2,           ,  ,  0,    ,    0,    0,    0,    0, THERMO PARAMS, 125, 301, 299, N, 10, DT, -999, SHR82, -99, 
AL, 09, 2026100606, 03, HFSA,  72, 218N,  914W,  50,  993, XX,  34, NEQ,   55,   68,   10,   42, 1001,   22,  37,   0,   0,    ,   0,    ,  31,   4,           ,  ,  0,    ,    0,    0,    0,    0, THERMO PARAMS, 51, 435, 558, N, 10, DT, -999, SHR82, -99, 
AL, 09, 2026100606, 03, HFSA,  78, 223N,  913W,  56,  990, XX,  34, NEQ,   78,   71,   15,   49, 1002,   44,  36,   0,   0,    ,   0,    ,   3,   5,           ,  ,  0,    ,    0,    0,    0,    0, THERMO PARAMS, -23, 1120, 762, N, 10, DT, -999, SHR82, -99, 
AL, 09, 2026100606, 03, HFSA,  78, 223N,  913W,  56,  990, XX,  50, NEQ,   42,   37,    0,    0, 1002,   44,  36,   0,   0,    ,   0,    ,   3,   5,           ,  ,  0,    ,    0,    0,    0,    0, THERMO PARAMS, -23, 1120, 762, N, 10, DT, -999, SHR82, -99, 
AL, 09, 2026100606, 03, HFSA,  84, 228N,  912W,  67,  986, XX,  34, NEQ,   84,   74,   40,   58,  994,   20,  18,   0,   0,    ,   0,    ,  14,   6,           ,  ,  0,    ,    0,    0,    0,    0, THERMO PARAMS, 8, 1186, 724, N, 10, DT, -999, SHR82, -99, 
AL, 09, 2026100606, 03, HFSA,  84, 228N,  912W,  67,  986, XX,  50, NEQ,   47,   31,    0,   16,  994,   20,  18,   0,   0,    ,   0,    ,  14,   6,           ,  ,  0,    ,    0,    0,    0,    0, THERMO PARAMS, 8, 1186, 724, N, 10, DT, -999, SHR82, -99, 
AL, 09, 2026100606, 03, HFSA,  84, 228N,  912W,  67,  986, XX,  64, NEQ,   18,    0,    0,    0,  994,   20,  18,   0,   0,    ,   0,    ,  14,   6,           ,  ,  0,    ,    0,    0,    0,    0, THERMO PARAMS, 8, 1186, 724, N, 10, DT, -999, SHR82, -99, 
AL, 09, 2026100606, 03, HFSA,  90, 236N,  912W,  61,  986, XX,  34, NEQ,  121,   81,   47,   94,  994,   19,  18,   0,   0,    ,   0,    , 346,   6,           ,  ,  0,    ,    0,    0,    0,    0, THERMO PARAMS, -123, 2526, 523, N, 10, DT, -999, SHR82, -99, 
AL, 09, 2026100606, 03, HFSA,  90, 236N,  912W,  61,  986, XX,  50, NEQ,   31,    0,    0,   37,  994,   19,  18,   0,   0,    ,   0,    , 346,   6,           ,  ,  0,    ,    0,    0,    0,    0, THERMO PARAMS, -123, 2526, 523, N, 10, DT, -999, SHR82, -99, 
AL, 09, 2026100606, 03, HFSA,  96, 242N,  911W,  76,  981, XX,  34, NEQ,  126,  117,   57,  115,  997,   23,  11,   0,   0,    ,   0,    ,   1,   9,           ,  ,  0,    ,    0,    0,    0,    0, THERMO PARAMS, -39, 1207, 1224, N, 10, DT, -999, SHR82, -99, 
AL, 09, 2026100606, 03, HFSA,  96, 242N,  911W,  76,  981, XX,  50, NEQ,   49,   45,    0,   29,  997,   23,  11,   0,   0,    ,   0,    ,   1,   9,           ,  ,  0,    ,    0,    0,    0,    0, THERMO PARAMS, -39, 1207, 1224, N, 10, DT, -999, SHR82, -99, 
AL, 09, 2026100606, 03, HFSA,  96, 242N,  911W,  76,  981, XX,  64, NEQ,   15,   10,    0,   21,  997,   23,  11,   0,   0,    ,   0,    ,   1,   9,           ,  ,  0,    ,    0,    0,    0,    0, THERMO PARAMS, -39, 1207, 1224, N, 10, DT, -999, SHR82, -99, 
AL, 09, 2026100606, 03, HFSA, 102, 250N,  911W,  62,  992, XX,  34, NEQ,  139,  113,   26,  102,  996,   10,  23,   0,   0,    ,   0,    , 351,   9,           ,  ,  0,    ,    0,    0,    0,    0, THERMO PARAMS, -68, 521, 568, N, 10, DT, -999, SHR82, -99, 
AL, 09, 2026100606, 03, HFSA, 102, 250N,  911W,  62,  992, XX,  50, NEQ,   78,   34,    0,   37,  996,   10,  23,   0,   0,    ,   0,    , 351,   9,           ,  ,  0,    ,    0,    0,    0,    0, THERMO PARAMS, -68, 521, 568, N, 10, DT, -999, SHR82, -99, 
AL, 09, 2026100606, 03, HFSA, 108, 264N,  913W,  54,  993, XX,  34, NEQ,  115,  121,   37,  141,  997,    9,  68,   0,   0,    ,   0,    , 353,  14,           ,  ,  0,    ,    0,    0,    0,    0, THERMO PARAMS, -43, 216, 881, N, 10, DT, -999, SHR82, -99, 
AL, 09, 2026100606, 03, HFSA, 114, 276N,  911W,  54,  995, XX,  34, NEQ,  118,   94,    0,  102,  999,   16,  81,   0,   0,    ,   0,    , 359,  10,           ,  ,  0,    ,    0,    0,    0,    0, THERMO PARAMS, 54, 731, -72, N, 10, DT, -999, SHR82, -99, 
AL, 09, 2026100606, 03, HFSA, 120, 288N,  912W,  48,  995, XX,  34, NEQ,  189,  134,   37,   36, 1003,   41,  12,   0,   0,    ,   0,    , 357,  12,           ,  ,  0,    ,    0,    0,    0,    0, THERMO PARAMS, 53, 960, -68, N, 10, DT, -999, SHR82, -99, 
AL, 09, 2026100606, 03, HFSA, 126, 301N,  908W,  37,  998, XX,  34, NEQ,    0,    0,    0,    0, 1002,   27, 103,   0,   0,    ,   0,    , -99, -99,           ,  ,  0,    ,    0,    0,    0,    0, THERMO PARAMS, 188, 577, -560, N, 10, DT, -999, SHR82, -99, 
AL, 09, 2026100606, 03, TVCN,   0, 224N,  959W,   0,    0,   ,   0,    ,    0,    0,    0,    0, 
AL, 09, 2026100606, 03, TVCN,  12, 225N,  957W,   0,    0,   ,   0,    ,    0,    0,    0,    0, 
AL, 09, 2026100606, 03, TVCN,  24, 227N,  951W,   0,    0,   ,   0,    ,    0,    0,    0,    0, 
AL, 09, 2026100606, 03, TVCN,  36, 230N,  941W,   0,    0,   ,   0,    ,    0,    0,    0,    0, 
AL, 09, 2026100606, 03, TVCN,  48, 233N,  930W,   0,    0,   ,   0,    ,    0,    0,    0,    0, 
AL, 09, 2026100606, 03, TVCN,  60, 239N,  918W,   0,    0,   ,   0,    ,    0,    0,    0,    0, 
AL, 09, 2026100606, 03, TVCN,  72, 249N,  907W,   0,    0,   ,   0,    ,    0,    0,    0,    0, 
AL, 09, 2026100606, 03, TVCN,  84, 262N,  900W,   0,    0,   ,   0,    ,    0,    0,    0,    0, 
AL, 09, 2026100606, 03, TVCN,  96, 278N,  899W,   0,    0,   ,   0,    ,    0,    0,    0,    0, 
AL, 09, 2026100606, 03, TVCN, 108, 301N,  898W,   0,    0,   ,   0,    ,    0,    0,    0,    0, 
AL, 09, 2026100606, 03, TVCN, 120, 329N,  896W,   0,    0,   ,   0,    ,    0,    0,    0,    0, 
AL, 09, 2026100606, 03, TVCN, 132, 354N,  892W,   0,    0,   ,   0,    ,    0,    0,    0,    0, 
AL, 09, 2026100606, 03, TVCN, 144, 334N,  893W,   0,    0,   ,   0,    ,    0,    0,    0,    0, 
AL, 09, 2026100606, 03, TVCN, 156, 336N,  878W,   0,    0,   ,   0,    ,    0,    0,    0,    0, 
AL, 09, 2026100606, 03, TVCN, 168, 326N,  855W,   0,    0,   ,   0,    ,    0,    0,    0,    0, 
AL, 09, 2026100612, 03,  UKX,   0, 211N,  957W,  25, 1010, XX,  34, NEQ,    0,    0,    0,    0, 
AL, 09, 2026100612, 03,  UKX,   6, 218N,  960W,  28, 1007, XX,  34, NEQ,    0,    0,    0,    0, 
AL, 09, 2026100612, 03,  UKX,  12, 219N,  956W,  29, 1008, XX,  34, NEQ,    0,    0,    0,    0, 
AL, 09, 2026100612, 03,  UKX,  18, 213N,  944W,  27, 1006, XX,  34, NEQ,    0,    0,    0,    0, 
AL, 09, 2026100612, 03,  UKX,  24, 221N,  943W,  28, 1007, XX,  34, NEQ,    0,    0,    0,    0, 
AL, 09, 2026100612, 03,  UKX,  30, 223N,  938W,  29, 1004, XX,  34, NEQ,    0,    0,    0,    0, 
AL, 09, 2026100612, 03,  UKX,  36, 224N,  932W,  26, 1004, XX,  34, NEQ,    0,    0,    0,    0, 
AL, 09, 2026100612, 03,  UKX,  42, 225N,  927W,  28, 1003, XX,  34, NEQ,    0,    0,    0,    0, 
AL, 09, 2026100612, 03,  UKX,  48, 227N,  922W,  32, 1002, XX,  34, NEQ,    0,    0,    0,    0, 
AL, 09, 2026100612, 03,  UKX,  54, 226N,  916W,  28, 1001, XX,  34, NEQ,    0,    0,    0,    0, 
AL, 09, 2026100612, 03,  UKX,  60, 228N,  908W,  29, 1000, XX,  34, NEQ,    0,    0,    0,    0, 
AL, 09, 2026100612, 03,  UKX,  66, 234N,  901W,  34, 1000, XX,  34, NEQ,    0,    0,    0,    0, 
AL, 09, 2026100612, 03,  UKX,  72, 244N,  896W,  37,  998, XX,  34, NEQ,   85,  111,    0,    0, 
AL, 09, 2026100612, 03,  UKX,  78, 254N,  894W,  40,  996, XX,  34, NEQ,   99,  127,    0,   97, 
AL, 09, 2026100612, 03,  UKX,  84, 264N,  892W,  43,  995, XX,  34, NEQ,  184,  143,    0,  146, 
AL, 09, 2026100612, 03,  UKX,  90, 276N,  893W,  49,  993, XX,  34, NEQ,  174,  139,   71,  117, 
AL, 09, 2026100612, 03,  UKX,  96, 292N,  890W,  57,  991, XX,  34, NEQ,  138,  127,   85,   63, 
AL, 09, 2026100612, 03,  UKX,  96, 292N,  890W,  57,  991, XX,  50, NEQ,    0,   60,    0,    0, 
AL, 09, 2026100612, 03,  UKX, 102, 309N,  894W,  35,  995, XX,  34, NEQ,    0,   71,    0,    0, 
AL, 09, 2026100612, 03,  UKX, 108, 324N,  901W,  24,  998, XX,  34, NEQ,    0,    0,    0,    0, 
AL, 09, 2026100612, 03,  UKX, 114, 331N,  907W,  16, 1001, XX,  34, NEQ,    0,    0,    0,    0, 
AL, 09, 2026100612, 03,  UKX, 120, 336N,  901W,  12, 1004, XX,  34, NEQ,    0,    0,    0,    0, 
AL, 09, 2026100612, 03,  UKX, 126, 348N,  890W,  14, 1007, XX,  34, NEQ,    0,    0,    0,    0, 
AL, 09, 2026100612, 03,  UKX, 132, 374N,  875W,  10, 1007, XX,  34, NEQ,    0,    0,    0,    0, 
AL, 09, 2026100612, 03,  UKX, 138, 390N,  862W,   9, 1006, XX,  34, NEQ,    0,    0,    0,    0, 
AL, 09, 2026100612, 03,  UKX, 144, 390N,  846W,  10, 1007, XX,  34, NEQ,    0,    0,    0,    0, 
AL, 09, 2026100612, 03, AVNO,   0, 213N,  960W,  31, 1007, XX,  34, NEQ,    0,    0,    0,    0,  -99,  -99,  49,   0,   0, 
AL, 09, 2026100612, 03, AVNO,   6, 212N,  959W,  35, 1006, XX,  34, NEQ,    0,    0,   61,    0,  -99,  -99,  47,   0,   0, 
AL, 09, 2026100612, 03, AVNO,  12, 210N,  954W,  39, 1004, XX,  34, NEQ,    0,    0,   44,    0, 1008,   85,  39,   0,   0, 
AL, 09, 2026100612, 03, AVNO,  18, 209N,  946W,  32, 1002, XX,  34, NEQ,    0,    0,    0,    0, 1006,   31,  70,   0,   0, 
AL, 09, 2026100612, 03, AVNO,  24, 210N,  942W,  33, 1001, XX,  34, NEQ,    0,    0,    0,    0, 1009,  175,  31,   0,   0, 
AL, 09, 2026100612, 03, AVNO,  30, 211N,  937W,  42,  996, XX,  34, NEQ,    0,   30,   37,   30, 1008,   51,  22,   0,   0, 
AL, 09, 2026100612, 03, AVNO,  36, 211N,  931W,  41,  995, XX,  34, NEQ,   34,   30,   36,   37, 1007,   79,  26,   0,   0, 
AL, 09, 2026100612, 03, AVNO,  42, 210N,  926W,  54,  991, XX,  34, NEQ,   40,   36,   42,   48, 1007,   79,  19,   0,   0, 
AL, 09, 2026100612, 03, AVNO,  42, 210N,  926W,  54,  991, XX,  50, NEQ,    0,    0,    0,   28, 1007,   79,  19,   0,   0, 
AL, 09, 2026100612, 03, AVNO,  48, 209N,  920W,  57,  988, XX,  34, NEQ,   41,   41,   46,   53, 1008,  113,  19,   0,   0, 
AL, 09, 2026100612, 03, AVNO,  48, 209N,  920W,  57,  988, XX,  50, NEQ,    0,    0,   30,   20, 1008,  113,  19,   0,   0, 
AL, 09, 2026100612, 03, AVNO,  54, 210N,  912W,  52,  987, XX,  34, NEQ,   42,   49,   50,   41, 1007,   82,  20,   0,   0, 
AL, 09, 2026100612, 03, AVNO,  54, 210N,  912W,  52,  987, XX,  50, NEQ,    0,    0,    0,   21, 1007,   82,  20,   0,   0, 
AL, 09, 2026100612, 03, AVNO,  60, 214N,  906W,  47,  990, XX,  34, NEQ,   46,   28,   38,   44, 1006,   89,  23,   0,   0, 
AL, 09, 2026100612, 03, AVNO,  66, 216N,  904W,  52,  990, XX,  34, NEQ,   46,   35,   36,   42, 1006,   68,  13,   0,   0, 
AL, 09, 2026100612, 03, AVNO,  66, 216N,  904W,  52,  990, XX,  50, NEQ,   22,   11,    0,   15, 1006,   68,  13,   0,   0, 
AL, 09, 2026100612, 03, AVNO,  72, 220N,  902W,  51,  990, XX,  34, NEQ,   51,   41,   30,   45, 1010,  200,  18,   0,   0, 
AL, 09, 2026100612, 03, AVNO,  72, 220N,  902W,  51,  990, XX,  50, NEQ,    0,   19,    0,    0, 1010,  200,  18,   0,   0, 
AL, 09, 2026100612, 03, AVNO,  78, 224N,  903W,  49,  992, XX,  34, NEQ,   68,   58,   40,   54, 1008,  111,  27,   0,   0, 
AL, 09, 2026100612, 03, AVNO,  84, 229N,  903W,  54,  992, XX,  34, NEQ,   56,   51,   28,   38, 1008,  142,  28,   0,   0, 
AL, 09, 2026100612, 03, AVNO,  84, 229N,  903W,  54,  992, XX,  50, NEQ,   30,    0,    0,    0, 1008,  142,  28,   0,   0, 
AL, 09, 2026100612, 03, AVNO,  90, 234N,  907W,  49,  993, XX,  34, NEQ,   74,   67,    0,   64, 1009,  113,  31,   0,   0, 
AL, 09, 2026100612, 03, AVNO,  96, 242N,  907W,  48,  994, XX,  34, NEQ,   91,   66,   41,   66, 1010,  203,  24,   0,   0, 
AL, 09, 2026100612, 03, AVNO, 102, 251N,  907W,  44,  998, XX,  34, NEQ,   86,   68,   37,   56, 1010,  112,  24,   0,   0, 
AL, 09, 2026100612, 03, AVNO, 108, 263N,  905W,  35, 1001, XX,  34, NEQ,    0,   23,    0,    0, 1009,  110,  21,   0,   0, 
AL, 09, 2026100612, 03, AVNO, 114, 277N,  904W,  34, 1003, XX,  34, NEQ,   58,   23,    0,    0, 1007,   45,  58,   0,   0, 
AL, 09, 2026100612, 03, AVNO, 120, 291N,  901W,  34, 1001, XX,  34, NEQ,    0,   48,    0,    0, 1009,   63,  48,   0,   0, 
AL, 09, 2026100612, 03, AVNO, 126, 302N,  890W,  35, 1004, XX,  34, NEQ,    0,   31,    0,    0, 1012,  214,  31,   0,   0, 
AL, 09, 2026100612, 03, AVNO, 132, 313N,  878W,  25, 1007, XX,  34, NEQ,    0,    0,    0,    0, 1011,   50,  85,   0,   0, 
AL, 09, 2026100612, 03, AVNO, 138, 324N,  864W,  21, 1009, XX,  34, NEQ,    0,    0,    0,    0, 1013,   82, 126,   0,   0, 
AL, 09, 2026100612, 03, AVNO, 144, 333N,  844W,  13, 1010, XX,  34, NEQ,    0,    0,    0,    0,  -99,  -99,  65,   0,   0, 
AL, 09, 2026100612, 03, AVNO, 150, 334N,  828W,  15, 1010, XX,  34, NEQ,    0,    0,    0,    0,  -99,  -99, 159,   0,   0, 
AL, 09, 2026100612, 03, AVNO, 156, 334N,  810W,  17, 1008, XX,  34, NEQ,    0,    0,    0,    0,  -99,  -99, 118,   0,   0, 
AL, 09, 2026100612, 03, AVNO, 162, 329N,  798W,  16, 1008, XX,  34, NEQ,    0,    0,    0,    0,  -99,  -99,  90,   0,   0, 
AL, 09, 2026100612, 03, AVNO, 168, 323N,  790W,  22, 1009, XX,  34, NEQ,    0,    0,    0,    0,  -99,  -99, 110,   0,   0, 
AL, 09, 2026100612, 03, AVNO, 174, 317N,  785W,  26, 1009, XX,  34, NEQ,    0,    0,    0,    0,  -99,  -99,  64,   0,   0, 
AL, 09, 2026100612, 03, AVNO, 180, 307N,  785W,  27, 1008, XX,  34, NEQ,    0,    0,    0,    0,  -99,  -99,  74,   0,   0, 
AL, 09, 2026100612, 03, AVNO, 186, 298N,  786W,  26, 1008, XX,  34, NEQ,    0,    0,    0,    0,  -99,  -99,  92,   0,   0, 
AL, 09, 2026100612, 03, AVNO, 192, 291N,  785W,  28, 1009, XX,  34, NEQ,    0,    0,    0,    0,  -99,  -99, 134,   0,   0, 
AL, 09, 2026100612, 03, AVNO, 198, 281N,  794W,  28, 1010, XX,  34, NEQ,    0,    0,    0,    0,  -99,  -99, 159,   0,   0, 
AL, 09, 2026100612, 03, AVNO, 204, 264N,  811W,  27, 1010, XX,  34, NEQ,    0,    0,    0,    0,  -99,  -99, 159,   0,   0, 
AL, 09, 2026100612, 03, AVNO, 210, 252N,  826W,  27, 1011, XX,  34, NEQ,    0,    0,    0,    0,  -99,  -99, 153,   0,   0, 
AL, 09, 2026100612, 03, AVNO, 216, 247N,  836W,  23, 1012, XX,  34, NEQ,    0,    0,    0,    0,  -99,  -99, 152,   0,   0, 
AL, 09, 2026100612, 03, AVNO, 222, 245N,  841W,  20, 1012, XX,  34, NEQ,    0,    0,    0,    0,  -99,  -99, 156,   0,   0, 
AL, 09, 2026100612, 03, AVNO, 228, 243N,  848W,  20, 1011, XX,  34, NEQ,    0,    0,    0,    0,  -99,  -99, 160,   0,   0, 
AL, 09, 2026100612, 03, AVNO, 234, 228N,  867W,  17, 1010, XX,  34, NEQ,    0,    0,    0,    0,  -99,  -99, 162,   0,   0, 
AL, 09, 2026100612, 03, AVNO, 240, 225N,  879W,  14, 1010, XX,  34, NEQ,    0,    0,    0,    0,  -99,  -99, 152,   0,   0, 
AL, 09, 2026100612, 03, HCCA,   0, 220N,  960W,  25,    0,   ,   0,    ,    0,    0,    0,    0, 
AL, 09, 2026100612, 03, HCCA,  12, 218N,  955W,  27,    0,   ,   0,    ,    0,    0,    0,    0, 
AL, 09, 2026100612, 03, HCCA,  24, 217N,  944W,  33,    0,   ,   0,    ,    0,    0,    0,    0, 
AL, 09, 2026100612, 03, HCCA,  36, 218N,  931W,  40,    0,   ,   0,    ,    0,    0,    0,    0, 
AL, 09, 2026100612, 03, HCCA,  48, 220N,  918W,  53,    0,   ,   0,    ,    0,    0,    0,    0, 
AL, 09, 2026100612, 03, HCCA,  60, 226N,  907W,  65,    0,   ,   0,    ,    0,    0,    0,    0, 
AL, 09, 2026100612, 03, HCCA,  72, 238N,  899W,  73,    0,   ,   0,    ,    0,    0,    0,    0, 
AL, 09, 2026100612, 03, HCCA,  84, 256N,  893W,  77,    0,   ,   0,    ,    0,    0,    0,    0, 
AL, 09, 2026100612, 03, HCCA,  96, 282N,  891W,  65,    0,   ,   0,    ,    0,    0,    0,    0, 
AL, 09, 2026100612, 03, HCCA, 108, 312N,  891W,  40,    0,   ,   0,    ,    0,    0,    0,    0, 
AL, 09, 2026100612, 03, HCCA, 120, 345N,  886W,  29,    0,   ,   0,    ,    0,    0,    0,    0, 
AL, 09, 2026100612, 03, HCCA, 132, 367N,  867W,  35,    0,   ,   0,    ,    0,    0,    0,    0, 
AL, 09, 2026100612, 03, HCCA, 144, 382N,  839W,  41,    0,   ,   0,    ,    0,    0,    0,    0, 
AL, 09, 2026100612, 03, HCCA, 156, 389N,  808W,  44,    0,   ,   0,    ,    0,    0,    0,    0, 
AL, 09, 2026100612, 03, HCCA, 168, 399N,  764W,  48,    0,   ,   0,    ,    0,    0,    0,    0, 
AL, 09, 2026100612, 03, HFSA,   0, 219N,  962W,  30, 1003, XX,  34, NEQ,    0,    0,    0,    0, 1007,   22, 161,   0,   0,    ,   0,    , 240,   1,           ,  ,  0,    ,    0,    0,    0,    0, THERMO PARAMS, 1, -252, -339, N, 10, DT, -999, SHR82, -99, 
AL, 09, 2026100612, 03, HFSA,   6, 221N,  964W,  39, 1004, XX,  34, NEQ,    0,    0,   19,    0, 1008,   35,  19,   0,   0,    ,   0,    , 298,   2,           ,  ,  0,    ,    0,    0,    0,    0, THERMO PARAMS, -83, 592, 18, N, 10, DT, -999, SHR82, -99, 
AL, 09, 2026100612, 03, HFSA,  12, 217N,  955W,  31, 1004, XX,  34, NEQ,    0,    0,    0,    0,  -99,  -99, 110,   0,   0,    ,   0,    , 130,   5,           ,  ,  0,    ,    0,    0,    0,    0, THERMO PARAMS, -26, 434, 147, N, 10, DT, -999, SHR82, -99, 
AL, 09, 2026100612, 03, HFSA,  18, 214N,  950W,  32, 1003, XX,  34, NEQ,    0,    0,    0,    0,  -99,  -99,  45,   0,   0,    ,   0,    , 125,   5,           ,  ,  0,    ,    0,    0,    0,    0, THERMO PARAMS, -6, 378, 60, N, 10, DT, -999, SHR82, -99, 
AL, 09, 2026100612, 03, HFSA,  24, 216N,  942W,  39, 1003, XX,  34, NEQ,    0,    0,    0,    0,  -99,  -99, 110,   0,   0,    ,   0,    ,  72,   6,           ,  ,  0,    ,    0,    0,    0,    0, THERMO PARAMS, 72, 220, 163, N, 10, DT, -999, SHR82, -99, 
AL, 09, 2026100612, 03, HFSA,  30, 221N,  933W,  42,  998, XX,  34, NEQ,    0,   16,    0,    0, 1002,   11,  13,   0,   0,    ,   0,    ,  69,   6,           ,  ,  0,    ,    0,    0,    0,    0, THERMO PARAMS, 95, 419, 61, N, 10, DT, -999, SHR82, -99, 
AL, 09, 2026100612, 03, HFSA,  36, 225N,  926W,  50,  996, XX,  34, NEQ,   58,   18,   21,   44, 1000,   13,  14,   0,   0,    ,   0,    ,  92,   5,           ,  ,  0,    ,    0,    0,    0,    0, THERMO PARAMS, 164, 122, 228, N, 10, DT, -999, SHR82, -99, 
AL, 09, 2026100612, 03, HFSA,  42, 226N,  916W,  44,  994, XX,  34, NEQ,   45,   42,   28,   37,  998,   12,  21,   0,   0,    ,   0,    ,  70,   6,           ,  ,  0,    ,    0,    0,    0,    0, THERMO PARAMS, 138, 323, 96, N, 10, DT, -999, SHR82, -99, 
AL, 09, 2026100612, 03, HFSA,  48, 234N,  908W,  65,  987, XX,  34, NEQ,   96,   97,   49,   84,  999,   38,  37,   0,   0,    ,   0,    ,  35,   8,           ,  ,  0,    ,    0,    0,    0,    0, THERMO PARAMS, 52, 1318, 758, N, 10, DT, -999, SHR82, -99, 
AL, 09, 2026100612, 03, HFSA,  48, 234N,  908W,  65,  987, XX,  50, NEQ,   18,   18,   37,   18,  999,   38,  37,   0,   0,    ,   0,    ,  35,   8,           ,  ,  0,    ,    0,    0,    0,    0, THERMO PARAMS, 52, 1318, 758, N, 10, DT, -999, SHR82, -99, 
AL, 09, 2026100612, 03, HFSA,  54, 242N,  906W,  63,  985, XX,  34, NEQ,  104,   81,   44,   94, 1001,   50,  15,   0,   0,    ,   0,    ,  12,   6,           ,  ,  0,    ,    0,    0,    0,    0, THERMO PARAMS, 29, 1305, 949, N, 10, DT, -999, SHR82, -99, 
AL, 09, 2026100612, 03, HFSA,  54, 242N,  906W,  63,  985, XX,  50, NEQ,   36,   39,   24,   39, 1001,   50,  15,   0,   0,    ,   0,    ,  12,   6,           ,  ,  0,    ,    0,    0,    0,    0, THERMO PARAMS, 29, 1305, 949, N, 10, DT, -999, SHR82, -99, 
AL, 09, 2026100612, 03, HFSA,  60, 248N,  901W,  68,  984, XX,  34, NEQ,  134,   94,   55,  112,  996,   32,  22,   0,   0,    ,   0,    ,  30,   5,           ,  ,  0,    ,    0,    0,    0,    0, THERMO PARAMS, 129, 1445, 934, N, 10, DT, -999, SHR82, -99, 
AL, 09, 2026100612, 03, HFSA,  60, 248N,  901W,  68,  984, XX,  50, NEQ,   47,   34,   28,   50,  996,   32,  22,   0,   0,    ,   0,    ,  30,   5,           ,  ,  0,    ,    0,    0,    0,    0, THERMO PARAMS, 129, 1445, 934, N, 10, DT, -999, SHR82, -99, 
AL, 09, 2026100612, 03, HFSA,  60, 248N,  901W,  68,  984, XX,  64, NEQ,    0,    0,   23,   24,  996,   32,  22,   0,   0,    ,   0,    ,  30,   5,           ,  ,  0,    ,    0,    0,    0,    0, THERMO PARAMS, 129, 1445, 934, N, 10, DT, -999, SHR82, -99, 
AL, 09, 2026100612, 03, HFSA,  66, 255N,  897W,  64,  983, XX,  34, NEQ,  167,  125,   65,  167,  991,   24,  19,   0,   0,    ,   0,    ,   0,   7,           ,  ,  0,    ,    0,    0,    0,    0, THERMO PARAMS, 86, 1514, 1149, N, 10, DT, -999, SHR82, -99, 
AL, 09, 2026100612, 03, HFSA,  66, 255N,  897W,  64,  983, XX,  50, NEQ,   71,   40,   24,   53,  991,   24,  19,   0,   0,    ,   0,    ,   0,   7,           ,  ,  0,    ,    0,    0,    0,    0, THERMO PARAMS, 86, 1514, 1149, N, 10, DT, -999, SHR82, -99, 
AL, 09, 2026100612, 03, HFSA,  72, 267N,  893W,  63,  981, XX,  34, NEQ,  183,  173,   96,  178,  989,   23,  28,   0,   0,    ,   0,    , 356,  10,           ,  ,  0,    ,    0,    0,    0,    0, THERMO PARAMS, 125, 2582, 696, N, 10, DT, -999, SHR82, -99, 
AL, 09, 2026100612, 03, HFSA,  72, 267N,  893W,  63,  981, XX,  50, NEQ,   73,   49,   49,  108,  989,   23,  28,   0,   0,    ,   0,    , 356,  10,           ,  ,  0,    ,    0,    0,    0,    0, THERMO PARAMS, 125, 2582, 696, N, 10, DT, -999, SHR82, -99, 
AL, 09, 2026100612, 03, HFSA,  78, 278N,  891W,  74,  980, XX,  34, NEQ,  194,  185,   84,  163,  992,   40,  28,   0,   0,    ,   0,    , 351,  11,           ,  ,  0,    ,    0,    0,    0,    0, THERMO PARAMS, 183, 2482, 405, N, 10, DT, -999, SHR82, -99, 
AL, 09, 2026100612, 03, HFSA,  78, 278N,  891W,  74,  980, XX,  50, NEQ,  108,   63,   50,   74,  992,   40,  28,   0,   0,    ,   0,    , 351,  11,           ,  ,  0,    ,    0,    0,    0,    0, THERMO PARAMS, 183, 2482, 405, N, 10, DT, -999, SHR82, -99, 
AL, 09, 2026100612, 03, HFSA,  78, 278N,  891W,  74,  980, XX,  64, NEQ,    0,    0,   31,   37,  992,   40,  28,   0,   0,    ,   0,    , 351,  11,           ,  ,  0,    ,    0,    0,    0,    0, THERMO PARAMS, 183, 2482, 405, N, 10, DT, -999, SHR82, -99, 
AL, 09, 2026100612, 03, HFSA,  84, 289N,  888W,  90,  984, XX,  34, NEQ,  196,  112,  238,  197,  988,   18,  58,   0,   0,    ,   0,    , 354,  10,           ,  ,  0,    ,    0,    0,    0,    0, THERMO PARAMS, 290, 1151, 523, N, 10, DT, -999, SHR82, -99, 
AL, 09, 2026100612, 03, HFSA,  84, 289N,  888W,  90,  984, XX,  50, NEQ,  104,   63,   47,   86,  988,   18,  58,   0,   0,    ,   0,    , 354,  10,           ,  ,  0,    ,    0,    0,    0,    0, THERMO PARAMS, 290, 1151, 523, N, 10, DT, -999, SHR82, -99, 
AL, 09, 2026100612, 03, HFSA,  84, 289N,  888W,  90,  984, XX,  64, NEQ,   58,    0,   36,   68,  988,   18,  58,   0,   0,    ,   0,    , 354,  10,           ,  ,  0,    ,    0,    0,    0,    0, THERMO PARAMS, 290, 1151, 523, N, 10, DT, -999, SHR82, -99, 
AL, 09, 2026100612, 03, HFSA,  90, 305N,  887W,  51,  991, XX,  34, NEQ,   74,  134,  241,    0,  999,   27,  20,   0,   0,    ,   0,    , 337,  16,           ,  ,  0,    ,    0,    0,    0,    0, THERMO PARAMS, 206, 316, -828, N, 10, DT, -999, SHR82, -99, 
AL, 09, 2026100612, 03, HFSA,  90, 305N,  887W,  51,  991, XX,  50, NEQ,    0,   19,    0,    0,  999,   27,  20,   0,   0,    ,   0,    , 337,  16,           ,  ,  0,    ,    0,    0,    0,    0, THERMO PARAMS, 206, 316, -828, N, 10, DT, -999, SHR82, -99, 
AL, 09, 2026100612, 03, HFSA,  96, 323N,  899W,  43, 1000, XX,  34, NEQ,    0,    0,    0,    0, 1004,   33,  66,   0,   0,    ,   0,    , 324,  15,           ,  ,  0,    ,    0,    0,    0,    0, THERMO PARAMS, 199, 277, -785, N, 10, DT, -999, SHR82, -99, 
AL, 09, 2026100612, 03, HFSA, 102, 331N,  906W,  27, 1001, XX,  34, NEQ,    0,    0,    0,    0, 1005,   44,  72,   0,   0,    ,   0,    , 353,   9,           ,  ,  0,    ,    0,    0,    0,    0, THERMO PARAMS, 385, -599, -754, N, 10, DT, -999, SHR82, -99, 
AL, 09, 2026100612, 03, HFSA, 108, 337N,  903W,  20, 1003, XX,  34, NEQ,    0,    0,    0,    0, 1007,   69, 158,   0,   0,    ,   0,    ,  46,  10,           ,  ,  0,    ,    0,    0,    0,    0, THERMO PARAMS, 224, -1080, -824, N, 10, DT, -999, SHR82, -99, 
AL, 09, 2026100612, 03, HFSA, 114, 344N,  895W,  17, 1005, XX,  34, NEQ,    0,    0,    0,    0, 1009,  132, 156,   0,   0,    ,   0,    ,  60,  14,           ,  ,  0,    ,    0,    0,    0,    0, THERMO PARAMS, 120, -1116, -1244, N, 10, DT, -999, SHR82, -99, 
AL, 09, 2026100612, 03, HFSA, 120, 365N,  876W,  16, 1007, XX,  34, NEQ,    0,    0,    0,    0,  -99,  -99, 161,   0,   0,    ,   0,    ,  47,  23,           ,  ,  0,    ,    0,    0,    0,    0, THERMO PARAMS, 136, -1598, -1324, N, 10, DT, -999, SHR82, -99, 
AL, 09, 2026100612, 03, HFSA, 126, 391N,  857W,  20, 1006, XX,  34, NEQ,    0,    0,    0,    0,  -99,  -99,  86,   0,   0,    ,   0,    , -99, -99,           ,  ,  0,    ,    0,    0,    0,    0, THERMO PARAMS, 24, -1218, -1470, N, 10, DT, -999, SHR82, -99, 
AL, 09, 2026100612, 03, TVCN,   0, 220N,  960W,   0,    0,   ,   0,    ,    0,    0,    0,    0, 
AL, 09, 2026100612, 03, TVCN,  12, 218N,  954W,   0,    0,   ,   0,    ,    0,    0,    0,    0, 
AL, 09, 2026100612, 03, TVCN,  24, 218N,  946W,   0,    0,   ,   0,    ,    0,    0,    0,    0, 
AL, 09, 2026100612, 03, TVCN,  36, 220N,  937W,   0,    0,   ,   0,    ,    0,    0,    0,    0, 
AL, 09, 2026100612, 03, TVCN,  48, 222N,  926W,   0,    0,   ,   0,    ,    0,    0,    0,    0, 
AL, 09, 2026100612, 03, TVCN,  60, 227N,  916W,   0,    0,   ,   0,    ,    0,    0,    0,    0, 
AL, 09, 2026100612, 03, TVCN,  72, 235N,  909W,   0,    0,   ,   0,    ,    0,    0,    0,    0, 
AL, 09, 2026100612, 03, TVCN,  84, 249N,  905W,   0,    0,   ,   0,    ,    0,    0,    0,    0, 
AL, 09, 2026100612, 03, TVCN,  96, 271N,  904W,   0,    0,   ,   0,    ,    0,    0,    0,    0, 
AL, 09, 2026100612, 03, TVCN, 108, 298N,  904W,   0,    0,   ,   0,    ,    0,    0,    0,    0, 
AL, 09, 2026100612, 03, TVCN, 120, 325N,  900W,   0,    0,   ,   0,    ,    0,    0,    0,    0, 
AL, 09, 2026100612, 03, TVCN, 132, 349N,  890W,   0,    0,   ,   0,    ,    0,    0,    0,    0, 
AL, 09, 2026100612, 03, TVCN, 144, 350N,  867W,   0,    0,   ,   0,    ,    0,    0,    0,    0, 
AL, 09, 2026100612, 03, TVCN, 156, 353N,  834W,   0,    0,   ,   0,    ,    0,    0,    0,    0, 
AL, 09, 2026100612, 03, TVCN, 168, 355N,  784W,   0,    0,   ,   0,    ,    0,    0,    0,    0, 
AL, 09, 2026100618, 03, AVNO,   0, 214N,  957W,  34, 1006, XX,  34, NEQ,    0,    0,    0,    0,  -99,  -99,  74,   0,   0, 
AL, 09, 2026100618, 03, AVNO,   6, 213N,  953W,  33, 1004, XX,  34, NEQ,    0,    0,    0,    0, 1008,  128,  33,   0,   0, 
AL, 09, 2026100618, 03, AVNO,  12, 213N,  947W,  30, 1001, XX,  34, NEQ,    0,    0,    0,    0, 1009,  166,  68,   0,   0, 
AL, 09, 2026100618, 03, AVNO,  18, 213N,  941W,  35, 1001, XX,  34, NEQ,    0,   37,    0,    0, 1009,  269,  36,   0,   0, 
AL, 09, 2026100618, 03, AVNO,  24, 215N,  935W,  37,  997, XX,  34, NEQ,    0,   35,   38,   32, 1005,   43,  21,   0,   0, 
AL, 09, 2026100618, 03, AVNO,  30, 219N,  926W,  53,  989, XX,  34, NEQ,   42,   41,   36,   46, 1005,   58,  25,   0,   0, 
AL, 09, 2026100618, 03, AVNO,  30, 219N,  926W,  53,  989, XX,  50, NEQ,    0,    0,    0,   27, 1005,   58,  25,   0,   0, 
AL, 09, 2026100618, 03, AVNO,  36, 221N,  921W,  57,  984, XX,  34, NEQ,   51,   50,   52,   61, 1008,  160,  23,   0,   0, 
AL, 09, 2026100618, 03, AVNO,  36, 221N,  921W,  57,  984, XX,  50, NEQ,   28,    0,   29,   31, 1008,  160,  23,   0,   0, 
AL, 09, 2026100618, 03, AVNO,  42, 222N,  914W,  55,  980, XX,  34, NEQ,   80,   59,   61,   79, 1008,  209,  15,   0,   0, 
AL, 09, 2026100618, 03, AVNO,  42, 222N,  914W,  55,  980, XX,  50, NEQ,    0,   28,   34,   31, 1008,  209,  15,   0,   0, 
AL, 09, 2026100618, 03, AVNO,  48, 225N,  908W,  61,  977, XX,  34, NEQ,   59,   68,   57,   79, 1009,  368,  21,   0,   0, 
AL, 09, 2026100618, 03, AVNO,  48, 225N,  908W,  61,  977, XX,  50, NEQ,   33,   41,   35,   30, 1009,  368,  21,   0,   0, 
AL, 09, 2026100618, 03, AVNO,  54, 229N,  902W,  70,  972, XX,  34, NEQ,   60,   60,   56,   72, 1008,  209,  16,   0,   0, 
AL, 09, 2026100618, 03, AVNO,  54, 229N,  902W,  70,  972, XX,  50, NEQ,   34,   37,   39,   34, 1008,  209,  16,   0,   0, 
AL, 09, 2026100618, 03, AVNO,  54, 229N,  902W,  70,  972, XX,  64, NEQ,   22,   27,   28,   26, 1008,  209,  16,   0,   0, 
AL, 09, 2026100618, 03, AVNO,  60, 232N,  896W,  71,  971, XX,  34, NEQ,   78,   80,   47,   64,  991,   31,  22,   0,   0, 
AL, 09, 2026100618, 03, AVNO,  60, 232N,  896W,  71,  971, XX,  50, NEQ,   36,   41,   34,   36,  991,   31,  22,   0,   0, 
AL, 09, 2026100618, 03, AVNO,  60, 232N,  896W,  71,  971, XX,  64, NEQ,   25,   29,    0,   26,  991,   31,  22,   0,   0, 
AL, 09, 2026100618, 03, AVNO,  66, 241N,  891W,  73,  969, XX,  34, NEQ,   89,   91,   54,   72,  993,   37,  20,   0,   0, 
AL, 09, 2026100618, 03, AVNO,  66, 241N,  891W,  73,  969, XX,  50, NEQ,   38,   42,   35,   35,  993,   37,  20,   0,   0, 
AL, 09, 2026100618, 03, AVNO,  66, 241N,  891W,  73,  969, XX,  64, NEQ,   25,   30,    0,   25,  993,   37,  20,   0,   0, 
AL, 09, 2026100618, 03, AVNO,  72, 250N,  890W,  71,  973, XX,  34, NEQ,   95,  100,   52,   78, 1009,  224,  17,   0,   0, 
AL, 09, 2026100618, 03, AVNO,  72, 250N,  890W,  71,  973, XX,  50, NEQ,   41,   45,   33,   36, 1009,  224,  17,   0,   0, 
AL, 09, 2026100618, 03, AVNO,  72, 250N,  890W,  71,  973, XX,  64, NEQ,   25,   30,    0,    0, 1009,  224,  17,   0,   0, 
AL, 09, 2026100618, 03, AVNO,  78, 263N,  887W,  70,  974, XX,  34, NEQ,  106,  108,   55,   89, 1006,  104,  22,   0,   0, 
AL, 09, 2026100618, 03, AVNO,  78, 263N,  887W,  70,  974, XX,  50, NEQ,   51,   51,   37,   45, 1006,  104,  22,   0,   0, 
AL, 09, 2026100618, 03, AVNO,  78, 263N,  887W,  70,  974, XX,  64, NEQ,    0,   27,    0,   26, 1006,  104,  22,   0,   0, 
AL, 09, 2026100618, 03, AVNO,  84, 277N,  885W,  68,  978, XX,  34, NEQ,  143,  121,   72,  138, 1010,  309,  24,   0,   0, 
AL, 09, 2026100618, 03, AVNO,  84, 277N,  885W,  68,  978, XX,  50, NEQ,   53,   55,   34,   50, 1010,  309,  24,   0,   0, 
AL, 09, 2026100618, 03, AVNO,  84, 277N,  885W,  68,  978, XX,  64, NEQ,   15,   28,    0,   26, 1010,  309,  24,   0,   0, 
AL, 09, 2026100618, 03, AVNO,  90, 295N,  881W,  78,  976, XX,  34, NEQ,  114,  115,   60,   67, 1008,  120,  19,   0,   0, 
AL, 09, 2026100618, 03, AVNO,  90, 295N,  881W,  78,  976, XX,  50, NEQ,   31,   48,   33,   37, 1008,  120,  19,   0,   0, 
AL, 09, 2026100618, 03, AVNO,  90, 295N,  881W,  78,  976, XX,  64, NEQ,    0,   28,   22,    0, 1008,  120,  19,   0,   0, 
AL, 09, 2026100618, 03, AVNO,  96, 318N,  877W,  35,  993, XX,  34, NEQ,   70,    0,    0,    0, 1009,   79,  70,   0,   0, 
AL, 09, 2026100618, 03, AVNO, 102, 341N,  878W,  32, 1004, XX,  34, NEQ,    0,    0,    0,    0, 1008,   41,  92,   0,   0, 
AL, 09, 2026100618, 03, AVNO, 108, 365N,  883W,  21, 1006, XX,  34, NEQ,    0,    0,    0,    0, 1010,   49,  58,   0,   0, 
AL, 09, 2026100618, 03, AVNO, 114, 379N,  880W,  18, 1007, XX,  34, NEQ,    0,    0,    0,    0, 1015,  141,  81,   0,   0, 
AL, 09, 2026100618, 03, AVNO, 120, 386N,  873W,  20, 1009, XX,  34, NEQ,    0,    0,    0,    0, 1013,  104, 127,   0,   0, 
AL, 09, 2026100618, 03, AVNO, 126, 387N,  857W,  11, 1012, XX,  34, NEQ,    0,    0,    0,    0,  -99,  -99,  63,   0,   0, 
AL, 09, 2026100618, 03, AVNO, 132, 383N,  838W,  10, 1013, XX,  34, NEQ,    0,    0,    0,    0,  -99,  -99,  93,   0,   0, 
AL, 09, 2026100618, 03, AVNO, 138, 371N,  809W,  11, 1012, XX,  34, NEQ,    0,    0,    0,    0,  -99,  -99, 123,   0,   0, 
AL, 09, 2026100618, 03, AVNO, 144, 353N,  786W,  21, 1009, XX,  34, NEQ,    0,    0,    0,    0,  -99,  -99, 159,   0,   0, 
AL, 09, 2026100618, 03, AVNO, 150, 340N,  770W,  22, 1009, XX,  34, NEQ,    0,    0,    0,    0,  -99,  -99, 139,   0,   0, 
AL, 09, 2026100618, 03, AVNO, 156, 335N,  748W,  22, 1008, XX,  34, NEQ,    0,    0,    0,    0,  -99,  -99,  67,   0,   0, 
AL, 09, 2026100618, 03, HCCA,   0, 221N,  958W,  30,    0,   ,   0,    ,    0,    0,    0,    0, 
AL, 09, 2026100618, 03, HCCA,  12, 220N,  951W,  36,    0,   ,   0,    ,    0,    0,    0,    0, 
AL, 09, 2026100618, 03, HCCA,  24, 221N,  939W,  44,    0,   ,   0,    ,    0,    0,    0,    0, 
AL, 09, 2026100618, 03, HCCA,  36, 223N,  925W,  58,    0,   ,   0,    ,    0,    0,    0,    0, 
AL, 09, 2026100618, 03, HCCA,  48, 227N,  912W,  70,    0,   ,   0,    ,    0,    0,    0,    0, 
AL, 09, 2026100618, 03, HCCA,  60, 237N,  903W,  77,    0,   ,   0,    ,    0,    0,    0,    0, 
AL, 09, 2026100618, 03, HCCA,  72, 253N,  895W,  76,    0,   ,   0,    ,    0,    0,    0,    0, 
AL, 09, 2026100618, 03, HCCA,  84, 277N,  892W,  63,    0,   ,   0,    ,    0,    0,    0,    0, 
AL, 09, 2026100618, 03, HCCA,  96, 307N,  893W,  46,    0,   ,   0,    ,    0,    0,    0,    0, 
AL, 09, 2026100618, 03, HCCA, 108, 342N,  887W,  32,    0,   ,   0,    ,    0,    0,    0,    0, 
AL, 09, 2026100618, 03, HCCA, 120, 378N,  866W,  29,    0,   ,   0,    ,    0,    0,    0,    0, 
AL, 09, 2026100618, 03, HCCA, 132, 404N,  834W,  32,    0,   ,   0,    ,    0,    0,    0,    0, 
AL, 09, 2026100618, 03, HCCA, 144, 411N,  800W,  34,    0,   ,   0,    ,    0,    0,    0,    0, 
AL, 09, 2026100618, 03, HCCA, 156, 413N,  754W,  37,    0,   ,   0,    ,    0,    0,    0,    0, 
AL, 09, 2026100618, 03, HCCA, 168, 420N,  711W,  39,    0,   ,   0,    ,    0,    0,    0,    0, 
AL, 09, 2026100618, 03, HFSA,   0, 221N,  962W,  29, 1005, XX,  34, NEQ,    0,    0,    0,    0,  -99,  -99,  42,   0,   0,    ,   0,    , 319,   1,           ,  ,  0,    ,    0,    0,    0,    0, THERMO PARAMS, 54, -258, -401, N, 10, DT, -999, SHR82, -99, 
AL, 09, 2026100618, 03, HFSA,   6, 218N,  957W,  32, 1005, XX,  34, NEQ,    0,    0,    0,    0,  -99,  -99, 106,   0,   0,    ,   0,    , 130,   6,           ,  ,  0,    ,    0,    0,    0,    0, THERMO PARAMS, -16, 661, 4, N, 10, DT, -999, SHR82, -99, 
AL, 09, 2026100618, 03, HFSA,  12, 214N,  954W,  33, 1002, XX,  34, NEQ,    0,    0,    0,    0, 1006,   27,  36,   0,   0,    ,   0,    , 128,   1,           ,  ,  0,    ,    0,    0,    0,    0, THERMO PARAMS, 4, 742, 204, N, 10, DT, -999, SHR82, -99, 
AL, 09, 2026100618, 03, HFSA,  18, 216N,  950W,  35, 1000, XX,  34, NEQ,    0,    0,    0,    0, 1004,   13, 152,   0,   0,    ,   0,    , 128,   1,           ,  ,  0,    ,    0,    0,    0,    0, THERMO PARAMS, 37, 612, 80, N, 10, DT, -999, SHR82, -99, 
AL, 09, 2026100618, 03, HFSA,  24, 218N,  943W,  39, 1000, XX,  34, NEQ,    0,    0,    0,    0, 1004,   22,  67,   0,   0,    ,   0,    ,  71,   4,           ,  ,  0,    ,    0,    0,    0,    0, THERMO PARAMS, 93, 313, 303, N, 10, DT, -999, SHR82, -99, 
AL, 09, 2026100618, 03, HFSA,  30, 219N,  937W,  38,  994, XX,  34, NEQ,   42,    0,    0,    0, 1006,  114,  39,   0,   0,    ,   0,    ,  93,   3,           ,  ,  0,    ,    0,    0,    0,    0, THERMO PARAMS, 124, 893, 540, N, 10, DT, -999, SHR82, -99, 
AL, 09, 2026100618, 03, HFSA,  36, 218N,  935W,  54,  994, XX,  34, NEQ,   40,    0,   29,   37,  998,    6,  15,   0,   0,    ,   0,    , 139,   2,           ,  ,  0,    ,    0,    0,    0,    0, THERMO PARAMS, 57, 968, 215, N, 10, DT, -999, SHR82, -99, 
AL, 09, 2026100618, 03, HFSA,  36, 218N,  935W,  54,  994, XX,  50, NEQ,    0,    0,   18,    0,  998,    6,  15,   0,   0,    ,   0,    , 139,   2,           ,  ,  0,    ,    0,    0,    0,    0, THERMO PARAMS, 57, 968, 215, N, 10, DT, -999, SHR82, -99, 
AL, 09, 2026100618, 03, HFSA,  42, 215N,  927W,  41,  995, XX,  34, NEQ,   62,    0,    0,   58, 1003,   41,  46,   0,   0,    ,   0,    , 104,   5,           ,  ,  0,    ,    0,    0,    0,    0, THERMO PARAMS, 111, 269, 430, N, 10, DT, -999, SHR82, -99, 
AL, 09, 2026100618, 03, HFSA,  48, 218N,  921W,  50,  992, XX,  34, NEQ,   52,   70,    0,   32,  996,    8,  14,   0,   0,    ,   0,    ,  46,   6,           ,  ,  0,    ,    0,    0,    0,    0, THERMO PARAMS, 87, 487, 680, N, 10, DT, -999, SHR82, -99, 
AL, 09, 2026100618, 03, HFSA,  54, 221N,  919W,  50,  990, XX,  34, NEQ,   66,   65,   47,   66,  994,   11, 140,   0,   0,    ,   0,    ,  77,   1,           ,  ,  0,    ,    0,    0,    0,    0, THERMO PARAMS, 116, 1734, 154, N, 10, DT, -999, SHR82, -99, 
AL, 09, 2026100618, 03, HFSA,  60, 223N,  917W,  51,  990, XX,  34, NEQ,   83,   79,   57,   86,  994,   12,  42,   0,   0,    ,   0,    ,  18,   2,           ,  ,  0,    ,    0,    0,    0,    0, THERMO PARAMS, 66, 702, 347, N, 10, DT, -999, SHR82, -99, 
AL, 09, 2026100618, 03, HFSA,  66, 227N,  917W,  63,  989, XX,  34, NEQ,  138,   83,   45,   92,  993,   15,  28,   0,   0,    ,   0,    , 345,   5,           ,  ,  0,    ,    0,    0,    0,    0, THERMO PARAMS, -69, 741, 812, N, 10, DT, -999, SHR82, -99, 
AL, 09, 2026100618, 03, HFSA,  66, 227N,  917W,  63,  989, XX,  50, NEQ,   55,   42,    0,   21,  993,   15,  28,   0,   0,    ,   0,    , 345,   5,           ,  ,  0,    ,    0,    0,    0,    0, THERMO PARAMS, -69, 741, 812, N, 10, DT, -999, SHR82, -99, 
AL, 09, 2026100618, 03, HFSA,  72, 230N,  917W,  63,  990, XX,  34, NEQ,  136,   96,   40,   94,  994,   11,  80,   0,   0,    ,   0,    ,   3,   5,           ,  ,  0,    ,    0,    0,    0,    0, THERMO PARAMS, -17, 1260, 101, N, 10, DT, -999, SHR82, -99, 
AL, 09, 2026100618, 03, HFSA,  72, 230N,  917W,  63,  990, XX,  50, NEQ,   70,    0,    0,    0,  994,   11,  80,   0,   0,    ,   0,    ,   3,   5,           ,  ,  0,    ,    0,    0,    0,    0, THERMO PARAMS, -17, 1260, 101, N, 10, DT, -999, SHR82, -99, 
AL, 09, 2026100618, 03, HFSA,  78, 239N,  913W,  82,  981, XX,  34, NEQ,  115,   87,   32,  100,  989,   14,  10,   0,   0,    ,   0,    , 347,   7,           ,  ,  0,    ,    0,    0,    0,    0, THERMO PARAMS, -90, 1663, 1134, N, 10, DT, -999, SHR82, -99, 
AL, 09, 2026100618, 03, HFSA,  78, 239N,  913W,  82,  981, XX,  50, NEQ,   53,   34,   18,   24,  989,   14,  10,   0,   0,    ,   0,    , 347,   7,           ,  ,  0,    ,    0,    0,    0,    0, THERMO PARAMS, -90, 1663, 1134, N, 10, DT, -999, SHR82, -99, 
AL, 09, 2026100618, 03, HFSA,  78, 239N,  913W,  82,  981, XX,  64, NEQ,   19,   19,    0,   18,  989,   14,  10,   0,   0,    ,   0,    , 347,   7,           ,  ,  0,    ,    0,    0,    0,    0, THERMO PARAMS, -90, 1663, 1134, N, 10, DT, -999, SHR82, -99, 
AL, 09, 2026100618, 03, HFSA,  84, 246N,  918W,  57,  990, XX,  34, NEQ,  139,  131,   29,   99,  998,   20,  55,   0,   0,    ,   0,    , 338,   8,           ,  ,  0,    ,    0,    0,    0,    0, THERMO PARAMS, -126, 1182, 439, N, 10, DT, -999, SHR82, -99, 
AL, 09, 2026100618, 03, HFSA,  84, 246N,  918W,  57,  990, XX,  50, NEQ,   79,    0,    0,    0,  998,   20,  55,   0,   0,    ,   0,    , 338,   8,           ,  ,  0,    ,    0,    0,    0,    0, THERMO PARAMS, -126, 1182, 439, N, 10, DT, -999, SHR82, -99, 
AL, 09, 2026100618, 03, HFSA,  90, 260N,  913W,  77,  977, XX,  34, NEQ,  131,  126,   32,   89,  993,   22,   9,   0,   0,    ,   0,    ,   1,  14,           ,  ,  0,    ,    0,    0,    0,    0, THERMO PARAMS, -12, 2253, 1441, N, 10, DT, -999, SHR82, -99, 
AL, 09, 2026100618, 03, HFSA,  90, 260N,  913W,  77,  977, XX,  50, NEQ,   55,   52,    0,   44,  993,   22,   9,   0,   0,    ,   0,    ,   1,  14,           ,  ,  0,    ,    0,    0,    0,    0, THERMO PARAMS, -12, 2253, 1441, N, 10, DT, -999, SHR82, -99, 
AL, 09, 2026100618, 03, HFSA,  90, 260N,  913W,  77,  977, XX,  64, NEQ,   36,   31,    0,   13,  993,   22,   9,   0,   0,    ,   0,    ,   1,  14,           ,  ,  0,    ,    0,    0,    0,    0, THERMO PARAMS, -12, 2253, 1441, N, 10, DT, -999, SHR82, -99, 
AL, 09, 2026100618, 03, HFSA,  96, 278N,  912W,  81,  984, XX,  34, NEQ,  144,  154,   32,   96,  988,    7,  17,   0,   0,    ,   0,    , 357,  17,           ,  ,  0,    ,    0,    0,    0,    0, THERMO PARAMS, 69, 1769, 888, N, 10, DT, -999, SHR82, -99, 
AL, 09, 2026100618, 03, HFSA,  96, 278N,  912W,  81,  984, XX,  50, NEQ,   65,   40,   23,   58,  988,    7,  17,   0,   0,    ,   0,    , 357,  17,           ,  ,  0,    ,    0,    0,    0,    0, THERMO PARAMS, 69, 1769, 888, N, 10, DT, -999, SHR82, -99, 
AL, 09, 2026100618, 03, HFSA,  96, 278N,  912W,  81,  984, XX,  64, NEQ,    3,   18,   18,   28,  988,    7,  17,   0,   0,    ,   0,    , 357,  17,           ,  ,  0,    ,    0,    0,    0,    0, THERMO PARAMS, 69, 1769, 888, N, 10, DT, -999, SHR82, -99, 
AL, 09, 2026100618, 03, HFSA, 102, 296N,  912W,  49,  991, XX,  34, NEQ,  181,  173,   18,   23, 1003,   39, 112,   0,   0,    ,   0,    , 353,  16,           ,  ,  0,    ,    0,    0,    0,    0, THERMO PARAMS, 124, 1138, 200, N, 10, DT, -999, SHR82, -99, 
AL, 09, 2026100618, 03, HFSA, 108, 310N,  916W,  38, 1000, XX,  34, NEQ,    0,  162,    0,    0, 1004,   34, 159,   0,   0,    ,   0,    , 353,  16,           ,  ,  0,    ,    0,    0,    0,    0, THERMO PARAMS, -9999, -9999, -9999, N, 10, DT, -999, SHR82, -99, 
AL, 09, 2026100618, 03, HFSA, 114, 330N,  913W,  25, 1003, XX,  34, NEQ,    0,    0,    0,    0, 1007,   73, 127,   0,   0,    ,   0,    ,  19,  19,           ,  ,  0,    ,    0,    0,    0,    0, THERMO PARAMS, -9999, -9999, -9999, N, 10, DT, -999, SHR82, -99, 
AL, 09, 2026100618, 03, HFSA, 120, 347N,  909W,  23, 1005, XX,  34, NEQ,    0,    0,    0,    0, 1009,   90, 140,   0,   0,    ,   0,    ,  24,  20,           ,  ,  0,    ,    0,    0,    0,    0, THERMO PARAMS, -9999, -9999, -9999, N, 10, DT, -999, SHR82, -99, 
AL, 09, 2026100618, 03, HFSA, 126, 362N,  900W,  21, 1005, XX,  34, NEQ,    0,    0,    0,    0, 1009,   77, 156,   0,   0,    ,   0,    , -99, -99,           ,  ,  0,    ,    0,    0,    0,    0, THERMO PARAMS, 182, -229, -238, N, 10, DT, -999, SHR82, -99, 
AL, 09, 2026100618, 03, TVCN,   0, 221N,  958W,   0,    0,   ,   0,    ,    0,    0,    0,    0, 
AL, 09, 2026100618, 03, TVCN,  12, 221N,  951W,   0,    0,   ,   0,    ,    0,    0,    0,    0, 
AL, 09, 2026100618, 03, TVCN,  24, 223N,  940W,   0,    0,   ,   0,    ,    0,    0,    0,    0, 
AL, 09, 2026100618, 03, TVCN,  36, 227N,  928W,   0,    0,   ,   0,    ,    0,    0,    0,    0, 
AL, 09, 2026100618, 03, TVCN,  48, 233N,  916W,   0,    0,   ,   0,    ,    0,    0,    0,    0, 
AL, 09, 2026100618, 03, TVCN,  60, 242N,  907W,   0,    0,   ,   0,    ,    0,    0,    0,    0, 
AL, 09, 2026100618, 03, TVCN,  72, 257N,  900W,   0,    0,   ,   0,    ,    0,    0,    0,    0, 
AL, 09, 2026100618, 03, TVCN,  84, 277N,  898W,   0,    0,   ,   0,    ,    0,    0,    0,    0, 
AL, 09, 2026100618, 03, TVCN,  96, 303N,  900W,   0,    0,   ,   0,    ,    0,    0,    0,    0, 
AL, 09, 2026100618, 03, TVCN, 108, 330N,  897W,   0,    0,   ,   0,    ,    0,    0,    0,    0, 
AL, 09, 2026100618, 03, TVCN, 120, 355N,  878W,   0,    0,   ,   0,    ,    0,    0,    0,    0, 
AL, 09, 2026100618, 03, TVCN, 132, 386N,  850W,   0,    0,   ,   0,    ,    0,    0,    0,    0, 
AL, 09, 2026100618, 03, TVCN, 144, 383N,  819W,   0,    0,   ,   0,    ,    0,    0,    0,    0, 
AL, 09, 2026100618, 03, TVCN, 156, 393N,  780W,   0,    0,   ,   0,    ,    0,    0,    0,    0, 
AL, 09, 2026100700, 03,  UKX,   0, 217N,  952W,  28, 1008, XX,  34, NEQ,    0,    0,    0,    0, 
AL, 09, 2026100700, 03,  UKX,   6, 219N,  945W,  27, 1006, XX,  34, NEQ,    0,    0,    0,    0, 
AL, 09, 2026100700, 03,  UKX,  12, 224N,  939W,  27, 1006, XX,  34, NEQ,    0,    0,    0,    0, 
AL, 09, 2026100700, 03,  UKX,  18, 226N,  934W,  27, 1002, XX,  34, NEQ,    0,    0,    0,    0, 
AL, 09, 2026100700, 03,  UKX,  24, 228N,  928W,  31, 1003, XX,  34, NEQ,    0,    0,    0,    0, 
AL, 09, 2026100700, 03,  UKX,  30, 228N,  924W,  36, 1000, XX,  34, NEQ,   68,    0,    0,   42, 
AL, 09, 2026100700, 03,  UKX,  36, 228N,  917W,  34, 1001, XX,  34, NEQ,    0,    0,    0,   53, 
AL, 09, 2026100700, 03,  UKX,  42, 231N,  909W,  35,  998, XX,  34, NEQ,    0,   66,    0,    0, 
AL, 09, 2026100700, 03,  UKX,  48, 234N,  901W,  37,  998, XX,  34, NEQ,    0,   65,    0,    0, 
AL, 09, 2026100700, 03,  UKX,  54, 241N,  893W,  40,  997, XX,  34, NEQ,    0,  108,    0,    0, 
AL, 09, 2026100700, 03,  UKX,  60, 255N,  885W,  46,  994, XX,  34, NEQ,   96,  122,    0,   85, 
AL, 09, 2026100700, 03,  UKX,  66, 268N,  882W,  51,  992, XX,  34, NEQ,  204,  144,   68,  194, 
AL, 09, 2026100700, 03,  UKX,  66, 268N,  882W,  51,  992, XX,  50, NEQ,    0,   31,    0,    0, 
AL, 09, 2026100700, 03,  UKX,  72, 280N,  880W,  58,  991, XX,  34, NEQ,  173,  135,   86,  144, 
AL, 09, 2026100700, 03,  UKX,  72, 280N,  880W,  58,  991, XX,  50, NEQ,   45,   42,    0,   47, 
AL, 09, 2026100700, 03,  UKX,  78, 294N,  881W,  49,  994, XX,  34, NEQ,  127,  125,   61,   70, 
AL, 09, 2026100700, 03,  UKX,  84, 313N,  881W,  34,  999, XX,  34, NEQ,    0,    0,    0,    0, 
AL, 09, 2026100700, 03,  UKX,  90, 331N,  888W,  19, 1003, XX,  34, NEQ,    0,    0,    0,    0, 
AL, 09, 2026100700, 03,  UKX,  96, 339N,  893W,  20, 1003, XX,  34, NEQ,    0,    0,    0,    0, 
AL, 09, 2026100700, 03,  UKX, 102, 346N,  891W,  12, 1006, XX,  34, NEQ,    0,    0,    0,    0, 
AL, 09, 2026100700, 03,  UKX, 108, 355N,  876W,  10, 1010, XX,  34, NEQ,    0,    0,    0,    0, 
AL, 09, 2026100700, 03,  UKX, 114, 370N,  858W,  13, 1010, XX,  34, NEQ,    0,    0,    0,    0, 
AL, 09, 2026100700, 03,  UKX, 120, 393N,  835W,   9, 1009, XX,  34, NEQ,    0,    0,    0,    0, 
AL, 09, 2026100700, 03,  UKX, 126, 406N,  798W,  10, 1008, XX,  34, NEQ,    0,    0,    0,    0, 
AL, 09, 2026100700, 03,  UKX, 132, 405N,  758W,  17, 1006, XX,  34, NEQ,    0,    0,    0,    0, 
AL, 09, 2026100700, 03,  UKX, 138, 396N,  731W,  27, 1002, XX,  34, NEQ,  650,  350,    0,    0, 
AL, 09, 2026100700, 03,  UKX, 144, 395N,  698W,  26, 1002, XX,  34, NEQ,    0,    0,    0,    0, 
AL, 09, 2026100700, 03, AVNO,   0, 214N,  954W,  33, 1005, XX,  34, NEQ,    0,    0,    0,    0,  -99,  -99,  54,   0,   0, 
AL, 09, 2026100700, 03, AVNO,   6, 218N,  945W,  27, 1005, XX,  34, NEQ,    0,    0,    0,    0, 1009,  123, 118,   0,   0, 
AL, 09, 2026100700, 03, AVNO,  12, 223N,  941W,  36,  998, XX,  34, NEQ,    0,    0,   29,    0, 1006,   47,  25,   0,   0, 
AL, 09, 2026100700, 03, AVNO,  18, 222N,  936W,  43,  997, XX,  34, NEQ,    0,    0,   41,   43, 1005,   41,  28,   0,   0, 
AL, 09, 2026100700, 03, AVNO,  24, 222N,  928W,  40,  992, XX,  34, NEQ,   62,   41,   58,   67, 1004,   63,  20,   0,   0, 
AL, 09, 2026100700, 03, AVNO,  30, 223N,  921W,  50,  989, XX,  34, NEQ,   72,   48,   54,   63, 1009,  244,  36,   0,   0, 
AL, 09, 2026100700, 03, AVNO,  36, 226N,  914W,  61,  980, XX,  34, NEQ,   51,   56,   65,   71, 1008,  160,  21,   0,   0, 
AL, 09, 2026100700, 03, AVNO,  36, 226N,  914W,  61,  980, XX,  50, NEQ,   28,   24,   34,   34, 1008,  160,  21,   0,   0, 
AL, 09, 2026100700, 03, AVNO,  42, 231N,  907W,  64,  978, XX,  34, NEQ,   65,   74,   77,   83, 1006,   98,  24,   0,   0, 
AL, 09, 2026100700, 03, AVNO,  42, 231N,  907W,  64,  978, XX,  50, NEQ,   39,   42,   38,   34, 1006,   98,  24,   0,   0, 
AL, 09, 2026100700, 03, AVNO,  48, 237N,  900W,  68,  969, XX,  34, NEQ,   68,   79,   58,   99, 1005,  108,  20,   0,   0, 
AL, 09, 2026100700, 03, AVNO,  48, 237N,  900W,  68,  969, XX,  50, NEQ,   34,   41,   35,   34, 1005,  108,  20,   0,   0, 
AL, 09, 2026100700, 03, AVNO,  48, 237N,  900W,  68,  969, XX,  64, NEQ,    0,    0,   23,   28, 1005,  108,  20,   0,   0, 
AL, 09, 2026100700, 03, AVNO,  54, 245N,  893W,  75,  969, XX,  34, NEQ,   88,   96,   49,   67, 1009,  222,  18,   0,   0, 
AL, 09, 2026100700, 03, AVNO,  54, 245N,  893W,  75,  969, XX,  50, NEQ,   45,   50,   35,   34, 1009,  222,  18,   0,   0, 
AL, 09, 2026100700, 03, AVNO,  54, 245N,  893W,  75,  969, XX,  64, NEQ,   31,   35,    0,   28, 1009,  222,  18,   0,   0, 
AL, 09, 2026100700, 03, AVNO,  60, 257N,  888W,  78,  964, XX,  34, NEQ,  230,  110,   60,  197,  984,   27,  14,   0,   0, 
AL, 09, 2026100700, 03, AVNO,  60, 257N,  888W,  78,  964, XX,  50, NEQ,   45,   50,   39,   37,  984,   27,  14,   0,   0, 
AL, 09, 2026100700, 03, AVNO,  60, 257N,  888W,  78,  964, XX,  64, NEQ,   30,   34,    0,   28,  984,   27,  14,   0,   0, 
AL, 09, 2026100700, 03, AVNO,  66, 272N,  884W,  78,  966, XX,  34, NEQ,  132,  126,   59,  139,  986,   30,  18,   0,   0, 
AL, 09, 2026100700, 03, AVNO,  66, 272N,  884W,  78,  966, XX,  50, NEQ,   51,   51,   35,   47,  986,   30,  18,   0,   0, 
AL, 09, 2026100700, 03, AVNO,  66, 272N,  884W,  78,  966, XX,  64, NEQ,   30,   36,    0,   28,  986,   30,  18,   0,   0, 
AL, 09, 2026100700, 03, AVNO,  72, 289N,  879W,  76,  972, XX,  34, NEQ,  130,  122,   85,   98, 1008,  260,  22,   0,   0, 
AL, 09, 2026100700, 03, AVNO,  72, 289N,  879W,  76,  972, XX,  50, NEQ,   61,   61,   46,   54, 1008,  260,  22,   0,   0, 
AL, 09, 2026100700, 03, AVNO,  72, 289N,  879W,  76,  972, XX,  64, NEQ,   35,   48,   31,   31, 1008,  260,  22,   0,   0, 
AL, 09, 2026100700, 03, AVNO,  78, 309N,  876W,  47,  983, XX,  34, NEQ,   87,  128,   61,    0, 1007,   88,  41,   0,   0, 
AL, 09, 2026100700, 03, AVNO,  84, 333N,  875W,  35, 1001, XX,  34, NEQ,   95,    0,    0,    0, 1009,   66,  94,   0,   0, 
AL, 09, 2026100700, 03, AVNO,  90, 353N,  886W,  23, 1005, XX,  34, NEQ,    0,    0,    0,    0, 1009,   32, 115,   0,   0, 
AL, 09, 2026100700, 03, AVNO,  96, 367N,  889W,  18, 1006, XX,  34, NEQ,    0,    0,    0,    0, 1010,   49, 139,   0,   0, 
AL, 09, 2026100700, 03, AVNO, 102, 377N,  886W,  13, 1008, XX,  34, NEQ,    0,    0,    0,    0, 1012,   92,  26,   0,   0, 
AL, 09, 2026100700, 03, AVNO, 108, 380N,  871W,  12, 1010, XX,  34, NEQ,    0,    0,    0,    0,  -99,  -99,  36,   0,   0, 
AL, 09, 2026100700, 03, AVNO, 114, 378N,  849W,  17, 1011, XX,  34, NEQ,    0,    0,    0,    0,  -99,  -99, 129,   0,   0, 
AL, 09, 2026100700, 03, HCCA,   0, 219N,  954W,  30,    0,   ,   0,    ,    0,    0,    0,    0, 
AL, 09, 2026100700, 03, HCCA,  12, 220N,  943W,  39,    0,   ,   0,    ,    0,    0,    0,    0, 
AL, 09, 2026100700, 03, HCCA,  24, 223N,  927W,  52,    0,   ,   0,    ,    0,    0,    0,    0, 
AL, 09, 2026100700, 03, HCCA,  36, 229N,  911W,  68,    0,   ,   0,    ,    0,    0,    0,    0, 
AL, 09, 2026100700, 03, HCCA,  48, 240N,  896W,  78,    0,   ,   0,    ,    0,    0,    0,    0, 
AL, 09, 2026100700, 03, HCCA,  60, 255N,  885W,  83,    0,   ,   0,    ,    0,    0,    0,    0, 
AL, 09, 2026100700, 03, HCCA,  72, 278N,  881W,  73,    0,   ,   0,    ,    0,    0,    0,    0, 
AL, 09, 2026100700, 03, HCCA,  84, 307N,  885W,  46,    0,   ,   0,    ,    0,    0,    0,    0, 
AL, 09, 2026100700, 03, HCCA,  96, 336N,  887W,  34,    0,   ,   0,    ,    0,    0,    0,    0, 
AL, 09, 2026100700, 03, HCCA, 108, 377N,  873W,  29,    0,   ,   0,    ,    0,    0,    0,    0, 
AL, 09, 2026100700, 03, HCCA, 120, 407N,  851W,  28,    0,   ,   0,    ,    0,    0,    0,    0, 
AL, 09, 2026100700, 03, HCCA, 132, 419N,  808W,  35,    0,   ,   0,    ,    0,    0,    0,    0, 
AL, 09, 2026100700, 03, HCCA, 144, 420N,  751W,   0,    0,   ,   0,    ,    0,    0,    0,    0, 
AL, 09, 2026100700, 03, HCCA, 156, 423N,  699W,   0,    0,   ,   0,    ,    0,    0,    0,    0, 
AL, 09, 2026100700, 03, HCCA, 168, 430N,  655W,   0,    0,   ,   0,    ,    0,    0,    0,    0, 
AL, 09, 2026100700, 03, HFSA,   0, 219N,  953W,  29, 1005, XX,  34, NEQ,    0,    0,    0,    0,  -99,  -99, 109,   0,   0,    ,   0,    ,  95,   2,           ,  ,  0,    ,    0,    0,    0,    0, THERMO PARAMS, 85, -125, -652, N, 10, DT, -999, SHR82, -99, 
AL, 09, 2026100700, 03, HFSA,   6, 218N,  952W,  42,  997, XX,  34, NEQ,    0,    0,   28,    0, 1001,    6,  87,   0,   0,    ,   0,    ,  98,   2,           ,  ,  0,    ,    0,    0,    0,    0, THERMO PARAMS, 10, 402, 69, N, 10, DT, -999, SHR82, -99, 
AL, 09, 2026100700, 03, HFSA,  12, 222N,  946W,  52,  991, XX,  34, NEQ,   10,   19,   16,   16, 1003,   24,   5,   0,   0,    ,   0,    ,  77,   4,           ,  ,  0,    ,    0,    0,    0,    0, THERMO PARAMS, 47, 1374, 162, N, 10, DT, -999, SHR82, -99, 
AL, 09, 2026100700, 03, HFSA,  12, 222N,  946W,  52,  991, XX,  50, NEQ,    0,    0,    5,    5, 1003,   24,   5,   0,   0,    ,   0,    ,  77,   4,           ,  ,  0,    ,    0,    0,    0,    0, THERMO PARAMS, 47, 1374, 162, N, 10, DT, -999, SHR82, -99, 
AL, 09, 2026100700, 03, HFSA,  18, 222N,  942W,  47,  988, XX,  34, NEQ,   55,   19,   18,   39, 1004,   56,  21,   0,   0,    ,   0,    ,  87,   1,           ,  ,  0,    ,    0,    0,    0,    0, THERMO PARAMS, 47, 2259, 426, N, 10, DT, -999, SHR82, -99, 
AL, 09, 2026100700, 03, HFSA,  24, 222N,  934W,  56,  981, XX,  34, NEQ,   37,   58,   36,   58,  997,   21,  13,   0,   0,    ,   0,    ,  87,   6,           ,  ,  0,    ,    0,    0,    0,    0, THERMO PARAMS, 116, 1689, 886, N, 10, DT, -999, SHR82, -99, 
AL, 09, 2026100700, 03, HFSA,  24, 222N,  934W,  56,  981, XX,  50, NEQ,    0,   13,   16,   16,  997,   21,  13,   0,   0,    ,   0,    ,  87,   6,           ,  ,  0,    ,    0,    0,    0,    0, THERMO PARAMS, 116, 1689, 886, N, 10, DT, -999, SHR82, -99, 
AL, 09, 2026100700, 03, HFSA,  30, 226N,  927W,  84,  973, XX,  34, NEQ,   94,   94,   52,   96,  997,   30,  12,   0,   0,    ,   0,    ,  65,   3,           ,  ,  0,    ,    0,    0,    0,    0, THERMO PARAMS, 107, 2814, 1355, N, 10, DT, -999, SHR82, -99, 
AL, 09, 2026100700, 03, HFSA,  30, 226N,  927W,  84,  973, XX,  50, NEQ,   29,   19,   34,   47,  997,   30,  12,   0,   0,    ,   0,    ,  65,   3,           ,  ,  0,    ,    0,    0,    0,    0, THERMO PARAMS, 107, 2814, 1355, N, 10, DT, -999, SHR82, -99, 
AL, 09, 2026100700, 03, HFSA,  30, 226N,  927W,  84,  973, XX,  64, NEQ,    0,    0,   16,   21,  997,   30,  12,   0,   0,    ,   0,    ,  65,   3,           ,  ,  0,    ,    0,    0,    0,    0, THERMO PARAMS, 107, 2814, 1355, N, 10, DT, -999, SHR82, -99, 
AL, 09, 2026100700, 03, HFSA,  36, 227N,  921W,  88,  968, XX,  34, NEQ,  128,  107,   79,  108,  996,   35,  11,   0,   0,    ,   0,    ,  71,   4,           ,  ,  0,    ,    0,    0,    0,    0, THERMO PARAMS, 92, 1829, 2059, N, 10, DT, -999, SHR82, -99, 
AL, 09, 2026100700, 03, HFSA,  36, 227N,  921W,  88,  968, XX,  50, NEQ,   32,   24,   49,   55,  996,   35,  11,   0,   0,    ,   0,    ,  71,   4,           ,  ,  0,    ,    0,    0,    0,    0, THERMO PARAMS, 92, 1829, 2059, N, 10, DT, -999, SHR82, -99, 
AL, 09, 2026100700, 03, HFSA,  36, 227N,  921W,  88,  968, XX,  64, NEQ,   15,   16,   18,   19,  996,   35,  11,   0,   0,    ,   0,    ,  71,   4,           ,  ,  0,    ,    0,    0,    0,    0, THERMO PARAMS, 92, 1829, 2059, N, 10, DT, -999, SHR82, -99, 
AL, 09, 2026100700, 03, HFSA,  42, 231N,  915W,  74,  969, XX,  34, NEQ,  117,  105,   89,  102, 1001,   69,  13,   0,   0,    ,   0,    ,  48,   6,           ,  ,  0,    ,    0,    0,    0,    0, THERMO PARAMS, 79, 1852, 1951, N, 10, DT, -999, SHR82, -99, 
AL, 09, 2026100700, 03, HFSA,  42, 231N,  915W,  74,  969, XX,  50, NEQ,   47,   40,   29,   40, 1001,   69,  13,   0,   0,    ,   0,    ,  48,   6,           ,  ,  0,    ,    0,    0,    0,    0, THERMO PARAMS, 79, 1852, 1951, N, 10, DT, -999, SHR82, -99, 
AL, 09, 2026100700, 03, HFSA,  42, 231N,  915W,  74,  969, XX,  64, NEQ,   19,   24,   16,   15, 1001,   69,  13,   0,   0,    ,   0,    ,  48,   6,           ,  ,  0,    ,    0,    0,    0,    0, THERMO PARAMS, 79, 1852, 1951, N, 10, DT, -999, SHR82, -99, 
AL, 09, 2026100700, 03, HFSA,  48, 238N,  907W,  83,  964, XX,  34, NEQ,  180,  108,   79,  149, 1000,   77,  17,   0,   0,    ,   0,    ,  40,   8,           ,  ,  0,    ,    0,    0,    0,    0, THERMO PARAMS, 87, 2273, 2091, N, 10, DT, -999, SHR82, -99, 
AL, 09, 2026100700, 03, HFSA,  48, 238N,  907W,  83,  964, XX,  50, NEQ,   55,   60,   36,   40, 1000,   77,  17,   0,   0,    ,   0,    ,  40,   8,           ,  ,  0,    ,    0,    0,    0,    0, THERMO PARAMS, 87, 2273, 2091, N, 10, DT, -999, SHR82, -99, 
AL, 09, 2026100700, 03, HFSA,  48, 238N,  907W,  83,  964, XX,  64, NEQ,   28,   32,   28,   24, 1000,   77,  17,   0,   0,    ,   0,    ,  40,   8,           ,  ,  0,    ,    0,    0,    0,    0, THERMO PARAMS, 87, 2273, 2091, N, 10, DT, -999, SHR82, -99, 
AL, 09, 2026100700, 03, HFSA,  54, 245N,  903W, 100,  958, XX,  34, NEQ,  321,  128,   84,  210,  998,   66,  17,   0,   0,    ,   0,    ,  18,   8,           ,  ,  0,    ,    0,    0,    0,    0, THERMO PARAMS, 65, 1796, 2197, N, 10, DT, -999, SHR82, -99, 
AL, 09, 2026100700, 03, HFSA,  54, 245N,  903W, 100,  958, XX,  50, NEQ,   68,   66,   49,   57,  998,   66,  17,   0,   0,    ,   0,    ,  18,   8,           ,  ,  0,    ,    0,    0,    0,    0, THERMO PARAMS, 65, 1796, 2197, N, 10, DT, -999, SHR82, -99, 
AL, 09, 2026100700, 03, HFSA,  54, 245N,  903W, 100,  958, XX,  64, NEQ,   42,   42,   31,   39,  998,   66,  17,   0,   0,    ,   0,    ,  18,   8,           ,  ,  0,    ,    0,    0,    0,    0, THERMO PARAMS, 65, 1796, 2197, N, 10, DT, -999, SHR82, -99, 
AL, 09, 2026100700, 03, HFSA,  60, 256N,  897W, 117,  950, XX,  34, NEQ,  301,  175,   96,  217,  994,   54,  15,   0,   0,    ,   0,    ,  13,  11,           ,  ,  0,    ,    0,    0,    0,    0, THERMO PARAMS, 124, 2680, 2724, N, 10, DT, -999, SHR82, -99, 
AL, 09, 2026100700, 03, HFSA,  60, 256N,  897W, 117,  950, XX,  50, NEQ,   68,   76,   55,   81,  994,   54,  15,   0,   0,    ,   0,    ,  13,  11,           ,  ,  0,    ,    0,    0,    0,    0, THERMO PARAMS, 124, 2680, 2724, N, 10, DT, -999, SHR82, -99, 
AL, 09, 2026100700, 03, HFSA,  60, 256N,  897W, 117,  950, XX,  64, NEQ,   42,   49,   36,   37,  994,   54,  15,   0,   0,    ,   0,    ,  13,  11,           ,  ,  0,    ,    0,    0,    0,    0, THERMO PARAMS, 124, 2680, 2724, N, 10, DT, -999, SHR82, -99, 
AL, 09, 2026100700, 03, HFSA,  66, 270N,  891W, 128,  942, XX,  34, NEQ,  207,  168,  117,  206,  994,   53,  11,   0,   0,    ,   0,    ,   9,  15,           ,  ,  0,    ,    0,    0,    0,    0, THERMO PARAMS, 196, 2795, 2865, N, 10, DT, -999, SHR82, -99, 
AL, 09, 2026100700, 03, HFSA,  66, 270N,  891W, 128,  942, XX,  50, NEQ,   78,   70,   60,   79,  994,   53,  11,   0,   0,    ,   0,    ,   9,  15,           ,  ,  0,    ,    0,    0,    0,    0, THERMO PARAMS, 196, 2795, 2865, N, 10, DT, -999, SHR82, -99, 
AL, 09, 2026100700, 03, HFSA,  66, 270N,  891W, 128,  942, XX,  64, NEQ,   45,   50,   32,   40,  994,   53,  11,   0,   0,    ,   0,    ,   9,  15,           ,  ,  0,    ,    0,    0,    0,    0, THERMO PARAMS, 196, 2795, 2865, N, 10, DT, -999, SHR82, -99, 
AL, 09, 2026100700, 03, HFSA,  72, 288N,  884W, 130,  940, XX,  34, NEQ,  172,  168,  136,  134,  944,    5,  12,   0,   0,    ,   0,    ,   4,  16,           ,  ,  0,    ,    0,    0,    0,    0, THERMO PARAMS, 238, 4095, 2719, N, 10, DT, -999, SHR82, -99, 
AL, 09, 2026100700, 03, HFSA,  72, 288N,  884W, 130,  940, XX,  50, NEQ,   92,   81,   57,   87,  944,    5,  12,   0,   0,    ,   0,    ,   4,  16,           ,  ,  0,    ,    0,    0,    0,    0, THERMO PARAMS, 238, 4095, 2719, N, 10, DT, -999, SHR82, -99, 
AL, 09, 2026100700, 03, HFSA,  72, 288N,  884W, 130,  940, XX,  64, NEQ,   71,   58,   49,   55,  944,    5,  12,   0,   0,    ,   0,    ,   4,  16,           ,  ,  0,    ,    0,    0,    0,    0, THERMO PARAMS, 238, 4095, 2719, N, 10, DT, -999, SHR82, -99, 
AL, 09, 2026100700, 03, HFSA,  78, 310N,  884W,  65,  972, XX,  34, NEQ,   73,  212,    0,   47,  984,   13,   7,   0,   0,    ,   0,    , 343,  22,           ,  ,  0,    ,    0,    0,    0,    0, THERMO PARAMS, 224, 1942, 1801, N, 10, DT, -999, SHR82, -99, 
AL, 09, 2026100700, 03, HFSA,  78, 310N,  884W,  65,  972, XX,  50, NEQ,   18,    8,    0,    0,  984,   13,   7,   0,   0,    ,   0,    , 343,  22,           ,  ,  0,    ,    0,    0,    0,    0, THERMO PARAMS, 224, 1942, 1801, N, 10, DT, -999, SHR82, -99, 
AL, 09, 2026100700, 03, HFSA,  84, 329N,  895W,  40,  997, XX,  34, NEQ,    0,    0,    0,   99, 1001,   30,  82,   0,   0,    ,   0,    , 327,  17,           ,  ,  0,    ,    0,    0,    0,    0, THERMO PARAMS, 210, 572, -546, N, 10, DT, -999, SHR82, -99, 
AL, 09, 2026100700, 03, HFSA,  90, 344N,  903W,  34, 1000, XX,  34, NEQ,    0,    0,    0,    0, 1004,   67, 110,   0,   0,    ,   0,    , 344,  13,           ,  ,  0,    ,    0,    0,    0,    0, THERMO PARAMS, 378, -478, -358, N, 10, DT, -999, SHR82, -99, 
AL, 09, 2026100700, 03, HFSA,  96, 352N,  905W,  24, 1001, XX,  34, NEQ,    0,    0,    0,    0, 1005,   74, 112,   0,   0,    ,   0,    ,  26,   8,           ,  ,  0,    ,    0,    0,    0,    0, THERMO PARAMS, 225, -766, -608, N, 10, DT, -999, SHR82, -99, 
AL, 09, 2026100700, 03, HFSA, 102, 356N,  895W,  19, 1003, XX,  34, NEQ,    0,    0,    0,    0, 1007,  118,  71,   0,   0,    ,   0,    ,  62,  14,           ,  ,  0,    ,    0,    0,    0,    0, THERMO PARAMS, 67, -825, -1107, N, 10, DT, -999, SHR82, -99, 
AL, 09, 2026100700, 03, HFSA, 108, 369N,  875W,  20, 1005, XX,  34, NEQ,    0,    0,    0,    0,  -99,  -99, 158,   0,   0,    ,   0,    ,  72,  20,           ,  ,  0,    ,    0,    0,    0,    0, THERMO PARAMS, 70, -1028, -1308, N, 10, DT, -999, SHR82, -99, 
AL, 09, 2026100700, 03, HFSA, 114, 384N,  843W,  23, 1005, XX,  34, NEQ,    0,    0,    0,    0,  -99,  -99, 159,   0,   0,    ,   0,    ,  73,  26,           ,  ,  0,    ,    0,    0,    0,    0, THERMO PARAMS, -9999, -9999, -9999, N, 10, DT, -999, SHR82, -99, 
AL, 09, 2026100700, 03, HFSA, 120, 401N,  793W,  38, 1002, XX,  34, NEQ,    0,  155,    0,    0,  -99,  -99, 150,   0,   0,    ,   0,    ,  79,  35,           ,  ,  0,    ,    0,    0,    0,    0, THERMO PARAMS, 92, -1342, -1880, N, 10, DT, -999, SHR82, -99, 
AL, 09, 2026100700, 03, HFSA, 126, 410N,  754W,  44,  997, XX,  34, NEQ,    0,  201,    0,    0, 1001,   83, 142,   0,   0,    ,   0,    , -99, -99,           ,  ,  0,    ,    0,    0,    0,    0, THERMO PARAMS, 181, -1033, -1798, N, 10, DT, -999, SHR82, -99, 
AL, 09, 2026100700, 03, TVCN,   0, 219N,  954W,   0,    0,   ,   0,    ,    0,    0,    0,    0, 
AL, 09, 2026100700, 03, TVCN,  12, 219N,  945W,   0,    0,   ,   0,    ,    0,    0,    0,    0, 
AL, 09, 2026100700, 03, TVCN,  24, 221N,  934W,   0,    0,   ,   0,    ,    0,    0,    0,    0, 
AL, 09, 2026100700, 03, TVCN,  36, 224N,  922W,   0,    0,   ,   0,    ,    0,    0,    0,    0, 
AL, 09, 2026100700, 03, TVCN,  48, 230N,  912W,   0,    0,   ,   0,    ,    0,    0,    0,    0, 
AL, 09, 2026100700, 03, TVCN,  60, 240N,  905W,   0,    0,   ,   0,    ,    0,    0,    0,    0, 
AL, 09, 2026100700, 03, TVCN,  72, 256N,  900W,   0,    0,   ,   0,    ,    0,    0,    0,    0, 
AL, 09, 2026100700, 03, TVCN,  84, 280N,  899W,   0,    0,   ,   0,    ,    0,    0,    0,    0, 
AL, 09, 2026100700, 03, TVCN,  96, 312N,  898W,   0,    0,   ,   0,    ,    0,    0,    0,    0, 
AL, 09, 2026100700, 03, TVCN, 108, 344N,  892W,   0,    0,   ,   0,    ,    0,    0,    0,    0, 
AL, 09, 2026100700, 03, TVCN, 120, 366N,  870W,   0,    0,   ,   0,    ,    0,    0,    0,    0, 
AL, 09, 2026100700, 03, TVCN, 132, 389N,  840W,   0,    0,   ,   0,    ,    0,    0,    0,    0, 
AL, 09, 2026100700, 03, TVCN, 144, 406N,  757W,   0,    0,   ,   0,    ,    0,    0,    0,    0, 
AL, 09, 2026100706, 03, AVNO,   0, 219N,  943W,  26, 1002, XX,  34, NEQ,    0,    0,    0,    0, 1006,   49, 135,   0,   0, 
AL, 09, 2026100706, 03, AVNO,   6, 221N,  938W,  39,  998, XX,  34, NEQ,   25,    0,   37,   33, 1006,   53,  34,   0,   0, 
AL, 09, 2026100706, 03, AVNO,  12, 222N,  932W,  38,  997, XX,  34, NEQ,   14,   29,   40,   32, 1005,   42,  24,   0,   0, 
AL, 09, 2026100706, 03, AVNO,  18, 223N,  925W,  44,  991, XX,  34, NEQ,   64,   36,   48,   63, 1007,  109,  34,   0,   0, 
AL, 09, 2026100706, 03, AVNO,  24, 223N,  918W,  58,  986, XX,  34, NEQ,   59,   46,   54,   63, 1006,   97,  17,   0,   0, 
AL, 09, 2026100706, 03, AVNO,  24, 223N,  918W,  58,  986, XX,  50, NEQ,    0,    0,   31,   29, 1006,   97,  17,   0,   0, 
AL, 09, 2026100706, 03, AVNO,  30, 225N,  909W,  64,  982, XX,  34, NEQ,   51,   55,   56,   60, 1010,  268,  25,   0,   0, 
AL, 09, 2026100706, 03, AVNO,  30, 225N,  909W,  64,  982, XX,  50, NEQ,   26,   36,   36,   28, 1010,  268,  25,   0,   0, 
AL, 09, 2026100706, 03, AVNO,  30, 225N,  909W,  64,  982, XX,  64, NEQ,    0,    0,   25,    0, 1010,  268,  25,   0,   0, 
AL, 09, 2026100706, 03, AVNO,  36, 231N,  902W,  64,  979, XX,  34, NEQ,   56,   63,   56,   70, 1007,  106,  23,   0,   0, 
AL, 09, 2026100706, 03, AVNO,  36, 231N,  902W,  64,  979, XX,  50, NEQ,   30,   36,   35,   24, 1007,  106,  23,   0,   0, 
AL, 09, 2026100706, 03, AVNO,  36, 231N,  902W,  64,  979, XX,  64, NEQ,    0,   23,    0,    0, 1007,  106,  23,   0,   0, 
AL, 09, 2026100706, 03, AVNO,  42, 238N,  894W,  60,  978, XX,  34, NEQ,   56,   71,   49,   54, 1006,  112,  22,   0,   0, 
AL, 09, 2026100706, 03, AVNO,  42, 238N,  894W,  60,  978, XX,  50, NEQ,   28,   36,   30,   30, 1006,  112,  22,   0,   0, 
AL, 09, 2026100706, 03, AVNO,  48, 246N,  889W,  64,  978, XX,  34, NEQ,  255,   78,   46,  203, 1006,  116,  22,   0,   0, 
AL, 09, 2026100706, 03, AVNO,  48, 246N,  889W,  64,  978, XX,  50, NEQ,   34,   37,   22,   31, 1006,  116,  22,   0,   0, 
AL, 09, 2026100706, 03, AVNO,  54, 259N,  882W,  66,  973, XX,  34, NEQ,  247,   99,   57,  244, 1009,  252,  18,   0,   0, 
AL, 09, 2026100706, 03, AVNO,  54, 259N,  882W,  66,  973, XX,  50, NEQ,   41,   43,    0,   34, 1009,  252,  18,   0,   0, 
AL, 09, 2026100706, 03, AVNO,  54, 259N,  882W,  66,  973, XX,  64, NEQ,   28,   23,    0,    0, 1009,  252,  18,   0,   0, 
AL, 09, 2026100706, 03, AVNO,  60, 272N,  880W,  67,  975, XX,  34, NEQ,  197,  117,   62,  170, 1007,  145,  20,   0,   0, 
AL, 09, 2026100706, 03, AVNO,  60, 272N,  880W,  67,  975, XX,  50, NEQ,   44,   51,   30,   41, 1007,  145,  20,   0,   0, 
AL, 09, 2026100706, 03, AVNO,  60, 272N,  880W,  67,  975, XX,  64, NEQ,   28,   32,    0,   21, 1007,  145,  20,   0,   0, 
AL, 09, 2026100706, 03, AVNO,  66, 289N,  876W,  66,  982, XX,  34, NEQ,  127,  118,   78,  108, 1006,  114,  18,   0,   0, 
AL, 09, 2026100706, 03, AVNO,  66, 289N,  876W,  66,  982, XX,  50, NEQ,   77,   58,   38,   55, 1006,  114,  18,   0,   0, 
AL, 09, 2026100706, 03, AVNO,  66, 289N,  876W,  66,  982, XX,  64, NEQ,   19,    0,    0,   23, 1006,  114,  18,   0,   0, 
AL, 09, 2026100706, 03, AVNO,  72, 308N,  873W,  53,  992, XX,  34, NEQ,   73,  112,   60,    0, 1008,   88,  42,   0,   0, 
AL, 09, 2026100706, 03, AVNO,  72, 308N,  873W,  53,  992, XX,  50, NEQ,    0,   42,    0,    0, 1008,   88,  42,   0,   0, 
AL, 09, 2026100706, 03, AVNO,  78, 331N,  873W,  32, 1003, XX,  34, NEQ,    0,    0,    0,    0, 1011,  468,  95,   0,   0, 
AL, 09, 2026100706, 03, AVNO,  84, 351N,  881W,  25, 1009, XX,  34, NEQ,    0,    0,    0,    0, 1013,   53,  92,   0,   0, 
AL, 09, 2026100706, 03, AVNO,  90, 365N,  886W,  18, 1009, XX,  34, NEQ,    0,    0,    0,    0, 1013,   55, 108,   0,   0, 
AL, 09, 2026100706, 03, AVNO,  96, 373N,  884W,  11, 1010, XX,  34, NEQ,    0,    0,    0,    0, 1014,  112, 111,   0,   0, 
AL, 09, 2026100706, 03, AVNO, 102, 375N,  870W,  13, 1012, XX,  34, NEQ,    0,    0,    0,    0,  -99,  -99, 158,   0,   0, 
AL, 09, 2026100706, 03, AVNO, 108, 383N,  839W,  15, 1011, XX,  34, NEQ,    0,    0,    0,    0,  -99,  -99, 128,   0,   0, 
AL, 09, 2026100706, 03, AVNO, 114, 393N,  805W,  11, 1010, XX,  34, NEQ,    0,    0,    0,    0,  -99,  -99, 155,   0,   0, 
AL, 09, 2026100706, 03, AVNO, 120, 382N,  768W,  21, 1008, XX,  34, NEQ,    0,    0,    0,    0,  -99,  -99, 157,   0,   0, 
AL, 09, 2026100706, 03, AVNO, 126, 378N,  739W,  26, 1005, XX,  34, NEQ,    0,    0,    0,    0,  -99,  -99, 159,   0,   0, 
AL, 09, 2026100706, 03, AVNO, 132, 377N,  707W,  27, 1003, XX,  34, NEQ,    0,    0,    0,    0,  -99,  -99,  85,   0,   0, 
AL, 09, 2026100706, 03, AVNO, 138, 377N,  673W,  27, 1002, XX,  34, NEQ,    0,    0,    0,    0,  -99,  -99, 161,   0,   0, 
AL, 09, 2026100706, 03, AVNO, 144, 377N,  640W,  27, 1001, XX,  34, NEQ,    0,    0,    0,    0,  -99,  -99, 155,   0,   0, 
AL, 09, 2026100706, 03, HCCA,   0, 218N,  945W,  35,    0,   ,   0,    ,    0,    0,    0,    0, 
AL, 09, 2026100706, 03, HCCA,  12, 222N,  930W,  51,    0,   ,   0,    ,    0,    0,    0,    0, 
AL, 09, 2026100706, 03, HCCA,  24, 228N,  913W,  70,    0,   ,   0,    ,    0,    0,    0,    0, 
AL, 09, 2026100706, 03, HCCA,  36, 238N,  897W,  83,    0,   ,   0,    ,    0,    0,    0,    0, 
AL, 09, 2026100706, 03, HCCA,  48, 255N,  883W,  90,    0,   ,   0,    ,    0,    0,    0,    0, 
AL, 09, 2026100706, 03, HCCA,  60, 280N,  873W,  88,    0,   ,   0,    ,    0,    0,    0,    0, 
AL, 09, 2026100706, 03, HCCA,  72, 309N,  875W,  55,    0,   ,   0,    ,    0,    0,    0,    0, 
AL, 09, 2026100706, 03, HCCA,  84, 346N,  877W,  37,    0,   ,   0,    ,    0,    0,    0,    0, 
AL, 09, 2026100706, 03, HCCA,  96, 383N,  871W,  29,    0,   ,   0,    ,    0,    0,    0,    0, 
AL, 09, 2026100706, 03, HCCA, 108, 410N,  837W,  30,    0,   ,   0,    ,    0,    0,    0,    0, 
AL, 09, 2026100706, 03, HCCA, 120, 426N,  780W,  35,    0,   ,   0,    ,    0,    0,    0,    0, 
AL, 09, 2026100706, 03, HCCA, 132, 423N,  727W,  38,    0,   ,   0,    ,    0,    0,    0,    0, 
AL, 09, 2026100706, 03, HCCA, 144, 419N,  681W,   0,    0,   ,   0,    ,    0,    0,    0,    0, 
AL, 09, 2026100706, 03, HCCA, 156, 424N,  627W,   0,    0,   ,   0,    ,    0,    0,    0,    0, 
AL, 09, 2026100706, 03, HFSA,   0, 217N,  945W,  35, 1003, XX,  34, NEQ,    0,    0,   26,    0, 1007,   59,  23,   0,   0,    ,   0,    , 104,   3,           ,  ,  0,    ,    0,    0,    0,    0, THERMO PARAMS, -4, -71, -63, N, 10, DT, -999, SHR82, -99, 
AL, 09, 2026100706, 03, HFSA,   6, 222N,  941W,  39,  996, XX,  34, NEQ,   11,   15,    0,   18, 1000,    7,  15,   0,   0,    ,   0,    ,  37,   2,           ,  ,  0,    ,    0,    0,    0,    0, THERMO PARAMS, 33, 809, 210, N, 10, DT, -999, SHR82, -99, 
AL, 09, 2026100706, 03, HFSA,  12, 220N,  936W,  38,  999, XX,  34, NEQ,    0,    0,   16,   19, 1003,   14,  55,   0,   0,    ,   0,    , 106,   4,           ,  ,  0,    ,    0,    0,    0,    0, THERMO PARAMS, 52, 520, 147, N, 10, DT, -999, SHR82, -99, 
AL, 09, 2026100706, 03, HFSA,  18, 221N,  928W,  47,  989, XX,  34, NEQ,   40,   44,   31,   36, 1001,   27,   9,   0,   0,    ,   0,    ,  87,   4,           ,  ,  0,    ,    0,    0,    0,    0, THERMO PARAMS, 88, 1429, 215, N, 10, DT, -999, SHR82, -99, 
AL, 09, 2026100706, 03, HFSA,  24, 222N,  921W,  68,  982, XX,  34, NEQ,   58,   78,   42,   74,  998,   22,  13,   0,   0,    ,   0,    ,  78,   4,           ,  ,  0,    ,    0,    0,    0,    0, THERMO PARAMS, 132, 1310, 1016, N, 10, DT, -999, SHR82, -99, 
AL, 09, 2026100706, 03, HFSA,  24, 222N,  921W,  68,  982, XX,  50, NEQ,   37,   15,   23,   26,  998,   22,  13,   0,   0,    ,   0,    ,  78,   4,           ,  ,  0,    ,    0,    0,    0,    0, THERMO PARAMS, 132, 1310, 1016, N, 10, DT, -999, SHR82, -99, 
AL, 09, 2026100706, 03, HFSA,  24, 222N,  921W,  68,  982, XX,  64, NEQ,    0,    0,   16,   15,  998,   22,  13,   0,   0,    ,   0,    ,  78,   4,           ,  ,  0,    ,    0,    0,    0,    0, THERMO PARAMS, 132, 1310, 1016, N, 10, DT, -999, SHR82, -99, 
AL, 09, 2026100706, 03, HFSA,  30, 225N,  914W,  76,  980, XX,  34, NEQ,   68,   73,   50,   68, 1000,   39,  15,   0,   0,    ,   0,    ,  48,   5,           ,  ,  0,    ,    0,    0,    0,    0, THERMO PARAMS, 78, 1497, 979, N, 10, DT, -999, SHR82, -99, 
AL, 09, 2026100706, 03, HFSA,  30, 225N,  914W,  76,  980, XX,  50, NEQ,   28,   28,   31,   37, 1000,   39,  15,   0,   0,    ,   0,    ,  48,   5,           ,  ,  0,    ,    0,    0,    0,    0, THERMO PARAMS, 78, 1497, 979, N, 10, DT, -999, SHR82, -99, 
AL, 09, 2026100706, 03, HFSA,  30, 225N,  914W,  76,  980, XX,  64, NEQ,   21,   19,    0,   24, 1000,   39,  15,   0,   0,    ,   0,    ,  48,   5,           ,  ,  0,    ,    0,    0,    0,    0, THERMO PARAMS, 78, 1497, 979, N, 10, DT, -999, SHR82, -99, 
AL, 09, 2026100706, 03, HFSA,  36, 229N,  910W,  71,  977, XX,  34, NEQ,   94,   71,   55,   86,  997,   31,  17,   0,   0,    ,   0,    ,  34,   5,           ,  ,  0,    ,    0,    0,    0,    0, THERMO PARAMS, 67, 2168, 1387, N, 10, DT, -999, SHR82, -99, 
AL, 09, 2026100706, 03, HFSA,  36, 229N,  910W,  71,  977, XX,  50, NEQ,   36,   31,   31,   37,  997,   31,  17,   0,   0,    ,   0,    ,  34,   5,           ,  ,  0,    ,    0,    0,    0,    0, THERMO PARAMS, 67, 2168, 1387, N, 10, DT, -999, SHR82, -99, 
AL, 09, 2026100706, 03, HFSA,  36, 229N,  910W,  71,  977, XX,  64, NEQ,   19,   19,   19,   21,  997,   31,  17,   0,   0,    ,   0,    ,  34,   5,           ,  ,  0,    ,    0,    0,    0,    0, THERMO PARAMS, 67, 2168, 1387, N, 10, DT, -999, SHR82, -99, 
AL, 09, 2026100706, 03, HFSA,  42, 233N,  904W,  93,  972, XX,  34, NEQ,   91,   83,   57,   79,  976,    3,  16,   0,   0,    ,   0,    ,  45,   5,           ,  ,  0,    ,    0,    0,    0,    0, THERMO PARAMS, 76, 2422, 1059, N, 10, DT, -999, SHR82, -99, 
AL, 09, 2026100706, 03, HFSA,  42, 233N,  904W,  93,  972, XX,  50, NEQ,   40,   39,   28,   34,  976,    3,  16,   0,   0,    ,   0,    ,  45,   5,           ,  ,  0,    ,    0,    0,    0,    0, THERMO PARAMS, 76, 2422, 1059, N, 10, DT, -999, SHR82, -99, 
AL, 09, 2026100706, 03, HFSA,  42, 233N,  904W,  93,  972, XX,  64, NEQ,   28,   23,   19,   28,  976,    3,  16,   0,   0,    ,   0,    ,  45,   5,           ,  ,  0,    ,    0,    0,    0,    0, THERMO PARAMS, 76, 2422, 1059, N, 10, DT, -999, SHR82, -99, 
AL, 09, 2026100706, 03, HFSA,  48, 238N,  901W,  78,  974, XX,  34, NEQ,  154,   94,   47,  107,  990,   23,  20,   0,   0,    ,   0,    ,  11,   7,           ,  ,  0,    ,    0,    0,    0,    0, THERMO PARAMS, -21, 2169, 1306, N, 10, DT, -999, SHR82, -99, 
AL, 09, 2026100706, 03, HFSA,  48, 238N,  901W,  78,  974, XX,  50, NEQ,   50,   47,   26,   28,  990,   23,  20,   0,   0,    ,   0,    ,  11,   7,           ,  ,  0,    ,    0,    0,    0,    0, THERMO PARAMS, -21, 2169, 1306, N, 10, DT, -999, SHR82, -99, 
AL, 09, 2026100706, 03, HFSA,  48, 238N,  901W,  78,  974, XX,  64, NEQ,   34,   29,   18,   18,  990,   23,  20,   0,   0,    ,   0,    ,  11,   7,           ,  ,  0,    ,    0,    0,    0,    0, THERMO PARAMS, -21, 2169, 1306, N, 10, DT, -999, SHR82, -99, 
AL, 09, 2026100706, 03, HFSA,  54, 246N,  897W,  83,  981, XX,  34, NEQ,  155,  121,   71,  131,  985,    4,  23,   0,   0,    ,   0,    ,  19,   7,           ,  ,  0,    ,    0,    0,    0,    0, THERMO PARAMS, 51, 1784, 965, N, 10, DT, -999, SHR82, -99, 
AL, 09, 2026100706, 03, HFSA,  54, 246N,  897W,  83,  981, XX,  50, NEQ,   68,   45,   39,   40,  985,    4,  23,   0,   0,    ,   0,    ,  19,   7,           ,  ,  0,    ,    0,    0,    0,    0, THERMO PARAMS, 51, 1784, 965, N, 10, DT, -999, SHR82, -99, 
AL, 09, 2026100706, 03, HFSA,  54, 246N,  897W,  83,  981, XX,  64, NEQ,    0,   21,    0,   26,  985,    4,  23,   0,   0,    ,   0,    ,  19,   7,           ,  ,  0,    ,    0,    0,    0,    0, THERMO PARAMS, 51, 1784, 965, N, 10, DT, -999, SHR82, -99, 
AL, 09, 2026100706, 03, HFSA,  60, 256N,  893W,  72,  985, XX,  34, NEQ,  139,  117,   55,  189,  989,   20,  31,   0,   0,    ,   0,    ,   0,  10,           ,  ,  0,    ,    0,    0,    0,    0, THERMO PARAMS, 11, 1591, 779, N, 10, DT, -999, SHR82, -99, 
AL, 09, 2026100706, 03, HFSA,  60, 256N,  893W,  72,  985, XX,  50, NEQ,   79,   63,   29,   58,  989,   20,  31,   0,   0,    ,   0,    ,   0,  10,           ,  ,  0,    ,    0,    0,    0,    0, THERMO PARAMS, 11, 1591, 779, N, 10, DT, -999, SHR82, -99, 
AL, 09, 2026100706, 03, HFSA,  60, 256N,  893W,  72,  985, XX,  64, NEQ,    0,   39,    0,   37,  989,   20,  31,   0,   0,    ,   0,    ,   0,  10,           ,  ,  0,    ,    0,    0,    0,    0, THERMO PARAMS, 11, 1591, 779, N, 10, DT, -999, SHR82, -99, 
AL, 09, 2026100706, 03, HFSA,  66, 267N,  892W,  83,  986, XX,  34, NEQ,  262,  121,   78,  193,  990,   13,  30,   0,   0,    ,   0,    , 343,   9,           ,  ,  0,    ,    0,    0,    0,    0, THERMO PARAMS, -26, 1534, 568, N, 10, DT, -999, SHR82, -99, 
AL, 09, 2026100706, 03, HFSA,  66, 267N,  892W,  83,  986, XX,  50, NEQ,  102,   29,   36,   62,  990,   13,  30,   0,   0,    ,   0,    , 343,   9,           ,  ,  0,    ,    0,    0,    0,    0, THERMO PARAMS, -26, 1534, 568, N, 10, DT, -999, SHR82, -99, 
AL, 09, 2026100706, 03, HFSA,  66, 267N,  892W,  83,  986, XX,  64, NEQ,    0,    0,    0,   49,  990,   13,  30,   0,   0,    ,   0,    , 343,   9,           ,  ,  0,    ,    0,    0,    0,    0, THERMO PARAMS, -26, 1534, 568, N, 10, DT, -999, SHR82, -99, 
AL, 09, 2026100706, 03, HFSA,  72, 275N,  889W,  66,  995, XX,  34, NEQ,  191,  151,   84,  151, 1003,   54, 104,   0,   0,    ,   0,    , 358,  11,           ,  ,  0,    ,    0,    0,    0,    0, THERMO PARAMS, 74, 371, -646, N, 10, DT, -999, SHR82, -99, 
AL, 09, 2026100706, 03, HFSA,  72, 275N,  889W,  66,  995, XX,  50, NEQ,  100,    0,    0,   32, 1003,   54, 104,   0,   0,    ,   0,    , 358,  11,           ,  ,  0,    ,    0,    0,    0,    0, THERMO PARAMS, 74, 371, -646, N, 10, DT, -999, SHR82, -99, 
AL, 09, 2026100706, 03, HFSA,  78, 289N,  885W,  58,  994, XX,  34, NEQ,  175,  159,   55,   78,  -99,  -99,  35,   0,   0,    ,   0,    ,   5,  16,           ,  ,  0,    ,    0,    0,    0,    0, THERMO PARAMS, 137, 702, -347, N, 10, DT, -999, SHR82, -99, 
AL, 09, 2026100706, 03, HFSA,  78, 289N,  885W,  58,  994, XX,  50, NEQ,  123,    0,    0,    0,  -99,  -99,  35,   0,   0,    ,   0,    ,   5,  16,           ,  ,  0,    ,    0,    0,    0,    0, THERMO PARAMS, 137, 702, -347, N, 10, DT, -999, SHR82, -99, 
AL, 09, 2026100706, 03, HFSA,  84, 306N,  887W,  42,  998, XX,  34, NEQ,    0,  123,    0,    0, 1002,   24,  43,   0,   0,    ,   0,    , 356,  19,           ,  ,  0,    ,    0,    0,    0,    0, THERMO PARAMS, 190, 642, -776, N, 10, DT, -999, SHR82, -99, 
AL, 09, 2026100706, 03, HFSA,  90, 328N,  889W,  37, 1002, XX,  34, NEQ,    0,    0,    0,    0, 1006,   47, 160,   0,   0,    ,   0,    , 346,  20,           ,  ,  0,    ,    0,    0,    0,    0, THERMO PARAMS, 200, 542, -705, N, 10, DT, -999, SHR82, -99, 
AL, 09, 2026100706, 03, HFSA,  96, 347N,  898W,  33, 1004, XX,  34, NEQ,    0,    0,    0,    0, 1008,   43, 129,   0,   0,    ,   0,    , 340,  16,           ,  ,  0,    ,    0,    0,    0,    0, THERMO PARAMS, 92, -306, -132, N, 10, DT, -999, SHR82, -99, 
AL, 09, 2026100706, 03, HFSA, 102, 357N,  901W,  21, 1007, XX,  34, NEQ,    0,    0,    0,    0, 1011,   58,  84,   0,   0,    ,   0,    ,  24,   8,           ,  ,  0,    ,    0,    0,    0,    0, THERMO PARAMS, 31, -841, -205, N, 10, DT, -999, SHR82, -99, 
AL, 09, 2026100706, 03, HFSA, 108, 360N,  898W,  17, 1009, XX,  34, NEQ,    0,    0,    0,    0, 1013,  151,  88,   0,   0,    ,   0,    ,  76,   7,           ,  ,  0,    ,    0,    0,    0,    0, THERMO PARAMS, 111, -927, 3, N, 10, DT, -999, SHR82, -99, 
AL, 09, 2026100706, 03, HFSA, 114, 360N,  887W,  13, 1011, XX,  34, NEQ,    0,    0,    0,    0,  -99,  -99, 162,   0,   0,    ,   0,    ,  97,  11,           ,  ,  0,    ,    0,    0,    0,    0, THERMO PARAMS, 170, -1526, -544, N, 10, DT, -999, SHR82, -99, 
AL, 09, 2026100706, 03, HFSA, 120, 356N,  874W,  11, 1011, XX,  34, NEQ,    0,    0,    0,    0,  -99,  -99, 152,   0,   0,    ,   0,    , 109,  13,           ,  ,  0,    ,    0,    0,    0,    0, THERMO PARAMS, -9999, -9999, -9999, N, 10, DT, -999, SHR82, -99, 
AL, 09, 2026100706, 03, HFSA, 126, 349N,  851W,  10, 1012, XX,  34, NEQ,    0,    0,    0,    0,  -99,  -99,  96,   0,   0,    ,   0,    , -99, -99,           ,  ,  0,    ,    0,    0,    0,    0, THERMO PARAMS, 288, -1620, -1112, N, 10, DT, -999, SHR82, -99, 
AL, 09, 2026100706, 03, TVCN,   0, 218N,  945W,   0,    0,   ,   0,    ,    0,    0,    0,    0, 
AL, 09, 2026100706, 03, TVCN,  12, 221N,  934W,   0,    0,   ,   0,    ,    0,    0,    0,    0, 
AL, 09, 2026100706, 03, TVCN,  24, 224N,  921W,   0,    0,   ,   0,    ,    0,    0,    0,    0, 
AL, 09, 2026100706, 03, TVCN,  36, 230N,  908W,   0,    0,   ,   0,    ,    0,    0,    0,    0, 
AL, 09, 2026100706, 03, TVCN,  48, 242N,  897W,   0,    0,   ,   0,    ,    0,    0,    0,    0, 
AL, 09, 2026100706, 03, TVCN,  60, 260N,  889W,   0,    0,   ,   0,    ,    0,    0,    0,    0, 
AL, 09, 2026100706, 03, TVCN,  72, 287N,  886W,   0,    0,   ,   0,    ,    0,    0,    0,    0, 
AL, 09, 2026100706, 03, TVCN,  84, 319N,  888W,   0,    0,   ,   0,    ,    0,    0,    0,    0, 
AL, 09, 2026100706, 03, TVCN,  96, 345N,  885W,   0,    0,   ,   0,    ,    0,    0,    0,    0, 
AL, 09, 2026100706, 03, TVCN, 108, 373N,  853W,   0,    0,   ,   0,    ,    0,    0,    0,    0, 
AL, 09, 2026100706, 03, TVCN, 120, 391N,  800W,   0,    0,   ,   0,    ,    0,    0,    0,    0, 
AL, 09, 2026100706, 03, TVCN, 132, 400N,  744W,   0,    0,   ,   0,    ,    0,    0,    0,    0, 
AL, 09, 2026100706, 03, TVCN, 144, 374N,  725W,   0,    0,   ,   0,    ,    0,    0,    0,    0, 
AL, 09, 2026100706, 03, TVCN, 156, 376N,  663W,   0,    0,   ,   0,    ,    0,    0,    0,    0, 
AL, 09, 2026100712, 03, HCCA,   0, 220N,  939W,  35,    0,   ,   0,    ,    0,    0,    0,    0, 
AL, 09, 2026100712, 03, HCCA,  12, 226N,  924W,  50,    0,   ,   0,    ,    0,    0,    0,    0, 
AL, 09, 2026100712, 03, HCCA,  24, 232N,  908W,  71,    0,   ,   0,    ,    0,    0,    0,    0, 
AL, 09, 2026100712, 03, HCCA,  36, 244N,  893W,  86,    0,   ,   0,    ,    0,    0,    0,    0, 
AL, 09, 2026100712, 03, HCCA,  48, 263N,  881W,  93,    0,   ,   0,    ,    0,    0,    0,    0, 
AL, 09, 2026100712, 03, HCCA,  60, 289N,  873W,  84,    0,   ,   0,    ,    0,    0,    0,    0, 
AL, 09, 2026100712, 03, HCCA,  72, 323N,  876W,  54,    0,   ,   0,    ,    0,    0,    0,    0, 
AL, 09, 2026100712, 03, HCCA,  84, 361N,  883W,  25,    0,   ,   0,    ,    0,    0,    0,    0, 
AL, 09, 2026100712, 03, HCCA,  96, 394N,  875W,  20,    0,   ,   0,    ,    0,    0,    0,    0, 
AL, 09, 2026100712, 03, HCCA, 108, 413N,  848W,   0,    0,   ,   0,    ,    0,    0,    0,    0, 
AL, 09, 2026100712, 03, HCCA, 120, 414N,  809W,   0,    0,   ,   0,    ,    0,    0,    0,    0, 
AL, 09, 2026100712, 03, HCCA, 132, 413N,  753W,   0,    0,   ,   0,    ,    0,    0,    0,    0, 
AL, 09, 2026100712, 03, TVCN,   0, 220N,  939W,   0,    0,   ,   0,    ,    0,    0,    0,    0, 
AL, 09, 2026100712, 03, TVCN,  12, 223N,  927W,   0,    0,   ,   0,    ,    0,    0,    0,    0, 
AL, 09, 2026100712, 03, TVCN,  24, 227N,  914W,   0,    0,   ,   0,    ,    0,    0,    0,    0, 
AL, 09, 2026100712, 03, TVCN,  36, 235N,  902W,   0,    0,   ,   0,    ,    0,    0,    0,    0, 
AL, 09, 2026100712, 03, TVCN,  48, 249N,  893W,   0,    0,   ,   0,    ,    0,    0,    0,    0, 
AL, 09, 2026100712, 03, TVCN,  60, 270N,  887W,   0,    0,   ,   0,    ,    0,    0,    0,    0, 
AL, 09, 2026100712, 03, TVCN,  72, 300N,  886W,   0,    0,   ,   0,    ,    0,    0,    0,    0, 
AL, 09, 2026100712, 03, TVCN,  84, 335N,  889W,   0,    0,   ,   0,    ,    0,    0,    0,    0, 
AL, 09, 2026100712, 03, TVCN,  96, 365N,  885W,   0,    0,   ,   0,    ,    0,    0,    0,    0, 
AL, 09, 2026100712, 03, TVCN, 108, 379N,  855W,   0,    0,   ,   0,    ,    0,    0,    0,    0, 
AL, 09, 2026100712, 03, TVCN, 120, 379N,  811W,   0,    0,   ,   0,    ,    0,    0,    0,    0, 
AL, 09, 2026100712, 03, TVCN, 132, 378N,  765W,   0,    0,   ,   0,    ,    0,    0,    0,    0, 