AL012020,             ARTHUR,     18,
20200516, 1800,  , TD, 28.0N,  78.7W,  30, 1008,    0,    0,    0,    0,    0,    0,    0,    0,    0,    0,    0,    0, -999
20200517, 0000,  , TS, 28.9N,  78.0W,  35, 1006,   70,   70,    0,    0,    0,    0,    0,    0,    0,    0,    0,    0, -999
20200517, 0600,  , TS, 29.6N,  77.6W,  35, 1004,   70,   70,    0,    0,    0,    0,    0,    0,    0,    0,    0,    0, -999
20200517, 1200,  , TS, 30.3N,  77.5W,  35, 1003,   90,   90,    0,    0,    0,    0,    0,    0,    0,    0,    0,    0, -999
20200517, 1800,  , TS, 31.0N,  77.3W,  40, 1003,   90,   90,    0,    0,    0,    0,    0,    0,    0,    0,    0,    0, -999
20200518, 0000,  , TS, 31.9N,  77.0W,  40, 1003,   90,   90,    0,    0,    0,    0,    0,    0,    0,    0,    0,    0, -999
20200518, 0600,  , TS, 33.1N,  76.7W,  40, 1002,   90,   90,    0,    0,    0,    0,    0,    0,    0,    0,    0,    0, -999
20200518, 1200,  , TS, 34.4N,  75.9W,  45, 1000,  110,   90,    0,    0,    0,    0,    0,    0,    0,    0,    0,    0, -999
20200518, 1800,  , TS, 35.5N,  74.7W,  45,  993,  110,  100,    0,   40,    0,    0,    0,    0,    0,    0,    0,    0, -999
20200519, 0000,  , TS, 36.2N,  73.1W,  50,  991,  110,  110,   90,   90,    0,    0,    0,   60,    0,    0,    0,    0, -999
20200519, 0600,  , TS, 36.8N,  71.4W,  50,  990,  200,  110,  110,   90,    0,    0,    0,   60,    0,    0,    0,    0, -999
20200519, 1200,  , EX, 37.0N,  69.5W,  55,  989,  300,  120,  100,  210,   90,    0,    0,   60,    0,    0,    0,    0, -999
20200519, 1800,  , EX, 36.9N,  67.8W,  50,  991,  300,  120,  100,  210,   90,    0,    0,   50,    0,    0,    0,    0, -999
20200520, 0000,  , EX, 36.2N,  66.8W,  50,  993,  240,  150,   90,   90,   90,    0,    0,    0,    0,    0,    0,    0, -999
20200520, 0600,  , EX, 35.5N,  66.0W,  50,  997,  200,  130,   90,   90,   90,    0,    0,    0,    0,    0,    0,    0, -999
20200520, 1200,  , EX, 34.6N,  65.6W,  50, 1002,  200,  130,   90,   90,   60,    0,    0,    0,    0,    0,    0,    0, -999
20200520, 1800,  , EX, 33.7N,  65.3W,  45, 1006,  200,    0,    0,   90,    0,    0,    0,    0,    0,    0,    0,    0, -999
20200521, 0000,  , EX, 32.8N,  65.0W,  40, 1008,  200,    0,    0,   90,    0,    0,    0,    0,    0,    0,    0,    0, -999
AL022020,             BERTHA,      7,
20200527, 0600,  , TS, 31.5N,  78.8W,  40, 1006,   20,   20,    0,    0,    0,    0,    0,    0,    0,    0,    0,    0, -999
20200527, 1200,  , TS, 32.6N,  79.5W,  45, 1005,   20,   20,    0,    0,    0,    0,    0,    0,    0,    0,    0,    0, -999
20200527, 1330, L, TS, 32.9N,  79.7W,  45, 1005,   20,   20,    0,    0,    0,    0,    0,    0,    0,    0,    0,    0, -999
20200527, 1800,  , TD, 33.7N,  80.1W,  30, 1007,    0,    0,    0,    0,    0,    0,    0,    0,    0,    0,    0,    0, -999
20200528, 0000,  , TD, 34.9N,  80.7W,  25, 1008,    0,    0,    0,    0,    0,    0,    0,    0,    0,    0,    0,    0, -999
20200528, 0600,  , EX, 37.1N,  81.1W,  20, 1011,    0,    0,    0,    0,    0,    0,    0,    0,    0,    0,    0,    0, -999
20200528, 1200,  , EX, 39.9N,  80.6W,  20, 1011,    0,    0,    0,    0,    0,    0,    0,    0,    0,    0,    0,    0, -999
AL032020,          CRISTOBAL,     45,
20200601, 1800,  , TD, 19.4N,  90.9W,  25, 1006,    0,    0,    0,    0,    0,    0,    0,    0,    0,    0,    0,    0, -999
20200602, 0000,  , TD, 19.6N,  91.6W,  25, 1005,    0,    0,    0,    0,    0,    0,    0,    0,    0,    0,    0,    0, -999
20200602, 0600,  , TD, 19.6N,  92.1W,  30, 1005,    0,    0,    0,    0,    0,    0,    0,    0,    0,    0,    0,    0, -999
20200602, 1200,  , TS, 19.5N,  92.5W,  35, 1004,    0,   60,   60,    0,    0,    0,    0,    0,    0,    0,    0,    0, -999
20200602, 1800,  , TS, 19.2N,  92.6W,  40, 1001,   60,   60,   60,    0,    0,    0,    0,    0,    0,    0,    0,    0, -999
20200603, 0000,  , TS, 19.0N,  92.5W,  45,  996,   60,   50,   50,   60,    0,    0,    0,    0,    0,    0,    0,    0, -999
20200603, 0600,  , TS, 18.9N,  92.3W,  50,  994,   50,   40,   40,   50,   20,    0,   20,   20,    0,    0,    0,    0, -999
20200603, 1200,  , TS, 18.8N,  92.2W,  50,  993,   50,   40,   40,   50,   20,    0,   20,   20,    0,    0,    0,    0, -999
20200603, 1300, L, TS, 18.7N,  92.1W,  50,  993,   50,   40,   40,   50,   20,    0,   20,   20,    0,    0,    0,    0, -999
20200603, 1800,  , TS, 18.5N,  91.9W,  45,  994,   50,   40,   40,   50,    0,    0,    0,    0,    0,    0,    0,    0, -999
20200604, 0000,  , TS, 18.2N,  91.7W,  40,  995,   50,   30,   30,   50,    0,    0,    0,    0,    0,    0,    0,    0, -999
20200604, 0600,  , TS, 17.9N,  91.5W,  35,  997,   50,   20,   20,   50,    0,    0,    0,    0,    0,    0,    0,    0, -999
20200604, 1200,  , TD, 17.7N,  91.2W,  30,  999,    0,    0,    0,    0,    0,    0,    0,    0,    0,    0,    0,    0, -999
20200604, 1800,  , TD, 17.6N,  90.8W,  30,  999,    0,    0,    0,    0,    0,    0,    0,    0,    0,    0,    0,    0, -999
20200605, 0000,  , TD, 17.9N,  90.4W,  30,  999,    0,    0,    0,    0,    0,    0,    0,    0,    0,    0,    0,    0, -999
20200605, 0600,  , TS, 18.6N,  90.1W,  35,  998,  210,    0,    0,    0,    0,    0,    0,    0,    0,    0,    0,    0, -999
20200605, 1200,  , TS, 19.6N,  89.9W,  40,  997,  210,  180,    0,    0,    0,    0,    0,    0,    0,    0,    0,    0, -999
20200605, 1800,  , TS, 20.8N,  89.9W,  45,  997,  210,  180,    0,  120,    0,    0,    0,    0,    0,    0,    0,    0, -999
20200606, 0000,  , TS, 22.0N,  90.0W,  50,  996,  210,  180,    0,  120,  150,    0,    0,    0,    0,    0,    0,    0, -999
20200606, 0600,  , TS, 23.0N,  90.1W,  50,  994,  210,  180,    0,  120,  150,    0,    0,    0,    0,    0,    0,    0, -999
20200606, 1200,  , TS, 23.9N,  90.2W,  45,  992,  210,  180,   80,  130,    0,    0,    0,    0,    0,    0,    0,    0, -999
20200606, 1800,  , TS, 24.8N,  90.2W,  45,  992,  210,  180,   90,  140,    0,    0,    0,    0,    0,    0,    0,    0, -999
20200607, 0000,  , TS, 25.8N,  90.1W,  45,  992,  210,  180,   90,  140,    0,    0,    0,    0,    0,    0,    0,    0, -999
20200607, 0600,  , TS, 26.9N,  90.0W,  45,  992,  180,  180,   90,  140,    0,    0,    0,    0,    0,    0,    0,    0, -999
20200607, 1200,  , TS, 28.0N,  89.9W,  45,  991,  180,  180,   90,  140,    0,    0,    0,    0,    0,    0,    0,    0, -999
20200607, 1800,  , TS, 29.0N,  89.8W,  45,  990,  180,  180,   90,  140,    0,    0,    0,    0,    0,    0,    0,    0, -999
20200607, 2200, L, TS, 29.3N,  89.8W,  45,  990,  180,  180,   90,  140,    0,    0,    0,    0,    0,    0,    0,    0, -999
20200608, 0000,  , TS, 29.8N,  89.9W,  45,  990,  160,  180,   80,   60,    0,    0,    0,    0,    0,    0,    0,    0, -999
20200608, 0600,  , TS, 30.6N,  90.6W,  35,  991,    0,  180,    0,    0,    0,    0,    0,    0,    0,    0,    0,    0, -999
20200608, 1200,  , TD, 31.7N,  91.5W,  30,  993,    0,    0,    0,    0,    0,    0,    0,    0,    0,    0,    0,    0, -999
20200608, 1800,  , TD, 32.9N,  92.0W,  30,  994,    0,    0,    0,    0,    0,    0,    0,    0,    0,    0,    0,    0, -999
20200609, 0000,  , TD, 34.2N,  92.1W,  25,  994,    0,    0,    0,    0,    0,    0,    0,    0,    0,    0,    0,    0, -999
20200609, 0600,  , TD, 35.8N,  92.2W,  25,  993,    0,    0,    0,    0,    0,    0,    0,    0,    0,    0,    0,    0, -999
20200609, 1200,  , TD, 38.0N,  92.1W,  25,  991,    0,    0,    0,    0,    0,    0,    0,    0,    0,    0,    0,    0, -999
20200609, 1800,  , TD, 40.3N,  91.7W,  30,  988,    0,    0,    0,    0,    0,    0,    0,    0,    0,    0,    0,    0, -999
20200610, 0000,  , EX, 42.6N,  90.8W,  30,  986,    0,    0,    0,    0,    0,    0,    0,    0,    0,    0,    0,    0, -999
20200610, 0600,  , EX, 45.0N,  89.3W,  35,  983,    0,  120,    0,    0,    0,    0,    0,    0,    0,    0,    0,    0, -999
20200610, 1200,  , EX, 47.5N,  87.4W,  35,  982,    0,  150,    0,    0,    0,    0,    0,    0,    0,    0,    0,    0, -999
20200610, 1800,  , EX, 49.8N,  85.1W,  35,  982,    0,    0,  180,    0,    0,    0,    0,    0,    0,    0,    0,    0, -999
20200611, 0000,  , EX, 51.7N,  82.6W,  30,  983,    0,    0,    0,    0,    0,    0,    0,    0,    0,    0,    0,    0, -999
20200611, 0600,  , EX, 52.7N,  81.2W,  30,  985,    0,    0,    0,    0,    0,    0,    0,    0,    0,    0,    0,    0, -999
20200611, 1200,  , EX, 53.2N,  80.4W,  35,  987,  240,    0,    0,    0,    0,    0,    0,    0,    0,    0,    0,    0, -999
20200611, 1800,  , EX, 53.4N,  79.8W,  35,  989,  240,    0,    0,  180,    0,    0,    0,    0,    0,    0,    0,    0, -999
20200612, 0000,  , EX, 53.3N,  79.4W,  35,  992,    0,    0,    0,  150,    0,    0,    0,    0,    0,    0,    0,    0, -999
20200612, 0600,  , EX, 52.5N,  79.1W,  35,  998,    0,    0,    0,  120,    0,    0,    0,    0,    0,    0,    0,    0, -999
AL042020,              DOLLY,     12,
20200622, 0600,  , LO, 38.6N,  67.1W,  30, 1010,    0,    0,    0,    0,    0,    0,    0,    0,    0,    0,    0,    0, -999
20200622, 1200,  , SD, 38.4N,  66.9W,  30, 1009,    0,    0,    0,    0,    0,    0,    0,    0,    0,    0,    0,    0, -999
20200622, 1800,  , SD, 38.1N,  66.2W,  30, 1008,    0,    0,    0,    0,    0,    0,    0,    0,    0,    0,    0,    0, -999
20200623, 0000,  , SD, 38.5N,  65.1W,  30, 1007,    0,    0,    0,    0,    0,    0,    0,    0,    0,    0,    0,    0, -999
20200623, 0600,  , SS, 39.0N,  63.9W,  35, 1003,    0,   60,   60,    0,    0,    0,    0,    0,    0,    0,    0,    0, -999
20200623, 1200,  , TS, 39.4N,  62.7W,  40, 1000,    0,   60,   60,    0,    0,    0,    0,    0,    0,    0,    0,    0, -999
20200623, 1800,  , TS, 39.8N,  61.6W,  40, 1000,    0,   60,   60,    0,    0,    0,    0,    0,    0,    0,    0,    0, -999
20200624, 0000,  , TS, 40.2N,  60.6W,  35, 1002,    0,   60,   60,    0,    0,    0,    0,    0,    0,    0,    0,    0, -999
20200624, 0600,  , LO, 41.0N,  59.6W,  30, 1005,    0,    0,    0,    0,    0,    0,    0,    0,    0,    0,    0,    0, -999
20200624, 1200,  , LO, 42.0N,  58.5W,  30, 1007,    0,    0,    0,    0,    0,    0,    0,    0,    0,    0,    0,    0, -999
20200624, 1800,  , LO, 43.0N,  57.1W,  25, 1008,    0,    0,    0,    0,    0,    0,    0,    0,    0,    0,    0,    0, -999
20200625, 0000,  , LO, 44.1N,  55.6W,  25, 1009,    0,    0,    0,    0,    0,    0,    0,    0,    0,    0,    0,    0, -999
AL052020,            EDOUARD,     22,
20200704, 0600,  , LO, 30.4N,  71.2W,  30, 1009,    0,    0,    0,    0,    0,    0,    0,    0,    0,    0,    0,    0, -999
20200704, 1200,  , TD, 30.9N,  69.4W,  30, 1009,    0,    0,    0,    0,    0,    0,    0,    0,    0,    0,    0,    0, -999
20200704, 1800,  , TD, 31.5N,  68.0W,  30, 1007,    0,    0,    0,    0,    0,    0,    0,    0,    0,    0,    0,    0, -999
20200705, 0000,  , TD, 32.1N,  67.0W,  30, 1007,    0,    0,    0,    0,    0,    0,    0,    0,    0,    0,    0,    0, -999
20200705, 0600,  , TD, 32.9N,  65.8W,  30, 1007,    0,    0,    0,    0,    0,    0,    0,    0,    0,    0,    0,    0, -999
20200705, 1200,  , TD, 33.8N,  64.2W,  30, 1007,    0,    0,    0,    0,    0,    0,    0,    0,    0,    0,    0,    0, -999
20200705, 1800,  , TD, 35.0N,  61.9W,  30, 1007,    0,    0,    0,    0,    0,    0,    0,    0,    0,    0,    0,    0, -999
20200706, 0000,  , TS, 36.4N,  58.5W,  35, 1006,    0,   50,    0,    0,    0,    0,    0,    0,    0,    0,    0,    0, -999
20200706, 0600,  , TS, 38.1N,  55.3W,  35, 1006,    0,   90,    0,    0,    0,    0,    0,    0,    0,    0,    0,    0, -999
20200706, 1200,  , TS, 39.9N,  51.7W,  40, 1006,    0,  120,    0,    0,    0,    0,    0,    0,    0,    0,    0,    0, -999
20200706, 1800,  , TS, 41.7N,  47.8W,  40, 1005,    0,  120,    0,    0,    0,    0,    0,    0,    0,    0,    0,    0, -999
20200707, 0000,  , EX, 43.6N,  44.1W,  40, 1005,    0,  120,    0,    0,    0,    0,    0,    0,    0,    0,    0,    0, -999
20200707, 0600,  , EX, 45.5N,  40.3W,  40, 1006,    0,  120,    0,    0,    0,    0,    0,    0,    0,    0,    0,    0, -999
20200707, 1200,  , EX, 47.6N,  36.6W,  40, 1006,    0,  120,    0,    0,    0,    0,    0,    0,    0,    0,    0,    0, -999
20200707, 1800,  , EX, 49.5N,  32.5W,  40, 1006,    0,  120,    0,    0,    0,    0,    0,    0,    0,    0,    0,    0, -999
20200708, 0000,  , EX, 51.0N,  28.0W,  35, 1007,    0,  120,    0,    0,    0,    0,    0,    0,    0,    0,    0,    0, -999
20200708, 0600,  , EX, 52.0N,  23.5W,  30, 1008,    0,    0,    0,    0,    0,    0,    0,    0,    0,    0,    0,    0, -999
20200708, 1200,  , EX, 52.0N,  19.0W,  30, 1008,    0,    0,    0,    0,    0,    0,    0,    0,    0,    0,    0,    0, -999
20200708, 1800,  , EX, 52.0N,  14.0W,  30, 1008,    0,    0,    0,    0,    0,    0,    0,    0,    0,    0,    0,    0, -999
20200709, 0000,  , EX, 52.0N,   9.0W,  30, 1009,    0,    0,    0,    0,    0,    0,    0,    0,    0,    0,    0,    0, -999
20200709, 0600,  , EX, 52.0N,   4.0W,  30, 1009,    0,    0,    0,    0,    0,    0,    0,    0,    0,    0,    0,    0, -999
20200709, 1200,  , EX, 52.0N,   0.0E,  25, 1010,    0,    0,    0,    0,    0,    0,    0,    0,    0,    0,    0,    0, -999
AL062020,                FAY,     27,
20200705, 1200,  , LO, 27.7N,  88.8W,  20, 1012,    0,    0,    0,    0,    0,    0,    0,    0,    0,    0,    0,    0, -999
20200705, 1800,  , LO, 28.1N,  87.7W,  25, 1010,    0,    0,    0,    0,    0,    0,    0,    0,    0,    0,    0,    0, -999
20200706, 0000,  , LO, 28.9N,  86.2W,  30, 1008,    0,    0,    0,    0,    0,    0,    0,    0,    0,    0,    0,    0, -999
20200706, 0600,  , LO, 29.9N,  85.4W,  30, 1008,    0,    0,    0,    0,    0,    0,    0,    0,    0,    0,    0,    0, -999
20200706, 1200,  , LO, 30.8N,  85.0W,  20, 1011,    0,    0,    0,    0,    0,    0,    0,    0,    0,    0,    0,    0, -999
20200706, 1800,  , LO, 31.5N,  84.6W,  20, 1013,    0,    0,    0,    0,    0,    0,    0,    0,    0,    0,    0,    0, -999
20200707, 0000,  , LO, 32.2N,  84.2W,  20, 1013,    0,    0,    0,    0,    0,    0,    0,    0,    0,    0,    0,    0, -999
20200707, 0600,  , LO, 32.8N,  83.7W,  20, 1014,    0,    0,    0,    0,    0,    0,    0,    0,    0,    0,    0,    0, -999
20200707, 1200,  , LO, 33.3N,  83.2W,  20, 1014,    0,    0,    0,    0,    0,    0,    0,    0,    0,    0,    0,    0, -999
20200707, 1800,  , LO, 33.3N,  82.5W,  20, 1014,    0,    0,    0,    0,    0,    0,    0,    0,    0,    0,    0,    0, -999
20200708, 0000,  , LO, 33.3N,  81.6W,  20, 1013,    0,    0,    0,    0,    0,    0,    0,    0,    0,    0,    0,    0, -999
20200708, 0600,  , LO, 33.3N,  80.5W,  20, 1012,    0,    0,    0,    0,    0,    0,    0,    0,    0,    0,    0,    0, -999
20200708, 1200,  , LO, 33.3N,  79.2W,  20, 1011,    0,    0,    0,    0,    0,    0,    0,    0,    0,    0,    0,    0, -999
20200708, 1800,  , LO, 33.7N,  77.9W,  25, 1010,    0,    0,    0,    0,    0,    0,    0,    0,    0,    0,    0,    0, -999
20200709, 0000,  , LO, 33.9N,  77.1W,  25, 1009,    0,    0,    0,    0,    0,    0,    0,    0,    0,    0,    0,    0, -999
20200709, 0600,  , LO, 34.1N,  76.8W,  25, 1008,    0,    0,    0,    0,    0,    0,    0,    0,    0,    0,    0,    0, -999
20200709, 1200,  , LO, 34.1N,  76.8W,  30, 1007,    0,    0,    0,    0,    0,    0,    0,    0,    0,    0,    0,    0, -999
20200709, 1800,  , TS, 35.4N,  74.9W,  40, 1006,  100,  120,    0,    0,    0,    0,    0,    0,    0,    0,    0,    0, -999
20200710, 0000,  , TS, 36.0N,  74.8W,  40, 1005,  100,  120,    0,    0,    0,    0,    0,    0,    0,    0,    0,    0, -999
20200710, 0600,  , TS, 36.8N,  74.8W,  45, 1004,  120,  120,    0,    0,    0,    0,    0,    0,    0,    0,    0,    0, -999
20200710, 1200,  , TS, 37.7N,  74.7W,  50,  998,  120,  120,    0,   70,   90,    0,    0,    0,    0,    0,    0,    0, -999
20200710, 1800,  , TS, 38.9N,  74.4W,  50,  998,  120,  120,   40,   40,   90,    0,    0,    0,    0,    0,    0,    0, -999
20200710, 2000, L, TS, 39.4N,  74.4W,  45,  999,  120,  120,   40,   40,    0,    0,    0,    0,    0,    0,    0,    0, -999
20200711, 0000,  , TS, 40.2N,  74.3W,  35, 1000,  120,  120,    0,    0,    0,    0,    0,    0,    0,    0,    0,    0, -999
20200711, 0600,  , LO, 41.5N,  74.2W,  30, 1001,    0,    0,    0,    0,    0,    0,    0,    0,    0,    0,    0,    0, -999
20200711, 1200,  , LO, 43.4N,  74.0W,  25, 1001,    0,    0,    0,    0,    0,    0,    0,    0,    0,    0,    0,    0, -999
20200711, 1800,  , LO, 45.4N,  73.8W,  20,  999,    0,    0,    0,    0,    0,    0,    0,    0,    0,    0,    0,    0, -999
AL072020,            GONZALO,     23,
20200720, 1200,  , LO,  8.9N,  36.8W,  20, 1010,    0,    0,    0,    0,    0,    0,    0,    0,    0,    0,    0,    0, -999
20200720, 1800,  , LO,  8.6N,  37.5W,  25, 1009,    0,    0,    0,    0,    0,    0,    0,    0,    0,    0,    0,    0, -999
20200721, 0000,  , LO,  8.6N,  38.2W,  25, 1009,    0,    0,    0,    0,    0,    0,    0,    0,    0,    0,    0,    0, -999
20200721, 0600,  , LO,  8.8N,  38.8W,  25, 1009,    0,    0,    0,    0,    0,    0,    0,    0,    0,    0,    0,    0, -999
20200721, 1200,  , LO,  9.2N,  39.3W,  25, 1009,    0,    0,    0,    0,    0,    0,    0,    0,    0,    0,    0,    0, -999
20200721, 1800,  , TD,  9.7N,  40.0W,  30, 1008,    0,    0,    0,    0,    0,    0,    0,    0,    0,    0,    0,    0, -999
20200722, 0000,  , TD,  9.8N,  40.9W,  30, 1008,    0,    0,    0,    0,    0,    0,    0,    0,    0,    0,    0,    0, -999
20200722, 0600,  , TS,  9.8N,  41.9W,  35, 1006,   20,    0,    0,   20,    0,    0,    0,    0,    0,    0,    0,    0, -999
20200722, 1200,  , TS,  9.9N,  43.0W,  40, 1003,   20,    0,    0,   20,    0,    0,    0,    0,    0,    0,    0,    0, -999
20200722, 1800,  , TS,  9.9N,  44.2W,  45, 1000,   30,   20,   20,   30,    0,    0,    0,    0,    0,    0,    0,    0, -999
20200723, 0000,  , TS,  9.9N,  45.4W,  50,  998,   30,   20,   20,   30,   20,    0,    0,   20,    0,    0,    0,    0, -999
20200723, 0600,  , TS,  9.7N,  46.6W,  55,  997,   30,   20,   20,   30,   20,    0,    0,   20,    0,    0,    0,    0, -999
20200723, 1200,  , TS,  9.7N,  47.6W,  55,  997,   30,   20,   20,   30,   20,    0,    0,   20,    0,    0,    0,    0, -999
20200723, 1800,  , TS,  9.7N,  48.8W,  50, 1000,   30,   20,   20,   30,   20,    0,    0,   20,    0,    0,    0,    0, -999
20200724, 0000,  , TS,  9.8N,  50.2W,  50, 1000,   30,   20,   20,   30,   20,    0,    0,   20,    0,    0,    0,    0, -999
20200724, 0600,  , TS,  9.9N,  51.6W,  50, 1001,   30,   20,   20,   30,   20,    0,    0,   20,    0,    0,    0,    0, -999
20200724, 1200,  , TS,  9.9N,  53.3W,  45, 1003,   30,   20,   20,   30,    0,    0,    0,    0,    0,    0,    0,    0, -999
20200724, 1800,  , TS,  9.9N,  54.8W,  35, 1008,   20,   20,    0,   20,    0,    0,    0,    0,    0,    0,    0,    0, -999
20200725, 0000,  , TS, 10.0N,  56.3W,  35, 1008,   20,   20,    0,   20,    0,    0,    0,    0,    0,    0,    0,    0, -999
20200725, 0600,  , TS, 10.1N,  57.9W,  35, 1008,   20,   20,    0,   20,    0,    0,    0,    0,    0,    0,    0,    0, -999
20200725, 1200,  , TS, 10.3N,  59.8W,  35, 1008,   20,   10,    0,   20,    0,    0,    0,    0,    0,    0,    0,    0, -999
20200725, 1530, L, TD, 10.5N,  61.0W,  30, 1009,    0,    0,    0,    0,    0,    0,    0,    0,    0,    0,    0,    0, -999
20200725, 1800,  , TD, 10.8N,  62.1W,  30, 1009,    0,    0,    0,    0,    0,    0,    0,    0,    0,    0,    0,    0, -999
AL082020,              HANNA,     18,
20200723, 0000,  , TD, 25.7N,  88.3W,  25, 1009,    0,    0,    0,    0,    0,    0,    0,    0,    0,    0,    0,    0, -999
20200723, 0600,  , TD, 25.8N,  89.0W,  25, 1009,    0,    0,    0,    0,    0,    0,    0,    0,    0,    0,    0,    0, -999
20200723, 1200,  , TD, 25.9N,  89.7W,  30, 1009,    0,    0,    0,    0,    0,    0,    0,    0,    0,    0,    0,    0, -999
20200723, 1800,  , TD, 26.0N,  90.4W,  30, 1006,    0,    0,    0,    0,    0,    0,    0,    0,    0,    0,    0,    0, -999
20200724, 0000,  , TS, 26.2N,  91.1W,  35, 1002,   30,    0,    0,    0,    0,    0,    0,    0,    0,    0,    0,    0, -999
20200724, 0600,  , TS, 26.6N,  92.0W,  40, 1001,   40,   40,    0,    0,    0,    0,    0,    0,    0,    0,    0,    0, -999
20200724, 1200,  , TS, 27.1N,  92.8W,  45, 1000,   50,   50,    0,    0,    0,    0,    0,    0,    0,    0,    0,    0, -999
20200724, 1800,  , TS, 27.2N,  93.7W,  50,  997,   50,   50,    0,    0,   20,   20,    0,    0,    0,    0,    0,    0, -999
20200725, 0000,  , TS, 27.1N,  94.5W,  55,  993,   60,   60,   20,   40,   30,   30,    0,    0,    0,    0,    0,    0, -999
20200725, 0600,  , TS, 27.1N,  95.3W,  60,  988,   80,   80,   20,   70,   40,   30,    0,   30,    0,    0,    0,    0, -999
20200725, 1200,  , HU, 27.1N,  96.0W,  70,  981,   90,  100,   50,   80,   40,   30,   20,   40,   20,    0,    0,   20, -999
20200725, 1800,  , HU, 26.9N,  96.8W,  80,  973,  100,  100,   50,   80,   50,   40,   30,   50,   25,   20,   20,   25, -999
20200725, 2200, L, HU, 26.8N,  97.3W,  80,  973,  100,  100,   50,   80,   50,   30,   30,   50,   25,   20,   20,   25,   20
20200725, 2315, L, HU, 26.7N,  97.5W,  80,  974,  100,  100,   50,   70,   50,   30,   30,   50,   25,   20,   20,   25,   20
20200726, 0000,  , HU, 26.7N,  97.6W,  75,  976,  100,  100,   40,   60,   50,   40,   20,   30,   25,   20,    0,    0, -999
20200726, 0600,  , TS, 26.5N,  98.5W,  55,  987,  100,  100,   40,   40,   30,   20,   20,   20,    0,    0,    0,    0, -999
20200726, 1200,  , TS, 26.2N,  99.3W,  40,  996,   60,   90,   30,   30,    0,    0,    0,    0,    0,    0,    0,    0, -999
20200726, 1800,  , TD, 25.8N, 100.3W,  30, 1000,    0,    0,    0,    0,    0,    0,    0,    0,    0,    0,    0,    0, -999
AL092020,             ISAIAS,     36,
20200728, 1200,  , DB, 12.5N,  54.0W,  35, 1007,  200,    0,    0,  120,    0,    0,    0,    0,    0,    0,    0,    0, -999
20200728, 1800,  , DB, 13.2N,  56.4W,  35, 1006,  200,    0,    0,  120,    0,    0,    0,    0,    0,    0,    0,    0, -999
20200729, 0000,  , DB, 14.1N,  58.3W,  40, 1005,  240,    0,    0,  120,    0,    0,    0,    0,    0,    0,    0,    0, -999
20200729, 0600,  , DB, 14.8N,  60.3W,  40, 1005,  240,    0,    0,  120,    0,    0,    0,    0,    0,    0,    0,    0, -999
20200729, 1200,  , DB, 15.2N,  62.2W,  40, 1005,  240,    0,    0,  120,    0,    0,    0,    0,    0,    0,    0,    0, -999
20200729, 1800,  , DB, 15.3N,  64.0W,  40, 1005,  300,    0,    0,  120,    0,    0,    0,    0,    0,    0,    0,    0, -999
20200730, 0000,  , TS, 15.8N,  65.7W,  45, 1004,  300,    0,    0,  180,    0,    0,    0,    0,    0,    0,    0,    0, -999
20200730, 0600,  , TS, 16.7N,  67.2W,  50, 1003,  300,   60,    0,  180,   80,    0,    0,    0,    0,    0,    0,    0, -999
20200730, 1200,  , TS, 17.7N,  68.5W,  55, 1002,  270,   90,    0,  180,   80,    0,    0,    0,    0,    0,    0,    0, -999
20200730, 1615, L, TS, 18.4N,  69.3W,  55, 1002,  270,   90,    0,  180,   80,    0,    0,    0,    0,    0,    0,    0, -999
20200730, 1800,  , TS, 18.9N,  69.8W,  60,  999,  210,   90,    0,  180,   80,    0,    0,    0,    0,    0,    0,    0, -999
20200731, 0000,  , HU, 19.9N,  71.2W,  65,  996,  180,   90,   30,  150,   80,   40,   20,   80,   25,    0,    0,    0, -999
20200731, 0600,  , HU, 20.5N,  72.7W,  70,  990,  180,   90,   50,  150,   80,   40,   30,   80,   40,   20,   10,   30, -999
20200731, 0900, L, HU, 20.9N,  73.4W,  70,  990,  180,   90,   50,  150,   80,   40,   30,   80,   40,   20,   10,   30, -999
20200731, 1200,  , HU, 21.3N,  74.0W,  65,  992,  180,   90,   50,  150,   80,   40,   30,   70,   30,   20,    0,   20, -999
20200731, 1800,  , HU, 22.1N,  75.1W,  70,  990,  150,   70,   30,  130,   80,   30,    0,   50,   30,   20,    0,   20, -999
20200801, 0000,  , HU, 22.9N,  75.9W,  75,  987,  150,   70,   30,  130,   80,   30,    0,   50,   30,   20,    0,   20, -999
20200801, 0600,  , HU, 23.6N,  76.7W,  75,  987,  150,   70,   30,  130,   80,   30,    0,   50,   30,   20,    0,   20, -999
20200801, 1200,  , HU, 24.3N,  77.5W,  70,  987,  100,   70,   30,  100,   70,   30,    0,   30,   20,   15,    0,   20, -999
20200801, 1300, L, HU, 24.4N,  77.7W,  70,  989,  100,   70,   30,  100,   60,   30,    0,   30,   20,   15,    0,   20, -999
20200801, 1800,  , TS, 24.8N,  78.3W,  60,  993,  100,   70,    0,   90,   50,   30,    0,   30,    0,    0,    0,    0, -999
20200802, 0000,  , TS, 25.3N,  78.9W,  60,  995,  100,   70,    0,   90,   50,   30,    0,   30,    0,    0,    0,    0, -999
20200802, 0600,  , TS, 25.9N,  79.2W,  55,  996,  100,   80,    0,   60,   50,   30,    0,   20,    0,    0,    0,    0, -999
20200802, 1200,  , TS, 26.6N,  79.5W,  55,  995,  100,   80,    0,   60,   50,   30,    0,   20,    0,    0,    0,    0, -999
20200802, 1800,  , TS, 27.4N,  79.6W,  60,  995,  100,   80,    0,   60,   50,   30,    0,   20,    0,    0,    0,    0, -999
20200803, 0000,  , TS, 28.2N,  79.7W,  60,  995,  100,   80,    0,   60,   50,   30,    0,   20,    0,    0,    0,    0, -999
20200803, 0600,  , TS, 29.1N,  79.9W,  60,  995,  100,  110,    0,   60,   50,   40,    0,   20,    0,    0,    0,    0, -999
20200803, 1200,  , TS, 30.1N,  80.0W,  60,  995,  100,  110,    0,   60,   50,   50,    0,   20,    0,    0,    0,    0, -999
20200803, 1800,  , HU, 31.2N,  79.7W,  65,  991,  110,  110,   40,   60,   50,   50,    0,   20,   20,   20,    0,    0, -999
20200804, 0000,  , HU, 32.8N,  79.1W,  80,  986,  110,  110,   40,   60,   50,   50,   30,   30,   20,   20,   20,    0, -999
20200804, 0310, L, HU, 33.9N,  78.5W,  80,  986,  110,  110,   40,   60,   50,   50,   30,   30,   20,   20,   20,    0,   25
20200804, 0600,  , TS, 35.0N,  78.1W,  60,  992,  110,  120,   40,   40,   50,   50,    0,    0,    0,    0,    0,    0, -999
20200804, 1200,  , TS, 37.7N,  76.8W,  60,  993,  110,  120,   40,   40,   60,   60,    0,    0,    0,    0,    0,    0, -999
20200804, 1800,  , TS, 40.9N,  75.1W,  55,  994,  110,  150,   40,   40,   60,   80,    0,    0,    0,    0,    0,    0, -999
20200805, 0000,  , EX, 44.0N,  73.1W,  45,  998,   60,  150,    0,    0,    0,    0,    0,    0,    0,    0,    0,    0, -999
20200805, 0600,  , EX, 46.7N,  71.8W,  35, 1000,   90,   90,    0,    0,    0,    0,    0,    0,    0,    0,    0,    0, -999
AL102020,                TEN,     14,
20200729, 1800,  , LO, 12.7N,  19.7W,  25, 1009,    0,    0,    0,    0,    0,    0,    0,    0,    0,    0,    0,    0, -999
20200730, 0000,  , LO, 12.7N,  20.1W,  25, 1009,    0,    0,    0,    0,    0,    0,    0,    0,    0,    0,    0,    0, -999
20200730, 0600,  , LO, 12.8N,  20.4W,  25, 1009,    0,    0,    0,    0,    0,    0,    0,    0,    0,    0,    0,    0, -999
20200730, 1200,  , LO, 13.0N,  20.4W,  30, 1008,    0,    0,    0,    0,    0,    0,    0,    0,    0,    0,    0,    0, -999
20200730, 1800,  , LO, 13.1N,  20.2W,  30, 1008,    0,    0,    0,    0,    0,    0,    0,    0,    0,    0,    0,    0, -999
20200731, 0000,  , LO, 13.2N,  20.0W,  30, 1008,    0,    0,    0,    0,    0,    0,    0,    0,    0,    0,    0,    0, -999
20200731, 0600,  , LO, 13.7N,  19.7W,  30, 1008,    0,    0,    0,    0,    0,    0,    0,    0,    0,    0,    0,    0, -999
20200731, 1200,  , LO, 14.5N,  19.4W,  30, 1008,    0,    0,    0,    0,    0,    0,    0,    0,    0,    0,    0,    0, -999
20200731, 1800,  , TD, 15.5N,  19.7W,  30, 1008,    0,    0,    0,    0,    0,    0,    0,    0,    0,    0,    0,    0, -999
20200801, 0000,  , TD, 16.5N,  20.3W,  30, 1008,    0,    0,    0,    0,    0,    0,    0,    0,    0,    0,    0,    0, -999
20200801, 0600,  , TD, 17.4N,  21.0W,  30, 1008,    0,    0,    0,    0,    0,    0,    0,    0,    0,    0,    0,    0, -999
20200801, 1200,  , TD, 18.3N,  21.8W,  25, 1009,    0,    0,    0,    0,    0,    0,    0,    0,    0,    0,    0,    0, -999
20200801, 1800,  , TD, 19.0N,  23.0W,  25, 1009,    0,    0,    0,    0,    0,    0,    0,    0,    0,    0,    0,    0, -999
20200802, 0000,  , LO, 19.4N,  24.4W,  20, 1010,    0,    0,    0,    0,    0,    0,    0,    0,    0,    0,    0,    0, -999
AL112020,          JOSEPHINE,     24,
20200810, 1800,  , LO, 11.1N,  34.2W,  25, 1009,    0,    0,    0,    0,    0,    0,    0,    0,    0,    0,    0,    0, -999
20200811, 0000,  , LO, 11.3N,  35.4W,  30, 1008,    0,    0,    0,    0,    0,    0,    0,    0,    0,    0,    0,    0, -999
20200811, 0600,  , TD, 11.4N,  36.8W,  30, 1008,    0,    0,    0,    0,    0,    0,    0,    0,    0,    0,    0,    0, -999
20200811, 1200,  , TD, 11.5N,  38.2W,  30, 1008,    0,    0,    0,    0,    0,    0,    0,    0,    0,    0,    0,    0, -999
20200811, 1800,  , TD, 11.7N,  39.6W,  30, 1008,    0,    0,    0,    0,    0,    0,    0,    0,    0,    0,    0,    0, -999
20200812, 0000,  , TD, 11.9N,  41.0W,  30, 1008,    0,    0,    0,    0,    0,    0,    0,    0,    0,    0,    0,    0, -999
20200812, 0600,  , TD, 12.0N,  42.3W,  30, 1008,    0,    0,    0,    0,    0,    0,    0,    0,    0,    0,    0,    0, -999
20200812, 1200,  , TD, 12.1N,  43.7W,  30, 1007,    0,    0,    0,    0,    0,    0,    0,    0,    0,    0,    0,    0, -999
20200812, 1800,  , TD, 12.2N,  44.9W,  30, 1007,    0,    0,    0,    0,    0,    0,    0,    0,    0,    0,    0,    0, -999
20200813, 0000,  , TD, 12.4N,  46.1W,  30, 1007,    0,    0,    0,    0,    0,    0,    0,    0,    0,    0,    0,    0, -999
20200813, 0600,  , TD, 12.7N,  47.3W,  30, 1007,    0,    0,    0,    0,    0,    0,    0,    0,    0,    0,    0,    0, -999
20200813, 1200,  , TS, 13.4N,  48.6W,  40, 1005,   90,    0,    0,   90,    0,    0,    0,    0,    0,    0,    0,    0, -999
20200813, 1800,  , TS, 14.0N,  50.0W,  40, 1005,   80,    0,    0,   80,    0,    0,    0,    0,    0,    0,    0,    0, -999
20200814, 0000,  , TS, 14.5N,  51.3W,  35, 1005,   70,    0,    0,   70,    0,    0,    0,    0,    0,    0,    0,    0, -999
20200814, 0600,  , TS, 15.1N,  52.8W,  35, 1005,   70,    0,    0,   70,    0,    0,    0,    0,    0,    0,    0,    0, -999
20200814, 1200,  , TS, 16.2N,  54.2W,  35, 1005,   70,    0,    0,   70,    0,    0,    0,    0,    0,    0,    0,    0, -999
20200814, 1800,  , TS, 17.4N,  55.6W,  40, 1004,   80,    0,    0,   60,    0,    0,    0,    0,    0,    0,    0,    0, -999
20200815, 0000,  , TS, 18.0N,  56.9W,  40, 1004,   80,    0,    0,   40,    0,    0,    0,    0,    0,    0,    0,    0, -999
20200815, 0600,  , TS, 18.4N,  58.3W,  40, 1005,   80,    0,    0,   20,    0,    0,    0,    0,    0,    0,    0,    0, -999
20200815, 1200,  , TS, 18.8N,  59.7W,  35, 1007,   90,    0,    0,    0,    0,    0,    0,    0,    0,    0,    0,    0, -999
20200815, 1800,  , TS, 19.6N,  60.9W,  35, 1009,  100,    0,    0,    0,    0,    0,    0,    0,    0,    0,    0,    0, -999
20200816, 0000,  , TS, 19.8N,  62.1W,  35, 1009,  100,    0,    0,    0,    0,    0,    0,    0,    0,    0,    0,    0, -999
20200816, 0600,  , TD, 20.0N,  63.4W,  30, 1010,    0,    0,    0,    0,    0,    0,    0,    0,    0,    0,    0,    0, -999
20200816, 1200,  , TD, 20.2N,  64.5W,  30, 1010,    0,    0,    0,    0,    0,    0,    0,    0,    0,    0,    0,    0, -999
AL122020,               KYLE,      7,
20200814, 1200,  , TS, 36.6N,  74.2W,  35, 1008,    0,   90,    0,    0,    0,    0,    0,    0,    0,    0,    0,    0, -999
20200814, 1800,  , TS, 37.4N,  72.6W,  35, 1007,    0,   90,    0,    0,    0,    0,    0,    0,    0,    0,    0,    0, -999
20200815, 0000,  , TS, 38.0N,  71.0W,  40, 1005,    0,   90,    0,    0,    0,    0,    0,    0,    0,    0,    0,    0, -999
20200815, 0600,  , TS, 38.4N,  69.1W,  45, 1003,   70,   70,    0,    0,    0,    0,    0,    0,    0,    0,    0,    0, -999
20200815, 1200,  , TS, 38.8N,  66.7W,  45, 1000,   70,   70,    0,    0,    0,    0,    0,    0,    0,    0,    0,    0, -999
20200815, 1800,  , TS, 39.3N,  64.2W,  40, 1001,  150,   70,    0,    0,    0,    0,    0,    0,    0,    0,    0,    0, -999
20200816, 0000,  , EX, 39.7N,  61.6W,  35, 1003,  120,  100,   80,  120,    0,    0,    0,    0,    0,    0,    0,    0, -999
AL132020,              LAURA,     42,
20200820, 0000,  , TD, 14.4N,  47.3W,  30, 1008,    0,    0,    0,    0,    0,    0,    0,    0,    0,    0,    0,    0, -999
20200820, 0600,  , TD, 15.4N,  49.6W,  30, 1008,    0,    0,    0,    0,    0,    0,    0,    0,    0,    0,    0,    0, -999
20200820, 1200,  , TD, 16.1N,  51.6W,  30, 1008,    0,    0,    0,    0,    0,    0,    0,    0,    0,    0,    0,    0, -999
20200820, 1800,  , TD, 16.6N,  53.4W,  30, 1008,    0,    0,    0,    0,    0,    0,    0,    0,    0,    0,    0,    0, -999
20200821, 0000,  , TD, 16.8N,  55.5W,  30, 1008,    0,    0,    0,    0,    0,    0,    0,    0,    0,    0,    0,    0, -999
20200821, 0600,  , TD, 16.9N,  57.5W,  30, 1008,    0,    0,    0,    0,    0,    0,    0,    0,    0,    0,    0,    0, -999
20200821, 1200,  , TS, 17.0N,  59.4W,  40, 1008,  130,    0,    0,   60,    0,    0,    0,    0,    0,    0,    0,    0, -999
20200821, 1800,  , TS, 17.1N,  61.1W,  40, 1007,  150,   90,    0,   60,    0,    0,    0,    0,    0,    0,    0,    0, -999
20200821, 2030, L, TS, 17.1N,  61.8W,  40, 1007,  150,   90,    0,   60,    0,    0,    0,    0,    0,    0,    0,    0, -999
20200821, 2330, L, TS, 17.1N,  62.6W,  40, 1007,  150,   90,    0,   60,    0,    0,    0,    0,    0,    0,    0,    0, -999
20200822, 0000,  , TS, 17.1N,  62.8W,  40, 1007,  180,  180,    0,    0,    0,    0,    0,    0,    0,    0,    0,    0, -999
20200822, 0600,  , TS, 17.4N,  64.4W,  40, 1007,  180,  180,    0,    0,    0,    0,    0,    0,    0,    0,    0,    0, -999
20200822, 1200,  , TS, 17.7N,  65.9W,  45, 1006,  180,  180,    0,    0,    0,    0,    0,    0,    0,    0,    0,    0, -999
20200822, 1800,  , TS, 17.9N,  67.4W,  45, 1004,  180,  180,    0,    0,    0,    0,    0,    0,    0,    0,    0,    0, -999
20200823, 0000,  , TS, 18.2N,  68.8W,  45, 1004,  120,  120,    0,   60,    0,    0,    0,    0,    0,    0,    0,    0, -999
20200823, 0430, L, TS, 18.4N,  70.0W,  45, 1004,  120,  120,    0,   60,    0,    0,    0,    0,    0,    0,    0,    0, -999
20200823, 0600,  , TS, 18.5N,  70.3W,  45, 1004,  120,  120,    0,   60,    0,    0,    0,    0,    0,    0,    0,    0, -999
20200823, 1200,  , TS, 18.8N,  72.3W,  45, 1004,  120,  120,    0,   40,    0,    0,    0,    0,    0,    0,    0,    0, -999
20200823, 1800,  , TS, 19.4N,  74.3W,  55, 1002,  120,  120,    0,   40,   30,    0,    0,    0,    0,    0,    0,    0, -999
20200824, 0000,  , TS, 19.8N,  76.0W,  55, 1000,  120,  120,    0,   40,   40,   40,    0,    0,    0,    0,    0,    0, -999
20200824, 0200, L, TS, 20.0N,  76.6W,  55, 1000,  120,  120,    0,   40,   40,   40,    0,    0,    0,    0,    0,    0, -999
20200824, 0600,  , TS, 20.2N,  77.8W,  50, 1000,  150,  130,    0,    0,   40,   40,    0,    0,    0,    0,    0,    0, -999
20200824, 1200,  , TS, 20.8N,  79.7W,  50, 1002,  150,  140,    0,    0,   40,   50,    0,    0,    0,    0,    0,    0, -999
20200824, 1800,  , TS, 21.5N,  81.5W,  50, 1001,  150,  140,    0,    0,   60,   60,    0,    0,    0,    0,    0,    0, -999
20200825, 0000, L, TS, 22.3N,  83.3W,  55,  998,  150,  140,    0,    0,   60,   60,    0,    0,    0,    0,    0,    0, -999
20200825, 0600,  , TS, 22.8N,  84.8W,  60,  995,  150,  140,   30,   90,   60,   60,    0,   20,    0,    0,    0,    0, -999
20200825, 1200,  , HU, 23.4N,  86.2W,  65,  990,  150,  140,   60,   90,   60,   60,   20,   40,   40,    0,    0,    0, -999
20200825, 1800,  , HU, 24.1N,  87.5W,  70,  990,  150,  140,   60,   90,   60,   60,   20,   40,   40,    0,    0,    0, -999
20200826, 0000,  , HU, 24.9N,  88.9W,  75,  983,  150,  140,   60,   90,   60,   60,   30,   60,   40,   40,    0,   40, -999
20200826, 0600,  , HU, 25.6N,  90.2W,  90,  978,  150,  140,   60,   90,  100,   90,   30,   60,   60,   50,   20,   40, -999
20200826, 1200,  , HU, 26.4N,  91.4W, 100,  963,  160,  140,   70,   90,  100,   90,   30,   60,   60,   50,   20,   40, -999
20200826, 1800,  , HU, 27.3N,  92.5W, 120,  952,  180,  150,   80,  100,   90,   90,   50,   60,   50,   50,   30,   40, -999
20200827, 0000,  , HU, 28.5N,  93.0W, 130,  937,  160,  150,   80,  100,   90,   90,   50,   60,   50,   50,   30,   40, -999
20200827, 0600, L, HU, 29.8N,  93.3W, 130,  939,  120,  150,   80,   80,   60,   70,   40,   40,   40,   50,   30,   30,   15
20200827, 1200,  , HU, 31.2N,  93.3W,  85,  970,   80,  120,   50,   60,   50,   40,   30,   30,   30,   30,   15,   20, -999
20200827, 1800,  , TS, 32.8N,  92.9W,  55,  988,   80,   80,   30,   40,   30,   30,    0,    0,    0,    0,    0,    0, -999
20200828, 0000,  , TS, 34.4N,  92.5W,  35,  993,   80,   80,   30,   40,    0,    0,    0,    0,    0,    0,    0,    0, -999
20200828, 0600,  , TD, 35.4N,  92.0W,  25,  998,    0,    0,    0,    0,    0,    0,    0,    0,    0,    0,    0,    0, -999
20200828, 1200,  , TD, 36.1N,  91.2W,  25, 1000,    0,    0,    0,    0,    0,    0,    0,    0,    0,    0,    0,    0, -999
20200828, 1800,  , TD, 37.0N,  90.0W,  25, 1003,    0,    0,    0,    0,    0,    0,    0,    0,    0,    0,    0,    0, -999
20200829, 0000,  , TD, 37.5N,  88.0W,  25, 1004,    0,    0,    0,    0,    0,    0,    0,    0,    0,    0,    0,    0, -999
20200829, 0600,  , LO, 38.3N,  84.8W,  20, 1004,    0,    0,    0,    0,    0,    0,    0,    0,    0,    0,    0,    0, -999
AL142020,              MARCO,     21,
20200820, 1800,  , LO, 14.1N,  80.5W,  30, 1009,    0,    0,    0,    0,    0,    0,    0,    0,    0,    0,    0,    0, -999
20200821, 0000,  , LO, 14.6N,  81.8W,  30, 1007,    0,    0,    0,    0,    0,    0,    0,    0,    0,    0,    0,    0, -999
20200821, 0600,  , TD, 15.3N,  82.9W,  30, 1007,    0,    0,    0,    0,    0,    0,    0,    0,    0,    0,    0,    0, -999
20200821, 1200,  , TD, 16.3N,  83.7W,  30, 1008,    0,    0,    0,    0,    0,    0,    0,    0,    0,    0,    0,    0, -999
20200821, 1800,  , TD, 17.4N,  84.2W,  30, 1007,    0,    0,    0,    0,    0,    0,    0,    0,    0,    0,    0,    0, -999
20200822, 0000,  , TS, 18.3N,  84.6W,  35, 1006,   80,    0,    0,    0,    0,    0,    0,    0,    0,    0,    0,    0, -999
20200822, 0600,  , TS, 19.2N,  85.1W,  40, 1004,   60,    0,    0,    0,    0,    0,    0,    0,    0,    0,    0,    0, -999
20200822, 1200,  , TS, 20.3N,  85.2W,  55,  993,   40,   40,   10,   30,   20,   20,    0,    0,    0,    0,    0,    0, -999
20200822, 1800,  , TS, 21.3N,  85.5W,  55,  992,   50,   80,   10,   40,   20,   20,    0,   10,    0,    0,    0,    0, -999
20200823, 0000,  , TS, 22.2N,  86.1W,  55,  994,   50,   70,   10,   30,   20,   20,    0,   10,    0,    0,    0,    0, -999
20200823, 0600,  , TS, 23.2N,  86.7W,  60,  994,   50,   50,   10,   30,   20,   20,    0,   10,    0,    0,    0,    0, -999
20200823, 1200,  , HU, 24.3N,  87.2W,  65,  991,   70,   60,   20,   40,   30,   30,    0,   20,   15,   15,    0,    0, -999
20200823, 1800,  , HU, 25.3N,  87.4W,  65,  992,   90,   70,   30,   60,   30,   30,    0,   20,   15,   15,    0,    0, -999
20200824, 0000,  , TS, 26.4N,  87.6W,  55,  997,   90,   50,   30,   50,   30,   30,    0,   20,    0,    0,    0,    0, -999
20200824, 0600,  , TS, 27.3N,  87.9W,  50, 1003,   90,   30,    0,   40,   30,    0,    0,    0,    0,    0,    0,    0, -999
20200824, 1200,  , TS, 28.1N,  88.3W,  45, 1006,   90,   30,    0,    0,    0,    0,    0,    0,    0,    0,    0,    0, -999
20200824, 1800,  , TS, 28.7N,  88.6W,  40, 1007,   70,    0,    0,    0,    0,    0,    0,    0,    0,    0,    0,    0, -999
20200825, 0000,  , TS, 28.9N,  89.3W,  35, 1006,   70,    0,    0,    0,    0,    0,    0,    0,    0,    0,    0,    0, -999
20200825, 0600,  , LO, 28.7N,  90.5W,  25, 1008,    0,    0,    0,    0,    0,    0,    0,    0,    0,    0,    0,    0, -999
20200825, 1200,  , LO, 28.6N,  91.4W,  20, 1009,    0,    0,    0,    0,    0,    0,    0,    0,    0,    0,    0,    0, -999
20200825, 1800,  , LO, 29.1N,  92.3W,  20, 1009,    0,    0,    0,    0,    0,    0,    0,    0,    0,    0,    0,    0, -999
AL152020,               OMAR,     27,
20200830, 1800,  , LO, 30.2N,  80.7W,  25, 1011,    0,    0,    0,    0,    0,    0,    0,    0,    0,    0,    0,    0, -999
20200831, 0000,  , LO, 30.2N,  79.4W,  25, 1010,    0,    0,    0,    0,    0,    0,    0,    0,    0,    0,    0,    0, -999
20200831, 0600,  , TD, 30.6N,  78.2W,  30, 1009,    0,    0,    0,    0,    0,    0,    0,    0,    0,    0,    0,    0, -999
20200831, 1200,  , TD, 31.5N,  77.4W,  30, 1009,    0,    0,    0,    0,    0,    0,    0,    0,    0,    0,    0,    0, -999
20200831, 1800,  , TD, 32.2N,  76.9W,  30, 1008,    0,    0,    0,    0,    0,    0,    0,    0,    0,    0,    0,    0, -999
20200901, 0000,  , TD, 32.9N,  76.2W,  30, 1007,    0,    0,    0,    0,    0,    0,    0,    0,    0,    0,    0,    0, -999
20200901, 0600,  , TD, 33.8N,  75.0W,  30, 1005,    0,    0,    0,    0,    0,    0,    0,    0,    0,    0,    0,    0, -999
20200901, 1200,  , TS, 34.6N,  73.7W,  35, 1003,    0,   70,    0,    0,    0,    0,    0,    0,    0,    0,    0,    0, -999
20200901, 1800,  , TS, 35.2N,  72.2W,  35, 1003,    0,   70,    0,    0,    0,    0,    0,    0,    0,    0,    0,    0, -999
20200902, 0000,  , TS, 35.8N,  70.7W,  35, 1003,    0,   70,    0,    0,    0,    0,    0,    0,    0,    0,    0,    0, -999
20200902, 0600,  , TS, 36.1N,  69.3W,  35, 1003,    0,   70,    0,    0,    0,    0,    0,    0,    0,    0,    0,    0, -999
20200902, 1200,  , TS, 36.2N,  68.0W,  35, 1003,    0,   70,    0,    0,    0,    0,    0,    0,    0,    0,    0,    0, -999
20200902, 1800,  , TS, 36.2N,  66.4W,  35, 1004,    0,   70,    0,    0,    0,    0,    0,    0,    0,    0,    0,    0, -999
20200903, 0000,  , TD, 36.2N,  64.8W,  30, 1005,    0,    0,    0,    0,    0,    0,    0,    0,    0,    0,    0,    0, -999
20200903, 0600,  , TD, 36.1N,  63.0W,  30, 1005,    0,    0,    0,    0,    0,    0,    0,    0,    0,    0,    0,    0, -999
20200903, 1200,  , TD, 36.1N,  61.7W,  30, 1005,    0,    0,    0,    0,    0,    0,    0,    0,    0,    0,    0,    0, -999
20200903, 1800,  , TD, 35.6N,  60.5W,  30, 1005,    0,    0,    0,    0,    0,    0,    0,    0,    0,    0,    0,    0, -999
20200904, 0000,  , TD, 35.3N,  59.5W,  30, 1006,    0,    0,    0,    0,    0,    0,    0,    0,    0,    0,    0,    0, -999
20200904, 0600,  , TD, 35.3N,  58.8W,  30, 1006,    0,    0,    0,    0,    0,    0,    0,    0,    0,    0,    0,    0, -999
20200904, 1200,  , TD, 35.3N,  58.0W,  30, 1006,    0,    0,    0,    0,    0,    0,    0,    0,    0,    0,    0,    0, -999
20200904, 1800,  , TD, 35.3N,  57.5W,  30, 1006,    0,    0,    0,    0,    0,    0,    0,    0,    0,    0,    0,    0, -999
20200905, 0000,  , TD, 35.5N,  57.3W,  30, 1007,    0,    0,    0,    0,    0,    0,    0,    0,    0,    0,    0,    0, -999
20200905, 0600,  , TD, 36.0N,  57.3W,  30, 1008,    0,    0,    0,    0,    0,    0,    0,    0,    0,    0,    0,    0, -999
20200905, 1200,  , TD, 36.8N,  57.3W,  30, 1009,    0,    0,    0,    0,    0,    0,    0,    0,    0,    0,    0,    0, -999
20200905, 1800,  , LO, 37.7N,  57.1W,  30, 1010,    0,    0,    0,    0,    0,    0,    0,    0,    0,    0,    0,    0, -999
20200906, 0000,  , LO, 38.8N,  56.8W,  30, 1011,    0,    0,    0,    0,    0,    0,    0,    0,    0,    0,    0,    0, -999
20200906, 0600,  , LO, 40.4N,  55.6W,  30, 1012,    0,    0,    0,    0,    0,    0,    0,    0,    0,    0,    0,    0, -999
AL162020,               NANA,     13,
20200901, 0600,  , TS, 15.9N,  75.2W,  35, 1006,   60,    0,    0,    0,    0,    0,    0,    0,    0,    0,    0,    0, -999
20200901, 1200,  , TS, 16.3N,  76.8W,  40, 1004,   60,    0,    0,   60,    0,    0,    0,    0,    0,    0,    0,    0, -999
20200901, 1800,  , TS, 16.7N,  78.4W,  50, 1002,   60,    0,    0,   60,   20,    0,    0,    0,    0,    0,    0,    0, -999
20200902, 0000,  , TS, 17.0N,  80.1W,  50, 1000,   60,   30,    0,   60,   20,    0,    0,    0,    0,    0,    0,    0, -999
20200902, 0600,  , TS, 17.0N,  81.9W,  50,  998,   60,   30,    0,   60,   20,    0,    0,   20,    0,    0,    0,    0, -999
20200902, 1200,  , TS, 17.1N,  83.7W,  50,  998,   60,   30,    0,   60,   20,   10,    0,   20,    0,    0,    0,    0, -999
20200902, 1800,  , TS, 17.1N,  85.3W,  50,  998,   60,   30,    0,   60,   20,   10,    0,   20,    0,    0,    0,    0, -999
20200903, 0000,  , TS, 17.0N,  86.8W,  60,  994,   60,   40,   20,   60,   20,   20,    0,   10,    0,    0,    0,    0, -999
20200903, 0300, I, HU, 16.9N,  87.5W,  65,  994,   60,   40,   20,   60,   20,   20,    0,   20,   10,    0,    0,   10, -999
20200903, 0600, L, HU, 16.8N,  88.3W,  65,  994,   60,   40,   20,   60,   20,   20,    0,   20,   10,    0,    0,   10, -999
20200903, 1200,  , TS, 16.4N,  89.6W,  45, 1001,   40,   40,   20,   40,    0,    0,    0,    0,    0,    0,    0,    0, -999
20200903, 1800,  , TD, 16.1N,  90.5W,  30, 1005,    0,    0,    0,    0,    0,    0,    0,    0,    0,    0,    0,    0, -999
20200904, 0000,  , LO, 15.8N,  91.4W,  20, 1007,    0,    0,    0,    0,    0,    0,    0,    0,    0,    0,    0,    0, -999
AL172020,           PAULETTE,     88,
20200907, 0000,  , TD, 16.9N,  41.3W,  30, 1006,    0,    0,    0,    0,    0,    0,    0,    0,    0,    0,    0,    0, -999
20200907, 0600,  , TD, 17.0N,  41.8W,  30, 1006,    0,    0,    0,    0,    0,    0,    0,    0,    0,    0,    0,    0, -999
20200907, 1200,  , TS, 17.1N,  42.1W,  35, 1005,   60,    0,    0,    0,    0,    0,    0,    0,    0,    0,    0,    0, -999
20200907, 1800,  , TS, 17.3N,  42.3W,  35, 1005,   60,    0,    0,    0,    0,    0,    0,    0,    0,    0,    0,    0, -999
20200908, 0000,  , TS, 17.6N,  42.4W,  40, 1004,   70,    0,    0,   50,    0,    0,    0,    0,    0,    0,    0,    0, -999
20200908, 0600,  , TS, 17.9N,  42.6W,  45, 1000,   90,   70,    0,   70,    0,    0,    0,    0,    0,    0,    0,    0, -999
20200908, 1200,  , TS, 18.3N,  43.0W,  50,  997,   90,   70,   20,   70,   40,    0,    0,   30,    0,    0,    0,    0, -999
20200908, 1800,  , TS, 18.6N,  43.7W,  50,  997,   90,   70,   20,   70,   40,    0,    0,   30,    0,    0,    0,    0, -999
20200909, 0000,  , TS, 18.9N,  44.5W,  50,  997,  120,   60,   30,  100,   50,    0,    0,   50,    0,    0,    0,    0, -999
20200909, 0600,  , TS, 19.2N,  45.2W,  50,  997,  150,   60,   30,  130,   50,    0,    0,   50,    0,    0,    0,    0, -999
20200909, 1200,  , TS, 19.6N,  46.0W,  50,  996,  180,   60,   60,  170,   60,    0,    0,   60,    0,    0,    0,    0, -999
20200909, 1800,  , TS, 20.0N,  46.8W,  50,  996,  180,   60,   60,  170,   60,    0,    0,   80,    0,    0,    0,    0, -999
20200910, 0000,  , TS, 20.4N,  47.6W,  50,  996,  180,   60,   60,  170,   90,    0,    0,   60,    0,    0,    0,    0, -999
20200910, 0600,  , TS, 20.8N,  48.3W,  50,  996,  180,   60,   60,  170,   90,    0,    0,   60,    0,    0,    0,    0, -999
20200910, 1200,  , TS, 21.3N,  48.9W,  45,  998,  180,   70,   60,  170,    0,    0,    0,    0,    0,    0,    0,    0, -999
20200910, 1800,  , TS, 21.8N,  49.6W,  45,  998,  180,   70,   60,  170,    0,    0,    0,    0,    0,    0,    0,    0, -999
20200911, 0000,  , TS, 22.3N,  50.3W,  50,  994,  180,   70,   60,  170,   50,    0,    0,   50,    0,    0,    0,    0, -999
20200911, 0600,  , TS, 22.8N,  51.1W,  55,  991,  180,   70,   60,  170,   50,    0,    0,   50,    0,    0,    0,    0, -999
20200911, 1200,  , TS, 23.4N,  52.1W,  55,  990,  180,   70,   60,  170,   50,    0,    0,   50,    0,    0,    0,    0, -999
20200911, 1800,  , TS, 24.3N,  53.1W,  55,  989,  180,   70,   60,  170,   50,    0,    0,   50,    0,    0,    0,    0, -999
20200912, 0000,  , TS, 25.4N,  54.3W,  60,  987,  180,   80,   60,  170,   60,   20,   20,   40,    0,    0,    0,    0, -999
20200912, 0600,  , TS, 26.4N,  55.6W,  60,  986,  180,   80,   60,  170,   60,   20,   20,   40,    0,    0,    0,    0, -999
20200912, 1200,  , TS, 27.3N,  56.7W,  60,  985,  180,   80,   60,  170,   60,   20,   20,   40,    0,    0,    0,    0, -999
20200912, 1800,  , TS, 28.0N,  57.8W,  60,  984,  170,  100,   50,  170,   60,   20,   20,   40,    0,    0,    0,    0, -999
20200913, 0000,  , HU, 28.6N,  59.1W,  65,  981,  170,  100,   80,  170,   60,   30,   30,   40,   20,   20,    0,   20, -999
20200913, 0600,  , HU, 29.1N,  60.3W,  65,  980,  170,  100,   80,  170,   60,   30,   30,   60,   30,   20,    0,   20, -999
20200913, 1200,  , HU, 29.6N,  61.4W,  70,  976,  170,  100,   80,  170,   80,   50,   40,   80,   50,   20,    0,   30, -999
20200913, 1800,  , HU, 30.2N,  62.6W,  75,  974,  150,  100,   80,  150,   80,   50,   40,   80,   50,   20,    0,   30, -999
20200914, 0000,  , HU, 30.9N,  63.6W,  75,  974,  150,  100,   80,  150,   80,   50,   30,   80,   40,   20,    0,   30, -999
20200914, 0600,  , HU, 31.8N,  64.4W,  80,  973,  150,  100,   80,  150,   80,   50,   30,   80,   40,   20,    0,   30, -999
20200914, 0850, L, HU, 32.3N,  64.7W,  85,  971,  150,  100,   80,  150,   80,   50,   30,   80,   40,   20,    0,   30, -999
20200914, 1200,  , HU, 32.9N,  64.9W,  85,  968,  150,  100,   80,  150,   80,   50,   30,   80,   40,   20,    0,   30, -999
20200914, 1800,  , HU, 33.9N,  64.4W,  90,  965,  150,  140,   80,  150,   80,   80,   60,   70,   50,   30,    0,   40, -999
20200915, 0000,  , HU, 35.1N,  63.3W,  90,  965,  150,  180,  110,  150,   80,  100,   70,   70,   50,   50,   30,   50, -999
20200915, 0600,  , HU, 36.3N,  62.0W,  90,  965,  150,  200,  130,  150,   80,  100,   70,   70,   50,   50,   50,   50, -999
20200915, 1200,  , HU, 37.6N,  59.5W,  90,  965,  150,  200,  130,  180,   80,  100,   70,   70,   50,   50,   50,   50, -999
20200915, 1800,  , HU, 38.7N,  56.7W,  85,  966,  160,  200,  130,  220,   80,  110,   60,   80,   50,   50,   50,   50, -999
20200916, 0000,  , HU, 40.0N,  54.0W,  85,  966,  160,  200,  130,  220,   80,  110,   90,   80,   50,   50,   50,   50, -999
20200916, 0600,  , HU, 41.2N,  50.8W,  80,  968,  160,  220,  200,  220,   90,  130,  120,  100,   50,   70,   60,   60, -999
20200916, 1200,  , EX, 42.6N,  46.9W,  75,  973,  160,  220,  200,  220,   90,  130,  120,  100,   50,   70,   60,   60, -999
20200916, 1800,  , EX, 44.3N,  43.1W,  70,  974,  180,  230,  220,  220,   90,  130,  130,  110,   50,   50,   70,   70, -999
20200917, 0000,  , EX, 45.9N,  39.3W,  65,  975,  200,  240,  240,  220,   80,  120,  150,  120,    0,    0,   90,   90, -999
20200917, 0600,  , EX, 47.0N,  36.5W,  60,  977,  200,  240,  240,  220,   80,  120,  150,  120,    0,    0,    0,    0, -999
20200917, 1200,  , EX, 47.0N,  34.5W,  55,  979,  190,  180,  240,  220,    0,   90,  130,  130,    0,    0,    0,    0, -999
20200917, 1800,  , EX, 46.6N,  33.0W,  50,  982,  160,  160,  240,  220,    0,    0,  120,    0,    0,    0,    0,    0, -999
20200918, 0000,  , EX, 46.0N,  31.8W,  45,  986,  140,  140,  240,  220,    0,    0,    0,    0,    0,    0,    0,    0, -999
20200918, 0600,  , EX, 44.6N,  31.4W,  45,  989,  140,  140,  240,  220,    0,    0,    0,    0,    0,    0,    0,    0, -999
20200918, 1200,  , EX, 42.8N,  31.3W,  40,  997,    0,    0,  200,  200,    0,    0,    0,    0,    0,    0,    0,    0, -999
20200918, 1800,  , EX, 41.0N,  31.2W,  40,  999,    0,    0,  200,  200,    0,    0,    0,    0,    0,    0,    0,    0, -999
20200919, 0000,  , EX, 39.1N,  31.1W,  40, 1002,    0,    0,    0,  120,    0,    0,    0,    0,    0,    0,    0,    0, -999
20200919, 0600,  , LO, 37.7N,  31.1W,  40, 1002,    0,    0,    0,  120,    0,    0,    0,    0,    0,    0,    0,    0, -999
20200919, 1200,  , LO, 36.5N,  30.5W,  40, 1006,    0,    0,    0,  120,    0,    0,    0,    0,    0,    0,    0,    0, -999
20200919, 1800,  , LO, 35.9N,  29.8W,  35, 1008,    0,    0,    0,  120,    0,    0,    0,    0,    0,    0,    0,    0, -999
20200920, 0000,  , LO, 35.7N,  29.5W,  35, 1008,   80,    0,    0,   90,    0,    0,    0,    0,    0,    0,    0,    0, -999
20200920, 0600,  , LO, 35.5N,  29.4W,  35, 1008,   80,    0,    0,   90,    0,    0,    0,    0,    0,    0,    0,    0, -999
20200920, 1200,  , LO, 35.1N,  29.7W,  35, 1008,   80,    0,    0,   90,    0,    0,    0,    0,    0,    0,    0,    0, -999
20200920, 1800,  , TS, 34.7N,  30.6W,  35, 1008,   80,    0,    0,   90,    0,    0,    0,    0,    0,    0,    0,    0, -999
20200921, 0000,  , TS, 34.1N,  31.2W,  35, 1008,    0,    0,   80,   90,    0,    0,    0,    0,    0,    0,    0,    0, -999
20200921, 0600,  , TS, 33.3N,  31.2W,  35, 1008,    0,    0,   80,   90,    0,    0,    0,    0,    0,    0,    0,    0, -999
20200921, 1200,  , TS, 32.9N,  29.8W,  35, 1008,    0,    0,   80,   90,    0,    0,    0,    0,    0,    0,    0,    0, -999
20200921, 1800,  , TS, 33.3N,  28.1W,  40, 1008,   60,   60,   70,   50,    0,    0,    0,    0,    0,    0,    0,    0, -999
20200922, 0000,  , TS, 33.8N,  26.3W,  50, 1004,   30,   70,   60,   30,    0,   30,    0,    0,    0,    0,    0,    0, -999
20200922, 0600,  , TS, 34.5N,  24.6W,  50, 1002,   30,   70,   60,    0,    0,   30,    0,    0,    0,    0,    0,    0, -999
20200922, 1200,  , LO, 34.8N,  23.1W,  40, 1004,   30,   50,   50,    0,    0,    0,    0,    0,    0,    0,    0,    0, -999
20200922, 1800,  , LO, 34.7N,  21.8W,  35, 1006,   30,   50,   50,    0,    0,    0,    0,    0,    0,    0,    0,    0, -999
20200923, 0000,  , LO, 34.8N,  20.5W,  35, 1006,   30,   50,   50,    0,    0,    0,    0,    0,    0,    0,    0,    0, -999
20200923, 0600,  , LO, 35.0N,  19.2W,  40, 1006,   30,   40,   40,    0,    0,    0,    0,    0,    0,    0,    0,    0, -999
20200923, 1200,  , LO, 35.6N,  18.1W,  45, 1003,   30,   40,   40,   40,    0,    0,    0,    0,    0,    0,    0,    0, -999
20200923, 1800,  , LO, 36.2N,  17.2W,  45, 1003,   30,   40,   40,   40,    0,    0,    0,    0,    0,    0,    0,    0, -999
20200924, 0000,  , LO, 36.2N,  16.7W,  40, 1008,   30,   40,   40,   50,    0,    0,    0,    0,    0,    0,    0,    0, -999
20200924, 0600,  , LO, 35.9N,  16.6W,  35, 1010,    0,    0,    0,   70,    0,    0,    0,    0,    0,    0,    0,    0, -999
20200924, 1200,  , LO, 35.4N,  17.2W,  35, 1012,    0,    0,    0,   70,    0,    0,    0,    0,    0,    0,    0,    0, -999
20200924, 1800,  , LO, 34.6N,  18.4W,  35, 1013,    0,    0,    0,   70,    0,    0,    0,    0,    0,    0,    0,    0, -999
20200925, 0000,  , LO, 33.7N,  19.8W,  35, 1016,    0,    0,    0,   70,    0,    0,    0,    0,    0,    0,    0,    0, -999
20200925, 0600,  , LO, 33.4N,  21.4W,  30, 1017,    0,    0,    0,    0,    0,    0,    0,    0,    0,    0,    0,    0, -999
20200925, 1200,  , LO, 33.0N,  23.2W,  30, 1017,    0,    0,    0,    0,    0,    0,    0,    0,    0,    0,    0,    0, -999
20200925, 1800,  , LO, 33.0N,  25.1W,  30, 1017,    0,    0,    0,    0,    0,    0,    0,    0,    0,    0,    0,    0, -999
20200926, 0000,  , LO, 33.2N,  26.8W,  30, 1017,    0,    0,    0,    0,    0,    0,    0,    0,    0,    0,    0,    0, -999
20200926, 0600,  , LO, 33.7N,  28.4W,  25, 1017,    0,    0,    0,    0,    0,    0,    0,    0,    0,    0,    0,    0, -999
20200926, 1200,  , LO, 34.6N,  29.5W,  25, 1017,    0,    0,    0,    0,    0,    0,    0,    0,    0,    0,    0,    0, -999
20200926, 1800,  , LO, 35.4N,  30.2W,  25, 1017,    0,    0,    0,    0,    0,    0,    0,    0,    0,    0,    0,    0, -999
20200927, 0000,  , LO, 36.3N,  30.3W,  25, 1017,    0,    0,    0,    0,    0,    0,    0,    0,    0,    0,    0,    0, -999
20200927, 0600,  , LO, 36.7N,  29.5W,  25, 1017,    0,    0,    0,    0,    0,    0,    0,    0,    0,    0,    0,    0, -999
20200927, 1200,  , LO, 37.0N,  28.4W,  25, 1017,    0,    0,    0,    0,    0,    0,    0,    0,    0,    0,    0,    0, -999
20200927, 1800,  , LO, 36.9N,  27.3W,  20, 1018,    0,    0,    0,    0,    0,    0,    0,    0,    0,    0,    0,    0, -999
20200928, 0000,  , LO, 36.8N,  26.4W,  20, 1018,    0,    0,    0,    0,    0,    0,    0,    0,    0,    0,    0,    0, -999
20200928, 0600,  , LO, 36.5N,  25.8W,  20, 1018,    0,    0,    0,    0,    0,    0,    0,    0,    0,    0,    0,    0, -999
20200928, 1200,  , LO, 36.1N,  25.5W,  20, 1018,    0,    0,    0,    0,    0,    0,    0,    0,    0,    0,    0,    0, -999
AL182020,               RENE,     32,
20200906, 1800,  , LO, 14.6N,  18.1W,  25, 1006,    0,    0,    0,    0,    0,    0,    0,    0,    0,    0,    0,    0, -999
20200907, 0000,  , LO, 14.8N,  19.0W,  25, 1005,    0,    0,    0,    0,    0,    0,    0,    0,    0,    0,    0,    0, -999
20200907, 0600,  , TD, 15.2N,  19.8W,  30, 1004,    0,    0,    0,    0,    0,    0,    0,    0,    0,    0,    0,    0, -999
20200907, 1200,  , TD, 15.6N,  20.7W,  30, 1003,    0,    0,    0,    0,    0,    0,    0,    0,    0,    0,    0,    0, -999
20200907, 1800,  , TS, 15.9N,  21.8W,  35, 1002,   40,    0,    0,    0,    0,    0,    0,    0,    0,    0,    0,    0, -999
20200908, 0000,  , TS, 16.1N,  22.9W,  35, 1001,   40,    0,    0,    0,    0,    0,    0,    0,    0,    0,    0,    0, -999
20200908, 0600,  , TS, 16.3N,  24.2W,  35, 1001,   40,    0,    0,    0,    0,    0,    0,    0,    0,    0,    0,    0, -999
20200908, 1200,  , TS, 16.4N,  25.7W,  35, 1001,   40,    0,    0,    0,    0,    0,    0,    0,    0,    0,    0,    0, -999
20200908, 1800,  , TD, 16.6N,  27.1W,  30, 1003,    0,    0,    0,    0,    0,    0,    0,    0,    0,    0,    0,    0, -999
20200909, 0000,  , TD, 16.8N,  28.6W,  30, 1004,    0,    0,    0,    0,    0,    0,    0,    0,    0,    0,    0,    0, -999
20200909, 0600,  , TD, 17.1N,  30.0W,  30, 1004,    0,    0,    0,    0,    0,    0,    0,    0,    0,    0,    0,    0, -999
20200909, 1200,  , TS, 17.3N,  31.2W,  35, 1003,    0,    0,    0,   60,    0,    0,    0,    0,    0,    0,    0,    0, -999
20200909, 1800,  , TS, 17.6N,  32.4W,  35, 1003,    0,    0,    0,   60,    0,    0,    0,    0,    0,    0,    0,    0, -999
20200910, 0000,  , TS, 17.9N,  33.5W,  35, 1003,    0,    0,    0,   60,    0,    0,    0,    0,    0,    0,    0,    0, -999
20200910, 0600,  , TS, 18.1N,  34.4W,  35, 1003,    0,    0,    0,   60,    0,    0,    0,    0,    0,    0,    0,    0, -999
20200910, 1200,  , TS, 18.4N,  35.3W,  40, 1002,   60,   20,    0,   60,    0,    0,    0,    0,    0,    0,    0,    0, -999
20200910, 1800,  , TS, 18.8N,  36.3W,  40, 1002,   60,   20,    0,   60,    0,    0,    0,    0,    0,    0,    0,    0, -999
20200911, 0000,  , TS, 19.1N,  37.2W,  35, 1003,   60,   20,    0,   60,    0,    0,    0,    0,    0,    0,    0,    0, -999
20200911, 0600,  , TS, 19.5N,  38.2W,  35, 1003,   60,   20,    0,   60,    0,    0,    0,    0,    0,    0,    0,    0, -999
20200911, 1200,  , TS, 19.9N,  39.3W,  35, 1004,   60,    0,    0,   60,    0,    0,    0,    0,    0,    0,    0,    0, -999
20200911, 1800,  , TS, 20.4N,  40.6W,  35, 1004,   60,    0,    0,   60,    0,    0,    0,    0,    0,    0,    0,    0, -999
20200912, 0000,  , TS, 21.1N,  41.8W,  35, 1004,   60,    0,    0,   60,    0,    0,    0,    0,    0,    0,    0,    0, -999
20200912, 0600,  , TS, 21.9N,  42.9W,  35, 1004,   50,    0,    0,   50,    0,    0,    0,    0,    0,    0,    0,    0, -999
20200912, 1200,  , TD, 22.8N,  44.0W,  30, 1006,    0,    0,    0,    0,    0,    0,    0,    0,    0,    0,    0,    0, -999
20200912, 1800,  , TD, 23.7N,  45.0W,  30, 1007,    0,    0,    0,    0,    0,    0,    0,    0,    0,    0,    0,    0, -999
20200913, 0000,  , TD, 24.7N,  46.0W,  30, 1008,    0,    0,    0,    0,    0,    0,    0,    0,    0,    0,    0,    0, -999
20200913, 0600,  , TD, 25.8N,  46.9W,  30, 1009,    0,    0,    0,    0,    0,    0,    0,    0,    0,    0,    0,    0, -999
20200913, 1200,  , TD, 26.7N,  47.3W,  30, 1009,    0,    0,    0,    0,    0,    0,    0,    0,    0,    0,    0,    0, -999
20200913, 1800,  , TD, 27.4N,  47.5W,  25, 1009,    0,    0,    0,    0,    0,    0,    0,    0,    0,    0,    0,    0, -999
20200914, 0000,  , TD, 27.5N,  47.8W,  25, 1009,    0,    0,    0,    0,    0,    0,    0,    0,    0,    0,    0,    0, -999
20200914, 0600,  , TD, 27.6N,  48.0W,  25, 1009,    0,    0,    0,    0,    0,    0,    0,    0,    0,    0,    0,    0, -999
20200914, 1200,  , TD, 27.5N,  48.4W,  25, 1009,    0,    0,    0,    0,    0,    0,    0,    0,    0,    0,    0,    0, -999
AL192020,              SALLY,     28,
20200911, 1800,  , TD, 25.4N,  78.6W,  30, 1007,    0,    0,    0,    0,    0,    0,    0,    0,    0,    0,    0,    0, -999
20200912, 0000,  , TD, 25.6N,  79.4W,  30, 1004,    0,    0,    0,    0,    0,    0,    0,    0,    0,    0,    0,    0, -999
20200912, 0600, L, TD, 25.6N,  80.2W,  30, 1003,    0,    0,    0,    0,    0,    0,    0,    0,    0,    0,    0,    0, -999
20200912, 1200,  , TS, 25.5N,  80.8W,  35, 1003,   60,   60,    0,    0,    0,    0,    0,    0,    0,    0,    0,    0, -999
20200912, 1800,  , TS, 25.6N,  81.6W,  35, 1003,    0,   70,    0,    0,    0,    0,    0,    0,    0,    0,    0,    0, -999
20200913, 0000,  , TS, 26.0N,  82.5W,  35, 1003,   30,   80,    0,    0,    0,    0,    0,    0,    0,    0,    0,    0, -999
20200913, 0600,  , TS, 26.7N,  83.5W,  45, 1001,   50,   80,    0,   20,    0,    0,    0,    0,    0,    0,    0,    0, -999
20200913, 1200,  , TS, 27.2N,  84.5W,  50,  996,   70,   90,    0,   30,   30,    0,    0,    0,    0,    0,    0,    0, -999
20200913, 1800,  , TS, 27.6N,  85.4W,  50,  996,   80,  100,    0,   50,   30,    0,    0,    0,    0,    0,    0,    0, -999
20200914, 0000,  , TS, 27.9N,  86.0W,  50,  996,   90,  100,    0,   70,   30,    0,    0,    0,    0,    0,    0,    0, -999
20200914, 0600,  , TS, 28.2N,  86.5W,  55,  996,  100,  110,   20,  100,   40,   30,    0,   30,    0,    0,    0,    0, -999
20200914, 1200,  , HU, 28.4N,  86.9W,  65,  991,  110,  110,   20,  100,   50,   30,    0,   30,   20,    0,    0,    0, -999
20200914, 1800,  , HU, 28.6N,  87.3W,  75,  986,  110,  110,   30,   90,   60,   30,    0,   30,   30,   15,    0,   15, -999
20200915, 0000,  , HU, 28.7N,  87.7W,  75,  986,  110,  110,   30,   90,   70,   40,    0,   30,   35,   20,    0,   15, -999
20200915, 0600,  , HU, 28.8N,  88.0W,  70,  984,  110,  110,   40,   90,   70,   40,    0,   30,   40,   25,    0,   20, -999
20200915, 1200,  , HU, 29.0N,  88.1W,  70,  982,  110,  110,   50,   90,   70,   40,    0,   40,   40,   25,    0,   25, -999
20200915, 1800,  , HU, 29.3N,  88.1W,  70,  981,  110,  110,   60,   80,   70,   40,    0,   40,   40,   20,    0,   25, -999
20200916, 0000,  , HU, 29.6N,  88.0W,  75,  975,  110,  110,   70,   80,   70,   40,   30,   50,   35,   20,   20,   25, -999
20200916, 0600,  , HU, 29.9N,  87.9W,  95,  967,  100,  110,   80,   80,   70,   40,   30,   50,   35,   20,   20,   25, -999
20200916, 0945, L, HU, 30.3N,  87.7W,  95,  965,   90,  110,   80,   70,   70,   40,   30,   50,   35,   20,   20,   25,   15
20200916, 1200,  , HU, 30.5N,  87.6W,  85,  967,   80,  130,   80,   60,   60,   40,   30,   40,   30,   25,   20,   20, -999
20200916, 1800,  , TS, 31.1N,  87.2W,  60,  982,   70,  150,   80,   50,   40,   30,   30,   20,    0,    0,    0,    0, -999
20200917, 0000,  , TS, 31.6N,  86.7W,  35,  994,   60,   90,   80,    0,    0,    0,    0,    0,    0,    0,    0,    0, -999
20200917, 0600,  , TD, 32.1N,  86.1W,  30, 1000,    0,    0,    0,    0,    0,    0,    0,    0,    0,    0,    0,    0, -999
20200917, 1200,  , EX, 32.6N,  85.2W,  30, 1003,    0,    0,    0,    0,    0,    0,    0,    0,    0,    0,    0,    0, -999
20200917, 1800,  , EX, 33.2N,  83.8W,  30, 1004,    0,    0,    0,    0,    0,    0,    0,    0,    0,    0,    0,    0, -999
20200918, 0000,  , EX, 33.7N,  82.3W,  30, 1004,    0,    0,    0,    0,    0,    0,    0,    0,    0,    0,    0,    0, -999
20200918, 0600,  , EX, 34.1N,  80.8W,  30, 1005,    0,    0,    0,    0,    0,    0,    0,    0,    0,    0,    0,    0, -999
AL202020,              TEDDY,     49,
20200912, 0600,  , TD, 11.0N,  31.4W,  25, 1007,    0,    0,    0,    0,    0,    0,    0,    0,    0,    0,    0,    0, -999
20200912, 1200,  , TD, 11.2N,  32.4W,  30, 1006,    0,    0,    0,    0,    0,    0,    0,    0,    0,    0,    0,    0, -999
20200912, 1800,  , TD, 11.4N,  33.3W,  30, 1005,    0,    0,    0,    0,    0,    0,    0,    0,    0,    0,    0,    0, -999
20200913, 0000,  , TD, 11.6N,  34.2W,  30, 1005,    0,    0,    0,    0,    0,    0,    0,    0,    0,    0,    0,    0, -999
20200913, 0600,  , TD, 11.9N,  35.1W,  30, 1005,    0,    0,    0,    0,    0,    0,    0,    0,    0,    0,    0,    0, -999
20200913, 1200,  , TD, 12.2N,  36.2W,  30, 1006,    0,    0,    0,    0,    0,    0,    0,    0,    0,    0,    0,    0, -999
20200913, 1800,  , TD, 12.6N,  37.4W,  30, 1006,    0,    0,    0,    0,    0,    0,    0,    0,    0,    0,    0,    0, -999
20200914, 0000,  , TS, 12.9N,  38.7W,  35, 1004,    0,    0,   40,    0,    0,    0,    0,    0,    0,    0,    0,    0, -999
20200914, 0600,  , TS, 12.9N,  40.4W,  35, 1004,    0,    0,   40,   40,    0,    0,    0,    0,    0,    0,    0,    0, -999
20200914, 1200,  , TS, 12.9N,  42.1W,  35, 1004,   50,   30,    0,   50,    0,    0,    0,    0,    0,    0,    0,    0, -999
20200914, 1800,  , TS, 12.9N,  43.4W,  40, 1003,   80,   40,    0,   70,    0,    0,    0,    0,    0,    0,    0,    0, -999
20200915, 0000,  , TS, 13.0N,  44.5W,  45, 1002,  100,   50,    0,   80,    0,    0,    0,    0,    0,    0,    0,    0, -999
20200915, 0600,  , TS, 13.4N,  45.5W,  50, 1001,  100,   50,   20,  120,   20,    0,    0,    0,    0,    0,    0,    0, -999
20200915, 1200,  , TS, 13.8N,  46.6W,  55,  999,  140,   60,   40,  160,   30,    0,    0,   30,    0,    0,    0,    0, -999
20200915, 1800,  , TS, 14.2N,  47.4W,  55,  997,  140,   80,   40,  160,   30,    0,    0,   30,    0,    0,    0,    0, -999
20200916, 0000,  , HU, 14.7N,  48.0W,  65,  987,  140,   80,   40,  150,   40,   30,    0,   30,   20,    0,    0,    0, -999
20200916, 0600,  , HU, 15.4N,  48.6W,  80,  978,  140,   80,   40,  150,   40,   30,   20,   30,   20,   10,   10,   20, -999
20200916, 1200,  , HU, 16.1N,  49.3W,  85,  972,  170,   90,   40,  150,   50,   50,   20,   50,   25,   25,   10,   20, -999
20200916, 1800,  , HU, 16.8N,  50.2W,  85,  972,  190,  100,   70,  170,   60,   50,   30,   60,   30,   25,   10,   30, -999
20200917, 0000,  , HU, 17.4N,  51.1W,  85,  970,  220,  100,   80,  170,   60,   50,   50,   70,   30,   25,   20,   30, -999
20200917, 0600,  , HU, 18.1N,  52.0W,  90,  966,  220,  100,   80,  170,   60,   50,   50,   70,   30,   25,   20,   30, -999
20200917, 1200,  , HU, 18.9N,  52.8W, 100,  960,  220,  120,   80,  170,   70,   50,   50,   70,   30,   30,   20,   40, -999
20200917, 1800,  , HU, 19.7N,  53.7W, 115,  948,  200,  150,   90,  180,   90,   60,   50,   80,   40,   40,   35,   50, -999
20200918, 0000,  , HU, 20.4N,  54.4W, 120,  945,  200,  150,   90,  180,   90,   60,   50,   80,   40,   40,   35,   50, -999
20200918, 0600,  , HU, 21.1N,  55.1W, 115,  946,  200,  150,  120,  150,   90,   60,   70,   90,   50,   40,   40,   50, -999
20200918, 1200,  , HU, 21.7N,  55.8W, 110,  947,  200,  150,  120,  150,   90,   60,   70,   90,   50,   40,   40,   50, -999
20200918, 1800,  , HU, 22.5N,  56.5W, 105,  949,  200,  150,  120,  150,   90,   60,   70,   90,   50,   40,   40,   50, -999
20200919, 0000,  , HU, 23.5N,  57.2W, 105,  945,  200,  170,  120,  150,   90,   60,   70,   90,   50,   40,   40,   50, -999
20200919, 0600,  , HU, 24.4N,  57.9W, 100,  947,  200,  200,  140,  150,  110,   70,   70,   90,   50,   40,   40,   50, -999
20200919, 1200,  , HU, 25.4N,  58.7W, 100,  950,  200,  200,  140,  150,  130,   90,   80,   90,   50,   40,   40,   50, -999
20200919, 1800,  , HU, 26.2N,  59.7W, 100,  953,  200,  200,  140,  150,  130,   90,   80,   90,   60,   40,   40,   50, -999
20200920, 0000,  , HU, 26.9N,  60.8W,  95,  956,  180,  180,  180,  180,  120,  120,   80,  100,   70,   70,   40,   60, -999
20200920, 0600,  , HU, 27.5N,  61.9W,  90,  958,  180,  180,  180,  180,  120,  120,   80,  100,   70,   70,   40,   60, -999
20200920, 1200,  , HU, 28.0N,  62.6W,  85,  963,  180,  180,  180,  180,  120,  100,   80,  100,   70,   60,   30,   60, -999
20200920, 1800,  , HU, 28.5N,  63.3W,  80,  964,  200,  200,  150,  170,  120,  110,   70,  100,   70,   60,   30,   60, -999
20200921, 0000,  , HU, 29.0N,  63.7W,  80,  963,  200,  200,  150,  170,  120,  110,   70,  100,   70,   60,   30,   60, -999
20200921, 0600,  , HU, 29.7N,  63.5W,  80,  962,  200,  200,  150,  150,  110,  110,   60,   80,   70,   60,   30,   50, -999
20200921, 1200,  , HU, 30.5N,  62.9W,  80,  960,  200,  200,  150,  150,  110,  110,   60,   80,   70,   70,   20,   50, -999
20200921, 1800,  , HU, 32.2N,  61.8W,  80,  958,  240,  240,  180,  150,  120,  120,   60,   80,   70,   70,   20,   50, -999
20200922, 0000,  , HU, 34.6N,  61.4W,  85,  956,  240,  240,  180,  150,  120,  120,   60,   80,   90,   80,   20,   50, -999
20200922, 0600,  , HU, 37.6N,  62.1W,  90,  952,  300,  300,  180,  180,  150,  120,  120,  150,   90,   90,   50,   80, -999
20200922, 1200,  , HU, 39.1N,  63.5W,  90,  949,  470,  390,  270,  280,  240,  120,  130,  210,   90,   90,   80,  110, -999
20200922, 1800,  , HU, 40.3N,  64.2W,  80,  952,  470,  390,  270,  280,  240,  120,  130,  210,   80,   80,   80,  110, -999
20200923, 0000,  , HU, 41.8N,  64.2W,  65,  954,  470,  390,  270,  280,  240,  120,  130,  210,   80,   80,   80,  110, -999
20200923, 0600,  , EX, 43.2N,  63.3W,  60,  957,  450,  350,  250,  250,  200,  100,  120,  200,    0,    0,    0,    0, -999
20200923, 1200,  , EX, 45.0N,  62.1W,  55,  964,  180,  180,  120,  180,   70,   80,    0,    0,    0,    0,    0,    0, -999
20200923, 1800,  , EX, 47.4N,  60.4W,  50,  974,  120,  180,  150,  180,    0,   60,    0,    0,    0,    0,    0,    0, -999
20200924, 0000,  , EX, 49.7N,  58.2W,  45,  975,  120,  180,  150,  180,    0,    0,    0,    0,    0,    0,    0,    0, -999
20200924, 0600,  , EX, 52.8N,  55.8W,  40,  977,    0,  210,    0,    0,    0,    0,    0,    0,    0,    0,    0,    0, -999
AL212020,              VICKY,     24,
20200914, 0000,  , TD, 17.5N,  28.2W,  30, 1008,    0,    0,    0,    0,    0,    0,    0,    0,    0,    0,    0,    0, -999
20200914, 0600,  , TS, 18.0N,  28.3W,  35, 1006,   90,   70,    0,    0,    0,    0,    0,    0,    0,    0,    0,    0, -999
20200914, 1200,  , TS, 18.5N,  28.6W,  40, 1003,   90,   70,    0,    0,    0,    0,    0,    0,    0,    0,    0,    0, -999
20200914, 1800,  , TS, 19.0N,  29.1W,  45, 1002,   90,   70,    0,    0,    0,    0,    0,    0,    0,    0,    0,    0, -999
20200915, 0000,  , TS, 19.5N,  29.6W,  45, 1002,   90,   70,    0,    0,    0,    0,    0,    0,    0,    0,    0,    0, -999
20200915, 0600,  , TS, 20.0N,  30.1W,  45, 1002,   90,   70,    0,    0,    0,    0,    0,    0,    0,    0,    0,    0, -999
20200915, 1200,  , TS, 20.5N,  30.8W,  45, 1001,  100,   80,    0,    0,    0,    0,    0,    0,    0,    0,    0,    0, -999
20200915, 1800,  , TS, 21.0N,  31.6W,  45, 1001,  100,   80,    0,    0,    0,    0,    0,    0,    0,    0,    0,    0, -999
20200916, 0000,  , TS, 21.4N,  32.6W,  45, 1004,   70,   50,   30,   70,    0,    0,    0,    0,    0,    0,    0,    0, -999
20200916, 0600,  , TS, 21.5N,  33.5W,  40, 1005,   60,   30,   30,   70,    0,    0,    0,    0,    0,    0,    0,    0, -999
20200916, 1200,  , TS, 21.4N,  34.3W,  35, 1007,   60,   30,   20,   70,    0,    0,    0,    0,    0,    0,    0,    0, -999
20200916, 1800,  , TS, 21.5N,  35.0W,  35, 1007,   60,   30,   20,   70,    0,    0,    0,    0,    0,    0,    0,    0, -999
20200917, 0000,  , TS, 21.6N,  35.6W,  35, 1007,   60,    0,    0,   60,    0,    0,    0,    0,    0,    0,    0,    0, -999
20200917, 0600,  , TS, 21.7N,  36.4W,  35, 1008,   60,    0,    0,    0,    0,    0,    0,    0,    0,    0,    0,    0, -999
20200917, 1200,  , TD, 21.6N,  37.6W,  30, 1008,    0,    0,    0,    0,    0,    0,    0,    0,    0,    0,    0,    0, -999
20200917, 1800,  , TD, 21.3N,  38.7W,  25, 1008,    0,    0,    0,    0,    0,    0,    0,    0,    0,    0,    0,    0, -999
20200918, 0000,  , LO, 20.8N,  39.4W,  25, 1009,    0,    0,    0,    0,    0,    0,    0,    0,    0,    0,    0,    0, -999
20200918, 0600,  , LO, 20.5N,  40.2W,  25, 1009,    0,    0,    0,    0,    0,    0,    0,    0,    0,    0,    0,    0, -999
20200918, 1200,  , LO, 20.4N,  41.0W,  25, 1009,    0,    0,    0,    0,    0,    0,    0,    0,    0,    0,    0,    0, -999
20200918, 1800,  , LO, 20.3N,  41.9W,  25, 1009,    0,    0,    0,    0,    0,    0,    0,    0,    0,    0,    0,    0, -999
20200919, 0000,  , LO, 20.1N,  42.9W,  20, 1010,    0,    0,    0,    0,    0,    0,    0,    0,    0,    0,    0,    0, -999
20200919, 0600,  , LO, 19.9N,  44.0W,  20, 1011,    0,    0,    0,    0,    0,    0,    0,    0,    0,    0,    0,    0, -999
20200919, 1200,  , LO, 19.6N,  45.1W,  20, 1011,    0,    0,    0,    0,    0,    0,    0,    0,    0,    0,    0,    0, -999
20200919, 1800,  , LO, 19.3N,  46.3W,  20, 1012,    0,    0,    0,    0,    0,    0,    0,    0,    0,    0,    0,    0, -999
AL222020,               BETA,     34,
20200917, 0600,  , LO, 21.1N,  94.9W,  30, 1007,    0,    0,    0,    0,    0,    0,    0,    0,    0,    0,    0,    0, -999
20200917, 1200,  , TD, 21.5N,  94.7W,  30, 1007,    0,    0,    0,    0,    0,    0,    0,    0,    0,    0,    0,    0, -999
20200917, 1800,  , TD, 21.8N,  94.4W,  30, 1005,    0,    0,    0,    0,    0,    0,    0,    0,    0,    0,    0,    0, -999
20200918, 0000,  , TD, 22.0N,  94.2W,  30, 1005,    0,    0,    0,    0,    0,    0,    0,    0,    0,    0,    0,    0, -999
20200918, 0600,  , TD, 22.6N,  94.1W,  30, 1005,    0,    0,    0,    0,    0,    0,    0,    0,    0,    0,    0,    0, -999
20200918, 1200,  , TD, 23.2N,  93.8W,  30, 1005,    0,    0,    0,    0,    0,    0,    0,    0,    0,    0,    0,    0, -999
20200918, 1800,  , TS, 24.1N,  93.1W,  40, 1003,   90,    0,    0,   80,    0,    0,    0,    0,    0,    0,    0,    0, -999
20200919, 0000,  , TS, 25.2N,  92.3W,  50, 1000,  150,   40,   40,   90,   80,    0,    0,   50,    0,    0,    0,    0, -999
20200919, 0600,  , TS, 25.8N,  92.3W,  50,  996,  150,   40,   40,   90,   80,    0,    0,   50,    0,    0,    0,    0, -999
20200919, 1200,  , TS, 26.4N,  92.4W,  50,  994,  150,   40,   40,   90,   60,    0,    0,   50,    0,    0,    0,    0, -999
20200919, 1800,  , TS, 26.6N,  92.2W,  50,  995,  150,   40,   40,  140,   60,    0,    0,   50,    0,    0,    0,    0, -999
20200920, 0000,  , TS, 26.8N,  92.1W,  50,  997,  160,   40,   40,  140,   80,    0,    0,    0,    0,    0,    0,    0, -999
20200920, 0600,  , TS, 26.9N,  92.5W,  50,  998,  170,   30,   40,  140,   80,    0,    0,    0,    0,    0,    0,    0, -999
20200920, 1200,  , TS, 27.1N,  92.8W,  50,  996,  170,   30,   40,  140,   80,    0,    0,    0,    0,    0,    0,    0, -999
20200920, 1800,  , TS, 27.5N,  93.6W,  55,  996,  170,   30,   40,  140,   80,    0,    0,    0,    0,    0,    0,    0, -999
20200921, 0000,  , TS, 27.5N,  94.1W,  50,  993,  170,   30,   40,  130,   80,    0,    0,    0,    0,    0,    0,    0, -999
20200921, 0600,  , TS, 27.6N,  94.8W,  45,  995,  150,    0,   40,  120,    0,    0,    0,    0,    0,    0,    0,    0, -999
20200921, 1200,  , TS, 27.8N,  95.5W,  45,  997,  150,    0,   40,  120,    0,    0,    0,    0,    0,    0,    0,    0, -999
20200921, 1800,  , TS, 28.1N,  96.0W,  40,  999,  150,    0,   40,   80,    0,    0,    0,    0,    0,    0,    0,    0, -999
20200922, 0000,  , TS, 28.3N,  96.3W,  45,  998,  110,    0,   40,   60,    0,    0,    0,    0,    0,    0,    0,    0, -999
20200922, 0245, L, TS, 28.4N,  96.4W,  45,  997,  110,    0,   40,   60,    0,    0,    0,    0,    0,    0,    0,    0, -999
20200922, 0600,  , TS, 28.6N,  96.6W,  40,  999,   90,   40,   30,   40,    0,    0,    0,    0,    0,    0,    0,    0, -999
20200922, 1200,  , TS, 28.8N,  96.8W,  35, 1002,   90,   50,   20,   30,    0,    0,    0,    0,    0,    0,    0,    0, -999
20200922, 1800,  , TD, 28.9N,  96.5W,  25, 1006,    0,    0,    0,    0,    0,    0,    0,    0,    0,    0,    0,    0, -999
20200923, 0000,  , EX, 29.0N,  95.8W,  25, 1007,    0,    0,    0,    0,    0,    0,    0,    0,    0,    0,    0,    0, -999
20200923, 0600,  , EX, 29.4N,  95.4W,  25, 1007,    0,    0,    0,    0,    0,    0,    0,    0,    0,    0,    0,    0, -999
20200923, 1200,  , EX, 30.0N,  94.6W,  25, 1007,    0,    0,    0,    0,    0,    0,    0,    0,    0,    0,    0,    0, -999
20200923, 1800,  , EX, 30.3N,  93.8W,  25, 1006,    0,    0,    0,    0,    0,    0,    0,    0,    0,    0,    0,    0, -999
20200924, 0000,  , EX, 30.8N,  92.4W,  25, 1005,    0,    0,    0,    0,    0,    0,    0,    0,    0,    0,    0,    0, -999
20200924, 0600,  , EX, 31.6N,  91.5W,  25, 1004,    0,    0,    0,    0,    0,    0,    0,    0,    0,    0,    0,    0, -999
20200924, 1200,  , EX, 32.4N,  90.6W,  25, 1003,    0,    0,    0,    0,    0,    0,    0,    0,    0,    0,    0,    0, -999
20200924, 1800,  , EX, 33.0N,  89.1W,  20, 1008,    0,    0,    0,    0,    0,    0,    0,    0,    0,    0,    0,    0, -999
20200925, 0000,  , EX, 33.6N,  87.6W,  20, 1009,    0,    0,    0,    0,    0,    0,    0,    0,    0,    0,    0,    0, -999
20200925, 0600,  , EX, 34.1N,  86.5W,  15, 1010,    0,    0,    0,    0,    0,    0,    0,    0,    0,    0,    0,    0, -999
AL232020,            WILFRED,     17,
20200917, 0000,  , LO, 10.2N,  25.0W,  25, 1009,    0,    0,    0,    0,    0,    0,    0,    0,    0,    0,    0,    0, -999
20200917, 0600,  , LO, 10.3N,  25.9W,  25, 1009,    0,    0,    0,    0,    0,    0,    0,    0,    0,    0,    0,    0, -999
20200917, 1200,  , LO, 10.5N,  27.0W,  30, 1008,    0,    0,    0,    0,    0,    0,    0,    0,    0,    0,    0,    0, -999
20200917, 1800,  , TS, 10.8N,  28.1W,  35, 1007,    0,  130,    0,    0,    0,    0,    0,    0,    0,    0,    0,    0, -999
20200918, 0000,  , TS, 11.1N,  29.3W,  35, 1006,    0,  130,    0,    0,    0,    0,    0,    0,    0,    0,    0,    0, -999
20200918, 0600,  , TS, 11.4N,  30.6W,  35, 1006,   60,  120,    0,    0,    0,    0,    0,    0,    0,    0,    0,    0, -999
20200918, 1200,  , TS, 11.7N,  32.0W,  35, 1006,   70,  110,    0,    0,    0,    0,    0,    0,    0,    0,    0,    0, -999
20200918, 1800,  , TS, 12.0N,  33.5W,  35, 1006,   80,  100,    0,    0,    0,    0,    0,    0,    0,    0,    0,    0, -999
20200919, 0000,  , TS, 12.4N,  35.0W,  35, 1006,   90,   90,    0,    0,    0,    0,    0,    0,    0,    0,    0,    0, -999
20200919, 0600,  , TS, 12.8N,  36.2W,  35, 1006,   90,   80,    0,   60,    0,    0,    0,    0,    0,    0,    0,    0, -999
20200919, 1200,  , TS, 13.2N,  37.3W,  35, 1006,   90,   60,    0,   70,    0,    0,    0,    0,    0,    0,    0,    0, -999
20200919, 1800,  , TS, 13.7N,  38.5W,  35, 1006,   90,    0,    0,   70,    0,    0,    0,    0,    0,    0,    0,    0, -999
20200920, 0000,  , TS, 14.3N,  39.9W,  35, 1007,   90,    0,    0,   80,    0,    0,    0,    0,    0,    0,    0,    0, -999
20200920, 0600,  , TS, 14.9N,  41.5W,  35, 1007,   90,    0,    0,    0,    0,    0,    0,    0,    0,    0,    0,    0, -999
20200920, 1200,  , TD, 15.4N,  43.2W,  30, 1008,    0,    0,    0,    0,    0,    0,    0,    0,    0,    0,    0,    0, -999
20200920, 1800,  , TD, 15.8N,  45.0W,  30, 1009,    0,    0,    0,    0,    0,    0,    0,    0,    0,    0,    0,    0, -999
20200921, 0000,  , TD, 15.8N,  46.7W,  30, 1009,    0,    0,    0,    0,    0,    0,    0,    0,    0,    0,    0,    0, -999
AL242020,              ALPHA,     20,
20200914, 1200,  , EX, 47.2N,  22.0W,  40, 1002,    0,    0,  120,  240,    0,    0,    0,    0,    0,    0,    0,    0, -999
20200914, 1800,  , EX, 47.2N,  22.2W,  50,  996,  180,   60,  150,  270,    0,    0,   60,  140,    0,    0,    0,    0, -999
20200915, 0000,  , EX, 47.0N,  22.4W,  60,  992,  240,   60,  180,  270,    0,    0,   90,  140,    0,    0,    0,    0, -999
20200915, 0600,  , EX, 46.0N,  22.5W,  60,  994,  150,   80,  240,  270,    0,    0,  120,  140,    0,    0,    0,    0, -999
20200915, 1200,  , EX, 45.0N,  22.1W,  50,  996,   90,   80,  270,  240,    0,    0,  140,  120,    0,    0,    0,    0, -999
20200915, 1800,  , EX, 43.9N,  21.4W,  45,  998,   60,   60,  240,  210,    0,    0,    0,    0,    0,    0,    0,    0, -999
20200916, 0000,  , EX, 42.9N,  20.5W,  40, 1000,    0,    0,  210,  180,    0,    0,    0,    0,    0,    0,    0,    0, -999
20200916, 0600,  , EX, 41.9N,  19.8W,  40, 1000,    0,    0,  180,  150,    0,    0,    0,    0,    0,    0,    0,    0, -999
20200916, 1200,  , EX, 40.9N,  19.5W,  40, 1000,    0,    0,  180,  150,    0,    0,    0,    0,    0,    0,    0,    0, -999
20200916, 1800,  , EX, 39.9N,  19.3W,  40, 1000,    0,    0,  120,  120,    0,    0,    0,    0,    0,    0,    0,    0, -999
20200917, 0000,  , EX, 38.9N,  18.9W,  35, 1002,    0,    0,  120,  120,    0,    0,    0,    0,    0,    0,    0,    0, -999
20200917, 0600,  , SS, 38.3N,  18.1W,  35, 1002,    0,    0,   90,   90,    0,    0,    0,    0,    0,    0,    0,    0, -999
20200917, 1200,  , SS, 37.7N,  17.3W,  35, 1002,    0,    0,   90,   90,    0,    0,    0,    0,    0,    0,    0,    0, -999
20200917, 1800,  , SS, 36.7N,  15.6W,  40,  999,    0,   40,   60,   60,    0,    0,    0,    0,    0,    0,    0,    0, -999
20200918, 0000,  , SS, 36.7N,  13.1W,  45,  996,    0,   40,   40,    0,    0,    0,    0,    0,    0,    0,    0,    0, -999
20200918, 0600,  , SS, 37.9N,  11.4W,  45,  996,   30,   30,   30,    0,    0,    0,    0,    0,    0,    0,    0,    0, -999
20200918, 1200,  , SS, 38.9N,  10.3W,  45,  996,   30,   30,   30,    0,    0,    0,    0,    0,    0,    0,    0,    0, -999
20200918, 1800,  , SS, 39.9N,   9.1W,  45,  996,   30,   30,   30,    0,    0,    0,    0,    0,    0,    0,    0,    0, -999
20200918, 1840, L, SS, 40.0N,   8.9W,  45,  996,   30,   30,   30,    0,    0,    0,    0,    0,    0,    0,    0,    0, -999
20200919, 0000,  , SD, 40.6N,   7.6W,  30, 1004,    0,    0,    0,    0,    0,    0,    0,    0,    0,    0,    0,    0, -999
AL252020,              GAMMA,     21,
20201002, 0000,  , LO, 16.6N,  83.3W,  30, 1006,    0,    0,    0,    0,    0,    0,    0,    0,    0,    0,    0,    0, -999
20201002, 0600,  , TD, 17.2N,  83.9W,  30, 1006,    0,    0,    0,    0,    0,    0,    0,    0,    0,    0,    0,    0, -999
20201002, 1200,  , TD, 17.8N,  84.4W,  30, 1005,    0,    0,    0,    0,    0,    0,    0,    0,    0,    0,    0,    0, -999
20201002, 1800,  , TS, 18.4N,  85.0W,  35, 1002,   40,    0,    0,    0,    0,    0,    0,    0,    0,    0,    0,    0, -999
20201003, 0000,  , TS, 18.8N,  85.8W,  40,  998,   40,    0,    0,    0,    0,    0,    0,    0,    0,    0,    0,    0, -999
20201003, 0600,  , TS, 19.2N,  86.6W,  45,  995,   80,    0,    0,   40,    0,    0,    0,    0,    0,    0,    0,    0, -999
20201003, 1200,  , TS, 19.7N,  87.1W,  55,  986,  120,   70,    0,   40,   25,    0,    0,    0,    0,    0,    0,    0, -999
20201003, 1645, L, HU, 20.2N,  87.4W,  65,  978,  120,   70,    0,   40,   25,    0,    0,    0,   15,    0,    0,    0, -999
20201003, 1800,  , TS, 20.4N,  87.5W,  60,  980,  120,   70,    0,   40,   30,   20,    0,    0,    0,    0,    0,    0, -999
20201004, 0000,  , TS, 21.0N,  87.9W,  50,  991,  120,   70,    0,   90,   40,   20,    0,    0,    0,    0,    0,    0, -999
20201004, 0600,  , TS, 21.8N,  88.2W,  45,  997,  120,    0,    0,   90,    0,    0,    0,    0,    0,    0,    0,    0, -999
20201004, 1200,  , TS, 22.3N,  88.1W,  50,  995,  120,   40,   40,  120,   20,   20,   20,   20,    0,    0,    0,    0, -999
20201004, 1800,  , TS, 22.7N,  87.7W,  55,  994,  150,   60,   40,  140,   40,   20,   20,   30,    0,    0,    0,    0, -999
20201005, 0000,  , TS, 22.9N,  87.4W,  50,  998,  150,   60,   60,  140,   40,    0,   30,   50,    0,    0,    0,    0, -999
20201005, 0600,  , TS, 22.8N,  87.4W,  45,  999,  140,    0,    0,  120,    0,    0,    0,    0,    0,    0,    0,    0, -999
20201005, 1200,  , TS, 22.6N,  87.5W,  40, 1001,  140,    0,    0,  130,    0,    0,    0,    0,    0,    0,    0,    0, -999
20201005, 1800,  , TD, 22.3N,  87.9W,  30, 1005,    0,    0,    0,    0,    0,    0,    0,    0,    0,    0,    0,    0, -999
20201006, 0000,  , TD, 21.9N,  88.2W,  30, 1005,    0,    0,    0,    0,    0,    0,    0,    0,    0,    0,    0,    0, -999
20201006, 0300, L, TD, 21.6N,  88.4W,  30, 1005,    0,    0,    0,    0,    0,    0,    0,    0,    0,    0,    0,    0, -999
20201006, 0600,  , TD, 21.3N,  88.5W,  30, 1005,    0,    0,    0,    0,    0,    0,    0,    0,    0,    0,    0,    0, -999
20201006, 1200,  , TD, 20.6N,  88.5W,  25, 1007,    0,    0,    0,    0,    0,    0,    0,    0,    0,    0,    0,    0, -999
AL262020,              DELTA,     31,
20201004, 1800,  , TD, 16.4N,  76.2W,  30, 1006,    0,    0,    0,    0,    0,    0,    0,    0,    0,    0,    0,    0, -999
20201005, 0000,  , TD, 16.4N,  77.0W,  30, 1006,    0,    0,    0,    0,    0,    0,    0,    0,    0,    0,    0,    0, -999
20201005, 0600,  , TD, 16.4N,  77.7W,  30, 1006,    0,    0,    0,    0,    0,    0,    0,    0,    0,    0,    0,    0, -999
20201005, 1200,  , TS, 16.4N,  78.4W,  40, 1004,   40,   40,    0,   30,    0,    0,    0,    0,    0,    0,    0,    0, -999
20201005, 1800,  , TS, 16.4N,  79.1W,  55,  985,   60,   60,   20,   50,   20,   20,    0,    0,    0,    0,    0,    0, -999
20201006, 0000,  , HU, 16.6N,  79.8W,  65,  980,   70,   60,   30,   40,   30,   20,   15,   15,   15,    0,    0,    0, -999
20201006, 0600,  , HU, 17.1N,  80.7W,  75,  973,   80,   60,   40,   60,   40,   30,   20,   20,   20,   15,   10,   10, -999
20201006, 1200,  , HU, 17.8N,  82.0W, 100,  959,   90,   70,   50,   80,   40,   30,   20,   30,   20,   15,   10,   15, -999
20201006, 1800,  , HU, 18.5N,  83.3W, 120,  953,   90,   80,   60,   80,   40,   30,   30,   30,   25,   20,   15,   20, -999
20201007, 0000,  , HU, 19.3N,  84.6W, 100,  962,   90,   80,   70,   80,   40,   30,   30,   30,   25,   20,   15,   20, -999
20201007, 0600,  , HU, 20.1N,  85.9W,  90,  968,   90,  100,  100,   80,   40,   40,   30,   30,   25,   25,   10,   10, -999
20201007, 1030, L, HU, 20.8N,  86.9W,  90,  971,  100,  100,  100,   80,   40,   40,   30,   30,   25,   25,   10,   10, -999
20201007, 1200,  , HU, 21.1N,  87.4W,  85,  973,  110,   90,   80,   90,   40,   40,   30,   30,   25,   25,   10,   20, -999
20201007, 1800,  , HU, 21.7N,  88.8W,  75,  978,  110,   90,   70,  100,   40,   30,   20,   30,   30,   20,   10,   25, -999
20201008, 0000,  , HU, 22.3N,  90.2W,  80,  973,  120,   90,   70,  100,   40,   30,   20,   30,   30,   20,   10,   25, -999
20201008, 0600,  , HU, 23.0N,  91.4W,  85,  973,  120,  110,   70,  100,   50,   40,   30,   50,   30,   20,   15,   25, -999
20201008, 1200,  , HU, 23.7N,  92.4W,  90,  969,  130,  120,   70,  100,   50,   40,   30,   50,   30,   25,   15,   25, -999
20201008, 1800,  , HU, 24.5N,  93.1W, 100,  960,  140,  130,   80,  110,   50,   40,   40,   50,   30,   25,   20,   25, -999
20201009, 0000,  , HU, 25.3N,  93.5W, 105,  953,  140,  130,   80,  110,   50,   40,   40,   50,   35,   30,   25,   25, -999
20201009, 0600,  , HU, 26.3N,  93.7W, 105,  953,  140,  130,   80,  110,   50,   40,   40,   50,   35,   30,   25,   25, -999
20201009, 1200,  , HU, 27.5N,  93.8W, 100,  958,  140,  130,   80,  110,   50,   40,   40,   50,   35,   30,   25,   25, -999
20201009, 1800,  , HU, 28.7N,  93.6W,  90,  966,  140,  140,   80,  110,   50,   40,   40,   50,   35,   30,   25,   25, -999
20201009, 2300, L, HU, 29.8N,  93.1W,  85,  970,  140,  140,   80,  110,   50,   40,   40,   50,   35,   30,   25,   25,   15
20201010, 0000,  , HU, 30.1N,  92.9W,  75,  971,  120,  140,   80,  100,   40,   40,   40,   40,   20,   20,   20,   20, -999
20201010, 0600,  , TS, 31.4N,  92.2W,  50,  985,   90,  120,   60,   90,    0,   40,    0,    0,    0,    0,    0,    0, -999
20201010, 1200,  , TS, 32.5N,  91.4W,  35,  993,   60,   60,    0,    0,    0,    0,    0,    0,    0,    0,    0,    0, -999
20201010, 1800,  , EX, 33.3N,  90.6W,  25,  998,    0,    0,    0,    0,    0,    0,    0,    0,    0,    0,    0,    0, -999
20201011, 0000,  , EX, 33.9N,  89.6W,  25, 1002,    0,    0,    0,    0,    0,    0,    0,    0,    0,    0,    0,    0, -999
20201011, 0600,  , EX, 34.4N,  88.6W,  25, 1004,    0,    0,    0,    0,    0,    0,    0,    0,    0,    0,    0,    0, -999
20201011, 1200,  , EX, 34.8N,  87.5W,  20, 1005,    0,    0,    0,    0,    0,    0,    0,    0,    0,    0,    0,    0, -999
20201011, 1800,  , EX, 35.1N,  86.3W,  20, 1007,    0,    0,    0,    0,    0,    0,    0,    0,    0,    0,    0,    0, -999
AL272020,            EPSILON,     41,
20201016, 1200,  , LO, 31.5N,  54.9W,  20, 1013,    0,    0,    0,    0,    0,    0,    0,    0,    0,    0,    0,    0, -999
20201016, 1800,  , LO, 31.2N,  55.1W,  25, 1011,    0,    0,    0,    0,    0,    0,    0,    0,    0,    0,    0,    0, -999
20201017, 0000,  , LO, 30.9N,  55.5W,  30, 1009,    0,    0,    0,    0,    0,    0,    0,    0,    0,    0,    0,    0, -999
20201017, 0600,  , LO, 30.7N,  55.9W,  30, 1009,    0,    0,    0,    0,    0,    0,    0,    0,    0,    0,    0,    0, -999
20201017, 1200,  , LO, 30.3N,  56.2W,  30, 1008,    0,    0,    0,    0,    0,    0,    0,    0,    0,    0,    0,    0, -999
20201017, 1800,  , LO, 29.7N,  56.3W,  30, 1008,    0,    0,    0,    0,    0,    0,    0,    0,    0,    0,    0,    0, -999
20201018, 0000,  , LO, 28.9N,  56.3W,  30, 1006,    0,    0,    0,    0,    0,    0,    0,    0,    0,    0,    0,    0, -999
20201018, 0600,  , LO, 28.1N,  56.3W,  30, 1004,    0,    0,    0,    0,    0,    0,    0,    0,    0,    0,    0,    0, -999
20201018, 1200,  , LO, 27.3N,  56.4W,  30, 1004,    0,    0,    0,    0,    0,    0,    0,    0,    0,    0,    0,    0, -999
20201018, 1800,  , LO, 26.4N,  56.6W,  30, 1003,    0,    0,    0,    0,    0,    0,    0,    0,    0,    0,    0,    0, -999
20201019, 0000,  , LO, 25.7N,  56.3W,  30, 1003,    0,    0,    0,    0,    0,    0,    0,    0,    0,    0,    0,    0, -999
20201019, 0600,  , TD, 25.5N,  55.9W,  30, 1003,    0,    0,    0,    0,    0,    0,    0,    0,    0,    0,    0,    0, -999
20201019, 1200,  , TS, 25.4N,  55.6W,  35, 1000,  200,    0,    0,  200,    0,    0,    0,    0,    0,    0,    0,    0, -999
20201019, 1800,  , TS, 25.3N,  55.4W,  40,  998,  240,    0,   30,  240,    0,    0,    0,    0,    0,    0,    0,    0, -999
20201020, 0000,  , TS, 25.2N,  55.2W,  40,  998,  260,   40,   40,  260,    0,    0,    0,    0,    0,    0,    0,    0, -999
20201020, 0600,  , TS, 25.5N,  54.9W,  45,  996,  260,   60,   60,  260,    0,    0,    0,    0,    0,    0,    0,    0, -999
20201020, 1200,  , TS, 26.2N,  54.7W,  50,  994,  300,   60,   60,  280,   60,    0,    0,    0,    0,    0,    0,    0, -999
20201020, 1800,  , TS, 27.3N,  55.3W,  55,  992,  340,   70,   60,  300,   70,   30,    0,   50,    0,    0,    0,    0, -999
20201021, 0000,  , HU, 28.3N,  56.3W,  65,  987,  380,   80,   80,  300,   50,   30,    0,   40,   20,    0,    0,   20, -999
20201021, 0600,  , HU, 28.7N,  57.7W,  75,  976,  380,   80,   80,  300,   50,   30,   20,   40,   20,   15,    0,   20, -999
20201021, 1200,  , HU, 28.9N,  58.7W,  85,  968,  360,  100,  100,  300,   50,   30,   20,   40,   20,   15,   10,   20, -999
20201021, 1800,  , HU, 29.3N,  59.6W, 100,  955,  340,  120,  120,  300,   40,   30,   20,   30,   20,   15,   15,   20, -999
20201022, 0000,  , HU, 29.5N,  60.4W, 100,  952,  310,  150,  100,  300,   40,   30,   20,   30,   20,   15,   15,   20, -999
20201022, 0600,  , HU, 30.2N,  60.9W,  90,  958,  270,  200,  100,  270,   40,   30,   20,   30,   20,   15,   15,   20, -999
20201022, 1200,  , HU, 30.8N,  61.3W,  80,  965,  220,  220,  120,  220,   60,   40,   20,   40,   15,   10,   10,   15, -999
20201022, 1800,  , HU, 31.5N,  61.5W,  75,  968,  220,  220,  120,  190,   60,   40,   20,   40,   15,   10,   10,   15, -999
20201023, 0000,  , HU, 32.2N,  61.6W,  75,  968,  250,  250,  120,  180,   60,   40,   20,   50,   15,   10,   10,   15, -999
20201023, 0600,  , HU, 32.9N,  61.6W,  75,  968,  250,  250,  140,  200,   80,   70,   30,   80,   20,   15,   10,   15, -999
20201023, 1200,  , HU, 33.7N,  61.6W,  75,  966,  250,  250,  140,  220,  100,   80,   50,  100,   30,   20,   20,   20, -999
20201023, 1800,  , HU, 34.9N,  61.7W,  75,  964,  270,  250,  170,  240,  120,   80,   70,  120,   40,   30,   30,   35, -999
20201024, 0000,  , HU, 36.1N,  62.0W,  75,  962,  300,  250,  210,  270,  130,   90,   90,  130,   50,   40,   50,   40, -999
20201024, 0600,  , HU, 36.8N,  62.1W,  75,  957,  330,  240,  230,  270,  110,  100,  100,  130,   40,   60,   70,   40, -999
20201024, 1200,  , HU, 37.4N,  61.3W,  75,  957,  350,  250,  260,  270,  100,  120,  120,  130,   30,   80,   90,   30, -999
20201024, 1800,  , HU, 38.6N,  59.7W,  70,  960,  320,  290,  290,  270,  100,  140,  130,  140,    0,   60,   70,    0, -999
20201025, 0000,  , HU, 40.3N,  57.6W,  65,  962,  290,  300,  310,  270,  100,  150,  130,  120,    0,   60,    0,    0, -999
20201025, 0600,  , HU, 42.0N,  55.2W,  65,  963,  250,  300,  330,  240,  100,  160,  140,   50,    0,   60,    0,    0, -999
20201025, 1200,  , HU, 43.3N,  51.8W,  65,  964,  220,  320,  340,  210,  100,  170,  150,   40,    0,   60,    0,    0, -999
20201025, 1800,  , TS, 45.0N,  46.9W,  60,  966,  200,  350,  350,  180,  100,  180,  160,   30,    0,    0,    0,    0, -999
20201026, 0000,  , TS, 47.2N,  41.2W,  60,  968,  200,  390,  360,    0,   90,  180,  180,    0,    0,    0,    0,    0, -999
20201026, 0600,  , EX, 49.5N,  34.7W,  60,  969,  180,  390,  360,    0,   90,  180,  180,    0,    0,    0,    0,    0, -999
20201026, 1200,  , EX, 52.1N,  28.5W,  60,  964,  160,  390,  360,    0,   90,  180,  180,    0,    0,    0,    0,    0, -999
AL282020,               ZETA,     25,
20201024, 1200,  , TD, 18.4N,  82.6W,  25, 1007,    0,    0,    0,    0,    0,    0,    0,    0,    0,    0,    0,    0, -999
20201024, 1800,  , TD, 18.2N,  83.0W,  30, 1006,    0,    0,    0,    0,    0,    0,    0,    0,    0,    0,    0,    0, -999
20201025, 0000,  , TS, 18.0N,  83.2W,  35, 1005,    0,   60,    0,    0,    0,    0,    0,    0,    0,    0,    0,    0, -999
20201025, 0600,  , TS, 17.7N,  83.5W,  40, 1004,    0,   70,    0,    0,    0,    0,    0,    0,    0,    0,    0,    0, -999
20201025, 1200,  , TS, 17.8N,  83.6W,  45, 1003,    0,   70,    0,    0,    0,    0,    0,    0,    0,    0,    0,    0, -999
20201025, 1800,  , TS, 18.0N,  83.7W,  50, 1000,   60,  100,   60,    0,    0,   70,    0,    0,    0,    0,    0,    0, -999
20201026, 0000,  , TS, 18.2N,  83.8W,  55,  996,   60,  100,   70,   50,    0,   50,    0,    0,    0,    0,    0,    0, -999
20201026, 0600,  , HU, 18.5N,  84.1W,  65,  993,   60,  100,   70,   50,   40,   50,    0,    0,   20,    0,    0,    0, -999
20201026, 1200,  , HU, 18.9N,  84.8W,  65,  990,   80,  100,   50,   50,   50,   50,    0,    0,   20,    0,    0,    0, -999
20201026, 1800,  , HU, 19.4N,  85.7W,  70,  984,  100,  100,   50,   70,   50,   50,   20,   40,   20,   20,    0,    0, -999
20201027, 0000,  , HU, 19.9N,  86.6W,  70,  980,  120,  110,   60,   70,   70,   70,   20,   40,   40,   40,    0,    0, -999
20201027, 0355, L, HU, 20.4N,  87.4W,  75,  977,  120,  110,   60,   70,   70,   70,   20,   40,   40,   40,    0,    0, -999
20201027, 0600,  , HU, 20.6N,  87.9W,  65,  981,  120,  120,   60,   70,   70,   70,   20,   40,   20,    0,    0,    0, -999
20201027, 1200,  , TS, 21.3N,  89.0W,  60,  985,  120,  120,   60,   70,   70,   70,   20,   40,    0,    0,    0,    0, -999
20201027, 1800,  , TS, 22.2N,  90.0W,  55,  988,  120,  120,   60,   70,   70,   70,   20,   40,    0,    0,    0,    0, -999
20201028, 0000,  , TS, 23.2N,  90.8W,  55,  990,  120,  120,   60,   70,   60,   60,   20,   40,    0,    0,    0,    0, -999
20201028, 0600,  , HU, 24.4N,  91.5W,  65,  984,  120,  130,   40,   60,   60,   60,   20,   20,   30,   30,    0,    0, -999
20201028, 1200,  , HU, 26.0N,  91.7W,  80,  978,  120,  130,   40,   60,   60,   60,   20,   20,   30,   30,    0,    0, -999
20201028, 1800,  , HU, 28.0N,  91.1W,  95,  973,  130,  130,   40,   60,   70,   70,   20,   20,   30,   30,    0,    0, -999
20201028, 2100, L, HU, 29.2N,  90.6W, 100,  970,  130,  130,   40,   60,   70,   70,   20,   20,   35,   35,    0,    0,   20
20201029, 0000,  , HU, 30.2N,  89.9W,  85,  973,   90,  130,   40,   30,   70,   70,   20,   20,   40,   40,    0,    0, -999
20201029, 0600,  , TS, 32.8N,  87.5W,  60,  986,   70,  150,   40,    0,    0,   50,    0,    0,    0,    0,    0,    0, -999
20201029, 1200,  , TS, 35.3N,  83.6W,  45,  990,   70,  180,   60,    0,    0,    0,    0,    0,    0,    0,    0,    0, -999
20201029, 1800,  , EX, 37.8N,  78.2W,  45,  992,    0,  270,    0,    0,    0,    0,    0,    0,    0,    0,    0,    0, -999
20201030, 0000,  , EX, 39.5N,  71.7W,  45,  993,    0,  270,  290,  180,    0,    0,    0,    0,    0,    0,    0,    0, -999
AL292020,                ETA,     58,
20201031, 1800,  , TD, 14.9N,  72.4W,  30, 1006,    0,    0,    0,    0,    0,    0,    0,    0,    0,    0,    0,    0, -999
20201101, 0000,  , TS, 14.9N,  73.6W,  35, 1005,   50,    0,    0,   50,    0,    0,    0,    0,    0,    0,    0,    0, -999
20201101, 0600,  , TS, 14.9N,  75.1W,  35, 1005,   50,    0,    0,   50,    0,    0,    0,    0,    0,    0,    0,    0, -999
20201101, 1200,  , TS, 14.9N,  76.7W,  40, 1002,   50,    0,    0,   50,    0,    0,    0,    0,    0,    0,    0,    0, -999
20201101, 1800,  , TS, 14.9N,  78.2W,  50,  992,   80,   60,   20,   60,   50,   30,    0,    0,    0,    0,    0,    0, -999
20201102, 0000,  , TS, 14.9N,  79.4W,  60,  988,  100,   80,   30,   80,   50,   30,    0,   50,    0,    0,    0,    0, -999
20201102, 0600,  , HU, 14.9N,  80.4W,  70,  982,  110,   90,   30,   90,   50,   30,   10,   50,   20,    0,    0,   20, -999
20201102, 1200,  , HU, 14.8N,  81.2W,  90,  972,  110,   60,   40,   90,   30,   20,   20,   30,   20,   10,   10,   20, -999
20201102, 1800,  , HU, 14.7N,  82.0W, 115,  948,  110,   60,   40,  100,   30,   30,   20,   30,   20,   15,   10,   20, -999
20201103, 0000,  , HU, 14.3N,  82.5W, 130,  929,  110,   60,   40,  100,   30,   30,   30,   30,   20,   20,   15,   20, -999
20201103, 0600,  , HU, 14.0N,  82.9W, 130,  922,  110,   60,   40,  100,   30,   30,   30,   30,   20,   20,   15,   20, -999
20201103, 1200,  , HU, 13.6N,  83.1W, 125,  936,  100,   70,   50,  100,   30,   30,   30,   30,   20,   20,   20,   20, -999
20201103, 1800,  , HU, 13.7N,  83.3W, 120,  940,  100,   70,   50,   90,   30,   30,   30,   30,   20,   20,   20,   20, -999
20201103, 2100, L, HU, 13.8N,  83.5W, 120,  940,  100,   70,   50,   90,   30,   30,   30,   30,   20,   20,   20,   20, -999
20201104, 0000,  , HU, 13.8N,  83.7W,  95,  965,  100,   70,   50,   90,   30,   30,   30,   30,   20,   20,   20,   20, -999
20201104, 0600,  , HU, 13.8N,  84.3W,  70,  980,  100,   70,   50,   90,   30,   30,   30,   30,   20,   20,   20,   20, -999
20201104, 1200,  , TS, 13.8N,  84.9W,  50,  993,  100,   40,   40,   60,   20,    0,    0,   20,    0,    0,    0,    0, -999
20201104, 1800,  , TS, 13.9N,  85.4W,  40,  998,   80,   30,   30,   40,    0,    0,    0,    0,    0,    0,    0,    0, -999
20201105, 0000,  , TD, 14.0N,  86.0W,  30, 1002,    0,    0,    0,    0,    0,    0,    0,    0,    0,    0,    0,    0, -999
20201105, 0600,  , DB, 14.2N,  86.7W,  25, 1006,    0,    0,    0,    0,    0,    0,    0,    0,    0,    0,    0,    0, -999
20201105, 1200,  , DB, 14.5N,  87.5W,  25, 1005,    0,    0,    0,    0,    0,    0,    0,    0,    0,    0,    0,    0, -999
20201105, 1800,  , DB, 15.3N,  87.8W,  30, 1005,    0,    0,    0,    0,    0,    0,    0,    0,    0,    0,    0,    0, -999
20201106, 0000,  , DB, 16.2N,  87.8W,  30, 1004,    0,    0,    0,    0,    0,    0,    0,    0,    0,    0,    0,    0, -999
20201106, 0600,  , TD, 16.7N,  87.6W,  30, 1004,    0,    0,    0,    0,    0,    0,    0,    0,    0,    0,    0,    0, -999
20201106, 1200,  , TD, 16.9N,  87.4W,  30, 1004,    0,    0,    0,    0,    0,    0,    0,    0,    0,    0,    0,    0, -999
20201106, 1800,  , TD, 17.1N,  87.1W,  30, 1004,    0,    0,    0,    0,    0,    0,    0,    0,    0,    0,    0,    0, -999
20201107, 0000,  , TD, 17.5N,  86.4W,  30, 1002,    0,    0,    0,    0,    0,    0,    0,    0,    0,    0,    0,    0, -999
20201107, 0600,  , TS, 18.2N,  85.1W,  35, 1001,    0,   50,    0,    0,    0,    0,    0,    0,    0,    0,    0,    0, -999
20201107, 1200,  , TS, 19.1N,  83.2W,  45,  997,    0,   50,    0,    0,    0,    0,    0,    0,    0,    0,    0,    0, -999
20201107, 1800,  , TS, 19.8N,  81.5W,  55,  994,   50,   80,   20,   40,   20,   20,    0,   20,    0,    0,    0,    0, -999
20201108, 0000,  , TS, 20.4N,  80.2W,  55,  991,   90,  100,   30,   50,   50,   50,   10,   20,    0,    0,    0,    0, -999
20201108, 0600,  , TS, 21.1N,  79.5W,  55,  991,  120,  100,   30,   80,   50,   50,   10,   30,    0,    0,    0,    0, -999
20201108, 0855, L, TS, 21.5N,  79.2W,  55,  991,  100,  100,   30,   80,   50,   50,   10,   30,    0,    0,    0,    0, -999
20201108, 1200,  , TS, 22.2N,  79.0W,  50,  993,  140,  100,   30,  120,   40,   40,    0,   30,    0,    0,    0,    0, -999
20201108, 1800,  , TS, 23.5N,  79.2W,  55,  993,  180,  100,   30,  140,   40,   40,    0,   30,    0,    0,    0,    0, -999
20201109, 0000,  , TS, 24.5N,  80.1W,  55,  993,  220,  100,   30,  140,   40,   40,    0,   30,    0,    0,    0,    0, -999
20201109, 0400, L, TS, 24.9N,  80.7W,  55,  993,  220,  100,   30,  140,   40,   40,    0,   30,    0,    0,    0,    0, -999
20201109, 0600,  , TS, 25.0N,  81.4W,  55,  992,  160,   60,   30,  140,   40,   40,    0,   30,    0,    0,    0,    0, -999
20201109, 1200,  , TS, 24.9N,  82.9W,  50,  992,  140,   40,   30,  120,   30,   20,    0,   10,    0,    0,    0,    0, -999
20201109, 1800,  , TS, 24.2N,  84.1W,  45,  995,  120,   40,   30,  100,    0,    0,    0,    0,    0,    0,    0,    0, -999
20201110, 0000,  , TS, 23.4N,  85.0W,  45,  995,   80,   30,   40,   60,    0,    0,    0,    0,    0,    0,    0,    0, -999
20201110, 0600,  , TS, 23.0N,  85.4W,  45,  995,   80,   30,   40,   40,    0,    0,    0,    0,    0,    0,    0,    0, -999
20201110, 1200,  , TS, 22.6N,  85.3W,  50,  992,   80,   40,   40,   40,   20,   20,    0,    0,    0,    0,    0,    0, -999
20201110, 1800,  , TS, 22.9N,  85.1W,  50,  992,   80,   60,   40,   40,   20,   20,    0,    0,    0,    0,    0,    0, -999
20201111, 0000,  , TS, 23.5N,  84.6W,  55,  990,  100,  100,   40,   20,   40,   20,    0,    0,    0,    0,    0,    0, -999
20201111, 0600,  , TS, 24.5N,  84.2W,  60,  987,  100,  100,   40,   40,   60,   30,    0,    0,    0,    0,    0,    0, -999
20201111, 1200,  , HU, 25.8N,  83.9W,  65,  983,  100,  100,   40,   40,   70,   50,    0,    0,   50,    0,    0,    0, -999
20201111, 1800,  , TS, 26.8N,  83.7W,  60,  990,  100,  100,   30,   90,   40,   40,    0,    0,    0,    0,    0,    0, -999
20201112, 0000,  , TS, 27.9N,  83.5W,  55,  992,  100,  100,   30,   90,   40,   40,    0,    0,    0,    0,    0,    0, -999
20201112, 0600,  , TS, 28.7N,  83.2W,  50,  994,   90,  100,   20,   60,   30,   30,    0,    0,    0,    0,    0,    0, -999
20201112, 0920, L, TS, 29.2N,  82.9W,  45,  996,   60,  100,   40,   60,    0,    0,    0,    0,    0,    0,    0,    0, -999
20201112, 1200,  , TS, 29.7N,  82.5W,  40, 1001,   60,  100,   40,   60,    0,    0,    0,    0,    0,    0,    0,    0, -999
20201112, 1800,  , TS, 30.9N,  81.3W,  35, 1003,   60,  100,   20,   60,    0,    0,    0,    0,    0,    0,    0,    0, -999
20201113, 0000,  , TS, 31.9N,  79.9W,  40, 1004,   60,  100,    0,   60,    0,    0,    0,    0,    0,    0,    0,    0, -999
20201113, 0600,  , TS, 32.7N,  78.0W,  40, 1004,   60,  100,    0,   60,    0,    0,    0,    0,    0,    0,    0,    0, -999
20201113, 1200,  , EX, 34.0N,  75.3W,  40, 1004,   60,  100,    0,   60,    0,    0,    0,    0,    0,    0,    0,    0, -999
20201113, 1800,  , EX, 35.1N,  72.5W,  40, 1005,   60,  100,    0,   60,    0,    0,    0,    0,    0,    0,    0,    0, -999
20201114, 0000,  , EX, 35.7N,  69.2W,  35, 1006,   60,  100,    0,   60,    0,    0,    0,    0,    0,    0,    0,    0, -999
AL302020,              THETA,     33,
20201108, 1200,  , EX, 28.4N,  47.5W,  25, 1010,    0,    0,    0,    0,    0,    0,    0,    0,    0,    0,    0,    0, -999
20201108, 1800,  , EX, 28.4N,  46.8W,  25, 1010,    0,    0,    0,    0,    0,    0,    0,    0,    0,    0,    0,    0, -999
20201109, 0000,  , EX, 28.5N,  45.9W,  25, 1010,    0,    0,    0,    0,    0,    0,    0,    0,    0,    0,    0,    0, -999
20201109, 0600,  , EX, 28.6N,  44.9W,  30, 1007,    0,    0,    0,    0,    0,    0,    0,    0,    0,    0,    0,    0, -999
20201109, 1200,  , EX, 28.8N,  43.7W,  35, 1005,    0,    0,    0,   70,    0,    0,    0,    0,    0,    0,    0,    0, -999
20201109, 1800,  , EX, 28.8N,  42.4W,  40, 1003,    0,    0,   70,   70,    0,    0,    0,    0,    0,    0,    0,    0, -999
20201110, 0000,  , SS, 28.8N,  41.0W,  50,  999,    0,   70,  100,  100,    0,    0,   40,    0,    0,    0,    0,    0, -999
20201110, 0600,  , SS, 28.8N,  39.5W,  55,  994,   60,   70,  100,  100,    0,    0,   40,    0,    0,    0,    0,    0, -999
20201110, 1200,  , SS, 28.9N,  38.0W,  60,  989,  120,   70,   90,  120,    0,    0,   40,   60,    0,    0,    0,    0, -999
20201110, 1800,  , TS, 29.0N,  36.7W,  60,  987,  120,   70,   90,  120,    0,    0,   40,   60,    0,    0,    0,    0, -999
20201111, 0000,  , TS, 29.2N,  35.8W,  55,  988,  150,   70,  120,  180,    0,    0,   60,   60,    0,    0,    0,    0, -999
20201111, 0600,  , TS, 29.4N,  34.9W,  55,  988,  150,   70,  120,  180,    0,    0,   60,   60,    0,    0,    0,    0, -999
20201111, 1200,  , TS, 29.6N,  33.8W,  55,  989,  150,   90,  120,  180,    0,    0,   60,   60,    0,    0,    0,    0, -999
20201111, 1800,  , TS, 30.3N,  32.5W,  55,  989,  150,   90,  120,  180,    0,    0,   60,   60,    0,    0,    0,    0, -999
20201112, 0000,  , TS, 31.1N,  31.9W,  60,  987,  140,  100,  120,  180,    0,    0,   60,   60,    0,    0,    0,    0, -999
20201112, 0600,  , TS, 31.5N,  30.8W,  55,  988,  140,  100,  120,  180,    0,    0,   60,   60,    0,    0,    0,    0, -999
20201112, 1200,  , TS, 31.5N,  29.4W,  55,  989,  140,  100,  120,  180,    0,    0,   60,   60,    0,    0,    0,    0, -999
20201112, 1800,  , TS, 31.7N,  28.0W,  55,  990,  140,  100,  130,  180,    0,    0,   60,   60,    0,    0,    0,    0, -999
20201113, 0000,  , TS, 31.9N,  26.7W,  50,  992,  100,  140,  150,  170,    0,    0,   50,   50,    0,    0,    0,    0, -999
20201113, 0600,  , TS, 31.9N,  25.4W,  50,  993,  100,  140,  150,  170,    0,    0,   50,   50,    0,    0,    0,    0, -999
20201113, 1200,  , TS, 31.9N,  24.2W,  45,  994,  100,  140,  150,  170,    0,    0,    0,    0,    0,    0,    0,    0, -999
20201113, 1800,  , TS, 32.0N,  23.1W,  45,  996,  100,  130,  140,  160,    0,    0,    0,    0,    0,    0,    0,    0, -999
20201114, 0000,  , TS, 32.0N,  22.1W,  40,  997,   90,  120,  120,   80,    0,    0,    0,    0,    0,    0,    0,    0, -999
20201114, 0600,  , TS, 31.9N,  21.2W,  35,  999,   80,    0,   80,    0,    0,    0,    0,    0,    0,    0,    0,    0, -999
20201114, 1200,  , TS, 31.8N,  20.4W,  35, 1000,   80,    0,   80,   80,    0,    0,    0,    0,    0,    0,    0,    0, -999
20201114, 1800,  , TS, 31.7N,  19.6W,  35, 1002,   80,    0,   80,   80,    0,    0,    0,    0,    0,    0,    0,    0, -999
20201115, 0000,  , TS, 31.7N,  18.9W,  35, 1003,    0,   80,   80,    0,    0,    0,    0,    0,    0,    0,    0,    0, -999
20201115, 0600,  , TD, 31.6N,  18.5W,  30, 1005,    0,    0,    0,    0,    0,    0,    0,    0,    0,    0,    0,    0, -999
20201115, 1200,  , LO, 31.4N,  18.3W,  30, 1009,    0,    0,    0,    0,    0,    0,    0,    0,    0,    0,    0,    0, -999
20201115, 1800,  , LO, 31.6N,  18.0W,  30, 1012,    0,    0,    0,    0,    0,    0,    0,    0,    0,    0,    0,    0, -999
20201116, 0000,  , LO, 32.1N,  17.9W,  30, 1013,    0,    0,    0,    0,    0,    0,    0,    0,    0,    0,    0,    0, -999
20201116, 0600,  , LO, 32.7N,  18.2W,  25, 1014,    0,    0,    0,    0,    0,    0,    0,    0,    0,    0,    0,    0, -999
20201116, 1200,  , LO, 33.4N,  18.6W,  25, 1014,    0,    0,    0,    0,    0,    0,    0,    0,    0,    0,    0,    0, -999
AL312020,               IOTA,     26,
20201112, 1200,  , LO, 15.5N,  70.9W,  25, 1009,    0,    0,    0,    0,    0,    0,    0,    0,    0,    0,    0,    0, -999
20201112, 1800,  , LO, 15.3N,  71.9W,  25, 1009,    0,    0,    0,    0,    0,    0,    0,    0,    0,    0,    0,    0, -999
20201113, 0000,  , LO, 15.0N,  72.7W,  25, 1008,    0,    0,    0,    0,    0,    0,    0,    0,    0,    0,    0,    0, -999
20201113, 0600,  , LO, 14.7N,  73.3W,  25, 1007,    0,    0,    0,    0,    0,    0,    0,    0,    0,    0,    0,    0, -999
20201113, 1200,  , TD, 14.4N,  73.7W,  30, 1006,    0,    0,    0,    0,    0,    0,    0,    0,    0,    0,    0,    0, -999
20201113, 1800,  , TS, 14.0N,  74.1W,  35, 1005,   80,   80,    0,    0,    0,    0,    0,    0,    0,    0,    0,    0, -999
20201114, 0000,  , TS, 13.6N,  74.5W,  35, 1005,   80,   80,    0,    0,    0,    0,    0,    0,    0,    0,    0,    0, -999
20201114, 0600,  , TS, 13.3N,  75.0W,  35, 1004,   80,   80,    0,    0,    0,    0,    0,    0,    0,    0,    0,    0, -999
20201114, 1200,  , TS, 12.9N,  75.7W,  40, 1002,   80,   80,    0,    0,    0,    0,    0,    0,    0,    0,    0,    0, -999
20201114, 1800,  , TS, 12.5N,  76.4W,  45,  997,   80,   80,    0,    0,    0,    0,    0,    0,    0,    0,    0,    0, -999
20201115, 0000,  , TS, 12.6N,  76.7W,  55,  992,   90,   80,   30,   70,   40,   40,    0,    0,    0,    0,    0,    0, -999
20201115, 0600,  , HU, 13.0N,  77.1W,  65,  988,  100,   80,   40,   90,   40,   40,   20,   30,   20,    0,    0,   20, -999
20201115, 1200,  , HU, 13.1N,  78.0W,  70,  982,  120,   90,   50,  100,   50,   40,   30,   50,   20,   20,    0,   20, -999
20201115, 1800,  , HU, 13.2N,  78.9W,  75,  974,  140,  100,   70,  120,   60,   50,   40,   60,   25,   20,    0,   20, -999
20201116, 0000,  , HU, 13.2N,  79.8W,  90,  961,  160,  120,   80,  140,   70,   60,   40,   70,   30,   25,   20,   25, -999
20201116, 0600,  , HU, 13.4N,  80.7W, 120,  935,  180,  130,   90,  160,   80,   60,   40,   80,   35,   30,   25,   35, -999
20201116, 1200,  , HU, 13.5N,  81.5W, 135,  917,  200,  130,  100,  180,   80,   60,   50,   80,   40,   30,   25,   40, -999
20201116, 1800,  , HU, 13.5N,  82.3W, 130,  918,  200,  130,  100,  180,   80,   60,   50,   80,   40,   30,   25,   40, -999
20201117, 0000,  , HU, 13.6N,  83.0W, 130,  918,  200,  130,  100,  180,   80,   60,   50,   80,   40,   30,   25,   40, -999
20201117, 0340, L, HU, 13.6N,  83.5W, 125,  922,  200,  130,   90,  180,   80,   60,   50,   70,   40,   30,   20,   35, -999
20201117, 0600,  , HU, 13.7N,  83.8W, 110,  935,  190,  130,   80,  180,   70,   60,   30,   60,   35,   25,   15,   25, -999
20201117, 1200,  , HU, 13.7N,  84.7W,  75,  965,  170,  110,   50,  160,   60,   40,    0,   50,   30,    0,    0,   20, -999
20201117, 1800,  , TS, 13.7N,  85.7W,  55,  988,  150,   70,    0,  140,   60,    0,    0,    0,    0,    0,    0,    0, -999
20201118, 0000,  , TS, 13.8N,  86.7W,  40, 1000,  140,    0,    0,  130,    0,    0,    0,    0,    0,    0,    0,    0, -999
20201118, 0600,  , TS, 13.8N,  87.8W,  35, 1005,  140,    0,    0,    0,    0,    0,    0,    0,    0,    0,    0,    0, -999
20201118, 1200,  , TD, 13.7N,  89.0W,  25, 1006,    0,    0,    0,    0,    0,    0,    0,    0,    0,    0,    0,    0, -999
