EP012014,             AMANDA,     30,
20140522, 0600,  , LO, 10.1N, 106.4W,  25, 1007,    0,    0,    0,    0,    0,    0,    0,    0,    0,    0,    0,    0, -999
20140522, 1200,  , LO, 10.2N, 106.8W,  25, 1007,    0,    0,    0,    0,    0,    0,    0,    0,    0,    0,    0,    0, -999
20140522, 1800,  , TD, 10.3N, 107.2W,  25, 1007,    0,    0,    0,    0,    0,    0,    0,    0,    0,    0,    0,    0, -999
20140523, 0000,  , TD, 10.5N, 107.6W,  25, 1007,    0,    0,    0,    0,    0,    0,    0,    0,    0,    0,    0,    0, -999
20140523, 0600,  , TD, 10.7N, 108.0W,  30, 1006,    0,    0,    0,    0,    0,    0,    0,    0,    0,    0,    0,    0, -999
20140523, 1200,  , TD, 10.8N, 108.3W,  30, 1006,    0,    0,    0,    0,    0,    0,    0,    0,    0,    0,    0,    0, -999
20140523, 1800,  , TS, 10.9N, 108.6W,  35, 1005,   30,    0,    0,   30,    0,    0,    0,    0,    0,    0,    0,    0, -999
20140524, 0000,  , TS, 11.0N, 109.0W,  45, 1002,   40,   20,    0,   40,    0,    0,    0,    0,    0,    0,    0,    0, -999
20140524, 0600,  , TS, 11.1N, 109.4W,  55,  996,   50,   30,   20,   50,   20,    0,    0,   20,    0,    0,    0,    0, -999
20140524, 1200,  , HU, 11.2N, 109.8W,  65,  989,   50,   40,   30,   50,   30,   20,   10,   30,   15,    0,    0,   15, -999
20140524, 1800,  , HU, 11.3N, 110.1W,  75,  983,   60,   50,   40,   60,   30,   30,   20,   30,   15,   10,   10,   15, -999
20140525, 0000,  , HU, 11.5N, 110.5W,  90,  973,   60,   60,   40,   60,   30,   30,   20,   30,   15,   15,   10,   15, -999
20140525, 0600,  , HU, 11.6N, 110.8W, 120,  946,   70,   60,   40,   60,   40,   40,   30,   30,   20,   15,   15,   15, -999
20140525, 1200,  , HU, 11.7N, 111.1W, 135,  932,   70,   60,   50,   60,   40,   40,   30,   40,   20,   20,   15,   20, -999
20140525, 1800,  , HU, 12.0N, 111.2W, 135,  933,   70,   60,   60,   60,   40,   40,   40,   40,   20,   20,   15,   20, -999
20140526, 0000,  , HU, 12.3N, 111.3W, 125,  941,   80,   70,   60,   60,   40,   40,   40,   40,   20,   20,   15,   20, -999
20140526, 0600,  , HU, 12.7N, 111.5W, 120,  945,   80,   70,   60,   60,   40,   40,   40,   40,   20,   20,   15,   20, -999
20140526, 1200,  , HU, 12.9N, 111.6W, 115,  949,   80,   70,   60,   60,   40,   40,   40,   40,   20,   20,   15,   20, -999
20140526, 1800,  , HU, 13.2N, 111.8W, 110,  953,   80,   70,   60,   70,   40,   40,   40,   40,   20,   20,   15,   20, -999
20140527, 0000,  , HU, 13.5N, 111.9W, 105,  958,   80,   70,   60,   70,   40,   40,   40,   40,   20,   20,   15,   20, -999
20140527, 0600,  , HU, 14.0N, 112.1W, 100,  962,   80,   70,   60,   80,   40,   30,   30,   40,   20,   15,   15,   20, -999
20140527, 1200,  , HU, 14.2N, 112.4W,  95,  966,   80,   70,   60,   80,   40,   30,   30,   40,   20,   15,   15,   20, -999
20140527, 1800,  , HU, 14.5N, 112.7W,  85,  972,   80,   70,   60,   80,   40,   30,   30,   40,   20,   15,   15,   20, -999
20140528, 0000,  , HU, 14.5N, 112.6W,  75,  983,   70,   70,   50,   70,   30,   30,   20,   30,   20,   15,   10,   15, -999
20140528, 0600,  , HU, 14.6N, 112.5W,  65,  989,   70,   60,   50,   70,   30,   20,   20,   30,   15,    0,    0,   15, -999
20140528, 1200,  , TS, 14.9N, 112.2W,  55,  996,   60,   60,   40,   60,   30,   20,   20,   30,    0,    0,    0,    0, -999
20140528, 1800,  , TS, 15.7N, 111.8W,  50,  999,   60,   40,   30,   60,   30,    0,    0,   30,    0,    0,    0,    0, -999
20140529, 0000,  , TS, 16.1N, 111.5W,  45, 1001,   50,    0,    0,   50,    0,    0,    0,    0,    0,    0,    0,    0, -999
20140529, 0600,  , TS, 16.3N, 110.9W,  35, 1003,   40,    0,    0,   40,    0,    0,    0,    0,    0,    0,    0,    0, -999
20140529, 1200,  , TD, 16.2N, 110.2W,  30, 1004,    0,    0,    0,    0,    0,    0,    0,    0,    0,    0,    0,    0, -999
EP022014,              BORIS,     14,
20140601, 1200,  , LO, 11.7N,  93.5W,  20, 1007,    0,    0,    0,    0,    0,    0,    0,    0,    0,    0,    0,    0, -999
20140601, 1800,  , LO, 11.9N,  93.4W,  20, 1006,    0,    0,    0,    0,    0,    0,    0,    0,    0,    0,    0,    0, -999
20140602, 0000,  , LO, 12.1N,  93.4W,  25, 1005,    0,    0,    0,    0,    0,    0,    0,    0,    0,    0,    0,    0, -999
20140602, 0600,  , LO, 12.4N,  93.5W,  25, 1004,    0,    0,    0,    0,    0,    0,    0,    0,    0,    0,    0,    0, -999
20140602, 1200,  , LO, 12.8N,  93.8W,  25, 1002,    0,    0,    0,    0,    0,    0,    0,    0,    0,    0,    0,    0, -999
20140602, 1800,  , TD, 13.2N,  94.1W,  25, 1001,    0,    0,    0,    0,    0,    0,    0,    0,    0,    0,    0,    0, -999
20140603, 0000,  , TD, 13.6N,  94.2W,  30, 1001,    0,    0,    0,    0,    0,    0,    0,    0,    0,    0,    0,    0, -999
20140603, 0600,  , TD, 14.0N,  94.2W,  30, 1000,    0,    0,    0,    0,    0,    0,    0,    0,    0,    0,    0,    0, -999
20140603, 1200,  , TS, 14.4N,  94.2W,  35,  999,   80,    0,    0,    0,    0,    0,    0,    0,    0,    0,    0,    0, -999
20140603, 1800,  , TS, 14.9N,  94.1W,  40,  998,   80,    0,    0,    0,    0,    0,    0,    0,    0,    0,    0,    0, -999
20140604, 0000,  , TS, 15.3N,  94.0W,  35, 1000,   60,    0,    0,    0,    0,    0,    0,    0,    0,    0,    0,    0, -999
20140604, 0600,  , TD, 15.6N,  94.0W,  30, 1002,    0,    0,    0,    0,    0,    0,    0,    0,    0,    0,    0,    0, -999
20140604, 1200,  , TD, 15.8N,  94.1W,  25, 1004,    0,    0,    0,    0,    0,    0,    0,    0,    0,    0,    0,    0, -999
20140604, 1800,  , LO, 15.9N,  94.3W,  20, 1006,    0,    0,    0,    0,    0,    0,    0,    0,    0,    0,    0,    0, -999
EP032014,           CRISTINA,     41,
20140609, 0000,  , LO, 14.8N, 101.3W,  25, 1007,    0,    0,    0,    0,    0,    0,    0,    0,    0,    0,    0,    0, -999
20140609, 0600,  , LO, 15.0N, 101.4W,  25, 1007,    0,    0,    0,    0,    0,    0,    0,    0,    0,    0,    0,    0, -999
20140609, 1200,  , TD, 15.2N, 101.5W,  30, 1006,    0,    0,    0,    0,    0,    0,    0,    0,    0,    0,    0,    0, -999
20140609, 1800,  , TD, 15.4N, 101.6W,  30, 1006,    0,    0,    0,    0,    0,    0,    0,    0,    0,    0,    0,    0, -999
20140610, 0000,  , TD, 15.6N, 101.8W,  30, 1006,    0,    0,    0,    0,    0,    0,    0,    0,    0,    0,    0,    0, -999
20140610, 0600,  , TS, 15.5N, 102.2W,  35, 1005,   40,   30,    0,    0,    0,    0,    0,    0,    0,    0,    0,    0, -999
20140610, 1200,  , TS, 15.4N, 102.6W,  40, 1003,   40,   30,    0,    0,    0,    0,    0,    0,    0,    0,    0,    0, -999
20140610, 1800,  , TS, 15.3N, 103.0W,  45, 1001,   40,   40,   40,   40,    0,    0,    0,    0,    0,    0,    0,    0, -999
20140611, 0000,  , TS, 15.3N, 103.4W,  55,  996,   50,   50,   40,   50,   20,    0,    0,    0,    0,    0,    0,    0, -999
20140611, 0600,  , HU, 15.3N, 103.9W,  65,  990,   60,   50,   40,   50,   20,   10,    0,   20,   15,    0,    0,    0, -999
20140611, 1200,  , HU, 15.4N, 104.4W,  70,  987,   60,   60,   40,   50,   30,   30,   20,   20,   15,   15,    0,    0, -999
20140611, 1800,  , HU, 15.6N, 104.9W,  75,  983,   70,   60,   40,   50,   30,   30,   20,   20,   15,   15,    0,    0, -999
20140612, 0000,  , HU, 15.8N, 105.4W,  85,  975,   70,   50,   40,   60,   30,   30,   30,   20,   15,   15,   10,   15, -999
20140612, 0600,  , HU, 16.1N, 106.1W, 105,  959,   70,   50,   40,   60,   30,   30,   30,   30,   15,   15,   10,   15, -999
20140612, 1200,  , HU, 16.4N, 106.8W, 130,  935,   70,   50,   40,   60,   30,   30,   30,   30,   15,   15,   10,   15, -999
20140612, 1800,  , HU, 16.7N, 107.5W, 125,  940,   70,   60,   40,   70,   40,   30,   30,   40,   15,   15,   10,   15, -999
20140613, 0000,  , HU, 17.0N, 108.1W, 110,  955,   70,   60,   40,   70,   40,   30,   30,   40,   15,   15,   10,   15, -999
20140613, 0600,  , HU, 17.4N, 108.8W,  95,  967,   70,   60,   40,   70,   40,   30,   30,   40,   15,   15,   10,   15, -999
20140613, 1200,  , HU, 17.8N, 109.5W,  85,  973,   80,   70,   50,   80,   50,   40,   30,   50,   20,   20,   15,   20, -999
20140613, 1800,  , HU, 18.3N, 110.1W,  80,  978,   80,   70,   50,   80,   50,   40,   30,   50,   20,   20,   15,   20, -999
20140614, 0000,  , HU, 18.7N, 110.5W,  80,  979,   80,   70,   50,   80,   50,   40,   30,   50,   20,   20,   15,   20, -999
20140614, 0600,  , HU, 19.0N, 110.8W,  70,  984,   70,   60,   60,   70,   40,   40,   30,   40,   15,   15,   10,   15, -999
20140614, 1200,  , TS, 19.3N, 111.2W,  60,  990,   50,   50,   60,   60,   20,   30,   30,   30,    0,    0,    0,    0, -999
20140614, 1800,  , TS, 19.5N, 111.6W,  50,  997,   50,   50,   60,   60,   20,   20,   20,   20,    0,    0,    0,    0, -999
20140615, 0000,  , TS, 19.7N, 112.0W,  40, 1002,   50,   50,   40,   50,    0,    0,    0,    0,    0,    0,    0,    0, -999
20140615, 0600,  , LO, 19.9N, 112.5W,  35, 1003,   40,   40,   30,   40,    0,    0,    0,    0,    0,    0,    0,    0, -999
20140615, 1200,  , LO, 20.1N, 113.0W,  30, 1004,    0,    0,    0,    0,    0,    0,    0,    0,    0,    0,    0,    0, -999
20140615, 1800,  , LO, 20.4N, 113.5W,  30, 1005,    0,    0,    0,    0,    0,    0,    0,    0,    0,    0,    0,    0, -999
20140616, 0000,  , LO, 20.7N, 114.1W,  30, 1005,    0,    0,    0,    0,    0,    0,    0,    0,    0,    0,    0,    0, -999
20140616, 0600,  , LO, 21.1N, 114.8W,  30, 1005,    0,    0,    0,    0,    0,    0,    0,    0,    0,    0,    0,    0, -999
20140616, 1200,  , LO, 21.6N, 115.6W,  25, 1005,    0,    0,    0,    0,    0,    0,    0,    0,    0,    0,    0,    0, -999
20140616, 1800,  , LO, 22.1N, 116.4W,  25, 1005,    0,    0,    0,    0,    0,    0,    0,    0,    0,    0,    0,    0, -999
20140617, 0000,  , LO, 22.5N, 116.9W,  20, 1006,    0,    0,    0,    0,    0,    0,    0,    0,    0,    0,    0,    0, -999
20140617, 0600,  , LO, 22.7N, 117.2W,  20, 1006,    0,    0,    0,    0,    0,    0,    0,    0,    0,    0,    0,    0, -999
20140617, 1200,  , LO, 22.8N, 117.6W,  15, 1007,    0,    0,    0,    0,    0,    0,    0,    0,    0,    0,    0,    0, -999
20140617, 1800,  , LO, 23.0N, 117.8W,  15, 1007,    0,    0,    0,    0,    0,    0,    0,    0,    0,    0,    0,    0, -999
20140618, 0000,  , LO, 23.1N, 117.5W,  15, 1008,    0,    0,    0,    0,    0,    0,    0,    0,    0,    0,    0,    0, -999
20140618, 0600,  , LO, 23.0N, 117.2W,  15, 1009,    0,    0,    0,    0,    0,    0,    0,    0,    0,    0,    0,    0, -999
20140618, 1200,  , LO, 22.8N, 117.0W,  15, 1010,    0,    0,    0,    0,    0,    0,    0,    0,    0,    0,    0,    0, -999
20140618, 1800,  , LO, 22.5N, 116.8W,  15, 1010,    0,    0,    0,    0,    0,    0,    0,    0,    0,    0,    0,    0, -999
20140619, 0000,  , LO, 22.2N, 116.6W,  15, 1010,    0,    0,    0,    0,    0,    0,    0,    0,    0,    0,    0,    0, -999
EP042014,            DOUGLAS,     42,
20140628, 1800,  , TD, 14.2N, 105.5W,  30, 1006,    0,    0,    0,    0,    0,    0,    0,    0,    0,    0,    0,    0, -999
20140629, 0000,  , TD, 14.7N, 106.9W,  30, 1006,    0,    0,    0,    0,    0,    0,    0,    0,    0,    0,    0,    0, -999
20140629, 0600,  , TD, 15.3N, 108.3W,  30, 1006,    0,    0,    0,    0,    0,    0,    0,    0,    0,    0,    0,    0, -999
20140629, 1200,  , TD, 15.8N, 109.8W,  30, 1005,    0,    0,    0,    0,    0,    0,    0,    0,    0,    0,    0,    0, -999
20140629, 1800,  , TD, 16.0N, 111.1W,  30, 1005,    0,    0,    0,    0,    0,    0,    0,    0,    0,    0,    0,    0, -999
20140630, 0000,  , TS, 16.3N, 112.2W,  35, 1003,    0,  150,    0,    0,    0,    0,    0,    0,    0,    0,    0,    0, -999
20140630, 0600,  , TS, 16.7N, 113.0W,  35, 1003,    0,  150,    0,    0,    0,    0,    0,    0,    0,    0,    0,    0, -999
20140630, 1200,  , TS, 17.2N, 113.7W,  35, 1003,    0,  120,    0,    0,    0,    0,    0,    0,    0,    0,    0,    0, -999
20140630, 1800,  , TS, 17.7N, 114.2W,  35, 1003,   50,  100,    0,    0,    0,    0,    0,    0,    0,    0,    0,    0, -999
20140701, 0000,  , TS, 18.2N, 114.7W,  40, 1001,   50,   90,   60,    0,    0,    0,    0,    0,    0,    0,    0,    0, -999
20140701, 0600,  , TS, 18.6N, 115.1W,  40, 1001,   50,   90,   60,    0,    0,    0,    0,    0,    0,    0,    0,    0, -999
20140701, 1200,  , TS, 18.9N, 115.5W,  40, 1001,   50,   90,   60,   40,    0,    0,    0,    0,    0,    0,    0,    0, -999
20140701, 1800,  , TS, 19.1N, 115.7W,  45,  999,   50,   90,   60,   50,    0,    0,    0,    0,    0,    0,    0,    0, -999
20140702, 0000,  , TS, 19.3N, 115.8W,  45, 1000,   50,   80,   60,   50,    0,    0,    0,    0,    0,    0,    0,    0, -999
20140702, 0600,  , TS, 19.5N, 115.9W,  40, 1001,   50,   50,   30,   50,    0,    0,    0,    0,    0,    0,    0,    0, -999
20140702, 1200,  , TS, 19.7N, 116.0W,  40, 1002,   50,   50,   30,   50,    0,    0,    0,    0,    0,    0,    0,    0, -999
20140702, 1800,  , TS, 19.9N, 116.1W,  40, 1002,   70,   40,    0,   60,    0,    0,    0,    0,    0,    0,    0,    0, -999
20140703, 0000,  , TS, 20.0N, 116.2W,  35, 1004,   70,   40,    0,   60,    0,    0,    0,    0,    0,    0,    0,    0, -999
20140703, 0600,  , TS, 20.1N, 116.3W,  35, 1004,   70,   40,    0,   50,    0,    0,    0,    0,    0,    0,    0,    0, -999
20140703, 1200,  , TS, 20.2N, 116.4W,  35, 1004,   70,   40,    0,   50,    0,    0,    0,    0,    0,    0,    0,    0, -999
20140703, 1800,  , TS, 20.4N, 116.6W,  35, 1006,   50,   30,    0,   50,    0,    0,    0,    0,    0,    0,    0,    0, -999
20140704, 0000,  , TS, 20.7N, 116.9W,  35, 1006,   50,   30,    0,   50,    0,    0,    0,    0,    0,    0,    0,    0, -999
20140704, 0600,  , TS, 21.1N, 117.3W,  35, 1006,   50,   30,    0,   50,    0,    0,    0,    0,    0,    0,    0,    0, -999
20140704, 1200,  , TS, 21.4N, 117.8W,  35, 1006,   50,   30,    0,   50,    0,    0,    0,    0,    0,    0,    0,    0, -999
20140704, 1800,  , TS, 21.7N, 118.3W,  35, 1006,   50,    0,    0,   50,    0,    0,    0,    0,    0,    0,    0,    0, -999
20140705, 0000,  , TS, 22.2N, 118.8W,  35, 1006,   50,    0,    0,   50,    0,    0,    0,    0,    0,    0,    0,    0, -999
20140705, 0600,  , LO, 22.8N, 119.3W,  30, 1008,    0,    0,    0,    0,    0,    0,    0,    0,    0,    0,    0,    0, -999
20140705, 1200,  , LO, 23.4N, 119.8W,  30, 1008,    0,    0,    0,    0,    0,    0,    0,    0,    0,    0,    0,    0, -999
20140705, 1800,  , LO, 24.2N, 120.6W,  25, 1008,    0,    0,    0,    0,    0,    0,    0,    0,    0,    0,    0,    0, -999
20140706, 0000,  , LO, 24.8N, 121.5W,  25, 1008,    0,    0,    0,    0,    0,    0,    0,    0,    0,    0,    0,    0, -999
20140706, 0600,  , LO, 25.3N, 122.2W,  25, 1008,    0,    0,    0,    0,    0,    0,    0,    0,    0,    0,    0,    0, -999
20140706, 1200,  , LO, 25.8N, 122.8W,  25, 1008,    0,    0,    0,    0,    0,    0,    0,    0,    0,    0,    0,    0, -999
20140706, 1800,  , LO, 26.2N, 123.5W,  25, 1008,    0,    0,    0,    0,    0,    0,    0,    0,    0,    0,    0,    0, -999
20140707, 0000,  , LO, 26.5N, 124.1W,  25, 1008,    0,    0,    0,    0,    0,    0,    0,    0,    0,    0,    0,    0, -999
20140707, 0600,  , LO, 26.7N, 124.6W,  20, 1009,    0,    0,    0,    0,    0,    0,    0,    0,    0,    0,    0,    0, -999
20140707, 1200,  , LO, 26.8N, 125.0W,  20, 1009,    0,    0,    0,    0,    0,    0,    0,    0,    0,    0,    0,    0, -999
20140707, 1800,  , LO, 26.9N, 125.4W,  20, 1009,    0,    0,    0,    0,    0,    0,    0,    0,    0,    0,    0,    0, -999
20140708, 0000,  , LO, 26.9N, 125.8W,  20, 1009,    0,    0,    0,    0,    0,    0,    0,    0,    0,    0,    0,    0, -999
20140708, 0600,  , LO, 26.9N, 126.1W,  20, 1009,    0,    0,    0,    0,    0,    0,    0,    0,    0,    0,    0,    0, -999
20140708, 1200,  , LO, 26.9N, 126.3W,  20, 1009,    0,    0,    0,    0,    0,    0,    0,    0,    0,    0,    0,    0, -999
20140708, 1800,  , LO, 26.9N, 126.5W,  20, 1009,    0,    0,    0,    0,    0,    0,    0,    0,    0,    0,    0,    0, -999
20140709, 0000,  , LO, 26.9N, 126.6W,  15, 1009,    0,    0,    0,    0,    0,    0,    0,    0,    0,    0,    0,    0, -999
EP052014,              ELIDA,     11,
20140630, 0600,  , TS, 17.0N, 103.0W,  45, 1004,   60,   60,   40,   40,    0,    0,    0,    0,    0,    0,    0,    0, -999
20140630, 1200,  , TS, 17.1N, 103.4W,  45, 1002,   60,   60,   40,   40,    0,    0,    0,    0,    0,    0,    0,    0, -999
20140630, 1800,  , TS, 17.3N, 104.1W,  45, 1003,   60,   60,   40,   40,    0,    0,    0,    0,    0,    0,    0,    0, -999
20140701, 0000,  , TS, 17.5N, 104.4W,  45, 1003,   60,   60,   40,   40,    0,    0,    0,    0,    0,    0,    0,    0, -999
20140701, 0600,  , TS, 17.5N, 104.3W,  45, 1003,   60,   60,   40,   40,    0,    0,    0,    0,    0,    0,    0,    0, -999
20140701, 1200,  , TS, 17.4N, 104.2W,  40, 1004,   60,   60,   40,   40,    0,    0,    0,    0,    0,    0,    0,    0, -999
20140701, 1800,  , TS, 17.3N, 104.0W,  35, 1005,   40,   40,   40,   40,    0,    0,    0,    0,    0,    0,    0,    0, -999
20140702, 0000,  , TD, 17.1N, 103.6W,  30, 1007,    0,    0,    0,    0,    0,    0,    0,    0,    0,    0,    0,    0, -999
20140702, 0600,  , LO, 17.0N, 103.1W,  25, 1008,    0,    0,    0,    0,    0,    0,    0,    0,    0,    0,    0,    0, -999
20140702, 1200,  , LO, 16.9N, 102.6W,  25, 1009,    0,    0,    0,    0,    0,    0,    0,    0,    0,    0,    0,    0, -999
20140702, 1800,  , LO, 16.9N, 102.4W,  20, 1010,    0,    0,    0,    0,    0,    0,    0,    0,    0,    0,    0,    0, -999
EP062014,             FAUSTO,     13,
20140706, 0600,  , LO, 10.8N, 113.0W,  20, 1008,    0,    0,    0,    0,    0,    0,    0,    0,    0,    0,    0,    0, -999
20140706, 1200,  , LO, 10.7N, 114.0W,  20, 1008,    0,    0,    0,    0,    0,    0,    0,    0,    0,    0,    0,    0, -999
20140706, 1800,  , LO, 10.5N, 115.1W,  20, 1008,    0,    0,    0,    0,    0,    0,    0,    0,    0,    0,    0,    0, -999
20140707, 0000,  , LO, 10.1N, 116.1W,  25, 1007,    0,    0,    0,    0,    0,    0,    0,    0,    0,    0,    0,    0, -999
20140707, 0600,  , LO,  9.7N, 117.1W,  25, 1007,    0,    0,    0,    0,    0,    0,    0,    0,    0,    0,    0,    0, -999
20140707, 1200,  , TD,  9.5N, 118.1W,  30, 1006,    0,    0,    0,    0,    0,    0,    0,    0,    0,    0,    0,    0, -999
20140707, 1800,  , TS,  9.4N, 119.2W,  40, 1004,    0,   70,    0,    0,    0,    0,    0,    0,    0,    0,    0,    0, -999
20140708, 0000,  , TS,  9.4N, 120.3W,  40, 1004,    0,   70,    0,    0,    0,    0,    0,    0,    0,    0,    0,    0, -999
20140708, 0600,  , TS,  9.4N, 121.5W,  40, 1004,    0,   70,    0,    0,    0,    0,    0,    0,    0,    0,    0,    0, -999
20140708, 1200,  , TS,  9.6N, 122.8W,  35, 1005,    0,   60,    0,    0,    0,    0,    0,    0,    0,    0,    0,    0, -999
20140708, 1800,  , TS, 10.0N, 124.1W,  35, 1005,    0,   50,    0,    0,    0,    0,    0,    0,    0,    0,    0,    0, -999
20140709, 0000,  , TD, 10.6N, 125.5W,  30, 1006,    0,    0,    0,    0,    0,    0,    0,    0,    0,    0,    0,    0, -999
20140709, 0600,  , TD, 11.3N, 127.0W,  25, 1007,    0,    0,    0,    0,    0,    0,    0,    0,    0,    0,    0,    0, -999
CP012014,               WALI,      9,
20140717, 0000,  , LO, 11.5N, 140.1W,  25, 1008,    0,    0,    0,    0,    0,    0,    0,    0,    0,    0,    0,    0, -999
20140717, 0600,  , LO, 11.8N, 140.1W,  25, 1008,    0,    0,    0,    0,    0,    0,    0,    0,    0,    0,    0,    0, -999
20140717, 1200,  , LO, 12.2N, 140.2W,  30, 1007,    0,    0,    0,    0,    0,    0,    0,    0,    0,    0,    0,    0, -999
20140717, 1800,  , TS, 12.4N, 140.4W,  35, 1005,   50,   80,    0,    0,    0,    0,    0,    0,    0,    0,    0,    0, -999
20140718, 0000,  , TS, 13.2N, 140.8W,  40, 1003,   50,   80,    0,   20,    0,    0,    0,    0,    0,    0,    0,    0, -999
20140718, 0600,  , TS, 14.3N, 141.5W,  40, 1003,   50,   60,    0,   30,    0,    0,    0,    0,    0,    0,    0,    0, -999
20140718, 1200,  , TS, 15.1N, 142.6W,  35, 1005,   60,   60,    0,   30,    0,    0,    0,    0,    0,    0,    0,    0, -999
20140718, 1800,  , TD, 15.6N, 143.6W,  30, 1007,    0,    0,    0,    0,    0,    0,    0,    0,    0,    0,    0,    0, -999
20140719, 0000,  , LO, 16.1N, 144.4W,  25, 1008,    0,    0,    0,    0,    0,    0,    0,    0,    0,    0,    0,    0, -999
EP072014,          GENEVIEVE,     87,
20140722, 1800,  , LO, 10.4N, 121.4W,  25, 1008,    0,    0,    0,    0,    0,    0,    0,    0,    0,    0,    0,    0, -999
20140723, 0000,  , LO, 10.6N, 122.8W,  25, 1008,    0,    0,    0,    0,    0,    0,    0,    0,    0,    0,    0,    0, -999
20140723, 0600,  , LO, 10.8N, 124.2W,  25, 1008,    0,    0,    0,    0,    0,    0,    0,    0,    0,    0,    0,    0, -999
20140723, 1200,  , LO, 11.1N, 125.6W,  25, 1008,    0,    0,    0,    0,    0,    0,    0,    0,    0,    0,    0,    0, -999
20140723, 1800,  , LO, 11.4N, 127.0W,  25, 1008,    0,    0,    0,    0,    0,    0,    0,    0,    0,    0,    0,    0, -999
20140724, 0000,  , LO, 11.6N, 128.0W,  30, 1007,    0,    0,    0,    0,    0,    0,    0,    0,    0,    0,    0,    0, -999
20140724, 0600,  , LO, 11.8N, 129.2W,  30, 1007,    0,    0,    0,    0,    0,    0,    0,    0,    0,    0,    0,    0, -999
20140724, 1200,  , LO, 12.0N, 130.6W,  30, 1007,    0,    0,    0,    0,    0,    0,    0,    0,    0,    0,    0,    0, -999
20140724, 1800,  , LO, 12.2N, 132.1W,  30, 1007,    0,    0,    0,    0,    0,    0,    0,    0,    0,    0,    0,    0, -999
20140725, 0000,  , TD, 12.2N, 133.1W,  30, 1007,    0,    0,    0,    0,    0,    0,    0,    0,    0,    0,    0,    0, -999
20140725, 0600,  , TS, 12.2N, 134.0W,  35, 1006,   40,   50,    0,   30,    0,    0,    0,    0,    0,    0,    0,    0, -999
20140725, 1200,  , TS, 12.2N, 135.0W,  40, 1004,   40,   50,    0,   30,    0,    0,    0,    0,    0,    0,    0,    0, -999
20140725, 1800,  , TS, 12.1N, 135.7W,  40, 1004,   40,   50,    0,   30,    0,    0,    0,    0,    0,    0,    0,    0, -999
20140726, 0000,  , TS, 12.1N, 135.9W,  40, 1004,   40,   40,    0,    0,    0,    0,    0,    0,    0,    0,    0,    0, -999
20140726, 0600,  , TS, 12.2N, 136.3W,  35, 1005,   40,   40,    0,    0,    0,    0,    0,    0,    0,    0,    0,    0, -999
20140726, 1200,  , TD, 12.3N, 136.8W,  30, 1006,    0,    0,    0,    0,    0,    0,    0,    0,    0,    0,    0,    0, -999
20140726, 1800,  , TD, 12.4N, 137.6W,  30, 1006,    0,    0,    0,    0,    0,    0,    0,    0,    0,    0,    0,    0, -999
20140727, 0000,  , TD, 12.5N, 138.7W,  30, 1006,    0,    0,    0,    0,    0,    0,    0,    0,    0,    0,    0,    0, -999
20140727, 0600,  , TD, 12.4N, 139.7W,  30, 1006,    0,    0,    0,    0,    0,    0,    0,    0,    0,    0,    0,    0, -999
20140727, 1200,  , TD, 12.4N, 140.9W,  30, 1006,    0,    0,    0,    0,    0,    0,    0,    0,    0,    0,    0,    0, -999
20140727, 1800,  , TD, 12.4N, 142.2W,  30, 1007,    0,    0,    0,    0,    0,    0,    0,    0,    0,    0,    0,    0, -999
20140728, 0000,  , LO, 12.5N, 143.5W,  25, 1008,    0,    0,    0,    0,    0,    0,    0,    0,    0,    0,    0,    0, -999
20140728, 0600,  , LO, 12.6N, 144.6W,  25, 1008,    0,    0,    0,    0,    0,    0,    0,    0,    0,    0,    0,    0, -999
20140728, 1200,  , LO, 12.6N, 145.5W,  25, 1009,    0,    0,    0,    0,    0,    0,    0,    0,    0,    0,    0,    0, -999
20140728, 1800,  , LO, 12.7N, 146.1W,  25, 1010,    0,    0,    0,    0,    0,    0,    0,    0,    0,    0,    0,    0, -999
20140729, 0000,  , LO, 12.8N, 146.5W,  25, 1011,    0,    0,    0,    0,    0,    0,    0,    0,    0,    0,    0,    0, -999
20140729, 0600,  , LO, 12.9N, 146.9W,  25, 1010,    0,    0,    0,    0,    0,    0,    0,    0,    0,    0,    0,    0, -999
20140729, 1200,  , LO, 12.9N, 147.4W,  25, 1009,    0,    0,    0,    0,    0,    0,    0,    0,    0,    0,    0,    0, -999
20140729, 1800,  , TD, 12.9N, 147.8W,  30, 1007,    0,    0,    0,    0,    0,    0,    0,    0,    0,    0,    0,    0, -999
20140730, 0000,  , TD, 12.9N, 148.2W,  30, 1007,    0,    0,    0,    0,    0,    0,    0,    0,    0,    0,    0,    0, -999
20140730, 0600,  , TD, 12.8N, 148.6W,  30, 1006,    0,    0,    0,    0,    0,    0,    0,    0,    0,    0,    0,    0, -999
20140730, 1200,  , TS, 12.7N, 148.9W,  35, 1005,   40,   10,   20,   60,    0,    0,    0,    0,    0,    0,    0,    0, -999
20140730, 1800,  , TS, 12.6N, 149.3W,  35, 1005,   40,   10,   20,   60,    0,    0,    0,    0,    0,    0,    0,    0, -999
20140731, 0000,  , TD, 12.6N, 149.7W,  30, 1007,    0,    0,    0,    0,    0,    0,    0,    0,    0,    0,    0,    0, -999
20140731, 0600,  , TD, 12.7N, 150.0W,  30, 1008,    0,    0,    0,    0,    0,    0,    0,    0,    0,    0,    0,    0, -999
20140731, 1200,  , TD, 12.8N, 150.3W,  30, 1008,    0,    0,    0,    0,    0,    0,    0,    0,    0,    0,    0,    0, -999
20140731, 1800,  , TD, 12.8N, 150.8W,  30, 1008,    0,    0,    0,    0,    0,    0,    0,    0,    0,    0,    0,    0, -999
20140801, 0000,  , LO, 12.8N, 151.3W,  25, 1009,    0,    0,    0,    0,    0,    0,    0,    0,    0,    0,    0,    0, -999
20140801, 0600,  , LO, 12.8N, 151.8W,  25, 1009,    0,    0,    0,    0,    0,    0,    0,    0,    0,    0,    0,    0, -999
20140801, 1200,  , LO, 12.8N, 152.4W,  25, 1009,    0,    0,    0,    0,    0,    0,    0,    0,    0,    0,    0,    0, -999
20140801, 1800,  , LO, 12.6N, 153.0W,  25, 1009,    0,    0,    0,    0,    0,    0,    0,    0,    0,    0,    0,    0, -999
20140802, 0000,  , LO, 12.4N, 153.6W,  25, 1009,    0,    0,    0,    0,    0,    0,    0,    0,    0,    0,    0,    0, -999
20140802, 0600,  , TD, 12.0N, 154.4W,  30, 1008,    0,    0,    0,    0,    0,    0,    0,    0,    0,    0,    0,    0, -999
20140802, 1200,  , TS, 11.5N, 155.6W,  35, 1006,   60,   30,   30,   60,    0,    0,    0,    0,    0,    0,    0,    0, -999
20140802, 1800,  , TS, 10.7N, 156.8W,  35, 1005,   60,   30,   30,   60,    0,    0,    0,    0,    0,    0,    0,    0, -999
20140803, 0000,  , TD, 10.2N, 157.8W,  30, 1007,    0,    0,    0,    0,    0,    0,    0,    0,    0,    0,    0,    0, -999
20140803, 0600,  , TD,  9.8N, 158.8W,  30, 1007,    0,    0,    0,    0,    0,    0,    0,    0,    0,    0,    0,    0, -999
20140803, 1200,  , TD,  9.6N, 159.5W,  30, 1007,    0,    0,    0,    0,    0,    0,    0,    0,    0,    0,    0,    0, -999
20140803, 1800,  , TD,  9.3N, 160.6W,  30, 1007,    0,    0,    0,    0,    0,    0,    0,    0,    0,    0,    0,    0, -999
20140804, 0000,  , TD,  9.1N, 162.0W,  30, 1006,    0,    0,    0,    0,    0,    0,    0,    0,    0,    0,    0,    0, -999
20140804, 0600,  , TD,  9.2N, 163.4W,  30, 1006,    0,    0,    0,    0,    0,    0,    0,    0,    0,    0,    0,    0, -999
20140804, 1200,  , TD,  9.4N, 165.0W,  30, 1006,    0,    0,    0,    0,    0,    0,    0,    0,    0,    0,    0,    0, -999
20140804, 1800,  , TD,  9.8N, 166.6W,  30, 1006,    0,    0,    0,    0,    0,    0,    0,    0,    0,    0,    0,    0, -999
20140805, 0000,  , TD, 10.1N, 168.0W,  30, 1006,    0,    0,    0,    0,    0,    0,    0,    0,    0,    0,    0,    0, -999
20140805, 0600,  , TD, 10.4N, 169.3W,  30, 1006,    0,    0,    0,    0,    0,    0,    0,    0,    0,    0,    0,    0, -999
20140805, 1200,  , TS, 10.8N, 170.7W,  35, 1004,   30,   30,   20,   30,    0,    0,    0,    0,    0,    0,    0,    0, -999
20140805, 1800,  , TS, 11.2N, 172.2W,  40, 1003,   40,   40,   30,   40,    0,    0,    0,    0,    0,    0,    0,    0, -999
20140806, 0000,  , TS, 11.6N, 173.6W,  45, 1001,   50,   50,   40,   50,    0,    0,    0,    0,    0,    0,    0,    0, -999
20140806, 0600,  , TS, 12.0N, 175.0W,  55,  997,   75,   60,   60,   75,   35,   30,   30,   35,    0,    0,    0,    0, -999
20140806, 1200,  , HU, 12.5N, 176.3W,  65,  990,  100,   75,   70,   85,   50,   45,   40,   50,   25,    0,    0,   20, -999
20140806, 1800,  , HU, 13.1N, 177.6W,  75,  980,  120,   90,   80,  110,   60,   50,   50,   60,   50,   20,   20,   45, -999
20140807, 0000,  , HU, 13.9N, 179.2W, 100,  965,  120,   90,   80,  110,   60,   40,   40,   50,   40,   20,   20,   30, -999
20140807, 0600,  , HU, 14.5N, 179.8E, 130,  926,  120,   90,   80,  110,   60,   40,   40,   50,   40,   20,   20,   30, -999
20140807, 1200,  , HU, 15.1N, 178.7E, 140,  918,  120,   90,   80,  110,   60,   40,   40,   50,   40,   20,   20,   30, -999
20140807, 1800,  , HU, 15.6N, 177.4E, 140,  918,  120,   90,   80,  110,   60,   40,   40,   50,   40,   20,   20,   30, -999
20140808, 0000,  , HU, 16.3N, 176.4E, 140,  918,  120,   90,   80,  110,   60,   40,   40,   50,   40,   20,   20,   30, -999
20140808, 0600,  , HU, 16.9N, 176.0E, 135,  922,  135,  115,  115,  135,   90,   75,   75,   90,   50,   40,   40,   50, -999
20140808, 1200,  , HU, 17.5N, 175.9E, 130,  926,  120,  120,  110,  110,   80,   80,   70,   70,   55,   55,   40,   40, -999
20140808, 1800,  , HU, 18.4N, 176.0E, 125,  929,  120,  120,  105,  115,   80,   80,   70,   70,   55,   55,   40,   40, -999
20140809, 0000,  , HU, 19.6N, 176.4E, 120,  933,  120,  120,  110,  115,   80,   80,   70,   70,   55,   55,   40,   40, -999
20140809, 0600,  , HU, 21.1N, 176.8E, 115,  937,  120,  120,  110,  115,   80,   80,   70,   70,   55,   55,   40,   40, -999
20140809, 1200,  , HU, 23.1N, 177.0E, 105,  944,  120,  120,  110,  115,   80,   80,   70,   70,   55,   55,   40,   40, -999
20140809, 1800,  , HU, 24.8N, 176.9E, 100,  948,  110,  110,  100,  105,   70,   70,   60,   60,   45,   45,   30,   30, -999
20140810, 0000,  , HU, 26.7N, 176.1E,  95,  952,  105,  105,  100,  105,   60,   60,   50,   50,   35,   35,   30,   30, -999
20140810, 0600,  , HU, 28.4N, 175.0E,  85,  959,  115,  105,  100,  115,   65,   60,   40,   55,   35,   20,   20,   35, -999
20140810, 1200,  , HU, 30.5N, 173.3E,  80,  963,  115,  105,  100,  115,   65,   60,   40,   55,   35,   20,   20,   35, -999
20140810, 1800,  , HU, 31.8N, 171.8E,  70,  970,  105,   95,   80,  100,   55,   45,   30,   50,   15,   15,   15,   15, -999
20140811, 0000,  , TS, 33.0N, 170.2E,  60,  978,  105,   90,   80,  100,   55,   35,   30,   50,    0,    0,    0,    0, -999
20140811, 0600,  , TS, 33.9N, 169.2E,  50,  985,  105,   90,   80,  100,   30,   20,   20,   30,    0,    0,    0,    0, -999
20140811, 1200,  , TS, 34.4N, 168.3E,  40,  993,  105,   90,   80,  100,    0,    0,    0,    0,    0,    0,    0,    0, -999
20140811, 1800,  , TS, 34.8N, 167.5E,  35,  996,  105,   90,   80,  100,    0,    0,    0,    0,    0,    0,    0,    0, -999
20140812, 0000,  , TS, 35.0N, 166.7E,  35,  996,  105,   90,   80,  100,    0,    0,    0,    0,    0,    0,    0,    0, -999
20140812, 0600,  , TS, 35.2N, 166.1E,  35,  996,  105,   90,   80,  100,    0,    0,    0,    0,    0,    0,    0,    0, -999
20140812, 1200,  , TD, 35.4N, 165.5E,  30, 1000,    0,    0,    0,    0,    0,    0,    0,    0,    0,    0,    0,    0, -999
20140812, 1800,  , TD, 35.7N, 165.0E,  25, 1004,    0,    0,    0,    0,    0,    0,    0,    0,    0,    0,    0,    0, -999
20140813, 0000,  , SD, 36.3N, 164.8E,  25, 1004,    0,    0,    0,    0,    0,    0,    0,    0,    0,    0,    0,    0, -999
20140813, 0600,  , SD, 36.8N, 164.8E,  25, 1004,    0,    0,    0,    0,    0,    0,    0,    0,    0,    0,    0,    0, -999
EP082014,             HERNAN,     22,
20140726, 0000,  , LO, 12.3N, 104.9W,  30, 1007,    0,    0,    0,    0,    0,    0,    0,    0,    0,    0,    0,    0, -999
20140726, 0600,  , TD, 13.3N, 105.6W,  30, 1007,    0,    0,    0,    0,    0,    0,    0,    0,    0,    0,    0,    0, -999
20140726, 1200,  , TD, 14.3N, 106.6W,  30, 1007,    0,    0,    0,    0,    0,    0,    0,    0,    0,    0,    0,    0, -999
20140726, 1800,  , TS, 15.1N, 107.6W,  35, 1005,   40,    0,    0,    0,    0,    0,    0,    0,    0,    0,    0,    0, -999
20140727, 0000,  , TS, 15.8N, 108.5W,  45, 1001,   40,   40,    0,   40,    0,    0,    0,    0,    0,    0,    0,    0, -999
20140727, 0600,  , TS, 16.6N, 109.5W,  55,  997,   40,   40,   20,   40,   20,   20,    0,   20,    0,    0,    0,    0, -999
20140727, 1200,  , TS, 17.5N, 110.6W,  60,  994,   50,   40,   20,   50,   20,   20,   10,   20,    0,    0,    0,    0, -999
20140727, 1800,  , HU, 18.3N, 111.7W,  65,  992,   50,   50,   40,   50,   30,   20,   20,   20,   10,   10,    0,   10, -999
20140728, 0000,  , HU, 19.0N, 112.8W,  65,  992,   50,   50,   40,   50,   30,   20,   20,   20,   10,   10,    0,   10, -999
20140728, 0600,  , TS, 19.6N, 114.0W,  60,  994,   50,   50,   40,   50,   30,   20,    0,   20,    0,    0,    0,    0, -999
20140728, 1200,  , TS, 20.3N, 115.3W,  55,  996,   50,   50,   40,   50,   30,   20,    0,   20,    0,    0,    0,    0, -999
20140728, 1800,  , TS, 21.0N, 116.7W,  45, 1000,   50,   50,   40,   50,    0,    0,    0,    0,    0,    0,    0,    0, -999
20140729, 0000,  , TS, 21.8N, 118.0W,  40, 1004,   50,   50,    0,   40,    0,    0,    0,    0,    0,    0,    0,    0, -999
20140729, 0600,  , TS, 22.5N, 119.3W,  35, 1006,   50,    0,    0,    0,    0,    0,    0,    0,    0,    0,    0,    0, -999
20140729, 1200,  , LO, 23.2N, 120.4W,  30, 1008,    0,    0,    0,    0,    0,    0,    0,    0,    0,    0,    0,    0, -999
20140729, 1800,  , LO, 23.8N, 121.4W,  25, 1008,    0,    0,    0,    0,    0,    0,    0,    0,    0,    0,    0,    0, -999
20140730, 0000,  , LO, 24.1N, 122.4W,  25, 1009,    0,    0,    0,    0,    0,    0,    0,    0,    0,    0,    0,    0, -999
20140730, 0600,  , LO, 24.3N, 123.2W,  25, 1009,    0,    0,    0,    0,    0,    0,    0,    0,    0,    0,    0,    0, -999
20140730, 1200,  , LO, 24.7N, 123.9W,  25, 1010,    0,    0,    0,    0,    0,    0,    0,    0,    0,    0,    0,    0, -999
20140730, 1800,  , LO, 25.1N, 124.5W,  25, 1011,    0,    0,    0,    0,    0,    0,    0,    0,    0,    0,    0,    0, -999
20140731, 0000,  , LO, 25.3N, 125.2W,  20, 1012,    0,    0,    0,    0,    0,    0,    0,    0,    0,    0,    0,    0, -999
20140731, 0600,  , LO, 25.3N, 125.9W,  20, 1012,    0,    0,    0,    0,    0,    0,    0,    0,    0,    0,    0,    0, -999
EP092014,             ISELLE,     46,
20140730, 1200,  , LO, 11.3N, 117.9W,  20, 1010,    0,    0,    0,    0,    0,    0,    0,    0,    0,    0,    0,    0, -999
20140730, 1800,  , LO, 11.6N, 119.3W,  20, 1009,    0,    0,    0,    0,    0,    0,    0,    0,    0,    0,    0,    0, -999
20140731, 0000,  , LO, 11.9N, 120.4W,  25, 1009,    0,    0,    0,    0,    0,    0,    0,    0,    0,    0,    0,    0, -999
20140731, 0600,  , LO, 12.1N, 121.1W,  25, 1008,    0,    0,    0,    0,    0,    0,    0,    0,    0,    0,    0,    0, -999
20140731, 1200,  , TD, 12.4N, 121.8W,  30, 1007,    0,    0,    0,    0,    0,    0,    0,    0,    0,    0,    0,    0, -999
20140731, 1800,  , TS, 12.8N, 122.5W,  40, 1005,   80,   90,   30,   50,    0,    0,    0,    0,    0,    0,    0,    0, -999
20140801, 0000,  , TS, 13.2N, 123.4W,  45, 1003,   80,   90,   30,   50,    0,    0,    0,    0,    0,    0,    0,    0, -999
20140801, 0600,  , TS, 13.6N, 124.3W,  50, 1001,   80,   90,   40,   60,   30,   30,    0,    0,    0,    0,    0,    0, -999
20140801, 1200,  , TS, 13.9N, 125.2W,  55,  998,   80,   90,   40,   60,   30,   30,    0,   30,    0,    0,    0,    0, -999
20140801, 1800,  , TS, 14.2N, 126.0W,  60,  995,   80,   90,   40,   60,   30,   30,    0,   30,    0,    0,    0,    0, -999
20140802, 0000,  , HU, 14.6N, 126.9W,  65,  991,   70,   70,   40,   70,   30,   30,    0,   30,   15,   15,    0,   15, -999
20140802, 0600,  , HU, 14.8N, 127.9W,  70,  988,   60,   50,   50,   70,   30,   30,   20,   30,   20,   15,    0,   20, -999
20140802, 1200,  , HU, 14.9N, 128.8W,  75,  983,   60,   50,   50,   70,   30,   30,   20,   30,   20,   15,    0,   20, -999
20140802, 1800,  , HU, 15.0N, 129.6W,  85,  975,   60,   50,   50,   70,   30,   30,   20,   30,   20,   15,    0,   20, -999
20140803, 0000,  , HU, 15.1N, 130.5W,  95,  967,   60,   50,   50,   70,   40,   40,   20,   40,   25,   20,   10,   20, -999
20140803, 0600,  , HU, 15.2N, 131.4W,  95,  966,   70,   70,   50,   70,   40,   40,   20,   40,   25,   20,   10,   20, -999
20140803, 1200,  , HU, 15.4N, 132.3W, 100,  965,   80,   80,   50,   70,   40,   40,   20,   40,   30,   25,   15,   30, -999
20140803, 1800,  , HU, 15.7N, 133.2W, 100,  964,   80,   80,   50,   70,   40,   40,   20,   40,   30,   25,   15,   30, -999
20140804, 0000,  , HU, 15.9N, 134.2W, 100,  964,   80,   80,   50,   70,   50,   50,   30,   50,   30,   25,   20,   30, -999
20140804, 0600,  , HU, 16.0N, 135.2W, 110,  958,   80,   80,   50,   70,   50,   50,   30,   50,   30,   25,   20,   30, -999
20140804, 1200,  , HU, 16.1N, 136.1W, 115,  952,   80,   80,   50,   70,   50,   50,   40,   50,   35,   30,   25,   30, -999
20140804, 1800,  , HU, 16.1N, 136.9W, 120,  947,   80,   80,   60,   80,   50,   50,   40,   50,   35,   30,   25,   30, -999
20140805, 0000,  , HU, 16.0N, 137.6W, 115,  951,   80,   80,   60,   80,   50,   50,   40,   50,   35,   30,   25,   30, -999
20140805, 0600,  , HU, 15.9N, 138.3W, 110,  955,   90,   90,   60,   90,   50,   50,   40,   50,   35,   30,   25,   30, -999
20140805, 1200,  , HU, 15.9N, 139.1W, 110,  957,   90,   90,   60,   90,   50,   50,   40,   50,   35,   30,   25,   30, -999
20140805, 1800,  , HU, 16.2N, 139.9W,  95,  967,   90,   90,   60,   90,   50,   50,   40,   50,   30,   30,   20,   30, -999
20140806, 0000,  , HU, 16.5N, 141.0W,  95,  968,  100,   60,   60,   90,   50,   30,   30,   45,   30,   20,   20,   25, -999
20140806, 0600,  , HU, 16.7N, 142.3W,  85,  977,  135,   90,   90,  125,   90,   50,   50,   85,   30,   20,   20,   30, -999
20140806, 1200,  , HU, 16.9N, 143.8W,  75,  985,  120,   75,   80,  115,   80,   40,   45,   75,   25,   15,   15,   20, -999
20140806, 1800,  , HU, 17.0N, 145.2W,  80,  982,  100,   70,   70,  100,   70,   40,   40,   70,   30,   15,   15,   30, -999
20140807, 0000,  , HU, 17.4N, 146.7W,  85,  980,  120,   80,   35,  120,   60,   30,   20,   50,   40,   20,    0,   30, -999
20140807, 0600,  , HU, 17.9N, 148.3W,  80,  982,  120,   80,   30,  120,   70,   30,   10,   50,   40,   20,    0,   30, -999
20140807, 1200,  , HU, 18.2N, 149.8W,  75,  985,  120,   50,   20,  120,   50,   20,    0,   50,   30,   10,    0,   30, -999
20140807, 1800,  , HU, 18.7N, 151.5W,  70,  990,  120,   50,   20,  120,   60,   45,   10,   30,   30,   10,    0,   25, -999
20140808, 0000,  , HU, 18.9N, 153.1W,  70,  992,  160,   90,   20,  120,   90,   20,   15,   70,   30,    0,    0,   30, -999
20140808, 0600,  , TS, 18.9N, 154.4W,  60,  997,  150,   90,   20,  120,   60,   20,    0,   40,    0,    0,    0,    0, -999
20140808, 1200,  , TS, 19.2N, 155.3W,  50, 1001,  100,   60,    0,   90,   40,    0,    0,   20,    0,    0,    0,    0, -999
20140808, 1230, L, TS, 19.2N, 155.4W,  50, 1001,  100,   60,    0,   90,   40,    0,    0,   20,    0,    0,    0,    0, -999
20140808, 1800,  , TS, 19.4N, 157.3W,  40, 1006,   90,   50,    0,   90,    0,    0,    0,    0,    0,    0,    0,    0, -999
20140809, 0000,  , TS, 19.8N, 158.9W,  35, 1010,   70,   50,    0,   70,    0,    0,    0,    0,    0,    0,    0,    0, -999
20140809, 0600,  , LO, 20.3N, 160.1W,  30, 1011,    0,    0,    0,    0,    0,    0,    0,    0,    0,    0,    0,    0, -999
20140809, 1200,  , LO, 20.7N, 161.2W,  30, 1011,    0,    0,    0,    0,    0,    0,    0,    0,    0,    0,    0,    0, -999
20140809, 1800,  , LO, 20.8N, 162.1W,  25, 1012,    0,    0,    0,    0,    0,    0,    0,    0,    0,    0,    0,    0, -999
20140810, 0000,  , LO, 20.7N, 163.2W,  25, 1012,    0,    0,    0,    0,    0,    0,    0,    0,    0,    0,    0,    0, -999
20140810, 0600,  , LO, 20.2N, 164.5W,  20, 1012,    0,    0,    0,    0,    0,    0,    0,    0,    0,    0,    0,    0, -999
20140810, 1200,  , LO, 19.7N, 165.8W,  20, 1012,    0,    0,    0,    0,    0,    0,    0,    0,    0,    0,    0,    0, -999
EP102014,              JULIO,     66,
20140802, 0000,  , LO, 12.5N, 111.2W,  25, 1008,    0,    0,    0,    0,    0,    0,    0,    0,    0,    0,    0,    0, -999
20140802, 0600,  , LO, 12.5N, 111.2W,  25, 1008,    0,    0,    0,    0,    0,    0,    0,    0,    0,    0,    0,    0, -999
20140802, 1200,  , LO, 13.2N, 111.9W,  25, 1008,    0,    0,    0,    0,    0,    0,    0,    0,    0,    0,    0,    0, -999
20140802, 1800,  , LO, 13.4N, 112.5W,  25, 1008,    0,    0,    0,    0,    0,    0,    0,    0,    0,    0,    0,    0, -999
20140803, 0000,  , LO, 13.7N, 113.2W,  25, 1008,    0,    0,    0,    0,    0,    0,    0,    0,    0,    0,    0,    0, -999
20140803, 0600,  , LO, 13.8N, 114.0W,  25, 1008,    0,    0,    0,    0,    0,    0,    0,    0,    0,    0,    0,    0, -999
20140803, 1200,  , LO, 13.8N, 114.8W,  25, 1008,    0,    0,    0,    0,    0,    0,    0,    0,    0,    0,    0,    0, -999
20140803, 1800,  , LO, 13.7N, 115.6W,  25, 1007,    0,    0,    0,    0,    0,    0,    0,    0,    0,    0,    0,    0, -999
20140804, 0000,  , TD, 13.5N, 116.6W,  30, 1006,    0,    0,    0,    0,    0,    0,    0,    0,    0,    0,    0,    0, -999
20140804, 0600,  , TS, 13.5N, 117.7W,  35, 1005,    0,    0,    0,   60,    0,    0,    0,    0,    0,    0,    0,    0, -999
20140804, 1200,  , TS, 13.5N, 119.2W,  40, 1004,    0,    0,    0,   60,    0,    0,    0,    0,    0,    0,    0,    0, -999
20140804, 1800,  , TS, 13.5N, 120.7W,  45, 1002,    0,   30,   60,   70,    0,    0,    0,    0,    0,    0,    0,    0, -999
20140805, 0000,  , TS, 13.5N, 121.9W,  50, 1000,   20,   30,   60,   90,    0,    0,   20,   30,    0,    0,    0,    0, -999
20140805, 0600,  , TS, 13.6N, 123.0W,  50, 1000,   20,   30,   60,   90,    0,    0,   20,   30,    0,    0,    0,    0, -999
20140805, 1200,  , TS, 13.8N, 124.0W,  50, 1000,   20,   30,   60,   90,    0,    0,   20,   30,    0,    0,    0,    0, -999
20140805, 1800,  , TS, 14.0N, 125.3W,  55,  997,   20,   30,   60,   90,    0,    0,   20,   30,    0,    0,    0,    0, -999
20140806, 0000,  , TS, 14.3N, 126.8W,  60,  993,   20,   30,   60,   90,    0,    0,   20,   30,    0,    0,    0,    0, -999
20140806, 0600,  , HU, 14.7N, 128.2W,  65,  989,   50,   50,   60,   90,   30,   30,   30,   30,   15,   15,   15,   15, -999
20140806, 1200,  , HU, 15.1N, 129.7W,  70,  985,   50,   50,   60,   90,   30,   30,   30,   30,   15,   15,   15,   15, -999
20140806, 1800,  , HU, 15.6N, 131.1W,  75,  981,   50,   50,   60,   90,   30,   30,   30,   30,   15,   15,   15,   15, -999
20140807, 0000,  , HU, 16.2N, 132.5W,  80,  979,   60,   60,   60,   80,   30,   30,   30,   30,   15,   15,   15,   15, -999
20140807, 0600,  , HU, 16.6N, 134.1W,  85,  975,   60,   60,   60,   80,   30,   30,   30,   30,   15,   15,   15,   15, -999
20140807, 1200,  , HU, 16.8N, 135.6W,  90,  971,   60,   60,   60,   80,   30,   30,   30,   30,   15,   15,   15,   15, -999
20140807, 1800,  , HU, 17.0N, 137.0W,  95,  966,   80,   70,   70,   80,   40,   40,   40,   40,   20,   15,   15,   20, -999
20140808, 0000,  , HU, 17.3N, 138.4W, 100,  963,  100,   90,   60,  100,   50,   40,   30,   50,   30,   25,   20,   25, -999
20140808, 0600,  , HU, 17.6N, 139.8W, 105,  960,  110,  100,   70,  110,   60,   50,   40,   60,   35,   30,   25,   30, -999
20140808, 1200,  , HU, 17.9N, 141.2W, 100,  964,  100,   90,   60,  100,   50,   40,   30,   50,   30,   25,   20,   25, -999
20140808, 1800,  , HU, 18.3N, 142.6W,  95,  968,  100,   90,   60,  100,   50,   40,   30,   50,   30,   25,   20,   25, -999
20140809, 0000,  , HU, 18.7N, 144.0W,  90,  972,  100,   90,   60,  100,   50,   40,   30,   50,   30,   25,   20,   25, -999
20140809, 0600,  , HU, 19.2N, 145.4W,  85,  976,  150,   60,   50,  140,   90,   40,   30,   85,   30,   25,   20,   25, -999
20140809, 1200,  , HU, 19.9N, 146.8W,  85,  978,  145,  110,   90,  125,   90,   65,   45,   60,   30,   30,   25,   30, -999
20140809, 1800,  , HU, 20.7N, 148.2W,  85,  980,  145,  110,   90,  125,   90,   65,   45,   60,   30,   30,   25,   30, -999
20140810, 0000,  , HU, 21.4N, 149.6W,  80,  981,  140,  105,   90,  120,   85,   55,   40,   55,   30,   25,   20,   30, -999
20140810, 0600,  , HU, 22.2N, 150.7W,  80,  982,  140,  105,   90,  120,   85,   55,   40,   55,   30,   25,   20,   30, -999
20140810, 1200,  , HU, 23.1N, 151.7W,  80,  983,  130,  120,   70,   90,   85,   75,   35,   50,   35,   30,   20,   25, -999
20140810, 1800,  , HU, 24.0N, 152.5W,  80,  982,  110,   90,   80,  100,   60,   30,   50,   40,   25,   10,   20,   15, -999
20140811, 0000,  , HU, 24.9N, 153.3W,  75,  984,  110,   90,   80,  100,   60,   40,   40,   40,   25,   10,   20,   15, -999
20140811, 0600,  , HU, 25.6N, 154.0W,  70,  986,  105,   85,   75,   95,   55,   35,   35,   35,   25,   15,   15,   20, -999
20140811, 1200,  , HU, 26.3N, 154.7W,  65,  988,  135,  135,   75,   90,   50,   25,   20,   75,   20,    0,    0,    0, -999
20140811, 1800,  , HU, 26.9N, 155.4W,  65,  988,  125,  110,   75,  110,   60,   25,   20,   60,   20,    0,    0,   20, -999
20140812, 0000,  , TS, 27.4N, 156.0W,  60,  990,  100,   90,   70,  100,   45,   20,   20,   45,    0,    0,    0,    0, -999
20140812, 0600,  , TS, 27.9N, 156.6W,  60,  991,  100,   90,   70,  100,   45,   20,   20,   45,    0,    0,    0,    0, -999
20140812, 1200,  , TS, 28.2N, 156.9W,  55,  994,   90,   90,   80,   80,   30,   30,   30,   30,    0,    0,    0,    0, -999
20140812, 1800,  , TS, 28.6N, 157.3W,  55,  994,   90,   80,   80,   90,   30,   20,   20,   30,    0,    0,    0,    0, -999
20140813, 0000,  , TS, 29.2N, 157.9W,  60,  991,  100,   90,   80,  100,   40,   20,   20,   40,    0,    0,    0,    0, -999
20140813, 0600,  , HU, 29.7N, 158.4W,  65,  987,  110,  100,   80,  100,   40,   35,   20,   35,   25,   20,    0,   20, -999
20140813, 1200,  , HU, 30.1N, 158.9W,  65,  985,  110,  100,   80,  100,   40,   35,   25,   35,   25,   20,    0,   20, -999
20140813, 1800,  , HU, 30.5N, 159.2W,  70,  983,  120,  100,   90,  120,   50,   40,   30,   50,   25,   20,   10,   30, -999
20140814, 0000,  , HU, 30.8N, 159.2W,  65,  986,  110,   90,   70,   60,   40,   35,   25,   25,   30,   25,    0,    0, -999
20140814, 0600,  , TS, 31.1N, 158.9W,  60,  989,  110,   90,   70,   60,   30,   30,   30,   30,    0,    0,    0,    0, -999
20140814, 1200,  , TS, 31.3N, 158.4W,  55,  993,   70,   80,   60,   50,   25,   25,   10,   10,    0,    0,    0,    0, -999
20140814, 1800,  , TS, 31.5N, 158.0W,  50,  996,   70,   80,   60,   50,   25,   25,   10,   10,    0,    0,    0,    0, -999
20140815, 0000,  , TS, 31.8N, 157.6W,  45,  999,   70,   90,   50,   50,    0,    0,    0,    0,    0,    0,    0,    0, -999
20140815, 0600,  , TS, 32.1N, 157.5W,  40, 1002,   70,   90,   45,   45,    0,    0,    0,    0,    0,    0,    0,    0, -999
20140815, 1200,  , TD, 32.3N, 157.5W,  30, 1005,    0,    0,    0,    0,    0,    0,    0,    0,    0,    0,    0,    0, -999
20140815, 1800,  , LO, 32.5N, 157.6W,  30, 1007,    0,    0,    0,    0,    0,    0,    0,    0,    0,    0,    0,    0, -999
20140816, 0000,  , LO, 32.8N, 157.8W,  30, 1008,    0,    0,    0,    0,    0,    0,    0,    0,    0,    0,    0,    0, -999
20140816, 0600,  , LO, 33.1N, 158.2W,  30, 1009,    0,    0,    0,    0,    0,    0,    0,    0,    0,    0,    0,    0, -999
20140816, 1200,  , LO, 33.4N, 158.7W,  30, 1010,    0,    0,    0,    0,    0,    0,    0,    0,    0,    0,    0,    0, -999
20140816, 1800,  , LO, 33.6N, 159.2W,  25, 1011,    0,    0,    0,    0,    0,    0,    0,    0,    0,    0,    0,    0, -999
20140817, 0000,  , LO, 34.1N, 159.4W,  25, 1012,    0,    0,    0,    0,    0,    0,    0,    0,    0,    0,    0,    0, -999
20140817, 0600,  , LO, 34.6N, 159.4W,  25, 1013,    0,    0,    0,    0,    0,    0,    0,    0,    0,    0,    0,    0, -999
20140817, 1200,  , LO, 35.5N, 159.2W,  25, 1014,    0,    0,    0,    0,    0,    0,    0,    0,    0,    0,    0,    0, -999
20140817, 1800,  , LO, 36.5N, 159.2W,  20, 1014,    0,    0,    0,    0,    0,    0,    0,    0,    0,    0,    0,    0, -999
20140818, 0000,  , LO, 37.6N, 159.0W,  20, 1014,    0,    0,    0,    0,    0,    0,    0,    0,    0,    0,    0,    0, -999
20140818, 0600,  , LO, 38.8N, 158.5W,  20, 1014,    0,    0,    0,    0,    0,    0,    0,    0,    0,    0,    0,    0, -999
EP112014,             KARINA,     63,
20140812, 1200,  , LO, 15.1N, 105.0W,  25, 1008,    0,    0,    0,    0,    0,    0,    0,    0,    0,    0,    0,    0, -999
20140812, 1800,  , LO, 15.8N, 106.4W,  25, 1008,    0,    0,    0,    0,    0,    0,    0,    0,    0,    0,    0,    0, -999
20140813, 0000,  , TD, 16.4N, 107.8W,  25, 1007,    0,    0,    0,    0,    0,    0,    0,    0,    0,    0,    0,    0, -999
20140813, 0600,  , TD, 16.9N, 109.2W,  30, 1006,    0,    0,    0,    0,    0,    0,    0,    0,    0,    0,    0,    0, -999
20140813, 1200,  , TS, 17.1N, 110.6W,  35, 1005,   30,   30,    0,   30,    0,    0,    0,    0,    0,    0,    0,    0, -999
20140813, 1800,  , TS, 17.2N, 112.1W,  40, 1004,   30,   30,   20,   30,    0,    0,    0,    0,    0,    0,    0,    0, -999
20140814, 0000,  , TS, 17.2N, 113.4W,  45, 1001,   30,   30,   20,   30,    0,    0,    0,    0,    0,    0,    0,    0, -999
20140814, 0600,  , TS, 17.1N, 114.5W,  50,  998,   40,   40,   30,   40,    0,    0,   20,   20,    0,    0,    0,    0, -999
20140814, 1200,  , TS, 17.0N, 115.6W,  60,  994,   40,   40,   40,   40,    0,    0,   20,   20,    0,    0,    0,    0, -999
20140814, 1800,  , HU, 17.0N, 116.7W,  65,  990,   40,   40,   40,   40,   20,   20,   20,   20,   10,    0,    0,   10, -999
20140815, 0000,  , TS, 17.0N, 117.8W,  60,  991,   40,   40,   40,   40,   20,   20,   20,   20,    0,    0,    0,    0, -999
20140815, 0600,  , TS, 17.1N, 118.7W,  55,  994,   40,   40,   40,   40,   20,   20,   20,   20,    0,    0,    0,    0, -999
20140815, 1200,  , TS, 17.3N, 119.7W,  50,  996,   50,   40,   40,   50,   20,   20,   20,   20,    0,    0,    0,    0, -999
20140815, 1800,  , TS, 17.5N, 120.6W,  45,  999,   50,   40,   40,   50,    0,    0,    0,    0,    0,    0,    0,    0, -999
20140816, 0000,  , TS, 17.7N, 121.5W,  40, 1002,   50,   40,   40,   50,    0,    0,    0,    0,    0,    0,    0,    0, -999
20140816, 0600,  , TS, 18.0N, 122.5W,  40, 1002,   60,    0,    0,   60,    0,    0,    0,    0,    0,    0,    0,    0, -999
20140816, 1200,  , TS, 18.0N, 123.5W,  40, 1002,   60,    0,    0,   60,    0,    0,    0,    0,    0,    0,    0,    0, -999
20140816, 1800,  , TS, 17.9N, 124.6W,  40, 1002,   60,    0,    0,   60,    0,    0,    0,    0,    0,    0,    0,    0, -999
20140817, 0000,  , TS, 17.9N, 125.6W,  40, 1002,   60,    0,    0,   60,    0,    0,    0,    0,    0,    0,    0,    0, -999
20140817, 0600,  , TS, 18.0N, 126.6W,  40, 1002,   70,    0,    0,   70,    0,    0,    0,    0,    0,    0,    0,    0, -999
20140817, 1200,  , TS, 18.0N, 127.8W,  40, 1002,   70,    0,    0,   70,    0,    0,    0,    0,    0,    0,    0,    0, -999
20140817, 1800,  , TS, 17.8N, 129.0W,  40, 1002,   70,    0,    0,   70,    0,    0,    0,    0,    0,    0,    0,    0, -999
20140818, 0000,  , TS, 17.6N, 130.0W,  35, 1003,   70,    0,    0,   70,    0,    0,    0,    0,    0,    0,    0,    0, -999
20140818, 0600,  , TS, 17.3N, 131.0W,  35, 1003,   70,    0,    0,   70,    0,    0,    0,    0,    0,    0,    0,    0, -999
20140818, 1200,  , TS, 16.9N, 131.9W,  40, 1002,   70,    0,    0,   70,    0,    0,    0,    0,    0,    0,    0,    0, -999
20140818, 1800,  , TS, 16.3N, 132.6W,  45, 1000,   70,   30,   30,   70,    0,    0,    0,    0,    0,    0,    0,    0, -999
20140819, 0000,  , TS, 15.9N, 133.0W,  50,  998,   70,   50,   40,   70,   30,    0,    0,   30,    0,    0,    0,    0, -999
20140819, 0600,  , TS, 15.7N, 133.6W,  50,  998,   70,   60,   40,   70,   30,    0,    0,   30,    0,    0,    0,    0, -999
20140819, 1200,  , TS, 15.7N, 134.1W,  45, 1000,   60,   60,   30,   60,    0,    0,    0,    0,    0,    0,    0,    0, -999
20140819, 1800,  , TS, 15.7N, 134.6W,  45, 1002,   60,   60,   30,   60,    0,    0,    0,    0,    0,    0,    0,    0, -999
20140820, 0000,  , TS, 15.8N, 135.1W,  45, 1002,   60,   50,   40,   60,    0,    0,    0,    0,    0,    0,    0,    0, -999
20140820, 0600,  , TS, 15.9N, 135.8W,  45, 1002,   50,   40,   50,   50,    0,    0,    0,    0,    0,    0,    0,    0, -999
20140820, 1200,  , TS, 15.9N, 136.4W,  50, 1000,   50,   40,   50,   50,   20,    0,    0,   20,    0,    0,    0,    0, -999
20140820, 1800,  , TS, 15.8N, 136.6W,  50, 1000,   50,   40,   50,   50,   20,    0,    0,   20,    0,    0,    0,    0, -999
20140821, 0000,  , TS, 15.6N, 136.8W,  50, 1000,   50,   40,   50,   50,   20,    0,    0,   20,    0,    0,    0,    0, -999
20140821, 0600,  , TS, 15.3N, 136.9W,  50, 1000,   50,   40,   50,   50,   20,    0,    0,   20,    0,    0,    0,    0, -999
20140821, 1200,  , TS, 15.0N, 136.9W,  50, 1000,   50,   40,   50,   50,   20,    0,    0,   20,    0,    0,    0,    0, -999
20140821, 1800,  , TS, 14.8N, 136.8W,  55,  997,   50,   40,   50,   50,   20,    0,    0,   20,    0,    0,    0,    0, -999
20140822, 0000,  , TS, 14.7N, 136.5W,  55,  997,   50,   50,   50,   50,   20,   20,   20,   20,    0,    0,    0,    0, -999
20140822, 0600,  , TS, 14.7N, 136.1W,  55,  997,   50,   50,   50,   50,   20,   20,   20,   20,    0,    0,    0,    0, -999
20140822, 1200,  , TS, 14.9N, 135.7W,  60,  994,   50,   50,   50,   50,   20,   20,   20,   20,    0,    0,    0,    0, -999
20140822, 1800,  , HU, 15.4N, 135.3W,  65,  990,   50,   60,   60,   50,   20,   30,   30,   20,    0,   10,   10,    0, -999
20140823, 0000,  , HU, 16.0N, 135.0W,  70,  987,   50,   60,   60,   50,   20,   30,   30,   20,   10,   10,   10,   10, -999
20140823, 0600,  , HU, 16.5N, 134.7W,  75,  983,   50,   60,   60,   50,   20,   30,   30,   20,   10,   10,   10,   10, -999
20140823, 1200,  , HU, 17.0N, 134.3W,  75,  983,   50,   60,   60,   50,   20,   30,   30,   20,   10,   10,   10,   10, -999
20140823, 1800,  , HU, 17.3N, 133.8W,  70,  984,   50,   60,   60,   50,   20,   30,   30,   20,   10,   10,   10,   10, -999
20140824, 0000,  , HU, 17.6N, 133.2W,  65,  988,   50,   60,   60,   50,   20,   30,   30,   20,    0,   10,   10,    0, -999
20140824, 0600,  , TS, 17.8N, 132.6W,  60,  991,   50,   60,   60,   50,   20,   30,   30,   20,    0,    0,    0,    0, -999
20140824, 1200,  , TS, 17.9N, 131.7W,  55,  994,   50,   60,   60,   50,    0,   20,   20,    0,    0,    0,    0,    0, -999
20140824, 1800,  , TS, 17.8N, 130.7W,  45,  999,   50,   60,   60,   50,    0,    0,    0,    0,    0,    0,    0,    0, -999
20140825, 0000,  , TS, 17.6N, 129.7W,  40, 1001,   50,   60,   60,   50,    0,    0,    0,    0,    0,    0,    0,    0, -999
20140825, 0600,  , TS, 17.4N, 128.8W,  35, 1002,   40,   50,   50,   40,    0,    0,    0,    0,    0,    0,    0,    0, -999
20140825, 1200,  , TD, 17.4N, 128.2W,  30, 1002,    0,    0,    0,    0,    0,    0,    0,    0,    0,    0,    0,    0, -999
20140825, 1800,  , TD, 17.4N, 127.8W,  30, 1003,    0,    0,    0,    0,    0,    0,    0,    0,    0,    0,    0,    0, -999
20140826, 0000,  , TD, 17.2N, 127.5W,  30, 1003,    0,    0,    0,    0,    0,    0,    0,    0,    0,    0,    0,    0, -999
20140826, 0600,  , TD, 17.0N, 127.4W,  30, 1003,    0,    0,    0,    0,    0,    0,    0,    0,    0,    0,    0,    0, -999
20140826, 1200,  , TD, 16.8N, 127.3W,  30, 1004,    0,    0,    0,    0,    0,    0,    0,    0,    0,    0,    0,    0, -999
20140826, 1800,  , LO, 16.4N, 127.3W,  25, 1005,    0,    0,    0,    0,    0,    0,    0,    0,    0,    0,    0,    0, -999
20140827, 0000,  , LO, 15.9N, 127.0W,  25, 1005,    0,    0,    0,    0,    0,    0,    0,    0,    0,    0,    0,    0, -999
20140827, 0600,  , LO, 15.4N, 126.4W,  25, 1005,    0,    0,    0,    0,    0,    0,    0,    0,    0,    0,    0,    0, -999
20140827, 1200,  , LO, 15.1N, 125.3W,  25, 1006,    0,    0,    0,    0,    0,    0,    0,    0,    0,    0,    0,    0, -999
20140827, 1800,  , LO, 15.2N, 124.0W,  25, 1006,    0,    0,    0,    0,    0,    0,    0,    0,    0,    0,    0,    0, -999
20140828, 0000,  , LO, 16.3N, 123.1W,  20, 1006,    0,    0,    0,    0,    0,    0,    0,    0,    0,    0,    0,    0, -999
EP122014,             LOWELL,     48,
20140817, 0000,  , LO, 16.0N, 113.7W,  20, 1008,    0,    0,    0,    0,    0,    0,    0,    0,    0,    0,    0,    0, -999
20140817, 0600,  , LO, 16.0N, 114.3W,  20, 1008,    0,    0,    0,    0,    0,    0,    0,    0,    0,    0,    0,    0, -999
20140817, 1200,  , TD, 16.0N, 114.9W,  25, 1007,    0,    0,    0,    0,    0,    0,    0,    0,    0,    0,    0,    0, -999
20140817, 1800,  , TD, 16.0N, 115.5W,  30, 1006,    0,    0,    0,    0,    0,    0,    0,    0,    0,    0,    0,    0, -999
20140818, 0000,  , TD, 16.1N, 116.2W,  30, 1005,    0,    0,    0,    0,    0,    0,    0,    0,    0,    0,    0,    0, -999
20140818, 0600,  , TD, 16.2N, 116.8W,  30, 1005,    0,    0,    0,    0,    0,    0,    0,    0,    0,    0,    0,    0, -999
20140818, 1200,  , TD, 16.3N, 117.3W,  30, 1005,    0,    0,    0,    0,    0,    0,    0,    0,    0,    0,    0,    0, -999
20140818, 1800,  , TS, 16.5N, 117.8W,  35, 1002,    0,   90,    0,    0,    0,    0,    0,    0,    0,    0,    0,    0, -999
20140819, 0000,  , TS, 16.7N, 118.3W,  40,  999,    0,  120,    0,    0,    0,    0,    0,    0,    0,    0,    0,    0, -999
20140819, 0600,  , TS, 17.1N, 118.8W,  45,  998,   70,  120,    0,    0,    0,    0,    0,    0,    0,    0,    0,    0, -999
20140819, 1200,  , TS, 17.6N, 119.4W,  45,  997,   90,  150,   70,   50,    0,    0,    0,    0,    0,    0,    0,    0, -999
20140819, 1800,  , TS, 18.0N, 120.0W,  45,  995,  120,  180,  150,  110,    0,    0,    0,    0,    0,    0,    0,    0, -999
20140820, 0000,  , TS, 18.4N, 120.6W,  45,  995,  120,  180,  150,  110,    0,    0,    0,    0,    0,    0,    0,    0, -999
20140820, 0600,  , TS, 18.6N, 121.0W,  45,  994,  120,  180,  150,  110,    0,    0,    0,    0,    0,    0,    0,    0, -999
20140820, 1200,  , TS, 18.7N, 121.2W,  50,  990,  120,  180,  150,  110,   50,   50,    0,    0,    0,    0,    0,    0, -999
20140820, 1800,  , TS, 18.9N, 121.4W,  55,  987,  120,  180,  150,  110,   50,   50,    0,    0,    0,    0,    0,    0, -999
20140821, 0000,  , TS, 19.1N, 121.5W,  55,  986,  140,  180,  150,  130,   50,   50,    0,    0,    0,    0,    0,    0, -999
20140821, 0600,  , TS, 19.4N, 121.6W,  60,  984,  160,  160,  160,  160,   80,   80,   80,   80,    0,    0,    0,    0, -999
20140821, 1200,  , HU, 19.8N, 121.8W,  65,  981,  160,  160,  160,  160,   80,   80,   80,   80,   50,   50,   50,   50, -999
20140821, 1800,  , HU, 20.2N, 122.1W,  65,  980,  160,  140,  140,  160,   80,   70,   60,   80,   50,   50,   30,   50, -999
20140822, 0000,  , TS, 20.7N, 122.6W,  60,  984,  160,  140,  140,  160,   80,   70,   60,   80,    0,    0,    0,    0, -999
20140822, 0600,  , TS, 21.2N, 123.2W,  55,  987,  160,  140,  140,  160,   80,   70,   60,   80,    0,    0,    0,    0, -999
20140822, 1200,  , TS, 21.7N, 123.8W,  55,  989,  160,  140,  140,  160,   80,   70,   60,   80,    0,    0,    0,    0, -999
20140822, 1800,  , TS, 22.1N, 124.4W,  50,  993,  160,  140,  140,  160,   80,   70,   60,   80,    0,    0,    0,    0, -999
20140823, 0000,  , TS, 22.6N, 125.0W,  45,  996,  140,  120,  110,  140,    0,    0,    0,    0,    0,    0,    0,    0, -999
20140823, 0600,  , TS, 23.1N, 125.6W,  40,  998,  120,  100,   90,  120,    0,    0,    0,    0,    0,    0,    0,    0, -999
20140823, 1200,  , TS, 23.5N, 126.2W,  35,  999,  120,  100,   90,  120,    0,    0,    0,    0,    0,    0,    0,    0, -999
20140823, 1800,  , TS, 23.9N, 126.7W,  35, 1000,  120,   90,   90,  120,    0,    0,    0,    0,    0,    0,    0,    0, -999
20140824, 0000,  , TD, 24.4N, 127.1W,  30, 1001,    0,    0,    0,    0,    0,    0,    0,    0,    0,    0,    0,    0, -999
20140824, 0600,  , TD, 24.8N, 127.5W,  30, 1002,    0,    0,    0,    0,    0,    0,    0,    0,    0,    0,    0,    0, -999
20140824, 1200,  , LO, 25.2N, 127.9W,  30, 1002,    0,    0,    0,    0,    0,    0,    0,    0,    0,    0,    0,    0, -999
20140824, 1800,  , LO, 25.5N, 128.4W,  30, 1002,    0,    0,    0,    0,    0,    0,    0,    0,    0,    0,    0,    0, -999
20140825, 0000,  , LO, 25.6N, 129.0W,  30, 1002,    0,    0,    0,    0,    0,    0,    0,    0,    0,    0,    0,    0, -999
20140825, 0600,  , LO, 25.7N, 129.6W,  30, 1002,    0,    0,    0,    0,    0,    0,    0,    0,    0,    0,    0,    0, -999
20140825, 1200,  , LO, 25.8N, 130.3W,  30, 1002,    0,    0,    0,    0,    0,    0,    0,    0,    0,    0,    0,    0, -999
20140825, 1800,  , LO, 25.9N, 131.0W,  30, 1002,    0,    0,    0,    0,    0,    0,    0,    0,    0,    0,    0,    0, -999
20140826, 0000,  , LO, 26.0N, 131.7W,  30, 1002,    0,    0,    0,    0,    0,    0,    0,    0,    0,    0,    0,    0, -999
20140826, 0600,  , LO, 26.3N, 132.6W,  25, 1003,    0,    0,    0,    0,    0,    0,    0,    0,    0,    0,    0,    0, -999
20140826, 1200,  , LO, 26.7N, 133.5W,  25, 1004,    0,    0,    0,    0,    0,    0,    0,    0,    0,    0,    0,    0, -999
20140826, 1800,  , LO, 27.3N, 134.5W,  25, 1005,    0,    0,    0,    0,    0,    0,    0,    0,    0,    0,    0,    0, -999
20140827, 0000,  , LO, 28.0N, 135.6W,  25, 1006,    0,    0,    0,    0,    0,    0,    0,    0,    0,    0,    0,    0, -999
20140827, 0600,  , LO, 28.6N, 136.6W,  25, 1007,    0,    0,    0,    0,    0,    0,    0,    0,    0,    0,    0,    0, -999
20140827, 1200,  , LO, 29.2N, 137.6W,  25, 1008,    0,    0,    0,    0,    0,    0,    0,    0,    0,    0,    0,    0, -999
20140827, 1800,  , LO, 29.8N, 138.7W,  25, 1009,    0,    0,    0,    0,    0,    0,    0,    0,    0,    0,    0,    0, -999
20140828, 0000,  , LO, 30.3N, 139.9W,  25, 1010,    0,    0,    0,    0,    0,    0,    0,    0,    0,    0,    0,    0, -999
20140828, 0600,  , LO, 30.6N, 141.1W,  25, 1010,    0,    0,    0,    0,    0,    0,    0,    0,    0,    0,    0,    0, -999
20140828, 1200,  , LO, 30.8N, 142.2W,  25, 1010,    0,    0,    0,    0,    0,    0,    0,    0,    0,    0,    0,    0, -999
20140828, 1800,  , LO, 31.0N, 143.3W,  25, 1010,    0,    0,    0,    0,    0,    0,    0,    0,    0,    0,    0,    0, -999
EP132014,              MARIE,     46,
20140822, 0000,  , TD, 12.3N,  98.8W,  30, 1007,    0,    0,    0,    0,    0,    0,    0,    0,    0,    0,    0,    0, -999
20140822, 0600,  , TS, 12.6N, 100.3W,  35, 1006,   40,    0,    0,   40,    0,    0,    0,    0,    0,    0,    0,    0, -999
20140822, 1200,  , TS, 12.9N, 101.8W,  45, 1002,   50,    0,    0,   50,    0,    0,    0,    0,    0,    0,    0,    0, -999
20140822, 1800,  , TS, 13.2N, 103.0W,  50, 1000,   70,   30,   30,   70,   30,    0,    0,   30,    0,    0,    0,    0, -999
20140823, 0000,  , TS, 13.5N, 104.1W,  60,  995,   80,   50,   40,   70,   40,   30,   20,   30,    0,    0,    0,    0, -999
20140823, 0600,  , HU, 13.9N, 105.1W,  65,  992,   80,   50,   40,   70,   40,   30,   20,   30,   20,   10,    0,   20, -999
20140823, 1200,  , HU, 14.3N, 106.1W,  75,  983,   90,   70,   60,   80,   40,   30,   20,   30,   20,   10,   10,   20, -999
20140823, 1800,  , HU, 14.8N, 107.1W,  80,  979,  100,   90,   80,   90,   50,   40,   30,   40,   30,   20,   10,   20, -999
20140824, 0000,  , HU, 15.5N, 108.2W,  90,  971,  150,  130,  120,  110,   50,   40,   30,   50,   30,   20,   10,   25, -999
20140824, 0600,  , HU, 15.9N, 109.4W, 115,  944,  220,  180,  150,  150,   90,   90,   60,   60,   40,   30,   20,   30, -999
20140824, 1200,  , HU, 16.0N, 110.8W, 130,  929,  220,  200,  150,  150,   90,   90,   60,   60,   40,   30,   20,   30, -999
20140824, 1800,  , HU, 15.9N, 111.9W, 140,  918,  240,  240,  150,  150,   90,   90,   70,   90,   50,   40,   30,   40, -999
20140825, 0000,  , HU, 16.3N, 112.5W, 135,  922,  240,  240,  150,  150,   90,   90,   70,   90,   50,   40,   30,   40, -999
20140825, 0600,  , HU, 16.9N, 113.4W, 130,  927,  250,  270,  150,  150,   90,  100,   70,   90,   50,   50,   30,   40, -999
20140825, 1200,  , HU, 17.5N, 114.3W, 125,  932,  250,  270,  150,  150,   90,  100,   70,   90,   50,   50,   30,   40, -999
20140825, 1800,  , HU, 18.1N, 115.3W, 115,  939,  240,  270,  160,  160,  100,  120,   70,   90,   50,   40,   30,   40, -999
20140826, 0000,  , HU, 18.8N, 116.2W, 100,  952,  240,  270,  160,  160,  100,  120,   70,   90,   50,   40,   30,   40, -999
20140826, 0600,  , HU, 19.6N, 117.2W,  90,  961,  240,  240,  160,  170,  100,  100,   80,   80,   50,   40,   30,   40, -999
20140826, 1200,  , HU, 20.4N, 118.4W,  85,  965,  240,  240,  160,  170,  100,  100,   80,   80,   50,   40,   30,   40, -999
20140826, 1800,  , HU, 20.9N, 119.6W,  85,  968,  200,  180,  120,  160,  100,   80,   60,   70,   40,   30,   15,   40, -999
20140827, 0000,  , HU, 21.2N, 120.8W,  80,  971,  200,  180,  120,  160,  100,   80,   60,   70,   40,   30,   15,   40, -999
20140827, 0600,  , HU, 21.6N, 122.0W,  75,  974,  200,  170,  120,  160,   90,   80,   60,   70,   50,   30,   15,   40, -999
20140827, 1200,  , HU, 22.1N, 123.2W,  65,  980,  180,  160,  100,  160,   90,   80,   60,   70,   50,   30,    0,   30, -999
20140827, 1800,  , TS, 22.7N, 124.4W,  55,  989,  160,  150,   80,  140,   60,   60,    0,   50,    0,    0,    0,    0, -999
20140828, 0000,  , TS, 23.4N, 125.8W,  50,  992,  160,  150,   80,  140,   50,    0,    0,    0,    0,    0,    0,    0, -999
20140828, 0600,  , TS, 24.1N, 127.2W,  45,  995,  160,  120,   60,  150,    0,    0,    0,    0,    0,    0,    0,    0, -999
20140828, 1200,  , TS, 24.8N, 128.5W,  40,  997,  120,   80,   40,  120,    0,    0,    0,    0,    0,    0,    0,    0, -999
20140828, 1800,  , LO, 25.6N, 129.8W,  35, 1000,  100,    0,    0,  100,    0,    0,    0,    0,    0,    0,    0,    0, -999
20140829, 0000,  , LO, 26.5N, 131.0W,  35, 1002,   80,    0,    0,   80,    0,    0,    0,    0,    0,    0,    0,    0, -999
20140829, 0600,  , LO, 27.3N, 132.1W,  35, 1002,   80,    0,    0,   80,    0,    0,    0,    0,    0,    0,    0,    0, -999
20140829, 1200,  , LO, 28.2N, 132.8W,  30, 1002,    0,    0,    0,    0,    0,    0,    0,    0,    0,    0,    0,    0, -999
20140829, 1800,  , LO, 29.1N, 133.3W,  30, 1003,    0,    0,    0,    0,    0,    0,    0,    0,    0,    0,    0,    0, -999
20140830, 0000,  , LO, 29.8N, 133.7W,  25, 1004,    0,    0,    0,    0,    0,    0,    0,    0,    0,    0,    0,    0, -999
20140830, 0600,  , LO, 30.5N, 134.1W,  25, 1005,    0,    0,    0,    0,    0,    0,    0,    0,    0,    0,    0,    0, -999
20140830, 1200,  , LO, 31.0N, 134.5W,  25, 1005,    0,    0,    0,    0,    0,    0,    0,    0,    0,    0,    0,    0, -999
20140830, 1800,  , LO, 31.3N, 135.1W,  25, 1006,    0,    0,    0,    0,    0,    0,    0,    0,    0,    0,    0,    0, -999
20140831, 0000,  , LO, 31.4N, 135.9W,  25, 1007,    0,    0,    0,    0,    0,    0,    0,    0,    0,    0,    0,    0, -999
20140831, 0600,  , LO, 31.4N, 136.6W,  25, 1008,    0,    0,    0,    0,    0,    0,    0,    0,    0,    0,    0,    0, -999
20140831, 1200,  , LO, 31.4N, 137.1W,  25, 1009,    0,    0,    0,    0,    0,    0,    0,    0,    0,    0,    0,    0, -999
20140831, 1800,  , LO, 31.4N, 137.5W,  25, 1010,    0,    0,    0,    0,    0,    0,    0,    0,    0,    0,    0,    0, -999
20140901, 0000,  , LO, 31.4N, 137.9W,  25, 1011,    0,    0,    0,    0,    0,    0,    0,    0,    0,    0,    0,    0, -999
20140901, 0600,  , LO, 31.4N, 138.3W,  25, 1011,    0,    0,    0,    0,    0,    0,    0,    0,    0,    0,    0,    0, -999
20140901, 1200,  , LO, 31.3N, 138.8W,  25, 1011,    0,    0,    0,    0,    0,    0,    0,    0,    0,    0,    0,    0, -999
20140901, 1800,  , LO, 31.0N, 139.3W,  25, 1011,    0,    0,    0,    0,    0,    0,    0,    0,    0,    0,    0,    0, -999
20140902, 0000,  , LO, 30.8N, 139.7W,  25, 1011,    0,    0,    0,    0,    0,    0,    0,    0,    0,    0,    0,    0, -999
20140902, 0600,  , LO, 30.6N, 140.1W,  25, 1012,    0,    0,    0,    0,    0,    0,    0,    0,    0,    0,    0,    0, -999
EP142014,            NORBERT,     35,
20140902, 1200,  , TS, 17.0N, 106.5W,  35, 1004,   30,   50,    0,    0,    0,    0,    0,    0,    0,    0,    0,    0, -999
20140902, 1800,  , TS, 18.0N, 106.4W,  35, 1004,   30,   50,    0,    0,    0,    0,    0,    0,    0,    0,    0,    0, -999
20140903, 0000,  , TS, 18.9N, 106.7W,  40, 1003,   30,   50,    0,    0,    0,    0,    0,    0,    0,    0,    0,    0, -999
20140903, 0600,  , TS, 19.4N, 107.3W,  45, 1001,   50,   50,   30,   30,    0,    0,    0,    0,    0,    0,    0,    0, -999
20140903, 1200,  , TS, 19.5N, 108.1W,  55,  995,   50,   50,   40,   40,   20,   20,    0,   20,    0,    0,    0,    0, -999
20140903, 1800,  , TS, 19.5N, 108.9W,  60,  989,   80,   80,   60,   60,   30,   30,   20,   20,    0,    0,    0,    0, -999
20140904, 0000,  , HU, 19.7N, 109.3W,  65,  985,   90,   90,   70,   80,   40,   40,   30,   30,   20,   20,    0,   10, -999
20140904, 0600,  , HU, 20.1N, 109.8W,  70,  982,   90,   90,   80,   70,   40,   40,   30,   30,   20,   20,    0,    0, -999
20140904, 1200,  , HU, 20.4N, 110.2W,  75,  978,   90,   90,   80,   70,   40,   40,   30,   30,   20,   20,    0,    0, -999
20140904, 1800,  , HU, 20.9N, 110.6W,  80,  970,  120,  100,   90,   80,   60,   50,   40,   40,   30,   20,   15,   15, -999
20140905, 0000,  , HU, 21.5N, 110.8W,  80,  970,  120,  100,   90,   80,   60,   50,   40,   40,   30,   20,   15,   15, -999
20140905, 0600,  , HU, 22.1N, 111.1W,  80,  970,  120,  100,   90,   80,   60,   50,   40,   40,   30,   20,   15,   15, -999
20140905, 1200,  , HU, 22.8N, 111.6W,  80,  970,  120,  100,   90,   80,   60,   50,   40,   40,   30,   20,   15,   15, -999
20140905, 1800,  , HU, 23.5N, 112.0W,  80,  966,  120,  100,   90,   80,   60,   50,   40,   40,   40,   30,   15,   20, -999
20140906, 0000,  , HU, 24.0N, 112.6W,  95,  961,  120,  100,   90,   80,   60,   50,   40,   40,   40,   30,   15,   20, -999
20140906, 0600,  , HU, 24.4N, 113.1W, 110,  950,  120,  100,   90,   80,   60,   50,   40,   40,   40,   30,   15,   20, -999
20140906, 1200,  , HU, 24.8N, 113.8W, 100,  960,  120,  100,   90,   80,   60,   50,   40,   40,   40,   30,   15,   20, -999
20140906, 1800,  , HU, 25.1N, 114.5W,  90,  965,  120,  100,   90,   70,   60,   50,   40,   40,   40,   30,   15,   20, -999
20140907, 0000,  , HU, 25.3N, 115.1W,  80,  973,   80,   80,   70,   70,   60,   50,   30,   30,   20,   20,   10,   20, -999
20140907, 0600,  , HU, 25.6N, 116.0W,  70,  979,   80,   80,   70,   70,   50,   50,   30,   30,   30,   30,   10,   20, -999
20140907, 1200,  , TS, 25.9N, 116.7W,  55,  991,   70,   70,   60,   60,   40,   40,   20,   30,    0,    0,    0,    0, -999
20140907, 1800,  , TS, 26.3N, 117.3W,  45,  997,   60,   60,   50,   50,    0,    0,    0,    0,    0,    0,    0,    0, -999
20140908, 0000,  , LO, 26.8N, 117.7W,  40, 1000,   60,   40,   40,   50,    0,    0,    0,    0,    0,    0,    0,    0, -999
20140908, 0600,  , LO, 27.2N, 118.1W,  35, 1001,   30,    0,   40,    0,    0,    0,    0,    0,    0,    0,    0,    0, -999
20140908, 1200,  , LO, 27.5N, 118.5W,  30, 1002,    0,    0,    0,    0,    0,    0,    0,    0,    0,    0,    0,    0, -999
20140908, 1800,  , LO, 27.9N, 118.6W,  30, 1003,    0,    0,    0,    0,    0,    0,    0,    0,    0,    0,    0,    0, -999
20140909, 0000,  , LO, 28.5N, 118.5W,  25, 1004,    0,    0,    0,    0,    0,    0,    0,    0,    0,    0,    0,    0, -999
20140909, 0600,  , LO, 29.0N, 118.4W,  20, 1006,    0,    0,    0,    0,    0,    0,    0,    0,    0,    0,    0,    0, -999
20140909, 1200,  , LO, 28.8N, 118.2W,  20, 1006,    0,    0,    0,    0,    0,    0,    0,    0,    0,    0,    0,    0, -999
20140909, 1800,  , LO, 28.4N, 118.2W,  20, 1007,    0,    0,    0,    0,    0,    0,    0,    0,    0,    0,    0,    0, -999
20140910, 0000,  , LO, 28.1N, 118.0W,  20, 1008,    0,    0,    0,    0,    0,    0,    0,    0,    0,    0,    0,    0, -999
20140910, 0600,  , LO, 27.9N, 117.6W,  20, 1008,    0,    0,    0,    0,    0,    0,    0,    0,    0,    0,    0,    0, -999
20140910, 1200,  , LO, 27.6N, 117.5W,  20, 1009,    0,    0,    0,    0,    0,    0,    0,    0,    0,    0,    0,    0, -999
20140910, 1800,  , LO, 27.2N, 117.6W,  20, 1010,    0,    0,    0,    0,    0,    0,    0,    0,    0,    0,    0,    0, -999
20140911, 0000,  , LO, 26.9N, 117.7W,  20, 1010,    0,    0,    0,    0,    0,    0,    0,    0,    0,    0,    0,    0, -999
EP152014,              ODILE,     37,
20140909, 1200,  , LO, 13.5N, 100.1W,  25, 1007,    0,    0,    0,    0,    0,    0,    0,    0,    0,    0,    0,    0, -999
20140909, 1800,  , LO, 13.7N, 100.9W,  30, 1006,    0,    0,    0,    0,    0,    0,    0,    0,    0,    0,    0,    0, -999
20140910, 0000,  , TD, 14.0N, 101.7W,  30, 1005,    0,    0,    0,    0,    0,    0,    0,    0,    0,    0,    0,    0, -999
20140910, 0600,  , TS, 14.4N, 102.4W,  35, 1004,   40,    0,    0,   40,    0,    0,    0,    0,    0,    0,    0,    0, -999
20140910, 1200,  , TS, 14.8N, 102.8W,  40, 1002,   40,    0,    0,   40,    0,    0,    0,    0,    0,    0,    0,    0, -999
20140910, 1800,  , TS, 15.2N, 103.1W,  40, 1002,   50,    0,    0,   50,    0,    0,    0,    0,    0,    0,    0,    0, -999
20140911, 0000,  , TS, 15.4N, 103.5W,  40, 1001,   60,   40,   60,   60,    0,    0,    0,    0,    0,    0,    0,    0, -999
20140911, 0600,  , TS, 15.5N, 103.8W,  45,  998,   60,   40,   60,   60,    0,    0,    0,    0,    0,    0,    0,    0, -999
20140911, 1200,  , TS, 15.4N, 104.1W,  45,  998,   60,   60,   60,   60,    0,    0,    0,    0,    0,    0,    0,    0, -999
20140911, 1800,  , TS, 15.3N, 104.3W,  50,  995,   60,   80,   80,   60,    0,   20,   20,    0,    0,    0,    0,    0, -999
20140912, 0000,  , TS, 15.3N, 104.5W,  50,  994,   70,  100,  100,   60,    0,   20,   20,    0,    0,    0,    0,    0, -999
20140912, 0600,  , TS, 15.4N, 104.6W,  50,  993,   70,  120,  120,   70,    0,   40,   40,    0,    0,    0,    0,    0, -999
20140912, 1200,  , TS, 15.5N, 104.7W,  55,  990,   90,  140,  150,   70,    0,   60,   40,    0,    0,    0,    0,    0, -999
20140912, 1800,  , TS, 15.6N, 104.8W,  55,  989,  100,  150,  180,   70,    0,   60,   40,    0,    0,    0,    0,    0, -999
20140913, 0000,  , TS, 15.7N, 104.9W,  60,  986,  100,  150,  180,   70,    0,   60,   40,    0,    0,    0,    0,    0, -999
20140913, 0600,  , HU, 16.0N, 105.3W,  65,  983,  120,  150,  180,   80,   30,   60,   40,   30,   20,    0,    0,   20, -999
20140913, 1200,  , HU, 16.3N, 105.6W,  70,  978,  140,  150,  170,   90,   40,   60,   50,   40,   20,   20,   20,   20, -999
20140913, 1800,  , HU, 16.7N, 105.9W,  80,  966,  160,  150,  160,   90,   50,   60,   50,   40,   30,   20,   20,   20, -999
20140914, 0000,  , HU, 17.6N, 106.3W,  95,  950,  160,  160,  150,  100,   60,   60,   50,   50,   40,   30,   20,   30, -999
20140914, 0600,  , HU, 18.5N, 107.0W, 120,  918,  160,  170,  130,  110,   70,   70,   50,   60,   40,   40,   20,   30, -999
20140914, 1200,  , HU, 19.4N, 107.7W, 115,  920,  160,  170,  130,  110,   70,   70,   50,   60,   40,   40,   20,   30, -999
20140914, 1800,  , HU, 20.7N, 108.5W, 110,  923,  170,  170,  110,  120,   80,   60,   60,   60,   50,   50,   30,   30, -999
20140915, 0000,  , HU, 22.0N, 109.3W, 110,  932,  180,  180,  100,  120,   80,   60,   60,   60,   50,   50,   30,   30, -999
20140915, 0445, L, HU, 22.9N, 109.9W, 110,  941,  170,  180,  100,  120,   80,   60,   60,   60,   50,   50,   30,   30, -999
20140915, 0600,  , HU, 23.3N, 110.1W, 105,  945,  150,  180,  100,  120,   80,   60,   60,   60,   50,   50,   30,   30, -999
20140915, 1200,  , HU, 24.2N, 110.9W,  90,  953,  140,  170,  100,  110,   80,   60,   60,   50,   40,   40,   30,   20, -999
20140915, 1800,  , HU, 25.1N, 111.5W,  80,  965,  140,  160,  100,  100,   70,   60,   50,   50,   40,   40,   30,   20, -999
20140916, 0000,  , HU, 26.1N, 112.0W,  70,  978,  120,  140,  100,  100,   60,   50,   40,   40,   20,    0,    0,    0, -999
20140916, 0600,  , TS, 27.0N, 112.5W,  60,  984,  120,  130,   90,   90,   50,   40,   30,   30,    0,    0,    0,    0, -999
20140916, 1200,  , TS, 27.9N, 113.1W,  55,  990,  110,  130,   90,   90,   40,   40,   20,   20,    0,    0,    0,    0, -999
20140916, 1800,  , TS, 28.8N, 113.5W,  50,  992,  100,  120,    0,   80,   40,    0,    0,    0,    0,    0,    0,    0, -999
20140917, 0000,  , TS, 29.4N, 113.6W,  45,  993,   90,  120,    0,   70,    0,    0,    0,    0,    0,    0,    0,    0, -999
20140917, 0600,  , TS, 29.9N, 113.6W,  40,  995,   80,  120,    0,   60,    0,    0,    0,    0,    0,    0,    0,    0, -999
20140917, 1200,  , TS, 30.4N, 113.4W,  35,  997,   70,  120,    0,   60,    0,    0,    0,    0,    0,    0,    0,    0, -999
20140917, 1630, L, TS, 30.7N, 113.1W,  35,  999,    0,  120,    0,   60,    0,    0,    0,    0,    0,    0,    0,    0, -999
20140917, 1800,  , TD, 30.8N, 112.9W,  30, 1001,    0,    0,    0,    0,    0,    0,    0,    0,    0,    0,    0,    0, -999
20140918, 0000,  , TD, 31.0N, 112.0W,  25, 1003,    0,    0,    0,    0,    0,    0,    0,    0,    0,    0,    0,    0, -999
EP162014,            SIXTEEN,     25,
20140910, 0600,  , LO, 12.5N, 116.5W,  25, 1009,    0,    0,    0,    0,    0,    0,    0,    0,    0,    0,    0,    0, -999
20140910, 1200,  , LO, 12.8N, 117.4W,  25, 1009,    0,    0,    0,    0,    0,    0,    0,    0,    0,    0,    0,    0, -999
20140910, 1800,  , LO, 13.3N, 118.1W,  30, 1009,    0,    0,    0,    0,    0,    0,    0,    0,    0,    0,    0,    0, -999
20140911, 0000,  , LO, 13.9N, 118.6W,  30, 1009,    0,    0,    0,    0,    0,    0,    0,    0,    0,    0,    0,    0, -999
20140911, 0600,  , TD, 14.7N, 119.1W,  30, 1007,    0,    0,    0,    0,    0,    0,    0,    0,    0,    0,    0,    0, -999
20140911, 1200,  , TD, 15.4N, 119.7W,  30, 1006,    0,    0,    0,    0,    0,    0,    0,    0,    0,    0,    0,    0, -999
20140911, 1800,  , TD, 16.0N, 120.2W,  30, 1006,    0,    0,    0,    0,    0,    0,    0,    0,    0,    0,    0,    0, -999
20140912, 0000,  , TD, 16.4N, 120.2W,  30, 1006,    0,    0,    0,    0,    0,    0,    0,    0,    0,    0,    0,    0, -999
20140912, 0600,  , TD, 16.7N, 119.9W,  30, 1006,    0,    0,    0,    0,    0,    0,    0,    0,    0,    0,    0,    0, -999
20140912, 1200,  , TD, 16.9N, 119.5W,  30, 1006,    0,    0,    0,    0,    0,    0,    0,    0,    0,    0,    0,    0, -999
20140912, 1800,  , TD, 16.9N, 119.0W,  30, 1007,    0,    0,    0,    0,    0,    0,    0,    0,    0,    0,    0,    0, -999
20140913, 0000,  , TD, 16.7N, 118.5W,  30, 1007,    0,    0,    0,    0,    0,    0,    0,    0,    0,    0,    0,    0, -999
20140913, 0600,  , TD, 16.4N, 118.0W,  30, 1007,    0,    0,    0,    0,    0,    0,    0,    0,    0,    0,    0,    0, -999
20140913, 1200,  , TD, 16.0N, 117.5W,  30, 1007,    0,    0,    0,    0,    0,    0,    0,    0,    0,    0,    0,    0, -999
20140913, 1800,  , TD, 15.7N, 117.1W,  30, 1007,    0,    0,    0,    0,    0,    0,    0,    0,    0,    0,    0,    0, -999
20140914, 0000,  , TD, 15.3N, 116.5W,  30, 1007,    0,    0,    0,    0,    0,    0,    0,    0,    0,    0,    0,    0, -999
20140914, 0600,  , TD, 15.0N, 115.6W,  30, 1007,    0,    0,    0,    0,    0,    0,    0,    0,    0,    0,    0,    0, -999
20140914, 1200,  , TD, 15.0N, 114.7W,  30, 1006,    0,    0,    0,    0,    0,    0,    0,    0,    0,    0,    0,    0, -999
20140914, 1800,  , TD, 15.4N, 113.8W,  30, 1006,    0,    0,    0,    0,    0,    0,    0,    0,    0,    0,    0,    0, -999
20140915, 0000,  , TD, 16.0N, 112.8W,  30, 1005,    0,    0,    0,    0,    0,    0,    0,    0,    0,    0,    0,    0, -999
20140915, 0600,  , LO, 16.8N, 111.6W,  30, 1004,    0,    0,    0,    0,    0,    0,    0,    0,    0,    0,    0,    0, -999
20140915, 1200,  , LO, 18.0N, 110.5W,  30, 1003,    0,    0,    0,    0,    0,    0,    0,    0,    0,    0,    0,    0, -999
20140915, 1800,  , LO, 19.4N, 109.6W,  30, 1003,    0,    0,    0,    0,    0,    0,    0,    0,    0,    0,    0,    0, -999
20140916, 0000,  , LO, 20.8N, 109.1W,  30, 1004,    0,    0,    0,    0,    0,    0,    0,    0,    0,    0,    0,    0, -999
20140916, 0600,  , LO, 22.4N, 108.8W,  25, 1005,    0,    0,    0,    0,    0,    0,    0,    0,    0,    0,    0,    0, -999
EP172014,               POLO,     44,
20140916, 0000,  , TS, 11.4N,  97.6W,  35, 1007,    0,   80,   40,    0,    0,    0,    0,    0,    0,    0,    0,    0, -999
20140916, 0600,  , TS, 11.6N,  98.3W,  40, 1006,    0,   70,   40,    0,    0,    0,    0,    0,    0,    0,    0,    0, -999
20140916, 1200,  , TS, 12.1N,  99.1W,  40, 1005,    0,   60,   40,    0,    0,    0,    0,    0,    0,    0,    0,    0, -999
20140916, 1800,  , TS, 12.8N, 100.0W,  45, 1003,   50,   60,   50,   50,    0,    0,    0,    0,    0,    0,    0,    0, -999
20140917, 0000,  , TS, 13.6N, 100.8W,  45, 1000,   60,   70,   60,   50,    0,    0,    0,    0,    0,    0,    0,    0, -999
20140917, 0600,  , TS, 14.4N, 101.5W,  45,  998,   60,   70,   60,   50,    0,    0,    0,    0,    0,    0,    0,    0, -999
20140917, 1200,  , TS, 15.2N, 102.3W,  50,  994,   60,   70,   60,   50,   20,   20,    0,   20,    0,    0,    0,    0, -999
20140917, 1800,  , TS, 15.7N, 103.1W,  60,  986,   70,   70,   60,   60,   30,   30,    0,   20,    0,    0,    0,    0, -999
20140918, 0000,  , HU, 16.0N, 104.0W,  65,  979,   70,   70,   60,   60,   30,   30,   20,   20,   15,   15,   10,   10, -999
20140918, 0600,  , HU, 16.4N, 104.7W,  65,  979,   80,   70,   60,   60,   30,   30,   20,   20,   15,   15,   10,   10, -999
20140918, 1200,  , HU, 16.9N, 105.2W,  65,  980,   90,   70,   60,   60,   30,   30,   20,   20,   15,   15,   10,   10, -999
20140918, 1800,  , TS, 17.5N, 105.6W,  60,  981,  100,   70,   60,   70,   30,   30,   30,   20,    0,    0,    0,    0, -999
20140919, 0000,  , TS, 18.1N, 106.1W,  60,  982,  100,   70,   60,   70,   30,   30,   30,   20,    0,    0,    0,    0, -999
20140919, 0600,  , TS, 18.5N, 106.7W,  60,  983,   90,   70,   60,   60,   30,   30,   30,   20,    0,    0,    0,    0, -999
20140919, 1200,  , TS, 18.9N, 107.2W,  60,  985,   80,   80,   60,   60,   30,   40,   30,    0,    0,    0,    0,    0, -999
20140919, 1800,  , TS, 19.4N, 107.6W,  60,  987,   80,   80,   70,   60,   30,   50,   40,    0,    0,    0,    0,    0, -999
20140920, 0000,  , TS, 19.8N, 107.9W,  55,  990,   70,   80,   70,   50,   30,   60,   50,    0,    0,    0,    0,    0, -999
20140920, 0600,  , TS, 20.2N, 108.2W,  50,  995,   60,   80,   70,   40,   20,   60,   50,    0,    0,    0,    0,    0, -999
20140920, 1200,  , TS, 20.7N, 108.6W,  45, 1000,   60,   80,   70,   40,    0,    0,    0,    0,    0,    0,    0,    0, -999
20140920, 1800,  , TS, 21.1N, 109.1W,  40, 1002,   50,   80,   60,   30,    0,    0,    0,    0,    0,    0,    0,    0, -999
20140921, 0000,  , TS, 21.4N, 109.6W,  35, 1003,   50,   60,   50,   30,    0,    0,    0,    0,    0,    0,    0,    0, -999
20140921, 0600,  , TS, 21.6N, 110.2W,  35, 1003,   40,   40,   50,   30,    0,    0,    0,    0,    0,    0,    0,    0, -999
20140921, 1200,  , TS, 22.0N, 111.0W,  40, 1003,   40,   30,   40,   30,    0,    0,    0,    0,    0,    0,    0,    0, -999
20140921, 1800,  , TS, 22.4N, 111.8W,  40, 1003,   50,    0,   40,   30,    0,    0,    0,    0,    0,    0,    0,    0, -999
20140922, 0000,  , TS, 22.6N, 112.7W,  35, 1003,   50,    0,   40,   30,    0,    0,    0,    0,    0,    0,    0,    0, -999
20140922, 0600,  , TD, 22.5N, 113.5W,  30, 1004,    0,    0,    0,    0,    0,    0,    0,    0,    0,    0,    0,    0, -999
20140922, 1200,  , LO, 22.3N, 114.2W,  25, 1005,    0,    0,    0,    0,    0,    0,    0,    0,    0,    0,    0,    0, -999
20140922, 1800,  , LO, 22.1N, 114.8W,  25, 1006,    0,    0,    0,    0,    0,    0,    0,    0,    0,    0,    0,    0, -999
20140923, 0000,  , LO, 21.9N, 115.1W,  25, 1007,    0,    0,    0,    0,    0,    0,    0,    0,    0,    0,    0,    0, -999
20140923, 0600,  , LO, 21.6N, 115.4W,  25, 1007,    0,    0,    0,    0,    0,    0,    0,    0,    0,    0,    0,    0, -999
20140923, 1200,  , LO, 21.3N, 115.7W,  25, 1007,    0,    0,    0,    0,    0,    0,    0,    0,    0,    0,    0,    0, -999
20140923, 1800,  , LO, 21.0N, 115.8W,  20, 1007,    0,    0,    0,    0,    0,    0,    0,    0,    0,    0,    0,    0, -999
20140924, 0000,  , LO, 20.6N, 115.9W,  20, 1007,    0,    0,    0,    0,    0,    0,    0,    0,    0,    0,    0,    0, -999
20140924, 0600,  , LO, 20.2N, 116.0W,  20, 1007,    0,    0,    0,    0,    0,    0,    0,    0,    0,    0,    0,    0, -999
20140924, 1200,  , LO, 19.7N, 116.2W,  20, 1007,    0,    0,    0,    0,    0,    0,    0,    0,    0,    0,    0,    0, -999
20140924, 1800,  , LO, 19.3N, 116.4W,  20, 1007,    0,    0,    0,    0,    0,    0,    0,    0,    0,    0,    0,    0, -999
20140925, 0000,  , LO, 18.9N, 116.9W,  20, 1007,    0,    0,    0,    0,    0,    0,    0,    0,    0,    0,    0,    0, -999
20140925, 0600,  , LO, 18.5N, 117.5W,  20, 1007,    0,    0,    0,    0,    0,    0,    0,    0,    0,    0,    0,    0, -999
20140925, 1200,  , LO, 18.0N, 118.2W,  20, 1007,    0,    0,    0,    0,    0,    0,    0,    0,    0,    0,    0,    0, -999
20140925, 1800,  , LO, 17.4N, 118.8W,  20, 1007,    0,    0,    0,    0,    0,    0,    0,    0,    0,    0,    0,    0, -999
20140926, 0000,  , LO, 16.9N, 119.5W,  20, 1007,    0,    0,    0,    0,    0,    0,    0,    0,    0,    0,    0,    0, -999
20140926, 0600,  , LO, 16.5N, 120.2W,  20, 1007,    0,    0,    0,    0,    0,    0,    0,    0,    0,    0,    0,    0, -999
20140926, 1200,  , LO, 16.0N, 120.8W,  20, 1007,    0,    0,    0,    0,    0,    0,    0,    0,    0,    0,    0,    0, -999
20140926, 1800,  , LO, 15.5N, 121.4W,  20, 1007,    0,    0,    0,    0,    0,    0,    0,    0,    0,    0,    0,    0, -999
EP182014,             RACHEL,     37,
20140924, 0000,  , TD, 14.5N, 102.6W,  30, 1006,    0,    0,    0,    0,    0,    0,    0,    0,    0,    0,    0,    0, -999
20140924, 0600,  , TD, 14.8N, 103.8W,  30, 1006,    0,    0,    0,    0,    0,    0,    0,    0,    0,    0,    0,    0, -999
20140924, 1200,  , TD, 14.9N, 105.0W,  30, 1006,    0,    0,    0,    0,    0,    0,    0,    0,    0,    0,    0,    0, -999
20140924, 1800,  , TD, 15.1N, 106.1W,  30, 1005,    0,    0,    0,    0,    0,    0,    0,    0,    0,    0,    0,    0, -999
20140925, 0000,  , TS, 15.3N, 107.0W,  35, 1004,   60,    0,    0,   50,    0,    0,    0,    0,    0,    0,    0,    0, -999
20140925, 0600,  , TS, 15.7N, 108.0W,  35, 1004,   70,   30,    0,   50,    0,    0,    0,    0,    0,    0,    0,    0, -999
20140925, 1200,  , TS, 16.1N, 109.1W,  40, 1003,   80,   40,   30,   60,    0,    0,    0,    0,    0,    0,    0,    0, -999
20140925, 1800,  , TS, 16.7N, 110.3W,  45, 1002,   90,   50,   30,   70,    0,    0,    0,    0,    0,    0,    0,    0, -999
20140926, 0000,  , TS, 17.3N, 111.4W,  45, 1000,  100,   60,   40,   80,    0,    0,    0,    0,    0,    0,    0,    0, -999
20140926, 0600,  , TS, 17.7N, 112.6W,  45, 1000,  100,   60,   40,   80,    0,    0,    0,    0,    0,    0,    0,    0, -999
20140926, 1200,  , TS, 18.1N, 113.8W,  45,  999,  100,   60,   40,   80,    0,    0,    0,    0,    0,    0,    0,    0, -999
20140926, 1800,  , TS, 17.7N, 114.5W,  50,  997,  100,   60,   40,   80,   30,    0,    0,    0,    0,    0,    0,    0, -999
20140927, 0000,  , TS, 18.2N, 115.1W,  55,  995,   90,   60,   40,   70,   40,   20,    0,   30,    0,    0,    0,    0, -999
20140927, 0600,  , TS, 18.8N, 115.6W,  55,  995,   80,   60,   40,   60,   40,   30,    0,   30,    0,    0,    0,    0, -999
20140927, 1200,  , TS, 19.3N, 116.0W,  55,  995,   80,   60,   40,   60,   40,   30,    0,   30,    0,    0,    0,    0, -999
20140927, 1800,  , HU, 19.9N, 116.3W,  65,  987,   70,   60,   50,   60,   30,   30,    0,   30,   20,    0,    0,    0, -999
20140928, 0000,  , HU, 20.3N, 116.7W,  75,  980,   70,   60,   50,   60,   30,   30,   20,   30,   20,   20,   10,   20, -999
20140928, 0600,  , HU, 20.8N, 117.0W,  75,  980,   70,   60,   50,   60,   30,   30,   20,   30,   20,   20,   10,   20, -999
20140928, 1200,  , HU, 21.2N, 117.2W,  75,  980,   70,   60,   60,   60,   30,   30,   20,   30,   20,   20,   10,   20, -999
20140928, 1800,  , HU, 21.7N, 117.4W,  70,  982,   70,   60,   60,   70,   30,   30,   20,   30,   20,   20,    0,   20, -999
20140929, 0000,  , HU, 22.1N, 117.5W,  65,  984,   70,   70,   70,   70,   30,   30,   30,   30,   20,   20,    0,   20, -999
20140929, 0600,  , TS, 22.4N, 117.5W,  60,  986,   80,   80,   80,   80,   40,   40,   40,   30,    0,    0,    0,    0, -999
20140929, 1200,  , TS, 22.6N, 117.5W,  55,  989,   80,   80,   80,   80,   40,   40,   40,   30,    0,    0,    0,    0, -999
20140929, 1800,  , TS, 22.8N, 117.5W,  50,  992,   80,   80,   80,   80,   30,   30,    0,    0,    0,    0,    0,    0, -999
20140930, 0000,  , TS, 23.0N, 117.5W,  45,  996,   70,   70,   70,   70,    0,    0,    0,    0,    0,    0,    0,    0, -999
20140930, 0600,  , TS, 23.2N, 117.5W,  35, 1002,   60,   60,   60,   60,    0,    0,    0,    0,    0,    0,    0,    0, -999
20140930, 1200,  , LO, 23.3N, 117.5W,  30, 1004,    0,    0,    0,    0,    0,    0,    0,    0,    0,    0,    0,    0, -999
20140930, 1800,  , LO, 23.1N, 117.5W,  30, 1006,    0,    0,    0,    0,    0,    0,    0,    0,    0,    0,    0,    0, -999
20141001, 0000,  , LO, 22.9N, 117.4W,  25, 1006,    0,    0,    0,    0,    0,    0,    0,    0,    0,    0,    0,    0, -999
20141001, 0600,  , LO, 22.8N, 117.4W,  25, 1007,    0,    0,    0,    0,    0,    0,    0,    0,    0,    0,    0,    0, -999
20141001, 1200,  , LO, 22.8N, 117.3W,  25, 1007,    0,    0,    0,    0,    0,    0,    0,    0,    0,    0,    0,    0, -999
20141001, 1800,  , LO, 22.8N, 117.1W,  20, 1008,    0,    0,    0,    0,    0,    0,    0,    0,    0,    0,    0,    0, -999
20141002, 0000,  , LO, 22.8N, 117.0W,  20, 1008,    0,    0,    0,    0,    0,    0,    0,    0,    0,    0,    0,    0, -999
20141002, 0600,  , LO, 22.8N, 117.0W,  20, 1008,    0,    0,    0,    0,    0,    0,    0,    0,    0,    0,    0,    0, -999
20141002, 1200,  , LO, 22.7N, 117.1W,  20, 1008,    0,    0,    0,    0,    0,    0,    0,    0,    0,    0,    0,    0, -999
20141002, 1800,  , LO, 22.5N, 117.3W,  20, 1008,    0,    0,    0,    0,    0,    0,    0,    0,    0,    0,    0,    0, -999
20141003, 0000,  , LO, 22.3N, 117.6W,  20, 1008,    0,    0,    0,    0,    0,    0,    0,    0,    0,    0,    0,    0, -999
EP192014,              SIMON,     35,
20140930, 1200,  , LO, 14.7N, 100.1W,  25, 1008,    0,    0,    0,    0,    0,    0,    0,    0,    0,    0,    0,    0, -999
20140930, 1800,  , LO, 15.2N, 100.9W,  25, 1007,    0,    0,    0,    0,    0,    0,    0,    0,    0,    0,    0,    0, -999
20141001, 0000,  , LO, 15.7N, 101.6W,  25, 1005,    0,    0,    0,    0,    0,    0,    0,    0,    0,    0,    0,    0, -999
20141001, 0600,  , LO, 16.2N, 102.4W,  25, 1005,    0,    0,    0,    0,    0,    0,    0,    0,    0,    0,    0,    0, -999
20141001, 1200,  , LO, 16.7N, 103.2W,  25, 1005,    0,    0,    0,    0,    0,    0,    0,    0,    0,    0,    0,    0, -999
20141001, 1800,  , TD, 17.1N, 104.0W,  25, 1004,    0,    0,    0,    0,    0,    0,    0,    0,    0,    0,    0,    0, -999
20141002, 0000,  , TD, 17.5N, 104.8W,  30, 1003,    0,    0,    0,    0,    0,    0,    0,    0,    0,    0,    0,    0, -999
20141002, 0600,  , TS, 17.9N, 105.7W,  35, 1002,   30,    0,    0,   30,    0,    0,    0,    0,    0,    0,    0,    0, -999
20141002, 1200,  , TS, 18.1N, 106.6W,  35, 1002,   30,    0,    0,   30,    0,    0,    0,    0,    0,    0,    0,    0, -999
20141002, 1800,  , TS, 18.2N, 107.4W,  40, 1000,   30,   30,    0,   30,    0,    0,    0,    0,    0,    0,    0,    0, -999
20141003, 0000,  , TS, 18.2N, 108.0W,  45,  999,   40,   30,    0,   40,    0,    0,    0,    0,    0,    0,    0,    0, -999
20141003, 0600,  , TS, 18.3N, 108.6W,  45,  999,   40,   30,   20,   30,    0,    0,    0,    0,    0,    0,    0,    0, -999
20141003, 1200,  , TS, 18.4N, 109.3W,  50,  998,   40,   30,   20,   30,   20,    0,    0,    0,    0,    0,    0,    0, -999
20141003, 1800,  , TS, 18.7N, 110.2W,  55,  995,   40,   40,   30,   30,   20,   20,    0,   10,    0,    0,    0,    0, -999
20141004, 0000,  , HU, 19.0N, 111.2W,  65,  985,   50,   40,   30,   30,   20,   20,    0,   10,   10,    0,    0,    0, -999
20141004, 0600,  , HU, 19.3N, 112.2W,  75,  978,   50,   40,   30,   30,   20,   20,   10,   10,   10,   10,    0,    0, -999
20141004, 1200,  , HU, 19.8N, 113.4W,  90,  969,   60,   60,   40,   60,   30,   30,   20,   30,   20,   20,   10,   20, -999
20141004, 1800,  , HU, 20.3N, 114.6W, 105,  950,   80,   80,   60,   70,   40,   40,   20,   30,   15,   15,   15,   15, -999
20141005, 0000,  , HU, 21.0N, 115.6W, 115,  946,   80,   80,   60,   70,   40,   40,   20,   30,   20,   20,   15,   20, -999
20141005, 0600,  , HU, 21.8N, 116.4W, 100,  957,   80,   80,   60,   70,   40,   40,   20,   30,   20,   15,   10,   15, -999
20141005, 1200,  , HU, 22.4N, 117.0W,  90,  968,   80,   80,   60,   70,   40,   40,   20,   30,   20,   15,   10,   15, -999
20141005, 1800,  , HU, 23.1N, 117.5W,  70,  978,   90,   80,   80,   80,   40,   40,   20,   40,   20,    0,    0,    0, -999
20141006, 0000,  , TS, 23.6N, 117.6W,  60,  986,   90,   80,   80,   90,   40,   40,   20,   40,    0,    0,    0,    0, -999
20141006, 0600,  , TS, 24.2N, 117.6W,  55,  992,   90,   80,   60,   90,   40,   30,   10,   30,    0,    0,    0,    0, -999
20141006, 1200,  , TS, 24.8N, 117.6W,  50,  996,   90,   80,   60,   90,   30,   20,    0,   20,    0,    0,    0,    0, -999
20141006, 1800,  , TS, 25.4N, 117.6W,  45,  997,   90,   80,   60,   90,    0,    0,    0,    0,    0,    0,    0,    0, -999
20141007, 0000,  , TS, 26.0N, 117.6W,  40, 1000,   90,   80,   60,   90,    0,    0,    0,    0,    0,    0,    0,    0, -999
20141007, 0600,  , TS, 26.6N, 117.3W,  40, 1001,   90,   80,   50,   90,    0,    0,    0,    0,    0,    0,    0,    0, -999
20141007, 1200,  , TS, 27.1N, 116.8W,  35, 1002,   90,   80,   50,   90,    0,    0,    0,    0,    0,    0,    0,    0, -999
20141007, 1800,  , TS, 27.6N, 116.4W,  35, 1002,   90,   80,    0,   80,    0,    0,    0,    0,    0,    0,    0,    0, -999
20141008, 0000,  , LO, 27.9N, 115.9W,  30, 1003,    0,    0,    0,    0,    0,    0,    0,    0,    0,    0,    0,    0, -999
20141008, 0600,  , LO, 28.1N, 115.3W,  30, 1004,    0,    0,    0,    0,    0,    0,    0,    0,    0,    0,    0,    0, -999
20141008, 1200,  , LO, 28.3N, 114.6W,  25, 1005,    0,    0,    0,    0,    0,    0,    0,    0,    0,    0,    0,    0, -999
20141008, 1800,  , LO, 28.2N, 114.0W,  25, 1006,    0,    0,    0,    0,    0,    0,    0,    0,    0,    0,    0,    0, -999
20141009, 0000,  , LO, 27.7N, 113.4W,  20, 1007,    0,    0,    0,    0,    0,    0,    0,    0,    0,    0,    0,    0, -999
CP022014,                ANA,     54,
20141013, 0600,  , LO, 11.8N, 140.9W,  25, 1008,    0,    0,    0,    0,    0,    0,    0,    0,    0,    0,    0,    0, -999
20141013, 1200,  , LO, 12.2N, 141.9W,  25, 1008,    0,    0,    0,    0,    0,    0,    0,    0,    0,    0,    0,    0, -999
20141013, 1800,  , TD, 12.3N, 142.2W,  30, 1007,    0,    0,    0,    0,    0,    0,    0,    0,    0,    0,    0,    0, -999
20141014, 0000,  , TS, 12.7N, 142.3W,  35, 1005,   10,   10,   20,   20,    0,    0,    0,    0,    0,    0,    0,    0, -999
20141014, 0600,  , TS, 13.0N, 142.7W,  40, 1003,   20,   20,   20,   20,    0,    0,    0,    0,    0,    0,    0,    0, -999
20141014, 1200,  , TS, 13.5N, 143.3W,  45, 1000,   30,   30,   20,   30,    0,    0,    0,    0,    0,    0,    0,    0, -999
20141014, 1800,  , TS, 13.8N, 143.9W,  55,  996,   50,   40,   40,   50,   20,   10,   10,   20,    0,    0,    0,    0, -999
20141015, 0000,  , TS, 14.0N, 144.6W,  55,  996,   50,   40,   20,   40,   20,   20,    0,   20,    0,    0,    0,    0, -999
20141015, 0600,  , TS, 14.1N, 145.3W,  60,  994,   60,   45,   35,   55,   25,   20,   20,   25,    0,    0,    0,    0, -999
20141015, 1200,  , TS, 14.2N, 146.1W,  60,  994,   55,   50,   40,   55,   25,   25,   20,   25,    0,    0,    0,    0, -999
20141015, 1800,  , TS, 14.3N, 147.0W,  60,  994,   55,   50,   40,   55,   25,   25,   20,   25,    0,    0,    0,    0, -999
20141016, 0000,  , TS, 14.1N, 148.0W,  55,  998,   55,   50,   40,   55,   25,   25,   20,   25,    0,    0,    0,    0, -999
20141016, 0600,  , TS, 14.0N, 148.9W,  50, 1000,   50,   50,   40,   50,   20,   20,   10,   20,    0,    0,    0,    0, -999
20141016, 1200,  , TS, 14.0N, 149.7W,  50, 1000,   50,   50,   40,   50,   20,   20,   10,   20,    0,    0,    0,    0, -999
20141016, 1800,  , TS, 14.1N, 150.5W,  50, 1000,   50,   50,   40,   50,   20,   20,   10,   20,    0,    0,    0,    0, -999
20141017, 0000,  , TS, 14.4N, 151.4W,  50, 1000,   50,   50,   40,   50,   20,   20,   10,   20,    0,    0,    0,    0, -999
20141017, 0600,  , TS, 14.9N, 152.5W,  55,  998,   60,   60,   30,   40,   20,   20,   10,   10,    0,    0,    0,    0, -999
20141017, 1200,  , TS, 15.4N, 153.7W,  60,  992,   70,   60,   30,   50,   25,   20,   10,   25,    0,    0,    0,    0, -999
20141017, 1800,  , HU, 16.0N, 154.8W,  65,  990,   80,   60,   30,   80,   30,   20,   10,   30,   20,   10,    0,   20, -999
20141018, 0000,  , HU, 16.6N, 156.2W,  70,  989,   80,   60,   30,   90,   45,   30,   20,   45,   20,    0,    0,   20, -999
20141018, 0600,  , HU, 17.5N, 157.0W,  75,  985,   80,   60,   40,  100,   40,   20,   10,   40,   20,   10,    0,   20, -999
20141018, 1200,  , HU, 18.2N, 157.7W,  70,  986,   90,   90,   40,   80,   30,   30,   10,   20,   20,   20,    0,   10, -999
20141018, 1800,  , HU, 19.0N, 158.5W,  70,  988,   90,   60,   40,   90,   40,   20,   10,   40,   20,   15,    0,   20, -999
20141019, 0000,  , HU, 19.6N, 158.9W,  70,  989,   90,   60,   40,   60,   45,   20,   10,   30,   15,   10,    0,   20, -999
20141019, 0600,  , HU, 20.1N, 159.2W,  70,  989,   90,   60,   40,   70,   45,   20,   10,   30,   20,   10,    0,   20, -999
20141019, 1200,  , HU, 20.6N, 159.6W,  70,  989,   90,   60,   40,   70,   40,   20,   20,   30,   20,   10,    0,   20, -999
20141019, 1800,  , HU, 20.7N, 160.2W,  65,  992,   90,   60,   40,   70,   40,   20,   20,   30,   10,    0,    0,   10, -999
20141020, 0000,  , TS, 20.7N, 160.9W,  60,  994,   90,   60,   40,   70,   40,   20,   20,   30,    0,    0,    0,    0, -999
20141020, 0600,  , TS, 20.7N, 161.8W,  60,  995,   90,   60,   40,   70,   40,   20,   20,   30,    0,    0,    0,    0, -999
20141020, 1200,  , TS, 20.7N, 162.7W,  60,  995,   90,   60,   30,   80,   40,   20,   20,   30,    0,    0,    0,    0, -999
20141020, 1800,  , TS, 20.6N, 163.4W,  55,  996,   90,   60,   30,   80,   40,   20,   20,   30,    0,    0,    0,    0, -999
20141021, 0000,  , TS, 20.5N, 164.0W,  50,  997,  100,   60,   30,   90,   30,   10,   10,   20,    0,    0,    0,    0, -999
20141021, 0600,  , TS, 20.8N, 164.4W,  45,  999,   80,   50,   25,   70,    0,    0,    0,    0,    0,    0,    0,    0, -999
20141021, 1200,  , TS, 20.8N, 165.4W,  40, 1002,   80,   50,   25,   70,    0,    0,    0,    0,    0,    0,    0,    0, -999
20141021, 1800,  , TS, 20.9N, 165.7W,  35, 1005,   90,   70,   20,   60,    0,    0,    0,    0,    0,    0,    0,    0, -999
20141022, 0000,  , TS, 21.6N, 166.1W,  35, 1005,  110,   90,    0,  100,    0,    0,    0,    0,    0,    0,    0,    0, -999
20141022, 0600,  , TS, 22.0N, 166.8W,  35, 1005,  110,   90,    0,  100,    0,    0,    0,    0,    0,    0,    0,    0, -999
20141022, 1200,  , TS, 22.6N, 167.1W,  35, 1005,  110,   90,    0,  110,    0,    0,    0,    0,    0,    0,    0,    0, -999
20141022, 1800,  , TS, 23.4N, 167.3W,  35, 1005,  130,   90,    0,  110,    0,    0,    0,    0,    0,    0,    0,    0, -999
20141023, 0000,  , TS, 24.4N, 167.7W,  35, 1005,  130,   90,    0,  110,    0,    0,    0,    0,    0,    0,    0,    0, -999
20141023, 0600,  , TS, 25.5N, 168.2W,  40, 1002,  130,   90,    0,  110,    0,    0,    0,    0,    0,    0,    0,    0, -999
20141023, 1200,  , TS, 26.3N, 169.1W,  45,  998,  120,   90,   10,  100,    0,    0,    0,    0,    0,    0,    0,    0, -999
20141023, 1800,  , TS, 26.7N, 169.5W,  45,  999,  120,  100,   20,  100,    0,    0,    0,    0,    0,    0,    0,    0, -999
20141024, 0000,  , TS, 27.1N, 169.9W,  45, 1000,   80,   50,   30,   50,    0,    0,    0,    0,    0,    0,    0,    0, -999
20141024, 0600,  , TS, 27.6N, 170.2W,  45, 1000,   80,   60,   30,   50,    0,    0,    0,    0,    0,    0,    0,    0, -999
20141024, 1200,  , TS, 28.2N, 169.9W,  50,  999,   85,   75,   30,   55,   20,   20,    0,    0,    0,    0,    0,    0, -999
20141024, 1800,  , TS, 28.9N, 169.6W,  55,  996,   90,   80,   30,   50,   20,   20,    0,    0,    0,    0,    0,    0, -999
20141025, 0000,  , HU, 30.2N, 168.5W,  65,  988,   90,   90,   60,   40,   40,   40,   30,   20,   20,   20,   20,    0, -999
20141025, 0600,  , HU, 31.7N, 166.8W,  65,  987,  100,  100,   70,   45,   45,   45,   35,   20,   20,   20,   20,    0, -999
20141025, 1200,  , HU, 33.4N, 164.6W,  65,  987,  100,  120,   90,   45,   45,   50,   40,   20,   20,   25,   20,    0, -999
20141025, 1800,  , HU, 35.0N, 162.5W,  65,  987,  100,  120,   90,   45,   45,   50,   40,   20,   20,   25,   20,    0, -999
20141026, 0000,  , TS, 37.0N, 159.1W,  60,  986,  110,  130,  100,   45,   45,   50,   40,    0,    0,    0,    0,    0, -999
20141026, 0600,  , TS, 39.1N, 154.9W,  55,  989,  180,  210,  150,   30,   30,  110,   60,    0,    0,    0,    0,    0, -999
20141026, 1200,  , EX, 41.2N, 150.2W,  50,  992,  180,  270,  150,   30,   30,  150,    0,    0,    0,    0,    0,    0, -999
EP202014,              TRUDY,      9,
20141017, 0600,  , LO, 13.9N,  98.6W,  25, 1007,    0,    0,    0,    0,    0,    0,    0,    0,    0,    0,    0,    0, -999
20141017, 1200,  , TD, 14.6N,  98.8W,  30, 1005,    0,    0,    0,    0,    0,    0,    0,    0,    0,    0,    0,    0, -999
20141017, 1800,  , TS, 15.3N,  99.0W,  35, 1003,   40,   60,    0,   40,    0,    0,    0,    0,    0,    0,    0,    0, -999
20141018, 0000,  , TS, 15.8N,  99.0W,  40, 1001,   40,   60,    0,   40,    0,    0,    0,    0,    0,    0,    0,    0, -999
20141018, 0600,  , TS, 16.2N,  98.9W,  50,  999,   40,   50,   20,   40,   20,   20,    0,    0,    0,    0,    0,    0, -999
20141018, 0915, L, TS, 16.5N,  98.8W,  55,  998,   40,   50,   20,   40,   20,   20,    0,    0,    0,    0,    0,    0, -999
20141018, 1200,  , TS, 16.7N,  98.7W,  45, 1001,    0,   40,   40,    0,    0,    0,    0,    0,    0,    0,    0,    0, -999
20141018, 1800,  , TD, 17.1N,  98.4W,  30, 1005,    0,    0,    0,    0,    0,    0,    0,    0,    0,    0,    0,    0, -999
20141019, 0000,  , TD, 17.3N,  98.2W,  25, 1007,    0,    0,    0,    0,    0,    0,    0,    0,    0,    0,    0,    0, -999
EP212014,              VANCE,     27,
20141029, 1800,  , LO, 10.7N,  99.1W,  30, 1007,    0,    0,    0,    0,    0,    0,    0,    0,    0,    0,    0,    0, -999
20141030, 0000,  , LO, 10.8N,  99.6W,  30, 1007,    0,    0,    0,    0,    0,    0,    0,    0,    0,    0,    0,    0, -999
20141030, 0600,  , TD, 11.0N, 100.0W,  30, 1006,    0,    0,    0,    0,    0,    0,    0,    0,    0,    0,    0,    0, -999
20141030, 1200,  , TD, 11.2N, 100.3W,  30, 1006,    0,    0,    0,    0,    0,    0,    0,    0,    0,    0,    0,    0, -999
20141030, 1800,  , TS, 11.1N, 100.6W,  35, 1005,    0,    0,    0,   40,    0,    0,    0,    0,    0,    0,    0,    0, -999
20141031, 0000,  , TS, 10.8N, 100.5W,  40, 1004,   40,    0,    0,   40,    0,    0,    0,    0,    0,    0,    0,    0, -999
20141031, 0600,  , TS, 10.4N, 100.4W,  45, 1002,   50,    0,    0,   50,    0,    0,    0,    0,    0,    0,    0,    0, -999
20141031, 1200,  , TS,  9.9N, 100.7W,  45, 1002,   50,    0,    0,   50,    0,    0,    0,    0,    0,    0,    0,    0, -999
20141031, 1800,  , TS,  9.6N, 101.2W,  40, 1004,   50,    0,    0,   50,    0,    0,    0,    0,    0,    0,    0,    0, -999
20141101, 0000,  , TS,  9.4N, 101.7W,  40, 1004,   40,    0,    0,   40,    0,    0,    0,    0,    0,    0,    0,    0, -999
20141101, 0600,  , TS,  9.4N, 102.3W,  35, 1005,   40,    0,    0,   40,    0,    0,    0,    0,    0,    0,    0,    0, -999
20141101, 1200,  , TS,  9.6N, 103.0W,  35, 1005,   40,    0,    0,   40,    0,    0,    0,    0,    0,    0,    0,    0, -999
20141101, 1800,  , TS,  9.8N, 103.8W,  40, 1004,   40,   20,    0,   40,    0,    0,    0,    0,    0,    0,    0,    0, -999
20141102, 0000,  , TS, 10.2N, 104.8W,  45, 1001,   60,   30,   30,   40,    0,    0,    0,    0,    0,    0,    0,    0, -999
20141102, 0600,  , TS, 10.7N, 106.0W,  55,  998,   90,   30,   30,   60,   20,    0,    0,   10,    0,    0,    0,    0, -999
20141102, 1200,  , HU, 11.4N, 107.1W,  65,  994,   90,   40,   40,   60,   20,   20,    0,   20,   10,   10,    0,    0, -999
20141102, 1800,  , HU, 12.2N, 108.2W,  75,  986,   90,   60,   40,   60,   30,   20,   20,   30,   10,   10,    0,   10, -999
20141103, 0000,  , HU, 13.1N, 109.2W,  90,  973,  100,   80,   50,   80,   40,   30,   20,   30,   15,   10,   10,   10, -999
20141103, 0600,  , HU, 14.0N, 110.0W,  90,  971,  110,  110,   50,  110,   40,   30,   20,   30,   15,   15,   10,   15, -999
20141103, 1200,  , HU, 14.9N, 110.6W,  90,  969,  110,  110,   50,  110,   40,   30,   20,   30,   15,   15,   10,   15, -999
20141103, 1800,  , HU, 15.9N, 110.9W,  95,  964,  110,  110,   60,   80,   40,   40,   20,   30,   15,   15,   10,   15, -999
20141104, 0000,  , HU, 16.9N, 110.8W,  95,  964,  110,  110,   60,   80,   40,   40,   30,   30,   15,   15,   10,   15, -999
20141104, 0600,  , HU, 17.9N, 110.3W,  90,  968,  110,  110,   60,   80,   40,   40,   30,   30,   20,   20,   10,   20, -999
20141104, 1200,  , HU, 18.9N, 109.5W,  85,  972,  110,  110,   60,   70,   30,   30,   30,   30,   20,   20,   10,   20, -999
20141104, 1800,  , TS, 19.9N, 108.7W,  60,  990,   90,   90,   40,   50,   20,   20,    0,    0,    0,    0,    0,    0, -999
20141105, 0000,  , TS, 20.7N, 108.0W,  40, 1002,   70,   80,   30,   40,    0,    0,    0,    0,    0,    0,    0,    0, -999
20141105, 0600,  , TD, 21.5N, 107.3W,  30, 1004,    0,    0,    0,    0,    0,    0,    0,    0,    0,    0,    0,    0, -999
