EP012015,             ANDRES,     40,
20150528, 0600,  , TD, 10.8N, 109.9W,  30, 1005,    0,    0,    0,    0,    0,    0,    0,    0,    0,    0,    0,    0, -999
20150528, 1200,  , TS, 11.1N, 111.0W,  40, 1002,   50,   40,    0,   40,    0,    0,    0,    0,    0,    0,    0,    0, -999
20150528, 1800,  , TS, 11.4N, 112.1W,  50,  998,   80,   70,   30,   40,   30,    0,    0,    0,    0,    0,    0,    0, -999
20150529, 0000,  , TS, 11.6N, 112.9W,  60,  997,   80,   80,   30,   40,   30,    0,    0,    0,    0,    0,    0,    0, -999
20150529, 0600,  , TS, 11.9N, 113.6W,  60,  994,   80,  100,   30,   40,   40,   30,    0,   20,    0,    0,    0,    0, -999
20150529, 1200,  , TS, 12.2N, 114.1W,  60,  994,   80,  100,   30,   40,   40,   30,    0,   20,    0,    0,    0,    0, -999
20150529, 1800,  , HU, 12.6N, 114.6W,  65,  990,   80,  100,   50,   60,   40,   30,   20,   20,   20,   20,    0,    0, -999
20150530, 0000,  , HU, 13.2N, 115.0W,  75,  986,   80,  100,   50,   60,   40,   30,   20,   20,   20,   20,   10,    0, -999
20150530, 0600,  , HU, 13.6N, 115.3W,  80,  978,   90,  100,   50,   60,   50,   40,   20,   30,   20,   20,   10,   10, -999
20150530, 1200,  , HU, 14.1N, 115.7W,  85,  973,  110,  120,   60,   70,   50,   50,   30,   40,   25,   20,   15,   20, -999
20150530, 1800,  , HU, 14.6N, 116.1W,  95,  964,  140,  130,   70,   80,   60,   60,   30,   40,   30,   25,   15,   20, -999
20150531, 0000,  , HU, 15.0N, 116.6W, 100,  959,  140,  130,   70,   80,   60,   60,   30,   40,   30,   25,   15,   20, -999
20150531, 0600,  , HU, 15.2N, 117.1W, 100,  959,  140,  110,   80,  100,   60,   40,   40,   50,   30,   25,   15,   25, -999
20150531, 1200,  , HU, 15.3N, 117.8W, 100,  959,  140,   90,   80,  100,   60,   40,   40,   50,   30,   25,   15,   25, -999
20150531, 1800,  , HU, 15.3N, 118.5W, 110,  951,  140,   90,   80,  100,   60,   40,   40,   50,   30,   30,   20,   30, -999
20150601, 0000,  , HU, 15.3N, 119.0W, 120,  943,  140,   90,   80,  100,   60,   40,   40,   50,   30,   30,   20,   30, -999
20150601, 0600,  , HU, 15.4N, 119.5W, 125,  937,  140,  100,   90,  100,   60,   50,   50,   50,   35,   30,   20,   30, -999
20150601, 1200,  , HU, 15.5N, 120.0W, 125,  937,  140,  120,   90,  100,   60,   50,   50,   50,   40,   30,   20,   30, -999
20150601, 1800,  , HU, 15.8N, 120.6W, 115,  952,  130,  130,   90,  110,   50,   50,   40,   50,   35,   30,   10,   20, -999
20150602, 0000,  , HU, 16.3N, 121.2W, 100,  960,  130,  130,   90,  110,   50,   40,   40,   50,   30,   30,   10,   20, -999
20150602, 0600,  , HU, 16.9N, 121.9W,  90,  969,  130,  130,   90,  110,   50,   40,   40,   50,   30,   30,   10,   20, -999
20150602, 1200,  , HU, 17.4N, 122.7W,  80,  976,  120,  100,   80,  110,   50,   40,   40,   50,   20,   20,   10,   20, -999
20150602, 1800,  , HU, 18.0N, 123.5W,  75,  980,  120,  100,   80,  110,   50,   40,   40,   50,   20,   10,   10,   20, -999
20150603, 0000,  , HU, 18.5N, 124.2W,  70,  984,  100,   90,   80,  110,   40,   30,   30,   40,   20,   10,   10,   20, -999
20150603, 0600,  , TS, 18.9N, 124.7W,  60,  990,  100,   80,   80,  100,   40,   30,   30,   40,    0,    0,    0,    0, -999
20150603, 1200,  , TS, 19.3N, 125.1W,  55,  992,  100,   80,   80,   90,   30,    0,    0,   30,    0,    0,    0,    0, -999
20150603, 1800,  , TS, 19.8N, 125.3W,  50,  996,   90,   80,   70,   80,   30,    0,    0,   30,    0,    0,    0,    0, -999
20150604, 0000,  , TS, 20.0N, 125.3W,  45,  998,   90,   80,   70,   80,    0,    0,    0,    0,    0,    0,    0,    0, -999
20150604, 0600,  , TS, 20.2N, 125.1W,  45, 1000,   70,   60,   60,   70,    0,    0,    0,    0,    0,    0,    0,    0, -999
20150604, 1200,  , LO, 20.2N, 124.8W,  35, 1003,   60,   50,   30,   60,    0,    0,    0,    0,    0,    0,    0,    0, -999
20150604, 1800,  , LO, 20.1N, 124.4W,  35, 1005,    0,    0,    0,   60,    0,    0,    0,    0,    0,    0,    0,    0, -999
20150605, 0000,  , LO, 19.9N, 123.9W,  30, 1006,    0,    0,    0,    0,    0,    0,    0,    0,    0,    0,    0,    0, -999
20150605, 0600,  , LO, 19.8N, 123.4W,  30, 1006,    0,    0,    0,    0,    0,    0,    0,    0,    0,    0,    0,    0, -999
20150605, 1200,  , LO, 19.6N, 122.9W,  30, 1006,    0,    0,    0,    0,    0,    0,    0,    0,    0,    0,    0,    0, -999
20150605, 1800,  , LO, 19.4N, 122.4W,  25, 1006,    0,    0,    0,    0,    0,    0,    0,    0,    0,    0,    0,    0, -999
20150606, 0000,  , LO, 19.0N, 121.9W,  25, 1007,    0,    0,    0,    0,    0,    0,    0,    0,    0,    0,    0,    0, -999
20150606, 0600,  , LO, 18.8N, 121.4W,  25, 1007,    0,    0,    0,    0,    0,    0,    0,    0,    0,    0,    0,    0, -999
20150606, 1200,  , LO, 18.6N, 120.8W,  25, 1007,    0,    0,    0,    0,    0,    0,    0,    0,    0,    0,    0,    0, -999
20150606, 1800,  , LO, 18.4N, 120.4W,  25, 1007,    0,    0,    0,    0,    0,    0,    0,    0,    0,    0,    0,    0, -999
20150607, 0000,  , LO, 18.3N, 119.9W,  25, 1007,    0,    0,    0,    0,    0,    0,    0,    0,    0,    0,    0,    0, -999
EP022015,             BLANCA,     39,
20150531, 1200,  , TD, 12.0N, 102.2W,  25, 1008,    0,    0,    0,    0,    0,    0,    0,    0,    0,    0,    0,    0, -999
20150531, 1800,  , TD, 12.2N, 102.7W,  25, 1008,    0,    0,    0,    0,    0,    0,    0,    0,    0,    0,    0,    0, -999
20150601, 0000,  , TD, 12.9N, 103.2W,  30, 1006,    0,    0,    0,    0,    0,    0,    0,    0,    0,    0,    0,    0, -999
20150601, 0600,  , TD, 13.3N, 103.5W,  30, 1006,    0,    0,    0,    0,    0,    0,    0,    0,    0,    0,    0,    0, -999
20150601, 1200,  , TS, 13.3N, 103.5W,  35, 1004,   30,   30,    0,    0,    0,    0,    0,    0,    0,    0,    0,    0, -999
20150601, 1800,  , TS, 13.3N, 103.8W,  40, 1003,   40,   40,    0,    0,    0,    0,    0,    0,    0,    0,    0,    0, -999
20150602, 0000,  , TS, 13.3N, 104.2W,  45, 1001,   40,   40,    0,    0,    0,    0,    0,    0,    0,    0,    0,    0, -999
20150602, 0600,  , TS, 13.2N, 104.4W,  45, 1001,   40,   40,    0,   30,    0,    0,    0,    0,    0,    0,    0,    0, -999
20150602, 1200,  , TS, 13.0N, 104.5W,  55,  999,   50,   50,   20,   30,   20,   20,    0,    0,    0,    0,    0,    0, -999
20150602, 1800,  , HU, 12.9N, 104.5W,  65,  989,   60,   60,   50,   60,   30,   30,   20,   30,   20,   20,    0,    0, -999
20150603, 0000,  , HU, 12.8N, 104.6W,  75,  980,   70,   70,   60,   70,   30,   40,   30,   40,   20,   20,   10,   10, -999
20150603, 0600,  , HU, 12.6N, 104.6W,  90,  968,   70,   80,   60,   70,   30,   40,   30,   30,   20,   20,   10,   10, -999
20150603, 1200,  , HU, 12.4N, 104.6W, 115,  948,   80,   80,   60,   80,   30,   40,   30,   30,   20,   20,   10,   10, -999
20150603, 1800,  , HU, 12.3N, 104.6W, 125,  936,  110,   80,   60,  100,   30,   40,   30,   30,   20,   20,   15,   15, -999
20150604, 0000,  , HU, 12.1N, 104.7W, 120,  941,  110,   80,   70,  100,   30,   40,   30,   30,   20,   20,   15,   15, -999
20150604, 0600,  , HU, 12.0N, 104.8W, 110,  950,  120,   90,   90,  100,   50,   40,   30,   40,   20,   20,   15,   20, -999
20150604, 1200,  , HU, 12.2N, 104.9W,  95,  960,  120,   90,   90,  100,   50,   50,   30,   40,   20,   20,   15,   20, -999
20150604, 1800,  , HU, 12.5N, 105.0W,  85,  975,  130,  110,   90,  100,   60,   60,   40,   40,   30,   30,   15,   20, -999
20150605, 0000,  , HU, 13.3N, 105.4W,  85,  975,  130,  110,   90,  100,   70,   70,   50,   50,   40,   30,   20,   30, -999
20150605, 0600,  , HU, 13.9N, 105.9W,  85,  972,  140,  120,   90,  100,   70,   70,   60,   60,   40,   40,   30,   40, -999
20150605, 1200,  , HU, 14.5N, 106.5W,  80,  972,  140,  120,  100,  100,   70,   70,   70,   70,   40,   40,   30,   40, -999
20150605, 1800,  , HU, 15.0N, 107.3W,  80,  975,  150,  130,  100,  100,   70,   70,   80,   70,   40,   40,   30,   40, -999
20150606, 0000,  , HU, 15.7N, 107.9W,  90,  966,  160,  140,  110,  110,   70,   80,   80,   70,   40,   40,   30,   40, -999
20150606, 0600,  , HU, 16.4N, 108.5W, 100,  956,  170,  150,  120,  120,   80,   90,   90,   80,   50,   40,   30,   40, -999
20150606, 1200,  , HU, 17.1N, 109.1W, 115,  943,  150,  150,  130,  130,   80,   90,   90,   80,   50,   40,   30,   40, -999
20150606, 1800,  , HU, 17.8N, 109.7W, 105,  952,  150,  150,  130,  130,   80,   90,   90,   80,   50,   40,   30,   40, -999
20150607, 0000,  , HU, 18.7N, 110.2W, 105,  952,  150,  150,  120,  130,   80,   80,   80,   80,   50,   40,   40,   40, -999
20150607, 0600,  , HU, 19.4N, 110.5W,  95,  960,  150,  150,  120,  130,   80,   80,   80,   80,   50,   40,   40,   40, -999
20150607, 1200,  , HU, 20.1N, 110.7W,  85,  964,  150,  150,  120,  130,   80,   80,   80,   80,   50,   40,   40,   40, -999
20150607, 1800,  , TS, 20.8N, 110.9W,  60,  978,  150,  150,  120,  120,   70,   70,   70,   70,    0,    0,    0,    0, -999
20150608, 0000,  , TS, 21.8N, 111.0W,  55,  984,  130,  130,  110,  110,   60,   60,   60,   60,    0,    0,    0,    0, -999
20150608, 0600,  , TS, 23.3N, 111.3W,  45,  990,  130,  130,  110,  110,    0,    0,    0,    0,    0,    0,    0,    0, -999
20150608, 1030, L, TS, 24.3N, 111.7W,  45,  990,  130,  130,  110,  110,    0,    0,    0,    0,    0,    0,    0,    0, -999
20150608, 1115, L, TS, 24.5N, 111.8W,  40,  994,  130,  130,  110,  110,    0,    0,    0,    0,    0,    0,    0,    0, -999
20150608, 1200,  , TS, 24.7N, 111.9W,  40,  994,  100,  100,  100,   80,    0,    0,    0,    0,    0,    0,    0,    0, -999
20150608, 1800,  , TS, 26.1N, 112.7W,  35,  998,   80,   80,    0,   80,    0,    0,    0,    0,    0,    0,    0,    0, -999
20150608, 2030, L, TD, 26.6N, 113.0W,  30, 1000,    0,    0,    0,    0,    0,    0,    0,    0,    0,    0,    0,    0, -999
20150609, 0000,  , TD, 27.3N, 113.5W,  30, 1001,    0,    0,    0,    0,    0,    0,    0,    0,    0,    0,    0,    0, -999
20150609, 0600,  , LO, 28.5N, 114.0W,  25, 1005,    0,    0,    0,    0,    0,    0,    0,    0,    0,    0,    0,    0, -999
EP032015,             CARLOS,     32,
20150610, 1200,  , LO, 11.5N,  97.8W,  25, 1006,    0,    0,    0,    0,    0,    0,    0,    0,    0,    0,    0,    0, -999
20150610, 1800,  , TD, 12.0N,  98.5W,  30, 1004,    0,    0,    0,    0,    0,    0,    0,    0,    0,    0,    0,    0, -999
20150611, 0000,  , TD, 12.5N,  99.3W,  30, 1003,    0,    0,    0,    0,    0,    0,    0,    0,    0,    0,    0,    0, -999
20150611, 0600,  , TD, 13.1N,  99.8W,  30, 1003,    0,    0,    0,    0,    0,    0,    0,    0,    0,    0,    0,    0, -999
20150611, 1200,  , TS, 13.7N, 100.1W,  35, 1001,   40,   50,   40,    0,    0,    0,    0,    0,    0,    0,    0,    0, -999
20150611, 1800,  , TS, 14.1N, 100.3W,  45, 1000,   40,   70,   60,   40,    0,    0,    0,    0,    0,    0,    0,    0, -999
20150612, 0000,  , TS, 14.4N, 100.5W,  50,  997,   50,   70,   60,   40,   20,   30,   30,    0,    0,    0,    0,    0, -999
20150612, 0600,  , TS, 14.5N, 100.6W,  50,  997,   50,   70,   60,   40,   20,   30,   30,    0,    0,    0,    0,    0, -999
20150612, 1200,  , TS, 14.6N, 100.6W,  50,  997,   50,   70,   60,   40,   20,   30,   30,    0,    0,    0,    0,    0, -999
20150612, 1800,  , TS, 14.6N, 100.3W,  50,  997,   50,   70,   60,   40,   20,   30,   30,    0,    0,    0,    0,    0, -999
20150613, 0000,  , TS, 14.7N, 100.0W,  50,  997,   50,   70,   60,   40,   20,   30,   30,    0,    0,    0,    0,    0, -999
20150613, 0600,  , TS, 14.9N,  99.9W,  60,  992,   50,   70,   60,   50,   30,   30,   30,    0,    0,    0,    0,    0, -999
20150613, 1200,  , HU, 15.0N,  99.9W,  65,  986,   60,   80,   60,   50,   30,   40,   30,   20,   20,   20,   20,    0, -999
20150613, 1800,  , HU, 15.1N,  99.9W,  75,  978,   70,   80,   60,   60,   40,   40,   30,   30,   20,   20,   20,   20, -999
20150614, 0000,  , HU, 15.3N, 100.0W,  75,  978,   70,   80,   60,   60,   40,   40,   30,   30,   20,   20,   20,   20, -999
20150614, 0600,  , HU, 15.6N, 100.1W,  70,  981,   70,   70,   60,   60,   40,   40,   30,   30,   20,   20,   20,   20, -999
20150614, 1200,  , HU, 16.0N, 100.3W,  65,  984,   60,   60,   50,   60,   30,   30,   30,   30,   20,   20,   20,   20, -999
20150614, 1800,  , HU, 16.4N, 100.7W,  65,  988,   50,   50,   40,   50,   30,   30,   20,   30,   20,   20,    0,   20, -999
20150615, 0000,  , TS, 16.6N, 101.2W,  60,  993,   40,   40,   30,   40,   20,   20,   20,   20,    0,    0,    0,    0, -999
20150615, 0600,  , TS, 16.7N, 101.7W,  60,  993,   40,   40,   30,   30,   20,   20,   20,   20,    0,    0,    0,    0, -999
20150615, 1200,  , TS, 16.8N, 102.2W,  60,  993,   40,   30,   30,   30,   20,   20,   10,   20,    0,    0,    0,    0, -999
20150615, 1800,  , HU, 16.9N, 102.8W,  65,  992,   30,   30,   20,   30,   20,   20,   10,   20,   10,   10,    0,   10, -999
20150616, 0000,  , HU, 17.0N, 103.2W,  65,  990,   30,   30,   20,   30,   20,   20,   10,   20,   10,   10,    0,   10, -999
20150616, 0600,  , HU, 17.2N, 103.6W,  70,  989,   30,   30,   30,   30,   20,   20,   10,   20,   10,   10,    0,   10, -999
20150616, 1200,  , HU, 17.4N, 104.0W,  75,  987,   40,   40,   30,   30,   20,   20,   20,   20,   10,   10,   10,   10, -999
20150616, 1800,  , HU, 17.7N, 104.3W,  80,  984,   40,   40,   30,   30,   20,   20,   20,   20,   10,   10,   10,   10, -999
20150617, 0000,  , HU, 18.2N, 104.5W,  70,  989,   40,   40,   30,   30,   20,   20,   20,   20,   10,   10,    0,    0, -999
20150617, 0600,  , TS, 18.8N, 104.7W,  55,  995,   30,   30,   30,   30,   10,   10,   10,   10,    0,    0,    0,    0, -999
20150617, 0900, L, TS, 19.3N, 104.9W,  45,  998,   30,   30,   30,   30,    0,    0,    0,    0,    0,    0,    0,    0, -999
20150617, 1200,  , TS, 19.7N, 105.1W,  35, 1003,   20,   30,   30,   30,    0,    0,    0,    0,    0,    0,    0,    0, -999
20150617, 1800,  , LO, 20.4N, 105.7W,  25, 1006,    0,    0,    0,    0,    0,    0,    0,    0,    0,    0,    0,    0, -999
20150618, 0000,  , LO, 21.4N, 106.2W,  20, 1007,    0,    0,    0,    0,    0,    0,    0,    0,    0,    0,    0,    0, -999
EP042015,                ELA,     21,
20150707, 1200,  , LO, 13.4N, 136.9W,  30, 1005,    0,    0,    0,    0,    0,    0,    0,    0,    0,    0,    0,    0, -999
20150707, 1800,  , LO, 14.4N, 138.3W,  30, 1005,    0,    0,    0,    0,    0,    0,    0,    0,    0,    0,    0,    0, -999
20150708, 0000,  , TD, 15.3N, 139.5W,  30, 1005,    0,    0,    0,    0,    0,    0,    0,    0,    0,    0,    0,    0, -999
20150708, 0600,  , TD, 16.0N, 140.6W,  30, 1005,    0,    0,    0,    0,    0,    0,    0,    0,    0,    0,    0,    0, -999
20150708, 1200,  , TS, 16.6N, 142.0W,  35, 1004,   70,    0,    0,   30,    0,    0,    0,    0,    0,    0,    0,    0, -999
20150708, 1800,  , TS, 17.2N, 143.4W,  40, 1002,   70,    0,    0,   30,    0,    0,    0,    0,    0,    0,    0,    0, -999
20150709, 0000,  , TS, 18.1N, 144.1W,  40, 1002,   80,    0,    0,   30,    0,    0,    0,    0,    0,    0,    0,    0, -999
20150709, 0600,  , TS, 19.0N, 144.7W,  40, 1002,   90,    0,    0,   30,    0,    0,    0,    0,    0,    0,    0,    0, -999
20150709, 1200,  , TS, 19.7N, 145.5W,  35, 1003,   90,    0,    0,   30,    0,    0,    0,    0,    0,    0,    0,    0, -999
20150709, 1800,  , TS, 20.3N, 146.2W,  35, 1004,   90,    0,    0,   30,    0,    0,    0,    0,    0,    0,    0,    0, -999
20150710, 0000,  , TD, 20.9N, 147.0W,  30, 1005,    0,    0,    0,    0,    0,    0,    0,    0,    0,    0,    0,    0, -999
20150710, 0600,  , TD, 21.4N, 147.9W,  30, 1006,    0,    0,    0,    0,    0,    0,    0,    0,    0,    0,    0,    0, -999
20150710, 1200,  , LO, 21.7N, 148.5W,  30, 1007,    0,    0,    0,    0,    0,    0,    0,    0,    0,    0,    0,    0, -999
20150710, 1800,  , LO, 21.9N, 149.1W,  30, 1008,    0,    0,    0,    0,    0,    0,    0,    0,    0,    0,    0,    0, -999
20150711, 0000,  , LO, 22.2N, 149.9W,  30, 1009,    0,    0,    0,    0,    0,    0,    0,    0,    0,    0,    0,    0, -999
20150711, 0600,  , LO, 22.4N, 150.6W,  25, 1010,    0,    0,    0,    0,    0,    0,    0,    0,    0,    0,    0,    0, -999
20150711, 1200,  , LO, 22.6N, 151.3W,  25, 1010,    0,    0,    0,    0,    0,    0,    0,    0,    0,    0,    0,    0, -999
20150711, 1800,  , LO, 22.8N, 152.3W,  25, 1011,    0,    0,    0,    0,    0,    0,    0,    0,    0,    0,    0,    0, -999
20150712, 0000,  , LO, 22.9N, 153.4W,  20, 1012,    0,    0,    0,    0,    0,    0,    0,    0,    0,    0,    0,    0, -999
20150712, 0600,  , LO, 22.9N, 154.6W,  20, 1013,    0,    0,    0,    0,    0,    0,    0,    0,    0,    0,    0,    0, -999
20150712, 1200,  , LO, 22.7N, 155.8W,  20, 1013,    0,    0,    0,    0,    0,    0,    0,    0,    0,    0,    0,    0, -999
CP012015,             HALOLA,     80,
20150706, 1800,  , LO,  7.8N, 165.6W,  20, 1008,    0,    0,    0,    0,    0,    0,    0,    0,    0,    0,    0,    0, -999
20150707, 0000,  , LO,  7.6N, 166.3W,  20, 1008,    0,    0,    0,    0,    0,    0,    0,    0,    0,    0,    0,    0, -999
20150707, 0600,  , LO,  7.5N, 166.8W,  25, 1007,    0,    0,    0,    0,    0,    0,    0,    0,    0,    0,    0,    0, -999
20150707, 1200,  , LO,  7.6N, 167.1W,  25, 1007,    0,    0,    0,    0,    0,    0,    0,    0,    0,    0,    0,    0, -999
20150707, 1800,  , LO,  7.8N, 167.2W,  25, 1007,    0,    0,    0,    0,    0,    0,    0,    0,    0,    0,    0,    0, -999
20150708, 0000,  , LO,  8.1N, 167.2W,  25, 1007,    0,    0,    0,    0,    0,    0,    0,    0,    0,    0,    0,    0, -999
20150708, 0600,  , LO,  8.7N, 167.0W,  25, 1007,    0,    0,    0,    0,    0,    0,    0,    0,    0,    0,    0,    0, -999
20150708, 1200,  , LO,  9.4N, 166.8W,  25, 1007,    0,    0,    0,    0,    0,    0,    0,    0,    0,    0,    0,    0, -999
20150708, 1800,  , LO,  9.9N, 166.6W,  25, 1007,    0,    0,    0,    0,    0,    0,    0,    0,    0,    0,    0,    0, -999
20150709, 0000,  , LO, 10.3N, 166.6W,  25, 1007,    0,    0,    0,    0,    0,    0,    0,    0,    0,    0,    0,    0, -999
20150709, 0600,  , LO, 10.9N, 167.0W,  25, 1007,    0,    0,    0,    0,    0,    0,    0,    0,    0,    0,    0,    0, -999
20150709, 1200,  , LO, 11.1N, 167.8W,  25, 1007,    0,    0,    0,    0,    0,    0,    0,    0,    0,    0,    0,    0, -999
20150709, 1800,  , LO, 11.3N, 168.6W,  30, 1006,    0,    0,    0,    0,    0,    0,    0,    0,    0,    0,    0,    0, -999
20150710, 0000,  , LO, 11.4N, 169.2W,  30, 1006,    0,    0,    0,    0,    0,    0,    0,    0,    0,    0,    0,    0, -999
20150710, 0600,  , TD, 11.5N, 169.9W,  30, 1006,    0,    0,    0,    0,    0,    0,    0,    0,    0,    0,    0,    0, -999
20150710, 1200,  , TD, 11.5N, 170.7W,  30, 1006,    0,    0,    0,    0,    0,    0,    0,    0,    0,    0,    0,    0, -999
20150710, 1800,  , TD, 11.5N, 171.6W,  30, 1006,    0,    0,    0,    0,    0,    0,    0,    0,    0,    0,    0,    0, -999
20150711, 0000,  , TS, 11.4N, 172.7W,  35, 1004,   30,   10,   10,   30,    0,    0,    0,    0,    0,    0,    0,    0, -999
20150711, 0600,  , TS, 11.2N, 173.9W,  35, 1004,   30,   10,   10,   30,    0,    0,    0,    0,    0,    0,    0,    0, -999
20150711, 1200,  , TS, 10.9N, 174.9W,  40, 1003,   35,   20,   20,   35,    0,    0,    0,    0,    0,    0,    0,    0, -999
20150711, 1800,  , TS, 10.7N, 175.9W,  45, 1001,   40,   20,   20,   40,    0,    0,    0,    0,    0,    0,    0,    0, -999
20150712, 0000,  , TS, 10.9N, 176.9W,  45, 1001,   40,   20,   20,   40,    0,    0,    0,    0,    0,    0,    0,    0, -999
20150712, 0600,  , TS, 11.4N, 177.7W,  50,  999,   45,   25,   25,   40,   20,    0,    0,   20,    0,    0,    0,    0, -999
20150712, 1200,  , TS, 11.9N, 178.6W,  50,  999,   45,   25,   25,   40,   20,    0,    0,   20,    0,    0,    0,    0, -999
20150712, 1800,  , TS, 12.5N, 179.6W,  50,  998,   45,   25,   25,   40,   20,    0,    0,   20,    0,    0,    0,    0, -999
20150713, 0000,  , TS, 13.2N, 179.4E,  50,  985,   50,   30,   30,   45,   30,    0,    0,   30,    0,    0,    0,    0, -999
20150713, 0600,  , TS, 13.7N, 178.5E,  55,  982,   50,   30,   30,   45,   30,    0,    0,   30,    0,    0,    0,    0, -999
20150713, 1200,  , TS, 14.3N, 177.2E,  60,  978,   45,   45,   35,   40,   20,   20,   20,   20,    0,    0,    0,    0, -999
20150713, 1800,  , HU, 14.7N, 176.2E,  65,  974,   90,   60,   60,   90,   40,   40,   40,   40,   20,   20,   15,   20, -999
20150714, 0000,  , HU, 15.3N, 175.2E,  80,  963,   90,   60,   60,   90,   45,   40,   40,   45,   15,   15,   15,   15, -999
20150714, 0600,  , HU, 15.8N, 174.3E,  85,  959,   90,   60,   50,   90,   45,   25,   40,   45,   15,    5,   10,   15, -999
20150714, 1200,  , HU, 16.4N, 173.1E,  80,  963,  100,   60,   50,  100,   50,   25,   40,   50,   20,    5,   10,   20, -999
20150714, 1800,  , HU, 16.7N, 172.0E,  80,  963,  100,   60,   50,  100,   50,   30,   40,   50,   20,   10,   10,   20, -999
20150715, 0000,  , HU, 17.0N, 171.1E,  75,  967,  100,   60,   50,  100,   50,   30,   40,   50,   20,   10,   10,   20, -999
20150715, 0600,  , HU, 17.4N, 170.0E,  70,  970,  105,   70,   65,  100,   60,   35,   35,   55,   30,   15,   15,   30, -999
20150715, 1200,  , TS, 17.7N, 168.6E,  60,  978,  105,   70,   65,  100,   60,   35,   35,   55,    0,    0,    0,    0, -999
20150715, 1800,  , TS, 18.2N, 167.9E,  55,  982,  105,   70,   65,  100,   60,   35,   35,   55,    0,    0,    0,    0, -999
20150716, 0000,  , TS, 18.8N, 166.4E,  55,  982,   75,   50,   45,   85,   40,   35,   35,   40,    0,    0,    0,    0, -999
20150716, 0600,  , TS, 18.5N, 164.9E,  45,  989,   65,   50,   45,   55,    0,    0,    0,    0,    0,    0,    0,    0, -999
20150716, 1200,  , TS, 18.1N, 163.6E,  40,  993,   65,   50,   45,   50,    0,    0,    0,    0,    0,    0,    0,    0, -999
20150716, 1800,  , TS, 18.3N, 162.1E,  35,  996,   65,   50,   45,   50,    0,    0,    0,    0,    0,    0,    0,    0, -999
20150717, 0000,  , TS, 18.5N, 160.8E,  35,  996,   65,   50,   45,   50,    0,    0,    0,    0,    0,    0,    0,    0, -999
20150717, 0600,  , TS, 18.4N, 159.4E,  35,  996, -999, -999, -999, -999, -999, -999, -999, -999, -999, -999, -999, -999, -999
20150717, 1200,  , TS, 18.1N, 158.2E,  35,  996, -999, -999, -999, -999, -999, -999, -999, -999, -999, -999, -999, -999, -999
20150717, 1800,  , TD, 18.1N, 157.3E,  30, 1000,    0,    0,    0,    0,    0,    0,    0,    0,    0,    0,    0,    0, -999
20150718, 0000,  , DB, 18.0N, 156.3E,  20, 1007,    0,    0,    0,    0,    0,    0,    0,    0,    0,    0,    0,    0, -999
20150718, 0600,  , WV, 17.8N, 155.4E,  20, 1007,    0,    0,    0,    0,    0,    0,    0,    0,    0,    0,    0,    0, -999
20150718, 1200,  , WV, 18.0N, 154.2E,  20, 1007,    0,    0,    0,    0,    0,    0,    0,    0,    0,    0,    0,    0, -999
20150718, 1800,  , WV, 18.2N, 152.8E,  25, 1004,    0,    0,    0,    0,    0,    0,    0,    0,    0,    0,    0,    0, -999
20150719, 0000,  , WV, 18.5N, 152.1E,  25, 1004,    0,    0,    0,    0,    0,    0,    0,    0,    0,    0,    0,    0, -999
20150719, 0600,  , TD, 19.0N, 151.5E,  30, 1000,    0,    0,    0,    0,    0,    0,    0,    0,    0,    0,    0,    0, -999
20150719, 1200,  , TD, 19.9N, 150.4E,  30, 1000,    0,    0,    0,    0,    0,    0,    0,    0,    0,    0,    0,    0, -999
20150719, 1800,  , TS, 20.2N, 149.4E,  35,  996, -999, -999, -999, -999, -999, -999, -999, -999, -999, -999, -999, -999, -999
20150720, 0000,  , TS, 21.0N, 148.5E,  40,  993, -999, -999, -999, -999, -999, -999, -999, -999, -999, -999, -999, -999, -999
20150720, 0600,  , TS, 21.5N, 147.6E,  45,  989,   50,   45,   25,   40,    0,    0,    0,    0,    0,    0,    0,    0, -999
20150720, 1200,  , TS, 21.7N, 146.3E,  50,  985,   70,   55,   25,   80,    0,    0,    0,    0,    0,    0,    0,    0, -999
20150720, 1800,  , TS, 21.9N, 145.4E,  60,  978,   70,   55,   25,   80,   25,   20,   10,   25,    0,    0,    0,    0, -999
20150721, 0000,  , HU, 22.4N, 144.0E,  65,  974,   70,   55,   25,   80,   25,   20,   20,   25,    0,    0,    0,    0, -999
20150721, 0600,  , HU, 22.6N, 142.9E,  75,  967,   70,   55,   45,   80,   25,   20,   20,   25,    0,    0,    0,    0, -999
20150721, 1200,  , HU, 22.8N, 141.7E,  80,  963,   80,   70,   60,   90,   35,   30,   30,   35,   20,   20,   20,   20, -999
20150721, 1800,  , HU, 23.0N, 140.5E,  80,  963,   95,   85,   70,   95,   40,   35,   35,   40,   20,   20,   20,   20, -999
20150722, 0000,  , HU, 23.2N, 139.6E,  80,  963,  105,   95,   75,  105,   55,   35,   35,   50,   30,   20,   20,   25, -999
20150722, 0600,  , TS, 23.6N, 138.5E,  80,  963,  105,   95,   75,  105,   55,   35,   35,   50,   30,   20,   20,   25, -999
20150722, 1200,  , HU, 23.8N, 137.7E,  85,  959,  105,   95,   75,  105,   55,   35,   35,   50,   30,   20,   20,   25, -999
20150722, 1800,  , HU, 24.1N, 136.7E,  85,  959,   95,   85,   85,   95,   50,   40,   40,   50,   25,   20,   20,   25, -999
20150723, 0000,  , HU, 24.4N, 135.9E,  85,  959,   95,   85,   85,   95,   50,   40,   40,   50,   25,   20,   20,   25, -999
20150723, 0600,  , HU, 24.5N, 135.0E,  80,  963,  120,   95,   85,  110,   70,   45,   35,   55,   35,   20,   20,   25, -999
20150723, 1200,  , HU, 24.6N, 134.3E,  80,  963,  120,  105,   85,  110,   70,   55,   35,   55,   35,   25,   20,   25, -999
20150723, 1800,  , HU, 24.7N, 133.4E,  80,  963,  100,  100,   95,  100,   60,   50,   50,   60,   25,   25,   25,   25, -999
20150724, 0000,  , HU, 24.8N, 132.7E,  75,  967,  100,  100,   95,  100,   60,   50,   50,   60,   25,   25,   25,   25, -999
20150724, 0600,  , HU, 24.9N, 131.8E,  75,  967,  100,  100,   95,  100,   60,   60,   50,   60,   25,   25,   25,   25, -999
20150724, 1200,  , HU, 25.0N, 131.1E,  70,  970,  100,  105,  100,  115,   70,   60,   25,   45,   25,   20,    5,   15, -999
20150724, 1800,  , HU, 25.6N, 130.6E,  65,  974,  100,  105,  100,  115,   70,   60,   45,   45,    0,    0,    0,    0, -999
20150725, 0000,  , HU, 26.2N, 130.0E,  65,  974,  100,  105,  100,  115,   70,   60,   45,   45,    0,    0,    0,    0, -999
20150725, 0600,  , TS, 27.3N, 129.5E,  60,  978,  105,   90,   90,   95,   45,   40,   40,   55,    0,    0,    0,    0, -999
20150725, 1200,  , TS, 28.5N, 129.2E,  55,  982,   95,   70,   70,   85,   30,   25,   25,   30,    0,    0,    0,    0, -999
20150725, 1800,  , TS, 29.8N, 129.1E,  50,  985,   90,   80,   80,   70,    0,    0,    0,    0,    0,    0,    0,    0, -999
20150726, 0000,  , TS, 31.0N, 129.2E,  45,  989,   80,   70,   90,   80,    0,    0,    0,    0,    0,    0,    0,    0, -999
20150726, 0600,  , TS, 32.2N, 129.4E,  40,  993,   80,   70,   90,   80,    0,    0,    0,    0,    0,    0,    0,    0, -999
20150726, 1200,  , DB, 33.3N, 130.0E,  20, 1007,    0,    0,    0,    0,    0,    0,    0,    0,    0,    0,    0,    0, -999
CP022015,               IUNE,     35,
20150708, 1800,  , LO, 11.5N, 150.5W,  25, 1007,    0,    0,    0,    0,    0,    0,    0,    0,    0,    0,    0,    0, -999
20150709, 0000,  , LO, 11.5N, 151.3W,  25, 1007,    0,    0,    0,    0,    0,    0,    0,    0,    0,    0,    0,    0, -999
20150709, 0600,  , LO, 11.5N, 152.0W,  25, 1007,    0,    0,    0,    0,    0,    0,    0,    0,    0,    0,    0,    0, -999
20150709, 1200,  , LO, 11.4N, 152.7W,  25, 1007,    0,    0,    0,    0,    0,    0,    0,    0,    0,    0,    0,    0, -999
20150709, 1800,  , LO, 11.2N, 153.5W,  25, 1007,    0,    0,    0,    0,    0,    0,    0,    0,    0,    0,    0,    0, -999
20150710, 0000,  , LO, 11.0N, 154.1W,  25, 1007,    0,    0,    0,    0,    0,    0,    0,    0,    0,    0,    0,    0, -999
20150710, 0600,  , TD, 10.9N, 154.4W,  30, 1006,    0,    0,    0,    0,    0,    0,    0,    0,    0,    0,    0,    0, -999
20150710, 1200,  , TD, 11.3N, 154.9W,  30, 1005,    0,    0,    0,    0,    0,    0,    0,    0,    0,    0,    0,    0, -999
20150710, 1800,  , TD, 11.9N, 154.8W,  30, 1005,    0,    0,    0,    0,    0,    0,    0,    0,    0,    0,    0,    0, -999
20150711, 0000,  , TD, 12.5N, 155.2W,  30, 1005,    0,    0,    0,    0,    0,    0,    0,    0,    0,    0,    0,    0, -999
20150711, 0600,  , TD, 13.1N, 155.9W,  30, 1005,    0,    0,    0,    0,    0,    0,    0,    0,    0,    0,    0,    0, -999
20150711, 1200,  , TD, 13.7N, 156.8W,  30, 1005,    0,    0,    0,    0,    0,    0,    0,    0,    0,    0,    0,    0, -999
20150711, 1800,  , TS, 14.4N, 157.6W,  35, 1004,   20,    0,    0,   50,    0,    0,    0,    0,    0,    0,    0,    0, -999
20150712, 0000,  , TS, 14.9N, 158.5W,  35, 1004,   20,    0,    0,   50,    0,    0,    0,    0,    0,    0,    0,    0, -999
20150712, 0600,  , TS, 15.2N, 159.3W,  35, 1004,   20,    0,    0,   50,    0,    0,    0,    0,    0,    0,    0,    0, -999
20150712, 1200,  , TS, 15.1N, 160.0W,  35, 1005,   20,    0,    0,   50,    0,    0,    0,    0,    0,    0,    0,    0, -999
20150712, 1800,  , TD, 14.8N, 160.6W,  30, 1006,    0,    0,    0,    0,    0,    0,    0,    0,    0,    0,    0,    0, -999
20150713, 0000,  , TD, 14.5N, 161.4W,  25, 1007,    0,    0,    0,    0,    0,    0,    0,    0,    0,    0,    0,    0, -999
20150713, 0600,  , TD, 14.4N, 162.3W,  25, 1008,    0,    0,    0,    0,    0,    0,    0,    0,    0,    0,    0,    0, -999
20150713, 1200,  , LO, 14.4N, 163.4W,  25, 1008,    0,    0,    0,    0,    0,    0,    0,    0,    0,    0,    0,    0, -999
20150713, 1800,  , LO, 14.3N, 164.4W,  25, 1008,    0,    0,    0,    0,    0,    0,    0,    0,    0,    0,    0,    0, -999
20150714, 0000,  , LO, 14.3N, 165.3W,  25, 1008,    0,    0,    0,    0,    0,    0,    0,    0,    0,    0,    0,    0, -999
20150714, 0600,  , LO, 14.2N, 166.3W,  20, 1008,    0,    0,    0,    0,    0,    0,    0,    0,    0,    0,    0,    0, -999
20150714, 1200,  , LO, 14.1N, 167.5W,  20, 1008,    0,    0,    0,    0,    0,    0,    0,    0,    0,    0,    0,    0, -999
20150714, 1800,  , LO, 14.0N, 168.7W,  20, 1008,    0,    0,    0,    0,    0,    0,    0,    0,    0,    0,    0,    0, -999
20150715, 0000,  , LO, 13.9N, 169.9W,  20, 1008,    0,    0,    0,    0,    0,    0,    0,    0,    0,    0,    0,    0, -999
20150715, 0600,  , LO, 14.1N, 170.9W,  20, 1008,    0,    0,    0,    0,    0,    0,    0,    0,    0,    0,    0,    0, -999
20150715, 1200,  , LO, 14.3N, 171.7W,  20, 1008,    0,    0,    0,    0,    0,    0,    0,    0,    0,    0,    0,    0, -999
20150715, 1800,  , LO, 14.4N, 172.4W,  20, 1009,    0,    0,    0,    0,    0,    0,    0,    0,    0,    0,    0,    0, -999
20150716, 0000,  , LO, 14.4N, 173.1W,  20, 1009,    0,    0,    0,    0,    0,    0,    0,    0,    0,    0,    0,    0, -999
20150716, 0600,  , LO, 14.4N, 173.9W,  20, 1009,    0,    0,    0,    0,    0,    0,    0,    0,    0,    0,    0,    0, -999
20150716, 1200,  , LO, 14.4N, 174.9W,  20, 1009,    0,    0,    0,    0,    0,    0,    0,    0,    0,    0,    0,    0, -999
20150716, 1800,  , LO, 14.5N, 175.9W,  20, 1009,    0,    0,    0,    0,    0,    0,    0,    0,    0,    0,    0,    0, -999
20150717, 0000,  , LO, 14.8N, 176.6W,  20, 1009,    0,    0,    0,    0,    0,    0,    0,    0,    0,    0,    0,    0, -999
20150717, 0600,  , LO, 15.2N, 177.2W,  20, 1009,    0,    0,    0,    0,    0,    0,    0,    0,    0,    0,    0,    0, -999
EP052015,            DOLORES,     45,
20150711, 0000,  , LO, 11.4N,  96.6W,  25, 1006,    0,    0,    0,    0,    0,    0,    0,    0,    0,    0,    0,    0, -999
20150711, 0600,  , LO, 11.6N,  97.5W,  30, 1006,    0,    0,    0,    0,    0,    0,    0,    0,    0,    0,    0,    0, -999
20150711, 1200,  , TD, 11.9N,  98.4W,  30, 1005,    0,    0,    0,    0,    0,    0,    0,    0,    0,    0,    0,    0, -999
20150711, 1800,  , TS, 12.2N,  99.4W,  35, 1004,  120,   60,    0,  120,    0,    0,    0,    0,    0,    0,    0,    0, -999
20150712, 0000,  , TS, 13.1N, 100.1W,  40, 1003,  120,  120,    0,  120,    0,    0,    0,    0,    0,    0,    0,    0, -999
20150712, 0600,  , TS, 14.0N, 100.7W,  45, 1001,  120,  120,    0,  120,    0,    0,    0,    0,    0,    0,    0,    0, -999
20150712, 1200,  , TS, 14.9N, 101.5W,  45, 1000,  120,  120,    0,  120,    0,    0,    0,    0,    0,    0,    0,    0, -999
20150712, 1800,  , TS, 15.4N, 102.5W,  50,  999,  120,   80,    0,  100,   50,    0,    0,    0,    0,    0,    0,    0, -999
20150713, 0000,  , TS, 16.0N, 103.5W,  55,  997,  120,   40,   30,  100,   50,    0,    0,   30,    0,    0,    0,    0, -999
20150713, 0600,  , TS, 16.4N, 104.4W,  60,  993,  120,   80,   30,  100,   50,    0,    0,   30,    0,    0,    0,    0, -999
20150713, 1200,  , HU, 16.8N, 105.3W,  65,  989,  120,  120,   40,  100,   50,    0,    0,   30,   20,    0,    0,    0, -999
20150713, 1800,  , HU, 17.1N, 106.1W,  70,  987,  120,  120,   40,  100,   50,   30,    0,   40,   20,    0,    0,   20, -999
20150714, 0000,  , HU, 17.1N, 106.7W,  70,  985,  120,  120,   40,  100,   50,   30,    0,   40,   20,    0,    0,   20, -999
20150714, 0600,  , HU, 17.2N, 107.2W,  75,  982,  120,  120,   40,  100,   60,   40,    0,   40,   20,    0,    0,   20, -999
20150714, 1200,  , HU, 17.5N, 107.8W,  75,  980,  120,  120,   50,  100,   60,   40,   30,   40,   20,    0,    0,   20, -999
20150714, 1800,  , HU, 17.8N, 108.3W,  80,  976,  120,  120,   70,  100,   60,   40,   30,   40,   20,   20,   15,   20, -999
20150715, 0000,  , HU, 18.0N, 108.9W,  95,  964,  120,  150,   70,  100,   60,   60,   30,   40,   25,   20,   15,   20, -999
20150715, 0600,  , HU, 18.1N, 109.4W, 115,  946,  120,  150,   70,  100,   50,   60,   30,   60,   25,   20,   15,   30, -999
20150715, 1200,  , HU, 18.2N, 109.9W, 110,  950,  120,  150,   80,  100,   50,   60,   30,   60,   25,   20,   15,   30, -999
20150715, 1800,  , HU, 18.5N, 110.3W, 105,  956,  120,  150,  100,  100,   50,   60,   30,   60,   25,   20,   15,   30, -999
20150716, 0000,  , HU, 18.9N, 110.7W,  95,  964,  120,  150,  100,  110,   50,   50,   40,   60,   25,   25,   15,   30, -999
20150716, 0600,  , HU, 19.3N, 111.1W,  90,  969,  120,  150,  100,  110,   50,   50,   40,   60,   25,   25,   15,   30, -999
20150716, 1200,  , HU, 19.7N, 111.6W,  90,  966,  120,  120,  100,  120,   50,   50,   40,   60,   25,   25,   15,   30, -999
20150716, 1800,  , HU, 20.1N, 112.3W,  85,  971,  120,  120,  100,  120,   50,   50,   40,   60,   25,   25,   15,   30, -999
20150717, 0000,  , HU, 20.6N, 112.9W,  80,  976,  100,  100,   90,  100,   50,   50,   40,   60,   20,   20,   15,   20, -999
20150717, 0600,  , HU, 21.0N, 113.8W,  65,  986,  100,  100,   90,  100,   40,   40,   30,   40,   20,   20,    0,   20, -999
20150717, 1200,  , TS, 21.2N, 114.6W,  55,  992,   80,   80,   70,   90,   30,   20,   30,   30,    0,    0,    0,    0, -999
20150717, 1800,  , TS, 21.3N, 115.5W,  45,  996,   80,   80,   70,   90,    0,    0,    0,    0,    0,    0,    0,    0, -999
20150718, 0000,  , TS, 21.6N, 116.3W,  45,  999,   80,   80,   70,   90,    0,    0,    0,    0,    0,    0,    0,    0, -999
20150718, 0600,  , TS, 22.1N, 117.0W,  40, 1001,   70,   70,   60,   70,    0,    0,    0,    0,    0,    0,    0,    0, -999
20150718, 1200,  , TS, 22.8N, 117.6W,  35, 1003,   70,   70,   60,   70,    0,    0,    0,    0,    0,    0,    0,    0, -999
20150718, 1800,  , LO, 23.8N, 118.2W,  35, 1005,   60,   40,    0,    0,    0,    0,    0,    0,    0,    0,    0,    0, -999
20150719, 0000,  , LO, 24.9N, 118.8W,  30, 1006,    0,    0,    0,    0,    0,    0,    0,    0,    0,    0,    0,    0, -999
20150719, 0600,  , LO, 26.1N, 119.2W,  30, 1007,    0,    0,    0,    0,    0,    0,    0,    0,    0,    0,    0,    0, -999
20150719, 1200,  , LO, 27.3N, 119.6W,  30, 1008,    0,    0,    0,    0,    0,    0,    0,    0,    0,    0,    0,    0, -999
20150719, 1800,  , LO, 28.6N, 120.0W,  30, 1009,    0,    0,    0,    0,    0,    0,    0,    0,    0,    0,    0,    0, -999
20150720, 0000,  , LO, 29.8N, 120.6W,  30, 1009,    0,    0,    0,    0,    0,    0,    0,    0,    0,    0,    0,    0, -999
20150720, 0600,  , LO, 30.8N, 121.2W,  25, 1010,    0,    0,    0,    0,    0,    0,    0,    0,    0,    0,    0,    0, -999
20150720, 1200,  , LO, 31.5N, 121.7W,  25, 1010,    0,    0,    0,    0,    0,    0,    0,    0,    0,    0,    0,    0, -999
20150720, 1800,  , LO, 31.7N, 122.3W,  20, 1011,    0,    0,    0,    0,    0,    0,    0,    0,    0,    0,    0,    0, -999
20150721, 0000,  , LO, 31.6N, 122.7W,  20, 1011,    0,    0,    0,    0,    0,    0,    0,    0,    0,    0,    0,    0, -999
20150721, 0600,  , LO, 31.4N, 122.6W,  20, 1012,    0,    0,    0,    0,    0,    0,    0,    0,    0,    0,    0,    0, -999
20150721, 1200,  , LO, 31.1N, 122.5W,  20, 1012,    0,    0,    0,    0,    0,    0,    0,    0,    0,    0,    0,    0, -999
20150721, 1800,  , LO, 30.8N, 122.4W,  20, 1013,    0,    0,    0,    0,    0,    0,    0,    0,    0,    0,    0,    0, -999
20150722, 0000,  , LO, 30.4N, 122.3W,  20, 1014,    0,    0,    0,    0,    0,    0,    0,    0,    0,    0,    0,    0, -999
EP062015,            ENRIQUE,     38,
20150712, 1200,  , TD, 13.1N, 125.0W,  30, 1005,    0,    0,    0,    0,    0,    0,    0,    0,    0,    0,    0,    0, -999
20150712, 1800,  , TD, 13.5N, 125.5W,  30, 1005,    0,    0,    0,    0,    0,    0,    0,    0,    0,    0,    0,    0, -999
20150713, 0000,  , TD, 14.0N, 125.8W,  30, 1005,    0,    0,    0,    0,    0,    0,    0,    0,    0,    0,    0,    0, -999
20150713, 0600,  , TS, 14.7N, 126.1W,  35, 1004,   50,   50,    0,    0,    0,    0,    0,    0,    0,    0,    0,    0, -999
20150713, 1200,  , TS, 15.6N, 126.5W,  35, 1004,   60,   60,    0,    0,    0,    0,    0,    0,    0,    0,    0,    0, -999
20150713, 1800,  , TS, 16.3N, 127.2W,  35, 1004,   60,   60,    0,    0,    0,    0,    0,    0,    0,    0,    0,    0, -999
20150714, 0000,  , TS, 16.7N, 128.0W,  35, 1003,   60,   60,    0,    0,    0,    0,    0,    0,    0,    0,    0,    0, -999
20150714, 0600,  , TS, 17.1N, 128.7W,  40, 1002,   70,   80,    0,    0,    0,    0,    0,    0,    0,    0,    0,    0, -999
20150714, 1200,  , TS, 17.5N, 129.4W,  40, 1001,   70,   80,    0,    0,    0,    0,    0,    0,    0,    0,    0,    0, -999
20150714, 1800,  , TS, 17.9N, 130.1W,  45, 1000,   70,    0,    0,   70,    0,    0,    0,    0,    0,    0,    0,    0, -999
20150715, 0000,  , TS, 18.2N, 130.9W,  45, 1000,   70,    0,    0,   70,    0,    0,    0,    0,    0,    0,    0,    0, -999
20150715, 0600,  , TS, 18.5N, 131.8W,  45, 1001,   70,    0,    0,   70,    0,    0,    0,    0,    0,    0,    0,    0, -999
20150715, 1200,  , TS, 18.8N, 132.6W,  40, 1003,   70,    0,    0,   70,    0,    0,    0,    0,    0,    0,    0,    0, -999
20150715, 1800,  , TS, 19.0N, 133.3W,  35, 1004,   70,    0,    0,   70,    0,    0,    0,    0,    0,    0,    0,    0, -999
20150716, 0000,  , TS, 19.1N, 134.0W,  35, 1004,   70,    0,    0,   70,    0,    0,    0,    0,    0,    0,    0,    0, -999
20150716, 0600,  , TS, 19.3N, 134.7W,  35, 1004,   70,    0,    0,   70,    0,    0,    0,    0,    0,    0,    0,    0, -999
20150716, 1200,  , TS, 19.7N, 135.3W,  35, 1004,   50,    0,    0,   50,    0,    0,    0,    0,    0,    0,    0,    0, -999
20150716, 1800,  , TS, 20.1N, 135.7W,  35, 1005,   50,    0,    0,   50,    0,    0,    0,    0,    0,    0,    0,    0, -999
20150717, 0000,  , TS, 20.4N, 136.1W,  35, 1006,   50,    0,    0,   50,    0,    0,    0,    0,    0,    0,    0,    0, -999
20150717, 0600,  , TS, 20.5N, 136.5W,  35, 1006,   50,    0,    0,   50,    0,    0,    0,    0,    0,    0,    0,    0, -999
20150717, 1200,  , TD, 20.5N, 136.8W,  30, 1006,    0,    0,    0,    0,    0,    0,    0,    0,    0,    0,    0,    0, -999
20150717, 1800,  , TD, 20.5N, 137.0W,  30, 1007,    0,    0,    0,    0,    0,    0,    0,    0,    0,    0,    0,    0, -999
20150718, 0000,  , TD, 20.4N, 137.2W,  30, 1007,    0,    0,    0,    0,    0,    0,    0,    0,    0,    0,    0,    0, -999
20150718, 0600,  , TD, 20.2N, 137.3W,  30, 1007,    0,    0,    0,    0,    0,    0,    0,    0,    0,    0,    0,    0, -999
20150718, 1200,  , LO, 20.0N, 137.4W,  30, 1007,    0,    0,    0,    0,    0,    0,    0,    0,    0,    0,    0,    0, -999
20150718, 1800,  , LO, 19.8N, 137.3W,  25, 1008,    0,    0,    0,    0,    0,    0,    0,    0,    0,    0,    0,    0, -999
20150719, 0000,  , LO, 19.6N, 137.0W,  25, 1008,    0,    0,    0,    0,    0,    0,    0,    0,    0,    0,    0,    0, -999
20150719, 0600,  , LO, 19.5N, 136.7W,  25, 1008,    0,    0,    0,    0,    0,    0,    0,    0,    0,    0,    0,    0, -999
20150719, 1200,  , LO, 19.5N, 136.6W,  25, 1008,    0,    0,    0,    0,    0,    0,    0,    0,    0,    0,    0,    0, -999
20150719, 1800,  , LO, 19.6N, 136.4W,  20, 1008,    0,    0,    0,    0,    0,    0,    0,    0,    0,    0,    0,    0, -999
20150720, 0000,  , LO, 19.8N, 136.2W,  20, 1008,    0,    0,    0,    0,    0,    0,    0,    0,    0,    0,    0,    0, -999
20150720, 0600,  , LO, 20.0N, 136.1W,  20, 1008,    0,    0,    0,    0,    0,    0,    0,    0,    0,    0,    0,    0, -999
20150720, 1200,  , LO, 20.4N, 136.2W,  20, 1008,    0,    0,    0,    0,    0,    0,    0,    0,    0,    0,    0,    0, -999
20150720, 1800,  , LO, 20.9N, 136.4W,  20, 1008,    0,    0,    0,    0,    0,    0,    0,    0,    0,    0,    0,    0, -999
20150721, 0000,  , LO, 21.3N, 136.6W,  20, 1008,    0,    0,    0,    0,    0,    0,    0,    0,    0,    0,    0,    0, -999
20150721, 0600,  , LO, 21.7N, 137.0W,  20, 1010,    0,    0,    0,    0,    0,    0,    0,    0,    0,    0,    0,    0, -999
20150721, 1200,  , LO, 22.1N, 137.6W,  20, 1010,    0,    0,    0,    0,    0,    0,    0,    0,    0,    0,    0,    0, -999
20150721, 1800,  , LO, 22.4N, 138.5W,  20, 1010,    0,    0,    0,    0,    0,    0,    0,    0,    0,    0,    0,    0, -999
EP072015,            FELICIA,     22,
20150722, 1200,  , LO, 15.9N, 113.4W,  30, 1006,    0,    0,    0,    0,    0,    0,    0,    0,    0,    0,    0,    0, -999
20150722, 1800,  , LO, 16.3N, 113.4W,  30, 1006,    0,    0,    0,    0,    0,    0,    0,    0,    0,    0,    0,    0, -999
20150723, 0000,  , LO, 16.9N, 113.5W,  30, 1006,    0,    0,    0,    0,    0,    0,    0,    0,    0,    0,    0,    0, -999
20150723, 0600,  , TD, 17.8N, 113.8W,  30, 1005,    0,    0,    0,    0,    0,    0,    0,    0,    0,    0,    0,    0, -999
20150723, 1200,  , TS, 18.6N, 114.5W,  35, 1004,   40,   40,   50,   30,    0,    0,    0,    0,    0,    0,    0,    0, -999
20150723, 1800,  , TS, 19.3N, 115.3W,  35, 1004,   40,   40,   50,   30,    0,    0,    0,    0,    0,    0,    0,    0, -999
20150724, 0000,  , TD, 20.1N, 116.1W,  30, 1005,    0,    0,    0,    0,    0,    0,    0,    0,    0,    0,    0,    0, -999
20150724, 0600,  , TD, 20.8N, 116.8W,  30, 1006,    0,    0,    0,    0,    0,    0,    0,    0,    0,    0,    0,    0, -999
20150724, 1200,  , TD, 21.6N, 117.6W,  30, 1006,    0,    0,    0,    0,    0,    0,    0,    0,    0,    0,    0,    0, -999
20150724, 1800,  , LO, 22.3N, 118.5W,  25, 1007,    0,    0,    0,    0,    0,    0,    0,    0,    0,    0,    0,    0, -999
20150725, 0000,  , LO, 22.9N, 119.5W,  25, 1008,    0,    0,    0,    0,    0,    0,    0,    0,    0,    0,    0,    0, -999
20150725, 0600,  , LO, 23.4N, 120.5W,  20, 1009,    0,    0,    0,    0,    0,    0,    0,    0,    0,    0,    0,    0, -999
20150725, 1200,  , LO, 23.8N, 121.4W,  20, 1009,    0,    0,    0,    0,    0,    0,    0,    0,    0,    0,    0,    0, -999
20150725, 1800,  , LO, 24.2N, 122.3W,  20, 1010,    0,    0,    0,    0,    0,    0,    0,    0,    0,    0,    0,    0, -999
20150726, 0000,  , LO, 24.5N, 123.1W,  20, 1010,    0,    0,    0,    0,    0,    0,    0,    0,    0,    0,    0,    0, -999
20150726, 0600,  , LO, 24.6N, 123.8W,  20, 1011,    0,    0,    0,    0,    0,    0,    0,    0,    0,    0,    0,    0, -999
20150726, 1200,  , LO, 24.6N, 124.3W,  20, 1011,    0,    0,    0,    0,    0,    0,    0,    0,    0,    0,    0,    0, -999
20150726, 1800,  , LO, 24.6N, 124.8W,  20, 1012,    0,    0,    0,    0,    0,    0,    0,    0,    0,    0,    0,    0, -999
20150727, 0000,  , LO, 24.5N, 125.3W,  20, 1012,    0,    0,    0,    0,    0,    0,    0,    0,    0,    0,    0,    0, -999
20150727, 0600,  , LO, 24.4N, 125.8W,  20, 1012,    0,    0,    0,    0,    0,    0,    0,    0,    0,    0,    0,    0, -999
20150727, 1200,  , LO, 24.2N, 126.2W,  20, 1012,    0,    0,    0,    0,    0,    0,    0,    0,    0,    0,    0,    0, -999
20150727, 1800,  , LO, 23.9N, 126.7W,  20, 1012,    0,    0,    0,    0,    0,    0,    0,    0,    0,    0,    0,    0, -999
EP082015,              EIGHT,     16,
20150727, 1200,  , LO, 15.1N, 123.9W,  30, 1007,    0,    0,    0,    0,    0,    0,    0,    0,    0,    0,    0,    0, -999
20150727, 1800,  , TD, 15.4N, 125.2W,  30, 1006,    0,    0,    0,    0,    0,    0,    0,    0,    0,    0,    0,    0, -999
20150728, 0000,  , TD, 15.7N, 126.3W,  30, 1006,    0,    0,    0,    0,    0,    0,    0,    0,    0,    0,    0,    0, -999
20150728, 0600,  , TD, 16.0N, 127.4W,  30, 1006,    0,    0,    0,    0,    0,    0,    0,    0,    0,    0,    0,    0, -999
20150728, 1200,  , TD, 16.3N, 128.5W,  30, 1006,    0,    0,    0,    0,    0,    0,    0,    0,    0,    0,    0,    0, -999
20150728, 1800,  , TD, 16.5N, 129.6W,  30, 1006,    0,    0,    0,    0,    0,    0,    0,    0,    0,    0,    0,    0, -999
20150729, 0000,  , TD, 16.7N, 130.7W,  30, 1006,    0,    0,    0,    0,    0,    0,    0,    0,    0,    0,    0,    0, -999
20150729, 0600,  , TD, 16.8N, 131.9W,  30, 1006,    0,    0,    0,    0,    0,    0,    0,    0,    0,    0,    0,    0, -999
20150729, 1200,  , TD, 16.8N, 133.3W,  30, 1006,    0,    0,    0,    0,    0,    0,    0,    0,    0,    0,    0,    0, -999
20150729, 1800,  , TD, 16.7N, 134.8W,  30, 1006,    0,    0,    0,    0,    0,    0,    0,    0,    0,    0,    0,    0, -999
20150730, 0000,  , LO, 16.6N, 136.4W,  30, 1006,    0,    0,    0,    0,    0,    0,    0,    0,    0,    0,    0,    0, -999
20150730, 0600,  , LO, 16.6N, 137.7W,  25, 1007,    0,    0,    0,    0,    0,    0,    0,    0,    0,    0,    0,    0, -999
20150730, 1200,  , LO, 16.6N, 139.0W,  25, 1007,    0,    0,    0,    0,    0,    0,    0,    0,    0,    0,    0,    0, -999
20150730, 1800,  , LO, 16.6N, 140.4W,  25, 1007,    0,    0,    0,    0,    0,    0,    0,    0,    0,    0,    0,    0, -999
20150731, 0000,  , LO, 16.6N, 141.9W,  25, 1007,    0,    0,    0,    0,    0,    0,    0,    0,    0,    0,    0,    0, -999
20150731, 0600,  , LO, 16.5N, 143.5W,  25, 1007,    0,    0,    0,    0,    0,    0,    0,    0,    0,    0,    0,    0, -999
EP092015,          GUILLERMO,     50,
20150727, 1200,  , LO,  6.5N, 112.5W,  20, 1008,    0,    0,    0,    0,    0,    0,    0,    0,    0,    0,    0,    0, -999
20150727, 1800,  , LO,  6.7N, 113.7W,  20, 1008,    0,    0,    0,    0,    0,    0,    0,    0,    0,    0,    0,    0, -999
20150728, 0000,  , LO,  6.8N, 114.9W,  20, 1008,    0,    0,    0,    0,    0,    0,    0,    0,    0,    0,    0,    0, -999
20150728, 0600,  , LO,  7.0N, 116.1W,  20, 1008,    0,    0,    0,    0,    0,    0,    0,    0,    0,    0,    0,    0, -999
20150728, 1200,  , LO,  7.1N, 117.3W,  20, 1008,    0,    0,    0,    0,    0,    0,    0,    0,    0,    0,    0,    0, -999
20150728, 1800,  , LO,  7.2N, 118.5W,  25, 1007,    0,    0,    0,    0,    0,    0,    0,    0,    0,    0,    0,    0, -999
20150729, 0000,  , LO,  7.3N, 119.7W,  25, 1007,    0,    0,    0,    0,    0,    0,    0,    0,    0,    0,    0,    0, -999
20150729, 0600,  , LO,  7.4N, 121.0W,  25, 1006,    0,    0,    0,    0,    0,    0,    0,    0,    0,    0,    0,    0, -999
20150729, 1200,  , LO,  7.6N, 122.2W,  25, 1006,    0,    0,    0,    0,    0,    0,    0,    0,    0,    0,    0,    0, -999
20150729, 1800,  , TD,  7.8N, 123.4W,  30, 1006,    0,    0,    0,    0,    0,    0,    0,    0,    0,    0,    0,    0, -999
20150730, 0000,  , TS,  8.0N, 124.7W,  35, 1005,   50,    0,    0,   50,    0,    0,    0,    0,    0,    0,    0,    0, -999
20150730, 0600,  , TS,  8.4N, 125.7W,  35, 1004,   50,    0,    0,   50,    0,    0,    0,    0,    0,    0,    0,    0, -999
20150730, 1200,  , TS,  8.9N, 126.7W,  40, 1002,   50,   50,    0,   50,    0,    0,    0,    0,    0,    0,    0,    0, -999
20150730, 1800,  , TS,  9.6N, 127.7W,  45, 1001,   70,   60,   30,   60,    0,    0,    0,    0,    0,    0,    0,    0, -999
20150731, 0000,  , TS, 10.4N, 128.7W,  55,  994,   80,   70,   40,   70,   20,    0,    0,    0,    0,    0,    0,    0, -999
20150731, 0600,  , HU, 11.2N, 130.0W,  70,  985,  100,  100,   60,   90,   40,   40,   30,   40,   20,   20,    0,    0, -999
20150731, 1200,  , HU, 12.1N, 131.9W,  85,  973,  100,  100,   60,   90,   40,   40,   30,   40,   20,   20,   10,   20, -999
20150731, 1800,  , HU, 12.5N, 133.9W,  95,  967,  100,  100,   60,   90,   40,   40,   30,   40,   20,   20,   10,   20, -999
20150801, 0000,  , HU, 12.9N, 135.5W,  90,  970,  100,  100,   60,   90,   40,   40,   30,   40,   20,   20,   15,   20, -999
20150801, 0600,  , HU, 13.1N, 137.0W,  90,  970,  120,  100,   60,   90,   50,   40,   30,   40,   20,   20,   15,   20, -999
20150801, 1200,  , HU, 13.4N, 138.4W,  90,  970,  120,  100,   60,   90,   50,   40,   30,   40,   20,   20,   15,   20, -999
20150801, 1800,  , HU, 13.6N, 139.4W,  90,  970,  120,  100,   60,   90,   50,   40,   30,   40,   20,   20,   15,   20, -999
20150802, 0000,  , HU, 13.8N, 140.5W,  90,  970,  120,  100,   50,   90,   50,   40,   30,   40,   20,   20,   15,   20, -999
20150802, 0600,  , HU, 14.1N, 141.8W,  90,  970,  120,  110,   70,  100,   50,   45,   30,   45,   25,   25,   20,   25, -999
20150802, 1200,  , HU, 14.5N, 142.8W,  90,  970,  100,   75,   60,   90,   50,   30,   25,   45,   25,   20,   15,   25, -999
20150802, 1800,  , HU, 14.9N, 143.7W,  80,  978,  120,   75,   60,   90,   75,   40,   25,   35,   40,   20,   15,   25, -999
20150803, 0000,  , HU, 15.4N, 144.4W,  75,  981,  120,   75,   60,   90,   75,   40,   25,   35,   40,   20,   15,   25, -999
20150803, 0600,  , HU, 16.0N, 145.1W,  70,  990,  115,  100,   60,   80,   70,   40,   25,   35,   35,   25,   20,   20, -999
20150803, 1200,  , TS, 16.6N, 145.7W,  60,  992,  110,  100,   50,   75,   50,   30,   20,   30,    0,    0,    0,    0, -999
20150803, 1800,  , TS, 17.2N, 146.4W,  55,  991,  120,   85,   60,   75,   50,   30,    0,   20,    0,    0,    0,    0, -999
20150804, 0000,  , TS, 17.8N, 147.0W,  55,  991,  120,   85,   60,   75,   50,   30,    0,   20,    0,    0,    0,    0, -999
20150804, 0600,  , TS, 18.5N, 147.4W,  60,  991,  140,   90,   50,   75,   60,   30,    0,   20,    0,    0,    0,    0, -999
20150804, 1200,  , TS, 19.1N, 147.9W,  60,  989,  150,  120,   50,   90,   65,   35,   25,   50,    0,    0,    0,    0, -999
20150804, 1800,  , TS, 19.7N, 148.6W,  60,  993,  150,  120,   50,   90,   75,   35,   25,   50,    0,    0,    0,    0, -999
20150805, 0000,  , TS, 20.0N, 149.3W,  60,  998,  150,  110,   60,   90,   85,   20,   20,   40,    0,    0,    0,    0, -999
20150805, 0600,  , TS, 20.2N, 150.0W,  55,  999,  160,   90,   50,   90,   90,   20,   25,   40,    0,    0,    0,    0, -999
20150805, 1200,  , TS, 20.5N, 150.6W,  50,  999,  160,   90,   40,   90,   90,   10,    0,   10,    0,    0,    0,    0, -999
20150805, 1800,  , TS, 21.0N, 151.2W,  50, 1001,  160,   90,   40,   90,   90,   10,    0,   10,    0,    0,    0,    0, -999
20150806, 0000,  , TS, 21.4N, 151.8W,  45, 1003,  150,   75,   30,   90,    0,    0,    0,    0,    0,    0,    0,    0, -999
20150806, 0600,  , TS, 21.7N, 152.7W,  40, 1004,  140,   75,   30,   85,    0,    0,    0,    0,    0,    0,    0,    0, -999
20150806, 1200,  , TS, 21.7N, 153.8W,  35, 1006,  130,   55,    0,   75,    0,    0,    0,    0,    0,    0,    0,    0, -999
20150806, 1800,  , TS, 21.6N, 154.7W,  35, 1006,  100,    0,    0,   75,    0,    0,    0,    0,    0,    0,    0,    0, -999
20150807, 0000,  , TD, 21.6N, 155.4W,  30, 1008,    0,    0,    0,    0,    0,    0,    0,    0,    0,    0,    0,    0, -999
20150807, 0600,  , TD, 22.0N, 156.5W,  30, 1008,    0,    0,    0,    0,    0,    0,    0,    0,    0,    0,    0,    0, -999
20150807, 1200,  , LO, 22.5N, 158.1W,  30, 1009,    0,    0,    0,    0,    0,    0,    0,    0,    0,    0,    0,    0, -999
20150807, 1800,  , LO, 23.0N, 159.5W,  25, 1011,    0,    0,    0,    0,    0,    0,    0,    0,    0,    0,    0,    0, -999
20150808, 0000,  , LO, 23.3N, 160.9W,  25, 1011,    0,    0,    0,    0,    0,    0,    0,    0,    0,    0,    0,    0, -999
20150808, 0600,  , LO, 23.6N, 162.3W,  25, 1012,    0,    0,    0,    0,    0,    0,    0,    0,    0,    0,    0,    0, -999
20150808, 1200,  , LO, 23.6N, 163.7W,  25, 1012,    0,    0,    0,    0,    0,    0,    0,    0,    0,    0,    0,    0, -999
20150808, 1800,  , LO, 23.8N, 164.9W,  20, 1013,    0,    0,    0,    0,    0,    0,    0,    0,    0,    0,    0,    0, -999
EP102015,              HILDA,     36,
20150806, 0000,  , TD, 12.4N, 129.2W,  30, 1006,    0,    0,    0,    0,    0,    0,    0,    0,    0,    0,    0,    0, -999
20150806, 0600,  , TD, 12.5N, 130.3W,  30, 1006,    0,    0,    0,    0,    0,    0,    0,    0,    0,    0,    0,    0, -999
20150806, 1200,  , TS, 12.6N, 131.5W,  35, 1004,   30,   20,    0,   30,    0,    0,    0,    0,    0,    0,    0,    0, -999
20150806, 1800,  , TS, 12.6N, 132.8W,  45, 1001,   30,   20,   20,   30,    0,    0,    0,    0,    0,    0,    0,    0, -999
20150807, 0000,  , TS, 12.6N, 133.9W,  50,  999,   40,   30,   30,   40,   20,    0,    0,    0,    0,    0,    0,    0, -999
20150807, 0600,  , TS, 12.6N, 135.0W,  55,  997,   40,   30,   30,   40,   20,   20,    0,   20,    0,    0,    0,    0, -999
20150807, 1200,  , TS, 12.5N, 136.3W,  60,  994,   40,   30,   30,   40,   20,   20,    0,   20,    0,    0,    0,    0, -999
20150807, 1800,  , HU, 12.6N, 137.6W,  75,  987,   50,   40,   30,   50,   30,   30,   20,   30,    5,    5,    5,    5, -999
20150808, 0000,  , HU, 12.8N, 139.0W, 100,  967,   50,   40,   30,   50,   30,   30,   20,   30,   10,   10,    5,    5, -999
20150808, 0600,  , HU, 13.1N, 140.3W, 100,  966,   60,   70,   50,   60,   30,   40,   20,   30,   15,   15,   10,   10, -999
20150808, 1200,  , HU, 13.3N, 141.5W, 110,  953,   70,   70,   50,   60,   40,   40,   20,   30,   20,   20,   10,   10, -999
20150808, 1800,  , HU, 13.6N, 142.8W, 125,  937,  110,   70,   70,  100,   50,   40,   20,   50,   20,   20,   10,   10, -999
20150809, 0000,  , HU, 13.9N, 144.0W, 120,  946,  110,   80,   70,  100,   50,   40,   20,   50,   20,   20,   10,   10, -999
20150809, 0600,  , HU, 14.2N, 145.2W, 115,  950,  110,   90,   70,  100,   50,   40,   20,   50,   20,   20,   10,   20, -999
20150809, 1200,  , HU, 14.5N, 146.2W, 100,  963,   80,   60,   40,   60,   30,   30,   20,   30,   20,   20,   10,   20, -999
20150809, 1800,  , HU, 14.8N, 147.1W,  95,  964,   80,   60,   40,   60,   30,   30,   20,   30,   20,   20,   10,   20, -999
20150810, 0000,  , HU, 15.1N, 147.9W,  90,  970,   60,   40,   30,   50,   30,   30,   20,   30,   20,   20,   10,   20, -999
20150810, 0600,  , HU, 15.5N, 148.7W,  85,  974,   60,   30,   20,   40,   40,   10,   10,   20,   20,    5,    5,   10, -999
20150810, 1200,  , HU, 15.9N, 149.4W,  85,  974,   60,   30,   20,   40,   40,   10,   10,   20,   20,    5,    5,   10, -999
20150810, 1800,  , HU, 16.2N, 150.0W,  80,  976,   80,   45,   35,   50,   40,   20,   15,   20,   20,   10,   10,   10, -999
20150811, 0000,  , HU, 16.6N, 150.5W,  80,  978,   80,   45,   35,   50,   40,   20,   15,   20,   20,   10,   10,   10, -999
20150811, 0600,  , HU, 16.8N, 150.8W,  80,  981,   60,   45,   30,   45,   30,   25,   15,   25,   20,   15,   10,   15, -999
20150811, 1200,  , HU, 17.0N, 151.1W,  75,  985,   60,   45,   30,   45,   30,   25,   15,   25,   20,   15,   10,   15, -999
20150811, 1800,  , HU, 17.0N, 151.4W,  65,  989,   75,   60,   35,   65,   30,    0,    0,   20,   20,    0,    0,    0, -999
20150812, 0000,  , TS, 17.1N, 151.5W,  55,  992,   75,   60,   35,   65,   20,    0,    0,   10,    0,    0,    0,    0, -999
20150812, 0600,  , TS, 17.2N, 151.5W,  50,  994,   50,   30,   20,   25,   15,   10,    0,    0,    0,    0,    0,    0, -999
20150812, 1200,  , TS, 17.4N, 151.7W,  45,  998,   60,   25,   15,   30,    0,    0,    0,    0,    0,    0,    0,    0, -999
20150812, 1800,  , TS, 17.3N, 151.8W,  40, 1002,   60,    0,    0,   40,    0,    0,    0,    0,    0,    0,    0,    0, -999
20150813, 0000,  , TS, 17.3N, 152.2W,  40, 1003,   60,    0,    0,   40,    0,    0,    0,    0,    0,    0,    0,    0, -999
20150813, 0600,  , TS, 17.2N, 152.4W,  40, 1003,   60,    0,    0,   40,    0,    0,    0,    0,    0,    0,    0,    0, -999
20150813, 1200,  , TS, 16.9N, 153.3W,  35, 1005,   50,    0,    0,   30,    0,    0,    0,    0,    0,    0,    0,    0, -999
20150813, 1800,  , TD, 16.5N, 154.2W,  30, 1007,    0,    0,    0,    0,    0,    0,    0,    0,    0,    0,    0,    0, -999
20150814, 0000,  , LO, 16.0N, 155.3W,  25, 1008,    0,    0,    0,    0,    0,    0,    0,    0,    0,    0,    0,    0, -999
20150814, 0600,  , LO, 15.7N, 156.2W,  25, 1008,    0,    0,    0,    0,    0,    0,    0,    0,    0,    0,    0,    0, -999
20150814, 1200,  , LO, 15.5N, 157.7W,  25, 1008,    0,    0,    0,    0,    0,    0,    0,    0,    0,    0,    0,    0, -999
20150814, 1800,  , LO, 15.2N, 159.0W,  20, 1008,    0,    0,    0,    0,    0,    0,    0,    0,    0,    0,    0,    0, -999
EP112015,             ELEVEN,     17,
20150816, 0000,  , TD, 16.5N, 112.9W,  30, 1003,    0,    0,    0,    0,    0,    0,    0,    0,    0,    0,    0,    0, -999
20150816, 0600,  , TD, 17.2N, 114.0W,  30, 1003,    0,    0,    0,    0,    0,    0,    0,    0,    0,    0,    0,    0, -999
20150816, 1200,  , TD, 18.1N, 115.3W,  30, 1003,    0,    0,    0,    0,    0,    0,    0,    0,    0,    0,    0,    0, -999
20150816, 1800,  , TD, 18.9N, 116.7W,  30, 1003,    0,    0,    0,    0,    0,    0,    0,    0,    0,    0,    0,    0, -999
20150817, 0000,  , TD, 19.7N, 118.1W,  30, 1003,    0,    0,    0,    0,    0,    0,    0,    0,    0,    0,    0,    0, -999
20150817, 0600,  , TD, 20.6N, 119.3W,  30, 1004,    0,    0,    0,    0,    0,    0,    0,    0,    0,    0,    0,    0, -999
20150817, 1200,  , TD, 21.5N, 120.6W,  30, 1004,    0,    0,    0,    0,    0,    0,    0,    0,    0,    0,    0,    0, -999
20150817, 1800,  , TD, 22.5N, 122.0W,  30, 1004,    0,    0,    0,    0,    0,    0,    0,    0,    0,    0,    0,    0, -999
20150818, 0000,  , LO, 23.5N, 123.4W,  25, 1005,    0,    0,    0,    0,    0,    0,    0,    0,    0,    0,    0,    0, -999
20150818, 0600,  , LO, 24.5N, 125.0W,  25, 1005,    0,    0,    0,    0,    0,    0,    0,    0,    0,    0,    0,    0, -999
20150818, 1200,  , LO, 25.2N, 126.3W,  25, 1006,    0,    0,    0,    0,    0,    0,    0,    0,    0,    0,    0,    0, -999
20150818, 1800,  , LO, 25.9N, 127.4W,  20, 1007,    0,    0,    0,    0,    0,    0,    0,    0,    0,    0,    0,    0, -999
20150819, 0000,  , LO, 26.5N, 128.6W,  20, 1007,    0,    0,    0,    0,    0,    0,    0,    0,    0,    0,    0,    0, -999
20150819, 0600,  , LO, 26.9N, 129.7W,  20, 1008,    0,    0,    0,    0,    0,    0,    0,    0,    0,    0,    0,    0, -999
20150819, 1200,  , LO, 27.7N, 130.6W,  20, 1009,    0,    0,    0,    0,    0,    0,    0,    0,    0,    0,    0,    0, -999
20150819, 1800,  , LO, 28.6N, 131.1W,  20, 1010,    0,    0,    0,    0,    0,    0,    0,    0,    0,    0,    0,    0, -999
20150820, 0000,  , LO, 29.3N, 131.4W,  15, 1010,    0,    0,    0,    0,    0,    0,    0,    0,    0,    0,    0,    0, -999
CP032015,               KILO,     91,
20150820, 0000,  , DB, 10.0N, 145.3W,  20, 1007,    0,    0,    0,    0,    0,    0,    0,    0,    0,    0,    0,    0, -999
20150820, 0600,  , DB, 10.3N, 146.7W,  25, 1007,    0,    0,    0,    0,    0,    0,    0,    0,    0,    0,    0,    0, -999
20150820, 1200,  , DB, 10.6N, 148.0W,  25, 1007,    0,    0,    0,    0,    0,    0,    0,    0,    0,    0,    0,    0, -999
20150820, 1800,  , DB, 11.0N, 149.1W,  25, 1007,    0,    0,    0,    0,    0,    0,    0,    0,    0,    0,    0,    0, -999
20150821, 0000,  , DB, 11.6N, 150.0W,  25, 1007,    0,    0,    0,    0,    0,    0,    0,    0,    0,    0,    0,    0, -999
20150821, 0600,  , DB, 12.2N, 150.9W,  25, 1007,    0,    0,    0,    0,    0,    0,    0,    0,    0,    0,    0,    0, -999
20150821, 1200,  , DB, 12.8N, 152.0W,  25, 1007,    0,    0,    0,    0,    0,    0,    0,    0,    0,    0,    0,    0, -999
20150821, 1800,  , LO, 13.2N, 153.2W,  25, 1007,    0,    0,    0,    0,    0,    0,    0,    0,    0,    0,    0,    0, -999
20150822, 0000,  , LO, 13.3N, 154.4W,  25, 1006,    0,    0,    0,    0,    0,    0,    0,    0,    0,    0,    0,    0, -999
20150822, 0600,  , TD, 13.2N, 155.8W,  30, 1005,    0,    0,    0,    0,    0,    0,    0,    0,    0,    0,    0,    0, -999
20150822, 1200,  , TD, 13.7N, 157.2W,  30, 1005,    0,    0,    0,    0,    0,    0,    0,    0,    0,    0,    0,    0, -999
20150822, 1800,  , TD, 13.9N, 158.7W,  30, 1005,    0,    0,    0,    0,    0,    0,    0,    0,    0,    0,    0,    0, -999
20150823, 0000,  , TD, 14.1N, 160.2W,  30, 1005,    0,    0,    0,    0,    0,    0,    0,    0,    0,    0,    0,    0, -999
20150823, 0600,  , TD, 14.3N, 161.8W,  30, 1005,    0,    0,    0,    0,    0,    0,    0,    0,    0,    0,    0,    0, -999
20150823, 1200,  , TD, 14.4N, 163.3W,  30, 1005,    0,    0,    0,    0,    0,    0,    0,    0,    0,    0,    0,    0, -999
20150823, 1800,  , TD, 14.5N, 164.6W,  30, 1005,    0,    0,    0,    0,    0,    0,    0,    0,    0,    0,    0,    0, -999
20150824, 0000,  , TD, 14.6N, 165.8W,  30, 1005,    0,    0,    0,    0,    0,    0,    0,    0,    0,    0,    0,    0, -999
20150824, 0600,  , TD, 15.0N, 166.8W,  30, 1005,    0,    0,    0,    0,    0,    0,    0,    0,    0,    0,    0,    0, -999
20150824, 1200,  , TD, 15.7N, 167.2W,  30, 1005,    0,    0,    0,    0,    0,    0,    0,    0,    0,    0,    0,    0, -999
20150824, 1800,  , TD, 16.5N, 167.2W,  30, 1005,    0,    0,    0,    0,    0,    0,    0,    0,    0,    0,    0,    0, -999
20150825, 0000,  , TD, 17.3N, 167.2W,  25, 1006,    0,    0,    0,    0,    0,    0,    0,    0,    0,    0,    0,    0, -999
20150825, 0600,  , TD, 18.0N, 167.2W,  25, 1006,    0,    0,    0,    0,    0,    0,    0,    0,    0,    0,    0,    0, -999
20150825, 1200,  , TD, 18.3N, 167.2W,  25, 1006,    0,    0,    0,    0,    0,    0,    0,    0,    0,    0,    0,    0, -999
20150825, 1800,  , TD, 18.5N, 167.2W,  25, 1006,    0,    0,    0,    0,    0,    0,    0,    0,    0,    0,    0,    0, -999
20150826, 0000,  , TD, 18.7N, 167.3W,  30, 1005,    0,    0,    0,    0,    0,    0,    0,    0,    0,    0,    0,    0, -999
20150826, 0600,  , TD, 18.7N, 167.5W,  30, 1005,    0,    0,    0,    0,    0,    0,    0,    0,    0,    0,    0,    0, -999
20150826, 1200,  , TD, 18.5N, 167.6W,  30, 1005,    0,    0,    0,    0,    0,    0,    0,    0,    0,    0,    0,    0, -999
20150826, 1800,  , TS, 18.3N, 167.7W,  35, 1004,    0,   30,   30,    0,    0,    0,    0,    0,    0,    0,    0,    0, -999
20150827, 0000,  , TS, 18.1N, 167.8W,  40, 1003,   20,   40,   40,   20,    0,    0,    0,    0,    0,    0,    0,    0, -999
20150827, 0600,  , TS, 18.0N, 167.9W,  45, 1001,   30,   40,   40,   30,    0,    0,    0,    0,    0,    0,    0,    0, -999
20150827, 1200,  , TS, 17.9N, 168.0W,  50,  996,   40,   50,   50,   40,   15,   15,   15,   15,    0,    0,    0,    0, -999
20150827, 1800,  , TS, 17.7N, 168.3W,  55,  992,   60,   50,   50,   60,   20,   15,   15,   20,    0,    0,    0,    0, -999
20150828, 0000,  , TS, 17.5N, 168.8W,  60,  990,   60,   50,   50,   60,   20,   15,   15,   20,    0,    0,    0,    0, -999
20150828, 0600,  , TS, 17.4N, 169.5W,  60,  990,   70,   50,   50,   70,   30,   20,   20,   30,    0,    0,    0,    0, -999
20150828, 1200,  , TS, 17.4N, 170.4W,  60,  990,   80,   50,   50,   80,   40,   20,   20,   40,    0,    0,    0,    0, -999
20150828, 1800,  , TS, 17.5N, 171.3W,  60,  990,   80,   50,   50,   80,   40,   20,   20,   40,    0,    0,    0,    0, -999
20150829, 0000,  , TS, 17.6N, 172.1W,  60,  990,   80,   50,   70,   90,   40,   20,   20,   40,    0,    0,    0,    0, -999
20150829, 0600,  , HU, 17.7N, 173.0W,  65,  985,  100,   60,   70,  100,   50,   20,   20,   50,   25,    0,    0,   25, -999
20150829, 1200,  , HU, 17.8N, 173.9W,  80,  976,  100,   60,   70,  100,   50,   20,   20,   50,   30,    0,    0,   30, -999
20150829, 1800,  , HU, 17.9N, 174.8W, 110,  952,  110,   80,   70,  110,   60,   40,   30,   60,   40,   30,   20,   40, -999
20150830, 0000,  , HU, 18.1N, 175.7W, 115,  948,  120,   90,   70,  120,   70,   50,   30,   70,   40,   30,   20,   40, -999
20150830, 0600,  , HU, 18.3N, 176.4W, 120,  940,  120,  100,   70,  120,   70,   50,   30,   70,   40,   30,   20,   40, -999
20150830, 1200,  , HU, 18.6N, 177.0W, 115,  946,  120,  100,   60,  120,   70,   60,   40,   70,   40,   30,   20,   40, -999
20150830, 1800,  , HU, 18.9N, 177.6W, 110,  952,  120,  100,   60,  120,   70,   50,   40,   60,   40,   20,   20,   30, -999
20150831, 0000,  , HU, 19.6N, 178.1W, 110,  952,  120,  100,   60,  120,   60,   40,   40,   50,   30,   20,   20,   30, -999
20150831, 0600,  , HU, 20.3N, 178.5W, 105,  956,  130,  100,   60,  120,   60,   40,   40,   50,   30,   20,   20,   30, -999
20150831, 1200,  , HU, 21.0N, 178.8W, 100,  959,  130,  100,   70,  110,   70,   60,   40,   50,   35,   30,   20,   30, -999
20150831, 1800,  , HU, 21.6N, 179.2W, 100,  959,  130,  100,   70,  110,   70,   60,   40,   50,   35,   30,   20,   30, -999
20150901, 0000,  , HU, 22.2N, 179.5W, 100,  959,  130,  100,   70,  110,   60,   50,   40,   50,   30,   25,   20,   25, -999
20150901, 0600,  , HU, 22.8N, 179.6W, 100,  959,  130,  100,   70,  110,   60,   50,   40,   50,   30,   25,   20,   25, -999
20150901, 1200,  , HU, 23.3N, 179.9W, 100,  959,  130,  100,   70,  110,   60,   50,   50,   50,   30,   25,   20,   25, -999
20150901, 1800,  , HU, 23.6N, 179.9E,  90,  965,  120,  120,  120,  120,   60,   55,   50,   50,   30,   25,   20,   25, -999
20150902, 0000,  , HU, 24.0N, 179.6E,  85,  968,  120,  120,  120,  120,   60,   55,   50,   50,   30,   25,   20,   25, -999
20150902, 0600,  , HU, 24.2N, 179.2E,  80,  972,  120,  120,  120,  120,   60,   55,   50,   50,   30,   25,   20,   25, -999
20150902, 1200,  , HU, 24.5N, 178.7E,  80,  972,  120,  120,  120,  120,   60,   55,   50,   50,   30,   25,   20,   25, -999
20150902, 1800,  , HU, 24.7N, 178.3E,  80,  971,  135,  135,  135,  135,   65,   65,   65,   70,   40,   35,   35,   40, -999
20150903, 0000,  , HU, 24.7N, 178.1E,  85,  967,  135,  135,  135,  135,   75,   55,   25,   65,   35,   30,    5,   35, -999
20150903, 0600,  , HU, 24.5N, 177.9E,  90,  963,  135,  135,  135,  135,   75,   55,   25,   65,   35,   25,    5,   35, -999
20150903, 1200,  , HU, 24.3N, 177.6E,  85,  968,  135,  120,  120,  135,   75,   55,   25,   65,   35,   25,    5,   35, -999
20150903, 1800,  , HU, 24.0N, 177.2E,  80,  972,  120,  105,  105,  135,   50,   55,   60,   60,   35,   35,   35,   35, -999
20150904, 0000,  , HU, 23.7N, 176.7E,  75,  975,  120,  105,  105,  135,   65,   60,   55,   60,   35,   30,   30,   35, -999
20150904, 0600,  , HU, 23.6N, 176.2E,  70,  978,  135,  105,  105,  135,   65,   60,   55,   60,   35,   30,   30,   35, -999
20150904, 1200,  , HU, 23.5N, 175.5E,  70,  978,  135,  120,  120,  150,   65,   60,   55,   75,   35,   30,   30,   40, -999
20150904, 1800,  , HU, 23.5N, 174.8E,  70,  978,  135,  135,  120,  150,   65,   60,   55,   75,   35,   30,   30,   40, -999
20150905, 0000,  , HU, 23.5N, 173.8E,  75,  975,  135,  135,  135,  150,   65,   60,   55,   75,   35,   30,   30,   40, -999
20150905, 0600,  , HU, 23.6N, 172.7E,  80,  969,  135,  135,  135,  150,   75,   60,   60,   75,   40,   30,   30,   40, -999
20150905, 1200,  , HU, 23.6N, 171.4E,  90,  962,  150,  135,  135,  150,   75,   65,   65,   75,   45,   35,   35,   45, -999
20150905, 1800,  , HU, 23.7N, 170.4E,  95,  957,  150,  150,  135,  150,   75,   65,   65,   75,   45,   35,   35,   45, -999
20150906, 0000,  , HU, 23.9N, 169.4E,  90,  961,  165,  150,  135,  165,   85,   60,   60,   85,   50,   40,   40,   50, -999
20150906, 0600,  , HU, 24.1N, 168.5E,  90,  960,  165,  150,  135,  165,   85,   60,   60,   85,   50,   40,   40,   50, -999
20150906, 1200,  , HU, 24.3N, 167.4E,  85,  963,  165,  150,  150,  165,   85,   60,   60,   85,   50,   40,   40,   50, -999
20150906, 1800,  , HU, 24.4N, 166.1E,  85,  963,  180,  150,  150,  165,   85,   60,   60,   95,   50,   40,   40,   60, -999
20150907, 0000,  , HU, 24.6N, 165.2E,  80,  967,  180,  150,  150,  180,   85,   60,   60,   95,   50,   40,   40,   60, -999
20150907, 0600,  , HU, 24.9N, 164.1E,  75,  967,  195,  165,  150,  180,   85,   60,   60,   95,   50,   40,   40,   60, -999
20150907, 1200,  , HU, 25.2N, 162.7E,  75,  967,  210,  165,  150,  195,  115,   80,   80,  115,   60,   50,   50,   60, -999
20150907, 1800,  , HU, 25.6N, 161.5E,  70,  971,  210,  165,  165,  195,  105,   80,   80,  115,   55,   50,   50,   60, -999
20150908, 0000,  , HU, 26.2N, 160.0E,  70,  970,  210,  180,  165,  195,  105,   80,   80,  115,   55,   50,   50,   60, -999
20150908, 0600,  , HU, 26.7N, 158.6E,  65,  972,  210,  180,  165,  195,  105,   80,   80,  105,   50,   45,   45,   50, -999
20150908, 1200,  , HU, 27.2N, 157.1E,  65,  974,  210,  180,  165,  195,  135,   80,   75,  110,   50,   45,   45,   50, -999
20150908, 1800,  , HU, 28.1N, 155.8E,  65,  974,  210,  180,  165,  195,  135,   80,   75,  110,   50,   45,   45,   50, -999
20150909, 0000,  , HU, 29.0N, 154.6E,  65,  974,  210,  180,  165,  195,  135,   80,   75,  110,   50,   45,   45,   50, -999
20150909, 0600,  , HU, 29.9N, 153.3E,  65,  973,  210,  180,  165,  195,  135,   80,   75,  110,   50,   45,   45,   50, -999
20150909, 1200,  , TS, 30.7N, 152.1E,  60,  976,  210,  180,  165,  180,   95,  110,   85,  130,    0,    0,    0,    0, -999
20150909, 1800,  , TS, 31.6N, 150.9E,  55,  979,  195,  180,  165,  165,   95,  110,   85,  130,    0,    0,    0,    0, -999
20150910, 0000,  , TS, 32.6N, 150.0E,  55,  979,  195,  180,  165,  165,  110,   80,   80,  110,    0,    0,    0,    0, -999
20150910, 0600,  , TS, 33.7N, 149.3E,  55,  978,  195,  180,  165,  165,   60,   60,   60,   60,    0,    0,    0,    0, -999
20150910, 1200,  , TS, 35.0N, 148.5E,  55,  978,  210,  210,  165,  165,   60,   60,   60,   60,    0,    0,    0,    0, -999
20150910, 1800,  , TS, 36.8N, 147.7E,  55,  974,  210,  210,  150,  180,   60,   60,   60,   60,    0,    0,    0,    0, -999
20150911, 0000,  , TS, 38.5N, 147.2E,  55,  973,  255,  180,  150,  195,   70,   40,   40,   70,    0,    0,    0,    0, -999
20150911, 0600,  , EX, 40.7N, 147.4E,  50,  975,  255,  180,  150,  210,    0,    0,    0,    0,    0,    0,    0,    0, -999
20150911, 1200,  , EX, 43.3N, 148.3E,  45,  977,  255,  180,  150,  210,    0,    0,    0,    0,    0,    0,    0,    0, -999
CP042015,               LOKE,     32,
20150819, 0000,  , DB, 13.4N, 176.8W,  20, 1007,    0,    0,    0,    0,    0,    0,    0,    0,    0,    0,    0,    0, -999
20150819, 0600,  , DB, 13.5N, 177.8W,  20, 1007,    0,    0,    0,    0,    0,    0,    0,    0,    0,    0,    0,    0, -999
20150819, 1200,  , DB, 13.7N, 178.6W,  20, 1007,    0,    0,    0,    0,    0,    0,    0,    0,    0,    0,    0,    0, -999
20150819, 1800,  , DB, 13.4N, 179.3W,  20, 1007,    0,    0,    0,    0,    0,    0,    0,    0,    0,    0,    0,    0, -999
20150820, 0000,  , DB, 13.4N, 179.0W,  20, 1007,    0,    0,    0,    0,    0,    0,    0,    0,    0,    0,    0,    0, -999
20150820, 0600,  , DB, 13.6N, 178.6W,  20, 1007,    0,    0,    0,    0,    0,    0,    0,    0,    0,    0,    0,    0, -999
20150820, 1200,  , DB, 13.9N, 178.3W,  25, 1006,    0,    0,    0,    0,    0,    0,    0,    0,    0,    0,    0,    0, -999
20150820, 1800,  , DB, 14.3N, 177.9W,  25, 1005,    0,    0,    0,    0,    0,    0,    0,    0,    0,    0,    0,    0, -999
20150821, 0000,  , TD, 14.8N, 177.5W,  30, 1004,    0,    0,    0,    0,    0,    0,    0,    0,    0,    0,    0,    0, -999
20150821, 0600,  , TD, 15.3N, 177.3W,  30, 1003,    0,    0,    0,    0,    0,    0,    0,    0,    0,    0,    0,    0, -999
20150821, 1200,  , TD, 15.7N, 177.2W,  30, 1003,    0,    0,    0,    0,    0,    0,    0,    0,    0,    0,    0,    0, -999
20150821, 1800,  , TS, 16.1N, 177.2W,  35, 1002,   20,   20,    0,    0,    0,    0,    0,    0,    0,    0,    0,    0, -999
20150822, 0000,  , TS, 16.5N, 177.3W,  35, 1002,   20,   20,    0,    0,    0,    0,    0,    0,    0,    0,    0,    0, -999
20150822, 0600,  , TS, 16.8N, 177.5W,  35, 1002,   20,   20,    0,    0,    0,    0,    0,    0,    0,    0,    0,    0, -999
20150822, 1200,  , TD, 17.2N, 177.9W,  30, 1004,    0,    0,    0,    0,    0,    0,    0,    0,    0,    0,    0,    0, -999
20150822, 1800,  , TD, 17.8N, 178.5W,  30, 1004,    0,    0,    0,    0,    0,    0,    0,    0,    0,    0,    0,    0, -999
20150823, 0000,  , TS, 18.4N, 179.0W,  35, 1003,   20,   20,    0,    0,    0,    0,    0,    0,    0,    0,    0,    0, -999
20150823, 0600,  , TS, 19.1N, 179.3W,  35, 1003,   20,   20,    0,    0,    0,    0,    0,    0,    0,    0,    0,    0, -999
20150823, 1200,  , TS, 20.0N, 179.6W,  35, 1003,   20,   20,    0,    0,    0,    0,    0,    0,    0,    0,    0,    0, -999
20150823, 1800,  , TS, 21.2N, 179.7W,  40, 1002,   25,   25,    0,    0,    0,    0,    0,    0,    0,    0,    0,    0, -999
20150824, 0000,  , TS, 22.4N, 179.4W,  45, 1000,   30,   30,    0,   10,    0,    0,    0,    0,    0,    0,    0,    0, -999
20150824, 0600,  , TS, 23.5N, 178.8W,  55,  995,   40,   40,   15,   20,   10,   20,    0,    0,    0,    0,    0,    0, -999
20150824, 1200,  , TS, 24.4N, 177.9W,  60,  991,   40,   50,   20,   30,   20,   30,    0,   10,    0,    0,    0,    0, -999
20150824, 1800,  , HU, 25.3N, 176.7W,  65,  986,   50,   60,   20,   30,   20,   30,    0,   10,   10,   15,    0,    0, -999
20150825, 0000,  , HU, 26.4N, 175.4W,  65,  986,   60,   60,   20,   30,   30,   30,   10,   15,   15,   15,    0,    0, -999
20150825, 0600,  , HU, 27.6N, 173.9W,  65,  986,   60,   60,   20,   30,   30,   30,   10,   15,   15,   15,    0,    0, -999
20150825, 1200,  , HU, 28.8N, 173.1W,  65,  985,   60,   50,   20,   30,   30,   25,   10,   20,   15,   10,    0,    0, -999
20150825, 1800,  , TS, 30.1N, 173.0W,  60,  986,   90,   50,   20,   40,   30,   20,    0,   20,    0,    0,    0,    0, -999
20150826, 0000,  , TS, 31.3N, 173.5W,  55,  988,  100,   60,   20,   60,   40,   20,    0,   10,    0,    0,    0,    0, -999
20150826, 0600,  , TS, 32.5N, 174.4W,  55,  988,  120,   90,   20,   75,   60,   30,    0,    0,    0,    0,    0,    0, -999
20150826, 1200,  , TS, 34.5N, 176.3W,  50,  991,  150,  120,    0,   75,   50,    0,    0,    0,    0,    0,    0,    0, -999
20150826, 1800,  , TS, 36.6N, 179.2W,  50,  991,  180,  150,    0,   75,   60,    0,    0,    0,    0,    0,    0,    0, -999
EP122015,            IGNACIO,     64,
20150823, 1800,  , LO, 12.3N, 129.3W,  25, 1009,    0,    0,    0,    0,    0,    0,    0,    0,    0,    0,    0,    0, -999
20150824, 0000,  , LO, 12.3N, 129.5W,  25, 1008,    0,    0,    0,    0,    0,    0,    0,    0,    0,    0,    0,    0, -999
20150824, 0600,  , LO, 12.5N, 129.9W,  25, 1008,    0,    0,    0,    0,    0,    0,    0,    0,    0,    0,    0,    0, -999
20150824, 1200,  , LO, 12.8N, 130.3W,  25, 1007,    0,    0,    0,    0,    0,    0,    0,    0,    0,    0,    0,    0, -999
20150824, 1800,  , LO, 13.0N, 130.6W,  30, 1007,    0,    0,    0,    0,    0,    0,    0,    0,    0,    0,    0,    0, -999
20150825, 0000,  , TD, 13.1N, 131.1W,  30, 1007,    0,    0,    0,    0,    0,    0,    0,    0,    0,    0,    0,    0, -999
20150825, 0600,  , TD, 13.1N, 131.6W,  30, 1006,    0,    0,    0,    0,    0,    0,    0,    0,    0,    0,    0,    0, -999
20150825, 1200,  , TD, 13.0N, 132.2W,  30, 1005,    0,    0,    0,    0,    0,    0,    0,    0,    0,    0,    0,    0, -999
20150825, 1800,  , TS, 12.8N, 132.8W,  35, 1004,    0,    0,   30,   30,    0,    0,    0,    0,    0,    0,    0,    0, -999
20150826, 0000,  , TS, 12.4N, 133.3W,  40, 1003,   30,   30,   30,   30,    0,    0,    0,    0,    0,    0,    0,    0, -999
20150826, 0600,  , TS, 12.2N, 134.1W,  45, 1001,   30,   40,   40,   40,    0,    0,    0,    0,    0,    0,    0,    0, -999
20150826, 1200,  , TS, 12.0N, 135.0W,  50,  999,   30,   40,   40,   40,   10,   10,    0,   10,    0,    0,    0,    0, -999
20150826, 1800,  , TS, 11.8N, 135.9W,  55,  998,   30,   40,   40,   40,   10,   20,    0,   20,    0,    0,    0,    0, -999
20150827, 0000,  , HU, 12.0N, 136.9W,  65,  992,   40,   40,   40,   40,   20,   20,   20,   30,   15,   15,   15,   20, -999
20150827, 0600,  , HU, 12.3N, 137.9W,  75,  985,   50,   50,   50,   50,   30,   20,   20,   30,   20,   15,   15,   20, -999
20150827, 1200,  , HU, 12.6N, 139.0W,  80,  982,   70,   60,   50,   70,   40,   30,   20,   30,   20,   20,   15,   20, -999
20150827, 1800,  , HU, 12.9N, 140.2W,  80,  982,   70,   70,   60,   70,   40,   40,   20,   40,   20,   20,   15,   20, -999
20150828, 0000,  , HU, 13.3N, 141.4W,  80,  981,   70,   70,   60,   70,   40,   40,   20,   40,   20,   20,   10,   20, -999
20150828, 0600,  , HU, 13.7N, 142.6W,  80,  980,   70,   70,   60,   70,   40,   40,   20,   40,   20,   20,   10,   20, -999
20150828, 1200,  , HU, 14.1N, 143.5W,  80,  979,   70,   70,   60,   70,   40,   40,   20,   40,   20,   20,   10,   20, -999
20150828, 1800,  , HU, 14.5N, 144.2W,  80,  978,   70,   70,   60,   70,   50,   40,   30,   40,   20,   20,   10,   20, -999
20150829, 0000,  , HU, 14.9N, 144.9W,  80,  976,   80,   70,   70,   80,   50,   40,   30,   40,   20,   20,   10,   20, -999
20150829, 0600,  , HU, 15.2N, 145.5W,  80,  974,  100,   70,   80,  100,   50,   40,   40,   40,   20,   20,   20,   20, -999
20150829, 1200,  , HU, 15.7N, 146.1W, 100,  961,  100,   90,   80,  100,   50,   40,   40,   40,   25,   25,   25,   25, -999
20150829, 1800,  , HU, 16.1N, 146.6W, 120,  953,  110,  110,   80,  110,   60,   40,   30,   40,   25,   25,   25,   25, -999
20150830, 0000,  , HU, 16.6N, 147.2W, 120,  947,  110,  110,   90,  110,   60,   40,   30,   40,   25,   25,   25,   25, -999
20150830, 0600,  , HU, 17.1N, 147.7W, 125,  942,  110,  110,   90,  110,   60,   40,   30,   40,   25,   25,   25,   25, -999
20150830, 1200,  , HU, 17.9N, 148.2W, 115,  950,  110,  110,   90,  110,   60,   50,   30,   40,   30,   30,   20,   30, -999
20150830, 1800,  , HU, 18.6N, 148.7W, 105,  959,  120,  120,   90,  110,   60,   60,   40,   50,   40,   30,   20,   30, -999
20150831, 0000,  , HU, 19.3N, 149.2W, 100,  961,  120,  120,   80,  110,   60,   60,   40,   50,   40,   30,   20,   30, -999
20150831, 0600,  , HU, 20.0N, 149.8W, 100,  963,  120,  120,   80,  110,   60,   60,   40,   60,   40,   30,   20,   40, -999
20150831, 1200,  , HU, 20.6N, 150.5W,  90,  965,  120,  120,   80,  110,   70,   60,   40,   60,   50,   40,   20,   40, -999
20150831, 1800,  , HU, 21.3N, 151.2W,  90,  968,  120,  110,   80,  110,   80,   70,   40,   60,   50,   40,   20,   40, -999
20150901, 0000,  , HU, 22.0N, 151.9W,  85,  971,  120,  110,   80,  110,   80,   70,   50,   60,   40,   40,   20,   40, -999
20150901, 0600,  , HU, 22.6N, 152.6W,  80,  973,  120,  110,   80,  110,   70,   60,   50,   60,   40,   40,   20,   40, -999
20150901, 1200,  , HU, 23.1N, 153.3W,  75,  975,  130,  110,   80,  120,   60,   50,   50,   60,   30,   30,   30,   30, -999
20150901, 1800,  , HU, 23.6N, 154.1W,  65,  981,  140,  110,   90,  120,   60,   50,   50,   60,   30,   30,   30,   30, -999
20150902, 0000,  , TS, 24.2N, 155.0W,  60,  984,  150,  110,   90,  130,   60,   50,   40,   50,    0,    0,    0,    0, -999
20150902, 0600,  , TS, 24.9N, 155.8W,  60,  984,  160,  110,   90,  130,   60,   50,   40,   50,    0,    0,    0,    0, -999
20150902, 1200,  , TS, 25.7N, 156.7W,  60,  984,  170,  110,  100,  140,   70,   50,   40,   60,    0,    0,    0,    0, -999
20150902, 1800,  , HU, 26.4N, 157.7W,  65,  982,  180,  110,  100,  150,   80,   50,   50,   70,   20,   15,   15,   20, -999
20150903, 0000,  , HU, 27.1N, 158.9W,  65,  981,  180,  110,  100,  150,   80,   50,   50,   70,   20,   15,   15,   20, -999
20150903, 0600,  , HU, 27.8N, 160.1W,  65,  981,  180,  120,  100,  140,   90,   60,   50,   70,   20,   15,   15,   20, -999
20150903, 1200,  , HU, 28.4N, 161.1W,  65,  982,  180,  130,  100,  140,   90,   70,   50,   70,   20,   15,   15,   20, -999
20150903, 1800,  , TS, 29.1N, 162.1W,  60,  984,  180,  140,  100,  140,   90,   70,   50,   70,    0,    0,    0,    0, -999
20150904, 0000,  , TS, 29.9N, 162.9W,  60,  984,  180,  150,  100,  130,  100,   80,   50,   70,    0,    0,    0,    0, -999
20150904, 0600,  , TS, 30.9N, 163.5W,  60,  984,  180,  160,  100,  130,  100,   90,   40,   70,    0,    0,    0,    0, -999
20150904, 1200,  , TS, 31.9N, 163.9W,  60,  984,  180,  170,  100,  130,  100,   90,   40,   70,    0,    0,    0,    0, -999
20150904, 1800,  , TS, 33.3N, 164.1W,  60,  984,  180,  180,  100,  130,  110,  100,   30,   70,    0,    0,    0,    0, -999
20150905, 0000,  , LO, 34.8N, 164.4W,  55,  985,  180,  180,  100,  130,  110,  110,   20,   80,    0,    0,    0,    0, -999
20150905, 0600,  , LO, 36.1N, 164.8W,  55,  986,  200,  200,  100,  130,  110,  110,    0,   90,    0,    0,    0,    0, -999
20150905, 1200,  , LO, 37.3N, 165.0W,  55,  986,  220,  220,  100,  130,  110,  110,    0,   90,    0,    0,    0,    0, -999
20150905, 1800,  , LO, 38.8N, 165.0W,  55,  986,  240,  240,  100,  150,  120,  110,    0,   90,    0,    0,    0,    0, -999
20150906, 0000,  , LO, 40.3N, 165.0W,  55,  988,  240,  240,  100,  150,  120,  110,    0,   90,    0,    0,    0,    0, -999
20150906, 0600,  , LO, 41.7N, 165.0W,  50,  992,  200,  200,   80,  120,  110,   90,    0,   70,    0,    0,    0,    0, -999
20150906, 1200,  , LO, 43.0N, 165.0W,  45,  996,  170,  170,   60,  100,    0,    0,    0,    0,    0,    0,    0,    0, -999
20150906, 1800,  , LO, 44.0N, 165.0W,  45,  998,  170,  170,   60,  100,    0,    0,    0,    0,    0,    0,    0,    0, -999
20150907, 0000,  , LO, 45.0N, 164.0W,  45,  998,  150,  150,   50,   90,    0,    0,    0,    0,    0,    0,    0,    0, -999
20150907, 0600,  , EX, 46.0N, 161.5W,  45,  998,  150,  170,  120,   90,    0,    0,    0,    0,    0,    0,    0,    0, -999
20150907, 1200,  , EX, 47.0N, 159.0W,  45,  996,  170,  240,  170,   90,    0,    0,    0,    0,    0,    0,    0,    0, -999
20150907, 1800,  , EX, 48.0N, 156.0W,  45,  996,  190,  270,  200,   90,    0,    0,    0,    0,    0,    0,    0,    0, -999
20150908, 0000,  , EX, 49.5N, 152.0W,  45,  998,  160,  270,  250,   90,    0,    0,    0,    0,    0,    0,    0,    0, -999
20150908, 0600,  , EX, 51.0N, 147.0W,  40,  998,  160,  300,  300,   90,    0,    0,    0,    0,    0,    0,    0,    0, -999
20150908, 1200,  , EX, 52.0N, 143.0W,  40,  998,  150,  270,  240,   80,    0,    0,    0,    0,    0,    0,    0,    0, -999
EP132015,             JIMENA,     63,
20150825, 1200,  , LO,  9.7N, 104.9W,  25, 1008,    0,    0,    0,    0,    0,    0,    0,    0,    0,    0,    0,    0, -999
20150825, 1800,  , LO,  9.9N, 106.1W,  25, 1008,    0,    0,    0,    0,    0,    0,    0,    0,    0,    0,    0,    0, -999
20150826, 0000,  , LO, 10.0N, 107.5W,  25, 1008,    0,    0,    0,    0,    0,    0,    0,    0,    0,    0,    0,    0, -999
20150826, 0600,  , LO, 10.1N, 109.2W,  25, 1008,    0,    0,    0,    0,    0,    0,    0,    0,    0,    0,    0,    0, -999
20150826, 1200,  , TD, 10.4N, 110.9W,  25, 1007,    0,    0,    0,    0,    0,    0,    0,    0,    0,    0,    0,    0, -999
20150826, 1800,  , TD, 10.8N, 112.6W,  25, 1007,    0,    0,    0,    0,    0,    0,    0,    0,    0,    0,    0,    0, -999
20150827, 0000,  , TD, 11.5N, 114.1W,  30, 1006,    0,    0,    0,    0,    0,    0,    0,    0,    0,    0,    0,    0, -999
20150827, 0600,  , TS, 12.2N, 115.7W,  35, 1005,   30,    0,    0,   30,    0,    0,    0,    0,    0,    0,    0,    0, -999
20150827, 1200,  , TS, 12.4N, 117.1W,  40, 1003,   40,    0,    0,   40,    0,    0,    0,    0,    0,    0,    0,    0, -999
20150827, 1800,  , TS, 12.4N, 118.3W,  50, 1000,   50,   30,   20,   40,   30,    0,    0,   30,    0,    0,    0,    0, -999
20150828, 0000,  , TS, 12.3N, 119.4W,  60,  998,   60,   40,   30,   50,   30,   20,   10,   30,    0,    0,    0,    0, -999
20150828, 0600,  , HU, 12.2N, 120.5W,  70,  989,   70,   60,   50,   60,   40,   40,   20,   40,   25,   20,   10,   20, -999
20150828, 1200,  , HU, 12.3N, 121.5W,  80,  979,   80,   80,   50,   60,   40,   40,   30,   30,   20,   15,   10,   20, -999
20150828, 1800,  , HU, 12.3N, 122.6W,  95,  968,   90,   80,   80,   90,   50,   40,   40,   50,   25,   20,   20,   25, -999
20150829, 0000,  , HU, 12.3N, 123.6W, 115,  952,   90,   80,   80,   90,   50,   40,   40,   50,   25,   20,   20,   25, -999
20150829, 0600,  , HU, 12.2N, 124.4W, 135,  932,  100,   90,   80,  100,   50,   50,   30,   50,   25,   20,   20,   25, -999
20150829, 1200,  , HU, 12.4N, 125.1W, 130,  935,  100,   90,   80,  100,   50,   50,   30,   50,   25,   20,   20,   25, -999
20150829, 1800,  , HU, 12.7N, 125.9W, 125,  940,  110,  100,   90,  100,   60,   50,   40,   60,   30,   25,   20,   30, -999
20150830, 0000,  , HU, 13.0N, 126.9W, 120,  945,  110,  100,   90,  100,   60,   50,   40,   60,   30,   25,   20,   30, -999
20150830, 0600,  , HU, 13.4N, 127.8W, 120,  945,  110,  100,   90,  100,   60,   50,   40,   60,   30,   25,   20,   30, -999
20150830, 1200,  , HU, 14.0N, 129.0W, 120,  945,  110,  100,   90,  100,   60,   50,   40,   60,   30,   25,   20,   30, -999
20150830, 1800,  , HU, 14.5N, 130.3W, 125,  941,  120,  100,  100,  110,   60,   50,   50,   60,   30,   25,   25,   30, -999
20150831, 0000,  , HU, 14.9N, 131.8W, 130,  936,  130,  110,  100,  120,   60,   60,   50,   60,   35,   30,   25,   30, -999
20150831, 0600,  , HU, 15.2N, 133.3W, 130,  936,  140,  120,  100,  120,   80,   70,   60,   70,   50,   40,   30,   40, -999
20150831, 1200,  , HU, 15.4N, 134.7W, 130,  936,  150,  120,  100,  120,   80,   70,   60,   70,   50,   40,   30,   40, -999
20150831, 1800,  , HU, 15.8N, 136.2W, 125,  940,  150,  120,  100,  120,   80,   70,   60,   70,   50,   40,   30,   40, -999
20150901, 0000,  , HU, 16.1N, 137.5W, 120,  944,  160,  150,  110,  140,   80,   70,   60,   80,   50,   40,   35,   45, -999
20150901, 0600,  , HU, 16.3N, 138.7W, 115,  948,  160,  150,  110,  140,   80,   70,   60,   80,   50,   40,   35,   45, -999
20150901, 1200,  , HU, 16.6N, 139.6W, 105,  954,  170,  140,  110,  150,   90,   80,   60,   80,   50,   40,   30,   40, -999
20150901, 1800,  , HU, 16.8N, 140.4W, 105,  955,  180,  140,   90,  150,   90,   80,   60,   80,   50,   40,   30,   40, -999
20150902, 0000,  , HU, 17.1N, 141.2W, 100,  959,  160,  130,   95,  150,   85,   70,   55,   80,   50,   40,   30,   40, -999
20150902, 0600,  , HU, 17.4N, 141.9W, 100,  959,  160,  130,   95,  150,   85,   70,   55,   80,   50,   40,   30,   40, -999
20150902, 1200,  , HU, 17.6N, 142.4W,  95,  961,  160,  130,  120,  150,   95,   80,   75,   90,   50,   40,   35,   40, -999
20150902, 1800,  , HU, 17.9N, 142.9W,  90,  965,  160,  130,  120,  150,   95,   80,   75,   90,   50,   40,   35,   40, -999
20150903, 0000,  , HU, 18.2N, 143.3W,  90,  965,  160,  130,  120,  150,   95,   80,   75,   90,   50,   40,   35,   40, -999
20150903, 0600,  , HU, 18.4N, 143.5W,  90,  965,  160,  130,  120,  150,   95,   80,   75,   90,   50,   40,   35,   40, -999
20150903, 1200,  , HU, 18.6N, 143.7W,  90,  965,  170,  140,  120,  150,  100,   85,   75,   90,   50,   40,   35,   40, -999
20150903, 1800,  , HU, 18.9N, 144.0W,  90,  965,  180,  140,  120,  160,   90,   80,   60,   80,   40,   30,   20,   40, -999
20150904, 0000,  , HU, 19.2N, 144.4W,  85,  968,  160,  140,  100,  140,   90,   70,   50,   80,   40,   30,   20,   30, -999
20150904, 0600,  , HU, 19.4N, 144.6W,  80,  971,  160,  135,   95,  135,   90,   70,   50,   80,   40,   30,   20,   30, -999
20150904, 1200,  , HU, 19.6N, 144.9W,  75,  975,  160,  135,  115,  140,   90,   70,   65,   80,   35,   30,   20,   25, -999
20150904, 1800,  , HU, 19.9N, 145.2W,  70,  978,  160,  135,  115,  140,   90,   70,   65,   80,   35,   30,   20,   25, -999
20150905, 0000,  , HU, 20.2N, 145.5W,  65,  981,  200,  135,  110,  180,   90,   70,   65,   80,   35,   30,   20,   25, -999
20150905, 0600,  , HU, 20.6N, 145.8W,  70,  978,  200,  130,   90,  200,   90,   60,   50,   90,   30,   20,   10,   30, -999
20150905, 1200,  , HU, 21.0N, 146.1W,  65,  982,  180,  130,   80,  180,   70,   50,   40,   70,   20,   10,    0,   20, -999
20150905, 1800,  , TS, 21.5N, 146.5W,  60,  985,  160,  120,   70,  160,   60,   40,   30,   60,    0,    0,    0,    0, -999
20150906, 0000,  , TS, 22.1N, 146.9W,  55,  988,  180,  120,   90,  180,   50,   40,   20,   50,    0,    0,    0,    0, -999
20150906, 0600,  , TS, 22.9N, 147.3W,  50,  991,  180,  140,   70,  180,   40,   20,    0,   40,    0,    0,    0,    0, -999
20150906, 1200,  , TS, 23.7N, 147.7W,  50,  991,  180,  140,   70,  140,   40,   20,   10,   40,    0,    0,    0,    0, -999
20150906, 1800,  , TS, 24.5N, 148.2W,  45,  994,  180,  110,   90,  150,    0,    0,    0,    0,    0,    0,    0,    0, -999
20150907, 0000,  , TS, 25.3N, 148.8W,  45,  995,  180,  130,   90,  150,    0,    0,    0,    0,    0,    0,    0,    0, -999
20150907, 0600,  , TS, 25.9N, 149.4W,  45,  995,  180,  130,   90,  150,    0,    0,    0,    0,    0,    0,    0,    0, -999
20150907, 1200,  , TS, 26.1N, 149.8W,  45,  995,  190,  120,   80,  140,    0,    0,    0,    0,    0,    0,    0,    0, -999
20150907, 1800,  , TS, 26.2N, 150.2W,  45,  995,  190,  120,   80,  140,    0,    0,    0,    0,    0,    0,    0,    0, -999
20150908, 0000,  , TS, 26.3N, 150.6W,  45,  995,  190,  120,   80,  140,    0,    0,    0,    0,    0,    0,    0,    0, -999
20150908, 0600,  , TS, 26.3N, 151.2W,  45,  996,  190,  120,   80,  140,    0,    0,    0,    0,    0,    0,    0,    0, -999
20150908, 1200,  , TS, 26.3N, 152.1W,  50,  995,  190,  120,   80,  140,   60,    0,    0,    0,    0,    0,    0,    0, -999
20150908, 1800,  , TS, 26.2N, 152.8W,  50,  995,  120,   60,   40,  120,   60,    0,    0,    0,    0,    0,    0,    0, -999
20150909, 0000,  , TS, 26.0N, 153.6W,  45,  998,  120,    0,    0,  120,    0,    0,    0,    0,    0,    0,    0,    0, -999
20150909, 0600,  , TS, 25.8N, 154.5W,  40, 1000,  110,    0,    0,  110,    0,    0,    0,    0,    0,    0,    0,    0, -999
20150909, 1200,  , TD, 25.5N, 155.2W,  30, 1004,    0,    0,    0,    0,    0,    0,    0,    0,    0,    0,    0,    0, -999
20150909, 1800,  , TD, 25.0N, 156.0W,  30, 1005,    0,    0,    0,    0,    0,    0,    0,    0,    0,    0,    0,    0, -999
20150910, 0000,  , LO, 24.7N, 156.8W,  30, 1005,    0,    0,    0,    0,    0,    0,    0,    0,    0,    0,    0,    0, -999
EP142015,              KEVIN,     23,
20150831, 1800,  , TD, 11.8N, 111.7W,  30, 1006,    0,    0,    0,    0,    0,    0,    0,    0,    0,    0,    0,    0, -999
20150901, 0000,  , TD, 12.0N, 112.4W,  30, 1006,    0,    0,    0,    0,    0,    0,    0,    0,    0,    0,    0,    0, -999
20150901, 0600,  , TD, 12.2N, 113.1W,  30, 1006,    0,    0,    0,    0,    0,    0,    0,    0,    0,    0,    0,    0, -999
20150901, 1200,  , TD, 12.6N, 113.5W,  30, 1006,    0,    0,    0,    0,    0,    0,    0,    0,    0,    0,    0,    0, -999
20150901, 1800,  , TS, 13.1N, 113.9W,  35, 1006,   60,  150,    0,    0,    0,    0,    0,    0,    0,    0,    0,    0, -999
20150902, 0000,  , TS, 13.8N, 114.2W,  35, 1006,   60,  120,    0,    0,    0,    0,    0,    0,    0,    0,    0,    0, -999
20150902, 0600,  , TS, 14.7N, 114.4W,  35, 1005,   40,   90,    0,   40,    0,    0,    0,    0,    0,    0,    0,    0, -999
20150902, 1200,  , TS, 15.6N, 114.7W,  35, 1005,   40,   60,    0,   40,    0,    0,    0,    0,    0,    0,    0,    0, -999
20150902, 1800,  , TS, 16.2N, 114.9W,  35, 1005,   40,   30,    0,   40,    0,    0,    0,    0,    0,    0,    0,    0, -999
20150903, 0000,  , TS, 16.7N, 115.1W,  40, 1003,   40,    0,    0,   60,    0,    0,    0,    0,    0,    0,    0,    0, -999
20150903, 0600,  , TS, 17.2N, 115.4W,  45, 1001,   40,    0,    0,   60,    0,    0,    0,    0,    0,    0,    0,    0, -999
20150903, 1200,  , TS, 17.7N, 115.6W,  45, 1000,   40,    0,    0,   60,    0,    0,    0,    0,    0,    0,    0,    0, -999
20150903, 1800,  , TS, 18.5N, 115.8W,  50,  998,   40,    0,    0,   60,   20,    0,    0,    0,    0,    0,    0,    0, -999
20150904, 0000,  , TS, 19.4N, 115.7W,  45,  999,   40,    0,    0,   60,    0,    0,    0,    0,    0,    0,    0,    0, -999
20150904, 0600,  , TS, 20.2N, 115.5W,  45, 1000,   40,    0,    0,   60,    0,    0,    0,    0,    0,    0,    0,    0, -999
20150904, 1200,  , TS, 20.9N, 115.3W,  45, 1001,   40,    0,    0,   60,    0,    0,    0,    0,    0,    0,    0,    0, -999
20150904, 1800,  , TS, 21.6N, 115.1W,  40, 1002,   40,    0,    0,   60,    0,    0,    0,    0,    0,    0,    0,    0, -999
20150905, 0000,  , TS, 22.3N, 114.8W,  35, 1003,   40,    0,    0,   60,    0,    0,    0,    0,    0,    0,    0,    0, -999
20150905, 0600,  , TD, 22.8N, 114.6W,  30, 1005,    0,    0,    0,    0,    0,    0,    0,    0,    0,    0,    0,    0, -999
20150905, 1200,  , LO, 23.2N, 114.3W,  25, 1008,    0,    0,    0,    0,    0,    0,    0,    0,    0,    0,    0,    0, -999
20150905, 1800,  , LO, 23.7N, 114.5W,  20, 1010,    0,    0,    0,    0,    0,    0,    0,    0,    0,    0,    0,    0, -999
20150906, 0000,  , LO, 24.0N, 114.7W,  15, 1012,    0,    0,    0,    0,    0,    0,    0,    0,    0,    0,    0,    0, -999
20150906, 0600,  , LO, 24.1N, 114.8W,  15, 1013,    0,    0,    0,    0,    0,    0,    0,    0,    0,    0,    0,    0, -999
EP152015,              LINDA,     41,
20150904, 1200,  , LO, 10.0N, 104.0W,  25, 1007,    0,    0,    0,    0,    0,    0,    0,    0,    0,    0,    0,    0, -999
20150904, 1800,  , LO, 10.4N, 104.4W,  25, 1007,    0,    0,    0,    0,    0,    0,    0,    0,    0,    0,    0,    0, -999
20150905, 0000,  , LO, 10.8N, 104.8W,  25, 1006,    0,    0,    0,    0,    0,    0,    0,    0,    0,    0,    0,    0, -999
20150905, 0600,  , LO, 11.3N, 105.3W,  25, 1006,    0,    0,    0,    0,    0,    0,    0,    0,    0,    0,    0,    0, -999
20150905, 1200,  , LO, 11.7N, 105.8W,  25, 1005,    0,    0,    0,    0,    0,    0,    0,    0,    0,    0,    0,    0, -999
20150905, 1800,  , TD, 12.1N, 106.3W,  25, 1003,    0,    0,    0,    0,    0,    0,    0,    0,    0,    0,    0,    0, -999
20150906, 0000,  , TD, 12.6N, 107.0W,  30, 1001,    0,    0,    0,    0,    0,    0,    0,    0,    0,    0,    0,    0, -999
20150906, 0600,  , TS, 13.2N, 107.8W,  35,  999,   40,   40,    0,    0,    0,    0,    0,    0,    0,    0,    0,    0, -999
20150906, 1200,  , TS, 13.8N, 108.6W,  40,  997,   60,   60,    0,   40,    0,    0,    0,    0,    0,    0,    0,    0, -999
20150906, 1800,  , TS, 14.5N, 109.3W,  50,  995,   80,   60,   50,   70,   30,    0,    0,    0,    0,    0,    0,    0, -999
20150907, 0000,  , TS, 15.4N, 110.1W,  60,  990,   80,   80,   50,   70,   40,   30,    0,   30,    0,    0,    0,    0, -999
20150907, 0600,  , HU, 16.3N, 111.0W,  75,  984,   90,   90,   60,   70,   40,   40,   30,   40,   20,   20,   15,   20, -999
20150907, 1200,  , HU, 17.2N, 111.7W,  85,  976,  100,  100,   60,   70,   40,   40,   30,   40,   20,   20,   15,   20, -999
20150907, 1800,  , HU, 17.9N, 112.1W,  85,  974,  100,  100,   60,   70,   40,   40,   30,   40,   20,   20,   15,   20, -999
20150908, 0000,  , HU, 18.6N, 112.5W,  85,  971,  100,  100,   60,   70,   40,   40,   30,   40,   20,   20,   15,   20, -999
20150908, 0600,  , HU, 19.6N, 113.0W,  90,  964,  100,  100,   70,   70,   40,   40,   30,   40,   25,   25,   15,   20, -999
20150908, 1200,  , HU, 20.6N, 113.6W, 110,  950,  120,  120,   80,   90,   50,   50,   30,   40,   30,   30,   20,   25, -999
20150908, 1800,  , HU, 21.5N, 114.5W, 110,  950,  140,  140,   80,   90,   50,   50,   30,   40,   30,   30,   20,   25, -999
20150909, 0000,  , HU, 22.2N, 115.3W, 105,  955,  140,  140,   80,   90,   50,   50,   40,   40,   30,   30,   20,   25, -999
20150909, 0600,  , HU, 22.8N, 115.9W,  90,  965,  120,  120,   80,   90,   50,   50,   40,   40,   30,   30,   20,   20, -999
20150909, 1200,  , HU, 23.4N, 116.4W,  75,  976,  100,  100,   80,   90,   50,   50,   40,   40,   30,   30,   20,   20, -999
20150909, 1800,  , TS, 24.0N, 117.0W,  60,  986,   90,   60,   60,   90,   40,   30,   30,   40,    0,    0,    0,    0, -999
20150910, 0000,  , TS, 24.6N, 117.5W,  55,  990,   90,   30,   30,   90,   30,    0,    0,   30,    0,    0,    0,    0, -999
20150910, 0600,  , TS, 25.2N, 118.0W,  45,  996,   60,    0,    0,   60,    0,    0,    0,    0,    0,    0,    0,    0, -999
20150910, 1200,  , LO, 25.7N, 118.4W,  35, 1002,   40,    0,    0,   40,    0,    0,    0,    0,    0,    0,    0,    0, -999
20150910, 1800,  , LO, 26.1N, 118.8W,  30, 1002,    0,    0,    0,    0,    0,    0,    0,    0,    0,    0,    0,    0, -999
20150911, 0000,  , LO, 26.4N, 119.2W,  30, 1003,    0,    0,    0,    0,    0,    0,    0,    0,    0,    0,    0,    0, -999
20150911, 0600,  , LO, 26.6N, 119.6W,  30, 1003,    0,    0,    0,    0,    0,    0,    0,    0,    0,    0,    0,    0, -999
20150911, 1200,  , LO, 26.8N, 120.0W,  30, 1003,    0,    0,    0,    0,    0,    0,    0,    0,    0,    0,    0,    0, -999
20150911, 1800,  , LO, 27.1N, 120.4W,  25, 1004,    0,    0,    0,    0,    0,    0,    0,    0,    0,    0,    0,    0, -999
20150912, 0000,  , LO, 27.4N, 120.9W,  25, 1004,    0,    0,    0,    0,    0,    0,    0,    0,    0,    0,    0,    0, -999
20150912, 0600,  , LO, 27.5N, 121.4W,  25, 1004,    0,    0,    0,    0,    0,    0,    0,    0,    0,    0,    0,    0, -999
20150912, 1200,  , LO, 27.6N, 121.8W,  25, 1004,    0,    0,    0,    0,    0,    0,    0,    0,    0,    0,    0,    0, -999
20150912, 1800,  , LO, 27.6N, 122.2W,  25, 1004,    0,    0,    0,    0,    0,    0,    0,    0,    0,    0,    0,    0, -999
20150913, 0000,  , LO, 27.7N, 122.4W,  20, 1005,    0,    0,    0,    0,    0,    0,    0,    0,    0,    0,    0,    0, -999
20150913, 0600,  , LO, 27.7N, 122.6W,  20, 1005,    0,    0,    0,    0,    0,    0,    0,    0,    0,    0,    0,    0, -999
20150913, 1200,  , LO, 27.8N, 122.8W,  20, 1005,    0,    0,    0,    0,    0,    0,    0,    0,    0,    0,    0,    0, -999
20150913, 1800,  , LO, 27.8N, 123.0W,  15, 1006,    0,    0,    0,    0,    0,    0,    0,    0,    0,    0,    0,    0, -999
20150914, 0000,  , LO, 27.8N, 123.0W,  15, 1007,    0,    0,    0,    0,    0,    0,    0,    0,    0,    0,    0,    0, -999
20150914, 0600,  , LO, 27.8N, 122.9W,  15, 1008,    0,    0,    0,    0,    0,    0,    0,    0,    0,    0,    0,    0, -999
20150914, 1200,  , LO, 27.8N, 122.7W,  15, 1008,    0,    0,    0,    0,    0,    0,    0,    0,    0,    0,    0,    0, -999
CP052015,              MALIA,     24,
20150917, 0600,  , DB, 11.9N, 173.4W,  20, 1007,    0,    0,    0,    0,    0,    0,    0,    0,    0,    0,    0,    0, -999
20150917, 1200,  , DB, 12.9N, 174.3W,  20, 1007,    0,    0,    0,    0,    0,    0,    0,    0,    0,    0,    0,    0, -999
20150917, 1800,  , DB, 13.9N, 175.2W,  20, 1007,    0,    0,    0,    0,    0,    0,    0,    0,    0,    0,    0,    0, -999
20150918, 0000,  , LO, 14.7N, 175.8W,  25, 1007,    0,    0,    0,    0,    0,    0,    0,    0,    0,    0,    0,    0, -999
20150918, 0600,  , LO, 15.5N, 176.3W,  25, 1007,    0,    0,    0,    0,    0,    0,    0,    0,    0,    0,    0,    0, -999
20150918, 1200,  , LO, 16.4N, 176.4W,  25, 1007,    0,    0,    0,    0,    0,    0,    0,    0,    0,    0,    0,    0, -999
20150918, 1800,  , TD, 17.2N, 176.0W,  30, 1005,    0,    0,    0,    0,    0,    0,    0,    0,    0,    0,    0,    0, -999
20150919, 0000,  , TD, 17.7N, 175.4W,  30, 1005,    0,    0,    0,    0,    0,    0,    0,    0,    0,    0,    0,    0, -999
20150919, 0600,  , TD, 18.0N, 175.0W,  30, 1005,    0,    0,    0,    0,    0,    0,    0,    0,    0,    0,    0,    0, -999
20150919, 1200,  , TD, 18.3N, 174.7W,  30, 1005,    0,    0,    0,    0,    0,    0,    0,    0,    0,    0,    0,    0, -999
20150919, 1800,  , TD, 18.7N, 174.4W,  30, 1005,    0,    0,    0,    0,    0,    0,    0,    0,    0,    0,    0,    0, -999
20150920, 0000,  , TD, 19.2N, 174.1W,  30, 1005,    0,    0,    0,    0,    0,    0,    0,    0,    0,    0,    0,    0, -999
20150920, 0600,  , TD, 19.7N, 173.8W,  30, 1005,    0,    0,    0,    0,    0,    0,    0,    0,    0,    0,    0,    0, -999
20150920, 1200,  , TD, 20.5N, 173.5W,  30, 1005,    0,    0,    0,    0,    0,    0,    0,    0,    0,    0,    0,    0, -999
20150920, 1800,  , TD, 21.8N, 173.2W,  30, 1005,    0,    0,    0,    0,    0,    0,    0,    0,    0,    0,    0,    0, -999
20150921, 0000,  , TS, 23.1N, 172.5W,  35, 1001,   60,   50,    0,   20,    0,    0,    0,    0,    0,    0,    0,    0, -999
20150921, 0600,  , TS, 24.1N, 171.8W,  40,  998,  140,  120,   10,   60,    0,    0,    0,    0,    0,    0,    0,    0, -999
20150921, 1200,  , TS, 25.2N, 171.4W,  45,  992,  220,  180,   25,  100,    0,    0,    0,    0,    0,    0,    0,    0, -999
20150921, 1800,  , TS, 26.4N, 171.3W,  40,  993,  200,  165,   10,   70,    0,    0,    0,    0,    0,    0,    0,    0, -999
20150922, 0000,  , TS, 27.1N, 172.0W,  40,  993,  180,  180,    0,   40,    0,    0,    0,    0,    0,    0,    0,    0, -999
20150922, 0600,  , TS, 27.5N, 172.4W,  35,  994,  180,  180,    0,   40,    0,    0,    0,    0,    0,    0,    0,    0, -999
20150922, 1200,  , TS, 28.2N, 173.0W,  35,  994,  180,  180,    0,   40,    0,    0,    0,    0,    0,    0,    0,    0, -999
20150922, 1800,  , LO, 29.3N, 173.3W,  35,  996,  180,  180,    0,   40,    0,    0,    0,    0,    0,    0,    0,    0, -999
20150923, 0000,  , LO, 30.8N, 173.5W,  35,  996,  180,  180,    0,   40,    0,    0,    0,    0,    0,    0,    0,    0, -999
EP162015,            SIXTEEN,      7,
20150920, 1800,  , TD, 24.3N, 113.7W,  30, 1003,    0,    0,    0,    0,    0,    0,    0,    0,    0,    0,    0,    0, -999
20150921, 0000,  , TD, 25.5N, 113.4W,  30, 1002,    0,    0,    0,    0,    0,    0,    0,    0,    0,    0,    0,    0, -999
20150921, 0445, L, TD, 26.6N, 113.1W,  30, 1001,    0,    0,    0,    0,    0,    0,    0,    0,    0,    0,    0,    0, -999
20150921, 0600,  , TD, 26.8N, 113.0W,  30, 1001,    0,    0,    0,    0,    0,    0,    0,    0,    0,    0,    0,    0, -999
20150921, 1200,  , TD, 28.3N, 112.5W,  30, 1001,    0,    0,    0,    0,    0,    0,    0,    0,    0,    0,    0,    0, -999
20150921, 1345, L, TD, 28.8N, 112.3W,  30, 1002,    0,    0,    0,    0,    0,    0,    0,    0,    0,    0,    0,    0, -999
20150921, 1500, L, TD, 29.2N, 112.2W,  30, 1003,    0,    0,    0,    0,    0,    0,    0,    0,    0,    0,    0,    0, -999
CP062015,              NIALA,     31,
20150923, 0600,  , LO, 11.3N, 146.3W,  25, 1007,    0,    0,    0,    0,    0,    0,    0,    0,    0,    0,    0,    0, -999
20150923, 1200,  , LO, 11.4N, 146.6W,  25, 1006,    0,    0,    0,    0,    0,    0,    0,    0,    0,    0,    0,    0, -999
20150923, 1800,  , LO, 11.6N, 147.0W,  25, 1006,    0,    0,    0,    0,    0,    0,    0,    0,    0,    0,    0,    0, -999
20150924, 0000,  , LO, 11.8N, 147.5W,  25, 1006,    0,    0,    0,    0,    0,    0,    0,    0,    0,    0,    0,    0, -999
20150924, 0600,  , LO, 12.3N, 147.9W,  25, 1006,    0,    0,    0,    0,    0,    0,    0,    0,    0,    0,    0,    0, -999
20150924, 1200,  , LO, 12.9N, 148.2W,  25, 1006,    0,    0,    0,    0,    0,    0,    0,    0,    0,    0,    0,    0, -999
20150924, 1800,  , LO, 13.6N, 148.6W,  25, 1006,    0,    0,    0,    0,    0,    0,    0,    0,    0,    0,    0,    0, -999
20150925, 0000,  , TD, 14.0N, 149.1W,  30, 1004,    0,    0,    0,    0,    0,    0,    0,    0,    0,    0,    0,    0, -999
20150925, 0600,  , TS, 14.4N, 149.5W,  35, 1002,   65,   50,    0,   25,    0,    0,    0,    0,    0,    0,    0,    0, -999
20150925, 1200,  , TS, 14.8N, 149.8W,  35, 1002,   65,   50,    0,   25,    0,    0,    0,    0,    0,    0,    0,    0, -999
20150925, 1800,  , TS, 15.6N, 150.2W,  40, 1001,   70,   55,    0,   35,    0,    0,    0,    0,    0,    0,    0,    0, -999
20150926, 0000,  , TS, 16.0N, 150.6W,  45,  999,   70,   55,    0,   35,    0,    0,    0,    0,    0,    0,    0,    0, -999
20150926, 0600,  , TS, 16.5N, 151.0W,  45,  999,   70,   60,    0,   40,    0,    0,    0,    0,    0,    0,    0,    0, -999
20150926, 1200,  , TS, 17.1N, 151.5W,  50,  997,   80,   70,   30,   70,   30,   20,    0,    0,    0,    0,    0,    0, -999
20150926, 1800,  , TS, 17.1N, 151.9W,  55,  992,   80,   70,   30,   70,   40,   20,   20,   30,    0,    0,    0,    0, -999
20150927, 0000,  , TS, 16.9N, 152.6W,  50,  995,   90,   65,   40,   70,   40,   20,   20,   40,    0,    0,    0,    0, -999
20150927, 0600,  , TS, 16.6N, 153.2W,  45,  999,   70,   25,   45,   70,    0,    0,    0,    0,    0,    0,    0,    0, -999
20150927, 1200,  , TS, 16.3N, 153.6W,  45,  999,   70,   25,   45,   70,    0,    0,    0,    0,    0,    0,    0,    0, -999
20150927, 1800,  , TS, 16.1N, 154.3W,  45,  999,   70,   25,   45,   70,    0,    0,    0,    0,    0,    0,    0,    0, -999
20150928, 0000,  , TS, 15.7N, 155.2W,  40, 1004,   50,   25,   30,   50,    0,    0,    0,    0,    0,    0,    0,    0, -999
20150928, 0600,  , TS, 15.4N, 155.8W,  35, 1005,   45,   20,    0,   45,    0,    0,    0,    0,    0,    0,    0,    0, -999
20150928, 1200,  , TD, 15.0N, 156.6W,  30, 1007,    0,    0,    0,    0,    0,    0,    0,    0,    0,    0,    0,    0, -999
20150928, 1800,  , TD, 15.1N, 157.5W,  25, 1008,    0,    0,    0,    0,    0,    0,    0,    0,    0,    0,    0,    0, -999
20150929, 0000,  , LO, 15.4N, 158.4W,  25, 1009,    0,    0,    0,    0,    0,    0,    0,    0,    0,    0,    0,    0, -999
20150929, 0600,  , LO, 15.5N, 159.2W,  25, 1009,    0,    0,    0,    0,    0,    0,    0,    0,    0,    0,    0,    0, -999
20150929, 1200,  , LO, 15.6N, 159.9W,  25, 1009,    0,    0,    0,    0,    0,    0,    0,    0,    0,    0,    0,    0, -999
20150929, 1800,  , LO, 15.4N, 160.4W,  25, 1009,    0,    0,    0,    0,    0,    0,    0,    0,    0,    0,    0,    0, -999
20150930, 0000,  , LO, 15.1N, 160.8W,  25, 1008,    0,    0,    0,    0,    0,    0,    0,    0,    0,    0,    0,    0, -999
20150930, 0600,  , LO, 14.7N, 161.2W,  25, 1008,    0,    0,    0,    0,    0,    0,    0,    0,    0,    0,    0,    0, -999
20150930, 1200,  , LO, 14.2N, 161.6W,  25, 1008,    0,    0,    0,    0,    0,    0,    0,    0,    0,    0,    0,    0, -999
20150930, 1800,  , LO, 14.1N, 162.2W,  20, 1009,    0,    0,    0,    0,    0,    0,    0,    0,    0,    0,    0,    0, -999
EP172015,              MARTY,     18,
20150926, 1200,  , LO, 12.7N, 102.8W,  25, 1006,    0,    0,    0,    0,    0,    0,    0,    0,    0,    0,    0,    0, -999
20150926, 1800,  , TD, 13.1N, 103.0W,  30, 1005,    0,    0,    0,    0,    0,    0,    0,    0,    0,    0,    0,    0, -999
20150927, 0000,  , TS, 13.6N, 103.1W,  40, 1003,   60,   70,    0,   20,    0,    0,    0,    0,    0,    0,    0,    0, -999
20150927, 0600,  , TS, 14.1N, 103.1W,  45, 1000,   60,   70,    0,   20,    0,    0,    0,    0,    0,    0,    0,    0, -999
20150927, 1200,  , TS, 14.6N, 103.1W,  50,  997,   60,   70,   20,   30,   20,   20,    0,    0,    0,    0,    0,    0, -999
20150927, 1800,  , TS, 15.0N, 103.1W,  50,  997,   70,   70,   20,   50,   20,   20,    0,   20,    0,    0,    0,    0, -999
20150928, 0000,  , TS, 15.4N, 103.2W,  55,  994,   80,   70,   20,   70,   30,   20,    0,   20,    0,    0,    0,    0, -999
20150928, 0600,  , TS, 15.8N, 103.2W,  60,  991,   80,   70,   20,   70,   30,   20,    0,   20,    0,    0,    0,    0, -999
20150928, 1200,  , HU, 16.3N, 103.0W,  65,  989,   80,   70,   30,   70,   40,   20,    0,   20,   15,   15,    0,    0, -999
20150928, 1800,  , HU, 16.6N, 102.4W,  70,  987,   80,   60,   40,   70,   40,   20,   20,   30,   15,   15,   10,   10, -999
20150929, 0000,  , HU, 16.5N, 102.1W,  65,  988,   70,   60,   40,   70,   40,   30,   20,   30,   15,   15,   15,   10, -999
20150929, 0600,  , TS, 16.3N, 101.9W,  60,  991,   70,   70,   40,   70,   40,   30,   20,   30,    0,    0,    0,    0, -999
20150929, 1200,  , TS, 16.2N, 101.6W,  55,  994,   70,   70,   40,   70,   40,   30,   20,   30,    0,    0,    0,    0, -999
20150929, 1800,  , TS, 16.2N, 101.2W,  45, 1000,   70,   70,   40,   70,    0,    0,    0,    0,    0,    0,    0,    0, -999
20150930, 0000,  , TS, 16.1N, 101.3W,  40, 1002,   70,   70,   30,   70,    0,    0,    0,    0,    0,    0,    0,    0, -999
20150930, 0600,  , LO, 16.1N, 101.7W,  35, 1003,   60,   60,   20,   60,    0,    0,    0,    0,    0,    0,    0,    0, -999
20150930, 1200,  , LO, 16.2N, 102.2W,  30, 1004,    0,    0,    0,    0,    0,    0,    0,    0,    0,    0,    0,    0, -999
20150930, 1800,  , LO, 16.4N, 102.7W,  30, 1005,    0,    0,    0,    0,    0,    0,    0,    0,    0,    0,    0,    0, -999
CP072015,                OHO,     38,
20151001, 0600,  , DB, 12.8N, 159.5W,  20, 1005,    0,    0,    0,    0,    0,    0,    0,    0,    0,    0,    0,    0, -999
20151001, 1200,  , DB, 13.0N, 159.2W,  25, 1004,    0,    0,    0,    0,    0,    0,    0,    0,    0,    0,    0,    0, -999
20151001, 1800,  , DB, 13.1N, 158.8W,  25, 1004,    0,    0,    0,    0,    0,    0,    0,    0,    0,    0,    0,    0, -999
20151002, 0000,  , DB, 13.2N, 158.0W,  25, 1004,    0,    0,    0,    0,    0,    0,    0,    0,    0,    0,    0,    0, -999
20151002, 0600,  , LO, 12.9N, 157.4W,  25, 1004,    0,    0,    0,    0,    0,    0,    0,    0,    0,    0,    0,    0, -999
20151002, 1200,  , LO, 12.7N, 156.9W,  25, 1003,    0,    0,    0,    0,    0,    0,    0,    0,    0,    0,    0,    0, -999
20151002, 1800,  , LO, 12.4N, 156.3W,  25, 1002,    0,    0,    0,    0,    0,    0,    0,    0,    0,    0,    0,    0, -999
20151003, 0000,  , LO, 12.4N, 155.8W,  30, 1001,    0,    0,    0,    0,    0,    0,    0,    0,    0,    0,    0,    0, -999
20151003, 0600,  , TD, 12.5N, 155.4W,  30, 1001,    0,    0,    0,    0,    0,    0,    0,    0,    0,    0,    0,    0, -999
20151003, 1200,  , TS, 12.6N, 155.2W,  35, 1000,   30,   50,   50,   30,    0,    0,    0,    0,    0,    0,    0,    0, -999
20151003, 1800,  , TS, 12.7N, 155.0W,  35, 1000,   30,   50,   50,   30,    0,    0,    0,    0,    0,    0,    0,    0, -999
20151004, 0000,  , TS, 12.9N, 154.5W,  35, 1000,   30,   60,   60,   30,    0,    0,    0,    0,    0,    0,    0,    0, -999
20151004, 0600,  , TS, 13.1N, 154.6W,  35, 1000,   30,   60,   60,   30,    0,    0,    0,    0,    0,    0,    0,    0, -999
20151004, 1200,  , TS, 13.2N, 154.8W,  35, 1000,   30,   70,   70,   40,    0,    0,    0,    0,    0,    0,    0,    0, -999
20151004, 1800,  , TS, 13.3N, 154.9W,  35, 1000,   30,   70,   70,   40,    0,    0,    0,    0,    0,    0,    0,    0, -999
20151005, 0000,  , TS, 13.5N, 154.8W,  40,  996,   40,   80,   80,   50,    0,    0,    0,    0,    0,    0,    0,    0, -999
20151005, 0600,  , TS, 13.7N, 154.7W,  45,  989,   40,  100,  100,   50,    0,    0,    0,    0,    0,    0,    0,    0, -999
20151005, 1200,  , TS, 14.0N, 154.5W,  50,  986,   50,  100,   90,   50,    0,   30,   30,    0,    0,    0,    0,    0, -999
20151005, 1800,  , TS, 14.5N, 154.0W,  55,  984,   60,  110,  100,   60,   30,   30,   30,   30,    0,    0,    0,    0, -999
20151006, 0000,  , TS, 14.7N, 153.7W,  55,  984,   60,  110,  100,   60,   30,   30,   30,   30,    0,    0,    0,    0, -999
20151006, 0600,  , TS, 14.9N, 153.1W,  60,  982,   70,  110,  100,   70,   30,   35,   30,   30,    0,    0,    0,    0, -999
20151006, 1200,  , HU, 15.1N, 151.9W,  65,  980,   90,  140,  120,   80,   35,   45,   35,   30,   25,   25,    0,    0, -999
20151006, 1800,  , HU, 15.9N, 150.7W,  75,  975,  100,  150,  130,   80,   45,   50,   40,   30,   25,   30,   15,   15, -999
20151007, 0000,  , HU, 17.1N, 149.4W,  80,  971,  110,  150,  130,   80,   45,   55,   40,   30,   25,   30,   15,   15, -999
20151007, 0600,  , HU, 19.1N, 147.9W,  90,  962,  130,  150,  110,  100,   55,   55,   40,   40,   30,   30,   20,   20, -999
20151007, 1200,  , HU, 21.9N, 146.6W,  95,  957,  140,  160,  120,  120,   70,   60,   40,   45,   35,   30,   20,   25, -999
20151007, 1800,  , HU, 25.0N, 145.1W,  90,  966,  160,  180,  140,  140,   70,   60,   40,   45,   40,   35,   20,   25, -999
20151008, 0000,  , HU, 28.8N, 145.2W,  75,  973,  200,  200,  250,  250,   90,   90,    0,    0,   45,   45,    0,    0, -999
20151008, 0600,  , HU, 30.8N, 144.1W,  65,  978,  200,  200,  250,  250,   90,   90,    0,    0,   35,   35,    0,    0, -999
20151008, 1200,  , EX, 33.3N, 142.5W,  60,  983,  200,  240,  200,  180,   90,   90,   30,   30,    0,    0,    0,    0, -999
20151008, 1800,  , EX, 37.0N, 139.5W,  55,  985,  270,  300,  270,    0,   75,   90,   60,    0,    0,    0,    0,    0, -999
20151009, 0000,  , EX, 45.0N, 141.5W,  45,  987,  360,  600,  600,    0,    0,    0,    0,    0,    0,    0,    0,    0, -999
20151009, 0600,  , EX, 49.0N, 137.0W,  50,  982,  390,  660,  660,    0,  150,  150,    0,    0,    0,    0,    0,    0, -999
20151009, 1200,  , EX, 53.0N, 137.0W,  65,  971,  390,  660,  360,  120,  180,  240,    0,    0,  120,  150,    0,    0, -999
20151009, 1800,  , EX, 56.0N, 138.0W,  55,  962,  300,  390,   90,   90,  200,  240,    0,    0,    0,    0,    0,    0, -999
20151010, 0000,  , EX, 57.5N, 139.0W,  40,  964,    0,  120,   90,    0,    0,    0,    0,    0,    0,    0,    0,    0, -999
20151010, 0600,  , EX, 59.5N, 142.0W,  35,  969,    0,  120,   90,    0,    0,    0,    0,    0,    0,    0,    0,    0, -999
20151010, 1200,  , EX, 63.0N, 138.0W,  25,  981,    0,    0,    0,    0,    0,    0,    0,    0,    0,    0,    0,    0, -999
CP082015,              EIGHT,     19,
20151002, 0000,  , LO, 12.9N, 172.7W,  30, 1004,    0,    0,    0,    0,    0,    0,    0,    0,    0,    0,    0,    0, -999
20151002, 0600,  , LO, 12.8N, 172.6W,  30, 1004,    0,    0,    0,    0,    0,    0,    0,    0,    0,    0,    0,    0, -999
20151002, 1200,  , LO, 12.7N, 172.5W,  30, 1004,    0,    0,    0,    0,    0,    0,    0,    0,    0,    0,    0,    0, -999
20151002, 1800,  , LO, 12.6N, 172.3W,  30, 1003,    0,    0,    0,    0,    0,    0,    0,    0,    0,    0,    0,    0, -999
20151003, 0000,  , LO, 12.4N, 171.9W,  30, 1002,    0,    0,    0,    0,    0,    0,    0,    0,    0,    0,    0,    0, -999
20151003, 0600,  , TD, 12.3N, 171.5W,  30, 1001,    0,    0,    0,    0,    0,    0,    0,    0,    0,    0,    0,    0, -999
20151003, 1200,  , TD, 12.0N, 171.2W,  30, 1001,    0,    0,    0,    0,    0,    0,    0,    0,    0,    0,    0,    0, -999
20151003, 1800,  , TD, 11.8N, 171.6W,  30, 1001,    0,    0,    0,    0,    0,    0,    0,    0,    0,    0,    0,    0, -999
20151004, 0000,  , TD, 11.2N, 171.8W,  30, 1001,    0,    0,    0,    0,    0,    0,    0,    0,    0,    0,    0,    0, -999
20151004, 0600,  , LO, 10.7N, 171.6W,  25, 1002,    0,    0,    0,    0,    0,    0,    0,    0,    0,    0,    0,    0, -999
20151004, 1200,  , LO, 10.9N, 171.7W,  25, 1002,    0,    0,    0,    0,    0,    0,    0,    0,    0,    0,    0,    0, -999
20151004, 1800,  , LO, 11.4N, 171.9W,  25, 1002,    0,    0,    0,    0,    0,    0,    0,    0,    0,    0,    0,    0, -999
20151005, 0000,  , LO, 11.4N, 172.8W,  25, 1002,    0,    0,    0,    0,    0,    0,    0,    0,    0,    0,    0,    0, -999
20151005, 0600,  , LO, 11.4N, 173.8W,  25, 1002,    0,    0,    0,    0,    0,    0,    0,    0,    0,    0,    0,    0, -999
20151005, 1200,  , LO, 11.5N, 174.5W,  25, 1003,    0,    0,    0,    0,    0,    0,    0,    0,    0,    0,    0,    0, -999
20151005, 1800,  , LO, 11.9N, 175.1W,  25, 1004,    0,    0,    0,    0,    0,    0,    0,    0,    0,    0,    0,    0, -999
20151006, 0000,  , LO, 12.3N, 176.1W,  25, 1004,    0,    0,    0,    0,    0,    0,    0,    0,    0,    0,    0,    0, -999
20151006, 0600,  , LO, 12.7N, 177.6W,  25, 1004,    0,    0,    0,    0,    0,    0,    0,    0,    0,    0,    0,    0, -999
20151006, 1200,  , LO, 12.8N, 179.3W,  25, 1004,    0,    0,    0,    0,    0,    0,    0,    0,    0,    0,    0,    0, -999
EP182015,               NORA,     27,
20151009, 0600,  , LO, 10.6N, 130.2W,  25, 1009,    0,    0,    0,    0,    0,    0,    0,    0,    0,    0,    0,    0, -999
20151009, 1200,  , TD, 10.8N, 131.6W,  30, 1008,    0,    0,    0,    0,    0,    0,    0,    0,    0,    0,    0,    0, -999
20151009, 1800,  , TD, 10.9N, 133.0W,  30, 1008,    0,    0,    0,    0,    0,    0,    0,    0,    0,    0,    0,    0, -999
20151010, 0000,  , TS, 11.1N, 134.5W,  35, 1006,   30,    0,    0,   40,    0,    0,    0,    0,    0,    0,    0,    0, -999
20151010, 0600,  , TS, 11.2N, 135.8W,  35, 1006,   30,    0,    0,   40,    0,    0,    0,    0,    0,    0,    0,    0, -999
20151010, 1200,  , TS, 11.3N, 137.0W,  40, 1004,   20,    0,    0,   50,    0,    0,    0,    0,    0,    0,    0,    0, -999
20151010, 1800,  , TS, 11.5N, 138.2W,  45, 1002,   20,    0,    0,   30,    0,    0,    0,    0,    0,    0,    0,    0, -999
20151011, 0000,  , TS, 11.6N, 139.4W,  45, 1002,   20,    0,    0,   30,    0,    0,    0,    0,    0,    0,    0,    0, -999
20151011, 0600,  , TS, 11.9N, 140.8W,  50, 1000,   30,    0,    0,   40,    0,    0,    0,   15,    0,    0,    0,    0, -999
20151011, 1200,  , TS, 12.1N, 141.8W,  55,  998,   30,    0,    0,   50,    0,    0,    0,   20,    0,    0,    0,    0, -999
20151011, 1800,  , TS, 12.2N, 142.7W,  60,  993,   40,   20,   20,   60,   20,   10,   10,   20,    0,    0,    0,    0, -999
20151012, 0000,  , TS, 12.3N, 143.5W,  60,  993,   40,   20,   20,   60,   20,   10,   10,   20,    0,    0,    0,    0, -999
20151012, 0600,  , TS, 12.4N, 144.3W,  60,  993,   60,   25,   25,   60,   25,   10,   10,   25,    0,    0,    0,    0, -999
20151012, 1200,  , TS, 12.5N, 145.2W,  55,  996,   60,   25,   25,   60,   25,    0,    0,   25,    0,    0,    0,    0, -999
20151012, 1800,  , TS, 12.7N, 146.2W,  50,  999,   60,   25,   25,   60,   25,    0,    0,   25,    0,    0,    0,    0, -999
20151013, 0000,  , TS, 13.1N, 147.2W,  45, 1001,   60,   25,   25,   60,    0,    0,    0,    0,    0,    0,    0,    0, -999
20151013, 0600,  , TS, 13.5N, 147.9W,  40, 1002,   55,   25,   25,   55,    0,    0,    0,    0,    0,    0,    0,    0, -999
20151013, 1200,  , TS, 13.9N, 148.5W,  40, 1002,   55,   25,   25,   55,    0,    0,    0,    0,    0,    0,    0,    0, -999
20151013, 1800,  , TS, 14.3N, 149.2W,  40, 1004,   60,    0,    0,   60,    0,    0,    0,    0,    0,    0,    0,    0, -999
20151014, 0000,  , TS, 14.7N, 149.9W,  35, 1002,   40,    0,    0,   40,    0,    0,    0,    0,    0,    0,    0,    0, -999
20151014, 0600,  , TD, 14.8N, 150.4W,  30, 1004,    0,    0,    0,    0,    0,    0,    0,    0,    0,    0,    0,    0, -999
20151014, 1200,  , TD, 14.8N, 150.8W,  30, 1004,    0,    0,    0,    0,    0,    0,    0,    0,    0,    0,    0,    0, -999
20151014, 1800,  , TD, 15.0N, 151.0W,  25, 1004,    0,    0,    0,    0,    0,    0,    0,    0,    0,    0,    0,    0, -999
20151015, 0000,  , TD, 15.3N, 151.3W,  25, 1005,    0,    0,    0,    0,    0,    0,    0,    0,    0,    0,    0,    0, -999
20151015, 0600,  , TD, 15.9N, 151.7W,  25, 1006,    0,    0,    0,    0,    0,    0,    0,    0,    0,    0,    0,    0, -999
20151015, 1200,  , TD, 16.4N, 152.2W,  25, 1008,    0,    0,    0,    0,    0,    0,    0,    0,    0,    0,    0,    0, -999
20151015, 1800,  , LO, 16.6N, 152.7W,  25, 1010,    0,    0,    0,    0,    0,    0,    0,    0,    0,    0,    0,    0, -999
EP192015,               OLAF,     55,
20151015, 0000,  , TD, 10.2N, 117.0W,  30, 1006,    0,    0,    0,    0,    0,    0,    0,    0,    0,    0,    0,    0, -999
20151015, 0600,  , TD, 10.3N, 118.2W,  30, 1006,    0,    0,    0,    0,    0,    0,    0,    0,    0,    0,    0,    0, -999
20151015, 1200,  , TD, 10.3N, 119.3W,  30, 1006,    0,    0,    0,    0,    0,    0,    0,    0,    0,    0,    0,    0, -999
20151015, 1800,  , TD, 10.2N, 120.5W,  30, 1006,    0,    0,    0,    0,    0,    0,    0,    0,    0,    0,    0,    0, -999
20151016, 0000,  , TD, 10.0N, 121.8W,  30, 1006,    0,    0,    0,    0,    0,    0,    0,    0,    0,    0,    0,    0, -999
20151016, 0600,  , TD,  9.8N, 123.1W,  30, 1006,    0,    0,    0,    0,    0,    0,    0,    0,    0,    0,    0,    0, -999
20151016, 1200,  , TD,  9.6N, 124.3W,  30, 1006,    0,    0,    0,    0,    0,    0,    0,    0,    0,    0,    0,    0, -999
20151016, 1800,  , TD,  9.5N, 125.6W,  30, 1005,    0,    0,    0,    0,    0,    0,    0,    0,    0,    0,    0,    0, -999
20151017, 0000,  , TS,  9.4N, 126.8W,  35, 1004,   30,    0,    0,   20,    0,    0,    0,    0,    0,    0,    0,    0, -999
20151017, 0600,  , TS,  9.3N, 127.9W,  45, 1003,   30,   30,   30,   20,    0,    0,    0,    0,    0,    0,    0,    0, -999
20151017, 1200,  , TS,  9.2N, 129.0W,  50,  999,   40,   40,   40,   30,   20,   10,    0,   10,    0,    0,    0,    0, -999
20151017, 1800,  , TS,  9.1N, 129.9W,  50,  999,   40,   50,   40,   30,   20,   10,    0,   20,    0,    0,    0,    0, -999
20151018, 0000,  , TS,  9.2N, 130.7W,  55,  994,   60,   90,   60,   40,   30,   20,    0,   20,    0,    0,    0,    0, -999
20151018, 0600,  , HU,  9.3N, 131.6W,  65,  991,   70,  120,   90,   50,   40,   40,   20,   20,   15,    0,    0,    0, -999
20151018, 1200,  , HU,  9.4N, 132.6W,  70,  988,   70,  120,   90,   50,   40,   40,   20,   20,   15,    0,    0,    0, -999
20151018, 1800,  , HU,  9.5N, 133.8W,  75,  985,   90,  120,   70,   70,   50,   40,   20,   30,   20,   15,    0,   10, -999
20151019, 0000,  , HU,  9.6N, 135.0W,  85,  978,   90,  120,   50,   70,   50,   40,   30,   40,   20,   15,   10,   10, -999
20151019, 0600,  , HU,  9.7N, 136.1W,  95,  970,   90,  120,   50,   70,   40,   50,   30,   40,   20,   15,   10,   10, -999
20151019, 1200,  , HU,  9.8N, 137.2W, 105,  962,   90,  120,   50,   70,   40,   50,   30,   40,   20,   15,   10,   10, -999
20151019, 1800,  , HU,  9.9N, 138.2W, 115,  954,   90,  120,   50,   70,   40,   50,   30,   40,   25,   20,   15,   15, -999
20151020, 0000,  , HU, 10.0N, 139.1W, 115,  954,  100,  120,   60,   70,   40,   50,   40,   40,   25,   20,   20,   20, -999
20151020, 0600,  , HU, 10.2N, 140.0W, 130,  938,  110,  120,   80,   90,   50,   60,   50,   50,   30,   30,   30,   30, -999
20151020, 1200,  , HU, 10.4N, 140.9W, 130,  938,  120,  120,   80,   90,   60,   60,   50,   50,   35,   30,   30,   30, -999
20151020, 1800,  , HU, 10.7N, 141.8W, 130,  938,  120,  120,   80,   90,   60,   60,   50,   50,   35,   30,   30,   30, -999
20151021, 0000,  , HU, 10.9N, 142.6W, 125,  943,  120,  120,   80,   90,   60,   60,   50,   50,   35,   30,   30,   30, -999
20151021, 0600,  , HU, 11.2N, 143.3W, 115,  952,  120,  120,  100,  100,   50,   50,   50,   50,   30,   30,   30,   30, -999
20151021, 1200,  , HU, 11.6N, 144.1W, 105,  958,  120,  120,  100,  110,   50,   50,   40,   50,   30,   30,   20,   30, -999
20151021, 1800,  , HU, 11.9N, 144.7W, 105,  958,  120,  120,  100,  110,   50,   50,   40,   50,   30,   30,   20,   30, -999
20151022, 0000,  , HU, 12.3N, 145.3W, 105,  958,  140,  115,   55,  100,   50,   40,   30,   50,   30,   25,   15,   30, -999
20151022, 0600,  , HU, 12.7N, 145.7W, 105,  957,  150,  125,  110,  130,   50,   40,   35,   50,   30,   25,   15,   30, -999
20151022, 1200,  , HU, 13.2N, 146.1W, 100,  961,  135,  100,   80,  115,   45,   35,   35,   45,   25,   25,   20,   25, -999
20151022, 1800,  , HU, 13.5N, 146.3W,  95,  963,  135,  100,   80,  120,   45,   35,   35,   45,   25,   25,   20,   25, -999
20151023, 0000,  , HU, 14.0N, 146.3W, 100,  961,  140,  100,   80,  120,   45,   35,   35,   45,   25,   25,   20,   25, -999
20151023, 0600,  , HU, 14.8N, 146.3W, 105,  958,  140,  100,   80,  120,   45,   35,   35,   45,   25,   25,   20,   25, -999
20151023, 1200,  , HU, 15.6N, 146.3W, 105,  957,  140,  100,   80,  120,   45,   35,   35,   45,   25,   25,   20,   25, -999
20151023, 1800,  , HU, 16.5N, 146.3W, 105,  957,  140,  100,   80,  120,   45,   35,   30,   45,   25,   25,   15,   25, -999
20151024, 0000,  , HU, 17.4N, 146.1W, 105,  956,  150,  110,  100,  140,   50,   55,   50,   60,   25,   25,   25,   25, -999
20151024, 0600,  , HU, 18.3N, 145.9W, 105,  956,  150,  110,  100,  140,   50,   55,   50,   60,   25,   25,   25,   25, -999
20151024, 1200,  , HU, 19.0N, 145.6W, 105,  955,  150,  110,  100,  140,   50,   55,   50,   60,   25,   25,   20,   20, -999
20151024, 1800,  , HU, 19.7N, 145.1W,  95,  964,  150,  120,   90,  110,   50,   50,   30,   40,   20,   20,   10,   15, -999
20151025, 0000,  , HU, 20.3N, 144.5W,  85,  970,  150,  130,   80,  110,   50,   50,   20,   40,   20,   20,    0,   15, -999
20151025, 0600,  , HU, 20.8N, 144.2W,  80,  974,  150,  130,   80,  110,   50,   50,   20,   40,   20,   20,    0,   15, -999
20151025, 1200,  , HU, 21.5N, 144.0W,  80,  974,  170,  150,   90,  120,   90,   70,   50,   70,   35,   35,   20,   30, -999
20151025, 1800,  , HU, 22.1N, 143.6W,  80,  974,  160,  140,   90,  120,   90,   70,   50,   70,   35,   35,   20,   30, -999
20151026, 0000,  , HU, 22.9N, 143.0W,  75,  977,  150,  130,   80,  100,   80,   70,   40,   50,   35,   30,   20,   25, -999
20151026, 0600,  , HU, 23.6N, 142.4W,  65,  983,  150,  130,   70,   90,   70,   60,   30,   40,   25,    0,    0,    0, -999
20151026, 1200,  , TS, 24.4N, 141.5W,  55,  989,  140,  120,   60,   80,   60,   50,   20,   30,    0,    0,    0,    0, -999
20151026, 1800,  , TS, 25.3N, 139.5W,  50,  992,  140,  120,   60,   80,   60,   50,    0,   30,    0,    0,    0,    0, -999
20151027, 0000,  , TS, 25.9N, 137.9W,  45,  995,  130,  110,   50,   70,    0,    0,    0,    0,    0,    0,    0,    0, -999
20151027, 0600,  , TS, 26.2N, 136.6W,  45, 1000,   90,   80,   60,   70,    0,    0,    0,    0,    0,    0,    0,    0, -999
20151027, 1200,  , LO, 26.6N, 135.5W,  40, 1000,   90,   80,   60,   70,    0,    0,    0,    0,    0,    0,    0,    0, -999
20151027, 1800,  , LO, 27.1N, 134.8W,  35, 1002,   50,   50,   20,   80,    0,    0,    0,    0,    0,    0,    0,    0, -999
20151028, 0000,  , LO, 26.9N, 134.5W,  35, 1002,    0,    0,    0,   90,    0,    0,    0,    0,    0,    0,    0,    0, -999
20151028, 0600,  , LO, 26.6N, 134.5W,  30, 1004,    0,    0,    0,    0,    0,    0,    0,    0,    0,    0,    0,    0, -999
20151028, 1200,  , LO, 26.2N, 135.0W,  25, 1006,    0,    0,    0,    0,    0,    0,    0,    0,    0,    0,    0,    0, -999
EP202015,           PATRICIA,     19,
20151020, 0600,  , TD, 13.4N,  94.0W,  25, 1007,    0,    0,    0,    0,    0,    0,    0,    0,    0,    0,    0,    0, -999
20151020, 1200,  , TD, 13.3N,  94.2W,  30, 1006,    0,    0,    0,    0,    0,    0,    0,    0,    0,    0,    0,    0, -999
20151020, 1800,  , TD, 13.2N,  94.6W,  30, 1006,    0,    0,    0,    0,    0,    0,    0,    0,    0,    0,    0,    0, -999
20151021, 0000,  , TS, 13.1N,  95.1W,  35, 1004,    0,   60,    0,    0,    0,    0,    0,    0,    0,    0,    0,    0, -999
20151021, 0600,  , TS, 12.9N,  96.2W,  35, 1004,   60,   60,    0,   60,    0,    0,    0,    0,    0,    0,    0,    0, -999
20151021, 1200,  , TS, 12.9N,  97.4W,  40, 1001,   60,   90,    0,   60,    0,    0,    0,    0,    0,    0,    0,    0, -999
20151021, 1800,  , TS, 13.1N,  98.7W,  50,  997,   80,  100,    0,   80,   30,    0,    0,   30,    0,    0,    0,    0, -999
20151022, 0000,  , TS, 13.4N, 100.1W,  60,  991,   90,  100,   40,   80,   30,   30,   20,   20,    0,    0,    0,    0, -999
20151022, 0600,  , HU, 14.0N, 101.7W,  75,  981,  120,  100,   50,   80,   40,   40,   30,   40,   20,   20,   15,   20, -999
20151022, 1200,  , HU, 14.6N, 103.1W,  90,  969,  150,  100,   50,   80,   40,   40,   30,   40,   20,   20,   15,   20, -999
20151022, 1800,  , HU, 15.2N, 104.2W, 115,  957,  150,  100,   50,   90,   40,   50,   40,   40,   25,   20,   15,   20, -999
20151023, 0000,  , HU, 15.8N, 104.9W, 150,  920,  150,  100,   60,  110,   50,   50,   40,   40,   25,   20,   20,   20, -999
20151023, 0600,  , HU, 16.5N, 105.4W, 180,  886,  150,  100,   60,  130,   50,   50,   40,   40,   25,   20,   20,   20, -999
20151023, 1200,  , HU, 17.3N, 105.6W, 185,  872,  150,  100,   60,  130,   50,   50,   40,   40,   25,   25,   20,   25, -999
20151023, 1800,  , HU, 18.3N, 105.3W, 180,  878,  150,  110,   80,  120,   50,   50,   50,   60,   30,   30,   20,   30, -999
20151023, 2300, L, HU, 19.4N, 105.0W, 130,  932,  150,  110,   80,  120,   50,   50,   50,   60,   30,   30,   20,   30, -999
20151024, 0000,  , HU, 19.6N, 104.9W, 110,  946,   80,  110,   70,   70,   30,   50,   40,   40,   15,   25,   15,   15, -999
20151024, 0600,  , TS, 21.6N, 103.8W,  50,  985,    0,   50,    0,   30,    0,   20,    0,    0,    0,    0,    0,    0, -999
20151024, 1200,  , TD, 23.2N, 102.3W,  25, 1000,    0,    0,    0,    0,    0,    0,    0,    0,    0,    0,    0,    0, -999
EP212015,               RICK,     33,
20151118, 0600,  , LO, 12.9N, 107.1W,  25, 1007,    0,    0,    0,    0,    0,    0,    0,    0,    0,    0,    0,    0, -999
20151118, 1200,  , TD, 12.9N, 106.9W,  30, 1005,    0,    0,    0,    0,    0,    0,    0,    0,    0,    0,    0,    0, -999
20151118, 1800,  , TD, 12.9N, 106.6W,  30, 1004,    0,    0,    0,    0,    0,    0,    0,    0,    0,    0,    0,    0, -999
20151119, 0000,  , TD, 13.1N, 106.0W,  30, 1004,    0,    0,    0,    0,    0,    0,    0,    0,    0,    0,    0,    0, -999
20151119, 0600,  , TD, 13.7N, 105.8W,  30, 1003,    0,    0,    0,    0,    0,    0,    0,    0,    0,    0,    0,    0, -999
20151119, 1200,  , TS, 14.2N, 106.1W,  35, 1002,    0,    0,    0,   90,    0,    0,    0,    0,    0,    0,    0,    0, -999
20151119, 1800,  , TS, 14.7N, 106.8W,  35, 1002,    0,    0,    0,   90,    0,    0,    0,    0,    0,    0,    0,    0, -999
20151120, 0000,  , TS, 15.2N, 107.8W,  35, 1002,    0,    0,   40,   60,    0,    0,    0,    0,    0,    0,    0,    0, -999
20151120, 0600,  , TS, 15.7N, 109.0W,  35, 1002,    0,    0,   40,   40,    0,    0,    0,    0,    0,    0,    0,    0, -999
20151120, 1200,  , TS, 15.9N, 110.1W,  35, 1002,   30,   30,   40,   40,    0,    0,    0,    0,    0,    0,    0,    0, -999
20151120, 1800,  , TS, 16.1N, 111.1W,  35, 1002,   30,   30,    0,    0,    0,    0,    0,    0,    0,    0,    0,    0, -999
20151121, 0000,  , TS, 16.5N, 112.1W,  35, 1003,   30,   30,    0,    0,    0,    0,    0,    0,    0,    0,    0,    0, -999
20151121, 0600,  , TS, 16.8N, 113.3W,  35, 1003,   30,   30,    0,    0,    0,    0,    0,    0,    0,    0,    0,    0, -999
20151121, 1200,  , TS, 16.8N, 114.4W,  35, 1003,   30,   30,    0,    0,    0,    0,    0,    0,    0,    0,    0,    0, -999
20151121, 1800,  , TS, 16.7N, 115.5W,  35, 1003,   30,   30,    0,    0,    0,    0,    0,    0,    0,    0,    0,    0, -999
20151122, 0000,  , TS, 16.8N, 116.5W,  35, 1003,   30,   30,    0,    0,    0,    0,    0,    0,    0,    0,    0,    0, -999
20151122, 0600,  , TD, 17.0N, 117.5W,  30, 1004,    0,    0,    0,    0,    0,    0,    0,    0,    0,    0,    0,    0, -999
20151122, 1200,  , TD, 17.4N, 118.2W,  30, 1005,    0,    0,    0,    0,    0,    0,    0,    0,    0,    0,    0,    0, -999
20151122, 1800,  , LO, 17.8N, 118.9W,  30, 1005,    0,    0,    0,    0,    0,    0,    0,    0,    0,    0,    0,    0, -999
20151123, 0000,  , LO, 18.5N, 119.4W,  30, 1005,    0,    0,    0,    0,    0,    0,    0,    0,    0,    0,    0,    0, -999
20151123, 0600,  , LO, 19.1N, 120.0W,  30, 1005,    0,    0,    0,    0,    0,    0,    0,    0,    0,    0,    0,    0, -999
20151123, 1200,  , LO, 19.6N, 120.6W,  25, 1006,    0,    0,    0,    0,    0,    0,    0,    0,    0,    0,    0,    0, -999
20151123, 1800,  , LO, 20.1N, 121.1W,  25, 1007,    0,    0,    0,    0,    0,    0,    0,    0,    0,    0,    0,    0, -999
20151124, 0000,  , LO, 20.6N, 121.7W,  25, 1007,    0,    0,    0,    0,    0,    0,    0,    0,    0,    0,    0,    0, -999
20151124, 0600,  , LO, 20.9N, 122.3W,  25, 1007,    0,    0,    0,    0,    0,    0,    0,    0,    0,    0,    0,    0, -999
20151124, 1200,  , LO, 21.1N, 123.0W,  20, 1008,    0,    0,    0,    0,    0,    0,    0,    0,    0,    0,    0,    0, -999
20151124, 1800,  , LO, 21.4N, 123.7W,  20, 1008,    0,    0,    0,    0,    0,    0,    0,    0,    0,    0,    0,    0, -999
20151125, 0000,  , LO, 21.4N, 124.0W,  20, 1008,    0,    0,    0,    0,    0,    0,    0,    0,    0,    0,    0,    0, -999
20151125, 0600,  , LO, 21.4N, 124.2W,  20, 1009,    0,    0,    0,    0,    0,    0,    0,    0,    0,    0,    0,    0, -999
20151125, 1200,  , LO, 21.3N, 124.6W,  20, 1009,    0,    0,    0,    0,    0,    0,    0,    0,    0,    0,    0,    0, -999
20151125, 1800,  , LO, 21.0N, 125.0W,  20, 1009,    0,    0,    0,    0,    0,    0,    0,    0,    0,    0,    0,    0, -999
20151126, 0000,  , LO, 20.6N, 125.4W,  20, 1009,    0,    0,    0,    0,    0,    0,    0,    0,    0,    0,    0,    0, -999
20151126, 0600,  , LO, 20.2N, 126.0W,  20, 1009,    0,    0,    0,    0,    0,    0,    0,    0,    0,    0,    0,    0, -999
EP222015,             SANDRA,     25,
20151123, 1200,  , LO, 10.9N, 100.5W,  25, 1006,    0,    0,    0,    0,    0,    0,    0,    0,    0,    0,    0,    0, -999
20151123, 1800,  , TD, 10.8N, 102.0W,  30, 1005,    0,    0,    0,    0,    0,    0,    0,    0,    0,    0,    0,    0, -999
20151124, 0000,  , TS, 10.8N, 103.3W,  35, 1004,   50,    0,    0,   60,    0,    0,    0,    0,    0,    0,    0,    0, -999
20151124, 0600,  , TS, 10.9N, 104.4W,  40, 1002,   50,    0,    0,   60,    0,    0,    0,    0,    0,    0,    0,    0, -999
20151124, 1200,  , TS, 11.2N, 105.5W,  45, 1000,   50,   30,    0,   60,    0,    0,    0,    0,    0,    0,    0,    0, -999
20151124, 1800,  , TS, 11.5N, 106.6W,  50,  999,   50,   30,    0,   60,   20,    0,    0,   20,    0,    0,    0,    0, -999
20151125, 0000,  , TS, 11.8N, 107.6W,  60,  996,   50,   30,   20,   60,   30,   20,    0,   30,    0,    0,    0,    0, -999
20151125, 0600,  , HU, 12.1N, 108.5W,  70,  989,   50,   30,   30,   60,   30,   20,    0,   30,   15,    0,    0,   15, -999
20151125, 1200,  , HU, 12.3N, 109.3W,  85,  976,   60,   40,   30,   70,   30,   20,   20,   30,   20,   10,   10,   20, -999
20151125, 1800,  , HU, 12.7N, 109.7W,  95,  967,   70,   50,   40,   80,   30,   20,   20,   30,   20,   15,   10,   20, -999
20151126, 0000,  , HU, 13.3N, 110.2W, 110,  957,   80,   70,   50,   80,   40,   30,   20,   30,   20,   15,   10,   20, -999
20151126, 0600,  , HU, 14.1N, 110.2W, 130,  934,  100,  100,   60,   90,   50,   40,   30,   40,   30,   25,   15,   25, -999
20151126, 1200,  , HU, 15.2N, 110.2W, 120,  943,  120,  110,   60,   90,   50,   40,   30,   40,   30,   25,   15,   25, -999
20151126, 1800,  , HU, 16.3N, 110.2W, 115,  947,  140,  130,   60,   90,   60,   40,   30,   40,   30,   25,   15,   25, -999
20151127, 0000,  , HU, 17.4N, 109.8W, 110,  951,  140,  130,   60,   90,   60,   40,   30,   40,   30,   25,   15,   25, -999
20151127, 0600,  , HU, 18.5N, 109.3W,  95,  963,  140,  120,   60,   90,   60,   40,   30,   30,   30,   25,   15,   20, -999
20151127, 1200,  , HU, 19.3N, 108.8W,  85,  970,  140,  120,   50,   70,   60,   40,   30,   30,   30,   25,   15,   20, -999
20151127, 1800,  , HU, 20.0N, 108.2W,  75,  978,  130,  110,   40,   60,   60,   40,   20,   30,   35,   25,   10,   20, -999
20151128, 0000,  , TS, 20.7N, 108.8W,  60,  987,  120,  110,   40,   60,   50,   40,    0,   30,    0,    0,    0,    0, -999
20151128, 0600,  , LO, 21.2N, 109.1W,  40,  994,  100,   60,    0,    0,    0,    0,    0,    0,    0,    0,    0,    0, -999
20151128, 1200,  , LO, 21.7N, 109.0W,  35, 1002,   60,    0,    0,    0,    0,    0,    0,    0,    0,    0,    0,    0, -999
20151128, 1800,  , LO, 22.4N, 108.7W,  30, 1007,    0,    0,    0,    0,    0,    0,    0,    0,    0,    0,    0,    0, -999
20151129, 0000,  , LO, 23.1N, 108.3W,  30, 1008,    0,    0,    0,    0,    0,    0,    0,    0,    0,    0,    0,    0, -999
20151129, 0600,  , LO, 23.5N, 107.9W,  25, 1009,    0,    0,    0,    0,    0,    0,    0,    0,    0,    0,    0,    0, -999
20151129, 1200,  , LO, 24.2N, 107.7W,  20, 1010,    0,    0,    0,    0,    0,    0,    0,    0,    0,    0,    0,    0, -999
CP092015,               NINE,     20,
20151227, 1800,  , DB,  0.6N, 179.4E,  15, 1010,    0,    0,    0,    0,    0,    0,    0,    0,    0,    0,    0,    0, -999
20151228, 0000,  , DB,  0.6N, 179.7W,  15, 1010,    0,    0,    0,    0,    0,    0,    0,    0,    0,    0,    0,    0, -999
20151228, 0600,  , DB,  0.5N, 178.8W,  15, 1003,    0,    0,    0,    0,    0,    0,    0,    0,    0,    0,    0,    0, -999
20151228, 1200,  , DB,  0.4N, 178.0W,  15, 1003,    0,    0,    0,    0,    0,    0,    0,    0,    0,    0,    0,    0, -999
20151228, 1800,  , DB,  0.4N, 177.4W,  15, 1002,    0,    0,    0,    0,    0,    0,    0,    0,    0,    0,    0,    0, -999
20151229, 0000,  , DB,  0.5N, 176.9W,  15, 1002,    0,    0,    0,    0,    0,    0,    0,    0,    0,    0,    0,    0, -999
20151229, 0600,  , DB,  0.6N, 176.4W,  15, 1002,    0,    0,    0,    0,    0,    0,    0,    0,    0,    0,    0,    0, -999
20151229, 1200,  , DB,  0.7N, 176.0W,  15, 1003,    0,    0,    0,    0,    0,    0,    0,    0,    0,    0,    0,    0, -999
20151229, 1800,  , DB,  0.8N, 175.7W,  20, 1002,    0,    0,    0,    0,    0,    0,    0,    0,    0,    0,    0,    0, -999
20151230, 0000,  , DB,  0.9N, 175.4W,  20, 1002,    0,    0,    0,    0,    0,    0,    0,    0,    0,    0,    0,    0, -999
20151230, 0600,  , DB,  1.3N, 175.3W,  25, 1002,    0,    0,    0,    0,    0,    0,    0,    0,    0,    0,    0,    0, -999
20151230, 1200,  , DB,  1.7N, 175.3W,  25, 1002,    0,    0,    0,    0,    0,    0,    0,    0,    0,    0,    0,    0, -999
20151230, 1800,  , DB,  2.0N, 175.3W,  25, 1003,    0,    0,    0,    0,    0,    0,    0,    0,    0,    0,    0,    0, -999
20151231, 0000,  , TD,  2.2N, 175.5W,  30, 1001,    0,    0,    0,    0,    0,    0,    0,    0,    0,    0,    0,    0, -999
20151231, 0600,  , TD,  2.2N, 175.7W,  30, 1001,    0,    0,    0,    0,    0,    0,    0,    0,    0,    0,    0,    0, -999
20151231, 1200,  , TD,  2.2N, 175.9W,  30, 1001,    0,    0,    0,    0,    0,    0,    0,    0,    0,    0,    0,    0, -999
20151231, 1800,  , TD,  2.2N, 176.2W,  30, 1001,    0,    0,    0,    0,    0,    0,    0,    0,    0,    0,    0,    0, -999
20160101, 0000,  , LO,  2.2N, 176.4W,  25, 1003,    0,    0,    0,    0,    0,    0,    0,    0,    0,    0,    0,    0, -999
20160101, 0600,  , LO,  2.2N, 176.6W,  25, 1003,    0,    0,    0,    0,    0,    0,    0,    0,    0,    0,    0,    0, -999
20160101, 1200,  , DB,  2.2N, 176.9W,  25, 1003,    0,    0,    0,    0,    0,    0,    0,    0,    0,    0,    0,    0, -999
