EP012018,                ONE,     13,
20180510, 1200,  , TD, 12.1N, 125.4W,  25, 1008,    0,    0,    0,    0,    0,    0,    0,    0,    0,    0,    0,    0, -999
20180510, 1800,  , TD, 12.3N, 126.2W,  30, 1007,    0,    0,    0,    0,    0,    0,    0,    0,    0,    0,    0,    0, -999
20180511, 0000,  , TD, 12.4N, 127.1W,  30, 1007,    0,    0,    0,    0,    0,    0,    0,    0,    0,    0,    0,    0, -999
20180511, 0600,  , TD, 12.5N, 128.0W,  30, 1007,    0,    0,    0,    0,    0,    0,    0,    0,    0,    0,    0,    0, -999
20180511, 1200,  , TD, 12.6N, 128.7W,  30, 1007,    0,    0,    0,    0,    0,    0,    0,    0,    0,    0,    0,    0, -999
20180511, 1800,  , LO, 12.7N, 129.3W,  25, 1008,    0,    0,    0,    0,    0,    0,    0,    0,    0,    0,    0,    0, -999
20180512, 0000,  , LO, 12.8N, 129.8W,  25, 1008,    0,    0,    0,    0,    0,    0,    0,    0,    0,    0,    0,    0, -999
20180512, 0600,  , LO, 13.0N, 130.1W,  25, 1008,    0,    0,    0,    0,    0,    0,    0,    0,    0,    0,    0,    0, -999
20180512, 1200,  , LO, 13.2N, 130.3W,  25, 1008,    0,    0,    0,    0,    0,    0,    0,    0,    0,    0,    0,    0, -999
20180512, 1800,  , LO, 13.3N, 130.4W,  20, 1009,    0,    0,    0,    0,    0,    0,    0,    0,    0,    0,    0,    0, -999
20180513, 0000,  , LO, 13.4N, 130.3W,  20, 1009,    0,    0,    0,    0,    0,    0,    0,    0,    0,    0,    0,    0, -999
20180513, 0600,  , LO, 13.5N, 130.2W,  20, 1010,    0,    0,    0,    0,    0,    0,    0,    0,    0,    0,    0,    0, -999
20180513, 1200,  , LO, 13.4N, 130.1W,  20, 1010,    0,    0,    0,    0,    0,    0,    0,    0,    0,    0,    0,    0, -999
EP022018,             ALETTA,     41,
20180606, 0000,  , TD, 14.0N, 105.4W,  30, 1005,    0,    0,    0,    0,    0,    0,    0,    0,    0,    0,    0,    0, -999
20180606, 0600,  , TS, 14.2N, 106.1W,  35, 1004,   90,   90,    0,    0,    0,    0,    0,    0,    0,    0,    0,    0, -999
20180606, 1200,  , TS, 14.2N, 106.8W,  40, 1000,   80,   80,    0,    0,    0,    0,    0,    0,    0,    0,    0,    0, -999
20180606, 1800,  , TS, 14.2N, 107.5W,  45,  999,   80,   70,    0,    0,    0,    0,    0,    0,    0,    0,    0,    0, -999
20180607, 0000,  , TS, 14.4N, 108.2W,  50,  997,   80,   70,    0,   30,   20,    0,    0,    0,    0,    0,    0,    0, -999
20180607, 0600,  , TS, 14.7N, 108.7W,  55,  994,   80,   70,    0,   30,   40,    0,    0,    0,    0,    0,    0,    0, -999
20180607, 1200,  , TS, 14.9N, 109.1W,  55,  994,   80,   70,   70,   70,   40,    0,    0,    0,    0,    0,    0,    0, -999
20180607, 1800,  , HU, 15.1N, 109.6W,  65,  987,   80,   70,   70,   70,   40,   40,   30,   40,   20,    0,    0,   20, -999
20180608, 0000,  , HU, 15.4N, 110.1W,  90,  970,   90,   70,   70,   70,   40,   40,   30,   40,   25,   15,   15,   25, -999
20180608, 0600,  , HU, 15.6N, 110.6W, 105,  957,   90,   70,   70,   80,   40,   40,   30,   40,   25,   20,   15,   25, -999
20180608, 1200,  , HU, 15.7N, 111.0W, 120,  943,   90,   70,   70,   90,   40,   40,   40,   40,   25,   20,   20,   25, -999
20180608, 1800,  , HU, 15.9N, 111.5W, 120,  943,   90,   70,   70,   90,   40,   40,   40,   40,   25,   20,   20,   25, -999
20180609, 0000,  , HU, 16.0N, 112.0W, 110,  953,   90,   70,   70,   90,   40,   30,   30,   40,   25,   20,   20,   25, -999
20180609, 0600,  , HU, 16.1N, 112.5W, 100,  963,   80,   60,   60,   80,   40,   30,   30,   40,   25,   20,   20,   25, -999
20180609, 1200,  , HU, 16.2N, 113.0W,  90,  970,   80,   60,   60,   80,   40,   30,   30,   40,   25,   20,   20,   25, -999
20180609, 1800,  , HU, 16.1N, 113.5W,  70,  980,   80,   60,   60,   80,   40,   20,   20,   40,   20,    0,    0,   20, -999
20180610, 0000,  , TS, 15.9N, 114.0W,  55,  996,   80,   60,   60,   80,   30,    0,    0,   30,    0,    0,    0,    0, -999
20180610, 0600,  , TS, 16.0N, 114.4W,  45, 1000,   80,   60,   60,   80,    0,    0,    0,    0,    0,    0,    0,    0, -999
20180610, 1200,  , TS, 16.2N, 114.8W,  40, 1002,   80,   60,   40,   80,    0,    0,    0,    0,    0,    0,    0,    0, -999
20180610, 1800,  , TS, 16.5N, 115.4W,  40, 1002,   80,   50,   30,   80,    0,    0,    0,    0,    0,    0,    0,    0, -999
20180611, 0000,  , TS, 16.8N, 115.9W,  40, 1002,   80,    0,    0,   80,    0,    0,    0,    0,    0,    0,    0,    0, -999
20180611, 0600,  , TS, 16.9N, 116.5W,  35, 1003,   60,    0,    0,   60,    0,    0,    0,    0,    0,    0,    0,    0, -999
20180611, 1200,  , LO, 16.8N, 117.4W,  30, 1004,    0,    0,    0,    0,    0,    0,    0,    0,    0,    0,    0,    0, -999
20180611, 1800,  , LO, 16.6N, 118.0W,  30, 1004,    0,    0,    0,    0,    0,    0,    0,    0,    0,    0,    0,    0, -999
20180612, 0000,  , LO, 16.5N, 118.5W,  30, 1005,    0,    0,    0,    0,    0,    0,    0,    0,    0,    0,    0,    0, -999
20180612, 0600,  , LO, 16.4N, 119.0W,  25, 1006,    0,    0,    0,    0,    0,    0,    0,    0,    0,    0,    0,    0, -999
20180612, 1200,  , LO, 16.3N, 119.5W,  25, 1006,    0,    0,    0,    0,    0,    0,    0,    0,    0,    0,    0,    0, -999
20180612, 1800,  , LO, 16.0N, 119.6W,  25, 1007,    0,    0,    0,    0,    0,    0,    0,    0,    0,    0,    0,    0, -999
20180613, 0000,  , LO, 15.7N, 119.6W,  25, 1007,    0,    0,    0,    0,    0,    0,    0,    0,    0,    0,    0,    0, -999
20180613, 0600,  , LO, 15.5N, 119.4W,  25, 1008,    0,    0,    0,    0,    0,    0,    0,    0,    0,    0,    0,    0, -999
20180613, 1200,  , LO, 15.6N, 119.3W,  20, 1008,    0,    0,    0,    0,    0,    0,    0,    0,    0,    0,    0,    0, -999
20180613, 1800,  , LO, 15.7N, 119.3W,  20, 1008,    0,    0,    0,    0,    0,    0,    0,    0,    0,    0,    0,    0, -999
20180614, 0000,  , LO, 15.9N, 119.3W,  20, 1008,    0,    0,    0,    0,    0,    0,    0,    0,    0,    0,    0,    0, -999
20180614, 0600,  , LO, 16.0N, 119.3W,  20, 1008,    0,    0,    0,    0,    0,    0,    0,    0,    0,    0,    0,    0, -999
20180614, 1200,  , LO, 16.1N, 119.2W,  20, 1008,    0,    0,    0,    0,    0,    0,    0,    0,    0,    0,    0,    0, -999
20180614, 1800,  , LO, 16.3N, 119.0W,  20, 1008,    0,    0,    0,    0,    0,    0,    0,    0,    0,    0,    0,    0, -999
20180615, 0000,  , LO, 16.4N, 118.8W,  20, 1008,    0,    0,    0,    0,    0,    0,    0,    0,    0,    0,    0,    0, -999
20180615, 0600,  , LO, 16.4N, 118.3W,  20, 1008,    0,    0,    0,    0,    0,    0,    0,    0,    0,    0,    0,    0, -999
20180615, 1200,  , LO, 16.3N, 117.8W,  20, 1008,    0,    0,    0,    0,    0,    0,    0,    0,    0,    0,    0,    0, -999
20180615, 1800,  , LO, 16.3N, 117.3W,  20, 1008,    0,    0,    0,    0,    0,    0,    0,    0,    0,    0,    0,    0, -999
20180616, 0000,  , LO, 16.2N, 116.8W,  20, 1008,    0,    0,    0,    0,    0,    0,    0,    0,    0,    0,    0,    0, -999
EP032018,                BUD,     27,
20180609, 1800,  , TD, 12.1N, 100.5W,  30, 1006,    0,    0,    0,    0,    0,    0,    0,    0,    0,    0,    0,    0, -999
20180610, 0000,  , TS, 12.7N, 101.3W,  35, 1003,   50,   50,    0,   50,    0,    0,    0,    0,    0,    0,    0,    0, -999
20180610, 0600,  , TS, 13.5N, 102.1W,  45, 1000,   60,   50,   50,   60,    0,    0,    0,    0,    0,    0,    0,    0, -999
20180610, 1200,  , TS, 14.4N, 102.9W,  55,  996,   90,   90,   50,   70,   20,   20,    0,   20,    0,    0,    0,    0, -999
20180610, 1800,  , HU, 15.1N, 103.8W,  65,  990,  120,  120,   60,   80,   50,   40,    0,   20,   20,   15,    0,    0, -999
20180611, 0000,  , HU, 15.7N, 104.6W,  75,  981,  120,  120,   70,   80,   60,   60,   30,   40,   30,   30,    0,    0, -999
20180611, 0600,  , HU, 16.1N, 105.6W,  90,  970,  110,  100,   70,   80,   60,   60,   40,   40,   30,   30,   15,   15, -999
20180611, 1200,  , HU, 16.4N, 106.4W, 100,  960,   90,  100,   70,   80,   60,   60,   40,   40,   30,   30,   20,   20, -999
20180611, 1800,  , HU, 16.8N, 106.9W, 110,  952,   80,  100,   70,   80,   40,   50,   30,   30,   20,   30,   15,   15, -999
20180612, 0000,  , HU, 17.3N, 107.4W, 120,  943,   80,  100,   70,   70,   40,   50,   30,   30,   20,   25,   15,   15, -999
20180612, 0600,  , HU, 17.7N, 107.8W, 115,  947,   80,  100,   70,   70,   40,   50,   30,   30,   20,   25,   15,   15, -999
20180612, 1200,  , HU, 18.0N, 108.1W, 110,  951,   80,  100,   70,   70,   40,   50,   30,   30,   20,   25,   15,   15, -999
20180612, 1800,  , HU, 18.3N, 108.3W, 100,  960,   80,   90,   70,   70,   40,   40,   30,   30,   20,   20,   15,   15, -999
20180613, 0000,  , HU, 18.6N, 108.5W,  85,  970,   80,   90,   70,   70,   40,   40,   30,   30,   20,   20,   15,   15, -999
20180613, 0600,  , HU, 18.9N, 108.6W,  70,  983,   80,   90,   70,   70,   40,   40,   30,   30,   20,   20,   15,   15, -999
20180613, 1200,  , TS, 19.2N, 108.7W,  60,  990,   80,   80,   70,   70,   40,   30,   20,   20,    0,    0,    0,    0, -999
20180613, 1800,  , TS, 19.7N, 108.9W,  45,  995,   80,   80,   60,   70,    0,    0,    0,    0,    0,    0,    0,    0, -999
20180614, 0000,  , TS, 20.3N, 109.1W,  45,  998,   80,   90,   60,   70,    0,    0,    0,    0,    0,    0,    0,    0, -999
20180614, 0600,  , TS, 20.8N, 109.3W,  40,  999,   90,   90,   60,   90,    0,    0,    0,    0,    0,    0,    0,    0, -999
20180614, 1200,  , TS, 21.3N, 109.5W,  40,  999,   90,   90,   50,   90,    0,    0,    0,    0,    0,    0,    0,    0, -999
20180614, 1800,  , TS, 21.9N, 109.6W,  40,  999,   90,   90,   40,   80,    0,    0,    0,    0,    0,    0,    0,    0, -999
20180615, 0000,  , TS, 22.7N, 109.7W,  40,  999,   90,  100,   40,   60,    0,    0,    0,    0,    0,    0,    0,    0, -999
20180615, 0200, L, TS, 23.0N, 109.7W,  40,  999,   90,  100,   40,   60,    0,    0,    0,    0,    0,    0,    0,    0, -999
20180615, 0600,  , TS, 23.8N, 109.9W,  35, 1001,   70,  100,    0,    0,    0,    0,    0,    0,    0,    0,    0,    0, -999
20180615, 1200,  , LO, 24.7N, 110.1W,  35, 1002,   40,  100,    0,    0,    0,    0,    0,    0,    0,    0,    0,    0, -999
20180615, 1800,  , LO, 25.5N, 110.2W,  35, 1002,    0,  100,    0,    0,    0,    0,    0,    0,    0,    0,    0,    0, -999
20180616, 0000,  , LO, 26.4N, 110.1W,  30, 1002,    0,    0,    0,    0,    0,    0,    0,    0,    0,    0,    0,    0, -999
EP042018,           CARLOTTA,     18,
20180614, 1800,  , TD, 14.9N, 100.0W,  30, 1008,    0,    0,    0,    0,    0,    0,    0,    0,    0,    0,    0,    0, -999
20180615, 0000,  , TD, 15.1N, 100.0W,  30, 1007,    0,    0,    0,    0,    0,    0,    0,    0,    0,    0,    0,    0, -999
20180615, 0600,  , TD, 15.4N,  99.9W,  30, 1007,    0,    0,    0,    0,    0,    0,    0,    0,    0,    0,    0,    0, -999
20180615, 1200,  , TD, 15.6N,  99.8W,  30, 1007,    0,    0,    0,    0,    0,    0,    0,    0,    0,    0,    0,    0, -999
20180615, 1800,  , TS, 15.8N,  99.6W,  35, 1006,   50,    0,    0,    0,    0,    0,    0,    0,    0,    0,    0,    0, -999
20180616, 0000,  , TS, 15.9N,  99.4W,  35, 1006,   50,    0,    0,    0,    0,    0,    0,    0,    0,    0,    0,    0, -999
20180616, 0600,  , TS, 15.9N,  99.3W,  45, 1000,   40,   20,    0,    0,    0,    0,    0,    0,    0,    0,    0,    0, -999
20180616, 1200,  , TS, 15.9N,  99.2W,  45, 1000,   50,   50,    0,    0,    0,    0,    0,    0,    0,    0,    0,    0, -999
20180616, 1800,  , TS, 16.0N,  99.2W,  45, 1000,   50,   50,    0,    0,    0,    0,    0,    0,    0,    0,    0,    0, -999
20180617, 0000,  , TS, 16.4N,  99.5W,  55,  997,   50,   50,   40,   40,   20,   20,    0,   20,    0,    0,    0,    0, -999
20180617, 0600,  , TS, 16.6N, 100.4W,  45, 1000,   20,   30,   30,    0,    0,    0,    0,    0,    0,    0,    0,    0, -999
20180617, 1200,  , TS, 16.8N, 101.0W,  35, 1005,   20,   30,   30,    0,    0,    0,    0,    0,    0,    0,    0,    0, -999
20180617, 1800,  , TD, 17.0N, 101.7W,  25, 1007,    0,    0,    0,    0,    0,    0,    0,    0,    0,    0,    0,    0, -999
20180618, 0000,  , TD, 17.2N, 102.2W,  25, 1007,    0,    0,    0,    0,    0,    0,    0,    0,    0,    0,    0,    0, -999
20180618, 0600,  , TD, 17.4N, 102.6W,  25, 1008,    0,    0,    0,    0,    0,    0,    0,    0,    0,    0,    0,    0, -999
20180618, 1200,  , TD, 17.7N, 103.0W,  25, 1008,    0,    0,    0,    0,    0,    0,    0,    0,    0,    0,    0,    0, -999
20180618, 1800,  , TD, 18.0N, 103.3W,  25, 1007,    0,    0,    0,    0,    0,    0,    0,    0,    0,    0,    0,    0, -999
20180619, 0000,  , LO, 18.1N, 103.5W,  20, 1008,    0,    0,    0,    0,    0,    0,    0,    0,    0,    0,    0,    0, -999
EP052018,             DANIEL,     22,
20180623, 0000,  , LO, 12.4N, 115.9W,  20, 1009,    0,    0,    0,    0,    0,    0,    0,    0,    0,    0,    0,    0, -999
20180623, 0600,  , LO, 12.6N, 115.7W,  25, 1009,    0,    0,    0,    0,    0,    0,    0,    0,    0,    0,    0,    0, -999
20180623, 1200,  , LO, 12.8N, 115.5W,  25, 1008,    0,    0,    0,    0,    0,    0,    0,    0,    0,    0,    0,    0, -999
20180623, 1800,  , LO, 13.1N, 115.5W,  25, 1008,    0,    0,    0,    0,    0,    0,    0,    0,    0,    0,    0,    0, -999
20180624, 0000,  , TD, 13.7N, 115.5W,  30, 1007,    0,    0,    0,    0,    0,    0,    0,    0,    0,    0,    0,    0, -999
20180624, 0600,  , TD, 14.6N, 115.6W,  30, 1007,    0,    0,    0,    0,    0,    0,    0,    0,    0,    0,    0,    0, -999
20180624, 1200,  , TS, 15.5N, 115.8W,  35, 1006,   30,   30,    0,    0,    0,    0,    0,    0,    0,    0,    0,    0, -999
20180624, 1800,  , TS, 16.6N, 116.0W,  40, 1004,   30,   40,   40,    0,    0,    0,    0,    0,    0,    0,    0,    0, -999
20180625, 0000,  , TS, 17.6N, 116.3W,  40, 1004,   30,   40,   40,    0,    0,    0,    0,    0,    0,    0,    0,    0, -999
20180625, 0600,  , TS, 18.4N, 116.6W,  40, 1004,   30,   40,   40,    0,    0,    0,    0,    0,    0,    0,    0,    0, -999
20180625, 1200,  , TS, 18.8N, 117.3W,  35, 1005,   30,   30,    0,    0,    0,    0,    0,    0,    0,    0,    0,    0, -999
20180625, 1800,  , TD, 19.2N, 117.8W,  30, 1006,    0,    0,    0,    0,    0,    0,    0,    0,    0,    0,    0,    0, -999
20180626, 0000,  , TD, 19.6N, 118.4W,  30, 1007,    0,    0,    0,    0,    0,    0,    0,    0,    0,    0,    0,    0, -999
20180626, 0600,  , LO, 19.8N, 119.0W,  25, 1007,    0,    0,    0,    0,    0,    0,    0,    0,    0,    0,    0,    0, -999
20180626, 1200,  , LO, 19.9N, 119.7W,  25, 1008,    0,    0,    0,    0,    0,    0,    0,    0,    0,    0,    0,    0, -999
20180626, 1800,  , LO, 20.0N, 120.3W,  25, 1008,    0,    0,    0,    0,    0,    0,    0,    0,    0,    0,    0,    0, -999
20180627, 0000,  , LO, 19.9N, 121.0W,  25, 1009,    0,    0,    0,    0,    0,    0,    0,    0,    0,    0,    0,    0, -999
20180627, 0600,  , LO, 19.7N, 121.7W,  20, 1009,    0,    0,    0,    0,    0,    0,    0,    0,    0,    0,    0,    0, -999
20180627, 1200,  , LO, 19.6N, 122.5W,  20, 1010,    0,    0,    0,    0,    0,    0,    0,    0,    0,    0,    0,    0, -999
20180627, 1800,  , LO, 19.5N, 123.5W,  20, 1010,    0,    0,    0,    0,    0,    0,    0,    0,    0,    0,    0,    0, -999
20180628, 0000,  , LO, 19.4N, 124.4W,  20, 1010,    0,    0,    0,    0,    0,    0,    0,    0,    0,    0,    0,    0, -999
20180628, 0600,  , LO, 19.3N, 125.3W,  20, 1010,    0,    0,    0,    0,    0,    0,    0,    0,    0,    0,    0,    0, -999
EP062018,             EMILIA,     28,
20180627, 0600,  , LO, 11.7N, 107.0W,  30, 1007,    0,    0,    0,    0,    0,    0,    0,    0,    0,    0,    0,    0, -999
20180627, 1200,  , LO, 12.4N, 107.5W,  30, 1007,    0,    0,    0,    0,    0,    0,    0,    0,    0,    0,    0,    0, -999
20180627, 1800,  , TD, 12.8N, 108.1W,  30, 1007,    0,    0,    0,    0,    0,    0,    0,    0,    0,    0,    0,    0, -999
20180628, 0000,  , TD, 13.2N, 109.3W,  30, 1006,    0,    0,    0,    0,    0,    0,    0,    0,    0,    0,    0,    0, -999
20180628, 0600,  , TD, 13.7N, 110.5W,  30, 1006,    0,    0,    0,    0,    0,    0,    0,    0,    0,    0,    0,    0, -999
20180628, 1200,  , TS, 14.2N, 111.8W,  35, 1005,    0,   60,   60,    0,    0,    0,    0,    0,    0,    0,    0,    0, -999
20180628, 1800,  , TS, 14.7N, 113.1W,  40, 1004,   60,   60,   60,   30,    0,    0,    0,    0,    0,    0,    0,    0, -999
20180629, 0000,  , TS, 15.1N, 114.0W,  45, 1000,   60,   60,   60,   30,    0,    0,    0,    0,    0,    0,    0,    0, -999
20180629, 0600,  , TS, 15.6N, 115.0W,  45, 1000,   60,   60,   60,   40,    0,    0,    0,    0,    0,    0,    0,    0, -999
20180629, 1200,  , TS, 16.0N, 115.8W,  50,  997,   60,   70,   70,   50,    0,   20,   20,   20,    0,    0,    0,    0, -999
20180629, 1800,  , TS, 16.4N, 116.5W,  50,  997,   70,   80,   80,   60,    0,   30,   30,   30,    0,    0,    0,    0, -999
20180630, 0000,  , TS, 16.6N, 117.3W,  40, 1000,   70,   70,   70,   50,    0,    0,    0,    0,    0,    0,    0,    0, -999
20180630, 0600,  , TS, 16.8N, 118.1W,  35, 1003,   50,   50,   50,    0,    0,    0,    0,    0,    0,    0,    0,    0, -999
20180630, 1200,  , TD, 17.4N, 118.8W,  30, 1004,    0,    0,    0,    0,    0,    0,    0,    0,    0,    0,    0,    0, -999
20180630, 1800,  , TD, 17.8N, 119.7W,  30, 1004,    0,    0,    0,    0,    0,    0,    0,    0,    0,    0,    0,    0, -999
20180701, 0000,  , TD, 18.2N, 120.6W,  30, 1005,    0,    0,    0,    0,    0,    0,    0,    0,    0,    0,    0,    0, -999
20180701, 0600,  , TD, 18.7N, 121.5W,  25, 1006,    0,    0,    0,    0,    0,    0,    0,    0,    0,    0,    0,    0, -999
20180701, 1200,  , TD, 19.1N, 122.5W,  25, 1006,    0,    0,    0,    0,    0,    0,    0,    0,    0,    0,    0,    0, -999
20180701, 1800,  , TD, 19.5N, 123.5W,  25, 1007,    0,    0,    0,    0,    0,    0,    0,    0,    0,    0,    0,    0, -999
20180702, 0000,  , LO, 20.0N, 124.7W,  25, 1007,    0,    0,    0,    0,    0,    0,    0,    0,    0,    0,    0,    0, -999
20180702, 0600,  , LO, 20.6N, 125.8W,  25, 1008,    0,    0,    0,    0,    0,    0,    0,    0,    0,    0,    0,    0, -999
20180702, 1200,  , LO, 21.3N, 127.0W,  25, 1008,    0,    0,    0,    0,    0,    0,    0,    0,    0,    0,    0,    0, -999
20180702, 1800,  , LO, 21.9N, 128.1W,  25, 1008,    0,    0,    0,    0,    0,    0,    0,    0,    0,    0,    0,    0, -999
20180703, 0000,  , LO, 22.4N, 129.2W,  20, 1009,    0,    0,    0,    0,    0,    0,    0,    0,    0,    0,    0,    0, -999
20180703, 0600,  , LO, 22.8N, 130.4W,  20, 1009,    0,    0,    0,    0,    0,    0,    0,    0,    0,    0,    0,    0, -999
20180703, 1200,  , LO, 23.1N, 131.7W,  20, 1009,    0,    0,    0,    0,    0,    0,    0,    0,    0,    0,    0,    0, -999
20180703, 1800,  , LO, 23.3N, 133.2W,  20, 1009,    0,    0,    0,    0,    0,    0,    0,    0,    0,    0,    0,    0, -999
20180704, 0000,  , LO, 23.4N, 134.6W,  20, 1009,    0,    0,    0,    0,    0,    0,    0,    0,    0,    0,    0,    0, -999
EP072018,              FABIO,     35,
20180630, 1800,  , TD, 11.0N, 103.8W,  30, 1006,    0,    0,    0,    0,    0,    0,    0,    0,    0,    0,    0,    0, -999
20180701, 0000,  , TD, 11.3N, 104.8W,  30, 1005,    0,    0,    0,    0,    0,    0,    0,    0,    0,    0,    0,    0, -999
20180701, 0600,  , TS, 11.6N, 105.8W,  40, 1002,   60,    0,    0,    0,    0,    0,    0,    0,    0,    0,    0,    0, -999
20180701, 1200,  , TS, 12.0N, 106.8W,  45, 1000,   70,   60,   40,   60,    0,    0,    0,    0,    0,    0,    0,    0, -999
20180701, 1800,  , TS, 12.3N, 107.9W,  50,  998,   90,   80,   50,   80,   40,    0,    0,   40,    0,    0,    0,    0, -999
20180702, 0000,  , TS, 12.4N, 108.8W,  55,  996,   90,   80,   50,   80,   40,    0,    0,   40,    0,    0,    0,    0, -999
20180702, 0600,  , TS, 12.5N, 109.6W,  60,  993,  100,   90,   70,   80,   50,   40,    0,   50,    0,    0,    0,    0, -999
20180702, 1200,  , HU, 12.9N, 110.4W,  65,  989,  100,   90,   70,   80,   50,   40,    0,   50,   25,   20,    0,   20, -999
20180702, 1800,  , HU, 13.5N, 111.3W,  70,  983,  140,  120,   90,  100,   50,   50,    0,   50,   30,   30,    0,   30, -999
20180703, 0000,  , HU, 14.2N, 112.4W,  75,  979,  140,  120,   90,  100,   50,   50,    0,   50,   30,   30,    0,   30, -999
20180703, 0600,  , HU, 14.7N, 113.6W,  85,  973,  140,  140,  100,  120,   60,   50,   30,   60,   30,   30,    0,   30, -999
20180703, 1200,  , HU, 15.0N, 114.8W,  90,  969,  140,  140,  100,  130,   70,   50,   30,   60,   30,   30,   20,   30, -999
20180703, 1800,  , HU, 15.5N, 116.0W,  95,  964,  150,  140,  100,  130,   70,   50,   30,   60,   30,   30,   20,   30, -999
20180704, 0000,  , HU, 16.2N, 117.3W,  95,  964,  150,  140,  100,  130,   70,   50,   30,   60,   30,   30,   20,   30, -999
20180704, 0600,  , HU, 16.7N, 118.7W,  90,  968,  150,  140,  100,  130,   70,   50,   30,   60,   30,   30,   20,   30, -999
20180704, 1200,  , HU, 16.9N, 119.9W,  85,  970,  150,  130,   90,  130,   70,   50,   40,   60,   30,   25,   20,   30, -999
20180704, 1800,  , HU, 17.4N, 121.0W,  80,  973,  150,  130,   90,  130,   70,   50,   40,   60,   30,   25,   20,   30, -999
20180705, 0000,  , HU, 18.1N, 122.2W,  75,  977,  150,  130,   90,  130,   60,   50,   40,   60,   30,   25,   20,   30, -999
20180705, 0600,  , TS, 19.0N, 123.4W,  60,  988,  150,  130,   90,  130,   60,   50,   40,   60,    0,    0,    0,    0, -999
20180705, 1200,  , TS, 19.8N, 124.8W,  55,  992,  130,  120,   70,  120,   60,   50,    0,   60,    0,    0,    0,    0, -999
20180705, 1800,  , TS, 20.4N, 126.2W,  45,  998,  120,  110,   60,  110,    0,    0,    0,    0,    0,    0,    0,    0, -999
20180706, 0000,  , TS, 20.9N, 127.4W,  40, 1003,  100,   60,   30,   60,    0,    0,    0,    0,    0,    0,    0,    0, -999
20180706, 0600,  , LO, 21.3N, 128.5W,  35, 1005,   80,    0,    0,    0,    0,    0,    0,    0,    0,    0,    0,    0, -999
20180706, 1200,  , LO, 21.8N, 129.5W,  30, 1006,    0,    0,    0,    0,    0,    0,    0,    0,    0,    0,    0,    0, -999
20180706, 1800,  , LO, 22.5N, 130.5W,  30, 1006,    0,    0,    0,    0,    0,    0,    0,    0,    0,    0,    0,    0, -999
20180707, 0000,  , LO, 23.2N, 131.5W,  30, 1006,    0,    0,    0,    0,    0,    0,    0,    0,    0,    0,    0,    0, -999
20180707, 0600,  , LO, 23.7N, 132.4W,  30, 1006,    0,    0,    0,    0,    0,    0,    0,    0,    0,    0,    0,    0, -999
20180707, 1200,  , LO, 24.2N, 133.4W,  25, 1007,    0,    0,    0,    0,    0,    0,    0,    0,    0,    0,    0,    0, -999
20180707, 1800,  , LO, 24.7N, 134.4W,  25, 1007,    0,    0,    0,    0,    0,    0,    0,    0,    0,    0,    0,    0, -999
20180708, 0000,  , LO, 25.2N, 135.2W,  20, 1007,    0,    0,    0,    0,    0,    0,    0,    0,    0,    0,    0,    0, -999
20180708, 0600,  , LO, 25.6N, 136.1W,  20, 1007,    0,    0,    0,    0,    0,    0,    0,    0,    0,    0,    0,    0, -999
20180708, 1200,  , LO, 25.9N, 137.1W,  20, 1007,    0,    0,    0,    0,    0,    0,    0,    0,    0,    0,    0,    0, -999
20180708, 1800,  , LO, 26.2N, 138.1W,  20, 1007,    0,    0,    0,    0,    0,    0,    0,    0,    0,    0,    0,    0, -999
20180709, 0000,  , LO, 26.4N, 138.7W,  15, 1008,    0,    0,    0,    0,    0,    0,    0,    0,    0,    0,    0,    0, -999
20180709, 0600,  , LO, 26.5N, 139.1W,  15, 1008,    0,    0,    0,    0,    0,    0,    0,    0,    0,    0,    0,    0, -999
EP082018,              GILMA,     22,
20180726, 1200,  , TD, 13.0N, 121.6W,  30, 1008,    0,    0,    0,    0,    0,    0,    0,    0,    0,    0,    0,    0, -999
20180726, 1800,  , TS, 13.4N, 123.2W,  35, 1007,   30,    0,    0,    0,    0,    0,    0,    0,    0,    0,    0,    0, -999
20180727, 0000,  , TS, 13.8N, 124.8W,  35, 1006,   30,    0,    0,    0,    0,    0,    0,    0,    0,    0,    0,    0, -999
20180727, 0600,  , TS, 14.2N, 126.3W,  40, 1005,   30,    0,    0,    0,    0,    0,    0,    0,    0,    0,    0,    0, -999
20180727, 1200,  , TS, 14.5N, 127.7W,  35, 1006,   30,    0,    0,    0,    0,    0,    0,    0,    0,    0,    0,    0, -999
20180727, 1800,  , TD, 14.7N, 129.2W,  30, 1007,    0,    0,    0,    0,    0,    0,    0,    0,    0,    0,    0,    0, -999
20180728, 0000,  , TD, 14.8N, 130.6W,  30, 1007,    0,    0,    0,    0,    0,    0,    0,    0,    0,    0,    0,    0, -999
20180728, 0600,  , TD, 15.0N, 131.9W,  30, 1007,    0,    0,    0,    0,    0,    0,    0,    0,    0,    0,    0,    0, -999
20180728, 1200,  , TD, 15.3N, 133.0W,  30, 1007,    0,    0,    0,    0,    0,    0,    0,    0,    0,    0,    0,    0, -999
20180728, 1800,  , TD, 15.7N, 134.1W,  30, 1008,    0,    0,    0,    0,    0,    0,    0,    0,    0,    0,    0,    0, -999
20180729, 0000,  , TD, 16.0N, 135.2W,  30, 1008,    0,    0,    0,    0,    0,    0,    0,    0,    0,    0,    0,    0, -999
20180729, 0600,  , TD, 16.1N, 136.5W,  30, 1008,    0,    0,    0,    0,    0,    0,    0,    0,    0,    0,    0,    0, -999
20180729, 1200,  , LO, 16.1N, 137.9W,  30, 1008,    0,    0,    0,    0,    0,    0,    0,    0,    0,    0,    0,    0, -999
20180729, 1800,  , LO, 16.1N, 139.3W,  30, 1008,    0,    0,    0,    0,    0,    0,    0,    0,    0,    0,    0,    0, -999
20180730, 0000,  , LO, 16.1N, 140.8W,  30, 1008,    0,    0,    0,    0,    0,    0,    0,    0,    0,    0,    0,    0, -999
20180730, 0600,  , LO, 16.1N, 142.3W,  30, 1008,    0,    0,    0,    0,    0,    0,    0,    0,    0,    0,    0,    0, -999
20180730, 1200,  , LO, 16.0N, 143.8W,  30, 1008,    0,    0,    0,    0,    0,    0,    0,    0,    0,    0,    0,    0, -999
20180730, 1800,  , LO, 15.8N, 145.2W,  30, 1008,    0,    0,    0,    0,    0,    0,    0,    0,    0,    0,    0,    0, -999
20180731, 0000,  , LO, 15.7N, 146.5W,  25, 1008,    0,    0,    0,    0,    0,    0,    0,    0,    0,    0,    0,    0, -999
20180731, 0600,  , LO, 15.7N, 147.6W,  25, 1009,    0,    0,    0,    0,    0,    0,    0,    0,    0,    0,    0,    0, -999
20180731, 1200,  , LO, 15.7N, 148.8W,  20, 1009,    0,    0,    0,    0,    0,    0,    0,    0,    0,    0,    0,    0, -999
20180731, 1800,  , LO, 15.7N, 150.0W,  20, 1010,    0,    0,    0,    0,    0,    0,    0,    0,    0,    0,    0,    0, -999
EP092018,               NINE,      5,
20180726, 1800,  , TD, 10.9N, 135.0W,  30, 1007,    0,    0,    0,    0,    0,    0,    0,    0,    0,    0,    0,    0, -999
20180727, 0000,  , TD, 10.8N, 136.1W,  30, 1007,    0,    0,    0,    0,    0,    0,    0,    0,    0,    0,    0,    0, -999
20180727, 0600,  , TD, 10.7N, 137.2W,  30, 1007,    0,    0,    0,    0,    0,    0,    0,    0,    0,    0,    0,    0, -999
20180727, 1200,  , TD, 10.6N, 138.2W,  30, 1007,    0,    0,    0,    0,    0,    0,    0,    0,    0,    0,    0,    0, -999
20180727, 1800,  , TD, 10.6N, 139.1W,  25, 1008,    0,    0,    0,    0,    0,    0,    0,    0,    0,    0,    0,    0, -999
EP102018,             HECTOR,     66,
20180731, 1200,  , TD, 12.3N, 115.1W,  30, 1007,    0,    0,    0,    0,    0,    0,    0,    0,    0,    0,    0,    0, -999
20180731, 1800,  , TD, 12.7N, 116.4W,  30, 1007,    0,    0,    0,    0,    0,    0,    0,    0,    0,    0,    0,    0, -999
20180801, 0000,  , TS, 13.0N, 117.6W,  35, 1006,   40,   30,    0,   30,    0,    0,    0,    0,    0,    0,    0,    0, -999
20180801, 0600,  , TS, 13.3N, 118.7W,  35, 1006,   40,   30,    0,   30,    0,    0,    0,    0,    0,    0,    0,    0, -999
20180801, 1200,  , TS, 13.5N, 119.7W,  40, 1004,   40,   30,    0,   30,    0,    0,    0,    0,    0,    0,    0,    0, -999
20180801, 1800,  , TS, 13.7N, 120.7W,  45, 1002,   40,   30,   20,   30,    0,    0,    0,    0,    0,    0,    0,    0, -999
20180802, 0000,  , TS, 13.9N, 121.7W,  50, 1000,   40,   40,   30,   40,   20,    0,    0,    0,    0,    0,    0,    0, -999
20180802, 0600,  , TS, 14.1N, 122.8W,  60,  995,   50,   40,   30,   40,   20,   20,   20,   20,    0,    0,    0,    0, -999
20180802, 1200,  , HU, 14.2N, 123.9W,  75,  987,   50,   50,   40,   50,   20,   20,   20,   20,   15,   10,    0,   10, -999
20180802, 1800,  , HU, 14.2N, 125.1W,  90,  975,   50,   50,   40,   50,   30,   20,   20,   20,   15,   10,   10,   10, -999
20180803, 0000,  , HU, 14.1N, 126.2W,  90,  976,   60,   50,   40,   50,   30,   20,   20,   20,   15,   10,   10,   10, -999
20180803, 0600,  , HU, 14.1N, 127.3W,  85,  980,   60,   50,   40,   50,   30,   20,   20,   20,   15,   10,   10,   10, -999
20180803, 1200,  , HU, 14.1N, 128.3W,  80,  983,   60,   50,   40,   50,   30,   20,   20,   20,   15,   10,   10,   10, -999
20180803, 1800,  , HU, 14.1N, 129.3W,  90,  975,   60,   50,   40,   50,   30,   20,   20,   20,   15,   10,   10,   10, -999
20180804, 0000,  , HU, 14.2N, 130.3W, 100,  967,   70,   50,   40,   60,   30,   20,   20,   20,   15,   10,   10,   10, -999
20180804, 0600,  , HU, 14.2N, 131.3W, 105,  962,   70,   60,   50,   60,   30,   20,   20,   20,   20,   15,   15,   10, -999
20180804, 1200,  , HU, 14.2N, 132.2W, 105,  961,   80,   60,   50,   70,   40,   30,   30,   30,   20,   15,   15,   15, -999
20180804, 1800,  , HU, 14.2N, 133.1W, 110,  957,   80,   70,   60,   70,   40,   30,   30,   30,   25,   20,   15,   20, -999
20180805, 0000,  , HU, 14.3N, 134.1W, 110,  957,   90,   70,   60,   80,   50,   40,   30,   40,   25,   20,   15,   20, -999
20180805, 0600,  , HU, 14.3N, 135.2W, 110,  957,   90,   70,   60,   80,   50,   40,   30,   40,   25,   20,   15,   20, -999
20180805, 1200,  , HU, 14.3N, 136.3W, 110,  956,   90,   70,   60,   80,   50,   40,   30,   40,   25,   20,   15,   20, -999
20180805, 1800,  , HU, 14.3N, 137.4W, 115,  951,   90,   70,   60,   80,   50,   40,   30,   40,   25,   20,   15,   20, -999
20180806, 0000,  , HU, 14.5N, 138.6W, 120,  947,   90,   70,   60,   80,   50,   40,   30,   40,   25,   20,   15,   20, -999
20180806, 0600,  , HU, 14.7N, 139.9W, 125,  944,   90,   60,   60,   80,   50,   40,   30,   40,   25,   20,   20,   25, -999
20180806, 1200,  , HU, 14.9N, 141.3W, 130,  939,   85,   60,   60,   80,   40,   35,   35,   40,   25,   20,   20,   25, -999
20180806, 1800,  , HU, 15.1N, 142.5W, 135,  936,   90,   60,   60,   85,   45,   35,   35,   45,   30,   25,   25,   30, -999
20180807, 0000,  , HU, 15.5N, 144.0W, 135,  936,   90,   60,   60,   85,   45,   35,   35,   45,   30,   25,   25,   30, -999
20180807, 0600,  , HU, 15.7N, 145.6W, 130,  939,   90,   60,   60,   85,   45,   35,   35,   45,   30,   25,   25,   30, -999
20180807, 1200,  , HU, 16.0N, 147.0W, 120,  948,   90,   60,   55,   80,   45,   30,   30,   40,   30,   20,   20,   25, -999
20180807, 1800,  , HU, 16.2N, 148.4W, 120,  948,   90,   60,   55,   80,   45,   30,   30,   40,   30,   20,   20,   25, -999
20180808, 0000,  , HU, 16.4N, 150.0W, 115,  952,   90,   60,   55,   80,   45,   30,   30,   40,   30,   20,   20,   25, -999
20180808, 0600,  , HU, 16.4N, 151.6W, 115,  952,   90,   60,   55,   80,   45,   30,   30,   40,   30,   20,   20,   25, -999
20180808, 1200,  , HU, 16.4N, 153.2W, 110,  956,   90,   60,   55,   80,   45,   30,   30,   40,   30,   20,   20,   25, -999
20180808, 1800,  , HU, 16.4N, 154.6W, 100,  959,   85,   60,   55,   80,   40,   30,   30,   40,   25,   20,   20,   25, -999
20180809, 0000,  , HU, 16.5N, 156.1W, 100,  959,   85,   60,   55,   80,   40,   30,   30,   40,   25,   20,   20,   25, -999
20180809, 0600,  , HU, 16.6N, 157.7W, 100,  959,   85,   60,   55,   80,   40,   30,   30,   40,   25,   20,   20,   25, -999
20180809, 1200,  , HU, 16.6N, 159.3W, 105,  957,   85,   60,   55,   80,   40,   30,   30,   40,   25,   20,   20,   25, -999
20180809, 1800,  , HU, 16.7N, 160.8W, 105,  957,   85,   60,   55,   80,   40,   30,   30,   40,   25,   20,   20,   25, -999
20180810, 0000,  , HU, 16.9N, 162.3W, 110,  956,   90,   60,   55,   85,   45,   30,   30,   40,   30,   20,   20,   25, -999
20180810, 0600,  , HU, 17.2N, 163.7W, 115,  951,   95,   60,   55,   85,   45,   30,   30,   40,   30,   20,   20,   25, -999
20180810, 1200,  , HU, 17.5N, 165.2W, 115,  951,   95,   60,   60,   85,   45,   30,   30,   40,   30,   20,   20,   25, -999
20180810, 1800,  , HU, 17.7N, 166.6W, 120,  947,   95,   60,   60,   90,   45,   30,   30,   45,   30,   20,   20,   30, -999
20180811, 0000,  , HU, 18.1N, 167.8W, 115,  951,   95,   60,   60,   90,   45,   30,   30,   45,   30,   20,   20,   30, -999
20180811, 0600,  , HU, 18.5N, 168.8W, 105,  957,  100,   60,   60,   90,   45,   30,   30,   45,   30,   20,   15,   25, -999
20180811, 1200,  , HU, 19.0N, 169.7W, 100,  961,  100,   60,   55,   85,   45,   30,   25,   40,   25,   20,   15,   20, -999
20180811, 1800,  , HU, 19.6N, 170.4W,  95,  965,  100,   60,   55,   85,   45,   30,   25,   40,   25,   20,   15,   20, -999
20180812, 0000,  , HU, 20.7N, 171.3W,  90,  969,  100,   60,   55,   75,   45,   30,   25,   35,   25,   20,   15,   20, -999
20180812, 0600,  , HU, 21.6N, 172.4W,  85,  973,   95,   60,   50,   70,   40,   30,   20,   30,   25,   20,   15,   20, -999
20180812, 1200,  , HU, 22.4N, 173.6W,  75,  982,   95,   60,   50,   70,   40,   25,   20,   25,   20,   15,    0,   15, -999
20180812, 1800,  , HU, 23.2N, 175.1W,  65,  988,   95,   55,   45,   65,   40,   25,   15,   25,   20,   15,    0,   10, -999
20180813, 0000,  , TS, 24.2N, 176.4W,  60,  991,   90,   55,   45,   65,   35,   20,   10,   20,    0,    0,    0,    0, -999
20180813, 0600,  , TS, 24.7N, 178.0W,  55,  995,   90,   50,   45,   65,   25,   20,    0,   20,    0,    0,    0,    0, -999
20180813, 1200,  , TS, 25.1N, 179.5W,  45, 1001,   85,   50,   45,   75,    0,    0,    0,    0,    0,    0,    0,    0, -999
20180813, 1800,  , TS, 25.4N, 178.7E,  40, 1005,   85,   50,   45,   80,    0,    0,    0,    0,    0,    0,    0,    0, -999
20180814, 0000,  , TS, 25.8N, 177.2E,  35, 1008,   60,   30,   10,   80,    0,    0,    0,    0,    0,    0,    0,    0, -999
20180814, 0600,  , TD, 26.3N, 175.9E,  30, 1011,    0,    0,    0,    0,    0,    0,    0,    0,    0,    0,    0,    0, -999
20180814, 1200,  , TD, 27.1N, 174.2E,  30, 1010,    0,    0,    0,    0,    0,    0,    0,    0,    0,    0,    0,    0, -999
20180814, 1800,  , TS, 27.9N, 172.6E,  40, 1004,   70,    0,    0,   65,    0,    0,    0,    0,    0,    0,    0,    0, -999
20180815, 0000,  , SS, 28.7N, 170.8E,  40, 1004,   75,    0,   25,   70,    0,    0,    0,    0,    0,    0,    0,    0, -999
20180815, 0600,  , SS, 29.3N, 168.9E,  35, 1007,   75,    0,   45,   60,    0,    0,    0,    0,    0,    0,    0,    0, -999
20180815, 1200,  , SD, 29.8N, 167.9E,  30, 1009,    0,    0,    0,    0,    0,    0,    0,    0,    0,    0,    0,    0, -999
20180815, 1800,  , SD, 30.5N, 167.2E,  25, 1009,    0,    0,    0,    0,    0,    0,    0,    0,    0,    0,    0,    0, -999
20180816, 0000,  , SD, 31.5N, 166.4E,  25, 1008,    0,    0,    0,    0,    0,    0,    0,    0,    0,    0,    0,    0, -999
20180816, 0600,  , DB, 32.3N, 165.8E,  20, 1010,    0,    0,    0,    0,    0,    0,    0,    0,    0,    0,    0,    0, -999
20180816, 1200,  , DB, 32.9N, 165.6E,  15, 1013,    0,    0,    0,    0,    0,    0,    0,    0,    0,    0,    0,    0, -999
20180816, 1800,  , DB, 33.6N, 165.9E,  15, 1013,    0,    0,    0,    0,    0,    0,    0,    0,    0,    0,    0,    0, -999
EP112018,             ILEANA,     11,
20180804, 1800,  , TD, 12.3N,  94.5W,  25, 1008,    0,    0,    0,    0,    0,    0,    0,    0,    0,    0,    0,    0, -999
20180805, 0000,  , TD, 12.8N,  95.5W,  25, 1008,    0,    0,    0,    0,    0,    0,    0,    0,    0,    0,    0,    0, -999
20180805, 0600,  , TD, 13.0N,  96.3W,  30, 1006,    0,    0,    0,    0,    0,    0,    0,    0,    0,    0,    0,    0, -999
20180805, 1200,  , TS, 13.3N,  97.1W,  35, 1006,   40,   30,    0,   30,    0,    0,    0,    0,    0,    0,    0,    0, -999
20180805, 1800,  , TS, 13.6N,  97.9W,  45, 1003,   40,   30,    0,   30,    0,    0,    0,    0,    0,    0,    0,    0, -999
20180806, 0000,  , TS, 14.1N,  98.8W,  50, 1001,   50,   30,    0,   30,   20,    0,    0,    0,    0,    0,    0,    0, -999
20180806, 0600,  , TS, 14.9N, 100.0W,  50,  999,   60,   30,    0,   40,   20,    0,    0,    0,    0,    0,    0,    0, -999
20180806, 1200,  , TS, 15.8N, 101.2W,  55,  998,   60,   30,    0,   40,   20,    0,    0,    0,    0,    0,    0,    0, -999
20180806, 1800,  , TS, 16.7N, 102.6W,  55,  999,   60,   30,    0,   40,   20,   20,    0,    0,    0,    0,    0,    0, -999
20180807, 0000,  , TS, 17.7N, 104.2W,  50,  999,   60,   40,    0,   40,   20,   20,    0,    0,    0,    0,    0,    0, -999
20180807, 0600,  , TS, 19.0N, 106.0W,  45, 1002,   50,   40,    0,   40,    0,    0,    0,    0,    0,    0,    0,    0, -999
EP122018,               JOHN,     34,
20180805, 1200,  , TD, 13.7N, 105.0W,  30, 1006,    0,    0,    0,    0,    0,    0,    0,    0,    0,    0,    0,    0, -999
20180805, 1800,  , TD, 14.2N, 105.5W,  30, 1006,    0,    0,    0,    0,    0,    0,    0,    0,    0,    0,    0,    0, -999
20180806, 0000,  , TS, 14.5N, 106.3W,  35, 1004,   40,    0,    0,    0,    0,    0,    0,    0,    0,    0,    0,    0, -999
20180806, 0600,  , TS, 14.8N, 107.0W,  45, 1001,   60,   40,   20,   40,    0,    0,    0,    0,    0,    0,    0,    0, -999
20180806, 1200,  , TS, 15.3N, 107.5W,  55,  996,   70,   60,   40,   60,   30,   30,    0,   30,    0,    0,    0,    0, -999
20180806, 1800,  , HU, 15.9N, 107.9W,  65,  990,   70,   90,   70,   70,   30,   40,   30,   30,   20,    0,    0,    0, -999
20180807, 0000,  , HU, 16.5N, 108.4W,  70,  984,   90,   90,   70,   70,   30,   40,   30,   30,   20,   20,   10,   20, -999
20180807, 0600,  , HU, 17.1N, 109.0W,  80,  977,  100,  100,   60,   80,   50,   50,   30,   40,   25,   25,   20,   20, -999
20180807, 1200,  , HU, 17.7N, 109.5W,  90,  969,  100,  100,   60,   90,   50,   50,   30,   40,   30,   25,   20,   20, -999
20180807, 1800,  , HU, 18.3N, 110.1W,  95,  964,  100,  100,   60,   90,   50,   50,   30,   40,   30,   25,   20,   20, -999
20180808, 0000,  , HU, 18.9N, 110.8W,  90,  968,  100,  100,   60,   90,   50,   50,   30,   40,   30,   25,   20,   20, -999
20180808, 0600,  , HU, 19.6N, 111.5W,  80,  975,  100,  100,   60,   90,   50,   50,   30,   40,   25,   25,   20,   20, -999
20180808, 1200,  , HU, 20.5N, 112.2W,  75,  979,  100,  100,   60,   90,   50,   50,   30,   40,   25,   25,   20,   20, -999
20180808, 1800,  , HU, 21.5N, 113.0W,  75,  979,  100,  100,   60,   90,   50,   50,   30,   40,   25,   25,   20,   20, -999
20180809, 0000,  , HU, 22.5N, 114.1W,  70,  982,  110,   80,   60,  100,   50,   50,   30,   40,   25,   25,   20,   20, -999
20180809, 0600,  , HU, 23.3N, 115.3W,  65,  986,  120,   70,   50,  110,   50,   30,   20,   40,   25,    0,    0,   20, -999
20180809, 1200,  , TS, 23.9N, 116.7W,  60,  989,  120,   70,   50,  110,   50,   30,    0,   40,    0,    0,    0,    0, -999
20180809, 1800,  , TS, 24.4N, 117.8W,  55,  992,  120,   70,   50,  110,   50,   30,    0,   40,    0,    0,    0,    0, -999
20180810, 0000,  , TS, 25.0N, 118.7W,  50,  996,  100,   60,   50,   90,   40,    0,    0,    0,    0,    0,    0,    0, -999
20180810, 0600,  , TS, 25.6N, 119.5W,  45,  999,  100,   60,   50,   50,    0,    0,    0,    0,    0,    0,    0,    0, -999
20180810, 1200,  , LO, 26.3N, 120.3W,  35, 1002,   60,   60,    0,    0,    0,    0,    0,    0,    0,    0,    0,    0, -999
20180810, 1800,  , LO, 26.9N, 121.2W,  30, 1003,    0,    0,    0,    0,    0,    0,    0,    0,    0,    0,    0,    0, -999
20180811, 0000,  , LO, 27.2N, 122.0W,  30, 1003,    0,    0,    0,    0,    0,    0,    0,    0,    0,    0,    0,    0, -999
20180811, 0600,  , LO, 27.4N, 122.7W,  30, 1003,    0,    0,    0,    0,    0,    0,    0,    0,    0,    0,    0,    0, -999
20180811, 1200,  , LO, 27.7N, 123.3W,  30, 1003,    0,    0,    0,    0,    0,    0,    0,    0,    0,    0,    0,    0, -999
20180811, 1800,  , LO, 28.0N, 123.6W,  30, 1006,    0,    0,    0,    0,    0,    0,    0,    0,    0,    0,    0,    0, -999
20180812, 0000,  , LO, 28.1N, 123.8W,  25, 1008,    0,    0,    0,    0,    0,    0,    0,    0,    0,    0,    0,    0, -999
20180812, 0600,  , LO, 28.2N, 124.0W,  20, 1009,    0,    0,    0,    0,    0,    0,    0,    0,    0,    0,    0,    0, -999
20180812, 1200,  , LO, 28.3N, 124.2W,  20, 1009,    0,    0,    0,    0,    0,    0,    0,    0,    0,    0,    0,    0, -999
20180812, 1800,  , LO, 28.5N, 124.0W,  20, 1009,    0,    0,    0,    0,    0,    0,    0,    0,    0,    0,    0,    0, -999
20180813, 0000,  , LO, 28.4N, 123.6W,  20, 1009,    0,    0,    0,    0,    0,    0,    0,    0,    0,    0,    0,    0, -999
20180813, 0600,  , LO, 28.4N, 123.0W,  20, 1009,    0,    0,    0,    0,    0,    0,    0,    0,    0,    0,    0,    0, -999
20180813, 1200,  , LO, 28.4N, 122.3W,  20, 1009,    0,    0,    0,    0,    0,    0,    0,    0,    0,    0,    0,    0, -999
20180813, 1800,  , LO, 28.4N, 121.6W,  20, 1009,    0,    0,    0,    0,    0,    0,    0,    0,    0,    0,    0,    0, -999
EP132018,             KRISTY,     26,
20180806, 1800,  , TD, 14.8N, 122.6W,  30, 1005,    0,    0,    0,    0,    0,    0,    0,    0,    0,    0,    0,    0, -999
20180807, 0000,  , TS, 14.6N, 123.6W,  35, 1004,   30,   30,    0,   20,    0,    0,    0,    0,    0,    0,    0,    0, -999
20180807, 0600,  , TS, 14.4N, 124.6W,  45, 1000,   30,   30,    0,   20,    0,    0,    0,    0,    0,    0,    0,    0, -999
20180807, 1200,  , TS, 14.1N, 125.6W,  45, 1000,   40,   40,    0,   20,    0,    0,    0,    0,    0,    0,    0,    0, -999
20180807, 1800,  , TS, 14.0N, 126.6W,  45, 1000,   50,   50,    0,    0,    0,    0,    0,    0,    0,    0,    0,    0, -999
20180808, 0000,  , TS, 14.0N, 127.4W,  40, 1002,   50,   50,    0,    0,    0,    0,    0,    0,    0,    0,    0,    0, -999
20180808, 0600,  , TS, 14.0N, 128.2W,  40, 1002,   40,   30,    0,    0,    0,    0,    0,    0,    0,    0,    0,    0, -999
20180808, 1200,  , TS, 14.3N, 128.9W,  40, 1002,   40,   30,    0,    0,    0,    0,    0,    0,    0,    0,    0,    0, -999
20180808, 1800,  , TS, 14.5N, 129.4W,  40, 1002,   40,   30,    0,    0,    0,    0,    0,    0,    0,    0,    0,    0, -999
20180809, 0000,  , TS, 14.9N, 129.8W,  45, 1000,   40,   30,    0,    0,    0,    0,    0,    0,    0,    0,    0,    0, -999
20180809, 0600,  , TS, 15.4N, 130.1W,  50,  997,   50,   40,    0,    0,   20,    0,    0,    0,    0,    0,    0,    0, -999
20180809, 1200,  , TS, 15.9N, 130.1W,  55,  994,   50,   70,    0,   30,   20,   20,    0,    0,    0,    0,    0,    0, -999
20180809, 1800,  , TS, 16.5N, 130.1W,  55,  994,   60,   80,   30,   50,   30,   50,    0,   20,    0,    0,    0,    0, -999
20180810, 0000,  , TS, 17.1N, 130.0W,  55,  994,   60,   80,   30,   50,   30,   50,    0,   20,    0,    0,    0,    0, -999
20180810, 0600,  , TS, 17.8N, 129.9W,  60,  991,   60,   80,   30,   50,   30,   50,    0,   20,    0,    0,    0,    0, -999
20180810, 1200,  , TS, 18.6N, 129.8W,  60,  991,   60,   80,   30,   50,   30,   50,    0,   20,    0,    0,    0,    0, -999
20180810, 1800,  , TS, 19.4N, 129.9W,  60,  991,   60,   80,   30,   50,   30,   50,    0,   20,    0,    0,    0,    0, -999
20180811, 0000,  , TS, 20.2N, 130.0W,  50,  996,   60,   60,   30,   50,   30,   30,    0,   20,    0,    0,    0,    0, -999
20180811, 0600,  , TS, 20.9N, 130.4W,  40, 1000,   50,   40,   20,   40,    0,    0,    0,    0,    0,    0,    0,    0, -999
20180811, 1200,  , TS, 21.3N, 130.8W,  35, 1003,   30,   25,    0,   30,    0,    0,    0,    0,    0,    0,    0,    0, -999
20180811, 1800,  , TD, 21.7N, 131.2W,  30, 1006,    0,    0,    0,    0,    0,    0,    0,    0,    0,    0,    0,    0, -999
20180812, 0000,  , TD, 22.0N, 131.6W,  30, 1008,    0,    0,    0,    0,    0,    0,    0,    0,    0,    0,    0,    0, -999
20180812, 0600,  , TD, 22.3N, 132.0W,  25, 1009,    0,    0,    0,    0,    0,    0,    0,    0,    0,    0,    0,    0, -999
20180812, 1200,  , LO, 22.4N, 132.4W,  25, 1009,    0,    0,    0,    0,    0,    0,    0,    0,    0,    0,    0,    0, -999
20180812, 1800,  , LO, 22.4N, 132.9W,  25, 1009,    0,    0,    0,    0,    0,    0,    0,    0,    0,    0,    0,    0, -999
20180813, 0000,  , LO, 22.4N, 133.4W,  25, 1009,    0,    0,    0,    0,    0,    0,    0,    0,    0,    0,    0,    0, -999
EP142018,               LANE,     64,
20180813, 1200,  , LO, 10.9N, 114.7W,  20, 1009,    0,    0,    0,    0,    0,    0,    0,    0,    0,    0,    0,    0, -999
20180813, 1800,  , LO, 11.0N, 115.7W,  20, 1009,    0,    0,    0,    0,    0,    0,    0,    0,    0,    0,    0,    0, -999
20180814, 0000,  , LO, 11.1N, 116.6W,  25, 1009,    0,    0,    0,    0,    0,    0,    0,    0,    0,    0,    0,    0, -999
20180814, 0600,  , LO, 11.1N, 117.4W,  25, 1009,    0,    0,    0,    0,    0,    0,    0,    0,    0,    0,    0,    0, -999
20180814, 1200,  , LO, 11.1N, 118.4W,  25, 1009,    0,    0,    0,    0,    0,    0,    0,    0,    0,    0,    0,    0, -999
20180814, 1800,  , LO, 11.1N, 119.4W,  25, 1009,    0,    0,    0,    0,    0,    0,    0,    0,    0,    0,    0,    0, -999
20180815, 0000,  , TD, 11.0N, 120.6W,  30, 1008,    0,    0,    0,    0,    0,    0,    0,    0,    0,    0,    0,    0, -999
20180815, 0600,  , TD, 10.8N, 121.7W,  30, 1007,    0,    0,    0,    0,    0,    0,    0,    0,    0,    0,    0,    0, -999
20180815, 1200,  , TS, 10.7N, 122.8W,  35, 1006,   20,    0,    0,    0,    0,    0,    0,    0,    0,    0,    0,    0, -999
20180815, 1800,  , TS, 10.5N, 123.9W,  40, 1005,    0,   30,    0,    0,    0,    0,    0,    0,    0,    0,    0,    0, -999
20180816, 0000,  , TS, 10.4N, 124.9W,  45, 1003,    0,   30,    0,    0,    0,    0,    0,    0,    0,    0,    0,    0, -999
20180816, 0600,  , TS, 10.4N, 125.9W,  45, 1003,   30,   30,    0,    0,    0,    0,    0,    0,    0,    0,    0,    0, -999
20180816, 1200,  , TS, 10.4N, 126.9W,  50, 1001,   40,   40,    0,   20,   20,   20,    0,    0,    0,    0,    0,    0, -999
20180816, 1800,  , TS, 10.5N, 127.9W,  55,  999,   40,   40,   20,   30,   20,   20,    0,    0,    0,    0,    0,    0, -999
20180817, 0000,  , HU, 11.0N, 129.2W,  65,  992,   60,   40,   20,   40,   20,   20,   10,   10,   15,    0,    0,    0, -999
20180817, 0600,  , HU, 11.2N, 130.7W,  70,  990,   80,   70,   40,   50,   40,   30,   10,   20,   15,    0,    0,    0, -999
20180817, 1200,  , HU, 11.2N, 132.1W,  85,  982,   80,   70,   40,   60,   40,   30,   10,   20,   15,   10,    0,    0, -999
20180817, 1800,  , HU, 11.3N, 133.6W,  90,  977,   90,   70,   40,   60,   40,   30,   20,   30,   20,   15,   10,   15, -999
20180818, 0000,  , HU, 11.6N, 134.9W, 100,  969,   90,   70,   40,   60,   40,   30,   20,   30,   20,   15,   15,   15, -999
20180818, 0600,  , HU, 11.9N, 136.2W, 115,  956,   90,   70,   40,   60,   40,   30,   20,   30,   20,   15,   15,   15, -999
20180818, 1200,  , HU, 12.1N, 137.5W, 120,  950,   90,   70,   40,   60,   40,   30,   20,   30,   20,   15,   15,   15, -999
20180818, 1800,  , HU, 12.4N, 138.9W, 120,  950,   90,   70,   40,   60,   40,   40,   20,   30,   20,   20,   15,   20, -999
20180819, 0000,  , HU, 12.6N, 140.3W, 115,  956,   90,   70,   40,   60,   40,   40,   20,   30,   20,   20,   15,   20, -999
20180819, 0600,  , HU, 12.8N, 141.6W, 110,  961,   90,   70,   40,   70,   40,   40,   20,   35,   20,   20,   15,   20, -999
20180819, 1200,  , HU, 13.0N, 142.9W, 105,  966,   90,   50,   40,   70,   40,   25,   25,   40,   25,   15,   20,   20, -999
20180819, 1800,  , HU, 13.3N, 144.1W, 105,  966,   90,   40,   40,   80,   40,   25,   25,   40,   25,   15,   20,   20, -999
20180820, 0000,  , HU, 13.5N, 145.3W, 105,  966,   90,   40,   40,   80,   40,   25,   25,   40,   25,   15,   20,   20, -999
20180820, 0600,  , HU, 13.6N, 146.5W, 105,  966,   90,   40,   40,   80,   40,   25,   25,   40,   25,   15,   20,   20, -999
20180820, 1200,  , HU, 13.6N, 147.7W, 105,  966,   90,   40,   40,   80,   40,   25,   25,   40,   25,   15,   20,   25, -999
20180820, 1800,  , HU, 13.6N, 148.7W, 110,  964,   90,   50,   50,   90,   45,   35,   35,   45,   25,   20,   20,   25, -999
20180821, 0000,  , HU, 13.7N, 149.8W, 115,  959,   90,   60,   60,   90,   50,   35,   35,   50,   25,   25,   20,   25, -999
20180821, 0600,  , HU, 13.9N, 150.8W, 120,  953,   90,   60,   60,   90,   50,   35,   35,   50,   30,   25,   20,   25, -999
20180821, 1200,  , HU, 14.0N, 151.8W, 130,  941,   90,   70,   60,   90,   50,   35,   35,   50,   30,   25,   20,   30, -999
20180821, 1800,  , HU, 14.1N, 152.7W, 130,  941,   90,   70,   60,   90,   50,   35,   35,   50,   30,   25,   20,   25, -999
20180822, 0000,  , HU, 14.3N, 153.6W, 140,  929,   90,   70,   60,   90,   50,   35,   35,   50,   30,   25,   20,   30, -999
20180822, 0600,  , HU, 14.5N, 154.3W, 140,  926,   90,   70,   60,   90,   50,   35,   35,   50,   30,   25,   20,   30, -999
20180822, 1200,  , HU, 14.8N, 155.0W, 130,  938,   90,   70,   60,   90,   50,   35,   35,   50,   30,   25,   20,   30, -999
20180822, 1800,  , HU, 15.1N, 155.6W, 130,  938,   90,   70,   60,   90,   50,   35,   35,   50,   30,   25,   20,   30, -999
20180823, 0000,  , HU, 15.6N, 156.3W, 125,  942,   90,   70,   60,   90,   50,   35,   35,   50,   30,   25,   20,   30, -999
20180823, 0600,  , HU, 16.0N, 156.8W, 125,  942,   90,   70,   60,   90,   50,   35,   35,   50,   30,   25,   20,   30, -999
20180823, 1200,  , HU, 16.5N, 157.2W, 120,  946,   90,   70,   60,   90,   50,   35,   35,   50,   30,   25,   20,   30, -999
20180823, 1800,  , HU, 17.0N, 157.5W, 115,  950,   90,   60,   60,   90,   50,   35,   35,   50,   25,   20,   20,   25, -999
20180824, 0000,  , HU, 17.5N, 157.8W, 105,  959,   90,   60,   50,   90,   45,   30,   30,   45,   25,   20,   20,   25, -999
20180824, 0600,  , HU, 17.9N, 158.0W, 100,  962,   90,   50,   40,   90,   40,   30,   25,   40,   25,   20,   15,   25, -999
20180824, 1200,  , HU, 18.3N, 158.1W,  90,  969,  100,   50,   40,   90,   40,   25,   20,   40,   25,   20,   15,   25, -999
20180824, 1800,  , HU, 18.6N, 158.1W,  80,  977,  100,   50,   40,   90,   40,   25,   20,   40,   20,   15,    0,   20, -999
20180825, 0000,  , HU, 18.9N, 158.2W,  65,  987,  100,   50,   40,   90,   35,   20,   15,   30,   15,    0,    0,   15, -999
20180825, 0600,  , TS, 19.2N, 158.3W,  55,  995,   90,   45,   35,   80,   30,   10,    0,   25,    0,    0,    0,    0, -999
20180825, 1200,  , TS, 19.4N, 158.5W,  50,  998,   85,   40,   30,   80,   15,    0,    0,   15,    0,    0,    0,    0, -999
20180825, 1800,  , TS, 19.5N, 159.1W,  45, 1001,   80,   35,   25,   75,    0,    0,    0,    0,    0,    0,    0,    0, -999
20180826, 0000,  , TS, 19.5N, 159.8W,  40, 1003,   75,   30,   20,   70,    0,    0,    0,    0,    0,    0,    0,    0, -999
20180826, 0600,  , TS, 19.4N, 160.7W,  35, 1005,   60,   20,    0,   50,    0,    0,    0,    0,    0,    0,    0,    0, -999
20180826, 1200,  , TD, 19.3N, 161.6W,  30, 1006,    0,    0,    0,    0,    0,    0,    0,    0,    0,    0,    0,    0, -999
20180826, 1800,  , TD, 19.1N, 162.4W,  30, 1006,    0,    0,    0,    0,    0,    0,    0,    0,    0,    0,    0,    0, -999
20180827, 0000,  , TD, 18.9N, 163.3W,  30, 1006,    0,    0,    0,    0,    0,    0,    0,    0,    0,    0,    0,    0, -999
20180827, 0600,  , TD, 18.8N, 164.1W,  30, 1006,    0,    0,    0,    0,    0,    0,    0,    0,    0,    0,    0,    0, -999
20180827, 1200,  , TS, 18.7N, 165.0W,  35, 1005,   60,    0,    0,   60,    0,    0,    0,    0,    0,    0,    0,    0, -999
20180827, 1800,  , TS, 18.5N, 165.9W,  35, 1005,   50,    0,    0,   50,    0,    0,    0,    0,    0,    0,    0,    0, -999
20180828, 0000,  , TD, 18.4N, 166.4W,  30, 1006,    0,    0,    0,    0,    0,    0,    0,    0,    0,    0,    0,    0, -999
20180828, 0600,  , TD, 18.4N, 167.0W,  30, 1006,    0,    0,    0,    0,    0,    0,    0,    0,    0,    0,    0,    0, -999
20180828, 1200,  , TD, 18.5N, 167.6W,  30, 1006,    0,    0,    0,    0,    0,    0,    0,    0,    0,    0,    0,    0, -999
20180828, 1800,  , TD, 18.6N, 168.1W,  30, 1006,    0,    0,    0,    0,    0,    0,    0,    0,    0,    0,    0,    0, -999
20180829, 0000,  , LO, 19.1N, 168.3W,  25, 1007,    0,    0,    0,    0,    0,    0,    0,    0,    0,    0,    0,    0, -999
20180829, 0600,  , LO, 19.5N, 168.3W,  25, 1007,    0,    0,    0,    0,    0,    0,    0,    0,    0,    0,    0,    0, -999
EP152018,             MIRIAM,     35,
20180825, 1200,  , LO, 12.8N, 120.8W,  25, 1009,    0,    0,    0,    0,    0,    0,    0,    0,    0,    0,    0,    0, -999
20180825, 1800,  , LO, 12.9N, 121.7W,  25, 1009,    0,    0,    0,    0,    0,    0,    0,    0,    0,    0,    0,    0, -999
20180826, 0000,  , LO, 13.0N, 122.6W,  30, 1009,    0,    0,    0,    0,    0,    0,    0,    0,    0,    0,    0,    0, -999
20180826, 0600,  , TD, 13.2N, 123.7W,  30, 1008,    0,    0,    0,    0,    0,    0,    0,    0,    0,    0,    0,    0, -999
20180826, 1200,  , TS, 13.5N, 124.9W,  35, 1005,   30,   30,    0,   30,    0,    0,    0,    0,    0,    0,    0,    0, -999
20180826, 1800,  , TS, 13.7N, 126.1W,  40, 1004,   30,   30,    0,   30,    0,    0,    0,    0,    0,    0,    0,    0, -999
20180827, 0000,  , TS, 13.8N, 127.3W,  45, 1002,   40,   40,   20,   40,    0,    0,    0,    0,    0,    0,    0,    0, -999
20180827, 0600,  , TS, 13.9N, 128.6W,  50, 1000,   40,   40,   30,   40,   20,    0,    0,    0,    0,    0,    0,    0, -999
20180827, 1200,  , TS, 13.9N, 129.9W,  55,  999,   50,   50,   30,   50,   30,   20,    0,   20,    0,    0,    0,    0, -999
20180827, 1800,  , TS, 14.0N, 131.1W,  55,  999,   50,   50,   30,   50,   30,   20,    0,   20,    0,    0,    0,    0, -999
20180828, 0000,  , TS, 14.0N, 132.3W,  55,  999,   50,   50,   30,   50,   30,   20,    0,   20,    0,    0,    0,    0, -999
20180828, 0600,  , TS, 14.1N, 133.5W,  55,  999,   50,   50,   30,   50,   30,   20,    0,   20,    0,    0,    0,    0, -999
20180828, 1200,  , TS, 14.1N, 134.7W,  55,  999,   60,   60,   30,   50,   30,   30,    0,   20,    0,    0,    0,    0, -999
20180828, 1800,  , TS, 14.1N, 135.8W,  50, 1000,   60,   70,   30,   60,   30,   30,    0,   20,    0,    0,    0,    0, -999
20180829, 0000,  , TS, 14.1N, 136.9W,  50, 1000,   60,   70,   30,   60,   30,   30,    0,   20,    0,    0,    0,    0, -999
20180829, 0600,  , TS, 14.0N, 137.9W,  55,  999,   60,   70,   40,   60,   30,   30,    0,   20,    0,    0,    0,    0, -999
20180829, 1200,  , TS, 14.0N, 138.7W,  60,  996,   70,   70,   40,   60,   30,   30,   20,   30,    0,    0,    0,    0, -999
20180829, 1800,  , HU, 14.0N, 139.4W,  65,  992,   80,   80,   50,   70,   40,   40,   20,   30,   20,   20,    0,    0, -999
20180830, 0000,  , HU, 14.1N, 140.1W,  65,  988,   90,   90,   50,   70,   40,   40,   20,   30,   20,   20,    0,   10, -999
20180830, 0600,  , HU, 14.4N, 140.8W,  70,  985,   90,   90,   40,   70,   40,   40,   20,   30,   20,   20,    0,   10, -999
20180830, 1200,  , HU, 14.9N, 141.3W,  70,  985,   90,   90,   40,   70,   40,   40,   20,   30,   20,   20,    0,   10, -999
20180830, 1800,  , HU, 15.5N, 141.5W,  75,  982,   90,   90,   40,   70,   50,   40,   20,   30,   20,   20,    0,   10, -999
20180831, 0000,  , HU, 16.1N, 141.5W,  75,  981,   90,   90,   40,   70,   50,   40,   20,   30,   20,   20,    0,   10, -999
20180831, 0600,  , HU, 16.9N, 141.5W,  80,  978,  100,   90,   50,   70,   50,   40,   20,   30,   20,   20,    0,   10, -999
20180831, 1200,  , HU, 17.8N, 141.3W,  80,  978,  100,   90,   50,   70,   50,   40,   20,   30,   20,   20,   10,   10, -999
20180831, 1800,  , HU, 18.7N, 141.2W,  85,  974,  100,   90,   50,   80,   50,   40,   20,   40,   20,   20,   10,   10, -999
20180901, 0000,  , HU, 19.7N, 140.9W,  85,  974,  100,   90,   50,   80,   50,   40,   20,   40,   20,   20,   10,   10, -999
20180901, 0600,  , HU, 20.7N, 141.0W,  75,  980,  100,   80,   50,   80,   40,   40,   20,   40,   20,   20,    0,   10, -999
20180901, 1200,  , HU, 21.8N, 141.1W,  65,  986,   90,   70,   40,   80,   40,   40,   20,   40,   10,   10,    0,    0, -999
20180901, 1800,  , TS, 22.8N, 141.3W,  50,  997,   80,   60,   30,   80,   20,   10,    0,   20,    0,    0,    0,    0, -999
20180902, 0000,  , TS, 23.8N, 142.0W,  40, 1004,   75,   50,   20,   75,    0,    0,    0,    0,    0,    0,    0,    0, -999
20180902, 0600,  , TS, 24.7N, 142.8W,  35, 1005,   70,   40,   10,   70,    0,    0,    0,    0,    0,    0,    0,    0, -999
20180902, 1200,  , TD, 25.4N, 143.7W,  30, 1006,    0,    0,    0,    0,    0,    0,    0,    0,    0,    0,    0,    0, -999
20180902, 1800,  , LO, 26.0N, 144.3W,  30, 1008,    0,    0,    0,    0,    0,    0,    0,    0,    0,    0,    0,    0, -999
20180903, 0000,  , LO, 26.8N, 145.3W,  30, 1009,    0,    0,    0,    0,    0,    0,    0,    0,    0,    0,    0,    0, -999
EP162018,             NORMAN,     55,
20180827, 1800,  , LO, 14.6N, 109.4W,  25, 1008,    0,    0,    0,    0,    0,    0,    0,    0,    0,    0,    0,    0, -999
20180828, 0000,  , LO, 15.3N, 110.3W,  25, 1007,    0,    0,    0,    0,    0,    0,    0,    0,    0,    0,    0,    0, -999
20180828, 0600,  , LO, 16.0N, 111.0W,  25, 1006,    0,    0,    0,    0,    0,    0,    0,    0,    0,    0,    0,    0, -999
20180828, 1200,  , TD, 16.7N, 111.7W,  30, 1006,    0,    0,    0,    0,    0,    0,    0,    0,    0,    0,    0,    0, -999
20180828, 1800,  , TS, 17.2N, 112.5W,  35, 1004,   40,   30,    0,    0,    0,    0,    0,    0,    0,    0,    0,    0, -999
20180829, 0000,  , TS, 17.4N, 113.4W,  45, 1000,   40,   30,   20,   40,    0,    0,    0,    0,    0,    0,    0,    0, -999
20180829, 0600,  , TS, 17.5N, 114.3W,  50,  999,   40,   30,   20,   40,   20,   10,    0,   20,    0,    0,    0,    0, -999
20180829, 1200,  , TS, 17.6N, 115.1W,  55,  995,   40,   30,   20,   40,   20,   10,    0,   20,    0,    0,    0,    0, -999
20180829, 1800,  , HU, 17.7N, 115.7W,  65,  988,   60,   50,   40,   50,   30,   20,   20,   20,   15,    0,    0,   10, -999
20180830, 0000,  , HU, 17.7N, 116.3W,  75,  982,   60,   50,   40,   50,   30,   30,   20,   20,   15,    0,    0,   10, -999
20180830, 0600,  , HU, 17.7N, 117.0W,  95,  968,   60,   50,   50,   60,   30,   30,   30,   30,   15,   10,   10,   15, -999
20180830, 1200,  , HU, 17.7N, 117.7W, 125,  941,   70,   60,   50,   70,   40,   30,   30,   40,   20,   20,   15,   20, -999
20180830, 1800,  , HU, 17.6N, 118.4W, 130,  937,   70,   60,   50,   70,   40,   30,   30,   40,   20,   20,   15,   20, -999
20180831, 0000,  , HU, 17.4N, 119.2W, 130,  937,   70,   70,   50,   70,   40,   40,   30,   40,   20,   20,   15,   20, -999
20180831, 0600,  , HU, 17.1N, 119.9W, 125,  940,   80,   80,   70,   80,   40,   40,   40,   40,   20,   20,   15,   20, -999
20180831, 1200,  , HU, 16.8N, 120.5W, 115,  949,   80,   80,   70,   80,   40,   40,   40,   40,   20,   20,   15,   20, -999
20180831, 1800,  , HU, 16.6N, 121.1W, 110,  953,   90,   80,   70,   90,   50,   40,   30,   50,   30,   25,   20,   30, -999
20180901, 0000,  , HU, 16.4N, 121.8W, 100,  961,   90,   80,   70,   90,   50,   40,   30,   50,   30,   25,   20,   30, -999
20180901, 0600,  , HU, 16.3N, 122.5W,  90,  970,   90,   80,   70,   90,   50,   40,   30,   50,   25,   25,   20,   25, -999
20180901, 1200,  , HU, 16.2N, 123.3W,  90,  970,   90,   80,   70,   90,   50,   40,   30,   50,   25,   25,   20,   25, -999
20180901, 1800,  , HU, 16.2N, 124.3W,  90,  970,   90,   80,   70,   90,   50,   40,   30,   50,   25,   25,   20,   25, -999
20180902, 0000,  , HU, 16.5N, 125.5W,  90,  970,   90,   80,   70,   90,   50,   40,   30,   50,   25,   25,   20,   25, -999
20180902, 0600,  , HU, 16.9N, 126.7W,  95,  966,   90,   80,   70,   90,   50,   40,   40,   50,   30,   25,   20,   30, -999
20180902, 1200,  , HU, 17.4N, 128.3W, 115,  950,   90,   80,   70,   90,   50,   40,   40,   50,   30,   25,   20,   30, -999
20180902, 1800,  , HU, 17.9N, 130.0W, 120,  947,   90,   80,   70,   90,   50,   40,   40,   50,   30,   25,   20,   30, -999
20180903, 0000,  , HU, 18.4N, 131.8W, 115,  950,  100,   80,   70,   90,   50,   40,   40,   50,   30,   25,   20,   30, -999
20180903, 0600,  , HU, 18.8N, 133.8W, 110,  954,  100,   80,   70,   90,   50,   40,   40,   50,   30,   25,   20,   30, -999
20180903, 1200,  , HU, 19.1N, 135.7W, 100,  963,  100,   80,   70,  100,   50,   40,   40,   50,   30,   25,   20,   30, -999
20180903, 1800,  , HU, 19.4N, 137.6W,  90,  970,  100,   80,   70,  100,   50,   40,   40,   50,   30,   25,   20,   30, -999
20180904, 0000,  , HU, 19.7N, 139.4W,  80,  978,  100,   80,   70,  100,   50,   40,   40,   50,   30,   25,   20,   30, -999
20180904, 0600,  , HU, 19.9N, 141.0W,  75,  982,  100,   70,   70,  100,   40,   20,   30,   40,   20,    0,   10,   20, -999
20180904, 1200,  , HU, 19.9N, 142.6W,  75,  982,  100,   70,   70,  100,   40,   20,   30,   40,   20,    0,   10,   20, -999
20180904, 1800,  , HU, 19.8N, 143.9W,  70,  984,  100,   70,   70,  100,   40,   20,   30,   40,   20,    0,   10,   20, -999
20180905, 0000,  , HU, 19.8N, 145.1W,  70,  984,   90,   60,   60,   90,   40,   25,   25,   40,   20,   10,   10,   20, -999
20180905, 0600,  , HU, 19.6N, 146.1W,  80,  978,  100,   65,   70,  100,   45,   40,   35,   45,   25,   25,   20,   25, -999
20180905, 1200,  , HU, 19.5N, 147.2W, 100,  962,  100,   65,   70,  100,   50,   40,   35,   45,   25,   25,   20,   25, -999
20180905, 1800,  , HU, 19.6N, 148.0W, 105,  960,   90,   70,   60,  100,   50,   40,   40,   50,   25,   25,   20,   25, -999
20180906, 0000,  , HU, 19.8N, 148.8W, 105,  960,   90,   70,   60,  100,   50,   40,   40,   50,   25,   25,   20,   25, -999
20180906, 0600,  , HU, 20.1N, 149.5W, 105,  958,   90,   70,   60,   90,   50,   40,   35,   50,   25,   25,   20,   25, -999
20180906, 1200,  , HU, 20.5N, 150.2W, 100,  960,   90,   70,   60,   90,   50,   40,   35,   50,   25,   25,   20,   25, -999
20180906, 1800,  , HU, 21.0N, 150.6W,  95,  963,   90,   70,   60,   90,   50,   40,   35,   50,   25,   25,   20,   25, -999
20180907, 0000,  , HU, 21.6N, 151.1W,  85,  970,   90,   70,   60,   90,   50,   40,   35,   50,   25,   25,   20,   25, -999
20180907, 0600,  , HU, 22.1N, 151.6W,  75,  976,   90,   70,   60,   90,   50,   40,   35,   50,   25,   25,   20,   25, -999
20180907, 1200,  , HU, 22.8N, 152.1W,  65,  983,  100,   70,   50,   90,   50,   40,   35,   50,   25,   25,   20,   25, -999
20180907, 1800,  , TS, 23.7N, 152.6W,  60,  989,  110,   80,   50,  100,   50,   30,   20,   50,    0,    0,    0,    0, -999
20180908, 0000,  , TS, 24.6N, 153.1W,  60,  991,  120,   80,   50,  110,   60,   50,   20,   40,    0,    0,    0,    0, -999
20180908, 0600,  , TS, 25.1N, 153.5W,  55,  995,  120,   80,   50,  110,   50,   40,   10,   30,    0,    0,    0,    0, -999
20180908, 1200,  , TS, 25.7N, 154.1W,  50,  998,  120,   70,   50,  110,   40,    0,    0,   20,    0,    0,    0,    0, -999
20180908, 1800,  , TS, 26.4N, 154.4W,  45, 1000,  120,   90,   50,   90,    0,    0,    0,    0,    0,    0,    0,    0, -999
20180909, 0000,  , EX, 27.1N, 154.1W,  45, 1000,  120,   90,   50,   90,    0,    0,    0,    0,    0,    0,    0,    0, -999
20180909, 0600,  , EX, 27.9N, 153.9W,  45, 1000,  120,   90,   20,   40,    0,    0,    0,    0,    0,    0,    0,    0, -999
20180909, 1200,  , EX, 28.6N, 153.9W,  45, 1000,  120,   90,   20,   40,    0,    0,    0,    0,    0,    0,    0,    0, -999
20180909, 1800,  , EX, 29.6N, 153.5W,  40, 1002,  120,   90,   20,   40,    0,    0,    0,    0,    0,    0,    0,    0, -999
20180910, 0000,  , EX, 30.8N, 153.2W,  40, 1002,  120,   90,   20,   40,    0,    0,    0,    0,    0,    0,    0,    0, -999
20180910, 0600,  , EX, 31.9N, 152.4W,  40, 1002,  120,   90,   20,   40,    0,    0,    0,    0,    0,    0,    0,    0, -999
EP172018,             OLIVIA,     55,
20180901, 0000,  , TD, 14.3N, 107.8W,  30, 1007,    0,    0,    0,    0,    0,    0,    0,    0,    0,    0,    0,    0, -999
20180901, 0600,  , TD, 14.5N, 108.7W,  30, 1007,    0,    0,    0,    0,    0,    0,    0,    0,    0,    0,    0,    0, -999
20180901, 1200,  , TD, 14.7N, 109.6W,  30, 1007,    0,    0,    0,    0,    0,    0,    0,    0,    0,    0,    0,    0, -999
20180901, 1800,  , TD, 15.0N, 110.5W,  30, 1006,    0,    0,    0,    0,    0,    0,    0,    0,    0,    0,    0,    0, -999
20180902, 0000,  , TS, 15.4N, 111.2W,  35, 1004,    0,   70,    0,    0,    0,    0,    0,    0,    0,    0,    0,    0, -999
20180902, 0600,  , TS, 15.9N, 111.7W,  40, 1002,    0,   80,   80,    0,    0,    0,    0,    0,    0,    0,    0,    0, -999
20180902, 1200,  , TS, 16.5N, 112.1W,  40, 1002,    0,   80,   80,    0,    0,    0,    0,    0,    0,    0,    0,    0, -999
20180902, 1800,  , TS, 16.8N, 112.8W,  40, 1002,    0,  100,   80,    0,    0,    0,    0,    0,    0,    0,    0,    0, -999
20180903, 0000,  , TS, 16.9N, 113.4W,  40, 1001,    0,  110,   80,    0,    0,    0,    0,    0,    0,    0,    0,    0, -999
20180903, 0600,  , TS, 16.8N, 114.0W,  45,  999,    0,  110,   80,    0,    0,    0,    0,    0,    0,    0,    0,    0, -999
20180903, 1200,  , TS, 16.7N, 114.4W,  50,  996,   90,  110,  100,   60,   30,   30,    0,    0,    0,    0,    0,    0, -999
20180903, 1800,  , TS, 16.7N, 114.9W,  60,  991,   90,  110,  100,   60,   30,   30,   20,   20,    0,    0,    0,    0, -999
20180904, 0000,  , HU, 16.8N, 115.6W,  65,  987,   90,  100,  100,   60,   40,   30,   20,   20,   15,    0,    0,    0, -999
20180904, 0600,  , HU, 16.9N, 116.6W,  75,  985,   90,   90,   90,   60,   40,   30,   20,   20,   15,    0,    0,    0, -999
20180904, 1200,  , HU, 16.9N, 117.6W,  90,  971,   90,   90,   80,   70,   40,   30,   30,   30,   20,   15,   10,   20, -999
20180904, 1800,  , HU, 16.8N, 118.6W, 100,  963,   90,   90,   80,   80,   40,   30,   30,   30,   20,   15,   15,   20, -999
20180905, 0000,  , HU, 16.8N, 119.6W, 110,  954,   90,   90,   80,   80,   40,   30,   30,   30,   20,   15,   15,   20, -999
20180905, 0600,  , HU, 16.8N, 120.7W, 100,  963,   90,   90,   80,   80,   40,   30,   30,   30,   20,   15,   15,   20, -999
20180905, 1200,  , HU, 17.0N, 121.8W,  95,  966,   90,   90,   80,   80,   40,   30,   30,   30,   20,   15,   15,   20, -999
20180905, 1800,  , HU, 17.2N, 123.0W,  85,  975,  100,   90,   80,   80,   40,   40,   30,   30,   20,   15,   15,   20, -999
20180906, 0000,  , HU, 17.5N, 124.1W,  85,  976,  100,   90,   80,   80,   40,   40,   30,   30,   20,   15,   15,   20, -999
20180906, 0600,  , HU, 17.8N, 125.3W,  90,  975,  100,   90,   80,   80,   40,   40,   30,   30,   20,   15,   15,   20, -999
20180906, 1200,  , HU, 18.1N, 126.6W, 100,  959,  100,   90,   80,   80,   40,   40,   30,   30,   20,   15,   15,   20, -999
20180906, 1800,  , HU, 18.5N, 127.9W, 110,  954,  100,   90,   80,   80,   40,   40,   30,   30,   25,   20,   15,   20, -999
20180907, 0000,  , HU, 18.9N, 129.2W, 115,  951,  100,   90,   80,   80,   40,   40,   30,   30,   25,   20,   15,   20, -999
20180907, 0600,  , HU, 19.4N, 130.5W, 105,  955,  100,   90,   80,   80,   40,   40,   30,   30,   25,   20,   15,   20, -999
20180907, 1200,  , HU, 19.9N, 131.8W,  95,  965,  100,   90,   80,   80,   40,   40,   30,   30,   25,   20,   15,   20, -999
20180907, 1800,  , HU, 20.3N, 133.2W,  90,  970,  100,   90,   80,   80,   40,   40,   30,   30,   25,   20,   15,   20, -999
20180908, 0000,  , HU, 20.7N, 134.5W,  85,  975,  100,   90,   80,   80,   40,   40,   30,   30,   25,   20,   15,   20, -999
20180908, 0600,  , HU, 21.1N, 135.9W,  80,  980,  100,   90,   80,   80,   40,   40,   30,   30,   25,   20,   15,   20, -999
20180908, 1200,  , HU, 21.4N, 137.3W,  75,  983,  100,   90,   80,   80,   40,   40,   30,   30,   25,   20,   15,   20, -999
20180908, 1800,  , HU, 21.6N, 138.7W,  75,  983,  100,   90,   80,   80,   40,   40,   30,   30,   25,   20,   15,   20, -999
20180909, 0000,  , HU, 21.8N, 140.2W,  75,  982,  100,   70,   60,   90,   40,   25,   25,   40,   25,   15,   10,   25, -999
20180909, 0600,  , HU, 21.8N, 141.7W,  70,  985,  100,   60,   50,   90,   40,   20,   20,   40,   25,   10,   10,   25, -999
20180909, 1200,  , HU, 21.7N, 143.1W,  65,  989,  100,   60,   50,   90,   40,   20,   20,   40,   15,    5,    5,   15, -999
20180909, 1800,  , HU, 21.7N, 144.5W,  65,  988,  100,   50,   50,   90,   40,   20,   20,   40,   15,    5,    5,   15, -999
20180910, 0000,  , HU, 21.7N, 145.6W,  75,  982,  100,   50,   50,   90,   40,   20,   20,   40,   20,   10,   10,   20, -999
20180910, 0600,  , HU, 21.7N, 146.5W,  75,  980,  100,   60,   50,   90,   40,   25,   20,   35,   20,   10,   10,   20, -999
20180910, 1200,  , HU, 21.7N, 147.4W,  75,  980,  100,   60,   50,   90,   40,   30,   20,   35,   25,   10,    0,   20, -999
20180910, 1800,  , HU, 21.8N, 148.2W,  70,  985,   90,   60,   40,   80,   40,   30,   15,   35,   15,   10,    0,   15, -999
20180911, 0000,  , HU, 21.8N, 149.1W,  65,  989,   80,   50,   40,   80,   40,   25,   15,   30,   10,    0,    0,   10, -999
20180911, 0600,  , TS, 21.9N, 149.8W,  60,  993,   80,   50,   40,   80,   40,   20,   10,   30,    0,    0,    0,    0, -999
20180911, 1200,  , TS, 21.9N, 150.7W,  55,  997,   80,   40,   30,   80,   30,   10,   10,   30,    0,    0,    0,    0, -999
20180911, 1800,  , TS, 21.8N, 152.0W,  50, 1000,   80,   40,   30,   80,   30,   10,   10,   30,    0,    0,    0,    0, -999
20180912, 0000,  , TS, 21.1N, 153.8W,  45, 1003,   90,   40,   30,   90,    0,    0,    0,    0,    0,    0,    0,    0, -999
20180912, 0600,  , TS, 21.0N, 154.4W,  40, 1005,   80,   20,   10,   60,    0,    0,    0,    0,    0,    0,    0,    0, -999
20180912, 1200,  , TS, 21.0N, 155.1W,  40, 1005,   80,   20,   10,   60,    0,    0,    0,    0,    0,    0,    0,    0, -999
20180912, 1800,  , TS, 21.1N, 156.3W,  40, 1005,   80,   20,   10,   50,    0,    0,    0,    0,    0,    0,    0,    0, -999
20180913, 0000,  , TS, 20.5N, 158.1W,  35, 1007,   70,   10,    0,   40,    0,    0,    0,    0,    0,    0,    0,    0, -999
20180913, 0600,  , TD, 20.1N, 159.8W,  30, 1008,    0,    0,    0,    0,    0,    0,    0,    0,    0,    0,    0,    0, -999
20180913, 1200,  , TD, 19.7N, 161.6W,  30, 1008,    0,    0,    0,    0,    0,    0,    0,    0,    0,    0,    0,    0, -999
20180913, 1800,  , TS, 19.0N, 162.5W,  35, 1007,   50,    0,    0,   30,    0,    0,    0,    0,    0,    0,    0,    0, -999
20180914, 0000,  , TS, 19.0N, 163.6W,  35, 1007,   50,    0,    0,   30,    0,    0,    0,    0,    0,    0,    0,    0, -999
20180914, 0600,  , LO, 18.9N, 164.9W,  35, 1007,   50,    0,    0,   30,    0,    0,    0,    0,    0,    0,    0,    0, -999
20180914, 1200,  , LO, 18.8N, 165.9W,  35, 1007,   50,    0,    0,   30,    0,    0,    0,    0,    0,    0,    0,    0, -999
EP182018,               PAUL,     30,
20180907, 1200,  , LO, 14.7N, 111.9W,  25, 1008,    0,    0,    0,    0,    0,    0,    0,    0,    0,    0,    0,    0, -999
20180907, 1800,  , LO, 15.0N, 112.7W,  25, 1008,    0,    0,    0,    0,    0,    0,    0,    0,    0,    0,    0,    0, -999
20180908, 0000,  , LO, 15.3N, 113.6W,  25, 1008,    0,    0,    0,    0,    0,    0,    0,    0,    0,    0,    0,    0, -999
20180908, 0600,  , TD, 15.5N, 114.5W,  30, 1006,    0,    0,    0,    0,    0,    0,    0,    0,    0,    0,    0,    0, -999
20180908, 1200,  , TD, 15.7N, 115.4W,  30, 1006,    0,    0,    0,    0,    0,    0,    0,    0,    0,    0,    0,    0, -999
20180908, 1800,  , TD, 15.8N, 116.3W,  30, 1006,    0,    0,    0,    0,    0,    0,    0,    0,    0,    0,    0,    0, -999
20180909, 0000,  , TS, 16.0N, 117.0W,  35, 1004,   40,   60,    0,   40,    0,    0,    0,    0,    0,    0,    0,    0, -999
20180909, 0600,  , TS, 16.6N, 117.6W,  35, 1004,   40,   60,    0,   40,    0,    0,    0,    0,    0,    0,    0,    0, -999
20180909, 1200,  , TS, 17.3N, 118.1W,  35, 1004,   40,   60,    0,   40,    0,    0,    0,    0,    0,    0,    0,    0, -999
20180909, 1800,  , TS, 18.1N, 118.6W,  40, 1002,   80,   60,    0,   40,    0,    0,    0,    0,    0,    0,    0,    0, -999
20180910, 0000,  , TS, 18.9N, 119.1W,  40, 1003,   70,   60,    0,   40,    0,    0,    0,    0,    0,    0,    0,    0, -999
20180910, 0600,  , TS, 19.7N, 119.7W,  35, 1004,   60,   60,    0,   40,    0,    0,    0,    0,    0,    0,    0,    0, -999
20180910, 1200,  , TS, 20.4N, 120.3W,  35, 1004,   60,   60,    0,   40,    0,    0,    0,    0,    0,    0,    0,    0, -999
20180910, 1800,  , TS, 20.9N, 120.9W,  35, 1004,   60,   60,    0,    0,    0,    0,    0,    0,    0,    0,    0,    0, -999
20180911, 0000,  , TS, 21.4N, 121.7W,  35, 1004,   60,   60,    0,    0,    0,    0,    0,    0,    0,    0,    0,    0, -999
20180911, 0600,  , TD, 21.8N, 122.6W,  30, 1005,    0,    0,    0,    0,    0,    0,    0,    0,    0,    0,    0,    0, -999
20180911, 1200,  , TD, 22.0N, 123.6W,  30, 1005,    0,    0,    0,    0,    0,    0,    0,    0,    0,    0,    0,    0, -999
20180911, 1800,  , TD, 22.2N, 124.7W,  30, 1005,    0,    0,    0,    0,    0,    0,    0,    0,    0,    0,    0,    0, -999
20180912, 0000,  , LO, 22.3N, 126.0W,  30, 1005,    0,    0,    0,    0,    0,    0,    0,    0,    0,    0,    0,    0, -999
20180912, 0600,  , LO, 22.4N, 127.0W,  30, 1005,    0,    0,    0,    0,    0,    0,    0,    0,    0,    0,    0,    0, -999
20180912, 1200,  , LO, 22.5N, 128.0W,  25, 1006,    0,    0,    0,    0,    0,    0,    0,    0,    0,    0,    0,    0, -999
20180912, 1800,  , LO, 22.5N, 128.9W,  25, 1006,    0,    0,    0,    0,    0,    0,    0,    0,    0,    0,    0,    0, -999
20180913, 0000,  , LO, 22.5N, 129.8W,  25, 1006,    0,    0,    0,    0,    0,    0,    0,    0,    0,    0,    0,    0, -999
20180913, 0600,  , LO, 22.5N, 130.6W,  25, 1006,    0,    0,    0,    0,    0,    0,    0,    0,    0,    0,    0,    0, -999
20180913, 1200,  , LO, 22.5N, 131.4W,  25, 1006,    0,    0,    0,    0,    0,    0,    0,    0,    0,    0,    0,    0, -999
20180913, 1800,  , LO, 22.4N, 132.1W,  25, 1006,    0,    0,    0,    0,    0,    0,    0,    0,    0,    0,    0,    0, -999
20180914, 0000,  , LO, 22.0N, 132.6W,  20, 1007,    0,    0,    0,    0,    0,    0,    0,    0,    0,    0,    0,    0, -999
20180914, 0600,  , LO, 21.6N, 132.9W,  20, 1007,    0,    0,    0,    0,    0,    0,    0,    0,    0,    0,    0,    0, -999
20180914, 1200,  , LO, 21.2N, 133.1W,  20, 1007,    0,    0,    0,    0,    0,    0,    0,    0,    0,    0,    0,    0, -999
20180914, 1800,  , LO, 20.8N, 133.3W,  20, 1007,    0,    0,    0,    0,    0,    0,    0,    0,    0,    0,    0,    0, -999
EP192018,           NINETEEN,      5,
20180919, 1200,  , TD, 26.1N, 111.3W,  25, 1004,    0,    0,    0,    0,    0,    0,    0,    0,    0,    0,    0,    0, -999
20180919, 1800,  , TD, 26.7N, 111.2W,  30, 1003,    0,    0,    0,    0,    0,    0,    0,    0,    0,    0,    0,    0, -999
20180920, 0000,  , TD, 27.3N, 110.9W,  30, 1002,    0,    0,    0,    0,    0,    0,    0,    0,    0,    0,    0,    0, -999
20180920, 0300, L, TD, 27.6N, 110.6W,  30, 1002,    0,    0,    0,    0,    0,    0,    0,    0,    0,    0,    0,    0, -999
20180920, 0600,  , TD, 27.9N, 110.2W,  25, 1003,    0,    0,    0,    0,    0,    0,    0,    0,    0,    0,    0,    0, -999
EP202018,               ROSA,     31,
20180925, 0600,  , TD, 14.4N, 106.9W,  30, 1006,    0,    0,    0,    0,    0,    0,    0,    0,    0,    0,    0,    0, -999
20180925, 1200,  , TS, 14.6N, 107.7W,  40, 1004,   40,    0,    0,   40,    0,    0,    0,    0,    0,    0,    0,    0, -999
20180925, 1800,  , TS, 14.8N, 108.5W,  45, 1000,   40,   40,    0,   40,    0,    0,    0,    0,    0,    0,    0,    0, -999
20180926, 0000,  , TS, 15.0N, 109.3W,  50,  997,   50,   50,   30,   50,   20,   20,    0,   20,    0,    0,    0,    0, -999
20180926, 0600,  , TS, 15.4N, 110.0W,  55,  994,   50,   50,   30,   40,   20,   20,    0,   20,    0,    0,    0,    0, -999
20180926, 1200,  , HU, 16.0N, 110.8W,  65,  990,   70,   50,   40,   50,   40,   20,    0,   20,   20,   10,    0,    0, -999
20180926, 1800,  , HU, 16.4N, 111.7W,  75,  982,   70,   50,   40,   50,   40,   20,    0,   20,   20,   10,    0,    0, -999
20180927, 0000,  , HU, 16.8N, 112.6W,  75,  982,   90,   70,   60,   60,   50,   30,   20,   30,   25,   10,   10,   20, -999
20180927, 0600,  , HU, 17.0N, 113.6W,  75,  979,   90,   70,   60,   60,   50,   30,   20,   30,   25,   10,   10,   20, -999
20180927, 1200,  , HU, 17.0N, 114.6W,  90,  971,   90,   70,   60,   60,   50,   30,   20,   30,   25,   10,   10,   20, -999
20180927, 1800,  , HU, 17.0N, 115.5W, 105,  957,  100,   70,   60,   90,   50,   30,   20,   40,   30,   15,   15,   20, -999
20180928, 0000,  , HU, 16.9N, 116.4W, 125,  940,  100,   80,   70,   90,   60,   40,   30,   40,   35,   20,   20,   25, -999
20180928, 0600,  , HU, 16.9N, 117.1W, 130,  936,  100,  100,   90,   90,   60,   50,   40,   40,   35,   20,   20,   25, -999
20180928, 1200,  , HU, 17.0N, 117.5W, 120,  942,  100,  100,   90,   90,   60,   50,   40,   40,   35,   20,   20,   25, -999
20180928, 1800,  , HU, 17.4N, 117.8W, 105,  955,  110,  160,   80,  110,   60,   60,   40,   60,   30,   30,   20,   30, -999
20180929, 0000,  , HU, 17.9N, 118.0W,  95,  964,  110,  160,   80,  110,   60,   60,   40,   60,   30,   30,   20,   30, -999
20180929, 0600,  , HU, 18.8N, 118.2W,  85,  971,  120,  140,   70,  100,   50,   50,   30,   50,   25,   25,   20,   20, -999
20180929, 1200,  , HU, 19.7N, 118.4W,  85,  971,  120,  140,   70,  100,   50,   50,   30,   50,   25,   25,   20,   20, -999
20180929, 1800,  , HU, 20.7N, 118.7W,  90,  968,  120,  140,   70,  100,   50,   50,   30,   50,   25,   25,   20,   20, -999
20180930, 0000,  , HU, 21.8N, 118.9W,  85,  969,  120,  130,   70,  100,   50,   50,   30,   50,   25,   25,   20,   20, -999
20180930, 0600,  , HU, 22.8N, 118.9W,  80,  972,  120,  130,   70,  100,   50,   50,   30,   40,   25,   25,    0,   20, -999
20180930, 1200,  , HU, 23.8N, 118.8W,  70,  982,  120,  130,   70,  100,   50,   50,   30,   40,   25,   25,    0,   20, -999
20180930, 1800,  , HU, 24.7N, 118.4W,  65,  982,  120,  130,   70,  100,   50,   50,   30,   40,   25,   25,    0,   20, -999
20181001, 0000,  , TS, 25.6N, 117.9W,  55,  989,  110,  130,   70,  100,   50,   50,    0,   40,    0,    0,    0,    0, -999
20181001, 0600,  , TS, 26.3N, 117.3W,  45,  994,  110,  130,   50,   70,    0,    0,    0,    0,    0,    0,    0,    0, -999
20181001, 1200,  , TS, 27.1N, 116.7W,  40, 1000,  110,  130,   50,   70,    0,    0,    0,    0,    0,    0,    0,    0, -999
20181001, 1800,  , TS, 27.8N, 116.3W,  35, 1001,  110,  130,   50,   70,    0,    0,    0,    0,    0,    0,    0,    0, -999
20181002, 0000,  , TD, 28.3N, 115.7W,  30, 1002,    0,    0,    0,    0,    0,    0,    0,    0,    0,    0,    0,    0, -999
20181002, 0600,  , TD, 28.9N, 115.1W,  30, 1003,    0,    0,    0,    0,    0,    0,    0,    0,    0,    0,    0,    0, -999
20181002, 1100, L, TD, 29.2N, 114.6W,  30, 1005,    0,    0,    0,    0,    0,    0,    0,    0,    0,    0,    0,    0, -999
20181002, 1200,  , TD, 29.3N, 114.4W,  30, 1005,    0,    0,    0,    0,    0,    0,    0,    0,    0,    0,    0,    0, -999
CP012018,             WALAKA,     47,
20180926, 0600,  , DB, 10.7N, 140.1W,  25, 1008,    0,    0,    0,    0,    0,    0,    0,    0,    0,    0,    0,    0, -999
20180926, 1200,  , DB, 11.1N, 140.7W,  25, 1008,    0,    0,    0,    0,    0,    0,    0,    0,    0,    0,    0,    0, -999
20180926, 1800,  , DB, 11.7N, 141.5W,  25, 1008,    0,    0,    0,    0,    0,    0,    0,    0,    0,    0,    0,    0, -999
20180927, 0000,  , DB, 12.2N, 142.6W,  25, 1008,    0,    0,    0,    0,    0,    0,    0,    0,    0,    0,    0,    0, -999
20180927, 0600,  , DB, 12.2N, 144.1W,  25, 1008,    0,    0,    0,    0,    0,    0,    0,    0,    0,    0,    0,    0, -999
20180927, 1200,  , LO, 12.2N, 145.7W,  25, 1008,    0,    0,    0,    0,    0,    0,    0,    0,    0,    0,    0,    0, -999
20180927, 1800,  , LO, 12.1N, 147.3W,  25, 1008,    0,    0,    0,    0,    0,    0,    0,    0,    0,    0,    0,    0, -999
20180928, 0000,  , LO, 12.1N, 148.8W,  25, 1007,    0,    0,    0,    0,    0,    0,    0,    0,    0,    0,    0,    0, -999
20180928, 0600,  , LO, 12.0N, 150.2W,  25, 1007,    0,    0,    0,    0,    0,    0,    0,    0,    0,    0,    0,    0, -999
20180928, 1200,  , LO, 12.0N, 151.5W,  25, 1007,    0,    0,    0,    0,    0,    0,    0,    0,    0,    0,    0,    0, -999
20180928, 1800,  , LO, 11.9N, 152.8W,  25, 1007,    0,    0,    0,    0,    0,    0,    0,    0,    0,    0,    0,    0, -999
20180929, 0000,  , LO, 11.8N, 154.2W,  25, 1007,    0,    0,    0,    0,    0,    0,    0,    0,    0,    0,    0,    0, -999
20180929, 0600,  , LO, 11.8N, 155.6W,  25, 1007,    0,    0,    0,    0,    0,    0,    0,    0,    0,    0,    0,    0, -999
20180929, 1200,  , TD, 11.7N, 157.1W,  30, 1006,    0,    0,    0,    0,    0,    0,    0,    0,    0,    0,    0,    0, -999
20180929, 1800,  , TS, 11.6N, 158.6W,  35, 1005,   40,   20,    0,   35,    0,    0,    0,    0,    0,    0,    0,    0, -999
20180930, 0000,  , TS, 11.6N, 160.0W,  40, 1003,   45,   20,    0,   40,    0,    0,    0,    0,    0,    0,    0,    0, -999
20180930, 0600,  , TS, 11.6N, 161.5W,  50, 1000,   70,   30,    0,   60,   30,    0,    0,   20,    0,    0,    0,    0, -999
20180930, 1200,  , TS, 11.6N, 163.0W,  60,  998,   80,   40,   15,   70,   35,   10,    0,   30,    0,    0,    0,    0, -999
20180930, 1800,  , HU, 11.6N, 164.5W,  65,  995,   90,   40,   20,   80,   40,   20,   15,   30,   15,    0,    0,   15, -999
20181001, 0000,  , HU, 11.7N, 166.0W,  75,  985,  100,   60,   50,   90,   45,   40,   35,   40,   20,   20,   20,   20, -999
20181001, 0600,  , HU, 11.8N, 167.1W,  90,  970,  110,   70,   50,  110,   50,   35,   35,   50,   25,   20,   20,   25, -999
20181001, 1200,  , HU, 12.0N, 168.0W, 110,  955,  120,   80,   70,  120,   55,   40,   40,   55,   30,   25,   25,   30, -999
20181001, 1800,  , HU, 12.5N, 168.8W, 130,  935,  140,  120,   80,  120,   70,   60,   50,   60,   45,   35,   30,   35, -999
20181002, 0000,  , HU, 12.9N, 169.6W, 140,  921,  160,  120,   80,  120,   80,   70,   60,   70,   45,   35,   30,   35, -999
20181002, 0600,  , HU, 13.5N, 169.9W, 140,  921,  160,  120,   80,  120,   80,   70,   60,   70,   45,   35,   30,   35, -999
20181002, 1200,  , HU, 14.2N, 170.0W, 135,  927,  160,  140,   90,  130,   80,   70,   60,   70,   40,   35,   25,   35, -999
20181002, 1800,  , HU, 15.1N, 170.2W, 130,  935,  160,  140,   90,  130,   80,   70,   60,   70,   35,   35,   25,   30, -999
20181003, 0000,  , HU, 16.1N, 170.3W, 120,  940,  160,  140,  100,  130,   70,   60,   50,   60,   35,   35,   25,   30, -999
20181003, 0600,  , HU, 17.4N, 170.1W, 115,  946,  160,  140,  100,  130,   70,   60,   50,   60,   35,   35,   25,   30, -999
20181003, 1200,  , HU, 18.8N, 169.7W, 125,  938,  180,  170,  100,  140,  100,   90,   60,   60,   45,   40,   30,   40, -999
20181003, 1800,  , HU, 20.5N, 169.0W, 120,  942,  200,  200,  120,  120,  100,  100,   60,   60,   50,   50,   35,   40, -999
20181004, 0000,  , HU, 22.2N, 168.1W, 115,  946,  200,  200,  120,  120,  110,  110,   70,   70,   60,   60,   40,   40, -999
20181004, 0600,  , HU, 24.0N, 166.9W, 110,  950,  200,  200,  120,  120,  120,  120,   70,   70,   60,   60,   40,   40, -999
20181004, 0620, L, HU, 24.1N, 166.8W, 110,  950,  200,  200,  120,  120,  120,  120,   70,   70,   60,   60,   40,   40, -999
20181004, 1200,  , HU, 25.9N, 166.2W, 100,  954,  200,  200,  120,  120,  120,  120,   70,   70,   60,   60,   40,   40, -999
20181004, 1800,  , HU, 28.0N, 166.3W,  85,  969,  200,  200,  120,  120,  120,  120,   70,   70,   60,   60,   40,   40, -999
20181005, 0000,  , HU, 29.7N, 167.5W,  65,  981,  180,  180,  110,  110,  100,  100,   50,   50,   40,   40,   25,   25, -999
20181005, 0600,  , TS, 30.5N, 168.3W,  60,  985,  150,  150,  100,  100,   90,   90,   40,   40,    0,    0,    0,    0, -999
20181005, 1200,  , TS, 30.9N, 168.3W,  55,  987,  140,  140,   90,   90,   80,   80,   35,   35,    0,    0,    0,    0, -999
20181005, 1800,  , TS, 31.8N, 168.1W,  50,  989,  110,  140,   90,   80,   60,   80,    0,    0,    0,    0,    0,    0, -999
20181006, 0000,  , TS, 32.6N, 167.1W,  45,  992,  100,  130,   90,   80,    0,    0,    0,    0,    0,    0,    0,    0, -999
20181006, 0600,  , TS, 33.5N, 165.9W,  45,  992,   70,  140,   90,    0,    0,    0,    0,    0,    0,    0,    0,    0, -999
20181006, 1200,  , EX, 35.1N, 164.5W,  45,  994,   70,  150,   90,    0,    0,    0,    0,    0,    0,    0,    0,    0, -999
20181006, 1800,  , EX, 36.9N, 163.0W,  45,  998,  120,  150,  120,    0,    0,    0,    0,    0,    0,    0,    0,    0, -999
20181007, 0000,  , EX, 39.7N, 160.6W,  45, 1004,  240,  270,  240,    0,    0,    0,    0,    0,    0,    0,    0,    0, -999
20181007, 0600,  , EX, 44.4N, 158.3W,  45, 1004,  330,  300,  150,    0,    0,    0,    0,    0,    0,    0,    0,    0, -999
20181007, 1200,  , EX, 47.8N, 155.1W,  35, 1008,  270,  270,    0,    0,    0,    0,    0,    0,    0,    0,    0,    0, -999
EP212018,             SERGIO,     54,
20180929, 1200,  , TS, 12.0N, 101.3W,  35, 1005,   90,   90,    0,    0,    0,    0,    0,    0,    0,    0,    0,    0, -999
20180929, 1800,  , TS, 12.0N, 102.2W,  35, 1005,  110,  110,    0,    0,    0,    0,    0,    0,    0,    0,    0,    0, -999
20180930, 0000,  , TS, 12.0N, 103.1W,  40, 1003,  110,  110,    0,    0,    0,    0,    0,    0,    0,    0,    0,    0, -999
20180930, 0600,  , TS, 11.9N, 103.9W,  45, 1001,  110,  110,    0,    0,    0,    0,    0,    0,    0,    0,    0,    0, -999
20180930, 1200,  , TS, 11.7N, 104.8W,  50,  999,  110,  110,    0,    0,   30,   30,    0,    0,    0,    0,    0,    0, -999
20180930, 1800,  , TS, 11.6N, 105.8W,  55,  997,  110,  110,    0,   60,   30,   30,    0,    0,    0,    0,    0,    0, -999
20181001, 0000,  , TS, 11.5N, 106.9W,  55,  997,  110,  110,    0,   60,   30,   30,    0,    0,    0,    0,    0,    0, -999
20181001, 0600,  , TS, 11.4N, 108.0W,  55,  997,  110,  110,    0,   60,   30,   30,    0,   30,    0,    0,    0,    0, -999
20181001, 1200,  , TS, 11.3N, 109.1W,  60,  994,  110,  110,   30,   60,   30,   30,    0,   30,    0,    0,    0,    0, -999
20181001, 1800,  , TS, 11.1N, 110.3W,  60,  994,  110,  110,   30,   60,   30,   30,    0,   30,    0,    0,    0,    0, -999
20181002, 0000,  , HU, 10.9N, 111.5W,  65,  991,  110,  110,   30,   60,   30,   30,    0,   30,   20,    0,    0,    0, -999
20181002, 0600,  , HU, 10.7N, 112.5W,  75,  985,  110,  110,   60,   90,   40,   40,   20,   40,   20,   20,   10,   20, -999
20181002, 1200,  , HU, 10.8N, 113.5W,  90,  973,  110,  110,   60,   90,   40,   40,   20,   40,   20,   20,   10,   20, -999
20181002, 1800,  , HU, 11.1N, 114.5W, 105,  960,  110,  130,   60,   90,   50,   50,   20,   40,   25,   25,   15,   25, -999
20181003, 0000,  , HU, 11.5N, 115.4W, 105,  960,  110,  130,   60,   90,   60,   60,   30,   40,   30,   30,   15,   25, -999
20181003, 0600,  , HU, 12.0N, 116.2W, 105,  959,  120,  130,   80,  100,   70,   70,   40,   50,   40,   40,   20,   25, -999
20181003, 1200,  , HU, 12.5N, 116.9W, 105,  959,  120,  130,   80,  100,   70,   70,   40,   50,   40,   40,   20,   25, -999
20181003, 1800,  , HU, 12.9N, 117.5W, 110,  951,  120,  130,  120,  100,   70,   70,   40,   50,   40,   40,   20,   25, -999
20181004, 0000,  , HU, 13.5N, 118.0W, 115,  947,  120,  130,  120,  100,   70,   70,   40,   50,   40,   40,   30,   25, -999
20181004, 0600,  , HU, 14.1N, 118.5W, 120,  942,  120,  130,  130,  100,   70,   70,   70,   60,   40,   40,   40,   30, -999
20181004, 1200,  , HU, 14.7N, 119.0W, 120,  942,  120,  130,  130,  100,   70,   70,   70,   60,   40,   40,   40,   30, -999
20181004, 1800,  , HU, 15.3N, 119.6W, 120,  942,  120,  130,  130,  100,   70,   70,   70,   60,   40,   40,   40,   30, -999
20181005, 0000,  , HU, 15.7N, 120.2W, 110,  951,  120,  130,  130,  100,   70,   70,   70,   60,   40,   40,   40,   30, -999
20181005, 0600,  , HU, 15.9N, 120.8W, 100,  958,  150,  140,  120,  110,   70,   70,   70,   60,   40,   40,   40,   30, -999
20181005, 1200,  , HU, 15.9N, 121.4W, 100,  958,  150,  140,  120,  110,   70,   70,   70,   60,   40,   40,   40,   30, -999
20181005, 1800,  , HU, 15.7N, 122.0W, 105,  955,  150,  120,  110,  110,   70,   60,   60,   70,   40,   30,   30,   40, -999
20181006, 0000,  , HU, 15.4N, 122.5W, 110,  950,  150,  110,  110,  120,   70,   60,   60,   70,   40,   40,   40,   40, -999
20181006, 0600,  , HU, 15.0N, 123.1W, 110,  950,  150,  110,  110,  140,   60,   50,   50,   60,   35,   30,   30,   35, -999
20181006, 1200,  , HU, 14.8N, 123.7W, 110,  950,  140,  120,  110,  160,   60,   50,   50,   60,   30,   30,   30,   35, -999
20181006, 1800,  , HU, 14.7N, 124.4W, 110,  951,  140,  120,  110,  170,   60,   50,   50,   70,   30,   30,   30,   35, -999
20181007, 0000,  , HU, 14.6N, 125.1W, 105,  955,  140,  120,  110,  170,   60,   50,   50,   70,   30,   30,   30,   35, -999
20181007, 0600,  , HU, 14.5N, 125.8W, 100,  959,  150,  120,  110,  170,   70,   60,   60,   70,   45,   40,   40,   40, -999
20181007, 1200,  , HU, 14.5N, 126.5W,  90,  966,  160,  120,  120,  160,   80,   70,   70,   80,   60,   50,   50,   60, -999
20181007, 1800,  , HU, 14.5N, 127.2W,  85,  970,  160,  120,  120,  160,   80,   70,   70,   80,   60,   50,   50,   60, -999
20181008, 0000,  , HU, 14.7N, 127.8W,  80,  974,  160,  120,  120,  160,   80,   70,   70,   80,   60,   50,   50,   60, -999
20181008, 0600,  , HU, 14.9N, 128.2W,  75,  978,  140,  120,  120,  140,   80,   70,   70,   80,   60,   50,   50,   60, -999
20181008, 1200,  , HU, 15.2N, 128.5W,  75,  978,  130,  120,  110,  130,   80,   70,   60,   80,   60,   50,   50,   60, -999
20181008, 1800,  , HU, 15.5N, 128.6W,  75,  978,  110,  120,  110,  110,   70,   70,   60,   70,   50,   50,   50,   50, -999
20181009, 0000,  , HU, 15.8N, 128.5W,  70,  981,  110,  120,  110,  110,   70,   70,   60,   70,   50,   50,   50,   50, -999
20181009, 0600,  , HU, 16.1N, 128.2W,  70,  981,  110,  120,  110,  110,   70,   70,   60,   70,   50,   50,   50,   50, -999
20181009, 1200,  , HU, 16.4N, 127.7W,  65,  985,  110,  120,  110,  110,   70,   70,   60,   70,   50,   50,    0,   50, -999
20181009, 1800,  , TS, 16.7N, 127.0W,  60,  988,  110,  120,  110,  110,   70,   70,   60,   70,    0,    0,    0,    0, -999
20181010, 0000,  , TS, 17.0N, 126.2W,  60,  989,  110,  120,  110,  110,   70,   70,   60,   70,    0,    0,    0,    0, -999
20181010, 0600,  , TS, 17.4N, 125.2W,  55,  992,  110,  120,  110,  110,   70,   70,   60,   70,    0,    0,    0,    0, -999
20181010, 1200,  , TS, 17.9N, 124.3W,  55,  992,  110,  120,  110,  110,   70,   70,   60,   70,    0,    0,    0,    0, -999
20181010, 1800,  , TS, 18.6N, 123.3W,  55,  992,  110,  120,  110,  110,   70,   70,   60,   70,    0,    0,    0,    0, -999
20181011, 0000,  , TS, 19.4N, 122.2W,  55,  992,  110,  120,  110,  110,   70,   70,   60,   70,    0,    0,    0,    0, -999
20181011, 0600,  , TS, 20.4N, 120.9W,  55,  992,  110,  120,  110,  110,   70,   70,   60,   70,    0,    0,    0,    0, -999
20181011, 1200,  , TS, 21.5N, 119.5W,  55,  992,  110,  120,  110,  110,   70,   70,   60,   70,    0,    0,    0,    0, -999
20181011, 1800,  , TS, 22.8N, 117.9W,  55,  992,  110,  120,  110,  110,   70,   70,   60,   70,    0,    0,    0,    0, -999
20181012, 0000,  , TS, 24.1N, 116.3W,  55,  992,  110,  120,  110,  110,   70,   70,   60,    0,    0,    0,    0,    0, -999
20181012, 0600,  , TS, 25.3N, 114.7W,  55,  992,  110,  120,  110,  110,   60,   60,    0,    0,    0,    0,    0,    0, -999
20181012, 1200, L, TS, 26.6N, 113.0W,  45,  994,  110,  120,   80,   80,    0,    0,    0,    0,    0,    0,    0,    0, -999
20181012, 1800,  , TD, 28.1N, 111.2W,  30,  998,    0,    0,    0,    0,    0,    0,    0,    0,    0,    0,    0,    0, -999
EP222018,               TARA,     10,
20181014, 1200,  , TD, 17.0N, 102.8W,  30, 1006,    0,    0,    0,    0,    0,    0,    0,    0,    0,    0,    0,    0, -999
20181014, 1800,  , TD, 17.2N, 103.4W,  30, 1006,    0,    0,    0,    0,    0,    0,    0,    0,    0,    0,    0,    0, -999
20181015, 0000,  , TD, 17.3N, 103.8W,  30, 1005,    0,    0,    0,    0,    0,    0,    0,    0,    0,    0,    0,    0, -999
20181015, 0600,  , TS, 17.6N, 104.1W,  35, 1003,    0,    0,   30,   30,    0,    0,    0,    0,    0,    0,    0,    0, -999
20181015, 1200,  , TS, 17.9N, 104.2W,  40, 1001,   20,   20,   30,   30,    0,    0,    0,    0,    0,    0,    0,    0, -999
20181015, 1800,  , TS, 18.2N, 104.2W,  45, 1000,   20,   20,   20,   20,    0,    0,    0,    0,    0,    0,    0,    0, -999
20181016, 0000,  , TS, 18.4N, 104.3W,  55,  995,   20,   20,   20,   20,   10,   10,   10,   10,    0,    0,    0,    0, -999
20181016, 0600,  , TS, 18.5N, 104.4W,  50,  998,   20,   20,   20,   20,   10,   10,   10,   10,    0,    0,    0,    0, -999
20181016, 1200,  , TS, 18.7N, 104.6W,  40, 1001,   20,   20,   20,   20,    0,    0,    0,    0,    0,    0,    0,    0, -999
20181016, 1800,  , TS, 18.9N, 104.9W,  35, 1003,   20,   20,   20,   20,    0,    0,    0,    0,    0,    0,    0,    0, -999
EP232018,            VICENTE,     20,
20181019, 0000,  , LO, 13.0N,  91.5W,  25, 1007,    0,    0,    0,    0,    0,    0,    0,    0,    0,    0,    0,    0, -999
20181019, 0600,  , TD, 13.1N,  91.7W,  25, 1007,    0,    0,    0,    0,    0,    0,    0,    0,    0,    0,    0,    0, -999
20181019, 1200,  , TD, 13.2N,  91.8W,  30, 1006,    0,    0,    0,    0,    0,    0,    0,    0,    0,    0,    0,    0, -999
20181019, 1800,  , TS, 13.3N,  92.0W,  35, 1005,   20,   20,    0,   20,    0,    0,    0,    0,    0,    0,    0,    0, -999
20181020, 0000,  , TS, 13.6N,  92.4W,  35, 1005,   20,   20,   10,   20,    0,    0,    0,    0,    0,    0,    0,    0, -999
20181020, 0600,  , TS, 14.0N,  92.8W,  35, 1005,   20,   20,   20,   20,    0,    0,    0,    0,    0,    0,    0,    0, -999
20181020, 1200,  , TS, 14.3N,  93.3W,  40, 1004,   20,   20,   20,   20,    0,    0,    0,    0,    0,    0,    0,    0, -999
20181020, 1800,  , TS, 14.5N,  94.0W,  45, 1002,   20,   20,   20,   20,    0,    0,    0,    0,    0,    0,    0,    0, -999
20181021, 0000,  , TS, 14.7N,  94.7W,  45, 1002,   20,   20,   20,   20,    0,    0,    0,    0,    0,    0,    0,    0, -999
20181021, 0600,  , TS, 14.7N,  95.5W,  45, 1002,   20,   20,   30,   30,    0,    0,    0,    0,    0,    0,    0,    0, -999
20181021, 1200,  , TS, 14.5N,  96.5W,  45, 1002,   20,   20,   30,   30,    0,    0,    0,    0,    0,    0,    0,    0, -999
20181021, 1800,  , TS, 14.2N,  97.4W,  40, 1003,   20,   20,   30,   30,    0,    0,    0,    0,    0,    0,    0,    0, -999
20181022, 0000,  , TS, 14.1N,  98.4W,  40, 1003,   20,   20,   30,   30,    0,    0,    0,    0,    0,    0,    0,    0, -999
20181022, 0600,  , TS, 14.1N,  99.3W,  40, 1003,   20,   20,   40,   40,    0,    0,    0,    0,    0,    0,    0,    0, -999
20181022, 1200,  , TS, 14.6N, 100.1W,  40, 1003,   20,   20,   40,   40,    0,    0,    0,    0,    0,    0,    0,    0, -999
20181022, 1800,  , TS, 15.2N, 100.8W,  35, 1005,   20,   20,   30,   30,    0,    0,    0,    0,    0,    0,    0,    0, -999
20181023, 0000,  , TS, 16.0N, 101.3W,  35, 1006,   20,   20,   20,   20,    0,    0,    0,    0,    0,    0,    0,    0, -999
20181023, 0600,  , TD, 16.8N, 101.7W,  30, 1007,    0,    0,    0,    0,    0,    0,    0,    0,    0,    0,    0,    0, -999
20181023, 1200,  , TD, 17.8N, 102.2W,  25, 1008,    0,    0,    0,    0,    0,    0,    0,    0,    0,    0,    0,    0, -999
20181023, 1330, L, TD, 18.0N, 102.4W,  25, 1008,    0,    0,    0,    0,    0,    0,    0,    0,    0,    0,    0,    0, -999
EP242018,              WILLA,     23,
20181019, 0000,  , LO, 14.2N,  98.9W,  25, 1007,    0,    0,    0,    0,    0,    0,    0,    0,    0,    0,    0,    0, -999
20181019, 0600,  , LO, 14.5N, 100.4W,  25, 1007,    0,    0,    0,    0,    0,    0,    0,    0,    0,    0,    0,    0, -999
20181019, 1200,  , LO, 14.7N, 101.7W,  25, 1007,    0,    0,    0,    0,    0,    0,    0,    0,    0,    0,    0,    0, -999
20181019, 1800,  , LO, 14.8N, 102.8W,  25, 1007,    0,    0,    0,    0,    0,    0,    0,    0,    0,    0,    0,    0, -999
20181020, 0000,  , TD, 14.8N, 103.6W,  30, 1007,    0,    0,    0,    0,    0,    0,    0,    0,    0,    0,    0,    0, -999
20181020, 0600,  , TD, 14.7N, 104.5W,  30, 1006,    0,    0,    0,    0,    0,    0,    0,    0,    0,    0,    0,    0, -999
20181020, 1200,  , TS, 14.9N, 105.1W,  35, 1005,   30,   30,    0,   30,    0,    0,    0,    0,    0,    0,    0,    0, -999
20181020, 1800,  , TS, 15.1N, 105.5W,  45, 1001,   30,   30,   20,   30,    0,    0,    0,    0,    0,    0,    0,    0, -999
20181021, 0000,  , TS, 15.5N, 105.9W,  55,  996,   40,   40,   30,   40,   20,   20,    0,   20,    0,    0,    0,    0, -999
20181021, 0600,  , HU, 16.0N, 106.3W,  70,  987,   40,   40,   30,   30,   20,   20,   10,   20,   10,   10,    0,   10, -999
20181021, 1200,  , HU, 16.4N, 106.6W,  85,  975,   50,   50,   40,   50,   30,   30,   20,   30,   15,   15,   10,   15, -999
20181021, 1800,  , HU, 16.8N, 106.9W, 100,  962,   60,   60,   40,   60,   30,   30,   20,   30,   15,   15,   10,   15, -999
20181022, 0000,  , HU, 17.5N, 107.1W, 120,  945,   80,   70,   50,   70,   40,   40,   20,   30,   20,   20,   10,   15, -999
20181022, 0600,  , HU, 17.9N, 107.1W, 140,  925,   80,   80,   60,   70,   40,   40,   30,   30,   25,   25,   15,   15, -999
20181022, 1200,  , HU, 18.7N, 107.2W, 135,  928,   90,   80,   60,   80,   40,   40,   30,   40,   25,   25,   15,   20, -999
20181022, 1800,  , HU, 19.4N, 107.2W, 130,  934,  110,  100,   70,   80,   50,   50,   40,   40,   30,   30,   15,   25, -999
20181023, 0000,  , HU, 20.2N, 107.2W, 120,  943,  110,  100,   80,   90,   50,   50,   40,   50,   30,   30,   20,   25, -999
20181023, 0600,  , HU, 20.6N, 107.2W, 110,  952,  110,  100,   80,   90,   50,   50,   40,   50,   30,   30,   20,   25, -999
20181023, 1200,  , HU, 21.1N, 107.1W, 105,  960,  110,  100,   80,   90,   60,   60,   40,   50,   35,   35,   25,   30, -999
20181023, 1800,  , HU, 21.7N, 106.7W, 100,  965,   90,  100,   70,   80,   50,   50,   40,   40,   30,   30,   25,   25, -999
20181024, 0000,  , HU, 22.5N, 106.0W, 100,  968,   90,  100,   70,   80,   50,   50,   40,   40,   30,   30,   25,   25, -999
20181024, 0130, L, HU, 22.7N, 105.8W, 100,  968,   90,  100,   70,   80,   50,   50,   40,   40,   30,   30,   25,   25, -999
20181024, 0600,  , TS, 23.8N, 104.6W,  45,  990,   50,   60,   60,   30,    0,    0,    0,    0,    0,    0,    0,    0, -999
EP252018,             XAVIER,     29,
20181102, 0000,  , LO, 13.7N, 111.0W,  25, 1008,    0,    0,    0,    0,    0,    0,    0,    0,    0,    0,    0,    0, -999
20181102, 0600,  , LO, 14.0N, 110.6W,  25, 1008,    0,    0,    0,    0,    0,    0,    0,    0,    0,    0,    0,    0, -999
20181102, 1200,  , TD, 14.2N, 109.9W,  30, 1007,    0,    0,    0,    0,    0,    0,    0,    0,    0,    0,    0,    0, -999
20181102, 1800,  , TD, 14.3N, 109.2W,  30, 1007,    0,    0,    0,    0,    0,    0,    0,    0,    0,    0,    0,    0, -999
20181103, 0000,  , TS, 14.4N, 108.5W,  35, 1006,    0,   60,    0,    0,    0,    0,    0,    0,    0,    0,    0,    0, -999
20181103, 0600,  , TS, 14.5N, 107.8W,  40, 1004,   40,   60,    0,    0,    0,    0,    0,    0,    0,    0,    0,    0, -999
20181103, 1200,  , TS, 14.8N, 107.1W,  45, 1002,   50,   60,    0,   40,    0,    0,    0,    0,    0,    0,    0,    0, -999
20181103, 1800,  , TS, 15.2N, 106.4W,  45, 1000,   70,   70,   20,   50,    0,    0,    0,    0,    0,    0,    0,    0, -999
20181104, 0000,  , TS, 15.8N, 105.9W,  50,  999,   90,   90,   20,   70,   40,    0,    0,   30,    0,    0,    0,    0, -999
20181104, 0600,  , TS, 16.6N, 105.5W,  50,  998,  110,   90,   20,   70,   40,    0,    0,   30,    0,    0,    0,    0, -999
20181104, 1200,  , TS, 17.4N, 105.3W,  55,  996,  130,   60,   40,   70,   20,    0,    0,   20,    0,    0,    0,    0, -999
20181104, 1800,  , TS, 17.9N, 105.4W,  55,  995,  130,   60,   40,   70,   20,    0,    0,   20,    0,    0,    0,    0, -999
20181105, 0000,  , TS, 18.2N, 105.5W,  55,  995,  120,   60,   40,   70,   20,    0,    0,   20,    0,    0,    0,    0, -999
20181105, 0600,  , TS, 18.4N, 105.8W,  50,  999,  100,   50,   40,   50,   20,    0,    0,   20,    0,    0,    0,    0, -999
20181105, 1200,  , TS, 18.5N, 106.0W,  50,  999,  100,   50,   40,   50,   20,    0,    0,   20,    0,    0,    0,    0, -999
20181105, 1800,  , TS, 18.8N, 106.5W,  45, 1001,   40,   30,   20,   50,    0,    0,    0,    0,    0,    0,    0,    0, -999
20181106, 0000,  , LO, 18.9N, 107.2W,  40, 1004,   40,   30,   20,   40,    0,    0,    0,    0,    0,    0,    0,    0, -999
20181106, 0600,  , LO, 18.9N, 107.9W,  35, 1005,   40,    0,    0,   40,    0,    0,    0,    0,    0,    0,    0,    0, -999
20181106, 1200,  , LO, 18.9N, 108.6W,  35, 1006,   30,    0,    0,   30,    0,    0,    0,    0,    0,    0,    0,    0, -999
20181106, 1800,  , LO, 18.8N, 109.4W,  30, 1007,    0,    0,    0,    0,    0,    0,    0,    0,    0,    0,    0,    0, -999
20181107, 0000,  , LO, 18.7N, 110.1W,  30, 1007,    0,    0,    0,    0,    0,    0,    0,    0,    0,    0,    0,    0, -999
20181107, 0600,  , LO, 18.4N, 110.7W,  25, 1008,    0,    0,    0,    0,    0,    0,    0,    0,    0,    0,    0,    0, -999
20181107, 1200,  , LO, 18.0N, 111.4W,  25, 1008,    0,    0,    0,    0,    0,    0,    0,    0,    0,    0,    0,    0, -999
20181107, 1800,  , LO, 17.8N, 112.2W,  25, 1008,    0,    0,    0,    0,    0,    0,    0,    0,    0,    0,    0,    0, -999
20181108, 0000,  , LO, 17.7N, 112.9W,  25, 1008,    0,    0,    0,    0,    0,    0,    0,    0,    0,    0,    0,    0, -999
20181108, 0600,  , LO, 17.6N, 113.6W,  20, 1009,    0,    0,    0,    0,    0,    0,    0,    0,    0,    0,    0,    0, -999
20181108, 1200,  , LO, 17.5N, 114.4W,  20, 1009,    0,    0,    0,    0,    0,    0,    0,    0,    0,    0,    0,    0, -999
20181108, 1800,  , LO, 17.4N, 115.1W,  20, 1009,    0,    0,    0,    0,    0,    0,    0,    0,    0,    0,    0,    0, -999
20181109, 0000,  , LO, 17.3N, 115.7W,  20, 1009,    0,    0,    0,    0,    0,    0,    0,    0,    0,    0,    0,    0, -999
