EP, 10, 2026082100, 03,  UKX,   0,  83N, 1140W,  16, 1008, XX,  34, NEQ,    0,    0,    0,    0, 
EP, 10, 2026082100, 03,  UKX,   6,  85N, 1146W,  18, 1009, XX,  34, NEQ,    0,    0,    0,    0, 
EP, 10, 2026082100, 03,  UKX,  12,  87N, 1154W,  17, 1008, XX,  34, NEQ,    0,    0,    0,    0, 
EP, 10, 2026082100, 03,  UKX,  18,  92N, 1160W,  17, 1009, XX,  34, NEQ,    0,    0,    0,    0, 
EP, 10, 2026082100, 03,  UKX,  24,  97N, 1169W,  17, 1008, XX,  34, NEQ,    0,    0,    0,    0, 
EP, 10, 2026082100, 03,  UKX,  30, 100N, 1176W,  18, 1009, XX,  34, NEQ,    0,    0,    0,    0, 
EP, 10, 2026082100, 03,  UKX,  36, 104N, 1183W,  18, 1009, XX,  34, NEQ,    0,    0,    0,    0, 
EP, 10, 2026082100, 03,  UKX,  42, 109N, 1188W,  20, 1009, XX,  34, NEQ,    0,    0,    0,    0, 
EP, 10, 2026082100, 03,  UKX,  48, 116N, 1191W,  22, 1007, XX,  34, NEQ,    0,    0,    0,    0, 
EP, 10, 2026082100, 03,  UKX,  54, 121N, 1192W,  25, 1009, XX,  34, NEQ,    0,    0,    0,    0, 
EP, 10, 2026082100, 03,  UKX,  60, 132N, 1190W,  26, 1006, XX,  34, NEQ,    0,    0,    0,    0, 
EP, 10, 2026082100, 03,  UKX,  66, 152N, 1196W,  25, 1007, XX,  34, NEQ,    0,    0,    0,    0, 
EP, 10, 2026082100, 03,  UKX,  72, 152N, 1207W,  26, 1004, XX,  34, NEQ,    0,    0,    0,    0, 
EP, 10, 2026082100, 03,  UKX,  78, 155N, 1211W,  27, 1006, XX,  34, NEQ,    0,    0,    0,    0, 
EP, 10, 2026082100, 03,  UKX,  84, 166N, 1215W,  33, 1004, XX,  34, NEQ,    0,    0,    0,    0, 
EP, 10, 2026082100, 03,  UKX,  90, 175N, 1225W,  36, 1005, XX,  34, NEQ,  127,    0,    0,    0, 
EP, 10, 2026082100, 03,  UKX,  96, 180N, 1234W,  39, 1003, XX,  34, NEQ,  135,  161,    0,  105, 
EP, 10, 2026082100, 03,  UKX, 102, 188N, 1241W,  38, 1005, XX,  34, NEQ,  135,  156,    0,    0, 
EP, 10, 2026082100, 03,  UKX, 108, 195N, 1252W,  39, 1003, XX,  34, NEQ,  170,  167,    0,    0, 
EP, 10, 2026082100, 03,  UKX, 114, 203N, 1258W,  38, 1005, XX,  34, NEQ,  162,    0,    0,    0, 
EP, 10, 2026082100, 03,  UKX, 120, 210N, 1268W,  37, 1004, XX,  34, NEQ,  165,    0,    0,    0, 
EP, 10, 2026082100, 03,  UKX, 126, 214N, 1278W,  35, 1006, XX,  34, NEQ,  151,    0,    0,    0, 
EP, 10, 2026082100, 03,  UKX, 132, 221N, 1286W,  33, 1005, XX,  34, NEQ,    0,    0,    0,    0, 
EP, 10, 2026082100, 03,  UKX, 138, 228N, 1295W,  32, 1007, XX,  34, NEQ,    0,    0,    0,    0, 
EP, 10, 2026082100, 03,  UKX, 144, 231N, 1303W,  32, 1006, XX,  34, NEQ,    0,    0,    0,    0, 
EP, 10, 2026082100, 03, AVNO,   0,  85N, 1123W,  28, 1007, XX,  34, NEQ,    0,    0,    0,    0,  -99,  -99,  49,   0,   0, 
EP, 10, 2026082100, 03, AVNO,   6,  87N, 1132W,  22, 1010, XX,  34, NEQ,    0,    0,    0,    0,  -99,  -99,  90,   0,   0, 
EP, 10, 2026082100, 03, AVNO,  12,  90N, 1140W,  19, 1007, XX,  34, NEQ,    0,    0,    0,    0,  -99,  -99,  89,   0,   0, 
EP, 10, 2026082100, 03, AVNO,  18,  94N, 1145W,  18, 1010, XX,  34, NEQ,    0,    0,    0,    0,  -99,  -99, 154,   0,   0, 
EP, 10, 2026082100, 03, AVNO,  24,  97N, 1151W,  17, 1007, XX,  34, NEQ,    0,    0,    0,    0,  -99,  -99, 153,   0,   0, 
EP, 10, 2026082100, 03, AVNO,  30,  99N, 1152W,  22, 1010, XX,  34, NEQ,    0,    0,    0,    0,  -99,  -99, 155,   0,   0, 
EP, 10, 2026082100, 03, AVNO,  36, 107N, 1146W,  26, 1007, XX,  34, NEQ,    0,    0,    0,    0,  -99,  -99, 152,   0,   0, 
EP, 10, 2026082100, 03, AVNO,  42, 114N, 1141W,  33, 1004, XX,  34, NEQ,    0,    0,    0,    0, 1008,   23,  43,   0,   0, 
EP, 10, 2026082100, 03, AVNO,  48, 124N, 1148W,  33, 1002, XX,  34, NEQ,    0,    0,    0,    0, 1006,  101,  65,   0,   0, 
EP, 10, 2026082100, 03, AVNO,  54, 127N, 1160W,  34, 1003, XX,  34, NEQ,   92,    0,    0,   35, 1007,   54,  35,   0,   0, 
EP, 10, 2026082100, 03, AVNO,  60, 130N, 1168W,  38,  995, XX,  34, NEQ,  113,  151,    0,    0, 1003,   66, 100,   0,   0, 
EP, 10, 2026082100, 03, AVNO,  66, 135N, 1176W,  46,  994, XX,  34, NEQ,  150,  186,    0,  119, 1002,   46, 146,   0,   0, 
EP, 10, 2026082100, 03, AVNO,  72, 143N, 1184W,  48,  990, XX,  34, NEQ,  143,  183,    0,  213, 1002,   85,  38,   0,   0, 
EP, 10, 2026082100, 03, AVNO,  78, 145N, 1192W,  48,  987, XX,  34, NEQ,  167,  161,   75,  166, 1011,  304,  82,   0,   0, 
EP, 10, 2026082100, 03, AVNO,  84, 158N, 1198W,  61,  979, XX,  34, NEQ,  154,  193,  118,  120, 1007,  260,  30,   0,   0, 
EP, 10, 2026082100, 03, AVNO,  84, 158N, 1198W,  61,  979, XX,  50, NEQ,   69,   52,    0,   47, 1007,  260,  30,   0,   0, 
EP, 10, 2026082100, 03, AVNO,  90, 160N, 1208W,  62,  976, XX,  34, NEQ,  231,  160,   99,  151, 1008,  196,  35,   0,   0, 
EP, 10, 2026082100, 03, AVNO,  90, 160N, 1208W,  62,  976, XX,  50, NEQ,   87,   88,   47,    0, 1008,  196,  35,   0,   0, 
EP, 10, 2026082100, 03, AVNO,  96, 167N, 1216W,  61,  971, XX,  34, NEQ,  171,  144,  108,  141, 1007,  248,  42,   0,   0, 
EP, 10, 2026082100, 03, AVNO,  96, 167N, 1216W,  61,  971, XX,  50, NEQ,   85,   70,   60,   77, 1007,  248,  42,   0,   0, 
EP, 10, 2026082100, 03, AVNO, 102, 174N, 1223W,  75,  967, XX,  34, NEQ,  168,  148,  108,  144, 1011,  562,  39,   0,   0, 
EP, 10, 2026082100, 03, AVNO, 102, 174N, 1223W,  75,  967, XX,  50, NEQ,   84,   78,   61,   86, 1011,  562,  39,   0,   0, 
EP, 10, 2026082100, 03, AVNO, 102, 174N, 1223W,  75,  967, XX,  64, NEQ,   49,   51,   43,    0, 1011,  562,  39,   0,   0, 
EP, 10, 2026082100, 03, AVNO, 108, 179N, 1231W,  79,  965, XX,  34, NEQ,  177,  152,  128,  150, 1009,  322,  50,   0,   0, 
EP, 10, 2026082100, 03, AVNO, 108, 179N, 1231W,  79,  965, XX,  50, NEQ,   83,   80,   71,   85, 1009,  322,  50,   0,   0, 
EP, 10, 2026082100, 03, AVNO, 108, 179N, 1231W,  79,  965, XX,  64, NEQ,   64,   57,   46,   48, 1009,  322,  50,   0,   0, 
EP, 10, 2026082100, 03, AVNO, 114, 184N, 1239W,  73,  967, XX,  34, NEQ,  182,  151,  130,  161, 1011,  314,  50,   0,   0, 
EP, 10, 2026082100, 03, AVNO, 114, 184N, 1239W,  73,  967, XX,  50, NEQ,   97,   83,   73,   85, 1011,  314,  50,   0,   0, 
EP, 10, 2026082100, 03, AVNO, 114, 184N, 1239W,  73,  967, XX,  64, NEQ,   54,   65,   51,   55, 1011,  314,  50,   0,   0, 
EP, 10, 2026082100, 03, AVNO, 120, 189N, 1247W,  75,  965, XX,  34, NEQ,  186,  152,  131,  158, 1009,  468,  45,   0,   0, 
EP, 10, 2026082100, 03, AVNO, 120, 189N, 1247W,  75,  965, XX,  50, NEQ,   89,   76,   81,   87, 1009,  468,  45,   0,   0, 
EP, 10, 2026082100, 03, AVNO, 120, 189N, 1247W,  75,  965, XX,  64, NEQ,   54,   55,   51,   53, 1009,  468,  45,   0,   0, 
EP, 10, 2026082100, 03, AVNO, 126, 194N, 1253W,  72,  970, XX,  34, NEQ,  168,  151,  133,  162, 1010,  286,  41,   0,   0, 
EP, 10, 2026082100, 03, AVNO, 126, 194N, 1253W,  72,  970, XX,  50, NEQ,   88,   74,   73,   83, 1010,  286,  41,   0,   0, 
EP, 10, 2026082100, 03, AVNO, 126, 194N, 1253W,  72,  970, XX,  64, NEQ,   59,   52,    0,   44, 1010,  286,  41,   0,   0, 
EP, 10, 2026082100, 03, AVNO, 132, 199N, 1262W,  66,  971, XX,  34, NEQ,  164,  143,  133,  159, 1011, 1510,  45,   0,   0, 
EP, 10, 2026082100, 03, AVNO, 132, 199N, 1262W,  66,  971, XX,  50, NEQ,   84,   73,   69,   83, 1011, 1510,  45,   0,   0, 
EP, 10, 2026082100, 03, AVNO, 132, 199N, 1262W,  66,  971, XX,  64, NEQ,   45,    0,    0,    0, 1011, 1510,  45,   0,   0, 
EP, 10, 2026082100, 03, AVNO, 138, 202N, 1271W,  64,  975, XX,  34, NEQ,  163,  148,  123,  160, 1011,  433,  60,   0,   0, 
EP, 10, 2026082100, 03, AVNO, 138, 202N, 1271W,  64,  975, XX,  50, NEQ,   80,   64,   69,   68, 1011,  433,  60,   0,   0, 
EP, 10, 2026082100, 03, AVNO, 144, 205N, 1280W,  62,  975, XX,  34, NEQ,  151,  118,  127,  154, 1007,  252,  41,   0,   0, 
EP, 10, 2026082100, 03, AVNO, 144, 205N, 1280W,  62,  975, XX,  50, NEQ,   68,   65,   59,   74, 1007,  252,  41,   0,   0, 
EP, 10, 2026082100, 03, AVNO, 150, 207N, 1290W,  61,  979, XX,  34, NEQ,  147,  114,  105,  148, 1011,  419,  46,   0,   0, 
EP, 10, 2026082100, 03, AVNO, 150, 207N, 1290W,  61,  979, XX,  50, NEQ,   74,   59,   53,   68, 1011,  419,  46,   0,   0, 
EP, 10, 2026082100, 03, AVNO, 156, 209N, 1299W,  58,  979, XX,  34, NEQ,  144,  103,  105,  143, 1007,  302,  50,   0,   0, 
EP, 10, 2026082100, 03, AVNO, 156, 209N, 1299W,  58,  979, XX,  50, NEQ,   70,   56,   58,   72, 1007,  302,  50,   0,   0, 
EP, 10, 2026082100, 03, AVNO, 162, 209N, 1309W,  56,  982, XX,  34, NEQ,  151,  101,  101,  146, 1010,  417,  55,   0,   0, 
EP, 10, 2026082100, 03, AVNO, 162, 209N, 1309W,  56,  982, XX,  50, NEQ,   71,    0,    0,   75, 1010,  417,  55,   0,   0, 
EP, 10, 2026082100, 03, AVNO, 168, 209N, 1318W,  54,  981, XX,  34, NEQ,  144,  102,  110,  148, 1005,  226,  54,   0,   0, 
EP, 10, 2026082100, 03, AVNO, 168, 209N, 1318W,  54,  981, XX,  50, NEQ,   55,    0,    0,   66, 1005,  226,  54,   0,   0, 
EP, 10, 2026082100, 03, AVNO, 174, 207N, 1326W,  53,  984, XX,  34, NEQ,  140,   94,   94,  154, 1008,  249,  46,   0,   0, 
EP, 10, 2026082100, 03, AVNO, 174, 207N, 1326W,  53,  984, XX,  50, NEQ,   50,    0,    0,   58, 1008,  249,  46,   0,   0, 
EP, 10, 2026082100, 03, AVNO, 180, 207N, 1334W,  54,  983, XX,  34, NEQ,  149,   90,  117,  147, 1007,  381,  63,   0,   0, 
EP, 10, 2026082100, 03, AVNO, 180, 207N, 1334W,  54,  983, XX,  50, NEQ,   64,    0,    0,    0, 1007,  381,  63,   0,   0, 
EP, 10, 2026082100, 03, AVNO, 186, 206N, 1344W,  51,  986, XX,  34, NEQ,  152,   93,   93,  144, 1010,  442,  53,   0,   0, 
EP, 10, 2026082100, 03, AVNO, 186, 206N, 1344W,  51,  986, XX,  50, NEQ,   54,    0,    0,    0, 1010,  442,  53,   0,   0, 
EP, 10, 2026082100, 03, AVNO, 192, 206N, 1355W,  52,  984, XX,  34, NEQ,  144,   84,  100,  148, 1008,  892,  54,   0,   0, 
EP, 10, 2026082100, 03, AVNO, 192, 206N, 1355W,  52,  984, XX,  50, NEQ,   55,    0,    0,    0, 1008,  892,  54,   0,   0, 
EP, 10, 2026082100, 03, AVNO, 198, 204N, 1366W,  53,  986, XX,  34, NEQ,  159,   82,   93,  157, 1010,  599,  42,   0,   0, 
EP, 10, 2026082100, 03, AVNO, 198, 204N, 1366W,  53,  986, XX,  50, NEQ,   67,   50,    0,    0, 1010,  599,  42,   0,   0, 
EP, 10, 2026082100, 03, AVNO, 204, 203N, 1377W,  53,  984, XX,  34, NEQ,  151,   96,   89,  147, 1008,  478,  56,   0,   0, 
EP, 10, 2026082100, 03, AVNO, 204, 203N, 1377W,  53,  984, XX,  50, NEQ,   58,   45,    0,   64, 1008,  478,  56,   0,   0, 
EP, 10, 2026082100, 03, AVNO, 210, 204N, 1389W,  54,  988, XX,  34, NEQ,  152,  107,   81,  148, 1008,  184,  49,   0,   0, 
EP, 10, 2026082100, 03, AVNO, 210, 204N, 1389W,  54,  988, XX,  50, NEQ,   51,   49,    0,    0, 1008,  184,  49,   0,   0, 
EP, 10, 2026082100, 03, AVNO, 216, 205N, 1401W,  54,  987, XX,  34, NEQ,  152,  108,   81,  158, 1007,  210,  50,   0,   0, 
EP, 10, 2026082100, 03, AVNO, 216, 205N, 1401W,  54,  987, XX,  50, NEQ,   68,    0,    0,   46, 1007,  210,  50,   0,   0, 
EP, 10, 2026082100, 03, AVNO, 222, 207N, 1415W,  57,  990, XX,  34, NEQ,  155,  111,   75,  147, 1010,  220,  50,   0,   0, 
EP, 10, 2026082100, 03, AVNO, 222, 207N, 1415W,  57,  990, XX,  50, NEQ,   70,    0,    0,   67, 1010,  220,  50,   0,   0, 
EP, 10, 2026082100, 03, AVNO, 228, 206N, 1429W,  50,  990, XX,  34, NEQ,  159,   95,   75,  163, 1010, 1106,  44,   0,   0, 
EP, 10, 2026082100, 03, AVNO, 234, 206N, 1443W,  50,  993, XX,  34, NEQ,  172,   90,   60,  174, 1009,  146,  49,   0,   0, 
EP, 10, 2026082100, 03, AVNO, 240, 207N, 1456W,  49,  993, XX,  34, NEQ,  154,   92,    0,  150, 1009,  173,  37,   0,   0, 
EP, 10, 2026082100, 03, HCCA,   0,  84N, 1140W,  20,    0,   ,   0,    ,    0,    0,    0,    0, 
EP, 10, 2026082100, 03, HFSA,   0,  86N, 1137W,  23, 1006, XX,  34, NEQ,    0,    0,    0,    0,  -99,  -99,  86,   0,   0,    ,   0,    , 257,   8,           ,  ,  0,    ,    0,    0,    0,    0, THERMO PARAMS, 39, -208, -45, N, 10, DT, -999, SHR82, -99, 
EP, 10, 2026082100, 03, HFSA,   6,  85N, 1139W,  33, 1009, XX,  34, NEQ,    0,    0,    0,    0,  -99,  -99, 127,   0,   0,    ,   0,    , 260,   7,           ,  ,  0,    ,    0,    0,    0,    0, THERMO PARAMS, 38, -150, 327, N, 10, DT, -999, SHR82, -99, 
EP, 10, 2026082100, 03, HFSA,  12,  85N, 1142W,  27, 1007, XX,  34, NEQ,    0,    0,    0,    0,  -99,  -99, 120,   0,   0,    ,   0,    , 249,   5,           ,  ,  0,    ,    0,    0,    0,    0, THERMO PARAMS, -9999, -9999, -9999, N, 10, DT, -999, SHR82, -99, 
EP, 10, 2026082100, 03, HFSA,  18,  86N, 1148W,  30, 1009, XX,  34, NEQ,    0,    0,    0,    0,  -99,  -99, 130,   0,   0,    ,   0,    , 263,   6,           ,  ,  0,    ,    0,    0,    0,    0, THERMO PARAMS, -9999, -9999, -9999, N, 10, DT, -999, SHR82, -99, 
EP, 10, 2026082100, 03, HFSA,  24,  90N, 1148W,  36, 1001, XX,  34, NEQ,    0,    0,    0,    0, 1005,    9,  28,   0,   0,    ,   0,    , 309,   5,           ,  ,  0,    ,    0,    0,    0,    0, THERMO PARAMS, -42, -20, 290, N, 10, DT, -999, SHR82, -99, 
EP, 10, 2026082100, 03, HFSA,  30,  88N, 1161W,  37, 1008, XX,  34, NEQ,    0,    0,    0,    0,  -99,  -99,  66,   0,   0,    ,   0,    , 261,  14,           ,  ,  0,    ,    0,    0,    0,    0, THERMO PARAMS, 55, 108, 155, N, 10, DT, -999, SHR82, -99, 
EP, 10, 2026082100, 03, HFSA,  36,  95N, 1166W,  38, 1005, XX,  34, NEQ,    0,    0,   29,    0,  -99,  -99,  37,   0,   0,    ,   0,    , 328,   9,           ,  ,  0,    ,    0,    0,    0,    0, THERMO PARAMS, -29, -417, 257, N, 10, DT, -999, SHR82, -99, 
EP, 10, 2026082100, 03, HFSA,  42, 111N, 1170W,  33, 1005, XX,  34, NEQ,    0,    0,    0,    0,  -99,  -99,  59,   0,   0,    ,   0,    , 312,   9,           ,  ,  0,    ,    0,    0,    0,    0, THERMO PARAMS, -9999, -9999, -9999, N, 10, DT, -999, SHR82, -99, 
EP, 10, 2026082100, 03, HFSA,  48, 113N, 1177W,  37, 1001, XX,  34, NEQ,    0,    0,    0,    0, 1005,   44, 108,   0,   0,    ,   0,    , 283,   7,           ,  ,  0,    ,    0,    0,    0,    0, THERMO PARAMS, -9999, -9999, -9999, N, 10, DT, -999, SHR82, -99, 
EP, 10, 2026082100, 03, HFSA,  54, 118N, 1185W,  37, 1005, XX,  34, NEQ,    0,    0,    0,    0,  -99,  -99, 159,   0,   0,    ,   0,    , 319,   9,           ,  ,  0,    ,    0,    0,    0,    0, THERMO PARAMS, -59, -215, 296, N, 10, DT, -999, SHR82, -99, 
EP, 10, 2026082100, 03, HFSA,  60, 123N, 1192W,  41,  998, XX,  34, NEQ,   55,   57,    0,    0, 1002,   33,  41,   0,   0,    ,   0,    , 332,   9,           ,  ,  0,    ,    0,    0,    0,    0, THERMO PARAMS, -8, 228, 247, N, 10, DT, -999, SHR82, -99, 
EP, 10, 2026082100, 03, HFSA,  66, 133N, 1201W,  40, 1001, XX,  34, NEQ,   55,  115,    0,   73,  -99,  -99, 141,   0,   0,    ,   0,    , 316,  12,           ,  ,  0,    ,    0,    0,    0,    0, THERMO PARAMS, 2, -277, 508, N, 10, DT, -999, SHR82, -99, 
EP, 10, 2026082100, 03, HFSA,  72, 137N, 1212W,  45,  995, XX,  34, NEQ,  110,    0,    0,   74,  999,   27,  57,   0,   0,    ,   0,    , 287,   8,           ,  ,  0,    ,    0,    0,    0,    0, THERMO PARAMS, 12, 671, 550, N, 10, DT, -999, SHR82, -99, 
EP, 10, 2026082100, 03, HFSA,  78, 141N, 1217W,  49,  995, XX,  34, NEQ,   83,   94,   57,  105,  999,   21,  40,   0,   0,    ,   0,    , 322,   7,           ,  ,  0,    ,    0,    0,    0,    0, THERMO PARAMS, 1, 473, 433, N, 10, DT, -999, SHR82, -99, 
EP, 10, 2026082100, 03, HFSA,  84, 150N, 1222W,  51,  991, XX,  34, NEQ,  105,  118,    0,   76,  995,   28,  55,   0,   0,    ,   0,    , 334,  10,           ,  ,  0,    ,    0,    0,    0,    0, THERMO PARAMS, 25, 404, 519, N, 10, DT, -999, SHR82, -99, 
EP, 10, 2026082100, 03, HFSA,  90, 156N, 1229W,  64,  988, XX,  34, NEQ,  120,  139,   78,  121,  992,    3,  35,   0,   0,    ,   0,    , 318,   8,           ,  ,  0,    ,    0,    0,    0,    0, THERMO PARAMS, 23, 1346, 653, N, 10, DT, -999, SHR82, -99, 
EP, 10, 2026082100, 03, HFSA,  90, 156N, 1229W,  64,  988, XX,  50, NEQ,    0,   37,    0,    0,  992,    3,  35,   0,   0,    ,   0,    , 318,   8,           ,  ,  0,    ,    0,    0,    0,    0, THERMO PARAMS, 23, 1346, 653, N, 10, DT, -999, SHR82, -99, 
EP, 10, 2026082100, 03, HFSA,  96, 163N, 1231W,  71,  985, XX,  34, NEQ,  130,  105,  112,  133,  993,   46,  35,   0,   0,    ,   0,    , 349,   6,           ,  ,  0,    ,    0,    0,    0,    0, THERMO PARAMS, 55, 756, 920, N, 10, DT, -999, SHR82, -99, 
EP, 10, 2026082100, 03, HFSA,  96, 163N, 1231W,  71,  985, XX,  50, NEQ,   52,   44,   42,   55,  993,   46,  35,   0,   0,    ,   0,    , 349,   6,           ,  ,  0,    ,    0,    0,    0,    0, THERMO PARAMS, 55, 756, 920, N, 10, DT, -999, SHR82, -99, 
EP, 10, 2026082100, 03, HFSA,  96, 163N, 1231W,  71,  985, XX,  64, NEQ,    0,   36,    0,    0,  993,   46,  35,   0,   0,    ,   0,    , 349,   6,           ,  ,  0,    ,    0,    0,    0,    0, THERMO PARAMS, 55, 756, 920, N, 10, DT, -999, SHR82, -99, 
EP, 10, 2026082100, 03, HFSA, 102, 169N, 1238W,  65,  982, XX,  34, NEQ,  136,  105,  102,  133,  986,   21,  34,   0,   0,    ,   0,    , 314,   5,           ,  ,  0,    ,    0,    0,    0,    0, THERMO PARAMS, 67, 1020, 1052, N, 10, DT, -999, SHR82, -99, 
EP, 10, 2026082100, 03, HFSA, 102, 169N, 1238W,  65,  982, XX,  50, NEQ,   44,   45,   58,   55,  986,   21,  34,   0,   0,    ,   0,    , 314,   5,           ,  ,  0,    ,    0,    0,    0,    0, THERMO PARAMS, 67, 1020, 1052, N, 10, DT, -999, SHR82, -99, 
EP, 10, 2026082100, 03, HFSA, 108, 175N, 1244W,  62,  980, XX,  34, NEQ,  126,  112,  105,  136,  984,   21,  30,   0,   0,    ,   0,    , 314,   7,           ,  ,  0,    ,    0,    0,    0,    0, THERMO PARAMS, 55, 935, 1109, N, 10, DT, -999, SHR82, -99, 
EP, 10, 2026082100, 03, HFSA, 108, 175N, 1244W,  62,  980, XX,  50, NEQ,   63,   55,   60,   53,  984,   21,  30,   0,   0,    ,   0,    , 314,   7,           ,  ,  0,    ,    0,    0,    0,    0, THERMO PARAMS, 55, 935, 1109, N, 10, DT, -999, SHR82, -99, 
EP, 10, 2026082100, 03, HFSA, 114, 181N, 1251W,  63,  980, XX,  34, NEQ,  130,  125,  105,  110,  992,   44,  40,   0,   0,    ,   0,    , 309,   8,           ,  ,  0,    ,    0,    0,    0,    0, THERMO PARAMS, 36, 1289, 992, N, 10, DT, -999, SHR82, -99, 
EP, 10, 2026082100, 03, HFSA, 114, 181N, 1251W,  63,  980, XX,  50, NEQ,   60,   57,   49,   58,  992,   44,  40,   0,   0,    ,   0,    , 309,   8,           ,  ,  0,    ,    0,    0,    0,    0, THERMO PARAMS, 36, 1289, 992, N, 10, DT, -999, SHR82, -99, 
EP, 10, 2026082100, 03, HFSA, 120, 185N, 1258W,  69,  974, XX,  34, NEQ,  134,  121,  100,  110,  998,   75,  34,   0,   0,    ,   0,    , 303,   7,           ,  ,  0,    ,    0,    0,    0,    0, THERMO PARAMS, 32, 1473, 1435, N, 10, DT, -999, SHR82, -99, 
EP, 10, 2026082100, 03, HFSA, 120, 185N, 1258W,  69,  974, XX,  50, NEQ,   57,   58,   45,   60,  998,   75,  34,   0,   0,    ,   0,    , 303,   7,           ,  ,  0,    ,    0,    0,    0,    0, THERMO PARAMS, 32, 1473, 1435, N, 10, DT, -999, SHR82, -99, 
EP, 10, 2026082100, 03, HFSA, 120, 185N, 1258W,  69,  974, XX,  64, NEQ,   36,    0,    0,   32,  998,   75,  34,   0,   0,    ,   0,    , 303,   7,           ,  ,  0,    ,    0,    0,    0,    0, THERMO PARAMS, 32, 1473, 1435, N, 10, DT, -999, SHR82, -99, 
EP, 10, 2026082100, 03, HFSA, 126, 189N, 1265W,  70,  976, XX,  34, NEQ,  115,  100,  102,  113, 1000,   74,  32,   0,   0,    ,   0,    , -99, -99,           ,  ,  0,    ,    0,    0,    0,    0, THERMO PARAMS, 20, 1248, 1486, N, 10, DT, -999, SHR82, -99, 
EP, 10, 2026082100, 03, HFSA, 126, 189N, 1265W,  70,  976, XX,  50, NEQ,   58,   53,   45,   60, 1000,   74,  32,   0,   0,    ,   0,    , -99, -99,           ,  ,  0,    ,    0,    0,    0,    0, THERMO PARAMS, 20, 1248, 1486, N, 10, DT, -999, SHR82, -99, 
EP, 10, 2026082100, 03, HFSA, 126, 189N, 1265W,  70,  976, XX,  64, NEQ,   37,   28,   34,   40, 1000,   74,  32,   0,   0,    ,   0,    , -99, -99,           ,  ,  0,    ,    0,    0,    0,    0, THERMO PARAMS, 20, 1248, 1486, N, 10, DT, -999, SHR82, -99, 
EP, 10, 2026082106, 03, AVNO,   0,  87N, 1134W,  22, 1010, XX,  34, NEQ,    0,    0,    0,    0,  -99,  -99,  88,   0,   0, 
EP, 10, 2026082106, 03, AVNO,   6,  90N, 1143W,  19, 1008, XX,  34, NEQ,    0,    0,    0,    0,  -99,  -99,  73,   0,   0, 
EP, 10, 2026082106, 03, AVNO,  12,  92N, 1153W,  18, 1010, XX,  34, NEQ,    0,    0,    0,    0,  -99,  -99, 150,   0,   0, 
EP, 10, 2026082106, 03, AVNO,  18,  94N, 1159W,  19, 1007, XX,  34, NEQ,    0,    0,    0,    0,  -99,  -99,  25,   0,   0, 
EP, 10, 2026082106, 03, AVNO,  24,  99N, 1157W,  18, 1010, XX,  34, NEQ,    0,    0,    0,    0,  -99,  -99, 158,   0,   0, 
EP, 10, 2026082106, 03, AVNO,  30, 109N, 1151W,  23, 1007, XX,  34, NEQ,    0,    0,    0,    0,  -99,  -99, 115,   0,   0, 
EP, 10, 2026082106, 03, AVNO,  36, 112N, 1144W,  30, 1005, XX,  34, NEQ,    0,    0,    0,    0, 1009,   54,  49,   0,   0, 
EP, 10, 2026082106, 03, AVNO,  42, 121N, 1151W,  33, 1001, XX,  34, NEQ,    0,    0,    0,    0, 1005,   81,  95,   0,   0, 
EP, 10, 2026082106, 03, AVNO,  48, 120N, 1155W,  41, 1002, XX,  34, NEQ,   59,  116,    0,  159,  -99,  -99,  66,   0,   0, 
EP, 10, 2026082106, 03, AVNO,  54, 130N, 1160W,  43, 1000, XX,  34, NEQ,   90,  134,    0,    0,  -99,  -99,  84,   0,   0, 
EP, 10, 2026082106, 03, AVNO,  60, 138N, 1170W,  49,  999, XX,  34, NEQ,  131,  145,  109,   88,  -99,  -99,  53,   0,   0, 
EP, 10, 2026082106, 03, AVNO,  66, 146N, 1181W,  47,  993, XX,  34, NEQ,  137,  163,    0,  101,  997,   46,  65,   0,   0, 
EP, 10, 2026082106, 03, AVNO,  72, 151N, 1187W,  51,  994, XX,  34, NEQ,  155,  172,    0,  108, 1002,   82,  69,   0,   0, 
EP, 10, 2026082106, 03, AVNO,  72, 151N, 1187W,  51,  994, XX,  50, NEQ,   69,    0,    0,    0, 1002,   82,  69,   0,   0, 
EP, 10, 2026082106, 03, AVNO,  78, 156N, 1194W,  57,  985, XX,  34, NEQ,  170,  129,   86,  142, 1005,  183,  53,   0,   0, 
EP, 10, 2026082106, 03, AVNO,  78, 156N, 1194W,  57,  985, XX,  50, NEQ,   59,   49,    0,    0, 1005,  183,  53,   0,   0, 
EP, 10, 2026082106, 03, AVNO,  84, 163N, 1202W,  73,  980, XX,  34, NEQ,  205,  198,  107,  160, 1008,  212,  41,   0,   0, 
EP, 10, 2026082106, 03, AVNO,  84, 163N, 1202W,  73,  980, XX,  50, NEQ,   88,   69,   37,    0, 1008,  212,  41,   0,   0, 
EP, 10, 2026082106, 03, AVNO,  84, 163N, 1202W,  73,  980, XX,  64, NEQ,   41,   41,    0,    0, 1008,  212,  41,   0,   0, 
EP, 10, 2026082106, 03, AVNO,  90, 171N, 1213W,  61,  974, XX,  34, NEQ,  165,  148,  102,  142, 1006,  201,  62,   0,   0, 
EP, 10, 2026082106, 03, AVNO,  90, 171N, 1213W,  61,  974, XX,  50, NEQ,  111,   63,   61,   72, 1006,  201,  62,   0,   0, 
EP, 10, 2026082106, 03, AVNO,  96, 179N, 1221W,  68,  973, XX,  34, NEQ,  161,  133,  104,  144, 1009,  198,  40,   0,   0, 
EP, 10, 2026082106, 03, AVNO,  96, 179N, 1221W,  68,  973, XX,  50, NEQ,  103,   70,   67,   85, 1009,  198,  40,   0,   0, 
EP, 10, 2026082106, 03, AVNO,  96, 179N, 1221W,  68,  973, XX,  64, NEQ,   48,   50,    0,   55, 1009,  198,  40,   0,   0, 
EP, 10, 2026082106, 03, AVNO, 102, 184N, 1231W,  70,  968, XX,  34, NEQ,  174,  148,  117,  144, 1008,  252,  38,   0,   0, 
EP, 10, 2026082106, 03, AVNO, 102, 184N, 1231W,  70,  968, XX,  50, NEQ,   91,   71,   72,   83, 1008,  252,  38,   0,   0, 
EP, 10, 2026082106, 03, AVNO, 102, 184N, 1231W,  70,  968, XX,  64, NEQ,   61,   44,   52,   54, 1008,  252,  38,   0,   0, 
EP, 10, 2026082106, 03, AVNO, 108, 188N, 1238W,  71,  969, XX,  34, NEQ,  172,  134,  130,  150, 1009,  221,  50,   0,   0, 
EP, 10, 2026082106, 03, AVNO, 108, 188N, 1238W,  71,  969, XX,  50, NEQ,   87,   79,   75,   82, 1009,  221,  50,   0,   0, 
EP, 10, 2026082106, 03, AVNO, 108, 188N, 1238W,  71,  969, XX,  64, NEQ,   57,   59,   41,   58, 1009,  221,  50,   0,   0, 
EP, 10, 2026082106, 03, AVNO, 114, 192N, 1247W,  71,  968, XX,  34, NEQ,  160,  127,  135,  153, 1008,  348,  47,   0,   0, 
EP, 10, 2026082106, 03, AVNO, 114, 192N, 1247W,  71,  968, XX,  50, NEQ,   83,   80,   78,   87, 1008,  348,  47,   0,   0, 
EP, 10, 2026082106, 03, AVNO, 114, 192N, 1247W,  71,  968, XX,  64, NEQ,   49,   61,   51,   67, 1008,  348,  47,   0,   0, 
EP, 10, 2026082106, 03, AVNO, 120, 196N, 1255W,  66,  973, XX,  34, NEQ,  165,  136,  123,  151, 1009,  223,  38,   0,   0, 
EP, 10, 2026082106, 03, AVNO, 120, 196N, 1255W,  66,  973, XX,  50, NEQ,   92,   67,   77,   75, 1009,  223,  38,   0,   0, 
EP, 10, 2026082106, 03, AVNO, 120, 196N, 1255W,  66,  973, XX,  64, NEQ,   63,   40,    0,    0, 1009,  223,  38,   0,   0, 
EP, 10, 2026082106, 03, AVNO, 126, 200N, 1265W,  61,  975, XX,  34, NEQ,  155,  140,  119,  154, 1011, 1504,  49,   0,   0, 
EP, 10, 2026082106, 03, AVNO, 126, 200N, 1265W,  61,  975, XX,  50, NEQ,   71,   74,   67,   77, 1011, 1504,  49,   0,   0, 
EP, 10, 2026082106, 03, AVNO, 132, 202N, 1273W,  59,  979, XX,  34, NEQ,  153,  134,  116,  142, 1011,  365,  53,   0,   0, 
EP, 10, 2026082106, 03, AVNO, 132, 202N, 1273W,  59,  979, XX,  50, NEQ,   79,   64,   68,   66, 1011,  365,  53,   0,   0, 
EP, 10, 2026082106, 03, AVNO, 138, 206N, 1281W,  58,  978, XX,  34, NEQ,  143,  113,  112,  147, 1006,  212,  53,   0,   0, 
EP, 10, 2026082106, 03, AVNO, 138, 206N, 1281W,  58,  978, XX,  50, NEQ,   77,   57,   62,   76, 1006,  212,  53,   0,   0, 
EP, 10, 2026082106, 03, AVNO, 144, 209N, 1291W,  56,  982, XX,  34, NEQ,  145,  107,  107,  144, 1010,  301,  54,   0,   0, 
EP, 10, 2026082106, 03, AVNO, 144, 209N, 1291W,  56,  982, XX,  50, NEQ,   70,   53,    0,   78, 1010,  301,  54,   0,   0, 
EP, 10, 2026082106, 03, AVNO, 150, 210N, 1300W,  51,  982, XX,  34, NEQ,  138,  108,  100,  142, 1006,  209,  52,   0,   0, 
EP, 10, 2026082106, 03, AVNO, 150, 210N, 1300W,  51,  982, XX,  50, NEQ,   52,    0,    0,   62, 1006,  209,  52,   0,   0, 
EP, 10, 2026082106, 03, AVNO, 156, 212N, 1308W,  51,  985, XX,  34, NEQ,  133,  103,   87,  136, 1009,  268,  50,   0,   0, 
EP, 10, 2026082106, 03, AVNO, 156, 212N, 1308W,  51,  985, XX,  50, NEQ,   60,    0,    0,    0, 1009,  268,  50,   0,   0, 
EP, 10, 2026082106, 03, AVNO, 162, 212N, 1319W,  49,  984, XX,  34, NEQ,  150,   77,   94,  150, 1004,  171,  58,   0,   0, 
EP, 10, 2026082106, 03, AVNO, 168, 212N, 1327W,  50,  987, XX,  34, NEQ,  152,   86,   86,  153, 1007,  180,  59,   0,   0, 
EP, 10, 2026082106, 03, AVNO, 168, 212N, 1327W,  50,  987, XX,  50, NEQ,   59,    0,    0,    0, 1007,  180,  59,   0,   0, 
EP, 10, 2026082106, 03, AVNO, 174, 214N, 1336W,  48,  986, XX,  34, NEQ,  157,   91,   91,  144, 1006,  237,  51,   0,   0, 
EP, 10, 2026082106, 03, AVNO, 180, 214N, 1347W,  47,  989, XX,  34, NEQ,  137,   94,   78,  140, 1009,  266,  52,   0,   0, 
EP, 10, 2026082106, 03, AVNO, 186, 214N, 1358W,  48,  988, XX,  34, NEQ,  130,   89,   82,  143, 1008,  887,  51,   0,   0, 
EP, 10, 2026082106, 03, AVNO, 192, 215N, 1370W,  52,  989, XX,  34, NEQ,  155,   86,   87,  153, 1009,  255,  48,   0,   0, 
EP, 10, 2026082106, 03, AVNO, 192, 215N, 1370W,  52,  989, XX,  50, NEQ,   50,    0,    0,   52, 1009,  255,  48,   0,   0, 
EP, 10, 2026082106, 03, AVNO, 198, 215N, 1381W,  48,  989, XX,  34, NEQ,  142,   81,   70,  147, 1009, 1266,  49,   0,   0, 
EP, 10, 2026082106, 03, AVNO, 204, 215N, 1392W,  49,  992, XX,  34, NEQ,  153,   71,   85,  151, 1008,  185,  53,   0,   0, 
EP, 10, 2026082106, 03, AVNO, 210, 214N, 1403W,  49,  990, XX,  34, NEQ,  161,   75,   84,  162, 1006,  205,  46,   0,   0, 
EP, 10, 2026082106, 03, AVNO, 216, 215N, 1413W,  53,  993, XX,  34, NEQ,  145,   87,   71,  139, 1009,  204,  45,   0,   0, 
EP, 10, 2026082106, 03, AVNO, 216, 215N, 1413W,  53,  993, XX,  50, NEQ,   54,    0,    0,   45, 1009,  204,  45,   0,   0, 
EP, 10, 2026082106, 03, AVNO, 222, 217N, 1425W,  50,  992, XX,  34, NEQ,  144,   57,   47,  154, 1008,  211,  50,   0,   0, 
EP, 10, 2026082106, 03, AVNO, 222, 217N, 1425W,  50,  992, XX,  50, NEQ,    0,    0,    0,   50, 1008,  211,  50,   0,   0, 
EP, 10, 2026082106, 03, AVNO, 228, 217N, 1438W,  47,  995, XX,  34, NEQ,  160,   72,   56,  156, 1011,  254,  49,   0,   0, 
EP, 10, 2026082106, 03, AVNO, 234, 218N, 1449W,  51,  993, XX,  34, NEQ,  152,   68,   60,  139, 1005,  105,  46,   0,   0, 
EP, 10, 2026082106, 03, AVNO, 234, 218N, 1449W,  51,  993, XX,  50, NEQ,   47,    0,    0,    0, 1005,  105,  46,   0,   0, 
EP, 10, 2026082106, 03, AVNO, 240, 217N, 1463W,  51,  997, XX,  34, NEQ,  147,    0,   66,  140, 1009,  133,  50,   0,   0, 
EP, 10, 2026082106, 03, AVNO, 240, 217N, 1463W,  51,  997, XX,  50, NEQ,   50,    0,    0,    0, 1009,  133,  50,   0,   0, 
EP, 10, 2026082106, 03, HCCA,   0,  84N, 1149W,  20,    0,   ,   0,    ,    0,    0,    0,    0, 
EP, 10, 2026082106, 03, HCCA,  12,  88N, 1165W,  24,    0,   ,   0,    ,    0,    0,    0,    0, 
EP, 10, 2026082106, 03, HCCA,  24,  95N, 1173W,  31,    0,   ,   0,    ,    0,    0,    0,    0, 
EP, 10, 2026082106, 03, HCCA,  36, 109N, 1177W,  39,    0,   ,   0,    ,    0,    0,    0,    0, 
EP, 10, 2026082106, 03, HCCA,  48, 122N, 1189W,  45,    0,   ,   0,    ,    0,    0,    0,    0, 
EP, 10, 2026082106, 03, HCCA,  60, 134N, 1200W,  47,    0,   ,   0,    ,    0,    0,    0,    0, 
EP, 10, 2026082106, 03, HCCA,  72, 147N, 1209W,  50,    0,   ,   0,    ,    0,    0,    0,    0, 
EP, 10, 2026082106, 03, HCCA,  84, 161N, 1216W,  57,    0,   ,   0,    ,    0,    0,    0,    0, 
EP, 10, 2026082106, 03, HCCA,  96, 175N, 1224W,  66,    0,   ,   0,    ,    0,    0,    0,    0, 
EP, 10, 2026082106, 03, HCCA, 108, 189N, 1233W,  69,    0,   ,   0,    ,    0,    0,    0,    0, 
EP, 10, 2026082106, 03, HCCA, 120, 199N, 1245W,  71,    0,   ,   0,    ,    0,    0,    0,    0, 
EP, 10, 2026082106, 03, HCCA, 132, 208N, 1258W,  67,    0,   ,   0,    ,    0,    0,    0,    0, 
EP, 10, 2026082106, 03, HCCA, 144, 214N, 1272W,  65,    0,   ,   0,    ,    0,    0,    0,    0, 
EP, 10, 2026082106, 03, HCCA, 156, 217N, 1288W,  65,    0,   ,   0,    ,    0,    0,    0,    0, 
EP, 10, 2026082106, 03, HCCA, 168, 219N, 1304W,  65,    0,   ,   0,    ,    0,    0,    0,    0, 
EP, 10, 2026082106, 03, HFSA,   0,  82N, 1152W,  18, 1006, XX,  34, NEQ,    0,    0,    0,    0,  -99,  -99,  34,   0,   0,    ,   0,    , 261,   8,           ,  ,  0,    ,    0,    0,    0,    0, THERMO PARAMS, 69, -604, -99, N, 10, DT, -999, SHR82, -99, 
EP, 10, 2026082106, 03, HFSA,   6,  79N, 1149W,  31, 1006, XX,  34, NEQ,    0,    0,    0,    0,  -99,  -99, 152,   0,   0,    ,   0,    , 285,   2,           ,  ,  0,    ,    0,    0,    0,    0, THERMO PARAMS, -9999, -9999, -9999, N, 10, DT, -999, SHR82, -99, 
EP, 10, 2026082106, 03, HFSA,  12,  92N, 1154W,  29, 1010, XX,  34, NEQ,    0,    0,    0,    0,  -99,  -99, 151,   0,   0,    ,   0,    , 290,  13,           ,  ,  0,    ,    0,    0,    0,    0, THERMO PARAMS, -9999, -9999, -9999, N, 10, DT, -999, SHR82, -99, 
EP, 10, 2026082106, 03, HFSA,  18,  92N, 1161W,  24, 1006, XX,  34, NEQ,    0,    0,    0,    0,  -99,  -99, 149,   0,   0,    ,   0,    , 258,   6,           ,  ,  0,    ,    0,    0,    0,    0, THERMO PARAMS, -9999, -9999, -9999, N, 10, DT, -999, SHR82, -99, 
EP, 10, 2026082106, 03, HFSA,  24,  89N, 1160W,  28, 1004, XX,  34, NEQ,    0,    0,    0,    0, 1008,    5,  84,   0,   0,    ,   0,    ,  71,   2,           ,  ,  0,    ,    0,    0,    0,    0, THERMO PARAMS, -9999, -9999, -9999, N, 10, DT, -999, SHR82, -99, 
EP, 10, 2026082106, 03, HFSA,  30, 104N, 1153W,  33, 1007, XX,  34, NEQ,    0,    0,    0,    0,  -99,  -99, 101,   0,   0,    ,   0,    , 334,  13,           ,  ,  0,    ,    0,    0,    0,    0, THERMO PARAMS, -9999, -9999, -9999, N, 10, DT, -999, SHR82, -99, 
EP, 10, 2026082106, 03, HFSA,  36, 122N, 1161W,  33, 1006, XX,  34, NEQ,    0,    0,    0,    0,  -99,  -99, 124,   0,   0,    ,   0,    , 314,  15,           ,  ,  0,    ,    0,    0,    0,    0, THERMO PARAMS, -9999, -9999, -9999, N, 10, DT, -999, SHR82, -99, 
EP, 10, 2026082106, 03, HFSA,  42, 125N, 1166W,  37, 1003, XX,  34, NEQ,    0,    0,    0,    0,  -99,  -99, 113,   0,   0,    ,   0,    , 289,   8,           ,  ,  0,    ,    0,    0,    0,    0, THERMO PARAMS, -9999, -9999, -9999, N, 10, DT, -999, SHR82, -99, 
EP, 10, 2026082106, 03, HFSA,  48, 127N, 1175W,  40, 1005, XX,  34, NEQ,    0,    0,    0,    0,  -99,  -99, 119,   0,   0,    ,   0,    , 292,   7,           ,  ,  0,    ,    0,    0,    0,    0, THERMO PARAMS, -9999, -9999, -9999, N, 10, DT, -999, SHR82, -99, 
EP, 10, 2026082106, 03, HFSA,  54, 137N, 1181W,  36, 1003, XX,  34, NEQ,    0,    0,    0,    0,  -99,  -99, 118,   0,   0,    ,   0,    , 327,  10,           ,  ,  0,    ,    0,    0,    0,    0, THERMO PARAMS, -7, 233, 235, N, 10, DT, -999, SHR82, -99, 
EP, 10, 2026082106, 03, HFSA,  60, 141N, 1191W,  35, 1004, XX,  34, NEQ,    0,    0,    0,    0,  -99,  -99,  48,   0,   0,    ,   0,    , 288,  11,           ,  ,  0,    ,    0,    0,    0,    0, THERMO PARAMS, 39, 269, 328, N, 10, DT, -999, SHR82, -99, 
EP, 10, 2026082106, 03, HFSA,  66, 140N, 1199W,  43,  998, XX,  34, NEQ,    0,  159,    0,    0,  -99,  -99, 116,   0,   0,    ,   0,    , 324,   5,           ,  ,  0,    ,    0,    0,    0,    0, THERMO PARAMS, 46, 261, 204, N, 10, DT, -999, SHR82, -99, 
EP, 10, 2026082106, 03, HFSA,  72, 146N, 1202W,  39, 1001, XX,  34, NEQ,    0,   79,   83,    0,  -99,  -99,  87,   0,   0,    ,   0,    , 338,   6,           ,  ,  0,    ,    0,    0,    0,    0, THERMO PARAMS, 11, 142, 155, N, 10, DT, -999, SHR82, -99, 
EP, 10, 2026082106, 03, HFSA,  78, 154N, 1205W,  45,  995, XX,  34, NEQ,   96,  134,   87,    0,  999,   38,  67,   0,   0,    ,   0,    , 345,   9,           ,  ,  0,    ,    0,    0,    0,    0, THERMO PARAMS, 21, 87, 412, N, 10, DT, -999, SHR82, -99, 
EP, 10, 2026082106, 03, HFSA,  84, 160N, 1206W,  57,  997, XX,  34, NEQ,  146,  117,  104,    0, 1001,   58,  48,   0,   0,    ,   0,    , 350,   9,           ,  ,  0,    ,    0,    0,    0,    0, THERMO PARAMS, 19, 503, 522, N, 10, DT, -999, SHR82, -99, 
EP, 10, 2026082106, 03, HFSA,  84, 160N, 1206W,  57,  997, XX,  50, NEQ,   50,    0,    0,    0, 1001,   58,  48,   0,   0,    ,   0,    , 350,   9,           ,  ,  0,    ,    0,    0,    0,    0, THERMO PARAMS, 19, 503, 522, N, 10, DT, -999, SHR82, -99, 
EP, 10, 2026082106, 03, HFSA,  90, 171N, 1209W,  54,  993, XX,  34, NEQ,  134,  120,  105,    0,  -99,  -99,  44,   0,   0,    ,   0,    , 344,  11,           ,  ,  0,    ,    0,    0,    0,    0, THERMO PARAMS, 9, 686, 717, N, 10, DT, -999, SHR82, -99, 
EP, 10, 2026082106, 03, HFSA,  90, 171N, 1209W,  54,  993, XX,  50, NEQ,    0,   57,    0,    0,  -99,  -99,  44,   0,   0,    ,   0,    , 344,  11,           ,  ,  0,    ,    0,    0,    0,    0, THERMO PARAMS, 9, 686, 717, N, 10, DT, -999, SHR82, -99, 
EP, 10, 2026082106, 03, HFSA,  96, 181N, 1213W,  55,  993, XX,  34, NEQ,  123,  136,   99,   84,  -99,  -99,  48,   0,   0,    ,   0,    , 329,  10,           ,  ,  0,    ,    0,    0,    0,    0, THERMO PARAMS, 14, 592, 935, N, 10, DT, -999, SHR82, -99, 
EP, 10, 2026082106, 03, HFSA,  96, 181N, 1213W,  55,  993, XX,  50, NEQ,   49,   60,    0,    0,  -99,  -99,  48,   0,   0,    ,   0,    , 329,  10,           ,  ,  0,    ,    0,    0,    0,    0, THERMO PARAMS, 14, 592, 935, N, 10, DT, -999, SHR82, -99, 
EP, 10, 2026082106, 03, HFSA, 102, 189N, 1220W,  56,  988, XX,  34, NEQ,  139,  128,   50,  105,  992,   34,  63,   0,   0,    ,   0,    , 317,  10,           ,  ,  0,    ,    0,    0,    0,    0, THERMO PARAMS, -20, 850, 1184, N, 10, DT, -999, SHR82, -99, 
EP, 10, 2026082106, 03, HFSA, 102, 189N, 1220W,  56,  988, XX,  50, NEQ,   65,    0,    0,    0,  992,   34,  63,   0,   0,    ,   0,    , 317,  10,           ,  ,  0,    ,    0,    0,    0,    0, THERMO PARAMS, -20, 850, 1184, N, 10, DT, -999, SHR82, -99, 
EP, 10, 2026082106, 03, HFSA, 108, 197N, 1229W,  55,  988, XX,  34, NEQ,  147,  125,   70,  105,  -99,  -99,  59,   0,   0,    ,   0,    , 306,  11,           ,  ,  0,    ,    0,    0,    0,    0, THERMO PARAMS, -39, 463, 1041, N, 10, DT, -999, SHR82, -99, 
EP, 10, 2026082106, 03, HFSA, 108, 197N, 1229W,  55,  988, XX,  50, NEQ,   68,    0,    0,   52,  -99,  -99,  59,   0,   0,    ,   0,    , 306,  11,           ,  ,  0,    ,    0,    0,    0,    0, THERMO PARAMS, -39, 463, 1041, N, 10, DT, -999, SHR82, -99, 
EP, 10, 2026082106, 03, HFSA, 114, 202N, 1237W,  57,  986, XX,  34, NEQ,  139,  105,   71,  144,  998,   61,  45,   0,   0,    ,   0,    , 306,   7,           ,  ,  0,    ,    0,    0,    0,    0, THERMO PARAMS, -88, 1075, 1121, N, 10, DT, -999, SHR82, -99, 
EP, 10, 2026082106, 03, HFSA, 114, 202N, 1237W,  57,  986, XX,  50, NEQ,   53,    0,    0,   52,  998,   61,  45,   0,   0,    ,   0,    , 306,   7,           ,  ,  0,    ,    0,    0,    0,    0, THERMO PARAMS, -88, 1075, 1121, N, 10, DT, -999, SHR82, -99, 
EP, 10, 2026082106, 03, HFSA, 120, 206N, 1244W,  48,  989, XX,  34, NEQ,  126,   94,   66,  128, 1005,  110,  32,   0,   0,    ,   0,    , 293,   7,           ,  ,  0,    ,    0,    0,    0,    0, THERMO PARAMS, -99, 1083, 1015, N, 10, DT, -999, SHR82, -99, 
EP, 10, 2026082106, 03, HFSA, 126, 209N, 1251W,  48,  989, XX,  34, NEQ,  117,   68,   55,  121, 1001,   80,  62,   0,   0,    ,   0,    , -99, -99,           ,  ,  0,    ,    0,    0,    0,    0, THERMO PARAMS, -87, 1174, 1102, N, 10, DT, -999, SHR82, -99, 
EP, 10, 2026082106, 03, TVCN,   0,  84N, 1149W,   0,    0,   ,   0,    ,    0,    0,    0,    0, 
EP, 10, 2026082106, 03, TVCN,  12,  89N, 1164W,   0,    0,   ,   0,    ,    0,    0,    0,    0, 
EP, 10, 2026082106, 03, TVCN,  24,  96N, 1175W,   0,    0,   ,   0,    ,    0,    0,    0,    0, 
EP, 10, 2026082106, 03, TVCN,  36, 108N, 1184W,   0,    0,   ,   0,    ,    0,    0,    0,    0, 
EP, 10, 2026082106, 03, TVCN,  48, 119N, 1194W,   0,    0,   ,   0,    ,    0,    0,    0,    0, 
EP, 10, 2026082106, 03, TVCN,  60, 131N, 1213W,   0,    0,   ,   0,    ,    0,    0,    0,    0, 
EP, 10, 2026082106, 03, TVCN,  72, 143N, 1225W,   0,    0,   ,   0,    ,    0,    0,    0,    0, 
EP, 10, 2026082106, 03, TVCN,  84, 156N, 1234W,   0,    0,   ,   0,    ,    0,    0,    0,    0, 
EP, 10, 2026082106, 03, TVCN,  96, 170N, 1243W,   0,    0,   ,   0,    ,    0,    0,    0,    0, 
EP, 10, 2026082106, 03, TVCN, 108, 184N, 1253W,   0,    0,   ,   0,    ,    0,    0,    0,    0, 
EP, 10, 2026082106, 03, TVCN, 120, 199N, 1267W,   0,    0,   ,   0,    ,    0,    0,    0,    0, 
EP, 10, 2026082106, 03, TVCN, 132, 213N, 1281W,   0,    0,   ,   0,    ,    0,    0,    0,    0, 
EP, 10, 2026082112, 03,  UKX,   0,  84N, 1155W,  16, 1009, XX,  34, NEQ,    0,    0,    0,    0, 
EP, 10, 2026082112, 03,  UKX,   6,  88N, 1160W,  16, 1009, XX,  34, NEQ,    0,    0,    0,    0, 
EP, 10, 2026082112, 03,  UKX,  12,  89N, 1168W,  18, 1008, XX,  34, NEQ,    0,    0,    0,    0, 
EP, 10, 2026082112, 03,  UKX,  18,  96N, 1171W,  18, 1009, XX,  34, NEQ,    0,    0,    0,    0, 
EP, 10, 2026082112, 03,  UKX,  24, 100N, 1176W,  18, 1009, XX,  34, NEQ,    0,    0,    0,    0, 
EP, 10, 2026082112, 03,  UKX,  30, 105N, 1180W,  23, 1009, XX,  34, NEQ,    0,    0,    0,    0, 
EP, 10, 2026082112, 03,  UKX,  36, 110N, 1184W,  24, 1008, XX,  34, NEQ,    0,    0,    0,    0, 
EP, 10, 2026082112, 03,  UKX,  42, 116N, 1184W,  24, 1008, XX,  34, NEQ,    0,    0,    0,    0, 
EP, 10, 2026082112, 03,  UKX,  48, 151N, 1180W,  27, 1005, XX,  34, NEQ,    0,    0,    0,    0, 
EP, 10, 2026082112, 03,  UKX,  54, 157N, 1191W,  27, 1006, XX,  34, NEQ,    0,    0,    0,    0, 
EP, 10, 2026082112, 03,  UKX,  60, 162N, 1201W,  29, 1003, XX,  34, NEQ,    0,    0,    0,    0, 
EP, 10, 2026082112, 03,  UKX,  66, 169N, 1208W,  34, 1005, XX,  34, NEQ,  102,    0,    0,    0, 
EP, 10, 2026082112, 03,  UKX,  72, 180N, 1216W,  33, 1002, XX,  34, NEQ,    0,    0,    0,    0, 
EP, 10, 2026082112, 03,  UKX,  78, 189N, 1226W,  35, 1004, XX,  34, NEQ,  120,    0,    0,    0, 
EP, 10, 2026082112, 03,  UKX,  84, 195N, 1234W,  36, 1002, XX,  34, NEQ,  150,  150,    0,    0, 
EP, 10, 2026082112, 03,  UKX,  90, 204N, 1239W,  38, 1005, XX,  34, NEQ,  124,    0,    0,   96, 
EP, 10, 2026082112, 03,  UKX,  96, 214N, 1249W,  37, 1003, XX,  34, NEQ,  159,    0,    0,    0, 
EP, 10, 2026082112, 03,  UKX, 102, 220N, 1260W,  34, 1005, XX,  34, NEQ,  156,    0,    0,    0, 
EP, 10, 2026082112, 03,  UKX, 108, 225N, 1268W,  30, 1004, XX,  34, NEQ,    0,    0,    0,    0, 
EP, 10, 2026082112, 03,  UKX, 114, 230N, 1274W,  27, 1007, XX,  34, NEQ,    0,    0,    0,    0, 
EP, 10, 2026082112, 03,  UKX, 120, 239N, 1281W,  24, 1007, XX,  34, NEQ,    0,    0,    0,    0, 
EP, 10, 2026082112, 03,  UKX, 126, 247N, 1287W,  23, 1009, XX,  34, NEQ,    0,    0,    0,    0, 
EP, 10, 2026082112, 03,  UKX, 132, 252N, 1291W,  23, 1008, XX,  34, NEQ,    0,    0,    0,    0, 
EP, 10, 2026082112, 03,  UKX, 138, 255N, 1294W,  22, 1010, XX,  34, NEQ,    0,    0,    0,    0, 
EP, 10, 2026082112, 03,  UKX, 144, 256N, 1297W,  21, 1010, XX,  34, NEQ,    0,    0,    0,    0, 
EP, 10, 2026082112, 03, AVNO,   0,  87N, 1148W,  17, 1008, XX,  34, NEQ,    0,    0,    0,    0,  -99,  -99,  99,   0,   0, 
EP, 10, 2026082112, 03, AVNO,   6,  90N, 1155W,  17, 1010, XX,  34, NEQ,    0,    0,    0,    0,  -99,  -99, 117,   0,   0, 
EP, 10, 2026082112, 03, AVNO,  12,  93N, 1160W,  17, 1007, XX,  34, NEQ,    0,    0,    0,    0,  -99,  -99,  66,   0,   0, 
EP, 10, 2026082112, 03, AVNO,  18,  98N, 1157W,  19, 1010, XX,  34, NEQ,    0,    0,    0,    0,  -99,  -99, 156,   0,   0, 
EP, 10, 2026082112, 03, AVNO,  24, 101N, 1150W,  22, 1008, XX,  34, NEQ,    0,    0,    0,    0,  -99,  -99, 117,   0,   0, 
EP, 10, 2026082112, 03, AVNO,  30, 103N, 1152W,  26, 1009, XX,  34, NEQ,    0,    0,    0,    0,  -99,  -99, 109,   0,   0, 
EP, 10, 2026082112, 03, AVNO,  36, 120N, 1145W,  31, 1003, XX,  34, NEQ,    0,    0,    0,    0,  -99,  -99,  79,   0,   0, 
EP, 10, 2026082112, 03, AVNO,  42, 132N, 1148W,  34, 1003, XX,  34, NEQ,    0,    0,    0,    0, 1007,   50,  63,   0,   0, 
EP, 10, 2026082112, 03, AVNO,  48, 133N, 1155W,  38,  997, XX,  34, NEQ,    0,  141,    0,    0, 1009,  349, 133,   0,   0, 
EP, 10, 2026082112, 03, AVNO,  54, 136N, 1161W,  46,  997, XX,  34, NEQ,  151,  153,    0,    0, 1009,  150,  35,   0,   0, 
EP, 10, 2026082112, 03, AVNO,  60, 145N, 1167W,  50,  993, XX,  34, NEQ,  137,  152,   59,   33, 1001,   58,  73,   0,   0, 
EP, 10, 2026082112, 03, AVNO,  66, 154N, 1174W,  65,  988, XX,  34, NEQ,  139,  197,   97,   99,  992,   10,  45,   0,   0, 
EP, 10, 2026082112, 03, AVNO,  66, 154N, 1174W,  65,  988, XX,  50, NEQ,   77,   74,    0,    0,  992,   10,  45,   0,   0, 
EP, 10, 2026082112, 03, AVNO,  66, 154N, 1174W,  65,  988, XX,  64, NEQ,   45,    0,    0,    0,  992,   10,  45,   0,   0, 
EP, 10, 2026082112, 03, AVNO,  72, 161N, 1182W,  58,  982, XX,  34, NEQ,  152,  127,   71,  102,  998,   60,  28,   0,   0, 
EP, 10, 2026082112, 03, AVNO,  72, 161N, 1182W,  58,  982, XX,  50, NEQ,   63,   64,    0,    0,  998,   60,  28,   0,   0, 
EP, 10, 2026082112, 03, AVNO,  78, 168N, 1189W,  65,  980, XX,  34, NEQ,  169,  125,   90,  144, 1012,  753,  38,   0,   0, 
EP, 10, 2026082112, 03, AVNO,  78, 168N, 1189W,  65,  980, XX,  50, NEQ,   77,   73,    0,    0, 1012,  753,  38,   0,   0, 
EP, 10, 2026082112, 03, AVNO,  78, 168N, 1189W,  65,  980, XX,  64, NEQ,   38,    0,    0,    0, 1012,  753,  38,   0,   0, 
EP, 10, 2026082112, 03, AVNO,  84, 178N, 1199W,  71,  973, XX,  34, NEQ,  136,  111,   93,  134, 1009,  848,  38,   0,   0, 
EP, 10, 2026082112, 03, AVNO,  84, 178N, 1199W,  71,  973, XX,  50, NEQ,   73,   69,   46,   62, 1009,  848,  38,   0,   0, 
EP, 10, 2026082112, 03, AVNO,  84, 178N, 1199W,  71,  973, XX,  64, NEQ,   46,   39,    0,   46, 1009,  848,  38,   0,   0, 
EP, 10, 2026082112, 03, AVNO,  90, 183N, 1210W,  71,  975, XX,  34, NEQ,  143,  128,   74,  122, 1011,  268,  28,   0,   0, 
EP, 10, 2026082112, 03, AVNO,  90, 183N, 1210W,  71,  975, XX,  50, NEQ,   72,   60,   45,   66, 1011,  268,  28,   0,   0, 
EP, 10, 2026082112, 03, AVNO,  90, 183N, 1210W,  71,  975, XX,  64, NEQ,   45,   43,    0,   42, 1011,  268,  28,   0,   0, 
EP, 10, 2026082112, 03, AVNO,  96, 187N, 1219W,  70,  972, XX,  34, NEQ,  143,  111,   90,  126, 1008,  243,  36,   0,   0, 
EP, 10, 2026082112, 03, AVNO,  96, 187N, 1219W,  70,  972, XX,  50, NEQ,   66,   55,   54,   67, 1008,  243,  36,   0,   0, 
EP, 10, 2026082112, 03, AVNO,  96, 187N, 1219W,  70,  972, XX,  64, NEQ,   46,    0,    0,   36, 1008,  243,  36,   0,   0, 
EP, 10, 2026082112, 03, AVNO, 102, 189N, 1229W,  69,  973, XX,  34, NEQ,  169,   85,  106,  141, 1005,  121,  36,   0,   0, 
EP, 10, 2026082112, 03, AVNO, 102, 189N, 1229W,  69,  973, XX,  50, NEQ,   83,   43,   54,   80, 1005,  121,  36,   0,   0, 
EP, 10, 2026082112, 03, AVNO, 102, 189N, 1229W,  69,  973, XX,  64, NEQ,   55,    0,    0,   38, 1005,  121,  36,   0,   0, 
EP, 10, 2026082112, 03, AVNO, 108, 192N, 1237W,  66,  971, XX,  34, NEQ,  147,   91,  108,  145, 1007,  219,  48,   0,   0, 
EP, 10, 2026082112, 03, AVNO, 108, 192N, 1237W,  66,  971, XX,  50, NEQ,   66,   52,   55,   65, 1007,  219,  48,   0,   0, 
EP, 10, 2026082112, 03, AVNO, 108, 192N, 1237W,  66,  971, XX,  64, NEQ,   48,    0,   44,   32, 1007,  219,  48,   0,   0, 
EP, 10, 2026082112, 03, AVNO, 114, 195N, 1245W,  67,  975, XX,  34, NEQ,  139,   91,  102,  137, 1011,  265,  38,   0,   0, 
EP, 10, 2026082112, 03, AVNO, 114, 195N, 1245W,  67,  975, XX,  50, NEQ,   74,   50,   56,   73, 1011,  265,  38,   0,   0, 
EP, 10, 2026082112, 03, AVNO, 114, 195N, 1245W,  67,  975, XX,  64, NEQ,   40,    0,    0,    0, 1011,  265,  38,   0,   0, 
EP, 10, 2026082112, 03, AVNO, 120, 198N, 1252W,  61,  975, XX,  34, NEQ,  124,   96,  104,  134, 1011, 1615,  44,   0,   0, 
EP, 10, 2026082112, 03, AVNO, 120, 198N, 1252W,  61,  975, XX,  50, NEQ,   62,   53,   59,   53, 1011, 1615,  44,   0,   0, 
EP, 10, 2026082112, 03, AVNO, 126, 200N, 1260W,  60,  979, XX,  34, NEQ,  125,   99,  101,  122, 1011,  317,  31,   0,   0, 
EP, 10, 2026082112, 03, AVNO, 126, 200N, 1260W,  60,  979, XX,  50, NEQ,   59,   60,   58,   63, 1011,  317,  31,   0,   0, 
EP, 10, 2026082112, 03, AVNO, 132, 203N, 1268W,  57,  978, XX,  34, NEQ,  131,   96,   94,  132, 1006,  181,  46,   0,   0, 
EP, 10, 2026082112, 03, AVNO, 132, 203N, 1268W,  57,  978, XX,  50, NEQ,   70,   56,   56,   61, 1006,  181,  46,   0,   0, 
EP, 10, 2026082112, 03, AVNO, 138, 204N, 1277W,  60,  982, XX,  34, NEQ,  113,   86,   93,  121, 1010,  247,  42,   0,   0, 
EP, 10, 2026082112, 03, AVNO, 138, 204N, 1277W,  60,  982, XX,  50, NEQ,   60,   53,   49,   56, 1010,  247,  42,   0,   0, 
EP, 10, 2026082112, 03, AVNO, 144, 206N, 1284W,  54,  981, XX,  34, NEQ,  115,   87,   91,  118, 1005,  163,  44,   0,   0, 
EP, 10, 2026082112, 03, AVNO, 144, 206N, 1284W,  54,  981, XX,  50, NEQ,   55,   51,    0,   53, 1005,  163,  44,   0,   0, 
EP, 10, 2026082112, 03, AVNO, 150, 208N, 1292W,  55,  984, XX,  34, NEQ,  112,   87,   91,  107, 1008,  187,  43,   0,   0, 
EP, 10, 2026082112, 03, AVNO, 150, 208N, 1292W,  55,  984, XX,  50, NEQ,   60,    0,    0,   55, 1008,  187,  43,   0,   0, 
EP, 10, 2026082112, 03, AVNO, 156, 209N, 1301W,  54,  983, XX,  34, NEQ,  111,   80,   83,  120, 1007,  332,  50,   0,   0, 
EP, 10, 2026082112, 03, AVNO, 156, 209N, 1301W,  54,  983, XX,  50, NEQ,   65,    0,    0,   65, 1007,  332,  50,   0,   0, 
EP, 10, 2026082112, 03, AVNO, 162, 209N, 1311W,  53,  987, XX,  34, NEQ,  124,   85,   84,  127, 1007,  170,  51,   0,   0, 
EP, 10, 2026082112, 03, AVNO, 162, 209N, 1311W,  53,  987, XX,  50, NEQ,   36,    0,    0,   62, 1007,  170,  51,   0,   0, 
EP, 10, 2026082112, 03, AVNO, 168, 210N, 1319W,  49,  987, XX,  34, NEQ,  123,   88,   89,  122, 1007,  292,  35,   0,   0, 
EP, 10, 2026082112, 03, AVNO, 174, 210N, 1329W,  48,  990, XX,  34, NEQ,  120,   69,   78,  116, 1010,  390,  48,   0,   0, 
EP, 10, 2026082112, 03, AVNO, 180, 210N, 1340W,  47,  989, XX,  34, NEQ,  116,   76,   82,  112, 1005,  149,  50,   0,   0, 
EP, 10, 2026082112, 03, AVNO, 186, 209N, 1350W,  52,  991, XX,  34, NEQ,  112,   74,   74,  115, 1007,  146,  51,   0,   0, 
EP, 10, 2026082112, 03, AVNO, 186, 209N, 1350W,  52,  991, XX,  50, NEQ,   53,    0,    0,   52, 1007,  146,  51,   0,   0, 
EP, 10, 2026082112, 03, AVNO, 192, 209N, 1362W,  50,  990, XX,  34, NEQ,  114,   70,   76,  118, 1006,  178,  54,   0,   0, 
EP, 10, 2026082112, 03, AVNO, 198, 207N, 1372W,  50,  993, XX,  34, NEQ,  126,   59,   60,  129, 1009,  208,  51,   0,   0, 
EP, 10, 2026082112, 03, AVNO, 204, 206N, 1381W,  48,  992, XX,  34, NEQ,  113,   74,   67,  116, 1004,  103,  53,   0,   0, 
EP, 10, 2026082112, 03, AVNO, 210, 206N, 1390W,  54,  995, XX,  34, NEQ,  115,   83,   59,  113, 1007,  109,  53,   0,   0, 
EP, 10, 2026082112, 03, AVNO, 210, 206N, 1390W,  54,  995, XX,  50, NEQ,   58,    0,    0,   52, 1007,  109,  53,   0,   0, 
EP, 10, 2026082112, 03, AVNO, 216, 206N, 1402W,  43,  996, XX,  34, NEQ,  120,    0,   62,  121, 1008,  191,  53,   0,   0, 
EP, 10, 2026082112, 03, AVNO, 222, 204N, 1412W,  39,  999, XX,  34, NEQ,  128,    0,    0,  129, 1007,  102,  53,   0,   0, 
EP, 10, 2026082112, 03, AVNO, 228, 203N, 1421W,  35,  999, XX,  34, NEQ,  106,    0,    0,  125, 1007,  123, 105,   0,   0, 
EP, 10, 2026082112, 03, AVNO, 234, 203N, 1430W,  41, 1001, XX,  34, NEQ,   90,    0,    0,   90, 1009,  139,  62,   0,   0, 
EP, 10, 2026082112, 03, AVNO, 240, 203N, 1441W,  36, 1000, XX,  34, NEQ,   77,    0,    0,   80, 1008,  198,  68,   0,   0, 
EP, 10, 2026082112, 03, HCCA,   0,  90N, 1150W,  20,    0,   ,   0,    ,    0,    0,    0,    0, 
EP, 10, 2026082112, 03, HCCA,  12,  97N, 1162W,  22,    0,   ,   0,    ,    0,    0,    0,    0, 
EP, 10, 2026082112, 03, HCCA,  24, 109N, 1168W,  29,    0,   ,   0,    ,    0,    0,    0,    0, 
EP, 10, 2026082112, 03, HCCA,  36, 126N, 1176W,  37,    0,   ,   0,    ,    0,    0,    0,    0, 
EP, 10, 2026082112, 03, HCCA,  48, 140N, 1188W,  42,    0,   ,   0,    ,    0,    0,    0,    0, 
EP, 10, 2026082112, 03, HCCA,  60, 150N, 1202W,  47,    0,   ,   0,    ,    0,    0,    0,    0, 
EP, 10, 2026082112, 03, HCCA,  72, 162N, 1214W,  53,    0,   ,   0,    ,    0,    0,    0,    0, 
EP, 10, 2026082112, 03, HCCA,  84, 176N, 1226W,  60,    0,   ,   0,    ,    0,    0,    0,    0, 
EP, 10, 2026082112, 03, HCCA,  96, 190N, 1236W,  62,    0,   ,   0,    ,    0,    0,    0,    0, 
EP, 10, 2026082112, 03, HCCA, 108, 203N, 1249W,  64,    0,   ,   0,    ,    0,    0,    0,    0, 
EP, 10, 2026082112, 03, HCCA, 120, 212N, 1262W,  60,    0,   ,   0,    ,    0,    0,    0,    0, 
EP, 10, 2026082112, 03, HCCA, 132, 220N, 1275W,  59,    0,   ,   0,    ,    0,    0,    0,    0, 
EP, 10, 2026082112, 03, HCCA, 144, 227N, 1287W,  60,    0,   ,   0,    ,    0,    0,    0,    0, 
EP, 10, 2026082112, 03, HCCA, 156, 233N, 1300W,  62,    0,   ,   0,    ,    0,    0,    0,    0, 
EP, 10, 2026082112, 03, HCCA, 168, 238N, 1315W,  63,    0,   ,   0,    ,    0,    0,    0,    0, 
EP, 10, 2026082112, 03, HFSA,   0,  87N, 1149W,  22, 1008, XX,  34, NEQ,    0,    0,    0,    0,  -99,  -99, 114,   0,   0,    ,   0,    , 275,   7,           ,  ,  0,    ,    0,    0,    0,    0, THERMO PARAMS, 43, -199, -25, N, 10, DT, -999, SHR82, -99, 
EP, 10, 2026082112, 03, HFSA,   6,  94N, 1152W,  22, 1010, XX,  34, NEQ,    0,    0,    0,    0,  -99,  -99, 122,   0,   0,    ,   0,    , 341,   5,           ,  ,  0,    ,    0,    0,    0,    0, THERMO PARAMS, -15, 80, 3, N, 10, DT, -999, SHR82, -99, 
EP, 10, 2026082112, 03, HFSA,  12,  87N, 1154W,  30, 1008, XX,  34, NEQ,    0,    0,    0,    0,  -99,  -99, 159,   0,   0,    ,   0,    , 222,  10,           ,  ,  0,    ,    0,    0,    0,    0, THERMO PARAMS, 24, -54, 120, N, 10, DT, -999, SHR82, -99, 
EP, 10, 2026082112, 03, HFSA,  18,  85N, 1155W,  28, 1004, XX,  34, NEQ,    0,    0,    0,    0, 1008,    7,  45,   0,   0,    ,   0,    , 286,   1,           ,  ,  0,    ,    0,    0,    0,    0, THERMO PARAMS, -58, 152, 169, N, 10, DT, -999, SHR82, -99, 
EP, 10, 2026082112, 03, HFSA,  24,  97N, 1152W,  32, 1004, XX,  34, NEQ,    0,    0,    0,    0,  -99,  -99, 151,   0,   0,    ,   0,    , 350,   6,           ,  ,  0,    ,    0,    0,    0,    0, THERMO PARAMS, -26, -29, 123, N, 10, DT, -999, SHR82, -99, 
EP, 10, 2026082112, 03, HFSA,  30, 109N, 1146W,  35, 1006, XX,  34, NEQ,    0,    0,    0,    0,  -99,  -99, 141,   0,   0,    ,   0,    , 356,   9,           ,  ,  0,    ,    0,    0,    0,    0, THERMO PARAMS, -65, -331, 134, N, 10, DT, -999, SHR82, -99, 
EP, 10, 2026082112, 03, HFSA,  36, 124N, 1145W,  38, 1004, XX,  34, NEQ,    0,    0,    0,    0,  -99,  -99, 155,   0,   0,    ,   0,    , 328,   8,           ,  ,  0,    ,    0,    0,    0,    0, THERMO PARAMS, -47, -125, 255, N, 10, DT, -999, SHR82, -99, 
EP, 10, 2026082112, 03, HFSA,  42, 138N, 1153W,  43, 1005, XX,  34, NEQ,   58,    0,    0,    0,  -99,  -99, 115,   0,   0,    ,   0,    , 315,  14,           ,  ,  0,    ,    0,    0,    0,    0, THERMO PARAMS, -11, -387, 114, N, 10, DT, -999, SHR82, -99, 
EP, 10, 2026082112, 03, HFSA,  48, 139N, 1165W,  46, 1000, XX,  34, NEQ,  115,    0,    0,    0,  -99,  -99,  97,   0,   0,    ,   0,    , 292,  11,           ,  ,  0,    ,    0,    0,    0,    0, THERMO PARAMS, 30, -89, 435, N, 10, DT, -999, SHR82, -99, 
EP, 10, 2026082112, 03, HFSA,  54, 140N, 1173W,  42, 1001, XX,  34, NEQ,   58,   65,    0,    0,  -99,  -99,  38,   0,   0,    ,   0,    , 319,   8,           ,  ,  0,    ,    0,    0,    0,    0, THERMO PARAMS, 2, 126, 162, N, 10, DT, -999, SHR82, -99, 
EP, 10, 2026082112, 03, HFSA,  60, 149N, 1181W,  44,  997, XX,  34, NEQ,  149,  118,    0,  110,  -99,  -99,  65,   0,   0,    ,   0,    , 319,  10,           ,  ,  0,    ,    0,    0,    0,    0, THERMO PARAMS, -24, 310, 387, N, 10, DT, -999, SHR82, -99, 
EP, 10, 2026082112, 03, HFSA,  66, 151N, 1186W,  49,  996, XX,  34, NEQ,  194,  117,   66,  108,  -99,  -99,  87,   0,   0,    ,   0,    , 322,   8,           ,  ,  0,    ,    0,    0,    0,    0, THERMO PARAMS, -35, 293, 615, N, 10, DT, -999, SHR82, -99, 
EP, 10, 2026082112, 03, HFSA,  72, 162N, 1193W,  65,  991, XX,  34, NEQ,  123,  139,    0,   71,  995,   45,  45,   0,   0,    ,   0,    , 319,  14,           ,  ,  0,    ,    0,    0,    0,    0, THERMO PARAMS, -22, 318, 444, N, 10, DT, -999, SHR82, -99, 
EP, 10, 2026082112, 03, HFSA,  72, 162N, 1193W,  65,  991, XX,  50, NEQ,   71,   65,    0,    0,  995,   45,  45,   0,   0,    ,   0,    , 319,  14,           ,  ,  0,    ,    0,    0,    0,    0, THERMO PARAMS, -22, 318, 444, N, 10, DT, -999, SHR82, -99, 
EP, 10, 2026082112, 03, HFSA,  78, 169N, 1202W,  62,  990, XX,  34, NEQ,  130,  131,   83,  113,  994,   34,  38,   0,   0,    ,   0,    , 312,  12,           ,  ,  0,    ,    0,    0,    0,    0, THERMO PARAMS, -28, 825, 901, N, 10, DT, -999, SHR82, -99, 
EP, 10, 2026082112, 03, HFSA,  78, 169N, 1202W,  62,  990, XX,  50, NEQ,   63,   65,    0,   49,  994,   34,  38,   0,   0,    ,   0,    , 312,  12,           ,  ,  0,    ,    0,    0,    0,    0, THERMO PARAMS, -28, 825, 901, N, 10, DT, -999, SHR82, -99, 
EP, 10, 2026082112, 03, HFSA,  84, 175N, 1212W,  67,  986, XX,  34, NEQ,  136,  117,   73,  107,  990,   26,  47,   0,   0,    ,   0,    , 304,  10,           ,  ,  0,    ,    0,    0,    0,    0, THERMO PARAMS, -54, 1054, 1198, N, 10, DT, -999, SHR82, -99, 
EP, 10, 2026082112, 03, HFSA,  84, 175N, 1212W,  67,  986, XX,  50, NEQ,   74,    0,    0,   57,  990,   26,  47,   0,   0,    ,   0,    , 304,  10,           ,  ,  0,    ,    0,    0,    0,    0, THERMO PARAMS, -54, 1054, 1198, N, 10, DT, -999, SHR82, -99, 
EP, 10, 2026082112, 03, HFSA,  84, 175N, 1212W,  67,  986, XX,  64, NEQ,   49,    0,    0,    0,  990,   26,  47,   0,   0,    ,   0,    , 304,  10,           ,  ,  0,    ,    0,    0,    0,    0, THERMO PARAMS, -54, 1054, 1198, N, 10, DT, -999, SHR82, -99, 
EP, 10, 2026082112, 03, HFSA,  90, 179N, 1220W,  59,  987, XX,  34, NEQ,  160,  138,   83,  113, 1003,   82,  40,   0,   0,    ,   0,    , 296,  10,           ,  ,  0,    ,    0,    0,    0,    0, THERMO PARAMS, -29, 718, 1132, N, 10, DT, -999, SHR82, -99, 
EP, 10, 2026082112, 03, HFSA,  90, 179N, 1220W,  59,  987, XX,  50, NEQ,   65,   49,   39,   62, 1003,   82,  40,   0,   0,    ,   0,    , 296,  10,           ,  ,  0,    ,    0,    0,    0,    0, THERMO PARAMS, -29, 718, 1132, N, 10, DT, -999, SHR82, -99, 
EP, 10, 2026082112, 03, HFSA,  96, 183N, 1227W,  68,  983, XX,  34, NEQ,  121,  128,   99,  121,  995,   51,  34,   0,   0,    ,   0,    , 304,   9,           ,  ,  0,    ,    0,    0,    0,    0, THERMO PARAMS, -40, 1104, 1193, N, 10, DT, -999, SHR82, -99, 
EP, 10, 2026082112, 03, HFSA,  96, 183N, 1227W,  68,  983, XX,  50, NEQ,   66,   44,    0,   58,  995,   51,  34,   0,   0,    ,   0,    , 304,   9,           ,  ,  0,    ,    0,    0,    0,    0, THERMO PARAMS, -40, 1104, 1193, N, 10, DT, -999, SHR82, -99, 
EP, 10, 2026082112, 03, HFSA,  96, 183N, 1227W,  68,  983, XX,  64, NEQ,   39,    0,    0,    0,  995,   51,  34,   0,   0,    ,   0,    , 304,   9,           ,  ,  0,    ,    0,    0,    0,    0, THERMO PARAMS, -40, 1104, 1193, N, 10, DT, -999, SHR82, -99, 
EP, 10, 2026082112, 03, HFSA, 102, 188N, 1237W,  67,  985, XX,  34, NEQ,  141,  151,   86,  110, 1001,   69,  28,   0,   0,    ,   0,    , 294,  11,           ,  ,  0,    ,    0,    0,    0,    0, THERMO PARAMS, -61, 1215, 1409, N, 10, DT, -999, SHR82, -99, 
EP, 10, 2026082112, 03, HFSA, 102, 188N, 1237W,  67,  985, XX,  50, NEQ,   71,    0,    0,   65, 1001,   69,  28,   0,   0,    ,   0,    , 294,  11,           ,  ,  0,    ,    0,    0,    0,    0, THERMO PARAMS, -61, 1215, 1409, N, 10, DT, -999, SHR82, -99, 
EP, 10, 2026082112, 03, HFSA, 102, 188N, 1237W,  67,  985, XX,  64, NEQ,   32,    0,    0,   32, 1001,   69,  28,   0,   0,    ,   0,    , 294,  11,           ,  ,  0,    ,    0,    0,    0,    0, THERMO PARAMS, -61, 1215, 1409, N, 10, DT, -999, SHR82, -99, 
EP, 10, 2026082112, 03, HFSA, 108, 194N, 1244W,  64,  979, XX,  34, NEQ,  134,  141,   91,  139,  999,   74,  35,   0,   0,    ,   0,    , 308,  10,           ,  ,  0,    ,    0,    0,    0,    0, THERMO PARAMS, -58, 1840, 1504, N, 10, DT, -999, SHR82, -99, 
EP, 10, 2026082112, 03, HFSA, 108, 194N, 1244W,  64,  979, XX,  50, NEQ,   78,   49,    0,   63,  999,   74,  35,   0,   0,    ,   0,    , 308,  10,           ,  ,  0,    ,    0,    0,    0,    0, THERMO PARAMS, -58, 1840, 1504, N, 10, DT, -999, SHR82, -99, 
EP, 10, 2026082112, 03, HFSA, 114, 198N, 1253W,  66,  983, XX,  34, NEQ,  141,  128,   91,  136,  995,   45,  35,   0,   0,    ,   0,    , 290,  10,           ,  ,  0,    ,    0,    0,    0,    0, THERMO PARAMS, -29, 1277, 1558, N, 10, DT, -999, SHR82, -99, 
EP, 10, 2026082112, 03, HFSA, 114, 198N, 1253W,  66,  983, XX,  50, NEQ,   84,   44,    0,   70,  995,   45,  35,   0,   0,    ,   0,    , 290,  10,           ,  ,  0,    ,    0,    0,    0,    0, THERMO PARAMS, -29, 1277, 1558, N, 10, DT, -999, SHR82, -99, 
EP, 10, 2026082112, 03, HFSA, 114, 198N, 1253W,  66,  983, XX,  64, NEQ,    0,    0,    0,   37,  995,   45,  35,   0,   0,    ,   0,    , 290,  10,           ,  ,  0,    ,    0,    0,    0,    0, THERMO PARAMS, -29, 1277, 1558, N, 10, DT, -999, SHR82, -99, 
EP, 10, 2026082112, 03, HFSA, 120, 203N, 1263W,  69,  983, XX,  34, NEQ,  128,   96,   99,  125,  991,   37,  41,   0,   0,    ,   0,    , 290,  10,           ,  ,  0,    ,    0,    0,    0,    0, THERMO PARAMS, -30, 1277, 1577, N, 10, DT, -999, SHR82, -99, 
EP, 10, 2026082112, 03, HFSA, 120, 203N, 1263W,  69,  983, XX,  50, NEQ,   68,    0,    0,   58,  991,   37,  41,   0,   0,    ,   0,    , 290,  10,           ,  ,  0,    ,    0,    0,    0,    0, THERMO PARAMS, -30, 1277, 1577, N, 10, DT, -999, SHR82, -99, 
EP, 10, 2026082112, 03, HFSA, 120, 203N, 1263W,  69,  983, XX,  64, NEQ,    0,    0,    0,   45,  991,   37,  41,   0,   0,    ,   0,    , 290,  10,           ,  ,  0,    ,    0,    0,    0,    0, THERMO PARAMS, -30, 1277, 1577, N, 10, DT, -999, SHR82, -99, 
EP, 10, 2026082112, 03, HFSA, 126, 205N, 1273W,  61,  985, XX,  34, NEQ,  133,   89,   84,  125, 1009,  185,  36,   0,   0,    ,   0,    , -99, -99,           ,  ,  0,    ,    0,    0,    0,    0, THERMO PARAMS, -58, 1319, 1504, N, 10, DT, -999, SHR82, -99, 
EP, 10, 2026082112, 03, HFSA, 126, 205N, 1273W,  61,  985, XX,  50, NEQ,   47,    0,    0,   57, 1009,  185,  36,   0,   0,    ,   0,    , -99, -99,           ,  ,  0,    ,    0,    0,    0,    0, THERMO PARAMS, -58, 1319, 1504, N, 10, DT, -999, SHR82, -99, 
EP, 10, 2026082112, 03, TVCN,   0,  90N, 1150W,   0,    0,   ,   0,    ,    0,    0,    0,    0, 
EP, 10, 2026082112, 03, TVCN,  12,  97N, 1161W,   0,    0,   ,   0,    ,    0,    0,    0,    0, 
EP, 10, 2026082112, 03, TVCN,  24, 109N, 1165W,   0,    0,   ,   0,    ,    0,    0,    0,    0, 
EP, 10, 2026082112, 03, TVCN,  36, 122N, 1172W,   0,    0,   ,   0,    ,    0,    0,    0,    0, 
EP, 10, 2026082112, 03, TVCN,  48, 136N, 1185W,   0,    0,   ,   0,    ,    0,    0,    0,    0, 
EP, 10, 2026082112, 03, TVCN,  60, 147N, 1199W,   0,    0,   ,   0,    ,    0,    0,    0,    0, 
EP, 10, 2026082112, 03, TVCN,  72, 159N, 1209W,   0,    0,   ,   0,    ,    0,    0,    0,    0, 
EP, 10, 2026082112, 03, TVCN,  84, 175N, 1217W,   0,    0,   ,   0,    ,    0,    0,    0,    0, 
EP, 10, 2026082112, 03, TVCN,  96, 191N, 1227W,   0,    0,   ,   0,    ,    0,    0,    0,    0, 
EP, 10, 2026082112, 03, TVCN, 108, 207N, 1240W,   0,    0,   ,   0,    ,    0,    0,    0,    0, 
EP, 10, 2026082112, 03, TVCN, 120, 220N, 1254W,   0,    0,   ,   0,    ,    0,    0,    0,    0, 
EP, 10, 2026082112, 03, TVCN, 132, 217N, 1271W,   0,    0,   ,   0,    ,    0,    0,    0,    0, 
EP, 10, 2026082118, 03, AVNO,   0,  90N, 1155W,  17, 1010, XX,  34, NEQ,    0,    0,    0,    0,  -99,  -99, 127,   0,   0, 
EP, 10, 2026082118, 03, AVNO,   6,  91N, 1161W,  18, 1008, XX,  34, NEQ,    0,    0,    0,    0,  -99,  -99,  35,   0,   0, 
EP, 10, 2026082118, 03, AVNO,  12,  97N, 1158W,  19, 1011, XX,  34, NEQ,    0,    0,    0,    0,  -99,  -99, 139,   0,   0, 
EP, 10, 2026082118, 03, AVNO,  18,  95N, 1150W,  20, 1006, XX,  34, NEQ,    0,    0,    0,    0,  -99,  -99,  60,   0,   0, 
EP, 10, 2026082118, 03, AVNO,  24, 103N, 1147W,  29, 1010, XX,  34, NEQ,    0,    0,    0,    0,  -99,  -99,  45,   0,   0, 
EP, 10, 2026082118, 03, AVNO,  30, 121N, 1144W,  38, 1005, XX,  34, NEQ,   99,    0,    0,    0,  -99,  -99,  99,   0,   0, 
EP, 10, 2026082118, 03, AVNO,  36, 134N, 1147W,  28, 1004, XX,  34, NEQ,    0,    0,    0,    0, 1012,  311,  88,   0,   0, 
EP, 10, 2026082118, 03, AVNO,  42, 134N, 1152W,  39,  997, XX,  34, NEQ,   35,   33,    0,    0, 1005,   87,  29,   0,   0, 
EP, 10, 2026082118, 03, AVNO,  48, 138N, 1160W,  40,  997, XX,  34, NEQ,   44,  126,    0,    0, 1001,   23,  42,   0,   0, 
EP, 10, 2026082118, 03, AVNO,  54, 145N, 1164W,  48,  994, XX,  34, NEQ,  176,   99,   87,    0, 1002,   57,  56,   0,   0, 
EP, 10, 2026082118, 03, AVNO,  60, 151N, 1168W,  43,  993, XX,  34, NEQ,  124,  132,   53,   57, 1009,  180,  40,   0,   0, 
EP, 10, 2026082118, 03, AVNO,  66, 163N, 1171W,  68,  984, XX,  34, NEQ,  147,  107,   83,  104,  996,   47,  34,   0,   0, 
EP, 10, 2026082118, 03, AVNO,  66, 163N, 1171W,  68,  984, XX,  50, NEQ,   50,   59,    0,    0,  996,   47,  34,   0,   0, 
EP, 10, 2026082118, 03, AVNO,  66, 163N, 1171W,  68,  984, XX,  64, NEQ,   36,   39,    0,    0,  996,   47,  34,   0,   0, 
EP, 10, 2026082118, 03, AVNO,  72, 174N, 1186W,  55,  986, XX,  34, NEQ,  164,  118,  117,  127, 1002,   76,  63,   0,   0, 
EP, 10, 2026082118, 03, AVNO,  72, 174N, 1186W,  55,  986, XX,  50, NEQ,   67,    0,    0,    0, 1002,   76,  63,   0,   0, 
EP, 10, 2026082118, 03, AVNO,  78, 181N, 1196W,  56,  984, XX,  34, NEQ,  138,  115,   65,  104, 1008,  284,  39,   0,   0, 
EP, 10, 2026082118, 03, AVNO,  78, 181N, 1196W,  56,  984, XX,  50, NEQ,   66,    0,    0,    0, 1008,  284,  39,   0,   0, 
EP, 10, 2026082118, 03, AVNO,  84, 183N, 1206W,  55,  981, XX,  34, NEQ,  139,   99,   77,  113, 1009,  192,  29,   0,   0, 
EP, 10, 2026082118, 03, AVNO,  84, 183N, 1206W,  55,  981, XX,  50, NEQ,   38,    0,    0,   30, 1009,  192,  29,   0,   0, 
EP, 10, 2026082118, 03, AVNO,  90, 187N, 1214W,  49,  978, XX,  34, NEQ,  144,  135,   89,  131, 1002,  107,  36,   0,   0, 
EP, 10, 2026082118, 03, AVNO,  96, 190N, 1222W,  54,  979, XX,  34, NEQ,  146,  128,  101,  124, 1011,  329,  29,   0,   0, 
EP, 10, 2026082118, 03, AVNO,  96, 190N, 1222W,  54,  979, XX,  50, NEQ,   53,    0,    0,   38, 1011,  329,  29,   0,   0, 
EP, 10, 2026082118, 03, AVNO, 102, 194N, 1228W,  56,  974, XX,  34, NEQ,  145,  108,  109,  138, 1006,  191,  39,   0,   0, 
EP, 10, 2026082118, 03, AVNO, 102, 194N, 1228W,  56,  974, XX,  50, NEQ,   63,   63,   52,   44, 1006,  191,  39,   0,   0, 
EP, 10, 2026082118, 03, AVNO, 108, 197N, 1236W,  61,  974, XX,  34, NEQ,  171,  117,  105,  137, 1010,  250,  34,   0,   0, 
EP, 10, 2026082118, 03, AVNO, 108, 197N, 1236W,  61,  974, XX,  50, NEQ,   62,   33,   42,   66, 1010,  250,  34,   0,   0, 
EP, 10, 2026082118, 03, AVNO, 114, 201N, 1242W,  60,  972, XX,  34, NEQ,  136,  100,  104,  137, 1008,  281,  48,   0,   0, 
EP, 10, 2026082118, 03, AVNO, 114, 201N, 1242W,  60,  972, XX,  50, NEQ,   61,   56,   53,   56, 1008,  281,  48,   0,   0, 
EP, 10, 2026082118, 03, AVNO, 120, 205N, 1251W,  63,  975, XX,  34, NEQ,  142,  106,  106,  138, 1011,  351,  36,   0,   0, 
EP, 10, 2026082118, 03, AVNO, 120, 205N, 1251W,  63,  975, XX,  50, NEQ,   62,   55,   53,   63, 1011,  351,  36,   0,   0, 
EP, 10, 2026082118, 03, AVNO, 126, 209N, 1259W,  61,  975, XX,  34, NEQ,  130,   93,  105,  135, 1007,  232,  37,   0,   0, 
EP, 10, 2026082118, 03, AVNO, 126, 209N, 1259W,  61,  975, XX,  50, NEQ,   60,   56,   48,   59, 1007,  232,  37,   0,   0, 
EP, 10, 2026082118, 03, AVNO, 132, 211N, 1269W,  61,  979, XX,  34, NEQ,  129,   95,   91,  132, 1007,  164,  43,   0,   0, 
EP, 10, 2026082118, 03, AVNO, 132, 211N, 1269W,  61,  979, XX,  50, NEQ,   63,   53,   46,   60, 1007,  164,  43,   0,   0, 
EP, 10, 2026082118, 03, AVNO, 138, 213N, 1277W,  55,  979, XX,  34, NEQ,  118,   86,  105,  118, 1007,  260,  40,   0,   0, 
EP, 10, 2026082118, 03, AVNO, 138, 213N, 1277W,  55,  979, XX,  50, NEQ,   61,   56,   46,   52, 1007,  260,  40,   0,   0, 
EP, 10, 2026082118, 03, AVNO, 144, 215N, 1287W,  54,  983, XX,  34, NEQ,  118,   80,   89,  124, 1007,  171,  48,   0,   0, 
EP, 10, 2026082118, 03, AVNO, 144, 215N, 1287W,  54,  983, XX,  50, NEQ,   52,    0,    0,   60, 1007,  171,  48,   0,   0, 
EP, 10, 2026082118, 03, AVNO, 150, 218N, 1296W,  54,  983, XX,  34, NEQ,  107,   88,   83,  110, 1007,  253,  41,   0,   0, 
EP, 10, 2026082118, 03, AVNO, 150, 218N, 1296W,  54,  983, XX,  50, NEQ,   54,    0,    0,   46, 1007,  253,  41,   0,   0, 
EP, 10, 2026082118, 03, AVNO, 156, 219N, 1305W,  49,  987, XX,  34, NEQ,  120,   75,   79,  115, 1007,  156,  39,   0,   0, 
EP, 10, 2026082118, 03, AVNO, 162, 221N, 1316W,  49,  987, XX,  34, NEQ,  121,   77,   68,  115, 1007,  263,  52,   0,   0, 
EP, 10, 2026082118, 03, AVNO, 168, 221N, 1326W,  45,  990, XX,  34, NEQ,  116,   68,   77,  116, 1010,  395,  44,   0,   0, 
EP, 10, 2026082118, 03, AVNO, 174, 223N, 1335W,  46,  989, XX,  34, NEQ,  104,   71,   58,  104, 1005,  154,  41,   0,   0, 
EP, 10, 2026082118, 03, AVNO, 180, 223N, 1345W,  44,  993, XX,  34, NEQ,  115,   60,   61,  109, 1009,  165,  61,   0,   0, 
EP, 10, 2026082118, 03, AVNO, 186, 226N, 1355W,  46,  992, XX,  34, NEQ,  131,   61,   54,  119, 1008,  286,  44,   0,   0, 
EP, 10, 2026082118, 03, AVNO, 192, 227N, 1366W,  45,  996, XX,  34, NEQ,  126,    0,    0,  133, 1008,  128,  54,   0,   0, 
EP, 10, 2026082118, 03, AVNO, 198, 230N, 1375W,  45,  995, XX,  34, NEQ,  126,   50,    0,  134, 1007,  146,  52,   0,   0, 
EP, 10, 2026082118, 03, AVNO, 204, 233N, 1385W,  50,  997, XX,  34, NEQ,  132,   72,   55,  135, 1009,  114,  41,   0,   0, 
EP, 10, 2026082118, 03, AVNO, 204, 233N, 1385W,  50,  997, XX,  50, NEQ,    0,    0,    0,   47, 1009,  114,  41,   0,   0, 
EP, 10, 2026082118, 03, AVNO, 210, 236N, 1397W,  49,  997, XX,  34, NEQ,  139,   57,   58,  121, 1009,  149,  55,   0,   0, 
EP, 10, 2026082118, 03, AVNO, 216, 238N, 1408W,  44,  999, XX,  34, NEQ,  150,    0,   55,  137, 1011,  172,  59,   0,   0, 
EP, 10, 2026082118, 03, AVNO, 222, 240N, 1418W,  42, 1000, XX,  34, NEQ,  153,    0,   51,  144, 1008,   92,  64,   0,   0, 
EP, 10, 2026082118, 03, AVNO, 228, 240N, 1429W,  41, 1003, XX,  34, NEQ,  148,    0,   77,  163, 1011,  110,  59,   0,   0, 
EP, 10, 2026082118, 03, AVNO, 234, 239N, 1439W,  37, 1003, XX,  34, NEQ,  185,    0,    0,  155, 1011,  176,  60,   0,   0, 
EP, 10, 2026082118, 03, AVNO, 240, 240N, 1446W,  38, 1005, XX,  34, NEQ,  242,    0,    0,  197, 1009,   54, 124,   0,   0, 
EP, 10, 2026082118, 03, HCCA,   0,  92N, 1145W,  20,    0,   ,   0,    ,    0,    0,    0,    0, 
EP, 10, 2026082118, 03, HCCA,  12, 101N, 1152W,  21,    0,   ,   0,    ,    0,    0,    0,    0, 
EP, 10, 2026082118, 03, HCCA,  24, 116N, 1158W,  29,    0,   ,   0,    ,    0,    0,    0,    0, 
EP, 10, 2026082118, 03, HCCA,  36, 133N, 1167W,  34,    0,   ,   0,    ,    0,    0,    0,    0, 
EP, 10, 2026082118, 03, HCCA,  48, 146N, 1180W,  34,    0,   ,   0,    ,    0,    0,    0,    0, 
EP, 10, 2026082118, 03, HCCA,  60, 158N, 1190W,  37,    0,   ,   0,    ,    0,    0,    0,    0, 
EP, 10, 2026082118, 03, HCCA,  72, 172N, 1198W,  44,    0,   ,   0,    ,    0,    0,    0,    0, 
EP, 10, 2026082118, 03, HCCA,  84, 190N, 1208W,  50,    0,   ,   0,    ,    0,    0,    0,    0, 
EP, 10, 2026082118, 03, HCCA,  96, 205N, 1220W,  52,    0,   ,   0,    ,    0,    0,    0,    0, 
EP, 10, 2026082118, 03, HCCA, 108, 218N, 1232W,  47,    0,   ,   0,    ,    0,    0,    0,    0, 
EP, 10, 2026082118, 03, HCCA, 120, 226N, 1246W,  39,    0,   ,   0,    ,    0,    0,    0,    0, 
EP, 10, 2026082118, 03, HCCA, 132, 234N, 1260W,  36,    0,   ,   0,    ,    0,    0,    0,    0, 
EP, 10, 2026082118, 03, HCCA, 144, 239N, 1274W,  41,    0,   ,   0,    ,    0,    0,    0,    0, 
EP, 10, 2026082118, 03, HCCA, 156, 244N, 1291W,  44,    0,   ,   0,    ,    0,    0,    0,    0, 
EP, 10, 2026082118, 03, HCCA, 168, 246N, 1311W,  45,    0,   ,   0,    ,    0,    0,    0,    0, 
EP, 10, 2026082118, 03, HFSA,   0,  91N, 1145W,  21, 1010, XX,  34, NEQ,    0,    0,    0,    0,  -99,  -99, 105,   0,   0,    ,   0,    , 286,   5,           ,  ,  0,    ,    0,    0,    0,    0, THERMO PARAMS, 0, 30, -26, N, 10, DT, -999, SHR82, -99, 
EP, 10, 2026082118, 03, HFSA,   6,  88N, 1155W,  26, 1007, XX,  34, NEQ,    0,    0,    0,    0,  -99,  -99, 129,   0,   0,    ,   0,    , 256,   8,           ,  ,  0,    ,    0,    0,    0,    0, THERMO PARAMS, 21, -149, 128, N, 10, DT, -999, SHR82, -99, 
EP, 10, 2026082118, 03, HFSA,  12,  86N, 1167W,  33, 1001, XX,  34, NEQ,    0,    0,    0,    0, 1005,    4,  11,   0,   0,    ,   0,    , 284,   7,           ,  ,  0,    ,    0,    0,    0,    0, THERMO PARAMS, 18, 4, 164, N, 10, DT, -999, SHR82, -99, 
EP, 10, 2026082118, 03, HFSA,  18,  89N, 1170W,  31, 1002, XX,  34, NEQ,    0,    0,    0,    0, 1006,    3,  58,   0,   0,    ,   0,    , 274,   9,           ,  ,  0,    ,    0,    0,    0,    0, THERMO PARAMS, 50, -211, 281, N, 10, DT, -999, SHR82, -99, 
EP, 10, 2026082118, 03, HFSA,  24,  89N, 1188W,  32, 1010, XX,  34, NEQ,    0,    0,    0,    0,  -99,  -99,  46,   0,   0,    ,   0,    , 297,  10,           ,  ,  0,    ,    0,    0,    0,    0, THERMO PARAMS, 87, -54, 72, N, 10, DT, -999, SHR82, -99, 
EP, 10, 2026082118, 03, HFSA,  30, 106N, 1173W,  32, 1004, XX,  34, NEQ,    0,    0,    0,    0,  -99,  -99, 102,   0,   0,    ,   0,    ,  27,  15,           ,  ,  0,    ,    0,    0,    0,    0, THERMO PARAMS, -9999, -9999, -9999, N, 10, DT, -999, SHR82, -99, 
EP, 10, 2026082118, 03, HFSA,  36, 126N, 1180W,  35, 1003, XX,  34, NEQ,    0,    0,    0,    0, 1007,    4,  53,   0,   0,    ,   0,    , 306,  16,           ,  ,  0,    ,    0,    0,    0,    0, THERMO PARAMS, -9999, -9999, -9999, N, 10, DT, -999, SHR82, -99, 
EP, 10, 2026082118, 03, HFSA,  42, 122N, 1184W,  25, 1001, XX,  34, NEQ,    0,    0,    0,    0,  -99,  -99, 161,   0,   0,    ,   0,    , 171,   8,           ,  ,  0,    ,    0,    0,    0,    0, THERMO PARAMS, -9999, -9999, -9999, N, 10, DT, -999, SHR82, -99, 
EP, 10, 2026082118, 03, HFSA,  48, 110N, 1196W,  30, 1004, XX,  34, NEQ,    0,    0,    0,    0,  -99,  -99, 151,   0,   0,    ,   0,    , 211,  11,           ,  ,  0,    ,    0,    0,    0,    0, THERMO PARAMS, -9999, -9999, -9999, N, 10, DT, -999, SHR82, -99, 
EP, 10, 2026082118, 03, HFSA,  54, 113N, 1185W,  34, 1006, XX,  34, NEQ,    0,    0,    0,    0,  -99,  -99,  82,   0,   0,    ,   0,    ,  49,  14,           ,  ,  0,    ,    0,    0,    0,    0, THERMO PARAMS, -9999, -9999, -9999, N, 10, DT, -999, SHR82, -99, 
EP, 10, 2026082118, 03, HFSA,  60, 108N, 1196W,  26, 1009, XX,  34, NEQ,    0,    0,    0,    0,  -99,  -99, 157,   0,   0,    ,   0,    , 236,   4,           ,  ,  0,    ,    0,    0,    0,    0, THERMO PARAMS, -9999, -9999, -9999, N, 10, DT, -999, SHR82, -99, 
EP, 10, 2026082118, 03, HFSA,  66, 104N, 1212W,  27, 1007, XX,  34, NEQ,    0,    0,    0,    0,  -99,  -99, 102,   0,   0,    ,   0,    , 238,   3,           ,  ,  0,    ,    0,    0,    0,    0, THERMO PARAMS, -9999, -9999, -9999, N, 10, DT, -999, SHR82, -99, 
EP, 10, 2026082118, 03, HFSA,  72, 108N, 1216W,  28, 1009, XX,  34, NEQ,    0,    0,    0,    0,  -99,  -99,  73,   0,   0,    ,   0,    ,  41,   5,           ,  ,  0,    ,    0,    0,    0,    0, THERMO PARAMS, -9999, -9999, -9999, N, 10, DT, -999, SHR82, -99, 
EP, 10, 2026082118, 03, HFSA,  78, 115N, 1207W,  29, 1004, XX,  34, NEQ,    0,    0,    0,    0,  -99,  -99,  82,   0,   0,    ,   0,    ,  52,  15,           ,  ,  0,    ,    0,    0,    0,    0, THERMO PARAMS, -9999, -9999, -9999, N, 10, DT, -999, SHR82, -99, 
EP, 10, 2026082118, 03, TVCN,   0,  92N, 1145W,   0,    0,   ,   0,    ,    0,    0,    0,    0, 
EP, 10, 2026082118, 03, TVCN,  12,  98N, 1151W,   0,    0,   ,   0,    ,    0,    0,    0,    0, 
EP, 10, 2026082118, 03, TVCN,  24, 111N, 1151W,   0,    0,   ,   0,    ,    0,    0,    0,    0, 
EP, 10, 2026082118, 03, TVCN,  36, 126N, 1156W,   0,    0,   ,   0,    ,    0,    0,    0,    0, 
EP, 10, 2026082118, 03, TVCN,  48, 141N, 1166W,   0,    0,   ,   0,    ,    0,    0,    0,    0, 
EP, 10, 2026082118, 03, TVCN,  60, 156N, 1177W,   0,    0,   ,   0,    ,    0,    0,    0,    0, 
EP, 10, 2026082118, 03, TVCN,  72, 174N, 1190W,   0,    0,   ,   0,    ,    0,    0,    0,    0, 
EP, 10, 2026082118, 03, TVCN,  84, 189N, 1207W,   0,    0,   ,   0,    ,    0,    0,    0,    0, 
EP, 10, 2026082118, 03, TVCN,  96, 201N, 1224W,   0,    0,   ,   0,    ,    0,    0,    0,    0, 
EP, 10, 2026082118, 03, TVCN, 108, 212N, 1242W,   0,    0,   ,   0,    ,    0,    0,    0,    0, 
EP, 10, 2026082118, 03, TVCN, 120, 219N, 1259W,   0,    0,   ,   0,    ,    0,    0,    0,    0, 
EP, 10, 2026082118, 03, TVCN, 132, 226N, 1276W,   0,    0,   ,   0,    ,    0,    0,    0,    0, 
EP, 10, 2026082200, 03,  UKX,   0,  89N, 1165W,  18, 1009, XX,  34, NEQ,    0,    0,    0,    0, 
EP, 10, 2026082200, 03,  UKX,   6,  95N, 1169W,  17, 1010, XX,  34, NEQ,    0,    0,    0,    0, 
EP, 10, 2026082200, 03,  UKX,  12, 100N, 1175W,  18, 1009, XX,  34, NEQ,    0,    0,    0,    0, 
EP, 10, 2026082200, 03,  UKX,  18, 104N, 1181W,  21, 1009, XX,  34, NEQ,    0,    0,    0,    0, 
EP, 10, 2026082200, 03,  UKX,  24, 109N, 1187W,  21, 1008, XX,  34, NEQ,    0,    0,    0,    0, 
EP, 10, 2026082200, 03,  UKX,  30, 116N, 1190W,  24, 1008, XX,  34, NEQ,    0,    0,    0,    0, 
EP, 10, 2026082200, 03,  UKX,  36, 122N, 1192W,  23, 1007, XX,  34, NEQ,    0,    0,    0,    0, 
EP, 10, 2026082200, 03,  UKX,  42, 119N, 1201W,  22, 1006, XX,  34, NEQ,    0,    0,    0,    0, 
EP, 10, 2026082200, 03,  UKX,  48, 148N, 1191W,  27, 1005, XX,  34, NEQ,    0,    0,    0,    0, 
EP, 10, 2026082200, 03,  UKX,  54, 178N, 1196W,  36, 1005, XX,  34, NEQ,  126,    0,    0,    0, 
EP, 10, 2026082200, 03,  UKX,  60, 185N, 1204W,  37, 1002, XX,  34, NEQ,  118,  111,    0,    0, 
EP, 10, 2026082200, 03,  UKX,  66, 194N, 1215W,  39, 1004, XX,  34, NEQ,  131,  130,    0,    0, 
EP, 10, 2026082200, 03,  UKX,  72, 200N, 1226W,  37, 1002, XX,  34, NEQ,  129,    0,    0,    0, 
EP, 10, 2026082200, 03,  UKX,  78, 207N, 1235W,  36, 1004, XX,  34, NEQ,  126,    0,    0,    0, 
EP, 10, 2026082200, 03,  UKX,  84, 216N, 1247W,  36, 1003, XX,  34, NEQ,  126,    0,    0,    0, 
EP, 10, 2026082200, 03,  UKX,  90, 222N, 1260W,  32, 1006, XX,  34, NEQ,    0,    0,    0,    0, 
EP, 10, 2026082200, 03,  UKX,  96, 226N, 1268W,  28, 1005, XX,  34, NEQ,    0,    0,    0,    0, 
EP, 10, 2026082200, 03,  UKX, 102, 232N, 1275W,  25, 1007, XX,  34, NEQ,    0,    0,    0,    0, 
EP, 10, 2026082200, 03,  UKX, 108, 240N, 1284W,  24, 1007, XX,  34, NEQ,    0,    0,    0,    0, 
EP, 10, 2026082200, 03,  UKX, 114, 247N, 1291W,  23, 1009, XX,  34, NEQ,    0,    0,    0,    0, 
EP, 10, 2026082200, 03,  UKX, 120, 254N, 1295W,  25, 1008, XX,  34, NEQ,    0,    0,    0,    0, 
EP, 10, 2026082200, 03,  UKX, 126, 258N, 1299W,  23, 1010, XX,  34, NEQ,    0,    0,    0,    0, 
EP, 10, 2026082200, 03,  UKX, 132, 265N, 1303W,  22, 1010, XX,  34, NEQ,    0,    0,    0,    0, 
EP, 10, 2026082200, 03,  UKX, 138, 272N, 1305W,  22, 1012, XX,  34, NEQ,    0,    0,    0,    0, 
EP, 10, 2026082200, 03,  UKX, 144, 273N, 1309W,  21, 1011, XX,  34, NEQ,    0,    0,    0,    0, 
EP, 10, 2026082200, 03, AVNO,   0,  90N, 1162W,  17, 1007, XX,  34, NEQ,    0,    0,    0,    0,  -99,  -99, 133,   0,   0, 
EP, 10, 2026082200, 03, AVNO,   6,  94N, 1162W,  19, 1011, XX,  34, NEQ,    0,    0,    0,    0,  -99,  -99, 143,   0,   0, 
EP, 10, 2026082200, 03, AVNO,  12,  92N, 1153W,  22, 1006, XX,  34, NEQ,    0,    0,    0,    0, 1010,  796,  58,   0,   0, 
EP, 10, 2026082200, 03, AVNO,  18,  97N, 1156W,  29, 1010, XX,  34, NEQ,    0,    0,    0,    0,  -99,  -99,  59,   0,   0, 
EP, 10, 2026082200, 03, AVNO,  24, 110N, 1158W,  27, 1007, XX,  34, NEQ,    0,    0,    0,    0,  -99,  -99,  48,   0,   0, 
EP, 10, 2026082200, 03, AVNO,  30, 127N, 1152W,  36, 1007, XX,  34, NEQ,  125,    0,    0,    0,  -99,  -99, 125,   0,   0, 
EP, 10, 2026082200, 03, AVNO,  36, 141N, 1157W,  34, 1000, XX,  34, NEQ,    0,    0,    0,    0, 1004,   49,  45,   0,   0, 
EP, 10, 2026082200, 03, AVNO,  42, 138N, 1166W,  43,  995, XX,  34, NEQ,   45,  131,   55,    0, 1007,   83,  22,   0,   0, 
EP, 10, 2026082200, 03, AVNO,  48, 144N, 1168W,  45,  993, XX,  34, NEQ,   79,  108,   90,   38, 1005,  111,  42,   0,   0, 
EP, 10, 2026082200, 03, AVNO,  54, 146N, 1171W,  49,  994, XX,  34, NEQ,   77,   80,   77,   55, 1006,  100,  27,   0,   0, 
EP, 10, 2026082200, 03, AVNO,  60, 156N, 1171W,  62,  985, XX,  34, NEQ,  113,   95,   86,  283, 1001,   66,  29,   0,   0, 
EP, 10, 2026082200, 03, AVNO,  60, 156N, 1171W,  62,  985, XX,  50, NEQ,   41,   46,    0,    0, 1001,   66,  29,   0,   0, 
EP, 10, 2026082200, 03, AVNO,  66, 169N, 1173W,  57,  987, XX,  34, NEQ,  170,  115,   87,  233, 1003,   73,  40,   0,   0, 
EP, 10, 2026082200, 03, AVNO,  66, 169N, 1173W,  57,  987, XX,  50, NEQ,   51,   63,    0,    0, 1003,   73,  40,   0,   0, 
EP, 10, 2026082200, 03, AVNO,  72, 181N, 1179W,  64,  985, XX,  34, NEQ,  126,   91,   83,  112, 1001,   72,  26,   0,   0, 
EP, 10, 2026082200, 03, AVNO,  72, 181N, 1179W,  64,  985, XX,  50, NEQ,   45,   50,    0,    0, 1001,   72,  26,   0,   0, 
EP, 10, 2026082200, 03, AVNO,  78, 191N, 1189W,  56,  986, XX,  34, NEQ,  107,   90,  184,   99, 1002,   59,  33,   0,   0, 
EP, 10, 2026082200, 03, AVNO,  78, 191N, 1189W,  56,  986, XX,  50, NEQ,   57,   30,    0,   39, 1002,   59,  33,   0,   0, 
EP, 10, 2026082200, 03, AVNO,  84, 197N, 1202W,  59,  983, XX,  34, NEQ,  120,  182,   50,   93,  999,   56,  32,   0,   0, 
EP, 10, 2026082200, 03, AVNO,  84, 197N, 1202W,  59,  983, XX,  50, NEQ,   50,    0,    0,   48,  999,   56,  32,   0,   0, 
EP, 10, 2026082200, 03, AVNO,  90, 197N, 1214W,  60,  984, XX,  34, NEQ,  141,  185,   55,   94, 1004,   94,  26,   0,   0, 
EP, 10, 2026082200, 03, AVNO,  90, 197N, 1214W,  60,  984, XX,  50, NEQ,   35,    0,    0,   43, 1004,   94,  26,   0,   0, 
EP, 10, 2026082200, 03, AVNO,  96, 197N, 1220W,  56,  982, XX,  34, NEQ,  162,   58,   58,  106, 1006,  180,  24,   0,   0, 
EP, 10, 2026082200, 03, AVNO,  96, 197N, 1220W,  56,  982, XX,  50, NEQ,   34,   30,    0,   34, 1006,  180,  24,   0,   0, 
EP, 10, 2026082200, 03, AVNO, 102, 199N, 1227W,  61,  982, XX,  34, NEQ,   97,   66,   52,  127, 1010,  229,  31,   0,   0, 
EP, 10, 2026082200, 03, AVNO, 102, 199N, 1227W,  61,  982, XX,  50, NEQ,   40,   29,    0,   30, 1010,  229,  31,   0,   0, 
EP, 10, 2026082200, 03, AVNO, 108, 202N, 1234W,  62,  977, XX,  34, NEQ,   98,   52,   58,   97, 1009,  453,  36,   0,   0, 
EP, 10, 2026082200, 03, AVNO, 108, 202N, 1234W,  62,  977, XX,  50, NEQ,   43,   27,   23,   40, 1009,  453,  36,   0,   0, 
EP, 10, 2026082200, 03, AVNO, 114, 204N, 1242W,  60,  979, XX,  34, NEQ,  128,   57,   64,  100, 1011,  350,  26,   0,   0, 
EP, 10, 2026082200, 03, AVNO, 114, 204N, 1242W,  60,  979, XX,  50, NEQ,   40,   38,   30,   43, 1011,  350,  26,   0,   0, 
EP, 10, 2026082200, 03, AVNO, 120, 207N, 1250W,  60,  976, XX,  34, NEQ,  127,   59,   61,  107, 1008,  341,  21,   0,   0, 
EP, 10, 2026082200, 03, AVNO, 120, 207N, 1250W,  60,  976, XX,  50, NEQ,   45,   32,   32,   38, 1008,  341,  21,   0,   0, 
EP, 10, 2026082200, 03, AVNO, 126, 209N, 1259W,  58,  981, XX,  34, NEQ,  118,   56,   72,  117, 1009,  184,  22,   0,   0, 
EP, 10, 2026082200, 03, AVNO, 126, 209N, 1259W,  58,  981, XX,  50, NEQ,   45,    0,   36,   38, 1009,  184,  22,   0,   0, 
EP, 10, 2026082200, 03, AVNO, 132, 211N, 1269W,  54,  981, XX,  34, NEQ,  101,   55,   65,  104, 1009,  577,  39,   0,   0, 
EP, 10, 2026082200, 03, AVNO, 132, 211N, 1269W,  54,  981, XX,  50, NEQ,   45,    0,    0,   40, 1009,  577,  39,   0,   0, 
EP, 10, 2026082200, 03, AVNO, 138, 212N, 1279W,  53,  984, XX,  34, NEQ,  109,   58,   65,  110, 1008,  169,  34,   0,   0, 
EP, 10, 2026082200, 03, AVNO, 138, 212N, 1279W,  53,  984, XX,  50, NEQ,   36,    0,    0,   40, 1008,  169,  34,   0,   0, 
EP, 10, 2026082200, 03, AVNO, 144, 213N, 1289W,  51,  983, XX,  34, NEQ,   88,   55,   68,   92, 1007,  319,  36,   0,   0, 
EP, 10, 2026082200, 03, AVNO, 144, 213N, 1289W,  51,  983, XX,  50, NEQ,   37,    0,    0,    0, 1007,  319,  36,   0,   0, 
EP, 10, 2026082200, 03, AVNO, 150, 214N, 1300W,  49,  987, XX,  34, NEQ,   98,   58,   60,   88, 1007,  142,  33,   0,   0, 
EP, 10, 2026082200, 03, AVNO, 156, 216N, 1311W,  48,  987, XX,  34, NEQ,   82,   58,   55,   93, 1007,  209,  41,   0,   0, 
EP, 10, 2026082200, 03, AVNO, 162, 217N, 1323W,  48,  990, XX,  34, NEQ,   88,   64,   57,   82, 1006,  105,  42,   0,   0, 
EP, 10, 2026082200, 03, AVNO, 168, 219N, 1336W,  50,  989, XX,  34, NEQ,   88,   59,   57,   86, 1005,  126,  25,   0,   0, 
EP, 10, 2026082200, 03, AVNO, 174, 219N, 1349W,  48,  993, XX,  34, NEQ,   98,   49,   55,   97, 1009,  150,  38,   0,   0, 
EP, 10, 2026082200, 03, AVNO, 180, 219N, 1362W,  48,  992, XX,  34, NEQ,   83,   55,   57,   84, 1004,   80,  35,   0,   0, 
EP, 10, 2026082200, 03, AVNO, 186, 218N, 1375W,  46,  996, XX,  34, NEQ,   88,   54,   55,   91, 1008,  102,  42,   0,   0, 
EP, 10, 2026082200, 03, AVNO, 192, 219N, 1387W,  45,  995, XX,  34, NEQ,   74,   60,   44,   85, 1007,  120,  35,   0,   0, 
EP, 10, 2026082200, 03, AVNO, 198, 219N, 1398W,  46,  998, XX,  34, NEQ,  101,   60,    0,   97, 1010,  140,  36,   0,   0, 
EP, 10, 2026082200, 03, AVNO, 204, 222N, 1410W,  44,  998, XX,  34, NEQ,   96,    0,    0,   95, 1006,   73,  34,   0,   0, 
EP, 10, 2026082200, 03, AVNO, 210, 224N, 1421W,  41, 1001, XX,  34, NEQ,  111,    0,    0,  103, 1009,   83,  83,   0,   0, 
EP, 10, 2026082200, 03, AVNO, 216, 227N, 1433W,  43, 1000, XX,  34, NEQ,  121,    0,    0,  107, 1008,   91,  35,   0,   0, 
EP, 10, 2026082200, 03, AVNO, 222, 227N, 1446W,  40, 1003, XX,  34, NEQ,  123,    0,    0,  107, 1011,  137,  57,   0,   0, 
EP, 10, 2026082200, 03, AVNO, 228, 227N, 1458W,  39, 1003, XX,  34, NEQ,  111,    0,    0,  118, 1007,   49,  62,   0,   0, 
EP, 10, 2026082200, 03, AVNO, 234, 228N, 1473W,  37, 1006, XX,  34, NEQ,  111,    0,    0,   91, 1010,   59,  63,   0,   0, 
EP, 10, 2026082200, 03, AVNO, 240, 227N, 1487W,  36, 1005, XX,  34, NEQ,    0,    0,    0,   95, 1009,   72,  81,   0,   0, 
EP, 10, 2026082200, 03, HCCA,   0,  93N, 1156W,  20,    0,   ,   0,    ,    0,    0,    0,    0, 
EP, 10, 2026082200, 03, HCCA,  12, 102N, 1159W,  31,    0,   ,   0,    ,    0,    0,    0,    0, 
EP, 10, 2026082200, 03, HCCA,  24, 119N, 1161W,  35,    0,   ,   0,    ,    0,    0,    0,    0, 
EP, 10, 2026082200, 03, HCCA,  36, 140N, 1173W,  40,    0,   ,   0,    ,    0,    0,    0,    0, 
EP, 10, 2026082200, 03, HCCA,  48, 157N, 1182W,  47,    0,   ,   0,    ,    0,    0,    0,    0, 
EP, 10, 2026082200, 03, HCCA,  60, 172N, 1194W,  54,    0,   ,   0,    ,    0,    0,    0,    0, 
EP, 10, 2026082200, 03, HCCA,  72, 187N, 1205W,  60,    0,   ,   0,    ,    0,    0,    0,    0, 
EP, 10, 2026082200, 03, HCCA,  84, 200N, 1218W,  60,    0,   ,   0,    ,    0,    0,    0,    0, 
EP, 10, 2026082200, 03, HCCA,  96, 212N, 1231W,  60,    0,   ,   0,    ,    0,    0,    0,    0, 
EP, 10, 2026082200, 03, HCCA, 108, 222N, 1245W,  57,    0,   ,   0,    ,    0,    0,    0,    0, 
EP, 10, 2026082200, 03, HCCA, 120, 230N, 1261W,  52,    0,   ,   0,    ,    0,    0,    0,    0, 
EP, 10, 2026082200, 03, HCCA, 132, 237N, 1276W,  51,    0,   ,   0,    ,    0,    0,    0,    0, 
EP, 10, 2026082200, 03, HCCA, 144, 243N, 1292W,  52,    0,   ,   0,    ,    0,    0,    0,    0, 
EP, 10, 2026082200, 03, HCCA, 156, 247N, 1309W,  53,    0,   ,   0,    ,    0,    0,    0,    0, 
EP, 10, 2026082200, 03, HCCA, 168, 252N, 1327W,  54,    0,   ,   0,    ,    0,    0,    0,    0, 
EP, 10, 2026082200, 03, HFSA,   0,  89N, 1157W,  19, 1007, XX,  34, NEQ,    0,    0,    0,    0,  -99,  -99, 115,   0,   0,    ,   0,    , 293,   5,           ,  ,  0,    ,    0,    0,    0,    0, THERMO PARAMS, -9, -36, -33, N, 10, DT, -999, SHR82, -99, 
EP, 10, 2026082200, 03, HFSA,   6,  93N, 1152W,  27, 1006, XX,  34, NEQ,    0,    0,    0,    0, 1010,   15,  44,   0,   0,    ,   0,    , 316,   3,           ,  ,  0,    ,    0,    0,    0,    0, THERMO PARAMS, -38, -272, 145, N, 10, DT, -999, SHR82, -99, 
EP, 10, 2026082200, 03, HFSA,  12,  94N, 1154W,  34, 1002, XX,  34, NEQ,    0,    0,    0,    0, 1006,   12, 104,   0,   0,    ,   0,    , 281,   3,           ,  ,  0,    ,    0,    0,    0,    0, THERMO PARAMS, 39, -173, 402, N, 10, DT, -999, SHR82, -99, 
EP, 10, 2026082200, 03, HFSA,  18,  96N, 1157W,  32, 1010, XX,  34, NEQ,    0,    0,    0,    0,  -99,  -99,  82,   0,   0,    ,   0,    , 339,   5,           ,  ,  0,    ,    0,    0,    0,    0, THERMO PARAMS, -33, -148, 169, N, 10, DT, -999, SHR82, -99, 
EP, 10, 2026082200, 03, HFSA,  24, 111N, 1154W,  35, 1002, XX,  34, NEQ,    0,    0,    0,    0, 1006,   24, 151,   0,   0,    ,   0,    ,  14,  11,           ,  ,  0,    ,    0,    0,    0,    0, THERMO PARAMS, -29, -488, 464, N, 10, DT, -999, SHR82, -99, 
EP, 10, 2026082200, 03, HFSA,  30, 126N, 1152W,  37, 1008, XX,  34, NEQ,    0,    0,    0,    0,  -99,  -99, 101,   0,   0,    ,   0,    , 347,  12,           ,  ,  0,    ,    0,    0,    0,    0, THERMO PARAMS, -33, 266, 46, N, 10, DT, -999, SHR82, -99, 
EP, 10, 2026082200, 03, HFSA,  36, 143N, 1148W,  40, 1004, XX,  34, NEQ,    0,    0,    0,    0,  -99,  -99,  73,   0,   0,    ,   0,    ,   2,  13,           ,  ,  0,    ,    0,    0,    0,    0, THERMO PARAMS, -29, 229, 49, N, 10, DT, -999, SHR82, -99, 
EP, 10, 2026082200, 03, HFSA,  42, 160N, 1160W,  46, 1003, XX,  34, NEQ,    0,  155,    0,    0, 1007,   62,  37,   0,   0,    ,   0,    , 294,   9,           ,  ,  0,    ,    0,    0,    0,    0, THERMO PARAMS, -9999, -9999, -9999, N, 10, DT, -999, SHR82, -99, 
EP, 10, 2026082200, 03, HFSA,  48, 152N, 1160W,  39,  999, XX,  34, NEQ,    0,  130,   36,    0,  -99,  -99, 127,   0,   0,    ,   0,    ,   9,   4,           ,  ,  0,    ,    0,    0,    0,    0, THERMO PARAMS, -81, 480, 348, N, 10, DT, -999, SHR82, -99, 
EP, 10, 2026082200, 03, HFSA,  54, 168N, 1172W,  50,  999, XX,  34, NEQ,  175,  141,    0,    0, 1003,   21, 158,   0,   0,    ,   0,    , 308,  16,           ,  ,  0,    ,    0,    0,    0,    0, THERMO PARAMS, 114, -345, 432, N, 10, DT, -999, SHR82, -99, 
EP, 10, 2026082200, 03, HFSA,  60, 180N, 1178W,  40,  993, XX,  34, NEQ,  102,   70,    0,    0,  -99,  -99,  68,   0,   0,    ,   0,    , 317,  14,           ,  ,  0,    ,    0,    0,    0,    0, THERMO PARAMS, 78, 629, 647, N, 10, DT, -999, SHR82, -99, 
EP, 10, 2026082200, 03, HFSA,  66, 182N, 1194W,  42,  992, XX,  34, NEQ,  105,   87,   57,   47,  996,    4,  32,   0,   0,    ,   0,    , 288,  10,           ,  ,  0,    ,    0,    0,    0,    0, THERMO PARAMS, 104, 318, 628, N, 10, DT, -999, SHR82, -99, 
EP, 10, 2026082200, 03, HFSA,  72, 186N, 1201W,  48,  990, XX,  34, NEQ,  120,   68,   84,  100,  994,   11, 100,   0,   0,    ,   0,    , 301,   8,           ,  ,  0,    ,    0,    0,    0,    0, THERMO PARAMS, -1, 348, 900, N, 10, DT, -999, SHR82, -99, 
EP, 10, 2026082200, 03, HFSA,  78, 190N, 1210W,  54,  992, XX,  34, NEQ,   97,   97,    0,   76,  996,   14,  47,   0,   0,    ,   0,    , 287,  10,           ,  ,  0,    ,    0,    0,    0,    0, THERMO PARAMS, 18, 587, 682, N, 10, DT, -999, SHR82, -99, 
EP, 10, 2026082200, 03, HFSA,  84, 193N, 1218W,  54,  991, XX,  34, NEQ,  110,  123,    0,   91,  995,   21,  50,   0,   0,    ,   0,    , 295,   8,           ,  ,  0,    ,    0,    0,    0,    0, THERMO PARAMS, -36, 703, 779, N, 10, DT, -999, SHR82, -99, 
EP, 10, 2026082200, 03, HFSA,  84, 193N, 1218W,  54,  991, XX,  50, NEQ,   50,    0,    0,    0,  995,   21,  50,   0,   0,    ,   0,    , 295,   8,           ,  ,  0,    ,    0,    0,    0,    0, THERMO PARAMS, -36, 703, 779, N, 10, DT, -999, SHR82, -99, 
EP, 10, 2026082200, 03, HFSA,  90, 197N, 1226W,  53,  993, XX,  34, NEQ,  126,  113,   47,  112,  997,   25,  72,   0,   0,    ,   0,    , 284,   9,           ,  ,  0,    ,    0,    0,    0,    0, THERMO PARAMS, -80, 911, 929, N, 10, DT, -999, SHR82, -99, 
EP, 10, 2026082200, 03, HFSA,  90, 197N, 1226W,  53,  993, XX,  50, NEQ,   73,    0,    0,    0,  997,   25,  72,   0,   0,    ,   0,    , 284,   9,           ,  ,  0,    ,    0,    0,    0,    0, THERMO PARAMS, -80, 911, 929, N, 10, DT, -999, SHR82, -99, 
EP, 10, 2026082200, 03, HFSA,  96, 202N, 1237W,  56,  990, XX,  34, NEQ,  121,   57,   63,  107, 1002,   80,  41,   0,   0,    ,   0,    , 279,  11,           ,  ,  0,    ,    0,    0,    0,    0, THERMO PARAMS, -64, 592, 1128, N, 10, DT, -999, SHR82, -99, 
EP, 10, 2026082200, 03, HFSA,  96, 202N, 1237W,  56,  990, XX,  50, NEQ,   70,    0,    0,   71, 1002,   80,  41,   0,   0,    ,   0,    , 279,  11,           ,  ,  0,    ,    0,    0,    0,    0, THERMO PARAMS, -64, 592, 1128, N, 10, DT, -999, SHR82, -99, 
EP, 10, 2026082200, 03, HFSA, 102, 204N, 1247W,  55,  992, XX,  34, NEQ,  126,   58,   50,  113, 1004,   82,  95,   0,   0,    ,   0,    , 277,  11,           ,  ,  0,    ,    0,    0,    0,    0, THERMO PARAMS, -44, 559, 924, N, 10, DT, -999, SHR82, -99, 
EP, 10, 2026082200, 03, HFSA, 108, 208N, 1257W,  48,  992, XX,  34, NEQ,  120,   49,   62,  115,  996,   25,  94,   0,   0,    ,   0,    , 288,   9,           ,  ,  0,    ,    0,    0,    0,    0, THERMO PARAMS, -63, 969, 1116, N, 10, DT, -999, SHR82, -99, 
EP, 10, 2026082200, 03, HFSA, 114, 211N, 1268W,  50,  995, XX,  34, NEQ,  108,    0,   81,  112, 1003,   61,  61,   0,   0,    ,   0,    , 277,  10,           ,  ,  0,    ,    0,    0,    0,    0, THERMO PARAMS, -70, 917, 1127, N, 10, DT, -999, SHR82, -99, 
EP, 10, 2026082200, 03, HFSA, 120, 212N, 1276W,  48,  993, XX,  34, NEQ,  108,    0,   83,  105, 1001,   65,  72,   0,   0,    ,   0,    , 276,   7,           ,  ,  0,    ,    0,    0,    0,    0, THERMO PARAMS, -60, 851, 1013, N, 10, DT, -999, SHR82, -99, 
EP, 10, 2026082200, 03, HFSA, 126, 213N, 1286W,  46,  996, XX,  34, NEQ,  105,    0,   53,  100, 1004,   67,  68,   0,   0,    ,   0,    , -99, -99,           ,  ,  0,    ,    0,    0,    0,    0, THERMO PARAMS, -76, 630, 838, N, 10, DT, -999, SHR82, -99, 
EP, 10, 2026082200, 03, TVCN,   0,  93N, 1156W,   0,    0,   ,   0,    ,    0,    0,    0,    0, 
EP, 10, 2026082200, 03, TVCN,  12, 100N, 1162W,   0,    0,   ,   0,    ,    0,    0,    0,    0, 
EP, 10, 2026082200, 03, TVCN,  24, 115N, 1165W,   0,    0,   ,   0,    ,    0,    0,    0,    0, 
EP, 10, 2026082200, 03, TVCN,  36, 130N, 1170W,   0,    0,   ,   0,    ,    0,    0,    0,    0, 
EP, 10, 2026082200, 03, TVCN,  48, 140N, 1178W,   0,    0,   ,   0,    ,    0,    0,    0,    0, 
EP, 10, 2026082200, 03, TVCN,  60, 151N, 1191W,   0,    0,   ,   0,    ,    0,    0,    0,    0, 
EP, 10, 2026082200, 03, TVCN,  72, 164N, 1201W,   0,    0,   ,   0,    ,    0,    0,    0,    0, 
EP, 10, 2026082200, 03, TVCN,  84, 176N, 1212W,   0,    0,   ,   0,    ,    0,    0,    0,    0, 
EP, 10, 2026082200, 03, TVCN,  96, 212N, 1230W,   0,    0,   ,   0,    ,    0,    0,    0,    0, 
EP, 10, 2026082200, 03, TVCN, 108, 220N, 1247W,   0,    0,   ,   0,    ,    0,    0,    0,    0, 
EP, 10, 2026082200, 03, TVCN, 120, 226N, 1262W,   0,    0,   ,   0,    ,    0,    0,    0,    0, 
EP, 10, 2026082200, 03, TVCN, 132, 232N, 1278W,   0,    0,   ,   0,    ,    0,    0,    0,    0, 
EP, 10, 2026082206, 03, AVNO,   0,  92N, 1164W,  19, 1011, XX,  34, NEQ,    0,    0,    0,    0,  -99,  -99, 149,   0,   0, 
EP, 10, 2026082206, 03, AVNO,   6,  91N, 1161W,  21, 1006, XX,  34, NEQ,    0,    0,    0,    0,  -99,  -99, 113,   0,   0, 
EP, 10, 2026082206, 03, AVNO,  12,  97N, 1162W,  32, 1008, XX,  34, NEQ,    0,    0,    0,    0,  -99,  -99,  55,   0,   0, 
EP, 10, 2026082206, 03, AVNO,  18, 106N, 1166W,  31, 1007, XX,  34, NEQ,    0,    0,    0,    0,  -99,  -99,  41,   0,   0, 
EP, 10, 2026082206, 03, AVNO,  24, 117N, 1163W,  31, 1007, XX,  34, NEQ,    0,    0,    0,    0,  -99,  -99,  13,   0,   0, 
EP, 10, 2026082206, 03, AVNO,  30, 138N, 1159W,  34,  997, XX,  34, NEQ,    0,   85,    0,    0, 1005,   76,  59,   0,   0, 
EP, 10, 2026082206, 03, AVNO,  36, 144N, 1166W,  45,  997, XX,  34, NEQ,   25,   37,    0,    0, 1005,   49,  23,   0,   0, 
EP, 10, 2026082206, 03, AVNO,  42, 147N, 1174W,  41,  995, XX,  34, NEQ,  116,   59,   78,   62,  999,   31,  56,   0,   0, 
EP, 10, 2026082206, 03, AVNO,  48, 149N, 1177W,  48,  995, XX,  34, NEQ,  133,  143,   72,   48, 1007,  117,  38,   0,   0, 
EP, 10, 2026082206, 03, AVNO,  54, 155N, 1181W,  55,  987, XX,  34, NEQ,   85,  104,   99,   66, 1007,  176,  50,   0,   0, 
EP, 10, 2026082206, 03, AVNO,  54, 155N, 1181W,  55,  987, XX,  50, NEQ,   39,   59,    0,    0, 1007,  176,  50,   0,   0, 
EP, 10, 2026082206, 03, AVNO,  60, 163N, 1186W,  62,  985, XX,  34, NEQ,  108,  113,  103,  140, 1009,  213,  36,   0,   0, 
EP, 10, 2026082206, 03, AVNO,  60, 163N, 1186W,  62,  985, XX,  50, NEQ,   55,   66,    0,    0, 1009,  213,  36,   0,   0, 
EP, 10, 2026082206, 03, AVNO,  66, 172N, 1191W,  67,  978, XX,  34, NEQ,  106,  113,   96,   81, 1006,  148,  33,   0,   0, 
EP, 10, 2026082206, 03, AVNO,  66, 172N, 1191W,  67,  978, XX,  50, NEQ,   62,   65,    0,    0, 1006,  148,  33,   0,   0, 
EP, 10, 2026082206, 03, AVNO,  66, 172N, 1191W,  67,  978, XX,  64, NEQ,   39,   36,    0,    0, 1006,  148,  33,   0,   0, 
EP, 10, 2026082206, 03, AVNO,  72, 180N, 1197W,  73,  978, XX,  34, NEQ,  142,  104,   91,  106, 1010,  205,  32,   0,   0, 
EP, 10, 2026082206, 03, AVNO,  72, 180N, 1197W,  73,  978, XX,  50, NEQ,   62,   59,   49,   48, 1010,  205,  32,   0,   0, 
EP, 10, 2026082206, 03, AVNO,  72, 180N, 1197W,  73,  978, XX,  64, NEQ,   41,   34,    0,    0, 1010,  205,  32,   0,   0, 
EP, 10, 2026082206, 03, AVNO,  78, 187N, 1205W,  76,  971, XX,  34, NEQ,  129,  101,   88,  110, 1007,  217,  26,   0,   0, 
EP, 10, 2026082206, 03, AVNO,  78, 187N, 1205W,  76,  971, XX,  50, NEQ,   65,   61,   56,   59, 1007,  217,  26,   0,   0, 
EP, 10, 2026082206, 03, AVNO,  78, 187N, 1205W,  76,  971, XX,  64, NEQ,   37,   44,    0,   41, 1007,  217,  26,   0,   0, 
EP, 10, 2026082206, 03, AVNO,  84, 193N, 1212W,  72,  968, XX,  34, NEQ,  133,  103,   83,  122, 1008,  191,  42,   0,   0, 
EP, 10, 2026082206, 03, AVNO,  84, 193N, 1212W,  72,  968, XX,  50, NEQ,   74,   70,   48,   75, 1008,  191,  42,   0,   0, 
EP, 10, 2026082206, 03, AVNO,  84, 193N, 1212W,  72,  968, XX,  64, NEQ,   45,   43,    0,   26, 1008,  191,  42,   0,   0, 
EP, 10, 2026082206, 03, AVNO,  90, 199N, 1221W,  78,  967, XX,  34, NEQ,  123,  109,   81,  116,  983,   33,  34,   0,   0, 
EP, 10, 2026082206, 03, AVNO,  90, 199N, 1221W,  78,  967, XX,  50, NEQ,   76,   51,   48,   62,  983,   33,  34,   0,   0, 
EP, 10, 2026082206, 03, AVNO,  90, 199N, 1221W,  78,  967, XX,  64, NEQ,   45,   39,    0,   43,  983,   33,  34,   0,   0, 
EP, 10, 2026082206, 03, AVNO,  96, 201N, 1231W,  70,  972, XX,  34, NEQ,  125,  121,   93,  124, 1008,  185,  35,   0,   0, 
EP, 10, 2026082206, 03, AVNO,  96, 201N, 1231W,  70,  972, XX,  50, NEQ,   64,   54,   51,   69, 1008,  185,  35,   0,   0, 
EP, 10, 2026082206, 03, AVNO,  96, 201N, 1231W,  70,  972, XX,  64, NEQ,   42,   35,    0,   36, 1008,  185,  35,   0,   0, 
EP, 10, 2026082206, 03, AVNO, 102, 204N, 1241W,  66,  972, XX,  34, NEQ,  126,   94,   92,  124, 1008,  297,  42,   0,   0, 
EP, 10, 2026082206, 03, AVNO, 102, 204N, 1241W,  66,  972, XX,  50, NEQ,   59,   50,   54,   54, 1008,  297,  42,   0,   0, 
EP, 10, 2026082206, 03, AVNO, 102, 204N, 1241W,  66,  972, XX,  64, NEQ,   43,    0,    0,   32, 1008,  297,  42,   0,   0, 
EP, 10, 2026082206, 03, AVNO, 108, 206N, 1251W,  63,  975, XX,  34, NEQ,  131,   88,   86,  128, 1011,  391,  41,   0,   0, 
EP, 10, 2026082206, 03, AVNO, 108, 206N, 1251W,  63,  975, XX,  50, NEQ,   65,   47,   53,   59, 1011,  391,  41,   0,   0, 
EP, 10, 2026082206, 03, AVNO, 114, 211N, 1260W,  62,  975, XX,  34, NEQ,  122,   86,  101,  118, 1007,  224,  40,   0,   0, 
EP, 10, 2026082206, 03, AVNO, 114, 211N, 1260W,  62,  975, XX,  50, NEQ,   58,   51,   49,   62, 1007,  224,  40,   0,   0, 
EP, 10, 2026082206, 03, AVNO, 120, 213N, 1270W,  59,  980, XX,  34, NEQ,  130,   84,   87,  123, 1008,  163,  40,   0,   0, 
EP, 10, 2026082206, 03, AVNO, 120, 213N, 1270W,  59,  980, XX,  50, NEQ,   64,   49,   51,   57, 1008,  163,  40,   0,   0, 
EP, 10, 2026082206, 03, AVNO, 126, 214N, 1280W,  55,  980, XX,  34, NEQ,  108,   86,   98,  115, 1008,  391,  33,   0,   0, 
EP, 10, 2026082206, 03, AVNO, 126, 214N, 1280W,  55,  980, XX,  50, NEQ,   48,    0,   43,   55, 1008,  391,  33,   0,   0, 
EP, 10, 2026082206, 03, AVNO, 132, 216N, 1288W,  52,  985, XX,  34, NEQ,  110,   76,   88,  112, 1009,  225,  40,   0,   0, 
EP, 10, 2026082206, 03, AVNO, 132, 216N, 1288W,  52,  985, XX,  50, NEQ,   40,    0,    0,   42, 1009,  225,  40,   0,   0, 
EP, 10, 2026082206, 03, AVNO, 138, 219N, 1297W,  51,  985, XX,  34, NEQ,   98,   73,   75,  110, 1005,  150,  33,   0,   0, 
EP, 10, 2026082206, 03, AVNO, 138, 219N, 1297W,  51,  985, XX,  50, NEQ,   35,    0,    0,    0, 1005,  150,  33,   0,   0, 
EP, 10, 2026082206, 03, AVNO, 144, 222N, 1308W,  49,  988, XX,  34, NEQ,  115,   76,   62,  110, 1008,  201,  35,   0,   0, 
EP, 10, 2026082206, 03, AVNO, 150, 226N, 1319W,  49,  988, XX,  34, NEQ,  119,   72,   76,  117, 1004,  133,  42,   0,   0, 
EP, 10, 2026082206, 03, AVNO, 156, 228N, 1331W,  49,  992, XX,  34, NEQ,  122,   65,   77,  108, 1008,  186,  42,   0,   0, 
EP, 10, 2026082206, 03, AVNO, 162, 230N, 1342W,  45,  992, XX,  34, NEQ,  109,   55,   61,  111, 1004,  106,  46,   0,   0, 
EP, 10, 2026082206, 03, AVNO, 168, 232N, 1351W,  47,  996, XX,  34, NEQ,  125,   62,   65,  138, 1008,  124,  53,   0,   0, 
EP, 10, 2026082206, 03, AVNO, 174, 236N, 1362W,  45,  996, XX,  34, NEQ,  124,   67,   47,  111, 1008,  174,  45,   0,   0, 
EP, 10, 2026082206, 03, AVNO, 180, 238N, 1374W,  44, 1000, XX,  34, NEQ,  116,    0,    0,  144, 1008,   86,  55,   0,   0, 
EP, 10, 2026082206, 03, AVNO, 186, 240N, 1384W,  37, 1000, XX,  34, NEQ,  123,    0,    0,  118, 1008,  124,  75,   0,   0, 
EP, 10, 2026082206, 03, AVNO, 192, 242N, 1393W,  36, 1004, XX,  34, NEQ,  112,    0,    0,  111, 1012,  221,  63,   0,   0, 
EP, 10, 2026082206, 03, AVNO, 198, 244N, 1404W,  33, 1004, XX,  34, NEQ,    0,    0,    0,    0, 1008,   56,  81,   0,   0, 
EP, 10, 2026082206, 03, AVNO, 204, 246N, 1414W,  34, 1007, XX,  34, NEQ,    0,    0,    0,  177, 1011,   66, 117,   0,   0, 
EP, 10, 2026082206, 03, AVNO, 210, 246N, 1423W,  33, 1007, XX,  34, NEQ,    0,    0,    0,    0, 1011,   82, 114,   0,   0, 
EP, 10, 2026082206, 03, AVNO, 216, 246N, 1433W,  30, 1009, XX,  34, NEQ,    0,    0,    0,    0, 1013,  182, 160,   0,   0, 
EP, 10, 2026082206, 03, AVNO, 222, 246N, 1444W,  28, 1008, XX,  34, NEQ,    0,    0,    0,    0,  -99,  -99,  83,   0,   0, 
EP, 10, 2026082206, 03, AVNO, 228, 247N, 1456W,  28, 1010, XX,  34, NEQ,    0,    0,    0,    0,  -99,  -99, 107,   0,   0, 
EP, 10, 2026082206, 03, AVNO, 234, 249N, 1467W,  27, 1009, XX,  34, NEQ,    0,    0,    0,    0,  -99,  -99, 159,   0,   0, 
EP, 10, 2026082206, 03, AVNO, 240, 253N, 1479W,  27, 1011, XX,  34, NEQ,    0,    0,    0,    0,  -99,  -99, 156,   0,   0, 
EP, 10, 2026082206, 03, HCCA,   0,  94N, 1170W,  20,    0,   ,   0,    ,    0,    0,    0,    0, 
EP, 10, 2026082206, 03, HCCA,  12, 104N, 1174W,  28,    0,   ,   0,    ,    0,    0,    0,    0, 
EP, 10, 2026082206, 03, HCCA,  24, 124N, 1178W,  36,    0,   ,   0,    ,    0,    0,    0,    0, 
EP, 10, 2026082206, 03, HCCA,  36, 140N, 1186W,  43,    0,   ,   0,    ,    0,    0,    0,    0, 
EP, 10, 2026082206, 03, HCCA,  48, 156N, 1196W,  47,    0,   ,   0,    ,    0,    0,    0,    0, 
EP, 10, 2026082206, 03, HCCA,  60, 175N, 1207W,  51,    0,   ,   0,    ,    0,    0,    0,    0, 
EP, 10, 2026082206, 03, HCCA,  72, 191N, 1220W,  54,    0,   ,   0,    ,    0,    0,    0,    0, 
EP, 10, 2026082206, 03, HCCA,  84, 203N, 1234W,  54,    0,   ,   0,    ,    0,    0,    0,    0, 
EP, 10, 2026082206, 03, HCCA,  96, 211N, 1249W,  52,    0,   ,   0,    ,    0,    0,    0,    0, 
EP, 10, 2026082206, 03, HCCA, 108, 220N, 1265W,  49,    0,   ,   0,    ,    0,    0,    0,    0, 
EP, 10, 2026082206, 03, HCCA, 120, 226N, 1281W,  46,    0,   ,   0,    ,    0,    0,    0,    0, 
EP, 10, 2026082206, 03, HCCA, 132, 233N, 1297W,  41,    0,   ,   0,    ,    0,    0,    0,    0, 
EP, 10, 2026082206, 03, HCCA, 144, 237N, 1314W,  40,    0,   ,   0,    ,    0,    0,    0,    0, 
EP, 10, 2026082206, 03, HCCA, 156, 241N, 1332W,  40,    0,   ,   0,    ,    0,    0,    0,    0, 
EP, 10, 2026082206, 03, HCCA, 168, 243N, 1353W,  42,    0,   ,   0,    ,    0,    0,    0,    0, 
EP, 10, 2026082206, 03, HFSA,   0,  94N, 1169W,  20, 1005, XX,  34, NEQ,    0,    0,    0,    0, 1009,   58, 162,   0,   0,    ,   0,    , 277,  10,           ,  ,  0,    ,    0,    0,    0,    0, THERMO PARAMS, 5, -91, 184, N, 10, DT, -999, SHR82, -99, 
EP, 10, 2026082206, 03, HFSA,   6,  91N, 1185W,  35,  998, XX,  34, NEQ,    0,    0,    0,    0, 1002,    6, 100,   0,   0,    ,   0,    , 254,  12,           ,  ,  0,    ,    0,    0,    0,    0, THERMO PARAMS, 25, 361, -4, N, 10, DT, -999, SHR82, -99, 
EP, 10, 2026082206, 03, HFSA,  12,  81N, 1195W,  35, 1005, XX,  34, NEQ,    0,    0,    0,    0, 1009,    7, 149,   0,   0,    ,   0,    , 246,   7,           ,  ,  0,    ,    0,    0,    0,    0, THERMO PARAMS, 71, -533, 181, N, 10, DT, -999, SHR82, -99, 
EP, 10, 2026082206, 03, HFSA,  18,  97N, 1188W,  32, 1007, XX,  34, NEQ,    0,    0,    0,    0,  -99,  -99,  94,   0,   0,    ,   0,    ,  14,  12,           ,  ,  0,    ,    0,    0,    0,    0, THERMO PARAMS, -9999, -9999, -9999, N, 10, DT, -999, SHR82, -99, 
EP, 10, 2026082206, 03, HFSA,  24, 107N, 1192W,  31, 1009, XX,  34, NEQ,    0,    0,    0,    0,  -99,  -99, 103,   0,   0,    ,   0,    , 315,   5,           ,  ,  0,    ,    0,    0,    0,    0, THERMO PARAMS, -9999, -9999, -9999, N, 10, DT, -999, SHR82, -99, 
EP, 10, 2026082206, 03, HFSA,  30, 108N, 1199W,  30, 1006, XX,  34, NEQ,    0,    0,    0,    0,  -99,  -99, 126,   0,   0,    ,   0,    , 249,  10,           ,  ,  0,    ,    0,    0,    0,    0, THERMO PARAMS, -9999, -9999, -9999, N, 10, DT, -999, SHR82, -99, 
EP, 10, 2026082206, 03, HFSA,  36, 110N, 1201W,  26, 1007, XX,  34, NEQ,    0,    0,    0,    0,  -99,  -99,   7,   0,   0,    ,   0,    ,  66,   5,           ,  ,  0,    ,    0,    0,    0,    0, THERMO PARAMS, -9999, -9999, -9999, N, 10, DT, -999, SHR82, -99, 
EP, 10, 2026082206, 03, HFSA,  42, 109N, 1230W,  22, 1008, XX,  34, NEQ,    0,    0,    0,    0,  -99,  -99, 150,   0,   0,    ,   0,    , 259,  20,           ,  ,  0,    ,    0,    0,    0,    0, THERMO PARAMS, -9999, -9999, -9999, N, 10, DT, -999, SHR82, -99, 
EP, 10, 2026082206, 03, HFSA,  48,  93N, 1264W,  23, 1010, XX,  34, NEQ,    0,    0,    0,    0,  -99,  -99, 162,   0,   0,    ,   0,    , 245,  16,           ,  ,  0,    ,    0,    0,    0,    0, THERMO PARAMS, -9999, -9999, -9999, N, 10, DT, -999, SHR82, -99, 
EP, 10, 2026082206, 03, TVCN,   0,  94N, 1170W,   0,    0,   ,   0,    ,    0,    0,    0,    0, 
EP, 10, 2026082206, 03, TVCN,  12, 104N, 1172W,   0,    0,   ,   0,    ,    0,    0,    0,    0, 
EP, 10, 2026082206, 03, TVCN,  24, 121N, 1174W,   0,    0,   ,   0,    ,    0,    0,    0,    0, 
EP, 10, 2026082206, 03, TVCN,  36, 137N, 1181W,   0,    0,   ,   0,    ,    0,    0,    0,    0, 
EP, 10, 2026082206, 03, TVCN,  48, 161N, 1187W,   0,    0,   ,   0,    ,    0,    0,    0,    0, 
EP, 10, 2026082206, 03, TVCN,  60, 176N, 1202W,   0,    0,   ,   0,    ,    0,    0,    0,    0, 
EP, 10, 2026082206, 03, TVCN,  72, 188N, 1218W,   0,    0,   ,   0,    ,    0,    0,    0,    0, 
EP, 10, 2026082206, 03, TVCN,  84, 198N, 1235W,   0,    0,   ,   0,    ,    0,    0,    0,    0, 
EP, 10, 2026082206, 03, TVCN,  96, 206N, 1253W,   0,    0,   ,   0,    ,    0,    0,    0,    0, 
EP, 10, 2026082206, 03, TVCN, 108, 213N, 1273W,   0,    0,   ,   0,    ,    0,    0,    0,    0, 
EP, 10, 2026082206, 03, TVCN, 120, 218N, 1291W,   0,    0,   ,   0,    ,    0,    0,    0,    0, 
EP, 10, 2026082206, 03, TVCN, 132, 222N, 1310W,   0,    0,   ,   0,    ,    0,    0,    0,    0, 
EP, 10, 2026082212, 03,  UKX,   0,  95N, 1172W,  20, 1009, XX,  34, NEQ,    0,    0,    0,    0, 
EP, 10, 2026082212, 03,  UKX,   6, 102N, 1178W,  24, 1009, XX,  34, NEQ,    0,    0,    0,    0, 
EP, 10, 2026082212, 03,  UKX,  12, 109N, 1184W,  23, 1008, XX,  34, NEQ,    0,    0,    0,    0, 
EP, 10, 2026082212, 03,  UKX,  18, 114N, 1187W,  24, 1008, XX,  34, NEQ,    0,    0,    0,    0, 
EP, 10, 2026082212, 03,  UKX,  24, 122N, 1189W,  24, 1007, XX,  34, NEQ,    0,    0,    0,    0, 
EP, 10, 2026082212, 03,  UKX,  30, 124N, 1192W,  24, 1007, XX,  34, NEQ,    0,    0,    0,    0, 
EP, 10, 2026082212, 03,  UKX,  36, 137N, 1187W,  25, 1006, XX,  34, NEQ,  295,    0,    0,    0, 
EP, 10, 2026082212, 03,  UKX,  42, 178N, 1184W,  35, 1004, XX,  34, NEQ,  108,    0,    0,    0, 
EP, 10, 2026082212, 03,  UKX,  48, 191N, 1193W,  39, 1001, XX,  34, NEQ,  103,  100,    0,    0, 
EP, 10, 2026082212, 03,  UKX,  54, 199N, 1205W,  42, 1002, XX,  34, NEQ,  138,  128,    0,    0, 
EP, 10, 2026082212, 03,  UKX,  60, 206N, 1217W,  40, 1001, XX,  34, NEQ,  127,  122,    0,   69, 
EP, 10, 2026082212, 03,  UKX,  66, 213N, 1228W,  40, 1003, XX,  34, NEQ,  117,    0,    0,   75, 
EP, 10, 2026082212, 03,  UKX,  72, 218N, 1241W,  36, 1002, XX,  34, NEQ,  134,    0,    0,   85, 
EP, 10, 2026082212, 03,  UKX,  78, 221N, 1250W,  32, 1004, XX,  34, NEQ,    0,    0,    0,    0, 
EP, 10, 2026082212, 03,  UKX,  84, 226N, 1260W,  29, 1003, XX,  34, NEQ,    0,    0,    0,    0, 
EP, 10, 2026082212, 03,  UKX,  90, 230N, 1270W,  27, 1006, XX,  34, NEQ,    0,    0,    0,    0, 
EP, 10, 2026082212, 03,  UKX,  96, 234N, 1279W,  24, 1006, XX,  34, NEQ,    0,    0,    0,    0, 
EP, 10, 2026082212, 03,  UKX, 102, 239N, 1287W,  25, 1008, XX,  34, NEQ,    0,    0,    0,    0, 
EP, 10, 2026082212, 03,  UKX, 108, 244N, 1295W,  25, 1007, XX,  34, NEQ,    0,    0,    0,    0, 
EP, 10, 2026082212, 03,  UKX, 114, 247N, 1302W,  24, 1009, XX,  34, NEQ,    0,    0,    0,    0, 
EP, 10, 2026082212, 03,  UKX, 120, 251N, 1307W,  23, 1009, XX,  34, NEQ,    0,    0,    0,    0, 
EP, 10, 2026082212, 03,  UKX, 126, 254N, 1312W,  22, 1011, XX,  34, NEQ,    0,    0,    0,    0, 
EP, 10, 2026082212, 03,  UKX, 132, 264N, 1313W,  22, 1010, XX,  34, NEQ,    0,    0,    0,    0, 
EP, 10, 2026082212, 03,  UKX, 138, 266N, 1318W,  22, 1012, XX,  34, NEQ,    0,    0,    0,    0, 
EP, 10, 2026082212, 03,  UKX, 144, 267N, 1323W,  18, 1012, XX,  34, NEQ,    0,    0,    0,    0, 
EP, 10, 2026082212, 03, AVNO,   0,  95N, 1161W,  21, 1008, XX,  34, NEQ,    0,    0,    0,    0,  -99,  -99, 133,   0,   0, 
EP, 10, 2026082212, 03, AVNO,   6,  98N, 1162W,  32, 1010, XX,  34, NEQ,    0,    0,    0,    0,  -99,  -99,  70,   0,   0, 
EP, 10, 2026082212, 03, AVNO,  12, 104N, 1165W,  26, 1007, XX,  34, NEQ,    0,    0,    0,    0,  -99,  -99,  59,   0,   0, 
EP, 10, 2026082212, 03, AVNO,  18, 113N, 1160W,  26, 1009, XX,  34, NEQ,    0,    0,    0,    0,  -99,  -99, 157,   0,   0, 
EP, 10, 2026082212, 03, AVNO,  24, 128N, 1152W,  38, 1003, XX,  34, NEQ,  198,   40,    0,    0,  -99,  -99,  33,   0,   0, 
EP, 10, 2026082212, 03, AVNO,  30, 155N, 1144W,  44, 1001, XX,  34, NEQ,   72,  122,  255,    0, 1005,   33,  40,   0,   0, 
EP, 10, 2026082212, 03, AVNO,  36, 161N, 1153W,  48,  999, XX,  34, NEQ,  129,   83,    0,    0, 1007,  240,  50,   0,   0, 
EP, 10, 2026082212, 03, AVNO,  42, 171N, 1160W,  46,  999, XX,  34, NEQ,   94,  119,    0,   67, 1007,  112,  35,   0,   0, 
EP, 10, 2026082212, 03, AVNO,  48, 181N, 1168W,  48,  995, XX,  34, NEQ,  121,  200,    0,   84, 1003,   95,  56,   0,   0, 
EP, 10, 2026082212, 03, AVNO,  54, 186N, 1180W,  46,  996, XX,  34, NEQ,  127,  220,    0,   86, 1008,  150,  37,   0,   0, 
EP, 10, 2026082212, 03, AVNO,  60, 190N, 1188W,  49,  993, XX,  34, NEQ,   93,   48,    0,  123, 1005,  113,  33,   0,   0, 
EP, 10, 2026082212, 03, AVNO,  66, 194N, 1194W,  42,  995, XX,  34, NEQ,  101,   53,    0,   84, 1011,  266,  69,   0,   0, 
EP, 10, 2026082212, 03, AVNO,  72, 200N, 1201W,  48,  988, XX,  34, NEQ,  107,   66,   40,   79, 1008,  214,  34,   0,   0, 
EP, 10, 2026082212, 03, AVNO,  78, 203N, 1208W,  51,  986, XX,  34, NEQ,  128,   55,   66,   88, 1010,  286,  27,   0,   0, 
EP, 10, 2026082212, 03, AVNO,  78, 203N, 1208W,  51,  986, XX,  50, NEQ,   28,    0,    0,    0, 1010,  286,  27,   0,   0, 
EP, 10, 2026082212, 03, AVNO,  84, 207N, 1215W,  58,  982, XX,  34, NEQ,  112,   62,   58,  108, 1006,  175,  36,   0,   0, 
EP, 10, 2026082212, 03, AVNO,  84, 207N, 1215W,  58,  982, XX,  50, NEQ,   29,    0,    0,   44, 1006,  175,  36,   0,   0, 
EP, 10, 2026082212, 03, AVNO,  90, 209N, 1221W,  58,  983, XX,  34, NEQ,  103,   64,   51,  102, 1011,  357,  29,   0,   0, 
EP, 10, 2026082212, 03, AVNO,  90, 209N, 1221W,  58,  983, XX,  50, NEQ,   38,    0,    0,   32, 1011,  357,  29,   0,   0, 
EP, 10, 2026082212, 03, AVNO,  96, 213N, 1229W,  56,  983, XX,  34, NEQ,   78,   65,   65,   84, 1011, 1601,  25,   0,   0, 
EP, 10, 2026082212, 03, AVNO,  96, 213N, 1229W,  56,  983, XX,  50, NEQ,   40,    0,    0,   31, 1011, 1601,  25,   0,   0, 
EP, 10, 2026082212, 03, AVNO, 102, 216N, 1238W,  55,  985, XX,  34, NEQ,   86,   57,   69,   90, 1009,  199,  29,   0,   0, 
EP, 10, 2026082212, 03, AVNO, 102, 216N, 1238W,  55,  985, XX,  50, NEQ,   43,    0,    0,   29, 1009,  199,  29,   0,   0, 
EP, 10, 2026082212, 03, AVNO, 108, 219N, 1247W,  54,  983, XX,  34, NEQ,   81,   54,   65,   87, 1007,  279,  28,   0,   0, 
EP, 10, 2026082212, 03, AVNO, 108, 219N, 1247W,  54,  983, XX,  50, NEQ,   43,    0,   31,   41, 1007,  279,  28,   0,   0, 
EP, 10, 2026082212, 03, AVNO, 114, 219N, 1256W,  54,  986, XX,  34, NEQ,   85,   61,   58,   83, 1010,  313,  31,   0,   0, 
EP, 10, 2026082212, 03, AVNO, 114, 219N, 1256W,  54,  986, XX,  50, NEQ,   40,    0,    0,   36, 1010,  313,  31,   0,   0, 
EP, 10, 2026082212, 03, AVNO, 120, 220N, 1265W,  53,  986, XX,  34, NEQ,   78,   57,   58,   80, 1006,  174,  32,   0,   0, 
EP, 10, 2026082212, 03, AVNO, 120, 220N, 1265W,  53,  986, XX,  50, NEQ,   36,    0,    0,   36, 1006,  174,  32,   0,   0, 
EP, 10, 2026082212, 03, AVNO, 126, 218N, 1273W,  53,  990, XX,  34, NEQ,   74,   50,   52,   76, 1010,  423,  28,   0,   0, 
EP, 10, 2026082212, 03, AVNO, 126, 218N, 1273W,  53,  990, XX,  50, NEQ,    0,    0,    0,   32, 1010,  423,  28,   0,   0, 
EP, 10, 2026082212, 03, AVNO, 132, 217N, 1282W,  50,  991, XX,  34, NEQ,   66,    0,   50,   70, 1007,  372,  37,   0,   0, 
EP, 10, 2026082212, 03, AVNO, 138, 214N, 1291W,  43,  995, XX,  34, NEQ,   69,    0,   40,   72, 1007,  127,  38,   0,   0, 
EP, 10, 2026082212, 03, AVNO, 144, 212N, 1300W,  40,  995, XX,  34, NEQ,   66,    0,    0,   64, 1003,   74,  36,   0,   0, 
EP, 10, 2026082212, 03, AVNO, 150, 211N, 1309W,  35,  999, XX,  34, NEQ,   46,    0,    0,   54, 1007,  109,  46,   0,   0, 
EP, 10, 2026082212, 03, AVNO, 156, 210N, 1319W,  34,  999, XX,  34, NEQ,    0,    0,    0,   49, 1007,  321,  45,   0,   0, 
EP, 10, 2026082212, 03, AVNO, 162, 208N, 1329W,  32, 1003, XX,  34, NEQ,    0,    0,    0,    0, 1007,   53,  57,   0,   0, 
EP, 10, 2026082212, 03, AVNO, 168, 208N, 1340W,  29, 1002, XX,  34, NEQ,    0,    0,    0,    0, 1006,   82,  58,   0,   0, 
EP, 10, 2026082212, 03, AVNO, 174, 209N, 1352W,  29, 1006, XX,  34, NEQ,    0,    0,    0,    0, 1010,  134,  53,   0,   0, 
EP, 10, 2026082212, 03, AVNO, 180, 210N, 1365W,  28, 1005, XX,  34, NEQ,    0,    0,    0,    0,  -99,  -99,  61,   0,   0, 
EP, 10, 2026082212, 03, AVNO, 186, 210N, 1378W,  29, 1008, XX,  34, NEQ,    0,    0,    0,    0,  -99,  -99,  49,   0,   0, 
EP, 10, 2026082212, 03, AVNO, 192, 210N, 1392W,  27, 1007, XX,  34, NEQ,    0,    0,    0,    0,  -99,  -99,  58,   0,   0, 
EP, 10, 2026082212, 03, AVNO, 198, 212N, 1406W,  27, 1010, XX,  34, NEQ,    0,    0,    0,    0,  -99,  -99,  59,   0,   0, 
EP, 10, 2026082212, 03, AVNO, 204, 212N, 1419W,  24, 1008, XX,  34, NEQ,    0,    0,    0,    0,  -99,  -99,  61,   0,   0, 
EP, 10, 2026082212, 03, AVNO, 210, 208N, 1430W,  24, 1011, XX,  34, NEQ,    0,    0,    0,    0,  -99,  -99,  58,   0,   0, 
EP, 10, 2026082212, 03, AVNO, 216, 207N, 1442W,  23, 1010, XX,  34, NEQ,    0,    0,    0,    0,  -99,  -99,  68,   0,   0, 
EP, 10, 2026082212, 03, AVNO, 222, 207N, 1452W,  22, 1012, XX,  34, NEQ,    0,    0,    0,    0,  -99,  -99,  63,   0,   0, 
EP, 10, 2026082212, 03, AVNO, 228, 206N, 1461W,  19, 1010, XX,  34, NEQ,    0,    0,    0,    0,  -99,  -99,  71,   0,   0, 
EP, 10, 2026082212, 03, AVNO, 234, 205N, 1470W,  21, 1012, XX,  34, NEQ,    0,    0,    0,    0,  -99,  -99,  40,   0,   0, 
EP, 10, 2026082212, 03, AVNO, 240, 204N, 1480W,  21, 1010, XX,  34, NEQ,    0,    0,    0,    0,  -99,  -99,  41,   0,   0, 
EP, 10, 2026082212, 03, HCCA,   0,  98N, 1175W,  20,    0,   ,   0,    ,    0,    0,    0,    0, 
EP, 10, 2026082212, 03, HCCA,  12, 111N, 1180W,  27,    0,   ,   0,    ,    0,    0,    0,    0, 
EP, 10, 2026082212, 03, HCCA,  24, 129N, 1187W,  33,    0,   ,   0,    ,    0,    0,    0,    0, 
EP, 10, 2026082212, 03, HCCA,  36, 139N, 1193W,  38,    0,   ,   0,    ,    0,    0,    0,    0, 
EP, 10, 2026082212, 03, HCCA,  48, 156N, 1202W,  49,    0,   ,   0,    ,    0,    0,    0,    0, 
EP, 10, 2026082212, 03, HCCA,  60, 175N, 1216W,  55,    0,   ,   0,    ,    0,    0,    0,    0, 
EP, 10, 2026082212, 03, HCCA,  72, 188N, 1233W,  55,    0,   ,   0,    ,    0,    0,    0,    0, 
EP, 10, 2026082212, 03, HCCA,  84, 198N, 1251W,  53,    0,   ,   0,    ,    0,    0,    0,    0, 
EP, 10, 2026082212, 03, HCCA,  96, 204N, 1269W,  48,    0,   ,   0,    ,    0,    0,    0,    0, 
EP, 10, 2026082212, 03, HCCA, 108, 210N, 1287W,  43,    0,   ,   0,    ,    0,    0,    0,    0, 
EP, 10, 2026082212, 03, HCCA, 120, 214N, 1305W,  39,    0,   ,   0,    ,    0,    0,    0,    0, 
EP, 10, 2026082212, 03, HCCA, 132, 217N, 1323W,  35,    0,   ,   0,    ,    0,    0,    0,    0, 
EP, 10, 2026082212, 03, HCCA, 144, 220N, 1341W,  39,    0,   ,   0,    ,    0,    0,    0,    0, 
EP, 10, 2026082212, 03, HCCA, 156, 222N, 1360W,  37,    0,   ,   0,    ,    0,    0,    0,    0, 
EP, 10, 2026082212, 03, HCCA, 168, 226N, 1378W,  35,    0,   ,   0,    ,    0,    0,    0,    0, 
EP, 10, 2026082212, 03, HFSA,   0,  95N, 1172W,  21, 1005, XX,  34, NEQ,    0,    0,    0,    0,  -99,  -99, 154,   0,   0,    ,   0,    , 277,   8,           ,  ,  0,    ,    0,    0,    0,    0, THERMO PARAMS, 50, -114, -92, N, 10, DT, -999, SHR82, -99, 
EP, 10, 2026082212, 03, HFSA,   6,  95N, 1170W,  34, 1010, XX,  34, NEQ,    0,    0,    0,    0,  -99,  -99,  46,   0,   0,    ,   0,    , 334,   7,           ,  ,  0,    ,    0,    0,    0,    0, THERMO PARAMS, -32, -318, -60, N, 10, DT, -999, SHR82, -99, 
EP, 10, 2026082212, 03, HFSA,  12,  98N, 1176W,  35, 1000, XX,  34, NEQ,    0,    0,    0,    0, 1004,    6,  17,   0,   0,    ,   0,    , 314,   5,           ,  ,  0,    ,    0,    0,    0,    0, THERMO PARAMS, -5, 137, 166, N, 10, DT, -999, SHR82, -99, 
EP, 10, 2026082212, 03, HFSA,  18, 103N, 1176W,  36, 1009, XX,  34, NEQ,    0,    0,    0,    0,  -99,  -99,  76,   0,   0,    ,   0,    ,   1,   3,           ,  ,  0,    ,    0,    0,    0,    0, THERMO PARAMS, -25, -199, 216, N, 10, DT, -999, SHR82, -99, 
EP, 10, 2026082212, 03, HFSA,  24, 121N, 1158W,  37, 1003, XX,  34, NEQ,    0,    0,    0,    0,  -99,  -99, 109,   0,   0,    ,   0,    ,  44,  18,           ,  ,  0,    ,    0,    0,    0,    0, THERMO PARAMS, -9999, -9999, -9999, N, 10, DT, -999, SHR82, -99, 
EP, 10, 2026082212, 03, HFSA,  30, 146N, 1155W,  48,  996, XX,  34, NEQ,    0,    0,    0,    0, 1000,    5,  89,   0,   0,    ,   0,    , 343,  10,           ,  ,  0,    ,    0,    0,    0,    0, THERMO PARAMS, -9999, -9999, -9999, N, 10, DT, -999, SHR82, -99, 
EP, 10, 2026082212, 03, HFSA,  36, 151N, 1157W,  44, 1000, XX,  34, NEQ,    0,  121,   62,    0,  -99,  -99,  44,   0,   0,    ,   0,    ,  14,   7,           ,  ,  0,    ,    0,    0,    0,    0, THERMO PARAMS, -9999, -9999, -9999, N, 10, DT, -999, SHR82, -99, 
EP, 10, 2026082212, 03, HFSA,  42, 157N, 1156W,  50,  999, XX,  34, NEQ,    0,   84,   29,    0,  -99,  -99,  36,   0,   0,    ,   0,    ,  32,  10,           ,  ,  0,    ,    0,    0,    0,    0, THERMO PARAMS, -9999, -9999, -9999, N, 10, DT, -999, SHR82, -99, 
EP, 10, 2026082212, 03, HFSA,  48, 170N, 1174W,  50,  995, XX,  34, NEQ,    0,   32,   42,   32,  -99,  -99,  25,   0,   0,    ,   0,    , 336,  16,           ,  ,  0,    ,    0,    0,    0,    0, THERMO PARAMS, -9999, -9999, -9999, N, 10, DT, -999, SHR82, -99, 
EP, 10, 2026082212, 03, HFSA,  54, 185N, 1181W,  50,  994, XX,  34, NEQ,    0,   84,   89,    0,  998,   30,  21,   0,   0,    ,   0,    , 317,  11,           ,  ,  0,    ,    0,    0,    0,    0, THERMO PARAMS, -9999, -9999, -9999, N, 10, DT, -999, SHR82, -99, 
EP, 10, 2026082212, 03, HFSA,  60, 187N, 1193W,  45,  991, XX,  34, NEQ,  121,  100,    0,  115,  995,   24,  59,   0,   0,    ,   0,    , 293,   7,           ,  ,  0,    ,    0,    0,    0,    0, THERMO PARAMS, -9999, -9999, -9999, N, 10, DT, -999, SHR82, -99, 
EP, 10, 2026082212, 03, HFSA,  66, 190N, 1199W,  63,  989, XX,  34, NEQ,  104,  117,   65,   86,  993,   12,  39,   0,   0,    ,   0,    , 294,  10,           ,  ,  0,    ,    0,    0,    0,    0, THERMO PARAMS, -38, 761, 980, N, 10, DT, -999, SHR82, -99, 
EP, 10, 2026082212, 03, HFSA,  66, 190N, 1199W,  63,  989, XX,  50, NEQ,   49,    0,    0,    0,  993,   12,  39,   0,   0,    ,   0,    , 294,  10,           ,  ,  0,    ,    0,    0,    0,    0, THERMO PARAMS, -38, 761, 980, N, 10, DT, -999, SHR82, -99, 
EP, 10, 2026082212, 03, HFSA,  72, 193N, 1206W,  57,  987, XX,  34, NEQ,  118,  117,   70,  105,  991,   17,  44,   0,   0,    ,   0,    , 301,   8,           ,  ,  0,    ,    0,    0,    0,    0, THERMO PARAMS, -88, 907, 1200, N, 10, DT, -999, SHR82, -99, 
EP, 10, 2026082212, 03, HFSA,  72, 193N, 1206W,  57,  987, XX,  50, NEQ,   76,    0,    0,   50,  991,   17,  44,   0,   0,    ,   0,    , 301,   8,           ,  ,  0,    ,    0,    0,    0,    0, THERMO PARAMS, -88, 907, 1200, N, 10, DT, -999, SHR82, -99, 
EP, 10, 2026082212, 03, HFSA,  78, 198N, 1214W,  59,  989, XX,  34, NEQ,  133,  125,   62,  110,  993,   17,  43,   0,   0,    ,   0,    , 302,  10,           ,  ,  0,    ,    0,    0,    0,    0, THERMO PARAMS, -110, 1129, 1102, N, 10, DT, -999, SHR82, -99, 
EP, 10, 2026082212, 03, HFSA,  78, 198N, 1214W,  59,  989, XX,  50, NEQ,   81,    0,    0,   53,  993,   17,  43,   0,   0,    ,   0,    , 302,  10,           ,  ,  0,    ,    0,    0,    0,    0, THERMO PARAMS, -110, 1129, 1102, N, 10, DT, -999, SHR82, -99, 
EP, 10, 2026082212, 03, HFSA,  84, 202N, 1223W,  52,  987, XX,  34, NEQ,  131,  125,   47,  105, 1003,  101,  46,   0,   0,    ,   0,    , 291,   9,           ,  ,  0,    ,    0,    0,    0,    0, THERMO PARAMS, -99, 1085, 1342, N, 10, DT, -999, SHR82, -99, 
EP, 10, 2026082212, 03, HFSA,  84, 202N, 1223W,  52,  987, XX,  50, NEQ,   65,    0,    0,   49, 1003,  101,  46,   0,   0,    ,   0,    , 291,   9,           ,  ,  0,    ,    0,    0,    0,    0, THERMO PARAMS, -99, 1085, 1342, N, 10, DT, -999, SHR82, -99, 
EP, 10, 2026082212, 03, HFSA,  90, 204N, 1232W,  48,  989, XX,  34, NEQ,  134,   70,   65,  121,  997,   35,  63,   0,   0,    ,   0,    , 281,  10,           ,  ,  0,    ,    0,    0,    0,    0, THERMO PARAMS, -81, 1048, 1204, N, 10, DT, -999, SHR82, -99, 
EP, 10, 2026082212, 03, HFSA,  96, 207N, 1240W,  48,  988, XX,  34, NEQ,  141,   52,   39,  121,  992,   19,  38,   0,   0,    ,   0,    , 288,   8,           ,  ,  0,    ,    0,    0,    0,    0, THERMO PARAMS, -84, 1166, 926, N, 10, DT, -999, SHR82, -99, 
EP, 10, 2026082212, 03, HFSA, 102, 211N, 1248W,  46,  991, XX,  34, NEQ,  128,   47,   37,  126,  995,   20,  92,   0,   0,    ,   0,    , 290,   9,           ,  ,  0,    ,    0,    0,    0,    0, THERMO PARAMS, -83, 1007, 1038, N, 10, DT, -999, SHR82, -99, 
EP, 10, 2026082212, 03, HFSA, 108, 215N, 1257W,  49,  988, XX,  34, NEQ,  107,   53,   58,  110, 1000,   63,  30,   0,   0,    ,   0,    , 287,   9,           ,  ,  0,    ,    0,    0,    0,    0, THERMO PARAMS, -84, 1228, 1210, N, 10, DT, -999, SHR82, -99, 
EP, 10, 2026082212, 03, HFSA, 114, 217N, 1266W,  46,  989, XX,  34, NEQ,  105,   49,   68,  107, 1005,   89,  55,   0,   0,    ,   0,    , 273,   9,           ,  ,  0,    ,    0,    0,    0,    0, THERMO PARAMS, -71, 750, 1270, N, 10, DT, -999, SHR82, -99, 
EP, 10, 2026082212, 03, HFSA, 120, 220N, 1274W,  50,  989, XX,  34, NEQ,   73,   58,   68,  104,  997,   36,  26,   0,   0,    ,   0,    , 284,   8,           ,  ,  0,    ,    0,    0,    0,    0, THERMO PARAMS, -40, 973, 1255, N, 10, DT, -999, SHR82, -99, 
EP, 10, 2026082212, 03, HFSA, 126, 221N, 1283W,  49,  991, XX,  34, NEQ,   86,   49,   58,   86, 1007,  114,  29,   0,   0,    ,   0,    , -99, -99,           ,  ,  0,    ,    0,    0,    0,    0, THERMO PARAMS, -54, 839, 1350, N, 10, DT, -999, SHR82, -99, 
EP, 10, 2026082212, 03, TVCN,   0,  98N, 1175W,   0,    0,   ,   0,    ,    0,    0,    0,    0, 
EP, 10, 2026082212, 03, TVCN,  12, 109N, 1180W,   0,    0,   ,   0,    ,    0,    0,    0,    0, 
EP, 10, 2026082212, 03, TVCN,  24, 125N, 1186W,   0,    0,   ,   0,    ,    0,    0,    0,    0, 
EP, 10, 2026082212, 03, TVCN,  36, 137N, 1200W,   0,    0,   ,   0,    ,    0,    0,    0,    0, 
EP, 10, 2026082212, 03, TVCN,  48, 134N, 1229W,   0,    0,   ,   0,    ,    0,    0,    0,    0, 
EP, 10, 2026082218, 03, AVNO,   0,  97N, 1164W,  30, 1010, XX,  34, NEQ,    0,    0,    0,    0,  -99,  -99,  82,   0,   0, 
EP, 10, 2026082218, 03, AVNO,   6, 105N, 1165W,  23, 1007, XX,  34, NEQ,    0,    0,    0,    0,  -99,  -99,  35,   0,   0, 
EP, 10, 2026082218, 03, AVNO,  12, 111N, 1160W,  26, 1009, XX,  34, NEQ,    0,    0,    0,    0,  -99,  -99,  39,   0,   0, 
EP, 10, 2026082218, 03, AVNO,  18, 128N, 1149W,  29, 1003, XX,  34, NEQ,    0,    0,    0,    0,  -99,  -99, 153,   0,   0, 
EP, 10, 2026082218, 03, AVNO,  24, 159N, 1144W,  38, 1000, XX,  34, NEQ,  177,  123,    0,    0, 1008,  102,  31,   0,   0, 
EP, 10, 2026082218, 03, AVNO,  30, 163N, 1149W,  49,  997, XX,  34, NEQ,  125,  113,    0,   90, 1009,  765,  39,   0,   0, 
EP, 10, 2026082218, 03, AVNO,  36, 172N, 1157W,  48,  997, XX,  34, NEQ,  128,  132,  104,   82, 1001,   32,  54,   0,   0, 
EP, 10, 2026082218, 03, AVNO,  42, 179N, 1164W,  51,  990, XX,  34, NEQ,  119,   96,    0,   96, 1010,  961,  54,   0,   0, 
EP, 10, 2026082218, 03, AVNO,  42, 179N, 1164W,  51,  990, XX,  50, NEQ,   54,    0,    0,    0, 1010,  961,  54,   0,   0, 
EP, 10, 2026082218, 03, AVNO,  48, 182N, 1176W,  49,  990, XX,  34, NEQ,  166,  176,   51,   78, 1006,  106,  51,   0,   0, 
EP, 10, 2026082218, 03, AVNO,  54, 187N, 1180W,  46,  989, XX,  34, NEQ,  140,  192,   55,   92, 1009,  684,  40,   0,   0, 
EP, 10, 2026082218, 03, AVNO,  60, 192N, 1185W,  48,  991, XX,  34, NEQ,  126,  106,    0,   95, 1011,  252,  37,   0,   0, 
EP, 10, 2026082218, 03, AVNO,  66, 197N, 1191W,  52,  983, XX,  34, NEQ,  120,  103,   58,  109, 1007,  195,  34,   0,   0, 
EP, 10, 2026082218, 03, AVNO,  66, 197N, 1191W,  52,  983, XX,  50, NEQ,   39,    0,    0,   36, 1007,  195,  34,   0,   0, 
EP, 10, 2026082218, 03, AVNO,  72, 201N, 1197W,  60,  978, XX,  34, NEQ,  121,   85,   60,  108, 1010,  281,  26,   0,   0, 
EP, 10, 2026082218, 03, AVNO,  72, 201N, 1197W,  60,  978, XX,  50, NEQ,   46,   34,   30,   43, 1010,  281,  26,   0,   0, 
EP, 10, 2026082218, 03, AVNO,  78, 206N, 1203W,  71,  971, XX,  34, NEQ,  117,   88,   67,  114, 1007,  259,  27,   0,   0, 
EP, 10, 2026082218, 03, AVNO,  78, 206N, 1203W,  71,  971, XX,  50, NEQ,   47,   37,   38,   46, 1007,  259,  27,   0,   0, 
EP, 10, 2026082218, 03, AVNO,  78, 206N, 1203W,  71,  971, XX,  64, NEQ,   34,    0,    0,   32, 1007,  259,  27,   0,   0, 
EP, 10, 2026082218, 03, AVNO,  84, 209N, 1211W,  75,  971, XX,  34, NEQ,  118,   82,   63,  113,  987,   28,  29,   0,   0, 
EP, 10, 2026082218, 03, AVNO,  84, 209N, 1211W,  75,  971, XX,  50, NEQ,   55,   39,   36,   55,  987,   28,  29,   0,   0, 
EP, 10, 2026082218, 03, AVNO,  84, 209N, 1211W,  75,  971, XX,  64, NEQ,   37,    0,    0,   41,  987,   28,  29,   0,   0, 
EP, 10, 2026082218, 03, AVNO,  90, 212N, 1220W,  73,  970, XX,  34, NEQ,  108,   74,   79,  116, 1010,  995,  31,   0,   0, 
EP, 10, 2026082218, 03, AVNO,  90, 212N, 1220W,  73,  970, XX,  50, NEQ,   54,   41,   46,   52, 1010,  995,  31,   0,   0, 
EP, 10, 2026082218, 03, AVNO,  90, 212N, 1220W,  73,  970, XX,  64, NEQ,   36,   31,    0,   37, 1010,  995,  31,   0,   0, 
EP, 10, 2026082218, 03, AVNO,  96, 215N, 1230W,  70,  973, XX,  34, NEQ,  107,   82,   74,  105, 1009,  202,  28,   0,   0, 
EP, 10, 2026082218, 03, AVNO,  96, 215N, 1230W,  70,  973, XX,  50, NEQ,   52,   46,   46,   55, 1009,  202,  28,   0,   0, 
EP, 10, 2026082218, 03, AVNO,  96, 215N, 1230W,  70,  973, XX,  64, NEQ,   33,   40,    0,   32, 1009,  202,  28,   0,   0, 
EP, 10, 2026082218, 03, AVNO, 102, 219N, 1240W,  68,  972, XX,  34, NEQ,   98,   67,   73,  101, 1008,  312,  25,   0,   0, 
EP, 10, 2026082218, 03, AVNO, 102, 219N, 1240W,  68,  972, XX,  50, NEQ,   52,   45,   44,   50, 1008,  312,  25,   0,   0, 
EP, 10, 2026082218, 03, AVNO, 102, 219N, 1240W,  68,  972, XX,  64, NEQ,   23,   30,    0,   27, 1008,  312,  25,   0,   0, 
EP, 10, 2026082218, 03, AVNO, 108, 220N, 1251W,  64,  976, XX,  34, NEQ,   89,   65,   79,   97, 1008,  186,  29,   0,   0, 
EP, 10, 2026082218, 03, AVNO, 108, 220N, 1251W,  64,  976, XX,  50, NEQ,   49,   43,   40,   50, 1008,  186,  29,   0,   0, 
EP, 10, 2026082218, 03, AVNO, 108, 220N, 1251W,  64,  976, XX,  64, NEQ,   30,    0,    0,    0, 1008,  186,  29,   0,   0, 
EP, 10, 2026082218, 03, AVNO, 114, 221N, 1261W,  56,  979, XX,  34, NEQ,   87,   65,   80,  102, 1007,  244,  33,   0,   0, 
EP, 10, 2026082218, 03, AVNO, 114, 221N, 1261W,  56,  979, XX,  50, NEQ,   42,   35,   36,   46, 1007,  244,  33,   0,   0, 
EP, 10, 2026082218, 03, AVNO, 120, 220N, 1270W,  53,  984, XX,  34, NEQ,   89,   61,   69,   90, 1008,  174,  30,   0,   0, 
EP, 10, 2026082218, 03, AVNO, 120, 220N, 1270W,  53,  984, XX,  50, NEQ,    0,    0,   27,   39, 1008,  174,  30,   0,   0, 
EP, 10, 2026082218, 03, AVNO, 126, 221N, 1280W,  54,  985, XX,  34, NEQ,   86,   57,   62,   81, 1005,  134,  36,   0,   0, 
EP, 10, 2026082218, 03, AVNO, 126, 221N, 1280W,  54,  985, XX,  50, NEQ,    0,    0,    0,   41, 1005,  134,  36,   0,   0, 
EP, 10, 2026082218, 03, AVNO, 132, 221N, 1288W,  49,  990, XX,  34, NEQ,   86,   63,   53,   86, 1006,  105,  34,   0,   0, 
EP, 10, 2026082218, 03, AVNO, 138, 222N, 1298W,  46,  991, XX,  34, NEQ,   67,    0,   41,   78, 1003,   92,  37,   0,   0, 
EP, 10, 2026082218, 03, AVNO, 144, 223N, 1308W,  41,  996, XX,  34, NEQ,   72,    0,   40,   75, 1008,  167,  41,   0,   0, 
EP, 10, 2026082218, 03, AVNO, 150, 224N, 1320W,  38,  997, XX,  34, NEQ,   59,    0,    0,   73, 1005,   85,  47,   0,   0, 
EP, 10, 2026082218, 03, AVNO, 156, 223N, 1330W,  35, 1001, XX,  34, NEQ,    0,    0,    0,   64, 1009,  144,  62,   0,   0, 
EP, 10, 2026082218, 03, AVNO, 162, 223N, 1341W,  32, 1001, XX,  34, NEQ,    0,    0,    0,    0, 1005,   49,  55,   0,   0, 
EP, 10, 2026082218, 03, AVNO, 168, 223N, 1352W,  30, 1004, XX,  34, NEQ,    0,    0,    0,    0, 1008,   57,  57,   0,   0, 
EP, 10, 2026082218, 03, AVNO, 174, 224N, 1364W,  29, 1004, XX,  34, NEQ,    0,    0,    0,    0, 1008,  167,  67,   0,   0, 
EP, 10, 2026082218, 03, AVNO, 180, 224N, 1376W,  30, 1007, XX,  34, NEQ,    0,    0,    0,    0,  -99,  -99,  49,   0,   0, 
EP, 10, 2026082218, 03, AVNO, 186, 226N, 1390W,  28, 1007, XX,  34, NEQ,    0,    0,    0,    0,  -99,  -99,  73,   0,   0, 
EP, 10, 2026082218, 03, AVNO, 192, 226N, 1403W,  26, 1009, XX,  34, NEQ,    0,    0,    0,    0,  -99,  -99,  86,   0,   0, 
EP, 10, 2026082218, 03, AVNO, 198, 227N, 1415W,  25, 1008, XX,  34, NEQ,    0,    0,    0,    0,  -99,  -99,  53,   0,   0, 
EP, 10, 2026082218, 03, AVNO, 204, 227N, 1425W,  25, 1011, XX,  34, NEQ,    0,    0,    0,    0,  -99,  -99,  44,   0,   0, 
EP, 10, 2026082218, 03, AVNO, 210, 229N, 1437W,  24, 1010, XX,  34, NEQ,    0,    0,    0,    0,  -99,  -99,  44,   0,   0, 
EP, 10, 2026082218, 03, AVNO, 216, 232N, 1448W,  24, 1012, XX,  34, NEQ,    0,    0,    0,    0,  -99,  -99, 160,   0,   0, 
EP, 10, 2026082218, 03, AVNO, 222, 234N, 1460W,  27, 1011, XX,  34, NEQ,    0,    0,    0,    0,  -99,  -99, 129,   0,   0, 
EP, 10, 2026082218, 03, AVNO, 228, 229N, 1471W,  25, 1012, XX,  34, NEQ,    0,    0,    0,    0,  -99,  -99, 127,   0,   0, 
EP, 10, 2026082218, 03, AVNO, 234, 224N, 1484W,  23, 1012, XX,  34, NEQ,    0,    0,    0,    0,  -99,  -99, 160,   0,   0, 
EP, 10, 2026082218, 03, AVNO, 240, 220N, 1499W,  24, 1014, XX,  34, NEQ,    0,    0,    0,    0,  -99,  -99, 153,   0,   0, 
EP, 10, 2026082218, 03, HCCA,   0, 101N, 1173W,  25,    0,   ,   0,    ,    0,    0,    0,    0, 
EP, 10, 2026082218, 03, HCCA,  12, 115N, 1177W,  33,    0,   ,   0,    ,    0,    0,    0,    0, 
EP, 10, 2026082218, 03, HCCA,  24, 139N, 1175W,  43,    0,   ,   0,    ,    0,    0,    0,    0, 
EP, 10, 2026082218, 03, HCCA,  36, 157N, 1179W,  50,    0,   ,   0,    ,    0,    0,    0,    0, 
EP, 10, 2026082218, 03, HCCA,  48, 172N, 1191W,  54,    0,   ,   0,    ,    0,    0,    0,    0, 
EP, 10, 2026082218, 03, HCCA,  60, 189N, 1201W,  56,    0,   ,   0,    ,    0,    0,    0,    0, 
EP, 10, 2026082218, 03, HCCA,  72, 205N, 1214W,  55,    0,   ,   0,    ,    0,    0,    0,    0, 
EP, 10, 2026082218, 03, HCCA,  84, 216N, 1230W,  54,    0,   ,   0,    ,    0,    0,    0,    0, 
EP, 10, 2026082218, 03, HCCA,  96, 223N, 1248W,  51,    0,   ,   0,    ,    0,    0,    0,    0, 
EP, 10, 2026082218, 03, HCCA, 108, 228N, 1265W,  49,    0,   ,   0,    ,    0,    0,    0,    0, 
EP, 10, 2026082218, 03, HCCA, 120, 231N, 1283W,  47,    0,   ,   0,    ,    0,    0,    0,    0, 
EP, 10, 2026082218, 03, HCCA, 132, 231N, 1302W,  38,    0,   ,   0,    ,    0,    0,    0,    0, 
EP, 10, 2026082218, 03, HCCA, 144, 231N, 1321W,  34,    0,   ,   0,    ,    0,    0,    0,    0, 
EP, 10, 2026082218, 03, HCCA, 156, 231N, 1342W,  32,    0,   ,   0,    ,    0,    0,    0,    0, 
EP, 10, 2026082218, 03, HCCA, 168, 232N, 1364W,  29,    0,   ,   0,    ,    0,    0,    0,    0, 
EP, 10, 2026082218, 03, HFSA,   0,  99N, 1170W,  28, 1007, XX,  34, NEQ,    0,    0,    0,    0, 1011,   79,  62,   0,   0,    ,   0,    , 278,   4,           ,  ,  0,    ,    0,    0,    0,    0, THERMO PARAMS, 75, -620, 300, N, 10, DT, -999, SHR82, -99, 
EP, 10, 2026082218, 03, HFSA,   6,  99N, 1179W,  32, 1006, XX,  34, NEQ,    0,    0,    0,    0,  -99,  -99,  50,   0,   0,    ,   0,    , 301,   3,           ,  ,  0,    ,    0,    0,    0,    0, THERMO PARAMS, 32, 192, -161, N, 10, DT, -999, SHR82, -99, 
EP, 10, 2026082218, 03, HFSA,  12, 103N, 1185W,  44, 1003, XX,  34, NEQ,    8,   13,    0,    0, 1007,   12,  32,   0,   0,    ,   0,    , 306,   5,           ,  ,  0,    ,    0,    0,    0,    0, THERMO PARAMS, 36, -310, 60, N, 10, DT, -999, SHR82, -99, 
EP, 10, 2026082218, 03, HFSA,  18, 111N, 1187W,  34, 1005, XX,  34, NEQ,    0,    0,    0,    0,  -99,  -99,  36,   0,   0,    ,   0,    ,   8,   5,           ,  ,  0,    ,    0,    0,    0,    0, THERMO PARAMS, -38, -177, 159, N, 10, DT, -999, SHR82, -99, 
EP, 10, 2026082218, 03, HFSA,  24, 116N, 1188W,  37, 1003, XX,  34, NEQ,    0,    0,    0,    0, 1007,    8, 136,   0,   0,    ,   0,    , 353,   4,           ,  ,  0,    ,    0,    0,    0,    0, THERMO PARAMS, -34, 245, 33, N, 10, DT, -999, SHR82, -99, 
EP, 10, 2026082218, 03, HFSA,  30, 127N, 1180W,  34, 1002, XX,  34, NEQ,    0,    0,    0,    0,  -99,  -99, 143,   0,   0,    ,   0,    ,  28,   8,           ,  ,  0,    ,    0,    0,    0,    0, THERMO PARAMS, -70, 368, 686, N, 10, DT, -999, SHR82, -99, 
EP, 10, 2026082218, 03, HFSA,  36, 160N, 1171W,  58,  997, XX,  34, NEQ,  176,  110,   18,  128,  -99,  -99,  85,   0,   0,    ,   0,    ,   3,  27,           ,  ,  0,    ,    0,    0,    0,    0, THERMO PARAMS, -76, 790, 579, N, 10, DT, -999, SHR82, -99, 
EP, 10, 2026082218, 03, HFSA,  36, 160N, 1171W,  58,  997, XX,  50, NEQ,  100,    0,    0,    0,  -99,  -99,  85,   0,   0,    ,   0,    ,   3,  27,           ,  ,  0,    ,    0,    0,    0,    0, THERMO PARAMS, -76, 790, 579, N, 10, DT, -999, SHR82, -99, 
EP, 10, 2026082218, 03, HFSA,  42, 175N, 1178W,  62,  987, XX,  34, NEQ,  151,  175,   87,   68,  995,   34,  37,   0,   0,    ,   0,    , 323,   7,           ,  ,  0,    ,    0,    0,    0,    0, THERMO PARAMS, -15, 834, 842, N, 10, DT, -999, SHR82, -99, 
EP, 10, 2026082218, 03, HFSA,  42, 175N, 1178W,  62,  987, XX,  50, NEQ,   49,   50,    0,    0,  995,   34,  37,   0,   0,    ,   0,    , 323,   7,           ,  ,  0,    ,    0,    0,    0,    0, THERMO PARAMS, -15, 834, 842, N, 10, DT, -999, SHR82, -99, 
EP, 10, 2026082218, 03, HFSA,  48, 182N, 1186W,  55,  988, XX,  34, NEQ,  176,  141,   50,   94,  992,   19,  80,   0,   0,    ,   0,    , 311,  11,           ,  ,  0,    ,    0,    0,    0,    0, THERMO PARAMS, -26, 1007, 1278, N, 10, DT, -999, SHR82, -99, 
EP, 10, 2026082218, 03, HFSA,  48, 182N, 1186W,  55,  988, XX,  50, NEQ,   53,    0,    0,    0,  992,   19,  80,   0,   0,    ,   0,    , 311,  11,           ,  ,  0,    ,    0,    0,    0,    0, THERMO PARAMS, -26, 1007, 1278, N, 10, DT, -999, SHR82, -99, 
EP, 10, 2026082218, 03, HFSA,  54, 190N, 1191W,  65,  982, XX,  34, NEQ,  134,  125,   44,  102,  994,   37,  29,   0,   0,    ,   0,    , 315,  10,           ,  ,  0,    ,    0,    0,    0,    0, THERMO PARAMS, -63, 967, 1233, N, 10, DT, -999, SHR82, -99, 
EP, 10, 2026082218, 03, HFSA,  54, 190N, 1191W,  65,  982, XX,  50, NEQ,   62,   55,    0,   55,  994,   37,  29,   0,   0,    ,   0,    , 315,  10,           ,  ,  0,    ,    0,    0,    0,    0, THERMO PARAMS, -63, 967, 1233, N, 10, DT, -999, SHR82, -99, 
EP, 10, 2026082218, 03, HFSA,  54, 190N, 1191W,  65,  982, XX,  64, NEQ,   29,    0,    0,    0,  994,   37,  29,   0,   0,    ,   0,    , 315,  10,           ,  ,  0,    ,    0,    0,    0,    0, THERMO PARAMS, -63, 967, 1233, N, 10, DT, -999, SHR82, -99, 
EP, 10, 2026082218, 03, HFSA,  60, 196N, 1200W,  74,  981, XX,  34, NEQ,  133,  131,   60,   96, 1001,   59,  21,   0,   0,    ,   0,    , 299,  12,           ,  ,  0,    ,    0,    0,    0,    0, THERMO PARAMS, -68, 1553, 1556, N, 10, DT, -999, SHR82, -99, 
EP, 10, 2026082218, 03, HFSA,  60, 196N, 1200W,  74,  981, XX,  50, NEQ,   68,    0,    0,   58, 1001,   59,  21,   0,   0,    ,   0,    , 299,  12,           ,  ,  0,    ,    0,    0,    0,    0, THERMO PARAMS, -68, 1553, 1556, N, 10, DT, -999, SHR82, -99, 
EP, 10, 2026082218, 03, HFSA,  60, 196N, 1200W,  74,  981, XX,  64, NEQ,   39,    0,    0,   32, 1001,   59,  21,   0,   0,    ,   0,    , 299,  12,           ,  ,  0,    ,    0,    0,    0,    0, THERMO PARAMS, -68, 1553, 1556, N, 10, DT, -999, SHR82, -99, 
EP, 10, 2026082218, 03, HFSA,  66, 199N, 1209W,  62,  981, XX,  34, NEQ,  134,  152,   65,  113, 1001,   70,  25,   0,   0,    ,   0,    , 300,  10,           ,  ,  0,    ,    0,    0,    0,    0, THERMO PARAMS, -85, 1259, 1587, N, 10, DT, -999, SHR82, -99, 
EP, 10, 2026082218, 03, HFSA,  66, 199N, 1209W,  62,  981, XX,  50, NEQ,   73,    0,    0,   52, 1001,   70,  25,   0,   0,    ,   0,    , 300,  10,           ,  ,  0,    ,    0,    0,    0,    0, THERMO PARAMS, -85, 1259, 1587, N, 10, DT, -999, SHR82, -99, 
EP, 10, 2026082218, 03, HFSA,  72, 203N, 1217W,  64,  984, XX,  34, NEQ,  138,  139,   65,  125, 1004,   79,  22,   0,   0,    ,   0,    , 299,  11,           ,  ,  0,    ,    0,    0,    0,    0, THERMO PARAMS, -127, 1569, 1521, N, 10, DT, -999, SHR82, -99, 
EP, 10, 2026082218, 03, HFSA,  72, 203N, 1217W,  64,  984, XX,  50, NEQ,   58,    0,    0,   57, 1004,   79,  22,   0,   0,    ,   0,    , 299,  11,           ,  ,  0,    ,    0,    0,    0,    0, THERMO PARAMS, -127, 1569, 1521, N, 10, DT, -999, SHR82, -99, 
EP, 10, 2026082218, 03, HFSA,  78, 207N, 1225W,  69,  981, XX,  34, NEQ,  126,  108,   57,  130, 1001,   79,  29,   0,   0,    ,   0,    , 293,   9,           ,  ,  0,    ,    0,    0,    0,    0, THERMO PARAMS, -117, 1492, 1504, N, 10, DT, -999, SHR82, -99, 
EP, 10, 2026082218, 03, HFSA,  78, 207N, 1225W,  69,  981, XX,  50, NEQ,   55,   31,    0,   53, 1001,   79,  29,   0,   0,    ,   0,    , 293,   9,           ,  ,  0,    ,    0,    0,    0,    0, THERMO PARAMS, -117, 1492, 1504, N, 10, DT, -999, SHR82, -99, 
EP, 10, 2026082218, 03, HFSA,  78, 207N, 1225W,  69,  981, XX,  64, NEQ,   32,    0,    0,   29, 1001,   79,  29,   0,   0,    ,   0,    , 293,   9,           ,  ,  0,    ,    0,    0,    0,    0, THERMO PARAMS, -117, 1492, 1504, N, 10, DT, -999, SHR82, -99, 
EP, 10, 2026082218, 03, HFSA,  84, 210N, 1234W,  60,  984, XX,  34, NEQ,  128,   96,   57,  136, 1004,   84,  30,   0,   0,    ,   0,    , 287,  11,           ,  ,  0,    ,    0,    0,    0,    0, THERMO PARAMS, -99, 1469, 1323, N, 10, DT, -999, SHR82, -99, 
EP, 10, 2026082218, 03, HFSA,  84, 210N, 1234W,  60,  984, XX,  50, NEQ,   65,   34,    0,   57, 1004,   84,  30,   0,   0,    ,   0,    , 287,  11,           ,  ,  0,    ,    0,    0,    0,    0, THERMO PARAMS, -99, 1469, 1323, N, 10, DT, -999, SHR82, -99, 
EP, 10, 2026082218, 03, HFSA,  90, 215N, 1243W,  56,  984, XX,  34, NEQ,  113,   68,   57,  123, 1000,   63,  23,   0,   0,    ,   0,    , 294,  11,           ,  ,  0,    ,    0,    0,    0,    0, THERMO PARAMS, -61, 1349, 1541, N, 10, DT, -999, SHR82, -99, 
EP, 10, 2026082218, 03, HFSA,  90, 215N, 1243W,  56,  984, XX,  50, NEQ,   34,    0,    0,   60, 1000,   63,  23,   0,   0,    ,   0,    , 294,  11,           ,  ,  0,    ,    0,    0,    0,    0, THERMO PARAMS, -61, 1349, 1541, N, 10, DT, -999, SHR82, -99, 
EP, 10, 2026082218, 03, HFSA,  96, 218N, 1253W,  52,  988, XX,  34, NEQ,  123,   68,   62,  110, 1004,   75,  24,   0,   0,    ,   0,    , 288,  11,           ,  ,  0,    ,    0,    0,    0,    0, THERMO PARAMS, -74, 1243, 1479, N, 10, DT, -999, SHR82, -99, 
EP, 10, 2026082218, 03, HFSA,  96, 218N, 1253W,  52,  988, XX,  50, NEQ,   37,    0,    0,   36, 1004,   75,  24,   0,   0,    ,   0,    , 288,  11,           ,  ,  0,    ,    0,    0,    0,    0, THERMO PARAMS, -74, 1243, 1479, N, 10, DT, -999, SHR82, -99, 
EP, 10, 2026082218, 03, HFSA, 102, 222N, 1264W,  54,  986, XX,  34, NEQ,  107,   68,   81,  108, 1006,  149,  26,   0,   0,    ,   0,    , 279,  10,           ,  ,  0,    ,    0,    0,    0,    0, THERMO PARAMS, -69, 1076, 1514, N, 10, DT, -999, SHR82, -99, 
EP, 10, 2026082218, 03, HFSA, 102, 222N, 1264W,  54,  986, XX,  50, NEQ,   23,    0,    0,   39, 1006,  149,  26,   0,   0,    ,   0,    , 279,  10,           ,  ,  0,    ,    0,    0,    0,    0, THERMO PARAMS, -69, 1076, 1514, N, 10, DT, -999, SHR82, -99, 
EP, 10, 2026082218, 03, HFSA, 108, 223N, 1275W,  52,  989, XX,  34, NEQ,  107,   63,   58,  102, 1009,  177,  29,   0,   0,    ,   0,    , 270,  11,           ,  ,  0,    ,    0,    0,    0,    0, THERMO PARAMS, -50, 968, 1429, N, 10, DT, -999, SHR82, -99, 
EP, 10, 2026082218, 03, HFSA, 108, 223N, 1275W,  52,  989, XX,  50, NEQ,    0,    0,    0,   42, 1009,  177,  29,   0,   0,    ,   0,    , 270,  11,           ,  ,  0,    ,    0,    0,    0,    0, THERMO PARAMS, -50, 968, 1429, N, 10, DT, -999, SHR82, -99, 
EP, 10, 2026082218, 03, HFSA, 114, 224N, 1286W,  52,  990, XX,  34, NEQ,   94,   45,   60,   92, 1006,  127,  31,   0,   0,    ,   0,    , 273,  10,           ,  ,  0,    ,    0,    0,    0,    0, THERMO PARAMS, -35, 892, 1516, N, 10, DT, -999, SHR82, -99, 
EP, 10, 2026082218, 03, HFSA, 114, 224N, 1286W,  52,  990, XX,  50, NEQ,    0,    0,    0,   34, 1006,  127,  31,   0,   0,    ,   0,    , 273,  10,           ,  ,  0,    ,    0,    0,    0,    0, THERMO PARAMS, -35, 892, 1516, N, 10, DT, -999, SHR82, -99, 
EP, 10, 2026082218, 03, HFSA, 120, 223N, 1295W,  46,  994, XX,  34, NEQ,   79,    0,    0,   71, 1006,   89,  26,   0,   0,    ,   0,    , 271,  10,           ,  ,  0,    ,    0,    0,    0,    0, THERMO PARAMS, -67, 1007, 1005, N, 10, DT, -999, SHR82, -99, 
EP, 10, 2026082218, 03, HFSA, 126, 224N, 1305W,  41,  995, XX,  34, NEQ,   73,    0,    0,   73, 1007,  156,  37,   0,   0,    ,   0,    , -99, -99,           ,  ,  0,    ,    0,    0,    0,    0, THERMO PARAMS, -70, 1170, 726, N, 10, DT, -999, SHR82, -99, 
EP, 10, 2026082218, 03, TVCN,   0, 101N, 1173W,   0,    0,   ,   0,    ,    0,    0,    0,    0, 
EP, 10, 2026082218, 03, TVCN,  12, 115N, 1175W,   0,    0,   ,   0,    ,    0,    0,    0,    0, 
EP, 10, 2026082218, 03, TVCN,  24, 139N, 1168W,   0,    0,   ,   0,    ,    0,    0,    0,    0, 
EP, 10, 2026082218, 03, TVCN,  36, 157N, 1175W,   0,    0,   ,   0,    ,    0,    0,    0,    0, 
EP, 10, 2026082218, 03, TVCN,  48, 173N, 1189W,   0,    0,   ,   0,    ,    0,    0,    0,    0, 
EP, 10, 2026082218, 03, TVCN,  60, 186N, 1203W,   0,    0,   ,   0,    ,    0,    0,    0,    0, 
EP, 10, 2026082218, 03, TVCN,  72, 197N, 1217W,   0,    0,   ,   0,    ,    0,    0,    0,    0, 
EP, 10, 2026082218, 03, TVCN,  84, 206N, 1234W,   0,    0,   ,   0,    ,    0,    0,    0,    0, 
EP, 10, 2026082218, 03, TVCN,  96, 212N, 1251W,   0,    0,   ,   0,    ,    0,    0,    0,    0, 
EP, 10, 2026082218, 03, TVCN, 108, 216N, 1269W,   0,    0,   ,   0,    ,    0,    0,    0,    0, 
EP, 10, 2026082218, 03, TVCN, 120, 219N, 1287W,   0,    0,   ,   0,    ,    0,    0,    0,    0, 
EP, 10, 2026082218, 03, TVCN, 132, 222N, 1306W,   0,    0,   ,   0,    ,    0,    0,    0,    0, 
EP, 10, 2026082300, 03,  UKX,   0, 109N, 1184W,  23, 1008, XX,  34, NEQ,    0,    0,    0,    0, 
EP, 10, 2026082300, 03,  UKX,   6, 113N, 1193W,  19, 1009, XX,  34, NEQ,    0,    0,    0,    0, 
EP, 10, 2026082300, 03,  UKX,  12, 122N, 1193W,  19, 1008, XX,  34, NEQ,    0,    0,    0,    0, 
EP, 10, 2026082300, 03,  UKX,  18, 128N, 1190W,  22, 1007, XX,  34, NEQ,    0,    0,    0,    0, 
EP, 10, 2026082300, 03, AVNO,   0, 104N, 1168W,  24, 1007, XX,  34, NEQ,    0,    0,    0,    0,  -99,  -99,  51,   0,   0, 
EP, 10, 2026082300, 03, AVNO,   6, 112N, 1163W,  25, 1009, XX,  34, NEQ,    0,    0,    0,    0,  -99,  -99,  42,   0,   0, 
EP, 10, 2026082300, 03, AVNO,  12, 125N, 1152W,  31, 1004, XX,  34, NEQ,    0,    0,    0,    0,  -99,  -99,  38,   0,   0, 
EP, 10, 2026082300, 03, AVNO,  18, 145N, 1145W,  45, 1002, XX,  34, NEQ,  204,  106,  153,    0,  -99,  -99, 154,   0,   0, 
EP, 10, 2026082300, 03, AVNO,  24, 166N, 1157W,  42,  998, XX,  34, NEQ,  126,  210,    0,    0, 1006,  110,  53,   0,   0, 
EP, 10, 2026082300, 03, AVNO,  30, 171N, 1162W,  41,  998, XX,  34, NEQ,  156,  141,    0,   71, 1010,  230,  67,   0,   0, 
EP, 10, 2026082300, 03, AVNO,  36, 179N, 1166W,  52,  992, XX,  34, NEQ,  110,   96,    0,   86, 1004,  117,  32,   0,   0, 
EP, 10, 2026082300, 03, AVNO,  36, 179N, 1166W,  52,  992, XX,  50, NEQ,   35,   51,    0,    0, 1004,  117,  32,   0,   0, 
EP, 10, 2026082300, 03, AVNO,  42, 184N, 1176W,  50,  991, XX,  34, NEQ,  148,  148,   56,   83, 1011,  641,  39,   0,   0, 
EP, 10, 2026082300, 03, AVNO,  48, 189N, 1177W,  49,  989, XX,  34, NEQ,  140,  110,   54,   98, 1009,  715,  39,   0,   0, 
EP, 10, 2026082300, 03, AVNO,  54, 194N, 1184W,  50,  990, XX,  34, NEQ,  132,  122,   53,   95, 1010,  201,  38,   0,   0, 
EP, 10, 2026082300, 03, AVNO,  60, 201N, 1191W,  58,  984, XX,  34, NEQ,  140,  136,   67,  101, 1008,  314,  38,   0,   0, 
EP, 10, 2026082300, 03, AVNO,  60, 201N, 1191W,  58,  984, XX,  50, NEQ,   40,    0,    0,   46, 1008,  314,  38,   0,   0, 
EP, 10, 2026082300, 03, AVNO,  66, 204N, 1197W,  56,  984, XX,  34, NEQ,  158,   76,   62,  107, 1012,  937,  41,   0,   0, 
EP, 10, 2026082300, 03, AVNO,  66, 204N, 1197W,  56,  984, XX,  50, NEQ,    0,    0,   39,   48, 1012,  937,  41,   0,   0, 
EP, 10, 2026082300, 03, AVNO,  72, 208N, 1202W,  56,  977, XX,  34, NEQ,  113,   83,   66,  112, 1009,  395,  31,   0,   0, 
EP, 10, 2026082300, 03, AVNO,  72, 208N, 1202W,  56,  977, XX,  50, NEQ,   46,   38,    0,   48, 1009,  395,  31,   0,   0, 
EP, 10, 2026082300, 03, AVNO,  78, 211N, 1209W,  68,  979, XX,  34, NEQ,  127,   81,   60,   99, 1011,  379,  28,   0,   0, 
EP, 10, 2026082300, 03, AVNO,  78, 211N, 1209W,  68,  979, XX,  50, NEQ,   48,   44,    0,   53, 1011,  379,  28,   0,   0, 
EP, 10, 2026082300, 03, AVNO,  78, 211N, 1209W,  68,  979, XX,  64, NEQ,   25,    0,    0,   30, 1011,  379,  28,   0,   0, 
EP, 10, 2026082300, 03, AVNO,  84, 215N, 1218W,  62,  979, XX,  34, NEQ,   99,   76,   72,   91, 1007,  209,  33,   0,   0, 
EP, 10, 2026082300, 03, AVNO,  84, 215N, 1218W,  62,  979, XX,  50, NEQ,   52,   33,    0,   42, 1007,  209,  33,   0,   0, 
EP, 10, 2026082300, 03, AVNO,  90, 218N, 1228W,  61,  982, XX,  34, NEQ,   97,   75,   71,   94, 1010,  297,  28,   0,   0, 
EP, 10, 2026082300, 03, AVNO,  90, 218N, 1228W,  61,  982, XX,  50, NEQ,   53,    0,   40,   46, 1010,  297,  28,   0,   0, 
EP, 10, 2026082300, 03, AVNO,  96, 221N, 1239W,  58,  981, XX,  34, NEQ,  100,   71,   80,   98, 1005,  151,  32,   0,   0, 
EP, 10, 2026082300, 03, AVNO,  96, 221N, 1239W,  58,  981, XX,  50, NEQ,   45,    0,   36,   44, 1005,  151,  32,   0,   0, 
EP, 10, 2026082300, 03, AVNO, 102, 221N, 1250W,  59,  984, XX,  34, NEQ,   94,   63,   71,   95, 1008,  184,  28,   0,   0, 
EP, 10, 2026082300, 03, AVNO, 102, 221N, 1250W,  59,  984, XX,  50, NEQ,   42,    0,   30,   42, 1008,  184,  28,   0,   0, 
EP, 10, 2026082300, 03, AVNO, 108, 221N, 1261W,  56,  985, XX,  34, NEQ,   89,   63,   67,   88, 1009,  693,  26,   0,   0, 
EP, 10, 2026082300, 03, AVNO, 108, 221N, 1261W,  56,  985, XX,  50, NEQ,   40,    0,    0,   43, 1009,  693,  26,   0,   0, 
EP, 10, 2026082300, 03, AVNO, 114, 219N, 1270W,  53,  990, XX,  34, NEQ,   80,   54,   58,   85, 1010,  372,  34,   0,   0, 
EP, 10, 2026082300, 03, AVNO, 114, 219N, 1270W,  53,  990, XX,  50, NEQ,    0,    0,    0,   37, 1010,  372,  34,   0,   0, 
EP, 10, 2026082300, 03, AVNO, 120, 219N, 1279W,  49,  991, XX,  34, NEQ,   72,   49,   55,   73, 1007,  324,  31,   0,   0, 
EP, 10, 2026082300, 03, AVNO, 126, 217N, 1288W,  44,  995, XX,  34, NEQ,   68,    0,   53,   74, 1007,  131,  43,   0,   0, 
EP, 10, 2026082300, 03, AVNO, 132, 216N, 1300W,  39,  996, XX,  34, NEQ,   73,    0,    0,   73, 1004,   85,  44,   0,   0, 
EP, 10, 2026082300, 03, AVNO, 138, 214N, 1311W,  34, 1000, XX,  34, NEQ,    0,    0,    0,   54, 1008,  126,  51,   0,   0, 
EP, 10, 2026082300, 03, AVNO, 144, 213N, 1323W,  32,  999, XX,  34, NEQ,    0,    0,    0,    0, 1007,  366,  41,   0,   0, 
EP, 10, 2026082300, 03, AVNO, 150, 214N, 1334W,  31, 1003, XX,  34, NEQ,    0,    0,    0,    0, 1007,   52,  37,   0,   0, 
EP, 10, 2026082300, 03, AVNO, 156, 217N, 1348W,  33, 1003, XX,  34, NEQ,    0,    0,    0,    0, 1007,   83,  46,   0,   0, 
EP, 10, 2026082300, 03, AVNO, 162, 219N, 1362W,  31, 1006, XX,  34, NEQ,    0,    0,    0,    0, 1010,  100,  52,   0,   0, 
EP, 10, 2026082300, 03, AVNO, 168, 219N, 1376W,  29, 1005, XX,  34, NEQ,    0,    0,    0,    0,  -99,  -99,  69,   0,   0, 
EP, 10, 2026082300, 03, AVNO, 174, 217N, 1390W,  30, 1008, XX,  34, NEQ,    0,    0,    0,    0,  -99,  -99,  47,   0,   0, 
EP, 10, 2026082300, 03, AVNO, 180, 216N, 1404W,  27, 1007, XX,  34, NEQ,    0,    0,    0,    0,  -99,  -99,  57,   0,   0, 
EP, 10, 2026082300, 03, AVNO, 186, 215N, 1417W,  25, 1010, XX,  34, NEQ,    0,    0,    0,    0,  -99,  -99,  59,   0,   0, 
EP, 10, 2026082300, 03, AVNO, 192, 215N, 1430W,  26, 1008, XX,  34, NEQ,    0,    0,    0,    0,  -99,  -99,  44,   0,   0, 
EP, 10, 2026082300, 03, AVNO, 198, 214N, 1442W,  25, 1011, XX,  34, NEQ,    0,    0,    0,    0,  -99,  -99,  88,   0,   0, 
EP, 10, 2026082300, 03, AVNO, 204, 215N, 1455W,  24, 1010, XX,  34, NEQ,    0,    0,    0,    0,  -99,  -99,  36,   0,   0, 
EP, 10, 2026082300, 03, AVNO, 210, 216N, 1469W,  24, 1012, XX,  34, NEQ,    0,    0,    0,    0,  -99,  -99,  41,   0,   0, 
EP, 10, 2026082300, 03, AVNO, 216, 219N, 1483W,  23, 1011, XX,  34, NEQ,    0,    0,    0,    0,  -99,  -99,  57,   0,   0, 
EP, 10, 2026082300, 03, AVNO, 222, 214N, 1501W,  24, 1013, XX,  34, NEQ,    0,    0,    0,    0,  -99,  -99,  49,   0,   0, 
EP, 10, 2026082300, 03, AVNO, 228, 213N, 1516W,  25, 1012, XX,  34, NEQ,    0,    0,    0,    0,  -99,  -99,  59,   0,   0, 
EP, 10, 2026082300, 03, AVNO, 234, 214N, 1533W,  23, 1014, XX,  34, NEQ,    0,    0,    0,    0,  -99,  -99, 135,   0,   0, 
EP, 10, 2026082300, 03, AVNO, 240, 215N, 1545W,  20, 1012, XX,  34, NEQ,    0,    0,    0,    0,  -99,  -99, 158,   0,   0, 
EP, 10, 2026082300, 03, HCCA,   0,  99N, 1190W,  25,    0,   ,   0,    ,    0,    0,    0,    0, 
EP, 10, 2026082300, 03, HCCA,  12, 115N, 1191W,  36,    0,   ,   0,    ,    0,    0,    0,    0, 
EP, 10, 2026082300, 03, HCCA,  24, 132N, 1192W,  41,    0,   ,   0,    ,    0,    0,    0,    0, 
EP, 10, 2026082300, 03, HCCA,  36, 150N, 1197W,  52,    0,   ,   0,    ,    0,    0,    0,    0, 
EP, 10, 2026082300, 03, HCCA,  48, 169N, 1207W,  62,    0,   ,   0,    ,    0,    0,    0,    0, 
EP, 10, 2026082300, 03, HCCA,  60, 185N, 1221W,  64,    0,   ,   0,    ,    0,    0,    0,    0, 
EP, 10, 2026082300, 03, HCCA,  72, 197N, 1236W,  65,    0,   ,   0,    ,    0,    0,    0,    0, 
EP, 10, 2026082300, 03, HCCA,  84, 205N, 1254W,  63,    0,   ,   0,    ,    0,    0,    0,    0, 
EP, 10, 2026082300, 03, HCCA,  96, 211N, 1273W,  59,    0,   ,   0,    ,    0,    0,    0,    0, 
EP, 10, 2026082300, 03, HCCA, 108, 215N, 1291W,  51,    0,   ,   0,    ,    0,    0,    0,    0, 
EP, 10, 2026082300, 03, HCCA, 120, 216N, 1310W,  43,    0,   ,   0,    ,    0,    0,    0,    0, 
EP, 10, 2026082300, 03, HCCA, 132, 218N, 1330W,  40,    0,   ,   0,    ,    0,    0,    0,    0, 
EP, 10, 2026082300, 03, HCCA, 144, 221N, 1350W,  37,    0,   ,   0,    ,    0,    0,    0,    0, 
EP, 10, 2026082300, 03, HCCA, 156, 223N, 1373W,  35,    0,   ,   0,    ,    0,    0,    0,    0, 
EP, 10, 2026082300, 03, HCCA, 168, 225N, 1396W,  33,    0,   ,   0,    ,    0,    0,    0,    0, 
EP, 10, 2026082300, 03, HFSA,   0, 106N, 1179W,  26, 1004, XX,  34, NEQ,    0,    0,    0,    0,  -99,  -99,  91,   0,   0,    ,   0,    , 273,   6,           ,  ,  0,    ,    0,    0,    0,    0, THERMO PARAMS, 27, -154, -88, N, 10, DT, -999, SHR82, -99, 
EP, 10, 2026082300, 03, HFSA,   6, 105N, 1177W,  54, 1002, XX,  34, NEQ,    0,   32,   92,    0, 1006,   10,  83,   0,   0,    ,   0,    ,   2,   7,           ,  ,  0,    ,    0,    0,    0,    0, THERMO PARAMS, -29, -433, 368, N, 10, DT, -999, SHR82, -99, 
EP, 10, 2026082300, 03, HFSA,  12, 112N, 1179W,  42, 1000, XX,  34, NEQ,    0,   23,   11,    0, 1004,    6,  11,   0,   0,    ,   0,    ,   7,   4,           ,  ,  0,    ,    0,    0,    0,    0, THERMO PARAMS, -47, -233, 169, N, 10, DT, -999, SHR82, -99, 
EP, 10, 2026082300, 03, HFSA,  18, 133N, 1159W,  52, 1008, XX,  34, NEQ,    0,    0,    0,    0,  -99,  -99, 116,   0,   0,    ,   0,    ,  47,  21,           ,  ,  0,    ,    0,    0,    0,    0, THERMO PARAMS, -9999, -9999, -9999, N, 10, DT, -999, SHR82, -99, 
EP, 10, 2026082300, 03, HFSA,  24, 163N, 1158W,  64,  990, XX,  34, NEQ,    0,  118,   78,    0,  994,   21,  32,   0,   0,    ,   0,    , 349,  11,           ,  ,  0,    ,    0,    0,    0,    0, THERMO PARAMS, -9999, -9999, -9999, N, 10, DT, -999, SHR82, -99, 
EP, 10, 2026082300, 03, HFSA,  24, 163N, 1158W,  64,  990, XX,  50, NEQ,    0,   47,    0,    0,  994,   21,  32,   0,   0,    ,   0,    , 349,  11,           ,  ,  0,    ,    0,    0,    0,    0, THERMO PARAMS, -9999, -9999, -9999, N, 10, DT, -999, SHR82, -99, 
EP, 10, 2026082300, 03, HFSA,  30, 169N, 1165W,  65,  990, XX,  34, NEQ,    0,  123,   92,    0,  994,   19,  28,   0,   0,    ,   0,    , 347,  10,           ,  ,  0,    ,    0,    0,    0,    0, THERMO PARAMS, -9999, -9999, -9999, N, 10, DT, -999, SHR82, -99, 
EP, 10, 2026082300, 03, HFSA,  30, 169N, 1165W,  65,  990, XX,  50, NEQ,    0,   63,    0,    0,  994,   19,  28,   0,   0,    ,   0,    , 347,  10,           ,  ,  0,    ,    0,    0,    0,    0, THERMO PARAMS, -9999, -9999, -9999, N, 10, DT, -999, SHR82, -99, 
EP, 10, 2026082300, 03, HFSA,  36, 178N, 1175W,  59,  987, XX,  34, NEQ,  154,  163,  118,   81,  995,   32,  21,   0,   0,    ,   0,    , 313,  11,           ,  ,  0,    ,    0,    0,    0,    0, THERMO PARAMS, -9999, -9999, -9999, N, 10, DT, -999, SHR82, -99, 
EP, 10, 2026082300, 03, HFSA,  36, 178N, 1175W,  59,  987, XX,  50, NEQ,   62,   65,    0,    0,  995,   32,  21,   0,   0,    ,   0,    , 313,  11,           ,  ,  0,    ,    0,    0,    0,    0, THERMO PARAMS, -9999, -9999, -9999, N, 10, DT, -999, SHR82, -99, 
EP, 10, 2026082300, 03, HFSA,  42, 183N, 1185W,  57,  988, XX,  34, NEQ,  170,  104,   57,   87,  996,   31,  55,   0,   0,    ,   0,    , 303,  11,           ,  ,  0,    ,    0,    0,    0,    0, THERMO PARAMS, -43, 949, 1261, N, 10, DT, -999, SHR82, -99, 
EP, 10, 2026082300, 03, HFSA,  42, 183N, 1185W,  57,  988, XX,  50, NEQ,   60,    0,    0,   32,  996,   31,  55,   0,   0,    ,   0,    , 303,  11,           ,  ,  0,    ,    0,    0,    0,    0, THERMO PARAMS, -43, 949, 1261, N, 10, DT, -999, SHR82, -99, 
EP, 10, 2026082300, 03, HFSA,  48, 188N, 1193W,  61,  983, XX,  34, NEQ,  152,  157,   49,  108,  995,   38,  31,   0,   0,    ,   0,    , 300,   9,           ,  ,  0,    ,    0,    0,    0,    0, THERMO PARAMS, -76, 949, 1431, N, 10, DT, -999, SHR82, -99, 
EP, 10, 2026082300, 03, HFSA,  48, 188N, 1193W,  61,  983, XX,  50, NEQ,   63,    0,    0,   47,  995,   38,  31,   0,   0,    ,   0,    , 300,   9,           ,  ,  0,    ,    0,    0,    0,    0, THERMO PARAMS, -76, 949, 1431, N, 10, DT, -999, SHR82, -99, 
EP, 10, 2026082300, 03, HFSA,  54, 191N, 1200W,  60,  985, XX,  34, NEQ,  141,  146,   50,  107, 1001,   55,  27,   0,   0,    ,   0,    , 297,  10,           ,  ,  0,    ,    0,    0,    0,    0, THERMO PARAMS, -86, 1256, 1378, N, 10, DT, -999, SHR82, -99, 
EP, 10, 2026082300, 03, HFSA,  54, 191N, 1200W,  60,  985, XX,  50, NEQ,   83,    0,    0,   66, 1001,   55,  27,   0,   0,    ,   0,    , 297,  10,           ,  ,  0,    ,    0,    0,    0,    0, THERMO PARAMS, -86, 1256, 1378, N, 10, DT, -999, SHR82, -99, 
EP, 10, 2026082300, 03, HFSA,  60, 196N, 1208W,  58,  983, XX,  34, NEQ,  138,  142,   57,  117,  987,   13,  18,   0,   0,    ,   0,    , 299,  10,           ,  ,  0,    ,    0,    0,    0,    0, THERMO PARAMS, -81, 1327, 1326, N, 10, DT, -999, SHR82, -99, 
EP, 10, 2026082300, 03, HFSA,  60, 196N, 1208W,  58,  983, XX,  50, NEQ,   65,    0,    0,   55,  987,   13,  18,   0,   0,    ,   0,    , 299,  10,           ,  ,  0,    ,    0,    0,    0,    0, THERMO PARAMS, -81, 1327, 1326, N, 10, DT, -999, SHR82, -99, 
EP, 10, 2026082300, 03, HFSA,  66, 201N, 1217W,  54,  986, XX,  34, NEQ,  139,  128,   45,  133, 1002,   67,  34,   0,   0,    ,   0,    , 300,  12,           ,  ,  0,    ,    0,    0,    0,    0, THERMO PARAMS, -115, 1271, 1353, N, 10, DT, -999, SHR82, -99, 
EP, 10, 2026082300, 03, HFSA,  66, 201N, 1217W,  54,  986, XX,  50, NEQ,   50,    0,    0,   45, 1002,   67,  34,   0,   0,    ,   0,    , 300,  12,           ,  ,  0,    ,    0,    0,    0,    0, THERMO PARAMS, -115, 1271, 1353, N, 10, DT, -999, SHR82, -99, 
EP, 10, 2026082300, 03, HFSA,  72, 207N, 1226W,  61,  982, XX,  34, NEQ,  133,  110,   57,  125, 1002,   81,  22,   0,   0,    ,   0,    , 298,  10,           ,  ,  0,    ,    0,    0,    0,    0, THERMO PARAMS, -116, 1425, 1609, N, 10, DT, -999, SHR82, -99, 
EP, 10, 2026082300, 03, HFSA,  72, 207N, 1226W,  61,  982, XX,  50, NEQ,   50,    0,    0,   47, 1002,   81,  22,   0,   0,    ,   0,    , 298,  10,           ,  ,  0,    ,    0,    0,    0,    0, THERMO PARAMS, -116, 1425, 1609, N, 10, DT, -999, SHR82, -99, 
EP, 10, 2026082300, 03, HFSA,  78, 211N, 1234W,  64,  985, XX,  34, NEQ,  121,   99,   84,  120, 1009,  191,  28,   0,   0,    ,   0,    , 292,  11,           ,  ,  0,    ,    0,    0,    0,    0, THERMO PARAMS, -82, 1411, 1552, N, 10, DT, -999, SHR82, -99, 
EP, 10, 2026082300, 03, HFSA,  78, 211N, 1234W,  64,  985, XX,  50, NEQ,   42,    0,    0,   34, 1009,  191,  28,   0,   0,    ,   0,    , 292,  11,           ,  ,  0,    ,    0,    0,    0,    0, THERMO PARAMS, -82, 1411, 1552, N, 10, DT, -999, SHR82, -99, 
EP, 10, 2026082300, 03, HFSA,  84, 215N, 1245W,  57,  985, XX,  34, NEQ,  115,   71,   58,  113, 1001,   69,  27,   0,   0,    ,   0,    , 288,  10,           ,  ,  0,    ,    0,    0,    0,    0, THERMO PARAMS, -70, 1368, 1526, N, 10, DT, -999, SHR82, -99, 
EP, 10, 2026082300, 03, HFSA,  84, 215N, 1245W,  57,  985, XX,  50, NEQ,   34,    0,    0,   36, 1001,   69,  27,   0,   0,    ,   0,    , 288,  10,           ,  ,  0,    ,    0,    0,    0,    0, THERMO PARAMS, -70, 1368, 1526, N, 10, DT, -999, SHR82, -99, 
EP, 10, 2026082300, 03, HFSA,  90, 219N, 1254W,  55,  988, XX,  34, NEQ,  112,   79,   79,  125, 1000,   47,  25,   0,   0,    ,   0,    , 290,  11,           ,  ,  0,    ,    0,    0,    0,    0, THERMO PARAMS, -56, 1214, 1516, N, 10, DT, -999, SHR82, -99, 
EP, 10, 2026082300, 03, HFSA,  90, 219N, 1254W,  55,  988, XX,  50, NEQ,   42,    0,    0,   29, 1000,   47,  25,   0,   0,    ,   0,    , 290,  11,           ,  ,  0,    ,    0,    0,    0,    0, THERMO PARAMS, -56, 1214, 1516, N, 10, DT, -999, SHR82, -99, 
EP, 10, 2026082300, 03, HFSA,  96, 224N, 1264W,  54,  986, XX,  34, NEQ,  110,   66,   71,  104, 1006,  145,  29,   0,   0,    ,   0,    , 287,  10,           ,  ,  0,    ,    0,    0,    0,    0, THERMO PARAMS, -26, 1160, 1379, N, 10, DT, -999, SHR82, -99, 
EP, 10, 2026082300, 03, HFSA,  96, 224N, 1264W,  54,  986, XX,  50, NEQ,   39,    0,   24,   44, 1006,  145,  29,   0,   0,    ,   0,    , 287,  10,           ,  ,  0,    ,    0,    0,    0,    0, THERMO PARAMS, -26, 1160, 1379, N, 10, DT, -999, SHR82, -99, 
EP, 10, 2026082300, 03, HFSA, 102, 226N, 1275W,  52,  990, XX,  34, NEQ,  108,   63,   78,  102, 1006,   97,  28,   0,   0,    ,   0,    , 274,  11,           ,  ,  0,    ,    0,    0,    0,    0, THERMO PARAMS, -42, 976, 1518, N, 10, DT, -999, SHR82, -99, 
EP, 10, 2026082300, 03, HFSA, 102, 226N, 1275W,  52,  990, XX,  50, NEQ,    0,    0,    0,   32, 1006,   97,  28,   0,   0,    ,   0,    , 274,  11,           ,  ,  0,    ,    0,    0,    0,    0, THERMO PARAMS, -42, 976, 1518, N, 10, DT, -999, SHR82, -99, 
EP, 10, 2026082300, 03, HFSA, 108, 227N, 1285W,  47,  991, XX,  34, NEQ,   94,   53,   55,   97, 1007,  153,  28,   0,   0,    ,   0,    , 280,   9,           ,  ,  0,    ,    0,    0,    0,    0, THERMO PARAMS, -35, 999, 1414, N, 10, DT, -999, SHR82, -99, 
EP, 10, 2026082300, 03, HFSA, 114, 228N, 1295W,  42,  996, XX,  34, NEQ,   83,    0,    0,   83, 1008,  114,  36,   0,   0,    ,   0,    , 275,  11,           ,  ,  0,    ,    0,    0,    0,    0, THERMO PARAMS, -78, 1254, 905, N, 10, DT, -999, SHR82, -99, 
EP, 10, 2026082300, 03, HFSA, 120, 229N, 1306W,  37,  996, XX,  34, NEQ,   79,    0,    0,   73, 1004,   76,  36,   0,   0,    ,   0,    , 275,  10,           ,  ,  0,    ,    0,    0,    0,    0, THERMO PARAMS, -104, 1322, 575, N, 10, DT, -999, SHR82, -99, 
EP, 10, 2026082300, 03, HFSA, 126, 229N, 1316W,  33, 1000, XX,  34, NEQ,    0,    0,    0,    0, 1008,  114,  55,   0,   0,    ,   0,    , -99, -99,           ,  ,  0,    ,    0,    0,    0,    0, THERMO PARAMS, -101, 1322, 240, N, 10, DT, -999, SHR82, -99, 
EP, 10, 2026082300, 03, TVCN,   0,  99N, 1190W,   0,    0,   ,   0,    ,    0,    0,    0,    0, 
EP, 10, 2026082300, 03, TVCN,  12, 116N, 1190W,   0,    0,   ,   0,    ,    0,    0,    0,    0, 
EP, 10, 2026082300, 03, TVCN,  24, 142N, 1190W,   0,    0,   ,   0,    ,    0,    0,    0,    0, 
EP, 10, 2026082300, 03, TVCN,  36, 165N, 1197W,   0,    0,   ,   0,    ,    0,    0,    0,    0, 
EP, 10, 2026082300, 03, TVCN,  48, 181N, 1209W,   0,    0,   ,   0,    ,    0,    0,    0,    0, 
EP, 10, 2026082300, 03, TVCN,  60, 193N, 1224W,   0,    0,   ,   0,    ,    0,    0,    0,    0, 
EP, 10, 2026082300, 03, TVCN,  72, 202N, 1240W,   0,    0,   ,   0,    ,    0,    0,    0,    0, 
EP, 10, 2026082300, 03, TVCN,  84, 208N, 1257W,   0,    0,   ,   0,    ,    0,    0,    0,    0, 
EP, 10, 2026082300, 03, TVCN,  96, 213N, 1276W,   0,    0,   ,   0,    ,    0,    0,    0,    0, 
EP, 10, 2026082300, 03, TVCN, 108, 216N, 1294W,   0,    0,   ,   0,    ,    0,    0,    0,    0, 
EP, 10, 2026082300, 03, TVCN, 120, 218N, 1313W,   0,    0,   ,   0,    ,    0,    0,    0,    0, 
EP, 10, 2026082300, 03, TVCN, 132, 219N, 1332W,   0,    0,   ,   0,    ,    0,    0,    0,    0, 
EP, 10, 2026082306, 03, AVNO,   0,  98N, 1204W,  22, 1011, XX,  34, NEQ,    0,    0,    0,    0,  -99,  -99, 127,   0,   0, 
EP, 10, 2026082306, 03, AVNO,   6, 101N, 1199W,  21, 1007, XX,  34, NEQ,    0,    0,    0,    0,  -99,  -99, 160,   0,   0, 
EP, 10, 2026082306, 03, AVNO,  12, 110N, 1187W,  31, 1009, XX,  34, NEQ,    0,    0,    0,    0,  -99,  -99,  30,   0,   0, 
EP, 10, 2026082306, 03, AVNO,  18, 119N, 1179W,  27, 1006, XX,  34, NEQ,    0,    0,    0,    0,  -99,  -99, 152,   0,   0, 
EP, 10, 2026082306, 03, AVNO,  24, 126N, 1175W,  27, 1009, XX,  34, NEQ,    0,    0,    0,    0,  -99,  -99,  62,   0,   0, 
EP, 10, 2026082306, 03, AVNO,  30, 137N, 1166W,  32, 1006, XX,  34, NEQ,    0,    0,    0,    0,  -99,  -99, 160,   0,   0, 
EP, 10, 2026082306, 03, AVNO,  36, 166N, 1162W,  46, 1000, XX,  34, NEQ,  181,    0,    0,  204,  -99,  -99, 160,   0,   0, 
EP, 10, 2026082306, 03, AVNO,  42, 192N, 1178W,  51,  990, XX,  34, NEQ,  160,  179,   40,   82, 1006,  165,  36,   0,   0, 
EP, 10, 2026082306, 03, AVNO,  42, 192N, 1178W,  51,  990, XX,  50, NEQ,   41,    0,    0,   37, 1006,  165,  36,   0,   0, 
EP, 10, 2026082306, 03, AVNO,  48, 196N, 1183W,  51,  992, XX,  34, NEQ,  142,  142,   41,   99, 1008,  116,  44,   0,   0, 
EP, 10, 2026082306, 03, AVNO,  48, 196N, 1183W,  51,  992, XX,  50, NEQ,   44,    0,    0,    0, 1008,  116,  44,   0,   0, 
EP, 10, 2026082306, 03, AVNO,  54, 202N, 1190W,  49,  987, XX,  34, NEQ,  115,   99,   59,   92, 1007,  152,  58,   0,   0, 
EP, 10, 2026082306, 03, AVNO,  60, 205N, 1197W,  58,  986, XX,  34, NEQ,  113,   70,   60,  106, 1010,  225,  34,   0,   0, 
EP, 10, 2026082306, 03, AVNO,  60, 205N, 1197W,  58,  986, XX,  50, NEQ,    0,    0,    0,   41, 1010,  225,  34,   0,   0, 
EP, 10, 2026082306, 03, AVNO,  66, 207N, 1203W,  57,  982, XX,  34, NEQ,  110,   63,   67,  120, 1006,  165,  27,   0,   0, 
EP, 10, 2026082306, 03, AVNO,  66, 207N, 1203W,  57,  982, XX,  50, NEQ,   45,   26,   38,   38, 1006,  165,  27,   0,   0, 
EP, 10, 2026082306, 03, AVNO,  72, 209N, 1211W,  60,  983, XX,  34, NEQ,  117,   74,   54,   98, 1011,  338,  38,   0,   0, 
EP, 10, 2026082306, 03, AVNO,  72, 209N, 1211W,  60,  983, XX,  50, NEQ,   38,   33,    0,   53, 1011,  338,  38,   0,   0, 
EP, 10, 2026082306, 03, AVNO,  78, 210N, 1218W,  55,  982, XX,  34, NEQ,   86,   62,   60,  103, 1006,  145,  30,   0,   0, 
EP, 10, 2026082306, 03, AVNO,  78, 210N, 1218W,  55,  982, XX,  50, NEQ,   36,   31,    0,   39, 1006,  145,  30,   0,   0, 
EP, 10, 2026082306, 03, AVNO,  84, 212N, 1227W,  62,  984, XX,  34, NEQ,   86,   56,   65,   96, 1008,  155,  25,   0,   0, 
EP, 10, 2026082306, 03, AVNO,  84, 212N, 1227W,  62,  984, XX,  50, NEQ,   43,    0,    0,   40, 1008,  155,  25,   0,   0, 
EP, 10, 2026082306, 03, AVNO,  90, 214N, 1237W,  62,  980, XX,  34, NEQ,   84,   52,   75,   91, 1004,  119,  24,   0,   0, 
EP, 10, 2026082306, 03, AVNO,  90, 214N, 1237W,  62,  980, XX,  50, NEQ,   47,    0,    0,   39, 1004,  119,  24,   0,   0, 
EP, 10, 2026082306, 03, AVNO,  96, 214N, 1248W,  60,  983, XX,  34, NEQ,   85,   57,   57,   85, 1007,  121,  34,   0,   0, 
EP, 10, 2026082306, 03, AVNO,  96, 214N, 1248W,  60,  983, XX,  50, NEQ,   50,   31,    0,   40, 1007,  121,  34,   0,   0, 
EP, 10, 2026082306, 03, AVNO, 102, 214N, 1257W,  60,  982, XX,  34, NEQ,   83,   56,   63,   84, 1006,  198,  27,   0,   0, 
EP, 10, 2026082306, 03, AVNO, 102, 214N, 1257W,  60,  982, XX,  50, NEQ,   40,    0,    0,   41, 1006,  198,  27,   0,   0, 
EP, 10, 2026082306, 03, AVNO, 108, 213N, 1267W,  57,  986, XX,  34, NEQ,   85,   51,   63,   78, 1006,   98,  25,   0,   0, 
EP, 10, 2026082306, 03, AVNO, 108, 213N, 1267W,  57,  986, XX,  50, NEQ,   42,    0,    0,   40, 1006,   98,  25,   0,   0, 
EP, 10, 2026082306, 03, AVNO, 114, 214N, 1276W,  55,  986, XX,  34, NEQ,   80,   55,   55,   75, 1006,  188,  29,   0,   0, 
EP, 10, 2026082306, 03, AVNO, 114, 214N, 1276W,  55,  986, XX,  50, NEQ,   36,    0,    0,   38, 1006,  188,  29,   0,   0, 
EP, 10, 2026082306, 03, AVNO, 120, 213N, 1286W,  49,  992, XX,  34, NEQ,   73,   47,   52,   79, 1008,  156,  27,   0,   0, 
EP, 10, 2026082306, 03, AVNO, 126, 214N, 1296W,  47,  992, XX,  34, NEQ,   83,   43,   38,   81, 1004,   95,  37,   0,   0, 
EP, 10, 2026082306, 03, AVNO, 132, 215N, 1307W,  43,  996, XX,  34, NEQ,   81,    0,    0,   76, 1004,   62,  46,   0,   0, 
EP, 10, 2026082306, 03, AVNO, 138, 215N, 1320W,  42,  996, XX,  34, NEQ,   74,    0,    0,   64, 1004,   84,  43,   0,   0, 
EP, 10, 2026082306, 03, AVNO, 144, 215N, 1333W,  36, 1001, XX,  34, NEQ,   57,    0,    0,   54, 1009,  130,  48,   0,   0, 
EP, 10, 2026082306, 03, AVNO, 150, 215N, 1347W,  35, 1001, XX,  34, NEQ,   45,    0,    0,   47, 1005,   44,  43,   0,   0, 
EP, 10, 2026082306, 03, AVNO, 156, 215N, 1361W,  32, 1004, XX,  34, NEQ,    0,    0,    0,    0, 1008,   57,  74,   0,   0, 
EP, 10, 2026082306, 03, AVNO, 162, 217N, 1376W,  34, 1004, XX,  34, NEQ,    0,    0,    0,    0, 1008,  197,  53,   0,   0, 
EP, 10, 2026082306, 03, AVNO, 168, 216N, 1392W,  34, 1007, XX,  34, NEQ,   58,    0,    0,    0,  -99,  -99,  53,   0,   0, 
EP, 10, 2026082306, 03, AVNO, 174, 216N, 1410W,  31, 1007, XX,  34, NEQ,    0,    0,    0,    0,  -99,  -99,  71,   0,   0, 
EP, 10, 2026082306, 03, AVNO, 180, 215N, 1425W,  29, 1010, XX,  34, NEQ,    0,    0,    0,    0,  -99,  -99,  61,   0,   0, 
EP, 10, 2026082306, 03, AVNO, 186, 215N, 1441W,  28, 1008, XX,  34, NEQ,    0,    0,    0,    0,  -99,  -99,  63,   0,   0, 
EP, 10, 2026082306, 03, AVNO, 192, 213N, 1457W,  29, 1011, XX,  34, NEQ,    0,    0,    0,    0,  -99,  -99,  42,   0,   0, 
EP, 10, 2026082306, 03, AVNO, 198, 213N, 1475W,  28, 1011, XX,  34, NEQ,    0,    0,    0,    0,  -99,  -99,  47,   0,   0, 
EP, 10, 2026082306, 03, AVNO, 204, 213N, 1494W,  27, 1013, XX,  34, NEQ,    0,    0,    0,    0,  -99,  -99,  77,   0,   0, 
EP, 10, 2026082306, 03, AVNO, 210, 210N, 1512W,  25, 1011, XX,  34, NEQ,    0,    0,    0,    0,  -99,  -99,  66,   0,   0, 
EP, 10, 2026082306, 03, AVNO, 216, 207N, 1529W,  25, 1013, XX,  34, NEQ,    0,    0,    0,    0,  -99,  -99,  66,   0,   0, 
EP, 10, 2026082306, 03, AVNO, 222, 206N, 1545W,  24, 1013, XX,  34, NEQ,    0,    0,    0,    0,  -99,  -99,  71,   0,   0, 
EP, 10, 2026082306, 03, AVNO, 228, 206N, 1566W,  23, 1015, XX,  34, NEQ,    0,    0,    0,    0,  -99,  -99,  79,   0,   0, 
EP, 10, 2026082306, 03, AVNO, 234, 206N, 1578W,  23, 1013, XX,  34, NEQ,    0,    0,    0,    0,  -99,  -99,  92,   0,   0, 
EP, 10, 2026082306, 03, AVNO, 240, 208N, 1595W,  22, 1014, XX,  34, NEQ,    0,    0,    0,    0,  -99,  -99, 110,   0,   0, 
EP, 10, 2026082306, 03, HCCA,   0, 102N, 1209W,  25,    0,   ,   0,    ,    0,    0,    0,    0, 
EP, 10, 2026082306, 03, HCCA,  12, 124N, 1203W,  37,    0,   ,   0,    ,    0,    0,    0,    0, 
EP, 10, 2026082306, 03, HCCA,  24, 153N, 1203W,  52,    0,   ,   0,    ,    0,    0,    0,    0, 
EP, 10, 2026082306, 03, HCCA,  36, 169N, 1213W,  62,    0,   ,   0,    ,    0,    0,    0,    0, 
EP, 10, 2026082306, 03, HCCA,  48, 183N, 1228W,  62,    0,   ,   0,    ,    0,    0,    0,    0, 
EP, 10, 2026082306, 03, HCCA,  60, 193N, 1245W,  60,    0,   ,   0,    ,    0,    0,    0,    0, 
EP, 10, 2026082306, 03, HCCA,  72, 201N, 1263W,  59,    0,   ,   0,    ,    0,    0,    0,    0, 
EP, 10, 2026082306, 03, HCCA,  84, 208N, 1281W,  57,    0,   ,   0,    ,    0,    0,    0,    0, 
EP, 10, 2026082306, 03, HCCA,  96, 213N, 1300W,  50,    0,   ,   0,    ,    0,    0,    0,    0, 
EP, 10, 2026082306, 03, HCCA, 108, 218N, 1317W,  41,    0,   ,   0,    ,    0,    0,    0,    0, 
EP, 10, 2026082306, 03, HCCA, 120, 221N, 1336W,  36,    0,   ,   0,    ,    0,    0,    0,    0, 
EP, 10, 2026082306, 03, HCCA, 132, 222N, 1357W,  41,    0,   ,   0,    ,    0,    0,    0,    0, 
EP, 10, 2026082306, 03, HCCA, 144, 223N, 1379W,  44,    0,   ,   0,    ,    0,    0,    0,    0, 
EP, 10, 2026082306, 03, HCCA, 156, 229N, 1402W,  44,    0,   ,   0,    ,    0,    0,    0,    0, 
EP, 10, 2026082306, 03, HCCA, 168, 234N, 1423W,  46,    0,   ,   0,    ,    0,    0,    0,    0, 
EP, 10, 2026082306, 03, HFSA,   0, 101N, 1208W,  26, 1010, XX,  34, NEQ,    0,    0,    0,    0,  -99,  -99,  78,   0,   0,    ,   0,    , 272,   8,           ,  ,  0,    ,    0,    0,    0,    0, THERMO PARAMS, 20, -156, 135, N, 10, DT, -999, SHR82, -99, 
EP, 10, 2026082306, 03, HFSA,   6, 100N, 1197W,  36, 1005, XX,  34, NEQ,    0,    0,    0,    0,  -99,  -99,  77,   0,   0,    ,   0,    ,  84,   7,           ,  ,  0,    ,    0,    0,    0,    0, THERMO PARAMS, -73, -155, 37, N, 10, DT, -999, SHR82, -99, 
EP, 10, 2026082306, 03, HFSA,  12, 112N, 1185W,  38, 1001, XX,  34, NEQ,    0,    0,    0,    0, 1005,    6,  22,   0,   0,    ,   0,    ,  26,   5,           ,  ,  0,    ,    0,    0,    0,    0, THERMO PARAMS, -63, -159, 121, N, 10, DT, -999, SHR82, -99, 
EP, 10, 2026082306, 03, HFSA,  18, 107N, 1194W,  32, 1005, XX,  34, NEQ,    0,    0,    0,    0,  -99,  -99,  72,   0,   0,    ,   0,    ,  68,   3,           ,  ,  0,    ,    0,    0,    0,    0, THERMO PARAMS, -6, 47, 94, N, 10, DT, -999, SHR82, -99, 
EP, 10, 2026082306, 03, HFSA,  24, 112N, 1192W,  34, 1008, XX,  34, NEQ,    0,    0,    0,    0,  -99,  -99, 121,   0,   0,    ,   0,    ,  41,   6,           ,  ,  0,    ,    0,    0,    0,    0, THERMO PARAMS, -9999, -9999, -9999, N, 10, DT, -999, SHR82, -99, 
EP, 10, 2026082306, 03, HFSA,  30, 120N, 1191W,  32, 1006, XX,  34, NEQ,    0,    0,    0,    0,  -99,  -99, 153,   0,   0,    ,   0,    ,  23,   6,           ,  ,  0,    ,    0,    0,    0,    0, THERMO PARAMS, -9999, -9999, -9999, N, 10, DT, -999, SHR82, -99, 
EP, 10, 2026082312, 03,  UKX,   0, 114N, 1214W,  19, 1008, XX,  34, NEQ,    0,    0,    0,    0, 
EP, 10, 2026082312, 03,  UKX,   6, 110N, 1215W,  18, 1008, XX,  34, NEQ,    0,    0,    0,    0, 
EP, 10, 2026082312, 03,  UKX,  12, 119N, 1218W,  18, 1007, XX,  34, NEQ,    0,    0,    0,    0, 
EP, 10, 2026082312, 03,  UKX,  18, 122N, 1219W,  21, 1008, XX,  34, NEQ,    0,    0,    0,    0, 
EP, 10, 2026082312, 03,  UKX,  24, 125N, 1219W,  22, 1007, XX,  34, NEQ,    0,    0,    0,    0, 
EP, 10, 2026082312, 03,  UKX,  30, 131N, 1219W,  26, 1008, XX,  34, NEQ,    0,    0,    0,    0, 
EP, 10, 2026082312, 03,  UKX,  36, 137N, 1220W,  25, 1007, XX,  34, NEQ,    0,    0,    0,    0, 
EP, 10, 2026082312, 03, AVNO,   0,  99N, 1209W,  21, 1007, XX,  34, NEQ,    0,    0,    0,    0,  -99,  -99,  68,   0,   0, 
EP, 10, 2026082312, 03, AVNO,   6, 109N, 1201W,  28, 1009, XX,  34, NEQ,    0,    0,    0,    0,  -99,  -99, 110,   0,   0, 
EP, 10, 2026082312, 03, AVNO,  12, 111N, 1204W,  23, 1006, XX,  34, NEQ,    0,    0,    0,    0,  -99,  -99, 160,   0,   0, 
EP, 10, 2026082312, 03, AVNO,  18, 111N, 1209W,  25, 1008, XX,  34, NEQ,    0,    0,    0,    0,  -99,  -99,  68,   0,   0, 
EP, 10, 2026082312, 03, AVNO,  24, 112N, 1211W,  22, 1006, XX,  34, NEQ,    0,    0,    0,    0,  -99,  -99, 159,   0,   0, 
EP, 10, 2026082312, 03, AVNO,  30, 119N, 1207W,  23, 1009, XX,  34, NEQ,    0,    0,    0,    0,  -99,  -99, 103,   0,   0, 
EP, 10, 2026082312, 03, AVNO,  36, 125N, 1201W,  25, 1006, XX,  34, NEQ,    0,    0,    0,    0,  -99,  -99,  41,   0,   0, 
EP, 10, 2026082312, 03, AVNO,  42, 137N, 1192W,  27, 1009, XX,  34, NEQ,    0,    0,    0,    0,  -99,  -99, 160,   0,   0, 
EP, 10, 2026082312, 03, AVNO,  48, 153N, 1182W,  31, 1005, XX,  34, NEQ,    0,    0,    0,    0,  -99,  -99,  55,   0,   0, 
EP, 10, 2026082312, 03, AVNO,  54, 178N, 1182W,  59, 1001, XX,  34, NEQ,  202,    0,    0,  286,  -99,  -99, 157,   0,   0, 
EP, 10, 2026082312, 03, AVNO,  54, 178N, 1182W,  59, 1001, XX,  50, NEQ,    0,    0,    0,  230,  -99,  -99, 157,   0,   0, 
EP, 10, 2026082312, 03, AVNO,  60, 208N, 1200W,  66,  975, XX,  34, NEQ,  134,   42,   88,  135, 1007,  283,  27,   0,   0, 
EP, 10, 2026082312, 03, AVNO,  60, 208N, 1200W,  66,  975, XX,  50, NEQ,   44,    0,   60,   71, 1007,  283,  27,   0,   0, 
EP, 10, 2026082312, 03, AVNO,  60, 208N, 1200W,  66,  975, XX,  64, NEQ,    0,    0,    0,   40, 1007,  283,  27,   0,   0, 
EP, 10, 2026082312, 03, AVNO,  66, 211N, 1210W,  70,  977, XX,  34, NEQ,  121,   98,   55,   97, 1009,  216,  25,   0,   0, 
EP, 10, 2026082312, 03, AVNO,  66, 211N, 1210W,  70,  977, XX,  50, NEQ,   47,   45,    0,   46, 1009,  216,  25,   0,   0, 
EP, 10, 2026082312, 03, AVNO,  66, 211N, 1210W,  70,  977, XX,  64, NEQ,   30,    0,    0,   27, 1009,  216,  25,   0,   0, 
EP, 10, 2026082312, 03, AVNO,  72, 215N, 1218W,  69,  977, XX,  34, NEQ,   95,   87,   62,  103, 1009, 1313,  33,   0,   0, 
EP, 10, 2026082312, 03, AVNO,  72, 215N, 1218W,  69,  977, XX,  50, NEQ,   54,   32,   29,   46, 1009, 1313,  33,   0,   0, 
EP, 10, 2026082312, 03, AVNO,  72, 215N, 1218W,  69,  977, XX,  64, NEQ,   33,    0,    0,   31, 1009, 1313,  33,   0,   0, 
EP, 10, 2026082312, 03, AVNO,  78, 218N, 1227W,  61,  982, XX,  34, NEQ,  109,   79,   68,  108, 1010,  335,  29,   0,   0, 
EP, 10, 2026082312, 03, AVNO,  78, 218N, 1227W,  61,  982, XX,  50, NEQ,   54,   37,    0,   43, 1010,  335,  29,   0,   0, 
EP, 10, 2026082312, 03, AVNO,  84, 221N, 1237W,  58,  983, XX,  34, NEQ,   97,   55,   72,   98, 1007,  192,  27,   0,   0, 
EP, 10, 2026082312, 03, AVNO,  84, 221N, 1237W,  58,  983, XX,  50, NEQ,   48,    0,   32,   41, 1007,  192,  27,   0,   0, 
EP, 10, 2026082312, 03, AVNO,  90, 224N, 1248W,  58,  986, XX,  34, NEQ,   89,   63,   67,   92, 1010,  311,  26,   0,   0, 
EP, 10, 2026082312, 03, AVNO,  90, 224N, 1248W,  58,  986, XX,  50, NEQ,   44,    0,    0,   42, 1010,  311,  26,   0,   0, 
EP, 10, 2026082312, 03, AVNO,  96, 225N, 1259W,  52,  987, XX,  34, NEQ,   72,   66,   62,   97, 1007,  262,  32,   0,   0, 
EP, 10, 2026082312, 03, AVNO,  96, 225N, 1259W,  52,  987, XX,  50, NEQ,   39,    0,    0,   31, 1007,  262,  32,   0,   0, 
EP, 10, 2026082312, 03, AVNO, 102, 226N, 1270W,  50,  992, XX,  34, NEQ,   85,   70,   56,   80, 1008,  133,  41,   0,   0, 
EP, 10, 2026082312, 03, AVNO, 102, 226N, 1270W,  50,  992, XX,  50, NEQ,   41,    0,    0,    0, 1008,  133,  41,   0,   0, 
EP, 10, 2026082312, 03, AVNO, 108, 228N, 1281W,  45,  993, XX,  34, NEQ,   74,   62,   51,   75, 1005,  111,  42,   0,   0, 
EP, 10, 2026082312, 03, AVNO, 114, 229N, 1293W,  42,  998, XX,  34, NEQ,   69,    0,    0,   77, 1006,   73,  38,   0,   0, 
EP, 10, 2026082312, 03, AVNO, 120, 230N, 1306W,  38,  998, XX,  34, NEQ,   60,    0,    0,   63, 1002,   38,  49,   0,   0, 
EP, 10, 2026082312, 03, AVNO, 126, 231N, 1319W,  33, 1002, XX,  34, NEQ,    0,    0,    0,    0, 1006,   49,  40,   0,   0, 
EP, 10, 2026082312, 03, AVNO, 132, 234N, 1334W,  32, 1002, XX,  34, NEQ,    0,    0,    0,    0, 1006,   64,  54,   0,   0, 
EP, 10, 2026082312, 03, AVNO, 138, 235N, 1350W,  32, 1006, XX,  34, NEQ,    0,    0,    0,    0,  -99,  -99,  61,   0,   0, 
EP, 10, 2026082312, 03, AVNO, 144, 236N, 1366W,  28, 1006, XX,  34, NEQ,    0,    0,    0,    0,  -99,  -99,  86,   0,   0, 
EP, 10, 2026082312, 03, AVNO, 150, 237N, 1382W,  26, 1009, XX,  34, NEQ,    0,    0,    0,    0,  -99,  -99,  83,   0,   0, 
EP, 10, 2026082312, 03, AVNO, 156, 239N, 1397W,  24, 1008, XX,  34, NEQ,    0,    0,    0,    0,  -99,  -99, 158,   0,   0, 
EP, 10, 2026082312, 03, AVNO, 162, 240N, 1410W,  24, 1011, XX,  34, NEQ,    0,    0,    0,    0,  -99,  -99,  63,   0,   0, 
EP, 10, 2026082312, 03, AVNO, 168, 241N, 1425W,  24, 1010, XX,  34, NEQ,    0,    0,    0,    0,  -99,  -99, 158,   0,   0, 
EP, 10, 2026082312, 03, AVNO, 174, 244N, 1439W,  28, 1013, XX,  34, NEQ,    0,    0,    0,    0,  -99,  -99, 158,   0,   0, 
EP, 10, 2026082312, 03, AVNO, 180, 244N, 1449W,  28, 1011, XX,  34, NEQ,    0,    0,    0,    0,  -99,  -99, 158,   0,   0, 
EP, 10, 2026082312, 03, AVNO, 186, 247N, 1459W,  28, 1013, XX,  34, NEQ,    0,    0,    0,    0,  -99,  -99, 156,   0,   0, 
EP, 10, 2026082312, 03, AVNO, 192, 248N, 1474W,  28, 1012, XX,  34, NEQ,    0,    0,    0,    0,  -99,  -99, 138,   0,   0, 
EP, 10, 2026082312, 03, AVNO, 198, 258N, 1490W,  28, 1014, XX,  34, NEQ,    0,    0,    0,    0,  -99,  -99, 106,   0,   0, 
EP, 10, 2026082312, 03, AVNO, 204, 251N, 1504W,  26, 1013, XX,  34, NEQ,    0,    0,    0,    0,  -99,  -99, 145,   0,   0, 
EP, 10, 2026082312, 03, HCCA,   0, 103N, 1227W,  25,    0,   ,   0,    ,    0,    0,    0,    0, 
EP, 10, 2026082312, 03, HCCA,  12, 116N, 1220W,  35,    0,   ,   0,    ,    0,    0,    0,    0, 
EP, 10, 2026082312, 03, HCCA,  24, 141N, 1221W,  47,    0,   ,   0,    ,    0,    0,    0,    0, 
EP, 10, 2026082312, 03, HCCA,  36, 170N, 1230W,  59,    0,   ,   0,    ,    0,    0,    0,    0, 
EP, 10, 2026082312, 03, HCCA,  48, 187N, 1239W,  56,    0,   ,   0,    ,    0,    0,    0,    0, 
EP, 10, 2026082312, 03, HCCA,  60, 199N, 1251W,  56,    0,   ,   0,    ,    0,    0,    0,    0, 
EP, 10, 2026082312, 03, HCCA,  72, 211N, 1264W,  54,    0,   ,   0,    ,    0,    0,    0,    0, 
EP, 10, 2026082312, 03, HCCA,  84, 215N, 1283W,  53,    0,   ,   0,    ,    0,    0,    0,    0, 
EP, 10, 2026082312, 03, HCCA,  96, 219N, 1303W,  49,    0,   ,   0,    ,    0,    0,    0,    0, 
EP, 10, 2026082312, 03, HCCA, 108, 223N, 1322W,  44,    0,   ,   0,    ,    0,    0,    0,    0, 
EP, 10, 2026082312, 03, HCCA, 120, 227N, 1343W,  42,    0,   ,   0,    ,    0,    0,    0,    0, 
EP, 10, 2026082312, 03, HCCA, 132, 229N, 1366W,  45,    0,   ,   0,    ,    0,    0,    0,    0, 
EP, 10, 2026082312, 03, HCCA, 144, 230N, 1388W,  46,    0,   ,   0,    ,    0,    0,    0,    0, 
EP, 10, 2026082312, 03, HCCA, 156, 235N, 1412W,  48,    0,   ,   0,    ,    0,    0,    0,    0, 
EP, 10, 2026082312, 03, HCCA, 168, 240N, 1434W,  50,    0,   ,   0,    ,    0,    0,    0,    0, 
EP, 10, 2026082312, 03, HFSA,   0, 101N, 1219W,  25, 1006, XX,  34, NEQ,    0,    0,    0,    0,  -99,  -99,  64,   0,   0,    ,   0,    , 272,   9,           ,  ,  0,    ,    0,    0,    0,    0, THERMO PARAMS, 39, -102, 24, N, 10, DT, -999, SHR82, -99, 
EP, 10, 2026082312, 03, HFSA,   6, 105N, 1209W,  34, 1009, XX,  34, NEQ,    0,    0,    0,    0,  -99,  -99,  78,   0,   0,    ,   0,    ,  55,   9,           ,  ,  0,    ,    0,    0,    0,    0, THERMO PARAMS, -69, -216, 155, N, 10, DT, -999, SHR82, -99, 
EP, 10, 2026082312, 03, HFSA,  12, 112N, 1193W,  38, 1006, XX,  34, NEQ,    0,   40,    0,    0,  -99,  -99,  35,   0,   0,    ,   0,    ,  63,   5,           ,  ,  0,    ,    0,    0,    0,    0, THERMO PARAMS, -35, -33, -1, N, 10, DT, -999, SHR82, -99, 
EP, 10, 2026082312, 03, HFSA,  18, 118N, 1188W,  33, 1008, XX,  34, NEQ,    0,    0,    0,    0,  -99,  -99,  89,   0,   0,    ,   0,    ,  42,  10,           ,  ,  0,    ,    0,    0,    0,    0, THERMO PARAMS, -60, 646, 501, N, 10, DT, -999, SHR82, -99, 
EP, 10, 2026082312, 03, HFSA,  24, 127N, 1181W,  33, 1003, XX,  34, NEQ,    0,    0,    0,    0,  -99,  -99, 156,   0,   0,    ,   0,    ,  36,  11,           ,  ,  0,    ,    0,    0,    0,    0, THERMO PARAMS, -55, 960, 1120, N, 10, DT, -999, SHR82, -99, 
EP, 10, 2026082312, 03, HFSA,  30, 168N, 1174W,  68,  997, XX,  34, NEQ,  196,   34,    0,  178,  -99,  -99,  86,   0,   0,    ,   0,    ,   7,  29,           ,  ,  0,    ,    0,    0,    0,    0, THERMO PARAMS, -9999, -9999, -9999, N, 10, DT, -999, SHR82, -99, 
EP, 10, 2026082312, 03, HFSA,  30, 168N, 1174W,  68,  997, XX,  50, NEQ,  128,    0,    0,  120,  -99,  -99,  86,   0,   0,    ,   0,    ,   7,  29,           ,  ,  0,    ,    0,    0,    0,    0, THERMO PARAMS, -9999, -9999, -9999, N, 10, DT, -999, SHR82, -99, 
EP, 10, 2026082312, 03, HFSA,  36, 188N, 1186W,  65,  981, XX,  34, NEQ,  144,  170,   58,  105,  997,   47,  26,   0,   0,    ,   0,    , 311,  12,           ,  ,  0,    ,    0,    0,    0,    0, THERMO PARAMS, -9999, -9999, -9999, N, 10, DT, -999, SHR82, -99, 
EP, 10, 2026082312, 03, HFSA,  36, 188N, 1186W,  65,  981, XX,  50, NEQ,   66,   65,   26,   50,  997,   47,  26,   0,   0,    ,   0,    , 311,  12,           ,  ,  0,    ,    0,    0,    0,    0, THERMO PARAMS, -9999, -9999, -9999, N, 10, DT, -999, SHR82, -99, 
EP, 10, 2026082312, 03, HFSA,  36, 188N, 1186W,  65,  981, XX,  64, NEQ,    0,    0,    0,   26,  997,   47,  26,   0,   0,    ,   0,    , 311,  12,           ,  ,  0,    ,    0,    0,    0,    0, THERMO PARAMS, -9999, -9999, -9999, N, 10, DT, -999, SHR82, -99, 
EP, 10, 2026082312, 03, HFSA,  42, 192N, 1196W,  66,  983, XX,  34, NEQ,  136,  146,   66,  100,  999,   46,  27,   0,   0,    ,   0,    , 296,  11,           ,  ,  0,    ,    0,    0,    0,    0, THERMO PARAMS, -23, 1167, 1558, N, 10, DT, -999, SHR82, -99, 
EP, 10, 2026082312, 03, HFSA,  42, 192N, 1196W,  66,  983, XX,  50, NEQ,   57,    0,   26,   50,  999,   46,  27,   0,   0,    ,   0,    , 296,  11,           ,  ,  0,    ,    0,    0,    0,    0, THERMO PARAMS, -23, 1167, 1558, N, 10, DT, -999, SHR82, -99, 
EP, 10, 2026082312, 03, HFSA,  42, 192N, 1196W,  66,  983, XX,  64, NEQ,   34,    0,    0,   28,  999,   46,  27,   0,   0,    ,   0,    , 296,  11,           ,  ,  0,    ,    0,    0,    0,    0, THERMO PARAMS, -23, 1167, 1558, N, 10, DT, -999, SHR82, -99, 
EP, 10, 2026082312, 03, HFSA,  48, 196N, 1203W,  68,  980, XX,  34, NEQ,  146,  152,   73,  104,  996,   43,  23,   0,   0,    ,   0,    , 297,   9,           ,  ,  0,    ,    0,    0,    0,    0, THERMO PARAMS, -65, 1383, 1636, N, 10, DT, -999, SHR82, -99, 
EP, 10, 2026082312, 03, HFSA,  48, 196N, 1203W,  68,  980, XX,  50, NEQ,   55,   37,   29,   47,  996,   43,  23,   0,   0,    ,   0,    , 297,   9,           ,  ,  0,    ,    0,    0,    0,    0, THERMO PARAMS, -65, 1383, 1636, N, 10, DT, -999, SHR82, -99, 
EP, 10, 2026082312, 03, HFSA,  48, 196N, 1203W,  68,  980, XX,  64, NEQ,   21,    0,    0,   26,  996,   43,  23,   0,   0,    ,   0,    , 297,   9,           ,  ,  0,    ,    0,    0,    0,    0, THERMO PARAMS, -65, 1383, 1636, N, 10, DT, -999, SHR82, -99, 
EP, 10, 2026082312, 03, HFSA,  54, 199N, 1211W,  69,  980, XX,  34, NEQ,  142,  130,   62,  117, 1004,   80,  26,   0,   0,    ,   0,    , 294,  10,           ,  ,  0,    ,    0,    0,    0,    0, THERMO PARAMS, -83, 1476, 1841, N, 10, DT, -999, SHR82, -99, 
EP, 10, 2026082312, 03, HFSA,  54, 199N, 1211W,  69,  980, XX,  50, NEQ,   62,   39,   31,   50, 1004,   80,  26,   0,   0,    ,   0,    , 294,  10,           ,  ,  0,    ,    0,    0,    0,    0, THERMO PARAMS, -83, 1476, 1841, N, 10, DT, -999, SHR82, -99, 
EP, 10, 2026082312, 03, HFSA,  54, 199N, 1211W,  69,  980, XX,  64, NEQ,   31,    0,    0,   28, 1004,   80,  26,   0,   0,    ,   0,    , 294,  10,           ,  ,  0,    ,    0,    0,    0,    0, THERMO PARAMS, -83, 1476, 1841, N, 10, DT, -999, SHR82, -99, 
EP, 10, 2026082312, 03, HFSA,  60, 204N, 1221W,  70,  978, XX,  34, NEQ,  123,  108,   57,  113,  998,   56,  22,   0,   0,    ,   0,    , 292,  10,           ,  ,  0,    ,    0,    0,    0,    0, THERMO PARAMS, -76, 1227, 1918, N, 10, DT, -999, SHR82, -99, 
EP, 10, 2026082312, 03, HFSA,  60, 204N, 1221W,  70,  978, XX,  50, NEQ,   49,   34,   29,   53,  998,   56,  22,   0,   0,    ,   0,    , 292,  10,           ,  ,  0,    ,    0,    0,    0,    0, THERMO PARAMS, -76, 1227, 1918, N, 10, DT, -999, SHR82, -99, 
EP, 10, 2026082312, 03, HFSA,  60, 204N, 1221W,  70,  978, XX,  64, NEQ,   29,    0,    0,   29,  998,   56,  22,   0,   0,    ,   0,    , 292,  10,           ,  ,  0,    ,    0,    0,    0,    0, THERMO PARAMS, -76, 1227, 1918, N, 10, DT, -999, SHR82, -99, 
EP, 10, 2026082312, 03, HFSA,  66, 206N, 1228W,  71,  982, XX,  34, NEQ,  121,   73,   62,  125, 1002,   64,  21,   0,   0,    ,   0,    , 292,  10,           ,  ,  0,    ,    0,    0,    0,    0, THERMO PARAMS, -36, 1331, 1644, N, 10, DT, -999, SHR82, -99, 
EP, 10, 2026082312, 03, HFSA,  66, 206N, 1228W,  71,  982, XX,  50, NEQ,   45,   28,   29,   52, 1002,   64,  21,   0,   0,    ,   0,    , 292,  10,           ,  ,  0,    ,    0,    0,    0,    0, THERMO PARAMS, -36, 1331, 1644, N, 10, DT, -999, SHR82, -99, 
EP, 10, 2026082312, 03, HFSA,  66, 206N, 1228W,  71,  982, XX,  64, NEQ,   24,    0,    0,   26, 1002,   64,  21,   0,   0,    ,   0,    , 292,  10,           ,  ,  0,    ,    0,    0,    0,    0, THERMO PARAMS, -36, 1331, 1644, N, 10, DT, -999, SHR82, -99, 
EP, 10, 2026082312, 03, HFSA,  72, 211N, 1236W,  66,  981, XX,  34, NEQ,  107,   78,   58,  117,  989,   28,  23,   0,   0,    ,   0,    , 299,  10,           ,  ,  0,    ,    0,    0,    0,    0, THERMO PARAMS, -59, 1248, 1803, N, 10, DT, -999, SHR82, -99, 
EP, 10, 2026082312, 03, HFSA,  72, 211N, 1236W,  66,  981, XX,  50, NEQ,   47,   36,   28,   40,  989,   28,  23,   0,   0,    ,   0,    , 299,  10,           ,  ,  0,    ,    0,    0,    0,    0, THERMO PARAMS, -59, 1248, 1803, N, 10, DT, -999, SHR82, -99, 
EP, 10, 2026082312, 03, HFSA,  72, 211N, 1236W,  66,  981, XX,  64, NEQ,   26,    0,    0,    0,  989,   28,  23,   0,   0,    ,   0,    , 299,  10,           ,  ,  0,    ,    0,    0,    0,    0, THERMO PARAMS, -59, 1248, 1803, N, 10, DT, -999, SHR82, -99, 
EP, 10, 2026082312, 03, HFSA,  78, 215N, 1246W,  60,  984, XX,  34, NEQ,  112,   74,   68,  112, 1004,   74,  31,   0,   0,    ,   0,    , 292,  11,           ,  ,  0,    ,    0,    0,    0,    0, THERMO PARAMS, -66, 1191, 1634, N, 10, DT, -999, SHR82, -99, 
EP, 10, 2026082312, 03, HFSA,  78, 215N, 1246W,  60,  984, XX,  50, NEQ,   53,   26,   26,   45, 1004,   74,  31,   0,   0,    ,   0,    , 292,  11,           ,  ,  0,    ,    0,    0,    0,    0, THERMO PARAMS, -66, 1191, 1634, N, 10, DT, -999, SHR82, -99, 
EP, 10, 2026082312, 03, HFSA,  84, 219N, 1256W,  65,  981, XX,  34, NEQ,  102,   66,   68,  104, 1001,   69,  26,   0,   0,    ,   0,    , 285,   9,           ,  ,  0,    ,    0,    0,    0,    0, THERMO PARAMS, -43, 959, 1724, N, 10, DT, -999, SHR82, -99, 
EP, 10, 2026082312, 03, HFSA,  84, 219N, 1256W,  65,  981, XX,  50, NEQ,   47,   31,   28,   44, 1001,   69,  26,   0,   0,    ,   0,    , 285,   9,           ,  ,  0,    ,    0,    0,    0,    0, THERMO PARAMS, -43, 959, 1724, N, 10, DT, -999, SHR82, -99, 
EP, 10, 2026082312, 03, HFSA,  84, 219N, 1256W,  65,  981, XX,  64, NEQ,   26,    0,    0,    0, 1001,   69,  26,   0,   0,    ,   0,    , 285,   9,           ,  ,  0,    ,    0,    0,    0,    0, THERMO PARAMS, -43, 959, 1724, N, 10, DT, -999, SHR82, -99, 
EP, 10, 2026082312, 03, HFSA,  90, 221N, 1265W,  64,  984, XX,  34, NEQ,   99,   76,   62,  107, 1008,  138,  26,   0,   0,    ,   0,    , 280,  10,           ,  ,  0,    ,    0,    0,    0,    0, THERMO PARAMS, -43, 955, 1762, N, 10, DT, -999, SHR82, -99, 
EP, 10, 2026082312, 03, HFSA,  90, 221N, 1265W,  64,  984, XX,  50, NEQ,   42,    0,   29,   39, 1008,  138,  26,   0,   0,    ,   0,    , 280,  10,           ,  ,  0,    ,    0,    0,    0,    0, THERMO PARAMS, -43, 955, 1762, N, 10, DT, -999, SHR82, -99, 
EP, 10, 2026082312, 03, HFSA,  96, 223N, 1275W,  59,  985, XX,  34, NEQ,   89,   71,   57,   96, 1005,  113,  28,   0,   0,    ,   0,    , 281,  10,           ,  ,  0,    ,    0,    0,    0,    0, THERMO PARAMS, -35, 1037, 1834, N, 10, DT, -999, SHR82, -99, 
EP, 10, 2026082312, 03, HFSA,  96, 223N, 1275W,  59,  985, XX,  50, NEQ,   44,    0,    0,   40, 1005,  113,  28,   0,   0,    ,   0,    , 281,  10,           ,  ,  0,    ,    0,    0,    0,    0, THERMO PARAMS, -35, 1037, 1834, N, 10, DT, -999, SHR82, -99, 
EP, 10, 2026082312, 03, HFSA, 102, 226N, 1285W,  55,  990, XX,  34, NEQ,   89,   68,   55,   86, 1002,   51,  31,   0,   0,    ,   0,    , 284,  11,           ,  ,  0,    ,    0,    0,    0,    0, THERMO PARAMS, -43, 1152, 1514, N, 10, DT, -999, SHR82, -99, 
EP, 10, 2026082312, 03, HFSA, 102, 226N, 1285W,  55,  990, XX,  50, NEQ,   45,    0,    0,   39, 1002,   51,  31,   0,   0,    ,   0,    , 284,  11,           ,  ,  0,    ,    0,    0,    0,    0, THERMO PARAMS, -43, 1152, 1514, N, 10, DT, -999, SHR82, -99, 
EP, 10, 2026082312, 03, HFSA, 108, 227N, 1295W,  47,  991, XX,  34, NEQ,   89,   47,   37,   84, 1003,   73,  34,   0,   0,    ,   0,    , 285,   9,           ,  ,  0,    ,    0,    0,    0,    0, THERMO PARAMS, -56, 1236, 1204, N, 10, DT, -999, SHR82, -99, 
EP, 10, 2026082312, 03, HFSA, 114, 229N, 1306W,  40,  996, XX,  34, NEQ,   81,    0,    0,   87, 1008,  125,  39,   0,   0,    ,   0,    , 278,  10,           ,  ,  0,    ,    0,    0,    0,    0, THERMO PARAMS, -71, 1243, 633, N, 10, DT, -999, SHR82, -99, 
EP, 10, 2026082312, 03, HFSA, 120, 231N, 1317W,  36,  998, XX,  34, NEQ,   68,    0,    0,   79, 1006,   84,  46,   0,   0,    ,   0,    , 282,  11,           ,  ,  0,    ,    0,    0,    0,    0, THERMO PARAMS, -94, 1200, 410, N, 10, DT, -999, SHR82, -99, 
EP, 10, 2026082312, 03, HFSA, 126, 233N, 1331W,  34, 1001, XX,  34, NEQ,    0,    0,    0,    0, 1005,   37,  49,   0,   0,    ,   0,    , -99, -99,           ,  ,  0,    ,    0,    0,    0,    0, THERMO PARAMS, -114, 1207, -90, N, 10, DT, -999, SHR82, -99, 
EP, 10, 2026082312, 03, TVCN,   0, 103N, 1227W,   0,    0,   ,   0,    ,    0,    0,    0,    0, 
EP, 10, 2026082312, 03, TVCN,  12, 114N, 1216W,   0,    0,   ,   0,    ,    0,    0,    0,    0, 
EP, 10, 2026082312, 03, TVCN,  24, 128N, 1215W,   0,    0,   ,   0,    ,    0,    0,    0,    0, 
EP, 10, 2026082312, 03, TVCN,  36, 145N, 1216W,   0,    0,   ,   0,    ,    0,    0,    0,    0, 
EP, 10, 2026082318, 03, AVNO,   0, 113N, 1201W,  25, 1009, XX,  34, NEQ,    0,    0,    0,    0,  -99,  -99, 112,   0,   0, 
EP, 10, 2026082318, 03, AVNO,   6, 111N, 1209W,  23, 1005, XX,  34, NEQ,    0,    0,    0,    0,  -99,  -99,  54,   0,   0, 
EP, 10, 2026082318, 03, AVNO,  12, 113N, 1213W,  28, 1007, XX,  34, NEQ,    0,    0,    0,    0,  -99,  -99,  64,   0,   0, 
EP, 10, 2026082318, 03, AVNO,  18, 113N, 1212W,  31, 1003, XX,  34, NEQ,    0,    0,    0,    0,  -99,  -99,  32,   0,   0, 
EP, 10, 2026082318, 03, AVNO,  24, 121N, 1208W,  34, 1005, XX,  34, NEQ,    0,   37,    0,    0, 1009,   76,  37,   0,   0, 
EP, 10, 2026082318, 03, AVNO,  30, 131N, 1202W,  34, 1003, XX,  34, NEQ,    0,    0,    0,    0,  -99,  -99,  49,   0,   0, 
EP, 10, 2026082318, 03, AVNO,  36, 142N, 1197W,  31, 1006, XX,  34, NEQ,    0,    0,    0,    0,  -99,  -99,  45,   0,   0, 
EP, 10, 2026082318, 03, AVNO,  42, 156N, 1191W,  31, 1004, XX,  34, NEQ,    0,    0,    0,    0,  -99,  -99,  40,   0,   0, 
EP, 10, 2026082318, 03, AVNO,  48, 171N, 1182W,  34, 1006, XX,  34, NEQ,    0,    0,    0,    0,  -99,  -99,  43,   0,   0, 
EP, 10, 2026082318, 03, AVNO,  54, 201N, 1181W,  50, 1003, XX,  34, NEQ,   72,   52,    0,  229,  -99,  -99, 147,   0,   0, 
EP, 10, 2026082318, 03, AVNO,  60, 217N, 1194W,  52, 1001, XX,  34, NEQ,   55,  128,  146,  131,  -99,  -99,  88,   0,   0, 
EP, 10, 2026082318, 03, AVNO,  60, 217N, 1194W,  52, 1001, XX,  50, NEQ,    0,    0,  119,    0,  -99,  -99,  88,   0,   0, 
EP, 10, 2026082318, 03, AVNO,  66, 215N, 1217W,  47,  990, XX,  34, NEQ,   83,   48,   47,   78, 1006,  183,  34,   0,   0, 
EP, 10, 2026082318, 03, AVNO,  72, 218N, 1227W,  47,  993, XX,  34, NEQ,   87,   51,   51,   89, 1009,  248,  35,   0,   0, 
EP, 10, 2026082318, 03, AVNO,  78, 220N, 1237W,  46,  993, XX,  34, NEQ,   81,    0,   33,   67, 1005,  106,  30,   0,   0, 
EP, 10, 2026082318, 03, AVNO,  84, 219N, 1249W,  44,  996, XX,  34, NEQ,   69,   37,    0,   74, 1008,  135,  36,   0,   0, 
EP, 10, 2026082318, 03, AVNO,  90, 219N, 1262W,  41,  996, XX,  34, NEQ,   70,    0,    0,   68, 1004,   75,  40,   0,   0, 
EP, 10, 2026082318, 03, AVNO,  96, 217N, 1273W,  36, 1000, XX,  34, NEQ,   55,    0,    0,   58, 1008,  129,  51,   0,   0, 
EP, 10, 2026082318, 03, AVNO, 102, 215N, 1286W,  36,  999, XX,  34, NEQ,   49,    0,    0,   60, 1003,   43,  45,   0,   0, 
EP, 10, 2026082318, 03, AVNO, 108, 212N, 1300W,  35, 1002, XX,  34, NEQ,    0,    0,    0,   50, 1006,   56,  49,   0,   0, 
EP, 10, 2026082318, 03, AVNO, 114, 209N, 1313W,  31, 1002, XX,  34, NEQ,    0,    0,    0,    0, 1006,   83,  53,   0,   0, 
EP, 10, 2026082318, 03, AVNO, 120, 206N, 1326W,  28, 1005, XX,  34, NEQ,    0,    0,    0,    0, 1009,  121,  57,   0,   0, 
EP, 10, 2026082318, 03, AVNO, 126, 203N, 1339W,  28, 1003, XX,  34, NEQ,    0,    0,    0,    0,  -99,  -99,  56,   0,   0, 
EP, 10, 2026082318, 03, AVNO, 132, 200N, 1352W,  29, 1006, XX,  34, NEQ,    0,    0,    0,    0,  -99,  -99,  45,   0,   0, 
EP, 10, 2026082318, 03, AVNO, 138, 199N, 1367W,  28, 1005, XX,  34, NEQ,    0,    0,    0,    0,  -99,  -99,  65,   0,   0, 
EP, 10, 2026082318, 03, AVNO, 144, 198N, 1381W,  26, 1008, XX,  34, NEQ,    0,    0,    0,    0,  -99,  -99,  54,   0,   0, 
EP, 10, 2026082318, 03, AVNO, 150, 197N, 1395W,  25, 1006, XX,  34, NEQ,    0,    0,    0,    0,  -99,  -99,  55,   0,   0, 
EP, 10, 2026082318, 03, AVNO, 156, 193N, 1408W,  25, 1009, XX,  34, NEQ,    0,    0,    0,    0,  -99,  -99,  40,   0,   0, 
EP, 10, 2026082318, 03, AVNO, 162, 191N, 1421W,  24, 1008, XX,  34, NEQ,    0,    0,    0,    0,  -99,  -99,  45,   0,   0, 
EP, 10, 2026082318, 03, AVNO, 168, 187N, 1435W,  24, 1011, XX,  34, NEQ,    0,    0,    0,    0,  -99,  -99,  51,   0,   0, 
EP, 10, 2026082318, 03, AVNO, 174, 185N, 1448W,  21, 1009, XX,  34, NEQ,    0,    0,    0,    0,  -99,  -99,  53,   0,   0, 
EP, 10, 2026082318, 03, AVNO, 180, 180N, 1458W,  21, 1011, XX,  34, NEQ,    0,    0,    0,    0,  -99,  -99, 157,   0,   0, 
EP, 10, 2026082318, 03, AVNO, 186, 177N, 1470W,  20, 1010, XX,  34, NEQ,    0,    0,    0,    0,  -99,  -99, 139,   0,   0, 
EP, 10, 2026082318, 03, AVNO, 192, 172N, 1480W,  21, 1012, XX,  34, NEQ,    0,    0,    0,    0,  -99,  -99, 115,   0,   0, 
EP, 10, 2026082318, 03, AVNO, 198, 169N, 1490W,  20, 1009, XX,  34, NEQ,    0,    0,    0,    0,  -99,  -99, 135,   0,   0, 
EP, 10, 2026082318, 03, AVNO, 204, 166N, 1501W,  21, 1011, XX,  34, NEQ,    0,    0,    0,    0,  -99,  -99, 116,   0,   0, 
EP, 10, 2026082318, 03, AVNO, 210, 160N, 1511W,  21, 1010, XX,  34, NEQ,    0,    0,    0,    0,  -99,  -99, 153,   0,   0, 
EP, 10, 2026082318, 03, AVNO, 216, 157N, 1524W,  21, 1011, XX,  34, NEQ,    0,    0,    0,    0,  -99,  -99, 154,   0,   0, 
EP, 10, 2026082318, 03, AVNO, 222, 152N, 1535W,  20, 1009, XX,  34, NEQ,    0,    0,    0,    0,  -99,  -99, 156,   0,   0, 
EP, 10, 2026082318, 03, AVNO, 228, 149N, 1549W,  20, 1010, XX,  34, NEQ,    0,    0,    0,    0,  -99,  -99, 161,   0,   0, 
EP, 10, 2026082318, 03, AVNO, 234, 151N, 1561W,  19, 1009, XX,  34, NEQ,    0,    0,    0,    0,  -99,  -99, 142,   0,   0, 
EP, 10, 2026082318, 03, AVNO, 240, 146N, 1573W,  20, 1011, XX,  34, NEQ,    0,    0,    0,    0,  -99,  -99, 161,   0,   0, 
EP, 10, 2026082318, 03, HCCA,   0, 107N, 1213W,  25,    0,   ,   0,    ,    0,    0,    0,    0, 
EP, 10, 2026082318, 03, HCCA,  12, 119N, 1208W,  29,    0,   ,   0,    ,    0,    0,    0,    0, 
EP, 10, 2026082318, 03, HCCA,  24, 140N, 1204W,  43,    0,   ,   0,    ,    0,    0,    0,    0, 
EP, 10, 2026082318, 03, HCCA,  36, 166N, 1206W,  60,    0,   ,   0,    ,    0,    0,    0,    0, 
EP, 10, 2026082318, 03, HCCA,  48, 190N, 1218W,  65,    0,   ,   0,    ,    0,    0,    0,    0, 
EP, 10, 2026082318, 03, HCCA,  60, 206N, 1234W,  63,    0,   ,   0,    ,    0,    0,    0,    0, 
EP, 10, 2026082318, 03, HCCA,  72, 215N, 1252W,  58,    0,   ,   0,    ,    0,    0,    0,    0, 
EP, 10, 2026082318, 03, HCCA,  84, 218N, 1273W,  52,    0,   ,   0,    ,    0,    0,    0,    0, 
EP, 10, 2026082318, 03, HCCA,  96, 222N, 1295W,  45,    0,   ,   0,    ,    0,    0,    0,    0, 
EP, 10, 2026082318, 03, HCCA, 108, 225N, 1318W,  36,    0,   ,   0,    ,    0,    0,    0,    0, 
EP, 10, 2026082318, 03, HCCA, 120, 228N, 1344W,  32,    0,   ,   0,    ,    0,    0,    0,    0, 
EP, 10, 2026082318, 03, HCCA, 132, 231N, 1373W,  28,    0,   ,   0,    ,    0,    0,    0,    0, 
EP, 10, 2026082318, 03, HCCA, 144, 234N, 1403W,  27,    0,   ,   0,    ,    0,    0,    0,    0, 
EP, 10, 2026082318, 03, HFSA,   0, 107N, 1211W,  26, 1008, XX,  34, NEQ,    0,    0,    0,    0,  -99,  -99,  68,   0,   0,    ,   0,    , 286,   3,           ,  ,  0,    ,    0,    0,    0,    0, THERMO PARAMS, 21, -61, -117, N, 10, DT, -999, SHR82, -99, 
EP, 10, 2026082318, 03, HFSA,   6, 111N, 1207W,  32, 1001, XX,  34, NEQ,    0,    0,    0,    0, 1005,    9,  53,   0,   0,    ,   0,    ,  32,   3,           ,  ,  0,    ,    0,    0,    0,    0, THERMO PARAMS, -25, 114, 45, N, 10, DT, -999, SHR82, -99, 
EP, 10, 2026082318, 03, HFSA,  12, 111N, 1211W,  33, 1004, XX,  34, NEQ,    0,    0,    0,    0,  -99,  -99, 121,   0,   0,    ,   0,    ,  16,   1,           ,  ,  0,    ,    0,    0,    0,    0, THERMO PARAMS, 15, 105, -45, N, 10, DT, -999, SHR82, -99, 
EP, 10, 2026082318, 03, HFSA,  18, 117N, 1207W,  35, 1003, XX,  34, NEQ,    0,    0,    0,    0,  -99,  -99, 108,   0,   0,    ,   0,    ,  29,   6,           ,  ,  0,    ,    0,    0,    0,    0, THERMO PARAMS, -14, -13, 126, N, 10, DT, -999, SHR82, -99, 
EP, 10, 2026082318, 03, HFSA,  24, 124N, 1207W,  35, 1004, XX,  34, NEQ,    0,    0,    0,    0, 1008,   42,  93,   0,   0,    ,   0,    ,  15,   8,           ,  ,  0,    ,    0,    0,    0,    0, THERMO PARAMS, 5, 16, 302, N, 10, DT, -999, SHR82, -99, 
EP, 10, 2026082318, 03, HFSA,  30, 133N, 1203W,  34, 1001, XX,  34, NEQ,    0,    0,    0,    0, 1005,   47, 125,   0,   0,    ,   0,    ,  25,  11,           ,  ,  0,    ,    0,    0,    0,    0, THERMO PARAMS, 12, 98, 227, N, 10, DT, -999, SHR82, -99, 
EP, 10, 2026082318, 03, HFSA,  36, 145N, 1198W,  43, 1000, XX,  34, NEQ,   45,   53,    0,    0, 1004,   20,  20,   0,   0,    ,   0,    ,  21,  13,           ,  ,  0,    ,    0,    0,    0,    0, THERMO PARAMS, -16, -141, 575, N, 10, DT, -999, SHR82, -99, 
EP, 10, 2026082318, 03, HFSA,  42, 164N, 1192W,  44, 1001, XX,  34, NEQ,   49,   71,    0,    0, 1005,   44,  31,   0,   0,    ,   0,    ,  20,  17,           ,  ,  0,    ,    0,    0,    0,    0, THERMO PARAMS, -60, 1041, 939, N, 10, DT, -999, SHR82, -99, 
EP, 10, 2026082318, 03, HFSA,  48, 187N, 1191W,  49, 1001, XX,  34, NEQ,  162,   65,    0,    0, 1005,   17,  45,   0,   0,    ,   0,    , 353,  20,           ,  ,  0,    ,    0,    0,    0,    0, THERMO PARAMS, -127, 956, 922, N, 10, DT, -999, SHR82, -99, 
EP, 10, 2026082318, 03, HFSA,  54, 210N, 1222W,  52,  992, XX,  34, NEQ,  180,  162,   45,  141, 1000,   61,  79,   0,   0,    ,   0,    , 290,  22,           ,  ,  0,    ,    0,    0,    0,    0, THERMO PARAMS, -9999, -9999, -9999, N, 10, DT, -999, SHR82, -99, 
EP, 10, 2026082318, 03, HFSA,  54, 210N, 1222W,  52,  992, XX,  50, NEQ,   79,    0,    0,    0, 1000,   61,  79,   0,   0,    ,   0,    , 290,  22,           ,  ,  0,    ,    0,    0,    0,    0, THERMO PARAMS, -9999, -9999, -9999, N, 10, DT, -999, SHR82, -99, 
EP, 10, 2026082318, 03, HFSA,  60, 215N, 1229W,  44,  996, XX,  34, NEQ,  142,   58,    0,  128, 1004,   64,  72,   0,   0,    ,   0,    , 293,  11,           ,  ,  0,    ,    0,    0,    0,    0, THERMO PARAMS, -143, 1126, 886, N, 10, DT, -999, SHR82, -99, 
EP, 10, 2026082318, 03, HFSA,  66, 216N, 1239W,  39,  996, XX,  34, NEQ,  126,    0,    0,   91, 1004,   77,  73,   0,   0,    ,   0,    , 287,   9,           ,  ,  0,    ,    0,    0,    0,    0, THERMO PARAMS, -86, 1167, 687, N, 10, DT, -999, SHR82, -99, 
EP, 10, 2026082318, 03, HFSA,  72, 218N, 1248W,  37,  999, XX,  34, NEQ,  107,    0,    0,   45, 1007,   93, 105,   0,   0,    ,   0,    , 283,   9,           ,  ,  0,    ,    0,    0,    0,    0, THERMO PARAMS, -96, 1019, 816, N, 10, DT, -999, SHR82, -99, 
EP, 10, 2026082318, 03, HFSA,  78, 218N, 1256W,  35,  999, XX,  34, NEQ,    0,    0,    0,    0, 1007,  125,  57,   0,   0,    ,   0,    , 282,   7,           ,  ,  0,    ,    0,    0,    0,    0, THERMO PARAMS, -97, 1050, 684, N, 10, DT, -999, SHR82, -99, 
EP, 10, 2026082318, 03, HFSA,  84, 220N, 1267W,  35, 1002, XX,  34, NEQ,    0,    0,    0,    0, 1010,  155,  57,   0,   0,    ,   0,    , 274,  11,           ,  ,  0,    ,    0,    0,    0,    0, THERMO PARAMS, -61, 987, 438, N, 10, DT, -999, SHR82, -99, 
EP, 10, 2026082318, 03, HFSA,  90, 222N, 1277W,  33, 1001, XX,  34, NEQ,    0,    0,    0,    0, 1005,   54,  71,   0,   0,    ,   0,    , 282,   9,           ,  ,  0,    ,    0,    0,    0,    0, THERMO PARAMS, -74, 935, 366, N, 10, DT, -999, SHR82, -99, 
EP, 10, 2026082318, 03, HFSA,  96, 223N, 1289W,  28, 1004, XX,  34, NEQ,    0,    0,    0,    0, 1008,   63, 111,   0,   0,    ,   0,    , 276,  11,           ,  ,  0,    ,    0,    0,    0,    0, THERMO PARAMS, -60, 931, -28, N, 10, DT, -999, SHR82, -99, 
EP, 10, 2026082318, 03, HFSA, 102, 225N, 1301W,  29, 1003, XX,  34, NEQ,    0,    0,    0,    0,  -99,  -99,  99,   0,   0,    ,   0,    , 278,  10,           ,  ,  0,    ,    0,    0,    0,    0, THERMO PARAMS, -61, 931, 52, N, 10, DT, -999, SHR82, -99, 
EP, 10, 2026082318, 03, HFSA, 108, 226N, 1315W,  28, 1005, XX,  34, NEQ,    0,    0,    0,    0,  -99,  -99,  93,   0,   0,    ,   0,    , 272,  12,           ,  ,  0,    ,    0,    0,    0,    0, THERMO PARAMS, -53, 947, -147, N, 10, DT, -999, SHR82, -99, 
EP, 10, 2026082318, 03, HFSA, 114, 226N, 1331W,  27, 1005, XX,  34, NEQ,    0,    0,    0,    0,  -99,  -99,  78,   0,   0,    ,   0,    , 272,  13,           ,  ,  0,    ,    0,    0,    0,    0, THERMO PARAMS, -69, 793, -19, N, 10, DT, -999, SHR82, -99, 
EP, 10, 2026082318, 03, HFSA, 120, 227N, 1346W,  25, 1007, XX,  34, NEQ,    0,    0,    0,    0,  -99,  -99, 124,   0,   0,    ,   0,    , 272,  13,           ,  ,  0,    ,    0,    0,    0,    0, THERMO PARAMS, -83, 705, -310, N, 10, DT, -999, SHR82, -99, 
EP, 10, 2026082318, 03, HFSA, 126, 228N, 1362W,  25, 1006, XX,  34, NEQ,    0,    0,    0,    0,  -99,  -99, 139,   0,   0,    ,   0,    , -99, -99,           ,  ,  0,    ,    0,    0,    0,    0, THERMO PARAMS, -118, 743, -162, N, 10, DT, -999, SHR82, -99, 
EP, 10, 2026082318, 03, TVCN,   0, 107N, 1213W,   0,    0,   ,   0,    ,    0,    0,    0,    0, 
EP, 10, 2026082318, 03, TVCN,  12, 118N, 1203W,   0,    0,   ,   0,    ,    0,    0,    0,    0, 
EP, 10, 2026082318, 03, TVCN,  24, 140N, 1200W,   0,    0,   ,   0,    ,    0,    0,    0,    0, 
EP, 10, 2026082318, 03, TVCN,  36, 165N, 1205W,   0,    0,   ,   0,    ,    0,    0,    0,    0, 
EP, 10, 2026082318, 03, TVCN,  48, 197N, 1220W,   0,    0,   ,   0,    ,    0,    0,    0,    0, 
EP, 10, 2026082318, 03, TVCN,  60, 203N, 1238W,   0,    0,   ,   0,    ,    0,    0,    0,    0, 
EP, 10, 2026082318, 03, TVCN,  72, 208N, 1258W,   0,    0,   ,   0,    ,    0,    0,    0,    0, 
EP, 10, 2026082318, 03, TVCN,  84, 211N, 1279W,   0,    0,   ,   0,    ,    0,    0,    0,    0, 
EP, 10, 2026082318, 03, TVCN,  96, 215N, 1300W,   0,    0,   ,   0,    ,    0,    0,    0,    0, 
EP, 10, 2026082318, 03, TVCN, 108, 217N, 1323W,   0,    0,   ,   0,    ,    0,    0,    0,    0, 
EP, 10, 2026082318, 03, TVCN, 120, 220N, 1349W,   0,    0,   ,   0,    ,    0,    0,    0,    0, 
EP, 10, 2026082318, 03, TVCN, 132, 223N, 1377W,   0,    0,   ,   0,    ,    0,    0,    0,    0, 
EP, 10, 2026082400, 03,  UKX,   0, 116N, 1216W,  19, 1007, XX,  34, NEQ,    0,    0,    0,    0, 
EP, 10, 2026082400, 03,  UKX,   6, 118N, 1217W,  21, 1008, XX,  34, NEQ,    0,    0,    0,    0, 
EP, 10, 2026082400, 03,  UKX,  12, 124N, 1217W,  23, 1007, XX,  34, NEQ,    0,    0,    0,    0, 
EP, 10, 2026082400, 03,  UKX,  18, 130N, 1215W,  25, 1007, XX,  34, NEQ,    0,    0,    0,    0, 
EP, 10, 2026082400, 03,  UKX,  24, 142N, 1213W,  24, 1006, XX,  34, NEQ,  347,    0,    0,    0, 
EP, 10, 2026082400, 03, AVNO,   0, 109N, 1210W,  22, 1006, XX,  34, NEQ,    0,    0,    0,    0,  -99,  -99, 141,   0,   0, 
EP, 10, 2026082400, 03, AVNO,   6, 111N, 1213W,  26, 1008, XX,  34, NEQ,    0,    0,    0,    0,  -99,  -99,  61,   0,   0, 
EP, 10, 2026082400, 03, AVNO,  12, 112N, 1214W,  22, 1006, XX,  34, NEQ,    0,    0,    0,    0,  -99,  -99,  60,   0,   0, 
EP, 10, 2026082400, 03, AVNO,  18, 119N, 1208W,  28, 1009, XX,  34, NEQ,    0,    0,    0,    0,  -99,  -99,  55,   0,   0, 
EP, 10, 2026082400, 03, AVNO,  24, 129N, 1202W,  24, 1006, XX,  34, NEQ,    0,    0,    0,    0,  -99,  -99,  90,   0,   0, 
EP, 10, 2026082400, 03, AVNO,  30, 134N, 1197W,  26, 1009, XX,  34, NEQ,    0,    0,    0,    0,  -99,  -99, 101,   0,   0, 
EP, 10, 2026082400, 03, AVNO,  36, 147N, 1186W,  30, 1007, XX,  34, NEQ,    0,    0,    0,    0,  -99,  -99, 159,   0,   0, 
EP, 10, 2026082400, 03, AVNO,  42, 169N, 1173W,  37, 1008, XX,  34, NEQ,  258,    0,    0,  354,  -99,  -99, 154,   0,   0, 
EP, 10, 2026082400, 03, AVNO,  48, 193N, 1180W,  50,  999, XX,  34, NEQ,   90,    0,    0,  259,  -99,  -99, 154,   0,   0, 
EP, 10, 2026082400, 03, AVNO,  54, 209N, 1207W,  58,  986, XX,  34, NEQ,   88,   36,   86,  106, 1010,  265,  47,   0,   0, 
EP, 10, 2026082400, 03, AVNO,  54, 209N, 1207W,  58,  986, XX,  50, NEQ,    0,    0,    0,   62, 1010,  265,  47,   0,   0, 
EP, 10, 2026082400, 03, AVNO,  60, 211N, 1221W,  55,  985, XX,  34, NEQ,   89,   65,   54,   82, 1005,  144,  32,   0,   0, 
EP, 10, 2026082400, 03, AVNO,  60, 211N, 1221W,  55,  985, XX,  50, NEQ,   43,    0,    0,   38, 1005,  144,  32,   0,   0, 
EP, 10, 2026082400, 03, AVNO,  66, 213N, 1230W,  50,  990, XX,  34, NEQ,   87,   67,   73,   91, 1010,  283,  41,   0,   0, 
EP, 10, 2026082400, 03, AVNO,  66, 213N, 1230W,  50,  990, XX,  50, NEQ,   42,    0,    0,   41, 1010,  283,  41,   0,   0, 
EP, 10, 2026082400, 03, AVNO,  72, 216N, 1239W,  53,  989, XX,  34, NEQ,   88,   53,   60,   85, 1005,  120,  39,   0,   0, 
EP, 10, 2026082400, 03, AVNO,  72, 216N, 1239W,  53,  989, XX,  50, NEQ,   41,    0,    0,   38, 1005,  120,  39,   0,   0, 
EP, 10, 2026082400, 03, AVNO,  78, 217N, 1251W,  46,  993, XX,  34, NEQ,   88,   52,   51,   84, 1009,  236,  37,   0,   0, 
EP, 10, 2026082400, 03, AVNO,  84, 219N, 1262W,  46,  993, XX,  34, NEQ,   79,   54,   45,   76, 1005,  141,  40,   0,   0, 
EP, 10, 2026082400, 03, AVNO,  90, 219N, 1275W,  43,  997, XX,  34, NEQ,   75,   42,    0,   73, 1005,   66,  52,   0,   0, 
EP, 10, 2026082400, 03, AVNO,  96, 219N, 1288W,  42,  997, XX,  34, NEQ,   73,    0,    0,   72, 1005,  101,  39,   0,   0, 
EP, 10, 2026082400, 03, AVNO, 102, 216N, 1302W,  37, 1001, XX,  34, NEQ,   47,    0,    0,   68, 1005,   44,  41,   0,   0, 
EP, 10, 2026082400, 03, AVNO, 108, 214N, 1316W,  32, 1000, XX,  34, NEQ,    0,    0,    0,    0, 1004,   56,  38,   0,   0, 
EP, 10, 2026082400, 03, AVNO, 114, 211N, 1329W,  30, 1004, XX,  34, NEQ,    0,    0,    0,    0, 1008,   67,  53,   0,   0, 
EP, 10, 2026082400, 03, AVNO, 120, 211N, 1342W,  31, 1003, XX,  34, NEQ,    0,    0,    0,    0,  -99,  -99,  42,   0,   0, 
EP, 10, 2026082400, 03, AVNO, 126, 207N, 1357W,  32, 1006, XX,  34, NEQ,    0,    0,    0,    0,  -99,  -99,  61,   0,   0, 
EP, 10, 2026082400, 03, AVNO, 132, 205N, 1374W,  29, 1005, XX,  34, NEQ,    0,    0,    0,    0,  -99,  -99,  63,   0,   0, 
EP, 10, 2026082400, 03, AVNO, 138, 203N, 1390W,  28, 1008, XX,  34, NEQ,    0,    0,    0,    0,  -99,  -99,  43,   0,   0, 
EP, 10, 2026082400, 03, AVNO, 144, 201N, 1405W,  27, 1006, XX,  34, NEQ,    0,    0,    0,    0,  -99,  -99,  42,   0,   0, 
EP, 10, 2026082400, 03, AVNO, 150, 198N, 1419W,  27, 1009, XX,  34, NEQ,    0,    0,    0,    0,  -99,  -99,  27,   0,   0, 
EP, 10, 2026082400, 03, AVNO, 156, 196N, 1434W,  24, 1008, XX,  34, NEQ,    0,    0,    0,    0,  -99,  -99,  45,   0,   0, 
EP, 10, 2026082400, 03, AVNO, 162, 192N, 1448W,  22, 1010, XX,  34, NEQ,    0,    0,    0,    0,  -99,  -99,  87,   0,   0, 
EP, 10, 2026082400, 03, AVNO, 168, 190N, 1461W,  21, 1009, XX,  34, NEQ,    0,    0,    0,    0,  -99,  -99, 136,   0,   0, 
EP, 10, 2026082400, 03, AVNO, 174, 186N, 1474W,  22, 1011, XX,  34, NEQ,    0,    0,    0,    0,  -99,  -99,  55,   0,   0, 
EP, 10, 2026082400, 03, AVNO, 180, 182N, 1486W,  21, 1010, XX,  34, NEQ,    0,    0,    0,    0,  -99,  -99,  92,   0,   0, 
EP, 10, 2026082400, 03, AVNO, 186, 179N, 1499W,  20, 1012, XX,  34, NEQ,    0,    0,    0,    0,  -99,  -99, 148,   0,   0, 
EP, 10, 2026082400, 03, AVNO, 192, 173N, 1509W,  19, 1011, XX,  34, NEQ,    0,    0,    0,    0,  -99,  -99, 149,   0,   0, 
EP, 10, 2026082400, 03, AVNO, 198, 167N, 1523W,  21, 1012, XX,  34, NEQ,    0,    0,    0,    0,  -99,  -99, 108,   0,   0, 
EP, 10, 2026082400, 03, AVNO, 204, 162N, 1535W,  20, 1011, XX,  34, NEQ,    0,    0,    0,    0,  -99,  -99, 139,   0,   0, 
EP, 10, 2026082400, 03, AVNO, 210, 159N, 1554W,  22, 1013, XX,  34, NEQ,    0,    0,    0,    0,  -99,  -99, 155,   0,   0, 
EP, 10, 2026082400, 03, AVNO, 216, 155N, 1569W,  19, 1010, XX,  34, NEQ,    0,    0,    0,    0,  -99,  -99, 159,   0,   0, 
EP, 10, 2026082400, 03, AVNO, 222, 150N, 1587W,  19, 1011, XX,  34, NEQ,    0,    0,    0,    0,  -99,  -99, 141,   0,   0, 
EP, 10, 2026082400, 03, AVNO, 228, 147N, 1603W,  18, 1010, XX,  34, NEQ,    0,    0,    0,    0,  -99,  -99,  98,   0,   0, 
EP, 10, 2026082400, 03, AVNO, 234, 144N, 1619W,  18, 1011, XX,  34, NEQ,    0,    0,    0,    0,  -99,  -99, 103,   0,   0, 
EP, 10, 2026082400, 03, AVNO, 240, 149N, 1636W,  16, 1010, XX,  34, NEQ,    0,    0,    0,    0,  -99,  -99, 138,   0,   0, 
EP, 10, 2026082400, 03, HFSA,   0, 115N, 1211W,  26, 1005, XX,  34, NEQ,    0,    0,    0,    0,  -99,  -99, 127,   0,   0,    ,   0,    , 343,   3,           ,  ,  0,    ,    0,    0,    0,    0, THERMO PARAMS, -27, 21, -50, N, 10, DT, -999, SHR82, -99, 
EP, 10, 2026082400, 03, HFSA,   6, 110N, 1216W,  35, 1007, XX,  34, NEQ,    0,    0,    0,    0,  -99,  -99,  41,   0,   0,    ,   0,    , 228,   2,           ,  ,  0,    ,    0,    0,    0,    0, THERMO PARAMS, 0, 56, -189, N, 10, DT, -999, SHR82, -99, 
EP, 10, 2026082400, 03, HFSA,  12, 114N, 1212W,  35, 1004, XX,  34, NEQ,    0,    0,    0,    0,  -99,  -99,  42,   0,   0,    ,   0,    ,  67,   6,           ,  ,  0,    ,    0,    0,    0,    0, THERMO PARAMS, -23, -176, 225, N, 10, DT, -999, SHR82, -99, 
EP, 10, 2026082400, 03, HFSA,  18, 118N, 1203W,  36, 1005, XX,  34, NEQ,    0,    0,    0,    0,  -99,  -99,  32,   0,   0,    ,   0,    ,  52,   8,           ,  ,  0,    ,    0,    0,    0,    0, THERMO PARAMS, 13, -200, 264, N, 10, DT, -999, SHR82, -99, 
EP, 10, 2026082400, 03, HFSA,  24, 125N, 1198W,  34, 1002, XX,  34, NEQ,    0,    0,    0,    0, 1006,   57,  49,   0,   0,    ,   0,    ,  39,   9,           ,  ,  0,    ,    0,    0,    0,    0, THERMO PARAMS, -11, 204, 182, N, 10, DT, -999, SHR82, -99, 
EP, 10, 2026082400, 03, HFSA,  30, 139N, 1192W,  39, 1004, XX,  34, NEQ,    0,   65,    0,    0, 1008,    4,  32,   0,   0,    ,   0,    ,  22,  12,           ,  ,  0,    ,    0,    0,    0,    0, THERMO PARAMS, -9999, -9999, -9999, N, 10, DT, -999, SHR82, -99, 
EP, 10, 2026082400, 03, HFSA,  36, 156N, 1187W,  36, 1004, XX,  34, NEQ,    0,    0,    0,    0,  -99,  -99,  38,   0,   0,    ,   0,    ,  15,  15,           ,  ,  0,    ,    0,    0,    0,    0, THERMO PARAMS, -31, 283, 292, N, 10, DT, -999, SHR82, -99, 
EP, 10, 2026082400, 03, HFSA,  42, 175N, 1184W,  36, 1004, XX,  34, NEQ,    0,   18,    0,    0,  -99,  -99,  17,   0,   0,    ,   0,    ,   9,  16,           ,  ,  0,    ,    0,    0,    0,    0, THERMO PARAMS, -9999, -9999, -9999, N, 10, DT, -999, SHR82, -99, 
EP, 10, 2026082400, 03, HFSA,  48, 197N, 1195W,  51, 1004, XX,  34, NEQ,    0,   65,    0,  257,  -99,  -99, 154,   0,   0,    ,   0,    , 326,  24,           ,  ,  0,    ,    0,    0,    0,    0, THERMO PARAMS, -84, 1348, 1576, N, 10, DT, -999, SHR82, -99, 
EP, 10, 2026082400, 03, HFSA,  48, 197N, 1195W,  51, 1004, XX,  50, NEQ,    0,    0,    0,  199,  -99,  -99, 154,   0,   0,    ,   0,    , 326,  24,           ,  ,  0,    ,    0,    0,    0,    0, THERMO PARAMS, -84, 1348, 1576, N, 10, DT, -999, SHR82, -99, 
EP, 10, 2026082400, 03, HFSA,  54, 220N, 1229W,  57,  989, XX,  34, NEQ,  104,   49,   45,  128, 1001,   39,  45,   0,   0,    ,   0,    , 294,  25,           ,  ,  0,    ,    0,    0,    0,    0, THERMO PARAMS, -9999, -9999, -9999, N, 10, DT, -999, SHR82, -99, 
EP, 10, 2026082400, 03, HFSA,  54, 220N, 1229W,  57,  989, XX,  50, NEQ,   62,    0,    0,   74, 1001,   39,  45,   0,   0,    ,   0,    , 294,  25,           ,  ,  0,    ,    0,    0,    0,    0, THERMO PARAMS, -9999, -9999, -9999, N, 10, DT, -999, SHR82, -99, 
EP, 10, 2026082400, 03, HFSA,  60, 220N, 1239W,  47,  992, XX,  34, NEQ,  167,   40,   37,  120, 1004,   72,  57,   0,   0,    ,   0,    , 285,   9,           ,  ,  0,    ,    0,    0,    0,    0, THERMO PARAMS, -9999, -9999, -9999, N, 10, DT, -999, SHR82, -99, 
EP, 10, 2026082400, 03, HFSA,  66, 221N, 1248W,  38,  997, XX,  34, NEQ,   45,    0,    0,  100, 1005,   50,  23,   0,   0,    ,   0,    , 284,  10,           ,  ,  0,    ,    0,    0,    0,    0, THERMO PARAMS, -82, 1129, 958, N, 10, DT, -999, SHR82, -99, 
EP, 10, 2026082400, 03, HFSA,  72, 222N, 1257W,  37,  997, XX,  34, NEQ,   45,    0,    0,   37, 1005,   76,  32,   0,   0,    ,   0,    , 276,   9,           ,  ,  0,    ,    0,    0,    0,    0, THERMO PARAMS, -89, 1143, 883, N, 10, DT, -999, SHR82, -99, 
EP, 10, 2026082400, 03, HFSA,  78, 222N, 1268W,  32, 1001, XX,  34, NEQ,    0,    0,    0,    0, 1009,  105,  38,   0,   0,    ,   0,    , 270,  10,           ,  ,  0,    ,    0,    0,    0,    0, THERMO PARAMS, -72, 1006, 550, N, 10, DT, -999, SHR82, -99, 
EP, 10, 2026082400, 03, HFSA,  84, 223N, 1278W,  30, 1001, XX,  34, NEQ,    0,    0,    0,    0, 1005,   38,  30,   0,   0,    ,   0,    , 278,   9,           ,  ,  0,    ,    0,    0,    0,    0, THERMO PARAMS, -75, 832, 523, N, 10, DT, -999, SHR82, -99, 
EP, 10, 2026082400, 03, HFSA,  90, 224N, 1288W,  29, 1004, XX,  34, NEQ,    0,    0,    0,    0, 1008,   54,  69,   0,   0,    ,   0,    , 274,  10,           ,  ,  0,    ,    0,    0,    0,    0, THERMO PARAMS, -92, 777, 13, N, 10, DT, -999, SHR82, -99, 
EP, 10, 2026082400, 03, HFSA,  96, 224N, 1301W,  29, 1003, XX,  34, NEQ,    0,    0,    0,    0, 1007,   77,  48,   0,   0,    ,   0,    , 273,  10,           ,  ,  0,    ,    0,    0,    0,    0, THERMO PARAMS, -93, 895, -62, N, 10, DT, -999, SHR82, -99, 
EP, 10, 2026082400, 03, HFSA, 102, 224N, 1313W,  27, 1005, XX,  34, NEQ,    0,    0,    0,    0,  -99,  -99,  58,   0,   0,    ,   0,    , 270,  10,           ,  ,  0,    ,    0,    0,    0,    0, THERMO PARAMS, -87, 910, -205, N, 10, DT, -999, SHR82, -99, 
EP, 10, 2026082400, 03, HFSA, 108, 224N, 1325W,  27, 1005, XX,  34, NEQ,    0,    0,    0,    0,  -99,  -99,  68,   0,   0,    ,   0,    , 272,  11,           ,  ,  0,    ,    0,    0,    0,    0, THERMO PARAMS, -66, 826, 30, N, 10, DT, -999, SHR82, -99, 
EP, 10, 2026082400, 03, HFSA, 114, 224N, 1338W,  26, 1008, XX,  34, NEQ,    0,    0,    0,    0,  -99,  -99,  76,   0,   0,    ,   0,    , 273,  13,           ,  ,  0,    ,    0,    0,    0,    0, THERMO PARAMS, -103, 788, -100, N, 10, DT, -999, SHR82, -99, 
EP, 10, 2026082400, 03, HFSA, 120, 224N, 1354W,  26, 1006, XX,  34, NEQ,    0,    0,    0,    0,  -99,  -99,  47,   0,   0,    ,   0,    , 271,  13,           ,  ,  0,    ,    0,    0,    0,    0, THERMO PARAMS, -121, 647, 123, N, 10, DT, -999, SHR82, -99, 
EP, 10, 2026082400, 03, HFSA, 126, 222N, 1372W,  26, 1009, XX,  34, NEQ,    0,    0,    0,    0,  -99,  -99,  67,   0,   0,    ,   0,    , -99, -99,           ,  ,  0,    ,    0,    0,    0,    0, THERMO PARAMS, -103, 727, 24, N, 10, DT, -999, SHR82, -99, 
EP, 10, 2026082400, 03, TVCN,   0, 115N, 1213W,   0,    0,   ,   0,    ,    0,    0,    0,    0, 
EP, 10, 2026082400, 03, TVCN,  12, 124N, 1212W,   0,    0,   ,   0,    ,    0,    0,    0,    0, 
EP, 10, 2026082400, 03, TVCN,  24, 143N, 1206W,   0,    0,   ,   0,    ,    0,    0,    0,    0, 
EP, 10, 2026082400, 03, TVCN,  36, 173N, 1205W,   0,    0,   ,   0,    ,    0,    0,    0,    0, 
EP, 10, 2026082400, 03, TVCN,  48, 200N, 1220W,   0,    0,   ,   0,    ,    0,    0,    0,    0, 
EP, 10, 2026082400, 03, TVCN,  60, 213N, 1242W,   0,    0,   ,   0,    ,    0,    0,    0,    0, 
EP, 10, 2026082400, 03, TVCN,  72, 219N, 1263W,   0,    0,   ,   0,    ,    0,    0,    0,    0, 
EP, 10, 2026082400, 03, TVCN,  84, 223N, 1285W,   0,    0,   ,   0,    ,    0,    0,    0,    0, 
EP, 10, 2026082400, 03, TVCN,  96, 226N, 1308W,   0,    0,   ,   0,    ,    0,    0,    0,    0, 
EP, 10, 2026082400, 03, TVCN, 108, 227N, 1333W,   0,    0,   ,   0,    ,    0,    0,    0,    0, 
EP, 10, 2026082400, 03, TVCN, 120, 227N, 1360W,   0,    0,   ,   0,    ,    0,    0,    0,    0, 
EP, 10, 2026082400, 03, TVCN, 132, 226N, 1388W,   0,    0,   ,   0,    ,    0,    0,    0,    0, 
EP, 10, 2026082400, 03, TVCN, 144, 216N, 1429W,   0,    0,   ,   0,    ,    0,    0,    0,    0, 
EP, 10, 2026082406, 03, AVNO,   0, 113N, 1212W,  26, 1008, XX,  34, NEQ,    0,    0,    0,    0,  -99,  -99,  57,   0,   0, 
EP, 10, 2026082406, 03, AVNO,   6, 117N, 1214W,  26, 1005, XX,  34, NEQ,    0,    0,    0,    0,  -99,  -99,  70,   0,   0, 
EP, 10, 2026082406, 03, AVNO,  12, 124N, 1211W,  28, 1008, XX,  34, NEQ,    0,    0,    0,    0,  -99,  -99,  66,   0,   0, 
EP, 10, 2026082406, 03, AVNO,  18, 130N, 1206W,  30, 1004, XX,  34, NEQ,    0,    0,    0,    0,  -99,  -99,  48,   0,   0, 
EP, 10, 2026082406, 03, AVNO,  24, 140N, 1200W,  32, 1006, XX,  34, NEQ,    0,    0,    0,    0,  -99,  -99,  41,   0,   0, 
EP, 10, 2026082406, 03, AVNO,  30, 158N, 1190W,  35, 1004, XX,  34, NEQ,  374,   44,    0,  364,  -99,  -99,  29,   0,   0, 
EP, 10, 2026082406, 03, AVNO,  36, 180N, 1185W,  38, 1006, XX,  34, NEQ,  226,   35,    0,  304,  -99,  -99,  22,   0,   0, 
EP, 10, 2026082406, 03, AVNO,  42, 192N, 1184W,  38, 1005, XX,  34, NEQ,    0,    0,    0,  282,  -99,  -99, 162,   0,   0, 
EP, 10, 2026082406, 03, AVNO,  48, 210N, 1198W,  44,  999, XX,  34, NEQ,    0,    0,  113,  187,  -99,  -99, 129,   0,   0, 
EP, 10, 2026082406, 03, AVNO,  54, 215N, 1229W,  43,  994, XX,  34, NEQ,   72,   29,    0,   63, 1006,  122,  39,   0,   0, 
EP, 10, 2026082406, 03, AVNO,  60, 218N, 1238W,  39,  997, XX,  34, NEQ,   74,    0,    0,   53, 1009,  215,  45,   0,   0, 
EP, 10, 2026082406, 03, AVNO,  66, 221N, 1247W,  42,  996, XX,  34, NEQ,   79,    0,    0,   69, 1008,  303,  55,   0,   0, 
EP, 10, 2026082406, 03, AVNO,  72, 221N, 1259W,  37,  999, XX,  34, NEQ,   56,    0,    0,   63, 1007,   80,  50,   0,   0, 
EP, 10, 2026082406, 03, AVNO,  78, 221N, 1272W,  33,  999, XX,  34, NEQ,    0,    0,    0,    0, 1007,  214,  52,   0,   0, 
EP, 10, 2026082406, 03, AVNO,  84, 220N, 1282W,  30, 1002, XX,  34, NEQ,    0,    0,    0,    0, 1006,   44,  33,   0,   0, 
EP, 10, 2026082406, 03, AVNO,  90, 220N, 1293W,  29, 1001, XX,  34, NEQ,    0,    0,    0,    0, 1005,   66,  48,   0,   0, 
EP, 10, 2026082406, 03, AVNO,  96, 219N, 1305W,  29, 1005, XX,  34, NEQ,    0,    0,    0,    0, 1009,   94,  45,   0,   0, 
EP, 10, 2026082406, 03, AVNO, 102, 219N, 1320W,  27, 1004, XX,  34, NEQ,    0,    0,    0,    0,  -99,  -99,  67,   0,   0, 
EP, 10, 2026082406, 03, AVNO, 108, 217N, 1336W,  26, 1007, XX,  34, NEQ,    0,    0,    0,    0,  -99,  -99,  46,   0,   0, 
EP, 10, 2026082406, 03, AVNO, 114, 215N, 1351W,  26, 1006, XX,  34, NEQ,    0,    0,    0,    0,  -99,  -99,  48,   0,   0, 
EP, 10, 2026082406, 03, AVNO, 120, 211N, 1367W,  27, 1009, XX,  34, NEQ,    0,    0,    0,    0,  -99,  -99,  28,   0,   0, 
EP, 10, 2026082406, 03, AVNO, 126, 209N, 1386W,  26, 1008, XX,  34, NEQ,    0,    0,    0,    0,  -99,  -99,  40,   0,   0, 
EP, 10, 2026082406, 03, AVNO, 132, 201N, 1404W,  25, 1010, XX,  34, NEQ,    0,    0,    0,    0,  -99,  -99,  76,   0,   0, 
EP, 10, 2026082406, 03, AVNO, 138, 195N, 1420W,  23, 1008, XX,  34, NEQ,    0,    0,    0,    0,  -99,  -99,  75,   0,   0, 
EP, 10, 2026082406, 03, AVNO, 144, 191N, 1438W,  23, 1011, XX,  34, NEQ,    0,    0,    0,    0,  -99,  -99,  73,   0,   0, 
EP, 10, 2026082406, 03, AVNO, 150, 186N, 1454W,  21, 1010, XX,  34, NEQ,    0,    0,    0,    0,  -99,  -99, 101,   0,   0, 
EP, 10, 2026082406, 03, AVNO, 156, 172N, 1469W,  20, 1012, XX,  34, NEQ,    0,    0,    0,    0,  -99,  -99, 152,   0,   0, 
EP, 10, 2026082406, 03, HCCA,   0, 117N, 1213W,  30,    0,   ,   0,    ,    0,    0,    0,    0, 
EP, 10, 2026082406, 03, HCCA,  12, 131N, 1206W,  36,    0,   ,   0,    ,    0,    0,    0,    0, 
EP, 10, 2026082406, 03, HCCA,  24, 156N, 1199W,  45,    0,   ,   0,    ,    0,    0,    0,    0, 
EP, 10, 2026082406, 03, HCCA,  36, 190N, 1208W,  56,    0,   ,   0,    ,    0,    0,    0,    0, 
EP, 10, 2026082406, 03, HCCA,  48, 209N, 1233W,  51,    0,   ,   0,    ,    0,    0,    0,    0, 
EP, 10, 2026082406, 03, HCCA,  60, 217N, 1257W,  40,    0,   ,   0,    ,    0,    0,    0,    0, 
EP, 10, 2026082406, 03, HCCA,  72, 220N, 1279W,  32,    0,   ,   0,    ,    0,    0,    0,    0, 
EP, 10, 2026082406, 03, HCCA,  84, 224N, 1300W,  27,    0,   ,   0,    ,    0,    0,    0,    0, 
EP, 10, 2026082406, 03, HCCA,  96, 226N, 1323W,  23,    0,   ,   0,    ,    0,    0,    0,    0, 
EP, 10, 2026082406, 03, HCCA, 108, 228N, 1347W,  19,    0,   ,   0,    ,    0,    0,    0,    0, 
EP, 10, 2026082406, 03, HCCA, 120, 227N, 1377W,  19,    0,   ,   0,    ,    0,    0,    0,    0, 
EP, 10, 2026082406, 03, HFSA,   0, 116N, 1213W,  29, 1008, XX,  34, NEQ,    0,    0,    0,    0,  -99,  -99,  66,   0,   0,    ,   0,    ,   6,   3,           ,  ,  0,    ,    0,    0,    0,    0, THERMO PARAMS, 19, 51, 80, N, 10, DT, -999, SHR82, -99, 
EP, 10, 2026082406, 03, HFSA,   6, 118N, 1215W,  34, 1003, XX,  34, NEQ,    0,    0,    0,    0,  -99,  -99,  67,   0,   0,    ,   0,    ,  68,   1,           ,  ,  0,    ,    0,    0,    0,    0, THERMO PARAMS, -18, 197, -102, N, 10, DT, -999, SHR82, -99, 
EP, 10, 2026082406, 03, HFSA,  12, 118N, 1214W,  38, 1003, XX,  34, NEQ,   15,   21,   36,    0, 1007,   38,  16,   0,   0,    ,   0,    ,  33,   4,           ,  ,  0,    ,    0,    0,    0,    0, THERMO PARAMS, -14, 355, 45, N, 10, DT, -999, SHR82, -99, 
EP, 10, 2026082406, 03, HFSA,  18, 129N, 1209W,  39, 1001, XX,  34, NEQ,    0,   73,   60,    0, 1005,   28,  40,   0,   0,    ,   0,    ,  23,  11,           ,  ,  0,    ,    0,    0,    0,    0, THERMO PARAMS, 21, -25, 205, N, 10, DT, -999, SHR82, -99, 
EP, 10, 2026082406, 03, HFSA,  24, 140N, 1203W,  41, 1004, XX,  34, NEQ,   58,   71,    0,    0,  -99,  -99,  61,   0,   0,    ,   0,    ,  23,  12,           ,  ,  0,    ,    0,    0,    0,    0, THERMO PARAMS, -24, -115, 410, N, 10, DT, -999, SHR82, -99, 
EP, 10, 2026082406, 03, HFSA,  30, 155N, 1197W,  44,  999, XX,  34, NEQ,   83,   49,    0,    0, 1003,    7,  40,   0,   0,    ,   0,    ,  25,  16,           ,  ,  0,    ,    0,    0,    0,    0, THERMO PARAMS, -48, 438, 407, N, 10, DT, -999, SHR82, -99, 
EP, 10, 2026082406, 03, HFSA,  36, 174N, 1193W,  45, 1002, XX,  34, NEQ,  257,   62,    0,    0, 1006,   37,  36,   0,   0,    ,   0,    ,   7,  16,           ,  ,  0,    ,    0,    0,    0,    0, THERMO PARAMS, -98, 1947, 864, N, 10, DT, -999, SHR82, -99, 
EP, 10, 2026082406, 03, HFSA,  42, 204N, 1205W,  57,  998, XX,  34, NEQ,  105,    0,    0,  196,  -99,  -99, 137,   0,   0,    ,   0,    , 325,  25,           ,  ,  0,    ,    0,    0,    0,    0, THERMO PARAMS, -147, 1856, 735, N, 10, DT, -999, SHR82, -99, 
EP, 10, 2026082406, 03, HFSA,  42, 204N, 1205W,  57,  998, XX,  50, NEQ,    0,    0,    0,  147,  -99,  -99, 137,   0,   0,    ,   0,    , 325,  25,           ,  ,  0,    ,    0,    0,    0,    0, THERMO PARAMS, -147, 1856, 735, N, 10, DT, -999, SHR82, -99, 
EP, 10, 2026082406, 03, HFSA,  48, 212N, 1226W,  53,  993, XX,  34, NEQ,  165,   45,    0,  118, 1001,   41,  69,   0,   0,    ,   0,    , 289,   6,           ,  ,  0,    ,    0,    0,    0,    0, THERMO PARAMS, -130, 1521, 916, N, 10, DT, -999, SHR82, -99, 
EP, 10, 2026082406, 03, HFSA,  54, 218N, 1236W,  45,  994, XX,  34, NEQ,   99,    0,    0,   78, 1002,   52,  34,   0,   0,    ,   0,    , 289,  12,           ,  ,  0,    ,    0,    0,    0,    0, THERMO PARAMS, -117, 1472, 951, N, 10, DT, -999, SHR82, -99, 
EP, 10, 2026082406, 03, HFSA,  60, 217N, 1245W,  38,  998, XX,  34, NEQ,   89,    0,    0,   84, 1006,   66,  89,   0,   0,    ,   0,    , 282,   8,           ,  ,  0,    ,    0,    0,    0,    0, THERMO PARAMS, -100, 1403, 673, N, 10, DT, -999, SHR82, -99, 
EP, 10, 2026082406, 03, HFSA,  66, 219N, 1254W,  37,  997, XX,  34, NEQ,   60,    0,    0,   52, 1005,   85,  46,   0,   0,    ,   0,    , 276,   9,           ,  ,  0,    ,    0,    0,    0,    0, THERMO PARAMS, -113, 1304, 528, N, 10, DT, -999, SHR82, -99, 
EP, 10, 2026082406, 03, HFSA,  72, 217N, 1264W,  36, 1000, XX,  34, NEQ,   79,    0,    0,    0, 1008,  109,  77,   0,   0,    ,   0,    , 269,   9,           ,  ,  0,    ,    0,    0,    0,    0, THERMO PARAMS, -82, 1290, 439, N, 10, DT, -999, SHR82, -99, 
EP, 10, 2026082406, 03, HFSA,  78, 220N, 1273W,  32, 1000, XX,  34, NEQ,    0,    0,    0,    0, 1004,   45,  51,   0,   0,    ,   0,    , 286,   9,           ,  ,  0,    ,    0,    0,    0,    0, THERMO PARAMS, -56, 1106, 324, N, 10, DT, -999, SHR82, -99, 
EP, 10, 2026082406, 03, HFSA,  84, 221N, 1285W,  30, 1003, XX,  34, NEQ,    0,    0,    0,    0, 1007,   51,  69,   0,   0,    ,   0,    , 272,  10,           ,  ,  0,    ,    0,    0,    0,    0, THERMO PARAMS, -98, 1101, -127, N, 10, DT, -999, SHR82, -99, 
EP, 10, 2026082406, 03, HFSA,  90, 220N, 1296W,  28, 1002, XX,  34, NEQ,    0,    0,    0,    0, 1006,   66,  91,   0,   0,    ,   0,    , 270,   8,           ,  ,  0,    ,    0,    0,    0,    0, THERMO PARAMS, -98, 1201, -140, N, 10, DT, -999, SHR82, -99, 
EP, 10, 2026082406, 03, HFSA,  96, 219N, 1308W,  28, 1005, XX,  34, NEQ,    0,    0,    0,    0, 1009,   89,  63,   0,   0,    ,   0,    , 268,  10,           ,  ,  0,    ,    0,    0,    0,    0, THERMO PARAMS, -82, 1040, -125, N, 10, DT, -999, SHR82, -99, 
EP, 10, 2026082406, 03, HFSA, 102, 220N, 1320W,  28, 1005, XX,  34, NEQ,    0,    0,    0,    0,  -99,  -99,  77,   0,   0,    ,   0,    , 275,  10,           ,  ,  0,    ,    0,    0,    0,    0, THERMO PARAMS, -80, 993, -57, N, 10, DT, -999, SHR82, -99, 
EP, 10, 2026082406, 03, HFSA, 108, 222N, 1335W,  28, 1007, XX,  34, NEQ,    0,    0,    0,    0,  -99,  -99,  67,   0,   0,    ,   0,    , 275,  13,           ,  ,  0,    ,    0,    0,    0,    0, THERMO PARAMS, -89, 861, -101, N, 10, DT, -999, SHR82, -99, 
EP, 10, 2026082406, 03, HFSA, 114, 220N, 1351W,  27, 1006, XX,  34, NEQ,    0,    0,    0,    0,  -99,  -99,  90,   0,   0,    ,   0,    , 267,  13,           ,  ,  0,    ,    0,    0,    0,    0, THERMO PARAMS, -97, 729, 191, N, 10, DT, -999, SHR82, -99, 
EP, 10, 2026082406, 03, HFSA, 120, 219N, 1370W,  28, 1009, XX,  34, NEQ,    0,    0,    0,    0,  -99,  -99,  69,   0,   0,    ,   0,    , 266,  15,           ,  ,  0,    ,    0,    0,    0,    0, THERMO PARAMS, -99, 815, 158, N, 10, DT, -999, SHR82, -99, 
EP, 10, 2026082406, 03, HFSA, 126, 218N, 1391W,  28, 1008, XX,  34, NEQ,    0,    0,    0,    0,  -99,  -99, 109,   0,   0,    ,   0,    , -99, -99,           ,  ,  0,    ,    0,    0,    0,    0, THERMO PARAMS, -92, 730, 256, N, 10, DT, -999, SHR82, -99, 
EP, 10, 2026082406, 03, TVCN,   0, 117N, 1213W,   0,    0,   ,   0,    ,    0,    0,    0,    0, 
EP, 10, 2026082406, 03, TVCN,  12, 129N, 1206W,   0,    0,   ,   0,    ,    0,    0,    0,    0, 
EP, 10, 2026082406, 03, TVCN,  24, 154N, 1199W,   0,    0,   ,   0,    ,    0,    0,    0,    0, 
EP, 10, 2026082406, 03, TVCN,  36, 186N, 1206W,   0,    0,   ,   0,    ,    0,    0,    0,    0, 
EP, 10, 2026082406, 03, TVCN,  48, 211N, 1226W,   0,    0,   ,   0,    ,    0,    0,    0,    0, 
EP, 10, 2026082406, 03, TVCN,  60, 220N, 1257W,   0,    0,   ,   0,    ,    0,    0,    0,    0, 
EP, 10, 2026082406, 03, TVCN,  72, 224N, 1278W,   0,    0,   ,   0,    ,    0,    0,    0,    0, 
EP, 10, 2026082406, 03, TVCN,  84, 227N, 1299W,   0,    0,   ,   0,    ,    0,    0,    0,    0, 
EP, 10, 2026082406, 03, TVCN,  96, 229N, 1321W,   0,    0,   ,   0,    ,    0,    0,    0,    0, 
EP, 10, 2026082406, 03, TVCN, 108, 230N, 1345W,   0,    0,   ,   0,    ,    0,    0,    0,    0, 
EP, 10, 2026082406, 03, TVCN, 120, 229N, 1371W,   0,    0,   ,   0,    ,    0,    0,    0,    0, 
EP, 10, 2026082406, 03, TVCN, 132, 225N, 1413W,   0,    0,   ,   0,    ,    0,    0,    0,    0, 
EP, 10, 2026082412, 03,  UKX,   0, 125N, 1215W,  26, 1006, XX,  34, NEQ,    0,    0,    0,    0, 
EP, 10, 2026082412, 03,  UKX,   6, 131N, 1214W,  28, 1007, XX,  34, NEQ,    0,    0,    0,    0, 
EP, 10, 2026082412, 03,  UKX,  12, 140N, 1211W,  29, 1006, XX,  34, NEQ,    0,    0,    0,    0, 
EP, 10, 2026082412, 03,  UKX,  18, 152N, 1208W,  31, 1007, XX,  34, NEQ,  650,    0,    0,    0, 
EP, 10, 2026082412, 03,  UKX,  24, 161N, 1204W,  30, 1004, XX,  34, NEQ,  342,    0,    0,  344, 
EP, 10, 2026082412, 03,  UKX,  30, 183N, 1203W,  31, 1004, XX,  34, NEQ,    0,    0,    0,  316, 
EP, 10, 2026082412, 03,  UKX,  36, 214N, 1235W,  38, 1000, XX,  34, NEQ,    0,    0,    0,   97, 
EP, 10, 2026082412, 03,  UKX,  42, 218N, 1244W,  32, 1002, XX,  34, NEQ,    0,    0,    0,    0, 
EP, 10, 2026082412, 03,  UKX,  48, 224N, 1251W,  32, 1001, XX,  34, NEQ,    0,    0,    0,    0, 
EP, 10, 2026082412, 03,  UKX,  54, 232N, 1258W,  30, 1004, XX,  34, NEQ,    0,    0,    0,    0, 
EP, 10, 2026082412, 03,  UKX,  60, 237N, 1267W,  29, 1003, XX,  34, NEQ,    0,    0,    0,    0, 
EP, 10, 2026082412, 03,  UKX,  66, 243N, 1273W,  25, 1006, XX,  34, NEQ,    0,    0,    0,    0, 
EP, 10, 2026082412, 03,  UKX,  72, 249N, 1281W,  24, 1006, XX,  34, NEQ,    0,    0,    0,    0, 
EP, 10, 2026082412, 03,  UKX,  78, 256N, 1285W,  23, 1008, XX,  34, NEQ,    0,    0,    0,    0, 
EP, 10, 2026082412, 03,  UKX,  84, 264N, 1286W,  26, 1007, XX,  34, NEQ,    0,    0,    0,    0, 
EP, 10, 2026082412, 03,  UKX,  90, 270N, 1287W,  23, 1010, XX,  34, NEQ,    0,    0,    0,    0, 
EP, 10, 2026082412, 03,  UKX,  96, 275N, 1289W,  24, 1010, XX,  34, NEQ,    0,    0,    0,    0, 
EP, 10, 2026082412, 03,  UKX, 102, 276N, 1298W,  23, 1013, XX,  34, NEQ,    0,    0,    0,    0, 
EP, 10, 2026082412, 03,  UKX, 108, 283N, 1303W,  24, 1012, XX,  34, NEQ,    0,    0,    0,    0, 
EP, 10, 2026082412, 03,  UKX, 114, 274N, 1307W,  24, 1015, XX,  34, NEQ,    0,    0,    0,    0, 
EP, 10, 2026082412, 03,  UKX, 120, 277N, 1312W,  22, 1015, XX,  34, NEQ,    0,    0,    0,    0, 
EP, 10, 2026082412, 03,  UKX, 126, 276N, 1315W,  22, 1017, XX,  34, NEQ,    0,    0,    0,    0, 
EP, 10, 2026082412, 03,  UKX, 132, 266N, 1326W,  22, 1016, XX,  34, NEQ,    0,    0,    0,    0, 
EP, 10, 2026082412, 03, AVNO,   0, 118N, 1214W,  23, 1005, XX,  34, NEQ,    0,    0,    0,    0,  -99,  -99,  60,   0,   0, 
EP, 10, 2026082412, 03, AVNO,   6, 123N, 1211W,  24, 1008, XX,  34, NEQ,    0,    0,    0,    0,  -99,  -99,  73,   0,   0, 
EP, 10, 2026082412, 03, AVNO,  12, 128N, 1208W,  27, 1005, XX,  34, NEQ,    0,    0,    0,    0,  -99,  -99,  78,   0,   0, 
EP, 10, 2026082412, 03, AVNO,  18, 136N, 1200W,  33, 1007, XX,  34, NEQ,    0,    0,    0,    0,  -99,  -99,  60,   0,   0, 
EP, 10, 2026082412, 03, AVNO,  24, 150N, 1193W,  40, 1004, XX,  34, NEQ,    0,   46,    0,    0,  -99,  -99,  45,   0,   0, 
EP, 10, 2026082412, 03, AVNO,  30, 169N, 1188W,  36, 1006, XX,  34, NEQ,  321,   39,    0,  375,  -99,  -99,  32,   0,   0, 
EP, 10, 2026082412, 03, AVNO,  36, 194N, 1186W,  40, 1004, XX,  34, NEQ,    0,    0,    0,  289,  -99,  -99, 159,   0,   0, 
EP, 10, 2026082412, 03, AVNO,  42, 219N, 1198W,  50, 1004, XX,  34, NEQ,   46,    0,  180,  183,  -99,  -99, 137,   0,   0, 
EP, 10, 2026082412, 03, AVNO,  48, 225N, 1224W,  46,  993, XX,  34, NEQ,   25,   62,   71,   51, 1009,  367,  22,   0,   0, 
EP, 10, 2026082412, 03, AVNO,  54, 224N, 1237W,  45,  996, XX,  34, NEQ,   77,   52,    0,   67, 1008,  120,  38,   0,   0, 
EP, 10, 2026082412, 03, AVNO,  60, 227N, 1245W,  41,  996, XX,  34, NEQ,   53,    0,    0,   63, 1008,  263,  33,   0,   0, 
EP, 10, 2026082412, 03, AVNO,  66, 229N, 1254W,  36, 1000, XX,  34, NEQ,   40,    0,    0,   69, 1008,  104,  55,   0,   0, 
EP, 10, 2026082412, 03, AVNO,  72, 235N, 1267W,  36, 1000, XX,  34, NEQ,   64,    0,    0,   63, 1004,   46,  49,   0,   0, 
EP, 10, 2026082412, 03, AVNO,  78, 237N, 1281W,  32, 1004, XX,  34, NEQ,    0,    0,    0,    0, 1008,   54,  66,   0,   0, 
EP, 10, 2026082412, 03, AVNO,  84, 238N, 1295W,  29, 1003, XX,  34, NEQ,    0,    0,    0,    0, 1007,   81,  49,   0,   0, 
EP, 10, 2026082412, 03, AVNO,  90, 238N, 1308W,  28, 1007, XX,  34, NEQ,    0,    0,    0,    0,  -99,  -99,  71,   0,   0, 
EP, 10, 2026082412, 03, AVNO,  96, 238N, 1321W,  26, 1006, XX,  34, NEQ,    0,    0,    0,    0,  -99,  -99,  56,   0,   0, 
EP, 10, 2026082412, 03, AVNO, 102, 237N, 1335W,  24, 1009, XX,  34, NEQ,    0,    0,    0,    0,  -99,  -99, 156,   0,   0, 
EP, 10, 2026082412, 03, AVNO, 108, 237N, 1350W,  24, 1008, XX,  34, NEQ,    0,    0,    0,    0,  -99,  -99, 132,   0,   0, 
EP, 10, 2026082412, 03, AVNO, 114, 234N, 1366W,  24, 1011, XX,  34, NEQ,    0,    0,    0,    0,  -99,  -99, 158,   0,   0, 
EP, 10, 2026082412, 03, AVNO, 120, 239N, 1381W,  22, 1011, XX,  34, NEQ,    0,    0,    0,    0,  -99,  -99, 157,   0,   0, 
EP, 10, 2026082412, 03, AVNO, 126, 231N, 1402W,  22, 1013, XX,  34, NEQ,    0,    0,    0,    0,  -99,  -99, 143,   0,   0, 
EP, 10, 2026082412, 03, AVNO, 132, 227N, 1419W,  21, 1010, XX,  34, NEQ,    0,    0,    0,    0,  -99,  -99, 153,   0,   0, 
EP, 10, 2026082412, 03, AVNO, 138, 225N, 1437W,  21, 1012, XX,  34, NEQ,    0,    0,    0,    0,  -99,  -99, 125,   0,   0, 
EP, 10, 2026082412, 03, HCCA,   0, 125N, 1213W,  30,    0,   ,   0,    ,    0,    0,    0,    0, 
EP, 10, 2026082412, 03, HCCA,  12, 141N, 1206W,  41,    0,   ,   0,    ,    0,    0,    0,    0, 
EP, 10, 2026082412, 03, HCCA,  24, 168N, 1203W,  53,    0,   ,   0,    ,    0,    0,    0,    0, 
EP, 10, 2026082412, 03, HCCA,  36, 198N, 1221W,  59,    0,   ,   0,    ,    0,    0,    0,    0, 
EP, 10, 2026082412, 03, HCCA,  48, 211N, 1244W,  52,    0,   ,   0,    ,    0,    0,    0,    0, 
EP, 10, 2026082412, 03, HCCA,  60, 216N, 1266W,  43,    0,   ,   0,    ,    0,    0,    0,    0, 
EP, 10, 2026082412, 03, HCCA,  72, 220N, 1288W,  33,    0,   ,   0,    ,    0,    0,    0,    0, 
EP, 10, 2026082412, 03, HCCA,  84, 221N, 1309W,  27,    0,   ,   0,    ,    0,    0,    0,    0, 
EP, 10, 2026082412, 03, HCCA,  96, 223N, 1335W,  23,    0,   ,   0,    ,    0,    0,    0,    0, 
EP, 10, 2026082412, 03, HCCA, 108, 224N, 1364W,  20,    0,   ,   0,    ,    0,    0,    0,    0, 
EP, 10, 2026082412, 03, HCCA, 120, 221N, 1396W,  20,    0,   ,   0,    ,    0,    0,    0,    0, 
EP, 10, 2026082412, 03, HCCA, 132, 215N, 1424W,  26,    0,   ,   0,    ,    0,    0,    0,    0, 
EP, 10, 2026082412, 03, HFSA,   0, 126N, 1212W,  30, 1004, XX,  34, NEQ,    0,    0,    0,    0,  -99,  -99,  22,   0,   0,    ,   0,    ,  17,   4,           ,  ,  0,    ,    0,    0,    0,    0, THERMO PARAMS, 8, -78, -63, N, 10, DT, -999, SHR82, -99, 
EP, 10, 2026082412, 03, HFSA,   6, 119N, 1218W,  43,  997, XX,  34, NEQ,    0,    0,   19,    0, 1005,    9,  10,   0,   0,    ,   0,    , 353,   1,           ,  ,  0,    ,    0,    0,    0,    0, THERMO PARAMS, 3, 358, 318, N, 10, DT, -999, SHR82, -99, 
EP, 10, 2026082412, 03, HFSA,  12, 124N, 1210W,  39, 1001, XX,  34, NEQ,    0,   34,    0,    0,  -99,  -99, 108,   0,   0,    ,   0,    ,  61,   9,           ,  ,  0,    ,    0,    0,    0,    0, THERMO PARAMS, -54, 20, 545, N, 10, DT, -999, SHR82, -99, 
EP, 10, 2026082412, 03, HFSA,  18, 139N, 1201W,  40, 1004, XX,  34, NEQ,    0,    0,    0,    0, 1008,   49,  75,   0,   0,    ,   0,    ,  35,  13,           ,  ,  0,    ,    0,    0,    0,    0, THERMO PARAMS, -36, 13, -153, N, 10, DT, -999, SHR82, -99, 
EP, 10, 2026082412, 03, HFSA,  24, 153N, 1195W,  39, 1003, XX,  34, NEQ,    0,   84,    0,    0,  -99,  -99,  84,   0,   0,    ,   0,    ,  27,  14,           ,  ,  0,    ,    0,    0,    0,    0, THERMO PARAMS, -55, 314, 432, N, 10, DT, -999, SHR82, -99, 
EP, 10, 2026082412, 03, HFSA,  30, 172N, 1189W,  40, 1001, XX,  34, NEQ,    0,   65,    0,    0, 1005,    4,  52,   0,   0,    ,   0,    ,  10,  17,           ,  ,  0,    ,    0,    0,    0,    0, THERMO PARAMS, -99, 1176, 1188, N, 10, DT, -999, SHR82, -99, 
EP, 10, 2026082412, 03, HFSA,  36, 196N, 1197W,  47, 1000, XX,  34, NEQ,    0,    0,    0,  280,  -99,  -99, 162,   0,   0,    ,   0,    , 334,  21,           ,  ,  0,    ,    0,    0,    0,    0, THERMO PARAMS, -118, 1443, 1272, N, 10, DT, -999, SHR82, -99, 
EP, 10, 2026082412, 03, HFSA,  42, 219N, 1225W,  53,  990, XX,  34, NEQ,  165,   57,   42,  134, 1002,   56,  46,   0,   0,    ,   0,    , 302,  14,           ,  ,  0,    ,    0,    0,    0,    0, THERMO PARAMS, -103, 1487, 1223, N, 10, DT, -999, SHR82, -99, 
EP, 10, 2026082412, 03, HFSA,  42, 219N, 1225W,  53,  990, XX,  50, NEQ,    0,    0,    0,   55, 1002,   56,  46,   0,   0,    ,   0,    , 302,  14,           ,  ,  0,    ,    0,    0,    0,    0, THERMO PARAMS, -103, 1487, 1223, N, 10, DT, -999, SHR82, -99, 
EP, 10, 2026082412, 03, HFSA,  48, 224N, 1234W,  42,  992, XX,  34, NEQ,  142,   55,   45,  133, 1004,   75,  30,   0,   0,    ,   0,    , 298,  10,           ,  ,  0,    ,    0,    0,    0,    0, THERMO PARAMS, -114, 1317, 1223, N, 10, DT, -999, SHR82, -99, 
EP, 10, 2026082412, 03, HFSA,  54, 227N, 1243W,  43,  996, XX,  34, NEQ,  105,    0,    0,   92, 1004,   53,  82,   0,   0,    ,   0,    , 290,  10,           ,  ,  0,    ,    0,    0,    0,    0, THERMO PARAMS, -120, 1256, 1045, N, 10, DT, -999, SHR82, -99, 
EP, 10, 2026082412, 03, HFSA,  60, 229N, 1254W,  37,  997, XX,  34, NEQ,   73,    0,    0,   79, 1005,   76,  33,   0,   0,    ,   0,    , 285,   9,           ,  ,  0,    ,    0,    0,    0,    0, THERMO PARAMS, -119, 1431, 674, N, 10, DT, -999, SHR82, -99, 
EP, 10, 2026082412, 03, HFSA,  66, 230N, 1263W,  35, 1000, XX,  34, NEQ,   57,    0,    0,   58, 1008,  101,  53,   0,   0,    ,   0,    , 280,   9,           ,  ,  0,    ,    0,    0,    0,    0, THERMO PARAMS, -96, 1317, 250, N, 10, DT, -999, SHR82, -99, 
EP, 10, 2026082412, 03, HFSA,  72, 233N, 1273W,  31, 1000, XX,  34, NEQ,    0,    0,    0,    0, 1004,   43,  82,   0,   0,    ,   0,    , 284,   8,           ,  ,  0,    ,    0,    0,    0,    0, THERMO PARAMS, -87, 1238, -140, N, 10, DT, -999, SHR82, -99, 
EP, 10, 2026082412, 03, HFSA,  78, 235N, 1283W,  29, 1003, XX,  34, NEQ,    0,    0,    0,    0, 1007,   52,  86,   0,   0,    ,   0,    , 281,   9,           ,  ,  0,    ,    0,    0,    0,    0, THERMO PARAMS, -99, 1214, -567, N, 10, DT, -999, SHR82, -99, 
EP, 10, 2026082412, 03, HFSA,  84, 236N, 1295W,  29, 1003, XX,  34, NEQ,    0,    0,    0,    0, 1007,   73,  68,   0,   0,    ,   0,    , 279,   8,           ,  ,  0,    ,    0,    0,    0,    0, THERMO PARAMS, -116, 1375, -614, N, 10, DT, -999, SHR82, -99, 
EP, 10, 2026082412, 03, HFSA,  90, 235N, 1307W,  30, 1006, XX,  34, NEQ,    0,    0,    0,    0, 1010,   97,  85,   0,   0,    ,   0,    , 266,   9,           ,  ,  0,    ,    0,    0,    0,    0, THERMO PARAMS, -96, 1174, -653, N, 10, DT, -999, SHR82, -99, 
EP, 10, 2026082412, 03, HFSA,  96, 235N, 1319W,  27, 1006, XX,  34, NEQ,    0,    0,    0,    0,  -99,  -99, 103,   0,   0,    ,   0,    , 271,   9,           ,  ,  0,    ,    0,    0,    0,    0, THERMO PARAMS, -100, 1090, -536, N, 10, DT, -999, SHR82, -99, 
EP, 10, 2026082412, 03, HFSA, 102, 235N, 1331W,  24, 1009, XX,  34, NEQ,    0,    0,    0,    0,  -99,  -99, 160,   0,   0,    ,   0,    , 273,  11,           ,  ,  0,    ,    0,    0,    0,    0, THERMO PARAMS, -129, 1008, -468, N, 10, DT, -999, SHR82, -99, 
EP, 10, 2026082412, 03, HFSA, 108, 235N, 1345W,  25, 1007, XX,  34, NEQ,    0,    0,    0,    0,  -99,  -99, 111,   0,   0,    ,   0,    , 272,  11,           ,  ,  0,    ,    0,    0,    0,    0, THERMO PARAMS, -139, 863, -192, N, 10, DT, -999, SHR82, -99, 
EP, 10, 2026082412, 03, HFSA, 114, 235N, 1360W,  25, 1010, XX,  34, NEQ,    0,    0,    0,    0,  -99,  -99, 117,   0,   0,    ,   0,    , 274,  12,           ,  ,  0,    ,    0,    0,    0,    0, THERMO PARAMS, -166, 804, -222, N, 10, DT, -999, SHR82, -99, 
EP, 10, 2026082412, 03, HFSA, 120, 235N, 1379W,  24, 1010, XX,  34, NEQ,    0,    0,    0,    0,  -99,  -99,  62,   0,   0,    ,   0,    , 273,  14,           ,  ,  0,    ,    0,    0,    0,    0, THERMO PARAMS, -141, 774, 54, N, 10, DT, -999, SHR82, -99, 
EP, 10, 2026082412, 03, HFSA, 126, 235N, 1396W,  23, 1013, XX,  34, NEQ,    0,    0,    0,    0,  -99,  -99, 162,   0,   0,    ,   0,    , -99, -99,           ,  ,  0,    ,    0,    0,    0,    0, THERMO PARAMS, -146, 664, -68, N, 10, DT, -999, SHR82, -99, 
EP, 10, 2026082412, 03, TVCN,   0, 125N, 1213W,   0,    0,   ,   0,    ,    0,    0,    0,    0, 
EP, 10, 2026082412, 03, TVCN,  12, 141N, 1206W,   0,    0,   ,   0,    ,    0,    0,    0,    0, 
EP, 10, 2026082412, 03, TVCN,  24, 171N, 1202W,   0,    0,   ,   0,    ,    0,    0,    0,    0, 
EP, 10, 2026082412, 03, TVCN,  36, 204N, 1215W,   0,    0,   ,   0,    ,    0,    0,    0,    0, 
EP, 10, 2026082412, 03, TVCN,  48, 226N, 1235W,   0,    0,   ,   0,    ,    0,    0,    0,    0, 
EP, 10, 2026082412, 03, TVCN,  60, 218N, 1263W,   0,    0,   ,   0,    ,    0,    0,    0,    0, 
EP, 10, 2026082412, 03, TVCN,  72, 220N, 1284W,   0,    0,   ,   0,    ,    0,    0,    0,    0, 
EP, 10, 2026082412, 03, TVCN,  84, 222N, 1306W,   0,    0,   ,   0,    ,    0,    0,    0,    0, 
EP, 10, 2026082412, 03, TVCN,  96, 223N, 1331W,   0,    0,   ,   0,    ,    0,    0,    0,    0, 
EP, 10, 2026082412, 03, TVCN, 108, 223N, 1359W,   0,    0,   ,   0,    ,    0,    0,    0,    0, 
EP, 10, 2026082412, 03, TVCN, 120, 219N, 1391W,   0,    0,   ,   0,    ,    0,    0,    0,    0, 
EP, 10, 2026082412, 03, TVCN, 132, 216N, 1422W,   0,    0,   ,   0,    ,    0,    0,    0,    0, 
EP, 10, 2026082418, 03, AVNO,   0, 126N, 1209W,  27, 1007, XX,  34, NEQ,    0,    0,    0,    0,  -99,  -99,  53,   0,   0, 
EP, 10, 2026082418, 03, AVNO,   6, 133N, 1203W,  35, 1001, XX,  34, NEQ,    0,   42,    0,    0, 1005,   65,  27,   0,   0, 
EP, 10, 2026082418, 03, AVNO,  12, 144N, 1197W,  44, 1004, XX,  34, NEQ,    0,   47,    0,    0, 1008,   55,  35,   0,   0, 
EP, 10, 2026082418, 03, AVNO,  18, 162N, 1192W,  41, 1004, XX,  34, NEQ,  394,   58,    0,  393,  -99,  -99,  42,   0,   0, 
EP, 10, 2026082418, 03, AVNO,  24, 182N, 1186W,  42, 1005, XX,  34, NEQ,  261,   54,    0,  360,  -99,  -99,  22,   0,   0, 
EP, 10, 2026082418, 03, AVNO,  30, 207N, 1190W,  43, 1003, XX,  34, NEQ,   82,    0,    0,  267,  -99,  -99, 160,   0,   0, 
EP, 10, 2026082418, 03, AVNO,  36, 222N, 1218W,  44,  995, XX,  34, NEQ,  125,   14,   50,  136,  -99,  -99,  33,   0,   0, 
EP, 10, 2026082418, 03, AVNO,  42, 227N, 1235W,  44,  994, XX,  34, NEQ,   85,   59,    0,   66, 1006,  132,  52,   0,   0, 
EP, 10, 2026082418, 03, AVNO,  48, 232N, 1244W,  42,  998, XX,  34, NEQ,   81,   39,    0,   86, 1010,  188,  56,   0,   0, 
EP, 10, 2026082418, 03, AVNO,  54, 235N, 1253W,  36,  998, XX,  34, NEQ,   51,    0,    0,   61, 1006,  102,  39,   0,   0, 
EP, 10, 2026082418, 03, AVNO,  60, 237N, 1262W,  37, 1001, XX,  34, NEQ,   63,    0,    0,   61, 1009,  133,  46,   0,   0, 
EP, 10, 2026082418, 03, AVNO,  66, 241N, 1273W,  30, 1001, XX,  34, NEQ,    0,    0,    0,    0, 1005,   52,  55,   0,   0, 
EP, 10, 2026082418, 03, AVNO,  72, 244N, 1284W,  27, 1005, XX,  34, NEQ,    0,    0,    0,    0, 1009,   63,  55,   0,   0, 
EP, 10, 2026082418, 03, AVNO,  78, 248N, 1294W,  27, 1004, XX,  34, NEQ,    0,    0,    0,    0, 1008,  186,  62,   0,   0, 
EP, 10, 2026082418, 03, AVNO,  84, 249N, 1305W,  28, 1007, XX,  34, NEQ,    0,    0,    0,    0,  -99,  -99,  80,   0,   0, 
EP, 10, 2026082418, 03, AVNO,  90, 251N, 1316W,  25, 1007, XX,  34, NEQ,    0,    0,    0,    0,  -99,  -99,  94,   0,   0, 
EP, 10, 2026082418, 03, AVNO,  96, 253N, 1329W,  25, 1010, XX,  34, NEQ,    0,    0,    0,    0,  -99,  -99, 136,   0,   0, 
EP, 10, 2026082418, 03, AVNO, 102, 254N, 1342W,  24, 1009, XX,  34, NEQ,    0,    0,    0,    0,  -99,  -99, 126,   0,   0, 
EP, 10, 2026082418, 03, AVNO, 108, 253N, 1355W,  24, 1012, XX,  34, NEQ,    0,    0,    0,    0,  -99,  -99, 162,   0,   0, 
EP, 10, 2026082418, 03, AVNO, 114, 255N, 1370W,  22, 1012, XX,  34, NEQ,    0,    0,    0,    0,  -99,  -99, 153,   0,   0, 
EP, 10, 2026082418, 03, AVNO, 120, 258N, 1385W,  23, 1015, XX,  34, NEQ,    0,    0,    0,    0,  -99,  -99, 159,   0,   0, 
EP, 10, 2026082418, 03, AVNO, 126, 251N, 1401W,  23, 1013, XX,  34, NEQ,    0,    0,    0,    0,  -99,  -99, 160,   0,   0, 
EP, 10, 2026082418, 03, AVNO, 132, 250N, 1414W,  22, 1015, XX,  34, NEQ,    0,    0,    0,    0,  -99,  -99, 156,   0,   0, 
EP, 10, 2026082418, 03, HCCA,   0, 131N, 1210W,  30,    0,   ,   0,    ,    0,    0,    0,    0, 
EP, 10, 2026082418, 03, HCCA,  12, 151N, 1201W,  37,    0,   ,   0,    ,    0,    0,    0,    0, 
EP, 10, 2026082418, 03, HCCA,  24, 185N, 1202W,  46,    0,   ,   0,    ,    0,    0,    0,    0, 
EP, 10, 2026082418, 03, HCCA,  36, 214N, 1227W,  50,    0,   ,   0,    ,    0,    0,    0,    0, 
EP, 10, 2026082418, 03, HCCA,  48, 224N, 1250W,  41,    0,   ,   0,    ,    0,    0,    0,    0, 
EP, 10, 2026082418, 03, HCCA,  60, 230N, 1272W,  33,    0,   ,   0,    ,    0,    0,    0,    0, 
EP, 10, 2026082418, 03, HCCA,  72, 234N, 1295W,  25,    0,   ,   0,    ,    0,    0,    0,    0, 
EP, 10, 2026082418, 03, HCCA,  84, 235N, 1319W,  20,    0,   ,   0,    ,    0,    0,    0,    0, 
EP, 10, 2026082418, 03, HCCA,  96, 234N, 1345W,  16,    0,   ,   0,    ,    0,    0,    0,    0, 
EP, 10, 2026082418, 03, HCCA, 108, 234N, 1371W,   0,    0,   ,   0,    ,    0,    0,    0,    0, 
EP, 10, 2026082418, 03, HCCA, 120, 233N, 1402W,   0,    0,   ,   0,    ,    0,    0,    0,    0, 
EP, 10, 2026082418, 03, HFSA,   0, 130N, 1209W,  29, 1006, XX,  34, NEQ,    0,    0,    0,    0,  -99,  -99,  50,   0,   0,    ,   0,    ,  22,   7,           ,  ,  0,    ,    0,    0,    0,    0, THERMO PARAMS, 23, 66, -105, N, 10, DT, -999, SHR82, -99, 
EP, 10, 2026082418, 03, HFSA,   6, 133N, 1202W,  39, 1002, XX,  34, NEQ,    0,   58,    0,    0,  -99,  -99,  35,   0,   0,    ,   0,    ,  47,   9,           ,  ,  0,    ,    0,    0,    0,    0, THERMO PARAMS, -74, 217, 159, N, 10, DT, -999, SHR82, -99, 
EP, 10, 2026082418, 03, HFSA,  12, 146N, 1196W,  49, 1002, XX,  34, NEQ,   68,   68,    0,    0, 1006,   10,  49,   0,   0,    ,   0,    ,  27,  13,           ,  ,  0,    ,    0,    0,    0,    0, THERMO PARAMS, -66, 125, 294, N, 10, DT, -999, SHR82, -99, 
EP, 10, 2026082418, 03, HFSA,  18, 163N, 1188W,  48, 1002, XX,  34, NEQ,    0,   60,   23,    0,  -99,  -99,  41,   0,   0,    ,   0,    ,  26,  15,           ,  ,  0,    ,    0,    0,    0,    0, THERMO PARAMS, -83, 1013, 578, N, 10, DT, -999, SHR82, -99, 
EP, 10, 2026082418, 03, HFSA,  24, 181N, 1185W,  46, 1004, XX,  34, NEQ,   86,   49,    0,    0,  -99,  -99,  17,   0,   0,    ,   0,    , 357,  18,           ,  ,  0,    ,    0,    0,    0,    0, THERMO PARAMS, -101, 1344, 1084, N, 10, DT, -999, SHR82, -99, 
EP, 10, 2026082418, 03, HFSA,  30, 213N, 1205W,  57,  988, XX,  34, NEQ,   91,  147,    0,    0,  -99,  -99, 142,   0,   0,    ,   0,    , 324,  26,           ,  ,  0,    ,    0,    0,    0,    0, THERMO PARAMS, -9999, -9999, -9999, N, 10, DT, -999, SHR82, -99, 
EP, 10, 2026082418, 03, HFSA,  36, 222N, 1234W,  48,  992, XX,  34, NEQ,    0,   50,    0,  120, 1004,   70,  56,   0,   0,    ,   0,    , 296,   9,           ,  ,  0,    ,    0,    0,    0,    0, THERMO PARAMS, -9999, -9999, -9999, N, 10, DT, -999, SHR82, -99, 
EP, 10, 2026082418, 03, HFSA,  42, 226N, 1241W,  38,  994, XX,  34, NEQ,  112,   52,    0,   37, 1006,  101,  34,   0,   0,    ,   0,    , 309,  10,           ,  ,  0,    ,    0,    0,    0,    0, THERMO PARAMS, -9999, -9999, -9999, N, 10, DT, -999, SHR82, -99, 
EP, 10, 2026082418, 03, HFSA,  48, 232N, 1251W,  36,  998, XX,  34, NEQ,   63,    0,    0,   92, 1010,  175,  28,   0,   0,    ,   0,    , 297,  11,           ,  ,  0,    ,    0,    0,    0,    0, THERMO PARAMS, -72, 1194, 672, N, 10, DT, -999, SHR82, -99, 
EP, 10, 2026082418, 03, HFSA,  54, 234N, 1262W,  34,  998, XX,  34, NEQ,    0,    0,    0,   42, 1006,   88,  64,   0,   0,    ,   0,    , 278,   9,           ,  ,  0,    ,    0,    0,    0,    0, THERMO PARAMS, -100, 1297, 440, N, 10, DT, -999, SHR82, -99, 
EP, 10, 2026082418, 03, HFSA,  60, 234N, 1272W,  29, 1002, XX,  34, NEQ,    0,    0,    0,    0, 1010,  131,  68,   0,   0,    ,   0,    , 280,   9,           ,  ,  0,    ,    0,    0,    0,    0, THERMO PARAMS, -80, 1187, -256, N, 10, DT, -999, SHR82, -99, 
EP, 10, 2026082418, 03, HFSA,  66, 237N, 1282W,  26, 1002, XX,  34, NEQ,    0,    0,    0,    0, 1006,   46,  84,   0,   0,    ,   0,    , 286,   9,           ,  ,  0,    ,    0,    0,    0,    0, THERMO PARAMS, -89, 1107, -476, N, 10, DT, -999, SHR82, -99, 
EP, 10, 2026082418, 03, HFSA,  72, 239N, 1292W,  25, 1005, XX,  34, NEQ,    0,    0,    0,    0, 1009,   63, 156,   0,   0,    ,   0,    , 287,   9,           ,  ,  0,    ,    0,    0,    0,    0, THERMO PARAMS, -115, 1047, -705, N, 10, DT, -999, SHR82, -99, 
EP, 10, 2026082418, 03, HFSA,  78, 241N, 1302W,  27, 1004, XX,  34, NEQ,    0,    0,    0,    0, 1008,  101, 130,   0,   0,    ,   0,    , 283,   8,           ,  ,  0,    ,    0,    0,    0,    0, THERMO PARAMS, -128, 1207, -764, N, 10, DT, -999, SHR82, -99, 
EP, 10, 2026082418, 03, HFSA,  84, 241N, 1313W,  27, 1007, XX,  34, NEQ,    0,    0,    0,    0, 1011,  129, 146,   0,   0,    ,   0,    , 274,   9,           ,  ,  0,    ,    0,    0,    0,    0, THERMO PARAMS, -109, 1035, -747, N, 10, DT, -999, SHR82, -99, 
EP, 10, 2026082418, 03, HFSA,  90, 243N, 1326W,  25, 1007, XX,  34, NEQ,    0,    0,    0,    0,  -99,  -99, 151,   0,   0,    ,   0,    , 280,  10,           ,  ,  0,    ,    0,    0,    0,    0, THERMO PARAMS, -124, 870, -708, N, 10, DT, -999, SHR82, -99, 
EP, 10, 2026082418, 03, HFSA,  96, 245N, 1339W,  26, 1010, XX,  34, NEQ,    0,    0,    0,    0,  -99,  -99, 155,   0,   0,    ,   0,    , 277,  11,           ,  ,  0,    ,    0,    0,    0,    0, THERMO PARAMS, -146, 918, -713, N, 10, DT, -999, SHR82, -99, 
EP, 10, 2026082418, 03, HFSA, 102, 244N, 1353W,  26, 1009, XX,  34, NEQ,    0,    0,    0,    0,  -99,  -99, 161,   0,   0,    ,   0,    , 269,  10,           ,  ,  0,    ,    0,    0,    0,    0, THERMO PARAMS, -159, 902, -551, N, 10, DT, -999, SHR82, -99, 
EP, 10, 2026082418, 03, HFSA, 108, 244N, 1369W,  24, 1011, XX,  34, NEQ,    0,    0,    0,    0,  -99,  -99, 152,   0,   0,    ,   0,    , 268,  13,           ,  ,  0,    ,    0,    0,    0,    0, THERMO PARAMS, -150, 750, -564, N, 10, DT, -999, SHR82, -99, 
EP, 10, 2026082418, 03, HFSA, 114, 244N, 1386W,  25, 1011, XX,  34, NEQ,    0,    0,    0,    0,  -99,  -99, 148,   0,   0,    ,   0,    , 271,  12,           ,  ,  0,    ,    0,    0,    0,    0, THERMO PARAMS, -159, 830, -427, N, 10, DT, -999, SHR82, -99, 
EP, 10, 2026082418, 03, HFSA, 120, 241N, 1400W,  24, 1014, XX,  34, NEQ,    0,    0,    0,    0,  -99,  -99, 131,   0,   0,    ,   0,    , 249,  12,           ,  ,  0,    ,    0,    0,    0,    0, THERMO PARAMS, -9999, -9999, -9999, N, 10, DT, -999, SHR82, -99, 
EP, 10, 2026082418, 03, TVCN,   0, 131N, 1210W,   0,    0,   ,   0,    ,    0,    0,    0,    0, 
EP, 10, 2026082418, 03, TVCN,  12, 149N, 1201W,   0,    0,   ,   0,    ,    0,    0,    0,    0, 
EP, 10, 2026082418, 03, TVCN,  24, 180N, 1199W,   0,    0,   ,   0,    ,    0,    0,    0,    0, 
EP, 10, 2026082418, 03, TVCN,  36, 210N, 1221W,   0,    0,   ,   0,    ,    0,    0,    0,    0, 
EP, 10, 2026082418, 03, TVCN,  48, 223N, 1244W,   0,    0,   ,   0,    ,    0,    0,    0,    0, 
EP, 10, 2026082418, 03, TVCN,  60, 230N, 1265W,   0,    0,   ,   0,    ,    0,    0,    0,    0, 
EP, 10, 2026082418, 03, TVCN,  72, 234N, 1287W,   0,    0,   ,   0,    ,    0,    0,    0,    0, 
EP, 10, 2026082418, 03, TVCN,  84, 236N, 1310W,   0,    0,   ,   0,    ,    0,    0,    0,    0, 
EP, 10, 2026082418, 03, TVCN,  96, 236N, 1335W,   0,    0,   ,   0,    ,    0,    0,    0,    0, 
EP, 10, 2026082418, 03, TVCN, 108, 234N, 1362W,   0,    0,   ,   0,    ,    0,    0,    0,    0, 
EP, 10, 2026082418, 03, TVCN, 120, 232N, 1390W,   0,    0,   ,   0,    ,    0,    0,    0,    0, 
EP, 10, 2026082500, 03,  UKX,   0, 138N, 1209W,  28, 1006, XX,  34, NEQ,  349,    0,    0,    0, 
EP, 10, 2026082500, 03,  UKX,   6, 149N, 1206W,  29, 1007, XX,  34, NEQ,  350,    0,    0,  650, 
EP, 10, 2026082500, 03,  UKX,  12, 161N, 1202W,  30, 1006, XX,  34, NEQ,  343,    0,    0,  349, 
EP, 10, 2026082500, 03,  UKX,  18, 181N, 1199W,  30, 1004, XX,  34, NEQ,    0,    0,    0,  346, 
EP, 10, 2026082500, 03,  UKX,  24, 219N, 1225W,  43,  997, XX,  34, NEQ,  140,    0,    0,  128, 
EP, 10, 2026082500, 03,  UKX,  30, 225N, 1233W,  40,  999, XX,  34, NEQ,  105,   59,    0,  105, 
EP, 10, 2026082500, 03,  UKX,  36, 235N, 1241W,  42,  999, XX,  34, NEQ,   78,   61,    0,   94, 
EP, 10, 2026082500, 03,  UKX,  42, 243N, 1250W,  38, 1000, XX,  34, NEQ,   64,   39,    0,   80, 
EP, 10, 2026082500, 03,  UKX,  48, 251N, 1256W,  36, 1000, XX,  34, NEQ,   74,   35,    0,   45, 
EP, 10, 2026082500, 03,  UKX,  54, 259N, 1264W,  34, 1003, XX,  34, NEQ,   52,    0,    0,    0, 
EP, 10, 2026082500, 03,  UKX,  60, 267N, 1272W,  29, 1004, XX,  34, NEQ,    0,    0,    0,    0, 
EP, 10, 2026082500, 03,  UKX,  66, 274N, 1276W,  31, 1007, XX,  34, NEQ,    0,    0,    0,    0, 
EP, 10, 2026082500, 03,  UKX,  72, 282N, 1277W,  30, 1006, XX,  34, NEQ,    0,    0,    0,    0, 
EP, 10, 2026082500, 03,  UKX,  78, 285N, 1278W,  30, 1009, XX,  34, NEQ,    0,    0,    0,    0, 
EP, 10, 2026082500, 03,  UKX,  84, 291N, 1278W,  26, 1010, XX,  34, NEQ,    0,    0,    0,    0, 
EP, 10, 2026082500, 03,  UKX,  90, 291N, 1284W,  23, 1013, XX,  34, NEQ,    0,    0,    0,    0, 
EP, 10, 2026082500, 03,  UKX,  96, 288N, 1285W,  23, 1012, XX,  34, NEQ,    0,    0,    0,    0, 
EP, 10, 2026082500, 03,  UKX, 102, 287N, 1283W,  22, 1014, XX,  34, NEQ,    0,    0,    0,    0, 
EP, 10, 2026082500, 03,  UKX, 108, 286N, 1286W,  20, 1014, XX,  34, NEQ,    0,    0,    0,    0, 
EP, 10, 2026082500, 03,  UKX, 114, 280N, 1289W,  21, 1016, XX,  34, NEQ,    0,    0,    0,    0, 
EP, 10, 2026082500, 03,  UKX, 120, 271N, 1296W,  22, 1015, XX,  34, NEQ,    0,    0,    0,    0, 
EP, 10, 2026082500, 03,  UKX, 126, 270N, 1295W,  19, 1016, XX,  34, NEQ,    0,    0,    0,    0, 
EP, 10, 2026082500, 03,  UKX, 132, 277N, 1299W,  18, 1014, XX,  34, NEQ,    0,    0,    0,    0, 
EP, 10, 2026082500, 03,  UKX, 138, 273N, 1302W,  18, 1017, XX,  34, NEQ,    0,    0,    0,    0, 
EP, 10, 2026082500, 03, AVNO,   0, 133N, 1204W,  32, 1003, XX,  34, NEQ,    0,    0,    0,    0,  -99,  -99,  40,   0,   0, 
EP, 10, 2026082500, 03, AVNO,   6, 144N, 1199W,  33, 1007, XX,  34, NEQ,    0,    0,    0,    0,  -99,  -99,  36,   0,   0, 
EP, 10, 2026082500, 03, AVNO,  12, 161N, 1193W,  35, 1004, XX,  34, NEQ,  387,   68,    0,  287,  -99,  -99,  68,   0,   0, 
EP, 10, 2026082500, 03, AVNO,  18, 174N, 1188W,  32, 1007, XX,  34, NEQ,    0,    0,    0,    0,  -99,  -99,  62,   0,   0, 
EP, 10, 2026082500, 03, AVNO,  24, 178N, 1190W,  31, 1006, XX,  34, NEQ,    0,    0,    0,    0,  -99,  -99, 151,   0,   0, 
EP, 10, 2026082500, 03, AVNO,  30, 187N, 1187W,  30, 1009, XX,  34, NEQ,    0,    0,    0,    0,  -99,  -99, 155,   0,   0, 
EP, 10, 2026082500, 03, AVNO,  36, 203N, 1196W,  27, 1004, XX,  34, NEQ,    0,    0,    0,    0,  -99,  -99, 148,   0,   0, 
EP, 10, 2026082500, 03, AVNO,  42, 227N, 1212W,  38,  999, XX,  34, NEQ,    0,    0,    0,  212,  -99,  -99, 150,   0,   0, 
EP, 10, 2026082500, 03, AVNO,  48, 238N, 1244W,  37,  997, XX,  34, NEQ,   46,    0,    0,   57, 1005,   91,  44,   0,   0, 
EP, 10, 2026082500, 03, AVNO,  54, 240N, 1257W,  35, 1001, XX,  34, NEQ,    0,    0,    0,   65, 1009,  133,  57,   0,   0, 
EP, 10, 2026082500, 03, AVNO,  60, 242N, 1267W,  30, 1002, XX,  34, NEQ,    0,    0,    0,    0, 1006,   54,  55,   0,   0, 
EP, 10, 2026082500, 03, AVNO,  66, 244N, 1276W,  27, 1005, XX,  34, NEQ,    0,    0,    0,    0, 1009,   65, 127,   0,   0, 
EP, 10, 2026082500, 03, AVNO,  72, 245N, 1285W,  26, 1004, XX,  34, NEQ,    0,    0,    0,    0, 1008,  109, 151,   0,   0, 
EP, 10, 2026082500, 03, AVNO,  78, 246N, 1293W,  25, 1007, XX,  34, NEQ,    0,    0,    0,    0,  -99,  -99, 160,   0,   0, 
EP, 10, 2026082500, 03, AVNO,  84, 247N, 1304W,  23, 1007, XX,  34, NEQ,    0,    0,    0,    0,  -99,  -99,  75,   0,   0, 
EP, 10, 2026082500, 03, AVNO,  90, 249N, 1316W,  25, 1010, XX,  34, NEQ,    0,    0,    0,    0,  -99,  -99, 152,   0,   0, 
EP, 10, 2026082500, 03, AVNO,  96, 250N, 1327W,  25, 1009, XX,  34, NEQ,    0,    0,    0,    0,  -99,  -99, 151,   0,   0, 
EP, 10, 2026082500, 03, AVNO, 102, 249N, 1341W,  24, 1012, XX,  34, NEQ,    0,    0,    0,    0,  -99,  -99, 143,   0,   0, 
EP, 10, 2026082500, 03, AVNO, 108, 255N, 1354W,  22, 1012, XX,  34, NEQ,    0,    0,    0,    0,  -99,  -99, 148,   0,   0, 
EP, 10, 2026082500, 03, AVNO, 114, 249N, 1370W,  21, 1014, XX,  34, NEQ,    0,    0,    0,    0,  -99,  -99, 157,   0,   0, 
EP, 10, 2026082500, 03, AVNO, 120, 246N, 1382W,  21, 1011, XX,  34, NEQ,    0,    0,    0,    0,  -99,  -99, 161,   0,   0, 
EP, 10, 2026082500, 03, HCCA,   0, 138N, 1205W,  30,    0,   ,   0,    ,    0,    0,    0,    0, 
EP, 10, 2026082500, 03, HCCA,  12, 166N, 1199W,  39,    0,   ,   0,    ,    0,    0,    0,    0, 
EP, 10, 2026082500, 03, HCCA,  24, 202N, 1211W,  44,    0,   ,   0,    ,    0,    0,    0,    0, 
EP, 10, 2026082500, 03, HCCA,  36, 223N, 1240W,  39,    0,   ,   0,    ,    0,    0,    0,    0, 
EP, 10, 2026082500, 03, HCCA,  48, 232N, 1262W,  33,    0,   ,   0,    ,    0,    0,    0,    0, 
EP, 10, 2026082500, 03, HCCA,  60, 239N, 1283W,  26,    0,   ,   0,    ,    0,    0,    0,    0, 
EP, 10, 2026082500, 03, HCCA,  72, 243N, 1304W,  21,    0,   ,   0,    ,    0,    0,    0,    0, 
EP, 10, 2026082500, 03, HCCA,  84, 244N, 1327W,  17,    0,   ,   0,    ,    0,    0,    0,    0, 
EP, 10, 2026082500, 03, HCCA,  96, 245N, 1352W,  17,    0,   ,   0,    ,    0,    0,    0,    0, 
EP, 10, 2026082500, 03, HCCA, 108, 244N, 1379W,  16,    0,   ,   0,    ,    0,    0,    0,    0, 
EP, 10, 2026082500, 03, HCCA, 120, 243N, 1408W,   0,    0,   ,   0,    ,    0,    0,    0,    0, 
EP, 10, 2026082500, 03, HFSA,   0, 136N, 1203W,  29, 1004, XX,  34, NEQ,    0,    0,    0,    0,  -99,  -99,  42,   0,   0,    ,   0,    ,  35,   9,           ,  ,  0,    ,    0,    0,    0,    0, THERMO PARAMS, -40, 31, 28, N, 10, DT, -999, SHR82, -99, 
EP, 10, 2026082500, 03, HFSA,   6, 144N, 1198W,  39, 1002, XX,  34, NEQ,   76,    0,    0,    0, 1006,    2,  77,   0,   0,    ,   0,    ,  39,  12,           ,  ,  0,    ,    0,    0,    0,    0, THERMO PARAMS, -56, 181, 431, N, 10, DT, -999, SHR82, -99, 
EP, 10, 2026082500, 03, HFSA,  12, 157N, 1190W,  44, 1001, XX,  34, NEQ,    0,   68,    0,    0,  -99,  -99,  31,   0,   0,    ,   0,    ,  25,  16,           ,  ,  0,    ,    0,    0,    0,    0, THERMO PARAMS, -33, -153, 398, N, 10, DT, -999, SHR82, -99, 
EP, 10, 2026082500, 03, HFSA,  18, 178N, 1185W,  50, 1007, XX,  34, NEQ,    0,   57,    0,    0,  -99,  -99,  50,   0,   0,    ,   0,    ,   8,  18,           ,  ,  0,    ,    0,    0,    0,    0, THERMO PARAMS, -101, 1133, 967, N, 10, DT, -999, SHR82, -99, 
EP, 10, 2026082500, 03, HFSA,  24, 212N, 1202W,  58,  989, XX,  34, NEQ,  130,  126,    0,  199,  -99,  -99, 119,   0,   0,    ,   0,    , 324,  26,           ,  ,  0,    ,    0,    0,    0,    0, THERMO PARAMS, -164, 1214, 1067, N, 10, DT, -999, SHR82, -99, 
EP, 10, 2026082500, 03, HFSA,  24, 212N, 1202W,  58,  989, XX,  50, NEQ,    0,    0,    0,  139,  -99,  -99, 119,   0,   0,    ,   0,    , 324,  26,           ,  ,  0,    ,    0,    0,    0,    0, THERMO PARAMS, -164, 1214, 1067, N, 10, DT, -999, SHR82, -99, 
EP, 10, 2026082500, 03, HFSA,  30, 222N, 1226W,  52,  993, XX,  34, NEQ,  154,   89,   37,  121, 1001,   44,  51,   0,   0,    ,   0,    , 287,  10,           ,  ,  0,    ,    0,    0,    0,    0, THERMO PARAMS, -126, 1274, 835, N, 10, DT, -999, SHR82, -99, 
EP, 10, 2026082500, 03, HFSA,  30, 222N, 1226W,  52,  993, XX,  50, NEQ,    0,    0,    0,   52, 1001,   44,  51,   0,   0,    ,   0,    , 287,  10,           ,  ,  0,    ,    0,    0,    0,    0, THERMO PARAMS, -126, 1274, 835, N, 10, DT, -999, SHR82, -99, 
EP, 10, 2026082500, 03, HFSA,  36, 228N, 1236W,  42,  994, XX,  34, NEQ,   89,   58,    0,   84, 1002,   55,  32,   0,   0,    ,   0,    , 299,  11,           ,  ,  0,    ,    0,    0,    0,    0, THERMO PARAMS, -100, 1422, 893, N, 10, DT, -999, SHR82, -99, 
EP, 10, 2026082500, 03, HFSA,  42, 232N, 1245W,  38,  998, XX,  34, NEQ,  105,    0,    0,   84, 1006,   69,  89,   0,   0,    ,   0,    , 297,  10,           ,  ,  0,    ,    0,    0,    0,    0, THERMO PARAMS, -96, 1148, 617, N, 10, DT, -999, SHR82, -99, 
EP, 10, 2026082500, 03, HFSA,  48, 235N, 1256W,  35,  998, XX,  34, NEQ,   63,    0,    0,   62, 1006,   97,  61,   0,   0,    ,   0,    , 289,   9,           ,  ,  0,    ,    0,    0,    0,    0, THERMO PARAMS, -117, 1316, 462, N, 10, DT, -999, SHR82, -99, 
EP, 10, 2026082500, 03, HFSA,  54, 236N, 1267W,  32, 1002, XX,  34, NEQ,    0,    0,    0,    0, 1010,  144,  52,   0,   0,    ,   0,    , 281,  10,           ,  ,  0,    ,    0,    0,    0,    0, THERMO PARAMS, -101, 1313, -210, N, 10, DT, -999, SHR82, -99, 
EP, 10, 2026082500, 03, HFSA,  60, 239N, 1276W,  28, 1002, XX,  34, NEQ,    0,    0,    0,    0, 1006,   51,  64,   0,   0,    ,   0,    , 291,   8,           ,  ,  0,    ,    0,    0,    0,    0, THERMO PARAMS, -81, 1238, -538, N, 10, DT, -999, SHR82, -99, 
EP, 10, 2026082500, 03, HFSA,  66, 242N, 1285W,  26, 1005, XX,  34, NEQ,    0,    0,    0,    0, 1009,   67, 113,   0,   0,    ,   0,    , 290,   8,           ,  ,  0,    ,    0,    0,    0,    0, THERMO PARAMS, -119, 1063, -808, N, 10, DT, -999, SHR82, -99, 
EP, 10, 2026082500, 03, HFSA,  72, 244N, 1295W,  28, 1004, XX,  34, NEQ,    0,    0,    0,    0,  -99,  -99,  99,   0,   0,    ,   0,    , 285,   8,           ,  ,  0,    ,    0,    0,    0,    0, THERMO PARAMS, -136, 1183, -772, N, 10, DT, -999, SHR82, -99, 
EP, 10, 2026082500, 03, HFSA,  78, 244N, 1307W,  28, 1007, XX,  34, NEQ,    0,    0,    0,    0,  -99,  -99,  82,   0,   0,    ,   0,    , 273,   9,           ,  ,  0,    ,    0,    0,    0,    0, THERMO PARAMS, -118, 985, -814, N, 10, DT, -999, SHR82, -99, 
EP, 10, 2026082500, 03, HFSA,  84, 245N, 1319W,  25, 1007, XX,  34, NEQ,    0,    0,    0,    0,  -99,  -99,  84,   0,   0,    ,   0,    , 277,   9,           ,  ,  0,    ,    0,    0,    0,    0, THERMO PARAMS, -128, 923, -722, N, 10, DT, -999, SHR82, -99, 
EP, 10, 2026082500, 03, HFSA,  90, 247N, 1332W,  27, 1010, XX,  34, NEQ,    0,    0,    0,    0,  -99,  -99, 161,   0,   0,    ,   0,    , 280,  10,           ,  ,  0,    ,    0,    0,    0,    0, THERMO PARAMS, -158, 856, -708, N, 10, DT, -999, SHR82, -99, 
EP, 10, 2026082500, 03, HFSA,  96, 246N, 1344W,  26, 1009, XX,  34, NEQ,    0,    0,    0,    0,  -99,  -99, 159,   0,   0,    ,   0,    , 277,  10,           ,  ,  0,    ,    0,    0,    0,    0, THERMO PARAMS, -148, 725, -504, N, 10, DT, -999, SHR82, -99, 
EP, 10, 2026082500, 03, HFSA, 102, 246N, 1360W,  24, 1011, XX,  34, NEQ,    0,    0,    0,    0,  -99,  -99, 134,   0,   0,    ,   0,    , 271,  12,           ,  ,  0,    ,    0,    0,    0,    0, THERMO PARAMS, -142, 659, -605, N, 10, DT, -999, SHR82, -99, 
EP, 10, 2026082500, 03, HFSA, 108, 247N, 1375W,  23, 1011, XX,  34, NEQ,    0,    0,    0,    0,  -99,  -99, 158,   0,   0,    ,   0,    , 276,  12,           ,  ,  0,    ,    0,    0,    0,    0, THERMO PARAMS, -149, 774, -469, N, 10, DT, -999, SHR82, -99, 
EP, 10, 2026082500, 03, HFSA, 114, 247N, 1390W,  26, 1014, XX,  34, NEQ,    0,    0,    0,    0,  -99,  -99, 124,   0,   0,    ,   0,    , 269,  11,           ,  ,  0,    ,    0,    0,    0,    0, THERMO PARAMS, -9999, -9999, -9999, N, 10, DT, -999, SHR82, -99, 
EP, 10, 2026082500, 03, TVCN,   0, 138N, 1205W,   0,    0,   ,   0,    ,    0,    0,    0,    0, 
EP, 10, 2026082500, 03, TVCN,  12, 165N, 1197W,   0,    0,   ,   0,    ,    0,    0,    0,    0, 
EP, 10, 2026082500, 03, TVCN,  24, 199N, 1210W,   0,    0,   ,   0,    ,    0,    0,    0,    0, 
EP, 10, 2026082500, 03, TVCN,  36, 219N, 1238W,   0,    0,   ,   0,    ,    0,    0,    0,    0, 
EP, 10, 2026082500, 03, TVCN,  48, 227N, 1260W,   0,    0,   ,   0,    ,    0,    0,    0,    0, 
EP, 10, 2026082500, 03, TVCN,  60, 232N, 1281W,   0,    0,   ,   0,    ,    0,    0,    0,    0, 
EP, 10, 2026082500, 03, TVCN,  72, 233N, 1302W,   0,    0,   ,   0,    ,    0,    0,    0,    0, 
EP, 10, 2026082500, 03, TVCN,  84, 234N, 1325W,   0,    0,   ,   0,    ,    0,    0,    0,    0, 
EP, 10, 2026082500, 03, TVCN,  96, 233N, 1349W,   0,    0,   ,   0,    ,    0,    0,    0,    0, 
EP, 10, 2026082500, 03, TVCN, 108, 232N, 1375W,   0,    0,   ,   0,    ,    0,    0,    0,    0, 
EP, 10, 2026082500, 03, TVCN, 120, 231N, 1402W,   0,    0,   ,   0,    ,    0,    0,    0,    0, 
EP, 10, 2026082506, 03, AVNO,   0, 146N, 1199W,  36, 1006, XX,  34, NEQ,    0,   42,    0,    0,  -99,  -99,  37,   0,   0, 
EP, 10, 2026082506, 03, AVNO,   6, 160N, 1193W,  42, 1003, XX,  34, NEQ,  373,   62,    0,  285,  -99,  -99,  37,   0,   0, 
EP, 10, 2026082506, 03, AVNO,  12, 181N, 1191W,  35, 1005, XX,  34, NEQ,    0,   60,    0,  312,  -99,  -99,  47,   0,   0, 
EP, 10, 2026082506, 03, AVNO,  18, 204N, 1193W,  41, 1003, XX,  34, NEQ,   69,   34,    0,  254,  -99,  -99, 159,   0,   0, 
EP, 10, 2026082506, 03, AVNO,  24, 221N, 1209W,  38, 1004, XX,  34, NEQ,   70,    0,  158,  158,  -99,  -99, 119,   0,   0, 
EP, 10, 2026082506, 03, AVNO,  30, 221N, 1234W,  36,  997, XX,  34, NEQ,   58,   52,    0,   54, 1009,  822,  44,   0,   0, 
EP, 10, 2026082506, 03, AVNO,  36, 228N, 1243W,  37, 1000, XX,  34, NEQ,   56,    0,    0,   63, 1008,   88,  44,   0,   0, 
EP, 10, 2026082506, 03, AVNO,  42, 234N, 1251W,  37,  999, XX,  34, NEQ,   55,    0,    0,   53, 1007,  112,  51,   0,   0, 
EP, 10, 2026082506, 03, AVNO,  48, 237N, 1260W,  36, 1002, XX,  34, NEQ,   63,    0,    0,   48, 1010,  189,  46,   0,   0, 
EP, 10, 2026082506, 03, AVNO,  54, 240N, 1270W,  29, 1002, XX,  34, NEQ,    0,    0,    0,    0, 1006,   51,  63,   0,   0, 
EP, 10, 2026082506, 03, AVNO,  60, 243N, 1280W,  27, 1005, XX,  34, NEQ,    0,    0,    0,    0, 1009,   64,  50,   0,   0, 
EP, 10, 2026082506, 03, AVNO,  66, 247N, 1287W,  26, 1004, XX,  34, NEQ,    0,    0,    0,    0,  -99,  -99, 152,   0,   0, 
EP, 10, 2026082506, 03, AVNO,  72, 250N, 1295W,  28, 1008, XX,  34, NEQ,    0,    0,    0,    0,  -99,  -99, 152,   0,   0, 
EP, 10, 2026082506, 03, AVNO,  78, 252N, 1303W,  24, 1007, XX,  34, NEQ,    0,    0,    0,    0,  -99,  -99, 116,   0,   0, 
EP, 10, 2026082506, 03, AVNO,  84, 256N, 1312W,  24, 1010, XX,  34, NEQ,    0,    0,    0,    0,  -99,  -99, 132,   0,   0, 
EP, 10, 2026082506, 03, AVNO,  90, 260N, 1321W,  24, 1009, XX,  34, NEQ,    0,    0,    0,    0,  -99,  -99, 104,   0,   0, 
EP, 10, 2026082506, 03, AVNO,  96, 260N, 1332W,  24, 1012, XX,  34, NEQ,    0,    0,    0,    0,  -99,  -99,  92,   0,   0, 
EP, 10, 2026082506, 03, AVNO, 102, 263N, 1345W,  22, 1012, XX,  34, NEQ,    0,    0,    0,    0,  -99,  -99,  88,   0,   0, 
EP, 10, 2026082506, 03, AVNO, 108, 257N, 1362W,  23, 1014, XX,  34, NEQ,    0,    0,    0,    0,  -99,  -99, 157,   0,   0, 
EP, 10, 2026082506, 03, AVNO, 114, 255N, 1373W,  24, 1012, XX,  34, NEQ,    0,    0,    0,    0,  -99,  -99, 153,   0,   0, 
EP, 10, 2026082506, 03, AVNO, 120, 255N, 1383W,  22, 1015, XX,  34, NEQ,    0,    0,    0,    0,  -99,  -99, 137,   0,   0, 
EP, 10, 2026082506, 03, AVNO, 126, 255N, 1392W,  20, 1013, XX,  34, NEQ,    0,    0,    0,    0,  -99,  -99, 153,   0,   0, 
EP, 10, 2026082506, 03, AVNO, 132, 259N, 1400W,  21, 1015, XX,  34, NEQ,    0,    0,    0,    0,  -99,  -99, 156,   0,   0, 
EP, 10, 2026082506, 03, AVNO, 138, 261N, 1404W,  21, 1014, XX,  34, NEQ,    0,    0,    0,    0,  -99,  -99,  99,   0,   0, 
EP, 10, 2026082506, 03, AVNO, 144, 257N, 1412W,  21, 1016, XX,  34, NEQ,    0,    0,    0,    0,  -99,  -99, 136,   0,   0, 
EP, 10, 2026082506, 03, AVNO, 150, 250N, 1420W,  20, 1014, XX,  34, NEQ,    0,    0,    0,    0,  -99,  -99, 148,   0,   0, 
EP, 10, 2026082506, 03, HCCA,   0, 149N, 1199W,  40,    0,   ,   0,    ,    0,    0,    0,    0, 
EP, 10, 2026082506, 03, HCCA,  12, 184N, 1196W,  50,    0,   ,   0,    ,    0,    0,    0,    0, 
EP, 10, 2026082506, 03, HCCA,  24, 209N, 1213W,  51,    0,   ,   0,    ,    0,    0,    0,    0, 
EP, 10, 2026082506, 03, HCCA,  36, 225N, 1238W,  45,    0,   ,   0,    ,    0,    0,    0,    0, 
EP, 10, 2026082506, 03, HCCA,  48, 235N, 1260W,  36,    0,   ,   0,    ,    0,    0,    0,    0, 
EP, 10, 2026082506, 03, HCCA,  60, 241N, 1275W,  28,    0,   ,   0,    ,    0,    0,    0,    0, 
EP, 10, 2026082506, 03, HCCA,  72, 244N, 1293W,  24,    0,   ,   0,    ,    0,    0,    0,    0, 
EP, 10, 2026082506, 03, HCCA,  84, 246N, 1308W,  22,    0,   ,   0,    ,    0,    0,    0,    0, 
EP, 10, 2026082506, 03, HCCA,  96, 248N, 1332W,  21,    0,   ,   0,    ,    0,    0,    0,    0, 
EP, 10, 2026082506, 03, HCCA, 108, 244N, 1357W,  19,    0,   ,   0,    ,    0,    0,    0,    0, 
EP, 10, 2026082506, 03, HCCA, 120, 245N, 1381W,  20,    0,   ,   0,    ,    0,    0,    0,    0, 
EP, 10, 2026082506, 03, HFSA,   0, 149N, 1198W,  42, 1005, XX,  34, NEQ,   81,   78,   49,    0,  -99,  -99,  69,   0,   0,    ,   0,    ,  29,  11,           ,  ,  0,    ,    0,    0,    0,    0, THERMO PARAMS, -65, 443, 113, N, 10, DT, -999, SHR82, -99, 
EP, 10, 2026082506, 03, HFSA,   6, 162N, 1191W,  53,  998, XX,  34, NEQ,  115,   58,   50,    0, 1002,   34,  25,   0,   0,    ,   0,    ,  21,  16,           ,  ,  0,    ,    0,    0,    0,    0, THERMO PARAMS, -57, 1280, 434, N, 10, DT, -999, SHR82, -99, 
EP, 10, 2026082506, 03, HFSA,   6, 162N, 1191W,  53,  998, XX,  50, NEQ,    0,   26,    0,    0, 1002,   34,  25,   0,   0,    ,   0,    ,  21,  16,           ,  ,  0,    ,    0,    0,    0,    0, THERMO PARAMS, -57, 1280, 434, N, 10, DT, -999, SHR82, -99, 
EP, 10, 2026082506, 03, HFSA,  12, 185N, 1187W,  50, 1000, XX,  34, NEQ,   84,   74,    0,  325, 1004,   18,  30,   0,   0,    ,   0,    , 358,  19,           ,  ,  0,    ,    0,    0,    0,    0, THERMO PARAMS, -101, 1313, 1045, N, 10, DT, -999, SHR82, -99, 
EP, 10, 2026082506, 03, HFSA,  18, 212N, 1208W,  59,  997, XX,  34, NEQ,   94,    0,    0,  186,  -99,  -99, 117,   0,   0,    ,   0,    , 313,  28,           ,  ,  0,    ,    0,    0,    0,    0, THERMO PARAMS, -161, 1281, 1068, N, 10, DT, -999, SHR82, -99, 
EP, 10, 2026082506, 03, HFSA,  18, 212N, 1208W,  59,  997, XX,  50, NEQ,    0,    0,    0,  130,  -99,  -99, 117,   0,   0,    ,   0,    , 313,  28,           ,  ,  0,    ,    0,    0,    0,    0, THERMO PARAMS, -161, 1281, 1068, N, 10, DT, -999, SHR82, -99, 
EP, 10, 2026082506, 03, HFSA,  24, 213N, 1231W,  43,  994, XX,  34, NEQ,  157,   36,    0,  120, 1006,  101,  36,   0,   0,    ,   0,    , 279,   8,           ,  ,  0,    ,    0,    0,    0,    0, THERMO PARAMS, -70, 1183, 1075, N, 10, DT, -999, SHR82, -99, 
EP, 10, 2026082506, 03, HFSA,  30, 220N, 1238W,  38,  995, XX,  34, NEQ,   57,   44,    0,   37, 1007,  147,  44,   0,   0,    ,   0,    , 312,  11,           ,  ,  0,    ,    0,    0,    0,    0, THERMO PARAMS, -46, 1078, 1089, N, 10, DT, -999, SHR82, -99, 
EP, 10, 2026082506, 03, HFSA,  36, 226N, 1247W,  39,  998, XX,  34, NEQ,   42,    0,    0,   37, 1006,   72,  33,   0,   0,    ,   0,    , 302,  10,           ,  ,  0,    ,    0,    0,    0,    0, THERMO PARAMS, -56, 1045, 784, N, 10, DT, -999, SHR82, -99, 
EP, 10, 2026082506, 03, HFSA,  42, 230N, 1256W,  38,  998, XX,  34, NEQ,   71,    0,    0,   49, 1002,   31,  37,   0,   0,    ,   0,    , 297,   8,           ,  ,  0,    ,    0,    0,    0,    0, THERMO PARAMS, -87, 1174, 669, N, 10, DT, -999, SHR82, -99, 
EP, 10, 2026082506, 03, HFSA,  48, 233N, 1266W,  34, 1000, XX,  34, NEQ,   37,    0,    0,    0, 1008,  102,  38,   0,   0,    ,   0,    , 282,  10,           ,  ,  0,    ,    0,    0,    0,    0, THERMO PARAMS, -71, 1074, 170, N, 10, DT, -999, SHR82, -99, 
EP, 10, 2026082506, 03, HFSA,  54, 236N, 1277W,  27, 1001, XX,  34, NEQ,    0,    0,    0,    0, 1005,   43,  60,   0,   0,    ,   0,    , 288,   9,           ,  ,  0,    ,    0,    0,    0,    0, THERMO PARAMS, -88, 1197, -397, N, 10, DT, -999, SHR82, -99, 
EP, 10, 2026082506, 03, HFSA,  60, 239N, 1287W,  27, 1004, XX,  34, NEQ,    0,    0,    0,    0, 1008,   53,  44,   0,   0,    ,   0,    , 293,   9,           ,  ,  0,    ,    0,    0,    0,    0, THERMO PARAMS, -121, 1130, -800, N, 10, DT, -999, SHR82, -99, 
EP, 10, 2026082506, 03, HFSA,  66, 243N, 1297W,  28, 1004, XX,  34, NEQ,    0,    0,    0,    0, 1008,   73, 135,   0,   0,    ,   0,    , 294,   8,           ,  ,  0,    ,    0,    0,    0,    0, THERMO PARAMS, -123, 1118, -672, N, 10, DT, -999, SHR82, -99, 
EP, 10, 2026082506, 03, HFSA,  72, 245N, 1307W,  30, 1006, XX,  34, NEQ,    0,    0,    0,    0, 1010,   93,  90,   0,   0,    ,   0,    , 283,   8,           ,  ,  0,    ,    0,    0,    0,    0, THERMO PARAMS, -113, 1097, -796, N, 10, DT, -999, SHR82, -99, 
EP, 10, 2026082506, 03, HFSA,  78, 246N, 1319W,  27, 1006, XX,  34, NEQ,    0,    0,    0,    0,  -99,  -99,  63,   0,   0,    ,   0,    , 278,   9,           ,  ,  0,    ,    0,    0,    0,    0, THERMO PARAMS, -118, 1084, -646, N, 10, DT, -999, SHR82, -99, 
EP, 10, 2026082506, 03, HFSA,  84, 249N, 1330W,  27, 1009, XX,  34, NEQ,    0,    0,    0,    0,  -99,  -99, 131,   0,   0,    ,   0,    , 284,  10,           ,  ,  0,    ,    0,    0,    0,    0, THERMO PARAMS, -135, 1019, -713, N, 10, DT, -999, SHR82, -99, 
EP, 10, 2026082506, 03, HFSA,  90, 249N, 1343W,  25, 1008, XX,  34, NEQ,    0,    0,    0,    0,  -99,  -99, 161,   0,   0,    ,   0,    , 272,   9,           ,  ,  0,    ,    0,    0,    0,    0, THERMO PARAMS, -138, 836, -596, N, 10, DT, -999, SHR82, -99, 
EP, 10, 2026082506, 03, HFSA,  96, 249N, 1358W,  24, 1011, XX,  34, NEQ,    0,    0,    0,    0,  -99,  -99, 161,   0,   0,    ,   0,    , 272,  11,           ,  ,  0,    ,    0,    0,    0,    0, THERMO PARAMS, -138, 738, -632, N, 10, DT, -999, SHR82, -99, 
EP, 10, 2026082506, 03, HFSA, 102, 250N, 1374W,  25, 1011, XX,  34, NEQ,    0,    0,    0,    0,  -99,  -99, 144,   0,   0,    ,   0,    , 272,  11,           ,  ,  0,    ,    0,    0,    0,    0, THERMO PARAMS, -134, 583, -509, N, 10, DT, -999, SHR82, -99, 
EP, 10, 2026082506, 03, HFSA, 108, 254N, 1388W,  24, 1013, XX,  34, NEQ,    0,    0,    0,    0,  -99,  -99, 160,   0,   0,    ,   0,    , 290,  10,           ,  ,  0,    ,    0,    0,    0,    0, THERMO PARAMS, -113, 633, -638, N, 10, DT, -999, SHR82, -99, 
EP, 10, 2026082506, 03, HFSA, 114, 257N, 1400W,  25, 1013, XX,  34, NEQ,    0,    0,    0,    0,  -99,  -99, 140,   0,   0,    ,   0,    , 282,   9,           ,  ,  0,    ,    0,    0,    0,    0, THERMO PARAMS, -149, 827, -522, N, 10, DT, -999, SHR82, -99, 
EP, 10, 2026082506, 03, HFSA, 120, 257N, 1413W,  26, 1014, XX,  34, NEQ,    0,    0,    0,    0,  -99,  -99, 121,   0,   0,    ,   0,    , 274,   9,           ,  ,  0,    ,    0,    0,    0,    0, THERMO PARAMS, -176, 726, -640, N, 10, DT, -999, SHR82, -99, 
EP, 10, 2026082506, 03, HFSA, 126, 258N, 1427W,  25, 1014, XX,  34, NEQ,    0,    0,    0,    0,  -99,  -99, 137,   0,   0,    ,   0,    , -99, -99,           ,  ,  0,    ,    0,    0,    0,    0, THERMO PARAMS, -136, 735, -690, N, 10, DT, -999, SHR82, -99, 
EP, 10, 2026082506, 03, TVCN,   0, 149N, 1199W,   0,    0,   ,   0,    ,    0,    0,    0,    0, 
EP, 10, 2026082506, 03, TVCN,  12, 183N, 1195W,   0,    0,   ,   0,    ,    0,    0,    0,    0, 
EP, 10, 2026082506, 03, TVCN,  24, 215N, 1217W,   0,    0,   ,   0,    ,    0,    0,    0,    0, 
EP, 10, 2026082506, 03, TVCN,  36, 230N, 1240W,   0,    0,   ,   0,    ,    0,    0,    0,    0, 
EP, 10, 2026082506, 03, TVCN,  48, 240N, 1260W,   0,    0,   ,   0,    ,    0,    0,    0,    0, 
EP, 10, 2026082506, 03, TVCN,  60, 243N, 1284W,   0,    0,   ,   0,    ,    0,    0,    0,    0, 
EP, 10, 2026082506, 03, TVCN,  72, 245N, 1303W,   0,    0,   ,   0,    ,    0,    0,    0,    0, 
EP, 10, 2026082506, 03, TVCN,  84, 245N, 1325W,   0,    0,   ,   0,    ,    0,    0,    0,    0, 
EP, 10, 2026082506, 03, TVCN,  96, 244N, 1349W,   0,    0,   ,   0,    ,    0,    0,    0,    0, 
EP, 10, 2026082506, 03, TVCN, 108, 245N, 1376W,   0,    0,   ,   0,    ,    0,    0,    0,    0, 
EP, 10, 2026082506, 03, TVCN, 120, 241N, 1403W,   0,    0,   ,   0,    ,    0,    0,    0,    0, 
EP, 10, 2026082512, 03,  UKX,   0, 166N, 1197W,  29, 1001, XX,  34, NEQ,  337,    0,    0,  348, 
EP, 10, 2026082512, 03,  UKX,   0, 166N, 1197W,  29, 1001, XX,  50, NEQ,    0,    0,    0,  312, 
EP, 10, 2026082512, 03,  UKX,   6, 193N, 1198W,  36, 1001, XX,  34, NEQ,    0,    0,    0,  277, 
EP, 10, 2026082512, 03,  UKX,  12, 215N, 1223W,  37,  998, XX,  34, NEQ,  128,   34,    0,  106, 
EP, 10, 2026082512, 03,  UKX,  18, 221N, 1230W,  40, 1000, XX,  34, NEQ,   83,   30,    0,   83, 
EP, 10, 2026082512, 03,  UKX,  24, 229N, 1240W,  37, 1001, XX,  34, NEQ,   66,    0,    0,   52, 
EP, 10, 2026082512, 03,  UKX,  30, 234N, 1248W,  34, 1002, XX,  34, NEQ,    0,    0,    0,    0, 
EP, 10, 2026082512, 03,  UKX,  36, 242N, 1257W,  34, 1002, XX,  34, NEQ,    0,    0,    0,    0, 
EP, 10, 2026082512, 03,  UKX,  42, 248N, 1267W,  30, 1005, XX,  34, NEQ,    0,    0,    0,    0, 
EP, 10, 2026082512, 03,  UKX,  48, 254N, 1277W,  28, 1004, XX,  34, NEQ,    0,    0,    0,    0, 
EP, 10, 2026082512, 03,  UKX,  54, 259N, 1282W,  29, 1007, XX,  34, NEQ,    0,    0,    0,    0, 
EP, 10, 2026082512, 03,  UKX,  60, 264N, 1285W,  29, 1006, XX,  34, NEQ,    0,    0,    0,    0, 
EP, 10, 2026082512, 03,  UKX,  66, 267N, 1288W,  29, 1009, XX,  34, NEQ,    0,    0,    0,    0, 
EP, 10, 2026082512, 03,  UKX,  72, 271N, 1292W,  27, 1009, XX,  34, NEQ,    0,    0,    0,    0, 
EP, 10, 2026082512, 03,  UKX,  78, 272N, 1298W,  25, 1012, XX,  34, NEQ,    0,    0,    0,    0, 
EP, 10, 2026082512, 03,  UKX,  84, 275N, 1299W,  24, 1011, XX,  34, NEQ,    0,    0,    0,    0, 
EP, 10, 2026082512, 03,  UKX,  90, 274N, 1301W,  22, 1014, XX,  34, NEQ,    0,    0,    0,    0, 
EP, 10, 2026082512, 03,  UKX,  96, 280N, 1304W,  21, 1015, XX,  34, NEQ,    0,    0,    0,    0, 
EP, 10, 2026082512, 03,  UKX, 102, 283N, 1312W,  21, 1017, XX,  34, NEQ,    0,    0,    0,    0, 
EP, 10, 2026082512, 03,  UKX, 108, 280N, 1320W,  21, 1015, XX,  34, NEQ,    0,    0,    0,    0, 
EP, 10, 2026082512, 03,  UKX, 114, 276N, 1325W,  21, 1017, XX,  34, NEQ,    0,    0,    0,    0, 
EP, 10, 2026082512, 03, AVNO,   0, 164N, 1191W,  43, 1002, XX,  34, NEQ,  337,   70,   54,  363,  -99,  -99,  51,   0,   0, 
EP, 10, 2026082512, 03, AVNO,   6, 190N, 1188W,  41, 1005, XX,  34, NEQ,   61,   72,    0,  274,  -99,  -99, 162,   0,   0, 
EP, 10, 2026082512, 03, AVNO,  12, 211N, 1192W,  44, 1003, XX,  34, NEQ,   72,   62,  226,  239,  -99,  -99,  59,   0,   0, 
EP, 10, 2026082512, 03, AVNO,  18, 223N, 1210W,  42, 1003, XX,  34, NEQ,   77,    0,  132,  146,  -99,  -99,  99,   0,   0, 
EP, 10, 2026082512, 03, AVNO,  24, 222N, 1233W,  40,  996, XX,  34, NEQ,   70,   48,    0,   67, 1008,  217,  45,   0,   0, 
EP, 10, 2026082512, 03, AVNO,  30, 227N, 1243W,  36, 1000, XX,  34, NEQ,   58,    0,    0,   57, 1008,   86,  51,   0,   0, 
EP, 10, 2026082512, 03, AVNO,  36, 231N, 1251W,  36,  999, XX,  34, NEQ,   70,    0,    0,   54, 1007,  166,  53,   0,   0, 
EP, 10, 2026082512, 03, AVNO,  42, 234N, 1261W,  36, 1002, XX,  34, NEQ,   61,    0,    0,   53, 1010,  195,  55,   0,   0, 
EP, 10, 2026082512, 03, AVNO,  48, 237N, 1271W,  28, 1002, XX,  34, NEQ,    0,    0,    0,    0, 1006,   59,  94,   0,   0, 
EP, 10, 2026082512, 03, AVNO,  54, 241N, 1279W,  27, 1005, XX,  34, NEQ,    0,    0,    0,    0, 1009,   72, 161,   0,   0, 
EP, 10, 2026082512, 03, AVNO,  60, 245N, 1287W,  30, 1004, XX,  34, NEQ,    0,    0,    0,    0,  -99,  -99, 154,   0,   0, 
EP, 10, 2026082512, 03, AVNO,  66, 246N, 1294W,  29, 1007, XX,  34, NEQ,    0,    0,    0,    0,  -99,  -99,  89,   0,   0, 
EP, 10, 2026082512, 03, AVNO,  72, 248N, 1303W,  25, 1007, XX,  34, NEQ,    0,    0,    0,    0,  -99,  -99, 159,   0,   0, 
EP, 10, 2026082512, 03, AVNO,  78, 250N, 1313W,  26, 1010, XX,  34, NEQ,    0,    0,    0,    0,  -99,  -99, 145,   0,   0, 
EP, 10, 2026082512, 03, AVNO,  84, 253N, 1323W,  26, 1009, XX,  34, NEQ,    0,    0,    0,    0,  -99,  -99, 102,   0,   0, 
EP, 10, 2026082512, 03, AVNO,  90, 251N, 1335W,  24, 1012, XX,  34, NEQ,    0,    0,    0,    0,  -99,  -99, 133,   0,   0, 
EP, 10, 2026082512, 03, AVNO,  96, 255N, 1345W,  22, 1011, XX,  34, NEQ,    0,    0,    0,    0,  -99,  -99, 150,   0,   0, 
EP, 10, 2026082512, 03, AVNO, 102, 253N, 1360W,  23, 1014, XX,  34, NEQ,    0,    0,    0,    0,  -99,  -99,  99,   0,   0, 
EP, 10, 2026082512, 03, AVNO, 108, 249N, 1374W,  23, 1012, XX,  34, NEQ,    0,    0,    0,    0,  -99,  -99, 103,   0,   0, 
EP, 10, 2026082512, 03, AVNO, 114, 245N, 1388W,  21, 1014, XX,  34, NEQ,    0,    0,    0,    0,  -99,  -99, 128,   0,   0, 
EP, 10, 2026082512, 03, AVNO, 120, 243N, 1400W,  19, 1013, XX,  34, NEQ,    0,    0,    0,    0,  -99,  -99, 148,   0,   0, 
EP, 10, 2026082512, 03, HCCA,   0, 170N, 1191W,  45,    0,   ,   0,    ,    0,    0,    0,    0, 
EP, 10, 2026082512, 03, HCCA,  12, 205N, 1199W,  51,    0,   ,   0,    ,    0,    0,    0,    0, 
EP, 10, 2026082512, 03, HCCA,  24, 225N, 1223W,  46,    0,   ,   0,    ,    0,    0,    0,    0, 
EP, 10, 2026082512, 03, HCCA,  36, 237N, 1242W,  41,    0,   ,   0,    ,    0,    0,    0,    0, 
EP, 10, 2026082512, 03, HCCA,  48, 246N, 1259W,  34,    0,   ,   0,    ,    0,    0,    0,    0, 
EP, 10, 2026082512, 03, HCCA,  60, 253N, 1274W,  29,    0,   ,   0,    ,    0,    0,    0,    0, 
EP, 10, 2026082512, 03, HCCA,  72, 257N, 1289W,  25,    0,   ,   0,    ,    0,    0,    0,    0, 
EP, 10, 2026082512, 03, HCCA,  84, 260N, 1304W,  21,    0,   ,   0,    ,    0,    0,    0,    0, 
EP, 10, 2026082512, 03, HCCA,  96, 261N, 1330W,  20,    0,   ,   0,    ,    0,    0,    0,    0, 
EP, 10, 2026082512, 03, HCCA, 108, 265N, 1354W,  20,    0,   ,   0,    ,    0,    0,    0,    0, 
EP, 10, 2026082512, 03, HCCA, 120, 267N, 1377W,  20,    0,   ,   0,    ,    0,    0,    0,    0, 
EP, 10, 2026082512, 03, HFSA,   0, 172N, 1191W,  45,  998, XX,  34, NEQ,  269,   63,    0,  314, 1002,   56,  34,   0,   0,    ,   0,    ,  21,  15,           ,  ,  0,    ,    0,    0,    0,    0, THERMO PARAMS, -76, 1147, 976, N, 10, DT, -999, SHR82, -99, 
EP, 10, 2026082512, 03, HFSA,   6, 201N, 1202W,  56,  995, XX,  34, NEQ,   65,    0,    0,  151,  -99,  -99, 111,   0,   0,    ,   0,    , 325,  25,           ,  ,  0,    ,    0,    0,    0,    0, THERMO PARAMS, -90, 1482, 890, N, 10, DT, -999, SHR82, -99, 
EP, 10, 2026082512, 03, HFSA,  12, 209N, 1221W,  47,  993, XX,  34, NEQ,  186,   50,   44,   83, 1001,   48, 149,   0,   0,    ,   0,    , 294,   5,           ,  ,  0,    ,    0,    0,    0,    0, THERMO PARAMS, -40, 1341, 844, N, 10, DT, -999, SHR82, -99, 
EP, 10, 2026082512, 03, HFSA,  18, 215N, 1225W,  46,  995, XX,  34, NEQ,   68,   63,    0,   53, 1007,  100,  33,   0,   0,    ,   0,    , 308,   9,           ,  ,  0,    ,    0,    0,    0,    0, THERMO PARAMS, -89, 413, 1005, N, 10, DT, -999, SHR82, -99, 
EP, 10, 2026082512, 03, HFSA,  24, 222N, 1233W,  45,  994, XX,  34, NEQ,   57,   53,    0,   66, 1006,   92,  33,   0,   0,    ,   0,    , 303,  10,           ,  ,  0,    ,    0,    0,    0,    0, THERMO PARAMS, -84, 1048, 846, N, 10, DT, -999, SHR82, -99, 
EP, 10, 2026082512, 03, HFSA,  30, 228N, 1241W,  47,  996, XX,  34, NEQ,   58,   58,    0,   52, 1008,   95,  35,   0,   0,    ,   0,    , 303,  10,           ,  ,  0,    ,    0,    0,    0,    0, THERMO PARAMS, -100, 819, 1012, N, 10, DT, -999, SHR82, -99, 
EP, 10, 2026082512, 03, HFSA,  36, 233N, 1251W,  38,  997, XX,  34, NEQ,   57,    0,    0,   47, 1005,   57,  37,   0,   0,    ,   0,    , 302,  10,           ,  ,  0,    ,    0,    0,    0,    0, THERMO PARAMS, -114, 1393, 621, N, 10, DT, -999, SHR82, -99, 
EP, 10, 2026082512, 03, HFSA,  42, 237N, 1261W,  35, 1001, XX,  34, NEQ,   39,    0,    0,    0, 1009,  101,  36,   0,   0,    ,   0,    , 296,  10,           ,  ,  0,    ,    0,    0,    0,    0, THERMO PARAMS, -90, 1387, -26, N, 10, DT, -999, SHR82, -99, 
EP, 10, 2026082512, 03, HFSA,  48, 242N, 1271W,  29, 1002, XX,  34, NEQ,    0,    0,    0,    0, 1006,   37,  35,   0,   0,    ,   0,    , 302,   9,           ,  ,  0,    ,    0,    0,    0,    0, THERMO PARAMS, -78, 1466, -552, N, 10, DT, -999, SHR82, -99, 
EP, 10, 2026082512, 03, HFSA,  54, 247N, 1279W,  26, 1005, XX,  34, NEQ,    0,    0,    0,    0, 1009,   50, 153,   0,   0,    ,   0,    , 304,   9,           ,  ,  0,    ,    0,    0,    0,    0, THERMO PARAMS, -104, 919, -498, N, 10, DT, -999, SHR82, -99, 
EP, 10, 2026082512, 03, HFSA,  60, 251N, 1286W,  30, 1004, XX,  34, NEQ,    0,    0,    0,    0, 1008,   73, 155,   0,   0,    ,   0,    , 310,   7,           ,  ,  0,    ,    0,    0,    0,    0, THERMO PARAMS, -121, 552, -449, N, 10, DT, -999, SHR82, -99, 
EP, 10, 2026082512, 03, HFSA,  66, 255N, 1294W,  34, 1007, XX,  34, NEQ,    0,    0,    0,    0,  -99,  -99, 138,   0,   0,    ,   0,    , 306,   7,           ,  ,  0,    ,    0,    0,    0,    0, THERMO PARAMS, -124, -344, -236, N, 10, DT, -999, SHR82, -99, 
EP, 10, 2026082512, 03, HFSA,  72, 260N, 1301W,  33, 1007, XX,  34, NEQ,    0,    0,    0,    0,  -99,  -99, 160,   0,   0,    ,   0,    , 312,   6,           ,  ,  0,    ,    0,    0,    0,    0, THERMO PARAMS, -9999, -9999, -9999, N, 10, DT, -999, SHR82, -99, 
EP, 10, 2026082512, 03, HFSA,  78, 266N, 1308W,  31, 1010, XX,  34, NEQ,    0,    0,    0,    0,  -99,  -99, 116,   0,   0,    ,   0,    , 315,   8,           ,  ,  0,    ,    0,    0,    0,    0, THERMO PARAMS, -119, -36, -599, N, 10, DT, -999, SHR82, -99, 
EP, 10, 2026082512, 03, HFSA,  84, 267N, 1318W,  28, 1009, XX,  34, NEQ,    0,    0,    0,    0,  -99,  -99,  74,   0,   0,    ,   0,    , 277,   7,           ,  ,  0,    ,    0,    0,    0,    0, THERMO PARAMS, -216, 384, -624, N, 10, DT, -999, SHR82, -99, 
EP, 10, 2026082512, 03, HFSA,  90, 268N, 1333W,  26, 1012, XX,  34, NEQ,    0,    0,    0,    0,  -99,  -99,  70,   0,   0,    ,   0,    , 278,  10,           ,  ,  0,    ,    0,    0,    0,    0, THERMO PARAMS, -210, 687, -985, N, 10, DT, -999, SHR82, -99, 
EP, 10, 2026082512, 03, HFSA,  96, 267N, 1346W,  24, 1013, XX,  34, NEQ,    0,    0,    0,    0,  -99,  -99,  87,   0,   0,    ,   0,    , 271,   9,           ,  ,  0,    ,    0,    0,    0,    0, THERMO PARAMS, -9999, -9999, -9999, N, 10, DT, -999, SHR82, -99, 
EP, 10, 2026082512, 03, HFSA, 102, 264N, 1360W,  23, 1015, XX,  34, NEQ,    0,    0,    0,    0,  -99,  -99, 113,   0,   0,    ,   0,    , 257,  10,           ,  ,  0,    ,    0,    0,    0,    0, THERMO PARAMS, -9999, -9999, -9999, N, 10, DT, -999, SHR82, -99, 
EP, 10, 2026082512, 03, HFSA, 108, 235N, 1372W,  20, 1013, XX,  34, NEQ,    0,    0,    0,    0,  -99,  -99, 127,   0,   0,    ,   0,    , 215,  20,           ,  ,  0,    ,    0,    0,    0,    0, THERMO PARAMS, -9999, -9999, -9999, N, 10, DT, -999, SHR82, -99, 
EP, 10, 2026082512, 03, TVCN,   0, 170N, 1191W,   0,    0,   ,   0,    ,    0,    0,    0,    0, 
EP, 10, 2026082512, 03, TVCN,  12, 206N, 1199W,   0,    0,   ,   0,    ,    0,    0,    0,    0, 
EP, 10, 2026082512, 03, TVCN,  24, 225N, 1228W,   0,    0,   ,   0,    ,    0,    0,    0,    0, 
EP, 10, 2026082512, 03, TVCN,  36, 236N, 1247W,   0,    0,   ,   0,    ,    0,    0,    0,    0, 
EP, 10, 2026082512, 03, TVCN,  48, 243N, 1265W,   0,    0,   ,   0,    ,    0,    0,    0,    0, 
EP, 10, 2026082512, 03, TVCN,  60, 248N, 1283W,   0,    0,   ,   0,    ,    0,    0,    0,    0, 
EP, 10, 2026082512, 03, TVCN,  72, 252N, 1302W,   0,    0,   ,   0,    ,    0,    0,    0,    0, 
EP, 10, 2026082512, 03, TVCN,  84, 253N, 1324W,   0,    0,   ,   0,    ,    0,    0,    0,    0, 
EP, 10, 2026082512, 03, TVCN,  96, 252N, 1349W,   0,    0,   ,   0,    ,    0,    0,    0,    0, 
EP, 10, 2026082512, 03, TVCN, 108, 252N, 1373W,   0,    0,   ,   0,    ,    0,    0,    0,    0, 
EP, 10, 2026082518, 03, HCCA,   0, 195N, 1188W,  40,    0,   ,   0,    ,    0,    0,    0,    0, 
EP, 10, 2026082518, 03, HCCA,  12, 220N, 1209W,  40,    0,   ,   0,    ,    0,    0,    0,    0, 
EP, 10, 2026082518, 03, HCCA,  24, 232N, 1231W,  36,    0,   ,   0,    ,    0,    0,    0,    0, 
EP, 10, 2026082518, 03, HCCA,  36, 240N, 1252W,  29,    0,   ,   0,    ,    0,    0,    0,    0, 
EP, 10, 2026082518, 03, HCCA,  48, 249N, 1269W,  27,    0,   ,   0,    ,    0,    0,    0,    0, 
EP, 10, 2026082518, 03, HCCA,  60, 255N, 1284W,  27,    0,   ,   0,    ,    0,    0,    0,    0, 
EP, 10, 2026082518, 03, HCCA,  72, 260N, 1297W,  23,    0,   ,   0,    ,    0,    0,    0,    0, 
EP, 10, 2026082518, 03, HCCA,  84, 261N, 1316W,  19,    0,   ,   0,    ,    0,    0,    0,    0, 
EP, 10, 2026082518, 03, HCCA,  96, 258N, 1342W,  18,    0,   ,   0,    ,    0,    0,    0,    0, 
EP, 10, 2026082518, 03, TVCN,   0, 195N, 1188W,   0,    0,   ,   0,    ,    0,    0,    0,    0, 
EP, 10, 2026082518, 03, TVCN,  12, 221N, 1210W,   0,    0,   ,   0,    ,    0,    0,    0,    0, 
EP, 10, 2026082518, 03, TVCN,  24, 233N, 1229W,   0,    0,   ,   0,    ,    0,    0,    0,    0, 
EP, 10, 2026082518, 03, TVCN,  36, 242N, 1248W,   0,    0,   ,   0,    ,    0,    0,    0,    0, 
EP, 10, 2026082518, 03, TVCN,  48, 249N, 1266W,   0,    0,   ,   0,    ,    0,    0,    0,    0, 
EP, 10, 2026082518, 03, TVCN,  60, 255N, 1283W,   0,    0,   ,   0,    ,    0,    0,    0,    0, 
EP, 10, 2026082518, 03, TVCN,  72, 260N, 1302W,   0,    0,   ,   0,    ,    0,    0,    0,    0, 
EP, 10, 2026082518, 03, TVCN,  84, 262N, 1324W,   0,    0,   ,   0,    ,    0,    0,    0,    0, 
EP, 10, 2026082518, 03, TVCN,  96, 259N, 1347W,   0,    0,   ,   0,    ,    0,    0,    0,    0, 