{
"type": "FeatureCollection",
"name": "al092021_2021082821_forecastradii",
"features": [
{ "type": "Feature", "properties": { "RADII": 34.0, "STORMID": "al092021", "BASIN": "al", "STORMNUM": 9.0, "ADVNUM": "10", "VALIDTIME": "2021082821", "SYNOPTIME": "2021082818", "TIMEZONE": "UTC", "TAU": 0.0, "NE": 110.0, "SE": 100.0, "SW": 70.0, "NW": 100.0 }, "geometry": { "type": "Polygon", "coordinates": [ [ [ -86.9819, 28.03 ], [ -87.0164, 27.8636 ], [ -87.0493, 27.8631 ], [ -87.0821, 27.8621 ], [ -87.1149, 27.8605 ], [ -87.1476, 27.8585 ], [ -87.1803, 27.8559 ], [ -87.213, 27.8528 ], [ -87.2456, 27.8492 ], [ -87.2781, 27.8451 ], [ -87.3105, 27.8405 ], [ -87.3428, 27.8354 ], [ -87.375, 27.8298 ], [ -87.4071, 27.8237 ], [ -87.4391, 27.8171 ], [ -87.4709, 27.8099 ], [ -87.5026, 27.8023 ], [ -87.5341, 27.7942 ], [ -87.5654, 27.7856 ], [ -87.5966, 27.7765 ], [ -87.6276, 27.7669 ], [ -87.6583, 27.7568 ], [ -87.6889, 27.7463 ], [ -87.7192, 27.7353 ], [ -87.7494, 27.7238 ], [ -87.7792, 27.7118 ], [ -87.8089, 27.6993 ], [ -87.8382, 27.6865 ], [ -87.8674, 27.6731 ], [ -87.8962, 27.6593 ], [ -87.9247, 27.645 ], [ -87.953, 27.6303 ], [ -87.981, 27.6152 ], [ -88.0086, 27.5996 ], [ -88.0359, 27.5836 ], [ -88.0629, 27.5672 ], [ -88.0896, 27.5503 ], [ -88.1159, 27.533 ], [ -88.1419, 27.5154 ], [ -88.1675, 27.4973 ], [ -88.1927, 27.4788 ], [ -88.2176, 27.4599 ], [ -88.2421, 27.4407 ], [ -88.2662, 27.421 ], [ -88.2899, 27.401 ], [ -88.3132, 27.3806 ], [ -88.336, 27.3599 ], [ -88.3585, 27.3388 ], [ -88.3805, 27.3174 ], [ -88.4021, 27.2956 ], [ -88.4233, 27.2735 ], [ -88.444, 27.251 ], [ -88.4642, 27.2282 ], [ -88.484, 27.2051 ], [ -88.5034, 27.1818 ], [ -88.5222, 27.1581 ], [ -88.5406, 27.1341 ], [ -88.5585, 27.1098 ], [ -88.576, 27.0853 ], [ -88.5929, 27.0605 ], [ -88.6093, 27.0354 ], [ -88.6253, 27.0101 ], [ -88.6407, 26.9845 ], [ -88.6556, 26.9587 ], [ -88.67, 26.9327 ], [ -88.6839, 26.9064 ], [ -88.6973, 26.8799 ], [ -88.7101, 26.8533 ], [ -88.7225, 26.8264 ], [ -88.7342, 26.7993 ], [ -88.7455, 26.7721 ], [ -88.7562, 26.7447 ], [ -88.7663, 26.7171 ], [ -88.7759, 26.6894 ], [ -88.785, 26.6615 ], [ -88.7935, 26.6335 ], [ -88.8015, 26.6053 ], [ -88.8089, 26.5771 ], [ -88.8158, 26.5487 ], [ -88.8221, 26.5202 ], [ -88.8278, 26.4916 ], [ -88.833, 26.463 ], [ -88.8376, 26.4342 ], [ -88.8417, 26.4054 ], [ -88.8452, 26.3766 ], [ -88.8481, 26.3476 ], [ -88.8504, 26.3187 ], [ -88.8522, 26.2897 ], [ -88.8535, 26.2607 ], [ -88.8541, 26.2317 ], [ -88.8542, 26.2026 ], [ -88.2977, 26.184 ], [ -88.2971, 26.1637 ], [ -88.2961, 26.1434 ], [ -88.2947, 26.1231 ], [ -88.2929, 26.1028 ], [ -88.2907, 26.0826 ], [ -88.2881, 26.0624 ], [ -88.2851, 26.0423 ], [ -88.2818, 26.0222 ], [ -88.278, 26.0021 ], [ -88.2738, 25.9822 ], [ -88.2693, 25.9622 ], [ -88.2644, 25.9424 ], [ -88.2591, 25.9227 ], [ -88.2534, 25.903 ], [ -88.2474, 25.8834 ], [ -88.2409, 25.8639 ], [ -88.2341, 25.8445 ], [ -88.227, 25.8253 ], [ -88.2194, 25.8061 ], [ -88.2115, 25.7871 ], [ -88.2032, 25.7682 ], [ -88.1946, 25.7494 ], [ -88.1856, 25.7308 ], [ -88.1762, 25.7123 ], [ -88.1665, 25.6939 ], [ -88.1564, 25.6757 ], [ -88.146, 25.6577 ], [ -88.1352, 25.6399 ], [ -88.1241, 25.6222 ], [ -88.1127, 25.6047 ], [ -88.1009, 25.5873 ], [ -88.0888, 25.5702 ], [ -88.0764, 25.5532 ], [ -88.0637, 25.5365 ], [ -88.0506, 25.5199 ], [ -88.0372, 25.5036 ], [ -88.0235, 25.4874 ], [ -88.0095, 25.4715 ], [ -87.9952, 25.4558 ], [ -87.9806, 25.4403 ], [ -87.9657, 25.4251 ], [ -87.9506, 25.4101 ], [ -87.9351, 25.3953 ], [ -87.9194, 25.3808 ], [ -87.9033, 25.3665 ], [ -87.8871, 25.3525 ], [ -87.8705, 25.3388 ], [ -87.8537, 25.3253 ], [ -87.8366, 25.312 ], [ -87.8193, 25.2991 ], [ -87.8018, 25.2864 ], [ -87.784, 25.274 ], [ -87.7659, 25.2618 ], [ -87.7477, 25.25 ], [ -87.7292, 25.2384 ], [ -87.7105, 25.2271 ], [ -87.6916, 25.2162 ], [ -87.6725, 25.2055 ], [ -87.6532, 25.1951 ], [ -87.6337, 25.185 ], [ -87.614, 25.1752 ], [ -87.5941, 25.1658 ], [ -87.5741, 25.1566 ], [ -87.5538, 25.1478 ], [ -87.5335, 25.1393 ], [ -87.5129, 25.1311 ], [ -87.4922, 25.1232 ], [ -87.4714, 25.1157 ], [ -87.4504, 25.1085 ], [ -87.4293, 25.1016 ], [ -87.408, 25.095 ], [ -87.3867, 25.0888 ], [ -87.3652, 25.0829 ], [ -87.3436, 25.0774 ], [ -87.3219, 25.0722 ], [ -87.3001, 25.0673 ], [ -87.2783, 25.0628 ], [ -87.2563, 25.0586 ], [ -87.2343, 25.0547 ], [ -87.2122, 25.0512 ], [ -87.19, 25.0481 ], [ -87.1678, 25.0453 ], [ -87.1455, 25.0428 ], [ -87.1232, 25.0407 ], [ -87.1008, 25.039 ], [ -87.0785, 25.0376 ], [ -87.0561, 25.0365 ], [ -87.0336, 25.0358 ], [ -87.0112, 25.0355 ], [ -86.984, 24.5364 ], [ -86.9521, 24.5369 ], [ -86.9202, 24.5379 ], [ -86.8884, 24.5394 ], [ -86.8565, 24.5414 ], [ -86.8247, 24.5439 ], [ -86.793, 24.5469 ], [ -86.7613, 24.5503 ], [ -86.7297, 24.5543 ], [ -86.6982, 24.5588 ], [ -86.6667, 24.5638 ], [ -86.6353, 24.5693 ], [ -86.6041, 24.5752 ], [ -86.573, 24.5817 ], [ -86.542, 24.5886 ], [ -86.5111, 24.596 ], [ -86.4804, 24.6039 ], [ -86.4498, 24.6123 ], [ -86.4194, 24.6211 ], [ -86.3891, 24.6305 ], [ -86.3591, 24.6403 ], [ -86.3292, 24.6505 ], [ -86.2995, 24.6613 ], [ -86.27, 24.6725 ], [ -86.2408, 24.6841 ], [ -86.2117, 24.6962 ], [ -86.1829, 24.7088 ], [ -86.1544, 24.7218 ], [ -86.1261, 24.7353 ], [ -86.098, 24.7492 ], [ -86.0702, 24.7635 ], [ -86.0427, 24.7783 ], [ -86.0154, 24.7935 ], [ -85.9885, 24.8092 ], [ -85.9618, 24.8252 ], [ -85.9355, 24.8417 ], [ -85.9094, 24.8585 ], [ -85.8837, 24.8758 ], [ -85.8583, 24.8935 ], [ -85.8333, 24.9116 ], [ -85.8086, 24.93 ], [ -85.7842, 24.9489 ], [ -85.7602, 24.9681 ], [ -85.7366, 24.9877 ], [ -85.7134, 25.0077 ], [ -85.6905, 25.028 ], [ -85.668, 25.0487 ], [ -85.6459, 25.0697 ], [ -85.6242, 25.0911 ], [ -85.6029, 25.1128 ], [ -85.582, 25.1348 ], [ -85.5616, 25.1572 ], [ -85.5416, 25.1799 ], [ -85.522, 25.2029 ], [ -85.5028, 25.2262 ], [ -85.4841, 25.2498 ], [ -85.4659, 25.2736 ], [ -85.4481, 25.2978 ], [ -85.4307, 25.3222 ], [ -85.4138, 25.3469 ], [ -85.3974, 25.3719 ], [ -85.3815, 25.3971 ], [ -85.3661, 25.4226 ], [ -85.3511, 25.4483 ], [ -85.3367, 25.4742 ], [ -85.3227, 25.5004 ], [ -85.3092, 25.5268 ], [ -85.2963, 25.5533 ], [ -85.2839, 25.5801 ], [ -85.2719, 25.6071 ], [ -85.2605, 25.6342 ], [ -85.2496, 25.6615 ], [ -85.2393, 25.689 ], [ -85.2294, 25.7167 ], [ -85.2201, 25.7445 ], [ -85.2113, 25.7724 ], [ -85.2031, 25.8005 ], [ -85.1954, 25.8287 ], [ -85.1883, 25.857 ], [ -85.1817, 25.8854 ], [ -85.1757, 25.9139 ], [ -85.1702, 25.9425 ], [ -85.1652, 25.9712 ], [ -85.1608, 26.0 ], [ -85.157, 26.0288 ], [ -85.1537, 26.0577 ], [ -85.151, 26.0866 ], [ -85.1489, 26.1156 ], [ -85.1473, 26.1446 ], [ -85.1462, 26.1736 ], [ -84.9604, 26.2016 ], [ -84.9604, 26.2335 ], [ -84.9611, 26.2655 ], [ -84.9624, 26.2974 ], [ -84.9643, 26.3293 ], [ -84.9669, 26.3611 ], [ -84.9701, 26.3929 ], [ -84.9738, 26.4247 ], [ -84.9782, 26.4564 ], [ -84.9833, 26.488 ], [ -84.9889, 26.5195 ], [ -84.9952, 26.5509 ], [ -85.0021, 26.5823 ], [ -85.0096, 26.6135 ], [ -85.0177, 26.6446 ], [ -85.0264, 26.6756 ], [ -85.0357, 26.7064 ], [ -85.0456, 26.7371 ], [ -85.0562, 26.7676 ], [ -85.0673, 26.798 ], [ -85.079, 26.8281 ], [ -85.0914, 26.8581 ], [ -85.1043, 26.8879 ], [ -85.1178, 26.9175 ], [ -85.1319, 26.9468 ], [ -85.1466, 26.976 ], [ -85.1618, 27.0049 ], [ -85.1776, 27.0335 ], [ -85.194, 27.0619 ], [ -85.2109, 27.0901 ], [ -85.2284, 27.1179 ], [ -85.2465, 27.1455 ], [ -85.2651, 27.1729 ], [ -85.2842, 27.1999 ], [ -85.3039, 27.2266 ], [ -85.3241, 27.253 ], [ -85.3449, 27.2791 ], [ -85.3661, 27.3048 ], [ -85.3879, 27.3302 ], [ -85.4102, 27.3553 ], [ -85.4329, 27.38 ], [ -85.4562, 27.4044 ], [ -85.4799, 27.4284 ], [ -85.5042, 27.452 ], [ -85.5289, 27.4752 ], [ -85.554, 27.498 ], [ -85.5796, 27.5205 ], [ -85.6057, 27.5425 ], [ -85.6322, 27.5641 ], [ -85.6591, 27.5854 ], [ -85.6865, 27.6061 ], [ -85.7143, 27.6265 ], [ -85.7425, 27.6464 ], [ -85.771, 27.6659 ], [ -85.8, 27.6849 ], [ -85.8294, 27.7034 ], [ -85.8591, 27.7215 ], [ -85.8892, 27.7392 ], [ -85.9196, 27.7563 ], [ -85.9504, 27.773 ], [ -85.9815, 27.7892 ], [ -86.0129, 27.8049 ], [ -86.0447, 27.8201 ], [ -86.0767, 27.8348 ], [ -86.1091, 27.849 ], [ -86.1417, 27.8627 ], [ -86.1746, 27.8759 ], [ -86.2078, 27.8886 ], [ -86.2412, 27.9007 ], [ -86.2748, 27.9123 ], [ -86.3087, 27.9234 ], [ -86.3428, 27.934 ], [ -86.3772, 27.944 ], [ -86.4117, 27.9535 ], [ -86.4464, 27.9624 ], [ -86.4813, 27.9708 ], [ -86.5163, 27.9787 ], [ -86.5515, 27.986 ], [ -86.5869, 27.9927 ], [ -86.6224, 27.9989 ], [ -86.658, 28.0046 ], [ -86.6937, 28.0096 ], [ -86.7295, 28.0142 ], [ -86.7654, 28.0181 ], [ -86.8013, 28.0215 ], [ -86.8374, 28.0243 ], [ -86.8735, 28.0266 ], [ -86.9096, 28.0283 ], [ -86.9457, 28.0294 ], [ -86.9819, 28.03 ] ] ] } },
{ "type": "Feature", "properties": { "RADII": 50.0, "STORMID": "al092021", "BASIN": "al", "STORMNUM": 9.0, "ADVNUM": "10", "VALIDTIME": "2021082821", "SYNOPTIME": "2021082818", "TIMEZONE": "UTC", "TAU": 0.0, "NE": 50.0, "SE": 40.0, "SW": 20.0, "NW": 40.0 }, "geometry": { "type": "Polygon", "coordinates": [ [ [ -86.9919, 27.0318 ], [ -87.0065, 26.8654 ], [ -87.0195, 26.8652 ], [ -87.0325, 26.8648 ], [ -87.0456, 26.8642 ], [ -87.0585, 26.8634 ], [ -87.0715, 26.8624 ], [ -87.0845, 26.8612 ], [ -87.0974, 26.8598 ], [ -87.1103, 26.8581 ], [ -87.1231, 26.8563 ], [ -87.1359, 26.8543 ], [ -87.1487, 26.852 ], [ -87.1614, 26.8496 ], [ -87.1741, 26.847 ], [ -87.1868, 26.8442 ], [ -87.1993, 26.8411 ], [ -87.2118, 26.8379 ], [ -87.2243, 26.8345 ], [ -87.2366, 26.8309 ], [ -87.2489, 26.8271 ], [ -87.2612, 26.8231 ], [ -87.2733, 26.8189 ], [ -87.2854, 26.8145 ], [ -87.2973, 26.81 ], [ -87.3092, 26.8052 ], [ -87.321, 26.8003 ], [ -87.3327, 26.7952 ], [ -87.3442, 26.7899 ], [ -87.3557, 26.7844 ], [ -87.3671, 26.7787 ], [ -87.3783, 26.7729 ], [ -87.3894, 26.7669 ], [ -87.4005, 26.7607 ], [ -87.4113, 26.7543 ], [ -87.4221, 26.7478 ], [ -87.4327, 26.7411 ], [ -87.4432, 26.7343 ], [ -87.4536, 26.7272 ], [ -87.4638, 26.7201 ], [ -87.4739, 26.7127 ], [ -87.4838, 26.7052 ], [ -87.4936, 26.6976 ], [ -87.5032, 26.6898 ], [ -87.5127, 26.6818 ], [ -87.522, 26.6737 ], [ -87.5312, 26.6655 ], [ -87.5401, 26.6571 ], [ -87.549, 26.6485 ], [ -87.5576, 26.6399 ], [ -87.5661, 26.6311 ], [ -87.5744, 26.6222 ], [ -87.5825, 26.6131 ], [ -87.5905, 26.6039 ], [ -87.5983, 26.5946 ], [ -87.6058, 26.5852 ], [ -87.6132, 26.5756 ], [ -87.6204, 26.566 ], [ -87.6275, 26.5562 ], [ -87.6343, 26.5463 ], [ -87.6409, 26.5363 ], [ -87.6474, 26.5262 ], [ -87.6536, 26.5161 ], [ -87.6596, 26.5058 ], [ -87.6655, 26.4954 ], [ -87.6711, 26.4849 ], [ -87.6765, 26.4744 ], [ -87.6817, 26.4637 ], [ -87.6867, 26.453 ], [ -87.6915, 26.4422 ], [ -87.6961, 26.4314 ], [ -87.7005, 26.4204 ], [ -87.7046, 26.4094 ], [ -87.7086, 26.3984 ], [ -87.7123, 26.3872 ], [ -87.7158, 26.3761 ], [ -87.7191, 26.3648 ], [ -87.7222, 26.3535 ], [ -87.725, 26.3422 ], [ -87.7276, 26.3308 ], [ -87.73, 26.3194 ], [ -87.7322, 26.308 ], [ -87.7342, 26.2965 ], [ -87.7359, 26.285 ], [ -87.7374, 26.2735 ], [ -87.7387, 26.2619 ], [ -87.7397, 26.2503 ], [ -87.7406, 26.2387 ], [ -87.7412, 26.2271 ], [ -87.7415, 26.2155 ], [ -87.7417, 26.2039 ], [ -87.3708, 26.1966 ], [ -87.3707, 26.1908 ], [ -87.3704, 26.185 ], [ -87.3701, 26.1792 ], [ -87.3696, 26.1734 ], [ -87.369, 26.1676 ], [ -87.3683, 26.1619 ], [ -87.3675, 26.1561 ], [ -87.3666, 26.1504 ], [ -87.3656, 26.1446 ], [ -87.3644, 26.1389 ], [ -87.3632, 26.1332 ], [ -87.3618, 26.1275 ], [ -87.3604, 26.1219 ], [ -87.3588, 26.1162 ], [ -87.3571, 26.1106 ], [ -87.3553, 26.1051 ], [ -87.3534, 26.0995 ], [ -87.3514, 26.094 ], [ -87.3492, 26.0885 ], [ -87.347, 26.0831 ], [ -87.3447, 26.0776 ], [ -87.3422, 26.0723 ], [ -87.3397, 26.0669 ], [ -87.3371, 26.0616 ], [ -87.3343, 26.0564 ], [ -87.3315, 26.0512 ], [ -87.3285, 26.046 ], [ -87.3255, 26.0409 ], [ -87.3223, 26.0358 ], [ -87.3191, 26.0308 ], [ -87.3157, 26.0258 ], [ -87.3123, 26.0209 ], [ -87.3088, 26.016 ], [ -87.3051, 26.0112 ], [ -87.3014, 26.0065 ], [ -87.2976, 26.0018 ], [ -87.2937, 25.9971 ], [ -87.2897, 25.9926 ], [ -87.2856, 25.9881 ], [ -87.2815, 25.9836 ], [ -87.2772, 25.9793 ], [ -87.2729, 25.9749 ], [ -87.2685, 25.9707 ], [ -87.264, 25.9665 ], [ -87.2594, 25.9624 ], [ -87.2547, 25.9584 ], [ -87.25, 25.9545 ], [ -87.2452, 25.9506 ], [ -87.2403, 25.9468 ], [ -87.2354, 25.9431 ], [ -87.2303, 25.9394 ], [ -87.2253, 25.9358 ], [ -87.2201, 25.9324 ], [ -87.2149, 25.929 ], [ -87.2096, 25.9256 ], [ -87.2042, 25.9224 ], [ -87.1988, 25.9192 ], [ -87.1933, 25.9162 ], [ -87.1878, 25.9132 ], [ -87.1822, 25.9103 ], [ -87.1765, 25.9075 ], [ -87.1708, 25.9048 ], [ -87.1651, 25.9021 ], [ -87.1592, 25.8996 ], [ -87.1534, 25.8971 ], [ -87.1475, 25.8948 ], [ -87.1415, 25.8925 ], [ -87.1356, 25.8904 ], [ -87.1295, 25.8883 ], [ -87.1235, 25.8863 ], [ -87.1174, 25.8844 ], [ -87.1112, 25.8826 ], [ -87.105, 25.8809 ], [ -87.0988, 25.8793 ], [ -87.0926, 25.8778 ], [ -87.0863, 25.8764 ], [ -87.08, 25.8751 ], [ -87.0737, 25.8739 ], [ -87.0674, 25.8728 ], [ -87.061, 25.8718 ], [ -87.0547, 25.8709 ], [ -87.0483, 25.8701 ], [ -87.0419, 25.8694 ], [ -87.0354, 25.8688 ], [ -87.029, 25.8683 ], [ -87.0226, 25.8679 ], [ -87.0161, 25.8676 ], [ -87.0097, 25.8674 ], [ -87.0032, 25.8673 ], [ -86.9936, 25.5345 ], [ -86.9807, 25.5348 ], [ -86.9678, 25.5352 ], [ -86.955, 25.5358 ], [ -86.9421, 25.5366 ], [ -86.9293, 25.5376 ], [ -86.9165, 25.5388 ], [ -86.9037, 25.5402 ], [ -86.891, 25.5418 ], [ -86.8783, 25.5436 ], [ -86.8656, 25.5456 ], [ -86.853, 25.5478 ], [ -86.8404, 25.5502 ], [ -86.8278, 25.5528 ], [ -86.8153, 25.5556 ], [ -86.8029, 25.5586 ], [ -86.7905, 25.5618 ], [ -86.7782, 25.5652 ], [ -86.7659, 25.5687 ], [ -86.7537, 25.5725 ], [ -86.7416, 25.5764 ], [ -86.7296, 25.5806 ], [ -86.7177, 25.5849 ], [ -86.7058, 25.5894 ], [ -86.694, 25.5941 ], [ -86.6823, 25.599 ], [ -86.6707, 25.6041 ], [ -86.6593, 25.6093 ], [ -86.6479, 25.6147 ], [ -86.6366, 25.6203 ], [ -86.6254, 25.6261 ], [ -86.6143, 25.6321 ], [ -86.6034, 25.6382 ], [ -86.5926, 25.6445 ], [ -86.5819, 25.651 ], [ -86.5713, 25.6576 ], [ -86.5608, 25.6644 ], [ -86.5505, 25.6713 ], [ -86.5404, 25.6785 ], [ -86.5303, 25.6857 ], [ -86.5204, 25.6932 ], [ -86.5106, 25.7008 ], [ -86.501, 25.7085 ], [ -86.4916, 25.7164 ], [ -86.4823, 25.7244 ], [ -86.4731, 25.7326 ], [ -86.4641, 25.7409 ], [ -86.4553, 25.7494 ], [ -86.4466, 25.758 ], [ -86.4381, 25.7667 ], [ -86.4298, 25.7756 ], [ -86.4216, 25.7846 ], [ -86.4136, 25.7937 ], [ -86.4058, 25.8029 ], [ -86.3982, 25.8123 ], [ -86.3907, 25.8218 ], [ -86.3835, 25.8314 ], [ -86.3764, 25.8411 ], [ -86.3695, 25.8509 ], [ -86.3628, 25.8608 ], [ -86.3563, 25.8709 ], [ -86.35, 25.881 ], [ -86.3439, 25.8912 ], [ -86.3379, 25.9016 ], [ -86.3322, 25.912 ], [ -86.3267, 25.9225 ], [ -86.3214, 25.9331 ], [ -86.3163, 25.9437 ], [ -86.3114, 25.9545 ], [ -86.3067, 25.9653 ], [ -86.3022, 25.9762 ], [ -86.2979, 25.9871 ], [ -86.2939, 25.9982 ], [ -86.29, 26.0093 ], [ -86.2864, 26.0204 ], [ -86.283, 26.0316 ], [ -86.2798, 26.0429 ], [ -86.2768, 26.0542 ], [ -86.2741, 26.0655 ], [ -86.2715, 26.0769 ], [ -86.2692, 26.0883 ], [ -86.2671, 26.0998 ], [ -86.2652, 26.1113 ], [ -86.2636, 26.1228 ], [ -86.2622, 26.1343 ], [ -86.261, 26.1459 ], [ -86.26, 26.1575 ], [ -86.2592, 26.1691 ], [ -86.2587, 26.1807 ], [ -86.2584, 26.1923 ], [ -86.0729, 26.2043 ], [ -86.0731, 26.2188 ], [ -86.0735, 26.2333 ], [ -86.0742, 26.2478 ], [ -86.0753, 26.2623 ], [ -86.0766, 26.2768 ], [ -86.0781, 26.2912 ], [ -86.08, 26.3057 ], [ -86.0821, 26.32 ], [ -86.0846, 26.3344 ], [ -86.0873, 26.3487 ], [ -86.0902, 26.363 ], [ -86.0935, 26.3772 ], [ -86.097, 26.3914 ], [ -86.1008, 26.4055 ], [ -86.1049, 26.4195 ], [ -86.1093, 26.4335 ], [ -86.1139, 26.4474 ], [ -86.1188, 26.4613 ], [ -86.124, 26.475 ], [ -86.1295, 26.4887 ], [ -86.1352, 26.5023 ], [ -86.1411, 26.5158 ], [ -86.1474, 26.5292 ], [ -86.1539, 26.5425 ], [ -86.1606, 26.5557 ], [ -86.1677, 26.5688 ], [ -86.1749, 26.5818 ], [ -86.1825, 26.5946 ], [ -86.1903, 26.6074 ], [ -86.1983, 26.62 ], [ -86.2066, 26.6325 ], [ -86.2151, 26.6448 ], [ -86.2238, 26.657 ], [ -86.2329, 26.6691 ], [ -86.2421, 26.6811 ], [ -86.2516, 26.6929 ], [ -86.2613, 26.7045 ], [ -86.2712, 26.716 ], [ -86.2814, 26.7273 ], [ -86.2917, 26.7385 ], [ -86.3023, 26.7495 ], [ -86.3131, 26.7604 ], [ -86.3242, 26.771 ], [ -86.3354, 26.7815 ], [ -86.3468, 26.7918 ], [ -86.3585, 26.802 ], [ -86.3703, 26.8119 ], [ -86.3824, 26.8217 ], [ -86.3946, 26.8313 ], [ -86.407, 26.8407 ], [ -86.4196, 26.8498 ], [ -86.4324, 26.8588 ], [ -86.4453, 26.8676 ], [ -86.4585, 26.8762 ], [ -86.4718, 26.8846 ], [ -86.4852, 26.8927 ], [ -86.4988, 26.9007 ], [ -86.5126, 26.9084 ], [ -86.5265, 26.916 ], [ -86.5406, 26.9233 ], [ -86.5548, 26.9304 ], [ -86.5692, 26.9372 ], [ -86.5837, 26.9438 ], [ -86.5983, 26.9503 ], [ -86.613, 26.9564 ], [ -86.6279, 26.9624 ], [ -86.6428, 26.9681 ], [ -86.6579, 26.9736 ], [ -86.6731, 26.9788 ], [ -86.6884, 26.9838 ], [ -86.7038, 26.9886 ], [ -86.7193, 26.9931 ], [ -86.7349, 26.9973 ], [ -86.7505, 27.0014 ], [ -86.7663, 27.0052 ], [ -86.7821, 27.0087 ], [ -86.7979, 27.012 ], [ -86.8139, 27.015 ], [ -86.8299, 27.0178 ], [ -86.8459, 27.0204 ], [ -86.862, 27.0226 ], [ -86.8781, 27.0247 ], [ -86.8943, 27.0265 ], [ -86.9105, 27.028 ], [ -86.9267, 27.0293 ], [ -86.943, 27.0303 ], [ -86.9593, 27.031 ], [ -86.9756, 27.0316 ], [ -86.9919, 27.0318 ] ] ] } },
{ "type": "Feature", "properties": { "RADII": 64.0, "STORMID": "al092021", "BASIN": "al", "STORMNUM": 9.0, "ADVNUM": "10", "VALIDTIME": "2021082821", "SYNOPTIME": "2021082818", "TIMEZONE": "UTC", "TAU": 0.0, "NE": 25.0, "SE": 20.0, "SW": 10.0, "NW": 20.0 }, "geometry": { "type": "Polygon", "coordinates": [ [ [ -86.9959, 26.6159 ], [ -87.0033, 26.5327 ], [ -87.0098, 26.5326 ], [ -87.0162, 26.5324 ], [ -87.0227, 26.5321 ], [ -87.0292, 26.5317 ], [ -87.0357, 26.5312 ], [ -87.0421, 26.5306 ], [ -87.0486, 26.5299 ], [ -87.055, 26.5291 ], [ -87.0614, 26.5282 ], [ -87.0678, 26.5272 ], [ -87.0742, 26.526 ], [ -87.0805, 26.5248 ], [ -87.0868, 26.5235 ], [ -87.0931, 26.5221 ], [ -87.0994, 26.5206 ], [ -87.1056, 26.519 ], [ -87.1118, 26.5173 ], [ -87.118, 26.5155 ], [ -87.1241, 26.5136 ], [ -87.1302, 26.5116 ], [ -87.1363, 26.5095 ], [ -87.1423, 26.5073 ], [ -87.1483, 26.5051 ], [ -87.1542, 26.5027 ], [ -87.1601, 26.5002 ], [ -87.1659, 26.4977 ], [ -87.1717, 26.495 ], [ -87.1774, 26.4923 ], [ -87.1831, 26.4895 ], [ -87.1887, 26.4866 ], [ -87.1942, 26.4836 ], [ -87.1997, 26.4805 ], [ -87.2052, 26.4773 ], [ -87.2105, 26.4741 ], [ -87.2159, 26.4707 ], [ -87.2211, 26.4673 ], [ -87.2263, 26.4638 ], [ -87.2314, 26.4602 ], [ -87.2364, 26.4566 ], [ -87.2414, 26.4528 ], [ -87.2463, 26.449 ], [ -87.2511, 26.4451 ], [ -87.2558, 26.4411 ], [ -87.2605, 26.4371 ], [ -87.265, 26.433 ], [ -87.2695, 26.4288 ], [ -87.2739, 26.4245 ], [ -87.2783, 26.4202 ], [ -87.2825, 26.4158 ], [ -87.2867, 26.4114 ], [ -87.2907, 26.4068 ], [ -87.2947, 26.4023 ], [ -87.2986, 26.3976 ], [ -87.3024, 26.3929 ], [ -87.3061, 26.3881 ], [ -87.3097, 26.3833 ], [ -87.3133, 26.3784 ], [ -87.3167, 26.3735 ], [ -87.32, 26.3685 ], [ -87.3232, 26.3635 ], [ -87.3264, 26.3584 ], [ -87.3294, 26.3533 ], [ -87.3323, 26.3481 ], [ -87.3351, 26.3429 ], [ -87.3379, 26.3376 ], [ -87.3405, 26.3323 ], [ -87.343, 26.3269 ], [ -87.3454, 26.3215 ], [ -87.3477, 26.3161 ], [ -87.3499, 26.3106 ], [ -87.352, 26.3052 ], [ -87.354, 26.2996 ], [ -87.3559, 26.2941 ], [ -87.3576, 26.2885 ], [ -87.3593, 26.2829 ], [ -87.3608, 26.2772 ], [ -87.3623, 26.2716 ], [ -87.3636, 26.2659 ], [ -87.3648, 26.2602 ], [ -87.3659, 26.2545 ], [ -87.3669, 26.2487 ], [ -87.3678, 26.243 ], [ -87.3686, 26.2372 ], [ -87.3692, 26.2314 ], [ -87.3698, 26.2256 ], [ -87.3702, 26.2198 ], [ -87.3705, 26.214 ], [ -87.3707, 26.2082 ], [ -87.3708, 26.2024 ], [ -87.1854, 26.1984 ], [ -87.1854, 26.1955 ], [ -87.1852, 26.1926 ], [ -87.1851, 26.1897 ], [ -87.1848, 26.1868 ], [ -87.1845, 26.1839 ], [ -87.1842, 26.181 ], [ -87.1838, 26.1782 ], [ -87.1833, 26.1753 ], [ -87.1828, 26.1724 ], [ -87.1823, 26.1696 ], [ -87.1816, 26.1667 ], [ -87.181, 26.1639 ], [ -87.1802, 26.1611 ], [ -87.1795, 26.1582 ], [ -87.1786, 26.1554 ], [ -87.1777, 26.1526 ], [ -87.1768, 26.1499 ], [ -87.1758, 26.1471 ], [ -87.1747, 26.1444 ], [ -87.1736, 26.1416 ], [ -87.1724, 26.1389 ], [ -87.1712, 26.1362 ], [ -87.17, 26.1336 ], [ -87.1686, 26.1309 ], [ -87.1673, 26.1283 ], [ -87.1658, 26.1257 ], [ -87.1644, 26.1231 ], [ -87.1628, 26.1205 ], [ -87.1613, 26.118 ], [ -87.1597, 26.1155 ], [ -87.158, 26.113 ], [ -87.1563, 26.1105 ], [ -87.1545, 26.1081 ], [ -87.1527, 26.1057 ], [ -87.1508, 26.1033 ], [ -87.1489, 26.101 ], [ -87.147, 26.0986 ], [ -87.145, 26.0964 ], [ -87.143, 26.0941 ], [ -87.1409, 26.0919 ], [ -87.1387, 26.0897 ], [ -87.1366, 26.0875 ], [ -87.1344, 26.0854 ], [ -87.1321, 26.0833 ], [ -87.1298, 26.0813 ], [ -87.1275, 26.0793 ], [ -87.1251, 26.0773 ], [ -87.1227, 26.0753 ], [ -87.1203, 26.0734 ], [ -87.1178, 26.0716 ], [ -87.1153, 26.0698 ], [ -87.1128, 26.068 ], [ -87.1102, 26.0662 ], [ -87.1076, 26.0645 ], [ -87.1049, 26.0629 ], [ -87.1022, 26.0612 ], [ -87.0995, 26.0597 ], [ -87.0968, 26.0581 ], [ -87.094, 26.0566 ], [ -87.0912, 26.0552 ], [ -87.0884, 26.0538 ], [ -87.0855, 26.0524 ], [ -87.0826, 26.0511 ], [ -87.0797, 26.0498 ], [ -87.0768, 26.0486 ], [ -87.0739, 26.0474 ], [ -87.0709, 26.0463 ], [ -87.0679, 26.0452 ], [ -87.0649, 26.0442 ], [ -87.0618, 26.0432 ], [ -87.0588, 26.0422 ], [ -87.0557, 26.0413 ], [ -87.0526, 26.0405 ], [ -87.0495, 26.0397 ], [ -87.0464, 26.0389 ], [ -87.0432, 26.0382 ], [ -87.0401, 26.0376 ], [ -87.0369, 26.037 ], [ -87.0338, 26.0364 ], [ -87.0306, 26.0359 ], [ -87.0274, 26.0355 ], [ -87.0242, 26.0351 ], [ -87.021, 26.0347 ], [ -87.0178, 26.0344 ], [ -87.0145, 26.0341 ], [ -87.0113, 26.0339 ], [ -87.0081, 26.0338 ], [ -87.0049, 26.0337 ], [ -87.0016, 26.0336 ], [ -86.9968, 25.8673 ], [ -86.9903, 25.8674 ], [ -86.9839, 25.8676 ], [ -86.9774, 25.8679 ], [ -86.971, 25.8683 ], [ -86.9646, 25.8688 ], [ -86.9581, 25.8694 ], [ -86.9517, 25.8701 ], [ -86.9453, 25.8709 ], [ -86.939, 25.8718 ], [ -86.9326, 25.8728 ], [ -86.9263, 25.8739 ], [ -86.92, 25.8751 ], [ -86.9137, 25.8764 ], [ -86.9074, 25.8778 ], [ -86.9012, 25.8793 ], [ -86.895, 25.8809 ], [ -86.8888, 25.8826 ], [ -86.8827, 25.8844 ], [ -86.8765, 25.8863 ], [ -86.8705, 25.8883 ], [ -86.8645, 25.8904 ], [ -86.8585, 25.8925 ], [ -86.8525, 25.8948 ], [ -86.8466, 25.8971 ], [ -86.8408, 25.8996 ], [ -86.835, 25.9021 ], [ -86.8292, 25.9048 ], [ -86.8235, 25.9075 ], [ -86.8178, 25.9103 ], [ -86.8123, 25.9132 ], [ -86.8067, 25.9162 ], [ -86.8012, 25.9192 ], [ -86.7958, 25.9224 ], [ -86.7905, 25.9256 ], [ -86.7852, 25.929 ], [ -86.7799, 25.9324 ], [ -86.7748, 25.9358 ], [ -86.7697, 25.9394 ], [ -86.7646, 25.9431 ], [ -86.7597, 25.9468 ], [ -86.7548, 25.9506 ], [ -86.75, 25.9545 ], [ -86.7453, 25.9584 ], [ -86.7406, 25.9624 ], [ -86.736, 25.9665 ], [ -86.7315, 25.9707 ], [ -86.7271, 25.975 ], [ -86.7228, 25.9793 ], [ -86.7185, 25.9836 ], [ -86.7144, 25.9881 ], [ -86.7103, 25.9926 ], [ -86.7063, 25.9971 ], [ -86.7024, 26.0018 ], [ -86.6986, 26.0065 ], [ -86.6949, 26.0112 ], [ -86.6913, 26.016 ], [ -86.6877, 26.0209 ], [ -86.6843, 26.0258 ], [ -86.6809, 26.0308 ], [ -86.6777, 26.0358 ], [ -86.6746, 26.0409 ], [ -86.6715, 26.046 ], [ -86.6685, 26.0512 ], [ -86.6657, 26.0564 ], [ -86.663, 26.0616 ], [ -86.6603, 26.0669 ], [ -86.6578, 26.0723 ], [ -86.6553, 26.0776 ], [ -86.653, 26.0831 ], [ -86.6508, 26.0885 ], [ -86.6487, 26.094 ], [ -86.6466, 26.0995 ], [ -86.6447, 26.1051 ], [ -86.6429, 26.1106 ], [ -86.6412, 26.1162 ], [ -86.6397, 26.1219 ], [ -86.6382, 26.1275 ], [ -86.6368, 26.1332 ], [ -86.6356, 26.1389 ], [ -86.6344, 26.1446 ], [ -86.6334, 26.1504 ], [ -86.6325, 26.1561 ], [ -86.6317, 26.1619 ], [ -86.631, 26.1676 ], [ -86.6304, 26.1734 ], [ -86.6299, 26.1792 ], [ -86.6296, 26.185 ], [ -86.6293, 26.1908 ], [ -86.6292, 26.1966 ], [ -86.5365, 26.2029 ], [ -86.5366, 26.2101 ], [ -86.5368, 26.2174 ], [ -86.5372, 26.2247 ], [ -86.5378, 26.2319 ], [ -86.5384, 26.2391 ], [ -86.5393, 26.2464 ], [ -86.5402, 26.2536 ], [ -86.5413, 26.2608 ], [ -86.5425, 26.2679 ], [ -86.5439, 26.2751 ], [ -86.5454, 26.2822 ], [ -86.5471, 26.2893 ], [ -86.5489, 26.2964 ], [ -86.5508, 26.3034 ], [ -86.5529, 26.3105 ], [ -86.5551, 26.3174 ], [ -86.5574, 26.3244 ], [ -86.5599, 26.3313 ], [ -86.5625, 26.3382 ], [ -86.5653, 26.345 ], [ -86.5681, 26.3518 ], [ -86.5712, 26.3585 ], [ -86.5743, 26.3652 ], [ -86.5776, 26.3719 ], [ -86.581, 26.3785 ], [ -86.5845, 26.385 ], [ -86.5882, 26.3915 ], [ -86.5919, 26.3979 ], [ -86.5958, 26.4042 ], [ -86.5999, 26.4105 ], [ -86.604, 26.4168 ], [ -86.6083, 26.4229 ], [ -86.6127, 26.429 ], [ -86.6172, 26.4351 ], [ -86.6218, 26.441 ], [ -86.6266, 26.4469 ], [ -86.6315, 26.4527 ], [ -86.6364, 26.4585 ], [ -86.6415, 26.4641 ], [ -86.6467, 26.4697 ], [ -86.652, 26.4752 ], [ -86.6574, 26.4806 ], [ -86.6629, 26.4859 ], [ -86.6685, 26.4911 ], [ -86.6743, 26.4963 ], [ -86.6801, 26.5013 ], [ -86.686, 26.5063 ], [ -86.692, 26.5112 ], [ -86.6981, 26.516 ], [ -86.7043, 26.5206 ], [ -86.7106, 26.5252 ], [ -86.717, 26.5297 ], [ -86.7235, 26.5341 ], [ -86.73, 26.5384 ], [ -86.7367, 26.5425 ], [ -86.7434, 26.5466 ], [ -86.7502, 26.5506 ], [ -86.7571, 26.5544 ], [ -86.764, 26.5582 ], [ -86.771, 26.5618 ], [ -86.7781, 26.5654 ], [ -86.7853, 26.5688 ], [ -86.7925, 26.5721 ], [ -86.7998, 26.5753 ], [ -86.8072, 26.5783 ], [ -86.8146, 26.5813 ], [ -86.822, 26.5842 ], [ -86.8295, 26.5869 ], [ -86.8371, 26.5895 ], [ -86.8447, 26.592 ], [ -86.8524, 26.5944 ], [ -86.8601, 26.5966 ], [ -86.8679, 26.5987 ], [ -86.8757, 26.6007 ], [ -86.8835, 26.6026 ], [ -86.8914, 26.6044 ], [ -86.8993, 26.606 ], [ -86.9073, 26.6075 ], [ -86.9152, 26.6089 ], [ -86.9232, 26.6102 ], [ -86.9313, 26.6113 ], [ -86.9393, 26.6124 ], [ -86.9473, 26.6132 ], [ -86.9554, 26.614 ], [ -86.9635, 26.6146 ], [ -86.9716, 26.6151 ], [ -86.9797, 26.6155 ], [ -86.9878, 26.6158 ], [ -86.9959, 26.6159 ] ] ] } },
{ "type": "Feature", "properties": { "RADII": 34.0, "STORMID": "al092021", "BASIN": "al", "STORMNUM": 9.0, "ADVNUM": "10", "VALIDTIME": "2021082906", "SYNOPTIME": "2021082818", "TIMEZONE": "UTC", "TAU": 12.0, "NE": 130.0, "SE": 110.0, "SW": 80.0, "NW": 100.0 }, "geometry": { "type": "Polygon", "coordinates": [ [ [ -88.5783, 29.6627 ], [ -88.6166, 29.1636 ], [ -88.6499, 29.1631 ], [ -88.6831, 29.1621 ], [ -88.7163, 29.1605 ], [ -88.7495, 29.1585 ], [ -88.7826, 29.1559 ], [ -88.8156, 29.1528 ], [ -88.8486, 29.1492 ], [ -88.8815, 29.1451 ], [ -88.9143, 29.1405 ], [ -88.9471, 29.1354 ], [ -88.9797, 29.1298 ], [ -89.0122, 29.1236 ], [ -89.0445, 29.117 ], [ -89.0767, 29.1099 ], [ -89.1088, 29.1023 ], [ -89.1407, 29.0941 ], [ -89.1724, 29.0855 ], [ -89.204, 29.0764 ], [ -89.2353, 29.0668 ], [ -89.2665, 29.0567 ], [ -89.2974, 29.0462 ], [ -89.3281, 29.0352 ], [ -89.3586, 29.0236 ], [ -89.3888, 29.0117 ], [ -89.4188, 28.9992 ], [ -89.4486, 28.9863 ], [ -89.478, 28.9729 ], [ -89.5072, 28.9591 ], [ -89.5361, 28.9449 ], [ -89.5647, 28.9302 ], [ -89.593, 28.915 ], [ -89.621, 28.8994 ], [ -89.6486, 28.8834 ], [ -89.6759, 28.8669 ], [ -89.7029, 28.8501 ], [ -89.7296, 28.8328 ], [ -89.7558, 28.8151 ], [ -89.7817, 28.797 ], [ -89.8073, 28.7785 ], [ -89.8325, 28.7596 ], [ -89.8572, 28.7404 ], [ -89.8816, 28.7207 ], [ -89.9056, 28.7007 ], [ -89.9291, 28.6803 ], [ -89.9522, 28.6595 ], [ -89.975, 28.6384 ], [ -89.9972, 28.617 ], [ -90.0191, 28.5952 ], [ -90.0405, 28.573 ], [ -90.0614, 28.5506 ], [ -90.0819, 28.5278 ], [ -90.1019, 28.5047 ], [ -90.1215, 28.4813 ], [ -90.1406, 28.4576 ], [ -90.1592, 28.4336 ], [ -90.1773, 28.4093 ], [ -90.1949, 28.3848 ], [ -90.212, 28.36 ], [ -90.2286, 28.3349 ], [ -90.2447, 28.3096 ], [ -90.2603, 28.284 ], [ -90.2754, 28.2582 ], [ -90.2899, 28.2321 ], [ -90.304, 28.2058 ], [ -90.3175, 28.1794 ], [ -90.3305, 28.1527 ], [ -90.3429, 28.1258 ], [ -90.3548, 28.0987 ], [ -90.3661, 28.0715 ], [ -90.3769, 28.0441 ], [ -90.3872, 28.0165 ], [ -90.3969, 27.9887 ], [ -90.4061, 27.9608 ], [ -90.4146, 27.9328 ], [ -90.4227, 27.9047 ], [ -90.4301, 27.8764 ], [ -90.4371, 27.848 ], [ -90.4434, 27.8195 ], [ -90.4492, 27.791 ], [ -90.4544, 27.7623 ], [ -90.459, 27.7335 ], [ -90.4631, 27.7047 ], [ -90.4666, 27.6759 ], [ -90.4696, 27.647 ], [ -90.4719, 27.618 ], [ -90.4737, 27.589 ], [ -90.4749, 27.56 ], [ -90.4756, 27.531 ], [ -90.4756, 27.5019 ], [ -90.1002, 27.4803 ], [ -90.0994, 27.4571 ], [ -90.0982, 27.4339 ], [ -90.0965, 27.4107 ], [ -90.0944, 27.3876 ], [ -90.0918, 27.3645 ], [ -90.0887, 27.3414 ], [ -90.0853, 27.3184 ], [ -90.0813, 27.2954 ], [ -90.0769, 27.2725 ], [ -90.0721, 27.2497 ], [ -90.0668, 27.227 ], [ -90.0611, 27.2043 ], [ -90.0549, 27.1817 ], [ -90.0483, 27.1593 ], [ -90.0412, 27.1369 ], [ -90.0337, 27.1146 ], [ -90.0258, 27.0925 ], [ -90.0175, 27.0705 ], [ -90.0087, 27.0486 ], [ -89.9995, 27.0269 ], [ -89.9899, 27.0053 ], [ -89.9799, 26.9839 ], [ -89.9694, 26.9626 ], [ -89.9586, 26.9415 ], [ -89.9473, 26.9205 ], [ -89.9356, 26.8998 ], [ -89.9236, 26.8792 ], [ -89.9111, 26.8588 ], [ -89.8982, 26.8386 ], [ -89.885, 26.8186 ], [ -89.8714, 26.7988 ], [ -89.8574, 26.7792 ], [ -89.843, 26.7599 ], [ -89.8282, 26.7408 ], [ -89.8131, 26.7219 ], [ -89.7976, 26.7032 ], [ -89.7818, 26.6848 ], [ -89.7656, 26.6666 ], [ -89.749, 26.6487 ], [ -89.7321, 26.631 ], [ -89.7149, 26.6137 ], [ -89.6974, 26.5965 ], [ -89.6795, 26.5797 ], [ -89.6613, 26.5631 ], [ -89.6428, 26.5468 ], [ -89.624, 26.5308 ], [ -89.6048, 26.5151 ], [ -89.5854, 26.4997 ], [ -89.5657, 26.4846 ], [ -89.5457, 26.4698 ], [ -89.5254, 26.4553 ], [ -89.5048, 26.4412 ], [ -89.484, 26.4273 ], [ -89.4629, 26.4138 ], [ -89.4416, 26.4006 ], [ -89.42, 26.3877 ], [ -89.3982, 26.3752 ], [ -89.3761, 26.363 ], [ -89.3538, 26.3512 ], [ -89.3313, 26.3397 ], [ -89.3085, 26.3285 ], [ -89.2856, 26.3178 ], [ -89.2624, 26.3073 ], [ -89.2391, 26.2972 ], [ -89.2156, 26.2875 ], [ -89.1918, 26.2782 ], [ -89.168, 26.2692 ], [ -89.1439, 26.2606 ], [ -89.1197, 26.2524 ], [ -89.0953, 26.2445 ], [ -89.0708, 26.237 ], [ -89.0461, 26.2299 ], [ -89.0213, 26.2232 ], [ -88.9964, 26.2169 ], [ -88.9714, 26.211 ], [ -88.9463, 26.2054 ], [ -88.921, 26.2002 ], [ -88.8957, 26.1955 ], [ -88.8703, 26.1911 ], [ -88.8448, 26.1871 ], [ -88.8192, 26.1835 ], [ -88.7936, 26.1803 ], [ -88.7679, 26.1775 ], [ -88.7421, 26.1751 ], [ -88.7163, 26.1731 ], [ -88.6905, 26.1715 ], [ -88.6647, 26.1703 ], [ -88.6388, 26.1695 ], [ -88.6129, 26.1691 ], [ -88.5823, 25.67 ], [ -88.5469, 25.6706 ], [ -88.5114, 25.6717 ], [ -88.4761, 25.6733 ], [ -88.4407, 25.6755 ], [ -88.4054, 25.6782 ], [ -88.3702, 25.6815 ], [ -88.335, 25.6854 ], [ -88.2999, 25.6897 ], [ -88.2649, 25.6946 ], [ -88.2299, 25.7001 ], [ -88.1951, 25.7061 ], [ -88.1604, 25.7126 ], [ -88.1259, 25.7197 ], [ -88.0914, 25.7273 ], [ -88.0572, 25.7355 ], [ -88.023, 25.7441 ], [ -87.9891, 25.7533 ], [ -87.9553, 25.763 ], [ -87.9217, 25.7733 ], [ -87.8883, 25.784 ], [ -87.8552, 25.7953 ], [ -87.8222, 25.8071 ], [ -87.7895, 25.8194 ], [ -87.7569, 25.8322 ], [ -87.7247, 25.8455 ], [ -87.6927, 25.8593 ], [ -87.6609, 25.8736 ], [ -87.6295, 25.8884 ], [ -87.5983, 25.9036 ], [ -87.5674, 25.9194 ], [ -87.5368, 25.9356 ], [ -87.5065, 25.9523 ], [ -87.4766, 25.9694 ], [ -87.447, 25.9871 ], [ -87.4177, 26.0051 ], [ -87.3887, 26.0237 ], [ -87.3601, 26.0426 ], [ -87.3319, 26.0621 ], [ -87.3041, 26.0819 ], [ -87.2766, 26.1022 ], [ -87.2495, 26.1229 ], [ -87.2228, 26.144 ], [ -87.1965, 26.1655 ], [ -87.1707, 26.1874 ], [ -87.1452, 26.2098 ], [ -87.1202, 26.2325 ], [ -87.0956, 26.2556 ], [ -87.0715, 26.279 ], [ -87.0478, 26.3029 ], [ -87.0245, 26.3271 ], [ -87.0018, 26.3517 ], [ -86.9795, 26.3766 ], [ -86.9576, 26.4018 ], [ -86.9363, 26.4274 ], [ -86.9155, 26.4533 ], [ -86.8951, 26.4796 ], [ -86.8753, 26.5061 ], [ -86.8559, 26.533 ], [ -86.8371, 26.5601 ], [ -86.8189, 26.5875 ], [ -86.8011, 26.6152 ], [ -86.7839, 26.6432 ], [ -86.7672, 26.6715 ], [ -86.7511, 26.6999 ], [ -86.7355, 26.7287 ], [ -86.7205, 26.7577 ], [ -86.706, 26.7869 ], [ -86.6921, 26.8163 ], [ -86.6787, 26.8459 ], [ -86.666, 26.8758 ], [ -86.6538, 26.9058 ], [ -86.6422, 26.936 ], [ -86.6312, 26.9664 ], [ -86.6208, 26.997 ], [ -86.6109, 27.0277 ], [ -86.6017, 27.0585 ], [ -86.5931, 27.0895 ], [ -86.5851, 27.1207 ], [ -86.5777, 27.1519 ], [ -86.5708, 27.1833 ], [ -86.5647, 27.2147 ], [ -86.5591, 27.2463 ], [ -86.5541, 27.2779 ], [ -86.5498, 27.3096 ], [ -86.546, 27.3413 ], [ -86.5429, 27.3732 ], [ -86.5405, 27.405 ], [ -86.5386, 27.4369 ], [ -86.5374, 27.4688 ], [ -86.1617, 27.4976 ], [ -86.1616, 27.5354 ], [ -86.1622, 27.5731 ], [ -86.1636, 27.6108 ], [ -86.1658, 27.6485 ], [ -86.1686, 27.6862 ], [ -86.1723, 27.7238 ], [ -86.1766, 27.7613 ], [ -86.1817, 27.7988 ], [ -86.1876, 27.8362 ], [ -86.1942, 27.8734 ], [ -86.2015, 27.9106 ], [ -86.2096, 27.9477 ], [ -86.2184, 27.9846 ], [ -86.2279, 28.0214 ], [ -86.2382, 28.058 ], [ -86.2492, 28.0945 ], [ -86.2609, 28.1308 ], [ -86.2734, 28.1669 ], [ -86.2865, 28.2028 ], [ -86.3004, 28.2385 ], [ -86.315, 28.274 ], [ -86.3303, 28.3092 ], [ -86.3464, 28.3442 ], [ -86.3631, 28.379 ], [ -86.3805, 28.4135 ], [ -86.3986, 28.4477 ], [ -86.4174, 28.4816 ], [ -86.4369, 28.5152 ], [ -86.457, 28.5486 ], [ -86.4779, 28.5816 ], [ -86.4994, 28.6143 ], [ -86.5215, 28.6466 ], [ -86.5443, 28.6786 ], [ -86.5678, 28.7102 ], [ -86.5919, 28.7415 ], [ -86.6166, 28.7724 ], [ -86.642, 28.8029 ], [ -86.6679, 28.833 ], [ -86.6945, 28.8627 ], [ -86.7217, 28.892 ], [ -86.7495, 28.9208 ], [ -86.7778, 28.9493 ], [ -86.8068, 28.9772 ], [ -86.8363, 29.0048 ], [ -86.8664, 29.0318 ], [ -86.897, 29.0584 ], [ -86.9282, 29.0846 ], [ -86.9599, 29.1102 ], [ -86.9921, 29.1353 ], [ -87.0248, 29.16 ], [ -87.058, 29.1841 ], [ -87.0918, 29.2077 ], [ -87.126, 29.2308 ], [ -87.1607, 29.2533 ], [ -87.1958, 29.2754 ], [ -87.2314, 29.2968 ], [ -87.2674, 29.3177 ], [ -87.3039, 29.3381 ], [ -87.3408, 29.3578 ], [ -87.378, 29.3771 ], [ -87.4157, 29.3957 ], [ -87.4537, 29.4137 ], [ -87.4922, 29.4312 ], [ -87.5309, 29.448 ], [ -87.5701, 29.4643 ], [ -87.6095, 29.4799 ], [ -87.6493, 29.4949 ], [ -87.6894, 29.5093 ], [ -87.7297, 29.5231 ], [ -87.7704, 29.5363 ], [ -87.8113, 29.5488 ], [ -87.8525, 29.5607 ], [ -87.8939, 29.5719 ], [ -87.9355, 29.5826 ], [ -87.9774, 29.5925 ], [ -88.0194, 29.6018 ], [ -88.0617, 29.6105 ], [ -88.1041, 29.6185 ], [ -88.1467, 29.6258 ], [ -88.1894, 29.6325 ], [ -88.2323, 29.6386 ], [ -88.2753, 29.6439 ], [ -88.3183, 29.6486 ], [ -88.3615, 29.6526 ], [ -88.4048, 29.656 ], [ -88.4481, 29.6587 ], [ -88.4915, 29.6607 ], [ -88.5349, 29.662 ], [ -88.5783, 29.6627 ] ] ] } },
{ "type": "Feature", "properties": { "RADII": 50.0, "STORMID": "al092021", "BASIN": "al", "STORMNUM": 9.0, "ADVNUM": "10", "VALIDTIME": "2021082906", "SYNOPTIME": "2021082818", "TIMEZONE": "UTC", "TAU": 12.0, "NE": 50.0, "SE": 50.0, "SW": 30.0, "NW": 40.0 }, "geometry": { "type": "Polygon", "coordinates": [ [ [ -88.5918, 28.3318 ], [ -88.6066, 28.1655 ], [ -88.6198, 28.1652 ], [ -88.6329, 28.1648 ], [ -88.6461, 28.1642 ], [ -88.6592, 28.1634 ], [ -88.6724, 28.1624 ], [ -88.6855, 28.1612 ], [ -88.6985, 28.1598 ], [ -88.7116, 28.1581 ], [ -88.7246, 28.1563 ], [ -88.7375, 28.1543 ], [ -88.7505, 28.152 ], [ -88.7634, 28.1496 ], [ -88.7762, 28.147 ], [ -88.789, 28.1442 ], [ -88.8017, 28.1411 ], [ -88.8143, 28.1379 ], [ -88.8269, 28.1345 ], [ -88.8394, 28.1309 ], [ -88.8519, 28.1271 ], [ -88.8643, 28.1231 ], [ -88.8765, 28.1189 ], [ -88.8887, 28.1145 ], [ -88.9008, 28.11 ], [ -88.9129, 28.1052 ], [ -88.9248, 28.1003 ], [ -88.9366, 28.0952 ], [ -88.9483, 28.0898 ], [ -88.9599, 28.0844 ], [ -88.9714, 28.0787 ], [ -88.9828, 28.0729 ], [ -88.994, 28.0669 ], [ -89.0052, 28.0607 ], [ -89.0162, 28.0543 ], [ -89.0271, 28.0478 ], [ -89.0378, 28.0411 ], [ -89.0485, 28.0342 ], [ -89.0589, 28.0272 ], [ -89.0693, 28.02 ], [ -89.0795, 28.0127 ], [ -89.0895, 28.0052 ], [ -89.0994, 27.9975 ], [ -89.1091, 27.9897 ], [ -89.1187, 27.9818 ], [ -89.1281, 27.9737 ], [ -89.1374, 27.9654 ], [ -89.1465, 27.957 ], [ -89.1554, 27.9485 ], [ -89.1642, 27.9398 ], [ -89.1727, 27.931 ], [ -89.1812, 27.9221 ], [ -89.1894, 27.913 ], [ -89.1974, 27.9038 ], [ -89.2053, 27.8945 ], [ -89.2129, 27.8851 ], [ -89.2204, 27.8756 ], [ -89.2277, 27.8659 ], [ -89.2348, 27.8561 ], [ -89.2417, 27.8462 ], [ -89.2484, 27.8363 ], [ -89.2549, 27.8262 ], [ -89.2612, 27.816 ], [ -89.2673, 27.8057 ], [ -89.2732, 27.7953 ], [ -89.2789, 27.7848 ], [ -89.2844, 27.7743 ], [ -89.2897, 27.7637 ], [ -89.2947, 27.7529 ], [ -89.2996, 27.7421 ], [ -89.3042, 27.7313 ], [ -89.3086, 27.7203 ], [ -89.3128, 27.7093 ], [ -89.3168, 27.6983 ], [ -89.3206, 27.6871 ], [ -89.3241, 27.676 ], [ -89.3274, 27.6647 ], [ -89.3305, 27.6534 ], [ -89.3334, 27.6421 ], [ -89.3361, 27.6307 ], [ -89.3385, 27.6193 ], [ -89.3407, 27.6079 ], [ -89.3427, 27.5964 ], [ -89.3444, 27.5849 ], [ -89.3459, 27.5733 ], [ -89.3472, 27.5618 ], [ -89.3483, 27.5502 ], [ -89.3491, 27.5386 ], [ -89.3497, 27.527 ], [ -89.3501, 27.5154 ], [ -89.3503, 27.5038 ], [ -89.1626, 27.4945 ], [ -89.1624, 27.4858 ], [ -89.162, 27.4771 ], [ -89.1615, 27.4684 ], [ -89.1607, 27.4597 ], [ -89.1598, 27.451 ], [ -89.1588, 27.4424 ], [ -89.1575, 27.4337 ], [ -89.1561, 27.4251 ], [ -89.1545, 27.4165 ], [ -89.1528, 27.408 ], [ -89.1509, 27.3994 ], [ -89.1488, 27.3909 ], [ -89.1466, 27.3824 ], [ -89.1441, 27.374 ], [ -89.1416, 27.3656 ], [ -89.1388, 27.3572 ], [ -89.1359, 27.3489 ], [ -89.1328, 27.3406 ], [ -89.1296, 27.3324 ], [ -89.1262, 27.3242 ], [ -89.1227, 27.3161 ], [ -89.1189, 27.308 ], [ -89.1151, 27.3 ], [ -89.1111, 27.2921 ], [ -89.1069, 27.2842 ], [ -89.1025, 27.2764 ], [ -89.0981, 27.2687 ], [ -89.0934, 27.261 ], [ -89.0886, 27.2534 ], [ -89.0837, 27.2458 ], [ -89.0786, 27.2384 ], [ -89.0734, 27.231 ], [ -89.068, 27.2237 ], [ -89.0625, 27.2165 ], [ -89.0569, 27.2094 ], [ -89.0511, 27.2024 ], [ -89.0452, 27.1955 ], [ -89.0391, 27.1886 ], [ -89.0329, 27.1819 ], [ -89.0266, 27.1752 ], [ -89.0202, 27.1687 ], [ -89.0136, 27.1622 ], [ -89.0069, 27.1558 ], [ -89.0001, 27.1496 ], [ -88.9931, 27.1435 ], [ -88.9861, 27.1374 ], [ -88.9789, 27.1315 ], [ -88.9716, 27.1257 ], [ -88.9642, 27.12 ], [ -88.9567, 27.1144 ], [ -88.949, 27.109 ], [ -88.9413, 27.1036 ], [ -88.9335, 27.0984 ], [ -88.9256, 27.0933 ], [ -88.9175, 27.0883 ], [ -88.9094, 27.0835 ], [ -88.9012, 27.0787 ], [ -88.8929, 27.0741 ], [ -88.8845, 27.0697 ], [ -88.876, 27.0653 ], [ -88.8674, 27.0611 ], [ -88.8588, 27.057 ], [ -88.8501, 27.0531 ], [ -88.8413, 27.0493 ], [ -88.8324, 27.0456 ], [ -88.8234, 27.0421 ], [ -88.8144, 27.0387 ], [ -88.8054, 27.0355 ], [ -88.7962, 27.0324 ], [ -88.787, 27.0294 ], [ -88.7778, 27.0266 ], [ -88.7685, 27.0239 ], [ -88.7591, 27.0214 ], [ -88.7497, 27.019 ], [ -88.7403, 27.0167 ], [ -88.7308, 27.0146 ], [ -88.7213, 27.0127 ], [ -88.7117, 27.0109 ], [ -88.7021, 27.0092 ], [ -88.6925, 27.0077 ], [ -88.6828, 27.0064 ], [ -88.6731, 27.0051 ], [ -88.6634, 27.0041 ], [ -88.6537, 27.0032 ], [ -88.6439, 27.0024 ], [ -88.6342, 27.0018 ], [ -88.6244, 27.0014 ], [ -88.6147, 27.0011 ], [ -88.6049, 27.0009 ], [ -88.5919, 26.6682 ], [ -88.5756, 26.6684 ], [ -88.5594, 26.6689 ], [ -88.5432, 26.6697 ], [ -88.527, 26.6707 ], [ -88.5108, 26.672 ], [ -88.4946, 26.6735 ], [ -88.4785, 26.6752 ], [ -88.4624, 26.6772 ], [ -88.4464, 26.6795 ], [ -88.4303, 26.682 ], [ -88.4144, 26.6847 ], [ -88.3985, 26.6877 ], [ -88.3827, 26.691 ], [ -88.3669, 26.6945 ], [ -88.3512, 26.6982 ], [ -88.3355, 26.7022 ], [ -88.32, 26.7064 ], [ -88.3045, 26.7108 ], [ -88.2891, 26.7155 ], [ -88.2739, 26.7205 ], [ -88.2587, 26.7256 ], [ -88.2436, 26.731 ], [ -88.2286, 26.7367 ], [ -88.2137, 26.7425 ], [ -88.199, 26.7486 ], [ -88.1843, 26.7549 ], [ -88.1698, 26.7615 ], [ -88.1554, 26.7683 ], [ -88.1412, 26.7753 ], [ -88.1271, 26.7825 ], [ -88.1131, 26.7899 ], [ -88.0993, 26.7975 ], [ -88.0856, 26.8054 ], [ -88.0721, 26.8135 ], [ -88.0587, 26.8217 ], [ -88.0455, 26.8302 ], [ -88.0325, 26.8389 ], [ -88.0196, 26.8478 ], [ -88.0069, 26.8569 ], [ -87.9944, 26.8662 ], [ -87.9821, 26.8756 ], [ -87.9699, 26.8853 ], [ -87.958, 26.8951 ], [ -87.9462, 26.9052 ], [ -87.9346, 26.9154 ], [ -87.9232, 26.9258 ], [ -87.9121, 26.9363 ], [ -87.9011, 26.9471 ], [ -87.8904, 26.958 ], [ -87.8798, 26.969 ], [ -87.8695, 26.9803 ], [ -87.8594, 26.9916 ], [ -87.8495, 27.0032 ], [ -87.8398, 27.0149 ], [ -87.8304, 27.0267 ], [ -87.8212, 27.0387 ], [ -87.8123, 27.0508 ], [ -87.8035, 27.0631 ], [ -87.795, 27.0755 ], [ -87.7868, 27.088 ], [ -87.7788, 27.1007 ], [ -87.771, 27.1134 ], [ -87.7635, 27.1263 ], [ -87.7563, 27.1393 ], [ -87.7493, 27.1525 ], [ -87.7426, 27.1657 ], [ -87.7361, 27.179 ], [ -87.7299, 27.1924 ], [ -87.7239, 27.2059 ], [ -87.7182, 27.2196 ], [ -87.7128, 27.2332 ], [ -87.7076, 27.247 ], [ -87.7027, 27.2609 ], [ -87.6981, 27.2748 ], [ -87.6938, 27.2888 ], [ -87.6897, 27.3029 ], [ -87.6859, 27.317 ], [ -87.6824, 27.3312 ], [ -87.6792, 27.3454 ], [ -87.6762, 27.3597 ], [ -87.6735, 27.374 ], [ -87.6712, 27.3883 ], [ -87.669, 27.4027 ], [ -87.6672, 27.4172 ], [ -87.6657, 27.4316 ], [ -87.6644, 27.4461 ], [ -87.6634, 27.4606 ], [ -87.6627, 27.4751 ], [ -87.6623, 27.4896 ], [ -87.6622, 27.5041 ], [ -87.6623, 27.5186 ], [ -87.6628, 27.5331 ], [ -87.6635, 27.5477 ], [ -87.6645, 27.5621 ], [ -87.6658, 27.5766 ], [ -87.6674, 27.5911 ], [ -87.6693, 27.6055 ], [ -87.6715, 27.6199 ], [ -87.6739, 27.6342 ], [ -87.6766, 27.6485 ], [ -87.6796, 27.6628 ], [ -87.6829, 27.677 ], [ -87.6865, 27.6912 ], [ -87.6904, 27.7053 ], [ -87.6945, 27.7194 ], [ -87.6989, 27.7334 ], [ -87.7036, 27.7473 ], [ -87.7085, 27.7611 ], [ -87.7138, 27.7749 ], [ -87.7193, 27.7885 ], [ -87.725, 27.8021 ], [ -87.7311, 27.8156 ], [ -87.7374, 27.829 ], [ -87.7439, 27.8423 ], [ -87.7508, 27.8555 ], [ -87.7579, 27.8686 ], [ -87.7652, 27.8816 ], [ -87.7729, 27.8945 ], [ -87.7807, 27.9072 ], [ -87.7888, 27.9198 ], [ -87.7972, 27.9323 ], [ -87.8058, 27.9447 ], [ -87.8147, 27.9569 ], [ -87.8238, 27.969 ], [ -87.8331, 27.981 ], [ -87.8427, 27.9928 ], [ -87.8525, 28.0044 ], [ -87.8626, 28.0159 ], [ -87.8729, 28.0272 ], [ -87.8834, 28.0384 ], [ -87.8941, 28.0494 ], [ -87.905, 28.0603 ], [ -87.9162, 28.0709 ], [ -87.9275, 28.0814 ], [ -87.9391, 28.0918 ], [ -87.9509, 28.1019 ], [ -87.9629, 28.1119 ], [ -87.975, 28.1216 ], [ -87.9874, 28.1312 ], [ -88.0, 28.1406 ], [ -88.0127, 28.1498 ], [ -88.0256, 28.1588 ], [ -88.0387, 28.1676 ], [ -88.052, 28.1761 ], [ -88.0655, 28.1845 ], [ -88.0791, 28.1927 ], [ -88.0929, 28.2007 ], [ -88.1068, 28.2084 ], [ -88.1209, 28.2159 ], [ -88.1351, 28.2232 ], [ -88.1495, 28.2303 ], [ -88.164, 28.2372 ], [ -88.1787, 28.2438 ], [ -88.1935, 28.2502 ], [ -88.2084, 28.2564 ], [ -88.2234, 28.2623 ], [ -88.2386, 28.2681 ], [ -88.2538, 28.2735 ], [ -88.2692, 28.2788 ], [ -88.2847, 28.2838 ], [ -88.3003, 28.2885 ], [ -88.3159, 28.2931 ], [ -88.3317, 28.2973 ], [ -88.3475, 28.3014 ], [ -88.3634, 28.3052 ], [ -88.3794, 28.3087 ], [ -88.3955, 28.312 ], [ -88.4116, 28.315 ], [ -88.4278, 28.3178 ], [ -88.444, 28.3204 ], [ -88.4603, 28.3226 ], [ -88.4767, 28.3247 ], [ -88.493, 28.3265 ], [ -88.5094, 28.328 ], [ -88.5259, 28.3293 ], [ -88.5423, 28.3303 ], [ -88.5588, 28.3311 ], [ -88.5753, 28.3316 ], [ -88.5918, 28.3318 ] ] ] } },
{ "type": "Feature", "properties": { "RADII": 64.0, "STORMID": "al092021", "BASIN": "al", "STORMNUM": 9.0, "ADVNUM": "10", "VALIDTIME": "2021082906", "SYNOPTIME": "2021082818", "TIMEZONE": "UTC", "TAU": 12.0, "NE": 25.0, "SE": 25.0, "SW": 15.0, "NW": 20.0 }, "geometry": { "type": "Polygon", "coordinates": [ [ [ -88.5959, 27.9159 ], [ -88.6033, 27.8327 ], [ -88.6098, 27.8326 ], [ -88.6164, 27.8324 ], [ -88.623, 27.8321 ], [ -88.6295, 27.8317 ], [ -88.6361, 27.8312 ], [ -88.6426, 27.8306 ], [ -88.6491, 27.8299 ], [ -88.6556, 27.8291 ], [ -88.6621, 27.8282 ], [ -88.6686, 27.8272 ], [ -88.675, 27.826 ], [ -88.6814, 27.8248 ], [ -88.6878, 27.8235 ], [ -88.6942, 27.8221 ], [ -88.7005, 27.8206 ], [ -88.7069, 27.819 ], [ -88.7131, 27.8173 ], [ -88.7194, 27.8155 ], [ -88.7256, 27.8136 ], [ -88.7318, 27.8116 ], [ -88.7379, 27.8095 ], [ -88.744, 27.8073 ], [ -88.75, 27.8051 ], [ -88.756, 27.8027 ], [ -88.7619, 27.8002 ], [ -88.7678, 27.7977 ], [ -88.7737, 27.795 ], [ -88.7795, 27.7923 ], [ -88.7852, 27.7895 ], [ -88.7909, 27.7866 ], [ -88.7965, 27.7836 ], [ -88.8021, 27.7805 ], [ -88.8076, 27.7773 ], [ -88.813, 27.7741 ], [ -88.8184, 27.7707 ], [ -88.8237, 27.7673 ], [ -88.8289, 27.7638 ], [ -88.8341, 27.7602 ], [ -88.8392, 27.7565 ], [ -88.8442, 27.7528 ], [ -88.8491, 27.749 ], [ -88.854, 27.7451 ], [ -88.8588, 27.7411 ], [ -88.8635, 27.7371 ], [ -88.8681, 27.733 ], [ -88.8727, 27.7288 ], [ -88.8771, 27.7245 ], [ -88.8815, 27.7202 ], [ -88.8858, 27.7158 ], [ -88.89, 27.7113 ], [ -88.8941, 27.7068 ], [ -88.8982, 27.7022 ], [ -88.9021, 27.6976 ], [ -88.9059, 27.6929 ], [ -88.9097, 27.6881 ], [ -88.9133, 27.6833 ], [ -88.9169, 27.6784 ], [ -88.9203, 27.6735 ], [ -88.9237, 27.6685 ], [ -88.927, 27.6635 ], [ -88.9301, 27.6584 ], [ -88.9332, 27.6532 ], [ -88.9362, 27.6481 ], [ -88.939, 27.6428 ], [ -88.9418, 27.6376 ], [ -88.9444, 27.6323 ], [ -88.947, 27.6269 ], [ -88.9494, 27.6215 ], [ -88.9517, 27.6161 ], [ -88.954, 27.6106 ], [ -88.9561, 27.6051 ], [ -88.9581, 27.5996 ], [ -88.96, 27.594 ], [ -88.9618, 27.5885 ], [ -88.9634, 27.5828 ], [ -88.965, 27.5772 ], [ -88.9665, 27.5715 ], [ -88.9678, 27.5659 ], [ -88.969, 27.5602 ], [ -88.9702, 27.5544 ], [ -88.9712, 27.5487 ], [ -88.9721, 27.5429 ], [ -88.9728, 27.5372 ], [ -88.9735, 27.5314 ], [ -88.9741, 27.5256 ], [ -88.9745, 27.5198 ], [ -88.9748, 27.514 ], [ -88.975, 27.5082 ], [ -88.9751, 27.5024 ], [ -88.8813, 27.4975 ], [ -88.8812, 27.4932 ], [ -88.8811, 27.4888 ], [ -88.8808, 27.4845 ], [ -88.8804, 27.4801 ], [ -88.88, 27.4758 ], [ -88.8795, 27.4715 ], [ -88.8789, 27.4671 ], [ -88.8782, 27.4628 ], [ -88.8774, 27.4585 ], [ -88.8765, 27.4543 ], [ -88.8756, 27.45 ], [ -88.8745, 27.4457 ], [ -88.8734, 27.4415 ], [ -88.8722, 27.4373 ], [ -88.8709, 27.433 ], [ -88.8696, 27.4289 ], [ -88.8681, 27.4247 ], [ -88.8666, 27.4206 ], [ -88.865, 27.4164 ], [ -88.8633, 27.4124 ], [ -88.8615, 27.4083 ], [ -88.8597, 27.4043 ], [ -88.8578, 27.4003 ], [ -88.8558, 27.3963 ], [ -88.8537, 27.3923 ], [ -88.8515, 27.3884 ], [ -88.8493, 27.3845 ], [ -88.847, 27.3807 ], [ -88.8446, 27.3769 ], [ -88.8421, 27.3731 ], [ -88.8396, 27.3694 ], [ -88.837, 27.3657 ], [ -88.8343, 27.3621 ], [ -88.8316, 27.3585 ], [ -88.8287, 27.3549 ], [ -88.8259, 27.3514 ], [ -88.8229, 27.3479 ], [ -88.8199, 27.3445 ], [ -88.8168, 27.3411 ], [ -88.8136, 27.3378 ], [ -88.8104, 27.3345 ], [ -88.8071, 27.3313 ], [ -88.8038, 27.3281 ], [ -88.8004, 27.3249 ], [ -88.7969, 27.3219 ], [ -88.7933, 27.3188 ], [ -88.7898, 27.3159 ], [ -88.7861, 27.313 ], [ -88.7824, 27.3101 ], [ -88.7786, 27.3073 ], [ -88.7748, 27.3046 ], [ -88.771, 27.3019 ], [ -88.767, 27.2993 ], [ -88.7631, 27.2967 ], [ -88.7591, 27.2942 ], [ -88.755, 27.2918 ], [ -88.7509, 27.2894 ], [ -88.7467, 27.2871 ], [ -88.7425, 27.2849 ], [ -88.7383, 27.2827 ], [ -88.734, 27.2806 ], [ -88.7297, 27.2786 ], [ -88.7253, 27.2766 ], [ -88.7209, 27.2747 ], [ -88.7164, 27.2729 ], [ -88.712, 27.2711 ], [ -88.7074, 27.2694 ], [ -88.7029, 27.2678 ], [ -88.6983, 27.2662 ], [ -88.6937, 27.2647 ], [ -88.6891, 27.2633 ], [ -88.6844, 27.262 ], [ -88.6797, 27.2607 ], [ -88.675, 27.2595 ], [ -88.6703, 27.2584 ], [ -88.6655, 27.2573 ], [ -88.6608, 27.2564 ], [ -88.656, 27.2554 ], [ -88.6512, 27.2546 ], [ -88.6463, 27.2539 ], [ -88.6415, 27.2532 ], [ -88.6366, 27.2526 ], [ -88.6318, 27.252 ], [ -88.6269, 27.2516 ], [ -88.622, 27.2512 ], [ -88.6171, 27.2509 ], [ -88.6123, 27.2507 ], [ -88.6074, 27.2505 ], [ -88.6025, 27.2505 ], [ -88.5959, 27.0841 ], [ -88.5878, 27.0842 ], [ -88.5796, 27.0845 ], [ -88.5715, 27.0849 ], [ -88.5634, 27.0854 ], [ -88.5552, 27.086 ], [ -88.5471, 27.0867 ], [ -88.539, 27.0876 ], [ -88.5309, 27.0886 ], [ -88.5229, 27.0898 ], [ -88.5149, 27.091 ], [ -88.5069, 27.0924 ], [ -88.4989, 27.0939 ], [ -88.4909, 27.0955 ], [ -88.483, 27.0973 ], [ -88.4751, 27.0992 ], [ -88.4673, 27.1011 ], [ -88.4595, 27.1033 ], [ -88.4517, 27.1055 ], [ -88.444, 27.1079 ], [ -88.4364, 27.1103 ], [ -88.4287, 27.1129 ], [ -88.4212, 27.1156 ], [ -88.4137, 27.1185 ], [ -88.4062, 27.1214 ], [ -88.3988, 27.1245 ], [ -88.3915, 27.1276 ], [ -88.3842, 27.1309 ], [ -88.377, 27.1343 ], [ -88.3699, 27.1378 ], [ -88.3628, 27.1414 ], [ -88.3558, 27.1452 ], [ -88.3489, 27.149 ], [ -88.342, 27.1529 ], [ -88.3352, 27.157 ], [ -88.3285, 27.1611 ], [ -88.3219, 27.1654 ], [ -88.3154, 27.1697 ], [ -88.309, 27.1742 ], [ -88.3026, 27.1788 ], [ -88.2963, 27.1834 ], [ -88.2902, 27.1882 ], [ -88.2841, 27.193 ], [ -88.2781, 27.1979 ], [ -88.2722, 27.203 ], [ -88.2664, 27.2081 ], [ -88.2607, 27.2133 ], [ -88.2552, 27.2186 ], [ -88.2497, 27.224 ], [ -88.2443, 27.2294 ], [ -88.239, 27.235 ], [ -88.2339, 27.2406 ], [ -88.2289, 27.2463 ], [ -88.2239, 27.2521 ], [ -88.2191, 27.258 ], [ -88.2144, 27.2639 ], [ -88.2098, 27.2699 ], [ -88.2053, 27.276 ], [ -88.201, 27.2821 ], [ -88.1968, 27.2883 ], [ -88.1926, 27.2946 ], [ -88.1887, 27.3009 ], [ -88.1848, 27.3073 ], [ -88.1811, 27.3138 ], [ -88.1775, 27.3203 ], [ -88.174, 27.3269 ], [ -88.1706, 27.3335 ], [ -88.1674, 27.3402 ], [ -88.1643, 27.3469 ], [ -88.1614, 27.3537 ], [ -88.1586, 27.3605 ], [ -88.1559, 27.3673 ], [ -88.1533, 27.3742 ], [ -88.1509, 27.3812 ], [ -88.1486, 27.3881 ], [ -88.1465, 27.3951 ], [ -88.1445, 27.4022 ], [ -88.1426, 27.4092 ], [ -88.1409, 27.4163 ], [ -88.1393, 27.4234 ], [ -88.1378, 27.4306 ], [ -88.1365, 27.4378 ], [ -88.1353, 27.4449 ], [ -88.1343, 27.4521 ], [ -88.1334, 27.4594 ], [ -88.1327, 27.4666 ], [ -88.1321, 27.4738 ], [ -88.1316, 27.4811 ], [ -88.1313, 27.4883 ], [ -88.1311, 27.4956 ], [ -88.1311, 27.5028 ], [ -88.1312, 27.5101 ], [ -88.1315, 27.5174 ], [ -88.1319, 27.5246 ], [ -88.1324, 27.5319 ], [ -88.1331, 27.5391 ], [ -88.1339, 27.5463 ], [ -88.1349, 27.5535 ], [ -88.136, 27.5607 ], [ -88.1372, 27.5679 ], [ -88.1386, 27.575 ], [ -88.1402, 27.5822 ], [ -88.1418, 27.5893 ], [ -88.1437, 27.5964 ], [ -88.1456, 27.6034 ], [ -88.1477, 27.6104 ], [ -88.1499, 27.6174 ], [ -88.1523, 27.6244 ], [ -88.1548, 27.6313 ], [ -88.1574, 27.6381 ], [ -88.1602, 27.645 ], [ -88.1631, 27.6518 ], [ -88.1662, 27.6585 ], [ -88.1693, 27.6652 ], [ -88.1727, 27.6718 ], [ -88.1761, 27.6784 ], [ -88.1797, 27.685 ], [ -88.1833, 27.6914 ], [ -88.1872, 27.6979 ], [ -88.1911, 27.7042 ], [ -88.1952, 27.7105 ], [ -88.1994, 27.7167 ], [ -88.2037, 27.7229 ], [ -88.2082, 27.729 ], [ -88.2127, 27.735 ], [ -88.2174, 27.741 ], [ -88.2222, 27.7469 ], [ -88.2271, 27.7527 ], [ -88.2322, 27.7584 ], [ -88.2373, 27.7641 ], [ -88.2426, 27.7697 ], [ -88.2479, 27.7752 ], [ -88.2534, 27.7806 ], [ -88.259, 27.7859 ], [ -88.2647, 27.7911 ], [ -88.2705, 27.7963 ], [ -88.2763, 27.8013 ], [ -88.2823, 27.8063 ], [ -88.2884, 27.8112 ], [ -88.2946, 27.8159 ], [ -88.3009, 27.8206 ], [ -88.3072, 27.8252 ], [ -88.3137, 27.8297 ], [ -88.3202, 27.8341 ], [ -88.3269, 27.8383 ], [ -88.3336, 27.8425 ], [ -88.3404, 27.8466 ], [ -88.3473, 27.8506 ], [ -88.3542, 27.8544 ], [ -88.3612, 27.8582 ], [ -88.3683, 27.8618 ], [ -88.3755, 27.8653 ], [ -88.3828, 27.8688 ], [ -88.3901, 27.8721 ], [ -88.3974, 27.8753 ], [ -88.4049, 27.8783 ], [ -88.4124, 27.8813 ], [ -88.4199, 27.8841 ], [ -88.4275, 27.8869 ], [ -88.4352, 27.8895 ], [ -88.4429, 27.892 ], [ -88.4507, 27.8944 ], [ -88.4585, 27.8966 ], [ -88.4663, 27.8987 ], [ -88.4742, 27.9007 ], [ -88.4822, 27.9026 ], [ -88.4901, 27.9044 ], [ -88.4981, 27.906 ], [ -88.5062, 27.9075 ], [ -88.5142, 27.9089 ], [ -88.5223, 27.9102 ], [ -88.5304, 27.9113 ], [ -88.5386, 27.9124 ], [ -88.5467, 27.9132 ], [ -88.5549, 27.914 ], [ -88.5631, 27.9146 ], [ -88.5713, 27.9151 ], [ -88.5795, 27.9155 ], [ -88.5877, 27.9158 ], [ -88.5959, 27.9159 ] ] ] } },
{ "type": "Feature", "properties": { "RADII": 34.0, "STORMID": "al092021", "BASIN": "al", "STORMNUM": 9.0, "ADVNUM": "10", "VALIDTIME": "2021082918", "SYNOPTIME": "2021082818", "TIMEZONE": "UTC", "TAU": 24.0, "NE": 130.0, "SE": 110.0, "SW": 80.0, "NW": 100.0 }, "geometry": { "type": "Polygon", "coordinates": [ [ [ -90.3779, 31.2627 ], [ -90.4169, 30.7636 ], [ -90.4507, 30.7631 ], [ -90.4845, 30.7621 ], [ -90.5182, 30.7605 ], [ -90.5519, 30.7585 ], [ -90.5855, 30.7559 ], [ -90.6191, 30.7528 ], [ -90.6527, 30.7492 ], [ -90.6861, 30.7451 ], [ -90.7194, 30.7405 ], [ -90.7527, 30.7354 ], [ -90.7858, 30.7297 ], [ -90.8188, 30.7236 ], [ -90.8517, 30.717 ], [ -90.8845, 30.7098 ], [ -90.917, 30.7022 ], [ -90.9494, 30.6941 ], [ -90.9817, 30.6854 ], [ -91.0137, 30.6763 ], [ -91.0456, 30.6667 ], [ -91.0772, 30.6566 ], [ -91.1087, 30.6461 ], [ -91.1399, 30.635 ], [ -91.1708, 30.6235 ], [ -91.2016, 30.6115 ], [ -91.232, 30.5991 ], [ -91.2622, 30.5861 ], [ -91.2922, 30.5728 ], [ -91.3218, 30.5589 ], [ -91.3512, 30.5446 ], [ -91.3802, 30.5299 ], [ -91.4089, 30.5148 ], [ -91.4374, 30.4991 ], [ -91.4655, 30.4831 ], [ -91.4932, 30.4667 ], [ -91.5206, 30.4498 ], [ -91.5477, 30.4325 ], [ -91.5743, 30.4148 ], [ -91.6006, 30.3967 ], [ -91.6266, 30.3782 ], [ -91.6521, 30.3593 ], [ -91.6773, 30.34 ], [ -91.702, 30.3203 ], [ -91.7263, 30.3003 ], [ -91.7503, 30.2799 ], [ -91.7738, 30.2591 ], [ -91.7968, 30.238 ], [ -91.8194, 30.2165 ], [ -91.8416, 30.1947 ], [ -91.8633, 30.1725 ], [ -91.8846, 30.1501 ], [ -91.9053, 30.1273 ], [ -91.9257, 30.1042 ], [ -91.9455, 30.0807 ], [ -91.9649, 30.057 ], [ -91.9837, 30.033 ], [ -92.0021, 30.0087 ], [ -92.02, 29.9842 ], [ -92.0373, 29.9593 ], [ -92.0542, 29.9342 ], [ -92.0705, 29.9089 ], [ -92.0863, 29.8833 ], [ -92.1016, 29.8575 ], [ -92.1163, 29.8314 ], [ -92.1306, 29.8051 ], [ -92.1442, 29.7786 ], [ -92.1574, 29.7519 ], [ -92.17, 29.725 ], [ -92.182, 29.698 ], [ -92.1935, 29.6707 ], [ -92.2045, 29.6433 ], [ -92.2149, 29.6157 ], [ -92.2247, 29.5879 ], [ -92.2339, 29.56 ], [ -92.2426, 29.532 ], [ -92.2508, 29.5038 ], [ -92.2583, 29.4756 ], [ -92.2653, 29.4472 ], [ -92.2717, 29.4187 ], [ -92.2775, 29.3901 ], [ -92.2828, 29.3614 ], [ -92.2875, 29.3327 ], [ -92.2916, 29.3039 ], [ -92.2951, 29.275 ], [ -92.298, 29.2461 ], [ -92.3004, 29.2171 ], [ -92.3022, 29.1881 ], [ -92.3034, 29.1591 ], [ -92.304, 29.1301 ], [ -92.3041, 29.1011 ], [ -91.9229, 29.0798 ], [ -91.9221, 29.0566 ], [ -91.9208, 29.0334 ], [ -91.9191, 29.0102 ], [ -91.9169, 28.987 ], [ -91.9143, 28.9639 ], [ -91.9111, 28.9409 ], [ -91.9076, 28.9178 ], [ -91.9035, 28.8949 ], [ -91.8991, 28.872 ], [ -91.8941, 28.8492 ], [ -91.8887, 28.8264 ], [ -91.8829, 28.8038 ], [ -91.8766, 28.7812 ], [ -91.8699, 28.7587 ], [ -91.8627, 28.7364 ], [ -91.8551, 28.7141 ], [ -91.8471, 28.692 ], [ -91.8386, 28.67 ], [ -91.8296, 28.6481 ], [ -91.8203, 28.6264 ], [ -91.8105, 28.6048 ], [ -91.8003, 28.5834 ], [ -91.7897, 28.5621 ], [ -91.7787, 28.541 ], [ -91.7672, 28.5201 ], [ -91.7554, 28.4993 ], [ -91.7431, 28.4788 ], [ -91.7304, 28.4584 ], [ -91.7174, 28.4382 ], [ -91.7039, 28.4182 ], [ -91.6901, 28.3984 ], [ -91.6758, 28.3788 ], [ -91.6612, 28.3595 ], [ -91.6462, 28.3404 ], [ -91.6309, 28.3215 ], [ -91.6151, 28.3028 ], [ -91.5991, 28.2844 ], [ -91.5826, 28.2663 ], [ -91.5658, 28.2484 ], [ -91.5487, 28.2307 ], [ -91.5312, 28.2133 ], [ -91.5134, 28.1962 ], [ -91.4952, 28.1794 ], [ -91.4768, 28.1628 ], [ -91.458, 28.1466 ], [ -91.4389, 28.1306 ], [ -91.4194, 28.1149 ], [ -91.3997, 28.0995 ], [ -91.3797, 28.0844 ], [ -91.3594, 28.0696 ], [ -91.3388, 28.0551 ], [ -91.318, 28.041 ], [ -91.2968, 28.0271 ], [ -91.2754, 28.0136 ], [ -91.2538, 28.0004 ], [ -91.2318, 27.9876 ], [ -91.2097, 27.9751 ], [ -91.1873, 27.9629 ], [ -91.1647, 27.951 ], [ -91.1418, 27.9396 ], [ -91.1187, 27.9284 ], [ -91.0955, 27.9176 ], [ -91.072, 27.9072 ], [ -91.0483, 27.8971 ], [ -91.0244, 27.8874 ], [ -91.0004, 27.8781 ], [ -90.9761, 27.8691 ], [ -90.9517, 27.8605 ], [ -90.9271, 27.8523 ], [ -90.9024, 27.8445 ], [ -90.8775, 27.837 ], [ -90.8525, 27.8299 ], [ -90.8274, 27.8232 ], [ -90.8021, 27.8169 ], [ -90.7767, 27.8109 ], [ -90.7512, 27.8054 ], [ -90.7256, 27.8002 ], [ -90.6999, 27.7954 ], [ -90.6741, 27.7911 ], [ -90.6483, 27.7871 ], [ -90.6223, 27.7835 ], [ -90.5963, 27.7803 ], [ -90.5703, 27.7775 ], [ -90.5442, 27.7751 ], [ -90.518, 27.7731 ], [ -90.4918, 27.7715 ], [ -90.4656, 27.7703 ], [ -90.4394, 27.7695 ], [ -90.4131, 27.7691 ], [ -90.382, 27.27 ], [ -90.3461, 27.2706 ], [ -90.3102, 27.2717 ], [ -90.2743, 27.2733 ], [ -90.2385, 27.2755 ], [ -90.2027, 27.2782 ], [ -90.1669, 27.2815 ], [ -90.1313, 27.2853 ], [ -90.0957, 27.2897 ], [ -90.0602, 27.2946 ], [ -90.0247, 27.3001 ], [ -89.9895, 27.3061 ], [ -89.9543, 27.3126 ], [ -89.9192, 27.3197 ], [ -89.8843, 27.3273 ], [ -89.8495, 27.3354 ], [ -89.8149, 27.344 ], [ -89.7805, 27.3532 ], [ -89.7463, 27.3629 ], [ -89.7122, 27.3732 ], [ -89.6783, 27.3839 ], [ -89.6447, 27.3952 ], [ -89.6112, 27.4069 ], [ -89.578, 27.4192 ], [ -89.5451, 27.432 ], [ -89.5123, 27.4453 ], [ -89.4799, 27.4591 ], [ -89.4477, 27.4734 ], [ -89.4158, 27.4881 ], [ -89.3841, 27.5034 ], [ -89.3528, 27.5191 ], [ -89.3218, 27.5353 ], [ -89.2911, 27.552 ], [ -89.2607, 27.5691 ], [ -89.2306, 27.5867 ], [ -89.2009, 27.6048 ], [ -89.1715, 27.6233 ], [ -89.1425, 27.6423 ], [ -89.1139, 27.6617 ], [ -89.0856, 27.6815 ], [ -89.0577, 27.7017 ], [ -89.0302, 27.7224 ], [ -89.0031, 27.7435 ], [ -88.9765, 27.765 ], [ -88.9502, 27.7869 ], [ -88.9244, 27.8092 ], [ -88.899, 27.8319 ], [ -88.874, 27.855 ], [ -88.8495, 27.8785 ], [ -88.8254, 27.9023 ], [ -88.8018, 27.9265 ], [ -88.7787, 27.951 ], [ -88.7561, 27.9759 ], [ -88.7339, 28.0012 ], [ -88.7122, 28.0267 ], [ -88.6911, 28.0526 ], [ -88.6704, 28.0788 ], [ -88.6502, 28.1054 ], [ -88.6306, 28.1322 ], [ -88.6115, 28.1593 ], [ -88.5929, 28.1867 ], [ -88.5749, 28.2144 ], [ -88.5574, 28.2424 ], [ -88.5404, 28.2706 ], [ -88.524, 28.2991 ], [ -88.5081, 28.3278 ], [ -88.4929, 28.3568 ], [ -88.4781, 28.386 ], [ -88.464, 28.4154 ], [ -88.4504, 28.445 ], [ -88.4374, 28.4748 ], [ -88.4251, 28.5049 ], [ -88.4133, 28.5351 ], [ -88.402, 28.5654 ], [ -88.3914, 28.596 ], [ -88.3814, 28.6267 ], [ -88.372, 28.6575 ], [ -88.3632, 28.6885 ], [ -88.355, 28.7196 ], [ -88.3475, 28.7509 ], [ -88.3405, 28.7822 ], [ -88.3342, 28.8137 ], [ -88.3285, 28.8452 ], [ -88.3234, 28.8769 ], [ -88.319, 28.9085 ], [ -88.3151, 28.9403 ], [ -88.312, 28.9721 ], [ -88.3094, 29.004 ], [ -88.3075, 29.0359 ], [ -88.3062, 29.0678 ], [ -87.9248, 29.0962 ], [ -87.9246, 29.1339 ], [ -87.9252, 29.1716 ], [ -87.9266, 29.2093 ], [ -87.9287, 29.247 ], [ -87.9315, 29.2847 ], [ -87.9352, 29.3223 ], [ -87.9395, 29.3599 ], [ -87.9447, 29.3973 ], [ -87.9505, 29.4347 ], [ -87.9572, 29.472 ], [ -87.9646, 29.5092 ], [ -87.9727, 29.5463 ], [ -87.9816, 29.5832 ], [ -87.9912, 29.62 ], [ -88.0016, 29.6566 ], [ -88.0127, 29.6931 ], [ -88.0245, 29.7294 ], [ -88.0371, 29.7656 ], [ -88.0505, 29.8015 ], [ -88.0645, 29.8372 ], [ -88.0793, 29.8727 ], [ -88.0948, 29.908 ], [ -88.111, 29.943 ], [ -88.1279, 29.9777 ], [ -88.1456, 30.0123 ], [ -88.1639, 30.0465 ], [ -88.183, 30.0804 ], [ -88.2027, 30.1141 ], [ -88.2231, 30.1474 ], [ -88.2443, 30.1805 ], [ -88.2661, 30.2132 ], [ -88.2885, 30.2455 ], [ -88.3116, 30.2775 ], [ -88.3354, 30.3092 ], [ -88.3599, 30.3405 ], [ -88.3849, 30.3714 ], [ -88.4107, 30.4019 ], [ -88.437, 30.4321 ], [ -88.464, 30.4618 ], [ -88.4916, 30.4911 ], [ -88.5198, 30.52 ], [ -88.5485, 30.5484 ], [ -88.5779, 30.5765 ], [ -88.6079, 30.604 ], [ -88.6384, 30.6311 ], [ -88.6695, 30.6577 ], [ -88.7011, 30.6839 ], [ -88.7333, 30.7095 ], [ -88.766, 30.7347 ], [ -88.7993, 30.7594 ], [ -88.833, 30.7835 ], [ -88.8673, 30.8071 ], [ -88.902, 30.8303 ], [ -88.9372, 30.8528 ], [ -88.9729, 30.8749 ], [ -89.0091, 30.8964 ], [ -89.0457, 30.9173 ], [ -89.0827, 30.9377 ], [ -89.1202, 30.9575 ], [ -89.158, 30.9767 ], [ -89.1963, 30.9953 ], [ -89.235, 31.0134 ], [ -89.274, 31.0309 ], [ -89.3134, 31.0477 ], [ -89.3531, 31.064 ], [ -89.3932, 31.0797 ], [ -89.4336, 31.0947 ], [ -89.4744, 31.1091 ], [ -89.5154, 31.1229 ], [ -89.5567, 31.1361 ], [ -89.5983, 31.1487 ], [ -89.6401, 31.1606 ], [ -89.6822, 31.1718 ], [ -89.7246, 31.1824 ], [ -89.7671, 31.1924 ], [ -89.8099, 31.2017 ], [ -89.8528, 31.2104 ], [ -89.8959, 31.2184 ], [ -89.9392, 31.2258 ], [ -89.9826, 31.2325 ], [ -90.0262, 31.2385 ], [ -90.0699, 31.2439 ], [ -90.1137, 31.2486 ], [ -90.1576, 31.2526 ], [ -90.2015, 31.256 ], [ -90.2456, 31.2587 ], [ -90.2897, 31.2607 ], [ -90.3338, 31.262 ], [ -90.3779, 31.2627 ] ] ] } },
{ "type": "Feature", "properties": { "RADII": 50.0, "STORMID": "al092021", "BASIN": "al", "STORMNUM": 9.0, "ADVNUM": "10", "VALIDTIME": "2021082918", "SYNOPTIME": "2021082818", "TIMEZONE": "UTC", "TAU": 24.0, "NE": 60.0, "SE": 50.0, "SW": 30.0, "NW": 40.0 }, "geometry": { "type": "Polygon", "coordinates": [ [ [ -90.3899, 30.0982 ], [ -90.4067, 29.7655 ], [ -90.4201, 29.7653 ], [ -90.4334, 29.7648 ], [ -90.4468, 29.7642 ], [ -90.4602, 29.7634 ], [ -90.4735, 29.7624 ], [ -90.4868, 29.7612 ], [ -90.5001, 29.7597 ], [ -90.5133, 29.7581 ], [ -90.5265, 29.7563 ], [ -90.5397, 29.7543 ], [ -90.5528, 29.752 ], [ -90.5659, 29.7496 ], [ -90.5789, 29.747 ], [ -90.5919, 29.7441 ], [ -90.6048, 29.7411 ], [ -90.6177, 29.7379 ], [ -90.6305, 29.7345 ], [ -90.6432, 29.7309 ], [ -90.6558, 29.7271 ], [ -90.6684, 29.7231 ], [ -90.6808, 29.7189 ], [ -90.6932, 29.7145 ], [ -90.7055, 29.7099 ], [ -90.7177, 29.7052 ], [ -90.7298, 29.7002 ], [ -90.7418, 29.6951 ], [ -90.7537, 29.6898 ], [ -90.7655, 29.6843 ], [ -90.7772, 29.6787 ], [ -90.7887, 29.6728 ], [ -90.8002, 29.6668 ], [ -90.8115, 29.6606 ], [ -90.8227, 29.6543 ], [ -90.8337, 29.6477 ], [ -90.8446, 29.641 ], [ -90.8554, 29.6342 ], [ -90.8661, 29.6272 ], [ -90.8765, 29.62 ], [ -90.8869, 29.6126 ], [ -90.8971, 29.6051 ], [ -90.9071, 29.5975 ], [ -90.917, 29.5896 ], [ -90.9267, 29.5817 ], [ -90.9363, 29.5736 ], [ -90.9457, 29.5653 ], [ -90.9549, 29.5569 ], [ -90.964, 29.5484 ], [ -90.9729, 29.5397 ], [ -90.9816, 29.5309 ], [ -90.9901, 29.522 ], [ -90.9985, 29.5129 ], [ -91.0066, 29.5038 ], [ -91.0146, 29.4944 ], [ -91.0224, 29.485 ], [ -91.03, 29.4755 ], [ -91.0374, 29.4658 ], [ -91.0446, 29.456 ], [ -91.0516, 29.4461 ], [ -91.0584, 29.4361 ], [ -91.065, 29.4261 ], [ -91.0714, 29.4159 ], [ -91.0776, 29.4056 ], [ -91.0836, 29.3952 ], [ -91.0893, 29.3847 ], [ -91.0949, 29.3742 ], [ -91.1003, 29.3635 ], [ -91.1054, 29.3528 ], [ -91.1103, 29.342 ], [ -91.115, 29.3312 ], [ -91.1195, 29.3202 ], [ -91.1237, 29.3092 ], [ -91.1278, 29.2981 ], [ -91.1316, 29.287 ], [ -91.1352, 29.2758 ], [ -91.1385, 29.2646 ], [ -91.1417, 29.2533 ], [ -91.1446, 29.242 ], [ -91.1473, 29.2306 ], [ -91.1497, 29.2192 ], [ -91.152, 29.2077 ], [ -91.154, 29.1963 ], [ -91.1557, 29.1847 ], [ -91.1573, 29.1732 ], [ -91.1586, 29.1616 ], [ -91.1596, 29.1501 ], [ -91.1605, 29.1385 ], [ -91.1611, 29.1269 ], [ -91.1615, 29.1153 ], [ -91.1616, 29.1037 ], [ -90.9712, 29.0944 ], [ -90.9709, 29.0857 ], [ -90.9705, 29.077 ], [ -90.97, 29.0683 ], [ -90.9692, 29.0596 ], [ -90.9683, 29.051 ], [ -90.9672, 29.0423 ], [ -90.966, 29.0337 ], [ -90.9645, 29.025 ], [ -90.9629, 29.0164 ], [ -90.9611, 29.0079 ], [ -90.9592, 28.9993 ], [ -90.9571, 28.9908 ], [ -90.9548, 28.9823 ], [ -90.9523, 28.9739 ], [ -90.9497, 28.9655 ], [ -90.9469, 28.9571 ], [ -90.944, 28.9488 ], [ -90.9409, 28.9405 ], [ -90.9376, 28.9323 ], [ -90.9341, 28.9242 ], [ -90.9305, 28.916 ], [ -90.9268, 28.908 ], [ -90.9228, 28.9 ], [ -90.9187, 28.892 ], [ -90.9145, 28.8841 ], [ -90.9101, 28.8763 ], [ -90.9055, 28.8686 ], [ -90.9008, 28.8609 ], [ -90.896, 28.8533 ], [ -90.891, 28.8458 ], [ -90.8858, 28.8383 ], [ -90.8805, 28.831 ], [ -90.8751, 28.8237 ], [ -90.8695, 28.8165 ], [ -90.8637, 28.8094 ], [ -90.8578, 28.8023 ], [ -90.8518, 28.7954 ], [ -90.8457, 28.7886 ], [ -90.8394, 28.7818 ], [ -90.833, 28.7752 ], [ -90.8264, 28.7686 ], [ -90.8198, 28.7622 ], [ -90.813, 28.7558 ], [ -90.806, 28.7496 ], [ -90.799, 28.7434 ], [ -90.7918, 28.7374 ], [ -90.7845, 28.7315 ], [ -90.7771, 28.7257 ], [ -90.7696, 28.72 ], [ -90.762, 28.7144 ], [ -90.7542, 28.7089 ], [ -90.7464, 28.7036 ], [ -90.7385, 28.6984 ], [ -90.7304, 28.6933 ], [ -90.7223, 28.6883 ], [ -90.714, 28.6834 ], [ -90.7057, 28.6787 ], [ -90.6972, 28.6741 ], [ -90.6887, 28.6696 ], [ -90.6801, 28.6653 ], [ -90.6714, 28.6611 ], [ -90.6626, 28.657 ], [ -90.6538, 28.6531 ], [ -90.6448, 28.6493 ], [ -90.6358, 28.6456 ], [ -90.6268, 28.6421 ], [ -90.6176, 28.6387 ], [ -90.6084, 28.6355 ], [ -90.5991, 28.6324 ], [ -90.5898, 28.6294 ], [ -90.5804, 28.6266 ], [ -90.571, 28.6239 ], [ -90.5615, 28.6214 ], [ -90.5519, 28.619 ], [ -90.5424, 28.6167 ], [ -90.5327, 28.6146 ], [ -90.5231, 28.6127 ], [ -90.5134, 28.6109 ], [ -90.5036, 28.6092 ], [ -90.4938, 28.6077 ], [ -90.484, 28.6063 ], [ -90.4742, 28.6051 ], [ -90.4644, 28.6041 ], [ -90.4545, 28.6032 ], [ -90.4446, 28.6024 ], [ -90.4347, 28.6018 ], [ -90.4248, 28.6014 ], [ -90.4149, 28.6011 ], [ -90.405, 28.6009 ], [ -90.3918, 28.2682 ], [ -90.3753, 28.2684 ], [ -90.3588, 28.2689 ], [ -90.3423, 28.2697 ], [ -90.3259, 28.2707 ], [ -90.3095, 28.272 ], [ -90.2931, 28.2735 ], [ -90.2767, 28.2752 ], [ -90.2604, 28.2772 ], [ -90.2441, 28.2795 ], [ -90.2279, 28.282 ], [ -90.2117, 28.2847 ], [ -90.1955, 28.2877 ], [ -90.1795, 28.291 ], [ -90.1635, 28.2944 ], [ -90.1475, 28.2982 ], [ -90.1317, 28.3021 ], [ -90.1159, 28.3064 ], [ -90.1002, 28.3108 ], [ -90.0846, 28.3155 ], [ -90.0691, 28.3204 ], [ -90.0537, 28.3256 ], [ -90.0384, 28.331 ], [ -90.0232, 28.3366 ], [ -90.0081, 28.3425 ], [ -89.9931, 28.3486 ], [ -89.9782, 28.3549 ], [ -89.9635, 28.3614 ], [ -89.9489, 28.3682 ], [ -89.9345, 28.3752 ], [ -89.9201, 28.3824 ], [ -89.906, 28.3898 ], [ -89.8919, 28.3975 ], [ -89.878, 28.4053 ], [ -89.8643, 28.4134 ], [ -89.8508, 28.4217 ], [ -89.8374, 28.4301 ], [ -89.8241, 28.4388 ], [ -89.8111, 28.4477 ], [ -89.7982, 28.4568 ], [ -89.7855, 28.4661 ], [ -89.7729, 28.4755 ], [ -89.7606, 28.4852 ], [ -89.7485, 28.495 ], [ -89.7365, 28.5051 ], [ -89.7248, 28.5153 ], [ -89.7132, 28.5257 ], [ -89.7019, 28.5362 ], [ -89.6908, 28.5469 ], [ -89.6798, 28.5578 ], [ -89.6691, 28.5689 ], [ -89.6587, 28.5801 ], [ -89.6484, 28.5915 ], [ -89.6384, 28.6031 ], [ -89.6286, 28.6147 ], [ -89.619, 28.6266 ], [ -89.6096, 28.6386 ], [ -89.6005, 28.6507 ], [ -89.5917, 28.6629 ], [ -89.5831, 28.6753 ], [ -89.5747, 28.6879 ], [ -89.5666, 28.7005 ], [ -89.5587, 28.7133 ], [ -89.5511, 28.7262 ], [ -89.5437, 28.7392 ], [ -89.5366, 28.7523 ], [ -89.5298, 28.7655 ], [ -89.5232, 28.7788 ], [ -89.5169, 28.7922 ], [ -89.5108, 28.8058 ], [ -89.505, 28.8194 ], [ -89.4995, 28.833 ], [ -89.4943, 28.8468 ], [ -89.4893, 28.8607 ], [ -89.4846, 28.8746 ], [ -89.4802, 28.8886 ], [ -89.4761, 28.9026 ], [ -89.4722, 28.9168 ], [ -89.4686, 28.9309 ], [ -89.4653, 28.9452 ], [ -89.4623, 28.9594 ], [ -89.4596, 28.9738 ], [ -89.4571, 28.9881 ], [ -89.455, 29.0025 ], [ -89.4531, 29.017 ], [ -89.4515, 29.0314 ], [ -89.4502, 29.0459 ], [ -89.4492, 29.0604 ], [ -89.4485, 29.0749 ], [ -89.4481, 29.0894 ], [ -89.2576, 29.1039 ], [ -89.2577, 29.1213 ], [ -89.2582, 29.1387 ], [ -89.2591, 29.1561 ], [ -89.2603, 29.1735 ], [ -89.2618, 29.1909 ], [ -89.2637, 29.2082 ], [ -89.266, 29.2255 ], [ -89.2685, 29.2428 ], [ -89.2715, 29.26 ], [ -89.2748, 29.2772 ], [ -89.2784, 29.2943 ], [ -89.2823, 29.3114 ], [ -89.2867, 29.3284 ], [ -89.2913, 29.3454 ], [ -89.2963, 29.3622 ], [ -89.3016, 29.379 ], [ -89.3073, 29.3957 ], [ -89.3133, 29.4124 ], [ -89.3196, 29.4289 ], [ -89.3263, 29.4453 ], [ -89.3333, 29.4616 ], [ -89.3406, 29.4778 ], [ -89.3483, 29.4939 ], [ -89.3563, 29.5099 ], [ -89.3646, 29.5258 ], [ -89.3732, 29.5415 ], [ -89.3821, 29.5571 ], [ -89.3914, 29.5725 ], [ -89.4009, 29.5878 ], [ -89.4108, 29.603 ], [ -89.421, 29.618 ], [ -89.4314, 29.6329 ], [ -89.4422, 29.6476 ], [ -89.4533, 29.6621 ], [ -89.4647, 29.6764 ], [ -89.4763, 29.6906 ], [ -89.4883, 29.7046 ], [ -89.5005, 29.7184 ], [ -89.513, 29.732 ], [ -89.5258, 29.7455 ], [ -89.5388, 29.7587 ], [ -89.5521, 29.7717 ], [ -89.5657, 29.7845 ], [ -89.5796, 29.7972 ], [ -89.5937, 29.8096 ], [ -89.608, 29.8218 ], [ -89.6226, 29.8337 ], [ -89.6374, 29.8455 ], [ -89.6525, 29.857 ], [ -89.6678, 29.8683 ], [ -89.6834, 29.8793 ], [ -89.6991, 29.8901 ], [ -89.7151, 29.9007 ], [ -89.7313, 29.911 ], [ -89.7477, 29.9211 ], [ -89.7643, 29.9309 ], [ -89.7811, 29.9405 ], [ -89.7981, 29.9498 ], [ -89.8153, 29.9588 ], [ -89.8326, 29.9676 ], [ -89.8502, 29.9761 ], [ -89.8679, 29.9844 ], [ -89.8858, 29.9924 ], [ -89.9038, 30.0001 ], [ -89.922, 30.0075 ], [ -89.9403, 30.0146 ], [ -89.9588, 30.0215 ], [ -89.9775, 30.0281 ], [ -89.9962, 30.0344 ], [ -90.0151, 30.0404 ], [ -90.0341, 30.0461 ], [ -90.0532, 30.0516 ], [ -90.0725, 30.0567 ], [ -90.0918, 30.0616 ], [ -90.1112, 30.0661 ], [ -90.1308, 30.0704 ], [ -90.1504, 30.0743 ], [ -90.17, 30.078 ], [ -90.1898, 30.0813 ], [ -90.2096, 30.0844 ], [ -90.2295, 30.0871 ], [ -90.2494, 30.0896 ], [ -90.2694, 30.0917 ], [ -90.2894, 30.0936 ], [ -90.3095, 30.0951 ], [ -90.3296, 30.0963 ], [ -90.3497, 30.0973 ], [ -90.3698, 30.0979 ], [ -90.3899, 30.0982 ] ] ] } },
{ "type": "Feature", "properties": { "RADII": 64.0, "STORMID": "al092021", "BASIN": "al", "STORMNUM": 9.0, "ADVNUM": "10", "VALIDTIME": "2021082918", "SYNOPTIME": "2021082818", "TIMEZONE": "UTC", "TAU": 24.0, "NE": 30.0, "SE": 30.0, "SW": 20.0, "NW": 25.0 }, "geometry": { "type": "Polygon", "coordinates": [ [ [ -90.395, 29.5991 ], [ -90.4042, 29.5159 ], [ -90.4125, 29.5158 ], [ -90.4209, 29.5155 ], [ -90.4292, 29.5151 ], [ -90.4375, 29.5146 ], [ -90.4458, 29.514 ], [ -90.4541, 29.5132 ], [ -90.4624, 29.5124 ], [ -90.4706, 29.5113 ], [ -90.4789, 29.5102 ], [ -90.4871, 29.5089 ], [ -90.4953, 29.5075 ], [ -90.5034, 29.506 ], [ -90.5116, 29.5044 ], [ -90.5197, 29.5026 ], [ -90.5277, 29.5007 ], [ -90.5357, 29.4987 ], [ -90.5437, 29.4966 ], [ -90.5516, 29.4943 ], [ -90.5595, 29.492 ], [ -90.5673, 29.4895 ], [ -90.5751, 29.4869 ], [ -90.5828, 29.4841 ], [ -90.5905, 29.4813 ], [ -90.5981, 29.4783 ], [ -90.6057, 29.4753 ], [ -90.6132, 29.4721 ], [ -90.6206, 29.4688 ], [ -90.6279, 29.4653 ], [ -90.6352, 29.4618 ], [ -90.6424, 29.4582 ], [ -90.6496, 29.4544 ], [ -90.6566, 29.4505 ], [ -90.6636, 29.4466 ], [ -90.6705, 29.4425 ], [ -90.6773, 29.4383 ], [ -90.6841, 29.434 ], [ -90.6907, 29.4297 ], [ -90.6973, 29.4252 ], [ -90.7037, 29.4206 ], [ -90.7101, 29.4159 ], [ -90.7164, 29.4111 ], [ -90.7225, 29.4063 ], [ -90.7286, 29.4013 ], [ -90.7346, 29.3962 ], [ -90.7405, 29.3911 ], [ -90.7463, 29.3859 ], [ -90.7519, 29.3805 ], [ -90.7575, 29.3751 ], [ -90.7629, 29.3696 ], [ -90.7683, 29.3641 ], [ -90.7735, 29.3584 ], [ -90.7786, 29.3527 ], [ -90.7836, 29.3469 ], [ -90.7884, 29.341 ], [ -90.7932, 29.335 ], [ -90.7978, 29.329 ], [ -90.8023, 29.3229 ], [ -90.8067, 29.3167 ], [ -90.811, 29.3105 ], [ -90.8151, 29.3042 ], [ -90.8191, 29.2978 ], [ -90.823, 29.2914 ], [ -90.8268, 29.2849 ], [ -90.8304, 29.2784 ], [ -90.8339, 29.2718 ], [ -90.8372, 29.2651 ], [ -90.8405, 29.2584 ], [ -90.8436, 29.2517 ], [ -90.8465, 29.2449 ], [ -90.8493, 29.2381 ], [ -90.852, 29.2312 ], [ -90.8545, 29.2243 ], [ -90.8569, 29.2174 ], [ -90.8592, 29.2104 ], [ -90.8613, 29.2034 ], [ -90.8633, 29.1963 ], [ -90.8651, 29.1892 ], [ -90.8668, 29.1821 ], [ -90.8684, 29.175 ], [ -90.8698, 29.1678 ], [ -90.8711, 29.1607 ], [ -90.8722, 29.1535 ], [ -90.8732, 29.1463 ], [ -90.874, 29.139 ], [ -90.8747, 29.1318 ], [ -90.8752, 29.1246 ], [ -90.8756, 29.1173 ], [ -90.8759, 29.1101 ], [ -90.876, 29.1028 ], [ -90.7808, 29.0966 ], [ -90.7806, 29.0908 ], [ -90.7804, 29.085 ], [ -90.78, 29.0792 ], [ -90.7795, 29.0734 ], [ -90.7789, 29.0676 ], [ -90.7782, 29.0618 ], [ -90.7774, 29.056 ], [ -90.7764, 29.0503 ], [ -90.7754, 29.0446 ], [ -90.7742, 29.0388 ], [ -90.7729, 29.0331 ], [ -90.7715, 29.0275 ], [ -90.77, 29.0218 ], [ -90.7684, 29.0162 ], [ -90.7666, 29.0106 ], [ -90.7648, 29.005 ], [ -90.7628, 28.9995 ], [ -90.7608, 28.9939 ], [ -90.7586, 28.9885 ], [ -90.7563, 28.983 ], [ -90.7539, 28.9776 ], [ -90.7514, 28.9722 ], [ -90.7488, 28.9669 ], [ -90.7461, 28.9616 ], [ -90.7432, 28.9563 ], [ -90.7403, 28.9511 ], [ -90.7373, 28.9459 ], [ -90.7341, 28.9408 ], [ -90.7309, 28.9357 ], [ -90.7276, 28.9307 ], [ -90.7241, 28.9258 ], [ -90.7206, 28.9208 ], [ -90.717, 28.916 ], [ -90.7133, 28.9112 ], [ -90.7094, 28.9064 ], [ -90.7055, 28.9017 ], [ -90.7015, 28.8971 ], [ -90.6974, 28.8925 ], [ -90.6932, 28.888 ], [ -90.689, 28.8836 ], [ -90.6846, 28.8792 ], [ -90.6802, 28.8749 ], [ -90.6756, 28.8707 ], [ -90.671, 28.8665 ], [ -90.6663, 28.8624 ], [ -90.6615, 28.8584 ], [ -90.6567, 28.8544 ], [ -90.6517, 28.8506 ], [ -90.6467, 28.8468 ], [ -90.6416, 28.843 ], [ -90.6365, 28.8394 ], [ -90.6312, 28.8358 ], [ -90.6259, 28.8323 ], [ -90.6206, 28.8289 ], [ -90.6151, 28.8256 ], [ -90.6096, 28.8224 ], [ -90.6041, 28.8192 ], [ -90.5984, 28.8162 ], [ -90.5927, 28.8132 ], [ -90.587, 28.8103 ], [ -90.5812, 28.8075 ], [ -90.5753, 28.8047 ], [ -90.5694, 28.8021 ], [ -90.5635, 28.7996 ], [ -90.5575, 28.7971 ], [ -90.5514, 28.7948 ], [ -90.5453, 28.7925 ], [ -90.5391, 28.7903 ], [ -90.533, 28.7883 ], [ -90.5267, 28.7863 ], [ -90.5205, 28.7844 ], [ -90.5142, 28.7826 ], [ -90.5078, 28.7809 ], [ -90.5014, 28.7793 ], [ -90.4951, 28.7778 ], [ -90.4886, 28.7764 ], [ -90.4822, 28.7751 ], [ -90.4757, 28.7739 ], [ -90.4692, 28.7728 ], [ -90.4627, 28.7718 ], [ -90.4561, 28.7709 ], [ -90.4495, 28.7701 ], [ -90.443, 28.7694 ], [ -90.4364, 28.7688 ], [ -90.4298, 28.7683 ], [ -90.4232, 28.7679 ], [ -90.4166, 28.7676 ], [ -90.4099, 28.7674 ], [ -90.4033, 28.7673 ], [ -90.395, 28.6009 ], [ -90.3851, 28.6011 ], [ -90.3752, 28.6014 ], [ -90.3653, 28.6018 ], [ -90.3554, 28.6024 ], [ -90.3455, 28.6032 ], [ -90.3356, 28.6041 ], [ -90.3258, 28.6051 ], [ -90.316, 28.6064 ], [ -90.3062, 28.6077 ], [ -90.2964, 28.6092 ], [ -90.2867, 28.6109 ], [ -90.277, 28.6127 ], [ -90.2673, 28.6146 ], [ -90.2577, 28.6167 ], [ -90.2481, 28.619 ], [ -90.2385, 28.6214 ], [ -90.229, 28.6239 ], [ -90.2196, 28.6266 ], [ -90.2102, 28.6294 ], [ -90.2009, 28.6324 ], [ -90.1916, 28.6355 ], [ -90.1824, 28.6387 ], [ -90.1732, 28.6421 ], [ -90.1642, 28.6456 ], [ -90.1552, 28.6493 ], [ -90.1462, 28.6531 ], [ -90.1374, 28.657 ], [ -90.1286, 28.6611 ], [ -90.1199, 28.6653 ], [ -90.1113, 28.6696 ], [ -90.1028, 28.6741 ], [ -90.0943, 28.6787 ], [ -90.086, 28.6834 ], [ -90.0778, 28.6883 ], [ -90.0696, 28.6933 ], [ -90.0615, 28.6984 ], [ -90.0536, 28.7036 ], [ -90.0458, 28.7089 ], [ -90.038, 28.7144 ], [ -90.0304, 28.72 ], [ -90.0229, 28.7257 ], [ -90.0155, 28.7315 ], [ -90.0082, 28.7374 ], [ -90.001, 28.7434 ], [ -89.994, 28.7496 ], [ -89.987, 28.7558 ], [ -89.9802, 28.7622 ], [ -89.9736, 28.7686 ], [ -89.967, 28.7752 ], [ -89.9606, 28.7818 ], [ -89.9543, 28.7886 ], [ -89.9482, 28.7954 ], [ -89.9421, 28.8023 ], [ -89.9363, 28.8094 ], [ -89.9305, 28.8165 ], [ -89.9249, 28.8237 ], [ -89.9195, 28.831 ], [ -89.9142, 28.8383 ], [ -89.909, 28.8458 ], [ -89.904, 28.8533 ], [ -89.8992, 28.8609 ], [ -89.8945, 28.8686 ], [ -89.8899, 28.8763 ], [ -89.8855, 28.8841 ], [ -89.8813, 28.892 ], [ -89.8772, 28.9 ], [ -89.8733, 28.908 ], [ -89.8695, 28.916 ], [ -89.8659, 28.9242 ], [ -89.8624, 28.9323 ], [ -89.8591, 28.9405 ], [ -89.856, 28.9488 ], [ -89.8531, 28.9571 ], [ -89.8503, 28.9655 ], [ -89.8477, 28.9739 ], [ -89.8452, 28.9823 ], [ -89.8429, 28.9908 ], [ -89.8408, 28.9993 ], [ -89.8389, 29.0079 ], [ -89.8371, 29.0164 ], [ -89.8355, 29.025 ], [ -89.834, 29.0337 ], [ -89.8328, 29.0423 ], [ -89.8317, 29.051 ], [ -89.8308, 29.0596 ], [ -89.83, 29.0683 ], [ -89.8295, 29.077 ], [ -89.8291, 29.0857 ], [ -89.8288, 29.0944 ], [ -89.8288, 29.1031 ], [ -89.8289, 29.1119 ], [ -89.8292, 29.1206 ], [ -89.8297, 29.1293 ], [ -89.8303, 29.138 ], [ -89.8312, 29.1466 ], [ -89.8322, 29.1553 ], [ -89.8333, 29.164 ], [ -89.8347, 29.1726 ], [ -89.8362, 29.1812 ], [ -89.8379, 29.1898 ], [ -89.8397, 29.1983 ], [ -89.8418, 29.2069 ], [ -89.8439, 29.2154 ], [ -89.8463, 29.2238 ], [ -89.8489, 29.2323 ], [ -89.8516, 29.2406 ], [ -89.8544, 29.249 ], [ -89.8575, 29.2573 ], [ -89.8607, 29.2655 ], [ -89.8641, 29.2737 ], [ -89.8676, 29.2819 ], [ -89.8713, 29.29 ], [ -89.8752, 29.298 ], [ -89.8792, 29.306 ], [ -89.8834, 29.3139 ], [ -89.8877, 29.3217 ], [ -89.8922, 29.3295 ], [ -89.8969, 29.3372 ], [ -89.9017, 29.3449 ], [ -89.9066, 29.3524 ], [ -89.9117, 29.3599 ], [ -89.917, 29.3673 ], [ -89.9224, 29.3746 ], [ -89.928, 29.3819 ], [ -89.9337, 29.389 ], [ -89.9395, 29.3961 ], [ -89.9455, 29.4031 ], [ -89.9516, 29.41 ], [ -89.9579, 29.4167 ], [ -89.9643, 29.4234 ], [ -89.9708, 29.43 ], [ -89.9775, 29.4365 ], [ -89.9843, 29.4429 ], [ -89.9912, 29.4492 ], [ -89.9982, 29.4554 ], [ -90.0054, 29.4615 ], [ -90.0127, 29.4674 ], [ -90.0201, 29.4733 ], [ -90.0277, 29.479 ], [ -90.0353, 29.4846 ], [ -90.0431, 29.4901 ], [ -90.0509, 29.4955 ], [ -90.0589, 29.5008 ], [ -90.067, 29.5059 ], [ -90.0752, 29.5109 ], [ -90.0834, 29.5158 ], [ -90.0918, 29.5206 ], [ -90.1003, 29.5252 ], [ -90.1089, 29.5297 ], [ -90.1175, 29.5341 ], [ -90.1263, 29.5383 ], [ -90.1351, 29.5425 ], [ -90.144, 29.5464 ], [ -90.153, 29.5503 ], [ -90.1621, 29.554 ], [ -90.1712, 29.5575 ], [ -90.1804, 29.5609 ], [ -90.1897, 29.5642 ], [ -90.199, 29.5674 ], [ -90.2085, 29.5703 ], [ -90.2179, 29.5732 ], [ -90.2274, 29.5759 ], [ -90.237, 29.5785 ], [ -90.2466, 29.5809 ], [ -90.2563, 29.5831 ], [ -90.266, 29.5853 ], [ -90.2758, 29.5872 ], [ -90.2856, 29.589 ], [ -90.2954, 29.5907 ], [ -90.3053, 29.5922 ], [ -90.3152, 29.5936 ], [ -90.3251, 29.5948 ], [ -90.335, 29.5959 ], [ -90.345, 29.5968 ], [ -90.355, 29.5976 ], [ -90.365, 29.5982 ], [ -90.375, 29.5986 ], [ -90.385, 29.5989 ], [ -90.395, 29.5991 ] ] ] } },
{ "type": "Feature", "properties": { "RADII": 34.0, "STORMID": "al092021", "BASIN": "al", "STORMNUM": 9.0, "ADVNUM": "10", "VALIDTIME": "2021083006", "SYNOPTIME": "2021082818", "TIMEZONE": "UTC", "TAU": 36.0, "NE": 80.0, "SE": 110.0, "SW": 70.0, "NW": 70.0 }, "geometry": { "type": "Polygon", "coordinates": [ [ [ -91.2863, 31.8309 ], [ -91.312, 31.6645 ], [ -91.3358, 31.6642 ], [ -91.3597, 31.6635 ], [ -91.3835, 31.6624 ], [ -91.4074, 31.661 ], [ -91.4311, 31.6592 ], [ -91.4549, 31.657 ], [ -91.4786, 31.6545 ], [ -91.5022, 31.6516 ], [ -91.5258, 31.6484 ], [ -91.5493, 31.6448 ], [ -91.5727, 31.6409 ], [ -91.5961, 31.6366 ], [ -91.6193, 31.632 ], [ -91.6424, 31.627 ], [ -91.6655, 31.6217 ], [ -91.6884, 31.616 ], [ -91.7112, 31.61 ], [ -91.7339, 31.6037 ], [ -91.7564, 31.597 ], [ -91.7788, 31.59 ], [ -91.801, 31.5826 ], [ -91.8231, 31.5749 ], [ -91.845, 31.5669 ], [ -91.8667, 31.5585 ], [ -91.8883, 31.5498 ], [ -91.9097, 31.5408 ], [ -91.9309, 31.5315 ], [ -91.9519, 31.5218 ], [ -91.9726, 31.5119 ], [ -91.9932, 31.5016 ], [ -92.0136, 31.491 ], [ -92.0337, 31.4801 ], [ -92.0536, 31.469 ], [ -92.0733, 31.4575 ], [ -92.0927, 31.4457 ], [ -92.1118, 31.4336 ], [ -92.1308, 31.4213 ], [ -92.1494, 31.4087 ], [ -92.1678, 31.3957 ], [ -92.1859, 31.3826 ], [ -92.2038, 31.3691 ], [ -92.2213, 31.3554 ], [ -92.2386, 31.3414 ], [ -92.2556, 31.3272 ], [ -92.2722, 31.3127 ], [ -92.2886, 31.2979 ], [ -92.3047, 31.2829 ], [ -92.3204, 31.2677 ], [ -92.3359, 31.2522 ], [ -92.351, 31.2365 ], [ -92.3658, 31.2206 ], [ -92.3802, 31.2045 ], [ -92.3943, 31.1882 ], [ -92.4081, 31.1716 ], [ -92.4215, 31.1548 ], [ -92.4346, 31.1379 ], [ -92.4473, 31.1207 ], [ -92.4597, 31.1034 ], [ -92.4717, 31.0858 ], [ -92.4834, 31.0681 ], [ -92.4946, 31.0502 ], [ -92.5055, 31.0322 ], [ -92.5161, 31.014 ], [ -92.5263, 30.9956 ], [ -92.536, 30.9771 ], [ -92.5454, 30.9585 ], [ -92.5545, 30.9397 ], [ -92.5631, 30.9207 ], [ -92.5713, 30.9017 ], [ -92.5792, 30.8825 ], [ -92.5866, 30.8632 ], [ -92.5937, 30.8438 ], [ -92.6003, 30.8243 ], [ -92.6066, 30.8047 ], [ -92.6124, 30.785 ], [ -92.6179, 30.7652 ], [ -92.623, 30.7454 ], [ -92.6276, 30.7255 ], [ -92.6318, 30.7055 ], [ -92.6357, 30.6854 ], [ -92.6391, 30.6653 ], [ -92.6421, 30.6451 ], [ -92.6447, 30.6249 ], [ -92.6469, 30.6047 ], [ -92.6487, 30.5844 ], [ -92.65, 30.5641 ], [ -92.651, 30.5438 ], [ -92.6515, 30.5235 ], [ -92.6516, 30.5032 ], [ -92.6514, 30.4829 ], [ -92.6507, 30.4625 ], [ -92.6496, 30.4422 ], [ -92.648, 30.422 ], [ -92.6461, 30.4017 ], [ -92.6438, 30.3815 ], [ -92.641, 30.3613 ], [ -92.6379, 30.3412 ], [ -92.6343, 30.3211 ], [ -92.6304, 30.301 ], [ -92.626, 30.2811 ], [ -92.6213, 30.2612 ], [ -92.6161, 30.2413 ], [ -92.6106, 30.2216 ], [ -92.6046, 30.2019 ], [ -92.5983, 30.1823 ], [ -92.5915, 30.1629 ], [ -92.5844, 30.1435 ], [ -92.5769, 30.1242 ], [ -92.569, 30.1051 ], [ -92.5607, 30.0861 ], [ -92.552, 30.0672 ], [ -92.543, 30.0484 ], [ -92.5336, 30.0298 ], [ -92.5238, 30.0113 ], [ -92.5137, 29.993 ], [ -92.5032, 29.9748 ], [ -92.4923, 29.9568 ], [ -92.4811, 29.939 ], [ -92.4695, 29.9213 ], [ -92.4576, 29.9038 ], [ -92.4453, 29.8865 ], [ -92.4327, 29.8694 ], [ -92.4197, 29.8524 ], [ -92.4064, 29.8357 ], [ -92.3928, 29.8192 ], [ -92.3788, 29.8028 ], [ -92.3646, 29.7867 ], [ -92.35, 29.7708 ], [ -92.3351, 29.7551 ], [ -92.3199, 29.7397 ], [ -92.3044, 29.7245 ], [ -92.2886, 29.7095 ], [ -92.2724, 29.6947 ], [ -92.2561, 29.6802 ], [ -92.2394, 29.666 ], [ -92.2224, 29.652 ], [ -92.2052, 29.6383 ], [ -92.1877, 29.6248 ], [ -92.1699, 29.6116 ], [ -92.1519, 29.5986 ], [ -92.1336, 29.5859 ], [ -92.1151, 29.5735 ], [ -92.0964, 29.5614 ], [ -92.0774, 29.5496 ], [ -92.0581, 29.538 ], [ -92.0387, 29.5268 ], [ -92.019, 29.5158 ], [ -91.9991, 29.5052 ], [ -91.979, 29.4948 ], [ -91.9588, 29.4847 ], [ -91.9383, 29.475 ], [ -91.9176, 29.4655 ], [ -91.8968, 29.4564 ], [ -91.8757, 29.4476 ], [ -91.8545, 29.4391 ], [ -91.8332, 29.4309 ], [ -91.8116, 29.4231 ], [ -91.79, 29.4155 ], [ -91.7681, 29.4083 ], [ -91.7462, 29.4015 ], [ -91.7241, 29.3949 ], [ -91.7019, 29.3887 ], [ -91.6796, 29.3828 ], [ -91.6571, 29.3773 ], [ -91.6346, 29.3721 ], [ -91.6119, 29.3672 ], [ -91.5892, 29.3627 ], [ -91.5664, 29.3585 ], [ -91.5435, 29.3547 ], [ -91.5205, 29.3512 ], [ -91.4975, 29.3481 ], [ -91.4744, 29.3453 ], [ -91.4512, 29.3428 ], [ -91.428, 29.3407 ], [ -91.4048, 29.339 ], [ -91.3816, 29.3376 ], [ -91.3583, 29.3365 ], [ -91.335, 29.3358 ], [ -91.3117, 29.3355 ], [ -91.2818, 28.67 ], [ -91.2454, 28.6706 ], [ -91.209, 28.6717 ], [ -91.1727, 28.6733 ], [ -91.1364, 28.6755 ], [ -91.1001, 28.6782 ], [ -91.0639, 28.6815 ], [ -91.0278, 28.6853 ], [ -90.9917, 28.6897 ], [ -90.9557, 28.6946 ], [ -90.9199, 28.7 ], [ -90.8841, 28.706 ], [ -90.8484, 28.7125 ], [ -90.8129, 28.7196 ], [ -90.7776, 28.7272 ], [ -90.7423, 28.7353 ], [ -90.7073, 28.744 ], [ -90.6724, 28.7531 ], [ -90.6377, 28.7628 ], [ -90.6032, 28.7731 ], [ -90.5689, 28.7838 ], [ -90.5348, 28.795 ], [ -90.5009, 28.8068 ], [ -90.4672, 28.8191 ], [ -90.4338, 28.8319 ], [ -90.4007, 28.8451 ], [ -90.3678, 28.8589 ], [ -90.3351, 28.8732 ], [ -90.3028, 28.8879 ], [ -90.2707, 28.9032 ], [ -90.239, 28.9189 ], [ -90.2075, 28.9351 ], [ -90.1764, 28.9517 ], [ -90.1456, 28.9689 ], [ -90.1151, 28.9864 ], [ -90.085, 29.0045 ], [ -90.0552, 29.023 ], [ -90.0258, 29.0419 ], [ -89.9968, 29.0613 ], [ -89.9681, 29.0811 ], [ -89.9399, 29.1014 ], [ -89.912, 29.122 ], [ -89.8845, 29.1431 ], [ -89.8575, 29.1646 ], [ -89.8308, 29.1865 ], [ -89.8046, 29.2088 ], [ -89.7789, 29.2314 ], [ -89.7536, 29.2545 ], [ -89.7287, 29.2779 ], [ -89.7043, 29.3018 ], [ -89.6804, 29.3259 ], [ -89.6569, 29.3505 ], [ -89.6339, 29.3753 ], [ -89.6115, 29.4006 ], [ -89.5895, 29.4261 ], [ -89.568, 29.452 ], [ -89.547, 29.4782 ], [ -89.5266, 29.5047 ], [ -89.5066, 29.5315 ], [ -89.4873, 29.5586 ], [ -89.4684, 29.586 ], [ -89.4501, 29.6137 ], [ -89.4323, 29.6417 ], [ -89.4151, 29.6699 ], [ -89.3984, 29.6983 ], [ -89.3823, 29.7271 ], [ -89.3668, 29.756 ], [ -89.3519, 29.7852 ], [ -89.3375, 29.8146 ], [ -89.3237, 29.8442 ], [ -89.3105, 29.874 ], [ -89.2979, 29.904 ], [ -89.2859, 29.9342 ], [ -89.2745, 29.9646 ], [ -89.2637, 29.9951 ], [ -89.2535, 30.0258 ], [ -89.2439, 30.0567 ], [ -89.235, 30.0876 ], [ -89.2267, 30.1187 ], [ -89.219, 30.15 ], [ -89.2119, 30.1813 ], [ -89.2054, 30.2128 ], [ -89.1996, 30.2443 ], [ -89.1944, 30.2759 ], [ -89.1899, 30.3076 ], [ -89.186, 30.3394 ], [ -89.1827, 30.3712 ], [ -89.1801, 30.403 ], [ -89.1781, 30.4349 ], [ -89.1767, 30.4668 ], [ -89.7553, 30.5025 ], [ -89.7554, 30.5257 ], [ -89.756, 30.549 ], [ -89.757, 30.5722 ], [ -89.7585, 30.5954 ], [ -89.7605, 30.6185 ], [ -89.763, 30.6417 ], [ -89.7659, 30.6647 ], [ -89.7693, 30.6878 ], [ -89.7731, 30.7108 ], [ -89.7775, 30.7337 ], [ -89.7823, 30.7566 ], [ -89.7875, 30.7793 ], [ -89.7933, 30.802 ], [ -89.7994, 30.8247 ], [ -89.8061, 30.8472 ], [ -89.8132, 30.8696 ], [ -89.8208, 30.8919 ], [ -89.8288, 30.9141 ], [ -89.8373, 30.9361 ], [ -89.8462, 30.958 ], [ -89.8556, 30.9798 ], [ -89.8654, 31.0015 ], [ -89.8757, 31.023 ], [ -89.8864, 31.0443 ], [ -89.8976, 31.0655 ], [ -89.9091, 31.0865 ], [ -89.9212, 31.1073 ], [ -89.9336, 31.128 ], [ -89.9465, 31.1484 ], [ -89.9597, 31.1687 ], [ -89.9734, 31.1887 ], [ -89.9876, 31.2086 ], [ -90.0021, 31.2282 ], [ -90.017, 31.2476 ], [ -90.0324, 31.2668 ], [ -90.0481, 31.2857 ], [ -90.0642, 31.3044 ], [ -90.0807, 31.3229 ], [ -90.0976, 31.3411 ], [ -90.1148, 31.359 ], [ -90.1325, 31.3767 ], [ -90.1505, 31.3941 ], [ -90.1688, 31.4113 ], [ -90.1875, 31.4282 ], [ -90.2066, 31.4447 ], [ -90.226, 31.461 ], [ -90.2457, 31.477 ], [ -90.2658, 31.4927 ], [ -90.2862, 31.5081 ], [ -90.3069, 31.5232 ], [ -90.3279, 31.538 ], [ -90.3493, 31.5525 ], [ -90.3709, 31.5666 ], [ -90.3928, 31.5804 ], [ -90.415, 31.5939 ], [ -90.4375, 31.607 ], [ -90.4603, 31.6198 ], [ -90.4833, 31.6323 ], [ -90.5066, 31.6444 ], [ -90.5301, 31.6561 ], [ -90.5539, 31.6675 ], [ -90.5779, 31.6786 ], [ -90.6021, 31.6893 ], [ -90.6266, 31.6996 ], [ -90.6513, 31.7095 ], [ -90.6761, 31.7191 ], [ -90.7012, 31.7283 ], [ -90.7265, 31.7371 ], [ -90.7519, 31.7455 ], [ -90.7776, 31.7536 ], [ -90.8033, 31.7612 ], [ -90.8293, 31.7685 ], [ -90.8554, 31.7754 ], [ -90.8816, 31.7819 ], [ -90.908, 31.788 ], [ -90.9345, 31.7937 ], [ -90.9611, 31.799 ], [ -90.9878, 31.8039 ], [ -91.0146, 31.8084 ], [ -91.0415, 31.8124 ], [ -91.0685, 31.8161 ], [ -91.0956, 31.8194 ], [ -91.1227, 31.8223 ], [ -91.1499, 31.8247 ], [ -91.1771, 31.8268 ], [ -91.2044, 31.8284 ], [ -91.2317, 31.8297 ], [ -91.259, 31.8305 ], [ -91.2863, 31.8309 ] ] ] } },
{ "type": "Feature", "properties": { "RADII": 50.0, "STORMID": "al092021", "BASIN": "al", "STORMNUM": 9.0, "ADVNUM": "10", "VALIDTIME": "2021083006", "SYNOPTIME": "2021082818", "TIMEZONE": "UTC", "TAU": 36.0, "NE": 40.0, "SE": 50.0, "SW": 20.0, "NW": 30.0 }, "geometry": { "type": "Polygon", "coordinates": [ [ [ -91.2932, 31.1655 ], [ -91.3051, 30.9991 ], [ -91.3152, 30.9989 ], [ -91.3254, 30.9986 ], [ -91.3356, 30.9982 ], [ -91.3457, 30.9976 ], [ -91.3558, 30.9968 ], [ -91.3659, 30.9959 ], [ -91.376, 30.9948 ], [ -91.3861, 30.9936 ], [ -91.3961, 30.9922 ], [ -91.4061, 30.9907 ], [ -91.4161, 30.989 ], [ -91.426, 30.9872 ], [ -91.4359, 30.9852 ], [ -91.4458, 30.9831 ], [ -91.4556, 30.9809 ], [ -91.4653, 30.9785 ], [ -91.4751, 30.9759 ], [ -91.4847, 30.9732 ], [ -91.4943, 30.9703 ], [ -91.5039, 30.9673 ], [ -91.5133, 30.9642 ], [ -91.5227, 30.9609 ], [ -91.5321, 30.9575 ], [ -91.5414, 30.9539 ], [ -91.5506, 30.9502 ], [ -91.5597, 30.9464 ], [ -91.5687, 30.9424 ], [ -91.5777, 30.9383 ], [ -91.5865, 30.9341 ], [ -91.5953, 30.9297 ], [ -91.604, 30.9252 ], [ -91.6126, 30.9206 ], [ -91.6211, 30.9158 ], [ -91.6295, 30.9109 ], [ -91.6378, 30.9059 ], [ -91.646, 30.9008 ], [ -91.6541, 30.8955 ], [ -91.6621, 30.8901 ], [ -91.6699, 30.8846 ], [ -91.6777, 30.879 ], [ -91.6853, 30.8732 ], [ -91.6928, 30.8674 ], [ -91.7002, 30.8614 ], [ -91.7075, 30.8554 ], [ -91.7147, 30.8492 ], [ -91.7217, 30.8429 ], [ -91.7286, 30.8365 ], [ -91.7353, 30.83 ], [ -91.742, 30.8234 ], [ -91.7484, 30.8167 ], [ -91.7548, 30.8099 ], [ -91.761, 30.803 ], [ -91.7671, 30.7961 ], [ -91.773, 30.789 ], [ -91.7788, 30.7818 ], [ -91.7844, 30.7746 ], [ -91.7899, 30.7673 ], [ -91.7952, 30.7598 ], [ -91.8004, 30.7524 ], [ -91.8054, 30.7448 ], [ -91.8103, 30.7372 ], [ -91.815, 30.7294 ], [ -91.8196, 30.7217 ], [ -91.824, 30.7138 ], [ -91.8282, 30.7059 ], [ -91.8323, 30.6979 ], [ -91.8362, 30.6899 ], [ -91.84, 30.6818 ], [ -91.8436, 30.6737 ], [ -91.847, 30.6655 ], [ -91.8502, 30.6572 ], [ -91.8533, 30.6489 ], [ -91.8562, 30.6406 ], [ -91.859, 30.6322 ], [ -91.8615, 30.6238 ], [ -91.8639, 30.6153 ], [ -91.8662, 30.6068 ], [ -91.8682, 30.5983 ], [ -91.8701, 30.5897 ], [ -91.8718, 30.5811 ], [ -91.8733, 30.5725 ], [ -91.8747, 30.5639 ], [ -91.8759, 30.5552 ], [ -91.8769, 30.5466 ], [ -91.8777, 30.5379 ], [ -91.8784, 30.5292 ], [ -91.8788, 30.5205 ], [ -91.8791, 30.5118 ], [ -91.8793, 30.5031 ], [ -91.6861, 30.4965 ], [ -91.686, 30.4907 ], [ -91.6858, 30.4849 ], [ -91.6854, 30.4791 ], [ -91.6849, 30.4733 ], [ -91.6843, 30.4675 ], [ -91.6835, 30.4618 ], [ -91.6827, 30.456 ], [ -91.6817, 30.4503 ], [ -91.6807, 30.4445 ], [ -91.6795, 30.4388 ], [ -91.6782, 30.4331 ], [ -91.6767, 30.4274 ], [ -91.6752, 30.4218 ], [ -91.6736, 30.4162 ], [ -91.6718, 30.4106 ], [ -91.6699, 30.405 ], [ -91.6679, 30.3994 ], [ -91.6658, 30.3939 ], [ -91.6636, 30.3884 ], [ -91.6613, 30.383 ], [ -91.6589, 30.3776 ], [ -91.6563, 30.3722 ], [ -91.6537, 30.3668 ], [ -91.6509, 30.3615 ], [ -91.648, 30.3563 ], [ -91.6451, 30.3511 ], [ -91.642, 30.3459 ], [ -91.6388, 30.3408 ], [ -91.6355, 30.3357 ], [ -91.6322, 30.3307 ], [ -91.6287, 30.3257 ], [ -91.6251, 30.3208 ], [ -91.6214, 30.316 ], [ -91.6176, 30.3111 ], [ -91.6138, 30.3064 ], [ -91.6098, 30.3017 ], [ -91.6057, 30.2971 ], [ -91.6016, 30.2925 ], [ -91.5973, 30.288 ], [ -91.593, 30.2836 ], [ -91.5886, 30.2792 ], [ -91.5841, 30.2749 ], [ -91.5795, 30.2707 ], [ -91.5748, 30.2665 ], [ -91.57, 30.2624 ], [ -91.5652, 30.2584 ], [ -91.5602, 30.2544 ], [ -91.5552, 30.2505 ], [ -91.5502, 30.2467 ], [ -91.545, 30.243 ], [ -91.5398, 30.2394 ], [ -91.5345, 30.2358 ], [ -91.5291, 30.2323 ], [ -91.5236, 30.2289 ], [ -91.5181, 30.2256 ], [ -91.5125, 30.2224 ], [ -91.5069, 30.2192 ], [ -91.5012, 30.2161 ], [ -91.4954, 30.2132 ], [ -91.4896, 30.2103 ], [ -91.4837, 30.2075 ], [ -91.4778, 30.2047 ], [ -91.4718, 30.2021 ], [ -91.4657, 30.1996 ], [ -91.4597, 30.1971 ], [ -91.4535, 30.1948 ], [ -91.4473, 30.1925 ], [ -91.4411, 30.1903 ], [ -91.4348, 30.1883 ], [ -91.4285, 30.1863 ], [ -91.4221, 30.1844 ], [ -91.4157, 30.1826 ], [ -91.4093, 30.1809 ], [ -91.4029, 30.1793 ], [ -91.3964, 30.1778 ], [ -91.3899, 30.1764 ], [ -91.3833, 30.1751 ], [ -91.3767, 30.1739 ], [ -91.3701, 30.1728 ], [ -91.3635, 30.1718 ], [ -91.3569, 30.1709 ], [ -91.3502, 30.1701 ], [ -91.3436, 30.1694 ], [ -91.3369, 30.1688 ], [ -91.3302, 30.1683 ], [ -91.3235, 30.1679 ], [ -91.3168, 30.1676 ], [ -91.3101, 30.1674 ], [ -91.3034, 30.1673 ], [ -91.2916, 29.6682 ], [ -91.2749, 29.6684 ], [ -91.2582, 29.6689 ], [ -91.2416, 29.6697 ], [ -91.2249, 29.6707 ], [ -91.2082, 29.672 ], [ -91.1916, 29.6735 ], [ -91.175, 29.6752 ], [ -91.1585, 29.6772 ], [ -91.142, 29.6795 ], [ -91.1255, 29.682 ], [ -91.1091, 29.6847 ], [ -91.0928, 29.6877 ], [ -91.0765, 29.691 ], [ -91.0602, 29.6944 ], [ -91.0441, 29.6982 ], [ -91.028, 29.7021 ], [ -91.012, 29.7063 ], [ -90.9961, 29.7108 ], [ -90.9803, 29.7155 ], [ -90.9646, 29.7204 ], [ -90.9489, 29.7256 ], [ -90.9334, 29.731 ], [ -90.918, 29.7366 ], [ -90.9027, 29.7425 ], [ -90.8875, 29.7485 ], [ -90.8725, 29.7549 ], [ -90.8576, 29.7614 ], [ -90.8428, 29.7682 ], [ -90.8281, 29.7752 ], [ -90.8136, 29.7824 ], [ -90.7992, 29.7898 ], [ -90.785, 29.7974 ], [ -90.7709, 29.8053 ], [ -90.757, 29.8133 ], [ -90.7432, 29.8216 ], [ -90.7296, 29.8301 ], [ -90.7162, 29.8388 ], [ -90.703, 29.8476 ], [ -90.6899, 29.8567 ], [ -90.677, 29.866 ], [ -90.6643, 29.8754 ], [ -90.6518, 29.8851 ], [ -90.6395, 29.8949 ], [ -90.6274, 29.905 ], [ -90.6155, 29.9152 ], [ -90.6038, 29.9255 ], [ -90.5923, 29.9361 ], [ -90.581, 29.9468 ], [ -90.5699, 29.9577 ], [ -90.5591, 29.9688 ], [ -90.5484, 29.98 ], [ -90.538, 29.9914 ], [ -90.5279, 30.0029 ], [ -90.5179, 30.0146 ], [ -90.5082, 30.0265 ], [ -90.4987, 30.0384 ], [ -90.4895, 30.0505 ], [ -90.4805, 30.0628 ], [ -90.4718, 30.0752 ], [ -90.4633, 30.0877 ], [ -90.455, 30.1004 ], [ -90.447, 30.1131 ], [ -90.4393, 30.126 ], [ -90.4318, 30.139 ], [ -90.4246, 30.1521 ], [ -90.4177, 30.1653 ], [ -90.411, 30.1787 ], [ -90.4046, 30.1921 ], [ -90.3984, 30.2056 ], [ -90.3926, 30.2192 ], [ -90.3869, 30.2329 ], [ -90.3816, 30.2466 ], [ -90.3766, 30.2605 ], [ -90.3718, 30.2744 ], [ -90.3673, 30.2884 ], [ -90.3631, 30.3025 ], [ -90.3592, 30.3166 ], [ -90.3556, 30.3308 ], [ -90.3522, 30.345 ], [ -90.3492, 30.3593 ], [ -90.3464, 30.3736 ], [ -90.3439, 30.3879 ], [ -90.3417, 30.4023 ], [ -90.3398, 30.4168 ], [ -90.3382, 30.4312 ], [ -90.3369, 30.4457 ], [ -90.3359, 30.4602 ], [ -90.3351, 30.4747 ], [ -90.3347, 30.4892 ], [ -90.5277, 30.5035 ], [ -90.5278, 30.5151 ], [ -90.5282, 30.5268 ], [ -90.5288, 30.5384 ], [ -90.5296, 30.5499 ], [ -90.5307, 30.5615 ], [ -90.532, 30.5731 ], [ -90.5336, 30.5846 ], [ -90.5354, 30.5961 ], [ -90.5374, 30.6076 ], [ -90.5397, 30.6191 ], [ -90.5421, 30.6305 ], [ -90.5449, 30.6419 ], [ -90.5478, 30.6532 ], [ -90.551, 30.6645 ], [ -90.5544, 30.6757 ], [ -90.558, 30.6869 ], [ -90.5619, 30.698 ], [ -90.566, 30.7091 ], [ -90.5703, 30.7201 ], [ -90.5748, 30.7311 ], [ -90.5796, 30.7419 ], [ -90.5846, 30.7527 ], [ -90.5898, 30.7634 ], [ -90.5952, 30.7741 ], [ -90.6008, 30.7846 ], [ -90.6067, 30.7951 ], [ -90.6128, 30.8055 ], [ -90.619, 30.8158 ], [ -90.6255, 30.826 ], [ -90.6322, 30.8361 ], [ -90.6391, 30.846 ], [ -90.6462, 30.8559 ], [ -90.6535, 30.8657 ], [ -90.661, 30.8754 ], [ -90.6687, 30.8849 ], [ -90.6766, 30.8944 ], [ -90.6847, 30.9037 ], [ -90.693, 30.9129 ], [ -90.7014, 30.9219 ], [ -90.7101, 30.9309 ], [ -90.7189, 30.9397 ], [ -90.7279, 30.9483 ], [ -90.7371, 30.9569 ], [ -90.7465, 30.9653 ], [ -90.756, 30.9735 ], [ -90.7657, 30.9816 ], [ -90.7756, 30.9896 ], [ -90.7856, 30.9974 ], [ -90.7958, 31.0051 ], [ -90.8061, 31.0126 ], [ -90.8166, 31.0199 ], [ -90.8273, 31.0271 ], [ -90.838, 31.0341 ], [ -90.849, 31.041 ], [ -90.8601, 31.0477 ], [ -90.8713, 31.0542 ], [ -90.8826, 31.0606 ], [ -90.8941, 31.0668 ], [ -90.9057, 31.0728 ], [ -90.9174, 31.0786 ], [ -90.9292, 31.0843 ], [ -90.9412, 31.0898 ], [ -90.9532, 31.0951 ], [ -90.9654, 31.1002 ], [ -90.9777, 31.1052 ], [ -90.9901, 31.1099 ], [ -91.0025, 31.1145 ], [ -91.0151, 31.1189 ], [ -91.0278, 31.1231 ], [ -91.0405, 31.127 ], [ -91.0533, 31.1309 ], [ -91.0662, 31.1345 ], [ -91.0792, 31.1379 ], [ -91.0922, 31.1411 ], [ -91.1053, 31.1441 ], [ -91.1185, 31.147 ], [ -91.1317, 31.1496 ], [ -91.145, 31.152 ], [ -91.1583, 31.1543 ], [ -91.1717, 31.1563 ], [ -91.1851, 31.1581 ], [ -91.1985, 31.1597 ], [ -91.212, 31.1612 ], [ -91.2255, 31.1624 ], [ -91.239, 31.1634 ], [ -91.2525, 31.1642 ], [ -91.2661, 31.1648 ], [ -91.2796, 31.1652 ], [ -91.2932, 31.1655 ] ] ] } },
{ "type": "Feature", "properties": { "RADII": 64.0, "STORMID": "al092021", "BASIN": "al", "STORMNUM": 9.0, "ADVNUM": "10", "VALIDTIME": "2021083006", "SYNOPTIME": "2021082818", "TIMEZONE": "UTC", "TAU": 36.0, "NE": 25.0, "SE": 25.0, "SW": 0.0, "NW": 20.0 }, "geometry": { "type": "Polygon", "coordinates": [ [ [ -91.2958, 30.9159 ], [ -91.3034, 30.8327 ], [ -91.3102, 30.8326 ], [ -91.3169, 30.8324 ], [ -91.3237, 30.8321 ], [ -91.3304, 30.8317 ], [ -91.3372, 30.8312 ], [ -91.3439, 30.8306 ], [ -91.3506, 30.8299 ], [ -91.3573, 30.8291 ], [ -91.364, 30.8282 ], [ -91.3706, 30.8271 ], [ -91.3773, 30.826 ], [ -91.3839, 30.8248 ], [ -91.3905, 30.8235 ], [ -91.397, 30.8221 ], [ -91.4035, 30.8206 ], [ -91.41, 30.819 ], [ -91.4165, 30.8173 ], [ -91.4229, 30.8155 ], [ -91.4293, 30.8136 ], [ -91.4357, 30.8116 ], [ -91.442, 30.8095 ], [ -91.4483, 30.8073 ], [ -91.4545, 30.805 ], [ -91.4606, 30.8027 ], [ -91.4668, 30.8002 ], [ -91.4728, 30.7977 ], [ -91.4789, 30.795 ], [ -91.4848, 30.7923 ], [ -91.4907, 30.7895 ], [ -91.4966, 30.7865 ], [ -91.5024, 30.7835 ], [ -91.5081, 30.7805 ], [ -91.5138, 30.7773 ], [ -91.5194, 30.774 ], [ -91.5249, 30.7707 ], [ -91.5303, 30.7673 ], [ -91.5357, 30.7638 ], [ -91.541, 30.7602 ], [ -91.5463, 30.7565 ], [ -91.5515, 30.7528 ], [ -91.5566, 30.749 ], [ -91.5616, 30.7451 ], [ -91.5665, 30.7411 ], [ -91.5713, 30.737 ], [ -91.5761, 30.7329 ], [ -91.5808, 30.7287 ], [ -91.5854, 30.7245 ], [ -91.5899, 30.7202 ], [ -91.5943, 30.7158 ], [ -91.5986, 30.7113 ], [ -91.6029, 30.7068 ], [ -91.607, 30.7022 ], [ -91.6111, 30.6976 ], [ -91.615, 30.6928 ], [ -91.6189, 30.6881 ], [ -91.6226, 30.6833 ], [ -91.6263, 30.6784 ], [ -91.6299, 30.6734 ], [ -91.6333, 30.6685 ], [ -91.6367, 30.6634 ], [ -91.6399, 30.6583 ], [ -91.6431, 30.6532 ], [ -91.6461, 30.648 ], [ -91.6491, 30.6428 ], [ -91.6519, 30.6375 ], [ -91.6546, 30.6322 ], [ -91.6572, 30.6268 ], [ -91.6598, 30.6215 ], [ -91.6622, 30.616 ], [ -91.6644, 30.6106 ], [ -91.6666, 30.6051 ], [ -91.6687, 30.5995 ], [ -91.6706, 30.594 ], [ -91.6725, 30.5884 ], [ -91.6742, 30.5828 ], [ -91.6758, 30.5771 ], [ -91.6773, 30.5715 ], [ -91.6787, 30.5658 ], [ -91.6799, 30.5601 ], [ -91.6811, 30.5544 ], [ -91.6821, 30.5486 ], [ -91.683, 30.5429 ], [ -91.6838, 30.5371 ], [ -91.6845, 30.5313 ], [ -91.6851, 30.5255 ], [ -91.6855, 30.5197 ], [ -91.6859, 30.5139 ], [ -91.6861, 30.5081 ], [ -91.6862, 30.5023 ], [ -91.3, 30.5 ], [ -91.3, 30.5 ], [ -91.3, 30.5 ], [ -91.3, 30.5 ], [ -91.3, 30.5 ], [ -91.3, 30.5 ], [ -91.3, 30.5 ], [ -91.3, 30.5 ], [ -91.3, 30.5 ], [ -91.3, 30.5 ], [ -91.3, 30.5 ], [ -91.3, 30.5 ], [ -91.3, 30.5 ], [ -91.3, 30.5 ], [ -91.3, 30.5 ], [ -91.3, 30.5 ], [ -91.3, 30.5 ], [ -91.3, 30.5 ], [ -91.3, 30.5 ], [ -91.3, 30.5 ], [ -91.3, 30.5 ], [ -91.3, 30.5 ], [ -91.3, 30.5 ], [ -91.3, 30.5 ], [ -91.3, 30.5 ], [ -91.3, 30.5 ], [ -91.3, 30.5 ], [ -91.3, 30.5 ], [ -91.3, 30.5 ], [ -91.3, 30.5 ], [ -91.3, 30.5 ], [ -91.3, 30.5 ], [ -91.3, 30.5 ], [ -91.3, 30.5 ], [ -91.3, 30.5 ], [ -91.3, 30.5 ], [ -91.3, 30.5 ], [ -91.3, 30.5 ], [ -91.3, 30.5 ], [ -91.3, 30.5 ], [ -91.3, 30.5 ], [ -91.3, 30.5 ], [ -91.3, 30.5 ], [ -91.3, 30.5 ], [ -91.3, 30.5 ], [ -91.3, 30.5 ], [ -91.3, 30.5 ], [ -91.3, 30.5 ], [ -91.3, 30.5 ], [ -91.3, 30.5 ], [ -91.3, 30.5 ], [ -91.3, 30.5 ], [ -91.3, 30.5 ], [ -91.3, 30.5 ], [ -91.3, 30.5 ], [ -91.3, 30.5 ], [ -91.3, 30.5 ], [ -91.3, 30.5 ], [ -91.3, 30.5 ], [ -91.3, 30.5 ], [ -91.3, 30.5 ], [ -91.3, 30.5 ], [ -91.3, 30.5 ], [ -91.3, 30.5 ], [ -91.3, 30.5 ], [ -91.3, 30.5 ], [ -91.3, 30.5 ], [ -91.3, 30.5 ], [ -91.3, 30.5 ], [ -91.3, 30.5 ], [ -91.3, 30.5 ], [ -91.3, 30.5 ], [ -91.3, 30.5 ], [ -91.3, 30.5 ], [ -91.3, 30.5 ], [ -91.3, 30.5 ], [ -91.3, 30.5 ], [ -91.3, 30.5 ], [ -91.3, 30.5 ], [ -91.3, 30.5 ], [ -91.3, 30.5 ], [ -91.3, 30.5 ], [ -91.3, 30.5 ], [ -91.3, 30.5 ], [ -91.3, 30.5 ], [ -91.3, 30.5 ], [ -91.3, 30.5 ], [ -91.3, 30.5 ], [ -91.3, 30.5 ], [ -91.3, 30.5 ], [ -91.2958, 30.0841 ], [ -91.2874, 30.0842 ], [ -91.279, 30.0845 ], [ -91.2707, 30.0849 ], [ -91.2623, 30.0854 ], [ -91.2539, 30.086 ], [ -91.2456, 30.0867 ], [ -91.2373, 30.0876 ], [ -91.229, 30.0886 ], [ -91.2207, 30.0898 ], [ -91.2124, 30.091 ], [ -91.2042, 30.0924 ], [ -91.196, 30.0939 ], [ -91.1878, 30.0955 ], [ -91.1796, 30.0973 ], [ -91.1715, 30.0991 ], [ -91.1635, 30.1011 ], [ -91.1554, 30.1033 ], [ -91.1475, 30.1055 ], [ -91.1395, 30.1078 ], [ -91.1316, 30.1103 ], [ -91.1238, 30.1129 ], [ -91.116, 30.1156 ], [ -91.1083, 30.1184 ], [ -91.1006, 30.1214 ], [ -91.093, 30.1244 ], [ -91.0854, 30.1276 ], [ -91.0779, 30.1309 ], [ -91.0705, 30.1343 ], [ -91.0632, 30.1378 ], [ -91.0559, 30.1414 ], [ -91.0487, 30.1451 ], [ -91.0416, 30.149 ], [ -91.0345, 30.1529 ], [ -91.0275, 30.1569 ], [ -91.0207, 30.1611 ], [ -91.0139, 30.1654 ], [ -91.0071, 30.1697 ], [ -91.0005, 30.1742 ], [ -90.994, 30.1787 ], [ -90.9875, 30.1834 ], [ -90.9812, 30.1881 ], [ -90.9749, 30.193 ], [ -90.9688, 30.1979 ], [ -90.9627, 30.2029 ], [ -90.9567, 30.208 ], [ -90.9509, 30.2132 ], [ -90.9451, 30.2185 ], [ -90.9395, 30.2239 ], [ -90.934, 30.2294 ], [ -90.9285, 30.2349 ], [ -90.9232, 30.2405 ], [ -90.918, 30.2463 ], [ -90.9129, 30.252 ], [ -90.908, 30.2579 ], [ -90.9031, 30.2638 ], [ -90.8984, 30.2698 ], [ -90.8938, 30.2759 ], [ -90.8893, 30.282 ], [ -90.885, 30.2883 ], [ -90.8808, 30.2945 ], [ -90.8766, 30.3009 ], [ -90.8727, 30.3073 ], [ -90.8688, 30.3137 ], [ -90.8651, 30.3202 ], [ -90.8615, 30.3268 ], [ -90.8581, 30.3334 ], [ -90.8548, 30.3401 ], [ -90.8516, 30.3468 ], [ -90.8485, 30.3536 ], [ -90.8456, 30.3604 ], [ -90.8428, 30.3672 ], [ -90.8402, 30.3741 ], [ -90.8377, 30.3811 ], [ -90.8354, 30.388 ], [ -90.8332, 30.395 ], [ -90.8311, 30.4021 ], [ -90.8292, 30.4091 ], [ -90.8274, 30.4162 ], [ -90.8257, 30.4234 ], [ -90.8242, 30.4305 ], [ -90.8229, 30.4377 ], [ -90.8217, 30.4448 ], [ -90.8206, 30.452 ], [ -90.8197, 30.4593 ], [ -90.8189, 30.4665 ], [ -90.8183, 30.4737 ], [ -90.8178, 30.481 ], [ -90.8175, 30.4882 ], [ -90.8173, 30.4955 ], [ -90.8173, 30.5027 ], [ -90.8174, 30.51 ], [ -90.8177, 30.5173 ], [ -90.8181, 30.5245 ], [ -90.8186, 30.5317 ], [ -90.8193, 30.539 ], [ -90.8202, 30.5462 ], [ -90.8212, 30.5534 ], [ -90.8223, 30.5606 ], [ -90.8236, 30.5678 ], [ -90.825, 30.5749 ], [ -90.8266, 30.5821 ], [ -90.8283, 30.5892 ], [ -90.8302, 30.5963 ], [ -90.8322, 30.6033 ], [ -90.8343, 30.6103 ], [ -90.8366, 30.6173 ], [ -90.839, 30.6243 ], [ -90.8416, 30.6312 ], [ -90.8443, 30.6381 ], [ -90.8472, 30.6449 ], [ -90.8502, 30.6517 ], [ -90.8533, 30.6584 ], [ -90.8566, 30.6651 ], [ -90.86, 30.6717 ], [ -90.8635, 30.6783 ], [ -90.8672, 30.6849 ], [ -90.871, 30.6914 ], [ -90.8749, 30.6978 ], [ -90.879, 30.7041 ], [ -90.8832, 30.7104 ], [ -90.8875, 30.7167 ], [ -90.8919, 30.7228 ], [ -90.8965, 30.7289 ], [ -90.9012, 30.735 ], [ -90.906, 30.7409 ], [ -90.911, 30.7468 ], [ -90.916, 30.7526 ], [ -90.9212, 30.7584 ], [ -90.9265, 30.764 ], [ -90.9319, 30.7696 ], [ -90.9374, 30.7751 ], [ -90.9431, 30.7805 ], [ -90.9488, 30.7858 ], [ -90.9547, 30.7911 ], [ -90.9606, 30.7962 ], [ -90.9667, 30.8013 ], [ -90.9729, 30.8062 ], [ -90.9791, 30.8111 ], [ -90.9855, 30.8159 ], [ -90.9919, 30.8206 ], [ -90.9985, 30.8252 ], [ -91.0051, 30.8296 ], [ -91.0119, 30.834 ], [ -91.0187, 30.8383 ], [ -91.0256, 30.8425 ], [ -91.0326, 30.8466 ], [ -91.0397, 30.8505 ], [ -91.0469, 30.8544 ], [ -91.0541, 30.8581 ], [ -91.0614, 30.8618 ], [ -91.0688, 30.8653 ], [ -91.0763, 30.8687 ], [ -91.0838, 30.872 ], [ -91.0914, 30.8752 ], [ -91.099, 30.8783 ], [ -91.1068, 30.8813 ], [ -91.1145, 30.8841 ], [ -91.1224, 30.8869 ], [ -91.1303, 30.8895 ], [ -91.1382, 30.892 ], [ -91.1462, 30.8943 ], [ -91.1543, 30.8966 ], [ -91.1623, 30.8987 ], [ -91.1705, 30.9007 ], [ -91.1786, 30.9026 ], [ -91.1868, 30.9044 ], [ -91.1951, 30.906 ], [ -91.2034, 30.9075 ], [ -91.2117, 30.9089 ], [ -91.22, 30.9102 ], [ -91.2283, 30.9113 ], [ -91.2367, 30.9124 ], [ -91.2451, 30.9132 ], [ -91.2535, 30.914 ], [ -91.262, 30.9146 ], [ -91.2704, 30.9151 ], [ -91.2789, 30.9155 ], [ -91.2873, 30.9158 ], [ -91.2958, 30.9159 ] ] ] } },
{ "type": "Feature", "properties": { "RADII": 34.0, "STORMID": "al092021", "BASIN": "al", "STORMNUM": 9.0, "ADVNUM": "10", "VALIDTIME": "2021083018", "SYNOPTIME": "2021082818", "TIMEZONE": "UTC", "TAU": 48.0, "NE": 50.0, "SE": 50.0, "SW": 0.0, "NW": 30.0 }, "geometry": { "type": "Polygon", "coordinates": [ [ [ -91.1913, 33.0318 ], [ -91.2052, 32.6991 ], [ -91.2155, 32.6989 ], [ -91.2259, 32.6986 ], [ -91.2362, 32.6982 ], [ -91.2465, 32.6976 ], [ -91.2569, 32.6968 ], [ -91.2671, 32.6959 ], [ -91.2774, 32.6948 ], [ -91.2877, 32.6936 ], [ -91.2979, 32.6922 ], [ -91.3081, 32.6907 ], [ -91.3182, 32.689 ], [ -91.3284, 32.6872 ], [ -91.3384, 32.6852 ], [ -91.3485, 32.6831 ], [ -91.3585, 32.6809 ], [ -91.3684, 32.6784 ], [ -91.3783, 32.6759 ], [ -91.3881, 32.6732 ], [ -91.3979, 32.6703 ], [ -91.4076, 32.6673 ], [ -91.4173, 32.6642 ], [ -91.4269, 32.6609 ], [ -91.4364, 32.6575 ], [ -91.4458, 32.6539 ], [ -91.4552, 32.6502 ], [ -91.4645, 32.6464 ], [ -91.4737, 32.6424 ], [ -91.4828, 32.6383 ], [ -91.4919, 32.6341 ], [ -91.5008, 32.6297 ], [ -91.5096, 32.6252 ], [ -91.5184, 32.6205 ], [ -91.5271, 32.6158 ], [ -91.5356, 32.6109 ], [ -91.5441, 32.6059 ], [ -91.5524, 32.6007 ], [ -91.5606, 32.5955 ], [ -91.5688, 32.5901 ], [ -91.5768, 32.5846 ], [ -91.5847, 32.5789 ], [ -91.5925, 32.5732 ], [ -91.6001, 32.5674 ], [ -91.6076, 32.5614 ], [ -91.6151, 32.5553 ], [ -91.6223, 32.5491 ], [ -91.6295, 32.5428 ], [ -91.6365, 32.5364 ], [ -91.6434, 32.5299 ], [ -91.6501, 32.5234 ], [ -91.6567, 32.5167 ], [ -91.6632, 32.5099 ], [ -91.6695, 32.503 ], [ -91.6757, 32.496 ], [ -91.6817, 32.4889 ], [ -91.6876, 32.4818 ], [ -91.6934, 32.4745 ], [ -91.6989, 32.4672 ], [ -91.7044, 32.4598 ], [ -91.7096, 32.4523 ], [ -91.7148, 32.4447 ], [ -91.7197, 32.4371 ], [ -91.7245, 32.4294 ], [ -91.7292, 32.4216 ], [ -91.7336, 32.4138 ], [ -91.7379, 32.4058 ], [ -91.7421, 32.3979 ], [ -91.7461, 32.3898 ], [ -91.7499, 32.3817 ], [ -91.7535, 32.3736 ], [ -91.757, 32.3654 ], [ -91.7603, 32.3571 ], [ -91.7635, 32.3488 ], [ -91.7664, 32.3405 ], [ -91.7692, 32.3321 ], [ -91.7718, 32.3237 ], [ -91.7743, 32.3152 ], [ -91.7765, 32.3067 ], [ -91.7786, 32.2982 ], [ -91.7805, 32.2896 ], [ -91.7823, 32.281 ], [ -91.7838, 32.2724 ], [ -91.7852, 32.2638 ], [ -91.7864, 32.2551 ], [ -91.7874, 32.2465 ], [ -91.7883, 32.2378 ], [ -91.7889, 32.2291 ], [ -91.7894, 32.2204 ], [ -91.7897, 32.2117 ], [ -91.7898, 32.203 ], [ -91.2, 32.2 ], [ -91.2, 32.2 ], [ -91.2, 32.2 ], [ -91.2, 32.2 ], [ -91.2, 32.2 ], [ -91.2, 32.2 ], [ -91.2, 32.2 ], [ -91.2, 32.2 ], [ -91.2, 32.2 ], [ -91.2, 32.2 ], [ -91.2, 32.2 ], [ -91.2, 32.2 ], [ -91.2, 32.2 ], [ -91.2, 32.2 ], [ -91.2, 32.2 ], [ -91.2, 32.2 ], [ -91.2, 32.2 ], [ -91.2, 32.2 ], [ -91.2, 32.2 ], [ -91.2, 32.2 ], [ -91.2, 32.2 ], [ -91.2, 32.2 ], [ -91.2, 32.2 ], [ -91.2, 32.2 ], [ -91.2, 32.2 ], [ -91.2, 32.2 ], [ -91.2, 32.2 ], [ -91.2, 32.2 ], [ -91.2, 32.2 ], [ -91.2, 32.2 ], [ -91.2, 32.2 ], [ -91.2, 32.2 ], [ -91.2, 32.2 ], [ -91.2, 32.2 ], [ -91.2, 32.2 ], [ -91.2, 32.2 ], [ -91.2, 32.2 ], [ -91.2, 32.2 ], [ -91.2, 32.2 ], [ -91.2, 32.2 ], [ -91.2, 32.2 ], [ -91.2, 32.2 ], [ -91.2, 32.2 ], [ -91.2, 32.2 ], [ -91.2, 32.2 ], [ -91.2, 32.2 ], [ -91.2, 32.2 ], [ -91.2, 32.2 ], [ -91.2, 32.2 ], [ -91.2, 32.2 ], [ -91.2, 32.2 ], [ -91.2, 32.2 ], [ -91.2, 32.2 ], [ -91.2, 32.2 ], [ -91.2, 32.2 ], [ -91.2, 32.2 ], [ -91.2, 32.2 ], [ -91.2, 32.2 ], [ -91.2, 32.2 ], [ -91.2, 32.2 ], [ -91.2, 32.2 ], [ -91.2, 32.2 ], [ -91.2, 32.2 ], [ -91.2, 32.2 ], [ -91.2, 32.2 ], [ -91.2, 32.2 ], [ -91.2, 32.2 ], [ -91.2, 32.2 ], [ -91.2, 32.2 ], [ -91.2, 32.2 ], [ -91.2, 32.2 ], [ -91.2, 32.2 ], [ -91.2, 32.2 ], [ -91.2, 32.2 ], [ -91.2, 32.2 ], [ -91.2, 32.2 ], [ -91.2, 32.2 ], [ -91.2, 32.2 ], [ -91.2, 32.2 ], [ -91.2, 32.2 ], [ -91.2, 32.2 ], [ -91.2, 32.2 ], [ -91.2, 32.2 ], [ -91.2, 32.2 ], [ -91.2, 32.2 ], [ -91.2, 32.2 ], [ -91.2, 32.2 ], [ -91.2, 32.2 ], [ -91.2, 32.2 ], [ -91.2, 32.2 ], [ -91.1915, 31.3682 ], [ -91.1745, 31.3684 ], [ -91.1575, 31.3689 ], [ -91.1405, 31.3697 ], [ -91.1236, 31.3707 ], [ -91.1066, 31.372 ], [ -91.0897, 31.3735 ], [ -91.0728, 31.3752 ], [ -91.056, 31.3772 ], [ -91.0392, 31.3795 ], [ -91.0224, 31.382 ], [ -91.0057, 31.3847 ], [ -90.9891, 31.3877 ], [ -90.9725, 31.3909 ], [ -90.956, 31.3944 ], [ -90.9396, 31.3981 ], [ -90.9232, 31.4021 ], [ -90.9069, 31.4063 ], [ -90.8907, 31.4108 ], [ -90.8746, 31.4155 ], [ -90.8586, 31.4204 ], [ -90.8427, 31.4255 ], [ -90.8269, 31.4309 ], [ -90.8112, 31.4366 ], [ -90.7957, 31.4424 ], [ -90.7802, 31.4485 ], [ -90.7649, 31.4548 ], [ -90.7497, 31.4614 ], [ -90.7346, 31.4681 ], [ -90.7197, 31.4751 ], [ -90.7049, 31.4823 ], [ -90.6903, 31.4897 ], [ -90.6758, 31.4974 ], [ -90.6615, 31.5052 ], [ -90.6473, 31.5133 ], [ -90.6333, 31.5215 ], [ -90.6195, 31.53 ], [ -90.6059, 31.5387 ], [ -90.5924, 31.5475 ], [ -90.5791, 31.5566 ], [ -90.566, 31.5659 ], [ -90.553, 31.5753 ], [ -90.5403, 31.585 ], [ -90.5278, 31.5948 ], [ -90.5154, 31.6048 ], [ -90.5033, 31.615 ], [ -90.4914, 31.6254 ], [ -90.4797, 31.636 ], [ -90.4682, 31.6467 ], [ -90.4569, 31.6576 ], [ -90.4458, 31.6686 ], [ -90.435, 31.6799 ], [ -90.4244, 31.6912 ], [ -90.414, 31.7028 ], [ -90.4039, 31.7145 ], [ -90.394, 31.7263 ], [ -90.3844, 31.7383 ], [ -90.375, 31.7504 ], [ -90.3658, 31.7626 ], [ -90.3569, 31.775 ], [ -90.3482, 31.7875 ], [ -90.3398, 31.8002 ], [ -90.3317, 31.8129 ], [ -90.3238, 31.8258 ], [ -90.3162, 31.8388 ], [ -90.3089, 31.8519 ], [ -90.3018, 31.8651 ], [ -90.295, 31.8784 ], [ -90.2884, 31.8919 ], [ -90.2822, 31.9054 ], [ -90.2762, 31.919 ], [ -90.2705, 31.9327 ], [ -90.265, 31.9464 ], [ -90.2599, 31.9603 ], [ -90.255, 31.9742 ], [ -90.2505, 31.9882 ], [ -90.2462, 32.0022 ], [ -90.2422, 32.0163 ], [ -90.2385, 32.0305 ], [ -90.2351, 32.0448 ], [ -90.2319, 32.059 ], [ -90.2291, 32.0733 ], [ -90.2266, 32.0877 ], [ -90.2243, 32.1021 ], [ -90.2224, 32.1165 ], [ -90.2207, 32.131 ], [ -90.2194, 32.1454 ], [ -90.2183, 32.1599 ], [ -90.2176, 32.1744 ], [ -90.2171, 32.1889 ], [ -90.2169, 32.2035 ], [ -90.2171, 32.218 ], [ -90.2175, 32.2325 ], [ -90.2183, 32.247 ], [ -90.2193, 32.2615 ], [ -90.2207, 32.276 ], [ -90.2223, 32.2904 ], [ -90.2242, 32.3048 ], [ -90.2265, 32.3192 ], [ -90.229, 32.3336 ], [ -90.2318, 32.3479 ], [ -90.235, 32.3622 ], [ -90.2384, 32.3764 ], [ -90.2421, 32.3906 ], [ -90.2461, 32.4047 ], [ -90.2504, 32.4188 ], [ -90.255, 32.4328 ], [ -90.2599, 32.4467 ], [ -90.2651, 32.4605 ], [ -90.2705, 32.4743 ], [ -90.2763, 32.488 ], [ -90.2823, 32.5016 ], [ -90.2886, 32.5151 ], [ -90.2952, 32.5285 ], [ -90.3021, 32.5418 ], [ -90.3092, 32.555 ], [ -90.3167, 32.5681 ], [ -90.3243, 32.5811 ], [ -90.3323, 32.594 ], [ -90.3405, 32.6067 ], [ -90.349, 32.6194 ], [ -90.3578, 32.6319 ], [ -90.3668, 32.6442 ], [ -90.3761, 32.6565 ], [ -90.3856, 32.6686 ], [ -90.3954, 32.6805 ], [ -90.4055, 32.6923 ], [ -90.4157, 32.704 ], [ -90.4263, 32.7155 ], [ -90.437, 32.7268 ], [ -90.448, 32.738 ], [ -90.4593, 32.749 ], [ -90.4707, 32.7599 ], [ -90.4824, 32.7706 ], [ -90.4943, 32.7811 ], [ -90.5064, 32.7914 ], [ -90.5188, 32.8016 ], [ -90.5313, 32.8116 ], [ -90.5441, 32.8213 ], [ -90.5571, 32.8309 ], [ -90.5702, 32.8403 ], [ -90.5836, 32.8495 ], [ -90.5972, 32.8585 ], [ -90.6109, 32.8673 ], [ -90.6248, 32.8759 ], [ -90.639, 32.8843 ], [ -90.6532, 32.8925 ], [ -90.6677, 32.9005 ], [ -90.6823, 32.9082 ], [ -90.6971, 32.9158 ], [ -90.712, 32.9231 ], [ -90.7271, 32.9302 ], [ -90.7424, 32.937 ], [ -90.7577, 32.9437 ], [ -90.7732, 32.9501 ], [ -90.7889, 32.9563 ], [ -90.8047, 32.9622 ], [ -90.8206, 32.968 ], [ -90.8366, 32.9734 ], [ -90.8527, 32.9787 ], [ -90.869, 32.9837 ], [ -90.8853, 32.9885 ], [ -90.9018, 32.993 ], [ -90.9183, 32.9973 ], [ -90.9349, 33.0013 ], [ -90.9517, 33.0051 ], [ -90.9684, 33.0087 ], [ -90.9853, 33.012 ], [ -91.0022, 33.015 ], [ -91.0192, 33.0178 ], [ -91.0363, 33.0203 ], [ -91.0534, 33.0226 ], [ -91.0705, 33.0247 ], [ -91.0877, 33.0265 ], [ -91.1049, 33.028 ], [ -91.1222, 33.0293 ], [ -91.1394, 33.0303 ], [ -91.1567, 33.0311 ], [ -91.174, 33.0316 ], [ -91.1913, 33.0318 ] ] ] } }
]
}
