EP, 15, 2026091112, 03,  UKX,   0, 123N, 1123W,  20, 1009, XX,  34, NEQ,    0,    0,    0,    0, 
EP, 15, 2026091112, 03,  UKX,   6, 135N, 1128W,  21, 1009, XX,  34, NEQ,    0,    0,    0,    0, 
EP, 15, 2026091112, 03,  UKX,  12, 143N, 1138W,  20, 1008, XX,  34, NEQ,    0,    0,    0,    0, 
EP, 15, 2026091112, 03,  UKX,  18, 148N, 1141W,  20, 1009, XX,  34, NEQ,    0,    0,    0,    0, 
EP, 15, 2026091112, 03,  UKX,  24, 152N, 1143W,  21, 1009, XX,  34, NEQ,    0,    0,    0,    0, 
EP, 15, 2026091112, 03,  UKX,  30, 155N, 1148W,  24, 1009, XX,  34, NEQ,    0,    0,    0,    0, 
EP, 15, 2026091112, 03,  UKX,  36, 159N, 1156W,  23, 1008, XX,  34, NEQ,    0,    0,    0,    0, 
EP, 15, 2026091112, 03,  UKX,  42, 161N, 1165W,  22, 1008, XX,  34, NEQ,    0,    0,    0,    0, 
EP, 15, 2026091112, 03,  UKX,  48, 158N, 1171W,  23, 1007, XX,  34, NEQ,    0,    0,    0,    0, 
EP, 15, 2026091112, 03,  UKX,  54, 155N, 1177W,  26, 1008, XX,  34, NEQ,    0,    0,    0,    0, 
EP, 15, 2026091112, 03,  UKX,  60, 154N, 1184W,  26, 1005, XX,  34, NEQ,    0,    0,    0,    0, 
EP, 15, 2026091112, 03,  UKX,  66, 153N, 1192W,  27, 1007, XX,  34, NEQ,    0,    0,    0,    0, 
EP, 15, 2026091112, 03,  UKX,  72, 152N, 1201W,  28, 1004, XX,  34, NEQ,    0,    0,    0,    0, 
EP, 15, 2026091112, 03,  UKX,  78, 151N, 1213W,  29, 1006, XX,  34, NEQ,    0,    0,    0,    0, 
EP, 15, 2026091112, 03,  UKX,  84, 148N, 1226W,  29, 1003, XX,  34, NEQ,    0,    0,    0,    0, 
EP, 15, 2026091112, 03,  UKX,  90, 144N, 1239W,  29, 1005, XX,  34, NEQ,    0,    0,    0,    0, 
EP, 15, 2026091112, 03,  UKX,  96, 140N, 1249W,  29, 1003, XX,  34, NEQ,    0,    0,    0,    0, 
EP, 15, 2026091112, 03,  UKX, 102, 137N, 1259W,  30, 1005, XX,  34, NEQ,    0,    0,    0,    0, 
EP, 15, 2026091112, 03,  UKX, 108, 136N, 1271W,  30, 1002, XX,  34, NEQ,    0,    0,    0,    0, 
EP, 15, 2026091112, 03,  UKX, 114, 134N, 1281W,  31, 1004, XX,  34, NEQ,    0,    0,    0,    0, 
EP, 15, 2026091112, 03,  UKX, 120, 135N, 1292W,  32, 1001, XX,  34, NEQ,    0,    0,    0,    0, 
EP, 15, 2026091112, 03,  UKX, 126, 134N, 1304W,  33, 1003, XX,  34, NEQ,    0,    0,    0,    0, 
EP, 15, 2026091112, 03,  UKX, 132, 136N, 1316W,  33, 1000, XX,  34, NEQ,    0,    0,    0,    0, 
EP, 15, 2026091112, 03,  UKX, 138, 137N, 1328W,  33, 1002, XX,  34, NEQ,    0,    0,    0,    0, 
EP, 15, 2026091112, 03,  UKX, 144, 140N, 1340W,  35,  999, XX,  34, NEQ,   68,    0,    0,    0, 
EP, 15, 2026091112, 03, AVNO,   0, 122N, 1115W,  19, 1008, XX,  34, NEQ,    0,    0,    0,    0,  -99,  -99, 116,   0,   0, 
EP, 15, 2026091112, 03, AVNO,   6, 132N, 1120W,  24, 1010, XX,  34, NEQ,    0,    0,    0,    0,  -99,  -99, 123,   0,   0, 
EP, 15, 2026091112, 03, AVNO,  12, 139N, 1123W,  29, 1006, XX,  34, NEQ,    0,    0,    0,    0,  -99,  -99,  56,   0,   0, 
EP, 15, 2026091112, 03, AVNO,  18, 141N, 1128W,  25, 1010, XX,  34, NEQ,    0,    0,    0,    0,  -99,  -99, 101,   0,   0, 
EP, 15, 2026091112, 03, AVNO,  24, 147N, 1131W,  23, 1007, XX,  34, NEQ,    0,    0,    0,    0,  -99,  -99,  56,   0,   0, 
EP, 15, 2026091112, 03, AVNO,  30, 144N, 1133W,  34, 1009, XX,  34, NEQ,    0,   41,    0,    0,  -99,  -99,  41,   0,   0, 
EP, 15, 2026091112, 03, AVNO,  36, 149N, 1138W,  31, 1006, XX,  34, NEQ,    0,    0,    0,    0,  -99,  -99,  37,   0,   0, 
EP, 15, 2026091112, 03, AVNO,  42, 148N, 1135W,  36, 1004, XX,  34, NEQ,   24,   43,    0,    0, 1012,  159,  43,   0,   0, 
EP, 15, 2026091112, 03, AVNO,  48, 152N, 1140W,  39, 1001, XX,  34, NEQ,   42,    0,    0,   38, 1005,   31,  38,   0,   0, 
EP, 15, 2026091112, 03, AVNO,  54, 150N, 1148W,  31, 1003, XX,  34, NEQ,    0,    0,    0,    0, 1011,  126,  63,   0,   0, 
EP, 15, 2026091112, 03, AVNO,  60, 149N, 1153W,  31, 1001, XX,  34, NEQ,    0,    0,    0,    0, 1005,   34,  69,   0,   0, 
EP, 15, 2026091112, 03, AVNO,  66, 150N, 1158W,  34, 1003, XX,  34, NEQ,   75,    0,    0,    0, 1007,   44,  75,   0,   0, 
EP, 15, 2026091112, 03, AVNO,  72, 153N, 1161W,  48,  991, XX,  34, NEQ,   72,    0,    0,   44, 1007,  130,  16,   0,   0, 
EP, 15, 2026091112, 03, AVNO,  78, 151N, 1166W,  47,  997, XX,  34, NEQ,   71,  102,    0,   47, 1009,  122,  24,   0,   0, 
EP, 15, 2026091112, 03, AVNO,  84, 152N, 1171W,  42,  994, XX,  34, NEQ,   80,   85,    0,   48, 1006,  123,  22,   0,   0, 
EP, 15, 2026091112, 03, AVNO,  90, 156N, 1182W,  42,  998, XX,  34, NEQ,   99,   99,    0,   56, 1010,  255,  24,   0,   0, 
EP, 15, 2026091112, 03, AVNO,  96, 160N, 1188W,  48,  994, XX,  34, NEQ,   92,   97,    0,   46, 1002,   48,  29,   0,   0, 
EP, 15, 2026091112, 03, AVNO, 102, 163N, 1196W,  44,  997, XX,  34, NEQ,   85,   65,    0,   60, 1009,  153,  45,   0,   0, 
EP, 15, 2026091112, 03, AVNO, 108, 169N, 1206W,  44,  992, XX,  34, NEQ,   77,   50,    0,   54, 1008, 2214,  31,   0,   0, 
EP, 15, 2026091112, 03, AVNO, 114, 172N, 1216W,  51,  991, XX,  34, NEQ,   70,   41,   28,   65, 1011,  469,  18,   0,   0, 
EP, 15, 2026091112, 03, AVNO, 114, 172N, 1216W,  51,  991, XX,  50, NEQ,   20,    0,    0,    0, 1011,  469,  18,   0,   0, 
EP, 15, 2026091112, 03, AVNO, 120, 178N, 1227W,  50,  987, XX,  34, NEQ,   55,   40,   34,   56, 1007,  213,  18,   0,   0, 
EP, 15, 2026091112, 03, AVNO, 126, 182N, 1237W,  54,  988, XX,  34, NEQ,   53,   41,   36,   54, 1012,  523,  18,   0,   0, 
EP, 15, 2026091112, 03, AVNO, 126, 182N, 1237W,  54,  988, XX,  50, NEQ,   27,    0,    0,   19, 1012,  523,  18,   0,   0, 
EP, 15, 2026091112, 03, AVNO, 132, 189N, 1245W,  48,  987, XX,  34, NEQ,   47,   42,   34,   43, 1007,  197,  24,   0,   0, 
EP, 15, 2026091112, 03, AVNO, 138, 194N, 1254W,  56,  990, XX,  34, NEQ,   61,   49,   30,   53, 1010,  494,  21,   0,   0, 
EP, 15, 2026091112, 03, AVNO, 138, 194N, 1254W,  56,  990, XX,  50, NEQ,   26,    0,    0,   23, 1010,  494,  21,   0,   0, 
EP, 15, 2026091112, 03, AVNO, 144, 201N, 1263W,  50,  988, XX,  34, NEQ,   63,   44,   36,   51, 1008,  476,  18,   0,   0, 
EP, 15, 2026091112, 03, AVNO, 150, 206N, 1273W,  50,  993, XX,  34, NEQ,   61,   38,   38,   56, 1009,   70,  28,   0,   0, 
EP, 15, 2026091112, 03, AVNO, 150, 206N, 1273W,  50,  993, XX,  50, NEQ,   28,    0,    0,    0, 1009,   70,  28,   0,   0, 
EP, 15, 2026091112, 03, AVNO, 156, 210N, 1282W,  49,  993, XX,  34, NEQ,   53,   33,   46,   61, 1009,  120,  30,   0,   0, 
EP, 15, 2026091112, 03, AVNO, 162, 211N, 1290W,  50,  998, XX,  34, NEQ,   57,   34,   42,   54, 1010,   59,  23,   0,   0, 
EP, 15, 2026091112, 03, AVNO, 162, 211N, 1290W,  50,  998, XX,  50, NEQ,   23,    0,    0,    0, 1010,   59,  23,   0,   0, 
EP, 15, 2026091112, 03, AVNO, 168, 212N, 1297W,  45,  998, XX,  34, NEQ,   51,   28,   36,   52, 1010,  100,  26,   0,   0, 
EP, 15, 2026091112, 03, AVNO, 174, 211N, 1303W,  40, 1000, XX,  34, NEQ,   45,   30,   39,   47, 1012,  109,  40,   0,   0, 
EP, 15, 2026091112, 03, AVNO, 180, 211N, 1309W,  47,  998, XX,  34, NEQ,   40,   37,   36,   43, 1010,  108,  24,   0,   0, 
EP, 15, 2026091112, 03, AVNO, 186, 210N, 1315W,  41, 1002, XX,  34, NEQ,   52,   28,   30,   49, 1010,   47,  29,   0,   0, 
EP, 15, 2026091112, 03, AVNO, 192, 211N, 1322W,  41, 1001, XX,  34, NEQ,   47,    0,    0,   51, 1009,   59,  29,   0,   0, 
EP, 15, 2026091112, 03, AVNO, 198, 210N, 1329W,  36, 1005, XX,  34, NEQ,   35,    0,    0,   35, 1013,   87,  32,   0,   0, 
EP, 15, 2026091112, 03, AVNO, 204, 211N, 1337W,  40, 1003, XX,  34, NEQ,   49,    0,    0,   45, 1011, 1160,  35,   0,   0, 
EP, 15, 2026091112, 03, AVNO, 210, 209N, 1346W,  35, 1006, XX,  34, NEQ,    0,    0,    0,   50, 1010,   35,  50,   0,   0, 
EP, 15, 2026091112, 03, AVNO, 216, 209N, 1355W,  30, 1006, XX,  34, NEQ,    0,    0,    0,    0, 1010,   46,  46,   0,   0, 
EP, 15, 2026091112, 03, AVNO, 222, 209N, 1364W,  29, 1009, XX,  34, NEQ,    0,    0,    0,    0, 1013,   60,  50,   0,   0, 
EP, 15, 2026091112, 03, AVNO, 228, 211N, 1373W,  28, 1007, XX,  34, NEQ,    0,    0,    0,    0,  -99,  -99,  38,   0,   0, 
EP, 15, 2026091112, 03, AVNO, 234, 213N, 1385W,  30, 1010, XX,  34, NEQ,    0,    0,    0,    0,  -99,  -99,  47,   0,   0, 
EP, 15, 2026091112, 03, AVNO, 240, 215N, 1399W,  29, 1009, XX,  34, NEQ,    0,    0,    0,    0,  -99,  -99,  43,   0,   0, 
EP, 15, 2026091112, 03, HCCA,   0, 123N, 1122W,  20,    0,   ,   0,    ,    0,    0,    0,    0, 
EP, 15, 2026091112, 03, HFSA,   0, 124N, 1120W,  21, 1008, XX,  34, NEQ,    0,    0,    0,    0,  -99,  -99, 125,   0,   0,    ,   0,    , 298,   9,           ,  ,  0,    ,    0,    0,    0,    0, THERMO PARAMS, 2, 14, 31, N, 10, DT, -999, SHR82, -99, 
EP, 15, 2026091112, 03, HFSA,   6, 132N, 1125W,  44, 1008, XX,  34, NEQ,    0,    0,    0,    0,  -99,  -99, 124,   0,   0,    ,   0,    , 317,   9,           ,  ,  0,    ,    0,    0,    0,    0, THERMO PARAMS, -43, 215, 59, N, 10, DT, -999, SHR82, -99, 
EP, 15, 2026091112, 03, HFSA,  12, 138N, 1128W,  30, 1005, XX,  34, NEQ,    0,    0,    0,    0,  -99,  -99, 146,   0,   0,    ,   0,    , 308,   7,           ,  ,  0,    ,    0,    0,    0,    0, THERMO PARAMS, -9, 84, 287, N, 10, DT, -999, SHR82, -99, 
EP, 15, 2026091112, 03, HFSA,  18, 145N, 1131W,  25, 1008, XX,  34, NEQ,    0,    0,    0,    0,  -99,  -99,  95,   0,   0,    ,   0,    , 324,   9,           ,  ,  0,    ,    0,    0,    0,    0, THERMO PARAMS, 18, -606, 147, N, 10, DT, -999, SHR82, -99, 
EP, 15, 2026091112, 03, HFSA,  24, 157N, 1134W,  31, 1005, XX,  34, NEQ,    0,    0,    0,    0,  -99,  -99,  65,   0,   0,    ,   0,    , 329,   8,           ,  ,  0,    ,    0,    0,    0,    0, THERMO PARAMS, -28, 53, 40, N, 10, DT, -999, SHR82, -99, 
EP, 15, 2026091112, 03, HFSA,  30, 161N, 1145W,  29, 1011, XX,  34, NEQ,    0,    0,    0,    0,  -99,  -99,  93,   0,   0,    ,   0,    , 289,   8,           ,  ,  0,    ,    0,    0,    0,    0, THERMO PARAMS, 11, -25, -95, N, 10, DT, -999, SHR82, -99, 
EP, 15, 2026091112, 03, HFSA,  36, 163N, 1154W,  25, 1008, XX,  34, NEQ,    0,    0,    0,    0,  -99,  -99, 141,   0,   0,    ,   0,    , 290,   7,           ,  ,  0,    ,    0,    0,    0,    0, THERMO PARAMS, -5, 96, 49, N, 10, DT, -999, SHR82, -99, 
EP, 15, 2026091112, 03, HFSA,  42, 163N, 1160W,  25, 1011, XX,  34, NEQ,    0,    0,    0,    0,  -99,  -99,  87,   0,   0,    ,   0,    , 245,   5,           ,  ,  0,    ,    0,    0,    0,    0, THERMO PARAMS, 20, 276, 144, N, 10, DT, -999, SHR82, -99, 
EP, 15, 2026091112, 03, HFSA,  48, 156N, 1163W,  24, 1007, XX,  34, NEQ,    0,    0,    0,    0,  -99,  -99,  54,   0,   0,    ,   0,    , 185,   7,           ,  ,  0,    ,    0,    0,    0,    0, THERMO PARAMS, 33, -36, 180, N, 10, DT, -999, SHR82, -99, 
EP, 15, 2026091112, 03, HFSA,  54, 153N, 1168W,  27, 1007, XX,  34, NEQ,    0,    0,    0,    0,  -99,  -99, 153,   0,   0,    ,   0,    , 238,   4,           ,  ,  0,    ,    0,    0,    0,    0, THERMO PARAMS, 34, 41, 211, N, 10, DT, -999, SHR82, -99, 
EP, 15, 2026091112, 03, HFSA,  60, 148N, 1171W,  30, 1006, XX,  34, NEQ,    0,    0,    0,    0,  -99,  -99, 135,   0,   0,    ,   0,    , 244,   6,           ,  ,  0,    ,    0,    0,    0,    0, THERMO PARAMS, 51, -150, 141, N, 10, DT, -999, SHR82, -99, 
EP, 15, 2026091112, 03, HFSA,  66, 152N, 1177W,  31, 1005, XX,  34, NEQ,    0,    0,    0,    0,  -99,  -99,  96,   0,   0,    ,   0,    , 286,   8,           ,  ,  0,    ,    0,    0,    0,    0, THERMO PARAMS, -25, -342, 189, N, 10, DT, -999, SHR82, -99, 
EP, 15, 2026091112, 03, HFSA,  72, 150N, 1183W,  34, 1004, XX,  34, NEQ,    0,    0,    0,    0,  -99,  -99,  86,   0,   0,    ,   0,    , 252,   7,           ,  ,  0,    ,    0,    0,    0,    0, THERMO PARAMS, 6, -185, 248, N, 10, DT, -999, SHR82, -99, 
EP, 15, 2026091112, 03, HFSA,  78, 151N, 1191W,  33, 1004, XX,  34, NEQ,    0,    0,    0,    0,  -99,  -99, 108,   0,   0,    ,   0,    , 260,   8,           ,  ,  0,    ,    0,    0,    0,    0, THERMO PARAMS, 3, 86, 248, N, 10, DT, -999, SHR82, -99, 
EP, 15, 2026091112, 03, HFSA,  84, 148N, 1199W,  33, 1000, XX,  34, NEQ,    0,    0,    0,    0,  -99,  -99,  59,   0,   0,    ,   0,    , 272,   7,           ,  ,  0,    ,    0,    0,    0,    0, THERMO PARAMS, -14, -147, 170, N, 10, DT, -999, SHR82, -99, 
EP, 15, 2026091112, 03, HFSA,  90, 148N, 1207W,  34, 1005, XX,  34, NEQ,    0,    0,    0,    0,  -99,  -99, 134,   0,   0,    ,   0,    , 271,   7,           ,  ,  0,    ,    0,    0,    0,    0, THERMO PARAMS, 7, -160, 162, N, 10, DT, -999, SHR82, -99, 
EP, 15, 2026091112, 03, HFSA,  96, 150N, 1214W,  49,  999, XX,  34, NEQ,    0,    0,    0,    0, 1003,    4,  52,   0,   0,    ,   0,    , 287,   9,           ,  ,  0,    ,    0,    0,    0,    0, THERMO PARAMS, -35, 47, 558, N, 10, DT, -999, SHR82, -99, 
EP, 15, 2026091112, 03, HFSA, 102, 151N, 1220W,  50, 1005, XX,  34, NEQ,   47,    0,    0,    0,  -99,  -99,  31,   0,   0,    ,   0,    , 289,   9,           ,  ,  0,    ,    0,    0,    0,    0, THERMO PARAMS, -63, 199, 422, N, 10, DT, -999, SHR82, -99, 
EP, 15, 2026091112, 03, HFSA, 108, 154N, 1228W,  45, 1001, XX,  34, NEQ,   84,   53,    0,   32,  -99,  -99,  45,   0,   0,    ,   0,    , 306,   8,           ,  ,  0,    ,    0,    0,    0,    0, THERMO PARAMS, -123, 348, 607, N, 10, DT, -999, SHR82, -99, 
EP, 15, 2026091112, 03, HFSA, 114, 156N, 1236W,  49,  997, XX,  34, NEQ,   57,   49,    0,   26, 1001,   10,  44,   0,   0,    ,   0,    , 294,  10,           ,  ,  0,    ,    0,    0,    0,    0, THERMO PARAMS, -130, 315, 573, N, 10, DT, -999, SHR82, -99, 
EP, 15, 2026091112, 03, HFSA, 120, 158N, 1243W,  51, 1002, XX,  34, NEQ,    0,    0,    0,   40,  -99,  -99,  71,   0,   0,    ,   0,    , 284,  10,           ,  ,  0,    ,    0,    0,    0,    0, THERMO PARAMS, -112, 274, 695, N, 10, DT, -999, SHR82, -99, 
EP, 15, 2026091112, 03, HFSA, 126, 161N, 1253W,  38, 1004, XX,  34, NEQ,   92,    0,    0,    0, 1008,   90,  86,   0,   0,    ,   0,    , -99, -99,           ,  ,  0,    ,    0,    0,    0,    0, THERMO PARAMS, -102, 113, 437, N, 10, DT, -999, SHR82, -99, 
EP, 15, 2026091118, 03, AVNO,   0, 131N, 1122W,  22, 1010, XX,  34, NEQ,    0,    0,    0,    0,  -99,  -99, 143,   0,   0, 
EP, 15, 2026091118, 03, AVNO,   6, 140N, 1126W,  26, 1006, XX,  34, NEQ,    0,    0,    0,    0,  -99,  -99,  56,   0,   0, 
EP, 15, 2026091118, 03, AVNO,  12, 143N, 1129W,  27, 1008, XX,  34, NEQ,    0,    0,    0,    0,  -99,  -99,  38,   0,   0, 
EP, 15, 2026091118, 03, AVNO,  18, 149N, 1136W,  26, 1006, XX,  34, NEQ,    0,    0,    0,    0,  -99,  -99,  85,   0,   0, 
EP, 15, 2026091118, 03, AVNO,  24, 150N, 1136W,  34, 1007, XX,  34, NEQ,    0,    0,    0,    0, 1011,   86,  35,   0,   0, 
EP, 15, 2026091118, 03, AVNO,  30, 158N, 1139W,  35, 1003, XX,  34, NEQ,   42,    0,    0,    0, 1007,   39,  37,   0,   0, 
EP, 15, 2026091118, 03, AVNO,  36, 159N, 1144W,  33, 1005, XX,  34, NEQ,    0,    0,    0,    0, 1009,   46,  84,   0,   0, 
EP, 15, 2026091118, 03, AVNO,  42, 158N, 1144W,  36, 1001, XX,  34, NEQ,   45,    0,    0,    0, 1005,   41,  40,   0,   0, 
EP, 15, 2026091118, 03, AVNO,  48, 155N, 1146W,  38, 1000, XX,  34, NEQ,   49,    0,    0,    0, 1008,   56,  39,   0,   0, 
EP, 15, 2026091118, 03, AVNO,  54, 154N, 1151W,  39,  998, XX,  34, NEQ,   42,    0,    0,   41, 1006,   61,  32,   0,   0, 
EP, 15, 2026091118, 03, AVNO,  60, 153N, 1158W,  34, 1001, XX,  34, NEQ,   33,    0,    0,    0, 1009,   74,  33,   0,   0, 
EP, 15, 2026091118, 03, AVNO,  66, 152N, 1162W,  36,  998, XX,  34, NEQ,   98,    0,    0,    0, 1006,   86,  91,   0,   0, 
EP, 15, 2026091118, 03, AVNO,  72, 154N, 1166W,  50,  996, XX,  34, NEQ,   98,   96,   41,   50, 1008,  114,  30,   0,   0, 
EP, 15, 2026091118, 03, AVNO,  72, 154N, 1166W,  50,  996, XX,  50, NEQ,    0,    0,    0,   31, 1008,  114,  30,   0,   0, 
EP, 15, 2026091118, 03, AVNO,  78, 155N, 1169W,  43,  994, XX,  34, NEQ,  101,   97,    0,   62, 1006,  114,  29,   0,   0, 
EP, 15, 2026091118, 03, AVNO,  84, 159N, 1177W,  47,  995, XX,  34, NEQ,  104,  106,    0,   66, 1003,   41,  35,   0,   0, 
EP, 15, 2026091118, 03, AVNO,  90, 164N, 1184W,  45,  991, XX,  34, NEQ,   99,   98,    0,   64, 1007,  219,  34,   0,   0, 
EP, 15, 2026091118, 03, AVNO,  96, 169N, 1193W,  49,  991, XX,  34, NEQ,   96,   59,   33,   73, 1011,  352,  31,   0,   0, 
EP, 15, 2026091118, 03, AVNO, 102, 174N, 1201W,  55,  985, XX,  34, NEQ,  115,   52,   42,   83, 1005,  122,  24,   0,   0, 
EP, 15, 2026091118, 03, AVNO, 102, 174N, 1201W,  55,  985, XX,  50, NEQ,   33,    0,    0,   32, 1005,  122,  24,   0,   0, 
EP, 15, 2026091118, 03, AVNO, 108, 179N, 1209W,  58,  983, XX,  34, NEQ,   97,   55,   47,   86, 1007,   98,  24,   0,   0, 
EP, 15, 2026091118, 03, AVNO, 108, 179N, 1209W,  58,  983, XX,  50, NEQ,   40,   26,   20,   39, 1007,   98,  24,   0,   0, 
EP, 15, 2026091118, 03, AVNO, 114, 184N, 1217W,  68,  977, XX,  34, NEQ,   90,   59,   50,   68, 1005,  103,  27,   0,   0, 
EP, 15, 2026091118, 03, AVNO, 114, 184N, 1217W,  68,  977, XX,  50, NEQ,   43,   32,   30,   38, 1005,  103,  27,   0,   0, 
EP, 15, 2026091118, 03, AVNO, 114, 184N, 1217W,  68,  977, XX,  64, NEQ,   30,    0,    0,    0, 1005,  103,  27,   0,   0, 
EP, 15, 2026091118, 03, AVNO, 120, 189N, 1226W,  65,  980, XX,  34, NEQ,   92,   64,   52,   69, 1008,   97,  23,   0,   0, 
EP, 15, 2026091118, 03, AVNO, 120, 189N, 1226W,  65,  980, XX,  50, NEQ,   41,   36,   30,   35, 1008,   97,  23,   0,   0, 
EP, 15, 2026091118, 03, AVNO, 120, 189N, 1226W,  65,  980, XX,  64, NEQ,   24,    0,    0,    0, 1008,   97,  23,   0,   0, 
EP, 15, 2026091118, 03, AVNO, 126, 195N, 1233W,  68,  975, XX,  34, NEQ,   84,   62,   56,   66, 1007,  161,  23,   0,   0, 
EP, 15, 2026091118, 03, AVNO, 126, 195N, 1233W,  68,  975, XX,  50, NEQ,   40,   40,   29,   38, 1007,  161,  23,   0,   0, 
EP, 15, 2026091118, 03, AVNO, 126, 195N, 1233W,  68,  975, XX,  64, NEQ,   26,    0,    0,   21, 1007,  161,  23,   0,   0, 
EP, 15, 2026091118, 03, AVNO, 132, 201N, 1241W,  68,  980, XX,  34, NEQ,   86,   77,   55,   74, 1008,   84,  22,   0,   0, 
EP, 15, 2026091118, 03, AVNO, 132, 201N, 1241W,  68,  980, XX,  50, NEQ,   39,   42,   29,   41, 1008,   84,  22,   0,   0, 
EP, 15, 2026091118, 03, AVNO, 132, 201N, 1241W,  68,  980, XX,  64, NEQ,   24,    0,    0,    0, 1008,   84,  22,   0,   0, 
EP, 15, 2026091118, 03, AVNO, 138, 207N, 1249W,  61,  979, XX,  34, NEQ,   82,   56,   51,   66, 1007,  109,  24,   0,   0, 
EP, 15, 2026091118, 03, AVNO, 138, 207N, 1249W,  61,  979, XX,  50, NEQ,   42,   35,   33,   38, 1007,  109,  24,   0,   0, 
EP, 15, 2026091118, 03, AVNO, 144, 213N, 1257W,  62,  983, XX,  34, NEQ,   80,   69,   59,   73, 1011,  129,  21,   0,   0, 
EP, 15, 2026091118, 03, AVNO, 144, 213N, 1257W,  62,  983, XX,  50, NEQ,   42,   40,   31,   39, 1011,  129,  21,   0,   0, 
EP, 15, 2026091118, 03, AVNO, 150, 218N, 1263W,  57,  985, XX,  34, NEQ,   73,   62,   56,   71, 1009,   94,  25,   0,   0, 
EP, 15, 2026091118, 03, AVNO, 150, 218N, 1263W,  57,  985, XX,  50, NEQ,   42,   34,   33,   34, 1009,   94,  25,   0,   0, 
EP, 15, 2026091118, 03, AVNO, 156, 222N, 1269W,  55,  990, XX,  34, NEQ,   71,   55,   50,   75, 1010,   75,  36,   0,   0, 
EP, 15, 2026091118, 03, AVNO, 156, 222N, 1269W,  55,  990, XX,  50, NEQ,   42,   23,    0,   37, 1010,   75,  36,   0,   0, 
EP, 15, 2026091118, 03, AVNO, 162, 225N, 1275W,  54,  991, XX,  34, NEQ,   67,   50,   57,   62, 1011,  122,  30,   0,   0, 
EP, 15, 2026091118, 03, AVNO, 162, 225N, 1275W,  54,  991, XX,  50, NEQ,   35,    0,    0,   31, 1011,  122,  30,   0,   0, 
EP, 15, 2026091118, 03, AVNO, 168, 228N, 1280W,  53,  995, XX,  34, NEQ,   64,   59,   53,   63, 1011,   70,  30,   0,   0, 
EP, 15, 2026091118, 03, AVNO, 168, 228N, 1280W,  53,  995, XX,  50, NEQ,   32,    0,    0,   34, 1011,   70,  30,   0,   0, 
EP, 15, 2026091118, 03, AVNO, 174, 231N, 1285W,  48,  995, XX,  34, NEQ,   59,   56,   46,   59, 1007,   53,  30,   0,   0, 
EP, 15, 2026091118, 03, AVNO, 180, 233N, 1290W,  47,  999, XX,  34, NEQ,   64,   57,   45,   59, 1011,   66,  31,   0,   0, 
EP, 15, 2026091118, 03, AVNO, 186, 236N, 1295W,  44,  999, XX,  34, NEQ,   59,   45,   40,   60, 1011,   90,  36,   0,   0, 
EP, 15, 2026091118, 03, AVNO, 192, 240N, 1300W,  40, 1003, XX,  34, NEQ,   53,   44,    0,   54, 1011,   57,  30,   0,   0, 
EP, 15, 2026091118, 03, AVNO, 198, 245N, 1304W,  37, 1003, XX,  34, NEQ,   51,    0,    0,   64, 1011,   77,  31,   0,   0, 
EP, 15, 2026091118, 03, AVNO, 204, 249N, 1309W,  37, 1007, XX,  34, NEQ,   67,    0,    0,   67, 1011,   37,  42,   0,   0, 
EP, 15, 2026091118, 03, AVNO, 210, 254N, 1314W,  33, 1007, XX,  34, NEQ,    0,    0,    0,    0, 1011,   44,  40,   0,   0, 
EP, 15, 2026091118, 03, AVNO, 216, 259N, 1319W,  31, 1010, XX,  34, NEQ,    0,    0,    0,    0, 1014,   50,  41,   0,   0, 
EP, 15, 2026091118, 03, AVNO, 222, 263N, 1323W,  31, 1010, XX,  34, NEQ,    0,    0,    0,    0, 1014,   61,  37,   0,   0, 
EP, 15, 2026091118, 03, AVNO, 228, 263N, 1328W,  29, 1013, XX,  34, NEQ,    0,    0,    0,    0, 1017,   69,  49,   0,   0, 
EP, 15, 2026091118, 03, AVNO, 234, 264N, 1335W,  25, 1013, XX,  34, NEQ,    0,    0,    0,    0,  -99,  -99,  57,   0,   0, 
EP, 15, 2026091118, 03, AVNO, 240, 265N, 1343W,  24, 1016, XX,  34, NEQ,    0,    0,    0,    0,  -99,  -99,  81,   0,   0, 
EP, 15, 2026091118, 03, HCCA,   0, 129N, 1128W,  20,    0,   ,   0,    ,    0,    0,    0,    0, 
EP, 15, 2026091118, 03, HCCA,  12, 144N, 1136W,  25,    0,   ,   0,    ,    0,    0,    0,    0, 
EP, 15, 2026091118, 03, HCCA,  24, 154N, 1143W,  30,    0,   ,   0,    ,    0,    0,    0,    0, 
EP, 15, 2026091118, 03, HCCA,  36, 157N, 1153W,  34,    0,   ,   0,    ,    0,    0,    0,    0, 
EP, 15, 2026091118, 03, HCCA,  48, 154N, 1161W,  35,    0,   ,   0,    ,    0,    0,    0,    0, 
EP, 15, 2026091118, 03, HCCA,  60, 151N, 1171W,  33,    0,   ,   0,    ,    0,    0,    0,    0, 
EP, 15, 2026091118, 03, HCCA,  72, 149N, 1182W,  35,    0,   ,   0,    ,    0,    0,    0,    0, 
EP, 15, 2026091118, 03, HCCA,  84, 150N, 1195W,  37,    0,   ,   0,    ,    0,    0,    0,    0, 
EP, 15, 2026091118, 03, HCCA,  96, 155N, 1207W,  48,    0,   ,   0,    ,    0,    0,    0,    0, 
EP, 15, 2026091118, 03, HCCA, 108, 160N, 1221W,  54,    0,   ,   0,    ,    0,    0,    0,    0, 
EP, 15, 2026091118, 03, HCCA, 120, 165N, 1237W,  48,    0,   ,   0,    ,    0,    0,    0,    0, 
EP, 15, 2026091118, 03, HCCA, 132, 172N, 1255W,  45,    0,   ,   0,    ,    0,    0,    0,    0, 
EP, 15, 2026091118, 03, HCCA, 144, 179N, 1273W,  46,    0,   ,   0,    ,    0,    0,    0,    0, 
EP, 15, 2026091118, 03, HCCA, 156, 186N, 1289W,  47,    0,   ,   0,    ,    0,    0,    0,    0, 
EP, 15, 2026091118, 03, HCCA, 168, 192N, 1304W,  49,    0,   ,   0,    ,    0,    0,    0,    0, 
EP, 15, 2026091118, 03, HFSA,   0, 131N, 1126W,  22, 1007, XX,  34, NEQ,    0,    0,    0,    0, 1011,   41, 158,   0,   0,    ,   0,    , 309,  10,           ,  ,  0,    ,    0,    0,    0,    0, THERMO PARAMS, -16, 243, 170, N, 10, DT, -999, SHR82, -99, 
EP, 15, 2026091118, 03, HFSA,   6, 140N, 1127W,  34, 1002, XX,  34, NEQ,    0,    0,    0,    0, 1006,   10,  57,   0,   0,    ,   0,    , 317,   8,           ,  ,  0,    ,    0,    0,    0,    0, THERMO PARAMS, 4, 179, -190, N, 10, DT, -999, SHR82, -99, 
EP, 15, 2026091118, 03, HFSA,  12, 145N, 1130W,  35, 1007, XX,  34, NEQ,    0,   28,    0,    0,  -99,  -99,  27,   0,   0,    ,   0,    , 324,   4,           ,  ,  0,    ,    0,    0,    0,    0, THERMO PARAMS, -56, -202, 145, N, 10, DT, -999, SHR82, -99, 
EP, 15, 2026091118, 03, HFSA,  18, 152N, 1137W,  43, 1005, XX,  34, NEQ,   42,    0,    0,    0,  -99,  -99,  32,   0,   0,    ,   0,    , 310,   7,           ,  ,  0,    ,    0,    0,    0,    0, THERMO PARAMS, 19, 114, 272, N, 10, DT, -999, SHR82, -99, 
EP, 15, 2026091118, 03, HFSA,  24, 155N, 1144W,  44, 1006, XX,  34, NEQ,   55,   60,   74,    0, 1010,   51,  53,   0,   0,    ,   0,    , 300,   6,           ,  ,  0,    ,    0,    0,    0,    0, THERMO PARAMS, 8, -40, 224, N, 10, DT, -999, SHR82, -99, 
EP, 15, 2026091118, 03, HFSA,  30, 157N, 1150W,  43, 1003, XX,  34, NEQ,   52,   40,    0,    0,  -99,  -99,  30,   0,   0,    ,   0,    , 287,   4,           ,  ,  0,    ,    0,    0,    0,    0, THERMO PARAMS, 45, -108, 271, N, 10, DT, -999, SHR82, -99, 
EP, 15, 2026091118, 03, HFSA,  36, 158N, 1154W,  47, 1004, XX,  34, NEQ,   52,   62,    0,   42,  -99,  -99,  32,   0,   0,    ,   0,    , 271,   4,           ,  ,  0,    ,    0,    0,    0,    0, THERMO PARAMS, 36, 193, 203, N, 10, DT, -999, SHR82, -99, 
EP, 15, 2026091118, 03, HFSA,  42, 154N, 1156W,  53,  991, XX,  34, NEQ,   60,   55,   37,    0,  999,   14,  20,   0,   0,    ,   0,    , 183,   4,           ,  ,  0,    ,    0,    0,    0,    0, THERMO PARAMS, 68, 674, 770, N, 10, DT, -999, SHR82, -99, 
EP, 15, 2026091118, 03, HFSA,  42, 154N, 1156W,  53,  991, XX,  50, NEQ,    0,   21,    0,    0,  999,   14,  20,   0,   0,    ,   0,    , 183,   4,           ,  ,  0,    ,    0,    0,    0,    0, THERMO PARAMS, 68, 674, 770, N, 10, DT, -999, SHR82, -99, 
EP, 15, 2026091118, 03, HFSA,  48, 153N, 1160W,  59,  994, XX,  34, NEQ,   71,   81,   36,   63,  998,   13,  25,   0,   0,    ,   0,    , 257,   4,           ,  ,  0,    ,    0,    0,    0,    0, THERMO PARAMS, 8, 719, 575, N, 10, DT, -999, SHR82, -99, 
EP, 15, 2026091118, 03, HFSA,  48, 153N, 1160W,  59,  994, XX,  50, NEQ,   44,    0,    0,   34,  998,   13,  25,   0,   0,    ,   0,    , 257,   4,           ,  ,  0,    ,    0,    0,    0,    0, THERMO PARAMS, 8, 719, 575, N, 10, DT, -999, SHR82, -99, 
EP, 15, 2026091118, 03, HFSA,  54, 153N, 1165W,  62,  988, XX,  34, NEQ,   83,   83,   47,   73,  992,   11,  20,   0,   0,    ,   0,    , 257,   6,           ,  ,  0,    ,    0,    0,    0,    0, THERMO PARAMS, -16, 1064, 965, N, 10, DT, -999, SHR82, -99, 
EP, 15, 2026091118, 03, HFSA,  54, 153N, 1165W,  62,  988, XX,  50, NEQ,   36,    0,    0,   31,  992,   11,  20,   0,   0,    ,   0,    , 257,   6,           ,  ,  0,    ,    0,    0,    0,    0, THERMO PARAMS, -16, 1064, 965, N, 10, DT, -999, SHR82, -99, 
EP, 15, 2026091118, 03, HFSA,  60, 150N, 1173W,  56,  994, XX,  34, NEQ,   84,   57,   53,   78,  998,   15,  22,   0,   0,    ,   0,    , 255,   7,           ,  ,  0,    ,    0,    0,    0,    0, THERMO PARAMS, 9, 962, 671, N, 10, DT, -999, SHR82, -99, 
EP, 15, 2026091118, 03, HFSA,  60, 150N, 1173W,  56,  994, XX,  50, NEQ,   26,    0,    0,   23,  998,   15,  22,   0,   0,    ,   0,    , 255,   7,           ,  ,  0,    ,    0,    0,    0,    0, THERMO PARAMS, 9, 962, 671, N, 10, DT, -999, SHR82, -99, 
EP, 15, 2026091118, 03, HFSA,  66, 148N, 1180W,  55,  987, XX,  34, NEQ,   81,   74,   45,   73,  999,   34,  37,   0,   0,    ,   0,    , 259,   7,           ,  ,  0,    ,    0,    0,    0,    0, THERMO PARAMS, -6, 910, 894, N, 10, DT, -999, SHR82, -99, 
EP, 15, 2026091118, 03, HFSA,  66, 148N, 1180W,  55,  987, XX,  50, NEQ,   40,   13,    0,   34,  999,   34,  37,   0,   0,    ,   0,    , 259,   7,           ,  ,  0,    ,    0,    0,    0,    0, THERMO PARAMS, -6, 910, 894, N, 10, DT, -999, SHR82, -99, 
EP, 15, 2026091118, 03, HFSA,  72, 146N, 1186W,  56,  989, XX,  34, NEQ,  102,   83,   47,   79,  997,   24,  31,   0,   0,    ,   0,    , 266,   6,           ,  ,  0,    ,    0,    0,    0,    0, THERMO PARAMS, -13, 1046, 980, N, 10, DT, -999, SHR82, -99, 
EP, 15, 2026091118, 03, HFSA,  72, 146N, 1186W,  56,  989, XX,  50, NEQ,   40,    0,    0,   29,  997,   24,  31,   0,   0,    ,   0,    , 266,   6,           ,  ,  0,    ,    0,    0,    0,    0, THERMO PARAMS, -13, 1046, 980, N, 10, DT, -999, SHR82, -99, 
EP, 15, 2026091118, 03, HFSA,  78, 146N, 1192W,  58,  987, XX,  34, NEQ,  120,   83,   49,   86, 1003,   72,  26,   0,   0,    ,   0,    , 275,   6,           ,  ,  0,    ,    0,    0,    0,    0, THERMO PARAMS, -50, 711, 1070, N, 10, DT, -999, SHR82, -99, 
EP, 15, 2026091118, 03, HFSA,  78, 146N, 1192W,  58,  987, XX,  50, NEQ,   42,   19,    0,   36, 1003,   72,  26,   0,   0,    ,   0,    , 275,   6,           ,  ,  0,    ,    0,    0,    0,    0, THERMO PARAMS, -50, 711, 1070, N, 10, DT, -999, SHR82, -99, 
EP, 15, 2026091118, 03, HFSA,  84, 148N, 1198W,  67,  985, XX,  34, NEQ,  115,  107,   40,   81, 1001,   44,  17,   0,   0,    ,   0,    , 294,   7,           ,  ,  0,    ,    0,    0,    0,    0, THERMO PARAMS, -50, 1288, 1295, N, 10, DT, -999, SHR82, -99, 
EP, 15, 2026091118, 03, HFSA,  84, 148N, 1198W,  67,  985, XX,  50, NEQ,   52,   24,    0,   40, 1001,   44,  17,   0,   0,    ,   0,    , 294,   7,           ,  ,  0,    ,    0,    0,    0,    0, THERMO PARAMS, -50, 1288, 1295, N, 10, DT, -999, SHR82, -99, 
EP, 15, 2026091118, 03, HFSA,  84, 148N, 1198W,  67,  985, XX,  64, NEQ,    0,    0,    0,   23, 1001,   44,  17,   0,   0,    ,   0,    , 294,   7,           ,  ,  0,    ,    0,    0,    0,    0, THERMO PARAMS, -50, 1288, 1295, N, 10, DT, -999, SHR82, -99, 
EP, 15, 2026091118, 03, HFSA,  90, 151N, 1205W,  64,  981, XX,  34, NEQ,  105,   91,   44,   81,  985,   10,  19,   0,   0,    ,   0,    , 298,   8,           ,  ,  0,    ,    0,    0,    0,    0, THERMO PARAMS, -97, 1463, 1080, N, 10, DT, -999, SHR82, -99, 
EP, 15, 2026091118, 03, HFSA,  90, 151N, 1205W,  64,  981, XX,  50, NEQ,   45,    0,   24,   39,  985,   10,  19,   0,   0,    ,   0,    , 298,   8,           ,  ,  0,    ,    0,    0,    0,    0, THERMO PARAMS, -97, 1463, 1080, N, 10, DT, -999, SHR82, -99, 
EP, 15, 2026091118, 03, HFSA,  96, 154N, 1212W,  74,  978, XX,  34, NEQ,  118,  107,   53,   83, 1002,   48,  15,   0,   0,    ,   0,    , 296,   9,           ,  ,  0,    ,    0,    0,    0,    0, THERMO PARAMS, -60, 1492, 1699, N, 10, DT, -999, SHR82, -99, 
EP, 15, 2026091118, 03, HFSA,  96, 154N, 1212W,  74,  978, XX,  50, NEQ,   42,   29,   24,   34, 1002,   48,  15,   0,   0,    ,   0,    , 296,   9,           ,  ,  0,    ,    0,    0,    0,    0, THERMO PARAMS, -60, 1492, 1699, N, 10, DT, -999, SHR82, -99, 
EP, 15, 2026091118, 03, HFSA,  96, 154N, 1212W,  74,  978, XX,  64, NEQ,   23,   19,   15,   21, 1002,   48,  15,   0,   0,    ,   0,    , 296,   9,           ,  ,  0,    ,    0,    0,    0,    0, THERMO PARAMS, -60, 1492, 1699, N, 10, DT, -999, SHR82, -99, 
EP, 15, 2026091118, 03, HFSA, 102, 159N, 1221W,  85,  970, XX,  34, NEQ,  115,   65,   58,  105, 1002,   70,  15,   0,   0,    ,   0,    , 300,   9,           ,  ,  0,    ,    0,    0,    0,    0, THERMO PARAMS, -75, 1938, 1801, N, 10, DT, -999, SHR82, -99, 
EP, 15, 2026091118, 03, HFSA, 102, 159N, 1221W,  85,  970, XX,  50, NEQ,   55,   34,   28,   37, 1002,   70,  15,   0,   0,    ,   0,    , 300,   9,           ,  ,  0,    ,    0,    0,    0,    0, THERMO PARAMS, -75, 1938, 1801, N, 10, DT, -999, SHR82, -99, 
EP, 15, 2026091118, 03, HFSA, 102, 159N, 1221W,  85,  970, XX,  64, NEQ,   23,   23,   16,   21, 1002,   70,  15,   0,   0,    ,   0,    , 300,   9,           ,  ,  0,    ,    0,    0,    0,    0, THERMO PARAMS, -75, 1938, 1801, N, 10, DT, -999, SHR82, -99, 
EP, 15, 2026091118, 03, HFSA, 108, 164N, 1230W,  91,  968, XX,  34, NEQ,  130,   87,   47,  104,  996,   30,  14,   0,   0,    ,   0,    , 295,  11,           ,  ,  0,    ,    0,    0,    0,    0, THERMO PARAMS, -56, 1751, 2211, N, 10, DT, -999, SHR82, -99, 
EP, 15, 2026091118, 03, HFSA, 108, 164N, 1230W,  91,  968, XX,  50, NEQ,   53,   36,   29,   42,  996,   30,  14,   0,   0,    ,   0,    , 295,  11,           ,  ,  0,    ,    0,    0,    0,    0, THERMO PARAMS, -56, 1751, 2211, N, 10, DT, -999, SHR82, -99, 
EP, 15, 2026091118, 03, HFSA, 108, 164N, 1230W,  91,  968, XX,  64, NEQ,   26,   23,   19,   24,  996,   30,  14,   0,   0,    ,   0,    , 295,  11,           ,  ,  0,    ,    0,    0,    0,    0, THERMO PARAMS, -56, 1751, 2211, N, 10, DT, -999, SHR82, -99, 
EP, 15, 2026091118, 03, HFSA, 114, 170N, 1240W,  98,  962, XX,  34, NEQ,  105,   73,   55,   92,  998,   43,  11,   0,   0,    ,   0,    , 301,  12,           ,  ,  0,    ,    0,    0,    0,    0, THERMO PARAMS, -48, 1697, 2353, N, 10, DT, -999, SHR82, -99, 
EP, 15, 2026091118, 03, HFSA, 114, 170N, 1240W,  98,  962, XX,  50, NEQ,   44,   31,   29,   42,  998,   43,  11,   0,   0,    ,   0,    , 301,  12,           ,  ,  0,    ,    0,    0,    0,    0, THERMO PARAMS, -48, 1697, 2353, N, 10, DT, -999, SHR82, -99, 
EP, 15, 2026091118, 03, HFSA, 114, 170N, 1240W,  98,  962, XX,  64, NEQ,   26,   19,   21,   28,  998,   43,  11,   0,   0,    ,   0,    , 301,  12,           ,  ,  0,    ,    0,    0,    0,    0, THERMO PARAMS, -48, 1697, 2353, N, 10, DT, -999, SHR82, -99, 
EP, 15, 2026091118, 03, HFSA, 120, 175N, 1251W,  93,  967, XX,  34, NEQ,  154,   87,   53,  123, 1003,   54,  12,   0,   0,    ,   0,    , 298,  12,           ,  ,  0,    ,    0,    0,    0,    0, THERMO PARAMS, -55, 1340, 2364, N, 10, DT, -999, SHR82, -99, 
EP, 15, 2026091118, 03, HFSA, 120, 175N, 1251W,  93,  967, XX,  50, NEQ,   47,   32,   29,   44, 1003,   54,  12,   0,   0,    ,   0,    , 298,  12,           ,  ,  0,    ,    0,    0,    0,    0, THERMO PARAMS, -55, 1340, 2364, N, 10, DT, -999, SHR82, -99, 
EP, 15, 2026091118, 03, HFSA, 120, 175N, 1251W,  93,  967, XX,  64, NEQ,   24,   21,   19,   26, 1003,   54,  12,   0,   0,    ,   0,    , 298,  12,           ,  ,  0,    ,    0,    0,    0,    0, THERMO PARAMS, -55, 1340, 2364, N, 10, DT, -999, SHR82, -99, 
EP, 15, 2026091118, 03, HFSA, 126, 183N, 1261W,  97,  965, XX,  34, NEQ,  128,   68,   66,  107, 1001,   55,  12,   0,   0,    ,   0,    , -99, -99,           ,  ,  0,    ,    0,    0,    0,    0, THERMO PARAMS, -19, 1416, 2376, N, 10, DT, -999, SHR82, -99, 
EP, 15, 2026091118, 03, HFSA, 126, 183N, 1261W,  97,  965, XX,  50, NEQ,   45,   36,   28,   42, 1001,   55,  12,   0,   0,    ,   0,    , -99, -99,           ,  ,  0,    ,    0,    0,    0,    0, THERMO PARAMS, -19, 1416, 2376, N, 10, DT, -999, SHR82, -99, 
EP, 15, 2026091118, 03, HFSA, 126, 183N, 1261W,  97,  965, XX,  64, NEQ,   26,   23,   18,   26, 1001,   55,  12,   0,   0,    ,   0,    , -99, -99,           ,  ,  0,    ,    0,    0,    0,    0, THERMO PARAMS, -19, 1416, 2376, N, 10, DT, -999, SHR82, -99, 
EP, 15, 2026091118, 03, TVCN,   0, 129N, 1128W,   0,    0,   ,   0,    ,    0,    0,    0,    0, 
EP, 15, 2026091118, 03, TVCN,  12, 144N, 1137W,   0,    0,   ,   0,    ,    0,    0,    0,    0, 
EP, 15, 2026091118, 03, TVCN,  24, 153N, 1145W,   0,    0,   ,   0,    ,    0,    0,    0,    0, 
EP, 15, 2026091118, 03, TVCN,  36, 155N, 1154W,   0,    0,   ,   0,    ,    0,    0,    0,    0, 
EP, 15, 2026091118, 03, TVCN,  48, 151N, 1162W,   0,    0,   ,   0,    ,    0,    0,    0,    0, 
EP, 15, 2026091118, 03, TVCN,  60, 148N, 1173W,   0,    0,   ,   0,    ,    0,    0,    0,    0, 
EP, 15, 2026091118, 03, TVCN,  72, 146N, 1186W,   0,    0,   ,   0,    ,    0,    0,    0,    0, 
EP, 15, 2026091118, 03, TVCN,  84, 147N, 1202W,   0,    0,   ,   0,    ,    0,    0,    0,    0, 
EP, 15, 2026091118, 03, TVCN,  96, 151N, 1218W,   0,    0,   ,   0,    ,    0,    0,    0,    0, 
EP, 15, 2026091118, 03, TVCN, 108, 156N, 1236W,   0,    0,   ,   0,    ,    0,    0,    0,    0, 
EP, 15, 2026091118, 03, TVCN, 120, 162N, 1257W,   0,    0,   ,   0,    ,    0,    0,    0,    0, 
EP, 15, 2026091118, 03, TVCN, 132, 169N, 1277W,   0,    0,   ,   0,    ,    0,    0,    0,    0, 
EP, 15, 2026091118, 03, TVCN, 144, 175N, 1290W,   0,    0,   ,   0,    ,    0,    0,    0,    0, 
EP, 15, 2026091118, 03, TVCN, 156, 182N, 1307W,   0,    0,   ,   0,    ,    0,    0,    0,    0, 
EP, 15, 2026091118, 03, TVCN, 168, 188N, 1324W,   0,    0,   ,   0,    ,    0,    0,    0,    0, 
EP, 15, 2026091200, 03,  UKX,   0, 138N, 1134W,  21, 1008, XX,  34, NEQ,    0,    0,    0,    0, 
EP, 15, 2026091200, 03,  UKX,   6, 146N, 1139W,  19, 1009, XX,  34, NEQ,    0,    0,    0,    0, 
EP, 15, 2026091200, 03,  UKX,  12, 152N, 1144W,  20, 1009, XX,  34, NEQ,    0,    0,    0,    0, 
EP, 15, 2026091200, 03,  UKX,  18, 155N, 1149W,  24, 1009, XX,  34, NEQ,    0,    0,    0,    0, 
EP, 15, 2026091200, 03,  UKX,  24, 159N, 1156W,  24, 1008, XX,  34, NEQ,    0,    0,    0,    0, 
EP, 15, 2026091200, 03,  UKX,  30, 159N, 1163W,  22, 1008, XX,  34, NEQ,    0,    0,    0,    0, 
EP, 15, 2026091200, 03,  UKX,  36, 157N, 1167W,  26, 1008, XX,  34, NEQ,    0,    0,    0,    0, 
EP, 15, 2026091200, 03,  UKX,  42, 156N, 1176W,  28, 1007, XX,  34, NEQ,    0,    0,    0,    0, 
EP, 15, 2026091200, 03,  UKX,  48, 155N, 1186W,  28, 1005, XX,  34, NEQ,    0,    0,    0,    0, 
EP, 15, 2026091200, 03,  UKX,  54, 152N, 1196W,  28, 1007, XX,  34, NEQ,    0,    0,    0,    0, 
EP, 15, 2026091200, 03,  UKX,  60, 150N, 1205W,  29, 1004, XX,  34, NEQ,    0,    0,    0,    0, 
EP, 15, 2026091200, 03,  UKX,  66, 147N, 1216W,  31, 1006, XX,  34, NEQ,    0,    0,    0,    0, 
EP, 15, 2026091200, 03,  UKX,  72, 143N, 1227W,  30, 1002, XX,  34, NEQ,    0,    0,    0,    0, 
EP, 15, 2026091200, 03,  UKX,  78, 139N, 1236W,  32, 1004, XX,  34, NEQ,    0,    0,    0,    0, 
EP, 15, 2026091200, 03,  UKX,  84, 136N, 1248W,  36, 1001, XX,  34, NEQ,   91,    0,    0,   92, 
EP, 15, 2026091200, 03,  UKX,  90, 133N, 1261W,  36, 1003, XX,  34, NEQ,   86,    0,    0,   90, 
EP, 15, 2026091200, 03,  UKX,  96, 130N, 1269W,  33, 1000, XX,  34, NEQ,    0,    0,    0,    0, 
EP, 15, 2026091200, 03,  UKX, 102, 130N, 1278W,  34, 1002, XX,  34, NEQ,    0,    0,    0,    0, 
EP, 15, 2026091200, 03,  UKX, 108, 130N, 1288W,  33,  999, XX,  34, NEQ,    0,    0,    0,    0, 
EP, 15, 2026091200, 03,  UKX, 114, 132N, 1299W,  35, 1001, XX,  34, NEQ,    0,    0,    0,   81, 
EP, 15, 2026091200, 03,  UKX, 120, 135N, 1311W,  37,  997, XX,  34, NEQ,   99,    0,    0,   80, 
EP, 15, 2026091200, 03,  UKX, 126, 137N, 1323W,  38,  999, XX,  34, NEQ,   94,    0,    0,   87, 
EP, 15, 2026091200, 03,  UKX, 132, 141N, 1335W,  39,  996, XX,  34, NEQ,  101,    0,    0,   70, 
EP, 15, 2026091200, 03,  UKX, 138, 144N, 1345W,  39,  997, XX,  34, NEQ,   87,    0,   37,   98, 
EP, 15, 2026091200, 03,  UKX, 144, 149N, 1353W,  41,  995, XX,  34, NEQ,   72,   59,    0,   70, 
EP, 15, 2026091200, 03, AVNO,   0, 140N, 1126W,  25, 1006, XX,  34, NEQ,    0,    0,    0,    0,  -99,  -99, 104,   0,   0, 
EP, 15, 2026091200, 03, AVNO,   6, 144N, 1130W,  29, 1009, XX,  34, NEQ,    0,    0,    0,    0,  -99,  -99,  32,   0,   0, 
EP, 15, 2026091200, 03, AVNO,  12, 149N, 1137W,  23, 1006, XX,  34, NEQ,    0,    0,    0,    0,  -99,  -99,  85,   0,   0, 
EP, 15, 2026091200, 03, AVNO,  18, 150N, 1137W,  33, 1008, XX,  34, NEQ,    0,    0,    0,    0, 1012,   97,  28,   0,   0, 
EP, 15, 2026091200, 03, AVNO,  24, 158N, 1143W,  28, 1004, XX,  34, NEQ,    0,    0,    0,    0, 1008,   73,  56,   0,   0, 
EP, 15, 2026091200, 03, AVNO,  30, 159N, 1150W,  25, 1007, XX,  34, NEQ,    0,    0,    0,    0, 1011,   71,  90,   0,   0, 
EP, 15, 2026091200, 03, AVNO,  36, 156N, 1152W,  27, 1004, XX,  34, NEQ,    0,    0,    0,    0, 1008,   78,  73,   0,   0, 
EP, 15, 2026091200, 03, AVNO,  42, 153N, 1154W,  32, 1006, XX,  34, NEQ,    0,    0,    0,    0, 1010,   75,  56,   0,   0, 
EP, 15, 2026091200, 03, AVNO,  48, 149N, 1159W,  36, 1003, XX,  34, NEQ,   41,    0,    0,    0,  -99,  -99,  34,   0,   0, 
EP, 15, 2026091200, 03, AVNO,  54, 148N, 1168W,  34, 1004, XX,  34, NEQ,    0,    0,    0,    0, 1008,   65,  64,   0,   0, 
EP, 15, 2026091200, 03, AVNO,  60, 147N, 1173W,  30, 1002, XX,  34, NEQ,    0,    0,    0,    0, 1006,   78,  89,   0,   0, 
EP, 15, 2026091200, 03, AVNO,  66, 145N, 1181W,  34, 1003, XX,  34, NEQ,    0,    0,    0,    0, 1007,   72,  62,   0,   0, 
EP, 15, 2026091200, 03, AVNO,  72, 140N, 1183W,  37,  998, XX,  34, NEQ,   66,   54,    0,    0, 1006,  147,  57,   0,   0, 
EP, 15, 2026091200, 03, AVNO,  78, 137N, 1185W,  49,  996, XX,  34, NEQ,   84,   53,    0,   94, 1008,  148,  21,   0,   0, 
EP, 15, 2026091200, 03, AVNO,  84, 138N, 1188W,  46,  996, XX,  34, NEQ,   90,   96,    0,   48, 1000,   21,  25,   0,   0, 
EP, 15, 2026091200, 03, AVNO,  90, 142N, 1194W,  53,  995, XX,  34, NEQ,  115,  115,   38,   80, 1007,  118,  19,   0,   0, 
EP, 15, 2026091200, 03, AVNO,  90, 142N, 1194W,  53,  995, XX,  50, NEQ,    0,    0,    0,   20, 1007,  118,  19,   0,   0, 
EP, 15, 2026091200, 03, AVNO,  96, 148N, 1203W,  46,  989, XX,  34, NEQ,  133,  133,   44,   71, 1009, 2192,  16,   0,   0, 
EP, 15, 2026091200, 03, AVNO, 102, 154N, 1210W,  50,  991, XX,  34, NEQ,  132,  131,   31,   96, 1007,  126,  24,   0,   0, 
EP, 15, 2026091200, 03, AVNO, 108, 161N, 1221W,  51,  986, XX,  34, NEQ,  135,   44,   50,   86, 1006,  202,  23,   0,   0, 
EP, 15, 2026091200, 03, AVNO, 108, 161N, 1221W,  51,  986, XX,  50, NEQ,   23,    0,    0,    0, 1006,  202,  23,   0,   0, 
EP, 15, 2026091200, 03, AVNO, 114, 167N, 1228W,  53,  987, XX,  34, NEQ,  145,   64,   55,   90, 1011,  371,  29,   0,   0, 
EP, 15, 2026091200, 03, AVNO, 114, 167N, 1228W,  53,  987, XX,  50, NEQ,   41,    0,    0,   24, 1011,  371,  29,   0,   0, 
EP, 15, 2026091200, 03, AVNO, 120, 173N, 1237W,  55,  982, XX,  34, NEQ,  135,   68,   52,  102, 1006,  194,  36,   0,   0, 
EP, 15, 2026091200, 03, AVNO, 120, 173N, 1237W,  55,  982, XX,  50, NEQ,   43,    0,    0,   32, 1006,  194,  36,   0,   0, 
EP, 15, 2026091200, 03, AVNO, 126, 178N, 1247W,  62,  982, XX,  34, NEQ,  129,   68,   52,  101, 1006,   96,  25,   0,   0, 
EP, 15, 2026091200, 03, AVNO, 126, 178N, 1247W,  62,  982, XX,  50, NEQ,   43,   40,    0,   40, 1006,   96,  25,   0,   0, 
EP, 15, 2026091200, 03, AVNO, 132, 183N, 1256W,  61,  980, XX,  34, NEQ,  103,   65,   65,   90, 1008,  467,  29,   0,   0, 
EP, 15, 2026091200, 03, AVNO, 132, 183N, 1256W,  61,  980, XX,  50, NEQ,   49,   37,   40,   39, 1008,  467,  29,   0,   0, 
EP, 15, 2026091200, 03, AVNO, 138, 187N, 1264W,  61,  979, XX,  34, NEQ,   96,   69,   62,   96, 1011,  488,  23,   0,   0, 
EP, 15, 2026091200, 03, AVNO, 138, 187N, 1264W,  61,  979, XX,  50, NEQ,   56,   42,   40,   51, 1011,  488,  23,   0,   0, 
EP, 15, 2026091200, 03, AVNO, 144, 191N, 1272W,  64,  976, XX,  34, NEQ,   85,   69,   65,   87, 1008,  372,  22,   0,   0, 
EP, 15, 2026091200, 03, AVNO, 144, 191N, 1272W,  64,  976, XX,  50, NEQ,   45,   41,   36,   43, 1008,  372,  22,   0,   0, 
EP, 15, 2026091200, 03, AVNO, 144, 191N, 1272W,  64,  976, XX,  64, NEQ,    0,    0,    0,   22, 1008,  372,  22,   0,   0, 
EP, 15, 2026091200, 03, AVNO, 150, 195N, 1278W,  60,  980, XX,  34, NEQ,   90,   73,   59,   91, 1008,   94,  29,   0,   0, 
EP, 15, 2026091200, 03, AVNO, 150, 195N, 1278W,  60,  980, XX,  50, NEQ,   49,   40,   37,   47, 1008,   94,  29,   0,   0, 
EP, 15, 2026091200, 03, AVNO, 156, 200N, 1283W,  60,  980, XX,  34, NEQ,   85,   73,   58,   86, 1008,  135,  30,   0,   0, 
EP, 15, 2026091200, 03, AVNO, 156, 200N, 1283W,  60,  980, XX,  50, NEQ,   45,   39,   32,   47, 1008,  135,  30,   0,   0, 
EP, 15, 2026091200, 03, AVNO, 162, 205N, 1288W,  60,  983, XX,  34, NEQ,   90,   76,   59,   79, 1011,  169,  33,   0,   0, 
EP, 15, 2026091200, 03, AVNO, 162, 205N, 1288W,  60,  983, XX,  50, NEQ,   46,   39,   33,   40, 1011,  169,  33,   0,   0, 
EP, 15, 2026091200, 03, AVNO, 168, 210N, 1293W,  62,  982, XX,  34, NEQ,   86,   74,   70,   84, 1006,   84,  28,   0,   0, 
EP, 15, 2026091200, 03, AVNO, 168, 210N, 1293W,  62,  982, XX,  50, NEQ,   48,   37,   40,   41, 1006,   84,  28,   0,   0, 
EP, 15, 2026091200, 03, AVNO, 174, 214N, 1299W,  63,  986, XX,  34, NEQ,   95,   66,   66,   87, 1010,   93,  31,   0,   0, 
EP, 15, 2026091200, 03, AVNO, 174, 214N, 1299W,  63,  986, XX,  50, NEQ,   50,   39,   34,   41, 1010,   93,  31,   0,   0, 
EP, 15, 2026091200, 03, AVNO, 180, 219N, 1306W,  57,  985, XX,  34, NEQ,   86,   63,   66,   91, 1009,  128,  24,   0,   0, 
EP, 15, 2026091200, 03, AVNO, 180, 219N, 1306W,  57,  985, XX,  50, NEQ,   45,   34,   26,   41, 1009,  128,  24,   0,   0, 
EP, 15, 2026091200, 03, AVNO, 186, 222N, 1312W,  57,  989, XX,  34, NEQ,   84,   58,   62,   95, 1013,  666,  34,   0,   0, 
EP, 15, 2026091200, 03, AVNO, 186, 222N, 1312W,  57,  989, XX,  50, NEQ,   44,   30,    0,   39, 1013,  666,  34,   0,   0, 
EP, 15, 2026091200, 03, AVNO, 192, 226N, 1318W,  56,  988, XX,  34, NEQ,   92,   61,   68,   90, 1008,   94,  28,   0,   0, 
EP, 15, 2026091200, 03, AVNO, 192, 226N, 1318W,  56,  988, XX,  50, NEQ,   45,    0,    0,   42, 1008,   94,  28,   0,   0, 
EP, 15, 2026091200, 03, AVNO, 198, 229N, 1324W,  55,  994, XX,  34, NEQ,   96,   66,   63,   87, 1010,   77,  31,   0,   0, 
EP, 15, 2026091200, 03, AVNO, 198, 229N, 1324W,  55,  994, XX,  50, NEQ,   40,    0,    0,   40, 1010,   77,  31,   0,   0, 
EP, 15, 2026091200, 03, AVNO, 204, 232N, 1331W,  45,  997, XX,  34, NEQ,   90,   56,   55,   81, 1009,   81,  32,   0,   0, 
EP, 15, 2026091200, 03, AVNO, 210, 238N, 1339W,  41, 1002, XX,  34, NEQ,   92,   52,   62,   84, 1014,  185,  45,   0,   0, 
EP, 15, 2026091200, 03, AVNO, 216, 244N, 1346W,  43, 1002, XX,  34, NEQ,  117,   49,   53,  103, 1010,   80,  34,   0,   0, 
EP, 15, 2026091200, 03, AVNO, 222, 246N, 1350W,  46, 1006, XX,  34, NEQ,  153,    0,   66,  132, 1014,   91,  29,   0,   0, 
EP, 15, 2026091200, 03, AVNO, 228, 249N, 1353W,  37, 1006, XX,  34, NEQ,  131,    0,    0,   61, 1010,   46,  49,   0,   0, 
EP, 15, 2026091200, 03, AVNO, 234, 255N, 1359W,  37, 1009, XX,  34, NEQ,  115,    0,   59,  110, 1013,   47,  82,   0,   0, 
EP, 15, 2026091200, 03, AVNO, 240, 260N, 1368W,  37, 1008, XX,  34, NEQ,  121,    0,   55,   79, 1012,   50,  95,   0,   0, 
EP, 15, 2026091200, 03, HCCA,   0, 135N, 1141W,  25,    0,   ,   0,    ,    0,    0,    0,    0, 
EP, 15, 2026091200, 03, HCCA,  12, 147N, 1149W,  33,    0,   ,   0,    ,    0,    0,    0,    0, 
EP, 15, 2026091200, 03, HCCA,  24, 154N, 1156W,  41,    0,   ,   0,    ,    0,    0,    0,    0, 
EP, 15, 2026091200, 03, HCCA,  36, 154N, 1162W,  47,    0,   ,   0,    ,    0,    0,    0,    0, 
EP, 15, 2026091200, 03, HCCA,  48, 150N, 1170W,  51,    0,   ,   0,    ,    0,    0,    0,    0, 
EP, 15, 2026091200, 03, HCCA,  60, 147N, 1179W,  56,    0,   ,   0,    ,    0,    0,    0,    0, 
EP, 15, 2026091200, 03, HCCA,  72, 147N, 1190W,  57,    0,   ,   0,    ,    0,    0,    0,    0, 
EP, 15, 2026091200, 03, HCCA,  84, 152N, 1204W,  58,    0,   ,   0,    ,    0,    0,    0,    0, 
EP, 15, 2026091200, 03, HCCA,  96, 158N, 1219W,  62,    0,   ,   0,    ,    0,    0,    0,    0, 
EP, 15, 2026091200, 03, HCCA, 108, 166N, 1237W,  68,    0,   ,   0,    ,    0,    0,    0,    0, 
EP, 15, 2026091200, 03, HCCA, 120, 173N, 1256W,  75,    0,   ,   0,    ,    0,    0,    0,    0, 
EP, 15, 2026091200, 03, HCCA, 132, 183N, 1273W,  63,    0,   ,   0,    ,    0,    0,    0,    0, 
EP, 15, 2026091200, 03, HCCA, 144, 193N, 1288W,  59,    0,   ,   0,    ,    0,    0,    0,    0, 
EP, 15, 2026091200, 03, HCCA, 156, 202N, 1299W,  56,    0,   ,   0,    ,    0,    0,    0,    0, 
EP, 15, 2026091200, 03, HCCA, 168, 209N, 1309W,  54,    0,   ,   0,    ,    0,    0,    0,    0, 
EP, 15, 2026091200, 03, HFSA,   0, 137N, 1137W,  26, 1005, XX,  34, NEQ,    0,    0,    0,    0,  -99,  -99, 124,   0,   0,    ,   0,    , 309,   8,           ,  ,  0,    ,    0,    0,    0,    0, THERMO PARAMS, -2, -46, 57, N, 10, DT, -999, SHR82, -99, 
EP, 15, 2026091200, 03, HFSA,   6, 139N, 1133W,  32, 1009, XX,  34, NEQ,    0,    0,    0,    0,  -99,  -99,  53,   0,   0,    ,   0,    ,   1,   4,           ,  ,  0,    ,    0,    0,    0,    0, THERMO PARAMS, -30, -8, 57, N, 10, DT, -999, SHR82, -99, 
EP, 15, 2026091200, 03, HFSA,  12, 144N, 1134W,  34, 1006, XX,  34, NEQ,    0,    0,    0,    0,  -99,  -99,  33,   0,   0,    ,   0,    , 341,   5,           ,  ,  0,    ,    0,    0,    0,    0, THERMO PARAMS, -42, -56, 164, N, 10, DT, -999, SHR82, -99, 
EP, 15, 2026091200, 03, HFSA,  18, 149N, 1133W,  34, 1007, XX,  34, NEQ,    0,    0,    0,    0, 1011,   42,  87,   0,   0,    ,   0,    , 348,   4,           ,  ,  0,    ,    0,    0,    0,    0, THERMO PARAMS, -54, 144, 227, N, 10, DT, -999, SHR82, -99, 
EP, 15, 2026091200, 03, HFSA,  24, 152N, 1138W,  33, 1004, XX,  34, NEQ,    0,    0,    0,    0,  -99,  -99,  30,   0,   0,    ,   0,    , 277,   5,           ,  ,  0,    ,    0,    0,    0,    0, THERMO PARAMS, 20, -75, 111, N, 10, DT, -999, SHR82, -99, 
EP, 15, 2026091200, 03, HFSA,  30, 150N, 1143W,  34, 1006, XX,  34, NEQ,    0,    0,    0,    0,  -99,  -99,  55,   0,   0,    ,   0,    , 247,   5,           ,  ,  0,    ,    0,    0,    0,    0, THERMO PARAMS, 24, -24, 14, N, 10, DT, -999, SHR82, -99, 
EP, 15, 2026091200, 03, HFSA,  36, 145N, 1147W,  34, 1001, XX,  34, NEQ,    0,    0,    0,    0, 1005,   30,  65,   0,   0,    ,   0,    , 209,   5,           ,  ,  0,    ,    0,    0,    0,    0, THERMO PARAMS, 87, 139, 118, N, 10, DT, -999, SHR82, -99, 
EP, 15, 2026091200, 03, HFSA,  42, 142N, 1150W,  45, 1000, XX,  34, NEQ,   44,   49,    0,   40, 1004,    7,  29,   0,   0,    ,   0,    , 249,   4,           ,  ,  0,    ,    0,    0,    0,    0, THERMO PARAMS, 38, 224, 145, N, 10, DT, -999, SHR82, -99, 
EP, 15, 2026091200, 03, HFSA,  48, 144N, 1155W,  48,  996, XX,  34, NEQ,   55,   50,    0,   44, 1000,   10,  22,   0,   0,    ,   0,    , 284,   6,           ,  ,  0,    ,    0,    0,    0,    0, THERMO PARAMS, -83, 419, 263, N, 10, DT, -999, SHR82, -99, 
EP, 15, 2026091200, 03, HFSA,  54, 143N, 1164W,  42,  999, XX,  34, NEQ,   68,   74,    0,   57, 1003,   17,  27,   0,   0,    ,   0,    , 259,   6,           ,  ,  0,    ,    0,    0,    0,    0, THERMO PARAMS, -26, -30, 322, N, 10, DT, -999, SHR82, -99, 
EP, 15, 2026091200, 03, HFSA,  60, 141N, 1169W,  56,  991, XX,  34, NEQ,   79,   81,   31,   52, 1003,   37,  26,   0,   0,    ,   0,    , 255,   7,           ,  ,  0,    ,    0,    0,    0,    0, THERMO PARAMS, -12, 1313, 257, N, 10, DT, -999, SHR82, -99, 
EP, 15, 2026091200, 03, HFSA,  60, 141N, 1169W,  56,  991, XX,  50, NEQ,   31,    0,    0,    0, 1003,   37,  26,   0,   0,    ,   0,    , 255,   7,           ,  ,  0,    ,    0,    0,    0,    0, THERMO PARAMS, -12, 1313, 257, N, 10, DT, -999, SHR82, -99, 
EP, 15, 2026091200, 03, HFSA,  66, 141N, 1177W,  52,  995, XX,  34, NEQ,   70,   58,   29,   60,  999,   18,  22,   0,   0,    ,   0,    , 270,   9,           ,  ,  0,    ,    0,    0,    0,    0, THERMO PARAMS, -28, 602, 580, N, 10, DT, -999, SHR82, -99, 
EP, 15, 2026091200, 03, HFSA,  72, 143N, 1186W,  51,  991, XX,  34, NEQ,   92,   60,    0,   50,  995,    8,  25,   0,   0,    ,   0,    , 277,   9,           ,  ,  0,    ,    0,    0,    0,    0, THERMO PARAMS, -47, 528, 816, N, 10, DT, -999, SHR82, -99, 
EP, 15, 2026091200, 03, HFSA,  78, 142N, 1195W,  55,  992, XX,  34, NEQ,   78,   47,    0,   47, 1004,   54,  20,   0,   0,    ,   0,    , 284,   9,           ,  ,  0,    ,    0,    0,    0,    0, THERMO PARAMS, -29, 702, 556, N, 10, DT, -999, SHR82, -99, 
EP, 15, 2026091200, 03, HFSA,  78, 142N, 1195W,  55,  992, XX,  50, NEQ,   29,    0,    0,    0, 1004,   54,  20,   0,   0,    ,   0,    , 284,   9,           ,  ,  0,    ,    0,    0,    0,    0, THERMO PARAMS, -29, 702, 556, N, 10, DT, -999, SHR82, -99, 
EP, 15, 2026091200, 03, HFSA,  84, 145N, 1202W,  54,  993, XX,  34, NEQ,   86,   60,   19,   53,  997,   14,  28,   0,   0,    ,   0,    , 298,   8,           ,  ,  0,    ,    0,    0,    0,    0, THERMO PARAMS, -79, 379, 574, N, 10, DT, -999, SHR82, -99, 
EP, 15, 2026091200, 03, HFSA,  84, 145N, 1202W,  54,  993, XX,  50, NEQ,   32,    0,    0,    0,  997,   14,  28,   0,   0,    ,   0,    , 298,   8,           ,  ,  0,    ,    0,    0,    0,    0, THERMO PARAMS, -79, 379, 574, N, 10, DT, -999, SHR82, -99, 
EP, 15, 2026091200, 03, HFSA,  90, 148N, 1208W,  69,  988, XX,  34, NEQ,   94,   96,   29,   68,  992,    5,  13,   0,   0,    ,   0,    , 298,   8,           ,  ,  0,    ,    0,    0,    0,    0, THERMO PARAMS, -91, 928, 1066, N, 10, DT, -999, SHR82, -99, 
EP, 15, 2026091200, 03, HFSA,  90, 148N, 1208W,  69,  988, XX,  50, NEQ,   31,    0,    0,   29,  992,    5,  13,   0,   0,    ,   0,    , 298,   8,           ,  ,  0,    ,    0,    0,    0,    0, THERMO PARAMS, -91, 928, 1066, N, 10, DT, -999, SHR82, -99, 
EP, 15, 2026091200, 03, HFSA,  90, 148N, 1208W,  69,  988, XX,  64, NEQ,    0,    0,    0,   15,  992,    5,  13,   0,   0,    ,   0,    , 298,   8,           ,  ,  0,    ,    0,    0,    0,    0, THERMO PARAMS, -91, 928, 1066, N, 10, DT, -999, SHR82, -99, 
EP, 15, 2026091200, 03, HFSA,  96, 151N, 1218W,  57,  990, XX,  34, NEQ,  115,  126,   29,   73,  998,   24,  21,   0,   0,    ,   0,    , 286,  10,           ,  ,  0,    ,    0,    0,    0,    0, THERMO PARAMS, -72, 923, 789, N, 10, DT, -999, SHR82, -99, 
EP, 15, 2026091200, 03, HFSA,  96, 151N, 1218W,  57,  990, XX,  50, NEQ,    0,    0,    0,   24,  998,   24,  21,   0,   0,    ,   0,    , 286,  10,           ,  ,  0,    ,    0,    0,    0,    0, THERMO PARAMS, -72, 923, 789, N, 10, DT, -999, SHR82, -99, 
EP, 15, 2026091200, 03, HFSA, 102, 154N, 1228W,  54,  991, XX,  34, NEQ,  108,   24,   24,   79,  995,   11,  25,   0,   0,    ,   0,    , 286,  11,           ,  ,  0,    ,    0,    0,    0,    0, THERMO PARAMS, -73, 1170, 951, N, 10, DT, -999, SHR82, -99, 
EP, 15, 2026091200, 03, HFSA, 102, 154N, 1228W,  54,  991, XX,  50, NEQ,   29,    0,    0,   29,  995,   11,  25,   0,   0,    ,   0,    , 286,  11,           ,  ,  0,    ,    0,    0,    0,    0, THERMO PARAMS, -73, 1170, 951, N, 10, DT, -999, SHR82, -99, 
EP, 15, 2026091200, 03, HFSA, 108, 159N, 1237W,  56,  985, XX,  34, NEQ,  112,   47,   26,   74,  997,   24,  13,   0,   0,    ,   0,    , 298,  11,           ,  ,  0,    ,    0,    0,    0,    0, THERMO PARAMS, -88, 1573, 1092, N, 10, DT, -999, SHR82, -99, 
EP, 15, 2026091200, 03, HFSA, 108, 159N, 1237W,  56,  985, XX,  50, NEQ,   16,   16,    0,   19,  997,   24,  13,   0,   0,    ,   0,    , 298,  11,           ,  ,  0,    ,    0,    0,    0,    0, THERMO PARAMS, -88, 1573, 1092, N, 10, DT, -999, SHR82, -99, 
EP, 15, 2026091200, 03, HFSA, 114, 164N, 1246W,  69,  982, XX,  34, NEQ,   97,   65,   40,   81,  998,   24,  12,   0,   0,    ,   0,    , 299,  10,           ,  ,  0,    ,    0,    0,    0,    0, THERMO PARAMS, -102, 1564, 1334, N, 10, DT, -999, SHR82, -99, 
EP, 15, 2026091200, 03, HFSA, 114, 164N, 1246W,  69,  982, XX,  50, NEQ,   29,   23,   16,   21,  998,   24,  12,   0,   0,    ,   0,    , 299,  10,           ,  ,  0,    ,    0,    0,    0,    0, THERMO PARAMS, -102, 1564, 1334, N, 10, DT, -999, SHR82, -99, 
EP, 15, 2026091200, 03, HFSA, 114, 164N, 1246W,  69,  982, XX,  64, NEQ,   15,   15,    0,   13,  998,   24,  12,   0,   0,    ,   0,    , 299,  10,           ,  ,  0,    ,    0,    0,    0,    0, THERMO PARAMS, -102, 1564, 1334, N, 10, DT, -999, SHR82, -99, 
EP, 15, 2026091200, 03, HFSA, 120, 169N, 1258W,  79,  974, XX,  34, NEQ,   91,   36,   42,   74, 1002,   50,  12,   0,   0,    ,   0,    , 289,  11,           ,  ,  0,    ,    0,    0,    0,    0, THERMO PARAMS, -76, 1681, 1591, N, 10, DT, -999, SHR82, -99, 
EP, 15, 2026091200, 03, HFSA, 120, 169N, 1258W,  79,  974, XX,  50, NEQ,   32,   21,   21,   31, 1002,   50,  12,   0,   0,    ,   0,    , 289,  11,           ,  ,  0,    ,    0,    0,    0,    0, THERMO PARAMS, -76, 1681, 1591, N, 10, DT, -999, SHR82, -99, 
EP, 15, 2026091200, 03, HFSA, 120, 169N, 1258W,  79,  974, XX,  64, NEQ,   18,   15,   11,   21, 1002,   50,  12,   0,   0,    ,   0,    , 289,  11,           ,  ,  0,    ,    0,    0,    0,    0, THERMO PARAMS, -76, 1681, 1591, N, 10, DT, -999, SHR82, -99, 
EP, 15, 2026091200, 03, HFSA, 126, 172N, 1268W,  68,  979, XX,  34, NEQ,   86,   45,   40,   83,  999,   29,  10,   0,   0,    ,   0,    , -99, -99,           ,  ,  0,    ,    0,    0,    0,    0, THERMO PARAMS, -46, 1414, 1385, N, 10, DT, -999, SHR82, -99, 
EP, 15, 2026091200, 03, HFSA, 126, 172N, 1268W,  68,  979, XX,  50, NEQ,   52,   23,   23,   49,  999,   29,  10,   0,   0,    ,   0,    , -99, -99,           ,  ,  0,    ,    0,    0,    0,    0, THERMO PARAMS, -46, 1414, 1385, N, 10, DT, -999, SHR82, -99, 
EP, 15, 2026091200, 03, HFSA, 126, 172N, 1268W,  68,  979, XX,  64, NEQ,   13,   15,   15,   15,  999,   29,  10,   0,   0,    ,   0,    , -99, -99,           ,  ,  0,    ,    0,    0,    0,    0, THERMO PARAMS, -46, 1414, 1385, N, 10, DT, -999, SHR82, -99, 
EP, 15, 2026091200, 03, TVCN,   0, 135N, 1141W,   0,    0,   ,   0,    ,    0,    0,    0,    0, 
EP, 15, 2026091200, 03, TVCN,  12, 148N, 1149W,   0,    0,   ,   0,    ,    0,    0,    0,    0, 
EP, 15, 2026091200, 03, TVCN,  24, 154N, 1157W,   0,    0,   ,   0,    ,    0,    0,    0,    0, 
EP, 15, 2026091200, 03, TVCN,  36, 153N, 1164W,   0,    0,   ,   0,    ,    0,    0,    0,    0, 
EP, 15, 2026091200, 03, TVCN,  48, 150N, 1172W,   0,    0,   ,   0,    ,    0,    0,    0,    0, 
EP, 15, 2026091200, 03, TVCN,  60, 147N, 1183W,   0,    0,   ,   0,    ,    0,    0,    0,    0, 
EP, 15, 2026091200, 03, TVCN,  72, 147N, 1195W,   0,    0,   ,   0,    ,    0,    0,    0,    0, 
EP, 15, 2026091200, 03, TVCN,  84, 151N, 1210W,   0,    0,   ,   0,    ,    0,    0,    0,    0, 
EP, 15, 2026091200, 03, TVCN,  96, 159N, 1228W,   0,    0,   ,   0,    ,    0,    0,    0,    0, 
EP, 15, 2026091200, 03, TVCN, 108, 167N, 1249W,   0,    0,   ,   0,    ,    0,    0,    0,    0, 
EP, 15, 2026091200, 03, TVCN, 120, 176N, 1269W,   0,    0,   ,   0,    ,    0,    0,    0,    0, 
EP, 15, 2026091200, 03, TVCN, 132, 185N, 1290W,   0,    0,   ,   0,    ,    0,    0,    0,    0, 
EP, 15, 2026091200, 03, TVCN, 144, 180N, 1301W,   0,    0,   ,   0,    ,    0,    0,    0,    0, 
EP, 15, 2026091200, 03, TVCN, 156, 188N, 1314W,   0,    0,   ,   0,    ,    0,    0,    0,    0, 
EP, 15, 2026091200, 03, TVCN, 168, 193N, 1327W,   0,    0,   ,   0,    ,    0,    0,    0,    0, 
EP, 15, 2026091206, 03, AVNO,   0, 147N, 1133W,  24, 1011, XX,  34, NEQ,    0,    0,    0,    0,  -99,  -99,  70,   0,   0, 
EP, 15, 2026091206, 03, AVNO,   6, 153N, 1137W,  24, 1007, XX,  34, NEQ,    0,    0,    0,    0,  -99,  -99,  57,   0,   0, 
EP, 15, 2026091206, 03, AVNO,  12, 157N, 1140W,  30, 1009, XX,  34, NEQ,    0,    0,    0,    0,  -99,  -99,  56,   0,   0, 
EP, 15, 2026091206, 03, AVNO,  18, 162N, 1147W,  27, 1006, XX,  34, NEQ,    0,    0,    0,    0,  -99,  -99,  49,   0,   0, 
EP, 15, 2026091206, 03, AVNO,  24, 163N, 1152W,  27, 1008, XX,  34, NEQ,    0,    0,    0,    0,  -99,  -99,  68,   0,   0, 
EP, 15, 2026091206, 03, AVNO,  30, 160N, 1157W,  27, 1005, XX,  34, NEQ,    0,    0,    0,    0, 1009,  147,  85,   0,   0, 
EP, 15, 2026091206, 03, AVNO,  36, 155N, 1161W,  33, 1007, XX,  34, NEQ,    0,    0,    0,    0, 1011,  111,  78,   0,   0, 
EP, 15, 2026091206, 03, AVNO,  42, 153N, 1161W,  40, 1003, XX,  34, NEQ,   67,   49,    0,    0,  -99,  -99,  55,   0,   0, 
EP, 15, 2026091206, 03, AVNO,  48, 151N, 1171W,  34, 1005, XX,  34, NEQ,    0,    0,    0,   64, 1009,   85,  64,   0,   0, 
EP, 15, 2026091206, 03, AVNO,  54, 151N, 1176W,  34, 1002, XX,  34, NEQ,   54,    0,    0,    0, 1006,   92,  54,   0,   0, 
EP, 15, 2026091206, 03, AVNO,  60, 147N, 1182W,  41, 1003, XX,  34, NEQ,   82,    0,    0,    0, 1011,  276,  52,   0,   0, 
EP, 15, 2026091206, 03, AVNO,  66, 147N, 1187W,  43,  995, XX,  34, NEQ,   78,    0,    0,   51, 1007,  563,  33,   0,   0, 
EP, 15, 2026091206, 03, AVNO,  72, 145N, 1191W,  44,  998, XX,  34, NEQ,   73,   66,    0,   53, 1010,  266,  40,   0,   0, 
EP, 15, 2026091206, 03, AVNO,  78, 147N, 1194W,  48,  994, XX,  34, NEQ,   83,   86,   57,   48, 1006,  159,  27,   0,   0, 
EP, 15, 2026091206, 03, AVNO,  84, 151N, 1201W,  51,  993, XX,  34, NEQ,   95,   83,   37,   59, 1005,   50,  23,   0,   0, 
EP, 15, 2026091206, 03, AVNO,  84, 151N, 1201W,  51,  993, XX,  50, NEQ,   27,    0,    0,   25, 1005,   50,  23,   0,   0, 
EP, 15, 2026091206, 03, AVNO,  90, 156N, 1210W,  53,  987, XX,  34, NEQ,   72,  133,   40,   53, 1007,  349,  19,   0,   0, 
EP, 15, 2026091206, 03, AVNO,  90, 156N, 1210W,  53,  987, XX,  50, NEQ,   32,    0,    0,   28, 1007,  349,  19,   0,   0, 
EP, 15, 2026091206, 03, AVNO,  96, 160N, 1217W,  52,  987, XX,  34, NEQ,   92,   56,   36,   58, 1007,  125,  19,   0,   0, 
EP, 15, 2026091206, 03, AVNO,  96, 160N, 1217W,  52,  987, XX,  50, NEQ,   31,   27,    0,    0, 1007,  125,  19,   0,   0, 
EP, 15, 2026091206, 03, AVNO, 102, 166N, 1226W,  55,  985, XX,  34, NEQ,   68,   48,   33,   62, 1005,  146,  20,   0,   0, 
EP, 15, 2026091206, 03, AVNO, 102, 166N, 1226W,  55,  985, XX,  50, NEQ,   32,    0,    0,    0, 1005,  146,  20,   0,   0, 
EP, 15, 2026091206, 03, AVNO, 108, 170N, 1235W,  53,  988, XX,  34, NEQ,   72,   57,   44,   64, 1008,  145,  31,   0,   0, 
EP, 15, 2026091206, 03, AVNO, 108, 170N, 1235W,  53,  988, XX,  50, NEQ,   31,    0,    0,    0, 1008,  145,  31,   0,   0, 
EP, 15, 2026091206, 03, AVNO, 114, 175N, 1245W,  54,  985, XX,  34, NEQ,   79,   48,   47,   74, 1005,  164,  31,   0,   0, 
EP, 15, 2026091206, 03, AVNO, 114, 175N, 1245W,  54,  985, XX,  50, NEQ,   35,    0,    0,   31, 1005,  164,  31,   0,   0, 
EP, 15, 2026091206, 03, AVNO, 120, 179N, 1255W,  55,  987, XX,  34, NEQ,   90,   47,   43,   95, 1007,  113,  34,   0,   0, 
EP, 15, 2026091206, 03, AVNO, 120, 179N, 1255W,  55,  987, XX,  50, NEQ,   39,    0,    0,   26, 1007,  113,  34,   0,   0, 
EP, 15, 2026091206, 03, AVNO, 126, 184N, 1264W,  56,  984, XX,  34, NEQ,   77,   58,   48,   70, 1008,  522,  24,   0,   0, 
EP, 15, 2026091206, 03, AVNO, 126, 184N, 1264W,  56,  984, XX,  50, NEQ,   29,   31,    0,   38, 1008,  522,  24,   0,   0, 
EP, 15, 2026091206, 03, AVNO, 132, 189N, 1273W,  59,  986, XX,  34, NEQ,   83,   62,   53,   73, 1010,  248,  29,   0,   0, 
EP, 15, 2026091206, 03, AVNO, 132, 189N, 1273W,  59,  986, XX,  50, NEQ,   43,    0,   26,   32, 1010,  248,  29,   0,   0, 
EP, 15, 2026091206, 03, AVNO, 138, 195N, 1282W,  58,  983, XX,  34, NEQ,   83,   59,   58,   76, 1007,  142,  20,   0,   0, 
EP, 15, 2026091206, 03, AVNO, 138, 195N, 1282W,  58,  983, XX,  50, NEQ,   38,   32,   29,   45, 1007,  142,  20,   0,   0, 
EP, 15, 2026091206, 03, AVNO, 144, 199N, 1291W,  58,  987, XX,  34, NEQ,   86,   60,   54,   85, 1011,  175,  24,   0,   0, 
EP, 15, 2026091206, 03, AVNO, 144, 199N, 1291W,  58,  987, XX,  50, NEQ,   37,   33,   28,   36, 1011,  175,  24,   0,   0, 
EP, 15, 2026091206, 03, AVNO, 150, 204N, 1297W,  60,  985, XX,  34, NEQ,   77,   56,   48,   72, 1009,  405,  26,   0,   0, 
EP, 15, 2026091206, 03, AVNO, 150, 204N, 1297W,  60,  985, XX,  50, NEQ,   38,    0,    0,   36, 1009,  405,  26,   0,   0, 
EP, 15, 2026091206, 03, AVNO, 156, 209N, 1304W,  60,  988, XX,  34, NEQ,   84,   68,   48,   68, 1012,  200,  23,   0,   0, 
EP, 15, 2026091206, 03, AVNO, 156, 209N, 1304W,  60,  988, XX,  50, NEQ,   39,    0,    0,   38, 1012,  200,  23,   0,   0, 
EP, 15, 2026091206, 03, AVNO, 162, 215N, 1312W,  59,  985, XX,  34, NEQ,   79,   56,   49,   76, 1009,  383,  23,   0,   0, 
EP, 15, 2026091206, 03, AVNO, 162, 215N, 1312W,  59,  985, XX,  50, NEQ,   39,   31,   28,   34, 1009,  383,  23,   0,   0, 
EP, 15, 2026091206, 03, AVNO, 168, 219N, 1319W,  57,  991, XX,  34, NEQ,   77,   55,   64,   84, 1011,   93,  24,   0,   0, 
EP, 15, 2026091206, 03, AVNO, 168, 219N, 1319W,  57,  991, XX,  50, NEQ,   41,   23,    0,   40, 1011,   93,  24,   0,   0, 
EP, 15, 2026091206, 03, AVNO, 174, 221N, 1326W,  51,  993, XX,  34, NEQ,   77,   51,   62,   76, 1009,   90,  23,   0,   0, 
EP, 15, 2026091206, 03, AVNO, 174, 221N, 1326W,  51,  993, XX,  50, NEQ,    0,    0,    0,   26, 1009,   90,  23,   0,   0, 
EP, 15, 2026091206, 03, AVNO, 180, 224N, 1333W,  48,  998, XX,  34, NEQ,   71,   51,   42,   73, 1010,   67,  38,   0,   0, 
EP, 15, 2026091206, 03, AVNO, 186, 227N, 1343W,  43,  999, XX,  34, NEQ,   80,    0,   39,   76, 1007,   56,  37,   0,   0, 
EP, 15, 2026091206, 03, AVNO, 192, 230N, 1354W,  39, 1003, XX,  34, NEQ,   77,   34,    0,   75, 1011,   90,  37,   0,   0, 
EP, 15, 2026091206, 03, AVNO, 198, 235N, 1365W,  33, 1004, XX,  34, NEQ,    0,    0,    0,    0, 1008,   42,  34,   0,   0, 
EP, 15, 2026091206, 03, AVNO, 204, 243N, 1375W,  39, 1007, XX,  34, NEQ,  104,    0,   45,   58, 1011,   49,  31,   0,   0, 
EP, 15, 2026091206, 03, AVNO, 210, 249N, 1382W,  43, 1005, XX,  34, NEQ,  104,    0,   33,   97, 1009,   50,  41,   0,   0, 
EP, 15, 2026091206, 03, AVNO, 216, 251N, 1388W,  38, 1007, XX,  34, NEQ,   99,    0,    0,   82, 1011,   42,  67,   0,   0, 
EP, 15, 2026091206, 03, AVNO, 222, 253N, 1401W,  34, 1008, XX,  34, NEQ,    0,    0,    0,    0, 1012,   51,  47,   0,   0, 
EP, 15, 2026091206, 03, AVNO, 228, 251N, 1412W,  30, 1012, XX,  34, NEQ,    0,    0,    0,    0, 1016,   60,  84,   0,   0, 
EP, 15, 2026091206, 03, AVNO, 234, 252N, 1424W,  29, 1011, XX,  34, NEQ,    0,    0,    0,    0,  -99,  -99,  93,   0,   0, 
EP, 15, 2026091206, 03, AVNO, 240, 253N, 1438W,  29, 1014, XX,  34, NEQ,    0,    0,    0,    0,  -99,  -99,  63,   0,   0, 
EP, 15, 2026091206, 03, HCCA,   0, 143N, 1142W,  30,    0,   ,   0,    ,    0,    0,    0,    0, 
EP, 15, 2026091206, 03, HCCA,  12, 152N, 1147W,  39,    0,   ,   0,    ,    0,    0,    0,    0, 
EP, 15, 2026091206, 03, HCCA,  24, 156N, 1153W,  47,    0,   ,   0,    ,    0,    0,    0,    0, 
EP, 15, 2026091206, 03, HCCA,  36, 154N, 1160W,  52,    0,   ,   0,    ,    0,    0,    0,    0, 
EP, 15, 2026091206, 03, HCCA,  48, 150N, 1170W,  52,    0,   ,   0,    ,    0,    0,    0,    0, 
EP, 15, 2026091206, 03, HCCA,  60, 147N, 1181W,  51,    0,   ,   0,    ,    0,    0,    0,    0, 
EP, 15, 2026091206, 03, HCCA,  72, 148N, 1195W,  53,    0,   ,   0,    ,    0,    0,    0,    0, 
EP, 15, 2026091206, 03, HCCA,  84, 155N, 1208W,  56,    0,   ,   0,    ,    0,    0,    0,    0, 
EP, 15, 2026091206, 03, HCCA,  96, 163N, 1221W,  61,    0,   ,   0,    ,    0,    0,    0,    0, 
EP, 15, 2026091206, 03, HCCA, 108, 173N, 1236W,  71,    0,   ,   0,    ,    0,    0,    0,    0, 
EP, 15, 2026091206, 03, HCCA, 120, 182N, 1253W,  80,    0,   ,   0,    ,    0,    0,    0,    0, 
EP, 15, 2026091206, 03, HCCA, 132, 193N, 1270W,  73,    0,   ,   0,    ,    0,    0,    0,    0, 
EP, 15, 2026091206, 03, HCCA, 144, 202N, 1285W,  70,    0,   ,   0,    ,    0,    0,    0,    0, 
EP, 15, 2026091206, 03, HCCA, 156, 210N, 1297W,  67,    0,   ,   0,    ,    0,    0,    0,    0, 
EP, 15, 2026091206, 03, HCCA, 168, 217N, 1307W,  65,    0,   ,   0,    ,    0,    0,    0,    0, 
EP, 15, 2026091206, 03, HFSA,   0, 143N, 1142W,  32, 1001, XX,  34, NEQ,    0,    0,    0,    0, 1005,   12, 123,   0,   0,    ,   0,    , 325,   8,           ,  ,  0,    ,    0,    0,    0,    0, THERMO PARAMS, 11, 168, 663, N, 10, DT, -999, SHR82, -99, 
EP, 15, 2026091206, 03, HFSA,   6, 151N, 1144W,  49, 1001, XX,  34, NEQ,   49,   36,   34,    0, 1005,   17,  23,   0,   0,    ,   0,    ,  18,   5,           ,  ,  0,    ,    0,    0,    0,    0, THERMO PARAMS, -77, -147, -101, N, 10, DT, -999, SHR82, -99, 
EP, 15, 2026091206, 03, HFSA,  12, 157N, 1150W,  39, 1005, XX,  34, NEQ,   52,    0,    0,    0, 1009,   30,  42,   0,   0,    ,   0,    , 302,   8,           ,  ,  0,    ,    0,    0,    0,    0, THERMO PARAMS, -17, 11, 180, N, 10, DT, -999, SHR82, -99, 
EP, 15, 2026091206, 03, HFSA,  18, 156N, 1156W,  40, 1002, XX,  34, NEQ,   40,   24,    0,   49,  -99,  -99,  29,   0,   0,    ,   0,    , 246,   3,           ,  ,  0,    ,    0,    0,    0,    0, THERMO PARAMS, 67, -122, 514, N, 10, DT, -999, SHR82, -99, 
EP, 15, 2026091206, 03, HFSA,  24, 157N, 1159W,  38, 1000, XX,  34, NEQ,   49,   73,    0,    0, 1004,    5,  70,   0,   0,    ,   0,    , 285,   3,           ,  ,  0,    ,    0,    0,    0,    0, THERMO PARAMS, -11, 235, 338, N, 10, DT, -999, SHR82, -99, 
EP, 15, 2026091206, 03, HFSA,  30, 157N, 1158W,  54,  994, XX,  34, NEQ,   47,   52,    0,   21, 1002,   27,  18,   0,   0,    ,   0,    , 327,   2,           ,  ,  0,    ,    0,    0,    0,    0, THERMO PARAMS, -96, 209, 534, N, 10, DT, -999, SHR82, -99, 
EP, 15, 2026091206, 03, HFSA,  30, 157N, 1158W,  54,  994, XX,  50, NEQ,   19,    0,    0,    0, 1002,   27,  18,   0,   0,    ,   0,    , 327,   2,           ,  ,  0,    ,    0,    0,    0,    0, THERMO PARAMS, -96, 209, 534, N, 10, DT, -999, SHR82, -99, 
EP, 15, 2026091206, 03, HFSA,  36, 158N, 1165W,  53,  999, XX,  34, NEQ,   68,   70,    0,   60, 1003,   13,  35,   0,   0,    ,   0,    , 267,   5,           ,  ,  0,    ,    0,    0,    0,    0, THERMO PARAMS, -22, 335, 210, N, 10, DT, -999, SHR82, -99, 
EP, 15, 2026091206, 03, HFSA,  36, 158N, 1165W,  53,  999, XX,  50, NEQ,   36,    0,    0,    0, 1003,   13,  35,   0,   0,    ,   0,    , 267,   5,           ,  ,  0,    ,    0,    0,    0,    0, THERMO PARAMS, -22, 335, 210, N, 10, DT, -999, SHR82, -99, 
EP, 15, 2026091206, 03, HFSA,  42, 157N, 1172W,  42,  997, XX,  34, NEQ,   53,    0,    0,   45, 1001,   21,  40,   0,   0,    ,   0,    , 252,   5,           ,  ,  0,    ,    0,    0,    0,    0, THERMO PARAMS, -33, 506, 146, N, 10, DT, -999, SHR82, -99, 
EP, 15, 2026091206, 03, HFSA,  48, 154N, 1179W,  45,  999, XX,  34, NEQ,   70,   76,    0,   60, 1003,   25,  68,   0,   0,    ,   0,    , 243,   7,           ,  ,  0,    ,    0,    0,    0,    0, THERMO PARAMS, 10, -133, 350, N, 10, DT, -999, SHR82, -99, 
EP, 15, 2026091206, 03, HFSA,  54, 151N, 1183W,  54,  993, XX,  34, NEQ,   68,   65,    0,   65,  997,   10,  19,   0,   0,    ,   0,    , 249,   7,           ,  ,  0,    ,    0,    0,    0,    0, THERMO PARAMS, -6, 522, 444, N, 10, DT, -999, SHR82, -99, 
EP, 15, 2026091206, 03, HFSA,  54, 151N, 1183W,  54,  993, XX,  50, NEQ,   19,    0,    0,    0,  997,   10,  19,   0,   0,    ,   0,    , 249,   7,           ,  ,  0,    ,    0,    0,    0,    0, THERMO PARAMS, -6, 522, 444, N, 10, DT, -999, SHR82, -99, 
EP, 15, 2026091206, 03, HFSA,  60, 147N, 1192W,  48,  997, XX,  34, NEQ,   84,   73,    0,   60,  -99,  -99,  36,   0,   0,    ,   0,    , 250,   9,           ,  ,  0,    ,    0,    0,    0,    0, THERMO PARAMS, 15, 717, 245, N, 10, DT, -999, SHR82, -99, 
EP, 15, 2026091206, 03, HFSA,  66, 144N, 1196W,  57,  992, XX,  34, NEQ,   86,   83,   23,   49,  -99,  -99,  34,   0,   0,    ,   0,    , 259,   4,           ,  ,  0,    ,    0,    0,    0,    0, THERMO PARAMS, 69, 355, 815, N, 10, DT, -999, SHR82, -99, 
EP, 15, 2026091206, 03, HFSA,  66, 144N, 1196W,  57,  992, XX,  50, NEQ,   42,   39,    0,    0,  -99,  -99,  34,   0,   0,    ,   0,    , 259,   4,           ,  ,  0,    ,    0,    0,    0,    0, THERMO PARAMS, 69, 355, 815, N, 10, DT, -999, SHR82, -99, 
EP, 15, 2026091206, 03, HFSA,  72, 144N, 1201W,  59,  995, XX,  34, NEQ,   94,   96,    0,   66,  -99,  -99,  32,   0,   0,    ,   0,    , 279,   7,           ,  ,  0,    ,    0,    0,    0,    0, THERMO PARAMS, -23, 19, 769, N, 10, DT, -999, SHR82, -99, 
EP, 15, 2026091206, 03, HFSA,  72, 144N, 1201W,  59,  995, XX,  50, NEQ,   52,    0,    0,   26,  -99,  -99,  32,   0,   0,    ,   0,    , 279,   7,           ,  ,  0,    ,    0,    0,    0,    0, THERMO PARAMS, -23, 19, 769, N, 10, DT, -999, SHR82, -99, 
EP, 15, 2026091206, 03, HFSA,  78, 148N, 1208W,  55,  986, XX,  34, NEQ,  100,   87,   36,   87,  994,   20,  46,   0,   0,    ,   0,    , 286,   8,           ,  ,  0,    ,    0,    0,    0,    0, THERMO PARAMS, -59, 870, 1202, N, 10, DT, -999, SHR82, -99, 
EP, 15, 2026091206, 03, HFSA,  78, 148N, 1208W,  55,  986, XX,  50, NEQ,   50,    0,    0,   36,  994,   20,  46,   0,   0,    ,   0,    , 286,   8,           ,  ,  0,    ,    0,    0,    0,    0, THERMO PARAMS, -59, 870, 1202, N, 10, DT, -999, SHR82, -99, 
EP, 15, 2026091206, 03, HFSA,  84, 150N, 1216W,  55,  989, XX,  34, NEQ,  138,   94,   39,   92,  997,   22,  31,   0,   0,    ,   0,    , 287,   9,           ,  ,  0,    ,    0,    0,    0,    0, THERMO PARAMS, -83, 1075, 1060, N, 10, DT, -999, SHR82, -99, 
EP, 15, 2026091206, 03, HFSA,  84, 150N, 1216W,  55,  989, XX,  50, NEQ,   36,    0,    0,   36,  997,   22,  31,   0,   0,    ,   0,    , 287,   9,           ,  ,  0,    ,    0,    0,    0,    0, THERMO PARAMS, -83, 1075, 1060, N, 10, DT, -999, SHR82, -99, 
EP, 15, 2026091206, 03, HFSA,  90, 156N, 1224W,  63,  983, XX,  34, NEQ,  125,   97,   49,  125,  999,   47,  16,   0,   0,    ,   0,    , 303,  10,           ,  ,  0,    ,    0,    0,    0,    0, THERMO PARAMS, -123, 1298, 1064, N, 10, DT, -999, SHR82, -99, 
EP, 15, 2026091206, 03, HFSA,  90, 156N, 1224W,  63,  983, XX,  50, NEQ,   49,    0,   13,   21,  999,   47,  16,   0,   0,    ,   0,    , 303,  10,           ,  ,  0,    ,    0,    0,    0,    0, THERMO PARAMS, -123, 1298, 1064, N, 10, DT, -999, SHR82, -99, 
EP, 15, 2026091206, 03, HFSA,  96, 160N, 1236W,  72,  981, XX,  34, NEQ,  136,   94,   50,  128,  997,   30,  17,   0,   0,    ,   0,    , 290,  13,           ,  ,  0,    ,    0,    0,    0,    0, THERMO PARAMS, -76, 1650, 1270, N, 10, DT, -999, SHR82, -99, 
EP, 15, 2026091206, 03, HFSA,  96, 160N, 1236W,  72,  981, XX,  50, NEQ,   62,   21,   24,   50,  997,   30,  17,   0,   0,    ,   0,    , 290,  13,           ,  ,  0,    ,    0,    0,    0,    0, THERMO PARAMS, -76, 1650, 1270, N, 10, DT, -999, SHR82, -99, 
EP, 15, 2026091206, 03, HFSA,  96, 160N, 1236W,  72,  981, XX,  64, NEQ,   21,    0,    0,   23,  997,   30,  17,   0,   0,    ,   0,    , 290,  13,           ,  ,  0,    ,    0,    0,    0,    0, THERMO PARAMS, -76, 1650, 1270, N, 10, DT, -999, SHR82, -99, 
EP, 15, 2026091206, 03, HFSA, 102, 166N, 1247W,  87,  975, XX,  34, NEQ,  126,   92,   52,  108,  995,   34,  16,   0,   0,    ,   0,    , 297,  13,           ,  ,  0,    ,    0,    0,    0,    0, THERMO PARAMS, -71, 1812, 1601, N, 10, DT, -999, SHR82, -99, 
EP, 15, 2026091206, 03, HFSA, 102, 166N, 1247W,  87,  975, XX,  50, NEQ,   53,   29,   26,   34,  995,   34,  16,   0,   0,    ,   0,    , 297,  13,           ,  ,  0,    ,    0,    0,    0,    0, THERMO PARAMS, -71, 1812, 1601, N, 10, DT, -999, SHR82, -99, 
EP, 15, 2026091206, 03, HFSA, 102, 166N, 1247W,  87,  975, XX,  64, NEQ,   26,   18,    0,   23,  995,   34,  16,   0,   0,    ,   0,    , 297,  13,           ,  ,  0,    ,    0,    0,    0,    0, THERMO PARAMS, -71, 1812, 1601, N, 10, DT, -999, SHR82, -99, 
EP, 15, 2026091206, 03, HFSA, 108, 171N, 1258W,  86,  974, XX,  34, NEQ,  136,  112,   55,  131, 1002,   55,  12,   0,   0,    ,   0,    , 295,  13,           ,  ,  0,    ,    0,    0,    0,    0, THERMO PARAMS, -86, 1541, 1769, N, 10, DT, -999, SHR82, -99, 
EP, 15, 2026091206, 03, HFSA, 108, 171N, 1258W,  86,  974, XX,  50, NEQ,   60,   29,   29,   49, 1002,   55,  12,   0,   0,    ,   0,    , 295,  13,           ,  ,  0,    ,    0,    0,    0,    0, THERMO PARAMS, -86, 1541, 1769, N, 10, DT, -999, SHR82, -99, 
EP, 15, 2026091206, 03, HFSA, 108, 171N, 1258W,  86,  974, XX,  64, NEQ,   32,    0,   18,   31, 1002,   55,  12,   0,   0,    ,   0,    , 295,  13,           ,  ,  0,    ,    0,    0,    0,    0, THERMO PARAMS, -86, 1541, 1769, N, 10, DT, -999, SHR82, -99, 
EP, 15, 2026091206, 03, HFSA, 114, 177N, 1270W,  82,  972, XX,  34, NEQ,  147,   65,   53,  142, 1000,   56,  15,   0,   0,    ,   0,    , 296,  12,           ,  ,  0,    ,    0,    0,    0,    0, THERMO PARAMS, -85, 1432, 1912, N, 10, DT, -999, SHR82, -99, 
EP, 15, 2026091206, 03, HFSA, 114, 177N, 1270W,  82,  972, XX,  50, NEQ,   55,   31,   31,   47, 1000,   56,  15,   0,   0,    ,   0,    , 296,  12,           ,  ,  0,    ,    0,    0,    0,    0, THERMO PARAMS, -85, 1432, 1912, N, 10, DT, -999, SHR82, -99, 
EP, 15, 2026091206, 03, HFSA, 114, 177N, 1270W,  82,  972, XX,  64, NEQ,   29,   18,   19,   26, 1000,   56,  15,   0,   0,    ,   0,    , 296,  12,           ,  ,  0,    ,    0,    0,    0,    0, THERMO PARAMS, -85, 1432, 1912, N, 10, DT, -999, SHR82, -99, 
EP, 15, 2026091206, 03, HFSA, 120, 182N, 1281W,  87,  975, XX,  34, NEQ,  133,   74,   62,  126, 1003,   63,  17,   0,   0,    ,   0,    , 291,  13,           ,  ,  0,    ,    0,    0,    0,    0, THERMO PARAMS, -73, 1284, 1887, N, 10, DT, -999, SHR82, -99, 
EP, 15, 2026091206, 03, HFSA, 120, 182N, 1281W,  87,  975, XX,  50, NEQ,   53,   34,   31,   45, 1003,   63,  17,   0,   0,    ,   0,    , 291,  13,           ,  ,  0,    ,    0,    0,    0,    0, THERMO PARAMS, -73, 1284, 1887, N, 10, DT, -999, SHR82, -99, 
EP, 15, 2026091206, 03, HFSA, 120, 182N, 1281W,  87,  975, XX,  64, NEQ,   34,   23,   16,   32, 1003,   63,  17,   0,   0,    ,   0,    , 291,  13,           ,  ,  0,    ,    0,    0,    0,    0, THERMO PARAMS, -73, 1284, 1887, N, 10, DT, -999, SHR82, -99, 
EP, 15, 2026091206, 03, HFSA, 126, 187N, 1292W,  79,  973, XX,  34, NEQ,  130,   91,   66,  117, 1001,   64,  16,   0,   0,    ,   0,    , -99, -99,           ,  ,  0,    ,    0,    0,    0,    0, THERMO PARAMS, -38, 1293, 2048, N, 10, DT, -999, SHR82, -99, 
EP, 15, 2026091206, 03, HFSA, 126, 187N, 1292W,  79,  973, XX,  50, NEQ,   57,   36,   31,   49, 1001,   64,  16,   0,   0,    ,   0,    , -99, -99,           ,  ,  0,    ,    0,    0,    0,    0, THERMO PARAMS, -38, 1293, 2048, N, 10, DT, -999, SHR82, -99, 
EP, 15, 2026091206, 03, HFSA, 126, 187N, 1292W,  79,  973, XX,  64, NEQ,   26,   24,   23,   31, 1001,   64,  16,   0,   0,    ,   0,    , -99, -99,           ,  ,  0,    ,    0,    0,    0,    0, THERMO PARAMS, -38, 1293, 2048, N, 10, DT, -999, SHR82, -99, 
EP, 15, 2026091206, 03, TVCN,   0, 143N, 1142W,   0,    0,   ,   0,    ,    0,    0,    0,    0, 
EP, 15, 2026091206, 03, TVCN,  12, 152N, 1147W,   0,    0,   ,   0,    ,    0,    0,    0,    0, 
EP, 15, 2026091206, 03, TVCN,  24, 155N, 1154W,   0,    0,   ,   0,    ,    0,    0,    0,    0, 
EP, 15, 2026091206, 03, TVCN,  36, 153N, 1163W,   0,    0,   ,   0,    ,    0,    0,    0,    0, 
EP, 15, 2026091206, 03, TVCN,  48, 151N, 1176W,   0,    0,   ,   0,    ,    0,    0,    0,    0, 
EP, 15, 2026091206, 03, TVCN,  60, 150N, 1189W,   0,    0,   ,   0,    ,    0,    0,    0,    0, 
EP, 15, 2026091206, 03, TVCN,  72, 151N, 1205W,   0,    0,   ,   0,    ,    0,    0,    0,    0, 
EP, 15, 2026091206, 03, TVCN,  84, 155N, 1222W,   0,    0,   ,   0,    ,    0,    0,    0,    0, 
EP, 15, 2026091206, 03, TVCN,  96, 162N, 1239W,   0,    0,   ,   0,    ,    0,    0,    0,    0, 
EP, 15, 2026091206, 03, TVCN, 108, 168N, 1259W,   0,    0,   ,   0,    ,    0,    0,    0,    0, 
EP, 15, 2026091206, 03, TVCN, 120, 176N, 1279W,   0,    0,   ,   0,    ,    0,    0,    0,    0, 
EP, 15, 2026091206, 03, TVCN, 132, 185N, 1299W,   0,    0,   ,   0,    ,    0,    0,    0,    0, 
EP, 15, 2026091206, 03, TVCN, 144, 195N, 1318W,   0,    0,   ,   0,    ,    0,    0,    0,    0, 
EP, 15, 2026091206, 03, TVCN, 156, 205N, 1333W,   0,    0,   ,   0,    ,    0,    0,    0,    0, 
EP, 15, 2026091206, 03, TVCN, 168, 216N, 1348W,   0,    0,   ,   0,    ,    0,    0,    0,    0, 
EP, 15, 2026091212, 03,  UKX,   0, 160N, 1146W,  20, 1009, XX,  34, NEQ,    0,    0,    0,    0, 
EP, 15, 2026091212, 03,  UKX,   6, 165N, 1152W,  26, 1010, XX,  34, NEQ,    0,    0,    0,    0, 
EP, 15, 2026091212, 03,  UKX,  12, 168N, 1161W,  23, 1009, XX,  34, NEQ,    0,    0,    0,    0, 
EP, 15, 2026091212, 03,  UKX,  18, 168N, 1167W,  21, 1009, XX,  34, NEQ,    0,    0,    0,    0, 
EP, 15, 2026091212, 03,  UKX,  24, 166N, 1173W,  23, 1008, XX,  34, NEQ,    0,    0,    0,    0, 
EP, 15, 2026091212, 03,  UKX,  30, 163N, 1180W,  23, 1008, XX,  34, NEQ,    0,    0,    0,    0, 
EP, 15, 2026091212, 03,  UKX,  36, 161N, 1189W,  25, 1006, XX,  34, NEQ,    0,    0,    0,    0, 
EP, 15, 2026091212, 03,  UKX,  42, 158N, 1197W,  25, 1007, XX,  34, NEQ,    0,    0,    0,    0, 
EP, 15, 2026091212, 03,  UKX,  48, 155N, 1206W,  26, 1005, XX,  34, NEQ,    0,    0,    0,    0, 
EP, 15, 2026091212, 03,  UKX,  54, 152N, 1218W,  26, 1007, XX,  34, NEQ,    0,    0,    0,    0, 
EP, 15, 2026091212, 03,  UKX,  60, 147N, 1229W,  28, 1003, XX,  34, NEQ,    0,    0,    0,    0, 
EP, 15, 2026091212, 03,  UKX,  66, 143N, 1239W,  27, 1005, XX,  34, NEQ,    0,    0,    0,    0, 
EP, 15, 2026091212, 03,  UKX,  72, 140N, 1247W,  29, 1003, XX,  34, NEQ,    0,    0,    0,    0, 
EP, 15, 2026091212, 03,  UKX,  78, 137N, 1257W,  31, 1004, XX,  34, NEQ,    0,    0,    0,    0, 
EP, 15, 2026091212, 03,  UKX,  84, 136N, 1267W,  31, 1001, XX,  34, NEQ,    0,    0,    0,    0, 
EP, 15, 2026091212, 03,  UKX,  90, 135N, 1277W,  33, 1003, XX,  34, NEQ,    0,    0,    0,    0, 
EP, 15, 2026091212, 03,  UKX,  96, 134N, 1288W,  32, 1000, XX,  34, NEQ,    0,    0,    0,    0, 
EP, 15, 2026091212, 03,  UKX, 102, 134N, 1299W,  33, 1002, XX,  34, NEQ,    0,    0,    0,    0, 
EP, 15, 2026091212, 03,  UKX, 108, 135N, 1310W,  33,  999, XX,  34, NEQ,    0,    0,    0,    0, 
EP, 15, 2026091212, 03,  UKX, 114, 137N, 1321W,  32, 1001, XX,  34, NEQ,    0,    0,    0,    0, 
EP, 15, 2026091212, 03,  UKX, 120, 143N, 1332W,  34,  998, XX,  34, NEQ,    0,    0,    0,    0, 
EP, 15, 2026091212, 03,  UKX, 126, 147N, 1342W,  35,  999, XX,  34, NEQ,   97,    0,    0,    0, 
EP, 15, 2026091212, 03,  UKX, 132, 154N, 1349W,  38,  996, XX,  34, NEQ,   74,   53,    0,   70, 
EP, 15, 2026091212, 03,  UKX, 138, 160N, 1354W,  38,  999, XX,  34, NEQ,  104,   69,    0,   91, 
EP, 15, 2026091212, 03,  UKX, 144, 166N, 1359W,  39,  998, XX,  34, NEQ,  118,    0,    0,  114, 
EP, 15, 2026091212, 03, AVNO,   0, 154N, 1137W,  24, 1007, XX,  34, NEQ,    0,    0,    0,    0,  -99,  -99,  57,   0,   0, 
EP, 15, 2026091212, 03, AVNO,   6, 158N, 1140W,  27, 1010, XX,  34, NEQ,    0,    0,    0,    0,  -99,  -99,  39,   0,   0, 
EP, 15, 2026091212, 03, AVNO,  12, 163N, 1148W,  25, 1006, XX,  34, NEQ,    0,    0,    0,    0,  -99,  -99,  88,   0,   0, 
EP, 15, 2026091212, 03, AVNO,  18, 164N, 1153W,  26, 1009, XX,  34, NEQ,    0,    0,    0,    0,  -99,  -99,  88,   0,   0, 
EP, 15, 2026091212, 03, AVNO,  24, 162N, 1156W,  26, 1006, XX,  34, NEQ,    0,    0,    0,    0,  -99,  -99, 123,   0,   0, 
EP, 15, 2026091212, 03, AVNO,  30, 159N, 1157W,  32, 1007, XX,  34, NEQ,    0,    0,    0,    0, 1011,  134,  66,   0,   0, 
EP, 15, 2026091212, 03, AVNO,  36, 157N, 1164W,  32, 1003, XX,  34, NEQ,    0,    0,    0,    0,  -99,  -99,  65,   0,   0, 
EP, 15, 2026091212, 03, AVNO,  42, 156N, 1172W,  30, 1006, XX,  34, NEQ,    0,    0,    0,    0, 1010,  115,  58,   0,   0, 
EP, 15, 2026091212, 03, AVNO,  48, 155N, 1181W,  28, 1003, XX,  34, NEQ,    0,    0,    0,    0, 1007,  117,  79,   0,   0, 
EP, 15, 2026091212, 03, AVNO,  54, 152N, 1184W,  39, 1004, XX,  34, NEQ,   81,    0,    0,    0,  -99,  -99,  69,   0,   0, 
EP, 15, 2026091212, 03, AVNO,  60, 148N, 1191W,  33, 1002, XX,  34, NEQ,    0,    0,    0,    0, 1006,  101,  99,   0,   0, 
EP, 15, 2026091212, 03, AVNO,  66, 147N, 1191W,  36, 1001, XX,  34, NEQ,    0,    0,    0,   34, 1009,  178,  32,   0,   0, 
EP, 15, 2026091212, 03, AVNO,  72, 147N, 1194W,  44,  998, XX,  34, NEQ,   53,    0,    0,   46, 1002,   54,  31,   0,   0, 
EP, 15, 2026091212, 03, AVNO,  78, 151N, 1202W,  46,  996, XX,  34, NEQ,   85,   69,   36,   55, 1008,  142,  28,   0,   0, 
EP, 15, 2026091212, 03, AVNO,  84, 156N, 1209W,  45,  992, XX,  34, NEQ,  129,  113,    0,   58, 1004,  105,  25,   0,   0, 
EP, 15, 2026091212, 03, AVNO,  90, 159N, 1217W,  42,  996, XX,  34, NEQ,   95,   27,    0,   67, 1004,   47,  27,   0,   0, 
EP, 15, 2026091212, 03, AVNO,  96, 167N, 1225W,  50,  990, XX,  34, NEQ,   65,   33,   20,   54, 1006,  224,  23,   0,   0, 
EP, 15, 2026091212, 03, AVNO, 102, 169N, 1234W,  45,  993, XX,  34, NEQ,   53,   37,   35,   57, 1009,  205,  23,   0,   0, 
EP, 15, 2026091212, 03, AVNO, 108, 173N, 1240W,  46,  990, XX,  34, NEQ,   55,   46,   32,   45, 1006,  266,  18,   0,   0, 
EP, 15, 2026091212, 03, AVNO, 114, 176N, 1249W,  49,  992, XX,  34, NEQ,   61,   41,   35,   56, 1008,  151,  25,   0,   0, 
EP, 15, 2026091212, 03, AVNO, 120, 180N, 1258W,  52,  989, XX,  34, NEQ,   56,   39,   33,   53, 1009, 1335,  23,   0,   0, 
EP, 15, 2026091212, 03, AVNO, 120, 180N, 1258W,  52,  989, XX,  50, NEQ,   30,    0,    0,    0, 1009, 1335,  23,   0,   0, 
EP, 15, 2026091212, 03, AVNO, 126, 183N, 1267W,  52,  990, XX,  34, NEQ,   57,   41,   34,   47, 1010,  223,  27,   0,   0, 
EP, 15, 2026091212, 03, AVNO, 126, 183N, 1267W,  52,  990, XX,  50, NEQ,   29,    0,    0,   26, 1010,  223,  27,   0,   0, 
EP, 15, 2026091212, 03, AVNO, 132, 187N, 1275W,  52,  987, XX,  34, NEQ,   55,   38,   39,   53, 1007,  198,  23,   0,   0, 
EP, 15, 2026091212, 03, AVNO, 132, 187N, 1275W,  52,  987, XX,  50, NEQ,    0,    0,    0,   25, 1007,  198,  23,   0,   0, 
EP, 15, 2026091212, 03, AVNO, 138, 190N, 1281W,  51,  990, XX,  34, NEQ,   61,   42,   36,   63, 1010,  211,  31,   0,   0, 
EP, 15, 2026091212, 03, AVNO, 138, 190N, 1281W,  51,  990, XX,  50, NEQ,   32,    0,    0,    0, 1010,  211,  31,   0,   0, 
EP, 15, 2026091212, 03, AVNO, 144, 194N, 1288W,  55,  988, XX,  34, NEQ,   62,   47,   42,   54, 1008,  168,  22,   0,   0, 
EP, 15, 2026091212, 03, AVNO, 144, 194N, 1288W,  55,  988, XX,  50, NEQ,   32,    0,    0,   25, 1008,  168,  22,   0,   0, 
EP, 15, 2026091212, 03, AVNO, 150, 197N, 1294W,  55,  990, XX,  34, NEQ,   61,   47,   41,   56, 1010,   92,  18,   0,   0, 
EP, 15, 2026091212, 03, AVNO, 150, 197N, 1294W,  55,  990, XX,  50, NEQ,   34,    0,   21,   26, 1010,   92,  18,   0,   0, 
EP, 15, 2026091212, 03, AVNO, 156, 201N, 1301W,  56,  988, XX,  34, NEQ,   57,   50,   41,   60, 1008,  119,  25,   0,   0, 
EP, 15, 2026091212, 03, AVNO, 156, 201N, 1301W,  56,  988, XX,  50, NEQ,   31,   22,   22,   32, 1008,  119,  25,   0,   0, 
EP, 15, 2026091212, 03, AVNO, 162, 204N, 1308W,  56,  990, XX,  34, NEQ,   63,   47,   41,   62, 1010,   83,  24,   0,   0, 
EP, 15, 2026091212, 03, AVNO, 162, 204N, 1308W,  56,  990, XX,  50, NEQ,   31,    0,    0,   35, 1010,   83,  24,   0,   0, 
EP, 15, 2026091212, 03, AVNO, 168, 206N, 1315W,  55,  990, XX,  34, NEQ,   64,   46,   46,   62, 1010, 1400,  25,   0,   0, 
EP, 15, 2026091212, 03, AVNO, 168, 206N, 1315W,  55,  990, XX,  50, NEQ,   28,    0,    0,   30, 1010, 1400,  25,   0,   0, 
EP, 15, 2026091212, 03, AVNO, 174, 208N, 1323W,  58,  994, XX,  34, NEQ,   74,   46,   47,   64, 1010,   70,  18,   0,   0, 
EP, 15, 2026091212, 03, AVNO, 174, 208N, 1323W,  58,  994, XX,  50, NEQ,   31,    0,    0,   33, 1010,   70,  18,   0,   0, 
EP, 15, 2026091212, 03, AVNO, 180, 211N, 1329W,  53,  992, XX,  34, NEQ,   62,   55,   47,   63, 1008,   70,  24,   0,   0, 
EP, 15, 2026091212, 03, AVNO, 180, 211N, 1329W,  53,  992, XX,  50, NEQ,   31,    0,    0,   31, 1008,   70,  24,   0,   0, 
EP, 15, 2026091212, 03, AVNO, 186, 212N, 1338W,  51,  997, XX,  34, NEQ,   67,   46,   45,   67, 1009,   54,  35,   0,   0, 
EP, 15, 2026091212, 03, AVNO, 186, 212N, 1338W,  51,  997, XX,  50, NEQ,   36,    0,    0,    0, 1009,   54,  35,   0,   0, 
EP, 15, 2026091212, 03, AVNO, 192, 214N, 1347W,  44,  999, XX,  34, NEQ,   64,   41,   31,   61, 1007,   53,  28,   0,   0, 
EP, 15, 2026091212, 03, AVNO, 198, 217N, 1358W,  41, 1003, XX,  34, NEQ,   68,    0,    0,   67, 1011,   66,  38,   0,   0, 
EP, 15, 2026091212, 03, AVNO, 204, 221N, 1367W,  43, 1003, XX,  34, NEQ,   77,    0,   44,   74, 1011,  964,  32,   0,   0, 
EP, 15, 2026091212, 03, AVNO, 210, 222N, 1375W,  44, 1005, XX,  34, NEQ,   81,   45,   48,   90, 1013,   79,  28,   0,   0, 
EP, 15, 2026091212, 03, AVNO, 216, 224N, 1386W,  37, 1006, XX,  34, NEQ,   58,    0,    0,   53, 1010,   39,  38,   0,   0, 
EP, 15, 2026091212, 03, AVNO, 222, 225N, 1401W,  37, 1010, XX,  34, NEQ,   61,    0,    0,   58, 1014,   63,  43,   0,   0, 
EP, 15, 2026091212, 03, AVNO, 228, 224N, 1417W,  33, 1009, XX,  34, NEQ,    0,    0,    0,    0,  -99,  -99,  38,   0,   0, 
EP, 15, 2026091212, 03, AVNO, 234, 222N, 1432W,  31, 1012, XX,  34, NEQ,    0,    0,    0,    0,  -99,  -99,  65,   0,   0, 
EP, 15, 2026091212, 03, AVNO, 240, 221N, 1446W,  27, 1011, XX,  34, NEQ,    0,    0,    0,    0,  -99,  -99,  45,   0,   0, 
EP, 15, 2026091212, 03, HCCA,   0, 154N, 1140W,  30,    0,   ,   0,    ,    0,    0,    0,    0, 
EP, 15, 2026091212, 03, HCCA,  12, 162N, 1146W,  35,    0,   ,   0,    ,    0,    0,    0,    0, 
EP, 15, 2026091212, 03, HCCA,  24, 163N, 1154W,  41,    0,   ,   0,    ,    0,    0,    0,    0, 
EP, 15, 2026091212, 03, HCCA,  36, 161N, 1166W,  44,    0,   ,   0,    ,    0,    0,    0,    0, 
EP, 15, 2026091212, 03, HCCA,  48, 158N, 1180W,  41,    0,   ,   0,    ,    0,    0,    0,    0, 
EP, 15, 2026091212, 03, HCCA,  60, 155N, 1194W,  41,    0,   ,   0,    ,    0,    0,    0,    0, 
EP, 15, 2026091212, 03, HCCA,  72, 156N, 1208W,  41,    0,   ,   0,    ,    0,    0,    0,    0, 
EP, 15, 2026091212, 03, HCCA,  84, 162N, 1222W,  43,    0,   ,   0,    ,    0,    0,    0,    0, 
EP, 15, 2026091212, 03, HCCA,  96, 171N, 1239W,  43,    0,   ,   0,    ,    0,    0,    0,    0, 
EP, 15, 2026091212, 03, HCCA, 108, 180N, 1260W,  45,    0,   ,   0,    ,    0,    0,    0,    0, 
EP, 15, 2026091212, 03, HCCA, 120, 189N, 1280W,  48,    0,   ,   0,    ,    0,    0,    0,    0, 
EP, 15, 2026091212, 03, HCCA, 132, 199N, 1296W,  47,    0,   ,   0,    ,    0,    0,    0,    0, 
EP, 15, 2026091212, 03, HCCA, 144, 209N, 1312W,  47,    0,   ,   0,    ,    0,    0,    0,    0, 
EP, 15, 2026091212, 03, HCCA, 156, 218N, 1326W,  48,    0,   ,   0,    ,    0,    0,    0,    0, 
EP, 15, 2026091212, 03, HCCA, 168, 225N, 1340W,  49,    0,   ,   0,    ,    0,    0,    0,    0, 
EP, 15, 2026091212, 03, HFSA,   0, 154N, 1139W,  29, 1006, XX,  34, NEQ,    0,    0,    0,    0,  -99,  -99,  68,   0,   0,    ,   0,    , 344,   7,           ,  ,  0,    ,    0,    0,    0,    0, THERMO PARAMS, -54, -64, 532, N, 10, DT, -999, SHR82, -99, 
EP, 15, 2026091212, 03, HFSA,   6, 156N, 1141W,  44, 1009, XX,  34, NEQ,    0,    0,    0,    0,  -99,  -99,  40,   0,   0,    ,   0,    , 336,   9,           ,  ,  0,    ,    0,    0,    0,    0, THERMO PARAMS, -75, -41, 254, N, 10, DT, -999, SHR82, -99, 
EP, 15, 2026091212, 03, HFSA,  12, 162N, 1148W,  35, 1006, XX,  34, NEQ,    0,    0,    0,    0,  -99,  -99,  40,   0,   0,    ,   0,    , 320,   9,           ,  ,  0,    ,    0,    0,    0,    0, THERMO PARAMS, -11, 6, 145, N, 10, DT, -999, SHR82, -99, 
EP, 15, 2026091212, 03, HFSA,  18, 164N, 1150W,  31, 1008, XX,  34, NEQ,    0,    0,    0,    0,  -99,  -99,  60,   0,   0,    ,   0,    , 268,   1,           ,  ,  0,    ,    0,    0,    0,    0, THERMO PARAMS, 37, -141, 242, N, 10, DT, -999, SHR82, -99, 
EP, 15, 2026091212, 03, HFSA,  24, 159N, 1153W,  33, 1002, XX,  34, NEQ,    0,    0,    0,    0, 1006,   58,  45,   0,   0,    ,   0,    , 221,   5,           ,  ,  0,    ,    0,    0,    0,    0, THERMO PARAMS, 61, -99, 66, N, 10, DT, -999, SHR82, -99, 
EP, 15, 2026091212, 03, HFSA,  30, 156N, 1157W,  38, 1007, XX,  34, NEQ,    0,   74,    0,    0,  -99,  -99,  66,   0,   0,    ,   0,    , 269,   4,           ,  ,  0,    ,    0,    0,    0,    0, THERMO PARAMS, -38, 197, -66, N, 10, DT, -999, SHR82, -99, 
EP, 15, 2026091212, 03, HFSA,  36, 152N, 1159W,  39,  997, XX,  34, NEQ,   39,    0,    0,    0, 1001,    9,  29,   0,   0,    ,   0,    , 216,   4,           ,  ,  0,    ,    0,    0,    0,    0, THERMO PARAMS, 78, 226, 73, N, 10, DT, -999, SHR82, -99, 
EP, 15, 2026091212, 03, HFSA,  42, 154N, 1168W,  51,  999, XX,  34, NEQ,   39,    0,    0,    0, 1003,    6,  32,   0,   0,    ,   0,    , 278,   8,           ,  ,  0,    ,    0,    0,    0,    0, THERMO PARAMS, -42, 260, 265, N, 10, DT, -999, SHR82, -99, 
EP, 15, 2026091212, 03, HFSA,  48, 154N, 1175W,  47, 1000, XX,  34, NEQ,   39,    0,    0,    0, 1004,   29,  34,   0,   0,    ,   0,    , 269,   8,           ,  ,  0,    ,    0,    0,    0,    0, THERMO PARAMS, -52, 217, 16, N, 10, DT, -999, SHR82, -99, 
EP, 15, 2026091212, 03, HFSA,  54, 155N, 1185W,  46, 1002, XX,  34, NEQ,   45,    0,    0,   34,  -99,  -99,  28,   0,   0,    ,   0,    , 274,   9,           ,  ,  0,    ,    0,    0,    0,    0, THERMO PARAMS, -61, 332, 338, N, 10, DT, -999, SHR82, -99, 
EP, 15, 2026091212, 03, HFSA,  60, 150N, 1196W,  35, 1000, XX,  34, NEQ,    0,    0,    0,    0, 1004,   47,  63,   0,   0,    ,   0,    , 253,   8,           ,  ,  0,    ,    0,    0,    0,    0, THERMO PARAMS, -13, 83, 301, N, 10, DT, -999, SHR82, -99, 
EP, 15, 2026091212, 03, HFSA,  66, 151N, 1206W,  39, 1002, XX,  34, NEQ,   91,    0,    0,    0,  -99,  -99,  58,   0,   0,    ,   0,    , 277,   9,           ,  ,  0,    ,    0,    0,    0,    0, THERMO PARAMS, -21, 471, 265, N, 10, DT, -999, SHR82, -99, 
EP, 15, 2026091212, 03, HFSA,  72, 148N, 1213W,  41, 1001, XX,  34, NEQ,    0,    0,    0,    0,  -99,  -99,  57,   0,   0,    ,   0,    , 257,   7,           ,  ,  0,    ,    0,    0,    0,    0, THERMO PARAMS, -22, 126, 287, N, 10, DT, -999, SHR82, -99, 
EP, 15, 2026091212, 03, HFSA,  78, 148N, 1218W,  38, 1000, XX,  34, NEQ,   44,    0,    0,    0, 1004,   47,  38,   0,   0,    ,   0,    , 286,   8,           ,  ,  0,    ,    0,    0,    0,    0, THERMO PARAMS, -78, 275, 488, N, 10, DT, -999, SHR82, -99, 
EP, 15, 2026091212, 03, HFSA,  84, 149N, 1226W,  39,  999, XX,  34, NEQ,   65,    0,    0,    0,  -99,  -99,  63,   0,   0,    ,   0,    , 272,   7,           ,  ,  0,    ,    0,    0,    0,    0, THERMO PARAMS, -35, 432, 582, N, 10, DT, -999, SHR82, -99, 
EP, 15, 2026091212, 03, HFSA,  90, 150N, 1233W,  44, 1001, XX,  34, NEQ,   92,   78,    0,   55,  -99,  -99,  90,   0,   0,    ,   0,    , 276,  10,           ,  ,  0,    ,    0,    0,    0,    0, THERMO PARAMS, -40, 144, 489, N, 10, DT, -999, SHR82, -99, 
EP, 15, 2026091212, 03, HFSA,  96, 156N, 1239W,  40,  999, XX,  34, NEQ,   55,    0,    0,   40,  -99,  -99,  32,   0,   0,    ,   0,    , 319,   9,           ,  ,  0,    ,    0,    0,    0,    0, THERMO PARAMS, -100, 495, 303, N, 10, DT, -999, SHR82, -99, 
EP, 15, 2026091212, 03, HFSA, 102, 159N, 1250W,  45, 1001, XX,  34, NEQ,   92,    0,    0,   24, 1005,   30,  88,   0,   0,    ,   0,    , 286,  10,           ,  ,  0,    ,    0,    0,    0,    0, THERMO PARAMS, -108, 662, 229, N, 10, DT, -999, SHR82, -99, 
EP, 15, 2026091212, 03, HFSA, 108, 161N, 1257W,  48, 1000, XX,  34, NEQ,   96,    0,    0,    0,  -99,  -99,  84,   0,   0,    ,   0,    , 302,   7,           ,  ,  0,    ,    0,    0,    0,    0, THERMO PARAMS, -117, -33, 545, N, 10, DT, -999, SHR82, -99, 
EP, 15, 2026091212, 03, HFSA, 114, 164N, 1265W,  38, 1003, XX,  34, NEQ,   70,    0,    0,    0, 1007,   60,  63,   0,   0,    ,   0,    , 292,  11,           ,  ,  0,    ,    0,    0,    0,    0, THERMO PARAMS, -116, 366, 366, N, 10, DT, -999, SHR82, -99, 
EP, 15, 2026091212, 03, HFSA, 120, 167N, 1277W,  44, 1002, XX,  34, NEQ,    0,    0,    0,    0,  -99,  -99, 127,   0,   0,    ,   0,    , 290,  10,           ,  ,  0,    ,    0,    0,    0,    0, THERMO PARAMS, -9999, -9999, -9999, N, 10, DT, -999, SHR82, -99, 
EP, 15, 2026091212, 03, HFSA, 126, 168N, 1288W,  32, 1005, XX,  34, NEQ,    0,    0,    0,    0,  -99,  -99, 131,   0,   0,    ,   0,    , -99, -99,           ,  ,  0,    ,    0,    0,    0,    0, THERMO PARAMS, -9999, -9999, -9999, N, 10, DT, -999, SHR82, -99, 
EP, 15, 2026091212, 03, TVCN,   0, 154N, 1140W,   0,    0,   ,   0,    ,    0,    0,    0,    0, 
EP, 15, 2026091212, 03, TVCN,  12, 161N, 1147W,   0,    0,   ,   0,    ,    0,    0,    0,    0, 
EP, 15, 2026091212, 03, TVCN,  24, 162N, 1154W,   0,    0,   ,   0,    ,    0,    0,    0,    0, 
EP, 15, 2026091212, 03, TVCN,  36, 160N, 1165W,   0,    0,   ,   0,    ,    0,    0,    0,    0, 
EP, 15, 2026091212, 03, TVCN,  48, 157N, 1178W,   0,    0,   ,   0,    ,    0,    0,    0,    0, 
EP, 15, 2026091212, 03, TVCN,  60, 155N, 1193W,   0,    0,   ,   0,    ,    0,    0,    0,    0, 
EP, 15, 2026091212, 03, TVCN,  72, 158N, 1207W,   0,    0,   ,   0,    ,    0,    0,    0,    0, 
EP, 15, 2026091212, 03, TVCN,  84, 164N, 1224W,   0,    0,   ,   0,    ,    0,    0,    0,    0, 
EP, 15, 2026091212, 03, TVCN,  96, 173N, 1244W,   0,    0,   ,   0,    ,    0,    0,    0,    0, 
EP, 15, 2026091212, 03, TVCN, 108, 182N, 1265W,   0,    0,   ,   0,    ,    0,    0,    0,    0, 
EP, 15, 2026091212, 03, TVCN, 120, 191N, 1286W,   0,    0,   ,   0,    ,    0,    0,    0,    0, 
EP, 15, 2026091212, 03, TVCN, 132, 200N, 1305W,   0,    0,   ,   0,    ,    0,    0,    0,    0, 
EP, 15, 2026091212, 03, TVCN, 144, 205N, 1319W,   0,    0,   ,   0,    ,    0,    0,    0,    0, 
EP, 15, 2026091212, 03, TVCN, 156, 213N, 1335W,   0,    0,   ,   0,    ,    0,    0,    0,    0, 
EP, 15, 2026091212, 03, TVCN, 168, 221N, 1352W,   0,    0,   ,   0,    ,    0,    0,    0,    0, 
EP, 15, 2026091218, 03, AVNO,   0, 160N, 1142W,  28, 1010, XX,  34, NEQ,    0,    0,    0,    0,  -99,  -99,  57,   0,   0, 
EP, 15, 2026091218, 03, AVNO,   6, 167N, 1151W,  24, 1007, XX,  34, NEQ,    0,    0,    0,    0,  -99,  -99,  61,   0,   0, 
EP, 15, 2026091218, 03, AVNO,  12, 166N, 1154W,  24, 1009, XX,  34, NEQ,    0,    0,    0,    0,  -99,  -99,  70,   0,   0, 
EP, 15, 2026091218, 03, AVNO,  18, 159N, 1151W,  29, 1006, XX,  34, NEQ,    0,    0,    0,    0,  -99,  -99,  96,   0,   0, 
EP, 15, 2026091218, 03, AVNO,  24, 160N, 1163W,  33, 1008, XX,  34, NEQ,    0,    0,    0,    0,  -99,  -99,  92,   0,   0, 
EP, 15, 2026091218, 03, AVNO,  30, 158N, 1169W,  29, 1004, XX,  34, NEQ,    0,    0,    0,    0, 1008,  149,  86,   0,   0, 
EP, 15, 2026091218, 03, AVNO,  36, 157N, 1179W,  27, 1007, XX,  34, NEQ,    0,    0,    0,    0, 1011,  132,  85,   0,   0, 
EP, 15, 2026091218, 03, AVNO,  42, 154N, 1186W,  25, 1004, XX,  34, NEQ,    0,    0,    0,    0, 1008,  150,  92,   0,   0, 
EP, 15, 2026091218, 03, AVNO,  48, 153N, 1195W,  28, 1006, XX,  34, NEQ,    0,    0,    0,    0, 1010,  146, 160,   0,   0, 
EP, 15, 2026091218, 03, AVNO,  54, 148N, 1204W,  30, 1002, XX,  34, NEQ,    0,    0,    0,    0, 1006,  132, 113,   0,   0, 
EP, 15, 2026091218, 03, AVNO,  60, 142N, 1210W,  29, 1005, XX,  34, NEQ,    0,    0,    0,    0, 1009,  117, 154,   0,   0, 
EP, 15, 2026091218, 03, AVNO,  66, 139N, 1208W,  32, 1001, XX,  34, NEQ,    0,    0,    0,    0,  -99,  -99,  46,   0,   0, 
EP, 15, 2026091218, 03, AVNO,  72, 139N, 1209W,  33, 1002, XX,  34, NEQ,    0,    0,    0,    0, 1010,  225,  37,   0,   0, 
EP, 15, 2026091218, 03, AVNO,  78, 145N, 1214W,  40,  997, XX,  34, NEQ,   50,    0,    0,   46, 1005,  174,  29,   0,   0, 
EP, 15, 2026091218, 03, AVNO,  84, 148N, 1223W,  41,  999, XX,  34, NEQ,   70,    0,    0,   29, 1007,  126,  51,   0,   0, 
EP, 15, 2026091218, 03, AVNO,  90, 153N, 1232W,  37,  995, XX,  34, NEQ,   60,    0,    0,   49, 1007,  274,  36,   0,   0, 
EP, 15, 2026091218, 03, AVNO,  96, 155N, 1238W,  39,  997, XX,  34, NEQ,   35,   35,    0,   37, 1009,  188,  29,   0,   0, 
EP, 15, 2026091218, 03, AVNO, 102, 161N, 1246W,  48,  989, XX,  34, NEQ,   42,   40,   26,   43, 1005,  174,  22,   0,   0, 
EP, 15, 2026091218, 03, AVNO, 108, 165N, 1254W,  51,  989, XX,  34, NEQ,   54,   30,   28,   48, 1009,  234,  21,   0,   0, 
EP, 15, 2026091218, 03, AVNO, 108, 165N, 1254W,  51,  989, XX,  50, NEQ,   21,    0,    0,    0, 1009,  234,  21,   0,   0, 
EP, 15, 2026091218, 03, AVNO, 114, 169N, 1263W,  53,  986, XX,  34, NEQ,   53,   35,   26,   40, 1006,  175,  20,   0,   0, 
EP, 15, 2026091218, 03, AVNO, 114, 169N, 1263W,  53,  986, XX,  50, NEQ,   25,    0,    0,    0, 1006,  175,  20,   0,   0, 
EP, 15, 2026091218, 03, AVNO, 120, 173N, 1271W,  54,  988, XX,  34, NEQ,   54,   38,   34,   45, 1008,  104,  12,   0,   0, 
EP, 15, 2026091218, 03, AVNO, 120, 173N, 1271W,  54,  988, XX,  50, NEQ,   27,    0,    0,   17, 1008,  104,  12,   0,   0, 
EP, 15, 2026091218, 03, AVNO, 126, 178N, 1279W,  56,  985, XX,  34, NEQ,   51,   34,   33,   47, 1009,  637,  17,   0,   0, 
EP, 15, 2026091218, 03, AVNO, 126, 178N, 1279W,  56,  985, XX,  50, NEQ,   26,   26,    0,   26, 1009,  637,  17,   0,   0, 
EP, 15, 2026091218, 03, AVNO, 132, 181N, 1286W,  54,  988, XX,  34, NEQ,   54,   47,   39,   56, 1012,  510,  21,   0,   0, 
EP, 15, 2026091218, 03, AVNO, 132, 181N, 1286W,  54,  988, XX,  50, NEQ,   28,   19,    0,   29, 1012,  510,  21,   0,   0, 
EP, 15, 2026091218, 03, AVNO, 138, 185N, 1293W,  53,  985, XX,  34, NEQ,   62,   46,   36,   54, 1009,  416,  21,   0,   0, 
EP, 15, 2026091218, 03, AVNO, 138, 185N, 1293W,  53,  985, XX,  50, NEQ,   25,    0,    0,   24, 1009,  416,  21,   0,   0, 
EP, 15, 2026091218, 03, AVNO, 144, 187N, 1300W,  58,  986, XX,  34, NEQ,   65,   45,   44,   64, 1010,  148,  23,   0,   0, 
EP, 15, 2026091218, 03, AVNO, 144, 187N, 1300W,  58,  986, XX,  50, NEQ,   36,    0,    0,   26, 1010,  148,  23,   0,   0, 
EP, 15, 2026091218, 03, AVNO, 150, 190N, 1307W,  59,  982, XX,  34, NEQ,   67,   46,   46,   63, 1006,   83,  21,   0,   0, 
EP, 15, 2026091218, 03, AVNO, 150, 190N, 1307W,  59,  982, XX,  50, NEQ,   36,    0,   25,   32, 1006,   83,  21,   0,   0, 
EP, 15, 2026091218, 03, AVNO, 156, 191N, 1315W,  63,  985, XX,  34, NEQ,   73,   45,   45,   73, 1009,   83,  22,   0,   0, 
EP, 15, 2026091218, 03, AVNO, 156, 191N, 1315W,  63,  985, XX,  50, NEQ,   39,   17,    0,   37, 1009,   83,  22,   0,   0, 
EP, 15, 2026091218, 03, AVNO, 162, 193N, 1323W,  63,  985, XX,  34, NEQ,   72,   48,   54,   76, 1009,  273,  18,   0,   0, 
EP, 15, 2026091218, 03, AVNO, 162, 193N, 1323W,  63,  985, XX,  50, NEQ,   35,    0,   26,   37, 1009,  273,  18,   0,   0, 
EP, 15, 2026091218, 03, AVNO, 168, 193N, 1332W,  60,  991, XX,  34, NEQ,   78,   52,   50,   76, 1011,  127,  29,   0,   0, 
EP, 15, 2026091218, 03, AVNO, 168, 193N, 1332W,  60,  991, XX,  50, NEQ,   38,    0,    0,   33, 1011,  127,  29,   0,   0, 
EP, 15, 2026091218, 03, AVNO, 174, 193N, 1341W,  56,  992, XX,  34, NEQ,   72,   39,   54,   74, 1008,  128,  27,   0,   0, 
EP, 15, 2026091218, 03, AVNO, 174, 193N, 1341W,  56,  992, XX,  50, NEQ,   40,    0,    0,   33, 1008,  128,  27,   0,   0, 
EP, 15, 2026091218, 03, AVNO, 180, 192N, 1351W,  51,  996, XX,  34, NEQ,   82,   37,   53,   83, 1008,   71,  36,   0,   0, 
EP, 15, 2026091218, 03, AVNO, 180, 192N, 1351W,  51,  996, XX,  50, NEQ,    0,    0,    0,   36, 1008,   71,  36,   0,   0, 
EP, 15, 2026091218, 03, AVNO, 186, 192N, 1362W,  46,  997, XX,  34, NEQ,   77,    0,   34,   68, 1009,  497,  36,   0,   0, 
EP, 15, 2026091218, 03, AVNO, 192, 191N, 1374W,  41, 1001, XX,  34, NEQ,   73,    0,    0,   71, 1009,   77,  54,   0,   0, 
EP, 15, 2026091218, 03, AVNO, 198, 191N, 1386W,  38, 1001, XX,  34, NEQ,   57,    0,    0,   61, 1009,  409,  40,   0,   0, 
EP, 15, 2026091218, 03, AVNO, 204, 190N, 1396W,  37, 1005, XX,  34, NEQ,   77,    0,    0,   78, 1009,   47,  45,   0,   0, 
EP, 15, 2026091218, 03, AVNO, 210, 191N, 1411W,  36, 1004, XX,  34, NEQ,   64,    0,    0,   56, 1008,   62,  58,   0,   0, 
EP, 15, 2026091218, 03, AVNO, 216, 190N, 1426W,  33, 1008, XX,  34, NEQ,    0,    0,    0,    0, 1012,   95,  46,   0,   0, 
EP, 15, 2026091218, 03, AVNO, 222, 189N, 1440W,  30, 1006, XX,  34, NEQ,    0,    0,    0,    0, 1010, 1123,  50,   0,   0, 
EP, 15, 2026091218, 03, AVNO, 228, 189N, 1454W,  31, 1009, XX,  34, NEQ,    0,    0,    0,    0,  -99,  -99,  38,   0,   0, 
EP, 15, 2026091218, 03, AVNO, 234, 189N, 1470W,  30, 1008, XX,  34, NEQ,    0,    0,    0,    0,  -99,  -99,  35,   0,   0, 
EP, 15, 2026091218, 03, AVNO, 240, 189N, 1484W,  27, 1011, XX,  34, NEQ,    0,    0,    0,    0,  -99,  -99,  40,   0,   0, 
EP, 15, 2026091218, 03, HCCA,   0, 168N, 1143W,  25,    0,   ,   0,    ,    0,    0,    0,    0, 
EP, 15, 2026091218, 03, HCCA,  12, 174N, 1152W,  26,    0,   ,   0,    ,    0,    0,    0,    0, 
EP, 15, 2026091218, 03, HCCA,  24, 173N, 1162W,  27,    0,   ,   0,    ,    0,    0,    0,    0, 
EP, 15, 2026091218, 03, HCCA,  36, 171N, 1175W,  32,    0,   ,   0,    ,    0,    0,    0,    0, 
EP, 15, 2026091218, 03, HCCA,  48, 168N, 1191W,  30,    0,   ,   0,    ,    0,    0,    0,    0, 
EP, 15, 2026091218, 03, HCCA,  60, 165N, 1208W,  29,    0,   ,   0,    ,    0,    0,    0,    0, 
EP, 15, 2026091218, 03, HCCA,  72, 166N, 1222W,  29,    0,   ,   0,    ,    0,    0,    0,    0, 
EP, 15, 2026091218, 03, HCCA,  84, 170N, 1235W,  30,    0,   ,   0,    ,    0,    0,    0,    0, 
EP, 15, 2026091218, 03, HCCA,  96, 177N, 1250W,  30,    0,   ,   0,    ,    0,    0,    0,    0, 
EP, 15, 2026091218, 03, HCCA, 108, 181N, 1269W,  32,    0,   ,   0,    ,    0,    0,    0,    0, 
EP, 15, 2026091218, 03, HCCA, 120, 183N, 1291W,  29,    0,   ,   0,    ,    0,    0,    0,    0, 
EP, 15, 2026091218, 03, HCCA, 132, 190N, 1305W,  29,    0,   ,   0,    ,    0,    0,    0,    0, 
EP, 15, 2026091218, 03, HCCA, 144, 198N, 1318W,  36,    0,   ,   0,    ,    0,    0,    0,    0, 
EP, 15, 2026091218, 03, HCCA, 156, 204N, 1330W,  40,    0,   ,   0,    ,    0,    0,    0,    0, 
EP, 15, 2026091218, 03, HCCA, 168, 208N, 1340W,  41,    0,   ,   0,    ,    0,    0,    0,    0, 
EP, 15, 2026091218, 03, HFSA,   0, 167N, 1142W,  26, 1006, XX,  34, NEQ,    0,    0,    0,    0, 1010,   57,  53,   0,   0,    ,   0,    , 334,   8,           ,  ,  0,    ,    0,    0,    0,    0, THERMO PARAMS, -68, 435, 621, N, 10, DT, -999, SHR82, -99, 
EP, 15, 2026091218, 03, HFSA,   6, 167N, 1152W,  45, 1000, XX,  34, NEQ,   42,    0,    0,    0, 1004,   11,  42,   0,   0,    ,   0,    , 258,   6,           ,  ,  0,    ,    0,    0,    0,    0, THERMO PARAMS, 44, 191, 291, N, 10, DT, -999, SHR82, -99, 
EP, 15, 2026091218, 03, HFSA,  12, 162N, 1159W,  41, 1004, XX,  34, NEQ,    0,   52,    0,    0, 1008,   38,  49,   0,   0,    ,   0,    , 220,   7,           ,  ,  0,    ,    0,    0,    0,    0, THERMO PARAMS, 73, 42, 178, N, 10, DT, -999, SHR82, -99, 
EP, 15, 2026091218, 03, HFSA,  18, 162N, 1164W,  38, 1003, XX,  34, NEQ,   58,    0,    0,    0, 1007,   63,  54,   0,   0,    ,   0,    , 267,   4,           ,  ,  0,    ,    0,    0,    0,    0, THERMO PARAMS, 6, 7, 85, N, 10, DT, -999, SHR82, -99, 
EP, 15, 2026091218, 03, HFSA,  24, 154N, 1170W,  37, 1001, XX,  34, NEQ,   24,   53,    0,    0, 1005,    6,  24,   0,   0,    ,   0,    , 223,   6,           ,  ,  0,    ,    0,    0,    0,    0, THERMO PARAMS, 87, 490, 179, N, 10, DT, -999, SHR82, -99, 
EP, 15, 2026091218, 03, HFSA,  30, 154N, 1178W,  37, 1001, XX,  34, NEQ,   55,    0,    0,    0,  -99,  -99,  31,   0,   0,    ,   0,    , 242,   5,           ,  ,  0,    ,    0,    0,    0,    0, THERMO PARAMS, 52, 34, 342, N, 10, DT, -999, SHR82, -99, 
EP, 15, 2026091218, 03, HFSA,  36, 151N, 1182W,  45,  998, XX,  34, NEQ,   58,   31,    0,   31, 1002,    4,  34,   0,   0,    ,   0,    , 265,   6,           ,  ,  0,    ,    0,    0,    0,    0, THERMO PARAMS, -12, 727, 390, N, 10, DT, -999, SHR82, -99, 
EP, 15, 2026091218, 03, HFSA,  42, 146N, 1189W,  48,  994, XX,  34, NEQ,   53,   89,    0,   36, 1002,   42,  22,   0,   0,    ,   0,    , 221,   6,           ,  ,  0,    ,    0,    0,    0,    0, THERMO PARAMS, 89, -22, 648, N, 10, DT, -999, SHR82, -99, 
EP, 15, 2026091218, 03, HFSA,  48, 141N, 1196W,  52,  997, XX,  34, NEQ,   84,   81,    0,   37, 1001,    7,  35,   0,   0,    ,   0,    , 253,   8,           ,  ,  0,    ,    0,    0,    0,    0, THERMO PARAMS, 33, 253, 111, N, 10, DT, -999, SHR82, -99, 
EP, 15, 2026091218, 03, HFSA,  54, 138N, 1203W,  53,  997, XX,  34, NEQ,   86,   84,    0,   45,  -99,  -99,  60,   0,   0,    ,   0,    , 259,   7,           ,  ,  0,    ,    0,    0,    0,    0, THERMO PARAMS, 19, 95, 531, N, 10, DT, -999, SHR82, -99, 
EP, 15, 2026091218, 03, HFSA,  60, 136N, 1208W,  47,  991, XX,  34, NEQ,   94,   97,    0,   58,  995,    2,  29,   0,   0,    ,   0,    , 272,   5,           ,  ,  0,    ,    0,    0,    0,    0, THERMO PARAMS, 75, 985, 677, N, 10, DT, -999, SHR82, -99, 
EP, 15, 2026091218, 03, HFSA,  66, 139N, 1214W,  59,  991, XX,  34, NEQ,   99,  104,   36,   66,  995,   21,  22,   0,   0,    ,   0,    , 285,   8,           ,  ,  0,    ,    0,    0,    0,    0, THERMO PARAMS, -86, 339, 730, N, 10, DT, -999, SHR82, -99, 
EP, 15, 2026091218, 03, HFSA,  66, 139N, 1214W,  59,  991, XX,  50, NEQ,   55,    0,    0,   28,  995,   21,  22,   0,   0,    ,   0,    , 285,   8,           ,  ,  0,    ,    0,    0,    0,    0, THERMO PARAMS, -86, 339, 730, N, 10, DT, -999, SHR82, -99, 
EP, 15, 2026091218, 03, HFSA,  72, 140N, 1222W,  52,  992, XX,  34, NEQ,  108,  113,   34,   81,  996,   19,  25,   0,   0,    ,   0,    , 283,   8,           ,  ,  0,    ,    0,    0,    0,    0, THERMO PARAMS, -51, 489, 811, N, 10, DT, -999, SHR82, -99, 
EP, 15, 2026091218, 03, HFSA,  78, 141N, 1228W,  44,  989, XX,  34, NEQ,  117,   40,   23,   92,  997,   33,  24,   0,   0,    ,   0,    , 291,   6,           ,  ,  0,    ,    0,    0,    0,    0, THERMO PARAMS, -97, 811, 911, N, 10, DT, -999, SHR82, -99, 
EP, 15, 2026091218, 03, HFSA,  84, 145N, 1235W,  64,  988, XX,  34, NEQ,  125,   49,   34,  104,  996,   21,  17,   0,   0,    ,   0,    , 293,   9,           ,  ,  0,    ,    0,    0,    0,    0, THERMO PARAMS, -80, 987, 1125, N, 10, DT, -999, SHR82, -99, 
EP, 15, 2026091218, 03, HFSA,  84, 145N, 1235W,  64,  988, XX,  50, NEQ,   47,   21,    0,   28,  996,   21,  17,   0,   0,    ,   0,    , 293,   9,           ,  ,  0,    ,    0,    0,    0,    0, THERMO PARAMS, -80, 987, 1125, N, 10, DT, -999, SHR82, -99, 
EP, 15, 2026091218, 03, HFSA,  90, 149N, 1243W,  65,  980, XX,  34, NEQ,  117,   60,   39,   94, 1000,   45,  13,   0,   0,    ,   0,    , 299,   9,           ,  ,  0,    ,    0,    0,    0,    0, THERMO PARAMS, -102, 1426, 1436, N, 10, DT, -999, SHR82, -99, 
EP, 15, 2026091218, 03, HFSA,  90, 149N, 1243W,  65,  980, XX,  50, NEQ,   26,   23,   15,   29, 1000,   45,  13,   0,   0,    ,   0,    , 299,   9,           ,  ,  0,    ,    0,    0,    0,    0, THERMO PARAMS, -102, 1426, 1436, N, 10, DT, -999, SHR82, -99, 
EP, 15, 2026091218, 03, HFSA,  90, 149N, 1243W,  65,  980, XX,  64, NEQ,   15,    0,    0,   15, 1000,   45,  13,   0,   0,    ,   0,    , 299,   9,           ,  ,  0,    ,    0,    0,    0,    0, THERMO PARAMS, -102, 1426, 1436, N, 10, DT, -999, SHR82, -99, 
EP, 15, 2026091218, 03, HFSA,  96, 154N, 1250W,  67,  980, XX,  34, NEQ,  112,   81,   45,   87, 1000,   37,  15,   0,   0,    ,   0,    , 305,  10,           ,  ,  0,    ,    0,    0,    0,    0, THERMO PARAMS, -88, 1216, 1239, N, 10, DT, -999, SHR82, -99, 
EP, 15, 2026091218, 03, HFSA,  96, 154N, 1250W,  67,  980, XX,  50, NEQ,   31,   29,   19,   29, 1000,   37,  15,   0,   0,    ,   0,    , 305,  10,           ,  ,  0,    ,    0,    0,    0,    0, THERMO PARAMS, -88, 1216, 1239, N, 10, DT, -999, SHR82, -99, 
EP, 15, 2026091218, 03, HFSA,  96, 154N, 1250W,  67,  980, XX,  64, NEQ,   15,   18,   13,    0, 1000,   37,  15,   0,   0,    ,   0,    , 305,  10,           ,  ,  0,    ,    0,    0,    0,    0, THERMO PARAMS, -88, 1216, 1239, N, 10, DT, -999, SHR82, -99, 
EP, 15, 2026091218, 03, HFSA, 102, 161N, 1258W,  84,  971, XX,  34, NEQ,  126,  100,   44,   81,  999,   42,  12,   0,   0,    ,   0,    , 312,  10,           ,  ,  0,    ,    0,    0,    0,    0, THERMO PARAMS, -94, 1805, 1652, N, 10, DT, -999, SHR82, -99, 
EP, 15, 2026091218, 03, HFSA, 102, 161N, 1258W,  84,  971, XX,  50, NEQ,   32,   28,   19,   26,  999,   42,  12,   0,   0,    ,   0,    , 312,  10,           ,  ,  0,    ,    0,    0,    0,    0, THERMO PARAMS, -94, 1805, 1652, N, 10, DT, -999, SHR82, -99, 
EP, 15, 2026091218, 03, HFSA, 102, 161N, 1258W,  84,  971, XX,  64, NEQ,   21,   13,   13,   19,  999,   42,  12,   0,   0,    ,   0,    , 312,  10,           ,  ,  0,    ,    0,    0,    0,    0, THERMO PARAMS, -94, 1805, 1652, N, 10, DT, -999, SHR82, -99, 
EP, 15, 2026091218, 03, HFSA, 108, 170N, 1266W,  82,  970, XX,  34, NEQ,  138,  134,   45,  107, 1002,   53,  11,   0,   0,    ,   0,    , 313,  12,           ,  ,  0,    ,    0,    0,    0,    0, THERMO PARAMS, -76, 1602, 2010, N, 10, DT, -999, SHR82, -99, 
EP, 15, 2026091218, 03, HFSA, 108, 170N, 1266W,  82,  970, XX,  50, NEQ,   32,   31,   21,   29, 1002,   53,  11,   0,   0,    ,   0,    , 313,  12,           ,  ,  0,    ,    0,    0,    0,    0, THERMO PARAMS, -76, 1602, 2010, N, 10, DT, -999, SHR82, -99, 
EP, 15, 2026091218, 03, HFSA, 108, 170N, 1266W,  82,  970, XX,  64, NEQ,   21,   15,   13,   18, 1002,   53,  11,   0,   0,    ,   0,    , 313,  12,           ,  ,  0,    ,    0,    0,    0,    0, THERMO PARAMS, -76, 1602, 2010, N, 10, DT, -999, SHR82, -99, 
EP, 15, 2026091218, 03, HFSA, 114, 178N, 1275W,  80,  970, XX,  34, NEQ,  146,   83,   58,  105,  994,   29,  13,   0,   0,    ,   0,    , 317,  12,           ,  ,  0,    ,    0,    0,    0,    0, THERMO PARAMS, -58, 1365, 2098, N, 10, DT, -999, SHR82, -99, 
EP, 15, 2026091218, 03, HFSA, 114, 178N, 1275W,  80,  970, XX,  50, NEQ,   36,   28,   18,   34,  994,   29,  13,   0,   0,    ,   0,    , 317,  12,           ,  ,  0,    ,    0,    0,    0,    0, THERMO PARAMS, -58, 1365, 2098, N, 10, DT, -999, SHR82, -99, 
EP, 15, 2026091218, 03, HFSA, 114, 178N, 1275W,  80,  970, XX,  64, NEQ,   21,   11,   11,   19,  994,   29,  13,   0,   0,    ,   0,    , 317,  12,           ,  ,  0,    ,    0,    0,    0,    0, THERMO PARAMS, -58, 1365, 2098, N, 10, DT, -999, SHR82, -99, 
EP, 15, 2026091218, 03, HFSA, 120, 186N, 1283W,  80,  971, XX,  34, NEQ,  149,   84,   68,  100, 1007,   99,  10,   0,   0,    ,   0,    , 316,  11,           ,  ,  0,    ,    0,    0,    0,    0, THERMO PARAMS, -63, 1403, 2089, N, 10, DT, -999, SHR82, -99, 
EP, 15, 2026091218, 03, HFSA, 120, 186N, 1283W,  80,  971, XX,  50, NEQ,   42,   37,   18,   32, 1007,   99,  10,   0,   0,    ,   0,    , 316,  11,           ,  ,  0,    ,    0,    0,    0,    0, THERMO PARAMS, -63, 1403, 2089, N, 10, DT, -999, SHR82, -99, 
EP, 15, 2026091218, 03, HFSA, 120, 186N, 1283W,  80,  971, XX,  64, NEQ,   23,   16,   11,   18, 1007,   99,  10,   0,   0,    ,   0,    , 316,  11,           ,  ,  0,    ,    0,    0,    0,    0, THERMO PARAMS, -63, 1403, 2089, N, 10, DT, -999, SHR82, -99, 
EP, 15, 2026091218, 03, HFSA, 126, 194N, 1290W,  77,  969, XX,  34, NEQ,  125,   99,   76,  115,  993,   30,  11,   0,   0,    ,   0,    , -99, -99,           ,  ,  0,    ,    0,    0,    0,    0, THERMO PARAMS, -39, 1454, 1906, N, 10, DT, -999, SHR82, -99, 
EP, 15, 2026091218, 03, HFSA, 126, 194N, 1290W,  77,  969, XX,  50, NEQ,   53,   40,   24,   39,  993,   30,  11,   0,   0,    ,   0,    , -99, -99,           ,  ,  0,    ,    0,    0,    0,    0, THERMO PARAMS, -39, 1454, 1906, N, 10, DT, -999, SHR82, -99, 
EP, 15, 2026091218, 03, HFSA, 126, 194N, 1290W,  77,  969, XX,  64, NEQ,   23,   16,    0,   24,  993,   30,  11,   0,   0,    ,   0,    , -99, -99,           ,  ,  0,    ,    0,    0,    0,    0, THERMO PARAMS, -39, 1454, 1906, N, 10, DT, -999, SHR82, -99, 
EP, 15, 2026091218, 03, TVCN,   0, 168N, 1143W,   0,    0,   ,   0,    ,    0,    0,    0,    0, 
EP, 15, 2026091218, 03, TVCN,  12, 173N, 1151W,   0,    0,   ,   0,    ,    0,    0,    0,    0, 
EP, 15, 2026091218, 03, TVCN,  24, 170N, 1160W,   0,    0,   ,   0,    ,    0,    0,    0,    0, 
EP, 15, 2026091218, 03, TVCN,  36, 167N, 1172W,   0,    0,   ,   0,    ,    0,    0,    0,    0, 
EP, 15, 2026091218, 03, TVCN,  48, 164N, 1187W,   0,    0,   ,   0,    ,    0,    0,    0,    0, 
EP, 15, 2026091218, 03, TVCN,  60, 162N, 1204W,   0,    0,   ,   0,    ,    0,    0,    0,    0, 
EP, 15, 2026091218, 03, TVCN,  72, 163N, 1219W,   0,    0,   ,   0,    ,    0,    0,    0,    0, 
EP, 15, 2026091218, 03, TVCN,  84, 166N, 1236W,   0,    0,   ,   0,    ,    0,    0,    0,    0, 
EP, 15, 2026091218, 03, TVCN,  96, 171N, 1255W,   0,    0,   ,   0,    ,    0,    0,    0,    0, 
EP, 15, 2026091218, 03, TVCN, 108, 177N, 1275W,   0,    0,   ,   0,    ,    0,    0,    0,    0, 
EP, 15, 2026091218, 03, TVCN, 120, 181N, 1294W,   0,    0,   ,   0,    ,    0,    0,    0,    0, 
EP, 15, 2026091218, 03, TVCN, 132, 187N, 1312W,   0,    0,   ,   0,    ,    0,    0,    0,    0, 
EP, 15, 2026091218, 03, TVCN, 144, 180N, 1325W,   0,    0,   ,   0,    ,    0,    0,    0,    0, 
EP, 15, 2026091300, 03,  UKX,   0, 169N, 1155W,  22, 1008, XX,  34, NEQ,    0,    0,    0,    0, 
EP, 15, 2026091300, 03,  UKX,   6, 169N, 1161W,  21, 1009, XX,  34, NEQ,    0,    0,    0,    0, 
EP, 15, 2026091300, 03,  UKX,  12, 167N, 1164W,  22, 1008, XX,  34, NEQ,    0,    0,    0,    0, 
EP, 15, 2026091300, 03,  UKX,  18, 166N, 1170W,  23, 1007, XX,  34, NEQ,    0,    0,    0,    0, 
EP, 15, 2026091300, 03,  UKX,  24, 166N, 1176W,  24, 1006, XX,  34, NEQ,    0,    0,    0,    0, 
EP, 15, 2026091300, 03,  UKX,  30, 167N, 1185W,  24, 1007, XX,  34, NEQ,    0,    0,    0,    0, 
EP, 15, 2026091300, 03,  UKX,  36, 165N, 1195W,  25, 1006, XX,  34, NEQ,    0,    0,    0,    0, 
EP, 15, 2026091300, 03,  UKX,  42, 163N, 1205W,  25, 1006, XX,  34, NEQ,    0,    0,    0,    0, 
EP, 15, 2026091300, 03,  UKX,  48, 164N, 1217W,  26, 1004, XX,  34, NEQ,    0,    0,    0,    0, 
EP, 15, 2026091300, 03,  UKX,  54, 165N, 1230W,  27, 1007, XX,  34, NEQ,    0,    0,    0,    0, 
EP, 15, 2026091300, 03,  UKX,  60, 163N, 1244W,  26, 1005, XX,  34, NEQ,    0,    0,    0,    0, 
EP, 15, 2026091300, 03,  UKX,  66, 161N, 1258W,  27, 1007, XX,  34, NEQ,    0,    0,    0,    0, 
EP, 15, 2026091300, 03,  UKX,  72, 157N, 1273W,  26, 1004, XX,  34, NEQ,    0,    0,    0,    0, 
EP, 15, 2026091300, 03,  UKX,  78, 156N, 1286W,  25, 1006, XX,  34, NEQ,    0,    0,    0,    0, 
EP, 15, 2026091300, 03,  UKX,  84, 153N, 1299W,  26, 1004, XX,  34, NEQ,    0,    0,    0,    0, 
EP, 15, 2026091300, 03,  UKX,  90, 152N, 1314W,  28, 1007, XX,  34, NEQ,    0,    0,    0,    0, 
EP, 15, 2026091300, 03,  UKX,  96, 151N, 1329W,  27, 1004, XX,  34, NEQ,    0,    0,    0,    0, 
EP, 15, 2026091300, 03,  UKX, 102, 151N, 1345W,  28, 1006, XX,  34, NEQ,    0,    0,    0,    0, 
EP, 15, 2026091300, 03,  UKX, 108, 151N, 1358W,  28, 1004, XX,  34, NEQ,    0,    0,    0,    0, 
EP, 15, 2026091300, 03,  UKX, 114, 152N, 1371W,  27, 1006, XX,  34, NEQ,    0,    0,    0,    0, 
EP, 15, 2026091300, 03,  UKX, 120, 154N, 1385W,  27, 1004, XX,  34, NEQ,    0,    0,    0,    0, 
EP, 15, 2026091300, 03,  UKX, 126, 157N, 1398W,  29, 1007, XX,  34, NEQ,    0,    0,    0,    0, 
EP, 15, 2026091300, 03,  UKX, 132, 159N, 1410W,  30, 1005, XX,  34, NEQ,    0,    0,    0,    0, 
EP, 15, 2026091300, 03,  UKX, 138, 158N, 1422W,  30, 1007, XX,  34, NEQ,    0,    0,    0,    0, 
EP, 15, 2026091300, 03,  UKX, 144, 157N, 1430W,  29, 1005, XX,  34, NEQ,    0,    0,    0,    0, 
EP, 15, 2026091300, 03, AVNO,   0, 170N, 1152W,  23, 1007, XX,  34, NEQ,    0,    0,    0,    0,  -99,  -99,  59,   0,   0, 
EP, 15, 2026091300, 03, AVNO,   6, 172N, 1160W,  21, 1009, XX,  34, NEQ,    0,    0,    0,    0,  -99,  -99, 108,   0,   0, 
EP, 15, 2026091300, 03, AVNO,  12, 168N, 1165W,  27, 1006, XX,  34, NEQ,    0,    0,    0,    0,  -99,  -99, 131,   0,   0, 
EP, 15, 2026091300, 03, AVNO,  18, 163N, 1166W,  28, 1008, XX,  34, NEQ,    0,    0,    0,    0, 1012,  183, 108,   0,   0, 
EP, 15, 2026091300, 03, AVNO,  24, 162N, 1170W,  27, 1004, XX,  34, NEQ,    0,    0,    0,    0, 1008,  175,  89,   0,   0, 
EP, 15, 2026091300, 03, AVNO,  30, 161N, 1181W,  25, 1007, XX,  34, NEQ,    0,    0,    0,    0, 1011,  147,  90,   0,   0, 
EP, 15, 2026091300, 03, AVNO,  36, 160N, 1190W,  24, 1005, XX,  34, NEQ,    0,    0,    0,    0, 1009,  253,  97,   0,   0, 
EP, 15, 2026091300, 03, AVNO,  42, 156N, 1198W,  26, 1006, XX,  34, NEQ,    0,    0,    0,    0, 1010,  166, 110,   0,   0, 
EP, 15, 2026091300, 03, AVNO,  48, 152N, 1206W,  28, 1003, XX,  34, NEQ,    0,    0,    0,    0, 1007,  173, 128,   0,   0, 
EP, 15, 2026091300, 03, AVNO,  54, 150N, 1214W,  32, 1006, XX,  34, NEQ,    0,    0,    0,    0, 1010,  170, 157,   0,   0, 
EP, 15, 2026091300, 03, AVNO,  60, 148N, 1224W,  26, 1003, XX,  34, NEQ,    0,    0,    0,    0, 1007,  210, 141,   0,   0, 
EP, 15, 2026091300, 03, AVNO,  66, 145N, 1233W,  25, 1006, XX,  34, NEQ,    0,    0,    0,    0, 1010,  209, 154,   0,   0, 
EP, 15, 2026091300, 03, AVNO,  72, 141N, 1239W,  24, 1003, XX,  34, NEQ,    0,    0,    0,    0, 1007,  206, 146,   0,   0, 
EP, 15, 2026091300, 03, AVNO,  78, 140N, 1244W,  23, 1005, XX,  34, NEQ,    0,    0,    0,    0, 1009,  183, 134,   0,   0, 
EP, 15, 2026091300, 03, AVNO,  84, 142N, 1249W,  23, 1003, XX,  34, NEQ,    0,    0,    0,    0, 1007,  200,  84,   0,   0, 
EP, 15, 2026091300, 03, AVNO,  90, 145N, 1254W,  26, 1006, XX,  34, NEQ,    0,    0,    0,    0, 1010,  207,  90,   0,   0, 
EP, 15, 2026091300, 03, AVNO,  96, 146N, 1262W,  25, 1004, XX,  34, NEQ,    0,    0,    0,    0, 1008,  284,  70,   0,   0, 
EP, 15, 2026091300, 03, AVNO, 102, 146N, 1270W,  23, 1006, XX,  34, NEQ,    0,    0,    0,    0, 1010,  258,  71,   0,   0, 
EP, 15, 2026091300, 03, AVNO, 108, 146N, 1275W,  23, 1004, XX,  34, NEQ,    0,    0,    0,    0, 1008,  291, 123,   0,   0, 
EP, 15, 2026091300, 03, AVNO, 114, 148N, 1279W,  24, 1007, XX,  34, NEQ,    0,    0,    0,    0, 1011,  328, 120,   0,   0, 
EP, 15, 2026091300, 03, AVNO, 120, 148N, 1281W,  22, 1005, XX,  34, NEQ,    0,    0,    0,    0, 1009,  366, 108,   0,   0, 
EP, 15, 2026091300, 03, AVNO, 126, 153N, 1284W,  21, 1008, XX,  34, NEQ,    0,    0,    0,    0,  -99,  -99,  88,   0,   0, 
EP, 15, 2026091300, 03, AVNO, 132, 158N, 1287W,  22, 1006, XX,  34, NEQ,    0,    0,    0,    0, 1010,  740,  86,   0,   0, 
EP, 15, 2026091300, 03, AVNO, 138, 162N, 1288W,  28, 1008, XX,  34, NEQ,    0,    0,    0,    0, 1012,  374, 128,   0,   0, 
EP, 15, 2026091300, 03, AVNO, 144, 161N, 1299W,  25, 1005, XX,  34, NEQ,    0,    0,    0,    0, 1009,  479, 161,   0,   0, 
EP, 15, 2026091300, 03, AVNO, 150, 159N, 1305W,  28, 1008, XX,  34, NEQ,    0,    0,    0,    0, 1012,  496, 159,   0,   0, 
EP, 15, 2026091300, 03, AVNO, 156, 170N, 1310W,  34, 1005, XX,  34, NEQ,    0,    0,    0,    0,  -99,  -99,  88,   0,   0, 
EP, 15, 2026091300, 03, AVNO, 162, 171N, 1324W,  35, 1007, XX,  34, NEQ,   87,    0,    0,  111,  -99,  -99, 111,   0,   0, 
EP, 15, 2026091300, 03, AVNO, 168, 172N, 1341W,  33, 1004, XX,  34, NEQ,    0,    0,    0,    0,  -99,  -99,  94,   0,   0, 
EP, 15, 2026091300, 03, AVNO, 174, 169N, 1358W,  40, 1006, XX,  34, NEQ,   74,    0,    0,   68,  -99,  -99,  52,   0,   0, 
EP, 15, 2026091300, 03, AVNO, 180, 164N, 1372W,  35, 1003, XX,  34, NEQ,  138,    0,    0,    0, 1011, 1664, 119,   0,   0, 
EP, 15, 2026091300, 03, AVNO, 186, 160N, 1381W,  36, 1005, XX,  34, NEQ,  133,    0,    0,  152, 1009,  110, 137,   0,   0, 
EP, 15, 2026091300, 03, AVNO, 192, 162N, 1390W,  35, 1000, XX,  34, NEQ,  106,    0,    0,  105, 1008,  336, 105,   0,   0, 
EP, 15, 2026091300, 03, AVNO, 198, 161N, 1399W,  36, 1003, XX,  34, NEQ,  112,    0,    0,   91, 1011,  302,  86,   0,   0, 
EP, 15, 2026091300, 03, AVNO, 204, 163N, 1410W,  37, 1000, XX,  34, NEQ,   92,    0,    0,  106, 1008,  229,  91,   0,   0, 
EP, 15, 2026091300, 03, AVNO, 210, 164N, 1421W,  37, 1002, XX,  34, NEQ,  121,    0,    0,   85, 1010,  150,  88,   0,   0, 
EP, 15, 2026091300, 03, AVNO, 216, 169N, 1429W,  36,  999, XX,  34, NEQ,   98,    0,    0,   91, 1007,  137,  44,   0,   0, 
EP, 15, 2026091300, 03, AVNO, 222, 171N, 1439W,  43, 1000, XX,  34, NEQ,  116,    0,    0,  119, 1008,   92,  69,   0,   0, 
EP, 15, 2026091300, 03, AVNO, 228, 173N, 1450W,  43,  997, XX,  34, NEQ,  108,   55,   47,  106, 1009,  162,  42,   0,   0, 
EP, 15, 2026091300, 03, AVNO, 234, 173N, 1456W,  46,  998, XX,  34, NEQ,   90,   59,   53,  106, 1010,  102,  45,   0,   0, 
EP, 15, 2026091300, 03, AVNO, 240, 174N, 1461W,  50,  991, XX,  34, NEQ,   84,   59,   46,   88, 1007,  132,  40,   0,   0, 
EP, 15, 2026091300, 03, HCCA,   0, 172N, 1149W,  25,    0,   ,   0,    ,    0,    0,    0,    0, 
EP, 15, 2026091300, 03, HCCA,  12, 172N, 1158W,  27,    0,   ,   0,    ,    0,    0,    0,    0, 
EP, 15, 2026091300, 03, HCCA,  24, 169N, 1171W,  31,    0,   ,   0,    ,    0,    0,    0,    0, 
EP, 15, 2026091300, 03, HCCA,  36, 166N, 1186W,  35,    0,   ,   0,    ,    0,    0,    0,    0, 
EP, 15, 2026091300, 03, HCCA,  48, 162N, 1203W,  32,    0,   ,   0,    ,    0,    0,    0,    0, 
EP, 15, 2026091300, 03, HCCA,  60, 160N, 1218W,  34,    0,   ,   0,    ,    0,    0,    0,    0, 
EP, 15, 2026091300, 03, HCCA,  72, 160N, 1234W,  36,    0,   ,   0,    ,    0,    0,    0,    0, 
EP, 15, 2026091300, 03, HCCA,  84, 167N, 1249W,  39,    0,   ,   0,    ,    0,    0,    0,    0, 
EP, 15, 2026091300, 03, HCCA,  96, 174N, 1267W,  42,    0,   ,   0,    ,    0,    0,    0,    0, 
EP, 15, 2026091300, 03, HCCA, 108, 182N, 1285W,  44,    0,   ,   0,    ,    0,    0,    0,    0, 
EP, 15, 2026091300, 03, HCCA, 120, 189N, 1301W,  46,    0,   ,   0,    ,    0,    0,    0,    0, 
EP, 15, 2026091300, 03, HCCA, 132, 196N, 1316W,  44,    0,   ,   0,    ,    0,    0,    0,    0, 
EP, 15, 2026091300, 03, HCCA, 144, 202N, 1329W,  46,    0,   ,   0,    ,    0,    0,    0,    0, 
EP, 15, 2026091300, 03, HCCA, 156, 204N, 1342W,  46,    0,   ,   0,    ,    0,    0,    0,    0, 
EP, 15, 2026091300, 03, HCCA, 168, 207N, 1354W,  44,    0,   ,   0,    ,    0,    0,    0,    0, 
EP, 15, 2026091300, 03, HFSA,   0, 170N, 1152W,  26, 1008, XX,  34, NEQ,    0,    0,    0,    0,  -99,  -99,  71,   0,   0,    ,   0,    , 310,   6,           ,  ,  0,    ,    0,    0,    0,    0, THERMO PARAMS, -7, -244, 297, N, 10, DT, -999, SHR82, -99, 
EP, 15, 2026091300, 03, HFSA,   6, 170N, 1158W,  34, 1010, XX,  34, NEQ,    0,    0,    0,    0,  -99,  -99, 149,   0,   0,    ,   0,    , 265,   6,           ,  ,  0,    ,    0,    0,    0,    0, THERMO PARAMS, 54, -9999, -9999, N, 10, DT, -999, SHR82, -99, 
EP, 15, 2026091300, 03, HFSA,  12, 160N, 1150W,  27, 1008, XX,  34, NEQ,    0,    0,    0,    0,  -99,  -99,  48,   0,   0,    ,   0,    , 133,   6,           ,  ,  0,    ,    0,    0,    0,    0, THERMO PARAMS, 29, 89, 270, N, 10, DT, -999, SHR82, -99, 
EP, 15, 2026091300, 03, HFSA,  18, 161N, 1158W,  27, 1010, XX,  34, NEQ,    0,    0,    0,    0,  -99,  -99, 124,   0,   0,    ,   0,    , 272,   7,           ,  ,  0,    ,    0,    0,    0,    0, THERMO PARAMS, 10, -101, 294, N, 10, DT, -999, SHR82, -99, 
EP, 15, 2026091300, 03, HFSA,  24, 158N, 1166W,  29, 1002, XX,  34, NEQ,    0,    0,    0,    0, 1006,    9, 117,   0,   0,    ,   0,    , 243,   6,           ,  ,  0,    ,    0,    0,    0,    0, THERMO PARAMS, 57, -178, 313, N, 10, DT, -999, SHR82, -99, 
EP, 15, 2026091300, 03, HFSA,  30, 154N, 1177W,  26, 1007, XX,  34, NEQ,    0,    0,    0,    0,  -99,  -99, 114,   0,   0,    ,   0,    , 232,   7,           ,  ,  0,    ,    0,    0,    0,    0, THERMO PARAMS, -9999, -9999, -9999, N, 10, DT, -999, SHR82, -99, 
EP, 15, 2026091300, 03, HFSA,  36, 159N, 1184W,  28, 1003, XX,  34, NEQ,    0,    0,    0,    0,  -99,  -99,  28,   0,   0,    ,   0,    , 266,   8,           ,  ,  0,    ,    0,    0,    0,    0, THERMO PARAMS, -34, 5, 182, N, 10, DT, -999, SHR82, -99, 
EP, 15, 2026091300, 03, HFSA,  42, 154N, 1193W,  31, 1006, XX,  34, NEQ,    0,    0,    0,    0,  -99,  -99,  82,   0,   0,    ,   0,    , 256,   7,           ,  ,  0,    ,    0,    0,    0,    0, THERMO PARAMS, 25, 131, 242, N, 10, DT, -999, SHR82, -99, 
EP, 15, 2026091300, 03, HFSA,  48, 151N, 1201W,  36, 1003, XX,  34, NEQ,    0,    0,    0,    0,  -99,  -99, 151,   0,   0,    ,   0,    , 258,   7,           ,  ,  0,    ,    0,    0,    0,    0, THERMO PARAMS, 34, 101, 413, N, 10, DT, -999, SHR82, -99, 
EP, 15, 2026091300, 03, HFSA,  54, 148N, 1211W,  32, 1006, XX,  34, NEQ,    0,    0,    0,    0,  -99,  -99,  79,   0,   0,    ,   0,    , 280,   8,           ,  ,  0,    ,    0,    0,    0,    0, THERMO PARAMS, -9999, -9999, -9999, N, 10, DT, -999, SHR82, -99, 
EP, 15, 2026091300, 03, HFSA,  60, 148N, 1220W,  34, 1004, XX,  34, NEQ,    0,    0,    0,    0,  -99,  -99, 133,   0,   0,    ,   0,    , 266,   9,           ,  ,  0,    ,    0,    0,    0,    0, THERMO PARAMS, 38, -129, 140, N, 10, DT, -999, SHR82, -99, 
EP, 15, 2026091300, 03, HFSA,  66, 149N, 1225W,  37, 1006, XX,  34, NEQ,    0,    0,    0,    0,  -99,  -99, 125,   0,   0,    ,   0,    , 282,   7,           ,  ,  0,    ,    0,    0,    0,    0, THERMO PARAMS, 14, -130, 279, N, 10, DT, -999, SHR82, -99, 
EP, 15, 2026091300, 03, HFSA,  72, 149N, 1235W,  34, 1003, XX,  34, NEQ,    0,    0,    0,    0,  -99,  -99,  85,   0,   0,    ,   0,    , 280,  12,           ,  ,  0,    ,    0,    0,    0,    0, THERMO PARAMS, -12, 408, 271, N, 10, DT, -999, SHR82, -99, 
EP, 15, 2026091300, 03, HFSA,  78, 152N, 1244W,  43, 1005, XX,  34, NEQ,    0,    0,    0,    0,  -99,  -99,  56,   0,   0,    ,   0,    , 286,  11,           ,  ,  0,    ,    0,    0,    0,    0, THERMO PARAMS, -55, 331, 414, N, 10, DT, -999, SHR82, -99, 
EP, 15, 2026091300, 03, HFSA,  84, 156N, 1256W,  34, 1003, XX,  34, NEQ,    0,    0,    0,    0,  -99,  -99,  54,   0,   0,    ,   0,    , 279,  14,           ,  ,  0,    ,    0,    0,    0,    0, THERMO PARAMS, -68, 221, 330, N, 10, DT, -999, SHR82, -99, 
EP, 15, 2026091300, 03, HFSA,  90, 156N, 1271W,  31, 1006, XX,  34, NEQ,    0,    0,    0,    0,  -99,  -99,  74,   0,   0,    ,   0,    , 271,  12,           ,  ,  0,    ,    0,    0,    0,    0, THERMO PARAMS, -28, -64, 251, N, 10, DT, -999, SHR82, -99, 
EP, 15, 2026091300, 03, HFSA,  96, 155N, 1284W,  32, 1003, XX,  34, NEQ,    0,    0,    0,    0,  -99,  -99, 120,   0,   0,    ,   0,    , 270,  10,           ,  ,  0,    ,    0,    0,    0,    0, THERMO PARAMS, -9999, -9999, -9999, N, 10, DT, -999, SHR82, -99, 
EP, 15, 2026091300, 03, HFSA, 102, 152N, 1297W,  31, 1006, XX,  34, NEQ,    0,    0,    0,    0,  -99,  -99,  73,   0,   0,    ,   0,    , 263,  12,           ,  ,  0,    ,    0,    0,    0,    0, THERMO PARAMS, -11, 488, 250, N, 10, DT, -999, SHR82, -99, 
EP, 15, 2026091300, 03, HFSA, 108, 153N, 1308W,  27, 1004, XX,  34, NEQ,    0,    0,    0,    0,  -99,  -99,  62,   0,   0,    ,   0,    , 273,  10,           ,  ,  0,    ,    0,    0,    0,    0, THERMO PARAMS, -27, 176, 79, N, 10, DT, -999, SHR82, -99, 
EP, 15, 2026091300, 03, HFSA, 114, 152N, 1319W,  25, 1007, XX,  34, NEQ,    0,    0,    0,    0,  -99,  -99, 129,   0,   0,    ,   0,    , 279,   9,           ,  ,  0,    ,    0,    0,    0,    0, THERMO PARAMS, 1, -135, 189, N, 10, DT, -999, SHR82, -99, 
EP, 15, 2026091300, 03, HFSA, 120, 153N, 1330W,  28, 1005, XX,  34, NEQ,    0,    0,    0,    0,  -99,  -99, 119,   0,   0,    ,   0,    , 277,   9,           ,  ,  0,    ,    0,    0,    0,    0, THERMO PARAMS, -2, 8, 368, N, 10, DT, -999, SHR82, -99, 
EP, 15, 2026091300, 03, HFSA, 126, 153N, 1338W,  25, 1008, XX,  34, NEQ,    0,    0,    0,    0,  -99,  -99, 118,   0,   0,    ,   0,    , -99, -99,           ,  ,  0,    ,    0,    0,    0,    0, THERMO PARAMS, -4, -24, 273, N, 10, DT, -999, SHR82, -99, 
EP, 15, 2026091300, 03, TVCN,   0, 172N, 1149W,   0,    0,   ,   0,    ,    0,    0,    0,    0, 
EP, 15, 2026091300, 03, TVCN,  12, 170N, 1160W,   0,    0,   ,   0,    ,    0,    0,    0,    0, 
EP, 15, 2026091300, 03, TVCN,  24, 166N, 1171W,   0,    0,   ,   0,    ,    0,    0,    0,    0, 
EP, 15, 2026091300, 03, TVCN,  36, 161N, 1185W,   0,    0,   ,   0,    ,    0,    0,    0,    0, 
EP, 15, 2026091300, 03, TVCN,  48, 158N, 1200W,   0,    0,   ,   0,    ,    0,    0,    0,    0, 
EP, 15, 2026091300, 03, TVCN,  60, 157N, 1215W,   0,    0,   ,   0,    ,    0,    0,    0,    0, 
EP, 15, 2026091300, 03, TVCN,  72, 159N, 1231W,   0,    0,   ,   0,    ,    0,    0,    0,    0, 
EP, 15, 2026091300, 03, TVCN,  84, 165N, 1248W,   0,    0,   ,   0,    ,    0,    0,    0,    0, 
EP, 15, 2026091300, 03, TVCN,  96, 171N, 1268W,   0,    0,   ,   0,    ,    0,    0,    0,    0, 
EP, 15, 2026091300, 03, TVCN, 108, 179N, 1288W,   0,    0,   ,   0,    ,    0,    0,    0,    0, 
EP, 15, 2026091300, 03, TVCN, 120, 187N, 1307W,   0,    0,   ,   0,    ,    0,    0,    0,    0, 
EP, 15, 2026091300, 03, TVCN, 132, 195N, 1325W,   0,    0,   ,   0,    ,    0,    0,    0,    0, 
EP, 15, 2026091306, 03, AVNO,   0, 173N, 1158W,  21, 1009, XX,  34, NEQ,    0,    0,    0,    0,  -99,  -99, 101,   0,   0, 
EP, 15, 2026091306, 03, AVNO,   6, 172N, 1163W,  24, 1006, XX,  34, NEQ,    0,    0,    0,    0,  -99,  -99, 111,   0,   0, 
EP, 15, 2026091306, 03, AVNO,  12, 169N, 1167W,  25, 1007, XX,  34, NEQ,    0,    0,    0,    0, 1011,  130,  83,   0,   0, 
EP, 15, 2026091306, 03, AVNO,  18, 167N, 1173W,  28, 1004, XX,  34, NEQ,    0,    0,    0,    0, 1008,  124,  90,   0,   0, 
EP, 15, 2026091306, 03, AVNO,  24, 164N, 1182W,  27, 1006, XX,  34, NEQ,    0,    0,    0,    0, 1010,  114, 110,   0,   0, 
EP, 15, 2026091306, 03, AVNO,  30, 159N, 1187W,  28, 1003, XX,  34, NEQ,    0,    0,    0,    0, 1007,  113, 158,   0,   0, 
EP, 15, 2026091306, 03, AVNO,  36, 156N, 1193W,  28, 1005, XX,  34, NEQ,    0,    0,    0,    0, 1009,  109, 120,   0,   0, 
EP, 15, 2026091306, 03, AVNO,  42, 155N, 1199W,  28, 1002, XX,  34, NEQ,    0,    0,    0,    0, 1006,  126,  82,   0,   0, 
EP, 15, 2026091306, 03, AVNO,  48, 153N, 1205W,  29, 1005, XX,  34, NEQ,    0,    0,    0,    0, 1009,  123,  62,   0,   0, 
EP, 15, 2026091306, 03, AVNO,  54, 151N, 1214W,  36, 1003, XX,  34, NEQ,    0,  111,    0,    0,  -99,  -99, 111,   0,   0, 
EP, 15, 2026091306, 03, AVNO,  60, 149N, 1221W,  31, 1005, XX,  34, NEQ,    0,    0,    0,    0, 1009,  164, 157,   0,   0, 
EP, 15, 2026091306, 03, AVNO,  66, 152N, 1217W,  30, 1002, XX,  34, NEQ,    0,    0,    0,    0, 1006,  164,  52,   0,   0, 
EP, 15, 2026091306, 03, AVNO,  72, 155N, 1223W,  33, 1005, XX,  34, NEQ,    0,    0,    0,    0,  -99,  -99,  53,   0,   0, 
EP, 15, 2026091306, 03, AVNO,  78, 158N, 1233W,  32, 1002, XX,  34, NEQ,    0,    0,    0,    0,  -99,  -99,  44,   0,   0, 
EP, 15, 2026091306, 03, AVNO,  84, 159N, 1237W,  26, 1005, XX,  34, NEQ,    0,    0,    0,    0,  -99,  -99,  66,   0,   0, 
EP, 15, 2026091306, 03, AVNO,  90, 169N, 1237W,  32, 1003, XX,  34, NEQ,    0,    0,    0,    0, 1007,  209,  60,   0,   0, 
EP, 15, 2026091306, 03, AVNO,  96, 177N, 1242W,  36, 1006, XX,  34, NEQ,   50,    0,    0,   34,  -99,  -99,  33,   0,   0, 
EP, 15, 2026091306, 03, AVNO, 102, 180N, 1253W,  38, 1001, XX,  34, NEQ,   60,    0,    0,   61, 1009, 1338,  45,   0,   0, 
EP, 15, 2026091306, 03, AVNO, 108, 180N, 1262W,  28, 1005, XX,  34, NEQ,    0,    0,    0,    0, 1009,   72,  76,   0,   0, 
EP, 15, 2026091306, 03, AVNO, 114, 183N, 1270W,  26, 1004, XX,  34, NEQ,    0,    0,    0,    0, 1008,  280,  98,   0,   0, 
EP, 15, 2026091306, 03, AVNO, 120, 185N, 1281W,  26, 1008, XX,  34, NEQ,    0,    0,    0,    0, 1012,  508, 133,   0,   0, 
EP, 15, 2026091306, 03, AVNO, 126, 188N, 1291W,  24, 1006, XX,  34, NEQ,    0,    0,    0,    0, 1010, 1117,  91,   0,   0, 
EP, 15, 2026091306, 03, AVNO, 132, 189N, 1302W,  25, 1009, XX,  34, NEQ,    0,    0,    0,    0,  -99,  -99, 130,   0,   0, 
EP, 15, 2026091306, 03, AVNO, 138, 189N, 1313W,  22, 1007, XX,  34, NEQ,    0,    0,    0,    0,  -99,  -99,  93,   0,   0, 
EP, 15, 2026091306, 03, AVNO, 144, 189N, 1325W,  23, 1010, XX,  34, NEQ,    0,    0,    0,    0,  -99,  -99, 117,   0,   0, 
EP, 15, 2026091306, 03, AVNO, 150, 187N, 1339W,  21, 1008, XX,  34, NEQ,    0,    0,    0,    0,  -99,  -99, 152,   0,   0, 
EP, 15, 2026091306, 03, AVNO, 156, 187N, 1353W,  22, 1011, XX,  34, NEQ,    0,    0,    0,    0,  -99,  -99, 128,   0,   0, 
EP, 15, 2026091306, 03, AVNO, 162, 189N, 1368W,  21, 1008, XX,  34, NEQ,    0,    0,    0,    0,  -99,  -99, 115,   0,   0, 
EP, 15, 2026091306, 03, AVNO, 168, 187N, 1385W,  23, 1010, XX,  34, NEQ,    0,    0,    0,    0,  -99,  -99, 147,   0,   0, 
EP, 15, 2026091306, 03, AVNO, 174, 180N, 1403W,  22, 1008, XX,  34, NEQ,    0,    0,    0,    0,  -99,  -99, 153,   0,   0, 
EP, 15, 2026091306, 03, AVNO, 180, 160N, 1420W,  19, 1011, XX,  34, NEQ,    0,    0,    0,    0,  -99,  -99, 155,   0,   0, 
EP, 15, 2026091306, 03, HCCA,   0, 174N, 1157W,  25,    0,   ,   0,    ,    0,    0,    0,    0, 
EP, 15, 2026091306, 03, HCCA,  12, 171N, 1170W,  28,    0,   ,   0,    ,    0,    0,    0,    0, 
EP, 15, 2026091306, 03, HCCA,  24, 167N, 1185W,  31,    0,   ,   0,    ,    0,    0,    0,    0, 
EP, 15, 2026091306, 03, HCCA,  36, 163N, 1202W,  34,    0,   ,   0,    ,    0,    0,    0,    0, 
EP, 15, 2026091306, 03, HCCA,  48, 161N, 1221W,  33,    0,   ,   0,    ,    0,    0,    0,    0, 
EP, 15, 2026091306, 03, HCCA,  60, 158N, 1238W,  31,    0,   ,   0,    ,    0,    0,    0,    0, 
EP, 15, 2026091306, 03, HCCA,  72, 156N, 1258W,  31,    0,   ,   0,    ,    0,    0,    0,    0, 
EP, 15, 2026091306, 03, HCCA,  84, 157N, 1282W,  31,    0,   ,   0,    ,    0,    0,    0,    0, 
EP, 15, 2026091306, 03, HCCA,  96, 157N, 1305W,  37,    0,   ,   0,    ,    0,    0,    0,    0, 
EP, 15, 2026091306, 03, HCCA, 108, 158N, 1323W,  42,    0,   ,   0,    ,    0,    0,    0,    0, 
EP, 15, 2026091306, 03, HCCA, 120, 161N, 1347W,  36,    0,   ,   0,    ,    0,    0,    0,    0, 
EP, 15, 2026091306, 03, HCCA, 132, 166N, 1360W,  38,    0,   ,   0,    ,    0,    0,    0,    0, 
EP, 15, 2026091306, 03, HCCA, 144, 170N, 1374W,  46,    0,   ,   0,    ,    0,    0,    0,    0, 
EP, 15, 2026091306, 03, HCCA, 156, 172N, 1388W,  55,    0,   ,   0,    ,    0,    0,    0,    0, 
EP, 15, 2026091306, 03, HCCA, 168, 175N, 1405W,  60,    0,   ,   0,    ,    0,    0,    0,    0, 
EP, 15, 2026091306, 03, HFSA,   0, 174N, 1157W,  26, 1007, XX,  34, NEQ,    0,    0,    0,    0, 1011,   92,  86,   0,   0,    ,   0,    , 286,   6,           ,  ,  0,    ,    0,    0,    0,    0, THERMO PARAMS, 18, -12, 185, N, 10, DT, -999, SHR82, -99, 
EP, 15, 2026091306, 03, HFSA,   6, 174N, 1164W,  31, 1006, XX,  34, NEQ,    0,    0,    0,    0,  -99,  -99, 109,   0,   0,    ,   0,    , 259,   4,           ,  ,  0,    ,    0,    0,    0,    0, THERMO PARAMS, -7, -60, 353, N, 10, DT, -999, SHR82, -99, 
EP, 15, 2026091306, 03, HFSA,  12, 167N, 1171W,  38, 1007, XX,  34, NEQ,    0,    0,    0,    0,  -99,  -99, 136,   0,   0,    ,   0,    , 226,   8,           ,  ,  0,    ,    0,    0,    0,    0, THERMO PARAMS, 67, 415, 447, N, 10, DT, -999, SHR82, -99, 
EP, 15, 2026091306, 03, HFSA,  18, 156N, 1174W,  29, 1000, XX,  34, NEQ,    0,    0,    0,    0, 1004,    4, 109,   0,   0,    ,   0,    , 242,   6,           ,  ,  0,    ,    0,    0,    0,    0, THERMO PARAMS, 66, 241, 180, N, 10, DT, -999, SHR82, -99, 
EP, 15, 2026091306, 03, HFSA,  24, 156N, 1178W,  33,  999, XX,  34, NEQ,    0,    0,    0,    0, 1007,   64,  27,   0,   0,    ,   0,    , 227,   2,           ,  ,  0,    ,    0,    0,    0,    0, THERMO PARAMS, -9999, -9999, -9999, N, 10, DT, -999, SHR82, -99, 
EP, 15, 2026091306, 03, HFSA,  30, 154N, 1185W,  49,  993, XX,  34, NEQ,   34,    0,    0,    0, 1001,    6,  36,   0,   0,    ,   0,    , 248,   7,           ,  ,  0,    ,    0,    0,    0,    0, THERMO PARAMS, 44, 175, 446, N, 10, DT, -999, SHR82, -99, 
EP, 15, 2026091306, 03, HFSA,  36, 151N, 1196W,  33, 1002, XX,  34, NEQ,    0,    0,    0,    0, 1006,   41,  86,   0,   0,    ,   0,    , 258,   9,           ,  ,  0,    ,    0,    0,    0,    0, THERMO PARAMS, 38, 196, 320, N, 10, DT, -999, SHR82, -99, 
EP, 15, 2026091306, 03, HFSA,  42, 148N, 1207W,  31, 1002, XX,  34, NEQ,    0,    0,    0,    0,  -99,  -99, 158,   0,   0,    ,   0,    , 252,   9,           ,  ,  0,    ,    0,    0,    0,    0, THERMO PARAMS, 41, 102, 365, N, 10, DT, -999, SHR82, -99, 
EP, 15, 2026091306, 03, HFSA,  48, 145N, 1218W,  35, 1004, XX,  34, NEQ,    0,    0,    0,    0,  -99,  -99,  71,   0,   0,    ,   0,    , 254,  11,           ,  ,  0,    ,    0,    0,    0,    0, THERMO PARAMS, 44, 120, 193, N, 10, DT, -999, SHR82, -99, 
EP, 15, 2026091306, 03, HFSA,  54, 140N, 1229W,  31, 1001, XX,  34, NEQ,    0,    0,    0,    0,  -99,  -99, 142,   0,   0,    ,   0,    , 240,   8,           ,  ,  0,    ,    0,    0,    0,    0, THERMO PARAMS, 64, 435, 500, N, 10, DT, -999, SHR82, -99, 
EP, 15, 2026091306, 03, HFSA,  60, 137N, 1235W,  33, 1003, XX,  34, NEQ,    0,    0,    0,    0,  -99,  -99, 149,   0,   0,    ,   0,    , 280,   8,           ,  ,  0,    ,    0,    0,    0,    0, THERMO PARAMS, 19, 186, 277, N, 10, DT, -999, SHR82, -99, 
EP, 15, 2026091306, 03, HFSA,  66, 136N, 1238W,  34,  994, XX,  34, NEQ,    0,    0,    0,    0,  998,    8,  45,   0,   0,    ,   0,    , 302,   3,           ,  ,  0,    ,    0,    0,    0,    0, THERMO PARAMS, 0, 354, 532, N, 10, DT, -999, SHR82, -99, 
EP, 15, 2026091306, 03, HFSA,  72, 143N, 1241W,  42,  999, XX,  34, NEQ,   49,    0,    0,   36,  -99,  -99,  46,   0,   0,    ,   0,    , 309,   9,           ,  ,  0,    ,    0,    0,    0,    0, THERMO PARAMS, -81, 217, 570, N, 10, DT, -999, SHR82, -99, 
EP, 15, 2026091306, 03, HFSA,  78, 149N, 1248W,  47,  995, XX,  34, NEQ,   66,    0,    0,   26,  999,   24,  40,   0,   0,    ,   0,    , 306,   9,           ,  ,  0,    ,    0,    0,    0,    0, THERMO PARAMS, -109, 525, 438, N, 10, DT, -999, SHR82, -99, 
EP, 15, 2026091306, 03, HFSA,  84, 150N, 1257W,  44,  999, XX,  34, NEQ,   91,    0,    0,   40,  -99,  -99,  24,   0,   0,    ,   0,    , 279,   8,           ,  ,  0,    ,    0,    0,    0,    0, THERMO PARAMS, -42, 451, 373, N, 10, DT, -999, SHR82, -99, 
EP, 15, 2026091306, 03, HFSA,  90, 154N, 1262W,  44,  996, XX,  34, NEQ,   96,    0,    0,   52, 1000,   29,  91,   0,   0,    ,   0,    , 307,   7,           ,  ,  0,    ,    0,    0,    0,    0, THERMO PARAMS, -118, -20, 704, N, 10, DT, -999, SHR82, -99, 
EP, 15, 2026091306, 03, HFSA,  96, 160N, 1269W,  53,  996, XX,  34, NEQ,   99,  100,   28,   68, 1000,   23,  22,   0,   0,    ,   0,    , 300,  11,           ,  ,  0,    ,    0,    0,    0,    0, THERMO PARAMS, -120, 191, 720, N, 10, DT, -999, SHR82, -99, 
EP, 15, 2026091306, 03, HFSA,  96, 160N, 1269W,  53,  996, XX,  50, NEQ,    0,    0,    0,   23, 1000,   23,  22,   0,   0,    ,   0,    , 300,  11,           ,  ,  0,    ,    0,    0,    0,    0, THERMO PARAMS, -120, 191, 720, N, 10, DT, -999, SHR82, -99, 
EP, 15, 2026091306, 03, HFSA, 102, 165N, 1276W,  47,  995, XX,  34, NEQ,   99,  121,    0,   68,  999,   19,  55,   0,   0,    ,   0,    , 313,  10,           ,  ,  0,    ,    0,    0,    0,    0, THERMO PARAMS, -102, 668, 295, N, 10, DT, -999, SHR82, -99, 
EP, 15, 2026091306, 03, HFSA, 108, 171N, 1285W,  43,  997, XX,  34, NEQ,   87,   15,    0,   83, 1001,   17,  37,   0,   0,    ,   0,    , 305,   9,           ,  ,  0,    ,    0,    0,    0,    0, THERMO PARAMS, -113, 807, 657, N, 10, DT, -999, SHR82, -99, 
EP, 15, 2026091306, 03, HFSA, 114, 177N, 1292W,  48,  994, XX,  34, NEQ,   86,   32,    0,   68,  998,   13,  30,   0,   0,    ,   0,    , 307,   8,           ,  ,  0,    ,    0,    0,    0,    0, THERMO PARAMS, -140, 1086, 728, N, 10, DT, -999, SHR82, -99, 
EP, 15, 2026091306, 03, HFSA, 120, 182N, 1300W,  59,  993, XX,  34, NEQ,  130,   76,   34,   83, 1009,  138,  23,   0,   0,    ,   0,    , 301,   9,           ,  ,  0,    ,    0,    0,    0,    0, THERMO PARAMS, -124, 695, 958, N, 10, DT, -999, SHR82, -99, 
EP, 15, 2026091306, 03, HFSA, 120, 182N, 1300W,  59,  993, XX,  50, NEQ,   37,    0,    0,   31, 1009,  138,  23,   0,   0,    ,   0,    , 301,   9,           ,  ,  0,    ,    0,    0,    0,    0, THERMO PARAMS, -124, 695, 958, N, 10, DT, -999, SHR82, -99, 
EP, 15, 2026091306, 03, HFSA, 126, 185N, 1306W,  47,  994, XX,  34, NEQ,  113,   57,   34,   91, 1002,   37,  28,   0,   0,    ,   0,    , -99, -99,           ,  ,  0,    ,    0,    0,    0,    0, THERMO PARAMS, -111, 1434, 735, N, 10, DT, -999, SHR82, -99, 
EP, 15, 2026091306, 03, TVCN,   0, 174N, 1157W,   0,    0,   ,   0,    ,    0,    0,    0,    0, 
EP, 15, 2026091306, 03, TVCN,  12, 170N, 1166W,   0,    0,   ,   0,    ,    0,    0,    0,    0, 
EP, 15, 2026091306, 03, TVCN,  24, 166N, 1179W,   0,    0,   ,   0,    ,    0,    0,    0,    0, 
EP, 15, 2026091306, 03, TVCN,  36, 162N, 1196W,   0,    0,   ,   0,    ,    0,    0,    0,    0, 
EP, 15, 2026091306, 03, TVCN,  48, 160N, 1213W,   0,    0,   ,   0,    ,    0,    0,    0,    0, 
EP, 15, 2026091306, 03, TVCN,  60, 159N, 1230W,   0,    0,   ,   0,    ,    0,    0,    0,    0, 
EP, 15, 2026091306, 03, TVCN,  72, 160N, 1249W,   0,    0,   ,   0,    ,    0,    0,    0,    0, 
EP, 15, 2026091306, 03, TVCN,  84, 162N, 1271W,   0,    0,   ,   0,    ,    0,    0,    0,    0, 
EP, 15, 2026091306, 03, TVCN,  96, 164N, 1293W,   0,    0,   ,   0,    ,    0,    0,    0,    0, 
EP, 15, 2026091306, 03, TVCN, 108, 168N, 1314W,   0,    0,   ,   0,    ,    0,    0,    0,    0, 
EP, 15, 2026091306, 03, TVCN, 120, 173N, 1334W,   0,    0,   ,   0,    ,    0,    0,    0,    0, 
EP, 15, 2026091306, 03, TVCN, 132, 181N, 1350W,   0,    0,   ,   0,    ,    0,    0,    0,    0, 
EP, 15, 2026091306, 03, TVCN, 144, 182N, 1364W,   0,    0,   ,   0,    ,    0,    0,    0,    0, 
EP, 15, 2026091312, 03,  UKX,   0, 171N, 1161W,  22, 1007, XX,  34, NEQ,    0,    0,    0,    0, 
EP, 15, 2026091312, 03,  UKX,   6, 170N, 1169W,  24, 1007, XX,  34, NEQ,    0,    0,    0,    0, 
EP, 15, 2026091312, 03,  UKX,  12, 170N, 1178W,  27, 1006, XX,  34, NEQ,    0,    0,    0,    0, 
EP, 15, 2026091312, 03,  UKX,  18, 169N, 1188W,  25, 1006, XX,  34, NEQ,    0,    0,    0,    0, 
EP, 15, 2026091312, 03,  UKX,  24, 165N, 1197W,  27, 1005, XX,  34, NEQ,    0,    0,    0,    0, 
EP, 15, 2026091312, 03,  UKX,  30, 162N, 1206W,  29, 1005, XX,  34, NEQ,    0,    0,    0,    0, 
EP, 15, 2026091312, 03,  UKX,  36, 162N, 1217W,  28, 1004, XX,  34, NEQ,    0,    0,    0,    0, 
EP, 15, 2026091312, 03,  UKX,  42, 163N, 1229W,  27, 1005, XX,  34, NEQ,    0,    0,    0,    0, 
EP, 15, 2026091312, 03,  UKX,  48, 161N, 1242W,  27, 1004, XX,  34, NEQ,    0,    0,    0,    0, 
EP, 15, 2026091312, 03,  UKX,  54, 158N, 1255W,  27, 1006, XX,  34, NEQ,    0,    0,    0,    0, 
EP, 15, 2026091312, 03,  UKX,  60, 155N, 1269W,  28, 1003, XX,  34, NEQ,    0,    0,    0,    0, 
EP, 15, 2026091312, 03,  UKX,  66, 154N, 1284W,  27, 1006, XX,  34, NEQ,    0,    0,    0,    0, 
EP, 15, 2026091312, 03,  UKX,  72, 151N, 1298W,  26, 1004, XX,  34, NEQ,    0,    0,    0,    0, 
EP, 15, 2026091312, 03,  UKX,  78, 149N, 1313W,  27, 1007, XX,  34, NEQ,    0,    0,    0,    0, 
EP, 15, 2026091312, 03,  UKX,  84, 147N, 1327W,  26, 1004, XX,  34, NEQ,    0,    0,    0,    0, 
EP, 15, 2026091312, 03,  UKX,  90, 147N, 1341W,  28, 1006, XX,  34, NEQ,    0,    0,    0,    0, 
EP, 15, 2026091312, 03,  UKX,  96, 146N, 1354W,  27, 1004, XX,  34, NEQ,    0,    0,    0,    0, 
EP, 15, 2026091312, 03,  UKX, 102, 146N, 1366W,  28, 1006, XX,  34, NEQ,    0,    0,    0,    0, 
EP, 15, 2026091312, 03,  UKX, 108, 149N, 1380W,  27, 1004, XX,  34, NEQ,    0,    0,    0,    0, 
EP, 15, 2026091312, 03,  UKX, 114, 153N, 1392W,  29, 1007, XX,  34, NEQ,    0,    0,    0,    0, 
EP, 15, 2026091312, 03,  UKX, 120, 156N, 1406W,  28, 1005, XX,  34, NEQ,    0,    0,    0,    0, 
EP, 15, 2026091312, 03,  UKX, 126, 160N, 1418W,  30, 1007, XX,  34, NEQ,    0,    0,    0,    0, 
EP, 15, 2026091312, 03,  UKX, 132, 162N, 1428W,  30, 1005, XX,  34, NEQ,    0,    0,    0,    0, 
EP, 15, 2026091312, 03,  UKX, 138, 162N, 1438W,  31, 1007, XX,  34, NEQ,    0,    0,    0,    0, 
EP, 15, 2026091312, 03,  UKX, 144, 160N, 1450W,  30, 1006, XX,  34, NEQ,    0,    0,    0,    0, 
EP, 15, 2026091312, 03, AVNO,   0, 172N, 1162W,  26, 1005, XX,  34, NEQ,    0,    0,    0,    0,  -99,  -99, 107,   0,   0, 
EP, 15, 2026091312, 03, AVNO,   6, 172N, 1163W,  32, 1007, XX,  34, NEQ,    0,    0,    0,    0, 1011,  114,  68,   0,   0, 
EP, 15, 2026091312, 03, AVNO,  12, 171N, 1173W,  28, 1004, XX,  34, NEQ,    0,    0,    0,    0, 1008,  120,  73,   0,   0, 
EP, 15, 2026091312, 03, AVNO,  18, 165N, 1183W,  29, 1006, XX,  34, NEQ,    0,    0,    0,    0, 1010,  100, 155,   0,   0, 
EP, 15, 2026091312, 03, AVNO,  24, 161N, 1186W,  33, 1003, XX,  34, NEQ,    0,    0,    0,    0, 1007,  102, 113,   0,   0, 
EP, 15, 2026091312, 03, AVNO,  30, 160N, 1190W,  28, 1005, XX,  34, NEQ,    0,    0,    0,    0, 1009,   98, 102,   0,   0, 
EP, 15, 2026091312, 03, AVNO,  36, 161N, 1197W,  30, 1002, XX,  34, NEQ,    0,    0,    0,    0, 1006,  107,  87,   0,   0, 
EP, 15, 2026091312, 03, AVNO,  42, 157N, 1200W,  37, 1004, XX,  34, NEQ,   53,    0,    0,    0,  -99,  -99,  42,   0,   0, 
EP, 15, 2026091312, 03, AVNO,  48, 156N, 1206W,  34, 1002, XX,  34, NEQ,    0,    0,    0,    0,  -99,  -99,  67,   0,   0, 
EP, 15, 2026091312, 03, AVNO,  54, 159N, 1206W,  40, 1004, XX,  34, NEQ,   59,   47,    0,    0,  -99,  -99,  38,   0,   0, 
EP, 15, 2026091312, 03, AVNO,  60, 160N, 1216W,  35,  998, XX,  34, NEQ,   45,    0,    0,    0, 1006,  213,  35,   0,   0, 
EP, 15, 2026091312, 03, AVNO,  66, 162N, 1227W,  33, 1004, XX,  34, NEQ,    0,    0,    0,    0, 1008,  147,  96,   0,   0, 
EP, 15, 2026091312, 03, AVNO,  72, 162N, 1237W,  27, 1002, XX,  34, NEQ,    0,    0,    0,    0, 1006,  175,  92,   0,   0, 
EP, 15, 2026091312, 03, AVNO,  78, 163N, 1245W,  25, 1006, XX,  34, NEQ,    0,    0,    0,    0, 1010,  196,  76,   0,   0, 
EP, 15, 2026091312, 03, AVNO,  84, 163N, 1252W,  24, 1003, XX,  34, NEQ,    0,    0,    0,    0, 1007,  335, 157,   0,   0, 
EP, 15, 2026091312, 03, AVNO,  90, 165N, 1259W,  24, 1006, XX,  34, NEQ,    0,    0,    0,    0, 1010,  362, 157,   0,   0, 
EP, 15, 2026091312, 03, AVNO,  96, 166N, 1265W,  21, 1005, XX,  34, NEQ,    0,    0,    0,    0, 1009, 1058, 156,   0,   0, 
EP, 15, 2026091312, 03, AVNO, 102, 169N, 1272W,  20, 1008, XX,  34, NEQ,    0,    0,    0,    0,  -99,  -99, 160,   0,   0, 
EP, 15, 2026091312, 03, AVNO, 108, 170N, 1280W,  21, 1006, XX,  34, NEQ,    0,    0,    0,    0,  -99,  -99, 161,   0,   0, 
EP, 15, 2026091312, 03, AVNO, 114, 172N, 1291W,  21, 1010, XX,  34, NEQ,    0,    0,    0,    0,  -99,  -99, 155,   0,   0, 
EP, 15, 2026091312, 03, AVNO, 120, 175N, 1301W,  19, 1008, XX,  34, NEQ,    0,    0,    0,    0,  -99,  -99, 159,   0,   0, 
EP, 15, 2026091312, 03, AVNO, 126, 173N, 1311W,  17, 1011, XX,  34, NEQ,    0,    0,    0,    0,  -99,  -99, 161,   0,   0, 
EP, 15, 2026091312, 03, AVNO, 132, 175N, 1323W,  18, 1008, XX,  34, NEQ,    0,    0,    0,    0,  -99,  -99, 153,   0,   0, 
EP, 15, 2026091312, 03, AVNO, 138, 167N, 1336W,  19, 1011, XX,  34, NEQ,    0,    0,    0,    0,  -99,  -99, 151,   0,   0, 
EP, 15, 2026091312, 03, HCCA,   0, 174N, 1162W,  25,    0,   ,   0,    ,    0,    0,    0,    0, 
EP, 15, 2026091312, 03, HCCA,  12, 172N, 1175W,  29,    0,   ,   0,    ,    0,    0,    0,    0, 
EP, 15, 2026091312, 03, HCCA,  24, 167N, 1191W,  33,    0,   ,   0,    ,    0,    0,    0,    0, 
EP, 15, 2026091312, 03, HCCA,  36, 164N, 1209W,  35,    0,   ,   0,    ,    0,    0,    0,    0, 
EP, 15, 2026091312, 03, HCCA,  48, 160N, 1228W,  31,    0,   ,   0,    ,    0,    0,    0,    0, 
EP, 15, 2026091312, 03, HCCA,  60, 158N, 1245W,  29,    0,   ,   0,    ,    0,    0,    0,    0, 
EP, 15, 2026091312, 03, HCCA,  72, 155N, 1268W,  29,    0,   ,   0,    ,    0,    0,    0,    0, 
EP, 15, 2026091312, 03, HCCA,  84, 154N, 1290W,  28,    0,   ,   0,    ,    0,    0,    0,    0, 
EP, 15, 2026091312, 03, HCCA,  96, 159N, 1310W,  27,    0,   ,   0,    ,    0,    0,    0,    0, 
EP, 15, 2026091312, 03, HCCA, 108, 166N, 1329W,  24,    0,   ,   0,    ,    0,    0,    0,    0, 
EP, 15, 2026091312, 03, HCCA, 120, 171N, 1348W,  25,    0,   ,   0,    ,    0,    0,    0,    0, 
EP, 15, 2026091312, 03, HCCA, 132, 176N, 1366W,  26,    0,   ,   0,    ,    0,    0,    0,    0, 
EP, 15, 2026091312, 03, HCCA, 144, 178N, 1381W,  26,    0,   ,   0,    ,    0,    0,    0,    0, 
EP, 15, 2026091312, 03, HCCA, 156, 179N, 1396W,  33,    0,   ,   0,    ,    0,    0,    0,    0, 
EP, 15, 2026091312, 03, HCCA, 168, 178N, 1413W,  38,    0,   ,   0,    ,    0,    0,    0,    0, 
EP, 15, 2026091312, 03, HFSA,   0, 173N, 1161W,  27, 1007, XX,  34, NEQ,    0,    0,    0,    0,  -99,  -99, 104,   0,   0,    ,   0,    , 272,   4,           ,  ,  0,    ,    0,    0,    0,    0, THERMO PARAMS, -6, 211, 221, N, 10, DT, -999, SHR82, -99, 
EP, 15, 2026091312, 03, HFSA,   6, 169N, 1158W,  52,  998, XX,  34, NEQ,   44,   19,    0,    0, 1002,    4,  44,   0,   0,    ,   0,    , 212,   3,           ,  ,  0,    ,    0,    0,    0,    0, THERMO PARAMS, 76, 309, 449, N, 10, DT, -999, SHR82, -99, 
EP, 15, 2026091312, 03, HFSA,  12, 169N, 1171W,  33, 1003, XX,  34, NEQ,    0,    0,    0,    0,  -99,  -99,  50,   0,   0,    ,   0,    , 260,   8,           ,  ,  0,    ,    0,    0,    0,    0, THERMO PARAMS, -21, -244, 273, N, 10, DT, -999, SHR82, -99, 
EP, 15, 2026091312, 03, HFSA,  18, 166N, 1180W,  31, 1006, XX,  34, NEQ,    0,    0,    0,    0,  -99,  -99,  35,   0,   0,    ,   0,    , 243,   7,           ,  ,  0,    ,    0,    0,    0,    0, THERMO PARAMS, 10, 116, 182, N, 10, DT, -999, SHR82, -99, 
EP, 15, 2026091312, 03, HFSA,  24, 162N, 1184W,  32,  997, XX,  34, NEQ,    0,    0,    0,    0, 1001,    5,  78,   0,   0,    ,   0,    , 228,   7,           ,  ,  0,    ,    0,    0,    0,    0, THERMO PARAMS, 7, 594, 59, N, 10, DT, -999, SHR82, -99, 
EP, 15, 2026091312, 03, HFSA,  30, 159N, 1193W,  30, 1005, XX,  34, NEQ,    0,    0,    0,    0,  -99,  -99,  64,   0,   0,    ,   0,    , 262,   8,           ,  ,  0,    ,    0,    0,    0,    0, THERMO PARAMS, -12, 46, 200, N, 10, DT, -999, SHR82, -99, 
EP, 15, 2026091312, 03, HFSA,  36, 156N, 1201W,  34, 1001, XX,  34, NEQ,    0,    0,    0,    0,  -99,  -99, 117,   0,   0,    ,   0,    , 263,   8,           ,  ,  0,    ,    0,    0,    0,    0, THERMO PARAMS, 23, 52, 319, N, 10, DT, -999, SHR82, -99, 
EP, 15, 2026091312, 03, HFSA,  42, 157N, 1210W,  36, 1004, XX,  34, NEQ,    0,    0,    0,    0,  -99,  -99,  59,   0,   0,    ,   0,    , 280,  10,           ,  ,  0,    ,    0,    0,    0,    0, THERMO PARAMS, -3, 49, 207, N, 10, DT, -999, SHR82, -99, 
EP, 15, 2026091312, 03, HFSA,  48, 158N, 1220W,  30, 1002, XX,  34, NEQ,    0,    0,    0,    0,  -99,  -99,  77,   0,   0,    ,   0,    , 270,   8,           ,  ,  0,    ,    0,    0,    0,    0, THERMO PARAMS, 16, 5, 408, N, 10, DT, -999, SHR82, -99, 
EP, 15, 2026091312, 03, HFSA,  54, 159N, 1229W,  33, 1004, XX,  34, NEQ,    0,    0,    0,    0,  -99,  -99, 144,   0,   0,    ,   0,    , 283,  10,           ,  ,  0,    ,    0,    0,    0,    0, THERMO PARAMS, -23, 40, 485, N, 10, DT, -999, SHR82, -99, 
EP, 15, 2026091312, 03, HFSA,  60, 161N, 1239W,  34, 1002, XX,  34, NEQ,    0,    0,    0,    0,  -99,  -99,  94,   0,   0,    ,   0,    , 284,  10,           ,  ,  0,    ,    0,    0,    0,    0, THERMO PARAMS, -44, 218, 383, N, 10, DT, -999, SHR82, -99, 
EP, 15, 2026091312, 03, HFSA,  66, 163N, 1252W,  42, 1004, XX,  34, NEQ,   71,    0,    0,    0,  -99,  -99,  70,   0,   0,    ,   0,    , 283,  12,           ,  ,  0,    ,    0,    0,    0,    0, THERMO PARAMS, -45, 347, 230, N, 10, DT, -999, SHR82, -99, 
EP, 15, 2026091312, 03, HFSA,  72, 167N, 1266W,  33, 1002, XX,  34, NEQ,    0,    0,    0,    0,  -99,  -99,  78,   0,   0,    ,   0,    , 281,  13,           ,  ,  0,    ,    0,    0,    0,    0, THERMO PARAMS, -38, 445, 224, N, 10, DT, -999, SHR82, -99, 
EP, 15, 2026091312, 03, HFSA,  78, 169N, 1280W,  36, 1006, XX,  34, NEQ,    0,    0,    0,    0,  -99,  -99,  81,   0,   0,    ,   0,    , 280,  13,           ,  ,  0,    ,    0,    0,    0,    0, THERMO PARAMS, -79, 302, 58, N, 10, DT, -999, SHR82, -99, 
EP, 15, 2026091312, 03, HFSA,  84, 167N, 1295W,  33,  998, XX,  34, NEQ,    0,    0,    0,    0, 1002,    7,  93,   0,   0,    ,   0,    , 262,  12,           ,  ,  0,    ,    0,    0,    0,    0, THERMO PARAMS, -30, 497, 357, N, 10, DT, -999, SHR82, -99, 
EP, 15, 2026091312, 03, HFSA,  90, 171N, 1310W,  46, 1002, XX,  34, NEQ,   29,    0,    0,   34, 1006,    9,  30,   0,   0,    ,   0,    , 275,  16,           ,  ,  0,    ,    0,    0,    0,    0, THERMO PARAMS, -79, 209, 324, N, 10, DT, -999, SHR82, -99, 
EP, 15, 2026091312, 03, HFSA,  96, 176N, 1327W,  43,  997, XX,  34, NEQ,    0,    0,    0,    0, 1001,    4,  36,   0,   0,    ,   0,    , 288,  16,           ,  ,  0,    ,    0,    0,    0,    0, THERMO PARAMS, -81, 697, 105, N, 10, DT, -999, SHR82, -99, 
EP, 15, 2026091312, 03, HFSA, 102, 177N, 1345W,  47, 1002, XX,  34, NEQ,    0,    0,    0,    0, 1006,    8,  35,   0,   0,    ,   0,    , 281,  15,           ,  ,  0,    ,    0,    0,    0,    0, THERMO PARAMS, -89, 400, 423, N, 10, DT, -999, SHR82, -99, 
EP, 15, 2026091312, 03, HFSA, 108, 176N, 1362W,  30, 1006, XX,  34, NEQ,    0,    0,    0,    0,  -99,  -99,  57,   0,   0,    ,   0,    , 274,  13,           ,  ,  0,    ,    0,    0,    0,    0, THERMO PARAMS, -76, 446, 251, N, 10, DT, -999, SHR82, -99, 
EP, 15, 2026091312, 03, HFSA, 114, 178N, 1378W,  41, 1003, XX,  34, NEQ,    0,    0,    0,   23, 1007,    6,  22,   0,   0,    ,   0,    , 275,  14,           ,  ,  0,    ,    0,    0,    0,    0, THERMO PARAMS, -76, 388, 82, N, 10, DT, -999, SHR82, -99, 
EP, 15, 2026091312, 03, HFSA, 120, 178N, 1393W,  37, 1002, XX,  34, NEQ,   13,    0,    0,   15, 1006,    6,  14,   0,   0,    ,   0,    , 266,  13,           ,  ,  0,    ,    0,    0,    0,    0, THERMO PARAMS, -82, 500, 357, N, 10, DT, -999, SHR82, -99, 
EP, 15, 2026091312, 03, HFSA, 126, 176N, 1411W,  33, 1007, XX,  34, NEQ,    0,    0,    0,    0, 1011,   47,  54,   0,   0,    ,   0,    , -99, -99,           ,  ,  0,    ,    0,    0,    0,    0, THERMO PARAMS, -85, 557, 323, N, 10, DT, -999, SHR82, -99, 
EP, 15, 2026091312, 03, TVCN,   0, 174N, 1162W,   0,    0,   ,   0,    ,    0,    0,    0,    0, 
EP, 15, 2026091312, 03, TVCN,  12, 169N, 1173W,   0,    0,   ,   0,    ,    0,    0,    0,    0, 
EP, 15, 2026091312, 03, TVCN,  24, 164N, 1186W,   0,    0,   ,   0,    ,    0,    0,    0,    0, 
EP, 15, 2026091312, 03, TVCN,  36, 161N, 1203W,   0,    0,   ,   0,    ,    0,    0,    0,    0, 
EP, 15, 2026091312, 03, TVCN,  48, 160N, 1220W,   0,    0,   ,   0,    ,    0,    0,    0,    0, 
EP, 15, 2026091312, 03, TVCN,  60, 161N, 1237W,   0,    0,   ,   0,    ,    0,    0,    0,    0, 
EP, 15, 2026091312, 03, TVCN,  72, 163N, 1257W,   0,    0,   ,   0,    ,    0,    0,    0,    0, 
EP, 15, 2026091312, 03, TVCN,  84, 166N, 1277W,   0,    0,   ,   0,    ,    0,    0,    0,    0, 
EP, 15, 2026091312, 03, TVCN,  96, 170N, 1297W,   0,    0,   ,   0,    ,    0,    0,    0,    0, 
EP, 15, 2026091312, 03, TVCN, 108, 179N, 1311W,   0,    0,   ,   0,    ,    0,    0,    0,    0, 
EP, 15, 2026091312, 03, TVCN, 120, 187N, 1330W,   0,    0,   ,   0,    ,    0,    0,    0,    0, 
EP, 15, 2026091312, 03, TVCN, 132, 195N, 1348W,   0,    0,   ,   0,    ,    0,    0,    0,    0, 
EP, 15, 2026091312, 03, TVCN, 144, 178N, 1376W,   0,    0,   ,   0,    ,    0,    0,    0,    0, 
EP, 15, 2026091312, 03, TVCN, 156, 177N, 1392W,   0,    0,   ,   0,    ,    0,    0,    0,    0, 
EP, 15, 2026091318, 03, AVNO,   0, 173N, 1163W,  33, 1007, XX,  34, NEQ,    0,    0,    0,    0, 1011,  122,  68,   0,   0, 
EP, 15, 2026091318, 03, AVNO,   6, 171N, 1173W,  28, 1004, XX,  34, NEQ,    0,    0,    0,    0, 1008,  139,  73,   0,   0, 
EP, 15, 2026091318, 03, AVNO,  12, 166N, 1182W,  26, 1006, XX,  34, NEQ,    0,    0,    0,    0, 1010,  111,  72,   0,   0, 
EP, 15, 2026091318, 03, AVNO,  18, 163N, 1184W,  25, 1003, XX,  34, NEQ,    0,    0,    0,    0, 1007,  130, 102,   0,   0, 
EP, 15, 2026091318, 03, AVNO,  24, 168N, 1186W,  38, 1003, XX,  34, NEQ,   48,    0,    0,    0, 1011,  372,  45,   0,   0, 
EP, 15, 2026091318, 03, AVNO,  30, 167N, 1201W,  30, 1002, XX,  34, NEQ,    0,    0,    0,    0,  -99,  -99,  57,   0,   0, 
EP, 15, 2026091318, 03, AVNO,  36, 163N, 1211W,  29, 1004, XX,  34, NEQ,    0,    0,    0,    0, 1008,  103,  78,   0,   0, 
EP, 15, 2026091318, 03, AVNO,  42, 160N, 1220W,  24, 1002, XX,  34, NEQ,    0,    0,    0,    0, 1006,  130,  77,   0,   0, 
EP, 15, 2026091318, 03, AVNO,  48, 156N, 1224W,  32, 1005, XX,  34, NEQ,    0,    0,    0,    0, 1009,  128, 161,   0,   0, 
EP, 15, 2026091318, 03, AVNO,  54, 158N, 1224W,  33, 1002, XX,  34, NEQ,    0,    0,    0,    0,  -99,  -99, 141,   0,   0, 
EP, 15, 2026091318, 03, AVNO,  60, 161N, 1231W,  27, 1005, XX,  34, NEQ,    0,    0,    0,    0, 1009,  153, 156,   0,   0, 
EP, 15, 2026091318, 03, AVNO,  66, 162N, 1242W,  24, 1003, XX,  34, NEQ,    0,    0,    0,    0, 1007,  219,  61,   0,   0, 
EP, 15, 2026091318, 03, AVNO,  72, 162N, 1249W,  22, 1006, XX,  34, NEQ,    0,    0,    0,    0, 1010,  211, 129,   0,   0, 
EP, 15, 2026091318, 03, AVNO,  78, 162N, 1257W,  22, 1004, XX,  34, NEQ,    0,    0,    0,    0, 1008,  371, 158,   0,   0, 
EP, 15, 2026091318, 03, AVNO,  84, 163N, 1265W,  21, 1007, XX,  34, NEQ,    0,    0,    0,    0, 1011,  490, 160,   0,   0, 
EP, 15, 2026091318, 03, AVNO,  90, 166N, 1274W,  21, 1005, XX,  34, NEQ,    0,    0,    0,    0,  -99,  -99, 161,   0,   0, 
EP, 15, 2026091318, 03, AVNO,  96, 168N, 1283W,  20, 1009, XX,  34, NEQ,    0,    0,    0,    0,  -99,  -99, 137,   0,   0, 
EP, 15, 2026091318, 03, AVNO, 102, 170N, 1293W,  19, 1007, XX,  34, NEQ,    0,    0,    0,    0,  -99,  -99, 157,   0,   0, 
EP, 15, 2026091318, 03, AVNO, 108, 172N, 1304W,  20, 1011, XX,  34, NEQ,    0,    0,    0,    0,  -99,  -99, 154,   0,   0, 
EP, 15, 2026091318, 03, AVNO, 114, 177N, 1315W,  19, 1009, XX,  34, NEQ,    0,    0,    0,    0,  -99,  -99, 158,   0,   0, 
EP, 15, 2026091318, 03, AVNO, 120, 176N, 1327W,  19, 1012, XX,  34, NEQ,    0,    0,    0,    0,  -99,  -99, 155,   0,   0, 
EP, 15, 2026091318, 03, AVNO, 126, 171N, 1341W,  19, 1009, XX,  34, NEQ,    0,    0,    0,    0,  -99,  -99, 157,   0,   0, 
EP, 15, 2026091318, 03, AVNO, 132, 169N, 1355W,  21, 1011, XX,  34, NEQ,    0,    0,    0,    0,  -99,  -99, 158,   0,   0, 
EP, 15, 2026091318, 03, AVNO, 138, 167N, 1367W,  20, 1009, XX,  34, NEQ,    0,    0,    0,    0,  -99,  -99, 154,   0,   0, 
EP, 15, 2026091318, 03, AVNO, 144, 165N, 1381W,  19, 1011, XX,  34, NEQ,    0,    0,    0,    0,  -99,  -99, 124,   0,   0, 
EP, 15, 2026091318, 03, AVNO, 150, 163N, 1393W,  18, 1008, XX,  34, NEQ,    0,    0,    0,    0,  -99,  -99, 156,   0,   0, 
EP, 15, 2026091318, 03, AVNO, 156, 159N, 1411W,  20, 1011, XX,  34, NEQ,    0,    0,    0,    0,  -99,  -99, 156,   0,   0, 
EP, 15, 2026091318, 03, AVNO, 162, 155N, 1424W,  20, 1009, XX,  34, NEQ,    0,    0,    0,    0,  -99,  -99, 157,   0,   0, 
EP, 15, 2026091318, 03, AVNO, 168, 148N, 1438W,  18, 1012, XX,  34, NEQ,    0,    0,    0,    0,  -99,  -99, 144,   0,   0, 
EP, 15, 2026091318, 03, AVNO, 174, 134N, 1454W,  15, 1009, XX,  34, NEQ,    0,    0,    0,    0,  -99,  -99, 156,   0,   0, 
EP, 15, 2026091318, 03, HCCA,   0, 173N, 1167W,  30,    0,   ,   0,    ,    0,    0,    0,    0, 
EP, 15, 2026091318, 03, HCCA,  12, 169N, 1181W,  32,    0,   ,   0,    ,    0,    0,    0,    0, 
EP, 15, 2026091318, 03, HCCA,  24, 165N, 1194W,  33,    0,   ,   0,    ,    0,    0,    0,    0, 
EP, 15, 2026091318, 03, HCCA,  36, 165N, 1210W,  33,    0,   ,   0,    ,    0,    0,    0,    0, 
EP, 15, 2026091318, 03, HCCA,  48, 167N, 1229W,  31,    0,   ,   0,    ,    0,    0,    0,    0, 
EP, 15, 2026091318, 03, HCCA,  60, 167N, 1249W,  28,    0,   ,   0,    ,    0,    0,    0,    0, 
EP, 15, 2026091318, 03, HCCA,  72, 168N, 1273W,  26,    0,   ,   0,    ,    0,    0,    0,    0, 
EP, 15, 2026091318, 03, HCCA,  84, 168N, 1297W,  22,    0,   ,   0,    ,    0,    0,    0,    0, 
EP, 15, 2026091318, 03, HCCA,  96, 170N, 1320W,  22,    0,   ,   0,    ,    0,    0,    0,    0, 
EP, 15, 2026091318, 03, HCCA, 108, 169N, 1345W,  19,    0,   ,   0,    ,    0,    0,    0,    0, 
EP, 15, 2026091318, 03, HCCA, 120, 167N, 1370W,  18,    0,   ,   0,    ,    0,    0,    0,    0, 
EP, 15, 2026091318, 03, HCCA, 132, 170N, 1387W,   0,    0,   ,   0,    ,    0,    0,    0,    0, 
EP, 15, 2026091318, 03, HCCA, 144, 173N, 1402W,   0,    0,   ,   0,    ,    0,    0,    0,    0, 
EP, 15, 2026091318, 03, HCCA, 156, 174N, 1416W,   0,    0,   ,   0,    ,    0,    0,    0,    0, 
EP, 15, 2026091318, 03, HCCA, 168, 174N, 1429W,   0,    0,   ,   0,    ,    0,    0,    0,    0, 
EP, 15, 2026091318, 03, HFSA,   0, 173N, 1167W,  29, 1005, XX,  34, NEQ,    0,    0,    0,    0, 1009,   57,  71,   0,   0,    ,   0,    , 265,   5,           ,  ,  0,    ,    0,    0,    0,    0, THERMO PARAMS, -7, -127, 694, N, 10, DT, -999, SHR82, -99, 
EP, 15, 2026091318, 03, HFSA,   6, 167N, 1170W,  48,  997, XX,  34, NEQ,   74,    0,    0,   86, 1001,    5,  18,   0,   0,    ,   0,    , 239,   6,           ,  ,  0,    ,    0,    0,    0,    0, THERMO PARAMS, 31, 193, 264, N, 10, DT, -999, SHR82, -99, 
EP, 15, 2026091318, 03, HFSA,  12, 159N, 1177W,  35, 1004, XX,  34, NEQ,    0,    0,    0,    0,  -99,  -99,  84,   0,   0,    ,   0,    , 252,   7,           ,  ,  0,    ,    0,    0,    0,    0, THERMO PARAMS, 55, 538, 216, N, 10, DT, -999, SHR82, -99, 
EP, 15, 2026091318, 03, HFSA,  18, 156N, 1183W,  38, 1000, XX,  34, NEQ,   32,    0,    0,    0,  -99,  -99,  61,   0,   0,    ,   0,    , 252,   5,           ,  ,  0,    ,    0,    0,    0,    0, THERMO PARAMS, 21, 226, 529, N, 10, DT, -999, SHR82, -99, 
EP, 15, 2026091318, 03, HFSA,  24, 156N, 1192W,  37, 1003, XX,  34, NEQ,   44,    0,    0,    0,  -99,  -99,  40,   0,   0,    ,   0,    , 263,  10,           ,  ,  0,    ,    0,    0,    0,    0, THERMO PARAMS, 12, 292, 138, N, 10, DT, -999, SHR82, -99, 
EP, 15, 2026091318, 03, HFSA,  30, 149N, 1200W,  34, 1000, XX,  34, NEQ,    0,    0,    0,    0,  -99,  -99,  96,   0,   0,    ,   0,    , 235,   7,           ,  ,  0,    ,    0,    0,    0,    0, THERMO PARAMS, 65, 169, 281, N, 10, DT, -999, SHR82, -99, 
EP, 15, 2026091318, 03, HFSA,  36, 145N, 1203W,  42,  998, XX,  34, NEQ,    0,   42,    0,    0,  -99,  -99,  34,   0,   0,    ,   0,    , 249,   6,           ,  ,  0,    ,    0,    0,    0,    0, THERMO PARAMS, 91, 828, 401, N, 10, DT, -999, SHR82, -99, 
EP, 15, 2026091318, 03, HFSA,  42, 145N, 1212W,  46,  999, XX,  34, NEQ,   50,    0,    0,    0,  -99,  -99,  45,   0,   0,    ,   0,    , 268,  10,           ,  ,  0,    ,    0,    0,    0,    0, THERMO PARAMS, 21, 415, 373, N, 10, DT, -999, SHR82, -99, 
EP, 15, 2026091318, 03, HFSA,  48, 144N, 1219W,  46,  998, XX,  34, NEQ,   55,   49,    0,   49, 1006,   69,  29,   0,   0,    ,   0,    , 269,   7,           ,  ,  0,    ,    0,    0,    0,    0, THERMO PARAMS, 24, 664, 500, N, 10, DT, -999, SHR82, -99, 
EP, 15, 2026091318, 03, HFSA,  54, 147N, 1229W,  40, 1000, XX,  34, NEQ,   79,    0,    0,   50,  -99,  -99,  48,   0,   0,    ,   0,    , 274,  10,           ,  ,  0,    ,    0,    0,    0,    0, THERMO PARAMS, -60, 622, 534, N, 10, DT, -999, SHR82, -99, 
EP, 15, 2026091318, 03, HFSA,  60, 145N, 1239W,  43, 1002, XX,  34, NEQ,   78,    0,    0,   37,  -99,  -99,  75,   0,   0,    ,   0,    , 270,   9,           ,  ,  0,    ,    0,    0,    0,    0, THERMO PARAMS, -9999, -9999, -9999, N, 10, DT, -999, SHR82, -99, 
EP, 15, 2026091318, 03, HFSA,  66, 144N, 1244W,  41, 1001, XX,  34, NEQ,    0,    0,    0,    0,  -99,  -99,  83,   0,   0,    ,   0,    , 289,   5,           ,  ,  0,    ,    0,    0,    0,    0, THERMO PARAMS, -9999, -9999, -9999, N, 10, DT, -999, SHR82, -99, 
EP, 15, 2026091318, 03, HFSA,  72, 148N, 1245W,  39, 1004, XX,  34, NEQ,   74,    0,    0,    0,  -99,  -99,  35,   0,   0,    ,   0,    , 318,   8,           ,  ,  0,    ,    0,    0,    0,    0, THERMO PARAMS, -125, 292, 200, N, 10, DT, -999, SHR82, -99, 
EP, 15, 2026091318, 03, HFSA,  78, 152N, 1253W,  38, 1001, XX,  34, NEQ,   65,    0,    0,    0,  -99,  -99,  62,   0,   0,    ,   0,    , 291,   8,           ,  ,  0,    ,    0,    0,    0,    0, THERMO PARAMS, -113, 283, 658, N, 10, DT, -999, SHR82, -99, 
EP, 15, 2026091318, 03, HFSA,  84, 157N, 1260W,  46, 1004, XX,  34, NEQ,   53,    0,    0,    0,  -99,  -99,  87,   0,   0,    ,   0,    , 287,  10,           ,  ,  0,    ,    0,    0,    0,    0, THERMO PARAMS, -98, 326, 465, N, 10, DT, -999, SHR82, -99, 
EP, 15, 2026091318, 03, HFSA,  90, 161N, 1267W,  38, 1000, XX,  34, NEQ,    0,    0,    0,    0, 1004,   68, 113,   0,   0,    ,   0,    , 310,   9,           ,  ,  0,    ,    0,    0,    0,    0, THERMO PARAMS, -129, 362, 194, N, 10, DT, -999, SHR82, -99, 
EP, 15, 2026091318, 03, HFSA,  96, 167N, 1274W,  40, 1004, XX,  34, NEQ,    0,    0,    0,    0,  -99,  -99,  79,   0,   0,    ,   0,    , 303,  10,           ,  ,  0,    ,    0,    0,    0,    0, THERMO PARAMS, -125, 586, 390, N, 10, DT, -999, SHR82, -99, 
EP, 15, 2026091318, 03, HFSA, 102, 173N, 1283W,  45, 1001, XX,  34, NEQ,   63,    0,    0,   60,  -99,  -99,  82,   0,   0,    ,   0,    , 299,  11,           ,  ,  0,    ,    0,    0,    0,    0, THERMO PARAMS, -132, 426, 408, N, 10, DT, -999, SHR82, -99, 
EP, 15, 2026091318, 03, HFSA, 108, 176N, 1290W,  48, 1004, XX,  34, NEQ,   68,    0,    0,   26,  -99,  -99,  53,   0,   0,    ,   0,    , 299,   8,           ,  ,  0,    ,    0,    0,    0,    0, THERMO PARAMS, -110, 469, 564, N, 10, DT, -999, SHR82, -99, 
EP, 15, 2026091318, 03, HFSA, 114, 182N, 1299W,  53,  996, XX,  34, NEQ,   94,    0,    0,   44, 1004,   33,  69,   0,   0,    ,   0,    , 299,   9,           ,  ,  0,    ,    0,    0,    0,    0, THERMO PARAMS, -93, 510, 589, N, 10, DT, -999, SHR82, -99, 
EP, 15, 2026091318, 03, HFSA, 120, 183N, 1307W,  42,  999, XX,  34, NEQ,   66,    0,   40,   81, 1003,   13,  42,   0,   0,    ,   0,    , 274,   7,           ,  ,  0,    ,    0,    0,    0,    0, THERMO PARAMS, -112, 690, 712, N, 10, DT, -999, SHR82, -99, 
EP, 15, 2026091318, 03, HFSA, 126, 185N, 1315W,  47,  996, XX,  34, NEQ,  104,    0,    0,   70, 1004,   44,  17,   0,   0,    ,   0,    , -99, -99,           ,  ,  0,    ,    0,    0,    0,    0, THERMO PARAMS, -123, 386, 841, N, 10, DT, -999, SHR82, -99, 
EP, 15, 2026091318, 03, TVCN,   0, 173N, 1167W,   0,    0,   ,   0,    ,    0,    0,    0,    0, 
EP, 15, 2026091318, 03, TVCN,  12, 168N, 1180W,   0,    0,   ,   0,    ,    0,    0,    0,    0, 
EP, 15, 2026091318, 03, TVCN,  24, 164N, 1194W,   0,    0,   ,   0,    ,    0,    0,    0,    0, 
EP, 15, 2026091318, 03, TVCN,  36, 164N, 1210W,   0,    0,   ,   0,    ,    0,    0,    0,    0, 
EP, 15, 2026091318, 03, TVCN,  48, 166N, 1228W,   0,    0,   ,   0,    ,    0,    0,    0,    0, 
EP, 15, 2026091318, 03, TVCN,  60, 168N, 1249W,   0,    0,   ,   0,    ,    0,    0,    0,    0, 
EP, 15, 2026091318, 03, TVCN,  72, 170N, 1271W,   0,    0,   ,   0,    ,    0,    0,    0,    0, 
EP, 15, 2026091318, 03, TVCN,  84, 173N, 1296W,   0,    0,   ,   0,    ,    0,    0,    0,    0, 
EP, 15, 2026091318, 03, TVCN,  96, 176N, 1320W,   0,    0,   ,   0,    ,    0,    0,    0,    0, 
EP, 15, 2026091318, 03, TVCN, 108, 184N, 1341W,   0,    0,   ,   0,    ,    0,    0,    0,    0, 
EP, 15, 2026091318, 03, TVCN, 120, 185N, 1364W,   0,    0,   ,   0,    ,    0,    0,    0,    0, 
EP, 15, 2026091318, 03, TVCN, 132, 187N, 1386W,   0,    0,   ,   0,    ,    0,    0,    0,    0, 
EP, 15, 2026091400, 03,  UKX,   0, 169N, 1176W,  27, 1005, XX,  34, NEQ,    0,    0,    0,    0, 
EP, 15, 2026091400, 03,  UKX,   6, 166N, 1186W,  25, 1006, XX,  34, NEQ,    0,    0,    0,    0, 
EP, 15, 2026091400, 03,  UKX,  12, 163N, 1194W,  25, 1005, XX,  34, NEQ,    0,    0,    0,    0, 
EP, 15, 2026091400, 03,  UKX,  18, 160N, 1203W,  26, 1005, XX,  34, NEQ,    0,    0,    0,    0, 
EP, 15, 2026091400, 03,  UKX,  24, 160N, 1214W,  27, 1004, XX,  34, NEQ,    0,    0,    0,    0, 
EP, 15, 2026091400, 03,  UKX,  30, 161N, 1225W,  26, 1005, XX,  34, NEQ,    0,    0,    0,    0, 
EP, 15, 2026091400, 03,  UKX,  36, 159N, 1238W,  26, 1005, XX,  34, NEQ,    0,    0,    0,    0, 
EP, 15, 2026091400, 03,  UKX,  42, 158N, 1251W,  26, 1006, XX,  34, NEQ,    0,    0,    0,    0, 
EP, 15, 2026091400, 03,  UKX,  48, 156N, 1264W,  26, 1003, XX,  34, NEQ,    0,    0,    0,    0, 
EP, 15, 2026091400, 03,  UKX,  54, 154N, 1278W,  26, 1006, XX,  34, NEQ,    0,    0,    0,    0, 
EP, 15, 2026091400, 03,  UKX,  60, 153N, 1292W,  27, 1004, XX,  34, NEQ,    0,    0,    0,    0, 
EP, 15, 2026091400, 03,  UKX,  66, 152N, 1307W,  28, 1007, XX,  34, NEQ,    0,    0,    0,    0, 
EP, 15, 2026091400, 03,  UKX,  72, 150N, 1321W,  29, 1003, XX,  34, NEQ,    0,    0,    0,    0, 
EP, 15, 2026091400, 03,  UKX,  78, 150N, 1337W,  28, 1006, XX,  34, NEQ,    0,    0,    0,    0, 
EP, 15, 2026091400, 03,  UKX,  84, 149N, 1351W,  29, 1004, XX,  34, NEQ,    0,    0,    0,    0, 
EP, 15, 2026091400, 03,  UKX,  90, 149N, 1364W,  30, 1006, XX,  34, NEQ,    0,    0,    0,    0, 
EP, 15, 2026091400, 03,  UKX,  96, 150N, 1378W,  30, 1004, XX,  34, NEQ,    0,    0,    0,    0, 
EP, 15, 2026091400, 03,  UKX, 102, 152N, 1391W,  29, 1007, XX,  34, NEQ,    0,    0,    0,    0, 
EP, 15, 2026091400, 03,  UKX, 108, 153N, 1405W,  30, 1005, XX,  34, NEQ,    0,    0,    0,    0, 
EP, 15, 2026091400, 03,  UKX, 114, 154N, 1418W,  30, 1007, XX,  34, NEQ,    0,    0,    0,    0, 
EP, 15, 2026091400, 03,  UKX, 120, 153N, 1431W,  30, 1005, XX,  34, NEQ,    0,    0,    0,    0, 
EP, 15, 2026091400, 03,  UKX, 126, 152N, 1444W,  29, 1007, XX,  34, NEQ,    0,    0,    0,    0, 
EP, 15, 2026091400, 03,  UKX, 132, 151N, 1455W,  29, 1006, XX,  34, NEQ,    0,    0,    0,    0, 
EP, 15, 2026091400, 03,  UKX, 138, 150N, 1464W,  29, 1008, XX,  34, NEQ,    0,    0,    0,    0, 
EP, 15, 2026091400, 03,  UKX, 144, 149N, 1475W,  28, 1006, XX,  34, NEQ,    0,    0,    0,    0, 
EP, 15, 2026091400, 03, AVNO,   0, 172N, 1174W,  26, 1004, XX,  34, NEQ,    0,    0,    0,    0,  -99,  -99,  51,   0,   0, 
EP, 15, 2026091400, 03, AVNO,   6, 165N, 1182W,  24, 1007, XX,  34, NEQ,    0,    0,    0,    0,  -99,  -99, 106,   0,   0, 
EP, 15, 2026091400, 03, AVNO,  12, 161N, 1186W,  25, 1004, XX,  34, NEQ,    0,    0,    0,    0, 1008,  189, 121,   0,   0, 
EP, 15, 2026091400, 03, AVNO,  18, 161N, 1191W,  26, 1006, XX,  34, NEQ,    0,    0,    0,    0, 1010,  177, 124,   0,   0, 
EP, 15, 2026091400, 03, AVNO,  24, 161N, 1202W,  25, 1003, XX,  34, NEQ,    0,    0,    0,    0, 1007,  325,  83,   0,   0, 
EP, 15, 2026091400, 03, AVNO,  30, 159N, 1212W,  26, 1006, XX,  34, NEQ,    0,    0,    0,    0, 1010,  179, 140,   0,   0, 
EP, 15, 2026091400, 03, AVNO,  36, 157N, 1219W,  24, 1004, XX,  34, NEQ,    0,    0,    0,    0, 1008,  219, 151,   0,   0, 
EP, 15, 2026091400, 03, AVNO,  42, 156N, 1227W,  22, 1006, XX,  34, NEQ,    0,    0,    0,    0, 1010,  216, 158,   0,   0, 
EP, 15, 2026091400, 03, AVNO,  48, 154N, 1235W,  26, 1003, XX,  34, NEQ,    0,    0,    0,    0, 1007,  268, 154,   0,   0, 
EP, 15, 2026091400, 03, AVNO,  54, 152N, 1244W,  21, 1006, XX,  34, NEQ,    0,    0,    0,    0, 1010,  199, 161,   0,   0, 
EP, 15, 2026091400, 03, AVNO,  60, 151N, 1250W,  21, 1003, XX,  34, NEQ,    0,    0,    0,    0, 1007,  238, 160,   0,   0, 
EP, 15, 2026091400, 03, AVNO,  66, 152N, 1256W,  21, 1006, XX,  34, NEQ,    0,    0,    0,    0, 1010,  252, 158,   0,   0, 
EP, 15, 2026091400, 03, AVNO,  72, 151N, 1263W,  21, 1004, XX,  34, NEQ,    0,    0,    0,    0, 1008,  366, 130,   0,   0, 
EP, 15, 2026091400, 03, AVNO,  78, 152N, 1273W,  23, 1007, XX,  34, NEQ,    0,    0,    0,    0, 1011,  380,  81,   0,   0, 
EP, 15, 2026091400, 03, AVNO,  84, 154N, 1283W,  22, 1005, XX,  34, NEQ,    0,    0,    0,    0, 1009,  535, 101,   0,   0, 
EP, 15, 2026091400, 03, AVNO,  90, 155N, 1295W,  21, 1008, XX,  34, NEQ,    0,    0,    0,    0,  -99,  -99, 161,   0,   0, 
EP, 15, 2026091400, 03, AVNO,  96, 156N, 1306W,  21, 1006, XX,  34, NEQ,    0,    0,    0,    0,  -99,  -99, 137,   0,   0, 
EP, 15, 2026091400, 03, AVNO, 102, 156N, 1317W,  21, 1009, XX,  34, NEQ,    0,    0,    0,    0,  -99,  -99, 152,   0,   0, 
EP, 15, 2026091400, 03, AVNO, 108, 155N, 1325W,  20, 1007, XX,  34, NEQ,    0,    0,    0,    0,  -99,  -99, 147,   0,   0, 
EP, 15, 2026091400, 03, AVNO, 114, 155N, 1333W,  21, 1010, XX,  34, NEQ,    0,    0,    0,    0,  -99,  -99, 122,   0,   0, 
EP, 15, 2026091400, 03, AVNO, 120, 154N, 1341W,  20, 1007, XX,  34, NEQ,    0,    0,    0,    0,  -99,  -99, 142,   0,   0, 
EP, 15, 2026091400, 03, AVNO, 126, 152N, 1350W,  21, 1009, XX,  34, NEQ,    0,    0,    0,    0,  -99,  -99, 139,   0,   0, 
EP, 15, 2026091400, 03, AVNO, 132, 149N, 1360W,  21, 1007, XX,  34, NEQ,    0,    0,    0,    0,  -99,  -99, 158,   0,   0, 
EP, 15, 2026091400, 03, AVNO, 138, 146N, 1369W,  21, 1009, XX,  34, NEQ,    0,    0,    0,    0,  -99,  -99, 109,   0,   0, 
EP, 15, 2026091400, 03, AVNO, 144, 144N, 1379W,  20, 1007, XX,  34, NEQ,    0,    0,    0,    0,  -99,  -99, 112,   0,   0, 
EP, 15, 2026091400, 03, AVNO, 150, 139N, 1390W,  21, 1009, XX,  34, NEQ,    0,    0,    0,    0,  -99,  -99, 146,   0,   0, 
EP, 15, 2026091400, 03, AVNO, 156, 136N, 1398W,  20, 1006, XX,  34, NEQ,    0,    0,    0,    0,  -99,  -99, 136,   0,   0, 
EP, 15, 2026091400, 03, AVNO, 162, 134N, 1405W,  20, 1009, XX,  34, NEQ,    0,    0,    0,    0,  -99,  -99, 126,   0,   0, 
EP, 15, 2026091400, 03, AVNO, 168, 132N, 1408W,  17, 1006, XX,  34, NEQ,    0,    0,    0,    0,  -99,  -99, 124,   0,   0, 
EP, 15, 2026091400, 03, AVNO, 174, 133N, 1417W,  18, 1009, XX,  34, NEQ,    0,    0,    0,    0,  -99,  -99, 141,   0,   0, 
EP, 15, 2026091400, 03, AVNO, 180, 133N, 1423W,  17, 1007, XX,  34, NEQ,    0,    0,    0,    0, 1011,  459, 159,   0,   0, 
EP, 15, 2026091400, 03, AVNO, 186, 139N, 1430W,  19, 1009, XX,  34, NEQ,    0,    0,    0,    0,  -99,  -99, 161,   0,   0, 
EP, 15, 2026091400, 03, AVNO, 192, 139N, 1446W,  19, 1006, XX,  34, NEQ,    0,    0,    0,    0, 1010,  637, 157,   0,   0, 
EP, 15, 2026091400, 03, AVNO, 198, 144N, 1455W,  21, 1009, XX,  34, NEQ,    0,    0,    0,    0,  -99,  -99, 158,   0,   0, 
EP, 15, 2026091400, 03, AVNO, 204, 152N, 1463W,  22, 1007, XX,  34, NEQ,    0,    0,    0,    0,  -99,  -99, 141,   0,   0, 
EP, 15, 2026091400, 03, AVNO, 210, 160N, 1476W,  24, 1009, XX,  34, NEQ,    0,    0,    0,    0,  -99,  -99, 150,   0,   0, 
EP, 15, 2026091400, 03, AVNO, 216, 168N, 1488W,  23, 1006, XX,  34, NEQ,    0,    0,    0,    0,  -99,  -99, 146,   0,   0, 
EP, 15, 2026091400, 03, AVNO, 222, 176N, 1501W,  23, 1008, XX,  34, NEQ,    0,    0,    0,    0,  -99,  -99,  84,   0,   0, 
EP, 15, 2026091400, 03, AVNO, 228, 180N, 1510W,  26, 1006, XX,  34, NEQ,    0,    0,    0,    0,  -99,  -99,  87,   0,   0, 
EP, 15, 2026091400, 03, AVNO, 234, 184N, 1517W,  31, 1006, XX,  34, NEQ,    0,    0,    0,    0, 1010,  237,  47,   0,   0, 
EP, 15, 2026091400, 03, AVNO, 240, 186N, 1521W,  31, 1004, XX,  34, NEQ,    0,    0,    0,    0, 1008,  263,  70,   0,   0, 
EP, 15, 2026091400, 03, HCCA,   0, 171N, 1179W,  30,    0,   ,   0,    ,    0,    0,    0,    0, 
EP, 15, 2026091400, 03, HCCA,  12, 167N, 1196W,  34,    0,   ,   0,    ,    0,    0,    0,    0, 
EP, 15, 2026091400, 03, HCCA,  24, 163N, 1216W,  37,    0,   ,   0,    ,    0,    0,    0,    0, 
EP, 15, 2026091400, 03, HCCA,  36, 160N, 1238W,  39,    0,   ,   0,    ,    0,    0,    0,    0, 
EP, 15, 2026091400, 03, HCCA,  48, 156N, 1261W,  35,    0,   ,   0,    ,    0,    0,    0,    0, 
EP, 15, 2026091400, 03, HCCA,  60, 150N, 1284W,  32,    0,   ,   0,    ,    0,    0,    0,    0, 
EP, 15, 2026091400, 03, HCCA,  72, 145N, 1309W,  33,    0,   ,   0,    ,    0,    0,    0,    0, 
EP, 15, 2026091400, 03, HCCA,  84, 145N, 1334W,  35,    0,   ,   0,    ,    0,    0,    0,    0, 
EP, 15, 2026091400, 03, HCCA,  96, 148N, 1353W,  34,    0,   ,   0,    ,    0,    0,    0,    0, 
EP, 15, 2026091400, 03, HCCA, 108, 152N, 1372W,  29,    0,   ,   0,    ,    0,    0,    0,    0, 
EP, 15, 2026091400, 03, HCCA, 120, 155N, 1391W,  30,    0,   ,   0,    ,    0,    0,    0,    0, 
EP, 15, 2026091400, 03, HCCA, 132, 155N, 1408W,   0,    0,   ,   0,    ,    0,    0,    0,    0, 
EP, 15, 2026091400, 03, HCCA, 144, 152N, 1427W,   0,    0,   ,   0,    ,    0,    0,    0,    0, 
EP, 15, 2026091400, 03, HCCA, 156, 147N, 1448W,   0,    0,   ,   0,    ,    0,    0,    0,    0, 
EP, 15, 2026091400, 03, HCCA, 168, 141N, 1470W,   0,    0,   ,   0,    ,    0,    0,    0,    0, 
EP, 15, 2026091400, 03, HFSA,   0, 171N, 1180W,  29, 1003, XX,  34, NEQ,    0,    0,    0,    0,  -99,  -99,  26,   0,   0,    ,   0,    , 249,   7,           ,  ,  0,    ,    0,    0,    0,    0, THERMO PARAMS, -3, 44, 127, N, 10, DT, -999, SHR82, -99, 
EP, 15, 2026091400, 03, HFSA,   6, 165N, 1186W,  26, 1008, XX,  34, NEQ,    0,    0,    0,    0,  -99,  -99,  27,   0,   0,    ,   0,    , 236,   8,           ,  ,  0,    ,    0,    0,    0,    0, THERMO PARAMS, 28, 31, 220, N, 10, DT, -999, SHR82, -99, 
EP, 15, 2026091400, 03, HFSA,  12, 161N, 1189W,  28, 1005, XX,  34, NEQ,    0,    0,    0,    0,  -99,  -99, 161,   0,   0,    ,   0,    , 230,   5,           ,  ,  0,    ,    0,    0,    0,    0, THERMO PARAMS, 32, 54, 252, N, 10, DT, -999, SHR82, -99, 
EP, 15, 2026091400, 03, HFSA,  18, 158N, 1194W,  29, 1007, XX,  34, NEQ,    0,    0,    0,    0,  -99,  -99, 118,   0,   0,    ,   0,    , 249,   7,           ,  ,  0,    ,    0,    0,    0,    0, THERMO PARAMS, -9999, -9999, -9999, N, 10, DT, -999, SHR82, -99, 
EP, 15, 2026091400, 03, HFSA,  24, 151N, 1205W,  28, 1000, XX,  34, NEQ,    0,    0,    0,    0,  -99,  -99, 137,   0,   0,    ,   0,    , 229,   8,           ,  ,  0,    ,    0,    0,    0,    0, THERMO PARAMS, -9999, -9999, -9999, N, 10, DT, -999, SHR82, -99, 
EP, 15, 2026091400, 03, HFSA,  30, 154N, 1212W,  31, 1006, XX,  34, NEQ,    0,    0,    0,    0,  -99,  -99, 145,   0,   0,    ,   0,    , 286,   7,           ,  ,  0,    ,    0,    0,    0,    0, THERMO PARAMS, -9999, -9999, -9999, N, 10, DT, -999, SHR82, -99, 
EP, 15, 2026091400, 03, HFSA,  36, 157N, 1222W,  30, 1004, XX,  34, NEQ,    0,    0,    0,    0,  -99,  -99, 162,   0,   0,    ,   0,    , 273,   9,           ,  ,  0,    ,    0,    0,    0,    0, THERMO PARAMS, -9999, -9999, -9999, N, 10, DT, -999, SHR82, -99, 
EP, 15, 2026091400, 03, HFSA,  42, 159N, 1233W,  28, 1007, XX,  34, NEQ,    0,    0,    0,    0,  -99,  -99, 134,   0,   0,    ,   0,    , 277,  11,           ,  ,  0,    ,    0,    0,    0,    0, THERMO PARAMS, -9999, -9999, -9999, N, 10, DT, -999, SHR82, -99, 
EP, 15, 2026091400, 03, HFSA,  48, 159N, 1246W,  29, 1004, XX,  34, NEQ,    0,    0,    0,    0,  -99,  -99, 151,   0,   0,    ,   0,    , 273,  10,           ,  ,  0,    ,    0,    0,    0,    0, THERMO PARAMS, -27, -189, 219, N, 10, DT, -999, SHR82, -99, 
EP, 15, 2026091400, 03, HFSA,  54, 157N, 1257W,  28, 1006, XX,  34, NEQ,    0,    0,    0,    0,  -99,  -99, 148,   0,   0,    ,   0,    , 258,  11,           ,  ,  0,    ,    0,    0,    0,    0, THERMO PARAMS, 2, -82, -155, N, 10, DT, -999, SHR82, -99, 
EP, 15, 2026091400, 03, HFSA,  60, 154N, 1268W,  31, 1004, XX,  34, NEQ,    0,    0,    0,    0,  -99,  -99, 117,   0,   0,    ,   0,    , 259,  10,           ,  ,  0,    ,    0,    0,    0,    0, THERMO PARAMS, 4, -40, 303, N, 10, DT, -999, SHR82, -99, 
EP, 15, 2026091400, 03, HFSA,  66, 156N, 1279W,  28, 1007, XX,  34, NEQ,    0,    0,    0,    0,  -99,  -99,  91,   0,   0,    ,   0,    , 283,  12,           ,  ,  0,    ,    0,    0,    0,    0, THERMO PARAMS, -38, 173, 193, N, 10, DT, -999, SHR82, -99, 
EP, 15, 2026091400, 03, HFSA,  72, 157N, 1295W,  31, 1004, XX,  34, NEQ,    0,    0,    0,    0,  -99,  -99,  97,   0,   0,    ,   0,    , 275,  13,           ,  ,  0,    ,    0,    0,    0,    0, THERMO PARAMS, -46, 312, 120, N, 10, DT, -999, SHR82, -99, 
EP, 15, 2026091400, 03, HFSA,  78, 157N, 1312W,  29, 1006, XX,  34, NEQ,    0,    0,    0,    0,  -99,  -99, 150,   0,   0,    ,   0,    , 274,  16,           ,  ,  0,    ,    0,    0,    0,    0, THERMO PARAMS, -21, 347, 239, N, 10, DT, -999, SHR82, -99, 
EP, 15, 2026091400, 03, HFSA,  84, 157N, 1328W,  31, 1004, XX,  34, NEQ,    0,    0,    0,    0,  -99,  -99, 157,   0,   0,    ,   0,    , 277,  12,           ,  ,  0,    ,    0,    0,    0,    0, THERMO PARAMS, -5, -110, 249, N, 10, DT, -999, SHR82, -99, 
EP, 15, 2026091400, 03, HFSA,  90, 159N, 1339W,  27, 1008, XX,  34, NEQ,    0,    0,    0,    0,  -99,  -99, 150,   0,   0,    ,   0,    , 277,  12,           ,  ,  0,    ,    0,    0,    0,    0, THERMO PARAMS, -40, 239, 183, N, 10, DT, -999, SHR82, -99, 
EP, 15, 2026091400, 03, HFSA,  96, 163N, 1352W,  28, 1006, XX,  34, NEQ,    0,    0,    0,    0,  -99,  -99, 157,   0,   0,    ,   0,    , 275,  13,           ,  ,  0,    ,    0,    0,    0,    0, THERMO PARAMS, -40, 290, 166, N, 10, DT, -999, SHR82, -99, 
EP, 15, 2026091400, 03, HFSA, 102, 163N, 1365W,  30, 1009, XX,  34, NEQ,    0,    0,    0,    0,  -99,  -99, 144,   0,   0,    ,   0,    , 280,  12,           ,  ,  0,    ,    0,    0,    0,    0, THERMO PARAMS, -34, 102, 181, N, 10, DT, -999, SHR82, -99, 
EP, 15, 2026091400, 03, HFSA, 108, 166N, 1382W,  28, 1008, XX,  34, NEQ,    0,    0,    0,    0,  -99,  -99, 136,   0,   0,    ,   0,    , 277,  14,           ,  ,  0,    ,    0,    0,    0,    0, THERMO PARAMS, -43, -9999, -9999, N, 10, DT, -999, SHR82, -99, 
EP, 15, 2026091400, 03, HFSA, 114, 171N, 1398W,  30, 1010, XX,  34, NEQ,    0,    0,    0,    0,  -99,  -99,  54,   0,   0,    ,   0,    , 281,  12,           ,  ,  0,    ,    0,    0,    0,    0, THERMO PARAMS, -52, 264, 261, N, 10, DT, -999, SHR82, -99, 
EP, 15, 2026091400, 03, HFSA, 120, 170N, 1414W,  26, 1008, XX,  34, NEQ,    0,    0,    0,    0,  -99,  -99,  67,   0,   0,    ,   0,    , 272,  12,           ,  ,  0,    ,    0,    0,    0,    0, THERMO PARAMS, -42, 295, 151, N, 10, DT, -999, SHR82, -99, 
EP, 15, 2026091400, 03, HFSA, 126, 170N, 1430W,  31, 1010, XX,  34, NEQ,    0,    0,    0,    0,  -99,  -99,  64,   0,   0,    ,   0,    , -99, -99,           ,  ,  0,    ,    0,    0,    0,    0, THERMO PARAMS, -62, 306, 48, N, 10, DT, -999, SHR82, -99, 
EP, 15, 2026091400, 03, TVCN,   0, 171N, 1179W,   0,    0,   ,   0,    ,    0,    0,    0,    0, 
EP, 15, 2026091400, 03, TVCN,  12, 166N, 1193W,   0,    0,   ,   0,    ,    0,    0,    0,    0, 
EP, 15, 2026091400, 03, TVCN,  24, 163N, 1209W,   0,    0,   ,   0,    ,    0,    0,    0,    0, 
EP, 15, 2026091400, 03, TVCN,  36, 162N, 1226W,   0,    0,   ,   0,    ,    0,    0,    0,    0, 
EP, 15, 2026091400, 03, TVCN,  48, 163N, 1245W,   0,    0,   ,   0,    ,    0,    0,    0,    0, 
EP, 15, 2026091400, 03, TVCN,  60, 164N, 1265W,   0,    0,   ,   0,    ,    0,    0,    0,    0, 
EP, 15, 2026091400, 03, TVCN,  72, 166N, 1285W,   0,    0,   ,   0,    ,    0,    0,    0,    0, 
EP, 15, 2026091400, 03, TVCN,  84, 170N, 1307W,   0,    0,   ,   0,    ,    0,    0,    0,    0, 
EP, 15, 2026091400, 03, TVCN,  96, 173N, 1328W,   0,    0,   ,   0,    ,    0,    0,    0,    0, 
EP, 15, 2026091400, 03, TVCN, 108, 182N, 1341W,   0,    0,   ,   0,    ,    0,    0,    0,    0, 
EP, 15, 2026091400, 03, TVCN, 120, 183N, 1360W,   0,    0,   ,   0,    ,    0,    0,    0,    0, 
EP, 15, 2026091400, 03, TVCN, 132, 193N, 1374W,   0,    0,   ,   0,    ,    0,    0,    0,    0, 
EP, 15, 2026091406, 03, AVNO,   0, 168N, 1184W,  25, 1007, XX,  34, NEQ,    0,    0,    0,    0, 1011,  139,  77,   0,   0, 
EP, 15, 2026091406, 03, AVNO,   6, 164N, 1189W,  25, 1004, XX,  34, NEQ,    0,    0,    0,    0, 1008,  137, 115,   0,   0, 
EP, 15, 2026091406, 03, AVNO,  12, 164N, 1194W,  26, 1006, XX,  34, NEQ,    0,    0,    0,    0, 1010,  138,  73,   0,   0, 
EP, 15, 2026091406, 03, AVNO,  18, 163N, 1204W,  25, 1003, XX,  34, NEQ,    0,    0,    0,    0, 1007,  167,  54,   0,   0, 
EP, 15, 2026091406, 03, AVNO,  24, 160N, 1214W,  25, 1005, XX,  34, NEQ,    0,    0,    0,    0, 1009,  134, 162,   0,   0, 
EP, 15, 2026091406, 03, AVNO,  30, 157N, 1221W,  23, 1003, XX,  34, NEQ,    0,    0,    0,    0, 1007,  191, 146,   0,   0, 
EP, 15, 2026091406, 03, AVNO,  36, 157N, 1226W,  24, 1006, XX,  34, NEQ,    0,    0,    0,    0, 1010,  182, 119,   0,   0, 
EP, 15, 2026091406, 03, AVNO,  42, 158N, 1233W,  26, 1003, XX,  34, NEQ,    0,    0,    0,    0, 1007,  227, 158,   0,   0, 
EP, 15, 2026091406, 03, AVNO,  48, 158N, 1241W,  23, 1005, XX,  34, NEQ,    0,    0,    0,    0, 1009,  204, 159,   0,   0, 
EP, 15, 2026091406, 03, AVNO,  54, 158N, 1248W,  22, 1004, XX,  34, NEQ,    0,    0,    0,    0, 1008,  300, 128,   0,   0, 
EP, 15, 2026091406, 03, AVNO,  60, 160N, 1256W,  22, 1006, XX,  34, NEQ,    0,    0,    0,    0, 1010,  258, 161,   0,   0, 
EP, 15, 2026091406, 03, AVNO,  66, 160N, 1264W,  21, 1004, XX,  34, NEQ,    0,    0,    0,    0, 1008,  415,  97,   0,   0, 
EP, 15, 2026091406, 03, AVNO,  72, 160N, 1275W,  21, 1007, XX,  34, NEQ,    0,    0,    0,    0,  -99,  -99, 118,   0,   0, 
EP, 15, 2026091406, 03, AVNO,  78, 160N, 1286W,  21, 1005, XX,  34, NEQ,    0,    0,    0,    0, 1009, 1139,  82,   0,   0, 
EP, 15, 2026091406, 03, AVNO,  84, 162N, 1296W,  20, 1008, XX,  34, NEQ,    0,    0,    0,    0,  -99,  -99, 113,   0,   0, 
EP, 15, 2026091406, 03, AVNO,  90, 163N, 1306W,  20, 1006, XX,  34, NEQ,    0,    0,    0,    0,  -99,  -99,  98,   0,   0, 
EP, 15, 2026091406, 03, AVNO,  96, 164N, 1317W,  20, 1010, XX,  34, NEQ,    0,    0,    0,    0,  -99,  -99, 148,   0,   0, 
EP, 15, 2026091406, 03, AVNO, 102, 168N, 1327W,  19, 1008, XX,  34, NEQ,    0,    0,    0,    0,  -99,  -99, 160,   0,   0, 
EP, 15, 2026091406, 03, AVNO, 108, 169N, 1338W,  19, 1011, XX,  34, NEQ,    0,    0,    0,    0,  -99,  -99, 134,   0,   0, 
EP, 15, 2026091406, 03, AVNO, 114, 169N, 1349W,  20, 1008, XX,  34, NEQ,    0,    0,    0,    0,  -99,  -99, 156,   0,   0, 
EP, 15, 2026091406, 03, AVNO, 120, 164N, 1362W,  21, 1011, XX,  34, NEQ,    0,    0,    0,    0,  -99,  -99, 151,   0,   0, 
EP, 15, 2026091406, 03, AVNO, 126, 162N, 1372W,  20, 1009, XX,  34, NEQ,    0,    0,    0,    0,  -99,  -99, 154,   0,   0, 
EP, 15, 2026091406, 03, AVNO, 132, 161N, 1387W,  20, 1011, XX,  34, NEQ,    0,    0,    0,    0,  -99,  -99, 156,   0,   0, 
EP, 15, 2026091406, 03, AVNO, 138, 159N, 1399W,  19, 1008, XX,  34, NEQ,    0,    0,    0,    0,  -99,  -99, 149,   0,   0, 
EP, 15, 2026091406, 03, AVNO, 144, 159N, 1414W,  21, 1011, XX,  34, NEQ,    0,    0,    0,    0,  -99,  -99, 153,   0,   0, 
EP, 15, 2026091406, 03, AVNO, 150, 166N, 1433W,  21, 1010, XX,  34, NEQ,    0,    0,    0,    0,  -99,  -99,  72,   0,   0, 
EP, 15, 2026091406, 03, AVNO, 156, 153N, 1441W,  20, 1011, XX,  34, NEQ,    0,    0,    0,    0,  -99,  -99, 151,   0,   0, 
EP, 15, 2026091406, 03, AVNO, 162, 139N, 1449W,  21, 1009, XX,  34, NEQ,    0,    0,    0,    0,  -99,  -99, 131,   0,   0, 
EP, 15, 2026091406, 03, AVNO, 168, 135N, 1464W,  20, 1011, XX,  34, NEQ,    0,    0,    0,    0,  -99,  -99, 110,   0,   0, 
EP, 15, 2026091406, 03, AVNO, 174, 130N, 1477W,  18, 1009, XX,  34, NEQ,    0,    0,    0,    0,  -99,  -99, 119,   0,   0, 
EP, 15, 2026091406, 03, AVNO, 180, 126N, 1494W,  17, 1011, XX,  34, NEQ,    0,    0,    0,    0,  -99,  -99, 157,   0,   0, 
EP, 15, 2026091406, 03, AVNO, 186, 117N, 1508W,  16, 1009, XX,  34, NEQ,    0,    0,    0,    0,  -99,  -99, 160,   0,   0, 
EP, 15, 2026091406, 03, AVNO, 192, 107N, 1519W,  14, 1011, XX,  34, NEQ,    0,    0,    0,    0,  -99,  -99, 156,   0,   0, 
EP, 15, 2026091406, 03, AVNO, 198,  94N, 1519W,  10, 1009, XX,  34, NEQ,    0,    0,    0,    0,  -99,  -99, 159,   0,   0, 
EP, 15, 2026091406, 03, AVNO, 204,  95N, 1521W,  11, 1012, XX,  34, NEQ,    0,    0,    0,    0,  -99,  -99, 150,   0,   0, 
EP, 15, 2026091406, 03, AVNO, 210,  98N, 1521W,  13, 1009, XX,  34, NEQ,    0,    0,    0,    0,  -99,  -99, 155,   0,   0, 
EP, 15, 2026091406, 03, AVNO, 216, 103N, 1521W,  12, 1010, XX,  34, NEQ,    0,    0,    0,    0,  -99,  -99, 157,   0,   0, 
EP, 15, 2026091406, 03, AVNO, 222, 117N, 1509W,  12, 1008, XX,  34, NEQ,    0,    0,    0,    0,  -99,  -99, 161,   0,   0, 
EP, 15, 2026091406, 03, AVNO, 228, 140N, 1510W,  20, 1010, XX,  34, NEQ,    0,    0,    0,    0,  -99,  -99, 107,   0,   0, 
EP, 15, 2026091406, 03, AVNO, 234, 166N, 1500W,  31, 1004, XX,  34, NEQ,    0,    0,    0,    0, 1008,  357,  30,   0,   0, 
EP, 15, 2026091406, 03, AVNO, 240, 165N, 1502W,  27, 1005, XX,  34, NEQ,    0,    0,    0,    0, 1009,   63,  56,   0,   0, 
EP, 15, 2026091406, 03, HCCA,   0, 166N, 1185W,  30,    0,   ,   0,    ,    0,    0,    0,    0, 
EP, 15, 2026091406, 03, HCCA,  12, 163N, 1201W,  33,    0,   ,   0,    ,    0,    0,    0,    0, 
EP, 15, 2026091406, 03, HCCA,  24, 161N, 1222W,  35,    0,   ,   0,    ,    0,    0,    0,    0, 
EP, 15, 2026091406, 03, HCCA,  36, 158N, 1245W,  35,    0,   ,   0,    ,    0,    0,    0,    0, 
EP, 15, 2026091406, 03, HCCA,  48, 152N, 1269W,  29,    0,   ,   0,    ,    0,    0,    0,    0, 
EP, 15, 2026091406, 03, HCCA,  60, 146N, 1295W,  27,    0,   ,   0,    ,    0,    0,    0,    0, 
EP, 15, 2026091406, 03, HCCA,  72, 145N, 1321W,  28,    0,   ,   0,    ,    0,    0,    0,    0, 
EP, 15, 2026091406, 03, HCCA,  84, 144N, 1347W,  28,    0,   ,   0,    ,    0,    0,    0,    0, 
EP, 15, 2026091406, 03, HCCA,  96, 146N, 1371W,  28,    0,   ,   0,    ,    0,    0,    0,    0, 
EP, 15, 2026091406, 03, HCCA, 108, 149N, 1394W,  25,    0,   ,   0,    ,    0,    0,    0,    0, 
EP, 15, 2026091406, 03, HCCA, 120, 150N, 1416W,  25,    0,   ,   0,    ,    0,    0,    0,    0, 
EP, 15, 2026091406, 03, HCCA, 132, 150N, 1431W,   0,    0,   ,   0,    ,    0,    0,    0,    0, 
EP, 15, 2026091406, 03, HCCA, 144, 146N, 1447W,   0,    0,   ,   0,    ,    0,    0,    0,    0, 
EP, 15, 2026091406, 03, HCCA, 156, 142N, 1462W,   0,    0,   ,   0,    ,    0,    0,    0,    0, 
EP, 15, 2026091406, 03, HCCA, 168, 143N, 1474W,   0,    0,   ,   0,    ,    0,    0,    0,    0, 
EP, 15, 2026091406, 03, HFSA,   0, 167N, 1185W,  29, 1007, XX,  34, NEQ,    0,    0,    0,    0, 1011,  140,  33,   0,   0,    ,   0,    , 249,   7,           ,  ,  0,    ,    0,    0,    0,    0, THERMO PARAMS, 8, 31, 131, N, 10, DT, -999, SHR82, -99, 
EP, 15, 2026091406, 03, HFSA,   6, 164N, 1192W,  32, 1004, XX,  34, NEQ,    0,    0,    0,    0,  -99,  -99, 125,   0,   0,    ,   0,    , 250,   7,           ,  ,  0,    ,    0,    0,    0,    0, THERMO PARAMS, 21, -349, 327, N, 10, DT, -999, SHR82, -99, 
EP, 15, 2026091406, 03, HFSA,  12, 159N, 1199W,  35, 1005, XX,  34, NEQ,    0,    0,    0,    0,  -99,  -99, 117,   0,   0,    ,   0,    , 245,  10,           ,  ,  0,    ,    0,    0,    0,    0, THERMO PARAMS, 37, 273, 139, N, 10, DT, -999, SHR82, -99, 
EP, 15, 2026091406, 03, HFSA,  18, 153N, 1206W,  29, 1001, XX,  34, NEQ,    0,    0,    0,    0, 1005,   90,  82,   0,   0,    ,   0,    , 231,   6,           ,  ,  0,    ,    0,    0,    0,    0, THERMO PARAMS, 76, 159, 344, N, 10, DT, -999, SHR82, -99, 
EP, 15, 2026091406, 03, HFSA,  24, 152N, 1211W,  33, 1004, XX,  34, NEQ,    0,    0,    0,    0,  -99,  -99,  73,   0,   0,    ,   0,    , 263,   7,           ,  ,  0,    ,    0,    0,    0,    0, THERMO PARAMS, 50, 86, 377, N, 10, DT, -999, SHR82, -99, 
EP, 15, 2026091406, 03, HFSA,  30, 150N, 1222W,  31, 1002, XX,  34, NEQ,    0,    0,    0,    0,  -99,  -99,  62,   0,   0,    ,   0,    , 251,   9,           ,  ,  0,    ,    0,    0,    0,    0, THERMO PARAMS, 61, 143, 464, N, 10, DT, -999, SHR82, -99, 
EP, 15, 2026091406, 03, HFSA,  36, 149N, 1234W,  31, 1004, XX,  34, NEQ,    0,    0,    0,    0,  -99,  -99, 157,   0,   0,    ,   0,    , 262,  10,           ,  ,  0,    ,    0,    0,    0,    0, THERMO PARAMS, 15, 286, 493, N, 10, DT, -999, SHR82, -99, 
EP, 15, 2026091406, 03, HFSA,  42, 148N, 1244W,  35, 1001, XX,  34, NEQ,    0,    0,    0,    0,  -99,  -99,  97,   0,   0,    ,   0,    , 259,   8,           ,  ,  0,    ,    0,    0,    0,    0, THERMO PARAMS, 29, 144, 427, N, 10, DT, -999, SHR82, -99, 
EP, 15, 2026091406, 03, HFSA,  48, 145N, 1253W,  34, 1004, XX,  34, NEQ,    0,    0,    0,    0,  -99,  -99, 111,   0,   0,    ,   0,    , 260,   9,           ,  ,  0,    ,    0,    0,    0,    0, THERMO PARAMS, -3, 157, 158, N, 10, DT, -999, SHR82, -99, 
EP, 15, 2026091406, 03, HFSA,  54, 143N, 1262W,  31, 1002, XX,  34, NEQ,    0,    0,    0,    0,  -99,  -99, 121,   0,   0,    ,   0,    , 261,   7,           ,  ,  0,    ,    0,    0,    0,    0, THERMO PARAMS, -9999, -9999, -9999, N, 10, DT, -999, SHR82, -99, 
EP, 15, 2026091406, 03, HFSA,  60, 143N, 1270W,  31, 1004, XX,  34, NEQ,    0,    0,    0,    0,  -99,  -99,  90,   0,   0,    ,   0,    , 277,  10,           ,  ,  0,    ,    0,    0,    0,    0, THERMO PARAMS, -9999, -9999, -9999, N, 10, DT, -999, SHR82, -99, 
EP, 15, 2026091406, 03, HFSA,  66, 140N, 1278W,  33, 1001, XX,  34, NEQ,    0,    0,    0,    0,  -99,  -99, 149,   0,   0,    ,   0,    , 275,   8,           ,  ,  0,    ,    0,    0,    0,    0, THERMO PARAMS, 16, 84, 266, N, 10, DT, -999, SHR82, -99, 
EP, 15, 2026091406, 03, HFSA,  72, 146N, 1284W,  38, 1003, XX,  34, NEQ,    0,    0,    0,    0,  -99,  -99,  70,   0,   0,    ,   0,    , 309,  10,           ,  ,  0,    ,    0,    0,    0,    0, THERMO PARAMS, -87, 250, 445, N, 10, DT, -999, SHR82, -99, 
EP, 15, 2026091406, 03, HFSA,  78, 152N, 1291W,  48,  997, XX,  34, NEQ,   39,    0,    0,    0, 1001,    4,  49,   0,   0,    ,   0,    , 303,  10,           ,  ,  0,    ,    0,    0,    0,    0, THERMO PARAMS, -94, 593, 409, N, 10, DT, -999, SHR82, -99, 
EP, 15, 2026091406, 03, HFSA,  84, 160N, 1300W,  45,  999, XX,  34, NEQ,   58,    0,    0,   34, 1003,   13,  30,   0,   0,    ,   0,    , 297,  14,           ,  ,  0,    ,    0,    0,    0,    0, THERMO PARAMS, -122, -16, 566, N, 10, DT, -999, SHR82, -99, 
EP, 15, 2026091406, 03, HFSA,  90, 165N, 1313W,  46, 1000, XX,  34, NEQ,  100,    0,   18,   55,  -99,  -99,  90,   0,   0,    ,   0,    , 292,  12,           ,  ,  0,    ,    0,    0,    0,    0, THERMO PARAMS, -132, 120, 582, N, 10, DT, -999, SHR82, -99, 
EP, 15, 2026091406, 03, HFSA,  96, 170N, 1323W,  53,  994, XX,  34, NEQ,  110,   13,    0,   73, 1006,   57,  41,   0,   0,    ,   0,    , 289,  11,           ,  ,  0,    ,    0,    0,    0,    0, THERMO PARAMS, -131, 684, 658, N, 10, DT, -999, SHR82, -99, 
EP, 15, 2026091406, 03, HFSA,  96, 170N, 1323W,  53,  994, XX,  50, NEQ,   23,    0,    0,   40, 1006,   57,  41,   0,   0,    ,   0,    , 289,  11,           ,  ,  0,    ,    0,    0,    0,    0, THERMO PARAMS, -131, 684, 658, N, 10, DT, -999, SHR82, -99, 
EP, 15, 2026091406, 03, HFSA, 102, 170N, 1332W,  45,  994, XX,  34, NEQ,   76,   31,   49,   68,  998,   15,  57,   0,   0,    ,   0,    , 275,   6,           ,  ,  0,    ,    0,    0,    0,    0, THERMO PARAMS, -88, 818, 565, N, 10, DT, -999, SHR82, -99, 
EP, 15, 2026091406, 03, HFSA, 108, 170N, 1337W,  47,  995, XX,  34, NEQ,   50,   34,   42,   57,  999,   13,  15,   0,   0,    ,   0,    , 268,   4,           ,  ,  0,    ,    0,    0,    0,    0, THERMO PARAMS, -89, 913, 767, N, 10, DT, -999, SHR82, -99, 
EP, 15, 2026091406, 03, HFSA, 114, 172N, 1341W,  46,  991, XX,  34, NEQ,   62,   29,   34,   57,  999,   28,  24,   0,   0,    ,   0,    , 280,   3,           ,  ,  0,    ,    0,    0,    0,    0, THERMO PARAMS, -85, 928, 1048, N, 10, DT, -999, SHR82, -99, 
EP, 15, 2026091406, 03, HFSA, 120, 172N, 1343W,  48,  992, XX,  34, NEQ,   87,   36,   44,   62, 1000,   26,  28,   0,   0,    ,   0,    , 261,   3,           ,  ,  0,    ,    0,    0,    0,    0, THERMO PARAMS, -102, 892, 779, N, 10, DT, -999, SHR82, -99, 
EP, 15, 2026091406, 03, HFSA, 126, 173N, 1347W,  51,  990, XX,  34, NEQ,   39,   36,   31,   52, 1002,   45,  19,   0,   0,    ,   0,    , -99, -99,           ,  ,  0,    ,    0,    0,    0,    0, THERMO PARAMS, -85, 953, 972, N, 10, DT, -999, SHR82, -99, 
EP, 15, 2026091406, 03, HFSA, 126, 173N, 1347W,  51,  990, XX,  50, NEQ,    0,    0,    0,   19, 1002,   45,  19,   0,   0,    ,   0,    , -99, -99,           ,  ,  0,    ,    0,    0,    0,    0, THERMO PARAMS, -85, 953, 972, N, 10, DT, -999, SHR82, -99, 
EP, 15, 2026091406, 03, TVCN,   0, 166N, 1185W,   0,    0,   ,   0,    ,    0,    0,    0,    0, 
EP, 15, 2026091406, 03, TVCN,  12, 163N, 1199W,   0,    0,   ,   0,    ,    0,    0,    0,    0, 
EP, 15, 2026091406, 03, TVCN,  24, 161N, 1217W,   0,    0,   ,   0,    ,    0,    0,    0,    0, 
EP, 15, 2026091406, 03, TVCN,  36, 161N, 1237W,   0,    0,   ,   0,    ,    0,    0,    0,    0, 
EP, 15, 2026091406, 03, TVCN,  48, 160N, 1258W,   0,    0,   ,   0,    ,    0,    0,    0,    0, 
EP, 15, 2026091406, 03, TVCN,  60, 159N, 1282W,   0,    0,   ,   0,    ,    0,    0,    0,    0, 
EP, 15, 2026091406, 03, TVCN,  72, 158N, 1308W,   0,    0,   ,   0,    ,    0,    0,    0,    0, 
EP, 15, 2026091406, 03, TVCN,  84, 164N, 1332W,   0,    0,   ,   0,    ,    0,    0,    0,    0, 
EP, 15, 2026091406, 03, TVCN,  96, 166N, 1358W,   0,    0,   ,   0,    ,    0,    0,    0,    0, 
EP, 15, 2026091406, 03, TVCN, 108, 168N, 1384W,   0,    0,   ,   0,    ,    0,    0,    0,    0, 
EP, 15, 2026091406, 03, TVCN, 120, 171N, 1414W,   0,    0,   ,   0,    ,    0,    0,    0,    0, 
EP, 15, 2026091406, 03, TVCN, 132, 171N, 1439W,   0,    0,   ,   0,    ,    0,    0,    0,    0, 
EP, 15, 2026091412, 03,  UKX,   0, 161N, 1190W,  26, 1005, XX,  34, NEQ,    0,    0,    0,    0, 
EP, 15, 2026091412, 03,  UKX,   6, 160N, 1197W,  28, 1005, XX,  34, NEQ,    0,    0,    0,    0, 
EP, 15, 2026091412, 03,  UKX,  12, 160N, 1207W,  29, 1004, XX,  34, NEQ,    0,    0,    0,    0, 
EP, 15, 2026091412, 03,  UKX,  18, 161N, 1219W,  27, 1005, XX,  34, NEQ,    0,    0,    0,    0, 
EP, 15, 2026091412, 03,  UKX,  24, 159N, 1230W,  27, 1005, XX,  34, NEQ,    0,    0,    0,    0, 
EP, 15, 2026091412, 03,  UKX,  30, 158N, 1243W,  27, 1005, XX,  34, NEQ,    0,    0,    0,    0, 
EP, 15, 2026091412, 03,  UKX,  36, 155N, 1255W,  26, 1004, XX,  34, NEQ,    0,    0,    0,    0, 
EP, 15, 2026091412, 03,  UKX,  42, 153N, 1268W,  26, 1005, XX,  34, NEQ,    0,    0,    0,    0, 
EP, 15, 2026091412, 03,  UKX,  48, 151N, 1280W,  25, 1004, XX,  34, NEQ,    0,    0,    0,    0, 
EP, 15, 2026091412, 03,  UKX,  54, 150N, 1293W,  26, 1007, XX,  34, NEQ,    0,    0,    0,    0, 
EP, 15, 2026091412, 03,  UKX,  60, 149N, 1305W,  26, 1003, XX,  34, NEQ,    0,    0,    0,    0, 
EP, 15, 2026091412, 03,  UKX,  66, 151N, 1318W,  26, 1006, XX,  34, NEQ,    0,    0,    0,    0, 
EP, 15, 2026091412, 03,  UKX,  72, 154N, 1330W,  26, 1004, XX,  34, NEQ,    0,    0,    0,    0, 
EP, 15, 2026091412, 03,  UKX,  78, 157N, 1341W,  27, 1007, XX,  34, NEQ,    0,    0,    0,    0, 
EP, 15, 2026091412, 03,  UKX,  84, 159N, 1353W,  28, 1005, XX,  34, NEQ,    0,    0,    0,    0, 
EP, 15, 2026091412, 03,  UKX,  90, 160N, 1367W,  28, 1008, XX,  34, NEQ,    0,    0,    0,    0, 
EP, 15, 2026091412, 03,  UKX,  96, 163N, 1381W,  28, 1006, XX,  34, NEQ,    0,    0,    0,    0, 
EP, 15, 2026091412, 03,  UKX, 102, 164N, 1396W,  27, 1008, XX,  34, NEQ,    0,    0,    0,    0, 
EP, 15, 2026091412, 03,  UKX, 108, 163N, 1409W,  28, 1006, XX,  34, NEQ,    0,    0,    0,    0, 
EP, 15, 2026091412, 03,  UKX, 114, 162N, 1421W,  28, 1008, XX,  34, NEQ,    0,    0,    0,    0, 
EP, 15, 2026091412, 03,  UKX, 120, 160N, 1432W,  27, 1007, XX,  34, NEQ,    0,    0,    0,    0, 
EP, 15, 2026091412, 03,  UKX, 126, 159N, 1442W,  28, 1009, XX,  34, NEQ,    0,    0,    0,    0, 
EP, 15, 2026091412, 03,  UKX, 132, 154N, 1452W,  27, 1006, XX,  34, NEQ,    0,    0,    0,    0, 
EP, 15, 2026091412, 03,  UKX, 138, 151N, 1463W,  26, 1008, XX,  34, NEQ,    0,    0,    0,    0, 
EP, 15, 2026091412, 03,  UKX, 144, 149N, 1473W,  25, 1007, XX,  34, NEQ,    0,    0,    0,    0, 
EP, 15, 2026091412, 03, AVNO,   0, 165N, 1187W,  25, 1004, XX,  34, NEQ,    0,    0,    0,    0, 1008,  166, 104,   0,   0, 
EP, 15, 2026091412, 03, AVNO,   6, 167N, 1192W,  27, 1005, XX,  34, NEQ,    0,    0,    0,    0, 1009,  137,  61,   0,   0, 
EP, 15, 2026091412, 03, AVNO,  12, 165N, 1203W,  27, 1003, XX,  34, NEQ,    0,    0,    0,    0, 1007,  304,  86,   0,   0, 
EP, 15, 2026091412, 03, AVNO,  18, 163N, 1212W,  27, 1006, XX,  34, NEQ,    0,    0,    0,    0, 1010,  153,  83,   0,   0, 
EP, 15, 2026091412, 03, AVNO,  24, 162N, 1219W,  26, 1003, XX,  34, NEQ,    0,    0,    0,    0, 1007,  199, 116,   0,   0, 
EP, 15, 2026091412, 03, AVNO,  30, 163N, 1228W,  29, 1006, XX,  34, NEQ,    0,    0,    0,    0, 1010,  233,  88,   0,   0, 
EP, 15, 2026091412, 03, AVNO,  36, 162N, 1238W,  27, 1003, XX,  34, NEQ,    0,    0,    0,    0, 1007,  364, 116,   0,   0, 
EP, 15, 2026091412, 03, AVNO,  42, 159N, 1249W,  24, 1006, XX,  34, NEQ,    0,    0,    0,    0, 1010,  253, 107,   0,   0, 
EP, 15, 2026091412, 03, AVNO,  48, 157N, 1258W,  22, 1004, XX,  34, NEQ,    0,    0,    0,    0, 1008,  403, 120,   0,   0, 
EP, 15, 2026091412, 03, AVNO,  54, 158N, 1267W,  21, 1007, XX,  34, NEQ,    0,    0,    0,    0, 1011,  360,  90,   0,   0, 
EP, 15, 2026091412, 03, AVNO,  60, 157N, 1278W,  21, 1004, XX,  34, NEQ,    0,    0,    0,    0, 1008, 1045, 140,   0,   0, 
EP, 15, 2026091412, 03, AVNO,  66, 156N, 1290W,  21, 1007, XX,  34, NEQ,    0,    0,    0,    0,  -99,  -99,  75,   0,   0, 
EP, 15, 2026091412, 03, AVNO,  72, 155N, 1300W,  20, 1005, XX,  34, NEQ,    0,    0,    0,    0,  -99,  -99, 126,   0,   0, 
EP, 15, 2026091412, 03, AVNO,  78, 157N, 1310W,  21, 1009, XX,  34, NEQ,    0,    0,    0,    0,  -99,  -99, 119,   0,   0, 
EP, 15, 2026091412, 03, AVNO,  84, 159N, 1320W,  20, 1006, XX,  34, NEQ,    0,    0,    0,    0,  -99,  -99, 106,   0,   0, 
EP, 15, 2026091412, 03, AVNO,  90, 160N, 1332W,  21, 1010, XX,  34, NEQ,    0,    0,    0,    0,  -99,  -99, 119,   0,   0, 
EP, 15, 2026091412, 03, AVNO,  96, 163N, 1343W,  19, 1008, XX,  34, NEQ,    0,    0,    0,    0,  -99,  -99, 104,   0,   0, 
EP, 15, 2026091412, 03, AVNO, 102, 162N, 1353W,  20, 1011, XX,  34, NEQ,    0,    0,    0,    0,  -99,  -99,  76,   0,   0, 
EP, 15, 2026091412, 03, AVNO, 108, 163N, 1363W,  20, 1007, XX,  34, NEQ,    0,    0,    0,    0,  -99,  -99, 146,   0,   0, 
EP, 15, 2026091412, 03, AVNO, 114, 162N, 1373W,  21, 1010, XX,  34, NEQ,    0,    0,    0,    0,  -99,  -99, 131,   0,   0, 
EP, 15, 2026091412, 03, AVNO, 120, 159N, 1383W,  20, 1008, XX,  34, NEQ,    0,    0,    0,    0,  -99,  -99, 130,   0,   0, 
EP, 15, 2026091412, 03, AVNO, 126, 158N, 1393W,  20, 1011, XX,  34, NEQ,    0,    0,    0,    0,  -99,  -99, 131,   0,   0, 
EP, 15, 2026091412, 03, AVNO, 132, 155N, 1403W,  19, 1008, XX,  34, NEQ,    0,    0,    0,    0,  -99,  -99, 107,   0,   0, 
EP, 15, 2026091412, 03, AVNO, 138, 156N, 1412W,  21, 1010, XX,  34, NEQ,    0,    0,    0,    0,  -99,  -99, 130,   0,   0, 
EP, 15, 2026091412, 03, AVNO, 144, 151N, 1419W,  21, 1009, XX,  34, NEQ,    0,    0,    0,    0,  -99,  -99,  87,   0,   0, 
EP, 15, 2026091412, 03, AVNO, 150, 148N, 1428W,  20, 1011, XX,  34, NEQ,    0,    0,    0,    0,  -99,  -99, 149,   0,   0, 
EP, 15, 2026091412, 03, AVNO, 156, 143N, 1439W,  19, 1008, XX,  34, NEQ,    0,    0,    0,    0,  -99,  -99, 158,   0,   0, 
EP, 15, 2026091412, 03, AVNO, 162, 143N, 1452W,  21, 1010, XX,  34, NEQ,    0,    0,    0,    0,  -99,  -99, 156,   0,   0, 
EP, 15, 2026091412, 03, AVNO, 168, 143N, 1461W,  22, 1009, XX,  34, NEQ,    0,    0,    0,    0,  -99,  -99, 156,   0,   0, 
EP, 15, 2026091412, 03, AVNO, 174, 147N, 1478W,  21, 1011, XX,  34, NEQ,    0,    0,    0,    0,  -99,  -99, 158,   0,   0, 
EP, 15, 2026091412, 03, AVNO, 180, 142N, 1491W,  20, 1008, XX,  34, NEQ,    0,    0,    0,    0,  -99,  -99, 159,   0,   0, 
EP, 15, 2026091412, 03, AVNO, 186, 140N, 1507W,  19, 1010, XX,  34, NEQ,    0,    0,    0,    0,  -99,  -99, 157,   0,   0, 
EP, 15, 2026091412, 03, AVNO, 192, 140N, 1519W,  19, 1009, XX,  34, NEQ,    0,    0,    0,    0,  -99,  -99, 155,   0,   0, 
EP, 15, 2026091412, 03, AVNO, 198, 147N, 1537W,  20, 1012, XX,  34, NEQ,    0,    0,    0,    0,  -99,  -99, 145,   0,   0, 
EP, 15, 2026091412, 03, AVNO, 204, 152N, 1553W,  20, 1009, XX,  34, NEQ,    0,    0,    0,    0,  -99,  -99, 160,   0,   0, 
EP, 15, 2026091412, 03, AVNO, 210, 148N, 1567W,  18, 1011, XX,  34, NEQ,    0,    0,    0,    0,  -99,  -99, 161,   0,   0, 
EP, 15, 2026091412, 03, AVNO, 216, 139N, 1578W,  17, 1010, XX,  34, NEQ,    0,    0,    0,    0,  -99,  -99, 142,   0,   0, 
EP, 15, 2026091412, 03, AVNO, 222, 142N, 1596W,  18, 1012, XX,  34, NEQ,    0,    0,    0,    0,  -99,  -99, 150,   0,   0, 
EP, 15, 2026091412, 03, AVNO, 228, 137N, 1609W,  17, 1009, XX,  34, NEQ,    0,    0,    0,    0,  -99,  -99, 161,   0,   0, 
EP, 15, 2026091412, 03, AVNO, 234, 136N, 1627W,  17, 1010, XX,  34, NEQ,    0,    0,    0,    0,  -99,  -99,  99,   0,   0, 
EP, 15, 2026091412, 03, AVNO, 240, 133N, 1635W,  18, 1009, XX,  34, NEQ,    0,    0,    0,    0,  -99,  -99, 150,   0,   0, 
EP, 15, 2026091412, 03, HCCA,   0, 163N, 1193W,  30,    0,   ,   0,    ,    0,    0,    0,    0, 
EP, 15, 2026091412, 03, HCCA,  12, 161N, 1210W,  33,    0,   ,   0,    ,    0,    0,    0,    0, 
EP, 15, 2026091412, 03, HCCA,  24, 159N, 1229W,  37,    0,   ,   0,    ,    0,    0,    0,    0, 
EP, 15, 2026091412, 03, HCCA,  36, 157N, 1247W,  37,    0,   ,   0,    ,    0,    0,    0,    0, 
EP, 15, 2026091412, 03, HCCA,  48, 156N, 1266W,  37,    0,   ,   0,    ,    0,    0,    0,    0, 
EP, 15, 2026091412, 03, HCCA,  60, 157N, 1286W,  40,    0,   ,   0,    ,    0,    0,    0,    0, 
EP, 15, 2026091412, 03, HCCA,  72, 158N, 1311W,  37,    0,   ,   0,    ,    0,    0,    0,    0, 
EP, 15, 2026091412, 03, HCCA,  84, 162N, 1337W,  35,    0,   ,   0,    ,    0,    0,    0,    0, 
EP, 15, 2026091412, 03, HCCA,  96, 168N, 1358W,  36,    0,   ,   0,    ,    0,    0,    0,    0, 
EP, 15, 2026091412, 03, HCCA, 108, 170N, 1377W,  34,    0,   ,   0,    ,    0,    0,    0,    0, 
EP, 15, 2026091412, 03, HCCA, 120, 171N, 1395W,  31,    0,   ,   0,    ,    0,    0,    0,    0, 
EP, 15, 2026091412, 03, HCCA, 132, 170N, 1412W,   0,    0,   ,   0,    ,    0,    0,    0,    0, 
EP, 15, 2026091412, 03, HCCA, 144, 168N, 1428W,   0,    0,   ,   0,    ,    0,    0,    0,    0, 
EP, 15, 2026091412, 03, HCCA, 156, 162N, 1444W,   0,    0,   ,   0,    ,    0,    0,    0,    0, 
EP, 15, 2026091412, 03, HCCA, 168, 154N, 1454W,   0,    0,   ,   0,    ,    0,    0,    0,    0, 
EP, 15, 2026091412, 03, HFSA,   0, 163N, 1192W,  29, 1006, XX,  34, NEQ,    0,    0,    0,    0,  -99,  -99,  58,   0,   0,    ,   0,    , 237,   7,           ,  ,  0,    ,    0,    0,    0,    0, THERMO PARAMS, 37, -44, 111, N, 10, DT, -999, SHR82, -99, 
EP, 15, 2026091412, 03, HFSA,   6, 161N, 1198W,  30, 1005, XX,  34, NEQ,    0,    0,    0,    0, 1009,   87, 155,   0,   0,    ,   0,    , 244,   8,           ,  ,  0,    ,    0,    0,    0,    0, THERMO PARAMS, 17, -98, 144, N, 10, DT, -999, SHR82, -99, 
EP, 15, 2026091412, 03, HFSA,  12, 158N, 1202W,  30, 1002, XX,  34, NEQ,    0,    0,    0,    0,  -99,  -99, 113,   0,   0,    ,   0,    , 227,   4,           ,  ,  0,    ,    0,    0,    0,    0, THERMO PARAMS, 71, 174, 409, N, 10, DT, -999, SHR82, -99, 
EP, 15, 2026091412, 03, HFSA,  18, 158N, 1209W,  30, 1005, XX,  34, NEQ,    0,    0,    0,    0,  -99,  -99, 112,   0,   0,    ,   0,    , 276,   7,           ,  ,  0,    ,    0,    0,    0,    0, THERMO PARAMS, -5, -91, 251, N, 10, DT, -999, SHR82, -99, 
EP, 15, 2026091412, 03, HFSA,  24, 160N, 1216W,  34, 1003, XX,  34, NEQ,    0,    0,    0,    0,  -99,  -99,  49,   0,   0,    ,   0,    , 277,   7,           ,  ,  0,    ,    0,    0,    0,    0, THERMO PARAMS, -23, 312, 296, N, 10, DT, -999, SHR82, -99, 
EP, 15, 2026091412, 03, HFSA,  30, 162N, 1231W,  35, 1006, XX,  34, NEQ,    0,    0,    0,    0,  -99,  -99, 103,   0,   0,    ,   0,    , 267,  12,           ,  ,  0,    ,    0,    0,    0,    0, THERMO PARAMS, -16, -68, 389, N, 10, DT, -999, SHR82, -99, 
EP, 15, 2026091412, 03, HFSA,  36, 162N, 1243W,  31, 1002, XX,  34, NEQ,    0,    0,    0,    0,  -99,  -99, 146,   0,   0,    ,   0,    , 271,  10,           ,  ,  0,    ,    0,    0,    0,    0, THERMO PARAMS, -49, 79, 252, N, 10, DT, -999, SHR82, -99, 
EP, 15, 2026091412, 03, HFSA,  42, 162N, 1254W,  30, 1005, XX,  34, NEQ,    0,    0,    0,    0,  -99,  -99,  89,   0,   0,    ,   0,    , 272,  11,           ,  ,  0,    ,    0,    0,    0,    0, THERMO PARAMS, -38, -131, 373, N, 10, DT, -999, SHR82, -99, 
EP, 15, 2026091412, 03, HFSA,  48, 162N, 1267W,  28, 1003, XX,  34, NEQ,    0,    0,    0,    0,  -99,  -99,  93,   0,   0,    ,   0,    , 270,  12,           ,  ,  0,    ,    0,    0,    0,    0, THERMO PARAMS, -49, 179, 287, N, 10, DT, -999, SHR82, -99, 
EP, 15, 2026091412, 03, HFSA,  54, 161N, 1282W,  31, 1006, XX,  34, NEQ,    0,    0,    0,    0,  -99,  -99,  60,   0,   0,    ,   0,    , 266,  14,           ,  ,  0,    ,    0,    0,    0,    0, THERMO PARAMS, -46, 274, 341, N, 10, DT, -999, SHR82, -99, 
EP, 15, 2026091412, 03, HFSA,  60, 160N, 1297W,  30, 1004, XX,  34, NEQ,    0,    0,    0,    0,  -99,  -99, 116,   0,   0,    ,   0,    , 273,  13,           ,  ,  0,    ,    0,    0,    0,    0, THERMO PARAMS, -36, 386, 230, N, 10, DT, -999, SHR82, -99, 
EP, 15, 2026091412, 03, HFSA,  66, 159N, 1312W,  35, 1001, XX,  34, NEQ,    0,    0,    0,    0, 1005,    6,  43,   0,   0,    ,   0,    , 273,  13,           ,  ,  0,    ,    0,    0,    0,    0, THERMO PARAMS, -25, 503, 64, N, 10, DT, -999, SHR82, -99, 
EP, 15, 2026091412, 03, HFSA,  72, 160N, 1325W,  28, 1005, XX,  34, NEQ,    0,    0,    0,    0,  -99,  -99, 144,   0,   0,    ,   0,    , 280,  13,           ,  ,  0,    ,    0,    0,    0,    0, THERMO PARAMS, -12, 34, 495, N, 10, DT, -999, SHR82, -99, 
EP, 15, 2026091412, 03, HFSA,  78, 163N, 1339W,  35, 1005, XX,  34, NEQ,    0,    0,    0,    0,  -99,  -99,  76,   0,   0,    ,   0,    , 287,  13,           ,  ,  0,    ,    0,    0,    0,    0, THERMO PARAMS, -7, 293, 273, N, 10, DT, -999, SHR82, -99, 
EP, 15, 2026091412, 03, HFSA,  84, 166N, 1350W,  27, 1006, XX,  34, NEQ,    0,    0,    0,    0,  -99,  -99, 162,   0,   0,    ,   0,    , 284,  11,           ,  ,  0,    ,    0,    0,    0,    0, THERMO PARAMS, -55, 377, 24, N, 10, DT, -999, SHR82, -99, 
EP, 15, 2026091412, 03, HFSA,  90, 167N, 1365W,  31, 1009, XX,  34, NEQ,    0,    0,    0,    0,  -99,  -99, 111,   0,   0,    ,   0,    , 274,  14,           ,  ,  0,    ,    0,    0,    0,    0, THERMO PARAMS, -34, 136, 166, N, 10, DT, -999, SHR82, -99, 
EP, 15, 2026091412, 03, HFSA,  96, 172N, 1382W,  29, 1003, XX,  34, NEQ,    0,    0,    0,    0, 1007,    6,  50,   0,   0,    ,   0,    , 281,  15,           ,  ,  0,    ,    0,    0,    0,    0, THERMO PARAMS, -47, 251, 447, N, 10, DT, -999, SHR82, -99, 
EP, 15, 2026091412, 03, HFSA, 102, 175N, 1400W,  31, 1010, XX,  34, NEQ,    0,    0,    0,    0,  -99,  -99,  33,   0,   0,    ,   0,    , 273,  15,           ,  ,  0,    ,    0,    0,    0,    0, THERMO PARAMS, -82, 230, 320, N, 10, DT, -999, SHR82, -99, 
EP, 15, 2026091412, 03, HFSA, 108, 175N, 1416W,  35, 1008, XX,  34, NEQ,    0,    0,    0,    0,  -99,  -99,  53,   0,   0,    ,   0,    , 276,  15,           ,  ,  0,    ,    0,    0,    0,    0, THERMO PARAMS, -62, 433, 196, N, 10, DT, -999, SHR82, -99, 
EP, 15, 2026091412, 03, HFSA, 114, 174N, 1430W,  30, 1010, XX,  34, NEQ,    0,    0,    0,    0,  -99,  -99,  74,   0,   0,    ,   0,    , 277,  12,           ,  ,  0,    ,    0,    0,    0,    0, THERMO PARAMS, -45, 376, -35, N, 10, DT, -999, SHR82, -99, 
EP, 15, 2026091412, 03, HFSA, 120, 178N, 1441W,  39, 1001, XX,  34, NEQ,    0,    0,    0,    0, 1005,    7,  30,   0,   0,    ,   0,    , 273,   7,           ,  ,  0,    ,    0,    0,    0,    0, THERMO PARAMS, -61, 600, 224, N, 10, DT, -999, SHR82, -99, 
EP, 15, 2026091412, 03, HFSA, 126, 172N, 1456W,  26, 1011, XX,  34, NEQ,    0,    0,    0,    0,  -99,  -99,  64,   0,   0,    ,   0,    , -99, -99,           ,  ,  0,    ,    0,    0,    0,    0, THERMO PARAMS, -60, 310, -120, N, 10, DT, -999, SHR82, -99, 
EP, 15, 2026091412, 03, TVCN,   0, 163N, 1193W,   0,    0,   ,   0,    ,    0,    0,    0,    0, 
EP, 15, 2026091412, 03, TVCN,  12, 160N, 1208W,   0,    0,   ,   0,    ,    0,    0,    0,    0, 
EP, 15, 2026091412, 03, TVCN,  24, 158N, 1225W,   0,    0,   ,   0,    ,    0,    0,    0,    0, 
EP, 15, 2026091412, 03, TVCN,  36, 158N, 1244W,   0,    0,   ,   0,    ,    0,    0,    0,    0, 
EP, 15, 2026091412, 03, TVCN,  48, 159N, 1265W,   0,    0,   ,   0,    ,    0,    0,    0,    0, 
EP, 15, 2026091412, 03, TVCN,  60, 159N, 1286W,   0,    0,   ,   0,    ,    0,    0,    0,    0, 
EP, 15, 2026091412, 03, TVCN,  72, 162N, 1308W,   0,    0,   ,   0,    ,    0,    0,    0,    0, 
EP, 15, 2026091412, 03, TVCN,  84, 168N, 1331W,   0,    0,   ,   0,    ,    0,    0,    0,    0, 
EP, 15, 2026091412, 03, TVCN,  96, 171N, 1354W,   0,    0,   ,   0,    ,    0,    0,    0,    0, 
EP, 15, 2026091412, 03, TVCN, 108, 180N, 1367W,   0,    0,   ,   0,    ,    0,    0,    0,    0, 
EP, 15, 2026091412, 03, TVCN, 120, 168N, 1368W,   0,    0,   ,   0,    ,    0,    0,    0,    0, 
EP, 15, 2026091412, 03, TVCN, 132, 169N, 1380W,   0,    0,   ,   0,    ,    0,    0,    0,    0, 
EP, 15, 2026091418, 03, AVNO,   0, 166N, 1195W,  28, 1006, XX,  34, NEQ,    0,    0,    0,    0, 1010,  158,  83,   0,   0, 
EP, 15, 2026091418, 03, AVNO,   6, 161N, 1205W,  25, 1002, XX,  34, NEQ,    0,    0,    0,    0, 1006,  162,  83,   0,   0, 
EP, 15, 2026091418, 03, AVNO,  12, 161N, 1215W,  25, 1006, XX,  34, NEQ,    0,    0,    0,    0, 1010,  169,  68,   0,   0, 
EP, 15, 2026091418, 03, AVNO,  18, 160N, 1223W,  24, 1004, XX,  34, NEQ,    0,    0,    0,    0, 1008,  291,  72,   0,   0, 
EP, 15, 2026091418, 03, AVNO,  24, 157N, 1231W,  26, 1006, XX,  34, NEQ,    0,    0,    0,    0, 1010,  220, 142,   0,   0, 
EP, 15, 2026091418, 03, AVNO,  30, 156N, 1238W,  21, 1003, XX,  34, NEQ,    0,    0,    0,    0, 1007,  284,  99,   0,   0, 
EP, 15, 2026091418, 03, AVNO,  36, 155N, 1247W,  23, 1006, XX,  34, NEQ,    0,    0,    0,    0, 1010,  249,  69,   0,   0, 
EP, 15, 2026091418, 03, AVNO,  42, 156N, 1256W,  21, 1004, XX,  34, NEQ,    0,    0,    0,    0, 1008,  375,  78,   0,   0, 
EP, 15, 2026091418, 03, AVNO,  48, 156N, 1266W,  23, 1007, XX,  34, NEQ,    0,    0,    0,    0, 1011,  355,  77,   0,   0, 
EP, 15, 2026091418, 03, AVNO,  54, 156N, 1277W,  21, 1004, XX,  34, NEQ,    0,    0,    0,    0, 1008,  639,  75,   0,   0, 
EP, 15, 2026091418, 03, AVNO,  60, 155N, 1289W,  21, 1007, XX,  34, NEQ,    0,    0,    0,    0,  -99,  -99,  62,   0,   0, 
EP, 15, 2026091418, 03, AVNO,  66, 155N, 1299W,  20, 1005, XX,  34, NEQ,    0,    0,    0,    0, 1009, 1010,  88,   0,   0, 
EP, 15, 2026091418, 03, AVNO,  72, 155N, 1310W,  21, 1009, XX,  34, NEQ,    0,    0,    0,    0,  -99,  -99,  98,   0,   0, 
EP, 15, 2026091418, 03, AVNO,  78, 156N, 1319W,  19, 1007, XX,  34, NEQ,    0,    0,    0,    0,  -99,  -99, 104,   0,   0, 
EP, 15, 2026091418, 03, AVNO,  84, 156N, 1330W,  20, 1010, XX,  34, NEQ,    0,    0,    0,    0,  -99,  -99, 144,   0,   0, 
EP, 15, 2026091418, 03, AVNO,  90, 159N, 1341W,  19, 1008, XX,  34, NEQ,    0,    0,    0,    0,  -99,  -99, 161,   0,   0, 
EP, 15, 2026091418, 03, AVNO,  96, 161N, 1351W,  20, 1011, XX,  34, NEQ,    0,    0,    0,    0,  -99,  -99, 137,   0,   0, 
EP, 15, 2026091418, 03, AVNO, 102, 162N, 1362W,  19, 1008, XX,  34, NEQ,    0,    0,    0,    0,  -99,  -99, 132,   0,   0, 
EP, 15, 2026091418, 03, AVNO, 108, 159N, 1374W,  21, 1011, XX,  34, NEQ,    0,    0,    0,    0,  -99,  -99, 110,   0,   0, 
EP, 15, 2026091418, 03, AVNO, 114, 159N, 1385W,  21, 1008, XX,  34, NEQ,    0,    0,    0,    0,  -99,  -99, 153,   0,   0, 
EP, 15, 2026091418, 03, AVNO, 120, 159N, 1399W,  20, 1011, XX,  34, NEQ,    0,    0,    0,    0,  -99,  -99, 126,   0,   0, 
EP, 15, 2026091418, 03, AVNO, 126, 158N, 1411W,  20, 1008, XX,  34, NEQ,    0,    0,    0,    0,  -99,  -99, 152,   0,   0, 
EP, 15, 2026091418, 03, AVNO, 132, 158N, 1425W,  21, 1010, XX,  34, NEQ,    0,    0,    0,    0,  -99,  -99,  87,   0,   0, 
EP, 15, 2026091418, 03, AVNO, 138, 155N, 1436W,  19, 1009, XX,  34, NEQ,    0,    0,    0,    0,  -99,  -99, 109,   0,   0, 
EP, 15, 2026091418, 03, AVNO, 144, 148N, 1452W,  19, 1011, XX,  34, NEQ,    0,    0,    0,    0,  -99,  -99, 157,   0,   0, 
EP, 15, 2026091418, 03, AVNO, 150, 137N, 1463W,  19, 1008, XX,  34, NEQ,    0,    0,    0,    0,  -99,  -99, 158,   0,   0, 
EP, 15, 2026091418, 03, AVNO, 156, 132N, 1481W,  18, 1010, XX,  34, NEQ,    0,    0,    0,    0,  -99,  -99, 152,   0,   0, 
EP, 15, 2026091418, 03, AVNO, 162, 127N, 1491W,  16, 1008, XX,  34, NEQ,    0,    0,    0,    0,  -99,  -99, 153,   0,   0, 
EP, 15, 2026091418, 03, AVNO, 168, 125N, 1501W,  15, 1010, XX,  34, NEQ,    0,    0,    0,    0,  -99,  -99, 157,   0,   0, 
EP, 15, 2026091418, 03, AVNO, 174, 124N, 1508W,  14, 1008, XX,  34, NEQ,    0,    0,    0,    0,  -99,  -99, 156,   0,   0, 
EP, 15, 2026091418, 03, AVNO, 180, 121N, 1521W,  14, 1010, XX,  34, NEQ,    0,    0,    0,    0,  -99,  -99, 154,   0,   0, 
EP, 15, 2026091418, 03, AVNO, 186, 120N, 1529W,  14, 1008, XX,  34, NEQ,    0,    0,    0,    0,  -99,  -99, 160,   0,   0, 
EP, 15, 2026091418, 03, AVNO, 192, 125N, 1543W,  13, 1010, XX,  34, NEQ,    0,    0,    0,    0,  -99,  -99, 158,   0,   0, 
EP, 15, 2026091418, 03, AVNO, 198, 131N, 1555W,  14, 1008, XX,  34, NEQ,    0,    0,    0,    0,  -99,  -99, 161,   0,   0, 
EP, 15, 2026091418, 03, AVNO, 204, 132N, 1566W,  16, 1010, XX,  34, NEQ,    0,    0,    0,    0,  -99,  -99, 160,   0,   0, 
EP, 15, 2026091418, 03, AVNO, 210, 129N, 1578W,  14, 1009, XX,  34, NEQ,    0,    0,    0,    0,  -99,  -99, 160,   0,   0, 
EP, 15, 2026091418, 03, AVNO, 216, 128N, 1595W,  13, 1010, XX,  34, NEQ,    0,    0,    0,    0,  -99,  -99, 160,   0,   0, 
EP, 15, 2026091418, 03, AVNO, 222, 124N, 1591W,  11, 1008, XX,  34, NEQ,    0,    0,    0,    0,  -99,  -99, 157,   0,   0, 
EP, 15, 2026091418, 03, AVNO, 228, 126N, 1601W,  13, 1010, XX,  34, NEQ,    0,    0,    0,    0,  -99,  -99, 158,   0,   0, 
EP, 15, 2026091418, 03, AVNO, 234, 120N, 1613W,  11, 1009, XX,  34, NEQ,    0,    0,    0,    0,  -99,  -99, 159,   0,   0, 
EP, 15, 2026091418, 03, AVNO, 240, 122N, 1622W,  13, 1011, XX,  34, NEQ,    0,    0,    0,    0,  -99,  -99, 157,   0,   0, 
EP, 15, 2026091418, 03, HCCA,   0, 169N, 1200W,  30,    0,   ,   0,    ,    0,    0,    0,    0, 
EP, 15, 2026091418, 03, HCCA,  12, 167N, 1217W,  33,    0,   ,   0,    ,    0,    0,    0,    0, 
EP, 15, 2026091418, 03, HCCA,  24, 165N, 1236W,  35,    0,   ,   0,    ,    0,    0,    0,    0, 
EP, 15, 2026091418, 03, HCCA,  36, 164N, 1254W,  40,    0,   ,   0,    ,    0,    0,    0,    0, 
EP, 15, 2026091418, 03, HCCA,  48, 167N, 1273W,  42,    0,   ,   0,    ,    0,    0,    0,    0, 
EP, 15, 2026091418, 03, HCCA,  60, 170N, 1296W,  43,    0,   ,   0,    ,    0,    0,    0,    0, 
EP, 15, 2026091418, 03, HCCA,  72, 175N, 1319W,  42,    0,   ,   0,    ,    0,    0,    0,    0, 
EP, 15, 2026091418, 03, HCCA,  84, 180N, 1344W,  38,    0,   ,   0,    ,    0,    0,    0,    0, 
EP, 15, 2026091418, 03, HCCA,  96, 183N, 1365W,  38,    0,   ,   0,    ,    0,    0,    0,    0, 
EP, 15, 2026091418, 03, HCCA, 108, 184N, 1384W,  33,    0,   ,   0,    ,    0,    0,    0,    0, 
EP, 15, 2026091418, 03, HCCA, 120, 183N, 1403W,   0,    0,   ,   0,    ,    0,    0,    0,    0, 
EP, 15, 2026091418, 03, HCCA, 132, 182N, 1421W,   0,    0,   ,   0,    ,    0,    0,    0,    0, 
EP, 15, 2026091418, 03, HCCA, 144, 179N, 1438W,   0,    0,   ,   0,    ,    0,    0,    0,    0, 
EP, 15, 2026091418, 03, HCCA, 156, 176N, 1453W,   0,    0,   ,   0,    ,    0,    0,    0,    0, 
EP, 15, 2026091418, 03, HCCA, 168, 179N, 1476W,   0,    0,   ,   0,    ,    0,    0,    0,    0, 
EP, 15, 2026091418, 03, HFSA,   0, 168N, 1200W,  30, 1006, XX,  34, NEQ,    0,    0,    0,    0,  -99,  -99,  61,   0,   0,    ,   0,    , 265,   8,           ,  ,  0,    ,    0,    0,    0,    0, THERMO PARAMS, -6, -17, -50, N, 10, DT, -999, SHR82, -99, 
EP, 15, 2026091418, 03, HFSA,   6, 165N, 1207W,  33, 1002, XX,  34, NEQ,    0,    0,    0,    0,  -99,  -99,  91,   0,   0,    ,   0,    , 271,   8,           ,  ,  0,    ,    0,    0,    0,    0, THERMO PARAMS, -14, 40, -15, N, 10, DT, -999, SHR82, -99, 
EP, 15, 2026091418, 03, HFSA,  12, 163N, 1215W,  33, 1005, XX,  34, NEQ,    0,    0,    0,    0,  -99,  -99, 147,   0,   0,    ,   0,    , 267,   9,           ,  ,  0,    ,    0,    0,    0,    0, THERMO PARAMS, -21, 272, 151, N, 10, DT, -999, SHR82, -99, 
EP, 15, 2026091418, 03, HFSA,  18, 159N, 1225W,  30, 1003, XX,  34, NEQ,    0,    0,    0,    0,  -99,  -99, 145,   0,   0,    ,   0,    , 244,   9,           ,  ,  0,    ,    0,    0,    0,    0, THERMO PARAMS, 21, -70, 358, N, 10, DT, -999, SHR82, -99, 
EP, 15, 2026091418, 03, HFSA,  24, 155N, 1234W,  27, 1006, XX,  34, NEQ,    0,    0,    0,    0,  -99,  -99,  84,   0,   0,    ,   0,    , 246,   9,           ,  ,  0,    ,    0,    0,    0,    0, THERMO PARAMS, 35, 272, 25, N, 10, DT, -999, SHR82, -99, 
EP, 15, 2026091418, 03, HFSA,  30, 152N, 1243W,  27, 1002, XX,  34, NEQ,    0,    0,    0,    0,  -99,  -99, 147,   0,   0,    ,   0,    , 255,   7,           ,  ,  0,    ,    0,    0,    0,    0, THERMO PARAMS, 11, 346, 420, N, 10, DT, -999, SHR82, -99, 
EP, 15, 2026091418, 03, HFSA,  36, 150N, 1251W,  28, 1005, XX,  34, NEQ,    0,    0,    0,    0,  -99,  -99,  56,   0,   0,    ,   0,    , 275,   8,           ,  ,  0,    ,    0,    0,    0,    0, THERMO PARAMS, -13, -297, 126, N, 10, DT, -999, SHR82, -99, 
EP, 15, 2026091418, 03, HFSA,  42, 154N, 1260W,  33, 1002, XX,  34, NEQ,    0,    0,    0,    0,  -99,  -99,  56,   0,   0,    ,   0,    , 294,   9,           ,  ,  0,    ,    0,    0,    0,    0, THERMO PARAMS, -53, 620, 370, N, 10, DT, -999, SHR82, -99, 
EP, 15, 2026091418, 03, HFSA,  48, 154N, 1273W,  34, 1006, XX,  34, NEQ,    0,    0,    0,    0,  -99,  -99,  86,   0,   0,    ,   0,    , 273,  13,           ,  ,  0,    ,    0,    0,    0,    0, THERMO PARAMS, -37, 270, 88, N, 10, DT, -999, SHR82, -99, 
EP, 15, 2026091418, 03, HFSA,  54, 150N, 1283W,  28, 1003, XX,  34, NEQ,    0,    0,    0,    0,  -99,  -99, 111,   0,   0,    ,   0,    , 266,  10,           ,  ,  0,    ,    0,    0,    0,    0, THERMO PARAMS, -28, -74, 340, N, 10, DT, -999, SHR82, -99, 
EP, 15, 2026091418, 03, HFSA,  60, 150N, 1295W,  28, 1006, XX,  34, NEQ,    0,    0,    0,    0,  -99,  -99, 119,   0,   0,    ,   0,    , 265,  12,           ,  ,  0,    ,    0,    0,    0,    0, THERMO PARAMS, -15, -128, 27, N, 10, DT, -999, SHR82, -99, 
EP, 15, 2026091418, 03, HFSA,  66, 158N, 1310W,  32,  998, XX,  34, NEQ,    0,    0,    0,    0, 1002,    3,  64,   0,   0,    ,   0,    , 288,  14,           ,  ,  0,    ,    0,    0,    0,    0, THERMO PARAMS, -39, 550, 161, N, 10, DT, -999, SHR82, -99, 
EP, 15, 2026091418, 03, HFSA,  72, 157N, 1327W,  32, 1002, XX,  34, NEQ,    0,    0,    0,    0, 1006,    2, 106,   0,   0,    ,   0,    , 271,  15,           ,  ,  0,    ,    0,    0,    0,    0, THERMO PARAMS, -36, 496, 247, N, 10, DT, -999, SHR82, -99, 
EP, 15, 2026091418, 03, HFSA,  78, 160N, 1338W,  27, 1005, XX,  34, NEQ,    0,    0,    0,    0,  -99,  -99,  88,   0,   0,    ,   0,    , 286,  10,           ,  ,  0,    ,    0,    0,    0,    0, THERMO PARAMS, -22, -199, 149, N, 10, DT, -999, SHR82, -99, 
EP, 15, 2026091418, 03, HFSA,  84, 163N, 1351W,  31, 1008, XX,  34, NEQ,    0,    0,    0,    0,  -99,  -99,  32,   0,   0,    ,   0,    , 286,  12,           ,  ,  0,    ,    0,    0,    0,    0, THERMO PARAMS, -18, -34, 285, N, 10, DT, -999, SHR82, -99, 
EP, 15, 2026091418, 03, HFSA,  90, 163N, 1361W,  29, 1007, XX,  34, NEQ,    0,    0,    0,    0,  -99,  -99,  43,   0,   0,    ,   0,    , 274,  11,           ,  ,  0,    ,    0,    0,    0,    0, THERMO PARAMS, -30, 20, 256, N, 10, DT, -999, SHR82, -99, 
EP, 15, 2026091418, 03, HFSA,  96, 167N, 1372W,  29, 1007, XX,  34, NEQ,    0,    0,    0,    0,  -99,  -99,  44,   0,   0,    ,   0,    , 282,  11,           ,  ,  0,    ,    0,    0,    0,    0, THERMO PARAMS, -54, 63, 362, N, 10, DT, -999, SHR82, -99, 
EP, 15, 2026091418, 03, HFSA, 102, 167N, 1383W,  26, 1007, XX,  34, NEQ,    0,    0,    0,    0,  -99,  -99,  88,   0,   0,    ,   0,    , 273,   9,           ,  ,  0,    ,    0,    0,    0,    0, THERMO PARAMS, -43, 8, 196, N, 10, DT, -999, SHR82, -99, 
EP, 15, 2026091418, 03, HFSA, 108, 171N, 1395W,  35, 1003, XX,  34, NEQ,    0,    0,    0,    0, 1007,    7,  26,   0,   0,    ,   0,    , 280,  12,           ,  ,  0,    ,    0,    0,    0,    0, THERMO PARAMS, -48, 469, 447, N, 10, DT, -999, SHR82, -99, 
EP, 15, 2026091418, 03, HFSA, 114, 172N, 1409W,  41, 1000, XX,  34, NEQ,    0,    0,    0,    0, 1004,    4,  18,   0,   0,    ,   0,    , 272,  10,           ,  ,  0,    ,    0,    0,    0,    0, THERMO PARAMS, -55, 400, 376, N, 10, DT, -999, SHR82, -99, 
EP, 15, 2026091418, 03, HFSA, 120, 170N, 1421W,  32, 1007, XX,  34, NEQ,    0,    0,    0,    0,  -99,  -99,  48,   0,   0,    ,   0,    , 258,  11,           ,  ,  0,    ,    0,    0,    0,    0, THERMO PARAMS, -53, 337, 110, N, 10, DT, -999, SHR82, -99, 
EP, 15, 2026091418, 03, HFSA, 126, 168N, 1432W,  29, 1006, XX,  34, NEQ,    0,    0,    0,    0,  -99,  -99,  55,   0,   0,    ,   0,    , -99, -99,           ,  ,  0,    ,    0,    0,    0,    0, THERMO PARAMS, -41, 284, 81, N, 10, DT, -999, SHR82, -99, 
EP, 15, 2026091418, 03, TVCN,   0, 169N, 1200W,   0,    0,   ,   0,    ,    0,    0,    0,    0, 
EP, 15, 2026091418, 03, TVCN,  12, 167N, 1216W,   0,    0,   ,   0,    ,    0,    0,    0,    0, 
EP, 15, 2026091418, 03, TVCN,  24, 166N, 1234W,   0,    0,   ,   0,    ,    0,    0,    0,    0, 
EP, 15, 2026091418, 03, TVCN,  36, 167N, 1254W,   0,    0,   ,   0,    ,    0,    0,    0,    0, 
EP, 15, 2026091418, 03, TVCN,  48, 168N, 1275W,   0,    0,   ,   0,    ,    0,    0,    0,    0, 
EP, 15, 2026091418, 03, TVCN,  60, 171N, 1297W,   0,    0,   ,   0,    ,    0,    0,    0,    0, 
EP, 15, 2026091418, 03, TVCN,  72, 177N, 1321W,   0,    0,   ,   0,    ,    0,    0,    0,    0, 
EP, 15, 2026091418, 03, TVCN,  84, 181N, 1345W,   0,    0,   ,   0,    ,    0,    0,    0,    0, 
EP, 15, 2026091418, 03, TVCN,  96, 182N, 1365W,   0,    0,   ,   0,    ,    0,    0,    0,    0, 
EP, 15, 2026091418, 03, TVCN, 108, 183N, 1385W,   0,    0,   ,   0,    ,    0,    0,    0,    0, 
EP, 15, 2026091418, 03, TVCN, 120, 177N, 1391W,   0,    0,   ,   0,    ,    0,    0,    0,    0, 
EP, 15, 2026091418, 03, TVCN, 132, 172N, 1432W,   0,    0,   ,   0,    ,    0,    0,    0,    0, 
EP, 15, 2026091418, 03, TVCN, 144, 169N, 1454W,   0,    0,   ,   0,    ,    0,    0,    0,    0, 
EP, 15, 2026091500, 03,  UKX,   0, 162N, 1207W,  27, 1004, XX,  34, NEQ,    0,    0,    0,    0, 
EP, 15, 2026091500, 03,  UKX,   6, 162N, 1220W,  26, 1006, XX,  34, NEQ,    0,    0,    0,    0, 
EP, 15, 2026091500, 03,  UKX,  12, 159N, 1233W,  25, 1005, XX,  34, NEQ,    0,    0,    0,    0, 
EP, 15, 2026091500, 03,  UKX,  18, 156N, 1244W,  26, 1006, XX,  34, NEQ,    0,    0,    0,    0, 
EP, 15, 2026091500, 03,  UKX,  24, 154N, 1253W,  26, 1004, XX,  34, NEQ,    0,    0,    0,    0, 
EP, 15, 2026091500, 03,  UKX,  30, 152N, 1264W,  24, 1005, XX,  34, NEQ,    0,    0,    0,    0, 
EP, 15, 2026091500, 03,  UKX,  36, 149N, 1275W,  25, 1004, XX,  34, NEQ,    0,    0,    0,    0, 
EP, 15, 2026091500, 03,  UKX,  42, 149N, 1286W,  26, 1006, XX,  34, NEQ,    0,    0,    0,    0, 
EP, 15, 2026091500, 03,  UKX,  48, 149N, 1298W,  26, 1004, XX,  34, NEQ,    0,    0,    0,    0, 
EP, 15, 2026091500, 03,  UKX,  54, 151N, 1311W,  26, 1006, XX,  34, NEQ,    0,    0,    0,    0, 
EP, 15, 2026091500, 03,  UKX,  60, 154N, 1323W,  25, 1004, XX,  34, NEQ,    0,    0,    0,    0, 
EP, 15, 2026091500, 03,  UKX,  66, 155N, 1335W,  26, 1007, XX,  34, NEQ,    0,    0,    0,    0, 
EP, 15, 2026091500, 03,  UKX,  72, 155N, 1347W,  26, 1005, XX,  34, NEQ,    0,    0,    0,    0, 
EP, 15, 2026091500, 03,  UKX,  78, 157N, 1357W,  25, 1008, XX,  34, NEQ,    0,    0,    0,    0, 
EP, 15, 2026091500, 03,  UKX,  84, 160N, 1368W,  24, 1006, XX,  34, NEQ,    0,    0,    0,    0, 
EP, 15, 2026091500, 03,  UKX,  90, 164N, 1380W,  26, 1009, XX,  34, NEQ,    0,    0,    0,    0, 
EP, 15, 2026091500, 03,  UKX,  96, 165N, 1392W,  26, 1007, XX,  34, NEQ,    0,    0,    0,    0, 
EP, 15, 2026091500, 03,  UKX, 102, 165N, 1403W,  27, 1010, XX,  34, NEQ,    0,    0,    0,    0, 
EP, 15, 2026091500, 03,  UKX, 108, 163N, 1414W,  26, 1008, XX,  34, NEQ,    0,    0,    0,    0, 
EP, 15, 2026091500, 03,  UKX, 114, 162N, 1420W,  28, 1010, XX,  34, NEQ,    0,    0,    0,    0, 
EP, 15, 2026091500, 03,  UKX, 120, 159N, 1434W,  26, 1007, XX,  34, NEQ,    0,    0,    0,    0, 
EP, 15, 2026091500, 03,  UKX, 126, 156N, 1447W,  26, 1009, XX,  34, NEQ,    0,    0,    0,    0, 
EP, 15, 2026091500, 03,  UKX, 132, 153N, 1460W,  25, 1008, XX,  34, NEQ,    0,    0,    0,    0, 
EP, 15, 2026091500, 03,  UKX, 138, 150N, 1473W,  25, 1010, XX,  34, NEQ,    0,    0,    0,    0, 
EP, 15, 2026091500, 03,  UKX, 144, 146N, 1484W,  25, 1008, XX,  34, NEQ,    0,    0,    0,    0, 
EP, 15, 2026091500, 03, AVNO,   0, 160N, 1205W,  24, 1003, XX,  34, NEQ,    0,    0,    0,    0, 1007,  195,  74,   0,   0, 
EP, 15, 2026091500, 03, AVNO,   6, 161N, 1214W,  23, 1006, XX,  34, NEQ,    0,    0,    0,    0, 1010,  212,  68,   0,   0, 
EP, 15, 2026091500, 03, AVNO,  12, 160N, 1224W,  22, 1004, XX,  34, NEQ,    0,    0,    0,    0, 1008,  463,  68,   0,   0, 
EP, 15, 2026091500, 03, AVNO,  18, 157N, 1233W,  22, 1006, XX,  34, NEQ,    0,    0,    0,    0, 1010,  300,  74,   0,   0, 
EP, 15, 2026091500, 03, AVNO,  24, 156N, 1240W,  21, 1003, XX,  34, NEQ,    0,    0,    0,    0, 1007,  369,  96,   0,   0, 
EP, 15, 2026091500, 03, AVNO,  30, 156N, 1249W,  23, 1006, XX,  34, NEQ,    0,    0,    0,    0, 1010,  241,  59,   0,   0, 
EP, 15, 2026091500, 03, AVNO,  36, 156N, 1260W,  21, 1004, XX,  34, NEQ,    0,    0,    0,    0, 1008,  444,  81,   0,   0, 
EP, 15, 2026091500, 03, AVNO,  42, 155N, 1270W,  22, 1007, XX,  34, NEQ,    0,    0,    0,    0, 1011,  347,  62,   0,   0, 
EP, 15, 2026091500, 03, AVNO,  48, 153N, 1281W,  22, 1004, XX,  34, NEQ,    0,    0,    0,    0, 1008,  530,  86,   0,   0, 
EP, 15, 2026091500, 03, AVNO,  54, 152N, 1292W,  22, 1007, XX,  34, NEQ,    0,    0,    0,    0,  -99,  -99,  77,   0,   0, 
EP, 15, 2026091500, 03, AVNO,  60, 152N, 1302W,  21, 1005, XX,  34, NEQ,    0,    0,    0,    0,  -99,  -99, 101,   0,   0, 
EP, 15, 2026091500, 03, AVNO,  66, 151N, 1313W,  21, 1008, XX,  34, NEQ,    0,    0,    0,    0,  -99,  -99,  77,   0,   0, 
EP, 15, 2026091500, 03, AVNO,  72, 152N, 1324W,  20, 1006, XX,  34, NEQ,    0,    0,    0,    0,  -99,  -99,  84,   0,   0, 
EP, 15, 2026091500, 03, AVNO,  78, 152N, 1334W,  20, 1009, XX,  34, NEQ,    0,    0,    0,    0,  -99,  -99, 129,   0,   0, 
EP, 15, 2026091500, 03, AVNO,  84, 155N, 1344W,  20, 1007, XX,  34, NEQ,    0,    0,    0,    0,  -99,  -99, 131,   0,   0, 
EP, 15, 2026091500, 03, AVNO,  90, 156N, 1353W,  19, 1010, XX,  34, NEQ,    0,    0,    0,    0,  -99,  -99,  88,   0,   0, 
EP, 15, 2026091500, 03, AVNO,  96, 156N, 1362W,  19, 1007, XX,  34, NEQ,    0,    0,    0,    0,  -99,  -99,  80,   0,   0, 
EP, 15, 2026091500, 03, AVNO, 102, 155N, 1372W,  19, 1010, XX,  34, NEQ,    0,    0,    0,    0,  -99,  -99, 152,   0,   0, 
EP, 15, 2026091500, 03, AVNO, 108, 154N, 1382W,  20, 1008, XX,  34, NEQ,    0,    0,    0,    0,  -99,  -99, 128,   0,   0, 
EP, 15, 2026091500, 03, AVNO, 114, 154N, 1392W,  20, 1010, XX,  34, NEQ,    0,    0,    0,    0,  -99,  -99, 132,   0,   0, 
EP, 15, 2026091500, 03, AVNO, 120, 151N, 1406W,  20, 1007, XX,  34, NEQ,    0,    0,    0,    0,  -99,  -99, 126,   0,   0, 
EP, 15, 2026091500, 03, AVNO, 126, 150N, 1416W,  21, 1010, XX,  34, NEQ,    0,    0,    0,    0,  -99,  -99,  76,   0,   0, 
EP, 15, 2026091500, 03, AVNO, 132, 144N, 1427W,  21, 1008, XX,  34, NEQ,    0,    0,    0,    0,  -99,  -99, 102,   0,   0, 
EP, 15, 2026091500, 03, AVNO, 138, 144N, 1445W,  21, 1010, XX,  34, NEQ,    0,    0,    0,    0,  -99,  -99,  70,   0,   0, 
EP, 15, 2026091500, 03, AVNO, 144, 140N, 1455W,  20, 1007, XX,  34, NEQ,    0,    0,    0,    0,  -99,  -99, 110,   0,   0, 
EP, 15, 2026091500, 03, AVNO, 150, 135N, 1467W,  20, 1009, XX,  34, NEQ,    0,    0,    0,    0,  -99,  -99,  85,   0,   0, 
EP, 15, 2026091500, 03, AVNO, 156, 132N, 1476W,  19, 1007, XX,  34, NEQ,    0,    0,    0,    0, 1011, 1558,  67,   0,   0, 
EP, 15, 2026091500, 03, AVNO, 162, 133N, 1488W,  19, 1009, XX,  34, NEQ,    0,    0,    0,    0,  -99,  -99,  40,   0,   0, 
EP, 15, 2026091500, 03, AVNO, 168, 132N, 1496W,  18, 1006, XX,  34, NEQ,    0,    0,    0,    0,  -99,  -99, 156,   0,   0, 
EP, 15, 2026091500, 03, AVNO, 174, 131N, 1503W,  19, 1008, XX,  34, NEQ,    0,    0,    0,    0,  -99,  -99, 158,   0,   0, 
EP, 15, 2026091500, 03, AVNO, 180, 132N, 1508W,  18, 1007, XX,  34, NEQ,    0,    0,    0,    0, 1011,  773, 159,   0,   0, 
EP, 15, 2026091500, 03, AVNO, 186, 138N, 1513W,  18, 1009, XX,  34, NEQ,    0,    0,    0,    0,  -99,  -99, 158,   0,   0, 
EP, 15, 2026091500, 03, AVNO, 192, 144N, 1517W,  17, 1007, XX,  34, NEQ,    0,    0,    0,    0,  -99,  -99, 158,   0,   0, 
EP, 15, 2026091500, 03, AVNO, 198, 151N, 1520W,  20, 1008, XX,  34, NEQ,    0,    0,    0,    0,  -99,  -99, 162,   0,   0, 
EP, 15, 2026091500, 03, AVNO, 204, 155N, 1530W,  20, 1007, XX,  34, NEQ,    0,    0,    0,    0,  -99,  -99, 158,   0,   0, 
EP, 15, 2026091500, 03, AVNO, 210, 159N, 1547W,  20, 1009, XX,  34, NEQ,    0,    0,    0,    0,  -99,  -99, 152,   0,   0, 
EP, 15, 2026091500, 03, AVNO, 216, 152N, 1563W,  17, 1006, XX,  34, NEQ,    0,    0,    0,    0,  -99,  -99, 149,   0,   0, 
EP, 15, 2026091500, 03, AVNO, 222, 150N, 1562W,  19, 1008, XX,  34, NEQ,    0,    0,    0,    0,  -99,  -99, 150,   0,   0, 
EP, 15, 2026091500, 03, AVNO, 228, 148N, 1562W,  18, 1007, XX,  34, NEQ,    0,    0,    0,    0,  -99,  -99, 149,   0,   0, 
EP, 15, 2026091500, 03, AVNO, 234, 149N, 1562W,  19, 1008, XX,  34, NEQ,    0,    0,    0,    0,  -99,  -99, 157,   0,   0, 
EP, 15, 2026091500, 03, AVNO, 240, 149N, 1562W,  19, 1006, XX,  34, NEQ,    0,    0,    0,    0,  -99,  -99, 159,   0,   0, 
EP, 15, 2026091500, 03, HCCA,   0, 165N, 1211W,  30,    0,   ,   0,    ,    0,    0,    0,    0, 
EP, 15, 2026091500, 03, HCCA,  12, 163N, 1230W,  32,    0,   ,   0,    ,    0,    0,    0,    0, 
EP, 15, 2026091500, 03, HCCA,  24, 160N, 1247W,  33,    0,   ,   0,    ,    0,    0,    0,    0, 
EP, 15, 2026091500, 03, HCCA,  36, 158N, 1266W,  36,    0,   ,   0,    ,    0,    0,    0,    0, 
EP, 15, 2026091500, 03, HCCA,  48, 158N, 1288W,  34,    0,   ,   0,    ,    0,    0,    0,    0, 
EP, 15, 2026091500, 03, HCCA,  60, 160N, 1312W,  31,    0,   ,   0,    ,    0,    0,    0,    0, 
EP, 15, 2026091500, 03, HCCA,  72, 164N, 1337W,  27,    0,   ,   0,    ,    0,    0,    0,    0, 
EP, 15, 2026091500, 03, HCCA,  84, 169N, 1362W,  25,    0,   ,   0,    ,    0,    0,    0,    0, 
EP, 15, 2026091500, 03, HCCA,  96, 170N, 1385W,  24,    0,   ,   0,    ,    0,    0,    0,    0, 
EP, 15, 2026091500, 03, HCCA, 108, 171N, 1407W,  21,    0,   ,   0,    ,    0,    0,    0,    0, 
EP, 15, 2026091500, 03, HCCA, 120, 171N, 1429W,  17,    0,   ,   0,    ,    0,    0,    0,    0, 
EP, 15, 2026091500, 03, HCCA, 132, 169N, 1451W,  20,    0,   ,   0,    ,    0,    0,    0,    0, 
EP, 15, 2026091500, 03, HCCA, 144, 165N, 1471W,   0,    0,   ,   0,    ,    0,    0,    0,    0, 
EP, 15, 2026091500, 03, HCCA, 156, 162N, 1491W,   0,    0,   ,   0,    ,    0,    0,    0,    0, 
EP, 15, 2026091500, 03, HCCA, 168, 163N, 1515W,   0,    0,   ,   0,    ,    0,    0,    0,    0, 
EP, 15, 2026091500, 03, HFSA,   0, 164N, 1211W,  31, 1005, XX,  34, NEQ,    0,    0,    0,    0,  -99,  -99,  94,   0,   0,    ,   0,    , 255,   8,           ,  ,  0,    ,    0,    0,    0,    0, THERMO PARAMS, 18, 59, 35, N, 10, DT, -999, SHR82, -99, 
EP, 15, 2026091500, 03, HFSA,   6, 161N, 1221W,  29, 1006, XX,  34, NEQ,    0,    0,    0,    0,  -99,  -99,  71,   0,   0,    ,   0,    , 255,   9,           ,  ,  0,    ,    0,    0,    0,    0, THERMO PARAMS, 17, -143, 189, N, 10, DT, -999, SHR82, -99, 
EP, 15, 2026091500, 03, HFSA,  12, 158N, 1231W,  29, 1004, XX,  34, NEQ,    0,    0,    0,    0,  -99,  -99, 101,   0,   0,    ,   0,    , 241,  10,           ,  ,  0,    ,    0,    0,    0,    0, THERMO PARAMS, 24, -95, 580, N, 10, DT, -999, SHR82, -99, 
EP, 15, 2026091500, 03, HFSA,  18, 153N, 1239W,  28, 1006, XX,  34, NEQ,    0,    0,    0,    0,  -99,  -99,  97,   0,   0,    ,   0,    , 233,   9,           ,  ,  0,    ,    0,    0,    0,    0, THERMO PARAMS, 36, -214, 113, N, 10, DT, -999, SHR82, -99, 
EP, 15, 2026091500, 03, HFSA,  24, 146N, 1246W,  26, 1003, XX,  34, NEQ,    0,    0,    0,    0,  -99,  -99,  61,   0,   0,    ,   0,    , 233,   8,           ,  ,  0,    ,    0,    0,    0,    0, THERMO PARAMS, 16, 54, 243, N, 10, DT, -999, SHR82, -99, 
EP, 15, 2026091500, 03, HFSA,  30, 144N, 1253W,  27, 1006, XX,  34, NEQ,    0,    0,    0,    0,  -99,  -99,  81,   0,   0,    ,   0,    , 259,   7,           ,  ,  0,    ,    0,    0,    0,    0, THERMO PARAMS, 12, 172, 64, N, 10, DT, -999, SHR82, -99, 
EP, 15, 2026091500, 03, HFSA,  36, 144N, 1263W,  25, 1004, XX,  34, NEQ,    0,    0,    0,    0,  -99,  -99,  94,   0,   0,    ,   0,    , 267,   8,           ,  ,  0,    ,    0,    0,    0,    0, THERMO PARAMS, -2, -114, 472, N, 10, DT, -999, SHR82, -99, 
EP, 15, 2026091500, 03, HFSA,  42, 143N, 1271W,  27, 1006, XX,  34, NEQ,    0,    0,    0,    0,  -99,  -99, 105,   0,   0,    ,   0,    , 271,   9,           ,  ,  0,    ,    0,    0,    0,    0, THERMO PARAMS, -18, 13, 127, N, 10, DT, -999, SHR82, -99, 
EP, 15, 2026091500, 03, HFSA,  48, 141N, 1284W,  24, 1004, XX,  34, NEQ,    0,    0,    0,    0,  -99,  -99,  74,   0,   0,    ,   0,    , 265,  10,           ,  ,  0,    ,    0,    0,    0,    0, THERMO PARAMS, -5, -64, 255, N, 10, DT, -999, SHR82, -99, 
EP, 15, 2026091500, 03, HFSA,  54, 141N, 1296W,  29, 1006, XX,  34, NEQ,    0,    0,    0,    0,  -99,  -99,  41,   0,   0,    ,   0,    , 277,  11,           ,  ,  0,    ,    0,    0,    0,    0, THERMO PARAMS, -3, 171, 124, N, 10, DT, -999, SHR82, -99, 
EP, 15, 2026091500, 03, HFSA,  60, 145N, 1306W,  31, 1001, XX,  34, NEQ,    0,    0,    0,    0,  -99,  -99, 124,   0,   0,    ,   0,    , 289,  10,           ,  ,  0,    ,    0,    0,    0,    0, THERMO PARAMS, -4, 177, 63, N, 10, DT, -999, SHR82, -99, 
EP, 15, 2026091500, 03, HFSA,  66, 144N, 1316W,  28, 1007, XX,  34, NEQ,    0,    0,    0,    0,  -99,  -99,  71,   0,   0,    ,   0,    , 277,  11,           ,  ,  0,    ,    0,    0,    0,    0, THERMO PARAMS, 2, 59, -83, N, 10, DT, -999, SHR82, -99, 
EP, 15, 2026091500, 03, HFSA,  72, 150N, 1327W,  27, 1005, XX,  34, NEQ,    0,    0,    0,    0,  -99,  -99, 119,   0,   0,    ,   0,    , 303,  11,           ,  ,  0,    ,    0,    0,    0,    0, THERMO PARAMS, -5, -157, 264, N, 10, DT, -999, SHR82, -99, 
EP, 15, 2026091500, 03, HFSA,  78, 153N, 1335W,  24, 1006, XX,  34, NEQ,    0,    0,    0,    0,  -99,  -99,  63,   0,   0,    ,   0,    , 295,   8,           ,  ,  0,    ,    0,    0,    0,    0, THERMO PARAMS, -11, 278, 67, N, 10, DT, -999, SHR82, -99, 
EP, 15, 2026091500, 03, HFSA,  84, 158N, 1342W,  26, 1004, XX,  34, NEQ,    0,    0,    0,    0,  -99,  -99, 135,   0,   0,    ,   0,    , 292,   7,           ,  ,  0,    ,    0,    0,    0,    0, THERMO PARAMS, -29, 135, 254, N, 10, DT, -999, SHR82, -99, 
EP, 15, 2026091500, 03, HFSA,  90, 160N, 1350W,  27, 1008, XX,  34, NEQ,    0,    0,    0,    0,  -99,  -99, 154,   0,   0,    ,   0,    , 283,   9,           ,  ,  0,    ,    0,    0,    0,    0, THERMO PARAMS, -9999, -9999, -9999, N, 10, DT, -999, SHR82, -99, 
EP, 15, 2026091500, 03, HFSA,  96, 161N, 1360W,  24, 1006, XX,  34, NEQ,    0,    0,    0,    0,  -99,  -99, 107,   0,   0,    ,   0,    , 276,   9,           ,  ,  0,    ,    0,    0,    0,    0, THERMO PARAMS, -57, -40, 199, N, 10, DT, -999, SHR82, -99, 
EP, 15, 2026091500, 03, HFSA, 102, 161N, 1370W,  28, 1005, XX,  34, NEQ,    0,    0,    0,    0, 1009,   25,  55,   0,   0,    ,   0,    , 264,   9,           ,  ,  0,    ,    0,    0,    0,    0, THERMO PARAMS, -41, -83, 230, N, 10, DT, -999, SHR82, -99, 
EP, 15, 2026091500, 03, HFSA, 108, 161N, 1382W,  30, 1002, XX,  34, NEQ,    0,    0,    0,    0, 1006,    5,  39,   0,   0,    ,   0,    , 261,   9,           ,  ,  0,    ,    0,    0,    0,    0, THERMO PARAMS, -41, 22, 396, N, 10, DT, -999, SHR82, -99, 
EP, 15, 2026091500, 03, HFSA, 114, 159N, 1391W,  28, 1006, XX,  34, NEQ,    0,    0,    0,    0, 1010,   44,  29,   0,   0,    ,   0,    , 257,   8,           ,  ,  0,    ,    0,    0,    0,    0, THERMO PARAMS, -28, 2, 208, N, 10, DT, -999, SHR82, -99, 
EP, 15, 2026091500, 03, HFSA, 120, 157N, 1399W,  28, 1001, XX,  34, NEQ,    0,    0,    0,    0, 1005,    4,  44,   0,   0,    ,   0,    , 245,   7,           ,  ,  0,    ,    0,    0,    0,    0, THERMO PARAMS, -18, -102, 301, N, 10, DT, -999, SHR82, -99, 
EP, 15, 2026091500, 03, HFSA, 126, 152N, 1407W,  27, 1006, XX,  34, NEQ,    0,    0,    0,    0,  -99,  -99,  56,   0,   0,    ,   0,    , -99, -99,           ,  ,  0,    ,    0,    0,    0,    0, THERMO PARAMS, 5, -65, 161, N, 10, DT, -999, SHR82, -99, 
EP, 15, 2026091500, 03, TVCN,   0, 165N, 1211W,   0,    0,   ,   0,    ,    0,    0,    0,    0, 
EP, 15, 2026091500, 03, TVCN,  12, 163N, 1228W,   0,    0,   ,   0,    ,    0,    0,    0,    0, 
EP, 15, 2026091500, 03, TVCN,  24, 163N, 1246W,   0,    0,   ,   0,    ,    0,    0,    0,    0, 
EP, 15, 2026091500, 03, TVCN,  36, 163N, 1266W,   0,    0,   ,   0,    ,    0,    0,    0,    0, 
EP, 15, 2026091500, 03, TVCN,  48, 163N, 1289W,   0,    0,   ,   0,    ,    0,    0,    0,    0, 
EP, 15, 2026091500, 03, TVCN,  60, 165N, 1314W,   0,    0,   ,   0,    ,    0,    0,    0,    0, 
EP, 15, 2026091500, 03, TVCN,  72, 170N, 1340W,   0,    0,   ,   0,    ,    0,    0,    0,    0, 
EP, 15, 2026091500, 03, TVCN,  84, 174N, 1365W,   0,    0,   ,   0,    ,    0,    0,    0,    0, 
EP, 15, 2026091500, 03, TVCN,  96, 176N, 1388W,   0,    0,   ,   0,    ,    0,    0,    0,    0, 
EP, 15, 2026091500, 03, TVCN, 108, 177N, 1411W,   0,    0,   ,   0,    ,    0,    0,    0,    0, 
EP, 15, 2026091500, 03, TVCN, 120, 175N, 1435W,   0,    0,   ,   0,    ,    0,    0,    0,    0, 
EP, 15, 2026091500, 03, TVCN, 132, 172N, 1455W,   0,    0,   ,   0,    ,    0,    0,    0,    0, 
EP, 15, 2026091506, 03, HCCA,   0, 162N, 1221W,  30,    0,   ,   0,    ,    0,    0,    0,    0, 
EP, 15, 2026091506, 03, HCCA,  12, 157N, 1241W,  29,    0,   ,   0,    ,    0,    0,    0,    0, 
EP, 15, 2026091506, 03, HCCA,  24, 152N, 1261W,  31,    0,   ,   0,    ,    0,    0,    0,    0, 
EP, 15, 2026091506, 03, HCCA,  36, 151N, 1281W,  31,    0,   ,   0,    ,    0,    0,    0,    0, 
EP, 15, 2026091506, 03, HCCA,  48, 150N, 1304W,  28,    0,   ,   0,    ,    0,    0,    0,    0, 
EP, 15, 2026091506, 03, HCCA,  60, 151N, 1327W,  24,    0,   ,   0,    ,    0,    0,    0,    0, 
EP, 15, 2026091506, 03, HCCA,  72, 156N, 1349W,  23,    0,   ,   0,    ,    0,    0,    0,    0, 
EP, 15, 2026091506, 03, HCCA,  84, 160N, 1370W,  22,    0,   ,   0,    ,    0,    0,    0,    0, 
EP, 15, 2026091506, 03, HCCA,  96, 161N, 1391W,  22,    0,   ,   0,    ,    0,    0,    0,    0, 
EP, 15, 2026091506, 03, HCCA, 108, 160N, 1409W,  21,    0,   ,   0,    ,    0,    0,    0,    0, 
EP, 15, 2026091506, 03, HCCA, 120, 155N, 1426W,  22,    0,   ,   0,    ,    0,    0,    0,    0, 
EP, 15, 2026091506, 03, HCCA, 132, 152N, 1447W,  24,    0,   ,   0,    ,    0,    0,    0,    0, 
EP, 15, 2026091506, 03, HCCA, 144, 150N, 1466W,  26,    0,   ,   0,    ,    0,    0,    0,    0, 
EP, 15, 2026091506, 03, HCCA, 156, 151N, 1486W,  28,    0,   ,   0,    ,    0,    0,    0,    0, 
EP, 15, 2026091506, 03, HCCA, 168, 154N, 1506W,  31,    0,   ,   0,    ,    0,    0,    0,    0, 
EP, 15, 2026091506, 03, TVCN,   0, 162N, 1221W,   0,    0,   ,   0,    ,    0,    0,    0,    0, 
EP, 15, 2026091506, 03, TVCN,  12, 158N, 1240W,   0,    0,   ,   0,    ,    0,    0,    0,    0, 
EP, 15, 2026091506, 03, TVCN,  24, 154N, 1258W,   0,    0,   ,   0,    ,    0,    0,    0,    0, 
EP, 15, 2026091506, 03, TVCN,  36, 153N, 1279W,   0,    0,   ,   0,    ,    0,    0,    0,    0, 
EP, 15, 2026091506, 03, TVCN,  48, 153N, 1301W,   0,    0,   ,   0,    ,    0,    0,    0,    0, 
EP, 15, 2026091506, 03, TVCN,  60, 155N, 1324W,   0,    0,   ,   0,    ,    0,    0,    0,    0, 
EP, 15, 2026091506, 03, TVCN,  72, 158N, 1346W,   0,    0,   ,   0,    ,    0,    0,    0,    0, 
EP, 15, 2026091506, 03, TVCN,  84, 161N, 1365W,   0,    0,   ,   0,    ,    0,    0,    0,    0, 
EP, 15, 2026091506, 03, TVCN,  96, 162N, 1384W,   0,    0,   ,   0,    ,    0,    0,    0,    0, 
EP, 15, 2026091506, 03, TVCN, 108, 161N, 1403W,   0,    0,   ,   0,    ,    0,    0,    0,    0, 
EP, 15, 2026091506, 03, TVCN, 120, 158N, 1415W,   0,    0,   ,   0,    ,    0,    0,    0,    0, 
EP, 15, 2026091506, 03, TVCN, 132, 155N, 1435W,   0,    0,   ,   0,    ,    0,    0,    0,    0, 