{"type":"FeatureCollection","features":[{"type":"Feature","id":9327,"geometry":{"type":"Polygon","coordinates":[[[-162.57890299977353,15.729076400355723],[-162.62112399977269,15.729076400355723],[-162.66336099961038,15.728360200063321],[-162.70553600018619,15.726925800285585],[-162.74771099986268,15.724776300086319],[-162.78982500032342,15.721911399991257],[-162.83186299997737,15.718332299695987],[-162.87384000041561,15.714039799597231],[-162.91574100004703,15.709033000372813],[-162.95754999993247,15.703317600127264],[-162.99923699958779,15.696893699584734],[-163.04078700011988,15.689763100087134],[-163.08221400037573,15.681927700103415],[-163.12347400012493,15.673389399900998],[-163.16458100001307,15.664153099885766],[-163.20550499955601,15.654222499868638],[-163.24624599965307,15.643596599803402],[-163.28677399982016,15.632280300095886],[-163.32710299980351,15.620278400427992],[-163.36717200038743,15.607592599618897],[-163.40702800014202,15.594227799873181],[-163.44662499964394,15.580191599562795],[-163.48596199974642,15.565483999587059],[-163.52500899996531,15.5501117997199],[-163.5637660003006,15.53407759990148],[-163.60221900010669,15.517388299730385],[-163.64036600019068,15.500049600009163],[-163.67819199986081,15.482065199649355],[-163.71566799957844,15.463440900177545],[-163.75279200015061,15.444187200279202],[-163.78956599987092,15.424302099862132],[-163.82595799996164,15.403798100402128],[-163.86198400026132,15.382678999736186],[-163.89759800044729,15.360952399833536],[-163.93281600035806,15.33862499974407],[-163.96760600031658,15.315702400445559],[-164.0019840001614,15.292193400005544],[-164.03590399956985,15.268102600254963],[-164.0693969999715,15.243442499971536],[-164.10240200035196,15.218216899690333],[-164.13496400008844,15.192436200070688],[-164.16703799980377,15.166106199941339],[-164.19863900018962,15.139234500372027],[-164.22972100002406,15.111833600140699],[-164.26030000004488,15.083906199911326],[-164.29035900036749,15.055464700435721],[-164.31990100023089,15.026520700270225],[-164.34889199986583,14.997075999857657],[-164.37736499989475,14.967145900263233],[-164.40527299994892,14.936736099591485],[-164.432602000282,14.905859899714756],[-164.45938100043276,14.874523200185706],[-164.48557999991698,14.842735299994217],[-164.51119999968017,14.810508699716877],[-164.53622399983763,14.777853999662511],[-164.56063799974382,14.744780499720434],[-164.5844570000904,14.711296999756883],[-164.60765100039328,14.677413900431304],[-164.63023400039873,14.643139800161805],[-164.65219100031433,14.608491900281138],[-164.67349199965599,14.573476800014475],[-164.69416799985322,14.538104099624661],[-164.71418800037583,14.502387000260001],[-164.73356600007077,14.466331500398553],[-164.75227400034476,14.429957400413855],[-164.77033999979108,14.39327140025506],[-164.78770400013943,14.356284100231164],[-164.80442799975231,14.319006900148452],[-164.82045000026721,14.281453100080626],[-164.83580000036963,14.243631400069205],[-164.85044899962156,14.20555589968518],[-164.86442600025961,14.167239200229062],[-164.87768600020866,14.128689800294183],[-164.89025899995281,14.089922000000456],[-164.90212999969964,14.050946200007274],[-164.91328399965678,14.011775999862664],[-164.92373699966274,13.972420700355201],[-164.93347199983285,13.932895699676919],[-164.94250500000567,13.893212299608081],[-164.95082100038877,13.853381200282286],[-164.95840500029044,13.813412699836363],[-164.9652710003563,13.773323999603065],[-164.97141999973311,13.733124699845177],[-164.97683700042714,13.692827200415081],[-164.98152199974041,13.652443900265951],[-164.98550399990958,13.611988100370695],[-164.98873899980492,13.57146930026812],[-164.99124100007202,13.530902899949012],[-164.99302699969621,13.490299200248046],[-164.99407999969216,13.449672700035194],[-164.99440000005987,13.409034700191398],[-164.31005899962307,13.379723499639908],[-164.30934099978722,13.350700399603909],[-164.30808999965367,13.321693400130471],[-164.30633499966044,13.292712200407834],[-164.30403100043026,13.263765299928764],[-164.30123900027957,13.234861399634042],[-164.29791299978504,13.206008900090808],[-164.29408300033012,13.177218399809419],[-164.28973400032379,13.14849659963852],[-164.284865999766,13.119853000016064],[-164.27949500029396,13.091296200259592],[-164.27362100010899,13.062833799640259],[-164.2672270002258,13.034477199763103],[-164.26031499983731,13.00623230018067],[-164.25293000011933,12.978110300150377],[-164.24502599984993,12.950116199902823],[-164.23663300041255,12.922262199640954],[-164.22773700026227,12.894554099991865],[-164.21835300009081,12.867000600097754],[-164.20848099989814,12.839611099672652],[-164.19811999963818,12.81239319978647],[-164.18727100025637,12.785355599581408],[-164.17594899974645,12.758504900081221],[-164.16415399990709,12.731851599971492],[-164.15187100004653,12.705402400100809],[-164.1391299997496,12.679165799961822],[-164.12593099991562,12.653149600273991],[-164.11225899985288,12.627360300437658],[-164.09814500009159,12.601805700272962],[-164.08357199984783,12.576497099761468],[-164.06854200011313,12.551439300383549],[-164.053084999573,12.526639000289777],[-164.03718600023365,12.502106699964372],[-164.02084400025032,12.477845199896194],[-164.00407400031477,12.45386699976234],[-163.98689300031162,12.430175800273105],[-163.96928400035625,12.40678019984648],[-163.95127900012568,12.383688000101245],[-163.93286099973528,12.360903700345659],[-163.91403200017658,12.338435200224467],[-163.8948060002966,12.316289900258823],[-163.87521399972621,12.29447460022277],[-163.85522499973388,12.272995000019364],[-163.83485400011193,12.251856799551774],[-163.81411699979961,12.231068599936066],[-163.79301499974235,12.210636100176032],[-163.77156099964034,12.190565099999503],[-163.74974099974727,12.170859300116717],[-163.72758499964795,12.151528399716028],[-163.70507800044928,12.132575999682786],[-163.68225099998358,12.114008899791031],[-163.65910300000337,12.0958308996764],[-163.63563499965542,12.078049700233635],[-163.61184699983909,12.060668899650125],[-163.58776900013916,12.043694500001322],[-163.56339999961023,12.027131999742153],[-163.53872700035072,12.010984399910285],[-163.51376300026217,11.99525929977699],[-163.48855599975951,11.979960400052562],[-163.46305800022645,11.965090799800691],[-163.43731700027925,11.950656900395757],[-163.41131600003331,11.936661700177467],[-163.38507100022639,11.923109999726819],[-163.35858199995926,11.910006499800261],[-163.331878999716,11.897354099811992],[-163.30496200039593,11.885155700075643],[-163.27783200024655,11.873418800037712],[-163.25048800012104,11.862142600200968],[-163.22294599985793,11.851331699698335],[-163.19523599994136,11.840990999834901],[-163.16734299967962,11.831121399932783],[-163.13926699997199,11.821727800397809],[-163.11105300019571,11.812811900049269],[-163.08267199991278,11.80437660010017],[-163.05413799976878,11.796423000421271],[-163.02548200029401,11.788955700145607],[-162.99668899989734,11.781976700264636],[-162.96778899996229,11.775486900100475],[-162.93878199958954,11.769489299791474],[-162.90965299988596,11.763984699734237],[-162.8804470002288,11.758976000242342],[-162.85115100001855,11.754463200416524],[-162.82177699980861,11.750448199624827],[-162.79234300042904,11.746932999758258],[-162.76286299982749,11.743917500092721],[-162.73330700021782,11.741403599996261],[-162.70373499987028,11.739391300368368],[-162.67411800014551,11.73788170018048],[-162.6444699998905,11.736875500004487],[-162.61483800037334,11.736372000167819],[-162.58371000021626,11.570010200110801],[-162.5511169999495,11.570563300256254],[-162.51853900037449,11.571669600371877],[-162.4859920004304,11.57332989995507],[-162.45346100032484,11.575541500140275],[-162.42099000028821,11.578305200424779],[-162.38856499967491,11.58161930019071],[-162.35621599986843,11.585484500009784],[-162.3239290002231,11.589899100163507],[-162.29171799958593,11.594859099567941],[-162.25961300023968,11.600365599892655],[-162.22759999974011,11.606417700017005],[-162.19569399967827,11.613011399756431],[-162.16390999984654,11.620145799788986],[-162.13226300003734,11.627818099625756],[-162.1007690000892,11.63602830016606],[-162.0693970003712,11.644769699662049],[-162.03820800009905,11.654043200133742],[-162.00717199968796,11.663846000192905],[-161.97630299978354,11.674173399982578],[-161.94563300006283,11.685022400263676],[-161.91516099958039,11.696391099869516],[-161.88488800018098,11.708275799888384],[-161.85484299960467,11.720672599960665],[-161.82499700011138,11.733576800229287],[-161.79539500017904,11.746986399702735],[-161.76603699980762,11.760896700322576],[-161.73693799968885,11.775302899709175],[-161.70806900028407,11.790201200025479],[-161.67948899981741,11.805586799791115],[-161.65116899964954,11.821456000094486],[-161.62313800021846,11.837801900437512],[-161.59541299961018,11.854623800248305],[-161.56796299999237,11.871911000292585],[-161.54083299984299,11.889663700219728],[-161.51403799985374,11.90787319998833],[-161.48754899958658,11.926534699916601],[-161.4614110002174,11.945644400368906],[-161.43559300031663,11.965193700229236],[-161.41012600041452,11.985178899686616],[-161.38500999961173,12.005593299691157],[-161.36027500019102,12.026430099569552],[-161.33590699970819,12.047683700142784],[-161.31191999970815,12.069348299884268],[-161.28831500023699,12.091417299568832],[-161.26509100034932,12.113883000100486],[-161.24229400036774,12.136740699823577],[-161.21987900001577,12.159979800227745],[-161.19789099956989,12.183597599749589],[-161.17633099997559,12.207583400054034],[-161.15518200044889,12.231931699988081],[-161.13447599976749,12.256637600045337],[-161.11419699989156,12.281688700373365],[-161.09437599955265,12.307082199583988],[-161.07502700029573,12.332806599844844],[-161.05610700013787,12.358855200307403],[-161.03765900016265,12.385221499772513],[-161.01968400041622,12.411897700218844],[-161.00218199999921,12.4388751996309],[-160.98516799960342,12.466145500314724],[-160.96862800038184,12.493699100033552],[-160.95259100007451,12.521530199958875],[-160.93705699958079,12.549629199827848],[-160.92199700026129,12.577986699926385],[-160.90745499964842,12.606596899627334],[-160.89343299963315,12.635448499848508],[-160.87992900012318,12.664534600091883],[-160.86692800042681,12.693843799651745],[-160.85446200022105,12.723372500340759],[-160.8425139996213,12.753105199645404],[-160.83110000026471,12.783037200406625],[-160.82020599970704,12.813158000341559],[-160.80987499993122,12.843460100003767],[-160.80007899964605,12.873931899937361],[-160.7908169997047,12.904564899750483],[-160.78211999973811,12.935351400346974],[-160.77395600006926,12.966281900389504],[-160.76635700037519,12.997344000025691],[-160.75930799996414,13.028532000251744],[-160.75280799968937,13.059834500362058],[-160.74688700003495,13.091240900047637],[-160.74151599966356,13.122745500304745],[-160.73671000016628,13.154335000160245],[-160.73245199985982,13.186001800342922],[-160.72879000005838,13.217735299644517],[-160.72567700039318,13.249527000370904],[-160.72316000033368,13.281366300414561],[-160.72119100036429,13.313243899886231],[-160.7198030002082,13.345148999726689],[-160.71896400018838,13.377074200314212],[-160.20561199969396,13.409045199776301],[-160.20594799990019,13.449685099887574],[-160.20700099989614,13.490311600100426],[-160.20878600037355,13.530914299755295],[-160.2112879997413,13.57148079989912],[-160.21453900037449,13.611999500176921],[-160.21850599985194,13.652454399850797],[-160.22319000001841,13.692838700046082],[-160.22860699981311,13.733135200329343],[-160.23475600008925,13.773335500133385],[-160.24162300020123,13.813424099642646],[-160.2492070001029,13.853390699821091],[-160.25750699974816,13.893221899870923],[-160.26654099996711,13.932907100382522],[-160.27629099992961,13.972432100161427],[-160.28672800009704,14.011785500300732],[-160.29789699984659,14.050956699592177],[-160.30976899963954,14.089932399760585],[-160.32232699959127,14.128701200100465],[-160.33561700002446,14.167248699767811],[-160.34957899997079,14.2055674002155],[-160.36422700007591,14.243641899654108],[-160.37956200038593,14.281463599665528],[-160.39559899979392,14.319016500411294],[-160.4123079996144,14.356293699594687],[-160.42968799980127,14.393280999618582],[-160.44775400014692,14.429967899998701],[-160.46646100037478,14.466343900250934],[-160.48584000011584,14.502395599577369],[-160.505858999693,14.538113600062729],[-160.52653499989026,14.573485400231164],[-160.54785199996974,14.608500499598506],[-160.56980899988537,14.643152200014185],[-160.5923770000984,14.677422499748729],[-160.61558500014755,14.711305599973571],[-160.63938899980241,14.744789099937123],[-160.66381800040031,14.77786350010058],[-160.68882799991218,14.810519200201043],[-160.71444699962925,14.84274579957912],[-160.74064600001282,14.874529800310199],[-160.76741000037114,14.905868499931444],[-160.79476900028905,14.936744699808173],[-160.82267800038932,14.967154499580602],[-160.851119999888,14.997083699853022],[-160.88012700026079,15.026527400219493],[-160.90966800007806,15.055472400431086],[-160.93972800044679,15.083912800035819],[-160.97030600042152,15.111840200265192],[-161.00140400009445,15.139243099689452],[-161.03298999978858,15.16611289989055],[-161.0650630003571,15.192442900019955],[-161.09761000030119,15.218223599639543],[-161.13064600031259,15.243449199920803],[-161.1641240000225,15.268109300204173],[-161.19805900012267,15.292200099954812],[-161.23242200017509,15.315707200127349],[-161.26722699992604,15.338631599868563],[-161.30244399979068,15.360958099736649],[-161.33805799997663,15.382684699639299],[-161.37406899958458,15.403804800351395],[-161.41046099967531,15.424309700032779],[-161.44723500029494,15.444191900136218],[-161.48436000001391,15.463446600080658],[-161.52185100042325,15.482070899552525],[-161.55966200030099,15.500054399690953],[-161.59780900038498,15.517393100311494],[-161.63627599993737,15.534082399583212],[-161.67501799958094,15.550114600208758],[-161.71408099963836,15.565487899946788],[-161.75340299994841,15.580194499876427],[-161.79299900030355,15.594232599554971],[-161.83284000026572,15.607596400153909],[-161.87293999958123,15.62028120001753],[-161.91326899956459,15.632284199556295],[-161.95379599968555,15.6435975998495],[-161.99452199999024,15.654224400136115],[-162.0354610002249,15.664158799788936],[-162.07655300032062,15.673394199582788],[-162.11782799986221,15.681930499692953],[-162.15924100037179,15.689765000354612],[-162.20080599979698,15.696895599852212],[-162.2424930003516,15.703319500394741],[-162.28427099970679,15.709034899740971],[-162.32617200023753,15.714040799643328],[-162.36816399956885,15.718334199963522],[-162.41021699991452,15.721913300258734],[-162.45233200042139,15.724778200353796],[-162.49449200030548,15.726925800285585],[-162.5366819997744,15.728360200063321],[-162.57890299977353,15.729076400355723]]]},"properties":{"objectid":9327,"radii":34,"stormid":"ep122026","basin":"ep","stormnum":12,"advnum":"38","validtime":"2026090515","synoptime":"2026090512","timezone":"UTC","tau":0,"ne":140,"se":110,"sw":100,"nw":140,"idp_source":"ep122026_2026090515_forecastradii","idp_filedate":1788624164000,"idp_ingestdate":1788624266000,"st_area(shape)":13.716687137108471,"st_perimeter(shape)":14.264867190155559,"binnumber":"CP4"}},{"type":"Feature","id":9328,"geometry":{"type":"Polygon","coordinates":[[[-162.58799700006142,14.730900800331824],[-162.61051899995181,14.564538000228652],[-162.63151599966358,14.564183199695037],[-162.65249600039002,14.563468899670113],[-162.67346199957154,14.562399899835668],[-162.69441199981387,14.56097410027462],[-162.71533199957204,14.559195500272267],[-162.7362209996993,14.557059300146705],[-162.75704999975761,14.554569199708965],[-162.77784700013888,14.551726299729069],[-162.79858399955185,14.548529600161032],[-162.81925999974911,14.544984800008649],[-162.83985899999277,14.541088099636227],[-162.86039700012137,14.536840400164465],[-162.88085900034253,14.532244699933074],[-162.90122999996444,14.527303699606193],[-162.92149400004797,14.522018400129184],[-162.94164999964769,14.516388900427557],[-162.96173100028537,14.51041700004464],[-162.98168899974746,14.504108399782979],[-163.00151100013247,14.497458499610218],[-163.02123999982607,14.490472799780036],[-163.0408169997047,14.483156199798941],[-163.06027200025252,14.475506800298717],[-163.07957500008609,14.467529300237175],[-163.09872400001251,14.459223699614199],[-163.11773699996249,14.450594899734995],[-163.13658100021291,14.441643700096847],[-163.15525799995666,14.432375900427587],[-163.17376700004692,14.422791499828008],[-163.19209299979204,14.412894199907555],[-163.21023600009124,14.402687999951354],[-163.22819499999918,14.39217659977038],[-163.24595599976951,14.381359100042573],[-163.26351900030156,14.370243100039147],[-163.28088399979669,14.358831400249073],[-163.29803500021501,14.347125999865113],[-163.31497199975792,14.335130700321713],[-163.33168000043159,14.322850199677134],[-163.34817500027597,14.310287499868366],[-163.36442599966009,14.297447200028387],[-163.38046299996739,14.284333199617606],[-163.39623999997593,14.270948399848919],[-163.41177399957036,14.257298499726119],[-163.42704799976531,14.243386299738063],[-163.44209300019173,14.229217499787921],[-163.45686299962765,14.214795100013987],[-163.47135899991784,14.200123800273275],[-163.48561099974776,14.185209299569635],[-163.49958800038584,14.170055400236663],[-163.51327500024098,14.154666900157451],[-163.52668800005108,14.139046699645633],[-163.53982499972389,14.123202299946342],[-163.55264299997438,14.107138599666769],[-163.56520099992613,14.09085850001992],[-163.57743800036334,14.074367500359983],[-163.58938600006377,14.057671500239678],[-163.60102800004208,14.040775300240057],[-163.61236600039052,14.023684500439458],[-163.62339800011753,14.006403899620409],[-163.63410900033003,13.988937399941165],[-163.64450100022091,13.971293400170396],[-163.65458700038968,13.953474000225071],[-163.66432199966047,13.935487699597786],[-163.67375200015459,13.917338400446965],[-163.68284600044248,13.899031600328215],[-163.69162000036266,13.880573300417609],[-163.70004300028415,13.86196900006945],[-163.70812999999941,13.843225499956986],[-163.71588100040776,13.824346499891192],[-163.72329699975666,13.805337900323991],[-163.73034700021381,13.786207199802561],[-163.73707600025713,13.766961100074866],[-163.7434540003018,13.74760149960963],[-163.7494810003478,13.728137999569185],[-163.75514199970345,13.70857429976428],[-163.76046799979827,13.688918100190335],[-163.76542700005592,13.669175099851088],[-163.77003500031492,13.649351100273179],[-163.77429199967597,13.629450800414247],[-163.77818300014525,13.609481800444883],[-163.78170799992418,13.589448900046818],[-163.78488199970445,13.569359800114796],[-163.78768899964754,13.549220099827892],[-163.7901309998457,13.529036500034579],[-163.79222099999907,13.508812900195323],[-163.79394500036139,13.488557799802777],[-163.79528800024093,13.468277000383409],[-163.79629499991424,13.447975199995597],[-163.79692100000406,13.427659999709363],[-163.79718000025673,13.407338100373181],[-163.62608299983049,13.389214500249125],[-163.62568699955531,13.371797599979402],[-163.624984999558,13.35439010032303],[-163.62397799988472,13.336996999711914],[-163.62264999979757,13.319622999801766],[-163.62103299987297,13.302275699863799],[-163.61907999974213,13.284956900340831],[-163.61682099988914,13.267674400153567],[-163.61427300019872,13.250432999883174],[-163.61140400009444,13.233238199783216],[-163.60821499962245,13.216095000084351],[-163.60473600016618,13.199006999873291],[-163.60093700034221,13.181981099648169],[-163.59683199989681,13.165022900386703],[-163.59245300030565,13.148136100101055],[-163.58775300030064,13.13132669996736],[-163.58274799972034,13.114599200193084],[-163.57745400020187,13.09795950033083],[-163.57185400006196,13.081411400016236],[-163.56596400003849,13.064963299816554],[-163.55978400013143,13.04861550010537],[-163.55331400034078,13.032375299780426],[-163.54655499981331,13.01624769997153],[-163.53950500025547,13.00023750036047],[-163.53216599996085,12.984349300080282],[-163.52456700026676,12.968586899665809],[-163.51666299999738,12.952958099836565],[-163.50849900032853,12.937464700135934],[-163.50004599992289,12.922111500245705],[-163.49131800032538,12.906905200115034],[-163.4823300004291,12.891849499554894],[-163.47306799958844,12.876948399649052],[-163.46354700029374,12.862206500429807],[-163.45376599980096,12.847627599734096],[-163.44372599995486,12.833217599812542],[-163.43342599980997,12.818981199622783],[-163.42288200010415,12.804920199607636],[-163.41207900014567,12.791041400440406],[-163.40104700041866,12.777348500133314],[-163.38975500039288,12.763843499677932],[-163.37823499974536,12.750533099922734],[-163.36647000039014,12.737420099558108],[-163.35449200020557,12.724509200239538],[-163.34225499976836,12.711803400306792],[-163.32981900004674,12.699307399616941],[-163.31715399965728,12.687023200060764],[-163.30429100002954,12.674957300139454],[-163.29118299989545,12.663111699945148],[-163.27787799966987,12.651489299791479],[-163.2643889999523,12.640094800434838],[-163.25067099956689,12.628930999666068],[-163.23677099978173,12.618002900413671],[-163.22268699960526,12.607311199652258],[-163.20838900035201,12.596860900310446],[-163.19392399969274,12.586653700308148],[-163.17927599958765,12.576694500051246],[-163.16445899978294,12.566985099982503],[-163.1494750003709,12.55752939956227],[-163.13432300040606,12.548328399736022],[-163.11900299988847,12.539386699636623],[-163.10353099955591,12.530706400080419],[-163.08790600026163,12.522291199979009],[-163.07212800020696,12.514141100231711],[-163.05621300012976,12.506260899620941],[-163.04016100003005,12.498650599945393],[-163.02397199990779,12.491314900162649],[-163.00766000040861,12.484254800318922],[-162.99122599978,12.477474199874564],[-162.97466999982055,12.470972099682797],[-162.95800800036884,12.464752199554482],[-162.94123800043329,12.458815600259868],[-162.92436200010613,12.453165999811176],[-162.90737900024058,12.447802499785666],[-162.89031999956825,12.442728999643748],[-162.87316900004924,12.437946299782027],[-162.85594199972343,12.433453599803897],[-162.83862299965165,12.429256399963037],[-162.82122799967237,12.425352100319287],[-162.80378700026978,12.421744299959641],[-162.78627000006037,12.418433200332061],[-162.76870700042764,12.415420500256005],[-162.75108299978055,12.412704500012808],[-162.73341399975621,12.410290699856034],[-162.71569800026242,12.408175499799597],[-162.69796800012304,12.40636249982964],[-162.68019099961487,12.404849100006118],[-162.66239900021361,12.403639799637176],[-162.64459200012064,12.402730899811331],[-162.62675500044284,12.402125399767499],[-162.60893199961203,12.401824000077681],[-162.58961500003215,12.235459299707031],[-162.56881699960476,12.235812199973168],[-162.54803499991525,12.236518899827502],[-162.527266999972,12.2375774000771],[-162.50651599991338,12.238988900417553],[-162.4857940002928,12.240752200253951],[-162.46511800009554,12.242867500135162],[-162.44447300042856,12.245332700144161],[-162.4238740001849,12.248148900151762],[-162.40333600005627,12.251313199844446],[-162.38285799999662,12.254826500342858],[-162.36242700030573,12.258687000304974],[-162.34207199962302,12.262893699684639],[-162.32180800043878,12.267444600188298],[-162.30162000026272,12.27233979984203],[-162.28152499987877,12.277576400130897],[-162.26152000004788,12.283154499980355],[-162.24162299980151,12.289071100151261],[-162.22181700015435,12.295323400154928],[-162.2021479996304,12.301911399991241],[-162.18258699959028,12.308832200246002],[-162.1631620004259,12.3160838997523],[-162.14385999973911,12.323664699866129],[-162.1246949999742,12.331572499771198],[-162.10566700023179,12.339804599702632],[-162.08680700014287,12.348357200024907],[-162.06806900028405,12.357230200013873],[-162.04952999970965,12.366418799987741],[-162.03112800005707,12.375921200403241],[-162.0129089998504,12.385734599872023],[-161.99485800019647,12.395855900229776],[-161.97700499978083,12.406281499691602],[-161.95931999991799,12.417009399964002],[-161.94183300019273,12.42803569978787],[-161.92456099959037,12.439356800076382],[-161.90747100018643,12.450969699791926],[-161.89059399981315,12.462870600198187],[-161.87394700015386,12.475056600082155],[-161.85749799973283,12.487523999633027],[-161.84129299977204,12.500267000022177],[-161.82530199978737,12.513284700128963],[-161.80953999957126,12.526572200446822],[-161.79403699960775,12.540124900044248],[-161.77876300031213,12.553937900313997],[-161.76373299967813,12.568008399867892],[-161.74896200019606,12.582332599969675],[-161.73445100011349,12.596903799770701],[-161.72018399959182,12.611721000124192],[-161.70619200006067,12.626776699785012],[-161.69247399967526,12.642068899560229],[-161.67903100028036,12.657590900399896],[-161.66586300007731,12.673338899970418],[-161.65298499975785,12.689309100434798],[-161.64036599969106,12.70549389982375],[-161.62806699999197,12.721890399622396],[-161.61604300038408,12.738493899973662],[-161.6043400002907,12.755298600250342],[-161.5929110002424,12.772299799696157],[-161.58178699987008,12.78949359974996],[-161.57098399991159,12.806872400241218],[-161.56050100032084,12.824431399689502],[-161.55030799971433,12.842165900036377],[-161.54043600042101,12.860071199626304],[-161.53091400018087,12.878141399805884],[-161.52168299987048,12.896370899597457],[-161.51280200041191,12.914753900172514],[-161.50422699977614,12.933284799653904],[-161.49598700019982,12.951958700333876],[-161.48809799972284,12.970768899565201],[-161.48054500035141,12.98970989979216],[-161.47331200044837,13.008777600106271],[-161.4664309996908,13.027963599940335],[-161.45989999978508,13.047265099704703],[-161.45371999987802,13.06667419975463],[-161.44786100038479,13.086185499661212],[-161.4423829995757,13.105792000000918],[-161.43722500003364,13.125489199666958],[-161.43244900012118,13.14527029978467],[-161.42800900041496,13.165130599597603],[-161.42391999980808,13.185063400055981],[-161.42021199968397,13.205061000265061],[-161.4168399997661,13.22511959968989],[-161.41383399963928,13.245233500225993],[-161.41119400020287,13.265393300360643],[-161.40890499986577,13.285594900084732],[-161.40698200021905,13.305833800089943],[-161.40542600040951,13.326101300334869],[-161.40423600039102,13.34639260023846],[-161.4033970003712,13.366700200354103],[-161.40293899993483,13.387019200276029],[-161.23181199992376,13.407932300435448],[-161.23210099976126,13.431158099866536],[-161.23280299975855,13.454374299934159],[-161.23391699986956,13.477576299706584],[-161.23544300009431,13.500756300263163],[-161.23739600022515,13.52390480026645],[-161.23976099957039,13.547018099905529],[-161.24255399976718,13.570087400213481],[-161.24572800044677,13.593106299816043],[-161.24935899971797,13.61606689996762],[-161.25337200041741,13.638961800147115],[-161.25779700033121,13.661787000170079],[-161.26265000019728,13.684532200101103],[-161.2678990003385,13.707192399709641],[-161.27354399985563,13.729760200273176],[-161.27961700022431,13.752227800172989],[-161.28608700001496,13.774589500405284],[-161.29295300008081,13.796837799724813],[-161.30023200030649,13.81896690020244],[-161.30789200011563,13.840968099997951],[-161.31594800019997,13.862836799978481],[-161.32440199975241,13.884565399973383],[-161.33325199958003,13.906145100116419],[-161.34248399993658,13.927573199743506],[-161.35211199966898,13.948839200169118],[-161.36212199993028,13.969941100401627],[-161.37249799998264,13.990869499827681],[-161.38325499961846,14.011617700296767],[-161.39439399978318,14.032180799604362],[-161.40588399994655,14.05255130010255],[-161.41775499969341,14.072723400264863],[-161.42999300017675,14.09269049996675],[-161.44259600040502,14.112447699701704],[-161.45555099977875,14.131987599848003],[-161.46884200025804,14.151305200174988],[-161.48248299979053,14.170393000336844],[-161.49649000001341,14.189248100019938],[-161.5108179997508,14.207860899860805],[-161.52546699990205,14.226228700094566],[-161.54046600000581,14.244343799826652],[-161.55580100031582,14.262202299596595],[-161.57144200034796,14.279797600179222],[-161.58740199980238,14.297124900094218],[-161.60368299967061,14.314178500337675],[-161.62025500036791,14.330953600328542],[-161.63714599958814,14.347443599942324],[-161.65432699959129,14.363644599718668],[-161.67179900042345,14.379552800021827],[-161.68956000019378,14.3951615998281],[-161.70759600005528,14.410466200355017],[-161.72590599996184,14.425461800122093],[-161.74449200000572,14.440144499669088],[-161.76333600025612,14.454510699909008],[-161.78245499969839,14.468553500343887],[-161.80180399985463,14.482268300042165],[-161.82141100021741,14.495654099856949],[-161.84126300018724,14.508706100106565],[-161.86134299987947,14.521415699674947],[-161.88165300028567,14.533784899553609],[-161.90219100041426,14.545807800189948],[-161.92292799982724,14.557478900431022],[-161.94389299986199,14.568797100406016],[-161.96504200028801,14.579757700257801],[-161.98640399974471,14.590355900304701],[-162.00794999959274,14.600591699647339],[-162.02967799973982,14.610459300356581],[-162.05157499958648,14.619957000015688],[-162.07365399973222,14.629081699560913],[-162.09588599973901,14.637827899638012],[-162.11828600029858,14.64619830001169],[-162.14083899981992,14.654186199833418],[-162.16352800021696,14.661789900283793],[-162.18633999999093,14.669006299601165],[-162.20928999983354,14.675836600179082],[-162.23236099986016,14.682273899720826],[-162.25553900032452,14.688318299849811],[-162.27882400032726,14.693970699888041],[-162.30221599986842,14.699224499711022],[-162.32569900000877,14.704080600439511],[-162.3492739998951,14.708539000274754],[-162.37290999989651,14.712595899581231],[-162.39663699959777,14.716250399936143],[-162.42040999962171,14.719499600126596],[-162.44424399976072,14.722348200009549],[-162.46812400022236,14.724789600359884],[-162.49205000010733,14.72682569964644],[-162.51600599957715,14.728455499621759],[-162.53999299957718,14.729678199889179],[-162.56399500026896,14.730493500075113],[-162.58799700006142,14.730900800331824]]]},"properties":{"objectid":9328,"radii":50,"stormid":"ep122026","basin":"ep","stormnum":12,"advnum":"38","validtime":"2026090515","synoptime":"2026090512","timezone":"UTC","tau":0,"ne":80,"se":70,"sw":60,"nw":70,"idp_source":"ep122026_2026090515_forecastradii","idp_filedate":1788624164000,"idp_ingestdate":1788624266000,"st_area(shape)":4.4260530188937377,"st_perimeter(shape)":8.0195153124631453,"binnumber":"CP4"}},{"type":"Feature","id":9329,"geometry":{"type":"Polygon","coordinates":[[[-162.59252900041295,14.231813400068518],[-162.60598799964637,14.065451600011443],[-162.61798099962334,14.065247499772454],[-162.62994400001551,14.064841300285934],[-162.64189099966981,14.064231899882429],[-162.65383900026956,14.063418400139199],[-162.66577100013149,14.062403699571234],[-162.67767300040856,14.061185799884868],[-162.68955999999392,14.059765800051764],[-162.70141599994835,14.05814549961525],[-162.71324200031799,14.056323099931262],[-162.72503700015736,14.054300299819147],[-162.73678599967405,14.052078200049039],[-162.74848899976746,14.049657799767772],[-162.76014699958429,14.047037099782472],[-162.77175899997778,14.044219999553491],[-162.78333999984105,14.041206400155374],[-162.79483000000442,14.037995299743443],[-162.80628999968366,14.034589800079345],[-162.8176569995708,14.030991599982485],[-162.82897900008072,14.027199700306085],[-162.84022499978383,14.023217200113834],[-162.8513949995795,14.019043899756298],[-162.86250300011329,14.014681800225048],[-162.87350500025548,14.010131799942769],[-162.8844300004441,14.005394899854878],[-162.8952789998259,14.000474000275005],[-162.90603600036104,13.995369899801176],[-162.91668699960528,13.990083700102844],[-162.92724600000281,13.984617199824072],[-162.93771399980116,13.978971499735053],[-162.9480590002226,13.973151199868141],[-162.95831300004483,13.967154499780463],[-162.96844499963694,13.960985200007087],[-162.97846999969065,13.954644199870074],[-162.98838800020596,13.948134399682942],[-162.99818399959182,13.941456800391165],[-163.00785799964689,13.93461610005312],[-163.01739499967942,13.927609400153813],[-163.02681000038115,13.920443499567966],[-163.03608700011489,13.91311840009422],[-163.0452419996185,13.905635799652543],[-163.05425999999892,13.898000700272235],[-163.06314100035681,13.890213000329823],[-163.07186899995432,13.882275600138996],[-163.08046000042859,13.874190300142402],[-163.08889800014251,13.865961999846547],[-163.09719799978777,13.857590700150809],[-163.1053309998257,13.849080099966784],[-163.11332699984109,13.840432200285932],[-163.121155000203,13.831650700019907],[-163.12881500001217,13.822737699984998],[-163.13633699975264,13.813695899945969],[-163.14366100025487,13.804528200216396],[-163.15084799983524,13.795236599989209],[-163.15785199996975,13.785823799928551],[-163.16468799955146,13.776295699587024],[-163.17135600037903,13.766652100214401],[-163.17784099996209,13.756896000150448],[-163.18415799989171,13.747032199976161],[-163.19029200037545,13.737062500134414],[-163.19624299961467,13.726989700214631],[-163.20201100030735,13.716817900226033],[-163.20759599975551,13.70654960028395],[-163.21299699971169,13.696187000130067],[-163.21821600026811,13.685735699842837],[-163.22323599974152,13.675197599689625],[-163.22807299976904,13.664575599984062],[-163.23271199965899,13.653872500315799],[-163.23715200026453,13.6430931003664],[-163.24140899962555,13.632238400182189],[-163.24546799974831,13.621314999887488],[-163.24932899973348,13.610323000206449],[-163.25299100043424,13.599268000318091],[-163.25645400005197,13.588151899590628],[-163.25971999957824,13.576978700007146],[-163.26278699982009,13.56575199975515],[-163.26564000008585,13.554474799872253],[-163.26829500021401,13.5431519000403],[-163.27075200020457,13.531784099756521],[-163.272995000219,13.520377199648181],[-163.27504000009586,13.508934000204079],[-163.27687099999656,13.49745849981008],[-163.2785029997136,13.485952399983432],[-163.27992200039992,13.474421499552705],[-163.28114300004933,13.46286680036269],[-163.28214999972263,13.451292999572388],[-163.28294400036523,13.439704899561605],[-163.28353899992482,13.428105399744538],[-163.28392000040762,13.41649719988601],[-163.28410299985347,13.404883399949085],[-163.28407300026868,13.393269500187444],[-163.28382899980841,13.381656599572523],[-163.28337100027136,13.370051399852343],[-163.28271499969739,13.358454699624815],[-163.28185999983904,13.346871400195084],[-163.28077700025827,13.33530430025337],[-163.27951000028619,13.323756200288528],[-163.2780149996924,13.312231999807068],[-163.2763209998142,13.300736399565324],[-163.27442899979843,13.289270399609393],[-163.27232399985263,13.277836800428133],[-163.27001999972313,13.266441300126019],[-163.26750199961751,13.255087899786872],[-163.2647860002736,13.243779200250003],[-163.26185600005428,13.232517199809081],[-163.25874300038907,13.221305799723041],[-163.25541699989455,13.210150699894996],[-163.25190699990804,13.19905279964712],[-163.24819899978394,13.188015900413632],[-163.24427799972983,13.177043899856244],[-163.24015800039132,13.166140600308609],[-163.23585499980831,13.15530869973685],[-163.23136899977945,13.14455129990273],[-163.22668499961296,13.133871099671637],[-163.22180200016209,13.123272899624737],[-163.21673600036604,13.112758600029508],[-163.21148700022479,13.1023331003924],[-163.20603899989985,13.091997100386038],[-163.20042399996754,13.081755600240911],[-163.19462599969006,13.071611400445931],[-163.18862900012817,13.061566400369202],[-163.18246500005964,13.051625299867851],[-163.17613200029149,13.041790000108563],[-163.16960100038577,13.032063500330423],[-163.1629179997658,13.022449500344294],[-163.15605199969994,13.012949900417709],[-163.14903299977306,13.003568600011022],[-163.14183000035416,12.994308500337183],[-163.13447600026711,12.985172300261581],[-163.12696800027291,12.976161999876524],[-163.11927799997963,12.967280399670869],[-163.11144999961772,12.958530399958136],[-163.10345499964845,12.949913999931312],[-163.09530599977199,12.941435799622582],[-163.08700600012673,12.933097800023575],[-163.07856800041282,12.924901000281068],[-163.06997699993852,12.916848199984599],[-163.06124900034101,12.908943199669068],[-163.05238299977555,12.901187899602007],[-163.04336500029444,12.89358429987567],[-163.03424100042176,12.886134100208722],[-163.02496299974257,12.878840399664853],[-163.01556399977869,12.871705100310294],[-163.0060420004379,12.864729900064958],[-162.99638400022135,12.857918700188009],[-162.98661800042029,12.851271599604786],[-162.97673000038913,12.844791399703468],[-162.96673599996635,12.838479999852268],[-162.95661900016665,12.832339300318608],[-162.94639599997535,12.826371199571327],[-162.93608100003803,12.820578599722751],[-162.92564399987063,12.81496049982735],[-162.91513099979574,12.809521699566915],[-162.90451000013633,12.804261199794666],[-162.89379899992383,12.799181899924861],[-162.88299599996535,12.794284800003652],[-162.87211600005327,12.789573699666619],[-162.86114500044133,12.785046599720943],[-162.850112999815,12.780706399580822],[-162.83897399965028,12.776555100237829],[-162.82778900006221,12.772593500289929],[-162.81651299987496,12.768820800239894],[-162.80519100026436,12.765241600119907],[-162.793792999847,12.761854200211303],[-162.78234900000626,12.758661300278902],[-162.77084400005049,12.755663900368859],[-162.75929299977204,12.752861000434962],[-162.74768100027785,12.7502545996702],[-162.7360229995617,12.747847600186731],[-162.72434999995247,12.745636900222905],[-162.71261600022814,12.74362559974179],[-162.7008509999736,12.741813699642648],[-162.68905600013423,12.740201000276102],[-162.67724599960312,12.738789599760366],[-162.66540500034043,12.737579300244647],[-162.65353399969425,12.736569400257736],[-162.64166299994741,12.735761600417675],[-162.62976099967031,12.735155100327745],[-162.61785900029255,12.734750700384666],[-162.60597199980788,12.734547600191718],[-162.59405499973838,12.734547600191718],[-162.58215300036059,12.734750700384666],[-162.57025100008352,12.735155100327745],[-162.55836499964494,12.735761600417675],[-162.54647800005958,12.736569400257736],[-162.53462200010514,12.737579300244647],[-162.52278099994311,12.738790499981747],[-162.5109559996196,12.740201000276102],[-162.49917599957266,12.741813699642648],[-162.48741100021741,12.74362559974179],[-162.47567699959379,12.745636900222905],[-162.46397400039973,12.747847600186731],[-162.45234700021382,12.750255599716297],[-162.44073499982031,12.752861999581739],[-162.42916899974946,12.755664799690919],[-162.41767899958609,12.758662199600963],[-162.40621899990686,12.761856099579461],[-162.39483600018119,12.765242600166005],[-162.38351399967127,12.768821699561897],[-162.37223800038333,12.772593500289929],[-162.36103800010355,12.776555999559889],[-162.34991499977733,12.7807082998483],[-162.33888200000422,12.785047499942323],[-162.32791100039228,12.789574599887999],[-162.31701699983461,12.794287700317227],[-162.30621299983,12.799183800192338],[-162.2955019996175,12.804263100062144],[-162.28489699979662,12.809522599788295],[-162.2743679998832,12.814962400094828],[-162.2639309997158,12.820580499990228],[-162.25361599977848,12.826373099838804],[-162.24339299958717,12.832341199686766],[-162.233291999626,12.838480900073591],[-162.22328200026402,12.844793299970945],[-162.21339400023285,12.851273499872264],[-162.2036289995786,12.857919700234106],[-162.19398500000767,12.864731800332436],[-162.18446399981366,12.871706999678452],[-162.17504900001126,12.87884139971095],[-162.16578700006991,12.886136100300916],[-162.1566470003587,12.89358520009705],[-162.14762899997828,12.901189799869485],[-162.13876300031214,12.908946000157925],[-162.13003499981531,12.916850999574081],[-162.12144500028646,12.924902899649226],[-162.11300699967322,12.933099700291052],[-162.10470599998183,12.941438699936214],[-162.0965729999439,12.949916800420169],[-162.08857699992853,12.958532300225613],[-162.0807339997742,12.967281299892193],[-162.07305900017263,12.976164800365382],[-162.06553600038603,12.985175099851119],[-162.05818200029898,12.994311299926665],[-162.0509800000269,13.003571500324597],[-162.04396100009998,13.012952799831965],[-162.03709399998803,13.022451399712452],[-162.03041100026738,13.032066299919961],[-162.02389500015406,13.04179190037604],[-162.01756300043203,13.051627200135329],[-162.01138299962565,13.06156919995874],[-162.00540199990229,13.071614299860187],[-161.99960299957868,13.081758499655166],[-161.99398799964638,13.091999099578914],[-161.98852500042835,13.102334999760558],[-161.98329200012563,13.112762500389238],[-161.97820999959174,13.123275799938369],[-161.97334299997939,13.133873900160495],[-161.9686579997668,13.144554100391531],[-161.96414200015312,13.155310600004327],[-161.95983899957008,13.166142499676766],[-161.95574999986252,13.177046800169819],[-161.95182799976229,13.188018799827887],[-161.94810499984578,13.199054699914598],[-161.94459499985928,13.210153600208628],[-161.94128400005647,13.221309700082713],[-161.93817100039126,13.232519100076559],[-161.93524200021807,13.243781999839541],[-161.93252599997484,13.25509070027573],[-161.93000799986922,13.266445199586428],[-161.92770399973972,13.277840600063769],[-161.92559799974782,13.28927229987687],[-161.92370599973202,13.300739299878899],[-161.92201199985382,13.312235800342023],[-161.92051700015935,13.323759999924221],[-161.91925000018728,13.335307099842908],[-161.91816699970718,13.346874199784622],[-161.91731299989496,13.35845850015977],[-161.91665600017419,13.370055200387299],[-161.91619899978394,13.381661400153632],[-161.91595500022299,13.393272399601699],[-161.74490400011942,13.405820800189929],[-161.74510200025702,13.420336699779],[-161.74557499958649,13.434848799732436],[-161.74630700006793,13.449348400008773],[-161.74728400015641,13.463834800036125],[-161.74855000008236,13.478302000437111],[-161.75004599982296,13.492744400234017],[-161.75183100030034,13.507160199883458],[-161.75384499964693,13.521542499786676],[-161.75613399998403,13.535890600271102],[-161.75868199967448,13.550195699671917],[-161.76147499987127,13.564456000244377],[-161.7645260002746,13.578666699608618],[-161.76785299991593,13.592822999881662],[-161.77139300038658,13.606922099675273],[-161.7752229998415,13.620957399764336],[-161.77929699975667,13.63492580018567],[-161.78361500013207,13.648823700053867],[-161.78819299990695,13.66264629968714],[-161.79299900030355,13.676388699578979],[-161.7980650000996,13.690046299697087],[-161.80337500035591,13.703617099949327],[-161.80892900017315,13.717095400432527],[-161.81471299980501,13.730476399666259],[-161.82075499964344,13.743758200081004],[-161.82702600014971,13.75693509997501],[-161.83354200026301,13.770003299712641],[-161.84028600009876,13.782958999658263],[-161.8472599997491,13.795799300397562],[-161.85446200002121,13.808518400404012],[-161.86189300006183,13.821113599912849],[-161.86956799966339,13.833579100095506],[-161.87744100030184,13.845913900006622],[-161.88555899964803,13.858113299789068],[-161.89387500003116,13.87017149971507],[-161.90243499997518,13.882088700333384],[-161.91117900031054,13.893858000246667],[-161.92015100036829,13.905477500086704],[-161.92932099966433,13.916941599775157],[-161.93870499983581,13.928249399989966],[-161.94828800019098,13.939395899601209],[-161.95806899978444,13.950377500421439],[-161.9680480004148,13.961192099835671],[-161.97822600032958,13.971835099610303],[-161.9885859996441,13.98230460037712],[-161.99914600008776,13.992595699931769],[-162.00988799993118,14.002705599583919],[-162.02079800032737,14.012632399965412],[-162.03189100016945,14.022372199817312],[-162.0431670003567,14.031923300320216],[-162.05461100019741,14.041279800122823],[-162.0662229996916,14.050441700124509],[-162.07798799994617,14.059404400292976],[-162.08991999980807,14.068165799811936],[-162.10200500043035,14.076724100037325],[-162.11425799980677,14.085075399710092],[-162.12664800010504,14.093217800361344],[-162.13919100026436,14.101147700206354],[-162.15187100044622,14.108863799724702],[-162.16468799975129,14.116363499875774],[-162.17762800023195,14.123645799714041],[-162.19071999962821,14.130705799732993],[-162.20393400015391,14.137542700435404],[-162.21725500021802,14.144155499976478],[-162.23069799961291,14.150539399573745],[-162.24424700029874,14.156693499905259],[-162.25793500020001,14.162617700246813],[-162.27169799996264,14.168310200155759],[-162.28558299995541,14.17376519990421],[-162.29954499990174,14.178986500027065],[-162.31361400028581,14.183967600224719],[-162.32775899967803,14.188711200261821],[-162.34201000036114,14.193212499557319],[-162.35632300030613,14.197470700412623],[-162.37071200015859,14.201486599627003],[-162.38517799996464,14.205257400308938],[-162.39968900004723,14.208781200392195],[-162.41429099982969,14.212058099701665],[-162.42893999998094,14.215087900386436],[-162.44363400040871,14.217866899937633],[-162.45837400025982,14.220397000421372],[-162.47317500022601,14.222676299771535],[-162.48800699982311,14.224703799740723],[-162.50286899990434,14.226479500328821],[-162.51776099957038,14.228002500415187],[-162.5326839997667,14.229271899778496],[-162.54762299980152,14.230288499714618],[-162.56257599958263,14.231050499780906],[-162.57755999989399,14.231558800198627],[-162.59252900041295,14.231813400068518]]]},"properties":{"objectid":9329,"radii":64,"stormid":"ep122026","basin":"ep","stormnum":12,"advnum":"38","validtime":"2026090515","synoptime":"2026090512","timezone":"UTC","tau":0,"ne":50,"se":40,"sw":40,"nw":40,"idp_source":"ep122026_2026090515_forecastradii","idp_filedate":1788624164000,"idp_ingestdate":1788624266000,"st_area(shape)":1.6314249823621634,"st_perimeter(shape)":4.8175703786975337,"binnumber":"CP4"}},{"type":"Feature","id":9330,"geometry":{"type":"Polygon","coordinates":[[[-163.37885999978909,16.129079799892963],[-163.41963200041641,15.96271510042169],[-163.45887799991968,15.96205039980623],[-163.49810799958445,15.96071910010653],[-163.53730799966436,15.958724000012751],[-163.57647700011339,15.95606609957099],[-163.61556999975559,15.952742600091085],[-163.65458700038968,15.948759099852737],[-163.69354199996326,15.944112800165726],[-163.73240699988307,15.938809400033904],[-163.77116400021836,15.932846099867731],[-163.8097839996318,15.926227600423545],[-163.84829700040618,15.918953899902704],[-163.88667300025867,15.911032700099156],[-163.92488099955841,15.902459099707812],[-163.96293599989639,15.89324000012607],[-164.00080899993532,15.883377100173163],[-164.03849799958294,15.872875200430315],[-164.07597400019986,15.861735300044188],[-164.11325099973376,15.84996219959595],[-164.15029900039846,15.837558699574458],[-164.18711900044144,15.824529599661446],[-164.22367900018563,15.810879700437965],[-164.25999500036889,15.796611799694915],[-164.29603599956164,15.781728699719849],[-164.33178699977015,15.76623730011147],[-164.36724900014116,15.750144000445403],[-164.40243500037488,15.73345280000683],[-164.43728600044849,15.716168399552146],[-164.47180200036195,15.698293700294187],[-164.50599699986157,15.679839100194442],[-164.53984100026187,15.660806700069315],[-164.5733339997642,15.641203900439791],[-164.60644499963695,15.621036500134494],[-164.63920599955716,15.600311299826785],[-164.67155500026297,15.579033899594947],[-164.7035220004399,15.557212799831007],[-164.73507699960376,15.534852999866189],[-164.76621999955327,15.511961000000269],[-164.79693599959663,15.488545399550674],[-164.82719400010293,15.464613900311406],[-164.85703999959622,15.440172200386883],[-164.88641399980617,15.415228800169132],[-164.91534400022536,15.389793399745713],[-164.94378699977014,15.363870600048301],[-164.97174100014695,15.33747010026508],[-164.99922200029499,15.310600300063925],[-165.026198999684,15.283268900339635],[-165.05267300015876,15.255482699966763],[-165.07862900012819,15.227254900093726],[-165.10406500039937,15.19859219977036],[-165.12896700032672,15.169500399623871],[-165.15335099974877,15.139992699903303],[-165.17718499988774,15.110076000207357],[-165.20045500009809,15.079760599572126],[-165.22318999991847,15.04905700028047],[-165.2453460000178,15.017971000261582],[-165.26692200034995,14.986516000313316],[-165.28793299980802,14.95469759961469],[-165.30836500044433,14.9225311001303],[-165.32820099967631,14.89002229978945],[-165.34742699955632,14.857182500372232],[-165.36607399971524,14.824024199757162],[-165.38410900042996,14.79055309964599],[-165.40152000024773,14.756780599844944],[-165.4183199997681,14.722718199985081],[-165.43449400009794,14.688380200186202],[-165.45005800017648,14.653771400130154],[-165.4649810003728,14.618903199623105],[-165.47926299978752,14.583788899638137],[-165.49292000005786,14.548438100438148],[-165.50591999970814,14.512861299809288],[-165.51828000042161,14.477068900209701],[-165.52998399966177,14.441073400417224],[-165.54104599987292,14.404884299970604],[-165.55143699971768,14.368514999667639],[-165.56117199988782,14.331974999946453],[-165.57025100038328,14.2952746996678],[-165.57865899961305,14.258426700132247],[-165.58641100006753,14.22144219969789],[-165.59347500027096,14.184330900250984],[-165.59986900015414,14.147107100112692],[-165.60560600031658,14.109780299721194],[-165.61067200011263,14.072361899781981],[-165.61505099970378,14.034864399972207],[-165.61875899982789,13.997298200052057],[-165.6217799997471,13.959672900284261],[-165.62413000019927,13.922003700110793],[-165.62580900028505,13.884300199794495],[-165.62680100016595,13.846574800087069],[-165.62712099963434,13.808837899849323],[-165.11294599985794,13.77954670022018],[-165.1122130002297,13.750523600184124],[-165.11096200009615,13.721516599811366],[-165.10917699961877,13.692536400134884],[-165.10688800018099,13.663589499655814],[-165.10406500039937,13.634686499582415],[-165.10073899990485,13.605835000085335],[-165.09687799991968,13.577043499757849],[-165.09252899991333,13.548322699633047],[-165.08764599956316,13.519681000278069],[-165.0822600002987,13.4911250998436],[-165.0763700002752,13.462664600391122],[-165.06996199974643,13.434308999660743],[-165.06304900021112,13.406065899621694],[-165.05563400000901,13.377944899637555],[-165.04771399990111,13.349953699703633],[-165.03929099997958,13.322099700341028],[-165.0303650002445,13.294392599838773],[-165.02098100007302,13.266841900433519],[-165.01106299955771,13.239455199597899],[-165.00068700040467,13.212239299803969],[-164.98982200028502,13.185203599866384],[-164.97847000019027,13.158354799734354],[-164.96664399982066,13.131704300113483],[-164.9543460001677,13.105256999610958],[-164.94157400023985,13.079022399564224],[-164.92835999971413,13.05300810014387],[-164.91465800006657,13.027221699721792],[-164.90051299977503,13.001670800267334],[-164.88590999994645,12.976364100023318],[-164.87086500041934,12.951308299838331],[-164.85536199955655,12.926511800279513],[-164.8394470003787,12.901981400221587],[-164.82307399986513,12.877724600010424],[-164.80627400034476,12.853747399922725],[-164.78906199981137,12.830061000115222],[-164.77142300027117,12.806668300002173],[-164.75338700040967,12.783576999578997],[-164.7349239997427,12.760796500358367],[-164.71608000039163,12.738329899605333],[-164.69680800018898,12.716188400174644],[-164.67718499998767,12.694376899774227],[-164.65714999967267,12.672900199884452],[-164.63674899956661,12.651765799951818],[-164.61598199966946,12.630980499750422],[-164.59483300014276,12.610550900303963],[-164.5733489995566,12.590481800394912],[-164.55149800003261,12.570780800193916],[-164.52929699965674,12.55145170023593],[-164.50677499976635,12.532503099838323],[-164.4839019998773,12.51393800003882],[-164.46070899962055,12.495763799559825],[-164.43720999964168,12.477985399706597],[-164.41339100019442,12.460607500335982],[-164.38926700017186,12.443635900276718],[-164.36483799957395,12.427075400109743],[-164.34013399978417,12.410932500134891],[-164.31514000011083,12.395210300315227],[-164.28988600013872,12.379913299958957],[-164.26435900016764,12.365046500195945],[-164.23855600005928,12.350615500205322],[-164.21252400018238,12.336623200300608],[-164.18624899989135,12.323074300338817],[-164.15971400020086,12.309972799605134],[-164.13298000032668,12.297322299884343],[-164.10601799983075,12.285127599958912],[-164.0788269995663,12.273390799745755],[-164.05145299985597,12.262118299719873],[-164.02387999996196,12.251309400208811],[-163.99612399972273,12.240970599713535],[-163.96818500003764,12.231102900078895],[-163.94006300000737,12.221711199912079],[-163.91180399995454,12.212796199784918],[-163.88337700024829,12.204362899928014],[-163.85481299962015,12.196412099838653],[-163.8261109998227,12.188945799609087],[-163.79727200000272,12.181967699949553],[-163.768325999745,12.175479899877587],[-163.7392580001565,12.169483199789966],[-163.71011399976121,12.16397949995411],[-163.68084699998897,12.158971799608992],[-163.6515200001478,12.154459999829271],[-163.62210099966131,12.150446900204429],[-163.59262099995911,12.146931599613765],[-163.56308000014181,12.143917099994326],[-163.53349300000187,12.141403199897923],[-163.5038760002771,12.13939190031607],[-163.47422800002209,12.137883200349563],[-163.44453400034377,12.13687609995219],[-163.41485599960461,12.136373500336902],[-163.38368200002421,11.970009800012406],[-163.35102799964238,11.970562900157859],[-163.31840499979083,11.971671099641696],[-163.28581200042339,11.973329499856675],[-163.25324999978758,11.97554110004188],[-163.22071799963589,11.978304900151159],[-163.1882479996454,11.98161790004616],[-163.15585300041556,11.985482199643911],[-163.12352000044757,11.989894900429476],[-163.09126300038707,11.994853999612531],[-163.05911299986496,12.000359499891147],[-163.02705399994207,12.006409599923245],[-162.99510199955756,12.013002400340667],[-162.96327200030248,12.020133999884308],[-162.93158000021677,12.027805299674981],[-162.90002400010744,12.03601259990171],[-162.86862199990529,12.044754000297019],[-162.83737200041742,12.054024700279854],[-162.80628999968366,12.063824699850159],[-162.77539100019442,12.0741501004469],[-162.74467500015106,12.084997199561258],[-162.71415700024528,12.096363999798882],[-162.6838379996239,12.108244900182115],[-162.65373199983185,12.120638799940821],[-162.62385599985444,12.133541099941965],[-162.59420799959943,12.146946899779721],[-162.56478900001227,12.160854300086044],[-162.53564499961695,12.175257699883105],[-162.5067439996358,12.190152199664396],[-162.47810399999952,12.205535900061875],[-162.44976799999313,12.221400299784136],[-162.4216920002855,12.237745299905782],[-162.39390599956215,12.254562400034899],[-162.36642500031343,12.271847699811644],[-162.3392489998414,12.289595600057055],[-162.3124080004288,12.307801200365247],[-162.285872999839,12.326459899804661],[-162.25967400035475,12.34556579972201],[-162.23382599996984,12.365111399771422],[-162.20832800043678,12.385092699768393],[-162.18318200004919,12.405503300137354],[-162.15840100030584,12.426337199702118],[-162.13398700039966,12.447587999786492],[-162.10994000033068,12.469247799846244],[-162.08630400032928,12.491312999895172],[-162.06304899991133,12.513775800113194],[-162.04020699965324,12.536627799933171],[-162.01776099967032,12.559864000023708],[-161.99572799984725,12.583477999909917],[-161.97413599967658,12.607459999679406],[-161.9529419998733,12.631805400199198],[-161.93220499956101,12.656507499721499],[-161.91189600010026,12.681554800413835],[-161.89204400013043,12.706943499942724],[-161.87263499990524,12.732664099668625],[-161.8536830000703,12.758711799909804],[-161.83522000030268,12.785074199914504],[-161.81720000027971,12.811746599825881],[-161.79968300007033,12.83871940028024],[-161.78262300025119,12.865985900429109],[-161.76605199960002,12.893536599834363],[-161.74998499970789,12.921364800345373],[-161.73440599983695,12.949460999725488],[-161.719344999572,12.97781560040977],[-161.70475799958194,13.006421999575764],[-161.69070399988959,13.035271599704686],[-161.67716999989551,13.064354900358524],[-161.66415400040671,13.093662300375001],[-161.65165699967071,13.123186099758811],[-161.63967900038548,13.152917899741396],[-161.62823499964543,13.182847000189042],[-161.61733999994095,13.212965999681273],[-161.60696399988859,13.243265199929169],[-161.59715299981102,13.273734999770568],[-161.58787500003115,13.304367100261629],[-161.57914700043364,13.335150699645226],[-161.57095300028067,13.366079300319598],[-161.56333899989485,13.397139499688308],[-161.5562739996453,13.42832570037092],[-161.54975899957807,13.459626200388982],[-161.54382300013128,13.491032600074561],[-161.5384369999675,13.522534399842812],[-161.53361499973238,13.554124799919691],[-161.52935800037133,13.585789699834891],[-161.52566500003965,13.617522199989651],[-161.52255200037445,13.649312999595395],[-161.51998899999228,13.681151400316992],[-161.51802100006901,13.713028899963888],[-161.5166170000744,13.74493409962912],[-161.51579299984698,13.776858300170545],[-161.00157199974791,13.808696699992822],[-161.00187700032322,13.849335699882772],[-161.00291399958132,13.889963200141722],[-161.00470000010483,13.930566800017971],[-161.00720200037193,13.971134200383176],[-161.01043700026727,14.011652899761657],[-161.0143889999523,14.052111599970488],[-161.01907300011879,14.092494999944449],[-161.0244899999135,14.132794399641966],[-161.03064000023573,14.172995599667331],[-161.03750600030159,14.213086100343389],[-161.04509000020326,14.253054599889992],[-161.05340599968704,14.292888600428682],[-161.06242400006747,14.332575800133213],[-161.07217400003,14.372104600447074],[-161.08262599998983,14.411459899954536],[-161.09379599978547,14.450633999559557],[-161.10568200022405,14.489612600041596],[-161.11827099980673,14.528386100238492],[-161.13154600044749,14.566937400440793],[-161.14552300018622,14.605259899624798],[-161.16018700012987,14.643338199598361],[-161.17556799986323,14.681163799969511],[-161.19160500017054,14.71872329994045],[-161.20832799973732,14.756004299658855],[-161.22573899955512,14.792996400263803],[-161.24381999969316,14.829686200058234],[-161.26254299975955,14.866065999946102],[-161.28195199998473,14.902124400121124],[-161.30200200009216,14.937846200242063],[-161.32270799987421,14.973224599635728],[-161.34405500043783,15.0082463998516],[-161.36602800019199,15.042900999681535],[-161.38865699962076,15.077177000218512],[-161.41186499966992,15.111066800392678],[-161.43573000033916,15.14455700030544],[-161.46018999966867,15.17763710037201],[-161.4852450003564,15.210298500375643],[-161.51089499970439,15.242528900288676],[-161.5371400004106,15.274321600161841],[-161.56395000019228,15.305664100318097],[-161.59133899969501,15.336547900365474],[-161.61929300007182,15.366963400041016],[-161.64779699973167,15.396900199584707],[-161.676849000381,15.426347699586813],[-161.70645100031334,15.455301300015094],[-161.73655700010539,15.483745599979613],[-161.76719700024128,15.511677700065945],[-161.79834000019076,15.539087300338792],[-161.82997100016144,15.565963699765064],[-161.86210599999183,15.592301399889834],[-161.89472999988951,15.618086800265758],[-161.9277950003389,15.643319099596908],[-161.9613489999563,15.667986899875643],[-161.99533100042524,15.692080500115139],[-162.02977000038513,15.715595199558948],[-162.06462099955939,15.738524399881271],[-162.09989900043843,15.76085659965247],[-162.13558999967867,15.782589000182327],[-162.17166100025489,15.803714799898216],[-162.20813000029921,15.824222599893233],[-162.24497999992698,15.844112400167262],[-162.28218099955342,15.863372800014872],[-162.3197330000778,15.882000900021637],[-162.35760500007061,15.899990100063178],[-162.39582800006207,15.917333600365509],[-162.43437199956804,15.93402670017224],[-162.47320599985693,15.950063699580198],[-162.51232899998328,15.965439799807029],[-162.55174300003935,15.980152099639838],[-162.59139999961022,15.994193099631957],[-162.6313170003792,16.007560699866531],[-162.67149399964828,16.020248400043783],[-162.7118839997467,16.032255200117504],[-162.75250199956756,16.043573400092498],[-162.79331999961821,16.054202999968595],[-162.83433499976036,16.064140299935048],[-162.87551899960206,16.073377599996377],[-162.91686999995045,16.081918699788275],[-162.95835900036749,16.089754099772051],[-162.99999999970015,16.09688759958317],[-163.04177900000076,16.103315399586165],[-163.08364900000126,16.109031700053038],[-163.1256260004395,16.114036599909298],[-163.16769399967825,16.118330000229491],[-163.20982399997754,16.121913900206494],[-163.25202900013818,16.124778699577462],[-163.29426599997583,16.126928299601502],[-163.33654800009006,16.128362700278558],[-163.37885999978909,16.129079799892963]]]},"properties":{"objectid":9330,"radii":34,"stormid":"ep122026","basin":"ep","stormnum":12,"advnum":"38","validtime":"2026090600","synoptime":"2026090512","timezone":"UTC","tau":12,"ne":140,"se":110,"sw":100,"nw":130,"idp_source":"ep122026_2026090515_forecastradii","idp_filedate":1788624164000,"idp_ingestdate":1788624266000,"st_area(shape)":13.133051517409042,"st_perimeter(shape)":13.97191378412972,"binnumber":"CP4"}},{"type":"Feature","id":9331,"geometry":{"type":"Polygon","coordinates":[[[-163.3879699999155,15.130903199822967],[-163.41052200029,14.964538600176411],[-163.43156400027831,14.964182900320736],[-163.45259099957488,14.963469499617872],[-163.47358700013987,14.962400399958653],[-163.49458299980552,14.960976599590538],[-163.51554899988636,14.959193199906395],[-163.53645299980602,14.95705890004831],[-163.55732700014087,14.954569799656667],[-163.57817099999158,14.951726899676828],[-163.5989379998887,14.948530200108792],[-163.61964399967076,14.944983499688874],[-163.64030500007561,14.941084899948294],[-163.66085799999664,14.936836200430434],[-163.68135099984869,14.932241400420423],[-163.70176699974715,14.92730140013964],[-163.72207600010725,14.92201330017383],[-163.74227900007571,14.91638369974811],[-163.76239000029818,14.910410900043132],[-163.78237900029055,14.904099500191933],[-163.80224600005278,14.897450400415778],[-163.82200600027662,14.890462900142893],[-163.84161399978618,14.883146300161741],[-163.86109899991882,14.875495000394096],[-163.88044700002894,14.867515600065019],[-163.8996279996324,14.859210000341363],[-163.91867100006652,14.850580200416061],[-163.93756099974027,14.841628999878594],[-163.95625300017574,14.832358399720533],[-163.97479199985082,14.822771999927966],[-163.99316399991858,14.812873799786189],[-164.01133699980261,14.802667599829988],[-164.02932700024078,14.792154300280856],[-164.04711899964204,14.781335799607632],[-164.06471299980501,14.770218799558108],[-164.08210799978428,14.75880430017844],[-164.09928899978743,14.747097000426379],[-164.11625699986058,14.735101699983602],[-164.13299600016521,14.722817399703388],[-164.14952099959439,14.710255600116],[-164.16580200036194,14.69741440005464],[-164.18185399956235,14.684298500275702],[-164.19766200010113,14.670911800239537],[-164.21322600017967,14.657259900024485],[-164.22853100000557,14.643344900446948],[-164.24360700006292,14.62917609959743],[-164.25839200019058,14.614751799556018],[-164.2729339999041,14.600080499815363],[-164.28718599973402,14.585164099743565],[-164.3011780001645,14.570007300096961],[-164.31489599965059,14.554616899750272],[-164.3283389999448,14.538996700137716],[-164.34147599961761,14.523150400170948],[-164.35434000019077,14.507083900301893],[-164.36689800014253,14.49080279970957],[-164.37916600021066,14.474310899828311],[-164.39112899970348,14.457613000339848],[-164.40280200021206,14.440716699616132],[-164.41415400030678,14.423623100226052],[-164.42520099982619,14.406340600038789],[-164.43592799987721,14.388874100359601],[-164.44633499956049,14.371228200321298],[-164.45643600042101,14.353407900154593],[-164.46620200022204,14.33541970015915],[-164.47561599997834,14.317269300238138],[-164.48474099989716,14.298961599898064],[-164.49351499981731,14.280502299941304],[-164.50196800022294,14.261896100224988],[-164.51005599998433,14.243150699845046],[-164.51782200018508,14.224271799604026],[-164.52523800043329,14.205263100212051],[-164.53231799957595,14.18613150036856],[-164.53904699961925,14.166883500373388],[-164.54542499966394,14.147522899862054],[-164.55145299975607,14.128058399775455],[-164.55712899980341,14.108495700016704],[-164.56246899964455,14.088838600221379],[-164.56742899994831,14.069092800292651],[-164.5720370002073,14.049268699990648],[-164.57629399956835,14.029367400085562],[-164.58019999983006,14.009397499894817],[-164.58372499960896,13.989364600396129],[-164.58689900028855,13.969275499564787],[-164.58972200007017,13.949135800177203],[-164.5921630002222,13.92895130016251],[-164.5942540004217,13.908728599645315],[-164.5959779998847,13.888471599884554],[-164.59732099976424,13.868191699787246],[-164.59831199959902,13.847888900252656],[-164.59893799968884,13.827574700012519],[-164.59919699994151,13.807251000233634],[-164.4278109996778,13.789151199768185],[-164.42741400025582,13.771734199673688],[-164.42671200025853,13.754327799888188],[-164.42568999989351,13.736933700130294],[-164.42437699959876,13.719560600441469],[-164.42272900004323,13.702213299604239],[-164.42077599991239,13.684894599905988],[-164.41851800010554,13.667612999940161],[-164.41595499972337,13.650371599669711],[-164.41307099982672,13.63317679956981],[-164.40989700004644,13.616033599870889],[-164.40638700005994,13.598945599659828],[-164.40258800023594,13.581921599702184],[-164.39849899962906,13.564963299716624],[-164.39408900040698,13.548077600201225],[-164.38937399971024,13.53126910028891],[-164.38436900002924,13.514542599661411],[-164.37905899977295,13.497902899799101],[-164.37345899963304,13.481356599927267],[-164.36755399981715,13.464907600405581],[-164.36135900011769,13.448560700016458],[-164.35487399963529,13.432321499737554],[-164.34809900016865,13.416194899974812],[-164.34104899971149,13.400184599639715],[-164.33369399957834,13.384297400304945],[-164.32606500029945,13.368537900204046],[-164.31816100003005,13.352908100328705],[-164.30996699987708,13.337415699774851],[-164.30151400037073,13.322064400152101],[-164.2927700000354,13.306858100021429],[-164.28376800039283,13.291803400406764],[-164.27448999971364,13.276903199822925],[-164.2649379998887,13.26216219992574],[-164.25514199960352,13.247584300175447],[-164.245086999965,13.233176199622051],[-164.2347720000277,13.218939800331668],[-164.22419699979162,13.204880699684679],[-164.21337900004073,13.191002799839453],[-164.20231599978348,13.177310899578515],[-164.19102499980383,13.163807900114648],[-164.1794740004247,13.150497399635412],[-164.16769400037774,13.137386300437527],[-164.15568499966292,13.124476400265792],[-164.14344800012503,13.111770600333102],[-164.13098099987317,13.099276499910673],[-164.11830099969131,13.086994199722653],[-164.1053919997409,13.074928299801343],[-164.09228499965295,13.063083599828417],[-164.07896399958884,13.051463099942225],[-164.06542999959473,13.040069599732362],[-164.05169700031624,13.028906799909009],[-164.03778099979323,13.017979599978673],[-164.02365100019344,13.007288900162735],[-164.00935400008694,12.996839500142983],[-163.99485799979678,12.986633300186782],[-163.98019399985313,12.976676000197415],[-163.9653469995643,12.966967600174769],[-163.95034800035984,12.957511899754536],[-163.93515000007235,12.948313700417089],[-163.91981499976234,12.939373000363787],[-163.90431199979886,12.9306936001297],[-163.88865700002046,12.92227749980691],[-163.87287899996579,12.914128300280993],[-163.8569340003038,12.906248999891545],[-163.84085099967382,12.898640599584155],[-163.82463099992063,12.891304999626186],[-163.80830399972973,12.884246800049937],[-163.79184000041562,12.877465199559424],[-163.77525299992593,12.870964999635135],[-163.75857499973637,12.864746099552974],[-163.74177600026212,12.85880950025836],[-163.72486900030404,12.853160899855766],[-163.70786999970065,12.847798300051636],[-163.69076499960497,12.842724799909718],[-163.67359900029356,12.837942100047997],[-163.65632599964508,12.833452199659405],[-163.63897699998847,12.829254200321202],[-163.62158200000923,12.825350799999569],[-163.60409500028396,12.821743999685964],[-163.58654799959044,12.818431900012285],[-163.56895400032678,12.815420199982384],[-163.55130000009484,12.81270600018189],[-163.533615000232,12.810291299803794],[-163.5158840000465,12.808176999968737],[-163.49810799958445,12.806363099777343],[-163.48031600018319,12.80485150039658],[-163.4624940002978,12.803641299806259],[-163.44464099988215,12.802733400026511],[-163.42678800036583,12.802127800157962],[-163.40893599999632,12.801824600025384],[-163.38958699984011,12.635461799922268],[-163.36875899982789,12.635814700188405],[-163.34794599960813,12.636521300217964],[-163.32713300028766,12.637579000070957],[-163.30636600039054,12.638990399687316],[-163.28561400028582,12.64075280020171],[-163.26490799960442,12.642868000258147],[-163.24421699961476,12.645333300091863],[-163.22358699974018,12.648147599831987],[-163.20301799998063,12.651312799746051],[-163.18251000033618,12.654825200023083],[-163.16204800011502,12.658684699939101],[-163.14167799963988,12.662890400171989],[-163.12136800013303,12.667441399601046],[-163.10115100041827,12.672335600107999],[-163.08102400035725,12.677572300221641],[-163.06098900004224,12.683148399978791],[-163.04106100016494,12.689064000103656],[-163.02123999982607,12.695315399885942],[-163.00152599992487,12.701902399676158],[-162.98194900004623,12.708823199930862],[-162.96247899970598,12.716074000115157],[-162.94314600028761,12.723653800182888],[-162.92394999999243,12.731559799645197],[-162.90489199976591,12.739790000208473],[-162.88598600025364,12.748342499806654],[-162.86724900044095,12.757213600427463],[-162.84866300039707,12.766401300180007],[-162.83023100026037,12.775902699650032],[-162.81198100042275,12.785715099972037],[-162.79390000028471,12.795835500108353],[-162.77601600023814,12.806259200202078],[-162.75830099989116,12.816986100428323],[-162.7408140001659,12.828010599809488],[-162.72348000030169,12.839329700005806],[-162.70638999999844,12.850941700399289],[-162.68948400008645,12.862842599906173],[-162.6727910001045,12.875025700375886],[-162.65632599984494,12.88749119965928],[-162.64009100029935,12.90023420004843],[-162.62406899978444,12.913249999887739],[-162.6082919997759,12.92653559993812],[-162.59274300038908,12.940086400167388],[-162.57743799966389,12.953898400390983],[-162.56240799992918,12.967966999677458],[-162.5475920001706,12.982289300411026],[-162.53306600029561,12.996859599990671],[-162.51878399998154,13.011675800298065],[-162.50477599971254,13.026729599691407],[-162.49102799974233,13.042019800273692],[-162.47755399981716,13.057539899946562],[-162.46437099982171,13.073288000241178],[-162.45146199987133,13.089255300391926],[-162.43882800001211,13.105439199559555],[-162.42649799978278,13.12183480003614],[-162.41445900038249,13.138436300295155],[-162.40270999996645,13.155240100350511],[-162.39128099991814,13.172239299704074],[-162.38014199975342,13.18943120038972],[-162.36930800016401,13.206808999935561],[-162.35880999988152,13.224367100061784],[-162.34860200038193,13.242101700233434],[-162.33873000018929,13.260004999731109],[-162.3291629996726,13.278073299643211],[-162.31991600042301,13.296300900066626],[-162.31100499958097,13.314683000420246],[-162.30242899979842,13.333211899809442],[-162.2941890002221,13.351884800443315],[-162.2862700001603,13.370694200177354],[-162.27868700030473,13.389634099634122],[-162.27146900019412,13.408700899726853],[-162.26457199959802,13.427887899607015],[-162.2580110001075,13.447186499957127],[-162.25180099971629,13.466595600007054],[-162.24595599996934,13.486104999646159],[-162.24046300026717,13.505711599810638],[-162.23529100007951,13.525408699651905],[-162.23049900032854,13.545188900447556],[-162.22604399993057,13.565048200214392],[-162.22195400017688,13.584979999727352],[-162.21823100026037,13.604977599936433],[-162.2148590003425,13.625036200260581],[-162.21185300021571,13.645148300353924],[-162.20919800008755,13.665307999764536],[-162.20690899975045,13.685510600433986],[-162.20498700014986,13.705748600217873],[-162.20341499960247,13.726015999738763],[-162.20222499958399,13.746306400320236],[-162.20138500041736,13.766614000435936],[-162.20091200018857,13.786933899679866],[-162.02947999960222,13.807820299867103],[-162.02977000038513,13.831046100197511],[-162.03047200038245,13.854262400089851],[-162.03158599959411,13.877465200258939],[-162.03311199981886,13.900644299694818],[-162.0350649999497,13.923793799744203],[-162.03743000019426,13.946907999604662],[-162.04020699965324,13.969976399691234],[-162.04341099991763,13.992996200414439],[-162.04702800034187,14.015957799712851],[-162.05104100014196,14.038853600113669],[-162.05548099984819,14.061679800182787],[-162.06033299966813,14.084425900335191],[-162.06558199980935,14.107087099989826],[-162.07124300006433,14.129654899654042],[-162.077316000433,14.152124399821332],[-162.08378600022365,14.174486199878345],[-162.09066800012803,14.196736299640634],[-162.09794600030759,14.218866300339641],[-162.10562099990915,14.240867599959927],[-162.11370799962441,14.262737299986554],[-162.12217699986857,14.284466700378061],[-162.13102699969619,14.30604929993541],[-162.14027399984514,14.327477500286534],[-162.14990199957754,14.348746300301684],[-162.15992699963124,14.369850199727068],[-162.17031900042144,14.390779500273879],[-162.18110699968821,14.411529500286349],[-162.1922449998068,14.432093599640041],[-162.20376599960113,14.452466999552541],[-162.21566799987821,14.472639999936177],[-162.22790500031545,14.492608999905542],[-162.24052400038224,14.512367199686651],[-162.25349400044769,14.531909900321807],[-162.26679999982005,14.551229499841668],[-162.28048699967522,14.570320099593062],[-162.29449499994422,14.58917620022163],[-162.30885300016575,14.607791900376014],[-162.3235319999018,14.626160599931893],[-162.33856199963648,14.644277599931456],[-162.35391199973893,14.662137999968877],[-162.36956799956346,14.679734199873565],[-162.38557400023984,14.697064400102136],[-162.40187099994662,14.71411900039169],[-162.41847200018259,14.730897900018192],[-162.43539399993307,14.747390700120832],[-162.45260599956714,14.763591799721894],[-162.47010799998412,14.779501900292587],[-162.48788499959298,14.795111700144957],[-162.50596599973102,14.810419999583473],[-162.52430700016785,14.825417499618027],[-162.54292299979653,14.840100299889059],[-162.56179799967785,14.854468299672419],[-162.58094799965039,14.86851219997817],[-162.60034200008315,14.882232699579561],[-162.61998000007685,14.895620299837105],[-162.63986199963151,14.908672300086721],[-162.65997299985398,14.921384799968678],[-162.6803279996374,14.93375490006872],[-162.70089700029624,14.945778799851894],[-162.72166400019339,14.957453699728603],[-162.74266099990515,14.968772899749638],[-162.76387000040012,14.979735399868957],[-162.78526300038709,14.990335500183335],[-162.80683899981992,15.000572199747353],[-162.82861300028966,15.01044269987085],[-162.85055500041287,15.019941299751338],[-162.87266500018953,15.029066100020657],[-162.89495800031139,15.037815999908617],[-162.91738899960257,15.046186400282295],[-162.93997199960802,15.054174399928741],[-162.96269199963601,15.06177999974733],[-162.98556500042434,15.068999300277596],[-163.00855999964418,15.075827599863999],[-163.03166200020107,15.082266799673221],[-163.05488600008874,15.088313100069627],[-163.07821700041416,15.093965500107856],[-163.10166900002426,15.099221200198372],[-163.12518299979553,15.104079200295018],[-163.14878800016601,15.108537699955036],[-163.17248500028245,15.112594600160833],[-163.19624299961467,15.116249099616368],[-163.22007799979977,15.119502100341776],[-163.24394200042289,15.122347799911154],[-163.26786800030789,15.124790200307643],[-163.2918399996162,15.126829100083057],[-163.31584200030798,15.12845799983694],[-163.33987399968527,15.129678700012107],[-163.36390700000797,15.13049510006897],[-163.3879699999155,15.130903199822967]]]},"properties":{"objectid":9331,"radii":50,"stormid":"ep122026","basin":"ep","stormnum":12,"advnum":"38","validtime":"2026090600","synoptime":"2026090512","timezone":"UTC","tau":12,"ne":80,"se":70,"sw":60,"nw":70,"idp_source":"ep122026_2026090515_forecastradii","idp_filedate":1788624164000,"idp_ingestdate":1788624266000,"st_area(shape)":4.4335971469373314,"st_perimeter(shape)":8.0265190437116409,"binnumber":"CP4"}},{"type":"Feature","id":9332,"geometry":{"type":"Polygon","coordinates":[[[-163.39250200026703,14.63181400001622],[-163.40600599977699,14.465452199959202],[-163.41799899975396,14.465247200398096],[-163.42999299977703,14.464840900187539],[-163.4419709999616,14.464231499784034],[-163.4539179996159,14.463419000086901],[-163.46588100000807,14.462404300418257],[-163.47779800007757,14.461187399878725],[-163.48971600019317,14.459768300267001],[-163.50158699994,14.45814609956301],[-163.51342800010204,14.456323600054247],[-163.52523799973383,14.454300899766849],[-163.53701799978077,14.452078799996741],[-163.5487369997127,14.449657399669377],[-163.56042500001365,14.447036699684077],[-163.57206699999199,14.444219600354415],[-163.58364899990136,14.441205000010882],[-163.59516899964953,14.43799300027689],[-163.60664400002051,14.434588399934853],[-163.6180420004379,14.430989299616613],[-163.6293789998409,14.42719839998631],[-163.64064000023575,14.423214899747961],[-163.65183999961621,14.419041600289745],[-163.66294900019614,14.414678599637796],[-163.67398099992312,14.410127600208739],[-163.68493699974266,14.405390700120847],[-163.69578600002382,14.400469799641655],[-163.70655800035135,14.395364799845765],[-163.7172390000797,14.390077600101279],[-163.72781400031579,14.384612099868662],[-163.73829699990654,14.378967300001023],[-163.74867199991277,14.373144099820479],[-163.75892599973503,14.367147399732858],[-163.76908899985739,14.360978099959482],[-163.77912899970349,14.354636199601089],[-163.7890620000112,14.348126400313276],[-163.79887400013493,14.34144880012218],[-163.80856299998237,14.334606200415976],[-163.81811499980731,14.327600499663447],[-163.82756000009385,14.320432699709443],[-163.83685299966612,14.313107500410979],[-163.8460239999076,14.30562499979402],[-163.85505700008042,14.297987900321459],[-163.86395300023071,14.290201200425201],[-163.87269599962062,14.282262800188221],[-163.88130199988731,14.274178500237724],[-163.88975500029295,14.265948299674449],[-163.89805599998434,14.257575999932612],[-163.90621899960706,14.249065399748531],[-163.91421499962246,14.240418400289059],[-163.92204299998437,14.23163509958033],[-163.92974900011617,14.222722100444741],[-163.93725600006428,14.213679300359559],[-163.94461100019743,14.204510700408662],[-163.95179699973167,14.195218100135378],[-163.95881699970468,14.185806300120817],[-163.96566799997814,14.176277199733136],[-163.97233599990639,14.166632700139132],[-163.97883600018119,14.156877500296559],[-163.98516799990318,14.147011799854795],[-163.99130200038692,14.13704109996695],[-163.99726900036399,14.126968399871885],[-164.00303600011125,14.11679650005857],[-164.00863600025113,14.106527299895106],[-164.01405300004583,14.096165699787377],[-164.01927199970294,14.085714299675317],[-164.02429200007566,14.075175300200101],[-164.02914399989561,14.06455230044844],[-164.03379799957793,14.053849199880801],[-164.03823900022959,14.043068899710079],[-164.04251100028236,14.032215099747191],[-164.04658500019752,14.021290800130487],[-164.05044600018269,14.010298699725354],[-164.05410799998413,13.999241799569518],[-164.05757099960186,13.988125799566149],[-164.06083700002745,13.976952599982667],[-164.06391900006173,13.965726899776769],[-164.06677200032746,13.954448699847774],[-164.0694269995563,13.943125700191047],[-164.07188400044618,13.931757899907268],[-164.07412699956132,13.920350999798927],[-164.07618700012986,13.908907900179599],[-164.0780180000306,13.897430399693349],[-164.07965099979373,13.885925299912799],[-164.08106999958073,13.874393500160068],[-164.08229100012949,13.862839700292056],[-164.08329799980277,13.851266900447229],[-164.08410600019167,13.839677800390291],[-164.08468599995885,13.828077299627807],[-164.08506799958843,13.816469199593996],[-164.08525099993363,13.804856299878452],[-164.08520499961097,13.793242499941584],[-164.08497599984244,13.781630500447363],[-164.08453400014392,13.770024299781767],[-164.08386199973143,13.758428599600336],[-164.08299300012678,13.746844300124508],[-164.0819240002923,13.735276200136639],[-164.08062699983608,13.723729100217952],[-164.07914699993401,13.712204899736491],[-164.07745400010194,13.70070930039401],[-164.07553099955589,13.689242400216756],[-164.07344100030184,13.677810700403654],[-164.07112100033382,13.666416200147637],[-164.06860400027432,13.655061699937619],[-164.06588699998497,13.643753100225524],[-164.06295799981177,13.632491099784545],[-164.05984500014657,13.621280699744659],[-164.05650299981352,13.610125500091897],[-164.05297900008071,13.599026699622641],[-164.0492709999566,13.58799080043525],[-164.04534899985637,13.577019700099243],[-164.04122899961857,13.566116299827513],[-164.03692599993488,13.555284499979848],[-164.03241000032119,13.544528000367052],[-164.02771000031618,13.533847800136016],[-164.02282699996599,13.523250600135214],[-164.01776100016994,13.512737299686762],[-164.0124820004439,13.502311700224936],[-164.00704999995745,13.491975800043292],[-164.00140400039422,13.481734299898164],[-163.99559000027821,13.471590000278411],[-163.98959399986313,13.461545900423118],[-163.98341399995604,13.451604799921711],[-163.97706600039552,13.441771500254674],[-163.97055100032833,13.432044999577215],[-163.9638370000774,13.422430999591086],[-163.95696999996545,13.412932399710598],[-163.94993600024614,13.403552100249385],[-163.94271900018163,13.394292800072776],[-163.93534900025608,13.385156599997231],[-163.92781099977773,13.376145400290113],[-163.92012000033768,13.367264700305839],[-163.91226200039094,13.358515699739883],[-163.90426600037554,13.349900199934439],[-163.89610299985347,13.341422999671863],[-163.88780200016211,13.333084099851476],[-163.87934899975644,13.324888200330292],[-163.87074300038907,13.316836400079922],[-163.86200000009984,13.308931399764447],[-163.85310399994955,13.301176099697386],[-163.84408599956916,13.293573400192429],[-163.8349300000194,13.286123300350141],[-163.82565300028566,13.278829599806329],[-163.81623799958393,13.271695099949056],[-163.806685999759,13.264720899749875],[-163.79701199970395,13.257908799651545],[-163.78723100011049,13.25126360023512],[-163.7773280002869,13.244784400379899],[-163.76731900007172,13.23847389985076],[-163.757202000272,13.232332200270946],[-163.74694799955046,13.226365099569819],[-163.73660300002834,13.220572499721243],[-163.72618099965334,13.214955300047222],[-163.71562200015509,13.209516499786787],[-163.70500199964249,13.204256099839256],[-163.69425999979907,13.19917770019083],[-163.68344100000206,13.194282499637779],[-163.67254600029759,13.189570400153968],[-163.66155999999393,13.185043300208292],[-163.65049699973667,13.180704100114269],[-163.63934299977953,13.176551799825859],[-163.62814300039906,13.172590299702733],[-163.61686700021181,13.168819400095401],[-163.60551500011709,13.165240299800132],[-163.59410099986118,13.161852800066811],[-163.58262600038952,13.15865990013441],[-163.57112100043375,13.155662500224366],[-163.55952499987876,13.152860600336567],[-163.54791300038457,13.150255199617902],[-163.53623999987602,13.147846200042238],[-163.52453599973651,13.145636599949285],[-163.51278700021982,13.143625300367432],[-163.50100700017285,13.141813300443573],[-163.48919699964173,13.140201600223804],[-163.47735600037905,13.138790099883352],[-163.46550000042461,13.13757990019235],[-163.45362899977843,13.136570000205495],[-163.44172700040068,13.135762200365377],[-163.42981000033117,13.135155700275504],[-163.41789200021555,13.134751300332368],[-163.40596000035364,13.134550100406955],[-163.39402799959242,13.134550100406955],[-163.38211100042224,13.134752300378523],[-163.37019300030664,13.135156599597508],[-163.35829200007566,13.135762200365377],[-163.34638999979856,13.136570900426875],[-163.3345030002132,13.13757990019235],[-163.32264700025877,13.138790099883352],[-163.31080600009676,13.140201600223804],[-163.29899599956565,13.141814199765633],[-163.287216000418,13.143625300367432],[-163.27546700000198,13.145636599949285],[-163.26376299986248,13.147847200088336],[-163.25209000025322,13.150256199664],[-163.24046300006731,13.152861600382664],[-163.22889699999646,13.155663500270464],[-163.21736100040977,13.158660900180564],[-163.20590199987731,13.161853800112908],[-163.19450400035925,13.165241200021512],[-163.1831510002184,13.168820400141499],[-163.17186000023875,13.172591199924057],[-163.16064500016654,13.176553700093336],[-163.14952099979422,13.180705100160367],[-163.13844299974457,13.18504430025439],[-163.12747200013263,13.189571400200123],[-163.11654699994401,13.194283499683877],[-163.10574299993942,13.199178700236985],[-163.0950159998884,13.204258000106734],[-163.08438099958337,13.209517499832884],[-163.07383699987756,13.2149572003147],[-163.06338499991773,13.220573399942566],[-163.05304000039561,13.226366999837296],[-163.04281600015821,13.232335099685258],[-163.03268399966677,13.238475800118238],[-163.02267500035092,13.24478529970196],[-163.012771999628,13.251264600281218],[-163.00297500019602,13.257911699965121],[-162.9933169999795,13.264722800017353],[-162.98377999994696,13.271697000216534],[-162.97436500014456,13.278832400295187],[-162.96507299971907,13.286125199718356],[-162.95591700016934,13.293574300413752],[-162.94688399999652,13.301177999964864],[-162.93800399968475,13.308933300031924],[-162.92926000024875,13.316838300347399],[-162.92065399998202,13.324890099698507],[-162.91220099957638,13.333086000118954],[-162.903899999885,13.341424899939341],[-162.89575200005467,13.349902200026634],[-162.88774100024688,13.35851760000736],[-162.87988300030014,13.367266700398034],[-162.87219199996076,13.376147299658271],[-162.86465500042786,13.385158500264708],[-162.85728499960297,13.394295700386408],[-162.85008200018407,13.403554899838866],[-162.84304799956544,13.41293530002423],[-162.83616599966106,13.422433899904718],[-162.82946800014801,13.432047800066073],[-162.82295200003469,13.441773399622832],[-162.81658899978243,13.451607700235343],[-162.81040999992149,13.461548799837374],[-162.8044130003596,13.471593899738821],[-162.7985990002436,13.481737100387022],[-162.79296899961955,13.49197859963283],[-162.78752100019392,13.502313599593094],[-162.78225700026027,13.51274010017562],[-162.77719099956491,13.523253399724751],[-162.77229300032164,13.533851599771651],[-162.76759300031662,13.544530899781364],[-162.76309199959601,13.555287400293423],[-162.75878899991233,13.566120100362468],[-162.75465399988212,13.577023499734878],[-162.75074799962042,13.587994600070886],[-162.74702499970388,13.599030500157596],[-162.74349999992498,13.610128400405472],[-162.74017300028365,13.62128350023346],[-162.73704499992672,13.632494000098177],[-162.73413100044525,13.643755899815062],[-162.73141500020202,13.655065499573311],[-162.728882000304,13.666418999737175],[-162.7265780001745,13.677813499993192],[-162.72447200018257,13.689245199806237],[-162.7225650003744,13.700712199808322],[-162.72087099959688,13.712208700271447],[-162.71937599990238,13.723732899853587],[-162.71809400013791,13.735279999772331],[-162.71700999961172,13.746847200438083],[-162.71615599979947,13.758430499867814],[-162.71548500033242,13.770028100316722],[-162.71502699989605,13.781634300082999],[-162.71479800012753,13.793245300430385],[-162.54344200034797,13.80577749973196],[-162.54365500027797,13.820294400266505],[-162.54411299981501,13.834805500173843],[-162.54484600034257,13.849306099596959],[-162.54583700017733,13.863791499578156],[-162.547089000357,13.878257799757819],[-162.54859899984388,13.892701099776048],[-162.55036899962954,13.907117799646869],[-162.55239899971397,13.921501200320279],[-162.55468800005107,13.93584729981319],[-162.557219999903,13.950154300380802],[-162.56002799989221,13.964414600053885],[-162.56308000034167,13.978625300317503],[-162.56640599993688,13.992782599737325],[-162.56997700003845,14.006880800208876],[-162.57379199970094,14.020917899841322],[-162.57786599961611,14.03488640008743],[-162.58219899978394,14.048784299955628],[-162.58677699955879,14.062606799764126],[-162.59159899979392,14.076350199702119],[-162.59668000028171,14.090007799820228],[-162.6019899996387,14.103579500293847],[-162.60755900014766,14.117057799877728],[-162.61335799957195,14.130439800056877],[-162.6194000003097,14.143722499793682],[-162.62568699975515,14.156900399733786],[-162.63220199982234,14.169968600370737],[-162.63896200039594,14.182926199684516],[-162.64593500000018,14.195765500377661],[-162.65316799990319,14.208485600430265],[-162.66061399973623,14.221080799939102],[-162.66828900023708,14.233548200389293],[-162.67617799981477,14.245883899622413],[-162.68429600006027,14.258083300304179],[-162.6926420000282,14.270143500322433],[-162.70118700017983,14.282059699995273],[-162.70996100010001,14.293830900176033],[-162.71894799995016,14.30545040001607],[-162.72813399998404,14.316915499750678],[-162.73753399999401,14.328223200140712],[-162.74713100009549,14.339372600065587],[-162.75692700038067,14.350353199940344],[-162.76692199995026,14.361168900124767],[-162.77711499965744,14.371811899899399],[-162.78750600040152,14.382283200209656],[-162.79807999969216,14.392574299764249],[-162.80882299958168,14.402686099683876],[-162.8197629995627,14.412613900111523],[-162.83088699993502,14.422353699963423],[-162.84216300012227,14.431903800420173],[-162.85363799959393,14.441263199637092],[-162.86526499977984,14.450424200316718],[-162.87705999961921,14.459388700028626],[-162.88900800021895,14.468151999815063],[-162.90112300042605,14.476710300040452],[-162.91337599980247,14.485061599713219],[-162.92579699973166,14.493203199967866],[-162.93837000037513,14.501134900255579],[-162.95104999965767,14.508852999866178],[-162.96389800039233,14.516352700017251],[-162.97686799955846,14.52363590007684],[-162.98997499964645,14.53069590009585],[-163.00320399996454,14.537534700166418],[-163.01655599965957,14.544146499661395],[-163.03002900043793,14.550533299572237],[-163.04362499969389,14.556688300125074],[-163.05731200044838,14.562611600245305],[-163.07110599984193,14.568303100108096],[-163.08500699967323,14.57376100017018],[-163.0989990001037,14.578980400025557],[-163.11309800007257,14.583963399591369],[-163.12727399999503,14.588706999628471],[-163.14154099961735,14.593209299869443],[-163.15588400004648,14.597468400046751],[-163.17028799969134,14.60148430016045],[-163.18478399998153,14.605256099989163],[-163.19934100038677,14.608778999851097],[-163.21394300016925,14.61205769960327],[-163.2286219999053,14.615086600066661],[-163.24334699996399,14.617868400106715],[-163.25813300013778,14.620395700101597],[-163.27293400010393,14.622676799894521],[-163.28779600018518,14.624703399642328],[-163.30268899989736,14.626479100230426],[-163.31761200009365,14.628002200141566],[-163.33255000008236,14.629273399947579],[-163.347518999702,14.630289099662377],[-163.36250300001336,14.631051999949989],[-163.37750200011712,14.63155940014633],[-163.39250200026703,14.63181400001622]]]},"properties":{"objectid":9332,"radii":64,"stormid":"ep122026","basin":"ep","stormnum":12,"advnum":"38","validtime":"2026090600","synoptime":"2026090512","timezone":"UTC","tau":12,"ne":50,"se":40,"sw":40,"nw":40,"idp_source":"ep122026_2026090515_forecastradii","idp_filedate":1788624164000,"idp_ingestdate":1788624266000,"st_area(shape)":1.6341958559268985,"st_perimeter(shape)":4.8217411818108253,"binnumber":"CP4"}},{"type":"Feature","id":9333,"geometry":{"type":"Polygon","coordinates":[[[-164.07878100014295,16.929079100420267],[-164.11973600021616,16.762714400049674],[-164.15913400043368,16.762050599655595],[-164.19853199975191,16.760719299955895],[-164.23788499969291,16.758722299594581],[-164.27720599995686,16.756061599563282],[-164.31646700015185,16.752737000212505],[-164.35565200043939,16.748750700384676],[-164.39475999987403,16.744104399798346],[-164.43377699960877,16.73879619998479],[-164.47268699980512,16.732830000404363],[-164.51148999956376,16.726207700425164],[-164.55015600019917,16.718931200314785],[-164.58868399986662,16.711002299616553],[-164.62704499992674,16.702425000313667],[-164.66523700028725,16.693203000418293],[-164.70327799997963,16.683334399662954],[-164.74111900034151,16.672824899749457],[-164.77874799992017,16.661680199681598],[-164.81617700016835,16.649900400183469],[-164.85337799979479,16.637491200258808],[-164.89033499986027,16.624454500175204],[-164.92704800036483,16.610795999835659],[-164.96350099967131,16.596519499775241],[-164.99969499962447,16.581630699897005],[-165.03558299985548,16.566131600293261],[-165.07118200024902,16.55003169960338],[-165.10650599965209,16.533329000433184],[-165.14147899995581,16.516035100439694],[-165.17614699968422,16.498153700333148],[-165.21046400031329,16.479690599841433],[-165.24444599988291,16.460647600306629],[-165.27806099961535,16.441036199561097],[-165.31130999955676,16.420858400394991],[-165.34417699986858,16.400125500091917],[-165.3766629996976,16.378837600275176],[-165.40875200010464,16.35700419958431],[-165.44043000044408,16.334634800255969],[-165.47167999993198,16.311735200219459],[-165.50250200036695,16.288309100184961],[-165.53289800004259,16.264366100415316],[-165.56283600018119,16.239913900006627],[-165.5923159998834,16.214960100028748],[-165.62135299984098,16.189512299752948],[-165.64988699998497,16.163579899792694],[-165.6779629996926,16.13716890042457],[-165.70552099979423,16.110288599739249],[-165.73260499962095,16.082944899987297],[-165.7591709998417,16.055149100250901],[-165.78521700036418,16.026910799893642],[-165.81072999968967,15.99823669976405],[-165.83573900005473,15.969137199622196],[-165.86018399959184,15.939617199874021],[-165.88409399963828,15.909691800136613],[-165.90745500044784,15.879365899916479],[-165.93025200042939,15.848650899919221],[-165.95246899974447,15.817556400407682],[-165.97412099998408,15.786089899929095],[-165.99520900029506,15.754263899959142],[-166.01568600030859,15.722084999723108],[-166.03558299965565,15.689568500286214],[-166.05487099969679,15.656720199577705],[-166.07357799992468,15.623551400277051],[-166.09164400027032,15.590071699949135],[-166.10911600020316,15.556290599931401],[-166.12596100000007,15.522221599947045],[-166.14219699959179,15.487874999931421],[-166.15777600036205,15.453257599658627],[-166.17274499998169,15.418382600276914],[-166.18707299971908,15.383259799899974],[-166.20074499978185,15.347901299805301],[-166.21379099975476,15.312319800218745],[-166.22616600026063,15.276520699770629],[-166.23789999998493,15.240519500074981],[-166.24896200019609,15.204323800403188],[-166.25938399967177,15.167948700372335],[-166.2691349996804,15.131404900116195],[-166.27822899996829,15.094699899980526],[-166.28663600005129,15.057847000039146],[-166.29438799960641,15.020858799793928],[-166.30146799964839,14.983742699765912],[-166.3078770002233,14.946517000259519],[-166.31359899969399,14.909186400232329],[-166.31864899965154,14.871765099979541],[-166.32304399998054,14.834263799634812],[-166.32673600026612,14.796696700392545],[-166.32974200039291,14.759070399679331],[-166.33207700015336,14.721400300183859],[-166.33375500019304,14.683695799821464],[-166.33471699958977,14.645967499800406],[-166.33502200016511,14.608232499830137],[-165.81901599958863,14.579189299946393],[-165.81826800016799,14.550166100085562],[-165.81698600040352,14.521159200436898],[-165.81518600013371,14.492178900036322],[-165.81288099995811,14.463233899824729],[-165.81004300038407,14.434332800018865],[-165.8066709995669,14.405481299622409],[-165.80281099962787,14.376692800332592],[-165.79841600019816,14.34797290042917],[-165.79350300026317,14.31933310044235],[-165.78808599956915,14.290780100321513],[-165.78216599996085,14.262321500237192],[-165.775725999755,14.233968699995671],[-165.76876799994315,14.205729500316352],[-165.76130700031774,14.177611399746468],[-165.75335699972567,14.149622000255249],[-165.74490400021935,14.121772799675114],[-165.735946999954,14.094069499707757],[-165.72648599982895,14.066521599892042],[-165.71655300042056,14.03913780026943],[-165.70613100004553,14.011925700111135],[-165.69520599985694,13.984894799855283],[-165.68382300013127,13.958050699580269],[-165.67193599964659,13.931405100365225],[-165.65957599983244,13.904962499719716],[-165.64677400031979,13.878731700207936],[-165.63348399988661,13.852722199569996],[-165.61973599991637,13.826942400171788],[-165.60553000040912,13.801396400223837],[-165.59085099977375,13.776094399836836],[-165.57574500013158,13.751045199776286],[-165.56021099963783,13.726253499899258],[-165.54420499986077,13.701728799744444],[-165.52777100013148,13.677476899939109],[-165.51090999959672,13.653506299975902],[-165.49363699984758,13.629825600071513],[-165.47595199998474,13.606438599861633],[-165.45782500042336,13.583354000287045],[-165.43931600033306,13.560579299894925],[-165.42038000033668,13.538119300165704],[-165.40106199981136,13.515983599563583],[-165.38134799991019,13.494178800011753],[-165.36125200037944,13.472706799978994],[-165.34077500036591,13.451579099995627],[-165.31993099961585,13.430801399964764],[-165.29872099997408,13.410376500375321],[-165.27714499964193,13.390314100415537],[-165.25521900025657,13.370618800117654],[-165.23294099992714,13.351296400108936],[-165.21032700029076,13.332352600292381],[-165.18737799959493,13.313794099718052],[-165.16412400012243,13.295627600133798],[-165.14053300039757,13.277853999962247],[-165.11663800014352,13.260482799641636],[-165.09243800021346,13.243516900384805],[-165.06793199966197,13.226963000342323],[-165.04313700017235,13.210824999873978],[-165.0180659996461,13.19510840013271],[-164.9927060001817,13.179817200403591],[-164.96710200025703,13.164956099644428],[-164.94122300024119,13.150528900188704],[-164.91509999976509,13.136542300187159],[-164.88874800041981,13.122998199907158],[-164.86213699992254,13.109902399975908],[-164.83529699965672,13.097257600158287],[-164.80824300031412,13.085066799693209],[-164.78097500009611,13.073335599558391],[-164.75350999978659,13.062066099670915],[-164.72586099998509,13.051262900062909],[-164.69799800020746,13.040927900102645],[-164.66996799992319,13.031065000149795],[-164.64176899993933,13.02167609957246],[-164.61341900018664,13.012765900026409],[-164.58489999983505,13.004334399712889],[-164.55624400036024,12.996386499937159],[-164.52745099996361,12.988925000288646],[-164.49853500019003,12.981949800043367],[-164.46949800023245,12.975463900238935],[-164.44033799999863,12.969469999740852],[-164.41107200027253,12.963968299997191],[-164.38172899969351,12.958962400094833],[-164.35231000010634,12.954452499683271],[-164.32279999991999,12.950441400150623],[-164.29322799957245,12.946927099606114],[-164.26359600005529,12.943914400429378],[-164.23393199996175,12.941402399701133],[-164.20420799979928,12.939391100119337],[-164.17446899984438,12.937882400152773],[-164.14468399956684,12.936876299801554],[-164.11491399998104,12.936373700186266],[-164.08216899989935,12.603646300436537],[-164.04646299996739,12.604250000037609],[-164.0108030003581,12.605455400046822],[-163.97514299984948,12.607263600335045],[-163.93952899966354,12.609674500178187],[-163.90397599959263,12.612684200115893],[-163.86845400005197,12.616295800111232],[-163.8330230002112,12.620506300025852],[-163.79766800027792,12.625314699813657],[-163.76240500009061,12.630718199885166],[-163.72723399964929,12.636717800286419],[-163.69216899959957,12.643310499979748],[-163.65724199961852,12.650493600099708],[-163.62243699986757,12.658266999922262],[-163.58778399993156,12.66662500044356],[-163.55325300022571,12.675568599911117],[-163.51892099980421,12.685092899717688],[-163.48474100009699,12.695196200144665],[-163.45075999967418,12.705874400283506],[-163.41696199959654,12.717125900240262],[-163.38336199965647,12.728946699830487],[-163.34997599969256,12.741333000317866],[-163.31681800035037,12.754280100046742],[-163.28388999992347,12.767785999824184],[-163.25122099974925,12.781845999793177],[-163.2187810002429,12.796456300318141],[-163.18661499988227,12.811611199697268],[-163.15472399961283,12.827306700444012],[-163.12310800033387,12.843540199920426],[-163.09178200003919,12.860303900105066],[-163.06076000027372,12.877593999563544],[-163.03006000006886,12.8954048001915],[-162.99966400039324,12.91373349970138],[-162.96958900023211,12.93257049962898],[-162.9398500002772,12.951913799882107],[-162.91047700011339,12.971755999939603],[-162.88145399990211,12.992091200248808],[-162.85278299973558,13.012912799786022],[-162.82449300005183,13.034215899943945],[-162.79658499999766,13.055994000422913],[-162.7690580004263,13.078239400328187],[-162.74194300006931,13.100947399802806],[-162.71522500003366,13.124108299658417],[-162.6889190001117,13.147717499862893],[-162.66302500030343,13.17176719969666],[-162.63757300019373,13.196250000437317],[-162.61256399982864,13.221158999788145],[-162.58799700006142,13.24648760032261],[-162.56387300003885,13.272227299850158],[-162.54022200024502,13.298368499906474],[-162.51702899998827,13.324906300085843],[-162.49430799991418,13.351832399645673],[-162.47206100011499,13.379136100250946],[-162.45031700012936,13.406813599568125],[-162.42906200021108,13.434852600267448],[-162.40831000010635,13.463246299876971],[-162.38807699965372,13.491986299628138],[-162.36833200012163,13.521063799654769],[-162.34912100003405,13.550468400196678],[-162.3304440002903,13.580196399644251],[-162.31228600019867,13.610232399805568],[-162.29466199955155,13.640570600053309],[-162.27758799998614,13.671203599866374],[-162.26106299965764,13.702118899567722],[-162.24508700036469,13.733307800015098],[-162.22967500010108,13.764762899788138],[-162.21481300001986,13.796472499606296],[-162.20054600039751,13.828428299626466],[-162.18682900005822,13.86062049993626],[-162.17369100033932,13.893040699968481],[-162.16113300038757,13.925676300221198],[-162.14916999999542,13.958518999952048],[-162.13778700026975,13.991558099926522],[-162.12699900010369,14.024784999927931],[-162.11680600039651,14.058189400020922],[-162.10720800024893,14.0917596998504],[-162.09822100039878,14.125488300145093],[-162.08984399990061,14.159362800153247],[-162.08206199986134,14.193373700336167],[-162.07489000007337,14.227510500209576],[-162.0683289996835,14.261762600363852],[-162.06240800002911,14.2961216002318],[-162.05708299998039,14.330575000136264],[-162.05238299997538,14.365113299639233],[-162.04829400026782,14.39972399996276],[-162.04484600044248,14.434400599907917],[-162.04200699992302,14.469128599705243],[-162.03979500043883,14.503899599686918],[-162.03822299989145,14.538703000443263],[-162.03727700033323,14.573528299691418],[-161.69308499997268,14.607992200080105],[-161.69337499985627,14.64863110014528],[-161.6943970002213,14.68925949972629],[-161.69615200021457,14.729865099694734],[-161.69862399999752,14.770434400327474],[-161.70185899989286,14.810954099752053],[-161.70579499973937,14.851414700228361],[-161.71049499974436,14.891801800013184],[-161.71589699974666,14.932103199802953],[-161.7220310002304,14.972307200317175],[-161.72889700029626,15.012402499775703],[-161.73649599999032,15.052375799903359],[-161.74481200037343,15.092215500345219],[-161.75384499964693,15.131907499731483],[-161.76359599965559,15.171441999948456],[-161.77407800009954,15.210804000304506],[-161.7852629996876,15.24998379981264],[-161.79716499996471,15.288969000419172],[-161.8097690002391,15.327749300390053],[-161.82307399956534,15.366307299642301],[-161.83709699962674,15.404636399850119],[-161.85179100005453,15.442725200307905],[-161.8671879996264,15.480557399904228],[-161.88328600004877,15.518125500091912],[-161.90005499993822,15.5554171001192],[-161.91749600024013,15.592415799949322],[-161.93562299980152,15.629117999596133],[-161.95440699998298,15.665507299922069],[-161.97386199963151,15.701574300313837],[-161.99397299985398,15.737308500287213],[-162.0147249999587,15.772697400165043],[-162.03613299973807,15.807728799744439],[-162.05818200029898,15.842393900058596],[-162.08085600000433,15.876683199770014],[-162.104171999638,15.910583500428345],[-162.12809800042231,15.94408419992601],[-162.15263399965929,15.977175699798863],[-162.17776500025448,16.009847600286662],[-162.20350600020166,16.042091400098172],[-162.22984299975457,16.073896399999001],[-162.25675999997395,16.105251300007637],[-162.28422500028347,16.13614649986124],[-162.31228600019867,16.166574500113256],[-162.34088099955841,16.196521800141113],[-162.37004099979222,16.225984600309175],[-162.39971899963206,16.254949599644419],[-162.42994699965422,16.283407199682642],[-162.46069300018172,16.311351800345449],[-162.49194299966962,16.338771800378424],[-162.52369699991652,16.36566159970323],[-162.55595399997705,16.392009699588129],[-162.58868400026631,16.417808499862531],[-162.62190199967748,16.443054199991479],[-162.65554799994015,16.467733400076497],[-162.68968200022405,16.491838499946937],[-162.72424300041405,16.515365600142445],[-162.75923199965698,16.538305300049672],[-162.79464699965922,16.560649899673251],[-162.83046000002889,16.582393600184616],[-162.86668399956685,16.603529000163348],[-162.90330500032542,16.624050100232068],[-162.94027700018333,16.643949499869677],[-162.97763099967082,16.663219499980073],[-163.01533500001017,16.681858099571798],[-163.05335999986403,16.699857700272787],[-163.09173599971655,16.717208899671107],[-163.13041700014435,16.733911499915905],[-163.1694030002482,16.749957999762046],[-163.208694000028,16.765344599573723],[-163.24824500010658,16.780063600255062],[-163.28808600006877,16.794113199564663],[-163.32817099959189,16.807487499748447],[-163.36849999957525,16.820184700363768],[-163.40905800022645,16.832195300073181],[-163.44984399970076,16.843522999586924],[-163.49081399956634,16.854158400090228],[-163.5319980003074,16.864099499692315],[-163.57334899975646,16.873344399924235],[-163.6148679997583,16.881887399983668],[-163.6565399996212,16.889730499962752],[-163.69836400019838,16.896867800308883],[-163.74029500031392,16.903297399855262],[-163.78234899980643,16.909017599782544],[-163.82450899969049,16.914028200441237],[-163.86674500038137,16.918323500129588],[-163.90905800012652,16.921905499839113],[-163.95143099994061,16.924774199569811],[-163.99385100012347,16.926927600128806],[-164.03630099989115,16.928361900081768],[-164.07878100014295,16.929079100420267]]]},"properties":{"objectid":9333,"radii":34,"stormid":"ep122026","basin":"ep","stormnum":12,"advnum":"38","validtime":"2026090612","synoptime":"2026090512","timezone":"UTC","tau":24,"ne":140,"se":120,"sw":100,"nw":130,"idp_source":"ep122026_2026090515_forecastradii","idp_filedate":1788624164000,"idp_ingestdate":1788624266000,"st_area(shape)":13.694695534408536,"st_perimeter(shape)":14.253889728042259,"binnumber":"CP4"}},{"type":"Feature","id":9334,"geometry":{"type":"Polygon","coordinates":[[[-164.08793599964659,15.930903399672275],[-164.11057999976708,15.764539700247099],[-164.13169899970899,15.764183000345326],[-164.15280199981237,15.7634697003665],[-164.17388900007722,15.762400599807961],[-164.19496199969646,15.760974900071744],[-164.21598799984625,15.759193399755759],[-164.23698400041121,15.757058099851577],[-164.25796500028446,15.754566199870339],[-164.27885400041171,15.7517232998905],[-164.29971300005482,15.748524700054986],[-164.32051099958289,15.744976999588971],[-164.34123200005669,15.741078399848391],[-164.3618929995622,15.736828800109151],[-164.38244600038254,15.732233000053043],[-164.4029390002346,15.727290200182722],[-164.42332499964894,15.72200010012466],[-164.44360400042419,15.716370600423033],[-164.46379099965483,15.710395799726541],[-164.48385599955466,15.704080600239649],[-164.50379900012368,15.697429700020791],[-164.52362099960936,15.690443000144455],[-164.54331999971814,15.683122599628405],[-164.56286599996585,15.675469399593283],[-164.58229100002956,15.667488099896048],[-164.60156200018608,15.659179699683534],[-164.62066699988205,15.650548000390017],[-164.63961799967086,15.641594899585073],[-164.65838600001382,15.632323300280234],[-164.6770019996425,15.622733099952711],[-164.6954349998253,15.612833000442777],[-164.71368399961682,15.602621999905523],[-164.73173500017003,15.592104899821436],[-164.74960300037807,15.581286400047475],[-164.76725799975679,15.570162799873458],[-164.78469800001261,15.558746300401594],[-164.80195599996935,15.547038100428153],[-164.81898500015754,15.535038899625647],[-164.83578499967791,15.52275470006947],[-164.85237100012148,15.510185199587454],[-164.86869800031238,15.497343100204034],[-164.8848270003657,15.484222399844043],[-164.90068100032784,15.470832800393566],[-164.91628999978357,15.457179999957191],[-164.93165599972454,15.443263100112119],[-164.94677700005843,15.429088600258808],[-164.96163900013966,15.414663300171298],[-164.97621200038344,15.399987199849534],[-164.99052400028231,15.385067000142101],[-165.00456200013613,15.369908300228019],[-165.01834099973726,15.354515100291792],[-165.03179899982391,15.338891000319563],[-165.04499799965788,15.323042899910035],[-165.05790699960826,15.306973499727349],[-165.07052599967506,15.29069039994215],[-165.08282500027346,15.274193800203875],[-165.09483300004283,15.257494000447878],[-165.10652200038993,15.240592999867204],[-165.117919999908,15.223498299706932],[-165.12899799995765,15.206212999930131],[-165.13977100033131,15.188742599891214],[-165.15020799959942,15.171093900263429],[-165.16033900004473,15.153271699829247],[-165.17013500032994,15.135281599566326],[-165.17959599955566,15.117128400055776],[-165.18873600016619,15.09881690008001],[-165.19753999967116,15.080354699809675],[-165.20600899991533,15.061749500139456],[-165.21412700016086,15.043002099667319],[-165.22192399999253,15.024118399744509],[-165.22935500003314,15.005107899909774],[-165.23644999986752,14.985975300020243],[-165.24319499974936,14.966725299932762],[-165.24958799958642,14.947363899924198],[-165.2556460001627,14.92789550037719],[-165.26133700000247,14.908330900350904],[-165.26666300009731,14.888671900288102],[-165.27165199993976,14.868927999727532],[-165.27629099982971,14.849101099836048],[-165.28054800009005,14.829199799930961],[-165.28443899966004,14.809227899647965],[-165.28799399992309,14.789193199706517],[-165.29116799970333,14.769103999949778],[-165.29397599969255,14.748963400340813],[-165.29643199963701,14.728776900233925],[-165.29852299983651,14.708552400173289],[-165.30024700019882,14.688298200002066],[-165.30160499987076,14.668015500315221],[-165.30258199995924,14.647712699881311],[-165.30320700000297,14.627398499641174],[-165.30345199961002,14.607076600304993],[-165.13145399990211,14.589020700245271],[-165.1310579996269,14.571603799975549],[-165.13035599962961,14.554197300365274],[-165.12933300011778,14.536804199754158],[-165.12799100028437,14.519431100065333],[-165.12634299982949,14.502084700348803],[-165.12438999969865,14.48476699979733],[-165.12210100026087,14.467484499610123],[-165.11952200004018,14.450244899782433],[-165.1166230003511,14.433050200406569],[-165.11343399987911,14.415907900029708],[-165.1099090001002,14.398821800086125],[-165.1061100002762,14.381795899861004],[-165.10197400019987,14.364840500189075],[-165.09754900028605,14.34795569999568],[-165.09283399958935,14.331149100350842],[-165.0877839996318,14.314422599723343],[-165.0824580004363,14.297783899907188],[-165.07682799981225,14.281238600081451],[-165.07090800020396,14.264791499927924],[-165.06468199997425,14.248446499806278],[-165.05816699990703,14.232209199794852],[-165.05137599970254,14.21608350025349],[-165.04429599966059,14.20007510018587],[-165.03691099994262,14.184189800219258],[-165.02925100013348,14.168430300118416],[-165.02131700027925,14.15280339965733],[-165.01309199959601,14.137313799592334],[-165.00459299976706,14.121963500015625],[-164.99581899984688,14.106760000373868],[-164.98678599967405,14.091706299905979],[-164.97747800030939,14.076808899810999],[-164.96791099979274,14.062069900006009],[-164.95806900008421,14.04749389962393],[-164.94795200028452,14.033087700237331],[-164.93762199965548,14.01885409963711],[-164.92700200004219,14.004796999981693],[-164.91613799996864,13.99092010018262],[-164.90504500012656,13.977231000410484],[-164.89370699977815,13.963729900314775],[-164.88211100012248,13.950422300149171],[-164.87030000044459,13.937313999641503],[-164.85823099966083,13.924405100415186],[-164.84596299959267,13.911702199896752],[-164.83344999991749,13.899209999741856],[-164.82072400031228,13.88692949999654],[-164.80777000008536,13.874866500388805],[-164.79461699967473,13.863023799608811],[-164.78125000018727,13.85140510016538],[-164.76766999987052,13.840014500269092],[-164.75390600006176,13.828854599860051],[-164.73992900032303,13.817928300151095],[-164.7257540004467,13.807240499749412],[-164.71139500017904,13.796792999997081],[-164.6968539996123,13.786589599630474],[-164.68214400024533,13.776632299641051],[-164.66723599984144,13.766926799932037],[-164.65219100031433,13.757473900000605],[-164.63693199991178,13.748276699809992],[-164.62155200022454,13.739337900024225],[-164.60600299993843,13.730660400057559],[-164.59030199983735,13.722247100223626],[-164.57444799987522,13.714099899890584],[-164.55844100005203,13.706222499768671],[-164.54232799983725,13.698615100406698],[-164.5260619997614,13.691282300038267],[-164.50965899966303,13.684225099608796],[-164.49314900002625,13.677446400331235],[-164.47651700015936,13.670946099682908],[-164.45976300006234,13.664728199646845],[-164.4429020004269,13.658794399941769],[-164.42594900014615,13.653145800438494],[-164.40889000037313,13.64778610004862],[-164.39173899995481,13.642713500128082],[-164.37451199962899,13.637931800312458],[-164.35719299955721,13.633441899923866],[-164.33978299978554,13.629246700175202],[-164.32231099985268,13.625343299853569],[-164.3047789998509,13.621736500439283],[-164.28718599973402,13.618427300179917],[-164.2695310003553,13.615415600149959],[-164.25181600000832,13.612701400349465],[-164.23407000003039,13.610287700017466],[-164.21626299993741,13.608174300403789],[-164.19844100005204,13.606360400212452],[-164.1805879996364,13.60484889975703],[-164.16270399958984,13.603638600241368],[-164.14480599979697,13.602731699608398],[-164.12690699995801,13.602126099739849],[-164.1089779996349,13.601822899607271],[-164.08956900030904,13.435461999771633],[-164.06866500038939,13.435814900037769],[-164.04779100005453,13.436520599845949],[-164.02691699971967,13.437578199874167],[-164.00607299986896,13.438988700168522],[-163.98525999964917,13.44075200000492],[-163.96447799995966,13.442865399618654],[-163.94372599985493,13.445330599627596],[-163.92303499986528,13.448144900267096],[-163.90239000019827,13.4513082997384],[-163.8818049997009,13.454820600190658],[-163.86128200026403,13.458678199839198],[-163.84085099967382,13.462882999850706],[-163.82048000005187,13.467433000132985],[-163.80020100017595,13.472325300372461],[-163.77999900025358,13.477560000393851],[-163.75990299982351,13.483135199929677],[-163.73989900003875,13.489047999565685],[-163.72001600043799,13.495298400201136],[-163.70024100042176,13.501883499723874],[-163.68058799973633,13.508801500389097],[-163.66107199997273,13.516050299581821],[-163.6416780004393,13.523628200281337],[-163.62240600023665,13.531532300375488],[-163.60330199968746,13.539760599772023],[-163.58432000026772,13.548310299780667],[-163.56552100029384,13.557179500133941],[-163.54687500018105,13.566364299572911],[-163.52838099988315,13.575862900352718],[-163.51007099997659,13.585673299683151],[-163.4919430003691,13.595789900183888],[-163.47398399956185,13.606212600231459],[-163.45622299979152,13.616935699922749],[-163.43864400032027,13.627958299935756],[-163.42127999997194,13.639274599643215],[-163.40411399976119,13.65088269967697],[-163.38714599968804,13.662779800447595],[-163.37040700028277,13.674961999796608],[-163.35388199995427,13.687423700343629],[-163.33758500024749,13.700163800419205],[-163.32151800035535,13.713176699944881],[-163.30567900018562,13.726458500359627],[-163.29008499962296,13.740006400275263],[-163.27473400037374,13.753816600056211],[-163.25962799983225,13.767882299928317],[-163.24478100044274,13.782200800126986],[-163.23019399955336,13.79676909961438],[-163.21585100002355,13.811580699889532],[-163.20179700033123,13.826632500089943],[-163.18798800024592,13.841918900137273],[-163.17448399983664,13.857437100441985],[-163.16123999972612,13.873180400155491],[-163.14828500035242,13.889145899863536],[-163.13561999996296,13.905325899570755],[-163.12322999966469,13.921718599733708],[-163.11115999973413,13.938317300403241],[-163.09936499989476,13.955119100366346],[-163.08789099956991,13.972116500176469],[-163.07672099977424,13.989304499603122],[-163.06584199990829,14.006679499559368],[-163.05528300041007,14.02423480009611],[-163.04505900017264,14.041965499908031],[-163.03512599986493,14.059867900083646],[-163.02552799971733,14.077933299682172],[-163.01625099998358,14.096157999792013],[-163.00730900040998,14.114537199832057],[-162.99868800035085,14.133065199899193],[-162.99041700024429,14.151735300044209],[-162.98246799969834,14.170542699685996],[-162.97486900000428,14.189481699820703],[-162.96760599961712,14.208545700323953],[-162.96067800028939,14.227729799890483],[-162.95408600026863,14.247028400240595],[-162.947861000085,14.266433699755567],[-162.94198599985393,14.285942999569897],[-162.93644699982909,14.305547700366219],[-162.93127399959533,14.325241999718628],[-162.92645300030563,14.345022199614959],[-162.92198200006916,14.364879600013694],[-162.91787699962376,14.38481040037982],[-162.91412400012243,14.40480710036752],[-162.91073600036606,14.424863800424191],[-162.9076999997551,14.444975899618214],[-162.90502899978844,14.465134599881992],[-162.90272499965891,14.485337300376273],[-162.90078700021979,14.505575200335386],[-162.89921599971854,14.525841699634896],[-162.89800999986153,14.546131100170271],[-162.89717099984168,14.566438700285914],[-162.89668299982051,14.586758600429221],[-162.72465499962846,14.607590699551281],[-162.72491499992722,14.630814599614212],[-162.72561599987841,14.654032699949255],[-162.72672999998943,14.67723459989702],[-162.72825600021415,14.700414700278316],[-162.73020900034501,14.723565099649761],[-162.73257399969026,14.746679300409539],[-162.73535200009465,14.769751500131747],[-162.73855600035904,14.792770399734309],[-162.74217199983784,14.815731999931984],[-162.74620100037578,14.838632600014591],[-162.750641000082,14.861456899816233],[-162.75549299990195,14.884204900236114],[-162.76077299967412,14.906867000112129],[-162.76643399992906,14.929437600265203],[-162.77252200009016,14.951909099625368],[-162.77902200036493,14.974272700125141],[-162.78591900006171,14.996525800025779],[-162.79321300007982,15.018657700092945],[-162.8009030003731,15.040662800248185],[-162.80900599992688,15.062532399550719],[-162.81750499975587,15.084266700348053],[-162.8263700002752,15.105851200172879],[-162.83564800005507,15.127283100334978],[-162.84530600027162,15.148555799810424],[-162.85536199995624,15.169660600356565],[-162.86578400033127,15.190593699639692],[-162.87660200008216,15.211345699744413],[-162.88778699967023,15.23191449985444],[-162.89933799994867,15.252290700255742],[-162.91126999981057,15.272467600099787],[-162.92355299967113,15.292440399704844],[-162.93621800006056,15.312202499845625],[-162.94921899975697,15.331748000070263],[-162.96258500009759,15.351071400125136],[-162.97630299958368,15.370166799558319],[-162.99037199996775,15.389024699730271],[-163.0047759996126,15.407645199566446],[-163.01950099967132,15.426016800335219],[-163.03459200042042,15.444139500237895],[-163.04998799994615,15.462003699910952],[-163.06570399983966,15.479604700396749],[-163.08175699998549,15.496938700260955],[-163.09811399976121,15.513998000407526],[-163.11477700015834,15.530778900126279],[-163.13176000002392,15.547275499864554],[-163.14901699993453,15.56348319959011],[-163.16659500025898,15.579396199575115],[-163.1844479997753,15.59500979996244],[-163.20257600028211,15.610320999714531],[-163.22097799993466,15.625322300284097],[-163.23967000037015,15.640010799558866],[-163.25862100015894,15.654382699701955],[-163.27783200024655,15.668429399597244],[-163.29728699989505,15.682152699687492],[-163.31700099979622,15.695545200350864],[-163.33696000020376,15.708601000236115],[-163.35714700033373,15.721317299753707],[-163.37757900007071,15.733691200388705],[-163.39820899994533,15.745719899853611],[-163.41906700044163,15.757397700043953],[-163.44015499985329,15.768720599875905],[-163.46144100030185,15.779684100041322],[-163.48291000019628,15.790287999991335],[-163.50457800027442,15.800528500090365],[-163.52641299995989,15.810401899628118],[-163.54844699982911,15.819904300043561],[-163.57064800020495,15.829030999681038],[-163.59301800028041,15.837783799882573],[-163.6155400001708,15.846157999891943],[-163.63819900008372,15.854148899851964],[-163.66101099985767,15.861754399845836],[-163.68395999965418,15.86897559974426],[-163.70704700041867,15.875808699911715],[-163.7302399997761,15.882249799988415],[-163.75355500026296,15.888297999753036],[-163.77699300012677,15.893951399837363],[-163.80050699989806,15.899210899563514],[-163.82412700006091,15.904067000291946],[-163.84783899996978,15.908527400219498],[-163.87161300003984,15.912586199793452],[-163.89546199997125,15.91624359956262],[-163.91938799985624,15.919496499563934],[-163.94334400022535,15.92234520017098],[-163.96737699964874,15.924786599621996],[-163.99142499976384,15.926823600029252],[-164.01553299994791,15.928456300318146],[-164.0396580000166,15.929678899861472],[-164.0637969998316,15.930495299918277],[-164.08793599964659,15.930903399672275]]]},"properties":{"objectid":9334,"radii":50,"stormid":"ep122026","basin":"ep","stormnum":12,"advnum":"38","validtime":"2026090612","synoptime":"2026090512","timezone":"UTC","tau":24,"ne":80,"se":70,"sw":60,"nw":70,"idp_source":"ep122026_2026090515_forecastradii","idp_filedate":1788624164000,"idp_ingestdate":1788624266000,"st_area(shape)":4.4494165291235204,"st_perimeter(shape)":8.041149018977185,"binnumber":"CP4"}},{"type":"Feature","id":9335,"geometry":{"type":"Polygon","coordinates":[[[-164.09248399983665,15.431814199865585],[-164.106049000361,15.265451399762412],[-164.11807299996889,15.265247300422743],[-164.13011200026853,15.264841100036904],[-164.14213599987642,15.264231699633342],[-164.15414399964578,15.263417199844014],[-164.16613799966888,15.262403500221524],[-164.17810100006102,15.261185599635837],[-164.19004799971535,15.259764699581353],[-164.20198099962334,15.258142499776682],[-164.21386700006192,15.256322899682232],[-164.22572300001636,15.254299200248056],[-164.23753399969425,15.25207610043185],[-164.24931299969509,15.249652899661726],[-164.26103199962699,15.247033099897806],[-164.27270500013557,15.24421410030061],[-164.28433200032148,15.241200400178457],[-164.29591400023085,15.237988500269239],[-164.30741900018663,15.234583899927202],[-164.31886300002736,15.23098369973809],[-164.33023099996061,15.227191899886407],[-164.34155299957121,15.2232065002799],[-164.35278300033511,15.219033199922364],[-164.36393700029225,15.214668299902257],[-164.37499999965019,15.210118299619978],[-164.38600199979237,15.205381400431406],[-164.39689600035007,15.200458499860019],[-164.40770000035465,15.195352599842749],[-164.41842700040567,15.190064400052165],[-164.42904700001895,15.184596999552014],[-164.43956000009385,15.178951300362371],[-164.44996599973103,15.173129100227925],[-164.4602659998759,15.167132400140304],[-164.47047400027481,15.16096120009945],[-164.48056000044357,15.154619199916283],[-164.49050899969049,15.148106600139613],[-164.50036600009076,15.141427999902419],[-164.51007099977673,15.134584400150061],[-164.51968399971673,15.127578700296908],[-164.52914399979568,15.120410000121524],[-164.53848299969061,15.113082899656206],[-164.54766799967837,15.105598399846428],[-164.55673200038143,15.097962400244739],[-164.56565900016264,15.090174700302327],[-164.57444799987522,15.082234399797869],[-164.58306899993431,15.074147200433117],[-164.5915529999709,15.065918900137262],[-164.59989899993883,15.057544700127949],[-164.6080780002994,15.049033199722544],[-164.61610399989959,15.040384299995594],[-164.62397799968485,15.031601000186129],[-164.63168299977053,15.022687000105122],[-164.63923600004128,15.013644200019939],[-164.64660599996685,15.004474600022888],[-164.65382400007746,14.995180100381447],[-164.66085799979678,14.985768300366885],[-164.66772499990873,14.976236299665629],[-164.67443800011353,14.96659280011778],[-164.68095400022685,14.956835700007673],[-164.68730199978739,14.946969000419188],[-164.69346599985593,14.936997400309906],[-164.69944799962539,14.926924700214897],[-164.7052459999029,14.916750900134048],[-164.71086099983521,14.906481699970641],[-164.71627799962991,14.896120099862856],[-164.72152699977116,14.885666800382694],[-164.7265779997748,14.875125899740624],[-164.73142999959472,14.864502899988963],[-164.73608400017639,14.853798900099321],[-164.74057000020525,14.843017599882444],[-164.74484300030414,14.832161899652078],[-164.74891700021931,14.821237600035374],[-164.75279199995074,14.810245499630241],[-164.75646999959073,14.799189600419879],[-164.75994899994632,14.788073499692416],[-164.76322900011817,14.77689930006278],[-164.76629600036006,14.765671699589404],[-164.76916499956499,14.754395499752661],[-164.77183500038487,14.743069599782359],[-164.77429200037543,14.731701900222674],[-164.77656600002081,14.720295900335657],[-164.77860999985154,14.708851799770855],[-164.78045699959077,14.697373399962601],[-164.7820740004147,14.685868300182051],[-164.78350799999413,14.674335500383165],[-164.78472899964353,14.662781699615891],[-164.78573600021616,14.651207899724909],[-164.78654499975187,14.639618900392065],[-164.78714000021077,14.628019299850962],[-164.78752099979422,14.616412199863248],[-164.787689000347,14.604798300101606],[-164.78765899986288,14.593183500118585],[-164.78741500030193,14.58157060040304],[-164.78695699986557,14.569964399737387],[-164.78628500035239,14.558368699555956],[-164.78541599984842,14.546786300347605],[-164.78433200022155,14.535219200405891],[-164.78303499976533,14.523671200265824],[-164.78155499986326,14.512148900051841],[-164.77984600019266,14.500652299763942],[-164.77792399969275,14.489185299761914],[-164.77581799970085,14.47775550021629],[-164.77348299994043,14.466359099692852],[-164.7709659998809,14.455005600428251],[-164.76823399979918,14.443697900038217],[-164.76528899978743,14.432436899643335],[-164.76214599963811,14.421227499649547],[-164.7588200000429,14.410071399775404],[-164.75527999957225,14.398974399748909],[-164.75154099981722,14.387938499662141],[-164.74760399992456,14.376967400225453],[-164.74346899989436,14.366066000045976],[-164.73915100041825,14.355233200152213],[-164.73461900006671,14.344477699686252],[-164.72991900006173,14.333798399676539],[-164.72499100033431,14.323202099897117],[-164.71989400000803,14.312688800347985],[-164.71463000007438,14.302264200032937],[-164.70915200016461,14.29193020011877],[-164.70349099990963,14.281689600195023],[-164.69766200000123,14.271545400400043],[-164.6916349999552,14.261503199912909],[-164.68544000025574,14.251563100356918],[-164.67906200021108,14.241728799744465],[-164.67251599961361,14.232003200187648],[-164.66578699957029,14.222391099569734],[-164.65888999987351,14.212893499735344],[-164.65182499962395,14.203514099596134],[-164.64460799955944,14.194255800365056],[-164.63719200021058,14.185120600335551],[-164.62963899993983,14.176111200171874],[-164.6219180000156,14.167229699790937],[-164.61404400023034,14.158482600391835],[-164.60600299993843,14.149867999908395],[-164.59780899978543,14.141391799691917],[-164.58947799960993,14.133053800092966],[-164.58099399957334,14.124859799939941],[-164.57235699967572,14.11680889991095],[-164.56358299975557,14.108904799816798],[-164.55465700002046,14.101150499795892],[-164.54562399984763,14.093547800290878],[-164.53642300002136,14.086099599816805],[-164.52711499975734,14.07880690021841],[-164.5176539996323,14.071673400407235],[-164.50808700001497,14.064700100429434],[-164.4983830003751,14.057889899699262],[-164.48855599955965,14.051243800061457],[-164.47862200010513,14.044765500427616],[-164.46858200025903,14.038454999898477],[-164.45840500039037,14.032316199732975],[-164.4481349998303,14.026349099931167],[-164.43777499961647,14.020557400303915],[-164.42729200002572,14.014941199776672],[-164.41671799983575,14.009503399562391],[-164.40603600006128,14.00424480005762],[-164.39527900042546,13.999167399555972],[-164.38443000014431,13.994271299680861],[-164.37348900011719,13.98956010041843],[-164.36245700039018,13.985034899840912],[-164.35134899985638,13.980695699746889],[-164.34017900006071,13.976544400403895],[-164.32891799966586,13.97258379960283],[-164.31759600005529,13.968812899995498],[-164.30622900016814,13.965233799700229],[-164.29476899958959,13.961847300013005],[-164.28326399963379,13.958656300348139],[-164.27169799956295,13.955658000216658],[-164.26008600006878,13.952856999650976],[-164.24842800025192,13.950250599785477],[-164.23672500015854,13.947844499624068],[-164.22497599974253,13.945634799706397],[-164.21318099990313,13.943623500124545],[-164.20137000022524,13.94181160002546],[-164.1895140002708,13.940199899805691],[-164.17764299962465,13.938788400364501],[-164.1657410002469,13.937578199774237],[-164.15380900038497,13.936569200008705],[-164.14187599957765,13.935760499947264],[-164.1299130000848,13.935154900078714],[-164.1179660004305,13.934750599960353],[-164.10600300003836,13.934548399988785],[-164.09403999964618,13.934548399988785],[-164.08206200036096,13.934750599960353],[-164.07011399976119,13.935154900078714],[-164.05816700010689,13.935761499993362],[-164.04621900040647,13.936569200008705],[-164.03430200033696,13.937578199774237],[-164.02240000005989,13.938788400364501],[-164.01051299957518,13.940199899805691],[-163.9986720003125,13.94181250024684],[-163.98686199978138,13.943623500124545],[-163.97506699994202,13.945634799706397],[-163.96331800042529,13.947844499624068],[-163.95161400028582,13.950251599831631],[-163.93994099977724,13.952857999697073],[-163.92832900028307,13.955658900438038],[-163.9167630002122,13.958657300394236],[-163.90525800025642,13.96184830005916],[-163.89381400041572,13.965234799746327],[-163.88241599999833,13.968813900041596],[-163.87110900018013,13.972584699824154],[-163.85984799978527,13.976545299725956],[-163.84867900003573,13.980696699792986],[-163.83757000035516,13.985034899840912],[-163.82655300042055,13.989561099565208],[-163.81561300043953,13.994273199948339],[-163.8047640001584,13.999168399602127],[-163.79399099978474,14.004245800103718],[-163.78331000005639,14.009504299783771],[-163.77273599986643,14.01494310004415],[-163.76226800006808,14.020559299672072],[-163.75187700022332,14.026351000198645],[-163.74160799970934,14.032318100000452],[-163.73146100032483,14.038456900165954],[-163.72140499974086,14.04476739979583],[-163.71145599959462,14.051245700328934],[-163.70166000020876,14.05789179996674],[-163.69195599966957,14.064701999797592],[-163.68237300021372,14.071674299729295],[-163.67292799992717,14.078808799586568],[-163.66360499987076,14.086101500084283],[-163.65441899983691,14.093549699659036],[-163.64535500003313,14.10115240006337],[-163.63645899988285,14.108906700084276],[-163.6276700001703,14.116810800178428],[-163.61903400031878,14.124861700207418],[-163.61055000028222,14.133056599682448],[-163.60221900010669,14.141393699959451],[-163.59402499995372,14.149870900222027],[-163.5859990003535,14.158484499759993],[-163.57810999987652,14.167233500325892],[-163.57038899995231,14.176113100439352],[-163.56283599968157,14.185122499703709],[-163.55543500012507,14.194257699733214],[-163.54820300026816,14.203515999863669],[-163.54113800001861,14.212895400002822],[-163.53424100032183,14.222393999883309],[-163.5275270000709,14.232007999869438],[-163.52096599968107,14.241731600233322],[-163.51458699959028,14.251565899946456],[-163.50839199989079,14.261505100180386],[-163.50237999963718,14.271549200035679],[-163.49653599993636,14.281692499609335],[-163.49089100041925,14.291933100432402],[-163.48541299961016,14.302267100346569],[-163.48011800004559,14.312691699762297],[-163.47502099971928,14.323205000210748],[-163.47012299957669,14.333802200211494],[-163.46540799977927,14.344481500221207],[-163.46089200016559,14.355236999787849],[-163.45655799995166,14.36606790031351],[-163.45243799971382,14.376970299639765],[-163.44850199986732,14.387941399975773],[-163.44476300011229,14.398977300062484],[-163.44122299964164,14.410075200310359],[-163.43788100020791,14.421230300138404],[-163.43473800005859,14.432440800003064],[-163.43180799983924,14.443699800305694],[-163.42907699980361,14.455009499888661],[-163.42654399990559,14.466363000052525],[-163.42422499998369,14.477757500308542],[-163.42210400019937,14.489191100389121],[-163.42019700039117,14.500655200077574],[-163.41848799982125,14.512152699687476],[-163.41699200008065,14.523674999901459],[-163.41569499962446,14.535223000041583],[-163.41462699983609,14.546790099983241],[-163.41374200039292,14.558372500090968],[-163.41307100002655,14.569968200272342],[-163.4126280002819,14.581574400038676],[-163.41238399982166,14.593185400386062],[-163.24041699974467,14.60568810012586],[-163.24063099972079,14.620205899982409],[-163.24108900015716,14.634715099622269],[-163.24182099973928,14.649215699944762],[-163.24281299962016,14.663702000147339],[-163.24406399975371,14.678168300326945],[-163.24557500018602,14.69261459958426],[-163.24734499997169,14.70702930026215],[-163.24938999984855,14.72141270003624],[-163.25167800013952,14.735760699796572],[-163.25424199966847,14.750066800142861],[-163.25703399981916,14.764329900304801],[-163.26010100006101,14.778539700347039],[-163.26342799970234,14.792696999766861],[-163.26701399959632,14.806796999781852],[-163.27084399995056,14.820832299870858],[-163.27493299965812,14.834803599706504],[-163.27926599982595,14.848701499574702],[-163.28384399960083,14.862525899650677],[-163.28869600032007,14.876270299634768],[-163.29377699990854,14.889930700241734],[-163.29910300000336,14.903501499594654],[-163.30470300014326,14.916981700345332],[-163.31051600021317,14.930364599846541],[-163.3165739998901,14.943648299629444],[-163.32287600002729,14.956827199615702],[-163.32942199972544,14.969898199842191],[-163.3361970000914,14.982854800009136],[-163.34320100022589,14.99569800016269],[-163.35046399971372,15.008417100169197],[-163.35792500023848,15.021013299724132],[-163.36561599967857,15.033483499763861],[-163.37355000043209,15.045821199988552],[-163.38169900030854,15.058021499992378],[-163.39006000006887,15.070081700010576],[-163.39865099964385,15.082002600439807],[-163.40745500004815,15.093771900353033],[-163.41645799973682,15.105394400331477],[-163.42569000009334,15.116860400287408],[-163.43510399984964,15.128171000091697],[-163.44474800031989,15.139319399970475],[-163.45457500023599,15.150303800380243],[-163.46460000028969,15.16111949966529],[-163.47483800027342,15.171766299974877],[-163.4852599997491,15.182236700063811],[-163.49586499956999,15.192531600153359],[-163.50666800042779,15.202644300294367],[-163.51763900003974,15.212572099822694],[-163.52879299999688,15.222314799988169],[-163.54011499960745,15.231866799813076],[-163.55161999956326,15.241226199929315],[-163.56329300007181,15.250390100023253],[-163.57513400023385,15.259355499956484],[-163.58712800025694,15.268119799789076],[-163.59928899988736,15.276680000281942],[-163.61158799958642,15.285033200222131],[-163.62405399979218,15.293178600112469],[-163.63665800006657,15.301111199722243],[-163.6493990003635,15.308829300232162],[-163.66227699978364,15.316330899751335],[-163.67532299975656,15.323615099857136],[-163.68846100037479,15.330678000189721],[-163.70173600011623,15.337514899992755],[-163.71513400013393,15.344127700433148],[-163.72865300033561,15.350516299887488],[-163.74229399986811,15.356671300440325],[-163.75604199983835,15.362598400196134],[-163.76988199955457,15.368291900151235],[-163.7838289997085,15.373750700434641],[-163.79789700004645,15.378970100290019],[-163.81202699964624,15.383955000123308],[-163.82626299963763,15.38869860016041],[-163.84057599958263,15.393200900401382],[-163.85498000012683,15.397462800168228],[-163.86944599993288,15.401477800060547],[-163.88397199980787,15.40524959988926],[-163.89859000032817,15.408776300286149],[-163.91326900006422,15.412054099816999],[-163.92799400012294,15.41508389960245],[-163.94278000029669,15.417864800320444],[-163.95761099984767,15.420393899858709],[-163.97247299992893,15.42267320010825],[-163.98738100033282,15.424701700123478],[-164.00233500016006,15.426479300079791],[-164.0173189995721,15.42800239999093],[-164.03231799967585,15.429273599796943],[-164.04734800030988,15.430289300411005],[-164.06237800004459,15.431052199799296],[-164.0774229995717,15.431561500263172],[-164.09248399983665,15.431814199865585]]]},"properties":{"objectid":9335,"radii":64,"stormid":"ep122026","basin":"ep","stormnum":12,"advnum":"38","validtime":"2026090612","synoptime":"2026090512","timezone":"UTC","tau":24,"ne":50,"se":40,"sw":40,"nw":40,"idp_source":"ep122026_2026090515_forecastradii","idp_filedate":1788624164000,"idp_ingestdate":1788624266000,"st_area(shape)":1.6400080373206436,"st_perimeter(shape)":4.8304962608615849,"binnumber":"CP4"}},{"type":"Feature","id":9336,"geometry":{"type":"Polygon","coordinates":[[[-164.17865000019728,18.029075599859198],[-164.21830699976815,17.696351999745104],[-164.25486799955846,17.695735900291709],[-164.29141200036344,17.694507599945894],[-164.32792699983111,17.692665100414217],[-164.3643949998293,17.690210300165347],[-164.40081799955095,17.687141399656014],[-164.43718000005688,17.683460200228183],[-164.4734649997099,17.679172499811159],[-164.50965899966303,17.674272499576318],[-164.54577599966257,17.668767900418402],[-164.58177200037744,17.662654900003758],[-164.61763000012434,17.655939100209423],[-164.65338100033281,17.648622500228328],[-164.68897999982704,17.640705100060472],[-164.72444200019808,17.632190700240756],[-164.7597050003854,17.623083100404926],[-164.7948149998123,17.613384199921029],[-164.82974199979338,17.603097900048169],[-164.86445599984444,17.59222410006231],[-164.89897199975789,17.58077049995876],[-164.93325799985672,17.568736999912744],[-164.96733100002555,17.556133300011936],[-165.00115999973411,17.542953499804298],[-165.03471400025083,17.529211000087741],[-165.0680390000997,17.514907800055084],[-165.10105900027256,17.500045799973805],[-165.13382000019277,17.484630599922411],[-165.1662900001833,17.468667999628622],[-165.19845599964458,17.452163699894982],[-165.23028599979898,17.435119600089592],[-165.26182600006976,17.417545299576034],[-165.29301500034191,17.399442700420423],[-165.32386800040783,17.380821199638774],[-165.35436999957574,17.361682899846073],[-165.38450599985194,17.342033400221396],[-165.41427600033705,17.321880300035957],[-165.44366500033942,17.301233300276749],[-165.47267199981286,17.280096099855257],[-165.50126600002579,17.258472400381095],[-165.52946500000965,17.236373900235435],[-165.55725099983368,17.213804200303741],[-165.58460999975162,17.190771100406096],[-165.6115419997634,17.167282099989052],[-165.63803100003054,17.143344899947294],[-165.66406199986133,17.118965100359219],[-165.68965099999357,17.094156299873475],[-165.71476699989705,17.06891629964764],[-165.73942600030958,17.043260600396536],[-165.76359599975549,17.01719469967577],[-165.78727700003344,16.99072649982827],[-165.81047100033632,16.96386529984386],[-165.83315999983404,16.936618799717962],[-165.85534699956429,16.908994700345261],[-165.87702900028805,16.881004299908625],[-165.89817799981475,16.85264970012372],[-165.91880799968936,16.823949800243213],[-165.93890400011944,16.79490470009199],[-165.95846600020568,16.765525800375542],[-165.97747800010953,16.735824599825548],[-165.99592600008475,16.705808599687259],[-166.01383999971614,16.675487500048234],[-166.03118900027206,16.644870800447222],[-166.04795800016149,16.613966000330777],[-166.06417799991468,16.582784700053992],[-166.07980300010829,16.551336300230219],[-166.09487900016563,16.519630400222923],[-166.10934399992558,16.487676600295003],[-166.12321500017205,16.45548439998521],[-166.13650499970589,16.423063299731609],[-166.14921600041799,16.390424700239862],[-166.16130100014095,16.357576400430673],[-166.17280600009676,16.324533499921245],[-166.18368499996271,16.291301700413271],[-166.19397000031518,16.257890700195787],[-166.2036289996785,16.224311800149621],[-166.21267699964375,16.190576599730434],[-166.22111500025699,16.156694399726916],[-166.22892799992718,16.122676799594785],[-166.23611500040687,16.088531500228669],[-166.24269099968981,16.054271700079028],[-166.24864199982835,16.019907000307967],[-166.25396699987706,15.985447899601013],[-166.25865200008965,15.950903900194987],[-166.26271100021242,15.916288400189671],[-166.26614400024533,15.881607999709558],[-166.26895100018842,15.846875200230443],[-166.27111800029539,15.812102299981291],[-166.27265900031253,15.77729509958931],[-166.27355999959423,15.742469800341155],[-166.27383399963929,15.707633999709458],[-165.92794800029989,15.678690000443282],[-165.92717000039514,15.649668699950666],[-165.92587299993892,15.620661699577909],[-165.92405699983061,15.591681499901426],[-165.92170700027776,15.562738399957311],[-165.91883900021961,15.533840199565702],[-165.91545099956389,15.504991499658104],[-165.9115300004091,15.476203899690347],[-165.90710400044918,15.447485900054403],[-165.90216100003005,15.418849899703275],[-165.89669799991267,15.390298799849859],[-165.89071700018934,15.361846000392745],[-165.88423199970694,15.333493200151224],[-165.87722799957245,15.305258800153638],[-165.86970499978582,15.277144400293992],[-165.86170999981655,15.249160799631341],[-165.85318000035664,15.22131629980754],[-165.84416199997625,15.193617800421293],[-165.83465599957464,15.166074800112085],[-165.82464600021265,15.13869759971459],[-165.81414799993019,15.111491200358728],[-165.8031619996265,15.084464099738568],[-165.79168700015487,15.057628599680243],[-165.77973899955512,15.030987700322271],[-165.76731899967203,15.004550900303968],[-165.75440999972164,14.978329700155655],[-165.74105800002661,14.95232579959611],[-165.72721900035651,14.92655179992579],[-165.71292100020392,14.901014300369809],[-165.6981810003528,14.875719999978173],[-165.68298300006532,14.85067749986689],[-165.66734300007931,14.825893400160453],[-165.65126000034866,14.801377300222384],[-165.63473500002016,14.777131100320162],[-165.61778299978553,14.753170999941858],[-165.60040299959869,14.729497900208059],[-165.58261100019743,14.706119500214925],[-165.56439199999073,14.683043499957705],[-165.54577600036205,14.660277399782331],[-165.52674899976645,14.637824100002376],[-165.50732399970275,14.615697899838324],[-165.48750300026316,14.593900699557764],[-165.4673000002947,14.572439200009228],[-165.44673199968196,14.551320100242549],[-165.42576599960111,14.530549000336237],[-165.40444900042095,14.510133700110316],[-165.38275099985867,14.490080799689281],[-165.3607180000356,14.470394099608143],[-165.33833300016775,14.451080299816113],[-165.31561300013976,14.43214510021636],[-165.29255699990554,14.413596199904816],[-165.26914999967266,14.395434400177578],[-165.24545299955619,14.377671199766212],[-165.22143599997133,14.360308599662289],[-165.19711299976504,14.343350400400823],[-165.17250099972128,14.326805099675767],[-165.1475829999554,14.310674700277332],[-165.12237500030594,14.294965699807335],[-165.09690899955061,14.279681200027483],[-165.07116699955731,14.264828700384328],[-165.04516600021066,14.250410100246086],[-165.01890599971205,14.236430200193695],[-164.99241600029811,14.222893700084342],[-164.9656829995707,14.209804500277585],[-164.93872099997409,14.197165500187793],[-164.91154500040136,14.184982299893363],[-164.88415499995321,14.173256900385809],[-164.85655199957503,14.16199399972345],[-164.828765999751,14.151196500018614],[-164.80078099974327,14.140866299740082],[-164.77261400033578,14.131008099644248],[-164.74427800032936,14.1216258999155],[-164.71578999960872,14.112719500005085],[-164.68713400013391,14.104293800318771],[-164.658356000429,14.096351600446155],[-164.6294249999637,14.088892900387179],[-164.6003720001676,14.081922499823634],[-164.57119800018748,14.075440399654838],[-164.54190099993113,14.069449400369649],[-164.51252699972119,14.06395150026168],[-164.48304700001896,14.058948499773578],[-164.45346099992514,14.05444149967559],[-164.42382800036185,14.050432199686384],[-164.39411899999178,14.046920800354769],[-164.36436500024448,14.043909100324868],[-164.33453399964429,14.041397999818003],[-164.304688000151,14.039388700328402],[-164.27479600033507,14.037880899683898],[-164.2448879997813,14.036875699554002],[-164.21496600038054,14.036373099938771],[-164.18060300032812,13.537283900132024],[-164.14178499987776,13.537936199995784],[-164.10299699991154,13.539240799723245],[-164.06422399973772,13.541195899771083],[-164.02549699988657,13.543803199857905],[-163.98683200019659,13.547059099997625],[-163.94822699967622,13.550966299954894],[-163.90968300017025,13.555520099872865],[-163.87123100041026,13.560722400018903],[-163.83287000035017,13.566569300033336],[-163.79464700035871,13.573058100151343],[-163.75651600011324,13.58018969969504],[-163.7185209998442,13.58796120014938],[-163.6806639996438,13.596368800080199],[-163.64297499999617,13.605412500386706],[-163.6054380001635,13.615086600266523],[-163.56808499982282,13.625391999940973],[-163.5309299996197,13.636321100138787],[-163.49394199992327,13.647873899960643],[-163.45718400004148,13.66004559972481],[-163.42063900008969,13.672833399841693],[-163.38433799969886,13.686233499776336],[-163.34826700002196,13.700241099847005],[-163.31245399965229,13.714853299740128],[-163.27691700031923,13.730064399552532],[-163.24162299960167,13.745870599648583],[-163.20663500040487,13.762267100346548],[-163.17193600014622,13.779248199944618],[-163.13754299960968,13.796811099752574],[-163.10347000034017,13.814948999996489],[-163.06971699963975,13.833656299698589],[-163.03630100009102,13.852926299809042],[-163.00321999980306,13.872757000235538],[-162.97050500020552,13.893139799862013],[-162.93814099970729,13.914068200187444],[-162.9061890002221,13.935537299906628],[-162.87458799983625,13.957540499794391],[-162.8433839997717,13.980072000122846],[-162.81259199982085,14.003122299554605],[-162.7822109999376,14.026688600298826],[-162.75225800000661,14.050760300247816],[-162.72271700018933,14.075331700397783],[-162.69363399990908,14.100395199678871],[-162.6649930002267,14.125943199719018],[-162.63681000008137,14.151968999669748],[-162.6091000001648,14.17846490043496],[-162.58186299957768,14.20542139977789],[-162.55509900011867,14.232831000050737],[-162.52882399982764,14.2606877999022],[-162.50306700004194,14.288979500203936],[-162.4777980002774,14.317701300374836],[-162.45303300037259,14.346840900387406],[-162.42881799975081,14.376393300010932],[-162.40512099963433,14.406349200255534],[-162.38195799986173,14.436696999866797],[-162.35934400022535,14.467430099619548],[-162.33726500007961,14.498539900196363],[-162.31576499965493,14.530011200356739],[-162.29483000010435,14.561843900275903],[-162.27444499983679,14.594018900152264],[-162.25465399998203,14.626534500267098],[-162.23542800010205,14.659377100173174],[-162.21681199957405,14.692536399935022],[-162.19877599971252,14.726003599686521],[-162.18135100014845,14.759769400437619],[-162.16453599993636,14.793822299859414],[-162.14831500013707,14.828150700294714],[-162.13272099957439,14.862749099691314],[-162.11775199995475,14.897604000124659],[-162.10340900042496,14.932703999989769],[-162.08969100003955,14.968038599701742],[-162.07661400043568,15.003600100164647],[-162.06416300002235,15.039375300230063],[-162.05236800018298,15.075352700267047],[-162.04121400022586,15.111523600234079],[-162.03073099973577,15.147875799928386],[-162.02087400023484,15.184400600207653],[-162.01170299999339,15.221083600228098],[-162.00317399968026,15.25791550010041],[-161.99531599973352,15.294885599690815],[-161.98812900015315,15.331980699649705],[-161.98159800024743,15.369189300346079],[-161.97575399964728,15.406506499575414],[-161.97058100031285,15.443912499662247],[-161.96607999959224,15.481401400154652],[-161.96226499992972,15.518958999858114],[-161.95912199978039,15.556575800133203],[-161.95664999999741,15.594241099946942],[-161.95486500041935,15.631938900360126],[-161.95378099989316,15.669661499578694],[-161.78053300009779,15.707015999988528],[-161.78077699965874,15.74765399983238],[-161.78178400023134,15.788285299726965],[-161.78350799969436,15.828888899603157],[-161.78598000037664,15.869460099604055],[-161.78916899994931,15.909983599563589],[-161.79310599984194,15.950446100307431],[-161.79777500021601,15.990838099598761],[-161.80319200001071,16.031145100366246],[-161.80932599959513,16.071353899662881],[-161.81619299970708,16.111453999702462],[-161.8237920003005,16.151433899954668],[-161.83212299957668,16.191278499902978],[-161.8411559997495,16.230977999635115],[-161.85093700024228,16.270521199893608],[-161.86143499962546,16.309890699696155],[-161.87264999969764,16.34908099968851],[-161.88458299960567,16.388074900336505],[-161.89723200015661,16.426864600021418],[-161.91056800001311,16.465433099757888],[-161.92462199970544,16.503774599818087],[-161.93937700024827,16.541870100225083],[-161.9548489996815,16.579717599987362],[-161.97097799973483,16.617296199759949],[-161.98782300043104,16.654598200446742],[-162.00534099978722,16.691612200442819],[-162.023529000363,16.72832679994201],[-162.0423889995526,16.764730500212579],[-162.06193499980031,16.80080989955735],[-162.08212299997638,16.836559299871908],[-162.10298199961952,16.871961599648216],[-162.12448099999807,16.907009099790287],[-162.146622000305,16.941688500224245],[-162.16940300044803,16.975992199880238],[-162.19280999978159,17.009908700026642],[-162.21685799989669,17.043428400400501],[-162.2415009995714,17.076534300217929],[-162.26676900018913,17.109224299561902],[-162.29261799972082,17.141485199982128],[-162.31909200019558,17.173305500048912],[-162.34611499990723,17.204675700223504],[-162.37373400012393,17.235588099611221],[-162.40193200006166,17.26603509984011],[-162.43069499997418,17.295999499577363],[-162.45999100018443,17.325479500178915],[-162.48983799972382,17.354461699947649],[-162.52021799956094,17.382936500419305],[-162.5511169999495,17.410896299624653],[-162.58253499999017,17.438335400358596],[-162.61447099963684,17.465242400116836],[-162.64689600025014,17.49160580016769],[-162.67979400019289,17.517423600418965],[-162.71318100020292,17.54268459981455],[-162.74704000039563,17.567379000240805],[-162.78135700012538,17.591501199820641],[-162.81610099976126,17.615045500449639],[-162.85128800004108,17.637998600255344],[-162.88690200022705,17.660362199855797],[-162.9229279996274,17.682121300357892],[-162.95935100024838,17.703270000410328],[-162.99617000024523,17.723806399745683],[-163.03335600007927,17.743720999724474],[-163.07092300039608,17.763006200176164],[-163.1088409998122,17.781656300298152],[-163.14709500033391,17.799669299998357],[-163.18568400011642,17.817035699737914],[-163.2246090001052,17.833751699881191],[-163.26382399997755,17.849809600432877],[-163.30332899973348,17.865209600143089],[-163.34312400027233,17.879939999731334],[-163.38320899979541,17.894000999746481],[-163.42350800019398,17.907386799561266],[-163.46408099973826,17.920091600347234],[-163.50488299995041,17.932113599862873],[-163.54591399993106,17.943449000271301],[-163.58714300004934,17.95409390031341],[-163.62855499961347,17.964042699910806],[-163.67016600026062,17.973295200313373],[-163.71192899982341,17.981845900368171],[-163.75384500014655,17.989694600425594],[-163.79592900012318,17.996839500043052],[-163.83810399979967,18.003272999949104],[-163.88041700044414,18.009000800047033],[-163.92283599968155,18.014013300073884],[-163.96533199977191,18.018312500121908],[-164.0078889999773,18.021898300366388],[-164.05052200009015,18.024766900272368],[-164.09320099962636,18.026920299932044],[-164.13590999964669,18.028358500244735],[-164.17865000019728,18.029075599859198]]]},"properties":{"objectid":9336,"radii":34,"stormid":"ep122026","basin":"ep","stormnum":12,"advnum":"38","validtime":"2026090700","synoptime":"2026090512","timezone":"UTC","tau":36,"ne":140,"se":130,"sw":100,"nw":120,"idp_source":"ep122026_2026090515_forecastradii","idp_filedate":1788624164000,"idp_ingestdate":1788624266000,"st_area(shape)":13.759974681231133,"st_perimeter(shape)":14.275900267225971,"binnumber":"CP4"}},{"type":"Feature","id":9337,"geometry":{"type":"Polygon","coordinates":[[[-164.18786599981595,17.030902900148874],[-164.21063200016658,16.864540100045701],[-164.23187300033862,16.864179599608974],[-164.25309799977279,16.863468199897625],[-164.27429199957604,16.862398100192308],[-164.2954860002786,16.860971500234712],[-164.31664999959773,16.859189999918726],[-164.33776900043895,16.857051799700912],[-164.35884100001206,16.854558899673634],[-164.37986800020798,16.851715100371734],[-164.4008330002427,16.848516499636901],[-164.42175300000088,16.844966899802728],[-164.44258100001306,16.84106639979467],[-164.46336399974871,16.836814899787953],[-164.48403899989984,16.832218200409784],[-164.5046230003511,16.827272400401114],[-164.52513099999558,16.821981400121672],[-164.54553200010164,16.816347099838936],[-164.56582599977,16.810371399820383],[-164.58599900015366,16.804056200333491],[-164.60606400005349,16.79740139975496],[-164.62599199993076,16.790411000067763],[-164.64579799957795,16.783088700183498],[-164.66546600005577,16.775430699567266],[-164.68498199981937,16.767446499556456],[-164.70436099956041,16.759134299708307],[-164.72357199964799,16.750501600368693],[-164.74261500008211,16.741540900292478],[-164.76150499975586,16.732265499553307],[-164.78021199998372,16.722675300125161],[-164.79875199970493,16.712770499858834],[-164.81709300014177,16.702556599907325],[-164.8352510002334,16.692035700187546],[-164.8532100001413,16.681211499611152],[-164.87095600011924,16.670087799612418],[-164.88850399995954,16.658664700016004],[-164.90583799982375,16.64695170036083],[-164.92295799971183,16.634948699922688],[-164.93986499966991,16.622659699785459],[-164.95652800006707,16.610088299935228],[-164.97296099975026,16.597240399924658],[-164.98915099991862,16.584117900021226],[-165.00509599958065,16.570722599768317],[-165.02079799972782,16.557064100328091],[-165.03623999957625,16.543144200344727],[-165.05143699981761,16.528966900002558],[-165.0663600000139,16.514535900011936],[-165.08102399995755,16.499855000008381],[-165.09542799960244,16.484931899987316],[-165.1095279996174,16.469768500216276],[-165.12335200039442,16.454370499698939],[-165.13691700001945,16.438743600137173],[-165.15017699996849,16.422891600267292],[-165.16313200024155,16.406816500181492],[-165.17581200042341,16.390527699593804],[-165.18817100019143,16.374029199588051],[-165.20025599991439,16.357324600150321],[-165.21200600037653,16.340419799933954],[-165.22345000021727,16.323320399916668],[-165.23458900038199,16.306030299558813],[-165.24540700013287,16.288557099930358],[-165.25588999972362,16.270906400210322],[-165.26606799963838,16.253080400140504],[-165.27590900020013,16.235086400417174],[-165.28541599974852,16.216930400417766],[-165.29458599994388,16.198616000128425],[-165.30343599977149,16.180152899636767],[-165.31193499960048,16.16154100001728],[-165.32011399996105,16.142789799909451],[-165.32792699963125,16.12390330039716],[-165.335388000156,16.10489079957091],[-165.34252900031305,16.085756300313165],[-165.34930399977969,16.066503499736882],[-165.35572800014702,16.047138200267852],[-165.36180099961635,16.027669899646298],[-165.36750800019396,16.008102400205757],[-165.37287899966603,15.988442400096801],[-165.37786899955461,15.968694699900595],[-165.38250700029775,15.948864899695479],[-165.38678000039661,15.928961800247009],[-165.3907009995514,15.90898989996407],[-165.39425699986057,15.888954199976467],[-165.39744600033256,15.86886309995225],[-165.40026900011418,15.848720600075751],[-165.40271000026621,15.828534099968863],[-165.40480000041961,15.808309599908227],[-165.40652499992873,15.788051600101426],[-165.40788299960067,15.767770799782738],[-165.40885899964303,15.747468000248148],[-165.40946999994046,15.727153800008011],[-165.40972900019312,15.706830000404352],[-165.23681599965857,15.688840900187529],[-165.2364040004442,15.67142580036051],[-165.23570299959368,15.654017399583438],[-165.23466500028945,15.636626200139176],[-165.2333069997182,15.619253200275125],[-165.23164400037024,15.601906799659218],[-165.22965999970913,15.584590000228445],[-165.22738600006377,15.567308400262618],[-165.22477700025829,15.550068900259703],[-165.22186299987746,15.532875100205843],[-165.21864299977454,15.515734700096459],[-165.21510300020321,15.49864960019903],[-165.21125800005657,15.481626499563447],[-165.20710800023394,15.464671099891461],[-165.20265199978988,15.447788199965601],[-165.19789099966982,15.43098260036686],[-165.1928409997123,15.414256999960742],[-165.18746900019411,15.397622099780222],[-165.18179300014677,15.381079700268117],[-165.1758420000082,15.364632600114533],[-165.16958600019368,15.348289500260364],[-165.16303999959624,15.332052200248995],[-165.1562040000145,15.315931300389366],[-165.14906299985748,15.299924900413941],[-165.14164699960926,15.28404139999077],[-165.13394200042291,15.2682858002496],[-165.12596100019991,15.252659800009894],[-165.11769100013947,15.237172100212376],[-165.10914599998782,15.221824600225261],[-165.10032699979112,15.20662399999776],[-165.09123200035646,15.191574100064827],[-165.0818789998159,15.176677700016],[-165.07223500024497,15.161942499846646],[-165.0623470002138,15.147368399731988],[-165.05219999992997,15.132965999981025],[-165.04179400029281,15.118733400326278],[-165.03114300014926,15.10468199967471],[-165.02021799996066,15.090807900364439],[-165.00906400000352,15.077120799785234],[-164.99764999974761,15.063622500178383],[-164.9860079997693,15.050318699648415],[-164.97412100018394,15.037213300353642],[-164.96200599997684,15.024307299642317],[-164.94964600016269,15.011608099834064],[-164.93708800021096,14.999119800038898],[-164.92428599979897,14.986842199707894],[-164.9112700003102,14.974781999689696],[-164.89804099999208,14.962942100297823],[-164.88459799969786,14.951327300314802],[-164.87095600011924,14.939939500008052],[-164.85711700044914,14.928782499912586],[-164.84307899969599,14.917859099617885],[-164.82882699986607,14.907173200383056],[-164.81440700038269,14.89672950026636],[-164.79978899986239,14.886529000213329],[-164.7849879998962,14.876575499859541],[-164.77002000032269,14.866871799693911],[-164.75488300015027,14.857421899900885],[-164.73956299963265,14.848226500152975],[-164.72410599999182,14.839292500048998],[-164.70848099979821,14.830617000174584],[-164.69268799995115,14.822205499884035],[-164.67675800008155,14.814062100086005],[-164.66069000014332,14.80618570001019],[-164.64448500018253,14.798582999605912],[-164.6281280004068,14.791251200182899],[-164.61164900040097,14.784195900020904],[-164.59506199991128,14.777418100065404],[-164.5783390003445,14.77092079955537],[-164.56150800029391,14.764705700008165],[-164.54457099985169,14.758773799671246],[-164.52752699987107,14.753128099582284],[-164.51039100014447,14.747770300359207],[-164.49314900002625,14.742698699585446],[-164.47582999995444,14.737918900037357],[-164.45842000018277,14.733429899870146],[-164.44093299955821,14.729236600388958],[-164.42338599976401,14.725334200113366],[-164.40576200001621,14.721728300021141],[-164.38809199994577,14.718421000029252],[-164.37034599996784,14.715410200220674],[-164.35253899987487,14.712696999567015],[-164.33471699998947,14.710282300088238],[-164.3168329999429,14.708171799888817],[-164.29892000035764,14.706358899743577],[-164.28097500019604,14.704847300362758],[-164.2630160002881,14.70363809981859],[-164.24502599984993,14.702732100306321],[-164.22701999957323,14.702125500391674],[-164.20901500024198,14.701823199581156],[-164.1895140002708,14.5354585999346],[-164.16851799970584,14.53581240042206],[-164.1475220000402,14.536517100184142],[-164.12655599995935,14.537575700258515],[-164.10562100040877,14.538984300285392],[-164.08470199979737,14.54074669990041],[-164.06381199962399,14.542860999735467],[-164.04296899981941,14.545323400154928],[-164.02218600008376,14.548136699848953],[-164.00144999981757,14.55129910017348],[-163.98075899982791,14.554808600136937],[-163.9601289999533,14.558667199831518],[-163.9396059996171,14.562869999750831],[-163.91912799955745,14.567417099719535],[-163.89874300018923,14.572309499783728],[-163.87846400031327,14.57754140021558],[-163.85826100034481,14.583112700290997],[-163.83816499991474,14.589024499880907],[-163.81817599992237,14.595272100027557],[-163.79830900016015,14.601853399914603],[-163.77856399972873,14.608770399634352],[-163.75894199957355,14.61601540009076],[-163.7394560002941,14.623590500301475],[-163.72009300039159,14.631492600303375],[-163.70088200030401,14.63971610001812],[-163.68183899986988,14.648263899759286],[-163.66293300035761,14.657130199799042],[-163.64417999980708,14.666311300326413],[-163.62560999960172,14.675805099625791],[-163.60720799994917,14.685613599588066],[-163.58898899974247,14.695725400407014],[-163.57093800008855,14.706143399698249],[-163.5530849996729,14.716863599975284],[-163.53543100034031,14.727882400352655],[-163.517975000246,14.739196799792637],[-163.50070199959754,14.750799199923279],[-163.48367300030864,14.762692500158892],[-163.46684300030415,14.774870899872269],[-163.45024100002206,14.787328700059618],[-163.43385299971609,14.800064100278121],[-163.41770899987037,14.813072200122065],[-163.40177900000077,14.826350200001855],[-163.38610800038384,14.839894300281856],[-163.37068200037393,14.853697800113537],[-163.35549899987888,14.867761599718165],[-163.34056099989016,14.882077199603202],[-163.32589699994651,14.896638899865479],[-163.31149300030165,14.911447500002282],[-163.29736299980252,14.926495600391775],[-163.28347799980978,14.941776299636672],[-163.26989700034622,14.957291599627752],[-163.25659200012063,14.973030099659525],[-163.24356099994012,14.98899079968578],[-163.23081999964319,15.005168900024842],[-163.21838399992157,15.021556900330836],[-163.20623800008354,15.038152699787418],[-163.19438200012911,15.054947899626029],[-163.18283099985069,15.071941399975742],[-163.17159999993996,15.089126599812857],[-163.16067499975136,15.106496800087371],[-163.15005500013805,15.124049200310481],[-163.13975499999319,15.141776999808826],[-163.12977600026213,15.159675600348805],[-163.12013199979188,15.177736300090316],[-163.11079399994307,15.195959099932679],[-163.10179100025437,15.214335399659092],[-163.09313999971113,15.232858699869269],[-163.08480800038882,15.25152779996813],[-163.07681300041955,15.270331399974282],[-163.06916800040281,15.289266599574034],[-163.06184399990059,15.308327699763652],[-163.05487100029634,15.327509899962024],[-163.04826399958384,15.346803699731083],[-163.04199199993079,15.366208099923995],[-163.03607200032249,15.385715500370168],[-163.03050199976741,15.405318299999692],[-163.0252840001564,15.425011600205323],[-163.02043200033646,15.444787999566643],[-163.01592999956975,15.464645399965377],[-163.01179500043884,15.484574300064025],[-163.00802600019966,15.504569099784248],[-163.00460799995915,15.524622900426664],[-163.00154099971729,15.544733999574532],[-162.99885600000431,15.564891799616987],[-162.99653600003629,15.585093500065113],[-162.99458299990545,15.605330499802847],[-162.99298099977324,15.625597000001676],[-162.99176000012383,15.645886399637789],[-162.99090600031158,15.666193999753432],[-162.99041700024429,15.686511999629204],[-162.81747400012492,15.707270599858418],[-162.81773400042371,15.730498299557041],[-162.81841999968316,15.753716499716802],[-162.81951900000178,15.776918399664567],[-162.82104500022649,15.800098400221145],[-162.82299800035736,15.823248900316628],[-162.82536299970261,15.846365899766624],[-162.82815599989939,15.869436299945448],[-162.83136000016378,15.892458000036811],[-162.83497599964258,15.915422399824024],[-162.83901999997295,15.938322099685308],[-162.84347500037089,15.961152100289326],[-162.84834300002936,15.983900099809887],[-162.85363799959393,16.006567000267012],[-162.85932900033302,16.029138599566863],[-162.86543300033262,16.051610900223011],[-162.87194800039981,16.073980299551295],[-162.87887599972751,16.096235299719467],[-162.88620000022973,16.118370100100151],[-162.89392100015397,16.140378999891084],[-162.90205400019187,16.162254299996107],[-162.91058299960568,16.183988599894121],[-162.91949499959446,16.2055779003],[-162.92881799965087,16.227014500319058],[-162.93852200019009,16.248291000329516],[-162.94860800035886,16.269399599611972],[-162.95909099994961,16.290336600154092],[-162.96995500002316,16.311096200429461],[-162.98118599993387,16.331666899907646],[-162.99279800032738,16.352046999769357],[-163.0047759996126,16.372228600369738],[-163.01713600032608,16.392208099924005],[-163.02984600009276,16.411973999700479],[-163.0429229996966,16.431524299606906],[-163.05635100019842,16.450853299740118],[-163.07012899975345,16.469951600386196],[-163.08425900025259,16.488817199654193],[-163.09873999985103,16.507442500071477],[-163.11354099981722,16.525819799844044],[-163.12869299978203,16.543947199603735],[-163.14417999990698,16.561817199903999],[-163.15997299975405,16.579423900292909],[-163.17611699959977,16.596763600060228],[-163.19255100022841,16.613828699934686],[-163.20930500032543,16.630615199731835],[-163.22636400009844,16.647117600097317],[-163.24372899959357,16.663330100403925],[-163.26138299982551,16.679248800292044],[-163.27932699994102,16.694869999950697],[-163.29756199998624,16.710184100016363],[-163.31607100007651,16.7251929998572],[-163.33485400021186,16.739887199934458],[-163.35389699974667,16.754262899713183],[-163.37321500027195,16.768318199825217],[-163.39279200015062,16.782045400275138],[-163.41261299959018,16.795440699628728],[-163.43266299969761,16.808502200316411],[-163.45297200005768,16.821224199737173],[-163.47349500039388,16.833604800321439],[-163.49426300033713,16.84563640009992],[-163.51524400021037,16.857318900147277],[-163.53643800001362,16.868646599660963],[-163.55783100000056,16.87961769999697],[-163.57942200012513,16.890224500260615],[-163.60119599969556,16.900468799995281],[-163.62316900034901,16.910345099846609],[-163.64532500044834,16.919851299897687],[-163.667648000155,16.928983700337653],[-163.69013999956124,16.93774030017488],[-163.71278399968176,16.94611739959845],[-163.73557999961722,16.954111100047385],[-163.7585139996213,16.961723299990467],[-163.78160100038579,16.968946499981143],[-163.80480999958175,16.97578239973808],[-163.82815599969956,16.982227300349791],[-163.85159300041656,16.988279299750047],[-163.87515299961117,16.993934600101852],[-163.8988040003043,16.9991950998741],[-163.92256199963649,17.004055000238225],[-163.94639599977549,17.008518199755258],[-163.97030599982196,17.012579000320727],[-163.99429299982199,17.016235400043797],[-164.01834099993712,17.019491200358743],[-164.04245000016729,17.02234080028785],[-164.06660499982081,17.024786000273821],[-164.09080499975087,17.026822999781757],[-164.11505100000358,17.028453799803174],[-164.13929700025628,17.029678299613977],[-164.1635740001399,17.030494699670783],[-164.18786599981595,17.030902900148874]]]},"properties":{"objectid":9337,"radii":50,"stormid":"ep122026","basin":"ep","stormnum":12,"advnum":"38","validtime":"2026090700","synoptime":"2026090512","timezone":"UTC","tau":36,"ne":80,"se":70,"sw":60,"nw":70,"idp_source":"ep122026_2026090515_forecastradii","idp_filedate":1788624164000,"idp_ingestdate":1788624266000,"st_area(shape)":4.4727776319051653,"st_perimeter(shape)":8.0628370742796562,"binnumber":"CP4"}},{"type":"Feature","id":9338,"geometry":{"type":"Polygon","coordinates":[[[-164.19244399959084,16.53181270029603],[-164.20607000023026,16.365447999925379],[-164.21816999974561,16.365245799953868],[-164.23027000016029,16.364841499835507],[-164.24235499988325,16.364229200017689],[-164.25443999960621,16.363416700320613],[-164.26647899990584,16.362400100384491],[-164.27853400004398,16.361183199844959],[-164.29054299985947,16.359762199965701],[-164.30252100004404,16.358140900382409],[-164.31448400043618,16.356319400020425],[-164.32640099960636,16.354295699686929],[-164.33828700004494,16.352071800373437],[-164.35011300041455,16.349649399999976],[-164.36190800025392,16.347026799747141],[-164.37364199997825,16.344207800150002],[-164.38534500007162,16.341192199760371],[-164.39697300030363,16.337980299851097],[-164.40853900037447,16.334573700316128],[-164.42005900012268,16.330972699730467],[-164.43148800017099,16.327180899878783],[-164.44285600010426,16.323196399594281],[-164.45414700008391,16.319021199868644],[-164.46536300020222,16.314655299802382],[-164.47650100032084,16.310104400198043],[-164.48754899988634,16.305364599796576],[-164.49850499970589,16.300441700124509],[-164.50936899977944,16.295337700374716],[-164.5201420001531,16.290046700095274],[-164.53080700004293,16.284578300448345],[-164.54138200027901,16.278930700091848],[-164.55186499986976,16.273105599643827],[-164.5622100002912,16.267108899556206],[-164.57246400011343,16.260936700368575],[-164.58259599970555,16.254592899742647],[-164.59262099975925,16.248081200187357],[-164.60250899979042,16.241399800360625],[-164.6122890002371,16.234554300340847],[-164.62193299980802,16.227546700220159],[-164.63145400000201,16.220376999998678],[-164.64083900021961,16.213048900386582],[-164.65008500032243,16.205564500401522],[-164.65919500044885,16.197923700218723],[-164.66816699960728,16.190134000184116],[-164.67698699985007,16.182193800403695],[-164.68566900002426,16.174108500407101],[-164.69419900038349,16.165876399576291],[-164.70257599998234,16.157501200420199],[-164.71079999972014,16.148988699968641],[-164.718871999643,16.14033699975289],[-164.72677599991238,16.131553600118707],[-164.73452800036685,16.122636800448106],[-164.74211100022239,16.113592100095502],[-164.74952699957129,16.104421599877071],[-164.75677500016604,16.095128999603787],[-164.76385500020803,16.085714300174971],[-164.7707669996972,16.076181400151654],[-164.77749599974052,16.066535899612234],[-164.78404200033796,16.056775999912588],[-164.79042100042875,16.046911199692261],[-164.79661600012824,16.036937700214821],[-164.80264300017424,16.026863099852335],[-164.80845600024415,16.016689299771485],[-164.81410199980738,16.006416299972386],[-164.81955000013232,15.996052699772406],[-164.82482899985837,15.985599500116962],[-164.82989499965444,15.975058600374268],[-164.83476300021221,15.96443459967719],[-164.8394470003787,15.953729599741393],[-164.84394800019996,15.942948300423836],[-164.84825099988365,15.932093600239625],[-164.85234099963733,15.921166400309289],[-164.85624699989904,15.910171500314618],[-164.85992400039223,15.899115600204937],[-164.86343400037873,15.887999500376793],[-164.8667139996513,15.87682339958036],[-164.86981200042339,15.865596800052401],[-164.87269600032008,15.854317699902083],[-164.87536600024063,15.842991799931781],[-164.87783800002362,15.8316249996941],[-164.88011199966897,15.820216200217601],[-164.88217200023755,15.808772099652799],[-164.88401799993068,15.797294600065868],[-164.88565099969381,15.785787600017841],[-164.88708500017253,15.774255800265109],[-164.88830599982197,15.762701000351001],[-164.88931300039457,15.751129199653008],[-164.89012099988415,15.73954009959607],[-164.89071700038917,15.727938700410846],[-164.89109799997263,15.716330499652997],[-164.89126599962611,15.704717599937453],[-164.89122000020276,15.693102799954374],[-164.89097599974252,15.681491900331082],[-164.89051800020547,15.669885599840711],[-164.88984699983908,15.65828989965928],[-164.88897700018833,15.646705600183452],[-164.88787799986972,15.635140399609895],[-164.88658100031284,15.623592400369148],[-164.88507099992663,15.612068199887631],[-164.88336200025603,15.600572599645886],[-164.88143899970999,15.589108499957433],[-164.87930300013326,15.577675800098234],[-164.87695299968112,15.566282299888371],[-164.87440499999067,15.554928799724451],[-164.87165800011653,15.543621100233736],[-164.8687130001048,15.532361000060234],[-164.86555500016306,15.521151500241672],[-164.86219800003758,15.509997399560461],[-164.85862699993601,15.498902299801443],[-164.85487400043471,15.487866399714733],[-164.85092199985033,15.476897199646203],[-164.84675600018917,15.465993900098567],[-164.84240700018285,15.455164899840383],[-164.83786000003889,15.444407500006264],[-164.83311499975736,15.433731999632244],[-164.82818599998384,15.423134799631441],[-164.8230590000727,15.412624400395885],[-164.81774899981642,15.402198800034739],[-164.81225600011425,15.391865700341953],[-164.80656400022835,15.38162709961108],[-164.8007049998358,15.371484800083579],[-164.79464700015885,15.361442599596444],[-164.78842199997524,15.351503400261834],[-164.78199799960791,15.341670999916857],[-164.77542100027887,15.331946400406196],[-164.76864599991288,15.322336200055702],[-164.7617340004237,15.312838600221369],[-164.75462299985148,15.303462999717794],[-164.74734499967192,15.294202800219182],[-164.73991399963131,15.285070399779272],[-164.73231499993722,15.27606299970779],[-164.72454799969034,15.26718429981571],[-164.71662899962854,15.258436200370511],[-164.70854199991328,15.2498255002468],[-164.70031700012939,15.241349200205548],[-164.69193999963119,15.233013199799473],[-164.6834110002174,15.224820099867827],[-164.67474399983564,15.216770199884934],[-164.66590899980042,15.208866099790839],[-164.65695200043439,15.201113700037354],[-164.6478580001465,15.193513899946652],[-164.63862599978998,15.186065700371898],[-164.6292419996185,15.178773900095564],[-164.61975099990863,15.171643299698644],[-164.61012300017623,15.164669999720843],[-164.60038800000612,15.157861700157468],[-164.59051499976735,15.151217499887821],[-164.58052100024389,15.144741099622195],[-164.5704190002366,15.138431500213699],[-164.56021099983769,15.132294700140449],[-164.549881000108,15.126326600292487],[-164.53945899973297,15.120536800033449],[-164.52893099986568,15.114922499773684],[-164.51827999972213,15.109485599780726],[-164.50756800036285,15.104228000322109],[-164.49674999971265,15.099151599866559],[-164.48582500042335,15.09425540016673],[-164.47483800007356,15.089546200097175],[-164.46376000002391,15.085022899787134],[-164.45260600006677,15.080683699693111],[-164.44136000036366,15.076533299672178],[-164.43006900038398,15.07257460003791],[-164.41868599975899,15.068804699577356],[-164.40724199991828,15.065225600181464],[-164.39573699996251,15.061840999862397],[-164.38417099989167,15.058648099929997],[-164.37255900039747,15.055651700066051],[-164.3608700000504,15.052850700399631],[-164.34915200016459,15.050245299680967],[-164.33738699991005,15.047839200418878],[-164.32559200007066,15.045629499601887],[-164.31373600011622,15.043618200020035],[-164.30186500036939,15.041808100363653],[-164.28994800029989,15.040198300411362],[-164.27801500039189,15.038785899849529],[-164.26605199999972,15.037574799937204],[-164.25405900002275,15.03656770043915],[-164.24206499999968,15.035759899699769],[-164.23007200002272,15.03515429983122],[-164.2180480004148,15.03474899966676],[-164.20602399990759,15.03454779974129],[-164.19325300002586,14.951368300406898],[-164.17973299977803,14.95159530008317],[-164.16621399957634,14.952049300335091],[-164.15271000006638,14.952730200438566],[-164.13920599965709,14.953639000439637],[-164.12574799957045,14.95477489994181],[-164.11228900033703,14.956135700102607],[-164.09887699967371,14.957721700396291],[-164.08546399986363,14.959533700320151],[-164.0721130002147,14.961568799560609],[-164.05879200015062,14.9638300000546],[-164.04551700040918,14.966316200132667],[-164.03228800009106,14.969023699983893],[-164.01910400004948,14.971952399783561],[-164.00598100012297,14.975101500034327],[-163.99290499966591,14.978469800141283],[-163.97990399996954,14.982061400113651],[-163.96696500043436,14.985869400352669],[-163.95410199990729,14.989892000415637],[-163.94129900034852,14.994130099624556],[-163.92857399989009,14.998584699824164],[-163.91593899998477,15.003251999580243],[-163.90339699987157,15.008130100423955],[-163.89094500031143,15.013218899832509],[-163.87857099985169,15.018515600015064],[-163.86630199973743,15.02402110029368],[-163.85412600031458,15.029728900368582],[-163.84207200022254,15.03564260022597],[-163.8301089998304,15.041756599787391],[-163.81826799966836,15.04807189999832],[-163.80653399994407,15.054585499821087],[-163.79492199955055,15.061294599666155],[-163.7834320002865,15.068195300073171],[-163.77207900014565,15.075289700059727],[-163.76084900028107,15.082575800433005],[-163.74974099974727,15.090047799666365],[-163.73878499992773,15.097706800328694],[-163.72795100033832,15.105545999948106],[-163.71726999971065,15.113568299737381],[-163.70674099979723,15.121767999793519],[-163.69633500016005,15.130143199848931],[-163.68611099992262,15.138692899857574],[-163.67602499975385,15.147411300091562],[-163.66610700013786,15.156299600246484],[-163.65634200038292,15.165350899824318],[-163.64674400023534,15.174566299595199],[-163.63731399974122,15.183942800320096],[-163.62805199979988,15.193475700343413],[-163.61897300020371,15.203161200029513],[-163.61006200026102,15.212998400056279],[-163.60133399976419,15.222984300285361],[-163.59277299977404,15.233115200006637],[-163.58441200001371,15.243389100027059],[-163.57621799986072,15.253802299636561],[-163.56823699963775,15.264349900227842],[-163.56042500001365,15.275030099559558],[-163.55282600031958,15.285841000062248],[-163.54541000007137,15.296777700430653],[-163.53819300000686,15.307835599733266],[-163.53118899987237,15.319016500211433],[-163.52436800008306,15.330310799803726],[-163.51777600006227,15.341718699958165],[-163.51136800043278,15.353236199591095],[-163.505172999834,15.364859599790861],[-163.49919100006451,15.376583099930258],[-163.49342300027118,15.388406799834058],[-163.48788500029244,15.400326700217192],[-163.48254400040523,15.412334399612973],[-163.47741699959477,15.42443370035511],[-163.4725190003515,15.436617899796374],[-163.46784999997743,15.448879199915268],[-163.46337899974097,15.461217900186057],[-163.45915199996475,15.473630000424293],[-163.45513900016465,15.486114499684561],[-163.45135500013308,15.498661000005256],[-163.44779999987003,15.511267700044471],[-163.4444730002287,15.523936300420075],[-163.44137600040202,15.536655400426525],[-163.43850700029773,15.549427000156072],[-163.43588299980053,15.562243500337388],[-163.43347200013261,15.575102800154241],[-163.43130500002565,15.588000299574333],[-163.4293669996872,15.600933100082614],[-163.42765800001661,15.613896400198826],[-163.42619299990693,15.626886400287276],[-163.42495699956581,15.639897299720758],[-163.4239649996849,15.652929299947345],[-163.42320299961867,15.66597370002637],[-163.42268399996655,15.679029499911621],[-163.42239400008296,15.692091899921365],[-163.33593799983873,15.705561600187821],[-163.33613599997634,15.720079400044426],[-163.33660900020513,15.734589599730384],[-163.33732599999482,15.749090200052819],[-163.33833299966813,15.763577500301551],[-163.33956900000928,15.778045699849315],[-163.34109500023399,15.792489099692318],[-163.34286500001966,15.806905699738365],[-163.34490999989649,15.821289100411775],[-163.34721400002601,15.835637100172164],[-163.34976199971643,15.849945099886611],[-163.35258500039737,15.864206299781074],[-163.35566700043165,15.87841800009079],[-163.35900899986538,15.892577199778088],[-163.36260999955175,15.906678199839178],[-163.36643999990599,15.920716300417041],[-163.37056000014383,15.934687600252687],[-163.37490800010406,15.948586500166982],[-163.37951700040915,15.962412799611172],[-163.3843840000215,15.976158099816587],[-163.38948100034781,15.989818600248327],[-163.39483599998132,16.003391299868724],[-163.40045199995976,16.016872399941462],[-163.40629599966059,16.030258199756247],[-163.41239899961406,16.043541000217147],[-163.418716000443,16.056724500235646],[-163.42529299977204,16.069795600286852],[-163.43211399956135,16.082756000089489],[-163.43914800017998,16.095600099565104],[-163.44642600035954,16.108320199617651],[-163.45393400035374,16.120920199707598],[-163.46168499986277,16.13339039974727],[-163.46965000024724,16.145729100018116],[-163.47782899970849,16.157932300335517],[-163.48623699983759,16.169996299989407],[-163.49485799989671,16.181917200418582],[-163.50370799972433,16.193689299921402],[-163.51277200042739,16.205312700121169],[-163.52203400036873,16.216783499758833],[-163.53150900024008,16.228094099563179],[-163.54119900013367,16.239244500433472],[-163.55107100032632,16.250232699579556],[-163.56117200028751,16.261051200252837],[-163.57144199994826,16.271697999663104],[-163.58192400039223,16.282171200240839],[-163.59257499963644,16.292468999744699],[-163.60343899970999,16.302581799710424],[-163.61445599964458,16.312513399773707],[-163.62567099971679,16.322258000206659],[-163.63707000018027,16.331813799667259],[-163.6486209995594,16.341175100050975],[-163.66035500018305,16.350339900366237],[-163.672256000414,16.359306300345622],[-163.68431099965284,16.368072500445692],[-163.69654800009005,16.376636499674873],[-163.7089229996966,16.384990699661216],[-163.72145100006352,16.393136999772878],[-163.73411599955367,16.401071499650129],[-163.74693299975806,16.408792499574361],[-163.75988800003111,16.416296000260331],[-163.77298000032667,16.423582099734233],[-163.78619399995307,16.430646900334295],[-163.79956100033982,16.437486599726924],[-163.81303400021886,16.444101300434795],[-163.82661399963629,16.450488999667755],[-163.84031700022931,16.456649799948423],[-163.85414100010698,16.462575899658191],[-163.86805699973067,16.468271299880712],[-163.8820949995845,16.473730100164119],[-163.8962250000836,16.478954299701286],[-163.9104460002826,16.483938200387797],[-163.9247590002276,16.488683699793057],[-163.93913300028765,16.493188900347604],[-163.95361299984,16.497449899893127],[-163.96817000024524,16.501466800052924],[-163.98278799986622,16.505241400370494],[-163.99748200029401,16.508766199600586],[-164.01223799998363,16.512046799620236],[-164.02703899994981,16.515077600351106],[-164.04190100003106,16.51785850016978],[-164.05680800038883,16.520389599800353],[-164.07176200021607,16.522668800225063],[-164.08676100031983,16.524698300286445],[-164.10179100005453,16.526475900242758],[-164.11685200031948,16.527998000107743],[-164.13192700033073,16.52927019995991],[-164.147034000019,16.530286799896032],[-164.1621550003529,16.531049700183644],[-164.17729199962599,16.531558999748199],[-164.19244399959084,16.53181270029603]]]},"properties":{"objectid":9338,"radii":64,"stormid":"ep122026","basin":"ep","stormnum":12,"advnum":"38","validtime":"2026090700","synoptime":"2026090512","timezone":"UTC","tau":36,"ne":50,"se":45,"sw":40,"nw":40,"idp_source":"ep122026_2026090515_forecastradii","idp_filedate":1788624164000,"idp_ingestdate":1788624266000,"st_area(shape)":1.7444027409811167,"st_perimeter(shape)":4.9611263984002845,"binnumber":"CP4"}},{"type":"Feature","id":9339,"geometry":{"type":"Polygon","coordinates":[[[-163.77687099989666,19.795438799661042],[-163.82003800035335,19.462715099722232],[-163.86004599992287,19.462047600416554],[-163.90005500043785,19.460714299725282],[-163.94001799973083,19.45871349972839],[-163.97995000029221,19.456049000061455],[-164.0198209998392,19.452716799640712],[-164.05961600037804,19.448722799817517],[-164.09931900027158,19.444065100324281],[-164.13894700030374,19.438745499805123],[-164.17845200005968,19.432771700054047],[-164.21785000027722,19.426136000176427],[-164.25711099957289,19.418846100167514],[-164.29623399969924,19.41090200002742],[-164.33519000021826,19.402309399659202],[-164.37399299997688,19.393068299962238],[-164.41259799959792,19.383180600304627],[-164.45100399993456,19.372652100414257],[-164.48921200013362,19.361486400277272],[-164.52722200019508,19.349685699635472],[-164.56497199995775,19.337253600273584],[-164.60250899979042,19.324193999853378],[-164.63977100043124,19.310510599984354],[-164.67677299987398,19.296209300219175],[-164.71350100017094,19.281291999925998],[-164.74993899968501,19.265766099625921],[-164.78608700021482,19.249635700227543],[-164.82191500037689,19.232906300185732],[-164.85742200012513,19.215581899685048],[-164.89259299966713,19.197669999970685],[-164.92742899994832,19.179172500410687],[-164.96189900043845,19.160099000368689],[-164.99600200019208,19.140455199747805],[-165.02973900015465,19.120244999807028],[-165.06309499963444,19.09947589999291],[-165.09603899989986,19.078155499576781],[-165.12857100005152,19.056289699909883],[-165.16070599988191,19.033884000346461],[-165.19241299976005,19.010948199899644],[-165.22366300014727,18.987487799722317],[-165.25448599972901,18.963508600441685],[-165.28485099977374,18.939020199622632],[-165.31474299958967,18.914030100309049],[-165.34416200007615,18.888545999798168],[-165.37309299964215,18.862575500059393],[-165.40154999983255,18.836128199556924],[-165.42948900041696,18.80921170025988],[-165.45692400024234,18.781831700272903],[-165.4838409995624,18.753999700126201],[-165.51023900012967,18.725727099626113],[-165.53608699961526,18.697015799939379],[-165.56141700039419,18.667879100240441],[-165.586182000299,18.638324699625343],[-165.61039700002146,18.608362200155568],[-165.63404799981527,18.578000999746507],[-165.65711999988801,18.547252699652518],[-165.67962599993987,18.516122800127278],[-165.70155300027068,18.484622999551902],[-165.72287000035016,18.45276449988188],[-165.74359099992463,18.420553199770495],[-165.76373299977803,18.388004299558929],[-165.78324900044095,18.355125400317092],[-165.80213900011469,18.32192799987746],[-165.82043500027495,18.288414000306034],[-165.8381040002993,18.254606200316005],[-165.85511799979577,18.220508600091932],[-165.87150600010173,18.186134300058029],[-165.88726800031787,18.151489299591617],[-165.90237399996005,18.116590499651977],[-165.9168399997661,18.081443799791657],[-165.93064899985137,18.04606059981694],[-165.94378699957031,18.010454199801643],[-165.95628400030628,17.974636100275973],[-165.96810899973048,17.938613899611937],[-165.97926299968762,17.902397199871018],[-165.98976099997009,17.866004900306052],[-165.99957300009379,17.829443000294361],[-166.00871299980503,17.792720799725259],[-166.01718100000306,17.755853700388116],[-166.02497899988086,17.718849199930787],[-166.03207399971524,17.681722600317869],[-166.03849800008257,17.644485500105873],[-166.04421999955326,17.607141500180205],[-166.04927099955691,17.569713599802924],[-166.05363500025499,17.532205600408247],[-166.05731199984885,17.494630800271352],[-166.06028700034472,17.456996900286867],[-166.0625759997825,17.419323000256384],[-166.0641939997532,17.381616599626511],[-166.06510899968052,17.343885400191198],[-166.06532299965664,17.306148499953451],[-165.54228200021407,17.277956000269342],[-165.54147299977905,17.248933799555346],[-165.5401309999456,17.219930599717543],[-165.53828400020637,17.190952300308538],[-165.53587299963914,17.162010200410577],[-165.53295900015766,17.133112000018912],[-165.52952600012472,17.104265200378848],[-165.52554299990945,17.075483300314204],[-165.52105699988056,17.046770100359993],[-165.51603700040715,17.01813700032244],[-165.51051300017474,16.989589700104716],[-165.50443999980607,16.961141599605298],[-165.49787900031552,16.932798399626563],[-165.49079900027357,16.904567700339214],[-165.48319999968015,16.876459100207455],[-165.47509800017249,16.848482099669297],[-165.46647600006727,16.820644399619482],[-165.45736699998699,16.792951600136348],[-165.44776899983938,16.765418999587325],[-165.43763700024729,16.738048599863134],[-165.42704800026493,16.710851700046078],[-165.41595500042285,16.68383409986393],[-165.40437299961417,16.65700340038677],[-165.39228799989121,16.630374899981803],[-165.37974499973188,16.603946700180188],[-165.36673000028921,16.577734000423902],[-165.35324099967232,16.551744499808933],[-165.33927899972599,16.525978100309203],[-165.32484399955086,16.500450100292028],[-165.30996699967721,16.475168199752773],[-165.29463200026652,16.450136200125655],[-165.27883900041945,16.425365399593659],[-165.26261899976694,16.400857899872335],[-165.24594099957739,16.376628900403546],[-165.22885100017345,16.352676400195833],[-165.21131900017164,16.329015700314471],[-165.19337500005614,16.30564879995228],[-165.17498800019598,16.282585099722723],[-165.1562040000145,16.259830500077669],[-165.13702399955787,16.237392399739576],[-165.1174319998868,16.215276700059803],[-165.09744299989444,16.193491000309564],[-165.07705699958078,16.172044800027663],[-165.0563200001678,16.150936100021113],[-165.03518699958028,16.130178499838053],[-165.01367200026252,16.10977749973199],[-164.99182099983921,16.089736900237881],[-164.96960399962481,16.070060699741646],[-164.9470370003572,16.050760299848093],[-164.92411800014551,16.031839400368199],[-164.90087899956609,16.013301800038164],[-164.87728899988736,15.995155299577561],[-164.85340900032503,15.977403599696515],[-164.82919299965712,15.960051500076816],[-164.80467200021255,15.943106699814507],[-164.77986099998509,15.926572799794997],[-164.75474500008161,15.910453800202845],[-164.72935500013307,15.894756300263168],[-164.70369000009336,15.879484200335696],[-164.67774999996246,15.864642099553407],[-164.65153499974036,15.850233099677951],[-164.62507599995735,15.836265600377317],[-164.59837299971409,15.822740599898907],[-164.5714419997484,15.809660899630956],[-164.5442660001757,15.797031399979289],[-164.51687599972752,15.784856799901547],[-164.48927300024869,15.773140899932741],[-164.46147199973294,15.761886600386447],[-164.43347199993278,15.751098600220359],[-164.40527299994892,15.740776099937193],[-164.3769070003577,15.730927500104201],[-164.34834299972957,15.721550899554529],[-164.31964099993212,15.712655099953054],[-164.29077099958189,15.704235100169853],[-164.26176500015455,15.696299600246505],[-164.23261999971314,15.688846600090642],[-164.20333900019463,15.681881000108206],[-164.17395000019226,15.675404500017805],[-164.14444000000591,15.669419299561184],[-164.11483800007358,15.663927999577652],[-164.08514400039522,15.658927900302501],[-164.05534400032528,15.654425600061529],[-164.02548200009414,15.650418300164574],[-163.99555999979407,15.646910699569275],[-163.96557600023215,15.643901800028175],[-163.93553199970194,15.641393699659659],[-163.90547200023255,15.639385199667345],[-163.87536600044049,15.637879400014413],[-163.84523000016429,15.636873199838419],[-163.81507900009569,15.636371600269285],[-163.77897599984243,14.970919600359423],[-163.73690799970436,14.971619600264489],[-163.69487000005037,14.973023399710257],[-163.65284700018884,14.975125299692991],[-163.61088599958913,14.977927199580733],[-163.56897000016531,14.981427200005442],[-163.5271299997496,14.985626200289062],[-163.48535200039441,14.990520499721413],[-163.44369500032391,14.996112799865955],[-163.402115000207,15.002394700155435],[-163.36067200011263,15.009371799768871],[-163.31935100024839,15.017036399610276],[-163.27816799955346,15.025390599596619],[-163.23715200026453,15.034426699732535],[-163.19628899993731,15.044147499607561],[-163.15560899995529,15.054546399996525],[-163.11509699962676,15.065623300175275],[-163.07481399996604,15.077369699751955],[-163.03474400023535,15.089788400114685],[-162.99488799958144,15.102871900018329],[-162.95527600028711,15.116619099591901],[-162.91590899970049,15.13102439965644],[-162.87681600005828,15.14608100043796],[-162.8379819997694,15.161788900137765],[-162.7994229995717,15.178140600208678],[-162.76116899994932,15.195132300115688],[-162.72322100004902,15.212758100306246],[-162.68559299961717,15.231013300023903],[-162.64830000024475,15.249895099679236],[-162.61134300017923,15.269393899908664],[-162.57472200031998,15.289504999955909],[-162.53848300009031,15.310222600093084],[-162.50260899960557,15.331542999609894],[-162.46711699964973,15.353456500217476],[-162.43202200001522,15.375958400260117],[-162.39733899959506,15.399041200291322],[-162.36305200034946,15.422698999859108],[-162.32920799994915,15.446924199692205],[-162.29577599966257,15.47170930034406],[-162.26281699960478,15.49704740041733],[-162.23030100019093,15.522930100244082],[-162.19824200026801,15.549353600188624],[-162.1666720004124,15.576303500306437],[-162.13558999967867,15.603777900329987],[-162.1049800000269,15.631762500139416],[-162.07489000007337,15.660258299780821],[-162.04531899977195,15.689246200351988],[-162.01625100018344,15.718723299740645],[-161.98773199983185,15.748681999574785],[-161.95973200003169,15.779110900048124],[-161.93229700020632,15.810000399998614],[-161.90539599982546,15.841341999933491],[-161.87907400006497,15.873127900032671],[-161.85331700027925,15.905347800360857],[-161.82814000026073,15.937989200341462],[-161.80355799980177,15.971047400117584],[-161.77957199984783,16.004510900058108],[-161.7561800003067,16.03836630026467],[-161.73339800011752,16.072608899980878],[-161.71124300006431,16.107225400032348],[-161.68969700021631,16.142202399621169],[-161.66879300029666,16.177534099918887],[-161.6485290002131,16.213211100312151],[-161.62890600001182,16.249217999910911],[-161.60994000043058,16.285545300075682],[-161.59159899999378,16.322185499561272],[-161.57395900040746,16.35912510044318],[-161.55696099985019,16.396352800041825],[-161.54064900035101,16.433856999800867],[-161.525009000365,16.47163010044892],[-161.51005599968457,16.509654999578686],[-161.49577300022369,16.547922099625339],[-161.48220799969934,16.586421999975471],[-161.4693300002792,16.625144999642146],[-161.45715299991093,16.664073899990626],[-161.44567899958608,16.703199400232279],[-161.43492099990414,16.74251169955545],[-161.42486600026561,16.781995799966353],[-161.4155270003707,16.821641899754013],[-161.40692100010398,16.861436799568764],[-161.39904800036484,16.901369099604381],[-161.39187599967755,16.941429099773302],[-161.38543700041717,16.981599800190793],[-161.37974499963195,17.021871599694691],[-161.3747709995819,17.06223299955343],[-161.37052900001325,17.102670699693192],[-161.36703499986527,17.143173199583657],[-161.36425800040632,17.183727299875102],[-161.36225899995281,17.224319499945125],[-161.36097700018834,17.264942199622965],[-161.18617199963799,17.304847699861625],[-161.18635600002929,17.348388699578948],[-161.18731700027925,17.391922000200282],[-161.18910199985731,17.435428599950058],[-161.19165000044708,17.478902799824482],[-161.19500699967321,17.522323599754486],[-161.19917300023369,17.565685299836844],[-161.20411699979962,17.608968700445303],[-161.20986899975446,17.65216449989191],[-161.21639999966018,17.695259100427279],[-161.22372400016241,17.738235500368205],[-161.23184200040791,17.781085999719267],[-161.24075300035059,17.82379339984567],[-161.25042700040567,17.866346399866586],[-161.26090999999641,17.908731500058821],[-161.27217100039127,17.950935400348612],[-161.28419499999916,17.992946600205585],[-161.29698199971943,18.034751900280128],[-161.31056200003619,18.076335899682192],[-161.324904999566,18.117687200404134],[-161.34001200015359,18.158792499674234],[-161.35588099990815,18.199642199927723],[-161.37249799998264,18.240221000099211],[-161.38986200033096,18.280517600207247],[-161.40797400009995,18.320516600261044],[-161.42684899998127,18.360208499822534],[-161.44642599985991,18.399583800252344],[-161.46675100005854,18.438623399950075],[-161.48779300004682,18.477319699644568],[-161.50955199982485,18.515659300336608],[-161.53202800029189,18.55362890015374],[-161.55520599985692,18.591220899824805],[-161.57907099962685,18.628419900258336],[-161.60365300008581,18.66521640011689],[-161.6288910002194,18.701597200050855],[-161.65481599965858,18.737550699705139],[-161.68141200036345,18.773069399633243],[-161.70867899963605,18.808139800111803],[-161.73658799973632,18.842748600167909],[-161.76515200036445,18.876888300354892],[-161.79434200018309,18.910547300317774],[-161.82417299988396,18.943714100425552],[-161.85459900004375,18.976379399889538],[-161.88565100029334,19.008533500420867],[-161.91731299989496,19.040164899690524],[-161.94953900032453,19.07126429960789],[-161.98237600015221,19.101821900260632],[-162.01576200011613,19.131830200403556],[-162.04971300005482,19.161273999695482],[-162.0842289999683,19.190149299750544],[-162.11926300038706,19.218446699955393],[-162.15483100025037,19.246152900236325],[-162.19091799976579,19.273265799776993],[-162.22752399983264,19.299770399684348],[-162.26460300012826,19.325662599949169],[-162.3021850002375,19.35093120041472],[-162.34023999967616,19.37557219999718],[-162.37875399959734,19.399574299614358],[-162.4177090000702,19.422931700437744],[-162.45710800033387,19.445638699866265],[-162.4969329995582,19.46768189979997],[-162.53716999979557,19.489057499703961],[-162.57780500040036,19.509763700034853],[-162.61881999964319,19.529787099994792],[-162.66021700031425,19.549123800123425],[-162.70196500008461,19.567768099618263],[-162.74407999969216,19.585712400107298],[-162.78651399962132,19.602956799616777],[-162.82926899996428,19.619487800221918],[-162.87234499982179,19.635303499856775],[-162.91571000041611,19.650400199609692],[-162.9593660000408,19.664771999928007],[-163.00326500007961,19.67841339965878],[-163.04742400041721,19.691322299784474],[-163.09184300015426,19.703494999594682],[-163.1364749998213,19.714923899818245],[-163.18130499962595,19.725605000270662],[-163.22633399961433,19.735542300237114],[-163.27156099974027,19.744724300086546],[-163.316956000419,19.75315280026166],[-163.36248800022096,19.76082419987705],[-163.40817299988396,19.76773260027943],[-163.45397899973096,19.7738799997623],[-163.49989300006183,19.779264499856936],[-163.54589800009256,19.783882100378776],[-163.59199499986926,19.787733099902766],[-163.63815299976105,19.790813400218383],[-163.68435699997548,19.793125200167992],[-163.73060599956716,19.794670099645543],[-163.77687099989666,19.795438799661042]]]},"properties":{"objectid":9339,"radii":34,"stormid":"ep122026","basin":"ep","stormnum":12,"advnum":"38","validtime":"2026090712","synoptime":"2026090512","timezone":"UTC","tau":48,"ne":150,"se":140,"sw":100,"nw":130,"idp_source":"ep122026_2026090515_forecastradii","idp_filedate":1788624164000,"idp_ingestdate":1788624266000,"st_area(shape)":15.723291241156851,"st_perimeter(shape)":15.473755738521243,"binnumber":"CP4"}},{"type":"Feature","id":9340,"geometry":{"type":"Polygon","coordinates":[[[-163.78774999976261,18.630901299755294],[-163.81073000008936,18.464538600376272],[-163.83215299966113,18.464183799842601],[-163.85357700017835,18.463468599596354],[-163.87496900011919,18.462396599623503],[-163.89634700031374,18.460969899841132],[-163.91767900018564,18.459186599981763],[-163.93899500021899,18.457048399764005],[-163.96025100018343,18.454553600368513],[-163.9814759996176,18.451707800075042],[-164.00262500004365,18.44850729997205],[-164.02372700010091,18.444953899602922],[-164.04475400029679,18.441053399594864],[-164.06570399963979,18.436800000219989],[-164.08656300018222,18.432199500306808],[-164.1073459999179,18.427248000395025],[-164.12802100006903,18.421955099848105],[-164.14860499962094,18.416318900197211],[-164.1690669998421,18.410339399643703],[-164.18943800036334,18.404020299797139],[-164.20967099991663,18.397361800306953],[-164.22978200013912,18.390367500260083],[-164.24975600033906,18.383039499573385],[-164.26959199957105,18.375379599588996],[-164.28929099967982,18.36739159994255],[-164.30883799997363,18.359073600366514],[-164.3282169997147,18.35043329995699],[-164.34742699975615,18.34147069961324],[-164.36647000019028,18.332189599870276],[-164.38536099991015,18.32259369963964],[-164.40403699960777,18.312683099645483],[-164.42254599969806,18.302463499790804],[-164.44085699965075,18.291936900167968],[-164.45896900031903,18.281106899863687],[-164.47688299995042,18.269979500054035],[-164.49458299960565,18.258550599830471],[-164.51207000023024,18.246831900272127],[-164.52932700014085,18.234821299663395],[-164.54637100012147,18.222526599622995],[-164.56317099964184,18.209949499869651],[-164.57974200029301,18.197093999688491],[-164.59608500032243,18.183963799789694],[-164.61215200021456,18.170566600168627],[-164.62799100038427,18.156900399833717],[-164.64358500004764,18.142972899679705],[-164.65888999987351,18.128788000066265],[-164.67395000009236,18.114353200440007],[-164.6887209995744,18.09966659963402],[-164.70323199965699,18.084737799709842],[-164.71745299985599,18.069564799675902],[-164.73140000000993,18.05416300042225],[-164.74505600023414,18.038526499698321],[-164.75843800041332,18.022668799925327],[-164.77150000022476,18.00659179957205],[-164.78427100010649,17.990295399713091],[-164.79673800035835,17.973789199711916],[-164.8089139997812,17.957078900371073],[-164.8207549999432,17.940168400251594],[-164.83229100042925,17.923065199699352],[-164.84350599960212,17.905771299705862],[-164.85441599999831,17.888290400082042],[-164.86499000018827,17.870634100283667],[-164.8752290002181,17.852802299586585],[-164.88514699983409,17.834800699692664],[-164.89473000018927,17.816640900057621],[-164.90397600029209,17.798322700132644],[-164.91287200044238,17.779853799913099],[-164.92144800022496,17.761238099758657],[-164.92967199996275,17.742483100015193],[-164.93754599974801,17.723592799967889],[-164.94508400022636,17.704574600137846],[-164.9522549999682,17.685436199621051],[-164.95906099996509,17.666179700133171],[-164.96554600044749,17.646812399672626],[-164.97164900040096,17.627338400047279],[-164.97740200040192,17.607767100071726],[-164.98278799966639,17.588104199649251],[-164.98782299983151,17.568353699863508],[-164.99249300025167,17.548522899612294],[-164.99679599993536,17.52861789989629],[-165.00073199978189,17.508642199977714],[-165.00428800009107,17.488605499944015],[-165.00749200035546,17.468511600330203],[-165.01031500013707,17.448368100407663],[-165.01278699992002,17.428180700079395],[-165.01487700007343,17.407953299705184],[-165.01660199958255,17.387697200165803],[-165.01796000015381,17.367414499579638],[-165.01893600019616,17.34711069999895],[-165.01954699959427,17.326795600436753],[-165.01977500021601,17.306472799979872],[-164.84542800010203,17.28857609970737],[-164.84500100019594,17.271161999926505],[-164.84426899971447,17.253755600140948],[-164.84321599971852,17.236364399797367],[-164.84184300025419,17.218990300062444],[-164.84014900037599,17.201643000124477],[-164.83814999992248,17.184330000329396],[-164.83583100000058,17.167049400409667],[-164.83319099966482,17.149810799728755],[-164.83024599965307,17.132621800256004],[-164.82699599996533,17.115480400100523],[-164.82341000007136,17.098396300249192],[-164.8195340002938,17.081377000148564],[-164.8153380001485,17.064422599623413],[-164.81083700032721,17.047538800375492],[-164.80604599972304,17.03073879995577],[-164.80091899981193,17.014015199641904],[-164.79550200001722,16.997383099950241],[-164.78977999964718,16.980842599806294],[-164.78376800029289,16.964399300187665],[-164.7774510003633,16.948057200379651],[-164.77084399965079,16.931827499639553],[-164.76394699995402,16.915706599779867],[-164.7567439996358,16.899704000339511],[-164.74925200037944,16.883825299598016],[-164.7414860001787,16.868072500345761],[-164.73342900004823,16.85244940041963],[-164.72508200003421,16.836965600082522],[-164.71646099997508,16.821622799952422],[-164.7075649998248,16.806427000305973],[-164.69839499962944,16.791379899962578],[-164.68895000024224,16.776487400273425],[-164.67924499965693,16.761754999693608],[-164.66926599992587,16.747186700206214],[-164.65902699989604,16.732788100090886],[-164.64852899961357,16.718561200339252],[-164.63777199997773,16.704511600130388],[-164.62675500004315,16.690643299648684],[-164.61550900034001,16.676959999604435],[-164.60400400038424,16.663467399900696],[-164.59225499996819,16.650167499730458],[-164.58027599973752,16.637065900071377],[-164.56805399999203,16.624166500383808],[-164.5556029995787,16.611471200035965],[-164.54292300029616,16.598985699830337],[-164.53001400034577,16.586713800301766],[-164.51690700025779,16.574657399919204],[-164.50355499966344,16.562824199577278],[-164.49002099966933,16.551212299907831],[-164.47625699986057,16.539829300182191],[-164.46229599996036,16.528676999943741],[-164.4481349998303,16.517759299552154],[-164.43377699960877,16.507078199999057],[-164.41923499989525,16.496637300371276],[-164.40450999983653,16.486440699778598],[-164.38958699964024,16.476491900181202],[-164.37449599979047,16.466793100421398],[-164.35923800033336,16.457347899586011],[-164.34379599958564,16.448156400197831],[-164.3282169997147,16.439224199637238],[-164.31246900014418,16.430553399619839],[-164.29655500011307,16.422147799781271],[-164.28050199996724,16.414007199572723],[-164.26429700000648,16.406133699810539],[-164.24794000023076,16.398534799941217],[-164.2314760000173,16.391206700329121],[-164.21487399973523,16.384155299627537],[-164.19813500032993,16.377380399985611],[-164.18128999963369,16.370887800231912],[-164.16433700025229,16.364675500274245],[-164.14726299978753,16.358745600029579],[-164.13008099973825,16.35310170038332],[-164.11280799998912,16.347745900353175],[-164.09544399964079,16.342678100114369],[-164.0779880004458,16.337900199934438],[-164.06043999970615,16.333414100080802],[-164.04281599995835,16.329221699921675],[-164.02513100009551,16.325323100181095],[-164.00735499963343,16.321718200134967],[-163.98954800043978,16.318412800410556],[-163.97166400039322,16.315402999748756],[-163.95373500007011,16.312690700215796],[-163.93574499963194,16.310279800372655],[-163.91774000030068,16.308168399951853],[-163.89968899974747,16.306356400027994],[-163.8816069995633,16.304845799793952],[-163.86349499979431,16.303636600149105],[-163.84536700018683,16.302732500004993],[-163.82723999972612,16.302125900090346],[-163.80908199963449,16.301824600225245],[-163.78942899984838,16.135459899854652],[-163.76828000032168,16.135812800120789],[-163.74713099989566,16.136518499928968],[-163.72599800020745,16.137577100003284],[-163.7048950001041,16.138982799716587],[-163.68380699979312,16.140745200230924],[-163.66276599985093,16.142858500019884],[-163.64176900013916,16.145319000171867],[-163.62080400010444,16.148128500230257],[-163.59991499997719,16.15128900028725],[-163.57907100012648,16.154800399618864],[-163.55828900043693,16.158655199677867],[-163.53759800044728,16.162855100182867],[-163.51696799967337,16.167398500340653],[-163.49641399970625,16.172285099777696],[-163.47596700017684,16.177516900384774],[-163.45561200039342,16.183086400017487],[-163.43537899994081,16.18899149965813],[-163.41523700008742,16.195236200390468],[-163.39520299981851,16.201816600056191],[-163.37530500042536,16.208728800094207],[-163.35553000040912,16.215969099794279],[-163.33587599967757,16.223539400323205],[-163.31637599975249,16.231437699790149],[-163.29701199980386,16.239656399823104],[-163.2778169995548,16.248199499707312],[-163.2587590002276,16.257059099797743],[-163.23986799960841,16.266235399744062],[-163.22114599958815,16.275728199896662],[-163.20259100007451,16.285526300098809],[-163.18421900000678,16.295635199704861],[-163.16604600012272,16.306047400167529],[-163.14805599968457,16.316761000320071],[-163.13024899959157,16.327774000070178],[-163.1126399996362,16.339080800238889],[-163.09526100039477,16.350679399834576],[-163.07806399965378,16.362567900388456],[-163.06111100027238,16.374738699931186],[-163.04437300001385,16.387191800261519],[-163.02784699963925,16.399921399852872],[-163.01156599977099,16.412923799793646],[-162.99551399967126,16.426195099724225],[-162.9797209998242,16.439731599833578],[-162.96415699974565,16.453531300029624],[-162.94885299996591,16.467588399685042],[-162.93380700039268,16.481897400344906],[-162.91900600042649,16.496452299933821],[-162.9044950003439,16.511253399724751],[-162.89022799982226,16.526294700340316],[-162.8762360002911,16.541572599995618],[-162.86253399974422,16.55707929977001],[-162.84910600014172,16.572813000119993],[-162.83598300021521,16.588768000243135],[-162.82311999968815,16.604938500411606],[-162.81057700042814,16.621320700090394],[-162.79832500019853,16.637908900275647],[-162.78636199980636,16.654703100068161],[-162.77473399957435,16.67168810002596],[-162.76339700017135,16.688869500227383],[-162.75236500044434,16.706232100331306],[-162.74165300018572,16.723779699973306],[-162.73126200034096,16.741500900246479],[-162.72119099996459,16.759393700159251],[-162.71145599979448,16.777450600265126],[-162.7020420000382,16.795669599572477],[-162.69296300044203,16.814039200249056],[-162.68421900010668,16.832561500413078],[-162.67579700023128,16.851221100073872],[-162.66774000010085,16.870021799766391],[-162.66000400038422,16.888952300408448],[-162.65263399955936,16.90801050028449],[-162.64559899979392,16.92718699968043],[-162.63890100028087,16.946479800302654],[-162.63258400035124,16.965879399914513],[-162.62658699989007,16.985382099604351],[-162.62097199995776,17.004981999819563],[-162.61570699997799,17.024673499582491],[-162.610794000043,17.044446899704781],[-162.60624699989904,17.06430049956856],[-162.60206600044549,17.08422660007767],[-162.59823600009125,17.104221299973176],[-162.59477200042741,17.124275200440309],[-162.59169000039313,17.144380599685064],[-162.58895900035751,17.164541200216377],[-162.58660899990534,17.184740100175645],[-162.58461000035115,17.204973199553649],[-162.58300800021897,17.225238800430418],[-162.58175700008542,17.245527299845151],[-162.58087199974293,17.265834800136076],[-162.58036799988321,17.286153800057946],[-162.4059750003459,17.306800799817211],[-162.40621899990686,17.330028500415096],[-162.40690600011175,17.353244800307436],[-162.40800500043034,17.376449599669456],[-162.40951499991723,17.399629600226035],[-162.4114690000942,17.422782899911056],[-162.41383400033877,17.445898099817612],[-162.41664100028186,17.468973199853451],[-162.41984599969305,17.491996800212291],[-162.42347699986357,17.514963200091756],[-162.42753599998633,17.537866599763902],[-162.43202200001522,17.560697600414073],[-162.43690500036539,17.583452200059128],[-162.44221499972238,17.60611920034097],[-162.44795199988479,17.62869450035106],[-162.45408600036853,17.651172599835775],[-162.46064799990521,17.673545799699014],[-162.46762100040877,17.695804600402141],[-162.47499100033431,17.717945099786675],[-162.48275799968187,17.739957800112506],[-162.49095199983483,17.761836999677939],[-162.49952699957129,17.783580800014022],[-162.50851400032079,17.805173900055593],[-162.51789899963904,17.82661440043438],[-162.5276640002933,17.847898499716109],[-162.53782700041566,17.869012799800998],[-162.54838599991388,17.889959299881923],[-162.5593259998949,17.910722699792927],[-162.57064800040482,17.931301100165797],[-162.582351999645,17.951688800198099],[-162.59440599973701,17.971878099894525],[-162.60685700015037,17.99186130015903],[-162.61967500040086,18.011636700373572],[-162.63285800039631,18.031194700275364],[-162.64639300043655,18.050531400403941],[-162.66027800042929,18.06963730032129],[-162.67451499956749,18.088510499759877],[-162.68910199955755,18.107143400347809],[-162.70404099959237,18.125530199659124],[-162.71931499978734,18.143663400046023],[-162.7349240001424,18.161542899885035],[-162.750854000012,18.179159199637468],[-162.76710500029546,18.196504600207277],[-162.78369099983968,18.213577300252325],[-162.80056800021296,18.230371500044839],[-162.81777999984703,18.24688339994907],[-162.83528100021792,18.263105399794483],[-162.85308800031089,18.279031799677966],[-162.87118500028745,18.294658700139053],[-162.88957200014761,18.309982299743467],[-162.90824899989136,18.324998899579668],[-162.92718499988774,18.339700699827574],[-162.94639599997535,18.354085900044367],[-162.965881000108,18.368146900059514],[-162.98561099984769,18.381883600048241],[-163.00559999984003,18.395286600296515],[-163.02583300029266,18.408355700255527],[-163.04631000030619,18.421087299939074],[-163.06701700013437,18.433473600426453],[-163.08796700037669,18.445512800375582],[-163.10911599990339,18.457201000326052],[-163.13049300005184,18.46853830010258],[-163.15208400017639,18.47951320007428],[-163.17385899979294,18.490129499876673],[-163.19583100040026,18.500379600238489],[-163.21800200029199,18.510263400435747],[-163.2403559996296,18.519775400214712],[-163.26286299972759,18.528915399925893],[-163.28555300017075,18.537675900122849],[-163.30841100026737,18.546058700348908],[-163.33140600038652,18.55405809980158],[-163.35455300032064,18.561674100279618],[-163.37783800032338,18.568901099905986],[-163.40126000034866,18.57574459983357],[-163.42480499975085,18.582191499638157],[-163.448456000444,18.588249199840845],[-163.47221399977619,18.593906399560808],[-163.49609400023783,18.599172600135546],[-163.52004999970765,18.604034399867771],[-163.54411299961515,18.608499499652339],[-163.56823699963775,18.612564099853444],[-163.59243799961391,18.616224300111526],[-163.61669899965904,18.61948390006205],[-163.64102199986533,18.622333499991157],[-163.66540500014057,18.62478070006938],[-163.68981900004673,18.626819599844794],[-163.71427900027555,18.628452300133688],[-163.73875400029681,18.629674899677013],[-163.76324500015656,18.630493200001297],[-163.78774999976261,18.630901299755294]]]},"properties":{"objectid":9340,"radii":50,"stormid":"ep122026","basin":"ep","stormnum":12,"advnum":"38","validtime":"2026090712","synoptime":"2026090512","timezone":"UTC","tau":48,"ne":80,"se":70,"sw":60,"nw":70,"idp_source":"ep122026_2026090515_forecastradii","idp_filedate":1788624164000,"idp_ingestdate":1788624266000,"st_area(shape)":4.5101887113892651,"st_perimeter(shape)":8.0975446042490304,"binnumber":"CP4"}},{"type":"Feature","id":9341,"geometry":{"type":"Polygon","coordinates":[[[-163.79237399986013,18.131813000169984],[-163.80612199983034,17.965450299891586],[-163.81832899978343,17.96524619965254],[-163.83052099994413,17.964841799709404],[-163.84272799989719,17.964229599716418],[-163.85488900042694,17.963417100019285],[-163.86706499984979,17.962400400258389],[-163.87919599989539,17.961181600350699],[-163.89131200014862,17.959760700296215],[-163.90339699987157,17.958139399813604],[-163.91546599975601,17.956316000083461],[-163.92749000026322,17.954292299749966],[-163.93946800044779,17.952066400344222],[-163.95140100035582,17.949644099795535],[-163.96330299973357,17.947023399810178],[-163.97514299984948,17.944202400120787],[-163.98693799968885,17.941185000187772],[-163.9986720003125,17.937972999554404],[-164.01033000012933,17.934564599576731],[-164.02194199962349,17.930961599798138],[-164.03347800010954,17.927167899678977],[-164.04495200043439,17.923181500026317],[-164.05633500016006,17.91900630030068],[-164.06764199997824,17.914638499966941],[-164.07887299988894,17.910085700095124],[-164.09001200005369,17.905347799961135],[-164.10107400026482,17.900421099754112],[-164.11204499987676,17.895313300368684],[-164.12289400015791,17.890022300089242],[-164.13366699963225,17.884553900442313],[-164.14433299956821,17.878904299993565],[-164.15489199996574,17.87307740000216],[-164.16534399992557,17.867075000011369],[-164.17567399965529,17.860902799924418],[-164.18588300010029,17.854557000105615],[-164.19599899985388,17.848043400282847],[-164.20596299979252,17.841361999556796],[-164.21583600003129,17.834514600168802],[-164.2255550003629,17.827503200412536],[-164.23515299961116,17.820333500190998],[-164.24461399973623,17.813003500311424],[-164.25393699979261,17.805517200058887],[-164.26312299982649,17.797876399876088],[-164.27217099979174,17.790082900205846],[-164.28106699994203,17.782140700333173],[-164.28982500002365,17.774051699626398],[-164.29841599959863,17.765815700234498],[-164.3068700000504,17.757442500271338],[-164.31516999969566,17.748924299916666],[-164.32330299973358,17.740272499876085],[-164.33126800011803,17.73148540043104],[-164.33908099978822,17.722568500036402],[-164.34674099959739,17.713520099872824],[-164.35421799996064,17.704349499829675],[-164.36151099993262,17.695053099920756],[-164.36866799992816,17.685636500224462],[-164.37560999990149,17.676101699933668],[-164.382401000106,17.666454300026089],[-164.38902299971159,17.656694400326444],[-164.39543200028652,17.646825799571161],[-164.40168800010105,17.636852300093722],[-164.40774499973188,17.626773800270826],[-164.41361999996295,17.616598099922498],[-164.41929600001032,17.606325100123399],[-164.42478899971249,17.595960599702039],[-164.43011499980733,17.58550449973302],[-164.43521100008749,17.574962599944172],[-164.44013999986103,17.56433679970371],[-164.44485499965842,17.553628900353601],[-164.44938700000998,17.542848600182879],[-164.45372000017778,17.531990100362975],[-164.45784000041562,17.521062900432639],[-164.4617609995704,17.510068899760029],[-164.46548500043235,17.499010100236092],[-164.46899400037273,17.487890199872993],[-164.47232100001406,17.476717000289455],[-164.47543299963314,17.465486500401823],[-164.47833300026767,17.454206500030068],[-164.48103299977305,17.442880600059766],[-164.48352100029385,17.431512799776044],[-164.4857939998931,17.420105000345643],[-164.48786900025408,17.408659000412683],[-164.48971599999334,17.39718249997253],[-164.49137900024058,17.385675400099785],[-164.49282799961242,17.374139799812042],[-164.49404900016114,17.362586999990185],[-164.49505599983445,17.351011299831782],[-164.49586500026948,17.339422199774845],[-164.49645999982906,17.327823600179158],[-164.49684100031183,17.316215500145347],[-164.49700899996529,17.304601700208423],[-164.49696399968875,17.292987800446781],[-164.4967190000817,17.281375899878014],[-164.49623100006053,17.269767799844203],[-164.49555999969417,17.258172999884152],[-164.49465900041247,17.246589699555102],[-164.49356100013998,17.235025400102245],[-164.49224899989136,17.22347639991608],[-164.49072299966662,17.211955999969575],[-164.4889830003651,17.200458500359616],[-164.48704500002665,17.18899349955052],[-164.48487899996579,17.177564600226276],[-164.48252900041297,17.166170099970259],[-164.47995000019228,17.154817599852493],[-164.47718799962641,17.143512699951259],[-164.47419700019134,17.132251699556434],[-164.47102399955784,17.121044199830123],[-164.46763599980147,17.109890000223459],[-164.46403500011508,17.098794899565121],[-164.4602360002911,17.087762800013365],[-164.45623800028341,17.076793699769553],[-164.45204200013811,17.065891300443297],[-164.44766199960154,17.055065199599426],[-164.44306900003426,17.044307699940532],[-164.43829300012177,17.033634199658707],[-164.43330400027932,17.023038899925439],[-164.42814599983794,17.012527499744465],[-164.42279100020443,17.002105699918275],[-164.41723600034106,16.991773600271586],[-164.41149900017862,16.981536899808191],[-164.40557899967101,16.971397399870227],[-164.39947499967141,16.96135709965057],[-164.39318800022596,16.951419799684174],[-164.38671899958209,16.941589400330713],[-164.38008100013798,16.931865700142112],[-164.37326000034867,16.922258400105193],[-164.36627200005267,16.912763599860398],[-164.35910000026473,16.903387100034763],[-164.35177599976251,16.894130700171843],[-164.34428399960683,16.885000199999354],[-164.33660900000527,16.875993700149309],[-164.32878099964333,16.86711689962533],[-164.3208010003658,16.858371699594386],[-164.31265299963616,16.849762000416149],[-164.30435199994477,16.841287599743055],[-164.29591400023085,16.83295249955836],[-164.28730799996416,16.824762299940346],[-164.2785489998364,16.816715200446311],[-164.26965299968612,16.808814999812512],[-164.26062000041262,16.801065399648621],[-164.25145000021726,16.793464700235859],[-164.24214199995325,16.786020300296741],[-164.2326809998282,16.778730400287884],[-164.22311400021087,16.771600700112344],[-164.21340899962556,16.764631299594953],[-164.20359800044727,16.757823900252959],[-164.19363399960932,16.751180600204691],[-164.18356300013227,16.744705199985106],[-164.17338600026363,16.738399500037019],[-164.16308600011874,16.732263600185149],[-164.15267900043546,16.726299299972879],[-164.14216600036056,16.720510499759882],[-164.13154599984793,16.714897200445591],[-164.12083399958934,16.709459300406536],[-164.11001599983845,16.704204600362175],[-164.09912100013398,16.699129100128005],[-164.08812000003789,16.694236799888529],[-164.07702600014971,16.689529400261733],[-164.06587200019257,16.685005199730313],[-164.05461099979772,16.680667899903824],[-164.04328900018714,16.676519400150312],[-164.03189099976976,16.672561599838104],[-164.0204160002981,16.668792700323024],[-164.00889599965058,16.665216399617293],[-163.99729899994881,16.661830899976167],[-163.98564100013198,16.6586399003113],[-163.97392300024617,16.65564730008299],[-163.96215799999163,16.65284540019519],[-163.95034800035984,16.650241899744003],[-163.93847699971369,16.647836699803975],[-163.92659000012833,16.645627999932401],[-163.9146420004279,16.643617599672609],[-163.90266400024333,16.641807599841002],[-163.89065599957465,16.640195799796459],[-163.87863199996676,16.638786300447521],[-163.8665769998286,16.637575099811158],[-163.85449200010564,16.636566199870344],[-163.84240700038268,16.635761300343859],[-163.830306999968,16.635154700429212],[-163.8181919997609,16.634752299679008],[-163.80607600040702,16.634548200339339],[-163.79319800008756,16.551366799838092],[-163.77955599960961,16.551593800413684],[-163.76594499966194,16.552047699941511],[-163.75233499976036,16.552730600137238],[-163.73872399981266,16.553638499916985],[-163.72514300034911,16.55477140018013],[-163.71159399966328,16.556133300211798],[-163.69805899962304,16.557718299560008],[-163.68456999990551,16.559530300383187],[-163.67109700002646,16.561565399623646],[-163.65766900042397,16.563825600071539],[-163.64428700024479,16.56630710029259],[-163.63095100038828,16.569013600097719],[-163.61767599974752,16.571943299943484],[-163.60443099959087,16.575090400101999],[-163.59126300028714,16.578460700301207],[-163.57815600019916,16.582048399913845],[-163.56512500001867,16.585853599664006],[-163.55213900011469,16.589876199726973],[-163.53924600000281,16.594114299835212],[-163.52642799975231,16.598566100445339],[-163.51368700035471,16.603231400109166],[-163.50103799980377,16.608108500007404],[-163.48847999985205,16.613193499780323],[-163.47601299960019,16.618490199962878],[-163.46365399983216,16.623991000384478],[-163.45138499971787,16.629697800413282],[-163.43922400008745,16.63561060004929],[-163.42715500020302,16.641723599564614],[-163.41522200029499,16.648037000407385],[-163.4034119997639,16.654546699870423],[-163.391692999832,16.66125300012601],[-163.38011199996873,16.668151900090265],[-163.36866800012803,16.675245300030724],[-163.3573459996181,16.682527500044216],[-163.34614600023764,16.689998599955572],[-163.33508299998039,16.697652800036849],[-163.32417299958419,16.705491999656203],[-163.31341599994835,16.713508600441685],[-163.30277999959722,16.721706400230346],[-163.292312999845,16.73007970001828],[-163.2819979999077,16.738626499713348],[-163.27183499978534,16.747343100403896],[-163.26180999973161,16.756227500199088],[-163.25198399986164,16.765277899555542],[-163.24229399996804,16.774492300179645],[-163.23278799956645,16.783865000369588],[-163.22346500040936,16.793394099857949],[-163.21429400016788,16.803077700175834],[-163.20530700031773,16.812913900156502],[-163.19650299991343,16.822895099629307],[-163.18786600001582,16.833025000203747],[-163.1794430000943,16.843296099735369],[-163.17118799982626,16.853706399930559],[-163.16313199974192,16.864250199986884],[-163.15525799995666,16.874929400171823],[-163.1475830003551,16.885736500139501],[-163.14012099978424,16.896673199608642],[-163.13282799981226,16.907728200396264],[-163.12576299956271,16.918905300339475],[-163.11888099965833,16.930198699710388],[-163.11222800042179,16.941602700404417],[-163.10577399957035,16.953119299815967],[-163.09953300044754,16.964738799656004],[-163.09349099970979,16.976463299841555],[-163.08767699959378,16.98828320010972],[-163.08207700035319,17.000200300003996],[-163.07669100018944,17.012208899621157],[-163.07151799995566,17.024305300049718],[-163.06657400038972,17.036483799587813],[-163.06185899969302,17.048748000020339],[-163.0573430000793,17.061082799931398],[-163.05308499977284,17.073495900215789],[-163.0490259996501,17.08597559979421],[-163.0452120000337,17.098522199939737],[-163.04162600013973,17.111129800200274],[-163.03826900001425,17.123792599948672],[-163.03514099965733,17.136514700093471],[-163.03224199996825,17.14928439955554],[-163.02957200004769,17.162099799865985],[-163.02714499964193,17.174957300139454],[-163.02496299974257,17.187854799559489],[-163.0229949998193,17.200786600021729],[-163.02127100035631,17.213748900091787],[-163.01979099955491,17.226737999958857],[-163.01853900027456,17.239749900337756],[-163.0175480004398,17.252779000250825],[-163.01676899958957,17.265825299697951],[-163.01623500014506,17.278881099583202],[-163.01592999956975,17.291944499639101],[-162.92874099969731,17.305378000394569],[-162.92895499967341,17.319892899937543],[-162.92941300010978,17.334405900112358],[-162.93014499969189,17.348905600213413],[-162.93112199978037,17.363393799784149],[-162.93238799970635,17.377862899553293],[-162.93391399993106,17.39230730034177],[-162.93569900040848,17.406723000166437],[-162.93774400028531,17.421110199576162],[-162.9400630002072,17.435459099557931],[-162.9426420004279,17.449768100217796],[-162.94546500020951,17.464029300112259],[-162.94856300008232,17.478242899790132],[-162.95193500000016,17.492404899966289],[-162.95555100037828,17.506505999852152],[-162.95941200036344,17.520545999798173],[-162.96356200018607,17.534519199901297],[-162.96794099977723,17.54842000008307],[-162.97257999966718,17.562248199794738],[-162.97747799980976,17.575992599778772],[-162.98262000041262,17.58965680002143],[-162.9880220004149,17.603231399909305],[-162.99368299977056,17.616714500074238],[-162.9995569999555,17.630104100424035],[-163.00569199958602,17.64339069962125],[-163.01206999963071,17.656572300271591],[-163.01870699992801,17.669647199958433],[-163.02557400004,17.682609599853265],[-163.03266899987437,17.695455599596357],[-163.0399930003766,17.708181399552075],[-163.04756199958652,17.720783200084782],[-163.05537400010994,17.733257299584864],[-163.06339999971013,17.745597800298412],[-163.07165499997819,17.757804900076223],[-163.08012400022236,17.769870799997534],[-163.08882100018891,17.781793599794923],[-163.09774799997015,17.793571499924894],[-163.10687299988896,17.805196800392139],[-163.11621099973777,17.816669500297337],[-163.12577800025443,17.827983899737319],[-163.13552900026306,17.839138000418529],[-163.14549300020172,17.850128199656808],[-163.15565500027796,17.860948599698247],[-163.16603100033032,17.871601099910947],[-163.17658999982854,17.882076299681614],[-163.18733199967195,17.892375899628178],[-163.19828800039082,17.902494400396392],[-163.20939600002529,17.91242980009531],[-163.22071799963589,17.922174500353037],[-163.23219300000687,17.931734100348592],[-163.24385099982371,17.941099200367944],[-163.25567600014722,17.950267800318841],[-163.26768499996271,17.959238099758636],[-163.27984599959314,17.968007999669567],[-163.29217499977634,17.976571999798068],[-163.30465699982059,17.984930000319423],[-163.31729099967981,17.99308010006672],[-163.33006299960766,18.001018500303701],[-163.34298700024979,18.008741399596033],[-163.35606399985363,18.016248699917696],[-163.36926299968761,18.023536699659076],[-163.38259900044343,18.030601500259195],[-163.39605699963076,18.037447000278974],[-163.40965299978603,18.044067399990638],[-163.42337000012532,18.050457000390395],[-163.43719500004914,18.056617699947026],[-163.45112600036455,18.062547700016466],[-163.46517900001075,18.06824300041427],[-163.47932400030228,18.073705700158087],[-163.49356100033981,18.078931799962731],[-163.50790399986963,18.083917600017344],[-163.52235399983715,18.088664999690138],[-163.53686499991974,18.093170200244685],[-163.5514529999559,18.097435000325163],[-163.56614700038369,18.101453799853118],[-163.58088700023478,18.10522649990321],[-163.59570299999336,18.108756999935736],[-163.61057999986701,18.11203769978016],[-163.62551899990186,18.115070300054469],[-163.64050300021322,18.117853199965339],[-163.65554799974032,18.120384199771138],[-163.67063899959007,18.122665400288156],[-163.68575999992399,18.124694799625445],[-163.70092799972733,18.126472500305795],[-163.71612499996868,18.12799639971422],[-163.73133900009469,18.129268599566331],[-163.746566999967,18.130285300226546],[-163.76182600036955,18.131048199614838],[-163.77709999966518,18.131557500078713],[-163.79237399986013,18.131813000169984]]]},"properties":{"objectid":9341,"radii":64,"stormid":"ep122026","basin":"ep","stormnum":12,"advnum":"38","validtime":"2026090712","synoptime":"2026090512","timezone":"UTC","tau":48,"ne":50,"se":45,"sw":40,"nw":40,"idp_source":"ep122026_2026090515_forecastradii","idp_filedate":1788624164000,"idp_ingestdate":1788624266000,"st_area(shape)":1.7589247462450268,"st_perimeter(shape)":4.9816316240244385,"binnumber":"CP4"}},{"type":"Feature","id":9342,"geometry":{"type":"Polygon","coordinates":[[[-163.07649200000571,22.195442199697879],[-163.12193300010779,22.029079399594764],[-163.16577100003155,22.028358500344666],[-163.20959500020902,22.026916500396339],[-163.25335700022529,22.024757399934174],[-163.29708899975745,22.02187730039725],[-163.34075900002776,22.01827999962245],[-163.3843540004367,22.013967500399986],[-163.42784100036181,22.008935899672167],[-163.4712369996877,22.003194800399854],[-163.51452600037453,21.996738400157199],[-163.55766300034711,21.989570600203194],[-163.6006469995593,21.981698999809112],[-163.64349399964829,21.973119700413974],[-163.68614199955357,21.963838599771691],[-163.72863799964389,21.953857400298944],[-163.77090499996569,21.94318199974964],[-163.8129730001038,21.931814200365181],[-163.85479699978163,21.919752100079506],[-163.89639299973706,21.907009099690356],[-163.93774400008544,21.893583299829572],[-163.97882100038879,21.879480400400325],[-164.0196079999092,21.8647041003141],[-164.06012000023773,21.849262200290468],[-164.10031100015246,21.833156599697475],[-164.14019800043729,21.816392900412154],[-164.17973299977803,21.798976900363812],[-164.2189479996504,21.780912400087345],[-164.25779699973168,21.762205100385188],[-164.29628000002191,21.742868400256611],[-164.33439599957563,21.722900400333344],[-164.37210099996111,21.702306699794519],[-164.40940900002525,21.681096999626959],[-164.44630399992957,21.659280800268846],[-164.48277299997389,21.636861799732401],[-164.51879900027356,21.613845800443471],[-164.55438199992926,21.59024239996694],[-164.58950800009404,21.566057200179785],[-164.62416100003006,21.541297900178108],[-164.65832499989875,21.515977899860331],[-164.69200099974626,21.49009699957702],[-164.72518899957259,21.463668799775405],[-164.75784299995442,21.436697000266463],[-164.78999299957718,21.409194900224634],[-164.82159399996306,21.381170300369206],[-164.85266100000507,21.352630600322072],[-164.88317899991083,21.323583599903372],[-164.91313199984185,21.294042600086073],[-164.94251999979807,21.264011399606545],[-164.97132900003325,21.233505199705348],[-164.99955699955581,21.202527999667609],[-165.02717599977248,21.171092999742257],[-165.05419900038348,21.13920970036753],[-165.08059700005143,21.106887799832236],[-165.10640000015979,21.074136699649102],[-165.13156100033981,21.040967900348448],[-165.15608199978439,21.007391000394477],[-165.17996200024604,20.97341540040054],[-165.20320099992614,20.939052599997638],[-165.22578399993156,20.904315900158792],[-165.24771100026237,20.869213099804824],[-165.26895100038828,20.833755499816618],[-165.28953599998633,20.797956500092539],[-165.3094330002327,20.761821699811719],[-165.32862899962856,20.725366599688982],[-165.34715300041057,20.688604399973201],[-165.36497500029594,20.651540799668282],[-165.38208000039162,20.614191099839502],[-165.39849900032851,20.5765685996613],[-165.41420000042959,20.53867909976077],[-165.42918399984165,20.50053979967214],[-165.4434510003633,20.462160100008759],[-165.45700100019593,20.42355160022629],[-165.46981800040032,20.384725600306353],[-165.48188800033088,20.345699299783007],[-165.4932400004256,20.3064765999153],[-165.50386000003888,20.267074600412627],[-165.51373300027765,20.227504700181896],[-165.52285800019646,20.187778499578258],[-165.53126500027946,20.147907300381746],[-165.53889499960448,20.107906300235697],[-165.54579200020058,20.067787200219243],[-165.5519409995774,20.027559300221697],[-165.5573429995797,19.9872379004089],[-165.56198100032282,19.946832699969264],[-165.56585700010041,19.906356800226263],[-165.56900000024973,19.865823700003887],[-165.57139600012522,19.825246800099876],[-165.57301300004983,19.784635500228319],[-165.57389800039232,19.744005200379831],[-165.57401999972313,19.703365300268558],[-164.86683699992753,19.676832199946205],[-164.86598200006918,19.647811900399006],[-164.8645939999131,19.618810699754135],[-164.86265599957466,19.589834199888571],[-164.86018399979167,19.560894000258031],[-164.8571930003566,19.531999600401377],[-164.85365299988595,19.503160499857302],[-164.84957899997079,19.474380500060192],[-164.84498600040351,19.445674900276572],[-164.83985899959308,19.417047500142132],[-164.83421300002985,19.388509800187251],[-164.82803300012279,19.360065500222788],[-164.82133499971039,19.3317299004147],[-164.81411699959978,19.303510699859032],[-164.80636600009075,19.275409699897864],[-164.79811099982271,19.247444199890026],[-164.78935199969496,19.219617799821719],[-164.78007499996119,19.19193840023712],[-164.77029400036776,19.164415399950883],[-164.76001000006138,19.137056400032975],[-164.7492070001029,19.109872800289622],[-164.73792999986952,19.082866699738531],[-164.72615099986868,19.056053199795485],[-164.71389799959292,19.029436100096063],[-164.70114100035681,19.003025099828619],[-164.68791200003869,18.976827600413571],[-164.67421000039113,18.950851399872363],[-164.66001899977695,18.925104100174224],[-164.6453699996257,18.899591400323004],[-164.63026399998353,18.874324799949704],[-164.61468500011259,18.849309900031983],[-164.59866299959768,18.824556399758194],[-164.58218399959182,18.800067900013687],[-164.56526199984134,18.77585600025435],[-164.54789700034621,18.751922599848228],[-164.53012099988416,18.7282791004003],[-164.51188699988506,18.704931299839757],[-164.49325599956464,18.681886700311111],[-164.47418200039891,18.65915109974361],[-164.45472699985109,18.636732100106485],[-164.43484500029643,18.614637399596461],[-164.41458100021291,18.592870699823095],[-164.39392099985417,18.571443600242105],[-164.37286400007346,18.550352099769725],[-164.35143999955625,18.529617300098437],[-164.32963600040102,18.509233500425864],[-164.30746499960998,18.489211999834083],[-164.28494299971959,18.469558699674394],[-164.26205399999202,18.450277299757715],[-164.23881500031194,18.431371700443776],[-164.21525600026413,18.412855100182867],[-164.19134500017154,18.394725800155697],[-164.16713000044908,18.376993200076242],[-164.14259300026666,18.359661099580194],[-164.11773699976266,18.342733399926601],[-164.09259000022826,18.326217700386678],[-164.06713900016464,18.31011769987208],[-164.04139700017134,18.294437400365894],[-164.01539599992537,18.279182400147761],[-163.98909000000342,18.264358499845059],[-163.96255500031293,18.249965700356938],[-163.93574499963194,18.236015299866324],[-163.90869100028937,18.222505599553926],[-163.88137799979478,18.209440200305153],[-163.85385100022341,18.196828800408923],[-163.8261109998227,18.184669499597874],[-163.79815700034521,18.172967899748926],[-163.76997400019988,18.161726000055012],[-163.74159199987082,18.150951399787402],[-163.71304299993443,18.140644099845474],[-163.68431099965284,18.130805999597328],[-163.65538000008686,18.121442799845454],[-163.62629699980661,18.112556499782784],[-163.59707600035705,18.104148899851964],[-163.56768800040081,18.096221900320586],[-163.53816200037593,18.088779399749626],[-163.50851400012093,18.08182139993778],[-163.47872899984338,18.07535550015632],[-163.44885299986598,18.069379800137824],[-163.41886900030403,18.063890500246544],[-163.3887790003505,18.058900799832202],[-163.3586120004434,18.054403300172282],[-163.32836899972946,18.05040170017844],[-163.29805000000741,18.046897900118154],[-163.26768499996271,18.043893800258786],[-163.23727399959532,18.041389500425225],[-163.2068020000122,18.039382899801126],[-163.17631499973737,18.037879899737732],[-163.14579799987771,18.036876699700088],[-163.11526500017953,18.036373100038702],[-163.07720899979543,17.204559300071764],[-163.03163099967082,17.205308900285672],[-162.98608400007646,17.206808099814111],[-162.94056700006692,17.209053000095992],[-162.89509600038002,17.212045700149076],[-162.8496859999089,17.215786000323817],[-162.80433699955282,17.220272100177397],[-162.75907899979592,17.225501999617734],[-162.71392799957744,17.231473900000651],[-162.66888399979666,17.23818969979493],[-162.62397800008455,17.245643600172173],[-162.57919299965712,17.253833799790186],[-162.53456099999008,17.262758300355415],[-162.49009699997649,17.272415199801742],[-162.4458160003081,17.282800700292228],[-162.40173299987796,17.293911000392484],[-162.35783399983913,17.305746100102567],[-162.31416300042204,17.31830019969459],[-162.27072099987416,17.331571600349207],[-162.22753899962504,17.345552399723601],[-162.18458600004379,17.360238999630269],[-162.14190699960827,17.375633199612594],[-162.09951799995565,17.391725500131884],[-162.05741900018663,17.408508300118115],[-162.01562500009359,17.425983400014047],[-161.97413599967658,17.44414140010565],[-161.93298300036508,17.462978400033251],[-161.89218100015296,17.482488600068962],[-161.85171500014707,17.502668400226639],[-161.81164599956315,17.523506200151132],[-161.77192699983109,17.545001999842555],[-161.73260500042036,17.567146299762044],[-161.69368000043158,17.589931499739066],[-161.65518200034896,17.613355599681313],[-161.61711100017243,17.63740919987481],[-161.57945300015575,17.662082700056715],[-161.54225199963,17.687370299599763],[-161.50550800039383,17.713266400224313],[-161.46923799963389,17.739763300136303],[-161.43344100000206,17.76684949970479],[-161.39814800022995,17.794519399750641],[-161.36334200043291,17.822767300370742],[-161.32905600033408,17.851583499678895],[-161.29527300004884,17.880956599667456],[-161.26203899989986,17.910879099990609],[-161.22934000014081,17.94134520002109],[-161.19720500031045,17.972343400127954],[-161.165618999717,18.003862400329638],[-161.13461299979002,18.035900099809908],[-161.10418699963026,18.068437600215191],[-161.07434100013697,18.101470899562514],[-161.04510499999569,18.134992600028625],[-161.01646400031328,18.168983500188517],[-160.9884489998214,18.203445399585689],[-160.96106000031867,18.238359499691285],[-160.93431099975277,18.273717899961241],[-160.90820299996838,18.309509300414049],[-160.88273600006627,18.345727900422389],[-160.85794099967731,18.382356600277035],[-160.83380099981622,18.419385900439067],[-160.81033300036759,18.456808100013916],[-160.78755200022457,18.494607899734945],[-160.76545700024027,18.532779700422964],[-160.74406400025333,18.57130620002124],[-160.72337300026368,18.610176100346905],[-160.70338400027131,18.649385500140852],[-160.68411300011479,18.688913300408615],[-160.66555799970183,18.728750200361617],[-160.64773599981646,18.768890400271914],[-160.6306460004125,18.809312800245664],[-160.6143040004292,18.850011800204584],[-160.59869400002799,18.890972099982548],[-160.58384699973917,18.932182299773444],[-160.5697479997703,18.973632800213693],[-160.55639600007527,19.015306499795258],[-160.54382300033112,19.057191799961743],[-160.53201299980003,19.099279399924512],[-160.52098100007302,19.14155200032468],[-160.51072700025077,19.18400000000014],[-160.50123599964158,19.226612099868646],[-160.49255400036674,19.269372899939526],[-160.48465000009736,19.312267299696259],[-160.47752399973271,19.355287600042857],[-160.47119099996459,19.398418400089213],[-160.46565199993975,19.441644700043014],[-160.46093800018849,19.484956699991869],[-160.45700100029586,19.52834130041083],[-160.45387299993891,19.571781200142425],[-160.45153800017849,19.615264899555598],[-160.44999700016135,19.658782999835694],[-160.44928000037163,19.702320100092663],[-160.44937100007152,19.745861099810043],[-160.45025600041402,19.789392500163899],[-160.45195000029219,19.832904799816788],[-160.45446800039781,19.876382800226168],[-160.45779399999302,19.919811200326762],[-160.46189900043845,19.96317860031229],[-160.46682700016584,20.006473499652429],[-160.47256500037437,20.049678800436425],[-160.479095000234,20.092784899703474],[-160.48645000036714,20.135778400253116],[-160.49458300040507,20.178642300401975],[-160.50352499997868,20.221366900062549],[-160.51326000014882,20.263936999792861],[-160.52378800001611,20.306343100054164],[-160.53514100015695,20.348568000413024],[-160.54725600036406,20.39060209970728],[-160.56014999962269,20.432430300118369],[-160.57383700037718,20.474037199857037],[-160.58830300018323,20.515417099919375],[-160.60354599984794,20.556551000328568],[-160.61956800036285,20.597429299922396],[-160.63633700025227,20.638038599701758],[-160.653899999885,20.678365700316931],[-160.67219499999916,20.718397100246136],[-160.69125400027181,20.758123399775229],[-160.71105999991897,20.797529199812857],[-160.73161299984,20.836605099745725],[-160.75289900028855,20.87533569958299],[-160.77491800036535,20.91371349987827],[-160.79765300018573,20.951721200373242],[-160.82112099963436,20.98935320009025],[-160.84527600018717,21.026592300394498],[-160.8701479996304,21.063428900123768],[-160.89572099992412,21.099849700103732],[-160.92198199956954,21.135847100163687],[-160.94892900027307,21.171405800137734],[-160.97654700044365,21.20651629958769],[-161.00483700012737,21.241170900316945],[-161.03376799969334,21.275354400185563],[-161.06335399978718,21.309057199830022],[-161.09358199980937,21.34226800016819],[-161.12443499987526,21.374978999581288],[-161.155914000031,21.407176999618969],[-161.18800399958482,21.438852300193616],[-161.22068799955147,21.469997400060095],[-161.25398299981552,21.500598900219188],[-161.28784200000823,21.530651099868521],[-161.32228099996809,21.560140600008822],[-161.35729999969516,21.589057900202079],[-161.39283799997364,21.61739919991328],[-161.42894000018077,21.645151100143323],[-161.46556100004005,21.672306099646903],[-161.50270099955142,21.69885640040269],[-161.5403439997757,21.724788699638907],[-161.57849099985967,21.750101099786093],[-161.61711100017243,21.774784100406066],[-161.65620399981466,21.798826200069243],[-161.69575499989324,21.822223699864026],[-161.73574799967037,21.844968799970275],[-161.77618400009146,21.867052099774753],[-161.81703199972694,21.88846780044878],[-161.85829200037543,21.909210200290659],[-161.89994800039983,21.929269799761585],[-161.94198600005379,21.948642700300525],[-161.98439000039812,21.967321399762909],[-162.02714499984179,21.985300100219604],[-162.07026700002194,22.002574900411446],[-162.11369299983201,22.019140200260154],[-162.15744000005589,22.034986500226921],[-162.20149199995575,22.050111800219554],[-162.24581899994681,22.064512299702983],[-162.29043599982145,22.078180299581277],[-162.33529700015634,22.091116000403247],[-162.38041699984458,22.10331149982602],[-162.42576600020067,22.114761400118653],[-162.47131299979503,22.12546730027583],[-162.51707500031094,22.135421799776395],[-162.5630190002266,22.144620900234486],[-162.60913099979572,22.15306659994377],[-162.65541099991762,22.16075519999265],[-162.70182800006208,22.167676899569415],[-162.74838300027517,22.173837699850083],[-162.79502900018812,22.179233599750944],[-162.84178199963949,22.183858900268149],[-162.88861099989765,22.187719300405547],[-162.9355319999018,22.190805400448994],[-162.98248300039009,22.193124799669931],[-163.0294800003017,22.194667799779268],[-163.07649200000571,22.195442199697879]]]},"properties":{"objectid":9342,"radii":34,"stormid":"ep122026","basin":"ep","stormnum":12,"advnum":"38","validtime":"2026090800","synoptime":"2026090512","timezone":"UTC","tau":60,"ne":150,"se":150,"sw":100,"nw":140,"idp_source":"ep122026_2026090515_forecastradii","idp_filedate":1788624164000,"idp_ingestdate":1788624266000,"st_area(shape)":17.238746388825188,"st_perimeter(shape)":16.16019123294004,"binnumber":"CP4"}},{"type":"Feature","id":9343,"geometry":{"type":"Polygon","coordinates":[[[-163.08757000005536,21.030902900248805],[-163.10932899983339,20.698179200309994],[-163.12794500036139,20.697872199642461],[-163.14656099999007,20.697259899824644],[-163.16516099978023,20.696344399874306],[-163.18373099998558,20.695119900063503],[-163.20228600039852,20.693592100295348],[-163.22079499958949,20.691759100302363],[-163.23927300004883,20.689622900176857],[-163.25772100002405,20.687183400094],[-163.2761079998842,20.68444060005379],[-163.29444900032104,20.68139650014848],[-163.31271399995106,20.678050999654033],[-163.33091700031923,20.674406099561963],[-163.34905999971915,20.670461700047554],[-163.36712600006479,20.66622159984712],[-163.38510099981121,20.661684000316484],[-163.40298499985778,20.656852700192076],[-163.42077600011223,20.651727700373215],[-163.43847699981362,20.646310800403285],[-163.45606999993046,20.640605899742638],[-163.4735409998172,20.634611099922438],[-163.49090600021165,20.628330199679112],[-163.50814800032987,20.621765100179346],[-163.52526900026407,20.614917799716807],[-163.54225200012962,20.607789999808801],[-163.55909699992654,20.6003856997404],[-163.57580599974702,20.592704799686885],[-163.59236099966031,20.584751100183269],[-163.60876499980481,20.576524700154948],[-163.62500000024974,20.568031300404357],[-163.6410829999804,20.559272800299652],[-163.65701299985,20.550252899651753],[-163.67274499958199,20.540969799816537],[-163.68832400035225,20.531431199890108],[-163.70370500008562,20.521637000047633],[-163.71888699963526,20.51159290019234],[-163.73390199957754,20.501300799692274],[-163.74871800023544,20.490760800170904],[-163.76332100006402,20.479984299635873],[-163.77772499970888,20.468965500157822],[-163.79191600032308,20.457714100025839],[-163.80590799985424,20.446228000222163],[-163.81967199966297,20.434516899935147],[-163.83320599965708,20.422578799971802],[-163.84652699972119,20.410423299695651],[-163.85960400022435,20.398048399913876],[-163.87245200005967,20.385459900354249],[-163.88507100012649,20.372663500020622],[-163.89742999989451,20.359663000347325],[-163.90954600014771,20.346460299803141],[-163.92143199968694,20.333061199914596],[-163.93304400008046,20.319467500225073],[-163.9444120000137,20.30568699965545],[-163.9555209996943,20.2917212998982],[-163.96635400013693,20.277576400330759],[-163.97692900037299,20.26325230005375],[-163.98722799957244,20.248758299855808],[-163.99726900036399,20.234098399921379],[-164.00701900032652,20.219274499618621],[-164.01647900040547,20.204294200017443],[-164.02568100027787,20.189159399586742],[-164.03459200022056,20.173873899760792],[-164.04319799958793,20.158447299903116],[-164.05154399955586,20.142881399557098],[-164.0595859998939,20.127180099981786],[-164.06732199961053,20.111351000448451],[-164.07476800034286,20.095394100057831],[-164.0819240002923,20.079318999972031],[-164.08875999987401,20.063127499734492],[-164.09532200030998,20.04682730023984],[-164.10154699959429,20.030422200224507],[-164.10748299994043,20.013916000223389],[-164.11309799987271,19.997316400231853],[-164.11842299992142,19.980629000328236],[-164.12341299981003,19.963851900245118],[-164.12809800002262,19.946998599705751],[-164.13249200030549,19.93006899978468],[-164.13655100042826,19.913070699753121],[-164.14027400034476,19.896007500146141],[-164.14370700037767,19.878885299617025],[-164.14680500025048,19.861711499586193],[-164.14959700040117,19.844488100145838],[-164.15205400039173,19.827222800392065],[-164.15418999996845,19.809919399960506],[-164.15600600007676,19.792583499828822],[-164.15751599956366,19.775219000356742],[-164.15869099978974,19.757831599648739],[-164.15954599964809,19.740430799941578],[-164.16007999999192,19.723014799893235],[-164.16029399996805,19.705596899577415],[-164.16017199973791,19.688175199625903],[-164.15972899999326,19.670761099845038],[-164.1589809996733,19.653352699967286],[-164.15788300030013,19.635961499623647],[-164.15647900030555,19.618591300248454],[-164.15475499994321,19.601245899678645],[-164.15271000006638,19.583932899883564],[-164.15034499982181,19.566654200231312],[-164.1476440002703,19.549419400085412],[-164.14465299993591,19.532228500345127],[-164.14132700034071,19.515092800092816],[-164.13769500012407,19.49801249987712],[-164.13374300043904,19.480993299601209],[-164.12948600017867,19.464042699611014],[-164.12490800040382,19.447166399809646],[-164.12001000026123,19.430364599846541],[-164.11480700044262,19.413648599703265],[-164.10931399984113,19.397016500011603],[-164.10349999972513,19.380481699770769],[-164.09738199997923,19.364042299612549],[-164.09097300030365,19.347705799882874],[-164.08425900005273,19.331480000401825],[-164.07724000012584,19.315362900177831],[-164.06993100031534,19.299367900008747],[-164.06233199972192,19.283494900069741],[-164.05442800035186,19.267746000277839],[-164.04624899999129,19.252130499622979],[-164.03779599958563,19.236650499820826],[-164.02903700035719,19.221313500317933],[-164.02000400018437,19.206123399675278],[-164.01071199975891,19.19108390040185],[-164.00111399961131,19.176198999984024],[-163.99127199990281,19.16147230020664],[-163.98112499961897,19.146909699722983],[-163.97074899956661,19.132516900234918],[-163.96009800032238,19.118297599754555],[-163.94917300013378,19.104253800172899],[-163.93801900017664,19.090393099861785],[-163.92660499992073,19.076717399988183],[-163.9149320003115,19.063230500187558],[-163.90301500024199,19.04993820018791],[-163.89086900040397,19.036844299624875],[-163.8784790001057,19.023950599840475],[-163.86584500024648,19.011262899663222],[-163.85298199971945,18.998783100260027],[-163.83989000032318,18.986518899827502],[-163.82658400005147,18.97447009961553],[-163.81306499984979,18.962640799633334],[-163.79933199967198,18.951038400402012],[-163.78538500041736,18.939662900122869],[-163.77122500033343,18.928516399612306],[-163.75686600006577,18.917604400023208],[-163.74232500039838,18.906930899741383],[-163.72756999985552,18.89649770010891],[-163.7126309998207,18.886308699686879],[-163.69751000038613,18.876367600084791],[-163.68222000035266,18.866674400403383],[-163.66674800002011,18.857233000103008],[-163.6511080000341,18.848049199810873],[-163.63528399965679,18.83912279987743],[-163.61932400020237,18.830459600030679],[-163.60320999994147,18.822057700002972],[-163.58692900007321,18.813924799789845],[-163.57051100018242,18.806056999930718],[-163.5539400004306,18.798461899697031],[-163.53724700044864,18.791139599812823],[-163.52041600039803,18.784093899913671],[-163.5034640001634,18.777324700174916],[-163.48638899965252,18.770835900056909],[-163.46919299985697,18.764627499559595],[-163.45190400026931,18.758705099660745],[-163.43447899980592,18.753065100374215],[-163.41699200008065,18.747713099979705],[-163.39938400017138,18.742649100275912],[-163.3816829995707,18.737874999731616],[-163.36390700000797,18.733392700412935],[-163.34603899979993,18.729202300346003],[-163.32812500016854,18.725307500241058],[-163.31013499973037,18.721704499563145],[-163.29205300044555,18.71840290037369],[-163.27394099977724,18.715396900246901],[-163.25578299968561,18.712686500082043],[-163.23756400037823,18.710275700063619],[-163.21929899984889,18.708166100085577],[-163.20101900042644,18.706356000429196],[-163.18267799998964,18.704847299563369],[-163.1643369995528,18.703640000185999],[-163.14598100022289,18.702732100406251],[-163.12759400036273,18.70212749968448],[-163.10920699960326,18.701826099994662],[-163.08927899972599,18.535461399624012],[-163.06785600015419,18.535812399622671],[-163.04643199963701,18.536518100330227],[-163.02502399985764,18.537572899869588],[-163.00363199991679,18.538982400117789],[-162.98228500025249,18.540741000097228],[-162.96095300038058,18.542850500250552],[-162.93968199972443,18.545311000402478],[-162.91844199959851,18.548118600193391],[-162.89727800027941,18.551275299715428],[-162.87616000038363,18.554781000043249],[-162.8551029997036,18.558631899742522],[-162.83412199983036,18.562828100436604],[-162.81323199965698,18.567369499602876],[-162.79241900033651,18.572254199671704],[-162.77169799986274,18.577476499840714],[-162.75108299978055,18.583042100013017],[-162.73054499965193,18.588945400110276],[-162.71015900023758,18.59518239994793],[-162.68984999987751,18.601756999885765],[-162.66969300023169,18.608659700384976],[-162.64965799991668,18.615896200449413],[-162.62973000003939,18.623460800175906],[-162.60996999981555,18.631351500371579],[-162.59034699961427,18.639564499602102],[-162.57089199996574,18.648098000122729],[-162.55159000017829,18.656951900310105],[-162.53244000020575,18.666120500261002],[-162.5134579998867,18.675603899800251],[-162.49465899991284,18.68539430000709],[-162.47604400033026,18.695493700074337],[-162.45761100014747,18.705900199734572],[-162.43936200035594,18.716604199624271],[-162.42134100028684,18.72760769983563],[-162.40348799987123,18.738908800101171],[-162.38586400012343,18.750497800333335],[-162.36843899966001,18.762374900181612],[-162.35124199981837,18.774537999729034],[-162.33425899995279,18.786981599621242],[-162.31753500033992,18.799701699673847],[-162.30101000001142,18.812694500251098],[-162.28474399993556,18.825954400375394],[-162.26872300036609,18.839483300314214],[-162.25294500031143,18.853271499979883],[-162.23742699965624,18.867319100096552],[-162.22215300036061,18.881616600226039],[-162.20715300021072,18.896165799911898],[-162.19242900019813,18.910957300339305],[-162.17796300039208,18.925989200341462],[-162.1637879996164,18.941257499733979],[-162.14987199999274,18.956752799702087],[-162.13626100004504,18.972476999614003],[-162.12293999998093,18.98842429974178],[-162.10990899980041,19.004585300371446],[-162.09715299971108,19.020959899879642],[-162.08473199978189,19.037538499802054],[-162.07260099973627,19.054321299788285],[-162.06077600031207,19.071298599750719],[-162.0492860001487,19.088470500413393],[-162.03808599986891,19.105827299890109],[-162.02722199979539,19.123365399993361],[-162.01667800008954,19.141078900271168],[-162.00645399985214,19.158962199745872],[-161.99656699986707,19.177013399948578],[-161.98700000024974,19.195224799984658],[-161.97778299968562,19.213586799591269],[-161.96888700043465,19.232097600124291],[-161.96034200028302,19.250755300416927],[-161.95214800013002,19.269548399938856],[-161.94430499997569,19.288471199686285],[-161.93679800002761,19.307521800290999],[-161.92965699987056,19.326694500051303],[-161.92285199991977,19.345979699603618],[-161.91641199971394,19.365373600211626],[-161.91033900024459,19.384872400441054],[-161.90461699987458,19.404466599853833],[-161.89924600040251,19.424154299981126],[-161.89425699966074,19.443924000292498],[-161.88963299956319,19.463773699796548],[-161.88536100040977,19.483695999770703],[-161.88146999994046,19.503684999763095],[-161.87794500016156,19.523736999962694],[-161.87480200001221,19.543842300282051],[-161.87200899981542,19.563997299835648],[-161.8695980001475,19.584194199702722],[-161.8675690001092,19.604425399712568],[-161.86590599986192,19.624690999690017],[-161.86462400009745,19.644979500004069],[-161.86370800012403,19.665285100027461],[-161.86317399978017,19.685602199681909],[-161.68629499981432,19.70608329970463],[-161.68652300043604,19.729309100035096],[-161.68718000015681,19.752529099738297],[-161.68826299973756,19.775731999732159],[-161.6897740001699,19.79891589974909],[-161.69172700030074,19.822071099701645],[-161.69410700033771,19.845188100050905],[-161.69691500032692,19.868267100446474],[-161.70015000022227,19.891292600173472],[-161.7038120000237,19.914264699956107],[-161.70790099973127,19.937171900163207],[-161.7124180002904,19.960006700449014],[-161.71736099981021,19.982765199554478],[-161.72271700038917,20.005439800006911],[-161.72849999997493,20.028020899744888],[-161.73471100041226,20.050504700032036],[-161.74133300001785,20.072883599798445],[-161.74836699973716,20.095149999772786],[-161.75582900030804,20.11729619995981],[-161.76370200004718,20.139318499649164],[-161.77197300015376,20.161207199652665],[-161.78065500032793,20.182956699891918],[-161.78974899971649,20.204557400104079],[-161.79924000032568,20.226009400113867],[-161.80912800035685,20.247301099566243],[-161.8194269995563,20.268426900181453],[-161.8301090002301,20.289381000432968],[-161.84118700027975,20.310153999707438],[-161.85264599991288,20.330743799886591],[-161.86450199986731,20.351142899725176],[-161.87674000035065,20.371341699859727],[-161.8893279998872,20.391338300022653],[-161.90231299974505,20.411123299600717],[-161.9156650003394,20.430692700208112],[-161.92938199977939,20.450040800142972],[-161.94346599995586,20.469160099958799],[-161.95788600033856,20.488044700102989],[-161.97268700030475,20.506689100321864],[-161.98782300043104,20.5250874001635],[-162.00329599991039,20.543233899724839],[-162.0191190002416,20.561124800269454],[-162.03527799987972,20.57875249982817],[-162.05175799993168,20.596113199664558],[-162.06857300014377,20.613197300415209],[-162.08569300003185,20.630002999838723],[-162.10314900012617,20.646528199816714],[-162.1208950001041,20.662763599560606],[-162.13896199959652,20.678703300417112],[-162.15730300003335,20.694341699609879],[-162.17594900014615,20.709680600279626],[-162.19488500014256,20.72470859992211],[-162.21411100002254,20.739421799976242],[-162.23359700020131,20.753818499824035],[-162.25337200021755,20.767892799912943],[-162.27337600000232,20.781639100164455],[-162.2936709997168,20.79505539958717],[-162.31419400005299,20.808137900343979],[-162.33497599974251,20.820878999566332],[-162.355988000146,20.833276699859937],[-162.37724300006431,20.845327400339386],[-162.39869700016635,20.857027099920856],[-162.42039499982931,20.868373900135509],[-162.44230700036769,20.879360199913435],[-162.46440100030583,20.889986000153897],[-162.48671000026621,20.90024760014677],[-162.50920099962636,20.910139100339336],[-162.53189100006952,20.919662499924584],[-162.55473300032762,20.928810099806412],[-162.57777399987012,20.937580100441437],[-162.60095200033447,20.945972400206244],[-162.62429799955297,20.953979499654338],[-162.64779700043115,20.96160320012774],[-162.67143200038643,20.968841599560335],[-162.69518999971862,20.975686999755396],[-162.71910099981122,20.982143399998051],[-162.7431180002954,20.988202999568898],[-162.76724200031799,20.99386979955176],[-162.79147299987895,20.999139799762077],[-162.81581099987767,21.004009199664949],[-162.84020999999143,21.008480100076724],[-162.86471599964358,21.012546499821269],[-162.88928200026402,21.016212499807182],[-162.9139100001463,21.019472099757763],[-162.93861399993608,21.022327399589983],[-162.96334800020998,21.024774599668206],[-162.98814399974572,21.02681539971104],[-163.0129699997656,21.028451899635627],[-163.03781099957789,21.029678299713908],[-163.06268299992044,21.030496600038191],[-163.08757000005536,21.030902900248805]]]},"properties":{"objectid":9343,"radii":50,"stormid":"ep122026","basin":"ep","stormnum":12,"advnum":"38","validtime":"2026090800","synoptime":"2026090512","timezone":"UTC","tau":60,"ne":80,"se":70,"sw":60,"nw":60,"idp_source":"ep122026_2026090515_forecastradii","idp_filedate":1788624164000,"idp_ingestdate":1788624266000,"st_area(shape)":4.2725284521482312,"st_perimeter(shape)":7.8942820066858337,"binnumber":"CP4"}},{"type":"Feature","id":9344,"geometry":{"type":"Polygon","coordinates":[[[-163.09304799996514,20.448635100429669],[-163.10621600016819,20.365453699928423],[-163.11859099977474,20.365249599689434],[-163.13098100007301,20.364841499935437],[-163.14334099988716,20.364231100385098],[-163.15570099970131,20.363418599788702],[-163.16804499967691,20.362400099585045],[-163.18035900006771,20.36118319994489],[-163.19267299955919,20.359760299798154],[-163.20492599983496,20.358137099947328],[-163.21716300027217,20.356311799949765],[-163.22935500043283,20.354288099616269],[-163.24151600006329,20.352060299943048],[-163.25363200031649,20.349638000293623],[-163.26570100020092,20.347013499773311],[-163.27771000001641,20.344192500083977],[-163.28968800020098,20.341173199883428],[-163.30157499978634,20.337959299881902],[-163.31343099974077,20.334548999636752],[-163.32519499994922,20.330947900125636],[-163.33689900008869,20.327150299646746],[-163.3485260002746,20.323160200183224],[-163.36009200034547,20.318983100190053],[-163.37156699981711,20.314615200031596],[-163.38295000044209,20.310060499892302],[-163.39427200005269,20.3053168998552],[-163.40547200033248,20.30039019964812],[-163.41659499975935,20.295278499902963],[-163.42761199969397,20.289985700080138],[-163.43853799992868,20.284513499898253],[-163.44935599967957,20.278862000081403],[-163.46006799993816,20.273031199730212],[-163.47067299975905,20.267028799739478],[-163.48114000041062,20.260852800016835],[-163.49151599956366,20.254503300387171],[-163.50175499959349,20.247985800204674],[-163.5118870000849,20.241302500110407],[-163.52188099960836,20.234451300187516],[-163.5317380000086,20.227438000163716],[-163.54148900001726,20.220266299849982],[-163.55107100032632,20.212930699892013],[-163.56054700024379,20.205442400446543],[-163.56985499960845,20.197797799728789],[-163.57902499980381,20.190002399791069],[-163.58805799997663,20.182056400282761],[-163.59693900033452,20.173963500115576],[-163.60565200013963,20.165725700280973],[-163.61422699987605,20.157346699690606],[-163.62263500000518,20.148828500235254],[-163.63087499958149,20.140173000383811],[-163.63896200019607,20.131383899947139],[-163.64689600005028,20.122463199916865],[-163.654632999813,20.113412900385185],[-163.66221599966858,20.104238499807082],[-163.66963199991679,20.09493830026247],[-163.6768649998198,20.085517900031221],[-163.68392900002326,20.075982999915652],[-163.69081099992763,20.066331900197156],[-163.69749499969441,20.056568100137838],[-163.70400999976161,20.046695699746863],[-163.71034200038292,20.036718399734525],[-163.71649199980587,20.026639899911572],[-163.72244299994441,20.016460399927666],[-163.72819499989924,20.006187400128567],[-163.73376499955501,19.995819100071571],[-163.73915099971879,19.985357300199382],[-163.74432399995257,19.974815400410534],[-163.74931299979502,19.964187600077821],[-163.75408899970751,19.953477900285009],[-163.75866700038168,19.942693699754557],[-163.76306199981136,19.931833299667176],[-163.76724200011813,19.920904200368682],[-163.77120999964168,19.909906400060436],[-163.77497899988086,19.898847599637179],[-163.77854899993631,19.887727700173343],[-163.78190600006178,19.876548799787429],[-163.7850490002111,19.865318299899741],[-163.78799400022285,19.854038199703268],[-163.7907260003046,19.842710500189582],[-163.79322799967238,19.831340799638326],[-163.79554699959428,19.81993100011573],[-163.79763799979378,19.80848500018277],[-163.79951500001715,19.797006600374459],[-163.80117800026443,19.785499600326432],[-163.80264300037408,19.773965799582129],[-163.80387899981591,19.762409200124637],[-163.80490100018093,19.750835400233655],[-163.80572500040836,19.739246400001491],[-163.80630500017554,19.72764399987085],[-163.806685999759,19.716035800012321],[-163.80685400031177,19.704423900342874],[-163.71845999972913,19.693859100217423],[-163.71821600016818,19.683698700035109],[-163.71781899984688,19.67354389993119],[-163.71720899959558,19.663398700090056],[-163.71641499985228,19.653261200244344],[-163.71543899980992,19.643140800107972],[-163.71427900027555,19.633037600405089],[-163.7129059999119,19.622957200314659],[-163.71137999968715,19.612897900118128],[-163.70964100043176,19.602865200069061],[-163.70773299967811,19.592864999720121],[-163.70564300042406,19.582895299878317],[-163.70335400008696,19.572963699815034],[-163.7008970000964,19.563068399986832],[-163.69825699976064,19.553216899840208],[-163.69541900018663,19.543409300099256],[-163.69241300005982,19.533649400399668],[-163.68922399958782,19.52394289974518],[-163.6858670003617,19.514287899666954],[-163.68231200009865,19.504690199892934],[-163.67858900018214,19.495151500141731],[-163.67469799971283,19.485675799698527],[-163.67062399979767,19.476266899997597],[-163.66638200022905,19.466924700314792],[-163.66197200010765,19.457655000378111],[-163.65737899964105,19.448457700362724],[-163.65263400025881,19.439338699821292],[-163.64768999979358,19.430299800095838],[-163.64260900020511,19.421340899563006],[-163.63736000006386,19.412468000298134],[-163.63194300026916,19.403682700396473],[-163.62635799992168,19.394989000042472],[-163.62062099975924,19.386384999867971],[-163.61473099973577,19.37788009958706],[-163.60868799985124,19.369472499656297],[-163.60247800035935,19.361165999711261],[-163.59611500010709,19.352960599752009],[-163.58961499983229,19.344861999681655],[-163.58296199969644,19.336872099767731],[-163.57615699974565,19.328990900010183],[-163.56921399972623,19.321226100404374],[-163.56213399968425,19.313571900323097],[-163.55490099978124,19.306037900029196],[-163.54753099985567,19.298623999697952],[-163.54003899969999,19.291332200320937],[-163.53239399968325,19.284164400366933],[-163.52462800038182,19.277122500103417],[-163.51673899990485,19.270212200332935],[-163.50872800009705,19.263427700428167],[-163.50058000026672,19.256778699577467],[-163.49232499999866,19.250267000022177],[-163.48394800039981,19.243886900060545],[-163.47544899967153,19.237649900222834],[-163.46682699956631,19.231552100149429],[-163.45811499980732,19.225593599665046],[-163.4492949995645,19.219781900014823],[-163.44035299999086,19.214117100124213],[-163.43131999981807,19.208597199901021],[-163.42218000010683,19.203229900239819],[-163.41294899979641,19.198011399706445],[-163.40360999990151,19.192945499735174],[-163.3941960001452,19.188035999961585],[-163.38467399990509,19.183279000025948],[-163.37509199959604,19.178680400380301],[-163.36541700039416,19.174238200033017],[-163.35565199973991,19.169958099786641],[-163.34581000003141,19.165836300005367],[-163.33590700020781,19.161880499785354],[-163.32592799957743,19.158086799666194],[-163.3158869996852,19.154457099915362],[-163.30575600013921,19.150993299901018],[-163.29557800022445,19.14769360007972],[-163.28535500003315,19.144563700354638],[-163.27506999968065,19.141605400269157],[-163.26472500015856,19.138811099652685],[-163.25433300026768,19.136190399667328],[-163.24389600010025,19.133741400045722],[-163.23339799981775,19.131462099796181],[-163.22288499974286,19.129356400177869],[-163.21232600024464,19.127426099834793],[-163.20172100042376,19.125667599680128],[-163.19110099991113,19.124084499700018],[-163.1804499997676,19.122673000258885],[-163.16976900003925,19.121439000009957],[-163.15907299961916,19.120380399935641],[-163.14836100025988,19.119499200128132],[-163.13763400020886,19.118791600052418],[-163.12689200036544,19.118263199786952],[-163.11613499983031,19.117908499977432],[-163.10539199994076,19.117732999978102],[-163.09309400028781,18.951368299607509],[-163.07928500020253,18.951597199551259],[-163.0654750000711,18.952051199803179],[-163.05168199982435,18.952734000174132],[-163.0379030002232,18.953638100318187],[-163.02413900041446,18.954772899949489],[-163.01039100044423,18.95613289971368],[-162.99668899989734,18.957717899961267],[-162.98300200004218,18.959527999617649],[-162.96935999956426,18.96156309975737],[-162.95574999966269,18.963821399937785],[-162.94218399999153,18.966302900158837],[-162.92866499978982,18.969007499696488],[-162.91519199991077,18.971935300174096],[-162.9017939998931,18.975080500065189],[-162.88844300024419,18.978446999729385],[-162.87515299981101,18.982032799973865],[-162.86193800013851,18.985837899899309],[-162.84878499972788,18.989856700326584],[-162.83572399996254,18.994092900167345],[-162.82272300026617,18.998542799610675],[-162.80981400031578,19.003202400270709],[-162.79699700011139,19.008077599901469],[-162.78425599981446,19.013162599674388],[-162.77162199995524,19.01845359995383],[-162.75907899979592,19.02395440037543],[-162.74665799986673,19.029659300136757],[-162.7343139998911,19.035564399777343],[-162.72210699993801,19.041673700381125],[-162.71000700042265,19.047983199964847],[-162.69801300039956,19.054491000059727],[-162.68615700044515,19.061195400047836],[-162.6744080000291,19.068090399652363],[-162.66279599963559,19.075180099781903],[-162.65132100016396,19.082456599892339],[-162.63996900006921,19.089923900168003],[-162.62875399999703,19.097576100157028],[-162.61769099973978,19.105409599873269],[-162.60676599955116,19.113428100026908],[-162.59599300007682,19.121618299644979],[-162.58538800025593,19.129989600239981],[-162.57492099960436,19.138530700031936],[-162.56460599966707,19.147243500187528],[-162.55447400007498,19.156124100347085],[-162.54447899960607,19.165170700067904],[-162.53466800042779,19.1743793000648],[-162.52502399995754,19.183748199719787],[-162.51556399987862,19.193273499572513],[-162.50625599961461,19.202953300254762],[-162.49714700043364,19.212785699700419],[-162.48821999975311,19.222766900072543],[-162.4794770003632,19.232889199577016],[-162.47090099968131,19.243156399648285],[-162.46253999992098,19.253564799575997],[-162.45436099956041,19.264104799996687],[-162.44638100028286,19.27477840010323],[-162.43859900024358,19.285581599711179],[-162.43101500034192,19.296514500444005],[-162.42362999972462,19.307569500332306],[-162.41645799993668,19.31874079964831],[-162.40948500033241,19.330030400282908],[-162.40272499975885,19.341430700266756],[-162.39616400026833,19.352943400217896],[-162.38983199964699,19.364559200247015],[-162.38371299985499,19.376279800072837],[-162.37779200020057,19.388097800073581],[-162.3721160001532,19.400012999700323],[-162.36665300003585,19.412017799681848],[-162.36140399989461,19.424110399575397],[-162.3563840004212,19.436288800188095],[-162.3515780000246,19.448549299910383],[-162.34701500004215,19.460882199554021],[-162.34268199987432,19.473293299746103],[-162.33856199963648,19.485771199781198],[-162.33468599985892,19.498313899566938],[-162.33103899984988,19.510921499827475],[-162.32762099960937,19.523584400299967],[-162.32444799987522,19.536300699817559],[-162.32150299986347,19.549068499911471],[-162.31878699962024,19.561881999954494],[-162.31632999962969,19.574739500227906],[-162.31408699961526,19.587634999555746],[-162.31208800006107,19.600564999575226],[-162.31034899990635,19.613527299645284],[-162.30882299968161,19.626514400319479],[-162.30755599970954,19.639526399623776],[-162.30651899955211,19.652557399804323],[-162.3057249998088,19.665599799791096],[-162.30517599967257,19.678655599676347],[-162.30488599978898,19.691719099556963],[-162.30480999988151,19.704786300147759],[-162.30499300022669,19.717849700203658],[-162.30540500034041,19.730909299724544],[-162.30606100001506,19.74396129997416],[-162.30696100014995,19.757000000150015],[-162.30812099968432,19.770023300335197],[-162.3095089998404,19.783021899741016],[-162.31114199960351,19.795999499977086],[-162.31300400003448,19.808944700337804],[-162.31510899998028,19.821859400191329],[-162.31745900043245,19.834737799809773],[-162.32003799975379,19.847574200189342],[-162.32287600022715,19.860368700255435],[-162.32592799977729,19.873111699745266],[-162.3292389995801,19.885805099825632],[-162.33277900005072,19.898441300325885],[-162.33654800028989,19.911016499811751],[-162.34054600029759,19.923528699989674],[-162.34478799986621,19.935974100324586],[-162.34924300026418,19.948345199571463],[-162.35394300026917,19.960643799971535],[-162.35887099999658,19.972862199730855],[-162.36401399974622,19.984998700030133],[-162.36939999991,19.99704740041733],[-162.37500000004988,20.009008399817958],[-162.38081400016588,20.020874000035235],[-162.38687099979671,20.032642399727081],[-162.39312699961127,20.044309599608482],[-162.39959700030124,20.055870100325023],[-162.40629599986042,20.067323700428574],[-162.41320800024894,20.078664799840794],[-162.42031899992182,20.08989329963623],[-162.42764300042404,20.101001700368329],[-162.43516500016455,20.111986199703495],[-162.44291699971967,20.122848500058353],[-162.4508509995739,20.133579299745008],[-162.4589839996118,20.144180300280766],[-162.46731599983346,20.154645899788591],[-162.47584500014656,20.164972300431486],[-162.48457299974407,20.175155600051028],[-162.49346899989436,20.185195900270742],[-162.50257900002075,20.195087399563988],[-162.51184099996209,20.204830199554181],[-162.52131699987956,20.214414600153816],[-162.53094499961196,20.223844499923871],[-162.54077100038128,20.233114199860552],[-162.55075100015844,20.242223699963915],[-162.56089800044228,20.251165400063314],[-162.571228000172,20.259937300066497],[-162.58171099976275,20.26854130024094],[-162.59234600006778,20.276969900240829],[-162.60314900002626,20.285224899609545],[-162.61409000005338,20.293296799707662],[-162.62519799968786,20.30119130043829],[-162.63644400029031,20.308900799832202],[-162.64784199980838,20.316425299687978],[-162.65936299960268,20.323759100102507],[-162.67103600011123,20.330902100351807],[-162.6828309999506,20.33785629962864],[-162.69476299981253,20.344612100368295],[-162.70680200011213,20.351173400232369],[-162.71899400027283,20.35753440039241],[-162.73127700013336,20.363695099949041],[-162.74368300027018,20.36965179999072],[-162.75620999969166,20.375404399793354],[-162.76881399996606,20.380948999896589],[-162.78153999957124,20.38628579994986],[-162.79435699977563,20.391414600303676],[-162.80728100041776,20.39633180007263],[-162.82028200011413,20.401035300239073],[-162.83337400040972,20.405525199728345],[-162.84655799955195,20.409795800435973],[-162.85980199966247,20.413852699742449],[-162.87312299972658,20.417690300267282],[-162.88651999969815,20.421306600119635],[-162.89999399962329,20.42470549965924],[-162.913512999825,20.42788120005747],[-162.92709400018788,20.430833800239839],[-162.94073499972038,20.433563200381514],[-162.95442199957554,20.436069500307326],[-162.96813999996095,20.438348799657547],[-162.98191800041531,20.440402999598916],[-162.99572799964739,20.442228299596479],[-163.0095670002168,20.443828600010022],[-163.02342199972543,20.445199999580439],[-163.03732299955669,20.446344400373903],[-163.05122400028731,20.447261799692455],[-163.0651549997034,20.447948500423081],[-163.07910199985733,20.4484061995866],[-163.09304799996514,20.448635100429669]]]},"properties":{"objectid":9344,"radii":64,"stormid":"ep122026","basin":"ep","stormnum":12,"advnum":"38","validtime":"2026090800","synoptime":"2026090512","timezone":"UTC","tau":60,"ne":45,"se":45,"sw":35,"nw":40,"idp_source":"ep122026_2026090515_forecastradii","idp_filedate":1788624164000,"idp_ingestdate":1788624266000,"st_area(shape)":1.5874111385206762,"st_perimeter(shape)":4.7511274048541088,"binnumber":"CP4"}},{"type":"Feature","id":9345,"geometry":{"type":"Polygon","coordinates":[[[-162.47434999955277,25.161804200103916],[-162.52240000035965,24.829076800354187],[-162.56716900004923,24.828353900112518],[-162.61192299994642,24.826909999896714],[-162.65664700025877,24.824745200430812],[-162.70130900040996,24.821859400091398],[-162.74591099959287,24.818254500045271],[-162.79042099992913,24.813930500292486],[-162.83485400031179,24.808889400025919],[-162.87918100030285,24.80313299968833],[-162.92337000022525,24.796661400003757],[-162.96743799996364,24.789478299883797],[-163.01133700000247,24.781589499955601],[-163.05509900001874,24.772989300316112],[-163.09866299989744,24.763689000047464],[-163.14202899963854,24.753685000062831],[-163.18521099988766,24.742984799808823],[-163.22814899967651,24.731590299552806],[-163.2708740004347,24.71950339956237],[-163.31333899999478,24.706731799832824],[-163.35555999999391,24.693275500364166],[-163.39749100010948,24.679143899971166],[-163.43914800017998,24.664337200101841],[-163.48049899962905,24.648858999843128],[-163.5215149998173,24.632719000181851],[-163.56222500028346,24.615919099586904],[-163.60258499989774,24.598466900027574],[-163.64260900020511,24.580364200147869],[-163.68225099998358,24.561622600302883],[-163.72152699997099,24.54224399986083],[-163.76042200037494,24.522232100431211],[-163.79890399971973,24.501600300113921],[-163.83696000010383,24.480352400343122],[-163.87460300032814,24.458492299680017],[-163.91180399995454,24.436027500269063],[-163.94856299988245,24.412967700399179],[-163.98484800043479,24.389320400416295],[-164.02067599969754,24.365091300223469],[-164.05599999999993,24.34028630027268],[-164.09085100007351,24.314918500088822],[-164.12519800028741,24.288993800123933],[-164.15901200020357,24.262517900281011],[-164.1923069995683,24.235502200366398],[-164.22508200013411,24.207952500107922],[-164.25729399991809,24.17988010038647],[-164.28895600041901,24.151292800122746],[-164.32005300004585,24.122199999930217],[-164.35055500011308,24.092609399804076],[-164.38050800004407,24.062534299818196],[-164.40985099972377,24.031980499700467],[-164.43858300000537,24.000957499888841],[-164.46672099987416,23.969476700189716],[-164.49423199960702,23.937547699966501],[-164.52111800019549,23.905179999657378],[-164.54736300000238,23.872384999967892],[-164.57296799997314,23.839170499818863],[-164.59793100001556,23.805551499901924],[-164.62222299969162,23.771533999594567],[-164.64585899969299,23.737129199952733],[-164.66882300018125,23.702350599800468],[-164.69111600030308,23.66720769957584],[-164.71270799957443,23.631708100348703],[-164.73362700018583,23.59587099994684],[-164.75384499994672,23.559696199620078],[-164.77334599991789,23.523206700429],[-164.79214499989175,23.486408199578875],[-164.81024199986831,23.449310300030447],[-164.82762100000906,23.411926300058838],[-164.84428400040622,23.374271400005227],[-164.86018399979167,23.336351399597561],[-164.87539699987155,23.298179599808805],[-164.88984699983908,23.259771299905708],[-164.90356400017839,23.221136100151057],[-164.91653400024384,23.18228529962704],[-164.92877199982786,23.143232300030775],[-164.94024700019881,23.103984799558987],[-164.9509580004113,23.064561799987246],[-164.96093800018849,23.024972899779641],[-164.97015399980717,22.985227600273674],[-164.9786070002128,22.945341100011888],[-164.98629799965289,22.905321099888965],[-164.99322499983379,22.865186699706555],[-164.99940499974088,22.824947399902726],[-165.00480699974315,22.784612700016226],[-165.00942999979458,22.744197800388292],[-165.01328999973362,22.703714400299475],[-165.01640300029814,22.663175600173929],[-165.01873800005859,22.62259100027461],[-165.02029399986813,22.581977800135519],[-165.02108799961141,22.541345600019554],[-165.02110300030316,22.500705699908281],[-164.30042999984454,22.475477200212765],[-164.29950000012482,22.446456899766247],[-164.29801900017665,22.417455700020696],[-164.29600499993072,22.388484999882962],[-164.2934420004479,22.359548599888114],[-164.29032899988337,22.330659899934574],[-164.2866819998743,22.30182459992551],[-164.28248599972903,22.273052200298935],[-164.27775600013922,22.244352300418484],[-164.27247600036705,22.215732600279409],[-164.26667800008954,22.187202499595799],[-164.2603299996297,22.158769600336939],[-164.25346399956385,22.130443599892374],[-164.24606300000735,22.102233899774774],[-164.23812900015315,22.074146299712083],[-164.22967499970139,22.046192200409848],[-164.22068799985124,22.018377299972542],[-164.21119700014137,21.990711199562327],[-164.20120199967246,21.96320150024917],[-164.19067399980517,21.935857799597898],[-164.17964200007816,21.908689500020557],[-164.16810599959211,21.881704299713817],[-164.15606700019183,21.854906099936727],[-164.1435389998249,21.828304300403261],[-164.13050799964438,21.80191230011269],[-164.11700400013441,21.775732000231756],[-164.10299699991154,21.749774900391458],[-164.08851600031309,21.724044800227489],[-164.07356299963266,21.698553100445395],[-164.05813599957665,21.673309299684547],[-164.04223600019117,21.648313499568474],[-164.02587900041547,21.623582799806513],[-164.00906400020338,21.599113499688428],[-163.99182100003904,21.57492259999816],[-163.97409099989966,21.551012000103867],[-163.95594799960043,21.527391400093165],[-163.93737800029439,21.504064599601747],[-163.91836500034441,21.481042900409648],[-163.89894100032683,21.45833020017875],[-163.879089000357,21.435934099978851],[-163.85882600031957,21.413862199980713],[-163.83816499991474,21.392120399736825],[-163.8170930003416,21.370714200400187],[-163.79563900023959,21.349651300167523],[-163.77380399965477,21.328935600297882],[-163.75158700033973,21.308576600329957],[-163.72900400033427,21.288578000074779],[-163.70603899979992,21.268945699984215],[-163.68273900000477,21.249691000039775],[-163.65907300041854,21.23081020043054],[-163.63505599993437,21.212314600238756],[-163.61071799993567,21.19421009991629],[-163.58604399973072,21.176500300348721],[-163.56105000005738,21.159189199921798],[-163.53575099980873,21.142284399705431],[-163.51013200009166,21.12578960040986],[-163.48422200044487,21.109712600056582],[-163.4580080002689,21.094051400351987],[-163.43151900000177,21.078817400202979],[-163.40475499964344,21.064014400144572],[-163.37773099988567,21.049644500093734],[-163.3504330000828,21.03571130003661],[-163.32289099981972,21.022218700332871],[-163.29510499999569,21.009174300253903],[-163.26709000040313,20.996580099891844],[-163.2388460001427,20.984437899689453],[-163.2103879999062,20.972755399642097],[-163.18171699973968,20.961530700381672],[-163.15283199959703,20.950771299555981],[-163.12376400000852,20.940479299780009],[-163.09451300007481,20.930658300140578],[-163.06507899979593,20.92131039965534],[-163.03549199965599,20.912435500298216],[-163.00573699986256,20.904039399998453],[-162.97583000025423,20.896125800365553],[-162.94580100041577,20.888694800324913],[-162.91563399960933,20.881751999954986],[-162.88532999967967,20.875293700344116],[-162.85493500005012,20.869323700228733],[-162.82441700014436,20.863847700411213],[-162.7938079996394,20.858863799724702],[-162.76312300012628,20.854371999967952],[-162.73234599996783,20.850378000144758],[-162.70149199985582,20.846881900079779],[-162.67059300036661,20.843881599856104],[-162.63964799965538,20.841379200290021],[-162.60865799956696,20.839376400200877],[-162.57763699984758,20.837875400229677],[-162.54658499959797,20.836873999735417],[-162.51553300024767,20.836372400166283],[-162.47683700002744,20.004558600199402],[-162.43049599979048,20.005306200321002],[-162.38418600008376,20.006799699946328],[-162.33790599996186,20.00904079969331],[-162.291686999955,20.012025799750973],[-162.24551400027082,20.015756600386965],[-162.19941699959477,20.020233199802476],[-162.15341199956404,20.02545170033585],[-162.10749800013252,20.031410199920913],[-162.06170700007792,20.038108800181135],[-162.01603700020732,20.045543699682128],[-161.97052000019778,20.05371480039787],[-161.92514000021077,20.062620200262188],[-161.87992899992332,20.072254200271288],[-161.83489999993498,20.082614900157637],[-161.79007000013033,20.093700399653869],[-161.74543799956396,20.105508800291034],[-161.70103499966541,20.118030500007706],[-161.65687600022716,20.131271400155129],[-161.61294599965808,20.145219799654171],[-161.56926000044859,20.159873999685487],[-161.52584800038483,20.175233799700209],[-161.48274200004317,20.191288000441034],[-161.43989600000032,20.20803829982782],[-161.39738500011759,20.22547339967781],[-161.35519399970323,20.243591299898696],[-161.31333900039448,20.262388199955581],[-161.27180499970089,20.281856499677872],[-161.23065200038943,20.301992400329141],[-161.1898649999697,20.322786299848019],[-161.14946000007885,20.344236399590329],[-161.1094509995639,20.366334899735989],[-161.06982399957784,20.389076200206603],[-161.03064000023573,20.412450799664839],[-160.99186700006192,20.436454800448814],[-160.95355200032446,20.46107859959784],[-160.91568000033166,20.486318599823676],[-160.87826499982981,20.512165100139384],[-160.84133900029454,20.538606600014703],[-160.80488600008874,20.565645200265919],[-160.76893599969654,20.593263599735508],[-160.73349000006337,20.62145999977929],[-160.69854700024379,20.650220899774865],[-160.66415399970725,20.679542500086427],[-160.63029500041387,20.709413499833317],[-160.59696999966567,20.739826199919321],[-160.56422400043718,20.770772900349186],[-160.53202799959243,20.80223849970713],[-160.5004270001059,20.834220899874765],[-160.46940600038653,20.866708799971263],[-160.43898000022674,20.899690599641588],[-160.40916400031827,20.933158900163278],[-160.37995899980791,20.967102100281863],[-160.3513790002406,21.001510599734559],[-160.32344099970229,21.036373100338437],[-160.29612700006092,21.071683900391804],[-160.26950099977125,21.107425699636451],[-160.2435000004246,21.143592799967905],[-160.21816999964568,21.180173899605904],[-160.193526999971,21.217159300261642],[-160.16957099960186,21.254533799795183],[-160.14628599959912,21.292289700009803],[-160.12371800028541,21.330413799757196],[-160.10185200006967,21.368898399941372],[-160.08068799985122,21.407728200396264],[-160.06025700016036,21.446891800416381],[-160.04054300025916,21.486379599738882],[-160.02157599973253,21.526178399913363],[-160.00332599989491,21.566278499952944],[-159.98584000021575,21.606666599783921],[-159.96908600011872,21.647331199775181],[-159.95309400008796,21.688257200309693],[-159.93788100000808,21.729436899593395],[-159.92340099955641,21.770851099798563],[-159.90971399970124,21.812496200039732],[-159.89680499975086,21.854352999791274],[-159.88467399970523,21.896415700224509],[-159.87333700030223,21.938663500020652],[-159.86276200006617,21.981090499626987],[-159.85299700031123,22.023681600325745],[-159.84404000004588,22.066421500152273],[-159.83587600037703,22.109298700374836],[-159.82850599955216,22.152301800288001],[-159.82194500006162,22.195415499725698],[-159.81620799989921,22.238630300048442],[-159.81126400033327,22.281932799559172],[-159.80714400009543,22.325305900347189],[-159.80383300029266,22.368738199908137],[-159.80134599981795,22.412219999953152],[-159.79966699973218,22.455734299698292],[-159.61875900012768,22.497619599864777],[-159.61866800042779,22.544059799820047],[-159.61944600033257,22.590494200047431],[-159.62112400037225,22.636913300108858],[-159.62365700027027,22.683294300391765],[-159.62709000030318,22.729629500001579],[-159.63137800019447,22.775899899860633],[-159.63655100042826,22.822095899706142],[-159.64260900010518,22.868202200271469],[-159.6495360002861,22.914203600316057],[-159.65733300011777,22.960084900397987],[-159.66599999960022,23.005836500254418],[-159.67555200032447,23.05143739981628],[-159.68597399980018,23.096879999812302],[-159.69726599982596,23.142147099808938],[-159.70941199966398,23.1872272001753],[-159.72241200021355,23.232103300127335],[-159.73626699972218,23.276763900034098],[-159.75100699957329,23.321191800361419],[-159.76657099965183,23.365377399947192],[-159.78298999958872,23.409307500341015],[-159.80026200019108,23.452962900117882],[-159.81835900016765,23.496336000006522],[-159.83731100000256,23.539409599573503],[-159.8570710002264,23.582168600100943],[-159.87765499977834,23.624607100237654],[-159.89906299955771,23.66670610000665],[-159.92127999977208,23.708452200408885],[-159.94430500037538,23.749835999931577],[-159.96813999966116,23.790840100290552],[-159.99275199970495,23.831455199797801],[-160.01815800039134,23.871667900353486],[-160.04432700029076,23.911464700435715],[-160.07128899988734,23.950834300063036],[-160.09899899980391,23.989761399968756],[-160.12748699962526,24.028238300157568],[-160.15670799997415,24.066249800288176],[-160.18666099990514,24.103784600379129],[-160.21734600031758,24.140829099983137],[-160.24874899966653,24.177375799653589],[-160.2808689997045,24.213409400123851],[-160.31368999969365,24.248918499789056],[-160.34721399972622,24.283897399645411],[-160.38139300028666,24.318324999799017],[-160.41627499999117,24.352199599631945],[-160.45181300026968,24.385505700228009],[-160.48797599969257,24.418235800342075],[-160.52481100042723,24.450378400343027],[-160.56225599961462,24.481920200157276],[-160.60032699979112,24.512853599614061],[-160.63899200038043,24.543167099981815],[-160.67825299967612,24.572856899826206],[-160.71809399963828,24.601907699880599],[-160.75853000005938,24.630308200163427],[-160.79948400008647,24.658056299858515],[-160.84101899992683,24.68513869979131],[-160.88307200027251,24.711547899615994],[-160.92562899957858,24.737274200144384],[-160.96870400028931,24.7623100003064],[-161.01226800016801,24.786649700023759],[-161.05630500027547,24.810281799665461],[-161.10081499971238,24.833202399771096],[-161.14575199995477,24.855398200266848],[-161.19114699973417,24.876869200253509],[-161.23696900031902,24.89760209965732],[-161.28317299963413,24.917594900184611],[-161.32978799991619,24.936840099690983],[-161.37677000003541,24.955327999887402],[-161.42411799994565,24.973058699699379],[-161.47181699985458,24.990022699588053],[-161.51983600013122,25.006214100000875],[-161.5681919997609,25.021629300052325],[-161.61683700012736,25.036260599747038],[-161.6657559996396,25.050107999984334],[-161.71495100018842,25.06316179977739],[-161.76440400004449,25.075424199767156],[-161.8141020004069,25.086885499866071],[-161.86401399984615,25.097541799714406],[-161.91413900011469,25.10739329986103],[-161.96443200003668,25.116434099853961],[-162.0149230000963,25.124662400149816],[-162.06556700001696,25.132076299581684],[-162.11633300016774,25.138671899588644],[-162.16723600034106,25.144447299903106],[-162.2182619998913,25.149404499718003],[-162.26936300020222,25.153533899669867],[-162.32052599977499,25.15684130038585],[-162.37177999994697,25.159322699882807],[-162.42303500016504,25.160976400240827],[-162.47434999955277,25.161804200103916]]]},"properties":{"objectid":9345,"radii":34,"stormid":"ep122026","basin":"ep","stormnum":12,"advnum":"38","validtime":"2026090812","synoptime":"2026090512","timezone":"UTC","tau":72,"ne":160,"se":150,"sw":100,"nw":140,"idp_source":"ep122026_2026090515_forecastradii","idp_filedate":1788624164000,"idp_ingestdate":1788624266000,"st_area(shape)":18.307719626933157,"st_perimeter(shape)":16.898352814557999,"binnumber":"CP4"}},{"type":"Feature","id":9346,"geometry":{"type":"Polygon","coordinates":[[[-162.48731999961822,23.830902099652292],[-162.50950600020167,23.498176600170098],[-162.52850300031312,23.497871399945268],[-162.54748499973286,23.49725719986003],[-162.56645200025952,23.496339799642158],[-162.58540300004833,23.495115299831355],[-162.60432400025232,23.493585599795722],[-162.62321499997219,23.491750700434636],[-162.64207500006111,23.489610699774119],[-162.66087299998887,23.487169300323103],[-162.67964200037792,23.484424600015416],[-162.6983339999141,23.481378599842628],[-162.7169650002345,23.478027299620351],[-162.73555000023225,23.474380500160123],[-162.7540439996308,23.470432300110701],[-162.7724609999751,23.466188400274575],[-162.79078699972018,23.461647000209041],[-162.809036000411,23.45681000018152],[-162.82717899981091,23.451679199735395],[-162.84524500015655,23.446260500222024],[-162.86317399958034,23.44054789956607],[-162.88101200020355,23.434547399842756],[-162.89871199985882,23.428260799696318],[-162.9162900001833,23.421690000293438],[-162.93374600027761,23.414838800370489],[-162.95106500034942,23.407703400291837],[-162.96824600035256,23.400293400320322],[-162.98527499964143,23.392604800271442],[-163.00216699980712,23.384643600421953],[-163.01889000027322,23.376409500398267],[-163.03544600023264,23.367910399845243],[-163.05184900033103,23.359144199745174],[-163.06808499992272,23.350114799558469],[-163.08413700002245,23.340824099552719],[-163.10000599977698,23.331277799630868],[-163.11569200008566,23.321477899885338],[-163.13118000025673,23.31142429959192],[-163.14648400003648,23.301124599820582],[-163.16157499988626,23.290576900303847],[-163.17646799959843,23.279788999962534],[-163.1911470002338,23.268762600313892],[-163.20561199999372,23.257501599919067],[-163.21986399982364,23.246011699580436],[-163.23390199967747,23.234291099754614],[-163.24769599997035,23.222345399620622],[-163.26126099959538,23.210180299981005],[-163.27458199965949,23.197795899761104],[-163.28768899974747,23.185199700206113],[-163.30053699958279,23.172395699701895],[-163.31314099985718,23.15938569959053],[-163.32548499983281,23.14617350040686],[-163.33758500024749,23.132768599891108],[-163.34942600040952,23.119163500395359],[-163.36100800031889,23.105375299830371],[-163.37229900029854,23.091400099635052],[-163.38334699986407,23.077245699629486],[-163.39411900019164,23.062915799624591],[-163.40460199978239,23.048416100422855],[-163.41481000018129,23.033746700050301],[-163.42474399963581,23.018915199576952],[-163.43440199985233,23.00392719998041],[-163.44375600043898,22.988786699646596],[-163.45282000024272,22.973495499917533],[-163.4615940001629,22.958059299797014],[-163.47006200036094,22.942485800179668],[-163.47825599961462,22.926778799801923],[-163.4861300002992,22.910942100097998],[-163.49371300015474,22.894979499804208],[-163.5009769996887,22.878898599990521],[-163.50795000019227,22.862701399849868],[-163.51460300032812,22.846395499552784],[-163.52093500005014,22.829984699634338],[-163.52697799993467,22.813474699997528],[-163.53268399956684,22.796869300278104],[-163.53808599956915,22.780174300203953],[-163.54316700005694,22.763395299853357],[-163.547928000177,22.74653630031014],[-163.55236799988322,22.72960280002934],[-163.55648800012102,22.71260259973036],[-163.56028699994502,22.695535700312462],[-163.56375099960886,22.678411499691094],[-163.56690999959673,22.661233900024627],[-163.56971700043914,22.644008600316795],[-163.57220500006062,22.626739500028066],[-163.57438699996001,22.609435999771733],[-163.57621799986072,22.592096300004357],[-163.57772800024694,22.574731799633014],[-163.5789029995737,22.557342499556853],[-163.57975800033137,22.539939900306308],[-163.58027599993736,22.522525799626067],[-163.58047500012108,22.505105999942089],[-163.58033800009855,22.487686200258054],[-163.57986499986976,22.470270200209711],[-163.57908599991887,22.452865599967595],[-163.57795700001546,22.435474399623956],[-163.57650799974431,22.418104200248763],[-163.57472200012012,22.400762600213966],[-163.57261700017435,22.383447600326633],[-163.57020599960711,22.366174700402269],[-163.56744399994056,22.348939900256312],[-163.56436199990628,22.331752800151719],[-163.56095900035751,22.314621000259081],[-163.55723600044098,22.297540700043442],[-163.55319200011064,22.280527099845926],[-163.54882800031189,22.263580300390686],[-163.54414400014542,22.246705999782193],[-163.53915400025681,22.229911799989736],[-163.5338290002081,22.213197700113938],[-163.52822900006822,22.19657330041764],[-163.52227799992968,22.180042299812442],[-163.51603699990753,22.16361049982487],[-163.50947600041701,22.14727779973083],[-163.50262500014355,22.131057700152894],[-163.49546800014801,22.114948299924265],[-163.48800699962325,22.098957100290079],[-163.4802400002757,22.083087899986708],[-163.47219799993766,22.067346600365454],[-163.46383700017734,22.051738699881241],[-163.45520000027972,22.036268199617837],[-163.446289000337,22.020936999842831],[-163.43707299981901,22.005754500270086],[-163.42756700031674,21.990720700000452],[-163.41780099961636,21.975843399753217],[-163.40774499993174,21.961124399971197],[-163.39742999999442,21.946571399750439],[-163.38684100001205,21.93218799997635],[-163.37597699993853,21.91797450012325],[-163.36483799977378,21.903938299812808],[-163.35346999984054,21.890085199672342],[-163.34182699981611,21.876419100061582],[-163.32992599958513,21.862939800431604],[-163.3177799997471,21.849657099795479],[-163.30538900030206,21.836568800210102],[-163.29277000023524,21.823684699789226],[-163.27989199991578,21.811006500050098],[-163.26678499982779,21.798536300010369],[-163.25344799992519,21.786279699748491],[-163.23989900013868,21.774238600431204],[-163.2261199996382,21.762418700163039],[-163.21211200026852,21.750824000027706],[-163.19790599986192,21.739456199743984],[-163.18348700042466,21.728317300303331],[-163.16885400011193,21.717414900077699],[-163.15403700030723,21.706748999966521],[-163.13900799971933,21.696325299872854],[-163.12381000033116,21.686143899621413],[-163.10839800006758,21.676208499922495],[-163.09281900019661,21.666523000236396],[-163.0770569999805,21.657092999742304],[-163.0611270001109,21.647916799620759],[-163.0450289996885,21.638997999857963],[-163.02876299961267,21.630340599739043],[-163.01232899988335,21.621946299881984],[-162.99577299992393,21.613819099571913],[-162.97905000035715,21.605960800150967],[-162.96217299998389,21.598371499645111],[-162.94517500032592,21.591054899664016],[-162.92803999974612,21.584014899668034],[-162.91076699999698,21.577253300099869],[-162.8933869998101,21.570768400341535],[-162.87588500029244,21.564567600014868],[-162.85826099964532,21.558649099576428],[-162.84053000035914,21.553014800193012],[-162.82270799957445,21.547668499701615],[-162.80477900015066,21.542608299633457],[-162.78677399992009,21.537839899891594],[-162.76867699994352,21.533359499941128],[-162.75048800022094,21.529174799777309],[-162.73223900042944,21.525283800207376],[-162.71391299978504,21.521686600156613],[-162.69552599992488,21.518382999975586],[-162.67707799994966,21.515378999941049],[-162.65858499969789,21.512672400311146],[-162.64003000018428,21.510265399928414],[-162.62145999997892,21.508157700217851],[-162.60282899965853,21.506347700386186],[-162.58418300044502,21.504842800055314],[-162.56549100000956,21.50363349968643],[-162.54679899957409,21.502729400441638],[-162.52809100019942,21.502124799719866],[-162.50935400038674,21.501823400030048],[-162.48909000030318,21.33546069975165],[-162.46727000041011,21.335811599925535],[-162.44546500030944,21.336515400365556],[-162.42367600004729,21.337572100172451],[-162.40190100043074,21.338977799885697],[-162.38017300028366,21.340734499597602],[-162.35847499972138,21.342842100382768],[-162.33680699964324,21.345298799999739],[-162.31518599993387,21.348104500422494],[-162.29364000008584,21.351257299584859],[-162.27215600039901,21.354759200276987],[-162.2507170000894,21.358606300340625],[-162.22937000042509,21.362798699600432],[-162.20808399997654,21.367334399762854],[-162.18689000017329,21.372211499661148],[-162.16580199986231,21.37743189956268],[-162.14480600019667,21.382989899564336],[-162.12391700006941,21.388883600298072],[-162.10314900012617,21.395116799600771],[-162.08248899976743,21.401681899999801],[-162.06195099963884,21.408578899696579],[-162.0415500004321,21.415809600033128],[-162.02128600034857,21.423362700128621],[-162.00116000033367,21.431245800153704],[-161.98118600013373,21.439451200112956],[-161.96136499979482,21.447975200195458],[-161.9416960001702,21.456821400387469],[-161.92221100003755,21.465980499900297],[-161.90287799971983,21.475454300076024],[-161.88374300043904,21.485237100112215],[-161.86477699995851,21.495326999741394],[-161.84600799956945,21.505720100402471],[-161.82743800026341,21.516416500121522],[-161.80906700024178,21.527408599627336],[-161.79087799961991,21.538696299994399],[-161.77293400040372,21.550277700055972],[-161.75518800042579,21.562143300273249],[-161.73767100021641,21.57429309974691],[-161.72038299977555,21.586725200008118],[-161.70332299995641,21.599435799622597],[-161.68649299995189,21.612417200393622],[-161.66993699999247,21.625667600079794],[-161.65359500000918,21.639183000295361],[-161.63751200027852,21.652959800154804],[-161.62170399973971,21.66699599956587],[-161.60615500035291,21.681284000156609],[-161.59086600036554,21.695819899768708],[-161.57585100042326,21.710598000297637],[-161.56111099967282,21.725620300036951],[-161.5466609997053,21.74087520043031],[-161.53248599982894,21.756360999960293],[-161.51859999979007,21.772073700241208],[-161.50500499968092,21.78800959966344],[-161.49172999993948,21.804161099855037],[-161.4787450000816,21.820522300364019],[-161.46606399985362,21.837089499580884],[-161.45370500008562,21.853862800028367],[-161.44163500015506,21.870830499727901],[-161.42990100043073,21.887988999592778],[-161.41848800022095,21.905336400254782],[-161.4074100001713,21.922864900095192],[-161.39663699979764,21.940566999667453],[-161.38621500032193,21.958444600138307],[-161.37612900015316,21.97648429981075],[-161.36636400039822,21.994684200215829],[-161.3569489996965,22.013040499919271],[-161.34788499989276,22.031541800014224],[-161.33915700029524,22.050189999868735],[-161.33077999979707,22.068973500027141],[-161.32276899998928,22.087892500138935],[-161.31509400038772,22.106935499673739],[-161.30780000036964,22.126100500337941],[-161.30085800039632,22.145379999987142],[-161.29426600037553,22.164768199792718],[-161.28805499993823,22.184257499584078],[-161.2822110002374,22.203845999993064],[-161.27671799963591,22.223527900392412],[-161.27160600041651,22.243291899901408],[-161.26686100013498,22.263137799769765],[-161.26249700033623,22.283054399840807],[-161.25849900032853,22.303041499565666],[-161.25488299995041,22.32308770003749],[-161.25164800005507,22.343189199821836],[-161.24879499978934,22.363342300007275],[-161.24630700016783,22.383535400238657],[-161.24421700001446,22.403768499616717],[-161.24249299965214,22.424028399691053],[-161.241164999565,22.444314999737571],[-161.24020400021436,22.46462059976102],[-161.23963900023958,22.484937700314731],[-161.05937199961801,22.505212799830986],[-161.05956999975561,22.528440500428871],[-161.06019599984543,22.55166050013213],[-161.06127900032553,22.574865300393412],[-161.06278999985852,22.598051099778559],[-161.06474299998939,22.621208199998591],[-161.06713899986488,22.64432909980826],[-161.06996199964649,22.66741180001469],[-161.07322700002595,22.690441100276701],[-161.07692000035766,22.713417100419008],[-161.08105500038789,22.736326199994267],[-161.08563200011662,22.759170499818879],[-161.09063699979762,22.781932800358618],[-161.09606900028405,22.804613099814844],[-161.1019289998234,22.827201799723412],[-161.1082309999606,22.849693300005924],[-161.11494400016539,22.872079799942981],[-161.12210100016094,22.894353899912687],[-161.12966900022411,22.916509599638459],[-161.13765000044708,22.938541399765938],[-161.14607200032248,22.960439700032282],[-161.15489199966598,22.982198699810283],[-161.1641240000225,23.003812799920922],[-161.17378200023904,23.025272400101301],[-161.18383799992367,23.04657550025928],[-161.19432100041377,23.06771279960617],[-161.20516999979557,23.088678400388005],[-161.21644599998282,23.109462699644041],[-161.22811899959208,23.130065899721615],[-161.24015799989169,23.150476500090576],[-161.25260900030503,23.170688600298831],[-161.26544200034795,23.190698600360236],[-161.27865599997435,23.210498800279538],[-161.29225200012962,23.230083500153569],[-161.30621300002986,23.249443099719429],[-161.32054099976725,23.268577599876494],[-161.33523600024114,23.287475599919162],[-161.35031100025239,23.306133300211798],[-161.36570699977813,23.324548699762829],[-161.38148499983279,23.342710500389444],[-161.39759800004759,23.360616700200694],[-161.41406200026103,23.378257799657888],[-161.4308619997814,23.395633699835514],[-161.44798299971558,23.412735000120279],[-161.46543899980992,23.429557800152509],[-161.48319999958025,23.4460944997615],[-161.50131200024853,23.462343199579152],[-161.51971399990109,23.478298199702294],[-161.53840600033658,23.493955599771255],[-161.55741900028656,23.509307900339479],[-161.576721000074,23.524351100323145],[-161.59631299974507,23.539079700368006],[-161.61618000040662,23.55348970028956],[-161.63632200026004,23.567579299645104],[-161.6567380001585,23.581340800237854],[-161.67741400035575,23.594772300001807],[-161.69836399969876,23.607868199757775],[-161.71952799991718,23.620622599953151],[-161.74096700022679,23.633033799970008],[-161.76263400025883,23.645099600066658],[-161.78453100010549,23.656810800178448],[-161.80664099988215,23.668170899567485],[-161.82899500011908,23.679172500410687],[-161.85153199980186,23.689809800282205],[-161.87428300036009,23.700082800081304],[-161.89723200015661,23.709987600347631],[-161.92036400029829,23.719520600195665],[-161.94366500013956,23.728677699616298],[-161.9671630000723,23.737461100149801],[-161.99082899965853,23.745861099909973],[-162.01463300021271,23.753879500238895],[-162.03860500042035,23.761514700343298],[-162.0627139997512,23.768758799679006],[-162.08697499979633,23.77561380013691],[-162.11135900011769,23.782077799650892],[-162.13584899993131,23.788147000383901],[-162.1604609999751,23.79382129981326],[-162.18518099960338,23.799097099751521],[-162.21000699962326,23.803972199557506],[-162.23492400024233,23.808448799872338],[-162.25990300012327,23.812521000244089],[-162.28498800039583,23.81619070004092],[-162.31012000013783,23.819456099719389],[-162.33531199994877,23.822315200086564],[-162.36056499987475,23.824766199800422],[-162.38586400012343,23.826810800378269],[-162.41117900021061,23.828447300302798],[-162.43653899967501,23.829675699574011],[-162.46191399983115,23.830493900073577],[-162.48731999961822,23.830902099652292]]]},"properties":{"objectid":9346,"radii":50,"stormid":"ep122026","basin":"ep","stormnum":12,"advnum":"38","validtime":"2026090812","synoptime":"2026090512","timezone":"UTC","tau":72,"ne":80,"se":70,"sw":60,"nw":60,"idp_source":"ep122026_2026090515_forecastradii","idp_filedate":1788624164000,"idp_ingestdate":1788624266000,"st_area(shape)":4.3541629959839465,"st_perimeter(shape)":7.9697995629489302,"binnumber":"CP4"}},{"type":"Feature","id":9347,"geometry":{"type":"Polygon","coordinates":[[[-162.49288900012718,23.248634299833213],[-162.50553899982489,23.082271599554815],[-162.5165709995519,23.08209229991985],[-162.52761799997063,23.081735600018078],[-162.53865099974377,23.081201599674216],[-162.54966699963225,23.080492000405627],[-162.56066899977444,23.079601300159993],[-162.57165500007812,23.078535099915086],[-162.58262599969007,23.077291500302636],[-162.59356699971718,23.0758686001559],[-162.60446200032098,23.074272200102087],[-162.61534100018693,23.072500200224226],[-162.62618999956874,23.070552800171754],[-162.63699300042654,23.068431900212147],[-162.64775100010849,23.06613540042855],[-162.65846300036711,23.063669200373454],[-162.66912800025693,23.061027500319028],[-162.67974899991634,23.058212300357525],[-162.69030800031388,23.055229199667963],[-162.70078999985853,23.052076299781561],[-162.71122700002596,23.048755599891138],[-162.72161899991684,23.045265199729329],[-162.73191800001561,23.041608800006259],[-162.74214200025304,23.037786499647382],[-162.75230400032927,23.033800099994778],[-162.76238999959872,23.029649699973788],[-162.77238500006763,23.025337199852061],[-162.78230299968362,23.02086640016438],[-162.79212999959972,23.016237300011539],[-162.80186499976983,23.011445999933073],[-162.81150800019398,23.006500199924403],[-162.82106000001892,23.001401900077781],[-162.83052100014396,22.99614720003342],[-162.83985899999277,22.990743600137193],[-162.84910600014172,22.985187500402958],[-162.85824599985293,22.979484599834564],[-162.86727900002575,22.973634699681782],[-162.87618999996843,22.967641800129115],[-162.88497899968101,22.961504000009711],[-162.89366099985517,22.955226900301341],[-162.90222199984532,22.948808699661924],[-162.91064499976684,22.942256900235918],[-162.91896100014995,22.935565900146344],[-162.9271389995651,22.928745299655986],[-162.93518099990314,22.921792999747254],[-162.94309999996494,22.914712899880556],[-162.95088200000421,22.907505000055835],[-162.95851100018243,22.900173199733501],[-162.96601900017663,22.892719300255635],[-162.97337300026368,22.885147100358552],[-162.98059100037429,22.877452900231276],[-162.98765599972452,22.869647999855431],[-162.99456800011305,22.86172680005194],[-163.00132799978729,22.853698699635402],[-163.00791899976196,22.845561999786582],[-163.01437399976021,22.837320299592307],[-163.02067599989741,22.828975699868806],[-163.02681000038115,22.820529900334748],[-163.03277600031208,22.81198879964353],[-163.03857399969024,22.803350400400802],[-163.04423499994522,22.794618600268336],[-163.04969800006256,22.785800899592004],[-163.05500800031888,22.776893600359529],[-163.06015000002242,22.767900500407904],[-163.06512500011857,22.758829100083062],[-163.06991599982345,22.749677699666222],[-163.07453899987487,22.740451800310495],[-163.0789789995811,22.731153500134042],[-163.08323699988756,22.721780799944099],[-163.08731099980272,22.71234320017868],[-163.09123199985683,22.702842700030715],[-163.09495499977334,22.693279300399524],[-163.09851100008251,22.683656700196707],[-163.10186800020796,22.673978799781935],[-163.10504199998823,22.664249399690164],[-163.10803200027652,22.654466599653972],[-163.11084000026571,22.644639999936203],[-163.11346399986363,22.634769399987988],[-163.11589100026936,22.624858899818491],[-163.11813400028382,22.614910100221095],[-163.12017800011452,22.604927100305588],[-163.12205500033792,22.594911599790635],[-163.1237340004237,22.584867499935342],[-163.12522900011817,22.574796700107754],[-163.12651099988267,22.564704900211098],[-163.12760900015516,22.55459399961353],[-163.12852500012858,22.544466000205887],[-163.12925699971069,22.534324600000446],[-163.12979100005452,22.524173700256199],[-163.13011199956904,22.51401709970952],[-163.13026400028332,22.503854800159047],[-163.04019199966098,22.494741399695954],[-163.0399930003766,22.486032499900091],[-163.03962699968622,22.477329300007341],[-163.0391080000341,22.468629799925452],[-163.03842199987531,22.459943799566815],[-163.03755200022457,22.451269100089064],[-163.03654499965194,22.442609799702609],[-163.03535499963346,22.433969500192404],[-163.03401199975391,22.425346400216313],[-163.03250100022092,22.416746099852787],[-163.03083799997364,22.408174499553638],[-163.02900700007291,22.399629600126104],[-163.0270079996194,22.391115200306388],[-163.02485700025028,22.382635099730237],[-163.02255200007465,22.374189400020953],[-163.02008100033783,22.365785599725768],[-163.01745599979446,22.357418099665722],[-163.01467900033552,22.349096299554731],[-163.01173400032377,22.340822200384366],[-163.00863599955167,22.332595800356046],[-163.00538599986393,22.324420900004668],[-163.00198400036126,22.316299399597767],[-162.99841300025969,22.308233300126858],[-162.99471999992798,22.300226199779445],[-162.99085999998894,22.292280200271193],[-162.98684700018882,22.28439710024611],[-162.98269700036619,22.276578899796505],[-162.97839399978318,22.268831299724866],[-162.97395300003086,22.261152299938828],[-162.96935999956426,22.253545799898859],[-162.96462999997445,22.246017500407447],[-162.9597630003621,22.238563500205487],[-162.95474199994325,22.231191600012494],[-162.94960000023974,22.223899799736103],[-162.94430499977585,22.216693900003634],[-162.93890399981964,22.209571799998685],[-162.93333400016391,22.202539400173293],[-162.92765800011654,22.19559669962814],[-162.92184400000053,22.188749300240147],[-162.91590899970049,22.181995399768027],[-162.90983600023114,22.175336799553804],[-162.90365600032408,22.168777499781925],[-162.89733900039448,22.162321100438589],[-162.89091500002715,22.155965800181662],[-162.88435399963728,22.14971540044553],[-162.87768599970903,22.143571900423012],[-162.87091100024239,22.137535099565355],[-162.86401399964629,22.131610900123064],[-162.85701000041112,22.125797300205363],[-162.8498989998389,22.120098100347207],[-162.84268199977438,22.114513400373255],[-162.83537299996391,22.109048800361961],[-162.82794199992327,22.103698700234986],[-162.82041900013667,22.098472600430284],[-162.81280499975085,22.093366599688977],[-162.80509899961905,22.08838460016932],[-162.79728699999498,22.083528500340151],[-162.78938299972558,22.078798300201527],[-162.78140300044802,22.074195900020925],[-162.77334600031759,22.069723100241049],[-162.76519799958794,22.065381999879548],[-162.75697299980402,22.061172500011025],[-162.74865700032024,22.057096500003638],[-162.74027999982206,22.053153999857329],[-162.73182700031575,22.049346899839691],[-162.72331199974892,22.045677200042917],[-162.71472200022006,22.042144799742857],[-162.7060549998383,22.0387535003739],[-162.69734200003319,22.03550149969459],[-162.68855300032064,22.032388699678904],[-162.67973300007782,22.029420900054618],[-162.67083699992753,22.026594199562794],[-162.66189600040002,22.023912399637652],[-162.65290799960442,22.021373699836545],[-162.64387500033092,22.018980000426836],[-162.63479599983543,22.016735100144899],[-162.62568699975515,22.014633200162223],[-162.61653100020541,22.012681999574738],[-162.60733000037914,22.010875699554049],[-162.59809900006871,22.009220099827871],[-162.58885199991977,22.007713300128842],[-162.57957500018603,22.006355299557583],[-162.57026699992204,22.005146000087962],[-162.56094399986563,22.004089400105897],[-162.55160499997069,22.003183399694308],[-162.54223599959164,22.002426100384355],[-162.53286700011188,22.001819600294482],[-162.52348299994043,22.001365699867279],[-162.51408399997655,22.001062399909983],[-162.50469999980507,22.000911699615358],[-162.49374399998553,21.834550899604494],[-162.48123200035644,21.83475110038313],[-162.46873499962047,21.835155500326209],[-162.45623799978378,21.835762000416139],[-162.44375599973952,21.836566899942625],[-162.43129000043311,21.837575899708156],[-162.41885399981217,21.838785200077041],[-162.40643299988295,21.840190899790343],[-162.39404299958468,21.841800699742635],[-162.38168299977053,21.843608900030858],[-162.36935399958733,21.845615399930921],[-162.35705599993437,21.847822200434337],[-162.34481800035036,21.850227400374365],[-162.33262600018969,21.852825200023119],[-162.32048000035167,21.855623199551133],[-162.30839499972939,21.858615899604217],[-162.29635600032907,21.861801100440573],[-162.28439299993693,21.865182900270781],[-162.27247599986742,21.868755299717463],[-162.26063499970539,21.872520399596908],[-162.24887100039626,21.87647440027348],[-162.23718300009529,21.880618999667263],[-162.2255709997018,21.884950599590638],[-162.21403500011508,21.889469100218946],[-162.20259100027437,21.894172700210106],[-162.19123800013352,21.89906119991457],[-162.17996199994627,21.904129000153375],[-162.16880799998913,21.909380000386875],[-162.15774499973188,21.914812099798723],[-162.14677400011993,21.920417799841744],[-162.13591000004638,21.926200900151571],[-162.12518299999536,21.932159399736634],[-162.11453199985183,21.938287700317233],[-162.10401899977694,21.944589599730364],[-162.09362799993218,21.951057399779302],[-162.08332799978729,21.957693099656979],[-162.07318100040277,21.964494700170405],[-162.06315600034907,21.971456499617886],[-162.05326800031787,21.978580499890313],[-162.04351800035536,21.985864600171283],[-162.03390500041536,21.99330139993981],[-162.02441399980617,22.000894500081245],[-162.01509099974976,22.008638400342022],[-162.00588999992348,22.016530999905854],[-161.99685699975066,22.024572400396096],[-161.98796099960038,22.03275869965438],[-161.97923300000286,22.041084300300383],[-161.97065700022031,22.049552900346214],[-161.96223400029879,22.058155100077954],[-161.95396400023833,22.066892600113533],[-161.94587699962375,22.075763699835022],[-161.93795799956195,22.084762600413796],[-161.93020600000682,22.093887299959079],[-161.92262300015125,22.10313420028325],[-161.91522199969546,22.112506899573873],[-161.90798999983855,22.12199399982336],[-161.90094000028071,22.131597500224586],[-161.89407300016873,22.141311600150345],[-161.88737499975636,22.151138299692946],[-161.88087500038088,22.16106800038807],[-161.87455700040516,22.171100599713043],[-161.86842299992142,22.181236300015371],[-161.86250300031313,22.191467299676276],[-161.85675000031219,22.201793700319172],[-161.85119599959563,22.212211599785633],[-161.84585599975452,22.222715399796016],[-161.84069800021246,22.233304999626171],[-161.8357539997472,22.243976599640519],[-161.83099399967327,22.254726400203367],[-161.82644700042866,22.265550599880441],[-161.8221130002147,22.276445399935426],[-161.81796300039207,22.287410699644226],[-161.81404100029184,22.298440899827824],[-161.81030299968361,22.309532199951207],[-161.80679299969711,22.320682500097462],[-161.8034819998943,22.331884399745377],[-161.80038500006762,22.343141599605303],[-161.79750100017094,22.354444500313605],[-161.79484600004278,22.365795100163893],[-161.79238900005222,22.377183899617421],[-161.79014600003779,22.388612700016211],[-161.78811599995336,22.40007590038266],[-161.78631599968355,22.411569600356927],[-161.78471399955137,22.423090000303432],[-161.7833559998794,22.434635199954641],[-161.78219600034507,22.446199399582781],[-161.78126499967991,22.457782699911832],[-161.78053300009779,22.469377499871882],[-161.78004500007663,22.480983699638159],[-161.77975500019303,22.492593799764165],[-161.68965099989364,22.504509000290284],[-161.68983500028494,22.517576199981761],[-161.69024700039867,22.530635800402024],[-161.69091799986572,22.54368779975232],[-161.69183299979304,22.556726499928175],[-161.69297800043429,22.569745999578345],[-161.6943820004289,22.582750299786653],[-161.69602999998443,22.595727900022723],[-161.69792200000023,22.608674999751599],[-161.70005799957693,22.621591599872602],[-161.70243799961392,22.634471899758523],[-161.70507799994965,22.647310300230288],[-161.70794700005393,22.660104800296438],[-161.71105999971914,22.672851600321223],[-161.71440100000606,22.685545000401589],[-161.71800199969246,22.698183100270001],[-161.72183200004667,22.710761999566785],[-161.72590599996184,22.723278000279606],[-161.73020899964553,22.735725399807507],[-161.73475599978948,22.748100299589282],[-161.73953199970194,22.760400800256889],[-161.74453700028226,22.772623100375938],[-161.74978600042351,22.784763299586757],[-161.75526400033326,22.796814000066206],[-161.76095600021915,22.808778800001733],[-161.76689099961985,22.820646299587224],[-161.77304099994211,22.832418399989308],[-161.77941899998677,22.844087599962904],[-161.78601100000756,22.855655699950717],[-161.79283099975075,22.867113099689959],[-161.79984999967766,22.87846180017209],[-161.80711400011094,22.889690399792244],[-161.81455999994395,22.900804500427512],[-161.82225000023723,22.911796599933268],[-161.8301090002301,22.922658900288184],[-161.83819599994536,22.933395399877952],[-161.84649699963674,22.94400220014154],[-161.8549799996272,22.95447160018432],[-161.86366299984749,22.964801799563531],[-161.87255899999778,22.974990799985562],[-161.8816219997554,22.985034899840912],[-161.89090000043458,22.994930300393207],[-161.90035999961421,23.004676800194318],[-161.90998800024593,23.014266999622464],[-161.91980000036963,23.023702600195008],[-161.92980999973162,23.032978099859577],[-161.93998699960028,23.042089500230418],[-161.95033300006781,23.051038699776313],[-161.96086099993511,23.059814500139225],[-161.97154199966349,23.068422299949304],[-161.98239099994461,23.076856599852363],[-161.9933930000868,23.085113500387877],[-162.00456199983634,23.093193099582038],[-162.01586899965454,23.101091399948302],[-162.02734400002549,23.108804699877112],[-162.03895600041901,23.1163330002679],[-162.05070499993573,23.123676300221234],[-162.06259200042041,23.130823100106113],[-162.07461499998217,23.137779199650481],[-162.08677699965872,23.144540800117966],[-162.099075000211,23.151105899617733],[-162.11148100034782,23.157468800045251],[-162.1240079997693,23.163633300136837],[-162.13665800036634,23.169595700081629],[-162.14941399955634,23.17535020015174],[-162.16227700008341,23.180900599982863],[-162.17526199994126,23.186241099846995],[-162.1883239997527,23.191373799661278],[-162.20149199995575,23.19629289969771],[-162.21476699969719,23.201000200399051],[-162.22810399959982,23.2054920001558],[-162.24153100005552,23.2097663995998],[-162.25505100030335,23.213827100340552],[-162.26863099972078,23.217666600233542],[-162.28230299978352,23.221284900178148],[-162.29602100016893,23.224687600252707],[-162.30983000025424,23.227865200019096],[-162.32366899992434,23.2308215998371],[-162.33758500044732,23.233550999978831],[-162.35153199970193,23.236057299904587],[-162.36552400013241,23.238338500421605],[-162.37957799982476,23.240394599731133],[-162.3936609999551,23.242223700263708],[-162.40777599976249,23.243823999777931],[-162.42190600026163,23.245197299615825],[-162.43606600034556,23.246339800141811],[-162.45027199985284,23.247257200359627],[-162.46446200042089,23.247945799559147],[-162.47868299972058,23.248403499621929],[-162.49288900012718,23.248634299833213]]]},"properties":{"objectid":9347,"radii":64,"stormid":"ep122026","basin":"ep","stormnum":12,"advnum":"38","validtime":"2026090812","synoptime":"2026090512","timezone":"UTC","tau":72,"ne":45,"se":40,"sw":30,"nw":35,"idp_source":"ep122026_2026090515_forecastradii","idp_filedate":1788624164000,"idp_ingestdate":1788624266000,"st_area(shape)":1.3531024022155618,"st_perimeter(shape)":4.5536501829040299,"binnumber":"CP4"}},{"type":"Feature","id":9348,"geometry":{"type":"Polygon","coordinates":[[[-162.97846999969065,28.862716699716088],[-163.01820400011442,28.52999110040912],[-163.05454999988251,28.529424700189907],[-163.09086600006577,28.528291700102045],[-163.12716699955732,28.52659229979497],[-163.16342199962551,28.524328199886668],[-163.19961500043183,28.521497699759152],[-163.23576400010845,28.51810259985524],[-163.27183499978534,28.51414490026707],[-163.30779999996994,28.509626399638762],[-163.34368900024708,28.504549000036491],[-163.37943999955627,28.498908999850585],[-163.41510000006488,28.492715799694565],[-163.45060699981312,28.485965699757401],[-163.48597700043814,28.478666300209738],[-163.52119400030278,28.470813799617304],[-163.55624399966078,28.462413799857131],[-163.59111000042611,28.453470200389575],[-163.62579299994692,28.443983100140088],[-163.66027800022945,28.433956099994134],[-163.69453399984414,28.423393200136218],[-163.72859200022054,28.412298200201917],[-163.76240500009061,28.40067480000215],[-163.79597500044582,28.388526899896647],[-163.82930000029469,28.375856400152884],[-163.86235000005237,28.362667100406497],[-163.89512599976499,28.348966599928815],[-163.92762800033188,28.334756899711294],[-163.95982400027731,28.320041699564911],[-163.99171399960133,28.304826700292153],[-164.02328500040238,28.289119699914352],[-164.05453499989025,28.272922499773699],[-164.08544900007121,28.256238900405094],[-164.11602800009206,28.239076600005205],[-164.14625500006812,28.221439400008421],[-164.17610199960751,28.203334799861295],[-164.20558200020906,28.184768700015638],[-164.23468000028171,28.165744800282425],[-164.26339699987156,28.146270799757758],[-164.29170200024703,28.126350400051081],[-164.31959499960948,28.105997099986325],[-164.34707599975749,28.085207000103139],[-164.37412999999941,28.063995399668102],[-164.40075700033523,28.042364100023349],[-164.42692600023466,28.020320900089587],[-164.45266700018183,27.997873300212802],[-164.47792100015394,27.975027100120712],[-164.50273100033533,27.951791800251499],[-164.52705399964228,27.928173099609012],[-164.55090299957368,27.904180500429902],[-164.57426500042934,27.879818000200714],[-164.59713700027226,27.855096799977503],[-164.61949199965599,27.830020899944714],[-164.64137299966413,27.804601699908687],[-164.66270400038923,27.778846700215183],[-164.6835169997097,27.752763699785078],[-164.70382700011589,27.726358400320066],[-164.72357199964799,27.699640299560315],[-164.74279800042729,27.672618899742588],[-164.76147500017103,27.645303700405577],[-164.77960199973242,27.617700600202681],[-164.79718000005687,27.589820900014672],[-164.81417799971484,27.561670299744662],[-164.83062700013588,27.533258399655551],[-164.84649699993651,27.504594800010182],[-164.86181600040803,27.475688899623151],[-164.876525999775,27.446550400380829],[-164.89068599985893,27.417182899571287],[-164.90423599969156,27.387605700243],[-164.91719099996459,27.35781669978104],[-164.92956500042436,27.327833200242139],[-164.94132999977958,27.297660799906112],[-164.95251500026697,27.267307300391735],[-164.96307399976519,27.2367859001493],[-164.97303799970385,27.206104300073548],[-164.98239100024438,27.175273899970648],[-164.99113499968041,27.144302399836022],[-164.99926799971834,27.113197300015543],[-165.00679000035817,27.081972100232406],[-165.01368700005494,27.050634399757882],[-165.01995799966187,27.019191699837222],[-165.02563499975537,26.987655599926143],[-165.03066999992049,26.956039400098405],[-165.03508000004189,26.924348800257064],[-165.03887899986589,26.892595300033236],[-165.04205299964613,26.860786399772678],[-165.04458600044347,26.828931799563065],[-165.04652399988262,26.797042800285169],[-165.04782100033881,26.765130999596124],[-165.04849199980586,26.733202000272229],[-165.04853800012853,26.701267200321183],[-164.48954800033985,26.680612600391328],[-164.48878500022749,26.65739440023151],[-164.48757900037049,26.634191500237705],[-164.48591600012324,26.611013399948604],[-164.48381000013131,26.587863899899219],[-164.48123199995675,26.56474879981738],[-164.47822599982996,26.541681299952188],[-164.47476200016609,26.518659599860769],[-164.47085599990439,26.495698899884474],[-164.46650699989806,26.472799299847964],[-164.46170000035465,26.449974099824999],[-164.45646700005193,26.42722510025834],[-164.45078999995846,26.404562000336171],[-164.44467200021256,26.381990400136999],[-164.4381099997766,26.359518100380171],[-164.43113700017233,26.337152499788203],[-164.42372099992411,26.314895600251873],[-164.41586299997738,26.292760799871132],[-164.40757800012452,26.270749999812779],[-164.39888000011183,26.248872800339598],[-164.38977100003154,26.227132799639151],[-164.38023399999904,26.20553969959758],[-164.37027000006037,26.184099200118112],[-164.35990899980041,26.162817000204541],[-164.34913600032607,26.141695000124287],[-164.33795199988481,26.12075040031084],[-164.32638499976784,26.099979400229302],[-164.3144069995833,26.079395299953262],[-164.30203199997675,26.058998100382155],[-164.28927599988739,26.038795499712705],[-164.27612300037609,26.01879690035679],[-164.26260400017438,25.99900629980101],[-164.24870300034311,25.979429200097627],[-164.23440600023665,25.960073499992177],[-164.21975700008539,25.940938900010394],[-164.20475799998164,25.922040899967726],[-164.18937700024827,25.903375600403763],[-164.1736600003087,25.884954500050299],[-164.15757799972482,25.866781199792683],[-164.14115899978793,25.848859799640195],[-164.12440499969091,25.83119960038141],[-164.10729999959523,25.813802700134659],[-164.08987399998503,25.796672799610178],[-164.07212800000713,25.779817599702596],[-164.05404699986906,25.763242699591046],[-164.03567499980133,25.746952100359294],[-164.01698300026518,25.730949400194788],[-163.9979860001537,25.715242399817043],[-163.97869900015866,25.699831000300549],[-163.95912200028002,25.684724800109564],[-163.93925499961847,25.669925700410886],[-163.91912799955745,25.655437499940831],[-163.89871199965899,25.641264000133617],[-163.87802099966933,25.627414699628844],[-163.85708600011873,25.613887799782276],[-163.83589200031548,25.600690800040525],[-163.81445300000587,25.587823900053081],[-163.79277000013531,25.575294500341045],[-163.77084399985063,25.563104600097347],[-163.74870300044304,25.551258099681718],[-163.72633400041371,25.539758699804281],[-163.70375100040826,25.528608299833309],[-163.68095400042671,25.517814599764108],[-163.65797400009995,25.507375700228522],[-163.6347809998432,25.497297300230343],[-163.61141999993296,25.487581300037107],[-163.58785999983905,25.478233299727151],[-163.56413300013776,25.46925159958181],[-163.54023699983759,25.460641900403516],[-163.51618999976859,25.452405900112353],[-163.49197400000003,25.444545700423873],[-163.46762100020891,25.437065100074449],[-163.44314600018768,25.429964099963399],[-163.4185180003054,25.423248300169064],[-163.39376800019298,25.416915900248739],[-163.36891199968895,25.410968799570583],[-163.34396400033827,25.40541079956887],[-163.31887800001959,25.400243799611815],[-163.29371599979348,25.395469699966839],[-163.26846299986747,25.391086600366464],[-163.24314899982639,25.387098300446326],[-163.21774300003935,25.383504900031255],[-163.19227600013721,25.380308199563899],[-163.16674800012004,25.377510100211111],[-163.14117399978019,25.375106799639241],[-163.11556999985552,25.373105999642291],[-163.08991999960821,25.371505700128125],[-163.0642549995685,25.370304099754549],[-163.03855899989784,25.369502999863698],[-163.01286300022721,25.369102500280292],[-162.98240699958328,24.87001040015997],[-162.94722000020278,24.870561600037945],[-162.91204799971533,24.871656399623305],[-162.87687700017335,24.873302499810677],[-162.84176599980097,24.875497799783773],[-162.80668599995886,24.878238699556505],[-162.77168300007031,24.881526899746746],[-162.73674000025073,24.885358800368465],[-162.701858999693,24.889734299798249],[-162.6670840004262,24.894655200277441],[-162.63238500016755,24.900115999753723],[-162.59780900018512,24.906118399744514],[-162.56333899969499,24.91265870043884],[-162.52900700017284,24.91973690003806],[-162.4948119997739,24.927347199713665],[-162.46075400029679,24.935489700189635],[-162.42686499961997,24.944160500207033],[-162.39314300034911,24.953361500033338],[-162.3595889998324,24.96308520022194],[-162.32621799966088,24.973331500048857],[-162.29304499962694,24.984096500053568],[-162.26008599956916,24.99537660025004],[-162.22734100038679,25.007169699821929],[-162.1948240000275,25.01947019959016],[-162.16253700038217,25.032276200186629],[-162.13049300025168,25.045583699628196],[-162.09870900041994,25.059389099727298],[-162.06718399994156,25.073688500124319],[-162.03593399955435,25.088478100284249],[-162.00495900015764,25.103750200211721],[-161.97428900043695,25.119504899731453],[-161.94390899970048,25.135734599572231],[-161.9138340004387,25.152435300448872],[-161.88407899974595,25.169601399585076],[-161.85466000015879,25.187231100135307],[-161.82557699987856,25.205314600388647],[-161.79682899975845,25.223850299551827],[-161.76843299968311,25.242832200046109],[-161.74041700004443,25.262252799727094],[-161.71275299955121,25.282108299858294],[-161.68547099958687,25.302387199909504],[-161.65858499989776,25.323093400240396],[-161.63207999979207,25.344215400320593],[-161.60597200000771,25.365745500154844],[-161.58029200017558,25.387682000024427],[-161.55502300041107,25.410013199749528],[-161.53016699990704,25.432737399611426],[-161.50575300000088,25.455841099886982],[-161.48178099979322,25.479328200036548],[-161.45826700002195,25.503179600258477],[-161.43521099978773,25.527397199920983],[-161.41259800019748,25.55196950029233],[-161.39047199968297,25.576890900394858],[-161.36880499965093,25.602153800057977],[-161.34762599964009,25.627748500093332],[-161.32693499965043,25.653673200058279],[-161.30674700037369,25.679912599786803],[-161.28706400010344,25.706466700178225],[-161.26788299960066,25.733322100434748],[-161.24920699990304,25.760471300210497],[-161.2310639996038,25.787908599602304],[-161.21343999985604,25.815624199597266],[-161.19634999955275,25.843610800398267],[-161.17979399959333,25.871858600294331],[-161.16378799981626,25.900362000106384],[-161.14831500033691,25.929107699760664],[-161.13342299977154,25.958091699972101],[-161.11906400040323,25.987302799684585],[-161.10527000011032,26.01673510024483],[-161.09204099979223,26.046377200047914],[-161.07939100009449,26.076219599555031],[-161.06732200021005,26.106256499937672],[-161.05581700025428,26.136476499590913],[-161.04489100001956,26.166870099875325],[-161.03457600008227,26.197429699720999],[-161.02482600011973,26.228145599939637],[-161.01568600040852,26.259010300185366],[-161.00714100025687,26.290010500384426],[-160.99919099966482,26.321140300084949],[-160.99185200026952,26.352390299572789],[-160.98510700038767,26.383747099848904],[-160.97897299990393,26.41520690037828],[-160.97344999971764,26.446758299555995],[-160.96855199957503,26.47838780035687],[-160.96426399968377,26.510093700364109],[-160.9605870000899,26.541856799951518],[-160.95751999984805,26.573673199658572],[-160.95507799964989,26.605533599596072],[-160.9532620004409,26.637426400308243],[-160.95205699973067,26.669343900001138],[-160.57905600003429,26.698345199571463],[-160.57899499991922,26.736084000076687],[-160.57966600028561,26.773817099779478],[-160.58107000028022,26.811534900215634],[-160.58322099964934,26.849224100412073],[-160.58612100028387,26.886875199930671],[-160.58973699976264,26.924474699947609],[-160.59408599976899,26.962013199849423],[-160.59918200004918,26.999475500194308],[-160.60502599975001,27.036853800262804],[-160.61158800018598,27.074136700248687],[-160.61889599995035,27.111312900170333],[-160.62693800028839,27.148364999944931],[-160.63569600037005,27.185289399586281],[-160.64520299991844,27.222070700002973],[-160.65541100031734,27.258699399857562],[-160.66636700013686,27.295162199975664],[-160.67803999974612,27.331449500094493],[-160.69041400020586,27.367548000140232],[-160.70350599960213,27.403448099850095],[-160.71731599973353,27.439140299685221],[-160.73184199960852,27.474611299571961],[-160.74707000038012,27.509851500146738],[-160.76300000024972,27.544849399979967],[-160.77963300016276,27.579589799629673],[-160.79693600039602,27.614067099916895],[-160.81494099972727,27.648269699587104],[-160.83361800037034,27.682188000176211],[-160.85298200031897,27.715810799728786],[-160.87301599968856,27.749124499596121],[-160.89370699967822,27.782121700156495],[-160.91507000008036,27.814788800063241],[-160.93707300031863,27.847120299962],[-160.95974700002395,27.879104600397113],[-160.9830320000267,27.910728500220273],[-161.00695799991169,27.941986099878761],[-161.03152499967891,27.972864200022968],[-161.05671700038917,28.003356900200913],[-161.08250399975969,28.033453000255918],[-161.10890200032696,28.063140899832831],[-161.13591000024624,28.092410999568131],[-161.16348300014027,28.121257800107514],[-161.19165000044708,28.149669600371908],[-161.22039799966788,28.177638999840099],[-161.24969499992423,28.205154399955745],[-161.27955600010924,28.232210199741075],[-161.30995199978489,28.258794799740372],[-161.34089699959677,28.284902599875238],[-161.37235999991398,28.310523999882832],[-161.40435799972184,28.335651399592564],[-161.43684399955086,28.360275300364947],[-161.46984899993132,28.384389899774192],[-161.50332599959512,28.407985700080133],[-161.53727700043314,28.431055100212859],[-161.57171600039302,28.453594199812642],[-161.60658300030514,28.475589800429077],[-161.6419069997082,28.49703980034667],[-161.6776729997091,28.517934799851275],[-161.71386699966223,28.538269000114383],[-161.75045799993666,28.558038700425811],[-161.787444999587,28.577230499987706],[-161.82484400025032,28.59584429987467],[-161.86259500005912,28.61387440018359],[-161.90074200014311,28.631311400301001],[-161.93922400038724,28.648151399867345],[-161.97804299998438,28.664386699786519],[-162.01719699974166,28.680017499708015],[-162.05665600007427,28.695033999719442],[-162.09642000008284,28.70943259983477],[-162.13648999981356,28.723209399694156],[-162.17681899979692,28.73636049983736],[-162.21742199982535,28.748876600374956],[-162.25828600019867,28.760761300393824],[-162.29937700024828,28.772006999723374],[-162.34069800011252,28.782608000259131],[-162.38223299995292,28.792566300294652],[-162.42396499988476,28.801872299567094],[-162.46589700004643,28.810529699686015],[-162.50797999997693,28.818527199770585],[-162.55023199960701,28.825870499723919],[-162.59263599995137,28.832553899642903],[-162.63516199962649,28.838575400334605],[-162.6778109995779,28.843929300097273],[-162.72055100012847,28.848621399558112],[-162.76339700017135,28.852643999621023],[-162.80630500037537,28.855998999654275],[-162.84928899958757,28.858686399657756],[-162.89231900002176,28.860700599553184],[-162.93539399983314,28.862043399783204],[-162.97846999969065,28.862716699716088]]]},"properties":{"objectid":9348,"radii":34,"stormid":"ep122026","basin":"ep","stormnum":12,"advnum":"38","validtime":"2026090912","synoptime":"2026090512","timezone":"UTC","tau":96,"ne":130,"se":110,"sw":80,"nw":110,"idp_source":"ep122026_2026090515_forecastradii","idp_filedate":1788624164000,"idp_ingestdate":1788624266000,"st_area(shape)":11.580755876710475,"st_perimeter(shape)":13.571152268306996,"binnumber":"CP4"}},{"type":"Feature","id":9349,"geometry":{"type":"Polygon","coordinates":[[[-162.99017299978402,27.69817919981034],[-163.00820899964555,27.531816500431319],[-163.02458200015911,27.531560899615954],[-163.04093899993481,27.531049699783978],[-163.05728099991813,27.530284900128208],[-163.07362399994756,27.529264499657074],[-163.08991999960821,27.527990299712712],[-163.10620100037579,27.526462599769332],[-163.1224519997599,27.524679200085131],[-163.13865699972069,27.522644000120636],[-163.15483100005054,27.520355200332347],[-163.17094400026531,27.51781649963192],[-163.18701200020357,27.515024200006962],[-163.20300300018823,27.511985800004823],[-163.21894799985023,27.508693700354115],[-163.2348330003426,27.505157500418477],[-163.25062600018967,27.501373299838065],[-163.26635699987557,27.497341200236349],[-163.2819979999077,27.493068700160507],[-163.29754600014772,27.488548300164041],[-163.31301899962705,27.483789399960983],[-163.32836899972946,27.47879029983261],[-163.34362800013201,27.473550800129487],[-163.35879499988926,27.468072900044433],[-163.37382499962396,27.462362300379993],[-163.38876299961265,27.456417099969315],[-163.40354899978644,27.450241100246728],[-163.4182430002142,27.44383240004538],[-163.43278499992772,27.437198600435181],[-163.44720500031045,27.430337900074164],[-163.46148699972517,27.423255899939988],[-163.47561600017818,27.415948900221736],[-163.48960899975546,27.408424400365902],[-163.50344800032488,27.400684399565534],[-163.51712000038762,27.392726900426283],[-163.53062399989759,27.384559600245495],[-163.54399100028436,27.376180599655072],[-163.55717500032591,27.367593799914061],[-163.57017499997619,27.358806599744923],[-163.58300800001911,27.349817300328311],[-163.59565699967072,27.340627700308289],[-163.60813899971498,27.33124349958797],[-163.62042199957554,27.321664799790824],[-163.63250700019782,27.311897299920588],[-163.6444089995756,27.301942800420022],[-163.65609699987655,27.291805299674991],[-163.66758700003993,27.281484599834585],[-163.67886400027331,27.270988499819566],[-163.68992599958514,27.260318800072696],[-163.70078999965867,27.249475499694711],[-163.71144099980222,27.238464400212024],[-163.72187799996965,27.227291099904505],[-163.73205599988441,27.215955700395398],[-163.74205000030719,27.204463999614006],[-163.75178499957798,27.192817699977013],[-163.76130699981812,27.181022600312872],[-163.77058399955186,27.169080699814572],[-163.7796329995632,27.15699389964891],[-163.7884220001751,27.144769700161703],[-163.79698200011913,27.132409999821789],[-163.80529799960291,27.119920699980469],[-163.81335399968725,27.107301699913648],[-163.82116700025676,27.09455680015634],[-163.82873500031994,27.08169560007201],[-163.83604400013041,27.06871799983594],[-163.84309399968825,27.055627799983142],[-163.84988399984664,27.042427100430473],[-163.85641499975236,27.029125200167982],[-163.86267099956689,27.01572420001196],[-163.86868299982049,27.002227799773266],[-163.87441999998293,26.988637899719436],[-163.87988300010031,26.974960299578299],[-163.88507100012649,26.961202600419824],[-163.88998400006147,26.947362900177836],[-163.89465300043554,26.93345070018978],[-163.89901700023429,26.919467899823871],[-163.90313699957278,26.905418400339045],[-163.90695200013462,26.891305899747636],[-163.91050700039767,26.877138099843592],[-163.91377299992394,26.862916899995071],[-163.9167630002122,26.848646199662539],[-163.91946399976371,26.834331499998882],[-163.92190599996184,26.819976800289226],[-163.92404200043788,26.805585900169319],[-163.92591899976196,26.791164399717388],[-163.92749000026322,26.776714299925118],[-163.92878699982012,26.76224520015603],[-163.92981000023124,26.747755100317761],[-163.93052700002096,26.733249700313536],[-163.9309840004112,26.718740499774412],[-163.93115200006469,26.704219799604232],[-163.55864000043559,26.69455339971978],[-163.55844100025189,26.685844400099143],[-163.55805999976909,26.677139299938858],[-163.55749499979433,26.668441799949278],[-163.55677800000461,26.659755699765867],[-163.55587799986972,26.651079199845356],[-163.55482499987377,26.642421699901661],[-163.55358900043194,26.633783299759614],[-163.55220000022976,26.625160199783522],[-163.55062899972847,26.616561900411511],[-163.54890400021935,26.607992200379897],[-163.54699700041115,26.599447300052987],[-163.54492200005018,26.590932800408552],[-163.54269399982815,26.582454699924597],[-163.54029799995266,26.574012799850948],[-163.53773499957049,26.56560899955582],[-163.53501900022661,26.557245300030729],[-163.53213500032993,26.548925400187215],[-163.52908299988047,26.540651300117531],[-163.52587899961605,26.532426800356689],[-163.52250699969821,26.52425580036504],[-163.51898199991928,26.516136200225617],[-163.51530500032541,26.508071900298091],[-163.51145900013267,26.50006680004293],[-163.5074769999635,26.492124600170314],[-163.50331100030235,26.484241500145231],[-163.49900799971934,26.476428999598795],[-163.49456800001312,26.46868319996986],[-163.48997500044584,26.461008099644232],[-163.48521400032578,26.45340349987174],[-163.48031600018319,26.445879000015964],[-163.47528100001807,26.438426999906255],[-163.47009299999189,26.431056999980683],[-163.46476699989705,26.423769000239304],[-163.45929000003341,26.416566800317696],[-163.4536899998935,26.409448599773214],[-163.44795199968496,26.402419999583458],[-163.44206199966149,26.395481099573203],[-163.43605000030718,26.388635599553425],[-163.42990100003104,26.381883600248102],[-163.42363000042411,26.375230799761766],[-163.4172359996416,26.36867330043259],[-163.41070599978198,26.362218900282187],[-163.40405299964613,26.355867399660895],[-163.39727800017948,26.349620799560398],[-163.39038099958339,26.343479199805358],[-163.38336199965647,26.337450000017611],[-163.37623600019117,26.331525799676058],[-163.36898799959641,26.325716000293312],[-163.36164900020111,26.320020699895508],[-163.35418699963026,26.314439799557249],[-163.34661899956708,26.308975200445275],[-163.33894299991942,26.303632699589571],[-163.33117699971868,26.298408500052403],[-163.32328800014102,26.293306399670769],[-163.31532299975655,26.288326300418589],[-163.30725099983368,26.283474000225056],[-163.29910300000336,26.278747599722067],[-163.29084799973532,26.274146999984225],[-163.28250099972129,26.269676200296544],[-163.27407799979977,26.265338899570679],[-163.26557899997078,26.261131299969634],[-163.25698900044193,26.257057200229724],[-163.24832200006017,26.25311660035095],[-163.23959399956334,26.249315300061198],[-163.23077400021987,26.245647399807808],[-163.22189299986198,26.242118800042704],[-163.21295200033447,26.238729499866679],[-163.20393399995405,26.235477400261971],[-163.1948700001503,26.232370399974116],[-163.18574500023149,26.229402499625792],[-163.17655900019761,26.22657780012554],[-163.16731300009479,26.223897899568556],[-163.15801999962321,26.221361199859643],[-163.14869699956679,26.218969299993319],[-163.13931300029464,26.216726299978916],[-163.12988299980051,26.21462630026366],[-163.12042199967547,26.212675099676233],[-163.11091600017318,26.210872700015216],[-163.10139499997919,26.209217100289095],[-163.09182700031573,26.207712199958223],[-163.08223000021425,26.206354099562191],[-163.07261700027428,26.205146800184821],[-163.06298799959643,26.204090100377982],[-163.05332900023311,26.203182199698915],[-163.04365500017803,26.202426899581894],[-163.03398100012299,26.201824200026977],[-163.02427699958378,26.201368300406898],[-163.01457199989781,26.20106510027432],[-163.00486800025791,26.200916300247229],[-162.99194299956969,25.868187000230023],[-162.97581499956249,25.868440600053816],[-162.95968600040851,25.868944199715202],[-162.94357300019374,25.869697599564688],[-162.92747499977133,25.870702699869867],[-162.9114069998331,25.871959700280058],[-162.89535499973337,25.873466499979145],[-162.87933300011778,25.87522319969105],[-162.86335799997164,25.877229699591112],[-162.84741200026352,25.879484200135892],[-162.83152799981727,25.881988499969452],[-162.81568899964753,25.884736999912775],[-162.79989599980047,25.887735399868973],[-162.78416400006847,25.890977900110158],[-162.76849399959832,25.89446640000449],[-162.75289899988886,25.898199100008583],[-162.73738100013298,25.902172099762709],[-162.72192399959283,25.906387300433721],[-162.70657300034361,25.910844800047641],[-162.69129900014866,25.915538799775959],[-162.67613200039142,25.920471199886094],[-162.66102599984993,25.925638199843206],[-162.64604200043789,25.931039799647181],[-162.63116499966492,25.936676000197394],[-162.61640899997528,25.942543000059572],[-162.60176099987018,25.9486388998655],[-162.58721900015667,25.954959899979542],[-162.57281499961246,25.961509700212616],[-162.55851700035919,25.968280800218906],[-162.54437300011378,25.975276899809217],[-162.53035000005238,25.98249050043637],[-162.51649499964444,25.989921600301727],[-162.50276200036595,25.997568100387639],[-162.48916600021067,26.005426399808641],[-162.47573899975495,26.01349639963928],[-162.46247899980591,26.021774300243919],[-162.44937099967183,26.030260099823863],[-162.43641700034422,26.038946200007274],[-162.42364500041634,26.047832500069944],[-162.41102600034955,26.056917199569227],[-162.39862100025888,26.066200300303763],[-162.38636799998312,26.075672100387237],[-162.37429800005259,26.08533290019335],[-162.36242700030573,26.095182400247722],[-162.35073900000478,26.105215100296789],[-162.3392489998414,26.115428900423581],[-162.3279569998156,26.125818300374419],[-162.31687899976595,26.136383099600494],[-162.30598400006147,26.1471232999005],[-162.29530300033312,26.158025700126075],[-162.28483599968155,26.169096000180389],[-162.27459699965172,26.180328400335554],[-162.26455699980562,26.191717099964308],[-162.25474499968192,26.203260400247416],[-162.24516300027216,26.214954399925773],[-162.2357939998931,26.226799000073925],[-162.22666899997429,26.238784800078577],[-162.21777299982401,26.250911700115012],[-162.20910600034156,26.263177899740413],[-162.20068399956685,26.275573699766596],[-162.19249000031317,26.288101200110418],[-162.18455500041287,26.300754500320068],[-162.17686500011959,26.313530000409344],[-162.16941800024043,26.326421700101548],[-162.16221599996834,26.339427899677958],[-162.15528899978744,26.352546699770528],[-162.14859000022824,26.365768400291586],[-162.14216599986094,26.379095100258837],[-162.13600199979237,26.392517099584609],[-162.13008100013798,26.406036400159905],[-162.12443499967543,26.419645300190609],[-162.11904900041097,26.433338199598381],[-162.11393700029225,26.44711489963305],[-162.10908499957299,26.460967999773516],[-162.10450699979813,26.474895499927527],[-162.10020400011445,26.488891600367197],[-162.0961609998302,26.502952600382343],[-162.09240700028275,26.517076499880716],[-162.08892799992717,26.531253800222828],[-162.08570899987038,26.545484499610097],[-162.08277899965103,26.559762999762768],[-162.08012400042219,26.574085199772298],[-162.07774400038522,26.588447600376583],[-162.07563800039333,26.602844200399659],[-162.07383700007742,26.617271399855383],[-162.07229600006028,26.631723399915131],[-162.07105999971913,26.646198300311426],[-162.07008399967677,26.660692199785331],[-162.0693970003712,26.67519380015392],[-162.06898500025747,26.689708699696894],[-161.88264500016655,26.704341899659084],[-161.88281199977388,26.721761700242439],[-161.8833159996336,26.739177700290782],[-161.88418600018369,26.75658040026542],[-161.88536100040977,26.773969700341524],[-161.88690200042689,26.79133800034856],[-161.88876299991244,26.808677700115936],[-161.89097600034205,26.825986900275382],[-161.8935240000325,26.843259800199746],[-161.89640799992918,26.860488900442533],[-161.8996280000321,26.877670299744693],[-161.90319800008754,26.894798300001696],[-161.90708899965753,26.911872900314222],[-161.91131600033307,26.928876900248895],[-161.91587800026943,26.945815999708771],[-161.92079200025054,26.962682700146615],[-161.92602499965392,26.979469299768539],[-161.93156399967876,26.99616999974586],[-161.93745399970226,27.012783100359911],[-161.94366500013956,27.029302600434789],[-161.95021099983768,27.045721100348658],[-161.95707699990353,27.06203650018449],[-161.96424899969151,27.078241299596414],[-161.97174099984719,27.094333600115704],[-161.9795530003706,27.110303900404801],[-161.9876860004085,27.12615199991501],[-161.99612400012242,27.141870499923755],[-162.00488300025017,27.157455400246647],[-162.01394700005392,27.172901199730745],[-162.02329999969515,27.188201899897877],[-162.0329589999578,27.203355800130225],[-162.04292299989646,27.218355200432313],[-162.05317699971869,27.233198199637343],[-162.06373600011622,27.247880900083601],[-162.07456999970563,27.262394000083191],[-162.08567800023943,27.276735299894312],[-162.09710700028776,27.290903099798356],[-162.108779999897,27.304891600067435],[-162.12074300028914,27.318691300263424],[-162.13297999982706,27.332307799565456],[-162.14549300040156,27.345729799790547],[-162.15824899959159,27.358955399772015],[-162.17127999977208,27.371978799781914],[-162.18457000020527,27.384794200092415],[-162.19810500024548,27.39740369972111],[-162.21189899963903,27.409799599572011],[-162.22592199970043,27.421979899552866],[-162.2402040000145,27.43393899958528],[-162.25470000030469,27.445673000208956],[-162.26944000015581,27.457178099989449],[-162.28440899977545,27.468452500282808],[-162.29960600001681,27.479492200005154],[-162.31501800028042,27.490291599977525],[-162.33062699973618,27.500852599567963],[-162.34646599990589,27.511167499680482],[-162.36250300021322,27.521230700236742],[-162.37872299996639,27.531043999880808],[-162.3951419999033,27.54060550014384],[-162.41175799993167,27.549907699780647],[-162.42855800035136,27.558948499773578],[-162.44554100021691,27.567726099679874],[-162.46267699994351,27.576238600131433],[-162.47999600001532,27.584480300325765],[-162.49748199969446,27.592452999806255],[-162.51510600034158,27.600151100293203],[-162.5328979997428,27.607574500163196],[-162.55082700006591,27.614715600144962],[-162.56889300041155,27.621580100141671],[-162.58709699992653,27.628162400074871],[-162.60543800036334,27.634454700124479],[-162.62388600033856,27.640466700378056],[-162.64247100033631,27.646184900213143],[-162.66114800008006,27.651615100256834],[-162.67994700005394,27.656751599706695],[-162.69883699972769,27.661594400361423],[-162.71783399983914,27.666143399698285],[-162.73690799990419,27.670394899705002],[-162.75607299966913,27.674346900289379],[-162.77529900044843,27.678001399744971],[-162.7946010002359,27.681352600142532],[-162.81397999997694,27.684406300310627],[-162.83340500004064,27.68715480025395],[-162.85287500038089,27.689600000239977],[-162.87240599993686,27.691743900360848],[-162.8919680000231,27.693580600164694],[-162.91155999969416,27.695112199568484],[-162.93119799968787,27.696338700370859],[-162.95083599968157,27.697259900224367],[-162.97050500020552,27.697872200042127],[-162.99017299978402,27.69817919981034]]]},"properties":{"objectid":9349,"radii":50,"stormid":"ep122026","basin":"ep","stormnum":12,"advnum":"38","validtime":"2026090912","synoptime":"2026090512","timezone":"UTC","tau":96,"ne":60,"se":50,"sw":30,"nw":50,"idp_source":"ep122026_2026090515_forecastradii","idp_filedate":1788624164000,"idp_ingestdate":1788624266000,"st_area(shape)":2.313134612911723,"st_perimeter(shape)":6.2715862883946416,"binnumber":"CP4"}},{"type":"Feature","id":9350,"geometry":{"type":"Polygon","coordinates":[[[-166.2798310001005,30.29635239994343],[-166.31507899959607,29.797264100358063],[-166.34518400024135,29.796802499935552],[-166.37525900040248,29.795877500446409],[-166.40535000040211,29.794487000175081],[-166.43536400044817,29.792640700108393],[-166.46536299980252,29.790330900250979],[-166.495299999895,29.787557599703632],[-166.52517699991853,29.784328500260244],[-166.55497699998847,29.780639599937729],[-166.58470200019707,29.776493100276525],[-166.61433399971423,29.771890600271149],[-166.64387500043085,29.766832400295186],[-166.67329400001802,29.761323899878221],[-166.70260600006677,29.755361599758146],[-166.73178100009301,29.748947099828911],[-166.76081800005059,29.742090200002849],[-166.78971900003174,29.734788900187709],[-166.81845100031333,29.727043200383548],[-166.84703099988067,29.718852999866215],[-166.87542699995601,29.710226100254488],[-166.90365600042401,29.701170000095544],[-166.93167100001656,29.691675199850749],[-166.95948800037084,29.681758899953422],[-166.9871059996421,29.671411500140778],[-167.01451099988267,29.660638800140646],[-167.0416870003547,29.649452199759367],[-167.06861900036648,29.637849799628668],[-167.09532199971045,29.625833500016142],[-167.12174999986252,29.61340520028989],[-167.14793399955437,29.600578300348445],[-167.17385899989284,29.587348899832023],[-167.19949300030166,29.573724699635306],[-167.22483799997363,29.559705699758354],[-167.24989299976204,29.545305300099642],[-167.27465799966689,29.530513799672235],[-167.29911799989571,29.51535030007642],[-167.32325699971068,29.4998093001592],[-167.34707600005729,29.483905799713057],[-167.37056000024373,29.467636099826279],[-167.39372300001637,29.451004000134617],[-167.41651899995182,29.43402100026907],[-167.43896499993471,29.416692700308033],[-167.46105999991897,29.399023100435898],[-167.48278800006608,29.381015799739487],[-167.5041500004221,29.362676599745441],[-167.52513100029535,29.344013200449012],[-167.54573099968582,29.325023699784083],[-167.56593299960818,29.305728899968926],[-167.58573900015466,29.286123299850544],[-167.60514800037984,29.266216300042345],[-167.6241459996381,29.246015499815599],[-167.64273099963586,29.225528699889708],[-167.66088899972749,29.204755800439955],[-167.67863499970539,29.183708200373303],[-167.69593799993868,29.162389800049368],[-167.71281400026581,29.140810000081558],[-167.72923300020273,29.118978499658169],[-167.74522400018739,29.096889499950578],[-167.76075699973566,29.074564000128646],[-167.77583299979304,29.052003899560475],[-167.79045100031334,29.029214899947817],[-167.80461100039727,29.006204599662681],[-167.81831400009096,28.982978800231592],[-167.83151199987881,28.959547000293981],[-167.84426900001426,28.935914999577733],[-167.85652200029,28.912094099862941],[-167.86831700012937,28.88808630034265],[-167.87960800010904,28.863901099656175],[-167.89042699990605,28.839548099865056],[-167.90074199984335,28.815027200245254],[-167.91055299992092,28.790357600423079],[-167.91989099976973,28.765539199674492],[-167.92871100001256,28.740581500236203],[-167.93702700039569,28.715490300037459],[-167.94485499985828,28.690277099608579],[-167.95216399966878,28.664947499927337],[-167.95896899961957,28.639509200089662],[-167.96527099975677,28.613969800266204],[-167.97103900044942,28.588338899820485],[-167.9763180001755,28.562622099730277],[-167.98106399960383,28.536829000258308],[-167.98532099986417,28.510963400140952],[-167.98902899998828,28.485042599636415],[-167.99224900009119,28.459064499727049],[-167.99493399980418,28.433042500311274],[-167.99710099991114,28.406980499950237],[-167.99876400015842,28.380891799617018],[-167.99990799985423,28.354782100113994],[-168.00051900015166,28.328657200269731],[-168.00062599969004,28.302526499798262],[-167.43356299993243,28.286607700085426],[-167.43302899958857,28.269191700037084],[-167.43215899993783,28.251789099887219],[-167.43093900033452,28.234401700078536],[-167.42936699978713,28.217035300338978],[-167.42747499977133,28.199695599672339],[-167.4252169999645,28.182386400412213],[-167.42262299995141,28.165115399855949],[-167.41969299973206,28.14788819988064],[-167.4164120004134,28.130708699946695],[-167.41281099982771,28.113580699689692],[-167.40885900014266,28.096509899912121],[-167.40458700008992,28.079503999709971],[-167.39997899983089,28.062564800425321],[-167.39501999957324,28.045700100079671],[-167.38973999980107,28.028915399825962],[-167.38413999966119,28.012210800388289],[-167.37820400021437,27.995597799598897],[-167.37193299970809,27.979076400155861],[-167.36534099968731,27.962655999974572],[-167.35844399999053,27.946338699871262],[-167.35121200013361,27.930130000099552],[-167.34367399965529,27.914031999677206],[-167.33581499966243,27.898056000384258],[-167.32763700024728,27.8822021002469],[-167.31916800000312,27.866476099892225],[-167.31039400008297,27.85088160020581],[-167.30128500000268,27.8354263002837],[-167.2919009998312,27.820112200218034],[-167.28222699977613,27.804943099644504],[-167.27223200020657,27.789928400075723],[-167.2619629996926,27.7750663999945],[-167.25138900040196,27.760364499921877],[-167.24054000012083,27.745828600309778],[-167.22940099995611,27.731460599627098],[-167.21800200039192,27.71726800001835],[-167.20631400009094,27.703249000141398],[-167.1943509996988,27.689414999802523],[-167.18212899995331,27.675765999901103],[-167.16964699990905,27.662305800072772],[-167.15690599961212,27.649040200045363],[-167.14389000012332,27.635971100086351],[-167.13063000017428,27.623105999642291],[-167.11712599976499,27.610443100069176],[-167.10337799979479,27.597993900098572],[-167.08938600026363,27.585756299813511],[-167.07516500006463,27.573734300297872],[-167.06069900025858,27.56193159956382],[-167.04603600036106,27.550357799672838],[-167.03111300016474,27.539007199822549],[-167.01599099978475,27.527889299551703],[-167.00065600037405,27.517003999934786],[-166.98510700008791,27.506357199625199],[-166.96935999966416,27.495948799697487],[-166.95341500000217,27.48578640032224],[-166.93727100015644,27.475868200157436],[-166.92092900017315,27.466201800272984],[-166.90441899963704,27.456787099944847],[-166.88771099986266,27.447626100164541],[-166.87083400038873,27.438726400203336],[-166.85379000040811,27.430082300158176],[-166.83659399971324,27.42170519983523],[-166.81921400042569,27.413593299691172],[-166.80169700021631,27.405750300436182],[-166.78402700014587,27.398174300004086],[-166.76620500026047,27.390873000188947],[-166.74826000009884,27.383846300266669],[-166.7301789999608,27.377098099697662],[-166.7119599997541,27.370626400188371],[-166.69361900021661,27.364437100392024],[-166.67517100024139,27.358531999852062],[-166.65660100003603,27.352907200007394],[-166.63792400029232,27.3475723002216],[-166.61915599994936,27.342523599784442],[-166.60029599986044,27.337764699581385],[-166.58134500007162,27.333295800161181],[-166.5623019996375,27.32911870016801],[-166.5431820001491,27.325233500325908],[-166.52400199969244,27.321643799721699],[-166.50474500018154,27.31834979980357],[-166.48542799970235,27.31535149967209],[-166.46604899996129,27.312652600037609],[-166.44663999973613,27.31024740009758],[-166.42717000029521,27.308145500114904],[-166.40768400011643,27.306341200186409],[-166.38815299966112,27.304836299855481],[-166.36859099957491,27.303630800021551],[-166.34901399969624,27.302728699969691],[-166.32940700023281,27.302127799958157],[-166.3097989998239,27.301826500093057],[-166.28537000012534,26.802736300240213],[-166.25608799966139,26.803186400132404],[-166.22683699972768,26.804084800373403],[-166.19760099958637,26.805433299607216],[-166.16839599997533,26.807231899632598],[-166.13922099994912,26.809480700274264],[-166.11010700003794,26.812173800180858],[-166.08105500028796,26.815315200436316],[-166.05204799991517,26.818902999873671],[-166.0231170003492,26.822936999742865],[-165.9942629998375,26.82741550032523],[-165.96551499971739,26.832334499637568],[-165.93684399955086,26.837694200027443],[-165.90827899977594,26.843494400046666],[-165.87985200006966,26.849735300244049],[-165.85153199990179,26.856407199632713],[-165.82334899975646,26.863515899739127],[-165.79530299963363,26.871057500203619],[-165.76741000027121,26.879028300315952],[-165.7396550000781,26.887422600173011],[-165.7120820001841,26.896245999853136],[-165.68467699994352,26.90549280035259],[-165.65745500004815,26.915157299969565],[-165.63041699964475,26.925241499695574],[-165.60357700027825,26.935735700342434],[-165.57694999994246,26.946643799571859],[-165.55052199979039,26.957956299643683],[-165.52432300030614,26.969675099926064],[-165.498351999645,26.981796300059329],[-165.47259499985927,26.994312299872888],[-165.44711300016473,27.007223100266003],[-165.42186000023875,27.020523100261016],[-165.39688100035781,27.034210199940901],[-165.37216199987631,27.048278800126695],[-165.34770199964748,27.062725100283274],[-165.32353200020157,27.077543299783599],[-165.29965199973992,27.092733400426255],[-165.27606200006119,27.108285899974419],[-165.25277700005842,27.124198899959424],[-165.22981299957019,27.140470500113622],[-165.20715299961117,27.157087299639329],[-165.18481400006598,27.174055100062958],[-165.16279600003529,27.19135860031929],[-165.14112900000327,27.209001500219188],[-165.11981199992377,27.226972599605915],[-165.09883100005052,27.245269800361143],[-165.07820100017594,27.263887399883743],[-165.05792200029998,27.282815900433604],[-165.03803999984603,27.302057300304284],[-165.01850900029007,27.321596099680391],[-164.99935900031753,27.34143640036973],[-164.98060599976699,27.361566500393849],[-164.96225000043708,27.381982799766547],[-164.94428999958373,27.402677499567119],[-164.9267120001586,27.423644999717112],[-164.90956099974028,27.444877600221218],[-164.89280699964323,27.466373399912641],[-164.87649500014408,27.488122900151836],[-164.86058000006688,27.510116599601531],[-164.84510799973432,27.532354400235533],[-164.83006300020722,27.554824799724884],[-164.81547500017103,27.577524199882077],[-164.8013150000871,27.600444799987656],[-164.78761300043953,27.623578999871086],[-164.77435299959117,27.646919300085756],[-164.76155100007853,27.670461700447277],[-164.7492070001029,27.694194800249988],[-164.73733500030994,27.718116799950508],[-164.72592200010016,27.74221610009306],[-164.71498100007301,27.766487099700043],[-164.70451400032078,27.790922200399393],[-164.69453399964428,27.815513599673011],[-164.68504299993441,27.840255700140574],[-164.67602499955402,27.865140899832795],[-164.66748000030168,27.890159600285472],[-164.65945399980217,27.915306099796794],[-164.65191700026926,27.940570799902616],[-164.64486699981211,27.965948099625223],[-164.63832100011399,27.991432200136046],[-164.63227800022946,28.017011600005503],[-164.62674000025072,28.042678799786927],[-164.62168900024707,28.068429900020021],[-164.61717199968797,28.094249700363548],[-164.61315899988784,28.120138199918131],[-164.60964999994746,28.146085700394906],[-164.60665899961307,28.172080999838442],[-164.60417200003769,28.198118199595399],[-164.60220300006833,28.224191699587436],[-164.60075399979718,28.250291799726938],[-164.59980800023894,28.276407200032395],[-164.03254700034373,28.29869650034334],[-164.03250100002106,28.333532300075717],[-164.03314199990331,28.368364300172459],[-164.0344540001519,28.40318300019544],[-164.03648400023636,28.437973000153988],[-164.03919999958023,28.47272869996965],[-164.04260300002835,28.507438699836257],[-164.04670700042766,28.542087599763079],[-164.05148300034011,28.576669699846889],[-164.05696100024988,28.611175499649733],[-164.06312600036455,28.645589799729635],[-164.06996199994626,28.679902999823753],[-164.07749900037848,28.714103700125804],[-164.0857240001624,28.748189899644274],[-164.09462000031269,28.782140699933507],[-164.10421799956094,28.815948499923479],[-164.11447100023639,28.849609400153838],[-164.12539699957179,28.883104299923673],[-164.1370089999653,28.916425699786373],[-164.14929199982586,28.949562100110995],[-164.16224700009889,28.982507700270276],[-164.17584200020806,29.015247299923089],[-164.19010899983039,29.047773399622827],[-164.2050320000267,29.080072399821518],[-164.22061199994377,29.112140699633699],[-164.23684700038868,29.143966699603652],[-164.25370800002409,29.175535200289403],[-164.2712100004411,29.206842400256733],[-164.28935199979489,29.237871199796189],[-164.30812100018395,29.268621400157656],[-164.32749899987886,29.299076100381853],[-164.34751900040146,29.329227399924719],[-164.36814900027608,29.359073599966791],[-164.38937399971024,29.388589899904105],[-164.41119399960331,29.417778000354588],[-164.43362399974771,29.446628599630287],[-164.45661899986686,29.475128199806704],[-164.48020900044494,29.503271100081349],[-164.50437899989086,29.531047800016097],[-164.52909900041846,29.558446899804721],[-164.55438199992926,29.585462599719335],[-164.5802310003603,29.612087199764574],[-164.60661300018972,29.638307600415544],[-164.63354500020151,29.664123500399342],[-164.66098000002691,29.689517999656118],[-164.68895000024224,29.714485200431795],[-164.71742200022504,29.739023199760993],[-164.74641399990608,29.763116800000489],[-164.77587899981592,29.786766100075624],[-164.80583199974691,29.809953699903474],[-164.8362729996991,29.832677799940654],[-164.86717200008766,29.854934700376248],[-164.89852900001327,29.876709000320261],[-164.93034400037524,29.898002600040115],[-164.9625699999055,29.918800399918666],[-164.99523900007972,29.939100300038945],[-165.02832000036764,29.958892799962882],[-165.06181299986997,29.978178000414516],[-165.0957029996936,29.996944399964207],[-165.12997400000003,30.015188199875695],[-165.16461200014362,30.03290179997822],[-165.19963099987066,30.050077399552492],[-165.23498499975784,30.066719100406317],[-165.27070600038152,30.082807499666501],[-165.30671699998948,30.098352399943451],[-165.34307899959609,30.113330800176414],[-165.37972999993946,30.12775610026398],[-165.41670199979737,30.141614900307559],[-165.45393399995405,30.154907200307207],[-165.49145499994822,30.167617799921686],[-165.52922100044873,30.179752300128712],[-165.56724500025649,30.191305199775286],[-165.60549899987888,30.202274300019099],[-165.6439820001691,30.212648399803925],[-165.68266299969761,30.222429299572639],[-165.72155800010154,30.231620799860195],[-165.76063499990525,30.240209599693401],[-165.79989600010023,30.248193699879494],[-165.8393100001563,30.255580900238499],[-165.8788760000273,30.262352000244732],[-165.91856400012841,30.268520399796785],[-165.95838900025208,30.274076500430283],[-165.99832199996024,30.279018400079224],[-166.03834500022151,30.283348099735178],[-166.07846100027487,30.287059799670146],[-166.11863700039717,30.290157300419196],[-166.15888999957374,30.29263690037277],[-166.19917300013378,30.294494600245741],[-166.23948700032471,30.295732499955079],[-166.2798310001005,30.29635239994343]]]},"properties":{"objectid":9350,"radii":34,"stormid":"ep122026","basin":"ep","stormnum":12,"advnum":"38","validtime":"2026091012","synoptime":"2026090512","timezone":"UTC","tau":120,"ne":120,"se":90,"sw":60,"nw":90,"idp_source":"ep122026_2026090515_forecastradii","idp_filedate":1788624164000,"idp_ingestdate":1788624266000,"st_area(shape)":8.4640839341875154,"st_perimeter(shape)":12.099208554487257,"binnumber":"CP4"}},{"type":"Feature","id":9351,"geometry":{"type":"Polygon","coordinates":[[[-166.29170199984733,29.131818800397468],[-166.30665599967458,28.965452199759341],[-166.31993100031534,28.965249999787829],[-166.33319100026438,28.96483989994158],[-166.34643600042099,28.964229600216015],[-166.35969500032394,28.963417099619619],[-166.37290999999644,28.96239469995561],[-166.38610799978429,28.961172100412227],[-166.39929199982586,28.959749200265549],[-166.41243000044409,28.958124199972019],[-166.42553699963275,28.956293100246512],[-166.43861400013591,28.954263700009903],[-166.45164500031643,28.952034000069204],[-166.46461500038188,28.949602100156937],[-166.47753900012466,28.946975700268524],[-166.49040199975241,28.944148999776644],[-166.50322000000293,28.941122100304824],[-166.51597600009225,28.937906300035877],[-166.52865600027411,28.934488299795362],[-166.5412750003409,28.930877699846121],[-166.55381799960091,28.92707250009596],[-166.56628399980667,28.923078500272709],[-166.57865900031254,28.918889999573992],[-166.5909420001731,28.91451259987673],[-166.60314900012617,28.909946400106435],[-166.61524999968765,28.905195199898685],[-166.62725800035636,28.900260900420335],[-166.63917500042584,28.895137799969632],[-166.65097000026523,28.889839200418919],[-166.66265899971299,28.8843536003385],[-166.67423999957623,28.878690699816104],[-166.68571499994721,28.872852300193642],[-166.69705200024953,28.866838500396625],[-166.70828200011414,28.860649099876184],[-166.71937600000231,28.854289999983678],[-166.73034699961426,28.847765000354627],[-166.74116500026446,28.84106830036194],[-166.75186199983136,28.834205599908671],[-166.7624210002289,28.82717899981111],[-166.77284199965848,28.819992100055515],[-166.78311200021855,28.812646899834704],[-166.79322799997215,28.805147199683688],[-166.80319199991078,28.797491100234254],[-166.81301899982691,28.789680499955239],[-166.82266200025103,28.781722999916667],[-166.8321529999609,28.773618699943199],[-166.84147600001731,28.765371299845754],[-166.85063199956704,28.756977099813469],[-166.85961900031654,28.748447399827796],[-166.86843899966001,28.739782299713511],[-166.87709000020328,28.730977999834977],[-166.8855439997557,28.722043999730943],[-166.8938450003464,28.712984099936421],[-166.90194699985409,28.703798299552034],[-166.90985100012347,28.694484700108944],[-166.9175869998401,28.685054800338889],[-166.9251099996267,28.675506600149617],[-166.93246499975984,28.665842099633323],[-166.93960599991689,28.656068800035257],[-166.94654799989021,28.646188699648917],[-166.95332300025618,28.636199999830296],[-166.9598689999543,28.626110100201117],[-166.96623200020656,28.615920999954312],[-166.97236599979098,28.605636600348987],[-166.97830200013712,28.595256799761671],[-166.98403900029956,28.584789299986369],[-166.98956299963265,28.574237799934679],[-166.99487299988897,28.563598599795682],[-166.99996900016913,28.552883100274983],[-167.00485199962,28.542087599763079],[-167.00950600020167,28.53122139994781],[-167.01396199974641,28.520282700386474],[-167.01818800037583,28.50928120026731],[-167.02218600038353,28.498212799581154],[-167.0259700004151,28.487085299946784],[-167.02954099961735,28.4759006996577],[-167.0328829999504,28.464664499866899],[-167.03601100030735,28.453378699767313],[-167.03889500020401,28.442045199626421],[-167.04156500012459,28.430669800071371],[-167.04400600027662,28.419256200013763],[-167.04621899980691,28.407808299813325],[-167.0482029995687,28.396324200101901],[-167.04997300025369,28.384811400325987],[-167.05148299974056,28.373277700305778],[-167.05278000019678,28.361719099856714],[-167.05386399982365,28.350141500330096],[-167.05468800005107,28.338550599830455],[-167.0553130000948,28.326948199699814],[-167.05567899988586,28.315339999841285],[-167.05583199974691,28.303726199904361],[-166.30000300043804,28.30000310016311],[-166.2934569998406,27.634551999575251],[-166.28033399991409,27.634752300178661],[-166.26724199961851,27.635154700029545],[-166.25415000022227,27.635759399676715],[-166.24107399976521,27.636564300102521],[-166.22801199995376,27.637569400407642],[-166.21498099977325,27.63877679960973],[-166.20194999959273,27.64018439959051],[-166.1889800004266,27.641790399907165],[-166.17602500015354,27.643598600195389],[-166.16310100041076,27.645603199827974],[-166.1502379998837,27.647804300428277],[-166.13740499984078,27.650203699741098],[-166.12461900016666,27.652801500289172],[-166.11189299966213,27.655595800006324],[-166.09922800017199,27.658582700331522],[-166.0866239998976,27.661764099733546],[-166.07406599994587,27.665140199660641],[-166.06159999974011,27.668708800371007],[-166.04917899981092,27.672468200347339],[-166.03684999962769,27.676416400396704],[-166.02458199955956,27.680555299887317],[-166.01242099992913,27.684883100175057],[-166.00033600020618,27.689393999733454],[-165.98832700039068,27.694093700264204],[-165.97643999990601,27.69897270042992],[-165.96463000027421,27.70403670013377],[-165.95292700018084,27.709280000371848],[-165.94132999957975,27.714702600244948],[-165.92982499962395,27.720304499753013],[-165.91844199989831,27.726079900067475],[-165.90718100040277,27.732030900206041],[-165.89602700044563,27.738151599716673],[-165.88500999961173,27.744445800033759],[-165.87410000011482,27.750905999912106],[-165.86331199994876,27.757533999794418],[-165.85267599959764,27.764326099869777],[-165.84214799973032,27.771282200313465],[-165.8317870003697,27.778396600322992],[-165.82154800033987,27.785673100433371],[-165.8114620001711,27.793102300031251],[-165.80151400007097,27.800687800002095],[-165.79171799978579,27.80842210000003],[-165.78207400021486,27.816305200025113],[-165.77259800029739,27.82433889962067],[-165.76326000044858,27.832515700239526],[-165.75410500004563,27.840835600083039],[-165.74510200035695,27.849292800322644],[-165.73626700032173,27.857889200326497],[-165.72759999993997,27.866619100191485],[-165.71911599990341,27.875478700281917],[-165.7108000004196,27.884469999790781],[-165.70265199968995,27.893587100064735],[-165.69468700020482,27.902830100029234],[-165.68691999995795,27.912191400412951],[-165.67932100026388,27.921670899592471],[-165.67192099985419,27.931264899555629],[-165.66468799995116,27.940973299578275],[-165.65766900002424,27.950790399757295],[-165.65083300044253,27.960714299825213],[-165.6441960001452,27.970741299971166],[-165.6377719997779,27.980867400010652],[-165.63153099975577,27.991092699768444],[-165.62548799987121,28.001411400415918],[-165.61965899996281,28.01182369980404],[-165.61402900023811,28.022321700086536],[-165.6086120004434,28.032905600013578],[-165.60339399993308,28.043569599857278],[-165.5984040000445,28.054313699617694],[-165.59361300033962,28.065132099566881],[-165.58903499966542,28.07602309998623],[-165.58468599965909,28.086978900156282],[-165.58053599983646,28.098005299804868],[-165.57661399973622,28.109092699568578],[-165.57290599961212,28.120237399636437],[-165.56942700015586,28.131437300091477],[-165.5661619997764,28.142690700315711],[-165.56311000022626,28.153991699857215],[-165.56030300028317,28.165336599804391],[-165.55770900027008,28.176723499889761],[-165.55534400002551,28.188146600385437],[-165.55319199971095,28.199605900392157],[-165.55128499990275,28.211099600366424],[-165.54959100002455,28.222618100045452],[-165.5481409997073,28.234159500061025],[-165.54690600031159,28.245723699689108],[-165.54589799969284,28.257305099750681],[-165.54513499958048,28.268899899710732],[-165.54458600034357,28.280504200108908],[-165.54428099976823,28.292116199603072],[-165.35522500033343,28.304010400060065],[-165.35539199994076,28.318529100137994],[-165.35585000037713,28.333042100312809],[-165.35656700016685,28.347545600049557],[-165.35758999967865,28.362035799712544],[-165.35890199992727,28.376506799749166],[-165.36050400005948,28.390956900440756],[-165.36238100028285,28.405378300168536],[-165.36456300018224,28.419771200380751],[-165.3670200001728,28.434125900090351],[-165.36975100020842,28.448442500021486],[-165.37278699992004,28.462715099722232],[-165.37608299993042,28.476938199838173],[-165.37968399961682,28.491107900009695],[-165.3835600002937,28.505220399701841],[-165.38771100016245,28.519271900178182],[-165.39213600007628,28.53325840035501],[-165.39685099987366,28.547172499711223],[-165.40185500040786,28.561014200045463],[-165.40710399964979,28.574775699738893],[-165.41265900041245,28.58845329988003],[-165.41845699979064,28.602045100201337],[-165.42454499995171,28.615545300075667],[-165.43089300041157,28.628948199599847],[-165.43751500001716,28.64225390039735],[-165.44441199971394,28.65545650021744],[-165.45155299987096,28.668546700070294],[-165.45895400032677,28.681531899577635],[-165.46662899992833,28.694395099754217],[-165.47454799999014,28.707141899779003],[-165.48272700035071,28.719762800113301],[-165.49115000027223,28.732255899590257],[-165.49983200044639,28.744621299833284],[-165.5087590002276,28.756847399587969],[-165.51794400021535,28.76893810011336],[-165.52734400022536,28.780883800247352],[-165.53700299958868,28.792682599722355],[-165.54688999957375,28.804330799626825],[-165.55700700027276,28.815826399868627],[-165.56735199979488,28.82716750018011],[-165.57792700003094,28.838342699855843],[-165.58872999998943,28.849355699606008],[-165.59973100008551,28.860202799619628],[-165.61097699978862,28.870878200168931],[-165.62242099962936,28.881380099911837],[-165.63407900034551,28.891702700019721],[-165.64595000009234,28.901842100132967],[-165.6580200000229,28.911800400168488],[-165.67027300029864,28.921571699674359],[-165.68275500034292,28.931154299831235],[-165.69540399999454,28.940545999998051],[-165.70823700003746,28.949735600018073],[-165.72125200037942,28.958726900426257],[-165.73446700005192,28.967521699866722],[-165.7478490002311,28.976110499699928],[-165.76139800001761,28.984491299833792],[-165.77511600040302,28.992664299917635],[-165.78900100039579,29.000619899688786],[-165.80302399955787,29.008365600392267],[-165.81722999996444,29.015895800151213],[-165.8315890002321,29.023204799961718],[-165.84605399999202,29.030290599731529],[-165.86068700030475,29.037155199552956],[-165.87545799978679,29.043794600140814],[-165.89036600019068,29.050205199710319],[-165.90539599992539,29.05638309970044],[-165.92053200005168,29.062332199571472],[-165.93580600024663,29.068044700402766],[-165.95118699998,29.073522599588443],[-165.96668999994347,29.078765899826578],[-165.98228499965293,29.083768799590587],[-165.99798599975401,29.0885315003286],[-166.01376299976255,29.093050000057588],[-166.02964800025492,29.097326299769065],[-166.04559299991695,29.101358400270101],[-166.06163000022426,29.105146399586829],[-166.07775900027755,29.108684499790002],[-166.09394800039982,29.111976600339972],[-166.11018399999153,29.115018799977804],[-166.12649500034391,29.117809300059321],[-166.14286799995816,29.120349900127906],[-166.15927100005652,29.122638699916195],[-166.17571999957823,29.124677700415702],[-166.19221500032194,29.126461000275071],[-166.20873999975112,29.127990700310704],[-166.22529599971054,29.129264800430349],[-166.24186700036171,29.13028529982688],[-166.25846899974445,29.13105010038197],[-166.27508499977284,29.13156319958216],[-166.29170199984733,29.131818800397468]]]},"properties":{"objectid":9351,"radii":50,"stormid":"ep122026","basin":"ep","stormnum":12,"advnum":"38","validtime":"2026091012","synoptime":"2026090512","timezone":"UTC","tau":120,"ne":50,"se":40,"sw":0,"nw":40,"idp_source":"ep122026_2026090515_forecastradii","idp_filedate":1788624164000,"idp_ingestdate":1788624266000,"st_area(shape)":1.4049276156242312,"st_perimeter(shape)":5.3734145977002781,"binnumber":"CP4"}}]}