{"type":"FeatureCollection","features":[{"type":"Feature","id":17551,"geometry":{"type":"Polygon","coordinates":[[[-98.891044599728389,13.698177299642794],[-98.900009200164334,12.700000800296834],[-99.923179600258266,12.689327200190291],[-99.92279819957713,12.671911200141892],[-99.922111499745824,12.654501900042817],[-99.921104400247771,12.637108800331021],[-99.919784500354297,12.619734800420815],[-99.918159500060767,12.602387399758811],[-99.916229199717691,12.585068700060617],[-99.91397860043196,12.567785299651973],[-99.911430400192728,12.550543799556863],[-99.908569299733301,12.533347100088747],[-99.905403099773139,12.516202900343728],[-99.901931800312241,12.499114999957442],[-99.898155199902476,12.482088099686166],[-99.894073499991919,12.465128900378602],[-99.889694200027236,12.448241199871632],[-99.885009799662441,12.431431799737879],[-99.880035400313375,12.414702399696125],[-99.874755899664933,12.398061799612492],[-99.869178799861629,12.3815136003725],[-99.863304100004086,12.365062699683961],[-99.857147200083091,12.348713899926679],[-99.850700400103278,12.332472800279675],[-99.843956000069227,12.3163433002033],[-99.83693700014237,12.300332099646823],[-99.829628000331866,12.284441900173704],[-99.822029099563167,12.268679599584004],[-99.814163199971574,12.253047900340448],[-99.806014999592435,12.237553600418437],[-99.797592200219754,12.222198500260731],[-99.788902300400764,12.206990200037865],[-99.779937699964762,12.191932699934284],[-99.77070619963132,12.177029599936247],[-99.761215199921423,12.162285800449467],[-99.751464799760583,12.147706000431697],[-99.741447399877529,12.133293200021285],[-99.73118589970943,12.119054799739331],[-99.720664999989651,12.104993799724241],[-99.709899900160167,12.091113100289476],[-99.698890700045695,12.077416400346749],[-99.687637299821404,12.063909499623833],[-99.676147500206866,12.050598099822594],[-99.664421099753838,12.037483200089753],[-99.65246580025638,12.02457050032848],[-99.640281699740569,12.011862800128256],[-99.627868700180272,11.999364900070248],[-99.615249600288735,11.987079599743879],[-99.602401700278165,11.975010900232974],[-99.589347799761072,11.963162399725093],[-99.576080300365447,11.95153999957148],[-99.562614399734684,11.940141699679828],[-99.548950200391346,11.928976999588997],[-99.535079999642164,11.918047000069123],[-99.521026599797665,11.907352399893455],[-99.506782499612541,11.896900200284165],[-99.492355300156873,11.886692000235769],[-99.477752699627274,11.87673089971139],[-99.462974500172948,11.867020600320586],[-99.448020899644689,11.857562100310815],[-99.432907100182433,11.848359100392315],[-99.417633099987484,11.839415599850213],[-99.402198800134443,11.830734300247912],[-99.386619599714663,11.822316199832869],[-99.370887799632158,11.814165100039475],[-99.355018600228107,11.806283000060546],[-99.339004500257374,11.798671700338843],[-99.322868300231789,11.791335100334777],[-99.306594799810057,11.78427410026967],[-99.290206900228156,11.777489700189676],[-99.273696899692084,11.770986599951755],[-99.257072400171012,11.764765699777342],[-99.240348799857145,11.758829099583409],[-99.223518399654324,11.753176700444499],[-99.206581099737889,11.747813200418989],[-99.189559900269103,11.742737800009593],[-99.172454800348646,11.737954100101774],[-99.155258199805985,11.733461400123645],[-99.137992900052211,11.729262399840025],[-99.12065120019264,11.725359000417654],[-99.103248600042775,11.721748399569094],[-99.085777299782478,11.718438100338176],[-99.068260199748295,11.715423599819417],[-99.050682099599101,11.712709400018923],[-99.033065799846668,11.710293800318766],[-99.015403700320405,11.708177600216231],[-98.997711200111723,11.706363700024895],[-98.979988099571017,11.704851200422695],[-98.962242099593141,11.703640900007656],[-98.944473300002699,11.702733000227909],[-98.926689100421527,11.702126500138036],[-98.908904999765809,11.701824200226781],[-98.891113299838821,11.701824200226781],[-98.873321500087059,11.702127500184133],[-98.855544999601932,11.702733000227909],[-98.837783800182137,11.703640900007656],[-98.820030200033614,11.704852099744755],[-98.802307100392284,11.706364600246218],[-98.784614600183545,11.708177600216231],[-98.766952499757963,11.710293800318766],[-98.749328599834939,11.712709400018923],[-98.731758099856336,11.715424500040797],[-98.714233399651562,11.71843910038433],[-98.696762100290584,11.721749299790474],[-98.679359400315946,11.725359000417654],[-98.662017800281149,11.729263300061405],[-98.644752499628055,11.733463300391122],[-98.627563500155304,11.737955100147872],[-98.610450700239539,11.74273970027707],[-98.593429599696151,11.747814199565767],[-98.576507599945671,11.753178599812657],[-98.559669499747542,11.758830999850886],[-98.542938200337574,11.76476760004482],[-98.526313799741956,11.770988500219232],[-98.509811400275794,11.777491599557834],[-98.493415799799209,11.784275999637828],[-98.477150000272218,11.791336100380875],[-98.461006200075985,11.798674599753099],[-98.444999700275844,11.806284900328023],[-98.429130599797247,11.81416800035305],[-98.413398699889967,11.822319000321727],[-98.397811900198917,11.830736199616069],[-98.382385300341241,11.839418400339014],[-98.367103600150926,11.848361999806571],[-98.351997399959942,11.857563999678973],[-98.337043800331003,11.867022499688744],[-98.322265599977356,11.876733800024965],[-98.307663000347077,11.886694899650024],[-98.29323579999209,11.896902999873703],[-98.278991699807023,11.907356300253184],[-98.264930699791876,11.918049799658661],[-98.251075700283252,11.928979899902572],[-98.237396199874638,11.940145500214783],[-98.223938000138503,11.951541899838958],[-98.210670499843616,11.963166200260048],[-98.197616600225842,11.975013699822512],[-98.184776300385863,11.987083400278834],[-98.172142000153087,11.999367699659729],[-98.159736599864118,12.011866599763891],[-98.147552500247571,12.024574299964115],[-98.135597199850793,12.037486999725388],[-98.123878500292449,12.050602000182323],[-98.112380999783227,12.06391530025104],[-98.101127599558993,12.077420199982384],[-98.090118400343783,12.091115999703788],[-98.079353299614979,12.104997600259196],[-98.068840000065848,12.119058600274343],[-98.058570899727158,12.133298899924455],[-98.048561100014638,12.147709800067332],[-98.038803099683207,12.1622906001312],[-98.029312099973311,12.177033399571883],[-98.020080599639869,12.19193649956992],[-98.011123700098608,12.206994999719598],[-98.002426100284197,12.222203299942464],[-97.994003300012196,12.237557400054129],[-97.985855099633056,12.253052700022238],[-97.977989200041463,12.268682499897579],[-97.970390300172141,12.284446699855437],[-97.963089000357002,12.300335900181778],[-97.956054700264133,12.316348099885033],[-97.949325600396037,12.332477599961408],[-97.942871100420859,12.348717699562314],[-97.936706499605179,12.365066500218973],[-97.930839499743001,12.381517400008136],[-97.925270099935062,12.398066500368827],[-97.919990500361223,12.414707200277235],[-97.915008499942246,12.431435600272891],[-97.910324099577451,12.448245999553365],[-97.905944799612712,12.465133700060335],[-97.901863099702211,12.482093799589336],[-97.89808650019171,12.499119799639175],[-97.894622800002139,12.516207700025461],[-97.891448999871329,12.53335189977048],[-97.888588000135996,12.550547600091818],[-97.88603970007199,12.567790000408309],[-97.883796700057587,12.585072499696253],[-97.881858800443183,12.602391200293823],[-97.880233800149654,12.619740500323985],[-97.87891390025618,12.637114500234134],[-97.877914400029454,12.65450759994593],[-97.877220199852218,12.671915099602302],[-97.876838700245742,12.689331999872024],[-97.876770000135309,12.706752799602157],[-97.877014200245071,12.724172600185511],[-97.877563499855512,12.741584799698899],[-97.878433200032077,12.758985499581286],[-97.879608200258133,12.776368099708179],[-97.881095900155572,12.793728800443944],[-97.882888800277783,12.81106190008677],[-97.884994499896152,12.828361499983373],[-97.887412999909941,12.845621099834034],[-97.890144300319093,12.862839699592598],[-97.893180800053756,12.88000679967422],[-97.896514899842657,12.897121400032745],[-97.900161700202204,12.914175000276202],[-97.90412139988257,12.93116470009096],[-97.908378599792456,12.948084799573962],[-97.912940999927116,12.964928599675261],[-97.91780090029124,12.981692299859901],[-97.922965999980818,12.998372099592871],[-97.928420999729269,13.014961199999505],[-97.934181199702493,13.031454099926918],[-97.940231299734592,13.047846800089872],[-97.94658659999152,13.064133599685988],[-97.953224200136617,13.080310799803726],[-97.960151700340589,13.096371699594386],[-97.967361500432787,13.112311399551572],[-97.97486879985513,13.128127100085749],[-97.982650799894373,13.143812200173045],[-97.990714999997124,13.159362800353108],[-97.999061599812876,13.174773199823449],[-98.00768280042081,13.190039599847807],[-98.016570999851638,13.205157299669793],[-98.025733899899478,13.2201203997368],[-98.03516390039357,13.234925300062685],[-98.044860799885896,13.249567999563681],[-98.05482479982453,13.264042899959975],[-98.065040600043574,13.278346099992632],[-98.075508099818876,13.292472799979862],[-98.086242700040486,13.306419399935521],[-98.0972136996524,13.320181799850332],[-98.10843660026876,13.333754500370048],[-98.119903600270845,13.34713460028172],[-98.131614699658542,13.360317200078839],[-98.143554699889364,13.373298599950544],[-98.155723600063993,13.386074100039821],[-98.168129000352963,13.398640600383544],[-98.180755599691054,13.410994500096251],[-98.193603499701624,13.423131899717532],[-98.206672700384729,13.435048100289748],[-98.219947799950887,13.446740199700571],[-98.23343660001899,13.458203300242246],[-98.247123699698875,13.469436599719415],[-98.261024499880648,13.480435400073816],[-98.275108300407624,13.491194700175413],[-98.289390600195929,13.5017118002595],[-98.303863499600709,13.511985800104753],[-98.318511999728912,13.522011800204552],[-98.333351100372909,13.531786000023999],[-98.348358199770985,13.541306500194992],[-98.363533000247685,13.550570500228559],[-98.37887569965369,13.559573200442969],[-98.394370999621856,13.568314599938958],[-98.410034200317966,13.576790800155436],[-98.425834699611585,13.584999100428263],[-98.441795299813123,13.592936499719826],[-98.457885700064878,13.600601200285325],[-98.474121099808826,13.607991200233869],[-98.490478499782853,13.615103699975919],[-98.506973299977687,13.621935800097219],[-98.523574800236759,13.628487600422545],[-98.540306099646671,13.634753199600596],[-98.557144199844856,13.640734700246355],[-98.574089099931939,13.646428100376681],[-98.591125499741906,13.651832599594911],[-98.608268700340147,13.656946199607546],[-98.625495900315457,13.661767000147051],[-98.64280699984306,13.666293100046687],[-98.660201999822334,13.670524600030433],[-98.677665699912041,13.674459500006037],[-98.695198100112123,13.678095799881419],[-98.712791399703235,13.681432700159121],[-98.730453500128817,13.684470199939938],[-98.748161299604192,13.68720630003088],[-98.765914899752715,13.689641000431948],[-98.783714299675069,13.691772499801175],[-98.801536599934025,13.69360160033375],[-98.819396999971445,13.695126499788273],[-98.837287899616797,13.696346299742061],[-98.855194100327367,13.697261799692455],[-98.8731231995759,13.69787120009596],[-98.891044599728389,13.698177299642794]]]},"properties":{"objectid":17551,"radii":34,"stormid":"EP182026","basin":"ep","stormnum":18,"advnum":26,"synoptime":"2026092718","timezone":"UTC","ne":60,"se":60,"sw":60,"nw":0,"idp_source":"EP182026_radii","idp_filedate":1791040084000,"idp_ingestdate":1791040150000,"st_area(shape)":2.3959777945939988,"st_perimeter(shape)":6.7642578611114885,"binnumber":"EP3"}},{"type":"Feature","id":17552,"geometry":{"type":"Polygon","coordinates":[[[-99.481987000099878,14.796353299665213],[-99.518035899836832,14.796353299665213],[-99.554061900136503,14.795738200257858],[-99.590072600270162,14.794514699593833],[-99.626052899721458,14.79267310028348],[-99.661994899744741,14.7902230997164],[-99.697876000376993,14.787161800276976],[-99.73371119961206,14.783488299945247],[-99.76947020018946,14.779206300330657],[-99.805137600319881,14.774317699902042],[-99.840713499828041,14.768820799840171],[-99.876182600346624,14.76272010035251],[-99.911537200081625,14.756015800189175],[-99.946754500319855,14.748712500281783],[-99.981841999608491,14.740810400279884],[-100.01678500032739,14.732311199902085],[-100.05154399975567,14.723220799600369],[-100.08615100026833,14.713539100449282],[-100.1205670000669,14.703270900331916],[-100.15479300009679,14.692418100415125],[-100.18880500015052,14.680984500334546],[-100.22260999965164,14.668973899725813],[-100.2561870003297,14.656390199847976],[-100.28952800001707,14.643235200244419],[-100.32263199956702,14.629517600057341],[-100.35546099992513,14.615237199637193],[-100.38803900039943,14.600400000159993],[-100.42033400041367,14.585011500080782],[-100.45233899964501,14.569076499980611],[-100.48405499993822,14.552599000043983],[-100.51545700014037,14.535583499578991],[-100.54655499981328,14.518036800158313],[-100.57731600013318,14.499963800389196],[-100.607742000293,14.48136999962594],[-100.63782499992368,14.462263099662437],[-100.66755699955576,14.442645099691731],[-100.69692200025003,14.422524500105737],[-100.72591399993104,14.401909800397107],[-100.7545239999825,14.380802200261485],[-100.7827450000816,14.359211899809452],[-100.81056999990545,14.337143900170986],[-100.83798999993843,14.314606699939361],[-100.8649900003881,14.291606900138447],[-100.89156300003231,14.268151299642909],[-100.91770899977041,14.244247399697883],[-100.94342000013279,14.219902000077354],[-100.96868100042775,14.195122700052707],[-100.99348400028629,14.169917099794475],[-101.01782999975461,14.144293800418666],[-101.04170199984731,14.118261299619405],[-101.06509400028779,14.091825499647257],[-101.08800500013058,14.064996700437518],[-101.1104199995832,14.037780799744269],[-101.1323390004444,14.010189100246919],[-101.15375499969338,13.982228300096097],[-101.17465999965918,13.953907999554701],[-101.19504499992672,13.925235699867812],[-101.21490500026545,13.896222100269824],[-101.23424500000664,13.86687370016125],[-101.25304399998049,13.837202099897127],[-101.27130100014097,13.807214699998553],[-101.28901699963473,13.776922199699868],[-101.30617500037584,13.746331200024997],[-101.32278400008141,13.715454099926887],[-101.33882899985838,13.684299499622341],[-101.3543010001909,13.652875900402591],[-101.3692170000644,13.621194800100056],[-101.38354499980181,13.589265799876898],[-101.39730100014094,13.557097400125031],[-101.41046900034399,13.52469829998671],[-101.42305799992664,13.492081599886092],[-101.43505099990364,13.459254300145972],[-101.44644900032102,13.426230399613416],[-101.45725300032558,13.39301590036365],[-101.46746099982516,13.35962390012304],[-101.47705799992667,13.326062199610988],[-101.48605300014572,13.292343099754362],[-101.49443800011352,13.258476299741574],[-101.50221299982996,13.224471999683203],[-101.50937700014833,13.190341000436945],[-101.51593000016925,13.156091699872206],[-101.52186599961607,13.121738399907372],[-101.52717599987238,13.087287900316483],[-101.53186800040777,13.052753400449205],[-101.53594999979254,13.018143700171777],[-101.5394059999868,12.983469999640931],[-101.54223600009124,12.948740999797451],[-101.54444100015195,12.913971900083254],[-101.5460359999613,12.879169500272383],[-101.54699700021126,12.844345999668292],[-101.54733300041755,12.809511199982012],[-100.86475400029678,12.784871099721613],[-100.86421199958403,12.761650099972258],[-100.86325100023339,12.738442400296663],[-100.8618850001925,12.715252900201335],[-100.86009999971509,12.69209189962163],[-100.85790300002333,12.668963399641314],[-100.85528599984889,12.645875899753094],[-100.85226399988358,12.622838000173715],[-100.84883099985069,12.599853499639437],[-100.84498599970402,12.576932000211798],[-100.840729000343,12.554079100170497],[-100.83606700029173,12.531301500364066],[-100.83100099959637,12.508605999667282],[-100.82553900042444,12.486001000445924],[-100.81966400019337,12.463492399554752],[-100.8133929996871,12.441087700037485],[-100.80671700028921,12.418793699869468],[-100.79966000040861,12.396614999982376],[-100.79219100041422,12.374560400242387],[-100.78434800025991,12.352635400003862],[-100.77610000031467,12.330848700207468],[-100.76747099988665,12.309204099589635],[-100.75846900024408,12.287711100387128],[-100.74907699970368,12.266372700040222],[-100.73930399957982,12.245198200236871],[-100.7291560001492,12.224194499676571],[-100.71863599975148,12.203365299968766],[-100.70775599983943,12.182718300209501],[-100.6965100001363,12.162260099624064],[-100.68489799974282,12.141995399867938],[-100.67292799992714,12.121931999862056],[-100.66059899974397,12.102076499730799],[-100.64792599988488,12.082431799787855],[-100.63490300007328,12.063005400379041],[-100.62154400005545,12.043804200203795],[-100.60783400003896,12.024834599737119],[-100.59379600018514,12.0060996998414],[-100.57942999959471,11.987606999963191],[-100.56473500002011,11.969362299830436],[-100.54972100012395,11.951368300107106],[-100.53438599981394,11.933633799760173],[-100.5187449997818,11.916162500399196],[-100.50280000011981,11.898961100174745],[-100.4865420004129,11.882032399575735],[-100.46999399992308,11.865383100349959],[-100.45314800008003,11.849018100205285],[-100.43602800019198,11.832942000073388],[-100.41861000005139,11.81716059968204],[-100.40092500018852,11.801676800244252],[-100.38296500023449,11.786497100261101],[-100.36473799965887,11.771624599695656],[-100.34626000009882,11.757064799700856],[-100.32751499991718,11.742821699561944],[-100.30852500012855,11.728898999988985],[-100.28929099987965,11.715302499810662],[-100.2698210004387,11.702035899737098],[-100.25012200032995,11.689101199860602],[-100.23019399955336,11.676504100084287],[-100.21004500027647,11.664248499868506],[-100.18968200012409,11.6523370998774],[-100.16911300036458,11.640774699792701],[-100.14834599956811,11.6295624003846],[-100.12738000038661,11.618706700154235],[-100.10623200000668,11.608209600093119],[-100.08490000013478,11.598072999569411],[-100.06338499991773,11.588302600284919],[-100.04170200004717,11.578896500173471],[-100.01985899999278,11.569864300397285],[-99.997863799574588,11.561202999918635],[-99.97571560019469,11.552917500042724],[-99.953422500248109,11.545011499681095],[-99.930992099905382,11.537485099557841],[-99.908439600407121,11.530342100207918],[-99.885765099779405,11.523583400054008],[-99.862968400171439,11.517212900355219],[-99.840064999599974,11.511229500341301],[-99.817054700214157,11.505638100418139],[-99.793952900206079,11.500438699686356],[-99.770767199746388,11.495632200166028],[-99.747497599734345,11.491222399694152],[-99.724151599616505,11.487209300069253],[-99.700737000112383,11.483593900438279],[-99.677261399593817,11.480376199901855],[-99.653732300205377,11.477559999894197],[-99.630165100139152,11.475143400147942],[-99.606552100299098,11.473129300077289],[-99.58290859995185,11.471517599857464],[-99.559242200167319,11.470308300387899],[-99.535552999870959,11.469502399915939],[-99.511856099579234,11.469099000018957],[-99.488159200186828,11.469099000018957],[-99.464454699724513,11.469502399915939],[-99.440772999774026,11.470309300433996],[-99.417106599989495,11.471517599857464],[-99.393455500370919,11.473130200298669],[-99.36985019962691,11.47514440019404],[-99.34627529956532,11.477560999940351],[-99.322753900172245,11.480377199947952],[-99.299278299653679,11.483593900438279],[-99.275863600324783,11.487210300115407],[-99.252517700031717,11.491223299915475],[-99.229248000194957,11.495634100433506],[-99.206054699564618,11.500439599907736],[-99.182960499727187,11.505639099564917],[-99.159950300166145,11.511231399709459],[-99.137046799769905,11.517214799723376],[-99.114250199986657,11.523585300321486],[-99.091568000262896,11.530343999576075],[-99.069015499865316,11.537486999825319],[-99.046585100421964,11.545014399994727],[-99.024291999576008,11.55292129967836],[-99.002151500191474,11.561204900186112],[-98.980148300303711,11.569866199765443],[-98.958305400074039,11.578899399587783],[-98.936630200023615,11.588303600331017],[-98.915115400355319,11.598074899836888],[-98.893783600132963,11.608212500406694],[-98.87262729990988,11.61871049978987],[-98.851669300197955,11.629566200020236],[-98.830894499581404,11.640776600060178],[-98.810333299641968,11.652339900366258],[-98.78997040021369,11.664252300403462],[-98.76982120038798,11.676507899719923],[-98.749893199611392,11.689105000395614],[-98.730194099677874,11.70203970027211],[-98.710723899688105,11.715306300345617],[-98.69149019981279,11.728903799670775],[-98.672493000051816,11.742825500096899],[-98.653762800013112,11.757068600235868],[-98.635269199913523,11.771628400230611],[-98.617050199706853,11.786500899896737],[-98.599090599951126,11.801680599879944],[-98.58140560008826,11.817164400217052],[-98.563995399767805,11.832945799709023],[-98.546859700414757,11.849022899887075],[-98.530021700041345,11.865387900031692],[-98.513465899731386,11.882037200156788],[-98.497222899816848,11.89896580003176],[-98.481262199790592,11.916167300080986],[-98.465621900330348,11.933639499663343],[-98.45028690002033,11.951373099788839],[-98.435279799722878,11.969366100365392],[-98.420585599645619,11.987612699866361],[-98.406211899959089,12.006105399744513],[-98.392181399551873,12.024839400318228],[-98.378478999705976,12.043810800328288],[-98.365112299692782,12.063011200106928],[-98.352088899682883,12.082436600368965],[-98.339416499671643,12.102080300265754],[-98.327094999834287,12.121938699811267],[-98.315116899824943,12.142000200449047],[-98.303512600326144,12.162264800380399],[-98.29225920010191,12.182724000112671],[-98.28137210004229,12.203370999871879],[-98.270851099598474,12.224200199579684],[-98.260711700384547,12.245205900232236],[-98.250946000057752,12.266379399989432],[-98.241554299890936,12.287715900068861],[-98.232536300409834,12.309210800438223],[-98.223907499631309,12.330854400110638],[-98.215675399699819,12.352642099953073],[-98.207817100278874,12.374566100145557],[-98.200363199901631,12.396620799710263],[-98.193298300376171,12.418799399772638],[-98.186622599553232,12.441093399940598],[-98.180351299572692,12.463499100403283],[-98.174476599715206,12.486008599717252],[-98.169006299800799,12.508612599791775],[-98.163948099824836,12.531307200267236],[-98.159278899801279,12.55408480007361],[-98.155036900232631,12.576937700114911],[-98.151191700436527,12.599860199588704],[-98.147750899684183,12.622843700076828],[-98.144729600290702,12.645882599702361],[-98.142120399936402,12.668970099590581],[-98.139915499700464,12.69209770024878],[-98.138137799919434,12.715258600104448],[-98.13676450008154,12.738448100199776],[-98.135810900352681,12.761655799875427],[-98.135269200013454,12.784876799624726],[-97.452682499897378,12.809519800198757],[-97.453018199730025,12.844354599885037],[-97.453979500353569,12.879178999811131],[-97.455574000139904,12.91398139962206],[-97.457778900375843,12.948752399603677],[-97.460617099599347,12.983478500032902],[-97.464073199618383,13.018153199710525],[-97.468147300257613,13.052761999766631],[-97.472839399718396,13.087296499633908],[-97.478164700140724,13.121747000124117],[-97.484092700117912,13.156101200310275],[-97.490638699816031,13.19034959975437],[-97.4978027001344,13.224480599899891],[-97.505577100003052,13.258485800179699],[-97.513969399767859,13.292351699971107],[-97.522964499811735,13.326070799827676],[-97.532562300309792,13.359632500339785],[-97.542770399634151,13.393024399856301],[-97.553565999970829,13.426238999830105],[-97.564971900033072,13.45926379968472],[-97.576965300208315,13.49209020010278],[-97.589546199597351,13.524706800378681],[-97.602722200169296,13.557105100120395],[-97.616470299964249,13.589273499872263],[-97.630813599867622,13.621204400362899],[-97.645713799552084,13.652885399941397],[-97.661193800253557,13.684308099839086],[-97.677238499656937,13.715462700143632],[-97.693847699911316,13.74634080028784],[-97.711006199776193,13.776929899695233],[-97.728721600321478,13.807222399993918],[-97.746978800131444,13.837209700067717],[-97.765785199727077,13.866882300377995],[-97.785110500049427,13.896229700440472],[-97.80497739998691,13.925244300084501],[-97.825370799922382,13.953916499946672],[-97.846267699694465,13.982236900312841],[-97.867690999639819,14.010196700417509],[-97.889602699804641,14.037788399914859],[-97.912025499976721,14.065003400386729],[-97.934928899648924,14.091833099817848],[-97.958328199886409,14.118267999568673],[-97.982193000006816,14.144301399689994],[-98.006538399627345,14.169923799743685],[-98.031349200205341,14.19512839995582],[-98.05660249960556,14.219907799805242],[-98.082313499967938,14.24425320032509],[-98.108459499706044,14.26815799959212],[-98.135032699899057,14.291613600087715],[-98.162033099647715,14.314613300063911],[-98.189453099680691,14.337150600120253],[-98.217277499656802,14.359217599712622],[-98.245498700304665,14.380807900164598],[-98.274108900005615,14.401914600078896],[-98.303108200383065,14.422531100230231],[-98.332473800025753,14.442649800448066],[-98.362197900012973,14.462267900243546],[-98.39228820034009,14.481375700428373],[-98.422714199600534,14.499968500246212],[-98.453476000317039,14.518041599840103],[-98.484565700146845,14.535590200427521],[-98.515968300196789,14.552603699900942],[-98.547683699742834,14.569082299708498],[-98.579696700242437,14.585017199983952],[-98.611984299735525,14.600404700017009],[-98.644561800186807,14.615242000218302],[-98.677398700189769,14.629520399646879],[-98.710494999744355,14.643238999880055],[-98.743835399583929,14.656394000382932],[-98.777412400261937,14.668976800039445],[-98.811218299984432,14.680986399702704],[-98.845237699660004,14.692421900050761],[-98.879455600395545,14.703272799700073],[-98.913879400014196,14.713541999863537],[-98.948478699632176,14.723223699913945],[-98.983253500148805,14.732315100261815],[-99.018180799604124,14.740813299694139],[-99.053268399616854,14.748714399649941],[-99.088493300025675,14.756017699557333],[-99.123840299590029,14.762721100398608],[-99.159309400108611,14.768822700107648],[-99.194892899787419,14.774317699902042],[-99.230560299917784,14.779208199698814],[-99.266311599600556,14.783490200212725],[-99.302146899559659,14.787161800276976],[-99.338035600362559,14.7902230997164],[-99.373977700210617,14.792674999651638],[-99.409957899837082,14.794514699593833],[-99.445968599970797,14.795738200257858],[-99.481987000099878,14.796353299665213]]]},"properties":{"objectid":17552,"radii":34,"stormid":"EP182026","basin":"ep","stormnum":18,"advnum":26,"synoptime":"2026092800","timezone":"UTC","ne":120,"se":80,"sw":80,"nw":120,"idp_source":"EP182026_radii","idp_filedate":1791040084000,"idp_ingestdate":1791040150000,"st_area(shape)":9.2851924630333365,"st_perimeter(shape)":11.906774480980747,"binnumber":"EP3"}},{"type":"Feature","id":17553,"geometry":{"type":"Polygon","coordinates":[[[-100.18801100040724,14.430903399972067],[-100.2059860001537,13.765452400108302],[-100.2179339998541,13.765249299915411],[-100.22988899987735,13.764841999658699],[-100.24182900010817,13.764233600200612],[-100.2537609999701,13.763419200236058],[-100.26567099971675,13.762404399843319],[-100.27756499962493,13.761187600027881],[-100.28942899994831,13.759768500416101],[-100.30127000011032,13.758147199933489],[-100.31307999974211,13.756325699571505],[-100.32485999978906,13.754303000183427],[-100.33659400041267,13.752080900413375],[-100.34828199981433,13.749659500086011],[-100.35993999963119,13.747039800146808],[-100.37153600018615,13.744222600093053],[-100.38308699956525,13.741208099574294],[-100.39456900025908,13.73799800010778],[-100.40599800030736,13.734593399765743],[-100.41737399971021,13.730996099890262],[-100.42867300005878,13.727204300038579],[-100.43990299992339,13.723220799800231],[-100.45105699988056,13.719047500342015],[-100.46213499993019,13.714686399957543],[-100.47314500044132,13.710135500353203],[-100.48405499993822,13.705399499587372],[-100.494881000058,13.70047950022888],[-100.50562299990145,13.695375399755051],[-100.51626599967602,13.690089200056661],[-100.52681000028122,13.684622799602664],[-100.53726200024101,13.678979900002503],[-100.5476069997631,13.673158600089437],[-100.55783800032333,13.667161900001815],[-100.56796999991548,13.66099260022844],[-100.57798799964638,13.654651600091427],[-100.58788300000037,13.648142799950392],[-100.59766399959381,13.641466099980676],[-100.60732299985648,13.634624500320569],[-100.61685200041939,13.627618799568097],[-100.62625100038326,13.62045289988157],[-100.6355290001631,13.61312769968373],[-100.64466899987434,13.605647100233625],[-100.65367100041624,13.598010999907842],[-100.66253700008241,13.590223299965487],[-100.67126499967986,13.582285899774604],[-100.67984000031566,13.574202500045487],[-100.68827099970679,13.565974199749633],[-100.69655599955962,13.557603800275274],[-100.70468100012795,13.549093200091249],[-100.71266200035092,13.540446299557232],[-100.72047399997501,13.531664800190526],[-100.72814200015307,13.522751800155618],[-100.73564099973225,13.513710000116532],[-100.7429660002806,13.504542400211733],[-100.75013700002245,13.495251700205927],[-100.75713299978798,13.485840800412745],[-100.76396199994622,13.476311700025065],[-100.7706150000821,13.466668099753122],[-100.77709999966515,13.456912999735266],[-100.78340099975622,13.447049099736319],[-100.78952799991714,13.437079399894515],[-100.79547900005571,13.427006699799506],[-100.80124699984907,13.416835800032288],[-100.80682399982766,13.406567599914922],[-100.8122180003603,13.396206900028574],[-100.81742100017891,13.385754599695133],[-100.82244099965231,13.375216500441297],[-100.82727100025636,13.364595400057794],[-100.83190199977736,13.353892300389475],[-100.83634899980638,13.343112000218753],[-100.84059899974392,13.332258200255865],[-100.84465799986668,13.321334799961164],[-100.84851100038225,13.310343699602186],[-100.85216499981482,13.299287800391824],[-100.85562100000902,13.288172699710458],[-100.85888700043461,13.276999500126976],[-100.86194600030757,13.265772799874981],[-100.86479899967401,13.254496600038181],[-100.86745499984829,13.24317360038151],[-100.86990400036922,13.231806800143829],[-100.87214700038368,13.220398899989391],[-100.87419100021441,13.208955800370006],[-100.87602999958472,13.197480200151233],[-100.87765499987825,13.185974100324586],[-100.87907399966525,13.174443199893915],[-100.88028699984505,13.162889499850678],[-100.88129400041771,13.151315699959696],[-100.88209499958447,13.139727599948912],[-100.88268299972054,13.128128100131846],[-100.88307199967295,13.116519900273317],[-100.8832469996492,13.104906999658454],[-102.59104199958853,13.068658800263563],[-102.58992000000791,13.028034200318245],[-102.58806599994585,12.987434400077632],[-102.58550299956369,12.94687269961554],[-102.58219900008368,12.906359700140172],[-102.57817799991466,12.865909600148086],[-102.57343299963316,12.825531999902012],[-102.5679779998847,12.785244000010721],[-102.56178999960872,12.745053299570259],[-102.55489299991194,12.704974199599746],[-102.54728699989505,12.665018099905524],[-102.53897100041127,12.625196500118534],[-102.52993800023842,12.585523599634541],[-102.5202100003911,12.546009100339859],[-102.50977300022367,12.506666199785457],[-102.49864200042788,12.467507400346392],[-102.48681600005824,12.428541199716733],[-102.47430400042919,12.389783899907172],[-102.46110499969586,12.35124300036432],[-102.44721999970312,12.312933900179473],[-102.43265499982829,12.274866099790813],[-102.41742699995598,12.237050999903886],[-102.40152000024773,12.199499100103537],[-102.38495599991938,12.1622248003344],[-102.36773699996246,12.125237500310504],[-102.34986100028482,12.088547699616754],[-102.33133700040213,12.052167899728943],[-102.31217199973787,12.016107600185762],[-102.29237399956031,11.980377199848022],[-102.27195000019225,11.944988299970191],[-102.25089999983504,11.909953099855784],[-102.2292400001258,11.875281299592416],[-102.20696299984246,11.840980500249998],[-102.18408999995341,11.807065000149748],[-102.16061400013592,11.773542400361634],[-102.13655899969797,11.740423199571126],[-102.11192300034611,11.707719800328675],[-102.08671599984342,11.675437899839324],[-102.0609359998964,11.643589999578978],[-102.03459900034352,11.612182599847245],[-102.00772100012398,11.581230200413529],[-101.98029299972205,11.55073740041081],[-101.95233900024459,11.520715700369408],[-101.92385899989284,11.491173699606691],[-101.89485899984288,11.46212009996276],[-101.86535599997933,11.433563200381514],[-101.83536500009455,11.405511899654584],[-101.80487100039625,11.377973600101711],[-101.77390300042305,11.350958800408478],[-101.74246200022105,11.324474300348811],[-101.71056399962879,11.298526799872036],[-101.67822300019122,11.273126599812883],[-101.64542400031723,11.248278599677747],[-101.61220600000678,11.223992299904864],[-101.57856800011302,11.200272600000631],[-101.54450999973659,11.177129700075739],[-101.51005599998433,11.154569600406887],[-101.47521200023351,11.132596999951716],[-101.43998699999997,11.111219399955473],[-101.4043879996064,11.090444600238243],[-101.36843900015964,11.0702781999791],[-101.33213799976875,11.050724999759041],[-101.2954939997482,11.031792599748826],[-101.25853000025921,11.013484000086692],[-101.22125199977984,10.995807600440571],[-101.18366999967066,10.978767400095592],[-101.14579000020825,10.962367999983371],[-101.10763499975536,10.94661519983174],[-101.06920600015667,10.93151189995433],[-101.03051800030539,10.917066599843849],[-100.99158499994769,10.903279300399504],[-100.95241500035189,10.890156699772035],[-100.91302499960398,10.877700799852164],[-100.87342099977923,10.8659162995977],[-100.83361799977075,10.854806899718767],[-100.79361699962476,10.844376600399926],[-100.75344799982526,10.834626200239086],[-100.71311999988797,10.825560599642074],[-100.67262999967465,10.817182500172407],[-100.6320040003842,10.809493099726922],[-100.5912479995954,10.80249500004436],[-100.55037699979863,10.796192200409848],[-100.5093989995641,10.790583600053253],[-100.4683299996297,10.785674100279664],[-100.42718499978781,10.781462700143607],[-100.38597100036128,10.777950299866575],[-100.34469599992036,10.775139799762087],[-100.30339099989465,10.773030299608763],[-100.26203900039945,10.771624599895517],[-100.22067999968215,10.770921699676819],[-100.17931400044068,10.770921699676819],[-100.13794700025375,10.771625500116897],[-100.09660300022819,10.773031199830143],[-100.05528999983352,10.775139799762087],[-100.01402299976155,10.777951200087955],[-99.972808799786208,10.781463600364987],[-99.931655900299461,10.785675999647822],[-99.890586900365065,10.790585500320731],[-99.849609400153611,10.796194099778006],[-99.808738699831054,10.802496900311837],[-99.767982500292078,10.809494999994399],[-99.727356000079226,10.817185399586663],[-99.686866800262521,10.825563400130932],[-99.646537800279134,10.834628099607244],[-99.606369000129177,10.844378499768084],[-99.566375699978494,10.854808799986245],[-99.526573199993095,10.865918199865177],[-99.486961400348264,10.877703700165739],[-99.447570799752498,10.89015960008561],[-99.408401499829267,10.903283100035196],[-99.369468700020377,10.917069400332707],[-99.330787699592577,10.931516599811346],[-99.292358399620355,10.946619000366695],[-99.254196200094441,10.962372799665104],[-99.216323899728081,10.978771199731227],[-99.178733800324551,10.995812400122304],[-99.141456600241781,11.013488799768425],[-99.104492199655169,11.031796500108555],[-99.067855799805216,11.050730699662211],[-99.031555199612683,11.070282899836116],[-98.99559779959867,11.090450300141356],[-98.960006699749272,11.111226099904741],[-98.924781800239771,11.132602699854829],[-98.889938400336803,11.15457440008862],[-98.855484000386184,11.177136400025006],[-98.821426400208111,11.200279200125124],[-98.787788400314298,11.223998099632752],[-98.75456999980554,11.248284299580916],[-98.721778899576464,11.273132299715996],[-98.689430200143534,11.298534400042684],[-98.657524100256921,11.324481000298078],[-98.626090999699784,11.350965500357688],[-98.595123300100113,11.377982099594362],[-98.564636200000507,11.405519499825175],[-98.534637500120425,11.433569900330781],[-98.505126999910999,11.462127700133408],[-98.476135299704197,11.491182299823436],[-98.447654700403973,11.520724299686833],[-98.419700600202418,11.550745999728235],[-98.392272900174078,11.581237799684857],[-98.365394599581009,11.61219120006399],[-98.339057900401656,11.643597599749569],[-98.313285800099493,11.675446500056069],[-98.288070700302455,11.707728399646044],[-98.263435399723789,11.740432700009251],[-98.239379900162135,11.773551899900383],[-98.215904199818851,11.807074499688554],[-98.19303129975458,11.840990999834901],[-98.170761100144546,11.875289899809161],[-98.149093600089486,11.909963600340006],[-98.128051799750665,11.94499869973032],[-98.107620200211954,11.980386700286147],[-98.087822000384904,12.016116099678413],[-98.068656899895927,12.052176499945631],[-98.050140400359112,12.088557200054879],[-98.032264700155679,12.125247999895407],[-98.015045200175734,12.162235299919303],[-97.998481799695185,12.19950959968844],[-97.982582099783997,12.237061500388052],[-97.967338600096241,12.274875600228881],[-97.952781700415017,12.312944399764376],[-97.938896200399256,12.351254499995321],[-97.925697300390027,12.389794299667358],[-97.913177500041513,12.428552600422336],[-97.901351899870178,12.467515899839043],[-97.890220599700797,12.506676700269622],[-97.879791300428053,12.546020500146085],[-97.870056200433226,12.585534100118764],[-97.861038200052803,12.62520789992476],[-97.852714499674335,12.665028600389746],[-97.845107999634365,12.704985600305349],[-97.838211099762361,12.745064700275861],[-97.832031199680046,12.785254499595624],[-97.826560999590356,12.825544399754392],[-97.821823100355687,12.865920099732932],[-97.817802399660934,12.906371099946455],[-97.814498900204001,12.946883200099762],[-97.811927799628165,12.987445799883915],[-97.810081499561477,13.028045699949246],[-97.808960000003879,13.068670299894563],[-98.833480799599101,13.108019799674139],[-98.83377839965334,13.131245600004547],[-98.834472699655237,13.154462800118267],[-98.835594200112155,13.177663799844652],[-98.837135299954014,13.20084290017985],[-98.839088399909656,13.223992300404461],[-98.841445899808321,13.247104599997442],[-98.844230699986724,13.270174000130112],[-98.847427399554761,13.293191899686576],[-98.851028400140478,13.316152599662871],[-98.855049099935911,13.339047400017648],[-98.859481799845071,13.361871699819233],[-98.864318799872592,13.384616899750256],[-98.869560199843249,13.407276200036733],[-98.875213599927577,13.429841999608755],[-98.88127900012563,13.452309600407887],[-98.887733500100865,13.474670400418802],[-98.894599900364994,13.496917699692233],[-98.901870699672941,13.519045800123706],[-98.909523000386059,13.541046099697894],[-98.917579700142937,13.562912900310266],[-98.926025399852222,13.584639500212916],[-98.934867900233314,13.606220200402049],[-98.944091800396166,13.627647399807813],[-98.953704800336141,13.648913400233369],[-98.963691699712058,13.6700134001984],[-98.974067699764419,13.690939900256353],[-98.984817500327267,13.711687099779965],[-98.995941200326058,13.732248299719402],[-99.007430999940595,13.752617800171492],[-99.019287099719747,13.772789000112425],[-99.031501799668206,13.792755099768158],[-99.044090300127152,13.812510499959728],[-99.057022099690073,13.83204940005993],[-99.070304900150916,13.851365100119438],[-99.08393859988638,13.870452900281236],[-99.097915599625139,13.889305099650755],[-99.112220799749991,13.907917000169562],[-99.126876800224068,13.926282900135845],[-99.141853300189553,13.944396999821834],[-99.15715789981715,13.962254500444999],[-99.17279050018135,13.979848899906926],[-99.188728299871059,13.997174299554445],[-99.204986599951553,14.014226000429687],[-99.221550000432046,14.030999200153076],[-99.23840330007215,14.047489199766915],[-99.255569499932392,14.063688300175045],[-99.273017899856086,14.079594600210783],[-99.290748599668063,14.095200499703424],[-99.308769200438121,14.110504200008961],[-99.327064500026552,14.125498799729939],[-99.345619200065926,14.140180599954874],[-99.364440899827571,14.154543899881219],[-99.383529700035524,14.16858480004862],[-99.402862499804428,14.182299599746841],[-99.422447199678402,14.195683500193525],[-99.44226839966683,14.208732600129508],[-99.462318399774233,14.221443199743987],[-99.48259739965016,14.233810400429775],[-99.50310519964512,14.24583149972409],[-99.52382660031725,14.257502599965164],[-99.544753999697207,14.268818899672624],[-99.565887500307781,14.279777500331534],[-99.5872191998061,14.290375700378434],[-99.60873410019849,14.300609600352914],[-99.630432099861423,14.310477299987554],[-99.652305600423006,14.319972999554409],[-99.674354600084598,14.329095799731533],[-99.696563699754847,14.337841999808575],[-99.718933099982451,14.346211400136156],[-99.741439799706882,14.354197500414443],[-99.764099099993359,14.361799199873303],[-99.786880500334746,14.369016600136149],[-99.809806800343438,14.375844000400434],[-99.832847600236448,14.382281299942179],[-99.855995200018356,14.388325700071164],[-99.879257199859808,14.393976199841916],[-99.902618400318829,14.399229999664897],[-99.926063500330201,14.404087100439483],[-99.949600199889232,14.408543600007249],[-99.973213199729287,14.412598599945568],[-99.996902499850364,14.41625310030048],[-100.02063799994363,14.419504199859091],[-100.04444099955236,14.422350900373885],[-100.06829799985269,14.424792299824901],[-100.09218599978396,14.426827399964679],[-100.11611199966893,14.428458199986096],[-100.14005999966918,14.429680800428741],[-100.16402400040721,14.43049530021807],[-100.18801100040724,14.430903399972067]]]},"properties":{"objectid":17553,"radii":34,"stormid":"EP182026","basin":"ep","stormnum":18,"advnum":26,"synoptime":"2026092806","timezone":"UTC","ne":80,"se":140,"sw":140,"nw":40,"idp_source":"EP182026_radii","idp_filedate":1791040084000,"idp_ingestdate":1791040150000,"st_area(shape)":10.482821497741083,"st_perimeter(shape)":13.893208987097367,"binnumber":"EP3"}},{"type":"Feature","id":17554,"geometry":{"type":"Polygon","coordinates":[[[-100.7879869999,14.930903399872136],[-100.8059999996002,14.265451399962274],[-100.81798600015367,14.265248299769382],[-100.82995599996934,14.264841999558769],[-100.84192699983106,14.264232600054584],[-100.85388199985431,14.263419200136127],[-100.86582200008513,14.262404399743389],[-100.87773099978574,14.261186599881796],[-100.88963300006282,14.259767500270073],[-100.90149700038614,14.258146299612179],[-100.91333000017926,14.256323800103416],[-100.92513300038758,14.254301099816018],[-100.93689699969667,14.252079000045967],[-100.94860800015897,14.249657599718603],[-100.96028900013715,14.247036899733303],[-100.97191600032306,14.244219800403584],[-100.98348200039391,14.241204299838728],[-100.99500300018821,14.237995099694217],[-101.00645400035171,14.234589600030176],[-101.0178450004463,14.230990399887162],[-101.02917500042582,14.227199600081633],[-101.04042799955243,14.223216099843285],[-101.05161300003982,14.219042800385068],[-101.06271400025082,14.214680699954499],[-101.07373799960891,14.210129699626066],[-101.08467899963603,14.205393799584328],[-101.09552799991718,14.200471899958359],[-101.10629299992189,14.195367800383792],[-101.11695899985784,14.19008159978614],[-101.12752499967888,14.184615100406688],[-101.13799999980006,14.17897029963973],[-101.14836100005999,14.173148200229377],[-101.15862300025117,14.167152400363136],[-101.16876999963569,14.160982099644343],[-101.17880200001218,14.154641200231367],[-101.18872799999713,14.148131400044235],[-101.1985240002823,14.141453700028364],[-101.20819900038344,14.134611100322161],[-101.21775799963189,14.127605399569688],[-101.22717999975708,14.120438599661782],[-101.23647300022867,14.113113400363261],[-101.24562799973228,14.105630899746359],[-101.25466199995122,14.097994800319896],[-101.26353499994019,14.09020710037754],[-101.27227800022945,14.082269700186657],[-101.28087600012719,14.074184400190063],[-101.28932999967964,14.065955199672885],[-101.29763000022422,14.057582899931049],[-101.3057790001007,14.049072299746967],[-101.31376599970105,14.040425300287495],[-101.32160200043188,14.031643899846244],[-101.32926899966452,14.022730799986562],[-101.33678399998149,14.013687099680055],[-101.34413099974574,14.004519499775256],[-101.35131800022543,13.99522879976945],[-101.35832999982955,13.985816999754888],[-101.36517299973406,13.97628690022043],[-101.37184099966231,13.966642399727107],[-101.37833399961431,13.956886299663154],[-101.38465100044323,13.947022399664149],[-101.39079300039657,13.937052699822402],[-101.39674399963576,13.926979999727337],[-101.40252700012087,13.916808099914022],[-101.40811199956903,13.906538999575332],[-101.4135209998941,13.896177299642829],[-101.41873200008166,13.885725000208708],[-101.42376700024676,13.875186900055553],[-101.42860400027428,13.86456490034999],[-101.4332499995877,13.853861799782351],[-101.43769799966287,13.843080499565531],[-101.44195599996931,13.832226800326737],[-101.44602200041487,13.821302399985882],[-101.44988300040006,13.810311299626903],[-101.45354500020147,13.799255400416541],[-101.45700799981921,13.788139299689078],[-101.46027400024479,13.776966100105597],[-101.46334099958739,13.765739399853544],[-101.46620200022204,13.754462199970703],[-101.46885700035017,13.743139300138751],[-101.47131300029463,13.731772400076352],[-101.47355700035519,13.720364599746631],[-101.47560100018592,13.708921400302529],[-101.47743999955622,13.697444899862376],[-101.4790730002187,13.685938800035728],[-101.48049200000571,13.674408000329095],[-101.48170500018551,13.662853200414986],[-101.48271900018159,13.651280399670839],[-101.48352100029382,13.639691400337995],[-101.48411599985343,13.628091799796834],[-101.48449700033621,13.61648369976308],[-101.48467300035855,13.604869800001381],[-103.19599200003069,13.568223000391299],[-103.19484700028875,13.527598400445981],[-103.1929859999039,13.486999500426748],[-103.19039199989078,13.446437799964656],[-103.18707299971908,13.405926699857446],[-103.18302199996521,13.365478500132838],[-103.17825300037555,13.325103800200338],[-103.17276800014298,13.284815800309048],[-103.16655699970568,13.244628000182217],[-103.15963699984758,13.204550699755146],[-103.15199299987694,13.164598500420595],[-103.14364599986288,13.124778700176989],[-103.13458300010529,13.085109700052726],[-103.12481700030423,13.045598000347582],[-103.11434899960653,13.006259000152852],[-103.10317999985699,12.967103000303382],[-103.09131600043298,12.928142499576836],[-103.07876599995086,12.889388100080907],[-103.06552099979422,12.850853000265886],[-103.05159799984773,12.812547699716731],[-103.0369869996502,12.774485600130504],[-103.0217209998242,12.736676200146633],[-103.00576799979325,12.699130100074171],[-102.98915900008768,12.661861400383486],[-102.97189299976202,12.624878900041324],[-102.95397199980783,12.588195800196161],[-102.9354019996025,12.551821700211406],[-102.91618300004529,12.515766099625921],[-102.89634699991399,12.480043400182922],[-102.87586999990049,12.444661100429585],[-102.85476699979711,12.409631700043064],[-102.8330459999728,12.374966599728907],[-102.81072999968961,12.340673399657817],[-102.78779599968556,12.306764600406098],[-102.76426700012183,12.273249599889255],[-102.74015799989166,12.24013809999343],[-102.71546899989431,12.207439399708676],[-102.69019299980698,12.175166100335389],[-102.66436000011379,12.143325800245634],[-102.63796999991547,12.111926099609946],[-102.61103099958086,12.080981300346878],[-102.58354900028604,12.05049609961543],[-102.55553399979414,12.020482099569392],[-102.5269930002267,11.990946799655205],[-102.49794000043056,11.961900700357148],[-102.46836900012914,11.933350599650566],[-102.43830899976041,11.90530680016883],[-102.40776100026983,11.87777809997948],[-102.37673200018156,11.850770000235457],[-102.3452299998645,11.824292200125058],[-102.31327100005649,11.79835320004031],[-102.28085299976601,11.772959699930368],[-102.24800100014596,11.748118399744499],[-102.21471400025081,11.723839799966925],[-102.18100699987303,11.700127600408564],[-102.14688900032701,11.676991500257657],[-102.11236600009073,11.654437999813979],[-102.0774610002249,11.632472000382677],[-102.04216799955344,11.611102100381743],[-102.00650799994412,11.590333899889686],[-101.97048199964445,11.57017419957981],[-101.93412000003786,11.550626799986958],[-101.8974149999022,11.531700099879856],[-101.86038199992925,11.513399100388312],[-101.82303599991138,11.49572849957076],[-101.78537799989471,11.478692999982115],[-101.74743700031723,11.462299299773008],[-101.70920599995685,11.446552300248584],[-101.67071500019699,11.431454700274344],[-101.6319579998617,11.417013199799442],[-101.59295699996545,11.403231600258266],[-101.55371899993179,11.390111899944372],[-101.5142520001296,11.377661699927671],[-101.47458600014369,11.365881000208105],[-101.43470800027387,11.354776400010962],[-101.39464600001281,11.344348900281659],[-101.35440799972929,11.334603299802609],[-101.31400299983846,11.325540499694455],[-101.27344500008661,11.317164400316983],[-101.23275000031214,11.309478800406453],[-101.19192499993869,11.302484500359526],[-101.15098599970401,11.296182600047075],[-101.10993199956204,11.290576900004055],[-101.06879400004294,11.285668400276563],[-101.02757300029361,11.281456900315845],[-100.98629000038312,11.277947400352389],[-100.94495399982713,11.275138900340096],[-100.9035640003782,11.273029300362055],[-100.86215199991477,11.271624599795587],[-100.82072399961277,11.270920800254885],[-100.77928199956455,11.270921699576888],[-100.73784599979297,11.271624599795587],[-100.69643400022881,11.273030300408152],[-100.6550520002495,11.275138900340096],[-100.61370800022394,11.277948400398486],[-100.57242600035954,11.281457900361943],[-100.53120399966474,11.285669299598624],[-100.4900670001918,11.290577900050209],[-100.44902000037263,11.296184500314553],[-100.40807299976905,11.30248550040568],[-100.36724900034102,11.30948069977461],[-100.32656099999008,11.317167299731238],[-100.28600300023817,11.325542399961932],[-100.24559800034734,11.334605200070087],[-100.20535299974102,11.344352699917295],[-100.16529799980276,11.3547791996005],[-100.12541999993294,11.365883799797643],[-100.08574699962423,11.377664600241246],[-100.04627999982205,11.390115699580008],[-100.00705000015728,11.403234499672578],[-99.968040499869062,11.417017000334454],[-99.929283100234784,11.431458499909979],[-99.890792800147494,11.446556099884219],[-99.852562000335922,11.462304100354061],[-99.81462099985913,11.478696799617751],[-99.776969900340532,11.495732300105715],[-99.739624000147387,11.513402900023948],[-99.702590900349662,11.531705899607744],[-99.66588590021405,11.550631499843973],[-99.629516599911085,11.570179000160863],[-99.593498199782005,11.590339699617573],[-99.557830799651583,11.611107800284913],[-99.522544900027015,11.632477800110507],[-99.487632800013614,11.654443699717092],[-99.453109699952563,11.67699810038215],[-99.418998699830013,11.700133300311677],[-99.385292099650599,11.723846400091418],[-99.352004999930728,11.748125099693709],[-99.31915279976181,11.772965399833481],[-99.286735500043164,11.798359899989521],[-99.254776000212132,11.824298900074325],[-99.223274200443882,11.850776700184724],[-99.192237899659233,11.877784700103973],[-99.161697399615207,11.905314400339421],[-99.131629899799918,11.933359100042594],[-99.102065999646072,11.961908299628476],[-99.073013300223522,11.99095539987195],[-99.044479399904276,12.020489699739983],[-99.016456599592289,12.050503699786077],[-98.988975499619528,12.080988899618148],[-98.962036099985937,12.111935600048014],[-98.935646099787562,12.143333400416225],[-98.909812900444877,12.175174699652814],[-98.884536699808734,12.207449900192898],[-98.859848000184968,12.240146600385458],[-98.835739099779516,12.273259200152097],[-98.81221010021585,12.306774099944903],[-98.789283800207102,12.340682999920659],[-98.766960099928554,12.37497619999175],[-98.745246899924382,12.409641300305907],[-98.724136400374505,12.444671600014487],[-98.703659099987362,12.48005200039961],[-98.683822599833036,12.515776600110144],[-98.66460420012362,12.551831199750211],[-98.64603419991829,12.588205299734909],[-98.628112799765802,12.624889399626227],[-98.610847500012028,12.661870999746952],[-98.594238299757649,12.699140499834357],[-98.578292800072575,12.736685800409475],[-98.563018799877625,12.77449609971535],[-98.548416100422571,12.812559100422277],[-98.534484899558379,12.850863499850789],[-98.521247899770685,12.889399499887134],[-98.508697499989523,12.928152099839679],[-98.496833800039724,12.967113499888228],[-98.485664400091878,13.006269499737755],[-98.475189200321211,13.045609499978582],[-98.465423599819189,13.085119199591531],[-98.456367499660303,13.12479019980799],[-98.44801329967396,13.164609000005498],[-98.440376300026116,13.204562200285466],[-98.433456399992792,13.244638399942346],[-98.42724610012732,13.28482720011533],[-98.42175289987631,13.325115200006621],[-98.416984599959221,13.365488999717684],[-98.412940999827185,13.405937200341668],[-98.409622200204296,13.446449299595656],[-98.407028200191178,13.487010000011651],[-98.405158999787886,13.527609800252208],[-98.404022200064389,13.568233499976202],[-99.430656400172609,13.607876800174324],[-99.430938700060835,13.631102599605413],[-99.431640600233436,13.654319799719133],[-99.432762099790978,13.677521699666841],[-99.434288000190975,13.700700800002039],[-99.43624110014656,13.723850300051424],[-99.43860630004059,13.746963499865785],[-99.441383400223629,13.770032899998455],[-99.444580099791665,13.793051699776242],[-99.448196399644019,13.816012399752594],[-99.452209500168181,13.838909100374792],[-99.456649800247988,13.861734400222531],[-99.461494400446099,13.884480500374934],[-99.466743500412122,13.907140699983472],[-99.472404499767777,13.929708499647688],[-99.478469800141056,13.952176999768881],[-99.484939600282246,13.974538799825893],[-99.491821299813012,13.996788000266122],[-99.499092100020277,14.018916099798332],[-99.506767300170679,14.040919299686095],[-99.514831500273431,14.062787999666568],[-99.523292500148671,14.084516499836752],[-99.532142599801034,14.10609820007204],[-99.541389500125206,14.127526299699127],[-99.551017800231193,14.148795099714221],[-99.561019899948349,14.169896099725349],[-99.571418800337256,14.19082450005078],[-99.582183800342023,14.211574599888024],[-99.593322799607392,14.232137700094938],[-99.604835499558533,14.252510099961285],[-99.616714499674345,14.272682200123597],[-99.62895970012994,14.292651200092962],[-99.641563400030805,14.312408399827916],[-99.654518099930272,14.331949200195595],[-99.667831399998988,14.351266900347298],[-99.681488000071056,14.370357500098692],[-99.695495600141726,14.389212599781786],[-99.709838900045099,14.40782639966875],[-99.724517799956402,14.426196100170046],[-99.739524800429081,14.444311100077357],[-99.754859899664552,14.462170599893398],[-99.770515400365355,14.479766799798085],[-99.786491399658246,14.497097000026656],[-99.802780200245934,14.514149700048733],[-99.819374100334358,14.530926700307134],[-99.836273199748291,14.547416699920916],[-99.853462200120362,14.563619599964682],[-99.870956399817885,14.579528800313994],[-99.888725300132421,14.595137600120268],[-99.906784099606398,14.610444100015343],[-99.925109899702022,14.625439599957701],[-99.943710299690451,14.640124299596891],[-99.962577800125302,14.654488599569333],[-99.98170470011172,14.668533300271747],[-100.00107599985739,14.682250000237445],[-100.0206990000587,14.695638700365862],[-100.0405649997748,14.70868969967006],[-100.0606610002049,14.721402199552017],[-100.08098600040347,14.733771299605905],[-100.10154000037062,14.745794300067018],[-100.12229899989882,14.75746729967625],[-100.14327999977206,14.768786399872567],[-100.16445899978294,14.779746999724409],[-100.18582899960853,14.790348100084884],[-100.20739699957176,14.800582900280745],[-100.22914899992628,14.810450599915384],[-100.25106799988816,14.819950100017252],[-100.27316299987245,14.829074900286571],[-100.29542500036337,14.837822899907053],[-100.31783300039257,14.846191400013254],[-100.34040099970628,14.854181299927177],[-100.36310599994187,14.861786799920992],[-100.38594800019996,14.86900229991636],[-100.40892000015776,14.875832599594958],[-100.43200700002291,14.882269900036022],[-100.45521500007209,14.888317099754488],[-100.47853099970575,14.893968599571338],[-100.50193799993866,14.899224299661853],[-100.52544400024033,14.904082299758443],[-100.54903399991906,14.908537900004205],[-100.57270099955139,14.912594800210002],[-100.59644299994437,14.916248299619497],[-100.62023900012963,14.919501300344848],[-100.64409600042995,14.922349900227857],[-100.66799900015366,14.924791299678873],[-100.69194800019994,14.926827399864749],[-100.71591900036145,14.928458199886165],[-100.73992899962354,14.929680800328811],[-100.76394700015385,14.930496200339519],[-100.7879869999,14.930903399872136]]]},"properties":{"objectid":17554,"radii":34,"stormid":"EP182026","basin":"ep","stormnum":18,"advnum":26,"synoptime":"2026092812","timezone":"UTC","ne":80,"se":140,"sw":140,"nw":40,"idp_source":"EP182026_radii","idp_filedate":1791040084000,"idp_ingestdate":1791040150000,"st_area(shape)":10.503235219891323,"st_perimeter(shape)":13.90909574523703,"binnumber":"EP3"}},{"type":"Feature","id":17555,"geometry":{"type":"Polygon","coordinates":[[[-101.58797500044579,15.230901699553954],[-101.60601000026122,14.565449699644034],[-101.61801099970779,14.565248499718621],[-101.62999700026126,14.564840300139906],[-101.6419829999154,14.564230899736344],[-101.65395399977717,14.563418400039268],[-101.66590899980042,14.562403700370623],[-101.67784099966229,14.561185799784994],[-101.6897579997318,14.559765799951833],[-101.70163000042407,14.558145500414639],[-101.71348600037851,14.556323099831332],[-101.7253040003792,14.554301299765314],[-101.73708300038004,14.552078199949108],[-101.7488170001044,14.549655000078303],[-101.76050599955215,14.547036200360481],[-101.77214100010696,14.544216199817924],[-101.78373000033912,14.541202499695714],[-101.79526499987975,14.537992500053974],[-101.80674000025073,14.534587899711937],[-101.81814600013769,14.530988699568979],[-101.82948300044001,14.527195899671199],[-101.84075200030446,14.523213400378268],[-101.85194400021533,14.519040100020732],[-101.86306799968833,14.514676100222005],[-101.87410000031468,14.510125199718345],[-101.88505600013423,14.505390199897931],[-101.89592699963123,14.500467300225864],[-101.90670000000489,14.495363199751978],[-101.91738900010216,14.490077000053645],[-101.92796300029215,14.484609599553494],[-101.9384459998829,14.478964799685912],[-101.94883000030416,14.473141700229405],[-101.95909899991881,14.467146900409261],[-101.96926099999507,14.460975599644371],[-101.97930900021009,14.454633700185241],[-101.98924299966461,14.448122999776729],[-101.99905399974222,14.441446299807012],[-102.00874299958969,14.434601799833331],[-102.01831799957591,14.427596099980178],[-102.02774800007006,14.420429200247554],[-102.03705600033408,14.413104099874431],[-102.04622699967621,14.405621500332131],[-102.055259999849,14.397983599563588],[-102.06415599999929,14.390195799796459],[-102.07290599971202,14.38225939965173],[-102.08151199997872,14.374174099655136],[-102.08998100022291,14.365942999769743],[-102.09828199991426,14.357572600295384],[-102.10644500043634,14.349061000065262],[-102.11444099955241,14.34041399970647],[-102.12229200007562,14.331629799675625],[-102.129974,14.322716699815999],[-102.13749699978661,14.31367399955559],[-102.14485199991975,14.304505299779919],[-102.15204599982292,14.29521469959883],[-102.15906499974983,14.285800900391393],[-102.16591600002329,14.276271800003713],[-102.17259200032044,14.266627300409709],[-102.17910000006486,14.256871200345756],[-102.18542500036335,14.247005499904049],[-102.1915660002706,14.237035800062245],[-102.19753300024769,14.226963000142462],[-102.20331599983342,14.216791200153921],[-102.20890799960438,14.206521999990457],[-102.2143250002984,14.196159399836574],[-102.21954299990944,14.18570710040251],[-102.22457900012068,14.1751680002032],[-102.22942399961778,14.164545999598317],[-102.23407700015332,14.153842899929998],[-102.23853299969807,14.143062599759332],[-102.24279800032735,14.132207899575064],[-102.2468569995508,14.121283500133586],[-102.25072499985873,14.110290500406393],[-102.25439500002915,14.099235499618771],[-102.25786600001578,14.088119499615345],[-102.26113899986484,14.076946300031864],[-102.2642060001067,14.065718699558488],[-102.26706699984209,14.05444149967559],[-102.26973000033917,14.04311850001892],[-102.27217899996077,14.031750699735142],[-102.2744369997676,14.020342799580646],[-102.27647400017486,14.008899699961319],[-102.27831300044454,13.997423200420485],[-102.27994500016155,13.985917099694518],[-102.28137200031745,13.974385299941787],[-102.28259299996688,13.962831500073833],[-102.28359999964016,13.951258700228948],[-102.28440099970629,13.939670600218165],[-102.28499600016517,13.928070100355001],[-102.28537799979478,13.916461899597152],[-102.2855450003014,13.904849099706325],[-103.99906199971144,13.867960000253959],[-103.99790200017708,13.827335400308641],[-103.9960249999537,13.786736500289408],[-103.99341600014822,13.746175799873413],[-103.99008200018409,13.705664599941485],[-103.98602300006132,13.665217400262975],[-103.98123899977992,13.624843599652536],[-103.97573100028535,13.584558500074877],[-103.96951300042451,13.54437160016937],[-103.9625630000823,13.504295299788396],[-103.95490999969661,13.464343999775906],[-103.94654099956739,13.424527199670649],[-103.93745399960233,13.384858099721669],[-103.92766599968604,13.345351199698257],[-103.91718300009529,13.306013099724908],[-103.90599100018443,13.266860000189013],[-103.89410399969972,13.227902399776042],[-103.8815309999556,13.189150799869651],[-103.86826299963764,13.150617600322107],[-103.8543090000602,13.112316100307908],[-103.83968400011639,13.074255900089838],[-103.82437900029055,13.036449400419656],[-103.80841099956785,12.998906099936676],[-103.79177100023139,12.961641299706343],[-103.77446699995198,12.924662599899193],[-103.756516000413,12.887982400367605],[-103.73792300004629,12.851611099972445],[-103.71868100032782,12.81556130001411],[-103.69879899987387,12.779840499939269],[-103.67829100022936,12.744463900089045],[-103.65716600001082,12.70943830023748],[-103.63542200002519,12.674776999559015],[-103.61306000031868,12.640488600068977],[-103.59009599983045,12.606582600406796],[-103.56653599973652,12.573072399571743],[-103.5423889995526,12.539964700210874],[-103.51766999997045,12.50727179965395],[-103.49236300025217,12.475002299916355],[-103.46649199970591,12.443165800361555],[-103.44006300040706,12.41177179962898],[-103.41308600011871,12.38082979995545],[-103.38556700001692,12.350349399805111],[-103.35752099989412,12.320340200340127],[-103.32894100032678,12.290809600282955],[-103.29984300025416,12.261768299767368],[-103.27024100032179,12.233223899863219],[-103.24014299999936,12.205184900063216],[-103.20955699965572,12.177659000362723],[-103.17848200014407,12.15065480007911],[-103.14695000024221,12.124181699825726],[-103.11494400006546,12.098246600100651],[-103.08249700023629,12.072858799893822],[-103.04959900029354,12.048022300289063],[-103.01627300039854,12.023747400322407],[-102.98252900011317,12.000040100270553],[-102.94837199966793,11.976908699976661],[-102.91381100037728,11.954359099892656],[-102.87885299986596,11.93239690009699],[-102.84352100009397,11.911031699953128],[-102.80781600020816,11.890266399774646],[-102.77175900027754,11.870109599778345],[-102.73535200039441,11.850566900042566],[-102.6986009999361,11.831644999617197],[-102.66153000000941,11.813345900393131],[-102.62413799966885,11.795680000331913],[-102.58644099965232,11.778648400203622],[-102.54845399975221,11.762257600308146],[-102.5101850003374,11.74651429969532],[-102.471649000301,11.731419600034656],[-102.43285400001201,11.716980900048611],[-102.39380599974697,11.703201299700368],[-102.35452300033609,11.690085399921429],[-102.31501799968083,11.677638100218303],[-102.2752989999488,11.665861100309655],[-102.23538200007914,11.654756500112512],[-102.19528199986428,11.644331899797464],[-102.15499099983469,11.634588199585892],[-102.11454799999012,11.625527399569989],[-102.07394399991557,11.617154099781999],[-102.03320299981851,11.609469400092905],[-101.99234000039058,11.602476100092076],[-101.95135499983326,11.596176100047103],[-101.91026299973754,11.590571400050237],[-101.86907999994196,11.585664699866129],[-101.82782000019273,11.581455199997606],[-101.7864909999596,11.577945700034149],[-101.74511000002639,11.575137100197139],[-101.70367400025481,11.57302950031135],[-101.66221600036801,11.571623799698727],[-101.62074299978951,11.570920900379406],[-101.57925400027182,11.570920900379406],[-101.53778099969327,11.571623799698727],[-101.49632299980652,11.57302950031135],[-101.45490299987347,11.575137100197139],[-101.41351300042453,11.577946700080304],[-101.37218500023749,11.58145620004376],[-101.33092499958894,11.585665699912283],[-101.28974199979336,11.590573300317715],[-101.24864999969765,11.596178100139355],[-101.20766399999349,11.602479000405708],[-101.16679400024282,11.609471300360383],[-101.12605300014576,11.617156000049476],[-101.0854570004401,11.625530200058847],[-101.04500600022664,11.634590099853369],[-101.00472299966663,11.644335700332419],[-100.96461499998219,11.654760399572922],[-100.92469800011253,11.665862999677813],[-100.88497900038044,11.677639999586461],[-100.84547399972519,11.690089199557065],[-100.80619799973778,11.703205100235323],[-100.76715100041821,11.716984699684303],[-100.72834799976027,11.731423399670291],[-100.68981199972393,11.746517200008896],[-100.65154300030912,11.762262300165162],[-100.61356399987858,11.778653100060637],[-100.57586699986206,11.795683899792266],[-100.53847500042082,11.813350700074864],[-100.5014039995948,11.83164980019825],[-100.46466100040476,11.850573500167059],[-100.42824600015268,11.870116199902839],[-100.39218099985317,11.890273099723913],[-100.35648300029015,11.911037399856241],[-100.32115199966495,11.932402600000103],[-100.28620100037574,11.954363799749672],[-100.25164000018577,11.976914399879774],[-100.21748399978668,12.000046700395046],[-100.18373099998558,12.023753200050294],[-100.15040600013668,12.048028900413556],[-100.11751599966357,12.072864499796992],[-100.08505199994971,12.098255200317396],[-100.05305500018801,12.124189399821091],[-100.02152300028615,12.150662400249701],[-99.990447999875187,12.177666700358088],[-99.959861799882049,12.205191600012483],[-99.929763799559623,12.23323150003381],[-99.900161699802482,12.261775999762733],[-99.871063199706782,12.29081819960038],[-99.842491099784354,12.320347799611397],[-99.81443789968921,12.350359000067954],[-99.786918600113211,12.380838400172195],[-99.759941099801836,12.411780399845725],[-99.733512900000221,12.443173399632826],[-99.707649200150342,12.4750109001331],[-99.682350199901691,12.507281300092075],[-99.657615699604776,12.539973300427619],[-99.633468599596085,12.573080999788431],[-99.609916699695816,12.606593099991699],[-99.586952200083886,12.64049820033182],[-99.564598100022181,12.674786599821857],[-99.54283910024418,12.709448799822383],[-99.521713299628971,12.744474399673948],[-99.501205399809237,12.779851000423491],[-99.481330899701163,12.815570799552916],[-99.462089499830427,12.851620700235287],[-99.443489099841997,12.88799189990641],[-99.425537100256861,12.924673100383416],[-99.408241299995893,12.961650800144469],[-99.39160160013364,12.998917599567676],[-99.37563320011202,13.036459900004502],[-99.360321000313832,13.074266399674741],[-99.345703099618277,13.11232569967143],[-99.331749000216064,13.15062809990701],[-99.318481400096459,13.189160300307776],[-99.305900599632878,13.227911900214167],[-99.294014000245795,13.266870499773859],[-99.282829300131993,13.306024600255228],[-99.272338900020145,13.345360799961099],[-99.262550400080784,13.384870499574049],[-99.253471399585294,13.424538600376252],[-99.24510960032768,13.464354500260129],[-99.237442000347926,13.504305800272618],[-99.230499299802716,13.544382099754216],[-99.224273699771345,13.584568999659723],[-99.218765300078417,13.624855000358139],[-99.213989300165963,13.665228800069201],[-99.209930399867972,13.705676099572486],[-99.206596399903844,13.746187199679639],[-99.20398709972477,13.786747900095634],[-99.202110300050208,13.827346800114867],[-99.200958299985473,13.867971400060185],[-100.22889699999644,13.907791099579697],[-100.22917900041045,13.931016899910162],[-100.22987400008492,13.954234100023825],[-100.23099499961944,13.97743509975021],[-100.23252900021311,14.000615100306788],[-100.23447399997502,14.023765600402271],[-100.23684699968919,14.046878800216575],[-100.23962400004746,14.069948200349302],[-100.24282099998908,14.092968000173187],[-100.24642899999827,14.115928600324764],[-100.25045799963686,14.138826399918571],[-100.25489800024241,14.161651599941536],[-100.25973500026993,14.184397700093939],[-100.2649990002036,14.207058899748574],[-100.27065999955926,14.229627599634171],[-100.2767329999279,14.25209709980146],[-100.28321100008748,14.274458899858473],[-100.29009199994573,14.296709100344856],[-100.29737100017144,14.318839100144487],[-100.30504599977297,14.340842200207533],[-100.31313300038755,14.36271100001278],[-100.32160199973242,14.384441399551065],[-100.33045999992896,14.406022999961635],[-100.3397140004007,14.4274529998562],[-100.34934999960268,14.448721899696068],[-100.35936700018681,14.469825700196054],[-100.36977399987012,14.490756999935741],[-100.38055399966726,14.51150699994821],[-100.3917010002009,14.532071100201279],[-100.40322900031799,14.552443500067625],[-100.41512300022617,14.572616600276035],[-100.42737599960259,14.592588399834938],[-100.43999499966941,14.612345700293986],[-100.45297200005768,14.631889300251146],[-100.46629300012177,14.651207899724909],[-100.47997299965414,14.670300499568555],[-100.49399599971554,14.689154600104871],[-100.50835399993707,14.707772300351508],[-100.52304800036484,14.726141900128709],[-100.53807800009952,14.744258900128273],[-100.55342900024806,14.762120200387074],[-100.56911499965742,14.779720299752171],[-100.58510599964205,14.797048599713264],[-100.60140999967166,14.814103100178045],[-100.61802699974612,14.830881099583223],[-100.63494900039598,14.847376799999438],[-100.65216800035284,14.863579799868035],[-100.66966999987051,14.879488900392573],[-100.68746899959456,14.895100599613102],[-100.70555099977872,14.910405200140019],[-100.72390700000796,14.925404499718013],[-100.74253100000556,14.940091099624681],[-100.7614140002558,14.954457299864657],[-100.78057099965179,14.968501100345634],[-100.79996500008457,14.982221599947025],[-100.81961799987067,14.995609300029287],[-100.83950799979425,15.008661300278902],[-100.85963399980915,15.021377599796551],[-100.87998999963867,15.03374669985044],[-100.90055800025141,15.045773499947188],[-100.92135599977945,15.057445500409642],[-100.94235999981402,15.068765599752737],[-100.96357000035511,15.079728099872057],[-100.9849780001345,15.090330099554592],[-101.00656900025905,15.100566899842704],[-101.02834299982948,15.110436399920047],[-101.0503009997912,15.119934999800535],[-101.07242600025961,15.129062700383429],[-101.09471900038147,15.137811700050065],[-101.11715699999547,15.146182100423744],[-101.1397549997933,15.154170000245472],[-101.16249099965978,15.161775600064004],[-101.18536400044815,15.168994899695008],[-101.20837400035975,15.175825100448151],[-101.23149099980969,15.182264300257373],[-101.25473000038909,15.188310599754516],[-101.27807599960761,15.19396309961752],[-101.30152099979421,15.199220699975456],[-101.32505799972682,15.204076799804625],[-101.34867899993577,15.208537099907346],[-101.37237500000617,15.212592099845665],[-101.396156000399,15.216247600246675],[-101.41998300021521,15.219500500248046],[-101.44387799956991,15.222347299688295],[-101.46781199982382,15.22478960026001],[-101.49179100035428,15.226826699592664],[-101.51579999957022,15.22845749961408],[-101.53984799968532,15.229679100010571],[-101.56390400016937,15.230495500067434],[-101.58797500044579,15.230901699553954]]]},"properties":{"objectid":17555,"radii":34,"stormid":"EP182026","basin":"ep","stormnum":18,"advnum":26,"synoptime":"2026092818","timezone":"UTC","ne":80,"se":140,"sw":140,"nw":40,"idp_source":"EP182026_radii","idp_filedate":1791040084000,"idp_ingestdate":1791040150000,"st_area(shape)":10.515909186781935,"st_perimeter(shape)":13.918966201750312,"binnumber":"EP3"}},{"type":"Feature","id":17556,"geometry":{"type":"Polygon","coordinates":[[[-102.68643199993676,15.697264699606365],[-102.70902999973458,15.198177300242378],[-102.72708100028785,15.197871199796168],[-102.74512499961895,15.197259900024505],[-102.76315300001085,15.196344400074167],[-102.78115800024142,15.195123699898943],[-102.79914100035677,15.193597800398322],[-102.81709299994191,15.191768600040973],[-102.8350069995733,15.189636199551103],[-102.8528820001041,15.1872005000032],[-102.87071200035842,15.184463499690878],[-102.88848899996725,15.181422200274483],[-102.90619699999144,15.178084399775344],[-102.92385899969298,15.174447099853921],[-102.94143700001746,15.170511199832163],[-102.95894599985792,15.166276900258879],[-102.97637200036741,15.161747900045668],[-102.99372100002404,15.156926200184103],[-103.01097099961186,15.151808699811795],[-103.02813000039907,15.146400499883327],[-103.04518900017212,15.140704200338689],[-103.06213400008392,15.134720800324828],[-103.07897199955801,15.128452299933826],[-103.09568799970134,15.121898700065117],[-103.11229700030623,15.115061800262026],[-103.12876099962034,15.107946400206345],[-103.14509600018016,15.100553499944226],[-103.16130100014095,15.092885999789189],[-103.17736800003308,15.084944700137953],[-103.19327499974133,15.076732600229434],[-103.2090380000036,15.068254499745478],[-103.22464000003589,15.059508299668437],[-103.2400819998843,15.050501799818335],[-103.25535600007925,15.041233099927751],[-103.27046199972142,15.03170970034256],[-103.28538499991771,15.021930699942004],[-103.30013999956122,15.011900900206513],[-103.31469699996649,15.001624099872458],[-103.32907100002654,14.991101299885202],[-103.34324599990288,14.980338100323195],[-103.35723100001053,14.969336500379313],[-103.37101699993451,14.958099400367189],[-103.38458999992844,14.946629500051529],[-103.39795700031522,14.934934600151792],[-103.41109500003415,14.923013699722617],[-103.42402600009973,14.910871500419546],[-103.43673699991251,14.898513800171884],[-103.44921099958788,14.885943400367751],[-103.46146399986361,14.873164199568293],[-103.47348000000193,14.860178000014855],[-103.48526000004887,14.846990599636626],[-103.49679599963559,14.833606700089263],[-103.50808000019174,14.82003019993391],[-103.51912699971115,14.806263899659371],[-103.52992200020003,14.79231359989285],[-103.54045899958305,14.77818110017779],[-103.55073500041982,14.763874099610121],[-103.56075300015073,14.749395399578191],[-103.57051099958289,14.734749799763563],[-103.58000200019205,14.719940199580662],[-103.58921100038725,14.7049742000994],[-103.59815199991476,14.689851800420399],[-103.6068269997661,14.674582500082465],[-103.6152109996878,14.659169200298493],[-103.62332899993328,14.643612900215317],[-103.63115700029522,14.627925899860543],[-103.63869499987425,14.612107299912111],[-103.64594999989248,14.596163699595195],[-103.65291600007322,14.580099099993618],[-103.65959200037042,14.563919999608459],[-103.66597000041509,14.547628400330552],[-103.67205799967684,14.531233799900065],[-103.67784100016195,14.51473899970523],[-103.68333399986409,14.498146999884284],[-103.68851499956747,14.481466299929934],[-103.69339799991764,14.464699700331039],[-103.69798300001531,14.447853099740882],[-103.70225500006808,14.430931099990403],[-103.70623800028341,14.413940400129491],[-103.70989199971592,14.396884000296495],[-103.71324899984137,14.379769300113253],[-103.7162929999219,14.362600299764154],[-103.71902500000363,14.345380799784209],[-103.72145100036329,14.328119299666071],[-103.72357200014761,14.31081869972337],[-103.7253650000946,14.293485600080544],[-103.72685200031947,14.276124000022719],[-103.7280269996462,14.258740399849728],[-103.7288889998274,14.241339699967341],[-103.72943900000973,14.223926500407799],[-103.72967500010105,14.206507699870599],[-105.10218799957642,14.167695000024366],[-105.10102800004205,14.127072300346526],[-105.09913600002631,14.086473500152067],[-105.09651200042839,14.045912699911298],[-105.09317000009531,14.005402599850242],[-105.08909600018018,13.964956300393112],[-105.08429700010635,13.924583400004053],[-105.07877299987393,13.884298300426337],[-105.07253299989793,13.844113299888988],[-105.06557500008608,13.80403999964642],[-105.0578920001156,13.764089599855311],[-105.04949999982506,13.724274600192757],[-105.04040500039036,13.684608500382126],[-105.03059400031276,13.64510149963462],[-105.02008100023789,13.605767300021],[-105.00886500011956,13.566616099853263],[-104.996956000419,13.527660399707827],[-104.98435200014461,13.488910700068914],[-104.97106199971142,13.450381300157005],[-104.95709200029546,13.412082699557061],[-104.94243599982144,13.374025299827849],[-104.92710100041074,13.336221699571922],[-104.91110200005716,13.298683199670052],[-104.89443200023652,13.26142019988248],[-104.87711300016474,13.224444400388904],[-104.85913100009549,13.187767999593632],[-104.84050800014398,13.151401499779524],[-104.82122799957244,13.115355500356202],[-104.80132299985644,13.079638499916996],[-104.78077700025824,13.044264800380347],[-104.75962100040874,13.009244900431952],[-104.7378389995701,12.974586500067062],[-104.71544600023265,12.94030280043404],[-104.69245100011346,12.906400700232268],[-104.66886100043473,12.872894299932113],[-104.64467600029707,12.839792299575095],[-104.61991899986185,12.807102200406348],[-104.59457400018988,12.774837500350486],[-104.56867200001267,12.7430057995781],[-104.54220599990686,12.711615600279856],[-104.51519799998761,12.680679299610119],[-104.48763299956317,12.65020279981951],[-104.45954900038595,12.620197300165387],[-104.4309309999656,12.59067249983616],[-104.40180200026202,12.561635999901625],[-104.37216200037591,12.533094399587014],[-104.34202600009974,12.505060200368064],[-104.31139400033277,12.477539999671365],[-104.28028099996806,12.450540500144086],[-104.24871100011245,12.424072300296586],[-104.21666699998195,12.398140900382373],[-104.18417399983014,12.372756999635953],[-104.15123699988754,12.347926100109589],[-104.11786699976216,12.323654200281283],[-104.08408400037621,12.299951600086388],[-104.04988099960832,12.276824000327508],[-104.01528200036392,12.254278199879138],[-103.98028599989885,12.232321699986585],[-103.94490799980423,12.210959400156355],[-103.90916399991858,12.19019989970576],[-103.87306199971141,12.170045900198261],[-103.83660900040496,12.150507900319496],[-103.79981999999291,12.131588900207703],[-103.76270299974357,12.113293599720009],[-103.72527300034858,12.095630599972367],[-103.68753100005551,12.078602800379088],[-103.64950600020165,12.062215800119191],[-103.61119099956488,12.046474499598617],[-103.57260900010516,12.03138349974887],[-103.5337680003928,12.016947700076457],[-103.49467499985127,12.003171900263112],[-103.45534500007159,11.990058899898429],[-103.41580200036191,11.977613399738743],[-103.37604499977681,11.965838399922347],[-103.33607500016103,11.954737700084934],[-103.29592100015395,11.944315000037363],[-103.2555999996402,11.934572200047114],[-103.21511100037225,11.925515199666847],[-103.17446099997505,11.917142899925011],[-103.13368199992425,11.909460099604075],[-103.09275800038131,11.902467699824626],[-103.05172700040066,11.896169699871905],[-103.0105970003512,11.890566800317742],[-102.96937599970255,11.885660199958409],[-102.92806200016111,11.881450700089886],[-102.88668799965137,11.877942100347809],[-102.84526100029484,11.875134499657577],[-102.80378699967019,11.87302779999311],[-102.76228300036007,11.871622100279865],[-102.72075700003541,11.870919200061167],[-102.67922999966464,11.870920200107264],[-102.63771099966283,11.871622999601868],[-102.59621399977618,11.87302779999311],[-102.55474100009695,11.875135399878957],[-102.51330600037153,11.877942999669813],[-102.4719309998157,11.881452600357363],[-102.43062599978998,11.885661100179789],[-102.3893969996717,11.890566800317742],[-102.34825900015261,11.896171600139382],[-102.30723599964159,11.902470600138201],[-102.26631900042145,11.909461999871553],[-102.22553300004779,11.917145700413869],[-102.18489100001955,11.925516099888227],[-102.1443940003827,11.934575100360746],[-102.10406500039937,11.944317799626901],[-102.06391899986187,11.954741499720569],[-102.02395599966957,11.965841300235979],[-101.98419199966094,11.977616300052318],[-101.94464099958236,11.990062700433441],[-101.9053269996412,12.003174799677424],[-101.866233999999,12.01695249975819],[-101.82739300028663,12.031387300283825],[-101.78881099992759,12.046478300133572],[-101.75049600019014,12.06222059980098],[-101.71246299996739,12.078606600014723],[-101.67472799999712,12.0956353996541],[-101.63729100027933,12.113298400301062],[-101.60017400002999,12.131592799668113],[-101.56338499961794,12.15051360022261],[-101.52693899973497,12.170051600101374],[-101.49082900005823,12.190205599608873],[-101.45508600021861,12.210966100105566],[-101.41970800012399,12.232327499714472],[-101.38472000002787,12.254284899828406],[-101.35012099988415,12.276830700276719],[-101.31590999964669,12.299958200210881],[-101.28212700026074,12.323661799552553],[-101.24875600008926,12.3479328000588],[-101.21582000019276,12.372763599760447],[-101.18333400036374,12.398148499653701],[-101.15129100027934,12.42407890042108],[-101.11971300005479,12.450547200093354],[-101.08859999969013,12.477547599842012],[-101.05797600029206,12.505067799639392],[-101.02783199964699,12.533101999757605],[-100.99819900008367,12.561643600072216],[-100.9690700003801,12.59068010000675],[-100.94045300000585,12.620204900336034],[-100.91235400013687,12.650212300257579],[-100.88480400040419,12.680686999605484],[-100.85778800011599,12.711624099772507],[-100.83132900033297,12.743013399748747],[-100.80541999983302,12.774846099667911],[-100.78008299963062,12.807111699945153],[-100.75532500004863,12.839800799967065],[-100.73113999991097,12.872903800370239],[-100.70755000023223,12.906411199817171],[-100.68455500011305,12.940311399751408],[-100.66216299992243,12.97459599960581],[-100.64038099998305,13.009254499795475],[-100.6192169997646,13.04427529996525],[-100.59867899963604,13.079649000401162],[-100.57877299987393,13.11536499989495],[-100.55949400024781,13.151411100042367],[-100.54087100029631,13.187778500077854],[-100.52288800018096,13.224455800195187],[-100.50556199978638,13.261429800145322],[-100.48889900028854,13.298692700108177],[-100.47289299961216,13.336232200056145],[-100.45756499962494,13.374035800312072],[-100.44290900005024,13.412092199995186],[-100.42893200031148,13.450391799741908],[-100.41564199987829,13.48892209987514],[-100.40304599997285,13.527669900145895],[-100.39112899990334,13.566626499613392],[-100.37992100015396,13.605777699781186],[-100.36940800007903,13.64511300016494],[-100.35960400032428,13.684618900142254],[-100.35049400019784,13.724286099823814],[-100.34211000027619,13.764100100339476],[-100.33443499977534,13.804050400305869],[-100.32747699996349,13.844122900151831],[-100.32122799957244,13.884309800057338],[-100.31571199970892,13.924593899588956],[-100.31091299963515,13.964966799977958],[-100.30683899971996,14.005413100334465],[-100.3034899999634,14.045924200441618],[-100.30087299978902,14.086483999736913],[-100.29898099977322,14.127081899710049],[-100.29781299986996,14.167706499655367],[-101.15548700042461,14.208116499776793],[-101.15576899993931,14.23424429993463],[-101.15653200005164,14.260363599700497],[-101.15776800039282,14.286467600199728],[-101.15946999974062,14.312544800002684],[-101.16164400017038,14.338588699708851],[-101.16429099992962,14.36459449963661],[-101.16739700017132,14.390548700062595],[-101.1709749996964,14.416447600276683],[-101.17501799998064,14.442282699886846],[-101.1795349996404,14.468044299704786],[-101.18450899969048,14.493725799606125],[-101.18994100017693,14.519320499641481],[-101.1958470000389,14.544819799594222],[-101.20220199992224,14.570212400382104],[-101.20902299971158,14.595496200289574],[-101.21630099989113,14.620658900188232],[-101.22403000018426,14.645696599718462],[-101.23220799959938,14.670598999844117],[-101.24084500039635,14.695358299845793],[-101.24991599962357,14.719967799774281],[-101.25944500018653,14.744422000275222],[-101.26940900012517,14.768708200223386],[-101.27981599980842,14.792825699946206],[-101.29065699972068,14.816761999766641],[-101.30192599958514,14.840510399735308],[-101.31362899967849,14.864064199903055],[-101.32575200025451,14.887418700412809],[-101.33831000020626,14.910562499659761],[-101.35128000027169,14.933491699982085],[-101.36466199955152,14.956196800042449],[-101.37845599984439,14.978672000112851],[-101.3926539998821,15.000912700161109],[-101.40725699971068,15.022907299832184],[-101.42226400018336,15.044652899711707],[-101.43765999970913,15.066141100131802],[-101.45344500008656,15.08736420019784],[-101.4696120000936,15.108317400227975],[-101.48615999968416,15.128995899641211],[-101.50308999980354,15.149389299576626],[-101.52037800024442,15.169493699674661],[-101.53803999994597,15.189304400078129],[-101.55604600022264,15.208809900256824],[-101.57441700024424,15.228009200164593],[-101.59313199994176,15.24689480035488],[-101.61219000016825,15.265461000025255],[-101.63158399970172,15.283702899669208],[-101.65130599997184,15.301613800236851],[-101.67136400044814,15.319186199583555],[-101.69171900023156,15.336418200139974],[-101.71240199985232,15.35330489970147],[-101.73338299972556,15.369836799628729],[-101.75467699964372,15.386011100332155],[-101.7762529999759,15.401823000331319],[-101.79811099982271,15.417267799769263],[-101.82025100008349,15.432339699817419],[-101.84266699958226,15.447034800116057],[-101.86535599997933,15.461349499779715],[-101.88828999998339,15.475275999887629],[-101.91147599991734,15.48881529958652],[-101.934921000104,15.501958799559077],[-101.95859500005912,15.514705700307957],[-101.98249100035929,15.527046200122186],[-102.00661500038188,15.538983300039376],[-102.03095999980405,15.550507499621574],[-102.05550400030927,15.56162170008156],[-102.08025400042169,15.572318099800611],[-102.10519400030279,15.582591999821091],[-102.13032499999866,15.592444400189038],[-102.15562400024731,15.60186860005598],[-102.18109100014942,15.610864600321179],[-102.20672599970504,15.6194277002283],[-102.23251299997486,15.627555799860431],[-102.25844599978296,15.635246300176732],[-102.28451499956748,15.642496100314929],[-102.31071499999717,15.649306300145781],[-102.33703599971153,15.655670199720078],[-102.3634639998636,15.661588700158518],[-102.38999899955411,15.667058000026827],[-102.4166340002588,15.672078100224269],[-102.44335200029445,15.676646200262098],[-102.47015399970724,15.680762300140202],[-102.49703199992678,15.684423399720288],[-102.52396399993853,15.687630699597264],[-102.55095700006541,15.690381099808064],[-102.57798800014598,15.692674600352689],[-102.60506399960377,15.694510499759872],[-102.63216400016836,15.695886600086681],[-102.65929400031774,15.696805000350651],[-102.68643199993676,15.697264699606365]]]},"properties":{"objectid":17556,"radii":34,"stormid":"EP182026","basin":"ep","stormnum":18,"advnum":26,"synoptime":"2026092900","timezone":"UTC","ne":90,"se":140,"sw":140,"nw":60,"idp_source":"EP182026_radii","idp_filedate":1791040084000,"idp_ingestdate":1791040150000,"st_area(shape)":11.368898953819356,"st_perimeter(shape)":14.0390068141835,"binnumber":"EP3"}},{"type":"Feature","id":17557,"geometry":{"type":"Polygon","coordinates":[[[-102.69399299967711,14.865449000271269],[-102.70000499993068,14.200000799997042],[-102.01356499982478,14.204829199807875],[-102.01374099984719,14.216443099569517],[-102.01412200032996,14.228051199603328],[-102.01470900041994,14.239650700319714],[-102.01551799995565,14.251239800376652],[-102.01651800020545,14.26281260022148],[-102.01773799980873,14.274366400089434],[-102.01916499996469,14.285898199842165],[-102.02079799972779,14.297404299668813],[-102.02263599995132,14.308881800155064],[-102.0246890001971,14.320325899820546],[-102.02693899963504,14.331732700104169],[-102.02940399999449,14.343099600166568],[-102.03205900012267,14.354424500090772],[-102.0349270001808,14.365700699927515],[-102.03800199989229,14.376928300400891],[-102.04127499974135,14.38810250003047],[-102.0447390003045,14.399218599858614],[-102.0484159998984,14.410274499968352],[-102.05229199967596,14.421266600373428],[-102.05635800012152,14.432190899990189],[-102.06063100022038,14.443045600174457],[-102.06508599971903,14.453826000169897],[-102.0697479997703,14.464529000013499],[-102.07459300016671,14.475152999811257],[-102.07963599980144,14.485692000185793],[-102.08486199978137,14.496144299619857],[-102.09028599989887,14.506505000405582],[-102.09588600003877,14.516776099937204],[-102.10167699999346,14.526949900017996],[-102.10765100029334,14.537020699845584],[-102.11379999967016,14.546991299908711],[-102.12013200029151,14.556858100221291],[-102.12664000003588,14.566613200239146],[-102.13333100012545,14.576258699879247],[-102.14018999986848,14.585788699588932],[-102.14722399958782,14.595202399870971],[-102.15441900043641,14.604493099876777],[-102.16178900036198,14.613662699873828],[-102.16931899957206,14.622705499959011],[-102.17701700023429,14.631619500040017],[-102.18486799985823,14.640400899582005],[-102.19287899966599,14.649051699576432],[-102.20104999965764,14.657562299760457],[-102.20936600004075,14.665935499723673],[-102.21784199970841,14.674164800065626],[-102.22645600034406,14.682250000237445],[-102.23522900021811,14.690188399575106],[-102.24413299983797,14.697976100416838],[-102.25318099980319,14.705614100110779],[-102.26236699983707,14.713094699560884],[-102.27168299957066,14.720421800026202],[-102.28112799985723,14.727590600026303],[-102.29071000016626,14.734596299879456],[-102.30040700038268,14.74143979980704],[-102.31023400029875,14.748118400044291],[-102.32018300044501,14.754627200185269],[-102.33024599955314,14.760971099736594],[-102.34042400036725,14.767140400409289],[-102.35070799977427,14.773137099597591],[-102.36109899961906,14.778960199953417],[-102.3715969999015,14.784604999820999],[-102.38219500029891,14.790071500099771],[-102.39289099981971,14.795359600065638],[-102.40367899998574,14.800464599861527],[-102.41456600022065,14.805386500386817],[-102.42552900036299,14.810122500253328],[-102.43658400025129,14.814673399857668],[-102.44771600009324,14.819036500334335],[-102.45893100016542,14.823211700060028],[-102.4702149998223,14.827193300030899],[-102.48157500028594,14.830986000103962],[-102.49299599996533,14.834587099615078],[-102.50447799975979,14.837989799689637],[-102.5160290000382,14.841201800322949],[-102.52762599974,14.844217299988543],[-102.53929099987965,14.847035400263621],[-102.55099500001916,14.849654199981501],[-102.56274400043515,14.852075600308865],[-102.57453900027457,14.854298600300297],[-102.58637200006763,14.856322299734472],[-102.59823600039101,14.858144800142554],[-102.61013799976877,14.859765999901128],[-102.62206300020722,14.861185100412172],[-102.63401800023041,14.862402900273764],[-102.64598099972324,14.863418599988563],[-102.65796700027676,14.864230200363579],[-102.66996799972333,14.864839599867764],[-102.68197600039201,14.865245800253604],[-102.69399299967711,14.865449000271269]]]},"properties":{"objectid":17557,"radii":50,"stormid":"EP182026","basin":"ep","stormnum":18,"advnum":26,"synoptime":"2026092900","timezone":"UTC","ne":40,"se":0,"sw":0,"nw":0,"idp_source":"EP182026_radii","idp_filedate":1791040084000,"idp_ingestdate":1791040150000,"st_area(shape)":0.35533372033638855,"st_perimeter(shape)":2.4032818928226725,"binnumber":"EP3"}},{"type":"Feature","id":17558,"geometry":{"type":"Polygon","coordinates":[[[-103.78183699987756,16.496353100215515],[-103.80905200034942,15.498177500191616],[-103.8271260001647,15.497872399791561],[-103.84519199961102,15.497261000195124],[-103.86324300016423,15.496343599977308],[-103.88127900002576,15.495122899802141],[-103.8992919997259,15.493598000347561],[-103.91726700037168,15.491769800036366],[-103.93521099958787,15.489636400399718],[-103.95310199995725,15.487199799731115],[-103.9709550003729,15.484462699594076],[-103.98876199956652,15.481423400269819],[-104.00650000007482,15.478083599678541],[-104.02417799961489,15.474444400388904],[-104.04178600042349,15.470508600191863],[-104.0593189995721,15.466274299719316],[-104.07678199998924,15.461744300359328],[-104.09413900001476,15.456921599552288],[-104.1114200001328,15.451806100171552],[-104.12860100013597,15.44639780041831],[-104.14568300007028,15.440701499974409],[-104.16265899961303,15.434719100006589],[-104.17952000014782,15.428446799979952],[-104.19625899955309,15.421893100286468],[-104.21288299995041,15.415056199584058],[-104.22937799979474,15.40794090025247],[-104.24573499957046,15.400545099676719],[-104.26196299969257,15.392876600374962],[-104.27804600032255,15.384935399649123],[-104.29397600019217,15.376723299740604],[-104.30976099967029,15.368244200109871],[-104.32539400023285,15.359496099765352],[-104.34085800019648,15.350488699693869],[-104.35614800022995,15.341221800246046],[-104.37126899966449,15.33169560017194],[-104.38622300039106,15.321916599771384],[-104.40098600040352,15.311885799989795],[-104.41557300039358,15.301606200066203],[-104.42996999971564,15.291084300300383],[-104.44416799975329,15.280320199617677],[-104.45816799965337,15.269316700305637],[-104.47197000031514,15.258079499569362],[-104.48555800010155,15.246607799710318],[-104.4989400002807,15.234911899764484],[-104.5121000001148,15.222991000234629],[-104.52505500038785,15.210848800032238],[-104.53777299962411,15.198491099784576],[-104.55027000036011,15.185918799712965],[-104.56253800042828,15.17313770044467],[-104.57457000040512,15.160151499991855],[-104.58635699987553,15.146964099613626],[-104.59791599962358,15.133578299798842],[-104.60922200029501,15.119999900275332],[-104.62027700018331,15.106233600000792],[-104.63108100018792,15.09228130014202],[-104.64163999968616,15.078149799573737],[-104.65193200036146,15.063842799905444],[-104.66195700041516,15.049364099873458],[-104.67172200017006,15.034714700423251],[-104.68122100024885,15.019905100240351],[-104.69045299970605,15.004937199592234],[-104.69940899992531,14.989814799913233],[-104.70808399977665,14.974544500428465],[-104.71649199990577,14.959130300423169],[-104.72460900010515,14.943576799929531],[-104.73244499993672,14.927885999939065],[-104.73999800020744,14.912068400036787],[-104.7472609996953,14.896123900397811],[-104.75423400019884,14.880059200072139],[-104.76090999959672,14.863880200411074],[-104.76730300033307,14.847588500409131],[-104.77339199964098,14.831191999711166],[-104.77918200044888,14.814695399972891],[-104.78468299962066,14.798105199695328],[-104.78987099964684,14.781424499741036],[-104.79476200036595,14.76465609969938],[-104.79934699956431,14.747809400183826],[-104.80362699998597,14.730887400433346],[-104.80760199983234,14.713895800351054],[-104.8112720000027,14.696839299793965],[-104.81462099975926,14.679722800067282],[-104.81767999963216,14.662552799672085],[-104.82041199971394,14.64533419991352],[-104.82283800007355,14.628072699795382],[-104.82495100038824,14.610772099852682],[-104.82675199980486,14.593438099988475],[-104.82824700039868,14.576077499976805],[-104.82942199972541,14.558692899757659],[-104.83027600043698,14.541291199829175],[-104.83082599971999,14.523880000361885],[-104.83105500038783,14.50646109999991],[-106.20539899976393,14.467432999933123],[-106.20423099986067,14.426809300209186],[-106.20233200042139,14.386210400189952],[-106.19969200008563,14.34565260008759],[-106.19633499996019,14.30514240020176],[-106.19223799988367,14.264697099891407],[-106.18742400001747,14.224325200447765],[-106.18189200031549,14.184042000238264],[-106.17562900017811,14.143856999700915],[-106.16864800020494,14.103785499901051],[-106.16095699986556,14.063837100202136],[-106.15254200031296,14.024023999907797],[-106.14342499986378,13.984358800318546],[-106.13359799994765,13.944854699884615],[-106.12305500028793,13.905522299814436],[-106.11182400037723,13.866373999960274],[-106.09989199961598,13.827421200128413],[-106.08725699971069,13.788674399903755],[-106.07395200038439,13.750146900259381],[-106.05994400011542,13.711851100148294],[-106.04526500037935,13.673796699658112],[-106.02990699990801,13.635995899890986],[-106.01387799996962,13.598461199624808],[-105.99718499998767,13.561202000372134],[-105.97982799996214,13.524228999568834],[-105.96181500026194,13.487557400253934],[-105.94315300031064,13.451193799854138],[-105.92385099962382,13.415150600020297],[-105.90390799995413,13.379438400162201],[-105.88333900019461,13.344068500261244],[-105.86214400034527,13.309051499727047],[-105.84033199992177,13.274397899943267],[-105.81790199977735,13.24011799994588],[-105.79487600002727,13.206220599601124],[-105.77124800039479,13.172718999882079],[-105.74702500030344,13.139619800013918],[-105.72223700023727,13.106936499719836],[-105.69685399971223,13.07467560019893],[-105.67091399958133,13.042847600136781],[-105.64440900037499,13.011462199620951],[-105.61736299960268,12.980529800210263],[-105.58976700044661,12.950058899598673],[-105.56164599956315,12.920058300350433],[-105.53298199971942,12.890537299656785],[-105.5038150000621,12.861505499579266],[-105.47413600017614,12.832968699845765],[-105.44396199994623,12.804938300262506],[-105.41329200022551,12.77742290014686],[-105.38214099990711,12.750428200301315],[-105.35052499972886,12.72396470031083],[-105.31843600022114,12.698037100032252],[-105.28590400006942,12.672657999866942],[-105.25292199985029,12.647830999800931],[-105.21952100009401,12.62356379982964],[-105.18568400001647,12.599865900391137],[-105.15144300019421,12.57674310031399],[-105.11679799972779,12.554201100400576],[-105.08175699988556,12.532247499922335],[-105.04634900020608,12.510890999819935],[-105.01055899999773,12.490133299812101],[-104.97440299999835,12.469986000253868],[-104.93791199983883,12.450449899743205],[-104.90107700000345,12.431533799945043],[-104.86391400033074,12.413243300038403],[-104.82643899975994,12.395583199705015],[-104.7886580003663,12.378560099968752],[-104.750579999867,12.362175900197769],[-104.7122270001758,12.34643749999077],[-104.67359200007064,12.331350299776659],[-104.63471200035843,12.316918399564599],[-104.59557300039353,12.303145400240169],[-104.55620599980693,12.290034300142963],[-104.51660900030504,12.277590800075473],[-104.47680700034272,12.265818599848615],[-104.43679000035814,12.254719699554641],[-104.39659900044342,12.244299899820646],[-104.35622400013739,12.234560000144029],[-104.31568899964753,12.225503899985142],[-104.27500200024201,12.217134499657561],[-104.23416900039894,12.209453599604103],[-104.19320700000293,12.202463199916906],[-104.15212999969964,12.19616600036079],[-104.110946999904,12.190564199778123],[-104.06967899978594,12.185657499594072],[-104.02831999996795,12.181450800214407],[-103.98690000003489,12.177942300297047],[-103.94542700035566,12.175134699606815],[-103.90390800035385,12.173028900163729],[-103.86235799982171,12.171625099818641],[-103.82079300039658,12.170921300277939],[-103.77921300027964,12.170921300277939],[-103.73764799995513,12.171625099818641],[-103.69609800032237,12.173029900209883],[-103.6545790003205,12.175135599828195],[-103.61309800027237,12.177943199619108],[-103.57167800033932,12.181452800306602],[-103.53032699999096,12.185659399861549],[-103.48905200044936,12.190565099999503],[-103.44787600007726,12.196167000406888],[-103.40679899977391,12.202465100184384],[-103.36583700027722,12.209455499871581],[-103.32500499958098,12.217136399925039],[-103.28430899976041,12.225506800298717],[-103.24377400016988,12.234562899558284],[-103.20339999990995,12.244302700309504],[-103.16320799994912,12.254723500089597],[-103.1231990003335,12.265821500162247],[-103.08338900000223,12.277594599711165],[-103.04379299964711,12.290038099778599],[-103.00442499991374,12.303148299654424],[-102.96529400031778,12.316921200053457],[-102.92640700028272,12.331355100357712],[-102.88777899960104,12.346442199847786],[-102.84941899958704,12.362180699879559],[-102.81134800030986,12.378563899604444],[-102.77356700001695,12.395588899608185],[-102.73608399997653,12.413248999941516],[-102.69892100030381,12.431540499894311],[-102.66208599956911,12.450455700370412],[-102.62559500030892,12.469990700110884],[-102.58944699977911,12.490138999715214],[-102.55365799961692,12.510895699676951],[-102.51824199956854,12.532254199871545],[-102.48320800004905,12.554205900082366],[-102.44856299958269,12.576748800217104],[-102.4143140002908,12.59987160029425],[-102.38048599972899,12.62357140000023],[-102.34707599955766,12.647836699704044],[-102.31410199970742,12.672664599991435],[-102.28156300013222,12.698045700248997],[-102.24948100004804,12.723971400260041],[-102.21786499986973,12.750435799572642],[-102.18671399955133,12.777429600096127],[-102.15604399983062,12.804945900433097],[-102.1258699996007,12.832976300016355],[-102.09618400029126,12.861513099749914],[-102.06701699973468,12.890544899827376],[-102.03836100025984,12.920065899621704],[-102.0102390002296,12.950067499815418],[-101.98264300017422,12.980538400426951],[-101.95558899993227,13.011470799837696],[-101.92909200019557,13.042855300132146],[-101.90314499974187,13.07468320036952],[-101.87776900043895,13.106945000111807],[-101.85297400004998,13.13962940027676],[-101.82875800028137,13.172727600098824],[-101.80512999974957,13.206230199863967],[-101.7820969996767,13.240126600162625],[-101.75967399985512,13.274407400381335],[-101.73786200033095,13.30906109998989],[-101.71666699958229,13.34407899984609],[-101.69609100039924,13.379447899700949],[-101.67614699978412,13.41516020028314],[-101.65684499999668,13.451202400070827],[-101.63819100041422,13.487566899792739],[-101.62018600018365,13.524240500099154],[-101.60282900015812,13.561211599735657],[-101.58612799980722,13.598470700062876],[-101.57010700023778,13.636007299697269],[-101.55474100029681,13.673807100317561],[-101.54006199966148,13.711861599733197],[-101.5260619997614,13.750157399844284],[-101.51274099969726,13.788684799663883],[-101.50011400016086,13.827430699667218],[-101.48818200029899,13.866383600223116],[-101.47694400006543,13.905532800298658],[-101.46641500015204,13.944865200368838],[-101.45658900028207,13.984370200124772],[-101.44746400036325,14.02403450039202],[-101.43905600023413,14.063847499962264],[-101.4313579995719,14.103796000385273],[-101.42438499996769,14.143868400406518],[-101.41812099978421,14.184051499777013],[-101.41258199975937,14.224336600254048],[-101.40776099957037,14.264707600375573],[-101.4036790001856,14.305152899786606],[-101.40032200006016,14.345663099672436],[-101.3976819997244,14.386221899820953],[-101.39578200023902,14.426820799840186],[-101.39460800005907,14.467445399785504],[-101.73786899975443,14.508426699632594],[-101.73816700000697,14.543262500264291],[-101.73910500009561,14.578087800411822],[-101.74066199995121,14.612891200268791],[-101.74284399985061,14.647664999840003],[-101.74565900016262,14.682394999729581],[-101.74909999966513,14.717071499849965],[-101.7531660001107,14.751685099587803],[-101.75785799974682,14.786225300257513],[-101.7631839998416,14.820680600429512],[-101.76911900014164,14.855041499665617],[-101.77568099967829,14.889298400401003],[-101.78285999978908,14.923436200320509],[-101.79064900015112,14.957448999871588],[-101.79906499974982,14.991322499833643],[-101.80808999955372,15.025052100174435],[-101.81772599965507,15.05862430027139],[-101.82797200000772,15.092025800050749],[-101.83882100028882,15.125250799784737],[-101.85027299959916,15.158287000344956],[-101.86232000026769,15.191126799762117],[-101.87496199959651,15.22375389962292],[-101.888205999707,15.256165500337715],[-101.90203099963082,15.288349200255539],[-101.916435000175,15.320294399966713],[-101.93142699995599,15.351987800296911],[-101.94699100003453,15.383427599903939],[-101.96312700041062,15.414596600153118],[-101.9798360002311,15.445488000371085],[-101.99710099961135,15.47609619958007],[-102.01492300039604,15.506404900266091],[-102.03329499956448,15.536408399827906],[-102.05220800029889,15.566097300350293],[-102.07166299994736,15.595461800122109],[-102.09166000030865,15.624493600199628],[-102.11218299974553,15.653183899817236],[-102.13321700026427,15.681524300206434],[-102.15478500022749,15.709502200066595],[-102.17684899968151,15.73711400031101],[-102.19942500026343,15.764347099639053],[-102.22248799992116,15.791193000356827],[-102.24604800001509,15.817647900130623],[-102.27008100033777,15.843700400053535],[-102.29460099973625,15.869342800130255],[-102.31957999961719,15.894566500143981],[-102.3450240002573,15.919364899970276],[-102.37091800006556,15.94373040033787],[-102.39725499961844,15.967651399992235],[-102.42402600029959,15.991128899878959],[-102.45123300040257,16.014146800334686],[-102.4788509996738,16.036701200100424],[-102.50688900032702,16.058788300439858],[-102.53531600003328,16.080396699748007],[-102.56414800042978,16.10152239963918],[-102.59336899987932,16.122158100316199],[-102.62295499997316,16.142295799611588],[-102.65291600027308,16.161932000061881],[-102.68323499999514,16.181055100412721],[-102.71390499971585,16.19966700003215],[-102.74490400021932,16.217756300013377],[-102.77623699993751,16.235319099996616],[-102.8078920001156,16.252351799995722],[-102.83985900029251,16.268844600098362],[-102.87211600035306,16.284795799686549],[-102.90467099976672,16.300197599839521],[-102.93750000012483,16.315050100381939],[-102.97061200004367,16.329343799976527],[-103.00397499984626,16.343076700329618],[-103.03758200010913,16.356243099739402],[-103.07143399997904,16.368841199561871],[-103.10551499961741,16.380863199976829],[-103.13980900008517,16.392309199909789],[-103.17430900016012,16.403171500264648],[-103.20900700037265,16.413452100234394],[-103.24388900007722,16.423145299915802],[-103.27895400012693,16.432245299581041],[-103.31417099999157,16.440752000304713],[-103.34954800004004,16.448661800301977],[-103.38506300015723,16.455974599748117],[-103.42070799997413,16.462684599814565],[-103.456473999975,16.468793900418291],[-103.49234000009085,16.474292799673094],[-103.52831299974503,16.479190799815683],[-103.56436200020602,16.483476599965229],[-103.60048699967518,16.487150200121789],[-103.63668099962831,16.490217200363645],[-103.67291999985798,16.492670100344981],[-103.70920599955713,16.494510699609236],[-103.74551400027082,16.495738999954995],[-103.78183699987756,16.496353100215515]]]},"properties":{"objectid":17558,"radii":34,"stormid":"EP182026","basin":"ep","stormnum":18,"advnum":26,"synoptime":"2026092906","timezone":"UTC","ne":120,"se":140,"sw":140,"nw":60,"idp_source":"EP182026_radii","idp_filedate":1791040084000,"idp_ingestdate":1791040150000,"st_area(shape)":12.804639314721953,"st_perimeter(shape)":14.82750293764791,"binnumber":"EP3"}},{"type":"Feature","id":17559,"geometry":{"type":"Polygon","coordinates":[[[-103.79399100008447,15.165451999810102],[-103.80000300033811,14.500000999946337],[-103.11263999993594,14.504809399734143],[-103.11282300028114,14.516423199671067],[-103.11320499991069,14.528030400382818],[-103.11380000036962,14.539629900199884],[-103.1145940001129,14.551219000256822],[-103.11560800010903,14.56279089988027],[-103.11682100028884,14.574346500190984],[-103.11824800044479,14.585877399722335],[-103.1198810002079,14.597384499595137],[-103.121726999901,14.608862900302768],[-103.12377900010068,14.620306999968193],[-103.12602999958472,14.631712900030436],[-103.12849399989807,14.643080700314215],[-103.13115700039515,14.654404600192265],[-103.13402599960011,14.66568280012126],[-103.13710000016476,14.676908500327158],[-103.14038100038277,14.688082699956794],[-103.14385999983904,14.699200600227641],[-103.1475300000094,14.710256600162097],[-103.15141300010976,14.721248599843136],[-103.15548700002495,14.732173000183934],[-103.15976000012381,14.743028599690263],[-103.16422299999135,14.753807999639605],[-103.16889200036542,14.764512999575402],[-103.17373699986257,14.775136900447762],[-103.17878699982009,14.785675999747752],[-103.18402100016891,14.796128300081136],[-103.18944500028641,14.806490900235019],[-103.19506100026484,14.816760100398426],[-103.20085100017343,14.826933899579956],[-103.20684100031184,14.837006599674964],[-103.21299700001146,14.846978199784246],[-103.21933700010237,14.856844900272051],[-103.22586099968527,14.866600000289907],[-103.2325519997749,14.876246499976105],[-103.23942600020962,14.885775600363786],[-103.24645999992896,14.895188299700408],[-103.25366999967065,14.904479999752311],[-103.26104699991902,14.913649599749363],[-103.26859299986694,14.922695200323346],[-103.27629099962985,14.93161009972647],[-103.28416400026828,14.940391500167721],[-103.29218300044499,14.94904039989467],[-103.30036199990627,14.957552900346229],[-103.3086930000818,14.965925200088066],[-103.31717700011836,14.974155399752021],[-103.32580599964706,14.982240699748615],[-103.33457900042043,14.990181000253074],[-103.34350600020167,14.997968700195486],[-103.35256199963646,15.005604699797175],[-103.36176300036209,15.013089199607009],[-103.3710939998881,15.020414399804849],[-103.3805469996442,15.027584100026331],[-103.39013700032223,15.034590700100864],[-103.39985699980059,15.041434299853222],[-103.40969100003952,15.048112900090416],[-103.419662000301,15.054623599599608],[-103.42973299977803,15.060965499958002],[-103.4399260003845,15.067136799823572],[-103.45022599963011,15.073133499911251],[-103.46062499984379,15.07895570004564],[-103.47113799991865,15.084601400134659],[-103.48175000006233,15.090070700002968],[-103.49246200032098,15.095355000333143],[-103.50326500027944,15.100462900442665],[-103.51416800035281,15.105383899847254],[-103.52515399975721,15.110120799935089],[-103.53621700001446,15.114670800217368],[-103.54737099997158,15.119035700237532],[-103.55859400041271,15.123208999695692],[-103.56989299986196,15.12719249993404],[-103.58126800011803,15.130985299831877],[-103.59271199995874,15.134584400150061],[-103.60420999959172,15.13799099968503],[-103.61577599966256,15.141202899594305],[-103.62739600042499,15.144216499891684],[-103.63906900003423,15.147034600166819],[-103.65078699992,15.149655300152119],[-103.66255200017457,15.152078599847641],[-103.67436199980637,15.154299699571595],[-103.6862179997608,15.156323399905148],[-103.69809699987655,15.158145000091793],[-103.71001399994606,15.159765199804269],[-103.72195400017688,15.161186199683527],[-103.7339250000386,15.162404100269157],[-103.7459109996928,15.163419700159182],[-103.75791900036148,15.164231299634935],[-103.76993599964658,15.164842600305917],[-103.78196000015379,15.165248899617154],[-103.79399100008447,15.165451999810102]]]},"properties":{"objectid":17559,"radii":50,"stormid":"EP182026","basin":"ep","stormnum":18,"advnum":26,"synoptime":"2026092906","timezone":"UTC","ne":40,"se":0,"sw":0,"nw":0,"idp_source":"EP182026_radii","idp_filedate":1791040084000,"idp_ingestdate":1791040150000,"st_area(shape)":0.35582223763183296,"st_perimeter(shape)":2.40496018164347,"binnumber":"EP3"}},{"type":"Feature","id":17560,"geometry":{"type":"Polygon","coordinates":[[[-104.38178299978551,17.096355400381583],[-104.41670200029699,16.929990799835707],[-104.45008099993811,16.929429999694889],[-104.4834439997407,16.928304699602336],[-104.51676899958954,16.926616700000864],[-104.55007200022254,16.924369799626675],[-104.58332799958742,16.921560299568284],[-104.61651600031308,16.918190000268453],[-104.64964300002435,16.914264699656314],[-104.68269299978203,16.909778599802678],[-104.71564500041632,16.904737500435431],[-104.74850500040537,16.899143200198694],[-104.78125799995661,16.892992000180811],[-104.81389599960062,16.886293399920589],[-104.84638999979853,16.879045500049926],[-104.87875400029679,16.871252100204401],[-104.91097300040354,16.862913099659977],[-104.94301599958862,16.854030600132205],[-104.97489900038846,16.844612100168433],[-105.00660700031273,16.834657699593322],[-105.03812400042216,16.824171100016372],[-105.06943500002512,16.813154199906535],[-105.10053299969809,16.801610899623483],[-105.1314239997177,16.789546999794368],[-105.16208599996884,16.776964200137854],[-105.19249700033618,16.763866400114409],[-105.22267199971293,16.750259400351183],[-105.25258599964405,16.736143100124139],[-105.28223399989906,16.721527099696061],[-105.31160700006291,16.706415199601906],[-105.34069100038926,16.690807300017013],[-105.36949200025549,16.6747150003971],[-105.39798700039967,16.658140200110267],[-105.42616300022218,16.641084699599332],[-105.45402499995367,16.623560000293935],[-105.48155999989399,16.605567899938762],[-105.50875899962801,16.587114299885172],[-105.53560600021666,16.568204900036221],[-105.56211100032232,16.548847199838519],[-105.588242000268,16.529043200283581],[-105.61400600037649,16.508806199646529],[-105.63939700037116,16.488136299550717],[-105.66439800036733,16.467042899710179],[-105.68900300008829,16.445531799852802],[-105.71321899985685,16.423608799706471],[-105.7370220003649,16.40127940042413],[-105.76040600043649,16.378553400119472],[-105.7833710000715,16.355438200212916],[-105.80590100033078,16.331941599625281],[-105.82800299973854,16.308065399698592],[-105.84966300034711,16.283823000331324],[-105.87087199994272,16.259218200259852],[-105.89162400004744,16.234258700378859],[-105.91191899976195,16.208957700037956],[-105.93174000010083,16.183315299961237],[-105.95107999984202,16.157342899954983],[-105.96995499972337,16.131050100282039],[-105.98833500016002,16.104444500213674],[-106.00622599963009,16.077531799652945],[-106.02362099960936,16.050321599762185],[-106.04052000009784,16.022823300255254],[-106.05690800040378,15.995043799831649],[-106.07278399958182,15.966995199768803],[-106.0881500004221,15.938680600029784],[-106.10298900034201,15.910114299835186],[-106.11730999975657,15.881300900116571],[-106.13109599968055,15.852250100062179],[-106.14435599962957,15.822972300331514],[-106.1570739997652,15.793474199974469],[-106.16925000008735,15.763768199742742],[-106.18088499974283,15.733860999585602],[-106.1919710001614,15.703763000162439],[-106.20250700039765,15.673481899670094],[-106.21249399959828,15.643031099805569],[-106.22192400009243,15.612413400158403],[-106.23078899971244,15.581641199681769],[-106.23910500009561,15.550725899980421],[-106.2468490001811,15.519676200196614],[-106.2540280002919,15.488497700408686],[-106.26063500010508,15.457206699929372],[-106.26667799998961,15.425807000193061],[-106.27214800042975,15.394311000152697],[-106.27705400004197,15.362728100421634],[-106.28137200041738,15.331067099966845],[-106.28512599996481,15.2993392996691],[-106.2883070000679,15.267551400376988],[-106.29090100008096,15.235713999701488],[-106.29292299979653,15.20383929964413],[-106.29437300011375,15.171935100024996],[-106.29524199971843,15.140010799658796],[-106.29553199960202,15.10807990006748],[-106.81205000040711,15.06690219997671],[-106.81085200001968,15.026279399574776],[-106.80892200005019,14.985682499647794],[-106.806266999922,14.945123700398597],[-106.80287199984281,14.904617300148402],[-106.79875199960497,14.864171999838049],[-106.79391499957745,14.823801999762622],[-106.78833799959892,14.783520699820599],[-106.78204299978449,14.743338599596825],[-106.77502399985764,14.703270900331916],[-106.76729599961061,14.663326300268693],[-106.75884200005817,14.62351699960999],[-106.74967199986281,14.583855599656317],[-106.73980699999294,14.544356299803553],[-106.72922500033343,14.505028700314426],[-106.71794099977723,14.4658842000959],[-106.70596299959266,14.426935199899674],[-106.6932749999412,14.388194099578186],[-106.67990899960057,14.349674200104403],[-106.66585499990822,14.311384199721203],[-106.65112300042603,14.2733344999873],[-106.63570399983962,14.235541300390821],[-106.61962100010896,14.198011399806376],[-106.60286700001194,14.160759000327744],[-106.58544899987135,14.123795499962512],[-106.56737500005613,14.087128599605307],[-106.54865300003581,14.05077360032152],[-106.52928199976441,14.014737100436946],[-106.50927699993349,13.979032499850121],[-106.48863999973611,13.943671200165909],[-106.46737700034816,13.908662799848457],[-106.44548799997114,13.874017699557328],[-106.42299699971164,13.839745499555306],[-106.39990200037693,13.805856700326615],[-106.37619799993763,13.77236179965746],[-106.35190600026158,13.739273100273522],[-106.32703399991908,13.706596400103933],[-106.30158199980934,13.674345000121775],[-106.27556599977095,13.642526600322469],[-106.24898499975785,13.611150700244764],[-106.22185499960847,13.580226900151445],[-106.19418299964559,13.5497645997566],[-106.16597700023829,13.519773500047108],[-106.13724499995669,13.490261999791585],[-106.10798599965409,13.461237899709431],[-106.07823199990679,13.432711599560832],[-106.04796599993085,13.404690700415642],[-106.0172200003027,13.377183000295361],[-105.98598499970785,13.350198700210001],[-105.95427699978359,13.323743800436205],[-105.92210399999948,13.297826799567304],[-105.88949599994032,13.272456199793908],[-105.85643000034412,13.247637700119924],[-105.82292899957355,13.223379100365321],[-105.78901699963473,13.199689900068961],[-105.75467699974365,13.176574700162405],[-105.71994799990017,13.154042199787852],[-105.68482199973539,13.132098199572397],[-105.64930699961826,13.110747300447713],[-105.61343400007894,13.090000199849499],[-105.57719399980317,13.06985950041576],[-105.54060399957484,13.050332099946615],[-105.5036850003624,13.031424499641105],[-105.46643100009049,13.013140699683674],[-105.42885600030405,12.995488200420255],[-105.39098400031128,12.978470799687784],[-105.35281400006596,12.962093399690787],[-105.31436899972948,12.946362499829661],[-105.2756500002472,12.9312811002427],[-105.23667099956685,12.91685489993381],[-105.19743300043251,12.903086700291112],[-105.1579740000999,12.8899822003184],[-105.11827899967602,12.877544400154079],[-105.07837699959873,12.865776100286951],[-105.03827700028324,12.854683899942188],[-104.9979860002536,12.844267800019111],[-104.95752000024771,12.834532700024226],[-104.91688499964295,12.825480500225069],[-104.87610599959208,12.817113900386346],[-104.83516700025677,12.809435799922369],[-104.79412099958438,12.802448299649427],[-104.75294500011159,12.796154999553721],[-104.71166200020104,12.790555000313134],[-104.67029600006026,12.785652199589492],[-104.62885299996589,12.781445500209827],[-104.58732599959512,12.777939799882006],[-104.54576100016993,12.775133100312473],[-104.5041430000993,12.773027399794785],[-104.4625019998673,12.771623600349017],[-104.4208370003272,12.770921700176473],[-104.37916599961108,12.770921700176473],[-104.33750200011713,12.771623600349017],[-104.29585300041555,12.773027399794785],[-104.25423400029877,12.775134100358571],[-104.21266899997426,12.777940799928103],[-104.17114999997244,12.781447399577985],[-104.12969999955521,12.785653099810872],[-104.08832599994486,12.790556899681292],[-104.04705000035716,12.796155899775101],[-104.00588200035395,12.802450199916905],[-103.96482800021192,12.809438700235944],[-103.92389700034619,12.817115799754504],[-103.88310999992643,12.825482399593227],[-103.84247600026708,12.834535600337801],[-103.80201000026119,12.844270700332686],[-103.76171900023155,12.854685800209666],[-103.72161900001674,12.865779899922586],[-103.68171699993951,12.877547299568334],[-103.6420210003688,12.889985099732712],[-103.60256200003619,12.90308949988065],[-103.56333200037142,12.916857700422668],[-103.52435299969108,12.931284899878392],[-103.48563400020885,12.946367300410714],[-103.44718200044889,12.962097200225742],[-103.40901200020357,12.978474600222739],[-103.37114000021074,12.99549200005589],[-103.33357199984783,13.01314450021863],[-103.2963100001063,13.03142830017606],[-103.25939200004069,13.050336799803631],[-103.22280900013516,13.069864300097493],[-103.18656899985933,13.090005899752612],[-103.15068799995112,13.110753100175543],[-103.11518100020288,13.13210300015345],[-103.0800550000381,13.154047000368905],[-103.04531899987182,13.176582300333052],[-103.01098600030355,13.199696500193454],[-102.97706599999583,13.223385800314588],[-102.94357299959415,13.247643499847754],[-102.91050699999795,13.272461899697078],[-102.877891999616,13.297833399691797],[-102.84572600015468,13.323750500385415],[-102.81401800023042,13.350206400205366],[-102.78278399968173,13.377190599566632],[-102.75203700000742,13.404697400364853],[-102.72177100003154,13.432719199731423],[-102.69200899991529,13.461245499880079],[-102.66275799998164,13.49026969978695],[-102.63402599970004,13.519781100217756],[-102.60581199992373,13.549773199973345],[-102.57814800032986,13.58023550036819],[-102.55101800018048,13.611159299562189],[-102.52442899979843,13.642534300317834],[-102.49841299976003,13.67435360033852],[-102.47296900001925,13.706606899688779],[-102.44809699967669,13.73928169959089],[-102.42380500000064,13.772372200316909],[-102.4001009995614,13.805865299643983],[-102.37700700027273,13.839754099772051],[-102.35450699959824,13.874026299774073],[-102.33262599959011,13.908672300286582],[-102.31136300020222,13.943680800428751],[-102.29072600000478,13.979043000334343],[-102.27072100017392,14.014746699800469],[-102.25134999990246,14.050782199638945],[-102.2326279998822,14.08713819986815],[-102.21455400006693,14.1238041001792],[-102.19714400029528,14.160769499912647],[-102.18038900015216,14.198021900290598],[-102.16429900009865,14.235551799975724],[-102.1488879998812,14.273345899793583],[-102.13414800003005,14.311392799937892],[-102.12009400033776,14.349683800367245],[-102.10672799999708,14.388206500329886],[-102.09404799981525,14.426945700383897],[-102.08206899958458,14.465894699680803],[-102.07078599997379,14.505038299677949],[-102.06020400031429,14.544366800287719],[-102.05033100007552,14.58386610014054],[-102.04116800020296,14.623527500094212],[-102.03271499979729,14.663336799853596],[-102.02497900008069,14.703281399916818],[-102.01796000015378,14.743351000348525],[-102.01167299980898,14.783531200304765],[-102.00609599983045,14.823814399615003],[-102.0012510003333,14.86418439969043],[-101.99713100009546,14.904626799687207],[-101.99374400038522,14.945135100204823],[-101.99108099988814,14.985693000132017],[-101.98915900028754,15.026289900058998],[-101.98796099990011,15.066914599829033],[-102.33214599993784,15.108038899975384],[-102.33243599982143,15.142874699707761],[-102.33335900011764,15.177698099587758],[-102.33490799960441,15.212505299979739],[-102.33709000040312,15.247277300007511],[-102.33989700034618,15.282009100339849],[-102.34333000037913,15.316685700285007],[-102.34739699997147,15.35130309965848],[-102.35208899960753,15.385845199696348],[-102.3574070002328,15.42030140008967],[-102.36335000000241,15.454664199593253],[-102.36991100039228,15.488921200153413],[-102.37709799997265,15.523063699929935],[-102.38490300017321,15.557078399748491],[-102.3933260000947,15.59095759961366],[-102.40236699973713,15.624688100175831],[-102.4120179996309,15.658262300364981],[-102.42227200035245,15.69167040026889],[-102.43314399989561,15.724899300362551],[-102.44461800022043,15.757938400337025],[-102.45668800015096,15.790783899657356],[-102.46935999996396,15.823416700320593],[-102.48261999991297,15.855831099725606],[-102.49647500032091,15.888019600224482],[-102.51091799996561,15.919967700249288],[-102.52593199986183,15.951670600118234],[-102.54153399989406,15.983111399771417],[-102.55770900027005,16.014287900366469],[-102.57444799967533,16.045186999680425],[-102.59175900027753,16.075798000277643],[-102.60961900011665,16.106113400013555],[-102.62803599956163,16.136123700248731],[-102.64700300008826,16.165819199996236],[-102.66650400005943,16.195190399717319],[-102.68654599979794,16.224227899697951],[-102.70712299992641,16.252922099675288],[-102.72821799966084,16.281269100188979],[-102.74983199994676,16.309255600265885],[-102.77195700041511,16.336872100367259],[-102.79458599984395,16.364110899598472],[-102.81771099966278,16.390968299947247],[-102.84133099982569,16.417427100080715],[-102.86544000005586,16.443487200174275],[-102.8900219996155,16.469135300154107],[-102.9150699999804,16.494367600384578],[-102.94058200015905,16.519172700160141],[-102.96655299992091,16.543544799752851],[-102.9929660002806,16.567474399623961],[-103.01981400001597,16.590953799778163],[-103.04709599998034,16.613983199864947],[-103.07479100010448,16.636545199801276],[-103.10290499976583,16.658634200408187],[-103.13142400011742,16.680250199886927],[-103.1603389998449,16.701383599773465],[-103.18963600010125,16.72202489962956],[-103.21931499998715,16.742170299819634],[-103.24935899961804,16.761810299905562],[-103.27976999998543,16.780941000426992],[-103.31052399998254,16.799558599949592],[-103.34162099960935,16.817655599926127],[-103.37304700001891,16.835224199637253],[-103.40480000021972,16.852262499714755],[-103.43685900014265,16.868761100444544],[-103.46922299974153,16.884717900111127],[-103.50186899975444,16.900127400259464],[-103.53480499965093,16.914983700437574],[-103.56800800016896,16.929281199667741],[-103.60147100008646,16.943018000380562],[-103.63518499988771,16.956190099693458],[-103.66914400019533,16.968792000050883],[-103.70333100022538,16.980819700369011],[-103.73772399986262,16.992271400205084],[-103.77234600016766,17.003137600020352],[-103.80715199996473,17.013420100257576],[-103.84214000006085,17.02311709957462],[-103.87731199964895,17.032222700217574],[-103.91264300027416,17.040731400134121],[-103.94812799990717,17.048644999767077],[-103.98374900041591,17.055959700380015],[-104.01950800009405,17.062671699639338],[-104.05538900000226,17.068782799786504],[-104.09137000002539,17.074285499576263],[-104.12744900007118,17.079181700175468],[-104.16361999986299,17.08347129996065],[-104.19986000013881,17.087148699752845],[-104.23615999958423,17.090215699994701],[-104.27252200009013,17.092672299786955],[-104.30891400018089,17.094510999683052],[-104.34534500027144,17.095739399853585],[-104.38178299978551,17.096355400381583]]]},"properties":{"objectid":17560,"radii":34,"stormid":"EP182026","basin":"ep","stormnum":18,"advnum":26,"synoptime":"2026092912","timezone":"UTC","ne":120,"se":140,"sw":140,"nw":110,"idp_source":"EP182026_radii","idp_filedate":1791040084000,"idp_ingestdate":1791040150000,"st_area(shape)":14.773472576718151,"st_perimeter(shape)":14.482369960055674,"binnumber":"EP3"}},{"type":"Feature","id":17561,"geometry":{"type":"Polygon","coordinates":[[[-104.39245600004426,15.931817100079229],[-104.40755500026296,15.931817100079229],[-104.4226530004355,15.931562400384621],[-104.43774400028531,15.931052199699423],[-104.45281199997373,15.930290199633134],[-104.46787300023868,15.929272700374952],[-104.48291799976579,15.928002399891],[-104.49793199966194,15.926477399712383],[-104.51291700001946,15.924702600244927],[-104.52786300037707,15.922673200008319],[-104.54277800020446,15.920393000436775],[-104.55764000028569,15.917862899953036],[-104.57245600004427,15.915081000088207],[-104.58721900005673,15.912050200256658],[-104.60192900032303,15.908771499605166],[-104.6165700001053,15.905247700421171],[-104.63114200030299,15.901474000324981],[-104.64565300038555,15.897456199943804],[-104.66008799966136,15.893195200398338],[-104.67443100009046,15.888692900157366],[-104.68869799971282,15.883947399852786],[-104.70287299958915,15.878964400286975],[-104.71695699976561,15.873741100071868],[-104.73094199987332,15.868282299788461],[-104.74482699986606,15.862588899658135],[-104.75860600036651,15.856662799948424],[-104.77227000006036,15.850504899981274],[-104.78581999989296,15.844115299581574],[-104.79925499981829,15.8375025000405],[-104.81256899955957,15.830661799702455],[-104.82575199955505,15.823598900269189],[-104.83880599989686,15.816314700163446],[-104.85172300021617,15.808812099698798],[-104.86450199956755,15.801094099912916],[-104.87713600032606,15.793158500164793],[-104.88961800037032,15.785014200145383],[-104.90196200034592,15.776659000112886],[-104.91414600013769,15.768096900251862],[-104.92616999974558,15.759331700197947],[-104.93803400006897,15.750367199586719],[-104.94972999983952,15.74120140012468],[-104.96126600032557,15.731841099787061],[-104.97261800042031,15.722288099916],[-104.98380300000832,15.712545399750525],[-104.99479699978161,15.702613799687242],[-105.00561500043182,15.692500100399457],[-105.01625099988365,15.682207099678067],[-105.02669500037388,15.671732899953497],[-105.0369490001961,15.661087999911388],[-105.04700499988076,15.650271400404961],[-105.05685399991205,15.639285099727715],[-105.06650499980577,15.628134699756743],[-105.07595799956192,15.616823199731016],[-105.08520499971087,15.605355300406927],[-105.09423799988372,15.593733799575318],[-105.10305800012651,15.5819607000264],[-105.1116640003932,15.570041699864703],[-105.12004099999206,15.557979599578971],[-105.12821199998371,15.545777300382269],[-105.13615400020683,15.533438699936198],[-105.14386699976211,15.520968400071752],[-105.15135999996392,15.508373300387632],[-105.15861499998215,15.495651200242833],[-105.16564200027801,15.482806199646518],[-105.17243200043634,15.469847700111416],[-105.17898599960409,15.456778500327687],[-105.18530300043301,15.443597799898669],[-105.19137599990239,15.430315000337146],[-105.19721200013362,15.416929199622984],[-105.20280499995067,15.403448100449623],[-105.20814499979178,15.389876399976004],[-105.2132490004409,15.376217799811741],[-105.21809399993805,15.362472499606326],[-105.22269399982815,15.348649999797772],[-105.22703600041098,15.334750199662096],[-105.23113999991097,15.320778800001733],[-105.23497799973478,15.306741700369344],[-105.23856399962881,15.292641599630258],[-105.24189000012331,15.278483399989057],[-105.24495700036516,15.264270800357281],[-105.24777199977785,15.250007600370623],[-105.25032799983722,15.235703500116585],[-105.2526249996439,15.221355399632102],[-105.25466200005116,15.206971200360726],[-105.25643900015962,15.192554499590642],[-105.25794999969264,15.178111999968962],[-105.25920099982619,15.163641900153721],[-105.26019299970704,15.149156599997241],[-105.26092500018854,15.134655999674806],[-105.26139100009448,15.120145799988791],[-105.26158900023205,15.10562990039972],[-105.43383000035413,15.088943499642937],[-105.43342599971004,15.071524600180283],[-105.43271600024309,15.054118200394782],[-105.43168600040849,15.036727000051144],[-105.43034399967576,15.019353900362375],[-105.42868799975128,15.002005600378311],[-105.42671999982804,14.984688800048218],[-105.42443799981373,14.967407200082334],[-105.42184399980067,14.950167700079419],[-105.41893799978874,14.932973900025615],[-105.41572600005475,14.915832499870135],[-105.41220899974542,14.898744600383168],[-105.40837900029055,14.881723400015062],[-105.40425099968377,14.864766100075599],[-105.39981099997755,14.847882299928358],[-105.39505800022641,14.831074700237366],[-105.39002200001516,14.814351099923442],[-105.38467399980516,14.797714199650727],[-105.37902800024193,14.781169899871145],[-105.373084999573,14.764722799717561],[-105.36685199991979,14.748377799595914],[-105.36032900038299,14.732142399852023],[-105.35350799969433,14.716018700402856],[-105.34639700002145,14.700010300335236],[-105.33900499998066,14.68412489964453],[-105.33132200001018,14.66836739963594],[-105.32336399994853,14.652741400295554],[-105.31511700004944,14.637250900009178],[-105.30660200038193,14.621903400022006],[-105.29781299977003,14.606700900426347],[-105.28875000001239,14.591649100225936],[-105.27941899958705,14.57675270017711],[-105.26982100033882,14.56201459969418],[-105.25995599956963,14.547440499579523],[-105.24983999981606,14.533035300239078],[-105.2394639997637,14.518801699638857],[-105.22882800031186,14.504748299794358],[-105.21794900044591,14.490872400041383],[-105.2068179997508,14.477183300269246],[-105.19544999981753,14.463683100394917],[-105.18382999995441,14.450378399643569],[-105.1719889997924,14.437269199813841],[-105.15990400006945,14.424364100223158],[-105.14759099972474,14.411663099972202],[-105.13505599993437,14.399170899817307],[-105.12229899979889,14.386891400118145],[-105.10932200030999,14.374831200099948],[-105.09612299957666,14.362989400440597],[-105.08272599960509,14.351372700190097],[-105.06911499965742,14.339981999569773],[-105.05531299989491,14.328823100106149],[-105.04130599967203,14.317899699811448],[-105.02710699958828,14.307211900309085],[-105.0127179997358,14.296766299924968],[-104.99814600043749,14.286564799825783],[-104.98339800021745,14.276609400103894],[-104.9684679996983,14.266904799716883],[-104.95336900037898,14.257453899877703],[-104.93810299965361,14.24825669968709],[-104.922668000128,14.239319800168801],[-104.90708199993423,14.230644199570293],[-104.89135000020224,14.22223089973636],[-104.87545800028636,14.214085599670852],[-104.85943599977145,14.206209199595037],[-104.8432689997644,14.198603599776447],[-104.82696499973486,14.191270800307336],[-104.81053900037449,14.184214599923962],[-104.79398300041504,14.177435899747138],[-104.77731299969508,14.170937500265552],[-104.76052900001326,14.164721499597647],[-104.74363699984758,14.158788699938668],[-104.72663900018961,14.153140999757454],[-104.70954899988635,14.147781400091674],[-104.6923600004136,14.142709700392516],[-104.67508699976514,14.13792899972367],[-104.65772200026998,14.133439999556458],[-104.64028900033702,14.129243899586413],[-104.62277999959718,14.125342400431578],[-104.60520200017208,14.121736500339352],[-104.58757000005534,14.118427300079986],[-104.56987799986968,14.115415600050028],[-104.5521319998918,14.112702400295689],[-104.53433999959123,14.110288600138915],[-104.51651000023622,14.108175300349956],[-104.49865000039711,14.106361400158619],[-104.48075099965882,14.104850799924634],[-104.46283700002743,14.103640600233632],[-104.44489299991193,14.102733599775945],[-104.42694100032679,14.10212899995355],[-104.40898899984239,14.101825699996198],[-104.39102199956551,14.101825699996198],[-104.37306199961148,14.10212899995355],[-104.3551100000264,14.102734599822043],[-104.33717300023369,14.103641499555692],[-104.3192520002795,14.104851700145957],[-104.30135300044054,14.106362300379999],[-104.28349299970205,14.108175300349956],[-104.2656630003471,14.110289600185013],[-104.24787900041542,14.112702400295689],[-104.23013300043755,14.115416500271408],[-104.21243299988294,14.118428200301366],[-104.19480099976624,14.12173750038545],[-104.17722300034109,14.125344299799735],[-104.1597209999241,14.129244799807793],[-104.14228099966829,14.133440999602612],[-104.12491600017319,14.13792989994505],[-104.10764300042405,14.142710700438613],[-104.09046200042087,14.147782300313054],[-104.07336399974866,14.153142900024932],[-104.05637399956032,14.158790600206146],[-104.03947399992506,14.164722399819027],[-104.02269000024324,14.17093939963371],[-104.00602000042261,14.177437800014616],[-103.98947099988663,14.184216500191496],[-103.97303800020347,14.191272699675494],[-103.95674099959734,14.198605500043925],[-103.94057499963645,14.206211099862514],[-103.92453800022844,14.21408749993833],[-103.90865299973603,14.222233800049992],[-103.89291399968124,14.230647099883868],[-103.8773270003407,14.239322699583056],[-103.86190000028466,14.248259500175948],[-103.84663399955934,14.257455800145181],[-103.8315429997096,14.266907700030458],[-103.81661200004368,14.276612300417469],[-103.80185700040016,14.28656670009326],[-103.78728500020247,14.296770099560604],[-103.77289600035004,14.307214699898623],[-103.75869800031239,14.317902600125024],[-103.74469800041231,14.328826000419724],[-103.73088099995806,14.339984899883348],[-103.71727800037934,14.351374599558255],[-103.70388000036161,14.362992299854909],[-103.69068899999723,14.374834999735583],[-103.67771099956286,14.386897100021315],[-103.66495500037286,14.399173700306164],[-103.65241200021353,14.411666899607894],[-103.64010600019168,14.424366999637471],[-103.6280209995694,14.437273000348853],[-103.61617299998386,14.450381299957144],[-103.60456099959038,14.463686900030552],[-103.59318500018753,14.477187199729599],[-103.58206199986131,14.490876199677018],[-103.57117499962641,14.50475220015403],[-103.5605469996442,14.518806500219966],[-103.55017099959184,14.533039099874713],[-103.54004700036865,14.547445300160632],[-103.5301899999684,14.562019299551196],[-103.52059199982085,14.576755499766648],[-103.51125299992589,14.591651899815474],[-103.50219699959177,14.606705700108137],[-103.4934009995564,14.621908199703796],[-103.48487899956609,14.637257599958389],[-103.47664600031254,14.652745199931189],[-103.4686809999281,14.668371200170895],[-103.46100600032656,14.68412970022564],[-103.45360599991687,14.700013199749492],[-103.44650299971357,14.716021499992394],[-103.43968199992423,14.732146300211696],[-103.43315100001854,14.748383500398347],[-103.42691800036533,14.764725700031192],[-103.4209749996964,14.78117280018472],[-103.41533699960274,14.797719000231837],[-103.4099880002459,14.8143539004123],[-103.40493800028838,14.831079499919099],[-103.40020000032968,14.847886999785374],[-103.39575999972413,14.864770899757332],[-103.39163200001667,14.881727199650697],[-103.38779400019286,14.898751300332378],[-103.38427699988353,14.91583540018371],[-103.38106500014953,14.932979599928728],[-103.37816599956113,14.950172399936434],[-103.37557200044739,14.967413900031602],[-103.37329099957987,14.984694499951331],[-103.37132299965663,15.002012300327522],[-103.36965900026257,15.019357699998011],[-103.36832399985263,15.036729799640682],[-103.36729400001798,15.054122900251798],[-103.36658499969786,15.07153130012955],[-103.36617999990699,15.088948200399273],[-103.53841399970622,15.105632799813975],[-103.53862000021275,15.120148700302423],[-103.53908500007259,15.134661699577919],[-103.5398179997008,15.149160399632876],[-103.54080999958171,15.163648600102931],[-103.54205300024569,15.178114900282537],[-103.54357100010145,15.1925573000795],[-103.54534900025607,15.206975900217742],[-103.547385999764,15.221358299945734],[-103.54968299957068,15.235707299752221],[-103.55223100016042,15.250014300319833],[-103.55504599957311,15.264274599992916],[-103.55812100018392,15.27848819967079],[-103.56144699977909,15.292645499989987],[-103.56503299967312,15.306744599783599],[-103.56887799981973,15.320782700361463],[-103.57296799957345,15.334754000197108],[-103.57731600043297,15.348652800286629],[-103.58191700036917,15.362475399919902],[-103.58676900018912,15.37622170017147],[-103.59186599961612,15.389880199611639],[-103.59720600035655,15.403454800398833],[-103.60279800012751,15.416933099982714],[-103.60862700003594,15.430317899751401],[-103.61470000040458,15.443601600433624],[-103.62101700033418,15.456781399741942],[-103.62757899987082,15.469851499747051],[-103.63436900002921,15.48281000018153],[-103.64139600032507,15.495654099657088],[-103.64865899981288,15.50837519975579],[-103.65614299959964,15.520972300431481],[-103.66385700010039,15.533442499571834],[-103.67179900032352,15.545781100017905],[-103.67996199994622,15.557983400113983],[-103.68835400023681,15.570045500399658],[-103.69695300018071,15.581963499615938],[-103.70577999984704,15.593737600110273],[-103.71480599969703,15.605359100042563],[-103.72404500037635,15.616827000265971],[-103.7334980001325,15.628137600070318],[-103.74315600034902,15.639285999949095],[-103.7530139998961,15.650272399551739],[-103.76306900043392,15.661089900178865],[-103.77332300025614,15.671736699589133],[-103.78376000042357,15.682208999945544],[-103.79438800040577,15.692503900035092],[-103.80521399962629,15.702617600222197],[-103.81621599976847,15.712547300018002],[-103.82739299988691,15.722291899551635],[-103.83875300035061,15.731843900275919],[-103.85028099956838,15.741205199760316],[-103.86197700023826,15.750369099854197],[-103.87383999961617,15.759335499833583],[-103.88587199959301,15.768100699887555],[-103.8980560002841,15.776661900426518],[-103.91038499956795,15.785015100366707],[-103.92288200030396,15.793160400432271],[-103.93550899984035,15.801095000134296],[-103.94828800009105,15.808815000012373],[-103.96121199983384,15.816316600430923],[-103.97426600017565,15.823602699904825],[-103.98745000021722,15.830663699969932],[-104.00075500044284,15.837503400261824],[-104.01419100041426,15.844119100116529],[-104.02774799967034,15.850506800248752],[-104.04140499994071,15.856663700169747],[-104.05519099986464,15.862590799925613],[-104.0690690004339,15.868284200055939],[-104.08305399964229,15.873743100164063],[-104.0971369997726,15.878966299655133],[-104.11131299969509,15.883949300120264],[-104.12558000021676,15.888692900157366],[-104.13993100011544,15.893197099766496],[-104.15436600029057,15.897457100165184],[-104.16886099963534,15.901475000371136],[-104.1834489996715,15.905247700421171],[-104.19809000035315,15.908773399872643],[-104.21279899967402,15.912050200256658],[-104.22755400021686,15.915081000088207],[-104.24237100002154,15.917862899953036],[-104.25724000042555,15.920394899804933],[-104.27214799993016,15.922674200054416],[-104.28709400028777,15.924702600244927],[-104.3020779996998,15.926480300025958],[-104.31709299964211,15.928004300158477],[-104.33212999969965,15.929272700374952],[-104.3471909999646,15.930290199633134],[-104.36227400034477,15.931052199699423],[-104.37736500019452,15.931562400384621],[-104.39245600004426,15.931817100079229]]]},"properties":{"objectid":17561,"radii":50,"stormid":"EP182026","basin":"ep","stormnum":18,"advnum":26,"synoptime":"2026092912","timezone":"UTC","ne":50,"se":60,"sw":60,"nw":50,"idp_source":"EP182026_radii","idp_filedate":1791040084000,"idp_ingestdate":1791040150000,"st_area(shape)":2.7452565395064252,"st_perimeter(shape)":6.1647497133700915,"binnumber":"EP3"}},{"type":"Feature","id":17562,"geometry":{"type":"Polygon","coordinates":[[[-105.37552599972503,18.461805299874811],[-105.42295099958886,18.295440700228255],[-105.46880299975851,18.294672000212756],[-105.51463299981299,18.293130900370898],[-105.56042499991372,18.290822999881698],[-105.60617099969176,18.287744500008785],[-105.65184000041558,18.283897399945204],[-105.69744099980221,18.27928729976918],[-105.74294300001935,18.273906700034331],[-105.78833799979873,18.267764999555197],[-105.83361100024734,18.260866200315036],[-105.87873800025841,18.253204300238394],[-105.92372099992411,18.244787199869506],[-105.96854400030526,18.235614800282974],[-106.01318400034125,18.225690800390282],[-106.05761699982457,18.215021099744092],[-106.10185200006964,18.2036057001431],[-106.14586600001581,18.191450100042232],[-106.18963600040098,18.178556400257833],[-106.23316200032593,18.164930299793639],[-106.27642099962935,18.150575600084039],[-106.31940499974087,18.135496099865236],[-106.36209899996879,18.11969759976455],[-106.40448799962138,18.103185699860319],[-106.44655599975948,18.085962300419965],[-106.4882970001064,18.068036999907747],[-106.52969399987808,18.049413699582715],[-106.57073200018158,18.030098000422527],[-106.61140399979467,18.010095599632336],[-106.65169499982426,17.989414199905525],[-106.69158200010912,17.968061399614044],[-106.73107100002653,17.946041100016885],[-106.77013400008394,17.923358900293181],[-106.8087690001891,17.900028200341296],[-106.84696199969642,17.876050900428879],[-106.88468900019711,17.851434699651804],[-106.92196699977711,17.826190899790333],[-106.95875500014307,17.800323500129593],[-106.99504900021111,17.773845700019194],[-107.03084599984294,17.746761299994148],[-107.06613200019154,17.719080000142014],[-107.10089899998877,17.69080920008463],[-107.13512399997251,17.661960600001805],[-107.16880800018896,17.632543599607573],[-107.20194200022303,17.602563899704364],[-107.23450500000564,17.572034800365884],[-107.26649500034387,17.540960299977996],[-107.29790500001565,17.509355499956484],[-107.32872000012782,17.477230100388965],[-107.35892499998869,17.444589599730364],[-107.388526999921,17.411449399770106],[-107.41750299976354,17.377821000139193],[-107.44585399956236,17.343704200288755],[-107.47356400037819,17.309120199937411],[-107.50063300041256,17.27407839969851],[-107.52703900044941,17.238584500374543],[-107.55278799986621,17.202655800424964],[-107.57786599981591,17.166301699563917],[-107.60226399988358,17.129528000217192],[-107.6259840001614,17.092351900120207],[-107.64900999991147,17.054784799978677],[-107.67134099998708,17.016838099598772],[-107.69296299974252,16.978519400050402],[-107.71387500003112,16.939845999793192],[-107.73407699995352,16.90082740016453],[-107.75354800033983,16.861475000071323],[-107.77229299962215,16.821802099587387],[-107.79030600022162,16.781822200234501],[-107.80757899997076,16.741546600195591],[-107.82411199976889,16.700984999558216],[-107.83989700014632,16.660152399913443],[-107.85492699988106,16.619064300177456],[-107.8692019998723,16.577728299621469],[-107.88272100007401,16.536161399928801],[-107.89546999984054,16.494369499752736],[-107.90746299981748,16.452371599969524],[-107.91867099956687,16.410180999753493],[-107.9291079997343,16.367809300359056],[-107.93877400031977,16.325265899701662],[-107.9476620001011,16.282569900280805],[-107.95577199997774,16.239728899569172],[-107.96308900015714,16.196760199623668],[-107.96962700038569,16.153675100425687],[-107.9753879998562,16.110487000075125],[-107.98035400043665,16.067207300176904],[-107.98452799956743,16.023851399822377],[-107.98792299964663,15.980430599892429],[-107.99051699965969,15.936963099967215],[-107.99232500029842,15.893458399585597],[-107.99334699976413,15.849927900352441],[-107.9935839999016,15.806386899735799],[-107.47450299961366,15.77273270035397],[-107.47351099973275,15.737911199842131],[-107.47190100013097,15.703109700252583],[-107.46964300032408,15.66834070036316],[-107.46676599985091,15.633613599887838],[-107.46326400023332,15.598940799578372],[-107.45912900020312,15.564332000421643],[-107.45437599955267,15.529796600332986],[-107.4490050000806,15.495348900331635],[-107.4430079996194,15.46099470014542],[-107.43638600001378,15.426746399626779],[-107.42915300011077,15.392615299656484],[-107.42130999995646,15.35861020010077],[-107.41284900008117,15.324740399949633],[-107.40377799995463,15.291019399825586],[-107.39411200026848,15.257455799945376],[-107.38383500028493,15.224060099893848],[-107.37296299984246,15.190839800016875],[-107.36149599984043,15.157809300259146],[-107.34943400027879,15.124974299624341],[-107.33678399968176,15.092348099984974],[-107.32355500026296,15.059939399583754],[-107.30974600017765,15.027754800343871],[-107.29535700032523,14.995810499954757],[-107.28040299959866,14.964109399629251],[-107.26488499984276,14.932666800432628],[-107.24880200011211,14.901487400423321],[-107.23216199987627,14.870583499628935],[-107.21497300040357,14.839962000346191],[-107.19724300026417,14.809634199858579],[-107.17897000026522,14.779608700181484],[-107.16017200033747,14.749898000092742],[-107.1408309996508,14.720503800210338],[-107.12097899968097,14.69143769998999],[-107.10060099973623,14.662710199915921],[-107.0797199999779,14.634330699702161],[-107.05834199978335,14.606303200432478],[-107.03646099977522,14.578640899657955],[-107.01409099969976,14.551348699582945],[-106.99123399964924,14.524437900189071],[-106.9679030002232,14.497913400083462],[-106.94410700003795,14.471783599833429],[-106.91985300031564,14.446060199618671],[-106.89513399983412,14.42074580027861],[-106.86997999997692,14.395849199880786],[-106.84438300037505,14.371379899762701],[-106.81835199964496,14.34734340017792],[-106.79190100023089,14.323748599918076],[-106.76503799980372,14.300601000136169],[-106.73775499979331,14.277907399706862],[-106.71008299983049,14.25567529987535],[-106.68202199991526,14.233910600194179],[-106.65357200004769,14.212620700285242],[-106.62474800002008,14.191811600425183],[-106.59557299999386,14.171488799968301],[-106.56603200017656,14.151659999809283],[-106.5361400003606,14.132328999583819],[-106.50591999980804,14.113504400407919],[-106.47535699962572,14.095189099897198],[-106.44448899976743,14.077389699974788],[-106.4133000003946,14.060111000322536],[-106.38181299986996,14.04335979981505],[-106.35002900003821,14.027137799969637],[-106.31797000011534,14.011452699882341],[-106.28563700014735,13.996307399866737],[-106.25304399988062,13.981708500047375],[-106.22019200026051,13.967658999663229],[-106.18709600018019,13.954162600323912],[-106.15377000028519,13.941224099912404],[-106.1202240001374,13.928847299863151],[-106.08645599964456,13.917036099636448],[-106.05248999991346,13.90579319989638],[-106.01832600004479,13.895121599882089],[-105.98397100036129,13.8850268996718],[-105.94945500044781,13.875510200035819],[-105.9147800003966,13.86657329961821],[-105.87993599974646,13.858221099724119],[-105.8449549999732,13.850454300026058],[-105.80985300001583,13.843275999587831],[-105.77462000031267,13.836689900018996],[-105.73928100021789,13.830694199977472],[-105.7038349996854,13.825294500440975],[-105.66830399972969,13.820489900288806],[-105.63269000044306,13.816283200009821],[-105.59700799981925,13.812675500374155],[-105.56126399993354,13.809666599933792],[-105.52548200009414,13.807259599551003],[-105.489662000301,13.805452300383479],[-105.45380399965478,13.804248799742425],[-105.41793800043826,13.803646100187507],[-105.37910500019552,13.470920599805993],[-105.33732599989486,13.471623400199917],[-105.2955549999632,13.473026300323625],[-105.25383000035413,13.475130999895839],[-105.21213500032991,13.477934800051116],[-105.17050199956753,13.481439600157557],[-105.12892899977345,13.485644300344347],[-105.0874400002557,13.490544299679812],[-105.04604299958464,13.496142399552241],[-105.00475300025067,13.502433800279789],[-104.96358500024746,13.509416599796396],[-104.92253100010549,13.517090799900643],[-104.88163800019345,13.525452600057577],[-104.84088100025787,13.534500099999775],[-104.80029300002184,13.544231400358967],[-104.75988800013101,13.554641699654837],[-104.71967300000887,13.565730100363965],[-104.6796489997015,13.5774918001066],[-104.63984699973912,13.58992290032171],[-104.60026600007575,13.603020700345155],[-104.56092099960438,13.616783100260022],[-104.52182799996211,13.631201700398265],[-104.48299399967323,13.646275499814578],[-104.44441999968313,13.661999699726493],[-104.40614299989943,13.6783694995529],[-104.36815599999932,13.695378300068626],[-104.33047499982126,13.713023200060775],[-104.29310599964208,13.73129749958008],[-104.2560650001995,13.750197399890226],[-104.21936800043278,13.769715299921302],[-104.1830219997654,13.789847400037615],[-104.14702599994985,13.810586000243859],[-104.1114119997639,13.831926299958923],[-104.07618000010683,13.853860899561028],[-104.04133600035601,13.876384699894118],[-104.00688900002723,13.899489400215771],[-103.97286999965064,13.923168199852682],[-103.93926999971063,13.947416300022383],[-103.90609699967672,13.972223300065366],[-103.87336700028675,13.997585299622017],[-103.84109500043382,14.023490899785315],[-103.80928800044074,14.049936300020363],[-103.7779539997772,14.07691099984288],[-103.74710099971128,14.104406399935556],[-103.71673599966653,14.132417699717223],[-103.68687400033474,14.160933500280976],[-103.65752400033227,14.189946199657527],[-103.62869299998187,14.21944709960411],[-103.60038799960643,14.249428699774796],[-103.57261699957479,14.279879600363415],[-103.54538700020981,14.310791999751132],[-103.51871499959748,14.342157400243991],[-103.49261500018201,14.373965299559075],[-103.46707200037241,14.406209000445131],[-103.4421009999611,14.438874200084399],[-103.41772500000866,14.471953399929589],[-103.3939360001462,14.505436899893141],[-103.37075000021224,14.539314300214926],[-103.34816700020679,14.573575999732725],[-103.32620199992226,14.608213400028546],[-103.30484799993513,14.64321329995397],[-103.28413399978416,14.678566899642817],[-103.26404599972301,14.714261099570251],[-103.24459800039727,14.750287099869922],[-103.22580699989305,14.786635400103762],[-103.20765700017034,14.823293700244221],[-103.19016300012225,14.860249499714769],[-103.17334000044059,14.89749429992213],[-103.15718099990312,14.935014700068507],[-103.14170800042376,14.972803099983196],[-103.12690000013481,15.010843300178294],[-103.1127780000046,15.049126599712963],[-103.09934200003318,15.087643599772434],[-103.08660900010517,15.126376199702008],[-103.07456999980553,15.165320400216444],[-103.06322500003364,15.204457300264323],[-103.05258899968248,15.243780100071717],[-103.0426639997437,15.283276600335],[-103.03345500044782,15.322930300293251],[-103.02494800024994,15.36273669973906],[-103.01716600021064,15.402676599945266],[-103.01010900032998,15.442742300017244],[-103.00376900023906,15.482922599798258],[-102.99815400030678,15.523200000279928],[-102.99327099995656,15.563567199866498],[-102.98912000008784,15.604008699641895],[-102.98569500042385,15.644515000067315],[-102.98300200034197,15.685072899994452],[-102.9810490002111,15.725669899746208],[-102.97982000019277,15.76629070005589],[-102.6335219998403,15.805729900015024],[-102.63373599981645,15.852171900412998],[-102.6347810003428,15.898603400326806],[-102.6366730003586,15.945009200314473],[-102.63940400039422,15.991375899578259],[-102.64298199991924,16.037689199796887],[-102.64740000040962,16.083936700218658],[-102.65265700002044,16.13010219955703],[-102.65875199960499,16.176176100246948],[-102.66568800020093,16.222135500153342],[-102.67346199987128,16.267974899921853],[-102.6820759996076,16.313674900276567],[-102.69151300042455,16.359222399893952],[-102.70178200003915,16.404607800309861],[-102.71288300025014,16.449813800366712],[-102.72480799978928,16.494825400272134],[-102.73755600040897,16.539630899846316],[-102.75112200008016,16.584215200371318],[-102.76550299956369,16.628562900057943],[-102.78069300038158,16.672666500358844],[-102.79670000020474,16.716507000397883],[-102.81349899967898,16.760072699995249],[-102.83110000016478,16.803346600165582],[-102.84949500039386,16.846319199571553],[-102.86868300032012,16.888979000380687],[-102.88865699962076,16.931310699729124],[-102.90939299988696,16.97329900014887],[-102.93090800010401,17.014934500127197],[-102.95319399990308,17.056200000130048],[-102.9762340002988,17.097087899986718],[-103.00002300016121,17.137580900338435],[-103.0245669997671,17.177667599580218],[-103.04984299985443,17.217340500064154],[-103.07585100042326,17.256578400273099],[-103.10258500029744,17.29537579995332],[-103.13003499991521,17.333721200373247],[-103.1581879995764,17.371595400107765],[-103.18704200008813,17.408992799977852],[-103.21659100027432,17.445903799720725],[-103.24681099992762,17.482309300433997],[-103.27771799978575,17.518201799973212],[-103.30928000017178,17.553571699874169],[-103.34149199995574,17.588407499606546],[-103.37435900026753,17.622692100360268],[-103.40786000013878,17.656425500336695],[-103.44197799968487,17.689590500001714],[-103.47671499989724,17.722175599724267],[-103.51206200036091,17.75417139979038],[-103.54798899969251,17.785572099572903],[-103.58450300001334,17.81636239980503],[-103.62158999977856,17.846536599684441],[-103.65923300000287,17.876083400128948],[-103.69742600040951,17.904993100151614],[-103.73615999968416,17.933258099581792],[-103.77541399955635,17.960866899687801],[-103.81517799956492,17.987813900391302],[-103.85543799996361,18.014089600354907],[-103.8961939998531,18.039684300390263],[-103.93742400001747,18.06459050015161],[-103.9791109996728,18.088798499551274],[-104.02124800029486,18.112308500037386],[-104.06382000029271,18.135103199553157],[-104.10681900019659,18.157178900086308],[-104.15022299989141,18.178531599653752],[-104.19402299986143,18.199152000164815],[-104.23821299982995,18.219034200268254],[-104.28276100011993,18.238168700425319],[-104.3276669998321,18.256555599561409],[-104.37291700011934,18.274183300019445],[-104.41848799992118,18.291048000365038],[-104.46437099972178,18.307146099712895],[-104.51055099972876,18.322471599584787],[-104.55700699987307,18.337018999727206],[-104.60374500043133,18.350782399688114],[-104.6507190001816,18.363759999924184],[-104.69794499986176,18.375947999900404],[-104.74538400037125,18.387338599796692],[-104.79303699995751,18.397932099986576],[-104.84088100025787,18.407724399561516],[-104.88890099968131,18.416711799610027],[-104.93708799961138,18.424888600228883],[-104.98541999993296,18.432258600154398],[-105.03389000032314,18.43881420011536],[-105.08246600020567,18.444555300286993],[-105.13114899962653,18.449480100226594],[-105.17990899990031,18.453584699574378],[-105.22875200040437,18.456871000396518],[-105.27764100033181,18.459339099819715],[-105.32657599968252,18.460981400371452],[-105.37552599972503,18.461805299874811]]]},"properties":{"objectid":17562,"radii":34,"stormid":"EP182026","basin":"ep","stormnum":18,"advnum":26,"synoptime":"2026092918","timezone":"UTC","ne":160,"se":140,"sw":120,"nw":150,"idp_source":"EP182026_radii","idp_filedate":1791040084000,"idp_ingestdate":1791040150000,"st_area(shape)":18.570574489157867,"st_perimeter(shape)":16.410994996803211,"binnumber":"EP3"}},{"type":"Feature","id":17563,"geometry":{"type":"Polygon","coordinates":[[[-105.39090700035769,16.79817769994105],[-105.40606699979213,16.465452199559479],[-105.41817499967641,16.465249999587968],[-105.43027500009106,16.464841800009197],[-105.44237499960644,16.464231500283631],[-105.45445299990593,16.463418999687235],[-105.46652199979036,16.462404300018591],[-105.47856100009,16.461183500018649],[-105.49057800027441,16.459764500231643],[-105.50257899972098,16.458143199749031],[-105.51453399974417,16.456319800018889],[-105.52645900018263,16.454297999952871],[-105.53834499972186,16.452072099647808],[-105.55018599988387,16.449649799998383],[-105.56198099972323,16.447029100013083],[-105.57373000013928,16.444210100415944],[-105.58542599990989,16.441194500026313],[-105.59706099956537,16.437982600117039],[-105.60864300037406,16.434575999682806],[-105.62015499975331,16.430974999996408],[-105.63159899959408,16.427181200052473],[-105.64296700042661,16.423196799592745],[-105.65427400024481,16.419021599867051],[-105.665489000317,16.414657600068324],[-105.67662799958242,16.410106699564665],[-105.68769099983967,16.405366900062518],[-105.69864699965922,16.400444000390451],[-105.70952600042449,16.395338100373181],[-105.72029899989883,16.390047100093739],[-105.7309879999961,16.384580599814967],[-105.74156200018604,16.378931000265595],[-105.75203700030721,16.373107899909769],[-105.76239799966783,16.367107400186512],[-105.77265200038943,16.360935200099561],[-105.78279100030431,16.354593299741111],[-105.79281600035802,16.348079699918344],[-105.80271099981269,16.341400099635052],[-105.8124920003055,16.334554700339311],[-105.82214400024532,16.327547100218624],[-105.83166500043933,16.320377300172424],[-105.84104899971146,16.313049300385046],[-105.8503040002293,16.305563000132508],[-105.85942800010201,16.29792400039247],[-105.868392999837,16.290134400182581],[-105.87722799987222,16.282194099678122],[-105.88591000004635,16.274107000138088],[-105.89444699982909,16.265874900206597],[-105.90283199979683,16.257499700151186],[-105.91105699958075,16.248987199699627],[-105.91912800035681,16.240337399751354],[-105.92704799956545,16.231552099849694],[-105.93479899997379,16.222635300179093],[-105.94238299987546,16.213588699558954],[-105.94980600044647,16.2044182002399],[-105.95705400014191,16.195123699699138],[-105.96414199965346,16.185710899638423],[-105.97105400004199,16.176179899882641],[-105.97778300008531,16.166530599707528],[-105.9843439995758,16.156772600275417],[-105.99072299966662,16.146905899787612],[-105.9969180002654,16.13693429967833],[-106.00293699994251,16.126859700215107],[-106.0087590004274,16.116683999866837],[-106.01441200031348,16.106412900335215],[-106.01985899969299,16.096050300181332],[-106.02512399967276,16.085596099580471],[-106.03020500016055,16.075056100059101],[-106.03508799961139,16.064430199993865],[-106.03978000014678,16.053726200104165],[-106.04427299959917,16.042943999665965],[-106.04856100038978,16.032087300288822],[-106.05265799956692,16.021161999726644],[-106.05655700040512,16.010170000045605],[-106.06025700016033,15.999111199622291],[-106.06375100030834,15.98799320042599],[-106.06703899994977,15.976818999897091],[-106.07013699982258,15.965590500101655],[-106.07302099971929,15.95431230017266],[-106.07569900000874,15.942987400248455],[-106.07817099979172,15.931618699743353],[-106.0804369999675,15.920211799634956],[-106.0824969996367,15.908766699923376],[-106.08434300022918,15.897290200382599],[-106.08599099978471,15.885783200334572],[-106.08742500026347,15.874250399636367],[-106.08864599991284,15.862694700400255],[-106.08966099995507,15.851121899656107],[-106.09045399965225,15.839533799645267],[-106.09104900011118,15.8279342998282],[-106.09143099974074,15.816325199748292],[-106.09160599971699,15.804712300032747],[-106.43732500034838,15.788826900241418],[-106.43691999965819,15.771409999971638],[-106.43619500039887,15.754002600140041],[-106.43516499966489,15.736611399796402],[-106.43380699999295,15.719239200328957],[-106.43214399974568,15.701890000123569],[-106.43016100003001,15.684574100014856],[-106.42787199969291,15.66729350009507],[-106.42526199984133,15.650054000092155],[-106.42234800035982,15.632861100259731],[-106.41912800025693,15.61571879988287],[-106.41558799978628,15.598634700031539],[-106.41174299963961,15.581612600341373],[-106.40759299981698,15.564656300448064],[-106.40312999994944,15.547773399622827],[-106.39836899982936,15.530967700199369],[-106.39331100040226,15.514244099885445],[-106.38793899998478,15.49760719961273],[-106.38227100030633,15.481064800100569],[-106.3763050003754,15.464619600214519],[-106.37004899966149,15.44827650036035],[-106.36349499959448,15.432041200441176],[-106.35665099964382,15.415918400314069],[-106.34951000038609,15.399911899614608],[-106.34209400013788,15.384028400090756],[-106.33438099968328,15.368272800349587],[-106.32639300003683,15.352648700377358],[-106.31812299997637,15.337161100404614],[-106.30957799982474,15.321813600417443],[-106.30075100015841,15.306613000189941],[-106.29165599982446,15.291563000432291],[-106.28228800039079,15.276667600429562],[-106.27265899971297,15.261933299582267],[-106.2627640002583,15.247359300191704],[-106.25260899960557,15.232955900394643],[-106.24218800017599,15.218725200108054],[-106.23152200024003,15.204670900042117],[-106.22059600000529,15.190798799924835],[-106.20943499972537,15.177112599566954],[-106.19802100036878,15.163614299960102],[-106.1863629996526,15.150311500375608],[-106.17448400043617,15.137204199914038],[-106.16236099986014,15.124299999645416],[-106.15000200009212,15.111600899661937],[-106.13742099997904,15.099111599820617],[-106.12461899956708,15.086834899710993],[-106.11160300007828,15.074775699738893],[-106.09836600029058,15.062937699715235],[-106.08491499962741,15.051321000363998],[-106.07127400009495,15.039931299789771],[-106.05741100021737,15.028776199961783],[-106.04336499999465,15.017852799667082],[-106.02911400021082,15.007168799800411],[-106.0146790000357,14.996725099683715],[-106.00006100041475,14.986524599630684],[-105.98526000044859,14.97657300044375],[-105.97028399960681,14.966869400102894],[-105.95513899996479,14.957419399585774],[-105.93981900034652,14.948224099662582],[-105.92433899964504,14.93928910041177],[-105.9087070000279,14.930614499859416],[-105.89291400018084,14.922204999661119],[-105.87697599994232,14.914059599770837],[-105.86089300021172,14.906184199741176],[-105.84468099992813,14.898580600014839],[-105.82833099957588,14.891250600135209],[-105.8118359997315,14.884194399751891],[-105.79523500039488,14.877417599842488],[-105.77851900025155,14.870922099775214],[-105.76167300040856,14.864706000181911],[-105.74472799959739,14.85877419966971],[-105.7276760001472,14.853127500433914],[-105.71052599977497,14.847768800090194],[-105.69329099997958,14.842699999805291],[-105.67594899974642,14.837920200257201],[-105.65854600029758,14.833431200089933],[-105.64105200024949,14.829235100119888],[-105.62348200029396,14.82533550033321],[-105.60585799964684,14.82173060028714],[-105.5881650003144,14.818421400027717],[-105.57041200001368,14.815411600265293],[-105.55261200024353,14.812698399611577],[-105.53476700019678,14.810285600400277],[-105.51687599982745,14.808173199933378],[-105.49896200019606,14.806361200009519],[-105.48100300028813,14.804848700407319],[-105.4630360000113,14.803639400038435],[-105.44503800010352,14.802730600037307],[-105.42702500040338,14.802126900436235],[-105.40901199980385,14.801825499847098],[-105.39024400036021,14.718642199977694],[-105.37073500002015,14.71897029963975],[-105.35124200041787,14.719626400038464],[-105.33174899991633,14.720607799610377],[-105.3122859998989,14.721918100140329],[-105.29283899971995,14.723553699843535],[-105.27343799986369,14.725517300283343],[-105.25406600044545,14.727805100025478],[-105.23474099959736,14.730418199840187],[-105.21546199997124,14.733356499902698],[-105.19624300041403,14.736618000120757],[-105.17708600011872,14.740199999830281],[-105.15798999993842,14.744104400198069],[-105.13896899961952,14.74832820018645],[-105.12003299962316,14.752870600298081],[-105.1011730004335,14.757731399984266],[-105.0824050000906,14.762907000158066],[-105.06372800034683,14.768397300095444],[-105.0451580001415,14.774203299842554],[-105.02669500037388,14.780316400081915],[-105.00833900014464,14.786739299679084],[-104.99010500014555,14.793471299860755],[-104.97199200033043,14.800507500221102],[-104.95401000026118,14.80784699963948],[-104.93615699984559,14.815486000278838],[-104.91844200039787,14.823424299791725],[-104.90087899986582,14.831660300082945],[-104.88346900009418,14.840187999976365],[-104.86619600034504,14.849007600020855],[-104.84910600004179,14.858117100124218],[-104.83216100012993,14.867509800337132],[-104.81540700003291,14.877188699898738],[-104.79881300011976,14.88714309957453],[-104.7824100000214,14.897380800084022],[-104.76618199989929,14.907888399729984],[-104.7501529999609,14.918664900265071],[-104.73431399979114,14.929713200204162],[-104.71868100012796,14.941023800008509],[-104.70325500011808,14.952593800263799],[-104.68802600019967,14.964424100292149],[-104.67301899972693,14.976506199701475],[-104.6582339995993,14.988840100290531],[-104.64366100025484,15.001419999633413],[-104.62932600019468,15.014241199671744],[-104.61522700022579,15.027302700359485],[-104.60135700002542,15.040598899819486],[-104.58773000023922,15.054124799619956],[-104.57434800006007,15.067878700042115],[-104.56121100038723,15.081855799605592],[-104.54833200002167,15.096048400113716],[-104.53570599963206,15.11045840003527],[-104.52334599981793,15.125077200052885],[-104.51123799993366,15.139900200134264],[-104.49941299961017,15.15492630040859],[-104.48785399986212,15.170147899805897],[-104.47656199983635,15.185560200443035],[-104.46556099974026,15.201160400032563],[-104.45483399968924,15.216942799570688],[-104.44439700042113,15.232903499596944],[-104.4342500001373,15.249036800208273],[-104.42438500026748,15.265337899924305],[-104.41482500007362,15.281801199565848],[-104.40556300013225,15.298423799718705],[-104.39659900044342,15.315200799977049],[-104.38793200006165,15.332123799773683],[-104.3795850000476,15.349188799823366],[-104.37153600028608,15.366393999683453],[-104.36380800003906,15.383729899815137],[-104.35637699999847,15.401194599950941],[-104.34927399979517,15.418778400003305],[-104.34248399963678,15.436482399843044],[-104.3360210001689,15.454296099885255],[-104.32988000026171,15.472212800180728],[-104.32405899982291,15.49023440009762],[-104.31855799975176,15.508348499783551],[-104.31340000020975,15.526554100091801],[-104.30856300018223,15.544841800408904],[-104.30405399999199,15.563208599697248],[-104.29988100000804,15.58164789963098],[-104.29604300018423,15.600154899629047],[-104.29254199971342,15.618722000420121],[-104.28937500025597,15.637346299891988],[-104.28654500015153,15.656024000207594],[-104.28405799967686,15.674741699669823],[-104.28190600026159,15.693501499994341],[-104.28008299983048,15.712292700148112],[-104.27861799972084,15.731111499596182],[-104.27748100034779,15.749954200326215],[-104.27669500007408,15.768811200276787],[-104.27625300037556,15.787677799590938],[-104.36260200018205,15.806252499653283],[-104.36283099995057,15.823671300190483],[-104.36336500029444,15.841084499750025],[-104.36422699957626,15.858488099945987],[-104.36540199980237,15.87587070007288],[-104.36689000007334,15.893233300176803],[-104.36869799981275,15.910566299994912],[-104.37081899959708,15.92786880020509],[-104.37325300032563,15.94513230041548],[-104.37599900015363,15.962352800441522],[-104.37905900007269,15.979522700112682],[-104.38242299962161,15.996640199885462],[-104.3861079995844,16.013696700442495],[-104.39009900016862,16.030689199846847],[-104.39440199985233,16.047615099957056],[-104.39901000011133,16.064462699693991],[-104.40392300004629,16.081232099781744],[-104.40914199970342,16.097917600317146],[-104.41466499988974,16.114509600138092],[-104.42048600032854,16.131008100143845],[-104.42660500012056,16.147407500256065],[-104.43302899958854,16.163698200211911],[-104.4397429998395,16.179880100186608],[-104.44675400029678,16.195949600194012],[-104.45405599978449,16.211896900321847],[-104.46165500037785,16.227718399684534],[-104.46953599958664,16.243410099896323],[-104.47769900010866,16.258968400071751],[-104.48614500019153,16.274385500390679],[-104.49487299978904,16.289659499686309],[-104.50388299980051,16.304782900310727],[-104.51316799990315,16.319755599741256],[-104.52271999972811,16.334568000413014],[-104.53254699964424,16.349216499641898],[-104.54263299981301,16.363702799844475],[-104.55298599970405,16.378013600047723],[-104.56359899989383,16.392149000076415],[-104.5744710003363,16.406103100377891],[-104.5855939997632,16.41987420033422],[-104.59697000006537,16.433454500125208],[-104.60858899988233,16.446844099575685],[-104.62045300020571,16.460035299589549],[-104.63256100008999,16.473024400355939],[-104.6448969996967,16.485811200426724],[-104.65747799980977,16.498384499645056],[-104.67027299989894,16.510747899795888],[-104.68330400007943,16.522893899633914],[-104.69654800018998,16.534816700330623],[-104.7100139997462,16.546518300179571],[-104.72368599980894,16.557991000084712],[-104.73757199984783,16.569232899778626],[-104.75166300034709,16.580240199625678],[-104.76595300013076,16.591009099990117],[-104.78044100005201,16.601535800337047],[-104.79511300036455,16.611816400306793],[-104.80997500044583,16.621850999724018],[-104.82501999997294,16.631633799760209],[-104.84024000037562,16.641160999880356],[-104.85563699994748,16.650432600084571],[-104.87120100002602,16.659444799837786],[-104.88692500028844,16.668191900136208],[-104.9028020004119,16.676677699716208],[-104.91883899981991,16.684892699938302],[-104.93502799994212,16.692836800078396],[-104.95135500013305,16.700510000136546],[-104.96782699981611,16.7079067000343],[-104.98442800005205,16.715023000311362],[-105.00116000003385,16.721862800428028],[-105.01800499983079,16.728420299757147],[-105.03498100027286,16.734691599737687],[-105.05206300020717,16.74067880028656],[-105.06925199967992,16.746377900319999],[-105.08654799959044,16.751789100386816],[-105.10393500010008,16.756906500035086],[-105.12142199982532,16.761732100256381],[-105.13899199978084,16.766263999883847],[-105.15663899968996,16.770498300356394],[-105.17436200040589,16.774434999875496],[-105.19215399980715,16.778076200156647],[-105.21001399964626,16.781415900023887],[-105.22793599964655,16.784458200385757],[-105.24590299992343,16.787197100066237],[-105.26392399999253,16.789632799614139],[-105.28198199996922,16.791765200104066],[-105.30007199962296,16.793596299829517],[-105.31819900008367,16.79512210040474],[-105.33635700017533,16.796344799772839],[-105.35452299973656,16.797260299723177],[-105.37271100031234,16.79787249971622],[-105.39090700035769,16.79817769994105]]]},"properties":{"objectid":17563,"radii":50,"stormid":"EP182026","basin":"ep","stormnum":18,"advnum":26,"synoptime":"2026092918","timezone":"UTC","ne":60,"se":65,"sw":60,"nw":40,"idp_source":"EP182026_radii","idp_filedate":1791040084000,"idp_ingestdate":1791040150000,"st_area(shape)":2.9398058718925371,"st_perimeter(shape)":6.7796863506586398,"binnumber":"EP3"}},{"type":"Feature","id":17564,"geometry":{"type":"Polygon","coordinates":[[[-106.27384899973146,19.428163500145558],[-106.32461499988221,19.261802700134638],[-106.37381000043109,19.260980600174719],[-106.42297399955032,19.259334599812064],[-106.47209200014561,19.25686650038881],[-106.5211640004182,19.253578200373795],[-106.57015999988397,19.249469799591736],[-106.61908000034163,19.244541200016499],[-106.66788499999268,19.238796200384456],[-106.71659099957486,19.232236899713314],[-106.76514400019533,19.224861100059854],[-106.81355999989398,19.216678600437206],[-106.86180899998527,19.207685499586262],[-106.90988200005415,19.197883599748479],[-106.95775599993937,19.187284500379519],[-107.00542400021732,19.175882300128194],[-107.05286399987358,19.163686799806101],[-107.10006700029174,19.150701499574666],[-107.14701799988069,19.136926699807475],[-107.19369500032388,19.122369800126307],[-107.2400969997766,19.107034699991573],[-107.28618600008372,19.090925199938169],[-107.33196999981556,19.074048999961519],[-107.37742599971,19.056407899605006],[-107.42253899997479,19.03800959976337],[-107.46729299987197,19.018861800431864],[-107.51168099997807,18.998968099798105],[-107.55567900008566,18.978336300380079],[-107.59928099991811,18.956970200014837],[-107.64247099963683,18.934877399772347],[-107.68524199981834,18.912067400090564],[-107.72757000025518,18.888545999798168],[-107.76944000025571,18.864320799965071],[-107.81084400035024,18.839399300037826],[-107.85177600026208,18.813787500293017],[-107.8922200001528,18.787498500255708],[-107.93215900013763,18.760536200285571],[-107.97158099966333,18.732910199746073],[-108.01048300039008,18.704629900149939],[-108.04883600008122,18.675704999786035],[-108.08663899959004,18.646141099632189],[-108.12387800006957,18.61594960039389],[-108.16054500025149,18.585142099728273],[-108.19663199976685,18.553726199604569],[-108.23210899993029,18.521711299736808],[-108.2669909996348,18.489108999580822],[-108.30125399957234,18.455930699842042],[-108.33488500004262,18.422182100423754],[-108.36787399968523,18.387878399868384],[-108.40022300039107,18.353027299970051],[-108.43190800015401,18.317642199727857],[-108.46292899987333,18.281730700211767],[-108.49327099975676,18.245307900139608],[-108.52292600033456,18.208383600323032],[-108.55188800043078,18.170969000019454],[-108.58014699958426,18.133079500118981],[-108.60768899984737,18.09472079962535],[-108.63452099974427,18.055908199603891],[-108.66062200010515,18.016651199593298],[-108.68598199956955,17.976966900202399],[-108.7106019999822,17.93686489989534],[-108.73447400007495,17.896356600277045],[-108.75759100042421,17.855455400346614],[-108.77994499976182,17.814176600270002],[-108.801521000094,17.772527700393198],[-108.82232699999093,17.730526000074974],[-108.84235399993707,17.688184699564374],[-108.86159499960945,17.645513499848278],[-108.88003500011507,17.602527600368603],[-108.89769000039308,17.559238400032257],[-108.91453600023613,17.515663100172048],[-108.93057299964414,17.471815099787193],[-108.94580100041571,17.427701999947487],[-108.96021300042952,17.38334469999802],[-108.97380100021587,17.338750800109494],[-108.98657200009762,17.293937700364722],[-108.99851200032845,17.248916600021232],[-109.00962800033187,17.203704800236494],[-109.01991299978499,17.158315700009666],[-109.02935800007157,17.112758600129439],[-109.03797099976174,17.06705089977936],[-109.04573800000861,17.021209699568146],[-109.05267299965914,16.975242599666387],[-109.05876199986631,16.929166799608254],[-109.0640029996386,16.882997499734984],[-109.06840500029045,16.836750000212476],[-109.07195999965415,16.790430099869354],[-109.07466899957456,16.744062399660152],[-109.07653800032836,16.697654700304327],[-109.07755999979406,16.651222200344421],[-109.07772800034684,16.604782100213868],[-108.03581200022353,16.578281399766922],[-108.03501899962703,16.549255400316611],[-108.03369899990884,16.520254099846966],[-108.03185999963915,16.491271999903006],[-108.02948799997114,16.462329900005045],[-108.0265880002359,16.43343350005614],[-108.02316999999539,16.404584899973315],[-108.01921800031039,16.375799200273036],[-108.01475500044285,16.347086000318825],[-108.00976599970102,16.318450900189021],[-108.00427199995272,16.289903599971296],[-107.99824499990672,16.261449799568709],[-107.99170699967817,16.233104700221872],[-107.98466499958994,16.204872099767726],[-107.97710399984959,16.176761600267753],[-107.96904799976528,16.148778899826482],[-107.9604719999827,16.120939300408509],[-107.95140800017896,16.093246500026112],[-107.94183300019273,16.065708199573862],[-107.93177799965486,16.038335799757476],[-107.92121900015661,16.011133200037307],[-107.91017199973788,15.984111800219523],[-107.89864299957469,15.957278300253506],[-107.88662700033569,15.930644000120651],[-107.87413799996864,15.904213900051559],[-107.86116799990316,15.87799639971422],[-107.84773299997789,15.85199929982798],[-107.83383200014657,15.82623200010687],[-107.81946599955614,15.800699200407905],[-107.80464200032793,15.775410699744157],[-107.78937499955651,15.750374799757367],[-107.77365100019341,15.72559740000014],[-107.75748400018637,15.701088000011339],[-107.74088299995037,15.676850299601767],[-107.72384600029255,15.652895900025896],[-107.70638299987547,15.629228600020042],[-107.68850700019783,15.605855899929963],[-107.67020399971472,15.582786599622011],[-107.65148900001725,15.56002709957113],[-107.63236999967563,15.537583400054018],[-107.61286200028098,15.515463800014516],[-107.59294900019609,15.493671400315009],[-107.57265499962841,15.472216599816363],[-107.55197099996155,15.451106100266429],[-107.53092199965045,15.430341700309384],[-107.50950600040147,15.409935000300152],[-107.48772399956283,15.389886899560906],[-107.46558400020137,15.370208699871739],[-107.44310000026468,15.350901600028976],[-107.42026500032938,15.331974999746592],[-107.39711000002637,15.313431700412764],[-107.37361900041645,15.295278500002894],[-107.34980800043877,15.277522100264832],[-107.32568400041617,15.2601642998427],[-107.3012539997722,15.243213699852504],[-107.27652000039762,15.22667409992988],[-107.25150299966361,15.210551299802773],[-107.22619599994533,15.194849000181364],[-107.20061500018204,15.179571200350779],[-107.1747669997971,15.164722399619166],[-107.14865099964385,15.150312399697611],[-107.12228399960679,15.13633820044771],[-107.09568000033164,15.122807500066187],[-107.06883199969695,15.109724000162601],[-107.04176299966258,15.097089799754599],[-107.01446499985974,15.084912300262602],[-106.9869540001269,15.073192599758784],[-106.95924400021033,15.061933499631436],[-106.93132799978724,15.051139799562236],[-106.90323600024112,15.040816300132292],[-106.8749620003959,15.030964899810442],[-106.846511999629,15.021585499671232],[-106.81790199957754,15.01268390034187],[-106.78913100019543,15.004261000245094],[-106.76021599956863,14.996322600008114],[-106.73117100014144,14.988867800308867],[-106.70199600011523,14.981900200234179],[-106.67270700022777,14.975421899701075],[-106.64329500006409,14.969433799830142],[-106.61378499987774,14.963938700210974],[-106.58418299994537,14.958937599990406],[-106.55449699973667,14.954433400381276],[-106.52473399957432,14.95042320017069],[-106.49490399991959,14.946916599621488],[-106.46501900042642,14.943905799812967],[-106.43508100028782,14.941397700343714],[-106.40511299966511,14.939387300083979],[-106.37509899961901,14.937879600163569],[-106.34506999978055,14.936876300301151],[-106.31502500010356,14.936371800418385],[-106.27903000033416,14.2709207996553],[-106.2371059996421,14.271622699827901],[-106.19519799968782,14.273024599905511],[-106.15332000021772,14.275128400155666],[-106.11148800017099,14.277932200310943],[-106.06970999991648,14.281435000325132],[-106.02799199973089,14.285635899976967],[-105.98636600019069,14.290533099722893],[-105.9448240000275,14.296127300134913],[-105.90338900030201,14.302413900281408],[-105.86206800043777,14.309394800429857],[-105.82088499974287,14.317063299731615],[-105.77983099960085,14.325419399985435],[-105.7389369996427,14.334463100291998],[-105.69821200028349,14.34418769980266],[-105.65766099995511,14.354593300140834],[-105.61730200038693,14.365673999955277],[-105.577141000057,14.377428100426641],[-105.53720100002602,14.389852499793164],[-105.49747499997119,14.402944599913496],[-105.45799300037658,14.416696500243404],[-105.41875500034291,14.431106599989732],[-105.37978400003146,14.446174599678159],[-105.34107199997271,14.461889300051268],[-105.3026580001665,14.478248600292829],[-105.26452599987488,14.495247799646393],[-105.22670699962822,14.512883200099736],[-105.18920899979543,14.531147000034139],[-105.15203899979991,14.550037399906216],[-105.11520399996454,14.569546699720547],[-105.07871199975887,14.589666399984537],[-105.04259499975933,14.610394499706558],[-105.00684399955082,14.631721500247181],[-104.97147399982515,14.653646499586443],[-104.93650100042072,14.676158900113307],[-104.90192400039223,14.699252099904641],[-104.86777500031593,14.722920399956649],[-104.83404499977684,14.747155200052589],[-104.80074300008931,14.771950699565252],[-104.76789099956989,14.797301300214997],[-104.73548900001725,14.823194499626595],[-104.70355999979404,14.849627500009262],[-104.67209600033004,14.876588799933302],[-104.64112100003405,14.904071800173597],[-104.61063399975916,14.932070700102884],[-104.58065799966687,14.960575099961034],[-104.55118600033353,14.989576299706584],[-104.52223199970695,15.019063899579464],[-104.49381300036958,15.049033199722544],[-104.46591900006172,15.079471599734688],[-104.43858300030513,15.110371600169344],[-104.41179699983155,15.141725500131884],[-104.38558199960949,15.173521999640684],[-104.3599239998926,15.205750500185559],[-104.33485400031179,15.238405200239924],[-104.31036399959879,15.271473899600949],[-104.28647599966757,15.30494499971212],[-104.26317599987237,15.338812799771006],[-104.24049399979816,15.373062100335801],[-104.21842199997519,15.407690000193497],[-104.1969760002421,15.442677500266541],[-104.17616300002231,15.478018799927838],[-104.1559830002152,15.513703299767599],[-104.13644400029028,15.549720799675299],[-104.11754600024761,15.586056700056815],[-104.09931200024852,15.62270639998053],[-104.08174100024689,15.659653699958426],[-104.06482699996599,15.696888899902945],[-104.04858400005145,15.734399799611197],[-104.03301999997291,15.772179600208517],[-104.01813499973036,15.810212100408251],[-104.00394400001551,15.848488799818369],[-103.99043300018269,15.886995300292995],[-103.9776149999322,15.925721200273301],[-103.96550800009402,15.964657799717827],[-103.95410200020706,16.003789900083973],[-103.94339800031736,16.043106099766817],[-103.93340299984845,16.082595800256115],[-103.92413300043751,16.122245800403505],[-103.91557299959413,16.162046400121426],[-103.90773799980877,16.201982499792678],[-103.90061999981305,16.242046400321271],[-103.89423400029875,16.282218900282146],[-103.88857300004383,16.322494500321056],[-103.88364400027029,16.362857800447273],[-103.87944800012502,16.403297399955193],[-103.87598399956181,16.443801899937853],[-103.87325300042551,16.484357799772795],[-103.87126200034095,16.524951900110239],[-103.87001799963087,16.565572700419921],[-103.34867900043542,16.603868499631687],[-103.34881599955861,16.653211599635767],[-103.34985399976216,16.702543299833565],[-103.3517910000545,16.751850099602564],[-103.35462999967467,16.801116900224883],[-103.35835999991394,16.850328399735986],[-103.36299899980389,16.899473200128227],[-103.3685230000363,16.948528300340911],[-103.37494700040367,16.997487999571661],[-103.38226299963765,17.04632950000655],[-103.39047999995194,17.095043199584154],[-103.39958199970943,17.143611899669565],[-103.40957600013218,17.192024199557295],[-103.42045600004428,17.240257299634834],[-103.43222799972233,17.288301499814509],[-103.44487800031936,17.336143500022672],[-103.45839699962175,17.383768099918029],[-103.4728089996355,17.431158099966467],[-103.48807500036088,17.478300100269564],[-103.5042190002066,17.525178899586706],[-103.52121699986458,17.571781199642771],[-103.53907799974979,17.618093499815302],[-103.55779999977005,17.664098700394845],[-103.57736199985629,17.709783600233095],[-103.59777100033131,17.755136500049559],[-103.61901099955787,17.800142300227094],[-103.64108999970364,17.844783800332266],[-103.663985999754,17.889049499834698],[-103.68771400040072,17.932928099652202],[-103.71224200016809,17.976402300425946],[-103.73757900037049,18.01945880028353],[-103.76371799978574,18.062086099593955],[-103.79064200032798,18.104268999814622],[-103.81834399987559,18.145996100239984],[-103.84683199969692,18.187254000072187],[-103.87608299963063,18.228031199680288],[-103.90608199988429,18.268310500429379],[-103.93684400025029,18.308084499999836],[-103.96833800019846,18.347337700374737],[-104.00055700030521,18.386056900405777],[-104.03350799999413,18.424232499830168],[-104.0671690000492,18.461851099648698],[-104.10152399973271,18.498903300147333],[-104.13657399998999,18.535371800168605],[-104.17230200003718,18.571250899809343],[-104.20870199959751,18.606529200162583],[-104.24575799973178,18.641191499987883],[-104.28346300011725,18.675228100096888],[-104.32179999996993,18.708631500143781],[-104.36076399995852,18.741384499695073],[-104.40033700015232,18.773485200281925],[-104.44051400032077,18.804918299939743],[-104.48127699963374,18.835674300029041],[-104.52261400023582,18.86574360028709],[-104.56451399982114,18.895118700367846],[-104.6069639995888,18.923786200373002],[-104.64995600006927,18.951742199942714],[-104.69346600015569,18.978975300170134],[-104.73748000010181,19.005474100349602],[-104.78199000043804,19.031234700121445],[-104.82698799989618,19.056245800403531],[-104.87245200015957,19.080501599669219],[-104.91836500044434,19.103992500353741],[-104.96472199962051,19.126714700123443],[-105.011504999556,19.148654899803944],[-105.05869300018173,19.169809299759493],[-105.1062770001833,19.19017220008709],[-105.15425100018342,19.209735899891996],[-105.20257600018215,19.228496600437893],[-105.25125899960307,19.246442800295142],[-105.30026999976059,19.263574600187781],[-105.34960899975545,19.279882399853022],[-105.39923899967999,19.29536439974737],[-105.44916499976483,19.310012800050799],[-105.49935899961804,19.323821999785594],[-105.54981199972389,19.33679390011855],[-105.60050199996721,19.348915100251816],[-105.65142099997905,19.360191300088559],[-105.70253800012853,19.370611199647271],[-105.75385300041552,19.380174600177781],[-105.80533600035602,19.388879800162783],[-105.85697899958109,19.396722800317093],[-105.90876800014297,19.403699899930587],[-105.96068600035852,19.409809099810275],[-106.01270299974357,19.415048600412717],[-106.06481199977389,19.419420200382092],[-106.11699699971166,19.42291450000431],[-106.16924299976455,19.425540899892781],[-106.22153500014002,19.427290000333414],[-106.27384899973146,19.428163500145558]]]},"properties":{"objectid":17564,"radii":34,"stormid":"EP182026","basin":"ep","stormnum":18,"advnum":26,"synoptime":"2026093000","timezone":"UTC","ne":170,"se":140,"sw":100,"nw":160,"idp_source":"EP182026_radii","idp_filedate":1791040084000,"idp_ingestdate":1791040150000,"st_area(shape)":19.115052207782718,"st_perimeter(shape)":17.482185601990331,"binnumber":"EP3"}},{"type":"Feature","id":17565,"geometry":{"type":"Polygon","coordinates":[[[-106.29087099959685,17.598175000376102],[-106.30609099999953,17.265451400262066],[-106.31825299967608,17.265249300115272],[-106.3304059998369,17.264841099637181],[-106.34255199967492,17.264230700086898],[-106.35468299972058,17.263418200389765],[-106.36679799992766,17.262401599554323],[-106.37889900038846,17.261184699914111],[-106.39096800027289,17.259763700034853],[-106.40300799971931,17.258140600008801],[-106.41502399985762,17.256317099554622],[-106.42699399967324,17.254295300387923],[-106.43893399990407,17.252069499907634],[-106.45082899985835,17.249647100433492],[-106.46267700034321,17.247024500180657],[-106.47447200018257,17.244205499684199],[-106.48621400027582,17.24118799992641],[-106.49790199967742,17.237978000284613],[-106.50952100039376,17.234571499675098],[-106.52108799961138,17.230968499896505],[-106.53258500009758,17.227172900409187],[-106.54399900035349,17.223190300392162],[-106.55534400012539,17.21901320039899],[-106.56662000031264,17.214647300332786],[-106.57779700043113,17.210094499561649],[-106.58890500006561,17.205356600326979],[-106.59991499967742,17.200431800387435],[-106.61083200039639,17.195323900277913],[-106.6216579996169,17.1900368003582],[-106.63237800024444,17.184564600176316],[-106.64300500018049,17.178916899995102],[-106.65351900030151,17.173091900271118],[-106.66392499993867,17.167091399648541],[-106.6742250000836,17.160919199561533],[-106.68440199995223,17.154575300010208],[-106.69447300032863,17.148061800012215],[-106.70440699978309,17.141380300360709],[-106.71423299965312,17.134532900073395],[-106.72392300044601,17.127523399685288],[-106.73348199969445,17.120353700363125],[-106.74291200018854,17.113025699676427],[-106.75219700029123,17.105539299599116],[-106.76135299984099,17.097898500315694],[-106.77036299985247,17.090106999838326],[-106.7792280003718,17.08216479996571],[-106.78794899964652,17.074075700333424],[-106.79651599991337,17.06584360040199],[-106.80493899983486,17.057468400346522],[-106.81320199957253,17.048953999627543],[-106.82130399997953,17.040302300311055],[-106.82924700024876,17.031517000409394],[-106.83702900028806,17.022600199839474],[-106.84465000009732,17.013553600118712],[-106.85209699997648,17.004383099900281],[-106.85938299962561,16.995086699991361],[-106.86649300015176,16.985671999663168],[-106.87342799980223,16.976139099639852],[-106.88018800037582,16.966489800364116],[-106.88677200002769,16.956731800032685],[-106.89317300023367,16.946863200176665],[-106.89939899956408,16.93689160006744],[-106.90543399997904,16.926814999612702],[-106.91128500000264,16.916641200431172],[-106.91696200009613,16.906368299557528],[-106.92243199963696,16.896001799943235],[-106.92771899973195,16.885547600241694],[-106.93280799968932,16.875005699553526],[-106.93771400020086,16.864381799580542],[-106.94242099962935,16.853673900230433],[-106.94692999981953,16.84289360005971],[-106.95124099987214,16.832035100239807],[-106.95535299974102,16.821107900309471],[-106.95926700037165,16.810115799904395],[-106.96298199991924,16.799058899748559],[-106.9664840004362,16.787939100109497],[-106.96978799991615,16.776763900433821],[-106.97289300011175,16.765533399646813],[-106.97578400033126,16.75425719981007],[-106.97847000009034,16.742931399664485],[-106.98094900019612,16.731563600280083],[-106.98322299984147,16.72015379985811],[-106.98529800020248,16.708709700192628],[-106.98714399989558,16.697233199752532],[-106.98879200035043,16.685724300336346],[-106.99023400029876,16.674192399859521],[-106.99145499994819,16.662639600037664],[-106.99246999999042,16.651063899879205],[-106.9932710000565,16.639476799914519],[-106.99386599961611,16.62787250041572],[-106.99424700009888,16.616266299750066],[-106.99442300012129,16.604654300255902],[-106.99437000037511,16.5930386000515],[-106.99411800044527,16.581426599657959],[-106.99365199963995,16.56982230015916],[-106.9929810001729,16.558225599931632],[-106.99208800036081,16.546642299602581],[-106.99099700041114,16.535074199614769],[-106.98968500016252,16.523529099788277],[-106.9881670003067,16.512006799574294],[-106.98644299994442,16.50051120023187],[-106.98451199992877,16.489046099597942],[-106.98236099966033,16.477613399738743],[-106.98001100010748,16.466220899574978],[-106.97745500004811,16.454868299632437],[-106.97469300038159,16.443559600095625],[-106.97172500020849,16.432300599792995],[-106.9685440001054,16.42109300024191],[-106.96517200018758,16.409938799735983],[-106.96159399976318,16.398843799801682],[-106.95781700005443,16.387807799890197],[-106.95384200020806,16.376840599913919],[-106.94966099985515,16.365938199688287],[-106.94528999973357,16.355110200375577],[-106.94072000032764,16.344354600084841],[-106.93595099983867,16.333677300167381],[-106.93099199958101,16.323082000434113],[-106.92584999987747,16.312570600253139],[-106.92050899999026,16.302148800426949],[-106.91498599980395,16.29181669988094],[-106.90927099975676,16.281578100049444],[-106.90337400030978,16.271436699843946],[-106.89729299957219,16.261396399624289],[-106.89102900028803,16.251457200289678],[-106.8845900001283,16.24162670021218],[-106.87796799962337,16.231903099848296],[-106.87118499978783,16.222293900443276],[-106.86421200018356,16.212799100198481],[-106.85707900039546,16.203420600280594],[-106.84977700000843,16.194164300242392],[-106.8423080000141,16.185031899802482],[-106.83467100036626,16.17602539995238],[-106.82686600016569,16.167148600327778],[-106.81890900015014,16.158401500029356],[-106.81079900027356,16.149789799859491],[-106.802528000167,16.141315499910547],[-106.79411299971508,16.132982299993273],[-106.7855379999786,16.124788299840304],[-106.77682500017352,16.116739300078791],[-106.76796699997698,16.108840899887753],[-106.7589650003344,16.101087599912944],[-106.74982499972384,16.093486799776144],[-106.74053999962121,16.086040499569549],[-106.7311330001877,16.078750599560635],[-106.72159600015516,16.071620900284472],[-106.71192900042291,16.064649600398866],[-106.70213300013774,16.057842299982269],[-106.69221499962242,16.051198999934059],[-106.68218999956872,16.044721599622278],[-106.6720430001842,16.038414000306034],[-106.66178099999308,16.032278099554787],[-106.65141300030962,16.026313800241837],[-106.64093800018844,16.020523099761363],[-106.63035599962956,16.01490780035482],[-106.61968200022403,16.009471900408016],[-106.60890999989647,16.004217099639561],[-106.59804499977685,15.999140700083387],[-106.58708199963445,15.994246499576434],[-106.57603500011504,15.989539099949639],[-106.56491099974272,15.985014000096157],[-106.55370299999333,15.980676700269669],[-106.54241900033651,15.976527199570739],[-106.53105899987287,15.972569499982569],[-106.51962999982453,15.968798600375237],[-106.50814099970728,15.965221400347502],[-106.49659000032813,15.961836800028436],[-106.48496999956575,15.958645800363513],[-106.47330500032541,15.955649399600247],[-106.46157800002459,15.952848399933828],[-106.44980600034654,15.950246799750175],[-106.43798800034585,15.947836899953131],[-106.42612500006862,15.945630999671039],[-106.41423799958392,15.943619700089243],[-106.40230599972199,15.941807700165384],[-106.39033499986027,15.940196999991713],[-106.37834900020607,15.938786499697358],[-106.36633300006781,15.937576300006356],[-106.3543089995606,15.936567300240824],[-106.34225500036786,15.935761499593696],[-106.3301929999069,15.935154899678992],[-106.31812299997637,15.934752499828164],[-106.30604599972298,15.934548399589119],[-106.29096200019603,15.601824800374402],[-106.27288100005802,15.6021271002856],[-106.25479899987386,15.602730799886672],[-106.23673999985101,15.603637699620265],[-106.21869699966669,15.604846999989206],[-106.20067599959759,15.606357600223191],[-106.18268600005877,15.60816960014705],[-106.16472600010474,15.610283899982164],[-106.14681199957403,15.612696600268009],[-106.12894400026528,15.615407899754928],[-106.11112999984954,15.618418699563449],[-106.09336900007918,15.621725999555395],[-106.07566800037779,15.625329000233307],[-106.05804399973073,15.62923050028752],[-106.0404820001441,15.633422900446647],[-106.02300299988843,15.637911799889764],[-106.00560799990916,15.642689700069752],[-105.98829700020627,15.647757500308558],[-105.97108499967288,15.653117199799055],[-105.95397200010763,15.658760999620597],[-105.93695799971181,15.664690999690038],[-105.92005199979985,15.670903199822931],[-105.90325899970298,15.677400600157682],[-105.88658899988235,15.68417449975351],[-105.87004899976142,15.69122789964797],[-105.85362999982453,15.698556900380765],[-105.8373489999563,15.70616050010716],[-105.82120500011058,15.714034099694061],[-105.80520599975699,15.72217560012399],[-105.78935199979486,15.730584100276133],[-105.77365900006271,15.739257799707843],[-105.75811800014549,15.748189900443663],[-105.74274399983562,15.757382399877997],[-105.72753099975574,15.766830400302865],[-105.71249399969821,15.776532200201018],[-105.69763899993978,15.786483800287272],[-105.68296100024986,15.796681400026728],[-105.66846499995967,15.807123199875889],[-105.6541669998071,15.817805300374459],[-105.64006000036863,15.828724900134148],[-105.62614399984562,15.839880900183516],[-105.61244200019803,15.851266900047563],[-105.5989460001577,15.862877799670855],[-105.58564800025493,15.874716799740668],[-105.57257800007454,15.886773100298456],[-105.5597229999164,15.899048800361982],[-105.54709600038001,15.911536199935824],[-105.53469100028934,15.924231500283668],[-105.52252200029,15.937133800284812],[-105.51058200005917,15.95023820043275],[-105.49887799991967,15.963541000017301],[-105.48741900028654,15.977036500034615],[-105.47620400021435,15.990720700300244],[-105.46524000002586,16.004590999974823],[-105.45452100034379,16.018642399727128],[-105.44406900038399,16.032871199746182],[-105.43386800030788,16.047271700128988],[-105.42393500000014,16.061841999708633],[-105.4142609999451,16.076576199831891],[-105.40485399961227,16.091468800245082],[-105.39571399990109,16.106517799956634],[-105.38685599970455,16.121717499962813],[-105.37826500012955,16.137062099636353],[-105.36995700011539,16.152545899973461],[-105.36193799993868,16.16817090016707],[-105.35419499989922,16.183923700318644],[-105.34674099969726,16.199806199796399],[-105.33956899990932,16.215810800228383],[-105.33269500037386,16.231931700088012],[-105.32611099982267,16.248165099739708],[-105.3198170000544,16.264507300271816],[-105.31382799996214,16.280950500065671],[-105.30814400044517,16.297491100034392],[-105.30274200044289,16.31412700026101],[-105.29765299958615,16.330850599675557],[-105.29287000025022,16.347654299906139],[-105.2883830001752,16.364534400242519],[-105.28421000019125,16.381490700135828],[-105.28035699967569,16.398511899604614],[-105.27679399994304,16.415597899723423],[-105.27355199972493,16.432737399611426],[-105.2706220004049,16.449930199619132],[-105.26799799990766,16.467168800300044],[-105.26569399977819,16.484449400219773],[-105.26370199964748,16.501764300282389],[-105.26202399960778,16.519111600220299],[-105.26066599993584,16.536485699955222],[-105.25962100030881,16.553875000031383],[-105.25888799978128,16.571281399816883],[-105.25847599966755,16.58869930013276],[-105.25838499996769,16.606119199641512],[-105.25860600026658,16.62353900022481],[-105.25914800008002,16.640953100005675],[-105.26000199989227,16.658355700155596],[-105.26117700011838,16.675739300328587],[-105.26266500038935,16.693101900432509],[-105.26447300012876,16.710435900296716],[-105.26660200028198,16.727739299828954],[-105.26903500006512,16.74500270021457],[-105.27179000030816,16.762224200286767],[-105.27485699965069,16.779394099957869],[-105.27823599989136,16.796512599776804],[-105.2819290002231,16.813571899923375],[-105.28593399965428,16.830566400319242],[-105.29024499970689,16.847492199705414],[-105.29486799975831,16.864341699709826],[-105.29979700043111,16.881109200429421],[-105.30503099988061,16.897796600332981],[-105.31057700022831,16.914390600246122],[-105.3164219999752,16.930889100251932],[-105.32256299988245,16.94729039973231],[-105.32901000041107,16.963584900223111],[-105.33574699992403,16.979766800197808],[-105.34278099964331,16.995836300205212],[-105.35011299961513,17.011785499701205],[-105.35773500036987,17.027608900230689],[-105.36564600006278,17.043302499810636],[-105.37384000021575,17.0588645996217],[-105.38231699992951,17.074283600208105],[-105.39108300038009,17.089559599595987],[-105.40012400002246,17.104686700031323],[-105.40943899970995,17.119657500093695],[-105.41902900038798,17.134473800225862],[-105.4288940002578,17.149126099989644],[-105.43901800038032,17.163610499924744],[-105.44941699969468,17.177925099763684],[-105.4600679998382,17.192062400059854],[-105.47097800023442,17.206020399821739],[-105.48215500035286,17.219791399953294],[-105.49357600003231,17.233375500279237],[-105.50524100017191,17.246766999997192],[-105.51715099991861,17.259960200103308],[-105.52930500012553,17.272952999781239],[-105.54169500042383,17.285738000308584],[-105.55432099991413,17.298317000329462],[-105.56717700011836,17.310682299848395],[-105.58025399972223,17.322830199953899],[-105.59355199962499,17.334756900111017],[-105.6070709998267,17.346460300402669],[-105.62080400000451,17.357935000400062],[-105.63474299978952,17.369180699729668],[-105.64889500040385,17.380187999576663],[-105.66323899997974,17.39095880020858],[-105.67778800001611,17.401487399923724],[-105.69252000039762,17.411771800428369],[-105.70744299969459,17.421806300020876],[-105.72255699970566,17.431591000324545],[-105.73783900026956,17.441122099905101],[-105.75329599991039,17.450395600376794],[-105.76892899957357,17.459409700397487],[-105.78471399995107,17.468160600331601],[-105.80067400030475,17.476646399911544],[-105.81677199982784,17.484863300401116],[-105.83302300011127,17.492809299909425],[-105.84942600020963,17.500482599792292],[-105.86595900000776,17.507881199957524],[-105.88263700019729,17.515001299870221],[-105.89943699971764,17.521841000162169],[-105.91635900036749,17.528400399758766],[-105.93340300034811,17.534675600098979],[-105.950562000236,17.540664700016009],[-105.96782699961625,17.546363800049448],[-105.98519900033352,17.551775000116322],[-106.00266299989744,17.55689430003207],[-106.02021800006054,17.561721799621523],[-106.03786499996966,17.566253700148309],[-106.05558799978627,17.570491800256491],[-106.07338700040964,17.57442859960031],[-106.09125499971839,17.578071600324222],[-106.10919200041042,17.581411400016236],[-106.12719000031814,17.584451700285854],[-106.14523299960314,17.587192500233812],[-106.16332999957973,17.589630100049192],[-106.18147299987896,17.591766399999472],[-106.19964599976299,17.593595499632727],[-106.21785000017729,17.595123300300202],[-106.23607599980744,17.59634399957605],[-106.25433299996786,17.597261399793922],[-106.27259799959791,17.597871800243524],[-106.29087099959685,17.598175000376102]]]},"properties":{"objectid":17565,"radii":50,"stormid":"EP182026","basin":"ep","stormnum":18,"advnum":26,"synoptime":"2026093000","timezone":"UTC","ne":60,"se":60,"sw":40,"nw":40,"idp_source":"EP182026_radii","idp_filedate":1791040084000,"idp_ingestdate":1791040150000,"st_area(shape)":2.3580606283350072,"st_perimeter(shape)":5.9766994518824053,"binnumber":"EP3"}},{"type":"Feature","id":17566,"geometry":{"type":"Polygon","coordinates":[[[-106.88155400041671,19.296352400343153],[-106.92159299961713,19.62907599955787],[-106.9647290004429,19.628356899851212],[-107.00785800004655,19.626918800262558],[-107.05094100022689,19.624763500335405],[-107.09397900013067,19.621889099802274],[-107.13695499987324,19.618297599654625],[-107.17985499970837,19.613992699703488],[-107.22266399984363,19.608972499681272],[-107.26537299986393,19.603240999772481],[-107.3079680000231,19.596796000235372],[-107.35043299958318,19.589645399815481],[-107.39275399969722,19.581785200127001],[-107.43492099990414,19.573223100265977],[-107.47692099960437,19.563960999600567],[-107.5187230000663,19.553996999661933],[-107.56034100013693,19.543342600081075],[-107.60175299970109,19.531992000230787],[-107.6429290000732,19.519956599917293],[-107.68388400014641,19.507234599597211],[-107.72458600024362,19.493833499616471],[-107.76503000013429,19.479755399891928],[-107.8051909995649,19.465005899602716],[-107.84507000038013,19.449592599818743],[-107.8846510000435,19.43351360027259],[-107.92392700003091,19.416778600152441],[-107.96287500018104,19.399393099711915],[-108.00147999980203,19.381359099942642],[-108.03974900011616,19.362686200208088],[-108.07764400027031,19.343379999687386],[-108.11518100010295,19.32344439963947],[-108.15232099961435,19.302887000234989],[-108.18907200007266,19.281713499578473],[-108.22542600020967,19.259929700095711],[-108.26135300044052,19.237546899969573],[-108.29685199981986,19.214567200016404],[-108.33190900039995,19.191001900217657],[-108.36651600001329,19.166852999766263],[-108.40066500008959,19.142133699810529],[-108.43434099993709,19.116849899903116],[-108.46753700013238,19.091007200122306],[-108.5002369999375,19.064617199923987],[-108.53243299988293,19.037685399561667],[-108.56411699959978,19.01022150002234],[-108.5952910000795,18.982234999945433],[-108.62592299984647,18.953731500308606],[-108.6560129998,18.924728400295578],[-108.6855549996634,18.895221699721787],[-108.71454600019763,18.865230600012296],[-108.74295800011151,18.834762599714338],[-108.77080500005059,18.803825399722541],[-108.79805799957694,18.77242849957571],[-108.82472199982033,18.740581500436008],[-108.85078400018136,18.708297699679235],[-108.87624399976067,18.675582899731182],[-108.90107700010338,18.642450299941515],[-108.92529299987194,18.608909600397908],[-108.94888299955068,18.574970199914958],[-108.97183200024654,18.540643699747079],[-108.99413299983797,18.50593949960836],[-109.01578500007759,18.47087100029654],[-109.03678099974326,18.435447699551844],[-109.05712099973425,18.399679200334958],[-109.07678199988931,18.363576899754264],[-109.09577900000073,18.327154200406142],[-109.11408999995342,18.290420500206039],[-109.13171399970122,18.253385500140837],[-109.14865100014345,18.216066399744705],[-109.16489400005798,18.178466799903049],[-109.18042799965235,18.140603999974758],[-109.19526699957225,18.102489499590888],[-109.20939600002527,18.064132700264054],[-109.22281600015816,18.025548900361628],[-109.23551899960205,17.986747700146395],[-109.24750500015551,17.947738600056482],[-109.25876599965108,17.9085369002579],[-109.26930199988726,17.869153999657499],[-109.27911400001102,17.82959939959278],[-109.28819299960713,17.789890299597801],[-109.29653899957509,17.750036200110685],[-109.30415299996088,17.710046800319731],[-109.31102000007286,17.669939000284785],[-109.3171620000262,17.629720699650704],[-109.32256299998238,17.589408900100807],[-109.3272169996647,17.549013100274522],[-109.3311389997649,17.508544899627566],[-109.33431200039843,17.46801760003234],[-109.33674600022761,17.427444499763965],[-109.33843199973688,17.386837000427363],[-109.33937800019447,17.346206699679612],[-109.33957700037814,17.305566799568282],[-108.64227300019871,17.277956000269342],[-108.64147200013258,17.248933799555346],[-108.64013699972264,17.219930599717543],[-108.63826799986822,17.190952300308538],[-108.63588000036162,17.162010200410577],[-108.6329649999347,17.133112000018912],[-108.62951700010939,17.104265200378848],[-108.62554200026301,17.075483300314204],[-108.6210479998652,17.046770100359993],[-108.61603499981527,17.01813700032244],[-108.61049699983658,16.989589700104716],[-108.60444599958311,16.961141599605298],[-108.59787799976976,16.932798399626563],[-108.59079000025821,16.904567700339214],[-108.58319900003374,16.876459100207455],[-108.57509599958064,16.848482099669297],[-108.56648299989041,16.820644399619482],[-108.55737299976403,16.792951600136348],[-108.54775200035442,16.765418999587325],[-108.53765100039328,16.738048599863134],[-108.52703900024954,16.710851700046078],[-108.51593800003855,16.68383409986393],[-108.50435600012918,16.65700340038677],[-108.49229399966828,16.630374899981803],[-108.47975199955505,16.603946700180188],[-108.46672100027382,16.577734000423902],[-108.45323199965696,16.551744499808933],[-108.43926999971063,16.525978100309203],[-108.42485000022725,16.500450100292028],[-108.40996600003081,16.475168199752773],[-108.39462999967463,16.450136200125655],[-108.37884500019652,16.425365399593659],[-108.36261700007441,16.400857899872335],[-108.34594700025377,16.376628900403546],[-108.32884200015809,16.352676400195833],[-108.31131699957979,16.329015700314471],[-108.29335799967185,16.30564879995228],[-108.2749859996041,16.282585099722723],[-108.25620300036809,16.259830500077669],[-108.23701500044183,16.237392399739576],[-108.21743000019427,16.215276700059803],[-108.19744100020188,16.193491000309564],[-108.17707099972677,16.172044800027663],[-108.15631100015241,16.150936100021113],[-108.13517799956492,16.130178499838053],[-108.11368600040851,16.10977749973199],[-108.09182000019274,16.089736900237881],[-108.06960299997837,16.070060699741646],[-108.04702800034187,16.050760299848093],[-108.02411699959976,16.031839400368199],[-108.00086999955073,16.013301800038164],[-107.97729499966442,15.995155299577561],[-107.95340000030967,15.977403599696515],[-107.92918399964179,15.960051500076816],[-107.90467099966679,15.943106699814507],[-107.87985199996973,15.926572799794997],[-107.85474400043518,15.910453800202845],[-107.82934600011771,15.894756300263168],[-107.80367299970908,15.879484200335696],[-107.77773299957818,15.864642099553407],[-107.75153400009395,15.850233099677951],[-107.72508199973441,15.836265600377317],[-107.69837200006765,15.822740599898907],[-107.67143199968694,15.809660899630956],[-107.64426399958381,15.797031399979289],[-107.61687500008111,15.784856799901547],[-107.58927199970293,15.773140899932741],[-107.56146199967145,15.761886600386447],[-107.53345500044782,15.751098600220359],[-107.50526399993356,15.740776099937193],[-107.47689100001952,15.730927500104201],[-107.44834900040593,15.721550899554529],[-107.41964000028571,15.712655099953054],[-107.39077800030435,15.704235100169853],[-107.36177099993159,15.696299600246505],[-107.3326190000667,15.688846600090642],[-107.30334499997167,15.681881000108206],[-107.27394899964651,15.675404500017805],[-107.24444599978295,15.669419299561184],[-107.21483600038101,15.663927999577652],[-107.18513500037989,15.658927900302501],[-107.15534199973342,15.654425600061529],[-107.12548100044773,15.650418300164574],[-107.09555099977871,15.646910699569275],[-107.06556700021679,15.643901800028175],[-107.03553800037832,15.641393699659659],[-107.00545499984827,15.639385199667345],[-106.97534900005621,15.637879400014413],[-106.94522100014893,15.636873199838419],[-106.91507000008033,15.636371600269285],[-106.87896699982707,14.970919600359423],[-106.83689899968897,14.971619600264489],[-106.79486100003504,14.973023399710257],[-106.75284599964306,14.975125299692991],[-106.71087600042699,14.977927199580733],[-106.6689679995734,14.981427200005442],[-106.62712099973425,14.985626200289062],[-106.58535800017148,14.990520499721413],[-106.54368600030858,14.996112799865955],[-106.50212099998407,15.002394700155435],[-106.46067000042007,15.009371799768871],[-106.41934200023303,15.017036399610276],[-106.37816599986093,15.025390599596619],[-106.33714300024917,15.034426699732535],[-106.29628800029087,15.044147499607561],[-106.25559999993993,15.054546399996525],[-106.21511099977272,15.065623300175275],[-106.17481999974308,15.077369699751955],[-106.13473500021996,15.089788400114685],[-106.094886999935,15.102871900018329],[-106.05527499974136,15.116619099591901],[-106.01591500037688,15.13102439965644],[-105.97679899967397,15.14608100043796],[-105.93797299975404,15.161788900137765],[-105.89942199992527,15.178140600208678],[-105.86117599977246,15.195132300115688],[-105.82322699982609,15.212758100306246],[-105.78559900029353,15.231013300023903],[-105.74829899969899,15.249895099679236],[-105.7113340001639,15.269393899908664],[-105.67472800009705,15.289504999955909],[-105.63848100039775,15.310222600093084],[-105.6026079999591,15.331542999609894],[-105.5671160000033,15.353456500217476],[-105.53202100036879,15.375958400260117],[-105.49732999957973,15.399041200291322],[-105.46305800012652,15.422698999859108],[-105.42919899993382,15.446924199692205],[-105.39578200033895,15.47170930034406],[-105.36281599995834,15.49704740041733],[-105.33029899959905,15.522930100244082],[-105.29824800004508,15.549353600188624],[-105.26666999982052,15.576303500306437],[-105.23557999961719,15.603777900329987],[-105.20498699985006,15.631762500139416],[-105.1748890004269,15.660258299780821],[-105.14530899971049,15.689246200351988],[-105.11624899959156,15.718723299740645],[-105.08771500034692,15.748681999574785],[-105.05972300001633,15.779110900048124],[-105.03227999982204,15.810000399998614],[-105.00539400013292,15.841341999933491],[-104.97906500004962,15.873127900032671],[-104.95330800026392,15.905347800360857],[-104.92813899971497,15.937989200341462],[-104.90355700015533,15.971047400117584],[-104.87956199978635,16.004510900058108],[-104.85617799971482,16.03836630026467],[-104.83339699957179,16.072608899980878],[-104.81123400004896,16.107225400032348],[-104.78970299999338,16.142202399621169],[-104.76879099970478,16.177534099918887],[-104.74852799966737,16.213211100312151],[-104.72889699999644,16.249217999910911],[-104.70992300004633,16.285545300075682],[-104.69160499977085,16.322185499561272],[-104.6739500003921,16.35912510044318],[-104.65696000020375,16.396352800041825],[-104.64064000033562,16.433856999800867],[-104.62500000034964,16.47163010044892],[-104.61004599962308,16.509654999578686],[-104.59577900000073,16.547922099625339],[-104.58219899968401,16.586421999975471],[-104.56932799968735,16.625144999642146],[-104.55714399989557,16.664073899990626],[-104.54567699989354,16.703199400232279],[-104.53491199988878,16.74251169955545],[-104.52486399967376,16.781995799966353],[-104.51553300014774,16.821641899754013],[-104.50692699988105,16.861436799568764],[-104.49903900034951,16.901369099604381],[-104.49186699966219,16.941429099773302],[-104.48543499982526,16.981599800190793],[-104.47973599961659,17.021871599694691],[-104.47476999993546,17.06223299955343],[-104.47052800036681,17.102670699693192],[-104.46702599984991,17.143173199583657],[-104.46427199965296,17.183727299875102],[-104.46224999993746,17.224319499945125],[-104.46096800017295,17.264942199622965],[-104.80894499971185,17.306587200039417],[-104.80918900017213,17.341422999771737],[-104.8100589998229,17.376251200232844],[-104.81157699967872,17.411058399725505],[-104.81372799994716,17.445833200242134],[-104.816512999775,17.480567899988728],[-104.81993900038447,17.515253100150574],[-104.82399699956176,17.549873399837679],[-104.8286900001433,17.58442119977866],[-104.83401500019198,17.618886899710787],[-104.83997299975402,17.653257400109055],[-104.84656499977484,17.687522900161866],[-104.85378299988542,17.721675900422611],[-104.86162600003979,17.755701099826013],[-104.87009400023783,17.789590800175404],[-104.87918899967252,17.823335599958114],[-104.88890099968131,17.856922100174927],[-104.89923100031029,17.890342699755934],[-104.91017899976094,17.92358780023693],[-104.92173800040831,17.95664220037736],[-104.93389900003871,17.989499999725354],[-104.94667099996656,18.022149999922704],[-104.96004499977681,18.054584500074782],[-104.97402200041489,18.086790100283054],[-104.98857899992083,18.118757200284733],[-105.00373800020844,18.150478399558608],[-105.01948499973287,18.181938200087984],[-105.03579700013137,18.213136699898939],[-105.05269599972053,18.244054800089089],[-105.07016799965334,18.274688700123534],[-105.08821099983766,18.305025099928571],[-105.10679599983541,18.335056300408098],[-105.12595400017688,18.364774699592829],[-105.14565300028562,18.394170799742767],[-105.16590099963133,18.423231100235228],[-105.18668400026633,18.451950099917326],[-105.20800000029965,18.480319999868243],[-105.22984300035409,18.508329400281752],[-105.2522050000606,18.535970700087887],[-105.27507799994964,18.563236200190602],[-105.29845399965228,18.590116499976659],[-105.32233400011393,18.616599999990171],[-105.34670299974357,18.642686800055912],[-105.37155199992475,18.668361699832701],[-105.39688099975825,18.693616900399775],[-105.42267600039702,18.718446700055324],[-105.44893599999631,18.742845499620273],[-105.47564699970917,18.766799900095464],[-105.50280000001987,18.790306100046621],[-105.53039600007526,18.813358299745857],[-105.55841799999058,18.835945100286267],[-105.58685300006579,18.858062700233575],[-105.6157069996782,18.879703500316452],[-105.6449579996119,18.900859799640159],[-105.67460599986691,18.921523999832857],[-105.70463599975147,18.94169429955241],[-105.73503100028034,18.961359000417701],[-105.76580000006987,18.980514499744515],[-105.79692800022696,18.999154999603661],[-105.82840000005984,19.017272899824604],[-105.86020700005292,19.034862499604799],[-105.89234199988329,19.051923799843621],[-105.92478899971246,19.068445200185977],[-105.95754200016307,19.084423099746402],[-105.9906010003358,19.099851599871556],[-106.02393299960812,19.114728900118791],[-106.05754900028603,19.129045500049926],[-106.09142300027116,19.142801299840244],[-106.12555699965571,19.15599059958663],[-106.15993500039986,19.168607700285293],[-106.1945420000132,19.180652600137535],[-106.22936999992544,19.192117699872085],[-106.26441199981383,19.203001000296069],[-106.2996519998398,19.213300700067407],[-106.33509100004949,19.223011000357531],[-106.37068900039696,19.232126200364007],[-106.40647100023637,19.240648300179032],[-106.44240599993685,19.248573299618215],[-106.47847000019027,19.255897499769958],[-106.51468700030472,19.262622800002362],[-106.55101800028041,19.268739699877415],[-106.58745599979443,19.274251900105241],[-106.62399300027664,19.279155699975718],[-106.6606219996055,19.283449200120629],[-106.69731900027153,19.287132299815937],[-106.73408499962295,19.290204999960906],[-106.7709049996659,19.292661699577934],[-106.80775500019303,19.294507999644622],[-106.84465000009732,19.295736299990381],[-106.88155400041671,19.296352400343153]]]},"properties":{"objectid":17566,"radii":34,"stormid":"EP182026","basin":"ep","stormnum":18,"advnum":26,"synoptime":"2026093006","timezone":"UTC","ne":120,"se":140,"sw":100,"nw":140,"idp_source":"EP182026_radii","idp_filedate":1791040084000,"idp_ingestdate":1791040150000,"st_area(shape)":14.482800826136412,"st_perimeter(shape)":15.283951211192553,"binnumber":"EP3"}},{"type":"Feature","id":17567,"geometry":{"type":"Polygon","coordinates":[[[-106.89083100015046,18.2981758002731],[-106.90611299981498,17.965450299891586],[-106.91832700009087,17.96524619965254],[-106.93052699972117,17.964841799709404],[-106.94271899988183,17.964229599716418],[-106.95489500020398,17.963417100019285],[-106.96705599983443,17.962400400258389],[-106.97920199967245,17.961181600350699],[-106.99131799992568,17.959760700296215],[-107.00340999997144,17.958139399813604],[-107.01546500010954,17.956316000083461],[-107.02748100024786,17.954292299749966],[-107.03947400022486,17.952066400344222],[-107.05140700013283,17.949644099795535],[-107.06330100004101,17.947023399810178],[-107.07514200020307,17.944202400120787],[-107.08693700004244,17.941185000187772],[-107.09867099976674,17.937972999554404],[-107.1103359999064,17.934564599576731],[-107.12194800029988,17.930961599798138],[-107.13348399988661,17.927167899678977],[-107.14494300041906,17.923181500026317],[-107.15633399961428,17.91900630030068],[-107.16764799975527,17.914638499966941],[-107.17887899966598,17.910085700095124],[-107.19001799983073,17.905347799961135],[-107.20107299971909,17.900421099754112],[-107.21203599986143,17.895313300368684],[-107.22289299961216,17.890022300089242],[-107.23365799961687,17.884553900442313],[-107.24433099987567,17.878904299993565],[-107.25488299995038,17.87307740000216],[-107.26533499991024,17.867075000011369],[-107.2756649996399,17.860902799924418],[-107.28588899987733,17.854557000105615],[-107.29598999983853,17.848043400282847],[-107.30596899956959,17.841361999556796],[-107.31582599996983,17.834514600168802],[-107.32555399981715,17.827503200412536],[-107.33515199996475,17.820333500190998],[-107.3446120000437,17.813003500311424],[-107.35394299956965,17.805517200058887],[-107.36312899960353,17.797876399876088],[-107.37216900009918,17.790082900205846],[-107.38107299971904,17.782140700333173],[-107.3898160000083,17.774051699626398],[-107.39842200027499,17.765815700234498],[-107.40687599982743,17.757442500271338],[-107.41516900004922,17.748924299916666],[-107.42330200008712,17.740272499876085],[-107.4312739998951,17.73148540043104],[-107.43908699956529,17.722568500036402],[-107.44673199958203,17.713520099872824],[-107.45420799989915,17.704349499829675],[-107.46151699970966,17.695053099920756],[-107.46865100044323,17.685636500224462],[-107.47561599967855,17.676101699933668],[-107.48239900041347,17.666454300026089],[-107.48900600022665,17.656694400326444],[-107.49543800006353,17.646825799571161],[-107.50167800003959,17.636852300093722],[-107.50774400008544,17.626773800270826],[-107.51361099994762,17.616598099922498],[-107.51930199978739,17.606325100123399],[-107.52479600043495,17.595960599702039],[-107.53009800032237,17.58550449973302],[-107.53521699986453,17.574962599944172],[-107.54013099984564,17.56433679970371],[-107.54485299996588,17.553628900353601],[-107.54937699994849,17.542848600182879],[-107.55370299979353,17.531990100362975],[-107.55783100040026,17.521062900432639],[-107.56175199955504,17.510068899760029],[-107.5654750003709,17.499010100236092],[-107.568992999827,17.487890199872993],[-107.5723190003215,17.476717000289455],[-107.57542399961778,17.465486500401823],[-107.57832300020618,17.454206500030068],[-107.58102399975769,17.442880600059766],[-107.58351100023236,17.431512799776044],[-107.58579300024667,17.420105000345643],[-107.58786000023872,17.408659000412683],[-107.5897290000932,17.39718249997253],[-107.59137699964873,17.385675400099785],[-107.59281200017358,17.374139799812042],[-107.59404000014581,17.362586999990185],[-107.59506199961152,17.351011299831782],[-107.59586299967759,17.339422199774845],[-107.59645800013652,17.327823600179158],[-107.5968320002965,17.316215500145347],[-107.59700800031885,17.304601700208423],[-107.59696199999621,17.292987800446781],[-107.59670299974357,17.281375899878014],[-107.59623699983757,17.269767799844203],[-107.59555800000157,17.258172999884152],[-107.59466600023563,17.246589699555102],[-107.59356699991702,17.235025400102245],[-107.59224700019882,17.22347639991608],[-107.59072099997405,17.211955999969575],[-107.58898900014213,17.200458500359616],[-107.58704400038022,17.18899349955052],[-107.58489200006568,17.177564600226276],[-107.58252699982108,17.166170099970259],[-107.57995599996934,17.154817599852493],[-107.57718699997997,17.143512699951259],[-107.57420299996835,17.132251699556434],[-107.57101400039568,17.121044199830123],[-107.56761900031654,17.109890000223459],[-107.56403399956935,17.098794899565121],[-107.56024200006817,17.087762800013365],[-107.55624400006047,17.076793699769553],[-107.55204799991515,17.065891300443297],[-107.5476609999551,17.055065199599426],[-107.54306800038779,17.044307699940532],[-107.53828400010644,17.033634199658707],[-107.53331000005636,17.023038899925439],[-107.52813699982261,17.012527499744465],[-107.52278100014297,17.002105699918275],[-107.5172270003257,16.991773600271586],[-107.51149699958677,16.981536899808191],[-107.50557699997847,16.971397399870227],[-107.49947400002497,16.96135709965057],[-107.49318699968018,16.951419799684174],[-107.48671699988955,16.941589400330713],[-107.48007999959219,16.931865700142112],[-107.47325899980291,16.922258400105193],[-107.46627000036011,16.912763599860398],[-107.45910600004174,16.903387100034763],[-107.45176699974712,16.894130700171843],[-107.44426700012184,16.885000199999354],[-107.43660700031273,16.875993700149309],[-107.42877999999689,16.86711689962533],[-107.42079200035045,16.858371699594386],[-107.4126429995747,16.849762000416149],[-107.40435000025224,16.841287599743055],[-107.39589699984657,16.83295249955836],[-107.38729899994877,16.824762299940346],[-107.37854800018994,16.816715200446311],[-107.3696590003625,16.808814999812512],[-107.36061899986686,16.801065399648621],[-107.35144000015578,16.793464700235859],[-107.34213299993792,16.786020300296741],[-107.33269499997419,16.778730400287884],[-107.32311199961902,16.771600700112344],[-107.31340799997912,16.764631299594953],[-107.30358100006299,16.757823900252959],[-107.29363299996288,16.751180600204691],[-107.28356199958654,16.744705199985106],[-107.27337600020218,16.738399500037019],[-107.26307700010335,16.732263600185149],[-107.25267799988967,16.726299299972879],[-107.2421649998148,16.720510499759882],[-107.2315440001554,16.714897200445591],[-107.22082499957395,16.709459300406536],[-107.21001400014592,16.704204600362175],[-107.1991039997497,16.699129100128005],[-107.1881099999764,16.694236799888529],[-107.17702499960393,16.689529400261733],[-107.16585499980829,16.685005199730313],[-107.15461000015131,16.680667899903824],[-107.14328000017179,16.676519400150312],[-107.13188900007719,16.672561599838104],[-107.12042200007517,16.668792700323024],[-107.10888699963522,16.665216399617293],[-107.09728999993348,16.661830899976167],[-107.08563200011662,16.6586399003113],[-107.07391400023084,16.65564730008299],[-107.06215700034517,16.65284540019519],[-107.05033900034448,16.650241899744003],[-107.03848300039004,16.647836699803975],[-107.02657299974402,16.645627999932401],[-107.01463300041252,16.643617599672609],[-107.00266299969758,16.641807599841002],[-106.99066200025101,16.640195799796459],[-106.97863000027422,16.638786300447521],[-106.96657600018216,16.637575099811158],[-106.95449799988268,16.636566199870344],[-106.94240599983692,16.635761300343859],[-106.93029799995264,16.635154700429212],[-106.91819000006836,16.634752299679008],[-106.90606700039166,16.634548200339339],[-106.89093000021921,16.301824600225245],[-106.87277999959718,16.302125900090346],[-106.85463700019733,16.302732500004993],[-106.83650999973662,16.303636600149105],[-106.81840500029045,16.304845799793952],[-106.80032300010629,16.306356400027994],[-106.78227199955302,16.308168399951853],[-106.76425899985287,16.310279800372655],[-106.74627699978362,16.312692599583954],[-106.72834800035986,16.315402999748756],[-106.71046400031327,16.318412800410556],[-106.6926420004279,16.321720100402445],[-106.67488099975822,16.325323100181095],[-106.65719599989541,16.329221699921675],[-106.63957200014761,16.333416000348279],[-106.62203199977688,16.337902100201916],[-106.60457599968254,16.342680000381847],[-106.58720399986458,16.347747799721333],[-106.56993100011545,16.353103599751478],[-106.55275000011233,16.358747500297056],[-106.53567499960144,16.364677399642403],[-106.51871499989721,16.37088969960007],[-106.50186900005423,16.377382300253089],[-106.48513800011852,16.384159100162492],[-106.46852900041296,16.391208599697279],[-106.45205699983057,16.398536700208695],[-106.43571499984728,16.406137500345494],[-106.41951800025544,16.4140090998402],[-106.40345799978678,16.422149700048749],[-106.38755000003238,16.430555299887317],[-106.37179600018516,16.439228099996967],[-106.35620099957634,16.448160199833467],[-106.34076700009689,16.457349799853546],[-106.32550799969431,16.466796900057034],[-106.31041699984456,16.476495699816837],[-106.29550900034002,16.486444500313553],[-106.2807769999585,16.496639299564151],[-106.26622799992214,16.507081999634693],[-106.25187700002346,16.517761199819631],[-106.2377089995706,16.528680799579377],[-106.22375499999316,16.539833099817827],[-106.2099910001844,16.551214200175309],[-106.19644899982137,16.56282619966953],[-106.18310499959597,16.574663199647091],[-106.16999100008451,16.586715699669924],[-106.15708899955757,16.598987600097814],[-106.14440900027506,16.611474999671657],[-106.1319579998617,16.624170300019443],[-106.11973600011623,16.637069699707013],[-106.10774999956271,16.650171300265413],[-106.09600800036884,16.663471200435708],[-106.08451099988264,16.67696380013939],[-106.07325000038713,16.690647100183639],[-106.0622409999221,16.704515499590798],[-106.05148300024018,16.718564999974888],[-106.04098499995769,16.732791899726521],[-106.03074599992783,16.747192400109327],[-106.0207749996664,16.761760699596721],[-106.01106299965761,16.77649119990906],[-106.00161700022426,16.791383699598214],[-105.9924470000289,16.806430799941609],[-105.98355099987862,16.821624800044617],[-105.97492999981955,16.836969399718157],[-105.96659100017445,16.852453200055265],[-105.95853400004398,16.868076299981396],[-105.95076000037363,16.883827199865493],[-105.9432749996414,16.899707799975147],[-105.93607300026866,16.915710400314879],[-105.92916900024909,16.931831399999226],[-105.92255400006695,16.948064799650922],[-105.91623700013736,16.964403199648075],[-105.91022499988372,16.98084640034125],[-105.90450300041306,16.997386899585877],[-105.89908599971903,17.014020900444336],[-105.89398199996924,17.030742599591463],[-105.88916800010304,17.047546399646762],[-105.8846660002356,17.06442449989089],[-105.88047799955996,17.081380799784199],[-105.87659500035886,17.098402000152305],[-105.87302400025732,17.115484199736159],[-105.86975899987783,17.132625599891639],[-105.86681399986611,17.149816499631868],[-105.8641819998993,17.167053200045302],[-105.86185499960845,17.184331899697554],[-105.85985600005426,17.201650600295125],[-105.85816999964567,17.218995999965557],[-105.8567960001352,17.236368200332322],[-105.85574300013923,17.253759399776641],[-105.85501099965779,17.271165799562141],[-105.85459100007449,17.288581799610483],[-105.85449200000568,17.30600360028609],[-105.85471300030463,17.323423399970068],[-105.85525500011806,17.340835600382775],[-105.85610999997641,17.358240099900854],[-105.85728500020252,17.375623700073845],[-105.85877999989697,17.392986300177768],[-105.86058799963638,17.410322200309452],[-105.86270900032002,17.427623699574212],[-105.86515799994163,17.444887199784603],[-105.86791200013857,17.462110500299502],[-105.87098699985006,17.479280499795379],[-105.87437399956031,17.496400800057017],[-105.87808199968441,17.513460200028362],[-105.88209500038386,17.530454599700136],[-105.88642100022889,17.547380399985627],[-105.89106000011878,17.564231900082234],[-105.89600399968475,17.581003200437465],[-105.901252999826,17.597688700073604],[-105.90681500001216,17.614284500429505],[-105.91267400040471,17.630786899895668],[-105.91883100015042,17.647186300007888],[-105.92529299957215,17.663482699866847],[-105.93206799993817,17.679668400376499],[-105.9391170003492,17.695737799659867],[-105.94647999995192,17.711689000147373],[-105.95411699959976,17.727514300045073],[-105.96205899982289,17.743209799892497],[-105.97027600013718,17.758770000335403],[-105.97878999975859,17.774190900289966],[-105.98758699984006,17.789468799945325],[-105.9966579999666,17.804597899573537],[-106.00601199965394,17.819572400346146],[-106.01563299996286,17.834390599846472],[-106.02552800031685,17.849044799877731],[-106.03569000039312,17.863531100080365],[-106.04612000023775,17.8778477000115],[-106.0568159997585,17.891986799851054],[-106.06776400010841,17.905946699880417],[-106.0789790001806,17.919721600371702],[-106.09044600018268,17.933305699798325],[-106.10215000032218,17.946699099783757],[-106.11411299981501,17.95989420015735],[-106.12631200029847,17.972888900102816],[-106.13874099969729,17.985677700265796],[-106.15141300040955,17.998258599654775],[-106.16431399999101,18.010623900073085],[-106.17744400024031,18.022773700446066],[-106.19079599993535,18.034704200238764],[-106.20436099956038,18.046407700355246],[-106.21814700038368,18.057886100163557],[-106.23213999996091,18.069131900217144],[-106.24634600036751,18.080141100331673],[-106.26075000001237,18.090915699699906],[-106.27535199979485,18.101444199590276],[-106.29013799996864,18.111730600187173],[-106.30512200027999,18.121769000139409],[-106.32029000008333,18.131555599811236],[-106.33563199981683,18.141088499834552],[-106.35115099961882,18.150363899674346],[-106.3668369999275,18.159378100419133],[-106.38268999984354,18.168130899721405],[-106.39870500003565,18.176618599568883],[-106.41487099999654,18.184839199869316],[-106.43118999981851,18.192785300101662],[-106.44764699970915,18.200460400427289],[-106.46425600031404,18.207860899960679],[-106.48098800029589,18.214982999965628],[-106.4978560002541,18.221826599717929],[-106.51484699958928,18.22838400012165],[-106.53195199968496,18.234661099830021],[-106.54917900001072,18.240650199747051],[-106.56651299987493,18.246351200047968],[-106.58395400017685,18.251762400114785],[-106.60148600017868,18.256883600298067],[-106.61910999992648,18.261713000154998],[-106.63682600031956,18.266244899782464],[-106.65461699967472,18.270484900158181],[-106.67248499988273,18.274423599769477],[-106.69043000004439,18.278064700225855],[-106.70843500027496,18.281406400185347],[-106.72650099972128,18.284450500090657],[-106.74462099985914,18.287189499595854],[-106.76278700031969,18.289627100310554],[-106.78099800015747,18.291763300436116],[-106.79924799999509,18.293594400161567],[-106.81752800031688,18.29512019983747],[-106.83582300043105,18.296342800280172],[-106.85414900017611,18.297258400055284],[-106.87248999971359,18.297868699780793],[-106.89083100015046,18.2981758002731]]]},"properties":{"objectid":17567,"radii":50,"stormid":"EP182026","basin":"ep","stormnum":18,"advnum":26,"synoptime":"2026093006","timezone":"UTC","ne":60,"se":60,"sw":40,"nw":40,"idp_source":"EP182026_radii","idp_filedate":1791040084000,"idp_ingestdate":1791040150000,"st_area(shape)":2.3668567397094153,"st_perimeter(shape)":5.9868761508409474,"binnumber":"EP3"}},{"type":"Feature","id":17568,"geometry":{"type":"Polygon","coordinates":[[[-106.89695700026527,17.632724800409335],[-106.90000899981538,17.300001099571205],[-106.89696499973485,16.96727560008901],[-106.8908999997351,16.967374799807317],[-106.88482700026577,16.967578900046362],[-106.8787689996895,16.967880199911463],[-106.87271100001254,16.968286500122019],[-106.86666099980522,16.968790099783405],[-106.86062600028959,16.969396599873335],[-106.85459900024358,16.970104199948992],[-106.84857899962105,16.970909100374797],[-106.84258300010526,16.971818900422079],[-106.83660899980538,16.972824099652598],[-106.83064299987444,16.97392850040012],[-106.82470700042762,16.97513579977749],[-106.81878699992001,16.976438500136794],[-106.81289699989651,16.977842299582619],[-106.80703000003439,16.979343400277855],[-106.80119299975706,16.980939900156386],[-106.79538700000995,16.982635499928506],[-106.78961199989379,16.984426499783297],[-106.78387499973138,16.986314799988179],[-106.77815999968414,16.98829650018348],[-106.77249099995959,16.990373599562133],[-106.76686100023488,16.99254609992272],[-106.76126899956461,16.994812000273726],[-106.75571399970124,16.997169500172447],[-106.75021399967625,16.999620400061531],[-106.7447589999278,17.00216290039765],[-106.73934200013309,17.004795100014007],[-106.73397800008456,17.007516899985092],[-106.72866100040477,17.010326400043482],[-106.723396000425,17.013225600281373],[-106.71819299970707,17.016212499707251],[-106.71303600021116,17.019287100119698],[-106.70793899988485,17.022445699909269],[-106.70290399971969,17.025686299882977],[-106.69792200020004,17.029012699676514],[-106.69300800021892,17.032421099654186],[-106.68815600039898,17.03591159964077],[-106.6833570003252,17.039482099719294],[-106.6786419996285,17.043130900171036],[-106.67398099962332,17.046857800447299],[-106.66938800005607,17.050664899565618],[-106.66487100039626,17.05454440040387],[-106.66042300032109,17.058500300448657],[-106.65605200019957,17.062526700147259],[-106.65174899961653,17.066627499859351],[-106.64752199984031,17.070800800216887],[-106.64337200001768,17.075042699960761],[-106.63930500042534,17.079355200082546],[-106.63530700041764,17.083732599779808],[-106.63140100015596,17.088174800127035],[-106.62757099980172,17.092683800317275],[-106.62381700025423,17.097253799723205],[-106.62015499955351,17.101886700411058],[-106.61657700002843,17.106578799871841],[-106.61309100024937,17.111331900347068],[-106.60968000033165,17.116142300227125],[-106.60636100015995,17.121006000226885],[-106.60314200010311,17.125926999631474],[-106.59999799990766,17.130899399787609],[-106.59694700040365,17.135925299712937],[-106.59400200039192,17.140998799854856],[-106.59114099975722,17.146123900397811],[-106.58837099972175,17.15129279972308],[-106.58569300033162,17.156507499721499],[-106.5831219995805,17.161768000393067],[-106.5806430003741,17.167068500211258],[-106.57824699959923,17.172411000167642],[-106.57596599963108,17.177793500170026],[-106.57377600026211,17.183208499872535],[-106.57169300043154,17.188665399888407],[-106.56969500002413,17.194150900144052],[-106.56781000033118,17.199670800367301],[-106.56602499985377,17.205221200198366],[-106.56433900034449,17.210800200269148],[-106.5627590003275,17.21640969994786],[-106.56127900042543,17.222040199695584],[-106.55989799969285,17.227695500047446],[-106.55861699997445,17.233375500279237],[-106.55744900007119,17.239072799869973],[-106.55638899975241,17.244790999705003],[-106.55542000003288,17.250526399973523],[-106.55456500017453,17.256273299873044],[-106.5538100004311,17.262037300381223],[-106.55316899964953,17.26780890016073],[-106.55262799988219,17.27359580010625],[-106.55219299960714,17.279386499687348],[-106.5518649997698,17.285184900163131],[-106.55163600000128,17.290988899817989],[-106.551521000094,17.296796799832578],[-106.55150600030157,17.302604699847166],[-106.55160500037039,17.308410599769502],[-106.55181099997759,17.314212799880977],[-106.55211599965355,17.320012999900143],[-106.55252799976728,17.325805699573493],[-106.55304700031871,17.331592600418332],[-106.55367300040854,17.337369900100953],[-106.55440499999065,17.343133899709869],[-106.55523699968768,17.34888839977998],[-106.55618300014527,17.354625700315978],[-106.55722799977229,17.360345800418486],[-106.5583720003674,17.366048799912335],[-106.55963099997058,17.371730800236378],[-106.56098899964252,17.377391799592033],[-106.56245399975217,17.383029900409724],[-106.56401799993063,17.388641400180632],[-106.5656810001779,17.394224199887049],[-106.56745099996357,17.399780299621284],[-106.56932099986415,17.405309700282601],[-106.57129700015633,17.410802799809517],[-106.57336400014839,17.416261699917641],[-106.57553899972498,17.421688100325696],[-106.57780499990071,17.427076300231192],[-106.58017699956878,17.432426500182999],[-106.58264199992823,17.43773460017178],[-106.5852050003104,17.443000799847198],[-106.58786799990816,17.448225000283685],[-106.5906220001051,17.453405400139218],[-106.59346800004806,17.458536099861249],[-106.59641300005978,17.46361920026601],[-106.59944899977143,17.468652700361986],[-106.60257700012835,17.473636600149121],[-106.60579700023129,17.478565199724301],[-106.60909999966515,17.483440400254381],[-106.61250300011329,17.488260299673243],[-106.6159819995695,17.493021000319061],[-106.6195599999939,17.497726399853605],[-106.62321500037189,17.502368899904923],[-106.62695300008079,17.50695039984123],[-106.63078300043503,17.51146700020206],[-106.63468899979739,17.515922499723729],[-106.63867200001272,17.520307499591581],[-106.64274599992785,17.524629599976208],[-106.64688900032701,17.528881099982925],[-106.65112300042603,17.533065800146687],[-106.65541799974079,17.537177999665118],[-106.65979800027742,17.541215899893984],[-106.66423799998364,17.545181300376839],[-106.66876199996625,17.549074200214307],[-106.67336299990245,17.552888900402593],[-106.67801699958477,17.556625400042321],[-106.6827550004428,17.560287499668505],[-106.68754600014768,17.563867600009871],[-106.69240600033658,17.567367600434579],[-106.69732699974116,17.570785499951],[-106.70231599958362,17.574121500007379],[-106.70735900011766,17.577375400054791],[-106.71247100023635,17.580539699747476],[-106.71763600010121,17.583623900422822],[-106.72285499975834,17.58661840001929],[-106.72812700006091,17.58952709979593],[-106.7334439997407,17.59234810038464],[-106.73883099995061,17.595077499627052],[-106.74424699969916,17.597719199681478],[-106.74971800018545,17.600269300188188],[-106.7552489998414,17.602725999805159],[-106.76080299965861,17.605093000142006],[-106.76641100016741,17.607366599589056],[-106.77206400005349,17.609544799852756],[-106.77775599993936,17.611629500301319],[-106.78347800030934,17.613618899592666],[-106.78923000026418,17.615512799875944],[-106.7950289996885,17.617311499726043],[-106.8008500001273,17.619010900033174],[-106.80670200019705,17.620615000082353],[-106.81259200022055,17.622121799781382],[-106.81850400035921,17.623527500393948],[-106.82443999980603,17.624837899849354],[-106.83039900031349,17.626047100393521],[-106.83638000003685,17.627157200144836],[-106.84237699959874,17.628168100177845],[-106.84840399964474,17.62907790022507],[-106.85443099969081,17.629886600286511],[-106.86048099989813,17.6305961995551],[-106.86654699994398,17.63120269964503],[-106.87261199994373,17.631710099841371],[-106.87868500031243,17.63211630022721],[-106.88477299957418,17.632423399820198],[-106.89086900010415,17.632623700423551],[-106.89695700026527,17.632724800409335]]]},"properties":{"objectid":17568,"radii":64,"stormid":"EP182026","basin":"ep","stormnum":18,"advnum":26,"synoptime":"2026093006","timezone":"UTC","ne":20,"se":20,"sw":0,"nw":0,"idp_source":"EP182026_radii","idp_filedate":1791040084000,"idp_ingestdate":1791040150000,"st_area(shape)":0.1811293034005162,"st_perimeter(shape)":1.7296104706763424,"binnumber":"EP3"}},{"type":"Feature","id":17569,"geometry":{"type":"Polygon","coordinates":[[[-107.48149099990962,19.796352400243222],[-107.5216520002395,20.129077899725417],[-107.56493399970424,20.128356899751282],[-107.60818500043735,20.126918800162628],[-107.65141300010976,20.124761599967997],[-107.69457999966716,20.121889099702344],[-107.7376940003777,20.118295700186536],[-107.78073100023539,20.113988899967921],[-107.82367700039316,20.108964900310013],[-107.8665239995828,20.103231400309028],[-107.90925599976447,20.096786499697316],[-107.95185099992364,20.089631999817072],[-107.99430800001409,20.081769899861115],[-108.03660599996681,20.073202100096978],[-108.07873500021998,20.063936199795933],[-108.12067399980515,20.053968400221606],[-108.16241500015207,20.043308299838316],[-108.2039570003152,20.031957600163253],[-108.24526999981055,20.019914599679169],[-108.28634600006774,20.007188799723451],[-108.32717100044124,19.993783999931793],[-108.36773699966272,19.9797000995801],[-108.40802799969231,19.964946699830477],[-108.44802899983836,19.949525799875914],[-108.48773199973192,19.933439299983831],[-108.52712199958052,19.916698500135794],[-108.56618499963793,19.899307299792213],[-108.60491200038842,19.881267500295053],[-108.64328800024094,19.862588899758066],[-108.68130499972585,19.843277000233513],[-108.71895600031905,19.823331799922755],[-108.75620999969163,19.802768699715841],[-108.79306799968833,19.781587599788054],[-108.82952099989416,19.759797999678085],[-108.8655549996634,19.737405799837916],[-108.90116100037977,19.71442030015686],[-108.93632499959898,19.690845499920044],[-108.97103899965003,19.666690799740763],[-109.00528699979509,19.641964000338476],[-109.03905500028793,19.616668699900742],[-109.07234200018308,19.590822199584977],[-109.10514100005702,19.564422600023136],[-109.13742799970231,19.537481300122067],[-109.16920500011059,19.510009800412092],[-109.20045499959843,19.482017499707979],[-109.23117099964185,19.453508399992813],[-109.26134499987177,19.424493800348728],[-109.29096999996545,19.394979499604347],[-109.32003799955396,19.364980699899547],[-109.3485260002746,19.334503200062784],[-109.37644199979837,19.303560300167874],[-109.40377000008533,19.272151900390043],[-109.43050399995951,19.240299200447907],[-109.45663499990525,19.20800590015233],[-109.48216199987627,19.175287199844547],[-109.50706499984977,19.142147099709007],[-109.5313419997334,19.108598700170035],[-109.55498500005763,19.074649800148279],[-109.57798799964638,19.04031750025257],[-109.60034199988331,19.005607600210737],[-109.62204699986904,18.970531499829008],[-109.64309700022631,18.935098599720732],[-109.66347500017105,18.899324399701413],[-109.68318900007222,18.863214499849448],[-109.70222500018349,18.826784099606641],[-109.72056599972103,18.790044800227463],[-109.73823499974537,18.753007899894783],[-109.75520299981849,18.715679200135128],[-109.77148399968672,18.678077700025995],[-109.78705600013421,18.64020920019459],[-109.80191800021544,18.602090800350311],[-109.8160780002994,18.563730199589202],[-109.82951400027082,18.525138900240222],[-109.84223899982987,18.486331900297102],[-109.85424000017576,18.447318999672234],[-109.86552399983265,18.408111599970482],[-109.87606800043778,18.368724799909728],[-109.88589500035391,18.329170199845009],[-109.89498100027282,18.289457300214394],[-109.90333599975651,18.249599500017041],[-109.91095699956577,18.209606199866357],[-109.9178390003695,18.169496499563934],[-109.92397299995389,18.129276299561695],[-109.92937499995617,18.08896259974432],[-109.93402899963854,18.048564899650557],[-109.93794300026917,18.008094799635444],[-109.94110100021089,17.967567400215501],[-109.94352699967118,17.926992399679648],[-109.94519800028741,17.886383099900286],[-109.94613600037604,17.845752700227081],[-109.94631999986802,17.805112800115751],[-109.24707800024942,17.777723299690649],[-109.24626899981439,17.748701099875973],[-109.24491899961203,17.719697999862944],[-109.24304200028797,17.69072149999738],[-109.24063099972074,17.66178130036684],[-109.23770100040076,17.632881199707754],[-109.23423000041407,17.604038199703268],[-109.23023999987601,17.575256299638681],[-109.22573099968577,17.54654309968447],[-109.22069500037389,17.517909999646918],[-109.21513400023383,17.489368400231626],[-109.20905300039556,17.460918400364051],[-109.2024610003748,17.432577099753473],[-109.19535099984864,17.404348399659057],[-109.18772899999328,17.376241699794775],[-109.17959599995532,17.348268499791573],[-109.17095900005774,17.320430799741757],[-109.1618120000237,17.292741799894316],[-109.15216100012998,17.265211099612713],[-109.14201399984614,17.237844500423478],[-109.13137800039431,17.210645700338944],[-109.12023900022956,17.183631899792488],[-109.1086200004126,17.156806900218385],[-109.096511999629,17.130180399905669],[-109.0839230000463,17.103757900007224],[-109.07086899970449,17.077545200250938],[-109.05732700024078,17.051557500078729],[-109.0433200000179,17.02579690030683],[-109.02885400021182,17.000274700017542],[-109.01393100001553,16.974994699745764],[-108.9985429999594,16.949964499662087],[-108.98271200015859,16.925197600389083],[-108.96643100029036,16.900695799671553],[-108.9497219995705,16.87646680020282],[-108.9325639997287,16.85251999989822],[-108.91497799993465,16.82886120028428],[-108.89698000002687,16.805499999825258],[-108.8785479998902,16.782440199955431],[-108.8597180002854,16.759689300121238],[-108.84046900024407,16.737255100142875],[-108.82082399992754,16.715145100366215],[-108.80078100014293,16.693365099619768],[-108.78034999955275,16.67191699996971],[-108.75953700023229,16.650815999958581],[-108.73834999985252,16.630062099586382],[-108.71678900021209,16.609664900015275],[-108.69487000025021,16.589628199981576],[-108.67259199992077,16.569955800020296],[-108.6499560001692,16.550659199762379],[-108.62698400021134,16.531742099918119],[-108.60367600004724,16.513210300215349],[-108.58003199967692,16.495065700022167],[-108.55607600020716,16.477315900408598],[-108.53179900032353,16.459970499838846],[-108.50721699986457,16.443027500019241],[-108.48233800009854,16.426496500313363],[-108.45716100008002,16.410383199725004],[-108.43169400017786,16.394689600145057],[-108.40595999965416,16.379419299761025],[-108.37995099993861,16.364583999651984],[-108.35367599964758,16.350177800265385],[-108.32715599974949,16.336212200332909],[-108.30038499996766,16.322689100122034],[-108.27337600000232,16.309614200435135],[-108.24613199999169,16.296985600105472],[-108.21867400000502,16.2848166999309],[-108.19100200004215,16.273103700275669],[-108.1631239995728,16.261852300143687],[-108.13504000039558,16.251066200245077],[-108.10678100034278,16.240749399865024],[-108.07833099957588,16.230901700253412],[-108.04972100042374,16.221527099795935],[-108.02093500034988,16.2126330997379],[-107.99199699956176,16.204216000268332],[-107.96291400018089,16.196281399666987],[-107.93369299983198,16.188831299824756],[-107.90435000015231,16.181869500377275],[-107.87487799991965,16.175394100157746],[-107.84529900014866,16.169410700143828],[-107.8156200002627,16.163919400160353],[-107.78584300035408,16.15892030003198],[-107.75598899959255,16.154418900012388],[-107.72604400003047,16.150413500382854],[-107.6960449997768,16.146905899787612],[-107.66597699993849,16.143899899660767],[-107.63587200019253,16.14139180019157],[-107.60571299975504,16.139383300199256],[-107.57553100005549,16.137878399868384],[-107.54532600019468,16.136873199738488],[-107.51511400001101,16.136371600169355],[-107.47891199968893,15.47092060030559],[-107.43675199980487,15.471620600210656],[-107.39460799975927,15.473022500288323],[-107.35250099962133,15.475122500003522],[-107.31043200033645,15.477924300066547],[-107.26841699994452,15.481423400269819],[-107.2264710000365,15.485620500286018],[-107.18460800035882,15.490514799718369],[-107.14283000010431,15.496103300227276],[-107.10116599971104,15.502385099792662],[-107.05962400044717,15.50935939981656],[-107.0182039996148,15.517021200068484],[-106.97692099970425,15.52536870010556],[-106.93579900002374,15.534405699563536],[-106.89483599958163,15.544120800434712],[-106.85405700043015,15.554514900242566],[-106.81346900019412,15.56558699984032],[-106.77307900009566,15.577331500048842],[-106.73290299997336,15.589745499655237],[-106.69295499957349,15.602825199923188],[-106.65324400021035,15.61656570044687],[-106.61378499987774,15.630963299616724],[-106.57457700032819,15.646016099863232],[-106.53565200033944,15.661720299752176],[-106.49700899986533,15.678064299827724],[-106.45866399964376,15.695050200006847],[-106.42062399999753,15.712670300294235],[-106.38289600035006,15.730919800108836],[-106.3455050000556,15.749793999593521],[-106.30844899992132,15.769285199652359],[-106.27175100010845,15.789391500017871],[-106.23540500034039,15.810102500030496],[-106.19944799962536,15.831414200405163],[-106.16386399992354,15.853321099988932],[-106.12867699964374,15.875816300082306],[-106.09389500005409,15.898891400118146],[-106.0595320000017,15.922541600414661],[-106.02558900043192,15.946759200077167],[-105.99208100023787,15.971537599880492],[-105.95902300011124,15.996869099829212],[-105.92642200037494,16.022745099706697],[-105.8942869996452,16.049158100066393],[-105.86262500004364,16.076101300234939],[-105.83145099956386,16.103567100041801],[-105.80077400041966,16.131547900215537],[-105.77059199982085,16.160032300050773],[-105.74092899977342,16.18901060035904],[-105.71179199970095,16.218481099623204],[-105.68318199964949,16.248432200186016],[-105.65510599994184,16.278852500442667],[-105.62757900037047,16.309734300397793],[-105.60061599982845,16.341070200429556],[-105.5742190002066,16.372848500358145],[-105.54838599961408,16.405057900202053],[-105.52314000001087,16.437694499601605],[-105.49847400017489,16.470747000373933],[-105.47441100026737,16.504199999830291],[-105.45095799971182,16.538049700133683],[-105.42811600035304,16.572284699679301],[-105.40588400034625,16.606891600367192],[-105.38427700038318,16.641862900052956],[-105.36330399997951,16.677188900447561],[-105.34296399998851,16.712858199946083],[-105.32327999967214,16.748859399641731],[-105.30423700013733,16.785180999903389],[-105.28585799974678,16.821815500385185],[-105.26814300029912,16.858747500197126],[-105.25109099994961,16.895971300335361],[-105.23472599980494,16.93346980019129],[-105.21902499970389,16.971233400401275],[-105.20401800013053,17.009252499803154],[-105.18969699981659,17.047519699674524],[-105.17607100007649,17.086013800296769],[-105.16314700033371,17.12473110006033],[-105.15092499968887,17.163656199873856],[-105.13940399989457,17.202777899580553],[-105.12860099993611,17.242084499899875],[-105.11850700029771,17.281566600218582],[-105.10913799991869,17.321209000195324],[-105.10048700027477,17.361000100374497],[-105.09255999984401,17.400930400317861],[-105.0853579995719,17.440986599951771],[-105.07888799978127,17.481153499834306],[-105.07315799994166,17.521425200412807],[-105.06816099973025,17.561784700004068],[-105.06389600000028,17.602218599608818],[-105.06037100022138,17.642721200223377],[-105.05758700043964,17.683275199790785],[-105.05554199966343,17.723869300128229],[-105.05424500010656,17.764488200170433],[-105.4031599997341,17.806255299742418],[-105.40339699987157,17.841091200198889],[-105.40425900005272,17.875917399668424],[-105.40576200011611,17.910724600060405],[-105.40790600006176,17.945501299945192],[-105.41069800021245,17.980237999783981],[-105.41410800008401,18.014923100121109],[-105.41816700020678,18.049545300075692],[-105.4228670002118,18.084095000284151],[-105.42819200026048,18.118560800041053],[-105.43415800019147,18.152933099982704],[-105.44075799968186,18.187202500395244],[-105.44798300011524,18.221355399931895],[-105.45583299969309,18.255384399870309],[-105.46431699972965,18.289277999680053],[-105.47342699985609,18.323022800362082],[-105.48314700023377,18.356615100306783],[-105.49350700044761,18.390037500330493],[-105.50447099973672,18.423284500179705],[-105.51605199959999,18.456344600223247],[-105.52823600029109,18.489206299930913],[-105.54103899984989,18.521860099763956],[-105.55443599982146,18.554296500183455],[-105.56843599972149,18.586505900027419],[-105.58303800040329,18.618478799756929],[-105.59822800032185,18.650203699741098],[-105.61400600037649,18.681671100441065],[-105.63036300015222,18.712869600251963],[-105.64730099974122,18.743793500170057],[-105.66480999958173,18.774431199840137],[-105.6828919997659,18.804773300447607],[-105.70153000040909,18.83481220002318],[-105.72073400017388,18.864534399742865],[-105.7404860000288,18.893936199795917],[-105.76077999969715,18.923002200191547],[-105.78161600007826,18.951726899776759],[-105.80298599990385,18.980102499630789],[-105.82488299975051,19.008115800404028],[-105.84730500042531,19.035762800113275],[-105.87023900042942,19.063034099943877],[-105.89367700029322,19.089921999900525],[-105.91761799997062,19.116411199817151],[-105.94205500003812,19.142503699786062],[-105.9669719997579,19.168182400097805],[-105.99237100012147,19.19344519993615],[-106.01824199976835,19.218280800218906],[-106.04457099985166,19.242683400318811],[-106.07135800037133,19.266645400065329],[-106.09858699969021,19.290159200187077],[-106.12625899965303,19.313215300246043],[-106.15435800042127,19.335807799790246],[-106.18287699987354,19.357932999908144],[-106.21180700029271,19.379577599626657],[-106.24114999997244,19.400739699577628],[-106.27087400013488,19.421411499940916],[-106.30099499971936,19.441585500370707],[-106.33149000036315,19.461256000064509],[-106.36234300042901,19.480415299926278],[-106.39356200028601,19.499061600412688],[-106.42512499981876,19.517185199637368],[-106.45702399955786,19.53478239958821],[-106.48924999998741,19.551847500361987],[-106.5217969999315,19.568370800072501],[-106.5546489995516,19.584354400435359],[-106.58780699979309,19.5997887002884],[-106.6212390000797,19.614667899903793],[-106.65495299988095,19.628990199738041],[-106.68893400030379,19.642751700330848],[-106.72317500012605,19.655946699980348],[-106.75765200003968,19.668567700139363],[-106.79235799972179,19.680616399627297],[-106.82730100044074,19.692085299896803],[-106.86244999986752,19.702972399956423],[-106.8977970003312,19.713273999995238],[-106.93333399966423,19.722984300285361],[-106.96906299975751,19.732107200287203],[-107.00494399966573,19.740631099645668],[-107.04097700028825,19.748558000251649],[-107.07716399991858,19.755884199596267],[-107.11348700042464,19.76260949982867],[-107.14993300030761,19.768730200238679],[-107.18648499968288,19.77424429983472],[-107.22313700007237,19.779149999972674],[-107.25987199979284,19.78344729975322],[-107.29669199983584,19.787130400347849],[-107.33356499962491,19.790203099593498],[-107.37049900042842,19.792661700377323],[-107.40747100028636,19.794506100176534],[-107.44447299972904,19.795738200157928],[-107.48149099990962,19.796352400243222]]]},"properties":{"objectid":17569,"radii":34,"stormid":"EP182026","basin":"ep","stormnum":18,"advnum":26,"synoptime":"2026093012","timezone":"UTC","ne":120,"se":140,"sw":100,"nw":140,"idp_source":"EP182026_radii","idp_filedate":1791040084000,"idp_ingestdate":1791040150000,"st_area(shape)":14.523049222814555,"st_perimeter(shape)":15.305907738364388,"binnumber":"EP3"}},{"type":"Feature","id":17570,"geometry":{"type":"Polygon","coordinates":[[[-107.49080699964321,18.798173899905692],[-107.50613399958434,18.465450299791655],[-107.51837200006764,18.46524619955261],[-107.53060899960553,18.464837999973838],[-107.54283899971995,18.464229599616488],[-107.55505400004199,18.463415099827159],[-107.56724500015656,18.462400400158458],[-107.57942199962548,18.461181600250768],[-107.5915759998324,18.459760700196284],[-107.60369900040843,18.458137500345515],[-107.61579899992381,18.456312200347895],[-107.62785300001582,18.454290400281877],[-107.63987000020023,18.452064499976814],[-107.6518480003848,18.449640300059912],[-107.66377299992394,18.447021500342089],[-107.67565200003969,18.444200499753379],[-107.68746899999428,18.441183099820364],[-107.69923400024879,18.437969199818838],[-107.7109380003883,18.434560799841165],[-107.72258000036663,18.43095970033005],[-107.73415399990705,18.427164099943411],[-107.74564400007046,18.423175800023273],[-107.75707200007264,18.419000600297579],[-107.76841000042111,18.414632799963897],[-107.77967099991662,18.41008000009208],[-107.79084800003506,18.405340199690613],[-107.80193300040753,18.400415399751012],[-107.81291999985802,18.395305600273389],[-107.8238219998853,18.390014599993947],[-107.83461800042028,18.38454249963678],[-107.84531399994103,18.378894800354885],[-107.85589599960059,18.373067900363424],[-107.86637900009066,18.367065399648595],[-107.87674000035065,18.360891300193487],[-107.88698599980393,18.354547499567616],[-107.89711800029539,18.348030100109156],[-107.90712699961125,18.341348599558387],[-107.91700700017282,18.334499399727633],[-107.92675800018145,18.327489900238845],[-107.93638599991385,18.320318199925111],[-107.94587699962375,18.312986399602778],[-107.9552310002104,18.305498100157308],[-107.96444699982908,18.297859200242044],[-107.97351099963282,18.290063900129041],[-107.98243700026723,18.282121700256425],[-107.99121100018743,18.274032599724819],[-107.99983999971613,18.26579670015775],[-108.00830799991417,18.257421500102282],[-108.01662400029727,18.24890329974761],[-108.02477999959723,18.240251499707085],[-108.03278399998152,18.231464400261984],[-108.0406110002973,18.222545599599869],[-108.0482789995761,18.213497200335667],[-108.0557790001007,18.20432470002504],[-108.06310299970357,18.195028300116121],[-108.07026700002194,18.185609800152292],[-108.07724799999511,18.176076900128976],[-108.08404499957697,18.16642759995392],[-108.09067499955148,18.156667700254275],[-108.09711499975731,18.146797200130834],[-108.10337799989469,18.136823699754075],[-108.10945100026333,18.126745199931179],[-108.11534100028683,18.116569499582852],[-108.12103999959623,18.106296499783753],[-108.12654900003622,18.095930099994234],[-108.13187400008496,18.085474000025215],[-108.13699299962713,18.07493019996889],[-108.14192999976956,18.064304399728428],[-108.14666000025869,18.053598399746477],[-108.15119199971093,18.042814299940119],[-108.15553300024766,18.031955700295498],[-108.15966800027792,18.02103039973332],[-108.16360500017055,18.010032700149111],[-108.16734299987945,17.998975799993332],[-108.17086799965836,17.987857799897711],[-108.17419400015291,17.976678799687022],[-108.17730699981809,17.965450299891586],[-108.18021399987612,17.954170199695113],[-108.18292199975036,17.942846299817006],[-108.18541699969467,17.931476600165126],[-108.18770600003177,17.920066799743154],[-108.18978100039277,17.908622700077672],[-108.1916429999244,17.89714430026936],[-108.19329799980272,17.88563730022139],[-108.19473999975111,17.874103500376407],[-108.19596899976943,17.862548800287016],[-108.19698299976551,17.85097500039609],[-108.19779200020054,17.839384099896449],[-108.19838699976015,17.827785500300763],[-108.19876900028902,17.816177400266952],[-108.19892899957358,17.804563499605933],[-108.19888300015026,17.792949699669066],[-108.19863100022036,17.781335799907367],[-108.19815799999162,17.769731500408568],[-108.19747900015562,17.75813480018104],[-108.19657099965184,17.746553400119467],[-108.19546499990975,17.73498730022385],[-108.19415299966113,17.723440200305163],[-108.19261899996678,17.71191790009118],[-108.19087999981207,17.700422299849379],[-108.1889269996812,17.688957200114828],[-108.18676799994313,17.677528399716039],[-108.18439500022896,17.666133900359341],[-108.18182400037722,17.654783199784958],[-108.17903100018043,17.643474600072864],[-108.17604099989211,17.632215499945517],[-108.17284399995054,17.621009799762589],[-108.16944899987135,17.609857600248176],[-108.16584800018495,17.598760600221681],[-108.16203299962314,17.587726600402448],[-108.15803499961544,17.576759299702076],[-108.15382399967774,17.565858799743978],[-108.14942199992527,17.555030800431211],[-108.14481399966627,17.544279099600885],[-108.14002199991529,17.533601799683424],[-108.13502499970389,17.52300830039286],[-108.1298450000466,17.512498900304138],[-108.12446600020564,17.502077099578628],[-108.11890400001948,17.491746900199416],[-108.11315200006464,17.481510199736078],[-108.10721599971851,17.471370699798115],[-108.10109699992648,17.461328500210243],[-108.09478800036584,17.451391200243847],[-108.08830299988347,17.441562700258544],[-108.08164200027801,17.43184090033742],[-108.07480599979698,17.42223170003308],[-108.06779500023896,17.412738800055706],[-108.06061600012822,17.403362300230128],[-108.05325299962612,17.394105900367151],[-108.04573800020847,17.384977299562877],[-108.03805500023799,17.375970799712775],[-108.03020499976083,17.36709590035565],[-108.02219399995306,17.358350800149424],[-108.01402299996136,17.349741000247093],[-108.00570699957825,17.341268499841533],[-107.99723099991064,17.332935299924316],[-107.98860200038189,17.324745200131019],[-107.97983599993137,17.316696200369506],[-107.97090900015013,17.308797800178468],[-107.96185299981602,17.301046399571817],[-107.95265199998971,17.293449399969973],[-107.94332099956438,17.286003099763377],[-107.93384599969301,17.278715100021998],[-107.92424000007583,17.271585499671232],[-107.91451300027467,17.264616000228386],[-107.90465499982827,17.257810600079267],[-107.89468399956684,17.251169200298477],[-107.88458299960564,17.244693800078949],[-107.87437400005996,17.238386199863385],[-107.86404400033024,17.232253999822376],[-107.85361499963244,17.226289699610106],[-107.84307099992662,17.220500900296429],[-107.83242800015199,17.214887600082818],[-107.82167799993965,17.209451700136015],[-107.81083700002745,17.204196900266879],[-107.79990400036922,17.199121499857483],[-107.78887199974292,17.194229099793233],[-107.77776300006229,17.189521799991212],[-107.76656299978254,17.184999499727269],[-107.75528699959528,17.180664100168201],[-107.74393500039986,17.176515600414746],[-107.73250600035152,17.172557800102538],[-107.72100100039574,17.168787000319924],[-107.70944199974838,17.165210699614249],[-107.69781499956247,17.161828999608758],[-107.68611899979192,17.158639900211369],[-107.67437699969867,17.155643500347423],[-107.6625819998593,17.152843499827782],[-107.65074199974339,17.150239899551877],[-107.63884699978911,17.147834800335886],[-107.62691499992718,17.145626099564993],[-107.61494400006546,17.143613799937043],[-107.6029360002961,17.141803700280661],[-107.59089699999646,17.140195799696528],[-107.57883500043482,17.138786300347647],[-107.56674999981254,17.137575099711228],[-107.55464199992826,17.136566199770471],[-107.54251900025156,17.13575939997645],[-107.53037999983701,17.135152800061803],[-107.51823399999898,17.134750400210919],[-107.50607300036859,17.134550099607566],[-107.4908980002424,16.801822699857837],[-107.47270999966668,16.802123999722937],[-107.45452099994412,16.802728700269427],[-107.43634800006004,16.803636600049174],[-107.41818999996843,16.804843900325864],[-107.40006300040704,16.806354499660586],[-107.38196600043045,16.808164600216287],[-107.36389900003871,16.810277900005246],[-107.34587099964682,16.812690700115866],[-107.32789599990036,16.815399200013189],[-107.30997499994618,16.818410900043148],[-107.29210699973817,16.821716299767559],[-107.27429999964517,16.825319300445472],[-107.25655399966723,16.829217900186109],[-107.23889199996574,16.833408400077758],[-107.22130600017169,16.837892499839143],[-107.20379600028508,16.842670400019074],[-107.18638599961412,16.847738300082597],[-107.1690670004416,16.853094100112742],[-107.15184000011584,16.858735999666806],[-107.13472699965121,16.864665999736246],[-107.11772199967044,16.870876299601662],[-107.10083000040407,16.877370799622838],[-107.08405300014573,16.884141899629128],[-107.06739800011752,16.89119340015543],[-107.05088799958139,16.898519499675331],[-107.03450000017477,16.906118400443972],[-107.01825700026023,16.913989999938678],[-107.00215899983789,16.922130600147227],[-106.98620599980694,16.930534400442355],[-106.97041299995988,16.939203300192275],[-106.95478100034279,16.948133499761354],[-106.93930099964132,16.957325000048854],[-106.92400400018437,16.966768299717387],[-106.90886700001192,16.976465200109033],[-106.89391300018474,16.986413999706485],[-106.87914299984948,16.996610600299107],[-106.86455499981327,17.007047700291253],[-106.85016599996084,17.017726899576871],[-106.83596799992318,17.028644599968459],[-106.82195999965415,17.039794900114714],[-106.80817399973023,17.051176100296914],[-106.79458599994382,17.062786099698883],[-106.78121200013362,17.074619300040808],[-106.76805100025337,17.086673700331119],[-106.75511900014163,17.09894559985969],[-106.74240900037495,17.111431100065374],[-106.7299189999618,17.124122599878206],[-106.71766699973216,17.137021999565775],[-106.70564300012427,17.150121699856697],[-106.69387100044622,17.163419699759459],[-106.68233499996018,17.176914199730675],[-106.6710429999344,17.190591799871811],[-106.66000399988457,17.204460100353515],[-106.64922300004133,17.218509699663059],[-106.63869500017404,17.232732799779001],[-106.62842599966007,17.247133300161806],[-106.61841600029805,17.261697800013621],[-106.60868100012794,17.276430099869344],[-106.59921299968011,17.291320800015058],[-106.5900119998538,17.306364099823497],[-106.58109300044151,17.321561799737424],[-106.57244099985218,17.336902599775271],[-106.56407900004569,17.352388400204632],[-106.55599999980006,17.36800580022765],[-106.54819499959945,17.383756600287029],[-106.54068799965137,17.399635300129148],[-106.53347000044005,17.415639899661755],[-106.52654300025915,17.431758900153284],[-106.51991300028465,17.447990400436765],[-106.51357300019373,17.464328800433918],[-106.50754500010157,17.480770099960296],[-106.50180799993916,17.497308699836765],[-106.49636799998314,17.513942699795905],[-106.49124100007202,17.530662499574817],[-106.48641999988297,17.547464400262015],[-106.48190300022316,17.564348200409256],[-106.47769200028551,17.58130069976761],[-106.47380099981621,17.598319999868238],[-106.47021499992223,17.615404099719569],[-106.46694200007317,17.632541700239415],[-106.46398200026903,17.649732599979643],[-106.46133399956432,17.666971199761178],[-106.45900700017285,17.684249900312807],[-106.4570010002958,17.701564800375365],[-106.45530700041763,17.718912100313332],[-106.45392599968505,17.736284299780777],[-106.4528660002656,17.753675500124359],[-106.45212600031459,17.771079999642382],[-106.45170599983192,17.788499800225736],[-106.45160699976316,17.805919599909771],[-106.45181999969316,17.823337600050365],[-106.45235400003696,17.840751600006456],[-106.45320899989531,17.858156200248573],[-106.45438400012142,17.875539800421564],[-106.45587899981587,17.892902399626166],[-106.45768699955528,17.910236400389692],[-106.45982400007745,17.927539799921988],[-106.46226500022948,17.944805099675762],[-106.46503400021885,17.962024700379743],[-106.46810899993028,17.97920039977879],[-106.47150400000947,17.996318799772951],[-106.47521200013358,18.013378099919521],[-106.47923999972613,18.030374499683546],[-106.48357399994006,18.047300299968981],[-106.48822000015281,18.064151800065645],[-106.49317900041046,18.080923100420875],[-106.49843600002129,18.097610500324492],[-106.50401299999987,18.114208200048552],[-106.50988800023094,18.130710600414034],[-106.51606800013798,18.14711380016189],[-106.52254500025145,18.163408299753371],[-106.52932700004089,18.179594000263023],[-106.53639999976008,18.19566729990612],[-106.54376999968565,18.211618399669533],[-106.55143699981761,18.227445599834709],[-106.55939499987926,18.243143099774386],[-106.56764199977835,18.258703200392517],[-106.5761720001376,18.274126100439332],[-106.5849840000115,18.289405799638075],[-106.59407800029936,18.304534900165663],[-106.60346199957155,18.319511400131148],[-106.6131060000418,18.334329599631474],[-106.62302399965773,18.348985699930267],[-106.63321700026427,18.363473900400322],[-106.64368400001649,18.377790500331457],[-106.65439600027509,18.391931500438545],[-106.66538199967943,18.405893299836066],[-106.67661999991299,18.419668200327351],[-106.68811000007634,18.433254200021452],[-106.69985999963916,18.446647600006884],[-106.71184500014652,18.459846500016113],[-106.72408299973057,18.472841299786296],[-106.73654199961351,18.485631900392036],[-106.74925999974909,18.498212799781015],[-106.76219199986082,18.510581999659678],[-106.77535199969492,18.522733700300194],[-106.78874999971259,18.534662200000696],[-106.80235300019069,18.546369599577474],[-106.81617700006842,18.557849899653263],[-106.83020799959939,18.569095599882189],[-106.84445199995974,18.580106700264139],[-106.85889399955835,18.590881299632429],[-106.87353500024,18.601413699882471],[-106.8883669998371,18.611701999847583],[-106.90339699957178,18.621740299974988],[-106.91860200018209,18.631528899739067],[-106.93398299991543,18.641063700029861],[-106.94955400031677,18.650341000137189],[-106.96527899972597,18.659355199982656],[-106.98118600033354,18.668109899552348],[-106.9972380004333,18.676599499667304],[-107.01345800018646,18.684816400156876],[-107.02982300033108,18.692769999835775],[-107.04632599964509,18.70044519998612],[-107.0629809996733,18.707845700418886],[-107.07976500025444,18.714967699699741],[-107.09667999968212,18.721811300351362],[-107.11372399966274,18.728372600215494],[-107.13088200040391,18.734647799656386],[-107.14815500015305,18.74063870001612],[-107.1655350003399,18.746341700409289],[-107.18302200006514,18.751754799844264],[-107.20060699981309,18.756877900295024],[-107.21828500025248,18.76170539988442],[-107.23605300034558,18.766239199779363],[-107.25389900043842,18.770477299887602],[-107.27182000039261,18.774417899766377],[-107.28980999993144,18.778059000222811],[-107.30786899995428,18.781404499817938],[-107.32598900009219,18.78444670035509],[-107.34417000034512,18.787185699860288],[-107.36238100018289,18.789625199943146],[-107.38064599981294,18.791761400068708],[-107.39894099992711,18.793592499794158],[-107.41727399999502,18.795120199737539],[-107.43563799969382,18.796340899912764],[-107.45400999976158,18.797258399955354],[-107.47240399994456,18.797870599948396],[-107.49080699964321,18.798173899905692]]]},"properties":{"objectid":17570,"radii":50,"stormid":"EP182026","basin":"ep","stormnum":18,"advnum":26,"synoptime":"2026093012","timezone":"UTC","ne":60,"se":60,"sw":40,"nw":40,"idp_source":"EP182026_radii","idp_filedate":1791040084000,"idp_ingestdate":1791040150000,"st_area(shape)":2.3733995972606601,"st_perimeter(shape)":5.9944557001603931,"binnumber":"EP3"}},{"type":"Feature","id":17571,"geometry":{"type":"Polygon","coordinates":[[[-107.49694799955046,18.132726699677562],[-107.50000800036884,17.799999200103116],[-107.49695599991935,17.467273699721602],[-107.49087500008108,17.467376699974864],[-107.48478699992,17.467576999678954],[-107.47870600008173,17.467880199811532],[-107.47263299971308,17.468284599754611],[-107.46656799971333,17.468790099683474],[-107.46051000003638,17.469396599773404],[-107.45447499962143,17.470100400213425],[-107.44844100015194,17.470909100274923],[-107.44243600022111,17.471817000054671],[-107.43643200033642,17.47282220018451],[-107.43045800003659,17.473930399668347],[-107.42449999957523,17.475133900309402],[-107.41857099955189,17.476440400304398],[-107.41265900031254,17.47784040011453],[-107.40677599971252,17.479341499910447],[-107.40092499968887,17.480939900056455],[-107.39509599978049,17.482633599561098],[-107.38930499982581,17.484426499683366],[-107.38355299987097,17.486312899620771],[-107.37783100040025,17.488294599816072],[-107.37214699998395,17.490373600361522],[-107.36649300005183,17.492544199555311],[-107.36089299991193,17.494810099906317],[-107.35532400030229,17.497169500072516],[-107.34980800043877,17.499618499694122],[-107.34432999962968,17.502161000030242],[-107.33889800004255,17.504791300278441],[-107.33352699967122,17.507513000424751],[-107.32819400015291,17.510324499676074],[-107.32291400038071,17.513223600089191],[-107.31769599987041,17.516210600239162],[-107.31253100000555,17.519283300384132],[-107.30741899988686,17.522439999906226],[-107.30236799988319,17.525682400322637],[-107.29737099967178,17.529008899940891],[-107.2924419998983,17.532419200186098],[-107.28757500028593,17.535905799812951],[-107.2827679998432,17.539476399716193],[-107.2780299998845,17.54312710043547],[-107.27336100040975,17.546853999812356],[-107.26876099962033,17.550659199562574],[-107.26423599959162,17.554538700400826],[-107.25977299972408,17.558494600445613],[-107.2553790003405,17.562522900411636],[-107.25106800028789,17.566623700123785],[-107.24683400018887,17.570795100213843],[-107.2426679996284,17.575036999957717],[-107.2385939997132,17.579347599812024],[-107.23458900028203,17.583726899776764],[-107.23065899981287,17.588167199856514],[-107.22682200003516,17.592678100314231],[-107.22306799958841,17.597246200352004],[-107.21939099999457,17.601881000407957],[-107.2158050001006,17.606571199601319],[-107.21230299958364,17.611326200344024],[-107.20888500024245,17.616134600131829],[-107.20555899974795,17.621000300223841],[-107.20232399985264,17.625919300435498],[-107.19917300023366,17.630893699784565],[-107.19612099978423,17.635917700341736],[-107.19316099998008,17.640993099851812],[-107.1902919998758,17.646116300127289],[-107.18751500041685,17.651283300084344],[-107.18482999980455,17.656499900350241],[-107.18225099958386,17.661760300297772],[-107.17975599963955,17.667062800208214],[-107.17736800013301,17.672403300072403],[-107.17507899979591,17.677783999632027],[-107.1728820001041,17.683200799777239],[-107.17079199995072,17.688655900249728],[-107.16879300039653,17.694141399606053],[-107.16689300001184,17.699663200096722],[-107.16510800043375,17.705213500103071],[-107.16341399965626,17.710790599906375],[-107.16182700021579,17.716398200216929],[-107.16033899994477,17.722030600232131],[-107.15895800011151,17.727685899684673],[-107.15768399981664,17.733365999741238],[-107.15650899959059,17.739063300231237],[-107.1554340003787,17.744781500066324],[-107.15447200008265,17.750515000067367],[-107.15360999990145,17.75626370040959],[-107.15286299962764,17.762027700018507],[-107.15221400027582,17.767801299890209],[-107.15166500013953,17.773584400200036],[-107.15122999986448,17.779377000048669],[-107.1509020000272,17.785177200067892],[-107.15067300025868,17.790981300446788],[-107.15055800035134,17.796785399926421],[-107.15054299965959,17.802593200116235],[-107.15064199972841,17.808401100130823],[-107.15084800023493,17.814203300242241],[-107.15115399995705,17.820003500261464],[-107.15156600007077,17.825798000377574],[-107.15208399967673,17.831584900323037],[-107.15270999976656,17.837358500194796],[-107.15344200024799,17.843126300338611],[-107.15428200031397,17.848878900141244],[-107.15522000040261,17.854616199777922],[-107.15627300039853,17.860336299880487],[-107.157424999564,17.866039300273655],[-107.15868400006644,17.871721299698379],[-107.16004199973838,17.877382299953297],[-107.16151400017088,17.883018499604191],[-107.16307800034934,17.888631799817858],[-107.16474900006619,17.894216499791753],[-107.16652700022081,17.899772600425308],[-107.16839600007523,17.90529819965235],[-107.17037999983705,17.910793300170781],[-107.172455000198,17.916252099554868],[-107.17463700009739,17.921680500055174],[-107.17690999969665,17.927068699960671],[-107.17928300031014,17.932418800087703],[-107.18175500009306,17.937726999901258],[-107.18432599994486,17.942995099844097],[-107.18698900044194,17.948217400013164],[-107.18975800043125,17.953395799776501],[-107.19261199984385,17.958528499590727],[-107.19556400017836,17.963611599995488],[-107.1986080002589,17.968645100091408],[-107.20174400008545,17.973628999878599],[-107.20496400018834,17.978557600353099],[-107.20828999978357,17.983432799983859],[-107.21169300023166,17.988252599577947],[-107.21518700037967,17.99301340004854],[-107.21877300027364,17.997718799583083],[-107.22243500007511,18.002361299634401],[-107.22618899962254,18.006944699838186],[-107.23002600029957,18.01146130019896],[-107.23394000003088,18.015914900352527],[-107.23794600040748,18.020303699856015],[-107.24202000032267,18.024623899973164],[-107.24617799961487,18.028877300247359],[-107.25042000008284,18.033060100143643],[-107.25473000008935,18.03717040029386],[-107.2591170000494,18.041214000425896],[-107.26357999991694,18.045177499741953],[-107.2681120002685,18.049070399579421],[-107.27271999962818,18.052885099767707],[-107.2773970003712,18.056623499674913],[-107.2821350003299,18.060281799665461],[-107.28694199987331,18.063863800274305],[-107.29181699985457,18.067363699974919],[-107.2967610003198,18.070781700215434],[-107.30175799963189,18.074117700271813],[-107.30681599995836,18.077369700051747],[-107.31194299986947,18.080537800279387],[-107.31711600010323,18.083620099787936],[-107.32234999955273,18.086614600283724],[-107.32763699964772,18.089523300060364],[-107.33297700038815,18.092344299749755],[-107.33837100002154,18.095075600158964],[-107.34381099997756,18.09771730021339],[-107.34930399967976,18.100265499553302],[-107.35483600028107,18.102725999705285],[-107.36041300025965,18.105091099774597],[-107.36603499961547,18.107362700028716],[-107.37169599987038,18.10954279966063],[-107.377403000448,18.111627599933911],[-107.38314800008004,18.113618900392055],[-107.3889159998734,18.115512799776013],[-107.39472999998941,18.117309600258011],[-107.40057399969021,18.119010899933244],[-107.40644099955239,18.120614999982422],[-107.41234600026758,18.122118000045816],[-107.41827400024482,18.123527500294017],[-107.42423199980686,18.124836000381265],[-107.43020600010675,18.126045200026113],[-107.43620299966858,18.127155299777428],[-107.44222300029111,18.128164300442279],[-107.44825000033717,18.129075999857662],[-107.45429999964517,18.12988660018658],[-107.46036499964492,18.130594300087012],[-107.46644600038252,18.131202700444419],[-107.47253399964427,18.13171009974144],[-107.47863000017429,18.132116300127279],[-107.48473400017389,18.132419600084631],[-107.49083700012733,18.132623700323677],[-107.49694799955046,18.132726699677562]]]},"properties":{"objectid":17571,"radii":64,"stormid":"EP182026","basin":"ep","stormnum":18,"advnum":26,"synoptime":"2026093012","timezone":"UTC","ne":20,"se":20,"sw":0,"nw":0,"idp_source":"EP182026_radii","idp_filedate":1791040084000,"idp_ingestdate":1791040150000,"st_area(shape)":0.1816305987465934,"st_perimeter(shape)":1.7311308504510992,"binnumber":"EP3"}},{"type":"Feature","id":17572,"geometry":{"type":"Polygon","coordinates":[[[-107.78142499986376,20.396352800141756],[-107.82016799955346,20.562715500420154],[-107.86047400027479,20.562048000215157],[-107.90074899956659,20.560712800155727],[-107.94100199964248,20.558710099891357],[-107.98120900029505,20.55604360013217],[-108.02135499993318,20.552707699900566],[-108.06142399961777,20.548711799809837],[-108.10142499976382,20.544050199956928],[-108.14131900037148,20.538728700069612],[-108.18111400001101,20.532747300147946],[-108.22077899995077,20.526105900367156],[-108.26031500023697,20.518812199823287],[-108.29970600013172,20.510860399687829],[-108.33893599979643,20.502262100315818],[-108.37799799980775,20.493011500180728],[-108.41687800041927,20.483118099720684],[-108.45555899994781,20.47258189983495],[-108.49402600039951,20.461406700159216],[-108.53228800039079,20.449596400153894],[-108.57031200019856,20.437152900086403],[-108.60808600016867,20.424085599670832],[-108.64561499963241,20.4103908998203],[-108.68286899990431,20.39607810042412],[-108.71984900013115,20.3811511998681],[-108.75653800042829,20.365613899761797],[-108.7929149998273,20.349470099565565],[-108.8289869995503,20.332729299717528],[-108.86473100033533,20.315395399678096],[-108.90014600033754,20.29746819979772],[-108.93520400006446,20.278959300431495],[-108.96991700006942,20.2598723995917],[-109.00424999963769,20.240215299796375],[-109.03820799989916,20.219989799689642],[-109.07177700020827,20.199207299977047],[-109.10494199987329,20.177873600386476],[-109.1376950003239,20.155992499654303],[-109.17003599976147,20.133573500017178],[-109.20193500039983,20.110622400303669],[-109.23339799981773,20.087144900416945],[-109.26441200011362,20.063152300338515],[-109.2949679999731,20.038648600252827],[-109.32504999955773,20.013643299698685],[-109.35465200038942,19.98814389992117],[-109.38378100009299,19.96216010010869],[-109.41239899961403,19.935695600072052],[-109.44051400022084,19.908763900433826],[-109.4681240000225,19.881370499648995],[-109.49520899989534,19.853523300060374],[-109.52175900027754,19.825233500026172],[-109.54777500031594,19.796506900173426],[-109.57324200021804,19.767355000133307],[-109.59815999998392,19.737785300251574],[-109.62250500030541,19.707809399983944],[-109.64629400016787,19.677434900400499],[-109.66950999968662,19.646671300140554],[-109.69213099964583,19.615526200274076],[-109.71417199983784,19.5840149000677],[-109.73562599993983,19.552141200056496],[-109.75646999979057,19.519918400314054],[-109.77670300024317,19.48735429976125],[-109.79632600044448,19.454463999813868],[-109.81533100002554,19.421251300107542],[-109.83370200004714,19.387727700273274],[-109.85145600039402,19.353908499577756],[-109.86856799991318,19.319797500354525],[-109.88503999959619,19.285411799615019],[-109.90087100029632,19.250757199785085],[-109.91604600042251,19.215847000039162],[-109.93057999976708,19.180688900372616],[-109.94444299964459,19.145296100135056],[-109.95764899980139,19.109680199681634],[-109.97019199996072,19.073850599625587],[-109.98206299970758,19.03782079969028],[-109.99327100035629,19.001598400046248],[-110.00379900022358,18.965196600043214],[-110.01364900030103,18.928627000036158],[-110.02281999964316,18.891899099563943],[-110.03130299963362,18.855024300231435],[-110.03910799983424,18.818018000230666],[-110.04622699987607,18.780881900179679],[-110.05265000019727,18.743639000239796],[-110.05839499982926,18.706295000314128],[-110.06344599983294,18.668859499766256],[-110.06780200016209,18.631347699836624],[-110.07146500000965,18.593771000331515],[-110.0744320001366,18.55613710034703],[-110.07670599978195,18.518461200224351],[-110.07829300012179,18.480749099691366],[-110.07917799956493,18.443021799716405],[-110.07937599970251,18.405284900377978],[-109.7283400002907,18.374305700247987],[-109.72740200020206,18.342386199563578],[-109.7258679996084,18.310483900211977],[-109.72375500019302,18.278612099568875],[-109.7210539997422,18.246782299963286],[-109.71776600010071,18.214996300039331],[-109.71390500011557,18.183275199690854],[-109.70946500040935,18.151620900084595],[-109.70443699966768,18.120044700302799],[-109.69883700042715,18.088556300433083],[-109.69265699962074,18.057167100281617],[-109.68591299978499,18.025884600194274],[-109.67858900018211,17.99471659999125],[-109.67070800007406,17.963674500378033],[-109.66225399962229,17.932769800086362],[-109.65324399961082,17.902008100093894],[-109.64366899962454,17.871400800206914],[-109.63353700003245,17.840955700245502],[-109.62285600030407,17.810684200015942],[-109.61162600043946,17.780592000320723],[-109.59984600039252,17.750690500066639],[-109.58753200000172,17.720991099959463],[-109.57466900037394,17.69149780018347],[-109.5612789998259,17.662221899820963],[-109.54736300020221,17.633173000034049],[-109.53291300023466,17.604358700094053],[-109.51795200008462,17.575786600171625],[-109.50246399991357,17.547468199897651],[-109.48648100029783,17.519409200074676],[-109.46998599955413,17.491619100241451],[-109.45298000042658,17.464105600393282],[-109.43549299980202,17.436880100336509],[-109.41750300026314,17.409948299974189],[-109.3990399995962,17.383315999933586],[-109.38008899980741,17.356994600020926],[-109.36066399974368,17.330989800139321],[-109.34078200018905,17.305309300284136],[-109.32043499987526,17.279964400436882],[-109.29963700034722,17.254959099882683],[-109.27838899985238,17.230300899866791],[-109.25669899965902,17.205999399752613],[-109.23457300004384,17.182062099886139],[-109.21202099966928,17.158492999552436],[-109.18904100024184,17.135299699821417],[-109.16565700017031,17.112491600407168],[-109.14186099998506,17.090074500138201],[-109.11766100005502,17.068052300273564],[-109.09307899959606,17.046436299895447],[-109.06809999971512,17.025228499995421],[-109.04275500004314,17.004438400112235],[-109.01702899988834,16.984071700149002],[-108.99095199973488,16.964134199833609],[-108.96451600011324,16.944629699701011],[-108.93773699996245,16.925567600364616],[-108.91060599976697,16.906949999942697],[-108.8831560001492,16.888786299947924],[-108.85538500011756,16.87107849957323],[-108.82730100004102,16.853834199888581],[-108.79891200028851,16.837055200437305],[-108.77022600032956,16.820753099775857],[-108.74124900044092,16.804922099975045],[-108.71199799960789,16.789577500301561],[-108.68246500015954,16.7747192000312],[-108.65267899983587,16.760353099615998],[-108.62264299967461,16.746479000305783],[-108.59236099986015,16.733108499757577],[-108.56184400000052,16.720237700309781],[-108.53109700032621,16.707876200426426],[-108.50014500019148,16.69602390028291],[-108.46897099971176,16.684688599699257],[-108.43760700036268,16.673868199657818],[-108.4060520002995,16.663572300421492],[-108.37431299984496,16.653795200288414],[-108.34241500015202,16.64454839978896],[-108.3103489999063,16.635829899730254],[-108.27813700012234,16.627645499840071],[-108.24578099999303,16.619996999661964],[-108.21328699979512,16.61288259965238],[-108.18067200031248,16.606307999714545],[-108.14794900034599,16.600275000291163],[-108.11512800035683,16.594783800132404],[-108.08220700025277,16.589838000123734],[-108.04920199987231,16.5854377999147],[-108.01612099958436,16.581584900123175],[-107.98297900008072,16.578281399766922],[-107.94978299988543,16.575523400284851],[-107.91654999978255,16.573318500048856],[-107.88327000021025,16.571666699958371],[-107.8499759999923,16.570560499667465],[-107.81665799956693,16.570009199964773],[-107.78034999975262,16.237283699583202],[-107.74105099960383,16.237934100078803],[-107.70175899977789,16.239234900170629],[-107.66250599995186,16.241188000126272],[-107.62329900044841,16.243791600402176],[-107.58412899995329,16.247041699914632],[-107.54503600031109,16.250940299655269],[-107.50601200025352,16.255483599988281],[-107.46707899989582,16.260677299917575],[-107.42823800018346,16.266513800171879],[-107.38950299996338,16.272989300216182],[-107.35089900038844,16.280109400128879],[-107.31242399956784,16.287864700195883],[-107.27408599966907,16.296256999960747],[-107.23591600032307,16.30528259961244],[-107.19789899993879,16.314939499958086],[-107.1600649998997,16.325223899563468],[-107.12241400020582,16.336135900051886],[-107.08497600044194,16.347665800436459],[-107.04773699996247,16.359817500177655],[-107.01072700015084,16.372579600368397],[-106.97394600010773,16.385955799920396],[-106.93740799957942,16.399938600286305],[-106.90111499955748,16.414525999575346],[-106.86510499999565,16.429708500047354],[-106.82936100010994,16.445486099903746],[-106.79390700010788,16.461854899683999],[-106.75874299998935,16.478807399941672],[-106.72389199991579,16.496341700409289],[-106.68936200025598,16.51444819992463],[-106.65515900038747,16.533122999926661],[-106.62128400035624,16.552364299972623],[-106.5877689998394,16.572160700256234],[-106.55460400017438,16.592510199786034],[-106.52181199972392,16.613405200189959],[-106.48939500037886,16.634839999766314],[-106.45736700008689,16.656808900410567],[-106.42574300043901,16.679304099604678],[-106.39451600021312,16.702322000060406],[-106.36371599989337,16.725851100348166],[-106.33332799968736,16.749885599840695],[-106.30338300012528,16.774421699801735],[-106.27388000026173,16.79944989979316],[-106.24483499993522,16.82496259964438],[-106.21623999967613,16.850952100259349],[-106.18812600001479,16.877410900392874],[-106.16047700021329,16.904331200224874],[-106.13333100022538,16.93170360004126],[-106.10667400030479,16.959524200381679],[-106.08052100024389,16.987779600448334],[-106.05487099999658,17.016466100430307],[-106.02974699972418,17.045570400253894],[-106.00515699979559,17.075086600366433],[-105.98109399988806,17.105007200422108],[-105.95756500032439,17.135320699890542],[-105.93460099983616,17.16601939967569],[-105.91218600038349,17.197093999888295],[-105.8903349999602,17.228532800348603],[-105.86904900041094,17.260330200078783],[-105.84834299972954,17.29247470034727],[-105.82821699971464,17.324958799908813],[-105.80868500011258,17.357768999939537],[-105.78974900011616,17.390895800001317],[-105.77140799967935,17.424333600015757],[-105.75368499986274,17.458070799627819],[-105.73657200029749,17.492095900105824],[-105.72007000013031,17.526397700393716],[-105.70419300000685,17.560970300039457],[-105.68895000034212,17.595796600233029],[-105.67433900014464,17.630872699715439],[-105.66036999987551,17.666181600400705],[-105.6470410003418,17.701721199673784],[-105.63435399983712,17.737472500255819],[-105.62233000022923,17.773429900269832],[-105.61094699960427,17.809581800259991],[-105.60024299971457,17.845914800327932],[-105.59018700002991,17.882421499952386],[-105.58080299985846,17.91908840030959],[-105.57208299973058,17.955903999969735],[-105.56404100029181,17.992858900118279],[-105.55667100036629,18.02993969995731],[-105.54998000027672,18.067138700390842],[-105.54397600039198,18.104442600445793],[-105.53864299997434,18.141840000315881],[-105.53400400008445,18.179319400370161],[-105.53005200039939,18.21687130017051],[-105.52678700001997,18.254482299818449],[-105.52421600016817,18.292142899775172],[-105.5223309995759,18.329837799874724],[-105.52114099955736,18.367559399946515],[-105.69596900026903,18.405853299790067],[-105.69618999966866,18.440687200154287],[-105.69704400038023,18.475515399716073],[-105.69854000012083,18.510322600108054],[-105.70067599969752,18.545103099628477],[-105.70346100042474,18.57983780027439],[-105.7068710002963,18.614524799979677],[-105.71093000041907,18.64914699993426],[-105.71563000042408,18.683700599603128],[-105.7209629999424,18.71816829962745],[-105.72693600019613,18.752542499836636],[-105.73352800021695,18.786811800424402],[-105.74076800044276,18.82097049968894],[-105.74864200022802,18.855001399894832],[-105.75713299968811,18.888898800239588],[-105.76625799960692,18.92264750038197],[-105.77601599993835,18.956239699602577],[-105.78638499966792,18.989669799621709],[-105.79737900034047,19.022918699738341],[-105.80898300036506,19.055982600316895],[-105.82120500011058,19.088848099660197],[-105.8340380001535,19.121509600387867],[-105.84747300007876,19.153951599986499],[-105.86151099993259,19.186164900190136],[-105.87614400024529,19.218143499822816],[-105.89137999958723,19.24987220034194],[-105.90720399996451,19.28134349960294],[-105.92360700006293,19.312551499851963],[-105.94059800029737,19.34348109967317],[-105.95815299956121,19.374124500145683],[-105.97628800039081,19.404472399581721],[-105.99498700024975,19.434514999867474],[-106.01424399976071,19.464244799757864],[-106.03405799977679,19.493650400345814],[-106.05441999988301,19.522724199662207],[-106.07531700037919,19.551456500317386],[-106.09676400015837,19.579837800074529],[-106.11873599986643,19.607860600386516],[-106.14122800017196,19.635513299998934],[-106.16423800008351,19.662790299732706],[-106.18775199985481,19.68968389959241],[-106.21177699980859,19.716182699771934],[-106.23628999978354,19.742279100100518],[-106.26129199982586,19.76796720012635],[-106.28677400041971,19.793235799692525],[-106.31272900034298,19.818079000145872],[-106.33914900012616,19.842489200416424],[-106.36603499981527,19.86645890015825],[-106.39335599977949,19.889980299551326],[-106.42112699981112,19.913042100412724],[-106.44932599979495,19.935642200127575],[-106.47795099963884,19.957775100240838],[-106.50698100017291,19.979425399862464],[-106.5364229999214,20.000595099984025],[-106.56626099994509,20.021272700075201],[-106.59648899996728,20.041452400408104],[-106.6270829997805,20.061132399640655],[-106.65805800007655,20.080297500129689],[-106.68938400037121,20.098951300062595],[-106.72106199981135,20.117080699914482],[-106.75308199973438,20.134683599768437],[-106.78543100044021,20.151752500177906],[-106.81809200024554,20.168283499883728],[-106.85106700014182,20.184272800149756],[-106.88434599966803,20.19971279990591],[-106.91790000018477,20.214597700323736],[-106.95174399968573,20.228925700061154],[-106.98584700033871,20.242692899657754],[-107.0202100003911,20.255891799666983],[-107.0548250003734,20.268516499636917],[-107.08966800007806,20.280570999752001],[-107.12473300012778,20.292043699657142],[-107.16001899957706,20.302934600251717],[-107.1955030000633,20.31324200001842],[-107.23117800036431,20.322958000211656],[-107.26702899978841,20.332078900121303],[-107.30304699971919,20.340608600106975],[-107.33922599987989,20.348537400081113],[-107.37554900038594,20.355869300228164],[-107.41201000006134,20.362598400096203],[-107.44859299996688,20.368719099606892],[-107.48528300031012,20.374237099562663],[-107.52207900014565,20.379144699968094],[-107.55895199993478,20.383439999656389],[-107.59591700036918,20.387126899886653],[-107.63293499965039,20.390201600123874],[-107.67000599957714,20.392660100183605],[-107.70711500035691,20.394504499982816],[-107.7442630002372,20.395736699788984],[-107.78142499986376,20.396352800141756]]]},"properties":{"objectid":17572,"radii":34,"stormid":"EP182026","basin":"ep","stormnum":18,"advnum":26,"synoptime":"2026093018","timezone":"UTC","ne":120,"se":130,"sw":110,"nw":130,"idp_source":"EP182026_radii","idp_filedate":1791040084000,"idp_ingestdate":1791040150000,"st_area(shape)":13.81752083041258,"st_perimeter(shape)":14.046057576979134,"binnumber":"EP3"}},{"type":"Feature","id":17573,"geometry":{"type":"Polygon","coordinates":[[[-107.79077100008146,19.39817810033918],[-107.80615199981486,19.065448800322031],[-107.81844300004434,19.065246600350463],[-107.83071899958207,19.064838399872372],[-107.84299500001913,19.064230000414341],[-107.85524700024877,19.063415499725693],[-107.8674930002017,19.062398899789514],[-107.87971499994717,19.061180099881824],[-107.89190700010789,19.0597610002701],[-107.90407600010724,19.058135999976571],[-107.91620600010674,19.056312600246429],[-107.92831399999102,19.054288899912933],[-107.94036900012918,19.05206299960787],[-107.95238500026744,19.049640699958502],[-107.96435500008312,19.047018099705667],[-107.97627300019872,19.044195199748799],[-107.98813599957663,19.041179700083205],[-107.99994700015384,19.037965800081736],[-108.01169599967056,19.034557300279346],[-108.02337599960259,19.030952500057992],[-108.03498799999613,19.027158700114057],[-108.0465239995828,19.023172400286171],[-108.05798300011526,19.018995300293],[-108.0693659998409,19.014627499959317],[-108.0806729996591,19.010072699995249],[-108.09188100030781,19.005331000225624],[-108.10300399973471,19.000404399843319],[-108.11403700040717,18.995296499733797],[-108.12497700038818,18.990003600086197],[-108.13580299960864,18.98453330017179],[-108.14653800002856,18.978881800354941],[-108.15716600001082,18.973056799731637],[-108.16767900008568,18.967054399740903],[-108.17807800029937,18.96087840001826],[-108.18836199970644,18.954532600199457],[-108.19852399978265,18.948017100109212],[-108.20857199999773,18.941333800015002],[-108.21848300019019,18.934484500359531],[-108.22827100010647,18.927473099703946],[-108.23793000036915,18.920299500022054],[-108.24745199970994,18.912969599967198],[-108.25683599988139,18.905479400254251],[-108.26608300003033,18.897838600071452],[-108.27518499978783,18.89004329995845],[-108.28414200005318,18.882101100085833],[-108.29294599955813,18.874010100186126],[-108.301604999571,18.865774199719681],[-108.31009699997645,18.857397100296055],[-108.31844299994441,18.848880800208917],[-108.32662999977458,18.840227099900858],[-108.33465600027409,18.831439999556494],[-108.34251400022083,18.822521199793698],[-108.35020399961479,18.813470800437244],[-108.35773499977034,18.804296499683858],[-108.36508200043386,18.794998200406781],[-108.37226099964533,18.78558159981111],[-108.37927200010262,18.776046800419635],[-108.38609299989196,18.76639750024458],[-108.39273799965883,18.756635700277513],[-108.39920800034884,18.746765100329242],[-108.40548700032468,18.736789699685005],[-108.41158299995539,18.726711299686883],[-108.41748799977125,18.716535600237876],[-108.42321799961087,18.706260700171299],[-108.42874099979718,18.695894199657744],[-108.43407400021482,18.68543620032051],[-108.43921699996446,18.674894299632342],[-108.44416000038359,18.6642685002912],[-108.44891400018088,18.653560600041772],[-108.45346799974828,18.642774599967936],[-108.45781699975464,18.63191800041551],[-108.46196699957727,18.620988800392979],[-108.46591199983885,18.609994900444462],[-108.46965799991665,18.598934199753671],[-108.4731980003873,18.58781619965805],[-108.47653200035143,18.576639200438876],[-108.47965999980903,18.565410599919403],[-108.48257400018986,18.554128600354773],[-108.48529099957989,18.542804699577346],[-108.48778500037736,18.531433099657988],[-108.49007399981514,18.520023300135335],[-108.49215699964572,18.508577300202376],[-108.49402600039951,18.497100799762222],[-108.49568899974741,18.485591900346037],[-108.4971309996958,18.474060099693986],[-108.49836700003692,18.462505299779878],[-108.49938200007915,18.450929599621475],[-108.50019099961486,18.439342499656789],[-108.50078600007373,18.42774010042541],[-108.50116699965719,18.416132000391656],[-108.50132799988717,18.404519999998115],[-108.50128199956453,18.392904299793713],[-108.50102200016505,18.381294300391801],[-108.50054899993631,18.36968799990143],[-108.49986299977752,18.358089400305744],[-108.49896199959653,18.346508000244171],[-108.4978490004309,18.334941900348554],[-108.49652100034382,18.323396699798025],[-108.49498699975015,18.311872500215827],[-108.49324000012581,18.30037880024156],[-108.49127999967214,18.28891369960769],[-108.48910500009561,18.277482999840686],[-108.48672500005858,18.266092300119681],[-108.48413800036832,18.254739800001914],[-108.48134600021763,18.243432999833203],[-108.47834000009084,18.232175799973334],[-108.47512800035685,18.220968200422249],[-108.47171799958591,18.209814099741038],[-108.46810200010714,18.198720900249498],[-108.46427900007569,18.187688799798423],[-108.46025799990667,18.17671969955461],[-108.45603200017655,18.165819199596513],[-108.45161399968623,18.154993099651961],[-108.44699900000376,18.144239399628702],[-108.44218400009146,18.133563999978776],[-108.43717200008763,18.122970599613609],[-108.43196900026908,18.11246299996759],[-108.42657499973637,18.1020412001414],[-108.42099000028821,18.091710999862869],[-108.415215000172,18.081474300298851],[-108.40926400003349,18.071334800360887],[-108.40311399971119,18.061296500233425],[-108.39679000035812,18.051359200267029],[-108.39028900003723,18.041530599557689],[-108.38359799994765,18.031808900360602],[-108.37673199988177,18.022203399867124],[-108.36969800016249,18.012708700346366],[-108.3624880004208,18.003332099796694],[-108.35511000012633,17.994079600293446],[-108.34756500022451,17.984947199853536],[-108.33985099972375,17.97594449963907],[-108.33197799998459,17.967067700014468],[-108.32393599964655,17.958326299619159],[-108.3157420003929,17.949716600440922],[-108.307396000425,17.941244100035306],[-108.29888900022706,17.932910900118088],[-108.29023699963773,17.92472269969295],[-108.28143300013278,17.916675600198914],[-108.27248400023632,17.908777200007933],[-108.26339700027125,17.901027699668759],[-108.25415799959188,17.893430700066915],[-108.24478900011218,17.885986300127797],[-108.23529100007949,17.878698300386418],[-108.22565499997819,17.871568700035596],[-108.21588900017713,17.864601099960908],[-108.20600899961556,17.857795699811845],[-108.19599199993075,17.851154300031055],[-108.18586699976214,17.844680800079004],[-108.17562100030881,17.838375100130918],[-108.16526000004887,17.832239200278991],[-108.1547849999277,17.826278699702357],[-108.14421099973777,17.820489900388736],[-108.13353000000939,17.814878500442603],[-108.12274900016615,17.809444400039183],[-108.1118700003002,17.804187799727288],[-108.10089899978891,17.799114199760652],[-108.08983600043098,17.794223799788654],[-108.07868199957454,17.789514499894381],[-108.06745099966383,17.784994099897915],[-108.0561290000532,17.780656800071426],[-108.04473900000477,17.776508300317971],[-108.03327200000268,17.772552500097959],[-108.02173600041601,17.768783599683502],[-108.01013200039142,17.765207299877147],[-107.99846600020567,17.761823699604179],[-107.98673999995094,17.75863460020679],[-107.97495299958115,17.755639999886228],[-107.96311999978803,17.752840000265962],[-107.95123300020271,17.750238400082253],[-107.93930799976425,17.747833299966942],[-107.92733799994863,17.745624500270594],[-107.91532099976422,17.743614199835577],[-107.9032820003639,17.741804100179195],[-107.89120500011057,17.740194300226904],[-107.8790970002263,17.738784799978703],[-107.86696600018064,17.737575499609761],[-107.85482000034267,17.73656649984423],[-107.84265100034327,17.735757799782789],[-107.83048200034392,17.735153199960337],[-107.81829100022941,17.734748800017258],[-107.80609900006868,17.734548600137941],[-107.79087799961991,17.401822999931653],[-107.77262100035875,17.402126299888948],[-107.75437199966797,17.402729000343243],[-107.73614499999167,17.403638800390468],[-107.71792599978494,17.404846199592555],[-107.69974500043134,17.406356799826597],[-107.68158700033968,17.408166900382298],[-107.66346700020182,17.41027829990378],[-107.64537799969486,17.412689199746922],[-107.62735000020223,17.415399599911723],[-107.60935999976408,17.418409299849429],[-107.59143100034032,17.421714800297934],[-107.57356999955573,17.425317800076527],[-107.55577099983168,17.429212600181472],[-107.53804800001507,17.433404899616562],[-107.52040899957558,17.437891000369518],[-107.50284599994285,17.442665100014494],[-107.48537400000998,17.4477329002533],[-107.46799499986923,17.45308489974849],[-107.4507139997512,17.458726900026534],[-107.43354800043977,17.464654900003779],[-107.41648100029784,17.470865199869195],[-107.39952900006318,17.477356000079453],[-107.38270600038152,17.484129000353221],[-107.36600500003061,17.49117659962053],[-107.34943400027879,17.498502700039694],[-107.33299300022668,17.506101599909073],[-107.31669599962061,17.513969399768143],[-107.30054500035141,17.522108099709158],[-107.28453799962887,17.530511900004342],[-107.26869200003568,17.53918270002174],[-107.25300599972701,17.548111000222605],[-107.23747999960221,17.557296799707672],[-107.2221220000302,17.566739999551487],[-107.20693999958121,17.57643699976785],[-107.19193300000785,17.586381899904893],[-107.17712399967274,17.596576700054811],[-107.16248299989041,17.60701370022224],[-107.14804100029181,17.6176910001397],[-107.13379699993152,17.628606800263753],[-107.11974300023917,17.639757200234726],[-107.10591099999255,17.651136400324731],[-107.09227799992965,17.662742600091065],[-107.07885699975066,17.67457580043299],[-107.06565099959386,17.686628299556503],[-107.0526730000588,17.698896400348758],[-107.03991699996948,17.711380000286908],[-107.02738999964868,17.724069599832319],[-107.01509099994956,17.736967100151674],[-107.00302900038798,17.750066800442653],[-106.99121899985687,17.763362900077937],[-106.9796369999475,17.77685360041346],[-106.96830699996798,17.790533099922754],[-106.95722999996445,17.804397599869503],[-106.94641100016742,17.818447100253593],[-106.93584400030028,17.832668300102114],[-106.92553699983256,17.847064999949907],[-106.91549699998649,17.861629499801722],[-106.90572399986263,17.876359900289287],[-106.89621700031421,17.891246799900046],[-106.88698600000379,17.906291999975963],[-106.87802899973843,17.921485900254254],[-106.8693539998871,17.936826700292102],[-106.86095400012692,17.952308700186506],[-106.85284400025029,17.96792600038475],[-106.8450159998884,17.983676900268847],[-106.83747900035547,17.999555600111023],[-106.83023800008351,18.015556300183221],[-106.82328000027172,18.031673400407215],[-106.81661999981304,18.047903100247993],[-106.8102649999297,18.064241400420428],[-106.80420700025275,18.080680799679328],[-106.79844699992901,18.097221399647992],[-106.79299200018056,18.113851500146779],[-106.78784200010813,18.130571399750465],[-106.78299699971166,18.147373199713513],[-106.77846500025947,18.164253200225176],[-106.77423899963003,18.181203800215371],[-106.77032499989872,18.198224999684101],[-106.76672400021232,18.215305299899796],[-106.76343499962542,18.232446700055277],[-106.76046800039779,18.249637599795506],[-106.75780499990071,18.26687430020894],[-106.7554629998175,18.284152999861192],[-106.75344100010199,18.301467899923807],[-106.75173999990096,18.31881329959424],[-106.7503590000677,18.336185499961005],[-106.7492900002332,18.353576700304643],[-106.7485429999594,18.370983100090143],[-106.74811600005324,18.388399100138486],[-106.74800899961554,18.405820800089998],[-106.74822200044485,18.423238800230592],[-106.7487559998894,18.44065280018674],[-106.74961099974774,18.4580574004288],[-106.7507859999738,18.475440999702528],[-106.7522809996683,18.492805500073928],[-106.75409699977661,18.510139499938134],[-106.75623300025268,18.527442900369692],[-106.75868199987428,18.544710200215718],[-106.76145199990975,18.561929700195662],[-106.76454200031299,18.579105399594653],[-106.76794399981566,18.596221900220655],[-106.77166699973213,18.613285099827635],[-106.7756960002701,18.630281399766943],[-106.78003699990751,18.64720920014463],[-106.78469799991268,18.664060600416519],[-106.78967300000886,18.680833800139908],[-106.79495199973491,18.697521200043468],[-106.80053700008239,18.714118999592301],[-106.80642700010588,18.730621300133009],[-106.81263000017429,18.7470264001484],[-106.81912200008014,18.763320899739881],[-106.82592800007706,18.779510499709943],[-106.83302299991141,18.795581800160107],[-106.8404159999983,18.81153680028325],[-106.84810600029158,18.827364000448426],[-106.85608699961523,18.843063399756261],[-106.86435699967569,18.858627300010028],[-106.87291699961975,18.874050100232068],[-106.88176000002386,18.889327999887428],[-106.89088399989657,18.904460900050651],[-106.9002910002294,18.919437400016136],[-106.90997299975402,18.934259400051417],[-106.91993000026918,18.948917399718368],[-106.93015299956119,18.963407499556581],[-106.94064300037405,18.977724100387036],[-106.95140100005602,18.991867099687056],[-106.96241799999063,19.005828899983896],[-106.97369400017789,19.019605600018565],[-106.98522899971846,19.033195500072395],[-106.99700899976546,19.046592699693463],[-107.00904099974224,19.059791599702692],[-107.02131700017929,19.072788199915635],[-107.03382899980841,19.085580799714251],[-107.0465770004281,19.098163600270084],[-107.0595630003321,19.110532800148746],[-107.07276899958958,19.122688300424841],[-107.08620499956101,19.134618800217595],[-107.09985400036174,19.146328000237133],[-107.11373099998553,19.157808300312922],[-107.127815000162,19.169057800177484],[-107.14210499994567,19.180070899752366],[-107.15659299986697,19.190845500019975],[-107.17128800034084,19.201379799638175],[-107.18618000000691,19.211667999778513],[-107.20124799969534,19.221710200265647],[-107.21650700009786,19.231498700205009],[-107.23195600026912,19.241035499688678],[-107.24757400013988,19.250312799796006],[-107.26335899961805,19.259332700443906],[-107.27931199964894,19.268087400013655],[-107.29543300023266,19.276577000128611],[-107.31169900030852,19.284799599621977],[-107.32812499966889,19.292751299932661],[-107.34469600032008,19.300426500083063],[-107.36139699977161,19.307830800151464],[-107.37824999993745,19.314954800423834],[-107.39522600037952,19.321800199719576],[-107.41232300010626,19.328359600215492],[-107.42954300010928,19.334636699923919],[-107.44688400029628,19.340629600375905],[-107.46433300006782,19.346334500137232],[-107.48187999986203,19.351747499747432],[-107.49952699977115,19.35687070002291],[-107.51727299974903,19.361698199612363],[-107.53509499963445,19.366235700217544],[-107.5530090001651,19.3704739001505],[-107.57099899970399,19.374416400296752],[-107.58905799972683,19.378057499853867],[-107.60717799986469,19.381403000348314],[-107.62535900011767,19.384445199986146],[-107.64360000043956,19.387186099758821],[-107.66188800023093,19.389625500016962],[-107.68022200034494,19.391761799967242],[-107.69858600004375,19.393592799867974],[-107.71698000022673,19.39512059963613],[-107.7354050000406,19.396343200078775],[-107.7538449996469,19.397258799853887],[-107.77230099999105,19.397872900114407],[-107.79077100008146,19.39817810033918]]]},"properties":{"objectid":17573,"radii":50,"stormid":"EP182026","basin":"ep","stormnum":18,"advnum":26,"synoptime":"2026093018","timezone":"UTC","ne":60,"se":60,"sw":40,"nw":40,"idp_source":"EP182026_radii","idp_filedate":1791040084000,"idp_ingestdate":1791040150000,"st_area(shape)":2.3815359002574961,"st_perimeter(shape)":6.003891842968379,"binnumber":"EP3"}},{"type":"Feature","id":17574,"geometry":{"type":"Polygon","coordinates":[[[-107.79540299964862,18.899087899587016],[-107.80000300043804,18.399999600001706],[-107.79543300013273,17.900913199784497],[-107.7862779997298,17.901061999811589],[-107.77712200018004,17.901367200036418],[-107.76798999993844,17.901821099564245],[-107.75885799969683,17.902427700378212],[-107.74973299977802,17.903182999595913],[-107.74063100002053,17.904092799643138],[-107.73154400005546,17.905151399717454],[-107.72248100029782,17.906358699994144],[-107.7134320002865,17.907718699758334],[-107.70442200027497,17.909227399724841],[-107.69542700005593,17.910884899718496],[-107.68647800015947,17.912689199646991],[-107.67755899984786,17.914642299602576],[-107.66867100006652,17.91674419958531],[-107.65982100023888,17.918993000226919],[-107.65102400015741,17.921388599904105],[-107.64227300039857,17.923929199972747],[-107.63355300027064,17.926614800432844],[-107.6249009996813,17.929441500025348],[-107.61629500031393,17.93241310018459],[-107.60774199979335,17.935525900200275],[-107.59924299996436,17.938779800247744],[-107.59082000004287,17.942174900151656],[-107.58244300044402,17.945707299552396],[-107.57414199985334,17.949380899708899],[-107.56590999974657,17.953189800169298],[-107.55774700012387,17.957134199683708],[-107.54965200003966,17.961212199783347],[-107.54164100023189,17.965425500186825],[-107.53370700037766,17.969770400183961],[-107.52584100006203,17.974245100231315],[-107.51806600034553,17.978849399780131],[-107.5103840004212,17.983583500278428],[-107.50278499982778,17.98844530001071],[-107.49527000041007,17.993427300429687],[-107.48785400016186,17.998537099907367],[-107.48052999965967,18.003767000247024],[-107.47329699975666,18.009117100373999],[-107.46617100029135,18.014587400288406],[-107.45914500004164,18.020172100262357],[-107.4522169998146,18.025875099756206],[-107.44539600002526,18.03169439957702],[-107.43869000014331,18.037620500186051],[-107.43208300033012,18.043659200411923],[-107.4255979998477,18.049806599894794],[-107.41921999980303,18.056060800165938],[-107.41295599961961,18.062419900058501],[-107.40680700024279,18.068878199669314],[-107.40078000019673,18.075441399800923],[-107.39487500038086,18.082099900190371],[-107.38909900021861,18.088859600390379],[-107.38342999959468,18.095710800313327],[-107.37789899993879,18.102657299594853],[-107.37249799998261,18.109693499955199],[-107.36722599968004,18.116815599960091],[-107.36208299993041,18.124025300227572],[-107.35707099992663,18.131318999872065],[-107.35219599994537,18.138692900157366],[-107.34744999961771,18.146152500437665],[-107.3428499997276,18.15368459956477],[-107.33838699986006,18.161291099604682],[-107.33406800033782,18.168971999658197],[-107.32987999966218,18.176721599822088],[-107.32584399970074,18.184543599907329],[-107.32193800033832,18.192428600199889],[-107.31819200026052,18.200376499975619],[-107.31458300020518,18.20838549969119],[-107.31112700001097,18.21645360015367],[-107.30781600020816,18.224578900196207],[-107.30465700022029,18.232755699915742],[-107.3016510000935,18.240984000211597],[-107.29879000035811,18.249259899824665],[-107.29608199958449,18.257583600203134],[-107.29353299984797,18.265951200087954],[-107.29112999964968,18.274358700194],[-107.28888699963522,18.282806399995479],[-107.28679700038117,18.291284600304209],[-107.28486600036553,18.299802799759561],[-107.28308900025706,18.308349600353893],[-107.28147100028633,18.316923100021199],[-107.28001399964626,18.325521500117304],[-107.27870899972044,18.334144600093339],[-107.27756500002465,18.342788700138556],[-107.27657300014374,18.351448100349671],[-107.27574899991629,18.360122700002762],[-107.27508499987277,18.368810699554274],[-107.27457399969023,18.377510099811388],[-107.27423100006052,18.386213299704139],[-107.27404000024569,18.394922300224096],[-107.27401700008437,18.403633100287493],[-107.27414699978414,18.41234209990813],[-107.27444500003662,18.421049100335836],[-107.27490200042689,18.42974849969363],[-107.27551299982497,18.438442200047632],[-107.27629099972978,18.447120700060395],[-107.27721400002599,18.455787700442158],[-107.27831300034461,18.464433699855476],[-107.27956399957884,18.473064400002215],[-107.28097499989622,18.481672299637069],[-107.28254700044363,18.490255399567161],[-107.2842709999066,18.49880980033214],[-107.2861559995996,18.507333800414699],[-107.28819300000686,18.515829100432768],[-107.29038999969862,18.524286299773053],[-107.29274699957426,18.532707199777576],[-107.29525800025641,18.541088099736157],[-107.29791999980807,18.549423199920852],[-107.30073500012008,18.557718300059662],[-107.30369599997033,18.565961799797378],[-107.30681599995836,18.574155799950347],[-107.31008899980742,18.582296400158896],[-107.31350700004793,18.590381600330716],[-107.31707800014948,18.598405800387525],[-107.32079299969706,18.606376599600537],[-107.32465399968225,18.614280699694689],[-107.32865900001275,18.622117999945885],[-107.33281700020427,18.629890399722285],[-107.33711200041841,18.637592299844925],[-107.34154499980178,18.645221700221441],[-107.34612299957666,18.652776699685091],[-107.35083800027337,18.660253500398881],[-107.35569000009332,18.667652099664792],[-107.36067999998193,18.674970599913422],[-107.36580699989304,18.682205199710324],[-107.37105600003429,18.689350100227102],[-107.37644999966767,18.696409200024675],[-107.38196600043045,18.703380599735056],[-107.38760399962479,18.71025469999455],[-107.39337899974095,18.717037199807066],[-107.39927700013334,18.723724400261005],[-107.40529599981045,18.730310400005123],[-107.41143799976379,18.736797299855652],[-107.41769399957832,18.743179300084762],[-107.42407199962298,18.749458300060667],[-107.43056499957498,18.755630500147618],[-107.43716399991854,18.761694000078194],[-107.44387800016949,18.767646799760143],[-107.4507139997512,18.773488999917561],[-107.4576339996093,18.779216800015433],[-107.46467599969753,18.784830100229101],[-107.47181699985458,18.790323299580734],[-107.47905700008039,18.795698200311847],[-107.48639700042111,18.800952900356208],[-107.49382799956243,18.806083699902956],[-107.50136600004078,18.811094299662329],[-107.50898000042656,18.815977100363057],[-107.51669299998184,18.820732100206385],[-107.52448999981357,18.825361300183999],[-107.53237199996772,18.829856899576384],[-107.54033700035217,18.834222799642646],[-107.54837799974479,18.838457100115193],[-107.55649599999032,18.842559800094818],[-107.56469000014329,18.846521400042718],[-107.57296000020375,18.850351299672866],[-107.58129899984885,18.854042100262859],[-107.58970599993188,18.857595399907893],[-107.59817500017601,18.861007700245295],[-107.60670499963595,18.864278799826877],[-107.61528799974127,18.867410699644211],[-107.62394000033066,18.870399500236886],[-107.63263700029722,18.873241400170627],[-107.641396000425,18.875940299805109],[-107.65019199956106,18.878496200039763],[-107.65904200028797,18.880903200422495],[-107.66793100011546,18.883163499795842],[-107.67686500021949,18.885278699852279],[-107.68583700027722,18.887243300338184],[-107.694831999597,18.889059099897679],[-107.70387300013874,18.890726100329402],[-107.71294400026528,18.892242399567237],[-107.7220310002304,18.893608100133861],[-107.73115500010306,18.894824999774073],[-107.74028800039082,18.895889299751502],[-107.74944299989443,18.896802900333739],[-107.75861400013588,18.897563900353873],[-107.76779900012366,18.898174299904156],[-107.77699299962711,18.898631999966938],[-107.78619400035274,18.89893529992429],[-107.79540299964862,18.899087899587016]]]},"properties":{"objectid":17574,"radii":64,"stormid":"EP182026","basin":"ep","stormnum":18,"advnum":26,"synoptime":"2026093018","timezone":"UTC","ne":30,"se":30,"sw":0,"nw":0,"idp_source":"EP182026_radii","idp_filedate":1791040084000,"idp_ingestdate":1791040150000,"st_area(shape)":0.41006930536849434,"st_perimeter(shape)":2.5995320210589519,"binnumber":"EP3"}},{"type":"Feature","id":17575,"geometry":{"type":"Polygon","coordinates":[[[-108.28134899985633,20.996353100215515],[-108.32025900005272,21.162715900318688],[-108.36071799973581,21.162050199657131],[-108.40116099958038,21.160713200054261],[-108.44156600037053,21.15871049978989],[-108.48193400035376,21.156040200395068],[-108.52224000017577,21.152706099706904],[-108.56247700041314,21.148708300248018],[-108.60263100042022,21.144044899952291],[-108.64269299978201,21.13871960042934],[-108.68264000013579,21.132734300148002],[-108.72246600030559,21.126092900367212],[-108.76215400040672,21.11879349992023],[-108.80170400043914,21.110839800416613],[-108.841086999965,21.102235800242113],[-108.88030199983734,21.092983200014828],[-108.9193340002638,21.083082200283457],[-108.95816799965337,21.072542199862767],[-108.99679600033505,21.061365099919556],[-109.03520199977237,21.04954910001112],[-109.07337200001768,21.0371016995839],[-109.11130500012558,21.024025000353618],[-109.14897199965799,21.01032830041089],[-109.18637100032129,20.996009800212278],[-109.22349499999416,20.98107530038493],[-109.26032300040606,20.965530400108037],[-109.29685199962,20.949382800276169],[-109.33306100026488,20.932634400257484],[-109.36894200017309,20.915290800130435],[-109.40448799992117,20.897359799715105],[-109.4396819996245,20.878843300178289],[-109.47452500022848,20.859748800067223],[-109.50898700034969,20.840082199833773],[-109.54307600035702,20.819852800266688],[-109.57676699999695,20.799062700383445],[-109.6100539998921,20.777719500354806],[-109.64293700004242,20.755828900083827],[-109.67539200024055,20.733402300276055],[-109.70741300020967,20.710443499667917],[-109.73899100043423,20.686956400417671],[-109.77011899969199,20.662958100436128],[-109.80078099994307,20.63844680017985],[-109.83097800033437,20.613431900262128],[-109.86068699980513,20.587925000138796],[-109.88991499957746,20.56192969979594],[-109.91864000043557,20.535459499856188],[-109.94686099963531,20.508520100222597],[-109.9745559997595,20.48111529963154],[-110.00173200023153,20.453260400047554],[-110.02838099978322,20.424962999842705],[-110.05448200014411,20.396228799819369],[-110.08003999974608,20.367069199783884],[-110.10504199978834,20.337491999556278],[-110.12947799980975,20.307508500017377],[-110.15334299957965,20.27712440017109],[-110.17662799958242,20.246351199648302],[-110.19933299981801,20.215200399878711],[-110.22145099996357,20.183681500401065],[-110.24295799981172,20.151800200219213],[-110.26387000010033,20.119567900038703],[-110.28417200013757,20.086997999758012],[-110.30384800008505,20.054098100447106],[-110.32290600031155,20.02087779967087],[-110.341346999964,19.987350500025684],[-110.35914599968805,19.953521699966643],[-110.3763119998988,19.919406900208401],[-110.39282200043488,19.885013600197624],[-110.40869899965901,19.850353199740539],[-110.42392000010784,19.815437300091446],[-110.43848399993658,19.780273399797693],[-110.45239300013674,19.744875000381114],[-110.46562999992449,19.709255199567963],[-110.47820299966861,19.673423799968532],[-110.49009699957679,19.637386300037861],[-110.50132800038682,19.601158099766621],[-110.51187900041543,19.564752599952669],[-110.52175099970879,19.528179200309978],[-110.53093699974266,19.491445500109876],[-110.53944399994054,19.454570799702765],[-110.54725599956464,19.417558699974165],[-110.55437499960647,19.380420699655701],[-110.5608139997662,19.34317590034766],[-110.5665590002975,19.305828099887037],[-110.57160199993223,19.268392600238428],[-110.57595800026138,19.230878800216601],[-110.57962000006285,19.193300200444014],[-110.58258800023594,19.155664400192052],[-110.58485400041167,19.117986699626613],[-110.58642600005976,19.080276500260425],[-110.58730300003333,19.042549099561427],[-110.58747900005574,19.004810299955523],[-110.23518400014137,18.973968500046396],[-110.23422199984532,18.942045199726351],[-110.2326740004047,18.910144799742852],[-110.23053699988253,18.878274900266547],[-110.22782099963933,18.846443200393537],[-110.22450999983653,18.814662900372696],[-110.22061900026654,18.782941800024219],[-110.2161480000301,18.751287500417959],[-110.21108999970363,18.719713200004321],[-110.20545999997893,18.688226700402026],[-110.19924900044094,18.656841299886196],[-110.19246699975213,18.625558899623684],[-110.18511199961898,18.594394699955558],[-110.1771850000876,18.563354499710556],[-110.16869399972819,18.532453500129066],[-110.15963700024724,18.501693700404076],[-110.15001699998447,18.471090299977504],[-110.13983900006968,18.44064710028357],[-110.12912000038762,18.410379399689702],[-110.11783599983141,18.38029289989754],[-110.1060030000383,18.350395200178468],[-110.09363599990138,18.320699700430964],[-110.08071899958207,18.291210200290664],[-110.06727600018718,18.26193999983127],[-110.05329100007947,18.232894899679991],[-110.03879499978933,18.204084400275008],[-110.02376600010075,18.175518000255636],[-110.00822400013737,18.147203399617354],[-109.99216499971487,18.119148300154052],[-109.97560100028585,18.091365799592097],[-109.95854199961349,18.06385610027894],[-109.94097899998076,18.036636399950055],[-109.92292800032686,18.00970840012269],[-109.90438100028285,17.9830817999852],[-109.88536800033285,17.956764199708175],[-109.86587499983131,17.930767099821935],[-109.84591700036918,17.905092200045146],[-109.8254930001018,17.879755000193256],[-109.80461100029731,17.854755400441491],[-109.78328699989504,17.830102900328711],[-109.76151300032461,17.805807100117704],[-109.73931099990261,17.781871800343424],[-109.71668199957452,17.758310300180369],[-109.69362600023965,17.735124599720621],[-109.67015099956888,17.712320299942007],[-109.64627100000655,17.689909000300247],[-109.62198599975397,17.667894399706938],[-109.5973209999641,17.646282199863776],[-109.57225799980677,17.625083900401819],[-109.54681400006598,17.604299500421746],[-109.52101099995758,17.583936699918922],[-109.49483499973536,17.56400679977412],[-109.4683070003677,17.544508000444011],[-109.44143699961774,17.52544979966865],[-109.41422300009128,17.506839800316698],[-109.38668099982817,17.488681800225038],[-109.35881800005058,17.470977800385299],[-109.33063499990521,17.453737300336286],[-109.30214700008389,17.436965900156281],[-109.27336100001003,17.420665699762367],[-109.24429300042152,17.404844300224397],[-109.21494300041905,17.389503500186549],[-109.18531800032537,17.374648999551823],[-109.15543399997904,17.360284800303418],[-109.12529799970281,17.346418400089249],[-109.09491000039611,17.333049799808578],[-109.06429300042151,17.320184700263837],[-109.03345500014802,17.307827000016175],[-109.00238800010601,17.295978500407614],[-108.97111499955747,17.284647000358916],[-108.93965100009348,17.273830399953113],[-108.90799699996148,17.263536499909662],[-108.87616000038361,17.253766999947231],[-108.84415400020686,17.244522099715255],[-108.81198100042275,17.235809299559662],[-108.77966300024718,17.227626799937013],[-108.74720800004906,17.21997829975885],[-108.7146070003127,17.212869599652436],[-108.68189199981583,17.206294999714601],[-108.6490630003571,17.20026400038347],[-108.61613499993018,17.194776500035573],[-108.58310700028773,17.189830799851677],[-108.54999500036888,17.185432400085347],[-108.51681500001212,17.181581500386073],[-108.48357400043966,17.17827800002982],[-108.45027199985282,17.175523800183385],[-108.4169239998426,17.17331889994739],[-108.38354500020148,17.171667099856904],[-108.35013600007625,17.170562700008759],[-108.31671899958206,17.170009599863306],[-108.28028900043694,16.837285999749213],[-108.24086800005807,16.837936400244814],[-108.2014620003709,16.83923720033664],[-108.16208600026857,16.841188400024805],[-108.12274900016615,16.843790100033232],[-108.08346599985589,16.84703830017753],[-108.04424999993745,16.850934999650633],[-108.00510399964975,16.855480200251179],[-107.96604199963849,16.86066820027736],[-107.92708600001879,16.866500899996652],[-107.88822899956858,16.872976300216237],[-107.84949500029393,16.880092599593922],[-107.81089800014252,16.887844100025347],[-107.77245299980598,16.896232600154519],[-107.73415399990705,16.905254400170577],[-107.69602199961548,16.914909400248746],[-107.65806600024564,16.925190000218493],[-107.62030800011399,16.936092400444068],[-107.58274099979718,16.947620399661844],[-107.54538700030974,16.959764500131712],[-107.50824699989903,16.97252660032251],[-107.47135199999468,16.985895199703862],[-107.43469200013561,16.999872200341883],[-107.39829299972206,17.014453899727812],[-107.3621670002068,17.029630700296707],[-107.32630899956058,17.045402500425212],[-107.2907330002277,17.061765700127125],[-107.25545500024799,17.078710600214151],[-107.22049000031319,17.096237199787083],[-107.18584399980062,17.114336000206379],[-107.15152700007087,17.133005100305297],[-107.11754599964809,17.152236899913134],[-107.08391600012322,17.172027600293632],[-107.0506440000205,17.192369499652841],[-107.0177379997088,17.213256800061401],[-106.98522200029498,17.234685899734643],[-106.9530869995653,17.256645200116054],[-106.92134099968729,17.279132800038838],[-106.89001500029195,17.302141200056496],[-106.85910800043376,17.32566449971705],[-106.82861299978998,17.349691399938308],[-106.79856900015915,17.374219899728701],[-106.76895899985789,17.399238600181377],[-106.73980699999294,17.424741699769754],[-106.71112100003404,17.450721699946655],[-106.68289899988883,17.477174800177011],[-106.65516699985704,17.504087400013645],[-106.62791400033075,17.531452199659441],[-106.60115800034134,17.559263199737018],[-106.57490500016553,17.587511100357119],[-106.54917099964183,17.616188000076306],[-106.52395599966957,17.645284699729245],[-106.49926799971831,17.67479319984642],[-106.47511300006482,17.704706199731447],[-106.45150799969434,17.73501209992861],[-106.42845200035941,17.76570130017501],[-106.40594500026145,17.79676820039225],[-106.38400999956173,17.828201300050068],[-106.36264800010503,17.859989200241557],[-106.34185800004656,17.892127999707554],[-106.32165500007807,17.924602499905575],[-106.30204000024571,17.957407000033186],[-106.28302800034186,17.990528100191796],[-106.26461800032035,18.023960099579085],[-106.24681100022735,18.057687799652399],[-106.22963000022423,18.091707200227233],[-106.21305800042626,18.126003299712636],[-106.19712100023389,18.160568200262389],[-106.1818080000391,18.195390699921006],[-106.16713000034912,18.230459200132145],[-106.15309899991883,18.265764199558305],[-106.13970900027005,18.301298099827591],[-106.12696099965029,18.337045699699445],[-106.11488300025019,18.372999200253048],[-106.10344699987905,18.409143400247842],[-106.09268199987429,18.445472699605546],[-106.08257300044352,18.481973600401489],[-106.07314299994937,18.518636700223681],[-106.06437700039817,18.555452299883882],[-106.05628999978359,18.592403400396734],[-106.04888199990427,18.62948039970081],[-106.04215199981485,18.666677499866864],[-106.03610999997642,18.70397760028618],[-106.03074599992783,18.74137309988879],[-106.02607000013029,18.778852499943071],[-106.02208699991502,18.816400500283009],[-106.01879099990464,18.854009599663414],[-106.01618200009915,18.891668300251979],[-106.0142819997144,18.929363300176306],[-106.01306200011112,18.967084900248096],[-106.18850699959825,19.005447400377363],[-106.18870499973588,19.040283200109741],[-106.18955200012459,19.075111399671471],[-106.19104000039562,19.109920500330986],[-106.19316899964952,19.144699099583931],[-106.19594600000778,19.179435699598002],[-106.1993559998794,19.214122800027326],[-106.20341500000217,19.248748799617545],[-106.20811500000713,19.283300400093538],[-106.21344800042476,19.317773800020973],[-106.21942099977923,19.352150000322411],[-106.22603599996131,19.386423099646493],[-106.2332920000257,19.420583700077827],[-106.24117300013376,19.454618499744129],[-106.24968699975511,19.488515900088885],[-106.25882700036567,19.522270200309663],[-106.26859999959021,19.555868100332702],[-106.27899899980389,19.589298200351777],[-106.2900159997385,19.622552900196354],[-106.3016510002933,19.655622499778701],[-106.31390399966978,19.688491799656958],[-106.32676700019681,19.721155199752786],[-106.34024000007582,19.753602999978625],[-106.35432400025229,19.785821900260601],[-106.36899599966557,19.817802400160758],[-106.38426999986052,19.849538799775928],[-106.40014599993788,19.881017700106895],[-106.41659500035888,19.912229499991554],[-106.43364000038559,19.943166699983351],[-106.4512559997645,19.973815900183808],[-106.46944400034022,20.004167600154744],[-106.48819699999143,20.034219699979303],[-106.50752299998635,20.063955299597524],[-106.5273970000714,20.093366600088643],[-106.54782899980842,20.122446100207526],[-106.56879399984314,20.151184099866441],[-106.59030199973739,20.179573099619006],[-106.61235000025221,20.207601500009332],[-106.63491799956591,20.235263799884592],[-106.65800500033038,20.262548399788955],[-106.68160200033196,20.289447800275923],[-106.70570400023934,20.315952300358504],[-106.7303089999603,20.342058200225893],[-106.75539400023285,20.367752099979555],[-106.78097499999615,20.393028299716377],[-106.80702199966544,20.417879100340372],[-106.83353400009395,20.442296999706912],[-106.8605120004284,20.466272400251228],[-106.88793899988485,20.489797600179259],[-106.91580199966245,20.512868899680143],[-106.944098999669,20.535476700289621],[-106.97283199999669,20.55761340003852],[-107.00197600039201,20.579275100365749],[-107.03152499967888,20.600448600122945],[-107.06147000014028,20.62113569975287],[-107.09180499970086,20.641323100081138],[-107.12252800006706,20.661006899848701],[-107.15360999990145,20.680179599608948],[-107.18505899957307,20.698839200169118],[-107.21684999972763,20.716974299924118],[-107.24899299992688,20.734582899681243],[-107.28146399996353,20.751659400261246],[-107.31424699999894,20.768199900405193],[-107.34735899991779,20.784191100039379],[-107.38075300025065,20.799636799698703],[-107.41444399989058,20.814529400111894],[-107.44841799999062,20.828863099752368],[-107.48265799976679,20.84263230034054],[-107.51715100041821,20.855834999985404],[-107.55189500005412,20.868467300125928],[-107.58686800035781,20.880527500144183],[-107.62207799989966,20.89200399968496],[-107.65749399994803,20.902898799739944],[-107.6931229999264,20.913209900216884],[-107.72893500024998,20.922927899603053],[-107.76493100006553,20.932054500315076],[-107.80109400038771,20.940587999936383],[-107.83740999967165,20.948522599638409],[-107.87387799966984,20.955854399960742],[-107.91047700031322,20.962585400096259],[-107.94720499971089,20.968709900141903],[-107.98404699986907,20.974227900097674],[-108.0209809997732,20.979137399871263],[-108.05800600027658,20.983436599919287],[-108.09510799983423,20.987125400417028],[-108.13227799982974,20.990199999930212],[-108.16949500019399,20.992662400349616],[-108.20674899956657,20.994504899881349],[-108.24404099979222,20.995738999955051],[-108.28134899985633,20.996353100215515]]]},"properties":{"objectid":17575,"radii":34,"stormid":"EP182026","basin":"ep","stormnum":18,"advnum":26,"synoptime":"2026100100","timezone":"UTC","ne":120,"se":130,"sw":110,"nw":130,"idp_source":"EP182026_radii","idp_filedate":1791040084000,"idp_ingestdate":1791040150000,"st_area(shape)":13.86673515603753,"st_perimeter(shape)":14.072065056851324,"binnumber":"EP3"}},{"type":"Feature","id":17576,"geometry":{"type":"Polygon","coordinates":[[[-108.29074100039674,19.998178500237714],[-108.30617499987625,19.6654529998562],[-108.31851200042837,19.665248899617154],[-108.33084099971228,19.66484070003844],[-108.34315500010308,19.664232299681032],[-108.35546100012493,19.663417799891704],[-108.36774399998552,19.662401199955582],[-108.38001300009978,19.661182400047892],[-108.39224999963767,19.659761400168634],[-108.40446499995966,19.658136399875104],[-108.41664100028186,19.656312900320245],[-108.42878700011988,19.654287299719272],[-108.44088699963521,19.652063400405723],[-108.45295000014232,19.649639099764784],[-108.46496600028058,19.647016500411326],[-108.47692899977341,19.64419749991481],[-108.48883800037333,19.641178099889544],[-108.50068700000497,19.637964199888074],[-108.51248199984434,19.634553899642867],[-108.52419999973011,19.630952800131752],[-108.53585100012344,19.627157199745113],[-108.54743199998671,19.623168899825032],[-108.55893699994249,19.618989899564326],[-108.57036599999083,19.614622100129964],[-108.58171099976272,19.610067399990669],[-108.59295700036517,19.605325700221044],[-108.60412600011472,19.600397099746488],[-108.61519599979545,19.595289199636966],[-108.62617499977631,19.5899982002569],[-108.63704700021879,19.584524199632256],[-108.64781200022355,19.578874600082884],[-108.6584780001595,19.57304569999917],[-108.66902900018812,19.567043300008436],[-108.67946600035555,19.560867300285793],[-108.68978899976241,19.554521600291764],[-108.69999700016132,19.548004199934041],[-108.7100679996384,19.541320800015058],[-108.7200240001074,19.534471500359587],[-108.72985100002353,19.527458200335843],[-108.739539999871,19.520284699579349],[-108.74910000006486,19.512952800331618],[-108.75851399982116,19.505462599719351],[-108.767791999601,19.497819900168395],[-108.77692399984261,19.49002650032287],[-108.78591199973891,19.482082400182776],[-108.79474599972804,19.473989500015534],[-108.80343600027112,19.465753600448465],[-108.811965999731,19.457374599858042],[-108.82034300022917,19.448858299770848],[-108.82855200017457,19.440202700094687],[-108.83660099993608,19.431415599750267],[-108.84449000041309,19.422493000351835],[-108.85221100033732,19.413444500363539],[-108.85975600023914,19.404270199610153],[-108.86714200000318,19.394971799608982],[-108.87435199974487,19.385553400369247],[-108.88137799999458,19.376018500253736],[-108.88822199994524,19.366367299811202],[-108.89489700019629,19.356605499844079],[-108.90138199977935,19.346734999720582],[-108.90768399991657,19.336757699708187],[-108.91380299970859,19.326681100152769],[-108.91973099968578,19.31650350043634],[-108.92546799984819,19.306226700102286],[-108.93101500024198,19.295860300312768],[-108.93636299955267,19.285402300076214],[-108.94152800031685,19.274858500019889],[-108.94648699967519,19.264230699687175],[-108.95125600016416,19.25352290016184],[-108.95581800010052,19.242738699631445],[-108.9601900002682,19.231880199811485],[-108.96434799956046,19.220951099613671],[-108.96831499993721,19.209957099840437],[-108.97206900038395,19.198894499781488],[-108.97561600027808,19.187776600409904],[-108.97895799971184,19.176599499567374],[-108.98209400043766,19.165368999679743],[-108.98502299971159,19.154089000207307],[-108.98774700032374,19.142761199969527],[-108.99024999973761,19.131391500317648],[-108.99255399986708,19.119981799720392],[-108.99463699969766,19.108537700054967],[-108.99651299987494,19.097057300154404],[-108.99817700016831,19.085552200373911],[-108.99961900011664,19.074016600086168],[-109.00085400041172,19.062459899904582],[-109.00188400024632,19.050888100105851],[-109.00268600035855,19.039297099781493],[-109.0032809999181,19.02769850018575],[-109.00366200040088,19.016090400151995],[-109.00383000005434,19.004474600122819],[-109.0037839997317,18.992860800185895],[-109.00351700000942,18.981248899617185],[-109.00303600031106,18.969644500293612],[-109.00235000015226,18.958047899890801],[-109.00143400017885,18.94646640000451],[-109.00032000006786,18.934900300108893],[-108.99898499965792,18.923353200190149],[-108.99744399964078,18.911832800243701],[-108.99568899964754,18.9003372000019],[-108.99372099972425,18.888872100267349],[-108.99153899982491,18.87744329986856],[-108.98915100031832,18.86605069988002],[-108.9865570003052,18.854700100029731],[-108.98374900031604,18.84339329986102],[-108.98072800039682,18.832136199825925],[-108.97750900033998,18.82092860027484],[-108.97408299973057,18.809776300036333],[-108.97045100041322,18.798681300102032],[-108.96662100005904,18.787651099918492],[-108.96257799977479,18.776683800117439],[-108.95833600020615,18.765783300159342],[-108.9539029999234,18.754957200214733],[-108.94926500007961,18.744203600016249],[-108.94443500037488,18.733529999909706],[-108.93940000020973,18.722936600443916],[-108.93418099965334,18.712428999898577],[-108.92876399985863,18.702007299897105],[-108.92315700029525,18.691678999886051],[-108.91736600034056,18.681442300322033],[-108.91139200004068,18.671302800384069],[-108.90521999960322,18.661264400431889],[-108.89887200004267,18.651328999833595],[-108.89234200018308,18.641500499848348],[-108.88563500025498,18.631780600194702],[-108.87873799965888,18.62217330015784],[-108.87168099977822,18.612682300447943],[-108.86444899992131,18.603307699990523],[-108.85703999999589,18.594053300219741],[-108.84946399956385,18.584924700314787],[-108.84172799984719,18.575920099832899],[-108.83382399957782,18.567045199576455],[-108.82576000002388,18.558303800080466],[-108.81753500023996,18.549694100002853],[-108.80915100031831,18.54122349986477],[-108.80061299959016,18.532894099583189],[-108.79193100031529,18.524702100421734],[-108.78309600028007,18.516658799664015],[-108.77411699989955,18.50876050019707],[-108.76499900030353,18.501008999765645],[-108.75573000003936,18.493413900431278],[-108.74633000002939,18.485969499592898],[-108.73679400004295,18.478683499943713],[-108.7271270003107,18.471553799768174],[-108.71733100002552,18.464588199785737],[-108.70740500004064,18.457782699811901],[-108.69735699982556,18.451143300123363],[-108.68719499974935,18.444669700346537],[-108.67691799976581,18.438364000398451],[-108.66651899955207,18.432229999914682],[-108.65600600037652,18.426269500237368],[-108.64539300018669,18.420480700024427],[-108.6346739996053,18.414871200345772],[-108.62385599985441,18.409435300398911],[-108.61294600035751,18.404182399897991],[-108.60193599984643,18.399108899756072],[-108.59083599968153,18.394216499691822],[-108.57963600030109,18.389511100157279],[-108.56836700043664,18.384988799893335],[-108.55701400029579,18.380655299702482],[-108.54558600029355,18.37650679994897],[-108.53407299996888,18.372549100360857],[-108.52249900042841,18.36878200038916],[-108.51085699955081,18.365205800407523],[-108.49915300031063,18.361823999677995],[-108.48738099973326,18.358634900280549],[-108.47556299973257,18.355638500416603],[-108.46368399961682,18.352840400164496],[-108.45175900007769,18.350236899713309],[-108.43978099989312,18.34783169977328],[-108.42778000044655,18.345624900169128],[-108.41571799998559,18.34361459973411],[-108.40364099973226,18.341804500077728],[-108.39151800005556,18.340194700125437],[-108.37937200021753,18.338787100144714],[-108.36720999964166,18.337577799775772],[-108.35501100005752,18.336568800010241],[-108.342811999574,18.335762000216278],[-108.33058899978244,18.335157400393825],[-108.31836700003691,18.334752999551426],[-108.30612200013013,18.334550900303952],[-108.29085500025798,18.001825300097664],[-108.27252999965964,18.002126699787482],[-108.2542270000759,18.002731299609934],[-108.23593900028453,18.003639200289001],[-108.21765899996279,18.004846600390408],[-108.19940900012517,18.00635719972513],[-108.18118999991844,18.008167300280832],[-108.16300999971162,18.010276800434156],[-108.14486700031171,18.012687700277297],[-108.12677000033517,18.015396100349903],[-108.10872700015085,18.018405900112327],[-108.0907440000355,18.021711299836738],[-108.07281499971236,18.02531240024723],[-108.05495499987325,18.029209099720333],[-108.03717800026442,18.033399599611982],[-108.01947799970981,18.037883800097461],[-108.00185399996201,18.042657899742437],[-107.98432199996023,18.04772190034555],[-107.96688099965831,18.053075800108218],[-107.94954699979411,18.058717699662225],[-107.93231199999872,18.064641999828552],[-107.9151990004334,18.070850400325867],[-107.89819300040654,18.077343000079509],[-107.88130999975658,18.084114100085799],[-107.86454800018998,18.091161700252428],[-107.84791600032304,18.098485900404114],[-107.83142899994829,18.106080999738481],[-107.81507100012647,18.113948799597551],[-107.79885899984288,18.122087500437942],[-107.78279900027354,18.130489299741555],[-107.76689899998877,18.139156300123318],[-107.75115999993398,18.148082700056705],[-107.7355880003858,18.157270399809249],[-107.72017700016835,18.166711800109624],[-107.70494099992709,18.176404999791032],[-107.68987999966214,18.186349899928075],[-107.67501100015744,18.196540799718264],[-107.66033200042136,18.206975899618214],[-107.64583600013123,18.217653300259713],[-107.6315379999786,18.228565200024093],[-107.61743900000977,18.239713699727588],[-107.60355400001697,18.251092899817593],[-107.58987399958534,18.262699099583926],[-107.57640800002906,18.274526600022739],[-107.56315600044894,18.286577199778094],[-107.55013299973803,18.29884719993845],[-107.53732299985649,18.311327000241022],[-107.5247570004351,18.324016599786376],[-107.51241299956018,18.336912199838309],[-107.5003130000448,18.35000990003698],[-107.48844899972147,18.363304100304106],[-107.47683700022731,18.376791000104731],[-107.46546199997124,18.390470499614025],[-107.45434599996781,18.404333100192559],[-107.44348099984819,18.418378800041751],[-107.4328770000734,18.432599999890215],[-107.42253899997479,18.446996699738065],[-107.41245299980602,18.461559300221666],[-107.40264900005121,18.476285900174275],[-107.39310499969588,18.491172799785033],[-107.38384199970841,18.506215999768699],[-107.37484700038868,18.52140809960423],[-107.36614200005317,18.536748899642134],[-107.35771199980883,18.55222700007613],[-107.34957100030135,18.567844400099148],[-107.34171300035456,18.583595299983244],[-107.33414500029141,18.599470100364954],[-107.32687400043466,18.615470900261982],[-107.31989299956217,18.631586100218499],[-107.31320200037192,18.647813799967025],[-107.30681599995836,18.664152100139461],[-107.30074299958966,18.680593500389875],[-107.29495199963497,18.697128299731389],[-107.2894739997252,18.713760400322371],[-107.28430899986034,18.730478299833806],[-107.27944200024803,18.747282000064388],[-107.27488699973514,18.764158200041038],[-107.27064500016655,18.781110800123486],[-107.2667159997435,18.79813000039934],[-107.26310000026473,18.815210299715716],[-107.2597959998854,18.832349799603719],[-107.25680499955098,18.84953879997579],[-107.25413499963042,18.866775500389167],[-107.25178500007758,18.884054200041419],[-107.24975600003927,18.901369100104034],[-107.24803899999978,18.918712600406309],[-107.24664300037409,18.93608470004898],[-107.24557499968637,18.953476000217393],[-107.24481999994293,18.970880499735415],[-107.24438499966789,18.988298400051235],[-107.2442780001295,19.005720100002748],[-107.2444839997367,19.023138000318625],[-107.24501800008056,19.040554000366967],[-107.24587199989276,19.057956700341606],[-107.24704700011887,19.075340299615277],[-107.24854299985947,19.092704799986677],[-107.25035899996777,19.110038799850884],[-107.25249500044384,19.1273440996506],[-107.25495899985788,19.144611400395945],[-107.25773600021614,19.16183090037589],[-107.26083400008895,19.17900659977488],[-107.26423599959162,19.196126900036575],[-107.26796699987705,19.21318820027534],[-107.27201100020739,19.2301865003069],[-107.27637500000617,19.247114199960492],[-107.28105199984981,19.263965600232382],[-107.28602599989989,19.28073879995577],[-107.29132100036378,19.297430000394343],[-107.29692799992716,19.314027799943176],[-107.30283399978919,19.330533999944294],[-107.30905199964997,19.34693719969215],[-107.31557500008608,19.363235499818586],[-107.32239499982927,19.379424999963931],[-107.3295139998711,19.39549829960697],[-107.33693700044211,19.411453199905395],[-107.34464299967459,19.427282300338049],[-107.35265400038173,19.442981699645884],[-107.36095400002699,19.458545699724425],[-107.36953700013237,19.473970400213943],[-107.37841000012133,19.489253999772416],[-107.38756599967104,19.504386899935639],[-107.39700299958866,19.519367200436079],[-107.40671499959745,19.534185399936405],[-107.41671000006636,19.548847200138312],[-107.42697100021138,19.563337299976581],[-107.43749199975588,19.577657700442671],[-107.44829599976049,19.591802600010112],[-107.45935099964879,19.605766299675111],[-107.47066499978979,19.619546900069508],[-107.48223099986063,19.633134800031144],[-107.49405700023027,19.646533999744406],[-107.50613399958434,19.659732799928918],[-107.51844799997514,19.672733299602214],[-107.53100599992683,19.685527799668364],[-107.54379999996991,19.698112499592298],[-107.55682399982766,19.710483599738495],[-107.57008399977667,19.722637199747112],[-107.58356500002463,19.734571500074821],[-107.59726699967217,19.746282600361837],[-107.61119099966481,19.757764799805784],[-107.6253279995874,19.769014400394383],[-107.63967100001656,19.780031199780183],[-107.65421299973008,19.79080770031527],[-107.66895299958117,19.801345799569162],[-107.68389099956988,19.811635999801695],[-107.69902799974227,19.821680099656987],[-107.71433999989097,19.831470499863826],[-107.72984299985444,19.841007200422098],[-107.74551400037075,19.850288399989836],[-107.76135999996393,19.859306299646164],[-107.77738199957952,19.868063000207428],[-107.79354899958656,19.876554499690542],[-107.80988300010029,19.884779000350704],[-107.82636300015224,19.892730699762126],[-107.84299500001913,19.900409700447483],[-107.85976399990858,19.907813999616508],[-107.87667800018949,19.914937999888934],[-107.89371499984725,19.921783400083996],[-107.910881000058,19.928346600215548],[-107.92816200017609,19.93462749955961],[-107.94556399957884,19.940618499744119],[-107.96308099978819,19.946323400404765],[-107.98068999974362,19.951740300374695],[-107.9984050000906,19.956863399926078],[-108.01621200018354,19.961692799783009],[-108.03410299965361,19.96622849994543],[-108.05208599976896,19.970470399689361],[-108.07014499979181,19.974412899835613],[-108.08827200025252,19.978054000292047],[-108.10646099997507,19.981399499887175],[-108.12471800013549,19.984443699617202],[-108.14302099971928,19.98718449956516],[-108.16136899957957,19.989625899915495],[-108.17977100013144,19.991760299598297],[-108.19820400031426,19.993593199766508],[-108.21667499955151,19.995121000433983],[-108.23516799980325,19.996343599977308],[-108.25367699989351,19.997259099927646],[-108.27220900014515,19.997873300012941],[-108.29074100039674,19.998178500237714]]]},"properties":{"objectid":17576,"radii":50,"stormid":"EP182026","basin":"ep","stormnum":18,"advnum":26,"synoptime":"2026100100","timezone":"UTC","ne":60,"se":60,"sw":40,"nw":40,"idp_source":"EP182026_radii","idp_filedate":1791040084000,"idp_ingestdate":1791040150000,"st_area(shape)":2.3899941865823049,"st_perimeter(shape)":6.0137067275463547,"binnumber":"EP3"}},{"type":"Feature","id":17577,"geometry":{"type":"Polygon","coordinates":[[[-108.29539500007911,19.499088300384869],[-108.30001099980768,19.000001900167717],[-108.29541800024043,18.500911700314873],[-108.28623200020655,18.5010642999776],[-108.27705399964225,18.501367599934952],[-108.26788300030012,18.501823399730256],[-108.25871300010476,18.502428100276745],[-108.24956500002463,18.503185299761924],[-108.24043299978302,18.504091300173513],[-108.23131600023311,18.505149800423112],[-108.2222139995763,18.506359099892677],[-108.21314200030298,18.507718999832093],[-108.20409400033776,18.509225800430499],[-108.19507599995734,18.510885199792256],[-108.18608900010719,18.512691499813002],[-108.17713900016463,18.514644599768587],[-108.16822099989912,18.516746499751321],[-108.15934799991015,18.518993400125453],[-108.15051299987493,18.521385200167003],[-108.14173099958589,18.523927699603803],[-108.13298800019595,18.526611299971648],[-108.12429799965287,18.52943989983163],[-108.11566199980138,18.532409700447431],[-108.107078999696,18.535524399831331],[-108.09856400002849,18.5387782998788],[-108.09009599983045,18.542173399782712],[-108.08169600007022,18.545705800082771],[-108.0733639998486,18.549377400147023],[-108.06510200015708,18.553186400432196],[-108.05690800000411,18.557130799946606],[-108.04878999975858,18.561208700221471],[-108.04074900036596,18.565420200182245],[-108.03278399998152,18.569765100179382],[-108.02489500040383,18.574239700402018],[-108.01709699962674,18.578846000043029],[-108.00938400007146,18.583576200181653],[-108.00175499989325,18.588434200278243],[-107.99421700031422,18.593420000332912],[-107.98677099958189,18.598527900442377],[-107.97942399981764,18.603757899707432],[-107.97216799975331,18.609109900101942],[-107.96501900012663,18.614576299656619],[-107.95796200024603,18.6201648999903],[-107.95101900022661,18.625865900291217],[-107.94416799995315,18.631683299844553],[-107.93743899990983,18.637609500278359],[-107.93080899993532,18.643648099780137],[-107.9242939998681,18.649793599894849],[-107.91789199961602,18.656047800165993],[-107.91161299964011,18.662404999791022],[-107.90544100010197,18.668865199669369],[-107.89939099989465,18.675428399800921],[-107.89347100028635,18.682088900282679],[-107.88766499963992,18.688844700122957],[-107.88198899959258,18.695695900045905],[-107.87643399972922,18.702640499959273],[-107.87100999961172,18.709676700319619],[-107.86572300041604,18.716798800324511],[-107.86055799965186,18.724006700149232],[-107.85552999980956,18.731304200328736],[-107.85063199966697,18.738676099622467],[-107.84587899991584,18.746133799635288],[-107.84125499981826,18.753665899661655],[-107.83677700015835,18.761274299969102],[-107.83243599962157,18.768955200022617],[-107.82823900032952,18.776704800186508],[-107.82418100025285,18.784522999736794],[-107.82027399994502,18.792408000029297],[-107.8165049997059,18.800355899805083],[-107.81288099985818,18.808364900419974],[-107.80940999987149,18.816432999983078],[-107.80609099969979,18.824556399758194],[-107.80292500028844,18.832733200377049],[-107.79989600000027,18.840961499773528],[-107.79702799994215,18.849239299654073],[-107.79431199969895,18.857561099765064],[-107.79174800016995,18.865928599825168],[-107.78934499997166,18.87433619975593],[-107.78709399958831,18.882782000189309],[-107.7849959999653,18.891264000133617],[-107.78305100020339,18.899778399953334],[-107.78127300004883,18.908325199648402],[-107.7796479997553,18.916898700214972],[-107.77817500017602,18.925497100311077],[-107.7768629999274,18.934120200287168],[-107.77571900023156,18.942762400064851],[-107.77472700035071,18.951423599819407],[-107.77389499975436,18.960100199564693],[-107.77322400028731,18.968788100190807],[-107.77272000042757,18.977481799645489],[-107.77236900042891,18.986188899897968],[-107.77217899976091,18.994897799693831],[-107.77215599959959,19.003608699581946],[-107.77228500015252,19.012317700101903],[-107.77257500003611,19.021024699630345],[-107.77303299957316,19.02972409988746],[-107.77365100019341,19.038415899973927],[-107.77442900009817,19.047096300254168],[-107.77535999986401,19.055761299644416],[-107.77645900018263,19.064411200316783],[-107.77771000031618,19.073040000195988],[-107.77912900010318,19.081647899830841],[-107.78070800007407,19.090232800203694],[-107.78243299958319,19.098787299894127],[-107.78432499959894,19.107313200244164],[-107.78637699979862,19.115806599994755],[-107.7885740003897,19.124265699602518],[-107.79093899973498,19.132684700238883],[-107.79344900037097,19.141065600197408],[-107.79612000033762,19.149402599750317],[-107.79895000044206,19.157695799621592],[-107.80192600008473,19.165937399991151],[-107.80505400044166,19.174133300411597],[-107.80833399971419,19.182273899720826],[-107.81176799979323,19.190359099892703],[-107.81534600021763,19.198389099677343],[-107.81907699960374,19.206356000329265],[-107.82295200023452,19.214260100423417],[-107.82697300040354,19.222099300042828],[-107.8311390000647,19.229871699819228],[-107.83544900007121,19.237573599941811],[-107.83990499961595,19.245204899686485],[-107.84448999971363,19.252757999781977],[-107.84922799967234,19.260234799596446],[-107.85409500018403,19.267635300029212],[-107.85909999986501,19.274953800277785],[-107.86423500014502,19.282188400074745],[-107.86951399987112,19.289335299784398],[-107.87492400024234,19.296394299757253],[-107.88046300026713,19.303363800099419],[-107.88612399962278,19.310241699994606],[-107.89191400043069,19.317024199807122],[-107.89782699971619,19.323709499993583],[-107.90387699992351,19.330295599562419],[-107.91003399966922,19.336782500312268],[-107.91631299964513,19.343166399909592],[-107.92271399985111,19.349447300152917],[-107.92922999996443,19.355619400415151],[-107.93585199957005,19.361682900345727],[-107.94259600030506,19.367637600295154],[-107.94944799972529,19.373477900185094],[-107.95640600043646,19.379207599651124],[-107.9634699997406,19.384818999597314],[-107.97063400005896,19.390314100115745],[-107.9778900001233,19.395688999947538],[-107.98526000004887,19.400943799816673],[-107.9927219997204,19.406076399806125],[-108.00028200031397,19.41108510019734],[-108.00792700033071,19.415969800266225],[-108.01566300004731,19.420724899934328],[-108.02349100040925,19.425354000087168],[-108.03140300014826,19.429853400014565],[-108.0393909997947,19.434217499638009],[-108.04746199967144,19.438453700378091],[-108.05561100044724,19.442554500090239],[-108.06383500018501,19.446517899581522],[-108.07213599987642,19.450347899935764],[-108.08050500000564,19.454038599801663],[-108.08893600029609,19.457592000170791],[-108.09744299959465,19.461004299608874],[-108.10600300043802,19.464277300357253],[-108.11462399959782,19.467409100349869],[-108.12329900034848,19.470397900043167],[-108.13203400026879,19.473239899801683],[-108.14082299998137,19.475938800335484],[-108.14965099969379,19.478494599846044],[-108.15853100000555,19.48090170005355],[-108.16745799978679,19.483163799869601],[-108.17642200037494,19.48527530011512],[-108.18542500006362,19.487241700144466],[-108.19445800023641,19.489057499703961],[-108.20352900036301,19.490726500227936],[-108.21262399979764,19.492242800365091],[-108.22174799967036,19.493610400299872],[-108.23090400011944,19.494825399672607],[-108.24007400031479,19.49589159991757],[-108.24926000034861,19.496803300232273],[-108.25846899964449,19.497566199620564],[-108.26769299963212,19.498174699802689],[-108.27691699961974,19.498632399865528],[-108.28615600029906,19.498937600090301],[-108.29539500007911,19.499088300384869]]]},"properties":{"objectid":17577,"radii":64,"stormid":"EP182026","basin":"ep","stormnum":18,"advnum":26,"synoptime":"2026100100","timezone":"UTC","ne":30,"se":30,"sw":0,"nw":0,"idp_source":"EP182026_radii","idp_filedate":1791040084000,"idp_ingestdate":1791040150000,"st_area(shape)":0.41152707470499,"st_perimeter(shape)":2.6024749050388247,"binnumber":"EP3"}},{"type":"Feature","id":17578,"geometry":{"type":"Polygon","coordinates":[[[-108.78132599959508,21.196355799580601],[-108.8202820001141,21.362716700315616],[-108.8607940004427,21.362049100285901],[-108.90129100007948,21.360712099783711],[-108.94175700008537,21.358711199962045],[-108.98217799981472,21.356041000391997],[-109.02254499975186,21.352705000335618],[-109.06282800031187,21.348705299709934],[-109.10303500006512,21.344039900221333],[-109.14315000007235,21.338714599799061],[-109.18315899968798,21.332729300417043],[-109.22303000013432,21.326087999561651],[-109.26277900035046,21.318786599921793],[-109.30237599985242,21.310831099975417],[-109.3418200003926,21.302226999976199],[-109.38108800001112,21.292972600205474],[-109.42017400022985,21.283073400017543],[-109.45905299989596,21.272529599961217],[-109.49773400032376,21.261346800114893],[-109.53619399955335,21.249530800206401],[-109.5744170004441,21.23708150041108],[-109.61238899965252,21.224006699649635],[-109.65011600015316,21.210306200071216],[-109.68756899970947,21.195983900236968],[-109.72473100023535,21.181049299685583],[-109.76161200039343,21.165502500040475],[-109.79818699993001,21.149352999941129],[-109.83444199999821,21.132602699655024],[-109.87037699969869,21.115257299984535],[-109.90596799972332,21.097322499933568],[-109.94120799974928,21.078804000304501],[-109.97608900030701,21.05970569965848],[-110.01059699985154,21.040037200056872],[-110.04473100013547,21.019803999954775],[-110.07846099977525,20.999011999804111],[-110.11180100031584,20.977664900315062],[-110.14471400005095,20.955772399776549],[-110.1772159997185,20.933343899701356],[-110.20927399959533,20.910381300356846],[-110.24089800014252,20.886896099575495],[-110.27206400025329,20.862892200414876],[-110.30276499960496,20.838375100430653],[-110.33299999994995,20.813360199613669],[-110.36274700027377,20.787849400029927],[-110.39200599967705,20.761854200411165],[-110.42076899958954,20.735380199936401],[-110.44901299984997,20.708436999767855],[-110.47675300025065,20.68103029980864],[-110.50396699977711,20.653171499864982],[-110.5306400004356,20.62487030002444],[-110.55677799980475,20.596134199733683],[-110.58235200014457,20.566972700329984],[-110.60739100009448,20.537391699567422],[-110.63185100032331,20.507404299668849],[-110.65574599967806,20.477018400279064],[-110.6790539998421,20.446243300388119],[-110.70178999970864,20.415092499719208],[-110.72392299964662,20.383567799614411],[-110.74546100002505,20.351682699796925],[-110.76639599957565,20.319450399616414],[-110.78671300030464,20.286878599967565],[-110.80641200041339,20.253976800389182],[-110.82549299990194,20.220754600244732],[-110.84394800019993,20.187223400239873],[-110.8617629997625,20.153392799738072],[-110.87895200013457,20.119275999887634],[-110.89548499993271,20.08488079960938],[-110.91136900037895,20.05021670024064],[-110.92660499972084,20.015300799692284],[-110.94118500028742,19.980133099762895],[-110.95510099991111,19.944734599622223],[-110.96835300039055,19.909112900340233],[-110.9809339996043,19.873277700205847],[-110.99284400025033,19.837240200275176],[-111.00408199958451,19.801010099736459],[-111.01464099998208,19.764604599922507],[-111.02451300017475,19.728027299920086],[-111.0337069996782,19.691295599812236],[-111.04221299982999,19.654416999944715],[-111.05003399986913,19.617404900216115],[-111.0571590001876,19.580266999722426],[-111.06359900039348,19.543018300054655],[-111.06934400002547,19.505672499686227],[-111.07439399998304,19.468233099677946],[-111.07874299998934,19.430721299748313],[-111.08240499979081,19.393140799708306],[-111.08536499959496,19.355505000355606],[-111.08763099977074,19.31782719996545],[-111.0891949999492,19.28011889996742],[-111.09006499959997,19.242387800356823],[-111.09023999957623,19.204650900119077],[-110.73751799975577,19.173852899891529],[-110.73655700040513,19.141931499838961],[-110.73499300022667,19.110031099855519],[-110.73285699975065,19.078161200379213],[-110.73012499966893,19.046331399874362],[-110.72681399986612,19.014551199678237],[-110.72291599997334,18.982828100136828],[-110.71842999994442,18.951175699898783],[-110.71336400014837,18.919603299752623],[-110.70772600005478,18.888118700417806],[-110.70149999982505,18.856731399634498],[-110.69470200019708,18.825449000271306],[-110.68733200027151,18.794286699971394],[-110.67939800041728,18.763248399993813],[-110.6708910002194,18.732347500237097],[-110.66181900004671,18.701589599880265],[-110.65218399999151,18.670988099721171],[-110.64199799970783,18.640544900027237],[-110.63125599986438,18.610279099700847],[-110.61994900004623,18.580194500176162],[-110.60810899993032,18.550298699825248],[-110.59571799958593,18.520603200077744],[-110.58278700041961,18.491115600204921],[-110.56932099996408,18.461845399745528],[-110.555321000064,18.432802199861783],[-110.54080199961248,18.403993599824901],[-110.52575700008538,18.375429199897781],[-110.51018499963794,18.347114600158818],[-110.49411000027618,18.319063199607115],[-110.47752399983261,18.29128069994448],[-110.46043400042868,18.263774900091732],[-110.4428560001042,18.236557000205551],[-110.42477399992009,18.209630999571118],[-110.40621200008366,18.183004400332948],[-110.38716899964953,18.156690599691558],[-110.36765299988593,18.130693399980544],[-110.34767200026249,18.105020500296007],[-110.32721700036416,18.079683300444117],[-110.3063130004445,18.054687500328043],[-110.28495800041128,18.030035000215207],[-110.26316800010301,18.005742999639835],[-110.24093600009621,17.981811500400568],[-110.21826899981437,17.958250000237456],[-110.19518299999538,17.935064299777764],[-110.17168400001651,17.91226390035888],[-110.14777399997001,17.889856299628661],[-110.12346599955612,17.867841699934615],[-110.09876299981249,17.846231500183706],[-110.07367700039316,17.825035100089963],[-110.04820999959173,17.80425070010989],[-110.02236900042891,17.783893600409499],[-109.99616199967647,17.763963700264696],[-109.96960399982464,17.744466800302746],[-109.9427030003431,17.725412400062339],[-109.91545099996358,17.706804300078545],[-109.88787800006958,17.688644399719408],[-109.85997800038433,17.670944200414681],[-109.83177200007765,17.653707500001246],[-109.80324600030258,17.636936199646016],[-109.77443700006739,17.620637900418899],[-109.74533099962582,17.604816400156892],[-109.71594199962351,17.589479399754623],[-109.68628699994497,17.574626900111468],[-109.65637199996775,17.560264600231278],[-109.62619799973783,17.546398200017052],[-109.5957789999008,17.533031500003858],[-109.56512500001861,17.520168299827333],[-109.53424799974528,17.50781059957967],[-109.50315899958804,17.495966000330782],[-109.47185500030793,17.484634399558047],[-109.44034599966807,17.473819700319041],[-109.40865300043555,17.463527699643748],[-109.3767850003274,17.453756300313159],[-109.344742000243,17.444515199716818],[-109.31253799992868,17.43580250028532],[-109.28018199979937,17.427619899938577],[-109.2476879996014,17.419975300120143],[-109.21505700028024,17.412862800378093],[-109.18231200019858,17.406292000075894],[-109.14944499988673,17.400260900020669],[-109.11646999999039,17.394775399765024],[-109.08341199986381,17.389831500023831],[-109.05027000036011,17.385433200082275],[-109.01705200004966,17.381580400115524],[-108.98376500015456,17.378278700201975],[-108.95043199993677,17.375522600088061],[-108.9170459999728,17.373319600119601],[-108.88362900037799,17.371665999586355],[-108.85018899972243,17.370563500005687],[-108.81673400017388,17.370012300127712],[-108.78026600017569,17.037284900377983],[-108.74080699984307,17.037935299974265],[-108.70135499983326,17.039238000333569],[-108.66193400035371,17.041187299754199],[-108.62255900029754,17.043786999670431],[-108.58322899961854,17.047035199814786],[-108.54397599979245,17.050933799555366],[-108.50478400008143,17.055477099888378],[-108.46568300007033,17.060663199647081],[-108.42668200017408,17.066497799633908],[-108.38779400009292,17.072971299585959],[-108.34901399959631,17.080083800227328],[-108.31037900039047,17.087837200026911],[-108.27188100030781,17.096225700156083],[-108.23354300040904,17.105245599904663],[-108.19537400020982,17.114896800347196],[-108.15737899994082,17.125177400316886],[-108.11956800006305,17.136081699910676],[-108.08196299979249,17.147605900392136],[-108.04457100035131,17.159749999962685],[-108.0074010003558,17.172504400158061],[-107.97045900008271,17.185874899806947],[-107.93376200031594,17.199850100002266],[-107.8973239999026,17.214427899927784],[-107.86115300011079,17.229602800229202],[-107.8252490000412,17.245374700182424],[-107.78964200017805,17.261734000423928],[-107.75432600024465,17.278677000243533],[-107.71932200030994,17.29620170044825],[-107.68463899988984,17.314298599700749],[-107.65028400020634,17.332965900256227],[-107.61626399978365,17.352195699771869],[-107.58259600030505,17.371984499884888],[-107.54928600024863,17.392322499783688],[-107.51634199998324,17.413206100381387],[-107.48378000024672,17.434631299694843],[-107.45161399988609,17.456590699901028],[-107.41983800042328,17.479076399556334],[-107.38846599980593,17.502082800381061],[-107.35752099999405,17.525600400138501],[-107.32700300008827,17.549625400092282],[-107.29691300013474,17.574150100247095],[-107.26727300024868,17.599166900432238],[-107.23809099989961,17.624666200384979],[-107.20936599994087,17.650648099929981],[-107.18110699988802,17.677093500165029],[-107.15333599985644,17.704002400190745],[-107.12606000016876,17.731367100011823],[-107.09926600022561,17.75917629964664],[-107.07298999988848,17.787418399639591],[-107.04721800031035,17.816095400082759],[-107.02196500038434,17.845188099551308],[-106.99724599990287,17.874696700392576],[-106.97306800008806,17.904604000374434],[-106.94943200008663,17.934906000211868],[-106.92633799989869,17.965595199558948],[-106.90380899968551,17.996658300140552],[-106.88184400030025,18.028089500430212],[-106.86044299994438,18.059875500354224],[-106.83962999972459,18.092010500184585],[-106.81940499964094,18.124483100115128],[-106.7997669996472,18.157285699975205],[-106.7807240001124,18.190404899866394],[-106.76229099992963,18.223833099617991],[-106.74446099967531,18.257558799599053],[-106.72724900004124,18.291576399731184],[-106.71066299959767,18.325872400291189],[-106.6946949997743,18.36043169986317],[-106.6793590003175,18.395252200328912],[-106.66466499988974,18.430320699640731],[-106.65060399987459,18.465623900422827],[-106.63719200011064,18.501155900424578],[-106.62443499997516,18.536901500204237],[-106.61232800013698,18.572851200222829],[-106.60087599992738,18.608997299585837],[-106.59009600013019,18.645324699575383],[-106.57997099996157,18.681825600371326],[-106.57052599967506,18.718484899658506],[-106.56173699996248,18.755298599950549],[-106.55364199987827,18.79224780019598],[-106.54621900020658,18.82932659994276],[-106.53947400032473,18.866521799841337],[-106.53340900032498,18.903821900260652],[-106.52803799995365,18.941215499595785],[-106.52335399978716,18.978693000281851],[-106.51935599977946,19.016242999814722],[-106.51605200029945,19.053850199827025],[-106.51344299959464,19.091508900415533],[-106.51152800031684,19.129203799615823],[-106.51030000034461,19.166927299955091],[-106.68595100033832,19.205312700420905],[-106.6861420001531,19.240150500245534],[-106.68698899964249,19.274976699715069],[-106.68846900044394,19.309785800374527],[-106.69059799969784,19.344562500259315],[-106.69337500005611,19.379301100365637],[-106.69677699955878,19.413990000338401],[-106.70083599968154,19.44861599992862],[-106.70553599968656,19.483169599597488],[-106.71087600042699,19.517641100156766],[-106.71684999982756,19.552019100001587],[-106.72347300037859,19.586294200317241],[-106.73072800039682,19.620452899581778],[-106.73861699997445,19.654487600322625],[-106.74713099959587,19.688388800303017],[-106.75628700004489,19.722143200348569],[-106.76606799963838,19.755742999739766],[-106.77646599980596,19.789176900293853],[-106.78749800043227,19.822429699870895],[-106.79914099955738,19.855499300352562],[-106.81140100015591,19.888370499599034],[-106.824286999945,19.92103579996234],[-106.83776900023906,19.95348549955628],[-106.85185999983901,19.98570630010579],[-106.86655400026677,20.017692599733834],[-106.88184400030025,20.049427000156072],[-106.89772799984723,20.080907799855197],[-106.91420000042956,20.112121599832108],[-106.93125199987981,20.143058799823905],[-106.94889100031929,20.173711799659941],[-106.96710200015707,20.204065300073694],[-106.9858779999696,20.234119399990448],[-107.00521899975695,20.263854999608668],[-107.02512400037222,20.293272000002958],[-107.0455699998555,20.322355299757419],[-107.06656600042049,20.351095199683868],[-107.08809699957675,20.379484200335696],[-107.11016099993009,20.407514599919011],[-107.13275899972797,20.435178800061692],[-107.15586899975443,20.462465300233532],[-107.17949700028623,20.489368399632099],[-107.2036289997784,20.515876800074409],[-107.22826399998354,20.541982699941798],[-107.25338700020978,20.567680400230415],[-107.27898399981166,20.592958500234715],[-107.30506900033402,20.617811200226868],[-107.33161200039342,20.642230999860885],[-107.35862699973615,20.666208299773359],[-107.38608599976897,20.689739199604503],[-107.41398600035353,20.712812400272185],[-107.44231399999103,20.7354201999824],[-107.47107699990352,20.757560700266254],[-107.50025900025258,20.7792225004182],[-107.52984600039252,20.80040170007851],[-107.55982999995445,20.821088799708491],[-107.59020200032194,20.841278100304237],[-107.62095600031904,20.860965699707435],[-107.6520839995768,20.88014029973516],[-107.68357100010149,20.898801799663488],[-107.71541600004826,20.9169406999535],[-107.74758899983237,20.934549299710568],[-107.78010600019167,20.951629599926264],[-107.81293499965039,20.96816829962745],[-107.84608500042231,20.984165200064069],[-107.87952400013239,20.999610899723393],[-107.91326100009496,21.014505400404062],[-107.94727300014875,21.028839100044593],[-107.98156000029365,21.042612100268343],[-108.01609800032236,21.05581860044822],[-108.05088800028091,21.068450899689424],[-108.08591500037687,21.080511099707621],[-108.12117000019526,21.09199139978341],[-108.15663099962086,21.102888100105872],[-108.19229899959907,21.113199199683436],[-108.22816499971486,21.122919100236402],[-108.26420599980696,21.132047700141413],[-108.30041499955252,21.140581099937947],[-108.33678400038121,21.148513800271814],[-108.37330600017168,21.155849500054501],[-108.40995799966186,21.162580500190074],[-108.44673200028149,21.168708799871354],[-108.48361200039341,21.174226799827068],[-108.52059900004372,21.179136299600714],[-108.55767800033937,21.183435399823964],[-108.59483299964313,21.187124300146479],[-108.63205000000738,21.190198899659606],[-108.66931199974891,21.192659399811589],[-108.70662700013582,21.194507600145755],[-108.74396499978479,21.195737799859728],[-108.78132599959508,21.196355799580601]]]},"properties":{"objectid":17578,"radii":34,"stormid":"EP182026","basin":"ep","stormnum":18,"advnum":26,"synoptime":"2026100106","timezone":"UTC","ne":120,"se":130,"sw":110,"nw":130,"idp_source":"EP182026_radii","idp_filedate":1791040084000,"idp_ingestdate":1791040150000,"st_area(shape)":13.883555661286602,"st_perimeter(shape)":14.080962645376927,"binnumber":"EP3"}},{"type":"Feature","id":17579,"geometry":{"type":"Polygon","coordinates":[[[-108.79072599960512,20.198177300142447],[-108.80618300014527,19.865451799760876],[-108.81853499959044,19.865249599789365],[-108.83087200014262,19.864843400302846],[-108.84320799974927,19.864229200217551],[-108.85552200014007,19.863416699621155],[-108.86782800016198,19.862400099684976],[-108.88010399969971,19.861181299777286],[-108.8923650003444,19.85975839963055],[-108.90459400041271,19.858137100047259],[-108.91678599967406,19.856311800049696],[-108.92894700020378,19.854288099716143],[-108.94106299955769,19.852062200310456],[-108.95313999981107,19.849638000393554],[-108.96517199978786,19.84701540014072],[-108.97714999997243,19.844194399552066],[-108.98907500041082,19.841176999618995],[-109.00093799978879,19.83796120024931],[-109.01274099999705,19.834552800271638],[-109.02447499972135,19.830947900225567],[-109.03614800022996,19.827154200106406],[-109.0477369995628,19.823163999918791],[-109.0592649996799,19.818986899925619],[-109.07070200009713,19.814620999859414],[-109.08205400019187,19.810064299627868],[-109.09332300005633,19.805322599858243],[-109.10450699959824,19.800396000375258],[-109.11559300001682,19.795286199998259],[-109.12657199999768,19.789993300350659],[-109.13745900023258,19.784521100168774],[-109.14824700039867,19.778869600351925],[-109.1589199997581,19.773040800092986],[-109.16948699962524,19.767040300369729],[-109.17993899958509,19.760862400379608],[-109.19026900021407,19.754514700293328],[-109.20049299955218,19.747997299935605],[-109.21057899972095,19.741313900016621],[-109.22054299965959,19.73446460036115],[-109.23037699989851,19.727453199705565],[-109.2400819995845,19.720277799580913],[-109.24965699957079,19.712945900333182],[-109.25907899969599,19.705455800444952],[-109.26837200016757,19.697813000169958],[-109.27751199987881,19.690017700056956],[-109.28650700009786,19.682073599916862],[-109.2953640002483,19.673982600017098],[-109.30405399989206,19.665746699550709],[-109.31259900004375,19.657367699859606],[-109.32098400001149,19.648849500404253],[-109.32920799974931,19.640191999561296],[-109.33726499987972,19.631404900116195],[-109.34516099978021,19.622484200085921],[-109.35289000007333,19.613435700097625],[-109.36045099981368,19.604259499976081],[-109.367836000431,19.594961199799684],[-109.37505299959616,19.585544600103333],[-109.3820949996844,19.576007799720344],[-109.38894700000395,19.566356700001847],[-109.395622000255,19.55659289994253],[-109.402115000207,19.546722399819032],[-109.4084320001366,19.536745099806637],[-109.41455800025142,19.526668500251219],[-109.42049399969824,19.516489000267313],[-109.4262390002296,19.50621410020068],[-109.43178599972401,19.495845800143684],[-109.43714899972645,19.485389700174665],[-109.44231399959131,19.474845900118339],[-109.44728899968749,19.464218099785626],[-109.45205700013037,19.453512199628449],[-109.45661900006672,19.442724200361681],[-109.4609910002344,19.431865699642458],[-109.46516400021835,19.420936600343964],[-109.46913099969578,19.409938800035718],[-109.47288500014253,19.398879999612404],[-109.4764400004056,19.387762100240877],[-109.4797819998393,19.376585000297666],[-109.48292499998865,19.365354500409978],[-109.48585500020801,19.35407450003828],[-109.48857899992083,19.3427466998005],[-109.49108899965751,19.331377000148564],[-109.49339299978703,19.319967299551365],[-109.49548299994041,19.308521299618405],[-109.49736000016378,19.297040899717899],[-109.49901600008826,19.28553579993735],[-109.50047299982896,19.274002099917141],[-109.50170900017014,19.262447399827806],[-109.50272400021237,19.250873599936824],[-109.50354000007087,19.239282599612409],[-109.50413499963042,19.227680200381087],[-109.5045089997904,19.216073999715434],[-109.50467700034318,19.204458199686314],[-109.50462299965159,19.192846300016868],[-109.50435599992937,19.181232500079943],[-109.50388299970058,19.16962809985705],[-109.50318900007221,19.158031500353616],[-109.50228099956837,19.146451999660201],[-109.50116000003391,19.134883899672388],[-109.49983199994676,19.123338700021122],[-109.49828299956067,19.11181639980714],[-109.49652100014396,19.100322699832873],[-109.49455300022066,19.088857699923039],[-109.49236299995238,19.077426900331318],[-109.48997500044584,19.066034300342835],[-109.48737300006383,19.054683699593227],[-109.48456600012071,19.043378799691993],[-109.4815440001554,19.032119800288683],[-109.47831699972966,19.020912199838278],[-109.47488399969671,19.009761799867306],[-109.47124500005663,18.998668700200483],[-109.46740700023275,18.987636599749408],[-109.46336399994857,18.976669299948355],[-109.45912200037992,18.965770700257735],[-109.45467400030475,18.954942700045706],[-109.45003500041486,18.944191000114699],[-109.44519800038734,18.933515499740679],[-109.44016300022219,18.922922100274832],[-109.43492899987336,18.912414599554268],[-109.42951200007866,18.901992799728077],[-109.42389700014633,18.891664499717024],[-109.41809799982275,18.881427800153006],[-109.41210899973044,18.8712901995832],[-109.4059370001923,18.861253699898498],[-109.39957399994006,18.851318400024297],[-109.39304400008047,18.841487899946742],[-109.38632200035994,18.831768000293096],[-109.37942499976384,18.822162599624392],[-109.37235300009081,18.812669800371111],[-109.36511199981885,18.803297000356395],[-109.35769699961673,18.794044499953827],[-109.35011299971507,18.784913999781395],[-109.34236100015994,18.775909400198827],[-109.33444999956771,18.767036400209861],[-109.32637000017525,18.75829509963927],[-109.31813800006853,18.749685299736939],[-109.30974599977799,18.741214800322894],[-109.30120099962636,18.732885400041312],[-109.29250299961365,18.724695200423298],[-109.28366100015495,18.71665000029742],[-109.27467300025864,18.708751699931156],[-109.26554100001704,18.701004000034686],[-109.25626400028329,18.693407100257616],[-109.24685699995047,18.685964599686656],[-109.23730500012556,18.678676599945277],[-109.22763100007052,18.671548800037215],[-109.21781899994681,18.664581299787301],[-109.2078780001695,18.657775899638182],[-109.19782999995442,18.651136400124926],[-109.18764499971689,18.644662900172818],[-109.17735299994092,18.63835909959289],[-109.16693899993481,18.632225000183723],[-109.15642499981379,18.626264600331183],[-109.14579799987769,18.62047770038572],[-109.13507099982667,18.61486630043953],[-109.12423700023726,18.609432200036167],[-109.11331200004867,18.604177499991749],[-109.10228699974516,18.599105800292591],[-109.09116400031826,18.594213500053115],[-109.0799640000385,18.58950610042632],[-109.06868000038162,18.584985700429854],[-109.05731200044835,18.580652200239001],[-109.04586799970832,18.576503800310263],[-109.03434799996012,18.572545999998056],[-109.02275799968186,18.568780900118611],[-109.01110099991109,18.5652046003122],[-108.99938199997922,18.561822900306765],[-108.98760199993228,18.558631899742522],[-108.97576099977022,18.555637400146054],[-108.96387500023098,18.55283929989389],[-108.95193500000016,18.550237699710237],[-108.93994900034602,18.547830600402051],[-108.92791700036918,18.545623799898578],[-108.91585499990822,18.543613399638843],[-108.90375500039283,18.541805300074657],[-108.89162400034724,18.540195500122366],[-108.87946299981746,18.53878590004939],[-108.86727900002575,18.537574800137065],[-108.85507200007265,18.536567699739692],[-108.84285699975067,18.535760899945728],[-108.83062000021272,18.535154300031081],[-108.81838199972941,18.534751900180197],[-108.806129000353,18.534549700208629],[-108.79083300004282,18.201826100094593],[-108.77250700029771,18.20212749978441],[-108.7541730001837,18.202732099606862],[-108.73586300027716,18.203636199750974],[-108.71755999979405,18.204845400295142],[-108.69929500016406,18.206355999629807],[-108.68105299979601,18.208166100185508],[-108.66284900028103,18.210277600431027],[-108.64469100018943,18.212684599914496],[-108.62657200009761,18.215396900346832],[-108.60850499970587,18.218402899574301],[-108.59050000037462,18.221708300198031],[-108.57255600025911,18.225309399709147],[-108.55467200021252,18.229208000349104],[-108.53687299958915,18.233398400415979],[-108.51914999977259,18.23788069973466],[-108.50151100023237,18.242654800278956],[-108.48395500002312,18.247718799982749],[-108.46650700029772,18.253074600012894],[-108.4491500002722,18.25871279975604],[-108.43189200031549,18.264638900365071],[-108.41474900026606,18.270847299963066],[-108.39772800044676,18.27733800034855],[-108.38082099958939,18.28410910035484],[-108.36404400023031,18.291154900078709],[-108.3473890002021,18.298477199962974],[-108.33088700003492,18.306074099740044],[-108.31451400042067,18.313942000323209],[-108.29828600029856,18.322076799904551],[-108.28220399971474,18.330482499567836],[-108.26628100016791,18.339145700313964],[-108.25052600027459,18.348073999615508],[-108.2349240002423,18.357259799999895],[-108.2195049996559,18.366701099576233],[-108.20425399962227,18.376392399889482],[-108.18917799956495,18.386339200294003],[-108.17428599989887,18.396528199816714],[-108.15958400000147,18.406963299716665],[-108.14507299991891,18.417638800090685],[-108.13076800034287,18.428552600122543],[-108.11664600021265,18.439699199558561],[-108.10274500038139,18.451078399648566],[-108.08905000015727,18.462682700046685],[-108.07556199958651,18.474512099853655],[-108.0623019996375,18.486562699609067],[-108.04925499961843,18.498828900133788],[-108.03642999994446,18.511308700436302],[-108.02384899983139,18.523998299981713],[-108.01149700038616,18.536891899941395],[-107.99938200017908,18.54998969996484],[-107.98750300006333,18.563281999964488],[-107.97586800040779,18.576770800032534],[-107.96448499978283,18.590448400173671],[-107.95336200035592,18.604310999852885],[-107.94247400007492,18.618356699702076],[-107.93186199993124,18.632576000182382],[-107.92150099967131,18.646970699937981],[-107.91141500040186,18.661533400246356],[-107.90159599995536,18.676260000198965],[-107.8920359997615,18.691148800077201],[-107.8827590000277,18.706190099793389],[-107.87375600033903,18.721382099804202],[-107.86503600021115,18.736720999574629],[-107.85659799959791,18.75220110010082],[-107.84844999976758,18.767816500031586],[-107.84057599998232,18.783567399915739],[-107.83299999955022,18.799444200389701],[-107.8257139999011,18.815439199659465],[-107.81872599960508,18.831556299883459],[-107.81203500041482,18.84778589989952],[-107.80564099963232,18.864122399629196],[-107.79955300037057,18.8805599004192],[-107.79375500009309,18.89709850029567],[-107.78826899981442,18.913728699719854],[-107.78309599958061,18.930446600130608],[-107.77822899996829,18.947248499918487],[-107.77366599998584,18.964128500430093],[-107.76941700009439,18.981077200152811],[-107.76548000020176,18.998096500253439],[-107.76185600035404,19.015178699837293],[-107.75854499965192,19.032316199633044],[-107.75555400021682,19.049505200005115],[-107.75288400029626,19.066741900418492],[-107.75052600037452,19.084022500338278],[-107.74848899996726,19.101333599865882],[-107.74677299997387,19.118679000435634],[-107.74536899997929,19.136051199903079],[-107.74430100019089,19.153442400246718],[-107.74353800007856,19.170848800032218],[-107.74311100017241,19.188264800080617],[-107.74299600026512,19.205684699589369],[-107.74321000024122,19.223104500172667],[-107.74373600021613,19.240518599953589],[-107.74459100007448,19.257921200103453],[-107.74576600030059,19.27530859991208],[-107.74726099999504,19.292671200016002],[-107.74908400042619,19.310007100147686],[-107.75122800037184,19.327310600404019],[-107.7536850003624,19.344575900157793],[-107.75645400035171,19.361799199773372],[-107.75955999969415,19.378972999804262],[-107.76296999956571,19.396095300158095],[-107.76670099985114,19.413154600304722],[-107.77075199960501,19.430152900336225],[-107.77511600030306,19.447080599989818],[-107.77979300014675,19.463933899629922],[-107.78478199998921,19.480709100344825],[-107.79008499992273,19.497396500248442],[-107.79569200038543,19.513997999608137],[-107.80160499967093,19.530502300241096],[-107.8078309999006,19.54690740025643],[-107.81435400033672,19.563205700382923],[-107.82118200044886,19.579395300352985],[-107.82830799991416,19.595470400438785],[-107.8357389999548,19.611425399662608],[-107.84345999987897,19.627254500095262],[-107.85147900005569,19.642953900302416],[-107.8597870000699,19.658517799656863],[-107.8683849999677,19.673944500238633],[-107.87726600032556,19.689226200428948],[-107.88642900019812,19.704360999960329],[-107.89587399958532,19.719341299561449],[-107.90560200033195,19.734161400228572],[-107.91560400022433,19.748821300163002],[-107.92587299983899,19.763313300268749],[-107.93641700044412,19.777635600102997],[-107.94722699982606,19.791780499670438],[-107.95829799955294,19.805744200234813],[-107.96962000006283,19.819524799729891],[-107.98120900029505,19.833116500226424],[-107.99304200008811,19.846511799580014],[-108.00513500018002,19.859714500124198],[-108.0174559999943,19.872714999797552],[-108.03003700010737,19.885509499863645],[-108.04284699998897,19.898094199787636],[-108.05588499959293,19.910467100376536],[-108.06916799970332,19.922622699578085],[-108.08266399974372,19.934556999905737],[-108.0963820001291,19.946266199925333],[-108.11031300044453,19.957750299636757],[-108.12446600020564,19.969001799593514],[-108.13882400042718,19.980018599878633],[-108.15339699977164,19.99079510041372],[-108.16815200031448,20.001331300299398],[-108.1831129995652,20.011623399900145],[-108.19826500042933,20.02166560038728],[-108.21359999984003,20.031457899962277],[-108.22911799959593,20.040996599713424],[-108.2448120002735,20.05027580008823],[-108.2606739997052,20.059297600104287],[-108.27671100001254,20.068054199941514],[-108.29290799960438,20.076545700323948],[-108.30925799995663,20.08477020008479],[-108.32576000012381,20.092723799763689],[-108.34241500015202,20.100402800449046],[-108.35919999987999,20.107807200342165],[-108.37613700032222,20.114933000157976],[-108.39319600009526,20.121778500177754],[-108.41037800014448,20.128343599677521],[-108.42768899984736,20.134622599653369],[-108.44511400031075,20.140615500105412],[-108.46264600031259,20.146320300041964],[-108.48027800042928,20.151737200011894],[-108.49801600003826,20.156858400195176],[-108.51584600029258,20.161691700411779],[-108.53376800029287,20.166227299850163],[-108.55176500015455,20.170467400050597],[-108.56984700033871,20.174409900196849],[-108.58798999973862,20.178052900021441],[-108.6062089999453,20.181396500248411],[-108.62448900026703,20.184440600153721],[-108.64281500001215,20.187185299562088],[-108.6611940004027,20.189622900276788],[-108.67961099984768,20.191759100402294],[-108.6980739996153,20.193592100395279],[-108.7165679999132,20.195119900163377],[-108.73508500037235,20.196342499706759],[-108.75361599967857,20.197259899924575],[-108.77217100009148,20.197870300374177],[-108.79072599960512,20.198177300142447]]]},"properties":{"objectid":17579,"radii":50,"stormid":"EP182026","basin":"ep","stormnum":18,"advnum":26,"synoptime":"2026100106","timezone":"UTC","ne":60,"se":60,"sw":40,"nw":40,"idp_source":"EP182026_radii","idp_filedate":1791040084000,"idp_ingestdate":1791040150000,"st_area(shape)":2.3928830561179506,"st_perimeter(shape)":6.0170434509788127,"binnumber":"EP3"}},{"type":"Feature","id":17580,"geometry":{"type":"Polygon","coordinates":[[[-108.79538699961023,19.699089100381798],[-108.80001099970775,19.200002700164646],[-108.79540999977155,18.700912500311802],[-108.7862089999453,18.701065099974528],[-108.77702299991142,18.701366399839628],[-108.76783799992364,18.701822300359026],[-108.75866699968219,18.702426900181422],[-108.74950399980963,18.703185999934078],[-108.74036400009845,18.704093899713826],[-108.73123199985679,18.705150600420041],[-108.7221219997304,18.706359899889605],[-108.71304300013423,18.707719799829022],[-108.70397900033049,18.709228499795586],[-108.69495399962727,18.710884100421026],[-108.6859509999386,18.712690400441772],[-108.67698700024977,18.714643500397358],[-108.66805999956921,18.716745400380091],[-108.65918000015677,18.718994100297607],[-108.65033699975265,18.721387900431409],[-108.64154099971728,18.723926500407799],[-108.6327819995895,18.726612099968577],[-108.62409199994573,18.72943879956108],[-108.61544000025572,18.732410399720322],[-108.60684999982755,18.735525100003485],[-108.59832000036761,18.738775300240036],[-108.58985100012347,18.742172199687388],[-108.58144400004045,18.745704699812165],[-108.57309700002645,18.749376299876474],[-108.56482699996599,18.753183399894112],[-108.55662500034339,18.757127800307899],[-108.54849200030549,18.761207599950922],[-108.5404429996446,18.7654209003544],[-108.5324630003671,18.769761999816581],[-108.52457399989009,18.774238600131412],[-108.516762000266,18.778842899680228],[-108.50903299997287,18.783575099911047],[-108.50139600032503,18.788435000275172],[-108.49385100042321,18.793418900062306],[-108.4863970002213,18.798526800171828],[-108.47904200008816,18.803756699612165],[-108.47178600002377,18.809106799739141],[-108.4646219997054,18.81457520028539],[-108.45755800040132,18.820161799627499],[-108.45059999969016,18.825862899753133],[-108.44374800026992,18.831680300205846],[-108.43700400043417,18.83760449964808],[-108.43037399956035,18.843645100141373],[-108.42385100002355,18.8497924996243],[-108.41743500002514,18.856042900259752],[-108.41114799968034,18.862400099884837],[-108.40496799977325,18.86886410029814],[-108.39891799956592,18.875421499802542],[-108.3929820001191,18.8820838996524],[-108.3871690000492,18.888839700391998],[-108.3814849996329,18.895690900314946],[-108.37593099981569,18.902635600053031],[-108.37049900022856,18.9096699001459],[-108.3651960002951,18.916793799694233],[-108.36003100043024,18.924003599786431],[-108.35499600026509,18.9312973003303],[-108.3500980001225,18.938673000158985],[-108.34532899963352,18.946126899636852],[-108.3407059995821,18.953659100387313],[-108.33621999955324,18.96126749979544],[-108.3318710004462,18.968948399848898],[-108.32766699993198,18.976697900188071],[-108.32360799980927,18.984516099738357],[-108.31969500012406,18.992401100030861],[-108.31592599988488,19.000350999898842],[-108.31230200003716,19.008358000421538],[-108.30882299968158,19.016426099984642],[-108.30549600004025,19.024549499759758],[-108.30232200026001,19.032726300378613],[-108.29929400001799,19.040956500042569],[-108.29642499991371,19.04923250037973],[-108.29370899967051,19.057554199766628],[-108.29113799981872,19.065921799651449],[-108.28872700015086,19.07432750021411],[-108.2864759997675,19.082775100190872],[-108.28436999977555,19.091257100135181],[-108.28243300038258,19.09976959968742],[-108.2806400004356,19.108316400281808],[-108.27901500014207,19.116889999773832],[-108.27755000003236,19.12549020031264],[-108.27623699973765,19.134113300288732],[-108.27507800024944,19.142755500066414],[-108.2740939998381,19.151414900277587],[-108.27325399977218,19.160091400198098],[-108.27259099977471,19.168779399749667],[-108.27207900044544,19.177475000371089],[-108.27172899959356,19.186180099632054],[-108.27154500010158,19.194891000419489],[-108.27150700014784,19.203599900215352],[-108.27164500021649,19.212308899835989],[-108.27194200042288,19.221015900263751],[-108.27239999995993,19.229719199981218],[-108.27301000021123,19.238408999975491],[-108.27378099979319,19.247089400255732],[-108.27472700025078,19.255754500370017],[-108.27581800020045,19.264404300318347],[-108.27707699980363,19.273033100197551],[-108.278488000121,19.281640999832405],[-108.28006700009189,19.290224099762554],[-108.28179899992381,19.298778499628213],[-108.28369099993961,19.307306300245727],[-108.28574400018539,19.315799699996319],[-108.28794900024604,19.324256900235923],[-108.29031399959132,19.332677800240447],[-108.29283099965079,19.341058700198971],[-108.2955019996175,19.349395799576655],[-108.29833199972194,19.357688899623156],[-108.30131499968741,19.365932500084966],[-108.30444300004433,19.374126400413161],[-108.30773199973191,19.38226699972239],[-108.31116499976486,19.390352199894267],[-108.31475099965883,19.398382199678906],[-108.31848900026705,19.406349200155603],[-108.32236500004461,19.41425320042498],[-108.32639299963711,19.422092400044392],[-108.33056599962111,19.429864899645565],[-108.33486900020409,19.437568700035627],[-108.33933300011779,19.445198100412142],[-108.34393300000784,19.452751199608315],[-108.3486709999666,19.460229899690262],[-108.35353899962502,19.46762849985555],[-108.35855099962885,19.474947000104123],[-108.36370099970128,19.48218350016856],[-108.36898000032664,19.489328399785961],[-108.37439700012135,19.496389399851068],[-108.37993600014619,19.50335880036846],[-108.38561200019353,19.510238599631805],[-108.39141099961785,19.517019299900937],[-108.39733100012546,19.523704500262625],[-108.40338100033279,19.530292500098938],[-108.40954600044745,19.536777499681989],[-108.41584000021572,19.54316330044611],[-108.42224100042171,19.549442300421958],[-108.42876399995856,19.555616399877067],[-108.43540999977159,19.561679799982926],[-108.44215399960729,19.56763270038897],[-108.44901300024969,19.573474899647067],[-108.45597100006148,19.579204600012417],[-108.46305100010346,19.58481599995855],[-108.47022199984531,19.590311099577718],[-108.47749299970206,19.595687899676989],[-108.48487099999653,19.60094259972135],[-108.49233999999092,19.606075300434895],[-108.49990099973127,19.611083999926791],[-108.50756100043969,19.615966799728142],[-108.51531199994872,19.620723699839004],[-108.52314799978029,19.625352899816619],[-108.53105900037247,19.629850400375801],[-108.53907000018029,19.634218199810221],[-108.54714999957275,19.638450600015346],[-108.55531300009477,19.642551399727438],[-108.56354500020149,19.646516800210293],[-108.57185400026179,19.650346799665215],[-108.58023099986065,19.654039399798592],[-108.58867599989736,19.65759280016772],[-108.5971830000953,19.66100310041287],[-108.60575899987782,19.664277999630144],[-108.61439499972937,19.667408000079263],[-108.6230769999035,19.67039490040446],[-108.63182100023886,19.673238800430454],[-108.64061700027423,19.675939600332413],[-108.64946700010188,19.678495399842973],[-108.65835599992937,19.680902500050479],[-108.6672900000334,19.683162699599052],[-108.67626999956076,19.685276000287331],[-108.6852720001026,19.687242500141394],[-108.69432800043677,19.689058299700889],[-108.70340700003294,19.69072720040009],[-108.71251700015932,19.692243600362019],[-108.72164900040093,19.693609200204548],[-108.73081200027349,19.694826099844761],[-108.73999800030737,19.695888499554769],[-108.74919900013367,19.696804000404427],[-108.75841499975235,19.697566999617493],[-108.76764700010887,19.698175399974843],[-108.77687800041929,19.698631299594922],[-108.78613300003781,19.698936499819752],[-108.79538699961023,19.699089100381798]]]},"properties":{"objectid":17580,"radii":64,"stormid":"EP182026","basin":"ep","stormnum":18,"advnum":26,"synoptime":"2026100106","timezone":"UTC","ne":30,"se":30,"sw":0,"nw":0,"idp_source":"EP182026_radii","idp_filedate":1791040084000,"idp_ingestdate":1791040150000,"st_area(shape)":0.41202633931191979,"st_perimeter(shape)":2.6034814718857993,"binnumber":"EP3"}},{"type":"Feature","id":17581,"geometry":{"type":"Polygon","coordinates":[[[-109.18129700015635,21.396352799941894],[-109.22030600042149,21.562713599952815],[-109.26088000001187,21.562046099747818],[-109.3014300002942,21.560710899688388],[-109.34194900004621,21.55870630005586],[-109.38242300042106,21.55603410039356],[-109.42284400015041,21.552699999705339],[-109.46318799992616,21.548698399711498],[-109.50344800032485,21.544035000315148],[-109.54361700012436,21.538707699800625],[-109.58367900038547,21.532722500243324],[-109.62360399972471,21.526077299927579],[-109.66340599968703,21.518775900287721],[-109.70306400020337,21.510820400341345],[-109.74255400016688,21.502214400074649],[-109.78187599957761,21.492958100036446],[-109.82101400039568,21.483056999580981],[-109.85995500022301,21.47251509979219],[-109.89868900039693,21.461330399678332],[-109.93719499994921,21.449512500401738],[-109.97547099968676,21.437061300338883],[-110.01349600043994,21.423980699849551],[-110.05127000041011,21.410280200271188],[-110.08876800024291,21.395957900436883],[-110.12599200003069,21.381019600074637],[-110.16291799956593,21.365472800429529],[-110.19953900032453,21.349319499795229],[-110.23584700013885,21.332567200316191],[-110.27181999979308,21.315219900378224],[-110.30745700014035,21.297281299792303],[-110.34275099995858,21.27875899962828],[-110.37767799993964,21.259660699881522],[-110.41223900012966,21.239992099555877],[-110.44640400004448,21.219755199642861],[-110.4801860002836,21.198959399856562],[-110.51355699955576,21.177610400100036],[-110.54652399998253,21.155717799736806],[-110.57906299955766,21.133283599758443],[-110.61116799980323,21.110317199879034],[-110.64282199993528,21.08682820036131],[-110.6740259999998,21.062820399941643],[-110.70477299967411,21.038303399782194],[-110.73504599997284,21.013284700228894],[-110.76483200029651,20.987772000377674],[-110.79412799960738,20.961772900399183],[-110.82291399968125,20.935296999656941],[-110.85120400026432,20.90834999985276],[-110.878966999927,20.88094139962601],[-110.90621199998373,20.853080700314194],[-110.93292199965049,20.824775699938755],[-110.95909100044923,20.796037700279783],[-110.98470299984348,20.766872400341128],[-111.00975799963186,20.737289400385635],[-111.03425599981443,20.707300200044358],[-111.05817400022983,20.676910400294901],[-111.08151199997872,20.646135300403955],[-111.10427100000658,20.614975000196239],[-111.12642700010588,20.583450300091442],[-111.14798699970015,20.551565200273899],[-111.1689450003114,20.519329099558433],[-111.18928500030245,20.486755399642107],[-111.20901500004214,20.453849800428088],[-111.22811100022238,20.42062570001616],[-111.24658200035896,20.387090700375666],[-111.26442000008285,20.353261900316568],[-111.2816159998784,20.319141399755949],[-111.29816400036822,20.284742399842003],[-111.31407200012262,20.250078199749282],[-111.3293149997873,20.215156600197076],[-111.34391799961588,20.179990799635846],[-111.35784099956237,20.144588499859537],[-111.37110899988033,20.108964900310013],[-111.38369800036236,20.073127700083433],[-111.39562199985534,20.037088399710001],[-111.40686000008884,20.000860200338138],[-111.41742699995598,19.964450800164457],[-111.42731499998717,19.92787359998681],[-111.43650800034385,19.891139999611426],[-111.44502300001136,19.854261399743962],[-111.45284300000435,19.817247399747828],[-111.4599840001614,19.780109400328683],[-111.46641499995218,19.742860799586367],[-111.47216799995311,19.705511099757587],[-111.47721099958784,19.668075600108978],[-111.48156699991699,19.630557999552195],[-111.48522200029498,19.592979399779608],[-111.48818200009913,19.555341700159488],[-111.49043999990596,19.517665899861527],[-111.49200400008442,19.479953800227861],[-111.49286700031172,19.442226400428183],[-111.49304200028797,19.404487599922959],[-111.13987699982357,19.37373540036856],[-111.13890800010404,19.34181589968415],[-111.13735200029447,19.30991360033255],[-111.13520100002603,19.278043699956925],[-111.13246899994431,19.246213900351336],[-111.12914300034907,19.214433700155269],[-111.12522899971844,19.18271059971454],[-111.12073500022001,19.151060099743972],[-111.11566200010111,19.119487800321849],[-111.11000800016899,19.088003200087769],[-111.10377499961646,19.056617699747164],[-111.09696999966565,19.025335300383972],[-111.08958399990161,18.994173000084004],[-111.08163500025495,18.963136700198675],[-111.07311999968812,18.932237599985399],[-111.06402600029958,18.901481599896044],[-111.05438199982933,18.870878200368793],[-111.04417400032975,18.840438800310551],[-111.03341699979461,18.810171099716626],[-111.02209500018404,18.780088399560157],[-111.01023099986065,18.75019450037604],[-110.99782599976999,18.720498999729216],[-110.98487899986583,18.691011399856336],[-110.97139000014829,18.66174700002415],[-110.95737499955646,18.632703800140405],[-110.94283299984295,18.603897100371],[-110.92776500015452,18.575332599719843],[-110.91217799991466,18.547023799708711],[-110.89608000039163,18.518972400056384],[-110.87947099978669,18.491191899586624],[-110.86235800022143,18.463687900176581],[-110.84474900026606,18.436468100022921],[-110.82665300033563,18.409545899923501],[-110.80806700029171,18.382921200053488],[-110.78899400027279,18.356609299679576],[-110.76945500034788,18.330616000328291],[-110.74944300019422,18.304945000011855],[-110.72896600018066,18.2796097004275],[-110.70803800005359,18.254612000043892],[-110.68666099990514,18.229965199834226],[-110.66483299964312,18.205673200158174],[-110.64257000000538,18.181743600287064],[-110.61988099960837,18.158184100216204],[-110.59676400015837,18.135002099567373],[-110.57324200001818,18.112203600415967],[-110.54930100034079,18.089794200142364],[-110.5249630003421,18.067785300351488],[-110.5002290000682,18.04617880041144],[-110.4751049997958,18.024980500050162],[-110.44960800030884,18.004200000429819],[-110.42373699976264,17.983844800097586],[-110.39750699974815,17.963914899952783],[-110.37091800026542,17.94441990025831],[-110.34397899993081,17.925367400285438],[-110.31670400028929,17.906761199669745],[-110.28909300044154,17.88860509984562],[-110.26116200022602,17.870906799909051],[-110.23292500028845,17.853670100394936],[-110.2043690000292,17.83690070030724],[-110.17552199984033,17.820604300448224],[-110.1463849997678,17.804786699646627],[-110.11695899985784,17.7894477998762],[-110.08727299964914,17.774599099868681],[-110.05731999971812,17.760238600431194],[-110.02711499985725,17.746374099585182],[-109.99665800006653,17.733009299839466],[-109.96598100002302,17.720146200386978],[-109.93506599979594,17.707792299774951],[-109.90393100021538,17.695947599802025],[-109.8725890000822,17.684618000020805],[-109.84105700018034,17.673805200150014],[-109.80932600009476,17.663513200374041],[-109.77742000003286,17.65374370041161],[-109.74533799994862,17.644502599815269],[-109.71310400004944,17.635789900383713],[-109.68070999996644,17.627609300129222],[-109.64817799981472,17.619964599586751],[-109.61551700000945,17.612855900379657],[-109.58272599960509,17.606285100077457],[-109.54982000019277,17.60025409984695],[-109.51681499981231,17.594768499766587],[-109.48372700010088,17.589822799582691],[-109.45053900027455,17.585426300083839],[-109.41729000033314,17.581577299752723],[-109.38396499958498,17.578271900028312],[-109.35059400031275,17.575517700181877],[-109.317169000349,17.573316599581517],[-109.28372200027002,17.571662900122874],[-109.25024399966077,17.570560500366923],[-109.21674299978952,17.570007300396753],[-109.18024400016037,17.237281800015182],[-109.14073200008164,17.237932199611464],[-109.10124999958771,17.23923299970329],[-109.06178299978552,17.241184200290775],[-109.02236899972945,17.243784000031724],[-108.98299399967323,17.247032200176022],[-108.94368700005492,17.250928899649125],[-108.90446499985978,17.255470299714716],[-108.8653180004253,17.260658299740896],[-108.82627899967599,17.266487099999779],[-108.78733799984872,17.272960699776604],[-108.7485279997673,17.280075099786188],[-108.70984600019267,17.287824600125361],[-108.6713179996259,17.296213200079251],[-108.63292699998095,17.305233000003113],[-108.59471100031232,17.314882300178169],[-108.55667900013566,17.325159099612904],[-108.51882900025805,17.336061499838479],[-108.4811860000338,17.347585700319939],[-108.44374800026992,17.35972789962301],[-108.40653199995177,17.372484200085921],[-108.36955299977103,17.385848999831637],[-108.33281700000447,17.399822199934704],[-108.29633300016775,17.414400099684997],[-108.26012400042219,17.429574999986414],[-108.22418200039891,17.445341100211749],[-108.18853799972879,17.461698500185776],[-108.15318299979549,17.478641500005381],[-108.1181339995843,17.496162399675143],[-108.08341200006367,17.514257399559483],[-108.04901900042643,17.532920799755232],[-108.01496100004999,17.55214879972749],[-107.98125499971837,17.5719337003801],[-107.94789900023858,17.59226989983614],[-107.91492500038834,17.613153500433839],[-107.88232399975271,17.634574900111716],[-107.85012100038375,17.656532300225592],[-107.81830600002178,17.679014200245263],[-107.78690299977353,17.702016799635715],[-107.7559200000079,17.725532500024997],[-107.72535699982558,17.749557499978778],[-107.6952360002411,17.774076500230422],[-107.66555800040129,17.799091300323369],[-107.63634500042133,17.824590700100885],[-107.60758199960952,17.850566899742773],[-107.57929199992577,17.877010299885569],[-107.55149100030934,17.903917299643808],[-107.52417000034512,17.931278199829194],[-107.49735300024065,17.959083599828432],[-107.47103899994977,17.987325699821326],[-107.44523599984143,18.015996899637344],[-107.41995200028447,18.04508969982993],[-107.3952030002182,18.074592599868708],[-107.37098699955027,18.104499800025906],[-107.34731299959515,18.134798000227647],[-107.32420299956868,18.165483499763866],[-107.30164299972455,18.196544600253219],[-107.2796400003856,18.227972000007924],[-107.25822400023731,18.259757999931878],[-107.23738100043272,18.291889200126604],[-107.21712499981879,18.32435989978967],[-107.19746399966374,18.357160600281645],[-107.17839099964482,18.3902778999053],[-107.1599269998311,18.423704099564702],[-107.14207500036088,18.457428000002324],[-107.12483999966616,18.491441699774782],[-107.10822299959165,18.525733899799775],[-107.09223199960701,18.560295099639291],[-107.07688100035779,18.595113799662272],[-107.0621639997687,18.630178500237719],[-107.04808799996113,18.665481600295777],[-107.0346530000358,18.701007799670379],[-107.02187299973906,18.736753500174018],[-107.00974299973956,18.772701299925188],[-106.99827599973747,18.808847400187517],[-106.98747299977902,18.845172899909528],[-106.97733299981797,18.881671900437993],[-106.96786500026946,18.918331099900456],[-106.95907599965756,18.955141100381638],[-106.95095099998855,18.992090199902918],[-106.94351199957902,19.029169100373849],[-106.9367519999048,19.066362400004891],[-106.93067900043542,19.103662500424207],[-106.92530099974124,19.141056099759339],[-106.92060099973622,19.178533600445462],[-106.91659500025895,19.216079699618604],[-106.91327700013335,19.253688799898327],[-106.91065999995891,19.291347499587573],[-106.90873700031221,19.329040500318968],[-106.90750900033999,19.366760299947998],[-107.08335899961804,19.405174299754265],[-107.08355699975561,19.440010100385962],[-107.08438900035196,19.474836299855497],[-107.08586900025404,19.509647399707887],[-107.08799000003836,19.544424099592675],[-107.09076700039668,19.579164500141701],[-107.09417700026825,19.613851499846987],[-107.09822800002206,19.648479500428721],[-107.10292800002708,19.683033000272872],[-107.10826899991434,19.717504499932886],[-107.1142580000066,19.751882599602425],[-107.12087200014258,19.786159500360782],[-107.12813599967654,19.820318199625376],[-107.13603199957703,19.854356799826576],[-107.14455399956734,19.888256100438809],[-107.15371700033921,19.922012300027745],[-107.16349799993264,19.955614100410571],[-107.17391199993875,19.989048000065281],[-107.18494399966573,20.022304500352561],[-107.19660899980539,20.055374099934909],[-107.20887799991965,20.088249200440373],[-107.22177100003154,20.120914499904416],[-107.23526800011803,20.153366099765833],[-107.24936700008686,20.185588799683501],[-107.26407600030706,20.217573199943388],[-107.27938100013296,20.24931530036099],[-107.29528000037163,20.280794099967864],[-107.31176799989316,20.312009800212252],[-107.32884999982753,20.342948899572207],[-107.34650400005944,20.373605699943255],[-107.36473099973574,20.403961200449203],[-107.38352999970959,20.434015300365957],[-107.40289299961216,20.46375659988729],[-107.422805999697,20.49317360028158],[-107.44328299971056,20.522256900036041],[-107.46430200043687,20.551000599598126],[-107.4858630000773,20.579391499618168],[-107.50795700001544,20.607425699736382],[-107.53057900002074,20.635091800146597],[-107.55371899963205,20.662380199686595],[-107.57737000032517,20.689285300076676],[-107.60153200030146,20.715793599794949],[-107.6261899997686,20.741905199565451],[-107.65134399962579,20.767602899854069],[-107.67697099971178,20.792884800393381],[-107.70308699986504,20.817739499578408],[-107.72966799987819,20.842161200379223],[-107.75671399975118,20.866142299927333],[-107.78420300026818,20.889673199758477],[-107.81213399958432,20.912750200061851],[-107.84050800044378,20.935361900131738],[-107.86930800026391,20.95750429978375],[-107.89852899971345,20.979169799746614],[-107.92814600033756,21.000351000398496],[-107.95817600022212,21.021040000295898],[-107.98858599964404,21.041231200259801],[-108.01937899964105,21.060918799663],[-108.05054499975182,21.080099099593895],[-108.08207699965374,21.0987624997897],[-108.11395999955425,21.116901400079712],[-108.14617200023753,21.13451579956461],[-108.17872599960509,21.151594200412148],[-108.21160899975541,21.16813659992431],[-108.24479699958175,21.184133500360872],[-108.27828199961448,21.199583100379925],[-108.31205700043012,21.214479399704658],[-108.34612300027612,21.22881510033676],[-108.38044700032873,21.242587999836474],[-108.41503900014965,21.255796400283771],[-108.44987500043084,21.268432599884704],[-108.48494699990403,21.280492799902959],[-108.52024099972226,21.291975000246225],[-108.55575599983945,21.302871699669367],[-108.591476000417,21.313182800146251],[-108.62737999958722,21.322906500334852],[-108.66347500037085,21.332035100239807],[-108.69973799990868,21.340568500036397],[-108.73615300016075,21.348506900273378],[-108.77272000022771,21.355842600056064],[-108.80941800004058,21.362573600191638],[-108.84624500040633,21.368701899872917],[-108.88317900031052,21.374219899828631],[-108.92021899970695,21.379131299869755],[-108.95734400032524,21.383430499917779],[-108.9945449999517,21.387121199783678],[-109.03181500006212,21.390195800196182],[-109.06913000044909,21.392658199716266],[-109.10649100025938,21.394504499782954],[-109.14389000002336,21.395736699589179],[-109.18129700015635,21.396352799941894]]]},"properties":{"objectid":17581,"radii":34,"stormid":"EP182026","basin":"ep","stormnum":18,"advnum":26,"synoptime":"2026100112","timezone":"UTC","ne":120,"se":130,"sw":110,"nw":130,"idp_source":"EP182026_radii","idp_filedate":1791040084000,"idp_ingestdate":1791040150000,"st_area(shape)":13.900588532876677,"st_perimeter(shape)":14.089971212700469,"binnumber":"EP3"}},{"type":"Feature","id":17582,"geometry":{"type":"Polygon","coordinates":[[[-109.19071199995875,20.398176199871841],[-109.2061919997609,20.065448800122169],[-109.21855899989782,20.065246600150601],[-109.23091100024237,20.064838399672567],[-109.2432629996876,20.064230000214479],[-109.25560000023972,20.063415500425151],[-109.26791399973121,20.062398899589709],[-109.28020499996069,20.061178200313861],[-109.29248000035165,20.059757200434603],[-109.30471799993563,20.058134100408552],[-109.31693300025768,20.056312600046567],[-109.3291089996805,20.054287000344914],[-109.3412399997261,20.05206110003985],[-109.3533400001408,20.049636800298231],[-109.36537900044044,20.047010400409818],[-109.37737299956416,20.044189499645825],[-109.38931299979498,20.041171999888036],[-109.40119199991079,20.037958099886566],[-109.41300200044185,20.034549699908837],[-109.42475900032753,20.030946700130244],[-109.43644000030565,20.027149200375447],[-109.44805099975372,20.02316089955599],[-109.45958700023976,20.018983799562818],[-109.47103900044942,20.014616000128456],[-109.48240700038264,20.010061299989161],[-109.49368999999342,20.005317699952059],[-109.50488299995038,20.00039099974498],[-109.51598400016138,19.995279299999822],[-109.52698500025747,19.98998829972038],[-109.53788800033084,19.984516100437816],[-109.5486829999204,19.978862800178206],[-109.55937200001767,19.973035800362027],[-109.56994600020766,19.967033400371292],[-109.58041400000599,19.960855500381172],[-109.59075900042745,19.954507800294891],[-109.60099000008836,19.947992300204646],[-109.61109200009565,19.941307099842902],[-109.62107099982666,19.934457800187488],[-109.63091999985801,19.927444500163688],[-109.6406329999129,19.920269000214319],[-109.65021500022198,19.912939100159463],[-109.65965999960918,19.905448900446515],[-109.66896099955039,19.897804299728762],[-109.67811599995332,19.890010800058519],[-109.687118999642,19.882064799650948],[-109.69598400016139,19.873973799751184],[-109.70468899959758,19.865735999916581],[-109.7132420001181,19.857357000225534],[-109.7216340004087,19.848836899603384],[-109.72986599961609,19.840183300019419],[-109.73793800043825,19.831396099850281],[-109.74584199980836,19.82247349955253],[-109.75357800042428,19.813423200020793],[-109.76114699963421,19.804248800342009],[-109.7685470000439,19.794948599898134],[-109.77577199957801,19.785532000201783],[-109.78281399966625,19.77599329955126],[-109.78967999973213,19.766344100100298],[-109.79636400039823,19.756580399865697],[-109.80286399977365,19.746709799917483],[-109.8091809997033,19.736734400172566],[-109.81531500018701,19.726654099906909],[-109.82125900000273,19.716476400365707],[-109.82701099995757,19.706201600123904],[-109.83257300014373,19.695835099610292],[-109.83793600014621,19.68537329973816],[-109.84310900037997,19.674831399949312],[-109.84808300043005,19.664203599616542],[-109.85285900034251,19.653493899823786],[-109.85742999979453,19.642709700192654],[-109.86180900028506,19.631849300105273],[-109.86598200026901,19.620922100174937],[-109.86994899974644,19.609926200134169],[-109.87371799998562,19.598865500342697],[-109.87727400029479,19.587745699804316],[-109.88062300005129,19.576568599861162],[-109.88376600020064,19.565338099973474],[-109.88669600041999,19.554056200233617],[-109.88942699955629,19.542730300263258],[-109.89193700019229,19.531360599712059],[-109.89424100032181,19.519952800281658],[-109.89633199962196,19.508504900081221],[-109.89820899984539,19.497026400448135],[-109.89987200009261,19.485519400400165],[-109.90132899983337,19.473985700379899],[-109.90256500017455,19.462429000198313],[-109.9035869996402,19.450855300132162],[-109.90439600007522,19.439266200075224],[-109.90499099963483,19.42766570021206],[-109.90537300016371,19.416055699910771],[-109.90553999977107,19.404443700416607],[-109.905478999656,19.392828000212205],[-109.90522000030268,19.381217999910916],[-109.90473899970499,19.369611700319865],[-109.90404500007662,19.358017000184532],[-109.9031300001493,19.346431699763286],[-109.90201600003826,19.334867500135147],[-109.90067300015875,19.32332040021646],[-109.89913200014161,19.311800000269955],[-109.89736899977942,19.300302499760676],[-109.89539300038655,19.288841199661761],[-109.89321099958784,19.277412400162291],[-109.89080800028887,19.266019800173751],[-109.88819899958406,19.254669200323463],[-109.88539099959485,19.243362400154808],[-109.88236999967563,19.232105300119656],[-109.87913499978032,19.220899599936729],[-109.87570199974738,19.209747299698279],[-109.87205499973834,19.19865040039582],[-109.86820999959173,19.187620200212223],[-109.86416600016071,19.17665290041117],[-109.85990899990031,19.165754299821231],[-109.85546900019409,19.154928199876679],[-109.85081499961245,19.144174599678195],[-109.8459700001153,19.133501100295689],[-109.84092699958126,19.122909500373282],[-109.83569300013176,19.11240010028456],[-109.8302609996453,19.101980199826528],[-109.82464599971303,19.091650000447316],[-109.81883199959702,19.081415200251456],[-109.81283600008123,19.071277599681594],[-109.80665600017414,19.061239199729414],[-109.80029299992191,19.051305800122691],[-109.79374700022379,19.04147720031267],[-109.78701800018047,19.031757399584478],[-109.78011300011474,19.02215189999032],[-109.77304100044171,19.012657199570242],[-109.76578500037738,19.003284500279619],[-109.75836199980637,18.994031900052278],[-109.75076300011227,18.984903300147323],[-109.74300400023435,18.975898699665379],[-109.73508500017255,18.967025800400506],[-109.72699700041113,18.95828249973772],[-109.71874999961267,18.949676500370344],[-109.7103499998525,18.94120600005698],[-109.70179700023129,18.93287470040724],[-109.69309199989578,18.924682599622429],[-109.68424200006814,18.916641200031506],[-109.67524000042556,18.908741000297084],[-109.66609200034543,18.900993300400614],[-109.65679899987384,18.893398299991702],[-109.64737699974864,18.885955800320062],[-109.63781699955479,18.878667799679363],[-109.62812799970732,18.871541999863553],[-109.61830900016014,18.864574399788864],[-109.60836000001387,18.857768999639745],[-109.59829700000643,18.851131400393967],[-109.58810400029927,18.844657900441916],[-109.57779699983161,18.838354099861931],[-109.56737500035587,18.832220100277539],[-109.55683900011968,18.826257700332746],[-109.54621100013748,18.820470800387284],[-109.53546099992514,18.814861299809252],[-109.52462000001287,18.809427300129926],[-109.51367199966296,18.80417250026079],[-109.50263999993598,18.799100900386406],[-109.49150800009403,18.794210399690314],[-109.48029300002185,18.789501199620815],[-109.46899399967327,18.78498079962435],[-109.45761099994758,18.78064730033276],[-109.44615200031444,18.776500699947462],[-109.43462400019735,18.772544899727507],[-109.42301900012666,18.768775900387652],[-109.41134599961811,18.765201599774173],[-109.39961199989381,18.761819799943964],[-109.38781700005444,18.758628800279041],[-109.37596100010001,18.755634299783253],[-109.36405899982287,18.752836200430465],[-109.35210399979968,18.750232699979279],[-109.34010300035311,18.747829400306728],[-109.32806400005347,18.745620700435097],[-109.31598699980009,18.743614199635772],[-109.30387100044624,18.741802199711913],[-109.29172499970889,18.740190500391407],[-109.27954900028601,18.738784799778841],[-109.26735700012534,18.737573600041742],[-109.25514199980336,18.736566499644368],[-109.24289699989652,18.735757799582927],[-109.23065199998973,18.735153199760475],[-109.21839899971394,18.734748799817396],[-109.20613900001473,18.73454859993808],[-109.19082599981994,18.401822999731792],[-109.17246200012113,18.402126299689144],[-109.15412099968427,18.402730900410859],[-109.13578000014678,18.403634999655651],[-109.11747000024025,18.404844300024592],[-109.09917400007993,18.4063529999911],[-109.08091699991951,18.408163099647481],[-109.06269100028936,18.410274500068283],[-109.04450199966743,18.412683499643947],[-109.02636699973715,18.415395700251509],[-109.00828599959908,18.418401700378297],[-108.99024999973761,18.42170519983523],[-108.97228999978358,18.42530819961388],[-108.95439099994462,18.429204899986303],[-108.9365619997364,18.433393499610474],[-108.91882300008132,18.437875700003701],[-108.90115400005698,18.442651699916155],[-108.88359100042425,18.447715800344042],[-108.86611200016858,18.45306970010671],[-108.84873199998174,18.458709700292559],[-108.8314590002326,18.464632000366691],[-108.81430799981422,18.470840499789347],[-108.79725600036403,18.477331200174888],[-108.78033399971423,18.484102200356404],[-108.76353500023998,18.491148000080273],[-108.74686400037319,18.498470299964538],[-108.7303309996758,18.506067299566382],[-108.71394300026913,18.513933200057295],[-108.69770100040074,18.522069899906114],[-108.68160199993224,18.530471799933764],[-108.66565700027024,18.539136900048049],[-108.64987900021561,18.548063299981436],[-108.63426999986052,18.557247200098345],[-108.61882800001212,18.566688499674683],[-108.60355399981717,18.576381700255411],[-108.58846299996736,18.586326600392454],[-108.5735549995635,18.596515699739882],[-108.55883799987367,18.606948900271675],[-108.54430399962979,18.617624299921658],[-108.52997599989237,18.628536199685982],[-108.51584600029258,18.639682800021319],[-108.5019230003461,18.651060099843846],[-108.48821300032961,18.662664400242022],[-108.47470899992032,18.67449570031647],[-108.46142599980993,18.686544399804347],[-108.44837200036744,18.698808700061591],[-108.43553900032452,18.711288500364162],[-108.42293500005013,18.723976099817264],[-108.41056799991316,18.736871699869198],[-108.39843000044408,18.749969499892643],[-108.38654299995937,18.763261799892291],[-108.37489299961214,18.776750599960337],[-108.36349500009408,18.790426299833996],[-108.35234799956044,18.804287000145052],[-108.34146100022491,18.818332699994244],[-108.33082599991985,18.832551999575287],[-108.32045700019029,18.846946700230149],[-108.31035600022915,18.861509299814486],[-108.30052199999022,18.87623599959187],[-108.29095500037289,18.891120900009639],[-108.2816619999013,18.906164199818079],[-108.27265900021257,18.921356199828892],[-108.26392400029226,18.936693200231161],[-108.2554699998405,18.952173200033315],[-108.24729899984885,18.967788699788798],[-108.23942600010975,18.983535800037259],[-108.23184200020802,18.999410600419026],[-108.22454099986714,19.015411400315998],[-108.2175520004244,19.031526600272514],[-108.21085400001198,19.047754300021097],[-108.20444500033642,19.064090699925998],[-108.19834100033682,19.080528299641458],[-108.19254300005929,19.097066900417246],[-108.18705000035715,19.113695099749179],[-108.18186999980054,19.130415000252185],[-108.17699399977317,19.147214899947812],[-108.17242400036724,19.16409300019194],[-108.16816700010685,19.181043600182136],[-108.16423000021422,19.198062900282764],[-108.16059099967481,19.215145099866618],[-108.157279999872,19.232278800026734],[-108.1542890004369,19.249471699859214],[-108.15160399982466,19.266706500005114],[-108.14924599990286,19.283985099832648],[-108.14720900039498,19.301298099627729],[-108.14548500003264,19.318645500289733],[-108.144081000038,19.336015699664927],[-108.14300499988076,19.353406900008565],[-108.14225000013732,19.370811500250682],[-108.14181499986228,19.388227500299024],[-108.14170100000104,19.405649200250537],[-108.14191399993103,19.423070900202049],[-108.1424409999521,19.440483099715436],[-108.14329499976435,19.457885699865301],[-108.14446999999041,19.475273099673927],[-108.1459730000538,19.492633800409692],[-108.14778900016211,19.509971599909534],[-108.14992499973886,19.527275100165866],[-108.15239000009831,19.54454039991964],[-108.15516699955731,19.561765699627472],[-108.15827199975291,19.578939399833587],[-108.16168999999343,19.596059799919942],[-108.16542100027885,19.613121000334047],[-108.16947200003267,19.630117400098072],[-108.17384300015425,19.647049000111394],[-108.17851999999789,19.663902299751499],[-108.18351700020929,19.680677399742365],[-108.18882000014281,19.697366699913402],[-108.19443500007509,19.713964500361556],[-108.20035599972948,19.730470700362673],[-108.20658900028207,19.746875800378007],[-108.21312699961123,19.763175999872658],[-108.21995499972337,19.779365500017946],[-108.22708899955757,19.795438799661042],[-108.2345279999671,19.81139369995941],[-108.24226399968376,19.827222800392065],[-108.25029000018327,19.842924099967377],[-108.25859800019748,19.858490000313395],[-108.26720399956486,19.873916600171128],[-108.27609999971514,19.889198300361386],[-108.28527800027939,19.904333099892767],[-108.29473900040443,19.919313400393264],[-108.30447399967522,19.934137299796703],[-108.31448399993656,19.948795300362974],[-108.3247680002429,19.963289299661596],[-108.33532699974114,19.977611499671127],[-108.3461460004375,19.991756400137888],[-108.3572309999106,20.005720099802886],[-108.36856800021292,20.019502599565442],[-108.38017300028366,20.033094399886807],[-108.39202099986915,20.046491600407194],[-108.40411399996106,20.059694300052058],[-108.41646600030555,20.072694799725355],[-108.4290539998421,20.085489299791504],[-108.44187900041544,20.098075899982916],[-108.45494100022688,20.110448799672497],[-108.46822400033727,20.122606300040843],[-108.48174299963961,20.134540600368553],[-108.49547599981742,20.146251699756306],[-108.5094379997638,20.15773580036705],[-108.52360500017051,20.168987300323806],[-108.53797900023056,20.180004099709549],[-108.55256700026678,20.190780600244636],[-108.56734500007161,20.201318700397849],[-108.58232100001402,20.211610799998539],[-108.59749600014021,20.221654899853888],[-108.6128460002426,20.231447200328148],[-108.62838700015982,20.240983999811874],[-108.6440959997305,20.250265099554838],[-108.6599810002229,20.259288799838373],[-108.6760330003226,20.268043500307442],[-108.69224499970687,20.276536900058034],[-108.70862599969001,20.284761399818876],[-108.72515100001851,20.292715100221812],[-108.74182099983915,20.300396000275327],[-108.75863600005124,20.307798400076251],[-108.7755809999631,20.314924199892062],[-108.79266399994356,20.321771600179318],[-108.80987500043085,20.328336699679085],[-108.82720900029506,20.334615699654933],[-108.84464999969765,20.340610500374453],[-108.86220599990685,20.346315400135722],[-108.87986799960839,20.351732300105709],[-108.89762900027802,20.356853500288935],[-108.91548199979434,20.361686699781501],[-108.93341800044027,20.3662243002114],[-108.95143899961005,20.370464299687796],[-108.96955100027833,20.374406799834105],[-108.98771699983956,20.378051799750892],[-109.00595099983866,20.381395300153144],[-109.02426099974525,20.384439499883172],[-109.04260999965169,20.387182200098607],[-109.06101200020356,20.389621700181465],[-109.07945299985596,20.391758000131745],[-109.0979389997849,20.393592799668113],[-109.11645500019802,20.39511870006811],[-109.13499499991923,20.396343199878913],[-109.15355699975566,20.397258799654026],[-109.17213400028379,20.397870999647068],[-109.19071199995875,20.398176199871841]]]},"properties":{"objectid":17582,"radii":50,"stormid":"EP182026","basin":"ep","stormnum":18,"advnum":26,"synoptime":"2026100112","timezone":"UTC","ne":60,"se":60,"sw":40,"nw":40,"idp_source":"EP182026_radii","idp_filedate":1791040084000,"idp_ingestdate":1791040150000,"st_area(shape)":2.3958129114005318,"st_perimeter(shape)":6.0204421994103416,"binnumber":"EP3"}},{"type":"Feature","id":17583,"geometry":{"type":"Polygon","coordinates":[[[-109.19537400001002,19.899087900286531],[-109.20154600044748,19.566362399904961],[-109.20462799958244,19.566312799596176],[-109.20770999961667,19.566209800242234],[-109.21078500022747,19.566057199680188],[-109.21385999993896,19.56585499970862],[-109.21693399960429,19.565601300060109],[-109.21999400042267,19.565298099927531],[-109.22305300029564,19.564943300293237],[-109.22610499984575,19.564539000174875],[-109.22914899992628,19.564083099655477],[-109.23218499963792,19.563579599818809],[-109.23520699960324,19.563026399848638],[-109.23822000005288,19.562419899758709],[-109.24122600017967,19.561765699627472],[-109.24420900014513,19.561063800354248],[-109.24718499978781,19.560312299872862],[-109.2501529999609,19.559511199982012],[-109.25309799997262,19.558660499782377],[-109.25602700014582,19.557762100440698],[-109.25894199967343,19.556816099983166],[-109.26184100026188,19.55582240038359],[-109.26471699978958,19.554780999843388],[-109.26757000005534,19.553691900161198],[-109.27040100020588,19.552555100437701],[-109.27321599961857,19.551374400308475],[-109.27600899981542,19.550144199695183],[-109.27877799980473,19.548870099575595],[-109.28152499967888,19.547552099949598],[-109.28424099992213,19.54618840037449],[-109.2869420003729,19.544778800301515],[-109.28960399992457,19.543325399647642],[-109.29224400026033,19.541828200211398],[-109.29485300006581,19.540288899912923],[-109.29744700007888,19.538703899665393],[-109.29999499976935,19.537082699906819],[-109.30252100024387,19.535413700282163],[-109.30501600018817,19.533706699804497],[-109.30747200013258,19.531957600263183],[-109.30989799959292,19.530168499776607],[-109.31228599999878,19.528339400143352],[-109.31465100024337,19.526472100007538],[-109.31697100021137,19.524564700001065],[-109.31925999964915,19.52261920021607],[-109.3215099999864,19.520637500020769],[-109.32372999983954,19.518619499590386],[-109.32589699994651,19.516565299649017],[-109.32804099989215,19.514474900196603],[-109.33013900041442,19.512350099877324],[-109.33219900008368,19.510189100047057],[-109.33422099979919,19.50799749988488],[-109.33619700009137,19.505771599579816],[-109.33813500042982,19.503513300298721],[-109.34002700044562,19.501224499611112],[-109.34188099960835,19.498905200214949],[-109.34368900024708,19.496553400219398],[-109.3454509996638,19.49417299998413],[-109.34717600007224,19.491764100233183],[-109.34884599974299,19.489326500417803],[-109.35047900040547,19.486864099998343],[-109.3520580003763,19.484373100238543],[-109.3536000004396,19.481859200142139],[-109.35509500013404,19.479316699805963],[-109.35653700008237,19.476753200300095],[-109.35792500023848,19.474165000014864],[-109.35927599958762,19.471551900200154],[-109.36057300004381,19.468919800408628],[-109.36182400017736,19.466266599823882],[-109.36302899998827,19.463592499894105],[-109.36417399973021,19.460899399987454],[-109.36527300004883,19.458188999822596],[-109.36632499999865,19.455457700312763],[-109.36733199967193,19.452713000005076],[-109.36827099980673,19.449949299720572],[-109.36917900031051,19.447172200436853],[-109.37002599979996,19.444381700355336],[-109.37081100002752,19.441574099665104],[-109.37155900034747,19.438756899611349],[-109.37224599965305,19.435924500115732],[-109.37288700043462,19.433086399817626],[-109.3734660001557,19.430234899621041],[-109.37400099964634,19.427373899885708],[-109.37447399987508,19.424505200155011],[-109.37490800010403,19.421630900345917],[-109.37527499994121,19.418748899642139],[-109.37559500030892,19.415859199842316],[-109.37586200003119,19.41296769959979],[-109.37607600000729,19.410070399629376],[-109.37622799982222,19.407169300023327],[-109.37633500025999,19.404268300241995],[-109.37638099968331,19.401365300368468],[-109.37638099968331,19.398462299595565],[-109.37632799993713,19.395559299722038],[-109.37621300002985,19.392656299848511],[-109.37604500037639,19.389757200334657],[-109.37583200044639,19.386859900364243],[-109.3755649998248,19.383970300389194],[-109.37523699998746,19.381080599690051],[-109.37485500035791,19.378198599885593],[-109.37442799955244,19.375324200251782],[-109.37394000043059,19.37245749971396],[-109.37340500004063,19.369596499978627],[-109.3728099995817,19.366748800316998],[-109.37216899969945,19.363908799751471],[-109.37147500007109,19.361080199891433],[-109.37072799979728,19.358264900105212],[-109.36992599968505,19.355461099949935],[-109.3690719998728,19.352670699693192],[-109.36817199973791,19.349893600409473],[-109.36722600017964,19.34713359993583],[-109.36621899960704,19.344389000352237],[-109.36515800014149,19.341659500385788],[-109.3640520003994,19.338949200045704],[-109.36290000033466,19.336259799949971],[-109.36169399957834,19.333587600287672],[-109.36044300034411,19.330936399795178],[-109.35913800041828,19.328306200271072],[-109.35777999984703,19.325696900091998],[-109.35638400022134,19.323110600074301],[-109.35494200027301,19.320547099669056],[-109.35344699967919,19.31801030013537],[-109.35190599966205,19.315496400038967],[-109.35031900022159,19.31300929973952],[-109.34868599955911,19.310548799587593],[-109.34700800041878,19.308115000307168],[-109.34528400005644,19.305707900099662],[-109.34351300022468,19.303331400224067],[-109.34170499958594,19.300985300131629],[-109.33985100042321,19.298667900103624],[-109.33795200008461,19.296379100315391],[-109.33602100006902,19.294122700402454],[-109.33403800035336,19.291902500000504],[-109.33201599973847,19.289710999663043],[-109.32995600006927,19.287553800367732],[-109.32785800044627,19.285432799684088],[-109.3257219999702,19.283348100134845],[-109.32354000007086,19.281293900193475],[-109.3213269996412,19.27927780003057],[-109.31907700020332,19.277299900370224],[-109.31678799986622,19.275358200220921],[-109.31446799989817,19.273454699674801],[-109.31211100002253,19.271591200073942],[-109.30971500014704,19.269765900076379],[-109.30729700015632,19.267976799589746],[-109.30483199979687,19.266231499684125],[-109.3023529996911,19.2645264003732],[-109.29982800016199,19.262861300208954],[-109.29727200010262,19.261239999726342],[-109.29469299988193,19.259662599649403],[-109.29208400007644,19.258123400075021],[-109.28944399974068,19.256629900449695],[-109.28678100014292,19.255180400155496],[-109.28409600043,19.253772700349998],[-109.28137199981785,19.25240899987557],[-109.2786330003126,19.251092899617788],[-109.27587099974676,19.249820699765621],[-109.27307899959607,19.24859429968734],[-109.27027099960685,19.247415499825593],[-109.26744100040173,19.246280700194291],[-109.26459499955951,19.245195400147736],[-109.26171900003175,19.244155899875011],[-109.25882699976614,19.24316409964365],[-109.25591999970811,19.242218000260664],[-109.25299100043424,19.241323500379394],[-109.25005299984599,19.24047470044718],[-109.24709300004184,19.239675499924545],[-109.24412499986875,19.238925899710637],[-109.24113499958048,19.238224000437413],[-109.23814400014538,19.237569800306176],[-109.23512999964964,19.236967099851938],[-109.23211700009938,19.236411999614234],[-109.22908799981127,19.235910400045043],[-109.22605100005353,19.235456499617896],[-109.22299999965014,19.235052099674817],[-109.21994800010003,19.234697300040523],[-109.21689599965055,19.234396000175423],[-109.21382900030801,19.234142299627592],[-109.21076200006615,19.233940099656024],[-109.20768700035467,19.233789400260775],[-109.20461299979002,19.233686400007514],[-109.20154600044748,19.233636900422766],[-109.19540399959482,18.900911300216478],[-109.18619500029894,18.901061999611727],[-109.17699399957331,18.901365299569079],[-109.16780100011596,18.901821100263703],[-109.15861500008208,18.902425799910873],[-109.14944499988673,18.903183000295371],[-109.14028200001417,18.904090900075118],[-109.13114200030299,18.905149500149435],[-109.12202499985375,18.906358699794282],[-109.11293000041911,18.907716800190315],[-109.10386699976215,18.909223599889344],[-109.09481799975077,18.910881000058225],[-109.0858079997393,18.912687300078971],[-109.07684300000437,18.914640400034557],[-109.06790199957754,18.91674230001729],[-109.05901299975005,18.91899109975958],[-109.05015599959961,18.921384800068608],[-109.04134399972571,18.923923499869773],[-109.03258499959793,18.926607100237618],[-109.02387199979285,18.929435700097599],[-109.01522100014893,18.932407400081615],[-109.00661499988223,18.935520200097301],[-108.9980770000534,18.938774100144769],[-108.98959400006294,18.942167299781204],[-108.98117100014144,18.945699700081207],[-108.97282400012739,18.949373200412992],[-108.96453900027456,18.953180300430688],[-108.95632900028306,18.95712279967762],[-108.94818899992231,18.961202600219963],[-108.94013199979184,18.965416000448215],[-108.9321440001454,18.969759000177874],[-108.92423999987602,18.974233600400453],[-108.91641999988298,18.978837999773987],[-108.90868400016637,18.983570100180145],[-108.90103900014964,18.988428100276735],[-108.89348599987892,18.99341200006387],[-108.88602400020733,18.998521800440869],[-108.87866199975139,19.003749799613729],[-108.87138399957183,19.009101899832956],[-108.86421199978389,19.014568300286953],[-108.8571400001108,19.0201550003531],[-108.85017399993006,19.025857900022231],[-108.84332299965661,19.031671499939932],[-108.83656299998239,19.037599599741895],[-108.82992599968503,19.043638200142937],[-108.82339499977934,19.049785599625864],[-108.81697799973477,19.056036000261315],[-108.8106769996437,19.062393199886401],[-108.80449699973667,19.068855300032226],[-108.79843099969077,19.075414699628823],[-108.79248799992115,19.082075100285806],[-108.78667399980515,19.088832900218335],[-108.78098299996537,19.095684100141227],[-108.77541400035574,19.102626799787117],[-108.76997400039971,19.109663000147464],[-108.76467099956687,19.11678700041989],[-108.75949900027854,19.123994800419837],[-108.75445599974449,19.131288500064386],[-108.74955000013233,19.138662299625594],[-108.7447809996433,19.146118200094975],[-108.7401500001223,19.153650300121399],[-108.73565699977064,19.161258700428846],[-108.73130000029465,19.168937700214826],[-108.72709699982659,19.176691100014409],[-108.72303000023425,19.18450740019648],[-108.71910900018014,19.192390400396789],[-108.71533199957202,19.20034030026477],[-108.7117079997243,19.208347299888146],[-108.70822099989914,19.216417299718728],[-108.70489500030391,19.224538800125686],[-108.70171400020087,19.232717500112699],[-108.69869200023555,19.240945800408497],[-108.69580800033884,19.249221799846339],[-108.69309200009565,19.25754359995733],[-108.69052100024385,19.265909199749899],[-108.68810300025314,19.274316799680719],[-108.68584400040021,19.282764399657481],[-108.68373899955509,19.291244500233631],[-108.68179299974702,19.299762699688984],[-108.68000800016898,19.30830569974836],[-108.67837500040582,19.316879300139703],[-108.67691000029617,19.325479499779249],[-108.67559099972476,19.33410259975534],[-108.67444599998282,19.342744800432342],[-108.67344699977912,19.351404199744138],[-108.67261500008209,19.360080699664707],[-108.67194399971572,19.368768700115538],[-108.6714320003864,19.377466200105175],[-108.6710820004339,19.386169399997925],[-108.67089099971975,19.394878399618563],[-108.67086000008885,19.40358919968196],[-108.67098999978856,19.412300099570075],[-108.67128800004105,19.421007199822554],[-108.67174500043132,19.429706600079669],[-108.67235599982945,19.438398400166193],[-108.673141000057,19.44707869972234],[-108.67407199982284,19.455743799836625],[-108.67517100014146,19.464393599784955],[-108.67642999974458,19.473024399756412],[-108.67784900043091,19.481630300198333],[-108.6794280004018,19.490213400128425],[-108.68116000023372,19.498767899818858],[-108.68305200024952,19.507295599712279],[-108.68510400044914,19.515787100094713],[-108.68731699997949,19.524246199702475],[-108.68968200022402,19.532667200431092],[-108.69220000032965,19.541046100297422],[-108.69487799971984,19.549385099942526],[-108.69771600019317,19.557678199989084],[-108.70069900015864,19.565921799551575],[-108.70383499998519,19.574117699972021],[-108.70711500015705,19.582256300088318],[-108.71056400002846,19.590341600084912],[-108.71414899987633,19.598373400312312],[-108.71788000016176,19.606338499622211],[-108.72177099973175,19.614242599716363],[-108.72580000026971,19.622083699603195],[-108.72997999967714,19.629854200011437],[-108.7342990000987,19.637559899769713],[-108.73875399959729,19.645189300146228],[-108.74336199985629,19.652742400241721],[-108.74810800018395,19.660222999691825],[-108.75298300016522,19.667621599857114],[-108.75800299963862,19.674940100105687],[-108.76316100008,19.682174699902646],[-108.768448000175,19.689319600419367],[-108.7738649999697,19.696380599585154],[-108.77941899978691,19.703352000194798],[-108.78509499983426,19.710229900089985],[-108.79089400015789,19.717012399902501],[-108.79682899955861,19.723697700088906],[-108.80288700013483,19.730283699833024],[-108.80905899967303,19.736770599683553],[-108.81535300034062,19.743156400447674],[-108.82177000038513,19.749435400423522],[-108.82830000024472,19.755609499878631],[-108.83494600005776,19.761674900076741],[-108.8416980002624,19.767627699758691],[-108.84856400032828,19.773469899916108],[-108.8555369999325,19.779199600281459],[-108.86261699997448,19.784811000227592],[-108.86980399955485,19.790306099846759],[-108.87709000010335,19.795680999678552],[-108.88446800039782,19.800937699815108],[-108.89195300023067,19.806068400436459],[-108.89952899976345,19.811079000195832],[-108.90719599989541,19.81596179999724],[-108.91494800034985,19.82071879993282],[-108.92279799992764,19.82534790008566],[-108.93072500035839,19.829845399745523],[-108.93873600016616,19.834213299903979],[-108.94683100025037,19.838447600376583],[-108.95500200024202,19.842548400088731],[-108.96324199981837,19.846511799580014],[-108.97156499962495,19.850343700201734],[-108.97994999959269,19.854034400067633],[-108.98840299999836,19.857587800436761],[-108.99693300035756,19.861000099874843],[-109.00550800009404,19.86427499999138],[-109.01415300036058,19.867404899716462],[-109.02285799979677,19.870391800041659],[-109.0316089995556,19.873237600335131],[-109.04042100032882,19.875934599702134],[-109.04927100015641,19.878488499844536],[-109.05817399973023,19.880901299955156],[-109.06711600020316,19.883159600135571],[-109.07610300005331,19.885272999749304],[-109.0851289999033,19.887239499603368],[-109.09419299970705,19.889055300062182],[-109.10328699999496,19.890724199862063],[-109.11240400044414,19.892240499999218],[-109.12155199962501,19.893606199666522],[-109.13073000018926,19.894823100206054],[-109.13992299964661,19.89588740018354],[-109.14913199984181,19.8968009998664],[-109.15836300015224,19.897563900154012],[-109.16760299997839,19.898172400336136],[-109.17684900008118,19.898630100398975],[-109.18611100002255,19.898935299724428],[-109.19537400001002,19.899087900286531]]]},"properties":{"objectid":17583,"radii":64,"stormid":"EP182026","basin":"ep","stormnum":18,"advnum":26,"synoptime":"2026100112","timezone":"UTC","ne":30,"se":30,"sw":10,"nw":10,"idp_source":"EP182026_radii","idp_filedate":1791040084000,"idp_ingestdate":1791040150000,"st_area(shape)":0.45990180294737815,"st_perimeter(shape)":2.8072667891412637,"binnumber":"EP3"}},{"type":"Feature","id":17584,"geometry":{"type":"Polygon","coordinates":[[[-109.37971499964743,21.562713599952815],[-109.42030299988346,21.562713599952815],[-109.46087600032706,21.562046099747818],[-109.50142699975612,21.560710899688388],[-109.54195399987708,21.55870630005586],[-109.58242800025192,21.55603410039356],[-109.62284099961232,21.552699999705339],[-109.66318500028746,21.548698399711498],[-109.70345300015572,21.544035000315148],[-109.74362199995522,21.538707699800625],[-109.78367599984745,21.532722500243324],[-109.8236080004088,21.526077299927579],[-109.86341100041722,21.518775900287721],[-109.90306900003424,21.510820400341345],[-109.94255799995165,21.502214400074649],[-109.9818800002617,21.492958100036446],[-110.0210190002266,21.483056999580981],[-110.05995199968493,21.47251509979219],[-110.0986859998589,21.461330399678332],[-110.13719899973393,21.449512500401738],[-110.17547600041701,21.437061300338883],[-110.21349299990192,21.423980699849551],[-110.25126599982593,21.410280200271188],[-110.28877300007377,21.395957900436883],[-110.32598900039198,21.381019600074637],[-110.36292300029612,21.365472800429529],[-110.39953599978645,21.349319499795229],[-110.43584399960082,21.332567200316191],[-110.47182499962395,21.315219900378224],[-110.50746199997121,21.297281299792303],[-110.54275499974335,21.27875899962828],[-110.57767500030093,21.259660699881522],[-110.61223599959163,21.239992099555877],[-110.64640799982925,21.219755199642861],[-110.68019100011446,21.198959399856562],[-110.713562000286,21.177610400100036],[-110.74652899981339,21.155717799736806],[-110.77906800028791,21.133283599758443],[-110.81116500016452,21.110317199879034],[-110.84282699976615,21.08682820036131],[-110.87403099983067,21.062820399941643],[-110.90477800040429,21.038303399782194],[-110.93504300033408,21.013284700228894],[-110.96482799971233,20.987772000377674],[-110.99412499996868,20.961772900399183],[-111.02291900041143,20.935296999656941],[-111.05120800004909,20.90834999985276],[-111.07897199975787,20.88094139962601],[-111.10621599976849,20.853080700314194],[-111.13292700038068,20.824775699938755],[-111.15908799991115,20.796037700279783],[-111.18470000020477,20.766872400341128],[-111.2097630003621,20.737289400385635],[-111.23425300017573,20.707300200044358],[-111.25817900006069,20.676910400294901],[-111.28151699980958,20.646135300403955],[-111.30427599983744,20.614975000196239],[-111.32643099989065,20.583450300091442],[-111.34799200043039,20.551565200273899],[-111.36895000014232,20.519329099558433],[-111.38929000013331,20.486755399642107],[-111.40901200040338,20.453849800428088],[-111.42810799968436,20.42062570001616],[-111.44658700018982,20.387090700375666],[-111.46441700044414,20.353261900316568],[-111.48162099970926,20.319141399755949],[-111.49816900019908,20.284742399842003],[-111.51407599990739,20.250078199749282],[-111.52931999961817,20.215156600197076],[-111.54391499997718,20.179990799635846],[-111.55784600029256,20.144588499859537],[-111.57110600024163,20.108964900310013],[-111.58370200014707,20.073127700083433],[-111.59561900021657,20.037088399710001],[-111.60686499991971,20.000860200338138],[-111.61743199978685,19.964450800164457],[-111.62731200034847,19.92787359998681],[-111.63651300017472,19.891139999611426],[-111.64502699979613,19.854261399743962],[-111.65284699978912,19.817247399747828],[-111.65998099962331,19.780109400328683],[-111.66641200031347,19.742860799586367],[-111.67216500031441,19.705511099757587],[-111.67721600031808,19.668075600108978],[-111.68156400027829,19.630557999552195],[-111.68522600007975,19.592979399779608],[-111.68818699993,19.555341700159488],[-111.69044499973683,19.517665899861527],[-111.69200899991534,19.479953800227861],[-111.69287100009649,19.442226400428183],[-111.69303899974994,19.404487599922959],[-111.51619699969166,19.370328899759045],[-111.51509900031851,19.335508300367906],[-111.51335900011765,19.300710700238767],[-111.51097900008068,19.26594730042774],[-111.50795700011537,19.231225999680305],[-111.5042950003139,19.196561799587528],[-111.50000000009982,19.16196059970207],[-111.49506400000348,19.127439499733271],[-111.48948700002495,19.0930041995843],[-111.48328399995654,19.058660499882308],[-111.4764559998444,19.02443120023986],[-111.46898699985007,18.990312599946662],[-111.46090699955829,18.956327399689883],[-111.4522020001221,18.922479599653968],[-111.44287099969677,18.888776800009452],[-111.43292999991945,18.855236099566469],[-111.42237100042121,18.821861299759291],[-111.4112090000952,18.788665799587136],[-111.39943700041715,18.755659100387334],[-111.38707000028018,18.722852699992245],[-111.37410000021475,18.690254200371214],[-111.3605420000132,18.65787319998833],[-111.34639000029819,18.625719100356321],[-111.33165699987057,18.593805299575081],[-111.3163380002984,18.562135699802866],[-111.30044600038252,18.530725499582275],[-111.28399699996146,18.499578500347639],[-111.26696799977327,18.468709899742237],[-111.24938199997922,18.438123699749099],[-111.23124700004894,18.407833099717891],[-111.21257000030516,18.377843900275934],[-111.19334400042516,18.348167399605927],[-111.17358400020134,18.318811400226082],[-111.15328999963367,18.289783499608973],[-111.1324770003132,18.261096999626943],[-111.1111450004413,18.232755699915742],[-111.08930999985654,18.204769100014119],[-111.0669629999424,18.177146900009575],[-111.04412099968431,18.149896600248042],[-111.02079799972779,18.123025899825564],[-110.99697900028053,18.096540500443894],[-110.97269400002796,18.070455599746253],[-110.94794499996169,18.044769300163239],[-110.92272199962048,18.019498800329529],[-110.8970569995808,17.994642299802422],[-110.87094100032681,17.970214800173039],[-110.8443980002674,17.946222299919327],[-110.81741299961016,17.922666499659385],[-110.79002400010745,17.899560900015672],[-110.76220699975312,17.876907299632308],[-110.73399400002296,17.854717299763706],[-110.70539100029436,17.832994500396012],[-110.67638399992154,17.811742800090315],[-110.64701099975775,17.790975599644355],[-110.61727099975673,17.770692800132736],[-110.58716600001077,17.750900300208855],[-110.55670900022011,17.731611300121529],[-110.52590899990031,17.712822000235235],[-110.49478099974323,17.694545699724415],[-110.46332599979496,17.676780699769608],[-110.43155699975563,17.659538300352438],[-110.39948300004033,17.642822300209104],[-110.3671110000725,17.6266345996072],[-110.3344569996907,17.610981000073252],[-110.30152900016316,17.595871000246632],[-110.26833299996787,17.581302600035087],[-110.23488599988889,17.567285500425669],[-110.20117999955721,17.553819699619567],[-110.16724400031029,17.540908800301054],[-110.13308699986504,17.528558700223982],[-110.09870099965133,17.516771299655886],[-110.0641170001993,17.505554199666733],[-110.02934300007928,17.494909299624624],[-109.99437700009838,17.484836600428878],[-109.95923600014117,17.475341800184083],[-109.92392699963125,17.466424899789445],[-109.88846600020565,17.45809169987217],[-109.85286699981208,17.450344099800532],[-109.81713100029532,17.44318199974964],[-109.78126500017953,17.436611200346761],[-109.74529999999493,17.430629699701001],[-109.70922099994908,17.425243400062982],[-109.67305799962691,17.420450199717095],[-109.6368180002504,17.416253999922276],[-109.60050200006714,17.412654899604092],[-109.56413300013776,17.409652700012259],[-109.52770200004716,17.407251400431903],[-109.49124100037176,17.405448900046849],[-109.45475799968182,17.404245400305115],[-109.41825900005273,17.403644600118355],[-109.38024899999124,17.237281800015182],[-109.34073599986641,17.237932199611464],[-109.301246999949,17.23923299970329],[-109.26178699957029,17.241184200290775],[-109.22236600009074,17.243784000031724],[-109.18299900040347,17.247032200176022],[-109.14369199988579,17.250928899649125],[-109.10446200022102,17.255470299714716],[-109.06532300025617,17.260658299740896],[-109.02628300036008,17.266487099999779],[-108.98734299967958,17.272960699776604],[-108.94853199955202,17.280075099786188],[-108.90985100002354,17.287824600125361],[-108.87131499998713,17.296213200079251],[-108.83293199981182,17.305233000003113],[-108.79471600014318,17.314882300178169],[-108.75667599959763,17.325159099612904],[-108.71883400008892,17.336061499838479],[-108.68118300039504,17.347585700319939],[-108.64374499973184,17.35972789962301],[-108.60653699978263,17.372484200085921],[-108.5695569995558,17.385848999831637],[-108.53282199983533,17.399822199934704],[-108.49633799999862,17.414400099684997],[-108.46012099988417,17.429574999986414],[-108.42418700022978,17.445341100211749],[-108.38853500009009,17.461698500185776],[-108.35318799962636,17.478641500005381],[-108.31813800026839,17.496162399675143],[-108.28341699989454,17.514257399559483],[-108.2490159998884,17.532920799755232],[-108.21495800041129,17.55214879972749],[-108.18125200007967,17.5719337003801],[-108.14790300002335,17.59226989983614],[-108.11492900017311,17.613153500433839],[-108.08232899958358,17.634574900111716],[-108.05012500016852,17.656532300225592],[-108.01830300038307,17.679014200245263],[-107.98690000013482,17.702016799635715],[-107.9559170003692,17.725532500024997],[-107.92536199965645,17.749557499978778],[-107.89524100007202,17.774076500230422],[-107.86556200018606,17.799091300323369],[-107.8363419998833,17.824590700100885],[-107.80757899997076,17.850566899742773],[-107.77929699975664,17.877010299885569],[-107.75149500009411,17.903917299643808],[-107.72417400012989,17.931278199829194],[-107.69735700002542,17.959083599828432],[-107.67103600031106,17.987325699821326],[-107.64523300020272,18.015996899637344],[-107.61995700011539,18.04508969982993],[-107.59520700000297,18.074592599868708],[-107.57099200028051,18.104499800025906],[-107.54731800032533,18.134798000227647],[-107.52419999992998,18.165483499763866],[-107.50164000008584,18.196544600253219],[-107.47964500021646,18.227972000007924],[-107.45822099969928,18.259757999931878],[-107.43738600026359,18.291889200126604],[-107.41712999964966,18.32435989978967],[-107.39746100002503,18.357160600281645],[-107.37839500032891,18.3902778999053],[-107.35993199966197,18.423704099564702],[-107.34207900014565,18.457428000002324],[-107.32484400035025,18.491441699774782],[-107.30822800032183,18.525733899799775],[-107.2922360002911,18.560295099639291],[-107.27688600018865,18.595113799662272],[-107.26216100012994,18.630178500237719],[-107.24808500032242,18.665481600295777],[-107.2346500003971,18.701007799670379],[-107.22187000010035,18.736753500174018],[-107.20974000010085,18.772701299925188],[-107.19828000042156,18.808847400187517],[-107.18747699956378,18.845172899909528],[-107.17733000017927,18.881671900437993],[-107.16786199973143,18.918331099900456],[-107.15907300001885,18.955141100381638],[-107.15095499977332,18.992090199902918],[-107.1435170003092,19.029169100373849],[-107.13675699973567,19.066362400004891],[-107.13068400026629,19.103662500424207],[-107.12529800010253,19.141056099759339],[-107.12059800009752,19.178533600445462],[-107.11660000008982,19.216079699618604],[-107.11328099991812,19.253688799898327],[-107.11066399974368,19.291347499587573],[-107.10873399977419,19.329040500318968],[-107.10750599980196,19.366760299947998],[-107.10697200035742,19.404497100361027],[-107.10714700033373,19.442233999699454],[-107.10800899961555,19.479965200034087],[-107.10957299979401,19.517673500032117],[-107.11183199964699,19.555353199790488],[-107.11478399998151,19.592989000042451],[-107.11844599978298,19.630569500082515],[-107.12280300015823,19.668083200279625],[-107.12785300011575,19.70552249956387],[-107.13359799974779,19.742870300024492],[-107.14003799995362,19.780118899867489],[-107.14717099974177,19.817256900185953],[-107.15499099973476,19.854268999914552],[-107.1635060003016,19.891149500049551],[-107.17269899975895,19.927883100424879],[-107.18258699979009,19.964460400427299],[-107.19315299961113,20.000869799701661],[-107.20439900021358,20.037099800415604],[-107.21631600028309,20.073137300346275],[-107.22891200018859,20.108976399941071],[-107.24217999960717,20.144599899665764],[-107.25610399959982,20.180000300073914],[-107.27069099958987,20.215166099735882],[-107.2859419996235,20.25008770018735],[-107.30184900023107,20.284751900280128],[-107.31840500019052,20.31914899992654],[-107.33559399966327,20.353269600311933],[-107.35343200028649,20.387102100181892],[-107.37190200037691,20.420635199554965],[-107.39100600002678,20.453857399699359],[-107.41073599976647,20.486764900080232],[-107.43107599975747,20.519338599996559],[-107.45202599999982,20.551574699812704],[-107.47359500000914,20.583459900354285],[-107.49575000006234,20.614986400002522],[-107.51850900009021,20.646141100131786],[-107.54184699983909,20.676917999566172],[-107.56576500025449,20.707305899947471],[-107.59025600011421,20.737295200113522],[-107.61531800022544,20.766879999612456],[-107.64092999961969,20.796045299551054],[-107.66709900041843,20.824785200376823],[-107.6938019997624,20.853088400309559],[-107.72104599977297,20.880948999796658],[-107.7488169998046,20.908357600023351],[-107.77710700038767,20.935302699560054],[-107.80590099993111,20.961780499670454],[-107.83519700014136,20.987779599648945],[-107.86498299956565,21.013292300399485],[-107.89524800039482,21.038310999952841],[-107.92598699970017,21.062828099937008],[-107.95719900013364,21.086835900356675],[-107.98885300026564,21.110324899874342],[-108.02095799961188,21.133287400293455],[-108.0534970000864,21.155721700096535],[-108.08645600014421,21.177616100003149],[-108.11983499978533,21.198963200391518],[-108.15360999970164,21.219760900445351],[-108.18779000030815,21.239995999915607],[-108.22234300012923,21.259666399784635],[-108.25727799957991,21.278764700430713],[-108.29255699960572,21.297286999695416],[-108.32820100027584,21.315221799746382],[-108.36418200029897,21.332570999951827],[-108.40048199974439,21.349325199698342],[-108.43710299960367,21.365476600065165],[-108.47403000008433,21.381023399710273],[-108.51125299982596,21.395961799897293],[-108.5487519997049,21.410283999906824],[-108.58652499962892,21.423984500384506],[-108.62455699980558,21.437065099974518],[-108.66283399958934,21.449516300037374],[-108.70134000004089,21.461334200213287],[-108.74006699989201,21.472517000059668],[-108.77900699967319,21.483058899848515],[-108.81814599963809,21.492961899672082],[-108.85746799994814,21.502218199710285],[-108.89695699986555,21.510822299709503],[-108.93661500038189,21.518777799655879],[-108.97641000002136,21.526079200195056],[-109.01635000005234,21.532724399611482],[-109.05640399994456,21.538709600068103],[-109.09656500027444,21.544035000315148],[-109.13683300014276,21.548700299978975],[-109.17717699991852,21.552701999797591],[-109.21759799964786,21.556037900029196],[-109.2580800003916,21.55870630005586],[-109.29859199982081,21.560710899688388],[-109.33914200010315,21.562046099747818],[-109.37971499964743,21.562713599952815]]]},"properties":{"objectid":17584,"radii":34,"stormid":"EP182026","basin":"ep","stormnum":18,"advnum":26,"synoptime":"2026100118","timezone":"UTC","ne":130,"se":130,"sw":120,"nw":130,"idp_source":"EP182026_radii","idp_filedate":1791040084000,"idp_ingestdate":1791040150000,"st_area(shape)":15.008680727522755,"st_perimeter(shape)":14.011772584661253,"binnumber":"EP3"}},{"type":"Feature","id":17585,"geometry":{"type":"Polygon","coordinates":[[[-109.39070900031999,20.398176199871841],[-109.40930199978737,20.398176199871841],[-109.42788699978513,20.397870999647068],[-109.44646500035941,20.397258799654026],[-109.46502700019579,20.396339400243278],[-109.4835659998709,20.39511870006811],[-109.50207499996117,20.393589000032478],[-109.52056099989011,20.391756099864267],[-109.53900899986536,20.389621700181465],[-109.55741100041723,20.38718029983113],[-109.57576000032367,20.384439499883172],[-109.59406299990741,20.381395300153144],[-109.61230500027546,20.378051799750892],[-109.63046999979053,20.374406799834105],[-109.64857500013608,20.370462400319639],[-109.66659500015902,20.366222399943922],[-109.68454000032068,20.361684800413343],[-109.702392999837,20.356853500288935],[-109.72015399960731,20.351730300013458],[-109.73781600020817,20.346313499868245],[-109.75537100037127,20.340608600106975],[-109.77281199977386,20.334615699654933],[-109.7901380001685,20.328334800310927],[-109.80734999980257,20.321771600179318],[-109.82443199973687,20.314924199892062],[-109.84138500001762,20.307796499808774],[-109.85820000022971,20.300392199740372],[-109.87487000005035,20.292713199954335],[-109.891396000425,20.284759499551399],[-109.9077609996703,20.276534999790556],[-109.92398100032278,20.268043500307442],[-109.94003300042255,20.259285000202738],[-109.95591699996947,20.25026320018668],[-109.97163399990905,20.240982100443716],[-109.98717499982627,20.231443399793193],[-110.00252499992871,20.221652999586411],[-110.01769299973205,20.211607000362903],[-110.03267700004341,20.201314899862894],[-110.04745499984824,20.190778699977159],[-110.06203500041482,20.180000300073914],[-110.07641599989836,20.168983499788851],[-110.09058400035121,20.157731999832095],[-110.10453799992865,20.146247900120613],[-110.11827100010646,20.134536700008823],[-110.13179000030817,20.122602500405208],[-110.14508099988814,20.110445000036862],[-110.15814199965348,20.098073999715439],[-110.17096700022677,20.085485500155869],[-110.18355599980947,20.072691000089719],[-110.19589200031544,20.059690500416423],[-110.20800000019977,20.046487799872182],[-110.21984899983136,20.033090600251114],[-110.23144500038637,20.019496899662329],[-110.24279000015827,20.005716300167251],[-110.25386800020794,19.991752599602933],[-110.26468700000493,19.977605799767957],[-110.27524600040249,19.963285400201187],[-110.28552999980957,19.948793400095497],[-110.29554000007084,19.934131599893533],[-110.30528299971058,19.919309599858309],[-110.3147350003199,19.904329300257132],[-110.32391400003098,19.889196400093908],[-110.33280900013517,19.873912799636116],[-110.34141500040187,19.85848619977844],[-110.34973099988565,19.842920300331741],[-110.35775800043126,19.827220900124587],[-110.36548599977897,19.811389900323775],[-110.37291699981961,19.79543500002535],[-110.3800579999766,19.779359800114833],[-110.38689399955831,19.763170200144771],[-110.39342500036338,19.746871900018334],[-110.39965099969379,19.730464899735466],[-110.40557899967098,19.713960600001826],[-110.41119399960331,19.697361000010289],[-110.41649600039,19.680669799571717],[-110.42149399974818,19.663896599848329],[-110.42617000044504,19.647043200383507],[-110.4305419997134,19.630113599563117],[-110.43459300036659,19.613115300430934],[-110.4383239997527,19.596056000284307],[-110.44174199999321,19.578933699930474],[-110.44483899981986,19.561759899899585],[-110.44762399964776,19.544536600284005],[-110.45008900000727,19.527271299630911],[-110.45222499958396,19.509967800273898],[-110.45404099969227,19.492631900142214],[-110.45554399975566,19.475267399770814],[-110.45671799993568,19.457879999962188],[-110.45757299979402,19.440477399812266],[-110.45810700013783,19.423063300031401],[-110.45831299974503,19.405645399715581],[-110.28184499984678,19.39061160034521],[-110.28150200021702,19.376096699902916],[-110.28088399959682,19.361591299898691],[-110.27999900015362,19.347097400424843],[-110.27884700008889,19.332620599761015],[-110.27742800030188,19.318164800065631],[-110.27574199989328,19.303731899807474],[-110.27379600008521,19.289333299692146],[-110.27157600023213,19.274969100443798],[-110.26908899975746,19.26064109980706],[-110.26634199988331,19.246356999575994],[-110.26333599975646,19.232116699925882],[-110.2600629999074,19.217933699680657],[-110.2565309998057,19.203803999555078],[-110.25273900030453,19.189733500001182],[-110.24868799965134,19.175729800290185],[-110.24437699959873,19.161794699965583],[-110.23981499966243,19.147933999654526],[-110.2349930003266,19.134147600431561],[-110.22992699963123,19.120441400050709],[-110.22459400011292,19.106824899849414],[-110.21902499960396,19.093296099735369],[-110.21320300001832,19.079860699611743],[-110.20713800001857,19.066524500105743],[-110.20082100008898,19.053289399686207],[-110.19426700002191,19.040159199787354],[-110.18747699986358,19.027139700137184],[-110.18043499977534,19.014236499914659],[-110.17317200028748,19.001445800383522],[-110.16567199976288,18.988779100275394],[-110.15793600004628,18.976240200125289],[-110.14997099966183,18.963827099840898],[-110.14177700040813,18.951547600141794],[-110.13336199995626,18.939407300206881],[-110.12473300042751,18.927404399593513],[-110.1158829997006,18.915546400446146],[-110.10680400010443,18.90383530015913],[-110.09751900000174,18.892276800434161],[-110.0880280002919,18.880874600182779],[-110.07833100007548,18.869626999686432],[-110.06841999988302,18.858541500190199],[-110.05831099955287,18.847621900430511],[-110.04800399998453,18.836868300232027],[-110.03750599970203,18.82628819994062],[-110.02681000018129,18.815881700280386],[-110.01593000026918,18.805652599987638],[-110.00485200021956,18.795604699597334],[-109.9936069996632,18.785738000008848],[-109.98217000014529,18.776060099594076],[-109.9705660001207,18.766573000243909],[-109.95879400044265,18.757276499610896],[-109.94684599984294,18.748176599770375],[-109.93473799995866,18.739275000441069],[-109.92246200042086,18.730571699824225],[-109.91004199963845,18.72207260017052],[-109.89746100042476,18.71378140039144],[-109.88472699955128,18.705696100394846],[-109.87184099976224,18.697822599733342],[-109.85882600031954,18.690160800380795],[-109.84567299990891,18.6827145001742],[-109.83238200032895,18.675489399915989],[-109.81895399982716,18.668481799795359],[-109.80541200036345,18.661695500347207],[-109.79174799977028,18.655132300215598],[-109.77795400037672,18.64879990029533],[-109.76405299964614,18.6426925997838],[-109.75004600032258,18.636812200023144],[-109.73593899998474,18.631168400201659],[-109.72171799978577,18.62575339959983],[-109.70740499984078,18.620574999836492],[-109.69300100019592,18.615634899730992],[-109.67850499990573,18.610927599928914],[-109.66393299970809,18.60646440041188],[-109.64927700013334,18.602239600377402],[-109.63455200007462,18.598258999553309],[-109.61975100010847,18.594516800010467],[-109.60488099965829,18.591022500388249],[-109.58995800036132,18.587772399976416],[-109.57496599968107,18.584768300117105],[-109.55992899962354,18.582012200003192],[-109.54483799977379,18.579503999809901],[-109.5297089999703,18.577245699629486],[-109.51454200021305,18.575233499826311],[-109.49934399992554,18.573472999579394],[-109.48411600005329,18.571964299612887],[-109.46885699965071,18.570703499567003],[-109.45357499998619,18.569698300336427],[-109.43828599999881,18.568941099951928],[-109.42297399985011,18.568435699847782],[-109.40766099965532,18.56818389956743],[-109.3908309996508,18.401822999731792],[-109.372466999952,18.402126299689144],[-109.35411800004556,18.402730900410859],[-109.33578499997765,18.403634999655651],[-109.31747400002496,18.404844300024592],[-109.29917899991079,18.4063529999911],[-109.2809140002808,18.408163099647481],[-109.26269500007407,18.410274500068283],[-109.24450700039768,18.412683499643947],[-109.22637199956802,18.415395700251509],[-109.20828199991428,18.418401700378297],[-109.1902540004217,18.42170519983523],[-109.17228700014482,18.42530819961388],[-109.15439599977549,18.429204899986303],[-109.13656600042049,18.433393499610474],[-109.11882000044255,18.437875700003701],[-109.10115799984175,18.442651699916155],[-109.08359500020902,18.447715800344042],[-109.06611599995335,18.45306970010671],[-109.0487369998126,18.458709700292559],[-109.03146400006347,18.464632000366691],[-109.01430500017551,18.470840499789347],[-108.9972610001949,18.477331200174888],[-108.98033100007552,18.484102200356404],[-108.96353900002475,18.491148000080273],[-108.94686099983517,18.498470299964538],[-108.93033600040599,18.506067299566382],[-108.9139399997311,18.513933200057295],[-108.89769699981662,18.522069899906114],[-108.88159900029353,18.530471799933764],[-108.86566200010111,18.539136900048049],[-108.84988400004647,18.548063299981436],[-108.83426700022176,18.557247200098345],[-108.81882500037335,18.566688499674683],[-108.8035510001784,18.576381700255411],[-108.78846699975213,18.586326600392454],[-108.77355199992473,18.596515699739882],[-108.75883500023497,18.606948900271675],[-108.74430800031388,18.617624299921658],[-108.72997999967714,18.628536199685982],[-108.71585100012345,18.639682800021319],[-108.70192700013087,18.651060099843846],[-108.68820999979158,18.662664400242022],[-108.67470600028162,18.67449570031647],[-108.6614299995947,18.686544399804347],[-108.64836899982936,18.698808700061591],[-108.63553599978644,18.711288500364162],[-108.62293200041137,18.723976099817264],[-108.61056500027445,18.736871699869198],[-108.598426999906,18.749969499892643],[-108.58654799979024,18.763261799892291],[-108.57488999997344,18.776750599960337],[-108.56349899987885,18.790426299833996],[-108.55235300029062,18.804287000145052],[-108.54146600005578,18.818332699994244],[-108.53082999970462,18.832551999575287],[-108.52046200002121,18.846946700230149],[-108.51036100006002,18.861509299814486],[-108.50052599977499,18.87623599959187],[-108.49095900015766,18.891120900009639],[-108.48166699973217,18.906164199818079],[-108.47265599967454,18.921356199828892],[-108.46392099975424,18.936693200231161],[-108.45547499967142,18.952173200033315],[-108.44730399967972,18.967788699788798],[-108.43942999989446,18.983535800037259],[-108.43183899966999,18.999410600419026],[-108.42454499965191,19.015411400315998],[-108.41754899988632,19.031526600272514],[-108.41085100037327,19.047754300021097],[-108.40444199979834,19.064090699925998],[-108.39834600016769,19.080528299641458],[-108.39254799989021,19.097066900417246],[-108.38705400014192,19.113695099749179],[-108.38187399958531,19.130415000252185],[-108.37699100013447,19.147214899947812],[-108.37242099982916,19.16409300019194],[-108.36817199993777,19.181043600182136],[-108.36422699967619,19.198062900282764],[-108.360596000405,19.215145099866618],[-108.35728499970287,19.232278800026734],[-108.35429400026783,19.249471699859214],[-108.35160799960937,19.266706500005114],[-108.34925099973373,19.283985099832648],[-108.3472059998569,19.301298099627729],[-108.3454899998635,19.318645500289733],[-108.34408599986892,19.336015699664927],[-108.34300999971163,19.353406900008565],[-108.34224699959924,19.370811500250682],[-108.34181999969314,19.388227500299024],[-108.3417049997858,19.405649200250537],[-108.34191100029233,19.423070900202049],[-108.34243800031339,19.440483099715436],[-108.34329200012559,19.457885699865301],[-108.3444670003517,19.475273099673927],[-108.34597000041509,19.492633800409692],[-108.34778599962408,19.509971599909534],[-108.34992999956972,19.527275100165866],[-108.35239399988308,19.54454039991964],[-108.3551710002414,19.561765699627472],[-108.358276000437,19.578939399833587],[-108.36168700035466,19.596059799919942],[-108.36542500006362,19.613121000334047],[-108.36947599981744,19.630117400098072],[-108.37384799998512,19.647049000111394],[-108.37852499982876,19.663902299751499],[-108.38351399967127,19.680677399742365],[-108.38882399992758,19.697366699913402],[-108.39443999990596,19.713964500361556],[-108.40036000041357,19.730470700362673],[-108.40659300006678,19.746875800378007],[-108.41312399997253,19.763175999872658],[-108.41995999955424,19.779365500017946],[-108.42709400028781,19.795438799661042],[-108.43453199975187,19.81139369995941],[-108.44226100004499,19.827222800392065],[-108.45028699964524,19.842924099967377],[-108.45860300002835,19.858490000313395],[-108.46720900029504,19.873916600171128],[-108.47609700007638,19.889198300361386],[-108.48528300011026,19.904333099892767],[-108.4947430001892,19.919313400393264],[-108.50447100003652,19.934137299796703],[-108.51448799972133,19.948795300362974],[-108.52477300007382,19.963289299661596],[-108.53532400010243,19.977611499671127],[-108.54614299989942,19.991756400137888],[-108.55722800027189,20.005720099802886],[-108.56856499967489,20.019502599565442],[-108.58016999974558,20.033094399886807],[-108.59202599970001,20.046491600407194],[-108.60411799974577,20.059694300052058],[-108.61647000009032,20.072694799725355],[-108.62905899967302,20.085489299791504],[-108.64188400024631,20.098075899982916],[-108.65494500001165,20.110448799672497],[-108.66822800012199,20.122606300040843],[-108.6817470003237,20.134540600368553],[-108.69547999960218,20.146251699756306],[-108.70944200044789,20.15773580036705],[-108.72361000000143,20.168987300323806],[-108.73798400006143,20.180004099709549],[-108.7525629996826,20.190780600244636],[-108.76734899985638,20.201318700397849],[-108.78232599984494,20.211610799998539],[-108.79749299960213,20.221654899853888],[-108.81285100007352,20.231447200328148],[-108.82839199999069,20.240983999811874],[-108.84410099956136,20.250265099554838],[-108.85998500000767,20.259288799838373],[-108.87603800015347,20.268043500307442],[-108.89225000043706,20.276536900058034],[-108.9086300003741,20.284761399818876],[-108.92514800037981,20.292715100221812],[-108.94182599967007,20.300396000275327],[-108.95864099988216,20.307798400076251],[-108.97558599979396,20.314924199892062],[-108.99266799972833,20.321771600179318],[-109.00988000026172,20.328336699679085],[-109.02720599975697,20.334615699654933],[-109.04465500042784,20.340610500374453],[-109.06220999969162,20.346315400135722],[-109.07987200029248,20.351732300105709],[-109.09762599973999,20.356853500288935],[-109.11547900015563,20.361686699781501],[-109.13341499990224,20.3662243002114],[-109.15144300029414,20.370464299687796],[-109.1695479997403,20.374406799834105],[-109.18772099962433,20.378051799750892],[-109.20595599966953,20.381395300153144],[-109.22425800010654,20.384439499883172],[-109.24261500038187,20.387182200098607],[-109.26100899966548,20.389621700181465],[-109.27945699964073,20.391758000131745],[-109.2979350001001,20.393592799668113],[-109.31645199965993,20.39511870006811],[-109.334998999704,20.396343199878913],[-109.3535540001169,20.397258799654026],[-109.37213099974576,20.397870999647068],[-109.39070900031999,20.398176199871841]]]},"properties":{"objectid":17585,"radii":50,"stormid":"EP182026","basin":"ep","stormnum":18,"advnum":26,"synoptime":"2026100118","timezone":"UTC","ne":60,"se":60,"sw":50,"nw":60,"idp_source":"EP182026_radii","idp_filedate":1791040084000,"idp_ingestdate":1791040150000,"st_area(shape)":3.0658520277709411,"st_perimeter(shape)":6.505622624575139,"binnumber":"EP3"}},{"type":"Feature","id":17586,"geometry":{"type":"Polygon","coordinates":[[[-109.39459999988998,19.982271200155878],[-109.40309100024939,19.732725100183359],[-109.40926399983363,19.732622099930097],[-109.41542799990219,19.732418100415146],[-109.42159300001686,19.732114799558474],[-109.42774200029299,19.731710399615395],[-109.43389099966981,19.731203100143091],[-109.44002500015353,19.730594599960966],[-109.44614399994555,19.729885099617775],[-109.45225500026794,19.729074500188176],[-109.45835099989864,19.728162799873473],[-109.46442400026729,19.727151899840464],[-109.47048199994424,19.726043700356627],[-109.47650899999024,19.724834399987685],[-109.48252100024388,19.723525999725268],[-109.48851000033613,19.72211650037633],[-109.49446899994427,19.720609699777981],[-109.50039699992152,19.719005599728803],[-109.50630199973739,19.717306099596954],[-109.51216100012994,19.715507499571572],[-109.51799000003837,19.713613500362897],[-109.52378800031585,19.711622199904753],[-109.52954899978641,19.709537500355509],[-109.53526299978751,19.707359300091753],[-109.54093899983485,19.705085799570156],[-109.5465769999285,19.702718700307912],[-109.55216200027598,19.700258299980703],[-109.55770100030082,19.697709999916697],[-109.56319400000302,19.695068399687045],[-109.56864200032794,19.692337000352438],[-109.57403599996132,19.689514200220287],[-109.57936900037896,19.686609300079283],[-109.58465599957464,19.683610900123085],[-109.58988199955456,19.680526700347059],[-109.59504700031869,19.677358600119419],[-109.60015900043743,19.674108499707643],[-109.60520900039495,19.670770600283106],[-109.61019099991461,19.667350799599888],[-109.61511200021852,19.663850800074499],[-109.61996500008456,19.660270699733132],[-109.62475599978944,19.656608600106949],[-109.62947099958689,19.652870200199743],[-109.63411699979963,19.649053599743979],[-109.63869499957445,19.64516260017399],[-109.64319600029506,19.641197199691135],[-109.64762899967849,19.637155499826576],[-109.65197799968485,19.633043300308202],[-109.6562580001065,19.628860500411918],[-109.66045400025183,19.624607100137723],[-109.66457399959029,19.620284999753096],[-109.66860999955173,19.615898099617766],[-109.67256899955959,19.611442600096041],[-109.67643699986758,19.606922100274858],[-109.68022900026807,19.602340700163325],[-109.68392900002323,19.597698200112006],[-109.68754600044747,19.592994699945564],[-109.69107100022637,19.588232000106871],[-109.69451099968279,19.583410300245305],[-109.69786100038476,19.578535099715225],[-109.7011180003953,19.57360459987251],[-109.70427700038317,19.568622600352853],[-109.70735200009466,19.563589100256934],[-109.71032699969118,19.558504099584695],[-109.71321099958789,19.553369500402255],[-109.71599600031504,19.548191099739597],[-109.71868900039698,19.542968799570588],[-109.72128300041004,19.537698700434817],[-109.72377800035434,19.532390600445979],[-109.72617300018373,19.527040500318947],[-109.72847700031321,19.521652199689413],[-109.73066699968217,19.516225800180678],[-109.73276500020449,19.510763200261636],[-109.73476399975868,19.505270000010626],[-109.73665599977448,19.499744399884264],[-109.73844100025184,19.494186399882608],[-109.74012799980727,19.488601699908656],[-109.7417140001009,19.482990299962523],[-109.74318699968018,19.477352100219377],[-109.74456000004386,19.47169109996446],[-109.74583400033873,19.46600909964036],[-109.7469939998731,19.460306199971285],[-109.74805500023797,19.454586000044003],[-109.74900099979618,19.448846800139847],[-109.74984700013886,19.443096200429466],[-109.75058700008987,19.4373282995615],[-109.75121300017975,19.431552900146357],[-109.75174000020075,19.425766000200895],[-109.75215899973796,19.419971500084785],[-109.75247199978287,19.414173099609002],[-109.75266999992044,19.408369099954143],[-109.75276899998926,19.402561199939555],[-109.75275400019683,19.396753299924967],[-109.75264000033565,19.390949200445391],[-109.75240300019823,19.385145199891213],[-109.75206800003809,19.37934680031475],[-109.75163299976305,19.373554199566797],[-109.75107600015718,19.367769199888812],[-109.75042699990604,19.361995699841827],[-109.74966399979365,19.356233599601069],[-109.74879500018903,19.350482900065913],[-109.74781800010055,19.344751400157122],[-109.74673499962046,19.339033099597998],[-109.74555199992477,19.333333999564559],[-109.74426299983747,19.327655799775471],[-109.74285899984289,19.322000500322986],[-109.74136400014839,19.316369999675885],[-109.73976099997009,19.310762400264707],[-109.73805200029949,19.305183400193926],[-109.73623700023728,19.299633000362803],[-109.73432200006016,19.294113199964329],[-109.73230699976813,19.288625699616489],[-109.73020199982233,19.283172600135515],[-109.72798199996924,19.277755700165585],[-109.72566200000119,19.272376999798837],[-109.72325100033328,19.267032599574975],[-109.72074099969728,19.261732099756728],[-109.7181319998918,19.256473500251957],[-109.71542400001749,19.251258900078312],[-109.71261600002828,19.246089900029006],[-109.70972399976267,19.240966799578302],[-109.70673400037373,19.23589319961161],[-109.70364399997055,19.230869299778476],[-109.70047000019025,19.225896799797624],[-109.69720499981082,19.22097779958591],[-109.69384000021574,19.216110200125797],[-109.69039200039043,19.211303699706093],[-109.68685900024258,19.20655250039772],[-109.68323500039486,19.20186040003756],[-109.67952700027075,19.197227500249085],[-109.67573499987026,19.1926555996763],[-109.6718519997699,19.188148499753595],[-109.66790000008484,19.18370630030563],[-109.6638569998006,19.179328899709105],[-109.65973699956277,19.175018299854798],[-109.65554000027072,19.170778300378402],[-109.65125300042553,19.166606900288343],[-109.64690400041917,19.162506099676875],[-109.64247899960606,19.158477799710852],[-109.63797799978477,19.154523799933543],[-109.63340000000989,19.15064429999461],[-109.62875399979714,19.146839100244392],[-109.62404600032255,19.143112199968186],[-109.61925499971835,19.139463400415764],[-109.61441000022126,19.135894799705397],[-109.60949700028624,19.132404299718814],[-109.60452300023616,19.128997800008619],[-109.59947999970211,19.125671400215083],[-109.59438300027517,19.122428899973897],[-109.58922599987989,19.119272199552483],[-109.58400700022281,19.116199500306834],[-109.57873499992019,19.113216399617272],[-109.5734099998715,19.110315300011223],[-109.56803100003054,19.107505799952833],[-109.56259900044341,19.104785900249226],[-109.55712099963432,19.102151900190165],[-109.55159800034733,19.099611300121524],[-109.5460210003688,19.097160300407666],[-109.54040500039036,19.094804799701876],[-109.53475199960502,19.092538800425416],[-109.52905300029562,19.090368300157081],[-109.52331500008711,19.088291199879109],[-109.517531999602,19.086307499591555],[-109.51172599985489,19.084423099746402],[-109.50588200015409,19.082630199624134],[-109.49999999960022,19.080934500027297],[-109.49409499978429,19.079338099973484],[-109.48815900033748,19.077838900445045],[-109.48219300040654,19.076437000367434],[-109.47620400031428,19.075132399740596],[-109.47019200006065,19.073926899906667],[-109.46416500001465,19.072820699615761],[-109.45811499980732,19.071813600117707],[-109.45204899976142,19.070909499973595],[-109.44596099960035,19.070100799912154],[-109.4398649999697,19.069395100103918],[-109.43374600017768,19.068790399557429],[-109.42762800043175,19.068285000352603],[-109.42150100027084,19.067882499777681],[-109.41535900031749,19.067577400276946],[-109.40921800041031,19.067375200305378],[-109.40308399992654,19.067274100319594],[-109.39540099995611,18.900911300216478],[-109.3862000001298,18.901061999611727],[-109.3769990003035,18.901365299569079],[-109.36780499990073,18.901821100263703],[-109.35861999991295,18.902425799910873],[-109.34944200024802,18.903183000295371],[-109.34028599979894,18.904090900075118],[-109.33114600008776,18.905149500149435],[-109.32202899963852,18.906358699794282],[-109.31292699988103,18.907716800190315],[-109.30386400012338,18.909223599889344],[-109.29482299958164,18.910881000058225],[-109.28581200042339,18.912687300078971],[-109.27684799983524,18.914640400034557],[-109.26790600026163,18.91674230001729],[-109.25901000011135,18.91899109975958],[-109.2501600002837,18.921384800068608],[-109.2413480004098,18.923923499869773],[-109.23258199995922,18.926607100237618],[-109.22387699962371,18.929435700097599],[-109.2152249999337,18.932407400081615],[-109.206618999667,18.935520200097301],[-109.19808199988427,18.938774100144769],[-109.18959799984771,18.942167299781204],[-109.18117499992621,18.945699700081207],[-109.17282899995831,18.949373200412992],[-109.16454300005933,18.953180300430688],[-109.15633400011393,18.95712279967762],[-109.14819299970708,18.961202600219963],[-109.14012900015314,18.965416000448215],[-109.13214899997627,18.969759000177874],[-109.12424499970689,18.974233600400453],[-109.11642499971384,18.978837999773987],[-109.10868799995114,18.983570100180145],[-109.1010439999805,18.988428100276735],[-109.09349099970979,18.99341200006387],[-109.0860209996693,18.998521800440869],[-109.07865900011268,19.003749799613729],[-109.07138800025592,19.009101899832956],[-109.06421699961476,19.014568300286953],[-109.05714399989557,19.0201550003531],[-109.05017899976093,19.025857900022231],[-109.0433200000179,19.031671499939932],[-109.03656799981326,19.037599599741895],[-109.02993000036912,19.043638200142937],[-109.02339899956411,19.049785599625864],[-109.01697500009607,19.056036000261315],[-109.01068100032779,19.062393199886401],[-109.00450100042076,19.068855300032226],[-108.99843600042101,19.075414699628823],[-108.99249299975202,19.082075100285806],[-108.98667899963601,19.088832900218335],[-108.98098000032667,19.095684100141227],[-108.97541800014051,19.102626799787117],[-108.96997800018448,19.109663000147464],[-108.96466799992817,19.11678700041989],[-108.95950300006331,19.123994800419837],[-108.95446000042858,19.131288500064386],[-108.94954699959425,19.138662299625594],[-108.94477800000459,19.146118200094975],[-108.94014699958427,19.153650300121399],[-108.93565400013188,19.161258700428846],[-108.93130500012558,19.168937700214826],[-108.92710099961135,19.176691100014409],[-108.92303500006511,19.18450740019648],[-108.91911299996485,19.192390400396789],[-108.9153370003022,19.20034030026477],[-108.91171299955516,19.208347299888146],[-108.90822599973001,19.216417299718728],[-108.90490000013477,19.224538800125686],[-108.90171799998564,19.232717500112699],[-108.89868899969747,19.240945800408497],[-108.89580499980082,19.249221799846339],[-108.89308899955756,19.25754359995733],[-108.89052600007477,19.265909199749899],[-108.88810700003791,19.274316799680719],[-108.88584099986218,19.282764399657481],[-108.88374300023918,19.291244500233631],[-108.88179000010831,19.299762699688984],[-108.88001299999985,19.30830569974836],[-108.87838000023675,19.316879300139703],[-108.87690699975815,19.325479499779249],[-108.87559500040885,19.33410259975534],[-108.87444300034412,19.342744800432342],[-108.87344400014041,19.351404199744138],[-108.87261200044338,19.360080699664707],[-108.87194100007702,19.368768700115538],[-108.87142899984838,19.377466200105175],[-108.87108600021861,19.386169399997925],[-108.87089500040383,19.394878399618563],[-108.78267699984355,19.404039400298245],[-108.782822000235,19.414201699848718],[-108.78315700039514,19.424360299588272],[-108.7836840004162,19.434509299964361],[-108.784392999837,19.444650700169802],[-108.78529400001798,19.454776800209288],[-108.7863920002905,19.464887600082818],[-108.78765900026258,19.474979399979475],[-108.78912400037223,19.485048300438848],[-108.79077099988166,19.495092400294197],[-108.79260299982849,19.505104100274139],[-108.79462400039722,19.515088999557804],[-108.79682899955861,19.525037800054577],[-108.79922500033342,19.534946399956539],[-108.80178799981621,19.544813200269118],[-108.80455000038211,19.554641700254422],[-108.80748700002493,19.564420699755601],[-108.81059999969011,19.574148199579895],[-108.81390400006944,19.583822300359031],[-108.81737500005613,19.593442899570277],[-108.82103000043406,19.603006399925562],[-108.82486700021178,19.612504999806049],[-108.82887299968911,19.621940600378537],[-108.83306100036475,19.631307599766046],[-108.83741000037111,19.640607800209978],[-108.84194199982335,19.649829899930069],[-108.84664199982831,19.658979400079374],[-108.85150900034,19.668048900136796],[-108.85654399960578,19.67703630018525],[-108.8617480003698,19.685941700049568],[-108.86711899984186,19.694757499559103],[-108.87265000039713,19.703483599788456],[-108.87833399991405,19.712120099663025],[-108.8841930003066,19.720659300086766],[-108.89019800023743,19.729101200160414],[-108.89636999977557,19.737442000248279],[-108.90268699970517,19.745683700442555],[-108.90916399981865,19.753816599756419],[-108.91578700036968,19.761842700080706],[-108.92255400036674,19.769758199981084],[-108.92947400022484,19.777561200089451],[-108.93653899957508,19.785247800046079],[-108.94374099984719,19.792819999943163],[-108.95109599998034,19.800272000052928],[-108.95857200029747,19.807598099572772],[-108.96619400015288,19.814802199761857],[-108.97394599970801,19.821882199803838],[-108.98182699981606,19.828830700076878],[-108.98983799962389,19.835649500124475],[-108.99797799998464,19.842334699586843],[-109.00623300025268,19.848886499912169],[-109.01460999985153,19.855298999749152],[-109.02311700004941,19.861574200089422],[-109.03173099978574,19.867706300305656],[-109.04045900028257,19.873697299590845],[-109.04929400031779,19.879545199651375],[-109.05824300021419,19.885244400408908],[-109.06729100017941,19.890794800239973],[-109.07645400005197,19.896198300311426],[-109.08570100020091,19.901447299553354],[-109.09505499988825,19.906545600299353],[-109.10450000017477,19.911489500040545],[-109.1140370002073,19.91627310012359],[-109.12365699957076,19.920904200368682],[-109.13336200015607,19.925371200420727],[-109.14315800044125,19.929681800274977],[-109.1530299997346,19.93383030002849],[-109.16297100041123,19.937814699588841],[-109.17298900014214,19.941635099680241],[-109.18307500031091,19.945287699767675],[-109.19323000006437,19.948776199662007],[-109.20344499988676,19.952095000184272],[-109.2137300002392,19.955247900070674],[-109.22405999996892,19.958229099593439],[-109.2344509998137,19.961038599651772],[-109.24489600035002,19.96367840033804],[-109.25538600026363,19.966146499761294],[-109.26591500017702,19.968439100084538],[-109.27648900036695,19.970560099868862],[-109.28710199965747,19.972505599653857],[-109.29775199975489,19.974277499707],[-109.30842600005974,19.975872000392656],[-109.31913800031839,19.977293000271914],[-109.32986500036935,19.978536599884308],[-109.34062200000523,19.979600899861794],[-109.35139500037889,19.980491600107428],[-109.3621829996456,19.981201200275336],[-109.37297800013448,19.981737099987299],[-109.38378899956257,19.982091899621594],[-109.39459999988998,19.982271200155878]]]},"properties":{"objectid":17586,"radii":64,"stormid":"EP182026","basin":"ep","stormnum":18,"advnum":26,"synoptime":"2026100118","timezone":"UTC","ne":35,"se":30,"sw":20,"nw":20,"idp_source":"EP182026_radii","idp_filedate":1791040084000,"idp_ingestdate":1791040150000,"st_area(shape)":0.67381399885610005,"st_perimeter(shape)":3.3068314425630101,"binnumber":"EP3"}},{"type":"Feature","id":17587,"geometry":{"type":"Polygon","coordinates":[[[-109.57971200000867,21.562713599952815],[-109.6203000002447,21.562713599952815],[-109.66087299978904,21.562046099747818],[-109.70142400011741,21.560710899688388],[-109.74195100023837,21.55870630005586],[-109.7824249997139,21.55603410039356],[-109.82283799997361,21.552699999705339],[-109.86318199974937,21.548698399711498],[-109.90344999961769,21.544035000315148],[-109.94361900031652,21.538707699800625],[-109.98367300020868,21.532722500243324],[-110.02360499987077,21.526077299927579],[-110.06340000040962,21.518775900287721],[-110.10305800002658,21.510820400341345],[-110.14255500031294,21.502214400074649],[-110.18187000030019,21.492958100036446],[-110.22100800021894,21.483056999580981],[-110.25994900004622,21.47251509979219],[-110.29868300022019,21.461330399678332],[-110.33718899977242,21.449512500401738],[-110.37546500040935,21.437061300338883],[-110.41349000026321,21.423980699849551],[-110.45126300018723,21.410280200271188],[-110.48877000043507,21.395957900436883],[-110.5259859998539,21.381019600074637],[-110.56291999975809,21.365472800429529],[-110.59953300014774,21.349319499795229],[-110.63584099996206,21.332567200316191],[-110.67181399961629,21.315219900378224],[-110.70745800028641,21.297281299792303],[-110.74275200010464,21.27875899962828],[-110.7776719997629,21.259660699881522],[-110.81223299995287,21.239992099555877],[-110.84640500019049,21.219755199642861],[-110.88018799957644,21.198959399856562],[-110.91355899974792,21.177610400100036],[-110.94651799980574,21.155717799736806],[-110.97905700028025,21.133283599758443],[-111.01116199962649,21.110317199879034],[-111.04281599975849,21.08682820036131],[-111.07402800019196,21.062820399941643],[-111.10476700039663,21.038303399782194],[-111.13503999979605,21.013284700228894],[-111.16482500007362,20.987772000377674],[-111.19412200032997,20.961772900399183],[-111.22290800040378,20.935296999656941],[-111.25120500041032,20.90834999985276],[-111.27896900011916,20.88094139962601],[-111.30621300012973,20.853080700314194],[-111.33291600037302,20.824775699938755],[-111.35908500027244,20.796037700279783],[-111.38469699966669,20.766872400341128],[-111.40975999982402,20.737289400385635],[-111.4342499996377,20.707300200044358],[-111.45816800005304,20.676910400294901],[-111.48150599980193,20.646135300403955],[-111.50426499982979,20.614975000196239],[-111.52642800025194,20.583450300091442],[-111.54798899989231,20.551565200273899],[-111.56893900013466,20.519329099558433],[-111.58927900012566,20.486755399642107],[-111.60900899986535,20.453849800428088],[-111.62811300041454,20.42062570001616],[-111.64658399965174,20.387090700375666],[-111.66441299985996,20.353261900316568],[-111.68160999970161,20.319141399755949],[-111.69816599966106,20.284742399842003],[-111.71407300026863,20.250078199749282],[-111.72931699997946,20.215156600197076],[-111.74391200033847,20.179990799635846],[-111.75783500028496,20.144588499859537],[-111.7711029997036,20.108964900310013],[-111.78369100013947,20.073127700083433],[-111.79561599967855,20.037088399710001],[-111.806862000281,20.000860200338138],[-111.81742900014814,19.964450800164457],[-111.82730899981038,19.92787359998681],[-111.83650999963669,19.891139999611426],[-111.84501599978847,19.854261399743962],[-111.85283699982756,19.817247399747828],[-111.85997799998461,19.780109400328683],[-111.86640899977544,19.742860799586367],[-111.87216199977638,19.705511099757587],[-111.87721299978,19.668075600108978],[-111.88156900010915,19.630557999552195],[-111.88522300044104,19.592979399779608],[-111.88817599992234,19.555341700159488],[-111.89044200009812,19.517665899861527],[-111.89200600027658,19.479953800227861],[-111.89286799955846,19.442226400428183],[-111.89303600011124,19.404487599922959],[-111.71619400005295,19.370328899759045],[-111.71509599978049,19.335508300367906],[-111.71335599957962,19.300710700238767],[-111.71097600044197,19.26594730042774],[-111.70794700015387,19.231225999680305],[-111.70429199977588,19.196561799587528],[-111.69999699956179,19.16196059970207],[-111.69505299999588,19.127439499733271],[-111.68948400038619,19.0930041995843],[-111.68328100031783,19.058660499882308],[-111.6764530002057,19.02443120023986],[-111.66898300016521,18.990312599946662],[-111.66090399991958,18.956327399689883],[-111.65219899958407,18.922479599653968],[-111.64286800005806,18.888776800009452],[-111.63292700028074,18.855236099566469],[-111.62236799988318,18.821861299759291],[-111.61120599955711,18.788665799587136],[-111.59943399987907,18.755659100387334],[-111.58706699974215,18.722852699992245],[-111.5740890002071,18.690254200371214],[-111.56053200005164,18.65787319998833],[-111.54637900029053,18.625719100356321],[-111.53164699990901,18.593805299575081],[-111.51633499976032,18.562135699802866],[-111.50044299984449,18.530725499582275],[-111.48398599995386,18.499578500347639],[-111.46695699976561,18.468709899742237],[-111.44937900034051,18.438123699749099],[-111.43124400041017,18.407833099717891],[-111.41256699976714,18.377843900275934],[-111.39334099988713,18.348167399605927],[-111.37358099966332,18.318811400226082],[-111.35328699999496,18.289783499608973],[-111.33247399977517,18.261096999626943],[-111.31114199990327,18.232755699915742],[-111.28930700021778,18.204769100014119],[-111.2669600003037,18.177146900009575],[-111.24411800004555,18.149896600248042],[-111.22079500008908,18.123025899825564],[-111.19697599974251,18.096540500443894],[-111.17269100038925,18.070455599746253],[-111.14793399995403,18.044769300163239],[-111.12271899998177,18.019498800329529],[-111.09705399994203,17.994642299802422],[-111.07093799978878,17.970214800173039],[-111.0443880003059,17.946222299919327],[-111.01740999997145,17.922666499659385],[-110.99001300009979,17.899560900015672],[-110.96220400011441,17.876907299632308],[-110.93399000033816,17.854717299763706],[-110.9053800002867,17.832994500396012],[-110.87638100028283,17.811742800090315],[-110.84700800011899,17.790975599644355],[-110.81726800011802,17.770692800132736],[-110.78715500000317,17.750900300208855],[-110.75670599968203,17.731611300121529],[-110.7259060002616,17.712822000235235],[-110.69477099978172,17.694545699724415],[-110.6633220001101,17.676780699769608],[-110.63155400011692,17.659538300352438],[-110.59948000040163,17.642822300209104],[-110.56710800043379,17.6266345996072],[-110.53445400005194,17.610981000073252],[-110.50152599962507,17.595871000246632],[-110.46832300000636,17.581302600035087],[-110.43487499988123,17.567285500425669],[-110.40117599987241,17.553819699619567],[-110.36724099977221,17.540908800301054],[-110.33307599985739,17.528558700223982],[-110.29869800001262,17.516771299655886],[-110.26411399966128,17.505554199666733],[-110.22934000044057,17.494909299624624],[-110.19437399956036,17.484836600428878],[-110.15923299960315,17.475341800184083],[-110.12392399999248,17.466424899789445],[-110.08846299966763,17.45809169987217],[-110.05286400017337,17.450344099800532],[-110.01712799975729,17.44318199974964],[-109.98126199964145,17.436611200346761],[-109.94529700035616,17.430629699701001],[-109.90921800031037,17.425243400062982],[-109.87305499998814,17.420450199717095],[-109.83681499971237,17.416253999922276],[-109.80049900042843,17.412654899604092],[-109.7641220001301,17.409652700012259],[-109.72769900040845,17.407251400431903],[-109.69123799983373,17.405448900046849],[-109.65475500004311,17.404245400305115],[-109.61825600041396,17.403644600118355],[-109.58024600035253,17.237281800015182],[-109.5407330002277,17.237932199611464],[-109.50124400031029,17.23923299970329],[-109.46177699960873,17.241184200290775],[-109.42236299955272,17.243784000031724],[-109.38299599986539,17.247032200176022],[-109.34368900024708,17.250928899649125],[-109.30445899968299,17.255470299714716],[-109.26531200024851,17.260658299740896],[-109.22627300039858,17.266487099999779],[-109.18733199967193,17.272960699776604],[-109.14852899991331,17.280075099786188],[-109.10984800038483,17.287824600125361],[-109.07131200034843,17.296213200079251],[-109.03292800012701,17.305233000003113],[-108.99471299960516,17.314882300178169],[-108.95667299995887,17.325159099612904],[-108.91882300008132,17.336061499838479],[-108.88117999985701,17.347585700319939],[-108.84374200009313,17.35972789962301],[-108.80653400014387,17.372484200085921],[-108.76955399991709,17.385848999831637],[-108.73281099982768,17.399822199934704],[-108.69633500035991,17.414400099684997],[-108.6601180002454,17.429574999986414],[-108.62417600022212,17.445341100211749],[-108.58853100040523,17.461698500185776],[-108.55317699961876,17.478641500005381],[-108.51813499973036,17.496162399675143],[-108.48340599988688,17.514257399559483],[-108.44901300024969,17.532920799755232],[-108.41495499987326,17.55214879972749],[-108.38124800039481,17.5719337003801],[-108.34790000038464,17.59226989983614],[-108.3149190002116,17.613153500433839],[-108.28231799957592,17.634574900111716],[-108.25011400016086,17.656532300225592],[-108.21829999984504,17.679014200245263],[-108.18689699959674,17.702016799635715],[-108.15591399983111,17.725532500024997],[-108.12535900001774,17.749557499978778],[-108.09523800043326,17.774076500230422],[-108.06555899964803,17.799091300323369],[-108.0363390002446,17.824590700100885],[-108.00757600033205,17.850566899742773],[-107.97929400011793,17.877010299885569],[-107.95148500013255,17.903917299643808],[-107.92416400016839,17.931278199829194],[-107.89735400038671,17.959083599828432],[-107.87103299977304,17.987325699821326],[-107.84522999966464,18.015996899637344],[-107.81995399957731,18.04508969982993],[-107.79519700004141,18.074592599868708],[-107.77098799969633,18.104499800025906],[-107.74731399974121,18.134798000227647],[-107.72419700029121,18.165483499763866],[-107.70163700044714,18.196544600253219],[-107.67964199967844,18.227972000007924],[-107.65821800006057,18.259757999931878],[-107.63738299972556,18.291889200126604],[-107.617118999642,18.32435989978967],[-107.59745800038633,18.357160600281645],[-107.57838400032125,18.3902778999053],[-107.55992900002326,18.423704099564702],[-107.54206800013799,18.457428000002324],[-107.52484099981217,18.491441699774782],[-107.50822399973771,18.525733899799775],[-107.49223299975301,18.560295099639291],[-107.476875000181,18.595113799662272],[-107.46215799959191,18.630178500237719],[-107.44808199978439,18.665481600295777],[-107.43464699985907,18.701007799670379],[-107.42186699956227,18.736753500174018],[-107.40973699956277,18.772701299925188],[-107.39826999956074,18.808847400187517],[-107.38746599955613,18.845172899909528],[-107.37732699964124,18.881671900437993],[-107.36785900009266,18.918331099900456],[-107.35906200001119,18.955141100381638],[-107.35095200013461,18.992090199902918],[-107.34351299972508,19.029169100373849],[-107.3367540000969,19.066362400004891],[-107.33067300025868,19.103662500424207],[-107.32529400041767,19.141056099759339],[-107.32059499955949,19.178533600445462],[-107.31658900008222,19.216079699618604],[-107.31327099995656,19.253688799898327],[-107.31066100010497,19.291347499587573],[-107.30873100013542,19.329040500318968],[-107.30750300016325,19.366760299947998],[-107.30696899981939,19.404497100361027],[-107.30713700037217,19.442233999699454],[-107.30799899965399,19.479965200034087],[-107.30956299983245,19.517673500032117],[-107.31182900000823,19.555353199790488],[-107.3147810003428,19.592989000042451],[-107.31844300014427,19.630569500082515],[-107.32279200015057,19.668083200279625],[-107.32784999957772,19.70552249956387],[-107.33359500010909,19.742870300024492],[-107.34003400026882,19.780118899867489],[-107.34716800010301,19.817256900185953],[-107.35498800009606,19.854268999914552],[-107.36350299976351,19.891149500049551],[-107.37269600012019,19.927883100424879],[-107.38257599978249,19.964460400427299],[-107.39314299964963,20.000869799701661],[-107.40439599967556,20.037099800415604],[-107.41631299974506,20.073137300346275],[-107.4289089996505,20.108976399941071],[-107.44216899959957,20.144599899665764],[-107.45609999991495,20.180000300073914],[-107.47068799995117,20.215166099735882],[-107.48593899998474,20.25008770018735],[-107.50183900026957,20.284751900280128],[-107.51839400018287,20.31914899992654],[-107.53559100002451,20.353269600311933],[-107.55342899974846,20.387102100181892],[-107.57189899983888,20.420635199554965],[-107.59100300038807,20.453857399699359],[-107.61072499975882,20.486764900080232],[-107.63106499974987,20.519338599996559],[-107.65202300036105,20.551574699812704],[-107.67358400000148,20.583459900354285],[-107.69574700042364,20.614986400002522],[-107.71850599955212,20.646141100131786],[-107.74184400020033,20.676917999566172],[-107.7657619997164,20.707305899947471],[-107.79025299957618,20.737295200113522],[-107.81531499968742,20.766879999612456],[-107.84092699998098,20.796045299551054],[-107.86709599988041,20.824785200376823],[-107.89379900012364,20.853088400309559],[-107.92104300013426,20.880948999796658],[-107.94880699984304,20.908357600023351],[-107.97709700042611,20.935302699560054],[-108.0058980002924,20.961780499670454],[-108.03519399960328,20.987779599648945],[-108.06497999992695,21.013292300399485],[-108.09524499985679,21.038310999952841],[-108.12598400006146,21.062828099937008],[-108.15718800012598,21.086835900356675],[-108.18884999972761,21.110324899874342],[-108.22095499997317,21.133287400293455],[-108.25349400044769,21.155721700096535],[-108.28645299960613,21.177616100003149],[-108.31983200014662,21.198963200391518],[-108.35360700006288,21.219760900445351],[-108.38778699977013,21.239995999915607],[-108.4223399995912,21.259666399784635],[-108.45726799961841,21.278764700430713],[-108.49255399996701,21.297286999695416],[-108.52819100031434,21.315221799746382],[-108.56417799971484,21.332570999951827],[-108.60047900010568,21.349325199698342],[-108.6370999999649,21.365476600065165],[-108.67402600039952,21.381023399710273],[-108.71125000018725,21.395961799897293],[-108.7487490000662,21.410283999906824],[-108.78652199999021,21.423984500384506],[-108.82454699984407,21.437065099974518],[-108.86282299958168,21.449516300037374],[-108.90133700040212,21.461334200213287],[-108.9400630002072,21.472517000059668],[-108.97900400003448,21.483058899848515],[-109.01813499963043,21.492961899672082],[-109.05745699994048,21.502218199710285],[-109.09695400022684,21.510822299709503],[-109.13660400037423,21.518777799655879],[-109.17640700038265,21.526079200195056],[-109.21634700041363,21.532724399611482],[-109.2564010003058,21.538709600068103],[-109.29656199973641,21.544035000315148],[-109.33682999960467,21.548700299978975],[-109.37717400027981,21.552701999797591],[-109.41759500000916,21.556037900029196],[-109.45806900038394,21.55870630005586],[-109.49858900018211,21.560710899688388],[-109.53913899956507,21.562046099747818],[-109.57971200000867,21.562713599952815]]]},"properties":{"objectid":17587,"radii":34,"stormid":"EP182026","basin":"ep","stormnum":18,"advnum":26,"synoptime":"2026100200","timezone":"UTC","ne":130,"se":130,"sw":120,"nw":130,"idp_source":"EP182026_radii","idp_filedate":1791040084000,"idp_ingestdate":1791040150000,"st_area(shape)":15.008682509754991,"st_perimeter(shape)":14.011773324337769,"binnumber":"EP3"}},{"type":"Feature","id":17588,"geometry":{"type":"Polygon","coordinates":[[[-109.58914899992629,20.564538999975014],[-109.61086300032713,20.564538999975014],[-109.63256800031286,20.564180399805764],[-109.654258999653,20.563465099734685],[-109.67593400005399,20.562393199586609],[-109.69759399976317,20.56096460043608],[-109.71920800004909,20.559181199852617],[-109.74079900017364,20.557039299823941],[-109.76234399997554,20.554546399796664],[-109.78382899970848,20.551694899600079],[-109.80525999964919,20.548492400304156],[-109.82663699979759,20.54493709966755],[-109.84793900008469,20.541030899756379],[-109.86915600004926,20.53677560011397],[-109.89029700010639,20.532169299573638],[-109.9113460004175,20.527216000118472],[-109.93229699980662,20.52191929993586],[-109.95313999961121,20.516277299657816],[-109.9738769999235,20.510294000367935],[-109.99450699979809,20.50396730035078],[-110.01500699997297,20.497304899601602],[-110.03537000012528,20.490304899651562],[-110.05561100004752,20.482971199961071],[-110.07569900010867,20.475305600073511],[-110.09565000014732,20.467310000256475],[-110.11543299963313,20.458988200145484],[-110.13506300015723,20.450340299565312],[-110.15453299959813,20.441370000125573],[-110.17382799996216,20.432083099755403],[-110.19293999998092,20.422479600253496],[-110.21186799960839,20.412565199724327],[-110.23060600036655,20.402336100330899],[-110.24915300041056,20.391801799813379],[-110.26749399994804,20.380964300062544],[-110.28562899987833,20.369825399722572],[-110.30355099987867,20.358392699863373],[-110.32125899990285,20.346664400042187],[-110.33873700011236,20.334648100429604],[-110.35598799974628,20.322341899858941],[-110.37300899956557,20.309759100202427],[-110.38978599982391,20.296895999850676],[-110.40631899962204,20.283758199781232],[-110.42260000038959,20.270349499629845],[-110.43862900032798,20.256675700023663],[-110.45439900001372,20.242742499966539],[-110.4699019999772,20.228548000090257],[-110.48513800021846,20.214101799758396],[-110.50009900036849,20.199407599681138],[-110.51478599957414,20.184469200393437],[-110.52918199974937,20.169292399824542],[-110.54329699955679,20.153879199865344],[-110.55711400001098,20.138237000137565],[-110.57064800000512,20.122367899658968],[-110.58387000000039,20.106283200209646],[-110.59679399974317,20.089979200180096],[-110.60941299980999,20.073465300183614],[-110.6217189998319,20.056749300040281],[-110.63370500038536,20.039831199750211],[-110.64537799999459,20.022716499566968],[-110.65673100013544,20.00541500030215],[-110.66774700002395,19.987930300143375],[-110.6784439995908,19.970264400082158],[-110.68880499985079,19.952426900381283],[-110.69882999990449,19.934417700316772],[-110.70851899975196,19.916252100054521],[-110.71787300033861,19.897924399691419],[-110.72687499998119,19.879449799568761],[-110.7355350000401,19.860828400410469],[-110.74384300005431,19.842067699864572],[-110.75180800043876,19.823171600089438],[-110.75940700013285,19.804149599724383],[-110.76665499982829,19.785003699761091],[-110.77354400005544,19.765741299821286],[-110.78008300033008,19.746370300449144],[-110.78624700039865,19.726890600021306],[-110.79205300014576,19.707317399778333],[-110.79750099957135,19.687648800352008],[-110.80257399969025,19.667896299574693],[-110.80728100001807,19.648061800411881],[-110.811615000232,19.628150900244009],[-110.81558199970942,19.608173399882617],[-110.81917599997234,19.588132900213338],[-110.82240300039803,19.568038899875489],[-110.82524900034099,19.547891600317257],[-110.82772800044677,19.527700400353353],[-110.82982600006977,19.507474900246564],[-110.83155799990169,19.487215000172284],[-110.8329009997812,19.466930400217962],[-110.83387799986969,19.446628599830149],[-110.83447999975209,19.426311500175757],[-110.83469399972819,19.405988699718876],[-110.48184200020802,19.39061160034521],[-110.48149100020942,19.376096699902916],[-110.48088099995806,19.361591299898691],[-110.47998800014597,19.347097400424843],[-110.47884399955086,19.332620599761015],[-110.47742499976385,19.318164800065631],[-110.47573900025458,19.303731899807474],[-110.47378500007761,19.289333299692146],[-110.4715729996941,19.274969100443798],[-110.46908600011869,19.26064109980706],[-110.46633900024455,19.246356999575994],[-110.46333300011776,19.232116699925882],[-110.4600600002687,19.217933699680657],[-110.456528000167,19.203803999555078],[-110.45272800029687,19.189733500001182],[-110.44868500001263,19.175729800290185],[-110.44437399996002,19.161794699965583],[-110.43981200002366,19.147933999654526],[-110.43498999978857,19.134147600431561],[-110.42991599962357,19.120441400050709],[-110.42459099957489,19.106824899849414],[-110.4190139995963,19.093296099735369],[-110.41320000037962,19.079860699611743],[-110.40713500037987,19.066524500105743],[-110.40081799955095,19.053289399686207],[-110.3942640003832,19.040159199787354],[-110.38746599985592,19.027139700137184],[-110.38043200013658,19.014236499914659],[-110.37316899974945,19.001445800383522],[-110.36566900012417,18.988779100275394],[-110.35792500003862,18.976240200125289],[-110.34996800002307,18.963827099840898],[-110.3417739998701,18.951547600141794],[-110.3333590003175,18.939407300206881],[-110.32472999988948,18.927404399593513],[-110.31586500026947,18.915546400446146],[-110.30680099956641,18.90383530015913],[-110.29751600036303,18.892276800434161],[-110.28802499975382,18.880874600182779],[-110.27832000006788,18.869626999686432],[-110.26840999992146,18.858541500190199],[-110.25830099959137,18.847621900430511],[-110.24799299997687,18.836868300232027],[-110.23749499969438,18.82628819994062],[-110.22679900017363,18.815881700280386],[-110.21591900026158,18.805652599987638],[-110.20484899968147,18.795604699597334],[-110.19360400002449,18.785738000008848],[-110.18216699960726,18.776060099594076],[-110.17056299958267,18.766573000243909],[-110.15879099990462,18.757276499610896],[-110.14684300020417,18.748176599770375],[-110.13473500031989,18.739275000441069],[-110.12245899988284,18.730571699824225],[-110.11003099963085,18.72207260017052],[-110.0974500004171,18.71378140039144],[-110.08472399991257,18.705696100394846],[-110.07183800012353,18.697822599733342],[-110.05882299978151,18.690160800380795],[-110.04566199990126,18.6827145001742],[-110.03237200036745,18.675489399915989],[-110.01895100018839,18.668481799795359],[-110.00540899982536,18.661695500347207],[-109.99173699976262,18.655132300215598],[-109.9779509998387,18.64879990029533],[-109.96405000000738,18.6426925997838],[-109.9500429997845,18.636812200023144],[-109.93592799997714,18.631168400201659],[-109.92171500014706,18.62575339959983],[-109.90740200020207,18.620574999836492],[-109.89299799965784,18.615634899730992],[-109.87850200026702,18.610927599928914],[-109.86393000006933,18.60646440041188],[-109.84927399959531,18.602239600377402],[-109.83454100006702,18.598258999553309],[-109.81974000010081,18.594516800010467],[-109.80487099969679,18.591022500388249],[-109.78994800039982,18.587772399976416],[-109.77496300004231,18.584768300117105],[-109.75992599998483,18.582012200003192],[-109.74483500013503,18.579503999809901],[-109.72970600033153,18.577245699629486],[-109.71453899967497,18.575233499826311],[-109.69934100028684,18.573472999579394],[-109.68411300041453,18.571964299612887],[-109.668854000012,18.570703499567003],[-109.65357200034742,18.569698300336427],[-109.63827499999115,18.568941099951928],[-109.62297100021141,18.568435699847782],[-109.60765800001661,18.56818389956743],[-109.59081999964314,18.401822999731792],[-109.57246400031329,18.402126299689144],[-109.55411500040685,18.402730900410859],[-109.53577399997005,18.403634999655651],[-109.51746400006346,18.404844300024592],[-109.49917600027209,18.4063529999911],[-109.48091099974272,18.408163099647481],[-109.46268500011257,18.410274500068283],[-109.44449600039002,18.412683499643947],[-109.42636899992931,18.415395700251509],[-109.40827900027557,18.418401700378297],[-109.39024399956082,18.42170519983523],[-109.37228399960679,18.42530819961388],[-109.35438499976783,18.429204899986303],[-109.33656299988246,18.433393499610474],[-109.31881699990453,18.437875700003701],[-109.30115500020298,18.442651699916155],[-109.28358500024746,18.447715800344042],[-109.26610599999179,18.45306970010671],[-109.2487340001739,18.458709700292559],[-109.23146100042476,18.464632000366691],[-109.21430199963748,18.470840499789347],[-109.19725000018724,18.477331200174888],[-109.18032800043676,18.484102200356404],[-109.16353600038599,18.491148000080273],[-109.14685800019646,18.498470299964538],[-109.13033299986796,18.506067299566382],[-109.11393700009239,18.513933200057295],[-109.09768699985506,18.522069899906114],[-109.08159599975551,18.530471799933764],[-109.06565899956308,18.539136900048049],[-109.04988100040777,18.548063299981436],[-109.03426399968373,18.557247200098345],[-109.01882199983532,18.566688499674683],[-109.00354799964038,18.576381700255411],[-108.98846400011342,18.586326600392454],[-108.97354900028603,18.596515699739882],[-108.95883199969694,18.606948900271675],[-108.9443049997758,18.617624299921658],[-108.92997700003843,18.628536199685982],[-108.91584000011579,18.639682800021319],[-108.90192399959278,18.651060099843846],[-108.88820600010672,18.662664400242022],[-108.87470199969744,18.67449570031647],[-108.861426999956,18.686544399804347],[-108.84836600019065,18.698808700061591],[-108.83553300014773,18.711288500364162],[-108.82292899987334,18.723976099817264],[-108.81056199973642,18.736871699869198],[-108.79842400026729,18.749969499892643],[-108.78653000035911,18.763261799892291],[-108.77488700033467,18.776750599960337],[-108.76349600024014,18.790426299833996],[-108.7523499997526,18.804287000145052],[-108.74146300041701,18.818332699994244],[-108.73082700006591,18.832551999575287],[-108.72045900038245,18.846946700230149],[-108.71035800042131,18.861509299814486],[-108.70052300013623,18.87623599959187],[-108.69094800015,18.891120900009639],[-108.68166400009341,18.906164199818079],[-108.67265300003584,18.921356199828892],[-108.66391800011553,18.936693200231161],[-108.65547200003266,18.952173200033315],[-108.64730100004101,18.967788699788798],[-108.63942700025575,18.983535800037259],[-108.63183600003129,18.999410600419026],[-108.62454200001321,19.015411400315998],[-108.61754600024761,19.031526600272514],[-108.61084699978909,19.047754300021097],[-108.60443900015963,19.064090699925998],[-108.59834299962961,19.080528299641458],[-108.59254500025145,19.097066900417246],[-108.58705099960383,19.113695099749179],[-108.58186299957765,19.130415000252185],[-108.57698100017291,19.147214899947812],[-108.57241800019045,19.16409300019194],[-108.56816099993011,19.181043600182136],[-108.56422400003748,19.198062900282764],[-108.56059299986697,19.215145099866618],[-108.55727399969521,19.232278800026734],[-108.55428300026017,19.249471699859214],[-108.55160499997066,19.266706500005114],[-108.54924800009502,19.283985099832648],[-108.54720300021819,19.301298099627729],[-108.54547899985585,19.318645500289733],[-108.54408300023016,19.336015699664927],[-108.54299899970397,19.353406900008565],[-108.54224399996053,19.370811500250682],[-108.54180899968549,19.388227500299024],[-108.36531100020238,19.405994399621989],[-108.36552400013238,19.42631720007887],[-108.36612700006089,19.446632400365104],[-108.36710400014937,19.466936100121075],[-108.36844599998284,19.487220799900115],[-108.37017799981476,19.507480600149734],[-108.37227600033702,19.527708100348718],[-108.37475599958964,19.547895399952893],[-108.37760200043186,19.568042800235162],[-108.38082899995828,19.588138600116451],[-108.38442200017505,19.608177200417629],[-108.38838999969863,19.628158600239374],[-108.39272299986646,19.648065600047516],[-108.39743000019428,19.667900100109648],[-108.40250400035922,19.687654500255121],[-108.40795099973877,19.707323099681446],[-108.41375700038515,19.72689629992442],[-108.41992999996944,19.746376000352257],[-108.42645999982904,19.765747100448493],[-108.43335000010234,19.785009399664204],[-108.44059799979777,19.804155299627496],[-108.44820399981467,19.823179200260029],[-108.45616099983016,19.842073399767742],[-108.46447800025942,19.860834100313639],[-108.47312899990334,19.879453699928433],[-108.48213999996091,19.897930099594589],[-108.49148600017867,19.916257899782408],[-108.50117500002614,19.934425400312136],[-108.51120000007984,19.952428799749441],[-108.52156100033977,19.970270199809988],[-108.53225699986058,19.987932200410853],[-108.54328200016408,20.005420700205264],[-108.55463400025883,20.022722200369401],[-108.56629900039843,20.039835000285166],[-108.57829300042152,20.05675320040001],[-108.59059100007448,20.073469199643966],[-108.6032100001413,20.089982999815732],[-108.61613499993018,20.106286999845281],[-108.6293640002483,20.122373599562138],[-108.64288299955069,20.138240799773257],[-108.65670800037384,20.153884899768457],[-108.6708220001351,20.169296300184271],[-108.68522599977996,20.184473000029072],[-108.69990500041536,20.199413299584251],[-108.71486699971217,20.214105600293351],[-108.73011000027617,20.228551899550666],[-108.7456130002397,20.242744400234017],[-108.76137499955649,20.256679499659299],[-108.7774050004403,20.2703533001648],[-108.79369399977816,20.28376010004871],[-108.81022600042945,20.296897900118154],[-108.82700299978853,20.309760999570642],[-108.84402499965393,20.322345700393896],[-108.86126699977211,20.334649999797819],[-108.87875400039673,20.346668199677822],[-108.89646100037476,20.358396500398328],[-108.9143830003751,20.369829200257527],[-108.93251800030538,20.380966200330022],[-108.95085899984286,20.391805600348334],[-108.96940599988687,20.402339899966535],[-108.98813600027609,20.412567099991804],[-109.0070720002725,20.422483399889131],[-109.02618400029127,20.432086900290358],[-109.04547899975591,20.441375700028686],[-109.06494099972724,20.450342199832789],[-109.0845720002975,20.458991999781119],[-109.10436200010611,20.467311899624633],[-109.12430599982196,20.475307500340989],[-109.144402000252,20.482973100228548],[-109.16464200012808,20.490306899743757],[-109.18500500028046,20.497306799869079],[-109.20550499955601,20.503969199718938],[-109.22612800000712,20.51029589973615],[-109.24686400027332,20.516279199925293],[-109.2677150004468,20.52191929993586],[-109.28865800036635,20.527217900385949],[-109.30971500014704,20.532171199841116],[-109.33084899988137,20.536777500381504],[-109.35207400021483,20.541032800023856],[-109.37337499955646,20.544938999935027],[-109.39474500028143,20.548492400304156],[-109.41618299964563,20.551696799867557],[-109.43766800027788,20.554546399796664],[-109.45921300007979,20.557039299823941],[-109.48079699988153,20.559181199852617],[-109.50241899963703,20.56096460043608],[-109.52407099987664,20.562393199586609],[-109.54575299970105,20.563465099734685],[-109.56744399994056,20.564180399805764],[-109.58914899992629,20.564538999975014]]]},"properties":{"objectid":17588,"radii":50,"stormid":"EP182026","basin":"ep","stormnum":18,"advnum":26,"synoptime":"2026100200","timezone":"UTC","ne":70,"se":60,"sw":50,"nw":70,"idp_source":"EP182026_radii","idp_filedate":1791040084000,"idp_ingestdate":1791040150000,"st_area(shape)":3.6671191773350125,"st_perimeter(shape)":7.3802624316764076,"binnumber":"EP3"}},{"type":"Feature","id":17589,"geometry":{"type":"Polygon","coordinates":[[[-109.59381900034651,20.065448800122169],[-109.60541500000215,19.982271200155878],[-109.61622600032956,19.982091899621594],[-109.62702900028802,19.981737099987299],[-109.63782499992374,19.981201200275336],[-109.6486209995594,19.980491600107428],[-109.65939299988696,19.979600899861794],[-109.6701430000993,19.97853469961683],[-109.68087000015026,19.977291100004379],[-109.69158200040891,19.975872000392656],[-109.70225499976834,19.974277499707],[-109.71290599991187,19.972505599653857],[-109.72351800005555,19.970560099868862],[-109.73409300029164,19.968439100084538],[-109.74462899962856,19.966146499761294],[-109.75511900044143,19.96367840033804],[-109.76555599970953,19.961038599651772],[-109.77594799960042,19.958227200225224],[-109.78628499965293,19.955245999803196],[-109.79656199963648,19.952093099916794],[-109.80677800040428,19.948776199662007],[-109.81693300015775,19.945287699767675],[-109.82702599974999,19.941633200312083],[-109.83704400038022,19.937812800220684],[-109.84699199958101,19.93383030002849],[-109.8568570003502,19.9296799000075],[-109.86664600031258,19.925371200420727],[-109.87634999995242,19.920902300101204],[-109.88597899973098,19.91627310012359],[-109.89550800029389,19.911487599773068],[-109.90495299968109,19.906543700031875],[-109.91430700026774,19.901445400185196],[-109.92356099984016,19.896196400043948],[-109.93271600024315,19.890794800239973],[-109.94176500025446,19.88524250014143],[-109.95071400015087,19.879543300283217],[-109.95954900018609,19.873695400222687],[-109.9682769997836,19.867704400038178],[-109.97689799984272,19.861572299821944],[-109.98539699967171,19.855297100380994],[-109.99377400016988,19.848884599644691],[-110.00203699990755,19.842332800218685],[-110.01017800031434,19.835649500124475],[-110.01818800007607,19.828828799809401],[-110.02607000023022,19.82188030043568],[-110.03382099973925,19.814802199761857],[-110.04143500012503,19.807596200204614],[-110.04892700028074,19.800270099785394],[-110.05626699972214,19.792818099675685],[-110.06346899999426,19.785247800046079],[-110.07053400024381,19.777559299821974],[-110.07745400010191,19.769756299713606],[-110.08422100009898,19.761840799813228],[-110.09085100007349,19.753814700388261],[-110.09732099986417,19.745681800175078],[-110.10363799979376,19.737440099980745],[-110.10981000023122,19.729099299892937],[-110.11582199958553,19.720657299994514],[-110.12167399965529,19.712118099570773],[-110.12736500039438,19.703483599788456],[-110.13289600005027,19.694755600190945],[-110.13826000009885,19.685939799782091],[-110.14347100028635,19.677034399917773],[-110.14849900012865,19.668044999777067],[-110.15337400010992,19.658975600443739],[-110.15807300006878,19.649827999662591],[-110.16259800009755,19.640602100306808],[-110.1669540004267,19.631305700397888],[-110.17113499988022,19.621936799843581],[-110.17514799968035,19.612501100345639],[-110.17897800003459,19.603004499658084],[-110.18263200036643,19.59344100020212],[-110.18611099982269,19.58382030026678],[-110.18940699983307,19.574146300211737],[-110.1925279998672,19.564416900119966],[-110.19545700004045,19.55463789971941],[-110.19821899970697,19.544811200176866],[-110.20078300013523,19.534944499689061],[-110.20317799996462,19.525034000418941],[-110.20538300002534,19.515085199922169],[-110.20740499974085,19.505104100274139],[-110.20923599964158,19.495088599759185],[-110.21089199956606,19.48504640017137],[-110.21234900020607,19.474977499711997],[-110.21362299960163,19.464885699815341],[-110.21471399955135,19.45477489994181],[-110.21561399968624,19.444648700077607],[-110.21632400005245,19.434507399696884],[-110.21685000002736,19.424356499952637],[-110.21718600023365,19.41419979958124],[-110.21733900009468,19.404039400298245],[-110.04093200031144,19.395835899707151],[-110.04077899955109,19.388578399573646],[-110.0404889996675,19.381324799799813],[-110.0400700001303,19.374076800104376],[-110.03951299962512,19.366836500404304],[-110.03881799995065,19.359605800067754],[-110.03800200009215,19.352388399804966],[-110.03704099984219,19.345186199883358],[-110.03594999989247,19.337999300127763],[-110.03472900024309,19.330833400441236],[-110.03337099967177,19.323688499924458],[-110.0318909997697,19.316566499744283],[-110.03027299979902,19.309469200343472],[-110.02851899985188,19.302400600107774],[-110.02664199962851,19.295360600111735],[-110.02463499970537,19.288352999991105],[-110.02249900012868,19.281381600280781],[-110.0202329999529,19.274444599638684],[-110.01782999975461,19.267545699674429],[-110.01531199964899,19.260688799848367],[-110.01267200021255,19.253873800335782],[-110.00989499985428,19.247102700329492],[-110.0069960001652,19.240379300364566],[-110.00397500024599,19.233703600440947],[-110.00083200009664,19.227077499926793],[-109.99756599967105,19.220508599892128],[-109.99417899996081,19.21398930016619],[-109.99067700034317,19.2075291002879],[-109.98705299959613,19.201126099989665],[-109.98331499988723,19.194786099898749],[-109.97945399990209,19.188509000190322],[-109.97547900005571,19.182294799965177],[-109.97139699977163,19.176145600039547],[-109.96719400020282,19.170064899675538],[-109.96288300015021,19.164056799781633],[-109.95846599970605,19.158121099809023],[-109.95393400025381,19.152257899582537],[-109.94929500036386,19.146467200001439],[-109.94455000008236,19.140756600336999],[-109.93971300005484,19.135124200321741],[-109.93475299975103,19.129571900223141],[-109.92970299979351,19.124101600308734],[-109.92455299972107,19.118717200038873],[-109.91930399957982,19.113416700220682],[-109.91395600026908,19.108205799857899],[-109.90851600031306,19.103080700214264],[-109.90297700028822,19.098047299943062],[-109.8973459996181,19.093105299570084],[-109.891631999617,19.088258700178983],[-109.88582599986989,19.083505599703813],[-109.8799359998464,19.078847900210576],[-109.87396200044589,19.074291199979029],[-109.86790499991571,19.069827999562676],[-109.86175499959347,19.065469699667062],[-109.85553699973264,19.061210600389018],[-109.84924299996436,19.057056399833129],[-109.84287300028865,19.053005200429823],[-109.83642599975997,19.049058899748559],[-109.82990999964665,19.045221300123046],[-109.82331799962589,19.041492499579306],[-109.81666600043548,19.037870399999122],[-109.80994399981563,19.03435710040003],[-109.80315399965724,19.030958199961105],[-109.79630999970664,19.02766989994609],[-109.78940599968706,19.024494200447123],[-109.78244000040559,19.021434800375857],[-109.77542099957935,19.018489800364136],[-109.76835600022912,19.0156573999692],[-109.7612299998645,19.012945200260901],[-109.75406600044545,19.010349299980362],[-109.74684100001207,19.007873499662423],[-109.73958599999384,19.005516099588476],[-109.7322849996529,19.003278699652412],[-109.72493000041908,19.001161600227817],[-109.71755999959419,18.999164599866504],[-109.7101359998764,18.997291599827633],[-109.70269000004339,18.995540600018842],[-109.69520600025663,18.993911700264903],[-109.6876980002624,18.992404899666553],[-109.68016099983021,18.991023999658012],[-109.67260000008986,18.9897670999718],[-109.66501600018819,18.988632199616461],[-109.6574100001713,18.98762319985093],[-109.64979599978545,18.986742000043421],[-109.64215900013767,18.9859866999264],[-109.63450599975198,18.985353499864289],[-109.62685400031177,18.984847999935369],[-109.61918600013371,18.984472300056723],[-109.61151900000175,18.984218600408212],[-109.60384400040022,18.984092699818405],[-109.59539800031735,18.900911300216478],[-109.58618900012215,18.901061999611727],[-109.5769880002959,18.901365299569079],[-109.56779499993922,18.901821100263703],[-109.55860899990535,18.902425799910873],[-109.54943799966384,18.903183000295371],[-109.54027599983743,18.904090900075118],[-109.53114300044899,18.905149500149435],[-109.52201799963086,18.906358699794282],[-109.51292400024232,18.907716800190315],[-109.50386000043858,18.909223599889344],[-109.49481999994293,18.910881000058225],[-109.48580899988536,18.912687300078971],[-109.47683699982758,18.914640400034557],[-109.46790299972355,18.91674230001729],[-109.45900699957326,18.91899109975958],[-109.45015699974567,18.921384800068608],[-109.44134499987177,18.923923499869773],[-109.43257900032052,18.926607100237618],[-109.42387399998501,18.929435700097599],[-109.41521499997219,18.932407400081615],[-109.4066089997055,18.935520200097301],[-109.39807099987667,18.938774100144769],[-109.38958699984005,18.942167299781204],[-109.38117200028751,18.945699700081207],[-109.37282600031955,18.949373200412992],[-109.36454000042056,18.953180300430688],[-109.35633099957585,18.95712279967762],[-109.34819000006837,18.961202600219963],[-109.34012599961511,18.965416000448215],[-109.33214600033756,18.969759000177874],[-109.32424200006812,18.974233600400453],[-109.31642200007514,18.978837999773987],[-109.30867799998958,18.983570100180145],[-109.3010410003418,18.988428100276735],[-109.29347999970213,18.99341200006387],[-109.28601800003059,18.998521800440869],[-109.2786559995746,19.003749799613729],[-109.27137800029436,19.009101899832956],[-109.2642059996071,19.014568300286953],[-109.25714100025687,19.0201550003531],[-109.25017500007607,19.025857900022231],[-109.24331700037919,19.031671499939932],[-109.2365569998056,19.037599599741895],[-109.22991900036146,19.043638200142937],[-109.22338899960255,19.049785599625864],[-109.21697199955804,19.056036000261315],[-109.21067000032014,19.062393199886401],[-109.20449099955988,19.068855300032226],[-109.19842500041335,19.075414699628823],[-109.19248199974442,19.082075100285806],[-109.18667599999731,19.088832900218335],[-109.18097699978864,19.095684100141227],[-109.17540700013285,19.102626799787117],[-109.1699749996464,19.109663000147464],[-109.16466500028946,19.11678700041989],[-109.15949200005565,19.123994800419837],[-109.15445699989056,19.131288500064386],[-109.14954399995554,19.138662299625594],[-109.14477500036588,19.146118200094975],[-109.14014399994556,19.153650300121399],[-109.13565099959385,19.161258700428846],[-109.13130199958749,19.168937700214826],[-109.1270899996037,19.176691100014409],[-109.12303200042641,19.18450740019648],[-109.11911000032615,19.192390400396789],[-109.11533399976418,19.20034030026477],[-109.11170200044688,19.208347299888146],[-109.1082230000913,19.216417299718728],[-109.10489699959675,19.224538800125686],[-109.10171500034687,19.232717500112699],[-109.09868600005876,19.240945800408497],[-109.09580200016205,19.249221799846339],[-109.09308599991886,19.25754359995733],[-109.09051500006711,19.265909199749899],[-109.0880970000764,19.274316799680719],[-109.08583800022342,19.282764399657481],[-109.08373300027762,19.291244500233631],[-109.08178699957028,19.299762699688984],[-109.08000900031499,19.30830569974836],[-109.07837699969866,19.316879300139703],[-109.07690400011944,19.325479499779249],[-109.07558400040119,19.33410259975534],[-109.07443999980603,19.342744800432342],[-109.07344099960233,19.351404199744138],[-109.0726089999053,19.360080699664707],[-109.07193800043825,19.368768700115538],[-109.07142600020967,19.377466200105175],[-109.07107500021101,19.386169399997925],[-109.07088500044233,19.394878399618563],[-108.8944700002902,19.404445599784765],[-108.89463799994365,19.416059500445726],[-108.89501999957321,19.427667599580218],[-108.89561500003214,19.439268100342701],[-108.89641600009821,19.450857200399639],[-108.89743799956392,19.462431000290564],[-108.89868200027399,19.473987599748057],[-108.9001309996458,19.4855232000358],[-108.90180200026202,19.497030299908545],[-108.90367899958608,19.508508699716856],[-108.90576899973945,19.519952800281658],[-108.90806600044544,19.531364400247014],[-108.91058299960565,19.542732199631473],[-108.9133070002178,19.55406190013673],[-108.91624499990672,19.565341899609109],[-108.91938800005607,19.576572400396117],[-108.92273699981257,19.58774760007185],[-108.92629200007565,19.598867399710855],[-108.93005399999203,19.609928100401646],[-108.93402100036877,19.620924000442415],[-108.93819400035272,19.631853099740908],[-108.94257399999003,19.64271349982829],[-108.94715099971876,19.653497700358741],[-108.95192699963121,19.664207499976271],[-108.95690199972739,19.674835199584948],[-108.96206699959225,19.685377100273115],[-108.96743799996364,19.69583699987777],[-108.9730000001498,19.70620539975954],[-108.97874499978184,19.716478299733865],[-108.98468799955145,19.726656000174387],[-108.99082200003517,19.736736300440043],[-108.99713899996476,19.746713599553118],[-109.00364699970919,19.756582300133175],[-109.01033000032913,19.766346000367776],[-109.01719700044112,19.775997199910989],[-109.02424599995283,19.785533899569941],[-109.03146400006347,19.79495240043309],[-109.03886399957383,19.804250699710167],[-109.0464250002135,19.813426999656429],[-109.05416900029905,19.822475399820007],[-109.06207299966911,19.831396099850281],[-109.07014499959195,19.840185200286896],[-109.07837699969866,19.848840700138339],[-109.08677700035821,19.857360799861169],[-109.09532899993332,19.865739799552273],[-109.10402699994597,19.873973799751184],[-109.11288500014257,19.882066699918425],[-109.12189500015404,19.890012700325997],[-109.1310580000266,19.897806199996296],[-109.14034999955277,19.905450799814673],[-109.14979599988538,19.91294100042694],[-109.15936999982551,19.920270899582476],[-109.16909000020325,19.927446400431165],[-109.1789400002807,19.934459699555646],[-109.18891099964281,19.94130900011038],[-109.1990199999729,19.947994199572804],[-109.20924400021033,19.954509699663049],[-109.21959700010137,19.960857399749329],[-109.23005700043012,19.967033400371292],[-109.24063900008969,19.973037699730185],[-109.25132800018696,19.978866599813898],[-109.26212299977652,19.984518099630748],[-109.27302599984989,19.989990199987858],[-109.28402699994598,19.995283099635458],[-109.29511999978808,20.000392900012457],[-109.30632000006784,20.005319600219536],[-109.31760399972472,20.010061299989161],[-109.32897199965794,20.014616000128456],[-109.34043100019039,20.018983799562818],[-109.35195900030755,20.023162799823467],[-109.36357099980171,20.027151099743605],[-109.37525199977989,20.030948600397721],[-109.38700100019588,20.034549699908837],[-109.3988269996662,20.037958099886566],[-109.41070599978195,20.041171999888036],[-109.42264600001278,20.044191399913302],[-109.43463899998977,20.047012299777975],[-109.44667800028941,20.049636800298231],[-109.45877100038126,20.05206110003985],[-109.47090100038076,20.054287000344914],[-109.48307799984974,20.056312600046567],[-109.49528499980278,20.058135999776709],[-109.50753800007857,20.059759099802761],[-109.51979799977778,20.061178200313861],[-109.53210399979963,20.062398899589709],[-109.54441800019043,20.063415500425151],[-109.55675499984329,20.064230000214479],[-109.56909899981889,20.064838399672567],[-109.58145899963301,20.065246600150601],[-109.59381900034651,20.065448800122169]]]},"properties":{"objectid":17589,"radii":64,"stormid":"EP182026","basin":"ep","stormnum":18,"advnum":26,"synoptime":"2026100200","timezone":"UTC","ne":40,"se":30,"sw":25,"nw":35,"idp_source":"EP182026_radii","idp_filedate":1791040084000,"idp_ingestdate":1791040150000,"st_area(shape)":1.0028437353270376,"st_perimeter(shape)":3.983718699510284,"binnumber":"EP3"}},{"type":"Feature","id":17590,"geometry":{"type":"Polygon","coordinates":[[[-110.0797119999088,21.562713599952815],[-110.1203079996144,21.562713599952815],[-110.160881000058,21.562046099747818],[-110.20143100034028,21.560710899688388],[-110.24195100013844,21.55870630005586],[-110.28242499961397,21.55603410039356],[-110.32284500019648,21.552699999705339],[-110.36319000001839,21.548698399711498],[-110.40345000041708,21.544035000315148],[-110.44361900021659,21.538707699800625],[-110.48368099957838,21.532722500243324],[-110.52360499977084,21.526077299927579],[-110.56340799977926,21.518775900287721],[-110.60306500024944,21.510820400341345],[-110.64255500021301,21.502214400074649],[-110.68187699962374,21.492958100036446],[-110.72101599958859,21.483056999580981],[-110.75995600026909,21.47251509979219],[-110.79869099958984,21.461330399678332],[-110.83719599999529,21.449512500401738],[-110.87547299977899,21.437061300338883],[-110.91349799963285,21.423980699849551],[-110.95127099955687,21.410280200271188],[-110.98877000033514,21.395957900436883],[-111.02599300007682,21.381019600074637],[-111.06291999965816,21.365472800429529],[-111.09954100041676,21.349319499795229],[-111.13584900023108,21.332567200316191],[-111.17182199988531,21.315219900378224],[-111.20745800018648,21.297281299792303],[-111.24275200000471,21.27875899962828],[-111.27767199966297,21.259660699881522],[-111.31223299985294,21.239992099555877],[-111.34640500009061,21.219755199642861],[-111.38018800037582,21.198959399856562],[-111.41355899964805,21.177610400100036],[-111.44652600007475,21.155717799736806],[-111.47906499964989,21.133283599758443],[-111.51116899984936,21.110317199879034],[-111.54282400002751,21.08682820036131],[-111.57402800009203,21.062820399941643],[-111.60477399972024,21.038303399782194],[-111.63504800006507,21.013284700228894],[-111.66483300034258,20.987772000377674],[-111.69412999969961,20.961772900399183],[-111.72291599977348,20.935296999656941],[-111.75120500031039,20.90834999985276],[-111.77896900001923,20.88094139962601],[-111.80621300002986,20.853080700314194],[-111.83292399974272,20.824775699938755],[-111.85909299964214,20.796037700279783],[-111.88470499993571,20.766872400341128],[-111.90975999972409,20.737289400385635],[-111.93425799990666,20.707300200044358],[-111.95817600032206,20.676910400294901],[-111.98151400007094,20.646135300403955],[-112.00427200005265,20.614975000196239],[-112.02642800015201,20.583450300091442],[-112.04798899979244,20.551565200273899],[-112.06894700040363,20.519329099558433],[-112.08928700039468,20.486755399642107],[-112.10901600008822,20.453849800428088],[-112.12811300031461,20.42062570001616],[-112.14658399955186,20.387090700375666],[-112.16442100012898,20.353261900316568],[-112.18161799997063,20.319141399755949],[-112.19816599956113,20.284742399842003],[-112.21407300016875,20.250078199749282],[-112.22931699987953,20.215156600197076],[-112.24391899966201,20.179990799635846],[-112.2578429996546,20.144588499859537],[-112.27111099997256,20.108964900310013],[-112.28369900040843,20.073127700083433],[-112.29562399994757,20.037088399710001],[-112.30686200018107,20.000860200338138],[-112.31742900004821,19.964450800164457],[-112.32731600003331,19.92787359998681],[-112.33651000043608,19.891139999611426],[-112.34502400005744,19.854261399743962],[-112.35284400005048,19.817247399747828],[-112.35997799988468,19.780109400328683],[-112.36641700004441,19.742860799586367],[-112.37216899999925,19.705511099757587],[-112.37721299968007,19.668075600108978],[-112.38156099964033,19.630557999552195],[-112.38522300034111,19.592979399779608],[-112.38818400019136,19.555341700159488],[-112.39044199999819,19.517665899861527],[-112.39200600017665,19.479953800227861],[-112.39286800035785,19.442226400428183],[-112.39303600001131,19.404487599922959],[-112.39250899999024,19.366750699685156],[-112.39128100001807,19.329030999880899],[-112.38935100004852,19.291336099781347],[-112.38673399987408,19.253681199727737],[-112.38341499970238,19.216072100347276],[-112.37941000027121,19.178522099915142],[-112.37471799973582,19.141042699860861],[-112.36932400010244,19.103650999893887],[-112.36325099973374,19.066352799742049],[-112.35649900042841,19.029157599843472],[-112.34906000001888,18.99208070036417],[-112.34094199977335,18.955131500118796],[-112.3321380002684,18.918321600361708],[-112.32267800018946,18.881662399999925],[-112.31253800022841,18.845163299646686],[-112.30173500026996,18.808836000381234],[-112.29026800026793,18.772693599929823],[-112.2781449996919,18.736743899911176],[-112.26535799997163,18.701000200399051],[-112.2519300003691,18.665470099765457],[-112.23785399966226,18.630168899974876],[-112.22312899960355,18.595102300031272],[-112.20777100003153,18.560285600100485],[-112.19178000004689,18.525724400261026],[-112.17517100034132,18.491432200235977],[-112.15792800017698,18.457420300006959],[-112.14007599980744,18.423694600025897],[-112.12161300003982,18.390268299642457],[-112.10255399976717,18.357151000018803],[-112.08287799981974,18.324352299619079],[-112.06262999957471,18.291881599956014],[-112.04178599972403,18.259750399761288],[-112.02036300015226,18.227964399837333],[-111.99836700023678,18.196537000082628],[-111.97580700039265,18.165475799768501],[-111.95269000004339,18.134792300324534],[-111.92901600008821,18.104492199855258],[-111.90480000031965,18.07458310032996],[-111.88005100025339,18.045082099659339],[-111.8547740001199,18.015989300366073],[-111.82896399968871,17.987317999825962],[-111.80265000029721,17.959073999565589],[-111.77583300019273,17.931270599658603],[-111.74851200022852,17.903911599740695],[-111.72071099971276,17.877002699714978],[-111.69242900039796,17.850559199747408],[-111.6636659995861,17.824583099930237],[-111.63444500013657,17.799083700152778],[-111.6047670002967,17.774070699603271],[-111.57464599981296,17.749549899808187],[-111.54408999995343,17.725526800121884],[-111.51309999986501,17.702011099732601],[-111.48169699961676,17.67900850034215],[-111.4498830002002,17.656526600322479],[-111.41767100041625,17.634571099576704],[-111.38507800014946,17.613147699806632],[-111.35209699997648,17.592264199933027],[-111.31875600028911,17.571929899845145],[-111.28504199958849,17.55214309982432],[-111.250991999581,17.532917000119596],[-111.21659099957486,17.51425169965637],[-111.18187000010033,17.49615669977203],[-111.14681999984305,17.478637700369688],[-111.11147300027864,17.46169469965082],[-111.07581299977005,17.445337299676794],[-111.03987900011566,17.429569200258527],[-111.00366200000121,17.414394399781884],[-110.96717800016449,17.399818400299068],[-110.93044999986751,17.385845200195945],[-110.89347099968677,17.372480399550966],[-110.85625500026794,17.359724000162601],[-110.81881699960473,17.347583800052462],[-110.78116599991085,17.336059599571001],[-110.7433240004022,17.325157200244746],[-110.70528399985659,17.314880399910692],[-110.66706800018795,17.305229200367421],[-110.62869300038159,17.296209299719521],[-110.59015700034519,17.287824600125361],[-110.55147599991739,17.28007320041803],[-110.51265700032019,17.272958800408446],[-110.47372399996254,17.266487099999779],[-110.43467699974366,17.260656400372739],[-110.39553799977875,17.255468400346558],[-110.35630800011404,17.250927000280967],[-110.31700099959636,17.247032200176022],[-110.27764100023188,17.243781999939472],[-110.23821300042954,17.241184200290775],[-110.19876100041972,17.23923299970329],[-110.15926400013342,17.237932199611464],[-110.11975900037748,17.237281800015182],[-110.0802460002526,17.237281800015182],[-110.04073300012777,17.237932199611464],[-110.00125099963384,17.23923299970329],[-109.96178399983165,17.241184200290775],[-109.92236300035211,17.243784000031724],[-109.88299599976546,17.247032200176022],[-109.84368900014715,17.250928899649125],[-109.80446599990586,17.255470299714716],[-109.76531999961821,17.260658299740896],[-109.72627999972212,17.266487099999779],[-109.68733999994095,17.272960699776604],[-109.64852899981338,17.280075099786188],[-109.6098480002849,17.287824600125361],[-109.5713120002485,17.296213200079251],[-109.53292800002708,17.305233000003113],[-109.49471300040454,17.314882300178169],[-109.45668000018179,17.325159099612904],[-109.41883100035028,17.336061499838479],[-109.38117999975708,17.347585700319939],[-109.34375000036215,17.35972789962301],[-109.306534000044,17.372484200085921],[-109.26955399981716,17.385848999831637],[-109.2328190000967,17.399822199934704],[-109.19633500025998,17.414400099684997],[-109.1601259996151,17.429574999986414],[-109.12418399959182,17.445341100211749],[-109.08853899977493,17.461698500185776],[-109.05318499988772,17.478641500005381],[-109.01813499963043,17.496162399675143],[-108.9834140001559,17.514257399559483],[-108.94901300014976,17.532920799755232],[-108.91496300014222,17.55214879972749],[-108.88125599976451,17.5719337003801],[-108.84790000028471,17.59226989983614],[-108.81492600043447,17.613153500433839],[-108.78232599984494,17.634574900111716],[-108.75012200042988,17.656532300225592],[-108.71830700006791,17.679014200245263],[-108.68689700039613,17.702016799635715],[-108.65592200010013,17.725532500024997],[-108.62535899991781,17.749557499978778],[-108.59523800033332,17.774076500230422],[-108.56555900044742,17.799091300323369],[-108.53634599956814,17.824590700100885],[-108.50758399970175,17.850566899742773],[-108.479294000018,17.877010299885569],[-108.45149200035542,17.903917299643808],[-108.42417100039125,17.931278199829194],[-108.39735400028678,17.959083599828432],[-108.3710399999959,17.987325699821326],[-108.34523799993366,18.015996899637344],[-108.3199540003767,18.04508969982993],[-108.29520400026428,18.074592599868708],[-108.2709879995964,18.104499800025906],[-108.24731399964128,18.134798000227647],[-108.22420499966091,18.165483499763866],[-108.20164499981678,18.196544600253219],[-108.17964199957851,18.227972000007924],[-108.15822600032953,18.259757999931878],[-108.13738299962563,18.291889200126604],[-108.11712599986492,18.32435989978967],[-108.09746599975597,18.357160600281645],[-108.07839199969095,18.3902778999053],[-108.05992899992333,18.423704099564702],[-108.04207600040701,18.457428000002324],[-108.0248409997123,18.491441699774782],[-108.00822399963778,18.525733899799775],[-107.99223299965314,18.560295099639291],[-107.9768829995507,18.595113799662272],[-107.96216599986093,18.630178500237719],[-107.94808199968446,18.665481600295777],[-107.93465400008193,18.701007799670379],[-107.92186700036166,18.736753500174018],[-107.90974399978569,18.772701299925188],[-107.8982769997836,18.808847400187517],[-107.88747399982515,18.845172899909528],[-107.8773349999102,18.881671900437993],[-107.86786700036168,18.918331099900456],[-107.85907699970369,18.955141100381638],[-107.85095200003468,18.992090199902918],[-107.84351299962515,19.029169100373849],[-107.83675399999703,19.066362400004891],[-107.83068099962833,19.103662500424207],[-107.82530199978737,19.141056099759339],[-107.82060199978235,19.178533600445462],[-107.81659700035118,19.216079699618604],[-107.81327800017948,19.253688799898327],[-107.81066100000504,19.291347499587573],[-107.80873900040444,19.329040500318968],[-107.80750300006332,19.366760299947998],[-107.80697600004225,19.404497100361027],[-107.80714399969571,19.442233999699454],[-107.80800599987691,19.479965200034087],[-107.80957000005537,19.517673500032117],[-107.8118289999083,19.555353199790488],[-107.81478899971245,19.592989000042451],[-107.81845100041323,19.630569500082515],[-107.82280000041959,19.668083200279625],[-107.82785000037711,19.70552249956387],[-107.83359500000915,19.742870300024492],[-107.84004199963846,19.780118899867489],[-107.84716800000308,19.817256900185953],[-107.85498799999613,19.854268999914552],[-107.86350999998643,19.891149500049551],[-107.87270400038921,19.927883100424879],[-107.88258400005145,19.964460400427299],[-107.89314999987249,20.000869799701661],[-107.90439599957563,20.037099800415604],[-107.91632100001402,20.073137300346275],[-107.92890899955057,20.108976399941071],[-107.94217699986854,20.144599899665764],[-107.95609999981502,20.180000300073914],[-107.97069500017403,20.215166099735882],[-107.98594700025376,20.25008770018735],[-108.00184599959312,20.284751900280128],[-108.01840199955257,20.31914899992654],[-108.03559099992464,20.353269600311933],[-108.05343599997133,20.387102100181892],[-108.07189899973895,20.420635199554965],[-108.09101099975771,20.453857399699359],[-108.11073300002784,20.486764900080232],[-108.13107300001883,20.519338599996559],[-108.15203099973075,20.551574699812704],[-108.1735920002705,20.583459900354285],[-108.19574700032371,20.614986400002522],[-108.21850600035151,20.646141100131786],[-108.2418440001004,20.676917999566172],[-108.26576199961647,20.707305899947471],[-108.29025999979905,20.737295200113522],[-108.31531499958749,20.766879999612456],[-108.34092699988105,20.796045299551054],[-108.36709599978047,20.824785200376823],[-108.39380600034656,20.853088400309559],[-108.42105100040322,20.880948999796658],[-108.44881400006597,20.908357600023351],[-108.47710399974972,20.935302699560054],[-108.50589800019247,20.961780499670454],[-108.53519400040273,20.987779599648945],[-108.56497999982702,21.013292300399485],[-108.59524499975686,21.038310999952841],[-108.62599200033043,21.062828099937008],[-108.657196000395,21.086835900356675],[-108.68884999962768,21.110324899874342],[-108.72095499987324,21.133287400293455],[-108.75349400034776,21.155721700096535],[-108.78646099987515,21.177616100003149],[-108.81983900036948,21.198963200391518],[-108.8536150003319,21.219760900445351],[-108.8877869996702,21.239995999915607],[-108.92234799986022,21.259666399784635],[-108.95727499984127,21.278764700430713],[-108.99256100018994,21.297286999695416],[-109.02819799963788,21.315221799746382],[-109.06417799961491,21.332570999951827],[-109.10047900000575,21.349325199698342],[-109.13710800023392,21.365476600065165],[-109.17402600029959,21.381023399710273],[-109.21125799955695,21.395961799897293],[-109.24875600028906,21.410283999906824],[-109.28652199989028,21.423984500384506],[-109.32455400006694,21.437065099974518],[-109.36283099985064,21.449516300037374],[-109.40133700030225,21.461334200213287],[-109.44006300010727,21.472517000059668],[-109.47900399993455,21.483058899848515],[-109.51814299989945,21.492961899672082],[-109.5574650002095,21.502218199710285],[-109.59695400012691,21.510822299709503],[-109.63661199974388,21.518777799655879],[-109.6764139997062,21.526079200195056],[-109.7163470003137,21.532724399611482],[-109.7564089996755,21.538709600068103],[-109.79657000000537,21.544035000315148],[-109.83683000040412,21.548700299978975],[-109.87718199964945,21.552701999797591],[-109.91760300027812,21.556037900029196],[-109.95807599970755,21.55870630005586],[-109.99858900008218,21.560710899688388],[-110.03914599978799,21.562046099747818],[-110.0797119999088,21.562713599952815]]]},"properties":{"objectid":17590,"radii":34,"stormid":"EP182026","basin":"ep","stormnum":18,"advnum":26,"synoptime":"2026100206","timezone":"UTC","ne":130,"se":130,"sw":130,"nw":130,"idp_source":"EP182026_radii","idp_filedate":1791040084000,"idp_ingestdate":1791040150000,"st_area(shape)":15.580483567532719,"st_perimeter(shape)":14.001728762671595,"binnumber":"EP3"}},{"type":"Feature","id":17591,"geometry":{"type":"Polygon","coordinates":[[[-110.08915700019531,20.564538999975014],[-110.11086999965067,20.564538999975014],[-110.13257599968256,20.564180399805764],[-110.15426599987592,20.563465099734685],[-110.17594100027685,20.562393199586609],[-110.19759399966324,20.56096460043608],[-110.21921500027196,20.559181199852617],[-110.2408070004426,20.557039299823941],[-110.26234399987561,20.554546399796664],[-110.28383599993134,20.551694899600079],[-110.30526699987206,20.548492400304156],[-110.32663699969766,20.54493709966755],[-110.34794600030756,20.541030899756379],[-110.36916400031828,20.53677560011397],[-110.39030500037535,20.532169299573638],[-110.41134600031756,20.527216000118472],[-110.43230400002949,20.52191929993586],[-110.45314799988017,20.516277299657816],[-110.47388500019252,20.510294000367935],[-110.49451400002101,20.50396730035078],[-110.51500699987304,20.497304899601602],[-110.5353780003943,20.490304899651562],[-110.55561800027039,20.482971199961071],[-110.57569900000874,20.475305600073511],[-110.59565000004739,20.467310000256475],[-110.61543999985599,20.458988200145484],[-110.63507100042625,20.450340299565312],[-110.65453300039758,20.441370000125573],[-110.67382799986223,20.432083099755403],[-110.69293999988099,20.422479600253496],[-110.71187599987741,20.412565199724327],[-110.73061399973619,20.402336100330899],[-110.74915300031063,20.391801799813379],[-110.76750200021706,20.380964300062544],[-110.78563700014735,20.369825399722572],[-110.80355800010153,20.358392699863373],[-110.82125899980292,20.346664400042187],[-110.83873700001243,20.334648100429604],[-110.8559949999692,20.322341899858941],[-110.87301599978844,20.309759100202427],[-110.88978599972398,20.296895999850676],[-110.90632599984491,20.283758199781232],[-110.9226069997132,20.270349499629845],[-110.9386290002281,20.256675700023663],[-110.95439899991379,20.242742499966539],[-110.96991000024622,20.228548000090257],[-110.9851459995881,20.214101799758396],[-111.00010699973814,20.199407599681138],[-111.01478600037353,20.184469200393437],[-111.02919000001839,20.169292399824542],[-111.04330399977965,20.153879199865344],[-111.05712100023385,20.138237000137565],[-111.07065600027408,20.122367899658968],[-111.08387800026941,20.106283200209646],[-111.09680200001219,20.089979200180096],[-111.10941299971006,20.073465300183614],[-111.12171899973197,20.056749300040281],[-111.13370500028543,20.039831199750211],[-111.14537799989466,20.022716499566968],[-111.15673100003551,20.00541500030215],[-111.16774699992402,19.987930300143375],[-111.17844400039019,19.970264400082158],[-111.18880499975086,19.952426900381283],[-111.19883700012736,19.934417700316772],[-111.20852700002092,19.916252100054521],[-111.21787999966216,19.897924399691419],[-111.22688300025015,19.879449799568761],[-111.23554200026302,19.860828400410469],[-111.24384299995438,19.842067699864572],[-111.25180800033883,19.823171600089438],[-111.25941500040187,19.804149599724383],[-111.26665499972836,19.785003699761091],[-111.27355200032446,19.765741299821286],[-111.28008999965368,19.746370300449144],[-111.28625499976835,19.726890600021306],[-111.29206100041472,19.707317399778333],[-111.2975010003708,19.687648800352008],[-111.30258199995922,19.667896299574693],[-111.30728099991813,19.648061800411881],[-111.31162299960164,19.628150900244009],[-111.31558999997844,19.608173399882617],[-111.31918300019521,19.588132900213338],[-111.32240300029815,19.568038899875489],[-111.32525599966453,19.547891600317257],[-111.32773599981647,19.527700400353353],[-111.32983400033874,19.507474900246564],[-111.33155799980176,19.487215000172284],[-111.33290900005022,19.466930400217962],[-111.33387799976975,19.446628599830149],[-111.33447999965216,19.426311500175757],[-111.33470199999721,19.405988699718876],[-110.98184999957772,19.39061160034521],[-110.98149899957906,19.376096699902916],[-110.98088099985819,19.361591299898691],[-110.97999600041499,19.347097400424843],[-110.97885099977373,19.332620599761015],[-110.97742499966392,19.318164800065631],[-110.97573900015465,19.303731899807474],[-110.97379300034657,19.289333299692146],[-110.97157299959417,19.274969100443798],[-110.96908600001876,19.26064109980706],[-110.96633900014467,19.246356999575994],[-110.96333300001783,19.232116699925882],[-110.9600679996384,19.217933699680657],[-110.95653500038986,19.203803999555078],[-110.95273599966657,19.189733500001182],[-110.9486849999127,19.175729800290185],[-110.94437399986009,19.161794699965583],[-110.93981199992373,19.147933999654526],[-110.93498999968864,19.134147600431561],[-110.92992399989259,19.120441400050709],[-110.92459899984385,19.106824899849414],[-110.91902199986532,19.093296099735369],[-110.91320000027969,19.079860699611743],[-110.90713500027994,19.066524500105743],[-110.90081800035034,19.053289399686207],[-110.8942719997529,19.040159199787354],[-110.88747400012488,19.027139700137184],[-110.8804400004056,19.014236499914659],[-110.87316899964952,19.001445800383522],[-110.86566900002424,18.988779100275394],[-110.85793300030764,18.976240200125289],[-110.84996799992314,18.963827099840898],[-110.84178200013912,18.951547600141794],[-110.83336599964105,18.939407300206881],[-110.82472999978955,18.927404399593513],[-110.81587999996191,18.915546400446146],[-110.80680100036579,18.90383530015913],[-110.79752299968658,18.892276800434161],[-110.78802499965394,18.880874600182779],[-110.77832800033684,18.869626999686432],[-110.76841700014432,18.858541500190199],[-110.75830799981424,18.847621900430511],[-110.74800100024589,18.836868300232027],[-110.7375029999634,18.82628819994062],[-110.72680700044265,18.815881700280386],[-110.71592699963122,18.805652599987638],[-110.70485699995049,18.795604699597334],[-110.69360399992456,18.785738000008848],[-110.68217499987622,18.776060099594076],[-110.67056999980554,18.766573000243909],[-110.65879099980469,18.757276499610896],[-110.6468430001043,18.748176599770375],[-110.63473500021996,18.739275000441069],[-110.62245899978291,18.730571699824225],[-110.61003899989981,18.72207260017052],[-110.59745799978674,18.71378140039144],[-110.58472399981264,18.705696100394846],[-110.5718460003925,18.697822599733342],[-110.55882299968158,18.690160800380795],[-110.54567000017028,18.6827145001742],[-110.53237899969099,18.675489399915989],[-110.51895899955809,18.668481799795359],[-110.50540899972543,18.661695500347207],[-110.49174500003164,18.655132300215598],[-110.47795900010766,18.64879990029533],[-110.4640580002764,18.6426925997838],[-110.45005000000742,18.636812200023144],[-110.4359360002461,18.631168400201659],[-110.42171500004713,18.62575339959983],[-110.40740999957171,18.620574999836492],[-110.39299799955796,18.615634899730992],[-110.37850999963666,18.610927599928914],[-110.3639299999694,18.60646440041188],[-110.3492740003947,18.602239600377402],[-110.33454900033598,18.598258999553309],[-110.31974800036983,18.594516800010467],[-110.30487799991965,18.591022500388249],[-110.28995499972336,18.587772399976416],[-110.27497100031133,18.584768300117105],[-110.2599259998849,18.582012200003192],[-110.24484300040405,18.579503999809901],[-110.22971299965513,18.577245699629486],[-110.2145389995751,18.575233499826311],[-110.19934799961038,18.573472999579394],[-110.1841130003146,18.571964299612887],[-110.16885399991207,18.570703499567003],[-110.15357200024749,18.569698300336427],[-110.13828300026017,18.568941099951928],[-110.12297800043427,18.568435699847782],[-110.10766600028558,18.56818389956743],[-110.09082799991216,18.401822999731792],[-110.07246400021336,18.402126299689144],[-110.0541229997765,18.402730900410859],[-110.03578200023901,18.403634999655651],[-110.01747100028632,18.404844300024592],[-109.99917600017216,18.4063529999911],[-109.98091900001174,18.408163099647481],[-109.96269200033544,18.410274500068283],[-109.94450399975966,18.412683499643947],[-109.92636899982938,18.415395700251509],[-109.90827900017564,18.418401700378297],[-109.89025099978369,18.42170519983523],[-109.87229199987581,18.42530819961388],[-109.85439300003685,18.429204899986303],[-109.83656299978253,18.433393499610474],[-109.81882500017355,18.437875700003701],[-109.80115500010305,18.442651699916155],[-109.783591999571,18.447715800344042],[-109.76611300021472,18.45306970010671],[-109.74873400007397,18.458709700292559],[-109.73146100032483,18.464632000366691],[-109.71430200043687,18.470840499789347],[-109.69725799955694,18.477331200174888],[-109.68032800033683,18.484102200356404],[-109.66353600028611,18.491148000080273],[-109.6468659995661,18.498470299964538],[-109.63033299976803,18.506067299566382],[-109.61394500036135,18.513933200057295],[-109.59770200044687,18.522069899906114],[-109.58160400002447,18.530471799933764],[-109.56565900036247,18.539136900048049],[-109.54988100030783,18.548063299981436],[-109.5342709999066,18.557247200098345],[-109.51882199973539,18.566688499674683],[-109.50355499986324,18.576381700255411],[-109.48846400001349,18.586326600392454],[-109.47355699965573,18.596515699739882],[-109.45883899991981,18.606948900271675],[-109.44430499967592,18.617624299921658],[-109.4299769999385,18.628536199685982],[-109.41584800038481,18.639682800021319],[-109.40192400039223,18.651060099843846],[-109.38821400037574,18.662664400242022],[-109.37470999996646,18.67449570031647],[-109.36142699985606,18.686544399804347],[-109.34837300041352,18.698808700061591],[-109.33554100041675,18.711288500364162],[-109.32293700014236,18.723976099817264],[-109.31056199963649,18.736871699869198],[-109.29843099959083,18.749969499892643],[-109.2865450000516,18.763261799892291],[-109.27489499970437,18.776750599960337],[-109.26349600014021,18.790426299833996],[-109.25234999965267,18.804287000145052],[-109.24146300031714,18.818332699994244],[-109.23082699996598,18.832551999575287],[-109.22045900028252,18.846946700230149],[-109.21035800032138,18.861509299814486],[-109.2005230000363,18.87623599959187],[-109.19095600041896,18.891120900009639],[-109.18166399999353,18.906164199818079],[-109.1726610003048,18.921356199828892],[-109.16392500033839,18.936693200231161],[-109.15547199993273,18.952173200033315],[-109.14730099994108,18.967788699788798],[-109.13942700015582,18.983535800037259],[-109.1318440003003,18.999410600419026],[-109.12454199991328,19.015411400315998],[-109.11755399961731,19.031526600272514],[-109.11084699968922,19.047754300021097],[-109.1044460003825,19.064090699925998],[-109.09834300042905,19.080528299641458],[-109.09254500015152,19.097066900417246],[-109.08705100040322,19.113695099749179],[-109.08187099984667,19.130415000252185],[-109.0769959998654,19.147214899947812],[-109.07242599956015,19.16409300019194],[-109.06816900019908,19.181043600182136],[-109.06422399993755,19.198062900282764],[-109.06059299976704,19.215145099866618],[-109.05728099991813,19.232278800026734],[-109.05429099962981,19.249471699859214],[-109.05160499987073,19.266706500005114],[-109.04924799999509,19.283985099832648],[-109.04721099958789,19.301298099627729],[-109.04548600007877,19.318645500289733],[-109.04408300013023,19.336015699664927],[-109.04300699997299,19.353406900008565],[-109.04225200022955,19.370811500250682],[-109.04181699995451,19.388227500299024],[-108.86531100010245,19.405994399621989],[-108.8655320004014,19.42631720007887],[-108.8661350003299,19.446632400365104],[-108.86711100037229,19.466936100121075],[-108.8684540002518,19.487220799900115],[-108.87018600008372,19.507480600149734],[-108.87227600023715,19.527708100348718],[-108.87475600038903,19.547895399952893],[-108.87760899975541,19.568042800235162],[-108.88082899985835,19.588138600116451],[-108.88442200007512,19.608177200417629],[-108.8883899995987,19.628158600239374],[-108.89273100013543,19.648065600047516],[-108.89743799956392,19.667900100109648],[-108.90251199972892,19.687654500255121],[-108.90795099963884,19.707323099681446],[-108.91375700028522,19.72689629992442],[-108.91993700019231,19.746376000352257],[-108.9264599997291,19.765747100448493],[-108.9333570003252,19.785009399664204],[-108.94060500002064,19.804155299627496],[-108.94821200008363,19.823179200260029],[-108.95616900009918,19.842073399767742],[-108.96447800015949,19.860834100313639],[-108.9731370001723,19.879453699928433],[-108.98213999986103,19.897930099594589],[-108.99148600007874,19.916257899782408],[-109.00117499992621,19.934425400312136],[-109.01120800034886,19.952428799749441],[-109.02156799966338,19.970270199809988],[-109.03226500012954,19.987932200410853],[-109.04328900038695,20.005420700205264],[-109.0546340001589,20.022722200369401],[-109.06630699976813,20.039835000285166],[-109.07829999974507,20.05675320040001],[-109.0905990003435,20.073469199643966],[-109.10321800041027,20.089982999815732],[-109.11613499983031,20.106286999845281],[-109.12936400014837,20.122373599562138],[-109.14289099981971,20.138240799773257],[-109.15671499969739,20.153884899768457],[-109.17083000040412,20.169296300184271],[-109.18523400004898,20.184473000029072],[-109.199912999785,20.199413299584251],[-109.21487399993504,20.214105600293351],[-109.2301100001763,20.228551899550666],[-109.24562099960934,20.242744400234017],[-109.26138299982546,20.256679499659299],[-109.2774119997639,20.2703533001648],[-109.29369399967823,20.28376010004871],[-109.31023399979915,20.296897900118154],[-109.3270029996886,20.309760999570642],[-109.34402499955399,20.322345700393896],[-109.36127500004113,20.334649999797819],[-109.37876099972027,20.346668199677822],[-109.39646100027483,20.358396500398328],[-109.41438300027517,20.369829200257527],[-109.43251800020545,20.380966200330022],[-109.45086700011188,20.391805600348334],[-109.46940599978694,20.402339899966535],[-109.48814399964579,20.412567099991804],[-109.5070799996422,20.422483399889131],[-109.52619199966097,20.432086900290358],[-109.54548599997884,20.441375700028686],[-109.56494099962731,20.450342199832789],[-109.58457899962104,20.458991999781119],[-109.60437000037513,20.467311899624633],[-109.62431300004482,20.475307500340989],[-109.64440200015207,20.482973100228548],[-109.66464200002821,20.490306899743757],[-109.6850129996501,20.497306799869079],[-109.7055050003554,20.503969199718938],[-109.72612799990719,20.51029589973615],[-109.74687199964296,20.516279199925293],[-109.76771500034687,20.52191929993586],[-109.788665999736,20.527217900385949],[-109.80971500004711,20.532171199841116],[-109.83085600010423,20.536777500381504],[-109.8520740001149,20.541032800023856],[-109.87338299982548,20.544938999935027],[-109.8947450001815,20.548492400304156],[-109.91618300044502,20.551696799867557],[-109.93767499960143,20.554546399796664],[-109.95921299997985,20.557039299823941],[-109.9807969997816,20.559181199852617],[-110.0024259998599,20.56096460043608],[-110.02407800009951,20.562393199586609],[-110.04575299960118,20.563465099734685],[-110.06744399984063,20.564180399805764],[-110.08915700019531,20.564538999975014]]]},"properties":{"objectid":17591,"radii":50,"stormid":"EP182026","basin":"ep","stormnum":18,"advnum":26,"synoptime":"2026100206","timezone":"UTC","ne":70,"se":60,"sw":50,"nw":70,"idp_source":"EP182026_radii","idp_filedate":1791040084000,"idp_ingestdate":1791040150000,"st_area(shape)":3.6671198980189303,"st_perimeter(shape)":7.3802704405594275,"binnumber":"EP3"}},{"type":"Feature","id":17592,"geometry":{"type":"Polygon","coordinates":[[[-110.09382599967006,20.065448800122169],[-110.10541499990222,19.982271200155878],[-110.11622600022963,19.982091899621594],[-110.12703699965772,19.981737099987299],[-110.1378330001927,19.981201200275336],[-110.14862100035879,19.980491600107428],[-110.15939299978703,19.979600899861794],[-110.17014299999937,19.97853469961683],[-110.18087800041928,19.977291100004379],[-110.19158899973246,19.975872000392656],[-110.20226300003731,19.974277499707],[-110.21291400018089,19.972505599653857],[-110.22352600032457,19.970560099868862],[-110.23409999961518,19.968439100084538],[-110.24463699989752,19.966146499761294],[-110.25511900034149,19.96367840033804],[-110.2655639999785,19.961038599651772],[-110.27595499982328,19.958227200225224],[-110.286284999553,19.955245999803196],[-110.29656200043587,19.952093099916794],[-110.30678599977398,19.948776199662007],[-110.31694000038061,19.945287699767675],[-110.32702599965006,19.941633200312083],[-110.33705099970376,19.937812800220684],[-110.3469920003804,19.93383030002849],[-110.35686499971985,19.9296799000075],[-110.36665299963613,19.925371200420727],[-110.37635800022144,19.920902300101204],[-110.38597899963105,19.91627310012359],[-110.39551499961743,19.911487599773068],[-110.40496099995011,19.906543700031875],[-110.41431399959129,19.901445400185196],[-110.42356900010918,19.896196400043948],[-110.43271600014322,19.890794800239973],[-110.44177199957801,19.88524250014143],[-110.45071400005094,19.879543300283217],[-110.45955699955579,19.873695400222687],[-110.46828500005262,19.867704400038178],[-110.47690600011174,19.861572299821944],[-110.48539699957178,19.855297100380994],[-110.4937820004389,19.848884599644691],[-110.50204500017651,19.842332800218685],[-110.51017800021447,19.835649500124475],[-110.51818799997613,19.828828799809401],[-110.52607699955377,19.82188030043568],[-110.53382900000827,19.814802199761857],[-110.54144300039405,19.807596200204614],[-110.54892700018081,19.800270099785394],[-110.55626699962221,19.792818099675685],[-110.56347700026328,19.785247800046079],[-110.57054099956736,19.777559299821974],[-110.57746100032483,19.769756299713606],[-110.584229000368,19.761840799813228],[-110.59085099997355,19.753814700388261],[-110.59732800008703,19.745681800175078],[-110.60364500001663,19.737440099980745],[-110.60981000013129,19.729099299892937],[-110.61582200038492,19.720657299994514],[-110.62167399955536,19.712118099570773],[-110.62736500029445,19.703483599788456],[-110.63289599995034,19.694755600190945],[-110.63826800036782,19.685939799782091],[-110.64347100018642,19.677034399917773],[-110.64850600035152,19.668044999777067],[-110.65337400000999,19.658975600443739],[-110.65807299996885,19.649827999662591],[-110.66260500032041,19.640602100306808],[-110.66696199979634,19.631305700397888],[-110.67114300014924,19.621936799843581],[-110.67514799958042,19.612501100345639],[-110.67897799993466,19.603004499658084],[-110.68263200026649,19.59344100020212],[-110.68611099972276,19.58382030026678],[-110.68941500010209,19.574146300211737],[-110.69252799976726,19.564416900119966],[-110.69546500030941,19.55463789971941],[-110.69821899960704,19.544811200176866],[-110.70079000035815,19.534944499689061],[-110.70317799986469,19.525034000418941],[-110.70539100029436,19.515085199922169],[-110.70741300000986,19.505104100274139],[-110.70923600044097,19.495088599759185],[-110.71089200036545,19.48504640017137],[-110.71235699957577,19.474977499711997],[-110.71362300040107,19.464885699815341],[-110.71471400035074,19.45477489994181],[-110.71562199995526,19.444648700077607],[-110.71633100027532,19.434507399696884],[-110.71685800029638,19.424356499952637],[-110.7171939996033,19.41419979958124],[-110.71733899999475,19.404039400298245],[-110.54093899963505,19.395835899707151],[-110.54078699982011,19.388578399573646],[-110.54048899956757,19.381324799799813],[-110.54007700035316,19.374076800104376],[-110.53951300042451,19.366836500404304],[-110.53882600021961,19.359605800067754],[-110.53801000036111,19.352388399804966],[-110.53704099974226,19.345186199883358],[-110.53595700011539,19.337999300127763],[-110.53473699961273,19.330833400441236],[-110.53337899994079,19.323688499924458],[-110.53189099966983,19.316566499744283],[-110.53027299969909,19.309469200343472],[-110.52852600007475,19.302400600107774],[-110.52664899985137,19.295360600111735],[-110.52464299997439,19.288352999991105],[-110.52249900002874,19.281381600280781],[-110.52023299985296,19.274444599638684],[-110.51783800002357,19.267545699674429],[-110.51531999991795,19.260688799848367],[-110.51267200011262,19.253873800335782],[-110.50990300012324,19.247102700329492],[-110.50700400043416,19.240379300364566],[-110.50397500014606,19.233703600440947],[-110.5008390003195,19.227077499926793],[-110.49757399994007,19.220508599892128],[-110.49418600018367,19.21398930016619],[-110.49067700024329,19.2075291002879],[-110.48706099986515,19.201126099989665],[-110.4833149997873,19.194786099898749],[-110.47946200017105,19.188509000190322],[-110.47547899995578,19.182294799965177],[-110.4713969996717,19.176145600039547],[-110.46720100042575,19.170064899675538],[-110.46289100041923,19.164056799781633],[-110.45846599960612,19.158121099809023],[-110.45394099957736,19.152257899582537],[-110.44930299973356,19.146467200001439],[-110.44455700030522,19.140756600336999],[-110.43971299995491,19.135124200321741],[-110.43476100002005,19.129571900223141],[-110.42971000001637,19.124101600308734],[-110.42456099999004,19.118717200038873],[-110.41930400037921,19.113416700220682],[-110.41395600016915,19.108205799857899],[-110.40851600021313,19.103080700214264],[-110.40297700018829,19.098047299943062],[-110.39735399988712,19.093105299570084],[-110.39163200041639,19.088258700178983],[-110.38582599976996,19.083505599703813],[-110.37994400011542,19.078847900210576],[-110.37396200034595,19.074291199979029],[-110.36790499981578,19.069827999562676],[-110.36176299986244,19.065469699667062],[-110.35554500000165,19.061210600389018],[-110.34925100023338,19.057056399833129],[-110.34287300018872,19.053005200429823],[-110.33642599966004,19.049058899748559],[-110.32991000044609,19.045221300123046],[-110.32331800042527,19.041492499579306],[-110.31666600033554,19.037870399999122],[-110.3099439997157,19.03435710040003],[-110.30315399955731,19.030958199961105],[-110.29630999960671,19.02766989994609],[-110.28940599958713,19.024494200447123],[-110.28244799977529,19.021434800375857],[-110.27542899984837,19.018489800364136],[-110.26835600012919,19.0156573999692],[-110.26122999976457,19.012945200260901],[-110.25406600034552,19.010349299980362],[-110.24684900028103,19.007873499662423],[-110.2395859998939,19.005516099588476],[-110.23228499955297,19.003278699652412],[-110.22493699974262,19.001161600227817],[-110.21756000039363,18.999164599866504],[-110.21014400014542,18.997291599827633],[-110.20268999994346,18.995540600018842],[-110.19521299958018,18.993911700264903],[-110.18769800016247,18.992404899666553],[-110.18016800005307,18.991023999658012],[-110.17260700031272,18.9897670999718],[-110.16502399955783,18.988632199616461],[-110.15741700039416,18.98762319985093],[-110.14979599968552,18.986742000043421],[-110.14216600036053,18.9859866999264],[-110.134514000021,18.985353499864289],[-110.12685400021184,18.984847999935369],[-110.11919400040267,18.984472300056723],[-110.11151899990182,18.984218600408212],[-110.10384400030028,18.984092699818405],[-110.09540599968705,18.900911300216478],[-110.08619700039117,18.901061999611727],[-110.07699599966554,18.901365299569079],[-110.06780200016209,18.901821100263703],[-110.05861700017431,18.902425799910873],[-110.04944599993286,18.903183000295371],[-110.0402830000603,18.904090900075118],[-110.03114300034912,18.905149500149435],[-110.02202599989988,18.906358699794282],[-110.01293199961202,18.907716800190315],[-110.00386799980822,18.909223599889344],[-109.994819999843,18.910881000058225],[-109.98580899978543,18.912687300078971],[-109.9768450000966,18.914640400034557],[-109.96790299962362,18.91674230001729],[-109.95900700037265,18.91899109975958],[-109.95015699964574,18.921384800068608],[-109.94134499977184,18.923923499869773],[-109.93258699969016,18.926607100237618],[-109.92387399988507,18.929435700097599],[-109.91522200019506,18.932407400081615],[-109.90661599992836,18.935520200097301],[-109.89807900014563,18.938774100144769],[-109.88959500010907,18.942167299781204],[-109.88117200018758,18.945699700081207],[-109.87282600021962,18.949373200412992],[-109.86454000032069,18.953180300430688],[-109.85633100037529,18.95712279967762],[-109.84818999996844,18.961202600219963],[-109.84013399988407,18.965416000448215],[-109.83214600023763,18.969759000177874],[-109.82424199996825,18.974233600400453],[-109.8164219999752,18.978837999773987],[-109.80868500021251,18.983570100180145],[-109.80104100024187,18.988428100276735],[-109.79348799997115,18.99341200006387],[-109.78602600029956,18.998521800440869],[-109.77865600037404,19.003749799613729],[-109.77138499961796,19.009101899832956],[-109.76421399987612,19.014568300286953],[-109.75714100015693,19.0201550003531],[-109.7501749999762,19.025857900022231],[-109.74331700027926,19.031671499939932],[-109.73656500007462,19.037599599741895],[-109.72992699973116,19.043638200142937],[-109.72339599982541,19.049785599625864],[-109.71697200035743,19.056036000261315],[-109.71067799968984,19.062393199886401],[-109.70449799978275,19.068855300032226],[-109.69843299978299,19.075414699628823],[-109.69249000001338,19.082075100285806],[-109.68667599989737,19.088832900218335],[-109.68098400001151,19.095684100141227],[-109.67541500040187,19.102626799787117],[-109.66997500044585,19.109663000147464],[-109.6646729996591,19.11678700041989],[-109.65950000032467,19.123994800419837],[-109.65445699979063,19.131288500064386],[-109.64955100017841,19.138662299625594],[-109.64478299973553,19.146118200094975],[-109.64015200021453,19.153650300121399],[-109.63565799981671,19.161258700428846],[-109.63130200038694,19.168937700214826],[-109.62709799987272,19.176691100014409],[-109.62303200032648,19.18450740019648],[-109.61911000022621,19.192390400396789],[-109.61533399966424,19.20034030026477],[-109.61170999981653,19.208347299888146],[-109.60822299999137,19.216417299718728],[-109.60489700039614,19.224538800125686],[-109.60171500024694,19.232717500112699],[-109.59869400032778,19.240945800408497],[-109.59581000043107,19.249221799846339],[-109.59308599981892,19.25754359995733],[-109.59052300033608,19.265909199749899],[-109.58810400029927,19.274316799680719],[-109.58584599959312,19.282764399657481],[-109.58373999960122,19.291244500233631],[-109.58179499983925,19.299762699688984],[-109.58000900021511,19.30830569974836],[-109.57837699959873,19.316879300139703],[-109.5769120003884,19.325479499779249],[-109.57559199977089,19.33410259975534],[-109.5744399997061,19.342744800432342],[-109.57344799982525,19.351404199744138],[-109.57261700017432,19.360080699664707],[-109.57194499976185,19.368768700115538],[-109.57143399957931,19.377466200105175],[-109.57108299958065,19.386169399997925],[-109.57089199976588,19.394878399618563],[-109.39447799965984,19.404445599784765],[-109.39463799984372,19.416059500445726],[-109.3950200003726,19.427667599580218],[-109.39561499993221,19.439268100342701],[-109.39643099979071,19.450857200399639],[-109.39744599983294,19.462431000290564],[-109.39868899959754,19.473987599748057],[-109.40013899991482,19.4855232000358],[-109.40180200016209,19.497030299908545],[-109.40367900038547,19.508508699716856],[-109.40576899963952,19.519952800281658],[-109.40807299976905,19.531364400247014],[-109.41058300040504,19.542732199631473],[-109.41331499958744,19.55406190013673],[-109.41625200012959,19.565341899609109],[-109.41938799995614,19.576572400396117],[-109.4227369997127,19.58774760007185],[-109.42630000034467,19.598867399710855],[-109.43006100021489,19.609928100401646],[-109.43402899973847,19.620924000442415],[-109.43820199972242,19.631853099740908],[-109.4425810002129,19.64271349982829],[-109.44715899998778,19.653497700358741],[-109.4519270004306,19.664207499976271],[-109.45690199962746,19.674835199584948],[-109.46207399981512,19.685377100273115],[-109.4674450001865,19.69583699987777],[-109.47300000004986,19.70620539975954],[-109.4787520000047,19.716478299733865],[-109.48469499977432,19.726656000174387],[-109.49082900025803,19.736736300440043],[-109.49714700023378,19.746713599553118],[-109.50364699960926,19.756582300133175],[-109.51033799969883,19.766346000367776],[-109.51719700034118,19.775997199910989],[-109.52424599985289,19.785533899569941],[-109.53147100028633,19.79495240043309],[-109.53886400037322,19.804250699710167],[-109.54643200043637,19.813426999656429],[-109.55416900019912,19.822475399820007],[-109.56207299956918,19.831396099850281],[-109.57014500039134,19.840185200286896],[-109.57838399992158,19.848840700138339],[-109.58677700025828,19.857360799861169],[-109.59532899983338,19.865739799552273],[-109.60403400016889,19.873973799751184],[-109.61289200036543,19.882066699918425],[-109.62190200037691,19.890012700325997],[-109.63105799992667,19.897806199996296],[-109.64035799982173,19.905450799814673],[-109.64980300010825,19.91294100042694],[-109.65937800009453,19.920270899582476],[-109.6690979995729,19.927446400431165],[-109.67894699960425,19.934459699555646],[-109.68891899991183,19.94130900011038],[-109.69902800024192,19.947994199572804],[-109.7092510004332,19.954509699663049],[-109.71959700000144,19.960857399749329],[-109.73006399975367,19.967033400371292],[-109.74064600031255,19.973037699730185],[-109.75133500040982,19.978866599813898],[-109.76213100004554,19.984518099630748],[-109.77303300007281,19.989990199987858],[-109.78402699984605,19.995283099635458],[-109.79512800005705,20.000392900012457],[-109.80631999996791,20.005319600219536],[-109.81760399962479,20.010061299989161],[-109.82897899988086,20.014616000128456],[-109.84043100009046,20.018983799562818],[-109.85195900020761,20.023162799823467],[-109.86357099970178,20.027151099743605],[-109.87525900000276,20.030948600397721],[-109.88700899956558,20.034549699908837],[-109.89882699956627,20.037958099886566],[-109.91070599968202,20.041171999888036],[-109.92264599991285,20.044191399913302],[-109.93463899988984,20.047012299777975],[-109.94668599965905,20.049636800298231],[-109.95877100028133,20.05206110003985],[-109.97090899975046,20.054287000344914],[-109.98307799974981,20.056312600046567],[-109.9952930000718,20.058135999776709],[-110.00753799997864,20.059759099802761],[-110.01980600004674,20.061178200313861],[-110.03210399969976,20.062398899589709],[-110.04442599956013,20.063415500425151],[-110.05675499974336,20.064230000214479],[-110.06910700008791,20.064838399672567],[-110.0814590004324,20.065246600150601],[-110.09382599967006,20.065448800122169]]]},"properties":{"objectid":17592,"radii":64,"stormid":"EP182026","basin":"ep","stormnum":18,"advnum":26,"synoptime":"2026100206","timezone":"UTC","ne":40,"se":30,"sw":25,"nw":35,"idp_source":"EP182026_radii","idp_filedate":1791040084000,"idp_ingestdate":1791040150000,"st_area(shape)":1.0028431907578128,"st_perimeter(shape)":3.9837230928212368,"binnumber":"EP3"}},{"type":"Feature","id":17593,"geometry":{"type":"Polygon","coordinates":[[[-110.57973499997019,21.462713199954351],[-110.62029299972204,21.462713199954351],[-110.66083499963543,21.46204569974941],[-110.70135500033291,21.460710499689924],[-110.74185199996975,21.458707800324873],[-110.78229499981427,21.456037500030732],[-110.82268499991272,21.452701599799127],[-110.86300699957326,21.44870380034024],[-110.90324399981063,21.444038399952319],[-110.94338199997924,21.438713100429368],[-110.98341399975618,21.432725899880495],[-111.02331499978732,21.426082599832284],[-111.06309499963442,21.418781300017145],[-111.10272199962048,21.410825700245994],[-111.1421809999531,21.40222170007155],[-111.18148000010183,21.392965300208573],[-111.22058899958256,21.383066199845359],[-111.25949899977894,21.372522399789034],[-111.29820999979154,21.361341500210187],[-111.33668499971287,21.3495235002095],[-111.37493900023458,21.337070499703941],[-111.41294099992712,21.323993699749565],[-111.45068400026628,21.310293200171202],[-111.48815899993781,21.295970900336897],[-111.52535999956422,21.281034500242129],[-111.56226299983746,21.265487699697701],[-111.59886199958152,21.24933620040548],[-111.63513899976493,21.23258399985184],[-111.67109699962674,21.21523669991393],[-111.70671099981269,21.197301899862907],[-111.74197400000003,21.178783400233897],[-111.77687799981976,21.159683200219661],[-111.81141699989456,21.140014599894016],[-111.8455659999708,21.119777699981],[-111.8793179997258,21.098985699830337],[-111.91268199957454,21.077636700073811],[-111.9456180003703,21.055746099802832],[-111.97813399978418,21.033315700359424],[-112.01021599986842,21.010349299580639],[-112.04185500020799,20.986860300062915],[-112.07303600011124,20.96285630017826],[-112.10376699994697,20.938341099562251],[-112.13400999976159,20.913322400008894],[-112.16378799971631,20.887811700249927],[-112.19306199981133,20.861814499639593],[-112.22183200004667,20.835340500064149],[-112.250106999938,20.808393500259967],[-112.27785499980831,20.780986800300752],[-112.30507699970366,20.75312610008956],[-112.331771999578,20.724824900249075],[-112.35792499963895,20.696085000322626],[-112.38352200014009,20.666921599752186],[-112.4085620001361,20.637338599796692],[-112.43304399958083,20.607353199990314],[-112.4569470002038,20.576965299609014],[-112.48027799962989,20.546190300442163],[-112.50302099981917,20.515033700045365],[-112.5251690004489,20.483509099765286],[-112.54672199972043,20.451623900123025],[-112.5676570001703,20.419391599942514],[-112.58799700016135,20.38681599975871],[-112.60770399973973,20.353914300005101],[-112.62679299959717,20.320690199593173],[-112.64525600026411,20.287158999588314],[-112.66308599961911,20.253326399893581],[-112.68027499999118,20.219207799600383],[-112.69681500011205,20.184812500396731],[-112.71271500039683,20.150148400128728],[-112.72795900010766,20.11522869994468],[-112.74253799972882,20.080062900282769],[-112.75646199972141,20.044662499874619],[-112.76971400020085,20.00904079969331],[-112.7823029997835,19.973201799923288],[-112.79422800022195,19.937166200260094],[-112.80546599955613,19.900936099721378],[-112.8160249999537,19.864528699639891],[-112.82590499961594,19.827951399637527],[-112.83510600034157,19.791215899893984],[-112.8436050001705,19.754339200293998],[-112.85143299963312,19.717325200297921],[-112.85856600032054,19.680189100246935],[-112.86499800015747,19.642940500403938],[-112.87074299978951,19.605592699943315],[-112.87580100011598,19.568155300027229],[-112.88015000012228,19.530639599737867],[-112.88381199992375,19.493059200421897],[-112.88676500030442,19.455423400169934],[-112.8890300004341,19.417745599779721],[-112.89059399971325,19.380035400413533],[-112.89145699994049,19.342307999714535],[-112.89163199991674,19.304569200108631],[-112.89110599994183,19.266834299963136],[-112.8898769999235,19.229112600066571],[-112.8879550003229,19.191417699967019],[-112.88533800014847,19.153759000277773],[-112.88203399976919,19.116151800265527],[-112.87802900033802,19.078603700100814],[-112.87333699980258,19.041126300138785],[-112.86795799996162,19.003730799636855],[-112.86189299996187,18.966430700116859],[-112.85514099975723,18.929237399586441],[-112.84770999971664,18.892162299650522],[-112.83959999984,18.85520939959423],[-112.83081100012748,18.818399400012424],[-112.82135800037133,18.781738300282484],[-112.81122599987987,18.745239299754019],[-112.80043000024421,18.70891189976453],[-112.78897099971175,18.672769500212382],[-112.7768550003579,18.636815999658779],[-112.76408399957683,18.601072300146654],[-112.75066400034325,18.565544099780539],[-112.73659499995921,18.530239100354322],[-112.72188599973902,18.495174399778875],[-112.70653499959047,18.460353900212453],[-112.69055900029753,18.425794599741153],[-112.67395800006153,18.391500500347945],[-112.65673099973577,18.357484799583972],[-112.63889300001182,18.32375909960291],[-112.62044500003663,18.29033280011879],[-112.60138699981007,18.257213600227601],[-112.58173400002397,18.22441480000316],[-112.56149300010179,18.191942200072617],[-112.54066500008958,18.159809099610413],[-112.51926399973371,18.128023099686459],[-112.49727600018718,18.096593900388314],[-112.47473899960505,18.065532700074186],[-112.45162999962469,18.034843400003069],[-112.42797899983088,18.004543300433113],[-112.4037779998547,17.974637999644131],[-112.37903600011123,17.945133200237137],[-112.35377499981627,17.916038499777073],[-112.32798800044577,17.887365299868861],[-112.30168899994732,17.859121299608432],[-112.27488699963521,17.831314100065811],[-112.2475810003628,17.803955100147903],[-112.21979499963942,17.777044299854708],[-112.19152800011699,17.750600799887138],[-112.16278800036582,17.724622699977772],[-112.13358299985543,17.69912340002503],[-112.10392800017695,17.674106599839831],[-112.073814000016,17.649583799952552],[-112.04328200036394,17.625560800090966],[-112.01231400039069,17.602043200333583],[-111.98092699998097,17.579038599951559],[-111.94913499978031,17.556554799664411],[-111.91694600015768,17.534599299817955],[-111.88436899972947,17.513175999872658],[-111.85140200020203,17.492292400174279],[-111.81807700035318,17.471952400183284],[-111.78438599981394,17.452167500429937],[-111.75035099959888,17.432939499558415],[-111.71597299975406,17.414272299726974],[-111.68127400039469,17.396177299842634],[-111.64624800034483,17.378654499905394],[-111.61091599967352,17.361711500085789],[-111.57527900022558,17.345352199844285],[-111.53936000036362,17.329585999794176],[-111.50316600041049,17.314411200216853],[-111.46670499983577,17.29983329956724],[-111.42999300027662,17.285858200096015],[-111.39302799984222,17.272491500082822],[-111.35584300005434,17.259735099795137],[-111.31842799955245,17.247592899592803],[-111.28080000001989,17.236068700010662],[-111.24297300030361,17.225164400416872],[-111.20495599991938,17.214887600082818],[-111.16676300041206,17.205238299907762],[-111.12840300039807,17.196214700348264],[-111.08988999962367,17.187829999854728],[-111.05122399988761,17.180076600055202],[-111.01242799955241,17.172964100313095],[-110.97351800025541,17.166492499729202],[-110.93450199966748,17.16065980000991],[-110.89537800039432,17.155471799983729],[-110.85617099999155,17.150930399918138],[-110.81688699963524,17.147033700445036],[-110.77754200006314,17.143785500300737],[-110.73813600037602,17.141183900117028],[-110.69870000020472,17.139236500064555],[-110.65922500003364,17.137935600147955],[-110.61974300043903,17.137285199652354],[-110.5802539996223,17.137285199652354],[-110.54076399965874,17.137935600147955],[-110.5013050002255,17.139236500064555],[-110.46185300021568,17.141185800384505],[-110.42246200032093,17.143787399668895],[-110.38311000042609,17.147035599813194],[-110.34383400043868,17.150932300185616],[-110.30461899966701,17.155473700251207],[-110.26550299986343,17.160661700277387],[-110.22647100033629,17.166494399996679],[-110.18756100013997,17.172967899948787],[-110.14877300017372,17.180080399690837],[-110.11010700043761,17.187831900122205],[-110.07159399966326,17.1962184999839],[-110.03323399964927,17.20524020017524],[-109.99504100014195,17.214891399718454],[-109.95702399975767,17.225168200052508],[-109.91919700004144,17.23607060027814],[-109.88156899960956,17.247594799860281],[-109.84415400000699,17.259738900330149],[-109.80696099985016,17.272495299718457],[-109.77000399978465,17.285861999731651],[-109.73328399985661,17.299837100102252],[-109.69683099965084,17.314413099585011],[-109.66063699969766,17.329587900061654],[-109.62471000036612,17.345357899747398],[-109.58908799981123,17.361717199988902],[-109.5537570000854,17.378660199808508],[-109.51872999998943,17.396181100377646],[-109.48402400030727,17.414277999630144],[-109.44964599956313,17.43294330009337],[-109.41560399992454,17.45217320033305],[-109.38191999970815,17.471958199911114],[-109.34858700038967,17.492298100077392],[-109.31563599980143,17.513181699775771],[-109.28305099990365,17.534603100352911],[-109.25086200028102,17.556560499567524],[-109.21907000008036,17.579044299854672],[-109.18768299967059,17.602048900236696],[-109.15672300006628,17.625566499994136],[-109.12617499967638,17.649591400123143],[-109.09607700025327,17.674114200010479],[-109.06642199967547,17.699129099928143],[-109.0372160000183,17.724630399973137],[-109.00847600026708,17.750604600422093],[-108.98020200042191,17.777051900025299],[-108.95240800022896,17.803960800051016],[-108.92511000042606,17.831323599604559],[-108.89830800011401,17.859128999603797],[-108.87200899961556,17.887372999864169],[-108.84622999971464,17.916044199680186],[-108.8209609999501,17.94513890014025],[-108.79622699967621,17.974643700446563],[-108.77202599970002,18.004552799971862],[-108.74837499990622,18.034853000265912],[-108.72526599992585,18.065540300244777],[-108.70272800019694,18.096603399927119],[-108.68074800011999,18.128030799681824],[-108.6593319999717,18.159818600048482],[-108.63851200032843,18.191949800243208],[-108.6182630000373,18.224422499998525],[-108.5986100002512,18.257221200398192],[-108.5795590003475,18.290340400289381],[-108.56111100037225,18.323768600040978],[-108.54326600032556,18.357496300114292],[-108.52603899999974,18.39150999988675],[-108.5094450000866,18.425802199911743],[-108.49346199957154,18.460363399751259],[-108.47811899979189,18.495183900216944],[-108.46340900042492,18.530250500160605],[-108.44934800040977,18.565551799775903],[-108.43592800027687,18.60108179968546],[-108.42314900002623,18.636827500189099],[-108.41103399981915,18.672777200207747],[-108.39957400013992,18.708921400202598],[-108.38878599997383,18.745246899924609],[-108.37865400038169,18.781747799821233],[-108.3691940003028,18.818409000275267],[-108.36041300005979,18.855218900032355],[-108.35229499981432,18.892169999645887],[-108.34486399977368,18.929246900024566],[-108.33811999993793,18.966442099923086],[-108.33205399989208,19.003740300074924],[-108.32666799972833,19.041135799677534],[-108.32197600009221,19.078613300363656],[-108.31797800008457,19.116163299896527],[-108.31466700028176,19.153772400176251],[-108.31205000010732,19.191427200405087],[-108.3101349999302,19.229122200329414],[-108.30890699995797,19.266843800401205],[-108.30837999993696,19.304578800371473],[-108.30854799959042,19.342317599977378],[-108.30941800014051,19.380046800219816],[-108.31098200031897,19.417755100217846],[-108.3132400001258,19.45543479997616],[-108.31619999992995,19.49307060022818],[-108.31986199973142,19.53064920000071],[-108.32421099973777,19.568164799565977],[-108.32926199974139,19.605602300206158],[-108.33500700027275,19.642950099767404],[-108.34145399990206,19.680198699610457],[-108.34857900022058,19.717336699928921],[-108.35640000025973,19.754348799657521],[-108.36491399988108,19.791229199967745],[-108.37410700023776,19.82796099990037],[-108.3839869999,19.864536299810538],[-108.39454700034372,19.90094569998422],[-108.4057920000007,19.937173800430685],[-108.41770199974741,19.973211300361356],[-108.43029000018328,20.009048499688674],[-108.44355000013229,20.044672000312687],[-108.45747400012493,20.080072399821518],[-108.47205399979214,20.115238200382805],[-108.48730499982577,20.150156000299319],[-108.50319699974165,20.184822099760254],[-108.51973699986257,20.219219200305986],[-108.53692600023464,20.253336000156423],[-108.55475599958959,20.287166599758905],[-108.57321900025659,20.320697799763764],[-108.59230800011403,20.353921900175692],[-108.6120220000152,20.386825600021552],[-108.6323549996834,20.419399299937879],[-108.6532969995568,20.451633500385867],[-108.67484300030412,20.483518600203354],[-108.69699900040342,20.515043300308207],[-108.71973400022381,20.546197899713434],[-108.7430649996499,20.576974899871857],[-108.76696800027293,20.607360800160961],[-108.79145099976375,20.637348200059535],[-108.81648999971361,20.666931200015028],[-108.8420870002148,20.696092599593953],[-108.8682400002757,20.724832500419723],[-108.89493600019614,20.753135700352402],[-108.92215700004544,20.780994399572023],[-108.94991300028465,20.80839920016308],[-108.97817999980703,20.835344299699784],[-109.00695800041132,20.861820200442025],[-109.03623999997592,20.88781740015304],[-109.06600200009211,20.913330100004259],[-109.09625200022953,20.938346900189458],[-109.12697599974251,20.96286390034885],[-109.15816500001466,20.98686979960172],[-109.18980400035423,21.010356899751287],[-109.22188600043847,21.033319499995059],[-109.25440199985229,21.055749900337787],[-109.28734600011774,21.077644300244401],[-109.3206940001279,21.09899139973345],[-109.35445400025179,21.119785300151648],[-109.38861099979772,21.140020399621903],[-109.42314100035679,21.159688900122774],[-109.45804600022262,21.178785299602055],[-109.49330900040997,21.197305700397919],[-109.52893100006548,21.215244300084521],[-109.56488000041162,21.232591600022488],[-109.60116600011071,21.249342000133367],[-109.63775600033904,21.265493399600871],[-109.67465999975906,21.281038299877764],[-109.71185299991589,21.295974699972589],[-109.74932899963352,21.310296999806837],[-109.78707099992658,21.323997500284577],[-109.82508099998807,21.337076199607054],[-109.86332700014083,21.349525500301752],[-109.90181699985459,21.361343399578345],[-109.94051400012091,21.372526200324046],[-109.97943099974077,21.383068100112894],[-110.01853900007472,21.392969099844208],[-110.05783800022346,21.402223600339028],[-110.09730500002564,21.410827599614151],[-110.13693200001171,21.418783200284622],[-110.17670400038924,21.426082599832284],[-110.21661399993604,21.432727800147973],[-110.25663800024341,21.438714999797526],[-110.29677600041197,21.444040300219797],[-110.33701299975002,21.44870380034024],[-110.37733500030993,21.452703500066605],[-110.41771700003943,21.456039400298209],[-110.4581680002529,21.458709699693031],[-110.49865700042011,21.460710499689924],[-110.5391849996879,21.46204569974941],[-110.57973499997019,21.462713199954351]]]},"properties":{"objectid":17593,"radii":34,"stormid":"EP182026","basin":"ep","stormnum":18,"advnum":26,"synoptime":"2026100212","timezone":"UTC","ne":130,"se":130,"sw":130,"nw":130,"idp_source":"EP182026_radii","idp_filedate":1791040084000,"idp_ingestdate":1791040150000,"st_area(shape)":15.570930324193272,"st_perimeter(shape)":13.997247552077905,"binnumber":"EP3"}},{"type":"Feature","id":17594,"geometry":{"type":"Polygon","coordinates":[[[-110.58915700009538,20.464540500244027],[-110.61085499975832,20.464540500244027],[-110.63255300032063,20.464183800342255],[-110.65422799982224,20.46346860009595],[-110.6758880004308,20.462398500390634],[-110.69752499997867,20.460968000073308],[-110.71913900026453,20.459184600389165],[-110.74070700022776,20.457044599728647],[-110.76223800028339,20.454549800333155],[-110.78371399960133,20.451700200404048],[-110.80513800011852,20.448495899766101],[-110.82649200010565,20.444940600028815],[-110.84777799965485,20.441036199661028],[-110.86897999982705,20.436778999751198],[-110.89010600009175,20.432174700202381],[-110.91114800008006,20.42722130002312],[-110.93208299963061,20.421924599840565],[-110.95291900001172,20.416282700286501],[-110.97363999958623,20.410299300272641],[-110.99424700019881,20.403974499623587],[-111.01473199968194,20.397310300230288],[-111.03509499983426,20.390312199648463],[-111.05531299959517,20.382978400133197],[-111.07539400023285,20.375312800245695],[-111.09532900043291,20.367315300161124],[-111.11510499959599,20.35899540031761],[-111.13472000032766,20.350349400004973],[-111.15417499997619,20.341381099758109],[-111.17345399960232,20.332092300019781],[-111.19255800015151,20.322488799618554],[-111.2114790003555,20.312572499721227],[-111.23020200042191,20.302345299695958],[-111.24873399977417,20.291811000077757],[-111.26705900037246,20.280973399602829],[-111.28518699997994,20.269836400429654],[-111.30310099961133,20.258403800395229],[-111.32079299979699,20.246675499674723],[-111.33826399968376,20.234659200062197],[-111.35550699984805,20.222354899758955],[-111.37251299987497,20.20977019983502],[-111.38927500034089,20.19690899975069],[-111.40579999977007,20.183771099856529],[-111.42207300016872,20.170364399797336],[-111.43808700031474,20.156690600191212],[-111.45385700000043,20.142755499866553],[-111.46934500017153,20.128562900257805],[-111.48457300004384,20.114116699925887],[-111.49952699987102,20.099424400116106],[-111.51419800013753,20.084485999929086],[-111.52858699998995,20.069307299992033],[-111.54270199979737,20.05389789966847],[-111.55651099988262,20.038253799673271],[-111.57003000008433,20.02238849972963],[-111.58325200007965,20.006301900012829],[-111.59616900039896,19.989997899983223],[-111.60877199972794,19.973485900254218],[-111.62107100032631,19.956767999843464],[-111.63304899961156,19.939849899553337],[-111.64471399975122,19.922737099637573],[-111.65605900042243,19.905435600372812],[-111.66706799998809,19.887950900214037],[-111.677764999555,19.870285000152762],[-111.68812599981493,19.852447499552625],[-111.69814300039906,19.834442100023011],[-111.70782499992373,19.816272700125126],[-111.71717100014143,19.797946900029558],[-111.72616600036054,19.779472399731617],[-111.73481800005055,19.760852800116766],[-111.74312600006476,19.742090200202711],[-111.75108300008031,19.72319410042752],[-111.75868199977435,19.704172100062522],[-111.76593000036911,19.685029999734866],[-111.77281999974309,19.66576580025162],[-111.77934999960269,19.64639470015544],[-111.78551499971735,19.626916899995081],[-111.79131299999483,19.607341800383892],[-111.79675299995091,19.587675100325782],[-111.80182600006975,19.567920700180309],[-111.80653400044366,19.548088100385655],[-111.81086699971218,19.528175399775023],[-111.81483500013508,19.508199699856391],[-111.81842800035184,19.488159200187056],[-111.82164799955547,19.468065299673981],[-111.82449300035159,19.447919799659189],[-111.82697299960415,19.427728700419323],[-111.82907100012648,19.407501200220338],[-111.83079499958944,19.387243300238254],[-111.83214599983791,19.366956700191679],[-111.83312199988029,19.346654899803923],[-111.83372499980879,19.326335899881997],[-111.83393899978489,19.30601499969265],[-111.48130799966435,19.290624600245224],[-111.48095699966569,19.27610969980293],[-111.48033899994482,19.261604299798762],[-111.47946199997125,19.247112299693015],[-111.47830200043688,19.232635499928506],[-111.47689100011945,19.218177799965645],[-111.47520399966476,19.203748700242443],[-111.47325899990284,19.189346299592216],[-111.4710390000497,19.174980200076334],[-111.46855899989782,19.160654099707074],[-111.46581300006983,19.14636989965129],[-111.46280699994298,19.13213160009343],[-111.45953400009392,19.117944700387739],[-111.45600900031502,19.103817000354411],[-111.45222500028342,19.089748400168673],[-111.44817399963028,19.075742700365481],[-111.44387099994657,19.061809500308357],[-111.43930799996411,19.047946899729766],[-111.43448599972902,19.034158700064097],[-111.42941999993297,19.020454399950722],[-111.42410300025318,19.006837799924654],[-111.4185260002746,18.993308999810608],[-111.41271200015859,18.979875599779234],[-111.40664700015884,18.966535599738279],[-111.40033699965272,18.953302399586221],[-111.3937909999546,18.940170300319267],[-111.38700099979621,18.92715260021248],[-111.37997400039973,18.914247499722478],[-111.37270399968975,18.90145680019134],[-111.36520400006447,18.888790100083213],[-111.35748300014023,18.876251199933051],[-111.34952500007859,18.863838200372811],[-111.34133099992562,18.85155869977433],[-111.33292399984265,18.839416499571939],[-111.3242950003139,18.827415500125369],[-111.31544499958699,18.815559400346217],[-111.30638099978324,18.803846399791666],[-111.29710400004944,18.792287800241922],[-111.2876130003396,18.780881900179679],[-111.27792399959282,18.76963619995081],[-111.26802099976925,18.75855059973054],[-111.25791899976196,18.747629200427411],[-111.24761999966313,18.736879300039789],[-111.23712200028001,18.726295499937521],[-111.22643300018274,18.715889000277286],[-111.21555300027063,18.705659899984539],[-111.20449100005953,18.695611999594234],[-111.1932450003564,18.685747100448452],[-111.18182399977769,18.676067399590977],[-111.1702270000759,18.666580200416035],[-111.15846299986748,18.657283799607796],[-111.1465229996366,18.648183799942558],[-111.13442200007512,18.639280300345717],[-111.12215400000701,18.630578999821125],[-111.10973400012392,18.622077900075169],[-111.09716000033364,18.613786700296146],[-111.08443499987527,18.605703400391747],[-111.0715710002014,18.597827899637991],[-111.05855599985944,18.590166100285444],[-111.04540999977155,18.582723599714484],[-111.03212000023774,18.575492900277254],[-111.01870700042764,18.568487200424102],[-111.0051730004335,18.561700800251856],[-110.99150799979424,18.555139500387781],[-110.97773699966268,18.548803299932501],[-110.96384400020037,18.542694100052813],[-110.94983699997749,18.536819500020044],[-110.9357380000086,18.531169899571353],[-110.921531999602,18.525756800136378],[-110.907218999657,18.520580299741198],[-110.89282999980458,18.515636400000005],[-110.87834199988328,18.51093289983362],[-110.86376999968564,18.506467800049052],[-110.84912899990331,18.502243000014573],[-110.83441200021355,18.498260499822322],[-110.81961799967087,18.494522099915116],[-110.80475599958959,18.49102590002542],[-110.78983300029262,18.487775799613587],[-110.77486399977369,18.484773600021754],[-110.75983400003895,18.48201749990784],[-110.74475900002773,18.479507400346392],[-110.72963699964771,18.4772471998985],[-110.71447800025942,18.475236900362802],[-110.69927999997191,18.473476400115885],[-110.68405900042245,18.4719657998819],[-110.66880800038882,18.470706900103494],[-110.65354199966345,18.469699900430214],[-110.63825199962997,18.468944499589099],[-110.6229629996426,18.468440999752488],[-110.60765100039328,18.468187300103978],[-110.59082799981223,18.301824599825579],[-110.5724789999058,18.302125899690679],[-110.55413800036831,18.302730600237169],[-110.53582000009283,18.303638500016916],[-110.51751699960977,18.304845800293606],[-110.4992289998184,18.306356399628271],[-110.48098000002688,18.308166500183972],[-110.4627690001891,18.310276000337296],[-110.44458799993618,18.312686900180438],[-110.42646000032863,18.315395400077819],[-110.4083859996141,18.318405199840242],[-110.39037299991389,18.321708700196496],[-110.37241400000602,18.325309799707611],[-110.35452999995942,18.329206500080033],[-110.33671600044295,18.333396900146965],[-110.31898500025744,18.337881099733124],[-110.30133100002553,18.34265520027742],[-110.28377499981627,18.347717299713736],[-110.26630399992956,18.353073099743881],[-110.24893999958124,18.358711199662253],[-110.23168199962447,18.364637400096058],[-110.21453100010547,18.37084769996153],[-110.19748700012485,18.377336500079537],[-110.18057299984395,18.384105699818349],[-110.16378800011603,18.391151399717444],[-110.14712499971887,18.398477599961382],[-110.13060799975926,18.406072600370351],[-110.11422699977612,18.413938499961944],[-110.09798399986158,18.422075299635537],[-110.08190200017708,18.430475199570935],[-110.06597100026136,18.439144100220176],[-110.05020099967629,18.448068599886142],[-110.03459200022053,18.45725629963863],[-110.0191569997956,18.466695799671584],[-110.00389900033849,18.476390799795695],[-109.98881499991222,18.486331900297102],[-109.97392300024615,18.496522899912065],[-109.95920599965706,18.506957999811959],[-109.94468700010486,18.517633400361262],[-109.93036699983708,18.52854539995036],[-109.91624499970686,18.53969189956166],[-109.90233600040602,18.551069300108281],[-109.88862600038954,18.562675499874558],[-109.87513699977262,18.574504899681529],[-109.86186200003118,18.586555500336203],[-109.84881600005826,18.598819699869409],[-109.83598300001535,18.611299500171924],[-109.82338700010985,18.623989099717335],[-109.81102800034182,18.636882800401054],[-109.7989039997197,18.649980499700462],[-109.78701800018047,18.663272900424147],[-109.77538299962566,18.676761599768156],[-109.7639850001076,18.690439199909292],[-109.75284599994285,18.704299900220349],[-109.7419660000308,18.71834560006954],[-109.73134600041749,18.732566799918004],[-109.7209779998347,18.746961600397697],[-109.71088400019636,18.7615222997145],[-109.70105700028023,18.77624889966711],[-109.69148999976358,18.791135800177187],[-109.68221300002983,18.806177099893375],[-109.67320300001836,18.821369199728906],[-109.66448199984433,18.836706200131175],[-109.65602900033798,18.852188100200806],[-109.64787300013876,18.867803599956289],[-109.6399990003535,18.883552599572965],[-109.63241599959861,18.899429300222153],[-109.62512999994942,18.915426299584226],[-109.61813400018389,18.93154339980822],[-109.61144300009425,18.947771099556746],[-109.60504199988827,18.964107500360967],[-109.59894600025763,18.980545000251709],[-109.59315500030294,18.997083699952952],[-109.58766199970142,19.013713799552363],[-109.58248099999804,19.030431699963117],[-109.57760600001677,19.047231700382781],[-109.57304400008042,19.064109799727589],[-109.56878699982008,19.081060399717785],[-109.56484999992745,19.098079699818413],[-109.56122600007973,19.115161900301587],[-109.55791500027692,19.132299400097395],[-109.55492399994256,19.149488399570146],[-109.55224599965305,19.166725199808241],[-109.54988899977741,19.184003799635775],[-109.54784399990058,19.20131869969839],[-109.54612699986103,19.218664200092917],[-109.54472399991255,19.23603440036743],[-109.5436550000781,19.253425599811749],[-109.54289199996572,19.270832100321286],[-109.54245799973683,19.288248100369685],[-109.36606599974601,19.30602259986324],[-109.36628700004491,19.326343500052644],[-109.36688999997341,19.346660599707036],[-109.36786700006189,19.366962400094849],[-109.36920899989531,19.387249000141367],[-109.37094099972728,19.407506900123508],[-109.37303199992675,19.427734400322436],[-109.37551100003253,19.447923700018862],[-109.37836500034439,19.468069100208936],[-109.38157700007838,19.488164900090226],[-109.38517799976478,19.508203500391346],[-109.38913699977263,19.528182999945614],[-109.39347800030936,19.548089999753813],[-109.39818599978395,19.567926400083422],[-109.40325199957999,19.587680800228895],[-109.40869899985887,19.607347500287062],[-109.41449700013635,19.626922599898194],[-109.42066200025101,19.646398499791076],[-109.42719300015676,19.665771500154733],[-109.43408200038391,19.685033800269821],[-109.44133000007935,19.704179800057886],[-109.44892899977344,19.723199800330633],[-109.45687900036546,19.742095900105824],[-109.46518700037967,19.760856599752401],[-109.47383900006969,19.77947809963473],[-109.48284099971227,19.797952699757445],[-109.49218799997612,19.816278499853013],[-109.50186900035396,19.834446000382741],[-109.51189400040772,19.852453200355058],[-109.52224700029871,19.870288799788398],[-109.53293600039598,19.887954699849672],[-109.54395300033059,19.905439400008447],[-109.55529800010254,19.922742800440005],[-109.56695599991934,19.939853700088349],[-109.57894100042671,19.956771900203194],[-109.59124000012582,19.973489799714628],[-109.60385099982369,19.990001699618858],[-109.61675999977405,20.006303800280307],[-109.62998199976937,20.022392300264585],[-109.64350099997108,20.038259499576384],[-109.65731800042528,20.053901700203426],[-109.67141700039417,20.069312999895146],[-109.6858060002466,20.084489799564722],[-109.70048499998268,20.099428199751742],[-109.71543899980992,20.114122399829057],[-109.73066699968217,20.12856669989344],[-109.74616200017607,20.142759300401508],[-109.76191700006939,20.156694399826847],[-109.77793899968498,20.170368200332348],[-109.79421200008363,20.183774900391484],[-109.81073799955891,20.196912800285645],[-109.82749899997879,20.209774000369976],[-109.84451300037455,20.22235870029391],[-109.86174800017,20.234662999697832],[-109.87921900005671,20.246679300209678],[-109.89691200028847,20.258407600030864],[-109.91482499987376,20.269840200065346],[-109.93294500001167,20.280977200137841],[-109.95127900012568,20.291814799713393],[-109.96981000033117,20.302349100230913],[-109.98854099986715,20.312574399988705],[-110.00745399970225,20.32249260015351],[-110.02655800025144,20.332094200287258],[-110.04583699987757,20.341381099758109],[-110.06529200042536,20.35035130027245],[-110.08491499972735,20.358997299685768],[-110.10468300032011,20.367319099796759],[-110.1246259999898,20.375314699613853],[-110.14469900025858,20.382980300400675],[-110.16491700001944,20.39031409991594],[-110.18527199980286,20.397312199598446],[-110.20576499965489,20.403976399891064],[-110.22637200026747,20.410301199640799],[-110.24709299984198,20.416282700286501],[-110.26793699969267,20.421924599840565],[-110.28887200014259,20.427223200290598],[-110.30990599976201,20.432176599570539],[-110.33103200002671,20.436780900018675],[-110.35224199966848,20.441036199661028],[-110.37351999974811,20.444942500296293],[-110.39488200010413,20.448495899766101],[-110.41629800025243,20.451702099772206],[-110.43778199993926,20.454549800333155],[-110.45930499962594,20.457044599728647],[-110.48088099995806,20.459184600389165],[-110.50247999955224,20.460969900340785],[-110.52412400032227,20.462398500390634],[-110.54578400003146,20.46346860009595],[-110.56746699990202,20.464183800342255],[-110.58915700009538,20.464540500244027]]]},"properties":{"objectid":17594,"radii":50,"stormid":"EP182026","basin":"ep","stormnum":18,"advnum":26,"synoptime":"2026100212","timezone":"UTC","ne":70,"se":60,"sw":50,"nw":70,"idp_source":"EP182026_radii","idp_filedate":1791040084000,"idp_ingestdate":1791040150000,"st_area(shape)":3.6648571695964525,"st_perimeter(shape)":7.3777770047145195,"binnumber":"EP3"}},{"type":"Feature","id":17595,"geometry":{"type":"Polygon","coordinates":[[[-110.59382599957013,19.965452199759341],[-110.60541499980229,19.882270800157414],[-110.6162189998069,19.882093399890607],[-110.62701400029579,19.881738700081087],[-110.63780999993145,19.881204599912508],[-110.64858999972859,19.880493200201158],[-110.65935499973335,19.879604300398285],[-110.67010499994569,19.878538100153321],[-110.68082399962776,19.877296399909085],[-110.69152800041678,19.875875499854601],[-110.70219400035273,19.874280900243491],[-110.71283700012737,19.872509000190348],[-110.72345000031714,19.870563500405353],[-110.73400899981539,19.868442499721709],[-110.74453699968268,19.866148000030307],[-110.75502000017275,19.863681799975211],[-110.76545700034018,19.86104200018832],[-110.77584099986217,19.858230599862452],[-110.78617099959189,19.85524750007221],[-110.7964400001058,19.852098499646161],[-110.80664799960539,19.848777799755794],[-110.81680300025818,19.845289200036689],[-110.82688100005799,19.84163480040587],[-110.8368989997889,19.837816199857855],[-110.84683200009664,19.833831800297503],[-110.85669699996646,19.829685199912205],[-110.86647799955995,19.825376500325376],[-110.87618300014526,19.820905699738375],[-110.88580300040803,19.816276599585535],[-110.89532499974882,19.811491000309559],[-110.9047700000354,19.806549099761298],[-110.91410799988421,19.801450700089902],[-110.92336300040205,19.796201699948654],[-110.93250300011329,19.790800100144622],[-110.9415510000785,19.785247800046079],[-110.95049299965211,19.779546699920388],[-110.95932799968733,19.773700700127335],[-110.96804799981527,19.767709699942827],[-110.97666199955154,19.761575700358435],[-110.98516100027985,19.7553024002857],[-110.99353000040912,19.748888000181182],[-111.00179300014673,19.742338199948108],[-111.00991799981574,19.735652899761646],[-111.01792100015393,19.728834200438143],[-111.02580300030814,19.721885700165046],[-111.03355399981712,19.714807499666506],[-111.04116800020296,19.707603500201515],[-111.04863700019729,19.700273500321941],[-111.05598399996154,19.692823399580391],[-111.0631789999108,19.685253099950728],[-111.07024400016036,19.677564599726622],[-111.07715599964956,19.669761700342349],[-111.08392299964663,19.661846200441914],[-111.09054600019766,19.65382000029291],[-111.09701499994219,19.645687100079726],[-111.10332500044831,19.637449300245123],[-111.10949699998645,19.629104599797586],[-111.11550099987113,19.620664599991414],[-111.12134599961809,19.612125399567674],[-111.12703700035718,19.603488899693104],[-111.13256800001307,19.594760900095594],[-111.13793200006165,19.585945099686739],[-111.14312700041063,19.577041600089899],[-111.14816299972256,19.568054200041445],[-111.15303000023425,19.558982799716546],[-111.15772199987032,19.549835199834718],[-111.16225400022182,19.540611299671866],[-111.16660300022818,19.531312899670695],[-111.17078399968176,19.52194600010796],[-111.17478900001225,19.512510299710698],[-111.1786190003665,19.503011699830211],[-111.18227399984511,19.49344830019902],[-111.1857449998318,19.483829499631838],[-111.18904900021107,19.474153500383864],[-111.1921619998763,19.464424100292149],[-111.19509900041845,19.454647099983845],[-111.19785299971608,19.444820400441245],[-111.20041700014434,19.434951799685962],[-111.20281199997373,19.425041199691748],[-111.20500899966549,19.415094400186547],[-111.20703100028032,19.40511319981448],[-111.20886200018106,19.395097700198846],[-111.21051800010554,19.385053600343497],[-111.21197499984629,19.374984699884124],[-111.21324900014116,19.364892999812241],[-111.21433299976803,19.354784000381471],[-111.21523299990292,19.344656000074508],[-111.21594999969261,19.334516500136488],[-111.21647599966758,19.32436370012482],[-111.21681199987381,19.314207099578141],[-111.21696499973484,19.304046599571052],[-111.04066500038937,19.295843099879278],[-111.04051199962896,19.288583800202332],[-111.04022199974537,19.28133199997194],[-111.03980300020822,19.274084100101277],[-111.03924599970304,19.266841900133727],[-111.03855900039747,19.259613000239881],[-111.03772699980112,19.252393699709614],[-111.03677399992006,19.245193499880259],[-111.03569000029319,19.238008500392141],[-111.03446999979059,19.230840700438137],[-111.03311200011859,19.223695799921359],[-111.03162399984762,19.216571799648989],[-111.03001400024584,19.209474600072895],[-111.02826699972218,19.202405900012423],[-111.02638200002917,19.195367800283918],[-111.02437600015219,19.188360200163231],[-111.02223999967617,19.18138690018543],[-111.01997400039971,19.174451799810868],[-111.0175779996249,19.167552899846612],[-111.0150600004186,19.160694099753016],[-111.01242100012894,19.153879200065148],[-111.00964399977067,19.147108100058915],[-111.00675200040439,19.140384700093989],[-111.00373099958585,19.13370900017037],[-111.00058700028973,19.127084700098976],[-110.99733000027919,19.120512000428619],[-110.99394199962347,19.113996500338374],[-110.99044000000589,19.107534400192549],[-110.98681600015817,19.101133300161791],[-110.98308599991884,19.094791399803398],[-110.97922499993371,19.08851239982755],[-110.97525799955696,19.082298300326443],[-110.97116899984934,19.076150899944196],[-110.96698000002687,19.070072199672438],[-110.96266899997426,19.064062099686282],[-110.95824400006046,19.058124500345571],[-110.95372000007785,19.052261399943802],[-110.94908899965753,19.046472499906088],[-110.94435099969877,19.040759999974171],[-110.93950700024777,19.03512950022639],[-110.93455500031291,19.029577299952564],[-110.92950400030929,19.024107000038157],[-110.92435500028296,19.018720599676101],[-110.91911299956519,19.013423900392809],[-110.91377299972407,19.008209200394447],[-110.90833299976805,19.003088000211164],[-110.9028020001121,18.998052599847767],[-110.8971710003413,18.99311070019877],[-110.89146399976369,18.988264099908406],[-110.88565800001658,18.983509100065078],[-110.87976799999313,18.978851299847747],[-110.87380200006214,18.974292800072817],[-110.86774400038519,18.969833400191419],[-110.86160299957868,18.965473200028271],[-110.85538499971784,18.961214099850963],[-110.84909800027242,18.957059900194395],[-110.84272000022776,18.953008699891711],[-110.83628100006803,18.949064300377302],[-110.8297649999547,18.945224799584992],[-110.82318100030284,18.941495900115854],[-110.81653599963659,18.937871900268135],[-110.80981399991606,18.934362400304678],[-110.80303999959619,18.930961599598277],[-110.79619599964559,18.927673299583262],[-110.78929899994881,18.924499500351772],[-110.78233299976802,18.921438200013085],[-110.77532200021005,18.918493299826082],[-110.7682499996377,18.915662799698566],[-110.76113899996477,18.912948599898129],[-110.75396700017683,18.910354599885011],[-110.74675799958192,18.907877000023689],[-110.73950200041691,18.905519500124967],[-110.73220100007597,18.903282200013678],[-110.72486099973526,18.901164999864989],[-110.71748400038621,18.899169899771209],[-110.71007499956147,18.897295000364124],[-110.70262899972846,18.895542100287855],[-110.6951520002645,18.89391330035869],[-110.68764500031642,18.892406499760284],[-110.68011500020702,18.891025499927025],[-110.67255399956736,18.88976860024087],[-110.66497800003458,18.888635600152952],[-110.65737900034048,18.88763049984783],[-110.64977300032359,18.886747399772844],[-110.64213599977649,18.885988200195413],[-110.63449099975975,18.885358799768937],[-110.62683900031953,18.884853399664792],[-110.61917899961105,18.884473800325736],[-110.61151100033231,18.884222000045384],[-110.6038359998314,18.884094200087418],[-110.59539800011754,18.800912900310266],[-110.58619700029124,18.80106349988074],[-110.57700299988846,18.801366799838092],[-110.56781000043105,18.801822700357491],[-110.5586319998668,18.802427300179886],[-110.54946899999425,18.803186399932542],[-110.54031399959132,18.804092400344132],[-110.53118100020288,18.805151000418448],[-110.52207200012259,18.806360200063295],[-110.51297799983473,18.807718299560008],[-110.50391400003099,18.809227000425892],[-110.49488099985814,18.81088450041949],[-110.48587800016946,18.812690699716143],[-110.47691300043454,18.814643900395822],[-110.46798699980013,18.816745800378499],[-110.45909099964985,18.818992600028594],[-110.45024900019109,18.821386300337622],[-110.44144399974073,18.823926900406263],[-110.43268599965904,18.826610599699563],[-110.42397299985396,18.829437300191387],[-110.41532899963352,18.832410799718787],[-110.40673099973577,18.835521700366314],[-110.39819299990694,18.838777499781941],[-110.38971700023927,18.842170700317695],[-110.3813100001563,18.845704999985912],[-110.3729549997733,18.84937479960746],[-110.36467700024326,18.853185700160054],[-110.3564759997675,18.857126200214111],[-110.34833500025996,18.861207999949386],[-110.3402790001756,18.865417499817909],[-110.33229799995263,18.869762399815045],[-110.324409000375,18.874237099862398],[-110.31658900038195,18.878843299678692],[-110.30886100013493,18.883573499817317],[-110.30121600011819,18.888431499913906],[-110.29367100021636,18.893417399793293],[-110.28620899964551,18.898523299810563],[-110.27884700008889,18.903753299974937],[-110.2715839997017,18.909103400101969],[-110.26442000028271,18.914575600283854],[-110.25734699966421,18.920158399990328],[-110.25038899985236,18.92586140038344],[-110.24353000010933,18.931676899669299],[-110.23677799990469,18.937604899646544],[-110.23014099960733,18.943641699604882],[-110.22361800007053,18.949787099894877],[-110.21720900039497,18.956043200433498],[-110.21090700025775,18.962400400058527],[-110.20473499982029,18.968858699669397],[-110.19866899977444,18.975421899800949],[-110.19273400037372,18.982080500015229],[-110.18692000025771,18.988838200122984],[-110.18122900041794,18.995689400045933],[-110.17567399965526,19.002632099691766],[-110.17023499974533,19.009668399876887],[-110.16493199981187,19.016790400057062],[-110.15976699994701,19.024002100416737],[-110.15472400031229,19.031292000425594],[-110.14981799980075,19.038669599622438],[-110.14505000025719,19.04612349999968],[-110.14042700020582,19.053655600026048],[-110.13593299980801,19.061264000333495],[-110.1315920001706,19.06894490038701],[-110.12738000018675,19.07669449965158],[-110.12332200011014,19.084512700101186],[-110.11940000000988,19.09239770039369],[-110.11562300030113,19.100347500436953],[-110.11199999960019,19.108356500152524],[-110.10852100014392,19.116422700347471],[-110.10519399960333,19.124546100122586],[-110.10201300039955,19.132722899842122],[-110.09899100043424,19.140949200045668],[-110.09611500000716,19.14922520038283],[-110.09339100029433,19.157550800129457],[-110.09082799991216,19.165916399922082],[-110.08841700024425,19.174323999852845],[-110.08615900043742,19.182769800286167],[-110.08405300044552,19.19124980013828],[-110.08211500010708,19.199766200050249],[-110.08032200016009,19.20831299974526],[-110.07869699986657,19.216888399680045],[-110.07722500033339,19.225484799683898],[-110.07591200003867,19.234108000384026],[-110.07475999997394,19.242752100429243],[-110.07376900013912,19.251411399916321],[-110.0729370004421,19.260086100293449],[-110.07226600007573,19.268774000020244],[-110.07174700042361,19.277471500009881],[-110.07140399989459,19.286176699994826],[-110.07121300007981,19.294885599790746],[-109.89491299983496,19.304456700316621],[-109.89507300001884,19.316070600078262],[-109.89544700017882,19.327678700112074],[-109.89604199973837,19.339279199975238],[-109.89685799959693,19.350868200207401],[-109.89788100000806,19.362442000098383],[-109.89911700034918,19.373996700187718],[-109.90056599972104,19.385532400300178],[-109.90222899996826,19.397039400348206],[-109.90410600019163,19.408517800156517],[-109.90619700039116,19.41996380008942],[-109.90850099962131,19.431373599612073],[-109.91101100025736,19.442743300163329],[-109.91373399992403,19.454069100308857],[-109.91666400014338,19.465351099873487],[-109.91980700029274,19.476581599761175],[-109.92315700009539,19.487758599879612],[-109.92671200035841,19.498878500242711],[-109.93047300022869,19.509939200034182],[-109.93444099975221,19.520935100074951],[-109.93860600026659,19.531864200272764],[-109.9429859999039,19.542722700092668],[-109.94755600020915,19.5535068997238],[-109.9523320001216,19.564214700148455],[-109.95730600017168,19.574842499581848],[-109.96247100003654,19.585386299638174],[-109.96783400003898,19.595846200142148],[-109.97338899990234,19.606214500199144],[-109.97914099985718,19.616487499998243],[-109.98508499967289,19.626665099714728],[-109.99121099978771,19.636745499805102],[-109.99752000024773,19.646720900449338],[-110.00402099966931,19.656591399673516],[-110.01070400028931,19.666353199640582],[-110.01756300003234,19.676004400083116],[-110.02460500012057,19.685541199566842],[-110.03182200018506,19.694959599705896],[-110.039206999903,19.704257999707067],[-110.0467760000123,19.713434199828612],[-110.0545119997289,19.722484600084385],[-110.06241599999828,19.731403399847181],[-110.07047999955222,19.74019239955976],[-110.07871199965894,19.74884800013524],[-110.08709699962674,19.757366199590592],[-110.09564199977837,19.765745200180959],[-110.10434700011388,19.773983000015562],[-110.11319699994152,19.782072099647849],[-110.1221999996302,19.79001810005542],[-110.13134799971033,19.7978153004359],[-110.14064799960539,19.805456200443416],[-110.15007800009954,19.812946300331646],[-110.15965300008577,19.820278199579377],[-110.16936500009456,19.827451700335814],[-110.17920699980311,19.834465000359614],[-110.18917800006454,19.841316200282563],[-110.19928000007184,19.847999600201547],[-110.20949599994037,19.854515100291792],[-110.21983299999283,19.860864599921513],[-110.23029300032164,19.867040599644099],[-110.24086799965835,19.873043100358927],[-110.25154900028605,19.878871899718547],[-110.26233699955282,19.884521500167239],[-110.27323200015661,19.889995599717281],[-110.28423300025264,19.895286599996723],[-110.29532600009475,19.900396299649628],[-110.30650300021318,19.905322999856708],[-110.31778000044659,19.910064699626332],[-110.32914700033371,19.914619399765627],[-110.34059100017441,19.918987299924083],[-110.35211900029151,19.92316819955289],[-110.36372400036225,19.927154500280096],[-110.37539699997149,19.930950199592189],[-110.38713800001858,19.934553100445385],[-110.39894899969647,19.937963499615933],[-110.41082000034265,19.941177399617459],[-110.42275200020453,19.944196699818008],[-110.43473799985873,19.947017700406661],[-110.44677700015831,19.949640299760176],[-110.45885499955847,19.952064499677078],[-110.47098499955797,19.954288499714607],[-110.48315399955732,19.956314100315637],[-110.49536100040973,19.9581394003132],[-110.50759099962482,19.959762600164026],[-110.51985899969299,19.961181599951033],[-110.53214299959967,19.9624023001262],[-110.54445599994432,19.963418999887097],[-110.55678600017364,19.964231499584173],[-110.56911500035687,19.96484380030131],[-110.5814740001249,19.965249999787773],[-110.59382599957013,19.965452199759341]]]},"properties":{"objectid":17595,"radii":64,"stormid":"EP182026","basin":"ep","stormnum":18,"advnum":26,"synoptime":"2026100212","timezone":"UTC","ne":40,"se":30,"sw":25,"nw":35,"idp_source":"EP182026_radii","idp_filedate":1791040084000,"idp_ingestdate":1791040150000,"st_area(shape)":1.0022247777004671,"st_perimeter(shape)":3.9823876857143135,"binnumber":"EP3"}},{"type":"Feature","id":17596,"geometry":{"type":"Polygon","coordinates":[[[-110.87973800040828,21.462713199954351],[-110.92029600016019,21.462713199954351],[-110.96083800007352,21.46204569974941],[-111.00135799987169,21.460710499689924],[-111.04185500040785,21.458707800324873],[-111.08229800025242,21.456037500030732],[-111.12268800035082,21.452701599799127],[-111.16301000001141,21.44870380034024],[-111.20324700024878,21.444038399952319],[-111.24337800009454,21.438713100429368],[-111.28341700019433,21.432725899880495],[-111.32331800022541,21.426082599832284],[-111.36309099974972,21.418781300017145],[-111.40272500005864,21.410825700245994],[-111.44218400039119,21.40222170007155],[-111.4814829996406,21.392965300208573],[-111.52059200002071,21.383066199845359],[-111.55950200021704,21.372522399789034],[-111.59821300022969,21.361341500210187],[-111.63668800015097,21.3495235002095],[-111.67494199977335,21.337070499703941],[-111.71294400036521,21.323993699749565],[-111.75068699980511,21.310293200171202],[-111.78816200037591,21.295970900336897],[-111.82536300000237,21.281034500242129],[-111.86226700032171,21.265487699697701],[-111.89886500001961,21.24933620040548],[-111.93514300024918,21.23258399985184],[-111.97110000006484,21.21523669991393],[-112.00671400025084,21.197301899862907],[-112.04197700043812,21.178783400233897],[-112.07688100025786,21.159683200219661],[-112.11142000033266,21.140014599894016],[-112.14556900040895,21.119777699981],[-112.17932100016395,21.098985699830337],[-112.21268500001264,21.077636700073811],[-112.2456130004395,21.055746099802832],[-112.27813700022227,21.033315700359424],[-112.31021900030652,21.010349299580639],[-112.34185799974682,20.986860300062915],[-112.37303899965002,20.96285630017826],[-112.40377000038512,20.938341099562251],[-112.43401300019968,20.913322400008894],[-112.46378299978551,20.887811700249927],[-112.49305699988054,20.861814499639593],[-112.52183499958545,20.835340500064149],[-112.55011000037609,20.808393500259967],[-112.57785800024641,20.780986800300752],[-112.60508000014181,20.75312610008956],[-112.63177500001615,20.724824900249075],[-112.65792800007705,20.696085000322626],[-112.68352499967892,20.666921599752186],[-112.70856499967488,20.637338599796692],[-112.73304700001893,20.607353199990314],[-112.75694999974257,20.576965299609014],[-112.78028100006799,20.546190300442163],[-112.80302400025732,20.515033700045365],[-112.82517199998773,20.483509099765286],[-112.84671799983573,20.451623900123025],[-112.86766099975523,20.419391599942514],[-112.88799300027665,20.38681599975871],[-112.90770700017782,20.353914300005101],[-112.92679600003527,20.320690199593173],[-112.94525899980289,20.287158999588314],[-112.96308900005721,20.253326399893581],[-112.98027800042928,20.219207799600383],[-112.99681899969698,20.184812500396731],[-113.01271799993566,20.150148400128728],[-113.02796199964649,20.11522869994468],[-113.04254200021302,20.080062900282769],[-113.05646500015956,20.044662499874619],[-113.06971699973963,20.00904079969331],[-113.08230600022165,19.973201799923288],[-113.09423099976073,19.937166200260094],[-113.10546899999429,19.900936099721378],[-113.11602800039179,19.864528699639891],[-113.12590800005404,19.827951399637527],[-113.13510899988034,19.791215899893984],[-113.14360799970933,19.754339200293998],[-113.15143600007127,19.717325200297921],[-113.15856899985937,19.680189100246935],[-113.1650009996963,19.642940500403938],[-113.17074600022761,19.605592699943315],[-113.17580399965476,19.568155300027229],[-113.18015299966112,19.530639599737867],[-113.1838150003619,19.493059200421897],[-113.1867679998432,19.455423400169934],[-113.18903400001898,19.417745599779721],[-113.19059800019744,19.380035400413533],[-113.19146000037864,19.342307999714535],[-113.19163500035489,19.304569200108631],[-113.01489999983505,19.270399100138491],[-113.01380899988533,19.235576599580554],[-113.01207700005341,19.200779000350735],[-113.00969700001644,19.166015599640332],[-113.00667600009723,19.131294299792216],[-113.00302099971924,19.096631999966974],[-112.99872600040447,19.062032700348993],[-112.99379699973167,19.027507799845239],[-112.98822800012204,18.99307060032811],[-112.98203300042252,18.958730700261754],[-112.97520400026428,18.924495699816816],[-112.96775100010848,18.890382800326108],[-112.95967099981669,18.856391900166216],[-112.95098100017293,18.822542199862767],[-112.94165800011649,18.788843199853943],[-112.93172499980881,18.755300500218027],[-112.92118100010299,18.721925700410907],[-112.91001899977692,18.688728299971217],[-112.89825400042167,18.65572359996429],[-112.88590200007712,18.6229153002011],[-112.8729320000117,18.590314900312535],[-112.85938300022519,18.557931899837456],[-112.84524500025645,18.525777800205447],[-112.83052100024389,18.493862199880766],[-112.81522399988756,18.462194399651935],[-112.79933900029454,18.430780399795765],[-112.78288999987348,18.399635299929287],[-112.76588399984661,18.368764899780444],[-112.74831399989108,18.338176699695055],[-112.73019399975317,18.307884200295746],[-112.71151700000945,18.277894999954412],[-112.69231400029076,18.248216599916304],[-112.6725620004359,18.218860599637082],[-112.6522829996606,18.189832699919293],[-112.63148500013256,18.161144299669843],[-112.61016800005308,18.132801099691164],[-112.58834099983716,18.104814499789484],[-112.5660170000844,18.077190400416782],[-112.54318999961868,18.049938200387771],[-112.51987500003111,18.023067499965293],[-112.49607100037628,17.996581999859529],[-112.47180199996222,17.97049330042563],[-112.44706699964223,17.944809000035491],[-112.42186000003886,17.919532800298612],[-112.39620999979155,17.894678100214321],[-112.37011699979962,17.870250700409656],[-112.34358200010911,17.846254299796215],[-112.31661999961318,17.822700499628468],[-112.28923800043327,17.799591100349119],[-112.26144400024032,17.776937499965811],[-112.23324600030259,17.754743599737481],[-112.20465900041245,17.733020800369786],[-112.17567400015491,17.711771000331566],[-112.14631699982959,17.691000000249971],[-112.11658500019752,17.670715299571555],[-112.08650199966746,17.650924699915095],[-112.05606800003807,17.63163190019219],[-112.02528399955685,17.612844499674054],[-111.99417100009151,17.594562500159384],[-111.96273800025841,17.576799399572792],[-111.93098400001151,17.559557000155564],[-111.89893299955821,17.542837099652559],[-111.86658499979779,17.526649499774749],[-111.83393899978489,17.510997799608901],[-111.80103300037257,17.495885799690029],[-111.76785300001586,17.481315599935101],[-111.73442099972925,17.467296600058205],[-111.70073700041212,17.453828800059227],[-111.6668170001044,17.440917999666112],[-111.63268299982047,17.428567899589041],[-111.59831999976808,17.416780499920264],[-111.56375899957806,17.405563399931111],[-111.52899199978089,17.39491649979675],[-111.49404899996131,17.384843799701741],[-111.45893100016542,17.375345199821254],[-111.42364499981682,17.366430300418187],[-111.38819900018359,17.358097099601594],[-111.35261499958244,17.350347500337023],[-111.31690200022706,17.343187299654289],[-111.28106699974217,17.336614599983932],[-111.24510999992646,17.330633200062266],[-111.20906100036478,17.325244900332052],[-111.17291299983498,17.320451699986108],[-111.1366880002509,17.316255600016063],[-111.10038799990616,17.312654499605628],[-111.06403399976915,17.309654200281273],[-111.02763400020882,17.307252899801597],[-110.99119599979548,17.305448500048385],[-110.95472699975113,17.304246899674808],[-110.91824299991441,17.303646100387368],[-110.88176000012379,17.303646100387368],[-110.84527600028707,17.304246899674808],[-110.80880700024278,17.305448500048385],[-110.77236899982938,17.307252899801597],[-110.73597000031515,17.30965609964943],[-110.69961500013204,17.312656399873106],[-110.6633220001101,17.316255600016063],[-110.62709000020322,17.320453600253586],[-110.59095000004237,17.32524679970021],[-110.55489300011175,17.330635100329744],[-110.51894399976567,17.336616500251409],[-110.4831009998112,17.343189199921767],[-110.44738000008681,17.350349399705181],[-110.41179700043114,17.358098999869071],[-110.37636599969102,17.366432199786345],[-110.34107199987278,17.375351000448461],[-110.30595400007695,17.384845699969219],[-110.27100399993458,17.394920300331762],[-110.23625199992978,17.405565300198589],[-110.20168300027012,17.4167842995559],[-110.16732799968736,17.428571700123996],[-110.13317899961106,17.440921800201068],[-110.09926599962608,17.453832599694863],[-110.06558200030895,17.467300399693841],[-110.0321500000224,17.481319399570793],[-109.99897800003458,17.495887799782281],[-109.96605699993052,17.511001600143857],[-109.93342599971004,17.526653300309704],[-109.90107699990352,17.542841000012288],[-109.86902600034955,17.559558900423042],[-109.83727300014874,17.576805100375225],[-109.80583199994675,17.594568299887271],[-109.77471899958209,17.612848300209009],[-109.74394200032293,17.631637600095303],[-109.7135010003708,17.65092849955073],[-109.68341799984074,17.670721100198762],[-109.65368700025476,17.691005700153084],[-109.62432899988335,17.711774799967202],[-109.5953519999947,17.733026500272899],[-109.56675699973567,17.754753100175549],[-109.53856700016684,17.776945100136402],[-109.51076499960493,17.799598699620446],[-109.48338300042502,17.82270430016348],[-109.45642099992909,17.846260100423422],[-109.42988600023864,17.870256400312769],[-109.40379300024665,17.894685700384912],[-109.37814299999934,17.919542299837417],[-109.3529429998195,17.944814699938604],[-109.32820100007598,17.970500899696901],[-109.30393199966198,17.996589699854894],[-109.2801280000071,18.023073199868406],[-109.25682099988916,18.049945799659042],[-109.23399400032275,18.077197999688053],[-109.21166200020104,18.104820300416691],[-109.18983499998518,18.132808699861755],[-109.1685260002746,18.161153800107911],[-109.1477200003776,18.189842200357418],[-109.12744899997125,18.218868299632447],[-109.10770400043918,18.248226200179147],[-109.08848600002881,18.277904500392538],[-109.06981699975466,18.307893799659269],[-109.05169699961675,18.338186299957897],[-109.03412599961507,18.368772499951035],[-109.01711300016473,18.399642900099877],[-109.00066399974372,18.430789900233833],[-108.98479499998916,18.4622020996473],[-108.96949000016326,18.493869800051357],[-108.95475799978175,18.525787399568969],[-108.94061999981307,18.557941400275524],[-108.92707100002656,18.590322499583806],[-108.91411599975351,18.622922900371691],[-108.90174899961653,18.655733100402415],[-108.88999199973091,18.688737900234059],[-108.87883799977379,18.721933400406272],[-108.86829400006798,18.755308200213392],[-108.85835300029061,18.788850800024534],[-108.8490369996577,18.82255359966905],[-108.84033200022151,18.856403399797216],[-108.83225299997588,18.890390399597379],[-108.82480600009671,18.924505200254941],[-108.81797799998463,18.958738300432344],[-108.81178300028512,18.993080099866859],[-108.80622100009896,19.027517300283307],[-108.80128500000268,19.062040299620264],[-108.79698899974244,19.096639600137564],[-108.79333500030992,19.131303800230341],[-108.79031400039071,19.166025199903174],[-108.78794099977722,19.200788499889484],[-108.78620099957635,19.235586199843397],[-108.78510999962668,19.270408599677296],[-108.60838300037506,19.304578800371473],[-108.60855100002851,19.342317599977378],[-108.60942099967929,19.380046800219816],[-108.61098499985775,19.417755100217846],[-108.61324299966458,19.45543479997616],[-108.6162030003681,19.49307060022818],[-108.61986500016951,19.53064920000071],[-108.62421400017587,19.568164799565977],[-108.62926500017954,19.605602300206158],[-108.63500999981153,19.642950099767404],[-108.64144899997126,19.680198699610457],[-108.64858199975936,19.717336699928921],[-108.6564029997985,19.754348799657521],[-108.66491700031924,19.791229199967745],[-108.67410999977659,19.82796099990037],[-108.68399000033816,19.864536299810538],[-108.6945499998825,19.90094569998422],[-108.7057950004388,19.937173800430685],[-108.7177050001855,19.973211300361356],[-108.73029299972205,20.009048499688674],[-108.74355299967112,20.044672000312687],[-108.75747699966371,20.080072399821518],[-108.77205700023029,20.115238200382805],[-108.78729999989497,20.150156000299319],[-108.80320000017974,20.184822099760254],[-108.81974000030067,20.219219200305986],[-108.83692899977342,20.253336000156423],[-108.85475900002774,20.287166599758905],[-108.87322199979536,20.320697799763764],[-108.89231099965281,20.353921900175692],[-108.91202499955398,20.386825600021552],[-108.9323580001215,20.419399299937879],[-108.9532999999949,20.451633500385867],[-108.9748459998429,20.483518600203354],[-108.99700199994226,20.515043300308207],[-109.01973699976264,20.546197899713434],[-109.04306800008806,20.576974899871857],[-109.0669709998117,20.607360800160961],[-109.09145400020185,20.637348200059535],[-109.11649300015176,20.666931200015028],[-109.14208999975358,20.696092599593953],[-109.16824299981448,20.724832500419723],[-109.19493899973497,20.753135700352402],[-109.22215999958422,20.780994399572023],[-109.24991599982343,20.80839920016308],[-109.27818300024518,20.835344299699784],[-109.30696099995009,20.861820200442025],[-109.33624300041402,20.88781740015304],[-109.36600499963095,20.913330100004259],[-109.3962549997683,20.938346900189458],[-109.42697900018061,20.96286390034885],[-109.45816799955344,20.98686979960172],[-109.48980699989301,21.010356899751287],[-109.52188899997725,21.033319499995059],[-109.55440500029044,21.055749900337787],[-109.58734899965651,21.077644300244401],[-109.62069699966668,21.09899139973345],[-109.65445699979063,21.119785300151648],[-109.68861400023582,21.140020399621903],[-109.72314499994172,21.159688900122774],[-109.75804899976146,21.178785299602055],[-109.79331199994874,21.197305700397919],[-109.82892600013469,21.215244300084521],[-109.8648829999504,21.232591600022488],[-109.90116899964954,21.249342000133367],[-109.93775899987787,21.265493399600871],[-109.97466300019721,21.281038299877764],[-110.01185600035404,21.295974699972589],[-110.04933200007167,21.310296999806837],[-110.08707400036474,21.323997500284577],[-110.12508400042617,21.337076199607054],[-110.16332999967966,21.349525500301752],[-110.20182000029268,21.361343399578345],[-110.24051699965969,21.372526200324046],[-110.27943400017887,21.383068100112894],[-110.3185419996135,21.392969099844208],[-110.35784099976223,21.402223600339028],[-110.39730100014094,21.410827599614151],[-110.43693499955049,21.418783200284622],[-110.47670699992801,21.426082599832284],[-110.5166170003742,21.432727800147973],[-110.55664099978219,21.438714999797526],[-110.5967789999508,21.444040300219797],[-110.63701600018817,21.44870380034024],[-110.6773379998487,21.452703500066605],[-110.71771999957821,21.456039400298209],[-110.75817099979173,21.458709699693031],[-110.79865999995894,21.460710499689924],[-110.839188000126,21.46204569974941],[-110.87973800040828,21.462713199954351]]]},"properties":{"objectid":17596,"radii":34,"stormid":"EP182026","basin":"ep","stormnum":18,"advnum":26,"synoptime":"2026100218","timezone":"UTC","ne":130,"se":120,"sw":120,"nw":130,"idp_source":"EP182026_radii","idp_filedate":1791040084000,"idp_ingestdate":1791040150000,"st_area(shape)":14.428227576396944,"st_perimeter(shape)":13.751985181442722,"binnumber":"EP3"}},{"type":"Feature","id":17597,"geometry":{"type":"Polygon","coordinates":[[[-110.88759600035502,20.630903199623106],[-110.91085800019647,20.464540500244027],[-110.9325559998594,20.464183800342255],[-110.95423100026034,20.46346860009595],[-110.97589099996958,20.462398500390634],[-110.99752800041676,20.460968000073308],[-111.01914199980337,20.459184600389165],[-111.04070999976659,20.457044599728647],[-111.06224099982217,20.454549800333155],[-111.08371700003943,20.451700200404048],[-111.10514099965729,20.448495899766101],[-111.12649499964442,20.444940600028815],[-111.147781000093,20.441036199661028],[-111.16898300026514,20.436778999751198],[-111.19010899963052,20.432174700202381],[-111.21115099961884,20.42722130002312],[-111.23208600006876,20.421924599840565],[-111.25292199955055,20.416282700286501],[-111.27364300002432,20.410299300272641],[-111.29424999973759,20.403974499623587],[-111.31473500012004,20.397310300230288],[-111.33509800027241,20.390312199648463],[-111.35531600003327,20.382978400133197],[-111.37539699977162,20.375312800245695],[-111.39533199997175,20.367315300161124],[-111.41510800003408,20.35899540031761],[-111.43472299986644,20.350349400004973],[-111.45417800041429,20.341381099758109],[-111.47345700004041,20.332092300019781],[-111.49256099969028,20.322488799618554],[-111.51148199989427,20.312572499721227],[-111.53020499996069,20.302345299695958],[-111.54873700021227,20.291811000077757],[-111.56706199991129,20.280973399602829],[-111.58519000041809,20.269836400429654],[-111.60310400004948,20.258403800395229],[-111.62079600023515,20.246675499674723],[-111.63826800016795,20.234659200062197],[-111.6555100002862,20.222354899758955],[-111.67251600031307,20.20977019983502],[-111.68928500020252,20.19690899975069],[-111.70580300020822,20.183771099856529],[-111.7220759997075,20.170364399797336],[-111.73809099989961,20.156690600191212],[-111.75385300011578,20.142755499866553],[-111.76934799971031,20.128562900257805],[-111.78457599958261,20.114116699925887],[-111.79953000030918,20.099424400116106],[-111.8142009996763,20.084485999929086],[-111.82859000042811,20.069307299992033],[-111.84270500023547,20.05389789966847],[-111.85651400032077,20.038253799673271],[-111.87003299962316,20.02238849972963],[-111.88325499961843,20.006301900012829],[-111.89617199993774,19.989997899983223],[-111.90877500016603,19.973485900254218],[-111.92107399986509,19.956767999843464],[-111.93305200004966,19.939849899553337],[-111.94471700018931,19.922737099637573],[-111.95606199996121,19.905435600372812],[-111.96707199957302,19.887950900214037],[-111.9777599996242,19.870285000152762],[-111.98812900025308,19.852447499552625],[-111.99814599993783,19.834442100023011],[-112.00782800036183,19.816272700125126],[-112.01717399968027,19.797946900029558],[-112.02616899989931,19.779472399731617],[-112.03482099958939,19.760852800116766],[-112.04312899960354,19.742090200202711],[-112.05108599961909,19.72319410042752],[-112.05868500021251,19.704172100062522],[-112.06593299990794,19.685029999734866],[-112.07282300018124,19.66576580025162],[-112.07934599971804,19.64639470015544],[-112.0855180001555,19.626916899995081],[-112.09131600043298,19.607341800383892],[-112.09675600038901,19.587675100325782],[-112.10182999965468,19.567920700180309],[-112.1065369999825,19.548088100385655],[-112.11087000015027,19.528175399775023],[-112.11483799967385,19.508199699856391],[-112.11843099989062,19.488159200187056],[-112.12165099999356,19.468065299673981],[-112.12449599989037,19.447919799659189],[-112.12697600004225,19.427728700419323],[-112.12907399966525,19.407501200220338],[-112.1307980000276,19.387243300238254],[-112.13215599969953,19.366956700191679],[-112.13312500031839,19.346654899803923],[-112.13372800024689,19.326335899881997],[-112.13394200022304,19.30601499969265],[-111.78130299973355,19.290624600245224],[-111.78096000010385,19.27610969980293],[-111.78034200038292,19.261604299798762],[-111.77946500040935,19.247112299693015],[-111.77830499997566,19.232635499928506],[-111.77689399965828,19.218177799965645],[-111.77520800014901,19.203748700242443],[-111.77326200034094,19.189346299592216],[-111.77104199958853,19.174980200076334],[-111.76856200033598,19.160654099707074],[-111.76581599960861,19.14636989965129],[-111.76281000038114,19.13213160009343],[-111.75953699963276,19.117944700387739],[-111.7560119998538,19.103817000354411],[-111.75222000035262,19.089748400168673],[-111.74817700006838,19.075742700365481],[-111.74387400038472,19.061809500308357],[-111.73931100040227,19.047946899729766],[-111.73448900016712,19.034158700064097],[-111.72942400041717,19.020454399950722],[-111.72410599979196,19.006837799924654],[-111.71852899981337,18.993308999810608],[-111.71270800027389,18.979875599779234],[-111.70664999969762,18.966535599738279],[-111.70034000009082,18.953302399586221],[-111.6937940003927,18.940170300319267],[-111.68700400023431,18.92715260021248],[-111.6799769999385,18.914247499722478],[-111.67270700012784,18.90145680019134],[-111.66520699960324,18.888790100083213],[-111.65748599967907,18.876251199933051],[-111.64952899966352,18.863838200372811],[-111.64133500040987,18.85155869977433],[-111.63292700028074,18.839416499571939],[-111.62429799985273,18.827415500125369],[-111.61544800002508,18.815559400346217],[-111.60638400022134,18.803846399791666],[-111.59710699958828,18.792287800241922],[-111.58761599987838,18.780881900179679],[-111.57792700003091,18.76963619995081],[-111.56802400020734,18.75855059973054],[-111.55791499987726,18.747629200427411],[-111.54761499973233,18.736879300039789],[-111.53711700034921,18.726295499937521],[-111.52643599972151,18.715889000277286],[-111.51555599980946,18.705659899984539],[-111.50449399959831,18.695611999594234],[-111.49324799989517,18.685747100448452],[-111.48182700021579,18.676067399590977],[-111.47022999961467,18.666580200416035],[-111.45846600030558,18.657283799607796],[-111.44652600007475,18.648183799942558],[-111.43442499961395,18.639280300345717],[-111.42215700044511,18.630578999821125],[-111.4097369996627,18.622077900075169],[-111.39716299987248,18.613786700296146],[-111.38443800031337,18.605703400391747],[-111.3715670003167,18.597827899637991],[-111.35855900029753,18.590166100285444],[-111.3454130002097,18.582723599714484],[-111.33212299977652,18.575492900277254],[-111.31870999996642,18.568487200424102],[-111.30517599997233,18.561700800251856],[-111.29151200027849,18.555139500387781],[-111.27774000010083,18.548803299932501],[-111.26384699973914,18.542694100052813],[-111.24984000041559,18.536819500020044],[-111.23574100044669,18.531169899571353],[-111.22153500004015,18.525756800136378],[-111.20722200009516,18.520580299741198],[-111.19283300024267,18.515636400000005],[-111.17834500032143,18.51093289983362],[-111.16377300012374,18.506467800049052],[-111.14913200034147,18.502243000014573],[-111.13441499975232,18.498260499822322],[-111.11962100010896,18.494522099915116],[-111.10475900002774,18.49102590002542],[-111.08983599983145,18.487775799613587],[-111.07486700021178,18.484773600021754],[-111.05983000015431,18.48201749990784],[-111.0447619995665,18.479507400346392],[-111.02964000008586,18.4772471998985],[-111.0144809997982,18.475236900362802],[-110.99928300041006,18.473476400115885],[-110.98406199996123,18.4719657998819],[-110.9688109999276,18.470706900103494],[-110.9535450001016,18.469699900430214],[-110.93825500006812,18.468944499589099],[-110.92296600008075,18.468440999752488],[-110.90765399993205,18.468187300103978],[-110.89082299988144,18.301824599825579],[-110.87248200034395,18.302125899690679],[-110.85414099990714,18.302730600237169],[-110.83582299963166,18.303638500016916],[-110.81752000004786,18.304845800293606],[-110.7992320002565,18.306356399628271],[-110.78098299956571,18.308166500183972],[-110.7627640002583,18.310276000337296],[-110.74459100037427,18.312686900180438],[-110.72646299986746,18.315395400077819],[-110.70838900005219,18.318405199840242],[-110.69037600035205,18.321708700196496],[-110.67241700044411,18.325309799707611],[-110.65453300039758,18.329206500080033],[-110.63671899998178,18.333396900146965],[-110.61898799979627,18.337881099733124],[-110.6013339995643,18.34265520027742],[-110.58377800025443,18.347717299713736],[-110.56630700036766,18.353073099743881],[-110.54894300001934,18.358711199662253],[-110.53168500006262,18.364637400096058],[-110.5145339996443,18.37084769996153],[-110.49748999966369,18.377336500079537],[-110.4805760002821,18.384105699818349],[-110.4637909996548,18.391151399717444],[-110.44712800015697,18.398477599961382],[-110.43061100019742,18.406072600370351],[-110.41423000021422,18.413938499961944],[-110.39798700029974,18.422075299635537],[-110.38190499971586,18.430475199570935],[-110.36597399980013,18.439144100220176],[-110.35020400011445,18.448068599886142],[-110.33459499975936,18.45725629963863],[-110.31916000023375,18.466695799671584],[-110.30390199987727,18.476390799795695],[-110.28881800035032,18.486331900297102],[-110.27392599978498,18.496522899912065],[-110.25920900009515,18.506957999811959],[-110.2446899996437,18.517633400361262],[-110.23037000027517,18.52854539995036],[-110.21624800014501,18.53969189956166],[-110.2023389999448,18.551069300108281],[-110.18862899992831,18.562675499874558],[-110.17514000021072,18.574504899681529],[-110.16186499956996,18.586555500336203],[-110.14881899959704,18.598819699869409],[-110.13598599955412,18.611299500171924],[-110.12338999964868,18.623989099717335],[-110.11103099988065,18.636882800401054],[-110.09890700015785,18.649980499700462],[-110.08702099971924,18.663272900424147],[-110.07538600006376,18.676761599768156],[-110.06398799964637,18.690439199909292],[-110.05284900038095,18.704299900220349],[-110.04196899956958,18.71834560006954],[-110.03134899995626,18.732566799918004],[-110.02098100027285,18.746961600397697],[-110.01088699973513,18.7615222997145],[-110.00105999981906,18.77624889966711],[-109.99149300020173,18.791135800177187],[-109.98221599956861,18.806177099893375],[-109.97320599955714,18.821369199728906],[-109.96448500028242,18.836706200131175],[-109.95603199987681,18.852188100200806],[-109.94787599967754,18.867803599956289],[-109.94000199989227,18.883552599572965],[-109.9324190000367,18.899429300222153],[-109.92513300038758,18.915426299584226],[-109.91813699972266,18.93154339980822],[-109.91144599963309,18.947771099556746],[-109.90504500032642,18.964107500360967],[-109.8989489997964,18.980545000251709],[-109.89315799984172,18.997083699952952],[-109.88766500013952,19.013713799552363],[-109.88248400043619,19.030431699963117],[-109.8776089995556,19.047231700382781],[-109.87304699961925,19.064109799727589],[-109.86879000025823,19.081060399717785],[-109.8648530003656,19.098079699818413],[-109.86122899961856,19.115161900301587],[-109.85791799981575,19.132299400097395],[-109.85492700038066,19.149488399570146],[-109.85224900009121,19.166725199808241],[-109.84989200021556,19.184003799635775],[-109.84784700033867,19.20131869969839],[-109.84613000029918,19.218664200092917],[-109.84473399977418,19.23603440036743],[-109.84365799961688,19.253425599811749],[-109.84289599955065,19.270832100321286],[-109.84246100017492,19.288248100369685],[-109.48978399973169,19.306203799765683],[-109.49001300039953,19.329429600096091],[-109.4906770004431,19.352647800255909],[-109.49176800039282,19.375854499885406],[-109.49327899992579,19.399036399810143],[-109.49522399968777,19.422189700394483],[-109.49760399972473,19.445310600204152],[-109.50040400024432,19.468383799972514],[-109.50363199981683,19.491411199967047],[-109.5072939996183,19.514381400381467],[-109.51138300022518,19.537288700413342],[-109.51589200041536,19.560121499707577],[-109.5208210001889,19.582879999712361],[-109.52617599982244,19.605552699897316],[-109.53194399961581,19.628135699902771],[-109.53813900021458,19.650617599922441],[-109.54475400039672,19.672994600320692],[-109.55178099979321,19.695259100027556],[-109.55921900015665,19.71740530021458],[-109.56706999978059,19.739425699636456],[-109.57533300041752,19.761312500271799],[-109.58399999989996,19.783060100243574],[-109.59307100002655,19.804662699823893],[-109.60254699994397,19.826110800373272],[-109.61241900013664,19.847400700282208],[-109.62268799975129,19.868526499998097],[-109.63334700026377,19.889474900346499],[-109.64440200015207,19.910247799796252],[-109.65583799962388,19.930837599975405],[-109.66766399999352,19.951232900178354],[-109.67986299957767,19.971431700312849],[-109.69243600022116,19.991424599765594],[-109.70539099959484,20.011209500418261],[-109.71871199965898,20.030776999858801],[-109.73239100004452,20.050123200425503],[-109.74643700026724,20.069240599973853],[-109.76084099991215,20.088121399583088],[-109.77559699960176,20.106763799709711],[-109.79068800035083,20.125162099551403],[-109.80612900015313,20.143306699744528],[-109.8219149996774,20.161195799846439],[-109.83803600026113,20.17882160003694],[-109.85447700031324,20.196176500145498],[-109.87124600020263,20.213260699821603],[-109.88832900018309,20.230066300319663],[-109.90573899995479,20.246587799587417],[-109.92343899961003,20.262819299870955],[-109.94145999967913,20.278757099560664],[-109.95976300016224,20.294395399827977],[-109.97837100032132,20.309730499962768],[-109.99725299962614,20.32475469996956],[-110.0164180002904,20.339469900115944],[-110.03586599961608,20.353862800328102],[-110.05557300009377,20.367935200149532],[-110.07554600024764,20.381681399677007],[-110.09577200037739,20.395093900363349],[-110.11625699986058,20.408172599685884],[-110.13697800033435,20.420911800439399],[-110.15794400041517,20.433309599658458],[-110.17913099989562,20.445360200313132],[-110.20054599999781,20.457056000434193],[-110.2221760001222,20.468401000206143],[-110.24401900017659,20.479385399716591],[-110.26607500016104,20.490009299689575],[-110.28832199996026,20.500268899590196],[-110.3107599995742,20.510160399782762],[-110.3333819995795,20.519679999732318],[-110.35617100009148,20.528825800070763],[-110.37914300004934,20.537595699981694],[-110.40226699982207,20.545986200203117],[-110.42556000019374,20.553991299558959],[-110.44898999968865,20.561616900299839],[-110.47256499957496,20.568851500096798],[-110.49627700038315,20.575695000024382],[-110.52010300015326,20.582149499999559],[-110.54405999966917,20.588211099662658],[-110.56812299957664,20.593877799820746],[-110.59228499955299,20.599145899763585],[-110.61654699964424,20.604015400390551],[-110.64090000033463,20.60848240044254],[-110.66533700040213,20.6125506995553],[-110.68983499968539,20.616212800080802],[-110.7144089997754,20.619472499856101],[-110.73903699965769,20.622325900320163],[-110.76371800018546,20.624774899941826],[-110.78843699976761,20.626817700076913],[-110.81319400020283,20.628452299733965],[-110.83798200026899,20.629676800444145],[-110.86278500012753,20.630495099869108],[-110.88759600035502,20.630903199623106]]]},"properties":{"objectid":17597,"radii":50,"stormid":"EP182026","basin":"ep","stormnum":18,"advnum":26,"synoptime":"2026100218","timezone":"UTC","ne":80,"se":60,"sw":50,"nw":70,"idp_source":"EP182026_radii","idp_filedate":1791040084000,"idp_ingestdate":1791040150000,"st_area(shape)":4.0115386219392928,"st_perimeter(shape)":7.9677837794947086,"binnumber":"EP3"}},{"type":"Feature","id":17598,"geometry":{"type":"Polygon","coordinates":[[[-110.89382199968543,19.965452199759341],[-110.9061889998224,19.965452199759341],[-110.91854100016695,19.965249999787773],[-110.93089299961213,19.96484380030131],[-110.94323699958778,19.964231499584173],[-110.95555900034748,19.963418999887097],[-110.96787299983896,19.9624023001262],[-110.98015599969955,19.961181599951033],[-110.99241600029808,19.959762600164026],[-111.00466200025102,19.958137500045723],[-111.01686099983516,19.956314100315637],[-111.02902999983451,19.95428660034645],[-111.04115300041053,19.952062600308921],[-111.05323800013349,19.949640299760176],[-111.06526900006418,19.947017700406661],[-111.07725499971838,19.944194799550473],[-111.0891879996264,19.941177399617459],[-111.10105900027253,19.937961600247775],[-111.11286899990432,19.934553100445385],[-111.12461900036647,19.930950199592189],[-111.1362919999757,19.927154500280096],[-111.14789600000029,19.923166300184732],[-111.15942400011744,19.918987299924083],[-111.17087600032704,19.914619399765627],[-111.18222800042179,19.910062800258174],[-111.19350399970972,19.90532109958923],[-111.20469699966668,19.900396299649628],[-111.21579000040811,19.895284699729245],[-111.22677599981245,19.889993700349123],[-111.23767100041624,19.884519599899761],[-111.24846600000581,19.878870000350389],[-111.25914799978028,19.87304120009145],[-111.26972199997022,19.867038700275941],[-111.28017399993007,19.860862699653978],[-111.29052000039758,19.854513200024314],[-111.30074299968959,19.847997699934069],[-111.31083700022731,19.841314300015085],[-111.32080799958942,19.834461199824659],[-111.33065000019724,19.827451700335814],[-111.34035499988323,19.820278199579377],[-111.34992999986952,19.812944400064168],[-111.35937500015604,19.805454300175938],[-111.36866000025873,19.797811499900945],[-111.37781499976234,19.790016199787942],[-111.38681800035033,19.782070200279634],[-111.39566800017798,19.773981099748084],[-111.40436600019063,19.765741299821286],[-111.4129179997658,19.757362399954957],[-111.42131000005634,19.74884800013524],[-111.42953499984026,19.74019239955976],[-111.43760699976315,19.73140139975493],[-111.44550299966363,19.72248080044875],[-111.45323900027955,19.713430400192976],[-111.4608000000199,19.70425610033891],[-111.46819300010679,19.694957700337739],[-111.47541000017128,19.685537300106432],[-111.48245200025951,19.676002499815638],[-111.48931100000254,19.666351300272424],[-111.49599499976932,19.656589500305358],[-111.50249500004412,19.646719000181861],[-111.50881199997372,19.636741600344692],[-111.51493800008853,19.62666320034657],[-111.52087400043467,19.616485599730765],[-111.52661900006672,19.606210699664189],[-111.53217299988393,19.595842399607193],[-111.53754400025531,19.585384400270016],[-111.54270900012017,19.574838600121439],[-111.54768400021635,19.564212799880977],[-111.55245199975991,19.553504899631548],[-111.55703000043405,19.54272079982519],[-111.56140099965631,19.531860399737809],[-111.56556700021679,19.520931199715221],[-111.56953399969422,19.509935400398547],[-111.57330299993339,19.498876599975233],[-111.57685099987367,19.487756699612135],[-111.58020799999912,19.47657780012554],[-111.58334399982562,19.465347300237852],[-111.58628100036776,19.454067200041379],[-111.58900500008059,19.442741399895851],[-111.59151499981726,19.431369799976437],[-111.5938109995779,19.419961899821942],[-111.59590099973127,19.408515899888982],[-111.59777799995464,19.397035599813194],[-111.59944899967149,19.385528599765223],[-111.60089099961982,19.373996700187718],[-111.602126999961,19.362438199563371],[-111.6031569997956,19.350866299939923],[-111.60396600023063,19.339275400339602],[-111.60456099979024,19.327676799844596],[-111.60493499995022,19.316066699718533],[-111.60510299960367,19.304454800049143],[-111.34066799992814,19.295843099879278],[-111.34051500006711,19.288583800202332],[-111.34022500018352,19.28133199997194],[-111.339805999747,19.274084100101277],[-111.33924900014114,19.266841900133727],[-111.33856199993625,19.259613000239881],[-111.33773000023922,19.252393699709614],[-111.33677700035821,19.245193499880259],[-111.33569299983196,19.238008500392141],[-111.33446499985973,19.230840700438137],[-111.33311499965743,19.223695799921359],[-111.33162700028572,19.216571799648989],[-111.33001699978462,19.209474600072895],[-111.32827000016027,19.202405900012423],[-111.32638499956801,19.195367800283918],[-111.32437899969096,19.188360200163231],[-111.32224300011427,19.18138690018543],[-111.31997699993849,19.174451799810868],[-111.317581000063,19.167552899846612],[-111.31506299995738,19.160694099753016],[-111.31242399966777,19.153879200065148],[-111.30964700020877,19.147108100058915],[-111.30675499994322,19.140384700093989],[-111.30373400002401,19.13370900017037],[-111.30059099987466,19.127084700098976],[-111.29733299981797,19.120512000428619],[-111.29394500006163,19.113996500338374],[-111.29044300044404,19.107534400192549],[-111.286818999697,19.101133300161791],[-111.28308900035699,19.094791399803398],[-111.2792280003718,19.08851239982755],[-111.27526099999506,19.082298300326443],[-111.27117200028749,19.076150899944196],[-111.2669829995657,19.070072199672438],[-111.26267200041241,19.064062099686282],[-111.25824699959924,19.058124500345571],[-111.25372299961663,19.052261399943802],[-111.24909200009563,19.046472499906088],[-111.24435400013692,19.040759999974171],[-111.23950999978655,19.03512950022639],[-111.23455799985169,19.029577299952564],[-111.22950699984807,19.024107000038157],[-111.22435799982173,19.018720599676101],[-111.21911600000328,19.013423900392809],[-111.21377600016217,19.008209200394447],[-111.20833600020615,19.003088000211164],[-111.20280499965094,18.998052599847767],[-111.19717399988008,18.99311070019877],[-111.19146700020178,18.988264099908406],[-111.18566099955541,18.983509100065078],[-111.17977100043123,18.978851299847747],[-111.17380499960097,18.974292800072817],[-111.16773999960122,18.969833400191419],[-111.16160600001677,18.965473200028271],[-111.15538800015599,18.961214099850963],[-111.14909400038772,18.957059900194395],[-111.14272299976653,18.953008699891711],[-111.1362839996068,18.949064300377302],[-111.1297680003928,18.945224799584992],[-111.12318399984161,18.941495900115854],[-111.11653900007468,18.937871900268135],[-111.10981800040031,18.934362400304678],[-111.10304300003435,18.930961599598277],[-111.09619900008369,18.927673299583262],[-111.08930200038691,18.924499500351772],[-111.08233600020617,18.921438200013085],[-111.07532499974883,18.918493299826082],[-111.0682530000758,18.915662799698566],[-111.06113400003397,18.912948599898129],[-111.0539699997156,18.910354599885011],[-111.04676100002001,18.907877000023689],[-111.03950499995568,18.905519500124967],[-111.03220399961481,18.903282200013678],[-111.02486400017335,18.901164999864989],[-111.01748699992498,18.899169899771209],[-111.01007799999962,18.897295000364124],[-111.00263200016656,18.895542100287855],[-110.9951480003798,18.89391330035869],[-110.9876479998552,18.892406499760284],[-110.9801179997458,18.891025499927025],[-110.97255700000545,18.88976860024087],[-110.96498099957336,18.888635600152952],[-110.95738199987932,18.88763049984783],[-110.94976800039279,18.886747399772844],[-110.94213900021458,18.885988200195413],[-110.93449400019784,18.885358799768937],[-110.92684199985831,18.884853399664792],[-110.91918200004915,18.884473800325736],[-110.91151399987109,18.884222000045384],[-110.90383900026956,18.884094200087418],[-110.89463800044325,18.717733400076497],[-110.88391100039223,18.717908900075827],[-110.87319199981084,18.718263599885347],[-110.86247300012877,18.718793900418291],[-110.85176800019298,18.719501499594685],[-110.84107199977285,18.720382700301514],[-110.8304059998369,18.721443199743987],[-110.81975599973953,18.722675299725438],[-110.80912799975727,18.724084899798413],[-110.79853100030533,18.725669900046],[-110.78796400043819,18.727426499933188],[-110.77742800020195,18.729360599911899],[-110.76692999991945,18.731468199797746],[-110.75646999959071,18.733743700411594],[-110.7460559995846,18.736194600300678],[-110.73568699985509,18.738817199654193],[-110.72536499959494,18.74160769973571],[-110.71510300030315,18.744569800356146],[-110.70489499990424,18.747699700081228],[-110.69474000015077,18.750997499635048],[-110.684653999982,18.754461299649392],[-110.67462199960551,18.758091000299544],[-110.66467300035856,18.761886599786862],[-110.65478500032742,18.765844300274352],[-110.64497400024982,18.769964199788149],[-110.63523900007971,18.774246200302059],[-110.62557999981703,18.778686500381809],[-110.6160130001997,18.783285100027456],[-110.60652899991334,18.788042099963093],[-110.59712999994946,18.792955400271637],[-110.58782199968545,18.798019399975487],[-110.57861300038957,18.803237899609542],[-110.56949599994033,18.808607100437484],[-110.56047799955991,18.814126999761356],[-110.55156699961725,18.819791799651966],[-110.54276300011225,18.825605399569667],[-110.53405799977679,18.831561999786572],[-110.52547499967142,18.837659799860035],[-110.51699799995765,18.84389879978994],[-110.50863600015117,18.85027689965932],[-110.50038900025208,18.856792399749565],[-110.49227100000655,18.86344150042504],[-110.48427600003726,18.870224000237556],[-110.47640200025199,18.87713809964373],[-110.4686580001665,18.884180099731964],[-110.46104399978066,18.891347899685968],[-110.45356800036285,18.898639699962303],[-110.4462130002297,18.906053499569509],[-110.43901099995759,18.913589499955606],[-110.4319380002384,18.921241799769405],[-110.42501100005751,18.929008499642691],[-110.41822800022192,18.936889599575522],[-110.41158299955566,18.944879500388765],[-110.40509799997261,18.9529780995598],[-110.3987579998817,18.961183500418372],[-110.39256999960571,18.969491999556283],[-110.38653600013618,18.977901499754523],[-110.38065300043553,18.986408199578875],[-110.37493100006549,18.995008499942458],[-110.36936999992548,19.003704099664617],[-110.36396799992315,19.012491200009038],[-110.3587189997819,19.02136229973047],[-110.35364499961696,19.030321100438584],[-110.34873199968195,19.039362000256233],[-110.34399399972324,19.048482900165823],[-110.33941699999446,19.057678200089015],[-110.33501400019588,19.066949800293173],[-110.33078000009681,19.076290099708501],[-110.3267209999741,19.085701000401002],[-110.32283799987368,19.095176699944886],[-110.31912200028,19.104713399603838],[-110.31558199980935,19.114311200101952],[-110.31222499968391,19.123966200180121],[-110.30904399958081,19.133674600202767],[-110.30604599982291,19.143434499902412],[-110.30322300004133,19.153242099643307],[-110.30059100007452,19.163093599789931],[-110.29813400008396,19.172987000249975],[-110.29585300011576,19.182920499681472],[-110.29376199991628,19.192892099790697],[-110.29186200043085,19.202890399872217],[-110.29013800006857,19.212923000096509],[-110.28861199984379,19.222984300385292],[-110.28725400017186,19.233064699576346],[-110.28609499978432,19.243165999911128],[-110.28511799969584,19.253290199683136],[-110.28432499999866,19.26342580016069],[-110.28372200007016,19.273571000001766],[-110.28331800032538,19.283725700280968],[-110.28308899965754,19.293886200288057],[-110.19491600027311,19.304456700316621],[-110.19507599955762,19.316070600078262],[-110.1954499997176,19.327678700112074],[-110.19604500017653,19.339279199975238],[-110.19686100003503,19.350868200207401],[-110.19788400044615,19.362442000098383],[-110.19911999988801,19.373996700187718],[-110.20056900015913,19.385532400300178],[-110.20223200040641,19.397039400348206],[-110.20410899973047,19.408517800156517],[-110.20619999992994,19.41996380008942],[-110.20850400005946,19.431373599612073],[-110.21101399979614,19.442743300163329],[-110.21373700036219,19.454069100308857],[-110.21666699968222,19.465351099873487],[-110.21980999983151,19.476581599761175],[-110.22315999963416,19.487758599879612],[-110.22671499989724,19.498878500242711],[-110.23047599976746,19.509939200034182],[-110.23444400019036,19.520935100074951],[-110.23860899980542,19.531864200272764],[-110.24298900034199,19.542722700092668],[-110.24755899974792,19.5535068997238],[-110.25233499966043,19.564214700148455],[-110.25730899971046,19.574842499581848],[-110.26247399957532,19.585386299638174],[-110.26783799962391,19.595846200142148],[-110.27339200034044,19.606214500199144],[-110.27914400029528,19.616487499998243],[-110.28508800011105,19.626665099714728],[-110.29121400022581,19.636745499805102],[-110.29752299978651,19.646720900449338],[-110.3040240001074,19.656591399673516],[-110.31070699982808,19.666353199640582],[-110.31756599957112,19.676004400083116],[-110.32460000018978,19.685541199566842],[-110.33182499972384,19.694959599705896],[-110.33921100038725,19.704257999707067],[-110.34677899955108,19.713434199828612],[-110.35451500016705,19.722484600084385],[-110.36241900043643,19.731403399847181],[-110.37048299999037,19.74019239955976],[-110.37871600014319,19.74884800013524],[-110.38710000006483,19.757366199590592],[-110.39564500021652,19.765745200180959],[-110.40434300022918,19.773983000015562],[-110.41320000037962,19.782072099647849],[-110.42220300006829,19.79001810005542],[-110.43135100014842,19.7978153004359],[-110.44065100004354,19.805456200443416],[-110.45008099963832,19.812946300331646],[-110.4596559996246,19.820278199579377],[-110.46936799963339,19.827451700335814],[-110.47921000024121,19.834465000359614],[-110.48917400017984,19.841316200282563],[-110.49928299961067,19.847999600201547],[-110.50949900037847,19.854515100291792],[-110.51983600043098,19.860864599921513],[-110.53029599986041,19.867040599644099],[-110.5408710000965,19.873043100358927],[-110.55155199982482,19.878871899718547],[-110.56233999999091,19.884521500167239],[-110.57323499969539,19.889995599717281],[-110.58423599979147,19.895286599996723],[-110.59532899963352,19.900396299649628],[-110.60650599975202,19.905322999856708],[-110.61778299998537,19.910064699626332],[-110.62914999987248,19.914619399765627],[-110.64059399971325,19.918987299924083],[-110.65211500040687,19.92316819955289],[-110.66372699990103,19.927154500280096],[-110.67540000040958,19.930950199592189],[-110.68714099955741,19.934553100445385],[-110.69895200013462,19.937963499615933],[-110.71082299988143,19.941177399617459],[-110.72275499974336,19.944196699818008],[-110.73474100029682,19.947017700406661],[-110.74677999969714,19.949640299760176],[-110.75885799999662,19.952064499677078],[-110.77098799999612,19.954288499714607],[-110.78315699999547,19.956314100315637],[-110.79536399994856,19.9581394003132],[-110.80759400006298,19.959762600164026],[-110.81986200013108,19.961181599951033],[-110.83214600003777,19.9624023001262],[-110.84446000042857,19.963418999887097],[-110.85678899971248,19.964231499584173],[-110.86911799989571,19.96484380030131],[-110.88147699966373,19.965249999787773],[-110.89382199968543,19.965452199759341]]]},"properties":{"objectid":17598,"radii":64,"stormid":"EP182026","basin":"ep","stormnum":18,"advnum":26,"synoptime":"2026100218","timezone":"UTC","ne":40,"se":35,"sw":25,"nw":40,"idp_source":"EP182026_radii","idp_filedate":1791040084000,"idp_ingestdate":1791040150000,"st_area(shape)":1.1633781012131419,"st_perimeter(shape)":4.2603378787847239,"binnumber":"EP3"}},{"type":"Feature","id":17599,"geometry":{"type":"Polygon","coordinates":[[[-111.27973899965502,21.462713199954351],[-111.3202970003062,21.462713199954351],[-111.36084000026568,21.46204569974941],[-111.40136700038664,21.460710499689924],[-111.44185599965459,21.458707800324873],[-111.48230000044458,21.456037500030732],[-111.52269699996646,21.452701599799127],[-111.56301100015742,21.44870380034024],[-111.60324900044094,21.444038399952319],[-111.64338699971017,21.438713100429368],[-111.68341800034034,21.432725899880495],[-111.7233279998872,21.426082599832284],[-111.76310000026473,21.418781300017145],[-111.80272700025074,21.410825700245994],[-111.84219400005298,21.40222170007155],[-111.88148499983276,21.392965300208573],[-111.92059300016672,21.383066199845359],[-111.9595030003631,21.372522399789034],[-111.99821500042185,21.361341500210187],[-112.0366969997666,21.3495235002095],[-112.07494399996551,21.337070499703941],[-112.11294599965805,21.323993699749565],[-112.15068799995112,21.310293200171202],[-112.18817099999154,21.295970900336897],[-112.22536500019453,21.281034500242129],[-112.26226799956845,21.265487699697701],[-112.29886600016567,21.24933620040548],[-112.33514400039519,21.23258399985184],[-112.3711010002109,21.21523669991393],[-112.40671500039684,21.197301899862907],[-112.44197799968487,21.178783400233897],[-112.47689099991959,21.159683200219661],[-112.51142099957934,21.140014599894016],[-112.54556999965564,21.119777699981],[-112.57932300035611,21.098985699830337],[-112.6126860001587,21.077636700073811],[-112.64562200005514,21.055746099802832],[-112.67813900041443,21.033315700359424],[-112.71021999955326,21.010349299580639],[-112.74186700026178,20.986860300062915],[-112.77304099984218,20.96285630017826],[-112.80377199967796,20.938341099562251],[-112.83401500039184,20.913322400008894],[-112.86379200030046,20.887811700249927],[-112.89306600039549,20.861814499639593],[-112.92183699977761,20.835340500064149],[-112.95011099962284,20.808393500259967],[-112.97785900039247,20.780986800300752],[-113.00508899975745,20.75312610008956],[-113.03177600016215,20.724824900249075],[-113.05793000026921,20.696085000322626],[-113.08353400019388,20.666921599752186],[-113.10857400018983,20.637338599796692],[-113.13304900021109,20.607353199990314],[-113.15696000030368,20.576965299609014],[-113.18028999968362,20.546190300442163],[-113.20302600044948,20.515033700045365],[-113.22517400017989,20.483509099765286],[-113.24672700035069,20.451623900123025],[-113.26767000027019,20.419391599942514],[-113.28800199989229,20.38681599975871],[-113.30770900036998,20.353914300005101],[-113.3268049996509,20.320690199593173],[-113.34526099999505,20.287158999588314],[-113.36309100024937,20.253326399893581],[-113.38027999972212,20.219207799600383],[-113.39682800021194,20.184812500396731],[-113.41272000012782,20.150148400128728],[-113.4279629997925,20.11522869994468],[-113.44254300035908,20.080062900282769],[-113.45646700035167,20.044662499874619],[-113.46972700030074,20.00904079969331],[-113.48231499983729,19.973201799923288],[-113.49423199990679,19.937166200260094],[-113.50547000014029,19.900936099721378],[-113.51602899963854,19.864528699639891],[-113.5259090002001,19.827951399637527],[-113.53511000002641,19.791215899893984],[-113.54360999990149,19.754339200293998],[-113.55143700021728,19.717325200297921],[-113.55857100005153,19.680189100246935],[-113.56500199984231,19.642940500403938],[-113.57074700037367,19.605592699943315],[-113.57580599984692,19.568155300027229],[-113.58015399980712,19.530639599737867],[-113.58381699965469,19.493059200421897],[-113.58677700035821,19.455423400169934],[-113.58903500016504,19.417745599779721],[-113.5905990003435,19.380035400413533],[-113.59146899999428,19.342307999714535],[-113.59163699964773,19.304569200108631],[-113.23870099985118,19.273796100309937],[-113.23773200013159,19.24187470025737],[-113.23617600032208,19.209974300273871],[-113.23402400000748,19.178104399898302],[-113.23129299997186,19.146274600292713],[-113.22797399980016,19.114494300271872],[-113.2240680004378,19.082771299655917],[-113.21958200040888,19.051122699952771],[-113.21451599971351,19.019546500170975],[-113.20886199978139,18.988061899936895],[-113.20263699959776,18.956676500320384],[-113.19583899996979,18.925396000325293],[-113.18846099967527,18.894231799757904],[-113.18051900035147,18.8631954000478],[-113.17200499983079,18.832292600023607],[-113.16292600023462,18.801536599934252],[-113.15328199976437,18.770933200407001],[-113.14308199973442,18.740495699716917],[-113.1323320004214,18.710229900289789],[-113.12102499970388,18.680141400405432],[-113.10916899974944,18.65024760014677],[-113.09677099998157,18.620552100399266],[-113.08383200044636,18.591066399894601],[-113.07035799962188,18.561796200334527],[-113.05635100029832,18.532754899818883],[-113.04180899968549,18.503946299782058],[-113.02675599978949,18.475383800122415],[-113.01117699991852,18.447071099751611],[-112.99509400018786,18.419017799831749],[-112.97849299995187,18.391239199629524],[-112.96140299964861,18.363733299951946],[-112.94380200006213,18.336515400065821],[-112.92571299955517,18.309589400330708],[-112.90714300024916,18.282964699561376],[-112.88808399997652,18.256650899819306],[-112.86855300042055,18.230655700200543],[-112.84854899973647,18.204986600151642],[-112.82809399983813,18.179649400299752],[-112.80717500012605,18.154651600091427],[-112.78581199972393,18.130004899706478],[-112.76400000019976,18.10570910039479],[-112.74175300040054,18.081779499624361],[-112.7190779997498,18.058219899728726],[-112.69597600009223,18.035036100435832],[-112.67246200032093,18.012237499661012],[-112.6485439999056,17.989828100286729],[-112.6242140002758,17.967815399960898],[-112.59949499979433,17.946206999753372],[-112.57439399968325,17.925008800116188],[-112.54891199998872,17.904228199771751],[-112.5230560001342,17.883869199803883],[-112.49684099991214,17.863941199926558],[-112.47026099994508,17.844446200232085],[-112.4433439997257,17.825391799991735],[-112.41607699955381,17.806783700007884],[-112.38848899986738,17.788625699916281],[-112.36057300034361,17.770927399979655],[-112.3323439998756,17.753690699566278],[-112.30380999973158,17.736921300377844],[-112.27497900028055,17.720623000251408],[-112.24585700000046,17.704803500081596],[-112.21646099967529,17.689464600311169],[-112.18678299983549,17.674614000036229],[-112.15684499969689,17.660253499699365],[-112.12665599967454,17.646388999752673],[-112.0962300004141,17.63302229973948],[-112.06555200032449,17.620161099655149],[-112.03466000025873,17.60780329958277],[-112.00354799994017,17.595958700333881],[-111.97222099959936,17.584627200285183],[-111.94070400038919,17.573814400414392],[-111.90898900014213,17.563520399646848],[-111.87710600024161,17.553752899776669],[-111.84504700031869,17.544511800079647],[-111.81281999984304,17.535798999924054],[-111.7804489999213,17.527616500301406],[-111.74793199956201,17.51996990039072],[-111.71528600044849,17.51286130010908],[-111.68251800020545,17.506290399982106],[-111.64963500005513,17.500259399751656],[-111.61665299983599,17.49477390039533],[-111.58357200044736,17.489829999754818],[-111.55040699988302,17.485431699813262],[-111.51716600031057,17.481580700289214],[-111.48386399972372,17.478277199932961],[-111.4505159997135,17.475524900354003],[-111.41711399991107,17.473318099850587],[-111.38368199962451,17.471666299760045],[-111.35021999975311,17.470563900004095],[-111.31674200004318,17.470012700126176],[-111.28176100026985,17.303646100387368],[-111.24527700043313,17.304246899674808],[-111.20881699990451,17.305448500048385],[-111.17237100002154,17.307252899801597],[-111.13597099956189,17.30965609964943],[-111.0996170003242,17.312656399873106],[-111.06332400030226,17.316255600016063],[-111.02709999986502,17.320453600253586],[-110.99095200023453,17.32524679970021],[-110.95489500030391,17.330635100329744],[-110.91894499991173,17.336616500251409],[-110.88310199995726,17.343189199921767],[-110.8473889997025,17.350349399705181],[-110.81179799967782,17.358098999869071],[-110.77636699983708,17.366432199786345],[-110.74107400006494,17.375351000448461],[-110.70596299969259,17.384845699969219],[-110.67101300044953,17.394920300331762],[-110.63625300007578,17.405565300198589],[-110.60168499956296,17.4167842995559],[-110.56732899983336,17.428571700123996],[-110.53318800012602,17.440921800201068],[-110.49927500014104,17.453832599694863],[-110.46558399960179,17.467300399693841],[-110.43215200021456,17.481319399570793],[-110.39897900018065,17.495887799782281],[-110.36606600044547,17.511001600143857],[-110.33342699985604,17.526653300309704],[-110.30107900009568,17.542841000012288],[-110.26902799964239,17.559558900423042],[-110.2372740002948,17.576805100375225],[-110.20583300009281,17.594568299887271],[-110.17472099977425,17.612848300209009],[-110.14394399961577,17.631637600095303],[-110.11350299966358,17.65092849955073],[-110.0834200000329,17.670721100198762],[-110.05368800040083,17.691005700153084],[-110.0243380003983,17.711774799967202],[-109.99535400018686,17.733026500272899],[-109.96676600025063,17.754753100175549],[-109.93856800031284,17.776945100136402],[-109.91076699979709,17.799598699620446],[-109.88338499971786,17.82270430016348],[-109.85643000044405,17.846260100423422],[-109.82989499985428,17.870256400312769],[-109.80379500043881,17.894685700384912],[-109.7781450001915,17.919542299837417],[-109.75294500001166,17.944814699938604],[-109.72820300026814,17.970500899696901],[-109.70393399985409,17.996589699854894],[-109.68013799966883,18.023073199868406],[-109.65682200003516,18.049945799659042],[-109.6339949995695,18.077197999688053],[-109.61167099981668,18.104820300416691],[-109.58983600013119,18.132808699861755],[-109.56852700042066,18.161153800107911],[-109.54772199967044,18.189842200357418],[-109.52745100016341,18.218868299632447],[-109.50770599973202,18.248226200179147],[-109.48849499964444,18.277904500392538],[-109.46981799990067,18.307893799659269],[-109.45169799976276,18.338186299957897],[-109.43412799980723,18.368772499951035],[-109.41711400031079,18.399642900099877],[-109.40067300025868,18.430789900233833],[-109.38479600013522,18.4622020996473],[-109.36949200035542,18.493869800051357],[-109.3547670002967,18.525787399568969],[-109.34062200000523,18.557941400275524],[-109.32707200017256,18.590322499583806],[-109.31411699989951,18.622922900371691],[-109.30175800013149,18.655733100402415],[-109.28999299987697,18.688737900234059],[-109.2788389999198,18.721933400406272],[-109.26829500021398,18.755308200213392],[-109.25835400043667,18.788850800024534],[-109.24903899984986,18.82255359966905],[-109.2403409998372,18.856403399797216],[-109.23225400012188,18.890390399597379],[-109.22480800028887,18.924505200254941],[-109.21797900013064,18.958738300432344],[-109.21178400043118,18.993080099866859],[-109.20622300029112,19.027517300283307],[-109.20128600014868,19.062040299620264],[-109.1969909999346,19.096639600137564],[-109.19333599955661,19.131303800230341],[-109.19032300000634,19.166025199903174],[-109.18794299996938,19.200788499889484],[-109.18621100013746,19.235586199843397],[-109.18511199981884,19.270408599677296],[-109.0083849996679,19.304578800371473],[-109.00855300022067,19.342317599977378],[-109.00942199982535,19.380046800219816],[-109.01098600000381,19.417755100217846],[-109.01324499985674,19.45543479997616],[-109.01620499966089,19.49307060022818],[-109.01986700036167,19.53064920000071],[-109.02421600036803,19.568164799565977],[-109.02927399979518,19.605602300206158],[-109.03501900032649,19.642950099767404],[-109.0414579995869,19.680198699610457],[-109.04858399995152,19.717336699928921],[-109.05640399994456,19.754348799657521],[-109.06491899961202,19.791229199967745],[-109.07411199996875,19.82796099990037],[-109.083991999631,19.864536299810538],[-109.09455100002856,19.90094569998422],[-109.10579699973164,19.937173800430685],[-109.11770600033157,19.973211300361356],[-109.13029499991421,20.009048499688674],[-109.14355499986328,20.044672000312687],[-109.15747799980977,20.080072399821518],[-109.17206599984593,20.115238200382805],[-109.18730200008713,20.150156000299319],[-109.20320100032581,20.184822099760254],[-109.21974199959351,20.219219200305986],[-109.23693099996558,20.253336000156423],[-109.2547610002199,20.287166599758905],[-109.27322399998752,20.320697799763764],[-109.29231299984497,20.353921900175692],[-109.31202699974614,20.386825600021552],[-109.33235900026756,20.419399299937879],[-109.35330200018706,20.451633500385867],[-109.37485500035791,20.483518600203354],[-109.39700300008826,20.515043300308207],[-109.4197389999548,20.546197899713434],[-109.44306900023406,20.576974899871857],[-109.46698000032666,20.607360800160961],[-109.49145500034791,20.637348200059535],[-109.51649500034387,20.666931200015028],[-109.54209900026854,20.696092599593953],[-109.56824500000664,20.724832500419723],[-109.59493999988098,20.753135700352402],[-109.62216900009918,20.780994399572023],[-109.64991800001559,20.80839920016308],[-109.67818500043734,20.835344299699784],[-109.70696300014225,20.861820200442025],[-109.73624399966076,20.88781740015304],[-109.76600599977695,20.913330100004259],[-109.79626500032941,20.938346900189458],[-109.82698100037277,20.96286390034885],[-109.8581699997456,20.98686979960172],[-109.88980900008517,21.010356899751287],[-109.92189000012331,21.033319499995059],[-109.95440699958328,21.055749900337787],[-109.98734999980257,21.077644300244401],[-110.02069899985884,21.09899139973345],[-110.05446600030558,21.119785300151648],[-110.08861500038188,21.140020399621903],[-110.12314600008773,21.159688900122774],[-110.15805099995362,21.178785299602055],[-110.1933140001409,21.197305700397919],[-110.22893499975032,21.215244300084521],[-110.26488500014256,21.232591600022488],[-110.30116999979555,21.249342000133367],[-110.33776900043893,21.265493399600871],[-110.37467199981285,21.281038299877764],[-110.41185799964688,21.295974699972589],[-110.44933300021768,21.310296999806837],[-110.48708299998037,21.323997500284577],[-110.52509300004181,21.337076199607054],[-110.56333199987182,21.349525500301752],[-110.60182199958552,21.361343399578345],[-110.64051799980575,21.372526200324046],[-110.67943600037103,21.383068100112894],[-110.71855200017455,21.392969099844208],[-110.75784299995439,21.402223600339028],[-110.79730999975658,21.410827599614151],[-110.83693699974265,21.418783200284622],[-110.87670900012017,21.426082599832284],[-110.91661799962088,21.432727800147973],[-110.95664199992825,21.438714999797526],[-110.99678000009681,21.444040300219797],[-111.03701800038033,21.44870380034024],[-111.07733899999477,21.452703500066605],[-111.11772900009316,21.456039400298209],[-111.15817299998389,21.458709699693031],[-111.1986620001511,21.460710499689924],[-111.23919699974164,21.46204569974941],[-111.27973899965502,21.462713199954351]]]},"properties":{"objectid":17599,"radii":34,"stormid":"EP182026","basin":"ep","stormnum":18,"advnum":26,"synoptime":"2026100300","timezone":"UTC","ne":130,"se":120,"sw":110,"nw":130,"idp_source":"EP182026_radii","idp_filedate":1791040084000,"idp_ingestdate":1791040150000,"st_area(shape)":13.90187621678902,"st_perimeter(shape)":13.79615699096391,"binnumber":"EP3"}},{"type":"Feature","id":17600,"geometry":{"type":"Polygon","coordinates":[[[-111.28759799964786,20.630903199623106],[-111.31086699981211,20.464540500244027],[-111.33255800005156,20.464183800342255],[-111.35423299955318,20.46346860009595],[-111.37589300016174,20.462398500390634],[-111.3975299997096,20.460968000073308],[-111.41914399999553,20.459184600389165],[-111.44071199995875,20.457044599728647],[-111.46224199996823,20.454549800333155],[-111.48371900023159,20.451700200404048],[-111.50514199980336,20.448495899766101],[-111.52649699983658,20.444940600028815],[-111.54778300028516,20.441036199661028],[-111.56899299992693,20.436778999751198],[-111.59011800014548,20.432174700202381],[-111.611152999811,20.42722130002312],[-111.63208800026092,20.421924599840565],[-111.65292399974271,20.416282700286501],[-111.67365299968611,20.410299300272641],[-111.6942600002987,20.403974499623587],[-111.7147370003122,20.397310300230288],[-111.73509999956525,20.390312199648463],[-111.75531800022543,20.382978400133197],[-111.77539799991769,20.375312800245695],[-111.7953340001639,20.367315300161124],[-111.81510900018014,20.35899540031761],[-111.8347240000125,20.350349400004973],[-111.85417899966103,20.341381099758109],[-111.87345900023257,20.332092300019781],[-111.89256299988244,20.322488799618554],[-111.91148400008643,20.312572499721227],[-111.93020600010675,20.302345299695958],[-111.94874599982791,20.291811000077757],[-111.96706400010345,20.280973399602829],[-111.98519099966478,20.269836400429654],[-112.00310500019549,20.258403800395229],[-112.02079800042731,20.246675499674723],[-112.03826900031402,20.234659200062197],[-112.0555110004322,20.222354899758955],[-112.07251699955981,20.20977019983502],[-112.08928700039468,20.19690899975069],[-112.10581199982386,20.183771099856529],[-112.12207799989966,20.170364399797336],[-112.13809200004567,20.156690600191212],[-112.15386199973142,20.142755499866553],[-112.16934999990247,20.128562900257805],[-112.18458600014367,20.114116699925887],[-112.19953199960202,20.099424400116106],[-112.21420299986846,20.084485999929086],[-112.22860000008984,20.069307299992033],[-112.24270600038153,20.05389789966847],[-112.25651599961361,20.038253799673271],[-112.27003499981527,20.02238849972963],[-112.28325699981059,20.006301900012829],[-112.2961730000838,19.989997899983223],[-112.30878399978167,19.973485900254218],[-112.32107500001115,19.956767999843464],[-112.33305400024182,19.939849899553337],[-112.34472699985105,19.922737099637573],[-112.3560709995769,19.905435600372812],[-112.36708100008798,19.887950900214037],[-112.37776900013915,19.870285000152762],[-112.38813000039909,19.852447499552625],[-112.39814800012999,19.834442100023011],[-112.40783699997746,19.816272700125126],[-112.41717499982627,19.797946900029558],[-112.42617000004537,19.779472399731617],[-112.43483000010434,19.760852800116766],[-112.4431299997496,19.742090200202711],[-112.45108799981125,19.72319410042752],[-112.45869399982814,19.704172100062522],[-112.4659350001001,19.685029999734866],[-112.47282400032725,19.66576580025162],[-112.479355000233,19.64639470015544],[-112.48551900030151,19.626916899995081],[-112.49131799972582,19.607341800383892],[-112.49676500000464,19.587675100325782],[-112.50183099980069,19.567920700180309],[-112.5065380001285,19.548088100385655],[-112.51087200034243,19.528175399775023],[-112.51483899981991,19.508199699856391],[-112.51843300008278,19.488159200187056],[-112.52165200013962,19.468065299673981],[-112.52449800008253,19.447919799659189],[-112.52697800023441,19.427728700419323],[-112.52907599985741,19.407501200220338],[-112.53080699964323,19.387243300238254],[-112.53215799989169,19.366956700191679],[-112.53312699961123,19.346654899803923],[-112.53373000043905,19.326335899881997],[-112.53394300036905,19.30601499969265],[-112.18131300029461,19.290624600245224],[-112.18096200029601,19.27610969980293],[-112.18034399967576,19.261604299798762],[-112.17946599965609,19.247112299693015],[-112.1783139995913,19.232635499928506],[-112.17689499980429,19.218177799965645],[-112.17520900029501,19.203748700242443],[-112.17326399963378,19.189346299592216],[-112.17104299973454,19.174980200076334],[-112.16856399962876,19.160654099707074],[-112.16581699975461,19.14636989965129],[-112.16281099962782,19.13213160009343],[-112.15954600014771,19.117944700387739],[-112.15602100036875,19.103817000354411],[-112.15222899996826,19.089748400168673],[-112.14817800021444,19.075742700365481],[-112.14387499963141,19.061809500308357],[-112.13931299969511,19.047946899729766],[-112.13449899982891,19.034158700064097],[-112.12942499966391,19.020454399950722],[-112.12410699993802,19.006837799924654],[-112.11852999995943,18.993308999810608],[-112.11271699988953,18.979875599779234],[-112.10665900021257,18.966535599738279],[-112.10034200028298,18.953302399586221],[-112.09379599968554,18.940170300319267],[-112.08700600042647,18.92715260021248],[-112.07997900013066,18.914247499722478],[-112.07270800027391,18.90145680019134],[-112.0652079997493,18.888790100083213],[-112.05748699982507,18.876251199933051],[-112.04952999980952,18.863838200372811],[-112.04133599965655,18.85155869977433],[-112.03292800042681,18.839416499571939],[-112.02430700036768,18.827415500125369],[-112.01545000021724,18.815559400346217],[-112.0063860004135,18.803846399791666],[-111.99710799973428,18.792287800241922],[-111.98761700002444,18.780881900179679],[-111.97792800017697,18.76963619995081],[-111.96802500035341,18.75855059973054],[-111.95792400039221,18.747629200427411],[-111.94762400024734,18.736879300039789],[-111.93712599996485,18.726295499937521],[-111.92644500023647,18.715889000277286],[-111.91555800000162,18.705659899984539],[-111.90449499974437,18.695611999594234],[-111.89325700041013,18.685747100448452],[-111.88183599983142,18.676067399590977],[-111.87023900012963,18.666580200416035],[-111.85846699955226,18.657283799607796],[-111.84652700022076,18.648183799942558],[-111.83442699980611,18.639280300345717],[-111.82215899973795,18.630578999821125],[-111.80973799980876,18.622077900075169],[-111.79716500006458,18.613786700296146],[-111.78443899956011,18.605703400391747],[-111.77157599993234,18.597827899637991],[-111.75856000044359,18.590166100285444],[-111.74541500040186,18.582723599714484],[-111.73213200029147,18.575492900277254],[-111.71871200015858,18.568487200424102],[-111.70517700011834,18.561700800251856],[-111.69152099989412,18.555139500387781],[-111.67774200029299,18.548803299932501],[-111.6638489999313,18.542694100052813],[-111.64984900003122,18.536819500020044],[-111.63574199969344,18.531169899571353],[-111.62153600018615,18.525756800136378],[-111.60722400028726,18.520580299741198],[-111.59283400038873,18.515636400000005],[-111.57834599956811,18.51093289983362],[-111.56378199973938,18.506467800049052],[-111.54913299958815,18.502243000014573],[-111.53441599989839,18.498260499822322],[-111.51962300030112,18.494522099915116],[-111.50476799964338,18.49102590002542],[-111.48984500034641,18.487775799613587],[-111.47486900040394,18.484773600021754],[-111.45983899976994,18.48201749990784],[-111.44476299971257,18.479507400346392],[-111.42964200027802,18.4772471998985],[-111.41448199994426,18.475236900362802],[-111.39928399965675,18.473476400115885],[-111.38406400015339,18.4719657998819],[-111.36882000044255,18.470706900103494],[-111.3535460002476,18.469699900430214],[-111.33825700026028,18.468944499589099],[-111.32296800027291,18.468440999752488],[-111.30766300044701,18.468187300103978],[-111.29083300044255,18.301824599825579],[-111.27248399963679,18.302125899690679],[-111.2541430000993,18.302730600237169],[-111.23582499982376,18.303638500016916],[-111.21752200024002,18.304845800293606],[-111.19923400044866,18.306356399628271],[-111.18098399971171,18.308166500183972],[-111.16277299987394,18.310276000337296],[-111.14459199962101,18.312686900180438],[-111.12647200038242,18.315395400077819],[-111.10839799966783,18.318405199840242],[-111.09037799964489,18.321708700196496],[-111.07241799969086,18.325309799707611],[-111.05454300005931,18.329206500080033],[-111.03672000012779,18.333396900146965],[-111.01898999998843,18.337881099733124],[-111.00134300007932,18.34265520027742],[-110.98378000044659,18.347717299713736],[-110.9663089996605,18.353073099743881],[-110.9489440001654,18.358711199662253],[-110.93168600020863,18.364637400096058],[-110.9145359998364,18.37084769996153],[-110.89749099980969,18.377336500079537],[-110.88058499989774,18.384105699818349],[-110.86379199980087,18.391151399717444],[-110.8471369997726,18.398477599961382],[-110.83061200034342,18.406072600370351],[-110.81423200040638,18.413938499961944],[-110.79798899959258,18.422075299635537],[-110.78190599986192,18.430475199570935],[-110.76597599999229,18.439144100220176],[-110.75020600030655,18.448068599886142],[-110.73459599990537,18.45725629963863],[-110.71916200042591,18.466695799671584],[-110.70390300002333,18.476390799795695],[-110.68882800001211,18.486331900297102],[-110.67392699993098,18.496522899912065],[-110.65921799971085,18.506957999811959],[-110.6446909997897,18.517633400361262],[-110.63037100042123,18.52854539995036],[-110.61625699976065,18.53969189956166],[-110.60234100013696,18.551069300108281],[-110.58863100012047,18.562675499874558],[-110.57514200040288,18.574504899681529],[-110.56187400008491,18.586555500336203],[-110.5488199997431,18.598819699869409],[-110.53598799974628,18.611299500171924],[-110.52339900016364,18.623989099717335],[-110.51103200002666,18.636882800401054],[-110.49890900035001,18.649980499700462],[-110.48702199986531,18.663272900424147],[-110.47538800025592,18.676761599768156],[-110.46399700016133,18.690439199909292],[-110.45285799999658,18.704299900220349],[-110.44197099976174,18.71834560006954],[-110.43135100014842,18.732566799918004],[-110.42098200041886,18.746961600397697],[-110.41088899992729,18.7615222997145],[-110.40106200001122,18.77624889966711],[-110.39150199981736,18.791135800177187],[-110.38221699971467,18.806177099893375],[-110.3732069997032,18.821369199728906],[-110.36448699957526,18.836706200131175],[-110.35603300002282,18.852188100200806],[-110.3478779998697,18.867803599956289],[-110.34000400008443,18.883552599572965],[-110.33242799965234,18.899429300222153],[-110.32513399963426,18.915426299584226],[-110.31814600023762,18.93154339980822],[-110.31144699977909,18.947771099556746],[-110.30504599957311,18.964107500360967],[-110.29894999994247,18.980545000251709],[-110.29315899998778,18.997083699952952],[-110.28766600028558,19.013713799552363],[-110.28248599972903,19.030431699963117],[-110.27761099974776,19.047231700382781],[-110.27304799976525,19.064109799727589],[-110.26879100040424,19.081060399717785],[-110.26485399961228,19.098079699818413],[-110.26122999976457,19.115161900301587],[-110.25791899996176,19.132299400097395],[-110.2549289996735,19.149488399570146],[-110.25225100028337,19.166725199808241],[-110.24989300036157,19.184003799635775],[-110.24785599995431,19.20131869969839],[-110.24613199959202,19.218664200092917],[-110.24473599996634,19.23603440036743],[-110.24365999980904,19.253425599811749],[-110.2429050000656,19.270832100321286],[-110.24246200032098,19.288248100369685],[-109.88978599992384,19.306203799765683],[-109.89002200001516,19.329429600096091],[-109.89067799968984,19.352647800255909],[-109.89176899963951,19.375854499885406],[-109.89328800044075,19.399036399810143],[-109.89523300020272,19.422189700394483],[-109.89760599991689,19.445310600204152],[-109.90040600043648,19.468383799972514],[-109.90364100033179,19.491411199967047],[-109.90730300013325,19.514381400381467],[-109.91138500041734,19.537288700413342],[-109.9158939997082,19.560121499707577],[-109.92082200033497,19.582879999712361],[-109.9261780000146,19.605552699897316],[-109.93195300013076,19.628135699902771],[-109.93814100040674,19.650617599922441],[-109.94475599968956,19.672994600320692],[-109.95178199993927,19.695259100027556],[-109.9592210003488,19.71740530021458],[-109.96707199997275,19.739425699636456],[-109.97533399966426,19.761312500271799],[-109.98400100004602,19.783060100243574],[-109.99307300021871,19.804662699823893],[-110.00254800009003,19.826110800373272],[-110.0124210003288,19.847400700282208],[-110.02268999994345,19.868526499998097],[-110.03334800040977,19.889474900346499],[-110.04440300029813,19.910247799796252],[-110.05583999981604,19.930837599975405],[-110.06766500013953,19.951232900178354],[-110.07986499976982,19.971431700312849],[-110.09243800041327,19.991424599765594],[-110.1053919997409,20.011209500418261],[-110.11871299980498,20.030776999858801],[-110.13239300023668,20.050123200425503],[-110.14643899956008,20.069240599973853],[-110.16084300010425,20.088121399583088],[-110.17559799974777,20.106763799709711],[-110.19068899959757,20.125162099551403],[-110.20613100034529,20.143306699744528],[-110.22191599982341,20.161195799846439],[-110.23803700040713,20.17882160003694],[-110.25447799955992,20.196176500145498],[-110.27124800039479,20.213260699821603],[-110.28833799979873,20.230066300319663],[-110.30574000010085,20.246587799587417],[-110.32344099980219,20.262819299870955],[-110.34146099982519,20.278757099560664],[-110.35976400030825,20.294395399827977],[-110.378371999568,20.309730499962768],[-110.3972549998183,20.32475469996956],[-110.41641999958324,20.339469900115944],[-110.43586699976214,20.353862800328102],[-110.45557400023984,20.367935200149532],[-110.47554800043974,20.381681399677007],[-110.49577299962414,20.395093900363349],[-110.51625800000659,20.408172599685884],[-110.53697999962719,20.420911800439399],[-110.55794499966191,20.433309599658458],[-110.57913200004168,20.445360200313132],[-110.60054800018997,20.457056000434193],[-110.62218499973784,20.468401000206143],[-110.64402799979229,20.479385399716591],[-110.6660770003532,20.490009299689575],[-110.68832400015236,20.500268899590196],[-110.71076199976636,20.510160399782762],[-110.73338299972556,20.519679999732318],[-110.75617999970711,20.528825800070763],[-110.77914400019534,20.537595699981694],[-110.80227700038319,20.545986200203117],[-110.8255620003859,20.553991299558959],[-110.84899099983465,20.561616900299839],[-110.87256599972102,20.568851500096798],[-110.89627799962989,20.575695000024382],[-110.92010500034542,20.582149499999559],[-110.94406099981518,20.588211099662658],[-110.96812399972271,20.593877799820746],[-110.99228699974515,20.599145899763585],[-111.01654799979025,20.604015400390551],[-111.04090899995032,20.60848240044254],[-111.06533799964888,20.6125506995553],[-111.08983599983145,20.616212800080802],[-111.11440999992146,20.619472499856101],[-111.1390460001727,20.622325900320163],[-111.16371900033153,20.624774899941826],[-111.18843799991367,20.626817700076913],[-111.21319600039499,20.628452299733965],[-111.23798399956183,20.629676800444145],[-111.26278700031969,20.630495099869108],[-111.28759799964786,20.630903199623106]]]},"properties":{"objectid":17600,"radii":50,"stormid":"EP182026","basin":"ep","stormnum":18,"advnum":26,"synoptime":"2026100300","timezone":"UTC","ne":80,"se":60,"sw":50,"nw":70,"idp_source":"EP182026_radii","idp_filedate":1791040084000,"idp_ingestdate":1791040150000,"st_area(shape)":4.0115416617123536,"st_perimeter(shape)":7.967770158740036,"binnumber":"EP3"}},{"type":"Feature","id":17601,"geometry":{"type":"Polygon","coordinates":[[[-111.29383100020038,19.965452199759341],[-111.30618999996841,19.965452199759341],[-111.31854999978259,19.965249999787773],[-111.33089399975819,19.96484380030131],[-111.34323899977994,19.964231499584173],[-111.35555999959422,19.963418999887097],[-111.36787399998502,19.9624023001262],[-111.3801650002145,19.961181599951033],[-111.39242599995981,19.959762600164026],[-111.40466300039708,19.958137500045723],[-111.41686199998122,19.956314100315637],[-111.42903099998057,19.95428660034645],[-111.44115399965727,19.952062600308921],[-111.45323900027955,19.949640299760176],[-111.46527100025634,19.947017700406661],[-111.47726400023333,19.944194799550473],[-111.48919700014136,19.941177399617459],[-111.50106000041859,19.937961600247775],[-111.51287100009648,19.934553100445385],[-111.52461999961321,19.930950199592189],[-111.53629300012176,19.927154500280096],[-111.54789700014635,19.923166300184732],[-111.55942500026345,19.918987299924083],[-111.57087699957378,19.914619399765627],[-111.58223700003742,19.910062800258174],[-111.59351300022468,19.90532109958923],[-111.60469799981274,19.900396299649628],[-111.61579099965479,19.895284699729245],[-111.62677800000461,19.889993700349123],[-111.63767199966298,19.884519599899761],[-111.64846800019797,19.878870000350389],[-111.65914899992629,19.87304120009145],[-111.66972400016238,19.867038700275941],[-111.68017600012223,19.860862699653978],[-111.69052099964432,19.854513200024314],[-111.70074499988175,19.847997699934069],[-111.71083800037331,19.841314300015085],[-111.72080999978158,19.834461199824659],[-111.7306520003894,19.827451700335814],[-111.74035600002929,19.820278199579377],[-111.74993900038447,19.812944400064168],[-111.75937700034819,19.805454300175938],[-111.76866100040473,19.797811499900945],[-111.7778169999545,19.790016199787942],[-111.78681899959707,19.782070200279634],[-111.79567000037014,19.773981099748084],[-111.80437499980633,19.765741299821286],[-111.81292700028075,19.757362399954957],[-111.8213120002485,19.74884800013524],[-111.82954400035521,19.74019239955976],[-111.83760799990915,19.73140139975493],[-111.84550499985573,19.72248080044875],[-111.85324099957239,19.713430400192976],[-111.86080200021206,19.70425610033891],[-111.86819500029895,19.694957700337739],[-111.87541200036344,19.685537300106432],[-111.88245399955235,19.676002499815638],[-111.8893130001947,19.666351300272424],[-111.89599599991539,19.656589500305358],[-111.90249600019018,19.646719000181861],[-111.90881300011978,19.636741600344692],[-111.91494000028069,19.62666320034657],[-111.92087599972751,19.616485599730765],[-111.92662799968235,19.606210699664189],[-111.93218200039888,19.595842399607193],[-111.93754600044747,19.585384400270016],[-111.94271100031233,19.574838600121439],[-111.94768500036236,19.564212799880977],[-111.95246100027487,19.553504899631548],[-111.9570309996808,19.54272079982519],[-111.96140299984847,19.531860399737809],[-111.96556900040895,19.520931199715221],[-111.96954300020917,19.509935400398547],[-111.97330500012555,19.498876599975233],[-111.97685200001968,19.487756699612135],[-111.98020900014512,19.47657780012554],[-111.98335300034057,19.465347300237852],[-111.9862819996145,19.454067200041379],[-111.98900600022665,19.442741399895851],[-111.99151599996333,19.431369799976437],[-111.99381299977,19.419961899821942],[-111.99590299992343,19.408515899888982],[-111.9977800001468,19.397035599813194],[-111.99945099986365,19.385528599765223],[-112.00090000013478,19.373996700187718],[-112.00213599957664,19.362438199563371],[-112.00315899998776,19.350866299939923],[-112.00397499984626,19.339275400339602],[-112.00456199993624,19.327676799844596],[-112.00494399956585,19.316066699718533],[-112.00510399974968,19.304454800049143],[-111.7406770004431,19.295843099879278],[-111.74051700025927,19.288583800202332],[-111.74022700037568,19.28133199997194],[-111.73980699989306,19.274084100101277],[-111.7392500002872,19.266841900133727],[-111.73856400012841,19.259613000239881],[-111.73773999990095,19.252393699709614],[-111.7367779996049,19.245193499880259],[-111.73569500002412,19.238008500392141],[-111.73447400037475,19.230840700438137],[-111.73311599980343,19.223695799921359],[-111.73162800043178,19.216571799648989],[-111.73001899997678,19.209474600072895],[-111.72827100030634,19.202405900012423],[-111.72639500012906,19.195367800283918],[-111.72437999983703,19.188360200163231],[-111.72224400026033,19.18138690018543],[-111.71997800008455,19.174451799810868],[-111.71758999967864,19.167552899846612],[-111.71506500014954,19.160694099753016],[-111.71242499981378,19.153879200065148],[-111.70964800035483,19.147108100058915],[-111.70675700013533,19.140384700093989],[-111.70373500017001,19.13370900017037],[-111.70059200002066,19.127084700098976],[-111.69733399996403,19.120512000428619],[-111.69394700025379,19.113996500338374],[-111.69044499973683,19.107534400192549],[-111.68682099988916,19.101133300161791],[-111.68308999960368,19.094791399803398],[-111.67922999966464,19.08851239982755],[-111.67526200014112,19.082298300326443],[-111.67117300043355,19.076150899944196],[-111.66698499975786,19.070072199672438],[-111.66267399970525,19.064062099686282],[-111.65825700016035,19.058124500345571],[-111.65372499980879,19.052261399943802],[-111.64909400028779,19.046472499906088],[-111.64435600032908,19.040759999974171],[-111.63951099993261,19.03512950022639],[-111.63456000004385,19.029577299952564],[-111.62950900004023,19.024107000038157],[-111.6243589999678,19.018720599676101],[-111.61911800019544,19.013423900392809],[-111.61377700030823,19.008209200394447],[-111.60833700035221,19.003088000211164],[-111.60280599979694,18.998052599847767],[-111.59717600007224,18.99311070019877],[-111.59146900039394,18.988264099908406],[-111.58566299974757,18.983509100065078],[-111.57977299972407,18.978851299847747],[-111.57380699979313,18.974292800072817],[-111.56774900011618,18.969833400191419],[-111.56160700016284,18.965473200028271],[-111.555389000302,18.961214099850963],[-111.54910300000336,18.957059900194395],[-111.54272499995869,18.953008699891711],[-111.53628499975287,18.949064300377302],[-111.52976999968564,18.945224799584992],[-111.52318600003377,18.941495900115854],[-111.51654100026684,18.937871900268135],[-111.509818999647,18.934362400304678],[-111.50304400018035,18.930961599598277],[-111.49620100027585,18.927673299583262],[-111.48930399967975,18.924499500351772],[-111.4823459998679,18.921438200013085],[-111.47532699994099,18.918493299826082],[-111.46826199969144,18.915662799698566],[-111.46114299964961,18.912948599898129],[-111.45397900023056,18.910354599885011],[-111.44676200016607,18.907877000023689],[-111.43950700014784,18.905519500124967],[-111.43220499976081,18.903282200013678],[-111.42486600036551,18.901164999864989],[-111.41748800007105,18.899169899771209],[-111.41008000019178,18.897295000364124],[-111.40263400035872,18.895542100287855],[-111.39515699999544,18.89391330035869],[-111.38765000004736,18.892406499760284],[-111.38011899989186,18.891025499927025],[-111.37255900019761,18.88976860024087],[-111.36498299976552,18.888635600152952],[-111.35738400007148,18.88763049984783],[-111.34977700000843,18.886747399772844],[-111.34214000036064,18.885988200195413],[-111.33449600039,18.885358799768937],[-111.32684300000437,18.884853399664792],[-111.31918300019521,18.884473800325736],[-111.31151600006325,18.884222000045384],[-111.3038409995624,18.884094200087418],[-111.29463999973609,18.717733400076497],[-111.28392000000792,18.717908900075827],[-111.2731929999569,18.718263599885347],[-111.26248199974441,18.718793900418291],[-111.25177000038514,18.719501499594685],[-111.24108100028786,18.720382700301514],[-111.23040800002906,18.721443199743987],[-111.21976500025448,18.722675299725438],[-111.20913700027222,18.724084899798413],[-111.19853199955202,18.725669900046],[-111.18796499968488,18.727426499933188],[-111.17742900034801,18.729360599911899],[-111.16693100006552,18.731468199797746],[-111.15647099973677,18.733743700411594],[-111.14605699973066,18.736194600300678],[-111.13568900004719,18.738817199654193],[-111.12536599974101,18.74160769973571],[-111.11510499959599,18.744569800356146],[-111.1048970000964,18.747699700081228],[-111.09474200034293,18.750997499635048],[-111.08465600017416,18.754461299649392],[-111.07463100012046,18.758091000299544],[-111.0646739996053,18.761886599786862],[-111.05478699962026,18.765844300274352],[-111.04497500039588,18.769964199788149],[-111.03524799969534,18.774246200302059],[-111.02558900033199,18.778686500381809],[-111.01601400034576,18.783285100027456],[-111.0065310001055,18.788042099963093],[-110.99713100009546,18.792955400271637],[-110.98782299983151,18.798019399975487],[-110.97861499968241,18.803237899609542],[-110.96949800013249,18.808607100437484],[-110.96047999975207,18.814126999761356],[-110.95156899980941,18.819791799651966],[-110.94276400025831,18.825605399569667],[-110.9340589999228,18.831561999786572],[-110.92547599981742,18.837659799860035],[-110.91700000014981,18.84389879978994],[-110.90863800034333,18.85027689965932],[-110.90039799986772,18.856792399749565],[-110.89227300019871,18.86344150042504],[-110.88427700018332,18.870224000237556],[-110.87641099986763,18.87713809964373],[-110.86866000035866,18.884180099731964],[-110.86104599997282,18.891347899685968],[-110.85356899960954,18.898639699962303],[-110.84622199984534,18.906053499569509],[-110.83901200010365,18.913589499955606],[-110.83194699985404,18.921241799769405],[-110.82501200020357,18.929008499642691],[-110.81823000041408,18.936889599575522],[-110.81159200007068,18.944879500388765],[-110.80509900011867,18.9529780995598],[-110.79875900002776,18.961183500418372],[-110.79257199979787,18.969491999556283],[-110.78653700028224,18.977901499754523],[-110.78065499972837,18.986408199578875],[-110.77493300025765,18.995008499942458],[-110.76937100007149,19.003704099664617],[-110.76396900006921,19.012491200009038],[-110.75872800029686,19.02136229973047],[-110.75364699980912,19.030321100438584],[-110.7487410001969,19.039362000256233],[-110.74399599991534,19.048482900165823],[-110.73942599961009,19.057678200089015],[-110.73501600038799,19.066949800293173],[-110.73078200028897,19.076290099708501],[-110.7267230001662,19.085701000401002],[-110.72283900001975,19.095176699944886],[-110.71912399957284,19.104713399603838],[-110.71558400000151,19.114311200101952],[-110.71223400019886,19.123966200180121],[-110.70904499972687,19.133674600202767],[-110.70604699996898,19.143434499902412],[-110.70323199965696,19.153242099643307],[-110.70059200022052,19.163093599789931],[-110.69813500022997,19.172987000249975],[-110.69586199973139,19.182920499681472],[-110.69377100043124,19.192892099790697],[-110.69186399972369,19.202890399872217],[-110.69014000026073,19.212923000096509],[-110.68861400003595,19.222984300385292],[-110.68726299978749,19.233064699576346],[-110.68609599993033,19.243165999911128],[-110.685119999888,19.253290199683136],[-110.68432600014472,19.26342580016069],[-110.68373099968579,19.273571000001766],[-110.68331899957207,19.283725700280968],[-110.68308999980354,19.293886200288057],[-110.59491700041912,19.304456700316621],[-110.59507799974978,19.316070600078262],[-110.59545900023255,19.327678700112074],[-110.59604600032259,19.339279199975238],[-110.59686300022719,19.350868200207401],[-110.59788499969289,19.362442000098383],[-110.59912100003402,19.373996700187718],[-110.60057100035129,19.385532400300178],[-110.60223399969925,19.397039400348206],[-110.60411800024542,19.408517800156517],[-110.60620900044489,19.41996380008942],[-110.60850500020553,19.431373599612073],[-110.6110149999422,19.442743300163329],[-110.61373899965503,19.454069100308857],[-110.61666899987432,19.465351099873487],[-110.61981200002367,19.476581599761175],[-110.62316900014912,19.487758599879612],[-110.6267170000894,19.498878500242711],[-110.63047799995962,19.509939200034182],[-110.63444500033643,19.520935100074951],[-110.63861800032038,19.531864200272764],[-110.64298999958874,19.542722700092668],[-110.64755999989399,19.5535068997238],[-110.65233599980644,19.564214700148455],[-110.65730999985652,19.574842499581848],[-110.66248300009028,19.585386299638174],[-110.66783899976991,19.595846200142148],[-110.67339299958718,19.606214500199144],[-110.67914599958812,19.616487499998243],[-110.68508900025705,19.626665099714728],[-110.69121600041797,19.636745499805102],[-110.69752499997867,19.646720900449338],[-110.70402500025347,19.656591399673516],[-110.71070900002024,19.666353199640582],[-110.71757500008607,19.676004400083116],[-110.72460899980541,19.685541199566842],[-110.731826999916,19.694959599705896],[-110.73922000000289,19.704257999707067],[-110.74678800006603,19.713434199828612],[-110.75451700035916,19.722484600084385],[-110.76242099972927,19.731403399847181],[-110.77048500018253,19.74019239955976],[-110.77871700028925,19.74884800013524],[-110.78710200025699,19.757366199590592],[-110.79564700040862,19.765745200180959],[-110.80435199984481,19.773983000015562],[-110.81320199967246,19.782072099647849],[-110.82220500026045,19.79001810005542],[-110.83135999976406,19.7978153004359],[-110.84065200018955,19.805456200443416],[-110.85008199978438,19.812946300331646],[-110.85965699977061,19.820278199579377],[-110.86937700014835,19.827451700335814],[-110.87921899985685,19.834465000359614],[-110.88918299979548,19.841316200282563],[-110.89928399975668,19.847999600201547],[-110.90949999962521,19.854515100291792],[-110.91983799972382,19.860864599921513],[-110.93029800005257,19.867040599644099],[-110.94087200024251,19.873043100358927],[-110.95155299997089,19.878871899718547],[-110.96234899960655,19.884521500167239],[-110.97324400021034,19.889995599717281],[-110.98423799998363,19.895286599996723],[-110.99533099982568,19.900396299649628],[-111.00650799994412,19.905322999856708],[-111.01778400013143,19.910064699626332],[-111.02915200006464,19.914619399765627],[-111.04059599990535,19.918987299924083],[-111.0521240000225,19.92316819955289],[-111.06372800004709,19.927154500280096],[-111.07540900002522,19.930950199592189],[-111.08715100011847,19.934553100445385],[-111.09895300028063,19.937963499615933],[-111.11082500007359,19.941177399617459],[-111.12275699993552,19.944196699818008],[-111.13474999991246,19.947017700406661],[-111.1467819998893,19.949640299760176],[-111.15886699961226,19.952064499677078],[-111.17099799965786,19.954288499714607],[-111.18315900018763,19.956314100315637],[-111.19536600014072,19.9581394003132],[-111.20759600025514,19.959762600164026],[-111.21986400032324,19.961181599951033],[-111.2321549996534,19.9624023001262],[-111.24446099967531,19.963418999887097],[-111.25678999985848,19.964231499584173],[-111.26912700041066,19.96484380030131],[-111.28147899985584,19.965249999787773],[-111.29383100020038,19.965452199759341]]]},"properties":{"objectid":17601,"radii":64,"stormid":"EP182026","basin":"ep","stormnum":18,"advnum":26,"synoptime":"2026100300","timezone":"UTC","ne":40,"se":35,"sw":25,"nw":40,"idp_source":"EP182026_radii","idp_filedate":1791040084000,"idp_ingestdate":1791040150000,"st_area(shape)":1.1633774836681767,"st_perimeter(shape)":4.260329081666824,"binnumber":"EP3"}},{"type":"Feature","id":17602,"geometry":{"type":"Polygon","coordinates":[[[-111.57973499977032,21.462713199954351],[-111.62029300042155,21.462713199954351],[-111.66083500033488,21.46204569974941],[-111.70136299960268,21.460710499689924],[-111.74185900009269,21.458707800324873],[-111.78229499961446,21.456037500030732],[-111.82269300008181,21.452701599799127],[-111.86300700027277,21.44870380034024],[-111.90324399961082,21.444038399952319],[-111.94338199977938,21.438713100429368],[-111.98341399955632,21.432725899880495],[-112.02332299995641,21.426082599832284],[-112.06309500033387,21.418781300017145],[-112.10272200031994,21.410825700245994],[-112.14218900012219,21.40222170007155],[-112.18147999990197,21.392965300208573],[-112.22058900028202,21.383066199845359],[-112.25950599990188,21.372522399789034],[-112.29820999959173,21.361341500210187],[-112.33669299988196,21.3495235002095],[-112.37493900003471,21.337070499703941],[-112.41294099972725,21.323993699749565],[-112.45068400006647,21.310293200171202],[-112.4881670001069,21.295970900336897],[-112.52536000026373,21.281034500242129],[-112.56226299963765,21.265487699697701],[-112.59886200028097,21.24933620040548],[-112.63513899956507,21.23258399985184],[-112.6710970003262,21.21523669991393],[-112.70671099961282,21.197301899862907],[-112.74197399980017,21.178783400233897],[-112.77688599998879,21.159683200219661],[-112.8114169996947,21.140014599894016],[-112.845565999771,21.119777699981],[-112.87932599989489,21.098985699830337],[-112.912682000274,21.077636700073811],[-112.9456180001705,21.055746099802832],[-112.97813399958432,21.033315700359424],[-113.01021599966856,21.010349299580639],[-113.04186200033098,20.986860300062915],[-113.07304400028028,20.96285630017826],[-113.10376699974717,20.938341099562251],[-113.13400999956173,20.913322400008894],[-113.16378800041576,20.887811700249927],[-113.19306199961147,20.861814499639593],[-113.22183199984681,20.835340500064149],[-113.25010699973814,20.808393500259967],[-113.27785499960845,20.780986800300752],[-113.30508399982665,20.75312610008956],[-113.33177200027751,20.724824900249075],[-113.35792500033841,20.696085000322626],[-113.38353000030918,20.666921599752186],[-113.40856900025904,20.637338599796692],[-113.43304400028029,20.607353199990314],[-113.45695500037289,20.576965299609014],[-113.48028599979898,20.546190300442163],[-113.50302099961937,20.515033700045365],[-113.52516900024909,20.483509099765286],[-113.54672200041989,20.451623900123025],[-113.56766500033939,20.419391599942514],[-113.58799699996149,20.38681599975871],[-113.60770400043918,20.353914300005101],[-113.6268009997662,20.320690199593173],[-113.6452640004332,20.287158999588314],[-113.66308600031857,20.253326399893581],[-113.68027499979132,20.219207799600383],[-113.69682300028114,20.184812500396731],[-113.71271500019702,20.150148400128728],[-113.7279589999078,20.11522869994468],[-113.74254599989786,20.080062900282769],[-113.75646200042087,20.044662499874619],[-113.76972200036994,20.00904079969331],[-113.78230999990649,19.973201799923288],[-113.79422800002209,19.937166200260094],[-113.80546600025559,19.900936099721378],[-113.81603200007663,19.864528699639891],[-113.8259050003154,19.827951399637527],[-113.83510600014171,19.791215899893984],[-113.84361300033959,19.754339200293998],[-113.85143300033258,19.717325200297921],[-113.85856600012073,19.680189100246935],[-113.86499799995761,19.642940500403938],[-113.87074299958965,19.605592699943315],[-113.87580099991612,19.568155300027229],[-113.88014999992248,19.530639599737867],[-113.88381199972389,19.493059200421897],[-113.88677200042736,19.455423400169934],[-113.88903000023424,19.417745599779721],[-113.8905940004127,19.380035400413533],[-113.89146400006348,19.342307999714535],[-113.89163199971694,19.304569200108631],[-113.36247999995192,19.277023300385167],[-113.36162600013972,19.248002999938649],[-113.36024500030641,19.218999899925564],[-113.35832199976039,19.190023400059999],[-113.35587300013873,19.161083200429516],[-113.35288199980437,19.132190699940963],[-113.34936500039436,19.103345900393151],[-113.34531399974122,19.074567799964143],[-113.34073599996634,19.045860299913045],[-113.33562499989375,19.017231000410504],[-113.33000199959253,18.988691300363371],[-113.32383700037718,18.960248899767066],[-113.31716200012613,18.931911500415538],[-113.30996700017681,18.903688400399517],[-113.30225399972221,18.875587500263066],[-113.2940219996155,18.847620000163033],[-113.28528599964909,18.819789900283808],[-113.27603900039946,18.792108499707638],[-113.26628900043693,18.764583600053243],[-113.25603499971538,18.737222699867857],[-113.24527700003341,18.710037199857027],[-113.23402400000748,18.683031100205255],[-113.22229000028318,18.656213799727198],[-113.21005199979987,18.629594799760355],[-113.19734200003319,18.603181800299978],[-113.18414300019919,18.576980600174693],[-113.17047100013644,18.551002500265326],[-113.15633400021386,18.525251400032232],[-113.14172400006248,18.499736799913535],[-113.1266480000051,18.474468200347303],[-113.11112199988031,18.449449499894627],[-113.09513900026457,18.424692199985202],[-113.07870499963593,18.400201799973217],[-113.06182900020809,18.375984200310711],[-113.04451799960589,18.352048899637168],[-113.02677199962801,18.328403499921706],[-113.00859799969783,18.305053700168287],[-112.9900050002305,18.282005300104629],[-112.97100099979622,18.259267800168971],[-112.95156900030901,18.236843099729413],[-112.93174699992403,18.214744599583753],[-112.91153000020927,18.192976000442229],[-112.89092299959668,18.171543100234032],[-112.86991899956206,18.150453599853904],[-112.84854899973647,18.129711200012025],[-112.82678999995841,18.109325400247144],[-112.80467199981285,18.089300199844502],[-112.78220399971474,18.069643000224403],[-112.75937700014833,18.050357799772769],[-112.73619799963785,18.03145219955951],[-112.71269200023551,18.012929900294807],[-112.68885800009656,17.994800600267638],[-112.66468000028169,17.977062199560976],[-112.64020500026044,17.959726300328612],[-112.61540999987147,17.942796700407541],[-112.59031700012935,17.926277200332663],[-112.56492600013468,17.91017340018243],[-112.53925299972605,17.894491200408709],[-112.51329799980277,17.879232399655677],[-112.48706799978828,17.864406599984761],[-112.46058699989004,17.850011800404388],[-112.43384599969306,17.836057700102913],[-112.40685299956618,17.822544100330106],[-112.37961599987841,17.80947880000673],[-112.35215799989169,17.79686160038267],[-112.32446299976755,17.784700400203462],[-112.2965620000362,17.772996900087037],[-112.26845599984443,17.761753100125588],[-112.24015000032216,17.750976599590558],[-112.21165500017804,17.74066540018822],[-112.18297599964257,17.730827299940074],[-112.15412900035301,17.721462199920722],[-112.1251139996113,17.712573999590575],[-112.09594699995398,17.704162600024119],[-112.06662799958241,17.696235700317459],[-112.0371699999954,17.688791300378341],[-112.00758399990156,17.681833299667176],[-111.97788199985433,17.675363500425362],[-111.94806699999197,17.669385900139332],[-111.91814399964579,17.663898499616209],[-111.8881299995997,17.658903100198074],[-111.85803200017659,17.654405599638835],[-111.82785799994662,17.650403999644993],[-111.7976069997631,17.646898300216549],[-111.76730299983348,17.643896099725339],[-111.7369609999501,17.641387900431425],[-111.70656600032055,17.639383299899521],[-111.67614000016079,17.637878399568649],[-111.6456909998397,17.636873200338073],[-111.61523400004899,17.636371599869562],[-111.58175700038515,17.303646100387368],[-111.54527299964911,17.304246899674808],[-111.50881199997372,17.305448500048385],[-111.47237399956032,17.307252899801597],[-111.43596599963109,17.30965609964943],[-111.3996120003934,17.312656399873106],[-111.36331900037146,17.316255600016063],[-111.32709499993422,17.320453600253586],[-111.29094700030373,17.32524679970021],[-111.25489000037311,17.330635100329744],[-111.21894100002703,17.336616500251409],[-111.18309800007256,17.343189199921767],[-111.1473849998178,17.350349399705181],[-111.11180100011597,17.358098999869071],[-111.07636299995238,17.366432199786345],[-111.04106900013414,17.375351000448461],[-111.00595899980789,17.384845699969219],[-110.97100799961942,17.394920300331762],[-110.93624900019108,17.405565300198589],[-110.90167999963217,17.4167842995559],[-110.86732499994866,17.428571700123996],[-110.83318300019522,17.440921800201068],[-110.79927100025634,17.453832599694863],[-110.76557899967099,17.467300399693841],[-110.73214700028376,17.481319399570793],[-110.69897500029595,17.495887799782281],[-110.66606099961535,17.511001600143857],[-110.6334229999714,17.526653300309704],[-110.60107400016489,17.542841000012288],[-110.56902299971159,17.559558900423042],[-110.5372700004101,17.576805100375225],[-110.50582900020811,17.594568299887271],[-110.4747159998434,17.612848300209009],[-110.44393899968497,17.631637600095303],[-110.41349799973278,17.65092849955073],[-110.3834150001021,17.670721100198762],[-110.35368299957065,17.691005700153084],[-110.32433299956818,17.711774799967202],[-110.29534900025607,17.733026500272899],[-110.26676200036593,17.754753100175549],[-110.2385640004282,17.776945100136402],[-110.21076199986629,17.799598699620446],[-110.18337999978706,17.82270430016348],[-110.15642499961393,17.846260100423422],[-110.12988999992348,17.870256400312769],[-110.10378999960869,17.894685700384912],[-110.0781400002607,17.919542299837417],[-110.05294000008087,17.944814699938604],[-110.02819800033734,17.970500899696901],[-110.00393700029224,17.996589699854894],[-109.98013299973803,18.023073199868406],[-109.95681800015046,18.049945799659042],[-109.9339899996387,18.077197999688053],[-109.91166699993198,18.104820300416691],[-109.88983200024654,18.132808699861755],[-109.86852299963664,18.161153800107911],[-109.84771699973965,18.189842200357418],[-109.82744600023261,18.218868299632447],[-109.80770099980123,18.248226200179147],[-109.78848999971365,18.277904500392538],[-109.76981400001597,18.307893799659269],[-109.75169399987811,18.338186299957897],[-109.73412299987643,18.368772499951035],[-109.71711000042609,18.399642900099877],[-109.70066800032788,18.430789900233833],[-109.68479200025052,18.4622020996473],[-109.66948700042462,18.493869800051357],[-109.65476200036591,18.525787399568969],[-109.64062500044332,18.557941400275524],[-109.62706800028786,18.590322499583806],[-109.61411300001487,18.622922900371691],[-109.60175300020069,18.655733100402415],[-109.58998899999227,18.688737900234059],[-109.5788350000351,18.721933400406272],[-109.56829100032928,18.755308200213392],[-109.55834999965265,18.788850800024534],[-109.54903399991906,18.82255359966905],[-109.5403369999525,18.856403399797216],[-109.53225699966072,18.890390399597379],[-109.52480300035808,18.924505200254941],[-109.51797500024594,18.958738300432344],[-109.51177999964716,18.993080099866859],[-109.50621800036032,19.027517300283307],[-109.50128200026398,19.062040299620264],[-109.4969860000038,19.096639600137564],[-109.49333199967197,19.131303800230341],[-109.49031800007555,19.166025199903174],[-109.48793800003858,19.200788499889484],[-109.48620600020666,19.235586199843397],[-109.48511500025694,19.270408599677296],[-109.3083799997371,19.304578800371473],[-109.30854800028987,19.342317599977378],[-109.30941799994065,19.380046800219816],[-109.31098200011911,19.417755100217846],[-109.31323999992594,19.45543479997616],[-109.31619999973009,19.49307060022818],[-109.31986200043087,19.53064920000071],[-109.32421100043723,19.568164799565977],[-109.32926899986438,19.605602300206158],[-109.33501400039569,19.642950099767404],[-109.34145399970225,19.680198699610457],[-109.34857900002072,19.717336699928921],[-109.35640000005986,19.754348799657521],[-109.36491399968122,19.791229199967745],[-109.37410700003795,19.82796099990037],[-109.3839869997002,19.864536299810538],[-109.39454700014386,19.90094569998422],[-109.40579199980084,19.937173800430685],[-109.41770200044687,19.973211300361356],[-109.43028999998342,20.009048499688674],[-109.44354999993243,20.044672000312687],[-109.45747399992507,20.080072399821518],[-109.47206099991513,20.115238200382805],[-109.48729700015633,20.150156000299319],[-109.50319700044111,20.184822099760254],[-109.51973699966271,20.219219200305986],[-109.53692600003478,20.253336000156423],[-109.5547560002891,20.287166599758905],[-109.57321900005672,20.320697799763764],[-109.59230799991417,20.353921900175692],[-109.61202199981534,20.386825600021552],[-109.63235500038286,20.419399299937879],[-109.65329700025626,20.451633500385867],[-109.67485000042706,20.483518600203354],[-109.69699900020362,20.515043300308207],[-109.719734000024,20.546197899713434],[-109.74306500034942,20.576974899871857],[-109.76697500039586,20.607360800160961],[-109.79145099956389,20.637348200059535],[-109.81649000041307,20.666931200015028],[-109.84209400033774,20.696092599593953],[-109.86824800044479,20.724832500419723],[-109.89493599999628,20.753135700352402],[-109.92216500021448,20.780994399572023],[-109.94991300008479,20.80839920016308],[-109.97817999960722,20.835344299699784],[-110.00695800021145,20.861820200442025],[-110.03623999977606,20.88781740015304],[-110.0660100002612,20.913330100004259],[-110.09626000039862,20.938346900189458],[-110.12697600044197,20.96286390034885],[-110.1581649998148,20.98686979960172],[-110.18980400015437,21.010356899751287],[-110.22188600023861,21.033319499995059],[-110.25440199965249,21.055749900337787],[-110.28734599991787,21.077644300244401],[-110.32069399992804,21.09899139973345],[-110.35446200042088,21.119785300151648],[-110.38861099959786,21.140020399621903],[-110.42314100015693,21.159688900122774],[-110.45804600002276,21.178785299602055],[-110.4933090002101,21.197305700397919],[-110.52893099986568,21.215244300084521],[-110.56488000021176,21.232591600022488],[-110.60116599991085,21.249342000133367],[-110.63776399960881,21.265493399600871],[-110.67466699988205,21.281038299877764],[-110.71185299971609,21.295974699972589],[-110.74933599975651,21.310296999806837],[-110.78707900009567,21.323997500284577],[-110.82508900015716,21.337076199607054],[-110.86332699994102,21.349525500301752],[-110.90181699965473,21.361343399578345],[-110.94051399992105,21.372526200324046],[-110.9794389999098,21.383068100112894],[-111.01854700024376,21.392969099844208],[-111.05783800002359,21.402223600339028],[-111.09730499982578,21.410827599614151],[-111.13693199981185,21.418783200284622],[-111.17670400018937,21.426082599832284],[-111.21661399973618,21.432727800147973],[-111.25663800004355,21.438714999797526],[-111.29678299963564,21.444040300219797],[-111.33701300044953,21.44870380034024],[-111.37733500011007,21.452703500066605],[-111.41772500020852,21.456039400298209],[-111.45816800005304,21.458709699693031],[-111.49865700022031,21.460710499689924],[-111.53919199981084,21.46204569974941],[-111.57973499977032,21.462713199954351]]]},"properties":{"objectid":17602,"radii":34,"stormid":"EP182026","basin":"ep","stormnum":18,"advnum":26,"synoptime":"2026100306","timezone":"UTC","ne":130,"se":120,"sw":100,"nw":130,"idp_source":"EP182026_radii","idp_filedate":1791040084000,"idp_ingestdate":1791040150000,"st_area(shape)":13.420477688129832,"st_perimeter(shape)":13.872322592048191,"binnumber":"EP3"}},{"type":"Feature","id":17603,"geometry":{"type":"Polygon","coordinates":[[[-111.58759299971706,20.630903199623106],[-111.61086299992741,20.464540500244027],[-111.63255300012077,20.464183800342255],[-111.65422799962238,20.46346860009595],[-111.67588800023094,20.462398500390634],[-111.69752499977881,20.460968000073308],[-111.71913900006473,20.459184600389165],[-111.74070700002795,20.457044599728647],[-111.76223800008353,20.454549800333155],[-111.78371400030079,20.451700200404048],[-111.80513799991866,20.448495899766101],[-111.82649199990578,20.444940600028815],[-111.84777800035431,20.441036199661028],[-111.86898799999608,20.436778999751198],[-111.89011400026078,20.432174700202381],[-111.9111479998802,20.42722130002312],[-111.93208300033012,20.421924599840565],[-111.95291899981191,20.416282700286501],[-111.97364799975531,20.410299300272641],[-111.9942550003679,20.403974499623587],[-112.0147320003814,20.397310300230288],[-112.03509499963445,20.390312199648463],[-112.05531300029463,20.382978400133197],[-112.07539400003299,20.375312800245695],[-112.09532900023305,20.367315300161124],[-112.11510500029544,20.35899540031761],[-112.1347200001278,20.350349400004973],[-112.15417499977633,20.341381099758109],[-112.17345400030177,20.332092300019781],[-112.19255799995165,20.322488799618554],[-112.21147900015563,20.312572499721227],[-112.23020200022205,20.302345299695958],[-112.24874099989711,20.291811000077757],[-112.26706699964222,20.280973399602829],[-112.28519400010293,20.269836400429654],[-112.30310100031085,20.258403800395229],[-112.32079299959713,20.246675499674723],[-112.33826400038322,20.234659200062197],[-112.35550699964824,20.222354899758955],[-112.37251299967511,20.20977019983502],[-112.38928199956456,20.19690899975069],[-112.40580699989306,20.183771099856529],[-112.42207299996886,20.170364399797336],[-112.43809499958445,20.156690600191212],[-112.45385699980062,20.142755499866553],[-112.46934499997167,20.128562900257805],[-112.48458100021287,20.114116699925887],[-112.49952699967122,20.099424400116106],[-112.51419799993766,20.084485999929086],[-112.52859500015904,20.069307299992033],[-112.54270199959751,20.05389789966847],[-112.55651099968281,20.038253799673271],[-112.57002999988447,20.02238849972963],[-112.58325199987979,20.006301900012829],[-112.5961690001991,19.989997899983223],[-112.60877999989697,19.973485900254218],[-112.62107100012645,19.956767999843464],[-112.63304900031102,19.939849899553337],[-112.64472199992025,19.922737099637573],[-112.6560669996922,19.905435600372812],[-112.66707600015718,19.887950900214037],[-112.67776500025445,19.870285000152762],[-112.68812599961507,19.852447499552625],[-112.6981430001992,19.834442100023011],[-112.70783200004666,19.816272700125126],[-112.71717099994157,19.797946900029558],[-112.72616600016067,19.779472399731617],[-112.73482500017354,19.760852800116766],[-112.7431259998649,19.742090200202711],[-112.75108299988045,19.72319410042752],[-112.75868999994344,19.704172100062522],[-112.76593799963888,19.685029999734866],[-112.77282000044255,19.66576580025162],[-112.7793500003022,19.64639470015544],[-112.78551500041686,19.626916899995081],[-112.79131299979503,19.607341800383892],[-112.79676100011994,19.587675100325782],[-112.80182599986989,19.567920700180309],[-112.8065340002438,19.548088100385655],[-112.81086700041163,19.528175399775023],[-112.81483499993521,19.508199699856391],[-112.81842800015198,19.488159200187056],[-112.82164800025492,19.468065299673981],[-112.82449300015173,19.447919799659189],[-112.82697300030361,19.427728700419323],[-112.82907099992661,19.407501200220338],[-112.83080299975853,19.387243300238254],[-112.8321529999609,19.366956700191679],[-112.83312199968043,19.346654899803923],[-112.83372499960893,19.326335899881997],[-112.83393899958509,19.30601499969265],[-112.48130800036381,19.290624600245224],[-112.48095700036515,19.27610969980293],[-112.48034700011385,19.261604299798762],[-112.47946199977139,19.247112299693015],[-112.47830999970665,19.232635499928506],[-112.47689099991959,19.218177799965645],[-112.47520400036422,19.203748700242443],[-112.47325899970298,19.189346299592216],[-112.4710389998499,19.174980200076334],[-112.46855899969796,19.160654099707074],[-112.46581299986997,19.14636989965129],[-112.46280699974312,19.13213160009343],[-112.45954100021692,19.117944700387739],[-112.45601699958479,19.103817000354411],[-112.45222500008362,19.089748400168673],[-112.44817400032974,19.075742700365481],[-112.44387099974676,19.061809500308357],[-112.43930799976431,19.047946899729766],[-112.43449399989811,19.034158700064097],[-112.42941999973311,19.020454399950722],[-112.42410300005332,19.006837799924654],[-112.41853300039753,18.993308999810608],[-112.41271199995873,18.979875599779234],[-112.40665400028178,18.966535599738279],[-112.40034499982181,18.953302399586221],[-112.39379099975474,18.940170300319267],[-112.38700099959635,18.92715260021248],[-112.37997400019987,18.914247499722478],[-112.37270400038921,18.90145680019134],[-112.3652039998646,18.888790100083213],[-112.35748299994037,18.876251199933051],[-112.34952499987872,18.863838200372811],[-112.34133099972576,18.85155869977433],[-112.33292399964279,18.839416499571939],[-112.32430299958367,18.827415500125369],[-112.31544500028645,18.815559400346217],[-112.30638099958338,18.803846399791666],[-112.29710399984964,18.792287800241922],[-112.28761300013974,18.780881900179679],[-112.27792400029227,18.76963619995081],[-112.26802099956939,18.75855059973054],[-112.25791899956209,18.747629200427411],[-112.24762000036264,18.736879300039789],[-112.23712200008015,18.726295499937521],[-112.22644000030567,18.715889000277286],[-112.21555300007083,18.705659899984539],[-112.20449099985967,18.695611999594234],[-112.19325299962611,18.685747100448452],[-112.18183099990063,18.676067399590977],[-112.17023500024499,18.666580200416035],[-112.15846299966762,18.657283799607796],[-112.14652300033612,18.648183799942558],[-112.13442199987531,18.639280300345717],[-112.12215399980715,18.630578999821125],[-112.10973399992406,18.622077900075169],[-112.09716000013378,18.613786700296146],[-112.08443499967541,18.605703400391747],[-112.07157100000154,18.597827899637991],[-112.05855599965957,18.590166100285444],[-112.04540999957175,18.582723599714484],[-112.03212700036067,18.575492900277254],[-112.01870700022778,18.568487200424102],[-112.0051730002337,18.561700800251856],[-111.99151599996333,18.555139500387781],[-111.9777370003622,18.548803299932501],[-111.96384400000051,18.542694100052813],[-111.94984400010043,18.536819500020044],[-111.93573799980874,18.531169899571353],[-111.92153200030145,18.525756800136378],[-111.90721900035646,18.520580299741198],[-111.89282999960471,18.515636400000005],[-111.87834199968341,18.51093289983362],[-111.86377699980858,18.506467800049052],[-111.84912899970345,18.502243000014573],[-111.83441200001369,18.498260499822322],[-111.81961800037033,18.494522099915116],[-111.80476399975868,18.49102590002542],[-111.78984099956239,18.487775799613587],[-111.77486399957382,18.484773600021754],[-111.75983399983915,18.48201749990784],[-111.74475899982787,18.479507400346392],[-111.72963700034717,18.4772471998985],[-111.71447800005956,18.475236900362802],[-111.6992799997721,18.473476400115885],[-111.68405900022259,18.4719657998819],[-111.66881599965853,18.470706900103494],[-111.6535420003629,18.469699900430214],[-111.63825200032943,18.468944499589099],[-111.62296300034211,18.468440999752488],[-111.60765799961689,18.468187300103978],[-111.59082799961237,18.301824599825579],[-111.57247899970599,18.302125899690679],[-111.55413800016845,18.302730600237169],[-111.53581999989296,18.303638500016916],[-111.51751700030923,18.304845800293606],[-111.49923699998749,18.306356399628271],[-111.48097999982701,18.308166500183972],[-111.46276899998924,18.310276000337296],[-111.44459500005911,18.312686900180438],[-111.4264679995984,18.315395400077819],[-111.40839399978319,18.318405199840242],[-111.39037299971409,18.321708700196496],[-111.37241399980616,18.325309799707611],[-111.35453800012851,18.329206500080033],[-111.33671600024314,18.333396900146965],[-111.31898500005764,18.337881099733124],[-111.30133800014852,18.34265520027742],[-111.28377499961647,18.347717299713736],[-111.2663039997297,18.353073099743881],[-111.2489400002807,18.358711199662253],[-111.23168200032399,18.364637400096058],[-111.21453099990561,18.37084769996153],[-111.19748699992499,18.377336500079537],[-111.18057999996694,18.384105699818349],[-111.16378799991617,18.391151399717444],[-111.14713299988796,18.398477599961382],[-111.13060799955946,18.406072600370351],[-111.11422699957626,18.413938499961944],[-111.09798399966178,18.422075299635537],[-111.08190199997722,18.430475199570935],[-111.0659710000615,18.439144100220176],[-111.05020100037575,18.448068599886142],[-111.03459900034352,18.45725629963863],[-111.01915699959574,18.466695799671584],[-111.00389900013863,18.476390799795695],[-110.98882300008131,18.486331900297102],[-110.97392300004634,18.496522899912065],[-110.95921299977999,18.506957999811959],[-110.944686999905,18.517633400361262],[-110.93036699963722,18.52854539995036],[-110.91625199982985,18.53969189956166],[-110.90233600020616,18.551069300108281],[-110.88862600018967,18.562675499874558],[-110.87513699957276,18.574504899681529],[-110.86187000020027,18.586555500336203],[-110.8488159998584,18.598819699869409],[-110.83599100018444,18.611299500171924],[-110.82339500027894,18.623989099717335],[-110.81102800014202,18.636882800401054],[-110.79890400041921,18.649980499700462],[-110.7870250003034,18.663272900424147],[-110.77538300032512,18.676761599768156],[-110.76399200023053,18.690439199909292],[-110.75285300006578,18.704299900220349],[-110.74196599983094,18.71834560006954],[-110.73134600021763,18.732566799918004],[-110.7209779996349,18.746961600397697],[-110.7108839999965,18.7615222997145],[-110.70105700008037,18.77624889966711],[-110.69149799993266,18.791135800177187],[-110.68221299982997,18.806177099893375],[-110.6732029998185,18.821369199728906],[-110.66448199964447,18.836706200131175],[-110.65602900013818,18.852188100200806],[-110.64788100030785,18.867803599956289],[-110.63999900015364,18.883552599572965],[-110.63242299972154,18.899429300222153],[-110.62512999974962,18.915426299584226],[-110.61814100030682,18.93154339980822],[-110.61144299989445,18.947771099556746],[-110.60504199968841,18.964107500360967],[-110.59894600005777,18.980545000251709],[-110.59315500010308,18.997083699952952],[-110.58766200040088,19.013713799552363],[-110.58248099979818,19.030431699963117],[-110.57760599981697,19.047231700382781],[-110.57304399988061,19.064109799727589],[-110.56878699962022,19.081060399717785],[-110.56484999972758,19.098079699818413],[-110.56122599987987,19.115161900301587],[-110.55791500007712,19.132299400097395],[-110.5549239997427,19.149488399570146],[-110.55224600035251,19.166725199808241],[-110.54988899957755,19.184003799635775],[-110.54785200006967,19.20131869969839],[-110.54612699966123,19.218664200092917],[-110.54473100003554,19.23603440036743],[-110.54365499987824,19.253425599811749],[-110.54290000013481,19.270832100321286],[-110.54245800043628,19.288248100369685],[-110.18978099999305,19.306203799765683],[-110.19001800013052,19.329429600096091],[-110.19067399980514,19.352647800255909],[-110.19176499975487,19.375854499885406],[-110.19328299961063,19.399036399810143],[-110.19522900031802,19.422189700394483],[-110.19760099998604,19.445310600204152],[-110.20040099960636,19.468383799972514],[-110.20363600040099,19.491411199967047],[-110.20729800020246,19.514381400381467],[-110.21137999958722,19.537288700413342],[-110.21588899977741,19.560121499707577],[-110.22081799955095,19.582879999712361],[-110.2261730000838,19.605552699897316],[-110.23194900024606,19.628135699902771],[-110.23814399994552,19.650617599922441],[-110.24475099975871,19.672994600320692],[-110.25177800005457,19.695259100027556],[-110.25921600041801,19.71740530021458],[-110.26706700004195,19.739425699636456],[-110.27532999977956,19.761312500271799],[-110.28399700016132,19.783060100243574],[-110.29306800028786,19.804662699823893],[-110.30254400020533,19.826110800373272],[-110.312416000398,19.847400700282208],[-110.32268500001265,19.868526499998097],[-110.33334399962581,19.889474900346499],[-110.34439800036733,19.910247799796252],[-110.35583499988525,19.930837599975405],[-110.36766100025488,19.951232900178354],[-110.37985999983903,19.971431700312849],[-110.39243299958315,19.991424599765594],[-110.4053879998562,20.011209500418261],[-110.41870899992034,20.030776999858801],[-110.43238800030588,20.050123200425503],[-110.44643399962928,20.069240599973853],[-110.46083800017345,20.088121399583088],[-110.47559399986312,20.106763799709711],[-110.49068499971287,20.125162099551403],[-110.5061260004145,20.143306699744528],[-110.52191199993877,20.161195799846439],[-110.53803299962311,20.17882160003694],[-110.55447399967522,20.196176500145498],[-110.57124299956467,20.213260699821603],[-110.58833299986793,20.230066300319663],[-110.60573600021615,20.246587799587417],[-110.62343599987139,20.262819299870955],[-110.64145699994049,20.278757099560664],[-110.6597600004236,20.294395399827977],[-110.67836799968336,20.309730499962768],[-110.6972499998875,20.32475469996956],[-110.71641499965244,20.339469900115944],[-110.73586299987744,20.353862800328102],[-110.75556900030904,20.367935200149532],[-110.77554299960963,20.381681399677007],[-110.79576899973944,20.395093900363349],[-110.81625400012189,20.408172599685884],[-110.83697499969639,20.420911800439399],[-110.85794099977721,20.433309599658458],[-110.87912800015698,20.445360200313132],[-110.90054300025918,20.457056000434193],[-110.92217999980704,20.468401000206143],[-110.94402299986143,20.479385399716591],[-110.9660720004224,20.490009299689575],[-110.98831900022157,20.500268899590196],[-111.01075699983556,20.510160399782762],[-111.03337899984086,20.519679999732318],[-111.05617499977632,20.528825800070763],[-111.07914000031064,20.537595699981694],[-111.10227199955307,20.545986200203117],[-111.12555699955578,20.553991299558959],[-111.14898699995001,20.561616900299839],[-111.17256900015911,20.568851500096798],[-111.19627399974519,20.575695000024382],[-111.22010000041462,20.582149499999559],[-111.24405699993048,20.588211099662658],[-111.26811999983801,20.593877799820746],[-111.29228199981435,20.599145899763585],[-111.31654399990555,20.604015400390551],[-111.34090400001946,20.60848240044254],[-111.36533399976418,20.6125506995553],[-111.38983199994675,20.616212800080802],[-111.41440600003676,20.619472499856101],[-111.43904100024184,20.622325900320163],[-111.46371500044683,20.624774899941826],[-111.48843400002897,20.626817700076913],[-111.51319099956487,20.628452299733965],[-111.53797899963104,20.629676800444145],[-111.56278200038889,20.630495099869108],[-111.58759299971706,20.630903199623106]]]},"properties":{"objectid":17603,"radii":50,"stormid":"EP182026","basin":"ep","stormnum":18,"advnum":26,"synoptime":"2026100306","timezone":"UTC","ne":80,"se":60,"sw":50,"nw":70,"idp_source":"EP182026_radii","idp_filedate":1791040084000,"idp_ingestdate":1791040150000,"st_area(shape)":4.0115416299101874,"st_perimeter(shape)":7.9677714078851425,"binnumber":"EP3"}},{"type":"Feature","id":17604,"geometry":{"type":"Polygon","coordinates":[[[-111.59382600026959,19.965452199759341],[-111.60618600008377,19.965452199759341],[-111.61854599989789,19.965249999787773],[-111.63088999987349,19.96484380030131],[-111.64323399984914,19.964231499584173],[-111.65555599970952,19.963418999887097],[-111.66787000010032,19.9624023001262],[-111.6801610003298,19.961181599951033],[-111.69242100002901,19.959762600164026],[-111.70465899961306,19.958137500045723],[-111.71685800009652,19.956314100315637],[-111.72902700009587,19.95428660034645],[-111.74114999977257,19.952062600308921],[-111.75323500039485,19.949640299760176],[-111.76526600032554,19.947017700406661],[-111.77726000034863,19.944194799550473],[-111.78919200021056,19.941177399617459],[-111.80106400000352,19.937961600247775],[-111.81286600016568,19.934553100445385],[-111.82461499968241,19.930950199592189],[-111.83628800019096,19.927154500280096],[-111.84789300026165,19.923166300184732],[-111.85942100037875,19.918987299924083],[-111.87087199964299,19.914619399765627],[-111.88223300015272,19.910062800258174],[-111.89350900033998,19.90532109958923],[-111.90469399992804,19.900396299649628],[-111.91578699977015,19.895284699729245],[-111.92677300007381,19.889993700349123],[-111.93766799977828,19.884519599899761],[-111.94846300026717,19.878870000350389],[-111.95914500004164,19.87304120009145],[-111.96971900023158,19.867038700275941],[-111.98017100019143,19.860862699653978],[-111.99051699975962,19.854513200024314],[-112.00073999995095,19.847997699934069],[-112.01083399958929,19.841314300015085],[-112.02080499985078,19.834461199824659],[-112.03064699955928,19.827451700335814],[-112.04035200014459,19.820278199579377],[-112.04993399955436,19.812944400064168],[-112.0593720004174,19.805454300175938],[-112.06865699962071,19.797811499900945],[-112.0778120000237,19.790016199787942],[-112.08681499971237,19.782070200279634],[-112.09566500043934,19.773981099748084],[-112.10436999987547,19.765741299821286],[-112.11292300039605,19.757362399954957],[-112.1213070003177,19.74884800013524],[-112.12953900042442,19.74019239955976],[-112.13760400002451,19.73140139975493],[-112.14549999992494,19.72248080044875],[-112.15323599964159,19.713430400192976],[-112.16079700028126,19.70425610033891],[-112.1681900003681,19.694957700337739],[-112.17540700043264,19.685537300106432],[-112.18244899962156,19.676002499815638],[-112.18930800026391,19.666351300272424],[-112.19599200003069,19.656589500305358],[-112.20249200030548,19.646719000181861],[-112.20880900023508,19.636741600344692],[-112.2149350003499,19.62666320034657],[-112.22087099979672,19.616485599730765],[-112.22662399979765,19.606210699664189],[-112.23217799961492,19.595842399607193],[-112.23754099961735,19.585384400270016],[-112.24270600038153,19.574838600121439],[-112.24768099957839,19.564212799880977],[-112.25245700039017,19.553504899631548],[-112.2570269997961,19.54272079982519],[-112.26139799991768,19.531860399737809],[-112.26556399957883,19.520931199715221],[-112.26953900032453,19.509935400398547],[-112.27330000019475,19.498876599975233],[-112.27684800013498,19.487756699612135],[-112.28020500026048,19.47657780012554],[-112.28334800040977,19.465347300237852],[-112.2862779997298,19.454067200041379],[-112.28900100029585,19.442741399895851],[-112.29151900040148,19.431369799976437],[-112.2938079998392,19.419961899821942],[-112.29589799999263,19.408515899888982],[-112.29777500021601,19.397035599813194],[-112.29944599993286,19.385528599765223],[-112.30089600025013,19.373996700187718],[-112.30213199969194,19.362438199563371],[-112.30315400005696,19.350866299939923],[-112.30396999991547,19.339275400339602],[-112.30455800005154,19.327676799844596],[-112.30493899963506,19.316066699718533],[-112.30509899981888,19.304454800049143],[-112.04067199961298,19.295843099879278],[-112.04051200032848,19.288583800202332],[-112.04022200044488,19.28133199997194],[-112.03980300000836,19.274084100101277],[-112.0392460004025,19.266841900133727],[-112.03855900019761,19.259613000239881],[-112.03773499997016,19.252393699709614],[-112.0367739997202,19.245193499880259],[-112.03569000009333,19.238008500392141],[-112.03446999959073,19.230840700438137],[-112.03311900024158,19.223695799921359],[-112.03162399964776,19.216571799648989],[-112.03001400004598,19.209474600072895],[-112.02826700042164,19.202405900012423],[-112.02639000019826,19.195367800283918],[-112.02438400032128,19.188360200163231],[-112.02224000037563,19.18138690018543],[-112.01997400019985,19.174451799810868],[-112.01758599979394,19.167552899846612],[-112.01506000021874,19.160694099753016],[-112.01242099992913,19.153879200065148],[-112.00964399957081,19.147108100058915],[-112.00675200020453,19.140384700093989],[-112.00373100028531,19.13370900017037],[-112.00058700008987,19.127084700098976],[-111.99733000007933,19.120512000428619],[-111.99394200032299,19.113996500338374],[-111.99043999980603,19.107534400192549],[-111.98682400032726,19.101133300161791],[-111.98308599971904,19.094791399803398],[-111.97922499973384,19.08851239982755],[-111.97525800025642,19.082298300326443],[-111.97117599997233,19.076150899944196],[-111.96697999982706,19.070072199672438],[-111.96266899977445,19.064062099686282],[-111.95825200022955,19.058124500345571],[-111.95371999987799,19.052261399943802],[-111.94908900035699,19.046472499906088],[-111.94435100039823,19.040759999974171],[-111.93950700004791,19.03512950022639],[-111.93455500011305,19.029577299952564],[-111.92951199957901,19.024107000038157],[-111.92436200040589,19.018720599676101],[-111.91911300026464,19.013423900392809],[-111.91377300042353,19.008209200394447],[-111.90833299956819,19.003088000211164],[-111.90280199991224,18.998052599847767],[-111.89717100014144,18.99311070019877],[-111.89146399956383,18.988264099908406],[-111.88565799981671,18.983509100065078],[-111.87976799979327,18.978851299847747],[-111.87380199986228,18.974292800072817],[-111.86774400018538,18.969833400191419],[-111.86160300027814,18.965473200028271],[-111.85538500041736,18.961214099850963],[-111.84909800007256,18.957059900194395],[-111.84272800039679,18.953008699891711],[-111.83628099986817,18.949064300377302],[-111.82976499975484,18.945224799584992],[-111.82318100010298,18.941495900115854],[-111.81653600033604,18.937871900268135],[-111.8098139997162,18.934362400304678],[-111.80304000029565,18.930961599598277],[-111.79619600034505,18.927673299583262],[-111.78929899974895,18.924499500351772],[-111.78234099993711,18.921438200013085],[-111.77532200001019,18.918493299826082],[-111.76825699976064,18.915662799698566],[-111.76113899976491,18.912948599898129],[-111.75397500034592,18.910354599885011],[-111.74675800028137,18.907877000023689],[-111.73950999968662,18.905519500124967],[-111.73220800019897,18.903282200013678],[-111.72486100043471,18.901164999864989],[-111.71748400018635,18.899169899771209],[-111.71007500026093,18.897295000364124],[-111.70262900042792,18.895542100287855],[-111.69515200006464,18.89391330035869],[-111.68764500011656,18.892406499760284],[-111.68011500000716,18.891025499927025],[-111.67255400026681,18.88976860024087],[-111.66497799983472,18.888635600152952],[-111.65737900014062,18.88763049984783],[-111.64977300012379,18.886747399772844],[-111.64213599957662,18.885988200195413],[-111.63449099955989,18.885358799768937],[-111.62683900011967,18.884853399664792],[-111.61917900031051,18.884473800325736],[-111.61151100013245,18.884222000045384],[-111.6038359996316,18.884094200087418],[-111.59463499980529,18.717733400076497],[-111.58391600012322,18.717908900075827],[-111.5731890000722,18.718263599885347],[-111.56247699981361,18.718793900418291],[-111.55176499955496,18.719501499594685],[-111.54107700040316,18.720382700301514],[-111.53040300009826,18.721443199743987],[-111.51976000032369,18.722675299725438],[-111.50913200034142,18.724084899798413],[-111.49852799966737,18.725669900046],[-111.48796099980018,18.727426499933188],[-111.47742499956399,18.729360599911899],[-111.46692700018082,18.731468199797746],[-111.45646699985207,18.733743700411594],[-111.44605299984596,18.736194600300678],[-111.4356840001164,18.738817199654193],[-111.42536199985631,18.74160769973571],[-111.41509999966513,18.744569800356146],[-111.4048920001656,18.747699700081228],[-111.39473700041214,18.750997499635048],[-111.38465100024337,18.754461299649392],[-111.37462600018966,18.758091000299544],[-111.3646699997206,18.761886599786862],[-111.35478199968946,18.765844300274352],[-111.34497099961186,18.769964199788149],[-111.33524299976455,18.774246200302059],[-111.32558400040119,18.778686500381809],[-111.31601699988454,18.783285100027456],[-111.3065260001747,18.788042099963093],[-111.29712700021082,18.792955400271637],[-111.28781899994681,18.798019399975487],[-111.27860999975161,18.803237899609542],[-111.26949300020169,18.808607100437484],[-111.26047499982127,18.814126999761356],[-111.25156399987861,18.819791799651966],[-111.24276000037361,18.825605399569667],[-111.2340550000381,18.831561999786572],[-111.22547099988662,18.837659799860035],[-111.21699500021901,18.84389879978994],[-111.20863300041253,18.85027689965932],[-111.20039399998302,18.856792399749565],[-111.19226800026792,18.86344150042504],[-111.18427300029862,18.870224000237556],[-111.17640699998299,18.87713809964373],[-111.1686550004278,18.884180099731964],[-111.16104100004202,18.891347899685968],[-111.15356399967874,18.898639699962303],[-111.14621699991454,18.906053499569509],[-111.13900800021895,18.913589499955606],[-111.1319429999694,18.921241799769405],[-111.12500800031887,18.929008499642691],[-111.11822499958396,18.936889599575522],[-111.11158800018598,18.944879500388765],[-111.10509500023397,18.9529780995598],[-111.09875500014306,18.961183500418372],[-111.09256699986707,18.969491999556283],[-111.08653300039754,18.977901499754523],[-111.08064999979757,18.986408199578875],[-111.07492800032685,18.995008499942458],[-111.06936600014069,19.003704099664617],[-111.06396500018451,19.012491200009038],[-111.05872300036606,19.02136229973047],[-111.05364199987832,19.030321100438584],[-111.0487370003122,19.039362000256233],[-111.04399099998454,19.048482900165823],[-111.03942099967929,19.057678200089015],[-111.03501099955787,19.066949800293173],[-111.03077700035817,19.076290099708501],[-111.02671800023541,19.085701000401002],[-111.02283500013505,19.095176699944886],[-111.01911899964205,19.104713399603838],[-111.01557900007072,19.114311200101952],[-111.01223000031416,19.123966200180121],[-111.00904099984217,19.133674600202767],[-111.00604200003818,19.143434499902412],[-111.00322699972617,19.153242099643307],[-111.00058700028973,19.163093599789931],[-110.99813100034527,19.172987000249975],[-110.99585699980059,19.182920499681472],[-110.99376699964722,19.192892099790697],[-110.9918589997929,19.202890399872217],[-110.99013500032993,19.212923000096509],[-110.98860900010516,19.222984300385292],[-110.98725899990285,19.233064699576346],[-110.98609200004569,19.243165999911128],[-110.9851149999572,19.253290199683136],[-110.9843289996835,19.26342580016069],[-110.98372699980109,19.273571000001766],[-110.98331499968737,19.283725700280968],[-110.98308599991884,19.293886200288057],[-110.89491299963515,19.304456700316621],[-110.89507299981898,19.316070600078262],[-110.89545400030175,19.327678700112074],[-110.89604200043789,19.339279199975238],[-110.89685800029639,19.350868200207401],[-110.89788099980819,19.362442000098383],[-110.89911700014932,19.373996700187718],[-110.9005660004205,19.385532400300178],[-110.90223700013735,19.397039400348206],[-110.90411400036072,19.408517800156517],[-110.90620399961477,19.41996380008942],[-110.90850100032083,19.431373599612073],[-110.9110110000575,19.442743300163329],[-110.91373399972423,19.454069100308857],[-110.91666399994352,19.465351099873487],[-110.91980700009287,19.476581599761175],[-110.92316400021832,19.487758599879612],[-110.9267120001586,19.498878500242711],[-110.93047300002883,19.509939200034182],[-110.9344479998752,19.520935100074951],[-110.93861400043568,19.531864200272764],[-110.94298599970404,19.542722700092668],[-110.94755600000929,19.5535068997238],[-110.95233199992174,19.564214700148455],[-110.95730599997182,19.574842499581848],[-110.96247900020558,19.585386299638174],[-110.96783399983912,19.595846200142148],[-110.97338899970248,19.606214500199144],[-110.97914099965732,19.616487499998243],[-110.98508500037235,19.626665099714728],[-110.99121099958785,19.636745499805102],[-110.99752000004787,19.646720900449338],[-111.00402100036877,19.656591399673516],[-111.01070400008945,19.666353199640582],[-111.01757000015527,19.676004400083116],[-111.02460499992071,19.685541199566842],[-111.0318219999852,19.694959599705896],[-111.03921500007209,19.704257999707067],[-111.04678300013524,19.713434199828612],[-111.05451200042836,19.722484600084385],[-111.06241599979847,19.731403399847181],[-111.07048000025173,19.74019239955976],[-111.07871200035845,19.74884800013524],[-111.0870970003262,19.757366199590592],[-111.0956419995785,19.765745200180959],[-111.10434699991401,19.773983000015562],[-111.11319699974166,19.782072099647849],[-111.12220000032966,19.79001810005542],[-111.13135499983326,19.7978153004359],[-111.14064800030485,19.805456200443416],[-111.15007799989968,19.812946300331646],[-111.15966000020876,19.820278199579377],[-111.16937300026365,19.827451700335814],[-111.17921399992605,19.834465000359614],[-111.18917799986468,19.841316200282563],[-111.19927999987198,19.847999600201547],[-111.20949599974051,19.854515100291792],[-111.21984100016192,19.860864599921513],[-111.23029300012178,19.867040599644099],[-111.24086800035781,19.873043100358927],[-111.25154900008619,19.878871899718547],[-111.26234399967575,19.884521500167239],[-111.27323900027955,19.889995599717281],[-111.28423300005284,19.895286599996723],[-111.29532599989489,19.900396299649628],[-111.30650300001332,19.905322999856708],[-111.31778000024673,19.910064699626332],[-111.32914700013384,19.914619399765627],[-111.3405990003435,19.918987299924083],[-111.3521190000917,19.92316819955289],[-111.36372400016239,19.927154500280096],[-111.37540400009442,19.930950199592189],[-111.38714600018767,19.934553100445385],[-111.39895599981946,19.937963499615933],[-111.41082000014279,19.941177399617459],[-111.42275200000472,19.944196699818008],[-111.43474600002776,19.947017700406661],[-111.4467769999585,19.949640299760176],[-111.45886199968146,19.952064499677078],[-111.47099299972706,19.954288499714607],[-111.48315400025683,19.956314100315637],[-111.49536100020987,19.9581394003132],[-111.50759100032428,19.959762600164026],[-111.51985900039244,19.961181599951033],[-111.53214999972261,19.9624023001262],[-111.54445599974451,19.963418999887097],[-111.55678599997384,19.964231499584173],[-111.56912199958055,19.96484380030131],[-111.58147399992504,19.965249999787773],[-111.59382600026959,19.965452199759341]]]},"properties":{"objectid":17604,"radii":64,"stormid":"EP182026","basin":"ep","stormnum":18,"advnum":26,"synoptime":"2026100306","timezone":"UTC","ne":40,"se":35,"sw":25,"nw":40,"idp_source":"EP182026_radii","idp_filedate":1791040084000,"idp_ingestdate":1791040150000,"st_area(shape)":1.1633774529877265,"st_perimeter(shape)":4.2603294396190803,"binnumber":"EP3"}},{"type":"Feature","id":17605,"geometry":{"type":"Polygon","coordinates":[[[-111.87970000025473,21.662713999951279],[-111.91873900010467,21.496353100115641],[-111.95617699986855,21.495735200219428],[-111.99359100032433,21.49450300041326],[-112.03097500029594,21.492656700346572],[-112.06832899978343,21.490194299927168],[-112.10562100000902,21.487119700413984],[-112.1428530001657,21.483428999648766],[-112.17999999999989,21.479127900232527],[-112.21705600013422,21.474218399559618],[-112.2540279999921,21.468696599968268],[-112.29087100019643,21.462568300286989],[-112.32759899959404,21.455837200326698],[-112.36418899982237,21.448501600368729],[-112.40062700023577,21.440565100399226],[-112.43692000025771,21.432029699611064],[-112.47302999993445,21.422897300070474],[-112.50896499963494,21.413175599974124],[-112.54470100005102,21.402864500396504],[-112.58023800028337,21.391965899806564],[-112.61557000005536,21.38048359963858],[-112.65065800026639,21.368421600076942],[-112.68552400013243,21.355783500208531],[-112.72013099974572,21.342575099761177],[-112.75448600032854,21.328800200169269],[-112.78856699996697,21.314462699993726],[-112.82236500004461,21.2995662999449],[-112.85588099970829,21.284116699925903],[-112.8890909996498,21.268115999853649],[-112.92198200016907,21.251573600341544],[-112.95455899969801,21.234493300125848],[-112.98680099996608,21.216878899741573],[-113.01870700002792,21.198736199815926],[-113.05024700029873,21.18007279962012],[-113.08143599967156,21.16089439995676],[-113.11225099978373,21.141202900193832],[-113.14268500031244,21.121011700229928],[-113.17272899994327,21.100320800064992],[-113.20236999987549,21.079137799869727],[-113.23160600001677,21.057474100349566],[-113.26042199967543,21.035329800430077],[-113.28881100032731,21.012714399649951],[-113.31676499980478,20.989637400245954],[-113.34427600043699,20.966106399690716],[-113.37132999977956,20.942123399875129],[-113.39792599958514,20.917699799706156],[-113.42405700043014,20.892843200253651],[-113.44970699977813,20.867561299714339],[-113.47487600032707,20.841859799790086],[-113.4995420001631,20.815750100287062],[-113.52372700030071,20.789238000033833],[-113.54739399993304,20.762331000275594],[-113.57054099986715,20.735042599836277],[-113.59317799966487,20.707374600057904],[-113.6152799999719,20.679342300207111],[-113.63685600030408,20.65094759965217],[-113.65788999992344,20.622203800265311],[-113.67837500030595,20.593116799800612],[-113.69830300018322,20.563697800213447],[-113.71767399955536,20.533958400060271],[-113.73648099989811,20.503900499608505],[-113.75472300026615,20.473543199559174],[-113.7723849999677,20.442886400087446],[-113.78947400022486,20.411947299828171],[-113.80596900006918,20.380731599583783],[-113.82187699982359,20.349247000249022],[-113.83718899997228,20.317508700366375],[-113.85189800019248,20.285520600295627],[-113.86601299999984,20.253299699921342],[-113.87952399983266,20.220848100059925],[-113.89241799999058,20.188179000060927],[-113.9046940004277,20.155307799915192],[-113.91635899966798,20.122234299973115],[-113.92739899976391,20.088975900317678],[-113.93781299977002,20.055540100395433],[-113.94760900005519,20.021940200280142],[-113.95676399955886,19.988183999791886],[-113.96529399991806,19.954282799811494],[-113.97318999981854,19.920244199610238],[-113.98045300020573,19.8860855003457],[-113.98706800038781,19.851808499762569],[-113.99305699958074,19.81742859965027],[-113.99839800036733,19.782957099990313],[-114.00309800037235,19.748401600053967],[-114.00714900012616,19.713775599564428],[-114.01056700036668,19.679086699591664],[-114.01333600035605,19.644346200117184],[-114.01545700014037,19.609569500232396],[-114.01693700004245,19.57475850020478],[-114.01776899973947,19.539932299835925],[-114.01795999955425,19.505096400278774],[-113.66464200012808,19.476928700299425],[-113.66378800031589,19.447904600217271],[-113.66240699958325,19.418905299839878],[-113.66047699961376,19.389928799974257],[-113.65801200015358,19.360988600343774],[-113.65502199986531,19.3320941995878],[-113.65149700008641,19.303253199675567],[-113.64743799996364,19.2744731998784],[-113.64285299986597,19.245765699827302],[-113.63773300027765,19.217140199960397],[-113.63209500018399,19.188600499913264],[-113.62592299974654,19.160158200041053],[-113.61924000002591,19.131820699965488],[-113.61202199991527,19.103599500216887],[-113.60430099999104,19.075498600080493],[-113.59606199956153,19.047531099980404],[-113.58730300033312,19.019702900368713],[-113.57804100039175,18.99202159961726],[-113.56827499969137,18.964498500405625],[-113.55801400044567,18.937139499588397],[-113.54724100007201,18.909952200034127],[-113.53597300025365,18.882949800193273],[-113.52421600036803,18.856132499715216],[-113.51196300009229,18.829515499840568],[-113.49922900011819,18.803102500380248],[-113.48602299996139,18.776903199623121],[-113.47232799973727,18.750926999981232],[-113.45816799965337,18.725177800015615],[-113.44353500023999,18.699665100164395],[-113.42844400039019,18.674396499698844],[-113.41288799978128,18.649379700412965],[-113.39688900032701,18.624624299871698],[-113.38043200043637,18.600133899859713],[-113.36353299994789,18.575918199565422],[-113.34619900008369,18.551984800058619],[-113.32843800031338,18.528341299711371],[-113.31024200026798,18.504991499957896],[-113.29161800027038,18.48194690042925],[-113.2725830002052,18.459209399594272],[-113.2531360000263,18.436786700146229],[-113.23329200042537,18.414690000443329],[-113.21304300013423,18.392921400402429],[-113.19241300025965,18.371492399654642],[-113.17137899974097,18.350402800349116],[-113.14997900033052,18.329662299875395],[-113.12820399981462,18.309280399570923],[-113.10606399955384,18.289255100242826],[-113.0835570003552,18.26959989981566],[-113.06070699972815,18.250318499898981],[-113.03750600000183,18.231411000317564],[-113.01396900006921,18.212892499789177],[-112.99009699997646,18.194763199762008],[-112.96590400036922,18.1770267002222],[-112.94139100039428,18.159692800182711],[-112.91656500037436,18.142764999805024],[-112.89144899957159,18.126247399997624],[-112.86602799999213,18.110145599939642],[-112.84032399995255,18.094463300341204],[-112.81433900044442,18.079208399947845],[-112.78808600026861,18.064382600276929],[-112.76156600037052,18.049987799797236],[-112.7347870002198,18.036033599671043],[-112.7077639996088,18.022523900257909],[-112.68049600029008,18.009460400377293],[-112.65300000034966,17.996843299678687],[-112.6252900004331,17.984683999766901],[-112.59735099984869,17.972980499650475],[-112.56921400002597,17.961740500224039],[-112.54087099969678,17.950963999688952],[-112.51234399987561,17.940654800378866],[-112.48363499975534,17.93081670013072],[-112.45474999961272,17.921451600111368],[-112.42570500018553,17.912563299956446],[-112.39649999967514,17.904155700025683],[-112.36714899962652,17.896228800319022],[-112.33766199960149,17.888784400379905],[-112.30804399983066,17.881826399668739],[-112.27830499987573,17.875358599619801],[-112.24845900038247,17.869382899601248],[-112.21849800008255,17.863895400152728],[-112.18845399955234,17.858903900195003],[-112.15831800017548,17.854404400442888],[-112.12811300031461,17.850402800449046],[-112.09783199964698,17.846899000388703],[-112.06749700008641,17.843893100086632],[-112.03710899988033,17.841388700428297],[-112.00668299972057,17.839382199628972],[-111.97622699997595,17.837877300197363],[-111.94574700002391,17.836875899703159],[-111.91525300032561,17.836374300133969],[-111.88173699976261,17.503646900384297],[-111.8452149999722,17.504245800303579],[-111.8087079999741,17.505449300045314],[-111.77223199960702,17.507249800338172],[-111.73579400009294,17.509653100010723],[-111.69939399963329,17.512655299602557],[-111.6630629996576,17.516252499653262],[-111.62679299979703,17.520450599715559],[-111.5906070002128,17.525243800061446],[-111.55451999979806,17.530630099699465],[-111.51853200035146,17.536609600252973],[-111.48264300007429,17.543182399748105],[-111.44688400039621,17.550342600430781],[-111.41127000021027,17.558092099870635],[-111.37578599972403,17.566423400419751],[-111.34046899974447,17.575338399647592],[-111.30530499962595,17.584835100159864],[-111.27031700042915,17.594905899987452],[-111.2355190001017,17.605550800029562],[-111.20091999995793,17.616767900018715],[-111.16651899995179,17.628553400319333],[-111.13233900024454,17.640901600128871],[-111.09838099998308,17.653810500254508],[-111.06465899981288,17.667278300253486],[-111.03119699994147,17.681295399862961],[-110.99797799958492,17.695861799982197],[-110.96502699989605,17.710973700076352],[-110.93235799972183,17.726625400242142],[-110.89996299959267,17.742811199677249],[-110.86787400008495,17.759527199820582],[-110.83609000025319,17.776767699869595],[-110.80461899956708,17.794532799649119],[-110.773468000148,17.812807100067744],[-110.74265300003583,17.83159449968656],[-110.71217300008379,17.850885400041307],[-110.68205299964615,17.870675999697767],[-110.65229799985269,17.890956899841171],[-110.62290999989648,17.911725999655289],[-110.5938869996852,17.932973900325408],[-110.56526199984131,17.954696699693102],[-110.53703300027263,17.976886699561703],[-110.50920100012598,17.999536500309375],[-110.48178899956258,18.022644000220566],[-110.45479600033502,18.046195999945553],[-110.4282229997915,18.070188500199265],[-110.40210000021472,18.09461590000393],[-110.37641900033651,18.1194686998208],[-110.3511889996725,18.144739199654452],[-110.32641600029808,18.170423500044649],[-110.30210899993028,18.19651030011039],[-110.27828200011413,18.222991899856424],[-110.25494400036524,18.249862700103677],[-110.23207899994577,18.277111099597732],[-110.20972399966274,18.304733299602219],[-110.18787400018488,18.332719799679126],[-110.16652699962123,18.361059200022225],[-110.14569899960907,18.389745700004198],[-110.12540399989456,18.41877170035383],[-110.10562899987832,18.448127699733675],[-110.08638800020594,18.477800399868727],[-110.06769599977048,18.507789600210003],[-110.04954500000167,18.538078299973677],[-110.03195199988477,18.568664599791589],[-110.01491500022701,18.599533099672954],[-109.99845100001352,18.630678200438751],[-109.98254400030527,18.662090300027444],[-109.96722399978768,18.693756100164023],[-109.95247699961374,18.725669900046],[-109.938316000383,18.757821999585758],[-109.92474400043517,18.790201200425201],[-109.9117660000008,18.822801600313767],[-109.89938400007145,18.855609900076956],[-109.88761100034731,18.888614699908601],[-109.87643400022881,18.921808199988561],[-109.86586800040777,18.955181100427581],[-109.85591900026157,18.988721799971245],[-109.84658100041275,19.02242280007232],[-109.83786799970835,19.056272500375712],[-109.82978099999303,19.090257599908455],[-109.82230399962981,19.124372500390734],[-109.81546800004804,19.158607499936295],[-109.80925799965684,19.192943600367016],[-109.8036880000011,19.227380799884145],[-109.7987370001124,19.261905700387899],[-109.79443400042868,19.296503099738402],[-109.7907709996818,19.331169100273883],[-109.78774300033911,19.365886700311137],[-109.78536200025599,19.400650000297389],[-109.78361499973238,19.43544959961946],[-109.78251600031308,19.470272100177397],[-109.60556000039361,19.504419299810991],[-109.60572800004707,19.542156200048737],[-109.60659000022821,19.57988740038337],[-109.60815400040667,19.617595700381401],[-109.61041300025965,19.655275300314997],[-109.61336499969491,19.692909200299482],[-109.61702000007284,19.730491599707705],[-109.62138399987163,19.768005399729532],[-109.62642700040567,19.805444699913096],[-109.63217200003766,19.842794399741877],[-109.63861100019739,19.88004299958493],[-109.64575200035443,19.917180999903337],[-109.65357999981705,19.954194999899471],[-109.66208599996884,19.991075500034412],[-109.67129500016404,20.027811099602729],[-109.68118300019523,20.064386400412218],[-109.69175000006237,20.100797699954057],[-109.70299499971935,20.13702769976868],[-109.7149200001578,20.173067099966829],[-109.7275240004322,20.208904300193467],[-109.74079099980469,20.244529700185637],[-109.7547299995897,20.279931999961946],[-109.76932499994871,20.315099699891391],[-109.78458400035123,20.350021400167634],[-109.80049100005948,20.384687399803795],[-109.81705500038788,20.419086500441779],[-109.834258999653,20.453205099835657],[-109.85210399969975,20.487039599797811],[-109.87058999962869,20.520574600337682],[-109.88970199964746,20.553798699850233],[-109.90943100024037,20.586706200231106],[-109.92978700006989,20.61928180041491],[-109.95075200010461,20.651517900231056],[-109.97232100011399,20.683403000048543],[-109.99449900032852,20.714931499789031],[-110.0172649997798,20.746089899729213],[-110.04061900026653,20.776868800155171],[-110.06455199957503,20.807256699637094],[-110.0890580001265,20.837249800338157],[-110.11412799970731,20.866834599837034],[-110.13976300016225,20.895998000407531],[-110.16594699985404,20.924739799702138],[-110.19267300025865,20.95304680016983],[-110.21993300010774,20.980909299924406],[-110.24771899993181,21.008317900151098],[-110.27602400030725,21.035264999780054],[-110.30483199959701,21.061744700157931],[-110.33414499969189,21.087743800136423],[-110.36395300013078,21.11325840025512],[-110.39424100022188,21.138277099808477],[-110.42500299968862,21.162796000235346],[-110.45622299959166,21.186803799755694],[-110.48789999988497,21.210294700440215],[-110.52002700024576,21.23326110031968],[-110.55258899998228,21.255695300297987],[-110.58557100020141,21.277591700296853],[-110.61896499963495,21.298942600320913],[-110.65277100008149,21.319736499839735],[-110.6869659995811,21.339975399844946],[-110.72154999993245,21.359647799806282],[-110.75650000007482,21.378747899995744],[-110.79180899968549,21.397270200159767],[-110.82746900019413,21.415206899578891],[-110.86347200033248,21.432556199609053],[-110.89980300030811,21.44931030043017],[-110.93644700032871,21.465465500432629],[-110.97339600002528,21.481012300077737],[-111.01064299997438,21.495950700264757],[-111.04817200033744,21.510274900366483],[-111.08596800042278,21.52397730021238],[-111.12402299986144,21.537057899802392],[-111.16232299980652,21.549509000040473],[-111.20085899984286,21.561328900308638],[-111.23961600017816,21.572511700154962],[-111.27858699959029,21.583057399579445],[-111.31774100024688,21.592956499942659],[-111.35709400018789,21.602212899805636],[-111.39661399973619,21.610820800339809],[-111.43629500041385,21.618776300286186],[-111.47611999963817,21.626077699926043],[-111.51608299983047,21.632724799609946],[-111.55616800025291,21.638710000066567],[-111.59636699963721,21.644039199949248],[-111.63665799966685,21.648700699977439],[-111.67703199992678,21.652700399703804],[-111.71746800034782,21.656036399760183],[-111.75797300035362,21.658708600321802],[-111.79852299973658,21.66071319995433],[-111.83910399964975,21.662048300189042],[-111.87970000025473,21.662713999951279]]]},"properties":{"objectid":17605,"radii":34,"stormid":"EP182026","basin":"ep","stormnum":18,"advnum":26,"synoptime":"2026100312","timezone":"UTC","ne":130,"se":120,"sw":100,"nw":120,"idp_source":"EP182026_radii","idp_filedate":1791040084000,"idp_ingestdate":1791040150000,"st_area(shape)":12.856320469117993,"st_perimeter(shape)":13.56652465114726,"binnumber":"EP3"}},{"type":"Feature","id":17606,"geometry":{"type":"Polygon","coordinates":[[[-111.88758100036279,20.830902100251876],[-111.91087299978904,20.664537399881226],[-111.93259399961329,20.664182700071706],[-111.95429999964517,20.663467400000627],[-111.97599800020743,20.662395499852551],[-111.99765799991667,20.660966899802702],[-112.01929500036385,20.659181599851081],[-112.04089399995803,20.657041500265166],[-112.06245399955236,20.654546699970354],[-112.08396100029984,20.651697199866021],[-112.10540800007902,20.64849280030262],[-112.1267929996971,20.644939399933492],[-112.14810200030695,20.641033200022321],[-112.16934200043289,20.636776000112434],[-112.19049800028239,20.632169699572103],[-112.21155500006313,20.627218199660319],[-112.23252100014395,20.621919600109607],[-112.25337999978706,20.61627769965628],[-112.27413199989178,20.610294299642362],[-112.29476900008916,20.603967700349244],[-112.31528500010256,20.597303400231851],[-112.3356630000473,20.590303400281812],[-112.35591100029234,20.582969699692001],[-112.37602199961549,20.575303999979781],[-112.39597299965413,20.567308400162688],[-112.41578699967022,20.558984799608936],[-112.43541700019432,20.550338700370844],[-112.45490300037306,20.541368499856503],[-112.47420500016051,20.532081600385709],[-112.4933319999717,20.522476199717005],[-112.51227600033707,20.512559899819678],[-112.53102099961933,20.502332699794408],[-112.54958300035509,20.491798400176151],[-112.56793200026152,20.480960799701279],[-112.58608199998423,20.469821900260627],[-112.60401899977694,20.458387399958667],[-112.62172699980113,20.446657199870003],[-112.63922099984916,20.43463899999],[-112.65648700017482,20.422336599954292],[-112.67351500031691,20.409749999762823],[-112.69030000004489,20.396888699853776],[-112.70684799963539,20.383747100148696],[-112.72313699987257,20.370340300264786],[-112.73918199964947,20.356668499851537],[-112.75495899965802,20.34273150015872],[-112.77046999999044,20.328537000282495],[-112.78571299965512,20.314094499761495],[-112.80068999964368,20.299396500048601],[-112.81537599970255,20.284458199686298],[-112.8297879997163,20.269281400016723],[-112.84390999984652,20.253866199965273],[-112.85774200009314,20.238224000237551],[-112.87127700013338,20.222356800026432],[-112.88451399992107,20.206268300042154],[-112.8974460000328,20.189966200280082],[-112.91006500009956,20.173452400108317],[-112.92237899959105,20.156734499697563],[-112.93437199956804,20.139814400214561],[-112.94605300044554,20.122703600390992],[-112.95740499964091,20.105400100134659],[-112.96843700026727,20.087913499708407],[-112.97914100015691,20.070249599739384],[-112.98950999988648,20.052410099946314],[-112.99954200026303,20.034402800149223],[-113.0092320001566,20.016233400251338],[-113.01858499979778,19.99790760015577],[-113.02759599985541,19.979431199590351],[-113.03626300023717,19.960809699708022],[-113.04457100025138,19.942049000061445],[-113.05253599973651,19.923152900286254],[-113.0601429997995,19.904128999653778],[-113.06739799981773,19.884984999957908],[-113.07429500041383,19.865722699842877],[-113.08082600031958,19.846351599746697],[-113.08699799985772,19.826873799586338],[-113.09281199997372,19.807298699975149],[-113.09825900025254,19.787628200281347],[-113.10333300041754,19.767875700403408],[-113.10803999984603,19.748039200249025],[-113.11238100038275,19.728130300173348],[-113.11634799986018,19.708152799812012],[-113.1199420001231,19.688112300142677],[-113.12317700001842,19.66801640043667],[-113.12602199991528,19.647869099979118],[-113.12849399969821,19.627679800282692],[-113.13059999969016,19.607454300175959],[-113.13232400005245,19.587194400101623],[-113.13367500030091,19.5669098001473],[-113.1346510003433,19.546606100391386],[-113.13524599990285,19.526290900105096],[-113.1354680002479,19.505968099648214],[-112.78238700005988,19.490600599638128],[-112.78203600006128,19.476087600362632],[-112.78142499976383,19.46158030009093],[-112.78054000032068,19.447088200160465],[-112.77938800025589,19.432611500220673],[-112.77796899956957,19.41815569962597],[-112.77628300006029,19.403724699635347],[-112.77432999992948,19.389324200151862],[-112.77211000007634,19.374957999911885],[-112.76962299960167,19.360630000174524],[-112.76687599972752,19.346345899943458],[-112.7638630001772,19.332109499753756],[-112.76059000032814,19.317924500315598],[-112.75705700018034,19.303794900014736],[-112.75325800035631,19.289724299736804],[-112.74920699970318,19.275720600025807],[-112.74489599965057,19.261785499701205],[-112.74032600024464,19.247924800289468],[-112.73550400000948,19.2341384999919],[-112.73043099989064,19.220434199878582],[-112.7251049997958,19.206815699585036],[-112.71952100039374,19.193288799738468],[-112.71369899990884,19.179853399614842],[-112.70762600043946,19.166515399666082],[-112.70130899961055,19.153282200413344],[-112.69474800012,19.140151999615227],[-112.68794999959272,19.127132400140283],[-112.6809080004038,19.114227299650281],[-112.67363699964773,19.101440399754779],[-112.66612999969965,19.088773699646651],[-112.65839399998299,19.076232900128389],[-112.65042100012897,19.06382179993625],[-112.64222699997595,19.051542300237088],[-112.6338120004234,19.039402000302232],[-112.62516800020296,19.027400999956342],[-112.61630199963747,19.015542999909655],[-112.60723100041025,19.003831899622583],[-112.59793899998476,18.992273300072895],[-112.58843999990597,18.98086930027813],[-112.57873500021998,18.969621699781783],[-112.56882500007362,18.958538099653708],[-112.5587080002739,18.947616599626485],[-112.5483930003366,18.936864899695479],[-112.53788000026168,18.926282900035972],[-112.52718399984161,18.915878299743895],[-112.51628900013714,18.90564730008299],[-112.50521899955709,18.895601299960163],[-112.49395800006158,18.885736499739835],[-112.48252099964435,18.876056699956905],[-112.47090900015013,18.866569499882644],[-112.45912199978039,18.857275000241202],[-112.44717400007994,18.848173100308486],[-112.43505100040323,18.839271500079803],[-112.42277499996618,18.830570199555211],[-112.41033900024456,18.822071099901507],[-112.39775099980869,18.813777900030175],[-112.38501699983459,18.805694600125832],[-112.3721239997227,18.797820999639555],[-112.35909999986501,18.790161099655165],[-112.34594000003091,18.782716800440141],[-112.33264200012809,18.775487899646976],[-112.3192139996263,18.768482199793823],[-112.30565600032406,18.761695900345671],[-112.29197699993853,18.755136499849755],[-112.27818299964559,18.74879840002626],[-112.26427500039085,18.742690999690012],[-112.25025200032945,18.736816399657243],[-112.23613699962272,18.731166800107871],[-112.22190900000027,18.725753799598294],[-112.20758799968633,18.720577200277717],[-112.19317599967258,18.715635299729456],[-112.17867299995891,18.710929900194856],[-112.16409300029164,18.706464800410345],[-112.14942900034799,18.702241899744024],[-112.13468899959753,18.698259399551773],[-112.1198810002079,18.694518999552315],[-112.10500300028815,18.691026700022348],[-112.09006500029943,18.687776599610515],[-112.07507299961912,18.684770600383047],[-112.06002800009202,18.682014500269133],[-112.04492999991947,18.679506300075843],[-112.02979299974703,18.677247999895428],[-112.01461000015127,18.675235700267478],[-111.99940500044033,18.673475299845336],[-111.98416099983018,18.671966599878829],[-111.96889500000412,18.670707700100422],[-111.9536060000168,18.669698700334891],[-111.93830899966053,18.66894340021787],[-111.92298900004221,18.668438000113781],[-111.90766900042394,18.668188100100906],[-111.89082299968157,18.501823399730256],[-111.87245899998277,18.502126699687608],[-111.85409500028396,18.502729400141845],[-111.83574700042362,18.503637299921593],[-111.81742099977924,18.504844700023],[-111.79911800019545,18.506355300257042],[-111.7808460002426,18.508165399913423],[-111.76261100019741,18.510274900066747],[-111.74441500015206,18.512685799909889],[-111.72627299989892,18.515394199982495],[-111.70816799955344,18.518402100376761],[-111.69013199969191,18.521705599833695],[-111.67215699994551,18.525306700244187],[-111.6542509997837,18.529203399717289],[-111.63642100042875,18.533393899608939],[-111.61865999975907,18.537876100002165],[-111.60098999968864,18.542650199647142],[-111.58341200026348,18.547712299982777],[-111.56592599968502,18.553066299570219],[-111.5485309997058,18.558706299756068],[-111.53124999958771,18.564630500097621],[-111.51408400027628,18.570838899695616],[-111.49702499960398,18.5773296000811],[-111.48008700001492,18.584098799819913],[-111.46328000017178,18.591144600443101],[-111.44660900030505,18.598468799695468],[-111.43006099981517,18.606065800196689],[-111.4136579997168,18.61392969969603],[-111.3974000000099,18.622066500268886],[-111.38129400011792,18.630466500029115],[-111.3653489995566,18.639133500410878],[-111.34956400007843,18.648057900252013],[-111.33393899988482,18.657241800368922],[-111.31848899966752,18.666683199769977],[-111.30320700000294,18.676376299626668],[-111.2881089998304,18.68631940022027],[-111.27318599963405,18.696508399742982],[-111.25845300010576,18.706943499642932],[-111.24391899986188,18.717616999924758],[-111.22958399980166,18.728530899781333],[-111.21544599983292,18.739675500024418],[-111.20151500041686,18.75105289967172],[-111.18778999970863,18.762659100337373],[-111.17428600019866,18.774486500052092],[-111.16099499971938,18.786535300264063],[-111.14792599958514,18.798803300332168],[-111.13508600011869,18.811281200367262],[-111.12247500042082,18.823968899645138],[-111.11009999991495,18.836862600328857],[-111.09796100039978,18.849958400260107],[-111.0860600001688,18.863250700259755],[-111.07440899977541,18.876737600060324],[-111.06300399993455,18.890417099569618],[-111.05184899993128,18.904275899613197],[-111.04095500027296,18.918321600361708],[-111.03031199959901,18.932540899942694],[-111.01993600044597,18.946935700422387],[-111.00982700011588,18.96149639973919],[-110.99998500040732,18.976222999691799],[-110.99041000042109,18.991109800377103],[-110.98111699994951,19.006149299650588],[-110.97209899956908,19.021343199928879],[-110.96336399964878,19.036680200331148],[-110.95491000009633,19.052158399690541],[-110.94673199978189,19.067773799621307],[-110.93884999962768,19.083522800137246],[-110.93125900030253,19.099397700343729],[-110.92395799996166,19.115396500148506],[-110.91696200019607,19.131509799837545],[-110.91025500026797,19.147739399853549],[-110.90384699973913,19.164075899583224],[-110.89773600031606,19.180513400373286],[-110.89193699999248,19.197052000249755],[-110.88644400029028,19.213680300305782],[-110.88124799989521,19.230398199817216],[-110.87636599959109,19.247198100412163],[-110.87179600018516,19.264076199756971],[-110.86754600024761,19.281028700014645],[-110.86359399966324,19.298046099847795],[-110.85996200034594,19.315126400063434],[-110.85665099964382,19.332263899859242],[-110.85365299988592,19.34945300005603],[-110.85097499959647,19.366691599837623],[-110.8486100002512,19.383968400121717],[-110.84656500037437,19.401283300184275],[-110.84484100001202,19.418628699854764],[-110.84343700001745,19.435998900129277],[-110.84236099986015,19.453390099573596],[-110.84159899979392,19.470794699815656],[-110.84116400041819,19.488212600131533],[-110.48805199969991,19.506141700279386],[-110.48828100036775,19.529367399885757],[-110.48893700004243,19.552587500313052],[-110.4900209996693,19.575790400306857],[-110.49153900042444,19.598974199599752],[-110.49348400018636,19.622129399552307],[-110.49586500026948,19.645248399993818],[-110.49867200021254,19.668323500029658],[-110.50189999978505,19.691350900024133],[-110.50556199958652,19.714322999806711],[-110.5096510001934,19.737226500202951],[-110.51416000038364,19.760063199856916],[-110.51910399994955,19.782819699769448],[-110.52445200015956,19.805494300221937],[-110.53023499974535,19.828075399959857],[-110.53643799981376,19.850559200247062],[-110.54305299999584,19.872938199838188],[-110.55008699971518,19.895202599720335],[-110.55753300044751,19.917348899732076],[-110.56539899986387,19.939369200228555],[-110.57366199960148,19.961255999964578],[-110.58234399977567,19.983005500203831],[-110.59141499990221,20.004608199608867],[-110.60090599961211,20.026060099793938],[-110.61078600017368,20.047347999610622],[-110.62107099962685,20.068473800225831],[-110.6317369995628,20.089426000209869],[-110.6427989997739,20.110199000383716],[-110.65425900035251,20.130788799663492],[-110.66609200014557,20.151184099866441],[-110.67830699956829,20.17138480026847],[-110.69090300037305,20.191381500256171],[-110.70386500006958,20.211164499741983],[-110.7171939996033,20.2307320000819],[-110.73089600015021,20.25008010001676],[-110.74496499963493,20.269197499565109],[-110.75937699964874,20.288080200341085],[-110.77414699998394,20.306724499835923],[-110.78926099999507,20.325122799677615],[-110.80472600000479,20.343269300138218],[-110.82053399964428,20.361158400240129],[-110.83666199965148,20.37878420043063],[-110.85313400023381,20.396142999999597],[-110.86991899996178,20.413227099850928],[-110.88702400005747,20.430034599717146],[-110.90444899962154,20.446556099884219],[-110.92217999980704,20.462789500435235],[-110.94020800019894,20.478729200392422],[-110.95854200031295,20.494367599585189],[-110.97716500026445,20.509702699719981],[-110.99607800009954,20.524730700261728],[-111.0152740003947,20.539442099873156],[-111.03473700041212,20.553838699896232],[-111.05447399957535,20.567913099809857],[-111.07447099993658,20.581657399969174],[-111.09472699965124,20.595073700291152],[-111.11523400014892,20.608154299881164],[-111.13598600025364,20.620891600367202],[-111.15697499959646,20.633291200029021],[-111.17818500013755,20.645341899609093],[-111.19963099987064,20.657039599997688],[-111.22129099957988,20.668384599769581],[-111.24316400011844,20.679370900446827],[-111.26524400031025,20.689996699788026],[-111.28752099969427,20.700258299780842],[-111.3099820003689,20.710149799973408],[-111.33264200032795,20.719669300098246],[-111.35546100042473,20.728816999804849],[-111.37846400001348,20.737585100172396],[-111.40162699978612,20.745977399937203],[-111.42493399990406,20.753984500284616],[-111.44839499992923,20.761608100033925],[-111.47200000029966,20.768842699830884],[-111.49574299983948,20.77569010011814],[-111.51960799960938,20.7821445002686],[-111.54358700013984,20.788206099931699],[-111.56768800000111,20.793872800089787],[-111.59188799993115,20.799138999765148],[-111.6161799996072,20.804010399760273],[-111.64055599955964,20.808479300079796],[-111.66502400015736,20.812545799649058],[-111.68956000029368,20.816209800442095],[-111.71416500001465,20.819469500217394],[-111.73883099985068,20.822324800049614],[-111.76354199996325,20.824773799671277],[-111.78829200007567,20.826814700438206],[-111.81308000014178,20.828449200270541],[-111.83789799979274,20.829675700173539],[-111.86273999965118,20.830492000405627],[-111.88758100036279,20.830902100251876]]]},"properties":{"objectid":17606,"radii":50,"stormid":"EP182026","basin":"ep","stormnum":18,"advnum":26,"synoptime":"2026100312","timezone":"UTC","ne":80,"se":60,"sw":50,"nw":70,"idp_source":"EP182026_radii","idp_filedate":1791040084000,"idp_ingestdate":1791040150000,"st_area(shape)":4.0165315446197347,"st_perimeter(shape)":7.9731816844187593,"binnumber":"EP3"}},{"type":"Feature","id":17607,"geometry":{"type":"Polygon","coordinates":[[[-111.89382200038489,20.165450999664017],[-111.90542600040948,20.082271600154343],[-111.91624500020652,20.082092299620058],[-111.92705499958845,20.081737499985763],[-111.93785899959306,20.081203499641958],[-111.94865400008194,20.080490099838357],[-111.95943499992524,20.079603200127735],[-111.97019999992995,20.078536999882772],[-111.98093400030376,20.077293400270321],[-111.99164599966304,20.075874299759278],[-112.00233499976031,20.074276000337306],[-112.01298499985774,20.072505999652321],[-112.02360500037037,20.070560499867327],[-112.03418700002993,20.06844140035048],[-112.04472400031227,20.066144899667506],[-112.05522199969545,20.06367869961241],[-112.06566600018567,20.061038999650236],[-112.07607299986893,20.058227500398971],[-112.0864109999676,20.055246399801661],[-112.09669500027394,20.052093499915202],[-112.10692599993484,20.048774700292313],[-112.11708099968831,20.045286200397982],[-112.12717400017988,20.041633600310547],[-112.13719900023358,20.03781129995167],[-112.14715599984942,20.033828699934702],[-112.15702800004209,20.029680300005964],[-112.16682400032727,20.025371600419192],[-112.17653700038215,20.020902600274951],[-112.18616500011456,20.016273500122054],[-112.19570899957057,20.011486100403374],[-112.20515399985709,20.006544100030339],[-112.21451599991337,20.00144580018366],[-112.22377000038512,19.996196700217695],[-112.23293300025767,19.990793200146186],[-112.24198899969247,19.98524280031512],[-112.25094599995782,19.979539899746726],[-112.25978900036199,19.973695800221151],[-112.2685169999595,19.967702899769165],[-112.27714500034142,19.961572599995634],[-112.28565199963998,19.955297500379459],[-112.29403699960773,19.948881100182746],[-112.30229900019862,19.942331299949672],[-112.31043999970615,19.935646099587984],[-112.31845100041323,19.928825400172229],[-112.32633999999092,19.92187880016661],[-112.33409899986884,19.914800599668069],[-112.34172099972426,19.907596600203078],[-112.34921299987997,19.900266600323505],[-112.35655999964416,19.892816499581954],[-112.36377000028517,19.885244400408908],[-112.37083399958931,19.87755779955296],[-112.37776199981636,19.869752900076435],[-112.38453700018232,19.861837400176],[-112.39115899978793,19.853809399584236],[-112.3976440002703,19.845676400445655],[-112.40396899966953,19.837438599711732],[-112.41013299973804,19.829095800430991],[-112.41615300036057,19.820653900357343],[-112.42200500043032,19.812112799666124],[-112.42770399973972,19.803478200059033],[-112.43323500029493,19.79475209982968],[-112.43860599976699,19.785934400052668],[-112.44381699995449,19.777030899556507],[-112.44885300016574,19.768043500407373],[-112.45372800014701,19.758972199907248],[-112.45842700010587,19.749824500200646],[-112.46295200013458,19.740600600037794],[-112.46730799956441,19.731302299861397],[-112.47149700028626,19.721935299574568],[-112.47551000008633,19.712497699809148],[-112.47934699986405,19.702997199661183],[-112.48300200024204,19.693435700297471],[-112.4864809996983,19.683816899730289],[-112.48978400003148,19.674140899582994],[-112.49289699969665,19.664411500390543],[-112.49584199970843,19.654632599814761],[-112.49859599990538,19.644807799640375],[-112.50116699975712,19.634939199784355],[-112.50355500016303,19.625028599790198],[-112.50576799969332,19.615081800284997],[-112.50779000030815,19.605096800277238],[-112.50962100020888,19.595083200029819],[-112.51126899976441,19.585041000441947],[-112.51273299982796,19.574972199807291],[-112.51400800016899,19.564878499643157],[-112.51509900011865,19.554771399580545],[-112.51599900025354,19.544643400172902],[-112.51671600004329,19.534503900234938],[-112.5172420000182,19.524352999591372],[-112.51757800022443,19.514194499676535],[-112.51772299971657,19.504032100301345],[-112.34120900039494,19.495834400337458],[-112.34105699968069,19.488576900203896],[-112.3407669997971,19.481323199706026],[-112.3403470002138,19.474075299835363],[-112.33978999970861,19.466835000135291],[-112.33910400044914,19.459608100333696],[-112.33827199985279,19.452386900435272],[-112.33731799992569,19.445184699614344],[-112.33622699997596,19.437999700126227],[-112.33500700037268,19.430831900172223],[-112.3336410003318,19.423686999655445],[-112.33216100042972,19.416564899650552],[-112.33054399960582,19.409467700074458],[-112.32878899961253,19.402399099838703],[-112.32691200028847,19.395360900285482],[-112.32489800004259,19.388355300257047],[-112.32276199956652,19.381380100011768],[-112.32048799992117,19.374444999637149],[-112.31810000041457,19.367544200304735],[-112.31557499998615,19.360687299579354],[-112.31292700018082,19.353872300066712],[-112.31014999982256,19.347101200060479],[-112.30725100013348,19.340377800095553],[-112.30423000021426,19.333702100171934],[-112.30108600001881,19.327077899925257],[-112.29782099963933,19.32050699979834],[-112.29443399992908,19.313989600339937],[-112.29092399994255,19.307527500194112],[-112.28729199972594,19.301128400255607],[-112.28355400001698,19.294786499897214],[-112.27969400007794,19.288507499921309],[-112.27571900023156,19.282293299696164],[-112.27162899957858,19.276143999945759],[-112.26742600000978,19.270067199941479],[-112.26310699958827,19.264057199780098],[-112.25869000004337,19.258119600439329],[-112.25415799969181,19.252256400212843],[-112.24951899980192,19.246465699732369],[-112.24476600005079,19.240757000335464],[-112.23992199970041,19.235122700052727],[-112.23496999976555,19.229572300221605],[-112.22990399996951,19.224102000307198],[-112.22475399989708,19.218715699769859],[-112.21950499975583,19.213417100219147],[-112.21414900007619,19.208204299588886],[-112.20871000016626,19.203081100212728],[-112.20317100014142,19.198049500384286],[-112.19754000037062,19.193107599836026],[-112.19181800000058,19.188259100177447],[-112.18601200025353,19.183505999702277],[-112.18011499990723,19.17884830020904],[-112.17413300013777,19.174289699710016],[-112.16806800013802,19.169830299828618],[-112.16192600018468,19.165470099665527],[-112.15570100000105,19.161211000387482],[-112.14939899986388,19.157056799831594],[-112.14302099981921,19.153007499796445],[-112.13657400018985,19.149061200014501],[-112.13005099975373,19.145223600388988],[-112.12345899973297,19.141492799753053],[-112.11679800012752,19.137870799997586],[-112.1100690000842,19.134359399766652],[-112.10327899992581,19.13095859995957],[-112.09642799965235,19.127672200212032],[-112.08952299958668,19.124496499813745],[-112.08255800035136,19.121435200374322],[-112.07553900042444,19.118490200362601],[-112.06845900038246,19.1156615996033],[-112.06134000034064,19.112947499627523],[-112.0541610002299,19.110351600246304],[-112.04694400016535,19.107873899660888],[-112.0396730003086,19.105516399762166],[-112.03236399959883,19.103279099650877],[-112.02501699983458,19.101163899594439],[-112.01763200011663,19.099164999864968],[-112.01021599986842,19.097291900001323],[-112.00275400019683,19.095541000017249],[-111.99527000041007,19.093912100263367],[-111.9877550000931,19.092407199932495],[-111.98021699961475,19.091024399656476],[-111.97264899955161,19.089767499970264],[-111.96505700018031,19.088634499882403],[-111.95745799958689,19.087627400384349],[-111.949829000308,19.086744300309363],[-111.94219199976089,19.085989000192342],[-111.93453199995173,19.085357700397708],[-111.9268799996122,19.084852199569468],[-111.91920500001066,19.084472700055187],[-111.91153000040907,19.084219000406677],[-111.90384700043865,19.084093099816869],[-111.8946299998745,18.917730299713696],[-111.8838960004,18.917907699980503],[-111.87316099998009,18.91826060024664],[-111.86242699960627,18.918792700323024],[-111.85171500024694,18.919498400131204],[-111.8410110003573,18.920379599938713],[-111.8303299997296,18.921438200013085],[-111.81966399979365,18.922674200354209],[-111.80902100001902,18.924081800334932],[-111.79840899987533,18.925668699950677],[-111.78782700021577,18.927425399662582],[-111.77728299961063,18.929357500448418],[-111.76676900038893,18.931463200066787],[-111.75630199973739,18.933742500316271],[-111.74587199989276,18.936191599762651],[-111.73549699988655,18.938814200015486],[-111.72516600011073,18.941604600272228],[-111.71488199980433,18.944568600260823],[-111.70465899961306,18.947696700442521],[-111.69449600039002,18.950992599728806],[-111.6844019998523,18.954458200185911],[-111.67436200000623,18.9580878999368],[-111.66439800006754,18.96188160005596],[-111.65449500024397,18.965841299736326],[-111.64466900037399,18.969961200149385],[-111.63492599983493,18.974241300395818],[-111.62525900010269,18.978683499843783],[-111.61567699979361,18.983282100388749],[-111.60617799971482,18.988038999600292],[-111.59677100028136,18.992950399641359],[-111.58745599969455,18.998016400336724],[-111.5782240002373,19.0032329997033],[-111.56909900031849,19.008602099807206],[-111.56007399961527,19.014122000030397],[-111.55114699983409,19.019786799921008],[-111.54233600000629,19.025600399838709],[-111.5336230002012,19.031557099880388],[-111.5250240002573,19.037654899953793],[-111.51654100026684,19.043893800058981],[-111.50817100009147,19.050271999753136],[-111.49991599982343,19.056785599575903],[-111.49179100015442,19.063434600426604],[-111.48378000034666,19.07021710023912],[-111.47589099986965,19.077129400101853],[-111.46814000036062,19.084171300365369],[-111.46051799960588,19.091340999687532],[-111.45302600034955,19.098630899696388],[-111.44567100021641,19.106044800027632],[-111.4384609995754,19.113582599957169],[-111.43137400010994,19.121234899770968],[-111.42444599988289,19.128999700276097],[-111.41764800025493,19.136880900033646],[-111.41100299958867,19.144870799947626],[-111.4045030002132,19.152971300285401],[-111.39815499975333,19.161172899709698],[-111.39196000005387,19.169483200189688],[-111.38590999984655,19.177890800120451],[-111.38002800019194,19.186395599677326],[-111.37429800035233,19.194997800308386],[-111.36872899984337,19.203693400030545],[-111.36331900037146,19.212478600107431],[-111.35807000023021,19.221351600096398],[-111.35298200031895,19.230310399905193],[-111.34806800033783,19.239351299722841],[-111.34332300005633,19.248470300264273],[-111.3387369999125,19.257665600187465],[-111.33433500016002,19.266937300216398],[-111.33009299969211,19.276279400074372],[-111.32602700014587,19.285688399600076],[-111.32213599967656,19.295164100043337],[-111.31842000008282,19.304702799794541],[-111.3148730001887,19.314298600200402],[-111.31151600006325,19.323953600278571],[-111.30832699959126,19.333662000301217],[-111.30532100036379,19.343421900000806],[-111.30250500000562,19.353229499741758],[-111.29985800024645,19.363080999888382],[-111.29740100025589,19.372974400348426],[-111.29512000028768,19.3829098000474],[-111.29303000013431,19.39287759962167],[-111.29111499995719,19.402879700238088],[-111.28939799991764,19.412910500019677],[-111.28785699990055,19.422967899948787],[-111.28650699969819,19.433052099674796],[-111.28534700016382,19.443155300276999],[-111.28437000007534,19.453275700413371],[-111.28357700037816,19.463411299991662],[-111.28297399955034,19.473558400100217],[-111.28256200033593,19.483713200204193],[-111.28233299966809,19.49387170011903],[-111.19404600042247,19.504438399612582],[-111.19421400007593,19.516052200448826],[-111.19458800023591,19.527662299675512],[-111.19518299979552,19.539260900170518],[-111.19599200023055,19.550849900402739],[-111.19702100001905,19.562425599661822],[-111.19825700036017,19.573980299751156],[-111.19970699977813,19.585514099596139],[-111.2013780003943,19.597022999911644],[-111.20325499971835,19.608499500351797],[-111.20534499987173,19.619945500284757],[-111.20764900000125,19.631357200074888],[-111.21015899973793,19.642726899726767],[-111.21288300035008,19.65405460013983],[-111.2158199999929,19.665334700336302],[-111.21897099961183,19.676565200223934],[-111.2223210003138,19.68774030007495],[-111.22588300000035,19.698862099806206],[-111.22964499991673,19.709922799597678],[-111.23361999976311,19.720918699638446],[-111.23779299974706,19.73184779983626],[-111.24217200023753,19.742706299656163],[-111.24675000001241,19.753492399554716],[-111.25152599992487,19.764200199979371],[-111.25649999997495,19.774829899680242],[-111.26168099967828,19.785371800368409],[-111.26704399968077,19.795829799705643],[-111.27261400023582,19.806198099762639],[-111.27836600019066,19.816472999829216],[-111.28431700032922,19.826652499813179],[-111.29045099991362,19.836729000443142],[-111.29677600021216,19.846706400280311],[-111.30327599958764,19.856580700039387],[-111.30996699967721,19.86634250000651],[-111.31683299974304,19.875991800181566],[-111.3238909996698,19.885528599665292],[-111.33111600010324,19.894948999896542],[-111.33850900019013,19.904245399805518],[-111.34608499972285,19.91342350019454],[-111.3538279997623,19.922472000182779],[-111.36174000040063,19.931392700213109],[-111.36981200032346,19.940183600193109],[-111.37805199989975,19.948839199869326],[-111.38645199965998,19.95735549995652],[-111.39501199960398,19.965734499647567],[-111.40371699993949,19.97397230038149],[-111.41258199955956,19.982063300281197],[-111.42159999993993,19.990007400421348],[-111.43076299981249,19.997804599902508],[-111.4400710000765,20.00544930044498],[-111.44951600036302,20.012937500065732],[-111.45909899981888,20.020271299580941],[-111.46882599962009,20.027444800337378],[-111.47867599969754,20.034456299918475],[-111.4886629997975,20.041307400016649],[-111.49877200012759,20.047990799935633],[-111.50901000011135,20.054510099661513],[-111.51936300000233,20.060857799747794],[-111.52983099980071,20.067033800369757],[-111.54042099982917,20.073036200360491],[-111.55111700024929,20.078863100351953],[-111.56191299988495,20.08451650043628],[-111.57282300028112,20.089990599986322],[-111.58383199984684,20.095281600265764],[-111.59494000038063,20.100391399743444],[-111.60613999976107,20.105318099950466],[-111.61743199978685,20.110061600162851],[-111.62879899967402,20.11461640012692],[-111.64026599967605,20.118984199561282],[-111.65180999963167,20.123163199821931],[-111.66342200002521,20.127149600373912],[-111.67511699974966,20.130947100128708],[-111.68687399963528,20.134550099907301],[-111.69870000000492,20.137960400152508],[-111.71058699959025,20.141174300153978],[-111.72253400014392,20.144191700087049],[-111.73453499959044,20.14701269977644],[-111.7465899997286,20.149635300029217],[-111.75868199977435,20.152061500038315],[-111.77082799961238,20.154285400251183],[-111.78300499998068,20.156312900220314],[-111.79522699972614,20.158136399775174],[-111.80748000000187,20.159757600433068],[-111.81976299986246,20.161178600312269],[-111.83206199956152,20.162399299588174],[-111.84439099974475,20.163414000156138],[-111.85673499972035,20.164230300388169],[-111.86908700006489,20.164840699938509],[-111.88145400020187,20.165247000149066],[-111.89382200038489,20.165450999664017]]]},"properties":{"objectid":17607,"radii":64,"stormid":"EP182026","basin":"ep","stormnum":18,"advnum":26,"synoptime":"2026100312","timezone":"UTC","ne":40,"se":35,"sw":25,"nw":35,"idp_source":"EP182026_radii","idp_filedate":1791040084000,"idp_ingestdate":1791040150000,"st_area(shape)":1.0782484635826395,"st_perimeter(shape)":4.1130053729035252,"binnumber":"EP3"}}]}