{"type":"FeatureCollection","features":[{"type":"Feature","id":9324,"geometry":{"type":"Polygon","coordinates":[[[-124.19519000021825,25.199091000449471],[-124.20482600031954,25.199091000449471],[-124.21443900025957,25.198938399887368],[-124.22405999966918,25.198631300294437],[-124.23367299960915,25.198175399775039],[-124.24327900012565,25.197565100049474],[-124.25286899990431,25.196802099937088],[-124.26244399989059,25.195888500254227],[-124.27200300003835,25.194822300009264],[-124.28152500027846,25.193605400369051],[-124.29103099978073,25.192237900259045],[-124.300514000021,25.19071769976216],[-124.30996699977715,25.189048799962279],[-124.31938199957955,25.187231100135307],[-124.32875099995857,25.185264600281243],[-124.33809700017633,25.183147400132555],[-124.34738200027897,25.180885300316504],[-124.35664400022034,25.178474399574043],[-124.3658369996777,25.175916699796005],[-124.37499200008062,25.173215899893989],[-124.38408700041464,25.170368200232417],[-124.39313500037986,25.167379399639742],[-124.40210700043764,25.164243700186773],[-124.41102599984993,25.160968800070236],[-124.41987599967757,25.157554600364676],[-124.42866500028941,25.153997400359856],[-124.43737800009455,25.150300999691524],[-124.44601399994605,25.146469099969124],[-124.45458999972863,25.142499899850634],[-124.46307399976519,25.13839529960353],[-124.47147400042468,25.134157200394611],[-124.47980499970089,25.129787399968677],[-124.48802900033803,25.125284200405645],[-124.49618499963793,25.120653199985327],[-124.5042419997684,25.115892400414111],[-124.51220700015284,25.111003899810271],[-124.5200809999381,25.105993300050898],[-124.52783999981602,25.10085679970166],[-124.53551500031693,25.095594399661934],[-124.54306799968833,25.090215700194562],[-124.55052900021309,25.084716800040439],[-124.55789199981587,25.079099700191136],[-124.56513200004167,25.073366200190151],[-124.57225800040629,25.067521999940482],[-124.57926899996431,25.061561600087941],[-124.58616599966109,25.055494299622353],[-124.59294100002705,25.049316399632289],[-124.59960899995531,25.043033600020749],[-124.606139999861,25.036645899888526],[-124.61255599985941,25.030155200402305],[-124.61884300020421,25.023561499763559],[-124.62499199958103,25.016872399941462],[-124.63102699999598,25.010086099593991],[-124.63691700001942,25.003204300238394],[-124.64267700034321,24.996231100085367],[-124.64829300032164,24.989166300384625],[-124.65378600002379,24.98201560013996],[-124.6591259998649,24.974775300439887],[-124.6643299997296,24.967454899923837],[-124.6694029998485,24.960054400390391],[-124.67431599978346,24.952570000405331],[-124.67910000006486,24.945011099682631],[-124.68373099958586,24.93737789967048],[-124.68821000019125,24.929672199912261],[-124.69252799966733,24.921895999600849],[-124.69670900002023,24.914053000345859],[-124.70073699961273,24.906145099716696],[-124.70461300028961,24.898174299604364],[-124.70832799983725,24.890142399552246],[-124.7118989999388,24.882055300012212],[-124.71530200038694,24.873910900168028],[-124.71855200007462,24.865714999747581],[-124.72164899990133,24.857467700374229],[-124.72457099975173,24.849172600235477],[-124.72734800011,24.840831800147612],[-124.72995799996164,24.832450900189031],[-124.73239900011367,24.824026099824778],[-124.73469499987425,24.815567000217015],[-124.73681599965857,24.807071700198946],[-124.73876999983554,24.79854579984891],[-124.74057000010532,24.789987600347615],[-124.74219500039885,24.781402600150045],[-124.74365999960918,24.772794699615815],[-124.74495700006543,24.764164000368453],[-124.74608599996884,24.755512200327928],[-124.7470470002188,24.746847200038417],[-124.74784900033103,24.738166799758119],[-124.74848199984433,24.729473100303494],[-124.74894699970417,24.720773700046379],[-124.74924499995672,24.712066699618617],[-124.74936700018679,24.703355799730502],[-124.20000500013055,24.700002699964784],[-123.6506349997054,24.703359600265458],[-123.65075699993548,24.712070500153629],[-123.6510619996115,24.720775600313857],[-123.65152000004787,24.729476899939129],[-123.65215299956117,24.738168700025653],[-123.6529539996273,24.746849100305894],[-123.65391499987726,24.755514099696086],[-123.65504499982677,24.764165899736611],[-123.65634200028302,24.772796599883293],[-123.65780600034657,24.781404500417523],[-123.65943099974078,24.789989499715773],[-123.66123200005666,24.79854579984891],[-123.66318500018753,24.807075499834582],[-123.66530599997185,24.815568899585173],[-123.66760299977852,24.824028000092255],[-123.67004399993056,24.832450900189031],[-123.67265299973604,24.840833700415089],[-123.67543000009431,24.849174499603635],[-123.67835199994477,24.857469599742387],[-123.68144999981757,24.865716900015059],[-123.68470000040458,24.873912800435505],[-123.6881029999534,24.882057200279689],[-123.69167300000885,24.890144299819724],[-123.69538899960259,24.898176199871841],[-123.69926500027947,24.90614699998423],[-123.70329299987196,24.914054899714017],[-123.70747400022486,24.921897899868327],[-123.71180700039264,24.929674100179739],[-123.71627000026024,24.937379799937958],[-123.72090099978124,24.94501500004236],[-123.72568500006258,24.952571899773488],[-123.73060600036655,24.960054400390391],[-123.73567200016259,24.967456800191314],[-123.74087499998114,24.974779100075523],[-123.74621599986841,24.982017500407437],[-123.75170899957055,24.989168199752783],[-123.75732400040221,24.996233000352845],[-123.76308399982662,25.003206300330646],[-123.76898999968864,25.010087999861469],[-123.77500900026507,25.016876199577098],[-123.78115799964189,25.023563400031037],[-123.78744499998669,25.030157099770463],[-123.79386099998504,25.036647800156004],[-123.80039199989079,25.043035500288227],[-123.80705999981905,25.049318299899767],[-123.81383500018501,25.055496199889831],[-123.82073199988179,25.061563500355419],[-123.82774400038522,25.067524000032734],[-123.83486899980443,25.073368099558309],[-123.84211000007633,25.079101599559294],[-123.84947199963301,25.084718700307917],[-123.85693400020386,25.09021759956272],[-123.86448699957526,25.095596299929468],[-123.87216200007617,25.10085679970166],[-123.87993599974652,25.105993300050898],[-123.88779399969326,25.111007700345226],[-123.8957600001238,25.115892400414111],[-123.90381600020817,25.120655100252804],[-123.91197200040739,25.125286099773803],[-123.92021199998374,25.129789400060929],[-123.92852800036684,25.134159099762769],[-123.93692800012701,25.138397199871008],[-123.945426999956,25.142501800118112],[-123.95399500026895,25.146469099969124],[-123.96262399979764,25.150300999691524],[-123.97133599955663,25.153997400359856],[-123.98012500016853,25.157554600364676],[-123.98897600004227,25.160968800070236],[-123.99789400030778,25.164243700186773],[-124.00688200020403,25.167379399639742],[-124.01591500037688,25.170368200232417],[-124.02500899976542,25.173215899893989],[-124.0341640001684,25.175916699796005],[-124.0433730003636,25.178474399574043],[-124.05261999961323,25.180885300316504],[-124.06190499971586,25.183147400132555],[-124.07125099993362,25.185264600281243],[-124.08062000031265,25.187231100135307],[-124.09003400006895,25.189048799962279],[-124.0994869998251,25.19071769976216],[-124.10897100011147,25.192237900259045],[-124.11847699961373,25.193605400369051],[-124.12801399964627,25.194822300009264],[-124.1375580000016,25.195888500254227],[-124.14713299998789,25.196802099937088],[-124.15672299976654,25.197565100049474],[-124.16632800023694,25.198175399775039],[-124.17594100017692,25.198631300294437],[-124.18556199958653,25.198938399887368],[-124.19519000021825,25.199091000449471]]]},"properties":{"objectid":9324,"radii":50,"stormid":"ep132026","basin":"ep","stormnum":13,"advnum":"18","validtime":"2026090712","synoptime":"2026090512","timezone":"UTC","tau":48,"ne":30,"se":0,"sw":0,"nw":30,"idp_source":"ep132026_2026090515_forecastradii","idp_filedate":1788624162000,"idp_ingestdate":1788624176000,"st_area(shape)":0.42920768023725653,"st_perimeter(shape)":2.7406370040220485,"binnumber":"EP3"}},{"type":"Feature","id":9315,"geometry":{"type":"Polygon","coordinates":[[[-120.3929289997734,22.548633599760933],[-120.40629600016018,22.465452200159064],[-120.41886100043473,22.465248099920018],[-120.43142699985606,22.464841799709404],[-120.44397000001538,22.464229599716418],[-120.45650499980582,22.463415099927033],[-120.46903200012662,22.462398499990911],[-120.4815370003322,22.461179700083221],[-120.49400299963861,22.45975689976126],[-120.50644699972918,22.458131799642956],[-120.51885199981984,22.456306499645393],[-120.53122700032571,22.454282800211217],[-120.54356399997852,22.452054999638676],[-120.55586199963147,22.449628799629522],[-120.56810000011484,22.447004300008587],[-120.58028399990656,22.444179499784241],[-120.59241499995221,22.441160199583692],[-120.60449200020554,22.437946299582222],[-120.61650100002106,22.434534099968857],[-120.62844799967536,22.430929199922787],[-120.64032000036764,22.42713170016799],[-120.65212199963048,22.423141499980375],[-120.6638489999313,22.418960600351568],[-120.67548399958685,22.414590799925634],[-120.68704200018806,22.410032300150647],[-120.69850199986729,22.405286799846067],[-120.70987700012336,22.400358200270887],[-120.72116099978024,22.395244600258252],[-120.73233799989868,22.389949800343175],[-120.74341599994835,22.384475699893756],[-120.75438699956027,22.378820400441271],[-120.76525900000274,22.372989699914854],[-120.77600900021508,22.366985299831867],[-120.78663600015119,22.360803600206111],[-120.79715699969569,22.354453999852353],[-120.80754100011694,22.347934700126473],[-120.81780999973159,22.341245700129093],[-120.82794999969263,22.33439250011395],[-120.83795899990781,22.327377299822672],[-120.84782399977769,22.320201899698077],[-120.85756700031669,22.312864299647856],[-120.86714899972645,22.305372199667431],[-120.87660200038192,22.297723800213362],[-120.88590999974662,22.289926500008107],[-120.89505799982675,22.281978600232378],[-120.90405300004585,22.273883799797659],[-120.91290299987344,22.26564220032742],[-120.92159300041652,22.257261300368839],[-120.93011500040683,22.248739199654494],[-120.93847700021331,22.240079900167416],[-120.94667100036628,22.231290799730743],[-120.95470400028927,22.222364399797357],[-120.96256999970564,22.213312100173425],[-120.97024500020649,22.204133999784403],[-120.9777599996242,22.194831800147597],[-120.98509999996492,22.185409499648813],[-120.99225599991439,22.175869000354226],[-120.99922200009513,22.166217799911692],[-121.00601200025352,22.156450300041456],[-121.01261900006671,22.146575899558286],[-121.01902799974232,22.136598600445211],[-121.02526100029485,22.126516300087303],[-121.03128100001805,22.11633489983592],[-121.03713200004165,22.106056200133651],[-121.04277000013531,22.095685999809177],[-121.04821799956096,22.085226100204522],[-121.05346699970221,22.074678399788468],[-121.05851699965973,22.064048799912314],[-121.0633700004251,22.053339000294784],[-121.06800099994609,22.042551000128697],[-121.07244099965231,22.031688699773838],[-121.07667499975133,22.020759599576024],[-121.0807040002893,22.009761800167098],[-121.08453399974422,21.998697299840671],[-121.08813500032988,21.987577400376892],[-121.09152200004019,21.976396599723444],[-121.09471899998175,21.965166099835756],[-121.09768700015485,21.953884100271125],[-121.10045600014422,21.94255639985812],[-121.10299700041116,21.931182899671228],[-121.10533899959506,21.919773100148575],[-121.10745199990976,21.908327100215615],[-121.10935200029451,21.896846800139883],[-121.11103100038025,21.885337799999604],[-121.11251100028232,21.873804099979395],[-121.11374699972419,21.862247499622526],[-121.11479200025053,21.850673699731601],[-121.11560800010903,21.839082700306506],[-121.11619600024511,21.827482200443342],[-121.11657699982857,21.81587410040953],[-121.11674500038134,21.804260299573286],[-120.40000899981538,21.800001099571205],[-120.39299800025742,21.05136870010557],[-120.37901300014977,21.051595699781842],[-120.36501300024969,21.052049600209045],[-120.35103599961161,21.052730600137238],[-120.33705899987285,21.053636599649508],[-120.32311199971895,21.054769499912652],[-120.30919600009526,21.056127499584591],[-120.29530299973356,21.057712599656895],[-120.28143300043251,21.059522600387822],[-120.26760100018589,21.061553999817363],[-120.25381500026197,21.063814200265256],[-120.24005899992284,21.066293700394112],[-120.22635700027524,21.068998299931764],[-120.21270800037382,21.071920399606881],[-120.19911999968815,21.075065600397295],[-120.18559300001687,21.078432100061491],[-120.17212699956127,21.082016000038493],[-120.15872200012012,21.085817300328301],[-120.14540900042493,21.089834199588779],[-120.1321559998994,21.094068500061383],[-120.11898799969634,21.098516500136498],[-120.10590399976968,21.103176099897212],[-120.0929110004422,21.108047499892336],[-120.08000199959253,21.11312870002962],[-120.06720000007982,21.11841770021681],[-120.05449699973667,21.123914700103455],[-120.04188499999265,21.129615800229146],[-120.02938800015596,21.135520899869789],[-120.01699799985772,21.141626399938559],[-120.00472999978956,21.147932099886646],[-119.99258399995153,21.15443610034589],[-119.98055300002085,21.161138500241748],[-119.96865099974377,21.168029800035356],[-119.95687900006573,21.175115599805224],[-119.94524400041018,21.182392099915603],[-119.93373899955509,21.189853700288154],[-119.92237099962182,21.197502099742223],[-119.91115600044895,21.205333700090307],[-119.9000930001917,21.213344600073356],[-119.88916800000311,21.221534699866652],[-119.87840299999834,21.229902299751473],[-119.86778300038509,21.238439599907736],[-119.85733799984871,21.247148499703655],[-119.84704600007274,21.256025300227577],[-119.83692900027307,21.265069999680861],[-119.82698100017291,21.274274800042122],[-119.81719999968016,21.283639900061473],[-119.80760200043187,21.293161400278564],[-119.79817199993778,21.302837400425801],[-119.7889399995812,21.312665900411105],[-119.77988400014641,21.322643300248274],[-119.77100399983465,21.332763700384589],[-119.76232899998325,21.343029000188324],[-119.75383000015427,21.353429799945445],[-119.74553699993248,21.363967900098658],[-119.73745000021722,21.374637599845471],[-119.72955300027064,21.385440800352796],[-119.72185499960847,21.396366100015655],[-119.71436300035208,21.407417300268321],[-119.70708500017253,21.418586700216167],[-119.70001199955402,21.429874399683911],[-119.69315299981099,21.441272699575563],[-119.68651600041301,21.452781699715786],[-119.68007700025328,21.46439549965271],[-119.67386599981597,21.47611239966767],[-119.66787000030018,21.487928399576106],[-119.6621019996075,21.499841699834747],[-119.65654000032066,21.511840799913102],[-119.65123000006434,21.523935300074186],[-119.64613299973803,21.536109900151928],[-119.64125799975682,21.548364600146328],[-119.63662700023576,21.560699499882162],[-119.63220999979154,21.573104900171131],[-119.62802900033802,21.585580800113974],[-119.62409999991496,21.598121599632236],[-119.62039900011365,21.610725400257138],[-119.61692800012702,21.62338829983031],[-119.61368599990885,21.636102699979745],[-119.61069499957449,21.648870500073656],[-119.60794799970034,21.661684000116679],[-119.60543799996361,21.674539600122614],[-119.60315699999546,21.687433200082239],[-119.60113500027995,21.700363200101719],[-119.59934200033297,21.713323599904356],[-119.59780100031583,21.726310699679175],[-119.59650399985964,21.739320799615371],[-119.59545099986366,21.752349900427703],[-119.59464999979758,21.765394199782634],[-119.5940700000304,21.778449999667885],[-119.59375800003158,21.791513399723783],[-119.59368900044694,21.804578799871877],[-119.5938570001004,21.817642199927718],[-119.5942759996376,21.830703699716082],[-119.59493300025764,21.843757600233232],[-119.59584800018496,21.856794400141609],[-119.5969919998808,21.869817700326735],[-119.59840400024433,21.882818200000088],[-119.60004400033029,21.895793899968623],[-119.60192900002323,21.908742899964977],[-119.60405700013035,21.921657599818502],[-119.60643800021347,21.934536000336266],[-119.60905500038785,21.947376300176245],[-119.61191600012319,21.960170700417621],[-119.6150129999499,21.972915600174929],[-119.61834699991402,21.985611000347546],[-119.62192500033842,21.998249100215958],[-119.62574000000092,22.010826100144527],[-119.62979099975473,22.023340199690608],[-119.63408700001497,22.035785699850294],[-119.63860299962863,22.048162499899604],[-119.64335600027908,22.060460999575639],[-119.64834600016769,22.072683299694688],[-119.65356399977867,22.084821700261386],[-119.65901200010364,22.096874200284276],[-119.66467999978209,22.108837099952325],[-119.67058599964406,22.120704700261854],[-119.67672000012783,22.13247490039646],[-119.68306000021875,22.144144100370056],[-119.68962900007818,22.155708299998196],[-119.69640400044415,22.167165799562156],[-119.70340000020974,22.178510700408651],[-119.71060899990533,22.189741099572245],[-119.71803999994597,22.200853299939979],[-119.72567699959376,22.211843500077634],[-119.73352099979422,22.222705800432493],[-119.74156200008616,22.233442300022261],[-119.7498170003542,22.244045299750951],[-119.75825500006812,22.254514699793674],[-119.76690699975813,22.264842999804728],[-119.77574199979335,22.275030099959281],[-119.7847749999662,22.285076100082108],[-119.79399099958488,22.294971499735084],[-119.8034060002866,22.304712299633081],[-119.81299600006525,22.314304400228025],[-119.82277699965869,22.323738099633715],[-119.83271800033538,22.333011600105408],[-119.84284199955852,22.342121100208772],[-119.85314199970344,22.351068500211284],[-119.86360900035498,22.359846100117579],[-119.87423700033719,22.368452100384275],[-119.88502499960396,22.376886400287276],[-119.89598100032282,22.385141399655993],[-119.9070889999573,22.393220899924756],[-119.91834300002932,22.401117300023543],[-119.92976399970871,22.408830599952353],[-119.94130699961823,22.416357000075607],[-119.95300300028816,22.423694600125827],[-119.96484399955085,22.430843400102958],[-119.97680699994299,22.437797499555074],[-119.98889899998875,22.444557199755081],[-120.00112199978037,22.451122300154168],[-120.01347400012492,22.457485199682367],[-120.02594799980028,22.463647800405795],[-120.0385279998672,22.469608300083109],[-120.05121600041798,22.475362800153221],[-120.06401799993068,22.480911299716865],[-120.07692699988104,22.486251799581055],[-120.08992799957741,22.4913845002946],[-120.1030349996654,22.496301700063555],[-120.11622600002977,22.501007099598098],[-120.12950900014016,22.505498900254167],[-120.14286800015799,22.509773299698168],[-120.15631899992184,22.513832100171442],[-120.1698299997546,22.517671600064432],[-120.1834259999099,22.521291699552421],[-120.19708300018021,22.524690599991345],[-120.21079999962018,22.52786640021435],[-120.22457900012068,22.530822800032354],[-120.23841899983688,22.533554100441506],[-120.25229600036005,22.536060299643282],[-120.26623500014506,22.538341500160243],[-120.28020499956097,22.540395700101612],[-120.2942119997839,22.542223000191427],[-120.30824999963767,22.54382510014841],[-120.32231900002176,22.545194600350669],[-120.33640300019823,22.546342799880449],[-120.3505169999595,22.547258399655561],[-120.36465499992823,22.54794499966215],[-120.37879199985082,22.548404699817183],[-120.3929289997734,22.548633599760933]]]},"properties":{"objectid":9315,"radii":64,"stormid":"ep132026","basin":"ep","stormnum":13,"advnum":"18","validtime":"2026090515","synoptime":"2026090512","timezone":"UTC","tau":0,"ne":45,"se":45,"sw":0,"nw":40,"idp_source":"ep132026_2026090515_forecastradii","idp_filedate":1788624162000,"idp_ingestdate":1788624176000,"st_area(shape)":1.3189749619210946,"st_perimeter(shape)":5.054910776185733,"binnumber":"EP3"}},{"type":"Feature","id":9313,"geometry":{"type":"Polygon","coordinates":[[[-120.37286399987363,24.628166200310034],[-120.42878700041962,24.794527100145672],[-120.4863429998295,24.793592500393743],[-120.54383900006968,24.791730900161042],[-120.6013110001025,24.788932799908935],[-120.65870700022776,24.785205799807954],[-120.71601099970781,24.780549999682876],[-120.77322400038719,24.774965299708981],[-120.83030699956828,24.768455500421169],[-120.88725999994892,24.761018799578096],[-120.94404599982295,24.752662700223595],[-121.00065599967456,24.743387199659651],[-121.0570759997575,24.733196299869462],[-121.11327400039471,24.722095500207331],[-121.16924999978755,24.710081099962963],[-121.2249600004036,24.697164499841961],[-121.28041800019048,24.683347699936519],[-121.33557899977092,24.668632499790192],[-121.39044199999819,24.653028499665652],[-121.44497700038818,24.636535599738295],[-121.49917599967256,24.619163500095567],[-121.55301700043412,24.600915899649181],[-121.60649099955987,24.581798599925605],[-121.65956099984015,24.561819100371338],[-121.71224200016809,24.540983199814946],[-121.76447300042855,24.519294699690761],[-121.81627699988354,24.496765099629783],[-121.86762199975539,24.473400100434446],[-121.91848800002111,24.449207299577381],[-121.96886400017337,24.424196200194615],[-122.01873799965887,24.398368799680497],[-122.06809200034547,24.371742200442327],[-122.11689800004257,24.344316499606919],[-122.16514600008776,24.316108699756853],[-122.21283699962771,24.287122700352484],[-122.25994099997706,24.257364300222434],[-122.30644999986748,24.226854299786226],[-122.35234100003703,24.195592899592782],[-122.3976060001167,24.163593299891033],[-122.44223799978374,24.13086700031198],[-122.48620600030659,24.097421600126893],[-122.5295099998865,24.063268699690866],[-122.57213599967656,24.028423299695646],[-122.61405900032253,23.992893199961372],[-122.65527299974906,23.956689800294214],[-122.69577000028517,23.919820799790216],[-122.73554199976337,23.882305100400231],[-122.77455100002851,23.84415250023784],[-122.81282799981227,23.805372200266959],[-122.85032699969116,23.765977899860331],[-122.88704699961926,23.725986499977125],[-122.92297399985011,23.685403800345227],[-122.95810700033769,23.644245100231331],[-122.99242400006744,23.602527600068811],[-123.0259169995698,23.560258900028373],[-123.05859400011292,23.517454099727047],[-123.09042400026732,23.474128699879714],[-123.12140700003295,23.430293999568562],[-123.15152699957127,23.385965299858867],[-123.18078599987388,23.341155999749731],[-123.20915999983401,23.295881299582447],[-123.23665599977448,23.250152600062563],[-123.26326800031785,23.203987099824928],[-123.28897899978091,23.157394400031706],[-123.3137819996395,23.11039730029529],[-123.33769199968594,23.063005399979374],[-123.36066399964375,23.015234000149121],[-123.38271300020472,22.967098200421731],[-123.40383100010047,22.918613399888613],[-123.42401900027653,22.869791000154692],[-123.44326800031786,22.820653899757815],[-123.46157800022445,22.771211600035429],[-123.47891999955823,22.72148129962244],[-123.49531600023312,22.671476400215852],[-123.51074999971263,22.621213899901704],[-123.5252300001643,22.570711099837524],[-123.53874200004316,22.519979499654312],[-123.55128500020248,22.469038000403543],[-123.56285100027333,22.41790389964541],[-123.57344100030184,22.366588599884096],[-123.58305400024182,22.315109299754511],[-123.59170499988574,22.263485000132789],[-123.5993649996949,22.211727099925838],[-123.606049000361,22.159853000116016],[-123.61174000020077,22.107877699596315],[-123.61645499999815,22.055818600248358],[-123.62018600028358,22.003688799798397],[-123.62294799995016,21.951511400031222],[-123.62471000026619,21.899293900393332],[-123.62549599964058,21.847057300054473],[-123.62529800040232,21.794816999904754],[-122.90790600016169,21.760744099560668],[-122.90643299968309,21.720129000053475],[-122.90418999966863,21.679542499886622],[-122.90119900023359,21.638997999857963],[-122.89744599983294,21.598508800041202],[-122.8929369996427,21.558084499799975],[-122.88767199966298,21.517742199742884],[-122.88165299998587,21.477489500040519],[-122.87488599998881,21.437339799692154],[-122.86737799999463,21.397306399670754],[-122.85912299972654,21.357399000063936],[-122.85012100008402,21.317632699589581],[-122.84038499986775,21.278018999677215],[-122.82991800011553,21.238567399865758],[-122.81871799983571,21.199293099597014],[-122.80677799960489,21.16020579985792],[-122.79412799990718,21.121316899555438],[-122.78075400009692,21.082637800294378],[-122.76668499971288,21.04417990008244],[-122.75189200011562,21.005958599809674],[-122.73638900015214,20.96798129999712],[-122.72020000002988,20.930261600192807],[-122.70330000039462,20.892806999843287],[-122.68573000043909,20.855634700281314],[-122.66747300027862,20.818750399611417],[-122.64853700028226,20.782169299973361],[-122.62893700024227,20.745899200288022],[-122.60865800036635,20.709949500269374],[-122.58773000023922,20.67433550008343],[-122.56616200027599,20.639064799900723],[-122.54393799973883,20.604150799619845],[-122.5210880000111,20.569601100310649],[-122.49758900003224,20.535425199713359],[-122.47347999980207,20.501634600156819],[-122.44875299985097,20.468240699648732],[-122.42342400001752,20.43525310025052],[-122.39749899967899,20.402677500066716],[-122.37097200035743,20.370529200162593],[-122.34387199979284,20.338815699984707],[-122.31619300040654,20.307542800160263],[-122.28794099977722,20.276725799955841],[-122.25914800027988,20.246368400081735],[-122.22978999990846,20.216484100261141],[-122.19989800009256,20.187078499673135],[-122.16947900025559,20.158161200379254],[-122.13854199991329,20.129741700119496],[-122.10707899959607,20.101827599963883],[-122.07512700011085,20.074424699640304],[-122.04267099986663,20.047544499679077],[-122.00973499997019,20.021198300061656],[-121.97633400021385,19.995382300253084],[-121.94247399997505,19.970115699879784],[-121.90814199955355,19.945402099827163],[-121.87337499975632,19.921245600104498],[-121.83818800037585,19.897657399969148],[-121.80255900039748,19.874641399780899],[-121.76654099956738,19.852205300434434],[-121.7301100003761,19.830358499845033],[-121.6932749996414,19.809102999903644],[-121.65608200038389,19.788448300149071],[-121.61851500006713,19.768398300041667],[-121.58059699975166,19.748962400194728],[-121.54232800033685,19.73014070043314],[-121.50373100018544,19.711942700295538],[-121.46480600019663,19.694372200316934],[-121.42555999979407,19.677434900400499],[-121.38603199987682,19.661136600274006],[-121.34620699975312,19.645482999840738],[-121.30611399986111,19.630472199732367],[-121.26574699992403,19.61611559975529],[-121.22512099973426,19.602418899812506],[-121.18426499972986,19.58937840009321],[-121.14318800032584,19.576999699776479],[-121.10188300030012,19.565292400024362],[-121.06037900009068,19.554254499845456],[-121.01867699974366,19.543890000323415],[-120.97679099990461,19.534204499737996],[-120.93474599992788,19.525197999887951],[-120.89254800009002,19.516874300408801],[-120.85018900002223,19.509237299861638],[-120.80771600009325,19.502283099685428],[-120.76512099993408,19.496023200410491],[-120.72240400044416,19.49045179961098],[-120.67961100014742,19.485574699712743],[-120.63672600010472,19.4813900004483],[-120.59378099999304,19.477901499654649],[-120.550781000043,19.475110999573133],[-120.50773599981642,19.473014800392889],[-120.46465299963614,19.471620600310587],[-120.42155499966339,19.47092060040552],[-120.37541999993294,19.138195000199232],[-120.32627099970676,19.138992299555127],[-120.27714499964191,19.140584899973305],[-120.22805000010732,19.142974899572096],[-120.17900099999605,19.146158200140974],[-120.13002799979228,19.150136899798213],[-120.08112300002631,19.154909100075031],[-120.03231000000642,19.160471000436473],[-119.98359700010138,19.16682429970183],[-119.93502000017276,19.173967399775847],[-119.8865659996211,19.181894300381771],[-119.83826399978369,19.190605200269943],[-119.79012300017621,19.2000998997907],[-119.74217999980704,19.210369099954164],[-119.69441200031349,19.22142030020683],[-119.6468430001043,19.233240099750958],[-119.599495000194,19.245824799674892],[-119.55236799968333,19.259182000149337],[-119.50550100037077,19.273296400108904],[-119.45889300041154,19.288169899821185],[-119.41255200017457,19.303794900014736],[-119.3665009998212,19.320171399790411],[-119.32075500004311,19.337287900416413],[-119.27532200030998,19.355146400186356],[-119.23021700041414,19.37373540036856],[-119.18543199998669,19.393053099621],[-119.14102900008817,19.413093600189654],[-119.09696999986551,19.433853099740872],[-119.05329900044842,19.455320399916673],[-119.01002499955399,19.477495200343355],[-118.96714000041061,19.500364299872672],[-118.92468999974358,19.523925800035784],[-118.88265200008965,19.548171999938006],[-118.84105700018034,19.573095300308012],[-118.79992700013088,19.59868810007589],[-118.75926199994126,19.624946599606005],[-118.71906999998043,19.6518573998992],[-118.6793749995565,19.679412800060788],[-118.64018199979938,19.707611100372105],[-118.60150899974047,19.736440699578736],[-118.56335400018685,19.7658881995809],[-118.52573400012392,19.795951799935779],[-118.48866300019722,19.826620099937827],[-118.45216399966876,19.857883500223522],[-118.41622199964547,19.889736200165657],[-118.38085199991974,19.922164899690529],[-118.34608500012257,19.95516010015865],[-118.31192000020775,19.988714199600793],[-118.27837400005996,20.022817599552695],[-118.24545299995589,20.057456999940712],[-118.21315799994164,20.092628500405112],[-118.18150299976355,20.128313100069647],[-118.15051299967507,20.164508799741441],[-118.1201709997917,20.201198600435191],[-118.09051500006711,20.238376599900278],[-118.06153900022457,20.276025800050775],[-118.03323399984913,20.314140300434644],[-118.00565299958618,20.352708800171115],[-117.97877500026595,20.391715999993551],[-117.95259900004373,20.431154299731304],[-117.927146999934,20.471008300292965],[-117.90243499977532,20.511270500433398],[-117.87846399961381,20.551925699811363],[-117.85523999972611,20.592964200137885],[-117.83278700031974,20.634370800172405],[-117.81108100028786,20.676136000376232],[-117.7901380003683,20.718246499776285],[-117.76997400039971,20.760688800447895],[-117.75060300012825,20.803451499886933],[-117.7320099997616,20.84652329991053],[-117.71422599982992,20.889886900260365],[-117.69723499959548,20.933534600041924],[-117.68106100016496,20.977449400269734],[-117.66568799990119,21.021617900146111],[-117.65113799981873,21.066030500307477],[-117.63741300000987,21.110670100145171],[-117.62451899985189,21.155527100295558],[-117.6124419995985,21.200584400150092],[-117.60122700042564,21.245830500077659],[-117.59082800021196,21.291254000272033],[-117.58129899964899,21.336835899857022],[-117.57259400021286,21.382568399911861],[-117.56475100005849,21.4284306001922],[-117.55777000008533,21.474416700070776],[-117.55165100029336,21.520507800294865],[-117.54637899999074,21.566690400241896],[-117.54198499970789,21.612953199930359],[-117.53844500013656,21.659276999733891],[-117.53578199963948,21.705652200288966],[-117.53397399990007,21.752063800004521],[-117.3538820001541,21.796762499689748],[-117.35375199955502,21.846103700325671],[-117.35456099999004,21.895439100334329],[-117.35629299982202,21.944755600190945],[-117.35896299974257,21.994035699987705],[-117.36254100016691,22.043264399932241],[-117.36705799982673,22.092428200301356],[-117.37249799978275,22.141511899854436],[-117.37887599982741,22.190500300048939],[-117.38616899979939,22.239377999994872],[-117.39439399958331,22.288129800250204],[-117.40353400019387,22.336740499574546],[-117.41360499967089,22.385196699867947],[-117.42459900034351,22.433483100065132],[-117.43649300025169,22.481582599557441],[-117.44930999955676,22.529481900069754],[-117.46303600031109,22.577167500080179],[-117.47766899972447,22.624624299971629],[-117.49321699996449,22.671834899661008],[-117.5096509996938,22.718788099891015],[-117.5269929999269,22.76546670022816],[-117.54521899955711,22.811859100317349],[-117.56433099957587,22.857948300273961],[-117.58432799993716,22.903722799567674],[-117.60521700006439,22.949165299738922],[-117.62695299968112,22.994262700363493],[-117.64957399964027,23.038999599651959],[-117.67304199998824,23.08336449977196],[-117.69735699982562,23.12734409975053],[-117.72253399984413,23.170921299878216],[-117.74854299955967,23.214086499892176],[-117.77538299982547,23.256820699815592],[-117.80304700031871,23.299116099828268],[-117.83152799981724,23.340957600313118],[-117.8608169997047,23.382329900204866],[-117.8908919998658,23.423221599697229],[-117.92178299988547,23.463619199966274],[-117.95344500038635,23.503513300398652],[-117.98587799956994,23.54288480029345],[-118.01907299971907,23.581727999747557],[-118.05301700023426,23.620025600301346],[-118.08771500044679,23.657770199635138],[-118.12313799991864,23.694944400363909],[-118.15929399991808,23.731540700343203],[-118.19615199991478,23.767543800306271],[-118.23371900023159,23.802944199815101],[-118.27196500038434,23.837734199773649],[-118.3108830000503,23.871896699573142],[-118.35048699987505,23.905424099942422],[-118.39073199958204,23.938304900351],[-118.43161800007056,23.970527600268667],[-118.47312899970348,24.002084700248872],[-118.51527399979517,24.032964699761237],[-118.55799899965399,24.063154199806604],[-118.60133399976417,24.092649499674792],[-118.645232999803,24.121438999910083],[-118.68969699981659,24.149511299806761],[-118.73471100001257,24.176858899918443],[-118.78025799960687,24.203472100157455],[-118.82633200012162,24.229345300445402],[-118.87290200012711,24.254465099984543],[-118.91997499994619,24.278829600305926],[-118.96751399967127,24.302429200247559],[-119.01551800015551,24.325250599735512],[-119.06396500038437,24.347291900301116],[-119.11284599994286,24.368545499974971],[-119.16214800003007,24.38900380038524],[-119.21183800002359,24.40865899991303],[-119.26191699996946,24.427507399646913],[-119.31237000007536,24.445541400315506],[-119.36317400017987,24.462753300124859],[-119.41429899979892,24.47914119970676],[-119.4657589995781,24.494697599614653],[-119.51750900014014,24.509420399931628],[-119.5695499997326,24.523298299776854],[-119.62185699990056,24.536331200224879],[-119.6744230003211,24.54851529984137],[-119.727218999657,24.559845000346627],[-119.78023500014507,24.570318200025042],[-119.83345800028638,24.579931299789791],[-119.88685600040401,24.588680300355691],[-119.94042999964466,24.596561400288522],[-119.99414800013,24.603572800044844],[-120.04799700036119,24.609716399892079],[-120.10195200008462,24.614982599567441],[-120.15602099966929,24.619373300237783],[-120.21015899973793,24.62288859992907],[-120.26435099959883,24.625526399623766],[-120.31859600010523,24.627284999603205],[-120.37286399987363,24.628166200310034]]]},"properties":{"objectid":9313,"radii":34,"stormid":"ep132026","basin":"ep","stormnum":13,"advnum":"18","validtime":"2026090515","synoptime":"2026090512","timezone":"UTC","tau":0,"ne":170,"se":160,"sw":140,"nw":180,"idp_source":"ep132026_2026090515_forecastradii","idp_filedate":1788624162000,"idp_ingestdate":1788624176000,"st_area(shape)":24.979720476868419,"st_perimeter(shape)":18.887890861594666,"binnumber":"EP3"}},{"type":"Feature","id":9314,"geometry":{"type":"Polygon","coordinates":[[[-120.38578799961641,23.297266000125944],[-120.41424599985294,23.297266000125944],[-120.44267999988199,23.29680629997091],[-120.47112300032609,23.295883199849925],[-120.49952699987108,23.294500399573906],[-120.52790800015401,23.292657900042173],[-120.5562440001604,23.290353800087928],[-120.5845339998441,23.287593799614285],[-120.61275499994321,23.284372300341545],[-120.64092300029614,23.280698800009759],[-120.66900600032653,23.276565600422259],[-120.69701399959632,23.271980299950997],[-120.72492199965046,23.266943000219442],[-120.75273099963584,23.261449799968432],[-120.78042599975998,23.2555121997284],[-120.80800599997684,23.249122600227963],[-120.83546399996351,23.242288599839128],[-120.8627700001353,23.235010099636554],[-120.88993800023843,23.227289200436417],[-120.91694600015768,23.21913339988663],[-120.94378699957031,23.210538900150254],[-120.97046699965222,23.201509499963606],[-120.99697099971178,23.192050900129061],[-121.02329300037155,23.18216319957213],[-121.04939299978702,23.171850199727089],[-121.0753099997566,23.161117599597674],[-121.10102100011898,23.149967199626701],[-121.12649500034388,23.138399099638889],[-121.15175599973952,23.126422899897079],[-121.17676500010458,23.114036600309021],[-121.20154599984789,23.101247800145984],[-121.22606700019179,23.088062300035233],[-121.25032800023695,23.074480099976768],[-121.27433000002941,23.060506800048927],[-121.2980579997768,23.04614450016868],[-121.32149499959445,23.031400699782637],[-121.34464999989746,23.016281099693117],[-121.36751600036303,23.000787699992486],[-121.39007600020716,22.984926199684537],[-121.41231499963743,22.968704199839067],[-121.43425000033716,22.952121699556926],[-121.4558639997237,22.935186399732686],[-121.47714199980334,22.917905799812957],[-121.49808499972289,22.900281899889933],[-121.51868399996653,22.882320399866728],[-121.53893300025766,22.864028899913933],[-121.55882999960471,22.845411300391333],[-121.57836900042895,22.826475099846107],[-121.59753400019389,22.807226199629554],[-121.61633300016774,22.787668199727761],[-121.63475799998162,22.767808899960926],[-121.65278600037351,22.747654000232046],[-121.67044099975226,22.72721099998779],[-121.68767500040087,22.706485699855307],[-121.70453600003628,22.685483899562428],[-121.72098499955797,22.664211299911699],[-121.73702199986531,22.64267540034956],[-121.75263200026649,22.620883899972171],[-121.76783800002357,22.598842600305886],[-121.78261599982841,22.576559099722829],[-121.79697400004994,22.55403900009992],[-121.81089800004258,22.531290100357978],[-121.82437900029055,22.508319899943558],[-121.83740999957172,22.485132200290934],[-121.85000600037654,22.461738599956561],[-121.86215999968414,22.438146600185576],[-121.87385600035407,22.414358100346192],[-121.88510100001105,22.390386600161605],[-121.89588900017714,22.366233800249802],[-121.90621899990686,22.341911300066613],[-121.9160770003532,22.317424800414358],[-121.92546099962533,22.292783700107805],[-121.93439499972936,22.267993899598935],[-121.9428559996046,22.243061099690124],[-121.950829000358,22.217998499731095],[-121.95832799993718,22.192808199638819],[-121.96535500023299,22.16750339966228],[-121.97189299956221,22.142086000069014],[-121.97795899960806,22.116565700047147],[-121.98355100027834,22.090951900210143],[-121.98863199986681,22.06525040028589],[-121.99324799959544,22.039472600080558],[-121.99736000036364,22.013624200396691],[-122.00099199968093,21.987711000062745],[-122.00413499983028,21.961744299959605],[-122.00678299963562,21.93573189990741],[-122.00894200027301,21.909677499716963],[-122.01062000031266,21.883596399554335],[-122.01179499963945,21.857486700051311],[-122.01248199984434,21.831365599842684],[-122.01268800035086,21.805236799638749],[-121.29582999955477,21.790323299880527],[-121.29547100008648,21.775810199880937],[-121.29483000020423,21.761306799968963],[-121.29393000006934,21.746812799771021],[-121.29274000005086,21.732336000006512],[-121.29129800010253,21.71788220040338],[-121.28957399974018,21.703453099780859],[-121.28758199960953,21.68905260029743],[-121.28530900001027,21.674688300324931],[-121.2827839995818,21.660362199955728],[-121.27998399996153,21.646079999992139],[-121.27690900025004,21.631845500069915],[-121.27357500028592,21.617662399999915],[-121.26998100002305,21.60353279969911],[-121.26612100008401,21.589468000048328],[-121.26199300037655,21.575466199705488],[-121.25760699956328,21.561534899915841],[-121.25296000020376,21.547672300236627],[-121.24806200006117,21.533891699842229],[-121.24289700019631,21.52019120026381],[-121.23748799987118,21.506574600237741],[-121.23181900014663,21.493049599759388],[-121.22589100016944,21.479618099995434],[-121.21971100026235,21.466283799857592],[-121.21329500026394,21.453054400240546],[-121.20664200012811,21.439928099802103],[-121.19972999973959,21.426914200230271],[-121.19257399979017,21.414011000007804],[-121.18518099970328,21.401226000379779],[-121.17755899984786,21.388565099999482],[-121.16969300043155,21.376030000384333],[-121.16160599981697,21.363622699827886],[-121.15326700017181,21.351348900031837],[-121.14472200002018,21.339210500364459],[-121.13594800010003,21.327213299654204],[-121.12694500041135,21.315361000410007],[-121.11772899989336,21.303655600026048],[-121.10829900029853,21.292100899936713],[-121.09864000003586,21.280702600045117],[-121.08879100000456,21.269460700351203],[-121.07872799999711,21.258380899858764],[-121.06845100001357,21.247463200366553],[-121.05797599989239,21.23671720033866],[-121.04730999995644,21.226139100139505],[-121.03644599988291,21.215738300382384],[-121.02539800031735,21.205516800260284],[-121.01415299976105,21.195472700404935],[-121.00271600024314,21.185611699820242],[-120.9911039998496,21.175939600032677],[-120.97931700037918,21.166456199594052],[-120.96735399998704,21.157165499588302],[-120.95522299994138,21.148069400282736],[-120.94292400024233,21.139171599689689],[-120.93046600040549,21.130472200331894],[-120.91784700033872,21.121978799681983],[-120.90505999971913,21.113691299713878],[-120.89213599997635,21.105611800344434],[-120.87906599979596,21.097743999586044],[-120.86584499984679,21.090087900136609],[-120.85247800035933,21.082645399565706],[-120.83898200031899,21.075422300299067],[-120.82535599967957,21.06842040008155],[-120.81160000023971,21.061639799637192],[-120.79771400020087,21.055080400040595],[-120.78371400030079,21.048749900387747],[-120.7696080000091,21.042644500143695],[-120.75538599976397,21.036771800378403],[-120.74105099970376,21.031129800100359],[-120.72661600042801,21.02571869985826],[-120.71208200018407,21.020544099730557],[-120.69746399966374,21.015603999625],[-120.68275500034292,21.010902399726092],[-120.66794600000782,21.006442999844694],[-120.65306900013417,21.002220199902467],[-120.63810699993803,20.998241400420454],[-120.62308499967293,20.994502999613871],[-120.60798600035355,20.991012600351382],[-120.59284199985831,20.987762499939549],[-120.57762100030885,20.984762199715874],[-120.56236299995237,20.982007999869438],[-120.54704999975758,20.979499799676148],[-120.53167700039319,20.977241500395053],[-120.516289000337,20.975233100227513],[-120.50084699958927,20.973472599980653],[-120.48538999994844,20.971963900014089],[-120.46989400030776,20.970705000235739],[-120.45439100034429,20.969697999663083],[-120.4388579998967,20.968944499988822],[-120.42332500034837,20.968439099884677],[-120.40778400043121,20.968187299604324],[-120.38760399972472,20.46909709975148],[-120.36282299998135,20.469501499694616],[-120.33804300028413,20.470304499852944],[-120.31327800037934,20.471507999594621],[-120.28855100042824,20.473115900178811],[-120.26385500010809,20.475120499811339],[-120.23918199994927,20.477525699751368],[-120.21458399965178,20.4803333004416],[-120.19001799993066,20.483539600272479],[-120.16552700007088,20.4871386996914],[-120.1411059998419,20.491136599874324],[-120.11674499968188,20.495529199912767],[-120.09248399963678,20.500314700263345],[-120.06830599982192,20.505497000386413],[-120.04423500044481,20.511066400194352],[-120.0202640002833,20.517026899871667],[-119.99641400030578,20.523372699690469],[-119.97267199991279,20.530107500360998],[-119.94906600039553,20.537221900370525],[-119.92558300025519,20.54471970025412],[-119.90225199992977,20.552596999651939],[-119.87906599999582,20.56085209974475],[-119.85602599960009,20.569479000255797],[-119.8331600000339,20.578479800202786],[-119.81045499979831,20.58785060012525],[-119.78792599958513,20.597587600387612],[-119.76557899967099,20.60768699955554],[-119.74342299957169,20.618146900059514],[-119.72146599965606,20.628965399833476],[-119.69970699987806,20.640138600316277],[-119.67815399970721,20.651662799898418],[-119.65681500041183,20.663532299576104],[-119.6357120003085,20.675745000331631],[-119.61480700034269,20.688301100015906],[-119.59415400030679,20.701192900432147],[-119.57374599987787,20.714416500321363],[-119.55358099986319,20.727970100140169],[-119.53366899982439,20.741846099717861],[-119.51400799966933,20.756044400129099],[-119.49461400013593,20.770559299672072],[-119.47548700032473,20.785386999610466],[-119.45665000039713,20.80051989977369],[-119.43808699961522,20.81595990042922],[-119.41979200040038,20.831693599879884],[-119.40181699975466,20.847723000016572],[-119.384124999569,20.864042300212134],[-119.36673699991252,20.88064579966408],[-119.34966300034711,20.897527700443163],[-119.33290099988113,20.914684300040562],[-119.31646700015182,20.93210979962771],[-119.30034599956815,20.949798600025531],[-119.28455399976718,20.967744799882723],[-119.26910400044915,20.985946700380055],[-119.25398300011528,21.004394499806438],[-119.23922000010282,21.023084599974425],[-119.22479200025055,21.042011300081583],[-119.21072399991255,21.061168699675875],[-119.19700600042648,21.080553099845815],[-119.18364700040866,21.100153000061027],[-119.17065400018186,21.119970299689726],[-119.15803500011509,21.139991800281507],[-119.14579000020825,21.16021730038824],[-119.13392599988487,21.18063740029595],[-119.12243699976761,21.201246300276694],[-119.11132800008704,21.222038300427357],[-119.10060100003602,21.243007699945565],[-119.09027899977593,21.264146799735158],[-119.08034500032142,21.285449999717855],[-119.07080800028888,21.306909599898233],[-119.06167600004727,21.328521699916678],[-119.05294000008087,21.350280800418773],[-119.04462399969776,21.372175200325387],[-119.03671300000485,21.394203199917911],[-119.02920500001062,21.416355100007991],[-119.02211000017627,21.438623400249867],[-119.01544999971765,21.461006200376005],[-119.00919299985696,21.483491900031311],[-119.00335699962574,21.506074900036765],[-118.99794800019998,21.528749499589878],[-118.99295800031138,21.55150989986214],[-118.98839600037502,21.57434649969133],[-118.98426100034482,21.597253799723205],[-118.98055999964419,21.620224000137625],[-118.97729500016402,21.643251400132158],[-118.97444900022111,21.666328400435475],[-118.97204600002277,21.689445499710189],[-118.97006999973058,21.712600699662687],[-118.96852100024387,21.735784499854901],[-118.9674300002942,21.758989300116241],[-118.96675899992783,21.782207500276058],[-118.78733100022538,21.805242500441182],[-118.78753699983258,21.831371299745854],[-118.78821599966858,21.857496300314153],[-118.78939099989464,21.88360020008929],[-118.79107700030323,21.909685099887611],[-118.79323600004125,21.935737599810523],[-118.79588299980048,21.96175380039773],[-118.79902599994983,21.987718600233336],[-118.8026580001665,22.013629900299804],[-118.80677000003539,22.039480200251205],[-118.81138599976396,22.065257999557161],[-118.81648300009027,22.090959500380791],[-118.82206000006886,22.11657139995026],[-118.82811699969966,22.142091799796844],[-118.83466300029716,22.16750909956545],[-118.84168200022401,22.192817700076944],[-118.84918199984929,22.218006099901743],[-118.85716200002616,22.243070600128249],[-118.86561599957861,22.267999600401367],[-118.87454999968264,22.29279140010317],[-118.88393399985409,22.317432399685629],[-118.89379899972397,22.341918900237204],[-118.90412900035301,22.366241500245167],[-118.91491699961972,22.390392300064718],[-118.92616300022218,22.414365800341557],[-118.93785899999278,22.438152300088746],[-118.95001200015361,22.461746200127152],[-118.96260800005905,22.485141799654457],[-118.97565500007812,22.508325599846671],[-118.98913600032608,22.531297699629249],[-119.00305900027257,22.55404660027051],[-119.01740299984846,22.576564799625942],[-119.03218099965329,22.598848300209056],[-119.0473860002636,22.620889699700001],[-119.06299599976546,22.64268110025273],[-119.0790330000728,22.664216999814812],[-119.09548199959454,22.685489700189635],[-119.11234300012927,22.706491499583194],[-119.12959299971709,22.727216699890903],[-119.14722399978768,22.747659700135216],[-119.165276000387,22.767814599864039],[-119.1836850003624,22.787672000262717],[-119.20248400033626,22.807230000164509],[-119.22164900010119,22.826480899573994],[-119.24117999965716,22.845417000294447],[-119.26108600031858,22.864032700448888],[-119.28134900035599,22.882326099769841],[-119.30194899974646,22.900285700424888],[-119.32288400019638,22.917909600347912],[-119.34416999974559,22.935192099635856],[-119.36576800019299,22.952127500184133],[-119.38770299999334,22.968708000374079],[-119.40995800016151,22.98493189958765],[-119.43250999963669,23.000791499628122],[-119.45536799973331,23.016286799596287],[-119.47852300003632,23.031404500317592],[-119.50197599969255,23.046148299804315],[-119.52568799960142,23.060510599684562],[-119.5496900002932,23.074482000244245],[-119.57395200038439,23.088066099670925],[-119.5984879996214,23.101253500049154],[-119.62325300042556,23.114042300212134],[-119.64827699968367,23.126424800164557],[-119.67352300018621,23.138402900173844],[-119.69901300024969,23.149969099894179],[-119.72470899992032,23.161119499865151],[-119.75061800042027,23.171854000262044],[-119.77674099999706,23.18216319957213],[-119.80304699991899,23.192052800396539],[-119.82955200002471,23.201511400231084],[-119.85623200010662,23.210540800417732],[-119.88308700016483,23.21913339988663],[-119.91009500008408,23.227291099804575],[-119.93726300018722,23.235010099636554],[-119.96456900035901,23.242290500106662],[-119.99201199965398,23.249124499596121],[-120.01959199987078,23.2555121997284],[-120.04729500036387,23.261451700235909],[-120.07509599998031,23.266943000219442],[-120.1030040000345,23.271982200218531],[-120.1310039998346,23.276567499790417],[-120.1590960002801,23.280700700277237],[-120.18726299968762,23.28437609997718],[-120.21549999962519,23.287595699881763],[-120.24379000020826,23.290355700355406],[-120.2721179998457,23.292657900042173],[-120.30049099975975,23.294500399573906],[-120.32890299967363,23.295883199849925],[-120.35733000027921,23.29680629997091],[-120.38578799961641,23.297266000125944]]]},"properties":{"objectid":9314,"radii":50,"stormid":"ep132026","basin":"ep","stormnum":13,"advnum":"18","validtime":"2026090515","synoptime":"2026090512","timezone":"UTC","tau":0,"ne":90,"se":80,"sw":50,"nw":90,"idp_source":"ep132026_2026090515_forecastradii","idp_filedate":1788624162000,"idp_ingestdate":1788624176000,"st_area(shape)":5.8829164099610329,"st_perimeter(shape)":9.7580128264021972,"binnumber":"EP3"}},{"type":"Feature","id":9316,"geometry":{"type":"Polygon","coordinates":[[[-121.17434700011387,25.161804200103916],[-121.22566999987049,25.161804200103916],[-121.27697799983474,25.160976400240827],[-121.32824699979909,25.15932079961533],[-121.37948600017864,25.156839400118372],[-121.43065600007424,25.153532000301709],[-121.48175800043128,25.149402600349845],[-121.53278399998152,25.144447299903106],[-121.58367899978595,25.138670000220486],[-121.63445999972913,25.132076299581684],[-121.68509700022628,25.124660499882282],[-121.73558800028587,25.116432199586484],[-121.78588100020789,25.107389500225395],[-121.83599900015366,25.097536099811293],[-121.88591799991565,25.086879700138184],[-121.93561600027812,25.07542040013152],[-121.98506199981136,25.063158000141755],[-122.03425600031409,25.050104099624662],[-122.08318300019522,25.03625870037888],[-122.13182799966233,25.021621699881678],[-122.18017599982244,25.00621030036524],[-122.22820299956868,24.990014999592688],[-122.27589400000801,24.973054900063744],[-122.32324199991825,24.955324200251766],[-122.37023200040642,24.936834299963095],[-122.41684000036565,24.917591099649655],[-122.46305800032638,24.897596399754207],[-122.50887299968912,24.876861600082918],[-122.55425299967612,24.855392500363735],[-122.59920499971088,24.833196600043209],[-122.64371500004711,24.810275999937573],[-122.6877520001546,24.786642099853168],[-122.7313160000333,24.762304300403287],[-122.77439099984468,24.737268400416497],[-122.816956000419,24.711542099888163],[-122.85900100039578,24.685131099620719],[-122.90052799986722,24.658050500130628],[-122.9414979997328,24.630302400435596],[-122.98191800031537,24.601898200341793],[-123.02176699974717,24.572849299655616],[-123.06102799994216,24.543161400078702],[-123.09970100000106,24.512844100075313],[-123.13777200017756,24.481910699719151],[-123.17520899989535,24.450366999637481],[-123.2120289999383,24.418226200079232],[-123.24821500042185,24.385498000232644],[-123.28374500033141,24.35219189963658],[-123.31861899966702,24.318317399628427],[-123.35281400006596,24.283885999839185],[-123.38632200026001,24.248909000250308],[-123.41914400029526,24.213398000317625],[-123.45126300028716,24.177366300114784],[-123.48268100032783,24.140819499720294],[-123.51335900041744,24.103775000116286],[-123.54331999981804,24.06623839958263],[-123.5725400001208,24.028226900351285],[-123.60100599982695,23.989751799705914],[-123.62872300006632,23.950824699800194],[-123.65567800023945,23.911455199997647],[-123.68186199993124,23.871658300090644],[-123.70726000024871,23.831443799991519],[-123.73187300033862,23.790830599852427],[-123.75570699957825,23.749824500300576],[-123.77872499985875,23.708440799703283],[-123.80095699986555,23.666694600375649],[-123.82235700017532,23.624595599707277],[-123.84294900009621,23.5821589998381],[-123.86270900032002,23.539396300399062],[-123.88164500031644,23.496324500375522],[-123.89974200029297,23.452951399587562],[-123.91701500004211,23.409294100442537],[-123.933433999979,23.365367900408444],[-123.9490050003804,23.321180299831099],[-123.96373000043906,23.276752500227872],[-123.97759200027048,23.232091900321109],[-123.9906010003358,23.187215800369017],[-124.00274700017383,23.142135600177937],[-124.01402999978455,23.096868500181301],[-124.02445200015961,23.051427799553437],[-124.03399699966172,23.00582310035594],[-124.04267100036628,22.960073499692385],[-124.05047599966758,22.914190300242296],[-124.05740399989458,22.868190799565866],[-124.06345400010196,22.822084400075141],[-124.06862600028961,22.775888400229633],[-124.07292899997327,22.729616199927818],[-124.07634700021379,22.683280899593967],[-124.07888799958141,22.636899900210381],[-124.08055099982869,22.59048270041643],[-124.08133700010239,22.544048300189047],[-124.08125299982601,22.497606299791016],[-123.54039799996764,22.464220000352896],[-123.5390400002957,22.426504100184218],[-123.53699500041887,22.388812999720301],[-123.53421800006055,22.35116200002642],[-123.53073899970497,22.313560499917287],[-123.52655800025144,22.276022000015416],[-123.52166700043165,22.238553999767419],[-123.51608300013027,22.201171900063287],[-123.50978099999304,22.163886999985209],[-123.50280000001987,22.126707100252588],[-123.49510999972659,22.089647299583362],[-123.48673999955122,22.052715299771421],[-123.47768400011643,22.015924499815981],[-123.467925999785,21.979282400062857],[-123.45748899961757,21.942806200046221],[-123.44638800030589,21.906505599853688],[-123.4345929995672,21.87038609973888],[-123.42213399968426,21.834461200324256],[-123.40901199980385,21.79874419988505],[-123.39522599987993,21.763244599758593],[-123.38077499986628,21.727972000207785],[-123.36567699969368,21.69293399960452],[-123.34994499996168,21.658147800180984],[-123.33354900018611,21.623619100041594],[-123.31652800036682,21.589363100426908],[-123.29886599976601,21.555381799630482],[-123.28058600034353,21.521692300059726],[-123.26168099997807,21.488302200086594],[-123.24216500021447,21.4552211997987],[-123.22203800015347,21.422462500344238],[-123.2013169996797,21.390028000192217],[-123.17999300017675,21.35793689986815],[-123.15808099963834,21.326190899990195],[-123.1355969997017,21.294803600106206],[-123.11252599967503,21.263784399930273],[-123.08888999967365,21.233142899725181],[-123.06469700006642,21.202882800201223],[-123.03996299979252,21.173019399725661],[-123.01466400044319,21.143558499825019],[-122.9888459996431,21.114509600038161],[-122.96247899960605,21.085882199903722],[-122.9356079997093,21.057683899592405],[-122.9082180001605,21.02992249982367],[-122.88032499989873,21.002605400219181],[-122.85192899982337,20.975742299967294],[-122.82304399968075,20.949340800137975],[-122.79369399967823,20.923410400269915],[-122.76387000030019,20.897954899998751],[-122.73358899963256,20.872983899587439],[-122.70285000032715,20.848505000105831],[-122.671661000055,20.82452579992588],[-122.6400530002457,20.801052099674791],[-122.60801699958478,20.778091399698496],[-122.5755770000784,20.755649600448862],[-122.54272499955897,20.733736000016506],[-122.50947599961762,20.712354700209403],[-122.47583799972381,20.691513099749898],[-122.44182599967007,20.671215099897097],[-122.40745500014805,20.651470200189749],[-122.3727339997742,20.632282300088207],[-122.33766899972449,20.613653200035287],[-122.30226100004501,20.595594399661934],[-122.26654100036677,20.578109700402479],[-122.23049900022858,20.561202999918635],[-122.19415999988399,20.544879900087437],[-122.15752400023234,20.529146199737454],[-122.12061299959015,20.514003800035482],[-122.08344999991749,20.499460200428075],[-122.04600499983076,20.485515599665348],[-122.00831600018319,20.47217749989187],[-121.97040600023661,20.459449799668675],[-121.93225099978372,20.447336199706001],[-121.89389800009252,20.435836799828564],[-121.85533100042522,20.42495920020707],[-121.81657400008993,20.414703399942084],[-121.77764900010118,20.405077000103631],[-121.73854800009002,20.39607810042412],[-121.69928699989504,20.387710600364073],[-121.65988200025402,20.379978199734296],[-121.62033100017544,20.37287900006595],[-121.5806729996591,20.366422699648012],[-121.5408939998581,20.360605200269902],[-121.50103800010351,20.355428699874722],[-121.46106700044163,20.350898699615414],[-121.42104300013426,20.347009700137676],[-121.3809359995966,20.343769100163968],[-121.34078199958952,20.341175100150906],[-121.30058300020522,20.339229600365911],[-121.26036800008302,20.33793259990972],[-121.22012300037608,20.337282200313439],[-121.17683399968922,20.004558600199402],[-121.13050099982121,20.005306200321002],[-121.08419000006836,20.006799699946328],[-121.03790999994646,20.00904079969331],[-120.99168399961678,20.012025799750973],[-120.94551099993259,20.015756600386965],[-120.89942199962547,20.020233199802476],[-120.85340900012517,20.02545170033585],[-120.8074949997943,20.031410199920913],[-120.76171100006252,20.038108800181135],[-120.71604200023802,20.045543699682128],[-120.67050900038998,20.05371480039787],[-120.6251450002415,20.062620200262188],[-120.57993299990795,20.072254200271288],[-120.53490399991955,20.082614900157637],[-120.49007400011493,20.093700399653869],[-120.44544200044788,20.105508800291034],[-120.40103100018041,20.118030500007706],[-120.35687299988894,20.131271400155129],[-120.31293499985026,20.145219799654171],[-120.26924899974148,20.159873999685487],[-120.22585300041555,20.175233799700209],[-120.18273899970495,20.191288000441034],[-120.13989999998489,20.20803829982782],[-120.09738900010217,20.22547339967781],[-120.05519100026436,20.243591299898696],[-120.01333600005626,20.262388199955581],[-119.97180899968549,20.281856499677872],[-119.93064900005123,20.301992400329141],[-119.88986199963148,20.322786299848019],[-119.84945699974065,20.344236399590329],[-119.80944099980218,20.366334899735989],[-119.76982899960854,20.389076200206603],[-119.73063699989751,20.412450799664839],[-119.69186399972369,20.436454800448814],[-119.65354899998624,20.46107859959784],[-119.61568500036236,20.486318599823676],[-119.57826999986054,20.512165100139384],[-119.54132799958739,20.538606600014703],[-119.50488299975052,20.565645200265919],[-119.46893300025766,20.593263599735508],[-119.43347900025555,20.62145999977929],[-119.39855200027449,20.650220899774865],[-119.36415899973798,20.679542500086427],[-119.33029200007564,20.709413499833317],[-119.29697399965028,20.739826199919321],[-119.26421399977619,20.770772900349186],[-119.23203299962313,20.80223849970713],[-119.20042399976768,20.834220899874765],[-119.16939499967941,20.866708799971263],[-119.13897699988854,20.899690599641588],[-119.10915399965728,20.933158900163278],[-119.07994800000012,20.967102100281863],[-119.0513759999024,21.001510599734559],[-119.02343800026341,21.036373100338437],[-118.99613200009162,21.071683900391804],[-118.96948999996346,21.107425699636451],[-118.94349700008638,21.143592799967905],[-118.91816700020678,21.180173899605904],[-118.89352399963281,21.217159300261642],[-118.86956800016299,21.254533799795183],[-118.84629099962984,21.292289700009803],[-118.82372300031614,21.330413799757196],[-118.80184899973148,21.368898399941372],[-118.78069299988192,21.407728200396264],[-118.76025399982211,21.446891800416381],[-118.74054700024379,21.486379599738882],[-118.72157300029363,21.526178399913363],[-118.70332299955669,21.566278499952944],[-118.68583699987755,21.606666599783921],[-118.66909000010332,21.647331199775181],[-118.65309099974974,21.688257200309693],[-118.63787100024638,21.729436899593395],[-118.6234050004403,21.770851099798563],[-118.60971799968587,21.812496200039732],[-118.59679399994303,21.854352999791274],[-118.58466299989743,21.896415700224509],[-118.57332599959511,21.938663500020652],[-118.56276700009687,21.981090499626987],[-118.55300100029581,22.023681600325745],[-118.54403699970766,22.066421500152273],[-118.53587300003881,22.109298700374836],[-118.52851099958286,22.152301800288001],[-118.52195000009232,22.195415499725698],[-118.51619700009138,22.238630300048442],[-118.511269000364,22.281932799559172],[-118.50714099975721,22.325305900347189],[-118.50383800032336,22.368738199908137],[-118.50133500001016,22.412219999953152],[-118.49967199976288,22.455734299698292],[-118.31875599978946,22.497619599864777],[-118.31867200041239,22.544059799820047],[-118.31945000031715,22.590494200047431],[-118.3211139997112,22.636913300108858],[-118.32365399993205,22.683294300391765],[-118.32708699996499,22.729629500001579],[-118.33137499985628,22.775899899860633],[-118.33655500041283,22.822095899706142],[-118.34260599976699,22.868202200271469],[-118.34953299994788,22.914203600316057],[-118.35732999977955,22.960084900397987],[-118.36600499963095,23.005836500254418],[-118.37554899998628,23.05143739981628],[-118.38597899983091,23.096879999812302],[-118.39726300038706,23.142147099808938],[-118.40940099985619,23.1872272001753],[-118.42240899987536,23.232103300127335],[-118.43627199975288,23.276763900034098],[-118.4509959997655,23.321191800361419],[-118.46656800021293,23.365377399947192],[-118.48299399957335,23.409307500341015],[-118.50025899985286,23.452962900117882],[-118.51835599982945,23.496336000006522],[-118.53730799966434,23.539409599573503],[-118.5570760002571,23.582168600100943],[-118.57765999980904,23.624607100237654],[-118.59906000011881,23.66670610000665],[-118.62127700033318,23.708452200408885],[-118.64431000040611,23.749835999931577],[-118.66812899985337,23.790840100290552],[-118.69274900026608,23.831455199797801],[-118.71815500005312,23.871667900353486],[-118.74433100027534,23.911464700435715],[-118.77127800007952,23.950834300063036],[-118.79899600036504,23.989761399968756],[-118.82747699986356,24.028238300157568],[-118.85669700016632,24.066249800288176],[-118.88665799956692,24.103784600379129],[-118.91733599965659,24.140829099983137],[-118.94874600022763,24.177375799653589],[-118.9808729996891,24.213409400123851],[-119.01368700025478,24.248918499789056],[-119.0472029999184,24.283897399645411],[-119.08139800031739,24.318324999799017],[-119.11627199965295,24.352199599631945],[-119.15180199956251,24.385505700228009],[-119.18797300025369,24.418235800342075],[-119.22480800008901,24.450378400343027],[-119.2622449998068,24.481920200157276],[-119.30032300030615,24.512853599614061],[-119.3389890000422,24.543167099981815],[-119.37825000023724,24.572856899826206],[-119.41809799962289,24.601907699880599],[-119.45851900025156,24.630308200163427],[-119.49948900011719,24.658056299858515],[-119.54101599958864,24.68513869979131],[-119.58306099956536,24.711547899615994],[-119.62562600013968,24.737274200144384],[-119.66870099995111,24.7623100003064],[-119.71226499982981,24.786649700023759],[-119.75630199993725,24.810281799665461],[-119.80081200027348,24.833202399771096],[-119.84574899961655,24.855398200266848],[-119.8911440002953,24.876869200253509],[-119.93696599998083,24.89760209965732],[-119.98317699961876,24.917594900184611],[-120.029784999578,24.936840099690983],[-120.07675900022758,24.955327999887402],[-120.12410700013783,24.973058699699379],[-120.17181400041568,24.990022699588053],[-120.21984100016192,25.006214100000875],[-120.26818800027587,25.021629300052325],[-120.31683299974304,25.036260599747038],[-120.3657459998779,25.050107999984334],[-120.41495500017305,25.06316179977739],[-120.4644009997063,25.075424199767156],[-120.51409900006871,25.086885499866071],[-120.56401799983075,25.097541799714406],[-120.61413599977647,25.10739329986103],[-120.66443600002128,25.116434099853961],[-120.71491999975808,25.124662400149816],[-120.76556399967876,25.132076299581684],[-120.81633800019847,25.138671899588644],[-120.86723300000284,25.144447299903106],[-120.91825899955307,25.149404499718003],[-120.96935999986403,25.153533899669867],[-121.02053099980571,25.15684130038585],[-121.07177000018527,25.159322699882807],[-121.12303900014962,25.160976400240827],[-121.17434700011387,25.161804200103916]]]},"properties":{"objectid":9316,"radii":34,"stormid":"ep132026","basin":"ep","stormnum":13,"advnum":"18","validtime":"2026090600","synoptime":"2026090512","timezone":"UTC","tau":12,"ne":160,"se":150,"sw":130,"nw":160,"idp_source":"ep132026_2026090515_forecastradii","idp_filedate":1788624162000,"idp_ingestdate":1788624176000,"st_area(shape)":21.349381445445616,"st_perimeter(shape)":17.281971745928161,"binnumber":"EP3"}},{"type":"Feature","id":9317,"geometry":{"type":"Polygon","coordinates":[[[-121.18891099994261,23.664539300448496],[-121.21110499999565,23.664539300448496],[-121.23329199972591,23.664180800103964],[-121.25546299961763,23.663465500032942],[-121.27761799967084,23.662391699617388],[-121.29976700034672,23.660963099567539],[-121.32186899975443,23.65917590024776],[-121.34392499973887,23.657032000126833],[-121.36595200018456,23.654533400196385],[-121.38791699956977,23.651681899999801],[-121.40982800006208,23.648473699901444],[-121.43167100011647,23.644914599629203],[-121.45344499968689,23.641004600082397],[-121.47513599992635,23.636741600444623],[-121.49675000021227,23.632129699825953],[-121.51826500042932,23.627174400278477],[-121.53966499983977,23.62186809983308],[-121.56097399955036,23.61622050037596],[-121.58217599972249,23.610227599923917],[-121.60325599966455,23.603895200003592],[-121.62419899958405,23.597223299715665],[-121.64502000017279,23.590215699594978],[-121.66569500032392,23.582872399641644],[-121.68623399959932,23.575199099758777],[-121.70661200044339,23.567192100135458],[-121.72684499999667,23.558862699853876],[-121.74689500010408,23.550203299642703],[-121.76678500002765,23.541225400032317],[-121.78649899992882,23.53192709985592],[-121.80603000038411,23.522312199648411],[-121.8253710001714,23.512384400120084],[-121.84451299977502,23.502147699656746],[-121.86345700014033,23.491600000140011],[-121.88220200032197,23.480750999858913],[-121.90072600020466,23.469602599980135],[-121.9190289997884,23.458156600047175],[-121.93711900034151,23.446414900327511],[-121.95497099981168,23.434385299741905],[-121.97259499955948,23.422071499899914],[-121.98996700027675,23.409473400077502],[-122.00711100037228,23.396596899827216],[-122.02399400012291,23.383445699859294],[-122.040618999667,23.370027500169158],[-122.05698399981162,23.356336599954261],[-122.07308999970365,23.342392000090854],[-122.08891300003484,23.328185999684251],[-122.10446899974443,23.313726400353232],[-122.11974299993938,23.299018900202213],[-122.13472700025079,23.284069100208967],[-122.14942900014813,23.268878899741594],[-122.16384100016194,23.253452299883861],[-122.17794799960041,23.237796800082378],[-122.19175000026223,23.221918100240259],[-122.20524600030257,23.205816300182221],[-122.21842199997525,23.189500799622351],[-122.23130799976428,23.172977400087063],[-122.24385099992361,23.156246199602549],[-122.25608800036082,23.139316599681479],[-122.267982000269,23.122192399959431],[-122.27955599980947,23.10487940016435],[-122.29079400004298,23.087381399931814],[-122.30169700011635,23.069704100064314],[-122.31227100030634,23.051855099833119],[-122.32248700017482,23.033840199865494],[-122.33236699983706,23.015661199704766],[-122.34188800003108,22.997325900070393],[-122.35106699974216,22.978839900141395],[-122.35989400030775,22.960208899820998],[-122.36834699981409,22.941438699736352],[-122.37646500005962,22.922534899965797],[-122.38419300030665,22.903503400061993],[-122.39158600039349,22.884349800103337],[-122.39858999962871,22.865079899817658],[-122.40524299976454,22.845699300182673],[-122.41151400027081,22.826217700386678],[-122.41741900008668,22.806634899880862],[-122.42295099978872,22.786962499919582],[-122.42810800018395,22.767200499603518],[-122.43287699977361,22.7473601998135],[-122.43729400021783,22.727445599834709],[-122.44130700001796,22.707462299745487],[-122.444954000027,22.687418000440516],[-122.44821900040643,22.667320300291749],[-122.45110300030314,22.647170999742002],[-122.45360599971701,22.626977900409941],[-122.45571900003171,22.606748599768196],[-122.45745099986368,22.586486800325702],[-122.45880900043494,22.566200300103901],[-122.45977800015447,22.545896499623893],[-122.46034999955276,22.525579499794219],[-122.46055600005928,22.505256700236657],[-122.1002880002909,22.490240100400456],[-122.0999219996005,22.475725199958163],[-122.09928099971825,22.461219799953938],[-122.09836599979099,22.446725799755995],[-122.0971759997725,22.432249099816261],[-122.0957109996628,22.417795200388355],[-122.09397899983088,22.403366099765833],[-122.0919719999078,22.388967499650505],[-122.08969099993959,22.374603300402157],[-122.08715099971874,22.360279100300374],[-122.08433500025995,22.345998799705001],[-122.08124499985678,22.331762299690524],[-122.07788799973133,22.317579300344562],[-122.07426499992971,22.303453399854675],[-122.07038900015215,22.289386699936415],[-122.06623099996057,22.275386799861053],[-122.06183599963157,22.261455500071406],[-122.05716700015682,22.24759479976035],[-122.05223100006049,22.233814200265272],[-122.04704300003431,22.220113799612307],[-122.04158800028591,22.206501000121193],[-122.03589600039999,22.192974100274625],[-122.02993799993868,22.179544400054169],[-122.02373499987027,22.166214000276057],[-122.01727300044854,22.152982700391476],[-122.01058200035891,22.139858200395793],[-122.00363200001669,22.126844399749416],[-121.99644500043632,22.113945000061847],[-121.98901400039568,22.101161999626697],[-121.98134600021763,22.08850100032106],[-121.97344199994825,22.075964000438432],[-121.96530899991035,22.063560500416884],[-121.95693999978107,22.051286699721572],[-121.94834900020612,22.039150200321615],[-121.93952199964048,22.027154899878894],[-121.93048099999805,22.015304599827573],[-121.92121900005674,22.00359920034299],[-121.91173599981647,21.992046399621813],[-121.90203899960005,21.980649900172921],[-121.89211999993796,21.96940799957963],[-121.88201099960787,21.958330200078819],[-121.87168099987815,21.947416300222244],[-121.86116799980323,21.936670300194351],[-121.85044099975227,21.926095999630832],[-121.83952299988647,21.915693299606232],[-121.82840699988304,21.905471800383395],[-121.81710800043379,21.895431500163738],[-121.80561800027039,21.885572399846524],[-121.79395300013078,21.875902200326436],[-121.78211199996872,21.86641689962039],[-121.77008800036083,21.857128099882061],[-121.75788899987737,21.848035800212131],[-121.74554399985561,21.83913799961914],[-121.73301700043413,21.830442399896981],[-121.72032899988335,21.821950900413867],[-121.70748900041696,21.813665399638637],[-121.69449600019016,21.805584000001716],[-121.68135100014842,21.797717999686085],[-121.66807600040698,21.790062000061369],[-121.65464799990519,21.782623300025421],[-121.64108300028016,21.775402100126939],[-121.62739600042499,21.768400199909422],[-121.61357099960185,21.761619600364384],[-121.59962500039336,21.755064000403422],[-121.58555600000932,21.748733499851255],[-121.57137299976404,21.742629999874737],[-121.55708299998037,21.736757300109446],[-121.54267099996656,21.731115299831345],[-121.52817499967642,21.725706099856779],[-121.51357299989394,21.720533399996555],[-121.49887800031939,21.715595200158475],[-121.48409999961518,21.710895499627725],[-121.46922299974153,21.706434200378169],[-121.45427700028324,21.7022132998041],[-121.43924699964924,21.698234600146804],[-121.42414100000707,21.694498099607756],[-121.4089809996733,21.691005700253015],[-121.39374500033142,21.687759400376194],[-121.37846399981368,21.684759100152519],[-121.36313599982645,21.682004900306026],[-121.34774000030069,21.67949679993751],[-121.33230599992186,21.677240400024573],[-121.31684099991213,21.675229999764838],[-121.30132300015623,21.673473399877651],[-121.28578899966249,21.671962699818891],[-121.2702329999529,21.670705800132737],[-121.25464599971303,21.669696800367205],[-121.23904399968075,21.668943399618342],[-121.22342699985609,21.668439899781674],[-121.20781700035417,21.668188100400641],[-121.18908699996496,21.33546069975165],[-121.16727400039468,21.335811599925535],[-121.14547000034014,21.336515400365556],[-121.12368000003187,21.337572100172451],[-121.10190599956212,21.338977799885697],[-121.08016999994544,21.340734499597602],[-121.05846399991356,21.342842100382768],[-121.03680400020437,21.345298799999739],[-121.01518999991845,21.348104500422494],[-120.99363699974765,21.351257299584859],[-120.97214499969186,21.354759200276987],[-120.9507139997512,21.358606300340625],[-120.92935899971798,21.362798699600432],[-120.90808099963834,21.367334399762854],[-120.88689400015789,21.372211499661148],[-120.86579900042346,21.37743189956268],[-120.84480299985847,21.382989899564336],[-120.82392100005404,21.388883600298072],[-120.80313900036447,21.395116799600771],[-120.78248600032856,21.401681899999801],[-120.76195499962341,21.408578899696579],[-120.74154700009387,21.415809600033128],[-120.72129100037927,21.423362700128621],[-120.70114899962653,21.431245800153704],[-120.68118299979551,21.439451200112956],[-120.66136200035595,21.447975200195458],[-120.6417010002009,21.456821400387469],[-120.62220799969936,21.465980499900297],[-120.60288199970444,21.475454300076024],[-120.58374000010082,21.485237100112215],[-120.56478099994308,21.495326999741394],[-120.54601299960018,21.505720100402471],[-120.52743499992522,21.516416500121522],[-120.50905600043399,21.527408599627336],[-120.49087500018101,21.538696299994399],[-120.4729310000655,21.550277700055972],[-120.45518500008757,21.562143300273249],[-120.43766799987822,21.57429309974691],[-120.42038000033665,21.586725200008118],[-120.40331300019471,21.599435799622597],[-120.38649699993653,21.612417200393622],[-120.36992600018465,21.625667600079794],[-120.35359199967098,21.639183000295361],[-120.33750899994033,21.652959800154804],[-120.32170899977041,21.66699599956587],[-120.30614499969187,21.681284000156609],[-120.29086300002734,21.695819899768708],[-120.27584800008503,21.710598000297637],[-120.26110800023395,21.725620300036951],[-120.24665800026639,21.74087520043031],[-120.23247500002117,21.756360999960293],[-120.21859700035117,21.772073700241208],[-120.20500899966549,21.78800959966344],[-120.19172699960126,21.804161099855037],[-120.17873400027378,21.820522300364019],[-120.16606100041474,21.837089499580884],[-120.1537019997474,21.853862800028367],[-120.14164000018576,21.870830499727901],[-120.12989800009251,21.887988999592778],[-120.11848399983666,21.905336400254782],[-120.10740699983307,21.922864900095192],[-120.09664199982836,21.940566999667453],[-120.08621199998373,21.958444600138307],[-120.07611800034533,21.97648429981075],[-120.06636800038279,21.994684200215829],[-120.0569379998887,22.013040499919271],[-120.04788199955453,22.031541800014224],[-120.03915399995702,22.050189999868735],[-120.0307849998278,22.068973500027141],[-120.02276599965109,22.087892500138935],[-120.01509900041845,22.106935499673739],[-120.00780500040037,22.126100500337941],[-120.000854000012,22.145379999987142],[-119.99427000036013,22.164768199792718],[-119.98805199960003,22.184257499584078],[-119.98220799989917,22.203845999993064],[-119.97671500019703,22.223527900392412],[-119.97160300007829,22.243291899901408],[-119.96686600016568,22.263137799769765],[-119.962493999998,22.283054399840807],[-119.95850400035926,22.303041499565666],[-119.95488699993501,22.32308770003749],[-119.95164499971685,22.343189199821836],[-119.94879200035047,22.363342300007275],[-119.94630399982964,22.383535400238657],[-119.94421399967626,22.403768499616717],[-119.94249699963672,22.424028399691053],[-119.9411539997572,22.444314999737571],[-119.94020099987614,22.46462059976102],[-119.93963599990138,22.484937700314731],[-119.93944500008661,22.505260499872293],[-119.93965099969381,22.525585199697332],[-119.94022400003746,22.5459023002511],[-119.94120000007985,22.566206000007014],[-119.94255100032831,22.586492500228871],[-119.94428300016023,22.606752400303151],[-119.94640399994455,22.626983600313054],[-119.9488979998427,22.647174800276957],[-119.95178199973941,22.667326000194919],[-119.95504800016499,22.687425599711787],[-119.95869400012793,22.7074679996486],[-119.96271500029695,22.7274532000053],[-119.96712500041832,22.747366000440707],[-119.97190899980041,22.767208099774109],[-119.97705799982674,22.786966299555218],[-119.9825900004281,22.806640599783975],[-119.98848699987508,22.82622150002237],[-119.99477400021982,22.845706900353321],[-120.00141099961786,22.865085599720771],[-120.00843000044409,22.884353599738972],[-120.01580799983924,22.903509099965106],[-120.02355199992479,22.922540699693684],[-120.03165400033174,22.941444399639465],[-120.04012299967661,22.960212700355953],[-120.04893499955051,22.978843699777087],[-120.05811300011476,22.997329699706029],[-120.06763500035487,23.015667000331916],[-120.07751500001717,23.03384400040045],[-120.08774599967808,23.051860799736232],[-120.09830500007558,23.069709799967427],[-120.10920700010286,23.087387099834928],[-120.12044500033642,23.104883199799986],[-120.13201899987683,23.122196199595066],[-120.14392899962354,23.139322299584592],[-120.15615799969186,23.156250000137561],[-120.16870900022008,23.172981300446793],[-120.18158000021674,23.189506500424784],[-120.19476300021222,23.205822000085391],[-120.20826000029871,23.221921899875895],[-120.22206900038395,23.237800599718071],[-120.23616800035285,23.253457999786974],[-120.25058000036665,23.268882800101267],[-120.2652739998951,23.284072899844602],[-120.28025800020646,23.299022699837849],[-120.29553200040141,23.31372829972139],[-120.31109599958063,23.328187899951786],[-120.32692700028076,23.342395799726489],[-120.34301800038031,23.356342299857374],[-120.35939800031736,23.370029400436636],[-120.37602199981535,23.383449600219024],[-120.39290599961208,23.396598800094694],[-120.41003399986909,23.409477199713137],[-120.42741400005599,23.422075300434926],[-120.44503000033416,23.434389100276917],[-120.46289100021937,23.446418799787921],[-120.48097200035744,23.458160399682868],[-120.49927499994118,23.46960639961577],[-120.51781499966239,23.480754900218585],[-120.5365450000516,23.49160389960042],[-120.55548900041697,23.502149599924223],[-120.57464599981296,23.512388199755776],[-120.59398699960025,23.522314099915945],[-120.61350999968664,23.531930900390876],[-120.63321700016434,23.541229199667953],[-120.65310700008791,23.550207100177659],[-120.67317199998774,23.558864600121353],[-120.6933899997486,23.567197800038571],[-120.71377600006224,23.575201000026254],[-120.73430599982191,23.582876200176656],[-120.75499000038809,23.590217599862513],[-120.77580299970856,23.597225199983143],[-120.7967610003198,23.603897100271126],[-120.81784100026186,23.610229500191394],[-120.83902699969616,23.61622050037596],[-120.86033600030606,23.621870000100557],[-120.88175199955504,23.627174400278477],[-120.90327500014104,23.63213160009343],[-120.92488100005801,23.636743499812781],[-120.94656399992857,23.641004600082397],[-120.96833800039832,23.644914599629203],[-120.99018099955339,23.648475600168979],[-121.0120930000918,23.651681899999801],[-121.03405800037632,23.654533400196385],[-121.05607600040702,23.65703390039431],[-121.07814800022993,23.65917590024776],[-121.1002499996377,23.660963099567539],[-121.12238299957568,23.662393599884865],[-121.14453899967498,23.663465500032942],[-121.16672500025845,23.664180800103964],[-121.18891099994261,23.664539300448496]]]},"properties":{"objectid":9317,"radii":50,"stormid":"ep132026","basin":"ep","stormnum":13,"advnum":"18","validtime":"2026090600","synoptime":"2026090512","timezone":"UTC","tau":12,"ne":70,"se":70,"sw":50,"nw":70,"idp_source":"ep132026_2026090515_forecastradii","idp_filedate":1788624162000,"idp_ingestdate":1788624176000,"st_area(shape)":4.0486357626213545,"st_perimeter(shape)":7.7382601722665116,"binnumber":"EP3"}},{"type":"Feature","id":9318,"geometry":{"type":"Polygon","coordinates":[[[-121.19527400019484,22.999088299685411],[-121.20474199974342,22.999088299685411],[-121.21419500039883,22.998935700022685],[-121.22364800015498,22.998632400065333],[-121.23310099991113,22.998172799735073],[-121.24253799982876,22.997562400184734],[-121.25196800032285,22.996799499897122],[-121.26137499975636,22.99588779958242],[-121.27077499976633,22.994819600144581],[-121.28014400014541,22.9936046996973],[-121.28949000036312,22.992237099762463],[-121.29880500005061,22.990718800432433],[-121.30809799962287,22.989049899733232],[-121.31734499977182,22.987232199906259],[-121.32656899975944,22.985265700052139],[-121.33574700032369,22.98315240026318],[-121.34488700003493,22.980888400179651],[-121.3539659996311,22.978479399704668],[-121.36302199996521,22.975925399737548],[-121.37201700018431,22.973220800199897],[-121.38095899975792,22.970376999998678],[-121.38983900006968,22.967386200213127],[-121.39866599973601,22.964254400220511],[-121.40743300023269,22.960981400371452],[-121.41613799966888,22.957565300398414],[-121.42476700009689,22.954011900029286],[-121.43335000020227,22.950317399628432],[-121.44184900003125,22.94648740017351],[-121.4502639995838,22.942518200055019],[-121.45861099959785,22.938417400342871],[-121.46687300018874,22.934179300234632],[-121.47505199964996,22.929809599633472],[-121.48315400005697,22.925310099881358],[-121.49115800044126,22.92067910036036],[-121.49908399992654,22.91592029998202],[-121.50691200028848,22.911033599820939],[-121.51464099968229,22.906023000061566],[-121.52227800022945,22.900888399979806],[-121.52981599980848,22.895629900299809],[-121.53726199964149,22.890251199933061],[-121.54460099993611,22.884756100313894],[-121.55182600036954,22.879140899832805],[-121.55894500041137,22.87340930009924],[-121.56594799960038,22.867565199674345],[-121.57284500019654,22.861608499632666],[-121.57963600040102,22.855543100333932],[-121.58630400032928,22.849367099712026],[-121.5928500000274,22.843084300100486],[-121.59928099981818,22.836698500235741],[-121.60557599963261,22.8302077998502],[-121.61177100023139,22.823617899746409],[-121.61782100043871,22.816928899749087],[-121.62374900041596,22.810144399844319],[-121.62953900032448,22.803264599681654],[-121.63520800004909,22.796291400427947],[-121.64073899970498,22.789230299638746],[-121.64613300023768,22.782079700118231],[-121.65139800021745,22.774843200053795],[-121.65651699975962,22.767522800437007],[-121.6614909998097,22.76012039973682],[-121.66634399967575,22.752641699654873],[-121.67103600021113,22.745084799923745],[-121.67559099982469,22.737453500179015],[-121.67998500010759,22.729747800420796],[-121.6842499998375,22.721975299920302],[-121.68836199970644,22.714132299765936],[-121.6923219997604,22.706226300303683],[-121.69613600027611,22.698257399559509],[-121.69979099975473,22.690227499599587],[-121.70330800006406,22.6821383999673],[-121.7066650001895,22.673997899583526],[-121.70986200013112,22.665802000062399],[-121.71289799984271,22.657556500232431],[-121.71579000010831,22.649259599650918],[-121.71850600035157,22.640922500273291],[-121.72109199999574,22.632537799779755],[-121.72349500019402,22.624118800042709],[-121.72574599967805,22.615659700434946],[-121.72783699987752,22.607164400416877],[-121.72976699984707,22.598638500066841],[-121.73152900016311,22.590080299666226],[-121.73313899976495,22.581497199736134],[-121.73458900008217,22.572889300101281],[-121.73585500000814,22.564258599954542],[-121.73697699958876,22.555610700273746],[-121.73793799983872,22.546941799624506],[-121.73871599974348,22.538261400243584],[-121.73934199983336,22.529571500424538],[-121.7398069996932,22.520870199899946],[-121.74008900010716,22.51216320037156],[-121.74022700017582,22.503454199851603],[-121.20000499983081,22.500001900367522],[-121.19608299973055,22.084095000384082],[-121.18825500026793,22.084222800342104],[-121.18042799995214,22.084474599723137],[-121.1725999995902,22.08485219986926],[-121.16478699992001,22.085357699798124],[-121.15698199971939,22.085988999592814],[-121.14918499988772,22.086744299709778],[-121.14141100021737,22.087627399784822],[-121.13365200033945,22.088634500182195],[-121.12592300004633,22.089767500270057],[-121.1182020001221,22.091022499688734],[-121.11051199982882,22.092405299964753],[-121.10285200001971,22.093908300028147],[-121.09521500037187,22.095537199782086],[-121.08760099998608,22.097290000033638],[-121.08004000024573,22.099161099805031],[-121.07251000013628,22.101158100166344],[-121.06500999961168,22.103273400047499],[-121.0575489999863,22.105512600426323],[-121.05014800042977,22.107866299790032],[-121.04278599997383,22.110343899651411],[-121.0354610003248,22.112936000296315],[-121.02819799993767,22.115648299829331],[-121.02098099987313,22.118476899689313],[-121.01380900008519,22.121423700143794],[-121.00670599988189,22.124481199947581],[-120.99965700037018,22.127655000078335],[-120.99267600039701,22.130941399825872],[-120.98575599963959,22.134340300264796],[-120.97889699989656,22.137851699596411],[-120.97210699973817,22.141471899808494],[-120.96537000022522,22.145200700352177],[-120.95871700008939,22.149036399710212],[-120.95214800022995,22.152980800123942],[-120.94563300016273,22.157032000426625],[-120.93920899979543,22.161182400447558],[-120.93286100023488,22.165439600357388],[-120.92658999972861,22.169799799621217],[-120.92040300039804,22.174257300134457],[-120.91430699986807,22.178813899641909],[-120.90828700014487,22.183469799591705],[-120.90236699963725,22.188222900066933],[-120.89652299993639,22.193067600089819],[-120.89078499972788,22.198007600370602],[-120.8851319998418,22.203041099567258],[-120.87956999965564,22.208162299750484],[-120.87412300027614,22.21337320011321],[-120.86875199990476,22.21867179966398],[-120.86349500029394,22.224054299666363],[-120.8583450002215,22.229522700212613],[-120.85328699989503,22.235073100043678],[-120.84832799963738,22.240703599791459],[-120.84349099960986,22.246412300087741],[-120.83875299965109,22.252201100300681],[-120.83413699992252,22.258064299627847],[-120.82961299993991,22.263999899775683],[-120.82521799961091,22.270006200126204],[-120.82092300029615,22.276084900397962],[-120.8167500003122,22.282230399613411],[-120.81269100018943,22.288442599746304],[-120.8087540002968,22.294721599722209],[-120.80493200031145,22.301059700444966],[-120.80123099961082,22.307460799576404],[-120.79764599976301,22.313919100086537],[-120.79418900042197,22.320436500444259],[-120.79086299992741,22.327007299847139],[-120.78765100019342,22.333629599826338],[-120.78456099979019,22.340303400381742],[-120.78160099998604,22.347026800346725],[-120.7787699998355,22.353796000085481],[-120.77605399959231,22.360610999598066],[-120.77348299974057,22.367467900323504],[-120.77104199958853,22.374364900020282],[-120.76871500019701,22.381301899763002],[-120.76653300029761,22.388271300280451],[-120.76448100009799,22.395278900401081],[-120.76255799955197,22.402319000221837],[-120.76076499960493,22.409385700190057],[-120.75910899968051,22.416481000397994],[-120.75759900019364,22.423603100402886],[-120.75620299966863,22.430748000020344],[-120.75495899985788,22.437913899706871],[-120.75383800032336,22.445098900094308],[-120.75285299986598,22.452302899559299],[-120.75200700042262,22.459518399554611],[-120.75129700005641,22.466747300347777],[-120.75073999955123,22.473987600047849],[-120.7503050001755,22.481235499918512],[-120.74999999960022,22.488491099784596],[-120.74984000031566,22.49574659982585],[-120.65977500001617,22.503456100119081],[-120.65991200003867,22.512165099739718],[-120.66019399955337,22.520872100167423],[-120.66066000035863,22.529573399792696],[-120.66129299987193,22.53826519987922],[-120.66207099977674,22.546945600159461],[-120.66302499970391,22.555610700273746],[-120.66414600013769,22.564260500222076],[-120.66541300010977,22.572889300101281],[-120.66686200038095,22.581499100003612],[-120.66848000035162,22.590082199933704],[-120.67023500034492,22.598640400334375],[-120.67216500031441,22.607166299785035],[-120.67425499956846,22.615661599803104],[-120.67650599995187,22.624120700310186],[-120.67890900015016,22.632543600406962],[-120.68149599984042,22.640924500365543],[-120.68421200008362,22.649261499918453],[-120.68711099977276,22.657556500232431],[-120.69014000006086,22.665803900329877],[-120.69333599995633,22.673999799851003],[-120.69670099955141,22.682140400059552],[-120.70021100043721,22.690229399867064],[-120.70387300023867,22.698259399651704],[-120.70768000043159,22.706228300395878],[-120.71163900043945,22.71413420003347],[-120.71575200035443,22.72197720018778],[-120.7200160000383,22.729751600056431],[-120.72441899983687,22.737455400446493],[-120.72898099977323,22.745086700191223],[-120.73366499993972,22.752645500189828],[-120.73851000033613,22.760124200271775],[-120.74348400038622,22.767524699805165],[-120.74861100029733,22.774845100321272],[-120.75386799990815,22.782081600385709],[-120.75926200044086,22.789232299730998],[-120.7647930000968,22.796293299796105],[-120.77046199982135,22.803268400216666],[-120.77626000009883,22.810146300111796],[-120.78218800007608,22.816930800016564],[-120.7882390003295,22.823619800013887],[-120.79442599966006,22.830209700117734],[-120.80072000032766,22.836700399603899],[-120.80715899958807,22.84308620036802],[-120.81369799986271,22.849367099712026],[-120.82036599979097,22.855543100333932],[-120.82715599994935,22.861608499632666],[-120.83405299964613,22.867567099941823],[-120.84106400010342,22.873411200366718],[-120.84817499977635,22.879140899832805],[-120.85540799967936,22.884756100313894],[-120.86273999965118,22.890253100200539],[-120.87018600038351,22.895631799667967],[-120.87772399996254,22.900890400072058],[-120.88536099961033,22.906024900329044],[-120.89309700022631,22.911033599820939],[-120.90092499968887,22.915922200249497],[-120.90884399975067,22.920680999728518],[-120.91686199988129,22.925310099881358],[-120.92494999964265,22.92981149990095],[-120.93313600032604,22.934179300234632],[-120.94139900006371,22.938417400342871],[-120.94974500003161,22.942520100322497],[-120.95817600032206,22.94648740017351],[-120.96666699978215,22.950317399628432],[-120.9752350000951,22.954011900029286],[-120.98386399962379,22.957565300398414],[-120.9925689999593,22.960981400371452],[-121.00133500040982,22.964256299588669],[-121.01016200007615,22.967388200305322],[-121.01905800022644,22.970376999998678],[-121.02799200033047,22.973222699568055],[-121.03699500001915,22.975925399737548],[-121.04603599966157,22.978479399704668],[-121.05512199958054,22.980888400179651],[-121.06426200019104,22.98315240026318],[-121.07344099990212,22.985265700052139],[-121.08265700042011,22.987234100173737],[-121.09190399966974,22.989049899733232],[-121.10119600009523,22.990718800432433],[-121.11051199982882,22.992237099762463],[-121.11985800004658,22.993606599964778],[-121.12922700042566,22.994819600144581],[-121.13862600038954,22.99588779958242],[-121.14804100019194,22.996799499897122],[-121.15746300031714,22.997562400184734],[-121.16690100028086,22.998172799735073],[-121.17635299999085,22.998632400065333],[-121.185805999747,22.998935700022685],[-121.19527400019484,22.999088299685411]]]},"properties":{"objectid":9318,"radii":64,"stormid":"ep132026","basin":"ep","stormnum":13,"advnum":"18","validtime":"2026090600","synoptime":"2026090512","timezone":"UTC","tau":12,"ne":30,"se":25,"sw":0,"nw":30,"idp_source":"ep132026_2026090515_forecastradii","idp_filedate":1788624162000,"idp_ingestdate":1788624176000,"st_area(shape)":0.56909048060762046,"st_perimeter(shape)":3.3455980081647727,"binnumber":"EP3"}},{"type":"Feature","id":9319,"geometry":{"type":"Polygon","coordinates":[[[-122.07582099973928,25.79543880026057],[-122.12419900038344,25.79543880026057],[-122.17255399996702,25.794664400341958],[-122.2208860002886,25.793115599605358],[-122.26915699959574,25.790788700038604],[-122.31739800021745,25.787691100364157],[-122.3655619999862,25.783821099963916],[-122.41364300042403,25.779178599912598],[-122.46162399984763,25.773767499670498],[-122.50948299994042,25.767585800044799],[-122.55720500001064,25.760637299771702],[-122.60479700038115,25.752929699746005],[-122.6522139998761,25.744457200239765],[-122.69944799992516,25.735227600173744],[-122.74649799958291,25.725240699898507],[-122.79332000041757,25.714502300041261],[-122.83993499980033,25.703014399794881],[-122.88630699966819,25.690780600044775],[-122.93242599956017,25.677806900168434],[-122.97828700014486,25.664096800327229],[-123.02385699990054,25.649652500262846],[-123.06912199998021,25.634481399597064],[-123.11408200038392,25.618585600045549],[-123.15871400005096,25.601972600155534],[-123.20299499971935,25.584648099830076],[-123.24694100012698,25.566614199885578],[-123.29050399995953,25.547882099579397],[-123.33368700025477,25.528451899635627],[-123.37648800002108,25.508335099685269],[-123.4188609998352,25.4875335999958],[-123.46082299958169,25.466058699649409],[-123.50233500016003,25.443912500361762],[-123.54340400009443,25.421106300315671],[-123.58401499959245,25.397645999963061],[-123.62414600033753,25.373538999825143],[-123.66378800011603,25.348791099629693],[-123.7029419998733,25.323411899639609],[-123.74156999965567,25.297409099850199],[-123.77968600010871,25.270793900418312],[-123.81725300042552,25.243570299729697],[-123.85428600039853,25.215749700288598],[-123.89074700007393,25.187339800291682],[-123.92664299977451,25.158351899720515],[-123.9619520002845,25.128791800101624],[-123.99668100012798,25.098671000166689],[-124.0307999997201,25.067998899629629],[-124.0643160002831,25.036785099652775],[-124.09719100006453,25.005041099867015],[-124.12944800012502,24.972772600175517],[-124.16105699998047,24.939991000384509],[-124.19202399990758,24.906711599760683],[-124.22232100041373,24.872942000273213],[-124.25195299993089,24.838689800294162],[-124.28089900018864,24.803970299989487],[-124.30915800024144,24.768793099621973],[-124.33671600034307,24.733165700436871],[-124.36358600019366,24.697107300261848],[-124.38973199993177,24.660619700438986],[-124.41516900024908,24.623720200327114],[-124.43986499966991,24.586420099907798],[-124.46383699987757,24.548730899711416],[-124.48706099976522,24.510660199908443],[-124.50954399965576,24.472227100300586],[-124.53128100021792,24.433437299891636],[-124.55224600025264,24.394306199571588],[-124.57244900022107,24.354848899856961],[-124.59188800003108,24.315071099751606],[-124.61054999998242,24.274988200145458],[-124.62841800019049,24.234613400388241],[-124.64552300028612,24.193956399668252],[-124.66181899994677,24.15303609993623],[-124.67732199991025,24.111858399845403],[-124.6920320001766,24.070440300179825],[-124.70594000033066,24.028791400303021],[-124.71904000009584,23.986927000380888],[-124.73132299995638,23.944858600044483],[-124.74281300011978,23.902601199985554],[-124.75346400026331,23.86016460011632],[-124.76331300029466,23.817565900146292],[-124.77234599956813,23.774814599614217],[-124.7805399997211,23.731927899852849],[-124.78791800001562,23.688913300308684],[-124.79447200008264,23.645790100432919],[-124.80020900024505,23.60256579967205],[-124.80511499985727,23.559257500433432],[-124.8091889997724,23.515876800374201],[-124.81243900035946,23.472436899743286],[-124.81485700035017,23.428955099698214],[-124.81645200015959,23.385437000317438],[-124.81721500027197,23.341901800327946],[-124.81714599978795,23.298360799711304],[-124.27317800026441,23.267600999986314],[-124.27195000029218,23.23278239978805],[-124.27004999990749,23.197990399737307],[-124.26750899964054,23.163232799654111],[-124.26429699990655,23.12852100024412],[-124.26043699996751,23.093866299690092],[-124.25592799977727,23.059276600334954],[-124.25074800012004,23.024766900172438],[-124.24492599963509,22.990344999921945],[-124.23847199968293,22.956022300289078],[-124.23135399968726,22.921806299821014],[-124.22359499980928,22.887708699596942],[-124.2152020003719,22.853740699773596],[-124.20616099983016,22.81991389980675],[-124.19650299961364,22.786237700309755],[-124.1862030003681,22.752719900203374],[-124.17527800017945,22.719371800368435],[-124.16371900043146,22.686204900435939],[-124.15155000043211,22.653226900401251],[-124.13877899965104,22.620450999614093],[-124.12537400020983,22.587881100232721],[-124.11137400030975,22.555532499725246],[-124.09677099958185,22.523416499871701],[-124.08156599987092,22.491533300321692],[-124.06577300002385,22.459901800327941],[-124.04939300008681,22.428527799618394],[-124.03243300038258,22.397418999986996],[-124.01489300001185,22.366588599884096],[-123.99677299987394,22.336042399936957],[-123.9781039995998,22.305793800044],[-123.95887000025022,22.275846500016087],[-123.93907200007266,22.24621200038365],[-123.91873200008166,22.216899899610837],[-123.8978579997468,22.187915799574625],[-123.87645700029026,22.159271199906073],[-123.85451500016705,22.130975699968701],[-123.83206199986131,22.103034999665624],[-123.80908200043388,22.075458499610193],[-123.78559900029353,22.048252100254388],[-123.76162700008587,22.021427199605739],[-123.73714399969572,21.99499129980876],[-123.71220399981462,21.968952199784326],[-123.68676800044278,21.943315499610776],[-123.66086600026563,21.918088900182738],[-123.63449900022857,21.893281900139698],[-123.6076890004469,21.868902200376397],[-123.58043700006743,21.844953499804319],[-123.55273399957434,21.821447399677879],[-123.52460500012057,21.798387499983278],[-123.49605600018418,21.775781599641277],[-123.46710999992644,21.753637299721731],[-123.43775199955502,21.731960300127867],[-123.40798199996925,21.710756299863476],[-123.37785300001582,21.690031099555767],[-123.34733600015619,21.6697921995505],[-123.31645999992895,21.650047299843152],[-123.28521699986459,21.630798299801825],[-123.25363899964003,21.61205290032126],[-123.22171000031619,21.593816800405136],[-123.18946099972527,21.576095600131964],[-123.15688300015023,21.558891299593938],[-123.12400100004601,21.542215300395924],[-123.0908199996432,21.526069599932214],[-123.05733499961048,21.510454200001448],[-123.02358199980932,21.495378500317656],[-122.98955499996316,21.48084640034125],[-122.95526899986436,21.466861699707806],[-122.92073099983565,21.453428299676432],[-122.88595599966953,21.440551800325466],[-122.85095199973489,21.428234100123746],[-122.81572700040067,21.416479100330378],[-122.78028900023708,21.405290599681564],[-122.74465199988981,21.394670500243535],[-122.70881700030424,21.38462259985323],[-122.67282099958936,21.375152600212459],[-122.63664999979756,21.366260500421902],[-122.60032700019082,21.357948299674433],[-122.56385800014652,21.350221599847089],[-122.52724499975682,21.343078599597845],[-122.49050899999025,21.336526899996556],[-122.45366699983208,21.330560700416129],[-122.41671800013552,21.325187699952551],[-122.37966900032399,21.320406000136927],[-122.34254499975185,21.316221200148391],[-122.30535899991781,21.312631600268276],[-122.26809700017634,21.309639000039965],[-122.23078900011217,21.307243299638685],[-122.19345099956388,21.305444699613361],[-122.15608200028402,21.304246899774739],[-122.11868999994346,21.303647999855457],[-122.0797730003236,21.137283300384127],[-122.03930700031771,21.137933699980408],[-121.99887800021946,21.139228800169121],[-121.95846600000579,21.141174299954116],[-121.91809800002261,21.1437663996997],[-121.87779200020054,21.147006999673465],[-121.83753199980185,21.150890399972127],[-121.7973710003713,21.155420300406661],[-121.75727799957991,21.160591099999408],[-121.71729300017171,21.166408499552745],[-121.67742199972542,21.172861100159764],[-121.63766500003965,21.179954500100223],[-121.59805299984595,21.187683100195045],[-121.55858600004376,21.196044900352035],[-121.5192720001026,21.205040000395854],[-121.48013300013776,21.214662599699352],[-121.44117699961873,21.224912600236451],[-121.40240500039039,21.235782599687354],[-121.36383100040024,21.247274400293463],[-121.32548500013257,21.259382199628931],[-121.2873610002099,21.272102400405572],[-121.24946600005575,21.285434699551899],[-121.21183000015429,21.299369799876501],[-121.17444600018268,21.31390570038792],[-121.13734399972572,21.329038599651767],[-121.10050199956754,21.34476469983116],[-121.0639720003075,21.361078300123609],[-121.02773300007777,21.377979299804963],[-120.99180599984692,21.395452500332738],[-120.95621499982229,21.413499800175771],[-120.92094400016538,21.432117500422464],[-120.88603199997675,21.451297800353359],[-120.85147099978673,21.471033099797864],[-120.81726799991816,21.491319699844439],[-120.78345500004809,21.512151700041045],[-120.75001500029191,21.533521699866697],[-120.71697199995776,21.555425600211436],[-120.68433400031375,21.577856100378881],[-120.65212199963048,21.600805299824856],[-120.62032300000635,21.624267600269661],[-120.58897399955032,21.648235299919293],[-120.55804400043019,21.672702799594674],[-120.52758000031668,21.697662400199761],[-120.49758100006301,21.72310449967307],[-120.46806300040703,21.749027300269859],[-120.43901099975773,21.7754154002007],[-120.41046099977524,21.802267099746985],[-120.38240099990611,21.829572699720472],[-120.35485100017343,21.857320800314824],[-120.32779699993154,21.885509500363298],[-120.30128500040234,21.914127300234838],[-120.2752989999488,21.943162899947993],[-120.24985500020802,21.972612400042351],[-120.22496800007303,22.002466200255071],[-120.20062299975154,22.032712899880551],[-120.17684200025803,22.063345000371612],[-120.15363300016276,22.094352700017225],[-120.13099700041113,22.125730500362465],[-120.10894799985022,22.157464999710101],[-120.0874860002786,22.18954849986352],[-120.06662799978227,22.22196960011712],[-120.04637100002157,22.254720700300197],[-120.02672599970504,22.287792200150079],[-120.00769799996266,22.321172699860369],[-119.98928099961836,22.354850799624842],[-119.97151200037843,22.388822599983143],[-119.954369000329,22.423072799869942],[-119.93786600011572,22.457593899838741],[-119.92201999962322,22.492370599723529],[-119.90681499991223,22.527395200428316],[-119.89226499982976,22.562664000343489],[-119.87837200036745,22.598156000299298],[-119.86515000037213,22.633867299936071],[-119.85259200042037,22.669782599987116],[-119.84072099977425,22.705894499931389],[-119.82952100039375,22.742191299588967],[-119.81900800031889,22.778665500412671],[-119.80916599971101,22.81529809972767],[-119.80003400036873,22.852085100047475],[-119.79158800028591,22.889011399956303],[-119.78382900040793,22.926067400090574],[-119.77677899995081,22.963243500187502],[-119.77043200043636,23.000526400173385],[-119.76478599997381,23.037904700241882],[-119.7598420004079,23.075366999687446],[-119.75560800030888,23.11290549958926],[-119.75208299963066,23.150505100330236],[-119.74926800021797,23.188156100024116],[-119.74717700001844,23.225845300220556],[-119.74578899986238,23.263561200389233],[-119.38285799959692,23.298372300241624],[-119.38279000005838,23.341913200134229],[-119.38355300017071,23.385450400215916],[-119.38514699993402,23.428964600136339],[-119.38756599997083,23.472450299641764],[-119.39082299998137,23.515888200180427],[-119.39488999957371,23.559266999972237],[-119.39979600008525,23.602575300110175],[-119.40553300024766,23.645801500239202],[-119.41208600026863,23.688924799939684],[-119.41946399966378,23.731939299659075],[-119.42767299960917,23.77482600031982],[-119.43669099998954,23.817577399777292],[-119.44654100006699,23.860176099747321],[-119.45720700000294,23.902610800248397],[-119.46868100032782,23.944871900118244],[-119.48098000002688,23.986938500011888],[-119.49407999979206,24.028802899934021],[-119.50798799994612,24.070451699986108],[-119.52268200037395,24.111869799651686],[-119.53818500033742,24.15304759956723],[-119.5544969998366,24.193969699742013],[-119.57158700013986,24.234624900019242],[-119.5894700001403,24.274999599951741],[-119.60813100004555,24.315082600281926],[-119.62755600010922,24.354858400295086],[-119.64775800003156,24.394319499645349],[-119.66872400011243,24.433448800421957],[-119.69045999972911,24.472236599839334],[-119.71294399966575,24.510673499982204],[-119.73618300024515,24.548738499882006],[-119.76013899971497,24.586429600345923],[-119.78485099987364,24.623731600133397],[-119.81027200035243,24.660629299802508],[-119.83643299988296,24.697114900432439],[-119.86328899998728,24.733177200067871],[-119.89086199988128,24.768800699792621],[-119.91912099993408,24.80397990025233],[-119.94806700019183,24.838699299832967],[-119.97769899970899,24.872951499812018],[-120.00799600021514,24.906721100198752],[-120.03894800034982,24.940002400190735],[-120.0705639996288,24.972780200346108],[-120.10281400026582,25.005046799770128],[-120.13570399983962,25.036794699915617],[-120.16922000040262,25.068008400067754],[-120.20333899999474,25.098680499705438],[-120.23806799983822,25.128799400272271],[-120.27337600030205,25.158357599623685],[-120.30927300004885,25.187349299830487],[-120.34573399972419,25.215757400283962],[-120.3827669996972,25.24357599963281],[-120.42033400001401,25.270801499689583],[-120.45844999956773,25.297416700020847],[-120.49707800024942,25.323419599634974],[-120.53623200000669,25.348796800432126],[-120.57587399978519,25.373544699728257],[-120.61600499963095,25.397651699866174],[-120.6566089997055,25.421112100043501],[-120.69768499996269,25.443920099633033],[-120.73919699964171,25.466064500276616],[-120.78115800024142,25.48754120016639],[-120.82353200010164,25.508340799588382],[-120.86631800007552,25.52845760043806],[-120.9095150001171,25.547887800381829],[-120.95307899999574,25.566619899788691],[-120.99700899966552,25.584651900365031],[-121.04130600007176,25.601978300058647],[-121.0859379997388,25.618591299948662],[-121.13089800014251,25.634483299864542],[-121.17616300022218,25.649656299898481],[-121.22173299997786,25.664100599962865],[-121.26759299961714,25.67781069980407],[-121.31371299955521,25.690784500404504],[-121.36007699995349,25.703018200329836],[-121.40669999970515,25.714504200308738],[-121.45352199964049,25.725244500433519],[-121.50057200019756,25.735229500441221],[-121.54780600024662,25.74445920033196],[-121.59522199969541,25.752931600013483],[-121.64280699974313,25.760641100306657],[-121.69053600013621,25.767587700312276],[-121.73839600027509,25.773769399937976],[-121.78637699969869,25.779180500180075],[-121.83445700009037,25.783823000231394],[-121.88261400043569,25.787692999732315],[-121.93084699978914,25.790790600306082],[-121.97913399983412,25.793115599605358],[-122.0274660001557,25.794666299710116],[-122.07582099973928,25.79543880026057]]]},"properties":{"objectid":9319,"radii":34,"stormid":"ep132026","basin":"ep","stormnum":13,"advnum":"18","validtime":"2026090612","synoptime":"2026090512","timezone":"UTC","tau":24,"ne":150,"se":130,"sw":120,"nw":150,"idp_source":"ep132026_2026090515_forecastradii","idp_filedate":1788624162000,"idp_ingestdate":1788624176000,"st_area(shape)":18.094307190639721,"st_perimeter(shape)":15.999819129496874,"binnumber":"EP3"}},{"type":"Feature","id":9320,"geometry":{"type":"Polygon","coordinates":[[[-122.09043900025955,24.298177700240842],[-122.10796399993853,24.131812999870192],[-122.12387099964684,24.131559400046399],[-122.13977099993161,24.131048200214423],[-122.15565500037786,24.130283399659334],[-122.17151599976347,24.12926479963096],[-122.18736300030213,24.127990700410635],[-122.20317800026442,24.126464800010638],[-122.21897100011148,24.124685299786904],[-122.2347179996359,24.122652099914603],[-122.25043499957548,24.120365099669755],[-122.2660829999304,24.117826499693365],[-122.28169999975512,24.115039800146803],[-122.29725600036403,24.112005199780299],[-122.31275200000471,24.108716999590001],[-122.32817099969179,24.105182600097066],[-122.34352900016313,24.101402299876383],[-122.35880999978156,24.097373999910303],[-122.37400099974627,24.093105300369473],[-122.38912200008014,24.08859060027612],[-122.40415199981487,24.083837499800893],[-122.41908300038006,24.078840299940055],[-122.43391399993106,24.073608400407522],[-122.44864700035868,24.068138099593739],[-122.46325699961073,24.062431299564992],[-122.47776799969336,24.056489899689268],[-122.49216499991473,24.05032159996199],[-122.50642400006745,24.043918599663812],[-122.52056900035899,24.037292500048977],[-122.5345840000515,24.030437499591073],[-122.54846199972144,24.023359299991853],[-122.56220200022204,24.016061799812348],[-122.57579800037735,24.008542999859685],[-122.58924900014114,24.00080869986175],[-122.60253899967501,23.992858899818486],[-122.61568499976283,23.984697300440189],[-122.62867699994348,23.97632599984513],[-122.64148699982508,23.967748599818151],[-122.65413700042217,23.958969099644378],[-122.6666259998899,23.949987400398356],[-122.67891700011938,23.940803500281447],[-122.69104800016498,23.93142699955655],[-122.70298800039581,23.921857800197472],[-122.71474500028143,23.912096000230349],[-122.7263179997758,23.902149199825828],[-122.73768599970902,23.892019300150707],[-122.74885600040398,23.881706199581572],[-122.75984199980837,23.871217699737201],[-122.77062199960551,23.860553699893501],[-122.78118100000307,23.849719999778301],[-122.79153399989411,23.83871839983442],[-122.80168200022405,23.827550900154051],[-122.81159999984004,23.816223099916272],[-122.82131199984883,23.80473709993737],[-122.8307950000891,23.793100399663842],[-122.84005700003041,23.781310999902871],[-122.84908299988047,23.769376800299256],[-122.85787999996194,23.757297499580091],[-122.86646300006731,23.745078999995997],[-122.87479400024284,23.732727100375541],[-122.8828809999581,23.720243500437334],[-122.89073199958204,23.707632099641842],[-122.89834599996783,23.694894800055124],[-122.90570800042377,23.682037399606429],[-122.91282699956628,23.669067400440326],[-122.91969299963216,23.655981100047882],[-122.92630799981424,23.642789800209243],[-122.93267100006653,23.629491800306482],[-122.93878200038893,23.616096500053573],[-122.94462600008973,23.602605799718049],[-122.95021100043721,23.589021700291369],[-122.95553599958663,23.575349800053345],[-122.96060899970547,23.561594000263028],[-122.9654160001482,23.54775999992421],[-122.96994799960044,23.53385159957179],[-122.97422800002209,23.519872699565553],[-122.97822600002979,23.505826999716419],[-122.98197200010765,23.491718299659965],[-122.98542800030185,23.477552400023399],[-122.98862500024347,23.463334999810513],[-122.99154700009387,23.449068100012937],[-122.99420200022206,23.434755299717438],[-122.9965899997286,23.420400600007838],[-122.9986949996744,23.406011600155352],[-123.00052599957513,23.391593900238433],[-123.00206799963837,23.377145799639095],[-123.00334900025604,23.362676600045177],[-123.00436400029827,23.348186500206964],[-123.00508899955759,23.333682999570897],[-123.00553899962506,23.319171899663559],[-123.00571399960131,23.304657000120585],[-122.8245089997904,23.29252430035632],[-122.8242189999068,23.280912399787553],[-122.82371500004712,23.269308100288754],[-122.82298999988848,23.257713300328703],[-122.82205199979984,23.24613190026713],[-122.82089200026553,23.234567599914953],[-122.81949599974052,23.223022500088462],[-122.81789399960832,23.211502100141956],[-122.81607800039933,23.200010300435167],[-122.81404900036097,23.188547100068774],[-122.81177499981629,23.177118299669928],[-122.80931899987183,23.165729500216401],[-122.80662499974386,23.15438079973427],[-122.80371899973198,23.143075899833036],[-122.80060600006675,23.131820700065418],[-122.79728699989505,23.120616900149969],[-122.79374700032372,23.109468500271191],[-122.78998599955412,23.098377200147809],[-122.78604100019191,23.087348900231689],[-122.78187599967754,23.076385499891046],[-122.77748899971749,23.065490699836062],[-122.77291099994261,23.05466459989151],[-122.76813500003016,23.043916699596139],[-122.76314500014155,23.033246999849325],[-122.75797299995389,23.022659300286648],[-122.75258599974399,23.012155500276265],[-122.74700200034192,23.001737599910427],[-122.74121899985687,22.991413100434386],[-122.73525199987978,22.981182099874161],[-122.72908799981127,22.971050299931562],[-122.72274000025072,22.961013800246803],[-122.71619399965329,22.951085999819156],[-122.70946499960996,22.941263199737023],[-122.70255300012076,22.931549099811264],[-122.69545700024025,22.921947499677515],[-122.6881790000607,22.912458400235096],[-122.68073300022769,22.903089499680789],[-122.67309599968053,22.893842700080711],[-122.66529799980276,22.884719800078869],[-122.65733300031764,22.875721000224132],[-122.64919299995688,22.866851799870801],[-122.64088399989657,22.858116100277925],[-122.63241599969854,22.849512100103482],[-122.62378700016984,22.841047299693287],[-122.61499799955794,22.83272169994666],[-122.60606400035323,22.824537300056477],[-122.59697000006537,22.816497799833712],[-122.58772299991642,22.808605200269938],[-122.57833899974497,22.800861399833877],[-122.56880199971243,22.793272000402624],[-122.55911299986496,22.785833400191393],[-122.54930900011016,22.778554899988762],[-122.53935999996395,22.771431000440487],[-122.52928200016407,22.764469100268911],[-122.5190660002956,22.757667499755428],[-122.50871999982803,22.75103379997006],[-122.49826799986823,22.744565999921122],[-122.48768600020867,22.738265999876148],[-122.47698999978854,22.732137700194869],[-122.46618699983009,22.72618100015319],[-122.45525400017186,22.720397899843363],[-122.44422899986836,22.71479229962506],[-122.43309800007256,22.70936390002413],[-122.42186700016185,22.704112999615404],[-122.4105449996519,22.699045200275918],[-122.39912399997252,22.694158599939556],[-122.38761099964785,22.68945690021593],[-122.37601499999215,22.684938399587622],[-122.36433400001397,22.68060679966419],[-122.35256999980555,22.676464099638622],[-122.34073599996634,22.67251009986137],[-122.32882700026573,22.668746900249403],[-122.31686399987359,22.665172599635923],[-122.30480999978158,22.661794700165444],[-122.2927090002201,22.658607500136156],[-122.28055600005928,22.655616800175324],[-122.26834099973723,22.652820600190694],[-122.25607299966913,22.650220900274462],[-122.24376699964722,22.647817599702591],[-122.23140000040962,22.645610800098495],[-122.21900900006523,22.643604300198433],[-122.20658099981318,22.641796099910209],[-122.19410700013788,22.640188200225396],[-122.18162500009356,22.638778699977138],[-122.16911299956519,22.637571299875731],[-122.15657000030518,22.636564300202451],[-122.14401999982306,22.635759399776646],[-122.13144700007888,22.635152799861942],[-122.11886599996581,22.634750400011114],[-122.10628499985279,22.634548200039546],[-122.09370399973972,22.634548200039546],[-122.08112299962664,22.634750400011114],[-122.06855800025141,22.635152799861942],[-122.05599199993077,22.635759399776646],[-122.04343399997902,22.636564300202451],[-122.03089099981969,22.637571299875731],[-122.01837900019063,22.638778699977138],[-122.00588200035395,22.640190099593553],[-121.99342299957169,22.641796099910209],[-121.98099500021897,22.643604300198433],[-121.96860499992073,22.645610800098495],[-121.95623799978375,22.647817599702591],[-121.9439319997619,22.650220900274462],[-121.93166399969374,22.652820600190694],[-121.91945599969455,22.655616800175324],[-121.9072950000641,22.658611299771792],[-121.89519499964945,22.661794700165444],[-121.88314099955738,22.665174499903401],[-121.87116200022604,22.668746900249403],[-121.85926800031785,22.67251009986137],[-121.84741999983305,22.676464099638622],[-121.83566299994737,22.680608699931724],[-121.82398199996925,22.6849402998551],[-121.81238600031355,22.68945690021593],[-121.80088000031168,22.694160500207033],[-121.78945899973297,22.699047099644076],[-121.77813700012234,22.704112999615404],[-121.76689100041926,22.70936390002413],[-121.75577500041584,22.71479229962506],[-121.744736000366,22.720399899935558],[-121.73382599996984,22.72618100015319],[-121.72301499964243,22.732139599563027],[-121.71231800007553,22.738267900143626],[-121.70173600041602,22.744569799556757],[-121.69126899976442,22.751035700237537],[-121.68094600035755,22.757671400115157],[-121.67072300016622,22.764471100361106],[-121.6606450003664,22.771432899808644],[-121.65069600022014,22.77855680025624],[-121.64087699977364,22.785835299559551],[-121.6312029997186,22.793273899770782],[-121.62167400005495,22.800865200368833],[-121.6122889998374,22.808607099638095],[-121.60303500026498,22.816501600368724],[-121.59394099997706,22.824539200323954],[-121.58500699987303,22.832723600214138],[-121.57620999979156,22.841051100228242],[-121.56758899973244,22.849514000370959],[-121.55912000038762,22.858118100370177],[-121.55081200037341,22.866855600405756],[-121.54267099996656,22.87572289959229],[-121.53470599958212,22.884721800171064],[-121.52690899975045,22.893846499716346],[-121.5192720001026,22.903093300215801],[-121.51182600026959,22.912462199870788],[-121.50454700004394,22.921949399944992],[-121.49745899963301,22.931551000078741],[-121.49054700014386,22.9412651000045],[-121.48380999973159,22.951087999911408],[-121.47726400003347,22.961019500149973],[-121.47091699961976,22.97105220019904],[-121.46475200040442,22.981185900409116],[-121.4587859995741,22.991416900070021],[-121.45300299998837,23.001741400445439],[-121.44741799964089,23.0121592999119],[-121.44203899979993,23.022659300286648],[-121.43685900014265,23.033248900116803],[-121.43187699972367,23.043920500131094],[-121.42709400038774,23.054668400426465],[-121.42250099992111,23.065492600103539],[-121.41812899975343,23.076387400158524],[-121.41396300009228,23.087350799599847],[-121.41001899987685,23.098379100415286],[-121.40625800000657,23.109472299906884],[-121.40272499985878,23.120620699785604],[-121.39939099989465,23.131824499701054],[-121.39627099990662,23.143077899925288],[-121.39337899964102,23.154382700001747],[-121.39068599955914,23.165731399584558],[-121.38822899956858,23.177122100204883],[-121.38596300029212,23.188549000336252],[-121.38392599988487,23.200012199803325],[-121.38211099982271,23.211505899777592],[-121.38050799964435,23.223026299724097],[-121.37912000038762,23.234569500182431],[-121.37795299963113,23.246135699902766],[-121.37701400039572,23.257717099964339],[-121.37628900023708,23.269313800191867],[-121.37578600042349,23.280918099690666],[-121.37549599964058,23.292530100084207],[-121.01313799971882,23.304969799616686],[-121.01333599985639,23.32238960020004],[-121.01385500040783,23.339801799713427],[-121.01470199989728,23.35720630013077],[-121.01588400044619,23.374593699939453],[-121.01738699961027,23.391958200310853],[-121.01923400024884,23.409297900078172],[-121.02140799977929,23.426603299702663],[-121.02391800041528,23.443872499816166],[-121.02674899966649,23.461099599966701],[-121.0299000001848,23.478277199633226],[-121.03338599996385,23.495403299622694],[-121.03720099962635,23.512468299672435],[-121.04133599965655,23.529472400331144],[-121.04580699989305,23.546405799887907],[-121.0505829998055,23.563266800422639],[-121.05569499992424,23.580047600316618],[-121.06111900004174,23.596742600390826],[-121.06686399967373,23.613349900377727],[-121.07292200025,23.629863699650173],[-121.07930000029467,23.646274600292713],[-121.08599100038424,23.662580499690478],[-121.09300199994226,23.678781500366085],[-121.10031099975276,23.69486430044725],[-121.10791799981575,23.710828800109198],[-121.11583699987756,23.726665499813123],[-121.12407700035317,23.742374399559026],[-121.13259900034348,23.757951699711327],[-121.1414260000098,23.773387899831846],[-121.15053600013619,23.788680999828443],[-121.15994999989249,23.80382539962261],[-121.16964700010885,23.818815199661856],[-121.17963400020886,23.833646799959979],[-121.18990299982352,23.848319999968169],[-121.20046999969065,23.862821600336702],[-121.21128800034086,23.877155299977233],[-121.22238899965254,23.891311600250276],[-121.2337720002775,23.905288699813809],[-121.24540699993298,23.919080700014433],[-121.25732400000248,23.932683900142024],[-121.26947800020946,23.946094499661569],[-121.28190599956213,23.959308600012037],[-121.29458599974402,23.972322499583811],[-121.30751000038612,23.985128400355507],[-121.32067899973595,23.997724500085724],[-121.33409100039927,24.010110900397876],[-121.34774000030069,24.022279699848411],[-121.36161799997063,24.034227400074599],[-121.3757319997319,24.045949900167898],[-121.39006000036863,24.057445500409642],[-121.40461699987458,24.068708400172682],[-121.41938800025594,24.079736700088802],[-121.43437199966797,24.09052659962299],[-121.44956199958654,24.101074200214327],[-121.46494300021919,24.111379599888778],[-121.48052999955974,24.121435200274391],[-121.49630699956828,24.131237000287456],[-121.51227600033707,24.140787099844943],[-121.52842699960627,24.150077799850749],[-121.54476200016609,24.159109100304875],[-121.56124899964152,24.167879100040579],[-121.57791900036148,24.176380199786536],[-121.59474900036599,24.184616100252981],[-121.61173999970111,24.192579300194666],[-121.62886799995812,24.200267800418771],[-121.64616399986863,24.207679699758501],[-121.66358200000923,24.214817000104631],[-121.6811449996419,24.221672100387252],[-121.69883699982756,24.22824480005761],[-121.71665200028951,24.234533299572263],[-121.73458900008217,24.240535699563054],[-121.75263200026649,24.246248200394291],[-121.77079799982772,24.251670800267334],[-121.78905499998814,24.256801599814139],[-121.80741100021737,24.26163859984166],[-121.8258669996622,24.266179999907195],[-121.8443910004442,24.270427700278276],[-121.86300700007291,24.27437400006022],[-121.88169899960906,24.27802469988012],[-121.90045200015959,24.28137400001026],[-121.91926599992587,24.284421899551148],[-121.93814099980722,24.287168500126313],[-121.95706200001121,24.289611799844806],[-121.97603599996131,24.291751900330098],[-121.99503300007279,24.293584799598989],[-122.0140759996076,24.295114499634565],[-122.03314999967267,24.296339000344744],[-122.05223100006049,24.297258399755492],[-122.07132700024079,24.297870599748535],[-122.09043900025955,24.298177700240842]]]},"properties":{"objectid":9320,"radii":50,"stormid":"ep132026","basin":"ep","stormnum":13,"advnum":"18","validtime":"2026090612","synoptime":"2026090512","timezone":"UTC","tau":24,"ne":60,"se":40,"sw":40,"nw":50,"idp_source":"ep132026_2026090515_forecastradii","idp_filedate":1788624162000,"idp_ingestdate":1788624176000,"st_area(shape)":2.2030598957611529,"st_perimeter(shape)":5.858522651103355,"binnumber":"EP3"}},{"type":"Feature","id":9321,"geometry":{"type":"Polygon","coordinates":[[[-123.07732399960281,26.429079100320394],[-123.12271900028156,26.429079100320394],[-123.16809800022241,26.428354299811247],[-123.2134479997253,26.426908500227228],[-123.25875900012767,26.424739800401596],[-123.30403099963081,26.421850200426547],[-123.34923599964156,26.418239599577987],[-123.39435600022915,26.413909899922089],[-123.43937699984855,26.408863099752409],[-123.48429099992961,26.403095199783763],[-123.52908299978054,26.396615999928599],[-123.57373000013928,26.389427199905469],[-123.61823300015277,26.381525000078852],[-123.6625600001438,26.372915300001239],[-123.70671100011248,26.363599800290672],[-123.75067100026638,26.353584299775775],[-123.79442599995986,26.342868800255076],[-123.83794400041518,26.331458999833103],[-123.88122599987992,26.319358799768963],[-123.92426299973755,26.306566199970291],[-123.96703299987297,26.293096499703836],[-124.00952099959437,26.278945900233225],[-124.0517200003776,26.264118200294831],[-124.09361299964013,26.248622900326723],[-124.13518500028744,26.232460000328899],[-124.17642199987529,26.215639099664884],[-124.21732300015623,26.198167800303906],[-124.25785100032334,26.18004420017985],[-124.2980119997539,26.161275900362682],[-124.33780700029274,26.141876200026729],[-124.37718999981854,26.121841400260564],[-124.41616100012993,26.101184800238457],[-124.45471199995876,26.079912199688408],[-124.49283599988138,26.058025399952385],[-124.53051800010553,26.03553579993735],[-124.56774099984716,26.012449300095284],[-124.60448499998267,25.98877720040764],[-124.64076999963567,25.964521400242575],[-124.67654400000549,25.939691499862988],[-124.71181499966241,25.914295200163508],[-124.74658200035896,25.888341899958846],[-124.78082999960469,25.861839300143743],[-124.81454500035142,25.834793099721935],[-124.84769400017785,25.807218599758698],[-124.88030200023701,25.77911759979753],[-124.91234600036751,25.750503499736851],[-124.94382499962393,25.721382100203925],[-124.97470900022012,25.691764800105602],[-125.00499700031122,25.661659199612529],[-125.03469099998955,25.631078700421824],[-125.06375899957806,25.600030900006175],[-125.09223199960701,25.568523400334811],[-125.12005600028408,25.53656579987188],[-125.14725500001816,25.504173299858053],[-125.17379800007757,25.471349699928851],[-125.19969900020862,25.438112300342539],[-125.22493000001941,25.404464700185883],[-125.24950400010943,25.370424300441243],[-125.2733920000407,25.335994700195386],[-125.29661599992835,25.301189400070882],[-125.31913000034916,25.266021700141494],[-125.3409579997118,25.230501199770686],[-125.36209100029936,25.194639199839344],[-125.38251499966742,25.158445400435028],[-125.40222200014512,25.121931099740607],[-125.42122699972617,25.085111599720676],[-125.43949100020939,25.04799270010318],[-125.4570309996808,25.010589600329922],[-125.47384599989289,24.972915599575401],[-125.48991399983112,24.934974699822703],[-125.50524900014113,24.896789599960186],[-125.5198289998084,24.858364099623657],[-125.53366900042391,24.819711700334835],[-125.54673799965889,24.780845599644863],[-125.55907400016491,24.741775500339202],[-125.5706329999129,24.702518500328665],[-125.58143599987142,24.66308209995907],[-125.59147599971755,24.623477899585566],[-125.60075400039671,24.583721200273317],[-125.60924499985674,24.543825099748688],[-125.6169819996195,24.503795600087017],[-125.62393199996171,24.463653599733959],[-125.6301190001916,24.423406599934765],[-125.63552899966351,24.383066200145151],[-125.64016000008382,24.342645599714785],[-125.64401199965397,24.302158399990333],[-125.64708700026478,24.261613800136899],[-125.64938400007145,24.221027399794821],[-125.65090199992727,24.180412300287571],[-125.65164900020113,24.139778100079411],[-125.65161899971696,24.099140200060333],[-125.28652200029001,24.067020399671833],[-125.28526299978751,24.032203699741103],[-125.28334000014081,23.997413599957838],[-125.28075399959732,23.962655999874642],[-125.27750399990958,23.927946099832809],[-125.27359799964785,23.893293400270352],[-125.26903499966539,23.858707399826756],[-125.26380200026199,23.824199699756491],[-125.25792700003092,23.789779699773476],[-125.2514039995948,23.755458799683993],[-125.24423199980686,23.721246699575659],[-125.23640400034424,23.687156700421554],[-125.22792799977725,23.653190599966365],[-125.21881899969696,23.61937140017011],[-125.20908400042617,23.585697199866047],[-125.19870000000492,23.552186999930257],[-125.1876910004392,23.518844599998431],[-125.17604800041482,23.48568149970157],[-125.16378000034666,23.452711099837529],[-125.1509020000272,23.419940899852804],[-125.13742099977924,23.387378699567478],[-125.12330599997182,23.355037700129913],[-125.10859699975163,23.322923700368619],[-125.09329199992578,23.291051899725517],[-125.07737699984858,23.259427999902414],[-125.06089000037315,23.228061700087551],[-125.04380000006984,23.19696430026238],[-125.02613800036835,23.16613960006265],[-125.00791900016162,23.135601000286101],[-124.98910500039534,23.105359999664415],[-124.96974899991631,23.075422299899344],[-124.94982100003904,23.045797299805656],[-124.92935899981791,23.016494800195005],[-124.90834800035987,22.987518300329441],[-124.88678699982012,22.958885200291888],[-124.8647160000433,22.930597299625845],[-124.84210999987653,22.902668000028314],[-124.81899300042653,22.875099199968247],[-124.79536399984863,22.847904200418668],[-124.77122500003361,22.821088800208088],[-124.74660499962096,22.794662499774688],[-124.7214970000864,22.768632900188322],[-124.69589999958521,22.743003800185363],[-124.66985299991592,22.71779059975654],[-124.64331800022546,22.692993199976343],[-124.61634099993711,22.66862299975179],[-124.58891300043456,22.644685699885258],[-124.56104300033411,22.621189100196943],[-124.53275299975104,22.598138799865865],[-124.50404399963077,22.575542399961932],[-124.47489900008867,22.553407700305286],[-124.445365999741,22.531740200250169],[-124.41543599997135,22.51054380015637],[-124.38512399967277,22.489831899922365],[-124.35443099979074,22.469600699912519],[-124.32336399974872,22.449865299743919],[-124.29194599970805,22.430623999697957],[-124.26017799971481,22.41188809975614],[-124.22805799967688,22.393661500278142],[-124.1956180001705,22.375949900267813],[-124.16285700025026,22.358755100167855],[-124.12978400033126,22.342086800065886],[-124.09639700032119,22.325948699772823],[-124.06274399973569,22.310340900012648],[-124.02879299979702,22.295272799600184],[-123.99456000034365,22.280748399619085],[-123.96008300043002,22.266773200323087],[-123.92534600021764,22.253345500194825],[-123.89037299991395,22.24047660011513],[-123.85517099984168,22.228164699641297],[-123.81974000000093,22.216413500382885],[-123.78411100002256,22.205230699637241],[-123.74826800006804,22.194618200369803],[-123.71224199976837,22.184575999882611],[-123.67603300002281,22.175111799969727],[-123.63966400009343,22.166223499814805],[-123.60313399993407,22.157918900137247],[-123.56646000032868,22.150194200402154],[-123.5296479997553,22.143056900056024],[-123.49270600038153,22.136505099730698],[-123.45564299992441,22.13054279961068],[-123.41848799972132,22.125173599682],[-123.38124099977222,22.120397599769547],[-123.34390300012325,22.11621279978101],[-123.30650300031311,22.112625100168373],[-123.26904300043401,22.10963440020754],[-123.23153700023227,22.107240699898512],[-123.19398499970788,22.105444000140608],[-123.15640299959864,22.104244200209791],[-123.11880499965093,22.103645300290509],[-123.08120000027969,22.103645300290509],[-123.04360999980156,22.104246099577949],[-123.00602699964622,22.105445900408142],[-122.96847500002116,22.107240699898512],[-122.93096200039594,22.10963440020754],[-122.89350899994031,22.112625100168373],[-122.85610199980738,22.11621279978101],[-122.81877099958189,22.120397599769547],[-122.78151700020931,22.125175499949478],[-122.74436200000622,22.130544699878158],[-122.70731400024084,22.136506999998176],[-122.67038000033665,22.143058800323502],[-122.63356799976327,22.150196099770312],[-122.59688599978898,22.157920800404781],[-122.56034099983719,22.166225400082283],[-122.52397900023061,22.175115599605363],[-122.48776999958574,22.184579800417623],[-122.45174400018539,22.194622000005438],[-122.41591600002329,22.205236400439674],[-122.38027200025249,22.216419200285998],[-122.34484100041175,22.228166599908775],[-122.30963900033947,22.240478500382608],[-122.27466600003578,22.253349299830461],[-122.23992899982341,22.266776999958722],[-122.2054440004402,22.280752200154041],[-122.17122699992603,22.295276600135139],[-122.13726799961842,22.310344699648283],[-122.10360699956328,22.325950600040301],[-122.07023600029106,22.342090599701578],[-122.03715500000317,22.358760800071025],[-122.00439500012908,22.375953699903448],[-121.97194700025375,22.393667200181312],[-121.93983499968539,22.411893799659254],[-121.90807299996891,22.430631599868605],[-121.87664000013581,22.449869200103649],[-121.84558899993232,22.469608300083109],[-121.81489600005028,22.489837599825535],[-121.78456899995928,22.51054950005954],[-121.75463900018963,22.531745900153282],[-121.7251049997958,22.553411499940921],[-121.69598399956186,22.57554819968982],[-121.66726699997196,22.598144499768978],[-121.63896199959652,22.621192899832579],[-121.61109899981892,22.644691499613145],[-121.58367899978595,22.668628699654903],[-121.55670200039691,22.692998899879456],[-121.53017400012993,22.717796299659653],[-121.5041119997689,22.743013400448206],[-121.47852299963665,22.76864050035897],[-121.4534150001021,22.794670099945279],[-121.42878700021981,22.821096400378735],[-121.40466300019722,22.847911799689939],[-121.38102700019579,22.87510489987136],[-121.35791800021542,22.902673699931427],[-121.33530399967975,22.930604899796435],[-121.31323199985684,22.958890900195001],[-121.29167899968598,22.98752779986819],[-121.27066800022794,23.016500500098118],[-121.25019100021439,23.045804999801021],[-121.23026999976059,23.075429900069992],[-121.21089900038845,23.105369599927258],[-121.19210799988417,23.135608700281409],[-121.1738660004155,23.166149099601398],[-121.15620399981464,23.196970000165493],[-121.13913000024922,23.228067399990664],[-121.12262700003595,23.259435699897779],[-121.10672799979727,23.291061400163642],[-121.09141499960248,23.322935100174902],[-121.07671399975118,23.355045300300503],[-121.06260700031271,23.387390100273024],[-121.04911000022622,23.419948599848169],[-121.03622400043719,23.452720600275597],[-121.02397200020755,23.485691099964413],[-121.01233699965275,23.518854100436499],[-121.00132800008703,23.552194600100847],[-120.99094399966577,23.585706700304115],[-120.98119399970324,23.619381000432952],[-120.97209199994575,23.653202099597365],[-120.96362299970156,23.687164299692824],[-120.95579500023899,23.721258200105979],[-120.94862399959783,23.755468399946835],[-120.94209299969208,23.789789200211544],[-120.93621800036033,23.824207299927082],[-120.93098400001151,23.858717000089598],[-120.92642200007515,23.893301000440943],[-120.92251599981347,23.927955600270877],[-120.91926600012573,23.962663699870006],[-120.91668699990504,23.997421299953146],[-120.91475699993549,24.032215100446649],[-120.91350599980194,24.067033799570311],[-120.54840100000604,24.099147800230924],[-120.54837000037514,24.139787700342254],[-120.54912600016468,24.18042179982632],[-120.5506440000205,24.221040699868524],[-120.55293999978107,24.2616252997679],[-120.55600700002293,24.302167900428401],[-120.55987500033092,24.342657100245106],[-120.56450699989801,24.383077599951434],[-120.56990100043072,24.42341610037289],[-120.57608799976128,24.463665000439562],[-120.58304599957313,24.503808999985495],[-120.59077499986626,24.543836600279008],[-120.59927399969524,24.5837326000796],[-120.6085510003283,24.623489400115886],[-120.61859100017443,24.663091700221912],[-120.62939500017904,24.702527999867414],[-120.64096100024989,24.741786999970202],[-120.65328200006417,24.780855199907705],[-120.66635899966803,24.819721199873641],[-120.68019900028355,24.858371699794247],[-120.69478600027361,24.896799100398312],[-120.71011400026083,24.934986099628929],[-120.72618899962254,24.972925199838244],[-120.74299600036505,25.010601000136205],[-120.76053599983641,25.04800419973418],[-120.77880899983541,25.085121199983519],[-120.79779799957794,25.121940600178675],[-120.81751300042453,25.158454899973776],[-120.83793599974649,25.194648700277412],[-120.85906200001119,25.230510700208811],[-120.88089799974279,25.266031300404336],[-120.90341899958707,25.301197100066247],[-120.92662799968235,25.336002300366033],[-120.95053899977495,25.370431899712571],[-120.97509800007253,25.404474300448726],[-121.00034299962965,25.43811989961381],[-121.02623000001438,25.471359300191693],[-121.05278000039658,25.504182800296121],[-121.07997900013066,25.536573400042528],[-121.10781100027737,25.568529100237924],[-121.13626100014494,25.600038500176765],[-121.16534400042519,25.631088299785347],[-121.19502999973463,25.661670700142849],[-121.22532700024078,25.691774400368445],[-121.25621800026039,25.72138980019929],[-121.28767400025481,25.750511199732216],[-121.31972499980878,25.779125199968121],[-121.35232500039837,25.807224299661868],[-121.38549800043228,25.834800699892526],[-121.41921200023353,25.861845000046856],[-121.45344499968689,25.888347599861959],[-121.48821300042954,25.914300900066621],[-121.52349100040925,25.939697299590819],[-121.55927300024865,25.96452519987821],[-121.59553499974038,25.988782900310753],[-121.63230099999106,26.012456900265875],[-121.66950999998642,26.035541499840463],[-121.70719899963404,26.058031099855498],[-121.74530799976429,26.079916000223363],[-121.78387500033091,26.101190599966344],[-121.82284499969688,26.121847199988451],[-121.862228000122,26.141881899929899],[-121.90200799996916,26.161283499633953],[-121.94218400009146,26.180047999815486],[-121.98271200025852,26.198171599939542],[-122.02361299964014,26.215646699835474],[-122.06485699955078,26.232465700232012],[-122.10642199987529,26.248626699962358],[-122.14832300040604,26.264121999930467],[-122.19051399992105,26.27894779960144],[-122.23300199964245,26.293098399971313],[-122.27577199977787,26.306571999698178],[-122.31880200021203,26.319360700036441],[-122.36209099999957,26.331462900192832],[-122.40561699992452,26.342870699623234],[-122.44936400014842,26.353586200043253],[-122.49331699997947,26.36360169965883],[-122.53747600031704,26.372917200268716],[-122.58180200026203,26.38152690034633],[-122.62631199969894,26.389429100173004],[-122.67095199973488,26.396619799564235],[-122.71574399958581,26.403097199876015],[-122.76065799966688,26.408865000019887],[-122.80568699965522,26.413909899922089],[-122.85080700024275,26.418239599577987],[-122.89601100020741,26.421852099794705],[-122.94127700033323,26.424739800401596],[-122.98658799983622,26.426908500227228],[-123.03194399961581,26.428356200078724],[-123.07732399960281,26.429079100320394]]]},"properties":{"objectid":9321,"radii":34,"stormid":"ep132026","basin":"ep","stormnum":13,"advnum":"18","validtime":"2026090700","synoptime":"2026090512","timezone":"UTC","tau":36,"ne":140,"se":120,"sw":120,"nw":140,"idp_source":"ep132026_2026090515_forecastradii","idp_filedate":1788624162000,"idp_ingestdate":1788624176000,"st_area(shape)":16.220362107853791,"st_perimeter(shape)":14.918925635463347,"binnumber":"EP3"}},{"type":"Feature","id":9322,"geometry":{"type":"Polygon","coordinates":[[[-123.09362000016279,24.765453299930016],[-123.10640699988306,24.765453299930016],[-123.11920199997223,24.765247300322812],[-123.13198100022288,24.764841099936973],[-123.14475300015073,24.764230700386634],[-123.15750900024005,24.76341630042208],[-123.17024999963769,24.762395899950945],[-123.18296799977327,24.761177100043255],[-123.19567899958605,24.759754199896577],[-123.20833599960662,24.758131000045751],[-123.22096300004233,24.756301900412495],[-123.23355899994777,24.754274400443364],[-123.24610900042995,24.752046599870823],[-123.25860600026658,24.749620399861726],[-123.27106500014952,24.746995900240734],[-123.28348500003261,24.744171100016388],[-123.29582199968547,24.741149900447681],[-123.3081129999149,24.737930299643779],[-123.32034300002931,24.734518100030414],[-123.33249700023629,24.730911299716865],[-123.3445739995903,24.727111799869817],[-123.35658300030514,24.723119700314044],[-123.36850699979811,24.718935000150282],[-123.38034799996012,24.714565300448385],[-123.39211300021469,24.710002900313725],[-123.40377800035435,24.705257400009145],[-123.41535900021762,24.700324999898953],[-123.42683399968922,24.695209499618841],[-123.43821700031424,24.689912800335605],[-123.44948600017869,24.68443299998313],[-123.46064799960538,24.678777699631269],[-123.47169500002411,24.672944999911977],[-123.48263500000513,24.666934999750595],[-123.49346200017106,24.660751300032587],[-123.50415799969181,24.654397999867967],[-123.51472499955901,24.647876700049835],[-123.52516199972644,24.641185799784978],[-123.53547699966373,24.634328800134142],[-123.54567000027021,24.627307899939751],[-123.55571000011633,24.620130499722904],[-123.5656129999399,24.6127911001293],[-123.57536299990244,24.60529519961392],[-123.58498400021136,24.597644800067599],[-123.59443699996746,24.589841799959231],[-123.60375199965495,24.581891999916024],[-123.61290700005793,24.57379339984567],[-123.62189499995418,24.565551800375431],[-123.6307299999894,24.557165099789643],[-123.63940399979464,24.5486393001637],[-123.64791900036147,24.539977999685107],[-123.65624999963768,24.531181299977163],[-123.66442099962933,24.522256900135972],[-123.67240900017515,24.513200799977085],[-123.68022199984534,24.504018800127653],[-123.68785900039245,24.494712799955892],[-123.69532000001789,24.48528860008895],[-123.70259900024359,24.475744200434633],[-123.70968599970905,24.466089200356464],[-123.71659099977472,24.456321699586908],[-123.72330500002562,24.44644360019214],[-123.72982000009284,24.436460499552538],[-123.73614500039139,24.426376299826529],[-123.74227899997578,24.416194899575089],[-123.7482219997454,24.405914299605399],[-123.75395999995396,24.395540199820516],[-123.75949099960985,24.385076499680849],[-123.76482400002749,24.374528899988888],[-123.7699580002614,24.363895399753062],[-123.77487899966599,24.35318179960052],[-123.77960199983232,24.342393900158527],[-123.78411100002256,24.331529599711416],[-123.78841399970622,24.32059669987791],[-123.79249599999031,24.309597000201563],[-123.79637900009067,24.298532499875137],[-123.80004099989213,24.287408799876346],[-123.8034970000864,24.276228000122273],[-123.80673199998171,24.264995599967108],[-123.80975299990092,24.253709799867522],[-123.81255300042056,24.242381999629742],[-123.81513199974188,24.23100850034217],[-123.81749699998647,24.219595000109337],[-123.81965599972449,24.208149000176377],[-123.82157900027056,24.196670499643972],[-123.82328799994116,24.185159699960309],[-123.8247600003736,24.173623999847848],[-123.82603499981531,24.162067400390356],[-123.8270719999727,24.150491700231896],[-123.82788799983126,24.138902699999733],[-123.82849099975977,24.127300299869091],[-123.82887300028864,24.115690199743085],[-123.82904099994209,24.104078300073638],[-123.10001400004597,24.100000399798773],[-123.09526100029484,23.600913999581564],[-123.08574700042362,23.601062799608655],[-123.07625599981446,23.601367999833485],[-123.06676500010457,23.601821900260632],[-123.0572809998182,23.602426500083027],[-123.04779799957794,23.603181800200048],[-123.03834499982179,23.604091600247273],[-123.02890799990416,23.60514639978669],[-123.01950099957139,23.606357600423053],[-123.01011700029926,23.607711799560036],[-123.00073999955123,23.60922050042592],[-122.99140900002521,23.610874199884563],[-122.98210900013015,23.612680400080535],[-122.97284700018884,23.614631699593417],[-122.96362300020121,23.616731600383218],[-122.95442999984454,23.618976599590553],[-122.94529699955677,23.621370299899581],[-122.93619499979928,23.623907100332531],[-122.92715500020302,23.626588800432955],[-122.91816700030671,23.629415500025459],[-122.90921800041031,23.632383299649689],[-122.90033700005245,23.635494200297273],[-122.89151000038612,23.638746299901982],[-122.88275899972797,23.642137500345484],[-122.87406900008421,23.645668000378066],[-122.86543300023266,23.649337799999614],[-122.85688800008103,23.653140999657523],[-122.84840400004447,23.657083499803832],[-122.83999599991535,23.661157600443062],[-122.83168000043156,23.665367100311585],[-122.82343299963316,23.669706300405608],[-122.81526199964145,23.674180999553641],[-122.80718999971862,23.678781500366085],[-122.79919399970322,23.683509800237232],[-122.79129799980274,23.688365900066401],[-122.78350099997107,23.6933460002179],[-122.77579499983926,23.69845009979241],[-122.76818799977627,23.703674300228897],[-122.76067400040472,23.709022500088452],[-122.75325800015651,23.714489000367223],[-122.74596400013843,23.72007180007364],[-122.73876199986631,23.725768999839602],[-122.73167400035476,23.731580700389145],[-122.72469300038159,23.737504999656153],[-122.71783399973918,23.743539800421615],[-122.71108999990349,23.74968340026885],[-122.70445999992899,23.755931899737504],[-122.69794499986176,23.76228519990218],[-122.69155099997857,23.76874350041237],[-122.68529500016405,23.775299100373331],[-122.67914599988791,23.781953800227825],[-122.67314099995707,23.788707699800625],[-122.66725199997973,23.795557000355416],[-122.66149899997879,23.802497899558546],[-122.65588400004646,23.809528400015779],[-122.65039100034431,23.816648499928476],[-122.64504999955773,23.823852500292787],[-122.63983199994675,23.831144299669859],[-122.63476600015071,23.838516199862852],[-122.62983700037717,23.845966299705083],[-122.62503800030339,23.853494600095871],[-122.62039200009065,23.861101199960558],[-122.61589100026936,23.868778199654344],[-122.611542000263,23.876525899550757],[-122.60733799974878,23.884340300364727],[-122.60327899962601,23.892223400389753],[-122.59937300026365,23.900169399898004],[-122.59561899981691,23.908174500153223],[-122.59202599960008,23.916238800080691],[-122.5885700003052,23.924360299588272],[-122.58527400029476,23.93253519993965],[-122.58214599993784,23.940761599968027],[-122.57917000029516,23.949035600212937],[-122.57634000019078,23.957355500056451],[-122.5736769996937,23.96572109984902],[-122.57117500032592,23.974126800411625],[-122.56883999966618,23.982570599853432],[-122.56665799976679,23.991050700429639],[-122.56463600005128,23.999563199981822],[-122.56279000035812,24.008108100308732],[-122.56109599958063,24.016679800432598],[-122.55956299993238,24.025280000072087],[-122.55819699989155,24.033899300412543],[-122.55699900040344,24.042541500190225],[-122.55597700003841,24.051200900401398],[-122.55509900001874,24.059877400321909],[-122.55440500039037,24.068565399873421],[-122.55385600025414,24.07726099959558],[-122.55348999956374,24.085964200387707],[-122.55328399995653,24.094675100275822],[-122.37098700014985,24.104082099709274],[-122.37114700033368,24.11569400027804],[-122.37152899996329,24.127304100404046],[-122.37213099984569,24.13890460026721],[-122.37294799975029,24.150493599600111],[-122.37399300027664,24.162069299758514],[-122.37525900020262,24.173625900115326],[-122.37674699957427,24.185163499595944],[-122.37844100035181,24.196672399911449],[-122.38037899979093,24.208152799812012],[-122.38253000005938,24.21960070001245],[-122.38488799998112,24.231012299977806],[-122.38747399962529,24.242383999721937],[-122.39027400014487,24.253715499770635],[-122.39329500006409,24.264997500234585],[-122.39652999995945,24.276233700025386],[-122.39998600015372,24.287412600411301],[-122.40364799995513,24.298536300410092],[-122.40752399973269,24.309600799837199],[-122.41161300033963,24.320598600145445],[-122.41591600002329,24.331533400246371],[-122.42041799989067,24.342395800426004],[-122.42514800037981,24.35318569996025],[-122.4300689997844,24.36389730002054],[-122.43520400006446,24.374530800256366],[-122.44052900011314,24.385078399948327],[-122.44605999976909,24.395542100087994],[-122.4517969999315,24.405916199872877],[-122.45774099974727,24.416194899575089],[-122.46387500023098,24.426380200186259],[-122.47019999963021,24.436464300087493],[-122.47673000038913,24.446447399827775],[-122.48343700031722,24.456323599854386],[-122.490334000014,24.466091200448659],[-122.49742100037878,24.475748099895043],[-122.50470700002796,24.485292399724585],[-122.51216100022987,24.494716599591527],[-122.51979799987771,24.504022599763289],[-122.52761100044722,24.513200799977085],[-122.53560600041652,24.522258800403449],[-122.54377700040817,24.531185200336893],[-122.55210899973048,24.53998369958822],[-122.56061599992836,24.548643099799335],[-122.5692899997336,24.557167099881895],[-122.57813300013777,24.565553699743589],[-122.58711999998792,24.573795300113147],[-122.59628299986048,24.581891999916024],[-122.60559100012449,24.589847599687118],[-122.61505100020338,24.597646700335076],[-122.62465699982062,24.605299000148875],[-122.63442199957552,24.612794899764936],[-122.64431799997561,24.620132399990382],[-122.65436600019069,24.627309800207229],[-122.66454300005933,24.63433070040162],[-122.67485799999662,24.641187700052456],[-122.68529500016405,24.647878600317313],[-122.69586900035398,24.654399900135445],[-122.70658099971325,24.660753300124838],[-122.71740000040961,24.666936900018072],[-122.72832499969888,24.672944999911977],[-122.73937999958724,24.678779599898746],[-122.75054900023611,24.684434900250608],[-122.7618180001005,24.689914699703763],[-122.77318600003377,24.695211399886318],[-122.78467600019718,24.700324999898953],[-122.7962489996915,24.705257400009145],[-122.80791499987726,24.710004799681883],[-122.81967199976287,24.714565300448385],[-122.83152000024774,24.718936900417759],[-122.84344499978681,24.723121599682202],[-122.85545299955618,24.727111799869817],[-122.86753800017846,24.730913199984343],[-122.87969999985501,24.734518100030414],[-122.8919069998081,24.737932199911256],[-122.90420500036038,24.741149900447681],[-122.91655000038213,24.744171100016388],[-122.92895499957348,24.746995900240734],[-122.94141400035573,24.749622300129204],[-122.95391100019242,24.752048500138301],[-122.96646900014417,24.754274400443364],[-122.97906500004962,24.756303799780653],[-122.99169899990881,24.758131000045751],[-123.00436400029827,24.759754199896577],[-123.01705199994973,24.761179000310733],[-123.02977000008536,24.762399699586581],[-123.04251899985189,24.76341630042208],[-123.05527499994122,24.764230700386634],[-123.06804699986907,24.764841099936973],[-123.08083300044251,24.765247300322812],[-123.09362000016279,24.765453299930016]]]},"properties":{"objectid":9322,"radii":50,"stormid":"ep132026","basin":"ep","stormnum":13,"advnum":"18","validtime":"2026090700","synoptime":"2026090512","timezone":"UTC","tau":36,"ne":40,"se":30,"sw":0,"nw":40,"idp_source":"ep132026_2026090515_forecastradii","idp_filedate":1788624162000,"idp_ingestdate":1788624176000,"st_area(shape)":0.97446284270714112,"st_perimeter(shape)":4.4067827681978438,"binnumber":"EP3"}},{"type":"Feature","id":9323,"geometry":{"type":"Polygon","coordinates":[[[-124.18215900003776,26.529993100001718],[-124.21950500005562,26.696353900012639],[-124.25849200020554,26.695734000024231],[-124.29746999994046,26.694498100407145],[-124.33640300029811,26.69264599971325],[-124.37529000033317,26.690172200386883],[-124.41413100004553,26.687086100343379],[-124.4528959998504,26.68338389994716],[-124.49159200007068,26.679065699922262],[-124.53019000026819,26.674137100347025],[-124.56866500018953,26.668596299879482],[-124.60703999999589,26.6624450998616],[-124.6452870001948,26.655689200196548],[-124.68337200011763,26.64832499999892],[-124.72132100006399,26.640359899789701],[-124.75909399998801,26.631794000293041],[-124.79670000030467,26.622631100245201],[-124.8340990000687,26.612871199646293],[-124.87131500038686,26.602523799833648],[-124.90829499971437,26.591585200097029],[-124.9450680002879,26.580060999615569],[-124.98158299975552,26.567958800358497],[-125.01785999993893,26.555278800176609],[-125.05387100044624,26.542024599955482],[-125.08962199975537,26.528202100146927],[-125.12508400012644,26.513814899837882],[-125.16024800024491,26.498868900379591],[-125.19509099994957,26.483364099973357],[-125.22963700034722,26.467315699859796],[-125.26384699963921,26.45071790031102],[-125.29772199967044,26.433580399615892],[-125.33124499965692,26.415906900283346],[-125.36441000022126,26.397708900145744],[-125.39720900009519,26.378986400102406],[-125.42962600033957,26.359746899599884],[-125.46164700030874,26.339996299989423],[-125.49327099995656,26.319742199642917],[-125.52448300039009,26.298988300170038],[-125.55527500034088,26.277742399592228],[-125.58564000038564,26.256013900321364],[-125.61557000015529,26.23380849956277],[-125.64504999985752,26.211130100373964],[-125.67406499969991,26.187988300319944],[-125.70262900032799,26.164390599746525],[-125.73070500003564,26.140342700355461],[-125.75830800041382,26.115856199803943],[-125.78541600044798,26.090934799701415],[-125.81201899967698,26.065587999586626],[-125.83811199966897,26.039821600086896],[-125.86370099980121,26.013647099933848],[-125.88876299991244,25.9870701001052],[-125.91328400025634,25.960103999600051],[-125.93727100025637,25.932748800217098],[-125.9607320002815,25.905019800323657],[-125.98362700028576,25.876922599998124],[-126.00595900040747,25.848466900227379],[-126.02771800018547,25.819662099826189],[-126.04892000035761,25.79051779995666],[-126.06953400039373,25.761041599890063],[-126.08957700017834,25.731243099889298],[-126.10901599998834,25.701133699760589],[-126.12786100028484,25.670717200038894],[-126.14611800044526,25.640008899990903],[-126.16376500035437,25.609014500418994],[-126.18078600017367,25.577747299598343],[-126.19720500011056,25.546213199779515],[-126.21299699991152,25.514427199855504],[-126.22817200003766,25.482393300010926],[-126.2427060002816,25.450124699595335],[-126.2566149995825,25.417631099595724],[-126.26987500043083,25.384920100182626],[-126.28251599971355,25.352004999631163],[-126.29449499994422,25.318897200445576],[-126.30583200024654,25.285602600379832],[-126.31652799976729,25.252130500222563],[-126.32655299982099,25.21849820023192],[-126.3359380000386,25.184711500135791],[-126.34465800016648,25.150783500358386],[-126.35273000008937,25.116720200277143],[-126.36011499980731,25.08253289987357],[-126.36686700001195,25.04823490012069],[-126.3729320000117,25.013835900206743],[-126.37834200038293,24.979345299845875],[-126.38308000034164,24.944772700200076],[-126.38715400025683,24.910131500268676],[-126.3905559997595,24.875434900300547],[-126.39328799984122,24.840683000120521],[-126.3953480004098,24.805898700065086],[-126.39674400003548,24.77108379967774],[-126.39746900019412,24.736253699848533],[-126.39752199994024,24.701417900116155],[-126.03084599964308,24.674373599961825],[-126.02986100008502,24.645355199782784],[-126.02832000006788,24.616357799672869],[-126.02621500012208,24.587387100434455],[-126.02356700031675,24.55845640034272],[-126.02037000037512,24.529569599757338],[-126.01661699997447,24.500738100283229],[-126.01231400029081,24.471973399752756],[-126.00746199957155,24.443277400231977],[-126.00205200009964,24.414665200438776],[-125.99610900033002,24.386142699925813],[-125.98962399984765,24.357715600394783],[-125.98259699955179,24.329399100388287],[-125.97502900038796,24.301197100266108],[-125.96693400030375,24.273120900009644],[-125.95829799955294,24.245174399978737],[-125.94913499968038,24.217372900339228],[-125.93944499978682,24.189716300367138],[-125.92922999996443,24.162220000053082],[-125.91850299991341,24.134889600374891],[-125.90724899984139,24.10773280042855],[-125.89548499963291,24.080758999928037],[-125.88321699956481,24.053974200049424],[-125.87044499963696,24.027389500225411],[-125.85716999989546,24.00100899956584],[-125.84339899976396,23.974843999850862],[-125.82913999961119,23.948902100351802],[-125.81438399992157,23.923189199721946],[-125.79915600004927,23.897712700281033],[-125.78344699957927,23.872484199686198],[-125.76727300014875,23.847507500271035],[-125.75061800012054,23.822790099683516],[-125.73350499965591,23.7983417996345],[-125.71593499970038,23.774166100285413],[-125.69791399963128,23.750274700017542],[-125.67945099986366,23.726673099983714],[-125.66054500035142,23.703363400100955],[-125.64119700024128,23.680362700078661],[-125.62142200022504,23.657669099649354],[-125.60122699972618,23.635290100058228],[-125.58061199964396,23.613237399686398],[-125.5596079996094,23.591514600318703],[-125.53818500003763,23.570127499884336],[-125.51635699977561,23.549079899817684],[-125.49415600029909,23.52838710028459],[-125.47156499992474,23.508047100293595],[-125.44858599964408,23.48806569957253],[-125.42525500021799,23.468454399551035],[-125.40155800010155,23.449216800215311],[-125.37750199961749,23.430356999775881],[-125.35308799971131,23.411878600017531],[-125.32834599996784,23.393793099671939],[-125.30326800001808,23.376100499638483],[-125.27786300027714,23.35880849991247],[-125.25213600007623,23.341920900129594],[-125.22610500024547,23.325445199736293],[-125.19976000032369,23.309385299991732],[-125.17314100035679,23.29374310026401],[-125.14621699981461,23.278526299649172],[-125.11901900012668,23.263738599756721],[-125.09156000009386,23.249383900047064],[-125.06382800006207,23.23546790042343],[-125.03584300005434,23.221992500253805],[-125.00760700016286,23.208961500073315],[-124.97913400013391,23.196382500052493],[-124.95044700012886,23.184255600016058],[-124.92153200040138,23.172586400042462],[-124.89239500032892,23.161374999956422],[-124.86306000011882,23.150628999928529],[-124.83352699977115,23.140350300226316],[-124.8038180003004,23.130538899950409],[-124.77392599958512,23.121200599728013],[-124.74385799974681,23.112340899812807],[-124.71364599956314,23.10395620021859],[-124.68328100041776,23.096050299681735],[-124.65276299961266,23.088628800079221],[-124.62212400042222,23.081693599879884],[-124.59134700026374,23.075246799900015],[-124.56047100003656,23.069282499687745],[-124.52947200043241,23.06381419986559],[-124.49838300027517,23.05883409971409],[-124.46720899979539,23.054351800395409],[-124.43595900030755,23.05036160020785],[-124.40463300001284,23.046869299778507],[-124.37325299992591,23.043872800089787],[-124.34182000009287,23.041374200159339],[-124.31034900030602,23.039375300429924],[-124.27884699998896,23.037874199734688],[-124.24732200040989,23.036874800231999],[-124.21576700034672,23.036375000206249],[-124.18422700007591,23.036375000206249],[-124.15267900033552,23.036874800231999],[-124.12115499990324,23.037874199734688],[-124.08963799979375,23.039377199798082],[-124.05816700000696,23.041374200159339],[-124.02673300012776,23.043874700357264],[-123.99535400008693,23.046869299778507],[-123.96403500011508,23.050363499576008],[-123.93277700025828,23.054353699763567],[-123.90160399982466,23.058835999981568],[-123.87051399962127,23.06381419986559],[-123.83953099985564,23.0692863002227],[-123.80864700015883,23.075246799900015],[-123.77787800036936,23.081695599972079],[-123.74723099991064,23.088630700346698],[-123.71671300000486,23.096054100216691],[-123.68633999959121,23.103958099586748],[-123.65612800030686,23.112342800080285],[-123.62605999956924,23.121204400263025],[-123.59616899979943,23.130542800310138],[-123.56646000032868,23.140352199594474],[-123.53692599993485,23.15063100002078],[-123.50759900009371,23.161378900316151],[-123.47847000039013,23.17258830030994],[-123.44955399971724,23.184257500283536],[-123.42085299996586,23.196384400319971],[-123.39238700025976,23.20896529970895],[-123.36415100036828,23.221996299889497],[-123.33617399983012,23.235471700059065],[-123.30844099975224,23.249387699682757],[-123.28096799997314,23.263742400291676],[-123.25377699970869,23.278531999552285],[-123.22686000038863,23.293746899899645],[-123.20022599973004,23.309389099627367],[-123.1738890001771,23.325449000271306],[-123.14786499976981,23.341926600032707],[-123.12213899961506,23.358812300447426],[-123.09673299982796,23.376104399998212],[-123.07165499987826,23.393794999939416],[-123.04689800034237,23.411882399653166],[-123.02249900022861,23.430358900043359],[-122.99844399979065,23.449218800307506],[-122.97474699967421,23.468461999721626],[-122.95140099955637,23.488071400374963],[-122.92843599992136,23.508050899929231],[-122.90584599959311,23.528390899920225],[-122.88362900027806,23.549087499988275],[-122.86181599980847,23.570133199787506],[-122.8403930002367,23.591520300221816],[-122.81937400040971,23.613243099589511],[-122.79875900032749,23.635297800053593],[-122.77857200019758,23.657672900184309],[-122.75880399960482,23.680366499714353],[-122.739456000394,23.703371000271602],[-122.72055100002854,23.726678799886827],[-122.70208700021482,23.750280399920655],[-122.68406700019182,23.774173699556741],[-122.66649600019014,23.798347500436932],[-122.64938399977166,23.822797799678881],[-122.63272899974345,23.847513200174205],[-122.61654699994398,23.872489899589311],[-122.60083000000441,23.897720299552304],[-122.5856020001321,23.923194899625059],[-122.57086200028101,23.948907900079689],[-122.55660200008214,23.97485350028893],[-122.54283099995058,24.001014700368273],[-122.52955600020914,24.027395200128524],[-122.51678500032739,24.053981800220072],[-122.50451700025928,24.080764799655924],[-122.49275200000471,24.107740399699821],[-122.48149899997878,24.134895300278004],[-122.47077199992776,24.16222760022373],[-122.46055600005928,24.189724000362446],[-122.45086700021182,24.217378600242341],[-122.44170400033926,24.245183900416805],[-122.43306700044161,24.273128500180292],[-122.42497300040355,24.301206599804857],[-122.41740400029431,24.329406699659614],[-122.41037800004455,24.357725099933532],[-122.40389299956217,24.386150399921178],[-122.39793399995403,24.414672900434141],[-122.39254000032065,24.443286899770726],[-122.38768799960138,24.471979099655869],[-122.38338499991772,24.500747699646752],[-122.3796310003703,24.529577299752702],[-122.37641899973698,24.558464100338085],[-122.37378699977012,24.58739659997326],[-122.37168099977822,24.616367300110937],[-122.37013999976108,24.645364800045627],[-122.36915600024912,24.674383200224668],[-122.18561599977846,24.702533699770584],[-122.18570700037765,24.734466600353471],[-122.1864169998446,24.76639559967731],[-122.18774399988558,24.798305500098877],[-122.18968200022402,24.830192600008615],[-122.19222299959165,24.862041500315115],[-122.19539600022512,24.893848399584101],[-122.19918100030281,24.925600100264546],[-122.20355999989397,24.957283000110522],[-122.208564999575,24.988895400302624],[-122.2141800004066,25.020423900043113],[-122.22038999989849,25.051856999700931],[-122.22721900005672,25.083185199737329],[-122.23466499988973,25.114404699617353],[-122.24269899985887,25.145496400438674],[-122.25134300007932,25.176460300402709],[-122.26058199985931,25.207279199975233],[-122.27041600009824,25.237949400244759],[-122.28085300026567,25.268457399689396],[-122.29187799966985,25.298795699761854],[-122.30350499985576,25.328956599567562],[-122.31570400033922,25.358926799932021],[-122.3284839997367,25.388698599960549],[-122.34185000007733,25.418264400381929],[-122.35578200043886,25.447610900223026],[-122.37029999994496,25.476736100290964],[-122.38536799963339,25.505624800244505],[-122.40102400035721,25.534271200355761],[-122.41722099994911,25.562663999743961],[-122.43397500004613,25.590795500212323],[-122.45127900032548,25.618656200423459],[-122.46913099979571,25.646240199925444],[-122.48751799965589,25.673538199728284],[-122.50643899985988,25.700536700108785],[-122.52589400040767,25.727232000356651],[-122.54586799970832,25.753620100287549],[-122.56635300009077,25.779682199573983],[-122.58734899975644,25.805416100272964],[-122.60886399997355,25.830812499797162],[-122.6308749996814,25.855867399760825],[-122.65335799957194,25.880567599914968],[-122.67634600026759,25.904907199807553],[-122.69980600024661,25.928878799816914],[-122.72373999960121,25.952474600122855],[-122.74812299987644,25.975686999655466],[-122.77297200005768,25.99851040013499],[-122.79827100030633,26.020936999942762],[-122.82401999972313,26.042957300439184],[-122.85018899962256,26.064565699747391],[-122.8767850003274,26.085756300113303],[-122.90379300024665,26.106521600291785],[-122.93122099974926,26.126857799747825],[-122.95905299989596,26.146755200192501],[-122.98725900020258,26.16620640020534],[-123.01586199993125,26.18520739960195],[-123.04483799977379,26.203754399645959],[-123.07416499961494,26.221837999724073],[-123.10386699966222,26.239452400108348],[-123.13390399986963,26.256595599807213],[-123.16428399970675,26.273260100273546],[-123.19499200028048,26.289438199713288],[-123.22601299999985,26.305128100381694],[-123.25735500013303,26.320321999760608],[-123.28898600010371,26.335020100197596],[-123.32091500032692,26.349210699714149],[-123.35311100027235,26.362894099583173],[-123.385582000309,26.376066199795446],[-123.41831199969891,26.388717699562335],[-123.45128600044848,26.400852199769361],[-123.48451200022856,26.412462200070593],[-123.51795199998475,26.423541999663712],[-123.55161300003982,26.43408970007971],[-123.58547200023253,26.444103199603148],[-123.61954500040133,26.453576999778875],[-123.65379299964712,26.462511099707626],[-123.68820200002222,26.470897699569321],[-123.7227860003735,26.478738800355472],[-123.75753000000941,26.486030599732544],[-123.79240400024435,26.492771100306186],[-123.82741499960247,26.498956700291615],[-123.86253400034377,26.50458340040376],[-123.89776600000079,26.509656899646359],[-123.93310500009557,26.514169700371497],[-123.96851299977504,26.518119799789076],[-124.00400499973085,26.521509199789875],[-124.03954300000936,26.524335900281699],[-124.0751570001953,26.526599900365227],[-124.1108020000122,26.528295500137347],[-124.14646899994432,26.529426599957787],[-124.18215900003776,26.529993100001718]]]},"properties":{"objectid":9323,"radii":34,"stormid":"ep132026","basin":"ep","stormnum":13,"advnum":"18","validtime":"2026090712","synoptime":"2026090512","timezone":"UTC","tau":48,"ne":110,"se":100,"sw":100,"nw":120,"idp_source":"ep132026_2026090515_forecastradii","idp_filedate":1788624162000,"idp_ingestdate":1788624176000,"st_area(shape)":11.140302819713932,"st_perimeter(shape)":12.444127660003836,"binnumber":"EP3"}},{"type":"Feature","id":9325,"geometry":{"type":"Polygon","coordinates":[[[-125.3837130000548,27.063629200427386],[-125.41715199976488,27.146810500204538],[-125.45140099995609,27.146268799865368],[-125.48563400030878,27.14518930044602],[-125.51984399960082,27.14356990023083],[-125.55401599983844,27.141410799768721],[-125.58814199975342,27.138715699769875],[-125.62220000012979,27.135479000155897],[-125.65618099965332,27.131708099649245],[-125.69008600016866,27.127403300422145],[-125.72391499987725,27.122560499767417],[-125.7576289996785,27.117189399571259],[-125.79121399982614,27.111286200198151],[-125.82469899985887,27.1048545996602],[-125.85804699986903,27.097896599848355],[-125.89122800027189,27.090414000305998],[-125.92427099970678,27.082408900050837],[-125.95713800001857,27.073884999793052],[-125.98982199998522,27.064840300339711],[-126.02233900034452,27.055286400247326],[-126.05464199982833,27.04521940005543],[-126.0867460000278,27.034645100391231],[-126.11862899992832,27.023567200166269],[-126.15028400010641,27.011985800104753],[-126.18170200014708,26.999910399745318],[-126.21285999988902,26.987340900162565],[-126.24377400006995,26.974281299742358],[-126.27441400020587,26.960737200361677],[-126.30477900025056,26.946712499682235],[-126.33484600004277,26.932210900213022],[-126.36463899978992,26.917236299615695],[-126.39410399969972,26.901798200126962],[-126.42327100025636,26.885894800404856],[-126.45211000007635,26.869535400338577],[-126.48061399973619,26.852722199669927],[-126.50877399972023,26.835464500086744],[-126.53658299970556,26.817766200150174],[-126.56404099969228,26.79962920012764],[-126.59112500041834,26.781064999650141],[-126.61783600013121,26.762075400059814],[-126.64415699984556,26.742668200277365],[-126.67009699997647,26.722850799924629],[-126.69563300036259,26.702625299817896],[-126.72074900026604,26.682002999938618],[-126.74546100042471,26.66098590037916],[-126.76975300010076,26.639583599603554],[-126.79360200003219,26.617801700388327],[-126.81703200042637,26.595645899938461],[-126.83999600001528,26.57312769968371],[-126.86251799990566,26.550247200348167],[-126.88458300030516,26.527015700114589],[-126.90618099985318,26.503442800145251],[-126.92731499958745,26.479532200250958],[-126.94795199978489,26.455291700251905],[-126.96811699979963,26.430730799686785],[-126.98780100011595,26.405855200257406],[-127.00698099967332,26.380674399703935],[-127.02564999994746,26.355192200359909],[-127.04382299983149,26.329422000325224],[-127.06146999974061,26.303369500402255],[-127.07861299979004,26.277042399687161],[-127.09523800023345,26.2504500996925],[-127.11131999991795,26.223598499970933],[-127.1268769996737,26.196498899604649],[-127.1418989999388,26.169157000295456],[-127.15638000043657,26.141584399700434],[-127.17031900022158,26.113786699696561],[-127.18370100040073,26.085773499647416],[-127.19654099986718,26.057554200166351],[-127.20882399972771,26.029138600266322],[-127.22054299965964,26.000532200201008],[-127.23168900014713,25.971744500408533],[-127.24229399996801,25.9427852999018],[-127.25230400022934,25.913665799737032],[-127.26175699998549,25.884391799642003],[-127.27063800034335,25.854974700322316],[-127.27894600035756,25.825420400431256],[-127.28667399970522,25.795742000393147],[-127.29382300023116,25.765943500392382],[-127.30037700029823,25.736038199603399],[-127.30635800002159,25.706035600262908],[-127.31175199965497,25.675941500300155],[-127.31656600042049,25.64576719969665],[-127.32078599987392,25.615524299706806],[-127.32441700004443,25.585214599874007],[-127.32746899959454,25.554855299732424],[-127.3299259995851,25.524452199909263],[-127.33177899960106,25.494016600385919],[-127.33306899973445,25.463554399815848],[-127.33374799957045,25.433076899979085],[-127.33385500000816,25.402593600414491],[-126.3207629999124,25.389871600094409],[-126.32038100028285,25.375358599919593],[-126.31969500012406,25.360855100182846],[-126.31875599998932,25.346363100077156],[-126.31752800001709,25.331886300312647],[-126.31601000016127,25.317434300252899],[-126.31421700021428,25.303005199630377],[-126.31215699964571,25.288608599607301],[-126.30982199988529,25.274248100169814],[-126.30719800028737,25.259921999800611],[-126.30429799965287,25.245643600371977],[-126.30113200024152,25.231410999817911],[-126.29769099983969,25.217231800107641],[-126.2939760002921,25.203109700152709],[-126.29000100044573,25.189046899694802],[-126.28573599981644,25.175046899794722],[-126.28121900015663,25.161119500364805],[-126.27642100012895,25.147264499956862],[-126.27137000012533,25.133485799829941],[-126.26605200039938,25.119789099887214],[-126.26046800009806,25.106178299588976],[-126.25463099982068,25.092660900180533],[-126.24852799986724,25.079233200052272],[-126.24217199993774,25.065908400352555],[-126.23556500012455,25.052680999928327],[-126.22870600038152,25.039562199835814],[-126.22158800038579,25.026552199724392],[-126.21424099972228,25.013658499939936],[-126.20662700023576,25.000879300039799],[-126.19877599971255,24.988223999737954],[-126.19068899999723,24.975696600118169],[-126.18235799982176,24.963296899732256],[-126.17379000040808,24.9510268995719],[-126.1649930003266,24.93889619989983],[-126.15597499994618,24.9269084996277],[-126.14671300000487,24.915063900378868],[-126.13723800013349,24.903364199898022],[-126.1275330004475,24.891819000246812],[-126.11762200025504,24.88042640025833],[-126.1074830003401,24.869194000103164],[-126.09713000044906,24.858118099970454],[-126.08657100005149,24.84721180028447],[-126.07580600004678,24.836473500251998],[-126.06483500043481,24.825904799766818],[-126.0536730001088,24.815511700005118],[-126.04231299964511,24.805294000417916],[-126.03075399989706,24.795257599658612],[-126.01900500038039,24.785407999779522],[-126.00707999994194,24.775741599895071],[-125.99496499973486,24.766267799719344],[-125.98266600003581,24.756982799616651],[-125.97020700015287,24.74789619984989],[-125.95755799960193,24.739004100059333],[-125.94476300041202,24.730314300065061],[-125.9317930003466,24.72182849958574],[-125.91867099956687,24.713546800244785],[-125.90537999998691,24.705474900146669],[-125.89195300043053,24.697612800190711],[-125.87837200006766,24.689964300012605],[-125.86463899988985,24.682529399612235],[-125.85077700005843,24.675312000248766],[-125.83677700015835,24.668317800026614],[-125.82264699965924,24.661541000117211],[-125.80840300019821,24.654991100059362],[-125.79402199981536,24.648666400134402],[-125.77952600042448,24.642568600060997],[-125.76492299969658,24.636699699931341],[-125.75019799963786,24.63106160001297],[-125.73537400040971,24.625658000116744],[-125.72045899968299,24.620489099892211],[-125.70542899994831,24.615552900146383],[-125.69032300030614,24.610858900418066],[-125.67513300038758,24.606399499637348],[-125.6598430003541,24.602184299865712],[-125.64449300025166,24.598209399844052],[-125.62905899987288,24.594476699839959],[-125.6135640002783,24.59098629967815],[-125.59800699962324,24.58774190006875],[-125.58237500000615,24.584745400380086],[-125.5667109998127,24.581991199634274],[-125.55097199975791,24.579488800068191],[-125.53521000044105,24.577230499887776],[-125.5194019999023,24.575225800430474],[-125.50355500026296,24.573465300183614],[-125.48767099981671,24.571958499585207],[-125.47177100043126,24.57070350016653],[-125.45584099966231,24.569696399769157],[-125.43990300032311,24.56894299991967],[-125.42394299996937,24.568439500083002],[-125.40798999993848,24.568185800434492],[-125.38729099957988,24.069099400217283],[-125.36185500020798,24.069499999625407],[-125.3364329996831,24.070302999783735],[-125.31102799994216,24.071506500424789],[-125.28564500031644,24.07310870020649],[-125.26030700006788,24.075111399571597],[-125.23499300002686,24.077514600318693],[-125.20974000010085,24.080314599938959],[-125.18454700024375,24.083513299599247],[-125.15940900022508,24.087108600281795],[-125.13434600006775,24.091098799570091],[-125.10935999986401,24.095485699705421],[-125.08445699989056,24.100263599885352],[-125.05964699970917,24.105436299745577],[-125.0349349995505,24.110996200014768],[-125.01034499962196,24.116947200153334],[-124.98585499980828,24.123283399709294],[-124.96150200001722,24.130003000038585],[-124.93726300008728,24.137109799877521],[-124.91316999969564,24.144594199862581],[-124.8892209996493,24.152458200086016],[-124.86542500036336,24.160699799556255],[-124.84178200003919,24.169315300261019],[-124.81829799985275,24.17830089986677],[-124.79499099973475,24.187656399623279],[-124.77186599991586,24.197376300176245],[-124.74893199991175,24.207462300345014],[-124.72618899972247,24.217905000415556],[-124.70362899987833,24.228706399580801],[-124.68129699975663,24.239862399630169],[-124.65916399981865,24.251367600134756],[-124.63725300022571,24.263221699821713],[-124.61557799982472,24.275417299968581],[-124.59411600025311,24.287956200118686],[-124.57289900028854,24.300828899834016],[-124.55194900004625,24.314033499746358],[-124.53122700042564,24.327566100395359],[-124.51077299967409,24.341426799807095],[-124.49056999970566,24.355606100241459],[-124.47065699962076,24.370099999715364],[-124.45101200020355,24.384906800308727],[-124.43164099993209,24.400020599770983],[-124.41256000044359,24.415439600357388],[-124.39377600026211,24.431156200098712],[-124.37529000033317,24.447164500341557],[-124.35710900008019,24.463462799568674],[-124.33924099987217,24.480045299850872],[-124.32168599970902,24.496908199753761],[-124.30445900028252,24.514045700448833],[-124.28755200032447,24.531448400423471],[-124.27098099967333,24.549118000295607],[-124.25475299955121,24.56704710044346],[-124.23885300016576,24.585226099704869],[-124.22330499992569,24.603654900053755],[-124.20809900016866,24.622327799788252],[-124.19326799971833,24.641235400093763],[-124.17878700011988,24.660373699886463],[-124.16467300035856,24.679739000254813],[-124.15091700001943,24.699323700128787],[-124.1375580000016,24.71911999968836],[-124.12455700030523,24.739126200114185],[-124.11194599970804,24.75933070015185],[-124.09972399996252,24.779735599718322],[-124.08789100016941,24.800327300164895],[-124.0764470003287,24.821104000149603],[-124.06540700023277,24.842058200225893],[-124.05476399955882,24.863180200306147],[-124.04451800010554,24.884470000390365],[-124.03468299982052,24.905918100040424],[-124.02526900006421,24.927516899985108],[-124.01625800000659,24.949258800053713],[-124.00767499990121,24.971141800154101],[-123.99949600043999,24.993158300115624],[-123.99174500003164,25.015296900132],[-123.98442799985224,25.037555699935751],[-123.97753100015547,25.059928899799047],[-123.97106899983436,25.08240319964807],[-123.96502699999598,25.104978600382253],[-123.95942699985608,25.127643599672524],[-123.95426199999122,25.150396299949421],[-123.94953899982488,25.173225400332115],[-123.94525099993359,25.196126899736782],[-123.9413990003635,25.219089499980555],[-123.93798100012299,25.242113100339452],[-123.93502000027269,25.265184399840336],[-123.93250300021322,25.288299599746892],[-123.93042799985221,25.311449099796278],[-123.92880200041191,25.334630999721014],[-123.92762800023195,25.357833899714819],[-123.92688800028088,25.38105200004992],[-123.55826600017565,25.403053299670205],[-123.55837199966794,25.432084999922949],[-123.55905899987283,25.461109199829878],[-123.56029500021401,25.490121800280974],[-123.562088000161,25.519107799685344],[-123.56445300040554,25.548061400113681],[-123.56737500025599,25.576973000403768],[-123.57086200008115,25.605836899753285],[-123.57489800004259,25.634639700062223],[-123.57950600030159,25.663371999818082],[-123.58467100016645,25.692031899652591],[-123.59037799984475,25.720603899750301],[-123.59664900035096,25.749080700314209],[-123.60347699956378,25.77745630016824],[-123.61085499985825,25.805717499962782],[-123.618782000289,25.833858499969949],[-123.62725799995667,25.861871700019094],[-123.63627600033703,25.889747599672148],[-123.64584400000052,25.917474700197374],[-123.65595200028451,25.945047399717851],[-123.66658799973629,25.972457900212078],[-123.67777999964716,25.999694800075133],[-123.68948399978666,26.026752500127941],[-123.70172100022387,26.053623199651099],[-123.71449999957525,26.080291700102009],[-123.72777600026211,26.10675999977434],[-123.74158500034741,26.133010900033128],[-123.75590499971588,26.159042399886971],[-123.77073700021231,26.184844999797065],[-123.7860789999458,26.210407299957069],[-123.80190999974661,26.235725400007368],[-123.81824500030643,26.260789900233874],[-123.83507500031095,26.28559679955282],[-123.85238600001378,26.31013109997042],[-123.87018599978398,26.33438680031071],[-123.88846600010572,26.358360299688229],[-123.90720399996451,26.382040000445784],[-123.92641400000599,26.405424100342088],[-123.94609800032237,26.428501099746086],[-123.96621700001447,26.451263400285825],[-123.98678599977399,26.473703399992075],[-124.00781199992377,26.495817200303691],[-124.02925899970296,26.51759529988334],[-124.05114700003395,26.539031999727172],[-124.07344799962539,26.560123400374778],[-124.0961689996995,26.580856299778532],[-124.11929300037156,26.601230599912412],[-124.14283000030417,26.621236800338181],[-124.16676299961267,26.640867200161324],[-124.19107100002651,26.660118099570809],[-124.21576700034672,26.678983699738069],[-124.24082899955857,26.697454500225149],[-124.26626599987588,26.715530400307898],[-124.29206099961533,26.733202000272229],[-124.31820700025276,26.750463500390367],[-124.3446809998282,26.767307299592346],[-124.37148999956372,26.783735299944283],[-124.39863599955163,26.799737900284015],[-124.42607899974593,26.815307600265669],[-124.45384999977756,26.830444300064528],[-124.48191099969279,26.845140500234038],[-124.51025400002197,26.859392199690433],[-124.53888700023481,26.873191800061647],[-124.56779499963943,26.886541400365502],[-124.59696200019607,26.899433100057649],[-124.62638099978324,26.911861399783902],[-124.65605200019957,26.923824300351328],[-124.68595899980789,26.935318000325594],[-124.71608699971517,26.946338700071067],[-124.74642899959855,26.956882500127449],[-124.7769850003574,26.966947600051867],[-124.8077390003545,26.976526299849013],[-124.83867599979749,26.985618600418206],[-124.86979699963172,26.99422650005306],[-124.90107699960373,27.002338400197175],[-124.93252600017468,27.009958300135565],[-124.96411099982271,27.017078400048263],[-124.99584199990829,27.023700700027405],[-125.02769500022401,27.029821400437413],[-125.05967700019329,27.035440399654874],[-125.09176599970101,27.040552100299351],[-125.12394699985407,27.04516030020784],[-125.15621200028352,27.049257300284296],[-125.18856000004388,27.052846900164468],[-125.22097800033436,27.055923499769847],[-125.25346400016338,27.058490799810727],[-125.28597300015372,27.060544999752096],[-125.31852700042066,27.062086099593955],[-125.35110499999564,27.063114200060454],[-125.3837130000548,27.063629200427386]]]},"properties":{"objectid":9325,"radii":34,"stormid":"ep132026","basin":"ep","stormnum":13,"advnum":"18","validtime":"2026090800","synoptime":"2026090512","timezone":"UTC","tau":60,"ne":100,"se":80,"sw":50,"nw":105,"idp_source":"ep132026_2026090515_forecastradii","idp_filedate":1788624162000,"idp_ingestdate":1788624176000,"st_area(shape)":7.2177078455770385,"st_perimeter(shape)":11.116913386677414,"binnumber":"EP3"}},{"type":"Feature","id":9326,"geometry":{"type":"Polygon","coordinates":[[[-126.48686999955072,27.8309040000197],[-126.51314499984176,27.8309040000197],[-126.53939800001757,27.830493900173508],[-126.56565100019344,27.829671900038306],[-126.59188100020788,27.828443499867774],[-126.61807999969216,27.826803200307609],[-126.64424100012195,27.824754700269352],[-126.67035700027526,27.822297999753005],[-126.69642600005977,27.819433200382036],[-126.72241999998295,27.816162099901135],[-126.74834400027532,27.812486600376474],[-126.77420799959941,27.808404899566597],[-126.79997299975406,27.803920699980438],[-126.82563799979374,27.799034099644132],[-126.85121200013361,27.793746899899645],[-126.8766559998744,27.788063000207444],[-126.9020000003996,27.781982399668152],[-126.92721600041801,27.775505100080466],[-126.95228599999882,27.768638599991561],[-126.97722599987992,27.761379199590522],[-127.00200699962323,27.753730800136452],[-127.02663400035874,27.745696999816857],[-127.05108600021862,27.737279900347289],[-127.07537799989467,27.728483199740026],[-127.09948700012484,27.719308899885959],[-127.12338999984854,27.709756900061052],[-127.14711799959593,27.699834800435838],[-127.1706310002204,27.689542799760545],[-127.19394699985406,27.678886400087436],[-127.21703299967311,27.667867700434158],[-127.23989099976973,27.656488399620116],[-127.26252700042062,27.64475439989576],[-127.2849120002885,27.632671400265053],[-127.30706000001891,27.620239300003846],[-127.32895699986557,27.607460000278934],[-127.35057799957491,27.594343200278615],[-127.37194099997708,27.580890700445593],[-127.39303599971151,27.567106199691523],[-127.41384099956241,27.552997600359106],[-127.4343720002675,27.538562799833471],[-127.45460499982079,27.523809400083906],[-127.47453299969811,27.508743299763637],[-127.49416400026831,27.493372000117859],[-127.51348099984818,27.4776896996201],[-127.53247799995967,27.461713800151927],[-127.55115499970339,27.445440299730194],[-127.56951099993262,27.428878800416442],[-127.58751700020929,27.412033100047665],[-127.60519399970326,27.394910799693776],[-127.62252799956741,27.377513900346344],[-127.63951100033233,27.359848000285126],[-127.65613599987643,27.341920900229525],[-127.67240099990613,27.323734299898149],[-127.6883010001909,27.305297900277992],[-127.70383499978533,27.28661729964881],[-127.71900200044189,27.267698300436336],[-127.73378000024672,27.248542800210203],[-127.74817699956878,27.22916030030774],[-127.76217700036818,27.209556599557573],[-127.77580300010828,27.189735399569201],[-127.78902400005745,27.169706299706093],[-127.80183399993905,27.149473200328089],[-127.81425499986824,27.12904359998231],[-127.82627100000656,27.108423200370567],[-127.83787500003115,27.087617900146142],[-127.84905999961921,27.066633199562659],[-127.85982499962392,27.045480699874531],[-127.87017800041428,27.024160400182438],[-127.88009600003028,27.002685499836105],[-127.8896029995787,26.981054300016069],[-127.89867399970524,26.95928190033959],[-127.90731799992568,26.937368399732009],[-127.91553500023997,26.915323300430089],[-127.92330199958752,26.893156100174053],[-127.93062600008972,26.870868700130529],[-127.93752299978649,26.84847069966321],[-127.9439850001076,26.825969699841892],[-127.94999700036118,26.803369500302324],[-127.95555899964802,26.780679700407973],[-127.96067800008956,26.757906000062007],[-127.96534000014083,26.735057799877723],[-127.96955900044742,26.712137199772087],[-127.9733429995797,26.689157499818918],[-127.9766619997514,26.666120499561544],[-127.97952999980953,26.643033999719478],[-127.9819489998464,26.619909300274117],[-127.98390199997721,26.596748400418505],[-127.98541999983303,26.573560699866562],[-127.9864810001979,26.550352099969587],[-127.9870830000803,26.527130100174134],[-127.98723599994133,26.503904299843725],[-126.49999999980008,26.500001899568133],[-126.49194299966962,25.668188099601252],[-126.47583799982374,25.668439899881605],[-126.45974699972419,25.668941500350115],[-126.44364900020111,25.66969679956776],[-126.42758899973245,25.670701999697656],[-126.41153699963274,25.671957000015652],[-126.39552300038605,25.673467600249694],[-126.37953200040141,25.675222399694121],[-126.36357100000157,25.677228899594184],[-126.34766400029326,25.679483400138963],[-126.33180199996224,25.681985900429083],[-126.31597899963106,25.684736299740564],[-126.30021700031421,25.687736500139522],[-126.28450799984421,25.690980899748865],[-126.2688829996506,25.694467500275039],[-126.25331100010249,25.698200200279189],[-126.23780099981622,25.702173200033315],[-126.2223969999215,25.706388499629668],[-126.20705400014191,25.710845900318191],[-126.19181099957785,25.715539900046508],[-126.17665899961304,25.720472300156644],[-126.16159099992461,25.725641300206007],[-126.14663700009737,25.731044800277459],[-126.13178300038504,25.736679099660876],[-126.11704299963463,25.742546100422317],[-126.10241699964473,25.748640099960767],[-126.08790599956211,25.754964799885727],[-126.07352400003248,25.761512799676098],[-126.05926499987976,25.768285799949865],[-126.04513500027997,25.775281900439495],[-126.03113600042599,25.782495500167329],[-126.01729599981047,25.789926500207969],[-126.00358599979398,25.797573100118598],[-125.99002799959243,25.805435200074555],[-125.97661599982843,25.813503299637716],[-125.96337900004073,25.821783099610514],[-125.95029400006797,25.8302669998223],[-125.93735499963344,25.838954900448414],[-125.92461400023581,25.847843199704073],[-125.91203300012279,25.856927900102676],[-125.89961200019354,25.866208999845583],[-125.88739000044808,25.875682800021366],[-125.87535100014844,25.8853455000949],[-125.86349500019401,25.895195000149272],[-125.85183000005435,25.905227700198338],[-125.84035499968337,25.91544150032513],[-125.82908599981897,25.925830799551875],[-125.81801600013819,25.936397599769577],[-125.80714399969571,25.947135899802049],[-125.79649399959828,25.958040200295159],[-125.78604099959239,25.969110500349473],[-125.77580999993148,25.980342899605262],[-125.76579300024667,25.991731600133392],[-125.75600400028429,26.003274900416443],[-125.74643699976764,26.014972699730436],[-125.73709899991883,26.026815399611166],[-125.72797400000002,26.038803099883296],[-125.7190929996421,26.050931900187209],[-125.71044199999818,26.063196200444452],[-125.70204200023801,26.075593899838736],[-125.69387100024636,26.088119499915138],[-125.68595100013846,26.100774800216982],[-125.67826099984518,26.113548300214006],[-125.67082999980454,26.126441999998463],[-125.6636580000166,26.139448199574872],[-125.65671499999718,26.152566899842668],[-125.65005500043782,26.1657887001885],[-125.64363100007051,26.179115300330977],[-125.63746599995585,26.192539199924283],[-125.63156899960956,26.206060399867681],[-125.62593100041522,26.219667399630907],[-125.62056000004389,26.233362200205534],[-125.61544799992515,26.247137099797442],[-125.61061099989763,26.260992100205385],[-125.60604099959238,26.274919499635359],[-125.60174600027761,26.288915600075029],[-125.59771699973965,26.302976600090176],[-125.59396400023832,26.317100499588548],[-125.59047700041316,26.33127779993066],[-125.58727999957222,26.345508600042024],[-125.58434299992939,26.359788899738078],[-125.58171099996258,26.374111199572326],[-125.57932999987952,26.388473500351893],[-125.57723999972609,26.402868299932265],[-125.57543900030953,26.417295500287253],[-125.57390599976196,26.431751299982636],[-125.57265499962841,26.446224200286736],[-125.57169300023168,26.460716200392483],[-125.57101400039573,26.475219700129173],[-125.57060200028201,26.489732700304046],[-125.01276399965877,26.50391199983909],[-125.01291700041912,26.527137800169498],[-125.01351900030153,26.5503577998727],[-125.01458700008988,26.573566399769675],[-125.0160979996229,26.596754100321618],[-125.01805099975377,26.619915000177286],[-125.02046999979058,26.643041599890068],[-125.02333799984871,26.666124300096499],[-125.02667199981283,26.689161300353874],[-125.03044100005201,26.7121428996752],[-125.03466799982823,26.735061600412678],[-125.03933700020229,26.757913600232598],[-125.04444900032104,26.780685400311143],[-125.05001799993067,26.803377200297689],[-125.05603000018425,26.825975399745062],[-125.06247699981361,26.848476399566323],[-125.06937400040971,26.870874400033699],[-125.07671399985111,26.893161800077166],[-125.08448000005188,26.915329000333259],[-125.09268199967443,26.937374099635122],[-125.10132599989487,26.959287600242703],[-125.11039700002146,26.98106190018666],[-125.11990399956983,27.002691299563992],[-125.12982200008514,27.024168000353086],[-125.14017499997618,27.045486499602418],[-125.15095499977332,27.066640899558024],[-125.16213199989181,27.087625500316733],[-125.1737440002853,27.108429000098397],[-125.18574499973187,27.129049299885423],[-125.19816599966106,27.149478900231202],[-125.2109910002344,27.169710200065822],[-125.22420499986077,27.189741100371634],[-125.23782300013124,27.209560400092528],[-125.25183899986985,27.22916600021091],[-125.26623500004513,27.248548500113316],[-125.28100600042649,27.267702100072029],[-125.29616499981478,27.286622999551923],[-125.31169900030852,27.30530550044864],[-125.32759899969398,27.323739999801319],[-125.34386399972374,27.341922799597683],[-125.36048900016715,27.359851799920762],[-125.3774720000327,27.377517699982036],[-125.3948059998969,27.394914600228788],[-125.41248300029014,27.412038799950778],[-125.43050400035924,27.428884500319555],[-125.44884499989672,27.445445999633307],[-125.4675219996405,27.461715700419404],[-125.48652600007478,27.477695500247307],[-125.50583600023111,27.493373900385336],[-125.52546699990205,27.508747100298592],[-125.54540999957175,27.523813199719541],[-125.56564300002435,27.538566600368483],[-125.58615900003775,27.552999499727264],[-125.60697899968102,27.56711200031873],[-125.62805899962302,27.580896400348763],[-125.6494220000252,27.594346999914251],[-125.67105899957306,27.607461899647092],[-125.69294699990405,27.620239300003846],[-125.71508800021093,27.632673299633211],[-125.73748799987118,27.644758200430772],[-125.76011700019933,27.656492200155071],[-125.78298199971942,27.667871500069793],[-125.80606800043779,27.678890199723071],[-125.82936900027903,27.6895466002955],[-125.85289799984275,27.699836699803996],[-125.87660999975162,27.709760699696687],[-125.90052800016696,27.719310800153437],[-125.92462199970544,27.728485100007504],[-125.94891400028081,27.737283699982925],[-125.97338099993311,27.745698900084335],[-125.9980089998154,27.75373270040393],[-126.02278900041193,27.761381099857999],[-126.04772199997024,27.768640500259039],[-126.07279999991999,27.775507000347943],[-126.09801499989226,27.781986200203107],[-126.12334399972571,27.788065000299639],[-126.14880400020434,27.793748899991897],[-126.17437699959873,27.799035999911609],[-126.20004299968457,27.80392270007269],[-126.22580699979312,27.808404899566597],[-126.25165600022416,27.812486600376474],[-126.27759600035506,27.816164000168612],[-126.30358900023208,27.819435099750194],[-126.32965900006269,27.822299999845256],[-126.3557740001699,27.824754700269352],[-126.38193499970038,27.826803200307609],[-126.40813400008392,27.828443499867774],[-126.43436400009841,27.829671900038306],[-126.46060199958254,27.830493900173508],[-126.48686999955072,27.8309040000197]]]},"properties":{"objectid":9326,"radii":34,"stormid":"ep132026","basin":"ep","stormnum":13,"advnum":"18","validtime":"2026090812","synoptime":"2026090512","timezone":"UTC","tau":72,"ne":80,"se":50,"sw":0,"nw":80,"idp_source":"ep132026_2026090515_forecastradii","idp_filedate":1788624162000,"idp_ingestdate":1788624176000,"st_area(shape)":3.7186848777712389,"st_perimeter(shape)":8.6701122096086891,"binnumber":"EP3"}}]}