{"type":"FeatureCollection","features":[{"type":"Feature","id":4753,"geometry":{"type":"Polygon","coordinates":[[[-123.68440200015209,21.463626900361305],[-123.71718600023365,21.629989599740384],[-123.7515409999171,21.629427000056126],[-123.7858730003386,21.628297799603899],[-123.82017500027592,21.626606000366792],[-123.85444599968304,21.624349599554535],[-123.8886569999205,21.621534299768257],[-123.92282099978922,21.6181545000303],[-123.95690200032698,21.614217799611879],[-123.99091300033461,21.609720200127299],[-124.02483399978917,21.60466379969472],[-124.05864000023575,21.599050500380429],[-124.09234599966805,21.592886000288843],[-124.12592300034612,21.586166399959552],[-124.1593630001023,21.578899400287241],[-124.1926499999974,21.571079299570158],[-124.22579200040042,21.56271739958845],[-124.2587660002506,21.55381389999161],[-124.29156500012459,21.5443687000556],[-124.32417300018369,21.534385700140092],[-124.35659000042807,21.523870500323483],[-124.38880200021202,21.512823099706452],[-124.42079199965099,21.50124929981547],[-124.45255300022069,21.489151000018751],[-124.48408500012255,21.476533900219465],[-124.51536600014072,21.463401800053191],[-124.54638699986009,21.449760400322361],[-124.57714800017999,21.435607899684953],[-124.60762800013202,21.420953800377731],[-124.63781700015431,21.405801800412917],[-124.66771700033922,21.390155800150183],[-124.69731900027153,21.374021500392075],[-124.72659300036656,21.357404699967049],[-124.75556900020911,21.340307200217239],[-124.78418699973014,21.322742499966523],[-124.81247700031321,21.304704699662295],[-124.84042400036725,21.286209100369831],[-124.86801100000753,21.267255800115208],[-124.8952180001105,21.247852300143677],[-124.9220580003763,21.228004500007785],[-124.94852399958285,21.207721699596902],[-124.97458599994383,21.187004100359104],[-125.00025200002966,21.165864899845417],[-125.02552800011699,21.144308100038927],[-125.05037700029823,21.122337300026516],[-125.07479899967399,21.099966000430697],[-125.09878499962792,21.07719420035221],[-125.12235300009081,21.054031400229064],[-125.14546200007118,21.030487099600123],[-125.16812900035302,21.006565099899603],[-125.19033800019844,20.982276899859187],[-125.21208200018407,20.957626300013885],[-125.23335299994091,20.932624799994642],[-125.25414299999937,20.907276200336526],[-125.27445999982905,20.881589899854134],[-125.29428100016793,20.855573700166246],[-125.31360600011669,20.829238900355108],[-125.3324359997215,20.802589399881015],[-125.35075399999698,20.775634799906243],[-125.36856800041278,20.748382599877232],[-125.38584899963155,20.720846199692517],[-125.40261100009747,20.693025600251417],[-125.41884599964305,20.66493800018867],[-125.43455500011305,20.636587100214626],[-125.44973799970882,20.607980700149312],[-125.46436299965262,20.579132100066488],[-125.47844699982909,20.550046900044549],[-125.49197400039969,20.520734800171056],[-125.50496699972717,20.491207100427459],[-125.51738000018679,20.461467700274284],[-125.52925099993359,20.431531899877427],[-125.54055000028222,20.401401499679594],[-125.55128499980282,20.371097599574682],[-125.56144699987902,20.340616200277566],[-125.57103699965774,20.309974700072473],[-125.58005500003816,20.279178600112459],[-125.58850100012097,20.248241400120662],[-125.59635199974491,20.217168800000252],[-125.60362999992446,20.185974099824989],[-125.61032900038299,20.154664999590182],[-125.61643200033643,20.123249100365854],[-125.62196400003847,20.091737700334761],[-125.62690000013481,20.060142499676772],[-125.63124099977222,20.028469100268921],[-125.63499500021902,19.996730800386274],[-125.63815300016074,19.964933399756717],[-125.64072400001248,19.933090200252707],[-125.64270000030467,19.901208900070799],[-125.64409599993036,19.869300800091992],[-125.64488999967364,19.837375600403789],[-125.64509600018016,19.805442799645618],[-125.11440300039806,19.782819699769448],[-125.11376199961649,19.759599700066246],[-125.11269399982814,19.736394899804907],[-125.11119099976474,19.713209200244535],[-125.1092609997952,19.690053899567943],[-125.10691100024235,19.666933099583048],[-125.10412600041451,19.643854100086799],[-125.10092899957357,19.620822899557311],[-125.09729800030237,19.597850799774733],[-125.09323900017961,19.574939700107223],[-125.08875999957422,19.552099199918302],[-125.08385500000816,19.529336900277883],[-125.07854499975184,19.506654699654803],[-125.07280700044265,19.484067900013713],[-125.06665800016646,19.461576499555974],[-125.06008900030702,19.439188000426043],[-125.05310800033385,19.416914000281054],[-125.04571500024696,19.394754400195552],[-125.03792599988492,19.372722600068073],[-125.02973199973189,19.350818599898616],[-125.02114100015694,19.329055799585603],[-125.01213799956895,19.307435999571851],[-125.00273899960507,19.285968800120145],[-124.99295800001158,19.26465609969938],[-124.98278000009685,19.243509299914422],[-124.97222099969929,19.222532300225623],[-124.96128099971827,19.201732600079595],[-124.94994400031527,19.181112300292568],[-124.9382479996454,19.160684600214267],[-124.92617000024524,19.14045140011217],[-124.91372700020082,19.120418499714106],[-124.90091700031923,19.100595500182351],[-124.88774900011617,19.080982200068604],[-124.87422200044489,19.061588300359915],[-124.86034399987562,19.042423199870939],[-124.8461229996766,19.023483300414114],[-124.83155100037828,19.004783599983284],[-124.81662800018199,18.986326200294059],[-124.80138399957184,18.968114900082696],[-124.78581200002367,18.950157199695127],[-124.76991299978499,18.9324570003904],[-124.75368499966294,18.91502189964109],[-124.73715199986481,18.897853900237465],[-124.72029899969897,18.880964300362336],[-124.7031559996496,18.864351299572945],[-124.68569900040848,18.848020599571157],[-124.6679379997388,18.831979799628186],[-124.64990199987727,18.816232700279045],[-124.63157700017831,18.800785100352243],[-124.61298399981166,18.7856406996587],[-124.59410099956136,18.770803500181501],[-124.5749660002806,18.756279000375685],[-124.55555700005544,18.742069200333447],[-124.53589599990039,18.728181800050152],[-124.51599100018444,18.714616800425119],[-124.4958270002158,18.701383600273061],[-124.47544900027106,18.688484199686229],[-124.45481900039647,18.675918599563886],[-124.43397499964641,18.663694400076622],[-124.4129100003961,18.65181349969339],[-124.39163200031646,18.640283600208136],[-124.37014000026073,18.629100800361812],[-124.34846499985974,18.618276599785418],[-124.32657600038203,18.607807199742638],[-124.30452000039759,18.597698200311811],[-124.28226500022947,18.587953599878858],[-124.25984999987747,18.578575099961029],[-124.23726699987208,18.569568600110927],[-124.21452299963664,18.560930299793654],[-124.19162799963237,18.55266949979773],[-124.16857899972098,18.544786499597421],[-124.14538600036354,18.537280999718519],[-124.12206999983056,18.530159000437664],[-124.0986249996439,18.523420300306725],[-124.07506599959612,18.517067000142106],[-124.05140700033269,18.511102699929779],[-124.02761799957091,18.505527500393953],[-124.00373800000858,18.500343300003408],[-123.9797819996395,18.495552099749716],[-123.95572700010086,18.491155600250863],[-123.93160200003217,18.487154000257021],[-123.90740999957171,18.483550999579109],[-123.88314800037983,18.480342900204846],[-123.85884900038099,18.477535199689839],[-123.83448800022092,18.47512629993895],[-123.81008900010715,18.473117799946635],[-123.7856520000397,18.47151179962998],[-123.76120000017977,18.47030450025261],[-123.73672500015851,18.469501500094282],[-123.71224199976837,18.46909900041868],[-123.68623400009892,18.302734399872804],[-123.65872200031998,18.303188300299951],[-123.63120999964167,18.304092400444063],[-123.60372200007015,18.305448499848524],[-123.57627100040628,18.307252899601792],[-123.5488510003733,18.309509300414049],[-123.52147699976365,18.312215800219121],[-123.49415599979943,18.315374400008693],[-123.46688799958145,18.318977399787286],[-123.43970499968589,18.32302860008997],[-123.41259000022825,18.327526099749832],[-123.38555099977873,18.332468000298093],[-123.35861999981307,18.337854399760886],[-123.33178699987008,18.343679400384133],[-123.30505400004199,18.349946999654435],[-123.27844200039789,18.356649400449612],[-123.25196799992318,18.3637886001639],[-123.22561599967855,18.371364599696676],[-123.1994020004019,18.379369699951837],[-123.17334000004087,18.387802099587361],[-123.14743799986371,18.396665600037579],[-123.12170400023933,18.405948600048021],[-123.09612999989946,18.41565700007061],[-123.07073999995094,18.425781199842618],[-123.04553200030148,18.436323200355559],[-123.02053799972879,18.4472751999906],[-122.99572800044677,18.458635300279013],[-122.97112299982649,18.470403699970916],[-122.94673900040448,18.482572600145545],[-122.92259200022056,18.495140099636046],[-122.89867399980517,18.508104299973581],[-122.87498500005762,18.521457699913071],[-122.85153999987102,18.535198200436753],[-122.82834599956811,18.549320199667648],[-122.8054280003019,18.563823700303658],[-122.78276100002006,18.578699100283416],[-122.76037600015218,18.593944500238649],[-122.73827399984515,18.609556200358497],[-122.7164380001135,18.625528300191036],[-122.69491599957365,18.641855199657869],[-122.67368299977051,18.658535000290158],[-122.65275599968953,18.675560000293899],[-122.63215600029906,18.692926400033457],[-122.61185500030791,18.710626600237561],[-122.59190400026932,18.728660600006833],[-122.5722579999067,18.747016899710275],[-122.5529560001192,18.7656918004364],[-122.53400400028431,18.784683199570168],[-122.51540399959481,18.803983700187757],[-122.49713899996476,18.823585499771127],[-122.4792400001258,18.843484900308056],[-122.46171599959359,18.863672299737004],[-122.4445569997057,18.884147600031838],[-122.42778799981625,18.904901500404037],[-122.41137700024825,18.925926200134143],[-122.39537000042509,18.947217899586519],[-122.37973799990868,18.968767199946456],[-122.36451000003638,18.990570100130185],[-122.3496859999089,19.012622799602639],[-122.33525800005657,19.034914000181118],[-122.32125900020259,19.057437900338982],[-122.30765499967839,19.080188800173119],[-122.29447199968297,19.103158999688219],[-122.28173100028533,19.126344700147911],[-122.26939399973321,19.149732599679851],[-122.25749200035546,19.173320799815201],[-122.246032999823,19.19710159965922],[-122.23499299972707,19.221067399940694],[-122.22441100006751,19.245208700221497],[-122.21427200015262,19.269523600234095],[-122.2045749999362,19.293996799812589],[-122.19533500011005,19.3186282998563],[-122.18653900007467,19.343406699659624],[-122.17820699985305,19.368326200393994],[-122.17034100043674,19.393377299822646],[-122.16292600023462,19.418556200108696],[-122.1559830002152,19.443853399914587],[-122.14950600010172,19.469257399609432],[-122.14350100017094,19.494768100267777],[-122.13795499982331,19.520370500298498],[-122.13289600035006,19.546058700149047],[-122.12830399992959,19.571828800359015],[-122.12418399969175,19.597671500139768],[-122.12054400000551,19.623575200035589],[-122.11739300038658,19.649534200143364],[-122.11471600014318,19.675542799660604],[-122.11252599987489,19.701591499947881],[-122.1108089998354,19.727670699843088],[-122.10958099986317,19.753772700250067],[-122.1088409999121,19.77989579965157],[-121.93174699992403,19.805824300151471],[-121.93196900026908,19.834854100136738],[-121.93271599964356,19.863880200311144],[-121.93401300009981,19.89288519969233],[-121.93584400000049,19.921867400360384],[-121.93821000029118,19.950815200161514],[-121.94111600030305,19.979717300013533],[-121.94456500017452,20.008567800363835],[-121.94854700034369,20.037359199967227],[-121.95305599963456,20.066080099916803],[-121.95811500000713,20.094720800124946],[-121.96369900030851,20.123277699706193],[-121.96981800010053,20.151737200011894],[-121.97645600044399,20.180090000253472],[-121.98362700018583,20.208332100246366],[-121.99133300031764,20.236450199916931],[-121.9995570000554,20.264436699993837],[-122.00831600018319,20.292284000306495],[-122.0175780001245,20.319986300227697],[-122.02737400040968,20.347530400407777],[-122.03767399965528,20.37491040039481],[-122.04847699961374,20.40211870001815],[-122.05979900012369,20.429142000103354],[-122.07163199991675,20.455974599848048],[-122.08395399977718,20.482610700423606],[-122.09677900035047,20.509040799593379],[-122.1101000004146,20.535255399617142],[-122.12390899960053,20.561248799692464],[-122.13821400007595,20.587011299731842],[-122.15299199988078,20.612533599845904],[-122.16825100028336,20.637809799582726],[-122.18399000033816,20.662832299671038],[-122.20018799997615,20.687593499940192],[-122.21685000032716,20.712081899859925],[-122.23398600005379,20.736293799619318],[-122.25156400037821,20.760223400389748],[-122.26960000023973,20.783859299667085],[-122.28807799979978,20.807193800153868],[-122.30698400021134,20.830224999784036],[-122.32633999979106,20.852937700014991],[-122.34610700033772,20.875329999679877],[-122.36631000030616,20.897398000217663],[-122.38690899965053,20.919128399756005],[-122.40793599984642,20.940515500190315],[-122.42935199999471,20.961557400353911],[-122.45117199988778,20.982244499983835],[-122.47338099973325,21.002567300440717],[-122.49596399973871,21.022523899658381],[-122.51892900027303,21.04210660033948],[-122.54225899965303,21.061309799707658],[-122.56595599976947,21.080123900197975],[-122.59000399988457,21.098550800279327],[-122.61439499962944,21.116579100145486],[-122.63912199958054,21.134200999976315],[-122.66419200006067,21.151414899877864],[-122.68958300005534,21.168216699840968],[-122.71529400041771,21.184597000151598],[-122.74130200008716,21.200553899642898],[-122.76761600037804,21.2160797001182],[-122.79422800002209,21.231172600235425],[-122.82110600024163,21.245826700442024],[-122.84828199981433,21.260034600216784],[-122.87571000021626,21.273798000177692],[-122.90339699997151,21.287103700075818],[-122.93133499961044,21.299957299989558],[-122.9595179997558,21.312349300380049],[-122.98792999966963,21.324274100269633],[-123.01657100025136,21.335733400276354],[-123.04542499986377,21.34671970005428],[-123.07447799965985,21.357227299700241],[-123.1037450003314,21.367261900016786],[-123.13317899971099,21.376811999574272],[-123.16279600033505,21.38587569990375],[-123.19258900008219,21.394455000198263],[-123.22253399964427,21.402540200370083],[-123.2526249996439,21.410133400336292],[-123.28286700031174,21.417230599912386],[-123.31323999982607,21.423833800089938],[-123.3437270001009,21.42993350043082],[-123.37433599970655,21.435533499671408],[-123.40503699995747,21.440628099707169],[-123.43583700027727,21.445220899624985],[-123.46672800029688,21.449304599627737],[-123.49768099957839,21.452880900333412],[-123.52870200019709,21.455949799943426],[-123.5597690002391,21.458507499721463],[-123.59088099965834,21.46055599975972],[-123.62204000034563,21.462091399698465],[-123.65321399992604,21.46311759989743],[-123.68440200015209,21.463626900361305]]]},"properties":{"objectid":4753,"radii":34,"stormid":"ep162026","basin":"ep","stormnum":16,"advnum":"27","validtime":"2026092615","synoptime":"2026092612","timezone":"UTC","tau":0,"ne":100,"se":90,"sw":80,"nw":110,"idp_source":"ep162026_2026092615_forecastradii","idp_filedate":1790434957000,"idp_ingestdate":1790435164000,"st_area(shape)":8.4659986113475139,"st_perimeter(shape)":11.188191750833154,"binnumber":"EP1"}},{"type":"Feature","id":4754,"geometry":{"type":"Polygon","coordinates":[[[-123.69380200016207,20.46545219965941],[-123.70698500015754,20.548633600160656],[-123.72093200031145,20.548402799949372],[-123.73487899956609,20.547945000061816],[-123.74880999988147,20.547258400055284],[-123.76273299982796,20.546342800280172],[-123.77664200002818,20.545200299754185],[-123.79051999969812,20.543825099648757],[-123.80435199994474,20.542224899959308],[-123.81817599982242,20.540397599869493],[-123.83194699995397,20.538343399928124],[-123.84568799960141,20.536066099770835],[-123.85939000014832,20.533559799845023],[-123.87302400025732,20.530830399703348],[-123.88662000041262,20.527877800420299],[-123.9001540004067,20.524702100022012],[-123.91362800033187,20.521307000118099],[-123.92704000009581,20.517686799906016],[-123.94036899962953,20.513849300105278],[-123.95363599990139,20.509792300074707],[-123.96681999994297,20.505517999556162],[-123.979918999662,20.501030000334367],[-123.9929200002577,20.496326400343264],[-124.00584400000048,20.491411199767185],[-124.01868400036625,20.486282299588595],[-124.03141800034035,20.480945600259361],[-124.04403700040717,20.475397099796453],[-124.05656399982865,20.469646500086071],[-124.06896999996542,20.463687899776914],[-124.08127599998733,20.457529099588442],[-124.09345200030947,20.451166200060243],[-124.1055149999172,20.444608699831747],[-124.11745500014803,20.437850999723992],[-124.12925700031025,20.430896800447101],[-124.14092999991948,20.423751800105606],[-124.15246600040552,20.416416200147637],[-124.16387200029249,20.408895499927496],[-124.17512500031842,20.401184100266164],[-124.18623399999899,20.393289600434855],[-124.19718899977244,20.385213899801784],[-124.20799299977705,20.37696460033618],[-124.21865100024337,20.368534100068814],[-124.22914100015691,20.359930000069596],[-124.23946399956384,20.351156199798936],[-124.24961900021657,20.342212700156153],[-124.25961299974006,20.333106999688425],[-124.26943999965619,20.323837299751744],[-124.27908300008028,20.314405399889438],[-124.28855099962885,20.304819099921644],[-124.29782099993912,20.295078300023647],[-124.3069380003883,20.285184899563603],[-124.31584200000822,20.275146499611424],[-124.32456999960573,20.264961199899574],[-124.33310700028773,20.254634899980772],[-124.34143799956394,20.24416919974891],[-124.34957899997079,20.233568200112472],[-124.35752100019391,20.222837400425817],[-124.36526500027946,20.211977000338436],[-124.37280299985849,20.20099069966119],[-124.38012700036069,20.189882299828412],[-124.38726000014879,20.178653700208258],[-124.39415699984556,20.16731069962924],[-124.40086399977366,20.15585710042501],[-124.40734099988714,20.144294700340311],[-124.41360500007062,20.13262749955959],[-124.41966199970142,20.120861099959939],[-124.42547599981742,20.108995399917887],[-124.43108400032628,20.097034500342033],[-124.43646200012114,20.084985700130119],[-124.4416280000321,20.072849299655616],[-124.44654099996706,20.060630800071522],[-124.45124099997207,20.048332199671393],[-124.45571100016241,20.035959200157095],[-124.45996100010001,20.023515700089604],[-124.46395900010765,20.011003499911737],[-124.46772800034682,19.998428300425871],[-124.47126799991815,19.985792199750335],[-124.47457100025139,19.973098799670026],[-124.47763799959392,19.960353899912718],[-124.48046100027483,19.947561300114046],[-124.483046999919,19.934722899642225],[-124.48539700037117,19.921846400291258],[-124.48751099983269,19.908929800170256],[-124.48937999968712,19.895982700441436],[-124.49100499998065,19.883006999573524],[-124.49238599981396,19.870008499992423],[-124.4935379998787,19.856987000250001],[-124.49445299980601,19.843946499631386],[-124.49511000042611,19.830896399649248],[-124.49552899996331,19.817834899860884],[-124.49570499998566,19.804769499712791],[-124.23043799971384,19.794858899718577],[-124.23024699989901,19.786149999922714],[-124.22988899957755,19.777444799937712],[-124.22938499971787,19.768749200215552],[-124.22869899955907,19.760061299589438],[-124.22786699986204,19.751384699844152],[-124.22686799965834,19.742725400357074],[-124.22570800012403,19.734083199680072],[-124.22439599987541,19.72546009970398],[-124.22292300029613,19.716861699607875],[-124.22128300021018,19.708288199940625],[-124.21949799973282,19.699741400245557],[-124.21754499960196,19.691227000425897],[-124.21543899961006,19.682744999582212],[-124.2131730003336,19.674301100315688],[-124.21075400029679,19.665893600209642],[-124.2081679997533,19.65752789969298],[-124.20543699971768,19.649204300038548],[-124.20255299982097,19.640928299701386],[-124.19952400043218,19.632700000304908],[-124.19632699959129,19.624523199686053],[-124.19299299962717,19.616399799910994],[-124.18950699984805,19.608333599715991],[-124.18585999983901,19.60032460000042],[-124.18207599980747,19.59237670022469],[-124.17814600023763,19.58449169993213],[-124.17407200032244,19.576673500381901],[-124.16985300001585,19.568921999950476],[-124.1654969996867,19.561243099989213],[-124.16098800039583,19.553634599857048],[-124.15634200018309,19.546104400098102],[-124.15155799990168,19.538648600352758],[-124.14664499996667,19.53127479989223],[-124.1415859995941,19.523981100247738],[-124.13639799956792,19.51677130015554],[-124.13108099988813,19.509651200242843],[-124.12563299956321,19.502616900149974],[-124.12004900016115,19.495670300144354],[-124.11434899990633,19.488819100221463],[-124.10852100004405,19.482065199749286],[-124.10256200043585,19.475402799899427],[-124.09648099969826,19.468845400395026],[-124.090278999676,19.462383300249257],[-124.0839690000692,19.456026099724852],[-124.07753800027842,19.44977569998872],[-124.07099199968093,19.443628299606473],[-124.06432299970658,19.437591600372173],[-124.05756400007846,19.43166349967089],[-124.05068200017405,19.425848000385031],[-124.04370100020088,19.420146900259397],[-124.03660600036653,19.414560300017968],[-124.02942700025574,19.409091900371038],[-124.02213300023766,19.403743699612164],[-124.01475499994319,19.398511899904406],[-124.00726299978754,19.393405900062362],[-123.99970200004719,19.388422000275227],[-123.99202000012281,19.38356400017858],[-123.98427600003726,19.378831899772479],[-123.97643299988295,19.374227500398945],[-123.96851299977504,19.369752900176366],[-123.96051000033617,19.365407900354455],[-123.95243100009048,19.361198399586613],[-123.94426700042163,19.357120500211067],[-123.93604299978455,19.353176099797281],[-123.92773399972424,19.349367100411484],[-123.91936499959496,19.345697399715391],[-123.91091900041147,19.342163100047173],[-123.90241999968316,19.338769900410739],[-123.89385999973911,19.33551600036327],[-123.88523899967998,19.332405099715743],[-123.87656399982865,19.329433399731727],[-123.86782100043871,19.326604799871745],[-123.85905499998819,19.32392120040322],[-123.85021199958402,19.321382499702736],[-123.84133100012548,19.318988800293027],[-123.8324279996524,19.316741899918895],[-123.82346299991741,19.314639999936162],[-123.81446100027483,19.312686899980577],[-123.80543500042484,19.310880699784605],[-123.79637900009067,19.309223199790949],[-123.7872920001256,19.30771640009192],[-123.77816800025289,19.306358299695887],[-123.76902799964239,19.30514910005104],[-123.75986499976983,19.304090499976724],[-123.7506870001049,19.303182600196976],[-123.74149299970207,19.302425399812478],[-123.73228499955297,19.301818799897831],[-123.72307600025709,19.301364900370004],[-123.71384399990058,19.301061600412652],[-123.70461999991295,19.300910900118083],[-123.69385499990824,19.134548199839685],[-123.68156399967876,19.134750399811253],[-123.66928099981817,19.135154699929615],[-123.65699799995764,19.135759399576784],[-123.64473700021227,19.136568099638225],[-123.63249200030549,19.137575100210825],[-123.62026999966065,19.138784399680446],[-123.60805500023798,19.140193899928704],[-123.59588600023864,19.141803699880995],[-123.58374000040061,19.143613800436697],[-123.5716399999859,19.145622300428954],[-123.55956299973258,19.147829100033107],[-123.54752300028616,19.150234200148361],[-123.53554500010159,19.15283580033207],[-123.52362099970929,19.155633899684858],[-123.51173400012391,19.158630400272898],[-123.49991600012322,19.161817600302129],[-123.4881590002376,19.165201199675778],[-123.4764479997753,19.168775600113975],[-123.46482799991219,19.172542600260954],[-123.45325500041787,19.17649839958159],[-123.44176500025446,19.180644999966887],[-123.4303590003675,19.184978500157797],[-123.41903699985755,19.18950080042174],[-123.40779100015442,19.194206199956284],[-123.3966370001973,19.199096699753056],[-123.385582000309,19.204170199894975],[-123.37461099979771,19.209423100395895],[-123.36373900025455,19.214855199807744],[-123.3529589995581,19.220464700385776],[-123.34230800031389,19.226251600331238],[-123.33174899991633,19.232212100008553],[-123.32129699995647,19.238347999860423],[-123.31096600018066,19.244649900172874],[-123.30075100035828,19.251123400124982],[-123.29065699982061,19.257761000270079],[-123.28068500041235,19.264566400419199],[-123.27085100017342,19.271532100226409],[-123.26112400037221,19.278661699677855],[-123.25154900038598,19.285945899783599],[-123.24209599973051,19.293388400354559],[-123.23278800036582,19.300985300131629],[-123.22362499959394,19.308731099760564],[-123.21459200032047,19.316629400126828],[-123.2057190003315,19.324670799717751],[-123.19698300036509,19.332862899603299],[-123.18842300042104,19.341192200060107],[-123.17999300017675,19.349662800198189],[-123.17173000043908,19.358270600008325],[-123.16362800003208,19.367010100136156],[-123.15567800033938,19.375886899760758],[-123.14790299972356,19.384885800339532],[-123.14028199991429,19.394016299612701],[-123.13285099987365,19.403268800015269],[-123.12557199964795,19.412643399573369],[-123.11847699981359,19.422132499915051],[-123.1115569999555,19.431741700219447],[-123.10480499975085,19.441459699605616],[-123.09825099968378,19.451286300222705],[-123.09187299963912,19.46122169992168],[-123.08566999957071,19.471260099873859],[-123.07965900026255,19.481395700351413],[-123.0738369997776,19.491632499740206],[-123.068198999684,19.501958799659008],[-123.06275899972798,19.512380600384517],[-123.05751799995562,19.522888200030536],[-123.05244399979068,19.533479700128225],[-123.04760000033963,19.544153200409994],[-123.04293800028842,19.554904900341],[-123.03847500042082,19.565731000285552],[-123.03420999979159,19.576631500243707],[-123.03015099966882,19.587596899777225],[-123.02629900009867,19.598627099960822],[-123.02263600025111,19.609722099895123],[-123.01919599989537,19.620872499866095],[-123.01596100000006,19.6320801003165],[-123.01292400024232,19.643337200351652],[-123.01010099956142,19.654643999621044],[-123.00749199975587,19.665994600370652],[-123.00508899955759,19.677385300091657],[-123.00289900018862,19.688814200315221],[-123.00091599957364,19.700279200225054],[-122.99914599978797,19.711772900199321],[-122.99759700030125,19.723295200413304],[-122.99626199989132,19.734842300332048],[-122.99512499961895,19.746406599784905],[-122.99420899964554,19.757989900113955],[-122.99351500001717,19.769584700074006],[-122.99303400031874,19.781190899840283],[-122.99276699969721,19.792802800409049],[-122.99272200031999,19.804416700170691],[-122.99288899992729,19.816030500107615],[-122.99325599976447,19.827640500408904],[-122.99385799964688,19.839241000272068],[-122.99465899971295,19.850830100329006],[-122.99568900044693,19.862403900219931],[-122.99693300025768,19.873956700041788],[-122.99837500020601,19.885492300329531],[-123.00006099971529,19.897001299570434],[-123.00192999956971,19.908479700278065],[-123.00403599956167,19.919925700211024],[-123.00633999969114,19.931335399908903],[-123.00885799979676,19.942705200284934],[-123.01158899983238,19.954032899798619],[-123.01452600037453,19.965312999995092],[-123.01767699999345,19.976545300325483],[-123.02102699979611,19.987720500001217],[-123.0246050002205,19.998840299640278],[-123.02837399956036,20.009903000423265],[-123.032349000306,20.020898799739939],[-123.03652999975958,20.03182980020523],[-123.04091599967353,20.04268649958243],[-123.04550900014016,20.053474399923743],[-123.05028500005261,20.064182300173172],[-123.05527499994122,20.074809999781792],[-123.0604629999674,20.085353899662891],[-123.06583400033873,20.095811800074671],[-123.07140399999452,20.106180199956384],[-123.07717099974172,20.116457000290495],[-123.08313799971882,20.126634600006923],[-123.08927200020253,20.136713000005102],[-123.0956120002935,20.146692300109692],[-123.10212700036067,20.156562800233189],[-123.10883300024267,20.166326499568413],[-123.11572299961665,20.175977700011003],[-123.12278699982011,20.185512500301797],[-123.13001999972312,20.194932899633727],[-123.13742799960238,20.204231299634898],[-123.145019999873,20.213407499756443],[-123.15277899975092,20.222459800279694],[-123.16070600018168,20.231380500309967],[-123.16879299989694,20.240169500022546],[-123.17703999979608,20.248825099698706],[-123.185455000248,20.257343300053378],[-123.19403800035332,20.26572420001196],[-123.20276599995083,20.273961999846563],[-123.21164700030874,20.28205299974627],[-123.22067300015874,20.289999000153898],[-123.22985099982367,20.297792399999423],[-123.239182000249,20.305438999910052],[-123.24864999979758,20.312929199622999],[-123.25825500026798,20.320260999945333],[-123.26799000043809,20.327436400069928],[-123.27785500030791,20.334449799918445],[-123.28787199999272,20.341299099573916],[-123.29798899979244,20.347984299935661],[-123.30824999993746,20.354501700293383],[-123.31861899966702,20.360851299747821],[-123.32910899958057,20.367027300369784],[-123.33971400030077,20.373031599728677],[-123.35043299998284,20.378858600444175],[-123.36125199977988,20.384511899804465],[-123.37218500033742,20.38998409998635],[-123.38321700006441,20.395275100265792],[-123.39434100043673,20.400388700278427],[-123.40557100030134,20.405315399586186],[-123.41687800011954,20.410057100255131],[-123.42826800016798,20.414613699762583],[-123.43975800033138,20.41898159992104],[-123.45131700007937,20.423160600181689],[-123.46295199973491,20.427148800277052],[-123.47467799998964,20.430944399764371],[-123.48644999966768,20.434549299810499],[-123.49830599962212,20.437959699880366],[-123.51022299969156,20.441173599881893],[-123.52218600008376,20.444189100446749],[-123.53420999969165,20.44701189967958],[-123.54627999962219,20.449634599757132],[-123.55840300019821,20.452060699941512],[-123.57057200019756,20.454286600246519],[-123.58278699962023,20.456312199948229],[-123.59502400005749,20.458135599678315],[-123.6072920001256,20.45975880042846],[-123.6195980001475,20.461181599851102],[-123.63192000000788,20.462398500390634],[-123.64427200035243,20.463415100326756],[-123.65664699995898,20.464229600116084],[-123.66902199956553,20.464841800109127],[-123.68141199986383,20.465248100319741],[-123.69380200016207,20.46545219965941]]]},"properties":{"objectid":4754,"radii":50,"stormid":"ep162026","basin":"ep","stormnum":16,"advnum":"27","validtime":"2026092615","synoptime":"2026092612","timezone":"UTC","tau":0,"ne":40,"se":40,"sw":30,"nw":45,"idp_source":"ep162026_2026092615_forecastradii","idp_filedate":1790434957000,"idp_ingestdate":1790435164000,"st_area(shape)":1.415322855300414,"st_perimeter(shape)":4.6617073447708668,"binnumber":"EP1"}},{"type":"Feature","id":4755,"geometry":{"type":"Polygon","coordinates":[[[-123.69767799993963,20.04954529967597],[-123.70154600024762,19.966363900074043],[-123.70463599975147,19.966312400397101],[-123.70771799978576,19.966211300411317],[-123.71080800018899,19.966056799581793],[-123.71389799969285,19.965856599702477],[-123.7169720002575,19.965600999786432],[-123.72004699996899,19.965299600096614],[-123.72310599984195,19.964944799563],[-123.72616599976101,19.964540500343958],[-123.72922499963391,19.96408459982456],[-123.73225399992208,19.963579199720414],[-123.73529099967982,19.963025999750243],[-123.73831899992183,19.962421399927791],[-123.74132500004862,19.961767199796554],[-123.74431600038304,19.961065299624011],[-123.74730699981808,19.960311899774467],[-123.75027499999118,19.959510799883674],[-123.75322700032569,19.958660099683982],[-123.75616500001462,19.957763700434555],[-123.75908699986508,19.956815699884771],[-123.76199299987695,19.955822000285252],[-123.76487699977361,19.95478059974505],[-123.76773100008552,19.953691500062803],[-123.77058400035122,19.952556599707464],[-123.77339899976391,19.951374100034855],[-123.77619900028355,19.950145699864322],[-123.7789759997425,19.948873500012155],[-123.78173099998554,19.947553600118681],[-123.78445399965227,19.946188000276152],[-123.7871550001031,19.94477840020312],[-123.78983300039255,19.943325000448567],[-123.79247299982899,19.941829700380481],[-123.79509000000343,19.94029049990678],[-123.79769100033928,19.938705399834475],[-123.80024000007586,19.937082299808424],[-123.80277299997385,19.935413400008542],[-123.80526699987206,19.933704400337945],[-123.80773899965504,19.931957200164788],[-123.81017300038354,19.930166200310055],[-123.81256900025909,19.928339000044957],[-123.81492600013473,19.926471699909143],[-123.81726099989515,19.924566299994865],[-123.81955699965573,19.922620800209927],[-123.82181500036188,19.920639000189851],[-123.82404299968459,19.918621099584243],[-123.82620999979156,19.916566799818099],[-123.8283539997372,19.914474500098265],[-123.8304599997291,19.912349699778986],[-123.83252000029768,19.91019060021614],[-123.83455699980561,19.907997099786485],[-123.8365400004206,19.905773199573616],[-123.83847799985972,19.903513000025043],[-123.84037800024441,19.901225999780195],[-123.84223200030647,19.898904800116554],[-123.84405499983831,19.896553000121003],[-123.84581800020044,19.894172699710452],[-123.84753400019389,19.891765600402266],[-123.84921300027963,19.889327999687566],[-123.85085300036559,19.886865600167482],[-123.85243999980605,19.884372700140148],[-123.85398099982319,19.881858800043744],[-123.85546900009416,19.879316299707625],[-123.85691800036534,19.876752900026474],[-123.85832999982955,19.874162699648991],[-123.85968000003186,19.871551500101816],[-123.86097699958879,19.868919400310233],[-123.86223600009123,19.866266300449524],[-123.86343399957934,19.86359209979571],[-123.86458599964408,19.860898999889059],[-123.86569200028549,19.858188599724258],[-123.86674500028147,19.855457300214368],[-123.86773700016232,19.852710699639204],[-123.86869800041228,19.849948899622177],[-123.86959799964785,19.847171800338458],[-123.87044500003663,19.844379399989464],[-123.87123899977991,19.841573699566709],[-123.87198600005377,19.838756600237048],[-123.87267300025866,19.835926100109589],[-123.87331400014091,19.833085999719231],[-123.87390100023089,19.830234500422023],[-123.87443499967543,19.827373499787313],[-123.87490799990417,19.824506800148868],[-123.87533599985642,19.821630500247522],[-123.87571700033919,19.818746600175587],[-123.87603000038411,19.815860700011456],[-123.87628899973748,19.812965400133237],[-123.87651100008247,19.810070000430301],[-123.87666299989746,19.807170900017184],[-123.87677000033517,19.8042679001436],[-123.87682300008129,19.801366799638231],[-123.87682300008129,19.798461900396546],[-123.87675499964342,19.795557000255485],[-123.87664800010504,19.792655899750116],[-123.87647999955226,19.789756800236262],[-123.87626599957611,19.786861399634006],[-123.87599200043036,19.783968000023322],[-123.87566399969376,19.781080199591656],[-123.8752900004331,19.778198199787255],[-123.87485500015805,19.775323899978162],[-123.87436700013683,19.772457099615622],[-123.87383299979302,19.76959800014771],[-123.87324499965689,19.766746499951125],[-123.87258899998227,19.763908399653076],[-123.8718950003539,19.76107790042488],[-123.87115500040284,19.758262599739339],[-123.87034599996781,19.75546069985154],[-123.86949200015562,19.752668400226639],[-123.86858399965178,19.749893200311078],[-123.86762999972461,19.74713329966221],[-123.86662300005133,19.744386699986364],[-123.86557000005536,19.74165920011211],[-123.86446400031326,19.738950700214787],[-123.86329699955678,19.736259499676294],[-123.86209900006872,19.733589200281529],[-123.86083999956622,19.730934100328625],[-123.85952800021693,19.728305800172677],[-123.85817699996846,19.725696599818377],[-123.85677299997388,19.723110199975906],[-123.8553239997027,19.720548599838139],[-123.85382099963931,19.718009900036975],[-123.8522720001526,19.715498000032824],[-123.85069300018171,19.713010799908602],[-123.84905200004965,19.710548400388518],[-123.84737400001001,19.708114600208773],[-123.84563399980914,19.705709500093519],[-123.84387200039242,19.703332900393207],[-123.84205600028412,19.700984999858008],[-123.84020200022206,19.698667500005286],[-123.83830299988347,19.696378700216997],[-123.8363489997065,19.694126099939695],[-123.83436599999084,19.691902199726883],[-123.83234400027533,19.689712499832126],[-123.83028399970675,19.687557199904973],[-123.8281779997148,19.685432399585693],[-123.82603499981531,19.68334770003645],[-123.82384500044634,19.681295400362558],[-123.82162499969388,19.67927930019971],[-123.81936599984095,19.677301399640044],[-123.81707000008032,19.675359700390004],[-123.81475100015842,19.673456199843883],[-123.81238599991389,19.671590799975604],[-123.80998199966945,19.669765499977984],[-123.80754899988636,19.667978299758886],[-123.80509199989581,19.666233099677925],[-123.80258899958255,19.664527899643019],[-123.80006400005345,19.662862800378093],[-123.79750799999414,19.661239599627947],[-123.79492999981954,19.65966030018285],[-123.79230500017553,19.658122999976626],[-123.78967300020872,19.656629600176075],[-123.78699499991922,19.655178099789623],[-123.78430199983734,19.653772400076321],[-123.78156999975562,19.652410500044709],[-123.77882399992757,19.651092500418713],[-123.7760539998921,19.649822199934704],[-123.77326199974141,19.648597700123901],[-123.77044700032872,19.64741709981945],[-123.76760899985538,19.646284099731531],[-123.7647399997511,19.645195000049341],[-123.76187099964682,19.644157400044094],[-123.75897199995774,19.643165599812733],[-123.75605000010734,19.642221499622622],[-123.75311299956519,19.641323100280999],[-123.75017499987626,19.640476199717],[-123.74721500007212,19.639677000093627],[-123.74423200010665,19.638925600336336],[-123.74124099977223,19.638223600339018],[-123.73823499964544,19.637571299575939],[-123.73522200009512,19.636968600021021],[-123.73218500033738,19.636415499875568],[-123.72915600004927,19.635911900214182],[-123.72610499964594,19.635457999786979],[-123.7230609995654,19.6350535998439],[-123.72000099964635,19.634698900034323],[-123.71692699998096,19.634397500344505],[-123.7138670000619,19.634141900428517],[-123.71078500002761,19.633943599917359],[-123.70771000031618,19.633789099987098],[-123.70461999991295,19.633688000001314],[-123.70154600024762,19.633636500324371],[-123.6969149998273,19.467273700221256],[-123.69076500040433,19.467376699575141],[-123.68460799975929,19.467578900446028],[-123.67845900038247,19.467880200311129],[-123.67231799957591,19.468284600254265],[-123.66618299994542,19.468790100183128],[-123.66004900036097,19.469396600273001],[-123.65393800003858,19.470104200348715],[-123.64783500008508,19.4709090998752],[-123.64175400024681,19.471816999654948],[-123.63568900024705,19.472822199784844],[-123.62963900003973,19.473928499900467],[-123.62361099994757,19.475131999642201],[-123.61761500043184,19.476436600269039],[-123.61163299976306,19.47783850034665],[-123.60567500020102,19.479337699875089],[-123.5997620000162,19.480936100021154],[-123.5938719999927,19.482631699793274],[-123.58801299960015,19.484422699648007],[-123.58218399969172,19.486309099585412],[-123.57639299973704,19.488292700048191],[-123.5706409997822,19.490367900058686],[-123.56492599973501,19.492538500151795],[-123.55925800005656,19.494804399603481],[-123.55363499975533,19.497161900401522],[-123.54804199993828,19.499610900023185],[-123.54249599959064,19.502153400359305],[-123.53701000021124,19.504783599883353],[-123.53157000025521,19.507505399854438],[-123.52617599972251,19.510316800180306],[-123.5208359998814,19.513214100150719],[-123.5155489997864,19.516200999576597],[-123.51033000012933,19.519271900178182],[-123.50514999957272,19.52243040014298],[-123.50004599982293,19.525671000116688],[-123.49498700034968,19.528997399910224],[-123.4900049999307,19.532405899712614],[-123.48506899983437,19.535894399607002],[-123.48020899964553,19.539463000317369],[-123.47540999957175,19.543111799869791],[-123.47068800035083,19.546838799970772],[-123.46604200013809,19.550641999628738],[-123.46144899967152,19.554521600291764],[-123.4569320000117,19.558477399612457],[-123.45249200030548,19.562505699578537],[-123.44813499993023,19.566606500189948],[-123.44383999971615,19.570777900280007],[-123.43963600010125,19.575017899756403],[-123.43550100007099,19.579326600242553],[-123.43145799978674,19.583703999939758],[-123.42747499957147,19.588146200287042],[-123.42359899979391,19.592655199577962],[-123.41978500017751,19.597225199883212],[-123.41606899968451,19.60185620030353],[-123.41243700036716,19.60654829976437],[-123.40889699989651,19.611299499972063],[-123.40544099970231,19.616109800027402],[-123.40206899978443,19.620973599851879],[-123.39880400030427,19.625892600063594],[-123.3956070003627,19.630865100044446],[-123.39252500032842,19.635889099702354],[-123.38951900020163,19.64096450011175],[-123.38661999961317,19.646085700294975],[-123.38380400015438,19.65125659971244],[-123.38110399974971,19.656471299710859],[-123.3784790001057,19.661729800290175],[-123.37596900036897,19.667030300108422],[-123.37353499964041,19.672370899797329],[-123.37120800024894,19.677751500431555],[-123.36899599986543,19.683170299769642],[-123.3668820004039,19.688621499882458],[-123.36486099983517,19.694109000230299],[-123.36292999981953,19.699628799729453],[-123.36111499975732,19.705179199560575],[-123.35940600008672,19.710756300263199],[-123.35779599958562,19.716363899674377],[-123.35629300042154,19.721996299689636],[-123.35490400021934,19.72765160004144],[-123.35360000033967,19.733329799830528],[-123.35241699974466,19.739028899863968],[-123.35131800032536,19.744743300063362],[-123.35034899970645,19.750478700331882],[-123.34948000010183,19.756227499599561],[-123.34870899962056,19.761989599840319],[-123.34806100031483,19.767765000154782],[-123.34751100013244,19.773548099565289],[-123.34706100006503,19.779340700313185],[-123.34673300022769,19.785139099889705],[-123.34649700013637,19.790943100443883],[-123.34637499990623,19.796749100190937],[-123.43477599991235,19.801982899991003],[-123.43485299986594,19.80633929961914],[-123.43500499968087,19.810691799786866],[-123.43523400034877,19.815040600143732],[-123.43555499986326,19.819385500140868],[-123.43595100013846,19.823726700327086],[-123.43642400036725,19.828056300158266],[-123.43698900034201,19.832380299911051],[-123.43763000022426,19.836694700300313],[-123.438338999645,19.84099769998403],[-123.43913300028765,19.845289200036689],[-123.4400179997308,19.849567400015644],[-123.44097099961186,19.853826500192952],[-123.44200100034578,19.858072300296556],[-123.4431229999264,19.862300899966726],[-123.44430499957599,19.866508499567715],[-123.44557999991696,19.870697000266489],[-123.44693000011932,19.874864599821592],[-123.44834899990633,19.879009200114638],[-123.44985199996972,19.883129099628377],[-123.45142399961782,19.887224200336732],[-123.45307900039546,19.891292600173472],[-123.45481100022738,19.895334200213313],[-123.45661899996679,19.899345399570677],[-123.45848799982122,19.90332600039477],[-123.46044199999818,19.907276199637067],[-123.46247900040544,19.911191899986363],[-123.46456899965949,19.915077199653183],[-123.46673599976646,19.918926199984298],[-123.46897899978092,19.92273899990505],[-123.47129100027934,19.92651179977986],[-123.47366299994741,19.930248300318965],[-123.47611999993796,19.933944700087977],[-123.47863800004359,19.937601099811047],[-123.48121600021813,19.941215500295243],[-123.48387100034631,19.944786100198485],[-123.48658799973629,19.948312799696112],[-123.4893720004174,19.95179559968733],[-123.49222599982994,19.955232599904718],[-123.49514000021077,19.95862009963804],[-123.49811599985344,19.9619598004046],[-123.50115199956502,19.965249999787773],[-123.50425000033715,19.968488700393323],[-123.50740800027887,19.971677799790768],[-123.51061199964397,19.974815400410534],[-123.51389299986198,19.977897600094309],[-123.51721200003368,19.980926499658381],[-123.52059899974392,19.983902000177295],[-123.52404000014582,19.98682020039206],[-123.5275419997634,19.989679299859915],[-123.53108999970362,19.992483100015193],[-123.53468299992039,19.99522780032288],[-123.53832999992949,19.997909500423248],[-123.54203800005359,20.000536000136435],[-123.5457759997625,20.003099399817586],[-123.54957599963257,20.005601900107763],[-123.5534130003096,20.008039499923143],[-123.55730399987959,20.010414100430523],[-123.5612259999798,20.012725799656096],[-123.56520099982617,20.014972700030228],[-123.5692209999491,20.01715469992962],[-123.57327299974907,20.019266100350364],[-123.57736200035595,20.021316499756779],[-123.58149000006335,20.023296400408697],[-123.58565499967841,20.025209399594246],[-123.58985900019263,20.027051900025299],[-123.59409300029165,20.028825800170694],[-123.59835800002162,20.030529000113404],[-123.60264599991285,20.032163599770456],[-123.60697900008068,20.03372569968144],[-123.61133599955662,20.035219200206086],[-123.61571500004715,20.03663829981781],[-123.62013199959199,20.037986799951],[-123.62455700040516,20.039262800338122],[-123.62901299994991,20.040464399812322],[-123.63349199965597,20.041593600264605],[-123.63798500000763,20.042648299979192],[-123.64250899999024,20.043628700404327],[-123.6470410003418,20.044536600184074],[-123.65158799958641,20.045368199682798],[-123.65615099956887,20.046125400067297],[-123.66074400003549,20.04680820043825],[-123.66533699960274,20.047414800352897],[-123.66993700039217,20.047948799797439],[-123.67453800032837,20.04840470031678],[-123.67916100037979,20.048782299563641],[-123.68379199990079,20.049087499788413],[-123.68842300032111,20.04931639973222],[-123.69304700041863,20.049469000294266],[-123.69767799993963,20.04954529967597]]]},"properties":{"objectid":4755,"radii":64,"stormid":"ep162026","basin":"ep","stormnum":16,"advnum":"27","validtime":"2026092615","synoptime":"2026092612","timezone":"UTC","tau":0,"ne":15,"se":20,"sw":10,"nw":10,"idp_source":"ep162026_2026092615_forecastradii","idp_filedate":1790434957000,"idp_ingestdate":1790435164000,"st_area(shape)":0.1903639137794286,"st_perimeter(shape)":1.8072784927198071,"binnumber":"EP1"}},{"type":"Feature","id":4756,"geometry":{"type":"Polygon","coordinates":[[[-123.58589900013868,22.197265600327341],[-123.61413600007626,22.197265600327341],[-123.64234200038294,22.19680399990483],[-123.6705550001131,22.1958847003188],[-123.69872999988951,22.194499999775303],[-123.72687500008112,22.192659399611728],[-123.75498999978856,22.190359100192438],[-123.78305800002659,22.187599200442889],[-123.81106600019564,22.184381499906465],[-123.83899700041115,22.180709800017382],[-123.86686699961223,22.17657849979804],[-123.89463799964386,22.171995200318406],[-123.92232500029843,22.166957899687475],[-123.94990499961597,22.161472299607055],[-123.9773940001329,22.155534700266344],[-124.00473800025839,22.149150799769757],[-124.03197499994621,22.142320599915877],[-124.05906700014185,22.135046000072975],[-124.08602100026883,22.127330799876631],[-124.11282299968161,22.119175000226221],[-124.1394580003863,22.110586200392959],[-124.16591600012322,22.101564400376901],[-124.19221499972235,22.092109700002766],[-124.21832300040603,22.082225799980847],[-124.24423200000672,22.071920400306396],[-124.2699430003691,22.061193500080094],[-124.29543300043252,22.050046899744757],[-124.32071699998949,22.03848649975231],[-124.34577199977787,22.026515999913613],[-124.37059000032815,22.014137299596825],[-124.39518000025669,22.001356099604436],[-124.41950999988649,21.988174400028697],[-124.44359599995533,21.974599800140822],[-124.46739999961022,21.960632299940812],[-124.490936000396,21.946277600231213],[-124.51420599970703,21.931543400107955],[-124.53717799966483,21.916427599654128],[-124.55986800010805,21.900941800124144],[-124.58226000029867,21.885089900078981],[-124.60433200012164,21.868873600136681],[-124.62609900026854,21.852298700025131],[-124.64754500000168,21.835371000371538],[-124.66866299989744,21.818098100447116],[-124.6894529999559,21.800479900427206],[-124.70990000038461,21.78252789994275],[-124.72999599991539,21.764242199717899],[-124.74974799977031,21.745634099734048],[-124.76913499988024,21.726705600083505],[-124.78816199957652,21.707464200212826],[-124.80682400042718,21.687913900306398],[-124.82511100017246,21.668062199810834],[-124.84301000001142,21.647916799620759],[-124.8605349996904,21.627477599911458],[-124.87765499957845,21.606759999774283],[-124.89438600041348,21.585763900283894],[-124.91071299970508,21.564500800171913],[-124.92663600015118,21.542974499973354],[-124.94215399990708,21.521186800130863],[-124.95725300012577,21.499155000003384],[-124.97192400039222,21.476875299955282],[-124.98616799985319,21.454362900327737],[-124.99999199973092,21.431619599764872],[-125.01339700007139,21.408657100245136],[-125.02634399997555,21.385477099688558],[-125.0388569996507,21.362089200156618],[-125.05093399990409,21.338501000021267],[-125.06254600029757,21.314718200084997],[-125.07372300041607,21.290752399803523],[-125.08444200009814,21.266605399619664],[-125.09470400028931,21.242288600238851],[-125.10449999967517,21.217807799590446],[-125.1138380004233,21.193170499818848],[-125.12270400008941,21.168384599669707],[-125.13110399984964,21.14345930010677],[-125.13904600007277,21.118396799972459],[-125.14650000027473,21.093212099958578],[-125.15349600004026,21.067907299982039],[-125.15999600031506,21.042493799849126],[-125.16603900019959,21.016979199730429],[-125.17158499964791,20.991367300160903],[-125.1766660001357,20.965669599872285],[-125.18125200027947,20.939895600201908],[-125.18534900035598,20.914047199618722],[-125.18897200015761,20.888137799819731],[-125.19210099966131,20.862173099808842],[-125.19474800031986,20.836158800388489],[-125.1969219998503,20.810110100101156],[-125.19858600014368,20.784025200302892],[-125.19977600016216,20.757919300435503],[-125.20047800015948,20.731798200226876],[-125.20069100008948,20.705669400022941],[-124.8448100002812,20.685363799999493],[-124.84426899961454,20.665046700345101],[-124.8433379998487,20.644739200054175],[-124.84204100029183,20.624452600007601],[-124.84036300025218,20.604188900297629],[-124.83829500021398,20.583955800020306],[-124.8358610003848,20.563760800420766],[-124.83305400044168,20.543607700235327],[-124.82986499996969,20.523502300091195],[-124.82631700002946,20.503454200251269],[-124.82238000013683,20.483465200258934],[-124.81809200024554,20.463542900284779],[-124.81342299987148,20.443697000416364],[-124.80838000023675,20.423927300104936],[-124.80298599970405,20.404243500337429],[-124.79721799991069,20.384653099660966],[-124.79108400032624,20.365156199699015],[-124.78459899984387,20.345764200257804],[-124.77775599993936,20.326480900073648],[-124.77055399966724,20.307311999948979],[-124.762984999558,20.288263299611742],[-124.75508899965752,20.269340499864313],[-124.74682599991985,20.25055119997802],[-124.73821999965315,20.231899300312591],[-124.72927099975675,20.213388399954852],[-124.71999400002301,20.195028299716398],[-124.71036500024445,20.176822700307525],[-124.70040899977545,20.158777200007933],[-124.69012500036837,20.140893899633909],[-124.67949700038616,20.123182299623579],[-124.66854900003625,20.10564990032276],[-124.6572800001718,20.088295000214202],[-124.64569900030853,20.071130800446213],[-124.63379700003145,20.054155300027219],[-124.62159000007836,20.037376400400717],[-124.60907700040315,20.020801500289167],[-124.59626000019875,20.00443080024138],[-124.58313800031834,19.98827360014667],[-124.56971700013935,19.972331999922005],[-124.55601499959249,19.956611599645726],[-124.54201499969241,19.941118199945095],[-124.52773999970111,19.925855599556428],[-124.5131909996648,19.910829500181421],[-124.49836000011385,19.896039999846266],[-124.48326099989515,19.881496400238802],[-124.46791099979271,19.867202799569668],[-124.45227800012952,19.853158999988011],[-124.43640900037497,19.839374500133204],[-124.42027299999887,19.825851399922328],[-124.40389300006183,19.812591599622749],[-124.38728300031011,19.799604400023156],[-124.37044499993669,19.786888099606244],[-124.35335499963344,19.774448400073766],[-124.33604399993055,19.762291000429457],[-124.31852000029767,19.750415799949337],[-124.30078900011216,19.738830600252129],[-124.28282199983533,19.727535199889701],[-124.26467100006653,19.716537500305549],[-124.24632300020619,19.705833399691755],[-124.22777600016218,19.695432699759408],[-124.20904499972687,19.685337100227116],[-124.19012499956898,19.67554660019556],[-124.1710280002419,19.666069000384198],[-124.15176400040821,19.656902299801459],[-124.13233900034447,19.648052200149039],[-124.11275500014307,19.63952259998814],[-124.09300999971163,19.631311400301001],[-124.07311999978805,19.623426400008498],[-124.05310100021092,19.615865699742415],[-124.03293600019617,19.608631099945455],[-124.01264999999739,19.601730299713722],[-123.99222599973001,19.595159500310842],[-123.97169499992424,19.588922499573812],[-123.9510569996807,19.583021199568861],[-123.93030499957598,19.577461200374216],[-123.90946199977139,19.572236999937729],[-123.8885189998519,19.567356100403856],[-123.86749299970211,19.562816599706423],[-123.84638999959873,19.558622400003912],[-123.82521799991065,19.554773299848023],[-123.80396299999234,19.551267600419578],[-123.78266099970529,19.548114800357894],[-123.76129900024858,19.545305300299503],[-123.73989099956987,19.542846700415055],[-123.71844499983678,19.540737200261731],[-123.69696000010384,19.538980499650506],[-123.67544599993283,19.537572899669726],[-123.65390000008483,19.536518100130365],[-123.63235500028293,19.535814299690344],[-123.61078600027361,19.535461400323527],[-123.58921800031038,19.535461400323527],[-123.56766500013953,19.535814299690344],[-123.54610399959984,19.536518100130365],[-123.5245739995903,19.537574799937204],[-123.50305900027257,19.538980499650506],[-123.48157499968642,19.540739099629889],[-123.46012899995327,19.542848599783213],[-123.4387050003354,19.545307199667661],[-123.41735799977175,19.548114800357894],[-123.39604900006123,19.551269499787736],[-123.37480199961249,19.554773299848023],[-123.35362999992446,19.55862430027139],[-123.33252699982108,19.562820400241435],[-123.3115009996713,19.567357999772014],[-123.2905579997518,19.572238900205207],[-123.26971399990106,19.577463199567148],[-123.24896199979634,19.583023099836339],[-123.22832499959895,19.588922499573812],[-123.20779399979318,19.595161399679],[-123.18737000042506,19.601732299805917],[-123.16708400022634,19.608633000212933],[-123.1469190002116,19.615867600009892],[-123.12688399989656,19.623428300275975],[-123.10700200034194,19.631315199936694],[-123.08726500027944,19.639524500255618],[-123.06768000003188,19.648055999784674],[-123.04824100022188,19.656906100336414],[-123.02897600034203,19.666070899752356],[-123.00989499995421,19.675550499655969],[-122.99097399975022,19.685340899862751],[-122.97224400026033,19.69543650029442],[-122.95369700021627,19.70583529995929],[-122.93533299961814,19.716539399673707],[-122.91718299989543,19.727540999617588],[-122.89923100031035,19.738834399887764],[-122.88148500033242,19.750419599584973],[-122.86395999975412,19.762292899797615],[-122.84664900005123,19.774452199709401],[-122.82957499958644,19.7868919001412],[-122.81273700011235,19.799608199658849],[-122.79611199966894,19.812597300425239],[-122.77974700042364,19.825855300282001],[-122.76361100004755,19.839378399593613],[-122.74773399992404,19.853162799623647],[-122.73210899973049,19.867206600104623],[-122.71674299978952,19.88150219996669],[-122.70164499961697,19.896043800381221],[-122.68682899985839,19.910831500273673],[-122.6722639999835,19.925859499916101],[-122.65799000003835,19.941122100304824],[-122.64399699956181,19.956617400272933],[-122.63030200023701,19.972337699825118],[-122.61688200010411,19.988275500414147],[-122.60376000022376,20.004436500144493],[-122.59094199997321,20.02080539974952],[-122.57841499965241,20.03738210030383],[-122.56621600006827,20.054161099755106],[-122.55432100011399,20.07113269981437],[-122.54274000025072,20.088300700117372],[-122.53146400006347,20.105655700050647],[-122.52052300003635,20.12318989979417],[-122.50989500005414,20.140897799993638],[-122.49961099974774,20.15877910027541],[-122.489655000178,20.176826499943161],[-122.48001900007671,20.195032100251353],[-122.47073399997402,20.213394199682682],[-122.46178400003146,20.231905000215704],[-122.45319399960329,20.25055689988119],[-122.44493099986568,20.269346199767426],[-122.43701900012667,20.288269000414175],[-122.42946599985589,20.307315799584615],[-122.42226399958383,20.326484699709283],[-122.41542099967933,20.34576799989344],[-122.40893600009622,20.365161899602128],[-122.40280199961251,20.384658799564079],[-122.39703399981914,20.404249200240542],[-122.39164000018576,20.423933000008105],[-122.38659699965172,20.443700800052],[-122.38192700013087,20.463548700012609],[-122.37764000028568,20.483470900162047],[-122.37370300039305,20.503459900154382],[-122.37014800013003,20.52351000008656],[-122.36696599998083,20.54361340013844],[-122.36415099966882,20.563766500323879],[-122.36172500020848,20.583961499923419],[-122.35965700017033,20.604194600200799],[-122.35797900013068,20.624458299910771],[-122.35668199967444,20.644744899957288],[-122.35575099990865,20.665050499980737],[-122.35520900009516,20.685369499902663],[-121.99932900033303,20.705673199658577],[-121.99954200026303,20.731803900130046],[-122.0002440002603,20.757926899706774],[-122.00142699995598,20.784032799574163],[-122.00309799967283,20.810115800004326],[-122.00527200010265,20.83616639965976],[-122.00791899986189,20.862178799711955],[-122.01104700021881,20.888143499722901],[-122.01466399974368,20.914056799881564],[-122.01877599961261,20.939901399929795],[-122.02335400028682,20.96567729986765],[-122.02843499987523,20.991375000156268],[-122.03398100022287,21.016984899633542],[-122.04002400010745,21.042503400111968],[-122.04652400038219,21.067914999977404],[-122.05352000014778,21.093219799953943],[-122.06097400034974,21.118404400143106],[-122.06890900025007,21.143463099742405],[-122.07731600033304,21.16839029957282],[-122.08618199999921,21.193176300446055],[-122.09551999984802,21.217815399761037],[-122.1053160001332,21.242296200409442],[-122.11557800032438,21.266612999790254],[-122.12629700000645,21.290758099706693],[-122.13747400012494,21.314725900080361],[-122.14910100031085,21.33850669992438],[-122.16116299987243,21.362094900059731],[-122.17367600044696,21.385482799591671],[-122.18663800014349,21.40866280014825],[-122.20002699974617,21.431627299760237],[-122.21385199966994,21.454370499599008],[-122.22809600003029,21.476882900125872],[-122.24278300013526,21.499158900363113],[-122.25787399998501,21.521196400393706],[-122.27338400027128,21.54297829960899],[-122.28930699981811,21.564508400342561],[-122.30563400000898,21.585771600279259],[-122.32236499994468,21.606765699677453],[-122.33949999962522,21.627485299906823],[-122.35701000041109,21.647920600155715],[-122.37491599967353,21.668067899713947],[-122.39319599999533,21.687919600209511],[-122.41185799994662,21.707467999848461],[-122.4308849996429,21.726711299986619],[-122.45027900007568,21.745639799637161],[-122.4700239996078,21.764249799888489],[-122.4901280004068,21.782531699578442],[-122.51058200025903,21.800485600330319],[-122.53135699962576,21.818101900082752],[-122.55247500042083,21.835376700274651],[-122.57392100015392,21.85230260038486],[-122.59569499972434,21.868877399772316],[-122.61777499991621,21.885095599982094],[-122.64015999978409,21.900947599851975],[-122.6628419998583,21.916433299557298],[-122.68581399981616,21.931547199743591],[-122.70907599965756,21.946283300134326],[-122.73262800028192,21.96063420020829],[-122.75643900025955,21.974603699601175],[-122.78050999963671,21.98817830038837],[-122.8048549999582,22.001359900139448],[-122.82943000009436,22.014141100131781],[-122.85424799974533,22.026519800448568],[-122.87930300043303,22.038490300287265],[-122.90458699998999,22.050050700279712],[-122.93009199984584,22.061195400347572],[-122.95579499983927,22.071924199942032],[-122.98171199980885,22.082229599616483],[-123.00781999959321,22.0921116002703],[-123.03410300025314,22.101566299745059],[-123.06057699982858,22.110588099761117],[-123.08721199963401,22.119176899594379],[-123.11401399994605,22.127332700144109],[-123.14095300028066,22.135047900340453],[-123.16805299994587,22.142320599915877],[-123.19528200016407,22.149150799769757],[-123.22264100008198,22.155536700358596],[-123.25011399986113,22.16147419987459],[-123.27770999991645,22.166959799954952],[-123.30538199987927,22.171995200318406],[-123.33316799970333,22.176580400065575],[-123.36103799980373,22.180709800017382],[-123.38896900001924,22.184383400173942],[-123.4169770001883,22.187599200442889],[-123.44502999973463,22.190359100192438],[-123.47314500034139,22.192659399611728],[-123.50129699995648,22.194501900042781],[-123.52948000010184,22.1958847003188],[-123.55767800003957,22.19680399990483],[-123.58589900013868,22.197265600327341]]]},"properties":{"objectid":4756,"radii":34,"stormid":"ep162026","basin":"ep","stormnum":16,"advnum":"27","validtime":"2026092700","synoptime":"2026092612","timezone":"UTC","tau":12,"ne":90,"se":70,"sw":70,"nw":90,"idp_source":"ep162026_2026092615_forecastradii","idp_filedate":1790434957000,"idp_ingestdate":1790435164000,"st_area(shape)":6.0494040423179678,"st_perimeter(shape)":9.3280036472175034,"binnumber":"EP1"}},{"type":"Feature","id":4757,"geometry":{"type":"Polygon","coordinates":[[[-123.5953370001024,21.199089100082062],[-123.60468300032011,21.199089100082062],[-123.61402100016892,21.198936500419279],[-123.62336700038668,21.198633199562664],[-123.63269799991269,21.198175399675108],[-123.64201399964628,21.197565099949543],[-123.65132099986414,21.196802099837157],[-123.66060599996683,21.195888500154297],[-123.66988399974667,21.194824200176811],[-123.67913099989562,21.193607299637335],[-123.68836200020604,21.192241699794749],[-123.69755599970955,21.1907233995654],[-123.70674099969727,21.189056400032996],[-123.71586599961608,21.187238700205967],[-123.72497599974253,21.185272200351903],[-123.73403200007664,21.183157000295466],[-123.74304999955774,21.180896799847574],[-123.75203700030721,21.17848780027191],[-123.7609559997195,21.175931900037313],[-123.76985199986979,21.173231100135297],[-123.77867100006648,21.170387299934077],[-123.78744499998669,21.167398500240722],[-123.79615799979177,21.164266600423389],[-123.80481699980459,21.16099359967501],[-123.81341599974849,21.15757939996945],[-123.82193799973879,21.154025999600321],[-123.83040599993683,21.150333400366264],[-123.83879099990463,21.146503400012023],[-123.84709899991884,21.142538100253262],[-123.85534699986408,21.138435400273636],[-123.8635030000633,21.134200999976315],[-123.87157399994004,21.129833199642576],[-123.87958499974786,21.125333799715236],[-123.88748900001724,21.120704699562395],[-123.89531700037918,21.115945800258601],[-123.90305300009578,21.111061100189772],[-123.91068999974362,21.106050500430399],[-123.91822800022192,21.100915900348639],[-123.92567400005498,21.095661200304278],[-123.93302199986533,21.09028430038029],[-123.94026200009114,21.084787400318419],[-123.94739499987924,21.079174000280034],[-123.95442999964467,21.073446300006879],[-123.96135699982557,21.067602199581984],[-123.96817000014528,21.061645500439624],[-123.97486100023485,21.055581999609728],[-123.98144499988672,21.049406099711859],[-123.98792300004635,21.043127099736012],[-123.99426300013727,21.03674129987121],[-124.00048800032084,21.030254400020681],[-124.00659899974397,21.023666400184368],[-124.01258100041275,21.016979199730429],[-124.01842500011355,21.010194799650435],[-124.02416200027602,21.003316899755248],[-124.02975500009308,20.996345500044924],[-124.03521700016432,20.989284499979817],[-124.04054300025916,20.982135799827461],[-124.04574600007777,20.974901200030502],[-124.05080400040418,20.967582699781929],[-124.0557170003392,20.960182200248482],[-124.06050099972128,20.952701599899058],[-124.06514699993403,20.94514470016793],[-124.06964100033179,20.937515299791414],[-124.07399699976162,20.929811500300616],[-124.07820100027584,20.922038999800122],[-124.08227500019103,20.91419789991329],[-124.08618199959949,20.906292000275755],[-124.08995099983866,20.898324999799058],[-124.09357499968638,20.890295000014362],[-124.09703099988064,20.882207899575064],[-124.10034900000625,20.874067300265835],[-124.10349999962517,20.865873300112867],[-124.10652199959054,20.857625999840138],[-124.10936700038667,20.849334700236341],[-124.11206799993818,20.84099580041601],[-124.11460900020512,20.832614899558109],[-124.11698900024209,20.824193999553586],[-124.1192169995648,20.815734899945824],[-124.12129199992575,20.80723950010298],[-124.1231920003105,20.798715599845195],[-124.12493899993478,20.790157299619807],[-124.12651799990567,20.78157619978191],[-124.12795300043052,20.772966399879579],[-124.12922699982607,20.764337500175657],[-124.13033299956817,20.755687700227327],[-124.13127900002576,20.747022600113041],[-124.13205699993051,20.73834040028936],[-124.13266800022791,20.729648600202893],[-124.13313300008781,20.720951100213256],[-124.1334229999714,20.712242099693299],[-124.13355999999391,20.703533199897379],[-123.95568800010102,20.696731600283272],[-123.95555900044741,20.690925599636842],[-123.95534499957199,20.685121500157265],[-123.95500199994223,20.67932320040552],[-123.95455199987481,20.673530599657568],[-123.95399500026895,20.667745599979582],[-123.95333899969501,20.66197200010788],[-123.95256800011305,20.656211899959374],[-123.95168299977053,20.65045930015674],[-123.95069900025857,20.644727700423175],[-123.94962300010127,20.639011399956303],[-123.94841800029042,20.633312200098089],[-123.94712099983417,20.627634000309001],[-123.94570200004716,20.621978799781914],[-123.94419899998377,20.616348300034133],[-123.94257399969024,20.610742599991113],[-123.94084900018112,20.605161699652854],[-123.93901800028038,20.599613200089266],[-123.93709599978047,20.59409139959854],[-123.93505900027253,20.588605900242214],[-123.93293000011931,20.583154700129455],[-123.93070199989728,20.577737800159468],[-123.92836800018296,20.572355300157142],[-123.92591899966203,20.567014699568858],[-123.92339300008678,20.561714199750668],[-123.92075299975107,20.556455600245897],[-123.91802199971545,20.551240900247478],[-123.91519899993381,20.546072000022946],[-123.91226999976061,20.540950799839663],[-123.90926399963377,20.535877199873028],[-123.90615099996859,20.530853300039894],[-123.9029390002346,20.525880800059042],[-123.89965099969379,20.520961799847328],[-123.89626299993739,20.516096099755316],[-123.89279199995076,20.511289600234988],[-123.88922900021811,20.506538400027296],[-123.88556700041664,20.501846299667136],[-123.88182100033879,20.49721339987866],[-123.8779980003074,20.492643399573353],[-123.87409200004566,20.488136299650648],[-123.87010200040692,20.483694100202683],[-123.8660349999152,20.479318599873636],[-123.86186199993125,20.475008000019329],[-123.85762799983223,20.470767999643613],[-123.85332500014857,20.466596599553554],[-123.84892999981952,20.462495799841406],[-123.84447500032093,20.45846940014286],[-123.839928000177,20.454513500098074],[-123.83531999991794,20.450634000159141],[-123.83063499970535,20.446830699777138],[-123.82588199995422,20.443103800400195],[-123.82105999971913,20.43945690021593],[-123.81616999994543,20.435886400137406],[-123.81121099968777,20.432399699786458],[-123.8061979996379,20.428991299808786],[-123.80111700004943,20.425666800282727],[-123.79598199976937,20.422424300041541],[-123.79077899995082,20.419265700252026],[-123.78551500001714,20.416194900374478],[-123.78020499976083,20.413209900316758],[-123.77483400028876,20.410312700171119],[-123.76940900012517,20.407503100288011],[-123.76393100021539,20.404779400049392],[-123.75841500035187,20.402151099893501],[-123.75283800037334,20.399606700189224],[-123.74723099991064,20.397161500203197],[-123.74156200018609,20.394802100037055],[-123.73586299997737,20.39253809995347],[-123.73010999997643,20.390365599592883],[-123.72431900002175,20.388290399582388],[-123.71849799958289,20.386306800018929],[-123.71263900008967,20.384420400081524],[-123.70674900006622,20.38262940022679],[-123.70082100008898,20.380935699822828],[-123.69486999995047,20.379339199944241],[-123.68888099985816,20.377840000415802],[-123.68287699997347,20.376436200070714],[-123.67683400008895,20.37513349971141],[-123.67076900008919,20.373928099702198],[-123.66468800025092,20.372823699853996],[-123.65858500029742,20.371814700088464],[-123.65246599960608,20.370910599944352],[-123.64633200002169,20.370103800150389],[-123.64018199969945,20.369396200074732],[-123.63402599999984,20.36879160025228],[-123.62784600009275,20.368286100323417],[-123.62167399965529,20.367881800205055],[-123.61548600027862,20.367578500247703],[-123.60929900004874,20.367378199644349],[-123.60311099977275,20.367275200290408],[-123.5953669996872,20.200914400279487],[-123.58608999995346,20.201065099674736],[-123.57681300021972,20.201366400439156],[-123.56753500043982,20.201822300059234],[-123.55827299959918,20.202426899881686],[-123.54902600034956,20.203184100266128],[-123.53980999983156,20.204092000045932],[-123.53058599984394,20.205148699852771],[-123.52139300038658,20.206359899589813],[-123.5122299996147,20.207715999893594],[-123.50308999990347,20.209224699860158],[-123.49397999977708,20.210880299586279],[-123.48489399985812,20.212686499782308],[-123.47585300021569,20.214641599830088],[-123.46683499983527,20.216739700177186],[-123.45787000010034,20.218990300362236],[-123.44893599999631,20.22138210040373],[-123.44006300000734,20.223920800204894],[-123.43123600034107,20.226604500397514],[-123.42245500009807,20.229431199990017],[-123.41371900013166,20.232402800149259],[-123.40504500032642,20.235513699897467],[-123.39643900005973,20.238767599944936],[-123.3878939999081,20.24216079958137],[-123.37940999987148,20.245695100148907],[-123.3709789995811,20.249362899678204],[-123.36263299961314,20.253171899963377],[-123.3543550000831,20.257114400109629],[-123.34614600013771,20.261192300384494],[-123.3380200004226,20.265403699621174],[-123.32997099976171,20.269746800074927],[-123.32200600027659,20.274221400297506],[-123.31412500016853,20.278823900302882],[-123.30632800033686,20.283555999809664],[-123.29862200020506,20.288412099638833],[-123.29100000034964,20.29339410005781],[-123.28347000024024,20.298502000167332],[-123.2760390001996,20.303730000239455],[-123.26871499969741,20.309080100366486],[-123.26147500037087,20.314548500013416],[-123.25436399979867,20.320135100254788],[-123.24732199971044,20.325834300113002],[-123.24041000022123,20.33164980029818],[-123.23361199969395,20.337575900007892],[-123.22690599981195,20.343612699966286],[-123.22032200016008,20.349758100256281],[-123.21385999983903,20.356010400259891],[-123.20750399990959,20.362365699617499],[-123.20126299988743,20.368827799763267],[-123.19515999993394,20.375385299991763],[-123.1891630003721,20.382045699749369],[-123.18329599961061,20.388799700046263],[-123.17755900034751,20.395650899969212],[-123.17194400041518,20.402593599615045],[-123.16645800013652,20.409627899707971],[-123.1611180002954,20.416751899980341],[-123.15589899973895,20.423959699980287],[-123.15081800015048,20.431249599989201],[-123.14585899989282,20.438625299817886],[-123.14104500002662,20.446079300019846],[-123.13637499960646,20.453611400046213],[-123.13185099962385,20.461217900086183],[-123.12745700024027,20.468896899872163],[-123.12322200009515,20.476646400211337],[-123.11911000022621,20.484464599761623],[-123.11515799964189,20.492347699786649],[-123.11135100034829,20.500297499829912],[-123.10768899964751,20.508302699909791],[-123.10417899966103,20.516368900104794],[-123.10081500011205,20.524492299879853],[-123.09760999980153,20.532669099599389],[-123.09455900029752,20.540895499627766],[-123.09165200023955,20.549173400232348],[-123.0889050003654,20.557495099619302],[-123.08631100035228,20.565860700311191],[-123.08387799966988,20.574268300242011],[-123.08159599965558,20.582712200407855],[-123.0794830002402,20.59119420035222],[-123.07751500031691,20.59970860017188],[-123.07570599963208,20.608253499599471],[-123.07405900012265,20.616828900433575],[-123.07257800017447,20.625427199805586],[-123.07125899960306,20.634048500238237],[-123.07008400027632,20.642690700015919],[-123.06908400002646,20.651351899770475],[-123.06823699963775,20.660028500415081],[-123.0675660001707,20.668714499874397],[-123.06704699961927,20.677411999864034],[-123.06669599962061,20.686115299581559],[-123.0664900000134,20.694824200276742],[-123.06646000042861,20.703535100164856],[-123.06659699955179,20.712245900228254],[-123.0668870003347,20.720952999581414],[-123.06735200019455,20.729650499571051],[-123.06796299959268,20.738344199925052],[-123.06874100039676,20.747024500380519],[-123.06968699995497,20.755691499862962],[-123.07079299969706,20.764339400443134],[-123.07205999966914,20.772970200414534],[-123.07349400014789,20.781578100049444],[-123.07508099958835,20.790159199887285],[-123.07682800011202,20.798717500112673],[-123.07872799959739,20.807243299738616],[-123.08080299995839,20.815736800213301],[-123.08303100018043,20.824195899821063],[-123.08541100021739,20.832616799825587],[-123.08795199958502,20.840997699784168],[-123.09065199998969,20.849336599604555],[-123.09349799993265,20.857627900107616],[-123.09651200042839,20.865875200380344],[-123.09967000037011,20.874071099901471],[-123.10298899964255,20.88221170011002],[-123.10644499983675,20.890296900281839],[-123.11006899968447,20.898326900066536],[-123.11383799992365,20.906293899643913],[-123.11776000002391,20.914199800180768],[-123.12181099977772,20.9220409000676],[-123.12602199971542,20.929813399668774],[-123.13037900009067,20.937517200058892],[-123.13487200044239,20.945148499803565],[-123.13951899980191,20.952703500166535],[-123.14430200003716,20.96018409961664],[-123.14921600001827,20.967584600049406],[-123.15427400034474,20.974903100297979],[-123.15947700016335,20.982137700094938],[-123.16480300025819,20.989286400247295],[-123.17026500032944,20.996347400312402],[-123.17586499956997,21.003318800022726],[-123.1815950003089,21.010196699917913],[-123.18743900000976,21.016981099997906],[-123.19341999973312,21.023666400184368],[-123.19952399973272,21.030256300288158],[-123.20575700028525,21.036743200138744],[-123.21211200016859,21.043129000003489],[-123.21856700016684,21.049407999979337],[-123.22515099981871,21.055581999609728],[-123.23185000027718,21.061647399807782],[-123.23866299969757,21.067604099849461],[-123.24558999987852,21.073448200274356],[-123.2526249996439,21.079175899648192],[-123.25975800033137,21.084789299686577],[-123.2670140003957,21.090286299573222],[-123.27434500032143,21.095663099672436],[-123.28179200020054,21.100917799716797],[-123.28932999977957,21.106052399798557],[-123.2969820001191,21.11106299955793],[-123.30471000036613,21.115947699626759],[-123.31252300003632,21.120704699562395],[-123.32043499977533,21.125333799715236],[-123.32843800011352,21.129833199642576],[-123.33651700035921,21.134200999976315],[-123.34468100002806,21.138437299641794],[-123.35292099960435,21.142538100253262],[-123.36122899961856,21.146505400104274],[-123.36962900027805,21.150335299734422],[-123.37808199978434,21.154025999600321],[-123.38660399977465,21.15757939996945],[-123.39520299971855,21.160995499942487],[-123.40386199973142,21.164268499791547],[-123.41257500043582,21.16740039960888],[-123.42134900035597,21.170389200201555],[-123.4301830003451,21.173231100135297],[-123.43906399980364,21.175931900037313],[-123.44798300011524,21.17848780027191],[-123.45696999996545,21.180898700115051],[-123.46598800034587,21.183158899663624],[-123.47505999961919,21.185272200351903],[-123.48415399990705,21.187240599574125],[-123.49329399961829,21.189056400032996],[-123.50246399981364,21.1907233995654],[-123.51165800021647,21.192241699794749],[-123.52088899962752,21.193609199904813],[-123.53013599977646,21.194824200176811],[-123.53941300040952,21.195888500154297],[-123.5486979996129,21.196802099837157],[-123.55800599987691,21.197565099949543],[-123.56733700030225,21.198175399675108],[-123.57666000035863,21.198633199562664],[-123.58599099988464,21.198936500419279],[-123.5953370001024,21.199089100082062]]]},"properties":{"objectid":4757,"radii":50,"stormid":"ep162026","basin":"ep","stormnum":16,"advnum":"27","validtime":"2026092700","synoptime":"2026092612","timezone":"UTC","tau":12,"ne":30,"se":30,"sw":20,"nw":30,"idp_source":"ep162026_2026092615_forecastradii","idp_filedate":1790434957000,"idp_ingestdate":1790435164000,"st_area(shape)":0.72032703953614308,"st_perimeter(shape)":3.3047983997073316,"binnumber":"EP1"}},{"type":"Feature","id":4758,"geometry":{"type":"Polygon","coordinates":[[[-123.59767199986283,20.949546799745178],[-123.60000599957715,20.700000799597376],[-123.3332370001873,20.701974899622087],[-123.33332099956436,20.706329300057291],[-123.33346599995582,20.710681900049792],[-123.3337020000472,20.715032599774815],[-123.33402999988448,20.719377499771952],[-123.33442700020578,20.723716699865975],[-123.33490000043457,20.728050200056828],[-123.33546400036323,20.732374199809612],[-123.33610500024548,20.736686699931397],[-123.33681499971237,20.740991599882591],[-123.3376240001474,20.745281199667772],[-123.33850899959054,20.74955750027857],[-123.33946200037093,20.753820400091513],[-123.34049999967516,20.758064299927639],[-123.341621000109,20.762292899597753],[-123.34282699996601,20.766502400365653],[-123.34409299989193,20.770688999897573],[-123.34545899993282,20.774856600351939],[-123.34688600008872,20.779003100013199],[-123.34839599957564,20.783123000426258],[-123.34998299991543,20.787218100235293],[-123.3516460001627,20.791284599804555],[-123.35338600036351,20.795326199844396],[-123.35520199957256,20.799337400101081],[-123.35708600011873,20.803319900293332],[-123.35905500008812,20.807270100434948],[-123.361091999596,20.811187700152402],[-123.36319000011832,20.815071099551744],[-123.36537900034051,20.81892009988286],[-123.36762999982454,20.822731000435454],[-123.36995700011539,20.826507599945899],[-123.37234499962193,20.830244099585684],[-123.37481700030423,20.833940500254016],[-123.37734199983333,20.837596899977086],[-123.37994400021535,20.841211299561962],[-123.3826140001359,20.844781900364524],[-123.3853529996411,20.848310500129628],[-123.38815300016074,20.851791399853369],[-123.39102200026502,20.85522649980328],[-123.39394400011543,20.858615899804079],[-123.39693499955052,20.861955599671319],[-123.39999400032275,20.865245799953868],[-123.40310699998798,20.868484499660099],[-123.40628099976823,20.871677399592443],[-123.40951499961744,20.874811199677254],[-123.41280400020435,20.8778954003526],[-123.4161529999609,20.880924200091897],[-123.41955600040899,20.883899699711492],[-123.42302700039568,20.886815999658779],[-123.42653700038215,20.889677000293489],[-123.43009900006871,20.892480900273483],[-123.43372299991643,20.895225499857077],[-123.43739300008679,20.897909200049696],[-123.44110899968052,20.900533699670632],[-123.44488500024249,20.903099100343354],[-123.44870800027388,20.90559959964196],[-123.45255999984403,20.908037200356659],[-123.45646700015186,20.910413700232198],[-123.46042600015971,20.912723500089612],[-123.46441699984456,20.914972299831902],[-123.4684600001288,20.917152400363136],[-123.47253400004399,20.919267700244291],[-123.47663899959008,20.921314200190352],[-123.4807969997816,20.923294099942893],[-123.48498499955798,20.925207100027762],[-123.48921200023352,20.927051499826973],[-123.49346899959454,20.928825399972368],[-123.49776499985478,20.930530500182556],[-123.50208999965366,20.93216319957213],[-123.50643899966002,20.933727299575366],[-123.51081800015049,20.93521880000776],[-123.51523599974149,20.936637899619484],[-123.51966099965534,20.937988300020152],[-123.5241240004222,20.939260499872319],[-123.52860999955175,20.940465899881531],[-123.53310399994956,20.941593200066279],[-123.53763600030106,20.9426498000484],[-123.5421679997533,20.943630199574216],[-123.54673800005855,20.944538100253283],[-123.55130800036386,20.945371600019485],[-123.55591599972354,20.946126900136449],[-123.56051599961359,20.946809800332176],[-123.56513200024153,20.947418199790206],[-123.56976299976253,20.94794850032315],[-123.57439400018285,20.948404300118511],[-123.57904100044175,20.948785799725044],[-123.58370200044686,20.94908909968234],[-123.58835600012924,20.949317899801372],[-123.59301800018045,20.94946860009594],[-123.59767199986283,20.949546799745178]]]},"properties":{"objectid":4758,"radii":64,"stormid":"ep162026","basin":"ep","stormnum":16,"advnum":"27","validtime":"2026092700","synoptime":"2026092612","timezone":"UTC","tau":12,"ne":15,"se":0,"sw":0,"nw":0,"idp_source":"ep162026_2026092615_forecastradii","idp_filedate":1790434957000,"idp_ingestdate":1790435164000,"st_area(shape)":0.051748218787626234,"st_perimeter(shape)":0.91772669810362306,"binnumber":"EP1"}},{"type":"Feature","id":4759,"geometry":{"type":"Polygon","coordinates":[[[-123.28896299994238,23.064537000282485],[-123.31106600029557,23.064537000282485],[-123.33315299991091,23.064178499937952],[-123.35523200005667,23.063465100134408],[-123.37728900008722,23.062393199986332],[-123.39932299995638,23.060962699669005],[-123.42131799982576,23.059175500349227],[-123.44328300011028,23.057033499596457],[-123.46521000044106,23.05453489966601],[-123.48707599975751,23.051683400368745],[-123.50889599965058,23.048479099730798],[-123.53063999963621,23.044920000357877],[-123.55230699966819,23.041009900086976],[-123.57390600016168,23.036748899642134],[-123.59542100037879,23.032138800365487],[-123.61683699962776,23.027179700283057],[-123.63814500019151,23.021877300197389],[-123.65936300020223,23.016229600016175],[-123.68046600030556,23.010238599831666],[-123.70145399960234,23.003908200003593],[-123.72229800035234,22.997240100250565],[-123.74303399971922,22.990234400397412],[-123.76361800017048,22.982891100444078],[-123.78405800027639,22.975219699929369],[-123.80435199994474,22.967216499941685],[-123.82447799995964,22.958887099660046],[-123.84445200015961,22.950231599808603],[-123.86425799980674,22.941253700198274],[-123.88387299963915,22.931959199657456],[-123.90332800018695,22.922346099892764],[-123.92256899985938,22.912418400189154],[-123.9416429999244,22.902183500168519],[-123.96051000033617,22.891639700112194],[-123.979156000449,22.880794500366051],[-123.99761199989376,22.869646099587953],[-124.01583100010049,22.858201999922471],[-124.03383600033106,22.846464199663217],[-124.051604999571,22.83443640041969],[-124.0691599997341,22.822124499945858],[-124.08645599964456,22.80952840021564],[-124.10351600036302,22.79665569960099],[-124.12033099967579,22.78350830016808],[-124.13688699963524,22.770090099578567],[-124.15319099966479,22.75640490016616],[-124.16922799997212,22.742458300210501],[-124.18497500039587,22.728256200163628],[-124.2004619996215,22.713800399568925],[-124.21568300007033,22.699094799685383],[-124.23059799989767,22.684146899959615],[-124.24524700004895,22.668960599851971],[-124.25958999957874,22.653535800436998],[-124.27362800033188,22.637884100271151],[-124.28737600030206,22.622005500253749],[-124.30081200027348,22.605909300274106],[-124.31394199962347,22.589595799806432],[-124.32676700019681,22.573074299639359],[-124.33927200040239,22.556345000321642],[-124.35144000035564,22.539419200036207],[-124.36329700035617,22.522296899682317],[-124.374824999574,22.504983899887236],[-124.38602399980766,22.487489700189656],[-124.39688899992728,22.469816199957791],[-124.4074100003711,22.45196909999413],[-124.41758700023979,22.433954200026449],[-124.42742199962549,22.415777199957972],[-124.43691300023465,22.397443799691757],[-124.44605299994589,22.378959700030293],[-124.45483400018884,22.360328699709839],[-124.46326400043318,22.341564200427626],[-124.47135200019454,22.32265850038965],[-124.47905700028025,22.303630800121482],[-124.48641999988297,22.284477200162826],[-124.49340099985619,22.26521299978026],[-124.50002300036107,22.245830499877798],[-124.50627900017565,22.226348900081803],[-124.51215400040672,22.206767999843464],[-124.51767000027019,22.187095599882184],[-124.52281199997373,22.167337400101076],[-124.52758000041661,22.147497200135831],[-124.53196000005386,22.127586399792676],[-124.53598000017678,22.107603099703454],[-124.53961200039339,22.087558699674389],[-124.54286200008113,22.067461000424998],[-124.54574599997784,22.047313699967447],[-124.54823299955319,22.027120599736008],[-124.55034599986789,22.00689129999364],[-124.55208600006875,21.986629499651826],[-124.55343600027112,21.966344799872729],[-124.55439000019828,21.946039199849338],[-124.55497700028826,21.925723999563047],[-124.55518299989546,21.905401200005542],[-124.1964649996599,21.89031220024799],[-124.19610600019166,21.875799200073175],[-124.19546500030941,21.86129380006895],[-124.19455000038209,21.846799899695782],[-124.19337500015604,21.832323099931273],[-124.19191700036919,21.817869199604047],[-124.19019300000684,21.803440099880845],[-124.18820199992228,21.789039600397359],[-124.18592800027687,21.774675400249635],[-124.18340299984845,21.760349299880431],[-124.18060300022819,21.746067000092125],[-124.17752799961738,21.731832500169901],[-124.17419399965326,21.717649499924619],[-124.17059299996686,21.703521700066574],[-124.16672499965892,21.689455000148257],[-124.16259799999762,21.675453199805474],[-124.15821100003751,21.66151999974835],[-124.15355700035519,21.647659300336556],[-124.14865099984365,21.633878699942215],[-124.14348599997885,21.620176300096318],[-124.13806199986129,21.606563600429979],[-124.13239300013674,21.593038599951569],[-124.12646500015956,21.579607000362898],[-124.12029299972204,21.566272700225056],[-124.11386099988516,21.553043400432728],[-124.10719299995691,21.539917000169567],[-124.10028099956838,21.52690320042251],[-124.09312399957281,21.514001799743426],[-124.08573200043139,21.501216899940118],[-124.07809399983813,21.488555899735104],[-124.0702289995686,21.476018899852477],[-124.06212600001481,21.46361160019535],[-124.05379499983928,21.451339699767459],[-124.04524200021802,21.439203300192275],[-124.03646099997508,21.427205999657303],[-124.02744299959465,21.415351899970346],[-124.01821899960703,21.403646499586443],[-124.00878099964331,21.392093699764587],[-123.99912300032611,21.380693399780739],[-123.98926499987977,21.369451500086825],[-123.97919500044884,21.358369800226228],[-123.96891000009634,21.347457899562528],[-123.95842699960627,21.336708099899056],[-123.94776199971642,21.326133700410082],[-123.93689000017326,21.315731000385483],[-123.92582699991601,21.305505799553146],[-123.91456600042051,21.295463599965331],[-123.90313700037217,21.285604499648059],[-123.89151000018626,21.275932300035777],[-123.87972299981652,21.266449000321245],[-123.86775199995475,21.257158300315439],[-123.85560600011672,21.248062100285836],[-123.84330000009481,21.239164400416882],[-123.83082600041951,21.230468799795403],[-123.81819199966094,21.221975300220095],[-123.80540499994072,21.213685999809172],[-123.79247299982899,21.205606500439785],[-123.77938100043275,21.197738599856621],[-123.76615900043743,21.190080600139709],[-123.75278499972785,21.182643900195956],[-123.73928100021789,21.175418899762576],[-123.72564700010889,21.168417000444379],[-123.71187599997734,21.161634399907769],[-123.69799800030739,21.155077000403367],[-123.68398299971557,21.1487464998512],[-123.66985300011578,21.142642999874681],[-123.65562400044718,21.136768300017195],[-123.64128100001807,21.131124500195654],[-123.62683900041947,21.125715300221088],[-123.61230500017552,21.120540600268612],[-123.5976560000243,21.115602500255306],[-123.58293200001168,21.110900900356398],[-123.56812299967658,21.106439600207523],[-123.55323800033335,21.10221859980868],[-123.53827700018331,21.098239900151384],[-123.52323900007968,21.094501500244178],[-123.50814099990714,21.09100719972264],[-123.49296599978095,21.087760899845819],[-123.47775299970107,21.08476070034618],[-123.46247900040544,21.082006499600425],[-123.44715100041822,21.079498300306454],[-123.43177800015451,21.077240000126039],[-123.41637400025979,21.075231599958499],[-123.40092500008859,21.073472999979117],[-123.38544500028644,21.071964300012553],[-123.36995700011539,21.070707299602361],[-123.35443900035949,21.06969829983683],[-123.33889000007338,21.068941100351651],[-123.32334900015616,21.068439499883141],[-123.30778500007762,21.068187699602788],[-123.29067999998193,20.90182500022371],[-123.27203399986911,20.90212630008881],[-123.25340300044803,20.902730899911262],[-123.23478699992,20.903636900322851],[-123.21617899976093,20.904842400156781],[-123.19760100008597,20.906349199855811],[-123.17905400004196,20.908159300411512],[-123.1605379996289,20.910268799665516],[-123.14207499986128,20.912675899873022],[-123.12364199967845,20.915384299945629],[-123.1052699996107,20.918390300072417],[-123.08696700002696,20.921689999893715],[-123.06871800023544,20.925289200036673],[-123.05053699998246,20.92918209987414],[-123.03243299968312,20.933368700305437],[-123.0144040001444,20.937849000431186],[-122.99646800039778,20.942617400172992],[-122.9786149999822,20.947677600241207],[-122.96086900000427,20.953027700368239],[-122.94320700030272,20.958661999751655],[-122.92566699993199,20.964582399558253],[-122.90823399999903,20.970785100152398],[-122.89091499992719,20.977272000002927],[-122.87371099976275,20.984033599571092],[-122.85665099994361,20.991077400102085],[-122.8397140004007,20.998394000083181],[-122.82292200034993,21.005983400413754],[-122.8062739997452,21.01384350027746],[-122.7897569997856,21.021972699780406],[-122.77340700033272,21.030368800080225],[-122.75721700016436,21.039028200291341],[-122.74117999985702,21.047946900229419],[-122.72530399977967,21.057125100443159],[-122.70962499979379,21.066558799848849],[-122.69410700003795,21.076248199894678],[-122.6787640002583,21.086181600400664],[-122.66361999976311,21.09636499984498],[-122.64865899961308,21.106792399749565],[-122.63388800013098,21.117460299952995],[-122.61933099972578,21.128364600446105],[-122.60497300040356,21.139503499886757],[-122.59081999974308,21.150873200438014],[-122.57687399963527,21.162469899766222],[-122.56315600014921,21.174291599577771],[-122.54965199973992,21.186334600061912],[-122.53636899962953,21.198593099691948],[-122.52332299965661,21.211065299823872],[-122.51051299977502,21.223745300005703],[-122.49794000003089,21.236633299887046],[-122.48561099984767,21.249721499647649],[-122.47351799975581,21.263008099744127],[-122.4616779996399,21.276487400273425],[-122.45008099993811,21.290155400151718],[-122.43875099995859,21.304010399660342],[-122.42767299990891,21.31805039960642],[-122.41685500015802,21.332262000091362],[-122.40631099955289,21.346649200400407],[-122.39603399956934,21.361204099989379],[-122.38602400020733,21.375925099863593],[-122.37629700040617,21.390804300378306],[-122.3668439997507,21.405837999923904],[-122.35768099987814,21.421024300031547],[-122.34878499972785,21.436355599631383],[-122.340195000199,21.451829900429686],[-122.33187100034627,21.467437700189862],[-122.32385300021571,21.483180999903368],[-122.31613899971495,21.499051999750122],[-122.30870799967437,21.515045200375823],[-122.30158999967864,21.531154599705133],[-122.29476199956656,21.547376599550546],[-122.28824600035256,21.563709299644586],[-122.2820279995924,21.580141099632158],[-122.2761150003069,21.596673999605514],[-122.27052299963663,21.613300299569289],[-122.26523600044095,21.630014400344464],[-122.2602689998144,21.646810500404399],[-122.25560799980923,21.663686800205824],[-122.25126600012572,21.68063349983629],[-122.24723799963391,21.697649000301283],[-122.24353000040912,21.714727400249444],[-122.24015799959193,21.731862999777775],[-122.23709899971897,21.749048199614833],[-122.23435199984482,21.766281100392632],[-122.23193399985411,21.783557899777406],[-122.22984299965464,21.800870899572487],[-122.22808100023786,21.818214399874819],[-122.22664599971301,21.835584600149332],[-122.22552500017855,21.852975799593594],[-122.22474700027374,21.870382300103188],[-122.22428899983737,21.887798300151587],[-122.04484600034255,21.905406999733373],[-122.0450439995808,21.925727800098059],[-122.04563099967078,21.946044899752451],[-122.04659299996689,21.966350599600617],[-122.04794300016925,21.986635199554939],[-122.04967500000117,22.006895099629276],[-122.0517959997855,22.02712440027102],[-122.05428300026017,22.047317499603082],[-122.05716700015682,22.067468599696269],[-122.06041699984456,22.087566399669754],[-122.06404900006123,22.107608799606567],[-122.0680619998613,22.127590200327631],[-122.0724489998214,22.147504800306422],[-122.07721700026428,22.167343100004189],[-122.08235199964497,22.187101399610071],[-122.08787499983129,22.206773799571351],[-122.09375800043131,22.226354599984916],[-122.10000599987688,22.245836299605685],[-122.10662800038182,22.265214900047738],[-122.11362500019351,22.284482999890656],[-122.12097199995776,22.303634599757117],[-122.12869299988193,22.322666200384958],[-122.13676499980483,22.341566099795784],[-122.14519500004911,22.360336299880487],[-122.15397600029206,22.378965399933406],[-122.1631160000033,22.39744949959487],[-122.1726069997132,22.415782899861085],[-122.18244199999822,22.433958100386178],[-122.19261899986685,22.451973000353803],[-122.20315600014919,22.469819999593426],[-122.21401199985382,22.487491599557814],[-122.22519700034121,22.504989599790349],[-122.23673199988178,22.522300700217272],[-122.24858899988237,22.539422999671842],[-122.26075699983556,22.556350700224755],[-122.27327000041009,22.573078199999088],[-122.28608699971517,22.589599600341444],[-122.29920999964168,22.605913199734516],[-122.31265299993589,22.622011200156919],[-122.32639300043655,22.637887999731561],[-122.34045399955232,22.653539699897351],[-122.35479699998149,22.668964400386926],[-122.36943100034028,22.68415069959525],[-122.38436099996011,22.699100499588553],[-122.39955900024756,22.71380420010388],[-122.41505399984214,22.72825999979932],[-122.43081700010435,22.742464099938388],[-122.44683799967385,22.756408699801796],[-122.46313500027992,22.770093900113523],[-122.47969100023937,22.783512099803716],[-122.49650599955214,22.796657599868468],[-122.51357299969408,22.809530299583798],[-122.53087599992739,22.822128299581493],[-122.54841600029806,22.834440200055326],[-122.56619299990695,22.846468000198172],[-122.58419800013752,22.858203900190006],[-122.60243200013662,22.869649900122909],[-122.62087199974292,22.880796399734209],[-122.63953399969427,22.891643499747829],[-122.65840100010598,22.902187299804211],[-122.67745200000968,22.912420299557311],[-122.69671599984343,22.922348000160241],[-122.71615599969954,22.93196109992499],[-122.73578600022364,22.941255599566432],[-122.7555770000784,22.950233500076081],[-122.77555100027837,22.958888999927524],[-122.79568499976284,22.967218400209163],[-122.81597099996156,22.975221600196846],[-122.83641800039032,22.982894900079714],[-122.85701000031116,22.99023629976557],[-122.87773099988567,22.997241999618723],[-122.8985900004281,23.003910100271071],[-122.91957100030135,23.010240599923861],[-122.94066600003578,23.01623339965181],[-122.96187599967755,23.021879199565547],[-122.98320000007988,23.027181599651271],[-123.00462299965164,23.032140699733645],[-123.02612300007632,23.036748899642134],[-123.04772199967044,23.041009900086976],[-123.06939700007138,23.044920000357877],[-123.0911480003798,23.048479099730798],[-123.11294600015771,23.05168529973696],[-123.13481899979689,23.054536799933487],[-123.15674600012773,23.057035399863935],[-123.17871100041225,23.059175500349227],[-123.2007139997512,23.060964599936483],[-123.22274799962037,23.062393199986332],[-123.24481199997371,23.063465100134408],[-123.26688399979668,23.064178499937952],[-123.28896299994238,23.064537000282485]]]},"properties":{"objectid":4759,"radii":34,"stormid":"ep162026","basin":"ep","stormnum":16,"advnum":"27","validtime":"2026092712","synoptime":"2026092612","timezone":"UTC","tau":24,"ne":70,"se":60,"sw":50,"nw":70,"idp_source":"ep162026_2026092615_forecastradii","idp_filedate":1790434957000,"idp_ingestdate":1790435164000,"st_area(shape)":3.7284348013692998,"st_perimeter(shape)":7.4477861499501108,"binnumber":"EP1"}},{"type":"Feature","id":4760,"geometry":{"type":"Polygon","coordinates":[[[-123.29530300003336,22.399089800054355],[-123.30001100040727,21.900001499569669],[-123.29688300005034,21.567276000087475],[-123.29064200002819,21.567377100073259],[-123.28440100000603,21.567579300044827],[-123.27816800035282,21.567882500177404],[-123.27194200012309,21.568286900120484],[-123.26572400026231,21.568790399957152],[-123.2595139998711,21.569396999871799],[-123.25331099980269,21.570102699679978],[-123.24712399957281,21.570909500373261],[-123.24095900035746,21.571815499885531],[-123.23481000008132,21.572822600282905],[-123.22867599959761,21.573928799674491],[-123.22257199959802,21.575132400140319],[-123.21648400033627,21.576436999867781],[-123.21042599975999,21.577836999677913],[-123.20439100024436,21.57933810037315],[-123.19838000003688,21.580932600159485],[-123.19241300005979,21.582628299756379],[-123.18647000029017,21.584419299611113],[-123.18056499957498,21.586305599723801],[-123.17469000024323,21.58828739974382],[-123.1688610003348,21.590364500021792],[-123.16307100042621,21.592535000290184],[-123.15731800042528,21.594799000373712],[-123.15160400042419,21.597156500272433],[-123.14594999959269,21.599605599718814],[-123.14033499966041,21.602146099962681],[-123.13476600005077,21.604776400210824],[-123.12924199981836,21.60749629991443],[-123.12377899970096,21.610307700240298],[-123.11837000027521,21.613205000210712],[-123.11300700027277,21.616190000268432],[-123.10770400033925,21.619262700413458],[-123.10245500019801,21.622419399935495],[-123.09728199996425,21.625657999816951],[-123.09215500005314,21.62898250024233],[-123.08710500009556,21.632391000044777],[-123.08210000041458,21.635879499939108],[-123.07717099974172,21.639448199574872],[-123.07231099955288,21.643094999934419],[-123.06752800021695,21.646823900302877],[-123.06279799972782,21.650625199693366],[-123.05815899983787,21.654504800356392],[-123.05358100006299,21.658458700308927],[-123.04907199987281,21.662487000275007],[-123.04464699995901,21.666585899719621],[-123.04029799995266,21.670757299809679],[-123.03602599989989,21.674995399917918],[-123.03182999975462,21.679305999772225],[-123.02773299967811,21.68368340036875],[-123.02370500008561,21.688123700448557],[-123.01975999982403,21.69263269973942],[-123.01590700020779,21.697198900409091],[-123.01213099964582,21.70182989993009],[-123.00844599968303,21.706522000290249],[-123.00485200031949,21.711273199598622],[-123.00135800017148,21.716081600285747],[-122.99793999993096,21.720945400110281],[-122.99460599996684,21.725864400321939],[-122.99138599986389,21.730836900302847],[-122.9882429997146,21.735860800135981],[-122.98520700000296,21.740932499835139],[-122.98226199999124,21.746055600285843],[-122.97940100025585,21.751224499611112],[-122.97666199985133,21.756439199609531],[-122.97399099988462,21.761697800013621],[-122.9714430001942,21.766996399564334],[-122.96899399967327,21.772337000152561],[-122.966629000328,21.777717599887467],[-122.96437799994465,21.783134499857397],[-122.962233999999,21.78858760023769],[-122.96018199979937,21.794073099594016],[-122.95822899966851,21.799592999817207],[-122.9563829999754,21.805141399556078],[-122.95465100014343,21.810722399719111],[-122.9530259998499,21.816327999937414],[-122.95149200015561,21.821958499685138],[-122.9500730003686,21.827613800037],[-122.94876100011999,21.833291999826088],[-122.94754799994013,21.838989300316086],[-122.94645699999046,21.844707500151173],[-122.94545699974066,21.850441000152159],[-122.94457200029746,21.85618969959512],[-122.9437940003927,21.861949899568344],[-122.94312300002633,21.867725399707581],[-122.94256600042047,21.873508500017408],[-122.9421079999841,21.879303000133518],[-122.94177199977787,21.885099399617729],[-122.94153599968655,21.890901599729204],[-122.94141400035573,21.896707499651541],[-122.76209300019173,21.903482400192729],[-122.76223000021423,21.912191399813366],[-122.76252000009782,21.920900299609286],[-122.76298499995767,21.929599799691118],[-122.76359600025512,21.938291499952925],[-122.7643889999523,21.946971900233166],[-122.76533500040983,21.955638899715609],[-122.76644899962156,21.964286800295724],[-122.76772299991643,21.972917600267181],[-122.76915700039518,21.981527300344794],[-122.77075200020454,21.990108500007409],[-122.77251399962131,21.998666800232797],[-122.77444499963696,22.00719259985874],[-122.7765199999979,22.015685999609332],[-122.77876300001236,22.024147000383891],[-122.78116600021065,22.032568000213189],[-122.78372999973959,22.04094890017177],[-122.78645300030564,22.049287799992101],[-122.78932200040992,22.057582900130853],[-122.79235099979871,22.065826399868627],[-122.79553199990175,22.074022300289073],[-122.79886599986588,22.082166700133257],[-122.80236800038284,22.090251900305077],[-122.80601500039188,22.098279999822296],[-122.80980699989306,22.10624889966715],[-122.81375899957806,22.114156699572163],[-122.81785599965457,22.121997800358315],[-122.82208999975359,22.129772200227023],[-122.82647699971369,22.137477899985242],[-122.83100900006519,22.145109199729916],[-122.83569300023169,22.152666100360364],[-122.84052299993641,22.16014480044231],[-122.84547399982512,22.167545299975757],[-122.85057100015143,22.17486380022433],[-122.85580399955484,22.182102199656924],[-122.86119099976474,22.189250899809338],[-122.86669199983584,22.196311999699162],[-122.87233700025229,22.203285199852246],[-122.87811300041454,22.210165000014854],[-122.88400999986152,22.216947599652144],[-122.89003799995362,22.223634700281309],[-122.89618700022976,22.230224600385156],[-122.90246600020566,22.236715299871321],[-122.90887499988122,22.243101099736123],[-122.91538999994845,22.249381999979448],[-122.9220280002919,22.255556100333877],[-122.92877999959723,22.261623399900145],[-122.935654000032,22.267578099849572],[-122.94262699963622,22.273424099642625],[-122.94972200036995,22.279153800008032],[-122.95691700031921,22.28476720004636],[-122.96422600012971,22.290266000375766],[-122.97163400000898,22.295642900299754],[-122.97913399963426,22.300899499712273],[-122.98673999965115,22.306034099794033],[-122.99444599978295,22.311046599820884],[-123.00224299961462,22.315929399622235],[-123.01012399972274,22.320688200000575],[-123.01810499994571,22.325319300245667],[-123.02616100003002,22.329818700173007],[-123.03430200043687,22.334188499699621],[-123.04254200001321,22.338424700439703],[-123.05085000002737,22.342527400419328],[-123.05923499999517,22.346494700270341],[-123.06768800040078,22.350324599900489],[-123.07621799986072,22.354019200126118],[-123.08482400012741,22.357572599595926],[-123.09348300014022,22.360984800108554],[-123.10221099973774,22.364261599593306],[-123.11100799981926,22.367391600042424],[-123.11985000017728,22.370382300003257],[-123.12875399979714,22.373228100296728],[-123.13771800038529,22.375926999931266],[-123.14671299970507,22.378482800341089],[-123.15577700040814,22.380893700184231],[-123.16487099979673,22.383155800000338],[-123.17401100040723,22.385269199614015],[-123.18317400027979,22.387237499910839],[-123.19239800026742,22.389053300369653],[-123.20164500041636,22.390720399726831],[-123.21092200015011,22.392238600131407],[-123.22022200004517,22.393606200066245],[-123.22955299957118,22.3948230997064],[-123.23890700015784,22.395889299951364],[-123.24826800016797,22.396802899634224],[-123.25765200033948,22.397563899654415],[-123.26706700014188,22.398174300104017],[-123.2764660001057,22.398632000166799],[-123.28588900027705,22.398935300124151],[-123.29530300003336,22.399089800054355]]]},"properties":{"objectid":4760,"radii":50,"stormid":"ep162026","basin":"ep","stormnum":16,"advnum":"27","validtime":"2026092712","synoptime":"2026092612","timezone":"UTC","tau":24,"ne":30,"se":20,"sw":0,"nw":0,"idp_source":"ep162026_2026092615_forecastradii","idp_filedate":1790434957000,"idp_ingestdate":1790435164000,"st_area(shape)":0.30296597726227026,"st_perimeter(shape)":2.3547908033693301,"binnumber":"EP1"}},{"type":"Feature","id":4761,"geometry":{"type":"Polygon","coordinates":[[[-122.99368299967063,23.265451399962274],[-123.00633200022156,23.265451399962274],[-123.01896700012685,23.265247299723228],[-123.03160099998604,23.264841100236708],[-123.04422000005286,23.264230699787106],[-123.05684699958925,23.263416299822495],[-123.06942699965623,23.262397799618896],[-123.0820079997693,23.261177100343048],[-123.09455099992863,23.25975609956447],[-123.10707099992663,23.258131000345543],[-123.11956000029369,23.256305700347923],[-123.1320040003842,23.254278200378792],[-123.1444089995756,23.252052300073728],[-123.15676900028905,23.249624299621871],[-123.1690750003109,23.247001600443639],[-123.18134300037906,23.244178800311545],[-123.19354199996326,23.241155599751266],[-123.20568799980128,23.237939800381639],[-123.21778099989314,23.234527599868954],[-123.22978200023903,23.230922699822884],[-123.24173700026228,23.22712329980061],[-123.25360900005523,23.223133099612994],[-123.26539600042497,23.218952199984187],[-123.27710699998795,23.214580500190095],[-123.28872699985106,23.210022000415108],[-123.30026200029101,23.205276500110529],[-123.31170700017782,23.200346000267814],[-123.32304399958082,23.195234299623394],[-123.33429000018327,23.189937600340102],[-123.3454359997715,23.184461599623262],[-123.3564680003978,23.178804399903299],[-123.36740100005602,23.172973599552108],[-123.37820400001448,23.166967399925682],[-123.38890099958138,23.16078759966814],[-123.39947499977131,23.154436099946224],[-123.40993500010006,23.147912999685332],[-123.42026499982978,23.141225800130712],[-123.43045800043626,23.134370799672809],[-123.44052100044371,23.12735560028085],[-123.4504390000597,23.120176299796526],[-123.46023600039103,23.112838699746362],[-123.46987899991581,23.105344800222497],[-123.47938500031739,23.097698200311811],[-123.48874700037368,23.089899099663853],[-123.49795499962346,23.081947300427714],[-123.5069960001652,23.073850599725517],[-123.51589200031549,23.065610899623437],[-123.52462800028189,23.057228100296754],[-123.53321100038727,23.048706100306447],[-123.54162599993987,23.040046700095274],[-123.54986600041548,23.031251899755489],[-123.55793800033837,23.02232740008958],[-123.56584199970843,23.013273200198171],[-123.57357800032435,23.004093200440991],[-123.5811309996958,22.994790999904865],[-123.58850899999027,22.985368700305401],[-123.59569500042386,22.975828200111494],[-123.60271500039687,22.966173200033268],[-123.60952799981726,22.956405600338314],[-123.61617299958419,22.946531299679862],[-123.62262000011282,22.936551999575272],[-123.62889099971977,22.92646789967398],[-123.63495599971952,22.916284600054382],[-123.6408229995817,22.906007799720328],[-123.64649200020557,22.895635600202922],[-123.65197000011534,22.885175699698948],[-123.65724899984139,22.87462810000693],[-123.66233100037527,22.863994599771104],[-123.66720600035654,22.853284800153517],[-123.67186000003886,22.842496899812204],[-123.67633100027535,22.831634499632571],[-123.6805800001668,22.820701599799122],[-123.68463900028956,22.809703800390196],[-123.68847700011338,22.798641200331247],[-123.69209299959215,22.787519500424764],[-123.69551099983266,22.776338599946598],[-123.69872299956671,22.76510810005891],[-123.70171399990107,22.753824200226802],[-123.70448299989044,22.74249649981374],[-123.70703899994982,22.731124899894382],[-123.70938900040193,22.719711299836774],[-123.71150199981736,22.708265299903815],[-123.71341699999448,22.696784999828026],[-123.71511099987265,22.685275999687804],[-123.71659099977472,22.673742299667538],[-123.71784199990827,22.662185700210046],[-123.71888000011182,22.650611900319063],[-123.71970400033928,22.639020899994705],[-123.72029100042926,22.627420400131484],[-123.72067300005881,22.615810399830252],[-123.72083300024269,22.604198500160805],[-123.54058799973632,22.594738000058783],[-123.54038200012911,22.586027100170668],[-123.54002399980766,22.577323900277918],[-123.53949699978659,22.568626400288281],[-123.53879499978933,22.559940300104927],[-123.53794900034598,22.551265699552516],[-123.53692599993485,22.542606400065438],[-123.5357509997088,22.533964200287755],[-123.53440100040575,22.525340999587627],[-123.53289800034236,22.516744599583717],[-123.53121199993376,22.508171099916467],[-123.52938800035582,22.499624300221399],[-123.52738999994847,22.491111799769897],[-123.52524600000282,22.482631700093009],[-123.52292600003477,22.474185899659687],[-123.52045400025185,22.465778399553642],[-123.51782999975461,22.457414600203776],[-123.51504499992672,22.449092899917559],[-123.51209299959214,22.440818799847875],[-123.50900300008828,22.432592399819555],[-123.50575300040055,22.424415600100019],[-123.50233500016003,22.416294099693062],[-123.49878700021981,22.408229799765593],[-123.49507099972675,22.400220899874796],[-123.49120300031814,22.392276799734645],[-123.48720600035654,22.384393699709619],[-123.48304700011886,22.376577400426811],[-123.47874499958198,22.36882780026292],[-123.47429700040612,22.361148799577563],[-123.46970399993955,22.353546100072606],[-123.46496599998085,22.346014000046182],[-123.46008299963063,22.338561999936474],[-123.4550699995807,22.331188200375266],[-123.44992099955442,22.323896400098931],[-123.44463300031265,22.316690399642368],[-123.43921699966472,22.309568400361513],[-123.43365500037788,22.30253789990428],[-123.42797099996159,22.295597099626605],[-123.42215000042211,22.288745899703656],[-123.41620599970702,22.281992000130856],[-123.41013300023769,22.275335300184111],[-123.40393799963886,22.268775899688137],[-123.39761400028578,22.262317699902042],[-123.39118200044885,22.255964299912648],[-123.38462800038184,22.249711999908982],[-123.37795999955426,22.243568400061747],[-123.37117000029519,22.237533600195661],[-123.3642729996991,22.231607399761856],[-123.35726200014108,22.225795700111632],[-123.35014300009931,22.220094699810716],[-123.34291799966587,22.214513800371719],[-123.33560200043189,22.20904539982547],[-123.32817100039125,22.203697199965973],[-123.32064100028185,22.198471100161271],[-123.31301900042644,22.193365100319284],[-123.30529799960289,22.188383099900307],[-123.29750099977122,22.183528900338615],[-123.28960399982464,22.178798700199991],[-123.28161600017819,22.174194299927137],[-123.2735369999325,22.169723500239513],[-123.26538099973328,22.165382399878013],[-123.25714899962657,22.161170999742012],[-123.24883999956626,22.157092999642373],[-123.24045599964455,22.153152499588316],[-123.23198700029974,22.149347299838155],[-123.22345699994048,22.145677600041324],[-123.21486700041163,22.142145199741321],[-123.20620700035272,22.138753900372365],[-123.19747899985589,22.135500000324896],[-123.18869799961288,22.132390999944846],[-123.17985500010809,22.129421200228364],[-123.1709670003267,22.126592600368326],[-123.16201800043029,22.123910900267958],[-123.1530149998423,22.121374099834952],[-123.14398199966945,22.118980400425301],[-123.13488800028091,22.116733599875886],[-123.1257630003621,22.114633600160687],[-123.11660799995911,22.112680400380327],[-123.10739899976392,22.110877999819991],[-123.09818300014524,22.109218599558858],[-123.08892100020392,22.107713700127306],[-123.07962799973228,22.106355699556048],[-123.07031199999869,22.105146400086426],[-123.06098199961951,22.104089700279587],[-123.05164299972455,22.10318179960052],[-123.04226699992199,22.102426500382819],[-123.03288299975054,22.101820000292946],[-123.02349899957909,22.101366000041025],[-123.01409899956906,22.101062799908448],[-123.00469999960518,22.100912099613822],[-122.99530799996415,22.100912099613822],[-122.98590900000028,22.101062799908448],[-122.97650899999024,22.101366000041025],[-122.96712499981879,22.101820000292946],[-122.95774099964734,22.102426500382819],[-122.94836399979869,22.10318179960052],[-122.93902599994982,22.104089700279587],[-122.92969500042386,22.105148300353903],[-122.92037999983705,22.106355699556048],[-122.91108700026479,22.107713700127306],[-122.90182500032341,22.109220499826336],[-122.89260899980542,22.110877999819991],[-122.88339999961022,22.112682299748485],[-122.87422900026803,22.114633600160687],[-122.86510500039537,22.116733599875886],[-122.85602599989988,22.118980400425301],[-122.84697699988857,22.121374099834952],[-122.83799000003836,22.123910900267958],[-122.82904100014196,22.126594499736541],[-122.82015200031447,22.129421200228364],[-122.81130999995645,22.132390999944846],[-122.80252799966735,22.135501899693054],[-122.79380000006984,22.138753900372365],[-122.78514100005702,22.142145199741321],[-122.7765499995827,22.145679500308859],[-122.76801299980002,22.149347299838155],[-122.75955199992478,22.153154399855794],[-122.75116699995698,22.157094999734568],[-122.74285899994283,22.16117290000949],[-122.73462699983605,22.165382399878013],[-122.72647099963683,22.169723500239513],[-122.71839100024437,22.174196200194615],[-122.7104029996986,22.178798700199991],[-122.70250699979812,22.183528900338615],[-122.69469500017402,22.188385000167784],[-122.68697400024985,22.193365100319284],[-122.67935200039443,22.198473000428748],[-122.67182899970845,22.20369910023345],[-122.66440600003676,22.209047300092948],[-122.65708899985736,22.214515699739877],[-122.64986400032325,22.220098500345671],[-122.64274600032758,22.225797700203827],[-122.63573499987024,22.231611300121529],[-122.62883800017346,22.237535499563819],[-122.62204699996897,22.243572199697383],[-122.61537900004072,22.249713900176516],[-122.6088260000198,22.255966200180126],[-122.60239400018287,22.262319600169576],[-122.59606899988432,22.268777799955672],[-122.58988199965449,22.275335300184111],[-122.58380099981622,22.281993900398334],[-122.57785800004655,22.288747799971134],[-122.57203699960775,22.295597099626605],[-122.56635300009077,22.302539800171758],[-122.56079900027356,22.309570299729671],[-122.55537400010991,22.31669239973462],[-122.55008700001497,22.323898300366409],[-122.54493699994248,22.331190099743424],[-122.53992499993871,22.338563900203951],[-122.53504199958854,22.346015900313716],[-122.53030399962978,22.353546100072606],[-122.52571900043142,22.361152600112518],[-122.52126299998736,22.368829699631078],[-122.5169600003037,22.376579299794969],[-122.51280999958175,22.384395599977097],[-122.50880400010442,22.392276799734645],[-122.50493599979649,22.400224700409751],[-122.50122100024885,22.40823170003307],[-122.49767300030862,22.416295999960596],[-122.49425500006811,22.424417500367497],[-122.49100500038037,22.432594300087032],[-122.48790000018477,22.440820700115353],[-122.48496999996541,22.449094800185037],[-122.48217799981472,22.457416499571934],[-122.47954599984791,22.46578029982112],[-122.47708100038778,22.474187899751939],[-122.47476199956651,22.482631700093009],[-122.47261799962087,22.491113700037374],[-122.47062700043563,22.499628099857091],[-122.46879599963557,22.508173000183945],[-122.4671100001263,22.516746499851251],[-122.4656070000629,22.525344800122582],[-122.46425599981444,22.533964200287755],[-122.46308099958839,22.542608300332915],[-122.46205900012268,22.551267599819994],[-122.46121199973391,22.559942200372404],[-122.46051800010554,22.568630199923916],[-122.45998399976168,22.577325799646076],[-122.45962500029344,22.586030999631078],[-122.45941899978692,22.594741799694418],[-122.27917500022596,22.604200400428283],[-122.27933500040984,22.615814200365207],[-122.2797159999933,22.627422300398962],[-122.28030400012943,22.639022800262182],[-122.28112800035683,22.650611900319063],[-122.28216599966106,22.662187599578203],[-122.28342400011741,22.673744199935015],[-122.28489699969668,22.685281800314954],[-122.28659099957486,22.696788800362981],[-122.28850599975198,22.708267200171292],[-122.29061900006673,22.719715100371729],[-122.29296899961952,22.73112680016186],[-122.29552499967889,22.742498400081217],[-122.29829399966826,22.753827999862438],[-122.30129200032547,22.765110000326388],[-122.30449699973667,22.776342399582234],[-122.30791499997719,22.787521399792922],[-122.31153100035527,22.798644999966939],[-122.31537599960262,22.809707600025888],[-122.31942700025576,22.820705400334077],[-122.3236770001933,22.831638300167583],[-122.32814800042979,22.842498800079682],[-122.33281699990454,22.853286700421052],[-122.33767700009338,22.864000299674217],[-122.34275799968185,22.874630000274408],[-122.34803800035331,22.885177599966426],[-122.35351600026308,22.895639399838558],[-122.35919200031049,22.906009699987806],[-122.36505900017261,22.916288399690018],[-122.37112400017236,22.926469799941458],[-122.37738800035584,22.936553999667467],[-122.38383499998514,22.946535100214817],[-122.39047999975207,22.956409499798724],[-122.39730799986421,22.966175100300802],[-122.4043119999987,22.975828200111494],[-122.41151400027081,22.985370599673558],[-122.41887699987353,22.994792900172342],[-122.42643000014431,23.004095099809149],[-122.43416599986091,23.013275099566329],[-122.44207000013029,23.022329300357057],[-122.45015000042207,23.031253800022967],[-122.45839700032121,23.040048600362752],[-122.46679700008139,23.048707999674605],[-122.47538000018676,23.057229999664912],[-122.4841229995767,23.065612799890971],[-122.49301100025735,23.073852499992995],[-122.5020679997383,23.081949199795872],[-122.51126100009498,23.089900999931331],[-122.52062200010511,23.097700099680026],[-122.53012799960743,23.105346699590655],[-122.53977200007768,23.112840699838557],[-122.54956800036285,23.120178200064004],[-122.55949400034774,23.127357499649008],[-122.56955000003239,23.134372699940286],[-122.5797580004313,23.14122770039819],[-122.59007999979207,23.147914899952809],[-122.60053299979802,23.154436099946224],[-122.61110699998795,23.160789499935618],[-122.62180300040802,23.166967399925682],[-122.63260700041263,23.172975499819586],[-122.64353900002476,23.178806300170777],[-122.65457199979784,23.184461599623262],[-122.66571800028538,23.189937600340102],[-122.67696399998852,23.195236199890871],[-122.68831600008326,23.200347899636029],[-122.69974500013154,23.205278400378006],[-122.71128099971827,23.210022000415108],[-122.72290000043461,23.214582399558253],[-122.73461200004368,23.218954100251665],[-122.74641400020585,23.223133099612994],[-122.75827000016028,23.22712329980061],[-122.77022600022963,23.230922699822884],[-122.7822269996762,23.234529500136489],[-122.79431899972195,23.237941699749797],[-122.80646499955998,23.241157500018744],[-122.8186650000896,23.244178800311545],[-122.83093300015776,23.247001600443639],[-122.84323900017961,23.249628100156826],[-122.85559799994763,23.252052300073728],[-122.86800400008445,23.254278200378792],[-122.88046299996739,23.256305700347923],[-122.89294399996555,23.258131000345543],[-122.90546399996356,23.25975609956447],[-122.91799899975393,23.261177100343048],[-122.93057999986701,23.262397799618896],[-122.94317599977251,23.263416299822495],[-122.95578800041579,23.264230699787106],[-122.96840699958329,23.264841100236708],[-122.9810410003418,23.265247299723228],[-122.99368299967063,23.265451399962274]]]},"properties":{"objectid":4761,"radii":34,"stormid":"ep162026","basin":"ep","stormnum":16,"advnum":"27","validtime":"2026092800","synoptime":"2026092612","timezone":"UTC","tau":36,"ne":40,"se":30,"sw":30,"nw":40,"idp_source":"ep162026_2026092615_forecastradii","idp_filedate":1790434957000,"idp_ingestdate":1790435164000,"st_area(shape)":1.1779361123419227,"st_perimeter(shape)":4.1548603901972143,"binnumber":"EP1"}}]}