{"type":"FeatureCollection","features":[{"type":"Feature","id":3573,"geometry":{"type":"Polygon","coordinates":[[[-172.36142000043259,34.159980800373773],[-172.43313599992638,33.660892499889087],[-172.49937400040972,33.65989690002209],[-172.56559800024743,33.657901799928254],[-172.63174400008546,33.654914899603057],[-172.69780000026972,33.650936100121044],[-172.76377899960107,33.645957900237079],[-172.82961999976311,33.639991799582049],[-172.89532499994871,33.633037600305158],[-172.96086100043473,33.625095400432542],[-173.02621499972238,33.616172800134791],[-173.09133900009471,33.606265999776213],[-173.15623499984528,33.595378899716593],[-173.22088599998884,33.583522799937384],[-173.2852480002949,33.570693999728462],[-173.34931899977195,33.556896199799951],[-173.41307099982672,33.54214480014258],[-173.47648599962909,33.526435900396621],[-173.53951999984804,33.509769399838092],[-173.60220300006833,33.492164599716659],[-173.66445900038249,33.47361759967265],[-173.72628799989121,33.454135900051881],[-173.78767399965528,33.433731100310183],[-173.84860199988231,33.412410699894053],[-173.90905799992669,33.390171099716611],[-173.96899400027283,33.367027299570339],[-174.02839700032123,33.342990899810331],[-174.08726499997968,33.318061799712439],[-174.1455689997095,33.292255400166709],[-174.20329299967213,33.265571600449164],[-174.26042200007518,33.238029500361279],[-174.31692500038838,33.209629099903168],[-174.37278699992004,33.180389399950968],[-174.42799399982314,33.150314299965089],[-174.48252900021311,33.11940770030526],[-174.53637700039818,33.087692299859896],[-174.58952299968661,33.055171999888046],[-174.64193700029224,33.021861999831572],[-174.69360399972473,32.987762500239342],[-174.74453700038219,32.952899899810689],[-174.79467799958994,32.917274499818461],[-174.84403999974612,32.880897500419451],[-174.89259300036659,32.843791999801113],[-174.94032299990644,32.805957800112537],[-174.98724399991059,32.767414100080771],[-175.03329500026396,32.728172300411472],[-175.07849099985967,32.688247700371221],[-175.12281799985072,32.647647900130607],[-175.16626000039864,32.606391899666562],[-175.20880099986618,32.564487499698487],[-175.25042700030573,32.521949799843526],[-175.29112200008015,32.478797899903327],[-175.33088700013488,32.435035700237506],[-175.36970499968592,32.390689800094322],[-175.4075619998863,32.34576419965822],[-175.44444300004434,32.300277700155902],[-175.48034700011388,32.254245799604121],[-175.51527400009496,32.207679699958305],[-175.54917899971099,32.16059879959505],[-175.58209200034545,32.113018000280647],[-175.6139829997156,32.064949000396211],[-175.64483599978149,32.016407000282982],[-175.67466700038167,31.967414900277561],[-175.70344500008662,31.917978299559024],[-175.73118599963411,31.868118299819798],[-175.75785800024644,31.81784820023438],[-175.78347800000961,31.767185200336883],[-175.80802899993833,31.716148399928841],[-175.83149700028625,31.664751099983448],[-175.8538820001541,31.613006599674975],[-175.87519800018748,31.560935999796698],[-175.89540100015597,31.508556400057955],[-175.91450499980581,31.455881099633189],[-175.93252599987491,31.402927399679868],[-175.9494319997869,31.349706600179616],[-175.96524000032568,31.296241800219036],[-175.97993499990025,31.242549899858147],[-175.993515000217,31.188646299986885],[-176.00598100042276,31.134548200139477],[-176.01733399966429,31.080268900389569],[-176.02755699985559,31.025825500446615],[-176.03666699998197,30.97124480010757],[-176.04466199995127,30.916528699639912],[-176.05152900006323,30.861701999647721],[-176.05728100001807,30.806783700107815],[-176.06190500011559,30.751787200019407],[-176.06541400005599,30.696725800355523],[-176.06780999993148,30.641622500378219],[-176.06907699990356,30.586492500428676],[-176.06922899971849,30.531353000041065],[-176.06825299967613,30.476215399920932],[-174.90913399963429,30.457088499934457],[-174.90739400033277,30.419382100203904],[-174.90489200006567,30.381706200081226],[-174.90164200037793,30.344068499561729],[-174.89762899967852,30.306491899881394],[-174.89285299976606,30.268978099859567],[-174.88734400022537,30.231544499579115],[-174.88107299971909,30.194194799750335],[-174.87405399979218,30.156948100174816],[-174.86628700044463,30.119813900391307],[-174.85778799971635,30.08279990039523],[-174.8485409995674,30.045917499992754],[-174.83857699962874,30.009182000249268],[-174.82786600031559,29.972599000343735],[-174.81643700026729,29.93618390026694],[-174.80427599973751,29.899946199557633],[-174.79139700027127,29.863899200088156],[-174.7778169999545,29.828046800419656],[-174.7635040000095,29.792404199993996],[-174.74850499990575,29.756986600051675],[-174.73281899959707,29.721794100417526],[-174.7164150003519,29.686843899726341],[-174.69932600009474,29.652145400390054],[-174.68158000011684,29.617711999609242],[-174.66313200014162,29.583543799906579],[-174.64402799959242,29.54966550026279],[-174.62425200042941,29.516075099686248],[-174.6038359996316,29.482788099791094],[-174.58274800021996,29.44980809966421],[-174.56103499986529,29.417156200098702],[-174.53866599983596,29.384832400195251],[-174.51568600040852,29.352850000027615],[-174.49208100003804,29.321220400301399],[-174.46784999957774,29.289943699941944],[-174.44302399955785,29.259040800092976],[-174.41758700013986,29.228513699947428],[-174.39157100010149,29.198375699579003],[-174.36495999960422,29.168630600422034],[-174.33779899982392,29.139291799676982],[-174.31005900032252,29.110361099585248],[-174.28175399994706,29.081855800404981],[-174.25289900028855,29.053779600148573],[-174.22349499959449,29.026138300342438],[-174.19358799998614,28.99894329989354],[-174.16313200024155,28.972207999599618],[-174.13218700042964,28.945928599825152],[-174.10072300006632,28.920120200187228],[-174.06877099968182,28.894786799970973],[-174.03633100017544,28.869937899614513],[-174.00341800044029,28.845579100095563],[-173.97004700026878,28.821720099702986],[-173.93620299986847,28.798368500406127],[-173.90193199956207,28.775524099857478],[-173.8672180004103,28.753200500302967],[-173.83209200024555,28.731405300114659],[-173.79652400038225,28.710136400274791],[-173.76058999982857,28.689407299607353],[-173.72424300001435,28.669220000003122],[-173.68751499971739,28.649583799552829],[-173.65042099962935,28.630500799972083],[-173.61296099975027,28.61197849980806],[-173.57514999987251,28.594024699780221],[-173.53701799958094,28.576639200239015],[-173.49853500019003,28.55983159964876],[-173.45974700022381,28.543603899900177],[-173.42065399968226,28.527961700172455],[-173.38127100015646,28.512908899925947],[-173.34159899989385,28.498451199963029],[-173.30165100039326,28.484590499651972],[-173.26147500027096,28.471334499887405],[-173.22102400005747,28.458684900387993],[-173.18034400007548,28.446641899903909],[-173.13943500032494,28.435214999772541],[-173.09832800043679,28.424406100261479],[-173.05699199988081,28.414215099747196],[-173.01550300036311,28.404647799756276],[-172.97381599980847,28.395704300113493],[-172.93197600029211,28.38739010017315],[-172.88996900026908,28.37970539958468],[-172.84783899996981,28.372653999782415],[-172.80557299969411,28.366235700217544],[-172.76318400004149,28.360456500267389],[-172.72070299974357,28.355314300015095],[-172.67814600043749,28.350809100359811],[-172.63548299984049,28.346948600397752],[-172.59274300018924,28.343728999593793],[-172.54997300005382,28.341152200014164],[-172.50715600044899,28.339218100035453],[-172.46429399966829,28.33792879957457],[-172.42143199978688,28.337282199613981],[-172.3785550001131,28.337282199613981],[-172.33569300023169,28.33792879957457],[-172.2928310003503,28.339218100035453],[-172.25001499989224,28.341152200014164],[-172.20724499975685,28.343728999593793],[-172.16450500010561,28.346948600397752],[-172.12185700020032,28.350810999728026],[-172.07928500020253,28.355316200282573],[-172.03680399990461,28.360456500267389],[-171.99441500025199,28.366237599585702],[-171.95214799993019,28.372655900049892],[-171.91001899967702,28.379707299852157],[-171.86801099960786,28.387392000440627],[-171.82617200013763,28.395706200380971],[-171.78448499958299,28.404647799756276],[-171.74299600006526,28.414217000014673],[-171.70167500020102,28.424407999629636],[-171.66056800031288,28.43522069967571],[-171.61965899966302,28.446645700438864],[-171.5789639998886,28.458686799756151],[-171.53854400020538,28.47133830042236],[-171.49833699955281,28.484594300186927],[-171.45838900005222,28.498454999598721],[-171.41871599974351,28.512914699653834],[-171.37933300021771,28.527963600439932],[-171.34023999967616,28.543607700435189],[-171.30146800044778,28.559835400183715],[-171.26299999994995,28.576642999874707],[-171.22483800007356,28.594030399683334],[-171.18704199998822,28.611984300435267],[-171.14956700031672,28.630506499875196],[-171.1124880000211,28.649589500355319],[-171.07574499993171,28.669225699906292],[-171.03941299990993,28.689409299699548],[-171.00346399956385,28.710142100177904],[-170.96789599970054,28.731409099750294],[-170.93277000043508,28.753208200298332],[-170.89805600038403,28.775531799852843],[-170.86378500007763,28.798372300041763],[-170.82995600036904,28.821727799698351],[-170.79657000040513,28.845588700358405],[-170.76367199956306,28.869945499785103],[-170.73121600021815,28.894794499966338],[-170.69926499987977,28.920124099647637],[-170.66781600020818,28.945934299728265],[-170.63685599970455,28.972213700402108],[-170.60639999995996,28.99895480042386],[-170.57649200030551,29.026145899613709],[-170.54710400034926,29.053787200319164],[-170.51824999983754,29.081863399676308],[-170.48994400031529,29.110368699755838],[-170.46220399991458,29.139297499580096],[-170.43502800034187,29.168636300325147],[-170.408431999637,29.198381400381493],[-170.38240099980621,29.22852330021027],[-170.35697900018064,29.259052299723976],[-170.33215300016076,29.289955099748227],[-170.30792199970045,29.321226100204512],[-170.2843020004369,29.352861399833898],[-170.26133699990254,29.384843800001534],[-170.23896799987321,29.417167699729703],[-170.21725500041785,29.44981960019453],[-170.1961670001069,29.482795699961741],[-170.17573500036988,29.51608469994909],[-170.15597500014607,29.549673100433381],[-170.13685599980448,29.583553300344704],[-170.11842299962166,29.617717700411674],[-170.10067699964375,29.652156800196337],[-170.08358800028591,29.686853400164409],[-170.06718400014142,29.721803699781049],[-170.05149799983275,29.756992299954845],[-170.03649899972899,29.792413700432064],[-170.022185999784,29.828058200225883],[-170.00860600036654,29.863906900083521],[-169.99572800004708,29.899955699995701],[-169.98358200020905,29.936193499630463],[-169.97213700032222,29.972608599707257],[-169.96142600010975,30.009191499788017],[-169.95146200017109,30.045930899891289],[-169.94221500002214,30.082807499666501],[-169.93371600019319,30.11982349975483],[-169.92594899994631,30.156959499981099],[-169.9189300000194,30.194208099824095],[-169.91265900041248,30.231555900284718],[-169.90713500018003,30.268991499758044],[-169.90235900026758,30.306503299687677],[-169.89836100025988,30.344081900359583],[-169.89509599988043,30.381717699712226],[-169.89260900030504,30.419391599742653],[-169.8908690001042,30.457101800008218],[-168.15286300002734,30.463092800192726],[-168.15138200007917,30.526920300131906],[-168.15116900014917,30.590755500066393],[-168.15225199972991,30.654583000005573],[-168.154632999813,30.718387599608207],[-168.15831000030619,30.782144500068739],[-168.16328400035624,30.845838500146783],[-168.16955600000932,30.909448599773214],[-168.17713899986487,30.972955700045645],[-168.18600500043036,31.036336899728269],[-168.19618200029899,31.099577000278487],[-168.20765699977065,31.162654900003758],[-168.22042799965237,31.22554969955911],[-168.23448200024404,31.288240399774793],[-168.24984700013886,31.350717500212625],[-168.2665099996367,31.412950500365469],[-168.2844539997522,31.474924100067312],[-168.30369600037005,31.536613499613452],[-168.32420299996841,31.598014800442854],[-168.34599300027668,31.659093900263429],[-168.3690640003033,31.719833399891627],[-168.39341700009439,31.780225799880895],[-168.41902200006518,31.840236700263631],[-168.44589199991577,31.899856599702446],[-168.47401399994607,31.959060700291218],[-168.50338700010988,32.017833700065353],[-168.53399699976165,32.076156599947296],[-168.56585700040017,32.134017900305992],[-168.59893799978877,32.191387199559756],[-168.6332239998876,32.248249100415819],[-168.66871599984344,32.3045959001808],[-168.705429000348,32.360389699625102],[-168.74331700017933,32.415630299998497],[-168.78239399998304,32.470287299719246],[-168.82263200026651,32.524356800226315],[-168.86404399983064,32.577808399937851],[-168.90658600024364,32.630630500297514],[-168.95027200035247,32.682807900064688],[-168.99508700036469,32.734317799626922],[-169.04099999975011,32.785148600427704],[-169.08802800019197,32.835285200151986],[-169.1361240004222,32.88470460043709],[-169.1853180000256,32.93338780040682],[-169.23554999983256,32.981330899701391],[-169.28681899979694,33.028514900142682],[-169.33911100017244,33.074916799770619],[-169.3924409998522,33.120521499867493],[-169.44674699957429,33.165325199898177],[-169.50204500007661,33.209301000241112],[-169.55830399992956,33.252445200186003],[-169.61549400044768,33.294731099760611],[-169.6736149998323,33.336151099693666],[-169.73266599983594,33.376697499989803],[-169.79257199969794,33.41634369960218],[-169.85337799969486,33.455085799969822],[-169.91502399975769,33.492912299663033],[-169.97750899984038,33.529796600332986],[-170.0408170001044,33.565742499816679],[-170.10490400031929,33.600730900111103],[-170.16978500027747,33.634746599975756],[-170.23539699977164,33.667785600125512],[-170.30174299983949,33.699836700403523],[-170.36880499965093,33.730876899749262],[-170.43655399966727,33.760906199961312],[-170.50495900025757,33.789920799605341],[-170.5740199996232,33.817893999608543],[-170.64369200018558,33.844821899611134],[-170.71395900030754,33.870704700161923],[-170.78480500015056,33.895523100011189],[-170.85620100017593,33.919277199883027],[-170.92811599985345,33.94194789997573],[-171.00054900003624,33.963539099749823],[-171.07345599959464,33.984031700302864],[-171.14680499975086,34.003429399647246],[-171.22059599960562,34.021717099964349],[-171.29478499982781,34.038898500165772],[-171.36933899979493,34.054954499550661],[-171.44425999959924,34.069892899737681],[-171.51950099977125,34.08369829983684],[-171.595062000311,34.096374500383035],[-171.67088300025017,34.107910199596176],[-171.74694799975032,34.11829760035414],[-171.82325699971068,34.127544399954218],[-171.8997649998548,34.135646799660208],[-171.97642499981382,34.142589600030135],[-172.05323799963389,34.148384100146245],[-172.13017299968411,34.153015099667243],[-172.20719900033353,34.156494100022826],[-172.2843020000372,34.158813500143083],[-172.36142000043259,34.159980800373773]]]},"properties":{"objectid":3573,"radii":34,"stormid":"cp012026","basin":"cp","stormnum":1,"advnum":"41","validtime":"2026082215","synoptime":"2026082212","timezone":"UTC","tau":0,"ne":220,"se":130,"sw":130,"nw":190,"idp_source":"cp012026_2026082215_forecastradii","idp_filedate":1787414561000,"idp_ingestdate":1787414602000,"st_area(shape)":30.079914617712888,"st_perimeter(shape)":22.275673487250671,"binnumber":"CP2"}},{"type":"Feature","id":3574,"geometry":{"type":"Polygon","coordinates":[[[-172.38459799999762,31.997262999687848],[-172.41540499974087,31.997262999687848],[-172.44622800022196,31.996797599629645],[-172.47702000017279,31.995876299951419],[-172.50778199963949,31.9944820000444],[-172.53849799968287,31.992631900342076],[-172.56919899993383,31.990316399682229],[-172.5998230002312,31.987543100034202],[-172.63040200025205,31.984310200055859],[-172.66090400031928,31.980613699562753],[-172.69131499978732,31.97646519980924],[-172.72163400040873,31.971855200357368],[-172.75184599969305,31.966789199662003],[-172.78196700017685,31.961271300430326],[-172.81195099973877,31.955301300314886],[-172.84179700013138,31.948881099583218],[-172.87150599960214,31.942012799950874],[-172.90106200011115,31.934705700407903],[-172.93046599990589,31.926946599805888],[-172.9597020000472,31.918748899842001],[-172.98875399979718,31.910116199603067],[-173.01760900035501,31.901042899910067],[-173.04629500031393,31.891538600126466],[-173.07473799985874,31.881607099887901],[-173.10299699991154,31.871246300176779],[-173.13102700019581,31.860464099738579],[-173.15881300001985,31.849262200090607],[-173.18635600032908,31.837640799983092],[-173.21366899992432,31.825612999840189],[-173.24070700032772,31.813175199675868],[-173.26748699962525,31.800331100200253],[-173.29399099968481,31.78708839961007],[-173.3202059999069,31.77344509961182],[-173.34613000019928,31.759414699928584],[-173.37176499975487,31.744989399841074],[-173.39707899979592,31.730184600239227],[-173.42207300036858,31.715005900302174],[-173.44676200036594,31.69944950039428],[-173.47110000036466,31.683525099703729],[-173.49511699994952,31.667242099743248],[-173.51876799974332,31.650592799618153],[-173.5420840002763,31.633592600218492],[-173.56503300007282,31.616247199648683],[-173.58761600007827,31.598556499882704],[-173.60981799960092,31.580532100376274],[-173.63165300018574,31.562175799773513],[-173.6530759997575,31.543491400407959],[-173.67413300043754,31.524490400112029],[-173.69477800010455,31.505174600227747],[-173.71501199970396,31.485555600210944],[-173.73483300004284,31.465635300328984],[-173.75424200026802,31.445417400392842],[-173.77320899989536,31.424905799862927],[-173.79176300026216,31.404117600247218],[-173.80987500003116,31.383054700014554],[-173.82755999989399,31.361722899792142],[-173.84477200042741,31.34012219957998],[-173.86155700015536,31.318273499622478],[-173.87786899965454,31.296175000376138],[-173.89372299961667,31.273832300120716],[-173.90911900004176,31.251255000018375],[-173.92404200023805,31.228452700332014],[-173.93847700041317,31.205429099973117],[-173.9524540001519,31.182188000376073],[-173.96592700003094,31.1587429003647],[-173.97892799972732,31.135093700114339],[-173.99144000025572,31.111259500325843],[-174.00344800002512,31.087242099643333],[-174.01495400002702,31.06304170041426],[-174.02596999991547,31.038679100360355],[-174.03648400003649,31.014152499938064],[-174.0464940002978,30.989467599949933],[-174.05598399996154,30.964639699662541],[-174.06497199985782,30.939672499786184],[-174.07344100010201,30.914571800048691],[-174.08140599958713,30.889350899624446],[-174.08883699962774,30.864009900136921],[-174.09574900001627,30.838562000036404],[-174.10215799969185,30.813020699945469],[-174.10803199987683,30.787378299868806],[-174.11337299976404,30.761659600410383],[-174.11819499999916,30.735855100232811],[-174.12248199984435,30.709989500115455],[-174.1262510000835,30.684062999707805],[-174.12948599997884,30.658081100162804],[-174.13220200022207,30.632057199580231],[-174.13438400012143,30.605993299851036],[-174.13603199967696,30.579902600324885],[-174.13714599978798,30.553789100286906],[-174.1377560000393,30.527668000078279],[-174.13780200036194,30.501535400238652],[-173.9443509996988,30.479282400162788],[-173.94351199967898,30.45606420000297],[-173.94220000032968,30.432869000004473],[-173.94042999964469,30.409692799982849],[-173.93818699963026,30.386545200200999],[-173.93547100028636,30.363435700197556],[-173.93229699960676,30.340370200424559],[-173.92864999959772,30.317356099604467],[-173.92456099989016,30.294399299987845],[-173.91999799990771,30.271511099757618],[-173.91496299974256,30.248691599637766],[-173.90948499983281,30.225954099702108],[-173.90354900038599,30.203298599950585],[-173.89715599964958,30.18073839955764],[-173.89032000006787,30.158277499607038],[-173.8830260000498,30.135925299812868],[-173.87529000033317,30.113679899907595],[-173.8670960001802,30.091556500232457],[-173.85847500012108,30.069562899708217],[-173.84942600010973,30.047699000308739],[-173.83993500039986,30.025976200041725],[-173.83000200009215,30.004396400073972],[-173.81964099983219,29.982973100128618],[-173.80885299966613,29.96170809974916],[-173.79765300028566,29.940605200369816],[-173.78602600009975,29.91967389973081],[-173.77398699980012,29.898923899718341],[-173.76155100007853,29.878358800318551],[-173.74868799955146,29.857980699649715],[-173.73542799960242,29.837801000216132],[-173.7217710002314,29.817823400030022],[-173.70771799968585,29.798049900082958],[-173.69328300041008,29.778493900273418],[-173.67846699975217,29.759159100412319],[-173.66325399967226,29.740051300227492],[-173.64767499980132,29.721168499626685],[-173.6317140003008,29.702529900035017],[-173.61538700010991,29.68412779965837],[-173.59870899992035,29.665977499562075],[-173.58167999973213,29.648078899921416],[-173.56428499975286,29.630439799657154],[-173.54655499961348,29.613067600189765],[-173.52848800012103,29.595960600001831],[-173.51008599956916,29.579128300430853],[-173.49134799971034,29.562578200024063],[-173.47229000038314,29.546308500137343],[-173.45291099974276,29.530330700401635],[-173.43322800037186,29.514644600268241],[-173.41323900037949,29.499256100189029],[-173.39294399976569,29.484174699702749],[-173.37236000021377,29.469394699805719],[-173.35148599987892,29.454931299939688],[-173.33032199966047,29.440778700376882],[-173.30891399988113,29.426950499765894],[-173.28721600021817,29.413448299799313],[-173.26524399961082,29.400268600315769],[-173.24304200008817,29.387424499940835],[-173.22058100031285,29.374916100297924],[-173.19787600007726,29.362747200123351],[-173.17494200007317,29.350921599952017],[-173.15177900030054,29.339443200143705],[-173.12838699986008,29.328313800241858],[-173.10479700018135,29.317535400338613],[-173.08099399967327,29.307115599705298],[-173.05699199988081,29.297054300315835],[-173.03277600011225,29.28735920036695],[-173.00839199979089,29.278026600047724],[-172.98384099986217,29.269061999611722],[-172.95909099974978,29.260465599607869],[-172.9341889998224,29.252244900381982],[-172.90913400003399,29.244399999960194],[-172.88394200022304,29.236934699776725],[-172.85858199985933,29.229848900006857],[-172.83309900011869,29.223142599751327],[-172.80749500019402,29.216819800093845],[-172.78176900003925,29.210887899756926],[-172.75591999960821,29.205341299561496],[-172.72998000037663,29.200181999599749],[-172.70393399985414,29.195415500125364],[-172.67779500043883,29.191043900155989],[-172.65159600005529,29.187061300139021],[-172.62530499992573,29.183475499894541],[-172.5989529996811,29.180286399597833],[-172.57254000022076,29.177492099880624],[-172.54608199958454,29.17509459993596],[-172.5195920001706,29.173097599574703],[-172.49304199978837,29.171499300152732],[-172.46647599956765,29.170299500221915],[-172.43989599960062,29.16950040042326],[-172.41329999979507,29.169101700383294],[-172.38833599970656,29.335460699951511],[-172.36503599991138,29.335813500392874],[-172.34172100032384,29.33651350029794],[-172.3184510001135,29.337564500201665],[-172.29518099990315,29.338964500011798],[-172.27195700001548,29.34071730026335],[-172.24876399975869,29.342817299978549],[-172.22563199961701,29.345266299600212],[-172.20252999995947,29.348062499584842],[-172.17948900041696,29.351203899840243],[-172.15652499992873,29.354690600191191],[-172.13362100040877,29.358526199724508],[-172.11079399994307,29.362703299717623],[-172.08807399991508,29.367223699714089],[-172.06541399995606,29.372083699902987],[-172.04287700027328,29.377288799638563],[-172.02043200033648,29.382827799663346],[-171.99809299989195,29.388702399696115],[-171.9758910003693,29.394914599829065],[-171.95381200022356,29.401456799891548],[-171.93185400026184,29.40833280041852],[-171.91003400036874,29.415538799975764],[-171.88836700033673,29.42306899973471],[-171.86683700032722,29.43092350041934],[-171.8454899997636,29.439102200406353],[-171.82428000012183,29.447603200327592],[-171.80325299992592,29.456417099569649],[-171.78241000012133,29.465549500009558],[-171.76171900013168,29.474990799585896],[-171.74124100007202,29.484745000281691],[-171.72096300024219,29.494802500035519],[-171.70086699981212,29.505166999557503],[-171.68098400021137,29.515829100033102],[-171.66131599973352,29.526788699838789],[-171.64186100008502,29.538044000330501],[-171.62263500020501,29.549591100249245],[-171.60363800009355,29.561424299691794],[-171.58488500044234,29.573541600364706],[-171.56635999961421,29.585937500215607],[-171.54808000019179,29.598611799595005],[-171.53007499996122,29.611556999955724],[-171.51231400019088,29.624774899941826],[-171.4948119997739,29.638254199571804],[-171.4775850003474,29.651996600362963],[-171.46061700027425,29.665994600170791],[-171.44395399987712,29.680246400351223],[-171.42756699961726,29.694745999728241],[-171.41145300025568,29.709491700381818],[-171.39562999992449,29.724477799710826],[-171.38012699996099,29.739696499693821],[-171.36492899967351,29.755149800423112],[-171.35002100016894,29.770824400026186],[-171.33543400017888,29.786722199669896],[-171.32115199986484,29.802841200161424],[-171.3072049997109,29.819168099628257],[-171.2935939997632,29.835704800136568],[-171.28030400022936,29.85244180034897],[-171.26734899995631,29.869377100173153],[-171.25472999988952,29.886503200162679],[-171.24244700002896,29.903818100225294],[-171.23052999995946,29.921314200190352],[-171.21893300025769,29.93898770042216],[-171.20770300039308,29.956830999850922],[-171.19683800027343,29.974842100182912],[-171.18632500019854,29.993013400348275],[-171.1761779999147,30.011343000079535],[-171.16641200011364,30.02981760020225],[-171.15699800035736,30.048437099992327],[-171.14796400013842,30.067199699906382],[-171.13931299959518,30.086092000045937],[-171.13102699969619,30.105108299608503],[-171.12312300032613,30.124252300203636],[-171.11561600037803,30.143510799783712],[-171.1084900000134,30.162878000419539],[-171.10174600017768,30.182350199602183],[-171.09541300040956,30.201919600209521],[-171.08944699957928,30.221582399907959],[-171.08389299976204,30.241329199882784],[-171.07873500022001,30.261158000041803],[-171.07397500014605,30.28106690011748],[-171.06961100034732,30.301038699676383],[-171.06565899976295,30.321071600074447],[-171.06210300035312,30.341161700052567],[-171.05896000020377,30.361309100334836],[-171.05621300032962,30.381490700035897],[-171.05389400040772,30.401716200142687],[-171.05197099986168,30.421970400313853],[-171.05044599968306,30.442253100000698],[-171.04934700026377,30.462553000120977],[-171.04864500026648,30.482868200407268],[-170.66220100027587,30.501544999602174],[-170.66224699969919,30.527671799713914],[-170.66285699995052,30.553796800282271],[-170.66397100006154,30.579908400052773],[-170.66561899961707,30.606000900021684],[-170.66780100041575,30.632064799750879],[-170.67051699975966,30.658086800065917],[-170.673751999655,30.684068699610918],[-170.67752099989414,30.709999100378297],[-170.68180799973933,30.735866500039094],[-170.68662999997443,30.761663400046018],[-170.69198599965409,30.787389800399126],[-170.69784500004664,30.813022600212946],[-170.70425399972223,30.83857149957521],[-170.71116600011075,30.864017500307511],[-170.71861299998989,30.889356600426936],[-170.72656199963649,30.914577499951804],[-170.73503099988065,30.939676300321139],[-170.74401899977696,30.964643500197496],[-170.75351000038614,30.989475299945298],[-170.763518999702,31.014158199841177],[-170.77403299982302,31.03868289999599],[-170.78504899971148,31.063049299685588],[-170.79655499971338,31.087245900178289],[-170.80857800017449,31.111267099597114],[-170.82107500001118,31.135105099920565],[-170.83409100039927,31.158746700000336],[-170.84756500032444,31.182191800011708],[-170.86152600022464,31.205431000240594],[-170.87597700023829,31.228456499967649],[-170.89090000043458,31.251258900378104],[-170.90628100016795,31.273836099756352],[-170.92213400008396,31.296176899744296],[-170.93846100027486,31.318279300249628],[-170.9552310002104,31.3401337001103],[-170.9724579996369,31.361726800151871],[-170.99012799970734,31.38305849965019],[-171.00824000037565,31.404125200417809],[-171.02679399984314,31.424913400033518],[-171.04576100036979,31.445421200028477],[-171.06516999969566,31.465637199697142],[-171.08499100003453,31.485561399938774],[-171.10522499963395,31.505182300223112],[-171.12588499999268,31.52449800028262],[-171.14692699998099,31.54349899967923],[-171.16836500024448,31.562179600308468],[-171.19018600018367,31.580539699647545],[-171.21240200035197,31.598564100053295],[-171.23496999966568,31.616251000183638],[-171.25791900036151,31.633596399854127],[-171.28123499999518,31.650596600153108],[-171.30490099958138,31.667242099743248],[-171.32890300027316,31.683530799606842],[-171.35325600006428,31.69945339985469],[-171.37793000026923,31.715007799670389],[-171.40292399994257,31.730188399874919],[-171.42825299977605,31.744997000011665],[-171.45388800023096,31.759414699928584],[-171.47981299967012,31.773446999879297],[-171.50602699984609,31.78708839961007],[-171.53253199995177,31.800334899835889],[-171.5592960003101,31.813175199675868],[-171.58634899960657,31.825616800375201],[-171.61364700030873,31.837648400153682],[-171.64118999971865,31.849266099551016],[-171.6689910002344,31.860467900273534],[-171.69700599982696,31.871246300176779],[-171.72526599992588,31.881607099887901],[-171.75372300011628,31.891542399762102],[-171.78241000012133,31.901046800269739],[-171.81126399973371,31.910116199603067],[-171.84031700042914,31.918752700376956],[-171.8695369998326,31.926948500073365],[-171.89895600031909,31.934705700407903],[-171.92851299997488,31.942012799950874],[-171.95822100029883,31.948884999942948],[-171.98806799983825,31.955305099950522],[-172.01805100025339,31.961275100065961],[-172.04817199983785,31.966789199662003],[-172.07838400002152,31.971855200357368],[-172.10868799995117,31.97646519980924],[-172.13911400011094,31.980613699562753],[-172.1696010003858,31.984310200055859],[-172.20018000040662,31.987543100034202],[-172.23081999964319,31.990316399682229],[-172.26150500005562,31.992631900342076],[-172.2922359998914,31.9944820000444],[-172.32299800025743,31.995876299951419],[-172.35379000020828,31.996797599629645],[-172.38459799999762,31.997262999687848]]]},"properties":{"objectid":3574,"radii":50,"stormid":"cp012026","basin":"cp","stormnum":1,"advnum":"41","validtime":"2026082215","synoptime":"2026082212","timezone":"UTC","tau":0,"ne":90,"se":70,"sw":80,"nw":90,"idp_source":"cp012026_2026082215_forecastradii","idp_filedate":1787414561000,"idp_ingestdate":1787414602000,"st_area(shape)":6.9484516530373988,"st_perimeter(shape)":10.016030477775463,"binnumber":"CP2"}},{"type":"Feature","id":3575,"geometry":{"type":"Polygon","coordinates":[[[-172.39151000038612,31.331817599902479],[-172.40765400023184,31.248636200300552],[-172.42292800042679,31.248403499821791],[-172.43820199972242,31.247942000123373],[-172.45347599991737,31.247253400024533],[-172.46871899958208,31.246337900074195],[-172.48393199966199,31.245185900009403],[-172.49912999994947,31.243814500438987],[-172.51429699970669,31.242208500122331],[-172.5294339998791,31.240375500129346],[-172.54450999993648,31.238311799749908],[-172.5595700001553,31.23603060013221],[-172.57455399956734,31.233516700035807],[-172.58949299960219,31.23077769963129],[-172.60438500016755,31.22781750017765],[-172.61920199997223,31.224630399973137],[-172.63395699961578,31.221223800438167],[-172.64863600025114,31.217592200419858],[-172.66323900007973,31.213746999724378],[-172.67775000016229,31.209680599979833],[-172.69218400029129,31.205396700097765],[-172.70652799986723,31.20088960017506],[-172.72076399985863,31.196176499745832],[-172.73490900015017,31.191245999903117],[-172.74896199979636,31.186101900282608],[-172.7628940001579,31.180749899888099],[-172.7767030002432,31.175189999618908],[-172.79040499989077,31.169420200282161],[-172.80400100004604,31.163446399631766],[-172.81744400034026,31.157272300176658],[-172.83076500040437,31.150892300039743],[-172.84396400023834,31.144315700009713],[-172.85701000021126,31.137542699735945],[-172.86991900016164,31.130573300117874],[-172.8826900000434,31.123407400431347],[-172.89530900011019,31.116054500215171],[-172.90777600036205,31.108511000382521],[-172.92005900022261,31.100782400287699],[-172.93220500006063,31.092872600290434],[-172.94418300024518,31.084775899588237],[-172.95600899971549,31.076505699878282],[-172.9676509996938,31.068056099809326],[-172.97911100027238,31.059436800368189],[-172.99037199976789,31.050642000028404],[-173.00148000030168,31.041681299952188],[-173.01238999979859,31.032552700047233],[-173.02310200005718,31.02326009977395],[-173.033645999763,31.013811100202247],[-173.04397600039204,31.004203800165385],[-173.05410799998413,30.994443899566477],[-173.06404100029187,30.984533299572263],[-173.07377599956266,30.97447589964321],[-173.08328199996424,30.964271500129769],[-173.09259000022826,30.953924200141842],[-173.10168499966292,30.943443299568742],[-173.11056499997468,30.93282510039819],[-173.11921699966473,30.922071500199706],[-173.12765500027797,30.911193799854118],[-173.13586400022336,30.900186500007123],[-173.14384500044633,30.889062899833107],[-173.15159599995536,30.877817199604237],[-173.15911899974196,30.866455100122892],[-173.16641199971394,30.854988100120863],[-173.1734620001711,30.84340670005929],[-173.18028299996041,30.831727999647626],[-173.18685900014268,30.819942500246327],[-173.19319199991079,30.808061599863095],[-173.19926500027947,30.796091100024398],[-173.2051239997727,30.784025200103031],[-173.2107239999126,30.771877299997527],[-173.21606399975371,30.75964550033973],[-173.22116100008,30.747329700405487],[-173.22599800010755,30.734947199553744],[-173.23059099967483,30.72249219985531],[-173.23492399984264,30.709968599871104],[-173.23901399959632,30.69738389994717],[-173.24282800011204,30.684738199908168],[-173.24638400042122,30.672037099832437],[-173.24969500022399,30.659282699637004],[-173.25273099993564,30.646482499667798],[-173.25552400013243,30.633634599657171],[-173.25805700003045,30.620752299679054],[-173.26030000004488,30.607833900014612],[-173.26231400029081,30.594881100382622],[-173.26405300044553,30.581899599786823],[-173.26551799965588,30.568899199938244],[-173.26672400041221,30.555873899660867],[-173.26765400013193,30.542827600213741],[-173.26834100033682,30.529775599964125],[-173.26875299955123,30.516716000443182],[-173.2689060003116,30.50365260038734],[-172.40000900021511,30.500001899668064],[-172.39164700040865,29.668186200333025],[-172.37493899973498,29.668439899981536],[-172.35824599975302,29.668941499550726],[-172.34156799956347,29.66969679966769],[-172.32489000027323,29.670700100429428],[-172.30824299971459,29.671957000115583],[-172.2916259996401,29.673460000179034],[-172.27504000009586,29.675214799623461],[-172.25848400013643,29.677219400155309],[-172.24197399960033,29.679470100165133],[-172.22552500007862,29.681970600363059],[-172.20910600014173,29.684719100306381],[-172.19276400015841,29.687711699635372],[-172.17646799959843,29.69095229960908],[-172.16024799984524,29.694435099600298],[-172.14408900020712,29.698162099701278],[-172.12800599957714,29.702129399552291],[-172.11201499959247,29.706340799688292],[-172.09611500020702,29.710794399841802],[-172.08029199987581,29.715482699667007],[-172.06457499993621,29.720411300141507],[-172.04894999974263,29.725570699928028],[-172.03343199998673,29.730966599828889],[-172.01800499993072,29.736595200208455],[-172.00271599994338,29.742454500075269],[-171.98753400039374,29.748544699978083],[-171.97247300012879,29.75485800009676],[-171.95753500014007,29.761402100426722],[-171.94274899996631,29.768163699994886],[-171.92808500002266,29.775150300046448],[-171.91357399994007,29.782360100138646],[-171.89919999988001,29.789781599741161],[-171.88496399988861,29.797420499656482],[-171.87089500040386,29.805273100073634],[-171.85697899988085,29.813331600273273],[-171.84323099991065,29.821603800075479],[-171.82963599980147,29.8300800002919],[-171.81622299999137,29.838756600037186],[-171.80297899988085,29.8476372001968],[-171.78991700006941,29.856710400065026],[-171.77703899974998,29.865982100094016],[-171.76434299972956,29.875446300006899],[-171.75183100010051,29.885099399817591],[-171.73951699970968,29.894939400333215],[-171.72740200040192,29.904966399579848],[-171.71550000012482,29.915166899632879],[-171.70378100019292,29.925548599588353],[-171.69229100002954,29.936105699718439],[-171.68100000004989,29.94683460003688],[-171.66992200000021,29.957729300267147],[-171.65905799992669,29.968790099883336],[-171.64843800031338,29.980012899775659],[-171.63803099973077,29.991392099865664],[-171.62785299981601,30.002927799978124],[-171.61790499971588,30.014614099661117],[-171.60818500023748,30.026451099638678],[-171.59872400011244,30.038431199740216],[-171.58949299980202,30.050548600237846],[-171.58050499990574,30.062801399964769],[-171.57174699982411,30.075195299723475],[-171.56326299978753,30.087715100071932],[-171.55500800041881,30.100357100300073],[-171.54702800024194,30.113122900301732],[-171.53929099957989,30.126008999915541],[-171.53181500016206,30.139009499588894],[-171.52459700005144,30.152120599686043],[-171.51766999987052,30.165336600303988],[-171.51097100031134,30.178655600275874],[-171.50456199973641,30.192073799966067],[-171.49841300035959,30.205583600103182],[-171.49253800012852,30.219184899963295],[-171.48695399982716,30.232873899910714],[-171.48162799973232,30.24664309959951],[-171.4765929995672,30.260494199647724],[-171.47181699965472,30.274414099631144],[-171.46734600031758,30.288410200070814],[-171.46313500037988,30.302465400358074],[-171.45921300027968,30.316583599953333],[-171.45558200010913,30.33075709976049],[-171.45222499998368,30.344984100236161],[-171.44917300043355,30.359258700029102],[-171.44639600007525,30.37358280030611],[-171.44390899960058,30.387939500107962],[-171.44172699970119,30.40233419986356],[-171.43981899984689,30.416755700315434],[-171.43821699971468,30.431207700375239],[-171.43688999967367,30.445682500047496],[-171.43586700016186,30.460174599977961],[-171.43513499968043,30.474676099622457],[-171.4347079997743,30.489189099797272],[-171.43455499991325,30.503707899699975],[-171.4347079997743,30.518224700409746],[-171.43515000037215,30.53273959995272],[-171.43589799979279,30.547239300053775],[-171.43692000015781,30.561729399892045],[-171.43824800024493,30.576202400020861],[-171.43986500016953,30.590652499813132],[-171.44178799981626,30.605077700075924],[-171.44398500040737,30.619472499656297],[-171.44647199998275,30.633825299997739],[-171.44927999997194,30.648145699564509],[-171.45234700021382,30.66242030025677],[-171.45573399992409,30.676645299740926],[-171.45938099993313,30.690816900179925],[-171.46333299961816,30.704935099775184],[-171.4675750000861,30.718988399794966],[-171.47209199974591,30.732976900064045],[-171.47688300035011,30.746892899687737],[-171.48197899973098,30.760738399657555],[-171.48735000010234,30.77450179961852],[-171.49301100035731,30.788181300027134],[-171.49893200001171,30.801780699619712],[-171.50514200040291,30.815284700029054],[-171.51162699998599,30.828691499912907],[-171.51837199986781,30.842001000346045],[-171.52540599958712,30.855203600166135],[-171.53269999960523,30.868299499922102],[-171.54025299987597,30.881288499964455],[-171.54808000019179,30.894155499776616],[-171.55618299974557,30.906907999704572],[-171.5645289997135,30.919532800398542],[-171.5731349999802,30.932031599778668],[-171.58200099964634,30.944402699924808],[-171.59110999972663,30.956634499582606],[-171.60047900010571,30.968725200108054],[-171.61010699983811,30.980680499605512],[-171.61994900044593,30.992483099615526],[-171.63006600024565,31.004138899690588],[-171.64039599997534,31.01564029966022],[-171.6509550003729,31.026983300239237],[-171.66177400016988,31.038166000260844],[-171.67280599989689,31.049184799738839],[-171.68406700029175,31.060033800019994],[-171.69554099971728,31.070713000204933],[-171.70724499985678,31.081220599850951],[-171.71916199992629,31.091548899862005],[-171.73127700013336,31.101694099703082],[-171.74360700036269,31.111659999909193],[-171.7561489995766,31.121437100042272],[-171.76887500008112,31.131023400010065],[-171.78181499966243,31.140418999637291],[-171.79493700044213,31.149614299560426],[-171.80824299981452,31.158616999774836],[-171.82174700022381,31.167411800114621],[-171.83541900028655,31.176004399583519],[-171.84927399979517,31.184391000344533],[-171.86329699985657,31.192567800064069],[-171.87747199973293,31.200534799641446],[-171.89182999995447,31.208280600169701],[-171.90634200008316,31.21581649983176],[-171.92102099981921,31.22312930017722],[-171.93582199978539,31.230222700117679],[-171.95077499956651,31.237089200206583],[-171.965881000108,31.243728599895121],[-171.9811249998188,31.250145000091834],[-171.99648999971365,31.256330500252545],[-172.01197799988472,31.262283299934495],[-172.02757299959418,31.267999600401367],[-172.0433200000179,31.273481399946775],[-172.05914300034911,31.278726599553067],[-172.07508900005723,31.283733399676805],[-172.09114100015697,31.288497899958259],[-172.10728500000266,31.293022200314454],[-172.1235200004476,31.297300299569315],[-172.13984699973918,31.301338199798238],[-172.15624999983754,31.305128100281763],[-172.17271400005097,31.308670000120571],[-172.18927000001042,31.311962099771222],[-172.20588700008491,31.315004300308374],[-172.22256500027447,31.317798600025526],[-172.23928799984125,31.320342999729803],[-172.2560729995692,31.322631800417412],[-172.27290299957369,31.324672700285021],[-172.28976400010845,31.326456099969164],[-172.30667100006653,31.327985800004797],[-172.32359299981701,31.329263699760077],[-172.34054600009776,31.330284100231211],[-172.35751300012478,31.331052800246653],[-172.37451199982885,31.331558200350798],[-172.39151000038612,31.331817599902479]]]},"properties":{"objectid":3575,"radii":64,"stormid":"cp012026","basin":"cp","stormnum":1,"advnum":"41","validtime":"2026082215","synoptime":"2026082212","timezone":"UTC","tau":0,"ne":50,"se":50,"sw":0,"nw":45,"idp_source":"cp012026_2026082215_forecastradii","idp_filedate":1787414561000,"idp_ingestdate":1787414602000,"st_area(shape)":1.7680784806931309,"st_perimeter(shape)":5.8576525288173231,"binnumber":"CP2"}},{"type":"Feature","id":3576,"geometry":{"type":"Polygon","coordinates":[[[-173.16477999999694,34.527256000064483],[-173.22978200013912,34.028167699579797],[-173.28932200021006,34.027278899601697],[-173.34881599995836,34.025501299645384],[-173.40826400028331,34.022834799886255],[-173.46763599980147,34.019283299784604],[-173.52693200031149,34.014846800239809],[-173.58610499964595,34.009521499817481],[-173.6451569996957,34.003318800122656],[-173.70407099967682,33.996231100085367],[-173.76278700041965,33.988269800411103],[-173.82133499971039,33.979427300030011],[-173.87966899992432,33.969718900007365],[-173.93777500041585,33.959133099812846],[-173.99565100019342,33.947689099972138],[-174.05323800013352,33.935386699936373],[-174.11054999998242,33.922218300434338],[-174.16755700015537,33.908199299658122],[-174.22424299991445,33.893333400116489],[-174.28059400041272,33.877620699835575],[-174.33656300038209,33.861072499696263],[-174.39218100035282,33.843689000247309],[-174.44738800025593,33.82548520038182],[-174.50216700020681,33.806449899943061],[-174.556534000044,33.786605799618087],[-174.61044300034411,33.765956899591401],[-174.66389500025397,33.744503000213456],[-174.71684300030415,33.722255700040648],[-174.76930200028701,33.699218799608047],[-174.82124299976456,33.67540740033138],[-174.87263500000518,33.65081790042592],[-174.92349199985583,33.625472999679346],[-174.97376999998545,33.599372900439164],[-175.02346800034786,33.572524999629195],[-175.07255599955965,33.544940900302436],[-175.12104800006509,33.516624500120713],[-175.16888399999652,33.487598399946364],[-175.21609499988426,33.457855200157496],[-175.26261899956711,33.427417800191449],[-175.30848699957531,33.396286000398732],[-175.35366800027791,33.364479100230426],[-175.3981320002915,33.332004500207688],[-175.44187899961605,33.298870099975261],[-175.48489400025784,33.265083300054414],[-175.52717600037204,33.230670900241989],[-175.56869500037391,33.195629100003089],[-175.60943599957164,33.159965500407679],[-175.64941399955637,33.123710600164202],[-175.68858300000537,33.086864499996807],[-175.72694400006549,33.049434700251368],[-175.76449599969055,33.011444100365111],[-175.80123899977994,32.972892800162754],[-175.83711200021855,32.933807399791817],[-175.87214699978415,32.894184099616666],[-175.90632600034456,32.854053499969211],[-175.93963600040101,32.813415500125359],[-175.97207599990739,32.772293100246543],[-176.0036160001782,32.730686199608556],[-176.03425600031409,32.688613899811799],[-176.06399500026896,32.646099100293384],[-176.09283400008897,32.603145599789741],[-176.12074300018924,32.559768700265465],[-176.14771999957824,32.515983600263098],[-176.17376700014685,32.47180180031296],[-176.19886800025793,32.427238499857026],[-176.22300700007293,32.382305099600785],[-176.2462160001682,32.337024700429708],[-176.2684629999674,32.291400899631981],[-176.28973399972423,32.245456700066825],[-176.31002800029191,32.199195899571237],[-176.3293609997103,32.152641299556478],[-176.34770200014711,32.105812099648801],[-176.36506699964224,32.058715800194193],[-176.38143900010968,32.011367800283892],[-176.39681999984305,31.963777499632045],[-176.41119399990311,31.915969799566767],[-176.42459099987468,31.867954300350846],[-176.43696600038055,31.819749799613703],[-176.44833400031379,31.771360400062576],[-176.45872500015855,31.722818399949347],[-176.46809399963828,31.674119899813661],[-176.47645600034406,31.625293700444047],[-176.48379499973936,31.576353100115625],[-176.49014300019923,31.52730750034101],[-176.49546800024794,31.478178000114781],[-176.49980199956255,31.428974199699724],[-176.50309799957296,31.379711199612302],[-176.50541700039417,31.330409999921699],[-176.50671399995107,31.281076400355744],[-176.50700399983464,31.231735199719822],[-176.50627100020643,31.182399699886389],[-175.533142000303,31.161516200012784],[-175.53158599959414,31.126707100252645],[-175.52931199994876,31.091924699565368],[-175.52633700035221,31.05718229982341],[-175.52264400002051,31.022491499583168],[-175.51826500042935,30.987859700265119],[-175.51316800010304,30.953294799715366],[-175.50736999982556,30.918815600060043],[-175.5009000000349,30.884422300049266],[-175.49371299955521,30.850135799927386],[-175.48585499960848,30.815959900229359],[-175.47729499966442,30.781904200318706],[-175.46806300020722,30.747985799904882],[-175.45814499969191,30.714210499615035],[-175.44755599970955,30.680582000159347],[-175.43627900037549,30.647121399633022],[-175.42434699961427,30.613834399737925],[-175.4117430002392,30.580728499920497],[-175.39848300029016,30.547813400268353],[-175.38456699976715,30.515104300223413],[-175.37001000026123,30.482605000320632],[-175.35479700018135,30.450332600269405],[-175.33894300021922,30.418289199986759],[-175.32244900042096,30.386491800256522],[-175.30532799958743,30.354936599644475],[-175.28758199960953,30.323646500285918],[-175.26924100007201,30.292619699939337],[-175.25027499959148,30.261877099748517],[-175.23069799971285,30.231422400423583],[-175.2105100004361,30.201259600350397],[-175.18974299963963,30.171407700405211],[-175.16839599997533,30.141868599956069],[-175.14645399985213,30.112647999805517],[-175.12393199996174,30.083766900022567],[-175.10086099993512,30.055219699629561],[-175.07723999972612,30.027025199853256],[-175.05305499958848,29.999181700075553],[-175.02833600000633,29.971706399830623],[-175.00305200044937,29.944604900096181],[-174.97726400013343,29.917880999608599],[-174.95095800021147,29.89155200042461],[-174.9241489995766,29.865613899661867],[-174.89680500035041,29.840082199833773],[-174.86898799999614,29.814960500027212],[-174.84068299962067,29.790260299873069],[-174.81189000012333,29.765985499731187],[-174.78263900018962,29.742141699679848],[-174.75292999981957,29.718740500074148],[-174.72274800012002,29.695783599733488],[-174.69213899961505,29.673282599912227],[-174.66110200005718,29.651237499710987],[-174.62962299990144,29.629665399738542],[-174.59773299967813,29.6085586998243],[-174.56544499998668,29.587936399945022],[-174.53277599981246,29.567796699658118],[-174.49969500042386,29.548147200033384],[-174.46624800034488,29.528993600074728],[-174.43243400042871,29.510345500044934],[-174.39826999966067,29.492202800119287],[-174.36375399974722,29.474571200200899],[-174.32890299967363,29.457458500109851],[-174.2937160002931,29.440872200192018],[-174.25822400033726,29.424806599645024],[-174.22242699980612,29.409278899801507],[-174.18632499959898,29.394283300034431],[-174.14994800019997,29.379829399707148],[-174.11329699985657,29.365922899622262],[-174.07638500006763,29.352563899604434],[-174.03921500007212,29.339757899907283],[-174.00181600030808,29.327507000447838],[-173.96417200003771,29.315820699865526],[-173.9263149998373,29.304695099599314],[-173.8882449997069,29.294134100008876],[-173.84999100008451,29.284145400190198],[-173.81152299958669,29.274730699862062],[-173.77290300017324,29.265888200380289],[-173.7341000004146,29.257627500209082],[-173.69515999973413,29.249942799620669],[-173.65608199988432,29.242843599952323],[-173.61685200021955,29.236328099862078],[-173.57751500011707,29.230398199617355],[-173.53805499973836,29.225057599928448],[-173.49853500019003,29.22030450035254],[-173.45890800020396,29.216144599893539],[-173.41918899957258,29.212575900257718],[-173.37942499956401,29.209600399738804],[-173.33960000033966,29.207216299692618],[-173.29974399968577,29.205430999740997],[-173.25987200009266,29.204238899805546],[-173.219955000223,29.203645699789377],[-173.17842100042876,29.037284899778456],[-173.13525399997204,29.037927600278692],[-173.09211699999946,29.03921889993245],[-173.04902600034956,29.04115099981891],[-173.00595099963886,29.043725999855155],[-172.96295199973491,29.04694370039158],[-172.91999800010754,29.050802200261501],[-172.87713600022616,29.055303600281093],[-172.83436600009077,29.060443900265909],[-172.79170200034696,29.066221199948586],[-172.74914600018769,29.072635699877765],[-172.70672600000481,29.079679500408758],[-172.66445899968301,29.087360399562954],[-172.62233000032919,29.095670700042888],[-172.58035299989095,29.104610400050092],[-172.53857399959034,29.114172000137842],[-172.49697899968101,29.124357200024917],[-172.4555819999093,29.135162399725118],[-172.41439800006756,29.146581599861065],[-172.37344400004051,29.158617000174559],[-172.33271799973582,29.171258899678605],[-172.29226700042165,29.184509300264153],[-172.2520449999767,29.19835850004489],[-172.2120969995768,29.212810500104638],[-172.17245499979833,29.227853799913078],[-172.13308700006493,29.243486400277277],[-172.09403999984605,29.259706499855213],[-172.05529800020247,29.27650639955084],[-172.01687600002731,29.29388239955324],[-171.97880599989691,29.311828600309809],[-171.94110100041075,29.330337499676034],[-171.90373200023154,29.349410999718032],[-171.86676000037363,29.369037599905482],[-171.83015400030681,29.389213600427468],[-171.79394499966193,29.409933099932744],[-171.7581480000301,29.431188599874133],[-171.7227780003044,29.452978100159328],[-171.68781999979308,29.475288399640078],[-171.65329000013332,29.498121299658408],[-171.61921699996449,29.521463400315838],[-171.58560200023206,29.545311000002812],[-171.55245999982904,29.569658299890762],[-171.51977499981632,29.594495800440995],[-171.48759499970939,29.619815799859396],[-171.45590199957755,29.645612699866376],[-171.42471300020472,29.671878799567082],[-171.3940580002764,29.698608399957834],[-171.36392200000023,29.725789999608935],[-171.33432000006786,29.753418000240686],[-171.30525199958004,29.781482699966773],[-171.27673300012779,29.809978499608235],[-171.24877899975095,29.838893900433277],[-171.22139000024825,29.868223199840941],[-171.19459500025897,29.897958800358481],[-171.168381000083,29.928085300196585],[-171.14276100031984,29.95859910026843],[-171.11772200036995,29.989496200389453],[-171.09332300025619,30.020757700407671],[-171.06951899970201,30.052377699871101],[-171.04635599992938,30.084350599600612],[-171.02383400003899,30.116664899965315],[-171.00192300044603,30.149309200259552],[-170.98068200027402,30.182275799588638],[-170.96008300003035,30.215551399677508],[-170.94015500015306,30.249132199991152],[-170.92089799974281,30.283006699999362],[-170.90229799995265,30.317161599628264],[-170.88439900011369,30.35158919978187],[-170.86717199978787,30.386280099846886],[-170.85064700035869,30.421218899832525],[-170.83480800018899,30.456401800103151],[-170.81967200006267,30.491819400045415],[-170.80525199967997,30.527448700397372],[-170.7915500000324,30.563291499803029],[-170.77854900033603,30.599332800268655],[-170.76628100026787,30.635568599811165],[-170.75474499978185,30.671979900252325],[-170.74392700003094,30.708555200162493],[-170.73385599965459,30.745281200367231],[-170.72453299959818,30.782161699602909],[-170.7159420000232,30.819169999695873],[-170.70808400007647,30.856298399751495],[-170.70098900024209,30.893547100318585],[-170.69465599957465,30.930889100152001],[-170.68907200017259,30.968324699625327],[-170.68423500014507,31.005832699919324],[-170.6801610002299,31.043409299599659],[-170.676849000381,31.081039399948509],[-170.67431599958363,31.118719099706823],[-170.67253100000556,31.156429299972388],[-169.31056200023605,31.17053599993659],[-169.30935700042517,31.228565200124024],[-169.3093259998949,31.286607700385218],[-169.31048600032858,31.344636899673333],[-169.3128359998814,31.402647000059176],[-169.31637600035205,31.460603699601222],[-169.32110599994186,31.518507000098111],[-169.32701099975776,31.576328300410864],[-169.33412200032998,31.634050400106048],[-169.34240700018285,31.691659900184391],[-169.35189799989271,31.749139799862007],[-169.36256399982867,31.806469000144375],[-169.3744349995755,31.863622700427413],[-169.38746599975602,31.920600899811802],[-169.40170299979354,31.977367399685875],[-169.4170990002186,32.033920299782153],[-169.43370099960137,32.090232800303625],[-169.45147700006342,32.14628600019887],[-169.47041300005984,32.202064500376537],[-169.49052400028231,32.257556900130965],[-169.51179500003914,32.31274409966062],[-169.53422500018354,32.367595700081665],[-169.5578309997008,32.422115299581549],[-169.58258099981322,32.47626499983005],[-169.60845899978293,32.530044600278245],[-169.63549800023245,32.583431199690267],[-169.66365099989366,32.636402100077021],[-169.69293200031149,32.688942000373174],[-169.72334299977953,32.741043099859326],[-169.75485200041942,32.79267880018665],[-169.78745999957923,32.843837699750168],[-169.8211819997494,32.894504500182677],[-169.85597199970795,32.944664000243563],[-169.89184600019269,32.994285599600857],[-169.92878700041965,33.043373099688949],[-169.96678199978939,33.091899900360261],[-170.00581400021585,33.139850599825479],[-170.04589799969284,33.18721770043669],[-170.08698999978859,33.233974500423017],[-170.12910500029545,33.280116999600011],[-170.17221099973776,33.325618700342886],[-170.21630899996029,33.370471999783092],[-170.26136800043281,33.414657600268185],[-170.30740400009446,33.458167999653597],[-170.35438500016755,33.500984199761149],[-170.40231299984498,33.543094600235747],[-170.45112599986493,33.584484099661609],[-170.50086999965069,33.625133500211007],[-170.55149799973282,33.665035199914712],[-170.60301200020356,33.704177899690478],[-170.65536499979484,33.742549900257814],[-170.70857200009766,33.780128500030401],[-170.76260399977468,33.816909800447092],[-170.81742900004824,33.852878600267331],[-170.87307699960377,33.888019600224538],[-170.9294740004247,33.9223328003186],[-170.98663300041255,33.955799099848718],[-171.04453999982107,33.988399499737284],[-171.10314900012617,34.020133999984239],[-171.16247600026713,34.050991100059377],[-171.22247299982899,34.08095549979663],[-171.28314199980338,34.1100196997495],[-171.34445199965998,34.138172099562894],[-171.40638699956031,34.165412899785622],[-171.46891799996564,34.191715199896692],[-171.53204299988445,34.217086799716185],[-171.59573399982415,34.24150849961768],[-171.65995800006158,34.264976499965655],[-171.7246860001587,34.287483199690087],[-171.78993199986184,34.309017199884011],[-171.85565199983984,34.329574600187811],[-171.92181400041571,34.349151600066421],[-171.98843399962931,34.367736799713668],[-172.0554500000174,34.385322599858227],[-172.1228490000812,34.401905100140425],[-172.19062799968236,34.417480500025192],[-172.25874300038907,34.432041200241315],[-172.32716399991858,34.445583300429121],[-172.39590499981583,34.458099400067397],[-172.46490499996571,34.469589199681991],[-172.53416400036824,34.48004529965101],[-172.60363799989369,34.489467600149794],[-172.6733250002485,34.497852299744011],[-172.7431790002106,34.505195599697288],[-172.81320199987232,34.511489899839148],[-172.88334699976414,34.516742699616032],[-172.95359800004758,34.520946499581441],[-173.023941000077,34.524101299735321],[-173.09434500022149,34.526199300257645],[-173.16477999999694,34.527256000064483]]]},"properties":{"objectid":3576,"radii":34,"stormid":"cp012026","basin":"cp","stormnum":1,"advnum":"41","validtime":"2026082300","synoptime":"2026082212","timezone":"UTC","tau":12,"ne":200,"se":130,"sw":120,"nw":170,"idp_source":"cp012026_2026082215_forecastradii","idp_filedate":1787414561000,"idp_ingestdate":1787414602000,"st_area(shape)":25.630523463855422,"st_perimeter(shape)":20.490614959637266,"binnumber":"CP2"}},{"type":"Feature","id":3577,"geometry":{"type":"Polygon","coordinates":[[[-173.18623400009895,32.530899000288798],[-173.21205099995362,32.36454390018099],[-173.23609900006872,32.364181500376105],[-173.26016199997625,32.363460500401914],[-173.28417999960723,32.362384799718882],[-173.30818200029901,32.36095049976592],[-173.3321529995612,32.359153700183242],[-173.3560639996538,32.357006100251454],[-173.37994400011544,32.354499800325641],[-173.4037629995627,32.351635000055353],[-173.42752099979424,32.348411599615758],[-173.45120200007216,32.344840999712517],[-173.47480799958944,32.340915699999698],[-173.49832200026003,32.336635599753265],[-173.52174400028531,32.332008399867902],[-173.54507399966528,32.327026400348245],[-173.56828299976056,32.32170489956161],[-173.5913699996257,32.31603620021059],[-173.61434899990635,32.310016599786422],[-173.63717700041815,32.303661300428814],[-173.65988199975442,32.296966599629002],[-173.68243400012892,32.289936100071088],[-173.7048489995816,32.282566100145573],[-173.72709700032624,32.274864200022932],[-173.74917599957266,32.266830399703338],[-173.77108800011104,32.258464799910712],[-173.7928009995664,32.249778699727358],[-173.81434600026762,32.240764599706665],[-173.83569299993192,32.231437700189872],[-173.85684200035794,32.221790300282294],[-173.87776200011615,32.211826300343603],[-173.89849900042844,32.201553299645184],[-173.9190060000268,32.190975200345349],[-173.93928499990275,32.180091899921365],[-173.95933500001016,32.168903400171928],[-173.97914099965735,32.157421100003887],[-173.99870299974356,32.145641299606439],[-174.01802100026887,32.133571600049436],[-174.03707899959608,32.121215800069251],[-174.05587799956996,32.108581499836475],[-174.07440200035197,32.095668800075202],[-174.09265100014346,32.082477600061338],[-174.11062599988992,32.069019299601166],[-174.12829599996036,32.05529019978303],[-174.14570599973203,32.041305500048907],[-174.16281099982771,32.027061499688614],[-174.17959599955566,32.012557999951866],[-174.19609100029936,31.997808499662654],[-174.21226499972988,31.982820500066168],[-174.22814900017613,31.967588400184638],[-174.24368299977056,31.952125500091881],[-174.25889599985044,31.936433799880092],[-174.27378800041581,31.920515099992031],[-174.28834499992175,31.904373200063276],[-174.30255100032832,31.888021499992362],[-174.31643700036719,31.871461900046768],[-174.32995599966958,31.854692499959071],[-174.34312399987263,31.837722800167228],[-174.35594200012312,31.820566199670509],[-174.36839299963714,31.803216899640347],[-174.38049300005184,31.785684600164302],[-174.39222699977614,31.767972900329255],[-174.40357999991699,31.750091600047426],[-174.41456600022065,31.73204039984472],[-174.42518599983396,31.71383290016837],[-174.43541000007136,31.695463199667074],[-174.44526699957231,31.676950499765894],[-174.45472699965123,31.658286999745371],[-174.46380600014672,31.639493900223442],[-174.47248800032088,31.620563500305423],[-174.48077400021987,31.601501499894425],[-174.48867799958992,31.582324999599223],[-174.4961699997456,31.563034100143739],[-174.50328100031783,31.54362869990473],[-174.50997899983091,31.524122199679937],[-174.5162809999681,31.504522300363988],[-174.52217099999157,31.484827000066161],[-174.52766399969374,31.465053599943815],[-174.53274500018154,31.445196200444457],[-174.53739899986388,31.425260499672447],[-174.54167199996274,31.405265799776998],[-174.54551700010938,31.385209999941708],[-174.54895000014233,31.365096999626985],[-174.55197100006154,31.34493830026247],[-174.55458099991313,31.324741400395453],[-174.55679300029666,31.304500600122765],[-174.5585630000823,31.284231199610304],[-174.55992099975427,31.263942700195628],[-174.56088300005032,31.243633299637224],[-174.56141700039419,31.223316199982776],[-174.56153899972497,31.202993400425214],[-174.36682099998907,31.186019900098472],[-174.36625700006044,31.168609599953243],[-174.3653260002946,31.151206999803321],[-174.36404399963081,31.133819599994695],[-174.36241099986768,31.116455099623295],[-174.36042800015201,31.099113499588498],[-174.35807799969984,31.081811899599643],[-174.35540799977929,31.064540899942699],[-174.35235600022915,31.047315600234924],[-174.34896899961956,31.03013799966908],[-174.34522999986453,31.013013799947032],[-174.34114100015697,30.995948799897349],[-174.33671600024314,30.978948599598311],[-174.33195500012309,30.962009400313718],[-174.32682800021198,30.945154200406193],[-174.32138099993313,30.928371400419962],[-174.31558199960952,30.911678299713913],[-174.3094480000251,30.895067200091376],[-174.30299400007297,30.878551499652133],[-174.29618800007606,30.862138699641434],[-174.28906199971144,30.845828999708715],[-174.28161599987843,30.82962799993237],[-174.27381900004673,30.813535700312457],[-174.26573200033147,30.797569300383032],[-174.25729399971823,30.781723000416264],[-174.24855000028222,30.766004600232236],[-174.23950200031697,30.750417699817149],[-174.23011800014552,30.734972000157825],[-174.22045899988285,30.719665500262749],[-174.21046400031329,30.704505900127344],[-174.20018000000692,30.689498899654666],[-174.18957500018604,30.674642600375876],[-174.17871100011249,30.659952199934196],[-174.1675259996251,30.645423899593425],[-174.15605200019957,30.631067299616348],[-174.14431799957595,30.616880399910656],[-174.13227800012953,30.602874799932238],[-174.1199489999463,30.589054099667123],[-174.10737600020218,30.575407000033181],[-174.09449799988272,30.561958299835794],[-174.08137499995621,30.54870799997434],[-174.06799299977703,30.535648299729417],[-174.05433699955282,30.522790900180041],[-174.04043599972152,30.510141399606027],[-174.02629100032934,30.497699699981297],[-174.01188699978513,30.485473600226612],[-173.99723799963391,30.473459199982244],[-173.98236099976026,30.461671800313468],[-173.96725500011809,30.4500998997907],[-173.95191999980807,30.43876269983889],[-173.936339999891,30.427656200273589],[-173.92056299988246,30.416780500020195],[-173.9045719998978,30.406141299881256],[-173.88836699993703,30.395746200027247],[-173.87194800000012,30.385589600379888],[-173.85533099992563,30.375682800021366],[-173.83853100040528,30.366024000307505],[-173.82154799964039,30.356618900242211],[-173.80436699963724,30.347471199636288],[-173.78700300018824,30.338573499767335],[-173.76947000014033,30.329944600063413],[-173.75178500027747,30.321573300367675],[-173.73391700006943,30.313468899670113],[-173.71589700004645,30.305635499778646],[-173.69770800032387,30.298067100416517],[-173.67939800041731,30.290773399872648],[-173.66091899991184,30.283750499586006],[-173.64231900012169,30.277017600082331],[-173.62359600005527,30.270547899765916],[-173.60473599996635,30.264368100407637],[-173.5857539996473,30.258466699678593],[-173.56666599983595,30.252847699561812],[-173.54745499974837,30.247516600310973],[-173.5281519999148,30.242477400311941],[-173.50875900042746,30.237722399569236],[-173.48927300024869,30.233255400416567],[-173.46969600037005,30.229085899694667],[-173.4500429996846,30.225202600120042],[-173.4303129999449,30.221620600410517],[-173.41052200009017,30.218328499860547],[-173.39065600037404,30.215335799807463],[-173.37074300028917,30.212634999905447],[-173.3507690000892,30.210237499960783],[-173.33074999961272,30.208133699710629],[-173.31071500019704,30.206335099685248],[-173.29061899976696,30.204832099621854],[-173.27050800044378,30.203626599787867],[-173.25038100038279,30.202724499736007],[-173.23023999967617,30.202123599724473],[-173.21008300003035,30.20182420012685],[-173.18992600038453,30.20182420012685],[-173.16978499967792,30.202123599724473],[-173.1496280000321,30.202724499736007],[-173.1295009999711,30.203632400415074],[-173.1093899997486,30.204832099621854],[-173.08931000005637,30.206335099685248],[-173.06924400011044,30.208133699710629],[-173.04924000032568,30.210237499960783],[-173.02928199996424,30.212634999905447],[-173.00936899987937,30.215335799807463],[-172.98950200011714,30.218332300395502],[-172.96971100026238,30.221620600410517],[-172.94996599983097,30.225202600120042],[-172.93031300004483,30.229085899694667],[-172.9107360001662,30.233262999687838],[-172.89125100003355,30.237722399569236],[-172.87184099976224,30.242477400311941],[-172.8525389999748,30.247516600310973],[-172.83334399972574,30.252851500096767],[-172.81425499986827,30.258466699678593],[-172.79527300044853,30.264368100407637],[-172.77642800015201,30.270547899765916],[-172.75769000029319,30.277017600082331],[-172.73908999960372,30.283758199581371],[-172.7206269998361,30.290779099775762],[-172.70230100009101,30.298070900052153],[-172.68412800020698,30.305635499778646],[-172.66610700013786,30.313468899670113],[-172.64823899992982,30.32157710000331],[-172.63053900027458,30.329944600063413],[-172.61300700027277,30.33857730030229],[-172.59564199987832,30.347471199636288],[-172.57847599966757,30.356622699877846],[-172.5614620001711,30.36602779994314],[-172.54466199975141,30.375686599657001],[-172.52806100041477,30.385597199651158],[-172.51164199957853,30.395746200027247],[-172.49545300035561,30.406141299881256],[-172.4794459996331,30.416782400287673],[-172.46365399983216,30.427656200273589],[-172.44810500044534,30.43876269983889],[-172.43275500034292,30.450107599786065],[-172.4176479997553,30.461673699681626],[-172.40275600008925,30.473466899977609],[-172.38813799956895,30.485477399862248],[-172.37371800008555,30.497703600341026],[-172.35957299979404,30.510145200141039],[-172.34567300000887,30.522794699815677],[-172.33201599973853,30.535648299729417],[-172.31863399955935,30.54870799997434],[-172.30549599984045,30.561965900006442],[-172.29264800000513,30.575414700028546],[-172.28004499977683,30.589054099667123],[-172.26774600007778,30.602878599567873],[-172.25570699977814,30.616888000081303],[-172.24395800026142,30.631071100151303],[-172.23248299989046,30.645431499764072],[-172.2213130000948,30.659955999569888],[-172.21041900043645,30.674650199647147],[-172.19982900040796,30.689498899654666],[-172.18954500010159,30.704511600030457],[-172.17956500032443,30.719667399630907],[-172.16989100026936,30.734973900425302],[-172.16052199989031,30.750421500352104],[-172.15145900013266,30.766008399867928],[-172.14271499979733,30.781726800051899],[-172.13429299992194,30.797573100018667],[-172.12619000036815,30.81354140021557],[-172.11840800032888,30.829629900199905],[-172.11094699980413,30.845828999708715],[-172.10383600013122,30.862146399636799],[-172.09703100018044,30.878559099822724],[-172.09056100038978,30.895070999727011],[-172.08442699990604,30.911682100248868],[-172.07864400032028,30.92837910041527],[-172.07318100020291,30.945159900309307],[-172.06806900008422,30.962020899944719],[-172.06329300017174,30.978948599598311],[-172.05886800025792,30.995952600432304],[-172.05479400034275,31.013017700306762],[-172.05104099994213,31.030141800204035],[-172.04765300018573,31.04731939987056],[-172.0446169995748,31.064544699578391],[-172.04193099981572,31.081815700134598],[-172.03958100026287,31.09911920039093],[-172.0376130003396,31.11645890015825],[-172.03596499988475,31.13382339963033],[-172.03469799991268,31.151206999803321],[-172.03376800019299,31.168613399588878],[-172.03318800042581,31.186027500269063],[-171.64396700007691,31.202251400381954],[-171.64405799977681,31.225481000348054],[-171.64463800044328,31.24870109987603],[-171.64567599974751,31.271917299943595],[-171.64718600013373,31.295104999596219],[-171.64916999989549,31.31826590035115],[-171.65162699988605,31.34140010023458],[-171.6545719998978,31.364490500436375],[-171.65799000013831,31.387535099965021],[-171.66186499986978,31.410522499913611],[-171.66621399987611,31.433454499825473],[-171.67103600011123,31.456312200447826],[-171.67633099967583,31.479097400424848],[-171.68209800032238,31.501800500392903],[-171.68832399965279,31.524412199563528],[-171.69502300011129,31.546928399726028],[-171.70216400026831,31.569341700359303],[-171.70977799975481,31.591642399577211],[-171.71784999967767,31.613828699634951],[-171.7263949998293,31.635887099909894],[-171.73538199967948,31.657819700319067],[-171.74482699996599,31.679611199797193],[-171.75471499999716,31.701259600050662],[-171.7650600004186,31.722757300009505],[-171.77583299989294,31.74409869959544],[-171.78706399980368,31.765275999887649],[-171.79870599978199,31.786277800180471],[-171.81082200003519,31.807109800377134],[-171.82334900035602,31.827754999693639],[-171.8362879998912,31.848207500375963],[-171.84967000007038,31.868465400358104],[-171.86348000020178,31.888519299925917],[-171.87768599970903,31.908365199794275],[-171.89231900002176,31.927993800073978],[-171.90734899975646,31.947402999948622],[-171.92279099960487,31.96658899978263],[-171.93862899972848,31.985534699866662],[-171.95484900038099,32.004241899744045],[-171.97148100024788,32.022708899696113],[-171.98847999995195,32.040920299732193],[-172.0058590000927,32.05887600002751],[-172.02362099990916,32.076572399696659],[-172.04174800036984,32.093994099648114],[-172.06022599992988,32.111148799877355],[-172.07907100022641,32.128025099678723],[-172.09826699962227,32.144615200131511],[-172.11781299986998,32.160919200161118],[-172.13769500032393,32.176925699961203],[-172.15791300008482,32.192630800071527],[-172.17845200025954,32.2080344995926],[-172.19932599969505,32.223125500341723],[-172.22050499970589,32.237907399606968],[-172.24198900029205,32.252368900104784],[-172.26379400039272,32.26651000003659],[-172.28587299963914,32.280326799942031],[-172.30824299971459,32.293804200203795],[-172.33090199962751,32.306945799908874],[-172.3538359996316,32.31975169978125],[-172.37704499972688,32.332210500014696],[-172.4004970002363,32.344318400074258],[-172.42421000019127,32.356079099770795],[-172.44815099986866,32.367481200197403],[-172.47235099979872,32.378528599915114],[-172.49676499970491,32.389205899832575],[-172.52142300007131,32.399520899769868],[-172.54629500041386,32.409469600441867],[-172.57136499999467,32.419040700068422],[-172.59661899996681,32.428234099724079],[-172.62208599986891,32.437053699768569],[-172.6477200002777,32.44548799967157],[-172.6735380001785,32.453540799968096],[-172.69953900042447,32.461208300123076],[-172.72566200000122,32.468482999790751],[-172.75196799992318,32.475364700220894],[-172.77839700012137,32.481857299974536],[-172.804962000296,32.487957000315475],[-172.83166499963994,32.493652299813903],[-172.85849000011333,32.498954799724345],[-172.88539099959488,32.503852799866991],[-172.912415000252,32.508346599715935],[-172.93952899966354,32.512439700332038],[-172.96673599976651,32.516124700294824],[-172.99400299993843,32.519401599604294],[-173.02133200027151,32.522274000045229],[-173.04873699961277,32.524734500197155],[-173.07615699964575,32.526786799871047],[-173.10365299958619,32.528434800325897],[-173.13116500026447,32.529670699942983],[-173.15869099978974,32.530490899635481],[-173.18623400009895,32.530899000288798]]]},"properties":{"objectid":3577,"radii":50,"stormid":"cp012026","basin":"cp","stormnum":1,"advnum":"41","validtime":"2026082300","synoptime":"2026082212","timezone":"UTC","tau":12,"ne":80,"se":60,"sw":60,"nw":70,"idp_source":"cp012026_2026082215_forecastradii","idp_filedate":1787414561000,"idp_ingestdate":1787414602000,"st_area(shape)":4.7088556803162298,"st_perimeter(shape)":8.3608279416216025,"binnumber":"CP2"}},{"type":"Feature","id":3578,"geometry":{"type":"Polygon","coordinates":[[[-173.19403099993062,31.782268500191265],[-173.20599400032279,31.782268500191265],[-173.21794099997709,31.782091099924457],[-173.22988899967751,31.781736400114937],[-173.24182100043873,31.781200399678823],[-173.25375400034676,31.780487099700053],[-173.26565599972454,31.779594400261487],[-173.27755699995552,31.778526299749103],[-173.28941299990996,31.777278899601697],[-173.30125400007196,31.775857899722439],[-173.31306499974986,31.77425770003299],[-173.3248289999583,31.772481899620118],[-173.33656299968263,31.77053069993201],[-173.34825099998358,31.768404000244573],[-173.35989400000801,31.766105700018159],[-173.37148999966368,31.763629899700277],[-173.3830260001497,31.760982499742738],[-173.39450099962136,31.758169200048712],[-173.40594500036141,31.755172700359992],[-173.41729699955681,31.75201800003083],[-173.42858899958259,31.748691600237294],[-173.43980399965477,31.745195400347598],[-173.45094299981952,31.741529500186402],[-173.46202099986917,31.737701400099695],[-173.47300700017286,31.733705500008966],[-173.48391699966973,31.729553199720556],[-173.49473600036606,31.725229299792488],[-173.50546300041705,31.720748899842022],[-173.51608300003036,31.716112099693817],[-173.52661099989766,31.711317099804432],[-173.53703300027266,31.706361800257014],[-173.54736300000238,31.701251999880014],[-173.55758700023981,31.695989599840289],[-173.56768800020097,31.690572699870359],[-173.57769799956296,31.685012799601168],[-173.5875699997556,31.679296500033615],[-173.59732099976426,31.673442800245198],[-173.60696400018838,31.667436599719451],[-173.61646999969065,31.661292999872217],[-173.62583900006973,31.655002600090086],[-173.63508600021865,31.648580599814977],[-173.64421100013746,31.642011599955538],[-173.65319799998764,31.635312999695316],[-173.66201800023046,31.628482799841493],[-173.67071500019702,31.621521000394011],[-173.67927600018717,31.614431400089188],[-173.68766799957845,31.607210200190707],[-173.69592299984649,31.599868799605588],[-173.70400999956175,31.592409100399834],[-173.71196000015379,31.584821700161456],[-173.71974200019307,31.577123599674508],[-173.72737100037131,31.569307300391756],[-173.73483300004284,31.56137660015014],[-173.74212600001482,31.553337099927376],[-173.74925200037944,31.545192700083192],[-173.75621000019129,31.53694150035011],[-173.76300000034965,31.528589199731925],[-173.76962300000136,31.520132100216415],[-173.77604700036869,31.511581400161617],[-173.78231799997565,31.502933499581502],[-173.78840600013672,31.494197799988626],[-173.79431199999871,31.485366800137854],[-173.80003400036875,31.476453800102945],[-173.80555699965572,31.467454900423434],[-173.81091300023471,31.458373999660523],[-173.81608599956914,31.449214900147695],[-173.8210449998268,31.43997960017856],[-173.825836000431,31.430673600006799],[-173.83042899999828,31.421297100181164],[-173.83482400032727,31.411853799613311],[-173.83903500026497,31.402339899566869],[-173.84303300027267,31.392770800032565],[-173.84684799993516,31.383146299562213],[-173.85044899962156,31.37346079987617],[-173.85386699986208,31.363727600148763],[-173.85707100012647,31.353940999577617],[-173.86009200004568,31.344104799596948],[-173.8629000000349,31.334236099916211],[-173.86550899984039,31.324314100115771],[-173.86790499971588,31.31436729971125],[-173.87010200030699,31.304376599800378],[-173.87210099986117,31.294357299649789],[-173.87388600033856,31.284309400158861],[-173.87547299977905,31.274238600331273],[-173.87686199998123,31.264142999899661],[-173.87802100036879,31.254032100201414],[-173.87898299976555,31.243902199626973],[-173.87973000003939,31.233758900053317],[-173.88028000022175,31.22360610004165],[-173.88063000017431,31.21344950039429],[-173.88076800024294,31.203287100119724],[-173.20001199965398,31.200000800196904],[-173.19410699983808,30.617731100110348],[-173.18229700020632,30.617904699842143],[-173.17048599962911,30.61825939965172],[-173.15870699962827,30.618785899649708],[-173.1469269995813,30.619493499725365],[-173.13514700043365,30.620374700432251],[-173.12341299981003,30.621429400146837],[-173.1116790000857,30.622659699685528],[-173.09999099978472,30.62406540029815],[-173.08831800017549,30.625646600010725],[-173.07669099998958,30.62740329972263],[-173.06509400028781,30.629325900070398],[-173.05354300000937,30.631429700320552],[-173.04202300026117,30.63369940030725],[-173.03056299968262,30.636144600293221],[-173.01915000037215,30.638761499743566],[-173.00779700023131,30.641544299829718],[-172.9964900004131,30.644502599915199],[-172.9852599996492,30.64762309992625],[-172.97406000026874,30.650911300116547],[-172.96296700042666,30.654365499868049],[-172.95192000000793,30.657991399983246],[-172.94096400018839,30.661775599664338],[-172.93008400027631,30.665723799713703],[-172.91928100031782,30.669834099863976],[-172.90855400026683,30.674104699672284],[-172.89790300012328,30.678533599945808],[-172.88735999956424,30.683122600227989],[-172.87692300029616,30.687869999900727],[-172.8665769998286,30.692770000135567],[-172.85630800021397,30.697824500300612],[-172.84616099993013,30.703033399671824],[-172.83612100008401,30.708391199794164],[-172.82618699973017,30.7138957998514],[-172.81635999981407,30.719549199935784],[-172.8066560001742,30.725351300222485],[-172.79707299981902,30.731292700098152],[-172.78759799994765,30.737379100365331],[-172.77825900005274,30.743604700396759],[-172.76904300043404,30.749969500192435],[-172.75994900014615,30.75647349975236],[-172.75099199988082,30.763107300261822],[-172.742171999638,30.769876500000635],[-172.73347499967142,30.776779199600526],[-172.72494500021151,30.783809700057759],[-172.71653700008241,30.790962199845808],[-172.70828199981437,30.798242600315916],[-172.70018000030669,30.805643099849306],[-172.69222999971464,30.813167599705082],[-172.68441800009055,30.820806499620403],[-172.67675800028141,30.828561799687463],[-172.66928099991813,30.836427700178376],[-172.66194199962351,30.844400399658866],[-172.65476999983554,30.852487599922938],[-172.64778100039277,30.860683399619347],[-172.64093000011934,30.868980400025578],[-172.63426200019109,30.877376600150114],[-172.62776199991629,30.885869999900706],[-172.62142900014817,30.894458799733968],[-172.61527999987203,30.903144800092605],[-172.60931399994107,30.911916700095787],[-172.60349999982506,30.920780199646629],[-172.59788499989276,30.929727599649141],[-172.59245300030565,30.938756900011072],[-172.58720400016441,30.947864499846958],[-172.58213800036836,30.957052199599502],[-172.57724000022574,30.966312399997378],[-172.57255600005928,30.9756431998739],[-172.56805400019189,30.985044500303616],[-172.56375099960886,30.994512599676852],[-172.55961599957865,31.004043600332011],[-172.55571000021627,31.01363369993544],[-172.55197099956192,31.023281099843018],[-172.54843099999059,31.032980000326916],[-172.54510500039538,31.042732200031139],[-172.54196200024603,31.052530300233286],[-172.53901700023431,31.062375999752703],[-172.53628500015256,31.072263700309691],[-172.53375200025454,31.082195300372973],[-172.53141799964089,31.092159300311607],[-172.52928200006417,31.102151899590638],[-172.52735900041745,31.112182600446772],[-172.52563500005513,31.122240100200599],[-172.52410899983039,31.132314699663823],[-172.5227969995818,31.142415999998548],[-172.5216830003701,31.152538300402398],[-172.52078200018909,31.162671999713154],[-172.52009600003029,31.172817199554288],[-172.51960800000913,31.18296619993032],[-172.51933299991794,31.193126699937409],[-172.51925700001047,31.203290899755359],[-172.519394000033,31.213453300029926],[-172.51973000023924,31.22361370021224],[-172.5202790003755,31.233762699689009],[-172.52102699979613,31.243906000161928],[-172.52200299983849,31.254032100201414],[-172.52316300027218,31.264146800434617],[-172.52455100042826,31.274238600331273],[-172.52612300007632,31.284313199794497],[-172.52792400039223,31.294361100184744],[-172.5299070001079,31.304380400335333],[-172.53210399979969,31.31436729971125],[-172.53451500036689,31.324317899751406],[-172.53712500021851,31.334236099916211],[-172.5399320001616,31.344112399767596],[-172.54293800028842,31.353944800112572],[-172.54615800039133,31.363727600148763],[-172.54957599973253,31.373468400046761],[-172.55317700031824,31.383146299562213],[-172.55699199998074,31.392776499935678],[-172.56098899994231,31.402345700194076],[-172.56520099992613,31.411853799613311],[-172.56959500020901,31.421297100181164],[-172.57418799977629,31.430673600006799],[-172.57896399968877,31.439983399814196],[-172.58393899978495,31.449218799608047],[-172.58909600018018,31.458373999660523],[-172.59445199985984,31.467454900423434],[-172.59999099988465,31.476453800102945],[-172.6057130002547,31.485370599773489],[-172.61161800007056,31.494197799988626],[-172.61769100043924,31.502933499581502],[-172.62396200004619,31.511585199797253],[-172.63040200025205,31.520132100216415],[-172.63702399985763,31.528589199731925],[-172.64381400001602,31.536945299985746],[-172.65077199982787,31.545196499718827],[-172.65789800019249,31.553340899563011],[-172.66519200021057,31.561380399785776],[-172.672652999836,31.569311100027392],[-172.68028300006034,31.577127500034237],[-172.68806500009961,31.584829300332103],[-172.69601399974621,31.592409100399834],[-172.70411700019932,31.599874500408021],[-172.71234099993711,31.607217800361354],[-172.72074900006623,31.614433300356666],[-172.72929400021786,31.621522899762169],[-172.73800700002295,31.628486600376448],[-172.74684100001207,31.635316800230271],[-172.75581400011595,31.642017399683368],[-172.76492300019623,31.648580599814977],[-172.77417000034515,31.655008299993199],[-172.78355399961731,31.661292999872217],[-172.7930600000189,31.667440400254407],[-172.80270399958982,31.673442800245198],[-172.81245399955236,31.679304100204206],[-172.82232699979113,31.685012799601168],[-172.83232100021391,31.690580399865723],[-172.8424380000136,31.695989599840289],[-172.85264600041251,31.701251999880014],[-172.86297600014223,31.706361800257014],[-172.87339799961791,31.711317099804432],[-172.88394200022304,31.716112099693817],[-172.89456199983636,31.720756500012612],[-172.90528899988735,31.725229299792488],[-172.91610699963826,31.729553199720556],[-172.92700200024206,31.733713200004331],[-172.93800400038424,31.737701400099695],[-172.94906599969605,31.741533299822095],[-172.96021999965319,31.745195400347598],[-172.9714359997715,31.748691600237294],[-172.98272699975115,31.75201800003083],[-172.99409499968442,31.755180400355357],[-173.00550799989421,31.758169200048712],[-173.01699800005758,31.760982499742738],[-173.02853399964428,31.763629899700277],[-173.0401310002454,31.766105700018159],[-173.0517730002237,31.768407799880208],[-173.06346099962536,31.77053069993201],[-173.07519500024898,31.772481899620118],[-173.08697500029595,31.77425770003299],[-173.09877000013532,31.775857899722439],[-173.11059599960564,31.777278899601697],[-173.12246700025179,31.778526299749103],[-173.13435399983715,31.779594400261487],[-173.14627099990665,31.780487099700053],[-173.15818799997615,31.781200399678823],[-173.17013499963045,31.781736400114937],[-173.18206800043779,31.782091099924457],[-173.19403099993062,31.782268500191265]]]},"properties":{"objectid":3578,"radii":64,"stormid":"cp012026","basin":"cp","stormnum":1,"advnum":"41","validtime":"2026082300","synoptime":"2026082212","timezone":"UTC","tau":12,"ne":35,"se":35,"sw":0,"nw":35,"idp_source":"cp012026_2026082215_forecastradii","idp_filedate":1787414561000,"idp_ingestdate":1787414602000,"st_area(shape)":0.93151892079363796,"st_perimeter(shape)":4.235029718607513,"binnumber":"CP2"}},{"type":"Feature","id":3586,"geometry":{"type":"Polygon","coordinates":[[[-175.99295000024225,34.665451000363532],[-176.00529500026397,34.49909209972077],[-176.01586899955461,34.498939500058043],[-176.02642799995215,34.498630500197578],[-176.03698700034971,34.498172800134739],[-176.04751600026313,34.497566200220092],[-176.05804400013042,34.49679569976189],[-176.06857300004384,34.495880099986778],[-176.07905599963459,34.494815800009292],[-176.08952300028616,34.493591300198489],[-176.09995999955427,34.49222179999623],[-176.11035200034448,34.490699799955962],[-176.12074300018924,34.489028900063829],[-176.13105800012653,34.487209299969379],[-176.1413570002253,34.485237100212146],[-176.15161100004755,34.483119999888231],[-176.16181900044643,34.48084640044118],[-176.17196699987707,34.478435499698719],[-176.18206799983824,34.475872000192794],[-176.19210799968437,34.473167399755823],[-176.20210300015327,34.470314000191081],[-176.21202099976924,34.467319499695293],[-176.22187800016951,34.464179999707369],[-176.23165899976294,34.460899399687719],[-176.24137900014068,34.457477599811511],[-176.25102199966548,34.45391850043859],[-176.26057400038974,34.450210600139258],[-176.27006500009961,34.446372999614368],[-176.27944900027106,34.442398099592765],[-176.2887730003736,34.438285800249616],[-176.29798899999227,34.434043899606422],[-176.30711399991108,34.429664599641683],[-176.31616199987633,34.42515949981123],[-176.32510400034926,34.420516999759855],[-176.33393900038448,34.415744800382356],[-176.34266699998199,34.410854299686321],[-176.35130299983351,34.405834200388199],[-176.35981800040031,34.400688199600893],[-176.36822499958399,34.395420099657997],[-176.37651100038229,34.390037499830896],[-176.38468899979742,34.384525299603013],[-176.39276099972028,34.378902400025879],[-176.40069599962061,34.373161299854246],[-176.40850800014402,34.367305799623125],[-176.41619899958408,34.361339600042641],[-176.42375199985483,34.355262800038361],[-176.43118299989544,34.349075299785397],[-176.43847699991355,34.342784900003267],[-176.44564799965539,34.336387599608202],[-176.45266699958228,34.329891200218867],[-176.45954900038598,34.323291799676952],[-176.4662930002217,34.316593200316106],[-176.47288500024248,34.30979919997327],[-176.47935500003314,34.302905999912127],[-176.48564100033184,34.295925099763679],[-176.4918060004465,34.2888565004273],[-176.49781799980079,34.281696299744567],[-176.50366200040094,34.274448399873904],[-176.5093690000792,34.267120400086526],[-176.51490800010404,34.259712199658452],[-176.52029400026782,34.2522240000377],[-176.52551299992493,34.244655599776252],[-176.53057899972097,34.237014799593453],[-176.53546100002507,34.229301499664643],[-176.54020700035272,34.2215233001603],[-176.54476900028905,34.213672600010625],[-176.54916399971873,34.205757100110247],[-176.5534060001867,34.197780600094745],[-176.55746500030943,34.189746899599868],[-176.56135599987942,34.181652100064525],[-176.56506299995741,34.17350010004975],[-176.56861900026658,34.165298499726134],[-176.57199100018443,34.157047299993053],[-176.57519500044884,34.14874649995113],[-176.57821700041416,34.14040369977107],[-176.5810549999882,34.132011400006263],[-176.58371000011633,34.123592400269217],[-176.58619699969171,34.115123700398613],[-176.58851599961361,34.106624599845532],[-176.59063700029725,34.098094899859859],[-176.59257499973637,34.089534800091087],[-176.59436000021375,34.080951700160995],[-176.59594699965425,34.072338099723652],[-176.59733599985643,34.063705400384038],[-176.59855700040518,34.055049899633332],[-176.599609000355,34.046382900150888],[-176.60044900042095,34.037700700327207],[-176.601119999888,34.029006999973205],[-176.60160799990919,34.020305599623896],[-176.60192900032303,34.011600500362931],[-176.60203599986144,34.002887700207339],[-175.99999999980008,34.000003800135403],[-175.19729599991038,34.003200499703439],[-175.19741800014052,34.014816299732615],[-175.1977999997701,34.026428200301325],[-175.19842499981382,34.038028700164546],[-175.19929500036389,34.049621599857119],[-175.20040899957559,34.061199200282999],[-175.20176700014687,34.072761499643661],[-175.20335399958734,34.084297199756122],[-175.20520000017979,34.095809899707263],[-175.20729100037929,34.107296000410258],[-175.20962500009361,34.118747700246331],[-175.2122040003143,34.13016889957521],[-175.21501200030349,34.141548200389309],[-175.21806299980753,34.152881599806108],[-175.22134400002551,34.164173099808863],[-175.22486899980441,34.175411199867142],[-175.22863800004359,34.186599699616579],[-175.23265099984368,34.197734800320916],[-175.23689300031165,34.20880510037523],[-175.2413639996488,34.219814299590382],[-175.24607800029941,34.230758699954208],[-175.25100700007292,34.241634400207545],[-175.2561800003067,34.252433800179858],[-175.26158100026288,34.263156899871149],[-175.26719700024128,34.27379989964578],[-175.27304099994211,34.284358999868118],[-175.27911400031078,34.294834099814011],[-175.28541600044798,34.305221600396692],[-175.29193099961586,34.315513600172665],[-175.29867600039702,34.325710299690741],[-175.30560299967863,34.335811600025465],[-175.31277500036589,34.345806099571973],[-175.32014500029146,34.355693800128904],[-175.32774399998553,34.365474699897618],[-175.3355260000248,34.375148799777435],[-175.34352099999407,34.384704600137354],[-175.35172999993947,34.394146000437729],[-175.36012300027616,34.403465299783875],[-175.36871299980501,34.412658700338909],[-175.37751800025544,34.421729999939714],[-175.38649000031319,34.430671700039056],[-175.39567600034707,34.439483600088238],[-175.40502899998828,34.448158299565989],[-175.41458099981321,34.456699400257264],[-175.42430100019092,34.465099300192719],[-175.43420400001452,34.473358199921108],[-175.44429000018329,34.481472000332701],[-175.45454400000551,34.489444699813191],[-175.46496600038054,34.497257200359627],[-175.4755550003629,34.504920999804426],[-175.48631300004485,34.51243590029668],[-175.49722300044104,34.519790600056297],[-175.50828599979897,34.526981400171621],[-175.51950099987118,34.534019499900126],[-175.53086899980443,34.540889699799948],[-175.5423889995526,34.547592200419842],[-175.55403100043026,34.554130599947371],[-175.56582600026962,34.560497300010525],[-175.57775900017765,34.566692400434079],[-175.58982800006208,34.572715799594619],[-175.60200500043035,34.578563699655149],[-175.61431899992184,34.584232300080714],[-175.62675499964345,34.589721699796769],[-175.63929699975665,34.595031700053084],[-175.65194700035372,34.600162499599833],[-175.66471900028156,34.605106400240345],[-175.67759699970171,34.609867099986843],[-175.69056699976716,34.614433299757138],[-175.70364400027032,34.618820199892468],[-175.71679699978165,34.623012500226821],[-175.73005699973069,34.627010299685708],[-175.74337799979477,34.630821200238358],[-175.75678999955875,34.634433699555757],[-175.77029399996806,34.637859299966863],[-175.78385899959309,34.64108659986681],[-175.79747000044009,34.644115399606164],[-175.81117200008765,34.646949800093353],[-175.82492100010398,34.6495781002493],[-175.83873000018929,34.652011900428988],[-175.85258499969791,34.654247300272857],[-175.86648600042849,34.656280500145101],[-175.88041699984458,34.658111599870608],[-175.89440900027506,34.659740399799773],[-175.90841699964474,34.661167099582144],[-175.92245500039789,34.662391700116984],[-175.93652299983651,34.663410200320641],[-175.95060700001298,34.664230300188365],[-175.96472199982037,34.664836900103012],[-175.97883599958163,34.665248900216739],[-175.99295000024225,34.665451000363532]]]},"properties":{"objectid":3586,"radii":50,"stormid":"cp012026","basin":"cp","stormnum":1,"advnum":"41","validtime":"2026082500","synoptime":"2026082212","timezone":"UTC","tau":60,"ne":40,"se":0,"sw":0,"nw":30,"idp_source":"cp012026_2026082215_forecastradii","idp_filedate":1787414561000,"idp_ingestdate":1787414602000,"st_area(shape)":0.65420770397523786,"st_perimeter(shape)":3.577049794748504,"binnumber":"CP2"}},{"type":"Feature","id":3579,"geometry":{"type":"Polygon","coordinates":[[[-173.9681700000454,34.894523599584602],[-174.02641299966012,34.395439099634871],[-174.07917800026442,34.394657100444988],[-174.13191200033847,34.393093100266526],[-174.18460100013598,34.39075089963444],[-174.2372129999799,34.387626599987755],[-174.28976399970875,34.383720400076527],[-174.34222399973771,34.379039800246744],[-174.39456200043588,34.373577099603608],[-174.4467620001661,34.367347699936545],[-174.49882499987376,34.36034390035087],[-174.55071999992799,34.35256579977198],[-174.60243199963699,34.344020799620353],[-174.65394600010774,34.33471299990515],[-174.70523099991064,34.324645999713255],[-174.75630199973742,34.313819899768703],[-174.80711400021087,34.302234600246777],[-174.85765099969382,34.289901699703819],[-174.90792799977729,34.276821100113807],[-174.95788600043849,34.263000499673467],[-175.00753799957894,34.248435999821652],[-175.05683899962006,34.233142899825111],[-175.10580400035425,34.217124900393969],[-175.1544190002366,34.200374600107864],[-175.20263699979762,34.182918500188805],[-175.25045799993669,34.164741500120272],[-175.29788199975442,34.145866400414207],[-175.34484900008121,34.126289399636221],[-175.39138799955646,34.106018099755659],[-175.4374850002325,34.085063899679369],[-175.48310899978043,34.063426999956221],[-175.52822900036799,34.041118599843628],[-175.57287599982746,34.01814650006105],[-175.61698899984239,33.994514500244122],[-175.66056800041281,33.970237700009989],[-175.70361299974007,33.945316299907461],[-175.746094000038,33.919757800282412],[-175.78802500015357,33.893577600226195],[-175.82936099981021,33.866783100260022],[-175.87011699969969,33.839378400393002],[-175.9102480004448,33.811374699882663],[-175.94975300020073,33.78278350015853],[-175.98864699965924,33.753612500316763],[-176.0268709996968,33.723869299628632],[-176.06445299980601,33.693561599888085],[-176.1013640004482,33.662708300347902],[-176.13760399982465,33.631305700297958],[-176.17315699989555,33.599376700074799],[-176.20799300017674,33.566928899849017],[-176.24214200025304,33.533966100155567],[-176.27554300000938,33.500499699901354],[-176.30824299981452,33.466548899612178],[-176.34017900036051,33.432121300357892],[-176.37138399957186,33.397224399786353],[-176.40180999973163,33.361866000415716],[-176.43148799957146,33.326072699695487],[-176.46037299971408,33.289840699788613],[-176.48849499974438,33.253189099597421],[-176.51579300044654,33.216125500191822],[-176.54231300034462,33.178657499943824],[-176.56803899960008,33.140808099914011],[-176.59292599973503,33.102584800448312],[-176.61700400033428,33.064002999738818],[-176.64024400006048,33.025062599759337],[-176.66265900041248,32.985790299582789],[-176.6842349998453,32.946193700279196],[-176.7049710001115,32.90628050004517],[-176.72485399971225,32.866062200310466],[-176.74386599961611,32.825561499963385],[-176.76203900039948,32.784786199723499],[-176.77932699994102,32.743747700296296],[-176.79576099967034,32.702461200224377],[-176.81132499974888,32.660930599867413],[-176.82600400038424,32.619182600097076],[-176.8398129995702,32.577220899824795],[-176.8527220004199,32.535064699576367],[-176.86474600002779,32.492725400057338],[-176.87589999998494,32.450210599639604],[-176.88615399980716,32.407539399923508],[-176.89550800039382,32.364723199815955],[-176.90397599969256,32.321773499847268],[-176.91155999959423,32.278705600183457],[-176.91822800042181,32.235530899731373],[-176.92401100000757,32.192264599731629],[-176.92889400035776,32.148922000350183],[-176.93289200036546,32.105506900323348],[-176.93597400039971,32.062046100347402],[-176.9381560002991,32.018547099868897],[-176.93945299985597,31.975023299685688],[-176.9398500001773,31.931480399700831],[-176.93936200015611,31.887941400075704],[-176.15490700005793,31.86584280010527],[-176.15348800027093,31.833929100048067],[-176.15142799970235,31.802042000138329],[-176.14872700015087,31.770193099831829],[-176.14537000002539,31.738384199571271],[-176.1413570002253,31.706634499882398],[-176.13670299964363,31.674945800308592],[-176.13140900012519,31.643331499848955],[-176.12544300019422,31.611801099841045],[-176.11886599996586,31.580362300280058],[-176.11163300006282,31.549024599805591],[-176.10378999990849,31.51780319965809],[-176.09530599987193,31.486698199662328],[-176.08618199999921,31.455726599702984],[-176.07641600019818,31.424892399964449],[-176.06605499993822,31.394207000253004],[-176.05506899963456,31.363679900107456],[-176.04347199993276,31.333324399601509],[-176.0312649999797,31.303140600358574],[-176.01843299998288,31.273145700114128],[-176.00502000017281,31.24334339957835],[-175.99099700011138,31.213741299821265],[-175.97639500032892,31.184352899666749],[-175.96119700004144,31.155189499995572],[-175.94540400019437,31.126253100000724],[-175.92906200021108,31.097551299852739],[-175.91212499976885,31.069093699814516],[-175.89462300025119,31.040899299862929],[-175.87657199969794,31.012964199638247],[-175.85795600006927,30.985301999587762],[-175.83879100030435,30.957918199965093],[-175.81909200019558,30.930820499866343],[-175.79884299990445,30.904022200264478],[-175.7780610002149,30.877521499817533],[-175.75677499976635,30.851341199936599],[-175.73495499987328,30.825473800275802],[-175.7126310001205,30.799932500184866],[-175.6898039996548,30.774732599829747],[-175.66648900006723,30.749868400206651],[-175.64266999972062,30.725357099950372],[-175.6183780000446,30.701198600135456],[-175.59361300013978,30.67740629976106],[-175.56835900016765,30.653982199818813],[-175.54266399964379,30.630933799755212],[-175.51654100006704,30.608274500368054],[-175.48994400021536,30.586000400398291],[-175.46292099960436,30.56412320002579],[-175.43547099998659,30.542655899850047],[-175.40759300041657,30.521593100341477],[-175.3793179996259,30.500951799586005],[-175.35063199966697,30.480728099922032],[-175.32156400007847,30.460929900094982],[-175.29211399996106,30.441562700358475],[-175.26228300026017,30.422643700246738],[-175.23207100007653,30.404165299589067],[-175.2015229996866,30.386136999722908],[-175.17060900040497,30.368564600376146],[-175.13935900001775,30.351451900285099],[-175.10777300032362,30.334804500427481],[-175.07588200005418,30.318626400088419],[-175.04367100031632,30.30292320024563],[-175.01115399995706,30.287698699635428],[-174.9783479997603,30.272960699876535],[-174.9452670003717,30.258712800055832],[-174.91189600020019,30.244953199730503],[-174.87826499972988,30.231691400238049],[-174.84439099974477,30.218929300047307],[-174.81027200015262,30.206668900149793],[-174.7759090001002,30.194917699992004],[-174.74131800032538,30.183679599933726],[-174.70652800036686,30.17295269970748],[-174.67153900022461,30.162740700023448],[-174.63633700015237,30.153051399802393],[-174.60096700042666,30.143886600386452],[-174.56541400035576,30.135246299976927],[-174.5296939997782,30.127132399740617],[-174.49383499998518,30.119550700304728],[-174.45782500042336,30.112497300410212],[-174.42169199968595,30.105981800319967],[-174.38543699961775,30.100002299766459],[-174.34906000021877,30.094562500359245],[-174.31259200022055,30.089658699589449],[-174.27603100043024,30.085300399693836],[-174.23938000008687,30.081481899869914],[-174.20268200027402,30.078206999753377],[-174.16590899970049,30.075475700243487],[-174.12908899965754,30.073289899809197],[-174.09223900002976,30.071653399884667],[-174.05535899991784,30.070560499667465],[-174.0184629999674,30.070007299697295],[-173.9799189995621,29.903644600318216],[-173.9397279996474,29.904237699610292],[-173.89956700021682,29.905429800445063],[-173.85943600037103,29.907216999764898],[-173.81935099994863,29.909597400000166],[-173.77929700005643,29.912571000251603],[-173.73931900007173,29.916135800427014],[-173.69941699999447,29.920295699986696],[-173.65959199987083,29.92504309965949],[-173.61987300013877,29.930383700247717],[-173.58026099994512,29.936309799957428],[-173.54077099998159,29.942821500412037],[-173.50140400029431,29.949918699988132],[-173.4621729996841,29.957599600041647],[-173.42312600036456,29.965856600401935],[-173.38421600016821,29.974691399888343],[-173.34550500015555,29.984104199949002],[-173.30697600044198,29.994087199864509],[-173.26863100022041,30.004642499551835],[-173.23049899992884,30.015762300090216],[-173.19261200014361,30.027440999602618],[-173.15492199955057,30.039688100325691],[-173.11750799999413,30.052488300294954],[-173.08032200016009,30.065837899699432],[-173.04341100041725,30.079736699789009],[-173.00677499986628,30.094182999945644],[-172.97041300025967,30.109170899717412],[-172.9343720001676,30.124689100022067],[-172.89862099995909,30.140747100398528],[-172.86319000011832,30.157323800053462],[-172.82809400043769,30.174434699701749],[-172.79332000031769,30.192056700256671],[-172.7588960001502,30.210186000283841],[-172.72485399961232,30.228830299778679],[-172.69116199992629,30.24797440019853],[-172.65783700007742,30.26761250001698],[-172.62492400034228,30.287740699773622],[-172.59239200019059,30.30835340028932],[-172.56027200015262,30.329452500032971],[-172.52858000006688,30.351015099567348],[-172.49729900004874,30.373048799962305],[-172.46647599956765,30.395542099788202],[-172.43608099993813,30.418487499598598],[-172.40612800000713,30.441877400122053],[-172.3766630000973,30.465711599910549],[-172.34765599972454,30.48997879988184],[-172.31913800031839,30.514673200308096],[-172.29110699998799,30.539781600040953],[-172.2635800004166,30.565305699698399],[-172.2365420000132,30.591230399663345],[-172.21002200011515,30.617549900207848],[-172.18405200039942,30.644262300165167],[-172.15858499959796,30.671358099996439],[-172.13366699983209,30.698822000435143],[-172.1092990002486,30.726652100314311],[-172.08546400006347,30.75484090018756],[-172.06222500038339,30.783376699874964],[-172.03953599998633,30.81225199992997],[-172.01742600020967,30.84145739973934],[-171.99589500015406,30.870990800285369],[-171.97495999970414,30.90083500023519],[-171.95461999971315,30.930988299870307],[-171.93487500018105,30.961433399831662],[-171.91575599983943,30.992172200386904],[-171.89724699974917,31.023185699760404],[-171.87934899995631,31.054466199755439],[-171.86209099999957,31.08601189992936],[-171.84547399992508,31.11780740029144],[-171.82948299994041,31.149843200403495],[-171.81413299983799,31.182113600362527],[-171.79945400010195,31.214605300094661],[-171.78540000040962,31.247304899701476],[-171.77203400006897,31.280216199717984],[-171.75932300025619,31.313310599904412],[-171.74726900016415,31.346593899988648],[-171.73590100023091,31.380048799712483],[-171.72520399976469,31.413671500339603],[-171.71519500044883,31.44743919955954],[-171.70585599965457,31.481357599973421],[-171.69723499959548,31.515409500248381],[-171.68928499990275,31.549577699951044],[-171.68202200041492,31.583866100340401],[-171.67547599981745,31.618251800180587],[-171.66960099958638,31.6527271003755],[-171.66445899988287,31.687288300215016],[-171.66001900017665,31.72191810034019],[-171.65628099956839,31.756607100137728],[-171.65325899960308,31.791353199690548],[-171.65093999968116,31.826135600377825],[-171.6493380004483,31.860942799870486],[-170.47300699987306,31.877428099627252],[-170.47207600010725,31.929660799606381],[-170.47222899996831,31.98190500011583],[-170.47344999961771,32.034137700094902],[-170.47573899995481,32.086341899659089],[-170.47912599966509,32.138504000159628],[-170.48356600027063,32.190612799641144],[-170.48908999960372,32.242645299740957],[-170.49568199962451,32.294586200293054],[-170.50338699971019,32.34642409969257],[-170.51213100004554,32.398136100300917],[-170.52197299975407,32.449718499609219],[-170.53288300015026,32.501140600158692],[-170.54487600012723,32.552394899804938],[-170.55793799993867,32.603462199820797],[-170.57206700039168,32.654334999860509],[-170.58724999998742,32.704986599951781],[-170.60353099985568,32.755405399739573],[-170.62084999992749,32.80558010014164],[-170.63922099994912,32.855484000286538],[-170.65866099980522,32.90511319981448],[-170.67913799981875,32.954441100376641],[-170.70066799982826,33.003459900354244],[-170.72323600004128,33.0521545001302],[-170.74684100041176,33.100509600437874],[-170.77146900029405,33.148510000036595],[-170.79711899964204,33.196132699664474],[-170.8237920003005,33.243370100050242],[-170.8514709996868,33.29020690012851],[-170.88015699964575,33.336624099922403],[-170.909836000431,33.382610299625753],[-170.94050600015171,33.428146400336232],[-170.97215299996091,33.473232300430482],[-171.00476100002007,33.517833699765561],[-171.03833000032918,33.561946900329303],[-171.07286100003506,33.605560299968033],[-171.10833700015235,33.648651099968447],[-171.1447300002892,33.691211700159954],[-171.18205300014577,33.733226800376656],[-171.22029099992963,33.774684900088232],[-171.25942999989451,33.815570799852651],[-171.29945400020188,33.855865499693209],[-171.34034700011389,33.895561199789711],[-171.3821260004145,33.93464660016059],[-171.42474399983564,33.973110200275642],[-171.46820100017595,34.010940600328581],[-171.51248199984434,34.048114800158032],[-171.55758699974018,34.084625199593404],[-171.6034850002325,34.120468099723155],[-171.6501769995688,34.155624399846317],[-171.69763199991678,34.190078699972162],[-171.74586500016954,34.223831199750236],[-171.79481500021203,34.256862599729345],[-171.84451299967512,34.28916169975281],[-171.89491300003485,34.320720700000436],[-171.94599899965402,34.351528199766733],[-171.99777200037744,34.381572700320021],[-172.05021699971468,34.410850500050685],[-172.10330199978739,34.439342500056455],[-172.1570129999499,34.467048599613349],[-172.21133400036376,34.493946099832783],[-172.2662660001757,34.520034800166059],[-172.32176199991628,34.545314800437836],[-172.37782299963166,34.56976320031157],[-172.4344330003826,34.593379999787317],[-172.4915470000939,34.616149899598327],[-172.54917900031055,34.638072999569431],[-172.60728499990276,34.659141499880434],[-172.66586299967761,34.679344200374715],[-172.72488400009644,34.698673199608606],[-172.78433200042141,34.717124900294039],[-172.84420799979927,34.734691599737687],[-172.9044489998214,34.751373299738134],[-172.96507300041856,34.767154700129424],[-173.0260310002304,34.782039599647931],[-173.08732600029461,34.796016700110783],[-173.14892600003481,34.809082000434103],[-173.21081499961247,34.821235700267493],[-173.27296400038824,34.832469899966043],[-173.33537299966412,34.842784899903336],[-173.39799499976934,34.852165200263926],[-173.46081500001216,34.860618599968575],[-173.52381899974696,34.868145000091829],[-173.58697500019602,34.874729200292506],[-173.65029900029856,34.880378700017161],[-173.71371500014706,34.885093699814547],[-173.77723700038717,34.888866399864582],[-173.84083599968156,34.891696899992098],[-173.90449499994421,34.893581399662025],[-173.9681700000454,34.894523599584602]]]},"properties":{"objectid":3579,"radii":34,"stormid":"cp012026","basin":"cp","stormnum":1,"advnum":"41","validtime":"2026082312","synoptime":"2026082212","timezone":"UTC","tau":24,"ne":180,"se":120,"sw":110,"nw":150,"idp_source":"cp012026_2026082215_forecastradii","idp_filedate":1787414561000,"idp_ingestdate":1787414602000,"st_area(shape)":20.959230865055968,"st_perimeter(shape)":18.479698397638025,"binnumber":"CP2"}},{"type":"Feature","id":3580,"geometry":{"type":"Polygon","coordinates":[[[-173.98965499977834,32.89817810033918],[-174.00865199988982,32.731815300236065],[-174.02590899980044,32.731555899785064],[-174.04315199996475,32.731048600312818],[-174.06037900029057,32.730281799665477],[-174.07760599971704,32.72926330036114],[-174.09478799976631,32.727981600070905],[-174.11195399997703,32.726451900035329],[-174.12907399986511,32.724666600083651],[-174.1461640001684,32.722629499851678],[-174.16320800014901,32.720333099892798],[-174.18019100001456,32.717792499824156],[-174.19712799955747,32.714996299839527],[-174.2139890000922,32.711948400298581],[-174.23078899961257,32.708656299748554],[-174.2475279999172,32.705112499642269],[-174.26417499957648,32.701320599965868],[-174.28074600022765,32.697280900193562],[-174.29724100007203,32.693000799947129],[-174.313629000378,32.688476600314971],[-174.32992600008475,32.683708199673845],[-174.34611500020702,32.678699500181949],[-174.36219799993768,32.673450500040701],[-174.37815900033752,32.667968800320011],[-174.39401200025353,32.662242899590296],[-174.40972900019312,32.656292000175824],[-174.42533899969501,32.650108299558497],[-174.44081100002757,32.643688199550922],[-174.45613099964584,32.637046799770133],[-174.4713130000948,32.630172700409958],[-174.48635899966803,32.623077400202021],[-174.501236000441,32.615760800220926],[-174.51597600029211,32.608223000291389],[-174.53054799959042,32.600471499859964],[-174.54495200013463,32.592502600015109],[-174.55918900017215,32.584323900028096],[-174.57324199981835,32.575935399898924],[-174.58712799985724,32.567333200167184],[-174.60083000040413,32.558532699924285],[-174.61433399991409,32.549533800244831],[-174.6276549999782,32.540332800418525],[-174.64077799990469,32.530933400256345],[-174.65371700033921,32.521343199928879],[-174.66644299994442,32.511562300160165],[-174.67895499957351,32.501594499686576],[-174.69125400017191,32.491443599942329],[-174.70335399968727,32.481109600028162],[-174.71522500033342,32.470603899750301],[-174.72686800035785,32.45991899966225],[-174.73829700040616,32.449066199745459],[-174.74949599974053,32.438041700364352],[-174.76046800029789,32.426853199715538],[-174.77117899961107,32.415508299768362],[-174.78167699989356,32.404006999623505],[-174.79191599992339,32.392345399820499],[-174.80192600018469,32.380538900350132],[-174.8116760001472,32.368583699778071],[-174.8211819996495,32.35648730024883],[-174.83042899979841,32.344249699963825],[-174.83941699969469,32.331882500177358],[-174.84814500019152,32.319377900170082],[-174.85661300038959,32.306747399572998],[-174.86482200033498,32.293994899645043],[-174.87277200002771,32.281124100197189],[-174.88044699962924,32.268135100154893],[-174.88784800008506,32.255035399863971],[-174.89495799971183,32.241825100048459],[-174.90182499982382,32.228511799979742],[-174.90838600021365,32.215107000188027],[-174.91468800035085,32.20159910031839],[-174.92069999970514,32.18800350036139],[-174.92642200007518,32.174316399782185],[-174.93185399966228,32.160552999821221],[-174.93702699989606,32.14670940011888],[-174.94189499955451,32.132785800324598],[-174.94647200018258,32.118797300055519],[-174.95076000007387,32.104740099676008],[-174.95477299987397,32.090621900080748],[-174.95846600020568,32.076450299641749],[-174.96188400044619,32.062217699987002],[-174.96499600006527,32.047950700364652],[-174.96783399963931,32.033626600087644],[-174.97035199974491,32.019268000018315],[-174.97257999996694,32.004875199630931],[-174.97451800030541,31.990449900442684],[-174.97615100006851,31.975999799751094],[-174.97747800010956,31.961523099811359],[-174.97853100010551,31.947032900148372],[-174.97927900042546,31.932529400411624],[-174.97970600033156,31.918016400236809],[-174.97985800014652,31.903501499794515],[-174.78378299988546,31.891788500139342],[-174.78344699967923,31.880176499745801],[-174.78286699991205,31.868568399712046],[-174.78205900042246,31.856977500111668],[-174.78100600042652,31.845396000225378],[-174.7797089999703,31.833837499601088],[-174.7781980004373,31.8222942002173],[-174.77642799975231,31.810777699731204],[-174.77442900019813,31.799285900024415],[-174.77220200002222,31.787828399561135],[-174.76973000023924,31.776405299964779],[-174.76701399999604,31.765018499704126],[-174.76409899956909,31.753677400291906],[-174.76092499978884,31.742380099662],[-174.75752300028617,31.731130599797496],[-174.75390599986193,31.719928700149524],[-174.75006099971529,31.708789799809551],[-174.74597200000773,31.697708099949011],[-174.74166900032404,31.686687500028256],[-174.73713699997251,31.675731699858204],[-174.73237599985242,31.664844499973867],[-174.72740199980237,31.654027899568064],[-174.72219799993766,31.643287700167377],[-174.71679699998148,31.63262940022679],[-174.71116600021065,31.622049299935384],[-174.7053219996105,31.611555100187843],[-174.6992649999797,31.601148599628289],[-174.69299300032662,31.590839400318202],[-174.68652299963665,31.580614099661091],[-174.67982500012357,31.570491800156617],[-174.67294300021922,31.560472500006028],[-174.66584800038484,31.550554299841224],[-174.65855400036673,31.540739099929681],[-174.65107700000348,31.531040200345103],[-174.6433869997102,31.52144809975016],[-174.63549800013251,31.511970499938741],[-174.62744100000208,31.502616900449766],[-174.61917099994162,31.49337960038838],[-174.6107330002277,31.484268200017539],[-174.6020970003762,31.475282700236562],[-174.59329199992578,31.466430700316721],[-174.58430500007563,31.457704500262594],[-174.57513399983415,31.449111899894433],[-174.56579599998534,31.440660500281979],[-174.55628999958373,31.432352100069522],[-174.546616000428,31.424179099985622],[-174.53678899961255,31.416149100200983],[-174.526794000043,31.408271799903787],[-174.51663199996676,31.400543199808965],[-174.50631700002944,31.392961500373076],[-174.49586500006961,31.385536200235606],[-174.48524499955701,31.378269199663976],[-174.47448699987507,31.371162399825039],[-174.46359300021672,31.364210099916306],[-174.45256000044358,31.357423799568835],[-174.44137600000232,31.350799600221535],[-174.43006900018415,31.344343199978823],[-174.41864000013581,31.338056599832385],[-174.40708899985739,31.331939699957331],[-174.39540099955641,31.325994500445972],[-174.38360599971705,31.320219000306736],[-174.37168899964755,31.31462670016225],[-174.35966500003966,31.309209800192264],[-174.34753399999403,31.303970299589821],[-174.33529699955682,31.298913999881336],[-174.32296800027291,31.294033100347463],[-174.310531999652,31.289340999987303],[-174.29800400018439,31.28483199979712],[-174.28539999991,31.280509900311813],[-174.27269000014331,31.276376699824993],[-174.25990300042307,31.272428499775572],[-174.2470549996884,31.268672900334252],[-174.23411600015322,31.265110000426318],[-174.22113000024925,31.26173970022711],[-174.20805399979218,31.258556399658289],[-174.19491600007328,31.255571399600569],[-174.1817320000317,31.25278279978653],[-174.16848799992118,31.250190700040946],[-174.15519700034122,31.24778939956127],[-174.14186099958539,31.24558639959281],[-174.12847900030553,31.24358559959586],[-174.11506699964224,31.241781199842649],[-174.10160800040882,31.240177199618188],[-174.08811999983806,31.238773300347702],[-174.07461500028197,31.23756790033849],[-174.06108100028786,31.236560799941117],[-174.0475309995559,31.235757799782789],[-174.03396599993087,31.235153199960337],[-174.02038599961412,31.234750700284735],[-174.00680500015056,31.234552399773577],[-173.99322499983381,31.234552399773577],[-173.97962999972464,31.234750700284735],[-173.96606400005348,31.235153199960337],[-173.95249900042845,31.235757799782789],[-173.93894999974262,31.236560799941117],[-173.92541499970241,31.23756790033849],[-173.91191100019242,31.238773300347702],[-173.89842199957553,31.240177199618188],[-173.88496400038824,31.241785000377604],[-173.87155199972494,31.24358559959586],[-173.85817000044509,31.2455939997634],[-173.84483299964313,31.247793200096226],[-173.83154300010929,31.250190700040946],[-173.81829799995265,31.25278279978653],[-173.8051149999572,31.255571399600569],[-173.79197700023829,31.258556399658289],[-173.77891500042685,31.26173970022711],[-173.76590000008486,31.265110000426318],[-173.75297500029595,31.268672900334252],[-173.74011199976889,31.272428499775572],[-173.72734099988716,31.276376699824993],[-173.71463000007438,31.280515700039643],[-173.70202599979999,31.28483199979712],[-173.68949900037848,31.289340999987303],[-173.67707800044928,31.294036899983098],[-173.66473399957434,31.298913999881336],[-173.65249599999032,31.303970299589821],[-173.64036599999082,31.309209800192264],[-173.62834200038293,31.314628600429728],[-173.61642500031343,31.320226700302101],[-173.60462999957474,31.325994500445972],[-173.59295699996551,31.331939699957331],[-173.58138999984854,31.338056599832385],[-173.56996199984633,31.344346999614459],[-173.55865500002815,31.350799600221535],[-173.54747000044009,31.357423799568835],[-173.53643799981376,31.364210099916306],[-173.52554300010928,31.371162399825039],[-173.51478599957414,31.378273000198931],[-173.50416599996086,31.385543800406197],[-173.49371299995491,31.392969099644404],[-173.48341399985614,31.400543199808965],[-173.47325099973378,31.408275600438742],[-173.46324200041792,31.416152999661335],[-173.45341499960247,31.424179099985622],[-173.44374100044675,31.432352100069522],[-173.43423500004513,31.440664299917671],[-173.4248960001502,31.449119599889741],[-173.41574099974727,31.457704500262594],[-173.40673800005857,31.466430700316721],[-173.3979339996543,31.475286499872198],[-173.38929699975665,31.484273899920709],[-173.38085900004273,31.493385300291493],[-173.3725889999823,31.502620700085401],[-173.36451700005944,31.511978100109388],[-173.3566590001127,31.521452000109889],[-173.34896899981942,31.531040200345103],[-173.34147599961761,31.540742899565316],[-173.33418299964563,31.550558100376179],[-173.32708699976516,31.560472500006028],[-173.32019000006838,31.570499400327208],[-173.3135070003477,31.580617900196103],[-173.30703699965773,31.590839400318202],[-173.3007660000508,31.601152400163301],[-173.29472400021237,31.611558899823535],[-173.2888639997737,31.622053099571019],[-173.28324899984139,31.63262940022679],[-173.27783200004669,31.643291499803013],[-173.27262900022811,31.654031799927793],[-173.26765400013193,31.664848299609503],[-173.2629089998504,31.675735500393159],[-173.25836199970644,31.686691299663892],[-173.25405900002275,31.697711899584647],[-173.24998500010759,31.708795499712664],[-173.24612400012242,31.719936400144888],[-173.2425079997443,31.731130599797496],[-173.23910500019554,31.742380099662],[-173.23593100041526,31.753681199927598],[-173.23301700003444,31.765022300239082],[-173.23030099979124,31.776409099600414],[-173.22782900000826,31.787828399561135],[-173.22560099978622,31.799289699660051],[-173.22360200023206,31.810777699731204],[-173.2218320004464,31.822297999852935],[-173.22032200006018,31.833837499601088],[-173.21902499960396,31.845399899685788],[-173.21797199960801,31.856981299747304],[-173.21716300007233,31.868575999882637],[-173.21658300030515,31.88018040010553],[-173.21624800014501,31.891790400406819],[-172.82420299996841,31.903303100357959],[-172.82434100003704,31.920722999866712],[-172.82482900005823,31.938140900182532],[-172.82568399991658,31.955543500332396],[-172.82688899972749,31.972936600044193],[-172.82846100027487,31.99030690014348],[-172.83038299987547,32.007652299813913],[-172.83267200021257,32.024967199876528],[-172.83531199964898,32.042240099800892],[-172.8383029999834,32.059474899946792],[-172.84167499990124,32.076664000143637],[-172.84536700018683,32.093799599671911],[-172.84942600030959,32.110877999620129],[-172.85383600043099,32.12789149999287],[-172.85861200034347,32.144840199715588],[-172.86372399956286,32.161712600056603],[-172.86920200037196,32.178508799941312],[-172.87499999975012,32.195220899724859],[-172.88116499986478,32.211841599610295],[-172.88766500013958,32.228374499583651],[-172.89450099972129,32.244804400203066],[-172.90168800020098,32.261131299669898],[-172.90922499973388,32.277347599612199],[-172.91706799988822,32.293453200205192],[-172.92527799987971,32.309436799668731],[-172.93379200040042,32.32529829997668],[-172.94265700002046,32.341033899694878],[-172.95184300005434,32.356628400280613],[-172.96134899955661,32.372089400105892],[-172.97117600037205,32.387405400439036],[-172.98132299975657,32.402572599845769],[-172.99179099955492,32.417594899585083],[-173.00254800009006,32.432449300395035],[-173.01362600013971,32.447147399932703],[-173.02502399965778,32.461681400176644],[-173.03671300000488,32.476039900421199],[-173.04870599998185,32.490226700302117],[-173.06098899984238,32.504230499837831],[-173.07356299963266,32.518047299743216],[-173.08642600015969,32.531681100202775],[-173.09957899967102,32.545120200137262],[-173.11300700017284,32.558364899920321],[-173.12670899982041,32.571403500271458],[-173.14070100025089,32.584243800111437],[-173.15492199955057,32.596870400348848],[-173.16943399967926,32.609283399909145],[-173.18420400001452,32.621482799691591],[-173.19923399974923,32.633453400254382],[-173.21450799994417,32.645210300315227],[-173.23002599970005,32.656730700261733],[-173.24577300012379,32.668025999900124],[-173.26176500015455,32.679080999788482],[-173.27799999970014,32.689903300097342],[-173.29444900012118,32.700477599761541],[-173.31111099957289,32.710811599675708],[-173.32798799994617,32.720893900033616],[-173.34509300004186,32.730724300286397],[-173.36239600027511,32.740299200447907],[-173.37988300000038,32.749618499794053],[-173.39759800034736,32.758670800317304],[-173.41548200039392,32.767471299660883],[-173.43353300004785,32.775993299651191],[-173.45178199983934,32.784259800449547],[-173.47020000022974,32.792243999561094],[-173.4887700004351,32.799953499854269],[-173.50753799987871,32.807388300429864],[-173.52642799955245,32.814548500213277],[-173.54547099998658,32.821426400108408],[-173.56466700028176,32.82801439994472],[-173.58398399986163,32.834323900427819],[-173.60343900040945,32.840347299588359],[-173.62301600028812,32.846076999953709],[-173.64273100023539,32.85152050007116],[-173.66253699988258,32.856666599783921],[-173.68244899992132,32.861522699613033],[-173.70246900044393,32.866077399752328],[-173.72257999976711,32.870330800026522],[-173.74278299973557,32.87430190041249],[-173.76306199961152,32.877960200403095],[-173.78341700029426,32.881317099804448],[-173.80383300019272,32.884376499875714],[-173.82431000020628,32.887134600081879],[-173.8448640001734,32.889587400238497],[-173.86544799972532,32.891727399999638],[-173.88607799959993,32.893573799891101],[-173.90673799995866,32.895107299562369],[-173.92744399974072,32.896335599908127],[-173.94816600026064,32.897258799853887],[-173.96890299967362,32.897872900114407],[-173.98965499977834,32.89817810033918]]]},"properties":{"objectid":3580,"radii":50,"stormid":"cp012026","basin":"cp","stormnum":1,"advnum":"41","validtime":"2026082312","synoptime":"2026082212","timezone":"UTC","tau":24,"ne":60,"se":40,"sw":40,"nw":50,"idp_source":"cp012026_2026082215_forecastradii","idp_filedate":1787414561000,"idp_ingestdate":1787414602000,"st_area(shape)":2.3846616039141235,"st_perimeter(shape)":6.1314933978166986,"binnumber":"CP2"}},{"type":"Feature","id":3581,"geometry":{"type":"Polygon","coordinates":[[[-174.77157599993237,35.261798899999405],[-174.8229829999654,34.762714400049674],[-174.86892699988107,34.762035400213676],[-174.91482500037338,34.760688800348021],[-174.96069300038158,34.758663199746991],[-175.00651600011324,34.755962399845032],[-175.0522609998452,34.752590200277666],[-175.0979309997158,34.74854660014563],[-175.14349400004798,34.743827799813232],[-175.18894999994248,34.738441500175213],[-175.23426799976829,34.732391400143172],[-175.27946500030944,34.725673700081359],[-175.32449300025169,34.718292199625466],[-175.36935399968726,34.710250899859261],[-175.41401699988455,34.701549500409271],[-175.45848099989814,34.692199699656555],[-175.50274699977413,34.6821861003084],[-175.54675300025067,34.671531699828222],[-175.59053000005937,34.660232499830158],[-175.63406400035325,34.6482886999637],[-175.67730699981811,34.635704000039709],[-175.72027600013723,34.622493700224254],[-175.76292400004249,34.608642600175983],[-175.80526700027178,34.594177200217757],[-175.84729000013331,34.579086300192728],[-175.88896199999624,34.563384999718096],[-175.93026700002196,34.547065700421854],[-175.97122200009517,34.530147600131784],[-176.01179499963945,34.512630500097657],[-176.05197099976175,34.494518299779884],[-176.09173599981645,34.475818600248374],[-176.13108799971135,34.456535300064218],[-176.17001299970011,34.436679799932961],[-176.20848100019793,34.416259799850025],[-176.24649000021327,34.395267499995271],[-176.28402700004594,34.373725899630699],[-176.32110600034156,34.35163499965563],[-176.35768099987817,34.329002400240711],[-176.39373799980876,34.305835699757893],[-176.42929099987967,34.282142600001123],[-176.46434000009086,34.257934599702139],[-176.49882500037339,34.233207699575814],[-176.53277600031208,34.207988700318424],[-176.56616200027602,34.182266200325046],[-176.59896899961956,34.15605930029659],[-176.63122599968005,34.129371600219315],[-176.66287200034247,34.10221859990861],[-176.69393900038449,34.07460779971035],[-176.7243960001752,34.04653930034857],[-176.75422699987607,34.018032100001562],[-176.78344700017885,33.98908619956859],[-176.81202699974617,33.959712999755254],[-176.83995099963886,33.929931600363204],[-176.86723299960317,33.899742100317837],[-176.89387499973137,33.869155900324699],[-176.9198299996547,33.838188199825709],[-176.94512899990335,33.806838999720185],[-176.96972700020083,33.775119799639185],[-176.99366799987823,33.743049599559527],[-177.01689099971978,33.710632299840881],[-177.03942900034801,33.677879300289646],[-177.06123400044868,33.644798300001696],[-177.08235200034446,33.611400599857916],[-177.1027369997127,33.577701599849092],[-177.12240600023665,33.543708800321042],[-177.14134200023304,33.509429900369753],[-177.15954599974802,33.474880200161238],[-177.17701699963476,33.440067299866143],[-177.19372600035456,33.405002600190016],[-177.20970199964748,33.36969759986448],[-177.22491499972739,33.334163699595194],[-177.23938000038663,33.29841609972334],[-177.2530670002418,33.262454999898466],[-177.26600599977701,33.226303099908307],[-177.27819799993767,33.189964300112479],[-177.28958099966334,33.153450000317378],[-177.30023199980687,33.11677549978964],[-177.31007400041472,33.079952200134073],[-177.31916799980328,33.042991600082416],[-177.32746900039399,33.005905200164989],[-177.33499100013447,32.968692799832979],[-177.34175099980871,32.931385000317675],[-177.34770199994728,32.893978100009463],[-177.35287500018103,32.856491099784591],[-177.35726899956461,32.818935400348607],[-177.36090099978125,32.781322500433191],[-177.36372399956286,32.743652300213625],[-177.36576800029292,32.705955499846596],[-177.36705000005739,32.668235800042282],[-177.36752300028616,32.630497000436378],[-177.36721799971085,32.59276199956679],[-176.77421599986843,32.570037799704835],[-176.77296399968876,32.541023299885524],[-176.77111799999562,32.512031599678721],[-176.76869199963599,32.483070399979113],[-176.76565599992438,32.454155000053333],[-176.76202399970774,32.425281500441031],[-176.75779699993151,32.396469099869194],[-176.75299100043424,32.367721599772153],[-176.74758900043196,32.339054099767054],[-176.74159199997075,32.310462999867696],[-176.73501599978849,32.281970999861926],[-176.72785899979294,32.253574399938771],[-176.72010800028391,32.225292200075103],[-176.71179199990081,32.197120699560799],[-176.70289599975052,32.169082599982175],[-176.6934510003633,32.141181899725041],[-176.68342600030959,32.113418599688771],[-176.67282099958939,32.08580780038983],[-176.66168200032399,32.058357200024886],[-176.64994799970034,32.031070699853046],[-176.63769500032393,32.003963500215491],[-176.62489299991194,31.977041200291296],[-176.6115260004245,31.950311699725319],[-176.59764100043174,31.923784300205455],[-176.58320600025664,31.8974627995687],[-176.56823699973768,31.871355100157871],[-176.55276500030445,31.845476199966811],[-176.53674299978954,31.819824199627249],[-176.52023300015276,31.794412599761813],[-176.50320399996454,31.769243199913888],[-176.48565700017033,31.74433330034168],[-176.46763600010124,31.719686500132013],[-176.44911200021855,31.6953029998337],[-176.43008399957685,31.671199800230738],[-176.41058299960568,31.647375099981048],[-176.39061000035116,31.623846100417325],[-176.37017799971483,31.600612600091551],[-176.34927399979517,31.57768060017969],[-176.32791100029235,31.555055600036042],[-176.3061070002378,31.532758699554506],[-176.28385900039248,31.510774600367654],[-176.26116899994932,31.489126200114185],[-176.23805199960003,31.46781349969342],[-176.21450800024394,31.446844100175213],[-176.19055199987483,31.426223800388243],[-176.16619900008371,31.405960099778952],[-176.14144899997129,31.386056899606388],[-176.11628699974517,31.366518000405563],[-176.09075899972797,31.347352999741304],[-176.06483500033491,31.328565600122488],[-176.03855899999778,31.310159700110205],[-176.01190200007716,31.292148599778216],[-175.98489400015791,31.27452660012267],[-175.9575649998248,31.257307100142725],[-175.92987099974675,31.240491900281143],[-175.9018550001081,31.22408869963391],[-175.87352000014781,31.208095599732303],[-175.84487899956611,31.192518199755284],[-175.81593300020771,31.177370100150142],[-175.78668200027403,31.162647200008394],[-175.75717200008765,31.148355499606794],[-175.72734100038679,31.13450050009817],[-175.69728100001805,31.12108800031109],[-175.66694599955815,31.108121899706077],[-175.6363369999525,31.095594400261518],[-175.60551500041686,31.083526600072673],[-175.57444800037484,31.071910899868271],[-175.54315199966499,31.060754799994186],[-175.51164199987832,31.050058400275077],[-175.47993500000018,31.03982929998233],[-175.44801300009979,31.030065499923012],[-175.41592399969275,31.020772899649728],[-175.38365199983986,31.011953400329332],[-175.35121200033348,31.003608699881738],[-175.31860400027432,30.995744699658303],[-175.2858580001465,30.988365200193982],[-175.25296000020379,30.981462499694771],[-175.2199250002385,30.975042299862366],[-175.18678299983549,30.969114299885177],[-175.15353399989411,30.963672600210487],[-175.1201629997226,30.958717299763691],[-175.08671599964359,30.954257999707067],[-175.05317699981862,30.950288799588577],[-175.01957699987858,30.94681359976795],[-174.98590100003105,30.94382859971023],[-174.95217899986088,30.941341399586065],[-174.91841100026738,30.939357800022606],[-174.88459800039732,30.937866199765438],[-174.85076899978944,30.936868699630907],[-174.81694000008088,30.936368899605156],[-174.77977000008536,30.603643400122962],[-174.73930400007947,30.604238500406609],[-174.69883700002745,30.605430600342061],[-174.6584170003442,30.607212099758726],[-174.6180420000382,30.609592400169277],[-174.57771300005484,30.612564100153236],[-174.53744500018652,30.616128900328647],[-174.4972530002257,30.620288799888328],[-174.45715300001086,30.625032399925487],[-174.41712999974962,30.630367299711281],[-174.3772430003641,30.636287700417199],[-174.33746299961766,30.642797499705011],[-174.29782099983919,30.64989089964547],[-174.25831600008325,30.657564200427657],[-174.21897899998078,30.665819199796374],[-174.17979399969326,30.674650199647147],[-174.14079299979701,30.684055299712441],[-174.1019900000384,30.694034599817087],[-174.06336999972564,30.70458030014089],[-174.02497900008072,30.715692499609304],[-173.98678599967408,30.727373100288503],[-173.94883699972769,30.73960880030603],[-173.91114800008006,30.752397499744973],[-173.87370299999338,30.765745199781293],[-173.83651700015935,30.779636399700223],[-173.7996060004165,30.794076900128971],[-173.76300000034965,30.80905530036199],[-173.72666900037399,30.824565899596735],[-173.69065899991284,30.840618100245251],[-173.65496799977331,30.857187299554369],[-173.6195980000476,30.874282800111303],[-173.58459500015906,30.891899099863736],[-173.5499109996928,30.910022699987735],[-173.51560999980157,30.928651800040711],[-173.48165899986287,30.94778630019772],[-173.44808999955376,30.96741679984558],[-173.41493200021156,30.987535500063416],[-173.38215599959963,31.008140600408524],[-173.34979200000072,31.029226300253697],[-173.31785600035406,31.050783199884904],[-173.28636200040592,31.072803500381383],[-173.25527999967218,31.095287299769211],[-173.22465500022801,31.118219400405167],[-173.19448900036699,31.141603500301414],[-173.16477999999694,31.165426300283684],[-173.13555899964803,31.189683899992133],[-173.10681199957403,31.214365000344628],[-173.07856800021295,31.239463799814644],[-173.05081199997375,31.264976499665863],[-173.02357500028594,31.290893600359539],[-172.99685700025029,31.317207300276834],[-172.97065699982062,31.343906400160392],[-172.94499199978088,31.370988800093187],[-172.91989099966983,31.398445100361243],[-172.89530900011019,31.426265699802343],[-172.87130700031773,31.454443000044535],[-172.84785499980831,31.48296930019319],[-172.82499699971169,31.511837000077662],[-172.80270399958982,31.541036600159089],[-172.78099100013446,31.57055659990732],[-172.75988800003111,31.600395199778802],[-172.73938000038663,31.630535100414704],[-172.71948200009416,31.660978300108582],[-172.70019500009909,31.691703799690742],[-172.68151900040147,31.722709699792972],[-172.66346699980213,31.753984499884893],[-172.64607199982285,31.785520599795973],[-172.62928800014103,31.817308400162688],[-172.6131739998801,31.849334699836675],[-172.5977020004469,31.881593699989423],[-172.58285500015805,31.914081600085922],[-172.56869500007411,31.946773499697372],[-172.55519099966483,31.979675300175131],[-172.54237400035976,32.012775400264672],[-172.53021199978389,32.046043400182896],[-172.51872299966664,32.079498299906732],[-172.50793500039987,32.113113400363261],[-172.49781799970086,32.146877299947562],[-172.48840299989845,32.180789899734236],[-172.47967500030094,32.214839899741719],[-172.471634000009,32.249004399633463],[-172.46429399966829,32.283283199759978],[-172.45767200006267,32.317668899600164],[-172.45175199955506,32.352146100062612],[-172.44654799969035,32.38669969973148],[-172.44203200007667,32.421329499856654],[-172.43823200020657,32.45602039992167],[-172.43516499996471,32.490756999935741],[-172.43281599955867,32.525535600088006],[-172.43116800000311,32.560352300018792],[-171.64051800020547,32.58369060014121],[-171.63986199963151,32.630126999561526],[-171.64013699972267,32.676567099692022],[-171.64138799985622,32.722999599651928],[-171.64360000023973,32.76940160000396],[-171.64677400002,32.81576539985349],[-171.65092499988876,32.862075799758486],[-171.65602100016895,32.908321399912836],[-171.6620939996383,32.954479200155106],[-171.66912800025693,33.000541700139479],[-171.67713900006473,33.046505000405602],[-171.68609600033008,33.092330899551541],[-171.6960299997846,33.138023399560382],[-171.70690899965055,33.183563200081778],[-171.71876499960499,33.228931400064198],[-171.73155200022455,33.274124100047345],[-171.74531600003331,33.319122300054232],[-171.76002500025348,33.363910699919018],[-171.77568100007801,33.408470199839996],[-171.79228200031397,33.452796900356816],[-171.80981400031578,33.496871900418],[-171.82830799971433,33.540687599853015],[-171.84771699993951,33.584220899574973],[-171.86805699993053,33.62746430013749],[-171.88931299989494,33.670402499575857],[-171.91149899957909,33.713016499711841],[-171.93458600034356,33.755298599650814],[-171.95858800013602,33.797237399586493],[-171.98349000006337,33.83882139988782],[-172.00927700033321,33.880027800043081],[-172.03595000009236,33.920848800232079],[-172.06352199994026,33.961276999933773],[-172.09194899964655,34.001285600250412],[-172.1212310001105,34.040878300093595],[-172.1513820001791,34.080028500215235],[-172.18237300031365,34.118736300440048],[-172.21421800026042,34.156978599882621],[-172.24688700043464,34.194744100360083],[-172.28037999993697,34.23202900043816],[-172.31466700008193,34.268810299955533],[-172.34977700040815,34.305087999811462],[-172.385665999786,34.340839400218272],[-172.42231800017549,34.376064299727773],[-172.45976300026217,34.410739899626833],[-172.49795499972339,34.444858599744748],[-172.53691100024238,34.478412600261436],[-172.57656899985938,34.511390700120842],[-172.61698900044195,34.543773699696601],[-172.65808099963834,34.575565299698951],[-172.69990500021552,34.60674669980051],[-172.74240100030585,34.637302400185774],[-172.78556799986322,34.667236300315153],[-172.82939099999459,34.696533199847465],[-172.8738709998467,34.725173999880326],[-172.91896099995012,34.753158599689755],[-172.96467600009726,34.780475600368788],[-173.0110019996425,34.807121300307927],[-173.05790699980813,34.833072700245054],[-173.10539199974093,34.858337400350877],[-173.15344199964849,34.882900200284155],[-173.20202599989989,34.906749700238606],[-173.25114399959583,34.929881999854558],[-173.30075100025837,34.952293400220412],[-173.35087599962762,34.973964699911107],[-173.40148899991735,34.994899700361032],[-173.4525300001593,35.01508709978998],[-173.50404399973073,35.034515400365592],[-173.55598400006147,35.053188300100089],[-173.60835300039059,35.071094499911396],[-173.6610869995653,35.088226299804035],[-173.71421799996065,35.104579900142426],[-173.76770000035467,35.120155300027193],[-173.82153299984799,35.134937300016531],[-173.87568699975515,35.14892580028561],[-173.93014500019154,35.162117000299475],[-173.98490900035,35.174507100422488],[-174.03993199986184,35.186084699949106],[-174.09519999988001,35.196853600313545],[-174.15071100031233,35.206810000081589],[-174.20645099961388,35.215946200157134],[-174.26237500020602,35.224262199640918],[-174.31849700003644,35.2317542996214],[-174.3747559998894,35.238422400273691],[-174.43116799960342,35.244258899628676],[-174.48770100040076,35.249263800384199],[-174.5443419998833,35.25344090037737],[-174.60107399996505,35.25678630014778],[-174.65785200036945,35.259296399709228],[-174.71470599978198,35.260963400140952],[-174.77157599993237,35.261798899999405]]]},"properties":{"objectid":3581,"radii":34,"stormid":"cp012026","basin":"cp","stormnum":1,"advnum":"41","validtime":"2026082400","synoptime":"2026082212","timezone":"UTC","tau":36,"ne":160,"se":120,"sw":100,"nw":130,"idp_source":"cp012026_2026082215_forecastradii","idp_filedate":1787414561000,"idp_ingestdate":1787414602000,"st_area(shape)":17.332114327022143,"st_perimeter(shape)":16.698927679559951,"binnumber":"CP2"}},{"type":"Feature","id":3582,"geometry":{"type":"Polygon","coordinates":[[[-174.79130599967206,33.431812299598107],[-174.80696100034982,33.265449500394254],[-174.82084700038868,33.265243499887731],[-174.83473200038145,33.264839199769426],[-174.84860199968247,33.264221200048496],[-174.86245700009042,33.263408700351363],[-174.87628200001421,33.262386299788034],[-174.89010599989192,33.261161799977231],[-174.90388500039239,33.259738899830495],[-174.9176330003626,33.258110000076613],[-174.93135099984869,33.25627900017588],[-174.94502299991143,33.254245800303579],[-174.95866400034328,33.252017999731038],[-174.97224399976071,33.249584199551293],[-174.98576400000852,33.246948200299357],[-174.99923699988756,33.244117700171898],[-175.01264999969766,33.24109270006818],[-175.02598599955417,33.237865400168232],[-175.03926100019493,33.234443700116799],[-175.0524600000289,33.230831100075363],[-175.06556700011689,33.227024099882442],[-175.0785980002974,33.2230224998886],[-175.09155299967114,33.218830099729473],[-175.10440100040577,33.214450799764734],[-175.11715699959578,33.209880800358803],[-175.12982199998524,33.205120099712985],[-175.14239499972939,33.200180100331522],[-175.15484600014273,33.195053100420409],[-175.16719100016445,33.189746899799729],[-175.17942799970234,33.184261299719367],[-175.19152800011705,33.178592700193121],[-175.20352200014011,33.172744800132591],[-175.21539299988697,33.166721300247957],[-175.22712699961127,33.160530100184133],[-175.23872400021236,33.154167199756614],[-175.25019799963789,33.147628800229086],[-175.26152000014781,33.140926400333228],[-175.2727200004276,33.134059900244324],[-175.28375200015461,33.127029399787091],[-175.29463200006668,33.119834899860905],[-175.3053739999101,33.112483999736924],[-175.31594800010004,33.104972799954908],[-175.32636999957575,33.097312899970518],[-175.33662400029729,33.089492800152755],[-175.34670999956674,33.081527699943535],[-175.35662800008205,33.07342149970259],[-175.36637900009072,33.065162699798918],[-175.37596100039977,33.056766499674382],[-175.38536100040977,33.048229200417438],[-175.39456200023605,33.039558400399983],[-175.40359500040887,33.030746500350858],[-175.41243000044409,33.021804800251459],[-175.42109699992653,33.012733499751334],[-175.42955000033217,33.003540000270959],[-175.43782000039263,32.994224499661073],[-175.4458920003155,32.984786999720427],[-175.45376600010076,32.975231200259827],[-175.46142599990989,32.965564699651338],[-175.46890300027317,32.955783799882624],[-175.47615099996861,32.945896100225013],[-175.48320000037964,32.935901599779129],[-175.49005099975375,32.925808000339089],[-175.49667400030481,32.915611299921693],[-175.50309799977279,32.905322999956638],[-175.50927699963376,32.89493939973363],[-175.51527400009496,32.884464299787737],[-175.5210270000959,32.873905199565456],[-175.52656600012074,32.863262199790825],[-175.53187600037705,32.852539100099534],[-175.5369719997579,32.841739700127221],[-175.54184000031569,32.830871600044475],[-175.54646300036711,32.819927199680649],[-175.55087299958919,32.808921800101132],[-175.55505399994206,32.797851599871592],[-175.55898999978859,32.786716500066575],[-175.56271399975122,32.775531799952773],[-175.56619300010681,32.764293699894495],[-175.56942699995602,32.753002199891739],[-175.57243300008281,32.741668699750846],[-175.57521099958788,32.730293300195797],[-175.57774400038522,32.718872099967598],[-175.5800479996154,32.707420300306751],[-175.58210800018398,32.695938099963485],[-175.58392300024619,32.684421499652615],[-175.58550999968665,32.672885900264248],[-175.58685299956619,32.661323500179549],[-175.58793600004628,32.649749800113341],[-175.58880599969706,32.638156900420768],[-175.58943199978688,32.626556399658284],[-175.58979799957794,32.614944499988837],[-175.58995100033832,32.603328699959661],[-175.39239500012908,32.594249700363548],[-175.39216600036056,32.585544600203264],[-175.39173899955512,32.576839400218262],[-175.39114399999553,32.568141900228682],[-175.39036600009075,32.559455899870045],[-175.38940399979467,32.550781200392237],[-175.38826000009885,32.542125699641474],[-175.38696299964263,32.533485400131269],[-175.38545200010964,32.524864200422655],[-175.38378899986239,32.51626969978696],[-175.38194300016926,32.507701900022823],[-175.3799130000848,32.499160800230868],[-175.37770099970129,32.490646400411208],[-175.37533600035604,32.482173900005648],[-175.37277199992778,32.473731999931999],[-175.37005599968455,32.465328199636872],[-175.36715699999547,32.456966400379201],[-175.36408999975362,32.448650399996097],[-175.36085499985828,32.440383900097061],[-175.35743699961776,32.432163199971853],[-175.35385099972379,32.423992199980205],[-175.35009800022246,32.415874500108259],[-175.34619099991463,32.407813999816369],[-175.34210200020706,32.399814600363641],[-175.33785999973912,32.391872399591705],[-175.33346600035557,32.383998899829521],[-175.32890300037309,32.376190199817984],[-175.32415800009156,32.3684464002813],[-175.31927499974137,32.360774999766591],[-175.31423999957624,32.353176099897212],[-175.30903599971154,32.345653500308913],[-175.3036800000319,32.338207200102374],[-175.29817199963799,32.330841099637155],[-175.29252600007476,32.323562600333901],[-175.28672799979728,32.316360500237067],[-175.28077699965874,32.309246100227483],[-175.27467299965915,32.30222319994084],[-175.26843299968311,32.295291900101233],[-175.26205399959233,32.288448300348932],[-175.25553900042445,32.281703900314881],[-175.24888600028862,32.2750549003635],[-175.24209600013023,32.268505100130426],[-175.23516799990321,32.262054399790884],[-175.22811900039147,32.255706800428641],[-175.22093199991178,32.249465900231257],[-175.21362300010131,32.243331899747545],[-175.20619200006067,32.237304700051993],[-175.19862399999752,32.23138809988103],[-175.19094800034986,32.225582100133977],[-175.18315099961887,32.219894399906764],[-175.17524700024879,32.21431730010346],[-175.16722099974928,32.208858499820053],[-175.15908799971135,32.203521699766782],[-175.15083300034263,32.198295599962137],[-175.1424870003747,32.193199200382935],[-175.13404799971534,32.188228599770184],[-175.12548799977131,32.183380100111663],[-175.11685199991979,32.178657500143686],[-175.10810899963056,32.17406079986614],[-175.09927399959534,32.169597600349107],[-175.0903320000217,32.165260299623299],[-175.08132900033303,32.161056499657889],[-175.07223500004514,32.156993900448299],[-175.06304900001126,32.15305710020516],[-175.05378700006992,32.149253799823157],[-175.04446400001351,32.145595599657327],[-175.0350490002111,32.142070800427234],[-175.02557400033976,32.138683299794593],[-175.0160219996155,32.135433200282137],[-175.00642400036725,32.132331800072677],[-174.99675000031218,32.12936400044839],[-174.98700000034967,32.126544999951932],[-174.97721899985689,32.123866999662425],[-174.96737700014836,32.121334099589149],[-174.95748900011719,32.118942300446975],[-174.94755599980948,32.116703000243433],[-174.93757600003229,32.114604899896335],[-174.92753600018619,32.112659499936115],[-174.91749600034007,32.110855100182846],[-174.90739400033277,32.109203300092361],[-174.89726299988746,32.107700300028966],[-174.8870999997651,32.106346099992663],[-174.87692299989646,32.105140699983451],[-174.86671400035075,32.104084000176613],[-174.85647600036705,32.103176100396865],[-174.84623700033723,32.102420800279845],[-174.83598299961565,32.101814300189972],[-174.82569900020863,32.101364099573686],[-174.81542999969466,32.101062799708586],[-174.80514500024148,32.10091020004586],[-174.79487599972754,32.10091020004586],[-174.78459200032049,32.101062799708586],[-174.77430699996799,32.101364099573686],[-174.76403800035337,32.101814300189972],[-174.75378399963179,32.102420800279845],[-174.74352999980957,32.103176100396865],[-174.73330699961826,32.104084000176613],[-174.72309900011868,32.105140699983451],[-174.71290600041152,32.106346099992663],[-174.70275900012768,32.107700300028966],[-174.69262699963625,32.109203300092361],[-174.68252599967508,32.110855100182846],[-174.67246999999043,32.112659499936115],[-174.66244499993672,32.114604899896335],[-174.65246600020566,32.116703000243433],[-174.64253199985183,32.118942300446975],[-174.63262900002826,32.121334099589149],[-174.62278700031973,32.123866999662425],[-174.61300699987308,32.126544999951932],[-174.60327099965684,32.12936400044839],[-174.59359699960177,32.132331800072677],[-174.58400000039961,32.135433200282137],[-174.57444799967536,32.138683299794593],[-174.56497199975792,32.142070800427234],[-174.55555699995551,32.145595599657327],[-174.5462339998991,32.149253799823157],[-174.53697199995776,32.15305710020516],[-174.52778599992388,32.156993900448299],[-174.51869199963599,32.161064099828479],[-174.50967400015492,32.165260299623299],[-174.5007480004198,32.169597600349107],[-174.49191300038459,32.174064600401152],[-174.48317000009536,32.178657500143686],[-174.47451800040531,32.183383899747298],[-174.46597300025368,32.188228599770184],[-174.45751999984805,32.19320300001857],[-174.44917299983399,32.198303200132727],[-174.44093300025767,32.203521699766782],[-174.43280000021977,32.208858499820053],[-174.42477399972023,32.21431730010346],[-174.41687000035017,32.219894399906764],[-174.40907299961916,32.225582100133977],[-174.4013820001791,32.23138809988103],[-174.39382899990835,32.237308499687629],[-174.38639799986771,32.243331899747545],[-174.37908900005723,32.249465900231257],[-174.37190199957755,32.255710600064276],[-174.36483800027341,32.262054399790884],[-174.35792499983879,32.268505100130426],[-174.35113499968043,32.275058699999136],[-174.34448200044389,32.28170779977529],[-174.33796700037669,32.288452099984568],[-174.33157299959419,32.295291900101233],[-174.32533299961815,32.30222319994084],[-174.31924400031028,32.309253700398074],[-174.31329300017174,32.316364299872703],[-174.30749499989426,32.323562600333901],[-174.30184900033103,32.330841099637155],[-174.29634099993712,32.338211099562727],[-174.29098500025748,32.345657299944605],[-174.2857820004389,32.353179900432224],[-174.28073100043525,32.360774999766591],[-174.27584800008506,32.3684464002813],[-174.27111799959593,32.376190199817984],[-174.26655599965957,32.383998899829521],[-174.2621460004375,32.39187620012666],[-174.25790399996956,32.399814600363641],[-174.25383000005439,32.407817800351324],[-174.24992399979268,32.415874500108259],[-174.24617000024523,32.423992199980205],[-174.24258400035126,32.432163199971853],[-174.23916600011074,32.440383900097061],[-174.2359310002154,32.448654199631733],[-174.23286399997355,32.456970200014837],[-174.22996500028447,32.465332000171827],[-174.22724900004124,32.473731999931999],[-174.22468599965907,32.482173900005648],[-174.22230499957598,32.490650200046844],[-174.22010799988422,32.499160800230868],[-174.21807899984589,32.507701900022823],[-174.21623200010666,32.51626969978696],[-174.21455400006698,32.524868000058291],[-174.21305800032638,32.533489199766905],[-174.21174600007777,32.542129500176429],[-174.21061700017435,32.550788900387602],[-174.20965599992439,32.559455899870045],[-174.20886200018109,32.568145799689034],[-174.2082820004139,32.576843299678671],[-174.20785499960846,32.585544600203264],[-174.20762599983993,32.594257400358856],[-173.81257599958263,32.603393600434458],[-173.81272900034301,32.617916100148022],[-173.81317100004154,32.632427200055361],[-173.81390399966978,32.646930699792108],[-173.81495699966572,32.661418900262163],[-173.81629900039849,32.675895700026672],[-173.81793200016159,32.690345799818942],[-173.81988500029246,32.704772900349212],[-173.82212800030689,32.719165799662051],[-173.82467700004344,32.733524299906662],[-173.82751499961745,32.747844700372752],[-173.8306579997668,32.762123099801386],[-173.83407600000731,32.776348100184805],[-173.83782999955477,32.790523500259496],[-173.84184300025419,32.804637900219063],[-173.84617600042202,32.81869890023421],[-173.85076899998927,32.832687399603969],[-173.85568199992429,32.846607199762616],[-173.86086999995047,32.860454599999912],[-173.86636399969876,32.874221799596512],[-173.87213100034532,32.887905099640761],[-173.87817400022985,32.901504500132717],[-173.88452099974427,32.915012400002411],[-173.8911440002953,32.928424799964716],[-173.89804099999208,32.941738100033433],[-173.90522799957245,32.954948399848945],[-173.9126740003048,32.968048100139868],[-173.92041000002141,32.981037100182164],[-173.9284060000368,32.993911700164972],[-173.93667600009726,33.006671900088236],[-173.94520599955715,33.019298600150421],[-173.95400999996144,33.031806899968615],[-173.96305799992669,33.0441741995798],[-173.9723820000292,33.05641560039976],[-173.98196400033828,33.068515799564636],[-173.99177599956266,33.080467199601742],[-174.00186199973143,33.09228130014202],[-174.01219200036044,33.10393910030939],[-174.02276599965109,33.115444200089883],[-174.03356899960957,33.126792899672751],[-174.04461700007442,33.137981400321507],[-174.05590800005407,33.149005899702672],[-174.06739800021745,33.159862500154418],[-174.07914699973418,33.170547500067244],[-174.09111000012632,33.181056999980683],[-174.10330200028702,33.19139099989485],[-174.11569199968596,33.201541899639096],[-174.12831099975276,33.211513499748378],[-174.14112900000327,33.221294400416411],[-174.15416000018379,33.230888400379513],[-174.16738899960257,33.240291600177329],[-174.18081700010438,33.249484999833044],[-174.19442700000596,33.258491499683089],[-174.20823700013736,33.267295799561623],[-174.22222899966852,33.275894199657728],[-174.23638899975245,33.284286500321855],[-174.25074800002011,33.292465200308868],[-174.2652590001027,33.300437899789415],[-174.27993799983875,33.308193199856419],[-174.29479999991997,33.315730999785956],[-174.30979900002376,33.323047599767051],[-174.32495099998857,33.330142999799762],[-174.34027099960687,33.337017100059256],[-174.3557130003546,33.343662300375001],[-174.37130700001796,33.350078599847677],[-174.38702399995756,33.356269799911502],[-174.4028779999197,33.362220800050011],[-174.41885400011193,33.367946600055689],[-174.43495199963499,33.373432200136051],[-174.45115699959578,33.378684999912934],[-174.46746799994816,33.38369370030415],[-174.48390199967747,33.388465899681648],[-174.50042700000597,33.392986299678114],[-174.51702900028806,33.397270199560182],[-174.53373700006242,33.401310000056583],[-174.55053699958279,33.405098000272631],[-174.56738300032512,33.408645600014552],[-174.58431999986803,33.411941500200214],[-174.60133400026382,33.414985699930241],[-174.61839300003686,33.417777999555199],[-174.63552899976347,33.420326199794431],[-174.65269499997419,33.422622699578085],[-174.66992200030001,33.424655900349649],[-174.68719500004914,33.426444999936962],[-174.70448299959068,33.42797849960823],[-174.72180199966249,33.429252599727818],[-174.73916600001081,33.430278799926839],[-174.75653100040526,33.431045499850086],[-174.77392600038453,33.431556699682062],[-174.79130599967206,33.431812299598107]]]},"properties":{"objectid":3582,"radii":50,"stormid":"cp012026","basin":"cp","stormnum":1,"advnum":"41","validtime":"2026082400","synoptime":"2026082212","timezone":"UTC","tau":36,"ne":50,"se":30,"sw":30,"nw":40,"idp_source":"cp012026_2026082215_forecastradii","idp_filedate":1787414561000,"idp_ingestdate":1787414602000,"st_area(shape)":1.5243148798268098,"st_perimeter(shape)":5.0218331272989989,"binnumber":"CP2"}},{"type":"Feature","id":3583,"geometry":{"type":"Polygon","coordinates":[[[-175.37503099978073,35.529075599959128],[-175.42132599969506,35.19635390011257],[-175.46394299996939,35.195732099856684],[-175.50654599959813,35.194484699709278],[-175.54911799959592,35.192615500205306],[-175.59164400017039,35.190128300081142],[-175.63409399993807,35.187023200060764],[-175.67646799979829,35.183296199959784],[-175.71876499970489,35.178943599967283],[-175.76095600011922,35.173980700249274],[-175.80302400025732,35.168407400081605],[-175.84493999968117,35.162212400382145],[-175.88674899956661,35.155407000233026],[-175.92837500000618,35.14799500016926],[-175.96983299989296,35.139976500015621],[-176.01110800033388,35.131351499772052],[-176.05216999994548,35.122127499784426],[-176.09303300027267,35.112304699702293],[-176.13366699993202,35.101886700411058],[-176.17407199982287,35.090877500296529],[-176.21421800036035,35.079280899893774],[-176.25408899990734,35.067092899917554],[-176.29368600030858,35.054336499629926],[-176.33300799971934,35.040996600313008],[-176.37200899961556,35.027084400324952],[-176.41070599988191,35.012607599661123],[-176.44906599989591,34.997569999755854],[-176.48707599995737,34.981967899898791],[-176.52474999981257,34.965824099702559],[-176.56205699983062,34.949119600089602],[-176.5989840003113,34.931881000308067],[-176.63552900026309,34.91410449982294],[-176.67167699989355,34.895797699704246],[-176.70739699957178,34.876968399771954],[-176.74270600008177,34.857620200012377],[-176.77758799978628,34.837757099710529],[-176.81201199995377,34.817386600111661],[-176.84597799968486,34.796520199947395],[-176.87948599987891,34.775157900117165],[-176.91252099984419,34.753314999887493],[-176.94505299999588,34.73098749997331],[-176.97711199991878,34.708187099655049],[-177.00865200018958,34.684928900348609],[-177.03968799970136,34.661212900255293],[-177.07018999976859,34.637046800269786],[-177.10014299969961,34.612438199663302],[-177.12957800002459,34.587394700405241],[-177.158431999637,34.561927800327851],[-177.18675199980487,34.536045099601836],[-177.21447799955996,34.509750399661357],[-177.24163800019349,34.483062699584082],[-177.26821900020661,34.455974599748117],[-177.29418899992234,34.428504899581583],[-177.31957999991698,34.400657699993019],[-177.3443449998218,34.372447999875419],[-177.36848399963679,34.343887299759217],[-177.39202899993833,34.314968100197802],[-177.41491699961975,34.285713199904421],[-177.43718000015681,34.256126400313292],[-177.45880099986618,34.226226800326742],[-177.479766999947,34.196006799774125],[-177.5000760003071,34.165492999702337],[-177.51973000013933,34.134689299571676],[-177.53871199955907,34.103599499917152],[-177.55703700015735,34.07223510036971],[-177.57466099990515,34.040611300371381],[-177.5916140001859,34.008735700092643],[-177.60789500005413,33.976615899704143],[-177.6234739999251,33.944263499560975],[-177.63836699963724,33.911689799644705],[-177.65254200041292,33.878906199761445],[-177.66604599992289,33.845916700095756],[-177.67881799985074,33.812744100260147],[-177.69088699973517,33.779380800084027],[-177.70225499966841,33.745845800443476],[-177.71289100001957,33.712154399705923],[-177.72282400032728,33.678310400204964],[-177.73205599978448,33.644329100307857],[-177.74053999982107,33.610221899820942],[-177.74832199986034,33.57598879964354],[-177.75537100027137,33.541652700112138],[-177.76167300040856,33.507213600327532],[-177.76727299964915,33.47269439972689],[-177.77215599999931,33.438091299573955],[-177.77629100002954,33.40343090001619],[-177.77970900027006,33.368709600168074],[-177.78237900019064,33.333946200356991],[-177.78434800016001,33.299144699868123],[-177.78558299955571,33.264324200301758],[-177.78608700031475,33.229492200205016],[-177.78585799964688,33.194652599937683],[-176.99020400021436,33.178272199802336],[-176.98928800024095,33.15505599973477],[-176.98791499987726,33.131858799644021],[-176.98603799965389,33.108684499889875],[-176.98367300030864,33.085540799568378],[-176.98084999962771,33.0624389995603],[-176.9775389998249,33.039375300230063],[-176.97374000000093,33.0163650997697],[-176.96948199969447,32.993415799599632],[-176.96473700031223,32.970531499729077],[-176.95953399959433,32.947723400314828],[-176.95385700040018,32.924987799747328],[-176.94769300033164,32.902339900166396],[-176.9410859996191,32.879787399768816],[-176.93398999973863,32.857334099988861],[-176.92645300020573,32.834991499558214],[-176.91844200039793,32.812755600091009],[-176.90998799994617,32.790649399949984],[-176.90109299984201,32.768657699693222],[-176.8917079996244,32.746807100367505],[-176.88191200023854,32.725097699999026],[-176.87165800041632,32.703533200197171],[-176.86096199999622,32.6821213000581],[-176.8498379996239,32.66086580011671],[-176.83825699976066,32.639778100179342],[-176.82626299973757,32.618862200430328],[-176.8138579996469,32.5981254995923],[-176.80100999981155,32.577568100187818],[-176.78774999986254,32.557209000395176],[-176.77407799979977,32.53704450040351],[-176.76001000036115,32.517082200383413],[-176.74551400007098,32.497329699606098],[-176.73062100035881,32.477786999870318],[-176.71534700016386,32.458469400442596],[-176.69966099985518,32.439373000064052],[-176.68360899975545,32.420509300164213],[-176.66716000023374,32.40188599983918],[-176.65034500002167,32.383499099803771],[-176.6331629999724,32.365367900408444],[-176.61563099997059,32.347488399670056],[-176.59771700033923,32.329864499747032],[-176.57945299985599,32.312507600445542],[-176.56083700022731,32.295421600326733],[-176.54186999970065,32.278610200100786],[-176.52258299970561,32.262073499592475],[-176.50297500019602,32.24581909987171],[-176.4830169998346,32.229858399845398],[-176.46273799995865,32.214191400412915],[-176.44216900019913,32.198822000135351],[-176.42128000007187,32.183754000446925],[-176.4000850002225,32.168994899894869],[-176.37860099963635,32.154548599738234],[-176.35682700006592,32.140415199801794],[-176.33477800040433,32.126602200431364],[-176.31245399975222,32.113113400363261],[-176.28987099974677,32.099956499592906],[-176.26699799985772,32.087120100112656],[-176.24389600020018,32.074630700446619],[-176.22053500028997,32.062477100438002],[-176.19692999991949,32.050666800432623],[-176.17311099957288,32.039199800430595],[-176.14904799966538,32.028087600062861],[-176.12477099978173,32.01732250023332],[-176.10028099996811,32.006919900033495],[-176.07559199997075,31.996873899910725],[-176.0507049998358,31.987188300399907],[-176.02560399972472,31.977869000154385],[-176.00035099979874,31.968913999981282],[-175.974898999689,31.960332900143385],[-175.94929499976436,31.952125500091881],[-175.92352300018624,31.944288299665459],[-175.89761399968626,31.936836199730976],[-175.87153600038604,31.929756199688995],[-175.84533700000247,31.923059499696308],[-175.81898499975784,31.916748000020334],[-175.79252599997486,31.910823799678781],[-175.76596099980023,31.905286799746136],[-175.73928800004109,31.900136900397797],[-175.71250899989036,31.895376199751979],[-175.68563799999362,31.891006500050082],[-175.65869100018944,31.887033500295956],[-175.63165299978604,31.883455300222067],[-175.6045679999132,31.880268100192836],[-175.57740800017899,31.87747760011132],[-175.55020100007602,31.875083899802291],[-175.52296400038824,31.87309069997599],[-175.49566699973218,31.871492399654642],[-175.46835300009081,31.87030029971919],[-175.44102499980383,31.869497299560862],[-175.41368099967832,31.869100599613148],[-175.38130200028701,31.370008500392146],[-175.34390299962365,31.370557800002587],[-175.30651899965204,31.371650700219789],[-175.26916500016455,31.373290999779954],[-175.23184200030801,31.37546920004371],[-175.19457999966718,31.378198600185385],[-175.15736400024835,31.381469699766967],[-175.12023899963006,31.385284399955253],[-175.08317600007226,31.389642699850867],[-175.04620400021437,31.394538899550696],[-175.00933799984873,31.399976699765034],[-174.97257999996694,31.405952499608304],[-174.93594400031529,31.412462199970719],[-174.89945999957925,31.419504200058952],[-174.86309799997264,31.427078200398796],[-174.82688900022711,31.435186399832617],[-174.79086299992744,31.443819000246833],[-174.75500500018055,31.452972399856492],[-174.71931500008711,31.462654099906956],[-174.6838379999237,31.472854599959987],[-174.64857499973638,31.48357010037995],[-174.61352500037839,31.49479870000016],[-174.57869000014333,31.50654029989505],[-174.54408299963066,31.518791200253816],[-174.50973500026998,31.531539899646816],[-174.47564700030875,31.544790300232307],[-174.44181799970085,31.558534600391624],[-174.40826400008345,31.572772999774259],[-174.37500000034967,31.587501499994346],[-174.34204100029186,31.602710700438593],[-174.30938699991003,31.618398699940201],[-174.27703900014967,31.634561500113307],[-174.24500999981157,31.651193599804913],[-174.21331799972583,31.668292999822256],[-174.18199200033047,31.685854000262054],[-174.15098600040352,31.703865099694724],[-174.12036100006003,31.722326299918961],[-174.09010299955372,31.741235699767856],[-174.06022600042951,31.760585799794967],[-174.03073100003556,31.780363100276986],[-174.00164799975531,31.800573300217764],[-173.97296099975026,31.82120509963579],[-173.94468699990506,31.842250800334284],[-173.91683999996596,31.863704699712287],[-173.88941999993298,31.885560999840436],[-173.86244199959853,31.907817799551935],[-173.83592199970045,31.930463799764709],[-173.80984500044633,31.953495000294197],[-173.78425600031409,31.976901999627728],[-173.75910899988037,32.000682800371067],[-173.73445100041326,32.024822200384392],[-173.71029699990655,32.049324000202603],[-173.6866149995825,32.074165300388472],[-173.66345199980987,32.099357599673624],[-173.64079299989695,32.124877899695434],[-173.61865199959004,32.150726300278677],[-173.59701500004215,32.176895099629292],[-173.57592799977729,32.203376800099363],[-173.55538899960257,32.230167399705863],[-173.53537000002541,32.257247900270499],[-173.51589999968516,32.284614600183772],[-173.49700899996529,32.312263500160554],[-173.4786680004278,32.340187099854916],[-173.46089199996575,32.368373899635912],[-173.44369500012408,32.396808600236852],[-173.42707800004959,32.425498999679235],[-173.41104099974226,32.45442580031056],[-173.39558400010145,32.483577700350736],[-173.38073699981263,32.512954699799707],[-173.3664860000288,32.542545299925791],[-173.35284399955086,32.572338100023444],[-173.33981300026966,32.602321599562288],[-173.32739300038659,32.632495900165793],[-173.31558199980938,32.662845600044534],[-173.30441300005984,32.693363199752014],[-173.29385399966228,32.724037199657175],[-173.28393600004628,32.754863700299666],[-173.2746429995747,32.785827600263701],[-173.26600599967708,32.816925000088816],[-173.25798000007686,32.848140700333204],[-173.25062599998984,32.87947079973776],[-173.24389599990039,32.910903900294898],[-173.23783900026956,32.942432400035386],[-173.23242199957554,32.974037200056898],[-173.2276610003548,33.005725899630704],[-173.22355699995552,33.037471799683942],[-173.22010800008405,33.069274900216612],[-173.21731599993336,33.101123799623792],[-173.21519500014907,33.133010900432851],[-173.21374499983179,33.164917000319463],[-172.61657700032822,33.18934249985665],[-172.61613499973038,33.229984300235401],[-172.61653100000558,33.270622300079253],[-172.61778300018523,33.311248800292049],[-172.61988800013103,33.351852400168298],[-172.62283300014278,33.392417900266025],[-172.62664799980527,33.432933800054968],[-172.63128699969519,33.473388699728844],[-172.63678000029671,33.513767200196298],[-172.64312699981113,33.5540619000368],[-172.65033000012932,33.594257400159051],[-172.65837100042125,33.634342200032677],[-172.66726699967222,33.674301100215757],[-172.67698700004993,33.714122799827521],[-172.68757600003229,33.753803299582728],[-172.6990050000806,33.793315900408629],[-172.71125800035637,33.832660700331189],[-172.72433499996021,33.8718184997241],[-172.73828100006801,33.910781899864958],[-172.75302099991913,33.949535400038826],[-172.76859999979007,33.988067600439535],[-172.78500399993456,34.026363399651302],[-172.80223100026038,34.064414999652683],[-172.82026700012187,34.102207200102328],[-172.8391110003723,34.13973619956613],[-172.85876500020453,34.176982900040969],[-172.87921099968781,34.213931999562249],[-172.90046699965222,34.250579800117805],[-172.92250100042077,34.286914800277941],[-172.94531200014862,34.322921799701419],[-172.96890299987348,34.358585400196205],[-172.99325599966457,34.393897999793012],[-173.01838700025976,34.428859700115197],[-173.04426600027563,34.463439899931586],[-173.07090800040382,34.49763869996616],[-173.09828200011412,34.53144840022361],[-173.12637299961418,34.564853699638661],[-173.15521200033348,34.597835500208305],[-173.18476899998927,34.630397800318349],[-173.21502699959629,34.662521400342484],[-173.24597200030749,34.694198600285347],[-173.27763399990909,34.725421899801006],[-173.30996699987708,34.756172199987191],[-173.34297200025753,34.786453199755499],[-173.37661699957479,34.816242200217516],[-173.41093400020387,34.845535300114136],[-173.44589199981587,34.874324800349427],[-173.48149100020942,34.902599300217673],[-173.51769999995497,34.930347399912705],[-173.5545040001594,34.957561500163251],[-173.59191899976196,34.984237699710206],[-173.62992899982342,35.010360700186311],[-173.66850299981351,35.035926799981951],[-173.70764199977839,35.060928300001194],[-173.74734499967192,35.085346200267054],[-173.78756700011689,35.109188100050915],[-173.82832300000638,35.132438700086084],[-173.86958299975555,35.155086499842241],[-173.91134600021766,35.177131699868198],[-173.95359799984774,35.198566399619779],[-173.99632299970659,35.219368000033342],[-174.03950499995571,35.23955540036161],[-174.08314499974188,35.25910570026798],[-174.12719699964174,35.278011299581976],[-174.17167700039317,35.296276099562476],[-174.21655299962117,35.313888499854556],[-174.26181000023126,35.330841099936947],[-174.30744899957159,35.347126000164906],[-174.35347000034017,35.362751000358514],[-174.39981099967781,35.377689399646215],[-174.44648700007491,35.391960099978803],[-174.49346900019412,35.405540499594508],[-174.54075599998933,35.41843409955419],[-174.58834800035984,35.430633500236013],[-174.63618500033743,35.44213869984128],[-174.68426499982979,35.452945699984184],[-174.73258999982855,35.463043199784011],[-174.78114300044905,35.472434999775544],[-174.8298950003539,35.481117199599225],[-174.87884500039638,35.489082299808445],[-174.92794800029989,35.496337899674472],[-174.97721899985689,35.502872499566365],[-175.02664200012813,35.508686100383386],[-175.07617199993777,35.51377489979194],[-175.12579300034662,35.518146499761315],[-175.17553700013238,35.521785699950215],[-175.22534200003321,35.524700200354118],[-175.27519200021055,35.526889800424101],[-175.3251039996498,35.528343200178711],[-175.37503099978073,35.529075599959128]]]},"properties":{"objectid":3583,"radii":34,"stormid":"cp012026","basin":"cp","stormnum":1,"advnum":"41","validtime":"2026082412","synoptime":"2026082212","timezone":"UTC","tau":48,"ne":140,"se":110,"sw":80,"nw":120,"idp_source":"cp012026_2026082215_forecastradii","idp_filedate":1787414561000,"idp_ingestdate":1787414602000,"st_area(shape)":13.690298722421247,"st_perimeter(shape)":15.052747613962206,"binnumber":"CP2"}},{"type":"Feature","id":3584,"geometry":{"type":"Polygon","coordinates":[[[-175.39125100043324,34.031814599764118],[-175.40699799995767,33.865451799660946],[-175.42099000038814,33.865245800053799],[-175.43495200033448,33.864837599575708],[-175.44892900007321,33.864223500214507],[-175.46287500018104,33.863407100157701],[-175.47680699964323,33.862388599954045],[-175.49072300016624,33.861164100143242],[-175.50459300036661,33.859741199996506],[-175.51844799987521,33.858108499707612],[-175.53225699996051,33.856277499806936],[-175.54603599956167,33.854244200109918],[-175.55975299990095,33.852012599901684],[-175.57344099980222,33.849582700081669],[-175.58705099970379,33.846946699930413],[-175.60061600022814,33.844116199802897],[-175.61411999973814,33.841091199699235],[-175.62754800023995,33.837863899799288],[-175.64091499972739,33.834442099923137],[-175.65419000036815,33.830829599706419],[-175.66740399999452,33.827018700053088],[-175.68052699992103,33.823013300423611],[-175.69355800010155,33.818824799724894],[-175.70651200032847,33.814441700124519],[-175.71936000016379,33.809875500354224],[-175.73211700029924,33.805114699883632],[-175.74476599995086,33.800170899967213],[-175.75730900011018,33.795047800415773],[-175.7697300000394,33.78973770033474],[-175.7820590002226,33.78424840044346],[-175.79423499964545,33.778575899658165],[-175.80632000026773,33.77273180013259],[-175.81826799996816,33.76670840007273],[-175.83007799959992,33.760513299649176],[-175.8417659999009,33.754146599586022],[-175.85331700017935,33.747611999694186],[-175.86473100043526,33.740909599798329],[-175.87597700013836,33.734039300073789],[-175.88709999956527,33.727008799616556],[-175.8980560002841,33.719818100225268],[-175.90885900024259,33.712459599930753],[-175.91952500017854,33.70494840014868],[-175.93000799976929,33.697284699629336],[-175.94033800039833,33.689472199982163],[-175.95048499978284,33.681503300137308],[-175.96048000025175,33.673397099896363],[-175.97029100032933,33.665134399632962],[-175.97991900006173,33.656738300232519],[-175.9893949999792,33.648201000076256],[-175.99867199971294,33.63952259988821],[-176.00775100020843,33.630718200184958],[-176.01666300019724,33.621776599910277],[-176.0253749999562,33.612701399949799],[-176.03388999962371,33.603508000294141],[-176.04222099979921,33.594188700048619],[-176.05033900004474,33.584754899918835],[-176.05827299989895,33.57519529992328],[-176.06597900003075,33.565525100403192],[-176.07350199981735,33.555744199735159],[-176.08081099962786,33.545852700441912],[-176.08790600036156,33.535858199996085],[-176.09480300005833,33.525764499831951],[-176.10145600019419,33.51557159994951],[-176.10792499993872,33.50527950034882],[-176.11415100016845,33.494892099590857],[-176.12017800021445,33.484420800179919],[-176.12596099980021,33.473861699957638],[-176.13154600014772,33.463218700183006],[-176.13690199982736,33.452491799956761],[-176.14201399994607,33.441696199620083],[-176.14691200008866,33.430820500266009],[-176.15158099956341,33.419879900437195],[-176.15600600037655,33.408870700322723],[-176.16021700031425,33.397800400268409],[-176.1641849998378,33.386669199923801],[-176.16792300044605,33.375480700174307],[-176.17141699969471,33.364238699756356],[-176.1746830001203,33.352951000288556],[-176.17771899983191,33.341617599972381],[-176.18049600019017,33.330238300057658],[-176.18305999971915,33.318817099829459],[-176.18536399984865,33.307369199629022],[-176.18742400041722,33.295879400014428],[-176.18925500031793,33.284370399874206],[-176.19085699955082,33.272830999950827],[-176.19220000032968,33.261268599866128],[-176.19329799970285,33.249691000339567],[-176.19416800025294,33.238098099747674],[-176.19479400034277,33.226501500244183],[-176.19517499992622,33.214889499850699],[-176.19531199994876,33.203273799646297],[-175.39999399982315,33.199996900336828],[-175.39482099958937,32.700908699676916],[-175.38447600006728,32.701065099874597],[-175.37412999959972,32.701362600104062],[-175.36378500007763,32.701816600355983],[-175.35345500034791,32.702423100445856],[-175.34314000041061,32.703178399663557],[-175.33285500005812,32.704082499807669],[-175.32257099975178,32.705139199614507],[-175.31233199972195,32.706344599623719],[-175.30209399973822,32.707698799660022],[-175.29190100003106,32.709201799723417],[-175.2817379999087,32.710853599813902],[-175.27160600031658,32.712654100106761],[-175.26152000014781,32.714607200062403],[-175.25146499960996,32.716701499874489],[-175.24147000004041,32.718940700253256],[-175.23150600010175,32.721332600119524],[-175.22160300027818,32.723865500192801],[-175.21174599987791,32.726539600122578],[-175.20194999959273,32.729362500079446],[-175.19221500032194,32.732326500068041],[-175.18254100026687,32.735431699913192],[-175.17292800032689,32.738674200154378],[-175.16339100029435,32.742061600062925],[-175.15391500037688,32.74559019982803],[-175.14453100020543,32.749252300353533],[-175.13519300035659,32.753051800200581],[-175.12596100000007,32.75698470008399],[-175.11680599959712,32.761051199653309],[-175.10772700000098,32.765254999618662],[-175.09875499994322,32.769592300344527],[-175.08984400000051,32.774055499861561],[-175.08103900044944,32.778648399604094],[-175.07234199958353,32.783370999572128],[-175.06372100042375,32.788219500129969],[-175.05522199969545,32.793193799654262],[-175.04682900025807,32.798286399597828],[-175.03851299987497,32.803504900131202],[-175.03033400041372,32.808845499820109],[-175.02224699979914,32.814304399928233],[-175.01428200031398,32.819881399906819],[-175.00643900015965,32.82556919995875],[-174.99871800023544,32.831371300245451],[-174.99110399984963,32.837291700052049],[-174.98361199969395,32.843315100111909],[-174.9762569995608,32.849449200420395],[-174.96900899986537,32.855693800428696],[-174.96191400003102,32.862041499615657],[-174.95494100042674,32.868488299595469],[-174.94811999973811,32.8750380998286],[-174.94140600038654,32.881687199604698],[-174.93484499999667,32.888431499814033],[-174.92842099962937,32.895271299930698],[-174.92215000002241,32.902206400305261],[-174.91599999970015,32.909225500056948],[-174.91001899997678,32.916339900066475],[-174.90417500027596,32.923538199628354],[-174.89846799969834,32.93082050036594],[-174.89294400036525,32.938186599931782],[-174.88754300040907,32.945636699774013],[-174.88230900006022,32.953155499726677],[-174.87722799957245,32.960754399595999],[-174.87231399959134,32.968421899751036],[-174.8675540004167,32.976165800011813],[-174.8629609999501,32.983974500023294],[-174.85852100024388,32.991851800320489],[-174.85424800014502,32.999786400022515],[-174.85012799990719,33.007789600010199],[-174.84619100001456,33.015850100302032],[-174.84240699998298,33.023963899814248],[-174.83882100008901,33.032131199995035],[-174.83537300026367,33.040351900120243],[-174.83210799988422,33.048625900365153],[-174.82902499980383,33.056941999673711],[-174.82609599963061,33.065300000195009],[-174.82334899975646,33.073699999955181],[-174.82078600027361,33.08214190002883],[-174.81839000039813,33.090618100245251],[-174.81617699996849,33.099128700429333],[-174.81413300013776,33.107669800221231],[-174.81225599991438,33.116245299980733],[-174.81057699982861,33.124839799717108],[-174.80908200013411,33.133457199790087],[-174.8077550000931,33.142097500199611],[-174.80661000035116,33.150753000051054],[-174.8056340003088,33.159427599704088],[-174.80485500035792,33.168113699887499],[-174.80424500010659,33.176811199877136],[-174.80383299999289,33.185512500401728],[-174.80358900043194,33.194221500022365],[-174.40586900025409,33.203311900324081],[-174.40600600027662,33.217826799867055],[-174.40643300018274,33.232337999599167],[-174.4071960002951,33.246845200046096],[-174.40823399959933,33.261333500340925],[-174.40957600033207,33.27581020028066],[-174.41123999972612,33.29026030007293],[-174.41319299985699,33.304687500427974],[-174.41543599987142,33.319080399740812],[-174.41799900025359,33.33344269962106],[-174.42085299966612,33.34776310008715],[-174.42402600029959,33.362037699880091],[-174.42746000037863,33.376266499899202],[-174.43121299987996,33.390441899973837],[-174.43527200000273,33.404560099569096],[-174.43962100000905,33.418617200123833],[-174.444259999899,33.432609599853322],[-174.44920300031814,33.446529400011968],[-174.45442199997524,33.460376700424547],[-174.45993000036916,33.47414780038082],[-174.46574399958584,33.487831100425069],[-174.47183199974691,33.501430500017705],[-174.47820999979157,33.514938399887399],[-174.48487899976595,33.52835460038466],[-174.49182099973928,33.541664099918421],[-174.49903899984989,33.554878200268888],[-174.50656099959039,33.567977899660491],[-174.51432799983723,33.580974599698152],[-174.52236900012917,33.59384919968096],[-174.5307010003508,33.606601699608916],[-174.53929099987965,33.619235999841692],[-174.54815700044514,33.631740599848968],[-174.55726599962611,33.644119300165698],[-174.56664999979759,33.65635300009103],[-174.57627899957609,33.668453200155227],[-174.586182000299,33.680412300187641],[-174.596312999845,33.692222600192963],[-174.6067200004276,33.703884100171251],[-174.61735499983331,33.715393100311474],[-174.62825000043711,33.726741799894285],[-174.63935900011768,33.737930299643779],[-174.65071100021243,33.748954799924206],[-174.66230799991419,33.759815200011644],[-174.6741330002377,33.770500199924413],[-174.68617199963799,33.781017300008557],[-174.69844099975225,33.791351299922724],[-174.71093799958894,33.801502199666913],[-174.72363299956319,33.811473799776195],[-174.73654200041292,33.821258500079864],[-174.74966400029331,33.830852500042965],[-174.76296999966567,33.840255699840839],[-174.77648899986738,33.849456800391181],[-174.79020700025279,33.858463300241283],[-174.80410800008406,33.867267600119817],[-174.81819200026052,33.8758697998515],[-174.83247399967527,33.884262099616365],[-174.8469089998504,33.892444600138333],[-174.86152600032457,33.900413499983188],[-174.87631199959904,33.908168800050248],[-174.89126600032557,33.915714299975093],[-174.90637199996775,33.923030899956188],[-174.9216310003703,33.930129999799817],[-174.93704199968846,33.937004100059312],[-174.9525909999746,33.943645499840102],[-174.96829200007568,33.950069400382688],[-174.98413100024538,33.956256899736275],[-175.00009199974591,33.962215400220714],[-175.01617400032978,33.967937500415474],[-175.03237900029055,33.973422999771742],[-175.04870599958215,33.978675800448002],[-175.06514000021076,33.98368840029957],[-175.08168000033169,33.988456700216659],[-175.09831200019858,33.99298480020849],[-175.11505099960388,33.997268700090558],[-175.13186599981597,34.001304600227286],[-175.14877299977405,34.005096400078969],[-175.1657559996396,34.008644099645608],[-175.18279999962022,34.01193999983127],[-175.19993600024614,34.01498409973658],[-175.21711700024929,34.017784100256165],[-175.2343600004136,34.020328499960442],[-175.25166299974757,34.02262120010846],[-175.26899699961177,34.02465819961634],[-175.28639199959105,34.026447300102973],[-175.30380200026204,34.027980799774241],[-175.32124299966463,34.029258700428841],[-175.33871499959747,34.03028110009285],[-175.35621599996836,34.031047800016097],[-175.37373400022386,34.03155899984813],[-175.39125100043324,34.031814599764118]]]},"properties":{"objectid":3584,"radii":50,"stormid":"cp012026","basin":"cp","stormnum":1,"advnum":"41","validtime":"2026082412","synoptime":"2026082212","timezone":"UTC","tau":48,"ne":50,"se":30,"sw":0,"nw":40,"idp_source":"cp012026_2026082215_forecastradii","idp_filedate":1787414561000,"idp_ingestdate":1787414602000,"st_area(shape)":1.2983798133422715,"st_perimeter(shape)":5.2766679609863036,"binnumber":"CP2"}},{"type":"Feature","id":3585,"geometry":{"type":"Polygon","coordinates":[[[-175.97663899988987,36.162719699654588],[-176.01969899990885,35.829994200172337],[-176.05908200033397,35.829425799860928],[-176.09845000006737,35.828281399966784],[-176.13778700016985,35.826572400296186],[-176.17707799994966,35.824291199779168],[-176.21630899966053,35.821453100380438],[-176.25546300031715,35.818031299604911],[-176.29454000012083,35.814052599947672],[-176.33351100043225,35.809516899785251],[-176.37239100014446,35.804405200040094],[-176.41113299978804,35.798736599614529],[-176.4497530001008,35.792507199947465],[-176.48821999965318,35.78572079977522],[-176.52653500028995,35.778385199817251],[-176.5646669996822,35.770488699893747],[-176.6026149995825,35.762046799820098],[-176.64039599987541,35.753051799600996],[-176.67794800039982,35.743511199582315],[-176.71527100025639,35.733428999948558],[-176.75236500034441,35.722812700146164],[-176.78921499997219,35.711662300175135],[-176.82583599983144,35.699977899860357],[-176.8621520000147,35.687767000446854],[-176.89822399973772,35.675029799785591],[-176.93397499994623,35.66177370019625],[-176.96943700031724,35.648006399875612],[-177.00457800027442,35.633720400276388],[-177.03941299961016,35.618934599752095],[-177.0738830001003,35.603645300290509],[-177.10803200017659,35.587863899899219],[-177.14181499956251,35.571586599841851],[-177.17521700026427,35.554824799924745],[-177.20826700002195,35.537582399608198],[-177.24092100040377,35.519863099602503],[-177.27314799998015,35.501670800267391],[-177.30499299992692,35.483024599605756],[-177.3364109999676,35.463912999785236],[-177.36741599984845,35.444358800418456],[-177.39794900044595,35.424350699725153],[-177.4280700000304,35.403907800204934],[-177.45770299959369,35.383029900409724],[-177.48689300031165,35.361732500154915],[-177.51557900027058,35.340007799620423],[-177.54380799983926,35.317878700042115],[-177.5715179997558,35.29534149981049],[-177.59875500034292,35.272407499806434],[-177.62547300037858,35.249084499849914],[-177.65167199986283,35.225376099927189],[-177.67733799994866,35.201297799853705],[-177.70246899964454,35.176849399979972],[-177.7270809996883,35.152038600301296],[-177.75111400001103,35.126876799724698],[-177.77461199994377,35.101375600403799],[-177.79754599994786,35.075531000355511],[-177.81991600002331,35.049362200105577],[-177.84170500028546,35.02287669999987],[-177.86291499992723,34.996078500222779],[-177.88353000000942,34.968978899856495],[-177.90354899958658,34.941589400330713],[-177.92297399965028,34.91390990002202],[-177.94180300010831,34.88595200018483],[-177.96000699962326,34.857727099725992],[-177.97759999974014,34.829246500425825],[-177.99458299960568,34.800510400135011],[-178.01094100032682,34.771537799729799],[-178.0266570002203,34.742332499745203],[-178.04176299986247,34.712902100351812],[-178.05621299983,34.683265699552521],[-178.0700229999614,34.653415699874813],[-178.08317600037205,34.623378800391492],[-178.09570299979353,34.593147300207875],[-178.10757400043968,34.56274409966062],[-178.11877399982015,34.532173199833437],[-178.12933300021771,34.501445799983856],[-178.13923600004131,34.470573399742761],[-178.14845299970611,34.439556099834306],[-178.15704300013428,34.408416699870941],[-178.16493199971194,34.377151500041862],[-178.17216499961498,34.345779399599735],[-178.17874099979724,34.314311999799088],[-178.18464699965924,34.282752999551406],[-178.18986500016956,34.251110099751429],[-178.19442700010589,34.21939849984102],[-178.19830299988345,34.187625899815544],[-178.20150800019397,34.155803700380602],[-178.20404100009202,34.123935700272511],[-178.20590199957755,34.09203719965717],[-178.20709199959603,34.060119600139558],[-178.20761100014747,34.028186800280764],[-178.20744299959469,33.996254000421914],[-177.4044489998214,33.981853500039165],[-177.40368699975517,33.961536400384716],[-177.40249599969056,33.941238399632596],[-177.40086399997355,33.920959499581386],[-177.39883399988912,33.900703400042005],[-177.39636200010614,33.880485500105863],[-177.39347800020946,33.860302000137324],[-177.39015199971493,33.840164200117897],[-177.38642899979843,33.82007980004289],[-177.38227799992967,33.800052600447316],[-177.37771599999334,33.780086499892207],[-177.37272600010473,33.76018519998712],[-177.36731000035616,33.740364099823466],[-177.36151100003255,33.720622999751754],[-177.35528599984895,33.700973500127077],[-177.34864800040481,33.681411699690329],[-177.34161399978618,33.661953000230938],[-177.33418299974556,33.642593399765758],[-177.32633999959123,33.623344399724431],[-177.31808500022251,33.604217499737956],[-177.30944800032489,33.585208900170755],[-177.30041500015207,33.566329999929678],[-177.29100000034967,33.547580700089384],[-177.28120400006446,33.528968799570578],[-177.2710110003573,33.510505699978239],[-177.26043700016734,33.492198899859488],[-177.2494810003478,33.474037199956967],[-177.23815899983791,33.456043200233637],[-177.22647100043625,33.43821329980409],[-177.21441700034421,33.420551300102545],[-177.20199600041502,33.403072399671657],[-177.18920899979543,33.38577269995028],[-177.17608599986892,33.368659999859233],[-177.16259800019748,33.351745600279401],[-177.14877300027368,33.335021999965477],[-177.13459800039732,33.318504300333359],[-177.12008700031473,33.302192700133162],[-177.1052549998183,33.286094699710759],[-177.09007300026866,33.270210299965527],[-177.07458500009761,33.254550899804315],[-177.0587619997664,33.239116699775991],[-177.04264800040482,33.223918900037347],[-177.02621499982232,33.208946199707498],[-177.00947600041701,33.194221500022365],[-176.99243200043639,33.179740899722901],[-176.97509799967287,33.165504500432519],[-176.95747399992507,33.151523600334031],[-176.93957500008611,33.137798300151587],[-176.92140200020208,33.124332400420087],[-176.90293900043446,33.111137399871268],[-176.88423200020657,33.098209399943983],[-176.86523400004899,33.085548399739025],[-176.84600800016901,33.073173499957193],[-176.82652300003636,33.061069500257361],[-176.80679300029666,33.049251600081448],[-176.78683499993522,33.037719699604622],[-176.76663199996676,33.026489300441028],[-176.74620100027587,33.015537299906612],[-176.72557100040126,33.00489430013198],[-176.70471199985883,32.994545000051858],[-176.68364000028572,32.984500900196508],[-176.66236899962956,32.974765800201681],[-176.64091500042684,32.965335799707532],[-176.61926300018723,32.956218700332897],[-176.59742699955632,32.947418200089999],[-176.57542400021737,32.93893050024252],[-176.55323799963389,32.930767100421519],[-176.53089900008871,32.922920199907423],[-176.50842299962167,32.915401499779534],[-176.48576399970875,32.908210800388247],[-176.46298200041892,32.901344300299343],[-176.44006300020723,32.894813500043142],[-176.41702299981151,32.88861469980867],[-176.39382900040798,32.882747699946549],[-176.37056000024373,32.877212499557345],[-176.34715300001088,32.872024500430484],[-176.32366899982441,32.867168399702052],[-176.30006400035325,32.862659500235907],[-176.2763820000292,32.858490000413326],[-176.25262499984379,32.854656200423449],[-176.22878999965869,32.851177200067866],[-176.20487999961222,32.848037700079942],[-176.1809230000963,32.845245399555665],[-176.15690599961212,32.84280400010465],[-176.13284299970459,32.840705899757609],[-176.10874900016614,32.838958699584452],[-176.08462500014357,32.837562600134049],[-176.06045499979834,32.836509699962846],[-176.03628500035242,32.835811600325258],[-176.01210000021476,32.835464499787008],[-175.98113999971113,32.170013400098469],[-175.94340499974086,32.170555100437696],[-175.90571600009326,32.171646100387363],[-175.86802700044564,32.173286399947528],[-175.83039900001376,32.17546839984692],[-175.79280100006602,32.178196000445212],[-175.75526400023335,32.181465099934542],[-175.71780400035425,32.185275999587873],[-175.68042000038264,32.189628599580374],[-175.64312700011089,32.194526700447],[-175.60594200032298,32.199955000223213],[-175.56887799981976,32.205925000338652],[-175.53192099975425,32.212432900258307],[-175.4951019997574,32.219470999986811],[-175.45841999978308,32.227043199883894],[-175.42190600036156,32.235145599589885],[-175.38555899964803,32.243770599833454],[-175.34939600022514,32.252922100075011],[-175.31340000040962,32.262596100130054],[-175.27760299987847,32.27279279964813],[-175.24202000022277,32.283504500432514],[-175.20664999959772,32.294723499789825],[-175.17152400033228,32.306457500413444],[-175.13661200014363,32.318698900334141],[-175.10195900020761,32.331439999556494],[-175.06758100036279,32.34468840004979],[-175.0334320002865,32.358421300402824],[-174.99960299967861,32.372657800417301],[-174.96603400026882,32.387371100296207],[-174.9327699996357,32.402572599845769],[-174.89982600026963,32.418254900343527],[-174.86718799972633,32.434410100345985],[-174.83488500024248,32.451034500042283],[-174.80290200022705,32.468124399621502],[-174.77128600004878,32.485668199627867],[-174.74000500003066,32.503673600056743],[-174.70910599964211,32.522129100377811],[-174.67857399999002,32.541027100420479],[-174.64842199987532,32.560363799649792],[-174.6186520002895,32.580131499868969],[-174.58929399991808,32.600334200363193],[-174.56034899970649,32.620956400417697],[-174.5318149995625,32.641990700410645],[-174.50372300001635,32.66343310015759],[-174.47604399973073,32.685283700382627],[-174.44882199983536,32.707527200020422],[-174.42204299968461,32.730167399605932],[-174.39573699976265,32.753185300061716],[-174.36988800023096,32.776580799764247],[-174.34451300007481,32.80035019980204],[-174.31962599993986,32.824481999644718],[-174.2952269998261,32.848972299831928],[-174.27133199957206,32.873809800382105],[-174.24794000003089,32.898986800400678],[-174.22505200034945,32.924499500251898],[-174.20271299990495,32.950336500129538],[-174.18087800021945,32.976497700208824],[-174.15957599993237,33.002971599959494],[-174.13882399982765,33.029747000124075],[-174.11862199990529,33.056816099983166],[-174.09895300028066,33.084178900436029],[-174.07988000026174,33.111820200242164],[-174.06135600037905,33.139732400130299],[-174.04338099973327,33.167911499915931],[-174.02601600023814,33.196346300341645],[-174.00921599981845,33.225025200153027],[-173.99302699969621,33.253940600078749],[-173.97741700019432,33.283088699583971],[-173.96240200025204,33.312457999936896],[-173.94801300039958,33.342037200256755],[-173.9342349999452,33.37181849982403],[-173.92105099990366,33.401802100086968],[-173.9084929999519,33.431964900160153],[-173.89656100009,33.462310800403259],[-173.88525400027183,33.492824599575727],[-173.87458800033588,33.523494700020535],[-173.86456300028217,33.554309799957423],[-173.8551640003183,33.585273699921459],[-173.84640500019054,33.616367300110937],[-173.83830299978354,33.64757919982037],[-173.830841000112,33.678905499589291],[-173.82403600016121,33.710330999975838],[-173.81790199967747,33.741855600255917],[-173.81240799992918,33.773460400277372],[-173.80757099990166,33.80514139985587],[-173.8034060002866,33.836887399733882],[-173.79991100009249,33.868690500266496],[-173.79705799982676,33.900539399673676],[-173.7948909997198,33.932422600123061],[-173.7933960000253,33.964332600369346],[-173.39128100041776,33.991344499749005],[-173.39091499972739,34.029083300254229],[-173.39135700032523,34.06681820039978],[-173.39257799997463,34.104545600199458],[-173.39459200022057,34.142246200202123],[-173.39741500000218,34.179912599886734],[-173.40101599968855,34.217533099972741],[-173.40544099960238,34.25509259994368],[-173.4106450003664,34.292583499628961],[-173.41664099988216,34.329998000107764],[-173.42343100004055,34.367320999964306],[-173.43101499994222,34.404533400296316],[-173.43940700023279,34.441631299844744],[-173.44859300026667,34.478603400426721],[-173.4585420004129,34.51543809988857],[-173.46929900004875,34.552120199687636],[-173.48081999984305,34.588645900188283],[-173.49314900002625,34.62500000015001],[-173.50624100032184,34.661167099582144],[-173.52011099962286,34.697139699937338],[-173.53477499956651,34.732902500150431],[-173.55018599978399,34.768451699686352],[-173.56636000011383,34.803772000177787],[-173.58331300039458,34.838851900195209],[-173.60101300004985,34.87368769992753],[-173.61946100002507,34.908256499937693],[-173.63867200011265,34.942550700054881],[-173.65861499978234,34.976566300094817],[-173.6792909999796,35.010288200440243],[-173.70071399955137,35.043705000385614],[-173.72285499985827,35.076805099575836],[-173.74572799974732,35.109584799998686],[-173.76928699979513,35.142021200418185],[-173.7935790003705,35.174117999746045],[-173.81855800025144,35.205852499993],[-173.84425399992207,35.237228400070762],[-173.87060500012058,35.26821900000698],[-173.89764399967078,35.298831899972356],[-173.92536900027906,35.329044300354326],[-173.95373499987028,35.358852399718614],[-173.98275800008156,35.388244600408143],[-174.01243599992139,35.417217299738752],[-174.04273999985105,35.445751200057998],[-174.07368499966293,35.473838800120689],[-174.10523999972614,35.501480099926823],[-174.13740500004064,35.528659800209766],[-174.17016599996086,35.55537029989955],[-174.20352200033997,35.581603999724962],[-174.23745700044014,35.607349400054886],[-174.2719730003536,35.632595100183892],[-174.30702199966547,35.657344799922726],[-174.34263599985144,35.681579600018665],[-174.37878400038124,35.705299399747673],[-174.41543599987142,35.728488899843001],[-174.45262099965933,35.751144399594523],[-174.49031100025238,35.773258199906138],[-174.5284879999212,35.794822699707993],[-174.56713899986488,35.815837899899293],[-174.60626199999123,35.836284599954467],[-174.64584399970076,35.856163000422271],[-174.6858520001696,35.87546920004371],[-174.7263030003831,35.894187899552094],[-174.76715100001857,35.912319199671458],[-174.80841099976774,35.929859200042188],[-174.85006699979212,35.946800199769541],[-174.89208999965368,35.963134800131058],[-174.93447900020561,35.978855099683244],[-174.97721899985689,35.993965100409184],[-175.02029399966827,36.008453399804694],[-175.06368999989351,36.022316000383285],[-175.10739099979472,36.035545300175613],[-175.15138199957954,36.04814530026556],[-175.19564800035485,36.060100599763018],[-175.24020400011443,36.071418799737955],[-175.28497299980401,36.082088500384145],[-175.33000199979239,36.092109699902892],[-175.37524399971073,36.101474799922244],[-175.42069999960523,36.110187500253062],[-175.46633899984488,36.118236500014632],[-175.51214599973801,36.125625599741795],[-175.55813599997634,36.132354699609834],[-175.60424800044478,36.138416300172253],[-175.65051299987496,36.143806500170001],[-175.69686899990435,36.14853289977367],[-175.74334700016385,36.152584100076297],[-175.78990200037694,36.155956299643663],[-175.83650199996725,36.158660900080633],[-175.88317900041048,36.160690300317242],[-175.9299010002309,36.16204069981859],[-175.97663899988987,36.162719699654588]]]},"properties":{"objectid":3585,"radii":34,"stormid":"cp012026","basin":"cp","stormnum":1,"advnum":"41","validtime":"2026082500","synoptime":"2026082212","timezone":"UTC","tau":60,"ne":130,"se":110,"sw":70,"nw":110,"idp_source":"cp012026_2026082215_forecastradii","idp_filedate":1787414561000,"idp_ingestdate":1787414602000,"st_area(shape)":12.09772018675125,"st_perimeter(shape)":14.234717231465844,"binnumber":"CP2"}},{"type":"Feature","id":3587,"geometry":{"type":"Polygon","coordinates":[[[-176.77639799976779,36.962719000181835],[-176.81991600022315,36.629993399975547],[-176.85971099986267,36.629421200028503],[-176.89947499987127,36.628284500129723],[-176.93920900029505,36.62657169992417],[-176.97889700039619,36.624290500306472],[-177.01853900017466,36.621444700013058],[-177.05810500004563,36.618026699772543],[-177.09756500042437,36.614044199580292],[-177.13694799995017,36.609500900146543],[-177.17622399993758,36.60438539986643],[-177.21536299990245,36.598716699616148],[-177.2543789995911,36.592487299949084],[-177.29322799967238,36.585693400330285],[-177.33193999973113,36.578350100376952],[-177.3704680002979,36.570446000282857],[-177.40881299962015,36.561996500038617],[-177.44695999970415,36.552997600359106],[-177.48489399985814,36.543453199805469],[-177.52261400003599,36.5333671996367],[-177.56007399991509,36.522743199838942],[-177.59732099986417,36.511585199697379],[-177.63427699988355,36.499889399576261],[-177.67099000038814,36.487674699627803],[-177.70739700027127,36.474933600405507],[-177.74353000010933,36.461666100110563],[-177.77934299957968,36.447887399983642],[-177.81485000022727,36.43359759984952],[-177.85002099976924,36.418804200053955],[-177.88485700005043,36.403503400061993],[-177.91932699964124,36.38771059986442],[-177.95346099992514,36.371425599811744],[-177.98719799988771,36.354652400088355],[-178.02056900005923,36.337402299776443],[-178.05352800011704,36.319671599964522],[-178.08610499964595,36.301475500094398],[-178.11825600021416,36.282814000166127],[-178.14997899993082,36.263694800175017],[-178.18127399969526,36.244129200102634],[-178.21212799980728,36.22410959977833],[-178.24252300033612,36.203659100087521],[-178.272445999783,36.182769799586708],[-178.30192600038453,36.161453199705534],[-178.33088700043464,36.139724700434726],[-178.35939000004839,36.117584200150873],[-178.38737500005612,36.095039399748657],[-178.41485600020417,36.072093999938318],[-178.44183299959317,36.048755599991068],[-178.46827699958379,36.025043500257482],[-178.49418600008377,36.000949900018043],[-178.51957700007841,35.976489999613932],[-178.5444030000983,35.951671599764666],[-178.56867999998195,35.92649459974615],[-178.5923770000984,35.900985700429885],[-178.61553999987103,35.875133500211007],[-178.63810700003793,35.848960900325437],[-178.66009499958449,35.822464000413447],[-178.68148799957146,35.795654300106037],[-178.70228599999882,35.768539399573797],[-178.72248799992119,35.741146100412323],[-178.74209600033006,35.713455200297403],[-178.7610779997498,35.685489700289565],[-178.77946499960996,35.657257099835419],[-178.79721099958789,35.62876509982965],[-178.81433100037529,35.600021400267565],[-178.83082600021967,35.571041099866989],[-178.84668000018178,35.541828199711802],[-178.86189300026169,35.512390100322989],[-178.87648000025175,35.482746100252484],[-178.89039599987541,35.452892300039764],[-178.90367099961688,35.422843900026123],[-178.91627499989127,35.39260860020687],[-178.92825300007581,35.362197900213062],[-178.93954500010159,35.331619300390571],[-178.95018000040662,35.300891899641613],[-178.96014400034525,35.270011900129248],[-178.96945199970995,35.23899079968578],[-178.97807299976904,35.207843799551881],[-178.98603800015351,35.176582300432983],[-178.99331700037919,35.145202599820266],[-178.99992400019238,35.113727599848971],[-179.00585899959307,35.08216479996571],[-179.01109299994192,35.050521900165677],[-179.0156709997168,35.01880260025996],[-179.01956200018608,34.987030000234483],[-179.0227810002429,34.955207799900165],[-179.02531400014092,34.923339799792075],[-179.02716099988018,34.891437500440418],[-179.02833600010624,34.85951610038785],[-179.02882400012743,34.827587100164692],[-179.02865599957465,34.795654300305841],[-177.81288100025787,34.78854369993195],[-177.81237800044428,34.774036399660247],[-177.81159999964021,34.759529100287921],[-177.81048600042851,34.745044700352764],[-177.8090820004339,34.730571700223948],[-177.80737299986399,34.716117899721439],[-177.80534399982565,34.701698300436362],[-177.80300900006523,34.687309299684557],[-177.800384999568,34.672950699615228],[-177.79745500024799,34.658638000043823],[-177.79422000035265,34.644367199886517],[-177.790679999882,34.630138399867405],[-177.78683499973536,34.615974399598997],[-177.78269999970516,34.601856200003795],[-177.77827499979134,34.587806699619648],[-177.7735440001554,34.573825800420479],[-177.7685239997827,34.559906000261833],[-177.76321400042571,34.54606250038421],[-177.7576140002858,34.532298999699208],[-177.75170899957061,34.518615699654958],[-177.74552899966352,34.505024000057688],[-177.73905899987287,34.491516100187994],[-177.73231500003715,34.478111300396336],[-177.72526599962612,34.464801799963254],[-177.71797199960801,34.451591500147742],[-177.71038799970634,34.43849179985682],[-177.70252999975961,34.425495099819159],[-177.69439699972168,34.412620499836351],[-177.68600500033043,34.399864200272759],[-177.67733799994866,34.387229900039983],[-177.66841100016745,34.374721500397072],[-177.65922500013357,34.362339000444649],[-177.64977999984703,34.350093799988997],[-177.64007600020716,34.33798599975421],[-177.63012700006092,34.326019299551206],[-177.61991899966202,34.314189899744235],[-177.60948200039394,34.302516900135004],[-177.59878499992774,34.290992699653486],[-177.58787500043084,34.279624900269084],[-177.57670599978198,34.268413500183044],[-177.56530800026394,34.257362399755095],[-177.55369599987043,34.246475199870702],[-177.54183999991599,34.235759700350059],[-177.52978499977783,34.225215900293733],[-177.51748700012487,34.214843799701725],[-177.50499000028822,34.204650899819342],[-177.49227899957609,34.194637299571866],[-177.4793549998333,34.184810600029323],[-177.46624799974532,34.175170900117109],[-177.45292699968121,34.165718100010452],[-177.43942300017125,34.156456000244361],[-177.42571999957823,34.147388500279192],[-177.41181899974697,34.138523099561553],[-177.39775100030835,34.12985610007911],[-177.3834989995791,34.121387500033222],[-177.36908000014182,34.11312870012955],[-177.35449200010564,34.105079700368037],[-177.3397369995628,34.097236600388953],[-177.32481400026583,34.089607200012438],[-177.30975300000088,34.082195299773389],[-177.29453999992097,34.075000799847203],[-177.27916000023376,34.068023700233709],[-177.26364100043176,34.061264000033702],[-177.24798599975401,34.054733299602219],[-177.23220799969934,34.048423800018497],[-177.21629299962217,34.042347000014161],[-177.20027200005268,34.036495199593958],[-177.18411300041456,34.030876200376497],[-177.16784700033872,34.025482199843793],[-177.15147399982516,34.020328499960442],[-177.1349949998193,34.015411400016262],[-177.11842300002135,34.010730700361705],[-177.10174599987792,34.006282800111308],[-177.08497599994237,34.002082799781533],[-177.06814599993788,33.99811549993052],[-177.05120800034885,33.99440000035986],[-177.03422499958398,33.990921000004278],[-177.01715100001857,33.987682300298047],[-177.00001500029197,33.98469539997285],[-176.98281899959707,33.981948900121779],[-176.96557600033208,33.979454000002249],[-176.94827300009879,33.977207200352154],[-176.93093900023459,33.975204500087727],[-176.91355900004774,33.973453500278936],[-176.89614900027607,33.971950500215542],[-176.87870799997415,33.970695499897545],[-176.86123700008741,33.969692200035126],[-176.84375000036215,33.968940699553798],[-176.82626299973757,33.968444799887777],[-176.80877700005843,33.968189199971732],[-176.78268400006647,33.136375400004852],[-176.74800099964634,33.136875200030602],[-176.71334799971035,33.13786700026202],[-176.67874100009701,33.139358499795094],[-176.64413499963047,33.14134220008259],[-176.60958900013219,33.143825499847082],[-176.57508900005723,33.146797199831042],[-176.54066499988977,33.150272399651669],[-176.50631699962975,33.154232000406637],[-176.47206100001506,33.158691400288035],[-176.43788100030784,33.163635300029227],[-176.40380900018513,33.169071199976031],[-176.36984299955472,33.174991599782629],[-176.33602899963856,33.181396500348342],[-176.3023220001601,33.188289599685447],[-176.26876799964339,33.195659599610963],[-176.23536699988705,33.203517899931285],[-176.20211799994567,33.211845399945389],[-176.16905200034947,33.220649699823923],[-176.13616900019912,33.229927099755969],[-176.1034850002325,33.239677400092091],[-176.07098399971173,33.249893200311078],[-176.03871199985883,33.260570500228539],[-176.00663800014351,33.271717099664556],[-175.97480799998914,33.283309900431732],[-175.94320699960326,33.295368200182452],[-175.91184999967766,33.307872800189728],[-175.88076799984324,33.320819899918604],[-175.84992999956975,33.334217100438991],[-175.81938200007917,33.348053000145967],[-175.78912399957284,33.3623198999436],[-175.75914000001092,33.377021800016223],[-175.72946200017108,33.39215470017939],[-175.70008900000727,33.407707199727611],[-175.67105100000356,33.423675499924514],[-175.64233400041371,33.440063500230508],[-175.61395300013078,33.456855799755488],[-175.58590700000798,33.474056199933841],[-175.55822799972233,33.491649600248991],[-175.53089900028857,33.509647399607957],[-175.50393699979264,33.528026599648001],[-175.47737099957189,33.546787300193898],[-175.45117200008767,33.565929399622235],[-175.4253689999793,33.585445400285153],[-175.39997900003075,33.605331400024227],[-175.37498500035741,33.625575999932607],[-175.35041799969085,33.646167800203955],[-175.32626300003736,33.667114300284879],[-175.30253600033606,33.688404100369098],[-175.27925100033332,33.710033399921599],[-175.25642399986762,33.731987000399897],[-175.23403899999977,33.754268599816157],[-175.21211199966896,33.776863100351932],[-175.19065899961308,33.799777999655078],[-175.16966199990131,33.822986599552053],[-175.14915500030295,33.846496600038222],[-175.12914999957275,33.870300300218844],[-175.10960400022435,33.89438249975268],[-175.09057599958263,33.918739300078755],[-175.07205199969994,33.943370800122466],[-175.05403099963084,33.968257900082165],[-175.0365300001593,33.993408200128499],[-175.01954700029376,34.018802599560445],[-175.00309799987272,34.044429800195246],[-174.98718299979552,34.070293400220407],[-174.97180200006218,34.096378300018671],[-174.95695499977336,34.12268449959015],[-174.94265699962077,34.149196599843378],[-174.92892500038838,34.175910900068118],[-174.91574100034683,34.202819800093835],[-174.90312200028001,34.229911800289472],[-174.89105200034948,34.257175400124765],[-174.8795620001861,34.284614599784106],[-174.86865199978988,34.312210099816411],[-174.85832200006018,34.339958200410763],[-174.84857200009765,34.36785129959793],[-174.83938600006377,34.395885499716201],[-174.83081100032732,34.424037900428914],[-174.82281500031195,34.45231629975757],[-174.81542999969466,34.480693799879134],[-174.80862399969774,34.509182000249268],[-174.80242899999828,34.537765499977979],[-174.79682899985838,34.56642529998777],[-174.7918240001774,34.595165299738937],[-174.7874449996869,34.623973799951045],[-174.78367600034707,34.652839700292077],[-174.78050199966748,34.681755100217856],[-174.77795399997703,34.710712399557735],[-174.77600099984619,34.739696499593947],[-174.77467299975905,34.768711100137295],[-174.16624499990675,34.790512100053547],[-174.16583299979303,34.828243300388124],[-174.16622900006823,34.865982099994085],[-174.16743499992523,34.903709399968989],[-174.16944900017114,34.941410099796428],[-174.17225600011423,34.97908020019122],[-174.17587299963915,35.016704599737636],[-174.18028299976055,35.054267900243531],[-174.18551600006327,35.091766400099402],[-174.19152800031688,35.12917710004325],[-174.19834900010619,35.166500099899849],[-174.20599400012293,35.20372010040245],[-174.21441700004445,35.240825699946242],[-174.22364800035487,35.277801500339137],[-174.23367300040857,35.31464770033125],[-174.24449200020558,35.351337400300906],[-174.25610399969975,35.38786700026202],[-174.26850899979044,35.424224899859382],[-174.28170799962442,35.460403399997062],[-174.29568500026247,35.496379899812666],[-174.31043999990601,35.532154099831985],[-174.32597400039973,35.567714700073509],[-174.34228499985278,35.603046400371227],[-174.35936000036364,35.638137800019592],[-174.37722799967239,35.672977400286925],[-174.39582800036186,35.707557699928032],[-174.41517599957265,35.741867100386514],[-174.43530299963365,35.775890400421815],[-174.45616100012998,35.809623699674148],[-174.47776800009305,35.843055699960757],[-174.50009199984584,35.876167299681299],[-174.52316299987248,35.90895460027474],[-174.54695099968882,35.941406200136157],[-174.57144200044789,35.973514599819055],[-174.59666399984366,36.00526810004294],[-174.62255899969801,36.036655399926929],[-174.64917000019528,36.067661300029101],[-174.67646799999812,36.098285699625478],[-174.70442200037493,36.128517199809096],[-174.73306300005734,36.158340500413885],[-174.76236000031369,36.187744100010377],[-174.79231300024469,36.216728200046532],[-174.82292199985034,36.245273599996779],[-174.85414099970728,36.273384100396072],[-174.88600200039193,36.301036800008433],[-174.91847200038242,36.328235600093024],[-174.95155299977105,36.354957600313128],[-174.98522899961856,36.381202699944765],[-175.01948500013256,36.406963299716665],[-175.05432100041375,36.432228099647205],[-175.0897369995628,36.456989299916415],[-175.12568699995501,36.481243099989229],[-175.16218599958412,36.5049744002485],[-175.1992189995571,36.52817919961052],[-175.23677100008152,36.55084989970328],[-175.27482600041949,36.572979000180851],[-175.3133849997179,36.594562499959579],[-175.35241700014436,36.615589099957162],[-175.39192199990029,36.636043500007645],[-175.43189999988502,36.655941000277096],[-175.47232099961437,36.675254800069126],[-175.51318399994156,36.69399260027842],[-175.55444299964464,36.712135300204068],[-175.59613000019928,36.72968670038108],[-175.63819900038348,36.746639299564151],[-175.68064900015116,36.762985199907178],[-175.72348000040162,36.778720900349413],[-175.76664699995899,36.793834699811669],[-175.81016500041437,36.808334399912781],[-175.85400400038424,36.822208400297598],[-175.89814800003009,36.835449199720927],[-175.94261200004368,36.848053000345828],[-175.98733500030994,36.860023500184525],[-176.03233299976804,36.87134930033011],[-176.07757599973252,36.882026700072288],[-176.12306200011113,36.892055499761625],[-176.16876199956656,36.901428199951624],[-176.21469099968982,36.910144799742852],[-176.26080300015826,36.918205300034742],[-176.30709800007256,36.925598099572767],[-176.35354599984794,36.932331099800535],[-176.40014600033757,36.938396499998646],[-176.44688399999652,36.943794300166985],[-176.49371300025467,36.948520699770597],[-176.54066499988977,36.952571900073281],[-176.58770800012402,36.955951699811237],[-176.63481100042725,36.958660099883843],[-176.68197599999232,36.960689500120452],[-176.72917200008766,36.9620398996218],[-176.77639799976779,36.962719000181835]]]},"properties":{"objectid":3587,"radii":34,"stormid":"cp012026","basin":"cp","stormnum":1,"advnum":"41","validtime":"2026082512","synoptime":"2026082212","timezone":"UTC","tau":72,"ne":130,"se":100,"sw":50,"nw":110,"idp_source":"cp012026_2026082215_forecastradii","idp_filedate":1787414561000,"idp_ingestdate":1787414602000,"st_area(shape)":11.032283194282412,"st_perimeter(shape)":14.234397505712842,"binnumber":"CP2"}},{"type":"Feature","id":3588,"geometry":{"type":"Polygon","coordinates":[[[-178.27964800005509,38.329990400037104],[-178.3147130001048,37.830905900087373],[-178.34411599985344,37.830493899973646],[-178.37351999964818,37.829669999570967],[-178.4028780000196,37.828434000129164],[-178.43220499986077,37.826778400402986],[-178.46150200011715,37.824722300194139],[-178.49073800025843,37.82225040023593],[-178.51991300028467,37.81937029979963],[-178.54902600014972,37.816078200148979],[-178.57804900036101,37.812385600015602],[-178.60697899988088,37.808277100308089],[-178.63581799970086,37.803768199942624],[-178.66455100002855,37.798854799809305],[-178.69316100008001,37.793540999917354],[-178.72166399969376,37.787826499893185],[-178.74999999970015,37.78171539974602],[-178.77821400037575,37.775199899655775],[-178.80627400024485,37.76829150015277],[-178.83416699960728,37.760997799608901],[-178.86189300026169,37.753307300191921],[-178.88941999983305,37.745231599558792],[-178.91679400044271,37.736763000412282],[-178.94393900038449,37.727924299666824],[-178.9709009999811,37.718696599868338],[-178.99763499985528,37.709098800269544],[-179.02413899991484,37.699127200160319],[-179.0504300000444,37.688781699715832],[-179.07646199992129,37.678073900190498],[-179.10224900019114,37.666995999965593],[-179.12779200000074,37.655559499571382],[-179.15307599955767,37.643772099902662],[-179.17808499992273,37.631626100064636],[-179.20278899971248,37.619132999688304],[-179.22723400014891,37.606296500383337],[-179.25138899980243,37.593116800000473],[-179.27522299994143,37.579605099595824],[-179.29875200040442,37.565757800082565],[-179.32195999955425,37.551582300183156],[-179.34484900018114,37.537082699906819],[-179.36740099965633,37.522270200309663],[-179.38961799987072,37.507141099782075],[-179.41148400008646,37.491695400122751],[-179.43301400009597,37.475952100409245],[-179.45417800031439,37.459907499931319],[-179.47496000000393,37.443573000293895],[-179.49539199974092,37.426944700237868],[-179.51544199984835,37.410030399583434],[-179.53509499963445,37.392845199746318],[-179.5543669998371,37.375381499656612],[-179.57325700041017,37.357654600379647],[-179.59173600001631,37.339656800121361],[-179.60980200036195,37.321407300306817],[-179.62747200043239,37.302909899672272],[-179.64471399965129,37.284168200002568],[-179.6615299999095,37.265186300407606],[-179.67791700016934,37.24596789979887],[-179.69387799966987,37.226528200316352],[-179.70939600032509,37.206859599990707],[-179.72450300001336,37.186985000057859],[-179.73913600032608,37.166892999812262],[-179.75332599999484,37.146610300125417],[-179.76704400038025,37.12612529974291],[-179.78033399991409,37.105449699743986],[-179.79313700037218,37.084594700285322],[-179.80549600014021,37.063560500117148],[-179.81736799993317,37.042354599585224],[-179.82878100014298,37.020988500119358],[-179.8397220001701,36.999465899731661],[-179.85017400012993,36.977794600040909],[-179.86015299986099,36.95597460014784],[-179.86964399957085,36.934024800204497],[-179.87866199995128,36.911937699865121],[-179.88716099978024,36.889736200365519],[-179.8952030001183,36.867408800276053],[-179.9027399996512,36.844978300108608],[-179.90977500031593,36.82244870004763],[-179.91632100001408,36.799819900268346],[-179.92236299985248,36.777103400401757],[-179.92791699966972,36.754306799719188],[-179.93295299988097,36.731430100019224],[-179.9375000000249,36.708492300379532],[-179.94154400035526,36.685493499725396],[-179.9450839999266,36.662441300026103],[-179.94811999963821,36.639339400193307],[-179.95065300043555,36.6162033000424],[-179.95268199957454,36.593032799923947],[-179.95419300000688,36.569839500192927],[-179.95521500037191,36.546626999936223],[-179.95573400002399,36.523399400062431],[-179.95573400002399,36.500179299635136],[-179.33464099978224,36.488273600446462],[-179.33413699992252,36.473758700004169],[-179.3333129996951,36.459258999903057],[-179.33216899999928,36.444766999797366],[-179.33071899968201,36.430297900028222],[-179.32896399968877,36.415847800235952],[-179.32688900022711,36.40143199968719],[-179.32449300035162,36.387039200199069],[-179.32180799973932,36.37268449959015],[-179.31878699982011,36.35837170019397],[-179.3154749999712,36.344100999861382],[-179.31184399980069,36.329879800012918],[-179.30790699990806,36.315708199573919],[-179.30368000013183,36.301605200319898],[-179.29913299998788,36.287551900300116],[-179.29431199979888,36.273567199666672],[-179.28915400025684,36.259651200042981],[-179.28372199977039,36.245815300336005],[-179.27798499960798,36.232051799651003],[-179.27195700041517,36.218376199602062],[-179.26562499979383,36.204780599645119],[-179.25901799998064,36.191284200305745],[-179.25212100028386,36.177879299789993],[-179.24491900001178,36.164569900080949],[-179.23745700034021,36.151363399901129],[-179.22970599993187,36.138267500145162],[-179.22166399959383,36.125282299738501],[-179.21334800011005,36.112407699755693],[-179.20477300037359,36.099655199827737],[-179.19590799985423,36.087024700129973],[-179.18678299993542,36.074520100122641],[-179.17739899976397,36.062145200340865],[-179.16774000040061,36.049903900244942],[-179.15783699967773,36.037796000185381],[-179.14765899976297,36.025833099618012],[-179.13723800033338,36.014011399806407],[-179.12657200039743,36.00234219983281],[-179.11566200000124,35.990821799886305],[-179.10447700041317,35.979457899962256],[-179.09307899999578,35.968250300411171],[-179.08143599997135,35.957206700329095],[-179.06956500022451,35.946323399905111],[-179.05746499980981,35.935615499655739],[-179.04513499958048,35.925071699599414],[-179.0325930003666,35.914707200077373],[-179.01980599974701,35.904518099830568],[-179.00683599968156,35.894508399942822],[-178.99363699984758,35.884685500035971],[-178.98023999987603,35.875045800123701],[-178.96662899992833,35.865596799652735],[-178.95283499963546,35.856342300057236],[-178.9388280003119,35.847278599727758],[-178.92465200038944,35.838417100269112],[-178.91027800032938,35.829757700057939],[-178.89573699976265,35.821292899647744],[-178.88101199970396,35.813041699914663],[-178.86610400019939,35.80499270015315],[-178.85104399998053,35.797157300169431],[-178.83580000026973,35.789531700327871],[-178.82041899963704,35.782123599724514],[-178.80488600008877,35.774932900333226],[-178.7891849999877,35.76795579982047],[-178.77334599981796,35.761203799615828],[-178.7573549998333,35.754676799894526],[-178.74125700031024,35.748371099946439],[-178.72500600002681,35.742294299942159],[-178.70863300041256,35.736446399881572],[-178.69213899971498,35.73083109957571],[-178.67553700033221,35.725444799937691],[-178.65881299982001,35.720291100054396],[-178.64199799960792,35.71538160028075],[-178.62507599985744,35.710700999551648],[-178.60804699966923,35.706256899836205],[-178.59092699978115,35.702056900405751],[-178.57372999993947,35.69809340019043],[-178.55645800023646,35.69437789972045],[-178.53909299984198,35.690902699899823],[-178.52166700023182,35.687664000193593],[-178.50418099965333,35.68468090040335],[-178.4866180000206,35.68194199982355],[-178.46900900006523,35.67943950043275],[-178.45136999962571,35.67719650041829],[-178.43365500017805,35.675197599789556],[-178.41590900020012,35.673446699805481],[-178.39814800042981,35.671947500277042],[-178.38034100033681,35.670692400134328],[-178.36251800040532,35.669689200096627],[-178.3446660000358,35.668941500150254],[-178.32681299962016,35.668438000313586],[-178.30894500031144,35.668189999668868],[-178.28579700033123,35.169101700083559],[-178.25738500041737,35.169498400031273],[-178.22898900034201,35.170299499922123],[-178.20060700001298,35.171493500125052],[-178.17227200005269,35.173084300100527],[-178.14395099983869,35.175075499834577],[-178.11569199978589,35.177467299876128],[-178.08747900005574,35.180248300418896],[-178.05932600039452,35.18342969982092],[-178.03123499999518,35.187000299724218],[-178.00323500019502,35.190971400110186],[-177.97532700014088,35.195331600273278],[-177.94749499999418,35.200080900213493],[-177.91978500007761,35.205219299930889],[-177.89216599986094,35.210746800324728],[-177.86466999992049,35.216663399596371],[-177.83731100000259,35.222961400448412],[-177.81007400031478,35.229644800367396],[-177.78298999958872,35.236709600068139],[-177.75604199973841,35.244152099739779],[-177.72926299958769,35.25196839992185],[-177.70265199998974,35.260162400074876],[-177.67620799999912,35.268726300378603],[-177.64994800039983,35.277667999578682],[-177.6238710002464,35.286971999658192],[-177.59799200023056,35.296638500266738],[-177.57232700019082,35.306671099591711],[-177.54687500008112,35.317058600174391],[-177.5216369999475,35.32780079966733],[-177.49662799958244,35.338893900233472],[-177.4718479998852,35.35034180043391],[-177.44731099970281,35.362129200102629],[-177.42301900002676,35.374263800134429],[-177.39898699975015,35.386741600344749],[-177.37521399972624,35.399547600041842],[-177.35171499974737,35.412685400111286],[-177.32849099985967,35.426151299842786],[-177.30555699985558,35.439945200310888],[-177.28291299973509,35.454055799735499],[-177.26055900039748,35.468475300095179],[-177.23850999983654,35.483215299946266],[-177.21678199968946,35.498264299657876],[-177.19535800007156,35.513610799598894],[-177.17427099980671,35.529254899594093],[-177.15350299986349,35.545188899648167],[-177.133086999965,35.561420399931649],[-177.11300700027277,35.577930500292496],[-177.09326199984133,35.594726600352487],[-177.0738830001003,35.611793499770329],[-177.05485500035792,35.6291236999989],[-177.03620900024509,35.646724699585377],[-177.01794399971573,35.664581299987162],[-177.00004599992289,35.682693500304936],[-176.98251299987496,35.701053599644069],[-176.96539299998688,35.719657899992228],[-176.94865399968228,35.738494899919829],[-176.93232700039067,35.757572199597462],[-176.91639699962175,35.776866899587901],[-176.90087899986588,35.79639050042141],[-176.88577300022371,35.816124000322475],[-176.87109399958834,35.836063400006026],[-176.85682699996599,35.856212599831736],[-176.84298700024979,35.876552599822787],[-176.82959000027822,35.897087099789985],[-176.81663500000516,35.917808499562739],[-176.80410799968436,35.938705400234198],[-176.7920379997538,35.959777800005611],[-176.78041099956789,35.981014299970127],[-176.76924099977225,36.002410899943243],[-176.75852999955976,36.02395629994345],[-176.74825999989901,36.045654299606383],[-176.73848000035167,36.067493400200419],[-176.72915600024913,36.089466099580989],[-176.72030600042152,36.111560800091013],[-176.71192899992334,36.13377759975657],[-176.70404100039178,36.156112699841344],[-176.69660900030505,36.178554499990355],[-176.68966700033172,36.201095599682333],[-176.68321200033347,36.223731999632207],[-176.67724600040253,36.246456099669388],[-176.67176799959344,36.269260400347321],[-176.66677899975096,36.292137100047285],[-176.66229199967597,36.315078700221989],[-176.65827899987588,36.33808519997217],[-176.65478499972789,36.361137399671406],[-176.65177899960108,36.384239199679484],[-176.6492920000257,36.407379200190064],[-176.64727799977979,36.430545799948845],[-176.64576700024679,36.453743000039537],[-176.64477500036591,36.47695920010716],[-176.0234530003556,36.494346599915787],[-176.02320899989536,36.526283300134367],[-176.02365099959388,36.558212300357525],[-176.02478000039662,36.590137500045728],[-176.02662700013587,36.622035999761749],[-176.0291600000339,36.653907800404795],[-176.03237900009071,36.685733800374749],[-176.03630100019092,36.717513999671496],[-176.04092400024234,36.749237100112225],[-176.04623399959934,36.780883800447157],[-176.05223100006052,36.812458000136758],[-176.0589289995736,36.84394070010336],[-176.06631500023698,36.875320399816758],[-176.07438700015985,36.906597100176157],[-176.0831600000339,36.937755599941113],[-176.0925899996287,36.968784299655852],[-176.10273699991254,36.999675799698537],[-176.11355599970955,37.030418399889413],[-176.12504599987292,37.061008500242224],[-176.13720700040267,37.091430699867033],[-176.15005500023798,37.121677400391889],[-176.16355899974798,37.151744800382403],[-176.17775000036215,37.181610100226067],[-176.19259599970556,37.211276999733911],[-176.20809899966903,37.24072649982827],[-176.22425800020648,37.269958499785105],[-176.24107399956534,37.298953999627543],[-176.25851399982116,37.327716799890538],[-176.27661099979773,37.356227899697956],[-176.29536400034826,37.38447569959402],[-176.31471299960518,37.412460300302769],[-176.33471700028926,37.440170300219336],[-176.35533100032532,37.467594099887947],[-176.37655599975952,37.494724299686823],[-176.39839200039043,37.521552999971107],[-176.42082199963551,37.5480728002197],[-176.44386300007733,37.574272199902225],[-176.4674990000787,37.600139599563022],[-176.49169900000877,37.625682799921435],[-176.51647899970601,37.650871299570952],[-176.54184000011583,37.675716400291776],[-176.56773399992409,37.700199100308396],[-176.59420800039882,37.724311800349426],[-176.6212160003181,37.748050699880025],[-176.64875799968186,37.771411900339103],[-176.67681899959709,37.794376399951034],[-176.70542899964855,37.816944099790533],[-176.73452799976729,37.839111300046625],[-176.76414500039138,37.860870399649343],[-176.79423500034491,37.882198300411403],[-176.82482900015816,37.903110500349442],[-176.85588100040778,37.92359160037222],[-176.88740499994071,37.94362259960343],[-176.91938799995617,37.963218700183006],[-176.95182800036184,37.982360799611342],[-176.98469499977435,38.001041400240581],[-177.017975000246,38.019260400447251],[-177.05168199972442,38.03701020006082],[-177.0857850003774,38.054287000344914],[-177.12028499955301,38.07107929986995],[-177.15516700015687,38.087387100434512],[-177.19041399960633,38.103199000433676],[-177.2260439996308,38.118518800402455],[-177.26199299997688,38.133331299999668],[-177.29829400036775,38.147640199935438],[-177.3349300000194,38.161437999863949],[-177.37187200029251,38.174716899965119],[-177.40910300040306,38.187473300252748],[-177.44664000023576,38.199714700173445],[-177.48445100011349,38.211421999925506],[-177.52252200029,38.222595200408307],[-177.56085199981987,38.233234399647984],[-177.59942599980997,38.243335699982708],[-177.63822899956861,38.252887699807673],[-177.67724600020267,38.261901899653083],[-177.71646100007501,38.270366700063278],[-177.75587500013108,38.278270700332712],[-177.79545599979448,38.285629299552681],[-177.83520500001066,38.292430900066108],[-177.87510700008792,38.298671700438774],[-177.91516099998009,38.30435179959602],[-177.95532200030999,38.309471100411088],[-177.99560499997071,38.314025900375157],[-178.03601099990763,38.318012200203043],[-178.07646200012113,38.321434000079194],[-178.11700400003451,38.3242836000083],[-178.15760800010904,38.326564799625942],[-178.19825699956081,38.328281400366507],[-178.23893700044215,38.329421999725639],[-178.27964800005509,38.329990400037104]]]},"properties":{"objectid":3588,"radii":34,"stormid":"cp012026","basin":"cp","stormnum":1,"advnum":"41","validtime":"2026082612","synoptime":"2026082212","timezone":"UTC","tau":96,"ne":110,"se":80,"sw":50,"nw":80,"idp_source":"cp012026_2026082215_forecastradii","idp_filedate":1787414561000,"idp_ingestdate":1787414602000,"st_area(shape)":7.4346661217856713,"st_perimeter(shape)":11.572934927401395,"binnumber":"CP2"}},{"type":"Feature","id":3589,"geometry":{"type":"MultiPolygon","coordinates":[[[[-179.86151100043224,37.635806999693443],[-179.83586100018493,37.636505100230352],[-179.81022599973002,37.637554199866599],[-179.78462199980538,37.638946499681367],[-179.75906400020338,37.640685999859159],[-179.73352100039378,37.642780299671244],[-179.7080379997538,37.645214099850989],[-179.68261700017433,37.648002599840254],[-179.65724200001821,37.651130700021952],[-179.63195799956196,37.654605899842522],[-179.60674999991249,37.658424399666444],[-179.58160400042419,37.662582399858024],[-179.55656400042821,37.667083700052842],[-179.53164699980911,37.671928400075728],[-179.5068049999507,37.677104899571589],[-179.48210100016095,37.682621000159202],[-179.45748900011719,37.688472699855367],[-179.43302899988836,37.694660200108274],[-179.40869099988967,37.701179499834211],[-179.38452100044375,37.708023099586512],[-179.36047400037475,37.715198499711164],[-179.33659399991311,37.722702000397135],[-179.31288099995811,37.730525999675308],[-179.2893369997027,37.738670299694718],[-179.26597599979249,37.747131299569958],[-179.24279800022745,37.755920400006573],[-179.2198030001083,37.765014599943981],[-179.19702099991915,37.774421700101527],[-179.17442300012129,37.784133899759809],[-179.15203900029954,37.79415889981351],[-179.12988300020024,37.804481499921451],[-179.10797099966183,37.815105399894435],[-179.08627299999887,37.826026899921658],[-179.06480400010446,37.837242099643333],[-179.04357899977094,37.84874730014792],[-179.02262900042794,37.860538500351652],[-179.00192299974657,37.87261200044361],[-178.98147600021716,37.884967800423794],[-178.96128800004109,37.89760209975725],[-178.94139099979472,37.910503399712297],[-178.92176799959344,37.923675499924514],[-178.90245100001357,37.93711090004814],[-178.88340799957945,37.950809500258401],[-178.86465499992823,37.964763599660557],[-178.84622199974541,37.978973399702795],[-178.82810999997645,37.993431099665656],[-178.81028700004495,38.008129100277927],[-178.79280100036581,38.023071300100582],[-178.77563500015506,38.038246200402],[-178.75880400010445,38.053653699558708],[-178.74231000030619,38.069290200282637],[-178.72615099976875,38.085143999695958],[-178.71035799992168,38.101219199606533],[-178.69490100028085,38.117504099834491],[-178.6798100004311,38.133998900029383],[-178.66506999968067,38.150695800371011],[-178.65071100031233,38.167587299614354],[-178.63670300004335,38.184673299733163],[-178.62307700030325,38.201950100017257],[-178.60983300019274,38.219409899747234],[-178.59696999966567,38.237041499665622],[-178.58450300031313,38.254852300293578],[-178.57241799969086,38.272827100390543],[-178.5607300002892,38.290965999781235],[-178.54943800026342,38.309253700098338],[-178.53855900039747,38.32769779971386],[-178.5280759999074,38.346283000260428],[-178.51800500043035,38.365016900109993],[-178.50836200000623,38.383876800374196],[-178.49911499985728,38.402866399964523],[-178.49031100035231,38.421977999784986],[-178.48190300022321,38.441211699660357],[-178.47393799983874,38.460552200323946],[-178.46638499956799,38.479999499977112],[-178.45928999973361,38.499546100072621],[-178.45260599996686,38.519191700236945],[-178.44636499994471,38.538917500142645],[-178.44055199987483,38.558723399965061],[-178.43519600019519,38.578609500428229],[-178.43025199972993,38.598567999913428],[-178.42578100039279,38.618591300048593],[-178.42175299990095,38.638668099953009],[-178.41815200021458,38.658794400341435],[-178.41500900006523,38.678974199599793],[-178.41232300030615,38.699188200075525],[-178.41008000029171,38.719436599619542],[-178.40830999960673,38.739711799859833],[-178.40696699972719,38.760009799712634],[-178.40608200028402,38.780322999906673],[-178.19219999992998,38.799186699806512],[-178.19215399960731,38.822414400404398],[-178.19264199962851,38.845638299568009],[-178.19364900020113,38.868850699999939],[-178.19517500042585,38.892047900090688],[-178.19720499961096,38.915222199844777],[-178.19978299978553,38.938358299995684],[-178.20286599986594,38.961463899639398],[-178.2064669995523,38.984519999698364],[-178.21061700027428,39.007526399623771],[-178.2152560001642,39.030467999798475],[-178.22041299966014,39.053352400393123],[-178.22610500044533,39.076152799812007],[-178.23228500035242,39.098880800208917],[-178.2389979996579,39.121513399623836],[-178.24623099956091,39.144054400390417],[-178.25395200038443,39.166496300364145],[-178.26220699975318,39.188827500089189],[-178.2709500000424,39.211040500119111],[-178.28019700019132,39.233135199729816],[-178.28996299999238,39.255100299839114],[-178.30021699981461,39.276924100267138],[-178.31095899965803,39.298610700123845],[-178.32222000005288,39.320148499953461],[-178.33395399977721,39.341526000124929],[-178.34617600042202,39.362739599752899],[-178.3588870002348,39.383789100087029],[-178.37208600006878,39.40465929988693],[-178.38575700008542,39.42535020005181],[-178.39988699968521,39.445846600240543],[-178.41449000041311,39.466148399729036],[-178.42958100026289,39.486255600315872],[-178.44511399981116,39.506145500414675],[-178.46110499979582,39.525825499647226],[-178.47755400021686,39.545280500195076],[-178.49444600038254,39.564514200070448],[-178.51178000024674,39.583515200366378],[-178.52955599980947,39.602275800188181],[-178.54774500043135,39.620792400449091],[-178.56639099964485,39.63905720042959],[-178.58543400007898,39.65706250013443],[-178.60488899972748,39.674816100282953],[-178.62477100018143,39.692295099639296],[-178.64505000005738,39.709499400177322],[-178.66572600025464,39.726429000098449],[-178.68679799982775,39.743072499596337],[-178.70825199992979,39.759426099934728],[-178.73007199982285,39.775489800214245],[-178.75227400024485,39.791252099904625],[-178.77484100041175,39.806705499559314],[-178.79775999972412,39.821853600063719],[-178.82104499972689,39.836688999997477],[-178.84466599993587,39.851200099904815],[-178.86860699961326,39.865394599781098],[-178.89289900018863,39.879260999995324],[-178.91749600044,39.89279170037679],[-178.94241300015975,39.905986799851064],[-178.96763599960164,39.918838500396646],[-178.99316399961882,39.931346900039557],[-179.01896699972718,39.943508100218821],[-179.04505899967302,39.955314599689189],[-179.07142599971004,39.966762499889626],[-179.09805300004584,39.977851899745531],[-179.12493899973498,39.988578799971776],[-179.15208399967676,39.998931899687591],[-179.17945900033251,40.008922599598463],[-179.20707699960377,40.018535600437758],[-179.23489399995805,40.027767199696655],[-179.26293900003475,40.036628700054621],[-179.29118300029515,40.045097399925226],[-179.31962599983996,40.053188300000215],[-179.34826700042166,40.060890200122799],[-179.3770749997114,40.068195299573574],[-179.40605199960004,40.075115199606898],[-179.43518100020293,40.081634500232155],[-179.46446199972144,40.087757100010322],[-179.49388100020792,40.093482999840717],[-179.52343799986372,40.098804499728033],[-179.55311599970355,40.103725400207225],[-179.58290099998109,40.108241999668678],[-179.61279299979702,40.112350500275511],[-179.64277600021217,40.116050699680216],[-179.6728520004194,40.119346599865821],[-179.70298799979628,40.122234299573392],[-179.73318500018755,40.124706300255696],[-179.76344299979453,40.126773800270826],[-179.79374699972419,40.128425600361311],[-179.82408100013797,40.129661599803114],[-179.85444600018269,40.130489299841486],[-179.88481100022742,40.130905200314885],[-179.9113459999179,39.798175799573642],[-179.93402099966931,39.797866799713177],[-179.95667999958224,39.797248799992246],[-179.97932399970276,39.796325699871318],[-179.99999999990001,39.795199098459761],[-179.99999999990001,37.971861846946808],[-179.98278800026591,37.970684100191193],[-179.96441700024428,37.969684599964467],[-179.94603000038413,37.968936900018093],[-179.92762799983225,37.968433400181425],[-179.90921000034118,37.968185400436028],[-179.88716099978024,37.635459900054514],[-179.86151100043224,37.635806999693443]]],[[[180.00000000010016,39.795199098459761],[179.99806199976172,39.79509350006515],[179.97547899975621,39.79355619985887],[179.95292700028108,39.791709899792181],[179.93042000018306,39.789550800229392],[179.90799000003869,39.787097900248057],[179.88560500017081,39.784328500060383],[179.86328100041806,39.781261399993753],[179.8410490004112,39.777893099886796],[179.81889300031196,39.774219499730293],[179.79682899995862,39.770244599708633],[179.77484100041204,39.765972099632847],[179.75297500019633,39.761398299691905],[179.73121600041827,39.75653080005651],[179.70957899997109,39.751369500002568],[179.68806499980008,39.745910599894444],[179.66667199981316,39.740161899552163],[179.64543199968728,39.734123200225667],[179.62432899958389,39.727798500300707],[179.6033630004024,39.721179999957201],[179.58256499997492,39.714286799896058],[179.56193500010033,39.707107500311054],[179.54147299987926,39.699653599933811],[179.52117900021085,39.691913600032763],[179.50108299978081,39.683906600409443],[179.48117099974206,39.675624800344394],[179.46144100000231,39.667072299846893],[179.44192500023871,39.658256500337359],[179.422622999552,39.649169899671278],[179.40351899990208,39.63982769998853],[179.38465899981315,39.630226099854781],[179.36599699986186,39.620372800164716],[179.34758000041688,39.610263799834627],[179.32939099979501,39.599903099948278],[179.31146200037119,39.589298199952111],[179.29377699960901,39.578453100030686],[179.27633700025251,39.567367599635134],[179.25917100004176,39.556049299835479],[179.24226400008376,39.5444984002811],[179.22560099968655,39.532714800247959],[179.20924399991088,39.520713799902069],[179.19314600038786,39.508487700147384],[179.17735299964136,39.496044200079893],[179.16183499988551,39.483387000409891],[179.14662199980569,39.470527599869001],[179.13168299977076,39.45745849990999],[179.11708099998839,39.444190999615103],[179.1027680000434,39.430721300247967],[179.08877599961284,39.417064700175899],[179.07508899975778,39.403217299938603],[179.06172200027027,39.389182999895695],[179.04869100008978,39.374973299678174],[179.03598000027694,39.360584299825746],[179.02360499977112,39.346031199780214],[179.01156600037086,39.331306500095025],[178.99984700043888,39.316421499852481],[178.98849500034419,39.301383999771929],[178.97747800040963,39.28618999966892],[178.96682700026599,39.270851099898493],[178.95651200032876,39.25537110009634],[178.94654800039007,39.239746099902732],[178.93695100028867,39.223991400382943],[178.92770400013967,39.208110800273346],[178.91882299978181,39.192104299573884],[178.9103090001604,39.175983399714255],[178.90217600012249,39.159748099795138],[178.89439400008325,39.143398299991702],[178.88699299962741,39.126953100105652],[178.8799739997005,39.110404999791058],[178.87332199961077,39.093765299928805],[178.86704999995777,39.077041599790164],[178.86115999993422,39.060230300288254],[178.85563699974796,39.043342599781283],[178.85052499962922,39.026382400427565],[178.84577900020088,39.009357500248598],[178.84141500040209,38.992267599770059],[178.83744800002535,38.975124400071138],[178.83386200013138,38.957927699703703],[178.83067299965944,38.940681499751577],[178.8278499998778,38.923397100196155],[178.82543900020994,38.906078299773867],[178.82341000017152,38.888732900103378],[178.82177700040847,38.871356999925752],[178.82052600027487,38.85396190012176],[178.81965599972477,38.836555500336203],[178.81919900023388,38.819137600020383],[178.81912200028023,38.801719699704506],[179.03282200033527,38.78788379999753],[179.03335599977981,38.773368799730463],[179.03422500028375,38.758869200353445],[179.03541600034828,38.74438099988339],[179.03692599983526,38.729911800289472],[179.03877299957446,38.715465500132893],[179.0409239998429,38.701045999773214],[179.04339599962589,38.686656999920729],[179.04620399961505,38.672306099846764],[179.04933199997197,38.657989499915629],[179.05276500000491,38.643726299928971],[179.0565189995524,38.62950900044018],[179.06059300036691,38.615341199636816],[179.06497199995806,38.60123439984784],[179.06967199996302,38.587184900363013],[179.074676999644,38.573207899724935],[179.08000199969274,38.559299500271891],[179.08561699962502,38.545463599665538],[179.09153700013269,38.531703900414811],[179.09777800015479,38.518032100001562],[179.10430900006054,38.50444410021521],[179.11114499964219,38.490947699976516],[179.11828599979924,38.477546699820493],[179.12570200004745,38.464240999922367],[179.13342299997169,38.451046000272868],[179.14144899957182,38.437953900152536],[179.14973400032409,38.424976299916466],[179.15831000010667,38.412105600293387],[179.16717499972663,38.399352999641394],[179.17631500033724,38.386733999574574],[179.18574499993201,38.374233200102253],[179.19544999961795,38.36186219978083],[179.20539899976427,38.349624600395146],[179.21563699974797,38.337528199966584],[179.22612000023798,38.325569199758888],[179.23689299971238,38.313755000293156],[179.24789399980841,38.302093500314925],[179.25917100004176,38.290576900004055],[179.27069099978996,38.279220600250653],[179.28244000020607,38.268020599970839],[179.29446399981396,38.256980900248493],[179.30670200029726,38.246108999630792],[179.31919900013395,38.235401200105457],[179.33190899990063,38.224868799855358],[179.34486400017363,38.214508099969009],[179.35803200037674,38.204330400427807],[179.37141399965651,38.194324500175696],[179.3850249996043,38.184509300264153],[179.39884900038123,38.174877199623211],[179.41287200044269,38.165435800222156],[179.42710899958081,38.156185200087066],[179.44152799991741,38.147132899563815],[179.45616100023017,38.138275099916086],[179.47099299982722,38.129619600064643],[179.485991999931,38.121162399825039],[179.50115999973434,38.112914999727593],[179.51652499962927,38.104873699961445],[179.5320590001229,38.097042099613361],[179.54777500001649,38.089424099942391],[179.5636289999785,38.082023600409002],[179.57965099959415,38.07483669975403],[179.59583999971642,38.067871099771594],[179.61216699990734,38.061122900101907],[179.6286469999593,38.054599799841014],[179.64524800019524,38.048301700063575],[179.66200300033836,38.042232500229829],[179.67886399997383,38.036384600169299],[179.6958619996318,38.030776999858801],[179.71298200041917,38.025394400031701],[179.7302249996842,38.020244599608759],[179.74755900044772,38.015335099835113],[179.76499899980422,38.010662100175921],[179.78254699964452,38.006221800096171],[179.80018600008407,38.002021799766396],[179.81790199957777,37.998065899721666],[179.83572400036257,37.994350400151006],[179.85360700036301,37.990875200330379],[179.87156700031699,37.987648000255149],[179.88958700034004,37.984661099929951],[179.90768400031652,37.981922100424754],[179.92582699971649,37.979435000125306],[179.94401600033837,37.977184300115482],[179.96225000033746,37.975185400386067],[179.98054499955231,37.973442099673321],[179.99887100019669,37.971939099609926],[180.00000000010016,37.971861846946808],[180.00000000010016,39.795199098459761]]]]},"properties":{"objectid":3589,"radii":34,"stormid":"cp012026","basin":"cp","stormnum":1,"advnum":"41","validtime":"2026082712","synoptime":"2026082212","timezone":"UTC","tau":120,"ne":80,"se":70,"sw":50,"nw":60,"idp_source":"cp012026_2026082215_forecastradii","idp_filedate":1787414561000,"idp_ingestdate":1787414602000,"st_area(shape)":4.8591845705350645,"st_perimeter(shape)":12.450089029057203,"binnumber":"CP2"}}]}