{
    "@context": {
        "@version": "1.1"
    },
    "id": "https://api.weather.gov/zones/forecast/CAZ055",
    "type": "Feature",
    "geometry": {
        "type": "Polygon",
        "coordinates": [
            [
                [
                    -117.644931,
                    34.417231
                ],
                [
                    -117.64345,
                    34.418172
                ],
                [
                    -117.642325,
                    34.418091
                ],
                [
                    -117.640764,
                    34.417229
                ],
                [
                    -117.638681,
                    34.41907
                ],
                [
                    -117.637115,
                    34.419135
                ],
                [
                    -117.634514,
                    34.418966
                ],
                [
                    -117.633583,
                    34.418501
                ],
                [
                    -117.63182,
                    34.41818
                ],
                [
                    -117.630347,
                    34.417069
                ],
                [
                    -117.628264,
                    34.417903
                ],
                [
                    -117.626181,
                    34.415208
                ],
                [
                    -117.624097,
                    34.415542
                ],
                [
                    -117.622014,
                    34.413146
                ],
                [
                    -117.620633,
                    34.4127
                ],
                [
                    -117.618871,
                    34.412379
                ],
                [
                    -117.617847,
                    34.411774
                ],
                [
                    -117.615764,
                    34.412778
                ],
                [
                    -117.613681,
                    34.412153
                ],
                [
                    -117.612163,
                    34.410754
                ],
                [
                    -117.611597,
                    34.41044
                ],
                [
                    -117.609514,
                    34.409781
                ],
                [
                    -117.609219,
                    34.409531
                ],
                [
                    -117.608839,
                    34.408562
                ],
                [
                    -117.608839,
                    34.407827
                ],
                [
                    -117.608097,
                    34.407153
                ],
                [
                    -117.607616,
                    34.406968
                ],
                [
                    -117.607097,
                    34.407153
                ],
                [
                    -117.605021,
                    34.40891
                ],
                [
                    -117.603264,
                    34.409898
                ],
                [
                    -117.601657,
                    34.409236
                ],
                [
                    -117.600129,
                    34.408205
                ],
                [
                    -117.597014,
                    34.407725
                ],
                [
                    -117.594931,
                    34.406852
                ],
                [
                    -117.592847,
                    34.40532
                ],
                [
                    -117.590764,
                    34.406099
                ],
                [
                    -117.582431,
                    34.404652
                ],
                [
                    -117.581493,
                    34.402986
                ],
                [
                    -117.58121,
                    34.402123
                ],
                [
                    -117.580617,
                    34.39855
                ],
                [
                    -117.580347,
                    34.397762
                ],
                [
                    -117.579234,
                    34.39979
                ],
                [
                    -117.578264,
                    34.400837
                ],
                [
                    -117.576806,
                    34.401527
                ],
                [
                    -117.576181,
                    34.402362
                ],
                [
                    -117.574097,
                    34.401706
                ],
                [
                    -117.572014,
                    34.401805
                ],
                [
                    -117.569931,
                    34.401576
                ],
                [
                    -117.569509,
                    34.401325
                ],
                [
                    -117.569201,
                    34.400903
                ],
                [
                    -117.568414,
                    34.398253
                ],
                [
                    -117.567847,
                    34.39693
                ],
                [
                    -117.565764,
                    34.398598
                ],
                [
                    -117.563681,
                    34.397764
                ],
                [
                    -117.561597,
                    34.396435
                ],
                [
                    -117.559514,
                    34.395877
                ],
                [
                    -117.558902,
                    34.395265
                ],
                [
                    -117.555347,
                    34.393181
                ],
                [
                    -117.554123,
                    34.390486
                ],
                [
                    -117.553563,
                    34.390187
                ],
                [
                    -117.552014,
                    34.390486
                ],
                [
                    -117.551181,
                    34.391141
                ],
                [
                    -117.549097,
                    34.389838
                ],
                [
                    -117.546687,
                    34.38873
                ],
                [
                    -117.544821,
                    34.388294
                ],
                [
                    -117.526042,
                    34.415625
                ],
                [
                    -117.526042,
                    34.41743
                ],
                [
                    -117.524838,
                    34.416829
                ],
                [
                    -117.523637,
                    34.41711
                ],
                [
                    -117.522986,
                    34.417569
                ],
                [
                    -117.522628,
                    34.418184
                ],
                [
                    -117.522014,
                    34.418403
                ],
                [
                    -117.519931,
                    34.416319
                ],
                [
                    -117.517847,
                    34.416236
                ],
                [
                    -117.517371,
                    34.417093
                ],
                [
                    -117.516736,
                    34.417569
                ],
                [
                    -117.516117,
                    34.417923
                ],
                [
                    -117.515297,
                    34.418036
                ],
                [
                    -117.513681,
                    34.417212
                ],
                [
                    -117.510645,
                    34.416438
                ],
                [
                    -117.509514,
                    34.415348
                ],
                [
                    -117.508215,
                    34.414702
                ],
                [
                    -117.507431,
                    34.414653
                ],
                [
                    -117.505347,
                    34.415236
                ],
                [
                    -117.504025,
                    34.414725
                ],
                [
                    -117.503264,
                    34.414236
                ],
                [
                    -117.501181,
                    34.414051
                ],
                [
                    -117.500532,
                    34.413403
                ],
                [
                    -117.500347,
                    34.41257
                ],
                [
                    -117.500625,
                    34.411875
                ],
                [
                    -117.499514,
                    34.411319
                ],
                [
                    -117.497014,
                    34.410747
                ],
                [
                    -117.495347,
                    34.411737
                ],
                [
                    -117.494587,
                    34.411662
                ],
                [
                    -117.493958,
                    34.411319
                ],
                [
                    -117.490116,
                    34.407801
                ],
                [
                    -117.488819,
                    34.407153
                ],
                [
                    -117.487143,
                    34.407699
                ],
                [
                    -117.484514,
                    34.407986
                ],
                [
                    -117.483958,
                    34.407153
                ],
                [
                    -117.483958,
                    34.406597
                ],
                [
                    -117.484554,
                    34.40503
                ],
                [
                    -117.483157,
                    34.404342
                ],
                [
                    -117.481554,
                    34.404194
                ],
                [
                    -117.480466,
                    34.40495
                ],
                [
                    -117.479792,
                    34.402986
                ],
                [
                    -117.478875,
                    34.402375
                ],
                [
                    -117.478264,
                    34.402413
                ],
                [
                    -117.477216,
                    34.401951
                ],
                [
                    -117.475466,
                    34.401617
                ],
                [
                    -117.474097,
                    34.401141
                ],
                [
                    -117.473085,
                    34.398819
                ],
                [
                    -117.472982,
                    34.397852
                ],
                [
                    -117.472514,
                    34.396736
                ],
                [
                    -117.471858,
                    34.396579
                ],
                [
                    -117.469931,
                    34.397867
                ],
                [
                    -117.467128,
                    34.395372
                ],
                [
                    -117.465764,
                    34.393736
                ],
                [
                    -117.464931,
                    34.393403
                ],
                [
                    -117.461597,
                    34.393056
                ],
                [
                    -117.461385,
                    34.392782
                ],
                [
                    -117.461597,
                    34.392316
                ],
                [
                    -117.463347,
                    34.392236
                ],
                [
                    -117.464593,
                    34.391399
                ],
                [
                    -117.465016,
                    34.389737
                ],
                [
                    -117.467056,
                    34.388403
                ],
                [
                    -117.466426,
                    34.387741
                ],
                [
                    -117.463681,
                    34.386737
                ],
                [
                    -117.463212,
                    34.386788
                ],
                [
                    -117.462475,
                    34.387197
                ],
                [
                    -117.461597,
                    34.38723
                ],
                [
                    -117.460843,
                    34.387649
                ],
                [
                    -117.459915,
                    34.388804
                ],
                [
                    -117.455347,
                    34.38982
                ],
                [
                    -117.454989,
                    34.388762
                ],
                [
                    -117.45501,
                    34.388065
                ],
                [
                    -117.456159,
                    34.387131
                ],
                [
                    -117.456576,
                    34.385465
                ],
                [
                    -117.457431,
                    34.384888
                ],
                [
                    -117.459602,
                    34.384324
                ],
                [
                    -117.459514,
                    34.383403
                ],
                [
                    -117.459129,
                    34.383852
                ],
                [
                    -117.458241,
                    34.383425
                ],
                [
                    -117.457431,
                    34.383555
                ],
                [
                    -117.455347,
                    34.383165
                ],
                [
                    -117.453264,
                    34.383083
                ],
                [
                    -117.452664,
                    34.383636
                ],
                [
                    -117.451783,
                    34.384839
                ],
                [
                    -117.451181,
                    34.386587
                ],
                [
                    -117.450203,
                    34.385213
                ],
                [
                    -117.449097,
                    34.384737
                ],
                [
                    -117.447579,
                    34.384802
                ],
                [
                    -117.447014,
                    34.385028
                ],
                [
                    -117.446468,
                    34.384782
                ],
                [
                    -117.445704,
                    34.383462
                ],
                [
                    -117.444931,
                    34.383033
                ],
                [
                    -117.442962,
                    34.384351
                ],
                [
                    -117.44257,
                    34.384236
                ],
                [
                    -117.441706,
                    34.383294
                ],
                [
                    -117.441311,
                    34.381605
                ],
                [
                    -117.440529,
                    34.380303
                ],
                [
                    -117.440561,
                    34.379867
                ],
                [
                    -117.441302,
                    34.378524
                ],
                [
                    -117.441242,
                    34.377986
                ],
                [
                    -117.44141,
                    34.37734
                ],
                [
                    -117.441311,
                    34.37645
                ],
                [
                    -117.441736,
                    34.375903
                ],
                [
                    -117.441264,
                    34.375402
                ],
                [
                    -117.440764,
                    34.375173
                ],
                [
                    -117.4393,
                    34.376522
                ],
                [
                    -117.437901,
                    34.376682
                ],
                [
                    -117.437817,
                    34.375903
                ],
                [
                    -117.437431,
                    34.37507
                ],
                [
                    -117.437159,
                    34.373819
                ],
                [
                    -117.437212,
                    34.373204
                ],
                [
                    -117.436597,
                    34.372205
                ],
                [
                    -117.435917,
                    34.373819
                ],
                [
                    -117.435322,
                    34.374627
                ],
                [
                    -117.434514,
                    34.374845
                ],
                [
                    -117.433763,
                    34.37457
                ],
                [
                    -117.433452,
                    34.371736
                ],
                [
                    -117.433243,
                    34.370924
                ],
                [
                    -117.432431,
                    34.369361
                ],
                [
                    -117.433218,
                    34.368357
                ],
                [
                    -117.433185,
                    34.365486
                ],
                [
                    -117.433568,
                    34.36454
                ],
                [
                    -117.434767,
                    34.363746
                ],
                [
                    -117.434986,
                    34.363371
                ],
                [
                    -117.435184,
                    34.362732
                ],
                [
                    -117.434944,
                    34.36175
                ],
                [
                    -117.436181,
                    34.361319
                ],
                [
                    -117.434817,
                    34.361016
                ],
                [
                    -117.434514,
                    34.361098
                ],
                [
                    -117.433429,
                    34.362317
                ],
                [
                    -117.431839,
                    34.362811
                ],
                [
                    -117.431164,
                    34.365486
                ],
                [
                    -117.429455,
                    34.366677
                ],
                [
                    -117.428967,
                    34.367569
                ],
                [
                    -117.428728,
                    34.369653
                ],
                [
                    -117.428546,
                    34.369936
                ],
                [
                    -117.42749,
                    34.370427
                ],
                [
                    -117.426978,
                    34.37045
                ],
                [
                    -117.426891,
                    34.371025
                ],
                [
                    -117.426365,
                    34.37192
                ],
                [
                    -117.42582,
                    34.372097
                ],
                [
                    -117.42467,
                    34.371736
                ],
                [
                    -117.425112,
                    34.370667
                ],
                [
                    -117.425489,
                    34.368961
                ],
                [
                    -117.426181,
                    34.368243
                ],
                [
                    -117.426618,
                    34.368007
                ],
                [
                    -117.426764,
                    34.367569
                ],
                [
                    -117.426654,
                    34.365013
                ],
                [
                    -117.426181,
                    34.364393
                ],
                [
                    -117.425597,
                    34.364903
                ],
                [
                    -117.425555,
                    34.365486
                ],
                [
                    -117.424931,
                    34.366319
                ],
                [
                    -117.424097,
                    34.366459
                ],
                [
                    -117.423228,
                    34.366355
                ],
                [
                    -117.422736,
                    34.365486
                ],
                [
                    -117.422847,
                    34.364236
                ],
                [
                    -117.423264,
                    34.36257
                ],
                [
                    -117.42314,
                    34.362277
                ],
                [
                    -117.423197,
                    34.361319
                ],
                [
                    -117.422803,
                    34.359236
                ],
                [
                    -117.422896,
                    34.358354
                ],
                [
                    -117.422669,
                    34.357808
                ],
                [
                    -117.42293,
                    34.357153
                ],
                [
                    -117.422523,
                    34.356643
                ],
                [
                    -117.422014,
                    34.356389
                ],
                [
                    -117.420942,
                    34.359236
                ],
                [
                    -117.419931,
                    34.360653
                ],
                [
                    -117.418877,
                    34.36029
                ],
                [
                    -117.417847,
                    34.35957
                ],
                [
                    -117.417759,
                    34.359149
                ],
                [
                    -117.418661,
                    34.357967
                ],
                [
                    -117.418796,
                    34.357153
                ],
                [
                    -117.418447,
                    34.35447
                ],
                [
                    -117.417847,
                    34.353516
                ],
                [
                    -117.41668,
                    34.352986
                ],
                [
                    -117.416597,
                    34.352153
                ],
                [
                    -117.415764,
                    34.351458
                ],
                [
                    -117.415584,
                    34.352806
                ],
                [
                    -117.414815,
                    34.355069
                ],
                [
                    -117.414271,
                    34.357743
                ],
                [
                    -117.413681,
                    34.359177
                ],
                [
                    -117.412764,
                    34.360403
                ],
                [
                    -117.411597,
                    34.360653
                ],
                [
                    -117.409514,
                    34.360069
                ],
                [
                    -117.408593,
                    34.360399
                ],
                [
                    -117.407764,
                    34.361319
                ],
                [
                    -117.407343,
                    34.361407
                ],
                [
                    -117.406701,
                    34.359236
                ],
                [
                    -117.406094,
                    34.358489
                ],
                [
                    -117.405347,
                    34.358334
                ],
                [
                    -117.404257,
                    34.357153
                ],
                [
                    -117.404071,
                    34.355069
                ],
                [
                    -117.404459,
                    34.354181
                ],
                [
                    -117.405494,
                    34.353134
                ],
                [
                    -117.405499,
                    34.352835
                ],
                [
                    -117.404079,
                    34.35217
                ],
                [
                    -117.400472,
                    34.351611
                ],
                [
                    -117.399157,
                    34.350903
                ],
                [
                    -117.399157,
                    34.348819
                ],
                [
                    -117.398872,
                    34.347519
                ],
                [
                    -117.398024,
                    34.346856
                ],
                [
                    -117.367928,
                    34.328453
                ],
                [
                    -117.244192,
                    34.328725
                ],
                [
                    -117.244457,
                    34.330069
                ],
                [
                    -117.244161,
                    34.331383
                ],
                [
                    -117.243895,
                    34.332153
                ],
                [
                    -117.243274,
                    34.332579
                ],
                [
                    -117.242073,
                    34.332927
                ],
                [
                    -117.24149,
                    34.332879
                ],
                [
                    -117.240276,
                    34.333748
                ],
                [
                    -117.238681,
                    34.334491
                ],
                [
                    -117.236597,
                    34.334798
                ],
                [
                    -117.235311,
                    34.333439
                ],
                [
                    -117.234514,
                    34.33234
                ],
                [
                    -117.234147,
                    34.33252
                ],
                [
                    -117.232942,
                    34.332663
                ],
                [
                    -117.232436,
                    34.334241
                ],
                [
                    -117.232337,
                    34.336226
                ],
                [
                    -117.230347,
                    34.33754
                ],
                [
                    -117.228264,
                    34.337338
                ],
                [
                    -117.226797,
                    34.336319
                ],
                [
                    -117.22363,
                    34.334703
                ],
                [
                    -117.223268,
                    34.334236
                ],
                [
                    -117.222909,
                    34.333341
                ],
                [
                    -117.222014,
                    34.330531
                ],
                [
                    -117.221354,
                    34.331494
                ],
                [
                    -117.218764,
                    34.332153
                ],
                [
                    -117.218835,
                    34.334236
                ],
                [
                    -117.218334,
                    34.336319
                ],
                [
                    -117.218149,
                    34.336622
                ],
                [
                    -117.217847,
                    34.336757
                ],
                [
                    -117.212632,
                    34.343605
                ],
                [
                    -117.215764,
                    34.343816
                ],
                [
                    -117.218233,
                    34.344653
                ],
                [
                    -117.219885,
                    34.346736
                ],
                [
                    -117.217847,
                    34.34745
                ],
                [
                    -117.215764,
                    34.347286
                ],
                [
                    -117.214391,
                    34.347447
                ],
                [
                    -117.211597,
                    34.348118
                ],
                [
                    -117.210972,
                    34.348819
                ],
                [
                    -117.210789,
                    34.349627
                ],
                [
                    -117.211093,
                    34.350399
                ],
                [
                    -117.21005,
                    34.350903
                ],
                [
                    -117.211597,
                    34.35118
                ],
                [
                    -117.213681,
                    34.352713
                ],
                [
                    -117.214902,
                    34.350903
                ],
                [
                    -117.215406,
                    34.350545
                ],
                [
                    -117.217847,
                    34.350581
                ],
                [
                    -117.218479,
                    34.350903
                ],
                [
                    -117.219275,
                    34.352986
                ],
                [
                    -117.218355,
                    34.355069
                ],
                [
                    -117.219071,
                    34.357153
                ],
                [
                    -117.219075,
                    34.358008
                ],
                [
                    -117.220276,
                    34.359236
                ],
                [
                    -117.217847,
                    34.359659
                ],
                [
                    -117.216696,
                    34.358303
                ],
                [
                    -117.215764,
                    34.358029
                ],
                [
                    -117.213681,
                    34.357616
                ],
                [
                    -117.212608,
                    34.358164
                ],
                [
                    -117.211512,
                    34.359236
                ],
                [
                    -117.21233,
                    34.361319
                ],
                [
                    -117.212294,
                    34.363403
                ],
                [
                    -117.212121,
                    34.363927
                ],
                [
                    -117.211597,
                    34.364626
                ],
                [
                    -117.211061,
                    34.36495
                ],
                [
                    -117.209458,
                    34.36543
                ],
                [
                    -117.207431,
                    34.365469
                ],
                [
                    -117.204465,
                    34.364285
                ],
                [
                    -117.203493,
                    34.363174
                ],
                [
                    -117.202873,
                    34.362993
                ],
                [
                    -117.201857,
                    34.364079
                ],
                [
                    -117.202019,
                    34.364647
                ],
                [
                    -117.201973,
                    34.365486
                ],
                [
                    -117.202646,
                    34.367569
                ],
                [
                    -117.202854,
                    34.367979
                ],
                [
                    -117.205339,
                    34.369653
                ],
                [
                    -117.202778,
                    34.371736
                ],
                [
                    -117.201657,
                    34.372212
                ],
                [
                    -117.200625,
                    34.372292
                ],
                [
                    -117.199153,
                    34.37168
                ],
                [
                    -117.198542,
                    34.371736
                ],
                [
                    -117.197014,
                    34.372082
                ],
                [
                    -117.196206,
                    34.373012
                ],
                [
                    -117.193485,
                    34.373819
                ],
                [
                    -117.194931,
                    34.374726
                ],
                [
                    -117.197014,
                    34.375625
                ],
                [
                    -117.199097,
                    34.375416
                ],
                [
                    -117.201181,
                    34.375762
                ],
                [
                    -117.201305,
                    34.375903
                ],
                [
                    -117.201181,
                    34.376225
                ],
                [
                    -117.200154,
                    34.37696
                ],
                [
                    -117.199599,
                    34.377986
                ],
                [
                    -117.199771,
                    34.380069
                ],
                [
                    -117.198649,
                    34.382153
                ],
                [
                    -117.198892,
                    34.382358
                ],
                [
                    -117.19992,
                    34.384236
                ],
                [
                    -117.199395,
                    34.386617
                ],
                [
                    -117.198427,
                    34.388403
                ],
                [
                    -117.198798,
                    34.390486
                ],
                [
                    -117.198809,
                    34.392281
                ],
                [
                    -117.198713,
                    34.392569
                ],
                [
                    -117.197793,
                    34.393349
                ],
                [
                    -117.196776,
                    34.394653
                ],
                [
                    -117.197489,
                    34.39626
                ],
                [
                    -117.197516,
                    34.396736
                ],
                [
                    -117.197335,
                    34.397057
                ],
                [
                    -117.197014,
                    34.397327
                ],
                [
                    -117.194931,
                    34.398145
                ],
                [
                    -117.192718,
                    34.39869
                ],
                [
                    -117.191847,
                    34.399903
                ],
                [
                    -117.190547,
                    34.400685
                ],
                [
                    -117.189582,
                    34.401804
                ],
                [
                    -117.18703,
                    34.405502
                ],
                [
                    -117.186597,
                    34.405776
                ],
                [
                    -117.183886,
                    34.406524
                ],
                [
                    -117.182658,
                    34.407153
                ],
                [
                    -117.181735,
                    34.40854
                ],
                [
                    -117.180347,
                    34.408968
                ],
                [
                    -117.178264,
                    34.408528
                ],
                [
                    -117.175808,
                    34.408864
                ],
                [
                    -117.174097,
                    34.409315
                ],
                [
                    -117.172014,
                    34.408961
                ],
                [
                    -117.169931,
                    34.409706
                ],
                [
                    -117.167847,
                    34.41018
                ],
                [
                    -117.167126,
                    34.410598
                ],
                [
                    -117.165764,
                    34.411796
                ],
                [
                    -117.163364,
                    34.411637
                ],
                [
                    -117.161597,
                    34.411135
                ],
                [
                    -117.159621,
                    34.411212
                ],
                [
                    -117.157964,
                    34.411854
                ],
                [
                    -117.157431,
                    34.412271
                ],
                [
                    -117.153015,
                    34.411569
                ],
                [
                    -117.149097,
                    34.411417
                ],
                [
                    -117.147964,
                    34.410369
                ],
                [
                    -117.147372,
                    34.408878
                ],
                [
                    -117.147014,
                    34.408631
                ],
                [
                    -117.145023,
                    34.409329
                ],
                [
                    -117.14347,
                    34.408614
                ],
                [
                    -117.141375,
                    34.406541
                ],
                [
                    -117.139998,
                    34.403752
                ],
                [
                    -117.139314,
                    34.40362
                ],
                [
                    -117.138153,
                    34.402986
                ],
                [
                    -117.138485,
                    34.402791
                ],
                [
                    -117.138681,
                    34.401667
                ],
                [
                    -117.139008,
                    34.40123
                ],
                [
                    -117.139033,
                    34.400903
                ],
                [
                    -117.140764,
                    34.400099
                ],
                [
                    -117.142847,
                    34.399952
                ],
                [
                    -117.145167,
                    34.398819
                ],
                [
                    -117.143958,
                    34.397709
                ],
                [
                    -117.14364,
                    34.396736
                ],
                [
                    -117.14375,
                    34.395555
                ],
                [
                    -117.143996,
                    34.394653
                ],
                [
                    -117.144499,
                    34.394221
                ],
                [
                    -117.145799,
                    34.393784
                ],
                [
                    -117.146323,
                    34.393962
                ],
                [
                    -117.146965,
                    34.392569
                ],
                [
                    -117.147452,
                    34.390049
                ],
                [
                    -117.147118,
                    34.388403
                ],
                [
                    -117.145531,
                    34.389003
                ],
                [
                    -117.144621,
                    34.388712
                ],
                [
                    -117.144292,
                    34.387765
                ],
                [
                    -117.144696,
                    34.386553
                ],
                [
                    -117.143374,
                    34.385793
                ],
                [
                    -117.142847,
                    34.385874
                ],
                [
                    -117.140818,
                    34.388403
                ],
                [
                    -117.141079,
                    34.390172
                ],
                [
                    -117.140944,
                    34.390666
                ],
                [
                    -117.138289,
                    34.390878
                ],
                [
                    -117.136649,
                    34.390486
                ],
                [
                    -117.135232,
                    34.388403
                ],
                [
                    -117.134645,
                    34.386188
                ],
                [
                    -117.134903,
                    34.383848
                ],
                [
                    -117.134665,
                    34.382304
                ],
                [
                    -117.134826,
                    34.382153
                ],
                [
                    -117.134514,
                    34.381944
                ],
                [
                    -117.134398,
                    34.382037
                ],
                [
                    -117.132841,
                    34.381743
                ],
                [
                    -117.132143,
                    34.381866
                ],
                [
                    -117.129704,
                    34.38151
                ],
                [
                    -117.128835,
                    34.381582
                ],
                [
                    -117.128264,
                    34.381245
                ],
                [
                    -117.127387,
                    34.383359
                ],
                [
                    -117.126181,
                    34.383849
                ],
                [
                    -117.125695,
                    34.383751
                ],
                [
                    -117.124097,
                    34.384216
                ],
                [
                    -117.125386,
                    34.385031
                ],
                [
                    -117.126069,
                    34.386319
                ],
                [
                    -117.126181,
                    34.387465
                ],
                [
                    -117.126507,
                    34.388076
                ],
                [
                    -117.127832,
                    34.38797
                ],
                [
                    -117.128264,
                    34.388125
                ],
                [
                    -117.128417,
                    34.388403
                ],
                [
                    -117.128264,
                    34.389375
                ],
                [
                    -117.127431,
                    34.389653
                ],
                [
                    -117.126931,
                    34.390486
                ],
                [
                    -117.126279,
                    34.390585
                ],
                [
                    -117.124772,
                    34.391161
                ],
                [
                    -117.124097,
                    34.391903
                ],
                [
                    -117.123653,
                    34.392125
                ],
                [
                    -117.122014,
                    34.392236
                ],
                [
                    -117.12091,
                    34.39159
                ],
                [
                    -117.119931,
                    34.391482
                ],
                [
                    -117.117847,
                    34.391639
                ],
                [
                    -117.116941,
                    34.391392
                ],
                [
                    -117.116322,
                    34.390486
                ],
                [
                    -117.115764,
                    34.390029
                ],
                [
                    -117.115093,
                    34.389815
                ],
                [
                    -117.114205,
                    34.389961
                ],
                [
                    -117.113681,
                    34.388968
                ],
                [
                    -117.113317,
                    34.390123
                ],
                [
                    -117.113363,
                    34.390486
                ],
                [
                    -117.114753,
                    34.391497
                ],
                [
                    -117.115276,
                    34.393058
                ],
                [
                    -117.115764,
                    34.393763
                ],
                [
                    -117.11708,
                    34.394653
                ],
                [
                    -117.116704,
                    34.395594
                ],
                [
                    -117.115764,
                    34.396299
                ],
                [
                    -117.115482,
                    34.396736
                ],
                [
                    -117.115745,
                    34.3988
                ],
                [
                    -117.115458,
                    34.400903
                ],
                [
                    -117.114706,
                    34.401928
                ],
                [
                    -117.113681,
                    34.402681
                ],
                [
                    -117.11244,
                    34.402144
                ],
                [
                    -117.111597,
                    34.402104
                ],
                [
                    -117.110807,
                    34.402196
                ],
                [
                    -117.109514,
                    34.402767
                ],
                [
                    -117.109344,
                    34.403156
                ],
                [
                    -117.109273,
                    34.405069
                ],
                [
                    -117.105347,
                    34.407898
                ],
                [
                    -117.103264,
                    34.408599
                ],
                [
                    -117.102353,
                    34.407153
                ],
                [
                    -117.101181,
                    34.406479
                ],
                [
                    -117.099097,
                    34.407937
                ],
                [
                    -117.097014,
                    34.408347
                ],
                [
                    -117.094931,
                    34.408183
                ],
                [
                    -117.094299,
                    34.408604
                ],
                [
                    -117.092847,
                    34.409079
                ],
                [
                    -117.091451,
                    34.408548
                ],
                [
                    -117.091299,
                    34.407689
                ],
                [
                    -117.090957,
                    34.40696
                ],
                [
                    -117.090764,
                    34.40498
                ],
                [
                    -117.09005,
                    34.406439
                ],
                [
                    -117.089602,
                    34.406232
                ],
                [
                    -117.088077,
                    34.40655
                ],
                [
                    -117.086987,
                    34.407153
                ],
                [
                    -117.086597,
                    34.40757
                ],
                [
                    -117.084514,
                    34.406895
                ],
                [
                    -117.083479,
                    34.406104
                ],
                [
                    -117.083164,
                    34.405069
                ],
                [
                    -117.082784,
                    34.404716
                ],
                [
                    -117.080347,
                    34.40438
                ],
                [
                    -117.079707,
                    34.40443
                ],
                [
                    -117.078264,
                    34.40493
                ],
                [
                    -117.077073,
                    34.404177
                ],
                [
                    -117.075468,
                    34.403698
                ],
                [
                    -117.074501,
                    34.402582
                ],
                [
                    -117.074097,
                    34.401547
                ],
                [
                    -117.073727,
                    34.402616
                ],
                [
                    -117.072014,
                    34.405575
                ],
                [
                    -117.07027,
                    34.404731
                ],
                [
                    -117.067847,
                    34.404113
                ],
                [
                    -117.06716,
                    34.403674
                ],
                [
                    -117.065764,
                    34.401909
                ],
                [
                    -117.064572,
                    34.400012
                ],
                [
                    -117.063681,
                    34.39693
                ],
                [
                    -117.06322,
                    34.398359
                ],
                [
                    -117.062547,
                    34.39977
                ],
                [
                    -117.061305,
                    34.400903
                ],
                [
                    -117.060709,
                    34.402098
                ],
                [
                    -117.059569,
                    34.403042
                ],
                [
                    -117.057431,
                    34.402915
                ],
                [
                    -117.055347,
                    34.403341
                ],
                [
                    -117.053264,
                    34.399882
                ],
                [
                    -117.051181,
                    34.402739
                ],
                [
                    -117.048081,
                    34.400903
                ],
                [
                    -117.045545,
                    34.400288
                ],
                [
                    -117.042847,
                    34.399331
                ],
                [
                    -117.042463,
                    34.398819
                ],
                [
                    -117.041795,
                    34.396736
                ],
                [
                    -117.041669,
                    34.395831
                ],
                [
                    -117.040764,
                    34.395035
                ],
                [
                    -117.038846,
                    34.396902
                ],
                [
                    -117.038175,
                    34.396736
                ],
                [
                    -117.036597,
                    34.395474
                ],
                [
                    -117.034301,
                    34.392782
                ],
                [
                    -117.031492,
                    34.391424
                ],
                [
                    -117.030347,
                    34.389653
                ],
                [
                    -117.029717,
                    34.389855
                ],
                [
                    -117.029029,
                    34.389721
                ],
                [
                    -117.029025,
                    34.387407
                ],
                [
                    -117.027429,
                    34.386769
                ],
                [
                    -117.026059,
                    34.384944
                ],
                [
                    -117.026668,
                    34.381666
                ],
                [
                    -117.025006,
                    34.380069
                ],
                [
                    -117.024745,
                    34.379421
                ],
                [
                    -117.024097,
                    34.378983
                ],
                [
                    -117.022643,
                    34.380698
                ],
                [
                    -117.022014,
                    34.381172
                ],
                [
                    -117.019931,
                    34.381021
                ],
                [
                    -117.019373,
                    34.380627
                ],
                [
                    -117.019054,
                    34.380069
                ],
                [
                    -117.018514,
                    34.377986
                ],
                [
                    -117.018077,
                    34.377756
                ],
                [
                    -117.017577,
                    34.377716
                ],
                [
                    -117.016337,
                    34.378559
                ],
                [
                    -117.015764,
                    34.378632
                ],
                [
                    -117.015172,
                    34.378578
                ],
                [
                    -117.013681,
                    34.378001
                ],
                [
                    -117.013966,
                    34.376189
                ],
                [
                    -117.013915,
                    34.375669
                ],
                [
                    -117.013681,
                    34.375331
                ],
                [
                    -117.012776,
                    34.374724
                ],
                [
                    -117.011597,
                    34.374184
                ],
                [
                    -117.010408,
                    34.374714
                ],
                [
                    -117.009514,
                    34.375392
                ],
                [
                    -117.007431,
                    34.373175
                ],
                [
                    -117.005988,
                    34.367493
                ],
                [
                    -117.005318,
                    34.366938
                ],
                [
                    -117.005223,
                    34.365362
                ],
                [
                    -117.003847,
                    34.366069
                ],
                [
                    -116.999097,
                    34.366337
                ],
                [
                    -116.997014,
                    34.366785
                ],
                [
                    -116.996394,
                    34.366949
                ],
                [
                    -116.994931,
                    34.367786
                ],
                [
                    -116.993649,
                    34.367569
                ],
                [
                    -116.993189,
                    34.367228
                ],
                [
                    -116.993536,
                    34.366175
                ],
                [
                    -116.993382,
                    34.365486
                ],
                [
                    -116.994085,
                    34.364641
                ],
                [
                    -116.994931,
                    34.3642
                ],
                [
                    -116.997402,
                    34.36379
                ],
                [
                    -116.997542,
                    34.362875
                ],
                [
                    -116.997014,
                    34.361937
                ],
                [
                    -116.996163,
                    34.362551
                ],
                [
                    -116.995862,
                    34.362471
                ],
                [
                    -116.994236,
                    34.362708
                ],
                [
                    -116.990764,
                    34.362508
                ],
                [
                    -116.990001,
                    34.362641
                ],
                [
                    -116.988596,
                    34.363487
                ],
                [
                    -116.987064,
                    34.362936
                ],
                [
                    -116.986016,
                    34.3619
                ],
                [
                    -116.984636,
                    34.358471
                ],
                [
                    -116.984248,
                    34.358166
                ],
                [
                    -116.982431,
                    34.357871
                ],
                [
                    -116.981776,
                    34.358582
                ],
                [
                    -116.980347,
                    34.359305
                ],
                [
                    -116.978433,
                    34.359405
                ],
                [
                    -116.976181,
                    34.359202
                ],
                [
                    -116.974097,
                    34.359757
                ],
                [
                    -116.969931,
                    34.359897
                ],
                [
                    -116.968862,
                    34.359236
                ],
                [
                    -116.969188,
                    34.356411
                ],
                [
                    -116.970083,
                    34.354917
                ],
                [
                    -116.967847,
                    34.353472
                ],
                [
                    -116.965764,
                    34.353403
                ],
                [
                    -116.965212,
                    34.354517
                ],
                [
                    -116.964638,
                    34.355069
                ],
                [
                    -116.963012,
                    34.355738
                ],
                [
                    -116.961597,
                    34.355315
                ],
                [
                    -116.960179,
                    34.354404
                ],
                [
                    -116.959514,
                    34.353661
                ],
                [
                    -116.958937,
                    34.354492
                ],
                [
                    -116.957431,
                    34.355023
                ],
                [
                    -116.955347,
                    34.355018
                ],
                [
                    -116.953843,
                    34.354491
                ],
                [
                    -116.951237,
                    34.35293
                ],
                [
                    -116.949097,
                    34.352707
                ],
                [
                    -116.947716,
                    34.352284
                ],
                [
                    -116.946127,
                    34.350903
                ],
                [
                    -116.945769,
                    34.350064
                ],
                [
                    -116.944931,
                    34.349203
                ],
                [
                    -116.943453,
                    34.351509
                ],
                [
                    -116.942847,
                    34.351944
                ],
                [
                    -116.940764,
                    34.352011
                ],
                [
                    -116.938681,
                    34.349767
                ],
                [
                    -116.938094,
                    34.350316
                ],
                [
                    -116.937228,
                    34.351533
                ],
                [
                    -116.936597,
                    34.35205
                ],
                [
                    -116.934514,
                    34.352946
                ],
                [
                    -116.932431,
                    34.352307
                ],
                [
                    -116.931705,
                    34.351628
                ],
                [
                    -116.930264,
                    34.350986
                ],
                [
                    -116.92915,
                    34.350017
                ],
                [
                    -116.92838,
                    34.348819
                ],
                [
                    -116.928186,
                    34.348741
                ],
                [
                    -116.927338,
                    34.349977
                ],
                [
                    -116.92702,
                    34.350903
                ],
                [
                    -116.926181,
                    34.352181
                ],
                [
                    -116.924097,
                    34.350968
                ],
                [
                    -116.922748,
                    34.348085
                ],
                [
                    -116.922014,
                    34.345694
                ],
                [
                    -116.920879,
                    34.347684
                ],
                [
                    -116.919931,
                    34.350236
                ],
                [
                    -116.918889,
                    34.346736
                ],
                [
                    -116.917847,
                    34.345379
                ],
                [
                    -116.916725,
                    34.347697
                ],
                [
                    -116.915151,
                    34.348819
                ],
                [
                    -116.913681,
                    34.349626
                ],
                [
                    -116.911597,
                    34.350428
                ],
                [
                    -116.911143,
                    34.350448
                ],
                [
                    -116.908729,
                    34.350117
                ],
                [
                    -116.907936,
                    34.350398
                ],
                [
                    -116.907431,
                    34.349903
                ],
                [
                    -116.906984,
                    34.350903
                ],
                [
                    -116.905943,
                    34.351498
                ],
                [
                    -116.905347,
                    34.351642
                ],
                [
                    -116.903264,
                    34.351285
                ],
                [
                    -116.901827,
                    34.350257
                ],
                [
                    -116.901181,
                    34.349984
                ],
                [
                    -116.899097,
                    34.350139
                ],
                [
                    -116.897014,
                    34.349929
                ],
                [
                    -116.894931,
                    34.350726
                ],
                [
                    -116.893052,
                    34.350698
                ],
                [
                    -116.891464,
                    34.350203
                ],
                [
                    -116.890764,
                    34.349761
                ],
                [
                    -116.890038,
                    34.349546
                ],
                [
                    -116.888681,
                    34.347926
                ],
                [
                    -116.888055,
                    34.348195
                ],
                [
                    -116.887436,
                    34.347981
                ],
                [
                    -116.886597,
                    34.348088
                ],
                [
                    -116.884514,
                    34.348682
                ],
                [
                    -116.881872,
                    34.347295
                ],
                [
                    -116.881278,
                    34.346736
                ],
                [
                    -116.880842,
                    34.346242
                ],
                [
                    -116.880347,
                    34.344653
                ],
                [
                    -116.879225,
                    34.345614
                ],
                [
                    -116.878264,
                    34.345751
                ],
                [
                    -116.876181,
                    34.345694
                ],
                [
                    -116.875507,
                    34.345326
                ],
                [
                    -116.874847,
                    34.344653
                ],
                [
                    -116.874696,
                    34.344055
                ],
                [
                    -116.874097,
                    34.3438
                ],
                [
                    -116.873127,
                    34.344653
                ],
                [
                    -116.872712,
                    34.345351
                ],
                [
                    -116.872014,
                    34.347352
                ],
                [
                    -116.871129,
                    34.347934
                ],
                [
                    -116.869931,
                    34.348299
                ],
                [
                    -116.868942,
                    34.347724
                ],
                [
                    -116.867847,
                    34.346604
                ],
                [
                    -116.865764,
                    34.346363
                ],
                [
                    -116.863458,
                    34.346959
                ],
                [
                    -116.861597,
                    34.34688
                ],
                [
                    -116.859831,
                    34.346419
                ],
                [
                    -116.859514,
                    34.343843
                ],
                [
                    -116.858836,
                    34.343974
                ],
                [
                    -116.858353,
                    34.34373
                ],
                [
                    -116.855347,
                    34.343777
                ],
                [
                    -116.854578,
                    34.343884
                ],
                [
                    -116.853264,
                    34.344364
                ],
                [
                    -116.851181,
                    34.343739
                ],
                [
                    -116.849097,
                    34.342309
                ],
                [
                    -116.847014,
                    34.340308
                ],
                [
                    -116.844931,
                    34.341239
                ],
                [
                    -116.843525,
                    34.339809
                ],
                [
                    -116.842034,
                    34.339216
                ],
                [
                    -116.841405,
                    34.338403
                ],
                [
                    -116.841357,
                    34.336538
                ],
                [
                    -116.838623,
                    34.335992
                ],
                [
                    -116.838681,
                    34.336528
                ],
                [
                    -116.839655,
                    34.337428
                ],
                [
                    -116.840011,
                    34.339156
                ],
                [
                    -116.839901,
                    34.339622
                ],
                [
                    -116.840103,
                    34.341146
                ],
                [
                    -116.841692,
                    34.343725
                ],
                [
                    -116.841878,
                    34.344653
                ],
                [
                    -116.841724,
                    34.345613
                ],
                [
                    -116.841116,
                    34.346736
                ],
                [
                    -116.841493,
                    34.34809
                ],
                [
                    -116.842175,
                    34.348819
                ],
                [
                    -116.838681,
                    34.349757
                ],
                [
                    -116.83561,
                    34.351998
                ],
                [
                    -116.834514,
                    34.352436
                ],
                [
                    -116.82989,
                    34.353443
                ],
                [
                    -116.829128,
                    34.353851
                ],
                [
                    -116.828264,
                    34.3539
                ],
                [
                    -116.827558,
                    34.353692
                ],
                [
                    -116.826635,
                    34.352532
                ],
                [
                    -116.825518,
                    34.352323
                ],
                [
                    -116.824514,
                    34.352986
                ],
                [
                    -116.825015,
                    34.354152
                ],
                [
                    -116.825087,
                    34.355069
                ],
                [
                    -116.824897,
                    34.355869
                ],
                [
                    -116.824097,
                    34.356736
                ],
                [
                    -116.823145,
                    34.356022
                ],
                [
                    -116.821621,
                    34.355462
                ],
                [
                    -116.820386,
                    34.354614
                ],
                [
                    -116.819249,
                    34.354388
                ],
                [
                    -116.818456,
                    34.354461
                ],
                [
                    -116.817847,
                    34.354078
                ],
                [
                    -116.817389,
                    34.355527
                ],
                [
                    -116.818426,
                    34.356574
                ],
                [
                    -116.81849,
                    34.357796
                ],
                [
                    -116.817847,
                    34.358949
                ],
                [
                    -116.816782,
                    34.358218
                ],
                [
                    -116.815305,
                    34.357613
                ],
                [
                    -116.811597,
                    34.356479
                ],
                [
                    -116.809342,
                    34.355241
                ],
                [
                    -116.805347,
                    34.354857
                ],
                [
                    -116.802669,
                    34.353581
                ],
                [
                    -116.802078,
                    34.352986
                ],
                [
                    -116.802758,
                    34.350396
                ],
                [
                    -116.805398,
                    34.348819
                ],
                [
                    -116.805347,
                    34.348521
                ],
                [
                    -116.804291,
                    34.347792
                ],
                [
                    -116.801181,
                    34.347521
                ],
                [
                    -116.800292,
                    34.347931
                ],
                [
                    -116.799322,
                    34.349044
                ],
                [
                    -116.797657,
                    34.349462
                ],
                [
                    -116.797014,
                    34.350105
                ],
                [
                    -116.796462,
                    34.349371
                ],
                [
                    -116.796427,
                    34.348819
                ],
                [
                    -116.796822,
                    34.346736
                ],
                [
                    -116.795718,
                    34.345948
                ],
                [
                    -116.794931,
                    34.345769
                ],
                [
                    -116.794071,
                    34.345877
                ],
                [
                    -116.792881,
                    34.346771
                ],
                [
                    -116.79257,
                    34.346736
                ],
                [
                    -116.791812,
                    34.345687
                ],
                [
                    -116.7914,
                    34.344017
                ],
                [
                    -116.790619,
                    34.342714
                ],
                [
                    -116.788681,
                    34.342069
                ],
                [
                    -116.78703,
                    34.343003
                ],
                [
                    -116.786019,
                    34.343147
                ],
                [
                    -116.784887,
                    34.342943
                ],
                [
                    -116.784514,
                    34.343053
                ],
                [
                    -116.783716,
                    34.341284
                ],
                [
                    -116.782765,
                    34.338403
                ],
                [
                    -116.782734,
                    34.336319
                ],
                [
                    -116.783854,
                    34.33566
                ],
                [
                    -116.786597,
                    34.335092
                ],
                [
                    -116.787418,
                    34.334236
                ],
                [
                    -116.78773,
                    34.333286
                ],
                [
                    -116.788965,
                    34.332438
                ],
                [
                    -116.790196,
                    34.332153
                ],
                [
                    -116.789004,
                    34.331829
                ],
                [
                    -116.788681,
                    34.331558
                ],
                [
                    -116.788248,
                    34.331719
                ],
                [
                    -116.787175,
                    34.331575
                ],
                [
                    -116.786597,
                    34.331675
                ],
                [
                    -116.786031,
                    34.332153
                ],
                [
                    -116.785407,
                    34.333046
                ],
                [
                    -116.784514,
                    34.333328
                ],
                [
                    -116.782431,
                    34.333263
                ],
                [
                    -116.780347,
                    34.332821
                ],
                [
                    -116.779586,
                    34.332914
                ],
                [
                    -116.778809,
                    34.332698
                ],
                [
                    -116.778264,
                    34.332876
                ],
                [
                    -116.776181,
                    34.332182
                ],
                [
                    -116.774118,
                    34.330049
                ],
                [
                    -116.772014,
                    34.330264
                ],
                [
                    -116.769624,
                    34.330069
                ],
                [
                    -116.770251,
                    34.328307
                ],
                [
                    -116.770085,
                    34.327831
                ],
                [
                    -116.769106,
                    34.326728
                ],
                [
                    -116.768687,
                    34.325903
                ],
                [
                    -116.768639,
                    34.32511
                ],
                [
                    -116.768612,
                    34.323819
                ],
                [
                    -116.769416,
                    34.323305
                ],
                [
                    -116.770596,
                    34.323154
                ],
                [
                    -116.77235,
                    34.323484
                ],
                [
                    -116.773387,
                    34.324529
                ],
                [
                    -116.774823,
                    34.325176
                ],
                [
                    -116.775676,
                    34.326407
                ],
                [
                    -116.776181,
                    34.326687
                ],
                [
                    -116.779367,
                    34.325903
                ],
                [
                    -116.778589,
                    34.325578
                ],
                [
                    -116.778264,
                    34.325644
                ],
                [
                    -116.777046,
                    34.325037
                ],
                [
                    -116.777053,
                    34.324692
                ],
                [
                    -116.776181,
                    34.322305
                ],
                [
                    -116.775084,
                    34.320749
                ],
                [
                    -116.774097,
                    34.320094
                ],
                [
                    -116.772847,
                    34.319653
                ],
                [
                    -116.772424,
                    34.319243
                ],
                [
                    -116.771091,
                    34.318492
                ],
                [
                    -116.770611,
                    34.317569
                ],
                [
                    -116.771258,
                    34.316814
                ],
                [
                    -116.772014,
                    34.316424
                ],
                [
                    -116.774097,
                    34.31614
                ],
                [
                    -116.774387,
                    34.315776
                ],
                [
                    -116.77457,
                    34.315013
                ],
                [
                    -116.773768,
                    34.313403
                ],
                [
                    -116.772502,
                    34.312914
                ],
                [
                    -116.771181,
                    34.312153
                ],
                [
                    -116.770406,
                    34.310844
                ],
                [
                    -116.769931,
                    34.310411
                ],
                [
                    -116.769126,
                    34.31004
                ],
                [
                    -116.768476,
                    34.309236
                ],
                [
                    -116.768241,
                    34.308842
                ],
                [
                    -116.767847,
                    34.3067
                ],
                [
                    -116.767715,
                    34.307021
                ],
                [
                    -116.765724,
                    34.307153
                ],
                [
                    -116.765479,
                    34.309236
                ],
                [
                    -116.765563,
                    34.309437
                ],
                [
                    -116.766787,
                    34.310296
                ],
                [
                    -116.767055,
                    34.311319
                ],
                [
                    -116.76657,
                    34.312125
                ],
                [
                    -116.765764,
                    34.312441
                ],
                [
                    -116.763681,
                    34.312504
                ],
                [
                    -116.76312,
                    34.312842
                ],
                [
                    -116.762272,
                    34.314077
                ],
                [
                    -116.760778,
                    34.314667
                ],
                [
                    -116.759784,
                    34.315756
                ],
                [
                    -116.758626,
                    34.316681
                ],
                [
                    -116.757967,
                    34.317569
                ],
                [
                    -116.758447,
                    34.318637
                ],
                [
                    -116.759447,
                    34.319653
                ],
                [
                    -116.758367,
                    34.320589
                ],
                [
                    -116.757416,
                    34.321722
                ],
                [
                    -116.757018,
                    34.323819
                ],
                [
                    -116.757373,
                    34.325903
                ],
                [
                    -116.756628,
                    34.327183
                ],
                [
                    -116.755889,
                    34.327986
                ],
                [
                    -116.755347,
                    34.328271
                ],
                [
                    -116.754551,
                    34.327986
                ],
                [
                    -116.753264,
                    34.326944
                ],
                [
                    -116.751181,
                    34.326864
                ],
                [
                    -116.748769,
                    34.326231
                ],
                [
                    -116.74673,
                    34.325903
                ],
                [
                    -116.745574,
                    34.325259
                ],
                [
                    -116.744458,
                    34.324291
                ],
                [
                    -116.743342,
                    34.324315
                ],
                [
                    -116.742591,
                    34.324076
                ],
                [
                    -116.740667,
                    34.323916
                ],
                [
                    -116.740561,
                    34.323616
                ],
                [
                    -116.740871,
                    34.321736
                ],
                [
                    -116.739589,
                    34.320828
                ],
                [
                    -116.736597,
                    34.320986
                ],
                [
                    -116.735965,
                    34.320284
                ],
                [
                    -116.733431,
                    34.318653
                ],
                [
                    -116.732431,
                    34.316636
                ],
                [
                    -116.731808,
                    34.316947
                ],
                [
                    -116.731035,
                    34.316882
                ],
                [
                    -116.730347,
                    34.317032
                ],
                [
                    -116.728804,
                    34.31811
                ],
                [
                    -116.728264,
                    34.31819
                ],
                [
                    -116.727746,
                    34.318087
                ],
                [
                    -116.726181,
                    34.317077
                ],
                [
                    -116.721241,
                    34.316259
                ],
                [
                    -116.718187,
                    34.315146
                ],
                [
                    -116.716956,
                    34.314294
                ],
                [
                    -116.715764,
                    34.312834
                ],
                [
                    -116.713681,
                    34.314474
                ],
                [
                    -116.711597,
                    34.313859
                ],
                [
                    -116.709838,
                    34.313078
                ],
                [
                    -116.707431,
                    34.312361
                ],
                [
                    -116.706972,
                    34.311778
                ],
                [
                    -116.706889,
                    34.311319
                ],
                [
                    -116.70691,
                    34.310799
                ],
                [
                    -116.707546,
                    34.30912
                ],
                [
                    -116.706015,
                    34.308569
                ],
                [
                    -116.705347,
                    34.308624
                ],
                [
                    -116.704425,
                    34.308314
                ],
                [
                    -116.704109,
                    34.308391
                ],
                [
                    -116.704005,
                    34.307893
                ],
                [
                    -116.703264,
                    34.306677
                ],
                [
                    -116.701966,
                    34.307938
                ],
                [
                    -116.700185,
                    34.30824
                ],
                [
                    -116.699097,
                    34.308833
                ],
                [
                    -116.698571,
                    34.307679
                ],
                [
                    -116.698555,
                    34.307153
                ],
                [
                    -116.697974,
                    34.306192
                ],
                [
                    -116.698341,
                    34.304042
                ],
                [
                    -116.699097,
                    34.302376
                ],
                [
                    -116.699317,
                    34.299966
                ],
                [
                    -116.698703,
                    34.298434
                ],
                [
                    -116.697123,
                    34.298929
                ],
                [
                    -116.696597,
                    34.298819
                ],
                [
                    -116.694931,
                    34.297986
                ],
                [
                    -116.693737,
                    34.296736
                ],
                [
                    -116.6927,
                    34.2948
                ],
                [
                    -116.691875,
                    34.294653
                ],
                [
                    -116.692517,
                    34.294322
                ],
                [
                    -116.69204,
                    34.293377
                ],
                [
                    -116.692184,
                    34.292569
                ],
                [
                    -116.691639,
                    34.291695
                ],
                [
                    -116.690764,
                    34.291041
                ],
                [
                    -116.689188,
                    34.290486
                ],
                [
                    -116.688949,
                    34.290218
                ],
                [
                    -116.688681,
                    34.289471
                ],
                [
                    -116.688121,
                    34.288963
                ],
                [
                    -116.687687,
                    34.286411
                ],
                [
                    -116.685555,
                    34.28417
                ],
                [
                    -116.685701,
                    34.28334
                ],
                [
                    -116.690764,
                    34.282849
                ],
                [
                    -116.692029,
                    34.282971
                ],
                [
                    -116.692847,
                    34.283296
                ],
                [
                    -116.694931,
                    34.2829
                ],
                [
                    -116.696172,
                    34.282153
                ],
                [
                    -116.696286,
                    34.280342
                ],
                [
                    -116.694147,
                    34.279286
                ],
                [
                    -116.693485,
                    34.279432
                ],
                [
                    -116.694064,
                    34.275903
                ],
                [
                    -116.694181,
                    34.273819
                ],
                [
                    -116.69468,
                    34.271486
                ],
                [
                    -116.697026,
                    34.269641
                ],
                [
                    -116.695445,
                    34.269138
                ],
                [
                    -116.692847,
                    34.268842
                ],
                [
                    -116.692051,
                    34.268856
                ],
                [
                    -116.690764,
                    34.269159
                ],
                [
                    -116.68952,
                    34.267569
                ],
                [
                    -116.688482,
                    34.263403
                ],
                [
                    -116.689271,
                    34.261909
                ],
                [
                    -116.690116,
                    34.261319
                ],
                [
                    -116.689296,
                    34.260704
                ],
                [
                    -116.688681,
                    34.260592
                ],
                [
                    -116.687878,
                    34.260038
                ],
                [
                    -116.686944,
                    34.258889
                ],
                [
                    -116.683961,
                    34.257705
                ],
                [
                    -116.683437,
                    34.257153
                ],
                [
                    -116.683827,
                    34.255069
                ],
                [
                    -116.681993,
                    34.254632
                ],
                [
                    -116.680347,
                    34.254945
                ],
                [
                    -116.677991,
                    34.252986
                ],
                [
                    -116.676181,
                    34.252147
                ],
                [
                    -116.674648,
                    34.250903
                ],
                [
                    -116.67381,
                    34.248819
                ],
                [
                    -116.674097,
                    34.248428
                ],
                [
                    -116.67452,
                    34.247159
                ],
                [
                    -116.674546,
                    34.246288
                ],
                [
                    -116.674097,
                    34.244992
                ],
                [
                    -116.672751,
                    34.24539
                ],
                [
                    -116.672014,
                    34.24539
                ],
                [
                    -116.671481,
                    34.245185
                ],
                [
                    -116.667847,
                    34.242847
                ],
                [
                    -116.666789,
                    34.241544
                ],
                [
                    -116.665764,
                    34.240844
                ],
                [
                    -116.663525,
                    34.240486
                ],
                [
                    -116.66403,
                    34.238753
                ],
                [
                    -116.663842,
                    34.236319
                ],
                [
                    -116.66267,
                    34.235247
                ],
                [
                    -116.661886,
                    34.234236
                ],
                [
                    -116.662524,
                    34.232153
                ],
                [
                    -116.662527,
                    34.230069
                ],
                [
                    -116.662686,
                    34.229075
                ],
                [
                    -116.663248,
                    34.227554
                ],
                [
                    -116.663681,
                    34.227244
                ],
                [
                    -116.664492,
                    34.225903
                ],
                [
                    -116.664615,
                    34.224969
                ],
                [
                    -116.6644,
                    34.224539
                ],
                [
                    -116.665,
                    34.223819
                ],
                [
                    -116.663979,
                    34.22352
                ],
                [
                    -116.663681,
                    34.22321
                ],
                [
                    -116.663403,
                    34.223542
                ],
                [
                    -116.662094,
                    34.224316
                ],
                [
                    -116.661597,
                    34.224435
                ],
                [
                    -116.660997,
                    34.227385
                ],
                [
                    -116.65993,
                    34.227986
                ],
                [
                    -116.659514,
                    34.229421
                ],
                [
                    -116.659207,
                    34.229762
                ],
                [
                    -116.658056,
                    34.230069
                ],
                [
                    -116.659007,
                    34.230577
                ],
                [
                    -116.658534,
                    34.231173
                ],
                [
                    -116.65845,
                    34.234236
                ],
                [
                    -116.658133,
                    34.234939
                ],
                [
                    -116.657431,
                    34.235697
                ],
                [
                    -116.656648,
                    34.235536
                ],
                [
                    -116.656073,
                    34.235594
                ],
                [
                    -116.655347,
                    34.23526
                ],
                [
                    -116.654838,
                    34.234745
                ],
                [
                    -116.654589,
                    34.234236
                ],
                [
                    -116.65471,
                    34.233599
                ],
                [
                    -116.655905,
                    34.230628
                ],
                [
                    -116.657264,
                    34.230069
                ],
                [
                    -116.656016,
                    34.229401
                ],
                [
                    -116.655347,
                    34.229249
                ],
                [
                    -116.653264,
                    34.229132
                ],
                [
                    -116.651181,
                    34.229407
                ],
                [
                    -116.650255,
                    34.228912
                ],
                [
                    -116.649372,
                    34.227986
                ],
                [
                    -116.649097,
                    34.227315
                ],
                [
                    -116.647602,
                    34.225903
                ],
                [
                    -116.648161,
                    34.223793
                ],
                [
                    -116.647014,
                    34.223569
                ],
                [
                    -116.645963,
                    34.222787
                ],
                [
                    -116.644931,
                    34.222381
                ],
                [
                    -116.644277,
                    34.222389
                ],
                [
                    -116.643204,
                    34.221736
                ],
                [
                    -116.642085,
                    34.219653
                ],
                [
                    -116.642847,
                    34.219035
                ],
                [
                    -116.643808,
                    34.21853
                ],
                [
                    -116.644954,
                    34.217546
                ],
                [
                    -116.646889,
                    34.217444
                ],
                [
                    -116.64695,
                    34.215486
                ],
                [
                    -116.644931,
                    34.214851
                ],
                [
                    -116.644048,
                    34.214286
                ],
                [
                    -116.64358,
                    34.213403
                ],
                [
                    -116.643962,
                    34.212434
                ],
                [
                    -116.645984,
                    34.211319
                ],
                [
                    -116.646266,
                    34.210572
                ],
                [
                    -116.647014,
                    34.210107
                ],
                [
                    -116.649345,
                    34.209483
                ],
                [
                    -116.649706,
                    34.209236
                ],
                [
                    -116.649097,
                    34.208708
                ],
                [
                    -116.648854,
                    34.208993
                ],
                [
                    -116.647641,
                    34.208609
                ],
                [
                    -116.647014,
                    34.208747
                ],
                [
                    -116.644476,
                    34.208782
                ],
                [
                    -116.643735,
                    34.209236
                ],
                [
                    -116.643344,
                    34.209733
                ],
                [
                    -116.640764,
                    34.210671
                ],
                [
                    -116.637444,
                    34.210473
                ],
                [
                    -116.636597,
                    34.210294
                ],
                [
                    -116.63551,
                    34.20824
                ],
                [
                    -116.635047,
                    34.207153
                ],
                [
                    -116.635087,
                    34.206579
                ],
                [
                    -116.634514,
                    34.205487
                ],
                [
                    -116.634258,
                    34.207153
                ],
                [
                    -116.63373,
                    34.208452
                ],
                [
                    -116.632431,
                    34.209132
                ],
                [
                    -116.630808,
                    34.208776
                ],
                [
                    -116.630347,
                    34.207523
                ],
                [
                    -116.629576,
                    34.208465
                ],
                [
                    -116.629184,
                    34.211319
                ],
                [
                    -116.629245,
                    34.212301
                ],
                [
                    -116.627524,
                    34.212663
                ],
                [
                    -116.626384,
                    34.213606
                ],
                [
                    -116.626181,
                    34.214132
                ],
                [
                    -116.625368,
                    34.214673
                ],
                [
                    -116.624963,
                    34.21462
                ],
                [
                    -116.624097,
                    34.214824
                ],
                [
                    -116.62337,
                    34.214129
                ],
                [
                    -116.622657,
                    34.214046
                ],
                [
                    -116.62179,
                    34.213627
                ],
                [
                    -116.621587,
                    34.213403
                ],
                [
                    -116.621281,
                    34.212052
                ],
                [
                    -116.620922,
                    34.211319
                ],
                [
                    -116.619389,
                    34.209236
                ],
                [
                    -116.618659,
                    34.208424
                ],
                [
                    -116.617334,
                    34.207665
                ],
                [
                    -116.616814,
                    34.207153
                ],
                [
                    -116.616465,
                    34.205069
                ],
                [
                    -116.616075,
                    34.204758
                ],
                [
                    -116.612149,
                    34.202986
                ],
                [
                    -116.611597,
                    34.202601
                ],
                [
                    -116.610045,
                    34.200903
                ],
                [
                    -116.609006,
                    34.199328
                ],
                [
                    -116.608386,
                    34.198819
                ],
                [
                    -116.607338,
                    34.194745
                ],
                [
                    -116.60776,
                    34.192569
                ],
                [
                    -116.609514,
                    34.190531
                ],
                [
                    -116.610663,
                    34.189551
                ],
                [
                    -116.61321,
                    34.188403
                ],
                [
                    -116.611566,
                    34.186289
                ],
                [
                    -116.613681,
                    34.185441
                ],
                [
                    -116.615764,
                    34.185199
                ],
                [
                    -116.616858,
                    34.185226
                ],
                [
                    -116.617847,
                    34.185819
                ],
                [
                    -116.618056,
                    34.184445
                ],
                [
                    -116.617922,
                    34.184162
                ],
                [
                    -116.613681,
                    34.183184
                ],
                [
                    -116.611489,
                    34.182261
                ],
                [
                    -116.611597,
                    34.18186
                ],
                [
                    -116.614184,
                    34.180069
                ],
                [
                    -116.611597,
                    34.179231
                ],
                [
                    -116.610192,
                    34.177986
                ],
                [
                    -116.610395,
                    34.175903
                ],
                [
                    -116.610282,
                    34.175135
                ],
                [
                    -116.609369,
                    34.173964
                ],
                [
                    -116.609387,
                    34.173692
                ],
                [
                    -116.612304,
                    34.171736
                ],
                [
                    -116.618236,
                    34.172016
                ],
                [
                    -116.620816,
                    34.171453
                ],
                [
                    -116.619748,
                    34.169471
                ],
                [
                    -116.618264,
                    34.169236
                ],
                [
                    -116.618431,
                    34.168152
                ],
                [
                    -116.618204,
                    34.167569
                ],
                [
                    -116.617653,
                    34.167375
                ],
                [
                    -116.616112,
                    34.167221
                ],
                [
                    -116.615764,
                    34.166885
                ],
                [
                    -116.613681,
                    34.166496
                ],
                [
                    -116.613047,
                    34.16612
                ],
                [
                    -116.612804,
                    34.165486
                ],
                [
                    -116.611597,
                    34.164631
                ],
                [
                    -116.609514,
                    34.164487
                ],
                [
                    -116.608749,
                    34.164721
                ],
                [
                    -116.606131,
                    34.166269
                ],
                [
                    -116.605347,
                    34.166444
                ],
                [
                    -116.603264,
                    34.166479
                ],
                [
                    -116.601181,
                    34.167227
                ],
                [
                    -116.600732,
                    34.167569
                ],
                [
                    -116.599559,
                    34.168031
                ],
                [
                    -116.597014,
                    34.168311
                ],
                [
                    -116.596401,
                    34.168183
                ],
                [
                    -116.593839,
                    34.166578
                ],
                [
                    -116.593105,
                    34.165486
                ],
                [
                    -116.593846,
                    34.164402
                ],
                [
                    -116.594931,
                    34.163586
                ],
                [
                    -116.595486,
                    34.163403
                ],
                [
                    -116.594931,
                    34.163246
                ],
                [
                    -116.594008,
                    34.162242
                ],
                [
                    -116.593514,
                    34.160653
                ],
                [
                    -116.592847,
                    34.160216
                ],
                [
                    -116.590764,
                    34.160033
                ],
                [
                    -116.589548,
                    34.160104
                ],
                [
                    -116.588681,
                    34.160377
                ],
                [
                    -116.586597,
                    34.159775
                ],
                [
                    -116.585333,
                    34.159236
                ],
                [
                    -116.585597,
                    34.157153
                ],
                [
                    -116.585047,
                    34.15662
                ],
                [
                    -116.581995,
                    34.155069
                ],
                [
                    -116.582082,
                    34.154721
                ],
                [
                    -116.582431,
                    34.154506
                ],
                [
                    -116.583046,
                    34.153602
                ],
                [
                    -116.584418,
                    34.152986
                ],
                [
                    -116.583738,
                    34.151679
                ],
                [
                    -116.583972,
                    34.150361
                ],
                [
                    -116.584514,
                    34.149924
                ],
                [
                    -116.586597,
                    34.150465
                ],
                [
                    -116.588681,
                    34.150395
                ],
                [
                    -116.590788,
                    34.150926
                ],
                [
                    -116.592173,
                    34.151577
                ],
                [
                    -116.592847,
                    34.151655
                ],
                [
                    -116.597014,
                    34.152914
                ],
                [
                    -116.59825,
                    34.153832
                ],
                [
                    -116.600601,
                    34.155069
                ],
                [
                    -116.600839,
                    34.155411
                ],
                [
                    -116.601181,
                    34.157231
                ],
                [
                    -116.602627,
                    34.15779
                ],
                [
                    -116.604554,
                    34.157946
                ],
                [
                    -116.605347,
                    34.158217
                ],
                [
                    -116.607431,
                    34.158533
                ],
                [
                    -116.609514,
                    34.157129
                ],
                [
                    -116.611597,
                    34.157303
                ],
                [
                    -116.613757,
                    34.15916
                ],
                [
                    -116.615444,
                    34.158916
                ],
                [
                    -116.617847,
                    34.159484
                ],
                [
                    -116.619931,
                    34.158779
                ],
                [
                    -116.62031,
                    34.158857
                ],
                [
                    -116.621502,
                    34.159748
                ],
                [
                    -116.622627,
                    34.159848
                ],
                [
                    -116.624097,
                    34.159785
                ],
                [
                    -116.624476,
                    34.159616
                ],
                [
                    -116.625212,
                    34.158267
                ],
                [
                    -116.626181,
                    34.157646
                ],
                [
                    -116.628765,
                    34.157653
                ],
                [
                    -116.630704,
                    34.157153
                ],
                [
                    -116.628782,
                    34.156634
                ],
                [
                    -116.627523,
                    34.155811
                ],
                [
                    -116.627014,
                    34.154236
                ],
                [
                    -116.626181,
                    34.153576
                ],
                [
                    -116.625285,
                    34.154173
                ],
                [
                    -116.623496,
                    34.154468
                ],
                [
                    -116.622347,
                    34.155402
                ],
                [
                    -116.622014,
                    34.155492
                ],
                [
                    -116.620115,
                    34.155254
                ],
                [
                    -116.619638,
                    34.155069
                ],
                [
                    -116.618832,
                    34.154085
                ],
                [
                    -116.617716,
                    34.153117
                ],
                [
                    -116.617161,
                    34.152986
                ],
                [
                    -116.615764,
                    34.152138
                ],
                [
                    -116.615326,
                    34.150903
                ],
                [
                    -116.616557,
                    34.149612
                ],
                [
                    -116.616937,
                    34.147909
                ],
                [
                    -116.617847,
                    34.147212
                ],
                [
                    -116.619353,
                    34.146736
                ],
                [
                    -116.615764,
                    34.14613
                ],
                [
                    -116.615296,
                    34.146268
                ],
                [
                    -116.614276,
                    34.147331
                ],
                [
                    -116.611597,
                    34.147346
                ],
                [
                    -116.610485,
                    34.147708
                ],
                [
                    -116.609514,
                    34.148695
                ],
                [
                    -116.608517,
                    34.147733
                ],
                [
                    -116.607822,
                    34.146736
                ],
                [
                    -116.607854,
                    34.146313
                ],
                [
                    -116.60719,
                    34.144893
                ],
                [
                    -116.606767,
                    34.144653
                ],
                [
                    -116.607079,
                    34.144302
                ],
                [
                    -116.607345,
                    34.142569
                ],
                [
                    -116.60829,
                    34.141346
                ],
                [
                    -116.608542,
                    34.139514
                ],
                [
                    -116.60993,
                    34.138403
                ],
                [
                    -116.609696,
                    34.13822
                ],
                [
                    -116.607431,
                    34.138094
                ],
                [
                    -116.607185,
                    34.138157
                ],
                [
                    -116.606088,
                    34.139143
                ],
                [
                    -116.605347,
                    34.139265
                ],
                [
                    -116.601181,
                    34.137094
                ],
                [
                    -116.599728,
                    34.135689
                ],
                [
                    -116.598484,
                    34.13485
                ],
                [
                    -116.597915,
                    34.134236
                ],
                [
                    -116.597446,
                    34.132153
                ],
                [
                    -116.597976,
                    34.130069
                ],
                [
                    -116.601181,
                    34.128849
                ],
                [
                    -116.603264,
                    34.127501
                ],
                [
                    -116.605347,
                    34.127263
                ],
                [
                    -116.609514,
                    34.127524
                ],
                [
                    -116.610435,
                    34.126823
                ],
                [
                    -116.611597,
                    34.125435
                ],
                [
                    -116.614202,
                    34.12434
                ],
                [
                    -116.616793,
                    34.123819
                ],
                [
                    -116.616132,
                    34.123451
                ],
                [
                    -116.616249,
                    34.122221
                ],
                [
                    -116.616081,
                    34.121736
                ],
                [
                    -116.615764,
                    34.121528
                ],
                [
                    -116.613681,
                    34.121496
                ],
                [
                    -116.613223,
                    34.121278
                ],
                [
                    -116.612032,
                    34.12217
                ],
                [
                    -116.611597,
                    34.122204
                ],
                [
                    -116.611373,
                    34.121961
                ],
                [
                    -116.611397,
                    34.121536
                ],
                [
                    -116.612296,
                    34.120352
                ],
                [
                    -116.612057,
                    34.119193
                ],
                [
                    -116.610817,
                    34.11835
                ],
                [
                    -116.609514,
                    34.117939
                ],
                [
                    -116.608264,
                    34.118403
                ],
                [
                    -116.607431,
                    34.119
                ],
                [
                    -116.604995,
                    34.119653
                ],
                [
                    -116.603052,
                    34.119865
                ],
                [
                    -116.602241,
                    34.119653
                ],
                [
                    -116.601711,
                    34.119123
                ],
                [
                    -116.600899,
                    34.117851
                ],
                [
                    -116.600452,
                    34.117637
                ],
                [
                    -116.598867,
                    34.117339
                ],
                [
                    -116.597014,
                    34.117559
                ],
                [
                    -116.594813,
                    34.115604
                ],
                [
                    -116.59151,
                    34.114739
                ],
                [
                    -116.590764,
                    34.114479
                ],
                [
                    -116.590124,
                    34.114043
                ],
                [
                    -116.589833,
                    34.113403
                ],
                [
                    -116.590272,
                    34.11291
                ],
                [
                    -116.593514,
                    34.111986
                ],
                [
                    -116.594681,
                    34.111319
                ],
                [
                    -116.595901,
                    34.110207
                ],
                [
                    -116.598572,
                    34.100495
                ],
                [
                    -116.617057,
                    34.033219
                ],
                [
                    -116.64463,
                    34.033366
                ],
                [
                    -116.644215,
                    34.032153
                ],
                [
                    -116.643689,
                    34.031312
                ],
                [
                    -116.642707,
                    34.03021
                ],
                [
                    -116.640764,
                    34.02705
                ],
                [
                    -116.639616,
                    34.025903
                ],
                [
                    -116.641469,
                    34.023819
                ],
                [
                    -116.641305,
                    34.023278
                ],
                [
                    -116.639718,
                    34.021736
                ],
                [
                    -116.640255,
                    34.021227
                ],
                [
                    -116.641988,
                    34.020877
                ],
                [
                    -116.649097,
                    34.020474
                ],
                [
                    -116.651181,
                    34.020184
                ],
                [
                    -116.653264,
                    34.021181
                ],
                [
                    -116.655319,
                    34.021765
                ],
                [
                    -116.656725,
                    34.022441
                ],
                [
                    -116.657431,
                    34.023402
                ],
                [
                    -116.658837,
                    34.024497
                ],
                [
                    -116.659514,
                    34.026527
                ],
                [
                    -116.660228,
                    34.026617
                ],
                [
                    -116.661042,
                    34.026458
                ],
                [
                    -116.661597,
                    34.026608
                ],
                [
                    -116.661777,
                    34.026083
                ],
                [
                    -116.661681,
                    34.025819
                ],
                [
                    -116.66115,
                    34.025455
                ],
                [
                    -116.660128,
                    34.025288
                ],
                [
                    -116.660347,
                    34.024653
                ],
                [
                    -116.660101,
                    34.023819
                ],
                [
                    -116.660533,
                    34.022755
                ],
                [
                    -116.661298,
                    34.021736
                ],
                [
                    -116.661281,
                    34.02142
                ],
                [
                    -116.661888,
                    34.019944
                ],
                [
                    -116.662561,
                    34.019653
                ],
                [
                    -116.662964,
                    34.018936
                ],
                [
                    -116.663681,
                    34.019126
                ],
                [
                    -116.664326,
                    34.018214
                ],
                [
                    -116.665174,
                    34.018159
                ],
                [
                    -116.665764,
                    34.017923
                ],
                [
                    -116.667847,
                    34.017881
                ],
                [
                    -116.66932,
                    34.01818
                ],
                [
                    -116.67144,
                    34.019653
                ],
                [
                    -116.669204,
                    34.021736
                ],
                [
                    -116.668958,
                    34.023819
                ],
                [
                    -116.669931,
                    34.024345
                ],
                [
                    -116.672014,
                    34.024744
                ],
                [
                    -116.672767,
                    34.024572
                ],
                [
                    -116.674049,
                    34.023772
                ],
                [
                    -116.676376,
                    34.023624
                ],
                [
                    -116.676411,
                    34.02405
                ],
                [
                    -116.675398,
                    34.025121
                ],
                [
                    -116.675575,
                    34.026508
                ],
                [
                    -116.676181,
                    34.027362
                ],
                [
                    -116.677964,
                    34.028286
                ],
                [
                    -116.678264,
                    34.028578
                ],
                [
                    -116.682431,
                    34.028168
                ],
                [
                    -116.682684,
                    34.027733
                ],
                [
                    -116.682331,
                    34.026002
                ],
                [
                    -116.682431,
                    34.025865
                ],
                [
                    -116.683635,
                    34.026781
                ],
                [
                    -116.68835,
                    34.026233
                ],
                [
                    -116.689583,
                    34.025903
                ],
                [
                    -116.68953,
                    34.025053
                ],
                [
                    -116.689135,
                    34.023819
                ],
                [
                    -116.690394,
                    34.021736
                ],
                [
                    -116.688879,
                    34.021537
                ],
                [
                    -116.687861,
                    34.020473
                ],
                [
                    -116.68725,
                    34.019
                ],
                [
                    -116.687321,
                    34.018294
                ],
                [
                    -116.687163,
                    34.017569
                ],
                [
                    -116.686597,
                    34.01669
                ],
                [
                    -116.683977,
                    34.016023
                ],
                [
                    -116.682805,
                    34.015112
                ],
                [
                    -116.68174,
                    34.014092
                ],
                [
                    -116.681312,
                    34.013403
                ],
                [
                    -116.681386,
                    34.011319
                ],
                [
                    -116.680848,
                    34.010819
                ],
                [
                    -116.678264,
                    34.010085
                ],
                [
                    -116.677762,
                    34.009739
                ],
                [
                    -116.677216,
                    34.008201
                ],
                [
                    -116.676181,
                    34.007238
                ],
                [
                    -116.675443,
                    34.007153
                ],
                [
                    -116.676181,
                    34.007047
                ],
                [
                    -116.678264,
                    34.006295
                ],
                [
                    -116.680982,
                    34.006518
                ],
                [
                    -116.682431,
                    34.007296
                ],
                [
                    -116.684237,
                    34.007429
                ],
                [
                    -116.688813,
                    34.007153
                ],
                [
                    -116.686597,
                    34.006788
                ],
                [
                    -116.68556,
                    34.006106
                ],
                [
                    -116.685261,
                    34.005069
                ],
                [
                    -116.684853,
                    34.004731
                ],
                [
                    -116.683247,
                    34.004253
                ],
                [
                    -116.681914,
                    34.003503
                ],
                [
                    -116.681688,
                    34.002986
                ],
                [
                    -116.681068,
                    34.002265
                ],
                [
                    -116.679785,
                    34.001465
                ],
                [
                    -116.679429,
                    34.000903
                ],
                [
                    -116.679525,
                    34.000081
                ],
                [
                    -116.680208,
                    33.998819
                ],
                [
                    -116.678842,
                    33.998241
                ],
                [
                    -116.676743,
                    33.996736
                ],
                [
                    -116.676338,
                    33.994496
                ],
                [
                    -116.675304,
                    33.993445
                ],
                [
                    -116.67366,
                    33.992569
                ],
                [
                    -116.672112,
                    33.990486
                ],
                [
                    -116.671883,
                    33.988272
                ],
                [
                    -116.672972,
                    33.987278
                ],
                [
                    -116.674297,
                    33.986519
                ],
                [
                    -116.675236,
                    33.986319
                ],
                [
                    -116.672784,
                    33.985549
                ],
                [
                    -116.669931,
                    33.984969
                ],
                [
                    -116.668391,
                    33.984236
                ],
                [
                    -116.668544,
                    33.982153
                ],
                [
                    -116.669724,
                    33.979863
                ],
                [
                    -116.672014,
                    33.978775
                ],
                [
                    -116.67371,
                    33.9776
                ],
                [
                    -116.676181,
                    33.97719
                ],
                [
                    -116.676939,
                    33.977227
                ],
                [
                    -116.678264,
                    33.977609
                ],
                [
                    -116.679133,
                    33.976773
                ],
                [
                    -116.679374,
                    33.97493
                ],
                [
                    -116.680076,
                    33.973819
                ],
                [
                    -116.680056,
                    33.973527
                ],
                [
                    -116.680835,
                    33.972223
                ],
                [
                    -116.681521,
                    33.971736
                ],
                [
                    -116.677945,
                    33.971417
                ],
                [
                    -116.674311,
                    33.97195
                ],
                [
                    -116.672014,
                    33.971473
                ],
                [
                    -116.670363,
                    33.972168
                ],
                [
                    -116.667102,
                    33.972481
                ],
                [
                    -116.665831,
                    33.971736
                ],
                [
                    -116.663775,
                    33.969653
                ],
                [
                    -116.663296,
                    33.967954
                ],
                [
                    -116.663123,
                    33.965486
                ],
                [
                    -116.663231,
                    33.965036
                ],
                [
                    -116.663681,
                    33.964733
                ],
                [
                    -116.665764,
                    33.964497
                ],
                [
                    -116.669777,
                    33.96564
                ],
                [
                    -116.670492,
                    33.965486
                ],
                [
                    -116.670518,
                    33.964899
                ],
                [
                    -116.670814,
                    33.964286
                ],
                [
                    -116.670828,
                    33.963403
                ],
                [
                    -116.670651,
                    33.962683
                ],
                [
                    -116.669834,
                    33.961416
                ],
                [
                    -116.669176,
                    33.959991
                ],
                [
                    -116.668413,
                    33.959236
                ],
                [
                    -116.669213,
                    33.958518
                ],
                [
                    -116.669931,
                    33.958036
                ],
                [
                    -116.672014,
                    33.957836
                ],
                [
                    -116.672795,
                    33.958456
                ],
                [
                    -116.673616,
                    33.959717
                ],
                [
                    -116.674759,
                    33.960657
                ],
                [
                    -116.675999,
                    33.961319
                ],
                [
                    -116.676261,
                    33.961401
                ],
                [
                    -116.677944,
                    33.960999
                ],
                [
                    -116.678517,
                    33.959489
                ],
                [
                    -116.678923,
                    33.957153
                ],
                [
                    -116.679361,
                    33.956166
                ],
                [
                    -116.680347,
                    33.955002
                ],
                [
                    -116.681848,
                    33.955652
                ],
                [
                    -116.682594,
                    33.95699
                ],
                [
                    -116.683064,
                    33.958603
                ],
                [
                    -116.684341,
                    33.959408
                ],
                [
                    -116.685312,
                    33.960521
                ],
                [
                    -116.686597,
                    33.961611
                ],
                [
                    -116.687318,
                    33.962683
                ],
                [
                    -116.687996,
                    33.964087
                ],
                [
                    -116.688681,
                    33.964506
                ],
                [
                    -116.690388,
                    33.963026
                ],
                [
                    -116.692123,
                    33.962678
                ],
                [
                    -116.692847,
                    33.962286
                ],
                [
                    -116.693739,
                    33.962212
                ],
                [
                    -116.694931,
                    33.961366
                ],
                [
                    -116.695276,
                    33.963057
                ],
                [
                    -116.69825,
                    33.966333
                ],
                [
                    -116.699097,
                    33.966948
                ],
                [
                    -116.699594,
                    33.967073
                ],
                [
                    -116.70008,
                    33.967569
                ],
                [
                    -116.700507,
                    33.968243
                ],
                [
                    -116.701064,
                    33.96977
                ],
                [
                    -116.701482,
                    33.969955
                ],
                [
                    -116.703264,
                    33.969792
                ],
                [
                    -116.703427,
                    33.967569
                ],
                [
                    -116.702574,
                    33.96688
                ],
                [
                    -116.702033,
                    33.966717
                ],
                [
                    -116.702102,
                    33.966408
                ],
                [
                    -116.7018,
                    33.965486
                ],
                [
                    -116.701783,
                    33.964884
                ],
                [
                    -116.7006,
                    33.963984
                ],
                [
                    -116.700423,
                    33.963403
                ],
                [
                    -116.7006,
                    33.962822
                ],
                [
                    -116.701181,
                    33.962158
                ],
                [
                    -116.703264,
                    33.962126
                ],
                [
                    -116.703578,
                    33.961633
                ],
                [
                    -116.703592,
                    33.961319
                ],
                [
                    -116.703264,
                    33.96026
                ],
                [
                    -116.702877,
                    33.959624
                ],
                [
                    -116.702911,
                    33.958884
                ],
                [
                    -116.702714,
                    33.957153
                ],
                [
                    -116.702447,
                    33.956336
                ],
                [
                    -116.702481,
                    33.955853
                ],
                [
                    -116.701502,
                    33.955069
                ],
                [
                    -116.70255,
                    33.954355
                ],
                [
                    -116.703264,
                    33.954224
                ],
                [
                    -116.705347,
                    33.954435
                ],
                [
                    -116.707431,
                    33.954181
                ],
                [
                    -116.708209,
                    33.954291
                ],
                [
                    -116.71081,
                    33.955857
                ],
                [
                    -116.711597,
                    33.956156
                ],
                [
                    -116.713681,
                    33.956234
                ],
                [
                    -116.714551,
                    33.95594
                ],
                [
                    -116.715764,
                    33.954668
                ],
                [
                    -116.716345,
                    33.955069
                ],
                [
                    -116.716423,
                    33.955729
                ],
                [
                    -116.716691,
                    33.956226
                ],
                [
                    -116.71673,
                    33.957153
                ],
                [
                    -116.717847,
                    33.958791
                ],
                [
                    -116.719081,
                    33.960086
                ],
                [
                    -116.720604,
                    33.961319
                ],
                [
                    -116.720159,
                    33.963632
                ],
                [
                    -116.719061,
                    33.964616
                ],
                [
                    -116.718566,
                    33.965486
                ],
                [
                    -116.719001,
                    33.967569
                ],
                [
                    -116.719369,
                    33.968131
                ],
                [
                    -116.719931,
                    33.968653
                ],
                [
                    -116.720661,
                    33.968922
                ],
                [
                    -116.721191,
                    33.969653
                ],
                [
                    -116.721263,
                    33.970404
                ],
                [
                    -116.722014,
                    33.970681
                ],
                [
                    -116.72354,
                    33.969653
                ],
                [
                    -116.724097,
                    33.968961
                ],
                [
                    -116.724494,
                    33.967966
                ],
                [
                    -116.724277,
                    33.965666
                ],
                [
                    -116.725221,
                    33.964527
                ],
                [
                    -116.725913,
                    33.963403
                ],
                [
                    -116.726181,
                    33.962595
                ],
                [
                    -116.726748,
                    33.961887
                ],
                [
                    -116.728172,
                    33.961227
                ],
                [
                    -116.730347,
                    33.9609
                ],
                [
                    -116.732431,
                    33.96152
                ],
                [
                    -116.733311,
                    33.962523
                ],
                [
                    -116.733989,
                    33.963928
                ],
                [
                    -116.734514,
                    33.964277
                ],
                [
                    -116.736597,
                    33.964367
                ],
                [
                    -116.737471,
                    33.964612
                ],
                [
                    -116.738681,
                    33.966305
                ],
                [
                    -116.739294,
                    33.966101
                ],
                [
                    -116.741229,
                    33.965951
                ],
                [
                    -116.741903,
                    33.965486
                ],
                [
                    -116.740988,
                    33.965262
                ],
                [
                    -116.739737,
                    33.964429
                ],
                [
                    -116.739202,
                    33.962882
                ],
                [
                    -116.738681,
                    33.96253
                ],
                [
                    -116.736597,
                    33.962068
                ],
                [
                    -116.736146,
                    33.96177
                ],
                [
                    -116.735766,
                    33.959236
                ],
                [
                    -116.735165,
                    33.958585
                ],
                [
                    -116.734514,
                    33.958251
                ],
                [
                    -116.731848,
                    33.957736
                ],
                [
                    -116.731138,
                    33.957153
                ],
                [
                    -116.731272,
                    33.956228
                ],
                [
                    -116.731111,
                    33.955833
                ],
                [
                    -116.73163,
                    33.955069
                ],
                [
                    -116.732431,
                    33.954913
                ],
                [
                    -116.734319,
                    33.955265
                ],
                [
                    -116.736478,
                    33.95495
                ],
                [
                    -116.738681,
                    33.9539
                ],
                [
                    -116.740597,
                    33.955236
                ],
                [
                    -116.742847,
                    33.955218
                ],
                [
                    -116.74404,
                    33.954178
                ],
                [
                    -116.744931,
                    33.95378
                ],
                [
                    -116.747014,
                    33.953337
                ],
                [
                    -116.747424,
                    33.953396
                ],
                [
                    -116.748894,
                    33.952783
                ],
                [
                    -116.749097,
                    33.952563
                ],
                [
                    -116.749947,
                    33.955069
                ],
                [
                    -116.750366,
                    33.955884
                ],
                [
                    -116.751181,
                    33.956623
                ],
                [
                    -116.753264,
                    33.955327
                ],
                [
                    -116.753936,
                    33.95648
                ],
                [
                    -116.754381,
                    33.958119
                ],
                [
                    -116.755086,
                    33.959498
                ],
                [
                    -116.755872,
                    33.960795
                ],
                [
                    -116.756719,
                    33.961319
                ],
                [
                    -116.756272,
                    33.964327
                ],
                [
                    -116.755347,
                    33.96521
                ],
                [
                    -116.755231,
                    33.965486
                ],
                [
                    -116.755347,
                    33.965903
                ],
                [
                    -116.755611,
                    33.96575
                ],
                [
                    -116.756969,
                    33.965948
                ],
                [
                    -116.757665,
                    33.96572
                ],
                [
                    -116.758739,
                    33.964711
                ],
                [
                    -116.759514,
                    33.964482
                ],
                [
                    -116.76011,
                    33.963999
                ],
                [
                    -116.760926,
                    33.962731
                ],
                [
                    -116.761597,
                    33.962451
                ],
                [
                    -116.762327,
                    33.962672
                ],
                [
                    -116.762954,
                    33.963403
                ],
                [
                    -116.763681,
                    33.965455
                ],
                [
                    -116.765764,
                    33.964869
                ],
                [
                    -116.766593,
                    33.964232
                ],
                [
                    -116.766803,
                    33.961319
                ],
                [
                    -116.766318,
                    33.960765
                ],
                [
                    -116.764871,
                    33.960129
                ],
                [
                    -116.762449,
                    33.958384
                ],
                [
                    -116.760866,
                    33.957884
                ],
                [
                    -116.760019,
                    33.957153
                ],
                [
                    -116.760766,
                    33.956322
                ],
                [
                    -116.761741,
                    33.955932
                ],
                [
                    -116.764331,
                    33.955719
                ],
                [
                    -116.765489,
                    33.955069
                ],
                [
                    -116.763681,
                    33.954208
                ],
                [
                    -116.763051,
                    33.953615
                ],
                [
                    -116.76296,
                    33.952986
                ],
                [
                    -116.763136,
                    33.952441
                ],
                [
                    -116.764483,
                    33.951705
                ],
                [
                    -116.765764,
                    33.950637
                ],
                [
                    -116.767847,
                    33.951277
                ],
                [
                    -116.768825,
                    33.952009
                ],
                [
                    -116.769613,
                    33.953303
                ],
                [
                    -116.769931,
                    33.953463
                ],
                [
                    -116.772014,
                    33.953064
                ],
                [
                    -116.776181,
                    33.952929
                ],
                [
                    -116.778264,
                    33.952697
                ],
                [
                    -116.778415,
                    33.952835
                ],
                [
                    -116.778555,
                    33.955069
                ],
                [
                    -116.77849,
                    33.955296
                ],
                [
                    -116.777421,
                    33.95631
                ],
                [
                    -116.776982,
                    33.957954
                ],
                [
                    -116.776071,
                    33.959236
                ],
                [
                    -116.776261,
                    33.961239
                ],
                [
                    -116.77741,
                    33.960465
                ],
                [
                    -116.778264,
                    33.960565
                ],
                [
                    -116.779112,
                    33.960085
                ],
                [
                    -116.781414,
                    33.95822
                ],
                [
                    -116.783477,
                    33.956116
                ],
                [
                    -116.784514,
                    33.954199
                ],
                [
                    -116.786597,
                    33.951967
                ],
                [
                    -116.787304,
                    33.951609
                ],
                [
                    -116.788158,
                    33.950381
                ],
                [
                    -116.788681,
                    33.950048
                ],
                [
                    -116.789482,
                    33.950101
                ],
                [
                    -116.790764,
                    33.950434
                ],
                [
                    -116.791723,
                    33.952027
                ],
                [
                    -116.792847,
                    33.952497
                ],
                [
                    -116.794931,
                    33.952698
                ],
                [
                    -116.7953,
                    33.952986
                ],
                [
                    -116.795075,
                    33.955069
                ],
                [
                    -116.795877,
                    33.957153
                ],
                [
                    -116.796124,
                    33.959236
                ],
                [
                    -116.795841,
                    33.960147
                ],
                [
                    -116.794592,
                    33.960981
                ],
                [
                    -116.794353,
                    33.961896
                ],
                [
                    -116.794931,
                    33.963228
                ],
                [
                    -116.796597,
                    33.962986
                ],
                [
                    -116.797014,
                    33.962986
                ],
                [
                    -116.797239,
                    33.963177
                ],
                [
                    -116.797995,
                    33.966589
                ],
                [
                    -116.799097,
                    33.96935
                ],
                [
                    -116.800297,
                    33.96877
                ],
                [
                    -116.802047,
                    33.968436
                ],
                [
                    -116.802728,
                    33.967569
                ],
                [
                    -116.801542,
                    33.967208
                ],
                [
                    -116.801736,
                    33.966042
                ],
                [
                    -116.80154,
                    33.965486
                ],
                [
                    -116.801915,
                    33.964137
                ],
                [
                    -116.802588,
                    33.962726
                ],
                [
                    -116.803264,
                    33.961944
                ],
                [
                    -116.803744,
                    33.9618
                ],
                [
                    -116.805845,
                    33.961817
                ],
                [
                    -116.806684,
                    33.961319
                ],
                [
                    -116.805787,
                    33.96088
                ],
                [
                    -116.805872,
                    33.959761
                ],
                [
                    -116.805668,
                    33.958916
                ],
                [
                    -116.805347,
                    33.958539
                ],
                [
                    -116.802985,
                    33.957432
                ],
                [
                    -116.802888,
                    33.957153
                ],
                [
                    -116.803008,
                    33.956896
                ],
                [
                    -116.805347,
                    33.955985
                ],
                [
                    -116.807431,
                    33.955608
                ],
                [
                    -116.80863,
                    33.955952
                ],
                [
                    -116.812256,
                    33.956494
                ],
                [
                    -116.813591,
                    33.957242
                ],
                [
                    -116.814568,
                    33.958349
                ],
                [
                    -116.815764,
                    33.959092
                ],
                [
                    -116.819325,
                    33.959841
                ],
                [
                    -116.819931,
                    33.9602
                ],
                [
                    -116.820492,
                    33.960758
                ],
                [
                    -116.8212,
                    33.962133
                ],
                [
                    -116.823125,
                    33.963403
                ],
                [
                    -116.824097,
                    33.964396
                ],
                [
                    -116.824642,
                    33.965486
                ],
                [
                    -116.824524,
                    33.965913
                ],
                [
                    -116.824097,
                    33.966251
                ],
                [
                    -116.81904,
                    33.967569
                ],
                [
                    -116.819146,
                    33.969653
                ],
                [
                    -116.81952,
                    33.970063
                ],
                [
                    -116.819914,
                    33.971753
                ],
                [
                    -116.822658,
                    33.973175
                ],
                [
                    -116.823693,
                    33.974223
                ],
                [
                    -116.826181,
                    33.974475
                ],
                [
                    -116.826908,
                    33.975175
                ],
                [
                    -116.828264,
                    33.975968
                ],
                [
                    -116.829774,
                    33.97533
                ],
                [
                    -116.832106,
                    33.973495
                ],
                [
                    -116.832857,
                    33.973393
                ],
                [
                    -116.834514,
                    33.973518
                ],
                [
                    -116.835149,
                    33.972372
                ],
                [
                    -116.835023,
                    33.971736
                ],
                [
                    -116.833639,
                    33.970529
                ],
                [
                    -116.833212,
                    33.968872
                ],
                [
                    -116.832615,
                    33.967569
                ],
                [
                    -116.833431,
                    33.966486
                ],
                [
                    -116.835252,
                    33.966225
                ],
                [
                    -116.836773,
                    33.965486
                ],
                [
                    -116.835901,
                    33.9641
                ],
                [
                    -116.835798,
                    33.963403
                ],
                [
                    -116.835138,
                    33.962779
                ],
                [
                    -116.833704,
                    33.962129
                ],
                [
                    -116.833076,
                    33.961319
                ],
                [
                    -116.83292,
                    33.96083
                ],
                [
                    -116.831854,
                    33.959813
                ],
                [
                    -116.831597,
                    33.959236
                ],
                [
                    -116.831817,
                    33.958622
                ],
                [
                    -116.832431,
                    33.957965
                ],
                [
                    -116.834514,
                    33.957548
                ],
                [
                    -116.835368,
                    33.958382
                ],
                [
                    -116.836145,
                    33.959689
                ],
                [
                    -116.837447,
                    33.96047
                ],
                [
                    -116.838166,
                    33.961319
                ],
                [
                    -116.838186,
                    33.961814
                ],
                [
                    -116.838681,
                    33.962271
                ],
                [
                    -116.839137,
                    33.961776
                ],
                [
                    -116.840764,
                    33.96141
                ],
                [
                    -116.841865,
                    33.961569
                ],
                [
                    -116.847257,
                    33.961243
                ],
                [
                    -116.848561,
                    33.961856
                ],
                [
                    -116.849097,
                    33.961931
                ],
                [
                    -116.857431,
                    33.959972
                ],
                [
                    -116.858347,
                    33.960404
                ],
                [
                    -116.859398,
                    33.961319
                ],
                [
                    -116.860838,
                    33.962079
                ],
                [
                    -116.86171,
                    33.963403
                ],
                [
                    -116.861029,
                    33.964918
                ],
                [
                    -116.860784,
                    33.966757
                ],
                [
                    -116.860301,
                    33.968357
                ],
                [
                    -116.859514,
                    33.968841
                ],
                [
                    -116.857431,
                    33.968968
                ],
                [
                    -116.85648,
                    33.968702
                ],
                [
                    -116.856181,
                    33.96882
                ],
                [
                    -116.856123,
                    33.968346
                ],
                [
                    -116.855347,
                    33.967427
                ],
                [
                    -116.853188,
                    33.967569
                ],
                [
                    -116.854739,
                    33.968178
                ],
                [
                    -116.854662,
                    33.968967
                ],
                [
                    -116.854919,
                    33.969653
                ],
                [
                    -116.856512,
                    33.970571
                ],
                [
                    -116.857164,
                    33.971736
                ],
                [
                    -116.857109,
                    33.972058
                ],
                [
                    -116.857431,
                    33.972688
                ],
                [
                    -116.857812,
                    33.972117
                ],
                [
                    -116.857861,
                    33.971736
                ],
                [
                    -116.858726,
                    33.970948
                ],
                [
                    -116.859514,
                    33.970804
                ],
                [
                    -116.860211,
                    33.971039
                ],
                [
                    -116.860899,
                    33.971736
                ],
                [
                    -116.860982,
                    33.972352
                ],
                [
                    -116.861597,
                    33.97335
                ],
                [
                    -116.862591,
                    33.97273
                ],
                [
                    -116.863681,
                    33.972606
                ],
                [
                    -116.864602,
                    33.972898
                ],
                [
                    -116.865208,
                    33.973819
                ],
                [
                    -116.865405,
                    33.975903
                ],
                [
                    -116.865592,
                    33.976074
                ],
                [
                    -116.865764,
                    33.976759
                ],
                [
                    -116.865981,
                    33.975903
                ],
                [
                    -116.866071,
                    33.971736
                ],
                [
                    -116.865764,
                    33.970965
                ],
                [
                    -116.865059,
                    33.970358
                ],
                [
                    -116.864883,
                    33.969653
                ],
                [
                    -116.864592,
                    33.965486
                ],
                [
                    -116.864903,
                    33.964626
                ],
                [
                    -116.865764,
                    33.963554
                ],
                [
                    -116.866106,
                    33.963403
                ],
                [
                    -116.865764,
                    33.962972
                ],
                [
                    -116.86536,
                    33.961723
                ],
                [
                    -116.865442,
                    33.960997
                ],
                [
                    -116.865764,
                    33.960627
                ],
                [
                    -116.867847,
                    33.959743
                ],
                [
                    -116.868518,
                    33.959907
                ],
                [
                    -116.869873,
                    33.959293
                ],
                [
                    -116.870139,
                    33.961111
                ],
                [
                    -116.870347,
                    33.961319
                ],
                [
                    -116.871658,
                    33.961675
                ],
                [
                    -116.872014,
                    33.962021
                ],
                [
                    -116.872167,
                    33.961473
                ],
                [
                    -116.873139,
                    33.960362
                ],
                [
                    -116.876181,
                    33.959753
                ],
                [
                    -116.877194,
                    33.960249
                ],
                [
                    -116.881174,
                    33.9633
                ],
                [
                    -116.882068,
                    33.967569
                ],
                [
                    -116.882431,
                    33.968373
                ],
                [
                    -116.883134,
                    33.968272
                ],
                [
                    -116.883681,
                    33.967569
                ],
                [
                    -116.882872,
                    33.967128
                ],
                [
                    -116.883085,
                    33.96614
                ],
                [
                    -116.882892,
                    33.965486
                ],
                [
                    -116.883553,
                    33.964525
                ],
                [
                    -116.884514,
                    33.964021
                ],
                [
                    -116.886339,
                    33.963403
                ],
                [
                    -116.885132,
                    33.962784
                ],
                [
                    -116.883936,
                    33.961898
                ],
                [
                    -116.883313,
                    33.960437
                ],
                [
                    -116.882587,
                    33.959928
                ],
                [
                    -116.879287,
                    33.960125
                ],
                [
                    -116.879181,
                    33.959569
                ],
                [
                    -116.882194,
                    33.958537
                ],
                [
                    -116.882431,
                    33.957986
                ],
                [
                    -116.883403,
                    33.958264
                ],
                [
                    -116.884514,
                    33.958337
                ],
                [
                    -116.885236,
                    33.958514
                ],
                [
                    -116.886457,
                    33.959376
                ],
                [
                    -116.889703,
                    33.960297
                ],
                [
                    -116.890764,
                    33.961359
                ],
                [
                    -116.892474,
                    33.961692
                ],
                [
                    -116.892847,
                    33.961963
                ],
                [
                    -116.894012,
                    33.960401
                ],
                [
                    -116.89624,
                    33.959236
                ],
                [
                    -116.895236,
                    33.958931
                ],
                [
                    -116.895359,
                    33.957581
                ],
                [
                    -116.895107,
                    33.956977
                ],
                [
                    -116.893552,
                    33.956448
                ],
                [
                    -116.892576,
                    33.955341
                ],
                [
                    -116.89254,
                    33.955069
                ],
                [
                    -116.891549,
                    33.954284
                ],
                [
                    -116.890145,
                    33.953605
                ],
                [
                    -116.889605,
                    33.952061
                ],
                [
                    -116.888457,
                    33.951127
                ],
                [
                    -116.888125,
                    33.950347
                ],
                [
                    -116.888222,
                    33.949278
                ],
                [
                    -116.887055,
                    33.949278
                ],
                [
                    -116.886106,
                    33.948819
                ],
                [
                    -116.886597,
                    33.948457
                ],
                [
                    -116.888681,
                    33.948328
                ],
                [
                    -116.890249,
                    33.949334
                ],
                [
                    -116.890764,
                    33.94932
                ],
                [
                    -116.89191,
                    33.949757
                ],
                [
                    -116.892847,
                    33.950584
                ],
                [
                    -116.893249,
                    33.950502
                ],
                [
                    -116.89505,
                    33.950903
                ],
                [
                    -116.895378,
                    33.949267
                ],
                [
                    -116.895283,
                    33.948819
                ],
                [
                    -116.89512,
                    33.94863
                ],
                [
                    -116.892847,
                    33.948153
                ],
                [
                    -116.892123,
                    33.94746
                ],
                [
                    -116.892154,
                    33.946736
                ],
                [
                    -116.892359,
                    33.946248
                ],
                [
                    -116.892847,
                    33.945874
                ],
                [
                    -116.89376,
                    33.945566
                ],
                [
                    -116.894931,
                    33.944675
                ],
                [
                    -116.896719,
                    33.944358
                ],
                [
                    -116.897333,
                    33.944653
                ],
                [
                    -116.898844,
                    33.946736
                ],
                [
                    -116.899097,
                    33.948153
                ],
                [
                    -116.899468,
                    33.948819
                ],
                [
                    -116.901181,
                    33.949783
                ],
                [
                    -116.904233,
                    33.947706
                ],
                [
                    -116.904923,
                    33.946312
                ],
                [
                    -116.905347,
                    33.946007
                ],
                [
                    -116.906458,
                    33.945764
                ],
                [
                    -116.907431,
                    33.945277
                ],
                [
                    -116.907847,
                    33.944653
                ],
                [
                    -116.908759,
                    33.943898
                ],
                [
                    -116.909514,
                    33.943653
                ],
                [
                    -116.909826,
                    33.944653
                ],
                [
                    -116.910752,
                    33.950903
                ],
                [
                    -116.911597,
                    33.954569
                ],
                [
                    -116.912198,
                    33.953587
                ],
                [
                    -116.912942,
                    33.953726
                ],
                [
                    -116.913681,
                    33.953505
                ],
                [
                    -116.914439,
                    33.953745
                ],
                [
                    -116.915331,
                    33.953418
                ],
                [
                    -116.915331,
                    33.954637
                ],
                [
                    -116.915596,
                    33.955069
                ],
                [
                    -116.915764,
                    33.956475
                ],
                [
                    -116.915984,
                    33.95529
                ],
                [
                    -116.915955,
                    33.952986
                ],
                [
                    -116.914762,
                    33.951905
                ],
                [
                    -116.91441,
                    33.950903
                ],
                [
                    -116.915194,
                    33.948819
                ],
                [
                    -116.915189,
                    33.946736
                ],
                [
                    -116.915764,
                    33.945936
                ],
                [
                    -116.917847,
                    33.945472
                ],
                [
                    -116.918502,
                    33.946736
                ],
                [
                    -116.919463,
                    33.949287
                ],
                [
                    -116.919931,
                    33.949663
                ],
                [
                    -116.922014,
                    33.950003
                ],
                [
                    -116.922614,
                    33.950303
                ],
                [
                    -116.923814,
                    33.950903
                ],
                [
                    -116.923299,
                    33.952188
                ],
                [
                    -116.923162,
                    33.952986
                ],
                [
                    -116.923394,
                    33.953689
                ],
                [
                    -116.923579,
                    33.955587
                ],
                [
                    -116.924097,
                    33.956555
                ],
                [
                    -116.926181,
                    33.956753
                ],
                [
                    -116.930709,
                    33.958874
                ],
                [
                    -116.932431,
                    33.960103
                ],
                [
                    -116.934514,
                    33.960125
                ],
                [
                    -116.937624,
                    33.962375
                ],
                [
                    -116.938437,
                    33.963403
                ],
                [
                    -116.939865,
                    33.964302
                ],
                [
                    -116.940322,
                    33.965486
                ],
                [
                    -116.940312,
                    33.965938
                ],
                [
                    -116.940764,
                    33.96669
                ],
                [
                    -116.941772,
                    33.966494
                ],
                [
                    -116.942847,
                    33.965653
                ],
                [
                    -116.943584,
                    33.967569
                ],
                [
                    -116.944097,
                    33.968403
                ],
                [
                    -116.945234,
                    33.969653
                ],
                [
                    -116.945949,
                    33.970718
                ],
                [
                    -116.94717,
                    33.971736
                ],
                [
                    -116.949097,
                    33.972922
                ],
                [
                    -116.951181,
                    33.972859
                ],
                [
                    -116.953264,
                    33.972439
                ],
                [
                    -116.955347,
                    33.972888
                ],
                [
                    -116.956021,
                    33.973146
                ],
                [
                    -116.957431,
                    33.97407
                ],
                [
                    -116.959109,
                    33.974224
                ],
                [
                    -116.96054,
                    33.974877
                ],
                [
                    -116.962739,
                    33.976845
                ],
                [
                    -116.963681,
                    33.976736
                ],
                [
                    -116.968218,
                    33.977616
                ],
                [
                    -116.969157,
                    33.97876
                ],
                [
                    -116.96959,
                    33.98041
                ],
                [
                    -116.969931,
                    33.980935
                ],
                [
                    -116.971495,
                    33.979551
                ],
                [
                    -116.972587,
                    33.979497
                ],
                [
                    -116.974097,
                    33.979831
                ],
                [
                    -116.976042,
                    33.982292
                ],
                [
                    -116.978264,
                    33.982595
                ],
                [
                    -116.980347,
                    33.983427
                ],
                [
                    -116.982469,
                    33.982191
                ],
                [
                    -116.984514,
                    33.981736
                ],
                [
                    -116.986597,
                    33.981944
                ],
                [
                    -116.988681,
                    33.981002
                ],
                [
                    -116.990764,
                    33.981239
                ],
                [
                    -116.992847,
                    33.980819
                ],
                [
                    -116.993658,
                    33.98088
                ],
                [
                    -116.99584,
                    33.981243
                ],
                [
                    -116.997202,
                    33.981965
                ],
                [
                    -116.99807,
                    33.98318
                ],
                [
                    -116.999097,
                    33.983363
                ],
                [
                    -117.000056,
                    33.983112
                ],
                [
                    -117.000913,
                    33.982153
                ],
                [
                    -117.001181,
                    33.980652
                ],
                [
                    -117.001446,
                    33.980335
                ],
                [
                    -117.00191,
                    33.980069
                ],
                [
                    -117.004931,
                    33.979652
                ],
                [
                    -117.005347,
                    33.978903
                ],
                [
                    -117.00622,
                    33.978859
                ],
                [
                    -117.006875,
                    33.977986
                ],
                [
                    -117.008097,
                    33.977986
                ],
                [
                    -117.007764,
                    33.97832
                ],
                [
                    -117.007527,
                    33.980069
                ],
                [
                    -117.005931,
                    33.980652
                ],
                [
                    -117.006119,
                    33.981381
                ],
                [
                    -117.005883,
                    33.982153
                ],
                [
                    -117.006131,
                    33.982936
                ],
                [
                    -117.005987,
                    33.983596
                ],
                [
                    -117.007471,
                    33.984236
                ],
                [
                    -117.007173,
                    33.986062
                ],
                [
                    -117.007258,
                    33.986319
                ],
                [
                    -117.006364,
                    33.988403
                ],
                [
                    -117.006727,
                    33.989107
                ],
                [
                    -117.007431,
                    33.989797
                ],
                [
                    -117.009514,
                    33.989187
                ],
                [
                    -117.010708,
                    33.989292
                ],
                [
                    -117.011597,
                    33.989428
                ],
                [
                    -117.012147,
                    33.989936
                ],
                [
                    -117.012195,
                    33.990486
                ],
                [
                    -117.011597,
                    33.990879
                ],
                [
                    -117.008507,
                    33.991562
                ],
                [
                    -117.0075,
                    33.992569
                ],
                [
                    -117.009514,
                    33.99408
                ],
                [
                    -117.009866,
                    33.994653
                ],
                [
                    -117.009514,
                    33.995277
                ],
                [
                    -117.00791,
                    33.996736
                ],
                [
                    -117.007935,
                    33.998819
                ],
                [
                    -117.007186,
                    34.000903
                ],
                [
                    -117.007559,
                    34.002986
                ],
                [
                    -117.008999,
                    34.005585
                ],
                [
                    -117.009258,
                    34.007153
                ],
                [
                    -117.00875,
                    34.008472
                ],
                [
                    -117.00791,
                    34.009236
                ],
                [
                    -117.007431,
                    34.010035
                ],
                [
                    -117.006524,
                    34.010413
                ],
                [
                    -117.005347,
                    34.010499
                ],
                [
                    -117.002155,
                    34.014137
                ],
                [
                    -117.003264,
                    34.015389
                ],
                [
                    -117.005381,
                    34.015453
                ],
                [
                    -117.006875,
                    34.017569
                ],
                [
                    -117.007431,
                    34.01793
                ],
                [
                    -117.007841,
                    34.017979
                ],
                [
                    -117.010139,
                    34.016111
                ],
                [
                    -117.010828,
                    34.016255
                ],
                [
                    -117.011597,
                    34.016065
                ],
                [
                    -117.012613,
                    34.016553
                ],
                [
                    -117.013507,
                    34.017742
                ],
                [
                    -117.015764,
                    34.017613
                ],
                [
                    -117.016875,
                    34.018542
                ],
                [
                    -117.017537,
                    34.019963
                ],
                [
                    -117.018733,
                    34.02085
                ],
                [
                    -117.019216,
                    34.021736
                ],
                [
                    -117.019052,
                    34.023819
                ],
                [
                    -117.019097,
                    34.024653
                ],
                [
                    -117.019442,
                    34.025903
                ],
                [
                    -117.019931,
                    34.02632
                ],
                [
                    -117.022014,
                    34.02622
                ],
                [
                    -117.022897,
                    34.027103
                ],
                [
                    -117.023362,
                    34.027986
                ],
                [
                    -117.022886,
                    34.028859
                ],
                [
                    -117.022014,
                    34.029598
                ],
                [
                    -117.021572,
                    34.029627
                ],
                [
                    -117.020931,
                    34.030069
                ],
                [
                    -117.021814,
                    34.032153
                ],
                [
                    -117.02245,
                    34.034236
                ],
                [
                    -117.02166,
                    34.036319
                ],
                [
                    -117.020594,
                    34.038403
                ],
                [
                    -117.020579,
                    34.040486
                ],
                [
                    -117.019931,
                    34.04243
                ],
                [
                    -117.017847,
                    34.043194
                ],
                [
                    -117.017187,
                    34.043993
                ],
                [
                    -117.016097,
                    34.044653
                ],
                [
                    -117.0173,
                    34.0452
                ],
                [
                    -117.017847,
                    34.045183
                ],
                [
                    -117.019,
                    34.045584
                ],
                [
                    -117.020556,
                    34.046736
                ],
                [
                    -117.020347,
                    34.047153
                ],
                [
                    -117.020171,
                    34.049061
                ],
                [
                    -117.01919,
                    34.050162
                ],
                [
                    -117.018264,
                    34.050903
                ],
                [
                    -117.019446,
                    34.051388
                ],
                [
                    -117.020903,
                    34.052986
                ],
                [
                    -117.020739,
                    34.055069
                ],
                [
                    -117.020542,
                    34.055681
                ],
                [
                    -117.019546,
                    34.057153
                ],
                [
                    -117.020634,
                    34.058532
                ],
                [
                    -117.020986,
                    34.059236
                ],
                [
                    -117.02092,
                    34.061319
                ],
                [
                    -117.021421,
                    34.061913
                ],
                [
                    -117.022677,
                    34.06274
                ],
                [
                    -117.023388,
                    34.064112
                ],
                [
                    -117.024097,
                    34.064653
                ],
                [
                    -117.026141,
                    34.065526
                ],
                [
                    -117.028806,
                    34.067569
                ],
                [
                    -117.028705,
                    34.069653
                ],
                [
                    -117.029461,
                    34.070539
                ],
                [
                    -117.030347,
                    34.07077
                ],
                [
                    -117.032399,
                    34.071768
                ],
                [
                    -117.033171,
                    34.073819
                ],
                [
                    -117.033872,
                    34.074461
                ],
                [
                    -117.034514,
                    34.074855
                ],
                [
                    -117.036901,
                    34.075599
                ],
                [
                    -117.037713,
                    34.07687
                ],
                [
                    -117.039596,
                    34.079154
                ],
                [
                    -117.040321,
                    34.080512
                ],
                [
                    -117.040593,
                    34.082153
                ],
                [
                    -117.040022,
                    34.083495
                ],
                [
                    -117.039355,
                    34.083562
                ],
                [
                    -117.037891,
                    34.084236
                ],
                [
                    -117.038355,
                    34.084563
                ],
                [
                    -117.038145,
                    34.085784
                ],
                [
                    -117.038302,
                    34.086319
                ],
                [
                    -117.037992,
                    34.087008
                ],
                [
                    -117.037999,
                    34.087721
                ],
                [
                    -117.037107,
                    34.087893
                ],
                [
                    -117.036597,
                    34.088198
                ],
                [
                    -117.034669,
                    34.088248
                ],
                [
                    -117.034288,
                    34.088403
                ],
                [
                    -117.034103,
                    34.088814
                ],
                [
                    -117.034203,
                    34.090175
                ],
                [
                    -117.032665,
                    34.090252
                ],
                [
                    -117.032343,
                    34.090486
                ],
                [
                    -117.032431,
                    34.091967
                ],
                [
                    -117.032806,
                    34.090861
                ],
                [
                    -117.034042,
                    34.090958
                ],
                [
                    -117.034514,
                    34.090774
                ],
                [
                    -117.035213,
                    34.089786
                ],
                [
                    -117.035303,
                    34.089192
                ],
                [
                    -117.035784,
                    34.089217
                ],
                [
                    -117.036909,
                    34.088715
                ],
                [
                    -117.038203,
                    34.08888
                ],
                [
                    -117.04257,
                    34.088403
                ],
                [
                    -117.044238,
                    34.08771
                ],
                [
                    -117.044931,
                    34.08761
                ],
                [
                    -117.047758,
                    34.087659
                ],
                [
                    -117.049006,
                    34.088311
                ],
                [
                    -117.051002,
                    34.088581
                ],
                [
                    -117.052531,
                    34.08767
                ],
                [
                    -117.053264,
                    34.087415
                ],
                [
                    -117.053947,
                    34.08772
                ],
                [
                    -117.055347,
                    34.089628
                ],
                [
                    -117.056133,
                    34.089188
                ],
                [
                    -117.056589,
                    34.089244
                ],
                [
                    -117.059044,
                    34.088873
                ],
                [
                    -117.061597,
                    34.088941
                ],
                [
                    -117.062841,
                    34.089242
                ],
                [
                    -117.064123,
                    34.090044
                ],
                [
                    -117.065764,
                    34.090466
                ],
                [
                    -117.069359,
                    34.091058
                ],
                [
                    -117.069931,
                    34.090999
                ],
                [
                    -117.07119,
                    34.09131
                ],
                [
                    -117.072014,
                    34.091685
                ],
                [
                    -117.072413,
                    34.092171
                ],
                [
                    -117.072292,
                    34.092848
                ],
                [
                    -117.072014,
                    34.093043
                ],
                [
                    -117.069931,
                    34.093574
                ],
                [
                    -117.069215,
                    34.093938
                ],
                [
                    -117.068697,
                    34.095503
                ],
                [
                    -117.067359,
                    34.096248
                ],
                [
                    -117.066704,
                    34.097676
                ],
                [
                    -117.065479,
                    34.098535
                ],
                [
                    -117.063659,
                    34.098798
                ],
                [
                    -117.063608,
                    34.100831
                ],
                [
                    -117.063264,
                    34.100903
                ],
                [
                    -117.063976,
                    34.100903
                ],
                [
                    -117.064851,
                    34.099989
                ],
                [
                    -117.065764,
                    34.09997
                ],
                [
                    -117.066548,
                    34.099604
                ],
                [
                    -117.069931,
                    34.099515
                ],
                [
                    -117.071086,
                    34.097892
                ],
                [
                    -117.072014,
                    34.097319
                ],
                [
                    -117.074097,
                    34.096561
                ],
                [
                    -117.076181,
                    34.095511
                ],
                [
                    -117.078264,
                    34.096566
                ],
                [
                    -117.079055,
                    34.098029
                ],
                [
                    -117.080129,
                    34.099038
                ],
                [
                    -117.080568,
                    34.09904
                ],
                [
                    -117.082431,
                    34.09836
                ],
                [
                    -117.084514,
                    34.098406
                ],
                [
                    -117.085815,
                    34.098819
                ],
                [
                    -117.087708,
                    34.099792
                ],
                [
                    -117.08875,
                    34.100834
                ],
                [
                    -117.087527,
                    34.101833
                ],
                [
                    -117.086609,
                    34.102986
                ],
                [
                    -117.084514,
                    34.106167
                ],
                [
                    -117.082431,
                    34.107016
                ],
                [
                    -117.079698,
                    34.108587
                ],
                [
                    -117.079138,
                    34.109236
                ],
                [
                    -117.079816,
                    34.109767
                ],
                [
                    -117.08131,
                    34.110356
                ],
                [
                    -117.082804,
                    34.111319
                ],
                [
                    -117.083803,
                    34.112031
                ],
                [
                    -117.084514,
                    34.112961
                ],
                [
                    -117.085986,
                    34.113403
                ],
                [
                    -117.084514,
                    34.113557
                ],
                [
                    -117.083159,
                    34.114132
                ],
                [
                    -117.082431,
                    34.114265
                ],
                [
                    -117.080347,
                    34.114374
                ],
                [
                    -117.079546,
                    34.114204
                ],
                [
                    -117.078129,
                    34.113538
                ],
                [
                    -117.076181,
                    34.113691
                ],
                [
                    -117.074097,
                    34.114526
                ],
                [
                    -117.073048,
                    34.114452
                ],
                [
                    -117.072014,
                    34.114293
                ],
                [
                    -117.071612,
                    34.113805
                ],
                [
                    -117.071242,
                    34.112631
                ],
                [
                    -117.071666,
                    34.111667
                ],
                [
                    -117.069931,
                    34.111333
                ],
                [
                    -117.067847,
                    34.111956
                ],
                [
                    -117.066988,
                    34.112543
                ],
                [
                    -117.06663,
                    34.114268
                ],
                [
                    -117.065764,
                    34.115477
                ],
                [
                    -117.063574,
                    34.115592
                ],
                [
                    -117.062109,
                    34.114974
                ],
                [
                    -117.061597,
                    34.114504
                ],
                [
                    -117.059514,
                    34.115252
                ],
                [
                    -117.057431,
                    34.115028
                ],
                [
                    -117.055347,
                    34.114181
                ],
                [
                    -117.053264,
                    34.114547
                ],
                [
                    -117.052641,
                    34.114864
                ],
                [
                    -117.049051,
                    34.115486
                ],
                [
                    -117.051213,
                    34.117569
                ],
                [
                    -117.055347,
                    34.118812
                ],
                [
                    -117.057431,
                    34.118991
                ],
                [
                    -117.059611,
                    34.119556
                ],
                [
                    -117.059633,
                    34.119772
                ],
                [
                    -117.058593,
                    34.120814
                ],
                [
                    -117.058445,
                    34.121736
                ],
                [
                    -117.058974,
                    34.12436
                ],
                [
                    -117.059514,
                    34.125022
                ],
                [
                    -117.059999,
                    34.123819
                ],
                [
                    -117.060781,
                    34.123004
                ],
                [
                    -117.062298,
                    34.122437
                ],
                [
                    -117.063497,
                    34.121552
                ],
                [
                    -117.065764,
                    34.12042
                ],
                [
                    -117.069931,
                    34.120556
                ],
                [
                    -117.070686,
                    34.120408
                ],
                [
                    -117.072014,
                    34.119433
                ],
                [
                    -117.074097,
                    34.119433
                ],
                [
                    -117.075,
                    34.119653
                ],
                [
                    -117.074405,
                    34.119961
                ],
                [
                    -117.073362,
                    34.121001
                ],
                [
                    -117.07344,
                    34.122393
                ],
                [
                    -117.074097,
                    34.122973
                ],
                [
                    -117.07437,
                    34.123547
                ],
                [
                    -117.074284,
                    34.124006
                ],
                [
                    -117.071555,
                    34.124278
                ],
                [
                    -117.069931,
                    34.124124
                ],
                [
                    -117.069114,
                    34.125086
                ],
                [
                    -117.068741,
                    34.125903
                ],
                [
                    -117.069221,
                    34.126613
                ],
                [
                    -117.070485,
                    34.127432
                ],
                [
                    -117.070675,
                    34.127986
                ],
                [
                    -117.070602,
                    34.128657
                ],
                [
                    -117.069931,
                    34.129833
                ],
                [
                    -117.067847,
                    34.130396
                ],
                [
                    -117.066451,
                    34.129383
                ],
                [
                    -117.065764,
                    34.12929
                ],
                [
                    -117.061597,
                    34.129671
                ],
                [
                    -117.060736,
                    34.130069
                ],
                [
                    -117.06066,
                    34.131006
                ],
                [
                    -117.061597,
                    34.131878
                ],
                [
                    -117.063681,
                    34.132017
                ],
                [
                    -117.065156,
                    34.132761
                ],
                [
                    -117.066782,
                    34.133218
                ],
                [
                    -117.06808,
                    34.134003
                ],
                [
                    -117.068185,
                    34.134236
                ],
                [
                    -117.068659,
                    34.136319
                ],
                [
                    -117.068469,
                    34.136941
                ],
                [
                    -117.067847,
                    34.137645
                ],
                [
                    -117.065764,
                    34.137983
                ],
                [
                    -117.065516,
                    34.138155
                ],
                [
                    -117.065308,
                    34.140486
                ],
                [
                    -117.064375,
                    34.14118
                ],
                [
                    -117.063681,
                    34.14138
                ],
                [
                    -117.060221,
                    34.141193
                ],
                [
                    -117.057431,
                    34.14126
                ],
                [
                    -117.054964,
                    34.140869
                ],
                [
                    -117.05471,
                    34.140486
                ],
                [
                    -117.053894,
                    34.139856
                ],
                [
                    -117.053264,
                    34.139604
                ],
                [
                    -117.051181,
                    34.139556
                ],
                [
                    -117.049097,
                    34.139829
                ],
                [
                    -117.043922,
                    34.139478
                ],
                [
                    -117.042847,
                    34.140347
                ],
                [
                    -117.042236,
                    34.141958
                ],
                [
                    -117.041303,
                    34.142031
                ],
                [
                    -117.040764,
                    34.142275
                ],
                [
                    -117.036597,
                    34.142392
                ],
                [
                    -117.036254,
                    34.142913
                ],
                [
                    -117.03643,
                    34.144485
                ],
                [
                    -117.034097,
                    34.144653
                ],
                [
                    -117.036417,
                    34.144833
                ],
                [
                    -117.036939,
                    34.144653
                ],
                [
                    -117.037737,
                    34.14371
                ],
                [
                    -117.039339,
                    34.143229
                ],
                [
                    -117.040068,
                    34.143265
                ],
                [
                    -117.041252,
                    34.143058
                ],
                [
                    -117.044931,
                    34.143072
                ],
                [
                    -117.047014,
                    34.142378
                ],
                [
                    -117.048375,
                    34.143292
                ],
                [
                    -117.049931,
                    34.14382
                ],
                [
                    -117.051181,
                    34.144456
                ],
                [
                    -117.052457,
                    34.14546
                ],
                [
                    -117.055347,
                    34.14608
                ],
                [
                    -117.056005,
                    34.146078
                ],
                [
                    -117.057431,
                    34.146597
                ],
                [
                    -117.057514,
                    34.14682
                ],
                [
                    -117.056903,
                    34.148291
                ],
                [
                    -117.056999,
                    34.148819
                ],
                [
                    -117.056865,
                    34.149385
                ],
                [
                    -117.057431,
                    34.150736
                ],
                [
                    -117.058927,
                    34.15149
                ],
                [
                    -117.059514,
                    34.151428
                ],
                [
                    -117.059781,
                    34.151169
                ],
                [
                    -117.060281,
                    34.148819
                ],
                [
                    -117.06066,
                    34.147882
                ],
                [
                    -117.061597,
                    34.146852
                ],
                [
                    -117.063104,
                    34.146159
                ],
                [
                    -117.064539,
                    34.145878
                ],
                [
                    -117.064861,
                    34.146736
                ],
                [
                    -117.064644,
                    34.148819
                ],
                [
                    -117.064884,
                    34.149698
                ],
                [
                    -117.067847,
                    34.149643
                ],
                [
                    -117.068868,
                    34.149882
                ],
                [
                    -117.069756,
                    34.151078
                ],
                [
                    -117.069931,
                    34.151933
                ],
                [
                    -117.07014,
                    34.151112
                ],
                [
                    -117.070275,
                    34.149164
                ],
                [
                    -117.071042,
                    34.148819
                ],
                [
                    -117.071153,
                    34.147959
                ],
                [
                    -117.071015,
                    34.147735
                ],
                [
                    -117.071042,
                    34.146736
                ],
                [
                    -117.07069,
                    34.144653
                ],
                [
                    -117.070982,
                    34.143621
                ],
                [
                    -117.071863,
                    34.142419
                ],
                [
                    -117.073513,
                    34.141986
                ],
                [
                    -117.074097,
                    34.141465
                ],
                [
                    -117.074772,
                    34.140486
                ],
                [
                    -117.075179,
                    34.138403
                ],
                [
                    -117.075687,
                    34.137909
                ],
                [
                    -117.076181,
                    34.137674
                ],
                [
                    -117.078264,
                    34.136949
                ],
                [
                    -117.079705,
                    34.135677
                ],
                [
                    -117.081139,
                    34.135528
                ],
                [
                    -117.081828,
                    34.135716
                ],
                [
                    -117.082431,
                    34.135679
                ],
                [
                    -117.083535,
                    34.135341
                ],
                [
                    -117.084765,
                    34.134487
                ],
                [
                    -117.084853,
                    34.134236
                ],
                [
                    -117.084708,
                    34.134042
                ],
                [
                    -117.083279,
                    34.133388
                ],
                [
                    -117.082431,
                    34.132738
                ],
                [
                    -117.081337,
                    34.131163
                ],
                [
                    -117.080102,
                    34.130315
                ],
                [
                    -117.079988,
                    34.130069
                ],
                [
                    -117.079944,
                    34.129666
                ],
                [
                    -117.080495,
                    34.127986
                ],
                [
                    -117.081497,
                    34.127052
                ],
                [
                    -117.082431,
                    34.125812
                ],
                [
                    -117.082627,
                    34.125706
                ],
                [
                    -117.083852,
                    34.125978
                ],
                [
                    -117.084985,
                    34.127515
                ],
                [
                    -117.086216,
                    34.130451
                ],
                [
                    -117.086597,
                    34.130821
                ],
                [
                    -117.088974,
                    34.13186
                ],
                [
                    -117.090896,
                    34.132153
                ],
                [
                    -117.090327,
                    34.132589
                ],
                [
                    -117.089366,
                    34.132838
                ],
                [
                    -117.089391,
                    34.133526
                ],
                [
                    -117.089089,
                    34.134236
                ],
                [
                    -117.089785,
                    34.136319
                ],
                [
                    -117.089573,
                    34.137212
                ],
                [
                    -117.088439,
                    34.138162
                ],
                [
                    -117.088446,
                    34.138638
                ],
                [
                    -117.088681,
                    34.139116
                ],
                [
                    -117.089202,
                    34.138925
                ],
                [
                    -117.090044,
                    34.139123
                ],
                [
                    -117.090764,
                    34.13902
                ],
                [
                    -117.091823,
                    34.139426
                ],
                [
                    -117.092726,
                    34.140607
                ],
                [
                    -117.093063,
                    34.140702
                ],
                [
                    -117.093485,
                    34.140486
                ],
                [
                    -117.094989,
                    34.138403
                ],
                [
                    -117.092847,
                    34.137855
                ],
                [
                    -117.091877,
                    34.137289
                ],
                [
                    -117.091532,
                    34.136319
                ],
                [
                    -117.091982,
                    34.135454
                ],
                [
                    -117.092847,
                    34.134829
                ],
                [
                    -117.094329,
                    34.134236
                ],
                [
                    -117.094438,
                    34.133744
                ],
                [
                    -117.094155,
                    34.132928
                ],
                [
                    -117.094218,
                    34.132153
                ],
                [
                    -117.094931,
                    34.130125
                ],
                [
                    -117.097014,
                    34.130169
                ],
                [
                    -117.097435,
                    34.128406
                ],
                [
                    -117.098688,
                    34.126935
                ],
                [
                    -117.101181,
                    34.126331
                ],
                [
                    -117.10196,
                    34.126682
                ],
                [
                    -117.102118,
                    34.125903
                ],
                [
                    -117.10022,
                    34.124781
                ],
                [
                    -117.099118,
                    34.123819
                ],
                [
                    -117.100281,
                    34.122919
                ],
                [
                    -117.104158,
                    34.12263
                ],
                [
                    -117.105043,
                    34.121736
                ],
                [
                    -117.105323,
                    34.119653
                ],
                [
                    -117.106125,
                    34.118347
                ],
                [
                    -117.10687,
                    34.117569
                ],
                [
                    -117.106728,
                    34.115486
                ],
                [
                    -117.107431,
                    34.114718
                ],
                [
                    -117.109514,
                    34.1141
                ],
                [
                    -117.110734,
                    34.114265
                ],
                [
                    -117.111597,
                    34.114573
                ],
                [
                    -117.112384,
                    34.115486
                ],
                [
                    -117.112972,
                    34.118278
                ],
                [
                    -117.113681,
                    34.119028
                ],
                [
                    -117.113993,
                    34.119653
                ],
                [
                    -117.114064,
                    34.120036
                ],
                [
                    -117.113641,
                    34.121736
                ],
                [
                    -117.114967,
                    34.122533
                ],
                [
                    -117.11611,
                    34.123474
                ],
                [
                    -117.116439,
                    34.124494
                ],
                [
                    -117.116439,
                    34.125228
                ],
                [
                    -117.117222,
                    34.125903
                ],
                [
                    -117.1156,
                    34.126067
                ],
                [
                    -117.115126,
                    34.125903
                ],
                [
                    -117.114445,
                    34.125139
                ],
                [
                    -117.111597,
                    34.125128
                ],
                [
                    -117.108214,
                    34.126686
                ],
                [
                    -117.107431,
                    34.126908
                ],
                [
                    -117.105347,
                    34.12717
                ],
                [
                    -117.104247,
                    34.127003
                ],
                [
                    -117.103264,
                    34.126546
                ],
                [
                    -117.102336,
                    34.127058
                ],
                [
                    -117.102447,
                    34.128803
                ],
                [
                    -117.104108,
                    34.131308
                ],
                [
                    -117.108396,
                    34.133271
                ],
                [
                    -117.109554,
                    34.134195
                ],
                [
                    -117.110288,
                    34.136319
                ],
                [
                    -117.110755,
                    34.137162
                ],
                [
                    -117.111597,
                    34.137906
                ],
                [
                    -117.114538,
                    34.137177
                ],
                [
                    -117.115764,
                    34.136677
                ],
                [
                    -117.117847,
                    34.136675
                ],
                [
                    -117.118905,
                    34.137346
                ],
                [
                    -117.119919,
                    34.138403
                ],
                [
                    -117.119662,
                    34.140486
                ],
                [
                    -117.118537,
                    34.141176
                ],
                [
                    -117.116655,
                    34.143461
                ],
                [
                    -117.115764,
                    34.1439
                ],
                [
                    -117.114924,
                    34.144653
                ],
                [
                    -117.11485,
                    34.145566
                ],
                [
                    -117.115091,
                    34.146064
                ],
                [
                    -117.114863,
                    34.146736
                ],
                [
                    -117.11549,
                    34.14701
                ],
                [
                    -117.117534,
                    34.146423
                ],
                [
                    -117.120562,
                    34.146104
                ],
                [
                    -117.122014,
                    34.146539
                ],
                [
                    -117.122164,
                    34.146887
                ],
                [
                    -117.121923,
                    34.148728
                ],
                [
                    -117.122014,
                    34.148914
                ],
                [
                    -117.123305,
                    34.149612
                ],
                [
                    -117.124814,
                    34.150186
                ],
                [
                    -117.125972,
                    34.151111
                ],
                [
                    -117.127313,
                    34.151854
                ],
                [
                    -117.127753,
                    34.152986
                ],
                [
                    -117.127516,
                    34.153734
                ],
                [
                    -117.127558,
                    34.154363
                ],
                [
                    -117.126764,
                    34.155069
                ],
                [
                    -117.127419,
                    34.155915
                ],
                [
                    -117.128264,
                    34.156374
                ],
                [
                    -117.128524,
                    34.157153
                ],
                [
                    -117.128264,
                    34.157526
                ],
                [
                    -117.12699,
                    34.157963
                ],
                [
                    -117.126262,
                    34.159236
                ],
                [
                    -117.126967,
                    34.160533
                ],
                [
                    -117.128253,
                    34.161331
                ],
                [
                    -117.129585,
                    34.160557
                ],
                [
                    -117.130347,
                    34.160418
                ],
                [
                    -117.13111,
                    34.160557
                ],
                [
                    -117.131986,
                    34.161319
                ],
                [
                    -117.132122,
                    34.161628
                ],
                [
                    -117.132199,
                    34.163635
                ],
                [
                    -117.132431,
                    34.164187
                ],
                [
                    -117.132714,
                    34.163687
                ],
                [
                    -117.133808,
                    34.162697
                ],
                [
                    -117.134514,
                    34.162697
                ],
                [
                    -117.135157,
                    34.161962
                ],
                [
                    -117.135402,
                    34.161319
                ],
                [
                    -117.135701,
                    34.159236
                ],
                [
                    -117.136056,
                    34.158695
                ],
                [
                    -117.136597,
                    34.158349
                ],
                [
                    -117.137109,
                    34.158724
                ],
                [
                    -117.137612,
                    34.160304
                ],
                [
                    -117.138283,
                    34.161717
                ],
                [
                    -117.139767,
                    34.163403
                ],
                [
                    -117.139963,
                    34.164203
                ],
                [
                    -117.141204,
                    34.165486
                ],
                [
                    -117.14219,
                    34.166143
                ],
                [
                    -117.143838,
                    34.166579
                ],
                [
                    -117.144931,
                    34.167799
                ],
                [
                    -117.146332,
                    34.167569
                ],
                [
                    -117.145616,
                    34.166884
                ],
                [
                    -117.145807,
                    34.166362
                ],
                [
                    -117.145639,
                    34.165486
                ],
                [
                    -117.144931,
                    34.164305
                ],
                [
                    -117.144449,
                    34.163884
                ],
                [
                    -117.143912,
                    34.161319
                ],
                [
                    -117.142208,
                    34.159875
                ],
                [
                    -117.141778,
                    34.158222
                ],
                [
                    -117.141249,
                    34.157153
                ],
                [
                    -117.142847,
                    34.156122
                ],
                [
                    -117.144931,
                    34.155615
                ],
                [
                    -117.145896,
                    34.155069
                ],
                [
                    -117.145351,
                    34.154648
                ],
                [
                    -117.144931,
                    34.15298
                ],
                [
                    -117.143604,
                    34.153743
                ],
                [
                    -117.142847,
                    34.15378
                ],
                [
                    -117.140764,
                    34.153602
                ],
                [
                    -117.139181,
                    34.152986
                ],
                [
                    -117.138479,
                    34.149021
                ],
                [
                    -117.137961,
                    34.148819
                ],
                [
                    -117.138511,
                    34.148651
                ],
                [
                    -117.138681,
                    34.148254
                ],
                [
                    -117.139498,
                    34.147553
                ],
                [
                    -117.139669,
                    34.146736
                ],
                [
                    -117.138503,
                    34.144653
                ],
                [
                    -117.138681,
                    34.144014
                ],
                [
                    -117.139228,
                    34.144105
                ],
                [
                    -117.139794,
                    34.143683
                ],
                [
                    -117.142847,
                    34.143997
                ],
                [
                    -117.143868,
                    34.14359
                ],
                [
                    -117.14446,
                    34.142569
                ],
                [
                    -117.144931,
                    34.142167
                ],
                [
                    -117.147014,
                    34.142233
                ],
                [
                    -117.147203,
                    34.14238
                ],
                [
                    -117.147277,
                    34.142832
                ],
                [
                    -117.147014,
                    34.143287
                ],
                [
                    -117.146161,
                    34.1438
                ],
                [
                    -117.145805,
                    34.144653
                ],
                [
                    -117.147014,
                    34.145707
                ],
                [
                    -117.149097,
                    34.146127
                ],
                [
                    -117.151181,
                    34.145907
                ],
                [
                    -117.152005,
                    34.145478
                ],
                [
                    -117.155347,
                    34.142683
                ],
                [
                    -117.156544,
                    34.143456
                ],
                [
                    -117.157431,
                    34.143781
                ],
                [
                    -117.159514,
                    34.142785
                ],
                [
                    -117.161597,
                    34.142236
                ],
                [
                    -117.161756,
                    34.142411
                ],
                [
                    -117.162123,
                    34.145179
                ],
                [
                    -117.161368,
                    34.146507
                ],
                [
                    -117.161597,
                    34.147085
                ],
                [
                    -117.163681,
                    34.147528
                ],
                [
                    -117.164308,
                    34.147364
                ],
                [
                    -117.167076,
                    34.145965
                ],
                [
                    -117.167847,
                    34.145813
                ],
                [
                    -117.168516,
                    34.146068
                ],
                [
                    -117.169462,
                    34.146736
                ],
                [
                    -117.170488,
                    34.148262
                ],
                [
                    -117.171162,
                    34.148819
                ],
                [
                    -117.171036,
                    34.150903
                ],
                [
                    -117.171246,
                    34.151671
                ],
                [
                    -117.172014,
                    34.152475
                ],
                [
                    -117.174857,
                    34.152226
                ],
                [
                    -117.1758,
                    34.152606
                ],
                [
                    -117.176181,
                    34.152434
                ],
                [
                    -117.176383,
                    34.152986
                ],
                [
                    -117.175189,
                    34.154079
                ],
                [
                    -117.174631,
                    34.155602
                ],
                [
                    -117.17354,
                    34.156595
                ],
                [
                    -117.171983,
                    34.157153
                ],
                [
                    -117.174163,
                    34.159236
                ],
                [
                    -117.174843,
                    34.160574
                ],
                [
                    -117.17453,
                    34.161753
                ],
                [
                    -117.174097,
                    34.162125
                ],
                [
                    -117.172014,
                    34.162526
                ],
                [
                    -117.171563,
                    34.162951
                ],
                [
                    -117.170509,
                    34.163403
                ],
                [
                    -117.171516,
                    34.1639
                ],
                [
                    -117.172014,
                    34.164617
                ],
                [
                    -117.173816,
                    34.165486
                ],
                [
                    -117.17452,
                    34.167569
                ],
                [
                    -117.172014,
                    34.168562
                ],
                [
                    -117.171356,
                    34.168995
                ],
                [
                    -117.170605,
                    34.169653
                ],
                [
                    -117.170669,
                    34.170391
                ],
                [
                    -117.169557,
                    34.171736
                ],
                [
                    -117.169931,
                    34.172188
                ],
                [
                    -117.171202,
                    34.172548
                ],
                [
                    -117.172014,
                    34.173264
                ],
                [
                    -117.172165,
                    34.173819
                ],
                [
                    -117.170796,
                    34.174685
                ],
                [
                    -117.170209,
                    34.176182
                ],
                [
                    -117.169931,
                    34.176343
                ],
                [
                    -117.165667,
                    34.175999
                ],
                [
                    -117.164313,
                    34.17527
                ],
                [
                    -117.163681,
                    34.175227
                ],
                [
                    -117.161267,
                    34.175903
                ],
                [
                    -117.164296,
                    34.177371
                ],
                [
                    -117.1643,
                    34.177986
                ],
                [
                    -117.165032,
                    34.178718
                ],
                [
                    -117.166977,
                    34.180069
                ],
                [
                    -117.167847,
                    34.181694
                ],
                [
                    -117.168125,
                    34.181875
                ],
                [
                    -117.169931,
                    34.18216
                ],
                [
                    -117.171311,
                    34.182856
                ],
                [
                    -117.172014,
                    34.183679
                ],
                [
                    -117.172766,
                    34.184236
                ],
                [
                    -117.171173,
                    34.185479
                ],
                [
                    -117.170756,
                    34.185493
                ],
                [
                    -117.16959,
                    34.185979
                ],
                [
                    -117.169334,
                    34.186319
                ],
                [
                    -117.169085,
                    34.187165
                ],
                [
                    -117.169312,
                    34.187784
                ],
                [
                    -117.168356,
                    34.187894
                ],
                [
                    -117.167847,
                    34.188233
                ],
                [
                    -117.167694,
                    34.188403
                ],
                [
                    -117.167847,
                    34.189034
                ],
                [
                    -117.168125,
                    34.18868
                ],
                [
                    -117.169558,
                    34.188775
                ],
                [
                    -117.169931,
                    34.188653
                ],
                [
                    -117.171366,
                    34.189051
                ],
                [
                    -117.175071,
                    34.189513
                ],
                [
                    -117.175403,
                    34.190486
                ],
                [
                    -117.175261,
                    34.192569
                ],
                [
                    -117.175985,
                    34.194653
                ],
                [
                    -117.176181,
                    34.194831
                ],
                [
                    -117.178333,
                    34.194653
                ],
                [
                    -117.176802,
                    34.194031
                ],
                [
                    -117.177074,
                    34.193464
                ],
                [
                    -117.176895,
                    34.192569
                ],
                [
                    -117.177473,
                    34.191779
                ],
                [
                    -117.18101,
                    34.191148
                ],
                [
                    -117.181262,
                    34.190486
                ],
                [
                    -117.181866,
                    34.189922
                ],
                [
                    -117.184514,
                    34.18975
                ],
                [
                    -117.185132,
                    34.189868
                ],
                [
                    -117.185874,
                    34.191209
                ],
                [
                    -117.186597,
                    34.191549
                ],
                [
                    -117.187592,
                    34.191575
                ],
                [
                    -117.187975,
                    34.191864
                ],
                [
                    -117.188681,
                    34.191971
                ],
                [
                    -117.188961,
                    34.192289
                ],
                [
                    -117.190764,
                    34.192616
                ],
                [
                    -117.193793,
                    34.193708
                ],
                [
                    -117.194521,
                    34.194653
                ],
                [
                    -117.194931,
                    34.194919
                ],
                [
                    -117.196734,
                    34.194933
                ],
                [
                    -117.197014,
                    34.195139
                ],
                [
                    -117.199514,
                    34.194653
                ],
                [
                    -117.198067,
                    34.1936
                ],
                [
                    -117.197861,
                    34.192569
                ],
                [
                    -117.196207,
                    34.191763
                ],
                [
                    -117.195745,
                    34.191756
                ],
                [
                    -117.195794,
                    34.19135
                ],
                [
                    -117.195279,
                    34.190137
                ],
                [
                    -117.194931,
                    34.189835
                ],
                [
                    -117.193914,
                    34.189419
                ],
                [
                    -117.192911,
                    34.188403
                ],
                [
                    -117.19371,
                    34.187182
                ],
                [
                    -117.194807,
                    34.186319
                ],
                [
                    -117.193827,
                    34.18534
                ],
                [
                    -117.192847,
                    34.185121
                ],
                [
                    -117.191115,
                    34.183885
                ],
                [
                    -117.190141,
                    34.182153
                ],
                [
                    -117.19045,
                    34.180069
                ],
                [
                    -117.191426,
                    34.178648
                ],
                [
                    -117.194931,
                    34.176184
                ],
                [
                    -117.197014,
                    34.17618
                ],
                [
                    -117.197732,
                    34.174538
                ],
                [
                    -117.198112,
                    34.174148
                ],
                [
                    -117.199598,
                    34.173919
                ],
                [
                    -117.199608,
                    34.173712
                ],
                [
                    -117.198119,
                    34.173462
                ],
                [
                    -117.197769,
                    34.173065
                ],
                [
                    -117.197014,
                    34.172801
                ],
                [
                    -117.194002,
                    34.170581
                ],
                [
                    -117.193041,
                    34.16946
                ],
                [
                    -117.191638,
                    34.168779
                ],
                [
                    -117.190424,
                    34.167909
                ],
                [
                    -117.1902,
                    34.167569
                ],
                [
                    -117.190363,
                    34.167169
                ],
                [
                    -117.190764,
                    34.167067
                ],
                [
                    -117.192032,
                    34.165486
                ],
                [
                    -117.192357,
                    34.163403
                ],
                [
                    -117.193629,
                    34.161319
                ],
                [
                    -117.193384,
                    34.160782
                ],
                [
                    -117.192173,
                    34.159911
                ],
                [
                    -117.190757,
                    34.159243
                ],
                [
                    -117.190764,
                    34.157986
                ],
                [
                    -117.19118,
                    34.15757
                ],
                [
                    -117.191821,
                    34.158179
                ],
                [
                    -117.192847,
                    34.158166
                ],
                [
                    -117.193587,
                    34.157892
                ],
                [
                    -117.194522,
                    34.157153
                ],
                [
                    -117.194359,
                    34.156581
                ],
                [
                    -117.19442,
                    34.15558
                ],
                [
                    -117.193999,
                    34.155069
                ],
                [
                    -117.194931,
                    34.154953
                ],
                [
                    -117.19516,
                    34.155069
                ],
                [
                    -117.195078,
                    34.157153
                ],
                [
                    -117.195697,
                    34.159236
                ],
                [
                    -117.196095,
                    34.160155
                ],
                [
                    -117.197014,
                    34.16073
                ],
                [
                    -117.19821,
                    34.160432
                ],
                [
                    -117.199372,
                    34.159511
                ],
                [
                    -117.201181,
                    34.158694
                ],
                [
                    -117.203271,
                    34.159243
                ],
                [
                    -117.205347,
                    34.159042
                ],
                [
                    -117.206815,
                    34.158621
                ],
                [
                    -117.207431,
                    34.158253
                ],
                [
                    -117.20865,
                    34.159236
                ],
                [
                    -117.209092,
                    34.161319
                ],
                [
                    -117.208833,
                    34.163403
                ],
                [
                    -117.208091,
                    34.165486
                ],
                [
                    -117.207431,
                    34.166051
                ],
                [
                    -117.205996,
                    34.168218
                ],
                [
                    -117.205347,
                    34.168749
                ],
                [
                    -117.20359,
                    34.169653
                ],
                [
                    -117.202927,
                    34.171399
                ],
                [
                    -117.201164,
                    34.171736
                ],
                [
                    -117.200246,
                    34.173819
                ],
                [
                    -117.20248,
                    34.174604
                ],
                [
                    -117.203652,
                    34.175514
                ],
                [
                    -117.204633,
                    34.175903
                ],
                [
                    -117.204863,
                    34.176387
                ],
                [
                    -117.204786,
                    34.177425
                ],
                [
                    -117.204908,
                    34.177986
                ],
                [
                    -117.20032,
                    34.182153
                ],
                [
                    -117.200514,
                    34.184236
                ],
                [
                    -117.201181,
                    34.184965
                ],
                [
                    -117.203264,
                    34.185513
                ],
                [
                    -117.205053,
                    34.186613
                ],
                [
                    -117.205347,
                    34.186961
                ],
                [
                    -117.20589,
                    34.186862
                ],
                [
                    -117.207431,
                    34.185645
                ],
                [
                    -117.208327,
                    34.185132
                ],
                [
                    -117.210074,
                    34.184796
                ],
                [
                    -117.211634,
                    34.184273
                ],
                [
                    -117.213681,
                    34.1833
                ],
                [
                    -117.214978,
                    34.185021
                ],
                [
                    -117.215764,
                    34.185706
                ],
                [
                    -117.217664,
                    34.184053
                ],
                [
                    -117.218383,
                    34.182689
                ],
                [
                    -117.218737,
                    34.180069
                ],
                [
                    -117.21919,
                    34.179329
                ],
                [
                    -117.219931,
                    34.178819
                ],
                [
                    -117.220934,
                    34.179065
                ],
                [
                    -117.221771,
                    34.180069
                ],
                [
                    -117.222014,
                    34.180944
                ],
                [
                    -117.222551,
                    34.181616
                ],
                [
                    -117.224097,
                    34.181951
                ],
                [
                    -117.225149,
                    34.181121
                ],
                [
                    -117.226181,
                    34.180775
                ],
                [
                    -117.227198,
                    34.181136
                ],
                [
                    -117.228264,
                    34.181794
                ],
                [
                    -117.229808,
                    34.181614
                ],
                [
                    -117.230347,
                    34.181404
                ],
                [
                    -117.231059,
                    34.181441
                ],
                [
                    -117.231569,
                    34.182153
                ],
                [
                    -117.232123,
                    34.18246
                ],
                [
                    -117.232371,
                    34.184296
                ],
                [
                    -117.234514,
                    34.185403
                ],
                [
                    -117.235261,
                    34.185573
                ],
                [
                    -117.236164,
                    34.186319
                ],
                [
                    -117.234514,
                    34.187217
                ],
                [
                    -117.233556,
                    34.187446
                ],
                [
                    -117.228264,
                    34.187991
                ],
                [
                    -117.224097,
                    34.189446
                ],
                [
                    -117.222394,
                    34.190486
                ],
                [
                    -117.222998,
                    34.192569
                ],
                [
                    -117.223572,
                    34.193094
                ],
                [
                    -117.224366,
                    34.194653
                ],
                [
                    -117.223782,
                    34.196421
                ],
                [
                    -117.223174,
                    34.196736
                ],
                [
                    -117.224863,
                    34.198053
                ],
                [
                    -117.225593,
                    34.198819
                ],
                [
                    -117.226181,
                    34.200434
                ],
                [
                    -117.226681,
                    34.200903
                ],
                [
                    -117.228635,
                    34.201274
                ],
                [
                    -117.229748,
                    34.200903
                ],
                [
                    -117.229948,
                    34.200503
                ],
                [
                    -117.229673,
                    34.199494
                ],
                [
                    -117.229781,
                    34.198819
                ],
                [
                    -117.232431,
                    34.197376
                ],
                [
                    -117.234514,
                    34.197492
                ],
                [
                    -117.236597,
                    34.198529
                ],
                [
                    -117.238681,
                    34.196856
                ],
                [
                    -117.240764,
                    34.196698
                ],
                [
                    -117.243448,
                    34.196136
                ],
                [
                    -117.244514,
                    34.196319
                ],
                [
                    -117.244931,
                    34.195683
                ],
                [
                    -117.245024,
                    34.19683
                ],
                [
                    -117.244397,
                    34.197269
                ],
                [
                    -117.243557,
                    34.197446
                ],
                [
                    -117.243655,
                    34.198012
                ],
                [
                    -117.243358,
                    34.198819
                ],
                [
                    -117.243678,
                    34.201733
                ],
                [
                    -117.243139,
                    34.202694
                ],
                [
                    -117.243171,
                    34.202986
                ],
                [
                    -117.244467,
                    34.20345
                ],
                [
                    -117.24526,
                    34.203316
                ],
                [
                    -117.245835,
                    34.202986
                ],
                [
                    -117.247014,
                    34.201513
                ],
                [
                    -117.248303,
                    34.202986
                ],
                [
                    -117.250111,
                    34.204056
                ],
                [
                    -117.251181,
                    34.204337
                ],
                [
                    -117.2537,
                    34.204633
                ],
                [
                    -117.254052,
                    34.205069
                ],
                [
                    -117.255676,
                    34.206266
                ],
                [
                    -117.256215,
                    34.206285
                ],
                [
                    -117.257431,
                    34.207422
                ],
                [
                    -117.257509,
                    34.204991
                ],
                [
                    -117.256288,
                    34.20413
                ],
                [
                    -117.255745,
                    34.202588
                ],
                [
                    -117.255347,
                    34.202255
                ],
                [
                    -117.254387,
                    34.201863
                ],
                [
                    -117.253216,
                    34.200952
                ],
                [
                    -117.254149,
                    34.199704
                ],
                [
                    -117.255288,
                    34.198819
                ],
                [
                    -117.254764,
                    34.197319
                ],
                [
                    -117.254843,
                    34.196232
                ],
                [
                    -117.255357,
                    34.194653
                ],
                [
                    -117.257431,
                    34.193298
                ],
                [
                    -117.259514,
                    34.193884
                ],
                [
                    -117.261597,
                    34.195786
                ],
                [
                    -117.263681,
                    34.195751
                ],
                [
                    -117.265764,
                    34.194112
                ],
                [
                    -117.267847,
                    34.194923
                ],
                [
                    -117.269026,
                    34.195557
                ],
                [
                    -117.270551,
                    34.196736
                ],
                [
                    -117.270224,
                    34.198819
                ],
                [
                    -117.273093,
                    34.201907
                ],
                [
                    -117.274266,
                    34.202817
                ],
                [
                    -117.274266,
                    34.203155
                ],
                [
                    -117.274097,
                    34.2033
                ],
                [
                    -117.272014,
                    34.20446
                ],
                [
                    -117.271769,
                    34.204824
                ],
                [
                    -117.271733,
                    34.207153
                ],
                [
                    -117.271877,
                    34.20729
                ],
                [
                    -117.272216,
                    34.207355
                ],
                [
                    -117.27308,
                    34.207153
                ],
                [
                    -117.273683,
                    34.206739
                ],
                [
                    -117.274555,
                    34.206695
                ],
                [
                    -117.275379,
                    34.206351
                ],
                [
                    -117.278264,
                    34.206284
                ],
                [
                    -117.279716,
                    34.207153
                ],
                [
                    -117.281759,
                    34.207824
                ],
                [
                    -117.282891,
                    34.209236
                ],
                [
                    -117.283773,
                    34.211319
                ],
                [
                    -117.283847,
                    34.211986
                ],
                [
                    -117.284514,
                    34.212581
                ],
                [
                    -117.285273,
                    34.212078
                ],
                [
                    -117.286597,
                    34.21185
                ],
                [
                    -117.289575,
                    34.212215
                ],
                [
                    -117.290457,
                    34.211627
                ],
                [
                    -117.290764,
                    34.211737
                ],
                [
                    -117.290799,
                    34.211319
                ],
                [
                    -117.289067,
                    34.210933
                ],
                [
                    -117.287766,
                    34.210151
                ],
                [
                    -117.287465,
                    34.209236
                ],
                [
                    -117.286077,
                    34.207674
                ],
                [
                    -117.285898,
                    34.205069
                ],
                [
                    -117.285259,
                    34.204325
                ],
                [
                    -117.283942,
                    34.203558
                ],
                [
                    -117.283302,
                    34.202986
                ],
                [
                    -117.282804,
                    34.201276
                ],
                [
                    -117.28271,
                    34.200903
                ],
                [
                    -117.283586,
                    34.199974
                ],
                [
                    -117.285019,
                    34.199325
                ],
                [
                    -117.285639,
                    34.198819
                ],
                [
                    -117.285587,
                    34.196736
                ],
                [
                    -117.285387,
                    34.195862
                ],
                [
                    -117.284378,
                    34.194789
                ],
                [
                    -117.282599,
                    34.194821
                ],
                [
                    -117.282337,
                    34.194653
                ],
                [
                    -117.282431,
                    34.194425
                ],
                [
                    -117.284664,
                    34.194503
                ],
                [
                    -117.286074,
                    34.19413
                ],
                [
                    -117.286597,
                    34.194179
                ],
                [
                    -117.288681,
                    34.193571
                ],
                [
                    -117.290764,
                    34.194245
                ],
                [
                    -117.291412,
                    34.194653
                ],
                [
                    -117.29014,
                    34.196112
                ],
                [
                    -117.289957,
                    34.196736
                ],
                [
                    -117.290208,
                    34.197292
                ],
                [
                    -117.291125,
                    34.198458
                ],
                [
                    -117.291559,
                    34.198819
                ],
                [
                    -117.292847,
                    34.199327
                ],
                [
                    -117.295707,
                    34.200126
                ],
                [
                    -117.297014,
                    34.201885
                ],
                [
                    -117.299097,
                    34.202159
                ],
                [
                    -117.301181,
                    34.201452
                ],
                [
                    -117.301696,
                    34.201419
                ],
                [
                    -117.303264,
                    34.200558
                ],
                [
                    -117.304552,
                    34.201697
                ],
                [
                    -117.306458,
                    34.203959
                ],
                [
                    -117.307431,
                    34.20476
                ],
                [
                    -117.308451,
                    34.204006
                ],
                [
                    -117.309514,
                    34.202778
                ],
                [
                    -117.311564,
                    34.20302
                ],
                [
                    -117.313667,
                    34.202972
                ],
                [
                    -117.315764,
                    34.202351
                ],
                [
                    -117.3167,
                    34.202986
                ],
                [
                    -117.318109,
                    34.204807
                ],
                [
                    -117.318554,
                    34.205069
                ],
                [
                    -117.319931,
                    34.205461
                ],
                [
                    -117.322049,
                    34.205035
                ],
                [
                    -117.324097,
                    34.204861
                ],
                [
                    -117.324557,
                    34.205069
                ],
                [
                    -117.324403,
                    34.205376
                ],
                [
                    -117.324222,
                    34.207277
                ],
                [
                    -117.324209,
                    34.209348
                ],
                [
                    -117.324097,
                    34.209921
                ],
                [
                    -117.323538,
                    34.21076
                ],
                [
                    -117.32064,
                    34.212029
                ],
                [
                    -117.319931,
                    34.212859
                ],
                [
                    -117.316716,
                    34.214355
                ],
                [
                    -117.315764,
                    34.214656
                ],
                [
                    -117.309454,
                    34.215426
                ],
                [
                    -117.309514,
                    34.216632
                ],
                [
                    -117.310347,
                    34.216736
                ],
                [
                    -117.310604,
                    34.216576
                ],
                [
                    -117.311597,
                    34.216601
                ],
                [
                    -117.314953,
                    34.21838
                ],
                [
                    -117.315764,
                    34.218686
                ],
                [
                    -117.316656,
                    34.218762
                ],
                [
                    -117.318014,
                    34.219653
                ],
                [
                    -117.319931,
                    34.220303
                ],
                [
                    -117.320332,
                    34.220055
                ],
                [
                    -117.322014,
                    34.219582
                ],
                [
                    -117.324097,
                    34.219713
                ],
                [
                    -117.326181,
                    34.219413
                ],
                [
                    -117.328264,
                    34.219742
                ],
                [
                    -117.330347,
                    34.220518
                ],
                [
                    -117.332431,
                    34.220601
                ],
                [
                    -117.333191,
                    34.220975
                ],
                [
                    -117.334309,
                    34.221941
                ],
                [
                    -117.336597,
                    34.225872
                ],
                [
                    -117.337483,
                    34.224705
                ],
                [
                    -117.337599,
                    34.223819
                ],
                [
                    -117.338077,
                    34.223216
                ],
                [
                    -117.339426,
                    34.222482
                ],
                [
                    -117.340218,
                    34.221736
                ],
                [
                    -117.340764,
                    34.21998
                ],
                [
                    -117.342847,
                    34.220565
                ],
                [
                    -117.343251,
                    34.219653
                ],
                [
                    -117.343955,
                    34.218677
                ],
                [
                    -117.344931,
                    34.217797
                ],
                [
                    -117.347094,
                    34.21765
                ],
                [
                    -117.348821,
                    34.217846
                ],
                [
                    -117.353264,
                    34.220331
                ],
                [
                    -117.355347,
                    34.220721
                ],
                [
                    -117.357431,
                    34.220731
                ],
                [
                    -117.358056,
                    34.221112
                ],
                [
                    -117.358271,
                    34.221736
                ],
                [
                    -117.359514,
                    34.223828
                ],
                [
                    -117.363681,
                    34.224592
                ],
                [
                    -117.366083,
                    34.225583
                ],
                [
                    -117.366292,
                    34.225903
                ],
                [
                    -117.366198,
                    34.226337
                ],
                [
                    -117.365084,
                    34.227306
                ],
                [
                    -117.363868,
                    34.227986
                ],
                [
                    -117.366649,
                    34.229183
                ],
                [
                    -117.367729,
                    34.230187
                ],
                [
                    -117.368626,
                    34.231375
                ],
                [
                    -117.369284,
                    34.2328
                ],
                [
                    -117.369931,
                    34.235005
                ],
                [
                    -117.370457,
                    34.234762
                ],
                [
                    -117.372453,
                    34.234676
                ],
                [
                    -117.373248,
                    34.234236
                ],
                [
                    -117.373617,
                    34.233756
                ],
                [
                    -117.373534,
                    34.232716
                ],
                [
                    -117.374097,
                    34.230632
                ],
                [
                    -117.374759,
                    34.230732
                ],
                [
                    -117.375857,
                    34.230394
                ],
                [
                    -117.376181,
                    34.230556
                ],
                [
                    -117.376382,
                    34.231951
                ],
                [
                    -117.378139,
                    34.232029
                ],
                [
                    -117.380908,
                    34.233676
                ],
                [
                    -117.382431,
                    34.234191
                ],
                [
                    -117.383706,
                    34.234149
                ],
                [
                    -117.385905,
                    34.234928
                ],
                [
                    -117.386826,
                    34.236091
                ],
                [
                    -117.388045,
                    34.239039
                ],
                [
                    -117.388681,
                    34.239949
                ],
                [
                    -117.389185,
                    34.238907
                ],
                [
                    -117.39013,
                    34.237769
                ],
                [
                    -117.392847,
                    34.237137
                ],
                [
                    -117.395226,
                    34.238108
                ],
                [
                    -117.397014,
                    34.239931
                ],
                [
                    -117.399097,
                    34.23961
                ],
                [
                    -117.399545,
                    34.240039
                ],
                [
                    -117.399919,
                    34.241308
                ],
                [
                    -117.399431,
                    34.242236
                ],
                [
                    -117.401181,
                    34.24255
                ],
                [
                    -117.403037,
                    34.242343
                ],
                [
                    -117.403264,
                    34.242168
                ],
                [
                    -117.403607,
                    34.242227
                ],
                [
                    -117.404582,
                    34.241803
                ],
                [
                    -117.405347,
                    34.241846
                ],
                [
                    -117.405819,
                    34.242097
                ],
                [
                    -117.406732,
                    34.243267
                ],
                [
                    -117.407431,
                    34.245352
                ],
                [
                    -117.407729,
                    34.244952
                ],
                [
                    -117.407717,
                    34.244653
                ],
                [
                    -117.408287,
                    34.243426
                ],
                [
                    -117.409113,
                    34.242169
                ],
                [
                    -117.409514,
                    34.241845
                ],
                [
                    -117.411597,
                    34.242147
                ],
                [
                    -117.413681,
                    34.243192
                ],
                [
                    -117.416314,
                    34.244102
                ],
                [
                    -117.417318,
                    34.245182
                ],
                [
                    -117.422906,
                    34.245844
                ],
                [
                    -117.424636,
                    34.246197
                ],
                [
                    -117.427783,
                    34.247217
                ],
                [
                    -117.428939,
                    34.248144
                ],
                [
                    -117.429765,
                    34.249401
                ],
                [
                    -117.430347,
                    34.249968
                ],
                [
                    -117.432431,
                    34.251649
                ],
                [
                    -117.432892,
                    34.251364
                ],
                [
                    -117.433766,
                    34.251651
                ],
                [
                    -117.435004,
                    34.251393
                ],
                [
                    -117.435508,
                    34.250903
                ],
                [
                    -117.436597,
                    34.248896
                ],
                [
                    -117.437771,
                    34.249729
                ],
                [
                    -117.438681,
                    34.25007
                ],
                [
                    -117.440764,
                    34.250379
                ],
                [
                    -117.4422,
                    34.25155
                ],
                [
                    -117.443573,
                    34.252261
                ],
                [
                    -117.44549,
                    34.252427
                ],
                [
                    -117.446983,
                    34.252986
                ],
                [
                    -117.445695,
                    34.25375
                ],
                [
                    -117.444931,
                    34.253925
                ],
                [
                    -117.442847,
                    34.253906
                ],
                [
                    -117.439097,
                    34.255069
                ],
                [
                    -117.442133,
                    34.255784
                ],
                [
                    -117.442847,
                    34.256195
                ],
                [
                    -117.443604,
                    34.256396
                ],
                [
                    -117.444644,
                    34.257153
                ],
                [
                    -117.443361,
                    34.259236
                ],
                [
                    -117.444931,
                    34.260161
                ],
                [
                    -117.445812,
                    34.260439
                ],
                [
                    -117.446769,
                    34.261319
                ],
                [
                    -117.445687,
                    34.263403
                ],
                [
                    -117.446521,
                    34.263895
                ],
                [
                    -117.447014,
                    34.265069
                ],
                [
                    -117.44743,
                    34.265486
                ],
                [
                    -117.447948,
                    34.267569
                ],
                [
                    -117.447507,
                    34.269653
                ],
                [
                    -117.447321,
                    34.271736
                ],
                [
                    -117.447014,
                    34.272112
                ],
                [
                    -117.446682,
                    34.273488
                ],
                [
                    -117.446605,
                    34.275494
                ],
                [
                    -117.446034,
                    34.277006
                ],
                [
                    -117.444438,
                    34.277986
                ],
                [
                    -117.444474,
                    34.278442
                ],
                [
                    -117.444931,
                    34.279261
                ],
                [
                    -117.447014,
                    34.278915
                ],
                [
                    -117.447969,
                    34.279114
                ],
                [
                    -117.448993,
                    34.280069
                ],
                [
                    -117.44923,
                    34.282153
                ],
                [
                    -117.450034,
                    34.283299
                ],
                [
                    -117.450463,
                    34.284236
                ],
                [
                    -117.450945,
                    34.286319
                ],
                [
                    -117.449757,
                    34.288403
                ],
                [
                    -117.451893,
                    34.289774
                ],
                [
                    -117.453264,
                    34.292491
                ],
                [
                    -117.454107,
                    34.293809
                ],
                [
                    -117.454417,
                    34.294653
                ],
                [
                    -117.454161,
                    34.296736
                ],
                [
                    -117.455103,
                    34.296981
                ],
                [
                    -117.457431,
                    34.297004
                ],
                [
                    -117.45858,
                    34.29767
                ],
                [
                    -117.459437,
                    34.298819
                ],
                [
                    -117.460831,
                    34.299585
                ],
                [
                    -117.461592,
                    34.300908
                ],
                [
                    -117.464181,
                    34.301403
                ],
                [
                    -117.465532,
                    34.301135
                ],
                [
                    -117.465605,
                    34.302827
                ],
                [
                    -117.465764,
                    34.30338
                ],
                [
                    -117.467535,
                    34.302986
                ],
                [
                    -117.466865,
                    34.301884
                ],
                [
                    -117.466701,
                    34.300903
                ],
                [
                    -117.466389,
                    34.300278
                ],
                [
                    -117.465538,
                    34.299045
                ],
                [
                    -117.4656,
                    34.298656
                ],
                [
                    -117.467029,
                    34.298002
                ],
                [
                    -117.469931,
                    34.297179
                ],
                [
                    -117.472014,
                    34.297179
                ],
                [
                    -117.472153,
                    34.296875
                ],
                [
                    -117.472722,
                    34.296736
                ],
                [
                    -117.472153,
                    34.296597
                ],
                [
                    -117.472014,
                    34.296191
                ],
                [
                    -117.469931,
                    34.296264
                ],
                [
                    -117.468621,
                    34.295962
                ],
                [
                    -117.465764,
                    34.295967
                ],
                [
                    -117.465037,
                    34.29538
                ],
                [
                    -117.464372,
                    34.293961
                ],
                [
                    -117.461597,
                    34.293702
                ],
                [
                    -117.460886,
                    34.293281
                ],
                [
                    -117.460568,
                    34.292569
                ],
                [
                    -117.460821,
                    34.291793
                ],
                [
                    -117.461864,
                    34.290753
                ],
                [
                    -117.462599,
                    34.289405
                ],
                [
                    -117.463681,
                    34.288861
                ],
                [
                    -117.465675,
                    34.288403
                ],
                [
                    -117.464184,
                    34.2879
                ],
                [
                    -117.460686,
                    34.287231
                ],
                [
                    -117.45941,
                    34.286423
                ],
                [
                    -117.460341,
                    34.282153
                ],
                [
                    -117.460042,
                    34.280069
                ],
                [
                    -117.460618,
                    34.279091
                ],
                [
                    -117.461597,
                    34.278819
                ],
                [
                    -117.463681,
                    34.279622
                ],
                [
                    -117.4713,
                    34.280784
                ],
                [
                    -117.472946,
                    34.281221
                ],
                [
                    -117.473399,
                    34.282153
                ],
                [
                    -117.47329,
                    34.28296
                ],
                [
                    -117.473993,
                    34.284132
                ],
                [
                    -117.47382,
                    34.284236
                ],
                [
                    -117.474097,
                    34.28428
                ],
                [
                    -117.476197,
                    34.282169
                ],
                [
                    -117.475542,
                    34.280708
                ],
                [
                    -117.474983,
                    34.280069
                ],
                [
                    -117.475781,
                    34.27967
                ],
                [
                    -117.476181,
                    34.279728
                ],
                [
                    -117.477067,
                    34.278872
                ],
                [
                    -117.478264,
                    34.278504
                ],
                [
                    -117.479019,
                    34.278741
                ],
                [
                    -117.479835,
                    34.278499
                ],
                [
                    -117.48007,
                    34.279792
                ],
                [
                    -117.480289,
                    34.280127
                ],
                [
                    -117.481181,
                    34.280069
                ],
                [
                    -117.48066,
                    34.279757
                ],
                [
                    -117.480903,
                    34.278542
                ],
                [
                    -117.480739,
                    34.277986
                ],
                [
                    -117.479835,
                    34.277473
                ],
                [
                    -117.479019,
                    34.277231
                ],
                [
                    -117.478008,
                    34.276159
                ],
                [
                    -117.477965,
                    34.275903
                ],
                [
                    -117.476783,
                    34.275301
                ],
                [
                    -117.476181,
                    34.274453
                ],
                [
                    -117.475791,
                    34.274209
                ],
                [
                    -117.475647,
                    34.273819
                ],
                [
                    -117.473385,
                    34.272448
                ],
                [
                    -117.472929,
                    34.270821
                ],
                [
                    -117.471392,
                    34.270275
                ],
                [
                    -117.47092,
                    34.269653
                ],
                [
                    -117.471318,
                    34.268957
                ],
                [
                    -117.472014,
                    34.268609
                ],
                [
                    -117.472887,
                    34.268779
                ],
                [
                    -117.473665,
                    34.269653
                ],
                [
                    -117.473464,
                    34.270287
                ],
                [
                    -117.474373,
                    34.269928
                ],
                [
                    -117.476076,
                    34.269653
                ],
                [
                    -117.474537,
                    34.269213
                ],
                [
                    -117.474711,
                    34.268184
                ],
                [
                    -117.474493,
                    34.267569
                ],
                [
                    -117.474097,
                    34.267007
                ],
                [
                    -117.473269,
                    34.266314
                ],
                [
                    -117.473027,
                    34.265486
                ],
                [
                    -117.472992,
                    34.263403
                ],
                [
                    -117.473549,
                    34.262854
                ],
                [
                    -117.476316,
                    34.261319
                ],
                [
                    -117.473861,
                    34.259236
                ],
                [
                    -117.473451,
                    34.2578
                ],
                [
                    -117.47329,
                    34.253794
                ],
                [
                    -117.4731,
                    34.252986
                ],
                [
                    -117.47349,
                    34.25238
                ],
                [
                    -117.474097,
                    34.251907
                ],
                [
                    -117.476181,
                    34.251148
                ],
                [
                    -117.478264,
                    34.249982
                ],
                [
                    -117.479604,
                    34.248563
                ],
                [
                    -117.479082,
                    34.248002
                ],
                [
                    -117.474097,
                    34.246226
                ],
                [
                    -117.467847,
                    34.245829
                ],
                [
                    -117.465764,
                    34.246132
                ],
                [
                    -117.462963,
                    34.24537
                ],
                [
                    -117.461704,
                    34.244653
                ],
                [
                    -117.46053,
                    34.243637
                ],
                [
                    -117.459514,
                    34.243306
                ],
                [
                    -117.458781,
                    34.243302
                ],
                [
                    -117.457431,
                    34.242791
                ],
                [
                    -117.456603,
                    34.241314
                ],
                [
                    -117.453395,
                    34.238273
                ],
                [
                    -117.450262,
                    34.236319
                ],
                [
                    -117.448438,
                    34.234895
                ],
                [
                    -117.445746,
                    34.233421
                ],
                [
                    -117.44363,
                    34.231371
                ],
                [
                    -117.442847,
                    34.230938
                ],
                [
                    -117.440764,
                    34.230711
                ],
                [
                    -117.439681,
                    34.230069
                ],
                [
                    -117.437673,
                    34.227986
                ],
                [
                    -117.43615,
                    34.225903
                ],
                [
                    -117.436375,
                    34.223819
                ],
                [
                    -117.435764,
                    34.222569
                ],
                [
                    -117.435301,
                    34.222523
                ],
                [
                    -117.434213,
                    34.222037
                ],
                [
                    -117.432624,
                    34.221929
                ],
                [
                    -117.432248,
                    34.221736
                ],
                [
                    -117.43267,
                    34.221496
                ],
                [
                    -117.434151,
                    34.221373
                ],
                [
                    -117.434514,
                    34.221133
                ],
                [
                    -117.436597,
                    34.220771
                ],
                [
                    -117.438681,
                    34.220665
                ],
                [
                    -117.440764,
                    34.221668
                ],
                [
                    -117.442847,
                    34.220939
                ],
                [
                    -117.444931,
                    34.220919
                ],
                [
                    -117.447014,
                    34.220515
                ],
                [
                    -117.449097,
                    34.221078
                ],
                [
                    -117.451648,
                    34.221269
                ],
                [
                    -117.452115,
                    34.221736
                ],
                [
                    -117.45418,
                    34.222903
                ],
                [
                    -117.459013,
                    34.22432
                ],
                [
                    -117.460167,
                    34.22525
                ],
                [
                    -117.460911,
                    34.226589
                ],
                [
                    -117.462187,
                    34.227986
                ],
                [
                    -117.463681,
                    34.228555
                ],
                [
                    -117.465764,
                    34.229717
                ],
                [
                    -117.46803,
                    34.229886
                ],
                [
                    -117.468112,
                    34.230334
                ],
                [
                    -117.467847,
                    34.230609
                ],
                [
                    -117.466677,
                    34.230983
                ],
                [
                    -117.465788,
                    34.232153
                ],
                [
                    -117.467847,
                    34.233794
                ],
                [
                    -117.471581,
                    34.234668
                ],
                [
                    -117.472981,
                    34.235353
                ],
                [
                    -117.474131,
                    34.236286
                ],
                [
                    -117.475043,
                    34.237457
                ],
                [
                    -117.475521,
                    34.238403
                ],
                [
                    -117.475547,
                    34.239037
                ],
                [
                    -117.476193,
                    34.240498
                ],
                [
                    -117.47837,
                    34.24038
                ],
                [
                    -117.480444,
                    34.240486
                ],
                [
                    -117.480619,
                    34.238674
                ],
                [
                    -117.480516,
                    34.238234
                ],
                [
                    -117.479589,
                    34.237078
                ],
                [
                    -117.479409,
                    34.236319
                ],
                [
                    -117.479702,
                    34.235675
                ],
                [
                    -117.480347,
                    34.235128
                ],
                [
                    -117.482431,
                    34.234977
                ],
                [
                    -117.483307,
                    34.235443
                ],
                [
                    -117.484239,
                    34.236594
                ],
                [
                    -117.485815,
                    34.237102
                ],
                [
                    -117.486597,
                    34.237998
                ],
                [
                    -117.48872,
                    34.238403
                ],
                [
                    -117.489173,
                    34.236813
                ],
                [
                    -117.488999,
                    34.236001
                ],
                [
                    -117.488681,
                    34.235357
                ],
                [
                    -117.488073,
                    34.234843
                ],
                [
                    -117.487933,
                    34.234236
                ],
                [
                    -117.487418,
                    34.233415
                ],
                [
                    -117.486597,
                    34.233114
                ],
                [
                    -117.486038,
                    34.232711
                ],
                [
                    -117.485822,
                    34.232153
                ],
                [
                    -117.486108,
                    34.231664
                ],
                [
                    -117.486597,
                    34.231417
                ],
                [
                    -117.488681,
                    34.231509
                ],
                [
                    -117.489133,
                    34.2317
                ],
                [
                    -117.490035,
                    34.232882
                ],
                [
                    -117.492847,
                    34.232919
                ],
                [
                    -117.495353,
                    34.233813
                ],
                [
                    -117.495622,
                    34.234236
                ],
                [
                    -117.496603,
                    34.234647
                ],
                [
                    -117.497014,
                    34.235237
                ],
                [
                    -117.497842,
                    34.235491
                ],
                [
                    -117.498905,
                    34.236512
                ],
                [
                    -117.499097,
                    34.239415
                ],
                [
                    -117.499248,
                    34.238553
                ],
                [
                    -117.50103,
                    34.238553
                ],
                [
                    -117.501824,
                    34.238403
                ],
                [
                    -117.501375,
                    34.238208
                ],
                [
                    -117.501419,
                    34.236557
                ],
                [
                    -117.501269,
                    34.236231
                ],
                [
                    -117.501354,
                    34.234236
                ],
                [
                    -117.501501,
                    34.233916
                ],
                [
                    -117.501448,
                    34.23242
                ],
                [
                    -117.503158,
                    34.232259
                ],
                [
                    -117.503439,
                    34.231978
                ],
                [
                    -117.503264,
                    34.231681
                ],
                [
                    -117.503177,
                    34.232066
                ],
                [
                    -117.501406,
                    34.231927
                ],
                [
                    -117.499097,
                    34.232062
                ],
                [
                    -117.497368,
                    34.231798
                ],
                [
                    -117.496334,
                    34.231473
                ],
                [
                    -117.494514,
                    34.230487
                ],
                [
                    -117.494097,
                    34.229236
                ],
                [
                    -117.494218,
                    34.228698
                ],
                [
                    -117.492847,
                    34.228049
                ],
                [
                    -117.491443,
                    34.228666
                ],
                [
                    -117.490764,
                    34.228772
                ],
                [
                    -117.488681,
                    34.22825
                ],
                [
                    -117.486597,
                    34.228037
                ],
                [
                    -117.484144,
                    34.225781
                ],
                [
                    -117.482431,
                    34.225213
                ],
                [
                    -117.481206,
                    34.225044
                ],
                [
                    -117.479725,
                    34.224441
                ],
                [
                    -117.478264,
                    34.224224
                ],
                [
                    -117.478,
                    34.224083
                ],
                [
                    -117.477556,
                    34.223111
                ],
                [
                    -117.477593,
                    34.222407
                ],
                [
                    -117.474412,
                    34.221421
                ],
                [
                    -117.47308,
                    34.220669
                ],
                [
                    -117.472014,
                    34.220337
                ],
                [
                    -117.471075,
                    34.219653
                ],
                [
                    -117.470508,
                    34.217569
                ],
                [
                    -117.471247,
                    34.216802
                ],
                [
                    -117.472061,
                    34.215534
                ],
                [
                    -117.472266,
                    34.213655
                ],
                [
                    -117.472014,
                    34.212584
                ],
                [
                    -117.471525,
                    34.212914
                ],
                [
                    -117.469234,
                    34.212707
                ],
                [
                    -117.465589,
                    34.211319
                ],
                [
                    -117.464398,
                    34.210602
                ],
                [
                    -117.463336,
                    34.209236
                ],
                [
                    -117.463681,
                    34.208992
                ],
                [
                    -117.464362,
                    34.207833
                ],
                [
                    -117.46454,
                    34.206293
                ],
                [
                    -117.464387,
                    34.205776
                ],
                [
                    -117.46503,
                    34.205069
                ],
                [
                    -117.463025,
                    34.204414
                ],
                [
                    -117.462287,
                    34.20438
                ],
                [
                    -117.461597,
                    34.203957
                ],
                [
                    -117.460951,
                    34.202986
                ],
                [
                    -117.460836,
                    34.201664
                ],
                [
                    -117.460387,
                    34.200029
                ],
                [
                    -117.459466,
                    34.198819
                ],
                [
                    -117.461597,
                    34.19775
                ],
                [
                    -117.462406,
                    34.197546
                ],
                [
                    -117.463281,
                    34.196736
                ],
                [
                    -117.463246,
                    34.196302
                ],
                [
                    -117.463681,
                    34.195683
                ],
                [
                    -117.463914,
                    34.194653
                ],
                [
                    -117.462913,
                    34.193885
                ],
                [
                    -117.462431,
                    34.19382
                ],
                [
                    -117.462566,
                    34.193538
                ],
                [
                    -117.462079,
                    34.192087
                ],
                [
                    -117.460051,
                    34.189949
                ],
                [
                    -117.458763,
                    34.189154
                ],
                [
                    -117.456163,
                    34.188403
                ],
                [
                    -117.457431,
                    34.187711
                ],
                [
                    -117.458065,
                    34.186954
                ],
                [
                    -117.458258,
                    34.186319
                ],
                [
                    -117.458947,
                    34.185753
                ],
                [
                    -117.459514,
                    34.185545
                ],
                [
                    -117.461597,
                    34.185456
                ],
                [
                    -117.462342,
                    34.185575
                ],
                [
                    -117.463681,
                    34.186114
                ],
                [
                    -117.465101,
                    34.185656
                ],
                [
                    -117.466252,
                    34.184724
                ],
                [
                    -117.467847,
                    34.183987
                ],
                [
                    -117.469931,
                    34.183544
                ],
                [
                    -117.47127,
                    34.183492
                ],
                [
                    -117.472014,
                    34.183306
                ],
                [
                    -117.472725,
                    34.183525
                ],
                [
                    -117.473158,
                    34.183297
                ],
                [
                    -117.475347,
                    34.183403
                ],
                [
                    -117.476181,
                    34.183275
                ],
                [
                    -117.477122,
                    34.184236
                ],
                [
                    -117.478616,
                    34.184588
                ],
                [
                    -117.480347,
                    34.181553
                ],
                [
                    -117.480736,
                    34.181764
                ],
                [
                    -117.480966,
                    34.182153
                ],
                [
                    -117.481845,
                    34.184821
                ],
                [
                    -117.482431,
                    34.184942
                ],
                [
                    -117.484759,
                    34.183833
                ],
                [
                    -117.485924,
                    34.183563
                ],
                [
                    -117.486597,
                    34.183503
                ],
                [
                    -117.488681,
                    34.183832
                ],
                [
                    -117.489389,
                    34.184236
                ],
                [
                    -117.489522,
                    34.185478
                ],
                [
                    -117.490065,
                    34.186319
                ],
                [
                    -117.490764,
                    34.186498
                ],
                [
                    -117.491476,
                    34.184949
                ],
                [
                    -117.492018,
                    34.184236
                ],
                [
                    -117.492847,
                    34.181477
                ],
                [
                    -117.493539,
                    34.180761
                ],
                [
                    -117.494742,
                    34.180259
                ],
                [
                    -117.497014,
                    34.180909
                ],
                [
                    -117.499097,
                    34.183986
                ],
                [
                    -117.50018,
                    34.183235
                ],
                [
                    -117.500843,
                    34.182153
                ],
                [
                    -117.501181,
                    34.181954
                ],
                [
                    -117.501653,
                    34.182153
                ],
                [
                    -117.502523,
                    34.182893
                ],
                [
                    -117.503264,
                    34.183001
                ],
                [
                    -117.505347,
                    34.182217
                ],
                [
                    -117.507431,
                    34.181852
                ],
                [
                    -117.509514,
                    34.182138
                ],
                [
                    -117.512039,
                    34.18171
                ],
                [
                    -117.515089,
                    34.182827
                ],
                [
                    -117.516321,
                    34.18271
                ],
                [
                    -117.517869,
                    34.182131
                ],
                [
                    -117.519371,
                    34.182712
                ],
                [
                    -117.519371,
                    34.183677
                ],
                [
                    -117.519606,
                    34.184236
                ],
                [
                    -117.519471,
                    34.184696
                ],
                [
                    -117.519612,
                    34.186001
                ],
                [
                    -117.519271,
                    34.186319
                ],
                [
                    -117.51972,
                    34.18653
                ],
                [
                    -117.520296,
                    34.186319
                ],
                [
                    -117.521075,
                    34.185382
                ],
                [
                    -117.522014,
                    34.185191
                ],
                [
                    -117.52289,
                    34.185444
                ],
                [
                    -117.524097,
                    34.186072
                ],
                [
                    -117.524834,
                    34.185583
                ],
                [
                    -117.525314,
                    34.185453
                ],
                [
                    -117.525277,
                    34.185139
                ],
                [
                    -117.525623,
                    34.184236
                ],
                [
                    -117.526181,
                    34.183555
                ],
                [
                    -117.527168,
                    34.18314
                ],
                [
                    -117.529269,
                    34.181074
                ],
                [
                    -117.530347,
                    34.180574
                ],
                [
                    -117.535,
                    34.181667
                ],
                [
                    -117.536883,
                    34.182439
                ],
                [
                    -117.538093,
                    34.182741
                ],
                [
                    -117.54026,
                    34.18474
                ],
                [
                    -117.540764,
                    34.186348
                ],
                [
                    -117.541472,
                    34.184236
                ],
                [
                    -117.54214,
                    34.179362
                ],
                [
                    -117.544931,
                    34.177294
                ],
                [
                    -117.54796,
                    34.17704
                ],
                [
                    -117.548458,
                    34.177347
                ],
                [
                    -117.551181,
                    34.177569
                ],
                [
                    -117.551289,
                    34.177986
                ],
                [
                    -117.553264,
                    34.180236
                ],
                [
                    -117.554209,
                    34.178931
                ],
                [
                    -117.555347,
                    34.177869
                ],
                [
                    -117.557199,
                    34.178218
                ],
                [
                    -117.559514,
                    34.178072
                ],
                [
                    -117.560589,
                    34.176978
                ],
                [
                    -117.561771,
                    34.176077
                ],
                [
                    -117.563681,
                    34.175673
                ],
                [
                    -117.56549,
                    34.176176
                ],
                [
                    -117.5668,
                    34.175903
                ],
                [
                    -117.567847,
                    34.175406
                ],
                [
                    -117.56955,
                    34.176283
                ],
                [
                    -117.569931,
                    34.176827
                ],
                [
                    -117.570598,
                    34.177319
                ],
                [
                    -117.571111,
                    34.177986
                ],
                [
                    -117.571119,
                    34.17888
                ],
                [
                    -117.572014,
                    34.179936
                ],
                [
                    -117.5729,
                    34.177986
                ],
                [
                    -117.573095,
                    34.175903
                ],
                [
                    -117.574097,
                    34.173995
                ],
                [
                    -117.575862,
                    34.173501
                ],
                [
                    -117.57649,
                    34.17351
                ],
                [
                    -117.578264,
                    34.174257
                ],
                [
                    -117.580347,
                    34.172822
                ],
                [
                    -117.582874,
                    34.173376
                ],
                [
                    -117.583351,
                    34.173819
                ],
                [
                    -117.584514,
                    34.174424
                ],
                [
                    -117.584987,
                    34.174293
                ],
                [
                    -117.585643,
                    34.173819
                ],
                [
                    -117.586017,
                    34.17324
                ],
                [
                    -117.58717,
                    34.172309
                ],
                [
                    -117.588681,
                    34.171897
                ],
                [
                    -117.590764,
                    34.172439
                ],
                [
                    -117.591681,
                    34.172902
                ],
                [
                    -117.592847,
                    34.174574
                ],
                [
                    -117.593506,
                    34.174479
                ],
                [
                    -117.594106,
                    34.174644
                ],
                [
                    -117.594931,
                    34.174588
                ],
                [
                    -117.597014,
                    34.174008
                ],
                [
                    -117.59717,
                    34.173819
                ],
                [
                    -117.597284,
                    34.173549
                ],
                [
                    -117.596668,
                    34.172082
                ],
                [
                    -117.596703,
                    34.171736
                ],
                [
                    -117.597014,
                    34.171325
                ],
                [
                    -117.598693,
                    34.172141
                ],
                [
                    -117.599097,
                    34.172002
                ],
                [
                    -117.601181,
                    34.172684
                ],
                [
                    -117.605347,
                    34.171663
                ],
                [
                    -117.60656,
                    34.172606
                ],
                [
                    -117.607431,
                    34.173617
                ],
                [
                    -117.609273,
                    34.174061
                ],
                [
                    -117.610126,
                    34.173819
                ],
                [
                    -117.611011,
                    34.173234
                ],
                [
                    -117.61246,
                    34.172599
                ],
                [
                    -117.613681,
                    34.171638
                ],
                [
                    -117.615427,
                    34.172073
                ],
                [
                    -117.617847,
                    34.171516
                ],
                [
                    -117.619931,
                    34.171319
                ],
                [
                    -117.622391,
                    34.17003
                ],
                [
                    -117.62336,
                    34.168915
                ],
                [
                    -117.624097,
                    34.168545
                ],
                [
                    -117.626181,
                    34.168906
                ],
                [
                    -117.626685,
                    34.169149
                ],
                [
                    -117.62713,
                    34.169653
                ],
                [
                    -117.626181,
                    34.17218
                ],
                [
                    -117.624353,
                    34.173819
                ],
                [
                    -117.625096,
                    34.176987
                ],
                [
                    -117.625572,
                    34.177986
                ],
                [
                    -117.625966,
                    34.178201
                ],
                [
                    -117.626807,
                    34.179443
                ],
                [
                    -117.626971,
                    34.180069
                ],
                [
                    -117.62684,
                    34.180729
                ],
                [
                    -117.625721,
                    34.181693
                ],
                [
                    -117.622173,
                    34.182153
                ],
                [
                    -117.623335,
                    34.182916
                ],
                [
                    -117.624097,
                    34.182887
                ],
                [
                    -117.626181,
                    34.183415
                ],
                [
                    -117.627098,
                    34.18307
                ],
                [
                    -117.628264,
                    34.182889
                ],
                [
                    -117.629787,
                    34.182153
                ],
                [
                    -117.632431,
                    34.179829
                ],
                [
                    -117.634038,
                    34.179593
                ],
                [
                    -117.634514,
                    34.179379
                ],
                [
                    -117.635189,
                    34.179395
                ],
                [
                    -117.636285,
                    34.180069
                ],
                [
                    -117.63677,
                    34.180069
                ],
                [
                    -117.637332,
                    34.177986
                ],
                [
                    -117.636171,
                    34.17756
                ],
                [
                    -117.635124,
                    34.177376
                ],
                [
                    -117.633757,
                    34.17666
                ],
                [
                    -117.632431,
                    34.176364
                ],
                [
                    -117.63213,
                    34.175903
                ],
                [
                    -117.632431,
                    34.175491
                ],
                [
                    -117.633715,
                    34.175104
                ],
                [
                    -117.634788,
                    34.174094
                ],
                [
                    -117.637921,
                    34.173061
                ],
                [
                    -117.638681,
                    34.172688
                ],
                [
                    -117.639174,
                    34.172229
                ],
                [
                    -117.642847,
                    34.170681
                ],
                [
                    -117.643772,
                    34.170577
                ],
                [
                    -117.644861,
                    34.169653
                ],
                [
                    -117.64373,
                    34.16877
                ],
                [
                    -117.640764,
                    34.167705
                ],
                [
                    -117.640764,
                    34.167469
                ],
                [
                    -117.642847,
                    34.16706
                ],
                [
                    -117.644931,
                    34.166952
                ],
                [
                    -117.645512,
                    34.166988
                ],
                [
                    -117.646783,
                    34.1678
                ],
                [
                    -117.649343,
                    34.167816
                ],
                [
                    -117.650338,
                    34.167569
                ],
                [
                    -117.651995,
                    34.166301
                ],
                [
                    -117.655347,
                    34.165722
                ],
                [
                    -117.657431,
                    34.16701
                ],
                [
                    -117.659514,
                    34.165881
                ],
                [
                    -117.661597,
                    34.165972
                ],
                [
                    -117.662879,
                    34.164685
                ],
                [
                    -117.663681,
                    34.164169
                ],
                [
                    -117.665764,
                    34.163539
                ],
                [
                    -117.667672,
                    34.163578
                ],
                [
                    -117.668081,
                    34.165486
                ],
                [
                    -117.668812,
                    34.166604
                ],
                [
                    -117.669021,
                    34.167569
                ],
                [
                    -117.669931,
                    34.168414
                ],
                [
                    -117.672043,
                    34.169653
                ],
                [
                    -117.669931,
                    34.170347
                ],
                [
                    -117.669083,
                    34.170889
                ],
                [
                    -117.668229,
                    34.172118
                ],
                [
                    -117.667129,
                    34.173101
                ],
                [
                    -117.666422,
                    34.174477
                ],
                [
                    -117.665764,
                    34.17493
                ],
                [
                    -117.663359,
                    34.175581
                ],
                [
                    -117.663061,
                    34.175903
                ],
                [
                    -117.662921,
                    34.176663
                ],
                [
                    -117.663681,
                    34.177958
                ],
                [
                    -117.665145,
                    34.177368
                ],
                [
                    -117.667847,
                    34.177307
                ],
                [
                    -117.668936,
                    34.176991
                ],
                [
                    -117.669931,
                    34.176458
                ],
                [
                    -117.67048,
                    34.177034
                ],
                [
                    -117.674446,
                    34.180113
                ],
                [
                    -117.665794,
                    34.211411
                ],
                [
                    -117.657196,
                    34.245113
                ],
                [
                    -117.656097,
                    34.250412
                ],
                [
                    -117.648193,
                    34.281513
                ],
                [
                    -117.645599,
                    34.289913
                ],
                [
                    -117.650299,
                    34.339912
                ],
                [
                    -117.651894,
                    34.360413
                ],
                [
                    -117.653198,
                    34.373814
                ],
                [
                    -117.653793,
                    34.383011
                ],
                [
                    -117.657058,
                    34.421934
                ],
                [
                    -117.645269,
                    34.417569
                ],
                [
                    -117.644931,
                    34.417231
                ]
            ]
        ]
    },
    "properties": {
        "@id": "https://api.weather.gov/zones/forecast/CAZ055",
        "@type": "wx:Zone",
        "id": "CAZ055",
        "type": "public",
        "name": "San Bernardino County Mountains",
        "effectiveDate": "2026-04-16T18:00:00+00:00",
        "expirationDate": "2200-01-01T00:00:00+00:00",
        "state": "CA",
        "forecastOffice": "https://api.weather.gov/offices/SGX",
        "gridIdentifier": "SGX",
        "awipsLocationIdentifier": "SGX",
        "cwa": [
            "SGX"
        ],
        "forecastOffices": [
            "https://api.weather.gov/offices/SGX"
        ],
        "timeZone": [
            "America/Los_Angeles"
        ],
        "observationStations": [
            "https://api.weather.gov/stations/AT643",
            "https://api.weather.gov/stations/AU707",
            "https://api.weather.gov/stations/BCNC1",
            "https://api.weather.gov/stations/BNJC1",
            "https://api.weather.gov/stations/BPFC1",
            "https://api.weather.gov/stations/CVEC1",
            "https://api.weather.gov/stations/D1871",
            "https://api.weather.gov/stations/E0585",
            "https://api.weather.gov/stations/E3043",
            "https://api.weather.gov/stations/E3063",
            "https://api.weather.gov/stations/E3172",
            "https://api.weather.gov/stations/E5008",
            "https://api.weather.gov/stations/E9869",
            "https://api.weather.gov/stations/E9874",
            "https://api.weather.gov/stations/E9876",
            "https://api.weather.gov/stations/E9887",
            "https://api.weather.gov/stations/E9931",
            "https://api.weather.gov/stations/E9934",
            "https://api.weather.gov/stations/F0025",
            "https://api.weather.gov/stations/FWSC1",
            "https://api.weather.gov/stations/HHPC1",
            "https://api.weather.gov/stations/KL35",
            "https://api.weather.gov/stations/MNCC1"
        ],
        "radarStation": null
    }
}