{
    "@context": {
        "@version": "1.1"
    },
    "id": "https://api.weather.gov/zones/forecast/CAZ043",
    "type": "Feature",
    "geometry": {
        "type": "Polygon",
        "coordinates": [
            [
                [
                    -117.510581,
                    33.388156
                ],
                [
                    -117.507818,
                    33.384669
                ],
                [
                    -117.504331,
                    33.383763
                ],
                [
                    -117.497615,
                    33.38144
                ],
                [
                    -117.496377,
                    33.381147
                ],
                [
                    -117.48772,
                    33.376551
                ],
                [
                    -117.486729,
                    33.37583
                ],
                [
                    -117.483838,
                    33.373192
                ],
                [
                    -117.479453,
                    33.368142
                ],
                [
                    -117.474403,
                    33.363017
                ],
                [
                    -117.470579,
                    33.362052
                ],
                [
                    -117.459439,
                    33.359664
                ],
                [
                    -117.448922,
                    33.362676
                ],
                [
                    -117.444475,
                    33.363783
                ],
                [
                    -117.438713,
                    33.36743
                ],
                [
                    -117.435481,
                    33.371233
                ],
                [
                    -117.433962,
                    33.376026
                ],
                [
                    -117.297284,
                    33.278685
                ],
                [
                    -117.209478,
                    33.165053
                ],
                [
                    -117.188503,
                    33.105606
                ],
                [
                    -117.171589,
                    33.086544
                ],
                [
                    -117.163319,
                    33.059428
                ],
                [
                    -117.136999,
                    33.022252
                ],
                [
                    -117.121559,
                    32.968917
                ],
                [
                    -117.117775,
                    32.92469
                ],
                [
                    -117.090536,
                    32.880271
                ],
                [
                    -117.080276,
                    32.845005
                ],
                [
                    -117.064592,
                    32.818713
                ],
                [
                    -117.026966,
                    32.757944
                ],
                [
                    -117.011128,
                    32.746978
                ],
                [
                    -116.96821,
                    32.689745
                ],
                [
                    -116.906953,
                    32.578164
                ],
                [
                    -116.887151,
                    32.554826
                ],
                [
                    -116.900997,
                    32.553112
                ],
                [
                    -116.928093,
                    32.550713
                ],
                [
                    -116.945997,
                    32.550012
                ],
                [
                    -116.987497,
                    32.546212
                ],
                [
                    -117.011497,
                    32.543812
                ],
                [
                    -117.028603,
                    32.542332
                ],
                [
                    -117.125462,
                    32.535656
                ],
                [
                    -117.125359,
                    32.538357
                ],
                [
                    -117.12606,
                    32.544056
                ],
                [
                    -117.126961,
                    32.547256
                ],
                [
                    -117.129662,
                    32.554855
                ],
                [
                    -117.129583,
                    32.555057
                ],
                [
                    -117.128189,
                    32.555756
                ],
                [
                    -117.128265,
                    32.554554
                ],
                [
                    -117.127862,
                    32.552856
                ],
                [
                    -117.127062,
                    32.551356
                ],
                [
                    -117.126666,
                    32.551268
                ],
                [
                    -117.126747,
                    32.549622
                ],
                [
                    -117.126309,
                    32.547967
                ],
                [
                    -117.125777,
                    32.548406
                ],
                [
                    -117.126106,
                    32.549355
                ],
                [
                    -117.126068,
                    32.550217
                ],
                [
                    -117.125748,
                    32.550552
                ],
                [
                    -117.125801,
                    32.551184
                ],
                [
                    -117.125162,
                    32.551231
                ],
                [
                    -117.124184,
                    32.549625
                ],
                [
                    -117.124496,
                    32.548786
                ],
                [
                    -117.124146,
                    32.547773
                ],
                [
                    -117.125398,
                    32.547256
                ],
                [
                    -117.12542,
                    32.546906
                ],
                [
                    -117.123405,
                    32.547455
                ],
                [
                    -117.12387,
                    32.548561
                ],
                [
                    -117.123519,
                    32.54953
                ],
                [
                    -117.124641,
                    32.551338
                ],
                [
                    -117.123262,
                    32.551856
                ],
                [
                    -117.122862,
                    32.551456
                ],
                [
                    -117.122559,
                    32.551956
                ],
                [
                    -117.121662,
                    32.551956
                ],
                [
                    -117.119662,
                    32.550756
                ],
                [
                    -117.119287,
                    32.549381
                ],
                [
                    -117.119164,
                    32.54938
                ],
                [
                    -117.119133,
                    32.54797
                ],
                [
                    -117.118347,
                    32.549168
                ],
                [
                    -117.11956,
                    32.551357
                ],
                [
                    -117.120262,
                    32.552056
                ],
                [
                    -117.120862,
                    32.552356
                ],
                [
                    -117.121262,
                    32.552456
                ],
                [
                    -117.123764,
                    32.552258
                ],
                [
                    -117.124562,
                    32.552056
                ],
                [
                    -117.123762,
                    32.553056
                ],
                [
                    -117.123662,
                    32.553756
                ],
                [
                    -117.123962,
                    32.554657
                ],
                [
                    -117.12429,
                    32.554409
                ],
                [
                    -117.124092,
                    32.553547
                ],
                [
                    -117.124329,
                    32.552883
                ],
                [
                    -117.125102,
                    32.552011
                ],
                [
                    -117.125763,
                    32.551956
                ],
                [
                    -117.126862,
                    32.552258
                ],
                [
                    -117.127362,
                    32.553756
                ],
                [
                    -117.127861,
                    32.554558
                ],
                [
                    -117.127562,
                    32.556256
                ],
                [
                    -117.127258,
                    32.556656
                ],
                [
                    -117.125362,
                    32.556456
                ],
                [
                    -117.124862,
                    32.556956
                ],
                [
                    -117.123162,
                    32.556056
                ],
                [
                    -117.123162,
                    32.555156
                ],
                [
                    -117.121162,
                    32.553955
                ],
                [
                    -117.119162,
                    32.554556
                ],
                [
                    -117.117862,
                    32.554656
                ],
                [
                    -117.116066,
                    32.554356
                ],
                [
                    -117.113464,
                    32.553356
                ],
                [
                    -117.110862,
                    32.551956
                ],
                [
                    -117.108055,
                    32.551716
                ],
                [
                    -117.106033,
                    32.553825
                ],
                [
                    -117.109497,
                    32.553497
                ],
                [
                    -117.111526,
                    32.553497
                ],
                [
                    -117.116412,
                    32.555009
                ],
                [
                    -117.119057,
                    32.555042
                ],
                [
                    -117.120842,
                    32.554558
                ],
                [
                    -117.121862,
                    32.555156
                ],
                [
                    -117.122662,
                    32.555856
                ],
                [
                    -117.120962,
                    32.556456
                ],
                [
                    -117.121262,
                    32.556957
                ],
                [
                    -117.123762,
                    32.557156
                ],
                [
                    -117.123162,
                    32.557656
                ],
                [
                    -117.12426,
                    32.557358
                ],
                [
                    -117.12706,
                    32.557358
                ],
                [
                    -117.127262,
                    32.556856
                ],
                [
                    -117.129662,
                    32.557358
                ],
                [
                    -117.129263,
                    32.558056
                ],
                [
                    -117.127762,
                    32.558456
                ],
                [
                    -117.125465,
                    32.557655
                ],
                [
                    -117.123459,
                    32.558056
                ],
                [
                    -117.119263,
                    32.557755
                ],
                [
                    -117.119164,
                    32.558357
                ],
                [
                    -117.123662,
                    32.558456
                ],
                [
                    -117.123665,
                    32.558857
                ],
                [
                    -117.126823,
                    32.558698
                ],
                [
                    -117.126479,
                    32.559752
                ],
                [
                    -117.12586,
                    32.563962
                ],
                [
                    -117.126793,
                    32.564003
                ],
                [
                    -117.127182,
                    32.560982
                ],
                [
                    -117.127662,
                    32.558656
                ],
                [
                    -117.12908,
                    32.558854
                ],
                [
                    -117.130163,
                    32.559856
                ],
                [
                    -117.130165,
                    32.559556
                ],
                [
                    -117.130563,
                    32.559556
                ],
                [
                    -117.129715,
                    32.558376
                ],
                [
                    -117.130264,
                    32.557755
                ],
                [
                    -117.129364,
                    32.556854
                ],
                [
                    -117.128609,
                    32.556416
                ],
                [
                    -117.129701,
                    32.555586
                ],
                [
                    -117.131863,
                    32.557656
                ],
                [
                    -117.133659,
                    32.565254
                ],
                [
                    -117.13356,
                    32.568954
                ],
                [
                    -117.133663,
                    32.571155
                ],
                [
                    -117.133362,
                    32.573956
                ],
                [
                    -117.133324,
                    32.579006
                ],
                [
                    -117.133063,
                    32.579655
                ],
                [
                    -117.133306,
                    32.580455
                ],
                [
                    -117.133263,
                    32.584053
                ],
                [
                    -117.132763,
                    32.591955
                ],
                [
                    -117.132963,
                    32.597054
                ],
                [
                    -117.133963,
                    32.603154
                ],
                [
                    -117.134163,
                    32.606155
                ],
                [
                    -117.13456,
                    32.609055
                ],
                [
                    -117.135262,
                    32.611454
                ],
                [
                    -117.135262,
                    32.612053
                ],
                [
                    -117.136664,
                    32.618754
                ],
                [
                    -117.138062,
                    32.623356
                ],
                [
                    -117.139464,
                    32.627054
                ],
                [
                    -117.141164,
                    32.629553
                ],
                [
                    -117.141861,
                    32.630154
                ],
                [
                    -117.142662,
                    32.632252
                ],
                [
                    -117.145264,
                    32.637054
                ],
                [
                    -117.151665,
                    32.647953
                ],
                [
                    -117.154465,
                    32.651554
                ],
                [
                    -117.159865,
                    32.660652
                ],
                [
                    -117.161565,
                    32.661052
                ],
                [
                    -117.165962,
                    32.666954
                ],
                [
                    -117.165966,
                    32.668652
                ],
                [
                    -117.168866,
                    32.671952
                ],
                [
                    -117.169766,
                    32.672752
                ],
                [
                    -117.173065,
                    32.675652
                ],
                [
                    -117.176766,
                    32.678452
                ],
                [
                    -117.177666,
                    32.678952
                ],
                [
                    -117.179466,
                    32.678552
                ],
                [
                    -117.180664,
                    32.678951
                ],
                [
                    -117.180266,
                    32.679352
                ],
                [
                    -117.179266,
                    32.679152
                ],
                [
                    -117.178963,
                    32.679653
                ],
                [
                    -117.180366,
                    32.681652
                ],
                [
                    -117.189468,
                    32.686352
                ],
                [
                    -117.192963,
                    32.687752
                ],
                [
                    -117.196767,
                    32.688851
                ],
                [
                    -117.204867,
                    32.688851
                ],
                [
                    -117.213066,
                    32.687752
                ],
                [
                    -117.218568,
                    32.685951
                ],
                [
                    -117.222168,
                    32.684251
                ],
                [
                    -117.223868,
                    32.683053
                ],
                [
                    -117.223768,
                    32.685051
                ],
                [
                    -117.227268,
                    32.686351
                ],
                [
                    -117.228368,
                    32.687251
                ],
                [
                    -117.227568,
                    32.697551
                ],
                [
                    -117.226468,
                    32.701651
                ],
                [
                    -117.223668,
                    32.705551
                ],
                [
                    -117.217468,
                    32.711349
                ],
                [
                    -117.214165,
                    32.713051
                ],
                [
                    -117.20697,
                    32.715549
                ],
                [
                    -117.202468,
                    32.716151
                ],
                [
                    -117.199567,
                    32.716251
                ],
                [
                    -117.196587,
                    32.715786
                ],
                [
                    -117.196,
                    32.716095
                ],
                [
                    -117.193605,
                    32.716139
                ],
                [
                    -117.191696,
                    32.715683
                ],
                [
                    -117.191003,
                    32.71523
                ],
                [
                    -117.1903,
                    32.714199
                ],
                [
                    -117.187367,
                    32.712551
                ],
                [
                    -117.187067,
                    32.711351
                ],
                [
                    -117.189674,
                    32.706932
                ],
                [
                    -117.190367,
                    32.707451
                ],
                [
                    -117.189163,
                    32.711349
                ],
                [
                    -117.188467,
                    32.711651
                ],
                [
                    -117.189867,
                    32.712651
                ],
                [
                    -117.190269,
                    32.71225
                ],
                [
                    -117.190269,
                    32.711552
                ],
                [
                    -117.190468,
                    32.711349
                ],
                [
                    -117.190369,
                    32.711151
                ],
                [
                    -117.190867,
                    32.710251
                ],
                [
                    -117.190667,
                    32.708951
                ],
                [
                    -117.191368,
                    32.70665
                ],
                [
                    -117.18087,
                    32.70335
                ],
                [
                    -117.181267,
                    32.703051
                ],
                [
                    -117.179268,
                    32.702049
                ],
                [
                    -117.175865,
                    32.70105
                ],
                [
                    -117.174366,
                    32.700851
                ],
                [
                    -117.173166,
                    32.700351
                ],
                [
                    -117.171266,
                    32.700051
                ],
                [
                    -117.170868,
                    32.69915
                ],
                [
                    -117.169566,
                    32.698951
                ],
                [
                    -117.168666,
                    32.698551
                ],
                [
                    -117.168266,
                    32.69915
                ],
                [
                    -117.168167,
                    32.698349
                ],
                [
                    -117.16787,
                    32.698549
                ],
                [
                    -117.167866,
                    32.698251
                ],
                [
                    -117.166367,
                    32.69725
                ],
                [
                    -117.165268,
                    32.69595
                ],
                [
                    -117.164066,
                    32.693651
                ],
                [
                    -117.163966,
                    32.693051
                ],
                [
                    -117.165666,
                    32.690152
                ],
                [
                    -117.165866,
                    32.689552
                ],
                [
                    -117.165169,
                    32.688152
                ],
                [
                    -117.165666,
                    32.686952
                ],
                [
                    -117.166367,
                    32.686153
                ],
                [
                    -117.167168,
                    32.679852
                ],
                [
                    -117.169266,
                    32.679352
                ],
                [
                    -117.170066,
                    32.679852
                ],
                [
                    -117.170866,
                    32.681252
                ],
                [
                    -117.171867,
                    32.682453
                ],
                [
                    -117.174366,
                    32.682152
                ],
                [
                    -117.175163,
                    32.681442
                ],
                [
                    -117.174568,
                    32.680252
                ],
                [
                    -117.173637,
                    32.679253
                ],
                [
                    -117.171973,
                    32.678107
                ],
                [
                    -117.16865,
                    32.675417
                ],
                [
                    -117.165665,
                    32.674751
                ],
                [
                    -117.162766,
                    32.676651
                ],
                [
                    -117.163864,
                    32.677452
                ],
                [
                    -117.162964,
                    32.678051
                ],
                [
                    -117.162766,
                    32.678652
                ],
                [
                    -117.162262,
                    32.678654
                ],
                [
                    -117.161865,
                    32.679152
                ],
                [
                    -117.161362,
                    32.679352
                ],
                [
                    -117.160165,
                    32.680251
                ],
                [
                    -117.159363,
                    32.679352
                ],
                [
                    -117.157594,
                    32.680736
                ],
                [
                    -117.157367,
                    32.680727
                ],
                [
                    -117.153965,
                    32.678152
                ],
                [
                    -117.160365,
                    32.671752
                ],
                [
                    -117.160365,
                    32.669352
                ],
                [
                    -117.160965,
                    32.668352
                ],
                [
                    -117.160065,
                    32.667652
                ],
                [
                    -117.158465,
                    32.665452
                ],
                [
                    -117.158565,
                    32.665052
                ],
                [
                    -117.157768,
                    32.66415
                ],
                [
                    -117.152466,
                    32.656853
                ],
                [
                    -117.151365,
                    32.656253
                ],
                [
                    -117.148666,
                    32.656353
                ],
                [
                    -117.147568,
                    32.654755
                ],
                [
                    -117.148065,
                    32.654453
                ],
                [
                    -117.149765,
                    32.651853
                ],
                [
                    -117.149065,
                    32.650953
                ],
                [
                    -117.146567,
                    32.652252
                ],
                [
                    -117.145668,
                    32.651752
                ],
                [
                    -117.138664,
                    32.638554
                ],
                [
                    -117.138764,
                    32.638153
                ],
                [
                    -117.140364,
                    32.637853
                ],
                [
                    -117.141167,
                    32.637054
                ],
                [
                    -117.140366,
                    32.635853
                ],
                [
                    -117.139764,
                    32.635952
                ],
                [
                    -117.139964,
                    32.634953
                ],
                [
                    -117.139864,
                    32.633553
                ],
                [
                    -117.138964,
                    32.632353
                ],
                [
                    -117.138764,
                    32.631153
                ],
                [
                    -117.138164,
                    32.630553
                ],
                [
                    -117.137764,
                    32.630553
                ],
                [
                    -117.133164,
                    32.633053
                ],
                [
                    -117.131767,
                    32.631454
                ],
                [
                    -117.136063,
                    32.630955
                ],
                [
                    -117.137268,
                    32.630154
                ],
                [
                    -117.136467,
                    32.629852
                ],
                [
                    -117.135864,
                    32.629951
                ],
                [
                    -117.135964,
                    32.626654
                ],
                [
                    -117.135361,
                    32.626553
                ],
                [
                    -117.135262,
                    32.629852
                ],
                [
                    -117.133461,
                    32.629852
                ],
                [
                    -117.131364,
                    32.630554
                ],
                [
                    -117.130966,
                    32.629754
                ],
                [
                    -117.134468,
                    32.629253
                ],
                [
                    -117.134464,
                    32.628954
                ],
                [
                    -117.131665,
                    32.629253
                ],
                [
                    -117.132263,
                    32.628056
                ],
                [
                    -117.132964,
                    32.627954
                ],
                [
                    -117.133064,
                    32.628254
                ],
                [
                    -117.134567,
                    32.628155
                ],
                [
                    -117.134567,
                    32.627853
                ],
                [
                    -117.133264,
                    32.627952
                ],
                [
                    -117.133264,
                    32.627155
                ],
                [
                    -117.134564,
                    32.626954
                ],
                [
                    -117.134567,
                    32.626656
                ],
                [
                    -117.132964,
                    32.626654
                ],
                [
                    -117.132964,
                    32.627052
                ],
                [
                    -117.132164,
                    32.627054
                ],
                [
                    -117.132264,
                    32.626554
                ],
                [
                    -117.132065,
                    32.625854
                ],
                [
                    -117.134764,
                    32.625654
                ],
                [
                    -117.135262,
                    32.625854
                ],
                [
                    -117.135361,
                    32.626053
                ],
                [
                    -117.135864,
                    32.626053
                ],
                [
                    -117.135567,
                    32.625652
                ],
                [
                    -117.135064,
                    32.625354
                ],
                [
                    -117.134064,
                    32.625254
                ],
                [
                    -117.133764,
                    32.623154
                ],
                [
                    -117.133263,
                    32.623352
                ],
                [
                    -117.133461,
                    32.625354
                ],
                [
                    -117.131966,
                    32.625454
                ],
                [
                    -117.132264,
                    32.624654
                ],
                [
                    -117.131668,
                    32.623753
                ],
                [
                    -117.130859,
                    32.624153
                ],
                [
                    -117.130864,
                    32.627453
                ],
                [
                    -117.129963,
                    32.627554
                ],
                [
                    -117.128763,
                    32.622055
                ],
                [
                    -117.130063,
                    32.622154
                ],
                [
                    -117.130867,
                    32.623653
                ],
                [
                    -117.131668,
                    32.623356
                ],
                [
                    -117.131065,
                    32.621754
                ],
                [
                    -117.132163,
                    32.620854
                ],
                [
                    -117.132764,
                    32.621754
                ],
                [
                    -117.133064,
                    32.622555
                ],
                [
                    -117.133568,
                    32.622456
                ],
                [
                    -117.133163,
                    32.621452
                ],
                [
                    -117.132564,
                    32.620554
                ],
                [
                    -117.133264,
                    32.619854
                ],
                [
                    -117.133464,
                    32.618954
                ],
                [
                    -117.133064,
                    32.619053
                ],
                [
                    -117.132764,
                    32.619654
                ],
                [
                    -117.130562,
                    32.621452
                ],
                [
                    -117.129763,
                    32.621054
                ],
                [
                    -117.130264,
                    32.620255
                ],
                [
                    -117.131165,
                    32.619854
                ],
                [
                    -117.132164,
                    32.618954
                ],
                [
                    -117.132065,
                    32.618652
                ],
                [
                    -117.130562,
                    32.619854
                ],
                [
                    -117.129863,
                    32.619454
                ],
                [
                    -117.131363,
                    32.618154
                ],
                [
                    -117.131163,
                    32.617954
                ],
                [
                    -117.129263,
                    32.619654
                ],
                [
                    -117.129562,
                    32.620155
                ],
                [
                    -117.129063,
                    32.620654
                ],
                [
                    -117.128663,
                    32.620453
                ],
                [
                    -117.128265,
                    32.619656
                ],
                [
                    -117.128963,
                    32.618354
                ],
                [
                    -117.132363,
                    32.615654
                ],
                [
                    -117.132363,
                    32.614954
                ],
                [
                    -117.132763,
                    32.614554
                ],
                [
                    -117.133363,
                    32.612254
                ],
                [
                    -117.132965,
                    32.610252
                ],
                [
                    -117.130165,
                    32.606953
                ],
                [
                    -117.127365,
                    32.605953
                ],
                [
                    -117.125862,
                    32.605053
                ],
                [
                    -117.124763,
                    32.604954
                ],
                [
                    -117.123764,
                    32.604652
                ],
                [
                    -117.123063,
                    32.604054
                ],
                [
                    -117.122566,
                    32.602352
                ],
                [
                    -117.123063,
                    32.600754
                ],
                [
                    -117.121463,
                    32.597255
                ],
                [
                    -117.121666,
                    32.593754
                ],
                [
                    -117.121463,
                    32.592855
                ],
                [
                    -117.120363,
                    32.592155
                ],
                [
                    -117.118663,
                    32.591955
                ],
                [
                    -117.117862,
                    32.592055
                ],
                [
                    -117.114166,
                    32.590855
                ],
                [
                    -117.112366,
                    32.589653
                ],
                [
                    -117.110062,
                    32.589655
                ],
                [
                    -117.108459,
                    32.588654
                ],
                [
                    -117.106753,
                    32.588465
                ],
                [
                    -117.098821,
                    32.594402
                ],
                [
                    -117.099201,
                    32.59466
                ],
                [
                    -117.098686,
                    32.595039
                ],
                [
                    -117.098572,
                    32.600075
                ],
                [
                    -117.097641,
                    32.600124
                ],
                [
                    -117.097464,
                    32.604458
                ],
                [
                    -117.100563,
                    32.604737
                ],
                [
                    -117.100563,
                    32.604855
                ],
                [
                    -117.101364,
                    32.604256
                ],
                [
                    -117.103362,
                    32.604054
                ],
                [
                    -117.105263,
                    32.602955
                ],
                [
                    -117.108459,
                    32.603855
                ],
                [
                    -117.116463,
                    32.606565
                ],
                [
                    -117.118561,
                    32.60627
                ],
                [
                    -117.12056,
                    32.61898
                ],
                [
                    -117.131964,
                    32.676352
                ],
                [
                    -117.135963,
                    32.678951
                ],
                [
                    -117.130562,
                    32.679352
                ],
                [
                    -117.125061,
                    32.679352
                ],
                [
                    -117.126464,
                    32.681552
                ],
                [
                    -117.127964,
                    32.683152
                ],
                [
                    -117.128662,
                    32.684143
                ],
                [
                    -117.132514,
                    32.681805
                ],
                [
                    -117.135162,
                    32.684452
                ],
                [
                    -117.132362,
                    32.68605
                ],
                [
                    -117.133963,
                    32.687351
                ],
                [
                    -117.129064,
                    32.687652
                ],
                [
                    -117.129164,
                    32.688352
                ],
                [
                    -117.134666,
                    32.688152
                ],
                [
                    -117.138665,
                    32.686952
                ],
                [
                    -117.139464,
                    32.687352
                ],
                [
                    -117.136265,
                    32.688852
                ],
                [
                    -117.136765,
                    32.689252
                ],
                [
                    -117.139465,
                    32.690652
                ],
                [
                    -117.139862,
                    32.690754
                ],
                [
                    -117.141967,
                    32.690354
                ],
                [
                    -117.142662,
                    32.691051
                ],
                [
                    -117.143065,
                    32.691152
                ],
                [
                    -117.142865,
                    32.691852
                ],
                [
                    -117.144363,
                    32.692951
                ],
                [
                    -117.145565,
                    32.693052
                ],
                [
                    -117.146461,
                    32.693451
                ],
                [
                    -117.147163,
                    32.694054
                ],
                [
                    -117.147865,
                    32.694352
                ],
                [
                    -117.148565,
                    32.694952
                ],
                [
                    -117.152165,
                    32.697251
                ],
                [
                    -117.152372,
                    32.697551
                ],
                [
                    -117.153694,
                    32.696854
                ],
                [
                    -117.160551,
                    32.701365
                ],
                [
                    -117.157995,
                    32.70216
                ],
                [
                    -117.160466,
                    32.703651
                ],
                [
                    -117.163598,
                    32.705865
                ],
                [
                    -117.164162,
                    32.705723
                ],
                [
                    -117.164363,
                    32.705523
                ],
                [
                    -117.163889,
                    32.705164
                ],
                [
                    -117.164886,
                    32.70438
                ],
                [
                    -117.16664,
                    32.705497
                ],
                [
                    -117.167351,
                    32.706215
                ],
                [
                    -117.167351,
                    32.706482
                ],
                [
                    -117.167021,
                    32.70668
                ],
                [
                    -117.166749,
                    32.706707
                ],
                [
                    -117.165092,
                    32.705669
                ],
                [
                    -117.16449,
                    32.706135
                ],
                [
                    -117.164395,
                    32.706425
                ],
                [
                    -117.167564,
                    32.708652
                ],
                [
                    -117.168938,
                    32.708569
                ],
                [
                    -117.168822,
                    32.708132
                ],
                [
                    -117.167732,
                    32.707386
                ],
                [
                    -117.167717,
                    32.707161
                ],
                [
                    -117.168,
                    32.707001
                ],
                [
                    -117.168411,
                    32.707014
                ],
                [
                    -117.169613,
                    32.707986
                ],
                [
                    -117.169739,
                    32.708519
                ],
                [
                    -117.170868,
                    32.70845
                ],
                [
                    -117.171266,
                    32.707551
                ],
                [
                    -117.171566,
                    32.707851
                ],
                [
                    -117.172066,
                    32.707851
                ],
                [
                    -117.171463,
                    32.708752
                ],
                [
                    -117.172264,
                    32.70945
                ],
                [
                    -117.173466,
                    32.712451
                ],
                [
                    -117.175766,
                    32.711552
                ],
                [
                    -117.175865,
                    32.71175
                ],
                [
                    -117.175666,
                    32.711951
                ],
                [
                    -117.175865,
                    32.712951
                ],
                [
                    -117.174866,
                    32.713249
                ],
                [
                    -117.173666,
                    32.712851
                ],
                [
                    -117.173666,
                    32.714251
                ],
                [
                    -117.177067,
                    32.714352
                ],
                [
                    -117.176964,
                    32.715151
                ],
                [
                    -117.173666,
                    32.714951
                ],
                [
                    -117.173666,
                    32.715551
                ],
                [
                    -117.176964,
                    32.715551
                ],
                [
                    -117.176964,
                    32.716251
                ],
                [
                    -117.176636,
                    32.716251
                ],
                [
                    -117.176747,
                    32.716951
                ],
                [
                    -117.176865,
                    32.716951
                ],
                [
                    -117.176865,
                    32.718151
                ],
                [
                    -117.173666,
                    32.718151
                ],
                [
                    -117.173566,
                    32.720151
                ],
                [
                    -117.174467,
                    32.72585
                ],
                [
                    -117.175865,
                    32.72715
                ],
                [
                    -117.177567,
                    32.72735
                ],
                [
                    -117.179967,
                    32.72735
                ],
                [
                    -117.180247,
                    32.725851
                ],
                [
                    -117.180867,
                    32.72585
                ],
                [
                    -117.185493,
                    32.726601
                ],
                [
                    -117.185066,
                    32.728352
                ],
                [
                    -117.186569,
                    32.728451
                ],
                [
                    -117.188467,
                    32.72735
                ],
                [
                    -117.195367,
                    32.72775
                ],
                [
                    -117.195969,
                    32.726849
                ],
                [
                    -117.195869,
                    32.72625
                ],
                [
                    -117.188568,
                    32.724548
                ],
                [
                    -117.188469,
                    32.72405
                ],
                [
                    -117.189067,
                    32.72395
                ],
                [
                    -117.197667,
                    32.72535
                ],
                [
                    -117.205768,
                    32.72545
                ],
                [
                    -117.213369,
                    32.724652
                ],
                [
                    -117.213468,
                    32.72535
                ],
                [
                    -117.205666,
                    32.72625
                ],
                [
                    -117.198568,
                    32.72655
                ],
                [
                    -117.197667,
                    32.72735
                ],
                [
                    -117.198868,
                    32.72905
                ],
                [
                    -117.205268,
                    32.72925
                ],
                [
                    -117.209564,
                    32.728951
                ],
                [
                    -117.21347,
                    32.728352
                ],
                [
                    -117.213939,
                    32.728619
                ],
                [
                    -117.215271,
                    32.728344
                ],
                [
                    -117.21537,
                    32.727383
                ],
                [
                    -117.215157,
                    32.721745
                ],
                [
                    -117.218568,
                    32.72215
                ],
                [
                    -117.221169,
                    32.723351
                ],
                [
                    -117.221768,
                    32.72375
                ],
                [
                    -117.221968,
                    32.72415
                ],
                [
                    -117.222565,
                    32.724651
                ],
                [
                    -117.223869,
                    32.725052
                ],
                [
                    -117.226166,
                    32.725151
                ],
                [
                    -117.226969,
                    32.72495
                ],
                [
                    -117.227769,
                    32.72355
                ],
                [
                    -117.227769,
                    32.72205
                ],
                [
                    -117.227969,
                    32.72205
                ],
                [
                    -117.228069,
                    32.72155
                ],
                [
                    -117.226269,
                    32.72035
                ],
                [
                    -117.22287,
                    32.718449
                ],
                [
                    -117.221168,
                    32.71995
                ],
                [
                    -117.220771,
                    32.71995
                ],
                [
                    -117.220468,
                    32.71935
                ],
                [
                    -117.220772,
                    32.71875
                ],
                [
                    -117.222168,
                    32.717251
                ],
                [
                    -117.229568,
                    32.711151
                ],
                [
                    -117.232469,
                    32.708351
                ],
                [
                    -117.234268,
                    32.707851
                ],
                [
                    -117.234969,
                    32.708251
                ],
                [
                    -117.234169,
                    32.70925
                ],
                [
                    -117.232666,
                    32.70945
                ],
                [
                    -117.231369,
                    32.71065
                ],
                [
                    -117.229866,
                    32.712452
                ],
                [
                    -117.223568,
                    32.71735
                ],
                [
                    -117.223668,
                    32.71815
                ],
                [
                    -117.227669,
                    32.72025
                ],
                [
                    -117.22847,
                    32.719551
                ],
                [
                    -117.22937,
                    32.71825
                ],
                [
                    -117.230869,
                    32.71885
                ],
                [
                    -117.233871,
                    32.71825
                ],
                [
                    -117.234772,
                    32.71735
                ],
                [
                    -117.236469,
                    32.71465
                ],
                [
                    -117.236169,
                    32.71435
                ],
                [
                    -117.235771,
                    32.714249
                ],
                [
                    -117.23387,
                    32.715549
                ],
                [
                    -117.233269,
                    32.715549
                ],
                [
                    -117.23317,
                    32.715149
                ],
                [
                    -117.233669,
                    32.71445
                ],
                [
                    -117.236069,
                    32.71315
                ],
                [
                    -117.236469,
                    32.71215
                ],
                [
                    -117.237169,
                    32.71155
                ],
                [
                    -117.236969,
                    32.710549
                ],
                [
                    -117.237269,
                    32.70965
                ],
                [
                    -117.237269,
                    32.706651
                ],
                [
                    -117.236369,
                    32.704451
                ],
                [
                    -117.236369,
                    32.704151
                ],
                [
                    -117.239571,
                    32.69915
                ],
                [
                    -117.240169,
                    32.696651
                ],
                [
                    -117.239869,
                    32.693251
                ],
                [
                    -117.239471,
                    32.692753
                ],
                [
                    -117.23967,
                    32.69215
                ],
                [
                    -117.239372,
                    32.691151
                ],
                [
                    -117.239471,
                    32.689949
                ],
                [
                    -117.238169,
                    32.687651
                ],
                [
                    -117.235369,
                    32.685351
                ],
                [
                    -117.233969,
                    32.686251
                ],
                [
                    -117.233668,
                    32.686251
                ],
                [
                    -117.233269,
                    32.685951
                ],
                [
                    -117.236572,
                    32.68375
                ],
                [
                    -117.237969,
                    32.682351
                ],
                [
                    -117.238571,
                    32.681049
                ],
                [
                    -117.237969,
                    32.678851
                ],
                [
                    -117.238069,
                    32.677251
                ],
                [
                    -117.237269,
                    32.675451
                ],
                [
                    -117.237069,
                    32.673151
                ],
                [
                    -117.236268,
                    32.671352
                ],
                [
                    -117.237671,
                    32.669754
                ],
                [
                    -117.237268,
                    32.668252
                ],
                [
                    -117.238068,
                    32.666752
                ],
                [
                    -117.239471,
                    32.665852
                ],
                [
                    -117.24317,
                    32.664853
                ],
                [
                    -117.244169,
                    32.665552
                ],
                [
                    -117.245269,
                    32.666652
                ],
                [
                    -117.245769,
                    32.668152
                ],
                [
                    -117.245369,
                    32.668752
                ],
                [
                    -117.246069,
                    32.669352
                ],
                [
                    -117.245969,
                    32.670152
                ],
                [
                    -117.246069,
                    32.671351
                ],
                [
                    -117.245869,
                    32.672351
                ],
                [
                    -117.246169,
                    32.672651
                ],
                [
                    -117.245969,
                    32.672851
                ],
                [
                    -117.245869,
                    32.673451
                ],
                [
                    -117.246169,
                    32.673551
                ],
                [
                    -117.245969,
                    32.673951
                ],
                [
                    -117.246469,
                    32.674051
                ],
                [
                    -117.247169,
                    32.675151
                ],
                [
                    -117.247669,
                    32.676651
                ],
                [
                    -117.247467,
                    32.677052
                ],
                [
                    -117.248069,
                    32.677651
                ],
                [
                    -117.248367,
                    32.678352
                ],
                [
                    -117.248565,
                    32.679252
                ],
                [
                    -117.247869,
                    32.679351
                ],
                [
                    -117.247869,
                    32.679751
                ],
                [
                    -117.248568,
                    32.679651
                ],
                [
                    -117.249267,
                    32.68015
                ],
                [
                    -117.248769,
                    32.681151
                ],
                [
                    -117.249367,
                    32.681252
                ],
                [
                    -117.249466,
                    32.68185
                ],
                [
                    -117.248869,
                    32.682351
                ],
                [
                    -117.249466,
                    32.682953
                ],
                [
                    -117.250365,
                    32.682752
                ],
                [
                    -117.249969,
                    32.683051
                ],
                [
                    -117.250465,
                    32.683651
                ],
                [
                    -117.250267,
                    32.684853
                ],
                [
                    -117.250769,
                    32.686251
                ],
                [
                    -117.250168,
                    32.688751
                ],
                [
                    -117.250366,
                    32.689552
                ],
                [
                    -117.251569,
                    32.691051
                ],
                [
                    -117.253067,
                    32.692451
                ],
                [
                    -117.252769,
                    32.693351
                ],
                [
                    -117.253369,
                    32.694751
                ],
                [
                    -117.253967,
                    32.695152
                ],
                [
                    -117.254166,
                    32.697453
                ],
                [
                    -117.254768,
                    32.698952
                ],
                [
                    -117.255669,
                    32.699551
                ],
                [
                    -117.255169,
                    32.700051
                ],
                [
                    -117.255269,
                    32.703251
                ],
                [
                    -117.255867,
                    32.70385
                ],
                [
                    -117.255669,
                    32.704552
                ],
                [
                    -117.255768,
                    32.70665
                ],
                [
                    -117.25537,
                    32.70825
                ],
                [
                    -117.255569,
                    32.710251
                ],
                [
                    -117.25607,
                    32.71135
                ],
                [
                    -117.256668,
                    32.715149
                ],
                [
                    -117.25707,
                    32.71535
                ],
                [
                    -117.25647,
                    32.715549
                ],
                [
                    -117.255966,
                    32.716049
                ],
                [
                    -117.25647,
                    32.718349
                ],
                [
                    -117.25727,
                    32.72015
                ],
                [
                    -117.25717,
                    32.72315
                ],
                [
                    -117.25797,
                    32.72415
                ],
                [
                    -117.257767,
                    32.724449
                ],
                [
                    -117.25797,
                    32.72485
                ],
                [
                    -117.257668,
                    32.725052
                ],
                [
                    -117.258369,
                    32.72605
                ],
                [
                    -117.25757,
                    32.72605
                ],
                [
                    -117.256874,
                    32.726444
                ],
                [
                    -117.256767,
                    32.726849
                ],
                [
                    -117.25647,
                    32.72715
                ],
                [
                    -117.255867,
                    32.727348
                ],
                [
                    -117.255768,
                    32.727951
                ],
                [
                    -117.25617,
                    32.72865
                ],
                [
                    -117.25637,
                    32.72985
                ],
                [
                    -117.256866,
                    32.73035
                ],
                [
                    -117.25647,
                    32.73045
                ],
                [
                    -117.256767,
                    32.732552
                ],
                [
                    -117.25647,
                    32.73325
                ],
                [
                    -117.256867,
                    32.733052
                ],
                [
                    -117.257269,
                    32.73345
                ],
                [
                    -117.25687,
                    32.73345
                ],
                [
                    -117.256767,
                    32.733849
                ],
                [
                    -117.25627,
                    32.73385
                ],
                [
                    -117.25637,
                    32.734749
                ],
                [
                    -117.255867,
                    32.735249
                ],
                [
                    -117.256269,
                    32.736548
                ],
                [
                    -117.255867,
                    32.736248
                ],
                [
                    -117.25517,
                    32.73785
                ],
                [
                    -117.25527,
                    32.738949
                ],
                [
                    -117.25507,
                    32.739449
                ],
                [
                    -117.25537,
                    32.739849
                ],
                [
                    -117.25517,
                    32.743049
                ],
                [
                    -117.25537,
                    32.743149
                ],
                [
                    -117.25527,
                    32.743349
                ],
                [
                    -117.25537,
                    32.745649
                ],
                [
                    -117.255066,
                    32.74675
                ],
                [
                    -117.25407,
                    32.747449
                ],
                [
                    -117.25347,
                    32.750849
                ],
                [
                    -117.253669,
                    32.75175
                ],
                [
                    -117.25257,
                    32.752949
                ],
                [
                    -117.25267,
                    32.754049
                ],
                [
                    -117.252333,
                    32.755421
                ],
                [
                    -117.252341,
                    32.756827
                ],
                [
                    -117.252502,
                    32.757004
                ],
                [
                    -117.253418,
                    32.756985
                ],
                [
                    -117.253447,
                    32.757118
                ],
                [
                    -117.24601,
                    32.757427
                ],
                [
                    -117.242767,
                    32.758949
                ],
                [
                    -117.242065,
                    32.761551
                ],
                [
                    -117.241768,
                    32.761948
                ],
                [
                    -117.242065,
                    32.762848
                ],
                [
                    -117.242469,
                    32.765349
                ],
                [
                    -117.241169,
                    32.766749
                ],
                [
                    -117.24367,
                    32.768749
                ],
                [
                    -117.24457,
                    32.767549
                ],
                [
                    -117.24537,
                    32.765649
                ],
                [
                    -117.24537,
                    32.764449
                ],
                [
                    -117.245872,
                    32.76355
                ],
                [
                    -117.24617,
                    32.763451
                ],
                [
                    -117.24687,
                    32.764449
                ],
                [
                    -117.24697,
                    32.765349
                ],
                [
                    -117.24677,
                    32.766549
                ],
                [
                    -117.246269,
                    32.767948
                ],
                [
                    -117.246368,
                    32.76915
                ],
                [
                    -117.24787,
                    32.770349
                ],
                [
                    -117.249367,
                    32.77055
                ],
                [
                    -117.249573,
                    32.77095
                ],
                [
                    -117.250374,
                    32.770649
                ],
                [
                    -117.250572,
                    32.77005
                ],
                [
                    -117.250473,
                    32.768749
                ],
                [
                    -117.24977,
                    32.768649
                ],
                [
                    -117.249467,
                    32.769247
                ],
                [
                    -117.24907,
                    32.768948
                ],
                [
                    -117.24907,
                    32.768449
                ],
                [
                    -117.25007,
                    32.766749
                ],
                [
                    -117.25017,
                    32.765849
                ],
                [
                    -117.24997,
                    32.765549
                ],
                [
                    -117.25037,
                    32.765349
                ],
                [
                    -117.250572,
                    32.764748
                ],
                [
                    -117.250374,
                    32.76395
                ],
                [
                    -117.25007,
                    32.763549
                ],
                [
                    -117.249672,
                    32.761848
                ],
                [
                    -117.248871,
                    32.761047
                ],
                [
                    -117.248772,
                    32.76075
                ],
                [
                    -117.248169,
                    32.760448
                ],
                [
                    -117.247467,
                    32.760849
                ],
                [
                    -117.247269,
                    32.761649
                ],
                [
                    -117.246269,
                    32.761448
                ],
                [
                    -117.245972,
                    32.760948
                ],
                [
                    -117.24667,
                    32.75935
                ],
                [
                    -117.253868,
                    32.759149
                ],
                [
                    -117.253769,
                    32.760948
                ],
                [
                    -117.25357,
                    32.761249
                ],
                [
                    -117.25327,
                    32.765849
                ],
                [
                    -117.25357,
                    32.768349
                ],
                [
                    -117.25357,
                    32.772449
                ],
                [
                    -117.253769,
                    32.772949
                ],
                [
                    -117.25367,
                    32.775948
                ],
                [
                    -117.253967,
                    32.77935
                ],
                [
                    -117.25417,
                    32.779948
                ],
                [
                    -117.25407,
                    32.781248
                ],
                [
                    -117.25437,
                    32.782248
                ],
                [
                    -117.25437,
                    32.783148
                ],
                [
                    -117.254967,
                    32.786949
                ],
                [
                    -117.25537,
                    32.787948
                ],
                [
                    -117.255569,
                    32.789349
                ],
                [
                    -117.25607,
                    32.790648
                ],
                [
                    -117.25637,
                    32.792548
                ],
                [
                    -117.25707,
                    32.794248
                ],
                [
                    -117.25737,
                    32.795548
                ],
                [
                    -117.259567,
                    32.80085
                ],
                [
                    -117.26107,
                    32.803148
                ],
                [
                    -117.264267,
                    32.807049
                ],
                [
                    -117.265373,
                    32.80785
                ],
                [
                    -117.267869,
                    32.807848
                ],
                [
                    -117.271767,
                    32.813549
                ],
                [
                    -117.27317,
                    32.814548
                ],
                [
                    -117.273666,
                    32.814449
                ],
                [
                    -117.27387,
                    32.815248
                ],
                [
                    -117.274269,
                    32.815747
                ],
                [
                    -117.273666,
                    32.816147
                ],
                [
                    -117.27317,
                    32.817047
                ],
                [
                    -117.274773,
                    32.818748
                ],
                [
                    -117.27547,
                    32.818647
                ],
                [
                    -117.27597,
                    32.818047
                ],
                [
                    -117.276466,
                    32.818947
                ],
                [
                    -117.277069,
                    32.819047
                ],
                [
                    -117.27747,
                    32.819947
                ],
                [
                    -117.278267,
                    32.819947
                ],
                [
                    -117.27847,
                    32.820347
                ],
                [
                    -117.27937,
                    32.820947
                ],
                [
                    -117.27987,
                    32.820947
                ],
                [
                    -117.280968,
                    32.822247
                ],
                [
                    -117.28027,
                    32.826347
                ],
                [
                    -117.280968,
                    32.830246
                ],
                [
                    -117.28137,
                    32.831147
                ],
                [
                    -117.28147,
                    32.831947
                ],
                [
                    -117.282171,
                    32.832147
                ],
                [
                    -117.28157,
                    32.835047
                ],
                [
                    -117.28147,
                    32.836747
                ],
                [
                    -117.28167,
                    32.839249
                ],
                [
                    -117.28217,
                    32.839547
                ],
                [
                    -117.281868,
                    32.840347
                ],
                [
                    -117.281868,
                    32.840847
                ],
                [
                    -117.28137,
                    32.841947
                ],
                [
                    -117.281166,
                    32.843048
                ],
                [
                    -117.280571,
                    32.843845
                ],
                [
                    -117.279068,
                    32.844547
                ],
                [
                    -117.27877,
                    32.846047
                ],
                [
                    -117.27927,
                    32.846047
                ],
                [
                    -117.27867,
                    32.846647
                ],
                [
                    -117.278969,
                    32.847446
                ],
                [
                    -117.27867,
                    32.847747
                ],
                [
                    -117.278267,
                    32.847546
                ],
                [
                    -117.27787,
                    32.847847
                ],
                [
                    -117.277367,
                    32.847847
                ],
                [
                    -117.27587,
                    32.849147
                ],
                [
                    -117.27587,
                    32.849647
                ],
                [
                    -117.27497,
                    32.849747
                ],
                [
                    -117.27387,
                    32.851447
                ],
                [
                    -117.272873,
                    32.851246
                ],
                [
                    -117.272972,
                    32.850845
                ],
                [
                    -117.272469,
                    32.850346
                ],
                [
                    -117.271568,
                    32.850647
                ],
                [
                    -117.271072,
                    32.850647
                ],
                [
                    -117.27027,
                    32.849947
                ],
                [
                    -117.269968,
                    32.850446
                ],
                [
                    -117.267471,
                    32.848946
                ],
                [
                    -117.266968,
                    32.849247
                ],
                [
                    -117.26617,
                    32.849247
                ],
                [
                    -117.264969,
                    32.848946
                ],
                [
                    -117.26387,
                    32.849445
                ],
                [
                    -117.262466,
                    32.851646
                ],
                [
                    -117.26067,
                    32.852647
                ],
                [
                    -117.25927,
                    32.854847
                ],
                [
                    -117.25807,
                    32.856347
                ],
                [
                    -117.25617,
                    32.859447
                ],
                [
                    -117.254967,
                    32.862747
                ],
                [
                    -117.254768,
                    32.864548
                ],
                [
                    -117.25367,
                    32.867245
                ],
                [
                    -117.25337,
                    32.871046
                ],
                [
                    -117.252167,
                    32.872246
                ],
                [
                    -117.25167,
                    32.874346
                ],
                [
                    -117.251869,
                    32.875046
                ],
                [
                    -117.25167,
                    32.876146
                ],
                [
                    -117.25337,
                    32.884046
                ],
                [
                    -117.253868,
                    32.889847
                ],
                [
                    -117.253769,
                    32.891045
                ],
                [
                    -117.25447,
                    32.900146
                ],
                [
                    -117.255569,
                    32.905148
                ],
                [
                    -117.255669,
                    32.906345
                ],
                [
                    -117.256668,
                    32.907448
                ],
                [
                    -117.25807,
                    32.912245
                ],
                [
                    -117.259468,
                    32.914547
                ],
                [
                    -117.259369,
                    32.915047
                ],
                [
                    -117.259567,
                    32.916046
                ],
                [
                    -117.25907,
                    32.918145
                ],
                [
                    -117.25907,
                    32.919945
                ],
                [
                    -117.25927,
                    32.920944
                ],
                [
                    -117.25917,
                    32.922045
                ],
                [
                    -117.260468,
                    32.931244
                ],
                [
                    -117.261269,
                    32.935646
                ],
                [
                    -117.262367,
                    32.939545
                ],
                [
                    -117.263168,
                    32.943443
                ],
                [
                    -117.263969,
                    32.946243
                ],
                [
                    -117.266869,
                    32.952946
                ],
                [
                    -117.268669,
                    32.959442
                ],
                [
                    -117.268967,
                    32.962643
                ],
                [
                    -117.268768,
                    32.963543
                ],
                [
                    -117.268867,
                    32.965843
                ],
                [
                    -117.270362,
                    32.975738
                ],
                [
                    -117.269173,
                    32.975044
                ],
                [
                    -117.268592,
                    32.974944
                ],
                [
                    -117.266991,
                    32.972847
                ],
                [
                    -117.266599,
                    32.972849
                ],
                [
                    -117.264841,
                    32.971646
                ],
                [
                    -117.26127,
                    32.970344
                ],
                [
                    -117.261169,
                    32.971043
                ],
                [
                    -117.260368,
                    32.971245
                ],
                [
                    -117.261467,
                    32.971146
                ],
                [
                    -117.261169,
                    32.971645
                ],
                [
                    -117.261971,
                    32.971245
                ],
                [
                    -117.26487,
                    32.972645
                ],
                [
                    -117.26637,
                    32.974644
                ],
                [
                    -117.266968,
                    32.975845
                ],
                [
                    -117.267174,
                    32.975243
                ],
                [
                    -117.266992,
                    32.974979
                ],
                [
                    -117.266977,
                    32.974389
                ],
                [
                    -117.268105,
                    32.975254
                ],
                [
                    -117.268348,
                    32.974786
                ],
                [
                    -117.268753,
                    32.97551
                ],
                [
                    -117.26867,
                    32.976244
                ],
                [
                    -117.270866,
                    32.976444
                ],
                [
                    -117.27227,
                    32.979244
                ],
                [
                    -117.273369,
                    32.982544
                ],
                [
                    -117.273369,
                    32.984245
                ],
                [
                    -117.27417,
                    32.987244
                ],
                [
                    -117.27487,
                    32.991843
                ],
                [
                    -117.275345,
                    32.992607
                ],
                [
                    -117.276165,
                    32.996435
                ],
                [
                    -117.278069,
                    32.999142
                ],
                [
                    -117.27847,
                    33.000443
                ],
                [
                    -117.279167,
                    33.006641
                ],
                [
                    -117.28047,
                    33.011943
                ],
                [
                    -117.28257,
                    33.015443
                ],
                [
                    -117.285767,
                    33.021343
                ],
                [
                    -117.28587,
                    33.021942
                ],
                [
                    -117.286469,
                    33.022743
                ],
                [
                    -117.28677,
                    33.024142
                ],
                [
                    -117.28887,
                    33.027842
                ],
                [
                    -117.29047,
                    33.031142
                ],
                [
                    -117.292366,
                    33.033741
                ],
                [
                    -117.29337,
                    33.034642
                ],
                [
                    -117.294868,
                    33.035343
                ],
                [
                    -117.296066,
                    33.036442
                ],
                [
                    -117.296669,
                    33.037441
                ],
                [
                    -117.296867,
                    33.039242
                ],
                [
                    -117.29727,
                    33.040542
                ],
                [
                    -117.297668,
                    33.043041
                ],
                [
                    -117.298668,
                    33.047241
                ],
                [
                    -117.299767,
                    33.049641
                ],
                [
                    -117.302269,
                    33.056942
                ],
                [
                    -117.305168,
                    33.06284
                ],
                [
                    -117.306068,
                    33.06604
                ],
                [
                    -117.30677,
                    33.066541
                ],
                [
                    -117.309769,
                    33.074539
                ],
                [
                    -117.311668,
                    33.08004
                ],
                [
                    -117.312271,
                    33.08244
                ],
                [
                    -117.313071,
                    33.08714
                ],
                [
                    -117.313667,
                    33.08844
                ],
                [
                    -117.315277,
                    33.093506
                ],
                [
                    -117.324051,
                    33.113079
                ],
                [
                    -117.328359,
                    33.121842
                ],
                [
                    -117.330627,
                    33.124851
                ],
                [
                    -117.333799,
                    33.12766
                ],
                [
                    -117.336861,
                    33.13097
                ],
                [
                    -117.340986,
                    33.140696
                ],
                [
                    -117.344048,
                    33.144306
                ],
                [
                    -117.343445,
                    33.145008
                ],
                [
                    -117.343544,
                    33.145309
                ],
                [
                    -117.34407,
                    33.145039
                ],
                [
                    -117.34507,
                    33.145238
                ],
                [
                    -117.350967,
                    33.153439
                ],
                [
                    -117.359808,
                    33.164755
                ],
                [
                    -117.358391,
                    33.164787
                ],
                [
                    -117.357124,
                    33.164406
                ],
                [
                    -117.356598,
                    33.164562
                ],
                [
                    -117.356237,
                    33.164978
                ],
                [
                    -117.356773,
                    33.165966
                ],
                [
                    -117.356364,
                    33.166077
                ],
                [
                    -117.355945,
                    33.165698
                ],
                [
                    -117.354813,
                    33.165985
                ],
                [
                    -117.355192,
                    33.166676
                ],
                [
                    -117.356925,
                    33.168681
                ],
                [
                    -117.356865,
                    33.168812
                ],
                [
                    -117.356648,
                    33.168786
                ],
                [
                    -117.355701,
                    33.167623
                ],
                [
                    -117.354996,
                    33.167225
                ],
                [
                    -117.35359,
                    33.166739
                ],
                [
                    -117.353241,
                    33.166843
                ],
                [
                    -117.35254,
                    33.166374
                ],
                [
                    -117.352253,
                    33.166346
                ],
                [
                    -117.350661,
                    33.168314
                ],
                [
                    -117.350035,
                    33.168773
                ],
                [
                    -117.349983,
                    33.169334
                ],
                [
                    -117.349448,
                    33.169658
                ],
                [
                    -117.349289,
                    33.170132
                ],
                [
                    -117.349402,
                    33.170739
                ],
                [
                    -117.349279,
                    33.171076
                ],
                [
                    -117.349377,
                    33.17205
                ],
                [
                    -117.349274,
                    33.172707
                ],
                [
                    -117.349335,
                    33.173299
                ],
                [
                    -117.34963,
                    33.173602
                ],
                [
                    -117.349637,
                    33.173745
                ],
                [
                    -117.349476,
                    33.173767
                ],
                [
                    -117.349548,
                    33.174061
                ],
                [
                    -117.35005,
                    33.174679
                ],
                [
                    -117.350553,
                    33.174919
                ],
                [
                    -117.351974,
                    33.175137
                ],
                [
                    -117.352875,
                    33.172737
                ],
                [
                    -117.35531,
                    33.170632
                ],
                [
                    -117.357225,
                    33.169632
                ],
                [
                    -117.356913,
                    33.168878
                ],
                [
                    -117.357658,
                    33.16935
                ],
                [
                    -117.358181,
                    33.169458
                ],
                [
                    -117.358673,
                    33.168839
                ],
                [
                    -117.358681,
                    33.168354
                ],
                [
                    -117.356857,
                    33.166519
                ],
                [
                    -117.356941,
                    33.166325
                ],
                [
                    -117.35707,
                    33.16629
                ],
                [
                    -117.35894,
                    33.168156
                ],
                [
                    -117.359673,
                    33.167938
                ],
                [
                    -117.359756,
                    33.167297
                ],
                [
                    -117.359612,
                    33.166672
                ],
                [
                    -117.358979,
                    33.165458
                ],
                [
                    -117.35991,
                    33.164892
                ],
                [
                    -117.366272,
                    33.173038
                ],
                [
                    -117.369171,
                    33.176037
                ],
                [
                    -117.369431,
                    33.176647
                ],
                [
                    -117.368958,
                    33.177341
                ],
                [
                    -117.36837,
                    33.177635
                ],
                [
                    -117.368291,
                    33.177959
                ],
                [
                    -117.367672,
                    33.178736
                ],
                [
                    -117.368312,
                    33.1786
                ],
                [
                    -117.368484,
                    33.178322
                ],
                [
                    -117.368972,
                    33.178136
                ],
                [
                    -117.369133,
                    33.177414
                ],
                [
                    -117.369537,
                    33.176801
                ],
                [
                    -117.369672,
                    33.176936
                ],
                [
                    -117.384839,
                    33.194155
                ],
                [
                    -117.389844,
                    33.200644
                ],
                [
                    -117.391341,
                    33.20234
                ],
                [
                    -117.391746,
                    33.203117
                ],
                [
                    -117.395279,
                    33.206745
                ],
                [
                    -117.395072,
                    33.206935
                ],
                [
                    -117.394386,
                    33.206737
                ],
                [
                    -117.392838,
                    33.205215
                ],
                [
                    -117.391968,
                    33.204025
                ],
                [
                    -117.391583,
                    33.203764
                ],
                [
                    -117.389236,
                    33.2052
                ],
                [
                    -117.38942,
                    33.206417
                ],
                [
                    -117.389648,
                    33.206676
                ],
                [
                    -117.390246,
                    33.206807
                ],
                [
                    -117.392815,
                    33.206643
                ],
                [
                    -117.394478,
                    33.2082
                ],
                [
                    -117.394935,
                    33.210663
                ],
                [
                    -117.394363,
                    33.212494
                ],
                [
                    -117.394438,
                    33.212772
                ],
                [
                    -117.395437,
                    33.213439
                ],
                [
                    -117.395704,
                    33.213449
                ],
                [
                    -117.396858,
                    33.212265
                ],
                [
                    -117.396603,
                    33.211935
                ],
                [
                    -117.396736,
                    33.2118
                ],
                [
                    -117.397096,
                    33.211987
                ],
                [
                    -117.39801,
                    33.211006
                ],
                [
                    -117.397906,
                    33.210293
                ],
                [
                    -117.396272,
                    33.208535
                ],
                [
                    -117.396492,
                    33.208275
                ],
                [
                    -117.397359,
                    33.209351
                ],
                [
                    -117.398071,
                    33.209335
                ],
                [
                    -117.401272,
                    33.213035
                ],
                [
                    -117.402149,
                    33.213732
                ],
                [
                    -117.404567,
                    33.213289
                ],
                [
                    -117.405511,
                    33.212617
                ],
                [
                    -117.406059,
                    33.21262
                ],
                [
                    -117.40618,
                    33.21308
                ],
                [
                    -117.406081,
                    33.214837
                ],
                [
                    -117.404732,
                    33.216213
                ],
                [
                    -117.406265,
                    33.219433
                ],
                [
                    -117.408043,
                    33.221436
                ],
                [
                    -117.40923,
                    33.223223
                ],
                [
                    -117.41033,
                    33.223918
                ],
                [
                    -117.412941,
                    33.226896
                ],
                [
                    -117.413475,
                    33.228035
                ],
                [
                    -117.416092,
                    33.231705
                ],
                [
                    -117.420172,
                    33.236236
                ],
                [
                    -117.425138,
                    33.242445
                ],
                [
                    -117.432629,
                    33.252272
                ],
                [
                    -117.44558,
                    33.268517
                ],
                [
                    -117.461706,
                    33.286893
                ],
                [
                    -117.469794,
                    33.296417
                ],
                [
                    -117.478752,
                    33.306255
                ],
                [
                    -117.48763,
                    33.315673
                ],
                [
                    -117.491524,
                    33.320198
                ],
                [
                    -117.498681,
                    33.326975
                ],
                [
                    -117.500173,
                    33.328694
                ],
                [
                    -117.50565,
                    33.334063
                ],
                [
                    -117.509198,
                    33.337193
                ],
                [
                    -117.512436,
                    33.339853
                ],
                [
                    -117.516357,
                    33.342518
                ],
                [
                    -117.521713,
                    33.346745
                ],
                [
                    -117.523991,
                    33.348156
                ],
                [
                    -117.525482,
                    33.349644
                ],
                [
                    -117.526604,
                    33.350063
                ],
                [
                    -117.527511,
                    33.350637
                ],
                [
                    -117.530563,
                    33.352909
                ],
                [
                    -117.534051,
                    33.355207
                ],
                [
                    -117.535545,
                    33.356461
                ],
                [
                    -117.536789,
                    33.35709
                ],
                [
                    -117.542647,
                    33.361732
                ],
                [
                    -117.544018,
                    33.362621
                ],
                [
                    -117.544515,
                    33.363349
                ],
                [
                    -117.547693,
                    33.365491
                ],
                [
                    -117.549004,
                    33.36607
                ],
                [
                    -117.549561,
                    33.366123
                ],
                [
                    -117.550499,
                    33.36675
                ],
                [
                    -117.55349,
                    33.368114
                ],
                [
                    -117.55574,
                    33.368748
                ],
                [
                    -117.558289,
                    33.370625
                ],
                [
                    -117.561508,
                    33.371628
                ],
                [
                    -117.563688,
                    33.372621
                ],
                [
                    -117.566116,
                    33.374397
                ],
                [
                    -117.569297,
                    33.376384
                ],
                [
                    -117.570943,
                    33.378414
                ],
                [
                    -117.573217,
                    33.379955
                ],
                [
                    -117.574589,
                    33.380532
                ],
                [
                    -117.576087,
                    33.380928
                ],
                [
                    -117.577772,
                    33.381299
                ],
                [
                    -117.580457,
                    33.381623
                ],
                [
                    -117.582266,
                    33.382409
                ],
                [
                    -117.589634,
                    33.383637
                ],
                [
                    -117.591751,
                    33.385178
                ],
                [
                    -117.593092,
                    33.385884
                ],
                [
                    -117.593783,
                    33.385103
                ],
                [
                    -117.595882,
                    33.386637
                ],
                [
                    -117.590497,
                    33.407712
                ],
                [
                    -117.588397,
                    33.416812
                ],
                [
                    -117.585075,
                    33.427883
                ],
                [
                    -117.585051,
                    33.428
                ],
                [
                    -117.579152,
                    33.429706
                ],
                [
                    -117.576023,
                    33.42992
                ],
                [
                    -117.564188,
                    33.431435
                ],
                [
                    -117.555329,
                    33.426944
                ],
                [
                    -117.549224,
                    33.424104
                ],
                [
                    -117.53426,
                    33.42151
                ],
                [
                    -117.531826,
                    33.420518
                ],
                [
                    -117.529015,
                    33.418085
                ],
                [
                    -117.525501,
                    33.411879
                ],
                [
                    -117.52381,
                    33.407635
                ],
                [
                    -117.521749,
                    33.403121
                ],
                [
                    -117.521455,
                    33.400961
                ],
                [
                    -117.519296,
                    33.396075
                ],
                [
                    -117.516287,
                    33.391165
                ],
                [
                    -117.510581,
                    33.388156
                ]
            ]
        ]
    },
    "properties": {
        "@id": "https://api.weather.gov/zones/forecast/CAZ043",
        "@type": "wx:Zone",
        "id": "CAZ043",
        "type": "public",
        "name": "San Diego County Coastal Areas",
        "effectiveDate": "2026-04-16T18:00:00+00:00",
        "expirationDate": "2200-01-01T00:00:00+00:00",
        "state": "CA",
        "forecastOffice": "https://api.weather.gov/offices/SGX",
        "gridIdentifier": "SGX",
        "awipsLocationIdentifier": "SGX",
        "cwa": [
            "SGX"
        ],
        "forecastOffices": [
            "https://api.weather.gov/offices/SGX"
        ],
        "timeZone": [
            "America/Los_Angeles"
        ],
        "observationStations": [
            "https://api.weather.gov/stations/D5683",
            "https://api.weather.gov/stations/E3170",
            "https://api.weather.gov/stations/E3174",
            "https://api.weather.gov/stations/E3218",
            "https://api.weather.gov/stations/E3219",
            "https://api.weather.gov/stations/E3680",
            "https://api.weather.gov/stations/E9870",
            "https://api.weather.gov/stations/E9873",
            "https://api.weather.gov/stations/E9975",
            "https://api.weather.gov/stations/E9978",
            "https://api.weather.gov/stations/E9983",
            "https://api.weather.gov/stations/F0495",
            "https://api.weather.gov/stations/F0551",
            "https://api.weather.gov/stations/F6395",
            "https://api.weather.gov/stations/KCRQ",
            "https://api.weather.gov/stations/KMYF",
            "https://api.weather.gov/stations/KNFG",
            "https://api.weather.gov/stations/KNKX",
            "https://api.weather.gov/stations/KNXF",
            "https://api.weather.gov/stations/KNZY",
            "https://api.weather.gov/stations/KOKB",
            "https://api.weather.gov/stations/KSAN",
            "https://api.weather.gov/stations/KSDM",
            "https://api.weather.gov/stations/LSFC1"
        ],
        "radarStation": null
    }
}