{
    "@context": {
        "@version": "1.1"
    },
    "id": "https://api.weather.gov/zones/forecast/AZZ514",
    "type": "Feature",
    "geometry": {
        "type": "MultiPolygon",
        "coordinates": [
            [
                [
                    [
                        -110.7547,
                        32.589111
                    ],
                    [
                        -110.752014,
                        32.586914
                    ],
                    [
                        -110.752075,
                        32.585693
                    ],
                    [
                        -110.751404,
                        32.584473
                    ],
                    [
                        -110.750977,
                        32.5849
                    ],
                    [
                        -110.749207,
                        32.58551
                    ],
                    [
                        -110.748108,
                        32.585083
                    ],
                    [
                        -110.747375,
                        32.583313
                    ],
                    [
                        -110.746704,
                        32.583313
                    ],
                    [
                        -110.743713,
                        32.582703
                    ],
                    [
                        -110.743103,
                        32.583496
                    ],
                    [
                        -110.741882,
                        32.583313
                    ],
                    [
                        -110.741089,
                        32.582886
                    ],
                    [
                        -110.741028,
                        32.581482
                    ],
                    [
                        -110.740723,
                        32.579712
                    ],
                    [
                        -110.73999,
                        32.579285
                    ],
                    [
                        -110.741089,
                        32.578674
                    ],
                    [
                        -110.740601,
                        32.578308
                    ],
                    [
                        -110.741028,
                        32.577515
                    ],
                    [
                        -110.741699,
                        32.576904
                    ],
                    [
                        -110.739319,
                        32.576294
                    ],
                    [
                        -110.740417,
                        32.574707
                    ],
                    [
                        -110.739502,
                        32.574097
                    ],
                    [
                        -110.738586,
                        32.57312
                    ],
                    [
                        -110.738251,
                        32.571106
                    ],
                    [
                        -110.741577,
                        32.571106
                    ],
                    [
                        -110.741577,
                        32.570129
                    ],
                    [
                        -110.741211,
                        32.569092
                    ],
                    [
                        -110.741211,
                        32.568298
                    ],
                    [
                        -110.74231,
                        32.568726
                    ],
                    [
                        -110.743103,
                        32.567871
                    ],
                    [
                        -110.743408,
                        32.569092
                    ],
                    [
                        -110.74408,
                        32.569702
                    ],
                    [
                        -110.744995,
                        32.569519
                    ],
                    [
                        -110.744812,
                        32.568726
                    ],
                    [
                        -110.7453,
                        32.567871
                    ],
                    [
                        -110.744812,
                        32.567505
                    ],
                    [
                        -110.745178,
                        32.565674
                    ],
                    [
                        -110.743896,
                        32.565308
                    ],
                    [
                        -110.743713,
                        32.563477
                    ],
                    [
                        -110.743408,
                        32.5625
                    ],
                    [
                        -110.744385,
                        32.563477
                    ],
                    [
                        -110.7453,
                        32.563477
                    ],
                    [
                        -110.744698,
                        32.562763
                    ],
                    [
                        -110.744995,
                        32.562073
                    ],
                    [
                        -110.747314,
                        32.56189
                    ],
                    [
                        -110.748901,
                        32.562317
                    ],
                    [
                        -110.748596,
                        32.56189
                    ],
                    [
                        -110.747375,
                        32.561279
                    ],
                    [
                        -110.744202,
                        32.56073
                    ],
                    [
                        -110.743408,
                        32.559875
                    ],
                    [
                        -110.742676,
                        32.560303
                    ],
                    [
                        -110.74231,
                        32.559875
                    ],
                    [
                        -110.741699,
                        32.559692
                    ],
                    [
                        -110.741394,
                        32.559082
                    ],
                    [
                        -110.740906,
                        32.559875
                    ],
                    [
                        -110.741089,
                        32.561096
                    ],
                    [
                        -110.740112,
                        32.559875
                    ],
                    [
                        -110.740112,
                        32.558899
                    ],
                    [
                        -110.738525,
                        32.558716
                    ],
                    [
                        -110.738281,
                        32.557922
                    ],
                    [
                        -110.737793,
                        32.557678
                    ],
                    [
                        -110.737305,
                        32.558899
                    ],
                    [
                        -110.737305,
                        32.56012
                    ],
                    [
                        -110.736816,
                        32.559875
                    ],
                    [
                        -110.736389,
                        32.558472
                    ],
                    [
                        -110.735718,
                        32.557678
                    ],
                    [
                        -110.734924,
                        32.558716
                    ],
                    [
                        -110.734009,
                        32.558899
                    ],
                    [
                        -110.733215,
                        32.558289
                    ],
                    [
                        -110.732422,
                        32.557922
                    ],
                    [
                        -110.731995,
                        32.557129
                    ],
                    [
                        -110.730408,
                        32.556274
                    ],
                    [
                        -110.730225,
                        32.554504
                    ],
                    [
                        -110.729126,
                        32.553284
                    ],
                    [
                        -110.728577,
                        32.553711
                    ],
                    [
                        -110.727905,
                        32.552673
                    ],
                    [
                        -110.727478,
                        32.551514
                    ],
                    [
                        -110.726013,
                        32.55249
                    ],
                    [
                        -110.724792,
                        32.551331
                    ],
                    [
                        -110.726013,
                        32.550293
                    ],
                    [
                        -110.725891,
                        32.549072
                    ],
                    [
                        -110.72821,
                        32.550293
                    ],
                    [
                        -110.729187,
                        32.549316
                    ],
                    [
                        -110.731506,
                        32.55011
                    ],
                    [
                        -110.730591,
                        32.548706
                    ],
                    [
                        -110.729126,
                        32.548096
                    ],
                    [
                        -110.7276,
                        32.547119
                    ],
                    [
                        -110.726196,
                        32.546875
                    ],
                    [
                        -110.726196,
                        32.546082
                    ],
                    [
                        -110.724304,
                        32.546082
                    ],
                    [
                        -110.722595,
                        32.547119
                    ],
                    [
                        -110.722107,
                        32.548279
                    ],
                    [
                        -110.720093,
                        32.549316
                    ],
                    [
                        -110.721008,
                        32.547485
                    ],
                    [
                        -110.721924,
                        32.547119
                    ],
                    [
                        -110.723206,
                        32.545105
                    ],
                    [
                        -110.722778,
                        32.543274
                    ],
                    [
                        -110.723999,
                        32.54248
                    ],
                    [
                        -110.723083,
                        32.542114
                    ],
                    [
                        -110.721985,
                        32.54248
                    ],
                    [
                        -110.721008,
                        32.543274
                    ],
                    [
                        -110.719177,
                        32.544128
                    ],
                    [
                        -110.717896,
                        32.543701
                    ],
                    [
                        -110.719299,
                        32.542725
                    ],
                    [
                        -110.719788,
                        32.542114
                    ],
                    [
                        -110.720825,
                        32.541504
                    ],
                    [
                        -110.721191,
                        32.54071
                    ],
                    [
                        -110.72229,
                        32.540283
                    ],
                    [
                        -110.722717,
                        32.539124
                    ],
                    [
                        -110.724121,
                        32.5401
                    ],
                    [
                        -110.724609,
                        32.541077
                    ],
                    [
                        -110.72522,
                        32.541077
                    ],
                    [
                        -110.725891,
                        32.540527
                    ],
                    [
                        -110.726685,
                        32.540527
                    ],
                    [
                        -110.728394,
                        32.541077
                    ],
                    [
                        -110.728394,
                        32.54187
                    ],
                    [
                        -110.729309,
                        32.542297
                    ],
                    [
                        -110.729309,
                        32.542908
                    ],
                    [
                        -110.730591,
                        32.543091
                    ],
                    [
                        -110.731323,
                        32.542725
                    ],
                    [
                        -110.7323,
                        32.542725
                    ],
                    [
                        -110.732788,
                        32.541687
                    ],
                    [
                        -110.733826,
                        32.54187
                    ],
                    [
                        -110.737915,
                        32.541687
                    ],
                    [
                        -110.736572,
                        32.541687
                    ],
                    [
                        -110.733704,
                        32.540527
                    ],
                    [
                        -110.734497,
                        32.539307
                    ],
                    [
                        -110.734314,
                        32.538513
                    ],
                    [
                        -110.733887,
                        32.539307
                    ],
                    [
                        -110.730713,
                        32.540894
                    ],
                    [
                        -110.729919,
                        32.539124
                    ],
                    [
                        -110.729004,
                        32.53833
                    ],
                    [
                        -110.729309,
                        32.537476
                    ],
                    [
                        -110.730408,
                        32.536499
                    ],
                    [
                        -110.730713,
                        32.535522
                    ],
                    [
                        -110.73053,
                        32.534485
                    ],
                    [
                        -110.72998,
                        32.535889
                    ],
                    [
                        -110.729004,
                        32.536682
                    ],
                    [
                        -110.727905,
                        32.537109
                    ],
                    [
                        -110.727112,
                        32.537903
                    ],
                    [
                        -110.725891,
                        32.537476
                    ],
                    [
                        -110.726013,
                        32.535706
                    ],
                    [
                        -110.724426,
                        32.536316
                    ],
                    [
                        -110.72168,
                        32.535522
                    ],
                    [
                        -110.721878,
                        32.535366
                    ],
                    [
                        -110.72168,
                        32.535278
                    ],
                    [
                        -110.723206,
                        32.534302
                    ],
                    [
                        -110.723648,
                        32.533775
                    ],
                    [
                        -110.723206,
                        32.533508
                    ],
                    [
                        -110.722595,
                        32.533875
                    ],
                    [
                        -110.721008,
                        32.533875
                    ],
                    [
                        -110.719299,
                        32.534302
                    ],
                    [
                        -110.720581,
                        32.532104
                    ],
                    [
                        -110.719177,
                        32.532898
                    ],
                    [
                        -110.718201,
                        32.533081
                    ],
                    [
                        -110.717712,
                        32.531921
                    ],
                    [
                        -110.71698,
                        32.531921
                    ],
                    [
                        -110.716492,
                        32.532288
                    ],
                    [
                        -110.715881,
                        32.532288
                    ],
                    [
                        -110.715576,
                        32.533508
                    ],
                    [
                        -110.713806,
                        32.534302
                    ],
                    [
                        -110.713379,
                        32.533508
                    ],
                    [
                        -110.713501,
                        32.531677
                    ],
                    [
                        -110.712852,
                        32.531502
                    ],
                    [
                        -110.711792,
                        32.531677
                    ],
                    [
                        -110.711182,
                        32.530884
                    ],
                    [
                        -110.709412,
                        32.531128
                    ],
                    [
                        -110.71051,
                        32.52948
                    ],
                    [
                        -110.711914,
                        32.528687
                    ],
                    [
                        -110.710999,
                        32.52832
                    ],
                    [
                        -110.707886,
                        32.527893
                    ],
                    [
                        -110.707886,
                        32.526123
                    ],
                    [
                        -110.708984,
                        32.525696
                    ],
                    [
                        -110.709717,
                        32.526306
                    ],
                    [
                        -110.713318,
                        32.526306
                    ],
                    [
                        -110.716309,
                        32.526917
                    ],
                    [
                        -110.718628,
                        32.526306
                    ],
                    [
                        -110.720215,
                        32.527283
                    ],
                    [
                        -110.720581,
                        32.526672
                    ],
                    [
                        -110.71991,
                        32.526489
                    ],
                    [
                        -110.719299,
                        32.525513
                    ],
                    [
                        -110.716797,
                        32.525696
                    ],
                    [
                        -110.716309,
                        32.524902
                    ],
                    [
                        -110.715393,
                        32.522705
                    ],
                    [
                        -110.715393,
                        32.521912
                    ],
                    [
                        -110.712219,
                        32.521118
                    ],
                    [
                        -110.71228,
                        32.521729
                    ],
                    [
                        -110.710999,
                        32.521118
                    ],
                    [
                        -110.710876,
                        32.51947
                    ],
                    [
                        -110.713013,
                        32.518311
                    ],
                    [
                        -110.709595,
                        32.517517
                    ],
                    [
                        -110.710083,
                        32.516907
                    ],
                    [
                        -110.712402,
                        32.515686
                    ],
                    [
                        -110.713379,
                        32.515686
                    ],
                    [
                        -110.712891,
                        32.515076
                    ],
                    [
                        -110.71228,
                        32.514893
                    ],
                    [
                        -110.711121,
                        32.515076
                    ],
                    [
                        -110.708984,
                        32.514893
                    ],
                    [
                        -110.709511,
                        32.513615
                    ],
                    [
                        -110.70475,
                        32.513603
                    ],
                    [
                        -110.703301,
                        32.51329
                    ],
                    [
                        -110.702401,
                        32.51251
                    ],
                    [
                        -110.703308,
                        32.512329
                    ],
                    [
                        -110.705322,
                        32.512512
                    ],
                    [
                        -110.704285,
                        32.510071
                    ],
                    [
                        -110.707397,
                        32.508911
                    ],
                    [
                        -110.706597,
                        32.508468
                    ],
                    [
                        -110.703199,
                        32.507862
                    ],
                    [
                        -110.704224,
                        32.506897
                    ],
                    [
                        -110.706177,
                        32.506531
                    ],
                    [
                        -110.70752,
                        32.507324
                    ],
                    [
                        -110.708679,
                        32.506531
                    ],
                    [
                        -110.708001,
                        32.506088
                    ],
                    [
                        -110.707573,
                        32.505111
                    ],
                    [
                        -110.706729,
                        32.504267
                    ],
                    [
                        -110.708496,
                        32.501526
                    ],
                    [
                        -110.71051,
                        32.500671
                    ],
                    [
                        -110.711609,
                        32.499878
                    ],
                    [
                        -110.709421,
                        32.499862
                    ],
                    [
                        -110.710015,
                        32.498886
                    ],
                    [
                        -110.708977,
                        32.499069
                    ],
                    [
                        -110.707695,
                        32.500473
                    ],
                    [
                        -110.70678,
                        32.499862
                    ],
                    [
                        -110.706108,
                        32.5009
                    ],
                    [
                        -110.705071,
                        32.501266
                    ],
                    [
                        -110.704399,
                        32.501693
                    ],
                    [
                        -110.703484,
                        32.50151
                    ],
                    [
                        -110.70092,
                        32.50267
                    ],
                    [
                        -110.698174,
                        32.504257
                    ],
                    [
                        -110.696922,
                        32.504495
                    ],
                    [
                        -110.697998,
                        32.503479
                    ],
                    [
                        -110.697876,
                        32.502075
                    ],
                    [
                        -110.699829,
                        32.501282
                    ],
                    [
                        -110.699883,
                        32.500656
                    ],
                    [
                        -110.698796,
                        32.499508
                    ],
                    [
                        -110.7005,
                        32.498108
                    ],
                    [
                        -110.699822,
                        32.497055
                    ],
                    [
                        -110.698977,
                        32.49627
                    ],
                    [
                        -110.69928,
                        32.4953
                    ],
                    [
                        -110.700378,
                        32.495728
                    ],
                    [
                        -110.702209,
                        32.496887
                    ],
                    [
                        -110.703796,
                        32.496887
                    ],
                    [
                        -110.703308,
                        32.4953
                    ],
                    [
                        -110.705505,
                        32.4953
                    ],
                    [
                        -110.705994,
                        32.493713
                    ],
                    [
                        -110.705811,
                        32.492493
                    ],
                    [
                        -110.706787,
                        32.49231
                    ],
                    [
                        -110.70813,
                        32.49292
                    ],
                    [
                        -110.707397,
                        32.490723
                    ],
                    [
                        -110.710693,
                        32.491516
                    ],
                    [
                        -110.709599,
                        32.490293
                    ],
                    [
                        -110.710686,
                        32.489669
                    ],
                    [
                        -110.710381,
                        32.489059
                    ],
                    [
                        -110.709419,
                        32.488879
                    ],
                    [
                        -110.710083,
                        32.487671
                    ],
                    [
                        -110.710083,
                        32.486328
                    ],
                    [
                        -110.710815,
                        32.485901
                    ],
                    [
                        -110.711487,
                        32.486328
                    ],
                    [
                        -110.712097,
                        32.487671
                    ],
                    [
                        -110.712891,
                        32.487915
                    ],
                    [
                        -110.712891,
                        32.485901
                    ],
                    [
                        -110.714111,
                        32.485107
                    ],
                    [
                        -110.713189,
                        32.484665
                    ],
                    [
                        -110.71228,
                        32.484665
                    ],
                    [
                        -110.71228,
                        32.483887
                    ],
                    [
                        -110.714294,
                        32.484131
                    ],
                    [
                        -110.714294,
                        32.482483
                    ],
                    [
                        -110.713507,
                        32.481687
                    ],
                    [
                        -110.715698,
                        32.480713
                    ],
                    [
                        -110.71447,
                        32.48027
                    ],
                    [
                        -110.71179,
                        32.480514
                    ],
                    [
                        -110.711609,
                        32.479309
                    ],
                    [
                        -110.713189,
                        32.478073
                    ],
                    [
                        -110.711113,
                        32.47789
                    ],
                    [
                        -110.709592,
                        32.478072
                    ],
                    [
                        -110.709412,
                        32.476929
                    ],
                    [
                        -110.710083,
                        32.476501
                    ],
                    [
                        -110.711304,
                        32.476685
                    ],
                    [
                        -110.713013,
                        32.475281
                    ],
                    [
                        -110.7146,
                        32.475525
                    ],
                    [
                        -110.714783,
                        32.474915
                    ],
                    [
                        -110.717285,
                        32.474121
                    ],
                    [
                        -110.718384,
                        32.473511
                    ],
                    [
                        -110.717278,
                        32.473312
                    ],
                    [
                        -110.716606,
                        32.472885
                    ],
                    [
                        -110.716179,
                        32.472274
                    ],
                    [
                        -110.715691,
                        32.472885
                    ],
                    [
                        -110.714287,
                        32.473312
                    ],
                    [
                        -110.712822,
                        32.474289
                    ],
                    [
                        -110.711785,
                        32.473495
                    ],
                    [
                        -110.711785,
                        32.474472
                    ],
                    [
                        -110.710198,
                        32.475265
                    ],
                    [
                        -110.708501,
                        32.474659
                    ],
                    [
                        -110.708923,
                        32.473694
                    ],
                    [
                        -110.710083,
                        32.4729
                    ],
                    [
                        -110.709595,
                        32.471923
                    ],
                    [
                        -110.709587,
                        32.470871
                    ],
                    [
                        -110.708672,
                        32.471298
                    ],
                    [
                        -110.707573,
                        32.471481
                    ],
                    [
                        -110.706475,
                        32.471908
                    ],
                    [
                        -110.705376,
                        32.471908
                    ],
                    [
                        -110.704216,
                        32.471298
                    ],
                    [
                        -110.702568,
                        32.472274
                    ],
                    [
                        -110.700676,
                        32.472091
                    ],
                    [
                        -110.6997,
                        32.472458
                    ],
                    [
                        -110.698601,
                        32.472458
                    ],
                    [
                        -110.697687,
                        32.472884
                    ],
                    [
                        -110.697388,
                        32.472107
                    ],
                    [
                        -110.698608,
                        32.471924
                    ],
                    [
                        -110.698975,
                        32.470886
                    ],
                    [
                        -110.701477,
                        32.470703
                    ],
                    [
                        -110.701477,
                        32.469116
                    ],
                    [
                        -110.702087,
                        32.467712
                    ],
                    [
                        -110.703186,
                        32.467102
                    ],
                    [
                        -110.70221,
                        32.465271
                    ],
                    [
                        -110.703308,
                        32.464905
                    ],
                    [
                        -110.703979,
                        32.464111
                    ],
                    [
                        -110.705811,
                        32.465698
                    ],
                    [
                        -110.706299,
                        32.464294
                    ],
                    [
                        -110.705508,
                        32.462708
                    ],
                    [
                        -110.706909,
                        32.462708
                    ],
                    [
                        -110.707886,
                        32.46228
                    ],
                    [
                        -110.707522,
                        32.46173
                    ],
                    [
                        -110.709778,
                        32.460693
                    ],
                    [
                        -110.711914,
                        32.461487
                    ],
                    [
                        -110.712402,
                        32.460876
                    ],
                    [
                        -110.711975,
                        32.45929
                    ],
                    [
                        -110.712402,
                        32.458313
                    ],
                    [
                        -110.713379,
                        32.45929
                    ],
                    [
                        -110.713989,
                        32.458923
                    ],
                    [
                        -110.714294,
                        32.456482
                    ],
                    [
                        -110.71521,
                        32.457092
                    ],
                    [
                        -110.716125,
                        32.456299
                    ],
                    [
                        -110.716797,
                        32.456116
                    ],
                    [
                        -110.718079,
                        32.455078
                    ],
                    [
                        -110.71991,
                        32.454285
                    ],
                    [
                        -110.718697,
                        32.454088
                    ],
                    [
                        -110.71917,
                        32.453293
                    ],
                    [
                        -110.71801,
                        32.453903
                    ],
                    [
                        -110.717217,
                        32.454696
                    ],
                    [
                        -110.716484,
                        32.454086
                    ],
                    [
                        -110.716179,
                        32.454879
                    ],
                    [
                        -110.713982,
                        32.45549
                    ],
                    [
                        -110.712273,
                        32.45549
                    ],
                    [
                        -110.7127,
                        32.457077
                    ],
                    [
                        -110.709771,
                        32.456283
                    ],
                    [
                        -110.707573,
                        32.457077
                    ],
                    [
                        -110.705803,
                        32.457077
                    ],
                    [
                        -110.705986,
                        32.458481
                    ],
                    [
                        -110.704277,
                        32.458664
                    ],
                    [
                        -110.703911,
                        32.458114
                    ],
                    [
                        -110.701492,
                        32.459687
                    ],
                    [
                        -110.702576,
                        32.457703
                    ],
                    [
                        -110.70092,
                        32.457687
                    ],
                    [
                        -110.700188,
                        32.456894
                    ],
                    [
                        -110.6997,
                        32.457687
                    ],
                    [
                        -110.698174,
                        32.45787
                    ],
                    [
                        -110.697075,
                        32.458297
                    ],
                    [
                        -110.695305,
                        32.458664
                    ],
                    [
                        -110.693169,
                        32.460861
                    ],
                    [
                        -110.69207,
                        32.461471
                    ],
                    [
                        -110.69281,
                        32.46228
                    ],
                    [
                        -110.693903,
                        32.462888
                    ],
                    [
                        -110.694085,
                        32.464096
                    ],
                    [
                        -110.693291,
                        32.464096
                    ],
                    [
                        -110.692192,
                        32.463485
                    ],
                    [
                        -110.688787,
                        32.462877
                    ],
                    [
                        -110.689209,
                        32.461731
                    ],
                    [
                        -110.68988,
                        32.461304
                    ],
                    [
                        -110.690796,
                        32.461914
                    ],
                    [
                        -110.693115,
                        32.45929
                    ],
                    [
                        -110.693909,
                        32.458679
                    ],
                    [
                        -110.69458,
                        32.458496
                    ],
                    [
                        -110.695312,
                        32.457703
                    ],
                    [
                        -110.69751,
                        32.456909
                    ],
                    [
                        -110.697876,
                        32.455688
                    ],
                    [
                        -110.697205,
                        32.453918
                    ],
                    [
                        -110.697876,
                        32.453308
                    ],
                    [
                        -110.69739,
                        32.452695
                    ],
                    [
                        -110.697869,
                        32.452072
                    ],
                    [
                        -110.696404,
                        32.452255
                    ],
                    [
                        -110.695,
                        32.454696
                    ],
                    [
                        -110.693169,
                        32.454696
                    ],
                    [
                        -110.692681,
                        32.454086
                    ],
                    [
                        -110.69207,
                        32.454086
                    ],
                    [
                        -110.691521,
                        32.454269
                    ],
                    [
                        -110.690972,
                        32.454879
                    ],
                    [
                        -110.69043,
                        32.454699
                    ],
                    [
                        -110.690422,
                        32.453659
                    ],
                    [
                        -110.689816,
                        32.453477
                    ],
                    [
                        -110.68969,
                        32.451461
                    ],
                    [
                        -110.68908,
                        32.451095
                    ],
                    [
                        -110.688591,
                        32.451461
                    ],
                    [
                        -110.68792,
                        32.451461
                    ],
                    [
                        -110.687371,
                        32.452072
                    ],
                    [
                        -110.687371,
                        32.452865
                    ],
                    [
                        -110.685906,
                        32.453476
                    ],
                    [
                        -110.685906,
                        32.454879
                    ],
                    [
                        -110.685723,
                        32.45549
                    ],
                    [
                        -110.685112,
                        32.456894
                    ],
                    [
                        -110.684502,
                        32.457504
                    ],
                    [
                        -110.68499,
                        32.458481
                    ],
                    [
                        -110.683892,
                        32.459091
                    ],
                    [
                        -110.682793,
                        32.457687
                    ],
                    [
                        -110.680596,
                        32.458481
                    ],
                    [
                        -110.679009,
                        32.45726
                    ],
                    [
                        -110.678398,
                        32.457504
                    ],
                    [
                        -110.676079,
                        32.457687
                    ],
                    [
                        -110.677298,
                        32.459459
                    ],
                    [
                        -110.676689,
                        32.459884
                    ],
                    [
                        -110.675896,
                        32.459457
                    ],
                    [
                        -110.67437,
                        32.45787
                    ],
                    [
                        -110.673882,
                        32.458908
                    ],
                    [
                        -110.674004,
                        32.460861
                    ],
                    [
                        -110.673699,
                        32.464279
                    ],
                    [
                        -110.672905,
                        32.463913
                    ],
                    [
                        -110.672295,
                        32.462875
                    ],
                    [
                        -110.670708,
                        32.463669
                    ],
                    [
                        -110.669793,
                        32.463302
                    ],
                    [
                        -110.668701,
                        32.463302
                    ],
                    [
                        -110.668701,
                        32.462524
                    ],
                    [
                        -110.669495,
                        32.460083
                    ],
                    [
                        -110.6679,
                        32.460861
                    ],
                    [
                        -110.667107,
                        32.459701
                    ],
                    [
                        -110.666199,
                        32.459277
                    ],
                    [
                        -110.666191,
                        32.457687
                    ],
                    [
                        -110.664482,
                        32.459091
                    ],
                    [
                        -110.665093,
                        32.460071
                    ],
                    [
                        -110.665093,
                        32.461288
                    ],
                    [
                        -110.665518,
                        32.461901
                    ],
                    [
                        -110.665093,
                        32.462692
                    ],
                    [
                        -110.665093,
                        32.463485
                    ],
                    [
                        -110.663814,
                        32.464094
                    ],
                    [
                        -110.663384,
                        32.462509
                    ],
                    [
                        -110.66198,
                        32.461899
                    ],
                    [
                        -110.659905,
                        32.461899
                    ],
                    [
                        -110.659181,
                        32.460873
                    ],
                    [
                        -110.659905,
                        32.459457
                    ],
                    [
                        -110.657585,
                        32.459701
                    ],
                    [
                        -110.656121,
                        32.460067
                    ],
                    [
                        -110.655396,
                        32.458679
                    ],
                    [
                        -110.656121,
                        32.457687
                    ],
                    [
                        -110.650994,
                        32.45787
                    ],
                    [
                        -110.649911,
                        32.457269
                    ],
                    [
                        -110.651001,
                        32.456482
                    ],
                    [
                        -110.653015,
                        32.455688
                    ],
                    [
                        -110.654602,
                        32.454102
                    ],
                    [
                        -110.655701,
                        32.453491
                    ],
                    [
                        -110.655083,
                        32.452255
                    ],
                    [
                        -110.654303,
                        32.451295
                    ],
                    [
                        -110.65509,
                        32.451477
                    ],
                    [
                        -110.656677,
                        32.452881
                    ],
                    [
                        -110.657104,
                        32.451904
                    ],
                    [
                        -110.658691,
                        32.451904
                    ],
                    [
                        -110.658691,
                        32.450317
                    ],
                    [
                        -110.661499,
                        32.450928
                    ],
                    [
                        -110.661987,
                        32.44989
                    ],
                    [
                        -110.664001,
                        32.449524
                    ],
                    [
                        -110.663994,
                        32.448471
                    ],
                    [
                        -110.662788,
                        32.447325
                    ],
                    [
                        -110.663696,
                        32.447083
                    ],
                    [
                        -110.664795,
                        32.447693
                    ],
                    [
                        -110.667297,
                        32.449524
                    ],
                    [
                        -110.667908,
                        32.449707
                    ],
                    [
                        -110.668823,
                        32.449097
                    ],
                    [
                        -110.670288,
                        32.450073
                    ],
                    [
                        -110.670715,
                        32.449707
                    ],
                    [
                        -110.670593,
                        32.448914
                    ],
                    [
                        -110.671082,
                        32.448486
                    ],
                    [
                        -110.672913,
                        32.448486
                    ],
                    [
                        -110.672791,
                        32.447693
                    ],
                    [
                        -110.673706,
                        32.447083
                    ],
                    [
                        -110.67511,
                        32.446899
                    ],
                    [
                        -110.675903,
                        32.446289
                    ],
                    [
                        -110.67688,
                        32.446106
                    ],
                    [
                        -110.675115,
                        32.445302
                    ],
                    [
                        -110.676208,
                        32.443726
                    ],
                    [
                        -110.677917,
                        32.443481
                    ],
                    [
                        -110.678101,
                        32.442871
                    ],
                    [
                        -110.679016,
                        32.442688
                    ],
                    [
                        -110.679504,
                        32.441711
                    ],
                    [
                        -110.681091,
                        32.441101
                    ],
                    [
                        -110.682007,
                        32.441284
                    ],
                    [
                        -110.682983,
                        32.441711
                    ],
                    [
                        -110.682922,
                        32.440674
                    ],
                    [
                        -110.684082,
                        32.440674
                    ],
                    [
                        -110.683413,
                        32.439696
                    ],
                    [
                        -110.684692,
                        32.43927
                    ],
                    [
                        -110.686218,
                        32.437927
                    ],
                    [
                        -110.68499,
                        32.437057
                    ],
                    [
                        -110.68377,
                        32.438461
                    ],
                    [
                        -110.682976,
                        32.438461
                    ],
                    [
                        -110.681694,
                        32.437668
                    ],
                    [
                        -110.680115,
                        32.437668
                    ],
                    [
                        -110.680115,
                        32.437073
                    ],
                    [
                        -110.681702,
                        32.435486
                    ],
                    [
                        -110.682007,
                        32.434875
                    ],
                    [
                        -110.682983,
                        32.434326
                    ],
                    [
                        -110.682195,
                        32.43371
                    ],
                    [
                        -110.683709,
                        32.431869
                    ],
                    [
                        -110.681816,
                        32.432296
                    ],
                    [
                        -110.680413,
                        32.433883
                    ],
                    [
                        -110.679497,
                        32.4337
                    ],
                    [
                        -110.678704,
                        32.434677
                    ],
                    [
                        -110.678093,
                        32.434677
                    ],
                    [
                        -110.677178,
                        32.435287
                    ],
                    [
                        -110.676698,
                        32.434508
                    ],
                    [
                        -110.677917,
                        32.433472
                    ],
                    [
                        -110.678223,
                        32.432129
                    ],
                    [
                        -110.679314,
                        32.43071
                    ],
                    [
                        -110.678704,
                        32.430465
                    ],
                    [
                        -110.677971,
                        32.43071
                    ],
                    [
                        -110.677178,
                        32.431503
                    ],
                    [
                        -110.674309,
                        32.432113
                    ],
                    [
                        -110.673577,
                        32.433273
                    ],
                    [
                        -110.672909,
                        32.433273
                    ],
                    [
                        -110.672607,
                        32.432129
                    ],
                    [
                        -110.672181,
                        32.431274
                    ],
                    [
                        -110.673096,
                        32.430908
                    ],
                    [
                        -110.673218,
                        32.430115
                    ],
                    [
                        -110.672433,
                        32.429501
                    ],
                    [
                        -110.675598,
                        32.428101
                    ],
                    [
                        -110.676819,
                        32.426697
                    ],
                    [
                        -110.672793,
                        32.427655
                    ],
                    [
                        -110.672913,
                        32.42688
                    ],
                    [
                        -110.673706,
                        32.426086
                    ],
                    [
                        -110.673706,
                        32.425293
                    ],
                    [
                        -110.674316,
                        32.424683
                    ],
                    [
                        -110.674309,
                        32.42369
                    ],
                    [
                        -110.673699,
                        32.423263
                    ],
                    [
                        -110.672905,
                        32.421676
                    ],
                    [
                        -110.6726,
                        32.423263
                    ],
                    [
                        -110.671013,
                        32.424911
                    ],
                    [
                        -110.670403,
                        32.424911
                    ],
                    [
                        -110.670403,
                        32.425705
                    ],
                    [
                        -110.669487,
                        32.425888
                    ],
                    [
                        -110.669793,
                        32.426681
                    ],
                    [
                        -110.669793,
                        32.427475
                    ],
                    [
                        -110.669304,
                        32.427902
                    ],
                    [
                        -110.668694,
                        32.429062
                    ],
                    [
                        -110.668206,
                        32.429489
                    ],
                    [
                        -110.666497,
                        32.429062
                    ],
                    [
                        -110.664605,
                        32.428878
                    ],
                    [
                        -110.663079,
                        32.426681
                    ],
                    [
                        -110.661797,
                        32.427658
                    ],
                    [
                        -110.66259,
                        32.42852
                    ],
                    [
                        -110.662598,
                        32.429871
                    ],
                    [
                        -110.663696,
                        32.430481
                    ],
                    [
                        -110.664001,
                        32.431091
                    ],
                    [
                        -110.664608,
                        32.431273
                    ],
                    [
                        -110.664795,
                        32.432129
                    ],
                    [
                        -110.665894,
                        32.432129
                    ],
                    [
                        -110.666988,
                        32.43292
                    ],
                    [
                        -110.66729,
                        32.434066
                    ],
                    [
                        -110.665276,
                        32.434066
                    ],
                    [
                        -110.664788,
                        32.433456
                    ],
                    [
                        -110.663384,
                        32.433456
                    ],
                    [
                        -110.662468,
                        32.43248
                    ],
                    [
                        -110.661614,
                        32.4337
                    ],
                    [
                        -110.660393,
                        32.432907
                    ],
                    [
                        -110.660088,
                        32.433456
                    ],
                    [
                        -110.6596,
                        32.433883
                    ],
                    [
                        -110.658989,
                        32.434066
                    ],
                    [
                        -110.657891,
                        32.434066
                    ],
                    [
                        -110.657097,
                        32.433273
                    ],
                    [
                        -110.65429,
                        32.433273
                    ],
                    [
                        -110.65429,
                        32.433883
                    ],
                    [
                        -110.653191,
                        32.433456
                    ],
                    [
                        -110.65252,
                        32.435287
                    ],
                    [
                        -110.651604,
                        32.435104
                    ],
                    [
                        -110.650689,
                        32.435714
                    ],
                    [
                        -110.651489,
                        32.436279
                    ],
                    [
                        -110.652581,
                        32.437491
                    ],
                    [
                        -110.652581,
                        32.438095
                    ],
                    [
                        -110.653381,
                        32.440125
                    ],
                    [
                        -110.654772,
                        32.441517
                    ],
                    [
                        -110.653984,
                        32.442062
                    ],
                    [
                        -110.653069,
                        32.441513
                    ],
                    [
                        -110.652398,
                        32.440658
                    ],
                    [
                        -110.651177,
                        32.440475
                    ],
                    [
                        -110.650689,
                        32.440109
                    ],
                    [
                        -110.649468,
                        32.439865
                    ],
                    [
                        -110.647698,
                        32.439071
                    ],
                    [
                        -110.646782,
                        32.439682
                    ],
                    [
                        -110.646172,
                        32.439254
                    ],
                    [
                        -110.642571,
                        32.439071
                    ],
                    [
                        -110.641603,
                        32.438104
                    ],
                    [
                        -110.64209,
                        32.436279
                    ],
                    [
                        -110.642029,
                        32.434326
                    ],
                    [
                        -110.643188,
                        32.433289
                    ],
                    [
                        -110.642084,
                        32.432663
                    ],
                    [
                        -110.641602,
                        32.431519
                    ],
                    [
                        -110.642205,
                        32.430465
                    ],
                    [
                        -110.640984,
                        32.430893
                    ],
                    [
                        -110.640068,
                        32.431869
                    ],
                    [
                        -110.639092,
                        32.431686
                    ],
                    [
                        -110.638176,
                        32.431869
                    ],
                    [
                        -110.638176,
                        32.432663
                    ],
                    [
                        -110.638604,
                        32.4337
                    ],
                    [
                        -110.63842,
                        32.435287
                    ],
                    [
                        -110.637505,
                        32.436081
                    ],
                    [
                        -110.636467,
                        32.435714
                    ],
                    [
                        -110.633904,
                        32.43547
                    ],
                    [
                        -110.633293,
                        32.435104
                    ],
                    [
                        -110.63189,
                        32.435104
                    ],
                    [
                        -110.631401,
                        32.43547
                    ],
                    [
                        -110.631096,
                        32.436264
                    ],
                    [
                        -110.629082,
                        32.436264
                    ],
                    [
                        -110.627678,
                        32.43486
                    ],
                    [
                        -110.626519,
                        32.43486
                    ],
                    [
                        -110.624688,
                        32.434066
                    ],
                    [
                        -110.622815,
                        32.434066
                    ],
                    [
                        -110.623901,
                        32.432678
                    ],
                    [
                        -110.626526,
                        32.431885
                    ],
                    [
                        -110.62793,
                        32.431885
                    ],
                    [
                        -110.628723,
                        32.429871
                    ],
                    [
                        -110.630981,
                        32.430725
                    ],
                    [
                        -110.631409,
                        32.429688
                    ],
                    [
                        -110.633423,
                        32.429321
                    ],
                    [
                        -110.632683,
                        32.428512
                    ],
                    [
                        -110.630924,
                        32.428088
                    ],
                    [
                        -110.631287,
                        32.42688
                    ],
                    [
                        -110.630489,
                        32.426317
                    ],
                    [
                        -110.630127,
                        32.42511
                    ],
                    [
                        -110.631226,
                        32.424927
                    ],
                    [
                        -110.631775,
                        32.425293
                    ],
                    [
                        -110.632996,
                        32.425476
                    ],
                    [
                        -110.633484,
                        32.426086
                    ],
                    [
                        -110.634277,
                        32.426514
                    ],
                    [
                        -110.63562,
                        32.427673
                    ],
                    [
                        -110.63739,
                        32.426514
                    ],
                    [
                        -110.638184,
                        32.427124
                    ],
                    [
                        -110.638794,
                        32.427124
                    ],
                    [
                        -110.639587,
                        32.42688
                    ],
                    [
                        -110.640076,
                        32.426086
                    ],
                    [
                        -110.639289,
                        32.425711
                    ],
                    [
                        -110.639702,
                        32.425094
                    ],
                    [
                        -110.638618,
                        32.424312
                    ],
                    [
                        -110.639275,
                        32.423874
                    ],
                    [
                        -110.638187,
                        32.423269
                    ],
                    [
                        -110.638611,
                        32.422119
                    ],
                    [
                        -110.638489,
                        32.419922
                    ],
                    [
                        -110.637391,
                        32.417908
                    ],
                    [
                        -110.639526,
                        32.417908
                    ],
                    [
                        -110.640076,
                        32.418518
                    ],
                    [
                        -110.640381,
                        32.419128
                    ],
                    [
                        -110.641479,
                        32.417908
                    ],
                    [
                        -110.643188,
                        32.417725
                    ],
                    [
                        -110.641487,
                        32.416681
                    ],
                    [
                        -110.642212,
                        32.416077
                    ],
                    [
                        -110.643188,
                        32.41571
                    ],
                    [
                        -110.644287,
                        32.414917
                    ],
                    [
                        -110.646301,
                        32.415527
                    ],
                    [
                        -110.647278,
                        32.416504
                    ],
                    [
                        -110.647583,
                        32.417114
                    ],
                    [
                        -110.64819,
                        32.417721
                    ],
                    [
                        -110.648376,
                        32.418274
                    ],
                    [
                        -110.649109,
                        32.418518
                    ],
                    [
                        -110.650085,
                        32.419495
                    ],
                    [
                        -110.650391,
                        32.418274
                    ],
                    [
                        -110.651184,
                        32.417908
                    ],
                    [
                        -110.650391,
                        32.416683
                    ],
                    [
                        -110.650391,
                        32.416077
                    ],
                    [
                        -110.651489,
                        32.416077
                    ],
                    [
                        -110.6521,
                        32.415527
                    ],
                    [
                        -110.651978,
                        32.414307
                    ],
                    [
                        -110.653687,
                        32.414307
                    ],
                    [
                        -110.654297,
                        32.413879
                    ],
                    [
                        -110.655212,
                        32.413696
                    ],
                    [
                        -110.654491,
                        32.413086
                    ],
                    [
                        -110.656921,
                        32.413086
                    ],
                    [
                        -110.655878,
                        32.412461
                    ],
                    [
                        -110.655518,
                        32.411499
                    ],
                    [
                        -110.655693,
                        32.409897
                    ],
                    [
                        -110.652886,
                        32.409897
                    ],
                    [
                        -110.652214,
                        32.409286
                    ],
                    [
                        -110.650881,
                        32.408862
                    ],
                    [
                        -110.650994,
                        32.408065
                    ],
                    [
                        -110.648512,
                        32.407278
                    ],
                    [
                        -110.649902,
                        32.406311
                    ],
                    [
                        -110.651794,
                        32.404297
                    ],
                    [
                        -110.651604,
                        32.402084
                    ],
                    [
                        -110.650811,
                        32.403488
                    ],
                    [
                        -110.649895,
                        32.404281
                    ],
                    [
                        -110.648505,
                        32.404463
                    ],
                    [
                        -110.64959,
                        32.402267
                    ],
                    [
                        -110.64898,
                        32.402084
                    ],
                    [
                        -110.648491,
                        32.402694
                    ],
                    [
                        -110.647576,
                        32.403061
                    ],
                    [
                        -110.645998,
                        32.402514
                    ],
                    [
                        -110.646172,
                        32.401474
                    ],
                    [
                        -110.644595,
                        32.401474
                    ],
                    [
                        -110.644897,
                        32.399719
                    ],
                    [
                        -110.644219,
                        32.39891
                    ],
                    [
                        -110.642205,
                        32.400314
                    ],
                    [
                        -110.64069,
                        32.39989
                    ],
                    [
                        -110.642205,
                        32.395065
                    ],
                    [
                        -110.640984,
                        32.395675
                    ],
                    [
                        -110.638298,
                        32.394882
                    ],
                    [
                        -110.63678,
                        32.393485
                    ],
                    [
                        -110.636902,
                        32.39209
                    ],
                    [
                        -110.636773,
                        32.39067
                    ],
                    [
                        -110.635002,
                        32.39006
                    ],
                    [
                        -110.633479,
                        32.39006
                    ],
                    [
                        -110.633179,
                        32.389099
                    ],
                    [
                        -110.633171,
                        32.388473
                    ],
                    [
                        -110.63098,
                        32.388473
                    ],
                    [
                        -110.63092,
                        32.387512
                    ],
                    [
                        -110.63208,
                        32.385681
                    ],
                    [
                        -110.63208,
                        32.384888
                    ],
                    [
                        -110.634399,
                        32.385925
                    ],
                    [
                        -110.636108,
                        32.386475
                    ],
                    [
                        -110.63678,
                        32.387695
                    ],
                    [
                        -110.637512,
                        32.387695
                    ],
                    [
                        -110.636902,
                        32.386474
                    ],
                    [
                        -110.637512,
                        32.384094
                    ],
                    [
                        -110.637085,
                        32.383479
                    ],
                    [
                        -110.637085,
                        32.38269
                    ],
                    [
                        -110.63678,
                        32.381531
                    ],
                    [
                        -110.63739,
                        32.380493
                    ],
                    [
                        -110.636773,
                        32.379867
                    ],
                    [
                        -110.636467,
                        32.379257
                    ],
                    [
                        -110.635796,
                        32.379684
                    ],
                    [
                        -110.633477,
                        32.379684
                    ],
                    [
                        -110.6325,
                        32.379074
                    ],
                    [
                        -110.630305,
                        32.379074
                    ],
                    [
                        -110.630127,
                        32.378479
                    ],
                    [
                        -110.631226,
                        32.377502
                    ],
                    [
                        -110.631226,
                        32.376282
                    ],
                    [
                        -110.630799,
                        32.375487
                    ],
                    [
                        -110.63208,
                        32.373108
                    ],
                    [
                        -110.630682,
                        32.372306
                    ],
                    [
                        -110.631409,
                        32.371277
                    ],
                    [
                        -110.63208,
                        32.371277
                    ],
                    [
                        -110.63501,
                        32.373108
                    ],
                    [
                        -110.635376,
                        32.373901
                    ],
                    [
                        -110.636108,
                        32.373901
                    ],
                    [
                        -110.637817,
                        32.372925
                    ],
                    [
                        -110.638611,
                        32.373291
                    ],
                    [
                        -110.639404,
                        32.373901
                    ],
                    [
                        -110.640503,
                        32.373291
                    ],
                    [
                        -110.642571,
                        32.373291
                    ],
                    [
                        -110.642578,
                        32.374084
                    ],
                    [
                        -110.643494,
                        32.373474
                    ],
                    [
                        -110.644409,
                        32.371704
                    ],
                    [
                        -110.642388,
                        32.371261
                    ],
                    [
                        -110.641479,
                        32.370474
                    ],
                    [
                        -110.641472,
                        32.369308
                    ],
                    [
                        -110.639905,
                        32.369851
                    ],
                    [
                        -110.640618,
                        32.368515
                    ],
                    [
                        -110.638178,
                        32.368515
                    ],
                    [
                        -110.637878,
                        32.367676
                    ],
                    [
                        -110.638176,
                        32.364914
                    ],
                    [
                        -110.636773,
                        32.364669
                    ],
                    [
                        -110.636101,
                        32.364914
                    ],
                    [
                        -110.634819,
                        32.364914
                    ],
                    [
                        -110.634209,
                        32.365463
                    ],
                    [
                        -110.633724,
                        32.365281
                    ],
                    [
                        -110.633416,
                        32.364059
                    ],
                    [
                        -110.6325,
                        32.365097
                    ],
                    [
                        -110.632073,
                        32.364669
                    ],
                    [
                        -110.628794,
                        32.364305
                    ],
                    [
                        -110.629211,
                        32.363708
                    ],
                    [
                        -110.630981,
                        32.363708
                    ],
                    [
                        -110.62719,
                        32.361679
                    ],
                    [
                        -110.626287,
                        32.360896
                    ],
                    [
                        -110.62738,
                        32.359924
                    ],
                    [
                        -110.626885,
                        32.359298
                    ],
                    [
                        -110.625444,
                        32.358698
                    ],
                    [
                        -110.626709,
                        32.358276
                    ],
                    [
                        -110.628296,
                        32.358276
                    ],
                    [
                        -110.628784,
                        32.359131
                    ],
                    [
                        -110.629822,
                        32.360107
                    ],
                    [
                        -110.629822,
                        32.359314
                    ],
                    [
                        -110.631226,
                        32.359131
                    ],
                    [
                        -110.632507,
                        32.358521
                    ],
                    [
                        -110.632996,
                        32.357483
                    ],
                    [
                        -110.633789,
                        32.357117
                    ],
                    [
                        -110.634216,
                        32.356689
                    ],
                    [
                        -110.63501,
                        32.357117
                    ],
                    [
                        -110.637512,
                        32.357117
                    ],
                    [
                        -110.638,
                        32.356323
                    ],
                    [
                        -110.638484,
                        32.356505
                    ],
                    [
                        -110.638604,
                        32.357895
                    ],
                    [
                        -110.639404,
                        32.358887
                    ],
                    [
                        -110.639526,
                        32.358276
                    ],
                    [
                        -110.640076,
                        32.357117
                    ],
                    [
                        -110.641113,
                        32.357117
                    ],
                    [
                        -110.64008,
                        32.356497
                    ],
                    [
                        -110.640808,
                        32.354919
                    ],
                    [
                        -110.64178,
                        32.355102
                    ],
                    [
                        -110.64209,
                        32.356873
                    ],
                    [
                        -110.643799,
                        32.358093
                    ],
                    [
                        -110.644409,
                        32.358704
                    ],
                    [
                        -110.645081,
                        32.358887
                    ],
                    [
                        -110.647217,
                        32.35791
                    ],
                    [
                        -110.648621,
                        32.358093
                    ],
                    [
                        -110.648193,
                        32.357117
                    ],
                    [
                        -110.647095,
                        32.356079
                    ],
                    [
                        -110.6474,
                        32.355286
                    ],
                    [
                        -110.649475,
                        32.355103
                    ],
                    [
                        -110.654724,
                        32.3573
                    ],
                    [
                        -110.65448,
                        32.35553
                    ],
                    [
                        -110.65509,
                        32.354675
                    ],
                    [
                        -110.655212,
                        32.352905
                    ],
                    [
                        -110.656006,
                        32.353271
                    ],
                    [
                        -110.656494,
                        32.353882
                    ],
                    [
                        -110.657776,
                        32.353699
                    ],
                    [
                        -110.658997,
                        32.353882
                    ],
                    [
                        -110.658997,
                        32.354919
                    ],
                    [
                        -110.661316,
                        32.354675
                    ],
                    [
                        -110.660889,
                        32.354126
                    ],
                    [
                        -110.661194,
                        32.353516
                    ],
                    [
                        -110.661499,
                        32.351501
                    ],
                    [
                        -110.663208,
                        32.351685
                    ],
                    [
                        -110.663208,
                        32.351074
                    ],
                    [
                        -110.663696,
                        32.350525
                    ],
                    [
                        -110.662781,
                        32.34967
                    ],
                    [
                        -110.663208,
                        32.349304
                    ],
                    [
                        -110.662476,
                        32.348328
                    ],
                    [
                        -110.664185,
                        32.34729
                    ],
                    [
                        -110.664795,
                        32.346313
                    ],
                    [
                        -110.66571,
                        32.346313
                    ],
                    [
                        -110.665894,
                        32.345703
                    ],
                    [
                        -110.666382,
                        32.345093
                    ],
                    [
                        -110.66803,
                        32.344482
                    ],
                    [
                        -110.669128,
                        32.343689
                    ],
                    [
                        -110.669189,
                        32.34491
                    ],
                    [
                        -110.670288,
                        32.345886
                    ],
                    [
                        -110.67218,
                        32.344727
                    ],
                    [
                        -110.673523,
                        32.344299
                    ],
                    [
                        -110.676086,
                        32.344482
                    ],
                    [
                        -110.676514,
                        32.343872
                    ],
                    [
                        -110.676086,
                        32.341919
                    ],
                    [
                        -110.673706,
                        32.341675
                    ],
                    [
                        -110.672791,
                        32.341125
                    ],
                    [
                        -110.674194,
                        32.339722
                    ],
                    [
                        -110.675903,
                        32.338501
                    ],
                    [
                        -110.676392,
                        32.339722
                    ],
                    [
                        -110.677002,
                        32.340271
                    ],
                    [
                        -110.677979,
                        32.339294
                    ],
                    [
                        -110.679321,
                        32.339905
                    ],
                    [
                        -110.679687,
                        32.339111
                    ],
                    [
                        -110.68042,
                        32.339905
                    ],
                    [
                        -110.681519,
                        32.340271
                    ],
                    [
                        -110.680603,
                        32.340881
                    ],
                    [
                        -110.680725,
                        32.341492
                    ],
                    [
                        -110.682007,
                        32.343872
                    ],
                    [
                        -110.679199,
                        32.344727
                    ],
                    [
                        -110.679321,
                        32.345703
                    ],
                    [
                        -110.678894,
                        32.347473
                    ],
                    [
                        -110.680298,
                        32.346497
                    ],
                    [
                        -110.684509,
                        32.34552
                    ],
                    [
                        -110.685913,
                        32.34613
                    ],
                    [
                        -110.686279,
                        32.344116
                    ],
                    [
                        -110.6875,
                        32.343323
                    ],
                    [
                        -110.687988,
                        32.342529
                    ],
                    [
                        -110.689514,
                        32.341125
                    ],
                    [
                        -110.690613,
                        32.340698
                    ],
                    [
                        -110.691528,
                        32.341675
                    ],
                    [
                        -110.69043,
                        32.343323
                    ],
                    [
                        -110.690125,
                        32.344116
                    ],
                    [
                        -110.691895,
                        32.34552
                    ],
                    [
                        -110.693283,
                        32.346233
                    ],
                    [
                        -110.693176,
                        32.344482
                    ],
                    [
                        -110.696716,
                        32.342102
                    ],
                    [
                        -110.69751,
                        32.340515
                    ],
                    [
                        -110.697876,
                        32.340881
                    ],
                    [
                        -110.698486,
                        32.342102
                    ],
                    [
                        -110.700012,
                        32.340881
                    ],
                    [
                        -110.702393,
                        32.340088
                    ],
                    [
                        -110.707275,
                        32.340881
                    ],
                    [
                        -110.710388,
                        32.340698
                    ],
                    [
                        -110.711975,
                        32.339905
                    ],
                    [
                        -110.713196,
                        32.339905
                    ],
                    [
                        -110.715088,
                        32.340271
                    ],
                    [
                        -110.714783,
                        32.341309
                    ],
                    [
                        -110.711609,
                        32.343872
                    ],
                    [
                        -110.710815,
                        32.344727
                    ],
                    [
                        -110.712891,
                        32.344299
                    ],
                    [
                        -110.712097,
                        32.346313
                    ],
                    [
                        -110.712219,
                        32.346924
                    ],
                    [
                        -110.713989,
                        32.345276
                    ],
                    [
                        -110.71521,
                        32.343689
                    ],
                    [
                        -110.718201,
                        32.344116
                    ],
                    [
                        -110.718201,
                        32.345276
                    ],
                    [
                        -110.718628,
                        32.345886
                    ],
                    [
                        -110.717896,
                        32.34729
                    ],
                    [
                        -110.719299,
                        32.346313
                    ],
                    [
                        -110.72052,
                        32.345703
                    ],
                    [
                        -110.721375,
                        32.34491
                    ],
                    [
                        -110.720886,
                        32.343872
                    ],
                    [
                        -110.723206,
                        32.340515
                    ],
                    [
                        -110.724426,
                        32.340881
                    ],
                    [
                        -110.724487,
                        32.339722
                    ],
                    [
                        -110.725891,
                        32.339478
                    ],
                    [
                        -110.725281,
                        32.340698
                    ],
                    [
                        -110.726196,
                        32.340881
                    ],
                    [
                        -110.727478,
                        32.341675
                    ],
                    [
                        -110.72699,
                        32.342285
                    ],
                    [
                        -110.72821,
                        32.343506
                    ],
                    [
                        -110.731812,
                        32.343506
                    ],
                    [
                        -110.733093,
                        32.342285
                    ],
                    [
                        -110.7323,
                        32.340088
                    ],
                    [
                        -110.734924,
                        32.338074
                    ],
                    [
                        -110.733398,
                        32.338074
                    ],
                    [
                        -110.732422,
                        32.33728
                    ],
                    [
                        -110.731201,
                        32.337097
                    ],
                    [
                        -110.730103,
                        32.336487
                    ],
                    [
                        -110.727905,
                        32.336121
                    ],
                    [
                        -110.727112,
                        32.33551
                    ],
                    [
                        -110.726196,
                        32.335083
                    ],
                    [
                        -110.726196,
                        32.33429
                    ],
                    [
                        -110.727905,
                        32.334106
                    ],
                    [
                        -110.730408,
                        32.334717
                    ],
                    [
                        -110.7323,
                        32.335693
                    ],
                    [
                        -110.73291,
                        32.33551
                    ],
                    [
                        -110.73291,
                        32.334106
                    ],
                    [
                        -110.733887,
                        32.33313
                    ],
                    [
                        -110.73291,
                        32.331726
                    ],
                    [
                        -110.733398,
                        32.331299
                    ],
                    [
                        -110.734009,
                        32.331299
                    ],
                    [
                        -110.735779,
                        32.330688
                    ],
                    [
                        -110.736328,
                        32.330078
                    ],
                    [
                        -110.73761,
                        32.331116
                    ],
                    [
                        -110.737976,
                        32.332092
                    ],
                    [
                        -110.739197,
                        32.33252
                    ],
                    [
                        -110.741211,
                        32.331116
                    ],
                    [
                        -110.74231,
                        32.331909
                    ],
                    [
                        -110.74231,
                        32.330688
                    ],
                    [
                        -110.74469,
                        32.329712
                    ],
                    [
                        -110.7453,
                        32.326904
                    ],
                    [
                        -110.745728,
                        32.326294
                    ],
                    [
                        -110.746094,
                        32.32428
                    ],
                    [
                        -110.746704,
                        32.324707
                    ],
                    [
                        -110.746826,
                        32.327087
                    ],
                    [
                        -110.748901,
                        32.327515
                    ],
                    [
                        -110.749023,
                        32.328491
                    ],
                    [
                        -110.747681,
                        32.330078
                    ],
                    [
                        -110.748108,
                        32.331116
                    ],
                    [
                        -110.748901,
                        32.331726
                    ],
                    [
                        -110.748108,
                        32.33252
                    ],
                    [
                        -110.747009,
                        32.332275
                    ],
                    [
                        -110.747375,
                        32.333313
                    ],
                    [
                        -110.747925,
                        32.333496
                    ],
                    [
                        -110.748291,
                        32.333923
                    ],
                    [
                        -110.751526,
                        32.332886
                    ],
                    [
                        -110.752686,
                        32.332275
                    ],
                    [
                        -110.753296,
                        32.333496
                    ],
                    [
                        -110.755127,
                        32.333313
                    ],
                    [
                        -110.756714,
                        32.332703
                    ],
                    [
                        -110.759277,
                        32.332886
                    ],
                    [
                        -110.76062,
                        32.333679
                    ],
                    [
                        -110.758301,
                        32.334473
                    ],
                    [
                        -110.755188,
                        32.337097
                    ],
                    [
                        -110.754028,
                        32.337708
                    ],
                    [
                        -110.754028,
                        32.339905
                    ],
                    [
                        -110.752686,
                        32.339478
                    ],
                    [
                        -110.750427,
                        32.340088
                    ],
                    [
                        -110.749878,
                        32.342896
                    ],
                    [
                        -110.748108,
                        32.341919
                    ],
                    [
                        -110.746582,
                        32.341919
                    ],
                    [
                        -110.746216,
                        32.341492
                    ],
                    [
                        -110.744812,
                        32.343506
                    ],
                    [
                        -110.743103,
                        32.342529
                    ],
                    [
                        -110.741882,
                        32.342529
                    ],
                    [
                        -110.741211,
                        32.343323
                    ],
                    [
                        -110.737122,
                        32.342712
                    ],
                    [
                        -110.736511,
                        32.341492
                    ],
                    [
                        -110.735107,
                        32.342102
                    ],
                    [
                        -110.734009,
                        32.342102
                    ],
                    [
                        -110.734009,
                        32.343689
                    ],
                    [
                        -110.733398,
                        32.344299
                    ],
                    [
                        -110.734009,
                        32.34552
                    ],
                    [
                        -110.732605,
                        32.345886
                    ],
                    [
                        -110.7323,
                        32.346924
                    ],
                    [
                        -110.731201,
                        32.347717
                    ],
                    [
                        -110.72821,
                        32.348511
                    ],
                    [
                        -110.729492,
                        32.349915
                    ],
                    [
                        -110.728699,
                        32.350281
                    ],
                    [
                        -110.7276,
                        32.34967
                    ],
                    [
                        -110.727417,
                        32.350708
                    ],
                    [
                        -110.725708,
                        32.353516
                    ],
                    [
                        -110.727112,
                        32.353516
                    ],
                    [
                        -110.727783,
                        32.353882
                    ],
                    [
                        -110.728394,
                        32.356079
                    ],
                    [
                        -110.72699,
                        32.358704
                    ],
                    [
                        -110.725708,
                        32.359497
                    ],
                    [
                        -110.724609,
                        32.359497
                    ],
                    [
                        -110.725098,
                        32.360291
                    ],
                    [
                        -110.726379,
                        32.360901
                    ],
                    [
                        -110.727478,
                        32.360107
                    ],
                    [
                        -110.728516,
                        32.35968
                    ],
                    [
                        -110.729492,
                        32.358887
                    ],
                    [
                        -110.731689,
                        32.359131
                    ],
                    [
                        -110.732605,
                        32.358521
                    ],
                    [
                        -110.733582,
                        32.358276
                    ],
                    [
                        -110.734619,
                        32.358887
                    ],
                    [
                        -110.735596,
                        32.358704
                    ],
                    [
                        -110.736366,
                        32.359894
                    ],
                    [
                        -110.737122,
                        32.359314
                    ],
                    [
                        -110.73761,
                        32.357483
                    ],
                    [
                        -110.739624,
                        32.356689
                    ],
                    [
                        -110.740784,
                        32.356873
                    ],
                    [
                        -110.741577,
                        32.35791
                    ],
                    [
                        -110.742493,
                        32.358521
                    ],
                    [
                        -110.743408,
                        32.358521
                    ],
                    [
                        -110.745605,
                        32.359131
                    ],
                    [
                        -110.745178,
                        32.362305
                    ],
                    [
                        -110.747925,
                        32.360474
                    ],
                    [
                        -110.749512,
                        32.360107
                    ],
                    [
                        -110.749878,
                        32.360474
                    ],
                    [
                        -110.750977,
                        32.361084
                    ],
                    [
                        -110.751221,
                        32.362671
                    ],
                    [
                        -110.752014,
                        32.363281
                    ],
                    [
                        -110.752319,
                        32.364075
                    ],
                    [
                        -110.75061,
                        32.364502
                    ],
                    [
                        -110.749023,
                        32.365479
                    ],
                    [
                        -110.747314,
                        32.366089
                    ],
                    [
                        -110.746864,
                        32.366825
                    ],
                    [
                        -110.748413,
                        32.366272
                    ],
                    [
                        -110.749207,
                        32.366272
                    ],
                    [
                        -110.751282,
                        32.365906
                    ],
                    [
                        -110.75293,
                        32.366272
                    ],
                    [
                        -110.753723,
                        32.366272
                    ],
                    [
                        -110.753784,
                        32.367493
                    ],
                    [
                        -110.751709,
                        32.369873
                    ],
                    [
                        -110.752197,
                        32.3703
                    ],
                    [
                        -110.754028,
                        32.369324
                    ],
                    [
                        -110.754395,
                        32.369873
                    ],
                    [
                        -110.756409,
                        32.367676
                    ],
                    [
                        -110.757324,
                        32.367676
                    ],
                    [
                        -110.758301,
                        32.368896
                    ],
                    [
                        -110.757996,
                        32.3703
                    ],
                    [
                        -110.758911,
                        32.371277
                    ],
                    [
                        -110.761108,
                        32.371704
                    ],
                    [
                        -110.759583,
                        32.375488
                    ],
                    [
                        -110.758789,
                        32.375671
                    ],
                    [
                        -110.759583,
                        32.376892
                    ],
                    [
                        -110.76001,
                        32.378113
                    ],
                    [
                        -110.761719,
                        32.376709
                    ],
                    [
                        -110.762512,
                        32.378479
                    ],
                    [
                        -110.762512,
                        32.38208
                    ],
                    [
                        -110.763611,
                        32.380493
                    ],
                    [
                        -110.764893,
                        32.377075
                    ],
                    [
                        -110.765686,
                        32.377502
                    ],
                    [
                        -110.766479,
                        32.377502
                    ],
                    [
                        -110.767212,
                        32.378113
                    ],
                    [
                        -110.767578,
                        32.378479
                    ],
                    [
                        -110.768311,
                        32.380127
                    ],
                    [
                        -110.769775,
                        32.378906
                    ],
                    [
                        -110.770813,
                        32.377075
                    ],
                    [
                        -110.77179,
                        32.3797
                    ],
                    [
                        -110.7724,
                        32.382874
                    ],
                    [
                        -110.773193,
                        32.382507
                    ],
                    [
                        -110.775208,
                        32.3797
                    ],
                    [
                        -110.776184,
                        32.379089
                    ],
                    [
                        -110.776794,
                        32.378479
                    ],
                    [
                        -110.777893,
                        32.378723
                    ],
                    [
                        -110.778687,
                        32.379089
                    ],
                    [
                        -110.778992,
                        32.377502
                    ],
                    [
                        -110.780396,
                        32.376892
                    ],
                    [
                        -110.782776,
                        32.376892
                    ],
                    [
                        -110.78479,
                        32.378723
                    ],
                    [
                        -110.78479,
                        32.379883
                    ],
                    [
                        -110.786377,
                        32.38031
                    ],
                    [
                        -110.786804,
                        32.380676
                    ],
                    [
                        -110.789307,
                        32.380676
                    ],
                    [
                        -110.789124,
                        32.38208
                    ],
                    [
                        -110.787781,
                        32.382507
                    ],
                    [
                        -110.785706,
                        32.384277
                    ],
                    [
                        -110.785706,
                        32.385071
                    ],
                    [
                        -110.7854,
                        32.385681
                    ],
                    [
                        -110.785889,
                        32.386292
                    ],
                    [
                        -110.785889,
                        32.386902
                    ],
                    [
                        -110.785095,
                        32.389282
                    ],
                    [
                        -110.786194,
                        32.388672
                    ],
                    [
                        -110.787109,
                        32.388489
                    ],
                    [
                        -110.788879,
                        32.387085
                    ],
                    [
                        -110.7901,
                        32.387695
                    ],
                    [
                        -110.790894,
                        32.387695
                    ],
                    [
                        -110.79248,
                        32.390076
                    ],
                    [
                        -110.792114,
                        32.391479
                    ],
                    [
                        -110.793396,
                        32.3927
                    ],
                    [
                        -110.794495,
                        32.393311
                    ],
                    [
                        -110.794678,
                        32.394714
                    ],
                    [
                        -110.796204,
                        32.395691
                    ],
                    [
                        -110.796875,
                        32.395691
                    ],
                    [
                        -110.796509,
                        32.393677
                    ],
                    [
                        -110.796509,
                        32.392883
                    ],
                    [
                        -110.796082,
                        32.391296
                    ],
                    [
                        -110.796509,
                        32.389099
                    ],
                    [
                        -110.796875,
                        32.388672
                    ],
                    [
                        -110.797607,
                        32.388489
                    ],
                    [
                        -110.797607,
                        32.386719
                    ],
                    [
                        -110.798706,
                        32.386292
                    ],
                    [
                        -110.798401,
                        32.385681
                    ],
                    [
                        -110.799194,
                        32.384888
                    ],
                    [
                        -110.7995,
                        32.384277
                    ],
                    [
                        -110.799194,
                        32.38208
                    ],
                    [
                        -110.801819,
                        32.38208
                    ],
                    [
                        -110.802124,
                        32.383301
                    ],
                    [
                        -110.803528,
                        32.383911
                    ],
                    [
                        -110.80481,
                        32.383728
                    ],
                    [
                        -110.805908,
                        32.384888
                    ],
                    [
                        -110.806213,
                        32.387085
                    ],
                    [
                        -110.808105,
                        32.387085
                    ],
                    [
                        -110.808716,
                        32.386475
                    ],
                    [
                        -110.809692,
                        32.387329
                    ],
                    [
                        -110.810913,
                        32.387695
                    ],
                    [
                        -110.812012,
                        32.387695
                    ],
                    [
                        -110.812012,
                        32.388489
                    ],
                    [
                        -110.814392,
                        32.387878
                    ],
                    [
                        -110.816895,
                        32.388489
                    ],
                    [
                        -110.818787,
                        32.388489
                    ],
                    [
                        -110.81781,
                        32.386902
                    ],
                    [
                        -110.818909,
                        32.387085
                    ],
                    [
                        -110.820312,
                        32.387695
                    ],
                    [
                        -110.819702,
                        32.386292
                    ],
                    [
                        -110.816711,
                        32.384888
                    ],
                    [
                        -110.815613,
                        32.383118
                    ],
                    [
                        -110.817322,
                        32.381104
                    ],
                    [
                        -110.814209,
                        32.381104
                    ],
                    [
                        -110.814026,
                        32.380493
                    ],
                    [
                        -110.813477,
                        32.380127
                    ],
                    [
                        -110.813477,
                        32.379272
                    ],
                    [
                        -110.812012,
                        32.379089
                    ],
                    [
                        -110.811523,
                        32.378723
                    ],
                    [
                        -110.810486,
                        32.378906
                    ],
                    [
                        -110.81012,
                        32.37793
                    ],
                    [
                        -110.81012,
                        32.377075
                    ],
                    [
                        -110.807922,
                        32.376526
                    ],
                    [
                        -110.807922,
                        32.374878
                    ],
                    [
                        -110.808228,
                        32.373718
                    ],
                    [
                        -110.809021,
                        32.37207
                    ],
                    [
                        -110.805908,
                        32.372681
                    ],
                    [
                        -110.805481,
                        32.373291
                    ],
                    [
                        -110.804993,
                        32.371521
                    ],
                    [
                        -110.803894,
                        32.3703
                    ],
                    [
                        -110.803101,
                        32.36969
                    ],
                    [
                        -110.800476,
                        32.37207
                    ],
                    [
                        -110.80011,
                        32.371521
                    ],
                    [
                        -110.7995,
                        32.371094
                    ],
                    [
                        -110.799011,
                        32.369873
                    ],
                    [
                        -110.797607,
                        32.369873
                    ],
                    [
                        -110.796509,
                        32.369324
                    ],
                    [
                        -110.797302,
                        32.366516
                    ],
                    [
                        -110.797302,
                        32.365723
                    ],
                    [
                        -110.797791,
                        32.364929
                    ],
                    [
                        -110.796509,
                        32.364502
                    ],
                    [
                        -110.796326,
                        32.362305
                    ],
                    [
                        -110.79541,
                        32.362488
                    ],
                    [
                        -110.793518,
                        32.362122
                    ],
                    [
                        -110.79071,
                        32.362915
                    ],
                    [
                        -110.789185,
                        32.362488
                    ],
                    [
                        -110.788391,
                        32.361328
                    ],
                    [
                        -110.787109,
                        32.362488
                    ],
                    [
                        -110.786377,
                        32.360291
                    ],
                    [
                        -110.787903,
                        32.358887
                    ],
                    [
                        -110.788696,
                        32.35791
                    ],
                    [
                        -110.789612,
                        32.35791
                    ],
                    [
                        -110.790405,
                        32.358887
                    ],
                    [
                        -110.791626,
                        32.358887
                    ],
                    [
                        -110.792297,
                        32.357727
                    ],
                    [
                        -110.793213,
                        32.356873
                    ],
                    [
                        -110.795593,
                        32.351685
                    ],
                    [
                        -110.796814,
                        32.352112
                    ],
                    [
                        -110.796814,
                        32.352905
                    ],
                    [
                        -110.797302,
                        32.353271
                    ],
                    [
                        -110.797607,
                        32.354126
                    ],
                    [
                        -110.799011,
                        32.355896
                    ],
                    [
                        -110.799011,
                        32.356873
                    ],
                    [
                        -110.800903,
                        32.35791
                    ],
                    [
                        -110.802307,
                        32.35791
                    ],
                    [
                        -110.802917,
                        32.359131
                    ],
                    [
                        -110.803223,
                        32.360718
                    ],
                    [
                        -110.804077,
                        32.359497
                    ],
                    [
                        -110.805115,
                        32.358521
                    ],
                    [
                        -110.805176,
                        32.35791
                    ],
                    [
                        -110.80481,
                        32.356873
                    ],
                    [
                        -110.805908,
                        32.354675
                    ],
                    [
                        -110.805603,
                        32.354126
                    ],
                    [
                        -110.80719,
                        32.350708
                    ],
                    [
                        -110.809509,
                        32.350525
                    ],
                    [
                        -110.810303,
                        32.348083
                    ],
                    [
                        -110.810791,
                        32.345703
                    ],
                    [
                        -110.811401,
                        32.350098
                    ],
                    [
                        -110.810303,
                        32.351685
                    ],
                    [
                        -110.810913,
                        32.353882
                    ],
                    [
                        -110.811279,
                        32.354309
                    ],
                    [
                        -110.811584,
                        32.35553
                    ],
                    [
                        -110.812622,
                        32.355286
                    ],
                    [
                        -110.81311,
                        32.354126
                    ],
                    [
                        -110.815125,
                        32.352112
                    ],
                    [
                        -110.816223,
                        32.352112
                    ],
                    [
                        -110.816711,
                        32.352905
                    ],
                    [
                        -110.8172,
                        32.355286
                    ],
                    [
                        -110.81781,
                        32.356079
                    ],
                    [
                        -110.818481,
                        32.356506
                    ],
                    [
                        -110.81958,
                        32.357727
                    ],
                    [
                        -110.818909,
                        32.359314
                    ],
                    [
                        -110.819824,
                        32.35968
                    ],
                    [
                        -110.820129,
                        32.360718
                    ],
                    [
                        -110.820129,
                        32.361511
                    ],
                    [
                        -110.821106,
                        32.360474
                    ],
                    [
                        -110.822083,
                        32.361084
                    ],
                    [
                        -110.821777,
                        32.358887
                    ],
                    [
                        -110.822083,
                        32.35553
                    ],
                    [
                        -110.821411,
                        32.354919
                    ],
                    [
                        -110.821411,
                        32.352905
                    ],
                    [
                        -110.82251,
                        32.351929
                    ],
                    [
                        -110.821899,
                        32.349487
                    ],
                    [
                        -110.822876,
                        32.349915
                    ],
                    [
                        -110.824097,
                        32.350525
                    ],
                    [
                        -110.825195,
                        32.352112
                    ],
                    [
                        -110.826111,
                        32.352112
                    ],
                    [
                        -110.827576,
                        32.352478
                    ],
                    [
                        -110.827576,
                        32.354919
                    ],
                    [
                        -110.829407,
                        32.356079
                    ],
                    [
                        -110.830688,
                        32.359497
                    ],
                    [
                        -110.830688,
                        32.361084
                    ],
                    [
                        -110.831482,
                        32.362488
                    ],
                    [
                        -110.831482,
                        32.363708
                    ],
                    [
                        -110.831909,
                        32.364685
                    ],
                    [
                        -110.832581,
                        32.363525
                    ],
                    [
                        -110.833191,
                        32.361877
                    ],
                    [
                        -110.83313,
                        32.360107
                    ],
                    [
                        -110.833984,
                        32.357727
                    ],
                    [
                        -110.834778,
                        32.356689
                    ],
                    [
                        -110.833984,
                        32.353882
                    ],
                    [
                        -110.833984,
                        32.351074
                    ],
                    [
                        -110.834595,
                        32.349915
                    ],
                    [
                        -110.834778,
                        32.349121
                    ],
                    [
                        -110.835388,
                        32.348083
                    ],
                    [
                        -110.835388,
                        32.346313
                    ],
                    [
                        -110.835815,
                        32.344727
                    ],
                    [
                        -110.837891,
                        32.34613
                    ],
                    [
                        -110.838684,
                        32.345886
                    ],
                    [
                        -110.840088,
                        32.346497
                    ],
                    [
                        -110.840393,
                        32.347107
                    ],
                    [
                        -110.841797,
                        32.347107
                    ],
                    [
                        -110.841797,
                        32.346497
                    ],
                    [
                        -110.84259,
                        32.346924
                    ],
                    [
                        -110.843994,
                        32.346924
                    ],
                    [
                        -110.844727,
                        32.347717
                    ],
                    [
                        -110.845581,
                        32.348328
                    ],
                    [
                        -110.848694,
                        32.347473
                    ],
                    [
                        -110.847778,
                        32.349121
                    ],
                    [
                        -110.846191,
                        32.351318
                    ],
                    [
                        -110.846313,
                        32.353516
                    ],
                    [
                        -110.84729,
                        32.352905
                    ],
                    [
                        -110.84729,
                        32.354126
                    ],
                    [
                        -110.848816,
                        32.354126
                    ],
                    [
                        -110.850708,
                        32.354675
                    ],
                    [
                        -110.85199,
                        32.356506
                    ],
                    [
                        -110.852905,
                        32.357117
                    ],
                    [
                        -110.85321,
                        32.35791
                    ],
                    [
                        -110.854004,
                        32.358276
                    ],
                    [
                        -110.854492,
                        32.359924
                    ],
                    [
                        -110.855896,
                        32.360718
                    ],
                    [
                        -110.8573,
                        32.361084
                    ],
                    [
                        -110.8573,
                        32.362122
                    ],
                    [
                        -110.856201,
                        32.363281
                    ],
                    [
                        -110.8573,
                        32.365112
                    ],
                    [
                        -110.85791,
                        32.363892
                    ],
                    [
                        -110.859985,
                        32.362915
                    ],
                    [
                        -110.862122,
                        32.367126
                    ],
                    [
                        -110.86322,
                        32.36792
                    ],
                    [
                        -110.863281,
                        32.368896
                    ],
                    [
                        -110.864075,
                        32.367676
                    ],
                    [
                        -110.863708,
                        32.365906
                    ],
                    [
                        -110.863708,
                        32.361328
                    ],
                    [
                        -110.865112,
                        32.359497
                    ],
                    [
                        -110.863281,
                        32.359131
                    ],
                    [
                        -110.86322,
                        32.358276
                    ],
                    [
                        -110.862305,
                        32.357483
                    ],
                    [
                        -110.862305,
                        32.354675
                    ],
                    [
                        -110.863708,
                        32.354309
                    ],
                    [
                        -110.862427,
                        32.350525
                    ],
                    [
                        -110.86322,
                        32.348511
                    ],
                    [
                        -110.864685,
                        32.348877
                    ],
                    [
                        -110.869202,
                        32.350525
                    ],
                    [
                        -110.870789,
                        32.350525
                    ],
                    [
                        -110.8703,
                        32.348694
                    ],
                    [
                        -110.873596,
                        32.347107
                    ],
                    [
                        -110.875488,
                        32.346313
                    ],
                    [
                        -110.877991,
                        32.348328
                    ],
                    [
                        -110.879883,
                        32.34668
                    ],
                    [
                        -110.879883,
                        32.34613
                    ],
                    [
                        -110.882385,
                        32.345276
                    ],
                    [
                        -110.883728,
                        32.34613
                    ],
                    [
                        -110.88208,
                        32.346924
                    ],
                    [
                        -110.881592,
                        32.3479
                    ],
                    [
                        -110.880676,
                        32.348877
                    ],
                    [
                        -110.879578,
                        32.349121
                    ],
                    [
                        -110.879578,
                        32.350281
                    ],
                    [
                        -110.880493,
                        32.350098
                    ],
                    [
                        -110.883728,
                        32.350891
                    ],
                    [
                        -110.883728,
                        32.351929
                    ],
                    [
                        -110.884888,
                        32.352722
                    ],
                    [
                        -110.888428,
                        32.350525
                    ],
                    [
                        -110.888489,
                        32.351685
                    ],
                    [
                        -110.887085,
                        32.354675
                    ],
                    [
                        -110.889099,
                        32.35553
                    ],
                    [
                        -110.890076,
                        32.35553
                    ],
                    [
                        -110.890686,
                        32.356079
                    ],
                    [
                        -110.892212,
                        32.355103
                    ],
                    [
                        -110.893677,
                        32.353882
                    ],
                    [
                        -110.893311,
                        32.356079
                    ],
                    [
                        -110.89209,
                        32.358093
                    ],
                    [
                        -110.890991,
                        32.361084
                    ],
                    [
                        -110.890198,
                        32.361694
                    ],
                    [
                        -110.889709,
                        32.362305
                    ],
                    [
                        -110.890198,
                        32.362671
                    ],
                    [
                        -110.891785,
                        32.361877
                    ],
                    [
                        -110.892395,
                        32.361084
                    ],
                    [
                        -110.893677,
                        32.361694
                    ],
                    [
                        -110.895996,
                        32.360474
                    ],
                    [
                        -110.897095,
                        32.361328
                    ],
                    [
                        -110.897888,
                        32.360474
                    ],
                    [
                        -110.898682,
                        32.358521
                    ],
                    [
                        -110.900085,
                        32.358521
                    ],
                    [
                        -110.904297,
                        32.356873
                    ],
                    [
                        -110.904297,
                        32.358887
                    ],
                    [
                        -110.905212,
                        32.358521
                    ],
                    [
                        -110.906189,
                        32.359314
                    ],
                    [
                        -110.907104,
                        32.359131
                    ],
                    [
                        -110.907104,
                        32.35791
                    ],
                    [
                        -110.907898,
                        32.357727
                    ],
                    [
                        -110.908386,
                        32.357117
                    ],
                    [
                        -110.910095,
                        32.35791
                    ],
                    [
                        -110.912415,
                        32.358276
                    ],
                    [
                        -110.914001,
                        32.357483
                    ],
                    [
                        -110.914001,
                        32.356079
                    ],
                    [
                        -110.916199,
                        32.356323
                    ],
                    [
                        -110.914612,
                        32.358887
                    ],
                    [
                        -110.914307,
                        32.360718
                    ],
                    [
                        -110.911194,
                        32.361877
                    ],
                    [
                        -110.90979,
                        32.363281
                    ],
                    [
                        -110.909119,
                        32.363525
                    ],
                    [
                        -110.908386,
                        32.363525
                    ],
                    [
                        -110.907776,
                        32.364502
                    ],
                    [
                        -110.906494,
                        32.363708
                    ],
                    [
                        -110.90509,
                        32.363892
                    ],
                    [
                        -110.903992,
                        32.363708
                    ],
                    [
                        -110.903687,
                        32.364685
                    ],
                    [
                        -110.90271,
                        32.365295
                    ],
                    [
                        -110.904297,
                        32.366089
                    ],
                    [
                        -110.904297,
                        32.36853
                    ],
                    [
                        -110.903687,
                        32.369873
                    ],
                    [
                        -110.902283,
                        32.370728
                    ],
                    [
                        -110.90271,
                        32.371277
                    ],
                    [
                        -110.902222,
                        32.373291
                    ],
                    [
                        -110.901001,
                        32.374695
                    ],
                    [
                        -110.900391,
                        32.374695
                    ],
                    [
                        -110.899597,
                        32.373901
                    ],
                    [
                        -110.897522,
                        32.372498
                    ],
                    [
                        -110.896301,
                        32.373474
                    ],
                    [
                        -110.897888,
                        32.374512
                    ],
                    [
                        -110.897217,
                        32.376526
                    ],
                    [
                        -110.896179,
                        32.377075
                    ],
                    [
                        -110.896179,
                        32.379272
                    ],
                    [
                        -110.897888,
                        32.378296
                    ],
                    [
                        -110.898682,
                        32.378906
                    ],
                    [
                        -110.900208,
                        32.378906
                    ],
                    [
                        -110.900391,
                        32.379883
                    ],
                    [
                        -110.901489,
                        32.381104
                    ],
                    [
                        -110.902222,
                        32.38031
                    ],
                    [
                        -110.904297,
                        32.3797
                    ],
                    [
                        -110.904602,
                        32.378479
                    ],
                    [
                        -110.905884,
                        32.378113
                    ],
                    [
                        -110.906677,
                        32.376892
                    ],
                    [
                        -110.908813,
                        32.376892
                    ],
                    [
                        -110.910889,
                        32.375488
                    ],
                    [
                        -110.911499,
                        32.375488
                    ],
                    [
                        -110.912109,
                        32.375122
                    ],
                    [
                        -110.912598,
                        32.374084
                    ],
                    [
                        -110.913208,
                        32.374084
                    ],
                    [
                        -110.914612,
                        32.373718
                    ],
                    [
                        -110.9151,
                        32.373901
                    ],
                    [
                        -110.915894,
                        32.373474
                    ],
                    [
                        -110.921204,
                        32.373291
                    ],
                    [
                        -110.922302,
                        32.372681
                    ],
                    [
                        -110.923828,
                        32.373108
                    ],
                    [
                        -110.9245,
                        32.374512
                    ],
                    [
                        -110.928406,
                        32.375122
                    ],
                    [
                        -110.928711,
                        32.376282
                    ],
                    [
                        -110.927917,
                        32.377686
                    ],
                    [
                        -110.927917,
                        32.379517
                    ],
                    [
                        -110.926575,
                        32.379089
                    ],
                    [
                        -110.925415,
                        32.3797
                    ],
                    [
                        -110.924805,
                        32.3797
                    ],
                    [
                        -110.923584,
                        32.38092
                    ],
                    [
                        -110.920898,
                        32.378113
                    ],
                    [
                        -110.919189,
                        32.377075
                    ],
                    [
                        -110.918213,
                        32.377686
                    ],
                    [
                        -110.916992,
                        32.37793
                    ],
                    [
                        -110.916199,
                        32.379089
                    ],
                    [
                        -110.916199,
                        32.3797
                    ],
                    [
                        -110.915405,
                        32.380493
                    ],
                    [
                        -110.914978,
                        32.382507
                    ],
                    [
                        -110.913696,
                        32.382874
                    ],
                    [
                        -110.911926,
                        32.382874
                    ],
                    [
                        -110.910706,
                        32.385071
                    ],
                    [
                        -110.911804,
                        32.386292
                    ],
                    [
                        -110.910828,
                        32.386292
                    ],
                    [
                        -110.90802,
                        32.384888
                    ],
                    [
                        -110.90741,
                        32.385315
                    ],
                    [
                        -110.906982,
                        32.386108
                    ],
                    [
                        -110.906189,
                        32.385681
                    ],
                    [
                        -110.904602,
                        32.385681
                    ],
                    [
                        -110.903198,
                        32.386108
                    ],
                    [
                        -110.901489,
                        32.385498
                    ],
                    [
                        -110.901489,
                        32.386292
                    ],
                    [
                        -110.9021,
                        32.386902
                    ],
                    [
                        -110.901306,
                        32.386902
                    ],
                    [
                        -110.900391,
                        32.386292
                    ],
                    [
                        -110.898987,
                        32.386108
                    ],
                    [
                        -110.898499,
                        32.385498
                    ],
                    [
                        -110.897095,
                        32.384888
                    ],
                    [
                        -110.896179,
                        32.384277
                    ],
                    [
                        -110.894592,
                        32.385315
                    ],
                    [
                        -110.894592,
                        32.386108
                    ],
                    [
                        -110.895386,
                        32.386475
                    ],
                    [
                        -110.895386,
                        32.387085
                    ],
                    [
                        -110.895996,
                        32.387329
                    ],
                    [
                        -110.895813,
                        32.388123
                    ],
                    [
                        -110.897095,
                        32.388489
                    ],
                    [
                        -110.896606,
                        32.389282
                    ],
                    [
                        -110.89801,
                        32.390076
                    ],
                    [
                        -110.895996,
                        32.391296
                    ],
                    [
                        -110.895691,
                        32.390686
                    ],
                    [
                        -110.893982,
                        32.389526
                    ],
                    [
                        -110.893982,
                        32.388489
                    ],
                    [
                        -110.891113,
                        32.386902
                    ],
                    [
                        -110.890381,
                        32.387085
                    ],
                    [
                        -110.890686,
                        32.387695
                    ],
                    [
                        -110.890686,
                        32.388489
                    ],
                    [
                        -110.890991,
                        32.389099
                    ],
                    [
                        -110.889404,
                        32.389709
                    ],
                    [
                        -110.890015,
                        32.391113
                    ],
                    [
                        -110.888977,
                        32.391907
                    ],
                    [
                        -110.888611,
                        32.3927
                    ],
                    [
                        -110.88501,
                        32.392883
                    ],
                    [
                        -110.884583,
                        32.393494
                    ],
                    [
                        -110.883728,
                        32.393921
                    ],
                    [
                        -110.885498,
                        32.395081
                    ],
                    [
                        -110.884888,
                        32.396484
                    ],
                    [
                        -110.886597,
                        32.397095
                    ],
                    [
                        -110.886108,
                        32.397705
                    ],
                    [
                        -110.886475,
                        32.398926
                    ],
                    [
                        -110.888977,
                        32.401917
                    ],
                    [
                        -110.887085,
                        32.4021
                    ],
                    [
                        -110.885376,
                        32.403503
                    ],
                    [
                        -110.884583,
                        32.40332
                    ],
                    [
                        -110.884277,
                        32.401917
                    ],
                    [
                        -110.883484,
                        32.403503
                    ],
                    [
                        -110.881592,
                        32.402283
                    ],
                    [
                        -110.880981,
                        32.403503
                    ],
                    [
                        -110.88092,
                        32.404297
                    ],
                    [
                        -110.879395,
                        32.403503
                    ],
                    [
                        -110.879211,
                        32.400879
                    ],
                    [
                        -110.877319,
                        32.399109
                    ],
                    [
                        -110.876282,
                        32.400085
                    ],
                    [
                        -110.875977,
                        32.398499
                    ],
                    [
                        -110.875305,
                        32.398315
                    ],
                    [
                        -110.873596,
                        32.398315
                    ],
                    [
                        -110.872375,
                        32.396118
                    ],
                    [
                        -110.874023,
                        32.395508
                    ],
                    [
                        -110.874512,
                        32.395081
                    ],
                    [
                        -110.875977,
                        32.395081
                    ],
                    [
                        -110.877075,
                        32.394714
                    ],
                    [
                        -110.878113,
                        32.393677
                    ],
                    [
                        -110.876099,
                        32.393921
                    ],
                    [
                        -110.874084,
                        32.393494
                    ],
                    [
                        -110.872009,
                        32.391113
                    ],
                    [
                        -110.871521,
                        32.3927
                    ],
                    [
                        -110.871521,
                        32.393677
                    ],
                    [
                        -110.869812,
                        32.394104
                    ],
                    [
                        -110.86908,
                        32.39447
                    ],
                    [
                        -110.867981,
                        32.393677
                    ],
                    [
                        -110.867615,
                        32.394714
                    ],
                    [
                        -110.866577,
                        32.396301
                    ],
                    [
                        -110.865417,
                        32.396912
                    ],
                    [
                        -110.865417,
                        32.397522
                    ],
                    [
                        -110.869019,
                        32.397278
                    ],
                    [
                        -110.869324,
                        32.397888
                    ],
                    [
                        -110.869995,
                        32.398315
                    ],
                    [
                        -110.870911,
                        32.401917
                    ],
                    [
                        -110.871826,
                        32.403503
                    ],
                    [
                        -110.872375,
                        32.40509
                    ],
                    [
                        -110.871521,
                        32.405518
                    ],
                    [
                        -110.867798,
                        32.405884
                    ],
                    [
                        -110.866821,
                        32.406311
                    ],
                    [
                        -110.86499,
                        32.406311
                    ],
                    [
                        -110.863281,
                        32.405273
                    ],
                    [
                        -110.862,
                        32.406311
                    ],
                    [
                        -110.859497,
                        32.40509
                    ],
                    [
                        -110.858093,
                        32.405273
                    ],
                    [
                        -110.859802,
                        32.402283
                    ],
                    [
                        -110.857422,
                        32.401672
                    ],
                    [
                        -110.856995,
                        32.40271
                    ],
                    [
                        -110.855408,
                        32.4021
                    ],
                    [
                        -110.854492,
                        32.401917
                    ],
                    [
                        -110.853394,
                        32.401123
                    ],
                    [
                        -110.852905,
                        32.402893
                    ],
                    [
                        -110.852295,
                        32.404297
                    ],
                    [
                        -110.851685,
                        32.404907
                    ],
                    [
                        -110.850708,
                        32.404907
                    ],
                    [
                        -110.84729,
                        32.405884
                    ],
                    [
                        -110.847107,
                        32.406921
                    ],
                    [
                        -110.843079,
                        32.408325
                    ],
                    [
                        -110.846313,
                        32.409119
                    ],
                    [
                        -110.846802,
                        32.409729
                    ],
                    [
                        -110.8479,
                        32.409302
                    ],
                    [
                        -110.853699,
                        32.409302
                    ],
                    [
                        -110.852905,
                        32.410522
                    ],
                    [
                        -110.853394,
                        32.411682
                    ],
                    [
                        -110.855896,
                        32.414307
                    ],
                    [
                        -110.857605,
                        32.414307
                    ],
                    [
                        -110.856995,
                        32.415527
                    ],
                    [
                        -110.856201,
                        32.416321
                    ],
                    [
                        -110.855713,
                        32.417114
                    ],
                    [
                        -110.854492,
                        32.417725
                    ],
                    [
                        -110.854492,
                        32.418274
                    ],
                    [
                        -110.856384,
                        32.419128
                    ],
                    [
                        -110.85791,
                        32.422913
                    ],
                    [
                        -110.859375,
                        32.423279
                    ],
                    [
                        -110.862183,
                        32.423279
                    ],
                    [
                        -110.866516,
                        32.423889
                    ],
                    [
                        -110.868286,
                        32.4245
                    ],
                    [
                        -110.869019,
                        32.42511
                    ],
                    [
                        -110.866821,
                        32.425903
                    ],
                    [
                        -110.865784,
                        32.427307
                    ],
                    [
                        -110.864807,
                        32.42688
                    ],
                    [
                        -110.864319,
                        32.427124
                    ],
                    [
                        -110.861511,
                        32.426514
                    ],
                    [
                        -110.861511,
                        32.427124
                    ],
                    [
                        -110.861206,
                        32.427917
                    ],
                    [
                        -110.861206,
                        32.429077
                    ],
                    [
                        -110.860413,
                        32.429321
                    ],
                    [
                        -110.859802,
                        32.429871
                    ],
                    [
                        -110.861206,
                        32.431519
                    ],
                    [
                        -110.859802,
                        32.431885
                    ],
                    [
                        -110.856812,
                        32.430908
                    ],
                    [
                        -110.855713,
                        32.431274
                    ],
                    [
                        -110.854004,
                        32.430481
                    ],
                    [
                        -110.85199,
                        32.430481
                    ],
                    [
                        -110.851501,
                        32.429871
                    ],
                    [
                        -110.850403,
                        32.429688
                    ],
                    [
                        -110.848694,
                        32.430725
                    ],
                    [
                        -110.848206,
                        32.430115
                    ],
                    [
                        -110.847717,
                        32.429871
                    ],
                    [
                        -110.846008,
                        32.42749
                    ],
                    [
                        -110.845215,
                        32.427673
                    ],
                    [
                        -110.844788,
                        32.428711
                    ],
                    [
                        -110.84259,
                        32.429077
                    ],
                    [
                        -110.84021,
                        32.428284
                    ],
                    [
                        -110.840698,
                        32.429077
                    ],
                    [
                        -110.840698,
                        32.430481
                    ],
                    [
                        -110.84198,
                        32.432312
                    ],
                    [
                        -110.841492,
                        32.433289
                    ],
                    [
                        -110.839478,
                        32.434082
                    ],
                    [
                        -110.837585,
                        32.434082
                    ],
                    [
                        -110.83728,
                        32.434875
                    ],
                    [
                        -110.838989,
                        32.436523
                    ],
                    [
                        -110.838989,
                        32.437073
                    ],
                    [
                        -110.8396,
                        32.438293
                    ],
                    [
                        -110.840881,
                        32.439697
                    ],
                    [
                        -110.842224,
                        32.440491
                    ],
                    [
                        -110.84259,
                        32.441284
                    ],
                    [
                        -110.84259,
                        32.442078
                    ],
                    [
                        -110.839478,
                        32.442505
                    ],
                    [
                        -110.838501,
                        32.442871
                    ],
                    [
                        -110.837891,
                        32.443298
                    ],
                    [
                        -110.83728,
                        32.444275
                    ],
                    [
                        -110.836487,
                        32.445129
                    ],
                    [
                        -110.835693,
                        32.445129
                    ],
                    [
                        -110.835388,
                        32.446289
                    ],
                    [
                        -110.834778,
                        32.447327
                    ],
                    [
                        -110.834412,
                        32.44928
                    ],
                    [
                        -110.833191,
                        32.449707
                    ],
                    [
                        -110.833984,
                        32.450684
                    ],
                    [
                        -110.83429,
                        32.451477
                    ],
                    [
                        -110.832886,
                        32.452515
                    ],
                    [
                        -110.836792,
                        32.455872
                    ],
                    [
                        -110.837585,
                        32.456909
                    ],
                    [
                        -110.838318,
                        32.458313
                    ],
                    [
                        -110.841187,
                        32.458923
                    ],
                    [
                        -110.841187,
                        32.459473
                    ],
                    [
                        -110.839111,
                        32.459106
                    ],
                    [
                        -110.837708,
                        32.459106
                    ],
                    [
                        -110.830505,
                        32.460876
                    ],
                    [
                        -110.830078,
                        32.462097
                    ],
                    [
                        -110.830811,
                        32.463501
                    ],
                    [
                        -110.831482,
                        32.463501
                    ],
                    [
                        -110.832092,
                        32.464111
                    ],
                    [
                        -110.832092,
                        32.465698
                    ],
                    [
                        -110.836792,
                        32.47229
                    ],
                    [
                        -110.839294,
                        32.47467
                    ],
                    [
                        -110.835999,
                        32.476929
                    ],
                    [
                        -110.833679,
                        32.477722
                    ],
                    [
                        -110.831482,
                        32.477905
                    ],
                    [
                        -110.828979,
                        32.478516
                    ],
                    [
                        -110.828979,
                        32.481689
                    ],
                    [
                        -110.828308,
                        32.482727
                    ],
                    [
                        -110.826782,
                        32.484314
                    ],
                    [
                        -110.825989,
                        32.484924
                    ],
                    [
                        -110.825989,
                        32.485718
                    ],
                    [
                        -110.826721,
                        32.486511
                    ],
                    [
                        -110.827576,
                        32.489319
                    ],
                    [
                        -110.828186,
                        32.490479
                    ],
                    [
                        -110.828613,
                        32.492676
                    ],
                    [
                        -110.827209,
                        32.494324
                    ],
                    [
                        -110.826721,
                        32.496094
                    ],
                    [
                        -110.825317,
                        32.4953
                    ],
                    [
                        -110.824707,
                        32.495911
                    ],
                    [
                        -110.821777,
                        32.493896
                    ],
                    [
                        -110.81958,
                        32.493286
                    ],
                    [
                        -110.818909,
                        32.494507
                    ],
                    [
                        -110.818298,
                        32.49707
                    ],
                    [
                        -110.81781,
                        32.497925
                    ],
                    [
                        -110.817627,
                        32.498901
                    ],
                    [
                        -110.816895,
                        32.499878
                    ],
                    [
                        -110.816528,
                        32.500671
                    ],
                    [
                        -110.816223,
                        32.503113
                    ],
                    [
                        -110.816223,
                        32.506287
                    ],
                    [
                        -110.815613,
                        32.506897
                    ],
                    [
                        -110.814575,
                        32.508484
                    ],
                    [
                        -110.812042,
                        32.513626
                    ],
                    [
                        -110.811722,
                        32.513622
                    ],
                    [
                        -110.811401,
                        32.515312
                    ],
                    [
                        -110.810608,
                        32.516281
                    ],
                    [
                        -110.810608,
                        32.51709
                    ],
                    [
                        -110.811096,
                        32.517883
                    ],
                    [
                        -110.812012,
                        32.5177
                    ],
                    [
                        -110.814209,
                        32.519897
                    ],
                    [
                        -110.816101,
                        32.519897
                    ],
                    [
                        -110.816528,
                        32.521301
                    ],
                    [
                        -110.818787,
                        32.522705
                    ],
                    [
                        -110.820312,
                        32.522888
                    ],
                    [
                        -110.823425,
                        32.522888
                    ],
                    [
                        -110.825012,
                        32.524109
                    ],
                    [
                        -110.822388,
                        32.524902
                    ],
                    [
                        -110.821899,
                        32.525513
                    ],
                    [
                        -110.819885,
                        32.525696
                    ],
                    [
                        -110.81958,
                        32.526489
                    ],
                    [
                        -110.817383,
                        32.529114
                    ],
                    [
                        -110.818787,
                        32.529114
                    ],
                    [
                        -110.819275,
                        32.530273
                    ],
                    [
                        -110.820618,
                        32.530884
                    ],
                    [
                        -110.821106,
                        32.532104
                    ],
                    [
                        -110.820496,
                        32.533325
                    ],
                    [
                        -110.823486,
                        32.535278
                    ],
                    [
                        -110.823486,
                        32.536682
                    ],
                    [
                        -110.822388,
                        32.537109
                    ],
                    [
                        -110.821411,
                        32.53772
                    ],
                    [
                        -110.819092,
                        32.538513
                    ],
                    [
                        -110.81842,
                        32.540283
                    ],
                    [
                        -110.816406,
                        32.538879
                    ],
                    [
                        -110.81543,
                        32.537109
                    ],
                    [
                        -110.81488,
                        32.535278
                    ],
                    [
                        -110.812988,
                        32.534729
                    ],
                    [
                        -110.812012,
                        32.533325
                    ],
                    [
                        -110.810913,
                        32.532898
                    ],
                    [
                        -110.810608,
                        32.532288
                    ],
                    [
                        -110.809509,
                        32.531921
                    ],
                    [
                        -110.808228,
                        32.531921
                    ],
                    [
                        -110.80658,
                        32.531311
                    ],
                    [
                        -110.806213,
                        32.532104
                    ],
                    [
                        -110.807129,
                        32.533875
                    ],
                    [
                        -110.806824,
                        32.534912
                    ],
                    [
                        -110.804504,
                        32.535706
                    ],
                    [
                        -110.802979,
                        32.535522
                    ],
                    [
                        -110.801514,
                        32.534302
                    ],
                    [
                        -110.801208,
                        32.532898
                    ],
                    [
                        -110.801208,
                        32.532104
                    ],
                    [
                        -110.800415,
                        32.531311
                    ],
                    [
                        -110.799194,
                        32.530518
                    ],
                    [
                        -110.797913,
                        32.53009
                    ],
                    [
                        -110.797607,
                        32.528076
                    ],
                    [
                        -110.798706,
                        32.5271
                    ],
                    [
                        -110.799011,
                        32.526489
                    ],
                    [
                        -110.800293,
                        32.525696
                    ],
                    [
                        -110.801575,
                        32.526123
                    ],
                    [
                        -110.802612,
                        32.526917
                    ],
                    [
                        -110.803223,
                        32.5271
                    ],
                    [
                        -110.80481,
                        32.528687
                    ],
                    [
                        -110.805176,
                        32.527893
                    ],
                    [
                        -110.805115,
                        32.527283
                    ],
                    [
                        -110.805481,
                        32.526672
                    ],
                    [
                        -110.805115,
                        32.524902
                    ],
                    [
                        -110.805176,
                        32.522888
                    ],
                    [
                        -110.770386,
                        32.523315
                    ],
                    [
                        -110.770081,
                        32.524475
                    ],
                    [
                        -110.768677,
                        32.524719
                    ],
                    [
                        -110.770081,
                        32.525696
                    ],
                    [
                        -110.767212,
                        32.526917
                    ],
                    [
                        -110.767883,
                        32.5271
                    ],
                    [
                        -110.768188,
                        32.528076
                    ],
                    [
                        -110.769409,
                        32.52832
                    ],
                    [
                        -110.769775,
                        32.529114
                    ],
                    [
                        -110.768494,
                        32.530518
                    ],
                    [
                        -110.770691,
                        32.530884
                    ],
                    [
                        -110.770691,
                        32.532288
                    ],
                    [
                        -110.771484,
                        32.532715
                    ],
                    [
                        -110.771484,
                        32.534119
                    ],
                    [
                        -110.770386,
                        32.534119
                    ],
                    [
                        -110.769287,
                        32.535278
                    ],
                    [
                        -110.768188,
                        32.535278
                    ],
                    [
                        -110.768005,
                        32.537109
                    ],
                    [
                        -110.769287,
                        32.536316
                    ],
                    [
                        -110.770203,
                        32.536072
                    ],
                    [
                        -110.770691,
                        32.536682
                    ],
                    [
                        -110.772217,
                        32.537292
                    ],
                    [
                        -110.772705,
                        32.538513
                    ],
                    [
                        -110.772095,
                        32.538879
                    ],
                    [
                        -110.771729,
                        32.53949
                    ],
                    [
                        -110.773376,
                        32.541504
                    ],
                    [
                        -110.772522,
                        32.543091
                    ],
                    [
                        -110.771118,
                        32.543701
                    ],
                    [
                        -110.773193,
                        32.544312
                    ],
                    [
                        -110.77478,
                        32.545715
                    ],
                    [
                        -110.773926,
                        32.547119
                    ],
                    [
                        -110.774902,
                        32.548889
                    ],
                    [
                        -110.774475,
                        32.549927
                    ],
                    [
                        -110.775085,
                        32.55011
                    ],
                    [
                        -110.775696,
                        32.551331
                    ],
                    [
                        -110.775085,
                        32.552124
                    ],
                    [
                        -110.776001,
                        32.553284
                    ],
                    [
                        -110.773804,
                        32.554504
                    ],
                    [
                        -110.773232,
                        32.554104
                    ],
                    [
                        -110.771423,
                        32.554871
                    ],
                    [
                        -110.770081,
                        32.554871
                    ],
                    [
                        -110.770386,
                        32.555481
                    ],
                    [
                        -110.772217,
                        32.557312
                    ],
                    [
                        -110.770203,
                        32.558105
                    ],
                    [
                        -110.768677,
                        32.557922
                    ],
                    [
                        -110.767883,
                        32.557129
                    ],
                    [
                        -110.766479,
                        32.556885
                    ],
                    [
                        -110.765991,
                        32.556274
                    ],
                    [
                        -110.765076,
                        32.556274
                    ],
                    [
                        -110.764587,
                        32.555725
                    ],
                    [
                        -110.763,
                        32.555725
                    ],
                    [
                        -110.763611,
                        32.556274
                    ],
                    [
                        -110.763916,
                        32.556885
                    ],
                    [
                        -110.762085,
                        32.557678
                    ],
                    [
                        -110.763977,
                        32.557922
                    ],
                    [
                        -110.766602,
                        32.559875
                    ],
                    [
                        -110.76709,
                        32.56073
                    ],
                    [
                        -110.763611,
                        32.560486
                    ],
                    [
                        -110.762817,
                        32.560913
                    ],
                    [
                        -110.763611,
                        32.561707
                    ],
                    [
                        -110.763977,
                        32.562683
                    ],
                    [
                        -110.765076,
                        32.563293
                    ],
                    [
                        -110.764587,
                        32.563721
                    ],
                    [
                        -110.764282,
                        32.564697
                    ],
                    [
                        -110.763,
                        32.565125
                    ],
                    [
                        -110.762512,
                        32.56427
                    ],
                    [
                        -110.761902,
                        32.563904
                    ],
                    [
                        -110.760681,
                        32.563904
                    ],
                    [
                        -110.759277,
                        32.563293
                    ],
                    [
                        -110.759277,
                        32.563904
                    ],
                    [
                        -110.757812,
                        32.56427
                    ],
                    [
                        -110.757507,
                        32.565491
                    ],
                    [
                        -110.758911,
                        32.565491
                    ],
                    [
                        -110.757629,
                        32.566284
                    ],
                    [
                        -110.758629,
                        32.566841
                    ],
                    [
                        -110.757812,
                        32.567505
                    ],
                    [
                        -110.757812,
                        32.569092
                    ],
                    [
                        -110.758484,
                        32.570679
                    ],
                    [
                        -110.757385,
                        32.571289
                    ],
                    [
                        -110.755981,
                        32.571289
                    ],
                    [
                        -110.755676,
                        32.57251
                    ],
                    [
                        -110.755127,
                        32.573303
                    ],
                    [
                        -110.755981,
                        32.574097
                    ],
                    [
                        -110.755981,
                        32.575317
                    ],
                    [
                        -110.756775,
                        32.575684
                    ],
                    [
                        -110.757507,
                        32.575073
                    ],
                    [
                        -110.758118,
                        32.575684
                    ],
                    [
                        -110.758911,
                        32.575684
                    ],
                    [
                        -110.759399,
                        32.57489
                    ],
                    [
                        -110.760376,
                        32.5755
                    ],
                    [
                        -110.759399,
                        32.577515
                    ],
                    [
                        -110.760681,
                        32.577271
                    ],
                    [
                        -110.761475,
                        32.577515
                    ],
                    [
                        -110.76178,
                        32.578674
                    ],
                    [
                        -110.762817,
                        32.579285
                    ],
                    [
                        -110.763184,
                        32.580322
                    ],
                    [
                        -110.761902,
                        32.581116
                    ],
                    [
                        -110.76239,
                        32.581909
                    ],
                    [
                        -110.763,
                        32.58252
                    ],
                    [
                        -110.762512,
                        32.583313
                    ],
                    [
                        -110.762695,
                        32.584106
                    ],
                    [
                        -110.761902,
                        32.584473
                    ],
                    [
                        -110.760925,
                        32.585876
                    ],
                    [
                        -110.759583,
                        32.585083
                    ],
                    [
                        -110.758728,
                        32.586121
                    ],
                    [
                        -110.758789,
                        32.587097
                    ],
                    [
                        -110.757812,
                        32.58728
                    ],
                    [
                        -110.757507,
                        32.589111
                    ],
                    [
                        -110.756104,
                        32.588318
                    ],
                    [
                        -110.7547,
                        32.589111
                    ]
                ]
            ],
            [
                [
                    [
                        -110.522095,
                        32.274894
                    ],
                    [
                        -110.522087,
                        32.274093
                    ],
                    [
                        -110.521172,
                        32.274093
                    ],
                    [
                        -110.520684,
                        32.274704
                    ],
                    [
                        -110.519403,
                        32.274277
                    ],
                    [
                        -110.518792,
                        32.27269
                    ],
                    [
                        -110.515496,
                        32.27269
                    ],
                    [
                        -110.514587,
                        32.270874
                    ],
                    [
                        -110.514587,
                        32.2677
                    ],
                    [
                        -110.514893,
                        32.266724
                    ],
                    [
                        -110.516479,
                        32.265686
                    ],
                    [
                        -110.517693,
                        32.264511
                    ],
                    [
                        -110.515374,
                        32.264877
                    ],
                    [
                        -110.512505,
                        32.264877
                    ],
                    [
                        -110.512078,
                        32.26567
                    ],
                    [
                        -110.510979,
                        32.26567
                    ],
                    [
                        -110.510308,
                        32.266098
                    ],
                    [
                        -110.510978,
                        32.267259
                    ],
                    [
                        -110.510002,
                        32.268661
                    ],
                    [
                        -110.509819,
                        32.269882
                    ],
                    [
                        -110.506768,
                        32.270858
                    ],
                    [
                        -110.506401,
                        32.272873
                    ],
                    [
                        -110.503784,
                        32.272264
                    ],
                    [
                        -110.503723,
                        32.270874
                    ],
                    [
                        -110.504204,
                        32.269699
                    ],
                    [
                        -110.501702,
                        32.269272
                    ],
                    [
                        -110.500494,
                        32.268125
                    ],
                    [
                        -110.502991,
                        32.266907
                    ],
                    [
                        -110.505615,
                        32.266907
                    ],
                    [
                        -110.50708,
                        32.266479
                    ],
                    [
                        -110.50708,
                        32.265686
                    ],
                    [
                        -110.507812,
                        32.265076
                    ],
                    [
                        -110.509583,
                        32.261902
                    ],
                    [
                        -110.509888,
                        32.259888
                    ],
                    [
                        -110.509697,
                        32.258896
                    ],
                    [
                        -110.50811,
                        32.259689
                    ],
                    [
                        -110.506279,
                        32.259689
                    ],
                    [
                        -110.504387,
                        32.260299
                    ],
                    [
                        -110.503594,
                        32.261093
                    ],
                    [
                        -110.502373,
                        32.261459
                    ],
                    [
                        -110.501702,
                        32.261459
                    ],
                    [
                        -110.500605,
                        32.262068
                    ],
                    [
                        -110.499871,
                        32.259872
                    ],
                    [
                        -110.499023,
                        32.259085
                    ],
                    [
                        -110.499023,
                        32.25769
                    ],
                    [
                        -110.499329,
                        32.256531
                    ],
                    [
                        -110.499512,
                        32.254272
                    ],
                    [
                        -110.500427,
                        32.252686
                    ],
                    [
                        -110.500176,
                        32.25151
                    ],
                    [
                        -110.499382,
                        32.2509
                    ],
                    [
                        -110.499016,
                        32.251693
                    ],
                    [
                        -110.497673,
                        32.252487
                    ],
                    [
                        -110.496514,
                        32.25206
                    ],
                    [
                        -110.495476,
                        32.251083
                    ],
                    [
                        -110.493706,
                        32.250107
                    ],
                    [
                        -110.493401,
                        32.2509
                    ],
                    [
                        -110.491997,
                        32.25267
                    ],
                    [
                        -110.49157,
                        32.25206
                    ],
                    [
                        -110.488521,
                        32.25206
                    ],
                    [
                        -110.488213,
                        32.251083
                    ],
                    [
                        -110.487001,
                        32.250477
                    ],
                    [
                        -110.487122,
                        32.249695
                    ],
                    [
                        -110.486511,
                        32.248714
                    ],
                    [
                        -110.486328,
                        32.246704
                    ],
                    [
                        -110.485894,
                        32.245468
                    ],
                    [
                        -110.484002,
                        32.246689
                    ],
                    [
                        -110.481506,
                        32.245897
                    ],
                    [
                        -110.481506,
                        32.245117
                    ],
                    [
                        -110.481812,
                        32.243896
                    ],
                    [
                        -110.479918,
                        32.242664
                    ],
                    [
                        -110.47979,
                        32.241501
                    ],
                    [
                        -110.478691,
                        32.241073
                    ],
                    [
                        -110.477905,
                        32.239501
                    ],
                    [
                        -110.477898,
                        32.237655
                    ],
                    [
                        -110.475884,
                        32.238876
                    ],
                    [
                        -110.475891,
                        32.239685
                    ],
                    [
                        -110.476497,
                        32.239685
                    ],
                    [
                        -110.476799,
                        32.241501
                    ],
                    [
                        -110.476006,
                        32.242111
                    ],
                    [
                        -110.474785,
                        32.242111
                    ],
                    [
                        -110.47387,
                        32.243271
                    ],
                    [
                        -110.472771,
                        32.243698
                    ],
                    [
                        -110.472283,
                        32.244857
                    ],
                    [
                        -110.471672,
                        32.247482
                    ],
                    [
                        -110.4721,
                        32.249313
                    ],
                    [
                        -110.471367,
                        32.249679
                    ],
                    [
                        -110.470399,
                        32.248106
                    ],
                    [
                        -110.470879,
                        32.247055
                    ],
                    [
                        -110.469475,
                        32.245285
                    ],
                    [
                        -110.468382,
                        32.244313
                    ],
                    [
                        -110.468193,
                        32.243271
                    ],
                    [
                        -110.467278,
                        32.242904
                    ],
                    [
                        -110.465874,
                        32.241867
                    ],
                    [
                        -110.465081,
                        32.242904
                    ],
                    [
                        -110.463189,
                        32.241867
                    ],
                    [
                        -110.460991,
                        32.240463
                    ],
                    [
                        -110.460393,
                        32.239924
                    ],
                    [
                        -110.461426,
                        32.238708
                    ],
                    [
                        -110.460384,
                        32.237659
                    ],
                    [
                        -110.460083,
                        32.236694
                    ],
                    [
                        -110.461487,
                        32.234924
                    ],
                    [
                        -110.462585,
                        32.232727
                    ],
                    [
                        -110.459229,
                        32.232285
                    ],
                    [
                        -110.459282,
                        32.230087
                    ],
                    [
                        -110.457588,
                        32.228877
                    ],
                    [
                        -110.458496,
                        32.228271
                    ],
                    [
                        -110.458313,
                        32.227112
                    ],
                    [
                        -110.456791,
                        32.225096
                    ],
                    [
                        -110.458313,
                        32.224487
                    ],
                    [
                        -110.459229,
                        32.223511
                    ],
                    [
                        -110.458497,
                        32.222289
                    ],
                    [
                        -110.4599,
                        32.220886
                    ],
                    [
                        -110.460388,
                        32.21991
                    ],
                    [
                        -110.459778,
                        32.218688
                    ],
                    [
                        -110.4599,
                        32.217712
                    ],
                    [
                        -110.459778,
                        32.216492
                    ],
                    [
                        -110.461972,
                        32.217101
                    ],
                    [
                        -110.462402,
                        32.218689
                    ],
                    [
                        -110.464111,
                        32.219299
                    ],
                    [
                        -110.465088,
                        32.220276
                    ],
                    [
                        -110.465393,
                        32.218689
                    ],
                    [
                        -110.465515,
                        32.214111
                    ],
                    [
                        -110.466184,
                        32.213686
                    ],
                    [
                        -110.46679,
                        32.215683
                    ],
                    [
                        -110.46679,
                        32.216293
                    ],
                    [
                        -110.467583,
                        32.217881
                    ],
                    [
                        -110.46759,
                        32.218689
                    ],
                    [
                        -110.468994,
                        32.219116
                    ],
                    [
                        -110.469116,
                        32.218506
                    ],
                    [
                        -110.468689,
                        32.216919
                    ],
                    [
                        -110.469299,
                        32.214905
                    ],
                    [
                        -110.46991,
                        32.216125
                    ],
                    [
                        -110.471008,
                        32.215698
                    ],
                    [
                        -110.471497,
                        32.215088
                    ],
                    [
                        -110.472107,
                        32.214905
                    ],
                    [
                        -110.473206,
                        32.214905
                    ],
                    [
                        -110.473694,
                        32.214294
                    ],
                    [
                        -110.474304,
                        32.214111
                    ],
                    [
                        -110.474182,
                        32.212891
                    ],
                    [
                        -110.475281,
                        32.212097
                    ],
                    [
                        -110.475708,
                        32.211487
                    ],
                    [
                        -110.476929,
                        32.212097
                    ],
                    [
                        -110.477295,
                        32.210693
                    ],
                    [
                        -110.477295,
                        32.2099
                    ],
                    [
                        -110.47821,
                        32.21051
                    ],
                    [
                        -110.480225,
                        32.21051
                    ],
                    [
                        -110.480095,
                        32.209091
                    ],
                    [
                        -110.478885,
                        32.208486
                    ],
                    [
                        -110.479126,
                        32.207703
                    ],
                    [
                        -110.480713,
                        32.208679
                    ],
                    [
                        -110.481079,
                        32.20929
                    ],
                    [
                        -110.481623,
                        32.209713
                    ],
                    [
                        -110.482178,
                        32.212708
                    ],
                    [
                        -110.484009,
                        32.210327
                    ],
                    [
                        -110.483826,
                        32.207886
                    ],
                    [
                        -110.484375,
                        32.209106
                    ],
                    [
                        -110.485714,
                        32.209897
                    ],
                    [
                        -110.485901,
                        32.210693
                    ],
                    [
                        -110.486509,
                        32.211119
                    ],
                    [
                        -110.487122,
                        32.212708
                    ],
                    [
                        -110.488708,
                        32.214111
                    ],
                    [
                        -110.487915,
                        32.211487
                    ],
                    [
                        -110.488281,
                        32.210876
                    ],
                    [
                        -110.489075,
                        32.21051
                    ],
                    [
                        -110.487919,
                        32.209467
                    ],
                    [
                        -110.488708,
                        32.20813
                    ],
                    [
                        -110.489319,
                        32.207703
                    ],
                    [
                        -110.489319,
                        32.206726
                    ],
                    [
                        -110.492004,
                        32.206909
                    ],
                    [
                        -110.492004,
                        32.206116
                    ],
                    [
                        -110.492493,
                        32.205688
                    ],
                    [
                        -110.494507,
                        32.205505
                    ],
                    [
                        -110.495178,
                        32.204895
                    ],
                    [
                        -110.495911,
                        32.205078
                    ],
                    [
                        -110.497803,
                        32.206482
                    ],
                    [
                        -110.49749,
                        32.205673
                    ],
                    [
                        -110.496097,
                        32.203674
                    ],
                    [
                        -110.497803,
                        32.203491
                    ],
                    [
                        -110.498413,
                        32.204102
                    ],
                    [
                        -110.499512,
                        32.205688
                    ],
                    [
                        -110.499695,
                        32.204895
                    ],
                    [
                        -110.499329,
                        32.202881
                    ],
                    [
                        -110.498101,
                        32.202072
                    ],
                    [
                        -110.496283,
                        32.202072
                    ],
                    [
                        -110.496582,
                        32.201294
                    ],
                    [
                        -110.500488,
                        32.201477
                    ],
                    [
                        -110.4997,
                        32.2005
                    ],
                    [
                        -110.500977,
                        32.2005
                    ],
                    [
                        -110.501706,
                        32.199528
                    ],
                    [
                        -110.502075,
                        32.201111
                    ],
                    [
                        -110.502502,
                        32.200684
                    ],
                    [
                        -110.503906,
                        32.200928
                    ],
                    [
                        -110.503115,
                        32.200067
                    ],
                    [
                        -110.503601,
                        32.198486
                    ],
                    [
                        -110.502379,
                        32.198471
                    ],
                    [
                        -110.502319,
                        32.19751
                    ],
                    [
                        -110.502625,
                        32.196899
                    ],
                    [
                        -110.502625,
                        32.196289
                    ],
                    [
                        -110.503723,
                        32.195679
                    ],
                    [
                        -110.504578,
                        32.194092
                    ],
                    [
                        -110.50457,
                        32.192856
                    ],
                    [
                        -110.503794,
                        32.192497
                    ],
                    [
                        -110.504517,
                        32.191895
                    ],
                    [
                        -110.50708,
                        32.191528
                    ],
                    [
                        -110.506592,
                        32.187927
                    ],
                    [
                        -110.506096,
                        32.186874
                    ],
                    [
                        -110.505303,
                        32.186874
                    ],
                    [
                        -110.503474,
                        32.186508
                    ],
                    [
                        -110.502983,
                        32.185104
                    ],
                    [
                        -110.502378,
                        32.184318
                    ],
                    [
                        -110.502014,
                        32.182678
                    ],
                    [
                        -110.50293,
                        32.182678
                    ],
                    [
                        -110.502808,
                        32.181274
                    ],
                    [
                        -110.503113,
                        32.180298
                    ],
                    [
                        -110.503113,
                        32.177673
                    ],
                    [
                        -110.503723,
                        32.17749
                    ],
                    [
                        -110.504211,
                        32.177124
                    ],
                    [
                        -110.502678,
                        32.176071
                    ],
                    [
                        -110.502076,
                        32.175469
                    ],
                    [
                        -110.50238,
                        32.173706
                    ],
                    [
                        -110.503479,
                        32.171875
                    ],
                    [
                        -110.502627,
                        32.171497
                    ],
                    [
                        -110.502991,
                        32.169922
                    ],
                    [
                        -110.503723,
                        32.168518
                    ],
                    [
                        -110.505676,
                        32.167908
                    ],
                    [
                        -110.50531,
                        32.167114
                    ],
                    [
                        -110.505676,
                        32.164124
                    ],
                    [
                        -110.506226,
                        32.163513
                    ],
                    [
                        -110.506226,
                        32.16272
                    ],
                    [
                        -110.50592,
                        32.161682
                    ],
                    [
                        -110.505981,
                        32.158325
                    ],
                    [
                        -110.505124,
                        32.15831
                    ],
                    [
                        -110.504509,
                        32.155502
                    ],
                    [
                        -110.503723,
                        32.156107
                    ],
                    [
                        -110.503777,
                        32.154098
                    ],
                    [
                        -110.502386,
                        32.15307
                    ],
                    [
                        -110.503113,
                        32.152283
                    ],
                    [
                        -110.503784,
                        32.151917
                    ],
                    [
                        -110.50531,
                        32.151672
                    ],
                    [
                        -110.50457,
                        32.149276
                    ],
                    [
                        -110.503594,
                        32.148483
                    ],
                    [
                        -110.502383,
                        32.147091
                    ],
                    [
                        -110.503106,
                        32.146103
                    ],
                    [
                        -110.501583,
                        32.145311
                    ],
                    [
                        -110.500977,
                        32.143494
                    ],
                    [
                        -110.501526,
                        32.1427
                    ],
                    [
                        -110.500969,
                        32.141281
                    ],
                    [
                        -110.499883,
                        32.140315
                    ],
                    [
                        -110.500603,
                        32.139694
                    ],
                    [
                        -110.499504,
                        32.13768
                    ],
                    [
                        -110.498728,
                        32.13768
                    ],
                    [
                        -110.499084,
                        32.137085
                    ],
                    [
                        -110.501221,
                        32.137085
                    ],
                    [
                        -110.501282,
                        32.136108
                    ],
                    [
                        -110.499873,
                        32.135057
                    ],
                    [
                        -110.499512,
                        32.134094
                    ],
                    [
                        -110.500183,
                        32.133301
                    ],
                    [
                        -110.499325,
                        32.132495
                    ],
                    [
                        -110.498901,
                        32.131104
                    ],
                    [
                        -110.499512,
                        32.130676
                    ],
                    [
                        -110.499084,
                        32.128479
                    ],
                    [
                        -110.498101,
                        32.126877
                    ],
                    [
                        -110.496392,
                        32.1259
                    ],
                    [
                        -110.49572,
                        32.124862
                    ],
                    [
                        -110.49482,
                        32.124322
                    ],
                    [
                        -110.496392,
                        32.122909
                    ],
                    [
                        -110.493713,
                        32.123457
                    ],
                    [
                        -110.493713,
                        32.121277
                    ],
                    [
                        -110.494324,
                        32.120728
                    ],
                    [
                        -110.492977,
                        32.120103
                    ],
                    [
                        -110.49231,
                        32.11792
                    ],
                    [
                        -110.493225,
                        32.116272
                    ],
                    [
                        -110.49231,
                        32.114074
                    ],
                    [
                        -110.492676,
                        32.113098
                    ],
                    [
                        -110.493896,
                        32.113525
                    ],
                    [
                        -110.49469,
                        32.112915
                    ],
                    [
                        -110.493584,
                        32.112655
                    ],
                    [
                        -110.492616,
                        32.111324
                    ],
                    [
                        -110.493225,
                        32.10968
                    ],
                    [
                        -110.495422,
                        32.108276
                    ],
                    [
                        -110.492119,
                        32.109115
                    ],
                    [
                        -110.491516,
                        32.108693
                    ],
                    [
                        -110.491516,
                        32.10791
                    ],
                    [
                        -110.49231,
                        32.106689
                    ],
                    [
                        -110.492615,
                        32.105713
                    ],
                    [
                        -110.493286,
                        32.105896
                    ],
                    [
                        -110.494202,
                        32.104126
                    ],
                    [
                        -110.493221,
                        32.103684
                    ],
                    [
                        -110.492913,
                        32.102707
                    ],
                    [
                        -110.49231,
                        32.102284
                    ],
                    [
                        -110.49231,
                        32.101501
                    ],
                    [
                        -110.49292,
                        32.099915
                    ],
                    [
                        -110.493286,
                        32.099487
                    ],
                    [
                        -110.494019,
                        32.097473
                    ],
                    [
                        -110.493404,
                        32.097093
                    ],
                    [
                        -110.493218,
                        32.096481
                    ],
                    [
                        -110.491997,
                        32.097274
                    ],
                    [
                        -110.491517,
                        32.096914
                    ],
                    [
                        -110.49157,
                        32.096298
                    ],
                    [
                        -110.490715,
                        32.096298
                    ],
                    [
                        -110.490112,
                        32.096901
                    ],
                    [
                        -110.490112,
                        32.095276
                    ],
                    [
                        -110.489807,
                        32.093689
                    ],
                    [
                        -110.489072,
                        32.092279
                    ],
                    [
                        -110.488098,
                        32.089478
                    ],
                    [
                        -110.488708,
                        32.088318
                    ],
                    [
                        -110.489319,
                        32.087708
                    ],
                    [
                        -110.489624,
                        32.087097
                    ],
                    [
                        -110.48938,
                        32.086487
                    ],
                    [
                        -110.488274,
                        32.086105
                    ],
                    [
                        -110.487175,
                        32.085495
                    ],
                    [
                        -110.486508,
                        32.084706
                    ],
                    [
                        -110.486199,
                        32.083664
                    ],
                    [
                        -110.484319,
                        32.082694
                    ],
                    [
                        -110.485413,
                        32.081116
                    ],
                    [
                        -110.485596,
                        32.079712
                    ],
                    [
                        -110.486877,
                        32.079712
                    ],
                    [
                        -110.487793,
                        32.078918
                    ],
                    [
                        -110.486511,
                        32.076898
                    ],
                    [
                        -110.486511,
                        32.076111
                    ],
                    [
                        -110.486816,
                        32.07489
                    ],
                    [
                        -110.486816,
                        32.07373
                    ],
                    [
                        -110.487427,
                        32.072693
                    ],
                    [
                        -110.487915,
                        32.071106
                    ],
                    [
                        -110.489075,
                        32.070679
                    ],
                    [
                        -110.489014,
                        32.069885
                    ],
                    [
                        -110.489319,
                        32.068115
                    ],
                    [
                        -110.489197,
                        32.067322
                    ],
                    [
                        -110.489502,
                        32.066528
                    ],
                    [
                        -110.490295,
                        32.065491
                    ],
                    [
                        -110.490479,
                        32.063904
                    ],
                    [
                        -110.489626,
                        32.062681
                    ],
                    [
                        -110.490112,
                        32.062073
                    ],
                    [
                        -110.490784,
                        32.06189
                    ],
                    [
                        -110.490601,
                        32.060486
                    ],
                    [
                        -110.491577,
                        32.059509
                    ],
                    [
                        -110.492676,
                        32.059082
                    ],
                    [
                        -110.492008,
                        32.058466
                    ],
                    [
                        -110.492798,
                        32.057312
                    ],
                    [
                        -110.4953,
                        32.057312
                    ],
                    [
                        -110.494392,
                        32.056516
                    ],
                    [
                        -110.496582,
                        32.055725
                    ],
                    [
                        -110.498718,
                        32.054321
                    ],
                    [
                        -110.498718,
                        32.053284
                    ],
                    [
                        -110.499207,
                        32.052307
                    ],
                    [
                        -110.499329,
                        32.051086
                    ],
                    [
                        -110.498101,
                        32.051071
                    ],
                    [
                        -110.497013,
                        32.050285
                    ],
                    [
                        -110.497375,
                        32.0495
                    ],
                    [
                        -110.498413,
                        32.049316
                    ],
                    [
                        -110.499387,
                        32.049925
                    ],
                    [
                        -110.499878,
                        32.051331
                    ],
                    [
                        -110.501272,
                        32.050725
                    ],
                    [
                        -110.501091,
                        32.052475
                    ],
                    [
                        -110.501274,
                        32.053878
                    ],
                    [
                        -110.501221,
                        32.054688
                    ],
                    [
                        -110.505974,
                        32.054871
                    ],
                    [
                        -110.505974,
                        32.055893
                    ],
                    [
                        -110.50531,
                        32.057129
                    ],
                    [
                        -110.507811,
                        32.057495
                    ],
                    [
                        -110.508179,
                        32.058472
                    ],
                    [
                        -110.509277,
                        32.058289
                    ],
                    [
                        -110.509277,
                        32.057678
                    ],
                    [
                        -110.51001,
                        32.057678
                    ],
                    [
                        -110.512204,
                        32.058105
                    ],
                    [
                        -110.512688,
                        32.05986
                    ],
                    [
                        -110.512322,
                        32.06047
                    ],
                    [
                        -110.512078,
                        32.062301
                    ],
                    [
                        -110.510681,
                        32.064087
                    ],
                    [
                        -110.513184,
                        32.063477
                    ],
                    [
                        -110.514587,
                        32.061707
                    ],
                    [
                        -110.515625,
                        32.061523
                    ],
                    [
                        -110.516479,
                        32.0625
                    ],
                    [
                        -110.518311,
                        32.062073
                    ],
                    [
                        -110.518982,
                        32.060486
                    ],
                    [
                        -110.520203,
                        32.060486
                    ],
                    [
                        -110.520813,
                        32.06012
                    ],
                    [
                        -110.521301,
                        32.057922
                    ],
                    [
                        -110.521912,
                        32.057312
                    ],
                    [
                        -110.523682,
                        32.057922
                    ],
                    [
                        -110.524902,
                        32.057129
                    ],
                    [
                        -110.525685,
                        32.05749
                    ],
                    [
                        -110.52459,
                        32.059677
                    ],
                    [
                        -110.526001,
                        32.06073
                    ],
                    [
                        -110.525879,
                        32.059082
                    ],
                    [
                        -110.526413,
                        32.058487
                    ],
                    [
                        -110.526917,
                        32.057922
                    ],
                    [
                        -110.528076,
                        32.058289
                    ],
                    [
                        -110.528198,
                        32.061096
                    ],
                    [
                        -110.528076,
                        32.062317
                    ],
                    [
                        -110.529785,
                        32.06488
                    ],
                    [
                        -110.5271,
                        32.066895
                    ],
                    [
                        -110.526489,
                        32.068909
                    ],
                    [
                        -110.526489,
                        32.069885
                    ],
                    [
                        -110.52832,
                        32.067871
                    ],
                    [
                        -110.529785,
                        32.067688
                    ],
                    [
                        -110.530701,
                        32.067322
                    ],
                    [
                        -110.532104,
                        32.067078
                    ],
                    [
                        -110.533691,
                        32.068909
                    ],
                    [
                        -110.533997,
                        32.069702
                    ],
                    [
                        -110.532898,
                        32.070679
                    ],
                    [
                        -110.531921,
                        32.072327
                    ],
                    [
                        -110.533691,
                        32.071472
                    ],
                    [
                        -110.536194,
                        32.071289
                    ],
                    [
                        -110.538818,
                        32.068909
                    ],
                    [
                        -110.54071,
                        32.070679
                    ],
                    [
                        -110.541199,
                        32.073303
                    ],
                    [
                        -110.5401,
                        32.07489
                    ],
                    [
                        -110.542297,
                        32.075073
                    ],
                    [
                        -110.542725,
                        32.0755
                    ],
                    [
                        -110.542725,
                        32.078308
                    ],
                    [
                        -110.544128,
                        32.077698
                    ],
                    [
                        -110.545105,
                        32.0755
                    ],
                    [
                        -110.545898,
                        32.075073
                    ],
                    [
                        -110.548279,
                        32.07428
                    ],
                    [
                        -110.549011,
                        32.075317
                    ],
                    [
                        -110.548401,
                        32.076294
                    ],
                    [
                        -110.548218,
                        32.077881
                    ],
                    [
                        -110.547791,
                        32.078674
                    ],
                    [
                        -110.549316,
                        32.079102
                    ],
                    [
                        -110.550415,
                        32.079895
                    ],
                    [
                        -110.552185,
                        32.078491
                    ],
                    [
                        -110.554993,
                        32.078918
                    ],
                    [
                        -110.55658,
                        32.078125
                    ],
                    [
                        -110.557007,
                        32.080078
                    ],
                    [
                        -110.558411,
                        32.079895
                    ],
                    [
                        -110.560791,
                        32.082275
                    ],
                    [
                        -110.559998,
                        32.083313
                    ],
                    [
                        -110.56073,
                        32.084717
                    ],
                    [
                        -110.560913,
                        32.086304
                    ],
                    [
                        -110.559875,
                        32.08728
                    ],
                    [
                        -110.562317,
                        32.087708
                    ],
                    [
                        -110.564209,
                        32.086121
                    ],
                    [
                        -110.566406,
                        32.086731
                    ],
                    [
                        -110.567383,
                        32.08728
                    ],
                    [
                        -110.564026,
                        32.090088
                    ],
                    [
                        -110.562927,
                        32.090515
                    ],
                    [
                        -110.563293,
                        32.092712
                    ],
                    [
                        -110.562805,
                        32.093689
                    ],
                    [
                        -110.561401,
                        32.094299
                    ],
                    [
                        -110.564209,
                        32.094299
                    ],
                    [
                        -110.566284,
                        32.095276
                    ],
                    [
                        -110.567017,
                        32.094482
                    ],
                    [
                        -110.569824,
                        32.09613
                    ],
                    [
                        -110.568726,
                        32.098328
                    ],
                    [
                        -110.567688,
                        32.099304
                    ],
                    [
                        -110.570129,
                        32.100281
                    ],
                    [
                        -110.56781,
                        32.103271
                    ],
                    [
                        -110.56781,
                        32.104919
                    ],
                    [
                        -110.567322,
                        32.105896
                    ],
                    [
                        -110.569702,
                        32.10553
                    ],
                    [
                        -110.570312,
                        32.105713
                    ],
                    [
                        -110.568909,
                        32.107727
                    ],
                    [
                        -110.567383,
                        32.108704
                    ],
                    [
                        -110.566895,
                        32.109314
                    ],
                    [
                        -110.566528,
                        32.110474
                    ],
                    [
                        -110.565613,
                        32.110718
                    ],
                    [
                        -110.565979,
                        32.111511
                    ],
                    [
                        -110.566223,
                        32.113708
                    ],
                    [
                        -110.564575,
                        32.114075
                    ],
                    [
                        -110.562988,
                        32.114685
                    ],
                    [
                        -110.563477,
                        32.115723
                    ],
                    [
                        -110.562012,
                        32.117126
                    ],
                    [
                        -110.561584,
                        32.118103
                    ],
                    [
                        -110.562378,
                        32.119507
                    ],
                    [
                        -110.557678,
                        32.120117
                    ],
                    [
                        -110.556519,
                        32.120728
                    ],
                    [
                        -110.556213,
                        32.121887
                    ],
                    [
                        -110.554993,
                        32.123291
                    ],
                    [
                        -110.553223,
                        32.123474
                    ],
                    [
                        -110.552612,
                        32.126099
                    ],
                    [
                        -110.552185,
                        32.126526
                    ],
                    [
                        -110.552612,
                        32.126892
                    ],
                    [
                        -110.554321,
                        32.127075
                    ],
                    [
                        -110.553711,
                        32.127502
                    ],
                    [
                        -110.554321,
                        32.129089
                    ],
                    [
                        -110.554321,
                        32.130127
                    ],
                    [
                        -110.555725,
                        32.131104
                    ],
                    [
                        -110.555298,
                        32.13269
                    ],
                    [
                        -110.552124,
                        32.132874
                    ],
                    [
                        -110.55481,
                        32.133911
                    ],
                    [
                        -110.55481,
                        32.134888
                    ],
                    [
                        -110.552185,
                        32.136475
                    ],
                    [
                        -110.551819,
                        32.137085
                    ],
                    [
                        -110.550903,
                        32.137878
                    ],
                    [
                        -110.55011,
                        32.137878
                    ],
                    [
                        -110.5495,
                        32.138306
                    ],
                    [
                        -110.549011,
                        32.139282
                    ],
                    [
                        -110.548584,
                        32.139709
                    ],
                    [
                        -110.547302,
                        32.138672
                    ],
                    [
                        -110.544128,
                        32.138916
                    ],
                    [
                        -110.542908,
                        32.138306
                    ],
                    [
                        -110.542603,
                        32.139526
                    ],
                    [
                        -110.540894,
                        32.140686
                    ],
                    [
                        -110.538696,
                        32.141113
                    ],
                    [
                        -110.539185,
                        32.141479
                    ],
                    [
                        -110.542297,
                        32.142273
                    ],
                    [
                        -110.543396,
                        32.144104
                    ],
                    [
                        -110.543701,
                        32.145874
                    ],
                    [
                        -110.543213,
                        32.146912
                    ],
                    [
                        -110.543213,
                        32.148071
                    ],
                    [
                        -110.541992,
                        32.148499
                    ],
                    [
                        -110.542297,
                        32.149109
                    ],
                    [
                        -110.541992,
                        32.151306
                    ],
                    [
                        -110.546204,
                        32.151672
                    ],
                    [
                        -110.548584,
                        32.153076
                    ],
                    [
                        -110.547485,
                        32.15448
                    ],
                    [
                        -110.5495,
                        32.154907
                    ],
                    [
                        -110.550415,
                        32.155518
                    ],
                    [
                        -110.551125,
                        32.155136
                    ],
                    [
                        -110.552002,
                        32.156311
                    ],
                    [
                        -110.551208,
                        32.157104
                    ],
                    [
                        -110.553589,
                        32.157715
                    ],
                    [
                        -110.55249,
                        32.159485
                    ],
                    [
                        -110.551208,
                        32.160889
                    ],
                    [
                        -110.552185,
                        32.162109
                    ],
                    [
                        -110.552917,
                        32.160889
                    ],
                    [
                        -110.553406,
                        32.160706
                    ],
                    [
                        -110.55542,
                        32.160706
                    ],
                    [
                        -110.556396,
                        32.159729
                    ],
                    [
                        -110.558289,
                        32.158325
                    ],
                    [
                        -110.558777,
                        32.156921
                    ],
                    [
                        -110.559875,
                        32.156311
                    ],
                    [
                        -110.561523,
                        32.157104
                    ],
                    [
                        -110.563782,
                        32.157471
                    ],
                    [
                        -110.564209,
                        32.158325
                    ],
                    [
                        -110.564209,
                        32.159302
                    ],
                    [
                        -110.563416,
                        32.162476
                    ],
                    [
                        -110.562012,
                        32.16333
                    ],
                    [
                        -110.561401,
                        32.164673
                    ],
                    [
                        -110.564087,
                        32.166077
                    ],
                    [
                        -110.565613,
                        32.164307
                    ],
                    [
                        -110.567383,
                        32.163513
                    ],
                    [
                        -110.569092,
                        32.162476
                    ],
                    [
                        -110.571411,
                        32.162109
                    ],
                    [
                        -110.57251,
                        32.161682
                    ],
                    [
                        -110.574402,
                        32.161926
                    ],
                    [
                        -110.577393,
                        32.160889
                    ],
                    [
                        -110.578491,
                        32.161926
                    ],
                    [
                        -110.580688,
                        32.162109
                    ],
                    [
                        -110.581787,
                        32.163086
                    ],
                    [
                        -110.580688,
                        32.163879
                    ],
                    [
                        -110.577881,
                        32.164307
                    ],
                    [
                        -110.577087,
                        32.164673
                    ],
                    [
                        -110.577881,
                        32.165283
                    ],
                    [
                        -110.579712,
                        32.1651
                    ],
                    [
                        -110.582581,
                        32.165527
                    ],
                    [
                        -110.581909,
                        32.166321
                    ],
                    [
                        -110.580994,
                        32.167908
                    ],
                    [
                        -110.580688,
                        32.170715
                    ],
                    [
                        -110.57959,
                        32.171875
                    ],
                    [
                        -110.580688,
                        32.172119
                    ],
                    [
                        -110.581787,
                        32.172119
                    ],
                    [
                        -110.58313,
                        32.170715
                    ],
                    [
                        -110.583496,
                        32.172485
                    ],
                    [
                        -110.5849,
                        32.173523
                    ],
                    [
                        -110.587097,
                        32.173706
                    ],
                    [
                        -110.590088,
                        32.174927
                    ],
                    [
                        -110.591309,
                        32.176086
                    ],
                    [
                        -110.591797,
                        32.177124
                    ],
                    [
                        -110.591797,
                        32.178894
                    ],
                    [
                        -110.594788,
                        32.178528
                    ],
                    [
                        -110.59668,
                        32.177124
                    ],
                    [
                        -110.599915,
                        32.176331
                    ],
                    [
                        -110.600891,
                        32.175293
                    ],
                    [
                        -110.602112,
                        32.174927
                    ],
                    [
                        -110.603088,
                        32.17688
                    ],
                    [
                        -110.601318,
                        32.178711
                    ],
                    [
                        -110.604004,
                        32.179077
                    ],
                    [
                        -110.604309,
                        32.181091
                    ],
                    [
                        -110.605591,
                        32.181091
                    ],
                    [
                        -110.6073,
                        32.181519
                    ],
                    [
                        -110.607605,
                        32.182129
                    ],
                    [
                        -110.608215,
                        32.182678
                    ],
                    [
                        -110.609497,
                        32.181274
                    ],
                    [
                        -110.611023,
                        32.181091
                    ],
                    [
                        -110.612183,
                        32.181702
                    ],
                    [
                        -110.612915,
                        32.181091
                    ],
                    [
                        -110.612122,
                        32.180481
                    ],
                    [
                        -110.612793,
                        32.178894
                    ],
                    [
                        -110.614197,
                        32.178528
                    ],
                    [
                        -110.615723,
                        32.179688
                    ],
                    [
                        -110.617004,
                        32.178711
                    ],
                    [
                        -110.61731,
                        32.177917
                    ],
                    [
                        -110.61731,
                        32.177124
                    ],
                    [
                        -110.620605,
                        32.174316
                    ],
                    [
                        -110.620911,
                        32.172913
                    ],
                    [
                        -110.623413,
                        32.170471
                    ],
                    [
                        -110.624512,
                        32.170105
                    ],
                    [
                        -110.624878,
                        32.167725
                    ],
                    [
                        -110.626099,
                        32.1651
                    ],
                    [
                        -110.62738,
                        32.165283
                    ],
                    [
                        -110.62793,
                        32.164917
                    ],
                    [
                        -110.629211,
                        32.164917
                    ],
                    [
                        -110.63092,
                        32.164673
                    ],
                    [
                        -110.632813,
                        32.165527
                    ],
                    [
                        -110.634827,
                        32.164124
                    ],
                    [
                        -110.637512,
                        32.1651
                    ],
                    [
                        -110.63678,
                        32.166321
                    ],
                    [
                        -110.638428,
                        32.166321
                    ],
                    [
                        -110.639709,
                        32.166687
                    ],
                    [
                        -110.640991,
                        32.166321
                    ],
                    [
                        -110.641724,
                        32.166321
                    ],
                    [
                        -110.64209,
                        32.168274
                    ],
                    [
                        -110.643005,
                        32.167725
                    ],
                    [
                        -110.643677,
                        32.166504
                    ],
                    [
                        -110.644714,
                        32.166077
                    ],
                    [
                        -110.647095,
                        32.166077
                    ],
                    [
                        -110.647583,
                        32.16748
                    ],
                    [
                        -110.64801,
                        32.167908
                    ],
                    [
                        -110.650391,
                        32.166077
                    ],
                    [
                        -110.650391,
                        32.165283
                    ],
                    [
                        -110.651123,
                        32.164124
                    ],
                    [
                        -110.65271,
                        32.163696
                    ],
                    [
                        -110.653687,
                        32.164307
                    ],
                    [
                        -110.653687,
                        32.165527
                    ],
                    [
                        -110.65448,
                        32.166077
                    ],
                    [
                        -110.656799,
                        32.16449
                    ],
                    [
                        -110.658691,
                        32.163879
                    ],
                    [
                        -110.660522,
                        32.165283
                    ],
                    [
                        -110.661621,
                        32.166504
                    ],
                    [
                        -110.664185,
                        32.164673
                    ],
                    [
                        -110.664612,
                        32.16571
                    ],
                    [
                        -110.666626,
                        32.1651
                    ],
                    [
                        -110.668701,
                        32.165283
                    ],
                    [
                        -110.670227,
                        32.1651
                    ],
                    [
                        -110.671875,
                        32.164307
                    ],
                    [
                        -110.673889,
                        32.1651
                    ],
                    [
                        -110.673401,
                        32.166504
                    ],
                    [
                        -110.676208,
                        32.16687
                    ],
                    [
                        -110.677307,
                        32.16687
                    ],
                    [
                        -110.677307,
                        32.168091
                    ],
                    [
                        -110.676514,
                        32.168518
                    ],
                    [
                        -110.67511,
                        32.169922
                    ],
                    [
                        -110.672913,
                        32.171326
                    ],
                    [
                        -110.671509,
                        32.172485
                    ],
                    [
                        -110.671082,
                        32.173523
                    ],
                    [
                        -110.672913,
                        32.174072
                    ],
                    [
                        -110.674927,
                        32.174072
                    ],
                    [
                        -110.676819,
                        32.173523
                    ],
                    [
                        -110.678406,
                        32.173279
                    ],
                    [
                        -110.679199,
                        32.172729
                    ],
                    [
                        -110.681519,
                        32.172729
                    ],
                    [
                        -110.682007,
                        32.172485
                    ],
                    [
                        -110.682617,
                        32.172485
                    ],
                    [
                        -110.683411,
                        32.171875
                    ],
                    [
                        -110.684326,
                        32.171509
                    ],
                    [
                        -110.685913,
                        32.172485
                    ],
                    [
                        -110.687927,
                        32.172729
                    ],
                    [
                        -110.689087,
                        32.172119
                    ],
                    [
                        -110.691223,
                        32.172119
                    ],
                    [
                        -110.692078,
                        32.171509
                    ],
                    [
                        -110.693604,
                        32.171509
                    ],
                    [
                        -110.69458,
                        32.172302
                    ],
                    [
                        -110.693176,
                        32.173279
                    ],
                    [
                        -110.69281,
                        32.174072
                    ],
                    [
                        -110.691284,
                        32.1745
                    ],
                    [
                        -110.690186,
                        32.176514
                    ],
                    [
                        -110.692322,
                        32.176514
                    ],
                    [
                        -110.690979,
                        32.178284
                    ],
                    [
                        -110.690186,
                        32.178284
                    ],
                    [
                        -110.689819,
                        32.179504
                    ],
                    [
                        -110.689026,
                        32.179871
                    ],
                    [
                        -110.689026,
                        32.180481
                    ],
                    [
                        -110.687927,
                        32.180725
                    ],
                    [
                        -110.687012,
                        32.181274
                    ],
                    [
                        -110.686401,
                        32.182495
                    ],
                    [
                        -110.683289,
                        32.183289
                    ],
                    [
                        -110.681213,
                        32.183105
                    ],
                    [
                        -110.680908,
                        32.183899
                    ],
                    [
                        -110.67981,
                        32.184326
                    ],
                    [
                        -110.679382,
                        32.185486
                    ],
                    [
                        -110.677612,
                        32.186279
                    ],
                    [
                        -110.676514,
                        32.186523
                    ],
                    [
                        -110.675903,
                        32.18689
                    ],
                    [
                        -110.674377,
                        32.187317
                    ],
                    [
                        -110.673401,
                        32.188721
                    ],
                    [
                        -110.671204,
                        32.191101
                    ],
                    [
                        -110.671997,
                        32.192505
                    ],
                    [
                        -110.671509,
                        32.193298
                    ],
                    [
                        -110.668823,
                        32.193298
                    ],
                    [
                        -110.667114,
                        32.192505
                    ],
                    [
                        -110.666809,
                        32.193726
                    ],
                    [
                        -110.666199,
                        32.194702
                    ],
                    [
                        -110.666809,
                        32.194885
                    ],
                    [
                        -110.667786,
                        32.195679
                    ],
                    [
                        -110.666992,
                        32.196289
                    ],
                    [
                        -110.664185,
                        32.195679
                    ],
                    [
                        -110.663208,
                        32.195679
                    ],
                    [
                        -110.661499,
                        32.196899
                    ],
                    [
                        -110.660278,
                        32.197327
                    ],
                    [
                        -110.661011,
                        32.198486
                    ],
                    [
                        -110.660889,
                        32.199097
                    ],
                    [
                        -110.661011,
                        32.200073
                    ],
                    [
                        -110.6604,
                        32.200684
                    ],
                    [
                        -110.657898,
                        32.200684
                    ],
                    [
                        -110.656494,
                        32.201904
                    ],
                    [
                        -110.655396,
                        32.201904
                    ],
                    [
                        -110.65509,
                        32.202515
                    ],
                    [
                        -110.654297,
                        32.202698
                    ],
                    [
                        -110.653687,
                        32.203125
                    ],
                    [
                        -110.652893,
                        32.202698
                    ],
                    [
                        -110.651611,
                        32.202698
                    ],
                    [
                        -110.652283,
                        32.204285
                    ],
                    [
                        -110.650879,
                        32.204285
                    ],
                    [
                        -110.650513,
                        32.207275
                    ],
                    [
                        -110.649597,
                        32.20813
                    ],
                    [
                        -110.648376,
                        32.208496
                    ],
                    [
                        -110.647278,
                        32.208496
                    ],
                    [
                        -110.647705,
                        32.20929
                    ],
                    [
                        -110.646912,
                        32.21228
                    ],
                    [
                        -110.645081,
                        32.21228
                    ],
                    [
                        -110.644287,
                        32.213318
                    ],
                    [
                        -110.642822,
                        32.213684
                    ],
                    [
                        -110.640991,
                        32.214722
                    ],
                    [
                        -110.641785,
                        32.215515
                    ],
                    [
                        -110.64209,
                        32.216309
                    ],
                    [
                        -110.642029,
                        32.216919
                    ],
                    [
                        -110.639709,
                        32.216492
                    ],
                    [
                        -110.640076,
                        32.217285
                    ],
                    [
                        -110.642212,
                        32.218079
                    ],
                    [
                        -110.640808,
                        32.218689
                    ],
                    [
                        -110.640503,
                        32.220276
                    ],
                    [
                        -110.639893,
                        32.219727
                    ],
                    [
                        -110.639587,
                        32.218689
                    ],
                    [
                        -110.637878,
                        32.217529
                    ],
                    [
                        -110.63739,
                        32.216919
                    ],
                    [
                        -110.636597,
                        32.217285
                    ],
                    [
                        -110.636108,
                        32.216919
                    ],
                    [
                        -110.634583,
                        32.217285
                    ],
                    [
                        -110.633484,
                        32.216919
                    ],
                    [
                        -110.632019,
                        32.218079
                    ],
                    [
                        -110.6297,
                        32.218323
                    ],
                    [
                        -110.628784,
                        32.217896
                    ],
                    [
                        -110.628723,
                        32.219116
                    ],
                    [
                        -110.629089,
                        32.220093
                    ],
                    [
                        -110.628601,
                        32.221313
                    ],
                    [
                        -110.625,
                        32.221313
                    ],
                    [
                        -110.625427,
                        32.223083
                    ],
                    [
                        -110.627319,
                        32.223877
                    ],
                    [
                        -110.62738,
                        32.22467
                    ],
                    [
                        -110.626404,
                        32.225281
                    ],
                    [
                        -110.624878,
                        32.225891
                    ],
                    [
                        -110.624023,
                        32.225708
                    ],
                    [
                        -110.622986,
                        32.225891
                    ],
                    [
                        -110.622375,
                        32.225525
                    ],
                    [
                        -110.621399,
                        32.226074
                    ],
                    [
                        -110.620605,
                        32.225708
                    ],
                    [
                        -110.620422,
                        32.225098
                    ],
                    [
                        -110.618896,
                        32.225891
                    ],
                    [
                        -110.618408,
                        32.225708
                    ],
                    [
                        -110.617798,
                        32.225891
                    ],
                    [
                        -110.616882,
                        32.225098
                    ],
                    [
                        -110.616516,
                        32.224304
                    ],
                    [
                        -110.617798,
                        32.2229
                    ],
                    [
                        -110.617126,
                        32.222717
                    ],
                    [
                        -110.616516,
                        32.22229
                    ],
                    [
                        -110.615723,
                        32.222473
                    ],
                    [
                        -110.615112,
                        32.221924
                    ],
                    [
                        -110.613892,
                        32.223083
                    ],
                    [
                        -110.611084,
                        32.2229
                    ],
                    [
                        -110.609802,
                        32.223328
                    ],
                    [
                        -110.60791,
                        32.221313
                    ],
                    [
                        -110.60791,
                        32.222717
                    ],
                    [
                        -110.6073,
                        32.223083
                    ],
                    [
                        -110.606506,
                        32.2229
                    ],
                    [
                        -110.605896,
                        32.223083
                    ],
                    [
                        -110.605103,
                        32.2229
                    ],
                    [
                        -110.604004,
                        32.223083
                    ],
                    [
                        -110.602905,
                        32.2229
                    ],
                    [
                        -110.602295,
                        32.224304
                    ],
                    [
                        -110.601013,
                        32.225098
                    ],
                    [
                        -110.600708,
                        32.226685
                    ],
                    [
                        -110.600098,
                        32.226929
                    ],
                    [
                        -110.599792,
                        32.227478
                    ],
                    [
                        -110.598083,
                        32.227478
                    ],
                    [
                        -110.59729,
                        32.225891
                    ],
                    [
                        -110.596802,
                        32.227112
                    ],
                    [
                        -110.595886,
                        32.226501
                    ],
                    [
                        -110.595398,
                        32.227478
                    ],
                    [
                        -110.595398,
                        32.228271
                    ],
                    [
                        -110.593811,
                        32.228088
                    ],
                    [
                        -110.592285,
                        32.228516
                    ],
                    [
                        -110.592896,
                        32.229675
                    ],
                    [
                        -110.59259,
                        32.23053
                    ],
                    [
                        -110.592102,
                        32.231079
                    ],
                    [
                        -110.593079,
                        32.232117
                    ],
                    [
                        -110.59198,
                        32.232483
                    ],
                    [
                        -110.591187,
                        32.232483
                    ],
                    [
                        -110.588684,
                        32.233276
                    ],
                    [
                        -110.586792,
                        32.234497
                    ],
                    [
                        -110.58551,
                        32.235107
                    ],
                    [
                        -110.586182,
                        32.235718
                    ],
                    [
                        -110.586609,
                        32.237122
                    ],
                    [
                        -110.58551,
                        32.238708
                    ],
                    [
                        -110.584595,
                        32.239685
                    ],
                    [
                        -110.583313,
                        32.239685
                    ],
                    [
                        -110.581909,
                        32.239075
                    ],
                    [
                        -110.580811,
                        32.237915
                    ],
                    [
                        -110.579285,
                        32.239685
                    ],
                    [
                        -110.577576,
                        32.239685
                    ],
                    [
                        -110.577209,
                        32.240906
                    ],
                    [
                        -110.576477,
                        32.241272
                    ],
                    [
                        -110.576782,
                        32.24292
                    ],
                    [
                        -110.576294,
                        32.24353
                    ],
                    [
                        -110.575378,
                        32.243896
                    ],
                    [
                        -110.575378,
                        32.24469
                    ],
                    [
                        -110.575989,
                        32.245483
                    ],
                    [
                        -110.57489,
                        32.245483
                    ],
                    [
                        -110.573486,
                        32.246887
                    ],
                    [
                        -110.57251,
                        32.246521
                    ],
                    [
                        -110.572083,
                        32.246094
                    ],
                    [
                        -110.568909,
                        32.2453
                    ],
                    [
                        -110.56958,
                        32.24707
                    ],
                    [
                        -110.56958,
                        32.248291
                    ],
                    [
                        -110.570312,
                        32.250488
                    ],
                    [
                        -110.568726,
                        32.249695
                    ],
                    [
                        -110.5672,
                        32.249329
                    ],
                    [
                        -110.565918,
                        32.249329
                    ],
                    [
                        -110.563293,
                        32.249878
                    ],
                    [
                        -110.562927,
                        32.250488
                    ],
                    [
                        -110.561707,
                        32.251099
                    ],
                    [
                        -110.564026,
                        32.251709
                    ],
                    [
                        -110.564209,
                        32.25293
                    ],
                    [
                        -110.565125,
                        32.253479
                    ],
                    [
                        -110.565125,
                        32.254089
                    ],
                    [
                        -110.564026,
                        32.254883
                    ],
                    [
                        -110.560913,
                        32.255493
                    ],
                    [
                        -110.561279,
                        32.256104
                    ],
                    [
                        -110.56311,
                        32.257874
                    ],
                    [
                        -110.560913,
                        32.257874
                    ],
                    [
                        -110.559326,
                        32.258911
                    ],
                    [
                        -110.558777,
                        32.258728
                    ],
                    [
                        -110.558411,
                        32.259277
                    ],
                    [
                        -110.559326,
                        32.259705
                    ],
                    [
                        -110.559082,
                        32.260925
                    ],
                    [
                        -110.557819,
                        32.260458
                    ],
                    [
                        -110.556206,
                        32.259872
                    ],
                    [
                        -110.555107,
                        32.259872
                    ],
                    [
                        -110.554314,
                        32.260666
                    ],
                    [
                        -110.551873,
                        32.259262
                    ],
                    [
                        -110.550774,
                        32.260055
                    ],
                    [
                        -110.549492,
                        32.259262
                    ],
                    [
                        -110.549004,
                        32.260666
                    ],
                    [
                        -110.547783,
                        32.261276
                    ],
                    [
                        -110.547913,
                        32.261902
                    ],
                    [
                        -110.549011,
                        32.261292
                    ],
                    [
                        -110.549805,
                        32.261292
                    ],
                    [
                        -110.550598,
                        32.262085
                    ],
                    [
                        -110.552612,
                        32.261719
                    ],
                    [
                        -110.5534,
                        32.261295
                    ],
                    [
                        -110.553521,
                        32.263473
                    ],
                    [
                        -110.551201,
                        32.26329
                    ],
                    [
                        -110.550104,
                        32.263656
                    ],
                    [
                        -110.549797,
                        32.262863
                    ],
                    [
                        -110.547295,
                        32.262863
                    ],
                    [
                        -110.546807,
                        32.26329
                    ],
                    [
                        -110.545891,
                        32.263473
                    ],
                    [
                        -110.545098,
                        32.264084
                    ],
                    [
                        -110.544487,
                        32.264267
                    ],
                    [
                        -110.543572,
                        32.265304
                    ],
                    [
                        -110.54229,
                        32.26567
                    ],
                    [
                        -110.541375,
                        32.266708
                    ],
                    [
                        -110.540398,
                        32.266281
                    ],
                    [
                        -110.539116,
                        32.266464
                    ],
                    [
                        -110.538506,
                        32.267868
                    ],
                    [
                        -110.536492,
                        32.268295
                    ],
                    [
                        -110.535271,
                        32.270065
                    ],
                    [
                        -110.533684,
                        32.269699
                    ],
                    [
                        -110.533196,
                        32.269088
                    ],
                    [
                        -110.53228,
                        32.269088
                    ],
                    [
                        -110.53051,
                        32.269455
                    ],
                    [
                        -110.529595,
                        32.269882
                    ],
                    [
                        -110.528802,
                        32.270858
                    ],
                    [
                        -110.528374,
                        32.269882
                    ],
                    [
                        -110.527092,
                        32.269882
                    ],
                    [
                        -110.525689,
                        32.270309
                    ],
                    [
                        -110.524102,
                        32.268661
                    ],
                    [
                        -110.523377,
                        32.267272
                    ],
                    [
                        -110.523491,
                        32.266281
                    ],
                    [
                        -110.521782,
                        32.264694
                    ],
                    [
                        -110.521477,
                        32.264084
                    ],
                    [
                        -110.520501,
                        32.26329
                    ],
                    [
                        -110.519402,
                        32.26268
                    ],
                    [
                        -110.520013,
                        32.263662
                    ],
                    [
                        -110.520386,
                        32.265503
                    ],
                    [
                        -110.52117,
                        32.266287
                    ],
                    [
                        -110.520989,
                        32.266891
                    ],
                    [
                        -110.520378,
                        32.267868
                    ],
                    [
                        -110.521173,
                        32.269276
                    ],
                    [
                        -110.521477,
                        32.271469
                    ],
                    [
                        -110.522703,
                        32.271911
                    ],
                    [
                        -110.523369,
                        32.27391
                    ],
                    [
                        -110.522881,
                        32.27568
                    ],
                    [
                        -110.522095,
                        32.274894
                    ]
                ]
            ]
        ]
    },
    "properties": {
        "@id": "https://api.weather.gov/zones/forecast/AZZ514",
        "@type": "wx:Zone",
        "id": "AZZ514",
        "type": "public",
        "name": "Santa Catalina and Rincon Mountains including Mount Lemmon/Summerhaven",
        "effectiveDate": "2026-04-16T18:00:00+00:00",
        "expirationDate": "2200-01-01T00:00:00+00:00",
        "state": "AZ",
        "forecastOffice": "https://api.weather.gov/offices/TWC",
        "gridIdentifier": "TWC",
        "awipsLocationIdentifier": "TWC",
        "cwa": [
            "TWC"
        ],
        "forecastOffices": [
            "https://api.weather.gov/offices/TWC"
        ],
        "timeZone": [
            "America/Phoenix"
        ],
        "observationStations": [
            "https://api.weather.gov/stations/KDMA",
            "https://api.weather.gov/stations/KTUS",
            "https://api.weather.gov/stations/QHVA3",
            "https://api.weather.gov/stations/QSLA3"
        ],
        "radarStation": null
    }
}