{
    "@context": {
        "@version": "1.1"
    },
    "id": "https://api.weather.gov/zones/forecast/AZZ576",
    "type": "Feature",
    "geometry": {
        "type": "Polygon",
        "coordinates": [
            [
                [
                    -113.341095,
                    35.990013
                ],
                [
                    -113.340599,
                    35.987213
                ],
                [
                    -113.339096,
                    35.984211
                ],
                [
                    -113.333694,
                    35.979012
                ],
                [
                    -113.330795,
                    35.97821
                ],
                [
                    -113.327698,
                    35.978111
                ],
                [
                    -113.324593,
                    35.977314
                ],
                [
                    -113.322395,
                    35.976311
                ],
                [
                    -113.318993,
                    35.972713
                ],
                [
                    -113.317894,
                    35.967812
                ],
                [
                    -113.318893,
                    35.965412
                ],
                [
                    -113.317596,
                    35.961811
                ],
                [
                    -113.323997,
                    35.955914
                ],
                [
                    -113.326294,
                    35.954311
                ],
                [
                    -113.328697,
                    35.949612
                ],
                [
                    -113.328194,
                    35.946812
                ],
                [
                    -113.325394,
                    35.939213
                ],
                [
                    -113.325996,
                    35.933311
                ],
                [
                    -113.327698,
                    35.930813
                ],
                [
                    -113.329399,
                    35.925011
                ],
                [
                    -113.333496,
                    35.919613
                ],
                [
                    -113.334801,
                    35.915211
                ],
                [
                    -113.333794,
                    35.912113
                ],
                [
                    -113.331398,
                    35.909912
                ],
                [
                    -113.328293,
                    35.908211
                ],
                [
                    -113.324196,
                    35.902714
                ],
                [
                    -113.323196,
                    35.900013
                ],
                [
                    -113.320999,
                    35.897312
                ],
                [
                    -113.318794,
                    35.896111
                ],
                [
                    -113.315796,
                    35.895412
                ],
                [
                    -113.312393,
                    35.893711
                ],
                [
                    -113.309799,
                    35.891411
                ],
                [
                    -113.309196,
                    35.886414
                ],
                [
                    -113.310394,
                    35.881813
                ],
                [
                    -113.311493,
                    35.879013
                ],
                [
                    -113.3125,
                    35.875813
                ],
                [
                    -113.312599,
                    35.871811
                ],
                [
                    -113.311493,
                    35.867111
                ],
                [
                    -113.310997,
                    35.862411
                ],
                [
                    -113.312996,
                    35.858513
                ],
                [
                    -113.315895,
                    35.853512
                ],
                [
                    -113.320099,
                    35.849911
                ],
                [
                    -113.325096,
                    35.84391
                ],
                [
                    -113.326599,
                    35.841412
                ],
                [
                    -113.327095,
                    35.837311
                ],
                [
                    -113.326797,
                    35.833012
                ],
                [
                    -113.325798,
                    35.830811
                ],
                [
                    -113.327599,
                    35.827511
                ],
                [
                    -113.331696,
                    35.824413
                ],
                [
                    -113.333199,
                    35.821213
                ],
                [
                    -113.332596,
                    35.818913
                ],
                [
                    -113.331596,
                    35.816113
                ],
                [
                    -113.329697,
                    35.812912
                ],
                [
                    -113.330597,
                    35.809212
                ],
                [
                    -113.331993,
                    35.806511
                ],
                [
                    -113.3339,
                    35.801712
                ],
                [
                    -113.334099,
                    35.744114
                ],
                [
                    -113.334099,
                    35.625011
                ],
                [
                    -113.333893,
                    35.618313
                ],
                [
                    -113.334099,
                    35.594212
                ],
                [
                    -113.334198,
                    35.528011
                ],
                [
                    -113.334198,
                    35.500011
                ],
                [
                    -113.333794,
                    35.480213
                ],
                [
                    -113.332893,
                    35.194813
                ],
                [
                    -113.332695,
                    35.000111
                ],
                [
                    -113.332893,
                    34.994312
                ],
                [
                    -113.332794,
                    34.983311
                ],
                [
                    -113.333,
                    34.951511
                ],
                [
                    -113.333199,
                    34.946011
                ],
                [
                    -113.333099,
                    34.884712
                ],
                [
                    -113.332893,
                    34.837711
                ],
                [
                    -113.332993,
                    34.788612
                ],
                [
                    -113.333298,
                    34.74921
                ],
                [
                    -113.333496,
                    34.745213
                ],
                [
                    -113.333099,
                    34.625011
                ],
                [
                    -113.333595,
                    34.606911
                ],
                [
                    -113.333397,
                    34.517212
                ],
                [
                    -113.333099,
                    34.500011
                ],
                [
                    -113.333099,
                    34.451313
                ],
                [
                    -113.333199,
                    34.375011
                ],
                [
                    -113.333496,
                    34.317913
                ],
                [
                    -113.335594,
                    34.317413
                ],
                [
                    -113.341293,
                    34.319111
                ],
                [
                    -113.343399,
                    34.318512
                ],
                [
                    -113.343399,
                    34.315311
                ],
                [
                    -113.341499,
                    34.312412
                ],
                [
                    -113.343895,
                    34.310413
                ],
                [
                    -113.346397,
                    34.307312
                ],
                [
                    -113.348694,
                    34.302914
                ],
                [
                    -113.351196,
                    34.300114
                ],
                [
                    -113.354195,
                    34.297913
                ],
                [
                    -113.358398,
                    34.295414
                ],
                [
                    -113.367393,
                    34.292213
                ],
                [
                    -113.369797,
                    34.292011
                ],
                [
                    -113.372498,
                    34.292614
                ],
                [
                    -113.375793,
                    34.292812
                ],
                [
                    -113.380493,
                    34.293911
                ],
                [
                    -113.386497,
                    34.29491
                ],
                [
                    -113.389198,
                    34.296513
                ],
                [
                    -113.394997,
                    34.299412
                ],
                [
                    -113.398697,
                    34.300114
                ],
                [
                    -113.402199,
                    34.299313
                ],
                [
                    -113.404694,
                    34.297512
                ],
                [
                    -113.4077,
                    34.296211
                ],
                [
                    -113.411499,
                    34.294811
                ],
                [
                    -113.414795,
                    34.29491
                ],
                [
                    -113.419594,
                    34.298714
                ],
                [
                    -113.423096,
                    34.299412
                ],
                [
                    -113.425293,
                    34.300114
                ],
                [
                    -113.429497,
                    34.300213
                ],
                [
                    -113.432098,
                    34.301014
                ],
                [
                    -113.434799,
                    34.301514
                ],
                [
                    -113.437798,
                    34.300411
                ],
                [
                    -113.441696,
                    34.300011
                ],
                [
                    -113.445801,
                    34.299313
                ],
                [
                    -113.450195,
                    34.299713
                ],
                [
                    -113.459297,
                    34.302212
                ],
                [
                    -113.467499,
                    34.303612
                ],
                [
                    -113.471497,
                    34.302013
                ],
                [
                    -113.474495,
                    34.30471
                ],
                [
                    -113.477898,
                    34.304314
                ],
                [
                    -113.4814,
                    34.30331
                ],
                [
                    -113.484093,
                    34.303413
                ],
                [
                    -113.487694,
                    34.305012
                ],
                [
                    -113.490295,
                    34.30471
                ],
                [
                    -113.495697,
                    34.303112
                ],
                [
                    -113.498497,
                    34.302513
                ],
                [
                    -113.501297,
                    34.303013
                ],
                [
                    -113.507294,
                    34.304813
                ],
                [
                    -113.509598,
                    34.306011
                ],
                [
                    -113.511993,
                    34.30801
                ],
                [
                    -113.5159,
                    34.310112
                ],
                [
                    -113.522293,
                    34.309013
                ],
                [
                    -113.5243,
                    34.309013
                ],
                [
                    -113.526299,
                    34.310413
                ],
                [
                    -113.528793,
                    34.309013
                ],
                [
                    -113.531494,
                    34.308212
                ],
                [
                    -113.534195,
                    34.308212
                ],
                [
                    -113.536896,
                    34.307312
                ],
                [
                    -113.539993,
                    34.305511
                ],
                [
                    -113.542397,
                    34.302212
                ],
                [
                    -113.544495,
                    34.299812
                ],
                [
                    -113.545494,
                    34.297413
                ],
                [
                    -113.546799,
                    34.292812
                ],
                [
                    -113.548599,
                    34.288513
                ],
                [
                    -113.554497,
                    34.285412
                ],
                [
                    -113.557198,
                    34.283813
                ],
                [
                    -113.5616,
                    34.280212
                ],
                [
                    -113.563393,
                    34.278114
                ],
                [
                    -113.565895,
                    34.275711
                ],
                [
                    -113.5681,
                    34.274914
                ],
                [
                    -113.569199,
                    34.272411
                ],
                [
                    -113.569496,
                    34.269611
                ],
                [
                    -113.573395,
                    34.267513
                ],
                [
                    -113.575798,
                    34.264713
                ],
                [
                    -113.580093,
                    34.261311
                ],
                [
                    -113.582596,
                    34.258911
                ],
                [
                    -113.583893,
                    34.255413
                ],
                [
                    -113.584396,
                    34.251511
                ],
                [
                    -113.586693,
                    34.243412
                ],
                [
                    -113.5896,
                    34.242111
                ],
                [
                    -113.593796,
                    34.238811
                ],
                [
                    -113.596596,
                    34.237614
                ],
                [
                    -113.598198,
                    34.236111
                ],
                [
                    -113.598999,
                    34.233913
                ],
                [
                    -113.605896,
                    34.229511
                ],
                [
                    -113.607796,
                    34.231312
                ],
                [
                    -113.612297,
                    34.230312
                ],
                [
                    -113.6157,
                    34.228111
                ],
                [
                    -113.618294,
                    34.227413
                ],
                [
                    -113.622398,
                    34.227913
                ],
                [
                    -113.6259,
                    34.228611
                ],
                [
                    -113.630096,
                    34.226711
                ],
                [
                    -113.632599,
                    34.225113
                ],
                [
                    -113.6353,
                    34.224312
                ],
                [
                    -113.639,
                    34.22401
                ],
                [
                    -113.640594,
                    34.227112
                ],
                [
                    -113.643898,
                    34.226311
                ],
                [
                    -113.6436,
                    34.223812
                ],
                [
                    -113.645294,
                    34.220913
                ],
                [
                    -113.647697,
                    34.221813
                ],
                [
                    -113.651299,
                    34.220112
                ],
                [
                    -113.653595,
                    34.217613
                ],
                [
                    -113.655495,
                    34.216511
                ],
                [
                    -113.657898,
                    34.217213
                ],
                [
                    -113.660599,
                    34.215611
                ],
                [
                    -113.662697,
                    34.213314
                ],
                [
                    -113.664894,
                    34.212414
                ],
                [
                    -113.668396,
                    34.21331
                ],
                [
                    -113.672195,
                    34.212811
                ],
                [
                    -113.676094,
                    34.212513
                ],
                [
                    -113.6791,
                    34.210114
                ],
                [
                    -113.695099,
                    34.210312
                ],
                [
                    -113.698494,
                    34.210911
                ],
                [
                    -113.703697,
                    34.211411
                ],
                [
                    -113.7062,
                    34.212612
                ],
                [
                    -113.709198,
                    34.216011
                ],
                [
                    -113.712997,
                    34.217514
                ],
                [
                    -113.715797,
                    34.221413
                ],
                [
                    -113.718399,
                    34.222214
                ],
                [
                    -113.721497,
                    34.222313
                ],
                [
                    -113.723595,
                    34.224613
                ],
                [
                    -113.724197,
                    34.227112
                ],
                [
                    -113.727097,
                    34.233612
                ],
                [
                    -113.729294,
                    34.237511
                ],
                [
                    -113.731499,
                    34.240612
                ],
                [
                    -113.736,
                    34.240913
                ],
                [
                    -113.740601,
                    34.240311
                ],
                [
                    -113.743896,
                    34.240112
                ],
                [
                    -113.746201,
                    34.239311
                ],
                [
                    -113.752098,
                    34.238213
                ],
                [
                    -113.756294,
                    34.237011
                ],
                [
                    -113.759399,
                    34.235912
                ],
                [
                    -113.761993,
                    34.234314
                ],
                [
                    -113.763992,
                    34.233513
                ],
                [
                    -113.769295,
                    34.23241
                ],
                [
                    -113.773598,
                    34.229614
                ],
                [
                    -113.777596,
                    34.228912
                ],
                [
                    -113.781494,
                    34.229412
                ],
                [
                    -113.785698,
                    34.231812
                ],
                [
                    -113.791496,
                    34.234112
                ],
                [
                    -113.795395,
                    34.235413
                ],
                [
                    -113.798897,
                    34.236012
                ],
                [
                    -113.802094,
                    34.236111
                ],
                [
                    -113.808693,
                    34.232811
                ],
                [
                    -113.812798,
                    34.232311
                ],
                [
                    -113.815292,
                    34.234814
                ],
                [
                    -113.818695,
                    34.233612
                ],
                [
                    -113.819794,
                    34.229313
                ],
                [
                    -113.8218,
                    34.227013
                ],
                [
                    -113.8256,
                    34.225414
                ],
                [
                    -113.828194,
                    34.224514
                ],
                [
                    -113.832596,
                    34.223412
                ],
                [
                    -113.835297,
                    34.223114
                ],
                [
                    -113.837494,
                    34.223713
                ],
                [
                    -113.839294,
                    34.225613
                ],
                [
                    -113.842598,
                    34.232914
                ],
                [
                    -113.845695,
                    34.237312
                ],
                [
                    -113.848495,
                    34.239914
                ],
                [
                    -113.849693,
                    34.242912
                ],
                [
                    -113.850098,
                    34.246613
                ],
                [
                    -113.850998,
                    34.25061
                ],
                [
                    -113.852898,
                    34.25201
                ],
                [
                    -113.855293,
                    34.252613
                ],
                [
                    -113.867897,
                    34.254612
                ],
                [
                    -113.871796,
                    34.255013
                ],
                [
                    -113.876595,
                    34.254211
                ],
                [
                    -113.880196,
                    34.252312
                ],
                [
                    -113.883896,
                    34.251411
                ],
                [
                    -113.887497,
                    34.250813
                ],
                [
                    -113.895699,
                    34.248814
                ],
                [
                    -113.905495,
                    34.248314
                ],
                [
                    -113.909393,
                    34.248711
                ],
                [
                    -113.917297,
                    34.24921
                ],
                [
                    -113.922096,
                    34.249413
                ],
                [
                    -113.928795,
                    34.249313
                ],
                [
                    -113.931793,
                    34.250313
                ],
                [
                    -113.940193,
                    34.254913
                ],
                [
                    -113.942093,
                    34.255413
                ],
                [
                    -113.948692,
                    34.257011
                ],
                [
                    -113.963394,
                    34.258114
                ],
                [
                    -113.9729,
                    34.25761
                ],
                [
                    -113.977097,
                    34.256912
                ],
                [
                    -113.983597,
                    34.256111
                ],
                [
                    -113.987,
                    34.255211
                ],
                [
                    -113.991394,
                    34.254814
                ],
                [
                    -114.000793,
                    34.255211
                ],
                [
                    -114.004097,
                    34.254414
                ],
                [
                    -114.007698,
                    34.254013
                ],
                [
                    -114.010094,
                    34.255013
                ],
                [
                    -114.013496,
                    34.257011
                ],
                [
                    -114.016197,
                    34.259014
                ],
                [
                    -114.0187,
                    34.261513
                ],
                [
                    -114.019798,
                    34.264011
                ],
                [
                    -114.0215,
                    34.266712
                ],
                [
                    -114.024498,
                    34.26741
                ],
                [
                    -114.026398,
                    34.265511
                ],
                [
                    -114.028297,
                    34.262012
                ],
                [
                    -114.031097,
                    34.260113
                ],
                [
                    -114.035095,
                    34.259911
                ],
                [
                    -114.037598,
                    34.26181
                ],
                [
                    -114.037399,
                    34.265411
                ],
                [
                    -114.039497,
                    34.266514
                ],
                [
                    -114.041695,
                    34.266113
                ],
                [
                    -114.043694,
                    34.266514
                ],
                [
                    -114.046196,
                    34.268913
                ],
                [
                    -114.046494,
                    34.271511
                ],
                [
                    -114.047195,
                    34.273514
                ],
                [
                    -114.048401,
                    34.275311
                ],
                [
                    -114.049995,
                    34.277111
                ],
                [
                    -114.052193,
                    34.278313
                ],
                [
                    -114.056496,
                    34.279114
                ],
                [
                    -114.059494,
                    34.281811
                ],
                [
                    -114.0634,
                    34.284912
                ],
                [
                    -114.065994,
                    34.28841
                ],
                [
                    -114.067795,
                    34.290211
                ],
                [
                    -114.074898,
                    34.292912
                ],
                [
                    -114.077698,
                    34.292912
                ],
                [
                    -114.080093,
                    34.294113
                ],
                [
                    -114.084198,
                    34.294411
                ],
                [
                    -114.088196,
                    34.297112
                ],
                [
                    -114.091599,
                    34.299011
                ],
                [
                    -114.094597,
                    34.299511
                ],
                [
                    -114.099594,
                    34.299511
                ],
                [
                    -114.102997,
                    34.298214
                ],
                [
                    -114.105896,
                    34.296612
                ],
                [
                    -114.108597,
                    34.295513
                ],
                [
                    -114.165398,
                    34.508411
                ],
                [
                    -114.273499,
                    34.854313
                ],
                [
                    -114.301384,
                    34.923481
                ],
                [
                    -114.397797,
                    35.162312
                ],
                [
                    -114.5112,
                    35.43251
                ],
                [
                    -114.549095,
                    35.681011
                ],
                [
                    -114.522095,
                    35.805313
                ],
                [
                    -114.478798,
                    35.897213
                ],
                [
                    -114.2789,
                    35.929611
                ],
                [
                    -114.111397,
                    35.902611
                ],
                [
                    -114.024895,
                    35.924213
                ],
                [
                    -113.743896,
                    36.026814
                ],
                [
                    -113.744949,
                    36.039032
                ],
                [
                    -113.694969,
                    36.030918
                ],
                [
                    -113.414322,
                    35.989029
                ],
                [
                    -113.387306,
                    36.064682
                ],
                [
                    -113.336632,
                    36.064682
                ],
                [
                    -113.343094,
                    36.058712
                ],
                [
                    -113.346596,
                    36.055912
                ],
                [
                    -113.349594,
                    36.051613
                ],
                [
                    -113.352493,
                    36.04631
                ],
                [
                    -113.354095,
                    36.041313
                ],
                [
                    -113.352097,
                    36.035511
                ],
                [
                    -113.350998,
                    36.03091
                ],
                [
                    -113.3508,
                    36.025211
                ],
                [
                    -113.350197,
                    36.020813
                ],
                [
                    -113.348999,
                    36.017712
                ],
                [
                    -113.348595,
                    36.013813
                ],
                [
                    -113.343399,
                    36.009411
                ],
                [
                    -113.342697,
                    36.006111
                ],
                [
                    -113.340797,
                    36.003914
                ],
                [
                    -113.340096,
                    35.999012
                ],
                [
                    -113.340996,
                    35.994411
                ],
                [
                    -113.341095,
                    35.990013
                ]
            ],
            [
                [
                    -113.927857,
                    35.180451
                ],
                [
                    -113.927674,
                    35.180332
                ],
                [
                    -113.928157,
                    35.179303
                ],
                [
                    -113.928101,
                    35.179042
                ],
                [
                    -113.927401,
                    35.178503
                ],
                [
                    -113.92701,
                    35.177569
                ],
                [
                    -113.92725,
                    35.177198
                ],
                [
                    -113.927074,
                    35.176933
                ],
                [
                    -113.92705,
                    35.176412
                ],
                [
                    -113.927201,
                    35.176282
                ],
                [
                    -113.927397,
                    35.176765
                ],
                [
                    -113.927756,
                    35.17695
                ],
                [
                    -113.927798,
                    35.177276
                ],
                [
                    -113.928436,
                    35.177172
                ],
                [
                    -113.928666,
                    35.177806
                ],
                [
                    -113.929359,
                    35.177914
                ],
                [
                    -113.929533,
                    35.177651
                ],
                [
                    -113.930012,
                    35.177423
                ],
                [
                    -113.930316,
                    35.17776
                ],
                [
                    -113.931022,
                    35.178008
                ],
                [
                    -113.931276,
                    35.178341
                ],
                [
                    -113.931267,
                    35.178601
                ],
                [
                    -113.931545,
                    35.178825
                ],
                [
                    -113.932192,
                    35.178465
                ],
                [
                    -113.932745,
                    35.177501
                ],
                [
                    -113.93318,
                    35.177491
                ],
                [
                    -113.933277,
                    35.177611
                ],
                [
                    -113.93313,
                    35.177868
                ],
                [
                    -113.933718,
                    35.179705
                ],
                [
                    -113.934338,
                    35.180429
                ],
                [
                    -113.934988,
                    35.18001
                ],
                [
                    -113.935177,
                    35.179625
                ],
                [
                    -113.936256,
                    35.179761
                ],
                [
                    -113.93676,
                    35.179396
                ],
                [
                    -113.937317,
                    35.179344
                ],
                [
                    -113.9381,
                    35.178686
                ],
                [
                    -113.939435,
                    35.179805
                ],
                [
                    -113.940686,
                    35.17936
                ],
                [
                    -113.940309,
                    35.17831
                ],
                [
                    -113.94051,
                    35.177534
                ],
                [
                    -113.939987,
                    35.176219
                ],
                [
                    -113.940519,
                    35.176252
                ],
                [
                    -113.941138,
                    35.176664
                ],
                [
                    -113.941762,
                    35.176242
                ],
                [
                    -113.942425,
                    35.176153
                ],
                [
                    -113.943212,
                    35.17578
                ],
                [
                    -113.943234,
                    35.17552
                ],
                [
                    -113.943047,
                    35.175291
                ],
                [
                    -113.942146,
                    35.175232
                ],
                [
                    -113.942588,
                    35.174815
                ],
                [
                    -113.942673,
                    35.174083
                ],
                [
                    -113.943782,
                    35.173808
                ],
                [
                    -113.944346,
                    35.173205
                ],
                [
                    -113.944205,
                    35.172735
                ],
                [
                    -113.944457,
                    35.171385
                ],
                [
                    -113.944344,
                    35.170601
                ],
                [
                    -113.944493,
                    35.169824
                ],
                [
                    -113.944767,
                    35.16931
                ],
                [
                    -113.944629,
                    35.168786
                ],
                [
                    -113.944105,
                    35.167992
                ],
                [
                    -113.942891,
                    35.167441
                ],
                [
                    -113.943921,
                    35.167115
                ],
                [
                    -113.943997,
                    35.166913
                ],
                [
                    -113.944543,
                    35.166701
                ],
                [
                    -113.944458,
                    35.165615
                ],
                [
                    -113.944692,
                    35.165102
                ],
                [
                    -113.94466,
                    35.164538
                ],
                [
                    -113.945726,
                    35.16421
                ],
                [
                    -113.946087,
                    35.163904
                ],
                [
                    -113.94597,
                    35.162832
                ],
                [
                    -113.946643,
                    35.162509
                ],
                [
                    -113.947399,
                    35.161875
                ],
                [
                    -113.949841,
                    35.164374
                ],
                [
                    -113.950158,
                    35.164384
                ],
                [
                    -113.950808,
                    35.163944
                ],
                [
                    -113.951166,
                    35.164525
                ],
                [
                    -113.950856,
                    35.165559
                ],
                [
                    -113.950864,
                    35.16608
                ],
                [
                    -113.951354,
                    35.166322
                ],
                [
                    -113.951668,
                    35.1661
                ],
                [
                    -113.951689,
                    35.165833
                ],
                [
                    -113.952789,
                    35.165458
                ],
                [
                    -113.953231,
                    35.164838
                ],
                [
                    -113.951985,
                    35.164348
                ],
                [
                    -113.952014,
                    35.164026
                ],
                [
                    -113.952681,
                    35.163262
                ],
                [
                    -113.952595,
                    35.162999
                ],
                [
                    -113.951448,
                    35.16249
                ],
                [
                    -113.951555,
                    35.161672
                ],
                [
                    -113.951197,
                    35.161142
                ],
                [
                    -113.951202,
                    35.160361
                ],
                [
                    -113.952533,
                    35.16022
                ],
                [
                    -113.953475,
                    35.160456
                ],
                [
                    -113.954847,
                    35.161128
                ],
                [
                    -113.955026,
                    35.161355
                ],
                [
                    -113.95534,
                    35.161448
                ],
                [
                    -113.955796,
                    35.161258
                ],
                [
                    -113.9556,
                    35.160732
                ],
                [
                    -113.954469,
                    35.159662
                ],
                [
                    -113.954281,
                    35.159137
                ],
                [
                    -113.953585,
                    35.158599
                ],
                [
                    -113.953595,
                    35.158339
                ],
                [
                    -113.953144,
                    35.158327
                ],
                [
                    -113.953153,
                    35.158067
                ],
                [
                    -113.952936,
                    35.157912
                ],
                [
                    -113.952311,
                    35.157668
                ],
                [
                    -113.950709,
                    35.158108
                ],
                [
                    -113.950094,
                    35.15799
                ],
                [
                    -113.949923,
                    35.157465
                ],
                [
                    -113.950515,
                    35.157295
                ],
                [
                    -113.950684,
                    35.156906
                ],
                [
                    -113.951225,
                    35.156457
                ],
                [
                    -113.951004,
                    35.15541
                ],
                [
                    -113.950706,
                    35.154881
                ],
                [
                    -113.949569,
                    35.153837
                ],
                [
                    -113.949251,
                    35.153803
                ],
                [
                    -113.949955,
                    35.153821
                ],
                [
                    -113.951048,
                    35.154001
                ],
                [
                    -113.951311,
                    35.153156
                ],
                [
                    -113.951161,
                    35.15281
                ],
                [
                    -113.950431,
                    35.152414
                ],
                [
                    -113.949893,
                    35.151737
                ],
                [
                    -113.949606,
                    35.15103
                ],
                [
                    -113.949746,
                    35.150692
                ],
                [
                    -113.949604,
                    35.150274
                ],
                [
                    -113.949179,
                    35.149897
                ],
                [
                    -113.949331,
                    35.149816
                ],
                [
                    -113.950457,
                    35.150121
                ],
                [
                    -113.950469,
                    35.150869
                ],
                [
                    -113.951494,
                    35.151593
                ],
                [
                    -113.952897,
                    35.152025
                ],
                [
                    -113.953451,
                    35.152594
                ],
                [
                    -113.954078,
                    35.152793
                ],
                [
                    -113.954714,
                    35.152729
                ],
                [
                    -113.955017,
                    35.153113
                ],
                [
                    -113.955648,
                    35.153189
                ],
                [
                    -113.956868,
                    35.154457
                ],
                [
                    -113.957798,
                    35.155027
                ],
                [
                    -113.959139,
                    35.153069
                ],
                [
                    -113.959371,
                    35.152496
                ],
                [
                    -113.959281,
                    35.152233
                ],
                [
                    -113.960073,
                    35.151733
                ],
                [
                    -113.960281,
                    35.15132
                ],
                [
                    -113.960216,
                    35.150955
                ],
                [
                    -113.959745,
                    35.150423
                ],
                [
                    -113.958625,
                    35.149842
                ],
                [
                    -113.958558,
                    35.149279
                ],
                [
                    -113.958975,
                    35.148964
                ],
                [
                    -113.960042,
                    35.148695
                ],
                [
                    -113.960422,
                    35.148097
                ],
                [
                    -113.960426,
                    35.147576
                ],
                [
                    -113.961097,
                    35.147072
                ],
                [
                    -113.961259,
                    35.146535
                ],
                [
                    -113.96191,
                    35.146758
                ],
                [
                    -113.962834,
                    35.147479
                ],
                [
                    -113.96315,
                    35.147508
                ],
                [
                    -113.964349,
                    35.147353
                ],
                [
                    -113.964756,
                    35.146928
                ],
                [
                    -113.965393,
                    35.146834
                ],
                [
                    -113.965722,
                    35.146516
                ],
                [
                    -113.966355,
                    35.146545
                ],
                [
                    -113.966422,
                    35.146425
                ],
                [
                    -113.966186,
                    35.146159
                ],
                [
                    -113.96474,
                    35.145009
                ],
                [
                    -113.96547,
                    35.144773
                ],
                [
                    -113.967691,
                    35.144718
                ],
                [
                    -113.968792,
                    35.144231
                ],
                [
                    -113.969551,
                    35.143486
                ],
                [
                    -113.969475,
                    35.141997
                ],
                [
                    -113.969627,
                    35.141067
                ],
                [
                    -113.970158,
                    35.140632
                ],
                [
                    -113.977973,
                    35.139702
                ],
                [
                    -113.979491,
                    35.139143
                ],
                [
                    -113.980705,
                    35.137902
                ],
                [
                    -113.980401,
                    35.13722
                ],
                [
                    -113.979567,
                    35.136785
                ],
                [
                    -113.979263,
                    35.136165
                ],
                [
                    -113.979794,
                    35.135669
                ],
                [
                    -113.980022,
                    35.134924
                ],
                [
                    -113.979491,
                    35.133931
                ],
                [
                    -113.979339,
                    35.133249
                ],
                [
                    -113.972359,
                    35.130332
                ],
                [
                    -113.970082,
                    35.127726
                ],
                [
                    -113.969931,
                    35.126733
                ],
                [
                    -113.969399,
                    35.125616
                ],
                [
                    -113.96746,
                    35.123753
                ],
                [
                    -113.967572,
                    35.123544
                ],
                [
                    -113.967407,
                    35.123019
                ],
                [
                    -113.967581,
                    35.122503
                ],
                [
                    -113.966933,
                    35.121966
                ],
                [
                    -113.966916,
                    35.121668
                ],
                [
                    -113.967311,
                    35.120801
                ],
                [
                    -113.968256,
                    35.12093
                ],
                [
                    -113.968675,
                    35.120787
                ],
                [
                    -113.968671,
                    35.120187
                ],
                [
                    -113.96832,
                    35.119204
                ],
                [
                    -113.967215,
                    35.119236
                ],
                [
                    -113.967051,
                    35.119105
                ],
                [
                    -113.966878,
                    35.118059
                ],
                [
                    -113.966426,
                    35.118048
                ],
                [
                    -113.966436,
                    35.117788
                ],
                [
                    -113.966159,
                    35.11769
                ],
                [
                    -113.965761,
                    35.117833
                ],
                [
                    -113.965536,
                    35.117402
                ],
                [
                    -113.965292,
                    35.117564
                ],
                [
                    -113.963847,
                    35.117644
                ],
                [
                    -113.963293,
                    35.11807
                ],
                [
                    -113.96241,
                    35.117392
                ],
                [
                    -113.961559,
                    35.117145
                ],
                [
                    -113.96114,
                    35.116086
                ],
                [
                    -113.961392,
                    35.115769
                ],
                [
                    -113.961707,
                    35.115847
                ],
                [
                    -113.961733,
                    35.116147
                ],
                [
                    -113.962103,
                    35.115986
                ],
                [
                    -113.963047,
                    35.116168
                ],
                [
                    -113.96349,
                    35.115892
                ],
                [
                    -113.963627,
                    35.115304
                ],
                [
                    -113.964031,
                    35.11527
                ],
                [
                    -113.965606,
                    35.115509
                ],
                [
                    -113.967483,
                    35.116165
                ],
                [
                    -113.967684,
                    35.115997
                ],
                [
                    -113.967743,
                    35.115408
                ],
                [
                    -113.968673,
                    35.11461
                ],
                [
                    -113.969131,
                    35.114472
                ],
                [
                    -113.969215,
                    35.114277
                ],
                [
                    -113.969176,
                    35.113691
                ],
                [
                    -113.968915,
                    35.113121
                ],
                [
                    -113.9683,
                    35.112628
                ],
                [
                    -113.965731,
                    35.112145
                ],
                [
                    -113.964806,
                    35.111759
                ],
                [
                    -113.964846,
                    35.111214
                ],
                [
                    -113.964169,
                    35.110676
                ],
                [
                    -113.965119,
                    35.110431
                ],
                [
                    -113.965367,
                    35.110211
                ],
                [
                    -113.965383,
                    35.109951
                ],
                [
                    -113.964746,
                    35.109154
                ],
                [
                    -113.964756,
                    35.108894
                ],
                [
                    -113.9643,
                    35.108013
                ],
                [
                    -113.963669,
                    35.107942
                ],
                [
                    -113.963346,
                    35.108101
                ],
                [
                    -113.963143,
                    35.108594
                ],
                [
                    -113.962688,
                    35.108755
                ],
                [
                    -113.962404,
                    35.108554
                ],
                [
                    -113.962101,
                    35.107521
                ],
                [
                    -113.961484,
                    35.107068
                ],
                [
                    -113.960853,
                    35.107001
                ],
                [
                    -113.960499,
                    35.107201
                ],
                [
                    -113.960441,
                    35.107419
                ],
                [
                    -113.95861,
                    35.107689
                ],
                [
                    -113.958015,
                    35.107148
                ],
                [
                    -113.957145,
                    35.10681
                ],
                [
                    -113.956658,
                    35.106429
                ],
                [
                    -113.955815,
                    35.106155
                ],
                [
                    -113.955178,
                    35.106245
                ],
                [
                    -113.953296,
                    35.105763
                ],
                [
                    -113.95301,
                    35.104924
                ],
                [
                    -113.951937,
                    35.104773
                ],
                [
                    -113.951057,
                    35.10419
                ],
                [
                    -113.949218,
                    35.104662
                ],
                [
                    -113.949003,
                    35.104946
                ],
                [
                    -113.948862,
                    35.105731
                ],
                [
                    -113.948546,
                    35.105688
                ],
                [
                    -113.94866,
                    35.105105
                ],
                [
                    -113.94836,
                    35.104838
                ],
                [
                    -113.949253,
                    35.103038
                ],
                [
                    -113.949498,
                    35.102003
                ],
                [
                    -113.950267,
                    35.102025
                ],
                [
                    -113.951456,
                    35.101718
                ],
                [
                    -113.951982,
                    35.100834
                ],
                [
                    -113.951166,
                    35.099441
                ],
                [
                    -113.951632,
                    35.099394
                ],
                [
                    -113.952151,
                    35.10006
                ],
                [
                    -113.953737,
                    35.101108
                ],
                [
                    -113.954099,
                    35.101204
                ],
                [
                    -113.954455,
                    35.100826
                ],
                [
                    -113.954482,
                    35.100333
                ],
                [
                    -113.954922,
                    35.10018
                ],
                [
                    -113.955372,
                    35.099768
                ],
                [
                    -113.956679,
                    35.099974
                ],
                [
                    -113.957829,
                    35.09923
                ],
                [
                    -113.959488,
                    35.098799
                ],
                [
                    -113.959543,
                    35.098578
                ],
                [
                    -113.960101,
                    35.098104
                ],
                [
                    -113.960376,
                    35.09733
                ],
                [
                    -113.960282,
                    35.096781
                ],
                [
                    -113.96103,
                    35.096044
                ],
                [
                    -113.961101,
                    35.095786
                ],
                [
                    -113.960929,
                    35.09474
                ],
                [
                    -113.960643,
                    35.094212
                ],
                [
                    -113.960656,
                    35.093431
                ],
                [
                    -113.96025,
                    35.092536
                ],
                [
                    -113.959654,
                    35.091986
                ],
                [
                    -113.958717,
                    35.09069
                ],
                [
                    -113.958117,
                    35.090244
                ],
                [
                    -113.957844,
                    35.089716
                ],
                [
                    -113.957968,
                    35.089414
                ],
                [
                    -113.958549,
                    35.089734
                ],
                [
                    -113.958585,
                    35.090034
                ],
                [
                    -113.958839,
                    35.089907
                ],
                [
                    -113.959174,
                    35.09001
                ],
                [
                    -113.959255,
                    35.090324
                ],
                [
                    -113.959451,
                    35.090174
                ],
                [
                    -113.960927,
                    35.090244
                ],
                [
                    -113.961584,
                    35.091372
                ],
                [
                    -113.963199,
                    35.092529
                ],
                [
                    -113.964193,
                    35.09383
                ],
                [
                    -113.964971,
                    35.094191
                ],
                [
                    -113.965324,
                    35.094676
                ],
                [
                    -113.966832,
                    35.095531
                ],
                [
                    -113.966962,
                    35.096031
                ],
                [
                    -113.96725,
                    35.096218
                ],
                [
                    -113.967898,
                    35.096406
                ],
                [
                    -113.968659,
                    35.096392
                ],
                [
                    -113.969152,
                    35.096756
                ],
                [
                    -113.97074,
                    35.096276
                ],
                [
                    -113.972025,
                    35.096159
                ],
                [
                    -113.973291,
                    35.096191
                ],
                [
                    -113.974422,
                    35.096735
                ],
                [
                    -113.975169,
                    35.096821
                ],
                [
                    -113.975486,
                    35.096806
                ],
                [
                    -113.975813,
                    35.09652
                ],
                [
                    -113.976757,
                    35.096686
                ],
                [
                    -113.977066,
                    35.096445
                ],
                [
                    -113.977273,
                    35.09567
                ],
                [
                    -113.976698,
                    35.094614
                ],
                [
                    -113.974982,
                    35.093306
                ],
                [
                    -113.973685,
                    35.092757
                ],
                [
                    -113.971934,
                    35.091371
                ],
                [
                    -113.971699,
                    35.091105
                ],
                [
                    -113.971709,
                    35.090845
                ],
                [
                    -113.971175,
                    35.090656
                ],
                [
                    -113.970509,
                    35.089908
                ],
                [
                    -113.970047,
                    35.089699
                ],
                [
                    -113.969348,
                    35.088703
                ],
                [
                    -113.969395,
                    35.087851
                ],
                [
                    -113.971082,
                    35.087444
                ],
                [
                    -113.971494,
                    35.087194
                ],
                [
                    -113.971608,
                    35.086416
                ],
                [
                    -113.971813,
                    35.086161
                ],
                [
                    -113.971612,
                    35.085635
                ],
                [
                    -113.970534,
                    35.085116
                ],
                [
                    -113.969592,
                    35.084887
                ],
                [
                    -113.96864,
                    35.084937
                ],
                [
                    -113.96833,
                    35.084764
                ],
                [
                    -113.966127,
                    35.084381
                ],
                [
                    -113.966013,
                    35.084714
                ],
                [
                    -113.966603,
                    35.086031
                ],
                [
                    -113.966058,
                    35.086226
                ],
                [
                    -113.964703,
                    35.08505
                ],
                [
                    -113.963902,
                    35.0846
                ],
                [
                    -113.963601,
                    35.084158
                ],
                [
                    -113.962816,
                    35.083853
                ],
                [
                    -113.962933,
                    35.083075
                ],
                [
                    -113.962768,
                    35.082505
                ],
                [
                    -113.96117,
                    35.081397
                ],
                [
                    -113.960795,
                    35.080939
                ],
                [
                    -113.962555,
                    35.080801
                ],
                [
                    -113.963437,
                    35.080052
                ],
                [
                    -113.963744,
                    35.080302
                ],
                [
                    -113.964228,
                    35.081376
                ],
                [
                    -113.965358,
                    35.082017
                ],
                [
                    -113.965878,
                    35.082552
                ],
                [
                    -113.966507,
                    35.08268
                ],
                [
                    -113.96747,
                    35.082315
                ],
                [
                    -113.968097,
                    35.082505
                ],
                [
                    -113.968416,
                    35.082429
                ],
                [
                    -113.968681,
                    35.082178
                ],
                [
                    -113.968835,
                    35.0814
                ],
                [
                    -113.969093,
                    35.081256
                ],
                [
                    -113.969774,
                    35.081381
                ],
                [
                    -113.970026,
                    35.081729
                ],
                [
                    -113.97062,
                    35.08199
                ],
                [
                    -113.971858,
                    35.081736
                ],
                [
                    -113.97098,
                    35.081619
                ],
                [
                    -113.970403,
                    35.081179
                ],
                [
                    -113.970456,
                    35.08092
                ],
                [
                    -113.971018,
                    35.080597
                ],
                [
                    -113.971017,
                    35.080925
                ],
                [
                    -113.971186,
                    35.081047
                ],
                [
                    -113.972267,
                    35.081073
                ],
                [
                    -113.972883,
                    35.081536
                ],
                [
                    -113.97382,
                    35.0819
                ],
                [
                    -113.974117,
                    35.082424
                ],
                [
                    -113.974442,
                    35.082209
                ],
                [
                    -113.974731,
                    35.083105
                ],
                [
                    -113.975067,
                    35.083351
                ],
                [
                    -113.975664,
                    35.083412
                ],
                [
                    -113.976197,
                    35.084245
                ],
                [
                    -113.977286,
                    35.084413
                ],
                [
                    -113.977799,
                    35.085532
                ],
                [
                    -113.978129,
                    35.085798
                ],
                [
                    -113.977959,
                    35.087095
                ],
                [
                    -113.978047,
                    35.087615
                ],
                [
                    -113.978251,
                    35.08771
                ],
                [
                    -113.979952,
                    35.087365
                ],
                [
                    -113.981848,
                    35.087491
                ],
                [
                    -113.982804,
                    35.087339
                ],
                [
                    -113.98313,
                    35.087083
                ],
                [
                    -113.983761,
                    35.087142
                ],
                [
                    -113.98576,
                    35.088071
                ],
                [
                    -113.986157,
                    35.088341
                ],
                [
                    -113.986148,
                    35.088601
                ],
                [
                    -113.986626,
                    35.088613
                ],
                [
                    -113.986617,
                    35.088873
                ],
                [
                    -113.986857,
                    35.089078
                ],
                [
                    -113.988722,
                    35.090046
                ],
                [
                    -113.989199,
                    35.089844
                ],
                [
                    -113.989979,
                    35.088646
                ],
                [
                    -113.990755,
                    35.088455
                ],
                [
                    -113.990974,
                    35.0882
                ],
                [
                    -113.989324,
                    35.086724
                ],
                [
                    -113.987275,
                    35.086339
                ],
                [
                    -113.98689,
                    35.086016
                ],
                [
                    -113.986986,
                    35.085586
                ],
                [
                    -113.987643,
                    35.084996
                ],
                [
                    -113.98798,
                    35.084221
                ],
                [
                    -113.987521,
                    35.08357
                ],
                [
                    -113.987067,
                    35.083384
                ],
                [
                    -113.986117,
                    35.083382
                ],
                [
                    -113.984939,
                    35.083625
                ],
                [
                    -113.984856,
                    35.083904
                ],
                [
                    -113.984508,
                    35.084068
                ],
                [
                    -113.982983,
                    35.084049
                ],
                [
                    -113.981569,
                    35.08276
                ],
                [
                    -113.981096,
                    35.081466
                ],
                [
                    -113.981019,
                    35.080663
                ],
                [
                    -113.981438,
                    35.079372
                ],
                [
                    -113.982186,
                    35.078618
                ],
                [
                    -113.982387,
                    35.077834
                ],
                [
                    -113.983502,
                    35.076997
                ],
                [
                    -113.984028,
                    35.077093
                ],
                [
                    -113.984438,
                    35.07738
                ],
                [
                    -113.984731,
                    35.078015
                ],
                [
                    -113.985265,
                    35.078493
                ],
                [
                    -113.985661,
                    35.078562
                ],
                [
                    -113.986345,
                    35.078192
                ],
                [
                    -113.986458,
                    35.077414
                ],
                [
                    -113.986269,
                    35.076889
                ],
                [
                    -113.986588,
                    35.07602
                ],
                [
                    -113.988326,
                    35.074978
                ],
                [
                    -113.988415,
                    35.074394
                ],
                [
                    -113.989339,
                    35.07332
                ],
                [
                    -113.990015,
                    35.071496
                ],
                [
                    -113.990887,
                    35.069974
                ],
                [
                    -113.991411,
                    35.068165
                ],
                [
                    -113.991063,
                    35.067115
                ],
                [
                    -113.990544,
                    35.066343
                ],
                [
                    -113.988042,
                    35.065488
                ],
                [
                    -113.986772,
                    35.065569
                ],
                [
                    -113.985833,
                    35.06528
                ],
                [
                    -113.985419,
                    35.065334
                ],
                [
                    -113.984868,
                    35.065695
                ],
                [
                    -113.983916,
                    35.065749
                ],
                [
                    -113.983592,
                    35.065941
                ],
                [
                    -113.983306,
                    35.065098
                ],
                [
                    -113.9828,
                    35.064481
                ],
                [
                    -113.981747,
                    35.06446
                ],
                [
                    -113.981128,
                    35.064058
                ],
                [
                    -113.980182,
                    35.063972
                ],
                [
                    -113.979225,
                    35.064156
                ],
                [
                    -113.978914,
                    35.064004
                ],
                [
                    -113.978269,
                    35.064316
                ],
                [
                    -113.97733,
                    35.064027
                ],
                [
                    -113.976674,
                    35.064641
                ],
                [
                    -113.976638,
                    35.064934
                ],
                [
                    -113.976337,
                    35.065202
                ],
                [
                    -113.975719,
                    35.064768
                ],
                [
                    -113.975086,
                    35.064761
                ],
                [
                    -113.974621,
                    35.064493
                ],
                [
                    -113.974479,
                    35.064359
                ],
                [
                    -113.974588,
                    35.063841
                ],
                [
                    -113.973879,
                    35.063148
                ],
                [
                    -113.972313,
                    35.062702
                ],
                [
                    -113.971364,
                    35.062675
                ],
                [
                    -113.96918,
                    35.061802
                ],
                [
                    -113.968853,
                    35.062075
                ],
                [
                    -113.968716,
                    35.061612
                ],
                [
                    -113.96917,
                    35.061363
                ],
                [
                    -113.970138,
                    35.061566
                ],
                [
                    -113.970463,
                    35.061335
                ],
                [
                    -113.97135,
                    35.061366
                ],
                [
                    -113.971853,
                    35.061169
                ],
                [
                    -113.971907,
                    35.06091
                ],
                [
                    -113.971605,
                    35.06051
                ],
                [
                    -113.969511,
                    35.059098
                ],
                [
                    -113.968407,
                    35.059063
                ],
                [
                    -113.967685,
                    35.059403
                ],
                [
                    -113.966416,
                    35.059489
                ],
                [
                    -113.966128,
                    35.059724
                ],
                [
                    -113.966102,
                    35.060003
                ],
                [
                    -113.965532,
                    35.06031
                ],
                [
                    -113.964663,
                    35.060208
                ],
                [
                    -113.965553,
                    35.059791
                ],
                [
                    -113.966019,
                    35.058941
                ],
                [
                    -113.96775,
                    35.057943
                ],
                [
                    -113.967659,
                    35.05768
                ],
                [
                    -113.967192,
                    35.057408
                ],
                [
                    -113.965898,
                    35.056074
                ],
                [
                    -113.965936,
                    35.055292
                ],
                [
                    -113.966086,
                    35.055937
                ],
                [
                    -113.968102,
                    35.056698
                ],
                [
                    -113.968732,
                    35.056791
                ],
                [
                    -113.969106,
                    35.056632
                ],
                [
                    -113.969357,
                    35.056993
                ],
                [
                    -113.970003,
                    35.056652
                ],
                [
                    -113.970286,
                    35.057566
                ],
                [
                    -113.97091,
                    35.057805
                ],
                [
                    -113.971248,
                    35.05777
                ],
                [
                    -113.971258,
                    35.05751
                ],
                [
                    -113.972536,
                    35.056645
                ],
                [
                    -113.973483,
                    35.057541
                ],
                [
                    -113.97352,
                    35.058017
                ],
                [
                    -113.973744,
                    35.058249
                ],
                [
                    -113.97468,
                    35.058599
                ],
                [
                    -113.974811,
                    35.058483
                ],
                [
                    -113.975652,
                    35.056578
                ],
                [
                    -113.976609,
                    35.056296
                ],
                [
                    -113.976477,
                    35.055729
                ],
                [
                    -113.976053,
                    35.055547
                ],
                [
                    -113.976094,
                    35.054609
                ],
                [
                    -113.975673,
                    35.05433
                ],
                [
                    -113.975641,
                    35.054107
                ],
                [
                    -113.97644,
                    35.053819
                ],
                [
                    -113.97738,
                    35.053748
                ],
                [
                    -113.977491,
                    35.053239
                ],
                [
                    -113.976063,
                    35.052764
                ],
                [
                    -113.976448,
                    35.051651
                ],
                [
                    -113.975713,
                    35.051267
                ],
                [
                    -113.97365,
                    35.0516
                ],
                [
                    -113.973357,
                    35.051575
                ],
                [
                    -113.973325,
                    35.051346
                ],
                [
                    -113.973865,
                    35.050546
                ],
                [
                    -113.973891,
                    35.050025
                ],
                [
                    -113.973727,
                    35.049761
                ],
                [
                    -113.973829,
                    35.049033
                ],
                [
                    -113.974414,
                    35.048656
                ],
                [
                    -113.974986,
                    35.047628
                ],
                [
                    -113.975749,
                    35.047208
                ],
                [
                    -113.975759,
                    35.046948
                ],
                [
                    -113.976061,
                    35.046695
                ],
                [
                    -113.976127,
                    35.046398
                ],
                [
                    -113.975334,
                    35.046417
                ],
                [
                    -113.974279,
                    35.04701
                ],
                [
                    -113.973205,
                    35.047126
                ],
                [
                    -113.972238,
                    35.047573
                ],
                [
                    -113.972037,
                    35.048005
                ],
                [
                    -113.971578,
                    35.048301
                ],
                [
                    -113.971265,
                    35.048223
                ],
                [
                    -113.970972,
                    35.047582
                ],
                [
                    -113.970029,
                    35.047388
                ],
                [
                    -113.968964,
                    35.048004
                ],
                [
                    -113.968683,
                    35.048854
                ],
                [
                    -113.968074,
                    35.04889
                ],
                [
                    -113.967724,
                    35.048309
                ],
                [
                    -113.967453,
                    35.046289
                ],
                [
                    -113.966928,
                    35.045635
                ],
                [
                    -113.965974,
                    35.045922
                ],
                [
                    -113.965575,
                    35.046693
                ],
                [
                    -113.96457,
                    35.047385
                ],
                [
                    -113.964317,
                    35.047764
                ],
                [
                    -113.964002,
                    35.04772
                ],
                [
                    -113.96352,
                    35.047311
                ],
                [
                    -113.963005,
                    35.047204
                ],
                [
                    -113.963282,
                    35.046636
                ],
                [
                    -113.962694,
                    35.046101
                ],
                [
                    -113.96222,
                    35.044544
                ],
                [
                    -113.961587,
                    35.044554
                ],
                [
                    -113.961189,
                    35.044761
                ],
                [
                    -113.960926,
                    35.045299
                ],
                [
                    -113.96061,
                    35.045292
                ],
                [
                    -113.960481,
                    35.044743
                ],
                [
                    -113.960823,
                    35.04384
                ],
                [
                    -113.960325,
                    35.043438
                ],
                [
                    -113.959896,
                    35.042646
                ],
                [
                    -113.959135,
                    35.042382
                ],
                [
                    -113.958818,
                    35.042385
                ],
                [
                    -113.958171,
                    35.042767
                ],
                [
                    -113.957544,
                    35.042604
                ],
                [
                    -113.9568,
                    35.04301
                ],
                [
                    -113.956206,
                    35.044534
                ],
                [
                    -113.955888,
                    35.044582
                ],
                [
                    -113.955272,
                    35.04411
                ],
                [
                    -113.954956,
                    35.044107
                ],
                [
                    -113.954291,
                    35.044946
                ],
                [
                    -113.953003,
                    35.045538
                ],
                [
                    -113.952063,
                    35.045272
                ],
                [
                    -113.951613,
                    35.044397
                ],
                [
                    -113.951245,
                    35.044177
                ],
                [
                    -113.950838,
                    35.044165
                ],
                [
                    -113.950203,
                    35.045006
                ],
                [
                    -113.950194,
                    35.045266
                ],
                [
                    -113.949326,
                    35.046025
                ],
                [
                    -113.949458,
                    35.046549
                ],
                [
                    -113.949355,
                    35.046707
                ],
                [
                    -113.948664,
                    35.04679
                ],
                [
                    -113.948519,
                    35.046948
                ],
                [
                    -113.947268,
                    35.046525
                ],
                [
                    -113.946941,
                    35.046797
                ],
                [
                    -113.946683,
                    35.04674
                ],
                [
                    -113.946553,
                    35.046543
                ],
                [
                    -113.945699,
                    35.046145
                ],
                [
                    -113.945552,
                    35.045549
                ],
                [
                    -113.94501,
                    35.045396
                ],
                [
                    -113.946044,
                    35.045385
                ],
                [
                    -113.946255,
                    35.045763
                ],
                [
                    -113.946659,
                    35.045893
                ],
                [
                    -113.948052,
                    35.045836
                ],
                [
                    -113.948251,
                    35.04564
                ],
                [
                    -113.94848,
                    35.044702
                ],
                [
                    -113.948104,
                    35.043651
                ],
                [
                    -113.948957,
                    35.043671
                ],
                [
                    -113.949495,
                    35.043166
                ],
                [
                    -113.949564,
                    35.042387
                ],
                [
                    -113.949793,
                    35.042132
                ],
                [
                    -113.950792,
                    35.041786
                ],
                [
                    -113.951281,
                    35.041408
                ],
                [
                    -113.951417,
                    35.040871
                ],
                [
                    -113.951271,
                    35.04062
                ],
                [
                    -113.949935,
                    35.039885
                ],
                [
                    -113.94948,
                    35.03926
                ],
                [
                    -113.949469,
                    35.039018
                ],
                [
                    -113.951347,
                    35.039
                ],
                [
                    -113.951605,
                    35.038737
                ],
                [
                    -113.951627,
                    35.038273
                ],
                [
                    -113.951451,
                    35.038008
                ],
                [
                    -113.950897,
                    35.037734
                ],
                [
                    -113.950908,
                    35.036953
                ],
                [
                    -113.950763,
                    35.036689
                ],
                [
                    -113.94913,
                    35.035867
                ],
                [
                    -113.950211,
                    35.035504
                ],
                [
                    -113.951159,
                    35.035534
                ],
                [
                    -113.951357,
                    35.035402
                ],
                [
                    -113.951486,
                    35.034605
                ],
                [
                    -113.953092,
                    35.034632
                ],
                [
                    -113.953487,
                    35.034474
                ],
                [
                    -113.953726,
                    35.03416
                ],
                [
                    -113.953912,
                    35.033384
                ],
                [
                    -113.953778,
                    35.033123
                ],
                [
                    -113.953364,
                    35.032937
                ],
                [
                    -113.95334,
                    35.032328
                ],
                [
                    -113.953184,
                    35.032139
                ],
                [
                    -113.951313,
                    35.031496
                ],
                [
                    -113.951748,
                    35.031074
                ],
                [
                    -113.952451,
                    35.030744
                ],
                [
                    -113.951905,
                    35.030209
                ],
                [
                    -113.951932,
                    35.02995
                ],
                [
                    -113.95282,
                    35.029712
                ],
                [
                    -113.952871,
                    35.029192
                ],
                [
                    -113.952732,
                    35.028929
                ],
                [
                    -113.953315,
                    35.028612
                ],
                [
                    -113.953569,
                    35.027648
                ],
                [
                    -113.952844,
                    35.027025
                ],
                [
                    -113.95292,
                    35.026069
                ],
                [
                    -113.952528,
                    35.0255
                ],
                [
                    -113.952171,
                    35.025349
                ],
                [
                    -113.951218,
                    35.025447
                ],
                [
                    -113.950252,
                    35.025891
                ],
                [
                    -113.94924,
                    35.025927
                ],
                [
                    -113.948322,
                    35.02672
                ],
                [
                    -113.947368,
                    35.026826
                ],
                [
                    -113.946745,
                    35.027505
                ],
                [
                    -113.945702,
                    35.027498
                ],
                [
                    -113.945302,
                    35.026919
                ],
                [
                    -113.945242,
                    35.026338
                ],
                [
                    -113.944622,
                    35.026381
                ],
                [
                    -113.944632,
                    35.026121
                ],
                [
                    -113.945181,
                    35.026081
                ],
                [
                    -113.946112,
                    35.026573
                ],
                [
                    -113.947382,
                    35.02567
                ],
                [
                    -113.948011,
                    35.024197
                ],
                [
                    -113.947506,
                    35.023829
                ],
                [
                    -113.947271,
                    35.023253
                ],
                [
                    -113.947373,
                    35.022683
                ],
                [
                    -113.947973,
                    35.022134
                ],
                [
                    -113.949854,
                    35.021827
                ],
                [
                    -113.950095,
                    35.021573
                ],
                [
                    -113.949713,
                    35.021111
                ],
                [
                    -113.94885,
                    35.021027
                ],
                [
                    -113.948093,
                    35.020596
                ],
                [
                    -113.947601,
                    35.020563
                ],
                [
                    -113.946946,
                    35.021158
                ],
                [
                    -113.945665,
                    35.021572
                ],
                [
                    -113.945367,
                    35.021074
                ],
                [
                    -113.944731,
                    35.021146
                ],
                [
                    -113.944442,
                    35.020417
                ],
                [
                    -113.943174,
                    35.02049
                ],
                [
                    -113.942546,
                    35.020347
                ],
                [
                    -113.941907,
                    35.020499
                ],
                [
                    -113.941288,
                    35.020051
                ],
                [
                    -113.940336,
                    35.020196
                ],
                [
                    -113.94001,
                    35.020464
                ],
                [
                    -113.939063,
                    35.020399
                ],
                [
                    -113.937792,
                    35.020544
                ],
                [
                    -113.937469,
                    35.020709
                ],
                [
                    -113.937248,
                    35.020207
                ],
                [
                    -113.937409,
                    35.019951
                ],
                [
                    -113.937361,
                    35.019429
                ],
                [
                    -113.936961,
                    35.018638
                ],
                [
                    -113.937574,
                    35.018409
                ],
                [
                    -113.937733,
                    35.018137
                ],
                [
                    -113.937577,
                    35.017816
                ],
                [
                    -113.936956,
                    35.017508
                ],
                [
                    -113.936782,
                    35.017072
                ],
                [
                    -113.937105,
                    35.016559
                ],
                [
                    -113.936879,
                    35.016293
                ],
                [
                    -113.936981,
                    35.016035
                ],
                [
                    -113.937764,
                    35.015534
                ],
                [
                    -113.937795,
                    35.015014
                ],
                [
                    -113.937498,
                    35.014648
                ],
                [
                    -113.93645,
                    35.014091
                ],
                [
                    -113.935533,
                    35.013224
                ],
                [
                    -113.934892,
                    35.013449
                ],
                [
                    -113.93424,
                    35.013963
                ],
                [
                    -113.934048,
                    35.013276
                ],
                [
                    -113.933685,
                    35.013052
                ],
                [
                    -113.93371,
                    35.012829
                ],
                [
                    -113.934139,
                    35.012579
                ],
                [
                    -113.934206,
                    35.01232
                ],
                [
                    -113.933543,
                    35.011783
                ],
                [
                    -113.933627,
                    35.011004
                ],
                [
                    -113.934219,
                    35.010639
                ],
                [
                    -113.934666,
                    35.009956
                ],
                [
                    -113.934293,
                    35.007897
                ],
                [
                    -113.934471,
                    35.007789
                ],
                [
                    -113.935387,
                    35.008445
                ],
                [
                    -113.935931,
                    35.009293
                ],
                [
                    -113.935831,
                    35.010539
                ],
                [
                    -113.936095,
                    35.011187
                ],
                [
                    -113.937187,
                    35.011318
                ],
                [
                    -113.937802,
                    35.011799
                ],
                [
                    -113.938116,
                    35.011844
                ],
                [
                    -113.938437,
                    35.011717
                ],
                [
                    -113.938632,
                    35.01113
                ],
                [
                    -113.939108,
                    35.010711
                ],
                [
                    -113.939367,
                    35.010929
                ],
                [
                    -113.939682,
                    35.012198
                ],
                [
                    -113.940135,
                    35.01247
                ],
                [
                    -113.940294,
                    35.012837
                ],
                [
                    -113.941358,
                    35.012587
                ],
                [
                    -113.941619,
                    35.011987
                ],
                [
                    -113.941594,
                    35.011466
                ],
                [
                    -113.942106,
                    35.011218
                ],
                [
                    -113.942201,
                    35.010639
                ],
                [
                    -113.942626,
                    35.009717
                ],
                [
                    -113.943867,
                    35.01037
                ],
                [
                    -113.944828,
                    35.010057
                ],
                [
                    -113.945141,
                    35.010156
                ],
                [
                    -113.945373,
                    35.009923
                ],
                [
                    -113.945784,
                    35.009879
                ],
                [
                    -113.946552,
                    35.010169
                ],
                [
                    -113.946707,
                    35.010589
                ],
                [
                    -113.947348,
                    35.01037
                ],
                [
                    -113.948291,
                    35.010538
                ],
                [
                    -113.949877,
                    35.010413
                ],
                [
                    -113.950504,
                    35.010569
                ],
                [
                    -113.951145,
                    35.010362
                ],
                [
                    -113.953077,
                    35.010216
                ],
                [
                    -113.95306,
                    35.009917
                ],
                [
                    -113.953706,
                    35.009575
                ],
                [
                    -113.953857,
                    35.009171
                ],
                [
                    -113.954692,
                    35.008569
                ],
                [
                    -113.95477,
                    35.008933
                ],
                [
                    -113.954475,
                    35.010228
                ],
                [
                    -113.954622,
                    35.010752
                ],
                [
                    -113.95519,
                    35.011314
                ],
                [
                    -113.956046,
                    35.012673
                ],
                [
                    -113.956761,
                    35.012502
                ],
                [
                    -113.957447,
                    35.012599
                ],
                [
                    -113.957925,
                    35.013239
                ],
                [
                    -113.957412,
                    35.014207
                ],
                [
                    -113.957308,
                    35.014985
                ],
                [
                    -113.957408,
                    35.015248
                ],
                [
                    -113.958545,
                    35.015595
                ],
                [
                    -113.958928,
                    35.015546
                ],
                [
                    -113.958938,
                    35.015286
                ],
                [
                    -113.959194,
                    35.015172
                ],
                [
                    -113.959565,
                    35.015255
                ],
                [
                    -113.959784,
                    35.015843
                ],
                [
                    -113.960029,
                    35.015906
                ],
                [
                    -113.961069,
                    35.017374
                ],
                [
                    -113.962048,
                    35.017627
                ],
                [
                    -113.9629,
                    35.017651
                ],
                [
                    -113.963226,
                    35.017376
                ],
                [
                    -113.963426,
                    35.01644
                ],
                [
                    -113.964226,
                    35.015419
                ],
                [
                    -113.963909,
                    35.01463
                ],
                [
                    -113.964305,
                    35.014379
                ],
                [
                    -113.964743,
                    35.01263
                ],
                [
                    -113.964991,
                    35.012439
                ],
                [
                    -113.965279,
                    35.013204
                ],
                [
                    -113.966278,
                    35.013343
                ],
                [
                    -113.965981,
                    35.013901
                ],
                [
                    -113.965997,
                    35.014682
                ],
                [
                    -113.965748,
                    35.015196
                ],
                [
                    -113.965924,
                    35.015461
                ],
                [
                    -113.965982,
                    35.016099
                ],
                [
                    -113.966374,
                    35.016514
                ],
                [
                    -113.966111,
                    35.017514
                ],
                [
                    -113.966428,
                    35.019038
                ],
                [
                    -113.966642,
                    35.019138
                ],
                [
                    -113.967297,
                    35.018891
                ],
                [
                    -113.967322,
                    35.01862
                ],
                [
                    -113.967941,
                    35.018235
                ],
                [
                    -113.968877,
                    35.018609
                ],
                [
                    -113.969408,
                    35.018588
                ],
                [
                    -113.96984,
                    35.018248
                ],
                [
                    -113.970185,
                    35.017458
                ],
                [
                    -113.970508,
                    35.017287
                ],
                [
                    -113.971135,
                    35.017455
                ],
                [
                    -113.971459,
                    35.017943
                ],
                [
                    -113.971166,
                    35.018977
                ],
                [
                    -113.972118,
                    35.020191
                ],
                [
                    -113.972619,
                    35.020575
                ],
                [
                    -113.972647,
                    35.021096
                ],
                [
                    -113.972187,
                    35.021286
                ],
                [
                    -113.971932,
                    35.02212
                ],
                [
                    -113.971978,
                    35.023162
                ],
                [
                    -113.972492,
                    35.023439
                ],
                [
                    -113.972886,
                    35.024227
                ],
                [
                    -113.972619,
                    35.025001
                ],
                [
                    -113.972712,
                    35.026048
                ],
                [
                    -113.973026,
                    35.026235
                ],
                [
                    -113.974761,
                    35.025952
                ],
                [
                    -113.974941,
                    35.025795
                ],
                [
                    -113.974986,
                    35.026101
                ],
                [
                    -113.975344,
                    35.026537
                ],
                [
                    -113.975715,
                    35.026756
                ],
                [
                    -113.976529,
                    35.026883
                ],
                [
                    -113.976816,
                    35.027188
                ],
                [
                    -113.977287,
                    35.029023
                ],
                [
                    -113.977388,
                    35.030665
                ],
                [
                    -113.977348,
                    35.031367
                ],
                [
                    -113.976515,
                    35.032388
                ],
                [
                    -113.977017,
                    35.033328
                ],
                [
                    -113.977506,
                    35.033488
                ],
                [
                    -113.977838,
                    35.033085
                ],
                [
                    -113.979575,
                    35.032576
                ],
                [
                    -113.979831,
                    35.03195
                ],
                [
                    -113.980432,
                    35.031382
                ],
                [
                    -113.980752,
                    35.031289
                ],
                [
                    -113.98138,
                    35.031435
                ],
                [
                    -113.982019,
                    35.031267
                ],
                [
                    -113.982416,
                    35.030763
                ],
                [
                    -113.983316,
                    35.030425
                ],
                [
                    -113.984893,
                    35.030583
                ],
                [
                    -113.985432,
                    35.029909
                ],
                [
                    -113.987343,
                    35.029163
                ],
                [
                    -113.987806,
                    35.028764
                ],
                [
                    -113.988217,
                    35.028047
                ],
                [
                    -113.989408,
                    35.027745
                ],
                [
                    -113.98948,
                    35.027272
                ],
                [
                    -113.989774,
                    35.026952
                ],
                [
                    -113.990278,
                    35.027523
                ],
                [
                    -113.990209,
                    35.028303
                ],
                [
                    -113.99045,
                    35.02909
                ],
                [
                    -113.990207,
                    35.029344
                ],
                [
                    -113.990205,
                    35.029604
                ],
                [
                    -113.990735,
                    35.0317
                ],
                [
                    -113.9907,
                    35.03248
                ],
                [
                    -113.990993,
                    35.033121
                ],
                [
                    -113.992393,
                    35.033196
                ],
                [
                    -113.993307,
                    35.033604
                ],
                [
                    -113.994088,
                    35.03401
                ],
                [
                    -113.994588,
                    35.034634
                ],
                [
                    -113.99512,
                    35.03498
                ],
                [
                    -113.996754,
                    35.035114
                ],
                [
                    -113.996907,
                    35.034977
                ],
                [
                    -113.996137,
                    35.034677
                ],
                [
                    -113.995534,
                    35.033867
                ],
                [
                    -113.995081,
                    35.033776
                ],
                [
                    -113.99488,
                    35.033902
                ],
                [
                    -113.994613,
                    35.033083
                ],
                [
                    -113.993106,
                    35.03199
                ],
                [
                    -113.992968,
                    35.031339
                ],
                [
                    -113.9923,
                    35.03034
                ],
                [
                    -113.992344,
                    35.029397
                ],
                [
                    -113.992083,
                    35.027828
                ],
                [
                    -113.993258,
                    35.026864
                ],
                [
                    -113.994205,
                    35.026953
                ],
                [
                    -113.995092,
                    35.027672
                ],
                [
                    -113.995531,
                    35.027726
                ],
                [
                    -113.995774,
                    35.027305
                ],
                [
                    -113.996717,
                    35.026884
                ],
                [
                    -113.99708,
                    35.02621
                ],
                [
                    -113.99804,
                    35.025936
                ],
                [
                    -113.998374,
                    35.025444
                ],
                [
                    -114.000443,
                    35.025308
                ],
                [
                    -114.000927,
                    35.024142
                ],
                [
                    -114.000013,
                    35.023914
                ],
                [
                    -113.999378,
                    35.023976
                ],
                [
                    -113.99873,
                    35.024369
                ],
                [
                    -113.997838,
                    35.024282
                ],
                [
                    -113.997138,
                    35.024624
                ],
                [
                    -113.995848,
                    35.024017
                ],
                [
                    -113.996124,
                    35.023763
                ],
                [
                    -113.996097,
                    35.023608
                ],
                [
                    -113.995781,
                    35.023348
                ],
                [
                    -113.995386,
                    35.02239
                ],
                [
                    -113.994815,
                    35.022074
                ],
                [
                    -113.994878,
                    35.021389
                ],
                [
                    -113.995373,
                    35.020972
                ],
                [
                    -113.996158,
                    35.02064
                ],
                [
                    -113.996246,
                    35.020382
                ],
                [
                    -113.99584,
                    35.019591
                ],
                [
                    -113.995852,
                    35.019149
                ],
                [
                    -113.996029,
                    35.019035
                ],
                [
                    -113.996388,
                    35.019177
                ],
                [
                    -113.997464,
                    35.01911
                ],
                [
                    -113.997674,
                    35.018855
                ],
                [
                    -113.997489,
                    35.018069
                ],
                [
                    -113.998026,
                    35.017817
                ],
                [
                    -113.997607,
                    35.017637
                ],
                [
                    -113.99741,
                    35.017211
                ],
                [
                    -113.996116,
                    35.016517
                ],
                [
                    -113.995538,
                    35.016475
                ],
                [
                    -113.994559,
                    35.016955
                ],
                [
                    -113.99455,
                    35.017215
                ],
                [
                    -113.99392,
                    35.017455
                ],
                [
                    -113.993606,
                    35.017198
                ],
                [
                    -113.993577,
                    35.01641
                ],
                [
                    -113.99286,
                    35.015351
                ],
                [
                    -113.993041,
                    35.014835
                ],
                [
                    -113.992842,
                    35.014503
                ],
                [
                    -113.992095,
                    35.014072
                ],
                [
                    -113.990578,
                    35.013647
                ],
                [
                    -113.990221,
                    35.013724
                ],
                [
                    -113.989435,
                    35.013183
                ],
                [
                    -113.989581,
                    35.012406
                ],
                [
                    -113.989018,
                    35.012159
                ],
                [
                    -113.988135,
                    35.011238
                ],
                [
                    -113.987565,
                    35.011054
                ],
                [
                    -113.988178,
                    35.010564
                ],
                [
                    -113.988226,
                    35.01029
                ],
                [
                    -113.988571,
                    35.010102
                ],
                [
                    -113.989437,
                    35.010258
                ],
                [
                    -113.989743,
                    35.010543
                ],
                [
                    -113.990373,
                    35.010627
                ],
                [
                    -113.990993,
                    35.010955
                ],
                [
                    -113.993154,
                    35.010886
                ],
                [
                    -113.993711,
                    35.010567
                ],
                [
                    -113.994167,
                    35.0107
                ],
                [
                    -113.995122,
                    35.010545
                ],
                [
                    -113.995998,
                    35.010743
                ],
                [
                    -113.995784,
                    35.010998
                ],
                [
                    -113.994688,
                    35.011421
                ],
                [
                    -113.994492,
                    35.011747
                ],
                [
                    -113.996297,
                    35.01303
                ],
                [
                    -113.996776,
                    35.013984
                ],
                [
                    -113.996793,
                    35.014668
                ],
                [
                    -113.997015,
                    35.015062
                ],
                [
                    -113.998381,
                    35.015408
                ],
                [
                    -113.999024,
                    35.015281
                ],
                [
                    -113.999057,
                    35.015043
                ],
                [
                    -113.999359,
                    35.015002
                ],
                [
                    -113.9996,
                    35.015285
                ],
                [
                    -113.999567,
                    35.015841
                ],
                [
                    -114.000351,
                    35.016235
                ],
                [
                    -114.000858,
                    35.016188
                ],
                [
                    -114.001478,
                    35.016362
                ],
                [
                    -114.00162,
                    35.01622
                ],
                [
                    -114.001878,
                    35.015599
                ],
                [
                    -114.001132,
                    35.015065
                ],
                [
                    -114.001154,
                    35.014808
                ],
                [
                    -114.001549,
                    35.014432
                ],
                [
                    -114.00217,
                    35.014563
                ],
                [
                    -114.003085,
                    35.015245
                ],
                [
                    -114.003709,
                    35.015312
                ],
                [
                    -114.004969,
                    35.015108
                ],
                [
                    -114.006056,
                    35.014517
                ],
                [
                    -114.006334,
                    35.014229
                ],
                [
                    -114.006486,
                    35.013651
                ],
                [
                    -114.006265,
                    35.013404
                ],
                [
                    -114.005034,
                    35.013315
                ],
                [
                    -114.004511,
                    35.013699
                ],
                [
                    -114.003276,
                    35.013719
                ],
                [
                    -114.00308,
                    35.013567
                ],
                [
                    -114.002921,
                    35.01279
                ],
                [
                    -114.002255,
                    35.012508
                ],
                [
                    -114.002174,
                    35.012321
                ],
                [
                    -114.000019,
                    35.011739
                ],
                [
                    -113.999968,
                    35.011171
                ],
                [
                    -113.999788,
                    35.0109
                ],
                [
                    -114.001062,
                    35.010613
                ],
                [
                    -114.00138,
                    35.010432
                ],
                [
                    -114.001401,
                    35.010185
                ],
                [
                    -114.002345,
                    35.009779
                ],
                [
                    -114.003277,
                    35.009715
                ],
                [
                    -114.0037,
                    35.009887
                ],
                [
                    -114.003657,
                    35.010422
                ],
                [
                    -114.004042,
                    35.010874
                ],
                [
                    -114.004821,
                    35.011034
                ],
                [
                    -114.00511,
                    35.011242
                ],
                [
                    -114.005951,
                    35.010973
                ],
                [
                    -114.00596,
                    35.010289
                ],
                [
                    -114.006091,
                    35.010115
                ],
                [
                    -114.00654,
                    35.010561
                ],
                [
                    -114.006569,
                    35.010917
                ],
                [
                    -114.006978,
                    35.011559
                ],
                [
                    -114.007909,
                    35.011772
                ],
                [
                    -114.008209,
                    35.011633
                ],
                [
                    -114.007768,
                    35.011489
                ],
                [
                    -114.007535,
                    35.010843
                ],
                [
                    -114.007912,
                    35.010079
                ],
                [
                    -114.008235,
                    35.00983
                ],
                [
                    -114.00816,
                    35.009684
                ],
                [
                    -114.007576,
                    35.009386
                ],
                [
                    -114.006569,
                    35.0085
                ],
                [
                    -114.006193,
                    35.007956
                ],
                [
                    -114.0061,
                    35.007278
                ],
                [
                    -114.005947,
                    35.007146
                ],
                [
                    -114.005263,
                    35.007059
                ],
                [
                    -114.004676,
                    35.007202
                ],
                [
                    -114.003905,
                    35.007661
                ],
                [
                    -114.003601,
                    35.008123
                ],
                [
                    -114.001765,
                    35.008135
                ],
                [
                    -114.001635,
                    35.007605
                ],
                [
                    -114.001886,
                    35.007155
                ],
                [
                    -114.001955,
                    35.006583
                ],
                [
                    -114.001692,
                    35.006191
                ],
                [
                    -114.000813,
                    35.005621
                ],
                [
                    -114.00012,
                    35.004157
                ],
                [
                    -113.999375,
                    35.003427
                ],
                [
                    -113.999156,
                    35.002768
                ],
                [
                    -113.998542,
                    35.002437
                ],
                [
                    -113.998334,
                    35.001949
                ],
                [
                    -113.998605,
                    35.001695
                ],
                [
                    -113.998499,
                    35.00133
                ],
                [
                    -113.998635,
                    35.001181
                ],
                [
                    -114.000587,
                    35.001593
                ],
                [
                    -114.002069,
                    35.001319
                ],
                [
                    -114.002139,
                    35.001089
                ],
                [
                    -114.002768,
                    35.00111
                ],
                [
                    -114.004962,
                    35.000686
                ],
                [
                    -114.005433,
                    35.001075
                ],
                [
                    -114.0069,
                    35.000972
                ],
                [
                    -114.007007,
                    35.000715
                ],
                [
                    -114.00686,
                    35.000453
                ],
                [
                    -114.00558,
                    34.999956
                ],
                [
                    -114.005082,
                    34.998336
                ],
                [
                    -114.004174,
                    34.997082
                ],
                [
                    -114.00409,
                    34.996409
                ],
                [
                    -114.004846,
                    34.995928
                ],
                [
                    -114.006097,
                    34.996161
                ],
                [
                    -114.007309,
                    34.996017
                ],
                [
                    -114.008301,
                    34.996138
                ],
                [
                    -114.008625,
                    34.995833
                ],
                [
                    -114.008637,
                    34.995568
                ],
                [
                    -114.008989,
                    34.995348
                ],
                [
                    -114.010846,
                    34.995404
                ],
                [
                    -114.011464,
                    34.995746
                ],
                [
                    -114.011767,
                    34.995639
                ],
                [
                    -114.013028,
                    34.994647
                ],
                [
                    -114.012304,
                    34.99437
                ],
                [
                    -114.012618,
                    34.9936
                ],
                [
                    -114.012674,
                    34.99296
                ],
                [
                    -114.013166,
                    34.992578
                ],
                [
                    -114.012967,
                    34.991795
                ],
                [
                    -114.013049,
                    34.991279
                ],
                [
                    -114.012503,
                    34.990314
                ],
                [
                    -114.011986,
                    34.99005
                ],
                [
                    -114.010717,
                    34.990301
                ],
                [
                    -114.009104,
                    34.990182
                ],
                [
                    -114.00862,
                    34.989803
                ],
                [
                    -114.00822,
                    34.98973
                ],
                [
                    -114.007574,
                    34.989849
                ],
                [
                    -114.007447,
                    34.990105
                ],
                [
                    -114.007538,
                    34.990366
                ],
                [
                    -114.006932,
                    34.99053
                ],
                [
                    -114.005594,
                    34.990136
                ],
                [
                    -114.004921,
                    34.989651
                ],
                [
                    -114.00445,
                    34.989521
                ],
                [
                    -114.003482,
                    34.990002
                ],
                [
                    -114.003462,
                    34.990252
                ],
                [
                    -114.003134,
                    34.990282
                ],
                [
                    -114.002842,
                    34.989991
                ],
                [
                    -114.002851,
                    34.989733
                ],
                [
                    -114.004479,
                    34.988731
                ],
                [
                    -114.005349,
                    34.988499
                ],
                [
                    -114.003005,
                    34.986887
                ],
                [
                    -114.001421,
                    34.986264
                ],
                [
                    -113.999541,
                    34.986031
                ],
                [
                    -113.998607,
                    34.985425
                ],
                [
                    -113.997719,
                    34.985399
                ],
                [
                    -113.997211,
                    34.984975
                ],
                [
                    -113.997096,
                    34.984556
                ],
                [
                    -113.996416,
                    34.98437
                ],
                [
                    -113.995915,
                    34.983948
                ],
                [
                    -113.995817,
                    34.983352
                ],
                [
                    -113.995501,
                    34.983306
                ],
                [
                    -113.995195,
                    34.983522
                ],
                [
                    -113.995269,
                    34.984291
                ],
                [
                    -113.995016,
                    34.984809
                ],
                [
                    -113.995615,
                    34.985608
                ],
                [
                    -113.99541,
                    34.985781
                ],
                [
                    -113.994804,
                    34.98585
                ],
                [
                    -113.994762,
                    34.986124
                ],
                [
                    -113.99317,
                    34.986177
                ],
                [
                    -113.992562,
                    34.986616
                ],
                [
                    -113.99189,
                    34.986406
                ],
                [
                    -113.991273,
                    34.986548
                ],
                [
                    -113.990914,
                    34.987064
                ],
                [
                    -113.990951,
                    34.987906
                ],
                [
                    -113.989941,
                    34.987522
                ],
                [
                    -113.989271,
                    34.987516
                ],
                [
                    -113.98844,
                    34.987786
                ],
                [
                    -113.988369,
                    34.988077
                ],
                [
                    -113.987373,
                    34.988199
                ],
                [
                    -113.98576,
                    34.988822
                ],
                [
                    -113.985355,
                    34.988827
                ],
                [
                    -113.985133,
                    34.988561
                ],
                [
                    -113.98418,
                    34.98856
                ],
                [
                    -113.983519,
                    34.988964
                ],
                [
                    -113.983193,
                    34.989438
                ],
                [
                    -113.983015,
                    34.988698
                ],
                [
                    -113.982607,
                    34.988426
                ],
                [
                    -113.982607,
                    34.988164
                ],
                [
                    -113.983427,
                    34.987661
                ],
                [
                    -113.983394,
                    34.987399
                ],
                [
                    -113.98308,
                    34.987129
                ],
                [
                    -113.983405,
                    34.986614
                ],
                [
                    -113.982965,
                    34.984248
                ],
                [
                    -113.983491,
                    34.983813
                ],
                [
                    -113.983656,
                    34.98348
                ],
                [
                    -113.9828,
                    34.982825
                ],
                [
                    -113.980878,
                    34.98322
                ],
                [
                    -113.980742,
                    34.983146
                ],
                [
                    -113.980799,
                    34.982958
                ],
                [
                    -113.98134,
                    34.982201
                ],
                [
                    -113.981357,
                    34.981591
                ],
                [
                    -113.981921,
                    34.98109
                ],
                [
                    -113.982027,
                    34.980299
                ],
                [
                    -113.981826,
                    34.980033
                ],
                [
                    -113.981958,
                    34.979802
                ],
                [
                    -113.983643,
                    34.978548
                ],
                [
                    -113.983869,
                    34.977728
                ],
                [
                    -113.984269,
                    34.97745
                ],
                [
                    -113.984484,
                    34.976958
                ],
                [
                    -113.98525,
                    34.976724
                ],
                [
                    -113.985523,
                    34.976145
                ],
                [
                    -113.986994,
                    34.975543
                ],
                [
                    -113.987298,
                    34.975269
                ],
                [
                    -113.987157,
                    34.974222
                ],
                [
                    -113.986844,
                    34.973703
                ],
                [
                    -113.986897,
                    34.973093
                ],
                [
                    -113.986596,
                    34.972562
                ],
                [
                    -113.987007,
                    34.972142
                ],
                [
                    -113.987411,
                    34.972129
                ],
                [
                    -113.988346,
                    34.971598
                ],
                [
                    -113.988841,
                    34.970631
                ],
                [
                    -113.987467,
                    34.969705
                ],
                [
                    -113.987524,
                    34.96926
                ],
                [
                    -113.988403,
                    34.968757
                ],
                [
                    -113.989037,
                    34.968816
                ],
                [
                    -113.989864,
                    34.968608
                ],
                [
                    -113.989885,
                    34.968195
                ],
                [
                    -113.989233,
                    34.967787
                ],
                [
                    -113.989156,
                    34.967392
                ],
                [
                    -113.989902,
                    34.966626
                ],
                [
                    -113.989928,
                    34.966365
                ],
                [
                    -113.989674,
                    34.966097
                ],
                [
                    -113.989993,
                    34.96532
                ],
                [
                    -113.990519,
                    34.965134
                ],
                [
                    -113.991242,
                    34.964565
                ],
                [
                    -113.991149,
                    34.964269
                ],
                [
                    -113.98885,
                    34.963765
                ],
                [
                    -113.988721,
                    34.963456
                ],
                [
                    -113.990542,
                    34.962417
                ],
                [
                    -113.990667,
                    34.962103
                ],
                [
                    -113.990559,
                    34.961661
                ],
                [
                    -113.990693,
                    34.961673
                ],
                [
                    -113.990683,
                    34.961935
                ],
                [
                    -113.990902,
                    34.961961
                ],
                [
                    -113.990982,
                    34.96168
                ],
                [
                    -113.991851,
                    34.961406
                ],
                [
                    -113.992203,
                    34.961187
                ],
                [
                    -113.99226,
                    34.960927
                ],
                [
                    -113.99209,
                    34.9604
                ],
                [
                    -113.99219,
                    34.96014
                ],
                [
                    -113.991911,
                    34.959763
                ],
                [
                    -113.991003,
                    34.959588
                ],
                [
                    -113.990548,
                    34.959146
                ],
                [
                    -113.989066,
                    34.958771
                ],
                [
                    -113.98941,
                    34.957978
                ],
                [
                    -113.989204,
                    34.95714
                ],
                [
                    -113.988836,
                    34.956937
                ],
                [
                    -113.987427,
                    34.956993
                ],
                [
                    -113.986891,
                    34.956345
                ],
                [
                    -113.987238,
                    34.955569
                ],
                [
                    -113.986983,
                    34.955445
                ],
                [
                    -113.986654,
                    34.955753
                ],
                [
                    -113.985378,
                    34.955879
                ],
                [
                    -113.985054,
                    34.956069
                ],
                [
                    -113.984684,
                    34.955767
                ],
                [
                    -113.984711,
                    34.955467
                ],
                [
                    -113.98505,
                    34.955253
                ],
                [
                    -113.985007,
                    34.954467
                ],
                [
                    -113.984801,
                    34.95428
                ],
                [
                    -113.98416,
                    34.954424
                ],
                [
                    -113.984119,
                    34.95468
                ],
                [
                    -113.98319,
                    34.95488
                ],
                [
                    -113.980584,
                    34.954169
                ],
                [
                    -113.980498,
                    34.954093
                ],
                [
                    -113.981436,
                    34.953331
                ],
                [
                    -113.981615,
                    34.952027
                ],
                [
                    -113.981204,
                    34.951232
                ],
                [
                    -113.981428,
                    34.950935
                ],
                [
                    -113.982535,
                    34.950867
                ],
                [
                    -113.982897,
                    34.949836
                ],
                [
                    -113.982746,
                    34.949648
                ],
                [
                    -113.982901,
                    34.949833
                ],
                [
                    -113.983372,
                    34.949906
                ],
                [
                    -113.983699,
                    34.949672
                ],
                [
                    -113.983765,
                    34.949987
                ],
                [
                    -113.984935,
                    34.950625
                ],
                [
                    -113.98557,
                    34.950659
                ],
                [
                    -113.985894,
                    34.950473
                ],
                [
                    -113.986221,
                    34.950562
                ],
                [
                    -113.986783,
                    34.951632
                ],
                [
                    -113.98712,
                    34.951726
                ],
                [
                    -113.987578,
                    34.951652
                ],
                [
                    -113.987769,
                    34.951344
                ],
                [
                    -113.987965,
                    34.9514
                ],
                [
                    -113.988074,
                    34.951702
                ],
                [
                    -113.988157,
                    34.951466
                ],
                [
                    -113.988718,
                    34.951157
                ],
                [
                    -113.987958,
                    34.950353
                ],
                [
                    -113.988124,
                    34.950088
                ],
                [
                    -113.988779,
                    34.949796
                ],
                [
                    -113.989416,
                    34.949764
                ],
                [
                    -113.990352,
                    34.950259
                ],
                [
                    -113.991939,
                    34.950319
                ],
                [
                    -113.99349,
                    34.949924
                ],
                [
                    -113.993804,
                    34.949713
                ],
                [
                    -113.993988,
                    34.949113
                ],
                [
                    -113.99364,
                    34.948139
                ],
                [
                    -113.993186,
                    34.947604
                ],
                [
                    -113.993488,
                    34.946954
                ],
                [
                    -113.994796,
                    34.945812
                ],
                [
                    -113.994825,
                    34.94529
                ],
                [
                    -113.994252,
                    34.945098
                ],
                [
                    -113.992313,
                    34.943807
                ],
                [
                    -113.990662,
                    34.943055
                ],
                [
                    -113.989976,
                    34.94314
                ],
                [
                    -113.989649,
                    34.943397
                ],
                [
                    -113.987738,
                    34.943505
                ],
                [
                    -113.986153,
                    34.943403
                ],
                [
                    -113.984903,
                    34.942946
                ],
                [
                    -113.983318,
                    34.942728
                ],
                [
                    -113.983202,
                    34.943624
                ],
                [
                    -113.982959,
                    34.943841
                ],
                [
                    -113.982014,
                    34.943627
                ],
                [
                    -113.981086,
                    34.942932
                ],
                [
                    -113.978886,
                    34.942246
                ],
                [
                    -113.978214,
                    34.942769
                ],
                [
                    -113.977845,
                    34.94356
                ],
                [
                    -113.977818,
                    34.944344
                ],
                [
                    -113.977207,
                    34.944717
                ],
                [
                    -113.975634,
                    34.944543
                ],
                [
                    -113.974997,
                    34.944298
                ],
                [
                    -113.974906,
                    34.944533
                ],
                [
                    -113.974344,
                    34.944781
                ],
                [
                    -113.973073,
                    34.944771
                ],
                [
                    -113.972056,
                    34.944522
                ],
                [
                    -113.971258,
                    34.94418
                ],
                [
                    -113.973062,
                    34.943929
                ],
                [
                    -113.97379,
                    34.943487
                ],
                [
                    -113.974234,
                    34.942946
                ],
                [
                    -113.974824,
                    34.940867
                ],
                [
                    -113.974167,
                    34.940962
                ],
                [
                    -113.973692,
                    34.941242
                ],
                [
                    -113.973034,
                    34.941224
                ],
                [
                    -113.972962,
                    34.940298
                ],
                [
                    -113.973219,
                    34.940018
                ],
                [
                    -113.973282,
                    34.939521
                ],
                [
                    -113.97362,
                    34.939006
                ],
                [
                    -113.972999,
                    34.93815
                ],
                [
                    -113.971657,
                    34.937973
                ],
                [
                    -113.970488,
                    34.937302
                ],
                [
                    -113.968911,
                    34.936972
                ],
                [
                    -113.968301,
                    34.936281
                ],
                [
                    -113.966409,
                    34.935891
                ],
                [
                    -113.966117,
                    34.935197
                ],
                [
                    -113.965701,
                    34.93533
                ],
                [
                    -113.964815,
                    34.936032
                ],
                [
                    -113.963713,
                    34.934987
                ],
                [
                    -113.962571,
                    34.935019
                ],
                [
                    -113.961812,
                    34.935435
                ],
                [
                    -113.961628,
                    34.936283
                ],
                [
                    -113.961521,
                    34.935563
                ],
                [
                    -113.960901,
                    34.935024
                ],
                [
                    -113.960961,
                    34.934502
                ],
                [
                    -113.96072,
                    34.934259
                ],
                [
                    -113.959388,
                    34.934393
                ],
                [
                    -113.95918,
                    34.934481
                ],
                [
                    -113.959143,
                    34.934743
                ],
                [
                    -113.95888,
                    34.934712
                ],
                [
                    -113.958844,
                    34.934443
                ],
                [
                    -113.958718,
                    34.934616
                ],
                [
                    -113.957092,
                    34.934406
                ],
                [
                    -113.957529,
                    34.933846
                ],
                [
                    -113.958871,
                    34.933142
                ],
                [
                    -113.95912,
                    34.932539
                ],
                [
                    -113.958546,
                    34.931626
                ],
                [
                    -113.958705,
                    34.930995
                ],
                [
                    -113.957311,
                    34.930806
                ],
                [
                    -113.956702,
                    34.930209
                ],
                [
                    -113.957324,
                    34.929887
                ],
                [
                    -113.95753,
                    34.929528
                ],
                [
                    -113.957794,
                    34.928404
                ],
                [
                    -113.957701,
                    34.926832
                ],
                [
                    -113.95798,
                    34.926316
                ],
                [
                    -113.956961,
                    34.925744
                ],
                [
                    -113.956854,
                    34.925319
                ],
                [
                    -113.957013,
                    34.924983
                ],
                [
                    -113.956974,
                    34.923674
                ],
                [
                    -113.956674,
                    34.922619
                ],
                [
                    -113.956203,
                    34.922084
                ],
                [
                    -113.956379,
                    34.921827
                ],
                [
                    -113.957647,
                    34.921597
                ],
                [
                    -113.957901,
                    34.921342
                ],
                [
                    -113.958088,
                    34.920284
                ],
                [
                    -113.958722,
                    34.920321
                ],
                [
                    -113.959347,
                    34.920616
                ],
                [
                    -113.959992,
                    34.920349
                ],
                [
                    -113.959956,
                    34.920085
                ],
                [
                    -113.961216,
                    34.918808
                ],
                [
                    -113.961335,
                    34.918026
                ],
                [
                    -113.960973,
                    34.916708
                ],
                [
                    -113.960616,
                    34.916176
                ],
                [
                    -113.959851,
                    34.915575
                ],
                [
                    -113.959533,
                    34.915577
                ],
                [
                    -113.959107,
                    34.915794
                ],
                [
                    -113.958823,
                    34.916355
                ],
                [
                    -113.958669,
                    34.916912
                ],
                [
                    -113.958981,
                    34.917705
                ],
                [
                    -113.958249,
                    34.918472
                ],
                [
                    -113.958103,
                    34.919503
                ],
                [
                    -113.957693,
                    34.919685
                ],
                [
                    -113.956764,
                    34.919547
                ],
                [
                    -113.956852,
                    34.918699
                ],
                [
                    -113.95669,
                    34.918171
                ],
                [
                    -113.956869,
                    34.917884
                ],
                [
                    -113.957054,
                    34.916783
                ],
                [
                    -113.956537,
                    34.915551
                ],
                [
                    -113.956431,
                    34.914763
                ],
                [
                    -113.955771,
                    34.914199
                ],
                [
                    -113.954819,
                    34.914192
                ],
                [
                    -113.953666,
                    34.913385
                ],
                [
                    -113.955199,
                    34.912489
                ],
                [
                    -113.95536,
                    34.911596
                ],
                [
                    -113.955248,
                    34.911171
                ],
                [
                    -113.954935,
                    34.911043
                ],
                [
                    -113.954614,
                    34.911121
                ],
                [
                    -113.953642,
                    34.911654
                ],
                [
                    -113.952691,
                    34.911587
                ],
                [
                    -113.951723,
                    34.912003
                ],
                [
                    -113.951013,
                    34.911947
                ],
                [
                    -113.950622,
                    34.912262
                ],
                [
                    -113.9512,
                    34.913062
                ],
                [
                    -113.95147,
                    34.914377
                ],
                [
                    -113.95142,
                    34.915161
                ],
                [
                    -113.950096,
                    34.915733
                ],
                [
                    -113.950113,
                    34.916698
                ],
                [
                    -113.950328,
                    34.916965
                ],
                [
                    -113.950036,
                    34.9173
                ],
                [
                    -113.948993,
                    34.9171
                ],
                [
                    -113.948462,
                    34.917441
                ],
                [
                    -113.948477,
                    34.917703
                ],
                [
                    -113.948866,
                    34.91805
                ],
                [
                    -113.949803,
                    34.91826
                ],
                [
                    -113.950025,
                    34.918527
                ],
                [
                    -113.948635,
                    34.919852
                ],
                [
                    -113.947928,
                    34.920123
                ],
                [
                    -113.946347,
                    34.919902
                ],
                [
                    -113.946016,
                    34.920259
                ],
                [
                    -113.945131,
                    34.920562
                ],
                [
                    -113.945048,
                    34.920757
                ],
                [
                    -113.945338,
                    34.92155
                ],
                [
                    -113.945148,
                    34.921657
                ],
                [
                    -113.944374,
                    34.921716
                ],
                [
                    -113.942482,
                    34.921335
                ],
                [
                    -113.94088,
                    34.921692
                ],
                [
                    -113.939892,
                    34.921644
                ],
                [
                    -113.939806,
                    34.921934
                ],
                [
                    -113.939361,
                    34.922184
                ],
                [
                    -113.939365,
                    34.923342
                ],
                [
                    -113.938905,
                    34.923531
                ],
                [
                    -113.937971,
                    34.923031
                ],
                [
                    -113.937248,
                    34.923108
                ],
                [
                    -113.936268,
                    34.923938
                ],
                [
                    -113.936407,
                    34.924532
                ],
                [
                    -113.935619,
                    34.924381
                ],
                [
                    -113.935372,
                    34.924569
                ],
                [
                    -113.935276,
                    34.924175
                ],
                [
                    -113.934974,
                    34.924086
                ],
                [
                    -113.934691,
                    34.924421
                ],
                [
                    -113.934525,
                    34.925042
                ],
                [
                    -113.934288,
                    34.925105
                ],
                [
                    -113.934068,
                    34.925464
                ],
                [
                    -113.932961,
                    34.925293
                ],
                [
                    -113.932781,
                    34.92542
                ],
                [
                    -113.932457,
                    34.926458
                ],
                [
                    -113.931776,
                    34.926414
                ],
                [
                    -113.931285,
                    34.926795
                ],
                [
                    -113.931141,
                    34.927273
                ],
                [
                    -113.930184,
                    34.927376
                ],
                [
                    -113.929909,
                    34.927964
                ],
                [
                    -113.928731,
                    34.929504
                ],
                [
                    -113.928906,
                    34.930032
                ],
                [
                    -113.928569,
                    34.930285
                ],
                [
                    -113.928472,
                    34.930663
                ],
                [
                    -113.928162,
                    34.930458
                ],
                [
                    -113.9281,
                    34.930012
                ],
                [
                    -113.927248,
                    34.928958
                ],
                [
                    -113.928152,
                    34.92775
                ],
                [
                    -113.928034,
                    34.927393
                ],
                [
                    -113.927676,
                    34.927103
                ],
                [
                    -113.927646,
                    34.926598
                ],
                [
                    -113.927167,
                    34.926063
                ],
                [
                    -113.927839,
                    34.925666
                ],
                [
                    -113.928205,
                    34.925043
                ],
                [
                    -113.927755,
                    34.924346
                ],
                [
                    -113.926937,
                    34.924225
                ],
                [
                    -113.926628,
                    34.923956
                ],
                [
                    -113.927099,
                    34.923706
                ],
                [
                    -113.927161,
                    34.92344
                ],
                [
                    -113.926732,
                    34.923174
                ],
                [
                    -113.927403,
                    34.922667
                ],
                [
                    -113.927406,
                    34.921882
                ],
                [
                    -113.927193,
                    34.921353
                ],
                [
                    -113.927586,
                    34.921102
                ],
                [
                    -113.927753,
                    34.920583
                ],
                [
                    -113.927364,
                    34.919526
                ],
                [
                    -113.927759,
                    34.919274
                ],
                [
                    -113.927255,
                    34.918676
                ],
                [
                    -113.927339,
                    34.918479
                ],
                [
                    -113.927975,
                    34.918447
                ],
                [
                    -113.92843,
                    34.918085
                ],
                [
                    -113.928415,
                    34.917459
                ],
                [
                    -113.928172,
                    34.917191
                ],
                [
                    -113.928181,
                    34.916517
                ],
                [
                    -113.928693,
                    34.916217
                ],
                [
                    -113.929647,
                    34.916195
                ],
                [
                    -113.92997,
                    34.91605
                ],
                [
                    -113.930783,
                    34.914746
                ],
                [
                    -113.931002,
                    34.914123
                ],
                [
                    -113.930686,
                    34.913901
                ],
                [
                    -113.930368,
                    34.913899
                ],
                [
                    -113.929712,
                    34.914454
                ],
                [
                    -113.928157,
                    34.914544
                ],
                [
                    -113.927667,
                    34.914415
                ],
                [
                    -113.927366,
                    34.914141
                ],
                [
                    -113.92735,
                    34.9139
                ],
                [
                    -113.927519,
                    34.913622
                ],
                [
                    -113.92816,
                    34.913496
                ],
                [
                    -113.929136,
                    34.912767
                ],
                [
                    -113.929209,
                    34.912246
                ],
                [
                    -113.928989,
                    34.911717
                ],
                [
                    -113.929188,
                    34.911469
                ],
                [
                    -113.931085,
                    34.911704
                ],
                [
                    -113.932056,
                    34.911533
                ],
                [
                    -113.932211,
                    34.910328
                ],
                [
                    -113.932455,
                    34.909711
                ],
                [
                    -113.932421,
                    34.909162
                ],
                [
                    -113.933429,
                    34.908427
                ],
                [
                    -113.933314,
                    34.907377
                ],
                [
                    -113.933051,
                    34.907109
                ],
                [
                    -113.933257,
                    34.906925
                ],
                [
                    -113.93413,
                    34.906726
                ],
                [
                    -113.934782,
                    34.906263
                ],
                [
                    -113.935236,
                    34.905333
                ],
                [
                    -113.935218,
                    34.90507
                ],
                [
                    -113.934755,
                    34.904797
                ],
                [
                    -113.934911,
                    34.904278
                ],
                [
                    -113.935192,
                    34.904016
                ],
                [
                    -113.934972,
                    34.903756
                ],
                [
                    -113.933938,
                    34.903332
                ],
                [
                    -113.932652,
                    34.903754
                ],
                [
                    -113.931388,
                    34.90358
                ],
                [
                    -113.930785,
                    34.90368
                ],
                [
                    -113.930266,
                    34.903899
                ],
                [
                    -113.930256,
                    34.90416
                ],
                [
                    -113.92945,
                    34.904447
                ],
                [
                    -113.928494,
                    34.903873
                ],
                [
                    -113.928895,
                    34.903602
                ],
                [
                    -113.929114,
                    34.902561
                ],
                [
                    -113.928591,
                    34.901934
                ],
                [
                    -113.928047,
                    34.901749
                ],
                [
                    -113.929918,
                    34.90157
                ],
                [
                    -113.930025,
                    34.901276
                ],
                [
                    -113.929918,
                    34.901011
                ],
                [
                    -113.930112,
                    34.900931
                ],
                [
                    -113.931488,
                    34.900905
                ],
                [
                    -113.932453,
                    34.900568
                ],
                [
                    -113.932476,
                    34.900291
                ],
                [
                    -113.932788,
                    34.900091
                ],
                [
                    -113.933964,
                    34.899985
                ],
                [
                    -113.934339,
                    34.899553
                ],
                [
                    -113.932695,
                    34.898465
                ],
                [
                    -113.932566,
                    34.897538
                ],
                [
                    -113.933207,
                    34.897386
                ],
                [
                    -113.934125,
                    34.897427
                ],
                [
                    -113.934483,
                    34.897226
                ],
                [
                    -113.935246,
                    34.897329
                ],
                [
                    -113.935392,
                    34.897187
                ],
                [
                    -113.935754,
                    34.897211
                ],
                [
                    -113.936859,
                    34.896582
                ],
                [
                    -113.937216,
                    34.895962
                ],
                [
                    -113.937013,
                    34.895097
                ],
                [
                    -113.93743,
                    34.894659
                ],
                [
                    -113.936575,
                    34.893591
                ],
                [
                    -113.936855,
                    34.893224
                ],
                [
                    -113.938442,
                    34.893262
                ],
                [
                    -113.939406,
                    34.89296
                ],
                [
                    -113.939433,
                    34.892354
                ],
                [
                    -113.938957,
                    34.891958
                ],
                [
                    -113.937861,
                    34.891778
                ],
                [
                    -113.937355,
                    34.891255
                ],
                [
                    -113.936672,
                    34.89102
                ],
                [
                    -113.936293,
                    34.891251
                ],
                [
                    -113.934379,
                    34.891481
                ],
                [
                    -113.932401,
                    34.891328
                ],
                [
                    -113.932066,
                    34.891645
                ],
                [
                    -113.932027,
                    34.892167
                ],
                [
                    -113.930533,
                    34.892426
                ],
                [
                    -113.9299,
                    34.892355
                ],
                [
                    -113.929645,
                    34.892107
                ],
                [
                    -113.929727,
                    34.891586
                ],
                [
                    -113.930581,
                    34.890823
                ],
                [
                    -113.930939,
                    34.89003
                ],
                [
                    -113.93,
                    34.889674
                ],
                [
                    -113.929032,
                    34.890071
                ],
                [
                    -113.928866,
                    34.889994
                ],
                [
                    -113.928876,
                    34.889733
                ],
                [
                    -113.928603,
                    34.889571
                ],
                [
                    -113.928316,
                    34.888779
                ],
                [
                    -113.927192,
                    34.888326
                ],
                [
                    -113.926412,
                    34.888624
                ],
                [
                    -113.926402,
                    34.888885
                ],
                [
                    -113.925264,
                    34.889394
                ],
                [
                    -113.92485,
                    34.889433
                ],
                [
                    -113.925137,
                    34.888591
                ],
                [
                    -113.924996,
                    34.887607
                ],
                [
                    -113.923822,
                    34.887183
                ],
                [
                    -113.923131,
                    34.886513
                ],
                [
                    -113.922818,
                    34.886386
                ],
                [
                    -113.921548,
                    34.886396
                ],
                [
                    -113.919667,
                    34.885734
                ],
                [
                    -113.919341,
                    34.885959
                ],
                [
                    -113.917446,
                    34.885672
                ],
                [
                    -113.916488,
                    34.885815
                ],
                [
                    -113.916322,
                    34.885751
                ],
                [
                    -113.916282,
                    34.885488
                ],
                [
                    -113.916734,
                    34.884977
                ],
                [
                    -113.916666,
                    34.88419
                ],
                [
                    -113.916881,
                    34.883814
                ],
                [
                    -113.917199,
                    34.883784
                ],
                [
                    -113.917506,
                    34.884072
                ],
                [
                    -113.918152,
                    34.88378
                ],
                [
                    -113.919418,
                    34.883731
                ],
                [
                    -113.92004,
                    34.884241
                ],
                [
                    -113.921631,
                    34.884168
                ],
                [
                    -113.921651,
                    34.883619
                ],
                [
                    -113.92126,
                    34.88326
                ],
                [
                    -113.921669,
                    34.883132
                ],
                [
                    -113.922665,
                    34.883295
                ],
                [
                    -113.924175,
                    34.884082
                ],
                [
                    -113.925204,
                    34.884081
                ],
                [
                    -113.926064,
                    34.884505
                ],
                [
                    -113.926698,
                    34.884544
                ],
                [
                    -113.926883,
                    34.884333
                ],
                [
                    -113.927294,
                    34.884239
                ],
                [
                    -113.928291,
                    34.884399
                ],
                [
                    -113.928936,
                    34.884128
                ],
                [
                    -113.929888,
                    34.884153
                ],
                [
                    -113.931139,
                    34.884674
                ],
                [
                    -113.932726,
                    34.884053
                ],
                [
                    -113.932946,
                    34.883555
                ],
                [
                    -113.932948,
                    34.883032
                ],
                [
                    -113.934036,
                    34.882274
                ],
                [
                    -113.933498,
                    34.880429
                ],
                [
                    -113.933587,
                    34.879385
                ],
                [
                    -113.935216,
                    34.878677
                ],
                [
                    -113.935519,
                    34.877901
                ],
                [
                    -113.936776,
                    34.877906
                ],
                [
                    -113.938356,
                    34.878453
                ],
                [
                    -113.939304,
                    34.878579
                ],
                [
                    -113.939667,
                    34.878257
                ],
                [
                    -113.939252,
                    34.877957
                ],
                [
                    -113.938421,
                    34.87672
                ],
                [
                    -113.937647,
                    34.876722
                ],
                [
                    -113.936147,
                    34.875854
                ],
                [
                    -113.935817,
                    34.875516
                ],
                [
                    -113.935804,
                    34.874469
                ],
                [
                    -113.935547,
                    34.8742
                ],
                [
                    -113.935687,
                    34.873681
                ],
                [
                    -113.935437,
                    34.873151
                ],
                [
                    -113.935485,
                    34.872367
                ],
                [
                    -113.935237,
                    34.871837
                ],
                [
                    -113.935145,
                    34.87105
                ],
                [
                    -113.934635,
                    34.86999
                ],
                [
                    -113.934565,
                    34.868942
                ],
                [
                    -113.93349,
                    34.867868
                ],
                [
                    -113.93348,
                    34.867606
                ],
                [
                    -113.933726,
                    34.866566
                ],
                [
                    -113.93405,
                    34.866169
                ],
                [
                    -113.934993,
                    34.866399
                ],
                [
                    -113.935659,
                    34.86633
                ],
                [
                    -113.936898,
                    34.8674
                ],
                [
                    -113.938441,
                    34.867608
                ],
                [
                    -113.939073,
                    34.867479
                ],
                [
                    -113.939086,
                    34.867221
                ],
                [
                    -113.939415,
                    34.867022
                ],
                [
                    -113.940192,
                    34.86603
                ],
                [
                    -113.941053,
                    34.865674
                ],
                [
                    -113.942639,
                    34.865694
                ],
                [
                    -113.943964,
                    34.864992
                ],
                [
                    -113.943974,
                    34.86473
                ],
                [
                    -113.944997,
                    34.863186
                ],
                [
                    -113.945106,
                    34.862404
                ],
                [
                    -113.945398,
                    34.861888
                ],
                [
                    -113.945422,
                    34.861365
                ],
                [
                    -113.945193,
                    34.860574
                ],
                [
                    -113.945354,
                    34.860055
                ],
                [
                    -113.945196,
                    34.859697
                ],
                [
                    -113.944604,
                    34.859251
                ],
                [
                    -113.944619,
                    34.858728
                ],
                [
                    -113.944129,
                    34.857931
                ],
                [
                    -113.943263,
                    34.857435
                ],
                [
                    -113.94344,
                    34.855726
                ],
                [
                    -113.943214,
                    34.855291
                ],
                [
                    -113.942377,
                    34.854518
                ],
                [
                    -113.942663,
                    34.853968
                ],
                [
                    -113.942155,
                    34.853054
                ],
                [
                    -113.940605,
                    34.852625
                ],
                [
                    -113.940251,
                    34.85305
                ],
                [
                    -113.938676,
                    34.852717
                ],
                [
                    -113.938356,
                    34.852772
                ],
                [
                    -113.93801,
                    34.85355
                ],
                [
                    -113.935775,
                    34.854062
                ],
                [
                    -113.935646,
                    34.854577
                ],
                [
                    -113.935426,
                    34.854756
                ],
                [
                    -113.934176,
                    34.854209
                ],
                [
                    -113.93379,
                    34.853813
                ],
                [
                    -113.932286,
                    34.853827
                ],
                [
                    -113.930117,
                    34.852397
                ],
                [
                    -113.929164,
                    34.85242
                ],
                [
                    -113.927913,
                    34.851918
                ],
                [
                    -113.927088,
                    34.852155
                ],
                [
                    -113.926542,
                    34.851562
                ],
                [
                    -113.925085,
                    34.851129
                ],
                [
                    -113.924556,
                    34.85168
                ],
                [
                    -113.924544,
                    34.85235
                ],
                [
                    -113.924848,
                    34.852734
                ],
                [
                    -113.924711,
                    34.853273
                ],
                [
                    -113.923081,
                    34.853811
                ],
                [
                    -113.922751,
                    34.854146
                ],
                [
                    -113.921891,
                    34.85458
                ],
                [
                    -113.921503,
                    34.855004
                ],
                [
                    -113.92127,
                    34.855522
                ],
                [
                    -113.92123,
                    34.856161
                ],
                [
                    -113.921084,
                    34.856287
                ],
                [
                    -113.920239,
                    34.855941
                ],
                [
                    -113.919197,
                    34.855808
                ],
                [
                    -113.918865,
                    34.856187
                ],
                [
                    -113.916961,
                    34.856156
                ],
                [
                    -113.916806,
                    34.856332
                ],
                [
                    -113.917238,
                    34.857263
                ],
                [
                    -113.917794,
                    34.857789
                ],
                [
                    -113.917784,
                    34.85805
                ],
                [
                    -113.918966,
                    34.860174
                ],
                [
                    -113.920246,
                    34.861253
                ],
                [
                    -113.920302,
                    34.861827
                ],
                [
                    -113.920133,
                    34.862219
                ],
                [
                    -113.919596,
                    34.86212
                ],
                [
                    -113.918046,
                    34.861128
                ],
                [
                    -113.91734,
                    34.86098
                ],
                [
                    -113.91695,
                    34.860267
                ],
                [
                    -113.91525,
                    34.859472
                ],
                [
                    -113.91462,
                    34.859357
                ],
                [
                    -113.913343,
                    34.859531
                ],
                [
                    -113.911364,
                    34.859121
                ],
                [
                    -113.911299,
                    34.859979
                ],
                [
                    -113.911092,
                    34.860301
                ],
                [
                    -113.909482,
                    34.8609
                ],
                [
                    -113.908851,
                    34.860811
                ],
                [
                    -113.908212,
                    34.860921
                ],
                [
                    -113.907247,
                    34.861256
                ],
                [
                    -113.906582,
                    34.861679
                ],
                [
                    -113.906255,
                    34.862322
                ],
                [
                    -113.905279,
                    34.862941
                ],
                [
                    -113.905321,
                    34.863229
                ],
                [
                    -113.904918,
                    34.864101
                ],
                [
                    -113.903631,
                    34.864546
                ],
                [
                    -113.90346,
                    34.865013
                ],
                [
                    -113.903558,
                    34.865508
                ],
                [
                    -113.903272,
                    34.865647
                ],
                [
                    -113.902263,
                    34.865048
                ],
                [
                    -113.900592,
                    34.86494
                ],
                [
                    -113.900945,
                    34.864297
                ],
                [
                    -113.900958,
                    34.863902
                ],
                [
                    -113.901616,
                    34.863134
                ],
                [
                    -113.901534,
                    34.86287
                ],
                [
                    -113.901769,
                    34.862353
                ],
                [
                    -113.901562,
                    34.861598
                ],
                [
                    -113.901965,
                    34.861141
                ],
                [
                    -113.902171,
                    34.860008
                ],
                [
                    -113.902595,
                    34.859263
                ],
                [
                    -113.90294,
                    34.858981
                ],
                [
                    -113.902627,
                    34.858166
                ],
                [
                    -113.901721,
                    34.858227
                ],
                [
                    -113.900028,
                    34.859057
                ],
                [
                    -113.89986,
                    34.859426
                ],
                [
                    -113.899372,
                    34.859615
                ],
                [
                    -113.898733,
                    34.859729
                ],
                [
                    -113.898111,
                    34.859373
                ],
                [
                    -113.897794,
                    34.859363
                ],
                [
                    -113.895881,
                    34.859585
                ],
                [
                    -113.895203,
                    34.860713
                ],
                [
                    -113.894574,
                    34.86114
                ],
                [
                    -113.894542,
                    34.861405
                ],
                [
                    -113.894354,
                    34.860515
                ],
                [
                    -113.893284,
                    34.859567
                ],
                [
                    -113.89354,
                    34.859264
                ],
                [
                    -113.89355,
                    34.858741
                ],
                [
                    -113.893966,
                    34.858447
                ],
                [
                    -113.893991,
                    34.857929
                ],
                [
                    -113.894945,
                    34.85773
                ],
                [
                    -113.894768,
                    34.856417
                ],
                [
                    -113.895295,
                    34.856102
                ],
                [
                    -113.895349,
                    34.855647
                ],
                [
                    -113.895086,
                    34.855125
                ],
                [
                    -113.89501,
                    34.854423
                ],
                [
                    -113.894718,
                    34.854142
                ],
                [
                    -113.894715,
                    34.853538
                ],
                [
                    -113.895001,
                    34.853021
                ],
                [
                    -113.894704,
                    34.852491
                ],
                [
                    -113.89467,
                    34.851966
                ],
                [
                    -113.895409,
                    34.851462
                ],
                [
                    -113.895682,
                    34.850422
                ],
                [
                    -113.895596,
                    34.850267
                ],
                [
                    -113.89337,
                    34.850373
                ],
                [
                    -113.892957,
                    34.850176
                ],
                [
                    -113.893049,
                    34.849811
                ],
                [
                    -113.893396,
                    34.849845
                ],
                [
                    -113.894374,
                    34.84908
                ],
                [
                    -113.894378,
                    34.848295
                ],
                [
                    -113.894084,
                    34.847526
                ],
                [
                    -113.893694,
                    34.847493
                ],
                [
                    -113.893704,
                    34.847231
                ],
                [
                    -113.893492,
                    34.847124
                ],
                [
                    -113.893012,
                    34.847214
                ],
                [
                    -113.893022,
                    34.846952
                ],
                [
                    -113.893154,
                    34.846694
                ],
                [
                    -113.89416,
                    34.846261
                ],
                [
                    -113.894159,
                    34.845653
                ],
                [
                    -113.894828,
                    34.84489
                ],
                [
                    -113.895673,
                    34.844665
                ],
                [
                    -113.89559,
                    34.843313
                ],
                [
                    -113.895547,
                    34.843134
                ],
                [
                    -113.895235,
                    34.842987
                ],
                [
                    -113.89428,
                    34.843055
                ],
                [
                    -113.894264,
                    34.843315
                ],
                [
                    -113.89363,
                    34.843462
                ],
                [
                    -113.892598,
                    34.843093
                ],
                [
                    -113.89253,
                    34.843015
                ],
                [
                    -113.892837,
                    34.842761
                ],
                [
                    -113.892935,
                    34.84224
                ],
                [
                    -113.892017,
                    34.841767
                ],
                [
                    -113.890059,
                    34.840073
                ],
                [
                    -113.890457,
                    34.839705
                ],
                [
                    -113.892071,
                    34.839339
                ],
                [
                    -113.892316,
                    34.838822
                ],
                [
                    -113.892169,
                    34.838557
                ],
                [
                    -113.892198,
                    34.837511
                ],
                [
                    -113.89289,
                    34.836743
                ],
                [
                    -113.893014,
                    34.836223
                ],
                [
                    -113.892541,
                    34.83527
                ],
                [
                    -113.892247,
                    34.83499
                ],
                [
                    -113.890694,
                    34.834925
                ],
                [
                    -113.890598,
                    34.834237
                ],
                [
                    -113.889861,
                    34.833793
                ],
                [
                    -113.89018,
                    34.833272
                ],
                [
                    -113.890142,
                    34.83301
                ],
                [
                    -113.889472,
                    34.832572
                ],
                [
                    -113.888785,
                    34.831835
                ],
                [
                    -113.888265,
                    34.831731
                ],
                [
                    -113.887774,
                    34.831096
                ],
                [
                    -113.887643,
                    34.831295
                ],
                [
                    -113.887423,
                    34.831312
                ],
                [
                    -113.886853,
                    34.831094
                ],
                [
                    -113.887035,
                    34.830761
                ],
                [
                    -113.888732,
                    34.830258
                ],
                [
                    -113.889392,
                    34.829589
                ],
                [
                    -113.889644,
                    34.82954
                ],
                [
                    -113.890963,
                    34.830676
                ],
                [
                    -113.892203,
                    34.83078
                ],
                [
                    -113.892508,
                    34.831106
                ],
                [
                    -113.893063,
                    34.831189
                ],
                [
                    -113.893215,
                    34.83021
                ],
                [
                    -113.893517,
                    34.829601
                ],
                [
                    -113.89446,
                    34.829837
                ],
                [
                    -113.89508,
                    34.830227
                ],
                [
                    -113.895361,
                    34.830235
                ],
                [
                    -113.895473,
                    34.830006
                ],
                [
                    -113.895464,
                    34.830267
                ],
                [
                    -113.895711,
                    34.830334
                ],
                [
                    -113.896266,
                    34.829949
                ],
                [
                    -113.896926,
                    34.829987
                ],
                [
                    -113.897766,
                    34.829644
                ],
                [
                    -113.898295,
                    34.82911
                ],
                [
                    -113.898292,
                    34.828769
                ],
                [
                    -113.897985,
                    34.828238
                ],
                [
                    -113.89849,
                    34.827579
                ],
                [
                    -113.898416,
                    34.827163
                ],
                [
                    -113.897769,
                    34.826924
                ],
                [
                    -113.897841,
                    34.826403
                ],
                [
                    -113.89804,
                    34.826105
                ],
                [
                    -113.899278,
                    34.825393
                ],
                [
                    -113.899665,
                    34.82456
                ],
                [
                    -113.90067,
                    34.823596
                ],
                [
                    -113.900709,
                    34.823315
                ],
                [
                    -113.901506,
                    34.822833
                ],
                [
                    -113.901083,
                    34.822478
                ],
                [
                    -113.899178,
                    34.822492
                ],
                [
                    -113.898903,
                    34.823081
                ],
                [
                    -113.898812,
                    34.824081
                ],
                [
                    -113.898462,
                    34.824671
                ],
                [
                    -113.897496,
                    34.825048
                ],
                [
                    -113.896328,
                    34.825143
                ],
                [
                    -113.89559,
                    34.825103
                ],
                [
                    -113.895229,
                    34.824766
                ],
                [
                    -113.897235,
                    34.824294
                ],
                [
                    -113.89624,
                    34.822175
                ],
                [
                    -113.896234,
                    34.821747
                ],
                [
                    -113.895112,
                    34.821099
                ],
                [
                    -113.895122,
                    34.820838
                ],
                [
                    -113.895095,
                    34.82109
                ],
                [
                    -113.894332,
                    34.820937
                ],
                [
                    -113.893902,
                    34.820545
                ],
                [
                    -113.893912,
                    34.820284
                ],
                [
                    -113.89567,
                    34.819975
                ],
                [
                    -113.896149,
                    34.818235
                ],
                [
                    -113.898698,
                    34.818377
                ],
                [
                    -113.898991,
                    34.818297
                ],
                [
                    -113.899028,
                    34.818034
                ],
                [
                    -113.899557,
                    34.817811
                ],
                [
                    -113.899052,
                    34.817396
                ],
                [
                    -113.897792,
                    34.817154
                ],
                [
                    -113.89654,
                    34.816688
                ],
                [
                    -113.896095,
                    34.816676
                ],
                [
                    -113.896086,
                    34.816937
                ],
                [
                    -113.894941,
                    34.817019
                ],
                [
                    -113.894848,
                    34.816121
                ],
                [
                    -113.894537,
                    34.815589
                ],
                [
                    -113.894746,
                    34.815333
                ],
                [
                    -113.894702,
                    34.814937
                ],
                [
                    -113.893138,
                    34.814345
                ],
                [
                    -113.892175,
                    34.814644
                ],
                [
                    -113.891859,
                    34.814597
                ],
                [
                    -113.891478,
                    34.814203
                ],
                [
                    -113.892197,
                    34.814051
                ],
                [
                    -113.892261,
                    34.813405
                ],
                [
                    -113.892068,
                    34.813171
                ],
                [
                    -113.892052,
                    34.812386
                ],
                [
                    -113.891556,
                    34.811588
                ],
                [
                    -113.891676,
                    34.811038
                ],
                [
                    -113.892097,
                    34.810629
                ],
                [
                    -113.892128,
                    34.810209
                ],
                [
                    -113.891657,
                    34.809812
                ],
                [
                    -113.890778,
                    34.809594
                ],
                [
                    -113.890463,
                    34.809549
                ],
                [
                    -113.890137,
                    34.809787
                ],
                [
                    -113.889471,
                    34.809703
                ],
                [
                    -113.889984,
                    34.809193
                ],
                [
                    -113.890986,
                    34.808957
                ],
                [
                    -113.891143,
                    34.808328
                ],
                [
                    -113.893066,
                    34.807807
                ],
                [
                    -113.893379,
                    34.807941
                ],
                [
                    -113.893879,
                    34.808597
                ],
                [
                    -113.895575,
                    34.809314
                ],
                [
                    -113.895847,
                    34.809787
                ],
                [
                    -113.899309,
                    34.81054
                ],
                [
                    -113.900438,
                    34.81062
                ],
                [
                    -113.901159,
                    34.811076
                ],
                [
                    -113.902347,
                    34.812387
                ],
                [
                    -113.903314,
                    34.812935
                ],
                [
                    -113.904105,
                    34.812793
                ],
                [
                    -113.904164,
                    34.812695
                ],
                [
                    -113.903742,
                    34.812161
                ],
                [
                    -113.903764,
                    34.811683
                ],
                [
                    -113.904357,
                    34.811305
                ],
                [
                    -113.904653,
                    34.811399
                ],
                [
                    -113.904643,
                    34.81166
                ],
                [
                    -113.904983,
                    34.811541
                ],
                [
                    -113.905104,
                    34.811672
                ],
                [
                    -113.905094,
                    34.811933
                ],
                [
                    -113.90534,
                    34.812149
                ],
                [
                    -113.905498,
                    34.812729
                ],
                [
                    -113.9058,
                    34.812998
                ],
                [
                    -113.906448,
                    34.813321
                ],
                [
                    -113.906915,
                    34.813812
                ],
                [
                    -113.90775,
                    34.813891
                ],
                [
                    -113.908016,
                    34.813316
                ],
                [
                    -113.907704,
                    34.813047
                ],
                [
                    -113.907713,
                    34.812785
                ],
                [
                    -113.907379,
                    34.812253
                ],
                [
                    -113.907707,
                    34.811738
                ],
                [
                    -113.907163,
                    34.811244
                ],
                [
                    -113.905704,
                    34.810641
                ],
                [
                    -113.906066,
                    34.810126
                ],
                [
                    -113.905551,
                    34.809328
                ],
                [
                    -113.905745,
                    34.80881
                ],
                [
                    -113.905828,
                    34.807242
                ],
                [
                    -113.906132,
                    34.806988
                ],
                [
                    -113.906485,
                    34.805971
                ],
                [
                    -113.906567,
                    34.805106
                ],
                [
                    -113.906313,
                    34.804033
                ],
                [
                    -113.906709,
                    34.802816
                ],
                [
                    -113.90603,
                    34.801752
                ],
                [
                    -113.905125,
                    34.801401
                ],
                [
                    -113.904603,
                    34.800669
                ],
                [
                    -113.904132,
                    34.80037
                ],
                [
                    -113.903185,
                    34.800249
                ],
                [
                    -113.902545,
                    34.800394
                ],
                [
                    -113.902228,
                    34.800347
                ],
                [
                    -113.90193,
                    34.799875
                ],
                [
                    -113.900981,
                    34.79978
                ],
                [
                    -113.900341,
                    34.799942
                ],
                [
                    -113.900032,
                    34.799728
                ],
                [
                    -113.898768,
                    34.799582
                ],
                [
                    -113.898442,
                    34.799476
                ],
                [
                    -113.898154,
                    34.799045
                ],
                [
                    -113.897407,
                    34.798755
                ],
                [
                    -113.897501,
                    34.798358
                ],
                [
                    -113.899243,
                    34.797654
                ],
                [
                    -113.898856,
                    34.797251
                ],
                [
                    -113.897509,
                    34.796824
                ],
                [
                    -113.897936,
                    34.796391
                ],
                [
                    -113.898577,
                    34.796222
                ],
                [
                    -113.898762,
                    34.795548
                ],
                [
                    -113.898613,
                    34.79525
                ],
                [
                    -113.89934,
                    34.794778
                ],
                [
                    -113.899275,
                    34.794513
                ],
                [
                    -113.898362,
                    34.794207
                ],
                [
                    -113.89811,
                    34.793961
                ],
                [
                    -113.898836,
                    34.793588
                ],
                [
                    -113.900516,
                    34.793238
                ],
                [
                    -113.899742,
                    34.791648
                ],
                [
                    -113.899855,
                    34.791242
                ],
                [
                    -113.900552,
                    34.790774
                ],
                [
                    -113.900713,
                    34.790019
                ],
                [
                    -113.90135,
                    34.78995
                ],
                [
                    -113.902922,
                    34.790308
                ],
                [
                    -113.903876,
                    34.790255
                ],
                [
                    -113.904352,
                    34.790718
                ],
                [
                    -113.904806,
                    34.790839
                ],
                [
                    -113.905135,
                    34.790746
                ],
                [
                    -113.905466,
                    34.79014
                ],
                [
                    -113.90674,
                    34.789994
                ],
                [
                    -113.90675,
                    34.789733
                ],
                [
                    -113.907445,
                    34.789532
                ],
                [
                    -113.907357,
                    34.788963
                ],
                [
                    -113.906987,
                    34.78843
                ],
                [
                    -113.906728,
                    34.787639
                ],
                [
                    -113.906833,
                    34.787527
                ],
                [
                    -113.907785,
                    34.787498
                ],
                [
                    -113.908427,
                    34.78729
                ],
                [
                    -113.909364,
                    34.787698
                ],
                [
                    -113.909997,
                    34.787724
                ],
                [
                    -113.910652,
                    34.787467
                ],
                [
                    -113.911319,
                    34.787532
                ],
                [
                    -113.911598,
                    34.787325
                ],
                [
                    -113.912953,
                    34.787345
                ],
                [
                    -113.914793,
                    34.786703
                ],
                [
                    -113.91543,
                    34.786628
                ],
                [
                    -113.915949,
                    34.786913
                ],
                [
                    -113.916955,
                    34.788255
                ],
                [
                    -113.917874,
                    34.78913
                ],
                [
                    -113.918506,
                    34.789194
                ],
                [
                    -113.919146,
                    34.789054
                ],
                [
                    -113.920089,
                    34.789275
                ],
                [
                    -113.921377,
                    34.788771
                ],
                [
                    -113.922305,
                    34.787772
                ],
                [
                    -113.922315,
                    34.787511
                ],
                [
                    -113.923501,
                    34.787017
                ],
                [
                    -113.92449,
                    34.786128
                ],
                [
                    -113.92498,
                    34.786018
                ],
                [
                    -113.925118,
                    34.78575
                ],
                [
                    -113.925061,
                    34.785174
                ],
                [
                    -113.924448,
                    34.784381
                ],
                [
                    -113.923872,
                    34.784066
                ],
                [
                    -113.922805,
                    34.784476
                ],
                [
                    -113.921543,
                    34.784292
                ],
                [
                    -113.920586,
                    34.784449
                ],
                [
                    -113.919602,
                    34.785312
                ],
                [
                    -113.918011,
                    34.785458
                ],
                [
                    -113.917675,
                    34.78597
                ],
                [
                    -113.914179,
                    34.786159
                ],
                [
                    -113.913245,
                    34.785685
                ],
                [
                    -113.912503,
                    34.785016
                ],
                [
                    -113.912092,
                    34.78385
                ],
                [
                    -113.911495,
                    34.78326
                ],
                [
                    -113.910177,
                    34.7829
                ],
                [
                    -113.907806,
                    34.781552
                ],
                [
                    -113.906979,
                    34.781365
                ],
                [
                    -113.906817,
                    34.781099
                ],
                [
                    -113.906761,
                    34.780022
                ],
                [
                    -113.907749,
                    34.779969
                ],
                [
                    -113.908721,
                    34.779435
                ],
                [
                    -113.909357,
                    34.779383
                ],
                [
                    -113.910013,
                    34.77879
                ],
                [
                    -113.911636,
                    34.77863
                ],
                [
                    -113.911688,
                    34.778344
                ],
                [
                    -113.911075,
                    34.777493
                ],
                [
                    -113.911274,
                    34.775883
                ],
                [
                    -113.912352,
                    34.775621
                ],
                [
                    -113.914361,
                    34.776213
                ],
                [
                    -113.915181,
                    34.7763
                ],
                [
                    -113.915849,
                    34.776117
                ],
                [
                    -113.916126,
                    34.774793
                ],
                [
                    -113.915456,
                    34.77373
                ],
                [
                    -113.914765,
                    34.773189
                ],
                [
                    -113.915311,
                    34.7728
                ],
                [
                    -113.917078,
                    34.772462
                ],
                [
                    -113.917072,
                    34.771677
                ],
                [
                    -113.916839,
                    34.771409
                ],
                [
                    -113.916962,
                    34.771041
                ],
                [
                    -113.918546,
                    34.771094
                ],
                [
                    -113.920742,
                    34.771739
                ],
                [
                    -113.921064,
                    34.771605
                ],
                [
                    -113.921078,
                    34.771224
                ],
                [
                    -113.920745,
                    34.770462
                ],
                [
                    -113.920848,
                    34.769418
                ],
                [
                    -113.920742,
                    34.768262
                ],
                [
                    -113.922181,
                    34.767133
                ],
                [
                    -113.922195,
                    34.766774
                ],
                [
                    -113.921575,
                    34.766383
                ],
                [
                    -113.920798,
                    34.766421
                ],
                [
                    -113.920293,
                    34.766757
                ],
                [
                    -113.919844,
                    34.767474
                ],
                [
                    -113.91868,
                    34.767793
                ],
                [
                    -113.918659,
                    34.768057
                ],
                [
                    -113.918021,
                    34.76814
                ],
                [
                    -113.917693,
                    34.768029
                ],
                [
                    -113.917222,
                    34.767494
                ],
                [
                    -113.917231,
                    34.767232
                ],
                [
                    -113.916638,
                    34.767217
                ],
                [
                    -113.916648,
                    34.766956
                ],
                [
                    -113.91637,
                    34.766687
                ],
                [
                    -113.916402,
                    34.766165
                ],
                [
                    -113.915567,
                    34.76563
                ],
                [
                    -113.915068,
                    34.765084
                ],
                [
                    -113.915126,
                    34.764301
                ],
                [
                    -113.914803,
                    34.76343
                ],
                [
                    -113.913278,
                    34.762582
                ],
                [
                    -113.912352,
                    34.761352
                ],
                [
                    -113.912085,
                    34.76056
                ],
                [
                    -113.910988,
                    34.760551
                ],
                [
                    -113.910071,
                    34.760245
                ],
                [
                    -113.908488,
                    34.760169
                ],
                [
                    -113.906917,
                    34.7598
                ],
                [
                    -113.905569,
                    34.759871
                ],
                [
                    -113.904849,
                    34.760899
                ],
                [
                    -113.905205,
                    34.761693
                ],
                [
                    -113.904797,
                    34.762098
                ],
                [
                    -113.903839,
                    34.762337
                ],
                [
                    -113.903677,
                    34.762963
                ],
                [
                    -113.902972,
                    34.763551
                ],
                [
                    -113.903037,
                    34.764063
                ],
                [
                    -113.901859,
                    34.764487
                ],
                [
                    -113.901786,
                    34.76566
                ],
                [
                    -113.902048,
                    34.766323
                ],
                [
                    -113.901922,
                    34.766844
                ],
                [
                    -113.902354,
                    34.768163
                ],
                [
                    -113.901432,
                    34.768324
                ],
                [
                    -113.900811,
                    34.768647
                ],
                [
                    -113.900925,
                    34.768912
                ],
                [
                    -113.901709,
                    34.769455
                ],
                [
                    -113.9017,
                    34.769716
                ],
                [
                    -113.90211,
                    34.769626
                ],
                [
                    -113.902357,
                    34.769733
                ],
                [
                    -113.902348,
                    34.769995
                ],
                [
                    -113.901121,
                    34.770631
                ],
                [
                    -113.901106,
                    34.771035
                ],
                [
                    -113.900382,
                    34.771454
                ],
                [
                    -113.899581,
                    34.772541
                ],
                [
                    -113.899746,
                    34.774096
                ],
                [
                    -113.900213,
                    34.775697
                ],
                [
                    -113.900385,
                    34.776901
                ],
                [
                    -113.900769,
                    34.777543
                ],
                [
                    -113.900624,
                    34.778063
                ],
                [
                    -113.900723,
                    34.778327
                ],
                [
                    -113.900504,
                    34.778639
                ],
                [
                    -113.899866,
                    34.778831
                ],
                [
                    -113.899102,
                    34.77978
                ],
                [
                    -113.89855,
                    34.780017
                ],
                [
                    -113.897943,
                    34.780654
                ],
                [
                    -113.897829,
                    34.781132
                ],
                [
                    -113.898188,
                    34.781403
                ],
                [
                    -113.898176,
                    34.781668
                ],
                [
                    -113.897273,
                    34.782226
                ],
                [
                    -113.897152,
                    34.782684
                ],
                [
                    -113.897401,
                    34.782953
                ],
                [
                    -113.896728,
                    34.78372
                ],
                [
                    -113.896506,
                    34.783783
                ],
                [
                    -113.895565,
                    34.783484
                ],
                [
                    -113.895281,
                    34.783683
                ],
                [
                    -113.895126,
                    34.784203
                ],
                [
                    -113.895767,
                    34.786578
                ],
                [
                    -113.895445,
                    34.786704
                ],
                [
                    -113.894144,
                    34.78596
                ],
                [
                    -113.893223,
                    34.786751
                ],
                [
                    -113.892202,
                    34.787226
                ],
                [
                    -113.891998,
                    34.787587
                ],
                [
                    -113.891891,
                    34.788415
                ],
                [
                    -113.88991,
                    34.788725
                ],
                [
                    -113.889608,
                    34.78927
                ],
                [
                    -113.888908,
                    34.789736
                ],
                [
                    -113.888637,
                    34.790613
                ],
                [
                    -113.888449,
                    34.790218
                ],
                [
                    -113.888027,
                    34.79004
                ],
                [
                    -113.887832,
                    34.789427
                ],
                [
                    -113.887466,
                    34.78895
                ],
                [
                    -113.887468,
                    34.788194
                ],
                [
                    -113.884714,
                    34.787338
                ],
                [
                    -113.885111,
                    34.786825
                ],
                [
                    -113.885131,
                    34.786302
                ],
                [
                    -113.884932,
                    34.786092
                ],
                [
                    -113.884923,
                    34.785774
                ],
                [
                    -113.885184,
                    34.785257
                ],
                [
                    -113.885295,
                    34.784404
                ],
                [
                    -113.885702,
                    34.784315
                ],
                [
                    -113.886205,
                    34.784597
                ],
                [
                    -113.886955,
                    34.784726
                ],
                [
                    -113.887671,
                    34.784329
                ],
                [
                    -113.888483,
                    34.78351
                ],
                [
                    -113.8886,
                    34.782989
                ],
                [
                    -113.887925,
                    34.781925
                ],
                [
                    -113.88808,
                    34.780859
                ],
                [
                    -113.887751,
                    34.780441
                ],
                [
                    -113.887072,
                    34.780333
                ],
                [
                    -113.886945,
                    34.779807
                ],
                [
                    -113.887605,
                    34.77968
                ],
                [
                    -113.888161,
                    34.779053
                ],
                [
                    -113.888268,
                    34.778271
                ],
                [
                    -113.887694,
                    34.777733
                ],
                [
                    -113.88818,
                    34.777449
                ],
                [
                    -113.888875,
                    34.776716
                ],
                [
                    -113.888971,
                    34.775672
                ],
                [
                    -113.888772,
                    34.775034
                ],
                [
                    -113.88891,
                    34.774917
                ],
                [
                    -113.890166,
                    34.775234
                ],
                [
                    -113.890803,
                    34.775176
                ],
                [
                    -113.891384,
                    34.773902
                ],
                [
                    -113.891942,
                    34.773225
                ],
                [
                    -113.892133,
                    34.772351
                ],
                [
                    -113.892009,
                    34.771975
                ],
                [
                    -113.891381,
                    34.7717
                ],
                [
                    -113.889359,
                    34.771385
                ],
                [
                    -113.88793,
                    34.771458
                ],
                [
                    -113.888749,
                    34.770757
                ],
                [
                    -113.889711,
                    34.770471
                ],
                [
                    -113.890906,
                    34.769703
                ],
                [
                    -113.891618,
                    34.767627
                ],
                [
                    -113.891102,
                    34.767193
                ],
                [
                    -113.88984,
                    34.766535
                ],
                [
                    -113.890527,
                    34.765636
                ],
                [
                    -113.890675,
                    34.764986
                ],
                [
                    -113.890265,
                    34.764155
                ],
                [
                    -113.889326,
                    34.763644
                ],
                [
                    -113.889845,
                    34.762872
                ],
                [
                    -113.889808,
                    34.761562
                ],
                [
                    -113.890211,
                    34.761049
                ],
                [
                    -113.889781,
                    34.75973
                ],
                [
                    -113.889195,
                    34.758873
                ],
                [
                    -113.887314,
                    34.758292
                ],
                [
                    -113.886365,
                    34.758245
                ],
                [
                    -113.886038,
                    34.75851
                ],
                [
                    -113.884769,
                    34.758516
                ],
                [
                    -113.884338,
                    34.758381
                ],
                [
                    -113.88501,
                    34.756729
                ],
                [
                    -113.884676,
                    34.755326
                ],
                [
                    -113.884237,
                    34.754616
                ],
                [
                    -113.884625,
                    34.753579
                ],
                [
                    -113.884282,
                    34.752524
                ],
                [
                    -113.884383,
                    34.751921
                ],
                [
                    -113.883754,
                    34.751796
                ],
                [
                    -113.882481,
                    34.751918
                ],
                [
                    -113.882069,
                    34.751765
                ],
                [
                    -113.881648,
                    34.751148
                ],
                [
                    -113.880017,
                    34.749997
                ],
                [
                    -113.879564,
                    34.748886
                ],
                [
                    -113.878164,
                    34.747133
                ],
                [
                    -113.878016,
                    34.74628
                ],
                [
                    -113.877319,
                    34.745883
                ],
                [
                    -113.876667,
                    34.746057
                ],
                [
                    -113.876089,
                    34.744987
                ],
                [
                    -113.876094,
                    34.744717
                ],
                [
                    -113.875777,
                    34.744736
                ],
                [
                    -113.875758,
                    34.744455
                ],
                [
                    -113.875475,
                    34.744335
                ],
                [
                    -113.875078,
                    34.744498
                ],
                [
                    -113.874829,
                    34.743908
                ],
                [
                    -113.874544,
                    34.743786
                ],
                [
                    -113.87423,
                    34.743712
                ],
                [
                    -113.873904,
                    34.743959
                ],
                [
                    -113.872979,
                    34.744149
                ],
                [
                    -113.871974,
                    34.744703
                ],
                [
                    -113.871316,
                    34.74534
                ],
                [
                    -113.870677,
                    34.745633
                ],
                [
                    -113.870324,
                    34.746403
                ],
                [
                    -113.869759,
                    34.746086
                ],
                [
                    -113.869072,
                    34.745981
                ],
                [
                    -113.868818,
                    34.746166
                ],
                [
                    -113.86779,
                    34.746353
                ],
                [
                    -113.867388,
                    34.747118
                ],
                [
                    -113.867426,
                    34.747904
                ],
                [
                    -113.867276,
                    34.748322
                ],
                [
                    -113.866749,
                    34.748725
                ],
                [
                    -113.86639,
                    34.748698
                ],
                [
                    -113.866544,
                    34.748325
                ],
                [
                    -113.865371,
                    34.747458
                ],
                [
                    -113.865234,
                    34.746801
                ],
                [
                    -113.865364,
                    34.745758
                ],
                [
                    -113.865249,
                    34.745231
                ],
                [
                    -113.864996,
                    34.744785
                ],
                [
                    -113.864323,
                    34.744211
                ],
                [
                    -113.864093,
                    34.743628
                ],
                [
                    -113.863458,
                    34.743543
                ],
                [
                    -113.863314,
                    34.743873
                ],
                [
                    -113.862808,
                    34.743979
                ],
                [
                    -113.861233,
                    34.743714
                ],
                [
                    -113.860587,
                    34.744012
                ],
                [
                    -113.860257,
                    34.744354
                ],
                [
                    -113.859244,
                    34.744597
                ],
                [
                    -113.859232,
                    34.744291
                ],
                [
                    -113.859817,
                    34.74393
                ],
                [
                    -113.860065,
                    34.743266
                ],
                [
                    -113.85972,
                    34.742995
                ],
                [
                    -113.859968,
                    34.742478
                ],
                [
                    -113.859986,
                    34.741955
                ],
                [
                    -113.859701,
                    34.741686
                ],
                [
                    -113.859735,
                    34.741401
                ],
                [
                    -113.86113,
                    34.740762
                ],
                [
                    -113.861223,
                    34.740679
                ],
                [
                    -113.861065,
                    34.740413
                ],
                [
                    -113.8614,
                    34.740188
                ],
                [
                    -113.862668,
                    34.740222
                ],
                [
                    -113.863366,
                    34.739687
                ],
                [
                    -113.863257,
                    34.7389
                ],
                [
                    -113.862076,
                    34.73817
                ],
                [
                    -113.861132,
                    34.737994
                ],
                [
                    -113.860829,
                    34.738335
                ],
                [
                    -113.860032,
                    34.738293
                ],
                [
                    -113.86038,
                    34.737941
                ],
                [
                    -113.86072,
                    34.736741
                ],
                [
                    -113.860493,
                    34.735339
                ],
                [
                    -113.860602,
                    34.735245
                ],
                [
                    -113.861542,
                    34.735545
                ],
                [
                    -113.862201,
                    34.73549
                ],
                [
                    -113.862085,
                    34.733898
                ],
                [
                    -113.862345,
                    34.733381
                ],
                [
                    -113.862554,
                    34.732288
                ],
                [
                    -113.863558,
                    34.732532
                ],
                [
                    -113.864468,
                    34.732389
                ],
                [
                    -113.864335,
                    34.731862
                ],
                [
                    -113.863575,
                    34.731088
                ],
                [
                    -113.863318,
                    34.730481
                ],
                [
                    -113.862305,
                    34.729789
                ],
                [
                    -113.862234,
                    34.729453
                ],
                [
                    -113.861674,
                    34.72901
                ],
                [
                    -113.860538,
                    34.728567
                ],
                [
                    -113.860137,
                    34.728543
                ],
                [
                    -113.859898,
                    34.728736
                ],
                [
                    -113.859585,
                    34.728634
                ],
                [
                    -113.859091,
                    34.728325
                ],
                [
                    -113.859101,
                    34.728064
                ],
                [
                    -113.858974,
                    34.728027
                ],
                [
                    -113.858427,
                    34.72857
                ],
                [
                    -113.858479,
                    34.729788
                ],
                [
                    -113.858265,
                    34.730012
                ],
                [
                    -113.85731,
                    34.729841
                ],
                [
                    -113.85603,
                    34.730424
                ],
                [
                    -113.855576,
                    34.729804
                ],
                [
                    -113.854176,
                    34.729168
                ],
                [
                    -113.853615,
                    34.728409
                ],
                [
                    -113.853545,
                    34.728182
                ],
                [
                    -113.853733,
                    34.727556
                ],
                [
                    -113.85332,
                    34.726676
                ],
                [
                    -113.852675,
                    34.726949
                ],
                [
                    -113.852042,
                    34.726941
                ],
                [
                    -113.851417,
                    34.726698
                ],
                [
                    -113.850919,
                    34.726282
                ],
                [
                    -113.850945,
                    34.725498
                ],
                [
                    -113.851149,
                    34.725241
                ],
                [
                    -113.851798,
                    34.725025
                ],
                [
                    -113.851907,
                    34.724738
                ],
                [
                    -113.85276,
                    34.724711
                ],
                [
                    -113.853123,
                    34.724507
                ],
                [
                    -113.853163,
                    34.723685
                ],
                [
                    -113.852448,
                    34.723181
                ],
                [
                    -113.852374,
                    34.722395
                ],
                [
                    -113.852223,
                    34.72218
                ],
                [
                    -113.850951,
                    34.722279
                ],
                [
                    -113.849706,
                    34.721675
                ],
                [
                    -113.849204,
                    34.720665
                ],
                [
                    -113.848805,
                    34.720214
                ],
                [
                    -113.846927,
                    34.719747
                ],
                [
                    -113.845927,
                    34.719834
                ],
                [
                    -113.845327,
                    34.720157
                ],
                [
                    -113.844913,
                    34.720187
                ],
                [
                    -113.844724,
                    34.719318
                ],
                [
                    -113.845428,
                    34.718551
                ],
                [
                    -113.846159,
                    34.718047
                ],
                [
                    -113.846393,
                    34.717268
                ],
                [
                    -113.846179,
                    34.716814
                ],
                [
                    -113.846568,
                    34.716487
                ],
                [
                    -113.846662,
                    34.716228
                ],
                [
                    -113.846528,
                    34.716144
                ],
                [
                    -113.846107,
                    34.71632
                ],
                [
                    -113.845881,
                    34.716731
                ],
                [
                    -113.844765,
                    34.717192
                ],
                [
                    -113.844669,
                    34.717377
                ],
                [
                    -113.843832,
                    34.717808
                ],
                [
                    -113.843035,
                    34.716823
                ],
                [
                    -113.842604,
                    34.71675
                ],
                [
                    -113.842276,
                    34.717056
                ],
                [
                    -113.841962,
                    34.716969
                ],
                [
                    -113.841511,
                    34.715975
                ],
                [
                    -113.841054,
                    34.715849
                ],
                [
                    -113.840053,
                    34.716831
                ],
                [
                    -113.839417,
                    34.71722
                ],
                [
                    -113.838461,
                    34.717377
                ],
                [
                    -113.837808,
                    34.717877
                ],
                [
                    -113.837493,
                    34.71781
                ],
                [
                    -113.836973,
                    34.717211
                ],
                [
                    -113.836567,
                    34.717173
                ],
                [
                    -113.836312,
                    34.71753
                ],
                [
                    -113.835853,
                    34.717731
                ],
                [
                    -113.835691,
                    34.718037
                ],
                [
                    -113.83486,
                    34.718341
                ],
                [
                    -113.834776,
                    34.718275
                ],
                [
                    -113.835111,
                    34.71776
                ],
                [
                    -113.835205,
                    34.717239
                ],
                [
                    -113.834862,
                    34.716707
                ],
                [
                    -113.834571,
                    34.714867
                ],
                [
                    -113.834116,
                    34.714351
                ],
                [
                    -113.833537,
                    34.714056
                ],
                [
                    -113.83195,
                    34.713603
                ],
                [
                    -113.831116,
                    34.713126
                ],
                [
                    -113.830387,
                    34.713039
                ],
                [
                    -113.830042,
                    34.71161
                ],
                [
                    -113.829445,
                    34.71087
                ],
                [
                    -113.828828,
                    34.710531
                ],
                [
                    -113.82831,
                    34.709339
                ],
                [
                    -113.827063,
                    34.708806
                ],
                [
                    -113.826746,
                    34.708805
                ],
                [
                    -113.826367,
                    34.70942
                ],
                [
                    -113.826373,
                    34.710205
                ],
                [
                    -113.82586,
                    34.710833
                ],
                [
                    -113.825073,
                    34.711106
                ],
                [
                    -113.824565,
                    34.709897
                ],
                [
                    -113.823875,
                    34.709303
                ],
                [
                    -113.822903,
                    34.709852
                ],
                [
                    -113.821628,
                    34.708512
                ],
                [
                    -113.821087,
                    34.707634
                ],
                [
                    -113.820161,
                    34.706997
                ],
                [
                    -113.819223,
                    34.70667
                ],
                [
                    -113.818879,
                    34.706085
                ],
                [
                    -113.819106,
                    34.705829
                ],
                [
                    -113.819014,
                    34.705259
                ],
                [
                    -113.818113,
                    34.705099
                ],
                [
                    -113.817732,
                    34.705574
                ],
                [
                    -113.81736,
                    34.705661
                ],
                [
                    -113.816725,
                    34.705683
                ],
                [
                    -113.816428,
                    34.705497
                ],
                [
                    -113.816627,
                    34.704979
                ],
                [
                    -113.816243,
                    34.704184
                ],
                [
                    -113.81722,
                    34.703502
                ],
                [
                    -113.817228,
                    34.702901
                ],
                [
                    -113.816907,
                    34.70258
                ],
                [
                    -113.815288,
                    34.701861
                ],
                [
                    -113.815271,
                    34.701247
                ],
                [
                    -113.815629,
                    34.700505
                ],
                [
                    -113.815372,
                    34.700219
                ],
                [
                    -113.815026,
                    34.700221
                ],
                [
                    -113.813083,
                    34.701513
                ],
                [
                    -113.811912,
                    34.703547
                ],
                [
                    -113.811929,
                    34.704333
                ],
                [
                    -113.811735,
                    34.704589
                ],
                [
                    -113.811832,
                    34.705115
                ],
                [
                    -113.811674,
                    34.7052
                ],
                [
                    -113.811485,
                    34.704753
                ],
                [
                    -113.81108,
                    34.704572
                ],
                [
                    -113.811202,
                    34.704314
                ],
                [
                    -113.811087,
                    34.703996
                ],
                [
                    -113.810136,
                    34.704001
                ],
                [
                    -113.809352,
                    34.703742
                ],
                [
                    -113.809524,
                    34.702961
                ],
                [
                    -113.809956,
                    34.702245
                ],
                [
                    -113.810327,
                    34.702031
                ],
                [
                    -113.810418,
                    34.70103
                ],
                [
                    -113.811314,
                    34.700467
                ],
                [
                    -113.811508,
                    34.699873
                ],
                [
                    -113.811379,
                    34.699608
                ],
                [
                    -113.810158,
                    34.698791
                ],
                [
                    -113.809302,
                    34.697315
                ],
                [
                    -113.809172,
                    34.696112
                ],
                [
                    -113.808649,
                    34.696397
                ],
                [
                    -113.808537,
                    34.696917
                ],
                [
                    -113.809049,
                    34.698239
                ],
                [
                    -113.808289,
                    34.699157
                ],
                [
                    -113.80779,
                    34.699099
                ],
                [
                    -113.807549,
                    34.698673
                ],
                [
                    -113.806563,
                    34.698032
                ],
                [
                    -113.805118,
                    34.697514
                ],
                [
                    -113.804368,
                    34.697435
                ],
                [
                    -113.804108,
                    34.697586
                ],
                [
                    -113.803967,
                    34.697844
                ],
                [
                    -113.804924,
                    34.698392
                ],
                [
                    -113.804916,
                    34.698654
                ],
                [
                    -113.804286,
                    34.698877
                ],
                [
                    -113.804118,
                    34.69927
                ],
                [
                    -113.803401,
                    34.699449
                ],
                [
                    -113.803403,
                    34.699922
                ],
                [
                    -113.803977,
                    34.700984
                ],
                [
                    -113.80397,
                    34.701507
                ],
                [
                    -113.804131,
                    34.701773
                ],
                [
                    -113.803903,
                    34.702291
                ],
                [
                    -113.804199,
                    34.702822
                ],
                [
                    -113.803748,
                    34.703072
                ],
                [
                    -113.803272,
                    34.70393
                ],
                [
                    -113.802229,
                    34.703638
                ],
                [
                    -113.801717,
                    34.704588
                ],
                [
                    -113.801239,
                    34.70465
                ],
                [
                    -113.800113,
                    34.704182
                ],
                [
                    -113.799069,
                    34.703412
                ],
                [
                    -113.798696,
                    34.703462
                ],
                [
                    -113.798859,
                    34.70399
                ],
                [
                    -113.800704,
                    34.705347
                ],
                [
                    -113.800592,
                    34.705605
                ],
                [
                    -113.799829,
                    34.705847
                ],
                [
                    -113.799819,
                    34.706108
                ],
                [
                    -113.798829,
                    34.706867
                ],
                [
                    -113.798854,
                    34.707441
                ],
                [
                    -113.799166,
                    34.70796
                ],
                [
                    -113.799113,
                    34.708968
                ],
                [
                    -113.799667,
                    34.7096
                ],
                [
                    -113.799832,
                    34.710034
                ],
                [
                    -113.800452,
                    34.710574
                ],
                [
                    -113.800667,
                    34.711275
                ],
                [
                    -113.802056,
                    34.711807
                ],
                [
                    -113.802247,
                    34.712191
                ],
                [
                    -113.801957,
                    34.712707
                ],
                [
                    -113.802233,
                    34.713237
                ],
                [
                    -113.802868,
                    34.713713
                ],
                [
                    -113.802932,
                    34.714041
                ],
                [
                    -113.802155,
                    34.713769
                ],
                [
                    -113.800887,
                    34.71378
                ],
                [
                    -113.799651,
                    34.712958
                ],
                [
                    -113.799025,
                    34.71276
                ],
                [
                    -113.797738,
                    34.713274
                ],
                [
                    -113.797111,
                    34.713084
                ],
                [
                    -113.796156,
                    34.713193
                ],
                [
                    -113.79582,
                    34.713709
                ],
                [
                    -113.79392,
                    34.713667
                ],
                [
                    -113.793302,
                    34.714049
                ],
                [
                    -113.793272,
                    34.714833
                ],
                [
                    -113.792559,
                    34.715043
                ],
                [
                    -113.7922,
                    34.715328
                ],
                [
                    -113.791708,
                    34.716885
                ],
                [
                    -113.791705,
                    34.717544
                ],
                [
                    -113.792397,
                    34.71795
                ],
                [
                    -113.792746,
                    34.718512
                ],
                [
                    -113.793429,
                    34.719024
                ],
                [
                    -113.793293,
                    34.719544
                ],
                [
                    -113.793608,
                    34.720337
                ],
                [
                    -113.793341,
                    34.720443
                ],
                [
                    -113.792717,
                    34.72018
                ],
                [
                    -113.792085,
                    34.720145
                ],
                [
                    -113.791716,
                    34.720287
                ],
                [
                    -113.791659,
                    34.720809
                ],
                [
                    -113.792031,
                    34.721536
                ],
                [
                    -113.792785,
                    34.722147
                ],
                [
                    -113.793061,
                    34.722833
                ],
                [
                    -113.793669,
                    34.723376
                ],
                [
                    -113.794019,
                    34.724011
                ],
                [
                    -113.793944,
                    34.724371
                ],
                [
                    -113.791948,
                    34.723681
                ],
                [
                    -113.790858,
                    34.722257
                ],
                [
                    -113.790105,
                    34.721815
                ],
                [
                    -113.78951,
                    34.721158
                ],
                [
                    -113.788885,
                    34.720949
                ],
                [
                    -113.787929,
                    34.72107
                ],
                [
                    -113.78562,
                    34.720482
                ],
                [
                    -113.785544,
                    34.719863
                ],
                [
                    -113.786055,
                    34.719353
                ],
                [
                    -113.785979,
                    34.719089
                ],
                [
                    -113.785501,
                    34.718317
                ],
                [
                    -113.784613,
                    34.717965
                ],
                [
                    -113.78429,
                    34.71826
                ],
                [
                    -113.784639,
                    34.718453
                ],
                [
                    -113.784713,
                    34.718794
                ],
                [
                    -113.784317,
                    34.71983
                ],
                [
                    -113.784187,
                    34.720874
                ],
                [
                    -113.783663,
                    34.721121
                ],
                [
                    -113.783571,
                    34.721458
                ],
                [
                    -113.782497,
                    34.722137
                ],
                [
                    -113.782803,
                    34.722494
                ],
                [
                    -113.784404,
                    34.722086
                ],
                [
                    -113.784723,
                    34.722191
                ],
                [
                    -113.785019,
                    34.722574
                ],
                [
                    -113.786414,
                    34.722656
                ],
                [
                    -113.786898,
                    34.723156
                ],
                [
                    -113.787603,
                    34.723257
                ],
                [
                    -113.788755,
                    34.724304
                ],
                [
                    -113.789387,
                    34.724356
                ],
                [
                    -113.789884,
                    34.724949
                ],
                [
                    -113.78951,
                    34.725463
                ],
                [
                    -113.789542,
                    34.725987
                ],
                [
                    -113.790832,
                    34.726588
                ],
                [
                    -113.790925,
                    34.727332
                ],
                [
                    -113.790571,
                    34.728107
                ],
                [
                    -113.790667,
                    34.728633
                ],
                [
                    -113.790997,
                    34.728996
                ],
                [
                    -113.791709,
                    34.729205
                ],
                [
                    -113.792052,
                    34.729185
                ],
                [
                    -113.792814,
                    34.728512
                ],
                [
                    -113.793355,
                    34.728285
                ],
                [
                    -113.794608,
                    34.72866
                ],
                [
                    -113.795556,
                    34.728732
                ],
                [
                    -113.795878,
                    34.729019
                ],
                [
                    -113.796498,
                    34.728976
                ],
                [
                    -113.798499,
                    34.728316
                ],
                [
                    -113.798881,
                    34.727803
                ],
                [
                    -113.798839,
                    34.727278
                ],
                [
                    -113.799111,
                    34.72697
                ],
                [
                    -113.800044,
                    34.727434
                ],
                [
                    -113.800368,
                    34.727249
                ],
                [
                    -113.80123,
                    34.727341
                ],
                [
                    -113.800678,
                    34.727424
                ],
                [
                    -113.80003,
                    34.727785
                ],
                [
                    -113.799516,
                    34.728343
                ],
                [
                    -113.799407,
                    34.728908
                ],
                [
                    -113.798359,
                    34.729097
                ],
                [
                    -113.798069,
                    34.729329
                ],
                [
                    -113.797883,
                    34.729999
                ],
                [
                    -113.797392,
                    34.730119
                ],
                [
                    -113.798751,
                    34.730344
                ],
                [
                    -113.799325,
                    34.73066
                ],
                [
                    -113.799676,
                    34.731149
                ],
                [
                    -113.800249,
                    34.731502
                ],
                [
                    -113.799174,
                    34.731997
                ],
                [
                    -113.799049,
                    34.732256
                ],
                [
                    -113.799213,
                    34.732533
                ],
                [
                    -113.800034,
                    34.733067
                ],
                [
                    -113.800096,
                    34.733592
                ],
                [
                    -113.800496,
                    34.733864
                ],
                [
                    -113.800047,
                    34.734375
                ],
                [
                    -113.800096,
                    34.734628
                ],
                [
                    -113.801727,
                    34.735205
                ],
                [
                    -113.800721,
                    34.73601
                ],
                [
                    -113.800446,
                    34.736479
                ],
                [
                    -113.800416,
                    34.737002
                ],
                [
                    -113.801543,
                    34.73786
                ],
                [
                    -113.803224,
                    34.738038
                ],
                [
                    -113.802766,
                    34.738634
                ],
                [
                    -113.803074,
                    34.739254
                ],
                [
                    -113.803445,
                    34.739175
                ],
                [
                    -113.803434,
                    34.739436
                ],
                [
                    -113.803095,
                    34.739721
                ],
                [
                    -113.80294,
                    34.740208
                ],
                [
                    -113.803336,
                    34.740695
                ],
                [
                    -113.803645,
                    34.740894
                ],
                [
                    -113.804598,
                    34.740843
                ],
                [
                    -113.805531,
                    34.741303
                ],
                [
                    -113.806169,
                    34.741203
                ],
                [
                    -113.806482,
                    34.741323
                ],
                [
                    -113.806861,
                    34.74162
                ],
                [
                    -113.806866,
                    34.741881
                ],
                [
                    -113.807091,
                    34.742143
                ],
                [
                    -113.807718,
                    34.742156
                ],
                [
                    -113.808613,
                    34.741872
                ],
                [
                    -113.80869,
                    34.741602
                ],
                [
                    -113.809988,
                    34.740818
                ],
                [
                    -113.81029,
                    34.741222
                ],
                [
                    -113.810943,
                    34.740705
                ],
                [
                    -113.811251,
                    34.740943
                ],
                [
                    -113.81159,
                    34.740941
                ],
                [
                    -113.81161,
                    34.741221
                ],
                [
                    -113.811206,
                    34.742118
                ],
                [
                    -113.810479,
                    34.742432
                ],
                [
                    -113.810545,
                    34.742818
                ],
                [
                    -113.810237,
                    34.743278
                ],
                [
                    -113.809842,
                    34.743529
                ],
                [
                    -113.809767,
                    34.744051
                ],
                [
                    -113.808867,
                    34.744528
                ],
                [
                    -113.808979,
                    34.745077
                ],
                [
                    -113.808458,
                    34.74579
                ],
                [
                    -113.808262,
                    34.746628
                ],
                [
                    -113.808741,
                    34.74852
                ],
                [
                    -113.809316,
                    34.748789
                ],
                [
                    -113.809937,
                    34.748765
                ],
                [
                    -113.810004,
                    34.748231
                ],
                [
                    -113.810216,
                    34.748147
                ],
                [
                    -113.811278,
                    34.748477
                ],
                [
                    -113.811911,
                    34.748505
                ],
                [
                    -113.812659,
                    34.748134
                ],
                [
                    -113.812842,
                    34.747754
                ],
                [
                    -113.813201,
                    34.747804
                ],
                [
                    -113.813228,
                    34.748852
                ],
                [
                    -113.812444,
                    34.75014
                ],
                [
                    -113.812811,
                    34.750934
                ],
                [
                    -113.812668,
                    34.751715
                ],
                [
                    -113.812788,
                    34.752187
                ],
                [
                    -113.813721,
                    34.752732
                ],
                [
                    -113.813848,
                    34.753055
                ],
                [
                    -113.81363,
                    34.753274
                ],
                [
                    -113.813214,
                    34.753216
                ],
                [
                    -113.812669,
                    34.753533
                ],
                [
                    -113.811722,
                    34.753436
                ],
                [
                    -113.810909,
                    34.752881
                ],
                [
                    -113.81007,
                    34.751909
                ],
                [
                    -113.809884,
                    34.751773
                ],
                [
                    -113.809564,
                    34.75183
                ],
                [
                    -113.809174,
                    34.752636
                ],
                [
                    -113.808254,
                    34.75317
                ],
                [
                    -113.808091,
                    34.754474
                ],
                [
                    -113.808537,
                    34.754972
                ],
                [
                    -113.808475,
                    34.755411
                ],
                [
                    -113.807518,
                    34.755568
                ],
                [
                    -113.807309,
                    34.756023
                ],
                [
                    -113.807345,
                    34.756973
                ],
                [
                    -113.806233,
                    34.757565
                ],
                [
                    -113.806096,
                    34.758085
                ],
                [
                    -113.805748,
                    34.758271
                ],
                [
                    -113.805306,
                    34.759234
                ],
                [
                    -113.804752,
                    34.759287
                ],
                [
                    -113.803872,
                    34.759669
                ],
                [
                    -113.803436,
                    34.760108
                ],
                [
                    -113.803312,
                    34.760367
                ],
                [
                    -113.803567,
                    34.760897
                ],
                [
                    -113.803339,
                    34.761153
                ],
                [
                    -113.803107,
                    34.761895
                ],
                [
                    -113.802613,
                    34.76218
                ],
                [
                    -113.802371,
                    34.762598
                ],
                [
                    -113.802422,
                    34.763183
                ],
                [
                    -113.801838,
                    34.763091
                ],
                [
                    -113.801173,
                    34.762703
                ],
                [
                    -113.801039,
                    34.7624
                ],
                [
                    -113.801321,
                    34.761623
                ],
                [
                    -113.800648,
                    34.76032
                ],
                [
                    -113.800593,
                    34.759772
                ],
                [
                    -113.800267,
                    34.759666
                ],
                [
                    -113.799679,
                    34.76001
                ],
                [
                    -113.799425,
                    34.760788
                ],
                [
                    -113.799706,
                    34.761057
                ],
                [
                    -113.79954,
                    34.76146
                ],
                [
                    -113.798884,
                    34.761694
                ],
                [
                    -113.798771,
                    34.762079
                ],
                [
                    -113.798387,
                    34.762129
                ],
                [
                    -113.798056,
                    34.762489
                ],
                [
                    -113.797433,
                    34.762202
                ],
                [
                    -113.797109,
                    34.762376
                ],
                [
                    -113.796491,
                    34.762291
                ],
                [
                    -113.796939,
                    34.763078
                ],
                [
                    -113.796882,
                    34.763599
                ],
                [
                    -113.797343,
                    34.764135
                ],
                [
                    -113.796965,
                    34.764387
                ],
                [
                    -113.797247,
                    34.764656
                ],
                [
                    -113.797007,
                    34.765016
                ],
                [
                    -113.796089,
                    34.76416
                ],
                [
                    -113.795058,
                    34.764274
                ],
                [
                    -113.794496,
                    34.764845
                ],
                [
                    -113.794155,
                    34.764831
                ],
                [
                    -113.793029,
                    34.765463
                ],
                [
                    -113.792925,
                    34.766182
                ],
                [
                    -113.792513,
                    34.766432
                ],
                [
                    -113.791932,
                    34.766308
                ],
                [
                    -113.791042,
                    34.765539
                ],
                [
                    -113.790588,
                    34.763957
                ],
                [
                    -113.790897,
                    34.763442
                ],
                [
                    -113.79042,
                    34.763167
                ],
                [
                    -113.78947,
                    34.763128
                ],
                [
                    -113.788866,
                    34.762353
                ],
                [
                    -113.788423,
                    34.762068
                ],
                [
                    -113.786665,
                    34.761868
                ],
                [
                    -113.786159,
                    34.761648
                ],
                [
                    -113.785983,
                    34.76148
                ],
                [
                    -113.785825,
                    34.760691
                ],
                [
                    -113.785482,
                    34.760397
                ],
                [
                    -113.784929,
                    34.760499
                ],
                [
                    -113.784151,
                    34.76128
                ],
                [
                    -113.782567,
                    34.76127
                ],
                [
                    -113.782239,
                    34.761546
                ],
                [
                    -113.781298,
                    34.761279
                ],
                [
                    -113.780367,
                    34.760744
                ],
                [
                    -113.779414,
                    34.760806
                ],
                [
                    -113.779112,
                    34.761037
                ],
                [
                    -113.77918,
                    34.761562
                ],
                [
                    -113.779377,
                    34.761743
                ],
                [
                    -113.779699,
                    34.761635
                ],
                [
                    -113.780405,
                    34.761792
                ],
                [
                    -113.780896,
                    34.762172
                ],
                [
                    -113.782206,
                    34.76239
                ],
                [
                    -113.782515,
                    34.762604
                ],
                [
                    -113.78372,
                    34.762205
                ],
                [
                    -113.78381,
                    34.761914
                ],
                [
                    -113.784435,
                    34.762137
                ],
                [
                    -113.784523,
                    34.762488
                ],
                [
                    -113.784733,
                    34.762643
                ],
                [
                    -113.785061,
                    34.762345
                ],
                [
                    -113.785374,
                    34.762458
                ],
                [
                    -113.785732,
                    34.762782
                ],
                [
                    -113.785722,
                    34.763043
                ],
                [
                    -113.786084,
                    34.763227
                ],
                [
                    -113.786553,
                    34.76385
                ],
                [
                    -113.786589,
                    34.764113
                ],
                [
                    -113.787321,
                    34.764298
                ],
                [
                    -113.787799,
                    34.76493
                ],
                [
                    -113.787858,
                    34.765404
                ],
                [
                    -113.788749,
                    34.765375
                ],
                [
                    -113.789852,
                    34.766031
                ],
                [
                    -113.789497,
                    34.766806
                ],
                [
                    -113.788239,
                    34.767737
                ],
                [
                    -113.787909,
                    34.768596
                ],
                [
                    -113.787429,
                    34.768845
                ],
                [
                    -113.78755,
                    34.76911
                ],
                [
                    -113.787194,
                    34.769624
                ],
                [
                    -113.787625,
                    34.769834
                ],
                [
                    -113.78858,
                    34.769742
                ],
                [
                    -113.789232,
                    34.769283
                ],
                [
                    -113.790176,
                    34.769458
                ],
                [
                    -113.790217,
                    34.769206
                ],
                [
                    -113.790611,
                    34.769105
                ],
                [
                    -113.790824,
                    34.769093
                ],
                [
                    -113.790952,
                    34.769348
                ],
                [
                    -113.790899,
                    34.770077
                ],
                [
                    -113.789817,
                    34.770217
                ],
                [
                    -113.789621,
                    34.770574
                ],
                [
                    -113.789238,
                    34.770778
                ],
                [
                    -113.789227,
                    34.771849
                ],
                [
                    -113.788323,
                    34.772271
                ],
                [
                    -113.788831,
                    34.772511
                ],
                [
                    -113.789085,
                    34.773069
                ],
                [
                    -113.789547,
                    34.77335
                ],
                [
                    -113.789377,
                    34.773717
                ],
                [
                    -113.788305,
                    34.774625
                ],
                [
                    -113.788446,
                    34.774891
                ],
                [
                    -113.789251,
                    34.775483
                ],
                [
                    -113.790254,
                    34.775622
                ],
                [
                    -113.790548,
                    34.776217
                ],
                [
                    -113.791185,
                    34.776165
                ],
                [
                    -113.79149,
                    34.776477
                ],
                [
                    -113.791804,
                    34.776545
                ],
                [
                    -113.792762,
                    34.776374
                ],
                [
                    -113.792961,
                    34.776921
                ],
                [
                    -113.793419,
                    34.777074
                ],
                [
                    -113.793745,
                    34.777647
                ],
                [
                    -113.7956,
                    34.778481
                ],
                [
                    -113.795836,
                    34.778749
                ],
                [
                    -113.795745,
                    34.778935
                ],
                [
                    -113.795183,
                    34.779385
                ],
                [
                    -113.794389,
                    34.779363
                ],
                [
                    -113.793903,
                    34.779676
                ],
                [
                    -113.793606,
                    34.779144
                ],
                [
                    -113.792138,
                    34.779006
                ],
                [
                    -113.792212,
                    34.780423
                ],
                [
                    -113.790481,
                    34.780701
                ],
                [
                    -113.790175,
                    34.78017
                ],
                [
                    -113.790527,
                    34.779656
                ],
                [
                    -113.790491,
                    34.77934
                ],
                [
                    -113.789957,
                    34.778993
                ],
                [
                    -113.788854,
                    34.779009
                ],
                [
                    -113.788566,
                    34.778557
                ],
                [
                    -113.788673,
                    34.778298
                ],
                [
                    -113.788521,
                    34.778076
                ],
                [
                    -113.787342,
                    34.77774
                ],
                [
                    -113.787549,
                    34.77696
                ],
                [
                    -113.786853,
                    34.776157
                ],
                [
                    -113.785163,
                    34.776066
                ],
                [
                    -113.784993,
                    34.776234
                ],
                [
                    -113.784686,
                    34.776226
                ],
                [
                    -113.784281,
                    34.775779
                ],
                [
                    -113.784267,
                    34.775565
                ],
                [
                    -113.783314,
                    34.774753
                ],
                [
                    -113.781664,
                    34.774001
                ],
                [
                    -113.780892,
                    34.773978
                ],
                [
                    -113.78082,
                    34.774185
                ],
                [
                    -113.779165,
                    34.775365
                ],
                [
                    -113.778538,
                    34.775174
                ],
                [
                    -113.77808,
                    34.775289
                ],
                [
                    -113.777929,
                    34.775426
                ],
                [
                    -113.777856,
                    34.776173
                ],
                [
                    -113.777309,
                    34.776428
                ],
                [
                    -113.777301,
                    34.776616
                ],
                [
                    -113.778705,
                    34.777305
                ],
                [
                    -113.779007,
                    34.778085
                ],
                [
                    -113.779372,
                    34.778186
                ],
                [
                    -113.779696,
                    34.778006
                ],
                [
                    -113.779797,
                    34.778488
                ],
                [
                    -113.780633,
                    34.779109
                ],
                [
                    -113.780508,
                    34.779391
                ],
                [
                    -113.780694,
                    34.780022
                ],
                [
                    -113.780563,
                    34.780173
                ],
                [
                    -113.779842,
                    34.780158
                ],
                [
                    -113.779755,
                    34.780418
                ],
                [
                    -113.779744,
                    34.780679
                ],
                [
                    -113.780375,
                    34.781084
                ],
                [
                    -113.780185,
                    34.781758
                ],
                [
                    -113.779863,
                    34.781884
                ],
                [
                    -113.778927,
                    34.781479
                ],
                [
                    -113.777652,
                    34.781629
                ],
                [
                    -113.777584,
                    34.781881
                ],
                [
                    -113.777189,
                    34.782075
                ],
                [
                    -113.777104,
                    34.782541
                ],
                [
                    -113.776598,
                    34.782907
                ],
                [
                    -113.77631,
                    34.78353
                ],
                [
                    -113.775377,
                    34.783055
                ],
                [
                    -113.774737,
                    34.783185
                ],
                [
                    -113.774432,
                    34.782879
                ],
                [
                    -113.773726,
                    34.782678
                ],
                [
                    -113.773229,
                    34.782302
                ],
                [
                    -113.772638,
                    34.782322
                ],
                [
                    -113.772384,
                    34.783624
                ],
                [
                    -113.772638,
                    34.784281
                ],
                [
                    -113.772986,
                    34.784686
                ],
                [
                    -113.772121,
                    34.785227
                ],
                [
                    -113.767377,
                    34.784865
                ],
                [
                    -113.766275,
                    34.785293
                ],
                [
                    -113.766649,
                    34.785618
                ],
                [
                    -113.766704,
                    34.785861
                ],
                [
                    -113.767029,
                    34.785654
                ],
                [
                    -113.768593,
                    34.786208
                ],
                [
                    -113.770187,
                    34.786005
                ],
                [
                    -113.771122,
                    34.786436
                ],
                [
                    -113.772079,
                    34.786304
                ],
                [
                    -113.772707,
                    34.786468
                ],
                [
                    -113.773343,
                    34.786405
                ],
                [
                    -113.773587,
                    34.786534
                ],
                [
                    -113.773706,
                    34.787061
                ],
                [
                    -113.774532,
                    34.787344
                ],
                [
                    -113.771712,
                    34.787572
                ],
                [
                    -113.771502,
                    34.787787
                ],
                [
                    -113.771323,
                    34.78881
                ],
                [
                    -113.770718,
                    34.789088
                ],
                [
                    -113.770683,
                    34.789328
                ],
                [
                    -113.770703,
                    34.789598
                ],
                [
                    -113.771147,
                    34.789871
                ],
                [
                    -113.771591,
                    34.790679
                ],
                [
                    -113.772539,
                    34.790955
                ],
                [
                    -113.772386,
                    34.791736
                ],
                [
                    -113.773708,
                    34.793309
                ],
                [
                    -113.773719,
                    34.793621
                ],
                [
                    -113.773366,
                    34.793946
                ],
                [
                    -113.773264,
                    34.793684
                ],
                [
                    -113.772753,
                    34.79342
                ],
                [
                    -113.771488,
                    34.793321
                ],
                [
                    -113.770883,
                    34.79255
                ],
                [
                    -113.769943,
                    34.792272
                ],
                [
                    -113.769532,
                    34.792707
                ],
                [
                    -113.769855,
                    34.793238
                ],
                [
                    -113.769783,
                    34.794022
                ],
                [
                    -113.770045,
                    34.794552
                ],
                [
                    -113.769969,
                    34.794648
                ],
                [
                    -113.769605,
                    34.795063
                ],
                [
                    -113.769195,
                    34.795178
                ],
                [
                    -113.768892,
                    34.795568
                ],
                [
                    -113.768868,
                    34.795842
                ],
                [
                    -113.768767,
                    34.795565
                ],
                [
                    -113.768547,
                    34.795511
                ],
                [
                    -113.768424,
                    34.795722
                ],
                [
                    -113.766778,
                    34.796166
                ],
                [
                    -113.767138,
                    34.796901
                ],
                [
                    -113.767718,
                    34.797368
                ],
                [
                    -113.766801,
                    34.797538
                ],
                [
                    -113.76623,
                    34.798003
                ],
                [
                    -113.765289,
                    34.797722
                ],
                [
                    -113.764671,
                    34.797303
                ],
                [
                    -113.764354,
                    34.79729
                ],
                [
                    -113.764019,
                    34.797759
                ],
                [
                    -113.763564,
                    34.797637
                ],
                [
                    -113.763474,
                    34.796994
                ],
                [
                    -113.763108,
                    34.796716
                ],
                [
                    -113.762788,
                    34.796773
                ],
                [
                    -113.762584,
                    34.797493
                ],
                [
                    -113.761813,
                    34.797378
                ],
                [
                    -113.761487,
                    34.797603
                ],
                [
                    -113.76117,
                    34.797592
                ],
                [
                    -113.760861,
                    34.797383
                ],
                [
                    -113.76056,
                    34.797963
                ],
                [
                    -113.760856,
                    34.798463
                ],
                [
                    -113.76095,
                    34.79902
                ],
                [
                    -113.760302,
                    34.799788
                ],
                [
                    -113.760248,
                    34.800048
                ],
                [
                    -113.760636,
                    34.801628
                ],
                [
                    -113.760552,
                    34.801993
                ],
                [
                    -113.760938,
                    34.802203
                ],
                [
                    -113.760829,
                    34.802559
                ],
                [
                    -113.760006,
                    34.803026
                ],
                [
                    -113.7597,
                    34.802735
                ],
                [
                    -113.759065,
                    34.802746
                ],
                [
                    -113.758578,
                    34.803405
                ],
                [
                    -113.758102,
                    34.803654
                ],
                [
                    -113.758105,
                    34.804489
                ],
                [
                    -113.756775,
                    34.804941
                ],
                [
                    -113.756467,
                    34.80518
                ],
                [
                    -113.756768,
                    34.806441
                ],
                [
                    -113.756417,
                    34.807272
                ],
                [
                    -113.756639,
                    34.807808
                ],
                [
                    -113.756955,
                    34.808028
                ],
                [
                    -113.758849,
                    34.808261
                ],
                [
                    -113.760122,
                    34.808147
                ],
                [
                    -113.76043,
                    34.808404
                ],
                [
                    -113.761059,
                    34.808537
                ],
                [
                    -113.761674,
                    34.809034
                ],
                [
                    -113.762632,
                    34.808866
                ],
                [
                    -113.762896,
                    34.809053
                ],
                [
                    -113.763227,
                    34.809894
                ],
                [
                    -113.763603,
                    34.809557
                ],
                [
                    -113.764523,
                    34.809189
                ],
                [
                    -113.765158,
                    34.809182
                ],
                [
                    -113.765769,
                    34.808798
                ],
                [
                    -113.766112,
                    34.809129
                ],
                [
                    -113.766532,
                    34.80903
                ],
                [
                    -113.766778,
                    34.809642
                ],
                [
                    -113.76668,
                    34.80993
                ],
                [
                    -113.767855,
                    34.810035
                ],
                [
                    -113.767793,
                    34.810715
                ],
                [
                    -113.768056,
                    34.810984
                ],
                [
                    -113.767786,
                    34.8115
                ],
                [
                    -113.768886,
                    34.811791
                ],
                [
                    -113.76885,
                    34.812115
                ],
                [
                    -113.767681,
                    34.812806
                ],
                [
                    -113.768445,
                    34.813128
                ],
                [
                    -113.769446,
                    34.813114
                ],
                [
                    -113.769739,
                    34.813729
                ],
                [
                    -113.770102,
                    34.813917
                ],
                [
                    -113.770116,
                    34.814371
                ],
                [
                    -113.770386,
                    34.814448
                ],
                [
                    -113.770376,
                    34.814709
                ],
                [
                    -113.77064,
                    34.815039
                ],
                [
                    -113.77095,
                    34.815219
                ],
                [
                    -113.771681,
                    34.814936
                ],
                [
                    -113.771869,
                    34.81555
                ],
                [
                    -113.772813,
                    34.816267
                ],
                [
                    -113.773452,
                    34.816099
                ],
                [
                    -113.773603,
                    34.81558
                ],
                [
                    -113.773994,
                    34.815329
                ],
                [
                    -113.773986,
                    34.815067
                ],
                [
                    -113.774335,
                    34.81444
                ],
                [
                    -113.774474,
                    34.81435
                ],
                [
                    -113.775102,
                    34.814515
                ],
                [
                    -113.776184,
                    34.813904
                ],
                [
                    -113.77623,
                    34.813295
                ],
                [
                    -113.775743,
                    34.812758
                ],
                [
                    -113.775833,
                    34.811714
                ],
                [
                    -113.775657,
                    34.811186
                ],
                [
                    -113.776191,
                    34.809855
                ],
                [
                    -113.777076,
                    34.810439
                ],
                [
                    -113.77734,
                    34.811231
                ],
                [
                    -113.778077,
                    34.811456
                ],
                [
                    -113.778419,
                    34.811004
                ],
                [
                    -113.778728,
                    34.811035
                ],
                [
                    -113.779292,
                    34.811584
                ],
                [
                    -113.780054,
                    34.811755
                ],
                [
                    -113.780215,
                    34.812615
                ],
                [
                    -113.780065,
                    34.812873
                ],
                [
                    -113.780221,
                    34.813418
                ],
                [
                    -113.780544,
                    34.813274
                ],
                [
                    -113.780507,
                    34.812885
                ],
                [
                    -113.781335,
                    34.812383
                ],
                [
                    -113.781161,
                    34.811793
                ],
                [
                    -113.782195,
                    34.811607
                ],
                [
                    -113.782355,
                    34.811363
                ],
                [
                    -113.78201,
                    34.810831
                ],
                [
                    -113.782027,
                    34.810308
                ],
                [
                    -113.781834,
                    34.80978
                ],
                [
                    -113.782281,
                    34.809421
                ],
                [
                    -113.783206,
                    34.810109
                ],
                [
                    -113.783852,
                    34.809806
                ],
                [
                    -113.784165,
                    34.809914
                ],
                [
                    -113.784311,
                    34.810369
                ],
                [
                    -113.784207,
                    34.810627
                ],
                [
                    -113.78487,
                    34.811327
                ],
                [
                    -113.785159,
                    34.811438
                ],
                [
                    -113.784705,
                    34.811687
                ],
                [
                    -113.784545,
                    34.812468
                ],
                [
                    -113.784306,
                    34.812667
                ],
                [
                    -113.783919,
                    34.813498
                ],
                [
                    -113.784132,
                    34.813925
                ],
                [
                    -113.784644,
                    34.813904
                ],
                [
                    -113.785301,
                    34.813338
                ],
                [
                    -113.786252,
                    34.813347
                ],
                [
                    -113.786548,
                    34.813896
                ],
                [
                    -113.787183,
                    34.813895
                ],
                [
                    -113.787796,
                    34.814441
                ],
                [
                    -113.788433,
                    34.814375
                ],
                [
                    -113.789205,
                    34.815073
                ],
                [
                    -113.78999,
                    34.815148
                ],
                [
                    -113.790359,
                    34.814977
                ],
                [
                    -113.79093,
                    34.814207
                ],
                [
                    -113.790507,
                    34.813672
                ],
                [
                    -113.791127,
                    34.812988
                ],
                [
                    -113.791174,
                    34.812643
                ],
                [
                    -113.791358,
                    34.812582
                ],
                [
                    -113.791571,
                    34.813439
                ],
                [
                    -113.792183,
                    34.813783
                ],
                [
                    -113.792203,
                    34.814782
                ],
                [
                    -113.793255,
                    34.815053
                ],
                [
                    -113.7931,
                    34.816116
                ],
                [
                    -113.793438,
                    34.81623
                ],
                [
                    -113.794087,
                    34.815852
                ],
                [
                    -113.794228,
                    34.816005
                ],
                [
                    -113.794094,
                    34.816907
                ],
                [
                    -113.794195,
                    34.817171
                ],
                [
                    -113.793774,
                    34.817422
                ],
                [
                    -113.794092,
                    34.817692
                ],
                [
                    -113.794647,
                    34.81777
                ],
                [
                    -113.795226,
                    34.817132
                ],
                [
                    -113.795431,
                    34.817103
                ],
                [
                    -113.795538,
                    34.81773
                ],
                [
                    -113.79605,
                    34.818005
                ],
                [
                    -113.795999,
                    34.818438
                ],
                [
                    -113.796175,
                    34.818555
                ],
                [
                    -113.79843,
                    34.818409
                ],
                [
                    -113.798684,
                    34.81801
                ],
                [
                    -113.798621,
                    34.81755
                ],
                [
                    -113.798788,
                    34.817363
                ],
                [
                    -113.800148,
                    34.817404
                ],
                [
                    -113.800383,
                    34.817128
                ],
                [
                    -113.800455,
                    34.816593
                ],
                [
                    -113.801032,
                    34.816043
                ],
                [
                    -113.801034,
                    34.81521
                ],
                [
                    -113.801428,
                    34.814727
                ],
                [
                    -113.801703,
                    34.815014
                ],
                [
                    -113.801834,
                    34.815803
                ],
                [
                    -113.802327,
                    34.816108
                ],
                [
                    -113.802997,
                    34.815855
                ],
                [
                    -113.803315,
                    34.815166
                ],
                [
                    -113.803617,
                    34.815549
                ],
                [
                    -113.80414,
                    34.815689
                ],
                [
                    -113.804411,
                    34.81624
                ],
                [
                    -113.804856,
                    34.816324
                ],
                [
                    -113.805578,
                    34.815901
                ],
                [
                    -113.80585,
                    34.81524
                ],
                [
                    -113.806374,
                    34.815309
                ],
                [
                    -113.806817,
                    34.814859
                ],
                [
                    -113.807593,
                    34.815431
                ],
                [
                    -113.807723,
                    34.816219
                ],
                [
                    -113.806812,
                    34.81698
                ],
                [
                    -113.807668,
                    34.81746
                ],
                [
                    -113.808954,
                    34.817036
                ],
                [
                    -113.809706,
                    34.816533
                ],
                [
                    -113.81012,
                    34.81602
                ],
                [
                    -113.809931,
                    34.814969
                ],
                [
                    -113.809156,
                    34.814425
                ],
                [
                    -113.809213,
                    34.813118
                ],
                [
                    -113.809557,
                    34.812972
                ],
                [
                    -113.809757,
                    34.812661
                ],
                [
                    -113.809869,
                    34.812874
                ],
                [
                    -113.809799,
                    34.813395
                ],
                [
                    -113.810343,
                    34.81392
                ],
                [
                    -113.810693,
                    34.813075
                ],
                [
                    -113.811009,
                    34.813165
                ],
                [
                    -113.811795,
                    34.814077
                ],
                [
                    -113.812238,
                    34.814159
                ],
                [
                    -113.812574,
                    34.813662
                ],
                [
                    -113.813049,
                    34.814004
                ],
                [
                    -113.813246,
                    34.814271
                ],
                [
                    -113.813006,
                    34.814788
                ],
                [
                    -113.813129,
                    34.81558
                ],
                [
                    -113.813452,
                    34.81557
                ],
                [
                    -113.813783,
                    34.815233
                ],
                [
                    -113.814714,
                    34.815765
                ],
                [
                    -113.81491,
                    34.816408
                ],
                [
                    -113.815303,
                    34.81668
                ],
                [
                    -113.815303,
                    34.816951
                ],
                [
                    -113.815325,
                    34.816691
                ],
                [
                    -113.81584,
                    34.81617
                ],
                [
                    -113.816073,
                    34.815391
                ],
                [
                    -113.816324,
                    34.815153
                ],
                [
                    -113.816644,
                    34.815668
                ],
                [
                    -113.8168,
                    34.816544
                ],
                [
                    -113.817052,
                    34.816587
                ],
                [
                    -113.817451,
                    34.816212
                ],
                [
                    -113.817872,
                    34.816158
                ],
                [
                    -113.818125,
                    34.816533
                ],
                [
                    -113.818486,
                    34.816678
                ],
                [
                    -113.819157,
                    34.816274
                ],
                [
                    -113.819634,
                    34.815485
                ],
                [
                    -113.820435,
                    34.815495
                ],
                [
                    -113.820862,
                    34.815255
                ],
                [
                    -113.820431,
                    34.81472
                ],
                [
                    -113.820441,
                    34.814459
                ],
                [
                    -113.819954,
                    34.813923
                ],
                [
                    -113.819868,
                    34.813397
                ],
                [
                    -113.820795,
                    34.812579
                ],
                [
                    -113.821304,
                    34.812551
                ],
                [
                    -113.821445,
                    34.812654
                ],
                [
                    -113.821076,
                    34.813167
                ],
                [
                    -113.821137,
                    34.813763
                ],
                [
                    -113.822183,
                    34.814766
                ],
                [
                    -113.822451,
                    34.815297
                ],
                [
                    -113.822523,
                    34.816083
                ],
                [
                    -113.822396,
                    34.816418
                ],
                [
                    -113.821674,
                    34.816295
                ],
                [
                    -113.820654,
                    34.81682
                ],
                [
                    -113.820733,
                    34.817083
                ],
                [
                    -113.821285,
                    34.817359
                ],
                [
                    -113.821382,
                    34.818409
                ],
                [
                    -113.821704,
                    34.818679
                ],
                [
                    -113.820948,
                    34.818681
                ],
                [
                    -113.82057,
                    34.818191
                ],
                [
                    -113.819706,
                    34.817962
                ],
                [
                    -113.819434,
                    34.818096
                ],
                [
                    -113.819166,
                    34.818714
                ],
                [
                    -113.818211,
                    34.819372
                ],
                [
                    -113.818042,
                    34.81997
                ],
                [
                    -113.817406,
                    34.820014
                ],
                [
                    -113.816316,
                    34.819454
                ],
                [
                    -113.815711,
                    34.819462
                ],
                [
                    -113.815952,
                    34.819837
                ],
                [
                    -113.815687,
                    34.820876
                ],
                [
                    -113.816079,
                    34.821148
                ],
                [
                    -113.815606,
                    34.821398
                ],
                [
                    -113.815596,
                    34.821659
                ],
                [
                    -113.815215,
                    34.821911
                ],
                [
                    -113.815297,
                    34.822436
                ],
                [
                    -113.815522,
                    34.822704
                ],
                [
                    -113.815258,
                    34.822959
                ],
                [
                    -113.815502,
                    34.823227
                ],
                [
                    -113.815517,
                    34.823877
                ],
                [
                    -113.815738,
                    34.824018
                ],
                [
                    -113.815663,
                    34.824087
                ],
                [
                    -113.815008,
                    34.823737
                ],
                [
                    -113.81378,
                    34.821925
                ],
                [
                    -113.812582,
                    34.821677
                ],
                [
                    -113.811966,
                    34.82121
                ],
                [
                    -113.811505,
                    34.821441
                ],
                [
                    -113.811011,
                    34.822062
                ],
                [
                    -113.810775,
                    34.822691
                ],
                [
                    -113.809691,
                    34.822813
                ],
                [
                    -113.809337,
                    34.823548
                ],
                [
                    -113.808705,
                    34.823478
                ],
                [
                    -113.807743,
                    34.823749
                ],
                [
                    -113.805709,
                    34.823644
                ],
                [
                    -113.80564,
                    34.823753
                ],
                [
                    -113.806875,
                    34.825355
                ],
                [
                    -113.806076,
                    34.825812
                ],
                [
                    -113.805764,
                    34.825673
                ],
                [
                    -113.805444,
                    34.825754
                ],
                [
                    -113.80511,
                    34.826188
                ],
                [
                    -113.804174,
                    34.82635
                ],
                [
                    -113.804263,
                    34.826857
                ],
                [
                    -113.804502,
                    34.827178
                ],
                [
                    -113.803666,
                    34.827626
                ],
                [
                    -113.803755,
                    34.827906
                ],
                [
                    -113.80474,
                    34.828439
                ],
                [
                    -113.804767,
                    34.829225
                ],
                [
                    -113.804057,
                    34.828789
                ],
                [
                    -113.803741,
                    34.828764
                ],
                [
                    -113.803544,
                    34.829039
                ],
                [
                    -113.803374,
                    34.830047
                ],
                [
                    -113.802399,
                    34.829424
                ],
                [
                    -113.802263,
                    34.828897
                ],
                [
                    -113.800926,
                    34.827708
                ],
                [
                    -113.800297,
                    34.827554
                ],
                [
                    -113.799331,
                    34.827912
                ],
                [
                    -113.798932,
                    34.827763
                ],
                [
                    -113.798731,
                    34.827024
                ],
                [
                    -113.798152,
                    34.826958
                ],
                [
                    -113.798081,
                    34.827224
                ],
                [
                    -113.798058,
                    34.826987
                ],
                [
                    -113.797496,
                    34.826915
                ],
                [
                    -113.797476,
                    34.826647
                ],
                [
                    -113.797219,
                    34.827195
                ],
                [
                    -113.79596,
                    34.827946
                ],
                [
                    -113.796216,
                    34.828215
                ],
                [
                    -113.798042,
                    34.82842
                ],
                [
                    -113.799295,
                    34.828848
                ],
                [
                    -113.799669,
                    34.829091
                ],
                [
                    -113.799921,
                    34.829621
                ],
                [
                    -113.801072,
                    34.830174
                ],
                [
                    -113.801279,
                    34.830703
                ],
                [
                    -113.801252,
                    34.831349
                ],
                [
                    -113.801006,
                    34.831743
                ],
                [
                    -113.800336,
                    34.832166
                ],
                [
                    -113.800106,
                    34.832497
                ],
                [
                    -113.800092,
                    34.832762
                ],
                [
                    -113.799602,
                    34.833413
                ],
                [
                    -113.799701,
                    34.834085
                ],
                [
                    -113.800098,
                    34.834538
                ],
                [
                    -113.801296,
                    34.834529
                ],
                [
                    -113.801601,
                    34.834856
                ],
                [
                    -113.801916,
                    34.834931
                ],
                [
                    -113.802345,
                    34.834742
                ],
                [
                    -113.802896,
                    34.834187
                ],
                [
                    -113.803092,
                    34.834938
                ],
                [
                    -113.802699,
                    34.835189
                ],
                [
                    -113.802667,
                    34.83545
                ],
                [
                    -113.803591,
                    34.835736
                ],
                [
                    -113.803859,
                    34.836005
                ],
                [
                    -113.803675,
                    34.836336
                ],
                [
                    -113.804077,
                    34.836534
                ],
                [
                    -113.802777,
                    34.836524
                ],
                [
                    -113.801873,
                    34.836038
                ],
                [
                    -113.801407,
                    34.836351
                ],
                [
                    -113.801139,
                    34.836927
                ],
                [
                    -113.800605,
                    34.837227
                ],
                [
                    -113.800853,
                    34.837771
                ],
                [
                    -113.801203,
                    34.838028
                ],
                [
                    -113.800759,
                    34.838215
                ],
                [
                    -113.80071,
                    34.8388
                ],
                [
                    -113.800292,
                    34.839312
                ],
                [
                    -113.801084,
                    34.840026
                ],
                [
                    -113.801406,
                    34.840127
                ],
                [
                    -113.801392,
                    34.840388
                ],
                [
                    -113.80106,
                    34.840642
                ],
                [
                    -113.800112,
                    34.840515
                ],
                [
                    -113.799614,
                    34.840722
                ],
                [
                    -113.799356,
                    34.841119
                ],
                [
                    -113.799516,
                    34.841328
                ],
                [
                    -113.799419,
                    34.842042
                ],
                [
                    -113.798471,
                    34.841929
                ],
                [
                    -113.798239,
                    34.842487
                ],
                [
                    -113.797888,
                    34.842719
                ],
                [
                    -113.797806,
                    34.843695
                ],
                [
                    -113.79731,
                    34.843944
                ],
                [
                    -113.797547,
                    34.844212
                ],
                [
                    -113.797469,
                    34.844471
                ],
                [
                    -113.7971,
                    34.844551
                ],
                [
                    -113.79677,
                    34.844868
                ],
                [
                    -113.796138,
                    34.844801
                ],
                [
                    -113.795758,
                    34.845172
                ],
                [
                    -113.794213,
                    34.845335
                ],
                [
                    -113.793458,
                    34.844366
                ],
                [
                    -113.793953,
                    34.843849
                ],
                [
                    -113.793018,
                    34.843407
                ],
                [
                    -113.792307,
                    34.843289
                ],
                [
                    -113.792602,
                    34.843035
                ],
                [
                    -113.792599,
                    34.842511
                ],
                [
                    -113.79238,
                    34.842244
                ],
                [
                    -113.792755,
                    34.842012
                ],
                [
                    -113.792806,
                    34.841732
                ],
                [
                    -113.79248,
                    34.84119
                ],
                [
                    -113.792594,
                    34.840418
                ],
                [
                    -113.792469,
                    34.839891
                ],
                [
                    -113.792977,
                    34.839643
                ],
                [
                    -113.792884,
                    34.839379
                ],
                [
                    -113.792445,
                    34.83919
                ],
                [
                    -113.792455,
                    34.838844
                ],
                [
                    -113.792194,
                    34.838623
                ],
                [
                    -113.792165,
                    34.83779
                ],
                [
                    -113.793236,
                    34.837779
                ],
                [
                    -113.793636,
                    34.837567
                ],
                [
                    -113.793571,
                    34.837325
                ],
                [
                    -113.793085,
                    34.837173
                ],
                [
                    -113.792685,
                    34.836757
                ],
                [
                    -113.792964,
                    34.835979
                ],
                [
                    -113.792857,
                    34.835715
                ],
                [
                    -113.793273,
                    34.835419
                ],
                [
                    -113.792871,
                    34.834668
                ],
                [
                    -113.792992,
                    34.833625
                ],
                [
                    -113.79248,
                    34.832744
                ],
                [
                    -113.79213,
                    34.833333
                ],
                [
                    -113.792027,
                    34.833861
                ],
                [
                    -113.792309,
                    34.834392
                ],
                [
                    -113.791514,
                    34.834894
                ],
                [
                    -113.791535,
                    34.835156
                ],
                [
                    -113.791104,
                    34.83593
                ],
                [
                    -113.791143,
                    34.836193
                ],
                [
                    -113.791457,
                    34.836463
                ],
                [
                    -113.791475,
                    34.837772
                ],
                [
                    -113.790666,
                    34.838012
                ],
                [
                    -113.789932,
                    34.838777
                ],
                [
                    -113.789886,
                    34.8393
                ],
                [
                    -113.790167,
                    34.83983
                ],
                [
                    -113.790164,
                    34.840354
                ],
                [
                    -113.789957,
                    34.8405
                ],
                [
                    -113.789242,
                    34.840255
                ],
                [
                    -113.788472,
                    34.84066
                ],
                [
                    -113.788168,
                    34.841086
                ],
                [
                    -113.788212,
                    34.841449
                ],
                [
                    -113.788395,
                    34.841615
                ],
                [
                    -113.788317,
                    34.841854
                ],
                [
                    -113.787057,
                    34.841617
                ],
                [
                    -113.786842,
                    34.841836
                ],
                [
                    -113.786905,
                    34.842361
                ],
                [
                    -113.786646,
                    34.842569
                ],
                [
                    -113.786523,
                    34.843002
                ],
                [
                    -113.786051,
                    34.842992
                ],
                [
                    -113.785407,
                    34.84325
                ],
                [
                    -113.785291,
                    34.843103
                ],
                [
                    -113.785318,
                    34.842319
                ],
                [
                    -113.784986,
                    34.841915
                ],
                [
                    -113.784516,
                    34.841667
                ],
                [
                    -113.783881,
                    34.841685
                ],
                [
                    -113.783505,
                    34.841224
                ],
                [
                    -113.783477,
                    34.839653
                ],
                [
                    -113.783732,
                    34.839137
                ],
                [
                    -113.783351,
                    34.838976
                ],
                [
                    -113.782711,
                    34.839119
                ],
                [
                    -113.782482,
                    34.838842
                ],
                [
                    -113.782286,
                    34.838314
                ],
                [
                    -113.782454,
                    34.83701
                ],
                [
                    -113.781561,
                    34.836052
                ],
                [
                    -113.781244,
                    34.836046
                ],
                [
                    -113.780913,
                    34.836385
                ],
                [
                    -113.780286,
                    34.836203
                ],
                [
                    -113.77933,
                    34.836288
                ],
                [
                    -113.779111,
                    34.836398
                ],
                [
                    -113.778996,
                    34.836727
                ],
                [
                    -113.778594,
                    34.836384
                ],
                [
                    -113.778398,
                    34.835791
                ],
                [
                    -113.777095,
                    34.835086
                ],
                [
                    -113.776852,
                    34.834723
                ],
                [
                    -113.776216,
                    34.834762
                ],
                [
                    -113.776075,
                    34.835271
                ],
                [
                    -113.776544,
                    34.835258
                ],
                [
                    -113.776751,
                    34.836335
                ],
                [
                    -113.777497,
                    34.836878
                ],
                [
                    -113.777474,
                    34.837479
                ],
                [
                    -113.776408,
                    34.837975
                ],
                [
                    -113.775786,
                    34.837643
                ],
                [
                    -113.775141,
                    34.837907
                ],
                [
                    -113.773893,
                    34.837364
                ],
                [
                    -113.773189,
                    34.837852
                ],
                [
                    -113.773132,
                    34.838071
                ],
                [
                    -113.773377,
                    34.838339
                ],
                [
                    -113.773367,
                    34.8386
                ],
                [
                    -113.7739,
                    34.8394
                ],
                [
                    -113.774731,
                    34.840277
                ],
                [
                    -113.775459,
                    34.840749
                ],
                [
                    -113.775061,
                    34.841262
                ],
                [
                    -113.772789,
                    34.841246
                ],
                [
                    -113.771854,
                    34.840824
                ],
                [
                    -113.771106,
                    34.840801
                ],
                [
                    -113.770256,
                    34.841105
                ],
                [
                    -113.769626,
                    34.840983
                ],
                [
                    -113.769293,
                    34.841366
                ],
                [
                    -113.768653,
                    34.841522
                ],
                [
                    -113.768358,
                    34.840937
                ],
                [
                    -113.76771,
                    34.840805
                ],
                [
                    -113.767369,
                    34.839488
                ],
                [
                    -113.767749,
                    34.838713
                ],
                [
                    -113.767404,
                    34.83818
                ],
                [
                    -113.767288,
                    34.837654
                ],
                [
                    -113.766911,
                    34.837373
                ],
                [
                    -113.765784,
                    34.836985
                ],
                [
                    -113.764341,
                    34.837087
                ],
                [
                    -113.764367,
                    34.836791
                ],
                [
                    -113.76473,
                    34.836532
                ],
                [
                    -113.764205,
                    34.836263
                ],
                [
                    -113.763779,
                    34.835729
                ],
                [
                    -113.763614,
                    34.835463
                ],
                [
                    -113.763566,
                    34.834676
                ],
                [
                    -113.763261,
                    34.834373
                ],
                [
                    -113.762844,
                    34.834396
                ],
                [
                    -113.762654,
                    34.834652
                ],
                [
                    -113.76338,
                    34.835457
                ],
                [
                    -113.762506,
                    34.836382
                ],
                [
                    -113.762193,
                    34.835705
                ],
                [
                    -113.761902,
                    34.835608
                ],
                [
                    -113.761262,
                    34.835736
                ],
                [
                    -113.76095,
                    34.8356
                ],
                [
                    -113.760517,
                    34.835119
                ],
                [
                    -113.760634,
                    34.83486
                ],
                [
                    -113.76035,
                    34.834718
                ],
                [
                    -113.760029,
                    34.83482
                ],
                [
                    -113.759688,
                    34.834346
                ],
                [
                    -113.759819,
                    34.83353
                ],
                [
                    -113.759579,
                    34.83291
                ],
                [
                    -113.758549,
                    34.832691
                ],
                [
                    -113.75759,
                    34.832699
                ],
                [
                    -113.756611,
                    34.832964
                ],
                [
                    -113.756199,
                    34.833695
                ],
                [
                    -113.754905,
                    34.834123
                ],
                [
                    -113.754479,
                    34.834957
                ],
                [
                    -113.754979,
                    34.835232
                ],
                [
                    -113.754286,
                    34.835598
                ],
                [
                    -113.753648,
                    34.835675
                ],
                [
                    -113.753279,
                    34.835498
                ],
                [
                    -113.753038,
                    34.835049
                ],
                [
                    -113.7524,
                    34.835138
                ],
                [
                    -113.750834,
                    34.834618
                ],
                [
                    -113.749878,
                    34.834705
                ],
                [
                    -113.749046,
                    34.834206
                ],
                [
                    -113.74863,
                    34.83415
                ],
                [
                    -113.748316,
                    34.834546
                ],
                [
                    -113.747766,
                    34.834874
                ],
                [
                    -113.746886,
                    34.835016
                ],
                [
                    -113.747083,
                    34.835216
                ],
                [
                    -113.747089,
                    34.835545
                ],
                [
                    -113.7473,
                    34.8357
                ],
                [
                    -113.747892,
                    34.835566
                ],
                [
                    -113.748286,
                    34.836885
                ],
                [
                    -113.748488,
                    34.837152
                ],
                [
                    -113.748857,
                    34.83714
                ],
                [
                    -113.749129,
                    34.837614
                ],
                [
                    -113.749276,
                    34.838482
                ],
                [
                    -113.749724,
                    34.838611
                ],
                [
                    -113.751002,
                    34.838404
                ],
                [
                    -113.751631,
                    34.838542
                ],
                [
                    -113.751928,
                    34.839076
                ],
                [
                    -113.751981,
                    34.839795
                ],
                [
                    -113.752508,
                    34.840138
                ],
                [
                    -113.752824,
                    34.839864
                ],
                [
                    -113.754123,
                    34.839733
                ],
                [
                    -113.75445,
                    34.839489
                ],
                [
                    -113.755214,
                    34.840085
                ],
                [
                    -113.755407,
                    34.840442
                ],
                [
                    -113.756637,
                    34.840389
                ],
                [
                    -113.756989,
                    34.839493
                ],
                [
                    -113.757967,
                    34.83883
                ],
                [
                    -113.75845,
                    34.839612
                ],
                [
                    -113.759182,
                    34.840236
                ],
                [
                    -113.761382,
                    34.84078
                ],
                [
                    -113.761491,
                    34.841064
                ],
                [
                    -113.761275,
                    34.841419
                ],
                [
                    -113.761353,
                    34.841515
                ],
                [
                    -113.762303,
                    34.841564
                ],
                [
                    -113.764213,
                    34.84202
                ],
                [
                    -113.76433,
                    34.842285
                ],
                [
                    -113.764124,
                    34.842502
                ],
                [
                    -113.764169,
                    34.842813
                ],
                [
                    -113.76388,
                    34.843058
                ],
                [
                    -113.763994,
                    34.843585
                ],
                [
                    -113.763536,
                    34.844096
                ],
                [
                    -113.763559,
                    34.84462
                ],
                [
                    -113.763893,
                    34.84489
                ],
                [
                    -113.76343,
                    34.845221
                ],
                [
                    -113.762537,
                    34.845433
                ],
                [
                    -113.762227,
                    34.845972
                ],
                [
                    -113.761374,
                    34.846131
                ],
                [
                    -113.760922,
                    34.846643
                ],
                [
                    -113.760883,
                    34.847165
                ],
                [
                    -113.760587,
                    34.847504
                ],
                [
                    -113.759857,
                    34.847296
                ],
                [
                    -113.759551,
                    34.847404
                ],
                [
                    -113.759456,
                    34.848959
                ],
                [
                    -113.760208,
                    34.849502
                ],
                [
                    -113.761027,
                    34.849842
                ],
                [
                    -113.761662,
                    34.849826
                ],
                [
                    -113.761732,
                    34.849593
                ],
                [
                    -113.76199,
                    34.849561
                ],
                [
                    -113.76294,
                    34.849604
                ],
                [
                    -113.763878,
                    34.849964
                ],
                [
                    -113.764062,
                    34.85039
                ],
                [
                    -113.764001,
                    34.85065
                ],
                [
                    -113.764221,
                    34.850917
                ],
                [
                    -113.764109,
                    34.851176
                ],
                [
                    -113.764759,
                    34.851799
                ],
                [
                    -113.765158,
                    34.851794
                ],
                [
                    -113.765488,
                    34.851273
                ],
                [
                    -113.765734,
                    34.851223
                ],
                [
                    -113.766362,
                    34.851383
                ],
                [
                    -113.76697,
                    34.852066
                ],
                [
                    -113.767714,
                    34.85197
                ],
                [
                    -113.767707,
                    34.852318
                ],
                [
                    -113.768231,
                    34.852838
                ],
                [
                    -113.768299,
                    34.853119
                ],
                [
                    -113.769435,
                    34.853974
                ],
                [
                    -113.769883,
                    34.854857
                ],
                [
                    -113.769988,
                    34.855519
                ],
                [
                    -113.770321,
                    34.855665
                ],
                [
                    -113.770794,
                    34.855669
                ],
                [
                    -113.771308,
                    34.85477
                ],
                [
                    -113.771937,
                    34.854922
                ],
                [
                    -113.772221,
                    34.854793
                ],
                [
                    -113.772456,
                    34.854156
                ],
                [
                    -113.772932,
                    34.85383
                ],
                [
                    -113.773442,
                    34.853881
                ],
                [
                    -113.774484,
                    34.854732
                ],
                [
                    -113.776064,
                    34.854932
                ],
                [
                    -113.776408,
                    34.854243
                ],
                [
                    -113.777563,
                    34.85432
                ],
                [
                    -113.778047,
                    34.854205
                ],
                [
                    -113.778344,
                    34.852844
                ],
                [
                    -113.778681,
                    34.852927
                ],
                [
                    -113.779269,
                    34.852625
                ],
                [
                    -113.780098,
                    34.851952
                ],
                [
                    -113.780241,
                    34.851605
                ],
                [
                    -113.779802,
                    34.850023
                ],
                [
                    -113.778966,
                    34.849216
                ],
                [
                    -113.778826,
                    34.848427
                ],
                [
                    -113.778949,
                    34.847645
                ],
                [
                    -113.778736,
                    34.847378
                ],
                [
                    -113.778766,
                    34.846726
                ],
                [
                    -113.77999,
                    34.846791
                ],
                [
                    -113.780003,
                    34.847412
                ],
                [
                    -113.78099,
                    34.847793
                ],
                [
                    -113.781321,
                    34.848493
                ],
                [
                    -113.781699,
                    34.848789
                ],
                [
                    -113.783587,
                    34.849214
                ],
                [
                    -113.783817,
                    34.848821
                ],
                [
                    -113.783768,
                    34.848558
                ],
                [
                    -113.784248,
                    34.848047
                ],
                [
                    -113.784441,
                    34.847529
                ],
                [
                    -113.784608,
                    34.847451
                ],
                [
                    -113.785526,
                    34.848326
                ],
                [
                    -113.786567,
                    34.847847
                ],
                [
                    -113.787453,
                    34.847752
                ],
                [
                    -113.788084,
                    34.847865
                ],
                [
                    -113.788167,
                    34.847569
                ],
                [
                    -113.787796,
                    34.847094
                ],
                [
                    -113.78875,
                    34.847045
                ],
                [
                    -113.789054,
                    34.846578
                ],
                [
                    -113.789408,
                    34.846453
                ],
                [
                    -113.790029,
                    34.846798
                ],
                [
                    -113.790976,
                    34.846953
                ],
                [
                    -113.791271,
                    34.847186
                ],
                [
                    -113.790274,
                    34.84765
                ],
                [
                    -113.789935,
                    34.848198
                ],
                [
                    -113.79013,
                    34.848586
                ],
                [
                    -113.790909,
                    34.848659
                ],
                [
                    -113.791642,
                    34.848938
                ],
                [
                    -113.791922,
                    34.849229
                ],
                [
                    -113.791437,
                    34.849546
                ],
                [
                    -113.791262,
                    34.850326
                ],
                [
                    -113.791472,
                    34.850505
                ],
                [
                    -113.792113,
                    34.850349
                ],
                [
                    -113.79278,
                    34.850594
                ],
                [
                    -113.792508,
                    34.850882
                ],
                [
                    -113.792493,
                    34.851144
                ],
                [
                    -113.792781,
                    34.851936
                ],
                [
                    -113.793304,
                    34.85239
                ],
                [
                    -113.793644,
                    34.851806
                ],
                [
                    -113.794768,
                    34.851727
                ],
                [
                    -113.794686,
                    34.852248
                ],
                [
                    -113.795303,
                    34.853311
                ],
                [
                    -113.794572,
                    34.853554
                ],
                [
                    -113.794545,
                    34.854046
                ],
                [
                    -113.795443,
                    34.854525
                ],
                [
                    -113.795702,
                    34.85518
                ],
                [
                    -113.796371,
                    34.855153
                ],
                [
                    -113.797022,
                    34.854725
                ],
                [
                    -113.797302,
                    34.854934
                ],
                [
                    -113.797485,
                    34.855576
                ],
                [
                    -113.798582,
                    34.855435
                ],
                [
                    -113.799155,
                    34.854645
                ],
                [
                    -113.799567,
                    34.854588
                ],
                [
                    -113.799904,
                    34.854084
                ],
                [
                    -113.800227,
                    34.853933
                ],
                [
                    -113.800538,
                    34.854099
                ],
                [
                    -113.800868,
                    34.853775
                ],
                [
                    -113.801136,
                    34.853988
                ],
                [
                    -113.800947,
                    34.854245
                ],
                [
                    -113.801244,
                    34.854776
                ],
                [
                    -113.801129,
                    34.855035
                ],
                [
                    -113.80072,
                    34.855286
                ],
                [
                    -113.800503,
                    34.855803
                ],
                [
                    -113.800771,
                    34.856072
                ],
                [
                    -113.801278,
                    34.85597
                ],
                [
                    -113.801701,
                    34.85526
                ],
                [
                    -113.802499,
                    34.85515
                ],
                [
                    -113.802966,
                    34.85475
                ],
                [
                    -113.803115,
                    34.854825
                ],
                [
                    -113.803228,
                    34.855352
                ],
                [
                    -113.803081,
                    34.855871
                ],
                [
                    -113.803176,
                    34.856135
                ],
                [
                    -113.80363,
                    34.85624
                ],
                [
                    -113.803953,
                    34.856097
                ],
                [
                    -113.805544,
                    34.855998
                ],
                [
                    -113.806234,
                    34.856164
                ],
                [
                    -113.806282,
                    34.856479
                ],
                [
                    -113.806717,
                    34.857059
                ],
                [
                    -113.807082,
                    34.857267
                ],
                [
                    -113.80755,
                    34.857156
                ],
                [
                    -113.80806,
                    34.856604
                ],
                [
                    -113.808138,
                    34.857312
                ],
                [
                    -113.807808,
                    34.857923
                ],
                [
                    -113.807056,
                    34.857929
                ],
                [
                    -113.806832,
                    34.857731
                ],
                [
                    -113.806115,
                    34.857633
                ],
                [
                    -113.805571,
                    34.857185
                ],
                [
                    -113.805181,
                    34.857158
                ],
                [
                    -113.804863,
                    34.857195
                ],
                [
                    -113.804816,
                    34.857456
                ],
                [
                    -113.803976,
                    34.8578
                ],
                [
                    -113.803277,
                    34.857437
                ],
                [
                    -113.802625,
                    34.85759
                ],
                [
                    -113.802311,
                    34.857495
                ],
                [
                    -113.801574,
                    34.857581
                ],
                [
                    -113.801018,
                    34.858109
                ],
                [
                    -113.799755,
                    34.857918
                ],
                [
                    -113.799122,
                    34.858122
                ],
                [
                    -113.799818,
                    34.859098
                ],
                [
                    -113.799747,
                    34.859913
                ],
                [
                    -113.800099,
                    34.860241
                ],
                [
                    -113.800489,
                    34.861368
                ],
                [
                    -113.800897,
                    34.861813
                ],
                [
                    -113.800685,
                    34.861936
                ],
                [
                    -113.799743,
                    34.86154
                ],
                [
                    -113.79867,
                    34.860727
                ],
                [
                    -113.798065,
                    34.860582
                ],
                [
                    -113.797776,
                    34.859853
                ],
                [
                    -113.796211,
                    34.859267
                ],
                [
                    -113.795484,
                    34.859334
                ],
                [
                    -113.795582,
                    34.859599
                ],
                [
                    -113.796437,
                    34.860144
                ],
                [
                    -113.796873,
                    34.860941
                ],
                [
                    -113.796775,
                    34.861087
                ],
                [
                    -113.796204,
                    34.860923
                ],
                [
                    -113.795845,
                    34.860524
                ],
                [
                    -113.7946,
                    34.859886
                ],
                [
                    -113.793649,
                    34.85984
                ],
                [
                    -113.793002,
                    34.860148
                ],
                [
                    -113.791752,
                    34.859636
                ],
                [
                    -113.791142,
                    34.859015
                ],
                [
                    -113.790823,
                    34.859045
                ],
                [
                    -113.789991,
                    34.859451
                ],
                [
                    -113.789893,
                    34.860233
                ],
                [
                    -113.790518,
                    34.860512
                ],
                [
                    -113.790831,
                    34.861043
                ],
                [
                    -113.791435,
                    34.861582
                ],
                [
                    -113.791036,
                    34.861738
                ],
                [
                    -113.789154,
                    34.861784
                ],
                [
                    -113.789513,
                    34.861994
                ],
                [
                    -113.79017,
                    34.863119
                ],
                [
                    -113.791166,
                    34.863669
                ],
                [
                    -113.790763,
                    34.86392
                ],
                [
                    -113.79074,
                    34.864181
                ],
                [
                    -113.79104,
                    34.86445
                ],
                [
                    -113.791029,
                    34.864712
                ],
                [
                    -113.791669,
                    34.865144
                ],
                [
                    -113.79191,
                    34.866043
                ],
                [
                    -113.79228,
                    34.866315
                ],
                [
                    -113.792138,
                    34.866861
                ],
                [
                    -113.791593,
                    34.866558
                ],
                [
                    -113.790905,
                    34.865755
                ],
                [
                    -113.790567,
                    34.865637
                ],
                [
                    -113.790265,
                    34.865242
                ],
                [
                    -113.789037,
                    34.86439
                ],
                [
                    -113.788087,
                    34.864104
                ],
                [
                    -113.787856,
                    34.864179
                ],
                [
                    -113.787745,
                    34.864363
                ],
                [
                    -113.787822,
                    34.86496
                ],
                [
                    -113.787417,
                    34.865007
                ],
                [
                    -113.786747,
                    34.864385
                ],
                [
                    -113.785218,
                    34.864392
                ],
                [
                    -113.785007,
                    34.864553
                ],
                [
                    -113.785522,
                    34.865079
                ],
                [
                    -113.786434,
                    34.865637
                ],
                [
                    -113.786359,
                    34.865897
                ],
                [
                    -113.785591,
                    34.865973
                ],
                [
                    -113.785134,
                    34.866548
                ],
                [
                    -113.784041,
                    34.86597
                ],
                [
                    -113.783572,
                    34.865899
                ],
                [
                    -113.783317,
                    34.866078
                ],
                [
                    -113.783134,
                    34.866596
                ],
                [
                    -113.783233,
                    34.867122
                ],
                [
                    -113.783501,
                    34.867391
                ],
                [
                    -113.783382,
                    34.867911
                ],
                [
                    -113.782904,
                    34.86816
                ],
                [
                    -113.782862,
                    34.868944
                ],
                [
                    -113.782482,
                    34.869424
                ],
                [
                    -113.782084,
                    34.86875
                ],
                [
                    -113.781565,
                    34.868512
                ],
                [
                    -113.780815,
                    34.868534
                ],
                [
                    -113.780618,
                    34.868631
                ],
                [
                    -113.780344,
                    34.869742
                ],
                [
                    -113.77929,
                    34.869879
                ],
                [
                    -113.778348,
                    34.869595
                ],
                [
                    -113.777938,
                    34.870384
                ],
                [
                    -113.777347,
                    34.870843
                ],
                [
                    -113.776383,
                    34.86986
                ],
                [
                    -113.775351,
                    34.869679
                ],
                [
                    -113.774886,
                    34.870041
                ],
                [
                    -113.774986,
                    34.870305
                ],
                [
                    -113.774799,
                    34.870816
                ],
                [
                    -113.774478,
                    34.87115
                ],
                [
                    -113.77321,
                    34.871075
                ],
                [
                    -113.772252,
                    34.871237
                ],
                [
                    -113.772135,
                    34.8718
                ],
                [
                    -113.772608,
                    34.872074
                ],
                [
                    -113.772193,
                    34.872725
                ],
                [
                    -113.771239,
                    34.872767
                ],
                [
                    -113.770186,
                    34.872367
                ],
                [
                    -113.769689,
                    34.871829
                ],
                [
                    -113.769242,
                    34.871984
                ],
                [
                    -113.768344,
                    34.873732
                ],
                [
                    -113.767422,
                    34.87295
                ],
                [
                    -113.767044,
                    34.873234
                ],
                [
                    -113.767509,
                    34.874032
                ],
                [
                    -113.7678,
                    34.874971
                ],
                [
                    -113.767677,
                    34.875344
                ],
                [
                    -113.767776,
                    34.875496
                ],
                [
                    -113.768591,
                    34.875535
                ],
                [
                    -113.76891,
                    34.875888
                ],
                [
                    -113.768889,
                    34.876024
                ],
                [
                    -113.768239,
                    34.876136
                ],
                [
                    -113.768059,
                    34.877052
                ],
                [
                    -113.768691,
                    34.877071
                ],
                [
                    -113.769439,
                    34.878207
                ],
                [
                    -113.771257,
                    34.878248
                ],
                [
                    -113.77135,
                    34.878048
                ],
                [
                    -113.77135,
                    34.87832
                ],
                [
                    -113.770773,
                    34.87909
                ],
                [
                    -113.770725,
                    34.879555
                ],
                [
                    -113.770966,
                    34.879746
                ],
                [
                    -113.771704,
                    34.8799
                ],
                [
                    -113.771623,
                    34.880944
                ],
                [
                    -113.771766,
                    34.88121
                ],
                [
                    -113.772173,
                    34.881361
                ],
                [
                    -113.773066,
                    34.880379
                ],
                [
                    -113.773821,
                    34.880206
                ],
                [
                    -113.774434,
                    34.88038
                ],
                [
                    -113.775073,
                    34.880289
                ],
                [
                    -113.775697,
                    34.880558
                ],
                [
                    -113.776133,
                    34.881207
                ],
                [
                    -113.776819,
                    34.881344
                ],
                [
                    -113.775028,
                    34.881443
                ],
                [
                    -113.775022,
                    34.882081
                ],
                [
                    -113.775183,
                    34.882347
                ],
                [
                    -113.774247,
                    34.882768
                ],
                [
                    -113.77414,
                    34.883486
                ],
                [
                    -113.773992,
                    34.883569
                ],
                [
                    -113.773375,
                    34.883101
                ],
                [
                    -113.773059,
                    34.88307
                ],
                [
                    -113.772432,
                    34.883582
                ],
                [
                    -113.77267,
                    34.884112
                ],
                [
                    -113.772263,
                    34.88541
                ],
                [
                    -113.77201,
                    34.885536
                ],
                [
                    -113.771379,
                    34.885425
                ],
                [
                    -113.77074,
                    34.88553
                ],
                [
                    -113.770303,
                    34.885881
                ],
                [
                    -113.770432,
                    34.886408
                ],
                [
                    -113.77021,
                    34.887187
                ],
                [
                    -113.77048,
                    34.887979
                ],
                [
                    -113.77021,
                    34.888495
                ],
                [
                    -113.770533,
                    34.889289
                ],
                [
                    -113.770568,
                    34.88992
                ],
                [
                    -113.771936,
                    34.890634
                ],
                [
                    -113.771832,
                    34.891155
                ],
                [
                    -113.773207,
                    34.89234
                ],
                [
                    -113.774472,
                    34.892533
                ],
                [
                    -113.77474,
                    34.892802
                ],
                [
                    -113.774691,
                    34.893324
                ],
                [
                    -113.77485,
                    34.89359
                ],
                [
                    -113.775179,
                    34.893815
                ],
                [
                    -113.775811,
                    34.89388
                ],
                [
                    -113.77642,
                    34.894558
                ],
                [
                    -113.777363,
                    34.894819
                ],
                [
                    -113.77767,
                    34.894699
                ],
                [
                    -113.777688,
                    34.894444
                ],
                [
                    -113.778017,
                    34.894318
                ],
                [
                    -113.77856,
                    34.894474
                ],
                [
                    -113.778569,
                    34.894997
                ],
                [
                    -113.77772,
                    34.89576
                ],
                [
                    -113.776688,
                    34.895833
                ],
                [
                    -113.776019,
                    34.896238
                ],
                [
                    -113.776195,
                    34.897027
                ],
                [
                    -113.777134,
                    34.897672
                ],
                [
                    -113.777155,
                    34.898361
                ],
                [
                    -113.777404,
                    34.898891
                ],
                [
                    -113.777247,
                    34.899194
                ],
                [
                    -113.776246,
                    34.899014
                ],
                [
                    -113.775685,
                    34.899369
                ],
                [
                    -113.775562,
                    34.900245
                ],
                [
                    -113.775935,
                    34.900422
                ],
                [
                    -113.776228,
                    34.900953
                ],
                [
                    -113.77592,
                    34.901273
                ],
                [
                    -113.77552,
                    34.901338
                ],
                [
                    -113.775109,
                    34.901642
                ],
                [
                    -113.774823,
                    34.902499
                ],
                [
                    -113.775145,
                    34.90279
                ],
                [
                    -113.775345,
                    34.902762
                ],
                [
                    -113.775463,
                    34.902494
                ],
                [
                    -113.776429,
                    34.902463
                ],
                [
                    -113.776761,
                    34.902082
                ],
                [
                    -113.777284,
                    34.901931
                ],
                [
                    -113.778338,
                    34.902367
                ],
                [
                    -113.778979,
                    34.902231
                ],
                [
                    -113.779185,
                    34.90234
                ],
                [
                    -113.779506,
                    34.903192
                ],
                [
                    -113.780221,
                    34.90295
                ],
                [
                    -113.780536,
                    34.903006
                ],
                [
                    -113.781129,
                    34.904087
                ],
                [
                    -113.781451,
                    34.903986
                ],
                [
                    -113.782439,
                    34.903079
                ],
                [
                    -113.782757,
                    34.903086
                ],
                [
                    -113.783442,
                    34.904207
                ],
                [
                    -113.785036,
                    34.904243
                ],
                [
                    -113.785867,
                    34.904777
                ],
                [
                    -113.786955,
                    34.903939
                ],
                [
                    -113.787196,
                    34.903283
                ],
                [
                    -113.787452,
                    34.903344
                ],
                [
                    -113.787611,
                    34.903872
                ],
                [
                    -113.787488,
                    34.904136
                ],
                [
                    -113.787094,
                    34.904331
                ],
                [
                    -113.787014,
                    34.904903
                ],
                [
                    -113.788012,
                    34.905191
                ],
                [
                    -113.787097,
                    34.905815
                ],
                [
                    -113.785829,
                    34.905737
                ],
                [
                    -113.78489,
                    34.905383
                ],
                [
                    -113.783915,
                    34.905958
                ],
                [
                    -113.783667,
                    34.906646
                ],
                [
                    -113.784263,
                    34.906868
                ],
                [
                    -113.784228,
                    34.907184
                ],
                [
                    -113.783656,
                    34.907692
                ],
                [
                    -113.783399,
                    34.908209
                ],
                [
                    -113.782911,
                    34.908457
                ],
                [
                    -113.782832,
                    34.908717
                ],
                [
                    -113.783573,
                    34.908808
                ],
                [
                    -113.783775,
                    34.908445
                ],
                [
                    -113.784475,
                    34.907879
                ],
                [
                    -113.785481,
                    34.909049
                ],
                [
                    -113.785612,
                    34.90963
                ],
                [
                    -113.787566,
                    34.910064
                ],
                [
                    -113.787667,
                    34.910324
                ],
                [
                    -113.787898,
                    34.910421
                ],
                [
                    -113.787232,
                    34.910482
                ],
                [
                    -113.78675,
                    34.911328
                ],
                [
                    -113.786764,
                    34.911781
                ],
                [
                    -113.787602,
                    34.912506
                ],
                [
                    -113.787592,
                    34.912768
                ],
                [
                    -113.787908,
                    34.912886
                ],
                [
                    -113.788097,
                    34.912744
                ],
                [
                    -113.788134,
                    34.913044
                ],
                [
                    -113.788703,
                    34.913501
                ],
                [
                    -113.789208,
                    34.913488
                ],
                [
                    -113.789348,
                    34.913253
                ],
                [
                    -113.789993,
                    34.91301
                ],
                [
                    -113.79053,
                    34.912322
                ],
                [
                    -113.790983,
                    34.912047
                ],
                [
                    -113.791325,
                    34.912315
                ],
                [
                    -113.791753,
                    34.913401
                ],
                [
                    -113.792621,
                    34.913849
                ],
                [
                    -113.792491,
                    34.914113
                ],
                [
                    -113.791851,
                    34.914247
                ],
                [
                    -113.791518,
                    34.914624
                ],
                [
                    -113.790878,
                    34.914742
                ],
                [
                    -113.790792,
                    34.914946
                ],
                [
                    -113.79098,
                    34.915474
                ],
                [
                    -113.790512,
                    34.915983
                ],
                [
                    -113.788708,
                    34.916199
                ],
                [
                    -113.788699,
                    34.916461
                ],
                [
                    -113.789773,
                    34.91681
                ],
                [
                    -113.790799,
                    34.916768
                ],
                [
                    -113.793322,
                    34.91724
                ],
                [
                    -113.793749,
                    34.916856
                ],
                [
                    -113.793752,
                    34.916332
                ],
                [
                    -113.794817,
                    34.915982
                ],
                [
                    -113.794912,
                    34.915795
                ],
                [
                    -113.79529,
                    34.915662
                ],
                [
                    -113.796211,
                    34.916146
                ],
                [
                    -113.797188,
                    34.915874
                ],
                [
                    -113.797811,
                    34.916172
                ],
                [
                    -113.798129,
                    34.916163
                ],
                [
                    -113.798696,
                    34.91594
                ],
                [
                    -113.799231,
                    34.91543
                ],
                [
                    -113.799597,
                    34.914132
                ],
                [
                    -113.799801,
                    34.914015
                ],
                [
                    -113.800745,
                    34.914265
                ],
                [
                    -113.800946,
                    34.913794
                ],
                [
                    -113.801413,
                    34.913418
                ],
                [
                    -113.801557,
                    34.913537
                ],
                [
                    -113.801406,
                    34.913918
                ],
                [
                    -113.80156,
                    34.914604
                ],
                [
                    -113.801464,
                    34.91479
                ],
                [
                    -113.801007,
                    34.914954
                ],
                [
                    -113.801337,
                    34.915365
                ],
                [
                    -113.801984,
                    34.915065
                ],
                [
                    -113.80244,
                    34.915391
                ],
                [
                    -113.802791,
                    34.916571
                ],
                [
                    -113.803319,
                    34.917108
                ],
                [
                    -113.802344,
                    34.917456
                ],
                [
                    -113.802169,
                    34.917842
                ],
                [
                    -113.802365,
                    34.918653
                ],
                [
                    -113.80316,
                    34.919399
                ],
                [
                    -113.804662,
                    34.919742
                ],
                [
                    -113.804982,
                    34.919663
                ],
                [
                    -113.805657,
                    34.918647
                ],
                [
                    -113.807013,
                    34.918581
                ],
                [
                    -113.807435,
                    34.916249
                ],
                [
                    -113.808331,
                    34.915239
                ],
                [
                    -113.808541,
                    34.916255
                ],
                [
                    -113.809206,
                    34.91674
                ],
                [
                    -113.809202,
                    34.91735
                ],
                [
                    -113.810383,
                    34.918341
                ],
                [
                    -113.810373,
                    34.918602
                ],
                [
                    -113.810474,
                    34.918377
                ],
                [
                    -113.811779,
                    34.918317
                ],
                [
                    -113.812047,
                    34.919631
                ],
                [
                    -113.813031,
                    34.919885
                ],
                [
                    -113.813525,
                    34.920573
                ],
                [
                    -113.814434,
                    34.92083
                ],
                [
                    -113.81479,
                    34.921569
                ],
                [
                    -113.815076,
                    34.921539
                ],
                [
                    -113.815689,
                    34.921097
                ],
                [
                    -113.81572,
                    34.92082
                ],
                [
                    -113.816409,
                    34.919918
                ],
                [
                    -113.816895,
                    34.92045
                ],
                [
                    -113.81734,
                    34.920501
                ],
                [
                    -113.817634,
                    34.920363
                ],
                [
                    -113.817798,
                    34.919941
                ],
                [
                    -113.819458,
                    34.919507
                ],
                [
                    -113.819673,
                    34.918846
                ],
                [
                    -113.819513,
                    34.918318
                ],
                [
                    -113.819622,
                    34.917536
                ],
                [
                    -113.820023,
                    34.916821
                ],
                [
                    -113.820286,
                    34.917829
                ],
                [
                    -113.820909,
                    34.918566
                ],
                [
                    -113.822181,
                    34.918537
                ],
                [
                    -113.822516,
                    34.918075
                ],
                [
                    -113.823454,
                    34.918466
                ],
                [
                    -113.824505,
                    34.918372
                ],
                [
                    -113.824771,
                    34.918673
                ],
                [
                    -113.824991,
                    34.919508
                ],
                [
                    -113.825314,
                    34.919668
                ],
                [
                    -113.826267,
                    34.919665
                ],
                [
                    -113.827048,
                    34.919412
                ],
                [
                    -113.827327,
                    34.918576
                ],
                [
                    -113.828086,
                    34.917891
                ],
                [
                    -113.828263,
                    34.916965
                ],
                [
                    -113.829351,
                    34.916569
                ],
                [
                    -113.829673,
                    34.916659
                ],
                [
                    -113.829862,
                    34.917074
                ],
                [
                    -113.830181,
                    34.917036
                ],
                [
                    -113.830516,
                    34.916587
                ],
                [
                    -113.830796,
                    34.915473
                ],
                [
                    -113.831255,
                    34.915224
                ],
                [
                    -113.831386,
                    34.914965
                ],
                [
                    -113.831097,
                    34.914435
                ],
                [
                    -113.831027,
                    34.913909
                ],
                [
                    -113.831268,
                    34.913555
                ],
                [
                    -113.831402,
                    34.913801
                ],
                [
                    -113.832266,
                    34.914203
                ],
                [
                    -113.832517,
                    34.914733
                ],
                [
                    -113.832488,
                    34.915498
                ],
                [
                    -113.83274,
                    34.916587
                ],
                [
                    -113.834569,
                    34.916014
                ],
                [
                    -113.834676,
                    34.915796
                ],
                [
                    -113.83594,
                    34.915974
                ],
                [
                    -113.836953,
                    34.914413
                ],
                [
                    -113.838002,
                    34.914785
                ],
                [
                    -113.839742,
                    34.914922
                ],
                [
                    -113.837553,
                    34.91565
                ],
                [
                    -113.83729,
                    34.916781
                ],
                [
                    -113.83698,
                    34.917049
                ],
                [
                    -113.835265,
                    34.916996
                ],
                [
                    -113.834613,
                    34.917446
                ],
                [
                    -113.834222,
                    34.917962
                ],
                [
                    -113.834286,
                    34.918181
                ],
                [
                    -113.835059,
                    34.918725
                ],
                [
                    -113.834926,
                    34.9193
                ],
                [
                    -113.834239,
                    34.918896
                ],
                [
                    -113.833918,
                    34.918976
                ],
                [
                    -113.833272,
                    34.919725
                ],
                [
                    -113.833363,
                    34.920774
                ],
                [
                    -113.833097,
                    34.920937
                ],
                [
                    -113.832133,
                    34.921003
                ],
                [
                    -113.831936,
                    34.921783
                ],
                [
                    -113.832245,
                    34.922622
                ],
                [
                    -113.831564,
                    34.922384
                ],
                [
                    -113.830949,
                    34.92185
                ],
                [
                    -113.829997,
                    34.921812
                ],
                [
                    -113.829472,
                    34.921981
                ],
                [
                    -113.829508,
                    34.922767
                ],
                [
                    -113.829972,
                    34.923302
                ],
                [
                    -113.829599,
                    34.923893
                ],
                [
                    -113.828986,
                    34.923324
                ],
                [
                    -113.828057,
                    34.922981
                ],
                [
                    -113.827747,
                    34.922498
                ],
                [
                    -113.825839,
                    34.92255
                ],
                [
                    -113.824263,
                    34.922103
                ],
                [
                    -113.82399,
                    34.922361
                ],
                [
                    -113.823918,
                    34.92288
                ],
                [
                    -113.824262,
                    34.923414
                ],
                [
                    -113.824298,
                    34.923939
                ],
                [
                    -113.824884,
                    34.924477
                ],
                [
                    -113.824678,
                    34.924995
                ],
                [
                    -113.824469,
                    34.925116
                ],
                [
                    -113.823927,
                    34.924714
                ],
                [
                    -113.82386,
                    34.924425
                ],
                [
                    -113.823537,
                    34.924559
                ],
                [
                    -113.823257,
                    34.924435
                ],
                [
                    -113.823217,
                    34.924158
                ],
                [
                    -113.823154,
                    34.924372
                ],
                [
                    -113.822615,
                    34.92444
                ],
                [
                    -113.822513,
                    34.924621
                ],
                [
                    -113.822689,
                    34.924943
                ],
                [
                    -113.822357,
                    34.925458
                ],
                [
                    -113.822353,
                    34.925981
                ],
                [
                    -113.821259,
                    34.925963
                ],
                [
                    -113.820592,
                    34.92678
                ],
                [
                    -113.818869,
                    34.926152
                ],
                [
                    -113.818036,
                    34.926096
                ],
                [
                    -113.817851,
                    34.926205
                ],
                [
                    -113.817807,
                    34.926707
                ],
                [
                    -113.816435,
                    34.927469
                ],
                [
                    -113.816096,
                    34.928023
                ],
                [
                    -113.814837,
                    34.927713
                ],
                [
                    -113.814007,
                    34.928235
                ],
                [
                    -113.812995,
                    34.928428
                ],
                [
                    -113.812701,
                    34.928868
                ],
                [
                    -113.811923,
                    34.929127
                ],
                [
                    -113.81015,
                    34.928451
                ],
                [
                    -113.809429,
                    34.927884
                ],
                [
                    -113.807926,
                    34.927763
                ],
                [
                    -113.806091,
                    34.928043
                ],
                [
                    -113.805998,
                    34.928169
                ],
                [
                    -113.806379,
                    34.928576
                ],
                [
                    -113.807177,
                    34.92861
                ],
                [
                    -113.8078,
                    34.928943
                ],
                [
                    -113.80837,
                    34.930613
                ],
                [
                    -113.810245,
                    34.931417
                ],
                [
                    -113.810562,
                    34.931952
                ],
                [
                    -113.81058,
                    34.932429
                ],
                [
                    -113.810831,
                    34.932707
                ],
                [
                    -113.811471,
                    34.932585
                ],
                [
                    -113.811594,
                    34.932334
                ],
                [
                    -113.812657,
                    34.931645
                ],
                [
                    -113.813046,
                    34.930906
                ],
                [
                    -113.813764,
                    34.930806
                ],
                [
                    -113.814091,
                    34.930559
                ],
                [
                    -113.81461,
                    34.931012
                ],
                [
                    -113.814839,
                    34.932182
                ],
                [
                    -113.815137,
                    34.932459
                ],
                [
                    -113.815609,
                    34.932386
                ],
                [
                    -113.81594,
                    34.932062
                ],
                [
                    -113.816261,
                    34.931981
                ],
                [
                    -113.817521,
                    34.932131
                ],
                [
                    -113.817858,
                    34.931755
                ],
                [
                    -113.818806,
                    34.931901
                ],
                [
                    -113.819458,
                    34.932209
                ],
                [
                    -113.819449,
                    34.932447
                ],
                [
                    -113.818822,
                    34.932462
                ],
                [
                    -113.81825,
                    34.933201
                ],
                [
                    -113.817284,
                    34.93396
                ],
                [
                    -113.817299,
                    34.934222
                ],
                [
                    -113.81752,
                    34.934421
                ],
                [
                    -113.819128,
                    34.935055
                ],
                [
                    -113.818351,
                    34.935291
                ],
                [
                    -113.818023,
                    34.935712
                ],
                [
                    -113.816758,
                    34.935542
                ],
                [
                    -113.816114,
                    34.935777
                ],
                [
                    -113.815478,
                    34.935791
                ],
                [
                    -113.815238,
                    34.936262
                ],
                [
                    -113.81526,
                    34.936785
                ],
                [
                    -113.814568,
                    34.937917
                ],
                [
                    -113.814281,
                    34.937806
                ],
                [
                    -113.813753,
                    34.936825
                ],
                [
                    -113.813234,
                    34.936304
                ],
                [
                    -113.811639,
                    34.936443
                ],
                [
                    -113.810703,
                    34.936007
                ],
                [
                    -113.810275,
                    34.936042
                ],
                [
                    -113.810144,
                    34.936913
                ],
                [
                    -113.809687,
                    34.937938
                ],
                [
                    -113.810925,
                    34.93847
                ],
                [
                    -113.811496,
                    34.937924
                ],
                [
                    -113.812188,
                    34.938034
                ],
                [
                    -113.812798,
                    34.93936
                ],
                [
                    -113.814042,
                    34.940046
                ],
                [
                    -113.814999,
                    34.939956
                ],
                [
                    -113.815714,
                    34.940461
                ],
                [
                    -113.815521,
                    34.940646
                ],
                [
                    -113.815058,
                    34.940381
                ],
                [
                    -113.814598,
                    34.940376
                ],
                [
                    -113.813367,
                    34.941729
                ],
                [
                    -113.812707,
                    34.941695
                ],
                [
                    -113.81237,
                    34.942189
                ],
                [
                    -113.811569,
                    34.942313
                ],
                [
                    -113.811428,
                    34.942442
                ],
                [
                    -113.811499,
                    34.942705
                ],
                [
                    -113.811817,
                    34.942975
                ],
                [
                    -113.811834,
                    34.943237
                ],
                [
                    -113.811549,
                    34.943647
                ],
                [
                    -113.811009,
                    34.944254
                ],
                [
                    -113.810043,
                    34.944488
                ],
                [
                    -113.809769,
                    34.944753
                ],
                [
                    -113.810429,
                    34.945817
                ],
                [
                    -113.809681,
                    34.945973
                ],
                [
                    -113.807746,
                    34.945714
                ],
                [
                    -113.807457,
                    34.946543
                ],
                [
                    -113.806606,
                    34.947147
                ],
                [
                    -113.806452,
                    34.947544
                ],
                [
                    -113.806596,
                    34.947933
                ],
                [
                    -113.807082,
                    34.948084
                ],
                [
                    -113.807854,
                    34.948735
                ],
                [
                    -113.810259,
                    34.949002
                ],
                [
                    -113.810519,
                    34.948946
                ],
                [
                    -113.81086,
                    34.948345
                ],
                [
                    -113.811518,
                    34.947788
                ],
                [
                    -113.812235,
                    34.947762
                ],
                [
                    -113.812803,
                    34.947417
                ],
                [
                    -113.81297,
                    34.947715
                ],
                [
                    -113.814965,
                    34.949045
                ],
                [
                    -113.815291,
                    34.948837
                ],
                [
                    -113.816769,
                    34.9486
                ],
                [
                    -113.816779,
                    34.948339
                ],
                [
                    -113.817162,
                    34.947762
                ],
                [
                    -113.81796,
                    34.947522
                ],
                [
                    -113.818213,
                    34.94758
                ],
                [
                    -113.818328,
                    34.948118
                ],
                [
                    -113.819104,
                    34.948839
                ],
                [
                    -113.820713,
                    34.948316
                ],
                [
                    -113.821244,
                    34.948282
                ],
                [
                    -113.821702,
                    34.949196
                ],
                [
                    -113.821947,
                    34.949291
                ],
                [
                    -113.822595,
                    34.949015
                ],
                [
                    -113.822818,
                    34.948671
                ],
                [
                    -113.823649,
                    34.948257
                ],
                [
                    -113.823898,
                    34.947456
                ],
                [
                    -113.824558,
                    34.947513
                ],
                [
                    -113.824596,
                    34.947258
                ],
                [
                    -113.825522,
                    34.947224
                ],
                [
                    -113.825757,
                    34.946386
                ],
                [
                    -113.82625,
                    34.945708
                ],
                [
                    -113.826319,
                    34.945449
                ],
                [
                    -113.82617,
                    34.945183
                ],
                [
                    -113.82657,
                    34.94479
                ],
                [
                    -113.826885,
                    34.944864
                ],
                [
                    -113.82719,
                    34.945183
                ],
                [
                    -113.827695,
                    34.946087
                ],
                [
                    -113.828578,
                    34.946158
                ],
                [
                    -113.829192,
                    34.945524
                ],
                [
                    -113.829875,
                    34.944053
                ],
                [
                    -113.830428,
                    34.943631
                ],
                [
                    -113.831389,
                    34.943417
                ],
                [
                    -113.831503,
                    34.943752
                ],
                [
                    -113.831276,
                    34.94427
                ],
                [
                    -113.830805,
                    34.944781
                ],
                [
                    -113.831459,
                    34.945321
                ],
                [
                    -113.831106,
                    34.945574
                ],
                [
                    -113.8313,
                    34.945745
                ],
                [
                    -113.831945,
                    34.945846
                ],
                [
                    -113.831898,
                    34.946702
                ],
                [
                    -113.833129,
                    34.94696
                ],
                [
                    -113.833326,
                    34.947463
                ],
                [
                    -113.833695,
                    34.947735
                ],
                [
                    -113.83276,
                    34.947972
                ],
                [
                    -113.832593,
                    34.948229
                ],
                [
                    -113.832625,
                    34.948618
                ],
                [
                    -113.833081,
                    34.949004
                ],
                [
                    -113.834357,
                    34.948869
                ],
                [
                    -113.834879,
                    34.949158
                ],
                [
                    -113.835074,
                    34.950126
                ],
                [
                    -113.835256,
                    34.950304
                ],
                [
                    -113.836335,
                    34.94972
                ],
                [
                    -113.836886,
                    34.949232
                ],
                [
                    -113.837803,
                    34.94915
                ],
                [
                    -113.837846,
                    34.948884
                ],
                [
                    -113.838175,
                    34.948761
                ],
                [
                    -113.838494,
                    34.948725
                ],
                [
                    -113.83942,
                    34.949449
                ],
                [
                    -113.839653,
                    34.949388
                ],
                [
                    -113.840063,
                    34.948686
                ],
                [
                    -113.840161,
                    34.947943
                ],
                [
                    -113.840775,
                    34.947271
                ],
                [
                    -113.842001,
                    34.948438
                ],
                [
                    -113.841959,
                    34.948979
                ],
                [
                    -113.842317,
                    34.949497
                ],
                [
                    -113.842593,
                    34.949575
                ],
                [
                    -113.843575,
                    34.948839
                ],
                [
                    -113.843977,
                    34.948722
                ],
                [
                    -113.844122,
                    34.949053
                ],
                [
                    -113.844027,
                    34.949835
                ],
                [
                    -113.844474,
                    34.950251
                ],
                [
                    -113.8452,
                    34.949866
                ],
                [
                    -113.845342,
                    34.949244
                ],
                [
                    -113.846026,
                    34.948223
                ],
                [
                    -113.845988,
                    34.947793
                ],
                [
                    -113.846159,
                    34.947754
                ],
                [
                    -113.846409,
                    34.948618
                ],
                [
                    -113.846256,
                    34.949108
                ],
                [
                    -113.846419,
                    34.949636
                ],
                [
                    -113.846325,
                    34.94995
                ],
                [
                    -113.846738,
                    34.9509
                ],
                [
                    -113.84699,
                    34.950947
                ],
                [
                    -113.84732,
                    34.950628
                ],
                [
                    -113.848205,
                    34.950945
                ],
                [
                    -113.848583,
                    34.950854
                ],
                [
                    -113.849,
                    34.95002
                ],
                [
                    -113.849196,
                    34.949922
                ],
                [
                    -113.849863,
                    34.950613
                ],
                [
                    -113.850816,
                    34.950629
                ],
                [
                    -113.851166,
                    34.950544
                ],
                [
                    -113.851176,
                    34.950283
                ],
                [
                    -113.852761,
                    34.949628
                ],
                [
                    -113.853965,
                    34.949832
                ],
                [
                    -113.853005,
                    34.950021
                ],
                [
                    -113.852842,
                    34.950326
                ],
                [
                    -113.851883,
                    34.951086
                ],
                [
                    -113.85236,
                    34.951622
                ],
                [
                    -113.85202,
                    34.952384
                ],
                [
                    -113.851725,
                    34.951777
                ],
                [
                    -113.850778,
                    34.951617
                ],
                [
                    -113.850139,
                    34.9517
                ],
                [
                    -113.849721,
                    34.952338
                ],
                [
                    -113.849682,
                    34.952861
                ],
                [
                    -113.849456,
                    34.952944
                ],
                [
                    -113.848832,
                    34.952642
                ],
                [
                    -113.848338,
                    34.952682
                ],
                [
                    -113.84761,
                    34.953069
                ],
                [
                    -113.847192,
                    34.953966
                ],
                [
                    -113.846569,
                    34.953643
                ],
                [
                    -113.845695,
                    34.953877
                ],
                [
                    -113.845493,
                    34.95406
                ],
                [
                    -113.845531,
                    34.954323
                ],
                [
                    -113.845246,
                    34.954996
                ],
                [
                    -113.844506,
                    34.954908
                ],
                [
                    -113.844199,
                    34.954288
                ],
                [
                    -113.843084,
                    34.95335
                ],
                [
                    -113.842796,
                    34.953496
                ],
                [
                    -113.842741,
                    34.954258
                ],
                [
                    -113.841294,
                    34.954611
                ],
                [
                    -113.841148,
                    34.954753
                ],
                [
                    -113.841099,
                    34.955371
                ],
                [
                    -113.840458,
                    34.955522
                ],
                [
                    -113.84013,
                    34.955789
                ],
                [
                    -113.839506,
                    34.955488
                ],
                [
                    -113.8392,
                    34.954943
                ],
                [
                    -113.8387,
                    34.954576
                ],
                [
                    -113.837357,
                    34.954092
                ],
                [
                    -113.836072,
                    34.953876
                ],
                [
                    -113.835845,
                    34.954594
                ],
                [
                    -113.836028,
                    34.955012
                ],
                [
                    -113.836636,
                    34.95541
                ],
                [
                    -113.836711,
                    34.955995
                ],
                [
                    -113.836387,
                    34.956792
                ],
                [
                    -113.835966,
                    34.95662
                ],
                [
                    -113.835621,
                    34.957332
                ],
                [
                    -113.835308,
                    34.957206
                ],
                [
                    -113.835139,
                    34.955884
                ],
                [
                    -113.834556,
                    34.955496
                ],
                [
                    -113.834105,
                    34.95543
                ],
                [
                    -113.833197,
                    34.955615
                ],
                [
                    -113.833156,
                    34.95585
                ],
                [
                    -113.832813,
                    34.955976
                ],
                [
                    -113.832476,
                    34.956471
                ],
                [
                    -113.831502,
                    34.957
                ],
                [
                    -113.831184,
                    34.957001
                ],
                [
                    -113.831001,
                    34.956823
                ],
                [
                    -113.83128,
                    34.955998
                ],
                [
                    -113.831003,
                    34.955704
                ],
                [
                    -113.830601,
                    34.955624
                ],
                [
                    -113.830301,
                    34.955758
                ],
                [
                    -113.830435,
                    34.956023
                ],
                [
                    -113.830357,
                    34.956806
                ],
                [
                    -113.830538,
                    34.957857
                ],
                [
                    -113.830408,
                    34.958303
                ],
                [
                    -113.830221,
                    34.95841
                ],
                [
                    -113.828046,
                    34.955957
                ],
                [
                    -113.827853,
                    34.956602
                ],
                [
                    -113.827075,
                    34.957
                ],
                [
                    -113.82682,
                    34.95776
                ],
                [
                    -113.826363,
                    34.958376
                ],
                [
                    -113.825149,
                    34.957716
                ],
                [
                    -113.825436,
                    34.957698
                ],
                [
                    -113.825697,
                    34.957469
                ],
                [
                    -113.82546,
                    34.957069
                ],
                [
                    -113.825142,
                    34.957083
                ],
                [
                    -113.824569,
                    34.95744
                ],
                [
                    -113.825105,
                    34.957725
                ],
                [
                    -113.824891,
                    34.958057
                ],
                [
                    -113.824131,
                    34.958581
                ],
                [
                    -113.823513,
                    34.958115
                ],
                [
                    -113.822545,
                    34.958492
                ],
                [
                    -113.822058,
                    34.958304
                ],
                [
                    -113.821306,
                    34.95764
                ],
                [
                    -113.820541,
                    34.957755
                ],
                [
                    -113.82002,
                    34.958021
                ],
                [
                    -113.819774,
                    34.958361
                ],
                [
                    -113.819953,
                    34.959752
                ],
                [
                    -113.818702,
                    34.959247
                ],
                [
                    -113.818363,
                    34.959788
                ],
                [
                    -113.81756,
                    34.959463
                ],
                [
                    -113.816442,
                    34.960133
                ],
                [
                    -113.816131,
                    34.95998
                ],
                [
                    -113.81588,
                    34.959526
                ],
                [
                    -113.815519,
                    34.959367
                ],
                [
                    -113.814542,
                    34.95996
                ],
                [
                    -113.813608,
                    34.959462
                ],
                [
                    -113.813289,
                    34.959475
                ],
                [
                    -113.812969,
                    34.959752
                ],
                [
                    -113.813001,
                    34.960328
                ],
                [
                    -113.812613,
                    34.960519
                ],
                [
                    -113.811564,
                    34.96007
                ],
                [
                    -113.811291,
                    34.95952
                ],
                [
                    -113.810952,
                    34.959437
                ],
                [
                    -113.810853,
                    34.959098
                ],
                [
                    -113.810435,
                    34.959315
                ],
                [
                    -113.810118,
                    34.959291
                ],
                [
                    -113.809534,
                    34.958877
                ],
                [
                    -113.80951,
                    34.958591
                ],
                [
                    -113.809207,
                    34.95889
                ],
                [
                    -113.80947,
                    34.959603
                ],
                [
                    -113.810106,
                    34.959608
                ],
                [
                    -113.810417,
                    34.959771
                ],
                [
                    -113.811687,
                    34.96099
                ],
                [
                    -113.811633,
                    34.961209
                ],
                [
                    -113.810667,
                    34.961262
                ],
                [
                    -113.810369,
                    34.961777
                ],
                [
                    -113.810367,
                    34.9623
                ],
                [
                    -113.811148,
                    34.962927
                ],
                [
                    -113.812089,
                    34.963131
                ],
                [
                    -113.811451,
                    34.963292
                ],
                [
                    -113.810983,
                    34.963962
                ],
                [
                    -113.810567,
                    34.964117
                ],
                [
                    -113.810301,
                    34.964445
                ],
                [
                    -113.809274,
                    34.964659
                ],
                [
                    -113.808433,
                    34.965239
                ],
                [
                    -113.807826,
                    34.965247
                ],
                [
                    -113.807485,
                    34.965488
                ],
                [
                    -113.807305,
                    34.965895
                ],
                [
                    -113.80784,
                    34.966243
                ],
                [
                    -113.808571,
                    34.966402
                ],
                [
                    -113.80925,
                    34.966981
                ],
                [
                    -113.809089,
                    34.967239
                ],
                [
                    -113.809225,
                    34.967826
                ],
                [
                    -113.808767,
                    34.968277
                ],
                [
                    -113.808668,
                    34.968797
                ],
                [
                    -113.807848,
                    34.969299
                ],
                [
                    -113.807917,
                    34.96948
                ],
                [
                    -113.808127,
                    34.969653
                ],
                [
                    -113.808763,
                    34.969653
                ],
                [
                    -113.809329,
                    34.96991
                ],
                [
                    -113.810155,
                    34.970794
                ],
                [
                    -113.81125,
                    34.971098
                ],
                [
                    -113.811613,
                    34.971443
                ],
                [
                    -113.813492,
                    34.9713
                ],
                [
                    -113.81411,
                    34.971113
                ],
                [
                    -113.814276,
                    34.9713
                ],
                [
                    -113.814208,
                    34.97156
                ],
                [
                    -113.813759,
                    34.971962
                ],
                [
                    -113.812808,
                    34.97189
                ],
                [
                    -113.812461,
                    34.972648
                ],
                [
                    -113.812149,
                    34.972498
                ],
                [
                    -113.810875,
                    34.97257
                ],
                [
                    -113.810665,
                    34.972604
                ],
                [
                    -113.810547,
                    34.972826
                ],
                [
                    -113.809848,
                    34.972968
                ],
                [
                    -113.809704,
                    34.973535
                ],
                [
                    -113.808905,
                    34.974168
                ],
                [
                    -113.808652,
                    34.97373
                ],
                [
                    -113.808205,
                    34.973689
                ],
                [
                    -113.808058,
                    34.974538
                ],
                [
                    -113.808249,
                    34.974691
                ],
                [
                    -113.80889,
                    34.974559
                ],
                [
                    -113.809053,
                    34.974688
                ],
                [
                    -113.809488,
                    34.975541
                ],
                [
                    -113.81011,
                    34.97588
                ],
                [
                    -113.810429,
                    34.976432
                ],
                [
                    -113.809764,
                    34.976617
                ],
                [
                    -113.809483,
                    34.977454
                ],
                [
                    -113.809468,
                    34.977917
                ],
                [
                    -113.809923,
                    34.97858
                ],
                [
                    -113.811301,
                    34.977973
                ],
                [
                    -113.812088,
                    34.978046
                ],
                [
                    -113.812098,
                    34.977784
                ],
                [
                    -113.81409,
                    34.97696
                ],
                [
                    -113.814331,
                    34.977058
                ],
                [
                    -113.814129,
                    34.977265
                ],
                [
                    -113.813917,
                    34.978094
                ],
                [
                    -113.814313,
                    34.97874
                ],
                [
                    -113.81459,
                    34.978897
                ],
                [
                    -113.814546,
                    34.97968
                ],
                [
                    -113.813455,
                    34.979818
                ],
                [
                    -113.812835,
                    34.97939
                ],
                [
                    -113.812519,
                    34.979348
                ],
                [
                    -113.810704,
                    34.981411
                ],
                [
                    -113.810958,
                    34.981679
                ],
                [
                    -113.81113,
                    34.982363
                ],
                [
                    -113.812244,
                    34.98276
                ],
                [
                    -113.812294,
                    34.983023
                ],
                [
                    -113.811665,
                    34.983574
                ],
                [
                    -113.813628,
                    34.984087
                ],
                [
                    -113.81412,
                    34.984379
                ],
                [
                    -113.813885,
                    34.984889
                ],
                [
                    -113.813988,
                    34.985161
                ],
                [
                    -113.813878,
                    34.98542
                ],
                [
                    -113.81403,
                    34.986209
                ],
                [
                    -113.813939,
                    34.986468
                ],
                [
                    -113.814334,
                    34.987263
                ],
                [
                    -113.81411,
                    34.987519
                ],
                [
                    -113.814736,
                    34.987768
                ],
                [
                    -113.815056,
                    34.987707
                ],
                [
                    -113.816366,
                    34.987066
                ],
                [
                    -113.818318,
                    34.985582
                ],
                [
                    -113.818414,
                    34.984808
                ],
                [
                    -113.819639,
                    34.984309
                ],
                [
                    -113.820266,
                    34.984538
                ],
                [
                    -113.82057,
                    34.984903
                ],
                [
                    -113.821503,
                    34.985432
                ],
                [
                    -113.822757,
                    34.985904
                ],
                [
                    -113.823417,
                    34.985271
                ],
                [
                    -113.824041,
                    34.985575
                ],
                [
                    -113.824679,
                    34.985524
                ],
                [
                    -113.824983,
                    34.985879
                ],
                [
                    -113.825941,
                    34.98577
                ],
                [
                    -113.827829,
                    34.986284
                ],
                [
                    -113.82796,
                    34.98605
                ],
                [
                    -113.827801,
                    34.985473
                ],
                [
                    -113.829137,
                    34.985034
                ],
                [
                    -113.829173,
                    34.984433
                ],
                [
                    -113.829488,
                    34.984484
                ],
                [
                    -113.830139,
                    34.984098
                ],
                [
                    -113.830778,
                    34.984022
                ],
                [
                    -113.830962,
                    34.983774
                ],
                [
                    -113.830934,
                    34.983511
                ],
                [
                    -113.831222,
                    34.98334
                ],
                [
                    -113.831457,
                    34.982916
                ],
                [
                    -113.831991,
                    34.983347
                ],
                [
                    -113.833113,
                    34.983307
                ],
                [
                    -113.833016,
                    34.983695
                ],
                [
                    -113.832001,
                    34.984022
                ],
                [
                    -113.831582,
                    34.984736
                ],
                [
                    -113.831464,
                    34.985529
                ],
                [
                    -113.832547,
                    34.986215
                ],
                [
                    -113.832898,
                    34.986704
                ],
                [
                    -113.833603,
                    34.986921
                ],
                [
                    -113.83381,
                    34.987854
                ],
                [
                    -113.834138,
                    34.987595
                ],
                [
                    -113.834707,
                    34.987844
                ],
                [
                    -113.836362,
                    34.987618
                ],
                [
                    -113.838051,
                    34.987166
                ],
                [
                    -113.8384,
                    34.986931
                ],
                [
                    -113.838747,
                    34.986332
                ],
                [
                    -113.839288,
                    34.985966
                ],
                [
                    -113.840449,
                    34.985756
                ],
                [
                    -113.840576,
                    34.985539
                ],
                [
                    -113.841104,
                    34.985519
                ],
                [
                    -113.84122,
                    34.985329
                ],
                [
                    -113.841596,
                    34.98541
                ],
                [
                    -113.84145,
                    34.985617
                ],
                [
                    -113.840764,
                    34.985761
                ],
                [
                    -113.840541,
                    34.986379
                ],
                [
                    -113.839587,
                    34.986438
                ],
                [
                    -113.839326,
                    34.986609
                ],
                [
                    -113.839286,
                    34.986869
                ],
                [
                    -113.839782,
                    34.987667
                ],
                [
                    -113.839537,
                    34.98774
                ],
                [
                    -113.838917,
                    34.98734
                ],
                [
                    -113.837989,
                    34.987882
                ],
                [
                    -113.837931,
                    34.988179
                ],
                [
                    -113.836972,
                    34.988302
                ],
                [
                    -113.836226,
                    34.988621
                ],
                [
                    -113.836216,
                    34.988883
                ],
                [
                    -113.834988,
                    34.989344
                ],
                [
                    -113.834537,
                    34.989885
                ],
                [
                    -113.834632,
                    34.99015
                ],
                [
                    -113.834464,
                    34.990235
                ],
                [
                    -113.833955,
                    34.989946
                ],
                [
                    -113.83396,
                    34.989435
                ],
                [
                    -113.833761,
                    34.989121
                ],
                [
                    -113.832516,
                    34.988417
                ],
                [
                    -113.832119,
                    34.989037
                ],
                [
                    -113.83056,
                    34.989672
                ],
                [
                    -113.830265,
                    34.989082
                ],
                [
                    -113.829007,
                    34.988722
                ],
                [
                    -113.827095,
                    34.988837
                ],
                [
                    -113.826242,
                    34.988701
                ],
                [
                    -113.825515,
                    34.989955
                ],
                [
                    -113.824076,
                    34.989504
                ],
                [
                    -113.823212,
                    34.989851
                ],
                [
                    -113.822948,
                    34.990106
                ],
                [
                    -113.822784,
                    34.990625
                ],
                [
                    -113.822182,
                    34.990815
                ],
                [
                    -113.822118,
                    34.991131
                ],
                [
                    -113.822396,
                    34.991661
                ],
                [
                    -113.822633,
                    34.991752
                ],
                [
                    -113.822856,
                    34.991561
                ],
                [
                    -113.823324,
                    34.991686
                ],
                [
                    -113.823158,
                    34.991978
                ],
                [
                    -113.821557,
                    34.992273
                ],
                [
                    -113.819349,
                    34.991813
                ],
                [
                    -113.818751,
                    34.991827
                ],
                [
                    -113.819192,
                    34.992362
                ],
                [
                    -113.818354,
                    34.992864
                ],
                [
                    -113.818579,
                    34.993393
                ],
                [
                    -113.818534,
                    34.993653
                ],
                [
                    -113.818002,
                    34.994447
                ],
                [
                    -113.81759,
                    34.994356
                ],
                [
                    -113.81735,
                    34.995192
                ],
                [
                    -113.817542,
                    34.995459
                ],
                [
                    -113.81735,
                    34.995767
                ],
                [
                    -113.816973,
                    34.995684
                ],
                [
                    -113.816758,
                    34.995364
                ],
                [
                    -113.81511,
                    34.994527
                ],
                [
                    -113.812293,
                    34.995583
                ],
                [
                    -113.812517,
                    34.995783
                ],
                [
                    -113.813014,
                    34.995864
                ],
                [
                    -113.813408,
                    34.996397
                ],
                [
                    -113.813436,
                    34.996694
                ],
                [
                    -113.81376,
                    34.996545
                ],
                [
                    -113.814,
                    34.996674
                ],
                [
                    -113.81399,
                    34.996936
                ],
                [
                    -113.81429,
                    34.997205
                ],
                [
                    -113.814068,
                    34.997461
                ],
                [
                    -113.814107,
                    34.997986
                ],
                [
                    -113.814648,
                    34.998234
                ],
                [
                    -113.814905,
                    34.999079
                ],
                [
                    -113.81515,
                    34.999142
                ],
                [
                    -113.815265,
                    34.999362
                ],
                [
                    -113.815323,
                    34.999885
                ],
                [
                    -113.815134,
                    35.0004
                ],
                [
                    -113.816186,
                    35.001469
                ],
                [
                    -113.815738,
                    35.001674
                ],
                [
                    -113.815112,
                    35.0015
                ],
                [
                    -113.814242,
                    35.001752
                ],
                [
                    -113.814171,
                    35.001959
                ],
                [
                    -113.813745,
                    35.002123
                ],
                [
                    -113.813833,
                    35.002449
                ],
                [
                    -113.815994,
                    35.003229
                ],
                [
                    -113.816175,
                    35.003552
                ],
                [
                    -113.817231,
                    35.003952
                ],
                [
                    -113.818185,
                    35.004646
                ],
                [
                    -113.816258,
                    35.004583
                ],
                [
                    -113.815933,
                    35.004789
                ],
                [
                    -113.815299,
                    35.004814
                ],
                [
                    -113.815021,
                    35.00454
                ],
                [
                    -113.814371,
                    35.004288
                ],
                [
                    -113.813741,
                    35.004211
                ],
                [
                    -113.812991,
                    35.004341
                ],
                [
                    -113.812494,
                    35.003738
                ],
                [
                    -113.811874,
                    35.003399
                ],
                [
                    -113.810218,
                    35.003395
                ],
                [
                    -113.810685,
                    35.00575
                ],
                [
                    -113.811306,
                    35.006146
                ],
                [
                    -113.811602,
                    35.006816
                ],
                [
                    -113.811971,
                    35.007146
                ],
                [
                    -113.812937,
                    35.007662
                ],
                [
                    -113.813602,
                    35.007781
                ],
                [
                    -113.813704,
                    35.008173
                ],
                [
                    -113.813591,
                    35.008924
                ],
                [
                    -113.813962,
                    35.009394
                ],
                [
                    -113.814165,
                    35.009578
                ],
                [
                    -113.815516,
                    35.009592
                ],
                [
                    -113.816388,
                    35.009378
                ],
                [
                    -113.816885,
                    35.009818
                ],
                [
                    -113.816609,
                    35.010013
                ],
                [
                    -113.816669,
                    35.010297
                ],
                [
                    -113.817293,
                    35.010525
                ],
                [
                    -113.817616,
                    35.010896
                ],
                [
                    -113.817621,
                    35.011111
                ],
                [
                    -113.817917,
                    35.011147
                ],
                [
                    -113.817494,
                    35.011136
                ],
                [
                    -113.816643,
                    35.010958
                ],
                [
                    -113.816316,
                    35.011233
                ],
                [
                    -113.815564,
                    35.011248
                ],
                [
                    -113.815309,
                    35.011599
                ],
                [
                    -113.815771,
                    35.012913
                ],
                [
                    -113.816342,
                    35.013709
                ],
                [
                    -113.817556,
                    35.014001
                ],
                [
                    -113.816861,
                    35.014806
                ],
                [
                    -113.815865,
                    35.014739
                ],
                [
                    -113.815854,
                    35.014998
                ],
                [
                    -113.815863,
                    35.014737
                ],
                [
                    -113.815407,
                    35.014585
                ],
                [
                    -113.814014,
                    35.013478
                ],
                [
                    -113.813816,
                    35.013642
                ],
                [
                    -113.814137,
                    35.014171
                ],
                [
                    -113.814127,
                    35.014432
                ],
                [
                    -113.81448,
                    35.014796
                ],
                [
                    -113.815682,
                    35.015634
                ],
                [
                    -113.816529,
                    35.015737
                ],
                [
                    -113.816854,
                    35.015991
                ],
                [
                    -113.816823,
                    35.016585
                ],
                [
                    -113.817038,
                    35.017372
                ],
                [
                    -113.816707,
                    35.017459
                ],
                [
                    -113.815863,
                    35.017008
                ],
                [
                    -113.814517,
                    35.016827
                ],
                [
                    -113.814136,
                    35.017295
                ],
                [
                    -113.814168,
                    35.017557
                ],
                [
                    -113.815491,
                    35.018176
                ],
                [
                    -113.815358,
                    35.018369
                ],
                [
                    -113.81477,
                    35.018464
                ],
                [
                    -113.814441,
                    35.018794
                ],
                [
                    -113.813533,
                    35.019148
                ],
                [
                    -113.813425,
                    35.019359
                ],
                [
                    -113.813886,
                    35.020048
                ],
                [
                    -113.816681,
                    35.020747
                ],
                [
                    -113.81686,
                    35.021285
                ],
                [
                    -113.817402,
                    35.021623
                ],
                [
                    -113.817507,
                    35.02233
                ],
                [
                    -113.818538,
                    35.022878
                ],
                [
                    -113.818926,
                    35.023669
                ],
                [
                    -113.81993,
                    35.024114
                ],
                [
                    -113.820566,
                    35.024049
                ],
                [
                    -113.821791,
                    35.024265
                ],
                [
                    -113.822335,
                    35.024539
                ],
                [
                    -113.821659,
                    35.024659
                ],
                [
                    -113.821072,
                    35.025027
                ],
                [
                    -113.820864,
                    35.025282
                ],
                [
                    -113.820996,
                    35.025546
                ],
                [
                    -113.820675,
                    35.026318
                ],
                [
                    -113.820152,
                    35.026559
                ],
                [
                    -113.819137,
                    35.026482
                ],
                [
                    -113.818875,
                    35.026845
                ],
                [
                    -113.817257,
                    35.027756
                ],
                [
                    -113.816909,
                    35.028588
                ],
                [
                    -113.815626,
                    35.029011
                ],
                [
                    -113.815319,
                    35.029302
                ],
                [
                    -113.815738,
                    35.030354
                ],
                [
                    -113.815869,
                    35.03214
                ],
                [
                    -113.815273,
                    35.033726
                ],
                [
                    -113.81453,
                    35.034748
                ],
                [
                    -113.814599,
                    35.03539
                ],
                [
                    -113.815066,
                    35.036324
                ],
                [
                    -113.815207,
                    35.03789
                ],
                [
                    -113.815421,
                    35.038156
                ],
                [
                    -113.815701,
                    35.039586
                ],
                [
                    -113.815957,
                    35.039893
                ],
                [
                    -113.816089,
                    35.041019
                ],
                [
                    -113.815759,
                    35.041288
                ],
                [
                    -113.815495,
                    35.042062
                ],
                [
                    -113.815111,
                    35.042289
                ],
                [
                    -113.814166,
                    35.042031
                ],
                [
                    -113.813757,
                    35.041496
                ],
                [
                    -113.813919,
                    35.041213
                ],
                [
                    -113.813577,
                    35.041024
                ],
                [
                    -113.812605,
                    35.041613
                ],
                [
                    -113.812287,
                    35.041646
                ],
                [
                    -113.811972,
                    35.041444
                ],
                [
                    -113.811123,
                    35.041687
                ],
                [
                    -113.810829,
                    35.0422
                ],
                [
                    -113.811569,
                    35.04274
                ],
                [
                    -113.811691,
                    35.043264
                ],
                [
                    -113.810496,
                    35.043377
                ],
                [
                    -113.81011,
                    35.043743
                ],
                [
                    -113.810148,
                    35.044265
                ],
                [
                    -113.810378,
                    35.044531
                ],
                [
                    -113.810331,
                    35.045311
                ],
                [
                    -113.810692,
                    35.045841
                ],
                [
                    -113.81078,
                    35.046364
                ],
                [
                    -113.810512,
                    35.046579
                ],
                [
                    -113.809581,
                    35.046108
                ],
                [
                    -113.809156,
                    35.046321
                ],
                [
                    -113.809262,
                    35.046584
                ],
                [
                    -113.809142,
                    35.046842
                ],
                [
                    -113.809417,
                    35.047208
                ],
                [
                    -113.810479,
                    35.047424
                ],
                [
                    -113.810808,
                    35.047101
                ],
                [
                    -113.811081,
                    35.047438
                ],
                [
                    -113.81293,
                    35.048243
                ],
                [
                    -113.812887,
                    35.048431
                ],
                [
                    -113.812511,
                    35.04864
                ],
                [
                    -113.812435,
                    35.049011
                ],
                [
                    -113.812805,
                    35.050322
                ],
                [
                    -113.812805,
                    35.051363
                ],
                [
                    -113.813158,
                    35.051795
                ],
                [
                    -113.813877,
                    35.052093
                ],
                [
                    -113.813917,
                    35.052562
                ],
                [
                    -113.813131,
                    35.052493
                ],
                [
                    -113.812808,
                    35.052664
                ],
                [
                    -113.8125,
                    35.052438
                ],
                [
                    -113.812327,
                    35.052027
                ],
                [
                    -113.811768,
                    35.051857
                ],
                [
                    -113.811875,
                    35.051079
                ],
                [
                    -113.811498,
                    35.050027
                ],
                [
                    -113.811023,
                    35.049728
                ],
                [
                    -113.810722,
                    35.049317
                ],
                [
                    -113.809457,
                    35.049281
                ],
                [
                    -113.809359,
                    35.049451
                ],
                [
                    -113.809553,
                    35.049716
                ],
                [
                    -113.809415,
                    35.050363
                ],
                [
                    -113.808475,
                    35.050109
                ],
                [
                    -113.807897,
                    35.050453
                ],
                [
                    -113.807971,
                    35.051497
                ],
                [
                    -113.807563,
                    35.051746
                ],
                [
                    -113.807555,
                    35.052527
                ],
                [
                    -113.807593,
                    35.053049
                ],
                [
                    -113.807874,
                    35.053192
                ],
                [
                    -113.80795,
                    35.053516
                ],
                [
                    -113.807707,
                    35.053833
                ],
                [
                    -113.807682,
                    35.054212
                ],
                [
                    -113.807326,
                    35.054604
                ],
                [
                    -113.807636,
                    35.054872
                ],
                [
                    -113.80729,
                    35.055089
                ],
                [
                    -113.806772,
                    35.056249
                ],
                [
                    -113.806318,
                    35.05674
                ],
                [
                    -113.805867,
                    35.055606
                ],
                [
                    -113.805944,
                    35.054827
                ],
                [
                    -113.805148,
                    35.053505
                ],
                [
                    -113.804657,
                    35.05167
                ],
                [
                    -113.804294,
                    35.051793
                ],
                [
                    -113.803966,
                    35.051651
                ],
                [
                    -113.803955,
                    35.051422
                ],
                [
                    -113.803676,
                    35.051416
                ],
                [
                    -113.803666,
                    35.051123
                ],
                [
                    -113.803092,
                    35.050069
                ],
                [
                    -113.80274,
                    35.049836
                ],
                [
                    -113.80261,
                    35.049273
                ],
                [
                    -113.802346,
                    35.049005
                ],
                [
                    -113.802146,
                    35.047178
                ],
                [
                    -113.801889,
                    35.046457
                ],
                [
                    -113.8014,
                    35.046377
                ],
                [
                    -113.80141,
                    35.046117
                ],
                [
                    -113.801197,
                    35.045981
                ],
                [
                    -113.801252,
                    35.045332
                ],
                [
                    -113.800772,
                    35.045048
                ],
                [
                    -113.799626,
                    35.045175
                ],
                [
                    -113.799191,
                    35.044674
                ],
                [
                    -113.798256,
                    35.044298
                ],
                [
                    -113.797641,
                    35.043824
                ],
                [
                    -113.797004,
                    35.043921
                ],
                [
                    -113.796697,
                    35.043694
                ],
                [
                    -113.79638,
                    35.043693
                ],
                [
                    -113.795385,
                    35.044112
                ],
                [
                    -113.797243,
                    35.045912
                ],
                [
                    -113.798231,
                    35.046554
                ],
                [
                    -113.79844,
                    35.04682
                ],
                [
                    -113.798323,
                    35.046957
                ],
                [
                    -113.795031,
                    35.045811
                ],
                [
                    -113.794016,
                    35.045141
                ],
                [
                    -113.792242,
                    35.044283
                ],
                [
                    -113.792111,
                    35.04457
                ],
                [
                    -113.792296,
                    35.044835
                ],
                [
                    -113.792196,
                    35.045464
                ],
                [
                    -113.788352,
                    35.044285
                ],
                [
                    -113.787203,
                    35.043623
                ],
                [
                    -113.786839,
                    35.043649
                ],
                [
                    -113.786847,
                    35.04391
                ],
                [
                    -113.787601,
                    35.04436
                ],
                [
                    -113.787786,
                    35.0449
                ],
                [
                    -113.790281,
                    35.046076
                ],
                [
                    -113.790578,
                    35.046349
                ],
                [
                    -113.79245,
                    35.047066
                ],
                [
                    -113.79306,
                    35.047649
                ],
                [
                    -113.79521,
                    35.048817
                ],
                [
                    -113.795057,
                    35.048934
                ],
                [
                    -113.794277,
                    35.048906
                ],
                [
                    -113.791778,
                    35.048049
                ],
                [
                    -113.790825,
                    35.048135
                ],
                [
                    -113.789577,
                    35.047667
                ],
                [
                    -113.788624,
                    35.047743
                ],
                [
                    -113.78832,
                    35.047442
                ],
                [
                    -113.78675,
                    35.047105
                ],
                [
                    -113.786432,
                    35.047141
                ],
                [
                    -113.786098,
                    35.047578
                ],
                [
                    -113.784842,
                    35.04734
                ],
                [
                    -113.784593,
                    35.047557
                ],
                [
                    -113.783844,
                    35.047735
                ],
                [
                    -113.783809,
                    35.047994
                ],
                [
                    -113.784153,
                    35.048264
                ],
                [
                    -113.785456,
                    35.048819
                ],
                [
                    -113.788862,
                    35.049748
                ],
                [
                    -113.789705,
                    35.050303
                ],
                [
                    -113.791122,
                    35.050791
                ],
                [
                    -113.789767,
                    35.050891
                ],
                [
                    -113.788826,
                    35.050668
                ],
                [
                    -113.787246,
                    35.050608
                ],
                [
                    -113.786012,
                    35.050685
                ],
                [
                    -113.785931,
                    35.050943
                ],
                [
                    -113.789414,
                    35.05184
                ],
                [
                    -113.790034,
                    35.052166
                ],
                [
                    -113.792549,
                    35.052624
                ],
                [
                    -113.793166,
                    35.053025
                ],
                [
                    -113.793834,
                    35.053173
                ],
                [
                    -113.795029,
                    35.053961
                ],
                [
                    -113.795689,
                    35.054012
                ],
                [
                    -113.797507,
                    35.055345
                ],
                [
                    -113.798262,
                    35.055406
                ],
                [
                    -113.799137,
                    35.05647
                ],
                [
                    -113.79818,
                    35.056127
                ],
                [
                    -113.795911,
                    35.055681
                ],
                [
                    -113.794974,
                    35.055368
                ],
                [
                    -113.794667,
                    35.055115
                ],
                [
                    -113.793101,
                    35.054692
                ],
                [
                    -113.792677,
                    35.054737
                ],
                [
                    -113.792442,
                    35.05534
                ],
                [
                    -113.791282,
                    35.054636
                ],
                [
                    -113.789296,
                    35.054832
                ],
                [
                    -113.788357,
                    35.054576
                ],
                [
                    -113.787355,
                    35.054553
                ],
                [
                    -113.787401,
                    35.054858
                ],
                [
                    -113.787672,
                    35.055125
                ],
                [
                    -113.789094,
                    35.056204
                ],
                [
                    -113.788785,
                    35.056345
                ],
                [
                    -113.787653,
                    35.056379
                ],
                [
                    -113.784839,
                    35.055481
                ],
                [
                    -113.784524,
                    35.055423
                ],
                [
                    -113.784119,
                    35.055619
                ],
                [
                    -113.783744,
                    35.055151
                ],
                [
                    -113.783605,
                    35.05465
                ],
                [
                    -113.783297,
                    35.05442
                ],
                [
                    -113.782981,
                    35.054407
                ],
                [
                    -113.782639,
                    35.055068
                ],
                [
                    -113.78148,
                    35.055482
                ],
                [
                    -113.783286,
                    35.056009
                ],
                [
                    -113.789039,
                    35.058286
                ],
                [
                    -113.785998,
                    35.058207
                ],
                [
                    -113.784424,
                    35.057987
                ],
                [
                    -113.782467,
                    35.058067
                ],
                [
                    -113.782296,
                    35.058107
                ],
                [
                    -113.782381,
                    35.058369
                ],
                [
                    -113.783134,
                    35.058582
                ],
                [
                    -113.783752,
                    35.058967
                ],
                [
                    -113.784516,
                    35.059095
                ],
                [
                    -113.785001,
                    35.059421
                ],
                [
                    -113.787822,
                    35.060134
                ],
                [
                    -113.789715,
                    35.060305
                ],
                [
                    -113.791689,
                    35.06148
                ],
                [
                    -113.79125,
                    35.061528
                ],
                [
                    -113.789685,
                    35.061076
                ],
                [
                    -113.788411,
                    35.061259
                ],
                [
                    -113.787765,
                    35.061594
                ],
                [
                    -113.783639,
                    35.061852
                ],
                [
                    -113.783016,
                    35.061584
                ],
                [
                    -113.782062,
                    35.061701
                ],
                [
                    -113.781167,
                    35.0615
                ],
                [
                    -113.780905,
                    35.061714
                ],
                [
                    -113.78299,
                    35.062242
                ],
                [
                    -113.783606,
                    35.062679
                ],
                [
                    -113.786141,
                    35.062634
                ],
                [
                    -113.788346,
                    35.062925
                ],
                [
                    -113.791515,
                    35.062841
                ],
                [
                    -113.79184,
                    35.062642
                ],
                [
                    -113.792469,
                    35.062746
                ],
                [
                    -113.792608,
                    35.062806
                ],
                [
                    -113.79238,
                    35.063263
                ],
                [
                    -113.790857,
                    35.063478
                ],
                [
                    -113.78839,
                    35.064516
                ],
                [
                    -113.788899,
                    35.064971
                ],
                [
                    -113.789837,
                    35.065276
                ],
                [
                    -113.790515,
                    35.065316
                ],
                [
                    -113.791397,
                    35.065864
                ],
                [
                    -113.79178,
                    35.065854
                ],
                [
                    -113.79233,
                    35.066282
                ],
                [
                    -113.793481,
                    35.066307
                ],
                [
                    -113.7939,
                    35.066632
                ],
                [
                    -113.794215,
                    35.066668
                ],
                [
                    -113.794517,
                    35.067044
                ],
                [
                    -113.795464,
                    35.067118
                ],
                [
                    -113.796084,
                    35.06745
                ],
                [
                    -113.796721,
                    35.067357
                ],
                [
                    -113.797963,
                    35.068001
                ],
                [
                    -113.798912,
                    35.068022
                ],
                [
                    -113.800244,
                    35.068408
                ],
                [
                    -113.801112,
                    35.068439
                ],
                [
                    -113.801597,
                    35.068878
                ],
                [
                    -113.802031,
                    35.069042
                ],
                [
                    -113.801713,
                    35.069255
                ],
                [
                    -113.801084,
                    35.069142
                ],
                [
                    -113.799494,
                    35.069319
                ],
                [
                    -113.798869,
                    35.069106
                ],
                [
                    -113.797909,
                    35.06937
                ],
                [
                    -113.797595,
                    35.069292
                ],
                [
                    -113.79727,
                    35.069513
                ],
                [
                    -113.79633,
                    35.069271
                ],
                [
                    -113.794744,
                    35.069335
                ],
                [
                    -113.793805,
                    35.069057
                ],
                [
                    -113.793112,
                    35.069114
                ],
                [
                    -113.792548,
                    35.068806
                ],
                [
                    -113.79191,
                    35.068924
                ],
                [
                    -113.791601,
                    35.068733
                ],
                [
                    -113.791285,
                    35.068727
                ],
                [
                    -113.790639,
                    35.069037
                ],
                [
                    -113.79003,
                    35.06843
                ],
                [
                    -113.789064,
                    35.068841
                ],
                [
                    -113.78845,
                    35.068359
                ],
                [
                    -113.78781,
                    35.068512
                ],
                [
                    -113.787191,
                    35.068143
                ],
                [
                    -113.786557,
                    35.068182
                ],
                [
                    -113.785938,
                    35.067812
                ],
                [
                    -113.785062,
                    35.068006
                ],
                [
                    -113.784379,
                    35.067202
                ],
                [
                    -113.784063,
                    35.067169
                ],
                [
                    -113.78377,
                    35.067818
                ],
                [
                    -113.783392,
                    35.068148
                ],
                [
                    -113.783072,
                    35.068221
                ],
                [
                    -113.78245,
                    35.06793
                ],
                [
                    -113.782268,
                    35.067998
                ],
                [
                    -113.782353,
                    35.06858
                ],
                [
                    -113.785346,
                    35.070056
                ],
                [
                    -113.785907,
                    35.070128
                ],
                [
                    -113.786475,
                    35.070699
                ],
                [
                    -113.790719,
                    35.071607
                ],
                [
                    -113.789259,
                    35.071938
                ],
                [
                    -113.785838,
                    35.072053
                ],
                [
                    -113.785674,
                    35.072254
                ],
                [
                    -113.786381,
                    35.072661
                ],
                [
                    -113.786779,
                    35.073064
                ],
                [
                    -113.786768,
                    35.073324
                ],
                [
                    -113.787111,
                    35.073438
                ],
                [
                    -113.787305,
                    35.073315
                ],
                [
                    -113.787374,
                    35.073601
                ],
                [
                    -113.787681,
                    35.073669
                ],
                [
                    -113.787931,
                    35.073506
                ],
                [
                    -113.788177,
                    35.073622
                ],
                [
                    -113.788231,
                    35.073919
                ],
                [
                    -113.788724,
                    35.073897
                ],
                [
                    -113.788714,
                    35.074157
                ],
                [
                    -113.789172,
                    35.074153
                ],
                [
                    -113.789468,
                    35.074696
                ],
                [
                    -113.79022,
                    35.074874
                ],
                [
                    -113.790505,
                    35.075411
                ],
                [
                    -113.792075,
                    35.075966
                ],
                [
                    -113.792168,
                    35.076071
                ],
                [
                    -113.791942,
                    35.076211
                ],
                [
                    -113.790047,
                    35.076073
                ],
                [
                    -113.789432,
                    35.075614
                ],
                [
                    -113.788494,
                    35.075305
                ],
                [
                    -113.78723,
                    35.075231
                ],
                [
                    -113.786924,
                    35.07497
                ],
                [
                    -113.786233,
                    35.074921
                ],
                [
                    -113.785361,
                    35.074436
                ],
                [
                    -113.784406,
                    35.074558
                ],
                [
                    -113.783976,
                    35.074138
                ],
                [
                    -113.783156,
                    35.074145
                ],
                [
                    -113.782219,
                    35.073813
                ],
                [
                    -113.782006,
                    35.073387
                ],
                [
                    -113.781127,
                    35.072803
                ],
                [
                    -113.779733,
                    35.072608
                ],
                [
                    -113.778672,
                    35.071547
                ],
                [
                    -113.778695,
                    35.071027
                ],
                [
                    -113.778057,
                    35.07049
                ],
                [
                    -113.777607,
                    35.07032
                ],
                [
                    -113.777294,
                    35.070224
                ],
                [
                    -113.776899,
                    35.07067
                ],
                [
                    -113.775359,
                    35.070939
                ],
                [
                    -113.776922,
                    35.07163
                ],
                [
                    -113.777455,
                    35.072296
                ],
                [
                    -113.77697,
                    35.072804
                ],
                [
                    -113.779022,
                    35.0739
                ],
                [
                    -113.779012,
                    35.07416
                ],
                [
                    -113.778442,
                    35.074405
                ],
                [
                    -113.779518,
                    35.075052
                ],
                [
                    -113.780267,
                    35.075139
                ],
                [
                    -113.780604,
                    35.075476
                ],
                [
                    -113.781523,
                    35.075414
                ],
                [
                    -113.78246,
                    35.075752
                ],
                [
                    -113.782788,
                    35.075446
                ],
                [
                    -113.783085,
                    35.075944
                ],
                [
                    -113.783395,
                    35.07612
                ],
                [
                    -113.783469,
                    35.07584
                ],
                [
                    -113.783725,
                    35.075786
                ],
                [
                    -113.784635,
                    35.076153
                ],
                [
                    -113.784983,
                    35.076014
                ],
                [
                    -113.785875,
                    35.076205
                ],
                [
                    -113.786205,
                    35.076433
                ],
                [
                    -113.786271,
                    35.076909
                ],
                [
                    -113.786459,
                    35.077016
                ],
                [
                    -113.787167,
                    35.076844
                ],
                [
                    -113.788097,
                    35.077346
                ],
                [
                    -113.788733,
                    35.077268
                ],
                [
                    -113.789245,
                    35.077391
                ],
                [
                    -113.789653,
                    35.078034
                ],
                [
                    -113.78997,
                    35.078034
                ],
                [
                    -113.790297,
                    35.077782
                ],
                [
                    -113.79096,
                    35.078339
                ],
                [
                    -113.791862,
                    35.078244
                ],
                [
                    -113.79248,
                    35.078637
                ],
                [
                    -113.792801,
                    35.07853
                ],
                [
                    -113.793423,
                    35.078808
                ],
                [
                    -113.794058,
                    35.078774
                ],
                [
                    -113.794679,
                    35.07908
                ],
                [
                    -113.795311,
                    35.079121
                ],
                [
                    -113.795616,
                    35.079422
                ],
                [
                    -113.79593,
                    35.079493
                ],
                [
                    -113.79657,
                    35.079325
                ],
                [
                    -113.797494,
                    35.079987
                ],
                [
                    -113.797812,
                    35.079937
                ],
                [
                    -113.798746,
                    35.08037
                ],
                [
                    -113.799381,
                    35.080329
                ],
                [
                    -113.800306,
                    35.080952
                ],
                [
                    -113.803177,
                    35.081785
                ],
                [
                    -113.803943,
                    35.081739
                ],
                [
                    -113.804731,
                    35.081189
                ],
                [
                    -113.805024,
                    35.081786
                ],
                [
                    -113.806293,
                    35.081722
                ],
                [
                    -113.80643,
                    35.081654
                ],
                [
                    -113.806637,
                    35.080873
                ],
                [
                    -113.806966,
                    35.080705
                ],
                [
                    -113.8076,
                    35.080703
                ],
                [
                    -113.80785,
                    35.080957
                ],
                [
                    -113.807688,
                    35.082208
                ],
                [
                    -113.808182,
                    35.083002
                ],
                [
                    -113.806918,
                    35.083229
                ],
                [
                    -113.806698,
                    35.083483
                ],
                [
                    -113.807263,
                    35.084279
                ],
                [
                    -113.808065,
                    35.085017
                ],
                [
                    -113.808619,
                    35.085157
                ],
                [
                    -113.809929,
                    35.085911
                ],
                [
                    -113.810097,
                    35.086176
                ],
                [
                    -113.808033,
                    35.085826
                ],
                [
                    -113.807084,
                    35.085795
                ],
                [
                    -113.80676,
                    35.086004
                ],
                [
                    -113.805499,
                    35.085856
                ],
                [
                    -113.803628,
                    35.085089
                ],
                [
                    -113.803428,
                    35.084618
                ],
                [
                    -113.803114,
                    35.08443
                ],
                [
                    -113.803034,
                    35.084096
                ],
                [
                    -113.801747,
                    35.084592
                ],
                [
                    -113.801447,
                    35.084128
                ],
                [
                    -113.801138,
                    35.08397
                ],
                [
                    -113.800178,
                    35.084239
                ],
                [
                    -113.799573,
                    35.083554
                ],
                [
                    -113.798316,
                    35.083251
                ],
                [
                    -113.797542,
                    35.084363
                ],
                [
                    -113.797324,
                    35.084318
                ],
                [
                    -113.796696,
                    35.08325
                ],
                [
                    -113.796113,
                    35.082894
                ],
                [
                    -113.795477,
                    35.082975
                ],
                [
                    -113.794819,
                    35.08359
                ],
                [
                    -113.794508,
                    35.083463
                ],
                [
                    -113.793594,
                    35.082543
                ],
                [
                    -113.792956,
                    35.082656
                ],
                [
                    -113.792332,
                    35.08242
                ],
                [
                    -113.791696,
                    35.08247
                ],
                [
                    -113.789582,
                    35.082061
                ],
                [
                    -113.789174,
                    35.082196
                ],
                [
                    -113.789458,
                    35.082523
                ],
                [
                    -113.789467,
                    35.082787
                ],
                [
                    -113.79008,
                    35.083315
                ],
                [
                    -113.790696,
                    35.083748
                ],
                [
                    -113.791632,
                    35.084107
                ],
                [
                    -113.791975,
                    35.084396
                ],
                [
                    -113.792182,
                    35.084963
                ],
                [
                    -113.792613,
                    35.085454
                ],
                [
                    -113.793805,
                    35.086234
                ],
                [
                    -113.79447,
                    35.086478
                ],
                [
                    -113.795104,
                    35.087082
                ],
                [
                    -113.795216,
                    35.087417
                ],
                [
                    -113.795754,
                    35.08762
                ],
                [
                    -113.795858,
                    35.087883
                ],
                [
                    -113.79525,
                    35.087895
                ],
                [
                    -113.793414,
                    35.087126
                ],
                [
                    -113.792782,
                    35.08709
                ],
                [
                    -113.792482,
                    35.086667
                ],
                [
                    -113.791536,
                    35.086571
                ],
                [
                    -113.791095,
                    35.086053
                ],
                [
                    -113.79029,
                    35.086033
                ],
                [
                    -113.789999,
                    35.085366
                ],
                [
                    -113.789372,
                    35.0852
                ],
                [
                    -113.788727,
                    35.085503
                ],
                [
                    -113.788412,
                    35.085454
                ],
                [
                    -113.787192,
                    35.084265
                ],
                [
                    -113.786561,
                    35.084215
                ],
                [
                    -113.785913,
                    35.084582
                ],
                [
                    -113.785521,
                    35.084485
                ],
                [
                    -113.785221,
                    35.084275
                ],
                [
                    -113.784999,
                    35.083652
                ],
                [
                    -113.783365,
                    35.083183
                ],
                [
                    -113.7825,
                    35.082589
                ],
                [
                    -113.782323,
                    35.081968
                ],
                [
                    -113.781263,
                    35.082024
                ],
                [
                    -113.780331,
                    35.081558
                ],
                [
                    -113.780163,
                    35.081603
                ],
                [
                    -113.779989,
                    35.081735
                ],
                [
                    -113.78062,
                    35.082259
                ],
                [
                    -113.782509,
                    35.083086
                ],
                [
                    -113.782754,
                    35.083654
                ],
                [
                    -113.783049,
                    35.083899
                ],
                [
                    -113.783077,
                    35.084221
                ],
                [
                    -113.783393,
                    35.084171
                ],
                [
                    -113.783684,
                    35.085207
                ],
                [
                    -113.783975,
                    35.085538
                ],
                [
                    -113.785532,
                    35.08621
                ],
                [
                    -113.785855,
                    35.086594
                ],
                [
                    -113.785513,
                    35.086705
                ],
                [
                    -113.784484,
                    35.086608
                ],
                [
                    -113.783623,
                    35.086448
                ],
                [
                    -113.783009,
                    35.085941
                ],
                [
                    -113.782315,
                    35.086009
                ],
                [
                    -113.782149,
                    35.085885
                ],
                [
                    -113.782083,
                    35.085321
                ],
                [
                    -113.780839,
                    35.084766
                ],
                [
                    -113.780501,
                    35.085294
                ],
                [
                    -113.780184,
                    35.085293
                ],
                [
                    -113.779568,
                    35.084871
                ],
                [
                    -113.778604,
                    35.08522
                ],
                [
                    -113.778305,
                    35.085065
                ],
                [
                    -113.778003,
                    35.084394
                ],
                [
                    -113.776952,
                    35.084518
                ],
                [
                    -113.77669,
                    35.084291
                ],
                [
                    -113.776476,
                    35.0837
                ],
                [
                    -113.775515,
                    35.083238
                ],
                [
                    -113.775129,
                    35.083375
                ],
                [
                    -113.775115,
                    35.083688
                ],
                [
                    -113.773905,
                    35.083897
                ],
                [
                    -113.773535,
                    35.08413
                ],
                [
                    -113.773464,
                    35.084337
                ],
                [
                    -113.772955,
                    35.084672
                ],
                [
                    -113.773602,
                    35.08521
                ],
                [
                    -113.773484,
                    35.085467
                ],
                [
                    -113.77369,
                    35.085594
                ],
                [
                    -113.77477,
                    35.086065
                ],
                [
                    -113.776349,
                    35.08618
                ],
                [
                    -113.777578,
                    35.086886
                ],
                [
                    -113.778541,
                    35.086811
                ],
                [
                    -113.779508,
                    35.087189
                ],
                [
                    -113.779261,
                    35.087443
                ],
                [
                    -113.778324,
                    35.087678
                ],
                [
                    -113.778378,
                    35.08794
                ],
                [
                    -113.78081,
                    35.089567
                ],
                [
                    -113.780328,
                    35.089687
                ],
                [
                    -113.779375,
                    35.089536
                ],
                [
                    -113.77751,
                    35.088862
                ],
                [
                    -113.777169,
                    35.088461
                ],
                [
                    -113.776277,
                    35.088019
                ],
                [
                    -113.775017,
                    35.087833
                ],
                [
                    -113.773113,
                    35.087921
                ],
                [
                    -113.772491,
                    35.088304
                ],
                [
                    -113.773082,
                    35.088714
                ],
                [
                    -113.774952,
                    35.089498
                ],
                [
                    -113.775345,
                    35.089942
                ],
                [
                    -113.774289,
                    35.090235
                ],
                [
                    -113.77334,
                    35.090197
                ],
                [
                    -113.772858,
                    35.090396
                ],
                [
                    -113.773626,
                    35.09099
                ],
                [
                    -113.774561,
                    35.091377
                ],
                [
                    -113.778016,
                    35.092101
                ],
                [
                    -113.778485,
                    35.092368
                ],
                [
                    -113.778544,
                    35.09295
                ],
                [
                    -113.779666,
                    35.093599
                ],
                [
                    -113.780265,
                    35.093717
                ],
                [
                    -113.776696,
                    35.093449
                ],
                [
                    -113.77605,
                    35.093784
                ],
                [
                    -113.772896,
                    35.094331
                ],
                [
                    -113.772574,
                    35.094856
                ],
                [
                    -113.772202,
                    35.094959
                ],
                [
                    -113.770948,
                    35.094652
                ],
                [
                    -113.770727,
                    35.094765
                ],
                [
                    -113.770926,
                    35.095201
                ],
                [
                    -113.772745,
                    35.09586
                ],
                [
                    -113.772559,
                    35.096376
                ],
                [
                    -113.77087,
                    35.096606
                ],
                [
                    -113.76935,
                    35.097071
                ],
                [
                    -113.769151,
                    35.097326
                ],
                [
                    -113.769565,
                    35.097574
                ],
                [
                    -113.771159,
                    35.097331
                ],
                [
                    -113.77211,
                    35.097401
                ],
                [
                    -113.772678,
                    35.097681
                ],
                [
                    -113.773022,
                    35.098273
                ],
                [
                    -113.775261,
                    35.097726
                ],
                [
                    -113.775485,
                    35.097495
                ],
                [
                    -113.77541,
                    35.097233
                ],
                [
                    -113.775602,
                    35.097104
                ],
                [
                    -113.777953,
                    35.096683
                ],
                [
                    -113.77814,
                    35.096785
                ],
                [
                    -113.776899,
                    35.097793
                ],
                [
                    -113.776839,
                    35.098312
                ],
                [
                    -113.777749,
                    35.098875
                ],
                [
                    -113.778061,
                    35.099386
                ],
                [
                    -113.776144,
                    35.09943
                ],
                [
                    -113.775866,
                    35.099848
                ],
                [
                    -113.775918,
                    35.10011
                ],
                [
                    -113.777371,
                    35.100438
                ],
                [
                    -113.77958,
                    35.10064
                ],
                [
                    -113.780773,
                    35.10102
                ],
                [
                    -113.781305,
                    35.101294
                ],
                [
                    -113.780993,
                    35.101546
                ],
                [
                    -113.778958,
                    35.10153
                ],
                [
                    -113.778529,
                    35.101741
                ],
                [
                    -113.778375,
                    35.101997
                ],
                [
                    -113.779502,
                    35.102276
                ],
                [
                    -113.781102,
                    35.102211
                ],
                [
                    -113.781399,
                    35.102338
                ],
                [
                    -113.781604,
                    35.102948
                ],
                [
                    -113.782334,
                    35.103118
                ],
                [
                    -113.782972,
                    35.10299
                ],
                [
                    -113.7836,
                    35.103132
                ],
                [
                    -113.7839,
                    35.103575
                ],
                [
                    -113.784957,
                    35.103734
                ],
                [
                    -113.78477,
                    35.103935
                ],
                [
                    -113.783878,
                    35.104135
                ],
                [
                    -113.7819,
                    35.10411
                ],
                [
                    -113.781689,
                    35.104168
                ],
                [
                    -113.781679,
                    35.104428
                ],
                [
                    -113.780037,
                    35.104629
                ],
                [
                    -113.779798,
                    35.105226
                ],
                [
                    -113.778929,
                    35.105002
                ],
                [
                    -113.778636,
                    35.105128
                ],
                [
                    -113.778569,
                    35.105387
                ],
                [
                    -113.779199,
                    35.10581
                ],
                [
                    -113.779186,
                    35.106444
                ],
                [
                    -113.779395,
                    35.106668
                ],
                [
                    -113.779943,
                    35.106698
                ],
                [
                    -113.780316,
                    35.106099
                ],
                [
                    -113.781586,
                    35.106022
                ],
                [
                    -113.782825,
                    35.106742
                ],
                [
                    -113.783452,
                    35.106897
                ],
                [
                    -113.783511,
                    35.107136
                ],
                [
                    -113.781899,
                    35.107337
                ],
                [
                    -113.781771,
                    35.107554
                ],
                [
                    -113.782146,
                    35.107886
                ],
                [
                    -113.783952,
                    35.108453
                ],
                [
                    -113.784214,
                    35.109008
                ],
                [
                    -113.784633,
                    35.109107
                ],
                [
                    -113.785325,
                    35.109731
                ],
                [
                    -113.785363,
                    35.109993
                ],
                [
                    -113.784914,
                    35.110004
                ],
                [
                    -113.7824,
                    35.10949
                ],
                [
                    -113.781746,
                    35.110007
                ],
                [
                    -113.781009,
                    35.109711
                ],
                [
                    -113.781049,
                    35.109176
                ],
                [
                    -113.780831,
                    35.1091
                ],
                [
                    -113.780434,
                    35.109341
                ],
                [
                    -113.780685,
                    35.109868
                ],
                [
                    -113.780195,
                    35.110376
                ],
                [
                    -113.780605,
                    35.111168
                ],
                [
                    -113.782055,
                    35.111427
                ],
                [
                    -113.781658,
                    35.111985
                ],
                [
                    -113.781973,
                    35.112289
                ],
                [
                    -113.782734,
                    35.112418
                ],
                [
                    -113.782711,
                    35.113046
                ],
                [
                    -113.783898,
                    35.114379
                ],
                [
                    -113.783904,
                    35.114744
                ],
                [
                    -113.783775,
                    35.114795
                ],
                [
                    -113.781049,
                    35.113211
                ],
                [
                    -113.780347,
                    35.113355
                ],
                [
                    -113.779729,
                    35.112968
                ],
                [
                    -113.778765,
                    35.113308
                ],
                [
                    -113.778267,
                    35.113188
                ],
                [
                    -113.77823,
                    35.113448
                ],
                [
                    -113.778438,
                    35.113714
                ],
                [
                    -113.778212,
                    35.114058
                ],
                [
                    -113.777103,
                    35.114459
                ],
                [
                    -113.776887,
                    35.114974
                ],
                [
                    -113.776949,
                    35.115757
                ],
                [
                    -113.77897,
                    35.116134
                ],
                [
                    -113.779392,
                    35.116342
                ],
                [
                    -113.778413,
                    35.116837
                ],
                [
                    -113.779276,
                    35.117413
                ],
                [
                    -113.777515,
                    35.117594
                ],
                [
                    -113.777277,
                    35.118385
                ],
                [
                    -113.777609,
                    35.118521
                ],
                [
                    -113.778563,
                    35.118419
                ],
                [
                    -113.779509,
                    35.118536
                ],
                [
                    -113.780072,
                    35.119007
                ],
                [
                    -113.781108,
                    35.119512
                ],
                [
                    -113.779783,
                    35.119625
                ],
                [
                    -113.779135,
                    35.119459
                ],
                [
                    -113.779124,
                    35.119719
                ],
                [
                    -113.778506,
                    35.119872
                ],
                [
                    -113.778269,
                    35.120217
                ],
                [
                    -113.780172,
                    35.121049
                ],
                [
                    -113.780055,
                    35.121324
                ],
                [
                    -113.77909,
                    35.121541
                ],
                [
                    -113.779109,
                    35.122062
                ],
                [
                    -113.780305,
                    35.122467
                ],
                [
                    -113.781946,
                    35.122607
                ],
                [
                    -113.780876,
                    35.12312
                ],
                [
                    -113.780655,
                    35.123405
                ],
                [
                    -113.781201,
                    35.123861
                ],
                [
                    -113.782153,
                    35.12396
                ],
                [
                    -113.782447,
                    35.1244
                ],
                [
                    -113.782778,
                    35.124488
                ],
                [
                    -113.782859,
                    35.124765
                ],
                [
                    -113.782482,
                    35.125066
                ],
                [
                    -113.782299,
                    35.125531
                ],
                [
                    -113.78262,
                    35.12587
                ],
                [
                    -113.783292,
                    35.126078
                ],
                [
                    -113.783027,
                    35.12635
                ],
                [
                    -113.782365,
                    35.126484
                ],
                [
                    -113.781417,
                    35.126403
                ],
                [
                    -113.781164,
                    35.1266
                ],
                [
                    -113.781305,
                    35.127066
                ],
                [
                    -113.781778,
                    35.1276
                ],
                [
                    -113.782786,
                    35.128147
                ],
                [
                    -113.782355,
                    35.128656
                ],
                [
                    -113.782335,
                    35.129437
                ],
                [
                    -113.781993,
                    35.129948
                ],
                [
                    -113.782081,
                    35.131076
                ],
                [
                    -113.782332,
                    35.131387
                ],
                [
                    -113.782483,
                    35.132044
                ],
                [
                    -113.782958,
                    35.132577
                ],
                [
                    -113.782746,
                    35.132883
                ],
                [
                    -113.781196,
                    35.133832
                ],
                [
                    -113.781071,
                    35.134123
                ],
                [
                    -113.781425,
                    35.134255
                ],
                [
                    -113.782121,
                    35.134165
                ],
                [
                    -113.782645,
                    35.133548
                ],
                [
                    -113.783038,
                    35.13353
                ],
                [
                    -113.783364,
                    35.1333
                ],
                [
                    -113.784686,
                    35.133404
                ],
                [
                    -113.783784,
                    35.133901
                ],
                [
                    -113.783342,
                    35.134966
                ],
                [
                    -113.782636,
                    35.135423
                ],
                [
                    -113.782167,
                    35.136201
                ],
                [
                    -113.782098,
                    35.13698
                ],
                [
                    -113.782342,
                    35.137767
                ],
                [
                    -113.783068,
                    35.138386
                ],
                [
                    -113.784419,
                    35.138687
                ],
                [
                    -113.784518,
                    35.138866
                ],
                [
                    -113.784309,
                    35.1397
                ],
                [
                    -113.784422,
                    35.140426
                ],
                [
                    -113.785104,
                    35.140852
                ],
                [
                    -113.786261,
                    35.140995
                ],
                [
                    -113.786352,
                    35.142161
                ],
                [
                    -113.78681,
                    35.142364
                ],
                [
                    -113.787247,
                    35.142985
                ],
                [
                    -113.788281,
                    35.143702
                ],
                [
                    -113.789155,
                    35.143675
                ],
                [
                    -113.789619,
                    35.144689
                ],
                [
                    -113.78979,
                    35.145567
                ],
                [
                    -113.791102,
                    35.146321
                ],
                [
                    -113.792508,
                    35.14776
                ],
                [
                    -113.793893,
                    35.148712
                ],
                [
                    -113.794361,
                    35.148855
                ],
                [
                    -113.796074,
                    35.148581
                ],
                [
                    -113.796282,
                    35.14881
                ],
                [
                    -113.796251,
                    35.149851
                ],
                [
                    -113.796493,
                    35.150638
                ],
                [
                    -113.796941,
                    35.150721
                ],
                [
                    -113.797903,
                    35.150424
                ],
                [
                    -113.798516,
                    35.150448
                ],
                [
                    -113.799146,
                    35.151067
                ],
                [
                    -113.799615,
                    35.152123
                ],
                [
                    -113.80111,
                    35.152322
                ],
                [
                    -113.79995,
                    35.153014
                ],
                [
                    -113.799682,
                    35.15357
                ],
                [
                    -113.799256,
                    35.153835
                ],
                [
                    -113.799211,
                    35.154094
                ],
                [
                    -113.799502,
                    35.154733
                ],
                [
                    -113.800408,
                    35.154761
                ],
                [
                    -113.801875,
                    35.154226
                ],
                [
                    -113.801982,
                    35.153988
                ],
                [
                    -113.802525,
                    35.153809
                ],
                [
                    -113.802736,
                    35.153927
                ],
                [
                    -113.802328,
                    35.15533
                ],
                [
                    -113.802773,
                    35.155566
                ],
                [
                    -113.803253,
                    35.155375
                ],
                [
                    -113.803329,
                    35.155505
                ],
                [
                    -113.802978,
                    35.156276
                ],
                [
                    -113.803298,
                    35.156854
                ],
                [
                    -113.804306,
                    35.156887
                ],
                [
                    -113.805062,
                    35.156685
                ],
                [
                    -113.805619,
                    35.156327
                ],
                [
                    -113.80581,
                    35.156432
                ],
                [
                    -113.805788,
                    35.156611
                ],
                [
                    -113.805425,
                    35.157122
                ],
                [
                    -113.805864,
                    35.15758
                ],
                [
                    -113.807119,
                    35.157902
                ],
                [
                    -113.808617,
                    35.158054
                ],
                [
                    -113.810555,
                    35.157999
                ],
                [
                    -113.810632,
                    35.157763
                ],
                [
                    -113.810618,
                    35.15804
                ],
                [
                    -113.810272,
                    35.158357
                ],
                [
                    -113.808335,
                    35.159229
                ],
                [
                    -113.808215,
                    35.159538
                ],
                [
                    -113.807556,
                    35.160042
                ],
                [
                    -113.807421,
                    35.160489
                ],
                [
                    -113.808287,
                    35.160459
                ],
                [
                    -113.809207,
                    35.160046
                ],
                [
                    -113.810532,
                    35.1598
                ],
                [
                    -113.811142,
                    35.160426
                ],
                [
                    -113.813077,
                    35.15956
                ],
                [
                    -113.813759,
                    35.159424
                ],
                [
                    -113.813995,
                    35.159128
                ],
                [
                    -113.814847,
                    35.158799
                ],
                [
                    -113.815021,
                    35.158497
                ],
                [
                    -113.815243,
                    35.1585
                ],
                [
                    -113.815359,
                    35.158946
                ],
                [
                    -113.815021,
                    35.159759
                ],
                [
                    -113.814265,
                    35.160172
                ],
                [
                    -113.813608,
                    35.160982
                ],
                [
                    -113.813482,
                    35.161499
                ],
                [
                    -113.813624,
                    35.161791
                ],
                [
                    -113.816077,
                    35.162028
                ],
                [
                    -113.817116,
                    35.161673
                ],
                [
                    -113.817752,
                    35.161632
                ],
                [
                    -113.818328,
                    35.161925
                ],
                [
                    -113.818317,
                    35.162438
                ],
                [
                    -113.818971,
                    35.162881
                ],
                [
                    -113.819606,
                    35.162959
                ],
                [
                    -113.82057,
                    35.162514
                ],
                [
                    -113.821207,
                    35.162744
                ],
                [
                    -113.823112,
                    35.163835
                ],
                [
                    -113.823113,
                    35.164096
                ],
                [
                    -113.822529,
                    35.16418
                ],
                [
                    -113.822412,
                    35.164337
                ],
                [
                    -113.822573,
                    35.164709
                ],
                [
                    -113.823021,
                    35.164697
                ],
                [
                    -113.823436,
                    35.164885
                ],
                [
                    -113.823429,
                    35.165237
                ],
                [
                    -113.822991,
                    35.165915
                ],
                [
                    -113.823145,
                    35.166035
                ],
                [
                    -113.824684,
                    35.166362
                ],
                [
                    -113.825161,
                    35.166732
                ],
                [
                    -113.825792,
                    35.166807
                ],
                [
                    -113.826444,
                    35.166355
                ],
                [
                    -113.827085,
                    35.16618
                ],
                [
                    -113.827335,
                    35.167348
                ],
                [
                    -113.827772,
                    35.168383
                ],
                [
                    -113.828109,
                    35.16877
                ],
                [
                    -113.830121,
                    35.169624
                ],
                [
                    -113.831625,
                    35.168377
                ],
                [
                    -113.835242,
                    35.168369
                ],
                [
                    -113.835358,
                    35.168061
                ],
                [
                    -113.837503,
                    35.167297
                ],
                [
                    -113.838105,
                    35.167352
                ],
                [
                    -113.83838,
                    35.169435
                ],
                [
                    -113.838746,
                    35.169451
                ],
                [
                    -113.838736,
                    35.169711
                ],
                [
                    -113.839732,
                    35.170518
                ],
                [
                    -113.839286,
                    35.171288
                ],
                [
                    -113.839466,
                    35.172382
                ],
                [
                    -113.839673,
                    35.172599
                ],
                [
                    -113.840526,
                    35.172827
                ],
                [
                    -113.841391,
                    35.173323
                ],
                [
                    -113.84135,
                    35.172383
                ],
                [
                    -113.840628,
                    35.171062
                ],
                [
                    -113.840854,
                    35.170812
                ],
                [
                    -113.841278,
                    35.170819
                ],
                [
                    -113.841288,
                    35.170559
                ],
                [
                    -113.841819,
                    35.170455
                ],
                [
                    -113.84233,
                    35.170586
                ],
                [
                    -113.84335,
                    35.171854
                ],
                [
                    -113.843668,
                    35.171837
                ],
                [
                    -113.844326,
                    35.171229
                ],
                [
                    -113.845364,
                    35.17099
                ],
                [
                    -113.846581,
                    35.170302
                ],
                [
                    -113.848468,
                    35.17069
                ],
                [
                    -113.848946,
                    35.170628
                ],
                [
                    -113.849433,
                    35.170333
                ],
                [
                    -113.85036,
                    35.170963
                ],
                [
                    -113.850776,
                    35.170885
                ],
                [
                    -113.851059,
                    35.170293
                ],
                [
                    -113.851441,
                    35.17022
                ],
                [
                    -113.851694,
                    35.170309
                ],
                [
                    -113.852118,
                    35.171212
                ],
                [
                    -113.852844,
                    35.171662
                ],
                [
                    -113.853239,
                    35.171651
                ],
                [
                    -113.853249,
                    35.171391
                ],
                [
                    -113.854165,
                    35.170934
                ],
                [
                    -113.855104,
                    35.171255
                ],
                [
                    -113.855642,
                    35.172234
                ],
                [
                    -113.85552,
                    35.172752
                ],
                [
                    -113.856288,
                    35.173443
                ],
                [
                    -113.856918,
                    35.173554
                ],
                [
                    -113.85729,
                    35.173358
                ],
                [
                    -113.857465,
                    35.172973
                ],
                [
                    -113.859031,
                    35.172729
                ],
                [
                    -113.859163,
                    35.172038
                ],
                [
                    -113.860232,
                    35.171899
                ],
                [
                    -113.860473,
                    35.171579
                ],
                [
                    -113.860496,
                    35.171184
                ],
                [
                    -113.860818,
                    35.171058
                ],
                [
                    -113.861534,
                    35.171272
                ],
                [
                    -113.861935,
                    35.172398
                ],
                [
                    -113.861539,
                    35.172648
                ],
                [
                    -113.8617,
                    35.172863
                ],
                [
                    -113.862505,
                    35.172933
                ],
                [
                    -113.862636,
                    35.173197
                ],
                [
                    -113.862539,
                    35.173975
                ],
                [
                    -113.862905,
                    35.174497
                ],
                [
                    -113.863463,
                    35.17426
                ],
                [
                    -113.863921,
                    35.172819
                ],
                [
                    -113.86477,
                    35.172211
                ],
                [
                    -113.86478,
                    35.171951
                ],
                [
                    -113.865115,
                    35.171699
                ],
                [
                    -113.865544,
                    35.171836
                ],
                [
                    -113.865595,
                    35.172492
                ],
                [
                    -113.865961,
                    35.172906
                ],
                [
                    -113.86641,
                    35.174053
                ],
                [
                    -113.86704,
                    35.174175
                ],
                [
                    -113.86832,
                    35.173604
                ],
                [
                    -113.868185,
                    35.173341
                ],
                [
                    -113.868313,
                    35.173053
                ],
                [
                    -113.869244,
                    35.172522
                ],
                [
                    -113.869805,
                    35.1713
                ],
                [
                    -113.87039,
                    35.171259
                ],
                [
                    -113.872596,
                    35.17196
                ],
                [
                    -113.872964,
                    35.171744
                ],
                [
                    -113.873032,
                    35.170997
                ],
                [
                    -113.873507,
                    35.170871
                ],
                [
                    -113.874133,
                    35.171079
                ],
                [
                    -113.874487,
                    35.171382
                ],
                [
                    -113.874783,
                    35.17273
                ],
                [
                    -113.875195,
                    35.173107
                ],
                [
                    -113.875928,
                    35.173261
                ],
                [
                    -113.876275,
                    35.173102
                ],
                [
                    -113.876944,
                    35.172204
                ],
                [
                    -113.878379,
                    35.172419
                ],
                [
                    -113.878608,
                    35.172999
                ],
                [
                    -113.879289,
                    35.173627
                ],
                [
                    -113.879349,
                    35.174447
                ],
                [
                    -113.879705,
                    35.174623
                ],
                [
                    -113.880003,
                    35.174405
                ],
                [
                    -113.880027,
                    35.174157
                ],
                [
                    -113.880686,
                    35.173842
                ],
                [
                    -113.88106,
                    35.172332
                ],
                [
                    -113.881443,
                    35.17258
                ],
                [
                    -113.88167,
                    35.172976
                ],
                [
                    -113.882528,
                    35.172581
                ],
                [
                    -113.883377,
                    35.172517
                ],
                [
                    -113.883916,
                    35.172279
                ],
                [
                    -113.885468,
                    35.173148
                ],
                [
                    -113.886104,
                    35.173105
                ],
                [
                    -113.886759,
                    35.172544
                ],
                [
                    -113.887399,
                    35.172385
                ],
                [
                    -113.887519,
                    35.1741
                ],
                [
                    -113.887737,
                    35.174626
                ],
                [
                    -113.888247,
                    35.175099
                ],
                [
                    -113.888876,
                    35.175236
                ],
                [
                    -113.889865,
                    35.17416
                ],
                [
                    -113.889875,
                    35.1739
                ],
                [
                    -113.89092,
                    35.173736
                ],
                [
                    -113.891848,
                    35.172125
                ],
                [
                    -113.891976,
                    35.172534
                ],
                [
                    -113.89237,
                    35.172988
                ],
                [
                    -113.893078,
                    35.173129
                ],
                [
                    -113.893617,
                    35.172868
                ],
                [
                    -113.894355,
                    35.172895
                ],
                [
                    -113.894708,
                    35.172747
                ],
                [
                    -113.895031,
                    35.171808
                ],
                [
                    -113.895926,
                    35.173272
                ],
                [
                    -113.897026,
                    35.173435
                ],
                [
                    -113.897505,
                    35.173824
                ],
                [
                    -113.898222,
                    35.173854
                ],
                [
                    -113.897768,
                    35.174871
                ],
                [
                    -113.896743,
                    35.175601
                ],
                [
                    -113.896506,
                    35.176153
                ],
                [
                    -113.896609,
                    35.176416
                ],
                [
                    -113.896501,
                    35.176934
                ],
                [
                    -113.895792,
                    35.177696
                ],
                [
                    -113.895788,
                    35.178217
                ],
                [
                    -113.896671,
                    35.17868
                ],
                [
                    -113.897643,
                    35.178158
                ],
                [
                    -113.898596,
                    35.178097
                ],
                [
                    -113.898745,
                    35.177772
                ],
                [
                    -113.898589,
                    35.177508
                ],
                [
                    -113.898632,
                    35.177155
                ],
                [
                    -113.899594,
                    35.176871
                ],
                [
                    -113.900536,
                    35.17712
                ],
                [
                    -113.901278,
                    35.177729
                ],
                [
                    -113.902375,
                    35.177865
                ],
                [
                    -113.90164,
                    35.178367
                ],
                [
                    -113.901003,
                    35.178518
                ],
                [
                    -113.90079,
                    35.178768
                ],
                [
                    -113.899507,
                    35.179148
                ],
                [
                    -113.899123,
                    35.179604
                ],
                [
                    -113.899335,
                    35.179985
                ],
                [
                    -113.900421,
                    35.180143
                ],
                [
                    -113.901352,
                    35.180681
                ],
                [
                    -113.903288,
                    35.180246
                ],
                [
                    -113.903705,
                    35.179804
                ],
                [
                    -113.903618,
                    35.179453
                ],
                [
                    -113.904503,
                    35.178889
                ],
                [
                    -113.905342,
                    35.178886
                ],
                [
                    -113.905756,
                    35.179514
                ],
                [
                    -113.906148,
                    35.179628
                ],
                [
                    -113.90776,
                    35.178925
                ],
                [
                    -113.907895,
                    35.179568
                ],
                [
                    -113.907671,
                    35.180083
                ],
                [
                    -113.90804,
                    35.180591
                ],
                [
                    -113.908515,
                    35.18073
                ],
                [
                    -113.909745,
                    35.180538
                ],
                [
                    -113.910558,
                    35.180921
                ],
                [
                    -113.910795,
                    35.181465
                ],
                [
                    -113.911059,
                    35.181471
                ],
                [
                    -113.911472,
                    35.180961
                ],
                [
                    -113.911375,
                    35.180438
                ],
                [
                    -113.911938,
                    35.179411
                ],
                [
                    -113.91219,
                    35.178376
                ],
                [
                    -113.912048,
                    35.178112
                ],
                [
                    -113.912134,
                    35.177334
                ],
                [
                    -113.911925,
                    35.177045
                ],
                [
                    -113.912661,
                    35.176774
                ],
                [
                    -113.912533,
                    35.177038
                ],
                [
                    -113.912642,
                    35.177347
                ],
                [
                    -113.913282,
                    35.178144
                ],
                [
                    -113.913745,
                    35.179718
                ],
                [
                    -113.913982,
                    35.179795
                ],
                [
                    -113.914094,
                    35.180214
                ],
                [
                    -113.914364,
                    35.18037
                ],
                [
                    -113.91473,
                    35.180301
                ],
                [
                    -113.915025,
                    35.179657
                ],
                [
                    -113.915983,
                    35.179488
                ],
                [
                    -113.916767,
                    35.179126
                ],
                [
                    -113.917472,
                    35.178399
                ],
                [
                    -113.918341,
                    35.178199
                ],
                [
                    -113.918318,
                    35.178793
                ],
                [
                    -113.917491,
                    35.179489
                ],
                [
                    -113.917057,
                    35.180186
                ],
                [
                    -113.916612,
                    35.180572
                ],
                [
                    -113.916353,
                    35.181607
                ],
                [
                    -113.91672,
                    35.182227
                ],
                [
                    -113.917472,
                    35.18216
                ],
                [
                    -113.918098,
                    35.181651
                ],
                [
                    -113.918288,
                    35.181261
                ],
                [
                    -113.919304,
                    35.180805
                ],
                [
                    -113.919738,
                    35.180808
                ],
                [
                    -113.919624,
                    35.181249
                ],
                [
                    -113.920161,
                    35.181845
                ],
                [
                    -113.920062,
                    35.183263
                ],
                [
                    -113.920173,
                    35.183855
                ],
                [
                    -113.921535,
                    35.183588
                ],
                [
                    -113.922026,
                    35.183688
                ],
                [
                    -113.924033,
                    35.184631
                ],
                [
                    -113.924543,
                    35.18572
                ],
                [
                    -113.924915,
                    35.186004
                ],
                [
                    -113.92838,
                    35.187067
                ],
                [
                    -113.929027,
                    35.186728
                ],
                [
                    -113.929186,
                    35.186359
                ],
                [
                    -113.929003,
                    35.185879
                ],
                [
                    -113.928732,
                    35.185826
                ],
                [
                    -113.928554,
                    35.185301
                ],
                [
                    -113.928632,
                    35.184398
                ],
                [
                    -113.928002,
                    35.183985
                ],
                [
                    -113.927832,
                    35.18346
                ],
                [
                    -113.928536,
                    35.182946
                ],
                [
                    -113.928884,
                    35.182446
                ],
                [
                    -113.928571,
                    35.182002
                ],
                [
                    -113.927495,
                    35.18163
                ],
                [
                    -113.927978,
                    35.180861
                ],
                [
                    -113.928039,
                    35.180602
                ],
                [
                    -113.927857,
                    35.180451
                ]
            ]
        ]
    },
    "properties": {
        "@id": "https://api.weather.gov/zones/forecast/AZZ576",
        "@type": "wx:Zone",
        "id": "AZZ576",
        "type": "public",
        "name": "Northwest Deserts",
        "effectiveDate": "2026-04-16T18:00:00+00:00",
        "expirationDate": "2200-01-01T00:00:00+00:00",
        "state": "AZ",
        "forecastOffice": "https://api.weather.gov/offices/VEF",
        "gridIdentifier": "VEF",
        "awipsLocationIdentifier": "VEF",
        "cwa": [
            "VEF"
        ],
        "forecastOffices": [
            "https://api.weather.gov/offices/VEF"
        ],
        "timeZone": [
            "America/Phoenix"
        ],
        "observationStations": [
            "https://api.weather.gov/stations/KIGM"
        ],
        "radarStation": null
    }
}