{
    "@context": {
        "@version": "1.1"
    },
    "id": "https://api.weather.gov/zones/forecast/AZZ012",
    "type": "Feature",
    "geometry": {
        "type": "Polygon",
        "coordinates": [
            [
                [
                    -111.295113,
                    36.049809
                ],
                [
                    -111.293922,
                    36.049587
                ],
                [
                    -111.293015,
                    36.049763
                ],
                [
                    -111.292175,
                    36.050224
                ],
                [
                    -111.291626,
                    36.051201
                ],
                [
                    -111.290794,
                    36.052063
                ],
                [
                    -111.289955,
                    36.052124
                ],
                [
                    -111.287239,
                    36.05357
                ],
                [
                    -111.285446,
                    36.055927
                ],
                [
                    -111.284256,
                    36.055759
                ],
                [
                    -111.281769,
                    36.052681
                ],
                [
                    -111.282181,
                    36.051876
                ],
                [
                    -111.281822,
                    36.050903
                ],
                [
                    -111.280075,
                    36.051258
                ],
                [
                    -111.279305,
                    36.051205
                ],
                [
                    -111.278465,
                    36.050865
                ],
                [
                    -111.277626,
                    36.050755
                ],
                [
                    -111.276718,
                    36.050873
                ],
                [
                    -111.275665,
                    36.050705
                ],
                [
                    -111.275795,
                    36.049732
                ],
                [
                    -111.276131,
                    36.048927
                ],
                [
                    -111.277306,
                    36.047607
                ],
                [
                    -111.277512,
                    36.046688
                ],
                [
                    -111.275917,
                    36.041313
                ],
                [
                    -111.2752,
                    36.0396
                ],
                [
                    -111.275047,
                    36.038685
                ],
                [
                    -111.274849,
                    36.033073
                ],
                [
                    -111.274628,
                    36.032158
                ],
                [
                    -111.274063,
                    36.031418
                ],
                [
                    -111.272438,
                    36.030281
                ],
                [
                    -111.271675,
                    36.031029
                ],
                [
                    -111.270493,
                    36.031208
                ],
                [
                    -111.269577,
                    36.030983
                ],
                [
                    -111.268593,
                    36.0303
                ],
                [
                    -111.268295,
                    36.029156
                ],
                [
                    -111.268288,
                    36.028069
                ],
                [
                    -111.268677,
                    36.025604
                ],
                [
                    -111.267975,
                    36.025036
                ],
                [
                    -111.266357,
                    36.024471
                ],
                [
                    -111.263313,
                    36.027863
                ],
                [
                    -111.26255,
                    36.028439
                ],
                [
                    -111.262146,
                    36.029873
                ],
                [
                    -111.261665,
                    36.030506
                ],
                [
                    -111.260826,
                    36.031025
                ],
                [
                    -111.259918,
                    36.031029
                ],
                [
                    -111.25853,
                    36.032238
                ],
                [
                    -111.258049,
                    36.032986
                ],
                [
                    -111.258057,
                    36.033787
                ],
                [
                    -111.25779,
                    36.034935
                ],
                [
                    -111.257164,
                    36.03545
                ],
                [
                    -111.255493,
                    36.036034
                ],
                [
                    -111.254509,
                    36.036095
                ],
                [
                    -111.252495,
                    36.030895
                ],
                [
                    -111.252625,
                    36.029919
                ],
                [
                    -111.25325,
                    36.029114
                ],
                [
                    -111.254509,
                    36.029339
                ],
                [
                    -111.255363,
                    36.029266
                ],
                [
                    -111.255974,
                    36.028587
                ],
                [
                    -111.255135,
                    36.027691
                ],
                [
                    -111.255745,
                    36.026928
                ],
                [
                    -111.25602,
                    36.026009
                ],
                [
                    -111.25531,
                    36.025269
                ],
                [
                    -111.254181,
                    36.024815
                ],
                [
                    -111.253685,
                    36.024132
                ],
                [
                    -111.254654,
                    36.022636
                ],
                [
                    -111.254059,
                    36.021481
                ],
                [
                    -111.252243,
                    36.019787
                ],
                [
                    -111.253082,
                    36.019669
                ],
                [
                    -111.257118,
                    36.017586
                ],
                [
                    -111.258163,
                    36.017239
                ],
                [
                    -111.258934,
                    36.017464
                ],
                [
                    -111.260628,
                    36.018658
                ],
                [
                    -111.262917,
                    36.01693
                ],
                [
                    -111.263039,
                    36.015038
                ],
                [
                    -111.262962,
                    36.014236
                ],
                [
                    -111.262672,
                    36.013439
                ],
                [
                    -111.260139,
                    36.012077
                ],
                [
                    -111.2602,
                    36.011101
                ],
                [
                    -111.261032,
                    36.010582
                ],
                [
                    -111.261871,
                    36.010349
                ],
                [
                    -111.262428,
                    36.00983
                ],
                [
                    -111.261925,
                    36.00909
                ],
                [
                    -111.262054,
                    36.008118
                ],
                [
                    -111.261559,
                    36.007431
                ],
                [
                    -111.260513,
                    36.007664
                ],
                [
                    -111.257591,
                    36.009171
                ],
                [
                    -111.256195,
                    36.009403
                ],
                [
                    -111.254509,
                    36.009411
                ],
                [
                    -111.252403,
                    36.008545
                ],
                [
                    -111.251221,
                    36.008972
                ],
                [
                    -111.250374,
                    36.008575
                ],
                [
                    -111.24939,
                    36.008465
                ],
                [
                    -111.24855,
                    36.007954
                ],
                [
                    -111.248749,
                    36.006805
                ],
                [
                    -111.249641,
                    36.005371
                ],
                [
                    -111.250748,
                    36.004047
                ],
                [
                    -111.251083,
                    36.003132
                ],
                [
                    -111.250313,
                    36.002506
                ],
                [
                    -111.249336,
                    36.002968
                ],
                [
                    -111.247948,
                    36.004063
                ],
                [
                    -111.246902,
                    36.004353
                ],
                [
                    -111.245918,
                    36.004417
                ],
                [
                    -111.24437,
                    36.003506
                ],
                [
                    -111.242828,
                    36.003342
                ],
                [
                    -111.241287,
                    36.002949
                ],
                [
                    -111.240654,
                    36.002552
                ],
                [
                    -111.241066,
                    36.001862
                ],
                [
                    -111.24176,
                    36.001457
                ],
                [
                    -111.243439,
                    36.001621
                ],
                [
                    -111.245186,
                    36.001156
                ],
                [
                    -111.247475,
                    35.999256
                ],
                [
                    -111.248848,
                    35.996273
                ],
                [
                    -111.249878,
                    35.994892
                ],
                [
                    -111.250282,
                    35.993755
                ],
                [
                    -111.252289,
                    35.990929
                ],
                [
                    -111.253105,
                    35.98875
                ],
                [
                    -111.253166,
                    35.988007
                ],
                [
                    -111.252876,
                    35.987148
                ],
                [
                    -111.252174,
                    35.98658
                ],
                [
                    -111.250206,
                    35.985901
                ],
                [
                    -111.250061,
                    35.9851
                ],
                [
                    -111.250122,
                    35.984299
                ],
                [
                    -111.250534,
                    35.983551
                ],
                [
                    -111.250664,
                    35.982807
                ],
                [
                    -111.25058,
                    35.981949
                ],
                [
                    -111.249939,
                    35.980293
                ],
                [
                    -111.250259,
                    35.977428
                ],
                [
                    -111.25074,
                    35.976624
                ],
                [
                    -111.250168,
                    35.975994
                ],
                [
                    -111.248276,
                    35.975262
                ],
                [
                    -111.247086,
                    35.975552
                ],
                [
                    -111.246315,
                    35.975555
                ],
                [
                    -111.244621,
                    35.974361
                ],
                [
                    -111.2435,
                    35.973854
                ],
                [
                    -111.242729,
                    35.973801
                ],
                [
                    -111.241463,
                    35.973404
                ],
                [
                    -111.241035,
                    35.972721
                ],
                [
                    -111.24131,
                    35.971687
                ],
                [
                    -111.245331,
                    35.968575
                ],
                [
                    -111.247826,
                    35.965874
                ],
                [
                    -111.248787,
                    35.964092
                ],
                [
                    -111.248848,
                    35.963177
                ],
                [
                    -111.248207,
                    35.962494
                ],
                [
                    -111.246468,
                    35.963017
                ],
                [
                    -111.24472,
                    35.96331
                ],
                [
                    -111.243805,
                    35.963203
                ],
                [
                    -111.241982,
                    35.962524
                ],
                [
                    -111.241417,
                    35.961781
                ],
                [
                    -111.243004,
                    35.959656
                ],
                [
                    -111.244034,
                    35.957817
                ],
                [
                    -111.24437,
                    35.956902
                ],
                [
                    -111.243736,
                    35.956444
                ],
                [
                    -111.242134,
                    35.957142
                ],
                [
                    -111.241226,
                    35.957146
                ],
                [
                    -111.240456,
                    35.956921
                ],
                [
                    -111.240089,
                    35.956005
                ],
                [
                    -111.240067,
                    35.953144
                ],
                [
                    -111.239555,
                    35.951427
                ],
                [
                    -111.239609,
                    35.950226
                ],
                [
                    -111.240166,
                    35.949478
                ],
                [
                    -111.242676,
                    35.94878
                ],
                [
                    -111.243729,
                    35.948658
                ],
                [
                    -111.248047,
                    35.94709
                ],
                [
                    -111.248528,
                    35.946404
                ],
                [
                    -111.248802,
                    35.945484
                ],
                [
                    -111.249702,
                    35.944851
                ],
                [
                    -111.249413,
                    35.943935
                ],
                [
                    -111.248291,
                    35.943371
                ],
                [
                    -111.247101,
                    35.943375
                ],
                [
                    -111.246948,
                    35.942459
                ],
                [
                    -111.24736,
                    35.941597
                ],
                [
                    -111.248123,
                    35.940849
                ],
                [
                    -111.251251,
                    35.939003
                ],
                [
                    -111.252014,
                    35.938313
                ],
                [
                    -111.252556,
                    35.936821
                ],
                [
                    -111.251923,
                    35.936024
                ],
                [
                    -111.251076,
                    35.935627
                ],
                [
                    -111.250099,
                    35.935631
                ],
                [
                    -111.248558,
                    35.936039
                ],
                [
                    -111.244659,
                    35.937946
                ],
                [
                    -111.243614,
                    35.938011
                ],
                [
                    -111.242775,
                    35.937843
                ],
                [
                    -111.242134,
                    35.937042
                ],
                [
                    -111.241913,
                    35.936127
                ],
                [
                    -111.240868,
                    35.936363
                ],
                [
                    -111.239342,
                    35.93763
                ],
                [
                    -111.237602,
                    35.938667
                ],
                [
                    -111.235649,
                    35.939308
                ],
                [
                    -111.234665,
                    35.939312
                ],
                [
                    -111.232559,
                    35.938236
                ],
                [
                    -111.230637,
                    35.934982
                ],
                [
                    -111.230766,
                    35.934063
                ],
                [
                    -111.231102,
                    35.933319
                ],
                [
                    -111.232079,
                    35.932854
                ],
                [
                    -111.232635,
                    35.93211
                ],
                [
                    -111.232971,
                    35.931305
                ],
                [
                    -111.232964,
                    35.930561
                ],
                [
                    -111.232468,
                    35.929878
                ],
                [
                    -111.231621,
                    35.929195
                ],
                [
                    -111.230698,
                    35.927479
                ],
                [
                    -111.230194,
                    35.926853
                ],
                [
                    -111.229424,
                    35.926571
                ],
                [
                    -111.228516,
                    35.926689
                ],
                [
                    -111.226631,
                    35.927101
                ],
                [
                    -111.224747,
                    35.927795
                ],
                [
                    -111.223907,
                    35.927799
                ],
                [
                    -111.223068,
                    35.927574
                ],
                [
                    -111.221992,
                    35.92506
                ],
                [
                    -111.222672,
                    35.923168
                ],
                [
                    -111.222939,
                    35.921906
                ],
                [
                    -111.222717,
                    35.920818
                ],
                [
                    -111.222084,
                    35.920307
                ],
                [
                    -111.219902,
                    35.919804
                ],
                [
                    -111.218849,
                    35.919292
                ],
                [
                    -111.218559,
                    35.91832
                ],
                [
                    -111.21833,
                    35.916603
                ],
                [
                    -111.219017,
                    35.91494
                ],
                [
                    -111.219147,
                    35.914082
                ],
                [
                    -111.219627,
                    35.913162
                ],
                [
                    -111.220665,
                    35.9119
                ],
                [
                    -111.220863,
                    35.911152
                ],
                [
                    -111.220901,
                    35.908234
                ],
                [
                    -111.221367,
                    35.905369
                ],
                [
                    -111.221352,
                    35.904449
                ],
                [
                    -111.221062,
                    35.903309
                ],
                [
                    -111.220131,
                    35.900963
                ],
                [
                    -111.220306,
                    35.898273
                ],
                [
                    -111.220024,
                    35.897587
                ],
                [
                    -111.215904,
                    35.891708
                ],
                [
                    -111.212708,
                    35.887775
                ],
                [
                    -111.21109,
                    35.886581
                ],
                [
                    -111.209679,
                    35.886013
                ],
                [
                    -111.208839,
                    35.885845
                ],
                [
                    -111.206116,
                    35.886261
                ],
                [
                    -111.206177,
                    35.885288
                ],
                [
                    -111.207123,
                    35.882591
                ],
                [
                    -111.207108,
                    35.881046
                ],
                [
                    -111.20639,
                    35.879505
                ],
                [
                    -111.205688,
                    35.879047
                ],
                [
                    -111.204781,
                    35.878765
                ],
                [
                    -111.203026,
                    35.878777
                ],
                [
                    -111.201981,
                    35.878895
                ],
                [
                    -111.199677,
                    35.879936
                ],
                [
                    -111.198914,
                    35.880112
                ],
                [
                    -111.198555,
                    35.879429
                ],
                [
                    -111.199036,
                    35.878681
                ],
                [
                    -111.200493,
                    35.877586
                ],
                [
                    -111.201881,
                    35.876091
                ],
                [
                    -111.202286,
                    35.875172
                ],
                [
                    -111.202278,
                    35.874371
                ],
                [
                    -111.201439,
                    35.873802
                ],
                [
                    -111.200661,
                    35.873634
                ],
                [
                    -111.195633,
                    35.874229
                ],
                [
                    -111.194511,
                    35.874237
                ],
                [
                    -111.193741,
                    35.873898
                ],
                [
                    -111.192818,
                    35.873043
                ],
                [
                    -111.192459,
                    35.872185
                ],
                [
                    -111.192451,
                    35.871326
                ],
                [
                    -111.193405,
                    35.868687
                ],
                [
                    -111.193375,
                    35.866283
                ],
                [
                    -111.192535,
                    35.865944
                ],
                [
                    -111.190651,
                    35.866356
                ],
                [
                    -111.189667,
                    35.866131
                ],
                [
                    -111.189583,
                    35.865215
                ],
                [
                    -111.189857,
                    35.864124
                ],
                [
                    -111.190475,
                    35.863319
                ],
                [
                    -111.190315,
                    35.861031
                ],
                [
                    -111.189743,
                    35.860405
                ],
                [
                    -111.18911,
                    35.860004
                ],
                [
                    -111.185951,
                    35.858932
                ],
                [
                    -111.184052,
                    35.857742
                ],
                [
                    -111.182297,
                    35.857235
                ],
                [
                    -111.180687,
                    35.857815
                ],
                [
                    -111.179718,
                    35.858391
                ],
                [
                    -111.178757,
                    35.860115
                ],
                [
                    -111.178131,
                    35.860634
                ],
                [
                    -111.177078,
                    35.860237
                ],
                [
                    -111.176582,
                    35.85955
                ],
                [
                    -111.176567,
                    35.858749
                ],
                [
                    -111.177338,
                    35.858231
                ],
                [
                    -111.177818,
                    35.857655
                ],
                [
                    -111.178436,
                    35.856106
                ],
                [
                    -111.178421,
                    35.855305
                ],
                [
                    -111.177849,
                    35.853592
                ],
                [
                    -111.177078,
                    35.853653
                ],
                [
                    -111.176926,
                    35.852623
                ],
                [
                    -111.178101,
                    35.851299
                ],
                [
                    -111.178864,
                    35.850723
                ],
                [
                    -111.179276,
                    35.849976
                ],
                [
                    -111.17807,
                    35.848381
                ],
                [
                    -111.177223,
                    35.847641
                ],
                [
                    -111.174706,
                    35.847538
                ],
                [
                    -111.17421,
                    35.846909
                ],
                [
                    -111.174194,
                    35.845993
                ],
                [
                    -111.175095,
                    35.845245
                ],
                [
                    -111.175934,
                    35.845013
                ],
                [
                    -111.176834,
                    35.844208
                ],
                [
                    -111.177177,
                    35.843403
                ],
                [
                    -111.177101,
                    35.842373
                ],
                [
                    -111.17646,
                    35.841919
                ],
                [
                    -111.173393,
                    35.843079
                ],
                [
                    -111.172417,
                    35.843025
                ],
                [
                    -111.171921,
                    35.842285
                ],
                [
                    -111.17205,
                    35.84148
                ],
                [
                    -111.172729,
                    35.839645
                ],
                [
                    -111.17244,
                    35.838673
                ],
                [
                    -111.171524,
                    35.838276
                ],
                [
                    -111.170685,
                    35.838394
                ],
                [
                    -111.171646,
                    35.836674
                ],
                [
                    -111.172623,
                    35.836327
                ],
                [
                    -111.17276,
                    35.835579
                ],
                [
                    -111.171005,
                    35.835304
                ],
                [
                    -111.169952,
                    35.835308
                ],
                [
                    -111.168427,
                    35.83606
                ],
                [
                    -111.166817,
                    35.836525
                ],
                [
                    -111.161987,
                    35.836147
                ],
                [
                    -111.161148,
                    35.836266
                ],
                [
                    -111.160233,
                    35.835697
                ],
                [
                    -111.159874,
                    35.835014
                ],
                [
                    -111.159714,
                    35.833355
                ],
                [
                    -111.156052,
                    35.831367
                ],
                [
                    -111.15535,
                    35.830685
                ],
                [
                    -111.153503,
                    35.828003
                ],
                [
                    -111.153069,
                    35.826973
                ],
                [
                    -111.151932,
                    35.825546
                ],
                [
                    -111.15004,
                    35.824986
                ],
                [
                    -111.149338,
                    35.824585
                ],
                [
                    -111.148834,
                    35.823788
                ],
                [
                    -111.147713,
                    35.823334
                ],
                [
                    -111.145966,
                    35.82346
                ],
                [
                    -111.144073,
                    35.823353
                ],
                [
                    -111.144203,
                    35.822495
                ],
                [
                    -111.144051,
                    35.821522
                ],
                [
                    -111.143005,
                    35.821411
                ],
                [
                    -111.142097,
                    35.821644
                ],
                [
                    -111.141327,
                    35.822048
                ],
                [
                    -111.140274,
                    35.821484
                ],
                [
                    -111.140198,
                    35.820625
                ],
                [
                    -111.139282,
                    35.820343
                ],
                [
                    -111.139206,
                    35.819542
                ],
                [
                    -111.13961,
                    35.818508
                ],
                [
                    -111.139107,
                    35.816677
                ],
                [
                    -111.140282,
                    35.815357
                ],
                [
                    -111.139648,
                    35.814957
                ],
                [
                    -111.138184,
                    35.815422
                ],
                [
                    -111.137405,
                    35.815197
                ],
                [
                    -111.137047,
                    35.814285
                ],
                [
                    -111.136971,
                    35.813309
                ],
                [
                    -111.135857,
                    35.814117
                ],
                [
                    -111.134254,
                    35.814754
                ],
                [
                    -111.133484,
                    35.814816
                ],
                [
                    -111.132576,
                    35.81459
                ],
                [
                    -111.132072,
                    35.813908
                ],
                [
                    -111.131371,
                    35.813511
                ],
                [
                    -111.129074,
                    35.814438
                ],
                [
                    -111.125931,
                    35.815369
                ],
                [
                    -111.125099,
                    35.816059
                ],
                [
                    -111.123985,
                    35.81641
                ],
                [
                    -111.121887,
                    35.816704
                ],
                [
                    -111.120422,
                    35.817226
                ],
                [
                    -111.118256,
                    35.817524
                ],
                [
                    -111.118668,
                    35.816605
                ],
                [
                    -111.119987,
                    35.815628
                ],
                [
                    -111.121094,
                    35.814419
                ],
                [
                    -111.120598,
                    35.813847
                ],
                [
                    -111.118774,
                    35.813629
                ],
                [
                    -111.11821,
                    35.812943
                ],
                [
                    -111.118904,
                    35.812366
                ],
                [
                    -111.119881,
                    35.812019
                ],
                [
                    -111.120575,
                    35.811558
                ],
                [
                    -111.121887,
                    35.810177
                ],
                [
                    -111.125519,
                    35.809128
                ],
                [
                    -111.127266,
                    35.808453
                ],
                [
                    -111.128571,
                    35.806938
                ],
                [
                    -111.128845,
                    35.806252
                ],
                [
                    -111.128342,
                    35.805164
                ],
                [
                    -111.126045,
                    35.805805
                ],
                [
                    -111.124931,
                    35.807072
                ],
                [
                    -111.123894,
                    35.807648
                ],
                [
                    -111.120872,
                    35.806976
                ],
                [
                    -111.120171,
                    35.806408
                ],
                [
                    -111.120155,
                    35.80555
                ],
                [
                    -111.119171,
                    35.804981
                ],
                [
                    -111.117561,
                    35.804588
                ],
                [
                    -111.115921,
                    35.802135
                ],
                [
                    -111.115555,
                    35.80019
                ],
                [
                    -111.115677,
                    35.798355
                ],
                [
                    -111.116089,
                    35.797554
                ],
                [
                    -111.116859,
                    35.798065
                ],
                [
                    -111.117767,
                    35.7976
                ],
                [
                    -111.118042,
                    35.796913
                ],
                [
                    -111.117043,
                    35.795601
                ],
                [
                    -111.116684,
                    35.7948
                ],
                [
                    -111.116959,
                    35.794113
                ],
                [
                    -111.116043,
                    35.793716
                ],
                [
                    -111.115143,
                    35.794121
                ],
                [
                    -111.11409,
                    35.794186
                ],
                [
                    -111.114151,
                    35.793037
                ],
                [
                    -111.114845,
                    35.792519
                ],
                [
                    -111.115891,
                    35.792343
                ],
                [
                    -111.116798,
                    35.791939
                ],
                [
                    -111.119293,
                    35.790092
                ],
                [
                    -111.120827,
                    35.789284
                ],
                [
                    -111.121452,
                    35.788708
                ],
                [
                    -111.121025,
                    35.788025
                ],
                [
                    -111.121017,
                    35.787224
                ],
                [
                    -111.120659,
                    35.786366
                ],
                [
                    -111.118835,
                    35.785744
                ],
                [
                    -111.116928,
                    35.784492
                ],
                [
                    -111.116707,
                    35.783691
                ],
                [
                    -111.117958,
                    35.7822
                ],
                [
                    -111.117599,
                    35.781513
                ],
                [
                    -111.11689,
                    35.781002
                ],
                [
                    -111.116051,
                    35.780891
                ],
                [
                    -111.116875,
                    35.779514
                ],
                [
                    -111.116661,
                    35.778713
                ],
                [
                    -111.114769,
                    35.778835
                ],
                [
                    -111.113503,
                    35.778385
                ],
                [
                    -111.112663,
                    35.777874
                ],
                [
                    -111.111679,
                    35.777706
                ],
                [
                    -111.112015,
                    35.776672
                ],
                [
                    -111.115349,
                    35.774082
                ],
                [
                    -111.116112,
                    35.773331
                ],
                [
                    -111.116592,
                    35.772472
                ],
                [
                    -111.115044,
                    35.771622
                ],
                [
                    -111.113922,
                    35.771797
                ],
                [
                    -111.112053,
                    35.773125
                ],
                [
                    -111.111359,
                    35.773815
                ],
                [
                    -111.110878,
                    35.774731
                ],
                [
                    -111.10997,
                    35.775368
                ],
                [
                    -111.108917,
                    35.775085
                ],
                [
                    -111.10849,
                    35.774284
                ],
                [
                    -111.10717,
                    35.774963
                ],
                [
                    -111.106407,
                    35.775726
                ],
                [
                    -111.105705,
                    35.77533
                ],
                [
                    -111.105278,
                    35.77459
                ],
                [
                    -111.105537,
                    35.773098
                ],
                [
                    -111.102615,
                    35.774544
                ],
                [
                    -111.102417,
                    35.775574
                ],
                [
                    -111.10157,
                    35.775234
                ],
                [
                    -111.102325,
                    35.773743
                ],
                [
                    -111.098198,
                    35.773418
                ],
                [
                    -111.096382,
                    35.774231
                ],
                [
                    -111.095749,
                    35.773434
                ],
                [
                    -111.095306,
                    35.771832
                ],
                [
                    -111.09626,
                    35.769306
                ],
                [
                    -111.09668,
                    35.768677
                ],
                [
                    -111.097298,
                    35.768215
                ],
                [
                    -111.099037,
                    35.767288
                ],
                [
                    -111.101501,
                    35.765514
                ],
                [
                    -111.101959,
                    35.764984
                ],
                [
                    -111.102219,
                    35.763039
                ],
                [
                    -111.101372,
                    35.762413
                ],
                [
                    -111.099487,
                    35.762157
                ],
                [
                    -111.09816,
                    35.76363
                ],
                [
                    -111.097466,
                    35.764149
                ],
                [
                    -111.095451,
                    35.765247
                ],
                [
                    -111.094398,
                    35.765423
                ],
                [
                    -111.092575,
                    35.765144
                ],
                [
                    -111.09243,
                    35.764343
                ],
                [
                    -111.09256,
                    35.763371
                ],
                [
                    -111.092903,
                    35.76268
                ],
                [
                    -111.094284,
                    35.761185
                ],
                [
                    -111.095406,
                    35.761009
                ],
                [
                    -111.097076,
                    35.760487
                ],
                [
                    -111.098534,
                    35.75922
                ],
                [
                    -111.099228,
                    35.758472
                ],
                [
                    -111.099289,
                    35.757496
                ],
                [
                    -111.098579,
                    35.756927
                ],
                [
                    -111.097672,
                    35.756702
                ],
                [
                    -111.095642,
                    35.757114
                ],
                [
                    -111.094673,
                    35.757633
                ],
                [
                    -111.093414,
                    35.757927
                ],
                [
                    -111.091591,
                    35.757706
                ],
                [
                    -111.089706,
                    35.757889
                ],
                [
                    -111.087822,
                    35.758812
                ],
                [
                    -111.086777,
                    35.758991
                ],
                [
                    -111.081528,
                    35.758842
                ],
                [
                    -111.079346,
                    35.757996
                ],
                [
                    -111.077782,
                    35.756058
                ],
                [
                    -111.076431,
                    35.753887
                ],
                [
                    -111.07605,
                    35.750854
                ],
                [
                    -111.075043,
                    35.748341
                ],
                [
                    -111.074478,
                    35.747486
                ],
                [
                    -111.074257,
                    35.746628
                ],
                [
                    -111.07502,
                    35.745823
                ],
                [
                    -111.075859,
                    35.746044
                ],
                [
                    -111.076843,
                    35.74604
                ],
                [
                    -111.078865,
                    35.745632
                ],
                [
                    -111.079987,
                    35.745567
                ],
                [
                    -111.085709,
                    35.743881
                ],
                [
                    -111.090668,
                    35.742825
                ],
                [
                    -111.091637,
                    35.742477
                ],
                [
                    -111.093658,
                    35.741436
                ],
                [
                    -111.095261,
                    35.740913
                ],
                [
                    -111.096031,
                    35.740337
                ],
                [
                    -111.097237,
                    35.738842
                ],
                [
                    -111.097954,
                    35.736893
                ],
                [
                    -111.097237,
                    35.736324
                ],
                [
                    -111.096268,
                    35.736214
                ],
                [
                    -111.094521,
                    35.736507
                ],
                [
                    -111.090553,
                    35.738701
                ],
                [
                    -111.089851,
                    35.738934
                ],
                [
                    -111.087822,
                    35.738831
                ],
                [
                    -111.084961,
                    35.739475
                ],
                [
                    -111.081886,
                    35.739662
                ],
                [
                    -111.080833,
                    35.739838
                ],
                [
                    -111.078323,
                    35.740822
                ],
                [
                    -111.076157,
                    35.740948
                ],
                [
                    -111.075104,
                    35.740726
                ],
                [
                    -111.074257,
                    35.740158
                ],
                [
                    -111.075027,
                    35.739754
                ],
                [
                    -111.075867,
                    35.739689
                ],
                [
                    -111.075508,
                    35.738892
                ],
                [
                    -111.074524,
                    35.73838
                ],
                [
                    -111.072906,
                    35.73793
                ],
                [
                    -111.073318,
                    35.736954
                ],
                [
                    -111.074432,
                    35.736607
                ],
                [
                    -111.076393,
                    35.73671
                ],
                [
                    -111.079613,
                    35.736408
                ],
                [
                    -111.082481,
                    35.736683
                ],
                [
                    -111.083252,
                    35.736507
                ],
                [
                    -111.084015,
                    35.736042
                ],
                [
                    -111.085899,
                    35.735405
                ],
                [
                    -111.086098,
                    35.734489
                ],
                [
                    -111.085182,
                    35.733749
                ],
                [
                    -111.084198,
                    35.733467
                ],
                [
                    -111.082237,
                    35.73336
                ],
                [
                    -111.079849,
                    35.732914
                ],
                [
                    -111.077171,
                    35.731266
                ],
                [
                    -111.078003,
                    35.730404
                ],
                [
                    -111.080154,
                    35.728676
                ],
                [
                    -111.083168,
                    35.728546
                ],
                [
                    -111.085114,
                    35.727795
                ],
                [
                    -111.086021,
                    35.727215
                ],
                [
                    -111.088089,
                    35.724228
                ],
                [
                    -111.088699,
                    35.722507
                ],
                [
                    -111.089394,
                    35.721703
                ],
                [
                    -111.091339,
                    35.720146
                ],
                [
                    -111.091606,
                    35.719345
                ],
                [
                    -111.091385,
                    35.71843
                ],
                [
                    -111.092369,
                    35.718483
                ],
                [
                    -111.093987,
                    35.719276
                ],
                [
                    -111.094467,
                    35.718643
                ],
                [
                    -111.094742,
                    35.71767
                ],
                [
                    -111.095291,
                    35.71698
                ],
                [
                    -111.096123,
                    35.716461
                ],
                [
                    -111.096611,
                    35.715885
                ],
                [
                    -111.096672,
                    35.71497
                ],
                [
                    -111.097435,
                    35.71468
                ],
                [
                    -111.098633,
                    35.714958
                ],
                [
                    -111.098152,
                    35.716049
                ],
                [
                    -111.097954,
                    35.717079
                ],
                [
                    -111.098312,
                    35.718281
                ],
                [
                    -111.098953,
                    35.718964
                ],
                [
                    -111.099861,
                    35.718559
                ],
                [
                    -111.100906,
                    35.71867
                ],
                [
                    -111.101547,
                    35.719353
                ],
                [
                    -111.101089,
                    35.72216
                ],
                [
                    -111.102081,
                    35.723759
                ],
                [
                    -111.102928,
                    35.724442
                ],
                [
                    -111.104103,
                    35.722836
                ],
                [
                    -111.104233,
                    35.721916
                ],
                [
                    -111.103378,
                    35.720261
                ],
                [
                    -111.103294,
                    35.719402
                ],
                [
                    -111.103691,
                    35.717167
                ],
                [
                    -111.103683,
                    35.716022
                ],
                [
                    -111.103386,
                    35.714764
                ],
                [
                    -111.103432,
                    35.712475
                ],
                [
                    -111.103569,
                    35.711727
                ],
                [
                    -111.105423,
                    35.708397
                ],
                [
                    -111.10582,
                    35.706509
                ],
                [
                    -111.105812,
                    35.705589
                ],
                [
                    -111.105034,
                    35.704678
                ],
                [
                    -111.104042,
                    35.704052
                ],
                [
                    -111.103134,
                    35.70406
                ],
                [
                    -111.102371,
                    35.70435
                ],
                [
                    -111.100616,
                    35.704357
                ],
                [
                    -111.099701,
                    35.703732
                ],
                [
                    -111.098587,
                    35.704136
                ],
                [
                    -111.096992,
                    35.705578
                ],
                [
                    -111.096016,
                    35.705753
                ],
                [
                    -111.094398,
                    35.70496
                ],
                [
                    -111.093704,
                    35.705822
                ],
                [
                    -111.092804,
                    35.70657
                ],
                [
                    -111.092392,
                    35.707203
                ],
                [
                    -111.092552,
                    35.709034
                ],
                [
                    -111.091995,
                    35.709953
                ],
                [
                    -111.09095,
                    35.710072
                ],
                [
                    -111.090248,
                    35.709846
                ],
                [
                    -111.089539,
                    35.708992
                ],
                [
                    -111.088211,
                    35.709171
                ],
                [
                    -111.086617,
                    35.710838
                ],
                [
                    -111.086075,
                    35.712101
                ],
                [
                    -111.084961,
                    35.712734
                ],
                [
                    -111.084534,
                    35.712051
                ],
                [
                    -111.084244,
                    35.711021
                ],
                [
                    -111.084236,
                    35.71022
                ],
                [
                    -111.084717,
                    35.70953
                ],
                [
                    -111.085342,
                    35.709126
                ],
                [
                    -111.086037,
                    35.708378
                ],
                [
                    -111.086517,
                    35.70763
                ],
                [
                    -111.086998,
                    35.706657
                ],
                [
                    -111.087128,
                    35.705624
                ],
                [
                    -111.08622,
                    35.70586
                ],
                [
                    -111.085175,
                    35.706379
                ],
                [
                    -111.083076,
                    35.706676
                ],
                [
                    -111.081955,
                    35.706394
                ],
                [
                    -111.081596,
                    35.705708
                ],
                [
                    -111.08194,
                    35.704964
                ],
                [
                    -111.083817,
                    35.703693
                ],
                [
                    -111.085129,
                    35.702084
                ],
                [
                    -111.086105,
                    35.701565
                ],
                [
                    -111.087982,
                    35.701042
                ],
                [
                    -111.088745,
                    35.700405
                ],
                [
                    -111.090126,
                    35.698051
                ],
                [
                    -111.090889,
                    35.697304
                ],
                [
                    -111.092773,
                    35.696781
                ],
                [
                    -111.093674,
                    35.696087
                ],
                [
                    -111.094086,
                    35.695171
                ],
                [
                    -111.093307,
                    35.694775
                ],
                [
                    -111.092331,
                    35.694836
                ],
                [
                    -111.090454,
                    35.696335
                ],
                [
                    -111.089409,
                    35.696854
                ],
                [
                    -111.084244,
                    35.698139
                ],
                [
                    -111.083481,
                    35.698544
                ],
                [
                    -111.083,
                    35.699291
                ],
                [
                    -111.081055,
                    35.700729
                ],
                [
                    -111.080284,
                    35.700504
                ],
                [
                    -111.078796,
                    35.698967
                ],
                [
                    -111.077049,
                    35.69949
                ],
                [
                    -111.076218,
                    35.700066
                ],
                [
                    -111.07505,
                    35.702133
                ],
                [
                    -111.075127,
                    35.703106
                ],
                [
                    -111.076614,
                    35.704647
                ],
                [
                    -111.07663,
                    35.705734
                ],
                [
                    -111.076363,
                    35.707394
                ],
                [
                    -111.076027,
                    35.708427
                ],
                [
                    -111.074295,
                    35.710327
                ],
                [
                    -111.07325,
                    35.710445
                ],
                [
                    -111.07016,
                    35.709602
                ],
                [
                    -111.069321,
                    35.709606
                ],
                [
                    -111.067574,
                    35.709728
                ],
                [
                    -111.065201,
                    35.710598
                ],
                [
                    -111.062683,
                    35.711128
                ],
                [
                    -111.061783,
                    35.711761
                ],
                [
                    -111.060753,
                    35.713825
                ],
                [
                    -111.060066,
                    35.714806
                ],
                [
                    -111.059799,
                    35.715836
                ],
                [
                    -111.059319,
                    35.716755
                ],
                [
                    -111.058411,
                    35.717445
                ],
                [
                    -111.057503,
                    35.717678
                ],
                [
                    -111.053307,
                    35.718044
                ],
                [
                    -111.048965,
                    35.71772
                ],
                [
                    -111.047234,
                    35.71748
                ],
                [
                    -111.046249,
                    35.716988
                ],
                [
                    -111.045319,
                    35.717052
                ],
                [
                    -111.044411,
                    35.716827
                ],
                [
                    -111.043427,
                    35.716488
                ],
                [
                    -111.042717,
                    35.716034
                ],
                [
                    -111.043053,
                    35.714256
                ],
                [
                    -111.0429,
                    35.71294
                ],
                [
                    -111.042473,
                    35.712143
                ],
                [
                    -111.039528,
                    35.711697
                ],
                [
                    -111.038834,
                    35.712215
                ],
                [
                    -111.038223,
                    35.712975
                ],
                [
                    -111.037384,
                    35.714687
                ],
                [
                    -111.036072,
                    35.71624
                ],
                [
                    -111.035805,
                    35.716984
                ],
                [
                    -111.034897,
                    35.717388
                ],
                [
                    -111.033981,
                    35.71722
                ],
                [
                    -111.032227,
                    35.716541
                ],
                [
                    -111.029762,
                    35.715237
                ],
                [
                    -111.029198,
                    35.714668
                ],
                [
                    -111.028275,
                    35.713242
                ],
                [
                    -111.028191,
                    35.712383
                ],
                [
                    -111.028603,
                    35.711464
                ],
                [
                    -111.028664,
                    35.710491
                ],
                [
                    -111.028305,
                    35.709633
                ],
                [
                    -111.027168,
                    35.708382
                ],
                [
                    -111.027649,
                    35.707348
                ],
                [
                    -111.028969,
                    35.705853
                ],
                [
                    -111.02951,
                    35.704361
                ],
                [
                    -111.031654,
                    35.702118
                ],
                [
                    -111.033463,
                    35.701134
                ],
                [
                    -111.034088,
                    35.700558
                ],
                [
                    -111.034927,
                    35.700096
                ],
                [
                    -111.037712,
                    35.699055
                ],
                [
                    -111.042168,
                    35.697086
                ],
                [
                    -111.04467,
                    35.695183
                ],
                [
                    -111.045151,
                    35.69455
                ],
                [
                    -111.045425,
                    35.693577
                ],
                [
                    -111.046051,
                    35.692944
                ],
                [
                    -111.046883,
                    35.692539
                ],
                [
                    -111.048706,
                    35.693218
                ],
                [
                    -111.049767,
                    35.69384
                ],
                [
                    -111.050606,
                    35.693893
                ],
                [
                    -111.051514,
                    35.693432
                ],
                [
                    -111.053108,
                    35.691936
                ],
                [
                    -111.057022,
                    35.691975
                ],
                [
                    -111.059601,
                    35.690929
                ],
                [
                    -111.059944,
                    35.690128
                ],
                [
                    -111.059097,
                    35.689705
                ],
                [
                    -111.057137,
                    35.689568
                ],
                [
                    -111.055176,
                    35.689007
                ],
                [
                    -111.053764,
                    35.688038
                ],
                [
                    -111.052864,
                    35.688671
                ],
                [
                    -111.05162,
                    35.690224
                ],
                [
                    -111.050781,
                    35.690514
                ],
                [
                    -111.048813,
                    35.689953
                ],
                [
                    -111.048668,
                    35.689037
                ],
                [
                    -111.049561,
                    35.687428
                ],
                [
                    -111.049271,
                    35.686745
                ],
                [
                    -111.047531,
                    35.687382
                ],
                [
                    -111.046547,
                    35.687214
                ],
                [
                    -111.044441,
                    35.686367
                ],
                [
                    -111.044029,
                    35.687572
                ],
                [
                    -111.043976,
                    35.688602
                ],
                [
                    -111.043282,
                    35.689407
                ],
                [
                    -111.042519,
                    35.689869
                ],
                [
                    -111.041748,
                    35.690159
                ],
                [
                    -111.039917,
                    35.689308
                ],
                [
                    -111.039284,
                    35.688568
                ],
                [
                    -111.038506,
                    35.688057
                ],
                [
                    -111.037529,
                    35.688175
                ],
                [
                    -111.036285,
                    35.689556
                ],
                [
                    -111.03511,
                    35.69128
                ],
                [
                    -111.034348,
                    35.691685
                ],
                [
                    -111.032516,
                    35.690891
                ],
                [
                    -111.032089,
                    35.690033
                ],
                [
                    -111.031319,
                    35.689751
                ],
                [
                    -111.029282,
                    35.689247
                ],
                [
                    -111.028511,
                    35.689194
                ],
                [
                    -111.027534,
                    35.689541
                ],
                [
                    -111.026558,
                    35.689602
                ],
                [
                    -111.025642,
                    35.689262
                ],
                [
                    -111.025284,
                    35.688522
                ],
                [
                    -111.026176,
                    35.687084
                ],
                [
                    -111.027222,
                    35.68668
                ],
                [
                    -111.030098,
                    35.686665
                ],
                [
                    -111.030647,
                    35.68586
                ],
                [
                    -111.029099,
                    35.685467
                ],
                [
                    -111.028816,
                    35.684727
                ],
                [
                    -111.029297,
                    35.683807
                ],
                [
                    -111.030479,
                    35.683342
                ],
                [
                    -111.031387,
                    35.683224
                ],
                [
                    -111.032372,
                    35.683506
                ],
                [
                    -111.033646,
                    35.685215
                ],
                [
                    -111.03463,
                    35.685726
                ],
                [
                    -111.035538,
                    35.685551
                ],
                [
                    -111.03553,
                    35.684578
                ],
                [
                    -111.035728,
                    35.683662
                ],
                [
                    -111.036354,
                    35.683086
                ],
                [
                    -111.037407,
                    35.683079
                ],
                [
                    -111.039162,
                    35.683529
                ],
                [
                    -111.040344,
                    35.68301
                ],
                [
                    -111.041321,
                    35.682831
                ],
                [
                    -111.04216,
                    35.682941
                ],
                [
                    -111.043137,
                    35.682709
                ],
                [
                    -111.043907,
                    35.682076
                ],
                [
                    -111.044106,
                    35.681328
                ],
                [
                    -111.043533,
                    35.680416
                ],
                [
                    -111.041649,
                    35.680885
                ],
                [
                    -111.039894,
                    35.67992
                ],
                [
                    -111.039398,
                    35.679234
                ],
                [
                    -111.039246,
                    35.678432
                ],
                [
                    -111.039513,
                    35.677574
                ],
                [
                    -111.040352,
                    35.677227
                ],
                [
                    -111.042885,
                    35.678703
                ],
                [
                    -111.044991,
                    35.678692
                ],
                [
                    -111.045967,
                    35.678345
                ],
                [
                    -111.04763,
                    35.677132
                ],
                [
                    -111.049591,
                    35.677353
                ],
                [
                    -111.04982,
                    35.679184
                ],
                [
                    -111.050255,
                    35.680096
                ],
                [
                    -111.051025,
                    35.680782
                ],
                [
                    -111.051796,
                    35.680779
                ],
                [
                    -111.053398,
                    35.679794
                ],
                [
                    -111.053528,
                    35.67905
                ],
                [
                    -111.052467,
                    35.677738
                ],
                [
                    -111.052429,
                    35.674019
                ],
                [
                    -111.052628,
                    35.6731
                ],
                [
                    -111.053177,
                    35.672295
                ],
                [
                    -111.054016,
                    35.671833
                ],
                [
                    -111.056259,
                    35.671993
                ],
                [
                    -111.056877,
                    35.671532
                ],
                [
                    -111.057701,
                    35.669868
                ],
                [
                    -111.058754,
                    35.67038
                ],
                [
                    -111.059326,
                    35.671062
                ],
                [
                    -111.059471,
                    35.671864
                ],
                [
                    -111.058784,
                    35.672726
                ],
                [
                    -111.058029,
                    35.674274
                ],
                [
                    -111.056854,
                    35.675541
                ],
                [
                    -111.056381,
                    35.677204
                ],
                [
                    -111.056808,
                    35.678062
                ],
                [
                    -111.05822,
                    35.679085
                ],
                [
                    -111.058792,
                    35.680511
                ],
                [
                    -111.059708,
                    35.68108
                ],
                [
                    -111.061165,
                    35.679298
                ],
                [
                    -111.062584,
                    35.681641
                ],
                [
                    -111.062462,
                    35.683014
                ],
                [
                    -111.062683,
                    35.683929
                ],
                [
                    -111.064133,
                    35.682377
                ],
                [
                    -111.065109,
                    35.682201
                ],
                [
                    -111.067421,
                    35.682476
                ],
                [
                    -111.069366,
                    35.680634
                ],
                [
                    -111.069839,
                    35.679142
                ],
                [
                    -111.069618,
                    35.678055
                ],
                [
                    -111.068687,
                    35.676399
                ],
                [
                    -111.06868,
                    35.675426
                ],
                [
                    -111.068947,
                    35.674278
                ],
                [
                    -111.069275,
                    35.673985
                ],
                [
                    -111.072174,
                    35.67495
                ],
                [
                    -111.07267,
                    35.675579
                ],
                [
                    -111.072823,
                    35.676723
                ],
                [
                    -111.072624,
                    35.677811
                ],
                [
                    -111.072769,
                    35.678612
                ],
                [
                    -111.074409,
                    35.680954
                ],
                [
                    -111.075172,
                    35.680836
                ],
                [
                    -111.075813,
                    35.681347
                ],
                [
                    -111.076645,
                    35.680828
                ],
                [
                    -111.077469,
                    35.679218
                ],
                [
                    -111.079063,
                    35.677895
                ],
                [
                    -111.079544,
                    35.67709
                ],
                [
                    -111.079605,
                    35.676117
                ],
                [
                    -111.078606,
                    35.674519
                ],
                [
                    -111.077896,
                    35.672977
                ],
                [
                    -111.078026,
                    35.672001
                ],
                [
                    -111.079002,
                    35.671883
                ],
                [
                    -111.080551,
                    35.673134
                ],
                [
                    -111.080978,
                    35.673763
                ],
                [
                    -111.081406,
                    35.674679
                ],
                [
                    -111.081635,
                    35.676338
                ],
                [
                    -111.081589,
                    35.678284
                ],
                [
                    -111.082634,
                    35.677937
                ],
                [
                    -111.083466,
                    35.677357
                ],
                [
                    -111.085197,
                    35.675117
                ],
                [
                    -111.085541,
                    35.674427
                ],
                [
                    -111.085526,
                    35.673454
                ],
                [
                    -111.085098,
                    35.672829
                ],
                [
                    -111.08432,
                    35.672256
                ],
                [
                    -111.082703,
                    35.671463
                ],
                [
                    -111.082138,
                    35.670609
                ],
                [
                    -111.081848,
                    35.669807
                ],
                [
                    -111.08197,
                    35.667919
                ],
                [
                    -111.082237,
                    35.666943
                ],
                [
                    -111.08313,
                    35.664879
                ],
                [
                    -111.083939,
                    35.662296
                ],
                [
                    -111.084328,
                    35.659031
                ],
                [
                    -111.08432,
                    35.658287
                ],
                [
                    -111.08403,
                    35.657372
                ],
                [
                    -111.083115,
                    35.656975
                ],
                [
                    -111.082062,
                    35.656982
                ],
                [
                    -111.077858,
                    35.656258
                ],
                [
                    -111.076881,
                    35.656376
                ],
                [
                    -111.076035,
                    35.656036
                ],
                [
                    -111.075256,
                    35.655354
                ],
                [
                    -111.075249,
                    35.654495
                ],
                [
                    -111.077393,
                    35.652367
                ],
                [
                    -111.077034,
                    35.651394
                ],
                [
                    -111.076263,
                    35.65094
                ],
                [
                    -111.075279,
                    35.650715
                ],
                [
                    -111.07415,
                    35.650093
                ],
                [
                    -111.071465,
                    35.64753
                ],
                [
                    -111.069977,
                    35.645645
                ],
                [
                    -111.069733,
                    35.642269
                ],
                [
                    -111.072372,
                    35.640594
                ],
                [
                    -111.073067,
                    35.63979
                ],
                [
                    -111.073128,
                    35.639046
                ],
                [
                    -111.072769,
                    35.638363
                ],
                [
                    -111.069336,
                    35.637691
                ],
                [
                    -111.063805,
                    35.637547
                ],
                [
                    -111.061768,
                    35.636753
                ],
                [
                    -111.06057,
                    35.636475
                ],
                [
                    -111.059502,
                    35.636547
                ],
                [
                    -111.058823,
                    35.636311
                ],
                [
                    -111.057632,
                    35.636204
                ],
                [
                    -111.054489,
                    35.637363
                ],
                [
                    -111.052528,
                    35.637314
                ],
                [
                    -111.049911,
                    35.634579
                ],
                [
                    -111.049278,
                    35.63401
                ],
                [
                    -111.048431,
                    35.633614
                ],
                [
                    -111.047592,
                    35.633331
                ],
                [
                    -111.045845,
                    35.633568
                ],
                [
                    -111.043671,
                    35.63335
                ],
                [
                    -111.041985,
                    35.6329
                ],
                [
                    -111.041069,
                    35.632389
                ],
                [
                    -111.040291,
                    35.631706
                ],
                [
                    -111.039383,
                    35.631538
                ],
                [
                    -111.036514,
                    35.631496
                ],
                [
                    -111.033142,
                    35.630425
                ],
                [
                    -111.031456,
                    35.629574
                ],
                [
                    -111.029755,
                    35.627979
                ],
                [
                    -111.027771,
                    35.625755
                ],
                [
                    -111.025093,
                    35.623592
                ],
                [
                    -111.023743,
                    35.621941
                ],
                [
                    -111.02198,
                    35.620403
                ],
                [
                    -111.020073,
                    35.619038
                ],
                [
                    -111.018456,
                    35.618301
                ],
                [
                    -111.016632,
                    35.618137
                ],
                [
                    -111.012794,
                    35.619072
                ],
                [
                    -111.011124,
                    35.619766
                ],
                [
                    -111.008347,
                    35.62167
                ],
                [
                    -111.006805,
                    35.621964
                ],
                [
                    -111.005547,
                    35.621685
                ],
                [
                    -111.002594,
                    35.620438
                ],
                [
                    -111.001961,
                    35.620041
                ],
                [
                    -111.001534,
                    35.619358
                ],
                [
                    -111.001381,
                    35.6185
                ],
                [
                    -111.001434,
                    35.616779
                ],
                [
                    -111.001984,
                    35.61586
                ],
                [
                    -111.00219,
                    35.615116
                ],
                [
                    -111.001968,
                    35.614143
                ],
                [
                    -111.001244,
                    35.612431
                ],
                [
                    -111.000679,
                    35.611633
                ],
                [
                    -111.000046,
                    35.611118
                ],
                [
                    -110.999062,
                    35.611179
                ],
                [
                    -110.997185,
                    35.611763
                ],
                [
                    -110.99501,
                    35.611832
                ],
                [
                    -110.992706,
                    35.612358
                ],
                [
                    -110.991936,
                    35.61219
                ],
                [
                    -110.989967,
                    35.611168
                ],
                [
                    -110.986313,
                    35.609928
                ],
                [
                    -110.983864,
                    35.609653
                ],
                [
                    -110.983025,
                    35.609772
                ],
                [
                    -110.982117,
                    35.610291
                ],
                [
                    -110.980194,
                    35.613392
                ],
                [
                    -110.979568,
                    35.61414
                ],
                [
                    -110.978111,
                    35.615234
                ],
                [
                    -110.976311,
                    35.617134
                ],
                [
                    -110.974655,
                    35.619774
                ],
                [
                    -110.971176,
                    35.620995
                ],
                [
                    -110.970261,
                    35.62117
                ],
                [
                    -110.9683,
                    35.62112
                ],
                [
                    -110.966209,
                    35.621304
                ],
                [
                    -110.966377,
                    35.624397
                ],
                [
                    -110.96611,
                    35.625256
                ],
                [
                    -110.965218,
                    35.626804
                ],
                [
                    -110.964661,
                    35.627438
                ],
                [
                    -110.963821,
                    35.627613
                ],
                [
                    -110.963051,
                    35.627045
                ],
                [
                    -110.961296,
                    35.626938
                ],
                [
                    -110.960159,
                    35.625572
                ],
                [
                    -110.959877,
                    35.624828
                ],
                [
                    -110.959793,
                    35.623684
                ],
                [
                    -110.959991,
                    35.622421
                ],
                [
                    -110.958267,
                    35.618595
                ],
                [
                    -110.958168,
                    35.615906
                ],
                [
                    -110.956886,
                    35.613449
                ],
                [
                    -110.956306,
                    35.611561
                ],
                [
                    -110.955231,
                    35.609562
                ],
                [
                    -110.95446,
                    35.608936
                ],
                [
                    -110.953407,
                    35.60854
                ],
                [
                    -110.952415,
                    35.607803
                ],
                [
                    -110.948318,
                    35.604099
                ],
                [
                    -110.94677,
                    35.603306
                ],
                [
                    -110.945717,
                    35.603138
                ],
                [
                    -110.944954,
                    35.603828
                ],
                [
                    -110.943993,
                    35.605438
                ],
                [
                    -110.943016,
                    35.605957
                ],
                [
                    -110.940208,
                    35.605114
                ],
                [
                    -110.937111,
                    35.603237
                ],
                [
                    -110.934372,
                    35.602165
                ],
                [
                    -110.932953,
                    35.600796
                ],
                [
                    -110.932098,
                    35.598969
                ],
                [
                    -110.931252,
                    35.598114
                ],
                [
                    -110.929253,
                    35.59446
                ],
                [
                    -110.928261,
                    35.593376
                ],
                [
                    -110.927483,
                    35.592751
                ],
                [
                    -110.92572,
                    35.591728
                ],
                [
                    -110.92411,
                    35.591335
                ],
                [
                    -110.922989,
                    35.591286
                ],
                [
                    -110.922142,
                    35.590889
                ],
                [
                    -110.921371,
                    35.590431
                ],
                [
                    -110.91967,
                    35.588951
                ],
                [
                    -110.918823,
                    35.587811
                ],
                [
                    -110.918396,
                    35.587185
                ],
                [
                    -110.918243,
                    35.586098
                ],
                [
                    -110.918503,
                    35.583862
                ],
                [
                    -110.91835,
                    35.582718
                ],
                [
                    -110.917763,
                    35.580086
                ],
                [
                    -110.917328,
                    35.579002
                ],
                [
                    -110.917213,
                    35.578041
                ],
                [
                    -110.916458,
                    35.575798
                ],
                [
                    -110.915794,
                    35.573055
                ],
                [
                    -110.914978,
                    35.568764
                ],
                [
                    -110.915085,
                    35.565041
                ],
                [
                    -110.91713,
                    35.559879
                ],
                [
                    -110.917427,
                    35.554783
                ],
                [
                    -110.917068,
                    35.553925
                ],
                [
                    -110.916763,
                    35.552208
                ],
                [
                    -110.914711,
                    35.549526
                ],
                [
                    -110.913368,
                    35.548332
                ],
                [
                    -110.912521,
                    35.548107
                ],
                [
                    -110.911888,
                    35.547653
                ],
                [
                    -110.907753,
                    35.546814
                ],
                [
                    -110.906128,
                    35.545677
                ],
                [
                    -110.904793,
                    35.545109
                ],
                [
                    -110.900726,
                    35.544041
                ],
                [
                    -110.897568,
                    35.543484
                ],
                [
                    -110.894974,
                    35.543324
                ],
                [
                    -110.891693,
                    35.543514
                ],
                [
                    -110.884392,
                    35.541718
                ],
                [
                    -110.882568,
                    35.541668
                ],
                [
                    -110.881317,
                    35.541962
                ],
                [
                    -110.876503,
                    35.543816
                ],
                [
                    -110.872475,
                    35.546185
                ],
                [
                    -110.870102,
                    35.547398
                ],
                [
                    -110.867661,
                    35.548267
                ],
                [
                    -110.866829,
                    35.548729
                ],
                [
                    -110.865723,
                    35.550224
                ],
                [
                    -110.864746,
                    35.550571
                ],
                [
                    -110.863564,
                    35.550751
                ],
                [
                    -110.861526,
                    35.550762
                ],
                [
                    -110.857254,
                    35.550438
                ],
                [
                    -110.856354,
                    35.550842
                ],
                [
                    -110.854607,
                    35.55125
                ],
                [
                    -110.85363,
                    35.551716
                ],
                [
                    -110.850716,
                    35.553848
                ],
                [
                    -110.849052,
                    35.555344
                ],
                [
                    -110.846977,
                    35.557587
                ],
                [
                    -110.840027,
                    35.562431
                ],
                [
                    -110.839119,
                    35.562836
                ],
                [
                    -110.838074,
                    35.563072
                ],
                [
                    -110.831436,
                    35.564133
                ],
                [
                    -110.830452,
                    35.564083
                ],
                [
                    -110.828773,
                    35.56369
                ],
                [
                    -110.826241,
                    35.562672
                ],
                [
                    -110.822151,
                    35.559483
                ],
                [
                    -110.819473,
                    35.557835
                ],
                [
                    -110.816849,
                    35.555042
                ],
                [
                    -110.815224,
                    35.553562
                ],
                [
                    -110.812958,
                    35.550484
                ],
                [
                    -110.81218,
                    35.55003
                ],
                [
                    -110.809036,
                    35.550903
                ],
                [
                    -110.806946,
                    35.551773
                ],
                [
                    -110.804573,
                    35.551899
                ],
                [
                    -110.799736,
                    35.551178
                ],
                [
                    -110.794518,
                    35.55418
                ],
                [
                    -110.791466,
                    35.556599
                ],
                [
                    -110.790283,
                    35.557808
                ],
                [
                    -110.78952,
                    35.558384
                ],
                [
                    -110.788544,
                    35.558788
                ],
                [
                    -110.785973,
                    35.560692
                ],
                [
                    -110.785072,
                    35.561039
                ],
                [
                    -110.783882,
                    35.561161
                ],
                [
                    -110.783112,
                    35.560936
                ],
                [
                    -110.782959,
                    35.559906
                ],
                [
                    -110.783401,
                    35.555206
                ],
                [
                    -110.784409,
                    35.551422
                ],
                [
                    -110.784737,
                    35.549591
                ],
                [
                    -110.786102,
                    35.546032
                ],
                [
                    -110.78727,
                    35.544254
                ],
                [
                    -110.787956,
                    35.542702
                ],
                [
                    -110.790169,
                    35.539944
                ],
                [
                    -110.793747,
                    35.534489
                ],
                [
                    -110.796379,
                    35.531384
                ],
                [
                    -110.797203,
                    35.530117
                ],
                [
                    -110.798096,
                    35.528339
                ],
                [
                    -110.798904,
                    35.525414
                ],
                [
                    -110.798882,
                    35.52364
                ],
                [
                    -110.798592,
                    35.522438
                ],
                [
                    -110.795944,
                    35.516899
                ],
                [
                    -110.794098,
                    35.514618
                ],
                [
                    -110.793533,
                    35.513988
                ],
                [
                    -110.790428,
                    35.511772
                ],
                [
                    -110.789444,
                    35.511147
                ],
                [
                    -110.786423,
                    35.509789
                ],
                [
                    -110.782478,
                    35.507229
                ],
                [
                    -110.780083,
                    35.506325
                ],
                [
                    -110.771591,
                    35.504078
                ],
                [
                    -110.767937,
                    35.502434
                ],
                [
                    -110.766113,
                    35.50193
                ],
                [
                    -110.764992,
                    35.502048
                ],
                [
                    -110.763336,
                    35.504002
                ],
                [
                    -110.761879,
                    35.505386
                ],
                [
                    -110.760277,
                    35.506424
                ],
                [
                    -110.7593,
                    35.506828
                ],
                [
                    -110.756706,
                    35.506096
                ],
                [
                    -110.752571,
                    35.505772
                ],
                [
                    -110.75174,
                    35.505951
                ],
                [
                    -110.750969,
                    35.506584
                ],
                [
                    -110.750214,
                    35.508018
                ],
                [
                    -110.750015,
                    35.508762
                ],
                [
                    -110.749466,
                    35.50951
                ],
                [
                    -110.748695,
                    35.509743
                ],
                [
                    -110.747925,
                    35.509689
                ],
                [
                    -110.745468,
                    35.509014
                ],
                [
                    -110.744766,
                    35.508675
                ],
                [
                    -110.740608,
                    35.506004
                ],
                [
                    -110.739624,
                    35.505722
                ],
                [
                    -110.738785,
                    35.506157
                ],
                [
                    -110.738777,
                    35.505581
                ],
                [
                    -110.734062,
                    35.504799
                ],
                [
                    -110.729027,
                    35.501064
                ],
                [
                    -110.727715,
                    35.498825
                ],
                [
                    -110.727715,
                    35.496208
                ],
                [
                    -110.728462,
                    35.493595
                ],
                [
                    -110.728653,
                    35.487057
                ],
                [
                    -110.729584,
                    35.485378
                ],
                [
                    -110.735558,
                    35.482574
                ],
                [
                    -110.738441,
                    35.481682
                ],
                [
                    -110.742508,
                    35.480686
                ],
                [
                    -110.745308,
                    35.480446
                ],
                [
                    -110.747055,
                    35.479977
                ],
                [
                    -110.747955,
                    35.479343
                ],
                [
                    -110.749413,
                    35.477848
                ],
                [
                    -110.750298,
                    35.477512
                ],
                [
                    -110.750694,
                    35.466713
                ],
                [
                    -110.750595,
                    34.637211
                ],
                [
                    -110.760597,
                    34.637611
                ],
                [
                    -110.840096,
                    34.637611
                ],
                [
                    -110.840195,
                    34.680912
                ],
                [
                    -110.892593,
                    34.680912
                ],
                [
                    -110.892593,
                    34.695511
                ],
                [
                    -110.910896,
                    34.695614
                ],
                [
                    -110.910896,
                    34.724812
                ],
                [
                    -110.962593,
                    34.724812
                ],
                [
                    -110.962593,
                    34.767612
                ],
                [
                    -111.090195,
                    34.767612
                ],
                [
                    -111.090096,
                    34.804211
                ],
                [
                    -111.171494,
                    34.804211
                ],
                [
                    -111.171494,
                    34.861214
                ],
                [
                    -111.206093,
                    34.861214
                ],
                [
                    -111.2061,
                    34.933811
                ],
                [
                    -111.241295,
                    34.933811
                ],
                [
                    -111.241295,
                    34.976711
                ],
                [
                    -111.278099,
                    34.97681
                ],
                [
                    -111.278099,
                    35.064411
                ],
                [
                    -111.295494,
                    35.064411
                ],
                [
                    -111.295494,
                    35.080212
                ],
                [
                    -111.313095,
                    35.080212
                ],
                [
                    -111.312996,
                    35.122711
                ],
                [
                    -111.295799,
                    35.122711
                ],
                [
                    -111.295799,
                    35.155811
                ],
                [
                    -111.287598,
                    35.155811
                ],
                [
                    -111.287598,
                    35.170513
                ],
                [
                    -111.270195,
                    35.170513
                ],
                [
                    -111.270195,
                    35.214912
                ],
                [
                    -111.305397,
                    35.214813
                ],
                [
                    -111.305397,
                    35.229813
                ],
                [
                    -111.322098,
                    35.229813
                ],
                [
                    -111.322098,
                    35.331711
                ],
                [
                    -111.383301,
                    35.331711
                ],
                [
                    -111.383293,
                    35.497311
                ],
                [
                    -111.3778,
                    35.497211
                ],
                [
                    -111.377693,
                    35.540413
                ],
                [
                    -111.536499,
                    35.540512
                ],
                [
                    -111.529999,
                    35.572613
                ],
                [
                    -111.536995,
                    35.572613
                ],
                [
                    -111.536995,
                    35.586311
                ],
                [
                    -111.666397,
                    35.586311
                ],
                [
                    -111.508301,
                    35.87421
                ],
                [
                    -111.511894,
                    35.874813
                ],
                [
                    -111.518097,
                    35.878712
                ],
                [
                    -111.526596,
                    35.885513
                ],
                [
                    -111.532494,
                    35.891312
                ],
                [
                    -111.538994,
                    35.897114
                ],
                [
                    -111.543198,
                    35.901814
                ],
                [
                    -111.545097,
                    35.904411
                ],
                [
                    -111.547295,
                    35.906513
                ],
                [
                    -111.549294,
                    35.90921
                ],
                [
                    -111.553993,
                    35.91341
                ],
                [
                    -111.556297,
                    35.915913
                ],
                [
                    -111.558495,
                    35.917213
                ],
                [
                    -111.5616,
                    35.91851
                ],
                [
                    -111.568893,
                    35.921013
                ],
                [
                    -111.578796,
                    35.92271
                ],
                [
                    -111.585999,
                    35.923111
                ],
                [
                    -111.588196,
                    35.923512
                ],
                [
                    -111.5905,
                    35.923512
                ],
                [
                    -111.596497,
                    35.922913
                ],
                [
                    -111.600197,
                    35.923012
                ],
                [
                    -111.604393,
                    35.922611
                ],
                [
                    -111.608299,
                    35.92321
                ],
                [
                    -111.612198,
                    35.926113
                ],
                [
                    -111.614494,
                    35.929012
                ],
                [
                    -111.616699,
                    35.931213
                ],
                [
                    -111.619797,
                    35.932613
                ],
                [
                    -111.622498,
                    35.932713
                ],
                [
                    -111.626198,
                    35.931911
                ],
                [
                    -111.630096,
                    35.931812
                ],
                [
                    -111.634499,
                    35.932011
                ],
                [
                    -111.638695,
                    35.931812
                ],
                [
                    -111.650398,
                    35.934013
                ],
                [
                    -111.661598,
                    35.936611
                ],
                [
                    -111.664597,
                    35.936512
                ],
                [
                    -111.673195,
                    35.935513
                ],
                [
                    -111.675598,
                    35.935513
                ],
                [
                    -111.685295,
                    35.933811
                ],
                [
                    -111.689796,
                    35.933514
                ],
                [
                    -111.693497,
                    35.933712
                ],
                [
                    -111.695,
                    35.931713
                ],
                [
                    -111.697594,
                    35.931114
                ],
                [
                    -111.704597,
                    35.932011
                ],
                [
                    -111.710693,
                    35.930611
                ],
                [
                    -111.720695,
                    35.927212
                ],
                [
                    -111.721901,
                    35.948311
                ],
                [
                    -111.713394,
                    35.948311
                ],
                [
                    -111.713493,
                    35.978912
                ],
                [
                    -111.722794,
                    35.978912
                ],
                [
                    -111.722794,
                    35.992912
                ],
                [
                    -111.739197,
                    35.992813
                ],
                [
                    -111.739197,
                    36.006512
                ],
                [
                    -111.755493,
                    36.006512
                ],
                [
                    -111.755692,
                    36.249866
                ],
                [
                    -111.419609,
                    36.249504
                ],
                [
                    -111.417053,
                    36.248653
                ],
                [
                    -111.411453,
                    36.24765
                ],
                [
                    -111.408409,
                    36.246632
                ],
                [
                    -111.403938,
                    36.245449
                ],
                [
                    -111.400185,
                    36.244778
                ],
                [
                    -111.398346,
                    36.24427
                ],
                [
                    -111.390396,
                    36.2411
                ],
                [
                    -111.384514,
                    36.23912
                ],
                [
                    -111.383804,
                    36.23901
                ],
                [
                    -111.38118,
                    36.237934
                ],
                [
                    -111.376282,
                    36.236294
                ],
                [
                    -111.372452,
                    36.234764
                ],
                [
                    -111.369186,
                    36.23312
                ],
                [
                    -111.362724,
                    36.230286
                ],
                [
                    -111.357765,
                    36.228474
                ],
                [
                    -111.354782,
                    36.227631
                ],
                [
                    -111.348969,
                    36.225422
                ],
                [
                    -111.337463,
                    36.219234
                ],
                [
                    -111.336464,
                    36.218494
                ],
                [
                    -111.327736,
                    36.214638
                ],
                [
                    -111.32489,
                    36.212875
                ],
                [
                    -111.323685,
                    36.212425
                ],
                [
                    -111.319,
                    36.210041
                ],
                [
                    -111.312752,
                    36.20623
                ],
                [
                    -111.310478,
                    36.205097
                ],
                [
                    -111.305931,
                    36.203285
                ],
                [
                    -111.29892,
                    36.201366
                ],
                [
                    -111.292458,
                    36.198765
                ],
                [
                    -111.278893,
                    36.191437
                ],
                [
                    -111.276627,
                    36.190418
                ],
                [
                    -111.275558,
                    36.190136
                ],
                [
                    -111.274498,
                    36.189453
                ],
                [
                    -111.272926,
                    36.187859
                ],
                [
                    -111.270859,
                    36.186092
                ],
                [
                    -111.267502,
                    36.183735
                ],
                [
                    -111.265907,
                    36.181583
                ],
                [
                    -111.265137,
                    36.181015
                ],
                [
                    -111.262108,
                    36.179543
                ],
                [
                    -111.260284,
                    36.178921
                ],
                [
                    -111.258659,
                    36.177956
                ],
                [
                    -111.255707,
                    36.176655
                ],
                [
                    -111.251129,
                    36.17387
                ],
                [
                    -111.247955,
                    36.17131
                ],
                [
                    -111.241547,
                    36.167732
                ],
                [
                    -111.238663,
                    36.166374
                ],
                [
                    -111.236259,
                    36.16415
                ],
                [
                    -111.233017,
                    36.161991
                ],
                [
                    -111.230339,
                    36.159885
                ],
                [
                    -111.227028,
                    36.158012
                ],
                [
                    -111.222801,
                    36.155228
                ],
                [
                    -111.2183,
                    36.153133
                ],
                [
                    -111.211983,
                    36.151733
                ],
                [
                    -111.209312,
                    36.150715
                ],
                [
                    -111.208466,
                    36.150146
                ],
                [
                    -111.204437,
                    36.146271
                ],
                [
                    -111.202591,
                    36.14399
                ],
                [
                    -111.201164,
                    36.140965
                ],
                [
                    -111.2005,
                    36.138218
                ],
                [
                    -111.200424,
                    36.137188
                ],
                [
                    -111.199699,
                    36.134956
                ],
                [
                    -111.199623,
                    36.134098
                ],
                [
                    -111.199532,
                    36.132381
                ],
                [
                    -111.19973,
                    36.131351
                ],
                [
                    -111.200348,
                    36.130432
                ],
                [
                    -111.202637,
                    36.128132
                ],
                [
                    -111.205551,
                    36.125538
                ],
                [
                    -111.206451,
                    36.124905
                ],
                [
                    -111.207787,
                    36.124401
                ],
                [
                    -111.210358,
                    36.123741
                ],
                [
                    -111.213295,
                    36.123611
                ],
                [
                    -111.216789,
                    36.122795
                ],
                [
                    -111.220566,
                    36.122433
                ],
                [
                    -111.222031,
                    36.122025
                ],
                [
                    -111.223839,
                    36.121098
                ],
                [
                    -111.226486,
                    36.120113
                ],
                [
                    -111.229065,
                    36.118496
                ],
                [
                    -111.231705,
                    36.116592
                ],
                [
                    -111.234482,
                    36.115036
                ],
                [
                    -111.237816,
                    36.112614
                ],
                [
                    -111.240257,
                    36.111458
                ],
                [
                    -111.24102,
                    36.110939
                ],
                [
                    -111.243515,
                    36.108692
                ],
                [
                    -111.244965,
                    36.106453
                ],
                [
                    -111.248993,
                    36.103512
                ],
                [
                    -111.252541,
                    36.101604
                ],
                [
                    -111.254211,
                    36.100395
                ],
                [
                    -111.259476,
                    36.095329
                ],
                [
                    -111.2612,
                    36.093433
                ],
                [
                    -111.264191,
                    36.0909
                ],
                [
                    -111.265434,
                    36.089405
                ],
                [
                    -111.267166,
                    36.088135
                ],
                [
                    -111.270508,
                    36.086346
                ],
                [
                    -111.272095,
                    36.084274
                ],
                [
                    -111.274452,
                    36.082088
                ],
                [
                    -111.275909,
                    36.080994
                ],
                [
                    -111.277435,
                    36.079556
                ],
                [
                    -111.280983,
                    36.077248
                ],
                [
                    -111.28257,
                    36.075581
                ],
                [
                    -111.286842,
                    36.068859
                ],
                [
                    -111.288155,
                    36.067421
                ],
                [
                    -111.288918,
                    36.066959
                ],
                [
                    -111.2901,
                    36.06575
                ],
                [
                    -111.292793,
                    36.062531
                ],
                [
                    -111.293137,
                    36.061672
                ],
                [
                    -111.293465,
                    36.059608
                ],
                [
                    -111.294968,
                    36.056511
                ],
                [
                    -111.295296,
                    36.054047
                ],
                [
                    -111.295769,
                    36.052269
                ],
                [
                    -111.295761,
                    36.051525
                ],
                [
                    -111.295113,
                    36.049809
                ]
            ]
        ]
    },
    "properties": {
        "@id": "https://api.weather.gov/zones/forecast/AZZ012",
        "@type": "wx:Zone",
        "id": "AZZ012",
        "type": "public",
        "name": "Little Colorado River Valley in Coconino County",
        "effectiveDate": "2026-04-16T18:00:00+00:00",
        "expirationDate": "2200-01-01T00:00:00+00:00",
        "state": "AZ",
        "forecastOffice": "https://api.weather.gov/offices/FGZ",
        "gridIdentifier": "FGZ",
        "awipsLocationIdentifier": "FGZ",
        "cwa": [
            "FGZ"
        ],
        "forecastOffices": [
            "https://api.weather.gov/offices/FGZ"
        ],
        "timeZone": [
            "America/Phoenix",
            "America/Denver"
        ],
        "observationStations": [
            "https://api.weather.gov/stations/KFLG",
            "https://api.weather.gov/stations/KINW",
            "https://api.weather.gov/stations/KPGA",
            "https://api.weather.gov/stations/KRQE"
        ],
        "radarStation": null
    }
}