{
    "@context": {
        "@version": "1.1"
    },
    "id": "https://api.weather.gov/zones/forecast/MPZ002",
    "type": "Feature",
    "geometry": {
        "type": "MultiPolygon",
        "coordinates": [
            [
                [
                    [
                        145.551887,
                        14.842081
                    ],
                    [
                        145.55184,
                        14.841946
                    ],
                    [
                        145.551683,
                        14.842001
                    ],
                    [
                        145.551683,
                        14.842152
                    ],
                    [
                        145.551887,
                        14.842081
                    ]
                ]
            ],
            [
                [
                    [
                        145.563161,
                        14.843877
                    ],
                    [
                        145.563045,
                        14.843875
                    ],
                    [
                        145.563036,
                        14.844022
                    ],
                    [
                        145.563161,
                        14.843877
                    ]
                ]
            ],
            [
                [
                    [
                        145.563591,
                        14.844084
                    ],
                    [
                        145.563465,
                        14.844054
                    ],
                    [
                        145.563422,
                        14.844273
                    ],
                    [
                        145.563559,
                        14.84428
                    ],
                    [
                        145.563591,
                        14.844084
                    ]
                ]
            ],
            [
                [
                    [
                        145.573354,
                        14.866187
                    ],
                    [
                        145.574427,
                        14.865933
                    ],
                    [
                        145.574992,
                        14.865515
                    ],
                    [
                        145.575329,
                        14.865542
                    ],
                    [
                        145.575843,
                        14.865249
                    ],
                    [
                        145.57611,
                        14.865302
                    ],
                    [
                        145.577068,
                        14.864913
                    ],
                    [
                        145.578083,
                        14.863698
                    ],
                    [
                        145.578175,
                        14.863422
                    ],
                    [
                        145.578043,
                        14.863102
                    ],
                    [
                        145.57846,
                        14.862686
                    ],
                    [
                        145.578307,
                        14.861994
                    ],
                    [
                        145.578594,
                        14.861588
                    ],
                    [
                        145.57898,
                        14.860138
                    ],
                    [
                        145.578473,
                        14.859967
                    ],
                    [
                        145.578467,
                        14.859666
                    ],
                    [
                        145.577709,
                        14.858875
                    ],
                    [
                        145.577914,
                        14.85881
                    ],
                    [
                        145.577667,
                        14.85876
                    ],
                    [
                        145.577996,
                        14.858681
                    ],
                    [
                        145.578074,
                        14.858502
                    ],
                    [
                        145.57793,
                        14.857247
                    ],
                    [
                        145.578035,
                        14.856272
                    ],
                    [
                        145.577821,
                        14.856397
                    ],
                    [
                        145.577626,
                        14.856255
                    ],
                    [
                        145.577832,
                        14.856011
                    ],
                    [
                        145.577796,
                        14.855818
                    ],
                    [
                        145.577646,
                        14.855733
                    ],
                    [
                        145.577731,
                        14.855641
                    ],
                    [
                        145.577482,
                        14.855319
                    ],
                    [
                        145.577432,
                        14.85494
                    ],
                    [
                        145.577289,
                        14.854905
                    ],
                    [
                        145.577182,
                        14.854319
                    ],
                    [
                        145.57674,
                        14.853752
                    ],
                    [
                        145.57633,
                        14.853653
                    ],
                    [
                        145.57642,
                        14.853443
                    ],
                    [
                        145.575504,
                        14.85327
                    ],
                    [
                        145.575026,
                        14.853677
                    ],
                    [
                        145.574883,
                        14.852561
                    ],
                    [
                        145.573449,
                        14.850853
                    ],
                    [
                        145.573273,
                        14.850907
                    ],
                    [
                        145.572727,
                        14.850364
                    ],
                    [
                        145.571543,
                        14.849758
                    ],
                    [
                        145.569207,
                        14.848003
                    ],
                    [
                        145.568545,
                        14.847823
                    ],
                    [
                        145.567615,
                        14.847002
                    ],
                    [
                        145.567174,
                        14.846888
                    ],
                    [
                        145.566855,
                        14.846353
                    ],
                    [
                        145.566167,
                        14.845932
                    ],
                    [
                        145.566146,
                        14.845768
                    ],
                    [
                        145.565896,
                        14.845746
                    ],
                    [
                        145.565154,
                        14.845039
                    ],
                    [
                        145.564847,
                        14.845039
                    ],
                    [
                        145.564623,
                        14.844556
                    ],
                    [
                        145.564512,
                        14.84471
                    ],
                    [
                        145.564247,
                        14.844633
                    ],
                    [
                        145.562256,
                        14.843797
                    ],
                    [
                        145.562143,
                        14.843982
                    ],
                    [
                        145.562168,
                        14.843841
                    ],
                    [
                        145.56197,
                        14.843776
                    ],
                    [
                        145.561884,
                        14.844047
                    ],
                    [
                        145.561634,
                        14.843767
                    ],
                    [
                        145.561635,
                        14.843998
                    ],
                    [
                        145.561413,
                        14.844133
                    ],
                    [
                        145.561333,
                        14.843838
                    ],
                    [
                        145.560885,
                        14.843854
                    ],
                    [
                        145.560764,
                        14.843997
                    ],
                    [
                        145.560809,
                        14.843712
                    ],
                    [
                        145.560557,
                        14.84364
                    ],
                    [
                        145.560149,
                        14.843776
                    ],
                    [
                        145.560171,
                        14.844004
                    ],
                    [
                        145.560007,
                        14.84409
                    ],
                    [
                        145.560003,
                        14.843904
                    ],
                    [
                        145.559821,
                        14.843876
                    ],
                    [
                        145.559667,
                        14.844192
                    ],
                    [
                        145.558972,
                        14.844176
                    ],
                    [
                        145.558779,
                        14.844497
                    ],
                    [
                        145.558738,
                        14.844264
                    ],
                    [
                        145.558487,
                        14.844176
                    ],
                    [
                        145.558347,
                        14.844325
                    ],
                    [
                        145.557973,
                        14.844176
                    ],
                    [
                        145.558147,
                        14.844022
                    ],
                    [
                        145.55798,
                        14.843762
                    ],
                    [
                        145.556159,
                        14.843955
                    ],
                    [
                        145.555969,
                        14.843565
                    ],
                    [
                        145.555408,
                        14.843507
                    ],
                    [
                        145.555282,
                        14.843926
                    ],
                    [
                        145.554317,
                        14.843149
                    ],
                    [
                        145.554517,
                        14.842897
                    ],
                    [
                        145.554348,
                        14.84278
                    ],
                    [
                        145.55381,
                        14.842935
                    ],
                    [
                        145.553829,
                        14.842674
                    ],
                    [
                        145.553616,
                        14.842635
                    ],
                    [
                        145.553122,
                        14.842966
                    ],
                    [
                        145.552839,
                        14.842628
                    ],
                    [
                        145.552579,
                        14.842749
                    ],
                    [
                        145.552075,
                        14.842637
                    ],
                    [
                        145.551543,
                        14.842248
                    ],
                    [
                        145.551203,
                        14.842283
                    ],
                    [
                        145.550883,
                        14.842064
                    ],
                    [
                        145.550854,
                        14.84225
                    ],
                    [
                        145.550355,
                        14.842307
                    ],
                    [
                        145.550326,
                        14.841957
                    ],
                    [
                        145.550148,
                        14.84195
                    ],
                    [
                        145.549991,
                        14.842185
                    ],
                    [
                        145.549156,
                        14.841736
                    ],
                    [
                        145.549198,
                        14.841614
                    ],
                    [
                        145.54887,
                        14.841564
                    ],
                    [
                        145.548917,
                        14.841403
                    ],
                    [
                        145.548444,
                        14.84141
                    ],
                    [
                        145.548228,
                        14.840943
                    ],
                    [
                        145.547792,
                        14.84095
                    ],
                    [
                        145.547682,
                        14.841136
                    ],
                    [
                        145.547692,
                        14.84085
                    ],
                    [
                        145.547267,
                        14.840969
                    ],
                    [
                        145.547,
                        14.840622
                    ],
                    [
                        145.546579,
                        14.840651
                    ],
                    [
                        145.546022,
                        14.840415
                    ],
                    [
                        145.543381,
                        14.840593
                    ],
                    [
                        145.543216,
                        14.840408
                    ],
                    [
                        145.54261,
                        14.840408
                    ],
                    [
                        145.542483,
                        14.840653
                    ],
                    [
                        145.542224,
                        14.840579
                    ],
                    [
                        145.542161,
                        14.840761
                    ],
                    [
                        145.541889,
                        14.840622
                    ],
                    [
                        145.541703,
                        14.841143
                    ],
                    [
                        145.541253,
                        14.84095
                    ],
                    [
                        145.540711,
                        14.840986
                    ],
                    [
                        145.540447,
                        14.841157
                    ],
                    [
                        145.540207,
                        14.840997
                    ],
                    [
                        145.540175,
                        14.841479
                    ],
                    [
                        145.539911,
                        14.841614
                    ],
                    [
                        145.539147,
                        14.8416
                    ],
                    [
                        145.539107,
                        14.842
                    ],
                    [
                        145.53894,
                        14.841964
                    ],
                    [
                        145.538698,
                        14.842556
                    ],
                    [
                        145.538269,
                        14.842863
                    ],
                    [
                        145.538339,
                        14.843032
                    ],
                    [
                        145.538098,
                        14.843227
                    ],
                    [
                        145.538067,
                        14.843623
                    ],
                    [
                        145.537541,
                        14.843634
                    ],
                    [
                        145.537598,
                        14.844091
                    ],
                    [
                        145.537384,
                        14.844125
                    ],
                    [
                        145.537263,
                        14.844627
                    ],
                    [
                        145.536923,
                        14.844751
                    ],
                    [
                        145.536941,
                        14.844999
                    ],
                    [
                        145.537273,
                        14.845246
                    ],
                    [
                        145.537127,
                        14.845736
                    ],
                    [
                        145.537464,
                        14.84617
                    ],
                    [
                        145.537242,
                        14.846483
                    ],
                    [
                        145.537329,
                        14.846593
                    ],
                    [
                        145.53752,
                        14.846504
                    ],
                    [
                        145.537491,
                        14.846844
                    ],
                    [
                        145.537805,
                        14.847204
                    ],
                    [
                        145.537456,
                        14.847318
                    ],
                    [
                        145.537509,
                        14.847581
                    ],
                    [
                        145.537756,
                        14.847589
                    ],
                    [
                        145.537766,
                        14.848033
                    ],
                    [
                        145.537927,
                        14.848124
                    ],
                    [
                        145.537837,
                        14.848308
                    ],
                    [
                        145.538469,
                        14.849167
                    ],
                    [
                        145.538355,
                        14.849345
                    ],
                    [
                        145.538926,
                        14.850601
                    ],
                    [
                        145.539112,
                        14.85068
                    ],
                    [
                        145.539176,
                        14.85118
                    ],
                    [
                        145.539363,
                        14.851386
                    ],
                    [
                        145.539576,
                        14.851294
                    ],
                    [
                        145.539547,
                        14.851515
                    ],
                    [
                        145.539676,
                        14.851786
                    ],
                    [
                        145.539904,
                        14.851865
                    ],
                    [
                        145.540225,
                        14.852871
                    ],
                    [
                        145.540661,
                        14.853057
                    ],
                    [
                        145.540647,
                        14.853207
                    ],
                    [
                        145.540911,
                        14.852993
                    ],
                    [
                        145.54241,
                        14.853642
                    ],
                    [
                        145.54433,
                        14.854942
                    ],
                    [
                        145.544737,
                        14.854992
                    ],
                    [
                        145.544729,
                        14.855262
                    ],
                    [
                        145.545811,
                        14.855501
                    ],
                    [
                        145.546183,
                        14.855891
                    ],
                    [
                        145.546778,
                        14.856069
                    ],
                    [
                        145.547114,
                        14.855934
                    ],
                    [
                        145.547727,
                        14.856069
                    ],
                    [
                        145.548285,
                        14.855948
                    ],
                    [
                        145.548806,
                        14.856177
                    ],
                    [
                        145.549926,
                        14.856248
                    ],
                    [
                        145.552882,
                        14.857868
                    ],
                    [
                        145.555366,
                        14.858825
                    ],
                    [
                        145.556808,
                        14.859803
                    ],
                    [
                        145.557011,
                        14.859798
                    ],
                    [
                        145.557036,
                        14.859967
                    ],
                    [
                        145.558353,
                        14.860309
                    ],
                    [
                        145.559364,
                        14.860938
                    ],
                    [
                        145.559772,
                        14.861089
                    ],
                    [
                        145.560131,
                        14.860981
                    ],
                    [
                        145.560339,
                        14.861125
                    ],
                    [
                        145.560931,
                        14.860927
                    ],
                    [
                        145.561377,
                        14.860991
                    ],
                    [
                        145.56347,
                        14.861754
                    ],
                    [
                        145.56473,
                        14.862384
                    ],
                    [
                        145.565049,
                        14.862863
                    ],
                    [
                        145.566282,
                        14.863839
                    ],
                    [
                        145.566229,
                        14.864025
                    ],
                    [
                        145.566477,
                        14.864238
                    ],
                    [
                        145.566388,
                        14.864451
                    ],
                    [
                        145.566938,
                        14.864548
                    ],
                    [
                        145.567426,
                        14.864149
                    ],
                    [
                        145.567852,
                        14.864672
                    ],
                    [
                        145.569262,
                        14.864522
                    ],
                    [
                        145.569431,
                        14.864672
                    ],
                    [
                        145.569697,
                        14.864628
                    ],
                    [
                        145.569652,
                        14.864823
                    ],
                    [
                        145.570238,
                        14.865276
                    ],
                    [
                        145.57038,
                        14.86508
                    ],
                    [
                        145.570788,
                        14.865125
                    ],
                    [
                        145.570726,
                        14.865315
                    ],
                    [
                        145.570894,
                        14.865471
                    ],
                    [
                        145.571169,
                        14.865346
                    ],
                    [
                        145.571435,
                        14.865657
                    ],
                    [
                        145.571612,
                        14.865579
                    ],
                    [
                        145.571666,
                        14.865896
                    ],
                    [
                        145.571896,
                        14.866047
                    ],
                    [
                        145.5728,
                        14.866032
                    ],
                    [
                        145.572606,
                        14.866358
                    ],
                    [
                        145.573041,
                        14.866508
                    ],
                    [
                        145.573354,
                        14.866187
                    ]
                ]
            ],
            [
                [
                    [
                        145.627058,
                        14.952725
                    ],
                    [
                        145.626731,
                        14.952636
                    ],
                    [
                        145.626146,
                        14.952886
                    ],
                    [
                        145.625202,
                        14.953905
                    ],
                    [
                        145.62519,
                        14.954199
                    ],
                    [
                        145.625986,
                        14.954513
                    ],
                    [
                        145.626482,
                        14.954443
                    ],
                    [
                        145.626738,
                        14.953879
                    ],
                    [
                        145.627282,
                        14.953449
                    ],
                    [
                        145.627058,
                        14.952725
                    ]
                ]
            ],
            [
                [
                    [
                        145.609909,
                        14.984002
                    ],
                    [
                        145.609587,
                        14.983995
                    ],
                    [
                        145.609609,
                        14.984174
                    ],
                    [
                        145.609909,
                        14.984002
                    ]
                ]
            ],
            [
                [
                    [
                        145.644481,
                        15.10128
                    ],
                    [
                        145.644702,
                        15.101123
                    ],
                    [
                        145.644923,
                        15.101209
                    ],
                    [
                        145.646016,
                        15.100438
                    ],
                    [
                        145.645938,
                        15.100272
                    ],
                    [
                        145.646699,
                        15.099492
                    ],
                    [
                        145.647137,
                        15.099277
                    ],
                    [
                        145.64728,
                        15.098916
                    ],
                    [
                        145.647301,
                        15.099074
                    ],
                    [
                        145.647465,
                        15.098925
                    ],
                    [
                        145.647413,
                        15.09864
                    ],
                    [
                        145.647722,
                        15.098632
                    ],
                    [
                        145.647693,
                        15.098496
                    ],
                    [
                        145.648712,
                        15.097612
                    ],
                    [
                        145.648874,
                        15.09696
                    ],
                    [
                        145.649432,
                        15.09649
                    ],
                    [
                        145.649231,
                        15.096041
                    ],
                    [
                        145.649783,
                        15.095594
                    ],
                    [
                        145.650023,
                        15.095659
                    ],
                    [
                        145.650673,
                        15.094871
                    ],
                    [
                        145.650806,
                        15.094476
                    ],
                    [
                        145.65112,
                        15.09442
                    ],
                    [
                        145.651105,
                        15.094156
                    ],
                    [
                        145.651544,
                        15.093462
                    ],
                    [
                        145.651869,
                        15.093364
                    ],
                    [
                        145.652081,
                        15.092843
                    ],
                    [
                        145.652155,
                        15.092971
                    ],
                    [
                        145.652619,
                        15.092343
                    ],
                    [
                        145.652458,
                        15.092301
                    ],
                    [
                        145.652686,
                        15.091934
                    ],
                    [
                        145.654246,
                        15.090465
                    ],
                    [
                        145.65418,
                        15.090131
                    ],
                    [
                        145.654647,
                        15.089912
                    ],
                    [
                        145.654846,
                        15.089609
                    ],
                    [
                        145.654899,
                        15.088932
                    ],
                    [
                        145.655056,
                        15.08887
                    ],
                    [
                        145.655137,
                        15.088489
                    ],
                    [
                        145.655332,
                        15.088503
                    ],
                    [
                        145.655503,
                        15.08827
                    ],
                    [
                        145.655556,
                        15.087756
                    ],
                    [
                        145.655753,
                        15.087641
                    ],
                    [
                        145.65587,
                        15.087018
                    ],
                    [
                        145.656095,
                        15.086789
                    ],
                    [
                        145.655998,
                        15.086695
                    ],
                    [
                        145.656281,
                        15.086454
                    ],
                    [
                        145.656469,
                        15.085253
                    ],
                    [
                        145.656955,
                        15.084211
                    ],
                    [
                        145.656869,
                        15.084006
                    ],
                    [
                        145.657021,
                        15.083373
                    ],
                    [
                        145.657216,
                        15.083311
                    ],
                    [
                        145.657088,
                        15.082578
                    ],
                    [
                        145.657423,
                        15.08095
                    ],
                    [
                        145.657215,
                        15.080599
                    ],
                    [
                        145.657337,
                        15.080015
                    ],
                    [
                        145.656731,
                        15.078581
                    ],
                    [
                        145.656823,
                        15.077652
                    ],
                    [
                        145.656709,
                        15.077338
                    ],
                    [
                        145.656493,
                        15.077243
                    ],
                    [
                        145.65665,
                        15.077072
                    ],
                    [
                        145.656426,
                        15.076811
                    ],
                    [
                        145.65645,
                        15.07643
                    ],
                    [
                        145.656284,
                        15.07623
                    ],
                    [
                        145.656403,
                        15.075764
                    ],
                    [
                        145.656136,
                        15.075335
                    ],
                    [
                        145.656009,
                        15.074033
                    ],
                    [
                        145.655851,
                        15.07396
                    ],
                    [
                        145.655803,
                        15.073322
                    ],
                    [
                        145.655931,
                        15.073333
                    ],
                    [
                        145.655712,
                        15.073013
                    ],
                    [
                        145.655841,
                        15.072499
                    ],
                    [
                        145.655598,
                        15.072109
                    ],
                    [
                        145.655812,
                        15.071952
                    ],
                    [
                        145.655624,
                        15.071849
                    ],
                    [
                        145.655827,
                        15.071709
                    ],
                    [
                        145.655351,
                        15.071547
                    ],
                    [
                        145.655489,
                        15.07119
                    ],
                    [
                        145.655073,
                        15.070446
                    ],
                    [
                        145.655253,
                        15.0696
                    ],
                    [
                        145.655122,
                        15.069601
                    ],
                    [
                        145.655089,
                        15.069307
                    ],
                    [
                        145.655217,
                        15.068701
                    ],
                    [
                        145.655027,
                        15.068578
                    ],
                    [
                        145.655137,
                        15.068454
                    ],
                    [
                        145.655224,
                        15.068572
                    ],
                    [
                        145.655294,
                        15.06804
                    ],
                    [
                        145.655165,
                        15.067759
                    ],
                    [
                        145.655294,
                        15.067493
                    ],
                    [
                        145.655233,
                        15.067005
                    ],
                    [
                        145.655067,
                        15.06688
                    ],
                    [
                        145.655294,
                        15.066693
                    ],
                    [
                        145.65518,
                        15.066346
                    ],
                    [
                        145.655294,
                        15.066255
                    ],
                    [
                        145.655222,
                        15.066022
                    ],
                    [
                        145.655408,
                        15.065917
                    ],
                    [
                        145.655256,
                        15.065727
                    ],
                    [
                        145.655445,
                        15.065545
                    ],
                    [
                        145.655308,
                        15.065579
                    ],
                    [
                        145.655346,
                        15.065156
                    ],
                    [
                        145.655598,
                        15.064737
                    ],
                    [
                        145.656023,
                        15.064535
                    ],
                    [
                        145.655712,
                        15.064461
                    ],
                    [
                        145.655912,
                        15.064347
                    ],
                    [
                        145.655724,
                        15.063932
                    ],
                    [
                        145.655903,
                        15.0635
                    ],
                    [
                        145.655808,
                        15.0634
                    ],
                    [
                        145.655938,
                        15.063354
                    ],
                    [
                        145.655812,
                        15.0632
                    ],
                    [
                        145.656303,
                        15.062876
                    ],
                    [
                        145.656374,
                        15.062324
                    ],
                    [
                        145.656583,
                        15.06211
                    ],
                    [
                        145.656422,
                        15.061725
                    ],
                    [
                        145.656507,
                        15.061596
                    ],
                    [
                        145.657764,
                        15.061411
                    ],
                    [
                        145.657973,
                        15.060978
                    ],
                    [
                        145.658301,
                        15.060868
                    ],
                    [
                        145.658344,
                        15.060526
                    ],
                    [
                        145.658768,
                        15.05985
                    ],
                    [
                        145.65872,
                        15.059145
                    ],
                    [
                        145.658926,
                        15.058833
                    ],
                    [
                        145.658768,
                        15.058474
                    ],
                    [
                        145.658898,
                        15.058129
                    ],
                    [
                        145.658672,
                        15.057679
                    ],
                    [
                        145.658763,
                        15.057489
                    ],
                    [
                        145.658058,
                        15.056265
                    ],
                    [
                        145.657894,
                        15.056273
                    ],
                    [
                        145.657611,
                        15.055947
                    ],
                    [
                        145.657671,
                        15.055816
                    ],
                    [
                        145.657297,
                        15.055286
                    ],
                    [
                        145.656955,
                        15.055143
                    ],
                    [
                        145.656793,
                        15.054805
                    ],
                    [
                        145.656579,
                        15.054848
                    ],
                    [
                        145.656376,
                        15.054326
                    ],
                    [
                        145.656157,
                        15.054374
                    ],
                    [
                        145.656034,
                        15.053988
                    ],
                    [
                        145.655734,
                        15.05385
                    ],
                    [
                        145.655739,
                        15.053327
                    ],
                    [
                        145.655149,
                        15.052751
                    ],
                    [
                        145.655158,
                        15.052556
                    ],
                    [
                        145.654868,
                        15.052494
                    ],
                    [
                        145.654811,
                        15.052232
                    ],
                    [
                        145.653749,
                        15.051399
                    ],
                    [
                        145.653261,
                        15.051454
                    ],
                    [
                        145.652826,
                        15.05108
                    ],
                    [
                        145.652593,
                        15.0508
                    ],
                    [
                        145.652721,
                        15.050371
                    ],
                    [
                        145.652098,
                        15.050276
                    ],
                    [
                        145.651741,
                        15.049834
                    ],
                    [
                        145.651556,
                        15.049895
                    ],
                    [
                        145.651384,
                        15.04951
                    ],
                    [
                        145.650442,
                        15.04862
                    ],
                    [
                        145.650494,
                        15.048487
                    ],
                    [
                        145.650137,
                        15.047973
                    ],
                    [
                        145.649914,
                        15.047978
                    ],
                    [
                        145.649861,
                        15.047801
                    ],
                    [
                        145.649447,
                        15.047611
                    ],
                    [
                        145.6492,
                        15.047706
                    ],
                    [
                        145.649209,
                        15.047516
                    ],
                    [
                        145.648957,
                        15.047587
                    ],
                    [
                        145.649305,
                        15.047235
                    ],
                    [
                        145.6492,
                        15.046864
                    ],
                    [
                        145.648791,
                        15.047197
                    ],
                    [
                        145.6487,
                        15.046864
                    ],
                    [
                        145.647625,
                        15.046455
                    ],
                    [
                        145.647939,
                        15.046283
                    ],
                    [
                        145.647939,
                        15.046103
                    ],
                    [
                        145.647672,
                        15.046045
                    ],
                    [
                        145.648024,
                        15.045655
                    ],
                    [
                        145.647863,
                        15.045346
                    ],
                    [
                        145.647444,
                        15.045113
                    ],
                    [
                        145.647617,
                        15.044965
                    ],
                    [
                        145.647396,
                        15.04437
                    ],
                    [
                        145.647163,
                        15.044309
                    ],
                    [
                        145.64683,
                        15.044499
                    ],
                    [
                        145.64703,
                        15.043923
                    ],
                    [
                        145.646744,
                        15.043909
                    ],
                    [
                        145.647096,
                        15.043714
                    ],
                    [
                        145.647044,
                        15.043266
                    ],
                    [
                        145.647263,
                        15.043233
                    ],
                    [
                        145.647334,
                        15.043
                    ],
                    [
                        145.647096,
                        15.042733
                    ],
                    [
                        145.647334,
                        15.042586
                    ],
                    [
                        145.647325,
                        15.042395
                    ],
                    [
                        145.646837,
                        15.042043
                    ],
                    [
                        145.646875,
                        15.041482
                    ],
                    [
                        145.646996,
                        15.041696
                    ],
                    [
                        145.647182,
                        15.041677
                    ],
                    [
                        145.647706,
                        15.041168
                    ],
                    [
                        145.647639,
                        15.040592
                    ],
                    [
                        145.647764,
                        15.040538
                    ],
                    [
                        145.647625,
                        15.040387
                    ],
                    [
                        145.647782,
                        15.040025
                    ],
                    [
                        145.647265,
                        15.039978
                    ],
                    [
                        145.647805,
                        15.039288
                    ],
                    [
                        145.647151,
                        15.039055
                    ],
                    [
                        145.647691,
                        15.038683
                    ],
                    [
                        145.647389,
                        15.038408
                    ],
                    [
                        145.647579,
                        15.038265
                    ],
                    [
                        145.647845,
                        15.038398
                    ],
                    [
                        145.647744,
                        15.037989
                    ],
                    [
                        145.647398,
                        15.037875
                    ],
                    [
                        145.647522,
                        15.037713
                    ],
                    [
                        145.647786,
                        15.037793
                    ],
                    [
                        145.647967,
                        15.037332
                    ],
                    [
                        145.647807,
                        15.037056
                    ],
                    [
                        145.647991,
                        15.036761
                    ],
                    [
                        145.647903,
                        15.036552
                    ],
                    [
                        145.647617,
                        15.036456
                    ],
                    [
                        145.647627,
                        15.036228
                    ],
                    [
                        145.648143,
                        15.035814
                    ],
                    [
                        145.648138,
                        15.035057
                    ],
                    [
                        145.647855,
                        15.034905
                    ],
                    [
                        145.647898,
                        15.034724
                    ],
                    [
                        145.648131,
                        15.034819
                    ],
                    [
                        145.648131,
                        15.033925
                    ],
                    [
                        145.648331,
                        15.033791
                    ],
                    [
                        145.648597,
                        15.033906
                    ],
                    [
                        145.648873,
                        15.033696
                    ],
                    [
                        145.648948,
                        15.033363
                    ],
                    [
                        145.650166,
                        15.032792
                    ],
                    [
                        145.650204,
                        15.032178
                    ],
                    [
                        145.650399,
                        15.031864
                    ],
                    [
                        145.650333,
                        15.031526
                    ],
                    [
                        145.650627,
                        15.031255
                    ],
                    [
                        145.650442,
                        15.030912
                    ],
                    [
                        145.650623,
                        15.030888
                    ],
                    [
                        145.650796,
                        15.030298
                    ],
                    [
                        145.650599,
                        15.03035
                    ],
                    [
                        145.651034,
                        15.029746
                    ],
                    [
                        145.650908,
                        15.029361
                    ],
                    [
                        145.651166,
                        15.029354
                    ],
                    [
                        145.651427,
                        15.02879
                    ],
                    [
                        145.651789,
                        15.028742
                    ],
                    [
                        145.652003,
                        15.0281
                    ],
                    [
                        145.652269,
                        15.027981
                    ],
                    [
                        145.651993,
                        15.027467
                    ],
                    [
                        145.652788,
                        15.027386
                    ],
                    [
                        145.652517,
                        15.027281
                    ],
                    [
                        145.652436,
                        15.026967
                    ],
                    [
                        145.65294,
                        15.026757
                    ],
                    [
                        145.653021,
                        15.026938
                    ],
                    [
                        145.653176,
                        15.026835
                    ],
                    [
                        145.653112,
                        15.026296
                    ],
                    [
                        145.653673,
                        15.025254
                    ],
                    [
                        145.653497,
                        15.025206
                    ],
                    [
                        145.653654,
                        15.024906
                    ],
                    [
                        145.653521,
                        15.024464
                    ],
                    [
                        145.653721,
                        15.024202
                    ],
                    [
                        145.653688,
                        15.023945
                    ],
                    [
                        145.653835,
                        15.02405
                    ],
                    [
                        145.65393,
                        15.023869
                    ],
                    [
                        145.653659,
                        15.023512
                    ],
                    [
                        145.654006,
                        15.023455
                    ],
                    [
                        145.65403,
                        15.023198
                    ],
                    [
                        145.654459,
                        15.022974
                    ],
                    [
                        145.655106,
                        15.022094
                    ],
                    [
                        145.655034,
                        15.02198
                    ],
                    [
                        145.655396,
                        15.021485
                    ],
                    [
                        145.655643,
                        15.020342
                    ],
                    [
                        145.656438,
                        15.019553
                    ],
                    [
                        145.65679,
                        15.019519
                    ],
                    [
                        145.657076,
                        15.018929
                    ],
                    [
                        145.658066,
                        15.018801
                    ],
                    [
                        145.658142,
                        15.018648
                    ],
                    [
                        145.658703,
                        15.018606
                    ],
                    [
                        145.658865,
                        15.018396
                    ],
                    [
                        145.659351,
                        15.018444
                    ],
                    [
                        145.659498,
                        15.018149
                    ],
                    [
                        145.660935,
                        15.018277
                    ],
                    [
                        145.662139,
                        15.018591
                    ],
                    [
                        145.66302,
                        15.018544
                    ],
                    [
                        145.663681,
                        15.018753
                    ],
                    [
                        145.664823,
                        15.018563
                    ],
                    [
                        145.66498,
                        15.018358
                    ],
                    [
                        145.66518,
                        15.018486
                    ],
                    [
                        145.665499,
                        15.018406
                    ],
                    [
                        145.667084,
                        15.01704
                    ],
                    [
                        145.667136,
                        15.016849
                    ],
                    [
                        145.667503,
                        15.016845
                    ],
                    [
                        145.668164,
                        15.016364
                    ],
                    [
                        145.668416,
                        15.01615
                    ],
                    [
                        145.668245,
                        15.015979
                    ],
                    [
                        145.66855,
                        15.015607
                    ],
                    [
                        145.668478,
                        15.015455
                    ],
                    [
                        145.669168,
                        15.015031
                    ],
                    [
                        145.669463,
                        15.014218
                    ],
                    [
                        145.669863,
                        15.013794
                    ],
                    [
                        145.670101,
                        15.012823
                    ],
                    [
                        145.670377,
                        15.012662
                    ],
                    [
                        145.670558,
                        15.012176
                    ],
                    [
                        145.671105,
                        15.011562
                    ],
                    [
                        145.671186,
                        15.01111
                    ],
                    [
                        145.670753,
                        15.010606
                    ],
                    [
                        145.670786,
                        15.009992
                    ],
                    [
                        145.671162,
                        15.008997
                    ],
                    [
                        145.671695,
                        15.008621
                    ],
                    [
                        145.671838,
                        15.00875
                    ],
                    [
                        145.6725,
                        15.008493
                    ],
                    [
                        145.672709,
                        15.00786
                    ],
                    [
                        145.673374,
                        15.007521
                    ],
                    [
                        145.673803,
                        15.005985
                    ],
                    [
                        145.673451,
                        15.005518
                    ],
                    [
                        145.673604,
                        15.004429
                    ],
                    [
                        145.673213,
                        15.004067
                    ],
                    [
                        145.672842,
                        15.00283
                    ],
                    [
                        145.672847,
                        15.002349
                    ],
                    [
                        145.672718,
                        15.002363
                    ],
                    [
                        145.672718,
                        15.001878
                    ],
                    [
                        145.672528,
                        15.001711
                    ],
                    [
                        145.672452,
                        15.00114
                    ],
                    [
                        145.672238,
                        15.000983
                    ],
                    [
                        145.672152,
                        15.000593
                    ],
                    [
                        145.6723,
                        15.000355
                    ],
                    [
                        145.6717,
                        14.999617
                    ],
                    [
                        145.671686,
                        14.998532
                    ],
                    [
                        145.671467,
                        14.998228
                    ],
                    [
                        145.6716,
                        14.997714
                    ],
                    [
                        145.671305,
                        14.997604
                    ],
                    [
                        145.671277,
                        14.99739
                    ],
                    [
                        145.670729,
                        14.9969
                    ],
                    [
                        145.671134,
                        14.996496
                    ],
                    [
                        145.671115,
                        14.995739
                    ],
                    [
                        145.670729,
                        14.995563
                    ],
                    [
                        145.670348,
                        14.995016
                    ],
                    [
                        145.670463,
                        14.994906
                    ],
                    [
                        145.670325,
                        14.993973
                    ],
                    [
                        145.670453,
                        14.993673
                    ],
                    [
                        145.669882,
                        14.99276
                    ],
                    [
                        145.669996,
                        14.99247
                    ],
                    [
                        145.669801,
                        14.992041
                    ],
                    [
                        145.670018,
                        14.991933
                    ],
                    [
                        145.669887,
                        14.991556
                    ],
                    [
                        145.669992,
                        14.991351
                    ],
                    [
                        145.669587,
                        14.990347
                    ],
                    [
                        145.669716,
                        14.99008
                    ],
                    [
                        145.669511,
                        14.990004
                    ],
                    [
                        145.669735,
                        14.989243
                    ],
                    [
                        145.669463,
                        14.988586
                    ],
                    [
                        145.669559,
                        14.988258
                    ],
                    [
                        145.669026,
                        14.987696
                    ],
                    [
                        145.669121,
                        14.987287
                    ],
                    [
                        145.668873,
                        14.98712
                    ],
                    [
                        145.669102,
                        14.986778
                    ],
                    [
                        145.66893,
                        14.986492
                    ],
                    [
                        145.669064,
                        14.986378
                    ],
                    [
                        145.669011,
                        14.985779
                    ],
                    [
                        145.668688,
                        14.985569
                    ],
                    [
                        145.668593,
                        14.985155
                    ],
                    [
                        145.668478,
                        14.985184
                    ],
                    [
                        145.668397,
                        14.984846
                    ],
                    [
                        145.668231,
                        14.984779
                    ],
                    [
                        145.668288,
                        14.984355
                    ],
                    [
                        145.667979,
                        14.98367
                    ],
                    [
                        145.668164,
                        14.983247
                    ],
                    [
                        145.668021,
                        14.983228
                    ],
                    [
                        145.667946,
                        14.982929
                    ],
                    [
                        145.668059,
                        14.982895
                    ],
                    [
                        145.668026,
                        14.982619
                    ],
                    [
                        145.667512,
                        14.981767
                    ],
                    [
                        145.667231,
                        14.981638
                    ],
                    [
                        145.666989,
                        14.981058
                    ],
                    [
                        145.666622,
                        14.980905
                    ],
                    [
                        145.666579,
                        14.980572
                    ],
                    [
                        145.666327,
                        14.980344
                    ],
                    [
                        145.666146,
                        14.979268
                    ],
                    [
                        145.664747,
                        14.978293
                    ],
                    [
                        145.664719,
                        14.978017
                    ],
                    [
                        145.664509,
                        14.978017
                    ],
                    [
                        145.664157,
                        14.977646
                    ],
                    [
                        145.664343,
                        14.977373
                    ],
                    [
                        145.663234,
                        14.97706
                    ],
                    [
                        145.664209,
                        14.976451
                    ],
                    [
                        145.664062,
                        14.976013
                    ],
                    [
                        145.663734,
                        14.975732
                    ],
                    [
                        145.663967,
                        14.975599
                    ],
                    [
                        145.664133,
                        14.97498
                    ],
                    [
                        145.664933,
                        14.974286
                    ],
                    [
                        145.664819,
                        14.97411
                    ],
                    [
                        145.665171,
                        14.973777
                    ],
                    [
                        145.665161,
                        14.97341
                    ],
                    [
                        145.665532,
                        14.972853
                    ],
                    [
                        145.665318,
                        14.972744
                    ],
                    [
                        145.665537,
                        14.972601
                    ],
                    [
                        145.66539,
                        14.97222
                    ],
                    [
                        145.665732,
                        14.972035
                    ],
                    [
                        145.665685,
                        14.971349
                    ],
                    [
                        145.665399,
                        14.971116
                    ],
                    [
                        145.665042,
                        14.970383
                    ],
                    [
                        145.665337,
                        14.970102
                    ],
                    [
                        145.665019,
                        14.969765
                    ],
                    [
                        145.664457,
                        14.969679
                    ],
                    [
                        145.663548,
                        14.968713
                    ],
                    [
                        145.663458,
                        14.968499
                    ],
                    [
                        145.66361,
                        14.968404
                    ],
                    [
                        145.663144,
                        14.968109
                    ],
                    [
                        145.663429,
                        14.967595
                    ],
                    [
                        145.662953,
                        14.96709
                    ],
                    [
                        145.662896,
                        14.966633
                    ],
                    [
                        145.662373,
                        14.965924
                    ],
                    [
                        145.661468,
                        14.965177
                    ],
                    [
                        145.662063,
                        14.964858
                    ],
                    [
                        145.662106,
                        14.964506
                    ],
                    [
                        145.661711,
                        14.963987
                    ],
                    [
                        145.661578,
                        14.96344
                    ],
                    [
                        145.662235,
                        14.962993
                    ],
                    [
                        145.661973,
                        14.962341
                    ],
                    [
                        145.66213,
                        14.961233
                    ],
                    [
                        145.661735,
                        14.960623
                    ],
                    [
                        145.661649,
                        14.960175
                    ],
                    [
                        145.661349,
                        14.960009
                    ],
                    [
                        145.661411,
                        14.959733
                    ],
                    [
                        145.661183,
                        14.959581
                    ],
                    [
                        145.661289,
                        14.959348
                    ],
                    [
                        145.661064,
                        14.958648
                    ],
                    [
                        145.661416,
                        14.957805
                    ],
                    [
                        145.661378,
                        14.957468
                    ],
                    [
                        145.661697,
                        14.956992
                    ],
                    [
                        145.66164,
                        14.956816
                    ],
                    [
                        145.662001,
                        14.956882
                    ],
                    [
                        145.662054,
                        14.956744
                    ],
                    [
                        145.661806,
                        14.956682
                    ],
                    [
                        145.662035,
                        14.956544
                    ],
                    [
                        145.662077,
                        14.956268
                    ],
                    [
                        145.662344,
                        14.955978
                    ],
                    [
                        145.662653,
                        14.955921
                    ],
                    [
                        145.662506,
                        14.955892
                    ],
                    [
                        145.662615,
                        14.955688
                    ],
                    [
                        145.662444,
                        14.955483
                    ],
                    [
                        145.662477,
                        14.955183
                    ],
                    [
                        145.662777,
                        14.954998
                    ],
                    [
                        145.662701,
                        14.954779
                    ],
                    [
                        145.663386,
                        14.954722
                    ],
                    [
                        145.663305,
                        14.954512
                    ],
                    [
                        145.663139,
                        14.954527
                    ],
                    [
                        145.663355,
                        14.954301
                    ],
                    [
                        145.663124,
                        14.954198
                    ],
                    [
                        145.663343,
                        14.953413
                    ],
                    [
                        145.663167,
                        14.953218
                    ],
                    [
                        145.66361,
                        14.953199
                    ],
                    [
                        145.663938,
                        14.952794
                    ],
                    [
                        145.664295,
                        14.952766
                    ],
                    [
                        145.663962,
                        14.952523
                    ],
                    [
                        145.664133,
                        14.951971
                    ],
                    [
                        145.663933,
                        14.951838
                    ],
                    [
                        145.664024,
                        14.9517
                    ],
                    [
                        145.663757,
                        14.9517
                    ],
                    [
                        145.663857,
                        14.951114
                    ],
                    [
                        145.665989,
                        14.950443
                    ],
                    [
                        145.665728,
                        14.949948
                    ],
                    [
                        145.665913,
                        14.949506
                    ],
                    [
                        145.665009,
                        14.949344
                    ],
                    [
                        145.665214,
                        14.948906
                    ],
                    [
                        145.665004,
                        14.948816
                    ],
                    [
                        145.66498,
                        14.948626
                    ],
                    [
                        145.665552,
                        14.94823
                    ],
                    [
                        145.66461,
                        14.947834
                    ],
                    [
                        145.663757,
                        14.948031
                    ],
                    [
                        145.663186,
                        14.94854
                    ],
                    [
                        145.662549,
                        14.948683
                    ],
                    [
                        145.661863,
                        14.947912
                    ],
                    [
                        145.661592,
                        14.948278
                    ],
                    [
                        145.661116,
                        14.948107
                    ],
                    [
                        145.660793,
                        14.948435
                    ],
                    [
                        145.66065,
                        14.948331
                    ],
                    [
                        145.660502,
                        14.948502
                    ],
                    [
                        145.660093,
                        14.948507
                    ],
                    [
                        145.660169,
                        14.948611
                    ],
                    [
                        145.659822,
                        14.948754
                    ],
                    [
                        145.659194,
                        14.948331
                    ],
                    [
                        145.658618,
                        14.948368
                    ],
                    [
                        145.658323,
                        14.948016
                    ],
                    [
                        145.658323,
                        14.947764
                    ],
                    [
                        145.657937,
                        14.947607
                    ],
                    [
                        145.65789,
                        14.947369
                    ],
                    [
                        145.657366,
                        14.947336
                    ],
                    [
                        145.656162,
                        14.945975
                    ],
                    [
                        145.655291,
                        14.945951
                    ],
                    [
                        145.655301,
                        14.946175
                    ],
                    [
                        145.654849,
                        14.946094
                    ],
                    [
                        145.654368,
                        14.945894
                    ],
                    [
                        145.654311,
                        14.945504
                    ],
                    [
                        145.653711,
                        14.945408
                    ],
                    [
                        145.653811,
                        14.94508
                    ],
                    [
                        145.654144,
                        14.945009
                    ],
                    [
                        145.653597,
                        14.944976
                    ],
                    [
                        145.653792,
                        14.944585
                    ],
                    [
                        145.653573,
                        14.944295
                    ],
                    [
                        145.653802,
                        14.944124
                    ],
                    [
                        145.653435,
                        14.943762
                    ],
                    [
                        145.652907,
                        14.943805
                    ],
                    [
                        145.65304,
                        14.94351
                    ],
                    [
                        145.652937,
                        14.943204
                    ],
                    [
                        145.652731,
                        14.943177
                    ],
                    [
                        145.652769,
                        14.942963
                    ],
                    [
                        145.652607,
                        14.942991
                    ],
                    [
                        145.652541,
                        14.942734
                    ],
                    [
                        145.651755,
                        14.942496
                    ],
                    [
                        145.65197,
                        14.942401
                    ],
                    [
                        145.651594,
                        14.942306
                    ],
                    [
                        145.651722,
                        14.941915
                    ],
                    [
                        145.651427,
                        14.941915
                    ],
                    [
                        145.651589,
                        14.941601
                    ],
                    [
                        145.650984,
                        14.941173
                    ],
                    [
                        145.651227,
                        14.939959
                    ],
                    [
                        145.651784,
                        14.939655
                    ],
                    [
                        145.651793,
                        14.939308
                    ],
                    [
                        145.65226,
                        14.939122
                    ],
                    [
                        145.652193,
                        14.938889
                    ],
                    [
                        145.652345,
                        14.938599
                    ],
                    [
                        145.65265,
                        14.93848
                    ],
                    [
                        145.652331,
                        14.93817
                    ],
                    [
                        145.652471,
                        14.937865
                    ],
                    [
                        145.652131,
                        14.937537
                    ],
                    [
                        145.652155,
                        14.937295
                    ],
                    [
                        145.652445,
                        14.937285
                    ],
                    [
                        145.652441,
                        14.9371
                    ],
                    [
                        145.651736,
                        14.937014
                    ],
                    [
                        145.651527,
                        14.936785
                    ],
                    [
                        145.65156,
                        14.936585
                    ],
                    [
                        145.651313,
                        14.936495
                    ],
                    [
                        145.651384,
                        14.936257
                    ],
                    [
                        145.651161,
                        14.935819
                    ],
                    [
                        145.650766,
                        14.935853
                    ],
                    [
                        145.650485,
                        14.935496
                    ],
                    [
                        145.650547,
                        14.93532
                    ],
                    [
                        145.650109,
                        14.935305
                    ],
                    [
                        145.649819,
                        14.934696
                    ],
                    [
                        145.650066,
                        14.934672
                    ],
                    [
                        145.64979,
                        14.934468
                    ],
                    [
                        145.649838,
                        14.934111
                    ],
                    [
                        145.649552,
                        14.934035
                    ],
                    [
                        145.649338,
                        14.934158
                    ],
                    [
                        145.649048,
                        14.933935
                    ],
                    [
                        145.649314,
                        14.933692
                    ],
                    [
                        145.649228,
                        14.933487
                    ],
                    [
                        145.648852,
                        14.933606
                    ],
                    [
                        145.648367,
                        14.932793
                    ],
                    [
                        145.648458,
                        14.932693
                    ],
                    [
                        145.647629,
                        14.931541
                    ],
                    [
                        145.646773,
                        14.929038
                    ],
                    [
                        145.64643,
                        14.928709
                    ],
                    [
                        145.646149,
                        14.928024
                    ],
                    [
                        145.645792,
                        14.927958
                    ],
                    [
                        145.645669,
                        14.927582
                    ],
                    [
                        145.645179,
                        14.927182
                    ],
                    [
                        145.645345,
                        14.926677
                    ],
                    [
                        145.645222,
                        14.926368
                    ],
                    [
                        145.644446,
                        14.92633
                    ],
                    [
                        145.644217,
                        14.92603
                    ],
                    [
                        145.644322,
                        14.925883
                    ],
                    [
                        145.643927,
                        14.92573
                    ],
                    [
                        145.643813,
                        14.925473
                    ],
                    [
                        145.643332,
                        14.925178
                    ],
                    [
                        145.643156,
                        14.924798
                    ],
                    [
                        145.642723,
                        14.924655
                    ],
                    [
                        145.64238,
                        14.924284
                    ],
                    [
                        145.642043,
                        14.924246
                    ],
                    [
                        145.641252,
                        14.923484
                    ],
                    [
                        145.640577,
                        14.923346
                    ],
                    [
                        145.639159,
                        14.922699
                    ],
                    [
                        145.636979,
                        14.922532
                    ],
                    [
                        145.636755,
                        14.922661
                    ],
                    [
                        145.63666,
                        14.922547
                    ],
                    [
                        145.635875,
                        14.922628
                    ],
                    [
                        145.635371,
                        14.922837
                    ],
                    [
                        145.635213,
                        14.922747
                    ],
                    [
                        145.634609,
                        14.92307
                    ],
                    [
                        145.634381,
                        14.923042
                    ],
                    [
                        145.632458,
                        14.924498
                    ],
                    [
                        145.631977,
                        14.925031
                    ],
                    [
                        145.632087,
                        14.925578
                    ],
                    [
                        145.63223,
                        14.925635
                    ],
                    [
                        145.631559,
                        14.92603
                    ],
                    [
                        145.631573,
                        14.926244
                    ],
                    [
                        145.63134,
                        14.926473
                    ],
                    [
                        145.631359,
                        14.927072
                    ],
                    [
                        145.630992,
                        14.927234
                    ],
                    [
                        145.630987,
                        14.927501
                    ],
                    [
                        145.63055,
                        14.928186
                    ],
                    [
                        145.630607,
                        14.928467
                    ],
                    [
                        145.630407,
                        14.928924
                    ],
                    [
                        145.630816,
                        14.930404
                    ],
                    [
                        145.630125,
                        14.931924
                    ],
                    [
                        145.629888,
                        14.932026
                    ],
                    [
                        145.629979,
                        14.932336
                    ],
                    [
                        145.629617,
                        14.932874
                    ],
                    [
                        145.62966,
                        14.933116
                    ],
                    [
                        145.629384,
                        14.933288
                    ],
                    [
                        145.629222,
                        14.933925
                    ],
                    [
                        145.629498,
                        14.934758
                    ],
                    [
                        145.629346,
                        14.93492
                    ],
                    [
                        145.629331,
                        14.935924
                    ],
                    [
                        145.629907,
                        14.937247
                    ],
                    [
                        145.629798,
                        14.937471
                    ],
                    [
                        145.629469,
                        14.937461
                    ],
                    [
                        145.629179,
                        14.938384
                    ],
                    [
                        145.62976,
                        14.938989
                    ],
                    [
                        145.629465,
                        14.939246
                    ],
                    [
                        145.629655,
                        14.939503
                    ],
                    [
                        145.62925,
                        14.940188
                    ],
                    [
                        145.628641,
                        14.940597
                    ],
                    [
                        145.628403,
                        14.940493
                    ],
                    [
                        145.628294,
                        14.942177
                    ],
                    [
                        145.628437,
                        14.943457
                    ],
                    [
                        145.628908,
                        14.944842
                    ],
                    [
                        145.630255,
                        14.947526
                    ],
                    [
                        145.630911,
                        14.949711
                    ],
                    [
                        145.631116,
                        14.949987
                    ],
                    [
                        145.631378,
                        14.951181
                    ],
                    [
                        145.631597,
                        14.951405
                    ],
                    [
                        145.631597,
                        14.95269
                    ],
                    [
                        145.631387,
                        14.952713
                    ],
                    [
                        145.63144,
                        14.953332
                    ],
                    [
                        145.631268,
                        14.953775
                    ],
                    [
                        145.630169,
                        14.95496
                    ],
                    [
                        145.630297,
                        14.956059
                    ],
                    [
                        145.630145,
                        14.956635
                    ],
                    [
                        145.629717,
                        14.957019
                    ],
                    [
                        145.629726,
                        14.957958
                    ],
                    [
                        145.629484,
                        14.957982
                    ],
                    [
                        145.629298,
                        14.958343
                    ],
                    [
                        145.62937,
                        14.958572
                    ],
                    [
                        145.629246,
                        14.958548
                    ],
                    [
                        145.628422,
                        14.95988
                    ],
                    [
                        145.627494,
                        14.962093
                    ],
                    [
                        145.627204,
                        14.962384
                    ],
                    [
                        145.626688,
                        14.963503
                    ],
                    [
                        145.625282,
                        14.965018
                    ],
                    [
                        145.624382,
                        14.965565
                    ],
                    [
                        145.623792,
                        14.965703
                    ],
                    [
                        145.623545,
                        14.965617
                    ],
                    [
                        145.623668,
                        14.965284
                    ],
                    [
                        145.623369,
                        14.964061
                    ],
                    [
                        145.618248,
                        14.966317
                    ],
                    [
                        145.617934,
                        14.965722
                    ],
                    [
                        145.619223,
                        14.965127
                    ],
                    [
                        145.619143,
                        14.964927
                    ],
                    [
                        145.617867,
                        14.965503
                    ],
                    [
                        145.617543,
                        14.964894
                    ],
                    [
                        145.618824,
                        14.964304
                    ],
                    [
                        145.618757,
                        14.964085
                    ],
                    [
                        145.617239,
                        14.964794
                    ],
                    [
                        145.618282,
                        14.967018
                    ],
                    [
                        145.617842,
                        14.967308
                    ],
                    [
                        145.61792,
                        14.967442
                    ],
                    [
                        145.617255,
                        14.967787
                    ],
                    [
                        145.617212,
                        14.968158
                    ],
                    [
                        145.616932,
                        14.968068
                    ],
                    [
                        145.617065,
                        14.968439
                    ],
                    [
                        145.617474,
                        14.968772
                    ],
                    [
                        145.616984,
                        14.969548
                    ],
                    [
                        145.61618,
                        14.969976
                    ],
                    [
                        145.615483,
                        14.970144
                    ],
                    [
                        145.614582,
                        14.967078
                    ],
                    [
                        145.61681,
                        14.963997
                    ],
                    [
                        145.617243,
                        14.963564
                    ],
                    [
                        145.617655,
                        14.963508
                    ],
                    [
                        145.617893,
                        14.962922
                    ],
                    [
                        145.618998,
                        14.961999
                    ],
                    [
                        145.621876,
                        14.961861
                    ],
                    [
                        145.621871,
                        14.961749
                    ],
                    [
                        145.619122,
                        14.961699
                    ],
                    [
                        145.616999,
                        14.963536
                    ],
                    [
                        145.614442,
                        14.967078
                    ],
                    [
                        145.61535,
                        14.970116
                    ],
                    [
                        145.615071,
                        14.970081
                    ],
                    [
                        145.61469,
                        14.970457
                    ],
                    [
                        145.613853,
                        14.970595
                    ],
                    [
                        145.613577,
                        14.970814
                    ],
                    [
                        145.613534,
                        14.971009
                    ],
                    [
                        145.61302,
                        14.971384
                    ],
                    [
                        145.613039,
                        14.971575
                    ],
                    [
                        145.612463,
                        14.97197
                    ],
                    [
                        145.612187,
                        14.973036
                    ],
                    [
                        145.612235,
                        14.973759
                    ],
                    [
                        145.612116,
                        14.97385
                    ],
                    [
                        145.612258,
                        14.974359
                    ],
                    [
                        145.612463,
                        14.974516
                    ],
                    [
                        145.612373,
                        14.974701
                    ],
                    [
                        145.612097,
                        14.974725
                    ],
                    [
                        145.612104,
                        14.974871
                    ],
                    [
                        145.612306,
                        14.97492
                    ],
                    [
                        145.612104,
                        14.975281
                    ],
                    [
                        145.612093,
                        14.976072
                    ],
                    [
                        145.611979,
                        14.976143
                    ],
                    [
                        145.612116,
                        14.976362
                    ],
                    [
                        145.611893,
                        14.9764
                    ],
                    [
                        145.612021,
                        14.977071
                    ],
                    [
                        145.611925,
                        14.977281
                    ],
                    [
                        145.612158,
                        14.977828
                    ],
                    [
                        145.61205,
                        14.978185
                    ],
                    [
                        145.612158,
                        14.97858
                    ],
                    [
                        145.612496,
                        14.979042
                    ],
                    [
                        145.612271,
                        14.979327
                    ],
                    [
                        145.612293,
                        14.979976
                    ],
                    [
                        145.612607,
                        14.980041
                    ],
                    [
                        145.612578,
                        14.980662
                    ],
                    [
                        145.612952,
                        14.980813
                    ],
                    [
                        145.612825,
                        14.981607
                    ],
                    [
                        145.612144,
                        14.982244
                    ],
                    [
                        145.611316,
                        14.983444
                    ],
                    [
                        145.61005,
                        14.983834
                    ],
                    [
                        145.609965,
                        14.98431
                    ],
                    [
                        145.610174,
                        14.984476
                    ],
                    [
                        145.61006,
                        14.984762
                    ],
                    [
                        145.609879,
                        14.984705
                    ],
                    [
                        145.609708,
                        14.985133
                    ],
                    [
                        145.609103,
                        14.985523
                    ],
                    [
                        145.608199,
                        14.985557
                    ],
                    [
                        145.608208,
                        14.985699
                    ],
                    [
                        145.607781,
                        14.985973
                    ],
                    [
                        145.607903,
                        14.986372
                    ],
                    [
                        145.608417,
                        14.986808
                    ],
                    [
                        145.608638,
                        14.986827
                    ],
                    [
                        145.608908,
                        14.987218
                    ],
                    [
                        145.609066,
                        14.988249
                    ],
                    [
                        145.608775,
                        14.990087
                    ],
                    [
                        145.60798,
                        14.991001
                    ],
                    [
                        145.606767,
                        14.991515
                    ],
                    [
                        145.606662,
                        14.991686
                    ],
                    [
                        145.605805,
                        14.991705
                    ],
                    [
                        145.605196,
                        14.992038
                    ],
                    [
                        145.604844,
                        14.992467
                    ],
                    [
                        145.603735,
                        14.992333
                    ],
                    [
                        145.603683,
                        14.992057
                    ],
                    [
                        145.603036,
                        14.992343
                    ],
                    [
                        145.602517,
                        14.992219
                    ],
                    [
                        145.602513,
                        14.991947
                    ],
                    [
                        145.601689,
                        14.991943
                    ],
                    [
                        145.601464,
                        14.991619
                    ],
                    [
                        145.600976,
                        14.991962
                    ],
                    [
                        145.599581,
                        14.991876
                    ],
                    [
                        145.599472,
                        14.991669
                    ],
                    [
                        145.599109,
                        14.991639
                    ],
                    [
                        145.598324,
                        14.991186
                    ],
                    [
                        145.598143,
                        14.990468
                    ],
                    [
                        145.597863,
                        14.990239
                    ],
                    [
                        145.597173,
                        14.990249
                    ],
                    [
                        145.596896,
                        14.989735
                    ],
                    [
                        145.596611,
                        14.98964
                    ],
                    [
                        145.596402,
                        14.989787
                    ],
                    [
                        145.595964,
                        14.989659
                    ],
                    [
                        145.595512,
                        14.989787
                    ],
                    [
                        145.595174,
                        14.989706
                    ],
                    [
                        145.595102,
                        14.989859
                    ],
                    [
                        145.594383,
                        14.989827
                    ],
                    [
                        145.593918,
                        14.99022
                    ],
                    [
                        145.593956,
                        14.990358
                    ],
                    [
                        145.593223,
                        14.990159
                    ],
                    [
                        145.592932,
                        14.989792
                    ],
                    [
                        145.592562,
                        14.989777
                    ],
                    [
                        145.591933,
                        14.990197
                    ],
                    [
                        145.591705,
                        14.990063
                    ],
                    [
                        145.590787,
                        14.990593
                    ],
                    [
                        145.590199,
                        14.990655
                    ],
                    [
                        145.589828,
                        14.991284
                    ],
                    [
                        145.59016,
                        14.991629
                    ],
                    [
                        145.589577,
                        14.992
                    ],
                    [
                        145.589435,
                        14.992186
                    ],
                    [
                        145.58963,
                        14.992448
                    ],
                    [
                        145.589506,
                        14.992614
                    ],
                    [
                        145.589025,
                        14.992719
                    ],
                    [
                        145.589078,
                        14.993033
                    ],
                    [
                        145.588822,
                        14.99294
                    ],
                    [
                        145.588745,
                        14.993271
                    ],
                    [
                        145.588158,
                        14.99314
                    ],
                    [
                        145.588122,
                        14.993375
                    ],
                    [
                        145.588335,
                        14.993642
                    ],
                    [
                        145.588115,
                        14.993703
                    ],
                    [
                        145.587901,
                        14.993361
                    ],
                    [
                        145.587694,
                        14.993461
                    ],
                    [
                        145.587636,
                        14.993851
                    ],
                    [
                        145.586944,
                        14.993811
                    ],
                    [
                        145.586532,
                        14.994085
                    ],
                    [
                        145.586052,
                        14.99406
                    ],
                    [
                        145.585765,
                        14.994313
                    ],
                    [
                        145.585547,
                        14.99427
                    ],
                    [
                        145.58509,
                        14.994703
                    ],
                    [
                        145.584904,
                        14.995312
                    ],
                    [
                        145.584542,
                        14.995726
                    ],
                    [
                        145.584671,
                        14.995917
                    ],
                    [
                        145.584474,
                        14.996095
                    ],
                    [
                        145.584952,
                        14.99674
                    ],
                    [
                        145.584567,
                        14.99683
                    ],
                    [
                        145.584572,
                        14.997159
                    ],
                    [
                        145.58466,
                        14.997537
                    ],
                    [
                        145.584924,
                        14.997465
                    ],
                    [
                        145.58481,
                        14.997929
                    ],
                    [
                        145.584994,
                        14.997934
                    ],
                    [
                        145.585717,
                        15.000199
                    ],
                    [
                        145.585875,
                        15.0005
                    ],
                    [
                        145.586475,
                        15.000938
                    ],
                    [
                        145.586394,
                        15.001171
                    ],
                    [
                        145.586584,
                        15.001604
                    ],
                    [
                        145.586427,
                        15.001732
                    ],
                    [
                        145.586527,
                        15.001837
                    ],
                    [
                        145.58637,
                        15.002032
                    ],
                    [
                        145.586522,
                        15.002137
                    ],
                    [
                        145.586398,
                        15.002346
                    ],
                    [
                        145.586646,
                        15.002779
                    ],
                    [
                        145.586475,
                        15.002889
                    ],
                    [
                        145.586646,
                        15.00326
                    ],
                    [
                        145.586513,
                        15.003374
                    ],
                    [
                        145.586927,
                        15.004193
                    ],
                    [
                        145.586774,
                        15.004906
                    ],
                    [
                        145.586927,
                        15.005568
                    ],
                    [
                        145.586841,
                        15.005792
                    ],
                    [
                        145.586984,
                        15.005887
                    ],
                    [
                        145.586532,
                        15.006501
                    ],
                    [
                        145.587046,
                        15.006791
                    ],
                    [
                        145.587248,
                        15.007222
                    ],
                    [
                        145.587079,
                        15.007338
                    ],
                    [
                        145.587644,
                        15.007745
                    ],
                    [
                        145.58758,
                        15.008102
                    ],
                    [
                        145.587965,
                        15.008094
                    ],
                    [
                        145.588259,
                        15.0083
                    ],
                    [
                        145.588222,
                        15.00863
                    ],
                    [
                        145.588568,
                        15.009342
                    ],
                    [
                        145.588051,
                        15.010257
                    ],
                    [
                        145.587851,
                        15.010322
                    ],
                    [
                        145.587737,
                        15.010586
                    ],
                    [
                        145.587387,
                        15.010657
                    ],
                    [
                        145.587217,
                        15.011859
                    ],
                    [
                        145.58673,
                        15.011899
                    ],
                    [
                        145.586909,
                        15.012256
                    ],
                    [
                        145.586459,
                        15.012477
                    ],
                    [
                        145.586498,
                        15.012863
                    ],
                    [
                        145.58588,
                        15.013073
                    ],
                    [
                        145.585256,
                        15.012978
                    ],
                    [
                        145.585218,
                        15.013225
                    ],
                    [
                        145.584937,
                        15.013039
                    ],
                    [
                        145.584923,
                        15.013211
                    ],
                    [
                        145.584704,
                        15.013282
                    ],
                    [
                        145.584582,
                        15.013034
                    ],
                    [
                        145.583725,
                        15.01362
                    ],
                    [
                        145.583714,
                        15.013867
                    ],
                    [
                        145.583533,
                        15.013953
                    ],
                    [
                        145.583312,
                        15.014593
                    ],
                    [
                        145.583139,
                        15.014653
                    ],
                    [
                        145.58311,
                        15.014929
                    ],
                    [
                        145.582861,
                        15.01519
                    ],
                    [
                        145.582754,
                        15.015859
                    ],
                    [
                        145.582325,
                        15.016361
                    ],
                    [
                        145.582144,
                        15.017484
                    ],
                    [
                        145.582462,
                        15.018197
                    ],
                    [
                        145.58239,
                        15.018309
                    ],
                    [
                        145.582633,
                        15.018559
                    ],
                    [
                        145.582561,
                        15.018923
                    ],
                    [
                        145.58294,
                        15.019894
                    ],
                    [
                        145.583281,
                        15.020125
                    ],
                    [
                        145.582905,
                        15.020154
                    ],
                    [
                        145.582983,
                        15.020765
                    ],
                    [
                        145.583375,
                        15.021229
                    ],
                    [
                        145.583868,
                        15.021322
                    ],
                    [
                        145.584648,
                        15.021977
                    ],
                    [
                        145.584652,
                        15.022986
                    ],
                    [
                        145.584303,
                        15.022992
                    ],
                    [
                        145.584243,
                        15.02329
                    ],
                    [
                        145.583953,
                        15.023328
                    ],
                    [
                        145.58459,
                        15.024461
                    ],
                    [
                        145.584683,
                        15.024981
                    ],
                    [
                        145.584852,
                        15.025062
                    ],
                    [
                        145.584753,
                        15.025284
                    ],
                    [
                        145.585224,
                        15.025848
                    ],
                    [
                        145.585326,
                        15.026239
                    ],
                    [
                        145.585517,
                        15.026276
                    ],
                    [
                        145.585695,
                        15.02669
                    ],
                    [
                        145.585588,
                        15.026854
                    ],
                    [
                        145.585855,
                        15.027084
                    ],
                    [
                        145.585838,
                        15.027297
                    ],
                    [
                        145.586317,
                        15.027462
                    ],
                    [
                        145.586173,
                        15.027682
                    ],
                    [
                        145.586536,
                        15.028125
                    ],
                    [
                        145.586423,
                        15.028239
                    ],
                    [
                        145.586773,
                        15.028674
                    ],
                    [
                        145.586766,
                        15.028946
                    ],
                    [
                        145.58693,
                        15.02891
                    ],
                    [
                        145.586802,
                        15.029096
                    ],
                    [
                        145.586916,
                        15.029581
                    ],
                    [
                        145.58714,
                        15.029649
                    ],
                    [
                        145.586909,
                        15.029881
                    ],
                    [
                        145.58698,
                        15.030616
                    ],
                    [
                        145.587288,
                        15.03073
                    ],
                    [
                        145.587365,
                        15.03118
                    ],
                    [
                        145.587587,
                        15.031173
                    ],
                    [
                        145.587531,
                        15.031456
                    ],
                    [
                        145.587831,
                        15.032318
                    ],
                    [
                        145.587721,
                        15.032403
                    ],
                    [
                        145.58768,
                        15.033786
                    ],
                    [
                        145.588101,
                        15.035128
                    ],
                    [
                        145.587994,
                        15.035285
                    ],
                    [
                        145.588197,
                        15.035816
                    ],
                    [
                        145.588468,
                        15.036041
                    ],
                    [
                        145.588231,
                        15.03622
                    ],
                    [
                        145.588397,
                        15.037434
                    ],
                    [
                        145.588711,
                        15.038133
                    ],
                    [
                        145.588621,
                        15.038347
                    ],
                    [
                        145.58914,
                        15.038014
                    ],
                    [
                        145.589403,
                        15.037593
                    ],
                    [
                        145.590099,
                        15.037505
                    ],
                    [
                        145.590742,
                        15.037141
                    ],
                    [
                        145.591177,
                        15.037069
                    ],
                    [
                        145.592063,
                        15.037355
                    ],
                    [
                        145.594454,
                        15.038547
                    ],
                    [
                        145.595525,
                        15.039338
                    ],
                    [
                        145.59546,
                        15.039646
                    ],
                    [
                        145.595888,
                        15.039797
                    ],
                    [
                        145.596196,
                        15.040253
                    ],
                    [
                        145.596081,
                        15.040503
                    ],
                    [
                        145.596603,
                        15.041174
                    ],
                    [
                        145.596917,
                        15.041909
                    ],
                    [
                        145.597332,
                        15.043439
                    ],
                    [
                        145.597368,
                        15.044806
                    ],
                    [
                        145.597227,
                        15.045024
                    ],
                    [
                        145.597381,
                        15.0451
                    ],
                    [
                        145.597602,
                        15.046499
                    ],
                    [
                        145.597522,
                        15.047308
                    ],
                    [
                        145.597889,
                        15.047841
                    ],
                    [
                        145.597873,
                        15.048191
                    ],
                    [
                        145.598373,
                        15.04914
                    ],
                    [
                        145.598631,
                        15.049259
                    ],
                    [
                        145.598509,
                        15.049518
                    ],
                    [
                        145.598655,
                        15.050778
                    ],
                    [
                        145.598487,
                        15.050861
                    ],
                    [
                        145.598579,
                        15.051044
                    ],
                    [
                        145.598227,
                        15.05162
                    ],
                    [
                        145.597722,
                        15.051801
                    ],
                    [
                        145.597632,
                        15.051668
                    ],
                    [
                        145.596704,
                        15.052134
                    ],
                    [
                        145.596533,
                        15.052505
                    ],
                    [
                        145.596318,
                        15.052529
                    ],
                    [
                        145.596196,
                        15.052866
                    ],
                    [
                        145.596396,
                        15.053038
                    ],
                    [
                        145.596361,
                        15.053295
                    ],
                    [
                        145.5976,
                        15.05397
                    ],
                    [
                        145.597727,
                        15.054356
                    ],
                    [
                        145.598379,
                        15.054737
                    ],
                    [
                        145.598398,
                        15.054913
                    ],
                    [
                        145.599401,
                        15.055351
                    ],
                    [
                        145.599458,
                        15.055572
                    ],
                    [
                        145.599793,
                        15.055622
                    ],
                    [
                        145.600543,
                        15.056236
                    ],
                    [
                        145.601139,
                        15.056412
                    ],
                    [
                        145.602121,
                        15.057342
                    ],
                    [
                        145.602234,
                        15.057302
                    ],
                    [
                        145.602256,
                        15.057649
                    ],
                    [
                        145.602581,
                        15.057745
                    ],
                    [
                        145.602657,
                        15.058054
                    ],
                    [
                        145.604335,
                        15.059966
                    ],
                    [
                        145.604847,
                        15.060854
                    ],
                    [
                        145.605532,
                        15.061381
                    ],
                    [
                        145.610662,
                        15.067077
                    ],
                    [
                        145.611647,
                        15.067943
                    ],
                    [
                        145.612085,
                        15.068771
                    ],
                    [
                        145.612372,
                        15.068936
                    ],
                    [
                        145.612265,
                        15.069297
                    ],
                    [
                        145.613222,
                        15.070089
                    ],
                    [
                        145.613229,
                        15.070401
                    ],
                    [
                        145.614397,
                        15.072
                    ],
                    [
                        145.614676,
                        15.07266
                    ],
                    [
                        145.615869,
                        15.073662
                    ],
                    [
                        145.616288,
                        15.074195
                    ],
                    [
                        145.616186,
                        15.074639
                    ],
                    [
                        145.616605,
                        15.074715
                    ],
                    [
                        145.617957,
                        15.076362
                    ],
                    [
                        145.619219,
                        15.077317
                    ],
                    [
                        145.62007,
                        15.077622
                    ],
                    [
                        145.620374,
                        15.078155
                    ],
                    [
                        145.620222,
                        15.078446
                    ],
                    [
                        145.620526,
                        15.07851
                    ],
                    [
                        145.620806,
                        15.078345
                    ],
                    [
                        145.621504,
                        15.078865
                    ],
                    [
                        145.621789,
                        15.078839
                    ],
                    [
                        145.622354,
                        15.07917
                    ],
                    [
                        145.622455,
                        15.079462
                    ],
                    [
                        145.623176,
                        15.080041
                    ],
                    [
                        145.623483,
                        15.080629
                    ],
                    [
                        145.623686,
                        15.080464
                    ],
                    [
                        145.623927,
                        15.080794
                    ],
                    [
                        145.624253,
                        15.080921
                    ],
                    [
                        145.624106,
                        15.080997
                    ],
                    [
                        145.624558,
                        15.081439
                    ],
                    [
                        145.624981,
                        15.08219
                    ],
                    [
                        145.626105,
                        15.083405
                    ],
                    [
                        145.626285,
                        15.083395
                    ],
                    [
                        145.626195,
                        15.08351
                    ],
                    [
                        145.626433,
                        15.083757
                    ],
                    [
                        145.62658,
                        15.083695
                    ],
                    [
                        145.626557,
                        15.083976
                    ],
                    [
                        145.62689,
                        15.084271
                    ],
                    [
                        145.627018,
                        15.084223
                    ],
                    [
                        145.626905,
                        15.084454
                    ],
                    [
                        145.62717,
                        15.084568
                    ],
                    [
                        145.627124,
                        15.084758
                    ],
                    [
                        145.627523,
                        15.084742
                    ],
                    [
                        145.627571,
                        15.084949
                    ],
                    [
                        145.627915,
                        15.084983
                    ],
                    [
                        145.627837,
                        15.085247
                    ],
                    [
                        145.628636,
                        15.085668
                    ],
                    [
                        145.629599,
                        15.085909
                    ],
                    [
                        145.629953,
                        15.086146
                    ],
                    [
                        145.629913,
                        15.086405
                    ],
                    [
                        145.631198,
                        15.086919
                    ],
                    [
                        145.631179,
                        15.087109
                    ],
                    [
                        145.632515,
                        15.087493
                    ],
                    [
                        145.632405,
                        15.088211
                    ],
                    [
                        145.632776,
                        15.08853
                    ],
                    [
                        145.632952,
                        15.089016
                    ],
                    [
                        145.632791,
                        15.089192
                    ],
                    [
                        145.63301,
                        15.08923
                    ],
                    [
                        145.632943,
                        15.089454
                    ],
                    [
                        145.634604,
                        15.091462
                    ],
                    [
                        145.634873,
                        15.092057
                    ],
                    [
                        145.635784,
                        15.092747
                    ],
                    [
                        145.636219,
                        15.093424
                    ],
                    [
                        145.636129,
                        15.093542
                    ],
                    [
                        145.636788,
                        15.093784
                    ],
                    [
                        145.637071,
                        15.094327
                    ],
                    [
                        145.63725,
                        15.094298
                    ],
                    [
                        145.637399,
                        15.094552
                    ],
                    [
                        145.637319,
                        15.094912
                    ],
                    [
                        145.637557,
                        15.095055
                    ],
                    [
                        145.637616,
                        15.094931
                    ],
                    [
                        145.637768,
                        15.095117
                    ],
                    [
                        145.637723,
                        15.09535
                    ],
                    [
                        145.638255,
                        15.095571
                    ],
                    [
                        145.638299,
                        15.095848
                    ],
                    [
                        145.638685,
                        15.096069
                    ],
                    [
                        145.63887,
                        15.09649
                    ],
                    [
                        145.63894,
                        15.096324
                    ],
                    [
                        145.63947,
                        15.097068
                    ],
                    [
                        145.639977,
                        15.097547
                    ],
                    [
                        145.640148,
                        15.097504
                    ],
                    [
                        145.640969,
                        15.098596
                    ],
                    [
                        145.642351,
                        15.099721
                    ],
                    [
                        145.642611,
                        15.100316
                    ],
                    [
                        145.643221,
                        15.100608
                    ],
                    [
                        145.643289,
                        15.100816
                    ],
                    [
                        145.64346,
                        15.100702
                    ],
                    [
                        145.644405,
                        15.101108
                    ],
                    [
                        145.644481,
                        15.10128
                    ]
                ]
            ]
        ]
    },
    "properties": {
        "@id": "https://api.weather.gov/zones/forecast/MPZ002",
        "@type": "wx:Zone",
        "id": "MPZ002",
        "type": "public",
        "name": "Tinian",
        "effectiveDate": "2026-04-16T18:00:00+00:00",
        "expirationDate": "2200-01-01T00:00:00+00:00",
        "state": "MP",
        "forecastOffice": "https://api.weather.gov/offices/GUM",
        "gridIdentifier": "GUM",
        "awipsLocationIdentifier": "GUM",
        "cwa": [
            "GUM"
        ],
        "forecastOffices": [
            "https://api.weather.gov/offices/GUM"
        ],
        "timeZone": [
            "Pacific/Saipan"
        ],
        "observationStations": [
            "https://api.weather.gov/stations/PGWT",
            "https://api.weather.gov/stations/PGRO",
            "https://api.weather.gov/stations/PGSN",
            "https://api.weather.gov/stations/PGUA",
            "https://api.weather.gov/stations/PGUM"
        ],
        "radarStation": "GUA"
    }
}