{
    "@context": {
        "@version": "1.1"
    },
    "id": "https://api.weather.gov/zones/forecast/HIZ026",
    "type": "Feature",
    "geometry": {
        "type": "Polygon",
        "coordinates": [
            [
                [
                    -155.8506,
                    20.268135
                ],
                [
                    -155.851642,
                    20.254215
                ],
                [
                    -155.851972,
                    20.240259
                ],
                [
                    -155.85164,
                    20.227299
                ],
                [
                    -155.850599,
                    20.213407
                ],
                [
                    -155.848852,
                    20.199587
                ],
                [
                    -155.846402,
                    20.185874
                ],
                [
                    -155.843603,
                    20.173653
                ],
                [
                    -155.839839,
                    20.16024
                ],
                [
                    -155.835396,
                    20.147037
                ],
                [
                    -155.830287,
                    20.134078
                ],
                [
                    -155.824524,
                    20.121396
                ],
                [
                    -155.81879,
                    20.110246
                ],
                [
                    -155.811828,
                    20.09818
                ],
                [
                    -155.80426,
                    20.086485
                ],
                [
                    -155.796105,
                    20.075191
                ],
                [
                    -155.788283,
                    20.065393
                ],
                [
                    -155.783746,
                    20.060108
                ],
                [
                    -155.778125,
                    20.053921
                ],
                [
                    -155.769327,
                    20.045271
                ],
                [
                    -155.737436,
                    20.016171
                ],
                [
                    -155.702722,
                    19.991869
                ],
                [
                    -155.666635,
                    19.96757
                ],
                [
                    -155.620233,
                    19.94327
                ],
                [
                    -155.591729,
                    19.930871
                ],
                [
                    -155.566125,
                    19.918372
                ],
                [
                    -155.553628,
                    19.912072
                ],
                [
                    -155.55016,
                    19.910644
                ],
                [
                    -155.550081,
                    19.908528
                ],
                [
                    -155.551392,
                    19.907897
                ],
                [
                    -155.552182,
                    19.908124
                ],
                [
                    -155.552736,
                    19.907277
                ],
                [
                    -155.55525,
                    19.906723
                ],
                [
                    -155.555494,
                    19.905886
                ],
                [
                    -155.556051,
                    19.905807
                ],
                [
                    -155.556237,
                    19.904619
                ],
                [
                    -155.560596,
                    19.90112
                ],
                [
                    -155.561648,
                    19.900868
                ],
                [
                    -155.562511,
                    19.900403
                ],
                [
                    -155.563214,
                    19.898816
                ],
                [
                    -155.563118,
                    19.898078
                ],
                [
                    -155.564438,
                    19.896983
                ],
                [
                    -155.566062,
                    19.897202
                ],
                [
                    -155.566155,
                    19.894806
                ],
                [
                    -155.567622,
                    19.894593
                ],
                [
                    -155.569196,
                    19.893788
                ],
                [
                    -155.570563,
                    19.894215
                ],
                [
                    -155.571174,
                    19.893285
                ],
                [
                    -155.571925,
                    19.892974
                ],
                [
                    -155.572349,
                    19.893173
                ],
                [
                    -155.572515,
                    19.892168
                ],
                [
                    -155.577089,
                    19.892045
                ],
                [
                    -155.578463,
                    19.891272
                ],
                [
                    -155.579268,
                    19.888567
                ],
                [
                    -155.580461,
                    19.888371
                ],
                [
                    -155.581256,
                    19.889384
                ],
                [
                    -155.581852,
                    19.887805
                ],
                [
                    -155.584931,
                    19.887096
                ],
                [
                    -155.585597,
                    19.887155
                ],
                [
                    -155.58652,
                    19.888634
                ],
                [
                    -155.588672,
                    19.888519
                ],
                [
                    -155.588981,
                    19.886646
                ],
                [
                    -155.590035,
                    19.884864
                ],
                [
                    -155.591282,
                    19.884545
                ],
                [
                    -155.591853,
                    19.885109
                ],
                [
                    -155.593836,
                    19.884786
                ],
                [
                    -155.594769,
                    19.885988
                ],
                [
                    -155.594868,
                    19.883483
                ],
                [
                    -155.596059,
                    19.883312
                ],
                [
                    -155.599001,
                    19.881701
                ],
                [
                    -155.600675,
                    19.881418
                ],
                [
                    -155.600664,
                    19.880314
                ],
                [
                    -155.601608,
                    19.879952
                ],
                [
                    -155.603117,
                    19.881235
                ],
                [
                    -155.605101,
                    19.880716
                ],
                [
                    -155.605397,
                    19.881728
                ],
                [
                    -155.60768,
                    19.880543
                ],
                [
                    -155.608233,
                    19.881487
                ],
                [
                    -155.609449,
                    19.879285
                ],
                [
                    -155.610956,
                    19.87942
                ],
                [
                    -155.610977,
                    19.878032
                ],
                [
                    -155.612204,
                    19.87866
                ],
                [
                    -155.612976,
                    19.878263
                ],
                [
                    -155.613331,
                    19.876945
                ],
                [
                    -155.614583,
                    19.876789
                ],
                [
                    -155.616431,
                    19.875064
                ],
                [
                    -155.61689,
                    19.874135
                ],
                [
                    -155.619556,
                    19.873629
                ],
                [
                    -155.619804,
                    19.872769
                ],
                [
                    -155.622989,
                    19.870631
                ],
                [
                    -155.624157,
                    19.869546
                ],
                [
                    -155.625846,
                    19.866444
                ],
                [
                    -155.630347,
                    19.864302
                ],
                [
                    -155.631247,
                    19.862331
                ],
                [
                    -155.637527,
                    19.856918
                ],
                [
                    -155.638216,
                    19.855721
                ],
                [
                    -155.63868,
                    19.85363
                ],
                [
                    -155.640477,
                    19.849843
                ],
                [
                    -155.64119,
                    19.845706
                ],
                [
                    -155.641089,
                    19.844531
                ],
                [
                    -155.640702,
                    19.843691
                ],
                [
                    -155.64164,
                    19.842149
                ],
                [
                    -155.642374,
                    19.841266
                ],
                [
                    -155.643424,
                    19.838889
                ],
                [
                    -155.643955,
                    19.838444
                ],
                [
                    -155.645246,
                    19.83784
                ],
                [
                    -155.645668,
                    19.837091
                ],
                [
                    -155.645203,
                    19.835813
                ],
                [
                    -155.644696,
                    19.835301
                ],
                [
                    -155.645477,
                    19.833036
                ],
                [
                    -155.646681,
                    19.831919
                ],
                [
                    -155.646806,
                    19.830063
                ],
                [
                    -155.647516,
                    19.829335
                ],
                [
                    -155.647277,
                    19.826958
                ],
                [
                    -155.647386,
                    19.825516
                ],
                [
                    -155.648866,
                    19.824587
                ],
                [
                    -155.649537,
                    19.823498
                ],
                [
                    -155.647133,
                    19.823255
                ],
                [
                    -155.648316,
                    19.821739
                ],
                [
                    -155.646379,
                    19.818727
                ],
                [
                    -155.645813,
                    19.817472
                ],
                [
                    -155.646153,
                    19.815741
                ],
                [
                    -155.645375,
                    19.814773
                ],
                [
                    -155.646691,
                    19.812812
                ],
                [
                    -155.645136,
                    19.811893
                ],
                [
                    -155.645745,
                    19.810719
                ],
                [
                    -155.645405,
                    19.809701
                ],
                [
                    -155.646423,
                    19.808775
                ],
                [
                    -155.643083,
                    19.805884
                ],
                [
                    -155.642863,
                    19.803114
                ],
                [
                    -155.644209,
                    19.80387
                ],
                [
                    -155.64535,
                    19.803814
                ],
                [
                    -155.643537,
                    19.801709
                ],
                [
                    -155.643016,
                    19.799623
                ],
                [
                    -155.643878,
                    19.799235
                ],
                [
                    -155.644538,
                    19.799381
                ],
                [
                    -155.645463,
                    19.797864
                ],
                [
                    -155.64502,
                    19.794156
                ],
                [
                    -155.64529,
                    19.79325
                ],
                [
                    -155.646605,
                    19.791423
                ],
                [
                    -155.647349,
                    19.79165
                ],
                [
                    -155.649615,
                    19.788402
                ],
                [
                    -155.64947,
                    19.787331
                ],
                [
                    -155.648342,
                    19.786998
                ],
                [
                    -155.648478,
                    19.782152
                ],
                [
                    -155.650109,
                    19.781665
                ],
                [
                    -155.649476,
                    19.7806
                ],
                [
                    -155.648473,
                    19.779477
                ],
                [
                    -155.649262,
                    19.778759
                ],
                [
                    -155.648722,
                    19.777395
                ],
                [
                    -155.648878,
                    19.776692
                ],
                [
                    -155.649728,
                    19.77707
                ],
                [
                    -155.650429,
                    19.776027
                ],
                [
                    -155.651792,
                    19.775262
                ],
                [
                    -155.651661,
                    19.774453
                ],
                [
                    -155.650491,
                    19.773591
                ],
                [
                    -155.650499,
                    19.772058
                ],
                [
                    -155.651281,
                    19.77119
                ],
                [
                    -155.653548,
                    19.770941
                ],
                [
                    -155.652299,
                    19.769961
                ],
                [
                    -155.65332,
                    19.769446
                ],
                [
                    -155.652871,
                    19.768762
                ],
                [
                    -155.654323,
                    19.766443
                ],
                [
                    -155.656795,
                    19.761868
                ],
                [
                    -155.657926,
                    19.762114
                ],
                [
                    -155.659238,
                    19.761696
                ],
                [
                    -155.660051,
                    19.760564
                ],
                [
                    -155.659225,
                    19.759856
                ],
                [
                    -155.658919,
                    19.75882
                ],
                [
                    -155.659448,
                    19.758036
                ],
                [
                    -155.657175,
                    19.757133
                ],
                [
                    -155.65761,
                    19.756396
                ],
                [
                    -155.655793,
                    19.756
                ],
                [
                    -155.659064,
                    19.753423
                ],
                [
                    -155.659433,
                    19.75136
                ],
                [
                    -155.660106,
                    19.750315
                ],
                [
                    -155.663081,
                    19.748172
                ],
                [
                    -155.663935,
                    19.748369
                ],
                [
                    -155.665312,
                    19.747483
                ],
                [
                    -155.665209,
                    19.746723
                ],
                [
                    -155.666558,
                    19.745336
                ],
                [
                    -155.667349,
                    19.74581
                ],
                [
                    -155.669853,
                    19.744557
                ],
                [
                    -155.669621,
                    19.74315
                ],
                [
                    -155.668418,
                    19.743025
                ],
                [
                    -155.665835,
                    19.738453
                ],
                [
                    -155.66456,
                    19.737212
                ],
                [
                    -155.666092,
                    19.737469
                ],
                [
                    -155.666528,
                    19.736192
                ],
                [
                    -155.667498,
                    19.736408
                ],
                [
                    -155.667315,
                    19.735459
                ],
                [
                    -155.665747,
                    19.734888
                ],
                [
                    -155.667213,
                    19.733955
                ],
                [
                    -155.671189,
                    19.732643
                ],
                [
                    -155.674986,
                    19.729425
                ],
                [
                    -155.676444,
                    19.729112
                ],
                [
                    -155.677711,
                    19.726493
                ],
                [
                    -155.678874,
                    19.725428
                ],
                [
                    -155.678887,
                    19.724622
                ],
                [
                    -155.678133,
                    19.724107
                ],
                [
                    -155.680248,
                    19.723383
                ],
                [
                    -155.682842,
                    19.722029
                ],
                [
                    -155.683012,
                    19.721279
                ],
                [
                    -155.68429,
                    19.720544
                ],
                [
                    -155.684878,
                    19.718591
                ],
                [
                    -155.691586,
                    19.713706
                ],
                [
                    -155.692636,
                    19.713666
                ],
                [
                    -155.693263,
                    19.712654
                ],
                [
                    -155.693382,
                    19.711393
                ],
                [
                    -155.694838,
                    19.709851
                ],
                [
                    -155.694461,
                    19.708668
                ],
                [
                    -155.694692,
                    19.707446
                ],
                [
                    -155.696537,
                    19.704621
                ],
                [
                    -155.696115,
                    19.702418
                ],
                [
                    -155.696441,
                    19.701765
                ],
                [
                    -155.698368,
                    19.701269
                ],
                [
                    -155.699449,
                    19.700765
                ],
                [
                    -155.701277,
                    19.69631
                ],
                [
                    -155.701276,
                    19.695117
                ],
                [
                    -155.702784,
                    19.694446
                ],
                [
                    -155.704104,
                    19.694171
                ],
                [
                    -155.706859,
                    19.692366
                ],
                [
                    -155.708576,
                    19.693331
                ],
                [
                    -155.709387,
                    19.693123
                ],
                [
                    -155.711222,
                    19.694019
                ],
                [
                    -155.71254,
                    19.69414
                ],
                [
                    -155.713308,
                    19.693863
                ],
                [
                    -155.713646,
                    19.694555
                ],
                [
                    -155.715956,
                    19.694875
                ],
                [
                    -155.717009,
                    19.694656
                ],
                [
                    -155.71891,
                    19.693238
                ],
                [
                    -155.719683,
                    19.69179
                ],
                [
                    -155.719629,
                    19.690908
                ],
                [
                    -155.720142,
                    19.690542
                ],
                [
                    -155.721177,
                    19.691199
                ],
                [
                    -155.722183,
                    19.690846
                ],
                [
                    -155.727704,
                    19.687022
                ],
                [
                    -155.727961,
                    19.685674
                ],
                [
                    -155.727791,
                    19.685128
                ],
                [
                    -155.728547,
                    19.684695
                ],
                [
                    -155.72931,
                    19.684859
                ],
                [
                    -155.730525,
                    19.684333
                ],
                [
                    -155.730903,
                    19.683019
                ],
                [
                    -155.731965,
                    19.683265
                ],
                [
                    -155.732667,
                    19.682852
                ],
                [
                    -155.733278,
                    19.681862
                ],
                [
                    -155.734891,
                    19.681038
                ],
                [
                    -155.736913,
                    19.681185
                ],
                [
                    -155.738617,
                    19.679414
                ],
                [
                    -155.740338,
                    19.679309
                ],
                [
                    -155.741326,
                    19.679512
                ],
                [
                    -155.742214,
                    19.679366
                ],
                [
                    -155.742782,
                    19.678377
                ],
                [
                    -155.742974,
                    19.680079
                ],
                [
                    -155.744238,
                    19.679885
                ],
                [
                    -155.745042,
                    19.679401
                ],
                [
                    -155.745838,
                    19.679344
                ],
                [
                    -155.746668,
                    19.678228
                ],
                [
                    -155.748468,
                    19.677331
                ],
                [
                    -155.749536,
                    19.676227
                ],
                [
                    -155.750505,
                    19.676154
                ],
                [
                    -155.751703,
                    19.675465
                ],
                [
                    -155.752341,
                    19.676378
                ],
                [
                    -155.752822,
                    19.676647
                ],
                [
                    -155.755126,
                    19.676761
                ],
                [
                    -155.755749,
                    19.677319
                ],
                [
                    -155.755621,
                    19.678435
                ],
                [
                    -155.756508,
                    19.677804
                ],
                [
                    -155.757198,
                    19.677012
                ],
                [
                    -155.759248,
                    19.676806
                ],
                [
                    -155.760353,
                    19.676502
                ],
                [
                    -155.761978,
                    19.677068
                ],
                [
                    -155.763027,
                    19.67629
                ],
                [
                    -155.76461,
                    19.67635
                ],
                [
                    -155.765792,
                    19.678461
                ],
                [
                    -155.766439,
                    19.67924
                ],
                [
                    -155.766894,
                    19.677352
                ],
                [
                    -155.767395,
                    19.676952
                ],
                [
                    -155.768036,
                    19.677448
                ],
                [
                    -155.768499,
                    19.678913
                ],
                [
                    -155.769521,
                    19.679369
                ],
                [
                    -155.769859,
                    19.678296
                ],
                [
                    -155.769799,
                    19.677067
                ],
                [
                    -155.771504,
                    19.676387
                ],
                [
                    -155.772553,
                    19.676324
                ],
                [
                    -155.774463,
                    19.678301
                ],
                [
                    -155.776493,
                    19.679439
                ],
                [
                    -155.777492,
                    19.68161
                ],
                [
                    -155.780206,
                    19.682797
                ],
                [
                    -155.781476,
                    19.684506
                ],
                [
                    -155.781605,
                    19.687426
                ],
                [
                    -155.782321,
                    19.688206
                ],
                [
                    -155.785236,
                    19.690179
                ],
                [
                    -155.78538,
                    19.691158
                ],
                [
                    -155.786067,
                    19.692151
                ],
                [
                    -155.786627,
                    19.692324
                ],
                [
                    -155.786819,
                    19.693235
                ],
                [
                    -155.787254,
                    19.693878
                ],
                [
                    -155.788105,
                    19.694077
                ],
                [
                    -155.789778,
                    19.696585
                ],
                [
                    -155.790863,
                    19.696788
                ],
                [
                    -155.793261,
                    19.698145
                ],
                [
                    -155.793281,
                    19.698924
                ],
                [
                    -155.794081,
                    19.700585
                ],
                [
                    -155.795752,
                    19.701632
                ],
                [
                    -155.796725,
                    19.703313
                ],
                [
                    -155.797607,
                    19.704015
                ],
                [
                    -155.798191,
                    19.704811
                ],
                [
                    -155.798901,
                    19.705004
                ],
                [
                    -155.799222,
                    19.705691
                ],
                [
                    -155.803584,
                    19.70679
                ],
                [
                    -155.808496,
                    19.709149
                ],
                [
                    -155.809742,
                    19.709249
                ],
                [
                    -155.811418,
                    19.710666
                ],
                [
                    -155.813121,
                    19.710753
                ],
                [
                    -155.814155,
                    19.712135
                ],
                [
                    -155.815147,
                    19.711457
                ],
                [
                    -155.816292,
                    19.710927
                ],
                [
                    -155.816864,
                    19.711169
                ],
                [
                    -155.818267,
                    19.711353
                ],
                [
                    -155.822326,
                    19.713352
                ],
                [
                    -155.823002,
                    19.712934
                ],
                [
                    -155.824455,
                    19.713548
                ],
                [
                    -155.825833,
                    19.713177
                ],
                [
                    -155.828122,
                    19.714288
                ],
                [
                    -155.830253,
                    19.716322
                ],
                [
                    -155.83316,
                    19.71748
                ],
                [
                    -155.834519,
                    19.718635
                ],
                [
                    -155.836985,
                    19.718392
                ],
                [
                    -155.838318,
                    19.718623
                ],
                [
                    -155.840426,
                    19.718649
                ],
                [
                    -155.842373,
                    19.720009
                ],
                [
                    -155.844646,
                    19.720257
                ],
                [
                    -155.845246,
                    19.720721
                ],
                [
                    -155.846729,
                    19.721162
                ],
                [
                    -155.848347,
                    19.721347
                ],
                [
                    -155.851281,
                    19.722234
                ],
                [
                    -155.853037,
                    19.722109
                ],
                [
                    -155.859349,
                    19.724735
                ],
                [
                    -155.861636,
                    19.725439
                ],
                [
                    -155.863222,
                    19.72569
                ],
                [
                    -155.865055,
                    19.726392
                ],
                [
                    -155.866725,
                    19.726556
                ],
                [
                    -155.879075,
                    19.726237
                ],
                [
                    -155.884278,
                    19.727157
                ],
                [
                    -155.884969,
                    19.72707
                ],
                [
                    -155.886289,
                    19.72782
                ],
                [
                    -155.889051,
                    19.728168
                ],
                [
                    -155.890947,
                    19.727926
                ],
                [
                    -155.891786,
                    19.728057
                ],
                [
                    -155.892938,
                    19.727573
                ],
                [
                    -155.893344,
                    19.726794
                ],
                [
                    -155.895849,
                    19.726845
                ],
                [
                    -155.897434,
                    19.726563
                ],
                [
                    -155.898106,
                    19.726099
                ],
                [
                    -155.900161,
                    19.726262
                ],
                [
                    -155.903133,
                    19.725765
                ],
                [
                    -155.904752,
                    19.724908
                ],
                [
                    -155.908624,
                    19.724681
                ],
                [
                    -155.911017,
                    19.724063
                ],
                [
                    -155.911689,
                    19.724105
                ],
                [
                    -155.912297,
                    19.723729
                ],
                [
                    -155.914577,
                    19.72414
                ],
                [
                    -155.916781,
                    19.723524
                ],
                [
                    -155.922088,
                    19.719804
                ],
                [
                    -155.92314,
                    19.717882
                ],
                [
                    -155.92266,
                    19.716533
                ],
                [
                    -156.061594,
                    19.727052
                ],
                [
                    -156.061792,
                    19.727625
                ],
                [
                    -156.061441,
                    19.728474
                ],
                [
                    -156.060922,
                    19.729044
                ],
                [
                    -156.060922,
                    19.729838
                ],
                [
                    -156.060494,
                    19.73016
                ],
                [
                    -156.060357,
                    19.730525
                ],
                [
                    -156.059656,
                    19.731112
                ],
                [
                    -156.059046,
                    19.731289
                ],
                [
                    -156.059045,
                    19.73108
                ],
                [
                    -156.058322,
                    19.731396
                ],
                [
                    -156.058144,
                    19.731799
                ],
                [
                    -156.057916,
                    19.731895
                ],
                [
                    -156.057786,
                    19.731719
                ],
                [
                    -156.057428,
                    19.731831
                ],
                [
                    -156.057123,
                    19.731711
                ],
                [
                    -156.056665,
                    19.731898
                ],
                [
                    -156.056009,
                    19.733035
                ],
                [
                    -156.054635,
                    19.734133
                ],
                [
                    -156.054313,
                    19.734755
                ],
                [
                    -156.053933,
                    19.73494
                ],
                [
                    -156.053384,
                    19.735577
                ],
                [
                    -156.053262,
                    19.736353
                ],
                [
                    -156.053532,
                    19.737265
                ],
                [
                    -156.05465,
                    19.739395
                ],
                [
                    -156.054452,
                    19.739956
                ],
                [
                    -156.05465,
                    19.740356
                ],
                [
                    -156.054507,
                    19.740557
                ],
                [
                    -156.054525,
                    19.741606
                ],
                [
                    -156.054086,
                    19.74281
                ],
                [
                    -156.055002,
                    19.744614
                ],
                [
                    -156.055245,
                    19.746488
                ],
                [
                    -156.054768,
                    19.747747
                ],
                [
                    -156.053064,
                    19.748578
                ],
                [
                    -156.052936,
                    19.748926
                ],
                [
                    -156.052743,
                    19.748915
                ],
                [
                    -156.052591,
                    19.749231
                ],
                [
                    -156.052373,
                    19.74925
                ],
                [
                    -156.051034,
                    19.750237
                ],
                [
                    -156.050485,
                    19.752142
                ],
                [
                    -156.049737,
                    19.753695
                ],
                [
                    -156.049783,
                    19.755335
                ],
                [
                    -156.049994,
                    19.755937
                ],
                [
                    -156.049463,
                    19.756793
                ],
                [
                    -156.049689,
                    19.757556
                ],
                [
                    -156.0496,
                    19.757752
                ],
                [
                    -156.049783,
                    19.758017
                ],
                [
                    -156.049402,
                    19.759362
                ],
                [
                    -156.049997,
                    19.760434
                ],
                [
                    -156.049933,
                    19.760581
                ],
                [
                    -156.05022,
                    19.760997
                ],
                [
                    -156.050835,
                    19.761231
                ],
                [
                    -156.050727,
                    19.761378
                ],
                [
                    -156.050988,
                    19.761795
                ],
                [
                    -156.050957,
                    19.76198
                ],
                [
                    -156.050683,
                    19.76187
                ],
                [
                    -156.050088,
                    19.762621
                ],
                [
                    -156.050158,
                    19.762953
                ],
                [
                    -156.049753,
                    19.76364
                ],
                [
                    -156.049889,
                    19.763659
                ],
                [
                    -156.050043,
                    19.764254
                ],
                [
                    -156.049659,
                    19.76409
                ],
                [
                    -156.049356,
                    19.764319
                ],
                [
                    -156.048898,
                    19.765175
                ],
                [
                    -156.048891,
                    19.765457
                ],
                [
                    -156.049005,
                    19.765915
                ],
                [
                    -156.049417,
                    19.766072
                ],
                [
                    -156.049319,
                    19.766211
                ],
                [
                    -156.049474,
                    19.766346
                ],
                [
                    -156.049524,
                    19.766871
                ],
                [
                    -156.049753,
                    19.766972
                ],
                [
                    -156.049719,
                    19.767287
                ],
                [
                    -156.049074,
                    19.767829
                ],
                [
                    -156.049386,
                    19.768319
                ],
                [
                    -156.04943,
                    19.76885
                ],
                [
                    -156.049905,
                    19.769312
                ],
                [
                    -156.049383,
                    19.770151
                ],
                [
                    -156.049569,
                    19.770358
                ],
                [
                    -156.049585,
                    19.770689
                ],
                [
                    -156.049783,
                    19.77077
                ],
                [
                    -156.049687,
                    19.771116
                ],
                [
                    -156.050008,
                    19.771539
                ],
                [
                    -156.05019,
                    19.772264
                ],
                [
                    -156.050448,
                    19.772494
                ],
                [
                    -156.049188,
                    19.773383
                ],
                [
                    -156.048259,
                    19.773606
                ],
                [
                    -156.047494,
                    19.774085
                ],
                [
                    -156.04694,
                    19.775538
                ],
                [
                    -156.047235,
                    19.77644
                ],
                [
                    -156.047275,
                    19.777327
                ],
                [
                    -156.046777,
                    19.777283
                ],
                [
                    -156.046014,
                    19.777844
                ],
                [
                    -156.045983,
                    19.778863
                ],
                [
                    -156.045846,
                    19.779057
                ],
                [
                    -156.045121,
                    19.779116
                ],
                [
                    -156.04461,
                    19.779376
                ],
                [
                    -156.044302,
                    19.779919
                ],
                [
                    -156.043619,
                    19.780171
                ],
                [
                    -156.043083,
                    19.780662
                ],
                [
                    -156.042993,
                    19.78093
                ],
                [
                    -156.042275,
                    19.781414
                ],
                [
                    -156.041253,
                    19.781542
                ],
                [
                    -156.040392,
                    19.7822
                ],
                [
                    -156.040185,
                    19.782202
                ],
                [
                    -156.040078,
                    19.781577
                ],
                [
                    -156.038965,
                    19.781153
                ],
                [
                    -156.038324,
                    19.781163
                ],
                [
                    -156.037591,
                    19.782198
                ],
                [
                    -156.037118,
                    19.782496
                ],
                [
                    -156.036992,
                    19.783095
                ],
                [
                    -156.037561,
                    19.784298
                ],
                [
                    -156.037493,
                    19.784647
                ],
                [
                    -156.037941,
                    19.785077
                ],
                [
                    -156.037903,
                    19.785344
                ],
                [
                    -156.038871,
                    19.786437
                ],
                [
                    -156.039127,
                    19.787015
                ],
                [
                    -156.038549,
                    19.788016
                ],
                [
                    -156.037696,
                    19.788294
                ],
                [
                    -156.036157,
                    19.788445
                ],
                [
                    -156.034005,
                    19.790614
                ],
                [
                    -156.033505,
                    19.790661
                ],
                [
                    -156.033092,
                    19.790327
                ],
                [
                    -156.031723,
                    19.790168
                ],
                [
                    -156.030232,
                    19.790406
                ],
                [
                    -156.029899,
                    19.790782
                ],
                [
                    -156.029407,
                    19.790837
                ],
                [
                    -156.029107,
                    19.791197
                ],
                [
                    -156.028665,
                    19.791373
                ],
                [
                    -156.028116,
                    19.792437
                ],
                [
                    -156.026651,
                    19.792667
                ],
                [
                    -156.026391,
                    19.793002
                ],
                [
                    -156.026341,
                    19.794529
                ],
                [
                    -156.026067,
                    19.795429
                ],
                [
                    -156.024637,
                    19.795931
                ],
                [
                    -156.023218,
                    19.795918
                ],
                [
                    -156.022898,
                    19.796376
                ],
                [
                    -156.022701,
                    19.796298
                ],
                [
                    -156.022485,
                    19.795744
                ],
                [
                    -156.021936,
                    19.79588
                ],
                [
                    -156.021139,
                    19.796852
                ],
                [
                    -156.020956,
                    19.797589
                ],
                [
                    -156.020681,
                    19.797909
                ],
                [
                    -156.020646,
                    19.79836
                ],
                [
                    -156.018944,
                    19.799215
                ],
                [
                    -156.018635,
                    19.800099
                ],
                [
                    -156.017801,
                    19.800522
                ],
                [
                    -156.017556,
                    19.801632
                ],
                [
                    -156.017116,
                    19.801711
                ],
                [
                    -156.016519,
                    19.801388
                ],
                [
                    -156.016041,
                    19.801386
                ],
                [
                    -156.015207,
                    19.80189
                ],
                [
                    -156.014871,
                    19.80262
                ],
                [
                    -156.01413,
                    19.802986
                ],
                [
                    -156.014154,
                    19.80348
                ],
                [
                    -156.013894,
                    19.803572
                ],
                [
                    -156.014105,
                    19.804053
                ],
                [
                    -156.013925,
                    19.804491
                ],
                [
                    -156.014169,
                    19.80461
                ],
                [
                    -156.014062,
                    19.804909
                ],
                [
                    -156.014274,
                    19.805116
                ],
                [
                    -156.014023,
                    19.805346
                ],
                [
                    -156.014011,
                    19.805612
                ],
                [
                    -156.013816,
                    19.805655
                ],
                [
                    -156.013829,
                    19.805946
                ],
                [
                    -156.013193,
                    19.806851
                ],
                [
                    -156.011773,
                    19.807118
                ],
                [
                    -156.011584,
                    19.807341
                ],
                [
                    -156.011239,
                    19.807314
                ],
                [
                    -156.0109,
                    19.807616
                ],
                [
                    -156.010248,
                    19.80765
                ],
                [
                    -156.010095,
                    19.807868
                ],
                [
                    -156.009332,
                    19.808114
                ],
                [
                    -156.009088,
                    19.808603
                ],
                [
                    -156.008813,
                    19.808783
                ],
                [
                    -156.008661,
                    19.809496
                ],
                [
                    -156.007758,
                    19.809701
                ],
                [
                    -156.007314,
                    19.810071
                ],
                [
                    -156.007043,
                    19.810721
                ],
                [
                    -156.007318,
                    19.812483
                ],
                [
                    -156.007104,
                    19.812554
                ],
                [
                    -156.006769,
                    19.813607
                ],
                [
                    -156.006319,
                    19.81375
                ],
                [
                    -156.005853,
                    19.814419
                ],
                [
                    -156.004313,
                    19.814543
                ],
                [
                    -156.002877,
                    19.814087
                ],
                [
                    -156.002646,
                    19.814509
                ],
                [
                    -156.002201,
                    19.814314
                ],
                [
                    -156.001455,
                    19.814922
                ],
                [
                    -156.001435,
                    19.81585
                ],
                [
                    -156.001718,
                    19.81613
                ],
                [
                    -156.001559,
                    19.816681
                ],
                [
                    -156.001897,
                    19.818219
                ],
                [
                    -156.001545,
                    19.818698
                ],
                [
                    -156.001457,
                    19.819338
                ],
                [
                    -156.001275,
                    19.819342
                ],
                [
                    -155.998888,
                    19.821833
                ],
                [
                    -155.998067,
                    19.822933
                ],
                [
                    -155.998102,
                    19.82318
                ],
                [
                    -155.99769,
                    19.82392
                ],
                [
                    -155.997977,
                    19.824287
                ],
                [
                    -155.99801,
                    19.825385
                ],
                [
                    -155.997854,
                    19.825692
                ],
                [
                    -155.997644,
                    19.825665
                ],
                [
                    -155.996423,
                    19.826468
                ],
                [
                    -155.995782,
                    19.82671
                ],
                [
                    -155.994508,
                    19.82806
                ],
                [
                    -155.992421,
                    19.829283
                ],
                [
                    -155.988517,
                    19.830998
                ],
                [
                    -155.986963,
                    19.831019
                ],
                [
                    -155.986429,
                    19.831412
                ],
                [
                    -155.986242,
                    19.832272
                ],
                [
                    -155.986703,
                    19.833558
                ],
                [
                    -155.986719,
                    19.834332
                ],
                [
                    -155.987115,
                    19.834603
                ],
                [
                    -155.987009,
                    19.835037
                ],
                [
                    -155.986291,
                    19.834752
                ],
                [
                    -155.985818,
                    19.835232
                ],
                [
                    -155.984414,
                    19.836092
                ],
                [
                    -155.98417,
                    19.836491
                ],
                [
                    -155.982644,
                    19.837164
                ],
                [
                    -155.982285,
                    19.837485
                ],
                [
                    -155.982477,
                    19.83787
                ],
                [
                    -155.982385,
                    19.837984
                ],
                [
                    -155.982126,
                    19.837849
                ],
                [
                    -155.981241,
                    19.838732
                ],
                [
                    -155.981433,
                    19.839329
                ],
                [
                    -155.981012,
                    19.840062
                ],
                [
                    -155.981103,
                    19.840512
                ],
                [
                    -155.980371,
                    19.842129
                ],
                [
                    -155.980249,
                    19.842509
                ],
                [
                    -155.980356,
                    19.842759
                ],
                [
                    -155.979776,
                    19.842888
                ],
                [
                    -155.979806,
                    19.843131
                ],
                [
                    -155.979521,
                    19.843221
                ],
                [
                    -155.979534,
                    19.843029
                ],
                [
                    -155.979196,
                    19.843049
                ],
                [
                    -155.978021,
                    19.843628
                ],
                [
                    -155.977375,
                    19.844648
                ],
                [
                    -155.977163,
                    19.844756
                ],
                [
                    -155.977288,
                    19.845158
                ],
                [
                    -155.9768,
                    19.84511
                ],
                [
                    -155.976814,
                    19.845333
                ],
                [
                    -155.976489,
                    19.845257
                ],
                [
                    -155.975548,
                    19.845682
                ],
                [
                    -155.974857,
                    19.846781
                ],
                [
                    -155.974222,
                    19.846976
                ],
                [
                    -155.974368,
                    19.847183
                ],
                [
                    -155.973376,
                    19.847535
                ],
                [
                    -155.972482,
                    19.848313
                ],
                [
                    -155.971597,
                    19.848464
                ],
                [
                    -155.971764,
                    19.848695
                ],
                [
                    -155.971322,
                    19.848523
                ],
                [
                    -155.970973,
                    19.848707
                ],
                [
                    -155.970514,
                    19.848671
                ],
                [
                    -155.970346,
                    19.849068
                ],
                [
                    -155.969583,
                    19.849297
                ],
                [
                    -155.969256,
                    19.849156
                ],
                [
                    -155.968008,
                    19.849552
                ],
                [
                    -155.967809,
                    19.849902
                ],
                [
                    -155.965747,
                    19.851189
                ],
                [
                    -155.963458,
                    19.851502
                ],
                [
                    -155.963205,
                    19.851796
                ],
                [
                    -155.962243,
                    19.852042
                ],
                [
                    -155.961291,
                    19.851974
                ],
                [
                    -155.960992,
                    19.852229
                ],
                [
                    -155.959723,
                    19.85256
                ],
                [
                    -155.959451,
                    19.852498
                ],
                [
                    -155.958536,
                    19.852915
                ],
                [
                    -155.957513,
                    19.852814
                ],
                [
                    -155.957392,
                    19.852962
                ],
                [
                    -155.957208,
                    19.852698
                ],
                [
                    -155.956151,
                    19.852526
                ],
                [
                    -155.955147,
                    19.852087
                ],
                [
                    -155.954873,
                    19.852244
                ],
                [
                    -155.952199,
                    19.852222
                ],
                [
                    -155.95173,
                    19.852849
                ],
                [
                    -155.95101,
                    19.852553
                ],
                [
                    -155.950734,
                    19.852772
                ],
                [
                    -155.950466,
                    19.852657
                ],
                [
                    -155.949518,
                    19.852822
                ],
                [
                    -155.949426,
                    19.853096
                ],
                [
                    -155.949049,
                    19.853103
                ],
                [
                    -155.948095,
                    19.852567
                ],
                [
                    -155.946863,
                    19.853545
                ],
                [
                    -155.946847,
                    19.853882
                ],
                [
                    -155.946681,
                    19.853892
                ],
                [
                    -155.946603,
                    19.853644
                ],
                [
                    -155.946093,
                    19.853279
                ],
                [
                    -155.945615,
                    19.853253
                ],
                [
                    -155.945382,
                    19.852538
                ],
                [
                    -155.944002,
                    19.851861
                ],
                [
                    -155.943475,
                    19.851037
                ],
                [
                    -155.942727,
                    19.8503
                ],
                [
                    -155.941842,
                    19.849967
                ],
                [
                    -155.940851,
                    19.84997
                ],
                [
                    -155.940184,
                    19.850142
                ],
                [
                    -155.939251,
                    19.849974
                ],
                [
                    -155.938842,
                    19.849271
                ],
                [
                    -155.937741,
                    19.849164
                ],
                [
                    -155.935366,
                    19.850026
                ],
                [
                    -155.934894,
                    19.850444
                ],
                [
                    -155.931047,
                    19.852117
                ],
                [
                    -155.929004,
                    19.852265
                ],
                [
                    -155.926263,
                    19.854474
                ],
                [
                    -155.923882,
                    19.855858
                ],
                [
                    -155.923272,
                    19.855786
                ],
                [
                    -155.922498,
                    19.855232
                ],
                [
                    -155.921577,
                    19.855195
                ],
                [
                    -155.920552,
                    19.856533
                ],
                [
                    -155.92077,
                    19.858412
                ],
                [
                    -155.921228,
                    19.859108
                ],
                [
                    -155.921833,
                    19.859545
                ],
                [
                    -155.922202,
                    19.860275
                ],
                [
                    -155.922296,
                    19.859782
                ],
                [
                    -155.921579,
                    19.85862
                ],
                [
                    -155.921411,
                    19.858008
                ],
                [
                    -155.921426,
                    19.857613
                ],
                [
                    -155.921973,
                    19.857363
                ],
                [
                    -155.922655,
                    19.859171
                ],
                [
                    -155.922601,
                    19.860674
                ],
                [
                    -155.922952,
                    19.86265
                ],
                [
                    -155.923349,
                    19.863966
                ],
                [
                    -155.924309,
                    19.865304
                ],
                [
                    -155.924368,
                    19.86708
                ],
                [
                    -155.923913,
                    19.869387
                ],
                [
                    -155.922855,
                    19.87104
                ],
                [
                    -155.92292,
                    19.871859
                ],
                [
                    -155.922232,
                    19.872689
                ],
                [
                    -155.921441,
                    19.873328
                ],
                [
                    -155.919671,
                    19.874234
                ],
                [
                    -155.91869,
                    19.875138
                ],
                [
                    -155.91811,
                    19.874942
                ],
                [
                    -155.917181,
                    19.874911
                ],
                [
                    -155.915872,
                    19.875498
                ],
                [
                    -155.915414,
                    19.875874
                ],
                [
                    -155.915216,
                    19.876471
                ],
                [
                    -155.915504,
                    19.878358
                ],
                [
                    -155.91501,
                    19.879242
                ],
                [
                    -155.913873,
                    19.880064
                ],
                [
                    -155.912774,
                    19.881751
                ],
                [
                    -155.912683,
                    19.88263
                ],
                [
                    -155.913092,
                    19.883985
                ],
                [
                    -155.912103,
                    19.884945
                ],
                [
                    -155.911661,
                    19.884976
                ],
                [
                    -155.910773,
                    19.885743
                ],
                [
                    -155.909756,
                    19.885897
                ],
                [
                    -155.908502,
                    19.885525
                ],
                [
                    -155.907872,
                    19.886005
                ],
                [
                    -155.907093,
                    19.887249
                ],
                [
                    -155.906198,
                    19.888056
                ],
                [
                    -155.905511,
                    19.889382
                ],
                [
                    -155.905641,
                    19.890303
                ],
                [
                    -155.906381,
                    19.891921
                ],
                [
                    -155.906274,
                    19.892533
                ],
                [
                    -155.905796,
                    19.892972
                ],
                [
                    -155.905138,
                    19.893097
                ],
                [
                    -155.904779,
                    19.893418
                ],
                [
                    -155.904886,
                    19.893933
                ],
                [
                    -155.906106,
                    19.894965
                ],
                [
                    -155.906595,
                    19.895583
                ],
                [
                    -155.907093,
                    19.895747
                ],
                [
                    -155.907251,
                    19.896096
                ],
                [
                    -155.907079,
                    19.896271
                ],
                [
                    -155.90737,
                    19.897168
                ],
                [
                    -155.906525,
                    19.89725
                ],
                [
                    -155.906366,
                    19.89699
                ],
                [
                    -155.906076,
                    19.897047
                ],
                [
                    -155.906209,
                    19.897313
                ],
                [
                    -155.904992,
                    19.898032
                ],
                [
                    -155.904825,
                    19.898417
                ],
                [
                    -155.904977,
                    19.898755
                ],
                [
                    -155.904655,
                    19.899599
                ],
                [
                    -155.903905,
                    19.899369
                ],
                [
                    -155.903667,
                    19.89964
                ],
                [
                    -155.90328,
                    19.89959
                ],
                [
                    -155.901361,
                    19.900383
                ],
                [
                    -155.901208,
                    19.900876
                ],
                [
                    -155.901391,
                    19.901293
                ],
                [
                    -155.902185,
                    19.902073
                ],
                [
                    -155.902215,
                    19.90234
                ],
                [
                    -155.901964,
                    19.902653
                ],
                [
                    -155.901956,
                    19.903071
                ],
                [
                    -155.90159,
                    19.903134
                ],
                [
                    -155.9013,
                    19.904084
                ],
                [
                    -155.901658,
                    19.904424
                ],
                [
                    -155.901742,
                    19.905158
                ],
                [
                    -155.901376,
                    19.905753
                ],
                [
                    -155.900689,
                    19.905837
                ],
                [
                    -155.900613,
                    19.906167
                ],
                [
                    -155.900766,
                    19.906506
                ],
                [
                    -155.900489,
                    19.906649
                ],
                [
                    -155.900537,
                    19.906941
                ],
                [
                    -155.900216,
                    19.907629
                ],
                [
                    -155.899175,
                    19.909309
                ],
                [
                    -155.898696,
                    19.909385
                ],
                [
                    -155.898095,
                    19.909163
                ],
                [
                    -155.89689,
                    19.90934
                ],
                [
                    -155.895237,
                    19.910007
                ],
                [
                    -155.895073,
                    19.910215
                ],
                [
                    -155.895485,
                    19.910887
                ],
                [
                    -155.895216,
                    19.911037
                ],
                [
                    -155.894281,
                    19.910861
                ],
                [
                    -155.893182,
                    19.91088
                ],
                [
                    -155.892099,
                    19.911524
                ],
                [
                    -155.890756,
                    19.911829
                ],
                [
                    -155.890558,
                    19.912337
                ],
                [
                    -155.890113,
                    19.912542
                ],
                [
                    -155.890191,
                    19.912747
                ],
                [
                    -155.890078,
                    19.912839
                ],
                [
                    -155.888757,
                    19.913193
                ],
                [
                    -155.887672,
                    19.914629
                ],
                [
                    -155.887561,
                    19.915564
                ],
                [
                    -155.888051,
                    19.916978
                ],
                [
                    -155.890373,
                    19.917744
                ],
                [
                    -155.891529,
                    19.919994
                ],
                [
                    -155.891244,
                    19.920346
                ],
                [
                    -155.891061,
                    19.9217
                ],
                [
                    -155.891473,
                    19.921809
                ],
                [
                    -155.891473,
                    19.922032
                ],
                [
                    -155.891198,
                    19.92212
                ],
                [
                    -155.891133,
                    19.922305
                ],
                [
                    -155.891504,
                    19.922429
                ],
                [
                    -155.891443,
                    19.922814
                ],
                [
                    -155.8919,
                    19.923785
                ],
                [
                    -155.891816,
                    19.924084
                ],
                [
                    -155.891362,
                    19.924298
                ],
                [
                    -155.891168,
                    19.924967
                ],
                [
                    -155.890367,
                    19.925831
                ],
                [
                    -155.889718,
                    19.926035
                ],
                [
                    -155.888634,
                    19.926037
                ],
                [
                    -155.888788,
                    19.926481
                ],
                [
                    -155.888513,
                    19.926398
                ],
                [
                    -155.888192,
                    19.926595
                ],
                [
                    -155.88807,
                    19.926291
                ],
                [
                    -155.887109,
                    19.926373
                ],
                [
                    -155.887269,
                    19.926043
                ],
                [
                    -155.886908,
                    19.926387
                ],
                [
                    -155.886879,
                    19.926701
                ],
                [
                    -155.887934,
                    19.926694
                ],
                [
                    -155.888939,
                    19.927143
                ],
                [
                    -155.889093,
                    19.927598
                ],
                [
                    -155.889455,
                    19.927727
                ],
                [
                    -155.889642,
                    19.927996
                ],
                [
                    -155.889703,
                    19.928212
                ],
                [
                    -155.889413,
                    19.928469
                ],
                [
                    -155.889962,
                    19.929021
                ],
                [
                    -155.889566,
                    19.929219
                ],
                [
                    -155.889259,
                    19.9297
                ],
                [
                    -155.888655,
                    19.929318
                ],
                [
                    -155.888606,
                    19.929612
                ],
                [
                    -155.888452,
                    19.929471
                ],
                [
                    -155.888482,
                    19.929793
                ],
                [
                    -155.888233,
                    19.929799
                ],
                [
                    -155.888177,
                    19.930418
                ],
                [
                    -155.887887,
                    19.930562
                ],
                [
                    -155.887887,
                    19.931143
                ],
                [
                    -155.888147,
                    19.931233
                ],
                [
                    -155.887384,
                    19.931963
                ],
                [
                    -155.887365,
                    19.932316
                ],
                [
                    -155.886575,
                    19.932793
                ],
                [
                    -155.886072,
                    19.932888
                ],
                [
                    -155.885947,
                    19.932572
                ],
                [
                    -155.885593,
                    19.932997
                ],
                [
                    -155.885014,
                    19.932961
                ],
                [
                    -155.884897,
                    19.933121
                ],
                [
                    -155.885034,
                    19.933832
                ],
                [
                    -155.884087,
                    19.933769
                ],
                [
                    -155.883478,
                    19.933522
                ],
                [
                    -155.882797,
                    19.933784
                ],
                [
                    -155.882829,
                    19.934104
                ],
                [
                    -155.881936,
                    19.93418
                ],
                [
                    -155.88157,
                    19.934123
                ],
                [
                    -155.881533,
                    19.93396
                ],
                [
                    -155.881233,
                    19.934232
                ],
                [
                    -155.880761,
                    19.933663
                ],
                [
                    -155.87972,
                    19.933504
                ],
                [
                    -155.879539,
                    19.93376
                ],
                [
                    -155.879022,
                    19.933829
                ],
                [
                    -155.878564,
                    19.933558
                ],
                [
                    -155.877893,
                    19.934041
                ],
                [
                    -155.877588,
                    19.934504
                ],
                [
                    -155.877588,
                    19.935231
                ],
                [
                    -155.877433,
                    19.935447
                ],
                [
                    -155.87743,
                    19.935817
                ],
                [
                    -155.877817,
                    19.936507
                ],
                [
                    -155.877633,
                    19.936932
                ],
                [
                    -155.877755,
                    19.937447
                ],
                [
                    -155.877481,
                    19.937527
                ],
                [
                    -155.877542,
                    19.938826
                ],
                [
                    -155.877006,
                    19.939209
                ],
                [
                    -155.876943,
                    19.939628
                ],
                [
                    -155.878531,
                    19.940389
                ],
                [
                    -155.878808,
                    19.940764
                ],
                [
                    -155.878849,
                    19.941028
                ],
                [
                    -155.87842,
                    19.941299
                ],
                [
                    -155.878716,
                    19.941543
                ],
                [
                    -155.878101,
                    19.941684
                ],
                [
                    -155.878152,
                    19.94211
                ],
                [
                    -155.877542,
                    19.941752
                ],
                [
                    -155.877399,
                    19.941953
                ],
                [
                    -155.878058,
                    19.942658
                ],
                [
                    -155.877836,
                    19.942674
                ],
                [
                    -155.877252,
                    19.942202
                ],
                [
                    -155.877321,
                    19.942952
                ],
                [
                    -155.877587,
                    19.943107
                ],
                [
                    -155.877069,
                    19.943182
                ],
                [
                    -155.876855,
                    19.942626
                ],
                [
                    -155.876377,
                    19.942639
                ],
                [
                    -155.875726,
                    19.942902
                ],
                [
                    -155.875156,
                    19.943719
                ],
                [
                    -155.874163,
                    19.944063
                ],
                [
                    -155.874124,
                    19.943711
                ],
                [
                    -155.873727,
                    19.943587
                ],
                [
                    -155.873533,
                    19.943847
                ],
                [
                    -155.873427,
                    19.943456
                ],
                [
                    -155.872918,
                    19.943106
                ],
                [
                    -155.872995,
                    19.942494
                ],
                [
                    -155.872247,
                    19.942299
                ],
                [
                    -155.871438,
                    19.942894
                ],
                [
                    -155.87037,
                    19.943165
                ],
                [
                    -155.869557,
                    19.943682
                ],
                [
                    -155.870111,
                    19.944062
                ],
                [
                    -155.870148,
                    19.944464
                ],
                [
                    -155.869897,
                    19.944642
                ],
                [
                    -155.869806,
                    19.945063
                ],
                [
                    -155.869226,
                    19.945204
                ],
                [
                    -155.868959,
                    19.945029
                ],
                [
                    -155.868081,
                    19.94574
                ],
                [
                    -155.868564,
                    19.946539
                ],
                [
                    -155.868413,
                    19.947024
                ],
                [
                    -155.867166,
                    19.947812
                ],
                [
                    -155.866766,
                    19.94846
                ],
                [
                    -155.866138,
                    19.948883
                ],
                [
                    -155.864859,
                    19.950544
                ],
                [
                    -155.864705,
                    19.950488
                ],
                [
                    -155.863855,
                    19.951484
                ],
                [
                    -155.862698,
                    19.951294
                ],
                [
                    -155.861881,
                    19.951467
                ],
                [
                    -155.861619,
                    19.951928
                ],
                [
                    -155.861688,
                    19.952713
                ],
                [
                    -155.862268,
                    19.952808
                ],
                [
                    -155.862246,
                    19.953244
                ],
                [
                    -155.861764,
                    19.953707
                ],
                [
                    -155.861732,
                    19.954131
                ],
                [
                    -155.861893,
                    19.954434
                ],
                [
                    -155.861699,
                    19.954847
                ],
                [
                    -155.861503,
                    19.954888
                ],
                [
                    -155.861627,
                    19.955178
                ],
                [
                    -155.861123,
                    19.955609
                ],
                [
                    -155.860919,
                    19.955609
                ],
                [
                    -155.860788,
                    19.956046
                ],
                [
                    -155.860208,
                    19.956315
                ],
                [
                    -155.860177,
                    19.956542
                ],
                [
                    -155.859867,
                    19.956663
                ],
                [
                    -155.860025,
                    19.956801
                ],
                [
                    -155.859444,
                    19.957368
                ],
                [
                    -155.859308,
                    19.95724
                ],
                [
                    -155.858682,
                    19.957621
                ],
                [
                    -155.858651,
                    19.95912
                ],
                [
                    -155.858891,
                    19.959569
                ],
                [
                    -155.858484,
                    19.960669
                ],
                [
                    -155.857934,
                    19.960768
                ],
                [
                    -155.857399,
                    19.961368
                ],
                [
                    -155.857137,
                    19.961959
                ],
                [
                    -155.856389,
                    19.962358
                ],
                [
                    -155.856119,
                    19.962828
                ],
                [
                    -155.85624,
                    19.963442
                ],
                [
                    -155.854773,
                    19.965063
                ],
                [
                    -155.854647,
                    19.965476
                ],
                [
                    -155.854455,
                    19.96551
                ],
                [
                    -155.854267,
                    19.965862
                ],
                [
                    -155.854024,
                    19.965747
                ],
                [
                    -155.853015,
                    19.966265
                ],
                [
                    -155.852792,
                    19.966839
                ],
                [
                    -155.852487,
                    19.966734
                ],
                [
                    -155.851129,
                    19.967717
                ],
                [
                    -155.849714,
                    19.968175
                ],
                [
                    -155.848001,
                    19.968285
                ],
                [
                    -155.847406,
                    19.967986
                ],
                [
                    -155.846243,
                    19.968371
                ],
                [
                    -155.843667,
                    19.969688
                ],
                [
                    -155.843271,
                    19.970594
                ],
                [
                    -155.842264,
                    19.971495
                ],
                [
                    -155.842414,
                    19.97164
                ],
                [
                    -155.842295,
                    19.971738
                ],
                [
                    -155.841791,
                    19.971673
                ],
                [
                    -155.839214,
                    19.973323
                ],
                [
                    -155.838843,
                    19.973284
                ],
                [
                    -155.83814,
                    19.97381
                ],
                [
                    -155.837457,
                    19.97357
                ],
                [
                    -155.837686,
                    19.973149
                ],
                [
                    -155.837625,
                    19.972817
                ],
                [
                    -155.836404,
                    19.97266
                ],
                [
                    -155.836122,
                    19.972386
                ],
                [
                    -155.835702,
                    19.972516
                ],
                [
                    -155.835,
                    19.972455
                ],
                [
                    -155.834603,
                    19.972878
                ],
                [
                    -155.834207,
                    19.972683
                ],
                [
                    -155.83402,
                    19.972796
                ],
                [
                    -155.833988,
                    19.973298
                ],
                [
                    -155.833367,
                    19.973453
                ],
                [
                    -155.833322,
                    19.973105
                ],
                [
                    -155.832742,
                    19.972937
                ],
                [
                    -155.832539,
                    19.973164
                ],
                [
                    -155.832498,
                    19.973773
                ],
                [
                    -155.831552,
                    19.974064
                ],
                [
                    -155.831415,
                    19.975577
                ],
                [
                    -155.831933,
                    19.976635
                ],
                [
                    -155.832254,
                    19.976708
                ],
                [
                    -155.832598,
                    19.977336
                ],
                [
                    -155.832294,
                    19.977732
                ],
                [
                    -155.832011,
                    19.977709
                ],
                [
                    -155.83172,
                    19.977395
                ],
                [
                    -155.83127,
                    19.977558
                ],
                [
                    -155.831109,
                    19.978158
                ],
                [
                    -155.831521,
                    19.978771
                ],
                [
                    -155.831337,
                    19.979311
                ],
                [
                    -155.830346,
                    19.978743
                ],
                [
                    -155.829584,
                    19.979302
                ],
                [
                    -155.829233,
                    19.980135
                ],
                [
                    -155.829202,
                    19.981131
                ],
                [
                    -155.828683,
                    19.982117
                ],
                [
                    -155.828998,
                    19.982602
                ],
                [
                    -155.828973,
                    19.983021
                ],
                [
                    -155.829427,
                    19.983353
                ],
                [
                    -155.830148,
                    19.984547
                ],
                [
                    -155.831246,
                    19.984448
                ],
                [
                    -155.831415,
                    19.984705
                ],
                [
                    -155.831085,
                    19.984844
                ],
                [
                    -155.831399,
                    19.985264
                ],
                [
                    -155.830724,
                    19.98622
                ],
                [
                    -155.830674,
                    19.986584
                ],
                [
                    -155.830133,
                    19.987145
                ],
                [
                    -155.830225,
                    19.988038
                ],
                [
                    -155.829431,
                    19.987896
                ],
                [
                    -155.829215,
                    19.988035
                ],
                [
                    -155.829063,
                    19.988537
                ],
                [
                    -155.828254,
                    19.988402
                ],
                [
                    -155.827813,
                    19.989405
                ],
                [
                    -155.827157,
                    19.989844
                ],
                [
                    -155.827213,
                    19.990232
                ],
                [
                    -155.826837,
                    19.990597
                ],
                [
                    -155.826394,
                    19.9924
                ],
                [
                    -155.826301,
                    19.994698
                ],
                [
                    -155.826745,
                    19.99548
                ],
                [
                    -155.827239,
                    19.995222
                ],
                [
                    -155.827646,
                    19.995486
                ],
                [
                    -155.827354,
                    19.995972
                ],
                [
                    -155.827628,
                    19.996157
                ],
                [
                    -155.827615,
                    19.996634
                ],
                [
                    -155.828208,
                    19.996969
                ],
                [
                    -155.828058,
                    19.997302
                ],
                [
                    -155.828362,
                    19.997441
                ],
                [
                    -155.828225,
                    19.997555
                ],
                [
                    -155.828496,
                    19.997736
                ],
                [
                    -155.827966,
                    19.997921
                ],
                [
                    -155.827722,
                    19.998562
                ],
                [
                    -155.828363,
                    19.999733
                ],
                [
                    -155.827752,
                    20.000857
                ],
                [
                    -155.827798,
                    20.001217
                ],
                [
                    -155.827625,
                    20.001477
                ],
                [
                    -155.827717,
                    20.001822
                ],
                [
                    -155.827201,
                    20.002418
                ],
                [
                    -155.827276,
                    20.002811
                ],
                [
                    -155.826296,
                    20.002748
                ],
                [
                    -155.825525,
                    20.003146
                ],
                [
                    -155.825311,
                    20.003546
                ],
                [
                    -155.825157,
                    20.004602
                ],
                [
                    -155.825333,
                    20.005718
                ],
                [
                    -155.825888,
                    20.006175
                ],
                [
                    -155.826944,
                    20.006558
                ],
                [
                    -155.826864,
                    20.006938
                ],
                [
                    -155.827218,
                    20.007472
                ],
                [
                    -155.827247,
                    20.007776
                ],
                [
                    -155.826791,
                    20.008532
                ],
                [
                    -155.826693,
                    20.009017
                ],
                [
                    -155.826257,
                    20.009112
                ],
                [
                    -155.826103,
                    20.009759
                ],
                [
                    -155.825519,
                    20.009939
                ],
                [
                    -155.825387,
                    20.010272
                ],
                [
                    -155.825369,
                    20.010537
                ],
                [
                    -155.825967,
                    20.01089
                ],
                [
                    -155.826166,
                    20.011279
                ],
                [
                    -155.82569,
                    20.012076
                ],
                [
                    -155.825357,
                    20.012116
                ],
                [
                    -155.825366,
                    20.012565
                ],
                [
                    -155.825158,
                    20.01265
                ],
                [
                    -155.825257,
                    20.013098
                ],
                [
                    -155.825718,
                    20.013541
                ],
                [
                    -155.825219,
                    20.013863
                ],
                [
                    -155.825444,
                    20.014334
                ],
                [
                    -155.825845,
                    20.014506
                ],
                [
                    -155.825677,
                    20.015392
                ],
                [
                    -155.825433,
                    20.015501
                ],
                [
                    -155.825555,
                    20.015755
                ],
                [
                    -155.825069,
                    20.015959
                ],
                [
                    -155.823816,
                    20.015946
                ],
                [
                    -155.823643,
                    20.016707
                ],
                [
                    -155.8238,
                    20.016953
                ],
                [
                    -155.823159,
                    20.017649
                ],
                [
                    -155.823099,
                    20.018681
                ],
                [
                    -155.823556,
                    20.019099
                ],
                [
                    -155.823706,
                    20.019474
                ],
                [
                    -155.82348,
                    20.020194
                ],
                [
                    -155.823445,
                    20.021338
                ],
                [
                    -155.822895,
                    20.021959
                ],
                [
                    -155.822992,
                    20.022536
                ],
                [
                    -155.822732,
                    20.023016
                ],
                [
                    -155.823297,
                    20.023842
                ],
                [
                    -155.823373,
                    20.02426
                ],
                [
                    -155.823854,
                    20.024791
                ],
                [
                    -155.823795,
                    20.025677
                ],
                [
                    -155.823991,
                    20.026116
                ],
                [
                    -155.823541,
                    20.027718
                ],
                [
                    -155.823599,
                    20.028674
                ],
                [
                    -155.825102,
                    20.027609
                ],
                [
                    -155.825933,
                    20.027377
                ],
                [
                    -155.829385,
                    20.029007
                ],
                [
                    -155.834085,
                    20.034491
                ],
                [
                    -155.834276,
                    20.034875
                ],
                [
                    -155.834324,
                    20.037328
                ],
                [
                    -155.834177,
                    20.037177
                ],
                [
                    -155.833963,
                    20.034535
                ],
                [
                    -155.831052,
                    20.031255
                ],
                [
                    -155.830652,
                    20.031205
                ],
                [
                    -155.830364,
                    20.031506
                ],
                [
                    -155.829965,
                    20.031298
                ],
                [
                    -155.829642,
                    20.031473
                ],
                [
                    -155.829584,
                    20.032101
                ],
                [
                    -155.827661,
                    20.032343
                ],
                [
                    -155.827054,
                    20.032852
                ],
                [
                    -155.82644,
                    20.032059
                ],
                [
                    -155.825662,
                    20.032048
                ],
                [
                    -155.825612,
                    20.032283
                ],
                [
                    -155.82833,
                    20.035302
                ],
                [
                    -155.828502,
                    20.035205
                ],
                [
                    -155.829705,
                    20.036356
                ],
                [
                    -155.829568,
                    20.03648
                ],
                [
                    -155.830038,
                    20.037219
                ],
                [
                    -155.829675,
                    20.037549
                ],
                [
                    -155.829797,
                    20.037652
                ],
                [
                    -155.830281,
                    20.037337
                ],
                [
                    -155.831439,
                    20.03787
                ],
                [
                    -155.831945,
                    20.038473
                ],
                [
                    -155.831689,
                    20.038538
                ],
                [
                    -155.831445,
                    20.039029
                ],
                [
                    -155.832025,
                    20.039494
                ],
                [
                    -155.832437,
                    20.038924
                ],
                [
                    -155.832208,
                    20.038535
                ],
                [
                    -155.83233,
                    20.038539
                ],
                [
                    -155.832605,
                    20.03887
                ],
                [
                    -155.832391,
                    20.039769
                ],
                [
                    -155.833595,
                    20.041341
                ],
                [
                    -155.835043,
                    20.042193
                ],
                [
                    -155.835809,
                    20.04325
                ],
                [
                    -155.836953,
                    20.044106
                ],
                [
                    -155.836765,
                    20.04481
                ],
                [
                    -155.837121,
                    20.044895
                ],
                [
                    -155.837619,
                    20.045358
                ],
                [
                    -155.838983,
                    20.047919
                ],
                [
                    -155.838627,
                    20.048913
                ],
                [
                    -155.839349,
                    20.050059
                ],
                [
                    -155.840365,
                    20.050612
                ],
                [
                    -155.841089,
                    20.050568
                ],
                [
                    -155.841668,
                    20.051129
                ],
                [
                    -155.842386,
                    20.051381
                ],
                [
                    -155.842555,
                    20.051293
                ],
                [
                    -155.843164,
                    20.052117
                ],
                [
                    -155.843606,
                    20.052116
                ],
                [
                    -155.843912,
                    20.052411
                ],
                [
                    -155.843835,
                    20.053071
                ],
                [
                    -155.844759,
                    20.053544
                ],
                [
                    -155.844591,
                    20.05407
                ],
                [
                    -155.843515,
                    20.054347
                ],
                [
                    -155.843445,
                    20.054694
                ],
                [
                    -155.843635,
                    20.05523
                ],
                [
                    -155.844352,
                    20.055732
                ],
                [
                    -155.844307,
                    20.056489
                ],
                [
                    -155.845142,
                    20.056893
                ],
                [
                    -155.845132,
                    20.057232
                ],
                [
                    -155.846318,
                    20.05861
                ],
                [
                    -155.847101,
                    20.058886
                ],
                [
                    -155.848153,
                    20.059704
                ],
                [
                    -155.848489,
                    20.060712
                ],
                [
                    -155.84942,
                    20.060706
                ],
                [
                    -155.849704,
                    20.06094
                ],
                [
                    -155.849677,
                    20.061287
                ],
                [
                    -155.849842,
                    20.061437
                ],
                [
                    -155.85035,
                    20.061315
                ],
                [
                    -155.850897,
                    20.062239
                ],
                [
                    -155.851219,
                    20.062169
                ],
                [
                    -155.85178,
                    20.062529
                ],
                [
                    -155.852044,
                    20.063395
                ],
                [
                    -155.852594,
                    20.063538
                ],
                [
                    -155.852692,
                    20.063792
                ],
                [
                    -155.85267,
                    20.06401
                ],
                [
                    -155.852133,
                    20.064382
                ],
                [
                    -155.852731,
                    20.064846
                ],
                [
                    -155.853143,
                    20.064814
                ],
                [
                    -155.853411,
                    20.06526
                ],
                [
                    -155.853418,
                    20.065614
                ],
                [
                    -155.854454,
                    20.06587
                ],
                [
                    -155.854425,
                    20.066266
                ],
                [
                    -155.855127,
                    20.066798
                ],
                [
                    -155.855096,
                    20.066977
                ],
                [
                    -155.855851,
                    20.067985
                ],
                [
                    -155.855581,
                    20.068529
                ],
                [
                    -155.856023,
                    20.06976
                ],
                [
                    -155.857277,
                    20.070656
                ],
                [
                    -155.857583,
                    20.071351
                ],
                [
                    -155.857797,
                    20.071373
                ],
                [
                    -155.857934,
                    20.071185
                ],
                [
                    -155.858148,
                    20.071253
                ],
                [
                    -155.858415,
                    20.071745
                ],
                [
                    -155.858147,
                    20.071878
                ],
                [
                    -155.858102,
                    20.072119
                ],
                [
                    -155.858526,
                    20.072178
                ],
                [
                    -155.858713,
                    20.072432
                ],
                [
                    -155.858453,
                    20.072815
                ],
                [
                    -155.858972,
                    20.072854
                ],
                [
                    -155.859063,
                    20.073488
                ],
                [
                    -155.859292,
                    20.073887
                ],
                [
                    -155.859887,
                    20.073979
                ],
                [
                    -155.85975,
                    20.074467
                ],
                [
                    -155.861459,
                    20.074749
                ],
                [
                    -155.862263,
                    20.074464
                ],
                [
                    -155.862726,
                    20.075074
                ],
                [
                    -155.863321,
                    20.075345
                ],
                [
                    -155.863425,
                    20.0756
                ],
                [
                    -155.864049,
                    20.075661
                ],
                [
                    -155.864359,
                    20.075512
                ],
                [
                    -155.864801,
                    20.076001
                ],
                [
                    -155.864874,
                    20.077328
                ],
                [
                    -155.865411,
                    20.077729
                ],
                [
                    -155.865472,
                    20.079096
                ],
                [
                    -155.865838,
                    20.079653
                ],
                [
                    -155.865651,
                    20.079921
                ],
                [
                    -155.865701,
                    20.080348
                ],
                [
                    -155.865976,
                    20.080464
                ],
                [
                    -155.866388,
                    20.080246
                ],
                [
                    -155.867298,
                    20.081316
                ],
                [
                    -155.867648,
                    20.081358
                ],
                [
                    -155.867818,
                    20.082619
                ],
                [
                    -155.86802,
                    20.08288
                ],
                [
                    -155.868302,
                    20.082948
                ],
                [
                    -155.868265,
                    20.083159
                ],
                [
                    -155.867761,
                    20.083634
                ],
                [
                    -155.867836,
                    20.083914
                ],
                [
                    -155.868572,
                    20.083989
                ],
                [
                    -155.868829,
                    20.084218
                ],
                [
                    -155.869653,
                    20.084422
                ],
                [
                    -155.870139,
                    20.084871
                ],
                [
                    -155.870309,
                    20.085463
                ],
                [
                    -155.870917,
                    20.08542
                ],
                [
                    -155.871087,
                    20.08557
                ],
                [
                    -155.871133,
                    20.086083
                ],
                [
                    -155.871832,
                    20.086458
                ],
                [
                    -155.871698,
                    20.087086
                ],
                [
                    -155.871347,
                    20.087344
                ],
                [
                    -155.871835,
                    20.087712
                ],
                [
                    -155.871891,
                    20.088106
                ],
                [
                    -155.872705,
                    20.08877
                ],
                [
                    -155.872548,
                    20.089565
                ],
                [
                    -155.873239,
                    20.089812
                ],
                [
                    -155.873147,
                    20.090373
                ],
                [
                    -155.874643,
                    20.091008
                ],
                [
                    -155.874901,
                    20.091512
                ],
                [
                    -155.874518,
                    20.092223
                ],
                [
                    -155.874642,
                    20.092631
                ],
                [
                    -155.874484,
                    20.093095
                ],
                [
                    -155.874765,
                    20.093176
                ],
                [
                    -155.875071,
                    20.092928
                ],
                [
                    -155.875467,
                    20.093192
                ],
                [
                    -155.875497,
                    20.093979
                ],
                [
                    -155.875223,
                    20.094489
                ],
                [
                    -155.87537,
                    20.09487
                ],
                [
                    -155.876686,
                    20.095208
                ],
                [
                    -155.876932,
                    20.096402
                ],
                [
                    -155.87725,
                    20.096555
                ],
                [
                    -155.877476,
                    20.096904
                ],
                [
                    -155.877449,
                    20.097146
                ],
                [
                    -155.877781,
                    20.097347
                ],
                [
                    -155.877664,
                    20.097769
                ],
                [
                    -155.878243,
                    20.098141
                ],
                [
                    -155.878301,
                    20.098656
                ],
                [
                    -155.87774,
                    20.098614
                ],
                [
                    -155.877995,
                    20.099035
                ],
                [
                    -155.878009,
                    20.099503
                ],
                [
                    -155.878482,
                    20.099648
                ],
                [
                    -155.878702,
                    20.100543
                ],
                [
                    -155.879205,
                    20.10114
                ],
                [
                    -155.879503,
                    20.101197
                ],
                [
                    -155.879602,
                    20.102219
                ],
                [
                    -155.879782,
                    20.102206
                ],
                [
                    -155.879114,
                    20.102593
                ],
                [
                    -155.879196,
                    20.102729
                ],
                [
                    -155.879739,
                    20.102892
                ],
                [
                    -155.879799,
                    20.103359
                ],
                [
                    -155.880729,
                    20.103417
                ],
                [
                    -155.880716,
                    20.10361
                ],
                [
                    -155.88099,
                    20.103714
                ],
                [
                    -155.881616,
                    20.10361
                ],
                [
                    -155.881978,
                    20.10468
                ],
                [
                    -155.882135,
                    20.104718
                ],
                [
                    -155.882364,
                    20.104397
                ],
                [
                    -155.882513,
                    20.104448
                ],
                [
                    -155.882959,
                    20.104737
                ],
                [
                    -155.88305,
                    20.10504
                ],
                [
                    -155.883905,
                    20.105509
                ],
                [
                    -155.884012,
                    20.1059
                ],
                [
                    -155.883844,
                    20.106228
                ],
                [
                    -155.884162,
                    20.106453
                ],
                [
                    -155.883935,
                    20.106701
                ],
                [
                    -155.88398,
                    20.107248
                ],
                [
                    -155.883752,
                    20.107625
                ],
                [
                    -155.883447,
                    20.107632
                ],
                [
                    -155.883396,
                    20.108143
                ],
                [
                    -155.883233,
                    20.108195
                ],
                [
                    -155.883096,
                    20.108626
                ],
                [
                    -155.883142,
                    20.109053
                ],
                [
                    -155.882769,
                    20.109305
                ],
                [
                    -155.88276,
                    20.109492
                ],
                [
                    -155.88346,
                    20.109972
                ],
                [
                    -155.882867,
                    20.11015
                ],
                [
                    -155.883077,
                    20.110385
                ],
                [
                    -155.882993,
                    20.110612
                ],
                [
                    -155.882501,
                    20.110634
                ],
                [
                    -155.882987,
                    20.11142
                ],
                [
                    -155.883355,
                    20.11162
                ],
                [
                    -155.884134,
                    20.111569
                ],
                [
                    -155.884089,
                    20.112092
                ],
                [
                    -155.883111,
                    20.112572
                ],
                [
                    -155.883264,
                    20.113131
                ],
                [
                    -155.884379,
                    20.112843
                ],
                [
                    -155.885122,
                    20.112968
                ],
                [
                    -155.885234,
                    20.112691
                ],
                [
                    -155.885614,
                    20.112754
                ],
                [
                    -155.88558,
                    20.113351
                ],
                [
                    -155.884925,
                    20.113296
                ],
                [
                    -155.884606,
                    20.113753
                ],
                [
                    -155.884515,
                    20.114195
                ],
                [
                    -155.884069,
                    20.114561
                ],
                [
                    -155.884527,
                    20.11492
                ],
                [
                    -155.88493,
                    20.114825
                ],
                [
                    -155.885217,
                    20.115038
                ],
                [
                    -155.884799,
                    20.115396
                ],
                [
                    -155.885018,
                    20.115842
                ],
                [
                    -155.884729,
                    20.116106
                ],
                [
                    -155.884897,
                    20.116282
                ],
                [
                    -155.885607,
                    20.116262
                ],
                [
                    -155.885548,
                    20.116901
                ],
                [
                    -155.885703,
                    20.117179
                ],
                [
                    -155.886162,
                    20.116982
                ],
                [
                    -155.886295,
                    20.117163
                ],
                [
                    -155.886804,
                    20.11706
                ],
                [
                    -155.887796,
                    20.117679
                ],
                [
                    -155.888005,
                    20.118312
                ],
                [
                    -155.887941,
                    20.118442
                ],
                [
                    -155.887563,
                    20.118444
                ],
                [
                    -155.887277,
                    20.118823
                ],
                [
                    -155.887048,
                    20.118878
                ],
                [
                    -155.887079,
                    20.119393
                ],
                [
                    -155.887304,
                    20.11958
                ],
                [
                    -155.88706,
                    20.119756
                ],
                [
                    -155.887109,
                    20.119875
                ],
                [
                    -155.888048,
                    20.120585
                ],
                [
                    -155.88807,
                    20.120779
                ],
                [
                    -155.888919,
                    20.120981
                ],
                [
                    -155.889134,
                    20.121266
                ],
                [
                    -155.888803,
                    20.121483
                ],
                [
                    -155.888887,
                    20.121643
                ],
                [
                    -155.889123,
                    20.121653
                ],
                [
                    -155.889027,
                    20.121859
                ],
                [
                    -155.889215,
                    20.122122
                ],
                [
                    -155.889802,
                    20.122175
                ],
                [
                    -155.89058,
                    20.122781
                ],
                [
                    -155.890756,
                    20.123496
                ],
                [
                    -155.89187,
                    20.124178
                ],
                [
                    -155.891742,
                    20.124719
                ],
                [
                    -155.892267,
                    20.125325
                ],
                [
                    -155.892221,
                    20.125851
                ],
                [
                    -155.891559,
                    20.126145
                ],
                [
                    -155.891946,
                    20.126713
                ],
                [
                    -155.891961,
                    20.126996
                ],
                [
                    -155.891777,
                    20.12727
                ],
                [
                    -155.891961,
                    20.127701
                ],
                [
                    -155.891724,
                    20.127914
                ],
                [
                    -155.891617,
                    20.12835
                ],
                [
                    -155.892006,
                    20.128636
                ],
                [
                    -155.89274,
                    20.129725
                ],
                [
                    -155.892724,
                    20.129975
                ],
                [
                    -155.892251,
                    20.130194
                ],
                [
                    -155.892175,
                    20.130463
                ],
                [
                    -155.892343,
                    20.130791
                ],
                [
                    -155.89187,
                    20.13118
                ],
                [
                    -155.891931,
                    20.131453
                ],
                [
                    -155.89161,
                    20.131657
                ],
                [
                    -155.892236,
                    20.132811
                ],
                [
                    -155.892077,
                    20.132998
                ],
                [
                    -155.89232,
                    20.133254
                ],
                [
                    -155.89222,
                    20.133504
                ],
                [
                    -155.892583,
                    20.133799
                ],
                [
                    -155.89356,
                    20.135296
                ],
                [
                    -155.893679,
                    20.136043
                ],
                [
                    -155.893442,
                    20.136504
                ],
                [
                    -155.893591,
                    20.137117
                ],
                [
                    -155.893189,
                    20.137544
                ],
                [
                    -155.893437,
                    20.139104
                ],
                [
                    -155.894281,
                    20.139422
                ],
                [
                    -155.894459,
                    20.139764
                ],
                [
                    -155.894678,
                    20.139729
                ],
                [
                    -155.895532,
                    20.140631
                ],
                [
                    -155.896005,
                    20.142012
                ],
                [
                    -155.896579,
                    20.142587
                ],
                [
                    -155.896615,
                    20.143834
                ],
                [
                    -155.896295,
                    20.144955
                ],
                [
                    -155.896539,
                    20.145501
                ],
                [
                    -155.897129,
                    20.14589
                ],
                [
                    -155.896963,
                    20.146455
                ],
                [
                    -155.896371,
                    20.146613
                ],
                [
                    -155.896463,
                    20.147055
                ],
                [
                    -155.896019,
                    20.147236
                ],
                [
                    -155.895929,
                    20.147751
                ],
                [
                    -155.896097,
                    20.148119
                ],
                [
                    -155.895898,
                    20.148362
                ],
                [
                    -155.896046,
                    20.148934
                ],
                [
                    -155.895663,
                    20.149259
                ],
                [
                    -155.89559,
                    20.149589
                ],
                [
                    -155.895739,
                    20.149886
                ],
                [
                    -155.895608,
                    20.150258
                ],
                [
                    -155.896142,
                    20.150509
                ],
                [
                    -155.896142,
                    20.150736
                ],
                [
                    -155.895863,
                    20.151068
                ],
                [
                    -155.895974,
                    20.151284
                ],
                [
                    -155.896631,
                    20.151753
                ],
                [
                    -155.896707,
                    20.152132
                ],
                [
                    -155.897316,
                    20.152175
                ],
                [
                    -155.897537,
                    20.152339
                ],
                [
                    -155.897743,
                    20.152863
                ],
                [
                    -155.897973,
                    20.153023
                ],
                [
                    -155.898019,
                    20.154046
                ],
                [
                    -155.89826,
                    20.154244
                ],
                [
                    -155.898401,
                    20.155339
                ],
                [
                    -155.898904,
                    20.156283
                ],
                [
                    -155.898736,
                    20.157483
                ],
                [
                    -155.898898,
                    20.158198
                ],
                [
                    -155.899347,
                    20.158854
                ],
                [
                    -155.899423,
                    20.159296
                ],
                [
                    -155.899446,
                    20.159755
                ],
                [
                    -155.899175,
                    20.160087
                ],
                [
                    -155.899112,
                    20.160546
                ],
                [
                    -155.899469,
                    20.161139
                ],
                [
                    -155.899301,
                    20.161681
                ],
                [
                    -155.899499,
                    20.162316
                ],
                [
                    -155.899802,
                    20.162577
                ],
                [
                    -155.900214,
                    20.162525
                ],
                [
                    -155.900583,
                    20.162789
                ],
                [
                    -155.900549,
                    20.16333
                ],
                [
                    -155.90108,
                    20.16416
                ],
                [
                    -155.900812,
                    20.164355
                ],
                [
                    -155.900842,
                    20.164652
                ],
                [
                    -155.900224,
                    20.165922
                ],
                [
                    -155.900354,
                    20.166188
                ],
                [
                    -155.900049,
                    20.166493
                ],
                [
                    -155.900308,
                    20.167963
                ],
                [
                    -155.900596,
                    20.168655
                ],
                [
                    -155.900415,
                    20.169711
                ],
                [
                    -155.900583,
                    20.169846
                ],
                [
                    -155.900683,
                    20.170385
                ],
                [
                    -155.901178,
                    20.170693
                ],
                [
                    -155.901614,
                    20.170747
                ],
                [
                    -155.901542,
                    20.171223
                ],
                [
                    -155.902276,
                    20.171875
                ],
                [
                    -155.901727,
                    20.172411
                ],
                [
                    -155.901617,
                    20.173524
                ],
                [
                    -155.900506,
                    20.174
                ],
                [
                    -155.900628,
                    20.174778
                ],
                [
                    -155.900964,
                    20.175156
                ],
                [
                    -155.900868,
                    20.175439
                ],
                [
                    -155.90114,
                    20.176232
                ],
                [
                    -155.901005,
                    20.176434
                ],
                [
                    -155.901071,
                    20.177069
                ],
                [
                    -155.901437,
                    20.177269
                ],
                [
                    -155.901206,
                    20.177559
                ],
                [
                    -155.901387,
                    20.178483
                ],
                [
                    -155.901574,
                    20.178725
                ],
                [
                    -155.901496,
                    20.179054
                ],
                [
                    -155.901788,
                    20.179375
                ],
                [
                    -155.902475,
                    20.179576
                ],
                [
                    -155.90276,
                    20.18013
                ],
                [
                    -155.902684,
                    20.181016
                ],
                [
                    -155.902444,
                    20.181269
                ],
                [
                    -155.902574,
                    20.181967
                ],
                [
                    -155.902322,
                    20.182145
                ],
                [
                    -155.901819,
                    20.183197
                ],
                [
                    -155.901508,
                    20.183376
                ],
                [
                    -155.901437,
                    20.183739
                ],
                [
                    -155.900869,
                    20.183808
                ],
                [
                    -155.901162,
                    20.184321
                ],
                [
                    -155.901587,
                    20.184262
                ],
                [
                    -155.902026,
                    20.184498
                ],
                [
                    -155.902002,
                    20.184891
                ],
                [
                    -155.902318,
                    20.185357
                ],
                [
                    -155.902597,
                    20.185484
                ],
                [
                    -155.902528,
                    20.185718
                ],
                [
                    -155.902824,
                    20.186076
                ],
                [
                    -155.902653,
                    20.186143
                ],
                [
                    -155.902948,
                    20.186768
                ],
                [
                    -155.904138,
                    20.187096
                ],
                [
                    -155.903917,
                    20.187211
                ],
                [
                    -155.904042,
                    20.187653
                ],
                [
                    -155.903787,
                    20.188235
                ],
                [
                    -155.90338,
                    20.188415
                ],
                [
                    -155.903147,
                    20.18828
                ],
                [
                    -155.902868,
                    20.188685
                ],
                [
                    -155.902364,
                    20.188842
                ],
                [
                    -155.90249,
                    20.189299
                ],
                [
                    -155.902841,
                    20.189457
                ],
                [
                    -155.902666,
                    20.189829
                ],
                [
                    -155.902885,
                    20.19027
                ],
                [
                    -155.90317,
                    20.19038
                ],
                [
                    -155.902963,
                    20.19068
                ],
                [
                    -155.903293,
                    20.191458
                ],
                [
                    -155.903509,
                    20.191601
                ],
                [
                    -155.903451,
                    20.191882
                ],
                [
                    -155.903938,
                    20.192418
                ],
                [
                    -155.904138,
                    20.192965
                ],
                [
                    -155.904089,
                    20.193673
                ],
                [
                    -155.904733,
                    20.195002
                ],
                [
                    -155.904901,
                    20.196072
                ],
                [
                    -155.904535,
                    20.196316
                ],
                [
                    -155.904809,
                    20.196886
                ],
                [
                    -155.904657,
                    20.197031
                ],
                [
                    -155.904763,
                    20.197321
                ],
                [
                    -155.904641,
                    20.197651
                ],
                [
                    -155.903841,
                    20.197811
                ],
                [
                    -155.903646,
                    20.19799
                ],
                [
                    -155.903604,
                    20.198821
                ],
                [
                    -155.903443,
                    20.199159
                ],
                [
                    -155.903726,
                    20.199826
                ],
                [
                    -155.903642,
                    20.200115
                ],
                [
                    -155.903798,
                    20.200178
                ],
                [
                    -155.903538,
                    20.200575
                ],
                [
                    -155.903543,
                    20.200921
                ],
                [
                    -155.903189,
                    20.201044
                ],
                [
                    -155.903157,
                    20.201238
                ],
                [
                    -155.90365,
                    20.202433
                ],
                [
                    -155.902505,
                    20.203078
                ],
                [
                    -155.902749,
                    20.204096
                ],
                [
                    -155.9022,
                    20.204972
                ],
                [
                    -155.902231,
                    20.207081
                ],
                [
                    -155.901979,
                    20.207461
                ],
                [
                    -155.90188,
                    20.208041
                ],
                [
                    -155.90188,
                    20.208308
                ],
                [
                    -155.902241,
                    20.208698
                ],
                [
                    -155.902215,
                    20.209124
                ],
                [
                    -155.90204,
                    20.209215
                ],
                [
                    -155.902246,
                    20.209511
                ],
                [
                    -155.902078,
                    20.209584
                ],
                [
                    -155.902212,
                    20.210034
                ],
                [
                    -155.90217,
                    20.211411
                ],
                [
                    -155.902673,
                    20.212212
                ],
                [
                    -155.903709,
                    20.212807
                ],
                [
                    -155.903711,
                    20.213057
                ],
                [
                    -155.90334,
                    20.213606
                ],
                [
                    -155.90337,
                    20.214025
                ],
                [
                    -155.902626,
                    20.21424
                ],
                [
                    -155.902704,
                    20.215617
                ],
                [
                    -155.902352,
                    20.215957
                ],
                [
                    -155.90218,
                    20.216683
                ],
                [
                    -155.90155,
                    20.217155
                ],
                [
                    -155.901725,
                    20.217499
                ],
                [
                    -155.901651,
                    20.217854
                ],
                [
                    -155.901066,
                    20.218454
                ],
                [
                    -155.901018,
                    20.218761
                ],
                [
                    -155.90133,
                    20.219
                ],
                [
                    -155.901099,
                    20.219951
                ],
                [
                    -155.901513,
                    20.220494
                ],
                [
                    -155.900931,
                    20.221103
                ],
                [
                    -155.900805,
                    20.221354
                ],
                [
                    -155.900918,
                    20.221562
                ],
                [
                    -155.900552,
                    20.221871
                ],
                [
                    -155.900567,
                    20.222973
                ],
                [
                    -155.900032,
                    20.223759
                ],
                [
                    -155.899499,
                    20.224043
                ],
                [
                    -155.899361,
                    20.22436
                ],
                [
                    -155.899373,
                    20.224762
                ],
                [
                    -155.899728,
                    20.225539
                ],
                [
                    -155.89898,
                    20.227141
                ],
                [
                    -155.89918,
                    20.227524
                ],
                [
                    -155.899765,
                    20.227713
                ],
                [
                    -155.899392,
                    20.227803
                ],
                [
                    -155.899652,
                    20.228297
                ],
                [
                    -155.900031,
                    20.228491
                ],
                [
                    -155.899905,
                    20.228758
                ],
                [
                    -155.900073,
                    20.229175
                ],
                [
                    -155.899521,
                    20.229727
                ],
                [
                    -155.900155,
                    20.230341
                ],
                [
                    -155.899248,
                    20.230679
                ],
                [
                    -155.899374,
                    20.231249
                ],
                [
                    -155.898767,
                    20.231657
                ],
                [
                    -155.898882,
                    20.232646
                ],
                [
                    -155.898535,
                    20.233043
                ],
                [
                    -155.898187,
                    20.233881
                ],
                [
                    -155.897739,
                    20.23412
                ],
                [
                    -155.897897,
                    20.234543
                ],
                [
                    -155.897164,
                    20.234938
                ],
                [
                    -155.897119,
                    20.235192
                ],
                [
                    -155.896228,
                    20.235937
                ],
                [
                    -155.895485,
                    20.237492
                ],
                [
                    -155.895212,
                    20.237463
                ],
                [
                    -155.894734,
                    20.237935
                ],
                [
                    -155.894645,
                    20.237751
                ],
                [
                    -155.8942,
                    20.23794
                ],
                [
                    -155.894279,
                    20.238068
                ],
                [
                    -155.894094,
                    20.238464
                ],
                [
                    -155.89422,
                    20.238608
                ],
                [
                    -155.893854,
                    20.239207
                ],
                [
                    -155.894006,
                    20.239615
                ],
                [
                    -155.893758,
                    20.239907
                ],
                [
                    -155.893924,
                    20.240244
                ],
                [
                    -155.893483,
                    20.240747
                ],
                [
                    -155.89327,
                    20.241658
                ],
                [
                    -155.892724,
                    20.241694
                ],
                [
                    -155.892755,
                    20.242169
                ],
                [
                    -155.891822,
                    20.241976
                ],
                [
                    -155.891672,
                    20.242058
                ],
                [
                    -155.891714,
                    20.242299
                ],
                [
                    -155.890909,
                    20.242516
                ],
                [
                    -155.889673,
                    20.244118
                ],
                [
                    -155.889545,
                    20.244972
                ],
                [
                    -155.889261,
                    20.245427
                ],
                [
                    -155.88949,
                    20.24557
                ],
                [
                    -155.889337,
                    20.245987
                ],
                [
                    -155.889612,
                    20.246115
                ],
                [
                    -155.889566,
                    20.24652
                ],
                [
                    -155.889761,
                    20.246757
                ],
                [
                    -155.889609,
                    20.246859
                ],
                [
                    -155.889566,
                    20.247477
                ],
                [
                    -155.889032,
                    20.248015
                ],
                [
                    -155.889032,
                    20.248482
                ],
                [
                    -155.888772,
                    20.248755
                ],
                [
                    -155.889032,
                    20.249011
                ],
                [
                    -155.888479,
                    20.249518
                ],
                [
                    -155.888254,
                    20.250016
                ],
                [
                    -155.88837,
                    20.250552
                ],
                [
                    -155.886328,
                    20.252676
                ],
                [
                    -155.885993,
                    20.252791
                ],
                [
                    -155.885704,
                    20.253325
                ],
                [
                    -155.880922,
                    20.258298
                ],
                [
                    -155.880212,
                    20.258646
                ],
                [
                    -155.880273,
                    20.258969
                ],
                [
                    -155.879236,
                    20.26005
                ],
                [
                    -155.878733,
                    20.259998
                ],
                [
                    -155.878364,
                    20.260192
                ],
                [
                    -155.87803,
                    20.260578
                ],
                [
                    -155.877771,
                    20.261406
                ],
                [
                    -155.877405,
                    20.261357
                ],
                [
                    -155.877216,
                    20.261623
                ],
                [
                    -155.87665,
                    20.26172
                ],
                [
                    -155.876443,
                    20.262082
                ],
                [
                    -155.875955,
                    20.262219
                ],
                [
                    -155.875467,
                    20.262026
                ],
                [
                    -155.874582,
                    20.262644
                ],
                [
                    -155.873422,
                    20.262791
                ],
                [
                    -155.8722,
                    20.263637
                ],
                [
                    -155.871757,
                    20.264381
                ],
                [
                    -155.870248,
                    20.265097
                ],
                [
                    -155.869602,
                    20.265161
                ],
                [
                    -155.869136,
                    20.265407
                ],
                [
                    -155.86738,
                    20.265305
                ],
                [
                    -155.866754,
                    20.266253
                ],
                [
                    -155.865398,
                    20.266508
                ],
                [
                    -155.865098,
                    20.266215
                ],
                [
                    -155.864008,
                    20.266099
                ],
                [
                    -155.863168,
                    20.265809
                ],
                [
                    -155.862924,
                    20.265837
                ],
                [
                    -155.862574,
                    20.266355
                ],
                [
                    -155.862405,
                    20.266333
                ],
                [
                    -155.86239,
                    20.266076
                ],
                [
                    -155.862224,
                    20.265998
                ],
                [
                    -155.86152,
                    20.266028
                ],
                [
                    -155.860956,
                    20.265841
                ],
                [
                    -155.860158,
                    20.266374
                ],
                [
                    -155.858819,
                    20.266583
                ],
                [
                    -155.858082,
                    20.267126
                ],
                [
                    -155.857309,
                    20.266951
                ],
                [
                    -155.856668,
                    20.267104
                ],
                [
                    -155.856393,
                    20.267403
                ],
                [
                    -155.855951,
                    20.267416
                ],
                [
                    -155.855549,
                    20.267204
                ],
                [
                    -155.855124,
                    20.267346
                ],
                [
                    -155.854226,
                    20.267792
                ],
                [
                    -155.854074,
                    20.268282
                ],
                [
                    -155.853509,
                    20.268311
                ],
                [
                    -155.853387,
                    20.268168
                ],
                [
                    -155.853235,
                    20.268331
                ],
                [
                    -155.852609,
                    20.26776
                ],
                [
                    -155.852182,
                    20.267609
                ],
                [
                    -155.851947,
                    20.267937
                ],
                [
                    -155.850723,
                    20.268407
                ],
                [
                    -155.8506,
                    20.268135
                ]
            ]
        ]
    },
    "properties": {
        "@id": "https://api.weather.gov/zones/forecast/HIZ026",
        "@type": "wx:Zone",
        "id": "HIZ026",
        "type": "public",
        "name": "Kohala",
        "effectiveDate": "2026-04-16T18:00:00+00:00",
        "expirationDate": "2200-01-01T00:00:00+00:00",
        "state": "HI",
        "forecastOffice": "https://api.weather.gov/offices/HFO",
        "gridIdentifier": "HFO",
        "awipsLocationIdentifier": "HFO",
        "cwa": [
            "HFO"
        ],
        "forecastOffices": [
            "https://api.weather.gov/offices/HFO"
        ],
        "timeZone": [
            "Pacific/Honolulu"
        ],
        "observationStations": [
            "https://api.weather.gov/stations/PHKO",
            "https://api.weather.gov/stations/PHSF"
        ],
        "radarStation": null
    }
}