CP, 02, 2026081906, 03, AVNO,   0,  96N, 1355W,  20, 1010, XX,  34, NEQ,    0,    0,    0,    0,  -99,  -99, 162,   0,   0, 
CP, 02, 2026081906, 03, AVNO,   6,  98N, 1362W,  25, 1005, XX,  34, NEQ,    0,    0,    0,    0, 1009,  872,  90,   0,   0, 
CP, 02, 2026081906, 03, AVNO,  12,  96N, 1370W,  31, 1010, XX,  34, NEQ,    0,    0,    0,    0,  -99,  -99, 159,   0,   0, 
CP, 02, 2026081906, 03, AVNO,  18, 106N, 1388W,  37, 1005, XX,  34, NEQ,    0,    0,    0,   82,  -99,  -99,  82,   0,   0, 
CP, 02, 2026081906, 03, AVNO,  24, 111N, 1401W,  26, 1007, XX,  34, NEQ,    0,    0,    0,    0, 1011,  162,  56,   0,   0, 
CP, 02, 2026081906, 03, AVNO,  30, 109N, 1416W,  35, 1003, XX,  34, NEQ,   66,    0,    0,    0, 1007,   84,  66,   0,   0, 
CP, 02, 2026081906, 03, AVNO,  36, 113N, 1422W,  38, 1002, XX,  34, NEQ,   46,   42,    0,    0, 1006,   36,  35,   0,   0, 
CP, 02, 2026081906, 03, AVNO,  42, 117N, 1433W,  48,  997, XX,  34, NEQ,   71,   76,   30,   53, 1005,   49,  26,   0,   0, 
CP, 02, 2026081906, 03, AVNO,  48, 123N, 1444W,  51,  995, XX,  34, NEQ,   90,   53,   40,   66, 1011,  359,  28,   0,   0, 
CP, 02, 2026081906, 03, AVNO,  48, 123N, 1444W,  51,  995, XX,  50, NEQ,   30,    0,    0,    0, 1011,  359,  28,   0,   0, 
CP, 02, 2026081906, 03, AVNO,  54, 125N, 1452W,  54,  987, XX,  34, NEQ,   89,   54,   55,   88, 1007,  111,  31,   0,   0, 
CP, 02, 2026081906, 03, AVNO,  54, 125N, 1452W,  54,  987, XX,  50, NEQ,   34,   29,   33,   29, 1007,  111,  31,   0,   0, 
CP, 02, 2026081906, 03, AVNO,  60, 130N, 1460W,  59,  984, XX,  34, NEQ,   93,   74,   59,   80, 1008,   89,  19,   0,   0, 
CP, 02, 2026081906, 03, AVNO,  60, 130N, 1460W,  59,  984, XX,  50, NEQ,   36,   34,   29,   34, 1008,   89,  19,   0,   0, 
CP, 02, 2026081906, 03, AVNO,  66, 139N, 1468W,  73,  977, XX,  34, NEQ,   94,   66,   54,   83, 1009,  247,  21,   0,   0, 
CP, 02, 2026081906, 03, AVNO,  66, 139N, 1468W,  73,  977, XX,  50, NEQ,   33,   34,   29,   36, 1009,  247,  21,   0,   0, 
CP, 02, 2026081906, 03, AVNO,  66, 139N, 1468W,  73,  977, XX,  64, NEQ,   25,    0,    0,    0, 1009,  247,  21,   0,   0, 
CP, 02, 2026081906, 03, AVNO,  72, 146N, 1477W,  67,  973, XX,  34, NEQ,  101,   73,   64,  123, 1009,  115,  17,   0,   0, 
CP, 02, 2026081906, 03, AVNO,  72, 146N, 1477W,  67,  973, XX,  50, NEQ,   49,   42,   37,   44, 1009,  115,  17,   0,   0, 
CP, 02, 2026081906, 03, AVNO,  72, 146N, 1477W,  67,  973, XX,  64, NEQ,   30,    0,   26,   22, 1009,  115,  17,   0,   0, 
CP, 02, 2026081906, 03, AVNO,  78, 154N, 1487W,  72,  968, XX,  34, NEQ,  103,   70,   76,   97, 1008,  171,  20,   0,   0, 
CP, 02, 2026081906, 03, AVNO,  78, 154N, 1487W,  72,  968, XX,  50, NEQ,   53,   41,   38,   55, 1008,  171,  20,   0,   0, 
CP, 02, 2026081906, 03, AVNO,  78, 154N, 1487W,  72,  968, XX,  64, NEQ,   32,   29,   24,   30, 1008,  171,  20,   0,   0, 
CP, 02, 2026081906, 03, AVNO,  84, 161N, 1498W,  80,  970, XX,  34, NEQ,  120,   73,   76,  112,  998,   44,  24,   0,   0, 
CP, 02, 2026081906, 03, AVNO,  84, 161N, 1498W,  80,  970, XX,  50, NEQ,   59,   44,   44,   55,  998,   44,  24,   0,   0, 
CP, 02, 2026081906, 03, AVNO,  84, 161N, 1498W,  80,  970, XX,  64, NEQ,   36,   30,   33,   33,  998,   44,  24,   0,   0, 
CP, 02, 2026081906, 03, AVNO,  90, 169N, 1509W,  75,  972, XX,  34, NEQ,  116,   65,   81,  111,  992,   33,  22,   0,   0, 
CP, 02, 2026081906, 03, AVNO,  90, 169N, 1509W,  75,  972, XX,  50, NEQ,   51,   38,   39,   55,  992,   33,  22,   0,   0, 
CP, 02, 2026081906, 03, AVNO,  90, 169N, 1509W,  75,  972, XX,  64, NEQ,   29,   23,   25,   36,  992,   33,  22,   0,   0, 
CP, 02, 2026081906, 03, AVNO,  96, 174N, 1520W,  81,  972, XX,  34, NEQ,  123,   62,   74,  110, 1008,   98,  19,   0,   0, 
CP, 02, 2026081906, 03, AVNO,  96, 174N, 1520W,  81,  972, XX,  50, NEQ,   56,   35,   38,   54, 1008,   98,  19,   0,   0, 
CP, 02, 2026081906, 03, AVNO,  96, 174N, 1520W,  81,  972, XX,  64, NEQ,   37,    0,   23,   38, 1008,   98,  19,   0,   0, 
CP, 02, 2026081906, 03, AVNO, 102, 178N, 1531W,  69,  977, XX,  34, NEQ,  125,   63,   97,  136,  993,   32,  25,   0,   0, 
CP, 02, 2026081906, 03, AVNO, 102, 178N, 1531W,  69,  977, XX,  50, NEQ,   53,   35,   41,   49,  993,   32,  25,   0,   0, 
CP, 02, 2026081906, 03, AVNO, 102, 178N, 1531W,  69,  977, XX,  64, NEQ,   29,    0,   26,   31,  993,   32,  25,   0,   0, 
CP, 02, 2026081906, 03, AVNO, 108, 180N, 1541W,  73,  978, XX,  34, NEQ,  110,   64,   73,  184, 1010,  107,  28,   0,   0, 
CP, 02, 2026081906, 03, AVNO, 108, 180N, 1541W,  73,  978, XX,  50, NEQ,   50,   27,   31,   50, 1010,  107,  28,   0,   0, 
CP, 02, 2026081906, 03, AVNO, 108, 180N, 1541W,  73,  978, XX,  64, NEQ,   31,    0,    0,   32, 1010,  107,  28,   0,   0, 
CP, 02, 2026081906, 03, AVNO, 114, 181N, 1549W,  69,  979, XX,  34, NEQ,   91,   55,   49,  160, 1007,   91,  28,   0,   0, 
CP, 02, 2026081906, 03, AVNO, 114, 181N, 1549W,  69,  979, XX,  50, NEQ,   38,   36,   36,   50, 1007,   91,  28,   0,   0, 
CP, 02, 2026081906, 03, AVNO, 114, 181N, 1549W,  69,  979, XX,  64, NEQ,    0,   26,   27,   31, 1007,   91,  28,   0,   0, 
CP, 02, 2026081906, 03, AVNO, 120, 186N, 1557W,  58,  987, XX,  34, NEQ,  100,   55,   36,  119, 1007,   85,   9,   0,   0, 
CP, 02, 2026081906, 03, AVNO, 120, 186N, 1557W,  58,  987, XX,  50, NEQ,   26,   22,    0,   25, 1007,   85,   9,   0,   0, 
CP, 02, 2026081906, 03, AVNO, 126, 192N, 1570W,  44, 1000, XX,  34, NEQ,   88,   56,    0,  127, 1008,  117,  32,   0,   0, 
CP, 02, 2026081906, 03, AVNO, 132, 192N, 1583W,  36, 1004, XX,  34, NEQ,   77,    0,    0,   55, 1008,   61,  42,   0,   0, 
CP, 02, 2026081906, 03, AVNO, 138, 196N, 1592W,  39, 1004, XX,  34, NEQ,    0,    0,    0,   45, 1008,   74,  44,   0,   0, 
CP, 02, 2026081906, 03, AVNO, 144, 196N, 1604W,  35, 1005, XX,  34, NEQ,    0,    0,    0,   53, 1009,   94,  52,   0,   0, 
CP, 02, 2026081906, 03, AVNO, 150, 195N, 1614W,  30, 1005, XX,  34, NEQ,    0,    0,    0,    0, 1009,   75,  91,   0,   0, 
CP, 02, 2026081906, 03, AVNO, 156, 196N, 1623W,  29, 1006, XX,  34, NEQ,    0,    0,    0,    0, 1010,   99,  55,   0,   0, 
CP, 02, 2026081906, 03, AVNO, 162, 197N, 1634W,  26, 1006, XX,  34, NEQ,    0,    0,    0,    0, 1010,  120, 159,   0,   0, 
CP, 02, 2026081906, 03, AVNO, 168, 197N, 1644W,  26, 1007, XX,  34, NEQ,    0,    0,    0,    0, 1011,  141, 142,   0,   0, 
CP, 02, 2026081906, 03, AVNO, 174, 199N, 1654W,  24, 1007, XX,  34, NEQ,    0,    0,    0,    0,  -99,  -99, 111,   0,   0, 
CP, 02, 2026081906, 03, AVNO, 180, 203N, 1664W,  24, 1008, XX,  34, NEQ,    0,    0,    0,    0,  -99,  -99,  87,   0,   0, 
CP, 02, 2026081906, 03, AVNO, 186, 208N, 1675W,  27, 1008, XX,  34, NEQ,    0,    0,    0,    0,  -99,  -99, 142,   0,   0, 
CP, 02, 2026081906, 03, AVNO, 192, 213N, 1682W,  31, 1008, XX,  34, NEQ,    0,    0,    0,    0,  -99,  -99,  32,   0,   0, 
CP, 02, 2026081906, 03, AVNO, 198, 216N, 1689W,  34, 1006, XX,  34, NEQ,    0,    0,    0,    0,  -99,  -99,  55,   0,   0, 
CP, 02, 2026081906, 03, AVNO, 204, 218N, 1698W,  28, 1009, XX,  34, NEQ,    0,    0,    0,    0,  -99,  -99,  54,   0,   0, 
CP, 02, 2026081906, 03, AVNO, 210, 221N, 1711W,  27, 1009, XX,  34, NEQ,    0,    0,    0,    0,  -99,  -99,  46,   0,   0, 
CP, 02, 2026081906, 03, AVNO, 216, 221N, 1722W,  24, 1009, XX,  34, NEQ,    0,    0,    0,    0,  -99,  -99,  99,   0,   0, 
CP, 02, 2026081906, 03, AVNO, 222, 222N, 1731W,  22, 1009, XX,  34, NEQ,    0,    0,    0,    0,  -99,  -99, 110,   0,   0, 
CP, 02, 2026081906, 03, AVNO, 228, 224N, 1741W,  22, 1010, XX,  34, NEQ,    0,    0,    0,    0,  -99,  -99, 130,   0,   0, 
CP, 02, 2026081906, 03, AVNO, 234, 226N, 1750W,  20, 1010, XX,  34, NEQ,    0,    0,    0,    0,  -99,  -99,  50,   0,   0, 
CP, 02, 2026081906, 03, AVNO, 240, 228N, 1760W,  19, 1010, XX,  34, NEQ,    0,    0,    0,    0,  -99,  -99, 160,   0,   0, 
CP, 02, 2026081906, 03, HCCA,   0,  90N, 1360W,  25,    0,   ,   0,    ,    0,    0,    0,    0, 
CP, 02, 2026081906, 03, HFSA,   0,  91N, 1362W,  25, 1009, XX,  34, NEQ,    0,    0,    0,    0,  -99,  -99, 124,   0,   0,    ,   0,    , 263,  11,           ,  ,  0,    ,    0,    0,    0,    0, THERMO PARAMS, 49, -49, 16, N, 10, DT, -999, SHR82, -99, 
CP, 02, 2026081906, 03, HFSA,   6,  92N, 1362W,  46, 1005, XX,  34, NEQ,    0,    0,    0,    0,  -99,  -99, 160,   0,   0,    ,   0,    , 263,   8,           ,  ,  0,    ,    0,    0,    0,    0, THERMO PARAMS, 84, 95, -247, N, 10, DT, -999, SHR82, -99, 
CP, 02, 2026081906, 03, HFSA,  12, 101N, 1381W,  51, 1000, XX,  34, NEQ,   86,    0,    0,   34, 1004,    6,  51,   0,   0,    ,   0,    , 285,  22,           ,  ,  0,    ,    0,    0,    0,    0, THERMO PARAMS, 62, 509, 311, N, 10, DT, -999, SHR82, -99, 
CP, 02, 2026081906, 03, HFSA,  18, 106N, 1394W,  33, 1004, XX,  34, NEQ,    0,    0,    0,    0, 1008,  105,  36,   0,   0,    ,   0,    , 286,  14,           ,  ,  0,    ,    0,    0,    0,    0, THERMO PARAMS, 34, -132, 225, N, 10, DT, -999, SHR82, -99, 
CP, 02, 2026081906, 03, HFSA,  24, 108N, 1405W,  36, 1003, XX,  34, NEQ,    0,    0,    0,    0,  -99,  -99,  56,   0,   0,    ,   0,    , 281,  12,           ,  ,  0,    ,    0,    0,    0,    0, THERMO PARAMS, 6, 215, 344, N, 10, DT, -999, SHR82, -99, 
CP, 02, 2026081906, 03, HFSA,  30, 110N, 1418W,  34, 1001, XX,  34, NEQ,    0,    0,    0,    0, 1005,   26,  11,   0,   0,    ,   0,    , 288,   9,           ,  ,  0,    ,    0,    0,    0,    0, THERMO PARAMS, 28, 61, 302, N, 10, DT, -999, SHR82, -99, 
CP, 02, 2026081906, 03, HFSA,  36, 116N, 1423W,  39, 1002, XX,  34, NEQ,   32,   21,    0,    0, 1006,   19,  20,   0,   0,    ,   0,    , 318,  10,           ,  ,  0,    ,    0,    0,    0,    0, THERMO PARAMS, -10, 24, 371, N, 10, DT, -999, SHR82, -99, 
CP, 02, 2026081906, 03, HFSA,  42, 122N, 1438W,  43,  997, XX,  34, NEQ,  102,    0,    0,   91, 1001,   10,  64,   0,   0,    ,   0,    , 289,  10,           ,  ,  0,    ,    0,    0,    0,    0, THERMO PARAMS, -3, 641, 289, N, 10, DT, -999, SHR82, -99, 
CP, 02, 2026081906, 03, HFSA,  48, 123N, 1448W,  44,  997, XX,  34, NEQ,   97,   21,    0,   89, 1001,   14,  74,   0,   0,    ,   0,    , 265,   7,           ,  ,  0,    ,    0,    0,    0,    0, THERMO PARAMS, -30, 200, 602, N, 10, DT, -999, SHR82, -99, 
CP, 02, 2026081906, 03, HFSA,  54, 125N, 1459W,  48,  992, XX,  34, NEQ,  100,   73,   45,   83, 1000,   28,  22,   0,   0,    ,   0,    , 274,  10,           ,  ,  0,    ,    0,    0,    0,    0, THERMO PARAMS, -12, 791, 935, N, 10, DT, -999, SHR82, -99, 
CP, 02, 2026081906, 03, HFSA,  60, 129N, 1468W,  47,  991, XX,  34, NEQ,   94,   63,   37,   91, 1003,   38,  34,   0,   0,    ,   0,    , 286,  10,           ,  ,  0,    ,    0,    0,    0,    0, THERMO PARAMS, -32, 628, 930, N, 10, DT, -999, SHR82, -99, 
CP, 02, 2026081906, 03, HFSA,  66, 136N, 1477W,  55,  985, XX,  34, NEQ,  120,   60,   47,   74, 1001,   39,  27,   0,   0,    ,   0,    , 299,  12,           ,  ,  0,    ,    0,    0,    0,    0, THERMO PARAMS, -37, 1015, 1277, N, 10, DT, -999, SHR82, -99, 
CP, 02, 2026081906, 03, HFSA,  66, 136N, 1477W,  55,  985, XX,  50, NEQ,   32,    0,    0,   29, 1001,   39,  27,   0,   0,    ,   0,    , 299,  12,           ,  ,  0,    ,    0,    0,    0,    0, THERMO PARAMS, -37, 1015, 1277, N, 10, DT, -999, SHR82, -99, 
CP, 02, 2026081906, 03, HFSA,  72, 142N, 1489W,  67,  982, XX,  34, NEQ,  128,   42,   63,   99,  998,   27,  14,   0,   0,    ,   0,    , 287,  12,           ,  ,  0,    ,    0,    0,    0,    0, THERMO PARAMS, -46, 1679, 1291, N, 10, DT, -999, SHR82, -99, 
CP, 02, 2026081906, 03, HFSA,  72, 142N, 1489W,  67,  982, XX,  50, NEQ,   24,   24,   32,   49,  998,   27,  14,   0,   0,    ,   0,    , 287,  12,           ,  ,  0,    ,    0,    0,    0,    0, THERMO PARAMS, -46, 1679, 1291, N, 10, DT, -999, SHR82, -99, 
CP, 02, 2026081906, 03, HFSA,  72, 142N, 1489W,  67,  982, XX,  64, NEQ,   18,    0,    0,    0,  998,   27,  14,   0,   0,    ,   0,    , 287,  12,           ,  ,  0,    ,    0,    0,    0,    0, THERMO PARAMS, -46, 1679, 1291, N, 10, DT, -999, SHR82, -99, 
CP, 02, 2026081906, 03, HFSA,  78, 149N, 1500W,  70,  978, XX,  34, NEQ,  126,   57,   70,   99, 1006,   74,  11,   0,   0,    ,   0,    , 300,  12,           ,  ,  0,    ,    0,    0,    0,    0, THERMO PARAMS, -17, 1149, 1260, N, 10, DT, -999, SHR82, -99, 
CP, 02, 2026081906, 03, HFSA,  78, 149N, 1500W,  70,  978, XX,  50, NEQ,   34,   29,   28,   32, 1006,   74,  11,   0,   0,    ,   0,    , 300,  12,           ,  ,  0,    ,    0,    0,    0,    0, THERMO PARAMS, -17, 1149, 1260, N, 10, DT, -999, SHR82, -99, 
CP, 02, 2026081906, 03, HFSA,  78, 149N, 1500W,  70,  978, XX,  64, NEQ,   23,    0,   16,   16, 1006,   74,  11,   0,   0,    ,   0,    , 300,  12,           ,  ,  0,    ,    0,    0,    0,    0, THERMO PARAMS, -17, 1149, 1260, N, 10, DT, -999, SHR82, -99, 
CP, 02, 2026081906, 03, HFSA,  84, 155N, 1512W,  79,  978, XX,  34, NEQ,  125,   53,   63,  115, 1006,   63,  16,   0,   0,    ,   0,    , 291,  12,           ,  ,  0,    ,    0,    0,    0,    0, THERMO PARAMS, -38, 1669, 1510, N, 10, DT, -999, SHR82, -99, 
CP, 02, 2026081906, 03, HFSA,  84, 155N, 1512W,  79,  978, XX,  50, NEQ,   53,   26,   24,   44, 1006,   63,  16,   0,   0,    ,   0,    , 291,  12,           ,  ,  0,    ,    0,    0,    0,    0, THERMO PARAMS, -38, 1669, 1510, N, 10, DT, -999, SHR82, -99, 
CP, 02, 2026081906, 03, HFSA,  84, 155N, 1512W,  79,  978, XX,  64, NEQ,   23,    0,   16,   23, 1006,   63,  16,   0,   0,    ,   0,    , 291,  12,           ,  ,  0,    ,    0,    0,    0,    0, THERMO PARAMS, -38, 1669, 1510, N, 10, DT, -999, SHR82, -99, 
CP, 02, 2026081906, 03, HFSA,  90, 162N, 1524W,  85,  974, XX,  34, NEQ,  142,   79,   71,  100,  998,   34,  12,   0,   0,    ,   0,    , 291,  13,           ,  ,  0,    ,    0,    0,    0,    0, THERMO PARAMS, -48, 1720, 1880, N, 10, DT, -999, SHR82, -99, 
CP, 02, 2026081906, 03, HFSA,  90, 162N, 1524W,  85,  974, XX,  50, NEQ,   49,   28,   23,   37,  998,   34,  12,   0,   0,    ,   0,    , 291,  13,           ,  ,  0,    ,    0,    0,    0,    0, THERMO PARAMS, -48, 1720, 1880, N, 10, DT, -999, SHR82, -99, 
CP, 02, 2026081906, 03, HFSA,  90, 162N, 1524W,  85,  974, XX,  64, NEQ,   26,    0,   18,   26,  998,   34,  12,   0,   0,    ,   0,    , 291,  13,           ,  ,  0,    ,    0,    0,    0,    0, THERMO PARAMS, -48, 1720, 1880, N, 10, DT, -999, SHR82, -99, 
CP, 02, 2026081906, 03, HFSA,  96, 165N, 1536W,  93,  971, XX,  34, NEQ,  152,   62,   78,  108, 1003,   49,  12,   0,   0,    ,   0,    , 280,  12,           ,  ,  0,    ,    0,    0,    0,    0, THERMO PARAMS, -31, 1278, 1822, N, 10, DT, -999, SHR82, -99, 
CP, 02, 2026081906, 03, HFSA,  96, 165N, 1536W,  93,  971, XX,  50, NEQ,   50,   24,   37,   65, 1003,   49,  12,   0,   0,    ,   0,    , 280,  12,           ,  ,  0,    ,    0,    0,    0,    0, THERMO PARAMS, -31, 1278, 1822, N, 10, DT, -999, SHR82, -99, 
CP, 02, 2026081906, 03, HFSA,  96, 165N, 1536W,  93,  971, XX,  64, NEQ,   29,   13,   19,   29, 1003,   49,  12,   0,   0,    ,   0,    , 280,  12,           ,  ,  0,    ,    0,    0,    0,    0, THERMO PARAMS, -31, 1278, 1822, N, 10, DT, -999, SHR82, -99, 
CP, 02, 2026081906, 03, HFSA, 102, 168N, 1550W,  90,  967, XX,  34, NEQ,  136,   62,   76,  212, 1003,   58,  11,   0,   0,    ,   0,    , 279,  12,           ,  ,  0,    ,    0,    0,    0,    0, THERMO PARAMS, -16, 1497, 2152, N, 10, DT, -999, SHR82, -99, 
CP, 02, 2026081906, 03, HFSA, 102, 168N, 1550W,  90,  967, XX,  50, NEQ,   47,   28,   36,   66, 1003,   58,  11,   0,   0,    ,   0,    , 279,  12,           ,  ,  0,    ,    0,    0,    0,    0, THERMO PARAMS, -16, 1497, 2152, N, 10, DT, -999, SHR82, -99, 
CP, 02, 2026081906, 03, HFSA, 102, 168N, 1550W,  90,  967, XX,  64, NEQ,   29,   18,   23,   31, 1003,   58,  11,   0,   0,    ,   0,    , 279,  12,           ,  ,  0,    ,    0,    0,    0,    0, THERMO PARAMS, -16, 1497, 2152, N, 10, DT, -999, SHR82, -99, 
CP, 02, 2026081906, 03, HFSA, 108, 170N, 1564W,  91,  968, XX,  34, NEQ,  196,   57,   57,  191,  996,   29,  12,   0,   0,    ,   0,    , 274,  13,           ,  ,  0,    ,    0,    0,    0,    0, THERMO PARAMS, -3, 1652, 2143, N, 10, DT, -999, SHR82, -99, 
CP, 02, 2026081906, 03, HFSA, 108, 170N, 1564W,  91,  968, XX,  50, NEQ,   52,   31,   31,   53,  996,   29,  12,   0,   0,    ,   0,    , 274,  13,           ,  ,  0,    ,    0,    0,    0,    0, THERMO PARAMS, -3, 1652, 2143, N, 10, DT, -999, SHR82, -99, 
CP, 02, 2026081906, 03, HFSA, 108, 170N, 1564W,  91,  968, XX,  64, NEQ,   23,   23,   23,   32,  996,   29,  12,   0,   0,    ,   0,    , 274,  13,           ,  ,  0,    ,    0,    0,    0,    0, THERMO PARAMS, -3, 1652, 2143, N, 10, DT, -999, SHR82, -99, 
CP, 02, 2026081906, 03, HFSA, 114, 174N, 1577W,  88,  966, XX,  34, NEQ,  188,   62,   58,   83, 1002,   46,  13,   0,   0,    ,   0,    , 282,  12,           ,  ,  0,    ,    0,    0,    0,    0, THERMO PARAMS, -1, 1432, 2167, N, 10, DT, -999, SHR82, -99, 
CP, 02, 2026081906, 03, HFSA, 114, 174N, 1577W,  88,  966, XX,  50, NEQ,   34,   36,   31,   37, 1002,   46,  13,   0,   0,    ,   0,    , 282,  12,           ,  ,  0,    ,    0,    0,    0,    0, THERMO PARAMS, -1, 1432, 2167, N, 10, DT, -999, SHR82, -99, 
CP, 02, 2026081906, 03, HFSA, 114, 174N, 1577W,  88,  966, XX,  64, NEQ,   23,   24,   19,   23, 1002,   46,  13,   0,   0,    ,   0,    , 282,  12,           ,  ,  0,    ,    0,    0,    0,    0, THERMO PARAMS, -1, 1432, 2167, N, 10, DT, -999, SHR82, -99, 
CP, 02, 2026081906, 03, HFSA, 120, 178N, 1590W,  96,  962, XX,  34, NEQ,  100,   66,   50,  100, 1002,   44,  11,   0,   0,    ,   0,    , 276,  12,           ,  ,  0,    ,    0,    0,    0,    0, THERMO PARAMS, 5, 1602, 2530, N, 10, DT, -999, SHR82, -99, 
CP, 02, 2026081906, 03, HFSA, 120, 178N, 1590W,  96,  962, XX,  50, NEQ,   40,   31,   26,   40, 1002,   44,  11,   0,   0,    ,   0,    , 276,  12,           ,  ,  0,    ,    0,    0,    0,    0, THERMO PARAMS, 5, 1602, 2530, N, 10, DT, -999, SHR82, -99, 
CP, 02, 2026081906, 03, HFSA, 120, 178N, 1590W,  96,  962, XX,  64, NEQ,   24,   23,   21,   28, 1002,   44,  11,   0,   0,    ,   0,    , 276,  12,           ,  ,  0,    ,    0,    0,    0,    0, THERMO PARAMS, 5, 1602, 2530, N, 10, DT, -999, SHR82, -99, 
CP, 02, 2026081906, 03, HFSA, 126, 181N, 1606W, 102,  959, XX,  34, NEQ,  105,   87,   58,  113,  999,   39,  11,   0,   0,    ,   0,    , -99, -99,           ,  ,  0,    ,    0,    0,    0,    0, THERMO PARAMS, -9, 1718, 2649, N, 10, DT, -999, SHR82, -99, 
CP, 02, 2026081906, 03, HFSA, 126, 181N, 1606W, 102,  959, XX,  50, NEQ,   40,   34,   29,   44,  999,   39,  11,   0,   0,    ,   0,    , -99, -99,           ,  ,  0,    ,    0,    0,    0,    0, THERMO PARAMS, -9, 1718, 2649, N, 10, DT, -999, SHR82, -99, 
CP, 02, 2026081906, 03, HFSA, 126, 181N, 1606W, 102,  959, XX,  64, NEQ,   26,   24,   23,   28,  999,   39,  11,   0,   0,    ,   0,    , -99, -99,           ,  ,  0,    ,    0,    0,    0,    0, THERMO PARAMS, -9, 1718, 2649, N, 10, DT, -999, SHR82, -99, 
CP, 02, 2026081912, 03,  UKX,   0,  98N, 1372W,  21, 1008, XX,  34, NEQ,    0,    0,    0,    0, 
CP, 02, 2026081912, 03,  UKX,   6, 101N, 1386W,  18, 1010, XX,  34, NEQ,    0,    0,    0,    0, 
CP, 02, 2026081912, 03,  UKX,  12, 106N, 1401W,  20, 1008, XX,  34, NEQ,    0,    0,    0,    0, 
CP, 02, 2026081912, 03,  UKX,  18, 112N, 1411W,  23, 1010, XX,  34, NEQ,    0,    0,    0,    0, 
CP, 02, 2026081912, 03,  UKX,  24, 117N, 1425W,  25, 1007, XX,  34, NEQ,    0,    0,    0,    0, 
CP, 02, 2026081912, 03,  UKX,  30, 121N, 1435W,  28, 1009, XX,  34, NEQ,    0,    0,    0,    0, 
CP, 02, 2026081912, 03,  UKX,  36, 126N, 1446W,  28, 1006, XX,  34, NEQ,    0,    0,    0,    0, 
CP, 02, 2026081912, 03,  UKX,  42, 130N, 1456W,  30, 1008, XX,  34, NEQ,    0,    0,    0,    0, 
CP, 02, 2026081912, 03,  UKX,  48, 131N, 1469W,  30, 1006, XX,  34, NEQ,    0,    0,    0,    0, 
CP, 02, 2026081912, 03,  UKX,  54, 134N, 1480W,  33, 1007, XX,  34, NEQ,    0,    0,    0,    0, 
CP, 02, 2026081912, 03,  UKX,  60, 137N, 1491W,  31, 1005, XX,  34, NEQ,    0,    0,    0,    0, 
CP, 02, 2026081912, 03,  UKX,  66, 139N, 1500W,  33, 1007, XX,  34, NEQ,    0,    0,    0,    0, 
CP, 02, 2026081912, 03,  UKX,  72, 141N, 1512W,  31, 1006, XX,  34, NEQ,    0,    0,    0,    0, 
CP, 02, 2026081912, 03,  UKX,  78, 142N, 1524W,  32, 1008, XX,  34, NEQ,    0,    0,    0,    0, 
CP, 02, 2026081912, 03,  UKX,  84, 141N, 1539W,  32, 1006, XX,  34, NEQ,    0,    0,    0,    0, 
CP, 02, 2026081912, 03,  UKX,  90, 141N, 1553W,  30, 1008, XX,  34, NEQ,    0,    0,    0,    0, 
CP, 02, 2026081912, 03,  UKX,  96, 144N, 1568W,  30, 1007, XX,  34, NEQ,    0,    0,    0,    0, 
CP, 02, 2026081912, 03,  UKX, 102, 146N, 1584W,  31, 1008, XX,  34, NEQ,    0,    0,    0,    0, 
CP, 02, 2026081912, 03,  UKX, 108, 146N, 1600W,  31, 1007, XX,  34, NEQ,    0,    0,    0,    0, 
CP, 02, 2026081912, 03,  UKX, 114, 144N, 1614W,  29, 1008, XX,  34, NEQ,    0,    0,    0,    0, 
CP, 02, 2026081912, 03,  UKX, 120, 145N, 1627W,  27, 1006, XX,  34, NEQ,    0,    0,    0,    0, 
CP, 02, 2026081912, 03,  UKX, 126, 148N, 1640W,  29, 1007, XX,  34, NEQ,    0,    0,    0,    0, 
CP, 02, 2026081912, 03,  UKX, 132, 149N, 1653W,  28, 1006, XX,  34, NEQ,    0,    0,    0,    0, 
CP, 02, 2026081912, 03,  UKX, 138, 150N, 1663W,  30, 1006, XX,  34, NEQ,    0,    0,    0,    0, 
CP, 02, 2026081912, 03,  UKX, 144, 152N, 1676W,  30, 1006, XX,  34, NEQ,    0,    0,    0,    0, 
CP, 02, 2026081912, 03, AVNO,   0,  96N, 1362W,  24, 1007, XX,  34, NEQ,    0,    0,    0,    0,  -99,  -99,  85,   0,   0, 
CP, 02, 2026081912, 03, AVNO,   6, 101N, 1373W,  22, 1010, XX,  34, NEQ,    0,    0,    0,    0,  -99,  -99, 158,   0,   0, 
CP, 02, 2026081912, 03, AVNO,  12, 107N, 1393W,  18, 1008, XX,  34, NEQ,    0,    0,    0,    0,  -99,  -99, 153,   0,   0, 
CP, 02, 2026081912, 03, AVNO,  18, 114N, 1409W,  26, 1005, XX,  34, NEQ,    0,    0,    0,    0, 1009,   11,  95,   0,   0, 
CP, 02, 2026081912, 03, AVNO,  24, 112N, 1419W,  24, 1007, XX,  34, NEQ,    0,    0,    0,    0,  -99,  -99, 153,   0,   0, 
CP, 02, 2026081912, 03, AVNO,  30, 120N, 1430W,  29, 1006, XX,  34, NEQ,    0,    0,    0,    0, 1010,   60,  46,   0,   0, 
CP, 02, 2026081912, 03, AVNO,  36, 120N, 1440W,  26, 1004, XX,  34, NEQ,    0,    0,    0,    0, 1008,   69, 139,   0,   0, 
CP, 02, 2026081912, 03, AVNO,  42, 123N, 1448W,  38, 1004, XX,  34, NEQ,  130,    0,    0,  132, 1008,   51, 103,   0,   0, 
CP, 02, 2026081912, 03, AVNO,  48, 128N, 1457W,  35, 1002, XX,  34, NEQ,   56,    0,    0,    0, 1010,  395,  55,   0,   0, 
CP, 02, 2026081912, 03, AVNO,  54, 131N, 1468W,  39,  999, XX,  34, NEQ,   58,    0,    0,    0, 1011,  175,  41,   0,   0, 
CP, 02, 2026081912, 03, AVNO,  60, 135N, 1477W,  46,  996, XX,  34, NEQ,   53,   39,   33,   46, 1008,  104,  33,   0,   0, 
CP, 02, 2026081912, 03, AVNO,  66, 141N, 1484W,  43,  997, XX,  34, NEQ,  144,   22,   41,  145, 1009,  115,  24,   0,   0, 
CP, 02, 2026081912, 03, AVNO,  72, 147N, 1494W,  48,  995, XX,  34, NEQ,   73,    0,   39,   77, 1011, 1676,  19,   0,   0, 
CP, 02, 2026081912, 03, AVNO,  78, 151N, 1504W,  44,  997, XX,  34, NEQ,   79,   35,   40,   72, 1009,   75,  55,   0,   0, 
CP, 02, 2026081912, 03, AVNO,  84, 157N, 1515W,  47,  996, XX,  34, NEQ,   90,   48,   30,   79, 1008,   79,  35,   0,   0, 
CP, 02, 2026081912, 03, AVNO,  90, 161N, 1529W,  47,  998, XX,  34, NEQ,   92,   36,   40,   73, 1010,  293,  25,   0,   0, 
CP, 02, 2026081912, 03, AVNO,  96, 163N, 1543W,  48,  997, XX,  34, NEQ,   82,   45,   44,   68, 1009,  111,  34,   0,   0, 
CP, 02, 2026081912, 03, AVNO, 102, 162N, 1556W,  45, 1001, XX,  34, NEQ,   63,    0,    0,   73, 1009,   65,  33,   0,   0, 
CP, 02, 2026081912, 03, AVNO, 108, 161N, 1570W,  39, 1001, XX,  34, NEQ,   51,    0,    0,   45, 1009,   77,  30,   0,   0, 
CP, 02, 2026081912, 03, AVNO, 114, 160N, 1579W,  35, 1003, XX,  34, NEQ,   64,    0,    0,   46, 1007,   33,  46,   0,   0, 
CP, 02, 2026081912, 03, AVNO, 120, 162N, 1591W,  40, 1000, XX,  34, NEQ,   50,    0,    0,   43, 1008,   70,  35,   0,   0, 
CP, 02, 2026081912, 03, AVNO, 126, 162N, 1601W,  36, 1003, XX,  34, NEQ,   30,    0,    0,   20, 1011,  137,  20,   0,   0, 
CP, 02, 2026081912, 03, AVNO, 132, 164N, 1613W,  33, 1003, XX,  34, NEQ,    0,    0,    0,    0, 1007,   35,  25,   0,   0, 
CP, 02, 2026081912, 03, AVNO, 138, 166N, 1621W,  33, 1003, XX,  34, NEQ,    0,    0,    0,    0, 1007,   37,  27,   0,   0, 
CP, 02, 2026081912, 03, AVNO, 144, 167N, 1631W,  43, 1001, XX,  34, NEQ,   46,    0,    0,   38, 1009,  112,  31,   0,   0, 
CP, 02, 2026081912, 03, AVNO, 150, 167N, 1638W,  44, 1001, XX,  34, NEQ,   54,    0,    0,   50, 1009,   75,  22,   0,   0, 
CP, 02, 2026081912, 03, AVNO, 156, 168N, 1648W,  36, 1002, XX,  34, NEQ,   48,    0,    0,   46, 1010,  135,  29,   0,   0, 
CP, 02, 2026081912, 03, AVNO, 162, 168N, 1657W,  38, 1003, XX,  34, NEQ,   68,    0,    0,   44, 1007,   31,  39,   0,   0, 
CP, 02, 2026081912, 03, AVNO, 168, 167N, 1666W,  32, 1004, XX,  34, NEQ,    0,    0,    0,    0, 1008,   42,  47,   0,   0, 
CP, 02, 2026081912, 03, AVNO, 174, 168N, 1673W,  29, 1005, XX,  34, NEQ,    0,    0,    0,    0, 1009,   57, 128,   0,   0, 
CP, 02, 2026081912, 03, AVNO, 180, 171N, 1682W,  26, 1006, XX,  34, NEQ,    0,    0,    0,    0, 1010,   77,  38,   0,   0, 
CP, 02, 2026081912, 03, AVNO, 186, 174N, 1690W,  27, 1006, XX,  34, NEQ,    0,    0,    0,    0, 1010,  117,  33,   0,   0, 
CP, 02, 2026081912, 03, AVNO, 192, 176N, 1698W,  26, 1007, XX,  34, NEQ,    0,    0,    0,    0,  -99,  -99,  36,   0,   0, 
CP, 02, 2026081912, 03, AVNO, 198, 179N, 1706W,  24, 1008, XX,  34, NEQ,    0,    0,    0,    0,  -99,  -99,  38,   0,   0, 
CP, 02, 2026081912, 03, AVNO, 204, 181N, 1714W,  22, 1008, XX,  34, NEQ,    0,    0,    0,    0,  -99,  -99,  22,   0,   0, 
CP, 02, 2026081912, 03, AVNO, 210, 184N, 1722W,  23, 1007, XX,  34, NEQ,    0,    0,    0,    0,  -99,  -99,  38,   0,   0, 
CP, 02, 2026081912, 03, AVNO, 216, 186N, 1731W,  22, 1007, XX,  34, NEQ,    0,    0,    0,    0,  -99,  -99,  58,   0,   0, 
CP, 02, 2026081912, 03, AVNO, 222, 190N, 1740W,  20, 1008, XX,  34, NEQ,    0,    0,    0,    0,  -99,  -99,  68,   0,   0, 
CP, 02, 2026081912, 03, AVNO, 228, 193N, 1749W,  19, 1008, XX,  34, NEQ,    0,    0,    0,    0,  -99,  -99, 112,   0,   0, 
CP, 02, 2026081912, 03, AVNO, 234, 197N, 1755W,  19, 1008, XX,  34, NEQ,    0,    0,    0,    0,  -99,  -99,  74,   0,   0, 
CP, 02, 2026081912, 03, AVNO, 240, 200N, 1762W,  20, 1008, XX,  34, NEQ,    0,    0,    0,    0,  -99,  -99, 102,   0,   0, 
CP, 02, 2026081912, 03, HCCA,   0,  94N, 1369W,  30,    0,   ,   0,    ,    0,    0,    0,    0, 
CP, 02, 2026081912, 03, HCCA,  12, 102N, 1393W,  41,    0,   ,   0,    ,    0,    0,    0,    0, 
CP, 02, 2026081912, 03, HCCA,  24, 109N, 1417W,  45,    0,   ,   0,    ,    0,    0,    0,    0, 
CP, 02, 2026081912, 03, HCCA,  36, 117N, 1436W,  54,    0,   ,   0,    ,    0,    0,    0,    0, 
CP, 02, 2026081912, 03, HCCA,  48, 124N, 1455W,  68,    0,   ,   0,    ,    0,    0,    0,    0, 
CP, 02, 2026081912, 03, HCCA,  60, 135N, 1473W,  78,    0,   ,   0,    ,    0,    0,    0,    0, 
CP, 02, 2026081912, 03, HCCA,  72, 148N, 1492W,  88,    0,   ,   0,    ,    0,    0,    0,    0, 
CP, 02, 2026081912, 03, HCCA,  84, 161N, 1512W,  89,    0,   ,   0,    ,    0,    0,    0,    0, 
CP, 02, 2026081912, 03, HCCA,  96, 170N, 1534W,  84,    0,   ,   0,    ,    0,    0,    0,    0, 
CP, 02, 2026081912, 03, HCCA, 108, 176N, 1557W,  78,    0,   ,   0,    ,    0,    0,    0,    0, 
CP, 02, 2026081912, 03, HCCA, 120, 183N, 1581W,  71,    0,   ,   0,    ,    0,    0,    0,    0, 
CP, 02, 2026081912, 03, HCCA, 132, 185N, 1605W,  57,    0,   ,   0,    ,    0,    0,    0,    0, 
CP, 02, 2026081912, 03, HCCA, 144, 188N, 1628W,  53,    0,   ,   0,    ,    0,    0,    0,    0, 
CP, 02, 2026081912, 03, HCCA, 156, 191N, 1650W,  50,    0,   ,   0,    ,    0,    0,    0,    0, 
CP, 02, 2026081912, 03, HCCA, 168, 194N, 1670W,  48,    0,   ,   0,    ,    0,    0,    0,    0, 
CP, 02, 2026081912, 03, HFSA,   0,  93N, 1368W,  32, 1007, XX,  34, NEQ,    0,    0,    0,    0,  -99,  -99, 104,   0,   0,    ,   0,    , 271,  10,           ,  ,  0,    ,    0,    0,    0,    0, THERMO PARAMS, 67, -13, -85, N, 10, DT, -999, SHR82, -99, 
CP, 02, 2026081912, 03, HFSA,   6, 100N, 1378W,  43, 1009, XX,  34, NEQ,    0,    0,    0,    0,  -99,  -99, 106,   0,   0,    ,   0,    , 286,  12,           ,  ,  0,    ,    0,    0,    0,    0, THERMO PARAMS, 30, -320, -34, N, 10, DT, -999, SHR82, -99, 
CP, 02, 2026081912, 03, HFSA,  12, 112N, 1391W,  32, 1007, XX,  34, NEQ,    0,    0,    0,    0,  -99,  -99, 115,   0,   0,    ,   0,    , 286,   7,           ,  ,  0,    ,    0,    0,    0,    0, THERMO PARAMS, -9999, -9999, -9999, N, 10, DT, -999, SHR82, -99, 
CP, 02, 2026081912, 03, HFSA,  18, 115N, 1393W,  35, 1001, XX,  34, NEQ,    0,    0,    0,    0, 1005,    3,  18,   0,   0,    ,   0,    , 297,   7,           ,  ,  0,    ,    0,    0,    0,    0, THERMO PARAMS, -9999, -9999, -9999, N, 10, DT, -999, SHR82, -99, 
CP, 02, 2026081912, 03, HFSA,  24, 123N, 1407W,  35, 1004, XX,  34, NEQ,    0,    0,    0,    0,  -99,  -99,  85,   0,   0,    ,   0,    , 296,  11,           ,  ,  0,    ,    0,    0,    0,    0, THERMO PARAMS, -4, -127, 93, N, 10, DT, -999, SHR82, -99, 
CP, 02, 2026081912, 03, HFSA,  30, 120N, 1428W,  36, 1010, XX,  34, NEQ,    0,    0,    0,    0,  -99,  -99, 106,   0,   0,    ,   0,    , 256,  10,           ,  ,  0,    ,    0,    0,    0,    0, THERMO PARAMS, -9999, -9999, -9999, N, 10, DT, -999, SHR82, -99, 
CP, 02, 2026081912, 03, HFSA,  36, 124N, 1435W,  34, 1006, XX,  34, NEQ,    0,    0,    0,    0,  -99,  -99,  52,   0,   0,    ,   0,    , 287,  10,           ,  ,  0,    ,    0,    0,    0,    0, THERMO PARAMS, -18, -498, 398, N, 10, DT, -999, SHR82, -99, 
CP, 02, 2026081912, 03, HFSA,  42, 125N, 1440W,  36, 1007, XX,  34, NEQ,    0,    0,    0,    0,  -99,  -99, 139,   0,   0,    ,   0,    , 273,   8,           ,  ,  0,    ,    0,    0,    0,    0, THERMO PARAMS, -41, 135, 339, N, 10, DT, -999, SHR82, -99, 
CP, 02, 2026081912, 03, HFSA,  48, 125N, 1448W,  39, 1006, XX,  34, NEQ,    0,    0,    0,    0,  -99,  -99, 161,   0,   0,    ,   0,    , 263,  10,           ,  ,  0,    ,    0,    0,    0,    0, THERMO PARAMS, -32, -127, 213, N, 10, DT, -999, SHR82, -99, 
CP, 02, 2026081912, 03, HFSA,  54, 132N, 1455W,  38, 1006, XX,  34, NEQ,    0,    0,    0,    0,  -99,  -99, 144,   0,   0,    ,   0,    , 287,   9,           ,  ,  0,    ,    0,    0,    0,    0, THERMO PARAMS, -70, 427, 422, N, 10, DT, -999, SHR82, -99, 
CP, 02, 2026081912, 03, HFSA,  60, 133N, 1464W,  37, 1002, XX,  34, NEQ,    0,    0,    0,    0, 1006,   30,  90,   0,   0,    ,   0,    , 284,   8,           ,  ,  0,    ,    0,    0,    0,    0, THERMO PARAMS, -72, 255, 293, N, 10, DT, -999, SHR82, -99, 
CP, 02, 2026081912, 03, HFSA,  66, 137N, 1474W,  39, 1006, XX,  34, NEQ,    0,    0,    0,   73,  -99,  -99,  70,   0,   0,    ,   0,    , 289,   9,           ,  ,  0,    ,    0,    0,    0,    0, THERMO PARAMS, -86, 220, 586, N, 10, DT, -999, SHR82, -99, 
CP, 02, 2026081912, 03, HFSA,  72, 143N, 1482W,  46, 1004, XX,  34, NEQ,  107,    0,    0,    0,  -99,  -99,  33,   0,   0,    ,   0,    , 304,  10,           ,  ,  0,    ,    0,    0,    0,    0, THERMO PARAMS, -81, 725, 400, N, 10, DT, -999, SHR82, -99, 
CP, 02, 2026081912, 03, HFSA,  78, 147N, 1491W,  43, 1007, XX,  34, NEQ,  110,    0,    0,    0,  -99,  -99,  72,   0,   0,    ,   0,    , 293,  12,           ,  ,  0,    ,    0,    0,    0,    0, THERMO PARAMS, -113, 83, 422, N, 10, DT, -999, SHR82, -99, 
CP, 02, 2026081912, 03, HFSA,  84, 152N, 1500W,  40, 1004, XX,  34, NEQ,  100,    0,    0,   18,  -99,  -99,  99,   0,   0,    ,   0,    , 305,   9,           ,  ,  0,    ,    0,    0,    0,    0, THERMO PARAMS, -114, 654, 447, N, 10, DT, -999, SHR82, -99, 
CP, 02, 2026081912, 03, HFSA,  90, 160N, 1508W,  52, 1000, XX,  34, NEQ,   66,    0,    0,   83, 1008,   82,  28,   0,   0,    ,   0,    , 302,  10,           ,  ,  0,    ,    0,    0,    0,    0, THERMO PARAMS, -114, 678, 619, N, 10, DT, -999, SHR82, -99, 
CP, 02, 2026081912, 03, HFSA,  96, 162N, 1520W,  44, 1000, XX,  34, NEQ,   84,    0,    0,   50,  -99,  -99,  25,   0,   0,    ,   0,    , 282,  10,           ,  ,  0,    ,    0,    0,    0,    0, THERMO PARAMS, -142, 781, 425, N, 10, DT, -999, SHR82, -99, 
CP, 02, 2026081912, 03, HFSA, 102, 162N, 1529W,  48, 1004, XX,  34, NEQ,   87,    0,    0,   45,  -99,  -99,  63,   0,   0,    ,   0,    , 293,   9,           ,  ,  0,    ,    0,    0,    0,    0, THERMO PARAMS, -140, 572, 658, N, 10, DT, -999, SHR82, -99, 
CP, 02, 2026081912, 03, HFSA, 108, 163N, 1540W,  49, 1003, XX,  34, NEQ,   81,    0,    0,   29,  -99,  -99,  74,   0,   0,    ,   0,    , 274,   9,           ,  ,  0,    ,    0,    0,    0,    0, THERMO PARAMS, -121, 299, 328, N, 10, DT, -999, SHR82, -99, 
CP, 02, 2026081912, 03, HFSA, 114, 167N, 1549W,  44, 1000, XX,  34, NEQ,   83,    0,    0,   70, 1004,    8,  41,   0,   0,    ,   0,    , 284,   9,           ,  ,  0,    ,    0,    0,    0,    0, THERMO PARAMS, -115, 804, 353, N, 10, DT, -999, SHR82, -99, 
CP, 02, 2026081912, 03, HFSA, 120, 168N, 1561W,  48, 1002, XX,  34, NEQ,   73,    0,    0,   65,  -99,  -99,  33,   0,   0,    ,   0,    , 271,  10,           ,  ,  0,    ,    0,    0,    0,    0, THERMO PARAMS, -94, 628, 198, N, 10, DT, -999, SHR82, -99, 
CP, 02, 2026081912, 03, HFSA, 126, 169N, 1573W,  54,  999, XX,  34, NEQ,   71,    0,    0,   68, 1003,    3,  44,   0,   0,    ,   0,    , -99, -99,           ,  ,  0,    ,    0,    0,    0,    0, THERMO PARAMS, -77, 789, 227, N, 10, DT, -999, SHR82, -99, 
CP, 02, 2026081912, 03, TVCN,   0,  94N, 1369W,   0,    0,   ,   0,    ,    0,    0,    0,    0, 
CP, 02, 2026081912, 03, TVCN,  12, 102N, 1392W,   0,    0,   ,   0,    ,    0,    0,    0,    0, 
CP, 02, 2026081912, 03, TVCN,  24, 109N, 1414W,   0,    0,   ,   0,    ,    0,    0,    0,    0, 
CP, 02, 2026081912, 03, TVCN,  36, 117N, 1435W,   0,    0,   ,   0,    ,    0,    0,    0,    0, 
CP, 02, 2026081912, 03, TVCN,  48, 123N, 1454W,   0,    0,   ,   0,    ,    0,    0,    0,    0, 
CP, 02, 2026081912, 03, TVCN,  60, 133N, 1472W,   0,    0,   ,   0,    ,    0,    0,    0,    0, 
CP, 02, 2026081912, 03, TVCN,  72, 145N, 1490W,   0,    0,   ,   0,    ,    0,    0,    0,    0, 
CP, 02, 2026081912, 03, TVCN,  84, 157N, 1510W,   0,    0,   ,   0,    ,    0,    0,    0,    0, 
CP, 02, 2026081912, 03, TVCN,  96, 165N, 1532W,   0,    0,   ,   0,    ,    0,    0,    0,    0, 
CP, 02, 2026081912, 03, TVCN, 108, 171N, 1555W,   0,    0,   ,   0,    ,    0,    0,    0,    0, 
CP, 02, 2026081912, 03, TVCN, 120, 176N, 1580W,   0,    0,   ,   0,    ,    0,    0,    0,    0, 
CP, 02, 2026081912, 03, TVCN, 132, 182N, 1604W,   0,    0,   ,   0,    ,    0,    0,    0,    0, 
CP, 02, 2026081918, 03, AVNO,   0, 104N, 1392W,  22, 1005, XX,  34, NEQ,    0,    0,    0,    0, 1009,   12, 130,   0,   0, 
CP, 02, 2026081918, 03, AVNO,   6, 102N, 1406W,  19, 1006, XX,  34, NEQ,    0,    0,    0,    0,  -99,  -99,  11,   0,   0, 
CP, 02, 2026081918, 03, AVNO,  12, 102N, 1411W,  20, 1009, XX,  34, NEQ,    0,    0,    0,    0,  -99,  -99,  53,   0,   0, 
CP, 02, 2026081918, 03, AVNO,  18, 110N, 1423W,  21, 1005, XX,  34, NEQ,    0,    0,    0,    0, 1009,  128, 155,   0,   0, 
CP, 02, 2026081918, 03, AVNO,  24, 111N, 1436W,  25, 1009, XX,  34, NEQ,    0,    0,    0,    0,  -99,  -99, 130,   0,   0, 
CP, 02, 2026081918, 03, AVNO,  30, 115N, 1445W,  27, 1004, XX,  34, NEQ,    0,    0,    0,    0, 1008,  106,  63,   0,   0, 
CP, 02, 2026081918, 03, AVNO,  36, 116N, 1451W,  36, 1006, XX,  34, NEQ,    0,    0,    0,  130, 1010,   97, 115,   0,   0, 
CP, 02, 2026081918, 03, AVNO,  42, 121N, 1455W,  34, 1003, XX,  34, NEQ,    0,    0,    0,    0, 1007,   67,  63,   0,   0, 
CP, 02, 2026081918, 03, AVNO,  48, 127N, 1466W,  35, 1003, XX,  34, NEQ,   60,    0,    0,   37, 1011,  235,  53,   0,   0, 
CP, 02, 2026081918, 03, AVNO,  54, 132N, 1473W,  38, 1001, XX,  34, NEQ,   44,    0,    0,   66, 1009,  182,  38,   0,   0, 
CP, 02, 2026081918, 03, AVNO,  60, 138N, 1485W,  38, 1000, XX,  34, NEQ,   66,    0,    0,   73, 1008,   74,  46,   0,   0, 
CP, 02, 2026081918, 03, AVNO,  66, 144N, 1495W,  45,  994, XX,  34, NEQ,   67,   46,   45,   68, 1010,  548,  29,   0,   0, 
CP, 02, 2026081918, 03, AVNO,  72, 149N, 1504W,  55,  992, XX,  34, NEQ,   70,   55,   37,   82, 1008,   70,  21,   0,   0, 
CP, 02, 2026081918, 03, AVNO,  72, 149N, 1504W,  55,  992, XX,  50, NEQ,   27,    0,    0,   28, 1008,   70,  21,   0,   0, 
CP, 02, 2026081918, 03, AVNO,  78, 156N, 1515W,  57,  989, XX,  34, NEQ,   84,   58,   39,   87, 1009,  155,  23,   0,   0, 
CP, 02, 2026081918, 03, AVNO,  78, 156N, 1515W,  57,  989, XX,  50, NEQ,   41,   29,    0,   39, 1009,  155,  23,   0,   0, 
CP, 02, 2026081918, 03, AVNO,  84, 161N, 1526W,  51,  994, XX,  34, NEQ,   98,   49,   44,   98, 1010,  124,  25,   0,   0, 
CP, 02, 2026081918, 03, AVNO,  84, 161N, 1526W,  51,  994, XX,  50, NEQ,    0,    0,    0,   29, 1010,  124,  25,   0,   0, 
CP, 02, 2026081918, 03, AVNO,  90, 165N, 1536W,  55,  993, XX,  34, NEQ,  101,   54,   52,   88, 1009,  157,  24,   0,   0, 
CP, 02, 2026081918, 03, AVNO,  90, 165N, 1536W,  55,  993, XX,  50, NEQ,   26,    0,    0,   30, 1009,  157,  24,   0,   0, 
CP, 02, 2026081918, 03, AVNO,  96, 168N, 1547W,  45,  996, XX,  34, NEQ,   93,   45,   58,  112, 1008,   55,  29,   0,   0, 
CP, 02, 2026081918, 03, AVNO, 102, 170N, 1560W,  52,  995, XX,  34, NEQ,   93,   37,   44,   81, 1007,   51,  35,   0,   0, 
CP, 02, 2026081918, 03, AVNO, 102, 170N, 1560W,  52,  995, XX,  50, NEQ,   38,    0,    0,   22, 1007,   51,  35,   0,   0, 
CP, 02, 2026081918, 03, AVNO, 108, 169N, 1569W,  51,  995, XX,  34, NEQ,   97,   30,   45,   83, 1007,   46,  21,   0,   0, 
CP, 02, 2026081918, 03, AVNO, 108, 169N, 1569W,  51,  995, XX,  50, NEQ,    0,    0,    0,   21, 1007,   46,  21,   0,   0, 
CP, 02, 2026081918, 03, AVNO, 114, 172N, 1579W,  56,  991, XX,  34, NEQ,   68,   29,   28,   49, 1007,   44,  19,   0,   0, 
CP, 02, 2026081918, 03, AVNO, 114, 172N, 1579W,  56,  991, XX,  50, NEQ,   19,    0,    0,   22, 1007,   44,  19,   0,   0, 
CP, 02, 2026081918, 03, AVNO, 120, 173N, 1589W,  51,  994, XX,  34, NEQ,   61,   36,   33,   55, 1010,   71,  25,   0,   0, 
CP, 02, 2026081918, 03, AVNO, 120, 173N, 1589W,  51,  994, XX,  50, NEQ,    0,    0,    0,   26, 1010,   71,  25,   0,   0, 
CP, 02, 2026081918, 03, AVNO, 126, 176N, 1598W,  61,  989, XX,  34, NEQ,   61,   36,   32,   53, 1009,   73,  19,   0,   0, 
CP, 02, 2026081918, 03, AVNO, 126, 176N, 1598W,  61,  989, XX,  50, NEQ,   29,   20,    0,   25, 1009,   73,  19,   0,   0, 
CP, 02, 2026081918, 03, AVNO, 132, 179N, 1606W,  56,  989, XX,  34, NEQ,   53,   37,   33,   45, 1009,   73,  23,   0,   0, 
CP, 02, 2026081918, 03, AVNO, 132, 179N, 1606W,  56,  989, XX,  50, NEQ,   28,   21,    0,   26, 1009,   73,  23,   0,   0, 
CP, 02, 2026081918, 03, AVNO, 138, 181N, 1613W,  60,  989, XX,  34, NEQ,   57,   49,   33,   58, 1009,   75,  22,   0,   0, 
CP, 02, 2026081918, 03, AVNO, 138, 181N, 1613W,  60,  989, XX,  50, NEQ,   30,   23,    0,   24, 1009,   75,  22,   0,   0, 
CP, 02, 2026081918, 03, AVNO, 144, 183N, 1621W,  59,  991, XX,  34, NEQ,   64,   49,   38,   59, 1011,  145,  26,   0,   0, 
CP, 02, 2026081918, 03, AVNO, 144, 183N, 1621W,  59,  991, XX,  50, NEQ,   33,   21,    0,   31, 1011,  145,  26,   0,   0, 
CP, 02, 2026081918, 03, AVNO, 150, 186N, 1628W,  54,  995, XX,  34, NEQ,   66,   41,   38,   57, 1007,   49,  24,   0,   0, 
CP, 02, 2026081918, 03, AVNO, 150, 186N, 1628W,  54,  995, XX,  50, NEQ,   25,    0,    0,   24, 1007,   49,  24,   0,   0, 
CP, 02, 2026081918, 03, AVNO, 156, 188N, 1635W,  44,  998, XX,  34, NEQ,   64,   31,    0,   62, 1010,   89,  29,   0,   0, 
CP, 02, 2026081918, 03, AVNO, 162, 190N, 1643W,  38, 1001, XX,  34, NEQ,   50,    0,    0,   51, 1009,   71,  39,   0,   0, 
CP, 02, 2026081918, 03, AVNO, 168, 192N, 1651W,  35, 1004, XX,  34, NEQ,   51,    0,    0,   37, 1008,   30,  32,   0,   0, 
CP, 02, 2026081918, 03, AVNO, 174, 194N, 1658W,  30, 1004, XX,  34, NEQ,    0,    0,    0,    0, 1008,   37,  40,   0,   0, 
CP, 02, 2026081918, 03, AVNO, 180, 196N, 1663W,  32, 1005, XX,  34, NEQ,    0,    0,    0,    0, 1009,   44,  25,   0,   0, 
CP, 02, 2026081918, 03, AVNO, 186, 200N, 1668W,  36, 1005, XX,  34, NEQ,   32,    0,    0,   23, 1009,   49,  21,   0,   0, 
CP, 02, 2026081918, 03, AVNO, 192, 200N, 1675W,  26, 1007, XX,  34, NEQ,    0,    0,    0,    0, 1011,  147,  49,   0,   0, 
CP, 02, 2026081918, 03, AVNO, 198, 202N, 1680W,  23, 1007, XX,  34, NEQ,    0,    0,    0,    0,  -99,  -99,  49,   0,   0, 
CP, 02, 2026081918, 03, AVNO, 204, 205N, 1686W,  24, 1007, XX,  34, NEQ,    0,    0,    0,    0,  -99,  -99,  47,   0,   0, 
CP, 02, 2026081918, 03, AVNO, 210, 206N, 1695W,  24, 1008, XX,  34, NEQ,    0,    0,    0,    0,  -99,  -99,  56,   0,   0, 
CP, 02, 2026081918, 03, AVNO, 216, 209N, 1704W,  22, 1008, XX,  34, NEQ,    0,    0,    0,    0,  -99,  -99,  58,   0,   0, 
CP, 02, 2026081918, 03, AVNO, 222, 213N, 1712W,  21, 1009, XX,  34, NEQ,    0,    0,    0,    0,  -99,  -99,  82,   0,   0, 
CP, 02, 2026081918, 03, AVNO, 228, 216N, 1719W,  24, 1010, XX,  34, NEQ,    0,    0,    0,    0,  -99,  -99, 123,   0,   0, 
CP, 02, 2026081918, 03, AVNO, 234, 220N, 1729W,  23, 1010, XX,  34, NEQ,    0,    0,    0,    0,  -99,  -99,  52,   0,   0, 
CP, 02, 2026081918, 03, AVNO, 240, 225N, 1739W,  22, 1011, XX,  34, NEQ,    0,    0,    0,    0,  -99,  -99, 107,   0,   0, 
CP, 02, 2026081918, 03, HCCA,   0,  99N, 1387W,  30,    0,   ,   0,    ,    0,    0,    0,    0, 
CP, 02, 2026081918, 03, HCCA,  12, 114N, 1407W,  39,    0,   ,   0,    ,    0,    0,    0,    0, 
CP, 02, 2026081918, 03, HCCA,  24, 123N, 1430W,  48,    0,   ,   0,    ,    0,    0,    0,    0, 
CP, 02, 2026081918, 03, HCCA,  36, 130N, 1448W,  56,    0,   ,   0,    ,    0,    0,    0,    0, 
CP, 02, 2026081918, 03, HCCA,  48, 139N, 1464W,  60,    0,   ,   0,    ,    0,    0,    0,    0, 
CP, 02, 2026081918, 03, HCCA,  60, 150N, 1483W,  65,    0,   ,   0,    ,    0,    0,    0,    0, 
CP, 02, 2026081918, 03, HCCA,  72, 161N, 1504W,  63,    0,   ,   0,    ,    0,    0,    0,    0, 
CP, 02, 2026081918, 03, HCCA,  84, 172N, 1524W,  60,    0,   ,   0,    ,    0,    0,    0,    0, 
CP, 02, 2026081918, 03, HCCA,  96, 181N, 1547W,  55,    0,   ,   0,    ,    0,    0,    0,    0, 
CP, 02, 2026081918, 03, HCCA, 108, 188N, 1568W,  50,    0,   ,   0,    ,    0,    0,    0,    0, 
CP, 02, 2026081918, 03, HCCA, 120, 191N, 1591W,  55,    0,   ,   0,    ,    0,    0,    0,    0, 
CP, 02, 2026081918, 03, HCCA, 132, 195N, 1613W,  52,    0,   ,   0,    ,    0,    0,    0,    0, 
CP, 02, 2026081918, 03, HCCA, 144, 197N, 1634W,  52,    0,   ,   0,    ,    0,    0,    0,    0, 
CP, 02, 2026081918, 03, HCCA, 156, 200N, 1652W,  51,    0,   ,   0,    ,    0,    0,    0,    0, 
CP, 02, 2026081918, 03, HCCA, 168, 202N, 1669W,  50,    0,   ,   0,    ,    0,    0,    0,    0, 
CP, 02, 2026081918, 03, HFSA,   0,  99N, 1387W,  29, 1001, XX,  34, NEQ,    0,    0,    0,    0, 1009,   70,  96,   0,   0,    ,   0,    , 277,  12,           ,  ,  0,    ,    0,    0,    0,    0, THERMO PARAMS, 45, 57, 345, N, 10, DT, -999, SHR82, -99, 
CP, 02, 2026081918, 03, HFSA,   6, 110N, 1401W,  29,  999, XX,  34, NEQ,    0,    0,    0,    0, 1003,    9,  76,   0,   0,    ,   0,    , 302,  16,           ,  ,  0,    ,    0,    0,    0,    0, THERMO PARAMS, 46, 316, 277, N, 10, DT, -999, SHR82, -99, 
CP, 02, 2026081918, 03, HFSA,  12, 111N, 1413W,  34, 1005, XX,  34, NEQ,    0,    0,    0,    0, 1009,   10, 141,   0,   0,    ,   0,    , 271,  10,           ,  ,  0,    ,    0,    0,    0,    0, THERMO PARAMS, 54, -175, 167, N, 10, DT, -999, SHR82, -99, 
CP, 02, 2026081918, 03, HFSA,  18, 115N, 1413W,  35, 1004, XX,  34, NEQ,    0,    0,    0,    0,  -99,  -99, 146,   0,   0,    ,   0,    , 310,   9,           ,  ,  0,    ,    0,    0,    0,    0, THERMO PARAMS, 43, -227, 244, N, 10, DT, -999, SHR82, -99, 
CP, 02, 2026081918, 03, HFSA,  24, 119N, 1424W,  37, 1007, XX,  34, NEQ,    0,    0,    0,    0,  -99,  -99, 121,   0,   0,    ,   0,    , 292,  13,           ,  ,  0,    ,    0,    0,    0,    0, THERMO PARAMS, -27, -118, 375, N, 10, DT, -999, SHR82, -99, 
CP, 02, 2026081918, 03, HFSA,  30, 124N, 1433W,  35, 1002, XX,  34, NEQ,    0,    0,    0,    0, 1006,   43, 115,   0,   0,    ,   0,    , 308,   9,           ,  ,  0,    ,    0,    0,    0,    0, THERMO PARAMS, -22, 383, 570, N, 10, DT, -999, SHR82, -99, 
CP, 02, 2026081918, 03, HFSA,  36, 126N, 1441W,  39, 1005, XX,  34, NEQ,  104,    0,    0,   73,  -99,  -99,  99,   0,   0,    ,   0,    , 275,   8,           ,  ,  0,    ,    0,    0,    0,    0, THERMO PARAMS, -34, 175, 287, N, 10, DT, -999, SHR82, -99, 
CP, 02, 2026081918, 03, HFSA,  42, 131N, 1447W,  41, 1002, XX,  34, NEQ,  134,    0,    0,   66,  -99,  -99, 106,   0,   0,    ,   0,    , 304,   8,           ,  ,  0,    ,    0,    0,    0,    0, THERMO PARAMS, -32, 227, 358, N, 10, DT, -999, SHR82, -99, 
CP, 02, 2026081918, 03, HFSA,  48, 138N, 1456W,  41, 1002, XX,  34, NEQ,   97,    0,    0,   99,  -99,  -99,  75,   0,   0,    ,   0,    , 295,   9,           ,  ,  0,    ,    0,    0,    0,    0, THERMO PARAMS, -68, 391, 496, N, 10, DT, -999, SHR82, -99, 
CP, 02, 2026081918, 03, HFSA,  54, 145N, 1465W,  43, 1000, XX,  34, NEQ,   97,    0,    0,   63, 1004,   44,  83,   0,   0,    ,   0,    , 295,  11,           ,  ,  0,    ,    0,    0,    0,    0, THERMO PARAMS, -73, 612, 470, N, 10, DT, -999, SHR82, -99, 
CP, 02, 2026081918, 03, HFSA,  60, 151N, 1477W,  51,  999, XX,  34, NEQ,  115,   42,   42,   91, 1003,   33,  46,   0,   0,    ,   0,    , 290,  13,           ,  ,  0,    ,    0,    0,    0,    0, THERMO PARAMS, -77, 544, 378, N, 10, DT, -999, SHR82, -99, 
CP, 02, 2026081918, 03, HFSA,  66, 156N, 1490W,  47,  996, XX,  34, NEQ,  149,   45,   36,   91, 1004,   49, 132,   0,   0,    ,   0,    , 294,  13,           ,  ,  0,    ,    0,    0,    0,    0, THERMO PARAMS, -42, 522, 689, N, 10, DT, -999, SHR82, -99, 
CP, 02, 2026081918, 03, HFSA,  72, 165N, 1501W,  53,  998, XX,  34, NEQ,  146,   52,   50,  100, 1006,   49,  58,   0,   0,    ,   0,    , 299,  15,           ,  ,  0,    ,    0,    0,    0,    0, THERMO PARAMS, -52, 592, 478, N, 10, DT, -999, SHR82, -99, 
CP, 02, 2026081918, 03, HFSA,  78, 171N, 1515W,  50,  994, XX,  34, NEQ,  154,   34,   53,  108, 1002,   31,  19,   0,   0,    ,   0,    , 285,  13,           ,  ,  0,    ,    0,    0,    0,    0, THERMO PARAMS, -97, 1711, 593, N, 10, DT, -999, SHR82, -99, 
CP, 02, 2026081918, 03, HFSA,  84, 177N, 1528W,  59,  996, XX,  34, NEQ,  141,   62,   73,  110,  -99,  -99,  72,   0,   0,    ,   0,    , 290,  14,           ,  ,  0,    ,    0,    0,    0,    0, THERMO PARAMS, -66, 708, 670, N, 10, DT, -999, SHR82, -99, 
CP, 02, 2026081918, 03, HFSA,  84, 177N, 1528W,  59,  996, XX,  50, NEQ,   73,    0,    0,   39,  -99,  -99,  72,   0,   0,    ,   0,    , 290,  14,           ,  ,  0,    ,    0,    0,    0,    0, THERMO PARAMS, -66, 708, 670, N, 10, DT, -999, SHR82, -99, 
CP, 02, 2026081918, 03, HFSA,  90, 183N, 1541W,  53,  994, XX,  34, NEQ,  131,   52,   63,  125, 1006,   70,  27,   0,   0,    ,   0,    , 288,  12,           ,  ,  0,    ,    0,    0,    0,    0, THERMO PARAMS, -45, 501, 1040, N, 10, DT, -999, SHR82, -99, 
CP, 02, 2026081918, 03, HFSA,  90, 183N, 1541W,  53,  994, XX,  50, NEQ,   45,    0,    0,   42, 1006,   70,  27,   0,   0,    ,   0,    , 288,  12,           ,  ,  0,    ,    0,    0,    0,    0, THERMO PARAMS, -45, 501, 1040, N, 10, DT, -999, SHR82, -99, 
CP, 02, 2026081918, 03, HFSA,  96, 187N, 1552W,  54,  996, XX,  34, NEQ,  102,   44,   31,  125, 1000,   15,  50,   0,   0,    ,   0,    , 292,  12,           ,  ,  0,    ,    0,    0,    0,    0, THERMO PARAMS, -29, 762, 911, N, 10, DT, -999, SHR82, -99, 
CP, 02, 2026081918, 03, HFSA,  96, 187N, 1552W,  54,  996, XX,  50, NEQ,    0,   19,    0,    0, 1000,   15,  50,   0,   0,    ,   0,    , 292,  12,           ,  ,  0,    ,    0,    0,    0,    0, THERMO PARAMS, -29, 762, 911, N, 10, DT, -999, SHR82, -99, 
CP, 02, 2026081918, 03, HFSA, 102, 195N, 1569W,  44, 1001, XX,  34, NEQ,  120,   68,    0,   97,  -99,  -99,  81,   0,   0,    ,   0,    , 285,  13,           ,  ,  0,    ,    0,    0,    0,    0, THERMO PARAMS, -19, 486, 542, N, 10, DT, -999, SHR82, -99, 
CP, 02, 2026081918, 03, HFSA, 108, 195N, 1582W,  43, 1001, XX,  34, NEQ,  152,    0,    0,   81, 1005,   26,  49,   0,   0,    ,   0,    , 274,  10,           ,  ,  0,    ,    0,    0,    0,    0, THERMO PARAMS, -9999, -9999, -9999, N, 10, DT, -999, SHR82, -99, 
CP, 02, 2026081918, 03, HFSA, 114, 198N, 1595W,  39, 1001, XX,  34, NEQ,   62,    0,    0,   57, 1005,   34,  40,   0,   0,    ,   0,    , 284,  11,           ,  ,  0,    ,    0,    0,    0,    0, THERMO PARAMS, -9999, -9999, -9999, N, 10, DT, -999, SHR82, -99, 
CP, 02, 2026081918, 03, HFSA, 120, 201N, 1606W,  41,  999, XX,  34, NEQ,   78,   74,    0,   78,  -99,  -99,  36,   0,   0,    ,   0,    , 282,  11,           ,  ,  0,    ,    0,    0,    0,    0, THERMO PARAMS, -9999, -9999, -9999, N, 10, DT, -999, SHR82, -99, 
CP, 02, 2026081918, 03, HFSA, 126, 204N, 1617W,  51,  998, XX,  34, NEQ,   78,    0,   39,   66,  -99,  -99,  31,   0,   0,    ,   0,    , -99, -99,           ,  ,  0,    ,    0,    0,    0,    0, THERMO PARAMS, -69, 605, 669, N, 10, DT, -999, SHR82, -99, 
CP, 02, 2026081918, 03, TVCN,   0,  99N, 1387W,   0,    0,   ,   0,    ,    0,    0,    0,    0, 
CP, 02, 2026081918, 03, TVCN,  12, 111N, 1409W,   0,    0,   ,   0,    ,    0,    0,    0,    0, 
CP, 02, 2026081918, 03, TVCN,  24, 119N, 1430W,   0,    0,   ,   0,    ,    0,    0,    0,    0, 
CP, 02, 2026081918, 03, TVCN,  36, 125N, 1449W,   0,    0,   ,   0,    ,    0,    0,    0,    0, 
CP, 02, 2026081918, 03, TVCN,  48, 133N, 1466W,   0,    0,   ,   0,    ,    0,    0,    0,    0, 
CP, 02, 2026081918, 03, TVCN,  60, 142N, 1483W,   0,    0,   ,   0,    ,    0,    0,    0,    0, 
CP, 02, 2026081918, 03, TVCN,  72, 152N, 1502W,   0,    0,   ,   0,    ,    0,    0,    0,    0, 
CP, 02, 2026081918, 03, TVCN,  84, 160N, 1523W,   0,    0,   ,   0,    ,    0,    0,    0,    0, 
CP, 02, 2026081918, 03, TVCN,  96, 166N, 1544W,   0,    0,   ,   0,    ,    0,    0,    0,    0, 
CP, 02, 2026081918, 03, TVCN, 108, 171N, 1566W,   0,    0,   ,   0,    ,    0,    0,    0,    0, 
CP, 02, 2026081918, 03, TVCN, 120, 174N, 1588W,   0,    0,   ,   0,    ,    0,    0,    0,    0, 
CP, 02, 2026081918, 03, TVCN, 132, 177N, 1610W,   0,    0,   ,   0,    ,    0,    0,    0,    0, 
CP, 02, 2026081918, 03, TVCN, 144, 182N, 1646W,   0,    0,   ,   0,    ,    0,    0,    0,    0, 
CP, 02, 2026081918, 03, TVCN, 156, 184N, 1665W,   0,    0,   ,   0,    ,    0,    0,    0,    0, 
CP, 02, 2026081918, 03, TVCN, 168, 184N, 1684W,   0,    0,   ,   0,    ,    0,    0,    0,    0, 
CP, 02, 2026082000, 03,  UKX,   0, 106N, 1399W,  24, 1008, XX,  34, NEQ,    0,    0,    0,    0, 
CP, 02, 2026082000, 03,  UKX,   6, 110N, 1407W,  25, 1009, XX,  34, NEQ,    0,    0,    0,    0, 
CP, 02, 2026082000, 03,  UKX,  12, 116N, 1417W,  25, 1007, XX,  34, NEQ,    0,    0,    0,    0, 
CP, 02, 2026082000, 03,  UKX,  18, 123N, 1426W,  27, 1009, XX,  34, NEQ,    0,    0,    0,    0, 
CP, 02, 2026082000, 03,  UKX,  24, 130N, 1439W,  28, 1006, XX,  34, NEQ,    0,    0,    0,    0, 
CP, 02, 2026082000, 03,  UKX,  30, 133N, 1453W,  32, 1008, XX,  34, NEQ,    0,    0,    0,    0, 
CP, 02, 2026082000, 03,  UKX,  36, 133N, 1464W,  30, 1005, XX,  34, NEQ,    0,    0,    0,    0, 
CP, 02, 2026082000, 03,  UKX,  42, 135N, 1473W,  31, 1007, XX,  34, NEQ,    0,    0,    0,    0, 
CP, 02, 2026082000, 03,  UKX,  48, 139N, 1484W,  32, 1005, XX,  34, NEQ,    0,    0,    0,    0, 
CP, 02, 2026082000, 03,  UKX,  54, 141N, 1496W,  33, 1007, XX,  34, NEQ,    0,    0,    0,    0, 
CP, 02, 2026082000, 03,  UKX,  60, 143N, 1507W,  30, 1006, XX,  34, NEQ,    0,    0,    0,    0, 
CP, 02, 2026082000, 03,  UKX,  66, 146N, 1518W,  31, 1008, XX,  34, NEQ,    0,    0,    0,    0, 
CP, 02, 2026082000, 03,  UKX,  72, 149N, 1533W,  31, 1006, XX,  34, NEQ,    0,    0,    0,    0, 
CP, 02, 2026082000, 03,  UKX,  78, 151N, 1551W,  32, 1008, XX,  34, NEQ,    0,    0,    0,    0, 
CP, 02, 2026082000, 03,  UKX,  84, 152N, 1568W,  31, 1007, XX,  34, NEQ,    0,    0,    0,    0, 
CP, 02, 2026082000, 03,  UKX,  90, 155N, 1584W,  31, 1009, XX,  34, NEQ,    0,    0,    0,    0, 
CP, 02, 2026082000, 03,  UKX,  96, 156N, 1602W,  28, 1008, XX,  34, NEQ,    0,    0,    0,    0, 
CP, 02, 2026082000, 03,  UKX, 102, 158N, 1618W,  27, 1009, XX,  34, NEQ,    0,    0,    0,    0, 
CP, 02, 2026082000, 03,  UKX, 108, 161N, 1633W,  27, 1008, XX,  34, NEQ,    0,    0,    0,    0, 
CP, 02, 2026082000, 03,  UKX, 114, 163N, 1649W,  27, 1009, XX,  34, NEQ,    0,    0,    0,    0, 
CP, 02, 2026082000, 03,  UKX, 120, 164N, 1662W,  26, 1008, XX,  34, NEQ,    0,    0,    0,    0, 
CP, 02, 2026082000, 03,  UKX, 126, 164N, 1675W,  28, 1008, XX,  34, NEQ,    0,    0,    0,    0, 
CP, 02, 2026082000, 03,  UKX, 132, 164N, 1689W,  26, 1008, XX,  34, NEQ,    0,    0,    0,    0, 
CP, 02, 2026082000, 03,  UKX, 138, 164N, 1703W,  28, 1008, XX,  34, NEQ,    0,    0,    0,    0, 
CP, 02, 2026082000, 03,  UKX, 144, 163N, 1717W,  27, 1008, XX,  34, NEQ,    0,    0,    0,    0, 
CP, 02, 2026082000, 03, AVNO,   0, 103N, 1407W,  19, 1006, XX,  34, NEQ,    0,    0,    0,    0,  -99,  -99,   6,   0,   0, 
CP, 02, 2026082000, 03, AVNO,   6, 103N, 1412W,  18, 1010, XX,  34, NEQ,    0,    0,    0,    0,  -99,  -99, 160,   0,   0, 
CP, 02, 2026082000, 03, AVNO,  12, 114N, 1424W,  21, 1008, XX,  34, NEQ,    0,    0,    0,    0,  -99,  -99, 159,   0,   0, 
CP, 02, 2026082000, 03, AVNO,  18, 114N, 1438W,  22, 1008, XX,  34, NEQ,    0,    0,    0,    0,  -99,  -99, 128,   0,   0, 
CP, 02, 2026082000, 03, AVNO,  24, 114N, 1443W,  24, 1006, XX,  34, NEQ,    0,    0,    0,    0,  -99,  -99, 126,   0,   0, 
CP, 02, 2026082000, 03, AVNO,  30, 117N, 1450W,  32, 1007, XX,  34, NEQ,    0,    0,    0,    0,  -99,  -99,  95,   0,   0, 
CP, 02, 2026082000, 03, AVNO,  36, 118N, 1451W,  32, 1005, XX,  34, NEQ,    0,    0,    0,    0, 1009,  134,  54,   0,   0, 
CP, 02, 2026082000, 03, AVNO,  42, 126N, 1460W,  30, 1006, XX,  34, NEQ,    0,    0,    0,    0, 1010,  112,  70,   0,   0, 
CP, 02, 2026082000, 03, AVNO,  48, 133N, 1470W,  30, 1004, XX,  34, NEQ,    0,    0,    0,    0,  -99,  -99, 113,   0,   0, 
CP, 02, 2026082000, 03, AVNO,  54, 137N, 1480W,  32, 1005, XX,  34, NEQ,    0,    0,    0,    0, 1009,   73, 107,   0,   0, 
CP, 02, 2026082000, 03, AVNO,  60, 146N, 1493W,  42,  999, XX,  34, NEQ,   37,    0,    0,   56, 1007,   80,  35,   0,   0, 
CP, 02, 2026082000, 03, AVNO,  66, 149N, 1501W,  35, 1002, XX,  34, NEQ,    0,   34,    0,   41, 1010,  106,  34,   0,   0, 
CP, 02, 2026082000, 03, AVNO,  72, 156N, 1512W,  39, 1000, XX,  34, NEQ,   75,    0,   34,   73, 1008,   73,  42,   0,   0, 
CP, 02, 2026082000, 03, AVNO,  78, 161N, 1523W,  44,  999, XX,  34, NEQ,   88,   34,   40,   86, 1007,   66,  38,   0,   0, 
CP, 02, 2026082000, 03, AVNO,  84, 163N, 1536W,  41,  998, XX,  34, NEQ,   73,   36,   28,   74, 1010,  408,  18,   0,   0, 
CP, 02, 2026082000, 03, AVNO,  90, 166N, 1550W,  45, 1000, XX,  34, NEQ,   71,   30,   43,   83, 1012,  237,  41,   0,   0, 
CP, 02, 2026082000, 03, AVNO,  96, 165N, 1563W,  38, 1001, XX,  34, NEQ,  106,   34,   38,   90, 1009,   67,  24,   0,   0, 
CP, 02, 2026082000, 03, AVNO, 102, 164N, 1574W,  37, 1003, XX,  34, NEQ,   49,    0,    0,   40, 1007,   31,  33,   0,   0, 
CP, 02, 2026082000, 03, AVNO, 108, 163N, 1585W,  35, 1003, XX,  34, NEQ,    0,    0,    0,   27, 1007,   34,  25,   0,   0, 
CP, 02, 2026082000, 03, AVNO, 114, 166N, 1593W,  43, 1002, XX,  34, NEQ,   44,    0,    0,   32, 1010,   73,  27,   0,   0, 
CP, 02, 2026082000, 03, AVNO, 120, 168N, 1603W,  36, 1002, XX,  34, NEQ,   46,    0,    0,   36, 1010,  100,  28,   0,   0, 
CP, 02, 2026082000, 03, AVNO, 126, 170N, 1611W,  35, 1003, XX,  34, NEQ,    0,    0,    0,   29, 1007,   29,  18,   0,   0, 
CP, 02, 2026082000, 03, AVNO, 132, 172N, 1620W,  39, 1001, XX,  34, NEQ,   45,    0,    0,   39, 1009,   77,  25,   0,   0, 
CP, 02, 2026082000, 03, AVNO, 138, 174N, 1628W,  42, 1002, XX,  34, NEQ,   64,    0,    0,   53, 1010,   71,  36,   0,   0, 
CP, 02, 2026082000, 03, AVNO, 144, 178N, 1638W,  49,  999, XX,  34, NEQ,   62,   34,    0,   47, 1007,   40,  31,   0,   0, 
CP, 02, 2026082000, 03, AVNO, 150, 179N, 1647W,  38, 1003, XX,  34, NEQ,   54,    0,    0,   51, 1007,   25,  30,   0,   0, 
CP, 02, 2026082000, 03, AVNO, 156, 178N, 1657W,  32, 1004, XX,  34, NEQ,    0,    0,    0,    0, 1008,   33,  43,   0,   0, 
CP, 02, 2026082000, 03, AVNO, 162, 178N, 1666W,  27, 1005, XX,  34, NEQ,    0,    0,    0,    0, 1009,   43,  30,   0,   0, 
CP, 02, 2026082000, 03, AVNO, 168, 180N, 1674W,  28, 1005, XX,  34, NEQ,    0,    0,    0,    0, 1009,   67,  32,   0,   0, 
CP, 02, 2026082000, 03, AVNO, 174, 181N, 1682W,  27, 1006, XX,  34, NEQ,    0,    0,    0,    0, 1010,   97,  24,   0,   0, 
CP, 02, 2026082000, 03, AVNO, 180, 183N, 1690W,  24, 1006, XX,  34, NEQ,    0,    0,    0,    0, 1010,  141,  47,   0,   0, 
CP, 02, 2026082000, 03, AVNO, 186, 186N, 1699W,  23, 1007, XX,  34, NEQ,    0,    0,    0,    0,  -99,  -99,  46,   0,   0, 
CP, 02, 2026082000, 03, AVNO, 192, 189N, 1706W,  23, 1008, XX,  34, NEQ,    0,    0,    0,    0,  -99,  -99,  68,   0,   0, 
CP, 02, 2026082000, 03, AVNO, 198, 191N, 1713W,  23, 1007, XX,  34, NEQ,    0,    0,    0,    0,  -99,  -99,  54,   0,   0, 
CP, 02, 2026082000, 03, AVNO, 204, 193N, 1719W,  22, 1007, XX,  34, NEQ,    0,    0,    0,    0,  -99,  -99,  70,   0,   0, 
CP, 02, 2026082000, 03, AVNO, 210, 195N, 1726W,  21, 1008, XX,  34, NEQ,    0,    0,    0,    0,  -99,  -99,  89,   0,   0, 
CP, 02, 2026082000, 03, AVNO, 216, 198N, 1734W,  20, 1008, XX,  34, NEQ,    0,    0,    0,    0,  -99,  -99, 108,   0,   0, 
CP, 02, 2026082000, 03, AVNO, 222, 202N, 1741W,  22, 1008, XX,  34, NEQ,    0,    0,    0,    0,  -99,  -99,  69,   0,   0, 
CP, 02, 2026082000, 03, AVNO, 228, 205N, 1750W,  24, 1009, XX,  34, NEQ,    0,    0,    0,    0,  -99,  -99, 112,   0,   0, 
CP, 02, 2026082000, 03, AVNO, 234, 210N, 1761W,  24, 1009, XX,  34, NEQ,    0,    0,    0,    0,  -99,  -99, 137,   0,   0, 
CP, 02, 2026082000, 03, AVNO, 240, 217N, 1772W,  22, 1011, XX,  34, NEQ,    0,    0,    0,    0,  -99,  -99, 128,   0,   0, 
CP, 02, 2026082000, 03, HCCA,   0, 104N, 1400W,  30,    0,   ,   0,    ,    0,    0,    0,    0, 
CP, 02, 2026082000, 03, HCCA,  12, 114N, 1420W,  37,    0,   ,   0,    ,    0,    0,    0,    0, 
CP, 02, 2026082000, 03, HCCA,  24, 123N, 1438W,  47,    0,   ,   0,    ,    0,    0,    0,    0, 
CP, 02, 2026082000, 03, HCCA,  36, 132N, 1455W,  57,    0,   ,   0,    ,    0,    0,    0,    0, 
CP, 02, 2026082000, 03, HCCA,  48, 143N, 1472W,  63,    0,   ,   0,    ,    0,    0,    0,    0, 
CP, 02, 2026082000, 03, HCCA,  60, 154N, 1492W,  65,    0,   ,   0,    ,    0,    0,    0,    0, 
CP, 02, 2026082000, 03, HCCA,  72, 165N, 1514W,  61,    0,   ,   0,    ,    0,    0,    0,    0, 
CP, 02, 2026082000, 03, HCCA,  84, 174N, 1537W,  58,    0,   ,   0,    ,    0,    0,    0,    0, 
CP, 02, 2026082000, 03, HCCA,  96, 184N, 1561W,  50,    0,   ,   0,    ,    0,    0,    0,    0, 
CP, 02, 2026082000, 03, HCCA, 108, 191N, 1585W,  43,    0,   ,   0,    ,    0,    0,    0,    0, 
CP, 02, 2026082000, 03, HCCA, 120, 197N, 1608W,  47,    0,   ,   0,    ,    0,    0,    0,    0, 
CP, 02, 2026082000, 03, HCCA, 132, 203N, 1629W,  48,    0,   ,   0,    ,    0,    0,    0,    0, 
CP, 02, 2026082000, 03, HCCA, 144, 207N, 1650W,  49,    0,   ,   0,    ,    0,    0,    0,    0, 
CP, 02, 2026082000, 03, HCCA, 156, 211N, 1668W,  48,    0,   ,   0,    ,    0,    0,    0,    0, 
CP, 02, 2026082000, 03, HCCA, 168, 215N, 1686W,  47,    0,   ,   0,    ,    0,    0,    0,    0, 
CP, 02, 2026082000, 03, HFSA,   0, 104N, 1401W,  29, 1005, XX,  34, NEQ,    0,    0,    0,    0, 1009,  149,  71,   0,   0,    ,   0,    , 283,  11,           ,  ,  0,    ,    0,    0,    0,    0, THERMO PARAMS, 47, 260, 87, N, 10, DT, -999, SHR82, -99, 
CP, 02, 2026082000, 03, HFSA,   6, 103N, 1411W,  30, 1008, XX,  34, NEQ,    0,    0,    0,    0,  -99,  -99,  84,   0,   0,    ,   0,    , 267,   7,           ,  ,  0,    ,    0,    0,    0,    0, THERMO PARAMS, 21, -236, 75, N, 10, DT, -999, SHR82, -99, 
CP, 02, 2026082000, 03, HFSA,  12, 113N, 1421W,  30, 1003, XX,  34, NEQ,    0,    0,    0,    0, 1007,    7, 149,   0,   0,    ,   0,    , 315,  13,           ,  ,  0,    ,    0,    0,    0,    0, THERMO PARAMS, 21, -223, 318, N, 10, DT, -999, SHR82, -99, 
CP, 02, 2026082000, 03, HFSA,  18, 122N, 1434W,  34, 1006, XX,  34, NEQ,    0,    0,    0,    0, 1010,    9, 109,   0,   0,    ,   0,    , 290,  13,           ,  ,  0,    ,    0,    0,    0,    0, THERMO PARAMS, 22, 19, 187, N, 10, DT, -999, SHR82, -99, 
CP, 02, 2026082000, 03, HFSA,  24, 119N, 1440W,  37, 1001, XX,  34, NEQ,    0,    0,    0,    0, 1005,    4,  96,   0,   0,    ,   0,    , 225,   7,           ,  ,  0,    ,    0,    0,    0,    0, THERMO PARAMS, -11, 263, 218, N, 10, DT, -999, SHR82, -99, 
CP, 02, 2026082000, 03, HFSA,  30, 118N, 1446W,  32, 1008, XX,  34, NEQ,    0,    0,    0,    0,  -99,  -99,  84,   0,   0,    ,   0,    , 240,   6,           ,  ,  0,    ,    0,    0,    0,    0, THERMO PARAMS, -18, -94, 190, N, 10, DT, -999, SHR82, -99, 
CP, 02, 2026082000, 03, HFSA,  36, 120N, 1450W,  31, 1007, XX,  34, NEQ,    0,    0,    0,    0,  -99,  -99,  90,   0,   0,    ,   0,    , 284,   8,           ,  ,  0,    ,    0,    0,    0,    0, THERMO PARAMS, -33, 102, 84, N, 10, DT, -999, SHR82, -99, 
CP, 02, 2026082000, 03, HFSA,  42, 121N, 1457W,  35, 1008, XX,  34, NEQ,    0,    0,    0,    0,  -99,  -99, 134,   0,   0,    ,   0,    , 285,   6,           ,  ,  0,    ,    0,    0,    0,    0, THERMO PARAMS, -64, -2, 39, N, 10, DT, -999, SHR82, -99, 
CP, 02, 2026082000, 03, HFSA,  48, 128N, 1464W,  34, 1006, XX,  34, NEQ,    0,    0,    0,    0,  -99,  -99, 106,   0,   0,    ,   0,    , 310,   9,           ,  ,  0,    ,    0,    0,    0,    0, THERMO PARAMS, -58, 132, 119, N, 10, DT, -999, SHR82, -99, 
CP, 02, 2026082000, 03, HFSA,  54, 128N, 1471W,  35, 1006, XX,  34, NEQ,    0,    0,    0,    0,  -99,  -99,  84,   0,   0,    ,   0,    , 264,   6,           ,  ,  0,    ,    0,    0,    0,    0, THERMO PARAMS, -54, 309, 86, N, 10, DT, -999, SHR82, -99, 
CP, 02, 2026082000, 03, HFSA,  60, 132N, 1477W,  32, 1006, XX,  34, NEQ,    0,    0,    0,    0,  -99,  -99, 126,   0,   0,    ,   0,    , 293,   8,           ,  ,  0,    ,    0,    0,    0,    0, THERMO PARAMS, -75, 497, 22, N, 10, DT, -999, SHR82, -99, 
CP, 02, 2026082000, 03, HFSA,  66, 141N, 1481W,  37, 1008, XX,  34, NEQ,    0,    0,    0,    0,  -99,  -99,  84,   0,   0,    ,   0,    , 316,   9,           ,  ,  0,    ,    0,    0,    0,    0, THERMO PARAMS, -54, 342, 298, N, 10, DT, -999, SHR82, -99, 
CP, 02, 2026082000, 03, HFSA,  72, 145N, 1492W,  40, 1006, XX,  34, NEQ,    0,    0,    0,    0,  -99,  -99,  84,   0,   0,    ,   0,    , 302,  10,           ,  ,  0,    ,    0,    0,    0,    0, THERMO PARAMS, -101, 292, 456, N, 10, DT, -999, SHR82, -99, 
CP, 02, 2026082000, 03, HFSA,  78, 152N, 1497W,  54, 1002, XX,  34, NEQ,   66,    0,    0,   39, 1006,   12,  28,   0,   0,    ,   0,    , 329,   7,           ,  ,  0,    ,    0,    0,    0,    0, THERMO PARAMS, 0, -22, 321, N, 10, DT, -999, SHR82, -99, 
CP, 02, 2026082000, 03, HFSA,  78, 152N, 1497W,  54, 1002, XX,  50, NEQ,   29,    0,    0,    0, 1006,   12,  28,   0,   0,    ,   0,    , 329,   7,           ,  ,  0,    ,    0,    0,    0,    0, THERMO PARAMS, 0, -22, 321, N, 10, DT, -999, SHR82, -99, 
CP, 02, 2026082000, 03, HFSA,  84, 153N, 1508W,  47, 1004, XX,  34, NEQ,   79,    0,    0,   53,  -99,  -99,  64,   0,   0,    ,   0,    , 272,  11,           ,  ,  0,    ,    0,    0,    0,    0, THERMO PARAMS, -137, 493, 417, N, 10, DT, -999, SHR82, -99, 
CP, 02, 2026082000, 03, HFSA,  90, 158N, 1517W,  52, 1000, XX,  34, NEQ,   55,   23,    0,   62, 1004,   13,  21,   0,   0,    ,   0,    , 285,  10,           ,  ,  0,    ,    0,    0,    0,    0, THERMO PARAMS, -144, 748, 277, N, 10, DT, -999, SHR82, -99, 
CP, 02, 2026082000, 03, HFSA,  90, 158N, 1517W,  52, 1000, XX,  50, NEQ,    0,    0,    0,   21, 1004,   13,  21,   0,   0,    ,   0,    , 285,  10,           ,  ,  0,    ,    0,    0,    0,    0, THERMO PARAMS, -144, 748, 277, N, 10, DT, -999, SHR82, -99, 
CP, 02, 2026082000, 03, HFSA,  96, 157N, 1528W,  44, 1000, XX,  34, NEQ,   73,    0,   34,   73, 1004,    8,  48,   0,   0,    ,   0,    , 263,   9,           ,  ,  0,    ,    0,    0,    0,    0, THERMO PARAMS, -129, 803, 149, N, 10, DT, -999, SHR82, -99, 
CP, 02, 2026082000, 03, HFSA, 102, 154N, 1538W,  44, 1003, XX,  34, NEQ,  125,    0,    0,   89, 1007,   36,  68,   0,   0,    ,   0,    , 257,   9,           ,  ,  0,    ,    0,    0,    0,    0, THERMO PARAMS, -122, 1090, 293, N, 10, DT, -999, SHR82, -99, 
CP, 02, 2026082000, 03, HFSA, 108, 155N, 1551W,  46,  996, XX,  34, NEQ,   34,    0,    0,   40, 1000,    7,  16,   0,   0,    ,   0,    , 274,  11,           ,  ,  0,    ,    0,    0,    0,    0, THERMO PARAMS, -103, 736, 352, N, 10, DT, -999, SHR82, -99, 
CP, 02, 2026082000, 03, HFSA, 114, 156N, 1562W,  42, 1000, XX,  34, NEQ,  110,    0,    0,   45, 1004,   15,  38,   0,   0,    ,   0,    , 273,  11,           ,  ,  0,    ,    0,    0,    0,    0, THERMO PARAMS, -105, 744, 304, N, 10, DT, -999, SHR82, -99, 
CP, 02, 2026082000, 03, HFSA, 120, 155N, 1576W,  36, 1001, XX,  34, NEQ,   49,    0,    0,    0, 1005,   36,  48,   0,   0,    ,   0,    , 269,  10,           ,  ,  0,    ,    0,    0,    0,    0, THERMO PARAMS, -74, 632, 195, N, 10, DT, -999, SHR82, -99, 
CP, 02, 2026082000, 03, HFSA, 126, 156N, 1590W,  54,  994, XX,  34, NEQ,   39,    0,    0,   34, 1006,   47,  26,   0,   0,    ,   0,    , -99, -99,           ,  ,  0,    ,    0,    0,    0,    0, THERMO PARAMS, -50, 554, 559, N, 10, DT, -999, SHR82, -99, 
CP, 02, 2026082000, 03, HFSA, 126, 156N, 1590W,  54,  994, XX,  50, NEQ,    0,    0,    0,   29, 1006,   47,  26,   0,   0,    ,   0,    , -99, -99,           ,  ,  0,    ,    0,    0,    0,    0, THERMO PARAMS, -50, 554, 559, N, 10, DT, -999, SHR82, -99, 
CP, 02, 2026082000, 03, TVCN,   0, 104N, 1400W,   0,    0,   ,   0,    ,    0,    0,    0,    0, 
CP, 02, 2026082000, 03, TVCN,  12, 113N, 1420W,   0,    0,   ,   0,    ,    0,    0,    0,    0, 
CP, 02, 2026082000, 03, TVCN,  24, 121N, 1436W,   0,    0,   ,   0,    ,    0,    0,    0,    0, 
CP, 02, 2026082000, 03, TVCN,  36, 129N, 1453W,   0,    0,   ,   0,    ,    0,    0,    0,    0, 
CP, 02, 2026082000, 03, TVCN,  48, 139N, 1471W,   0,    0,   ,   0,    ,    0,    0,    0,    0, 
CP, 02, 2026082000, 03, TVCN,  60, 149N, 1490W,   0,    0,   ,   0,    ,    0,    0,    0,    0, 
CP, 02, 2026082000, 03, TVCN,  72, 159N, 1512W,   0,    0,   ,   0,    ,    0,    0,    0,    0, 
CP, 02, 2026082000, 03, TVCN,  84, 167N, 1535W,   0,    0,   ,   0,    ,    0,    0,    0,    0, 
CP, 02, 2026082000, 03, TVCN,  96, 174N, 1559W,   0,    0,   ,   0,    ,    0,    0,    0,    0, 
CP, 02, 2026082000, 03, TVCN, 108, 179N, 1583W,   0,    0,   ,   0,    ,    0,    0,    0,    0, 
CP, 02, 2026082000, 03, TVCN, 120, 182N, 1607W,   0,    0,   ,   0,    ,    0,    0,    0,    0, 
CP, 02, 2026082000, 03, TVCN, 132, 185N, 1630W,   0,    0,   ,   0,    ,    0,    0,    0,    0, 
CP, 02, 2026082000, 03, TVCN, 144, 188N, 1657W,   0,    0,   ,   0,    ,    0,    0,    0,    0, 
CP, 02, 2026082000, 03, TVCN, 156, 189N, 1676W,   0,    0,   ,   0,    ,    0,    0,    0,    0, 
CP, 02, 2026082000, 03, TVCN, 168, 189N, 1696W,   0,    0,   ,   0,    ,    0,    0,    0,    0, 
CP, 02, 2026082006, 03, AVNO,   0, 104N, 1410W,  19, 1010, XX,  34, NEQ,    0,    0,    0,    0,  -99,  -99, 159,   0,   0, 
CP, 02, 2026082006, 03, AVNO,   6, 111N, 1419W,  20, 1008, XX,  34, NEQ,    0,    0,    0,    0,  -99,  -99, 151,   0,   0, 
CP, 02, 2026082006, 03, AVNO,  12, 112N, 1439W,  21, 1009, XX,  34, NEQ,    0,    0,    0,    0,  -99,  -99, 118,   0,   0, 
CP, 02, 2026082006, 03, AVNO,  18, 112N, 1440W,  20, 1007, XX,  34, NEQ,    0,    0,    0,    0,  -99,  -99, 161,   0,   0, 
CP, 02, 2026082006, 03, AVNO,  24, 115N, 1443W,  25, 1009, XX,  34, NEQ,    0,    0,    0,    0,  -99,  -99, 138,   0,   0, 
CP, 02, 2026082006, 03, AVNO,  30, 119N, 1454W,  27, 1005, XX,  34, NEQ,    0,    0,    0,    0,  -99,  -99,  96,   0,   0, 
CP, 02, 2026082006, 03, AVNO,  36, 122N, 1460W,  27, 1008, XX,  34, NEQ,    0,    0,    0,    0,  -99,  -99, 119,   0,   0, 
CP, 02, 2026082006, 03, AVNO,  42, 127N, 1466W,  23, 1006, XX,  34, NEQ,    0,    0,    0,    0,  -99,  -99,  51,   0,   0, 
CP, 02, 2026082006, 03, AVNO,  48, 132N, 1474W,  28, 1007, XX,  34, NEQ,    0,    0,    0,    0,  -99,  -99, 144,   0,   0, 
CP, 02, 2026082006, 03, AVNO,  54, 140N, 1484W,  29, 1006, XX,  34, NEQ,    0,    0,    0,    0, 1010,  264, 107,   0,   0, 
CP, 02, 2026082006, 03, AVNO,  60, 149N, 1495W,  31, 1007, XX,  34, NEQ,    0,    0,    0,    0, 1011,  131,  60,   0,   0, 
CP, 02, 2026082006, 03, AVNO,  66, 156N, 1506W,  46, 1001, XX,  34, NEQ,   16,    0,    0,   43, 1009,  224,  14,   0,   0, 
CP, 02, 2026082006, 03, AVNO,  72, 157N, 1518W,  39, 1003, XX,  34, NEQ,   71,    0,    0,   43, 1007,   31,  51,   0,   0, 
CP, 02, 2026082006, 03, AVNO,  78, 158N, 1529W,  34, 1004, XX,  34, NEQ,    0,    0,    0,   63, 1008,   70,  63,   0,   0, 
CP, 02, 2026082006, 03, AVNO,  84, 159N, 1540W,  35, 1007, XX,  34, NEQ,    0,    0,    0,   23, 1011,  105,  22,   0,   0, 
CP, 02, 2026082006, 03, AVNO,  90, 161N, 1552W,  32, 1005, XX,  34, NEQ,    0,    0,    0,    0, 1009,  129,  87,   0,   0, 
CP, 02, 2026082006, 03, AVNO,  96, 160N, 1562W,  33, 1006, XX,  34, NEQ,    0,    0,    0,    0, 1010,  122,  46,   0,   0, 
CP, 02, 2026082006, 03, AVNO, 102, 159N, 1573W,  28, 1005, XX,  34, NEQ,    0,    0,    0,    0, 1009,  165, 113,   0,   0, 
CP, 02, 2026082006, 03, AVNO, 108, 159N, 1585W,  28, 1007, XX,  34, NEQ,    0,    0,    0,    0, 1011,  147,  48,   0,   0, 
CP, 02, 2026082006, 03, AVNO, 114, 159N, 1596W,  25, 1006, XX,  34, NEQ,    0,    0,    0,    0,  -99,  -99,  44,   0,   0, 
CP, 02, 2026082006, 03, AVNO, 120, 158N, 1605W,  23, 1008, XX,  34, NEQ,    0,    0,    0,    0,  -99,  -99,  78,   0,   0, 
CP, 02, 2026082006, 03, AVNO, 126, 159N, 1614W,  23, 1007, XX,  34, NEQ,    0,    0,    0,    0,  -99,  -99,  84,   0,   0, 
CP, 02, 2026082006, 03, AVNO, 132, 161N, 1624W,  24, 1008, XX,  34, NEQ,    0,    0,    0,    0,  -99,  -99,  41,   0,   0, 
CP, 02, 2026082006, 03, AVNO, 138, 163N, 1634W,  24, 1007, XX,  34, NEQ,    0,    0,    0,    0,  -99,  -99,  41,   0,   0, 
CP, 02, 2026082006, 03, AVNO, 144, 166N, 1644W,  23, 1008, XX,  34, NEQ,    0,    0,    0,    0,  -99,  -99,  57,   0,   0, 
CP, 02, 2026082006, 03, AVNO, 150, 168N, 1655W,  23, 1008, XX,  34, NEQ,    0,    0,    0,    0,  -99,  -99,  57,   0,   0, 
CP, 02, 2026082006, 03, AVNO, 156, 169N, 1667W,  23, 1009, XX,  34, NEQ,    0,    0,    0,    0,  -99,  -99,  63,   0,   0, 
CP, 02, 2026082006, 03, AVNO, 162, 171N, 1678W,  22, 1008, XX,  34, NEQ,    0,    0,    0,    0,  -99,  -99,  67,   0,   0, 
CP, 02, 2026082006, 03, AVNO, 168, 173N, 1689W,  21, 1008, XX,  34, NEQ,    0,    0,    0,    0,  -99,  -99,  61,   0,   0, 
CP, 02, 2026082006, 03, AVNO, 174, 174N, 1699W,  21, 1009, XX,  34, NEQ,    0,    0,    0,    0,  -99,  -99,  67,   0,   0, 
CP, 02, 2026082006, 03, AVNO, 180, 175N, 1709W,  21, 1009, XX,  34, NEQ,    0,    0,    0,    0,  -99,  -99,  80,   0,   0, 
CP, 02, 2026082006, 03, AVNO, 186, 176N, 1717W,  20, 1009, XX,  34, NEQ,    0,    0,    0,    0,  -99,  -99,  85,   0,   0, 
CP, 02, 2026082006, 03, AVNO, 192, 178N, 1726W,  19, 1009, XX,  34, NEQ,    0,    0,    0,    0,  -99,  -99,  67,   0,   0, 
CP, 02, 2026082006, 03, AVNO, 198, 181N, 1736W,  19, 1009, XX,  34, NEQ,    0,    0,    0,    0,  -99,  -99,  66,   0,   0, 
CP, 02, 2026082006, 03, AVNO, 204, 182N, 1747W,  19, 1009, XX,  34, NEQ,    0,    0,    0,    0,  -99,  -99,  80,   0,   0, 
CP, 02, 2026082006, 03, AVNO, 210, 183N, 1757W,  18, 1010, XX,  34, NEQ,    0,    0,    0,    0,  -99,  -99,  72,   0,   0, 
CP, 02, 2026082006, 03, AVNO, 216, 185N, 1768W,  18, 1009, XX,  34, NEQ,    0,    0,    0,    0,  -99,  -99, 152,   0,   0, 
CP, 02, 2026082006, 03, AVNO, 222, 189N, 1777W,  18, 1010, XX,  34, NEQ,    0,    0,    0,    0,  -99,  -99, 149,   0,   0, 
CP, 02, 2026082006, 03, AVNO, 228, 191N, 1792W,  19, 1010, XX,  34, NEQ,    0,    0,    0,    0,  -99,  -99,  90,   0,   0, 
CP, 02, 2026082006, 03, AVNO, 234, 195N, 1798E,  19, 1011, XX,  34, NEQ,    0,    0,    0,    0,  -99,  -99, 161,   0,   0, 
CP, 02, 2026082006, 03, AVNO, 240, 200N, 1784E,  18, 1011, XX,  34, NEQ,    0,    0,    0,    0,  -99,  -99, 156,   0,   0, 
CP, 02, 2026082006, 03, HCCA,   0, 109N, 1411W,  30,    0,   ,   0,    ,    0,    0,    0,    0, 
CP, 02, 2026082006, 03, HCCA,  12, 119N, 1433W,  39,    0,   ,   0,    ,    0,    0,    0,    0, 
CP, 02, 2026082006, 03, HCCA,  24, 127N, 1450W,  49,    0,   ,   0,    ,    0,    0,    0,    0, 
CP, 02, 2026082006, 03, HCCA,  36, 136N, 1467W,  61,    0,   ,   0,    ,    0,    0,    0,    0, 
CP, 02, 2026082006, 03, HCCA,  48, 146N, 1485W,  66,    0,   ,   0,    ,    0,    0,    0,    0, 
CP, 02, 2026082006, 03, HCCA,  60, 158N, 1505W,  63,    0,   ,   0,    ,    0,    0,    0,    0, 
CP, 02, 2026082006, 03, HCCA,  72, 168N, 1529W,  60,    0,   ,   0,    ,    0,    0,    0,    0, 
CP, 02, 2026082006, 03, HCCA,  84, 176N, 1553W,  54,    0,   ,   0,    ,    0,    0,    0,    0, 
CP, 02, 2026082006, 03, HCCA,  96, 181N, 1579W,  48,    0,   ,   0,    ,    0,    0,    0,    0, 
CP, 02, 2026082006, 03, HCCA, 108, 186N, 1601W,  47,    0,   ,   0,    ,    0,    0,    0,    0, 
CP, 02, 2026082006, 03, HCCA, 120, 189N, 1623W,  44,    0,   ,   0,    ,    0,    0,    0,    0, 
CP, 02, 2026082006, 03, HCCA, 132, 195N, 1642W,  45,    0,   ,   0,    ,    0,    0,    0,    0, 
CP, 02, 2026082006, 03, HCCA, 144, 201N, 1659W,  45,    0,   ,   0,    ,    0,    0,    0,    0, 
CP, 02, 2026082006, 03, HCCA, 156, 206N, 1675W,  45,    0,   ,   0,    ,    0,    0,    0,    0, 
CP, 02, 2026082006, 03, HCCA, 168, 210N, 1690W,  47,    0,   ,   0,    ,    0,    0,    0,    0, 
CP, 02, 2026082006, 03, HFSA,   0, 109N, 1409W,  29, 1009, XX,  34, NEQ,    0,    0,    0,    0,  -99,  -99,  68,   0,   0,    ,   0,    , 289,  10,           ,  ,  0,    ,    0,    0,    0,    0, THERMO PARAMS, 23, -202, 132, N, 10, DT, -999, SHR82, -99, 
CP, 02, 2026082006, 03, HFSA,   6, 110N, 1418W,  34, 1007, XX,  34, NEQ,    0,    0,    0,    0,  -99,  -99, 127,   0,   0,    ,   0,    , 302,   6,           ,  ,  0,    ,    0,    0,    0,    0, THERMO PARAMS, 52, -9999, -9999, N, 10, DT, -999, SHR82, -99, 
CP, 02, 2026082006, 03, HFSA,  12, 126N, 1436W,  36, 1008, XX,  34, NEQ,    0,    0,    0,    0,  -99,  -99, 114,   0,   0,    ,   0,    , 300,  13,           ,  ,  0,    ,    0,    0,    0,    0, THERMO PARAMS, -3, -236, 327, N, 10, DT, -999, SHR82, -99, 
CP, 02, 2026082006, 03, HFSA,  18, 122N, 1438W,  32, 1006, XX,  34, NEQ,    0,    0,    0,    0,  -99,  -99, 160,   0,   0,    ,   0,    , 218,   5,           ,  ,  0,    ,    0,    0,    0,    0, THERMO PARAMS, -5, -9999, -9999, N, 10, DT, -999, SHR82, -99, 
CP, 02, 2026082006, 03, HFSA,  24, 121N, 1439W,  29, 1007, XX,  34, NEQ,    0,    0,    0,    0, 1011,  123, 133,   0,   0,    ,   0,    , 270,   2,           ,  ,  0,    ,    0,    0,    0,    0, THERMO PARAMS, -30, -337, 289, N, 10, DT, -999, SHR82, -99, 
CP, 02, 2026082006, 03, HFSA,  30, 124N, 1444W,  33, 1004, XX,  34, NEQ,    0,    0,    0,    0, 1008,   60, 109,   0,   0,    ,   0,    , 304,   7,           ,  ,  0,    ,    0,    0,    0,    0, THERMO PARAMS, -34, 46, 352, N, 10, DT, -999, SHR82, -99, 
CP, 02, 2026082006, 03, HFSA,  36, 131N, 1452W,  33, 1007, XX,  34, NEQ,    0,    0,    0,    0,  -99,  -99, 128,   0,   0,    ,   0,    , 305,  10,           ,  ,  0,    ,    0,    0,    0,    0, THERMO PARAMS, -52, -32, 197, N, 10, DT, -999, SHR82, -99, 
CP, 02, 2026082006, 03, HFSA,  42, 137N, 1460W,  35, 1004, XX,  34, NEQ,    0,    0,    0,    0, 1008,   82,  85,   0,   0,    ,   0,    , 300,   9,           ,  ,  0,    ,    0,    0,    0,    0, THERMO PARAMS, -63, 223, 312, N, 10, DT, -999, SHR82, -99, 
CP, 02, 2026082006, 03, HFSA,  48, 142N, 1470W,  34, 1007, XX,  34, NEQ,    0,    0,    0,    0,  -99,  -99,  81,   0,   0,    ,   0,    , 288,  10,           ,  ,  0,    ,    0,    0,    0,    0, THERMO PARAMS, -91, 170, 387, N, 10, DT, -999, SHR82, -99, 
CP, 02, 2026082006, 03, HFSA,  54, 147N, 1481W,  42, 1006, XX,  34, NEQ,    0,    0,    0,    0,  -99,  -99,  69,   0,   0,    ,   0,    , 291,  11,           ,  ,  0,    ,    0,    0,    0,    0, THERMO PARAMS, -120, 165, 397, N, 10, DT, -999, SHR82, -99, 
CP, 02, 2026082006, 03, HFSA,  60, 151N, 1489W,  41, 1003, XX,  34, NEQ,   68,    0,    0,   50, 1007,    8,  56,   0,   0,    ,   0,    , 295,  10,           ,  ,  0,    ,    0,    0,    0,    0, THERMO PARAMS, -124, 628, 417, N, 10, DT, -999, SHR82, -99, 
CP, 02, 2026082006, 03, HFSA,  66, 155N, 1499W,  45, 1000, XX,  34, NEQ,   52,    0,    0,   39, 1008,   58,  47,   0,   0,    ,   0,    , 300,  10,           ,  ,  0,    ,    0,    0,    0,    0, THERMO PARAMS, -137, 611, 646, N, 10, DT, -999, SHR82, -99, 
CP, 02, 2026082006, 03, HFSA,  72, 155N, 1511W,  41, 1002, XX,  34, NEQ,   39,    0,    0,   65, 1006,    9,  40,   0,   0,    ,   0,    , 281,  10,           ,  ,  0,    ,    0,    0,    0,    0, THERMO PARAMS, -143, 506, 531, N, 10, DT, -999, SHR82, -99, 
CP, 02, 2026082006, 03, HFSA,  78, 158N, 1524W,  37, 1006, XX,  34, NEQ,    0,    0,    0,    0,  -99,  -99,  78,   0,   0,    ,   0,    , 283,  10,           ,  ,  0,    ,    0,    0,    0,    0, THERMO PARAMS, -125, 319, 414, N, 10, DT, -999, SHR82, -99, 
CP, 02, 2026082006, 03, HFSA,  84, 159N, 1535W,  40, 1007, XX,  34, NEQ,    0,    0,    0,    0,  -99,  -99,  85,   0,   0,    ,   0,    , 269,  10,           ,  ,  0,    ,    0,    0,    0,    0, THERMO PARAMS, -139, 184, 240, N, 10, DT, -999, SHR82, -99, 
CP, 02, 2026082006, 03, HFSA,  90, 160N, 1545W,  43, 1004, XX,  34, NEQ,    0,    0,    0,   57,  -99,  -99,  70,   0,   0,    ,   0,    , 271,   8,           ,  ,  0,    ,    0,    0,    0,    0, THERMO PARAMS, -116, 178, 318, N, 10, DT, -999, SHR82, -99, 
CP, 02, 2026082006, 03, HFSA,  96, 159N, 1556W,  58,  998, XX,  34, NEQ,    0,    0,    0,   39, 1002,    5,  20,   0,   0,    ,   0,    , 254,  10,           ,  ,  0,    ,    0,    0,    0,    0, THERMO PARAMS, -118, 617, 496, N, 10, DT, -999, SHR82, -99, 
CP, 02, 2026082006, 03, HFSA,  96, 159N, 1556W,  58,  998, XX,  50, NEQ,    0,    0,    0,   31, 1002,    5,  20,   0,   0,    ,   0,    , 254,  10,           ,  ,  0,    ,    0,    0,    0,    0, THERMO PARAMS, -118, 617, 496, N, 10, DT, -999, SHR82, -99, 
CP, 02, 2026082006, 03, HFSA, 102, 159N, 1571W,  40, 1005, XX,  34, NEQ,    0,    0,    0,    0,  -99,  -99,  34,   0,   0,    ,   0,    , 277,  11,           ,  ,  0,    ,    0,    0,    0,    0, THERMO PARAMS, -98, 401, 346, N, 10, DT, -999, SHR82, -99, 
CP, 02, 2026082006, 03, HFSA, 108, 156N, 1585W,  35, 1006, XX,  34, NEQ,    0,    0,    0,    0, 1010,   94,  82,   0,   0,    ,   0,    , 254,  12,           ,  ,  0,    ,    0,    0,    0,    0, THERMO PARAMS, -60, 233, 206, N, 10, DT, -999, SHR82, -99, 
CP, 02, 2026082006, 03, HFSA, 114, 155N, 1599W,  33, 1001, XX,  34, NEQ,    0,    0,    0,    0, 1005,    8,  29,   0,   0,    ,   0,    , 263,  11,           ,  ,  0,    ,    0,    0,    0,    0, THERMO PARAMS, -51, 560, 286, N, 10, DT, -999, SHR82, -99, 
CP, 02, 2026082006, 03, HFSA, 120, 152N, 1611W,  30, 1006, XX,  34, NEQ,    0,    0,    0,    0,  -99,  -99,  39,   0,   0,    ,   0,    , 256,  11,           ,  ,  0,    ,    0,    0,    0,    0, THERMO PARAMS, -39, 276, 210, N, 10, DT, -999, SHR82, -99, 
CP, 02, 2026082006, 03, HFSA, 126, 154N, 1626W,  38, 1004, XX,  34, NEQ,    0,    0,    0,    0,  -99,  -99,  31,   0,   0,    ,   0,    , -99, -99,           ,  ,  0,    ,    0,    0,    0,    0, THERMO PARAMS, -35, 655, 409, N, 10, DT, -999, SHR82, -99, 
CP, 02, 2026082006, 03, TVCN,   0, 109N, 1411W,   0,    0,   ,   0,    ,    0,    0,    0,    0, 
CP, 02, 2026082006, 03, TVCN,  12, 118N, 1430W,   0,    0,   ,   0,    ,    0,    0,    0,    0, 
CP, 02, 2026082006, 03, TVCN,  24, 123N, 1447W,   0,    0,   ,   0,    ,    0,    0,    0,    0, 
CP, 02, 2026082006, 03, TVCN,  36, 129N, 1462W,   0,    0,   ,   0,    ,    0,    0,    0,    0, 
CP, 02, 2026082006, 03, TVCN,  48, 138N, 1479W,   0,    0,   ,   0,    ,    0,    0,    0,    0, 
CP, 02, 2026082006, 03, TVCN,  60, 147N, 1497W,   0,    0,   ,   0,    ,    0,    0,    0,    0, 
CP, 02, 2026082006, 03, TVCN,  72, 154N, 1517W,   0,    0,   ,   0,    ,    0,    0,    0,    0, 
CP, 02, 2026082006, 03, TVCN,  84, 160N, 1539W,   0,    0,   ,   0,    ,    0,    0,    0,    0, 
CP, 02, 2026082006, 03, TVCN,  96, 163N, 1562W,   0,    0,   ,   0,    ,    0,    0,    0,    0, 
CP, 02, 2026082006, 03, TVCN, 108, 166N, 1585W,   0,    0,   ,   0,    ,    0,    0,    0,    0, 
CP, 02, 2026082006, 03, TVCN, 120, 169N, 1608W,   0,    0,   ,   0,    ,    0,    0,    0,    0, 
CP, 02, 2026082006, 03, TVCN, 132, 173N, 1630W,   0,    0,   ,   0,    ,    0,    0,    0,    0, 
CP, 02, 2026082006, 03, TVCN, 144, 186N, 1658W,   0,    0,   ,   0,    ,    0,    0,    0,    0, 
CP, 02, 2026082006, 03, TVCN, 156, 190N, 1675W,   0,    0,   ,   0,    ,    0,    0,    0,    0, 
CP, 02, 2026082006, 03, TVCN, 168, 193N, 1691W,   0,    0,   ,   0,    ,    0,    0,    0,    0, 
CP, 02, 2026082012, 03,  UKX,   0, 114N, 1421W,  21, 1008, XX,  34, NEQ,    0,    0,    0,    0, 
CP, 02, 2026082012, 03,  UKX,   6, 118N, 1427W,  22, 1010, XX,  34, NEQ,    0,    0,    0,    0, 
CP, 02, 2026082012, 03,  UKX,  12, 125N, 1434W,  27, 1008, XX,  34, NEQ,    0,    0,    0,    0, 
CP, 02, 2026082012, 03,  UKX,  18, 133N, 1447W,  31, 1009, XX,  34, NEQ,    0,    0,    0,    0, 
CP, 02, 2026082012, 03,  UKX,  24, 133N, 1461W,  27, 1006, XX,  34, NEQ,    0,    0,    0,    0, 
CP, 02, 2026082012, 03,  UKX,  30, 136N, 1472W,  29, 1008, XX,  34, NEQ,    0,    0,    0,    0, 
CP, 02, 2026082012, 03,  UKX,  36, 137N, 1484W,  30, 1006, XX,  34, NEQ,    0,    0,    0,    0, 
CP, 02, 2026082012, 03,  UKX,  42, 140N, 1495W,  30, 1009, XX,  34, NEQ,    0,    0,    0,    0, 
CP, 02, 2026082012, 03,  UKX,  48, 143N, 1506W,  28, 1007, XX,  34, NEQ,    0,    0,    0,    0, 
CP, 02, 2026082012, 03,  UKX,  54, 146N, 1518W,  30, 1009, XX,  34, NEQ,    0,    0,    0,    0, 
CP, 02, 2026082012, 03,  UKX,  60, 144N, 1532W,  30, 1007, XX,  34, NEQ,    0,    0,    0,    0, 
CP, 02, 2026082012, 03,  UKX,  66, 142N, 1545W,  31, 1008, XX,  34, NEQ,    0,    0,    0,    0, 
CP, 02, 2026082012, 03,  UKX,  72, 140N, 1559W,  28, 1008, XX,  34, NEQ,    0,    0,    0,    0, 
CP, 02, 2026082012, 03,  UKX,  78, 141N, 1575W,  28, 1009, XX,  34, NEQ,    0,    0,    0,    0, 
CP, 02, 2026082012, 03,  UKX,  84, 140N, 1590W,  27, 1008, XX,  34, NEQ,    0,    0,    0,    0, 
CP, 02, 2026082012, 03,  UKX,  90, 143N, 1605W,  24, 1009, XX,  34, NEQ,    0,    0,    0,    0, 
CP, 02, 2026082012, 03,  UKX,  96, 145N, 1619W,  23, 1008, XX,  34, NEQ,    0,    0,    0,    0, 
CP, 02, 2026082012, 03,  UKX, 102, 146N, 1631W,  24, 1009, XX,  34, NEQ,    0,    0,    0,    0, 
CP, 02, 2026082012, 03,  UKX, 108, 148N, 1641W,  24, 1008, XX,  34, NEQ,    0,    0,    0,    0, 
CP, 02, 2026082012, 03,  UKX, 114, 149N, 1654W,  24, 1009, XX,  34, NEQ,    0,    0,    0,    0, 
CP, 02, 2026082012, 03,  UKX, 120, 151N, 1666W,  24, 1008, XX,  34, NEQ,    0,    0,    0,    0, 
CP, 02, 2026082012, 03,  UKX, 126, 154N, 1681W,  26, 1009, XX,  34, NEQ,    0,    0,    0,    0, 
CP, 02, 2026082012, 03,  UKX, 132, 156N, 1694W,  26, 1008, XX,  34, NEQ,    0,    0,    0,    0, 
CP, 02, 2026082012, 03,  UKX, 138, 157N, 1707W,  26, 1008, XX,  34, NEQ,    0,    0,    0,    0, 
CP, 02, 2026082012, 03,  UKX, 144, 157N, 1723W,  25, 1008, XX,  34, NEQ,    0,    0,    0,    0, 
CP, 02, 2026082012, 03, AVNO,   0, 111N, 1419W,  20, 1008, XX,  34, NEQ,    0,    0,    0,    0,  -99,  -99, 153,   0,   0, 
CP, 02, 2026082012, 03, AVNO,   6, 113N, 1436W,  20, 1009, XX,  34, NEQ,    0,    0,    0,    0,  -99,  -99, 110,   0,   0, 
CP, 02, 2026082012, 03, AVNO,  12, 115N, 1441W,  22, 1007, XX,  34, NEQ,    0,    0,    0,    0,  -99,  -99, 158,   0,   0, 
CP, 02, 2026082012, 03, AVNO,  18, 119N, 1447W,  25, 1009, XX,  34, NEQ,    0,    0,    0,    0,  -99,  -99,  60,   0,   0, 
CP, 02, 2026082012, 03, AVNO,  24, 119N, 1454W,  24, 1007, XX,  34, NEQ,    0,    0,    0,    0, 1011, 1607, 143,   0,   0, 
CP, 02, 2026082012, 03, AVNO,  30, 121N, 1459W,  27, 1008, XX,  34, NEQ,    0,    0,    0,    0,  -99,  -99,  33,   0,   0, 
CP, 02, 2026082012, 03, AVNO,  36, 127N, 1466W,  23, 1006, XX,  34, NEQ,    0,    0,    0,    0, 1010, 1331, 155,   0,   0, 
CP, 02, 2026082012, 03, AVNO,  42, 133N, 1474W,  29, 1007, XX,  34, NEQ,    0,    0,    0,    0,  -99,  -99, 156,   0,   0, 
CP, 02, 2026082012, 03, AVNO,  48, 140N, 1485W,  28, 1007, XX,  34, NEQ,    0,    0,    0,    0,  -99,  -99, 115,   0,   0, 
CP, 02, 2026082012, 03, AVNO,  54, 149N, 1497W,  29, 1009, XX,  34, NEQ,    0,    0,    0,    0,  -99,  -99, 160,   0,   0, 
CP, 02, 2026082012, 03, AVNO,  60, 154N, 1512W,  32, 1006, XX,  34, NEQ,    0,    0,    0,    0, 1010,  480,  23,   0,   0, 
CP, 02, 2026082012, 03, AVNO,  66, 154N, 1524W,  29, 1007, XX,  34, NEQ,    0,    0,    0,    0,  -99,  -99,  85,   0,   0, 
CP, 02, 2026082012, 03, AVNO,  72, 154N, 1537W,  28, 1006, XX,  34, NEQ,    0,    0,    0,    0,  -99,  -99, 118,   0,   0, 
CP, 02, 2026082012, 03, AVNO,  78, 155N, 1548W,  30, 1008, XX,  34, NEQ,    0,    0,    0,    0,  -99,  -99, 100,   0,   0, 
CP, 02, 2026082012, 03, AVNO,  84, 154N, 1561W,  26, 1007, XX,  34, NEQ,    0,    0,    0,    0,  -99,  -99, 110,   0,   0, 
CP, 02, 2026082012, 03, AVNO,  90, 154N, 1573W,  25, 1008, XX,  34, NEQ,    0,    0,    0,    0,  -99,  -99, 113,   0,   0, 
CP, 02, 2026082012, 03, AVNO,  96, 152N, 1585W,  23, 1008, XX,  34, NEQ,    0,    0,    0,    0,  -99,  -99, 128,   0,   0, 
CP, 02, 2026082012, 03, AVNO, 102, 154N, 1598W,  22, 1009, XX,  34, NEQ,    0,    0,    0,    0,  -99,  -99, 160,   0,   0, 
CP, 02, 2026082012, 03, AVNO, 108, 154N, 1609W,  22, 1008, XX,  34, NEQ,    0,    0,    0,    0,  -99,  -99, 138,   0,   0, 
CP, 02, 2026082012, 03, AVNO, 114, 155N, 1622W,  22, 1009, XX,  34, NEQ,    0,    0,    0,    0,  -99,  -99,  65,   0,   0, 
CP, 02, 2026082012, 03, AVNO, 120, 154N, 1634W,  20, 1009, XX,  34, NEQ,    0,    0,    0,    0,  -99,  -99, 107,   0,   0, 
CP, 02, 2026082012, 03, AVNO, 126, 154N, 1645W,  21, 1009, XX,  34, NEQ,    0,    0,    0,    0,  -99,  -99,  98,   0,   0, 
CP, 02, 2026082012, 03, AVNO, 132, 154N, 1655W,  22, 1008, XX,  34, NEQ,    0,    0,    0,    0,  -99,  -99,  95,   0,   0, 
CP, 02, 2026082012, 03, AVNO, 138, 155N, 1663W,  23, 1008, XX,  34, NEQ,    0,    0,    0,    0,  -99,  -99, 157,   0,   0, 
CP, 02, 2026082012, 03, AVNO, 144, 154N, 1671W,  22, 1009, XX,  34, NEQ,    0,    0,    0,    0,  -99,  -99, 158,   0,   0, 
CP, 02, 2026082012, 03, AVNO, 150, 156N, 1678W,  23, 1009, XX,  34, NEQ,    0,    0,    0,    0,  -99,  -99, 106,   0,   0, 
CP, 02, 2026082012, 03, AVNO, 156, 159N, 1686W,  23, 1009, XX,  34, NEQ,    0,    0,    0,    0,  -99,  -99,  71,   0,   0, 
CP, 02, 2026082012, 03, AVNO, 162, 161N, 1693W,  23, 1009, XX,  34, NEQ,    0,    0,    0,    0,  -99,  -99, 100,   0,   0, 
CP, 02, 2026082012, 03, AVNO, 168, 163N, 1700W,  22, 1009, XX,  34, NEQ,    0,    0,    0,    0,  -99,  -99,  90,   0,   0, 
CP, 02, 2026082012, 03, AVNO, 174, 165N, 1706W,  19, 1010, XX,  34, NEQ,    0,    0,    0,    0,  -99,  -99, 100,   0,   0, 
CP, 02, 2026082012, 03, AVNO, 180, 169N, 1713W,  18, 1010, XX,  34, NEQ,    0,    0,    0,    0,  -99,  -99, 134,   0,   0, 
CP, 02, 2026082012, 03, AVNO, 186, 170N, 1718W,  18, 1009, XX,  34, NEQ,    0,    0,    0,    0,  -99,  -99, 133,   0,   0, 
CP, 02, 2026082012, 03, AVNO, 192, 170N, 1723W,  20, 1009, XX,  34, NEQ,    0,    0,    0,    0,  -99,  -99,  69,   0,   0, 
CP, 02, 2026082012, 03, AVNO, 198, 168N, 1733W,  20, 1009, XX,  34, NEQ,    0,    0,    0,    0,  -99,  -99,  55,   0,   0, 
CP, 02, 2026082012, 03, AVNO, 204, 169N, 1741W,  17, 1009, XX,  34, NEQ,    0,    0,    0,    0,  -99,  -99,  69,   0,   0, 
CP, 02, 2026082012, 03, AVNO, 210, 171N, 1748W,  18, 1009, XX,  34, NEQ,    0,    0,    0,    0,  -99,  -99, 161,   0,   0, 
CP, 02, 2026082012, 03, AVNO, 216, 171N, 1756W,  19, 1009, XX,  34, NEQ,    0,    0,    0,    0,  -99,  -99, 161,   0,   0, 
CP, 02, 2026082012, 03, AVNO, 222, 175N, 1766W,  17, 1009, XX,  34, NEQ,    0,    0,    0,    0,  -99,  -99, 160,   0,   0, 
CP, 02, 2026082012, 03, AVNO, 228, 180N, 1772W,  18, 1010, XX,  34, NEQ,    0,    0,    0,    0,  -99,  -99, 101,   0,   0, 
CP, 02, 2026082012, 03, AVNO, 234, 186N, 1780W,  18, 1010, XX,  34, NEQ,    0,    0,    0,    0,  -99,  -99, 147,   0,   0, 
CP, 02, 2026082012, 03, AVNO, 240, 187N, 1791W,  16, 1011, XX,  34, NEQ,    0,    0,    0,    0,  -99,  -99, 148,   0,   0, 
CP, 02, 2026082012, 03, HCCA,   0, 117N, 1426W,  30,    0,   ,   0,    ,    0,    0,    0,    0, 
CP, 02, 2026082012, 03, HFSA,   0, 117N, 1426W,  29, 1007, XX,  34, NEQ,    0,    0,    0,    0,  -99,  -99,  96,   0,   0,    ,   0,    , 290,  10,           ,  ,  0,    ,    0,    0,    0,    0, THERMO PARAMS, 21, -140, 225, N, 10, DT, -999, SHR82, -99, 
CP, 02, 2026082012, 03, HFSA,   6, 119N, 1434W,  30, 1008, XX,  34, NEQ,    0,    0,    0,    0,  -99,  -99, 160,   0,   0,    ,   0,    , 278,  10,           ,  ,  0,    ,    0,    0,    0,    0, THERMO PARAMS, -11, -180, -2, N, 10, DT, -999, SHR82, -99, 
CP, 02, 2026082012, 03, HFSA,  12, 124N, 1444W,  31, 1005, XX,  34, NEQ,    0,    0,    0,    0,  -99,  -99,  35,   0,   0,    ,   0,    , 295,   9,           ,  ,  0,    ,    0,    0,    0,    0, THERMO PARAMS, -17, -33, 206, N, 10, DT, -999, SHR82, -99, 
CP, 02, 2026082012, 03, HFSA,  18, 121N, 1455W,  38, 1008, XX,  34, NEQ,    0,    0,    0,    0,  -99,  -99, 107,   0,   0,    ,   0,    , 255,   9,           ,  ,  0,    ,    0,    0,    0,    0, THERMO PARAMS, -26, -63, 207, N, 10, DT, -999, SHR82, -99, 
CP, 02, 2026082012, 03, HFSA,  24, 118N, 1462W,  33, 1006, XX,  34, NEQ,    0,    0,    0,    0,  -99,  -99,  65,   0,   0,    ,   0,    , 262,   8,           ,  ,  0,    ,    0,    0,    0,    0, THERMO PARAMS, -12, 240, 200, N, 10, DT, -999, SHR82, -99, 
CP, 02, 2026082012, 03, HFSA,  30, 118N, 1468W,  32, 1008, XX,  34, NEQ,    0,    0,    0,    0,  -99,  -99, 121,   0,   0,    ,   0,    , 283,   7,           ,  ,  0,    ,    0,    0,    0,    0, THERMO PARAMS, -59, -129, 96, N, 10, DT, -999, SHR82, -99, 
CP, 02, 2026082012, 03, HFSA,  36, 121N, 1475W,  32, 1006, XX,  34, NEQ,    0,    0,    0,    0,  -99,  -99,  75,   0,   0,    ,   0,    , 294,   7,           ,  ,  0,    ,    0,    0,    0,    0, THERMO PARAMS, -69, 44, 486, N, 10, DT, -999, SHR82, -99, 
CP, 02, 2026082012, 03, HFSA,  42, 124N, 1481W,  36, 1008, XX,  34, NEQ,   34,    0,    0,    0,  -99,  -99,  36,   0,   0,    ,   0,    , 290,   7,           ,  ,  0,    ,    0,    0,    0,    0, THERMO PARAMS, -63, 129, 269, N, 10, DT, -999, SHR82, -99, 
CP, 02, 2026082012, 03, HFSA,  48, 127N, 1486W,  35, 1007, XX,  34, NEQ,    0,    0,    0,    0,  -99,  -99,  67,   0,   0,    ,   0,    , 302,   8,           ,  ,  0,    ,    0,    0,    0,    0, THERMO PARAMS, -58, 313, 363, N, 10, DT, -999, SHR82, -99, 
CP, 02, 2026082012, 03, HFSA,  54, 130N, 1497W,  33, 1007, XX,  34, NEQ,    0,    0,    0,    0, 1011,  122,  92,   0,   0,    ,   0,    , 292,  10,           ,  ,  0,    ,    0,    0,    0,    0, THERMO PARAMS, -87, 310, 205, N, 10, DT, -999, SHR82, -99, 
CP, 02, 2026082012, 03, HFSA,  60, 133N, 1505W,  31, 1007, XX,  34, NEQ,    0,    0,    0,    0,  -99,  -99,  92,   0,   0,    ,   0,    , 295,  10,           ,  ,  0,    ,    0,    0,    0,    0, THERMO PARAMS, -96, 112, 253, N, 10, DT, -999, SHR82, -99, 
CP, 02, 2026082012, 03, HFSA,  66, 139N, 1514W,  38, 1008, XX,  34, NEQ,    0,    0,    0,    0,  -99,  -99,  53,   0,   0,    ,   0,    , 293,   9,           ,  ,  0,    ,    0,    0,    0,    0, THERMO PARAMS, -105, 375, 320, N, 10, DT, -999, SHR82, -99, 
CP, 02, 2026082012, 03, HFSA,  72, 145N, 1522W,  52, 1000, XX,  34, NEQ,   60,    0,    0,    0, 1004,    6,  33,   0,   0,    ,   0,    , 285,  10,           ,  ,  0,    ,    0,    0,    0,    0, THERMO PARAMS, -113, 827, 294, N, 10, DT, -999, SHR82, -99, 
CP, 02, 2026082012, 03, HFSA,  78, 145N, 1532W,  42, 1002, XX,  34, NEQ,    0,    0,    0,   24, 1006,    6,  31,   0,   0,    ,   0,    , 278,   9,           ,  ,  0,    ,    0,    0,    0,    0, THERMO PARAMS, -116, 623, 354, N, 10, DT, -999, SHR82, -99, 
CP, 02, 2026082012, 03, HFSA,  84, 143N, 1549W,  35, 1008, XX,  34, NEQ,    0,    0,    0,    0,  -99,  -99, 113,   0,   0,    ,   0,    , 269,  11,           ,  ,  0,    ,    0,    0,    0,    0, THERMO PARAMS, -9999, -9999, -9999, N, 10, DT, -999, SHR82, -99, 
CP, 02, 2026082012, 03, HFSA,  90, 146N, 1557W,  46, 1001, XX,  34, NEQ,   39,    0,    0,    0, 1005,    9,  28,   0,   0,    ,   0,    , 270,   8,           ,  ,  0,    ,    0,    0,    0,    0, THERMO PARAMS, -120, 406, 437, N, 10, DT, -999, SHR82, -99, 
CP, 02, 2026082012, 03, HFSA,  96, 141N, 1575W,  31, 1007, XX,  34, NEQ,    0,    0,    0,    0,  -99,  -99,  84,   0,   0,    ,   0,    , 259,  13,           ,  ,  0,    ,    0,    0,    0,    0, THERMO PARAMS, -86, 125, 114, N, 10, DT, -999, SHR82, -99, 
CP, 02, 2026082012, 03, HFSA, 102, 143N, 1586W,  33, 1003, XX,  34, NEQ,    0,    0,    0,    0, 1007,    9,  63,   0,   0,    ,   0,    , 279,  10,           ,  ,  0,    ,    0,    0,    0,    0, THERMO PARAMS, -107, 456, 252, N, 10, DT, -999, SHR82, -99, 
CP, 02, 2026082012, 03, HFSA, 108, 141N, 1600W,  32, 1007, XX,  34, NEQ,    0,    0,    0,    0,  -99,  -99,  99,   0,   0,    ,   0,    , 257,  11,           ,  ,  0,    ,    0,    0,    0,    0, THERMO PARAMS, -66, 213, 235, N, 10, DT, -999, SHR82, -99, 
CP, 02, 2026082012, 03, HFSA, 114, 140N, 1611W,  29, 1008, XX,  34, NEQ,    0,    0,    0,    0,  -99,  -99,  73,   0,   0,    ,   0,    , 264,  10,           ,  ,  0,    ,    0,    0,    0,    0, THERMO PARAMS, -64, 241, 175, N, 10, DT, -999, SHR82, -99, 
CP, 02, 2026082012, 03, HFSA, 120, 144N, 1622W,  42, 1000, XX,  34, NEQ,    0,    0,    0,    0, 1004,    5,  27,   0,   0,    ,   0,    , 286,  11,           ,  ,  0,    ,    0,    0,    0,    0, THERMO PARAMS, -89, 328, 305, N, 10, DT, -999, SHR82, -99, 
CP, 02, 2026082012, 03, HFSA, 126, 144N, 1633W,  33, 1002, XX,  34, NEQ,    0,    0,    0,    0, 1006,    6,  43,   0,   0,    ,   0,    , -99, -99,           ,  ,  0,    ,    0,    0,    0,    0, THERMO PARAMS, -75, 361, 287, N, 10, DT, -999, SHR82, -99, 
CP, 02, 2026082012, 03, TVCN,   0, 117N, 1426W,   0,    0,   ,   0,    ,    0,    0,    0,    0, 
CP, 02, 2026082012, 03, TVCN,  12, 123N, 1444W,   0,    0,   ,   0,    ,    0,    0,    0,    0, 
CP, 02, 2026082012, 03, TVCN,  24, 129N, 1457W,   0,    0,   ,   0,    ,    0,    0,    0,    0, 
CP, 02, 2026082012, 03, TVCN,  36, 137N, 1473W,   0,    0,   ,   0,    ,    0,    0,    0,    0, 
CP, 02, 2026082012, 03, TVCN,  48, 146N, 1491W,   0,    0,   ,   0,    ,    0,    0,    0,    0, 
CP, 02, 2026082012, 03, TVCN,  60, 153N, 1511W,   0,    0,   ,   0,    ,    0,    0,    0,    0, 
CP, 02, 2026082012, 03, TVCN,  72, 158N, 1534W,   0,    0,   ,   0,    ,    0,    0,    0,    0, 
CP, 02, 2026082012, 03, TVCN,  84, 161N, 1557W,   0,    0,   ,   0,    ,    0,    0,    0,    0, 
CP, 02, 2026082012, 03, TVCN,  96, 163N, 1581W,   0,    0,   ,   0,    ,    0,    0,    0,    0, 
CP, 02, 2026082012, 03, TVCN, 108, 167N, 1605W,   0,    0,   ,   0,    ,    0,    0,    0,    0, 
CP, 02, 2026082012, 03, TVCN, 120, 171N, 1629W,   0,    0,   ,   0,    ,    0,    0,    0,    0, 
CP, 02, 2026082012, 03, TVCN, 132, 169N, 1645W,   0,    0,   ,   0,    ,    0,    0,    0,    0, 
CP, 02, 2026082012, 03, TVCN, 144, 175N, 1669W,   0,    0,   ,   0,    ,    0,    0,    0,    0, 
CP, 02, 2026082012, 03, TVCN, 156, 179N, 1682W,   0,    0,   ,   0,    ,    0,    0,    0,    0, 
CP, 02, 2026082012, 03, TVCN, 168, 183N, 1693W,   0,    0,   ,   0,    ,    0,    0,    0,    0, 
CP, 02, 2026082018, 03, AVNO,   0, 115N, 1439W,  20, 1008, XX,  34, NEQ,    0,    0,    0,    0,  -99,  -99, 154,   0,   0, 
CP, 02, 2026082018, 03, AVNO,   6, 119N, 1448W,  24, 1007, XX,  34, NEQ,    0,    0,    0,    0,  -99,  -99, 110,   0,   0, 
CP, 02, 2026082018, 03, AVNO,  12, 120N, 1451W,  24, 1009, XX,  34, NEQ,    0,    0,    0,    0,  -99,  -99, 139,   0,   0, 
CP, 02, 2026082018, 03, AVNO,  18, 121N, 1456W,  23, 1007, XX,  34, NEQ,    0,    0,    0,    0, 1011, 1622,  76,   0,   0, 
CP, 02, 2026082018, 03, AVNO,  24, 125N, 1465W,  23, 1009, XX,  34, NEQ,    0,    0,    0,    0,  -99,  -99,  53,   0,   0, 
CP, 02, 2026082018, 03, AVNO,  30, 128N, 1474W,  23, 1007, XX,  34, NEQ,    0,    0,    0,    0,  -99,  -99, 161,   0,   0, 
CP, 02, 2026082018, 03, AVNO,  36, 131N, 1481W,  24, 1008, XX,  34, NEQ,    0,    0,    0,    0,  -99,  -99, 161,   0,   0, 
CP, 02, 2026082018, 03, AVNO,  42, 136N, 1490W,  25, 1007, XX,  34, NEQ,    0,    0,    0,    0,  -99,  -99, 158,   0,   0, 
CP, 02, 2026082018, 03, AVNO,  48, 143N, 1502W,  26, 1010, XX,  34, NEQ,    0,    0,    0,    0,  -99,  -99, 162,   0,   0, 
CP, 02, 2026082018, 03, AVNO,  54, 150N, 1515W,  30, 1008, XX,  34, NEQ,    0,    0,    0,    0,  -99,  -99, 150,   0,   0, 
CP, 02, 2026082018, 03, AVNO,  60, 158N, 1529W,  30, 1009, XX,  34, NEQ,    0,    0,    0,    0,  -99,  -99, 104,   0,   0, 
CP, 02, 2026082018, 03, AVNO,  66, 158N, 1543W,  30, 1008, XX,  34, NEQ,    0,    0,    0,    0,  -99,  -99,  86,   0,   0, 
CP, 02, 2026082018, 03, AVNO,  72, 159N, 1558W,  31, 1010, XX,  34, NEQ,    0,    0,    0,    0,  -99,  -99,  65,   0,   0, 
CP, 02, 2026082018, 03, AVNO,  78, 155N, 1573W,  27, 1008, XX,  34, NEQ,    0,    0,    0,    0,  -99,  -99,  64,   0,   0, 
CP, 02, 2026082018, 03, AVNO,  84, 152N, 1586W,  24, 1009, XX,  34, NEQ,    0,    0,    0,    0,  -99,  -99, 156,   0,   0, 
CP, 02, 2026082018, 03, AVNO,  90, 152N, 1597W,  24, 1008, XX,  34, NEQ,    0,    0,    0,    0,  -99,  -99, 148,   0,   0, 
CP, 02, 2026082018, 03, AVNO,  96, 153N, 1608W,  21, 1010, XX,  34, NEQ,    0,    0,    0,    0,  -99,  -99, 153,   0,   0, 
CP, 02, 2026082018, 03, AVNO, 102, 154N, 1619W,  20, 1009, XX,  34, NEQ,    0,    0,    0,    0,  -99,  -99, 159,   0,   0, 
CP, 02, 2026082018, 03, AVNO, 108, 155N, 1630W,  20, 1010, XX,  34, NEQ,    0,    0,    0,    0,  -99,  -99,  94,   0,   0, 
CP, 02, 2026082018, 03, AVNO, 114, 156N, 1641W,  20, 1009, XX,  34, NEQ,    0,    0,    0,    0,  -99,  -99, 108,   0,   0, 
CP, 02, 2026082018, 03, AVNO, 120, 156N, 1653W,  20, 1010, XX,  34, NEQ,    0,    0,    0,    0,  -99,  -99,  68,   0,   0, 
CP, 02, 2026082018, 03, AVNO, 126, 158N, 1664W,  20, 1009, XX,  34, NEQ,    0,    0,    0,    0,  -99,  -99,  77,   0,   0, 
CP, 02, 2026082018, 03, AVNO, 132, 158N, 1676W,  20, 1010, XX,  34, NEQ,    0,    0,    0,    0,  -99,  -99,  96,   0,   0, 
CP, 02, 2026082018, 03, AVNO, 138, 159N, 1686W,  20, 1010, XX,  34, NEQ,    0,    0,    0,    0,  -99,  -99,  70,   0,   0, 
CP, 02, 2026082018, 03, AVNO, 144, 160N, 1698W,  20, 1010, XX,  34, NEQ,    0,    0,    0,    0,  -99,  -99,  92,   0,   0, 
CP, 02, 2026082018, 03, AVNO, 150, 163N, 1707W,  20, 1010, XX,  34, NEQ,    0,    0,    0,    0,  -99,  -99,  93,   0,   0, 
CP, 02, 2026082018, 03, AVNO, 156, 165N, 1716W,  20, 1010, XX,  34, NEQ,    0,    0,    0,    0,  -99,  -99,  66,   0,   0, 
CP, 02, 2026082018, 03, AVNO, 162, 167N, 1727W,  20, 1010, XX,  34, NEQ,    0,    0,    0,    0,  -99,  -99,  79,   0,   0, 
CP, 02, 2026082018, 03, AVNO, 168, 168N, 1734W,  26, 1010, XX,  34, NEQ,    0,    0,    0,    0,  -99,  -99,  35,   0,   0, 
CP, 02, 2026082018, 03, AVNO, 174, 165N, 1741W,  28, 1010, XX,  34, NEQ,    0,    0,    0,    0,  -99,  -99,  78,   0,   0, 
CP, 02, 2026082018, 03, AVNO, 180, 169N, 1757W,  21, 1009, XX,  34, NEQ,    0,    0,    0,    0,  -99,  -99,  80,   0,   0, 
CP, 02, 2026082018, 03, AVNO, 186, 173N, 1775W,  19, 1009, XX,  34, NEQ,    0,    0,    0,    0,  -99,  -99,  45,   0,   0, 
CP, 02, 2026082018, 03, AVNO, 192, 174N, 1784W,  19, 1009, XX,  34, NEQ,    0,    0,    0,    0,  -99,  -99,  62,   0,   0, 
CP, 02, 2026082018, 03, AVNO, 198, 177N, 1795W,  18, 1010, XX,  34, NEQ,    0,    0,    0,    0,  -99,  -99,  36,   0,   0, 
CP, 02, 2026082018, 03, AVNO, 204, 177N, 1791E,  18, 1009, XX,  34, NEQ,    0,    0,    0,    0,  -99,  -99, 140,   0,   0, 
CP, 02, 2026082018, 03, HCCA,   0, 123N, 1434W,  30,    0,   ,   0,    ,    0,    0,    0,    0, 
CP, 02, 2026082018, 03, HFSA,   0, 123N, 1435W,  29, 1007, XX,  34, NEQ,    0,    0,    0,    0,  -99,  -99, 104,   0,   0,    ,   0,    , 289,  10,           ,  ,  0,    ,    0,    0,    0,    0, THERMO PARAMS, -2, -433, 142, N, 10, DT, -999, SHR82, -99, 
CP, 02, 2026082018, 03, HFSA,   6, 122N, 1440W,  31, 1006, XX,  34, NEQ,    0,    0,    0,    0,  -99,  -99, 158,   0,   0,    ,   0,    , 355,   5,           ,  ,  0,    ,    0,    0,    0,    0, THERMO PARAMS, -34, -29, 207, N, 10, DT, -999, SHR82, -99, 
CP, 02, 2026082018, 03, HFSA,  12, 130N, 1446W,  35, 1008, XX,  34, NEQ,    0,    0,    0,    0,  -99,  -99, 129,   0,   0,    ,   0,    , 301,   9,           ,  ,  0,    ,    0,    0,    0,    0, THERMO PARAMS, -54, -12, 49, N, 10, DT, -999, SHR82, -99, 
CP, 02, 2026082018, 03, HFSA,  18, 131N, 1454W,  36, 1006, XX,  34, NEQ,    0,    0,    0,   42,  -99,  -99,  40,   0,   0,    ,   0,    , 269,   9,           ,  ,  0,    ,    0,    0,    0,    0, THERMO PARAMS, -9999, -9999, -9999, N, 10, DT, -999, SHR82, -99, 
CP, 02, 2026082018, 03, HFSA,  24, 129N, 1462W,  29, 1008, XX,  34, NEQ,    0,    0,    0,    0,  -99,  -99, 102,   0,   0,    ,   0,    , 267,   7,           ,  ,  0,    ,    0,    0,    0,    0, THERMO PARAMS, -9999, -9999, -9999, N, 10, DT, -999, SHR82, -99, 
CP, 02, 2026082018, 03, HFSA,  30, 129N, 1467W,  28, 1006, XX,  34, NEQ,    0,    0,    0,    0,  -99,  -99,  89,   0,   0,    ,   0,    , 286,   5,           ,  ,  0,    ,    0,    0,    0,    0, THERMO PARAMS, -77, 104, 238, N, 10, DT, -999, SHR82, -99, 
CP, 02, 2026082018, 03, HFSA,  36, 132N, 1472W,  29, 1004, XX,  34, NEQ,    0,    0,    0,    0, 1008,   12, 149,   0,   0,    ,   0,    , 301,   7,           ,  ,  0,    ,    0,    0,    0,    0, THERMO PARAMS, -51, 219, 90, N, 10, DT, -999, SHR82, -99, 
CP, 02, 2026082018, 03, HFSA,  42, 138N, 1482W,  34, 1007, XX,  34, NEQ,    0,    0,    0,    0,  -99,  -99, 130,   0,   0,    ,   0,    , 308,  11,           ,  ,  0,    ,    0,    0,    0,    0, THERMO PARAMS, -67, 74, 106, N, 10, DT, -999, SHR82, -99, 
CP, 02, 2026082018, 03, HFSA,  48, 146N, 1494W,  33, 1008, XX,  34, NEQ,    0,    0,    0,    0,  -99,  -99, 157,   0,   0,    ,   0,    , 293,  11,           ,  ,  0,    ,    0,    0,    0,    0, THERMO PARAMS, -100, 182, 225, N, 10, DT, -999, SHR82, -99, 
CP, 02, 2026082018, 03, HFSA,  54, 150N, 1504W,  34, 1007, XX,  34, NEQ,    0,    0,    0,    0,  -99,  -99, 144,   0,   0,    ,   0,    , 291,   9,           ,  ,  0,    ,    0,    0,    0,    0, THERMO PARAMS, -124, 223, 384, N, 10, DT, -999, SHR82, -99, 
CP, 02, 2026082018, 03, HFSA,  60, 155N, 1515W,  40, 1009, XX,  34, NEQ,    0,    0,    0,    0,  -99,  -99, 157,   0,   0,    ,   0,    , 283,  10,           ,  ,  0,    ,    0,    0,    0,    0, THERMO PARAMS, -9999, -9999, -9999, N, 10, DT, -999, SHR82, -99, 
CP, 02, 2026082018, 03, HFSA,  66, 157N, 1529W,  36, 1003, XX,  34, NEQ,    0,    0,    0,    0, 1007,    9,  45,   0,   0,    ,   0,    , 270,  15,           ,  ,  0,    ,    0,    0,    0,    0, THERMO PARAMS, -128, 354, 282, N, 10, DT, -999, SHR82, -99, 
CP, 02, 2026082018, 03, HFSA,  72, 156N, 1543W,  34, 1008, XX,  34, NEQ,    0,    0,    0,    0,  -99,  -99, 106,   0,   0,    ,   0,    , 273,  11,           ,  ,  0,    ,    0,    0,    0,    0, THERMO PARAMS, -9999, -9999, -9999, N, 10, DT, -999, SHR82, -99, 
CP, 02, 2026082018, 03, HFSA,  78, 154N, 1557W,  31, 1007, XX,  34, NEQ,    0,    0,    0,    0,  -99,  -99, 120,   0,   0,    ,   0,    , 271,  10,           ,  ,  0,    ,    0,    0,    0,    0, THERMO PARAMS, -95, 494, 55, N, 10, DT, -999, SHR82, -99, 
CP, 02, 2026082018, 03, HFSA,  84, 155N, 1566W,  32, 1008, XX,  34, NEQ,    0,    0,    0,    0,  -99,  -99,  78,   0,   0,    ,   0,    , 281,   8,           ,  ,  0,    ,    0,    0,    0,    0, THERMO PARAMS, -105, 404, 246, N, 10, DT, -999, SHR82, -99, 
CP, 02, 2026082018, 03, HFSA,  90, 156N, 1579W,  40, 1008, XX,  34, NEQ,   89,    0,    0,    0,  -99,  -99,  89,   0,   0,    ,   0,    , 285,   9,           ,  ,  0,    ,    0,    0,    0,    0, THERMO PARAMS, -83, 564, 23, N, 10, DT, -999, SHR82, -99, 
CP, 02, 2026082018, 03, HFSA,  96, 156N, 1595W,  28, 1009, XX,  34, NEQ,    0,    0,    0,    0,  -99,  -99, 155,   0,   0,    ,   0,    , 260,  12,           ,  ,  0,    ,    0,    0,    0,    0, THERMO PARAMS, -81, 777, 172, N, 10, DT, -999, SHR82, -99, 
CP, 02, 2026082018, 03, HFSA, 102, 156N, 1610W,  27, 1008, XX,  34, NEQ,    0,    0,    0,    0,  -99,  -99,  97,   0,   0,    ,   0,    , 268,  12,           ,  ,  0,    ,    0,    0,    0,    0, THERMO PARAMS, -68, 92, 59, N, 10, DT, -999, SHR82, -99, 
CP, 02, 2026082018, 03, HFSA, 108, 151N, 1624W,  26, 1009, XX,  34, NEQ,    0,    0,    0,    0,  -99,  -99,  94,   0,   0,    ,   0,    , 254,  11,           ,  ,  0,    ,    0,    0,    0,    0, THERMO PARAMS, -32, 270, -49, N, 10, DT, -999, SHR82, -99, 
CP, 02, 2026082018, 03, HFSA, 114, 154N, 1637W,  30, 1009, XX,  34, NEQ,    0,    0,    0,    0,  -99,  -99,  70,   0,   0,    ,   0,    , 286,  12,           ,  ,  0,    ,    0,    0,    0,    0, THERMO PARAMS, -30, 300, 210, N, 10, DT, -999, SHR82, -99, 
CP, 02, 2026082018, 03, HFSA, 120, 155N, 1647W,  29, 1010, XX,  34, NEQ,    0,    0,    0,    0,  -99,  -99,  97,   0,   0,    ,   0,    , 248,  11,           ,  ,  0,    ,    0,    0,    0,    0, THERMO PARAMS, -33, -160, 157, N, 10, DT, -999, SHR82, -99, 
CP, 02, 2026082018, 03, HFSA, 126, 150N, 1655W,  31, 1008, XX,  34, NEQ,    0,    0,    0,    0,  -99,  -99, 161,   0,   0,    ,   0,    , -99, -99,           ,  ,  0,    ,    0,    0,    0,    0, THERMO PARAMS, -9999, -9999, -9999, N, 10, DT, -999, SHR82, -99, 
CP, 02, 2026082018, 03, TVCN,   0, 123N, 1434W,   0,    0,   ,   0,    ,    0,    0,    0,    0, 
CP, 02, 2026082018, 03, TVCN,  12, 127N, 1451W,   0,    0,   ,   0,    ,    0,    0,    0,    0, 
CP, 02, 2026082018, 03, TVCN,  24, 131N, 1466W,   0,    0,   ,   0,    ,    0,    0,    0,    0, 
CP, 02, 2026082018, 03, TVCN,  36, 138N, 1481W,   0,    0,   ,   0,    ,    0,    0,    0,    0, 
CP, 02, 2026082018, 03, TVCN,  48, 147N, 1499W,   0,    0,   ,   0,    ,    0,    0,    0,    0, 
CP, 02, 2026082018, 03, TVCN,  60, 155N, 1519W,   0,    0,   ,   0,    ,    0,    0,    0,    0, 
CP, 02, 2026082018, 03, TVCN,  72, 159N, 1543W,   0,    0,   ,   0,    ,    0,    0,    0,    0, 
CP, 02, 2026082018, 03, TVCN,  84, 159N, 1567W,   0,    0,   ,   0,    ,    0,    0,    0,    0, 
CP, 02, 2026082018, 03, TVCN,  96, 162N, 1589W,   0,    0,   ,   0,    ,    0,    0,    0,    0, 
CP, 02, 2026082018, 03, TVCN, 108, 165N, 1611W,   0,    0,   ,   0,    ,    0,    0,    0,    0, 
CP, 02, 2026082018, 03, TVCN, 120, 170N, 1632W,   0,    0,   ,   0,    ,    0,    0,    0,    0, 
CP, 02, 2026082018, 03, TVCN, 132, 169N, 1645W,   0,    0,   ,   0,    ,    0,    0,    0,    0, 
CP, 02, 2026082018, 03, TVCN, 144, 186N, 1684W,   0,    0,   ,   0,    ,    0,    0,    0,    0, 
CP, 02, 2026082018, 03, TVCN, 156, 190N, 1701W,   0,    0,   ,   0,    ,    0,    0,    0,    0, 
CP, 02, 2026082018, 03, TVCN, 168, 191N, 1718W,   0,    0,   ,   0,    ,    0,    0,    0,    0, 
CP, 02, 2026082100, 03,  UKX,   0, 124N, 1440W,  26, 1007, XX,  34, NEQ,    0,    0,    0,    0, 
CP, 02, 2026082100, 03,  UKX,   6, 127N, 1451W,  29, 1009, XX,  34, NEQ,    0,    0,    0,    0, 
CP, 02, 2026082100, 03,  UKX,  12, 127N, 1463W,  26, 1006, XX,  34, NEQ,    0,    0,    0,    0, 
CP, 02, 2026082100, 03,  UKX,  18, 128N, 1473W,  26, 1008, XX,  34, NEQ,    0,    0,    0,    0, 
CP, 02, 2026082100, 03,  UKX,  24, 129N, 1483W,  27, 1006, XX,  34, NEQ,    0,    0,    0,    0, 
CP, 02, 2026082100, 03,  UKX,  30, 131N, 1492W,  26, 1009, XX,  34, NEQ,    0,    0,    0,    0, 
CP, 02, 2026082100, 03,  UKX,  36, 133N, 1502W,  26, 1007, XX,  34, NEQ,    0,    0,    0,    0, 
CP, 02, 2026082100, 03,  UKX,  42, 135N, 1512W,  27, 1009, XX,  34, NEQ,    0,    0,    0,    0, 
CP, 02, 2026082100, 03,  UKX,  48, 133N, 1524W,  27, 1007, XX,  34, NEQ,    0,    0,    0,    0, 
CP, 02, 2026082100, 03,  UKX,  54, 132N, 1539W,  28, 1008, XX,  34, NEQ,    0,    0,    0,    0, 
CP, 02, 2026082100, 03,  UKX,  60, 131N, 1553W,  25, 1007, XX,  34, NEQ,    0,    0,    0,    0, 
CP, 02, 2026082100, 03,  UKX,  66, 133N, 1569W,  27, 1009, XX,  34, NEQ,    0,    0,    0,    0, 
CP, 02, 2026082100, 03,  UKX,  72, 134N, 1585W,  27, 1007, XX,  34, NEQ,    0,    0,    0,    0, 
CP, 02, 2026082100, 03,  UKX,  78, 136N, 1601W,  26, 1009, XX,  34, NEQ,    0,    0,    0,    0, 
CP, 02, 2026082100, 03,  UKX,  84, 137N, 1617W,  25, 1008, XX,  34, NEQ,    0,    0,    0,    0, 
CP, 02, 2026082100, 03,  UKX,  90, 138N, 1634W,  26, 1009, XX,  34, NEQ,    0,    0,    0,    0, 
CP, 02, 2026082100, 03,  UKX,  96, 138N, 1648W,  26, 1007, XX,  34, NEQ,    0,    0,    0,    0, 
CP, 02, 2026082100, 03,  UKX, 102, 136N, 1659W,  26, 1008, XX,  34, NEQ,    0,    0,    0,    0, 
CP, 02, 2026082100, 03,  UKX, 108, 136N, 1669W,  23, 1007, XX,  34, NEQ,    0,    0,    0,    0, 
CP, 02, 2026082100, 03,  UKX, 114, 139N, 1679W,  23, 1008, XX,  34, NEQ,    0,    0,    0,    0, 
CP, 02, 2026082100, 03,  UKX, 120, 143N, 1689W,  25, 1007, XX,  34, NEQ,    0,    0,    0,    0, 
CP, 02, 2026082100, 03,  UKX, 126, 144N, 1700W,  25, 1007, XX,  34, NEQ,    0,    0,    0,    0, 
CP, 02, 2026082100, 03,  UKX, 132, 147N, 1713W,  25, 1007, XX,  34, NEQ,    0,    0,    0,    0, 
CP, 02, 2026082100, 03,  UKX, 138, 148N, 1726W,  24, 1007, XX,  34, NEQ,    0,    0,    0,    0, 
CP, 02, 2026082100, 03,  UKX, 144, 150N, 1737W,  25, 1006, XX,  34, NEQ,    0,    0,    0,    0, 
CP, 02, 2026082100, 03, AVNO,   0, 123N, 1446W,  23, 1007, XX,  34, NEQ,    0,    0,    0,    0,  -99,  -99, 154,   0,   0, 
CP, 02, 2026082100, 03, AVNO,   6, 127N, 1452W,  28, 1009, XX,  34, NEQ,    0,    0,    0,    0,  -99,  -99, 110,   0,   0, 
CP, 02, 2026082100, 03, AVNO,  12, 127N, 1459W,  26, 1007, XX,  34, NEQ,    0,    0,    0,    0,  -99,  -99, 138,   0,   0, 
CP, 02, 2026082100, 03, AVNO,  18, 132N, 1469W,  26, 1008, XX,  34, NEQ,    0,    0,    0,    0,  -99,  -99,  47,   0,   0, 
CP, 02, 2026082100, 03, AVNO,  24, 136N, 1481W,  28, 1006, XX,  34, NEQ,    0,    0,    0,    0,  -99,  -99, 158,   0,   0, 
CP, 02, 2026082100, 03, AVNO,  30, 136N, 1493W,  31, 1008, XX,  34, NEQ,    0,    0,    0,    0,  -99,  -99, 147,   0,   0, 
CP, 02, 2026082100, 03, AVNO,  36, 138N, 1503W,  26, 1007, XX,  34, NEQ,    0,    0,    0,    0,  -99,  -99,  94,   0,   0, 
CP, 02, 2026082100, 03, AVNO,  42, 141N, 1515W,  27, 1009, XX,  34, NEQ,    0,    0,    0,    0,  -99,  -99, 159,   0,   0, 
CP, 02, 2026082100, 03, AVNO,  48, 144N, 1526W,  25, 1008, XX,  34, NEQ,    0,    0,    0,    0,  -99,  -99,  53,   0,   0, 
CP, 02, 2026082100, 03, AVNO,  54, 145N, 1539W,  26, 1009, XX,  34, NEQ,    0,    0,    0,    0,  -99,  -99,  88,   0,   0, 
CP, 02, 2026082100, 03, AVNO,  60, 147N, 1553W,  24, 1008, XX,  34, NEQ,    0,    0,    0,    0,  -99,  -99,  81,   0,   0, 
CP, 02, 2026082100, 03, AVNO,  66, 148N, 1567W,  27, 1010, XX,  34, NEQ,    0,    0,    0,    0,  -99,  -99, 107,   0,   0, 
CP, 02, 2026082100, 03, AVNO,  72, 148N, 1580W,  28, 1009, XX,  34, NEQ,    0,    0,    0,    0,  -99,  -99, 100,   0,   0, 
CP, 02, 2026082100, 03, AVNO,  78, 149N, 1593W,  24, 1009, XX,  34, NEQ,    0,    0,    0,    0,  -99,  -99, 121,   0,   0, 
CP, 02, 2026082100, 03, AVNO,  84, 149N, 1605W,  22, 1009, XX,  34, NEQ,    0,    0,    0,    0,  -99,  -99,  66,   0,   0, 
CP, 02, 2026082100, 03, AVNO,  90, 151N, 1619W,  22, 1010, XX,  34, NEQ,    0,    0,    0,    0,  -99,  -99, 135,   0,   0, 
CP, 02, 2026082100, 03, AVNO,  96, 153N, 1632W,  22, 1009, XX,  34, NEQ,    0,    0,    0,    0,  -99,  -99, 155,   0,   0, 
CP, 02, 2026082100, 03, AVNO, 102, 154N, 1646W,  24, 1010, XX,  34, NEQ,    0,    0,    0,    0,  -99,  -99, 156,   0,   0, 
CP, 02, 2026082100, 03, AVNO, 108, 151N, 1658W,  20, 1010, XX,  34, NEQ,    0,    0,    0,    0,  -99,  -99, 146,   0,   0, 
CP, 02, 2026082100, 03, AVNO, 114, 154N, 1672W,  21, 1010, XX,  34, NEQ,    0,    0,    0,    0,  -99,  -99, 115,   0,   0, 
CP, 02, 2026082100, 03, AVNO, 120, 154N, 1682W,  21, 1010, XX,  34, NEQ,    0,    0,    0,    0,  -99,  -99,  95,   0,   0, 
CP, 02, 2026082100, 03, AVNO, 126, 154N, 1695W,  21, 1010, XX,  34, NEQ,    0,    0,    0,    0,  -99,  -99,  81,   0,   0, 
CP, 02, 2026082100, 03, AVNO, 132, 154N, 1707W,  20, 1010, XX,  34, NEQ,    0,    0,    0,    0,  -99,  -99, 100,   0,   0, 
CP, 02, 2026082100, 03, AVNO, 138, 157N, 1719W,  20, 1011, XX,  34, NEQ,    0,    0,    0,    0,  -99,  -99, 115,   0,   0, 
CP, 02, 2026082100, 03, AVNO, 144, 155N, 1729W,  20, 1010, XX,  34, NEQ,    0,    0,    0,    0,  -99,  -99, 130,   0,   0, 
CP, 02, 2026082100, 03, AVNO, 150, 155N, 1741W,  20, 1010, XX,  34, NEQ,    0,    0,    0,    0,  -99,  -99,  98,   0,   0, 
CP, 02, 2026082100, 03, AVNO, 156, 156N, 1748W,  18, 1010, XX,  34, NEQ,    0,    0,    0,    0,  -99,  -99, 118,   0,   0, 
CP, 02, 2026082100, 03, AVNO, 162, 157N, 1762W,  18, 1010, XX,  34, NEQ,    0,    0,    0,    0,  -99,  -99, 155,   0,   0, 
CP, 02, 2026082100, 03, AVNO, 168, 157N, 1770W,  17, 1010, XX,  34, NEQ,    0,    0,    0,    0,  -99,  -99, 156,   0,   0, 
CP, 02, 2026082100, 03, AVNO, 174, 159N, 1781W,  17, 1009, XX,  34, NEQ,    0,    0,    0,    0,  -99,  -99, 141,   0,   0, 
CP, 02, 2026082100, 03, AVNO, 180, 160N, 1789W,  18, 1009, XX,  34, NEQ,    0,    0,    0,    0,  -99,  -99, 134,   0,   0, 
CP, 02, 2026082100, 03, AVNO, 186, 163N, 1799E,  17, 1009, XX,  34, NEQ,    0,    0,    0,    0,  -99,  -99, 120,   0,   0, 
CP, 02, 2026082100, 03, AVNO, 192, 167N, 1791E,  18, 1009, XX,  34, NEQ,    0,    0,    0,    0,  -99,  -99, 147,   0,   0, 
CP, 02, 2026082100, 03, AVNO, 198, 173N, 1785E,  17, 1009, XX,  34, NEQ,    0,    0,    0,    0,  -99,  -99, 157,   0,   0, 
CP, 02, 2026082100, 03, AVNO, 204, 178N, 1776E,  18, 1009, XX,  34, NEQ,    0,    0,    0,    0,  -99,  -99, 119,   0,   0, 
CP, 02, 2026082100, 03, AVNO, 210, 184N, 1771E,  19, 1009, XX,  34, NEQ,    0,    0,    0,    0,  -99,  -99,  64,   0,   0, 
CP, 02, 2026082100, 03, AVNO, 216, 195N, 1762E,  21, 1010, XX,  34, NEQ,    0,    0,    0,    0,  -99,  -99,  33,   0,   0, 
CP, 02, 2026082100, 03, AVNO, 222, 205N, 1753E,  18, 1009, XX,  34, NEQ,    0,    0,    0,    0,  -99,  -99, 161,   0,   0, 
CP, 02, 2026082100, 03, AVNO, 228, 212N, 1747E,  18, 1010, XX,  34, NEQ,    0,    0,    0,    0,  -99,  -99, 116,   0,   0, 
CP, 02, 2026082100, 03, AVNO, 234, 221N, 1747E,  19, 1010, XX,  34, NEQ,    0,    0,    0,    0,  -99,  -99,  96,   0,   0, 
CP, 02, 2026082100, 03, AVNO, 240, 235N, 1737E,  19, 1011, XX,  34, NEQ,    0,    0,    0,    0,  -99,  -99, 111,   0,   0, 
CP, 02, 2026082100, 03, HCCA,   0, 128N, 1446W,  30,    0,   ,   0,    ,    0,    0,    0,    0, 
CP, 02, 2026082100, 03, HCCA,  12, 132N, 1460W,   0,    0,   ,   0,    ,    0,    0,    0,    0, 
CP, 02, 2026082100, 03, HCCA,  24, 138N, 1477W,   0,    0,   ,   0,    ,    0,    0,    0,    0, 
CP, 02, 2026082100, 03, HCCA,  36, 146N, 1497W,   0,    0,   ,   0,    ,    0,    0,    0,    0, 
CP, 02, 2026082100, 03, HCCA,  48, 155N, 1521W,   0,    0,   ,   0,    ,    0,    0,    0,    0, 
CP, 02, 2026082100, 03, HCCA,  60, 159N, 1547W,   0,    0,   ,   0,    ,    0,    0,    0,    0, 
CP, 02, 2026082100, 03, HCCA,  72, 160N, 1575W,   0,    0,   ,   0,    ,    0,    0,    0,    0, 
CP, 02, 2026082100, 03, HCCA,  84, 160N, 1600W,   0,    0,   ,   0,    ,    0,    0,    0,    0, 
CP, 02, 2026082100, 03, HCCA,  96, 162N, 1624W,   0,    0,   ,   0,    ,    0,    0,    0,    0, 
CP, 02, 2026082100, 03, HCCA, 108, 164N, 1647W,   0,    0,   ,   0,    ,    0,    0,    0,    0, 
CP, 02, 2026082100, 03, HCCA, 120, 166N, 1669W,   0,    0,   ,   0,    ,    0,    0,    0,    0, 
CP, 02, 2026082100, 03, HCCA, 132, 168N, 1690W,   0,    0,   ,   0,    ,    0,    0,    0,    0, 
CP, 02, 2026082100, 03, HCCA, 144, 171N, 1709W,   0,    0,   ,   0,    ,    0,    0,    0,    0, 
CP, 02, 2026082100, 03, HCCA, 156, 173N, 1726W,   0,    0,   ,   0,    ,    0,    0,    0,    0, 
CP, 02, 2026082100, 03, HCCA, 168, 176N, 1744W,   0,    0,   ,   0,    ,    0,    0,    0,    0, 
CP, 02, 2026082100, 03, HFSA,   0, 128N, 1446W,  29, 1005, XX,  34, NEQ,    0,    0,    0,    0,  -99,  -99, 141,   0,   0,    ,   0,    , 284,   9,           ,  ,  0,    ,    0,    0,    0,    0, THERMO PARAMS, -98, -1259, 468, N, 10, DT, -999, SHR82, -99, 
CP, 02, 2026082100, 03, HFSA,   6, 127N, 1447W,  33, 1008, XX,  34, NEQ,    0,    0,    0,    0,  -99,  -99, 156,   0,   0,    ,   0,    , 306,   3,           ,  ,  0,    ,    0,    0,    0,    0, THERMO PARAMS, -62, -430, 349, N, 10, DT, -999, SHR82, -99, 
CP, 02, 2026082100, 03, HFSA,  12, 132N, 1455W,  31, 1007, XX,  34, NEQ,    0,    0,    0,    0,  -99,  -99,  38,   0,   0,    ,   0,    , 293,  10,           ,  ,  0,    ,    0,    0,    0,    0, THERMO PARAMS, -90, -302, 440, N, 10, DT, -999, SHR82, -99, 
CP, 02, 2026082100, 03, HFSA,  18, 136N, 1467W,  34, 1009, XX,  34, NEQ,    0,    0,    0,    0,  -99,  -99,  36,   0,   0,    ,   0,    , 290,  11,           ,  ,  0,    ,    0,    0,    0,    0, THERMO PARAMS, -114, 313, 47, N, 10, DT, -999, SHR82, -99, 
CP, 02, 2026082100, 03, HFSA,  24, 139N, 1480W,  32, 1008, XX,  34, NEQ,    0,    0,    0,    0,  -99,  -99,  57,   0,   0,    ,   0,    , 282,  11,           ,  ,  0,    ,    0,    0,    0,    0, THERMO PARAMS, -100, 118, 219, N, 10, DT, -999, SHR82, -99, 
CP, 02, 2026082100, 03, HFSA,  30, 139N, 1491W,  38, 1006, XX,  34, NEQ,    0,    0,    0,    0, 1010,   27,  69,   0,   0,    ,   0,    , 270,  10,           ,  ,  0,    ,    0,    0,    0,    0, THERMO PARAMS, -75, 503, 278, N, 10, DT, -999, SHR82, -99, 
CP, 02, 2026082100, 03, HFSA,  36, 137N, 1505W,  35, 1007, XX,  34, NEQ,    0,    0,    0,    0,  -99,  -99, 107,   0,   0,    ,   0,    , 273,  11,           ,  ,  0,    ,    0,    0,    0,    0, THERMO PARAMS, -75, 465, 239, N, 10, DT, -999, SHR82, -99, 
CP, 02, 2026082100, 03, HFSA,  42, 140N, 1517W,  30, 1009, XX,  34, NEQ,    0,    0,    0,    0,  -99,  -99, 126,   0,   0,    ,   0,    , 281,  11,           ,  ,  0,    ,    0,    0,    0,    0, THERMO PARAMS, -86, 561, 109, N, 10, DT, -999, SHR82, -99, 
CP, 02, 2026082100, 03, HFSA,  48, 143N, 1529W,  33, 1008, XX,  34, NEQ,    0,    0,    0,    0,  -99,  -99, 151,   0,   0,    ,   0,    , 288,  11,           ,  ,  0,    ,    0,    0,    0,    0, THERMO PARAMS, -105, 656, 214, N, 10, DT, -999, SHR82, -99, 
CP, 02, 2026082100, 03, HFSA,  54, 142N, 1545W,  30, 1009, XX,  34, NEQ,    0,    0,    0,    0,  -99,  -99, 112,   0,   0,    ,   0,    , 272,  12,           ,  ,  0,    ,    0,    0,    0,    0, THERMO PARAMS, -75, 231, 82, N, 10, DT, -999, SHR82, -99, 
CP, 02, 2026082100, 03, HFSA,  60, 142N, 1561W,  31, 1008, XX,  34, NEQ,    0,    0,    0,    0,  -99,  -99, 114,   0,   0,    ,   0,    , 273,  13,           ,  ,  0,    ,    0,    0,    0,    0, THERMO PARAMS, -82, 222, 7, N, 10, DT, -999, SHR82, -99, 
CP, 02, 2026082100, 03, HFSA,  66, 143N, 1576W,  30, 1010, XX,  34, NEQ,    0,    0,    0,    0,  -99,  -99, 112,   0,   0,    ,   0,    , 272,  13,           ,  ,  0,    ,    0,    0,    0,    0, THERMO PARAMS, -61, 269, 47, N, 10, DT, -999, SHR82, -99, 
CP, 02, 2026082100, 03, HFSA,  72, 145N, 1589W,  28, 1009, XX,  34, NEQ,    0,    0,    0,    0,  -99,  -99,  80,   0,   0,    ,   0,    , 280,   9,           ,  ,  0,    ,    0,    0,    0,    0, THERMO PARAMS, -59, 389, 199, N, 10, DT, -999, SHR82, -99, 
CP, 02, 2026082100, 03, HFSA,  78, 142N, 1605W,  24, 1009, XX,  34, NEQ,    0,    0,    0,    0,  -99,  -99, 100,   0,   0,    ,   0,    , 261,  13,           ,  ,  0,    ,    0,    0,    0,    0, THERMO PARAMS, -28, 365, 108, N, 10, DT, -999, SHR82, -99, 
CP, 02, 2026082100, 03, HFSA,  84, 141N, 1617W,  24, 1009, XX,  34, NEQ,    0,    0,    0,    0,  -99,  -99,  94,   0,   0,    ,   0,    , 264,  11,           ,  ,  0,    ,    0,    0,    0,    0, THERMO PARAMS, -62, 22, 65, N, 10, DT, -999, SHR82, -99, 
CP, 02, 2026082100, 03, HFSA,  90, 141N, 1631W,  28, 1010, XX,  34, NEQ,    0,    0,    0,    0,  -99,  -99, 115,   0,   0,    ,   0,    , 269,  12,           ,  ,  0,    ,    0,    0,    0,    0, THERMO PARAMS, -45, -9999, -9999, N, 10, DT, -999, SHR82, -99, 
CP, 02, 2026082100, 03, HFSA,  96, 144N, 1645W,  26, 1009, XX,  34, NEQ,    0,    0,    0,    0,  -99,  -99, 122,   0,   0,    ,   0,    , 282,  11,           ,  ,  0,    ,    0,    0,    0,    0, THERMO PARAMS, -18, 171, 133, N, 10, DT, -999, SHR82, -99, 
CP, 02, 2026082100, 03, HFSA, 102, 144N, 1657W,  25, 1010, XX,  34, NEQ,    0,    0,    0,    0,  -99,  -99, 139,   0,   0,    ,   0,    , 271,  10,           ,  ,  0,    ,    0,    0,    0,    0, THERMO PARAMS, -9999, -9999, -9999, N, 10, DT, -999, SHR82, -99, 
CP, 02, 2026082100, 03, HFSA, 108, 147N, 1668W,  30, 1010, XX,  34, NEQ,    0,    0,    0,    0,  -99,  -99, 155,   0,   0,    ,   0,    , 280,  11,           ,  ,  0,    ,    0,    0,    0,    0, THERMO PARAMS, -9999, -9999, -9999, N, 10, DT, -999, SHR82, -99, 
CP, 02, 2026082100, 03, HFSA, 114, 155N, 1681W,  28, 1006, XX,  34, NEQ,    0,    0,    0,    0, 1010,   19, 151,   0,   0,    ,   0,    , 294,   8,           ,  ,  0,    ,    0,    0,    0,    0, THERMO PARAMS, -32, 45, 54, N, 10, DT, -999, SHR82, -99, 
CP, 02, 2026082100, 03, HFSA, 120, 158N, 1687W,  25, 1010, XX,  34, NEQ,    0,    0,    0,    0,  -99,  -99,  28,   0,   0,    ,   0,    , 282,   8,           ,  ,  0,    ,    0,    0,    0,    0, THERMO PARAMS, -67, -125, 341, N, 10, DT, -999, SHR82, -99, 
CP, 02, 2026082100, 03, HFSA, 126, 157N, 1697W,  31, 1009, XX,  34, NEQ,    0,    0,    0,    0,  -99,  -99,  60,   0,   0,    ,   0,    , -99, -99,           ,  ,  0,    ,    0,    0,    0,    0, THERMO PARAMS, -39, 35, 337, N, 10, DT, -999, SHR82, -99, 
CP, 02, 2026082100, 03, TVCN,   0, 128N, 1446W,   0,    0,   ,   0,    ,    0,    0,    0,    0, 
CP, 02, 2026082100, 03, TVCN,  12, 132N, 1460W,   0,    0,   ,   0,    ,    0,    0,    0,    0, 
CP, 02, 2026082100, 03, TVCN,  24, 138N, 1475W,   0,    0,   ,   0,    ,    0,    0,    0,    0, 
CP, 02, 2026082100, 03, TVCN,  36, 146N, 1493W,   0,    0,   ,   0,    ,    0,    0,    0,    0, 
CP, 02, 2026082100, 03, TVCN,  48, 155N, 1514W,   0,    0,   ,   0,    ,    0,    0,    0,    0, 
CP, 02, 2026082100, 03, TVCN,  60, 160N, 1538W,   0,    0,   ,   0,    ,    0,    0,    0,    0, 
CP, 02, 2026082100, 03, TVCN,  72, 162N, 1564W,   0,    0,   ,   0,    ,    0,    0,    0,    0, 
CP, 02, 2026082100, 03, TVCN,  84, 163N, 1588W,   0,    0,   ,   0,    ,    0,    0,    0,    0, 
CP, 02, 2026082100, 03, TVCN,  96, 166N, 1613W,   0,    0,   ,   0,    ,    0,    0,    0,    0, 
CP, 02, 2026082100, 03, TVCN, 108, 170N, 1636W,   0,    0,   ,   0,    ,    0,    0,    0,    0, 
CP, 02, 2026082100, 03, TVCN, 120, 173N, 1657W,   0,    0,   ,   0,    ,    0,    0,    0,    0, 
CP, 02, 2026082100, 03, TVCN, 132, 171N, 1673W,   0,    0,   ,   0,    ,    0,    0,    0,    0, 
CP, 02, 2026082100, 03, TVCN, 144, 190N, 1700W,   0,    0,   ,   0,    ,    0,    0,    0,    0, 
CP, 02, 2026082100, 03, TVCN, 156, 191N, 1717W,   0,    0,   ,   0,    ,    0,    0,    0,    0, 
CP, 02, 2026082100, 03, TVCN, 168, 193N, 1734W,   0,    0,   ,   0,    ,    0,    0,    0,    0, 
CP, 02, 2026082106, 03, AVNO,   0, 128N, 1452W,  30, 1008, XX,  34, NEQ,    0,    0,    0,    0,  -99,  -99,  99,   0,   0, 
CP, 02, 2026082106, 03, AVNO,   6, 129N, 1459W,  28, 1005, XX,  34, NEQ,    0,    0,    0,    0, 1009,  181, 133,   0,   0, 
CP, 02, 2026082106, 03, AVNO,  12, 137N, 1470W,  33, 1006, XX,  34, NEQ,    0,    0,    0,    0, 1010,  107,  36,   0,   0, 
CP, 02, 2026082106, 03, AVNO,  18, 137N, 1483W,  31, 1004, XX,  34, NEQ,    0,    0,    0,    0, 1008,   85,  64,   0,   0, 
CP, 02, 2026082106, 03, AVNO,  24, 140N, 1492W,  31, 1006, XX,  34, NEQ,    0,    0,    0,    0, 1010,   62,  25,   0,   0, 
CP, 02, 2026082106, 03, AVNO,  30, 142N, 1502W,  31, 1003, XX,  34, NEQ,    0,    0,    0,    0, 1007,   43,  35,   0,   0, 
CP, 02, 2026082106, 03, AVNO,  36, 145N, 1512W,  34, 1005, XX,  34, NEQ,    0,    0,    0,   44, 1009,   31,  44,   0,   0, 
CP, 02, 2026082106, 03, AVNO,  42, 147N, 1524W,  31, 1004, XX,  34, NEQ,    0,    0,    0,    0, 1008,   39,  25,   0,   0, 
CP, 02, 2026082106, 03, AVNO,  48, 150N, 1536W,  31, 1006, XX,  34, NEQ,    0,    0,    0,    0, 1010,   75,  20,   0,   0, 
CP, 02, 2026082106, 03, AVNO,  54, 152N, 1548W,  29, 1006, XX,  34, NEQ,    0,    0,    0,    0, 1010,  353,  30,   0,   0, 
CP, 02, 2026082106, 03, AVNO,  60, 153N, 1562W,  30, 1008, XX,  34, NEQ,    0,    0,    0,    0, 1012,  281,  96,   0,   0, 
CP, 02, 2026082106, 03, AVNO,  66, 156N, 1577W,  34, 1007, XX,  34, NEQ,    0,    0,    0,   69,  -99,  -99,  69,   0,   0, 
CP, 02, 2026082106, 03, AVNO,  72, 154N, 1591W,  27, 1008, XX,  34, NEQ,    0,    0,    0,    0,  -99,  -99,  41,   0,   0, 
CP, 02, 2026082106, 03, AVNO,  78, 152N, 1604W,  24, 1007, XX,  34, NEQ,    0,    0,    0,    0,  -99,  -99,  69,   0,   0, 
CP, 02, 2026082106, 03, AVNO,  84, 152N, 1616W,  23, 1008, XX,  34, NEQ,    0,    0,    0,    0,  -99,  -99,  99,   0,   0, 
CP, 02, 2026082106, 03, AVNO,  90, 154N, 1627W,  22, 1008, XX,  34, NEQ,    0,    0,    0,    0,  -99,  -99,  97,   0,   0, 
CP, 02, 2026082106, 03, AVNO,  96, 156N, 1639W,  22, 1009, XX,  34, NEQ,    0,    0,    0,    0,  -99,  -99,  37,   0,   0, 
CP, 02, 2026082106, 03, AVNO, 102, 156N, 1651W,  21, 1009, XX,  34, NEQ,    0,    0,    0,    0,  -99,  -99, 103,   0,   0, 
CP, 02, 2026082106, 03, AVNO, 108, 158N, 1663W,  21, 1010, XX,  34, NEQ,    0,    0,    0,    0,  -99,  -99,  48,   0,   0, 
CP, 02, 2026082106, 03, AVNO, 114, 158N, 1674W,  20, 1010, XX,  34, NEQ,    0,    0,    0,    0,  -99,  -99,  85,   0,   0, 
CP, 02, 2026082106, 03, AVNO, 120, 159N, 1686W,  21, 1010, XX,  34, NEQ,    0,    0,    0,    0,  -99,  -99,  72,   0,   0, 
CP, 02, 2026082106, 03, AVNO, 126, 159N, 1697W,  20, 1010, XX,  34, NEQ,    0,    0,    0,    0,  -99,  -99,  85,   0,   0, 
CP, 02, 2026082106, 03, AVNO, 132, 162N, 1709W,  21, 1010, XX,  34, NEQ,    0,    0,    0,    0,  -99,  -99,  93,   0,   0, 
CP, 02, 2026082106, 03, AVNO, 138, 165N, 1720W,  21, 1010, XX,  34, NEQ,    0,    0,    0,    0,  -99,  -99,  82,   0,   0, 
CP, 02, 2026082106, 03, AVNO, 144, 167N, 1730W,  22, 1010, XX,  34, NEQ,    0,    0,    0,    0,  -99,  -99,  67,   0,   0, 
CP, 02, 2026082106, 03, AVNO, 150, 165N, 1742W,  20, 1011, XX,  34, NEQ,    0,    0,    0,    0,  -99,  -99,  82,   0,   0, 
CP, 02, 2026082106, 03, AVNO, 156, 166N, 1753W,  24, 1011, XX,  34, NEQ,    0,    0,    0,    0,  -99,  -99,  63,   0,   0, 
CP, 02, 2026082106, 03, AVNO, 162, 170N, 1764W,  18, 1010, XX,  34, NEQ,    0,    0,    0,    0,  -99,  -99,  61,   0,   0, 
CP, 02, 2026082106, 03, AVNO, 168, 171N, 1776W,  19, 1009, XX,  34, NEQ,    0,    0,    0,    0,  -99,  -99,  57,   0,   0, 
CP, 02, 2026082106, 03, AVNO, 174, 172N, 1785W,  20, 1010, XX,  34, NEQ,    0,    0,    0,    0,  -99,  -99,  62,   0,   0, 
CP, 02, 2026082106, 03, AVNO, 180, 174N, 1797W,  19, 1009, XX,  34, NEQ,    0,    0,    0,    0,  -99,  -99,  50,   0,   0, 
CP, 02, 2026082106, 03, AVNO, 186, 176N, 1791E,  20, 1010, XX,  34, NEQ,    0,    0,    0,    0,  -99,  -99,  53,   0,   0, 
CP, 02, 2026082106, 03, AVNO, 192, 178N, 1777E,  20, 1009, XX,  34, NEQ,    0,    0,    0,    0,  -99,  -99,  78,   0,   0, 
CP, 02, 2026082106, 03, AVNO, 198, 178N, 1765E,  19, 1009, XX,  34, NEQ,    0,    0,    0,    0,  -99,  -99,  97,   0,   0, 
CP, 02, 2026082106, 03, AVNO, 204, 182N, 1752E,  16, 1009, XX,  34, NEQ,    0,    0,    0,    0,  -99,  -99, 108,   0,   0, 
CP, 02, 2026082106, 03, AVNO, 210, 187N, 1740E,  19, 1010, XX,  34, NEQ,    0,    0,    0,    0,  -99,  -99, 120,   0,   0, 
CP, 02, 2026082106, 03, AVNO, 216, 190N, 1727E,  18, 1009, XX,  34, NEQ,    0,    0,    0,    0,  -99,  -99, 128,   0,   0, 
CP, 02, 2026082106, 03, HCCA,   0, 129N, 1452W,  30,    0,   ,   0,    ,    0,    0,    0,    0, 
CP, 02, 2026082106, 03, HCCA,  12, 133N, 1470W,   0,    0,   ,   0,    ,    0,    0,    0,    0, 
CP, 02, 2026082106, 03, HCCA,  24, 138N, 1492W,   0,    0,   ,   0,    ,    0,    0,    0,    0, 
CP, 02, 2026082106, 03, HCCA,  36, 143N, 1515W,   0,    0,   ,   0,    ,    0,    0,    0,    0, 
CP, 02, 2026082106, 03, HCCA,  48, 146N, 1540W,   0,    0,   ,   0,    ,    0,    0,    0,    0, 
CP, 02, 2026082106, 03, HCCA,  60, 148N, 1566W,   0,    0,   ,   0,    ,    0,    0,    0,    0, 
CP, 02, 2026082106, 03, HCCA,  72, 150N, 1592W,   0,    0,   ,   0,    ,    0,    0,    0,    0, 
CP, 02, 2026082106, 03, HCCA,  84, 151N, 1617W,   0,    0,   ,   0,    ,    0,    0,    0,    0, 
CP, 02, 2026082106, 03, HCCA,  96, 153N, 1641W,   0,    0,   ,   0,    ,    0,    0,    0,    0, 
CP, 02, 2026082106, 03, HCCA, 108, 155N, 1664W,   0,    0,   ,   0,    ,    0,    0,    0,    0, 
CP, 02, 2026082106, 03, HCCA, 120, 157N, 1684W,   0,    0,   ,   0,    ,    0,    0,    0,    0, 
CP, 02, 2026082106, 03, HCCA, 132, 159N, 1705W,   0,    0,   ,   0,    ,    0,    0,    0,    0, 
CP, 02, 2026082106, 03, HCCA, 144, 161N, 1723W,   0,    0,   ,   0,    ,    0,    0,    0,    0, 
CP, 02, 2026082106, 03, HCCA, 156, 163N, 1740W,   0,    0,   ,   0,    ,    0,    0,    0,    0, 
CP, 02, 2026082106, 03, HCCA, 168, 166N, 1754W,   0,    0,   ,   0,    ,    0,    0,    0,    0, 
CP, 02, 2026082106, 03, HFSA,   0, 129N, 1452W,  31, 1005, XX,  34, NEQ,    0,    0,    0,    0, 1009,   80, 129,   0,   0,    ,   0,    , 277,   8,           ,  ,  0,    ,    0,    0,    0,    0, THERMO PARAMS, -91, 323, 461, N, 10, DT, -999, SHR82, -99, 
CP, 02, 2026082106, 03, HFSA,   6, 134N, 1457W,  39, 1004, XX,  34, NEQ,    0,    0,    0,    0,  -99,  -99,  46,   0,   0,    ,   0,    , 297,   8,           ,  ,  0,    ,    0,    0,    0,    0, THERMO PARAMS, -107, 7, 145, N, 10, DT, -999, SHR82, -99, 
CP, 02, 2026082106, 03, HFSA,  12, 143N, 1465W,  44, 1003, XX,  34, NEQ,   49,    0,    0,   44, 1007,   20,  25,   0,   0,    ,   0,    , 295,  10,           ,  ,  0,    ,    0,    0,    0,    0, THERMO PARAMS, -93, 345, 218, N, 10, DT, -999, SHR82, -99, 
CP, 02, 2026082106, 03, HFSA,  18, 144N, 1475W,  40, 1002, XX,  34, NEQ,   74,    0,   23,   47, 1006,   25,  69,   0,   0,    ,   0,    , 278,   9,           ,  ,  0,    ,    0,    0,    0,    0, THERMO PARAMS, -120, 235, 123, N, 10, DT, -999, SHR82, -99, 
CP, 02, 2026082106, 03, HFSA,  24, 144N, 1482W,  46, 1001, XX,  34, NEQ,   91,    0,   34,   28, 1005,   16,  31,   0,   0,    ,   0,    , 273,   8,           ,  ,  0,    ,    0,    0,    0,    0, THERMO PARAMS, -124, 481, 582, N, 10, DT, -999, SHR82, -99, 
CP, 02, 2026082106, 03, HFSA,  30, 147N, 1491W,  41, 1001, XX,  34, NEQ,  102,    0,    0,   16, 1005,   23, 102,   0,   0,    ,   0,    , 289,  11,           ,  ,  0,    ,    0,    0,    0,    0, THERMO PARAMS, -93, 1178, 185, N, 10, DT, -999, SHR82, -99, 
CP, 02, 2026082106, 03, HFSA,  36, 150N, 1502W,  40, 1004, XX,  34, NEQ,   73,    0,    0,   55, 1008,   36,  70,   0,   0,    ,   0,    , 288,  11,           ,  ,  0,    ,    0,    0,    0,    0, THERMO PARAMS, -106, 929, 102, N, 10, DT, -999, SHR82, -99, 
CP, 02, 2026082106, 03, HFSA,  42, 155N, 1515W,  41, 1002, XX,  34, NEQ,  108,    0,    0,   52, 1006,   36, 110,   0,   0,    ,   0,    , 286,  12,           ,  ,  0,    ,    0,    0,    0,    0, THERMO PARAMS, -115, 980, 293, N, 10, DT, -999, SHR82, -99, 
CP, 02, 2026082106, 03, HFSA,  48, 159N, 1525W,  43, 1004, XX,  34, NEQ,   73,    0,    0,   76, 1008,   40,  37,   0,   0,    ,   0,    , 291,  10,           ,  ,  0,    ,    0,    0,    0,    0, THERMO PARAMS, -115, 525, 614, N, 10, DT, -999, SHR82, -99, 
CP, 02, 2026082106, 03, HFSA,  54, 163N, 1535W,  46,  998, XX,  34, NEQ,   84,   37,   26,   53, 1002,    8,  59,   0,   0,    ,   0,    , 283,  11,           ,  ,  0,    ,    0,    0,    0,    0, THERMO PARAMS, -121, 682, 125, N, 10, DT, -999, SHR82, -99, 
CP, 02, 2026082106, 03, HFSA,  60, 167N, 1549W,  53, 1001, XX,  34, NEQ,   83,   21,   26,   66, 1005,   14,  29,   0,   0,    ,   0,    , 283,  13,           ,  ,  0,    ,    0,    0,    0,    0, THERMO PARAMS, -99, 93, 396, N, 10, DT, -999, SHR82, -99, 
CP, 02, 2026082106, 03, HFSA,  60, 167N, 1549W,  53, 1001, XX,  50, NEQ,    0,    0,    0,   29, 1005,   14,  29,   0,   0,    ,   0,    , 283,  13,           ,  ,  0,    ,    0,    0,    0,    0, THERMO PARAMS, -99, 93, 396, N, 10, DT, -999, SHR82, -99, 
CP, 02, 2026082106, 03, HFSA,  66, 168N, 1562W,  47, 1000, XX,  34, NEQ,   86,   21,   34,   63, 1004,   15,  52,   0,   0,    ,   0,    , 282,  10,           ,  ,  0,    ,    0,    0,    0,    0, THERMO PARAMS, -92, 596, 297, N, 10, DT, -999, SHR82, -99, 
CP, 02, 2026082106, 03, HFSA,  72, 167N, 1575W,  43, 1001, XX,  34, NEQ,  105,    0,   29,   57, 1005,   19, 101,   0,   0,    ,   0,    , 267,  11,           ,  ,  0,    ,    0,    0,    0,    0, THERMO PARAMS, -81, 413, 150, N, 10, DT, -999, SHR82, -99, 
CP, 02, 2026082106, 03, HFSA,  78, 167N, 1586W,  39,  999, XX,  34, NEQ,   40,    0,    0,   32, 1003,   26,  30,   0,   0,    ,   0,    , 285,   9,           ,  ,  0,    ,    0,    0,    0,    0, THERMO PARAMS, -54, 701, 227, N, 10, DT, -999, SHR82, -99, 
CP, 02, 2026082106, 03, HFSA,  84, 170N, 1597W,  45, 1000, XX,  34, NEQ,   55,   26,    0,   45, 1008,   39,  19,   0,   0,    ,   0,    , 285,  10,           ,  ,  0,    ,    0,    0,    0,    0, THERMO PARAMS, -51, 590, 390, N, 10, DT, -999, SHR82, -99, 
CP, 02, 2026082106, 03, HFSA,  90, 174N, 1609W,  47,  998, XX,  34, NEQ,   52,    0,    0,   44, 1002,   11,  19,   0,   0,    ,   0,    , 293,  11,           ,  ,  0,    ,    0,    0,    0,    0, THERMO PARAMS, -70, 318, 631, N, 10, DT, -999, SHR82, -99, 
CP, 02, 2026082106, 03, HFSA,  96, 177N, 1619W,  41, 1001, XX,  34, NEQ,   50,    0,    0,   45, 1005,   20,  15,   0,   0,    ,   0,    , 282,   9,           ,  ,  0,    ,    0,    0,    0,    0, THERMO PARAMS, -42, 840, 266, N, 10, DT, -999, SHR82, -99, 
CP, 02, 2026082106, 03, HFSA, 102, 180N, 1628W,  48,  995, XX,  34, NEQ,   40,   42,    0,   34, 1003,   21,  23,   0,   0,    ,   0,    , 287,   8,           ,  ,  0,    ,    0,    0,    0,    0, THERMO PARAMS, -58, 754, 469, N, 10, DT, -999, SHR82, -99, 
CP, 02, 2026082106, 03, HFSA, 108, 184N, 1637W,  53,  997, XX,  34, NEQ,   45,    0,    0,   34, 1005,   19,  11,   0,   0,    ,   0,    , 287,  10,           ,  ,  0,    ,    0,    0,    0,    0, THERMO PARAMS, -74, 1028, 672, N, 10, DT, -999, SHR82, -99, 
CP, 02, 2026082106, 03, HFSA, 108, 184N, 1637W,  53,  997, XX,  50, NEQ,   24,    0,    0,   11, 1005,   19,  11,   0,   0,    ,   0,    , 287,  10,           ,  ,  0,    ,    0,    0,    0,    0, THERMO PARAMS, -74, 1028, 672, N, 10, DT, -999, SHR82, -99, 
CP, 02, 2026082106, 03, HFSA, 114, 185N, 1648W,  49, 1001, XX,  34, NEQ,   74,    0,    0,   44, 1005,   11,  14,   0,   0,    ,   0,    , 280,   8,           ,  ,  0,    ,    0,    0,    0,    0, THERMO PARAMS, -79, 39, 630, N, 10, DT, -999, SHR82, -99, 
CP, 02, 2026082106, 03, HFSA, 120, 184N, 1657W,  42, 1004, XX,  34, NEQ,   92,    0,    0,   26, 1008,   19,  89,   0,   0,    ,   0,    , 266,   8,           ,  ,  0,    ,    0,    0,    0,    0, THERMO PARAMS, -60, -403, 532, N, 10, DT, -999, SHR82, -99, 
CP, 02, 2026082106, 03, HFSA, 126, 184N, 1667W,  42, 1005, XX,  34, NEQ,   76,    0,    0,    0,  -99,  -99,  74,   0,   0,    ,   0,    , -99, -99,           ,  ,  0,    ,    0,    0,    0,    0, THERMO PARAMS, -90, 215, 372, N, 10, DT, -999, SHR82, -99, 
CP, 02, 2026082106, 03, TVCN,   0, 129N, 1452W,   0,    0,   ,   0,    ,    0,    0,    0,    0, 
CP, 02, 2026082106, 03, TVCN,  12, 134N, 1469W,   0,    0,   ,   0,    ,    0,    0,    0,    0, 
CP, 02, 2026082106, 03, TVCN,  24, 140N, 1490W,   0,    0,   ,   0,    ,    0,    0,    0,    0, 
CP, 02, 2026082106, 03, TVCN,  36, 145N, 1512W,   0,    0,   ,   0,    ,    0,    0,    0,    0, 
CP, 02, 2026082106, 03, TVCN,  48, 150N, 1537W,   0,    0,   ,   0,    ,    0,    0,    0,    0, 
CP, 02, 2026082106, 03, TVCN,  60, 153N, 1564W,   0,    0,   ,   0,    ,    0,    0,    0,    0, 
CP, 02, 2026082106, 03, TVCN,  72, 154N, 1590W,   0,    0,   ,   0,    ,    0,    0,    0,    0, 
CP, 02, 2026082106, 03, TVCN,  84, 156N, 1616W,   0,    0,   ,   0,    ,    0,    0,    0,    0, 
CP, 02, 2026082106, 03, TVCN,  96, 160N, 1639W,   0,    0,   ,   0,    ,    0,    0,    0,    0, 
CP, 02, 2026082106, 03, TVCN, 108, 164N, 1660W,   0,    0,   ,   0,    ,    0,    0,    0,    0, 
CP, 02, 2026082106, 03, TVCN, 120, 169N, 1680W,   0,    0,   ,   0,    ,    0,    0,    0,    0, 
CP, 02, 2026082106, 03, TVCN, 132, 167N, 1701W,   0,    0,   ,   0,    ,    0,    0,    0,    0, 
CP, 02, 2026082106, 03, TVCN, 144, 178N, 1707W,   0,    0,   ,   0,    ,    0,    0,    0,    0, 
CP, 02, 2026082106, 03, TVCN, 156, 179N, 1724W,   0,    0,   ,   0,    ,    0,    0,    0,    0, 
CP, 02, 2026082106, 03, TVCN, 168, 175N, 1738W,   0,    0,   ,   0,    ,    0,    0,    0,    0, 
CP, 02, 2026082112, 03,  UKX,   0, 130N, 1456W,  28, 1006, XX,  34, NEQ,    0,    0,    0,    0, 
CP, 02, 2026082112, 03,  UKX,   6, 135N, 1466W,  30, 1008, XX,  34, NEQ,    0,    0,    0,    0, 
CP, 02, 2026082112, 03,  UKX,  12, 141N, 1479W,  32, 1005, XX,  34, NEQ,    0,    0,    0,    0, 
CP, 02, 2026082112, 03,  UKX,  18, 143N, 1491W,  34, 1008, XX,  34, NEQ,    0,    0,    0,    0, 
CP, 02, 2026082112, 03,  UKX,  24, 145N, 1503W,  32, 1006, XX,  34, NEQ,    0,    0,    0,    0, 
CP, 02, 2026082112, 03,  UKX,  30, 145N, 1514W,  33, 1008, XX,  34, NEQ,    0,    0,    0,    0, 
CP, 02, 2026082112, 03,  UKX,  36, 144N, 1526W,  31, 1006, XX,  34, NEQ,    0,    0,    0,    0, 
CP, 02, 2026082112, 03,  UKX,  42, 142N, 1541W,  30, 1009, XX,  34, NEQ,    0,    0,    0,    0, 
CP, 02, 2026082112, 03,  UKX,  48, 141N, 1555W,  28, 1007, XX,  34, NEQ,    0,    0,    0,    0, 
CP, 02, 2026082112, 03,  UKX,  54, 142N, 1570W,  30, 1009, XX,  34, NEQ,    0,    0,    0,    0, 
CP, 02, 2026082112, 03,  UKX,  60, 143N, 1584W,  30, 1007, XX,  34, NEQ,    0,    0,    0,    0, 
CP, 02, 2026082112, 03,  UKX,  66, 144N, 1599W,  26, 1008, XX,  34, NEQ,    0,    0,    0,    0, 
CP, 02, 2026082112, 03,  UKX,  72, 145N, 1615W,  26, 1007, XX,  34, NEQ,    0,    0,    0,    0, 
CP, 02, 2026082112, 03,  UKX,  78, 146N, 1629W,  27, 1008, XX,  34, NEQ,    0,    0,    0,    0, 
CP, 02, 2026082112, 03,  UKX,  84, 146N, 1642W,  27, 1007, XX,  34, NEQ,    0,    0,    0,    0, 
CP, 02, 2026082112, 03,  UKX,  90, 146N, 1653W,  26, 1008, XX,  34, NEQ,    0,    0,    0,    0, 
CP, 02, 2026082112, 03,  UKX,  96, 149N, 1666W,  25, 1007, XX,  34, NEQ,    0,    0,    0,    0, 
CP, 02, 2026082112, 03,  UKX, 102, 154N, 1681W,  25, 1008, XX,  34, NEQ,    0,    0,    0,    0, 
CP, 02, 2026082112, 03,  UKX, 108, 157N, 1694W,  27, 1007, XX,  34, NEQ,    0,    0,    0,    0, 
CP, 02, 2026082112, 03,  UKX, 114, 157N, 1707W,  27, 1007, XX,  34, NEQ,    0,    0,    0,    0, 
CP, 02, 2026082112, 03,  UKX, 120, 161N, 1721W,  25, 1008, XX,  34, NEQ,    0,    0,    0,    0, 
CP, 02, 2026082112, 03,  UKX, 126, 165N, 1735W,  25, 1008, XX,  34, NEQ,    0,    0,    0,    0, 
CP, 02, 2026082112, 03,  UKX, 132, 167N, 1746W,  26, 1007, XX,  34, NEQ,    0,    0,    0,    0, 
CP, 02, 2026082112, 03,  UKX, 138, 168N, 1758W,  26, 1007, XX,  34, NEQ,    0,    0,    0,    0, 
CP, 02, 2026082112, 03,  UKX, 144, 168N, 1769W,  27, 1007, XX,  34, NEQ,    0,    0,    0,    0, 
CP, 02, 2026082112, 03, AVNO,   0, 129N, 1458W,  27, 1005, XX,  34, NEQ,    0,    0,    0,    0, 1009,  214, 138,   0,   0, 
CP, 02, 2026082112, 03, AVNO,   6, 134N, 1469W,  31, 1007, XX,  34, NEQ,    0,    0,    0,    0, 1011,  160,  64,   0,   0, 
CP, 02, 2026082112, 03, AVNO,  12, 136N, 1483W,  31, 1004, XX,  34, NEQ,    0,    0,    0,    0, 1008,  198,  27,   0,   0, 
CP, 02, 2026082112, 03, AVNO,  18, 138N, 1493W,  30, 1006, XX,  34, NEQ,    0,    0,    0,    0, 1010,  126,  65,   0,   0, 
CP, 02, 2026082112, 03, AVNO,  24, 141N, 1505W,  31, 1005, XX,  34, NEQ,    0,    0,    0,    0, 1009,  126,  53,   0,   0, 
CP, 02, 2026082112, 03, AVNO,  30, 142N, 1516W,  31, 1007, XX,  34, NEQ,    0,    0,    0,    0, 1011,  116,  64,   0,   0, 
CP, 02, 2026082112, 03, AVNO,  36, 143N, 1529W,  29, 1006, XX,  34, NEQ,    0,    0,    0,    0, 1010,  247,  41,   0,   0, 
CP, 02, 2026082112, 03, AVNO,  42, 141N, 1541W,  27, 1007, XX,  34, NEQ,    0,    0,    0,    0,  -99,  -99,  89,   0,   0, 
CP, 02, 2026082112, 03, AVNO,  48, 144N, 1551W,  28, 1006, XX,  34, NEQ,    0,    0,    0,    0, 1010,  364, 129,   0,   0, 
CP, 02, 2026082112, 03, AVNO,  54, 147N, 1564W,  28, 1008, XX,  34, NEQ,    0,    0,    0,    0,  -99,  -99,  79,   0,   0, 
CP, 02, 2026082112, 03, AVNO,  60, 150N, 1578W,  33, 1007, XX,  34, NEQ,    0,    0,    0,    0,  -99,  -99,  48,   0,   0, 
CP, 02, 2026082112, 03, AVNO,  66, 147N, 1594W,  27, 1008, XX,  34, NEQ,    0,    0,    0,    0,  -99,  -99,  63,   0,   0, 
CP, 02, 2026082112, 03, AVNO,  72, 148N, 1608W,  24, 1007, XX,  34, NEQ,    0,    0,    0,    0,  -99,  -99,  64,   0,   0, 
CP, 02, 2026082112, 03, AVNO,  78, 148N, 1623W,  23, 1009, XX,  34, NEQ,    0,    0,    0,    0,  -99,  -99,  86,   0,   0, 
CP, 02, 2026082112, 03, AVNO,  84, 150N, 1636W,  24, 1008, XX,  34, NEQ,    0,    0,    0,    0,  -99,  -99, 103,   0,   0, 
CP, 02, 2026082112, 03, AVNO,  90, 149N, 1650W,  24, 1009, XX,  34, NEQ,    0,    0,    0,    0,  -99,  -99,  88,   0,   0, 
CP, 02, 2026082112, 03, AVNO,  96, 147N, 1662W,  22, 1009, XX,  34, NEQ,    0,    0,    0,    0,  -99,  -99,  61,   0,   0, 
CP, 02, 2026082112, 03, AVNO, 102, 148N, 1673W,  21, 1009, XX,  34, NEQ,    0,    0,    0,    0,  -99,  -99, 106,   0,   0, 
CP, 02, 2026082112, 03, AVNO, 108, 147N, 1682W,  20, 1008, XX,  34, NEQ,    0,    0,    0,    0,  -99,  -99, 161,   0,   0, 
CP, 02, 2026082112, 03, AVNO, 114, 148N, 1692W,  21, 1009, XX,  34, NEQ,    0,    0,    0,    0,  -99,  -99, 136,   0,   0, 
CP, 02, 2026082112, 03, AVNO, 120, 147N, 1702W,  21, 1009, XX,  34, NEQ,    0,    0,    0,    0,  -99,  -99, 106,   0,   0, 
CP, 02, 2026082112, 03, AVNO, 126, 150N, 1713W,  21, 1009, XX,  34, NEQ,    0,    0,    0,    0,  -99,  -99, 153,   0,   0, 
CP, 02, 2026082112, 03, AVNO, 132, 152N, 1721W,  24, 1009, XX,  34, NEQ,    0,    0,    0,    0,  -99,  -99,  88,   0,   0, 
CP, 02, 2026082112, 03, AVNO, 138, 153N, 1730W,  23, 1009, XX,  34, NEQ,    0,    0,    0,    0,  -99,  -99,  59,   0,   0, 
CP, 02, 2026082112, 03, AVNO, 144, 153N, 1740W,  20, 1009, XX,  34, NEQ,    0,    0,    0,    0,  -99,  -99,  43,   0,   0, 
CP, 02, 2026082112, 03, AVNO, 150, 153N, 1749W,  20, 1009, XX,  34, NEQ,    0,    0,    0,    0,  -99,  -99,  77,   0,   0, 
CP, 02, 2026082112, 03, AVNO, 156, 153N, 1757W,  20, 1009, XX,  34, NEQ,    0,    0,    0,    0,  -99,  -99, 119,   0,   0, 
CP, 02, 2026082112, 03, AVNO, 162, 156N, 1769W,  19, 1008, XX,  34, NEQ,    0,    0,    0,    0,  -99,  -99, 108,   0,   0, 
CP, 02, 2026082112, 03, AVNO, 168, 156N, 1774W,  20, 1008, XX,  34, NEQ,    0,    0,    0,    0,  -99,  -99, 131,   0,   0, 
CP, 02, 2026082112, 03, AVNO, 174, 160N, 1781W,  21, 1008, XX,  34, NEQ,    0,    0,    0,    0,  -99,  -99, 102,   0,   0, 
CP, 02, 2026082112, 03, AVNO, 180, 160N, 1790W,  24, 1008, XX,  34, NEQ,    0,    0,    0,    0,  -99,  -99,  72,   0,   0, 
CP, 02, 2026082112, 03, AVNO, 186, 161N, 1792E,  22, 1007, XX,  34, NEQ,    0,    0,    0,    0,  -99,  -99, 116,   0,   0, 
CP, 02, 2026082112, 03, AVNO, 192, 162N, 1778E,  21, 1008, XX,  34, NEQ,    0,    0,    0,    0,  -99,  -99,  82,   0,   0, 
CP, 02, 2026082112, 03, AVNO, 198, 164N, 1763E,  21, 1008, XX,  34, NEQ,    0,    0,    0,    0,  -99,  -99, 114,   0,   0, 
CP, 02, 2026082112, 03, AVNO, 204, 161N, 1748E,  21, 1009, XX,  34, NEQ,    0,    0,    0,    0,  -99,  -99, 112,   0,   0, 
CP, 02, 2026082112, 03, AVNO, 210, 161N, 1730E,  20, 1008, XX,  34, NEQ,    0,    0,    0,    0,  -99,  -99, 131,   0,   0, 
CP, 02, 2026082112, 03, AVNO, 216, 164N, 1718E,  21, 1009, XX,  34, NEQ,    0,    0,    0,    0,  -99,  -99, 112,   0,   0, 
CP, 02, 2026082112, 03, AVNO, 222, 167N, 1701E,  20, 1008, XX,  34, NEQ,    0,    0,    0,    0,  -99,  -99, 102,   0,   0, 
CP, 02, 2026082112, 03, AVNO, 228, 167N, 1687E,  20, 1009, XX,  34, NEQ,    0,    0,    0,    0,  -99,  -99, 137,   0,   0, 
CP, 02, 2026082112, 03, AVNO, 234, 170N, 1672E,  20, 1008, XX,  34, NEQ,    0,    0,    0,    0,  -99,  -99, 151,   0,   0, 
CP, 02, 2026082112, 03, AVNO, 240, 176N, 1658E,  20, 1010, XX,  34, NEQ,    0,    0,    0,    0,  -99,  -99, 102,   0,   0, 
CP, 02, 2026082112, 03, HCCA,   0, 132N, 1456W,  30,    0,   ,   0,    ,    0,    0,    0,    0, 
CP, 02, 2026082112, 03, HCCA,  12, 139N, 1474W,  37,    0,   ,   0,    ,    0,    0,    0,    0, 
CP, 02, 2026082112, 03, HCCA,  24, 148N, 1493W,  44,    0,   ,   0,    ,    0,    0,    0,    0, 
CP, 02, 2026082112, 03, HCCA,  36, 157N, 1513W,  50,    0,   ,   0,    ,    0,    0,    0,    0, 
CP, 02, 2026082112, 03, HCCA,  48, 167N, 1537W,  48,    0,   ,   0,    ,    0,    0,    0,    0, 
CP, 02, 2026082112, 03, HCCA,  60, 172N, 1561W,  42,    0,   ,   0,    ,    0,    0,    0,    0, 
CP, 02, 2026082112, 03, HCCA,  72, 176N, 1586W,  37,    0,   ,   0,    ,    0,    0,    0,    0, 
CP, 02, 2026082112, 03, HCCA,  84, 182N, 1618W,  34,    0,   ,   0,    ,    0,    0,    0,    0, 
CP, 02, 2026082112, 03, HCCA,  96, 185N, 1652W,  34,    0,   ,   0,    ,    0,    0,    0,    0, 
CP, 02, 2026082112, 03, HCCA, 108, 192N, 1676W,  30,    0,   ,   0,    ,    0,    0,    0,    0, 
CP, 02, 2026082112, 03, HCCA, 120, 195N, 1696W,  25,    0,   ,   0,    ,    0,    0,    0,    0, 
CP, 02, 2026082112, 03, HCCA, 132, 200N, 1715W,  25,    0,   ,   0,    ,    0,    0,    0,    0, 
CP, 02, 2026082112, 03, HCCA, 144, 204N, 1732W,  25,    0,   ,   0,    ,    0,    0,    0,    0, 
CP, 02, 2026082112, 03, HCCA, 156, 205N, 1750W,  26,    0,   ,   0,    ,    0,    0,    0,    0, 
CP, 02, 2026082112, 03, HCCA, 168, 208N, 1764W,  28,    0,   ,   0,    ,    0,    0,    0,    0, 
CP, 02, 2026082112, 03, HFSA,   0, 132N, 1456W,  31, 1004, XX,  34, NEQ,    0,    0,    0,    0, 1008,  121,  72,   0,   0,    ,   0,    , 285,   9,           ,  ,  0,    ,    0,    0,    0,    0, THERMO PARAMS, -81, 402, 273, N, 10, DT, -999, SHR82, -99, 
CP, 02, 2026082112, 03, HFSA,   6, 137N, 1470W,  43, 1005, XX,  34, NEQ,   73,    0,    0,   49,  -99,  -99,  40,   0,   0,    ,   0,    , 281,  12,           ,  ,  0,    ,    0,    0,    0,    0, THERMO PARAMS, -72, 405, 349, N, 10, DT, -999, SHR82, -99, 
CP, 02, 2026082112, 03, HFSA,  12, 140N, 1484W,  39, 1003, XX,  34, NEQ,   86,    0,    0,   39, 1007,   61,  81,   0,   0,    ,   0,    , 280,  11,           ,  ,  0,    ,    0,    0,    0,    0, THERMO PARAMS, -105, 168, 325, N, 10, DT, -999, SHR82, -99, 
CP, 02, 2026082112, 03, HFSA,  18, 140N, 1494W,  43, 1005, XX,  34, NEQ,   79,    0,    0,   78, 1009,   47,  29,   0,   0,    ,   0,    , 271,  10,           ,  ,  0,    ,    0,    0,    0,    0, THERMO PARAMS, -67, 92, 199, N, 10, DT, -999, SHR82, -99, 
CP, 02, 2026082112, 03, HFSA,  24, 141N, 1504W,  44, 1001, XX,  34, NEQ,   79,    0,    0,   40, 1005,   29,  16,   0,   0,    ,   0,    , 283,  10,           ,  ,  0,    ,    0,    0,    0,    0, THERMO PARAMS, -96, 626, 140, N, 10, DT, -999, SHR82, -99, 
CP, 02, 2026082112, 03, HFSA,  30, 145N, 1515W,  42, 1004, XX,  34, NEQ,   79,    0,   16,   63, 1008,   21,  25,   0,   0,    ,   0,    , 285,  13,           ,  ,  0,    ,    0,    0,    0,    0, THERMO PARAMS, -99, 650, 22, N, 10, DT, -999, SHR82, -99, 
CP, 02, 2026082112, 03, HFSA,  36, 149N, 1529W,  44, 1001, XX,  34, NEQ,   62,    0,   19,   52, 1009,   78,   9,   0,   0,    ,   0,    , 285,  13,           ,  ,  0,    ,    0,    0,    0,    0, THERMO PARAMS, -89, 1100, 334, N, 10, DT, -999, SHR82, -99, 
CP, 02, 2026082112, 03, HFSA,  42, 150N, 1544W,  45, 1003, XX,  34, NEQ,  100,    0,    0,   49, 1007,   21,  96,   0,   0,    ,   0,    , 272,  13,           ,  ,  0,    ,    0,    0,    0,    0, THERMO PARAMS, -127, 512, 523, N, 10, DT, -999, SHR82, -99, 
CP, 02, 2026082112, 03, HFSA,  48, 153N, 1556W,  53,  997, XX,  34, NEQ,   89,   36,   44,   71, 1001,    7,  27,   0,   0,    ,   0,    , 271,  12,           ,  ,  0,    ,    0,    0,    0,    0, THERMO PARAMS, -92, 763, 294, N, 10, DT, -999, SHR82, -99, 
CP, 02, 2026082112, 03, HFSA,  48, 153N, 1556W,  53,  997, XX,  50, NEQ,    0,    0,    0,   29, 1001,    7,  27,   0,   0,    ,   0,    , 271,  12,           ,  ,  0,    ,    0,    0,    0,    0, THERMO PARAMS, -92, 763, 294, N, 10, DT, -999, SHR82, -99, 
CP, 02, 2026082112, 03, HFSA,  54, 154N, 1571W,  45, 1002, XX,  34, NEQ,   84,   16,    0,   58, 1006,   14,  41,   0,   0,    ,   0,    , 270,  15,           ,  ,  0,    ,    0,    0,    0,    0, THERMO PARAMS, -53, 578, 402, N, 10, DT, -999, SHR82, -99, 
CP, 02, 2026082112, 03, HFSA,  60, 155N, 1586W,  46, 1003, XX,  34, NEQ,   70,    0,    0,   44,  -99,  -99,  60,   0,   0,    ,   0,    , 281,  13,           ,  ,  0,    ,    0,    0,    0,    0, THERMO PARAMS, -80, 652, 271, N, 10, DT, -999, SHR82, -99, 
CP, 02, 2026082112, 03, HFSA,  66, 157N, 1602W,  50,  997, XX,  34, NEQ,   78,    0,    0,   42, 1005,   22,  16,   0,   0,    ,   0,    , 277,  13,           ,  ,  0,    ,    0,    0,    0,    0, THERMO PARAMS, -75, 924, 485, N, 10, DT, -999, SHR82, -99, 
CP, 02, 2026082112, 03, HFSA,  72, 158N, 1617W,  46,  997, XX,  34, NEQ,   57,    0,   18,   65, 1001,   10,  29,   0,   0,    ,   0,    , 278,  13,           ,  ,  0,    ,    0,    0,    0,    0, THERMO PARAMS, -55, 521, 588, N, 10, DT, -999, SHR82, -99, 
CP, 02, 2026082112, 03, HFSA,  78, 159N, 1631W,  44, 1001, XX,  34, NEQ,   66,   18,    0,   57, 1005,   13,  50,   0,   0,    ,   0,    , 272,  12,           ,  ,  0,    ,    0,    0,    0,    0, THERMO PARAMS, -51, 298, 170, N, 10, DT, -999, SHR82, -99, 
CP, 02, 2026082112, 03, HFSA,  84, 159N, 1644W,  35, 1003, XX,  34, NEQ,    0,    0,    0,    0, 1007,   26,  25,   0,   0,    ,   0,    , 277,  11,           ,  ,  0,    ,    0,    0,    0,    0, THERMO PARAMS, -22, 626, 235, N, 10, DT, -999, SHR82, -99, 
CP, 02, 2026082112, 03, HFSA,  90, 162N, 1656W,  48,  995, XX,  34, NEQ,   21,    0,    0,   23,  999,    4,  16,   0,   0,    ,   0,    , 278,  11,           ,  ,  0,    ,    0,    0,    0,    0, THERMO PARAMS, -31, 1013, 529, N, 10, DT, -999, SHR82, -99, 
CP, 02, 2026082112, 03, HFSA,  96, 163N, 1670W,  40, 1002, XX,  34, NEQ,   32,    0,    0,   28, 1006,   23,  20,   0,   0,    ,   0,    , 275,  11,           ,  ,  0,    ,    0,    0,    0,    0, THERMO PARAMS, -33, 545, 363, N, 10, DT, -999, SHR82, -99, 
CP, 02, 2026082112, 03, HFSA, 102, 166N, 1682W,  47,  999, XX,  34, NEQ,   36,   21,    0,   34, 1003,   11,  21,   0,   0,    ,   0,    , 286,  12,           ,  ,  0,    ,    0,    0,    0,    0, THERMO PARAMS, -30, 651, 176, N, 10, DT, -999, SHR82, -99, 
CP, 02, 2026082112, 03, HFSA, 108, 169N, 1694W,  38, 1000, XX,  34, NEQ,   34,    0,    0,   24, 1004,   14,  31,   0,   0,    ,   0,    , 283,  10,           ,  ,  0,    ,    0,    0,    0,    0, THERMO PARAMS, -14, 514, 370, N, 10, DT, -999, SHR82, -99, 
CP, 02, 2026082112, 03, HFSA, 114, 172N, 1702W,  53,  997, XX,  34, NEQ,   55,    0,    0,   44, 1001,    6,  27,   0,   0,    ,   0,    , 277,   7,           ,  ,  0,    ,    0,    0,    0,    0, THERMO PARAMS, -54, 694, 576, N, 10, DT, -999, SHR82, -99, 
CP, 02, 2026082112, 03, HFSA, 114, 172N, 1702W,  53,  997, XX,  50, NEQ,   28,    0,    0,    0, 1001,    6,  27,   0,   0,    ,   0,    , 277,   7,           ,  ,  0,    ,    0,    0,    0,    0, THERMO PARAMS, -54, 694, 576, N, 10, DT, -999, SHR82, -99, 
CP, 02, 2026082112, 03, HFSA, 120, 173N, 1713W,  42, 1000, XX,  34, NEQ,   58,    0,    0,   37, 1004,    6,  30,   0,   0,    ,   0,    , 273,  11,           ,  ,  0,    ,    0,    0,    0,    0, THERMO PARAMS, -37, 613, 316, N, 10, DT, -999, SHR82, -99, 
CP, 02, 2026082112, 03, HFSA, 126, 175N, 1722W,  55,  997, XX,  34, NEQ,   45,   37,    0,   34, 1001,   13,  12,   0,   0,    ,   0,    , -99, -99,           ,  ,  0,    ,    0,    0,    0,    0, THERMO PARAMS, -64, 296, 565, N, 10, DT, -999, SHR82, -99, 
CP, 02, 2026082112, 03, HFSA, 126, 175N, 1722W,  55,  997, XX,  50, NEQ,   13,    0,    0,    0, 1001,   13,  12,   0,   0,    ,   0,    , -99, -99,           ,  ,  0,    ,    0,    0,    0,    0, THERMO PARAMS, -64, 296, 565, N, 10, DT, -999, SHR82, -99, 
CP, 02, 2026082112, 03, TVCN,   0, 132N, 1456W,   0,    0,   ,   0,    ,    0,    0,    0,    0, 
CP, 02, 2026082112, 03, TVCN,  12, 139N, 1474W,   0,    0,   ,   0,    ,    0,    0,    0,    0, 
CP, 02, 2026082112, 03, TVCN,  24, 145N, 1493W,   0,    0,   ,   0,    ,    0,    0,    0,    0, 
CP, 02, 2026082112, 03, TVCN,  36, 151N, 1515W,   0,    0,   ,   0,    ,    0,    0,    0,    0, 
CP, 02, 2026082112, 03, TVCN,  48, 156N, 1540W,   0,    0,   ,   0,    ,    0,    0,    0,    0, 
CP, 02, 2026082112, 03, TVCN,  60, 158N, 1565W,   0,    0,   ,   0,    ,    0,    0,    0,    0, 
CP, 02, 2026082112, 03, TVCN,  72, 160N, 1590W,   0,    0,   ,   0,    ,    0,    0,    0,    0, 
CP, 02, 2026082112, 03, TVCN,  84, 164N, 1615W,   0,    0,   ,   0,    ,    0,    0,    0,    0, 
CP, 02, 2026082112, 03, TVCN,  96, 169N, 1637W,   0,    0,   ,   0,    ,    0,    0,    0,    0, 
CP, 02, 2026082112, 03, TVCN, 108, 174N, 1660W,   0,    0,   ,   0,    ,    0,    0,    0,    0, 
CP, 02, 2026082112, 03, TVCN, 120, 178N, 1681W,   0,    0,   ,   0,    ,    0,    0,    0,    0, 
CP, 02, 2026082112, 03, TVCN, 132, 176N, 1698W,   0,    0,   ,   0,    ,    0,    0,    0,    0, 
CP, 02, 2026082112, 03, TVCN, 144, 180N, 1715W,   0,    0,   ,   0,    ,    0,    0,    0,    0, 
CP, 02, 2026082112, 03, TVCN, 156, 179N, 1733W,   0,    0,   ,   0,    ,    0,    0,    0,    0, 
CP, 02, 2026082112, 03, TVCN, 168, 172N, 1749W,   0,    0,   ,   0,    ,    0,    0,    0,    0, 
CP, 02, 2026082118, 03, AVNO,   0, 136N, 1468W,  32, 1006, XX,  34, NEQ,    0,    0,    0,    0, 1010,   81,  55,   0,   0, 
CP, 02, 2026082118, 03, AVNO,   6, 140N, 1480W,  34, 1002, XX,  34, NEQ,    0,    0,    0,    0, 1006,   37,  30,   0,   0, 
CP, 02, 2026082118, 03, AVNO,  12, 145N, 1491W,  39, 1003, XX,  34, NEQ,   55,    0,    0,   47, 1007,   27,  47,   0,   0, 
CP, 02, 2026082118, 03, AVNO,  18, 147N, 1502W,  45,  996, XX,  34, NEQ,   53,   18,    0,   50, 1008,   77,  24,   0,   0, 
CP, 02, 2026082118, 03, AVNO,  24, 148N, 1513W,  37, 1002, XX,  34, NEQ,    0,    0,    0,   29, 1010,  102,  17,   0,   0, 
CP, 02, 2026082118, 03, AVNO,  30, 150N, 1524W,  33, 1003, XX,  34, NEQ,    0,    0,    0,    0, 1007,   31,  15,   0,   0, 
CP, 02, 2026082118, 03, AVNO,  36, 153N, 1537W,  38, 1003, XX,  34, NEQ,   37,    0,   17,   31, 1011,  402,  27,   0,   0, 
CP, 02, 2026082118, 03, AVNO,  42, 153N, 1549W,  33, 1004, XX,  34, NEQ,    0,    0,    0,    0, 1008,   36,  15,   0,   0, 
CP, 02, 2026082118, 03, AVNO,  48, 153N, 1560W,  28, 1006, XX,  34, NEQ,    0,    0,    0,    0, 1010,   56,  18,   0,   0, 
CP, 02, 2026082118, 03, AVNO,  54, 154N, 1573W,  28, 1006, XX,  34, NEQ,    0,    0,    0,    0, 1010,  209,  21,   0,   0, 
CP, 02, 2026082118, 03, AVNO,  60, 154N, 1586W,  27, 1007, XX,  34, NEQ,    0,    0,    0,    0,  -99,  -99,  21,   0,   0, 
CP, 02, 2026082118, 03, AVNO,  66, 154N, 1599W,  25, 1006, XX,  34, NEQ,    0,    0,    0,    0,  -99,  -99,  19,   0,   0, 
CP, 02, 2026082118, 03, AVNO,  72, 156N, 1613W,  22, 1008, XX,  34, NEQ,    0,    0,    0,    0,  -99,  -99,  26,   0,   0, 
CP, 02, 2026082118, 03, AVNO,  78, 158N, 1625W,  22, 1008, XX,  34, NEQ,    0,    0,    0,    0,  -99,  -99,  59,   0,   0, 
CP, 02, 2026082118, 03, AVNO,  84, 159N, 1636W,  22, 1009, XX,  34, NEQ,    0,    0,    0,    0,  -99,  -99,  22,   0,   0, 
CP, 02, 2026082118, 03, AVNO,  90, 161N, 1647W,  22, 1009, XX,  34, NEQ,    0,    0,    0,    0,  -99,  -99,  57,   0,   0, 
CP, 02, 2026082118, 03, AVNO,  96, 164N, 1659W,  21, 1010, XX,  34, NEQ,    0,    0,    0,    0,  -99,  -99,  66,   0,   0, 
CP, 02, 2026082118, 03, AVNO, 102, 167N, 1671W,  20, 1009, XX,  34, NEQ,    0,    0,    0,    0,  -99,  -99,  48,   0,   0, 
CP, 02, 2026082118, 03, AVNO, 108, 170N, 1684W,  22, 1010, XX,  34, NEQ,    0,    0,    0,    0,  -99,  -99, 107,   0,   0, 
CP, 02, 2026082118, 03, AVNO, 114, 171N, 1699W,  22, 1010, XX,  34, NEQ,    0,    0,    0,    0,  -99,  -99,  81,   0,   0, 
CP, 02, 2026082118, 03, AVNO, 120, 173N, 1716W,  21, 1011, XX,  34, NEQ,    0,    0,    0,    0,  -99,  -99,  92,   0,   0, 
CP, 02, 2026082118, 03, AVNO, 126, 178N, 1730W,  20, 1011, XX,  34, NEQ,    0,    0,    0,    0,  -99,  -99, 122,   0,   0, 
CP, 02, 2026082118, 03, AVNO, 132, 181N, 1743W,  20, 1010, XX,  34, NEQ,    0,    0,    0,    0,  -99,  -99, 152,   0,   0, 
CP, 02, 2026082118, 03, AVNO, 138, 180N, 1756W,  21, 1011, XX,  34, NEQ,    0,    0,    0,    0,  -99,  -99, 102,   0,   0, 
CP, 02, 2026082118, 03, AVNO, 144, 173N, 1771W,  18, 1011, XX,  34, NEQ,    0,    0,    0,    0,  -99,  -99, 162,   0,   0, 
CP, 02, 2026082118, 03, HFSA,   0, 137N, 1467W,  36, 1004, XX,  34, NEQ,   55,    0,    0,   52, 1008,   54,  47,   0,   0,    ,   0,    , 288,   9,           ,  ,  0,    ,    0,    0,    0,    0, THERMO PARAMS, -98, 84, 524, N, 10, DT, -999, SHR82, -99, 
CP, 02, 2026082118, 03, HFSA,   6, 140N, 1479W,  40,  999, XX,  34, NEQ,   62,    0,    0,   49, 1003,   14,  72,   0,   0,    ,   0,    , 285,  11,           ,  ,  0,    ,    0,    0,    0,    0, THERMO PARAMS, -78, 26, 371, N, 10, DT, -999, SHR82, -99, 
CP, 02, 2026082118, 03, HFSA,  12, 144N, 1486W,  40, 1003, XX,  34, NEQ,   42,    0,    0,   58, 1007,   26,  31,   0,   0,    ,   0,    , 295,   9,           ,  ,  0,    ,    0,    0,    0,    0, THERMO PARAMS, -80, 432, 226, N, 10, DT, -999, SHR82, -99, 
CP, 02, 2026082118, 03, HFSA,  18, 150N, 1491W,  46,  999, XX,  34, NEQ,  147,   15,   15,   58, 1003,   19,  21,   0,   0,    ,   0,    , 302,   9,           ,  ,  0,    ,    0,    0,    0,    0, THERMO PARAMS, -68, 547, 50, N, 10, DT, -999, SHR82, -99, 
CP, 02, 2026082118, 03, HFSA,  24, 156N, 1502W,  44, 1003, XX,  34, NEQ,   97,    0,    0,   42, 1007,   19,  51,   0,   0,    ,   0,    , 298,  13,           ,  ,  0,    ,    0,    0,    0,    0, THERMO PARAMS, -118, 491, 319, N, 10, DT, -999, SHR82, -99, 
CP, 02, 2026082118, 03, HFSA,  30, 160N, 1515W,  43, 1003, XX,  34, NEQ,   97,    0,   29,   63, 1007,   28,  34,   0,   0,    ,   0,    , 291,  11,           ,  ,  0,    ,    0,    0,    0,    0, THERMO PARAMS, -140, 1155, 152, N, 10, DT, -999, SHR82, -99, 
CP, 02, 2026082118, 03, HFSA,  36, 162N, 1526W,  43, 1001, XX,  34, NEQ,  126,   28,   15,   78, 1005,    7,  39,   0,   0,    ,   0,    , 282,  10,           ,  ,  0,    ,    0,    0,    0,    0, THERMO PARAMS, -147, 958, 189, N, 10, DT, -999, SHR82, -99, 
CP, 02, 2026082118, 03, HFSA,  42, 166N, 1536W,  44, 1001, XX,  34, NEQ,  121,   19,    0,   73, 1005,   35, 118,   0,   0,    ,   0,    , 285,  11,           ,  ,  0,    ,    0,    0,    0,    0, THERMO PARAMS, -147, 612, 317, N, 10, DT, -999, SHR82, -99, 
CP, 02, 2026082118, 03, HFSA,  48, 166N, 1549W,  40, 1002, XX,  34, NEQ,   68,   18,   34,   68, 1006,    8,  28,   0,   0,    ,   0,    , 275,  11,           ,  ,  0,    ,    0,    0,    0,    0, THERMO PARAMS, -120, 804, 389, N, 10, DT, -999, SHR82, -99, 
CP, 02, 2026082118, 03, HFSA,  54, 165N, 1562W,  37, 1003, XX,  34, NEQ,    0,    0,    0,    0, 1007,   40, 148,   0,   0,    ,   0,    , 271,  10,           ,  ,  0,    ,    0,    0,    0,    0, THERMO PARAMS, -9999, -9999, -9999, N, 10, DT, -999, SHR82, -99, 
CP, 02, 2026082118, 03, HFSA,  60, 165N, 1573W,  34, 1004, XX,  34, NEQ,    0,    0,    0,    0, 1008,   48, 141,   0,   0,    ,   0,    , 278,  10,           ,  ,  0,    ,    0,    0,    0,    0, THERMO PARAMS, -76, 378, 178, N, 10, DT, -999, SHR82, -99, 
CP, 02, 2026082118, 03, HFSA,  66, 168N, 1586W,  39, 1001, XX,  34, NEQ,    0,    0,    0,    0, 1005,   21,  25,   0,   0,    ,   0,    , 287,  12,           ,  ,  0,    ,    0,    0,    0,    0, THERMO PARAMS, -43, 170, 348, N, 10, DT, -999, SHR82, -99, 
CP, 02, 2026082118, 03, HFSA,  72, 173N, 1599W,  39, 1004, XX,  34, NEQ,   50,    0,    0,    0,  -99,  -99,  45,   0,   0,    ,   0,    , 290,  13,           ,  ,  0,    ,    0,    0,    0,    0, THERMO PARAMS, -47, 797, 56, N, 10, DT, -999, SHR82, -99, 
CP, 02, 2026082118, 03, HFSA,  78, 177N, 1613W,  32, 1005, XX,  34, NEQ,    0,    0,    0,    0, 1009,   52,  79,   0,   0,    ,   0,    , 289,  11,           ,  ,  0,    ,    0,    0,    0,    0, THERMO PARAMS, -32, 380, 153, N, 10, DT, -999, SHR82, -99, 
CP, 02, 2026082118, 03, HFSA,  84, 182N, 1627W,  33, 1007, XX,  34, NEQ,    0,    0,    0,    0,  -99,  -99,  66,   0,   0,    ,   0,    , 286,  13,           ,  ,  0,    ,    0,    0,    0,    0, THERMO PARAMS, -15, 636, -20, N, 10, DT, -999, SHR82, -99, 
CP, 02, 2026082118, 03, HFSA,  90, 187N, 1642W,  30, 1005, XX,  34, NEQ,    0,    0,    0,    0, 1009,   44,  89,   0,   0,    ,   0,    , 288,  12,           ,  ,  0,    ,    0,    0,    0,    0, THERMO PARAMS, -38, 419, 293, N, 10, DT, -999, SHR82, -99, 
CP, 02, 2026082118, 03, HFSA,  96, 189N, 1658W,  30, 1008, XX,  34, NEQ,    0,    0,    0,    0,  -99,  -99,  79,   0,   0,    ,   0,    , 281,  13,           ,  ,  0,    ,    0,    0,    0,    0, THERMO PARAMS, -34, 223, 165, N, 10, DT, -999, SHR82, -99, 
CP, 02, 2026082118, 03, HFSA, 102, 192N, 1671W,  27, 1008, XX,  34, NEQ,    0,    0,    0,    0,  -99,  -99,  62,   0,   0,    ,   0,    , 285,  12,           ,  ,  0,    ,    0,    0,    0,    0, THERMO PARAMS, -39, 454, 252, N, 10, DT, -999, SHR82, -99, 
CP, 02, 2026082118, 03, HFSA, 108, 196N, 1687W,  27, 1009, XX,  34, NEQ,    0,    0,    0,    0,  -99,  -99,  73,   0,   0,    ,   0,    , 276,  13,           ,  ,  0,    ,    0,    0,    0,    0, THERMO PARAMS, -54, 258, -28, N, 10, DT, -999, SHR82, -99, 
CP, 02, 2026082118, 03, HFSA, 114, 201N, 1703W,  37, 1003, XX,  34, NEQ,    0,    0,    0,    0, 1007,    8,  28,   0,   0,    ,   0,    , 288,  13,           ,  ,  0,    ,    0,    0,    0,    0, THERMO PARAMS, -74, 554, 430, N, 10, DT, -999, SHR82, -99, 
CP, 02, 2026082118, 03, HFSA, 120, 201N, 1718W,  28, 1009, XX,  34, NEQ,    0,    0,    0,    0,  -99,  -99,  69,   0,   0,    ,   0,    , 278,  10,           ,  ,  0,    ,    0,    0,    0,    0, THERMO PARAMS, -57, 60, -67, N, 10, DT, -999, SHR82, -99, 
CP, 02, 2026082118, 03, HFSA, 126, 205N, 1730W,  27, 1006, XX,  34, NEQ,    0,    0,    0,    0, 1010,   18,  66,   0,   0,    ,   0,    , -99, -99,           ,  ,  0,    ,    0,    0,    0,    0, THERMO PARAMS, -79, 276, -10, N, 10, DT, -999, SHR82, -99, 
CP, 02, 2026082118, 03, TVCN,   0, 137N, 1467W,   0,    0,   ,   0,    ,    0,    0,    0,    0, 
CP, 02, 2026082118, 03, TVCN,  12, 143N, 1489W,   0,    0,   ,   0,    ,    0,    0,    0,    0, 
CP, 02, 2026082118, 03, TVCN,  24, 148N, 1511W,   0,    0,   ,   0,    ,    0,    0,    0,    0, 
CP, 02, 2026082118, 03, TVCN,  36, 153N, 1535W,   0,    0,   ,   0,    ,    0,    0,    0,    0, 
CP, 02, 2026082118, 03, TVCN,  48, 155N, 1561W,   0,    0,   ,   0,    ,    0,    0,    0,    0, 
CP, 02, 2026082118, 03, TVCN,  60, 157N, 1588W,   0,    0,   ,   0,    ,    0,    0,    0,    0, 
CP, 02, 2026082118, 03, TVCN,  72, 160N, 1615W,   0,    0,   ,   0,    ,    0,    0,    0,    0, 
CP, 02, 2026082118, 03, TVCN,  84, 164N, 1641W,   0,    0,   ,   0,    ,    0,    0,    0,    0, 
CP, 02, 2026082118, 03, TVCN,  96, 169N, 1665W,   0,    0,   ,   0,    ,    0,    0,    0,    0, 
CP, 02, 2026082118, 03, TVCN, 108, 171N, 1690W,   0,    0,   ,   0,    ,    0,    0,    0,    0, 
CP, 02, 2026082118, 03, TVCN, 120, 175N, 1713W,   0,    0,   ,   0,    ,    0,    0,    0,    0, 
CP, 02, 2026082118, 03, TVCN, 132, 176N, 1740W,   0,    0,   ,   0,    ,    0,    0,    0,    0, 
CP, 02, 2026082118, 03, HCCA,   0, 137N, 1467W,  35,    0,   ,   0,    ,    0,    0,    0,    0, 
CP, 02, 2026082118, 03, HCCA,  12, 143N, 1489W,  42,    0,   ,   0,    ,    0,    0,    0,    0, 
CP, 02, 2026082118, 03, HCCA,  24, 151N, 1506W,  46,    0,   ,   0,    ,    0,    0,    0,    0, 
CP, 02, 2026082118, 03, HCCA,  36, 159N, 1527W,  49,    0,   ,   0,    ,    0,    0,    0,    0, 
CP, 02, 2026082118, 03, HCCA,  48, 166N, 1553W,  47,    0,   ,   0,    ,    0,    0,    0,    0, 
CP, 02, 2026082118, 03, HCCA,  60, 170N, 1578W,  40,    0,   ,   0,    ,    0,    0,    0,    0, 
CP, 02, 2026082118, 03, HCCA,  72, 173N, 1610W,  35,    0,   ,   0,    ,    0,    0,    0,    0, 
CP, 02, 2026082118, 03, HCCA,  84, 172N, 1643W,  32,    0,   ,   0,    ,    0,    0,    0,    0, 
CP, 02, 2026082118, 03, HCCA,  96, 175N, 1667W,  30,    0,   ,   0,    ,    0,    0,    0,    0, 
CP, 02, 2026082118, 03, HCCA, 108, 180N, 1690W,  30,    0,   ,   0,    ,    0,    0,    0,    0, 
CP, 02, 2026082118, 03, HCCA, 120, 184N, 1711W,  32,    0,   ,   0,    ,    0,    0,    0,    0, 
CP, 02, 2026082118, 03, HCCA, 132, 188N, 1729W,  32,    0,   ,   0,    ,    0,    0,    0,    0, 
CP, 02, 2026082118, 03, HCCA, 144, 191N, 1746W,  34,    0,   ,   0,    ,    0,    0,    0,    0, 
CP, 02, 2026082118, 03, HCCA, 156, 196N, 1762W,  36,    0,   ,   0,    ,    0,    0,    0,    0, 
CP, 02, 2026082118, 03, HCCA, 168, 201N, 1780W,  40,    0,   ,   0,    ,    0,    0,    0,    0, 
CP, 02, 2026082200, 03,  UKX,   0, 140N, 1479W,  34, 1004, XX,  34, NEQ,    0,    0,    0,    0, 
CP, 02, 2026082200, 03,  UKX,   6, 143N, 1489W,  34, 1007, XX,  34, NEQ,    0,    0,    0,    0, 
CP, 02, 2026082200, 03,  UKX,  12, 147N, 1502W,  33, 1005, XX,  34, NEQ,    0,    0,    0,    0, 
CP, 02, 2026082200, 03,  UKX,  18, 151N, 1513W,  34, 1008, XX,  34, NEQ,    0,    0,    0,    0, 
CP, 02, 2026082200, 03,  UKX,  24, 152N, 1527W,  32, 1006, XX,  34, NEQ,    0,    0,    0,    0, 
CP, 02, 2026082200, 03,  UKX,  30, 150N, 1541W,  32, 1008, XX,  34, NEQ,    0,    0,    0,    0, 
CP, 02, 2026082200, 03,  UKX,  36, 148N, 1557W,  32, 1007, XX,  34, NEQ,    0,    0,    0,    0, 
CP, 02, 2026082200, 03,  UKX,  42, 147N, 1574W,  29, 1009, XX,  34, NEQ,    0,    0,    0,    0, 
CP, 02, 2026082200, 03,  UKX,  48, 146N, 1588W,  26, 1007, XX,  34, NEQ,    0,    0,    0,    0, 
CP, 02, 2026082200, 03,  UKX,  54, 146N, 1603W,  25, 1009, XX,  34, NEQ,    0,    0,    0,    0, 
CP, 02, 2026082200, 03,  UKX,  60, 146N, 1617W,  24, 1008, XX,  34, NEQ,    0,    0,    0,    0, 
CP, 02, 2026082200, 03,  UKX,  66, 147N, 1629W,  24, 1009, XX,  34, NEQ,    0,    0,    0,    0, 
CP, 02, 2026082200, 03,  UKX,  72, 148N, 1641W,  24, 1008, XX,  34, NEQ,    0,    0,    0,    0, 
CP, 02, 2026082200, 03,  UKX,  78, 150N, 1653W,  22, 1009, XX,  34, NEQ,    0,    0,    0,    0, 
CP, 02, 2026082200, 03,  UKX,  84, 153N, 1665W,  23, 1008, XX,  34, NEQ,    0,    0,    0,    0, 
CP, 02, 2026082200, 03,  UKX,  90, 157N, 1678W,  24, 1009, XX,  34, NEQ,    0,    0,    0,    0, 
CP, 02, 2026082200, 03,  UKX,  96, 160N, 1691W,  24, 1008, XX,  34, NEQ,    0,    0,    0,    0, 
CP, 02, 2026082200, 03,  UKX, 102, 161N, 1705W,  24, 1009, XX,  34, NEQ,    0,    0,    0,    0, 
CP, 02, 2026082200, 03,  UKX, 108, 163N, 1720W,  23, 1009, XX,  34, NEQ,    0,    0,    0,    0, 
CP, 02, 2026082200, 03,  UKX, 114, 165N, 1734W,  23, 1009, XX,  34, NEQ,    0,    0,    0,    0, 
CP, 02, 2026082200, 03,  UKX, 120, 166N, 1747W,  23, 1008, XX,  34, NEQ,    0,    0,    0,    0, 
CP, 02, 2026082200, 03,  UKX, 126, 168N, 1759W,  22, 1008, XX,  34, NEQ,    0,    0,    0,    0, 
CP, 02, 2026082200, 03,  UKX, 132, 171N, 1771W,  21, 1008, XX,  34, NEQ,    0,    0,    0,    0, 
CP, 02, 2026082200, 03,  UKX, 138, 172N, 1782W,  22, 1008, XX,  34, NEQ,    0,    0,    0,    0, 
CP, 02, 2026082200, 03,  UKX, 144, 171N, 1791W,  22, 1008, XX,  34, NEQ,    0,    0,    0,    0, 
CP, 02, 2026082200, 03, AVNO,   0, 140N, 1479W,  34, 1002, XX,  34, NEQ,    0,    0,    0,    0, 1006,   39,  43,   0,   0, 
CP, 02, 2026082200, 03, AVNO,   6, 147N, 1487W,  40, 1002, XX,  34, NEQ,   66,    0,    0,   85, 1010,  238,  52,   0,   0, 
CP, 02, 2026082200, 03, AVNO,  12, 151N, 1498W,  45,  998, XX,  34, NEQ,   80,    9,   29,   75, 1006,   38,  14,   0,   0, 
CP, 02, 2026082200, 03, AVNO,  18, 153N, 1509W,  38, 1002, XX,  34, NEQ,   34,    0,    0,   59, 1010,   66,  25,   0,   0, 
CP, 02, 2026082200, 03, AVNO,  24, 156N, 1520W,  34, 1002, XX,  34, NEQ,    0,    0,    0,    0, 1006,   26,  26,   0,   0, 
CP, 02, 2026082200, 03, AVNO,  30, 159N, 1532W,  37, 1003, XX,  34, NEQ,   74,    0,    0,   69, 1007,   37,  70,   0,   0, 
CP, 02, 2026082200, 03, AVNO,  36, 158N, 1545W,  36, 1001, XX,  34, NEQ,   60,    0,    0,   22, 1009,   69,  28,   0,   0, 
CP, 02, 2026082200, 03, AVNO,  42, 158N, 1558W,  33, 1004, XX,  34, NEQ,    0,    0,    0,    0, 1008,   24,  30,   0,   0, 
CP, 02, 2026082200, 03, AVNO,  48, 158N, 1570W,  29, 1004, XX,  34, NEQ,    0,    0,    0,    0, 1008,   46,  28,   0,   0, 
CP, 02, 2026082200, 03, AVNO,  54, 158N, 1582W,  27, 1006, XX,  34, NEQ,    0,    0,    0,    0, 1010,  111,  29,   0,   0, 
CP, 02, 2026082200, 03, AVNO,  60, 159N, 1595W,  28, 1006, XX,  34, NEQ,    0,    0,    0,    0,  -99,  -99,  26,   0,   0, 
CP, 02, 2026082200, 03, AVNO,  66, 161N, 1606W,  25, 1007, XX,  34, NEQ,    0,    0,    0,    0, 1011,  231,  23,   0,   0, 
CP, 02, 2026082200, 03, AVNO,  72, 166N, 1618W,  26, 1007, XX,  34, NEQ,    0,    0,    0,    0,  -99,  -99,  19,   0,   0, 
CP, 02, 2026082200, 03, AVNO,  78, 169N, 1629W,  24, 1008, XX,  34, NEQ,    0,    0,    0,    0,  -99,  -99,  20,   0,   0, 
CP, 02, 2026082200, 03, AVNO,  84, 174N, 1641W,  24, 1009, XX,  34, NEQ,    0,    0,    0,    0,  -99,  -99,  26,   0,   0, 
CP, 02, 2026082200, 03, AVNO,  90, 180N, 1654W,  25, 1010, XX,  34, NEQ,    0,    0,    0,    0,  -99,  -99,  45,   0,   0, 
CP, 02, 2026082200, 03, AVNO,  96, 186N, 1668W,  24, 1009, XX,  34, NEQ,    0,    0,    0,    0,  -99,  -99,  73,   0,   0, 
CP, 02, 2026082200, 03, AVNO, 102, 186N, 1685W,  23, 1011, XX,  34, NEQ,    0,    0,    0,    0,  -99,  -99, 118,   0,   0, 
CP, 02, 2026082200, 03, AVNO, 108, 187N, 1699W,  22, 1010, XX,  34, NEQ,    0,    0,    0,    0,  -99,  -99,  92,   0,   0, 
CP, 02, 2026082200, 03, AVNO, 114, 192N, 1714W,  22, 1011, XX,  34, NEQ,    0,    0,    0,    0,  -99,  -99,  78,   0,   0, 
CP, 02, 2026082200, 03, AVNO, 120, 194N, 1725W,  19, 1011, XX,  34, NEQ,    0,    0,    0,    0,  -99,  -99, 104,   0,   0, 
CP, 02, 2026082200, 03, AVNO, 126, 200N, 1736W,  20, 1011, XX,  34, NEQ,    0,    0,    0,    0,  -99,  -99, 156,   0,   0, 
CP, 02, 2026082200, 03, AVNO, 132, 201N, 1748W,  19, 1011, XX,  34, NEQ,    0,    0,    0,    0,  -99,  -99, 148,   0,   0, 
CP, 02, 2026082200, 03, AVNO, 138, 201N, 1761W,  18, 1011, XX,  34, NEQ,    0,    0,    0,    0,  -99,  -99, 100,   0,   0, 
CP, 02, 2026082200, 03, AVNO, 144, 202N, 1770W,  17, 1011, XX,  34, NEQ,    0,    0,    0,    0,  -99,  -99, 154,   0,   0, 
CP, 02, 2026082200, 03, AVNO, 150, 207N, 1781W,  17, 1010, XX,  34, NEQ,    0,    0,    0,    0,  -99,  -99,  97,   0,   0, 
CP, 02, 2026082200, 03, AVNO, 156, 205N, 1789W,  18, 1011, XX,  34, NEQ,    0,    0,    0,    0,  -99,  -99, 107,   0,   0, 
CP, 02, 2026082200, 03, AVNO, 162, 207N, 1799E,  16, 1010, XX,  34, NEQ,    0,    0,    0,    0,  -99,  -99, 143,   0,   0, 
CP, 02, 2026082200, 03, AVNO, 168, 214N, 1790E,  16, 1011, XX,  34, NEQ,    0,    0,    0,    0,  -99,  -99, 149,   0,   0, 
CP, 02, 2026082200, 03, AVNO, 174, 218N, 1776E,  18, 1010, XX,  34, NEQ,    0,    0,    0,    0,  -99,  -99, 150,   0,   0, 
CP, 02, 2026082200, 03, HFSA,   0, 138N, 1478W,  43, 1001, XX,  34, NEQ,   73,   76,    0,   60,  -99,  -99,  20,   0,   0,    ,   0,    , 290,   9,           ,  ,  0,    ,    0,    0,    0,    0, THERMO PARAMS, -57, 166, 383, N, 10, DT, -999, SHR82, -99, 
CP, 02, 2026082200, 03, HFSA,   6, 144N, 1484W,  45, 1002, XX,  34, NEQ,  167,   26,    0,   71, 1006,   26,  51,   0,   0,    ,   0,    , 306,   9,           ,  ,  0,    ,    0,    0,    0,    0, THERMO PARAMS, -79, 195, 353, N, 10, DT, -999, SHR82, -99, 
CP, 02, 2026082200, 03, HFSA,  12, 152N, 1491W,  54,  998, XX,  34, NEQ,   71,   84,   34,   66, 1002,   15,  34,   0,   0,    ,   0,    , 310,  11,           ,  ,  0,    ,    0,    0,    0,    0, THERMO PARAMS, -66, 761, 650, N, 10, DT, -999, SHR82, -99, 
CP, 02, 2026082200, 03, HFSA,  12, 152N, 1491W,  54,  998, XX,  50, NEQ,   34,    0,   19,    0, 1002,   15,  34,   0,   0,    ,   0,    , 310,  11,           ,  ,  0,    ,    0,    0,    0,    0, THERMO PARAMS, -66, 761, 650, N, 10, DT, -999, SHR82, -99, 
CP, 02, 2026082200, 03, HFSA,  18, 158N, 1501W,  54, 1000, XX,  34, NEQ,   91,   16,   34,   81, 1008,   45,  55,   0,   0,    ,   0,    , 294,  13,           ,  ,  0,    ,    0,    0,    0,    0, THERMO PARAMS, -103, 1123, 384, N, 10, DT, -999, SHR82, -99, 
CP, 02, 2026082200, 03, HFSA,  24, 162N, 1514W,  45, 1001, XX,  34, NEQ,  112,    0,   34,   78, 1005,   21,  71,   0,   0,    ,   0,    , 286,  13,           ,  ,  0,    ,    0,    0,    0,    0, THERMO PARAMS, -140, 571, 410, N, 10, DT, -999, SHR82, -99, 
CP, 02, 2026082200, 03, HFSA,  30, 164N, 1525W,  49, 1002, XX,  34, NEQ,  141,   21,   40,   71, 1006,   35, 123,   0,   0,    ,   0,    , 284,  11,           ,  ,  0,    ,    0,    0,    0,    0, THERMO PARAMS, -121, 623, -5, N, 10, DT, -999, SHR82, -99, 
CP, 02, 2026082200, 03, HFSA,  36, 166N, 1537W,  52, 1000, XX,  34, NEQ,  146,   34,   37,   66, 1008,   54, 134,   0,   0,    ,   0,    , 282,  11,           ,  ,  0,    ,    0,    0,    0,    0, THERMO PARAMS, -130, 461, 489, N, 10, DT, -999, SHR82, -99, 
CP, 02, 2026082200, 03, HFSA,  42, 167N, 1547W,  42, 1003, XX,  34, NEQ,  113,   21,    0,   89, 1007,   24, 106,   0,   0,    ,   0,    , 279,  10,           ,  ,  0,    ,    0,    0,    0,    0, THERMO PARAMS, -102, 609, 331, N, 10, DT, -999, SHR82, -99, 
CP, 02, 2026082200, 03, HFSA,  48, 173N, 1558W,  47,  998, XX,  34, NEQ,  100,   37,   21,  172, 1002,    9,  38,   0,   0,    ,   0,    , 288,  11,           ,  ,  0,    ,    0,    0,    0,    0, THERMO PARAMS, -121, 865, 365, N, 10, DT, -999, SHR82, -99, 
CP, 02, 2026082200, 03, HFSA,  54, 173N, 1574W,  44,  999, XX,  34, NEQ,   94,    6,   31,   37, 1007,   30,  11,   0,   0,    ,   0,    , 272,  13,           ,  ,  0,    ,    0,    0,    0,    0, THERMO PARAMS, -102, 2237, 303, N, 10, DT, -999, SHR82, -99, 
CP, 02, 2026082200, 03, HFSA,  60, 175N, 1588W,  43, 1001, XX,  34, NEQ,   86,    0,    0,   18, 1009,   72,  14,   0,   0,    ,   0,    , 284,  12,           ,  ,  0,    ,    0,    0,    0,    0, THERMO PARAMS, -52, 1757, 111, N, 10, DT, -999, SHR82, -99, 
CP, 02, 2026082200, 03, HFSA,  66, 180N, 1602W,  52,  996, XX,  34, NEQ,   65,   11,    0,   47, 1000,    6,  21,   0,   0,    ,   0,    , 291,  13,           ,  ,  0,    ,    0,    0,    0,    0, THERMO PARAMS, -41, 906, 224, N, 10, DT, -999, SHR82, -99, 
CP, 02, 2026082200, 03, HFSA,  66, 180N, 1602W,  52,  996, XX,  50, NEQ,    0,    0,    0,   21, 1000,    6,  21,   0,   0,    ,   0,    , 291,  13,           ,  ,  0,    ,    0,    0,    0,    0, THERMO PARAMS, -41, 906, 224, N, 10, DT, -999, SHR82, -99, 
CP, 02, 2026082200, 03, HFSA,  72, 183N, 1616W,  41, 1001, XX,  34, NEQ,   47,    0,   34,   19, 1005,   13,   9,   0,   0,    ,   0,    , 286,  11,           ,  ,  0,    ,    0,    0,    0,    0, THERMO PARAMS, -41, 823, 400, N, 10, DT, -999, SHR82, -99, 
CP, 02, 2026082200, 03, HFSA,  78, 186N, 1628W,  35, 1003, XX,  34, NEQ,   34,    0,    0,    0, 1007,   25,  34,   0,   0,    ,   0,    , 286,  11,           ,  ,  0,    ,    0,    0,    0,    0, THERMO PARAMS, -39, 512, 318, N, 10, DT, -999, SHR82, -99, 
CP, 02, 2026082200, 03, HFSA,  84, 190N, 1639W,  51,  998, XX,  34, NEQ,   49,   37,    0,   23, 1002,    4,  33,   0,   0,    ,   0,    , 296,  10,           ,  ,  0,    ,    0,    0,    0,    0, THERMO PARAMS, -56, 969, 619, N, 10, DT, -999, SHR82, -99, 
CP, 02, 2026082200, 03, HFSA,  90, 196N, 1653W,  41, 1003, XX,  34, NEQ,   60,    0,    0,   42, 1007,   21,  20,   0,   0,    ,   0,    , 291,  13,           ,  ,  0,    ,    0,    0,    0,    0, THERMO PARAMS, -35, -180, 547, N, 10, DT, -999, SHR82, -99, 
CP, 02, 2026082200, 03, HFSA,  96, 201N, 1667W,  43, 1001, XX,  34, NEQ,   37,    0,    0,   21, 1005,   10,  10,   0,   0,    ,   0,    , 281,  12,           ,  ,  0,    ,    0,    0,    0,    0, THERMO PARAMS, -84, 653, 611, N, 10, DT, -999, SHR82, -99, 
CP, 02, 2026082200, 03, HFSA, 102, 203N, 1680W,  39, 1003, XX,  34, NEQ,   26,    0,    0,   18, 1007,   19,  20,   0,   0,    ,   0,    , 283,  11,           ,  ,  0,    ,    0,    0,    0,    0, THERMO PARAMS, -97, 493, 457, N, 10, DT, -999, SHR82, -99, 
CP, 02, 2026082200, 03, HFSA, 108, 207N, 1694W,  42, 1000, XX,  34, NEQ,   44,   11,    0,    6, 1004,    7,  10,   0,   0,    ,   0,    , 283,  11,           ,  ,  0,    ,    0,    0,    0,    0, THERMO PARAMS, -82, 530, 64, N, 10, DT, -999, SHR82, -99, 
CP, 02, 2026082200, 03, HFSA, 114, 212N, 1701W,  54, 1001, XX,  34, NEQ,   31,   23,    0,   29, 1005,    7,  23,   0,   0,    ,   0,    , 290,   6,           ,  ,  0,    ,    0,    0,    0,    0, THERMO PARAMS, -100, 487, 13, N, 10, DT, -999, SHR82, -99, 
CP, 02, 2026082200, 03, HFSA, 114, 212N, 1701W,  54, 1001, XX,  50, NEQ,   23,    0,    0,    0, 1005,    7,  23,   0,   0,    ,   0,    , 290,   6,           ,  ,  0,    ,    0,    0,    0,    0, THERMO PARAMS, -100, 487, 13, N, 10, DT, -999, SHR82, -99, 
CP, 02, 2026082200, 03, HFSA, 120, 215N, 1714W,  32, 1006, XX,  34, NEQ,    0,    0,    0,    0, 1010,   44,  55,   0,   0,    ,   0,    , 291,   9,           ,  ,  0,    ,    0,    0,    0,    0, THERMO PARAMS, -163, 467, -355, N, 10, DT, -999, SHR82, -99, 
CP, 02, 2026082200, 03, HFSA, 126, 218N, 1720W,  32, 1005, XX,  34, NEQ,    0,    0,    0,    0, 1009,   47,  53,   0,   0,    ,   0,    , -99, -99,           ,  ,  0,    ,    0,    0,    0,    0, THERMO PARAMS, -115, 473, 5, N, 10, DT, -999, SHR82, -99, 
CP, 02, 2026082200, 03, TVCN,   0, 138N, 1478W,   0,    0,   ,   0,    ,    0,    0,    0,    0, 
CP, 02, 2026082200, 03, TVCN,  12, 145N, 1498W,   0,    0,   ,   0,    ,    0,    0,    0,    0, 
CP, 02, 2026082200, 03, TVCN,  24, 151N, 1520W,   0,    0,   ,   0,    ,    0,    0,    0,    0, 
CP, 02, 2026082200, 03, TVCN,  36, 155N, 1543W,   0,    0,   ,   0,    ,    0,    0,    0,    0, 
CP, 02, 2026082200, 03, TVCN,  48, 157N, 1569W,   0,    0,   ,   0,    ,    0,    0,    0,    0, 
CP, 02, 2026082200, 03, TVCN,  60, 159N, 1595W,   0,    0,   ,   0,    ,    0,    0,    0,    0, 
CP, 02, 2026082200, 03, TVCN,  72, 163N, 1622W,   0,    0,   ,   0,    ,    0,    0,    0,    0, 
CP, 02, 2026082200, 03, TVCN,  84, 168N, 1647W,   0,    0,   ,   0,    ,    0,    0,    0,    0, 
CP, 02, 2026082200, 03, TVCN,  96, 173N, 1672W,   0,    0,   ,   0,    ,    0,    0,    0,    0, 
CP, 02, 2026082200, 03, TVCN, 108, 175N, 1701W,   0,    0,   ,   0,    ,    0,    0,    0,    0, 
CP, 02, 2026082200, 03, TVCN, 120, 180N, 1725W,   0,    0,   ,   0,    ,    0,    0,    0,    0, 
CP, 02, 2026082200, 03, TVCN, 132, 183N, 1752W,   0,    0,   ,   0,    ,    0,    0,    0,    0, 
CP, 02, 2026082200, 03, HCCA,   0, 138N, 1478W,  40,    0,   ,   0,    ,    0,    0,    0,    0, 
CP, 02, 2026082200, 03, HCCA,  12, 146N, 1497W,  45,    0,   ,   0,    ,    0,    0,    0,    0, 
CP, 02, 2026082200, 03, HCCA,  24, 155N, 1515W,  47,    0,   ,   0,    ,    0,    0,    0,    0, 
CP, 02, 2026082200, 03, HCCA,  36, 161N, 1536W,  47,    0,   ,   0,    ,    0,    0,    0,    0, 
CP, 02, 2026082200, 03, HCCA,  48, 166N, 1559W,  44,    0,   ,   0,    ,    0,    0,    0,    0, 
CP, 02, 2026082200, 03, HCCA,  60, 171N, 1585W,  39,    0,   ,   0,    ,    0,    0,    0,    0, 
CP, 02, 2026082200, 03, HCCA,  72, 178N, 1611W,  35,    0,   ,   0,    ,    0,    0,    0,    0, 
CP, 02, 2026082200, 03, HCCA,  84, 185N, 1638W,  33,    0,   ,   0,    ,    0,    0,    0,    0, 
CP, 02, 2026082200, 03, HCCA,  96, 190N, 1663W,  27,    0,   ,   0,    ,    0,    0,    0,    0, 
CP, 02, 2026082200, 03, HCCA, 108, 194N, 1690W,  25,    0,   ,   0,    ,    0,    0,    0,    0, 
CP, 02, 2026082200, 03, HCCA, 120, 197N, 1716W,  23,    0,   ,   0,    ,    0,    0,    0,    0, 
CP, 02, 2026082200, 03, HCCA, 132, 199N, 1738W,  28,    0,   ,   0,    ,    0,    0,    0,    0, 
CP, 02, 2026082200, 03, HCCA, 144, 203N, 1759W,  35,    0,   ,   0,    ,    0,    0,    0,    0, 
CP, 02, 2026082200, 03, HCCA, 156, 209N, 1778W,  40,    0,   ,   0,    ,    0,    0,    0,    0, 
CP, 02, 2026082200, 03, HCCA, 168, 215N, 1794W,  44,    0,   ,   0,    ,    0,    0,    0,    0, 
CP, 02, 2026082206, 03, AVNO,   0, 144N, 1487W,  38, 1003, XX,  34, NEQ,   64,    0,    0,   63, 1007,   34,  33,   0,   0, 
CP, 02, 2026082206, 03, AVNO,   6, 146N, 1497W,  43,  998, XX,  34, NEQ,   29,    0,   30,   40, 1006,   31,  19,   0,   0, 
CP, 02, 2026082206, 03, AVNO,  12, 149N, 1506W,  35, 1003, XX,  34, NEQ,   20,    0,    0,    0, 1011,  204,  20,   0,   0, 
CP, 02, 2026082206, 03, AVNO,  18, 152N, 1517W,  33, 1004, XX,  34, NEQ,    0,    0,    0,    0, 1008,   35,  19,   0,   0, 
CP, 02, 2026082206, 03, AVNO,  24, 154N, 1529W,  32, 1006, XX,  34, NEQ,    0,    0,    0,    0, 1010,   73,  24,   0,   0, 
CP, 02, 2026082206, 03, AVNO,  30, 154N, 1543W,  29, 1006, XX,  34, NEQ,    0,    0,    0,    0, 1010,  212,  53,   0,   0, 
CP, 02, 2026082206, 03, AVNO,  36, 153N, 1557W,  29, 1008, XX,  34, NEQ,    0,    0,    0,    0, 1012,  270,  58,   0,   0, 
CP, 02, 2026082206, 03, AVNO,  42, 153N, 1569W,  26, 1007, XX,  34, NEQ,    0,    0,    0,    0,  -99,  -99,  31,   0,   0, 
CP, 02, 2026082206, 03, AVNO,  48, 153N, 1582W,  25, 1008, XX,  34, NEQ,    0,    0,    0,    0,  -99,  -99,  29,   0,   0, 
CP, 02, 2026082206, 03, AVNO,  54, 153N, 1594W,  23, 1007, XX,  34, NEQ,    0,    0,    0,    0,  -99,  -99,  27,   0,   0, 
CP, 02, 2026082206, 03, AVNO,  60, 155N, 1606W,  22, 1009, XX,  34, NEQ,    0,    0,    0,    0,  -99,  -99,  29,   0,   0, 
CP, 02, 2026082206, 03, AVNO,  66, 158N, 1618W,  20, 1009, XX,  34, NEQ,    0,    0,    0,    0,  -99,  -99,  45,   0,   0, 
CP, 02, 2026082206, 03, AVNO,  72, 159N, 1630W,  21, 1010, XX,  34, NEQ,    0,    0,    0,    0,  -99,  -99,  85,   0,   0, 
CP, 02, 2026082206, 03, AVNO,  78, 163N, 1640W,  20, 1010, XX,  34, NEQ,    0,    0,    0,    0,  -99,  -99,  59,   0,   0, 
CP, 02, 2026082206, 03, AVNO,  84, 166N, 1653W,  20, 1011, XX,  34, NEQ,    0,    0,    0,    0,  -99,  -99,  54,   0,   0, 
CP, 02, 2026082206, 03, AVNO,  90, 169N, 1664W,  19, 1010, XX,  34, NEQ,    0,    0,    0,    0,  -99,  -99,  56,   0,   0, 
CP, 02, 2026082206, 03, AVNO,  96, 169N, 1678W,  19, 1011, XX,  34, NEQ,    0,    0,    0,    0,  -99,  -99,  93,   0,   0, 
CP, 02, 2026082206, 03, AVNO, 102, 173N, 1693W,  18, 1010, XX,  34, NEQ,    0,    0,    0,    0,  -99,  -99,  93,   0,   0, 
CP, 02, 2026082206, 03, AVNO, 108, 167N, 1714W,  16, 1011, XX,  34, NEQ,    0,    0,    0,    0,  -99,  -99, 151,   0,   0, 
CP, 02, 2026082206, 03, HFSA,   0, 141N, 1488W,  41, 1001, XX,  34, NEQ,  167,   26,    0,   66, 1005,   22,  53,   0,   0,    ,   0,    , 293,   9,           ,  ,  0,    ,    0,    0,    0,    0, THERMO PARAMS, -95, 119, 441, N, 10, DT, -999, SHR82, -99, 
CP, 02, 2026082206, 03, HFSA,   6, 145N, 1492W,  55,  999, XX,  34, NEQ,   71,    0,    0,   63, 1003,    7,  30,   0,   0,    ,   0,    , 293,   8,           ,  ,  0,    ,    0,    0,    0,    0, THERMO PARAMS, -82, 508, -127, N, 10, DT, -999, SHR82, -99, 
CP, 02, 2026082206, 03, HFSA,   6, 145N, 1492W,  55,  999, XX,  50, NEQ,    0,    0,    0,   34, 1003,    7,  30,   0,   0,    ,   0,    , 293,   8,           ,  ,  0,    ,    0,    0,    0,    0, THERMO PARAMS, -82, 508, -127, N, 10, DT, -999, SHR82, -99, 
CP, 02, 2026082206, 03, HFSA,  12, 148N, 1499W,  41, 1004, XX,  34, NEQ,   87,    0,    0,   49, 1008,   23,  79,   0,   0,    ,   0,    , 307,   8,           ,  ,  0,    ,    0,    0,    0,    0, THERMO PARAMS, -98, 144, 197, N, 10, DT, -999, SHR82, -99, 
CP, 02, 2026082206, 03, HFSA,  18, 154N, 1509W,  37, 1004, XX,  34, NEQ,   42,    0,    0,   21, 1008,   33,  40,   0,   0,    ,   0,    , 290,  11,           ,  ,  0,    ,    0,    0,    0,    0, THERMO PARAMS, -133, 634, 5, N, 10, DT, -999, SHR82, -99, 
CP, 02, 2026082206, 03, HFSA,  24, 155N, 1521W,  43, 1006, XX,  34, NEQ,  142,    0,    0,    0, 1010,   76, 140,   0,   0,    ,   0,    , 280,   9,           ,  ,  0,    ,    0,    0,    0,    0, THERMO PARAMS, -140, 449, 170, N, 10, DT, -999, SHR82, -99, 
CP, 02, 2026082206, 03, HFSA,  30, 158N, 1530W,  40, 1005, XX,  34, NEQ,  112,    0,    0,    0,  -99,  -99, 102,   0,   0,    ,   0,    , 291,   9,           ,  ,  0,    ,    0,    0,    0,    0, THERMO PARAMS, -125, 561, 248, N, 10, DT, -999, SHR82, -99, 
CP, 02, 2026082206, 03, HFSA,  36, 160N, 1539W,  49, 1003, XX,  34, NEQ,   92,    0,   10,   13, 1007,   14,  88,   0,   0,    ,   0,    , 282,  10,           ,  ,  0,    ,    0,    0,    0,    0, THERMO PARAMS, -117, 633, 132, N, 10, DT, -999, SHR82, -99, 
CP, 02, 2026082206, 03, HFSA,  42, 163N, 1551W,  46, 1000, XX,  34, NEQ,   52,    0,    0,   40, 1004,    7,  29,   0,   0,    ,   0,    , 282,  10,           ,  ,  0,    ,    0,    0,    0,    0, THERMO PARAMS, -141, 384, 272, N, 10, DT, -999, SHR82, -99, 
CP, 02, 2026082206, 03, HFSA,  48, 160N, 1566W,  34, 1006, XX,  34, NEQ,    0,    0,    0,    0, 1010,  139,  57,   0,   0,    ,   0,    , 262,  10,           ,  ,  0,    ,    0,    0,    0,    0, THERMO PARAMS, -110, 382, 175, N, 10, DT, -999, SHR82, -99, 
CP, 02, 2026082206, 03, HFSA,  54, 160N, 1576W,  41, 1005, XX,  34, NEQ,  100,    0,    0,    0,  -99,  -99,  94,   0,   0,    ,   0,    , 281,   8,           ,  ,  0,    ,    0,    0,    0,    0, THERMO PARAMS, -92, 297, 282, N, 10, DT, -999, SHR82, -99, 
CP, 02, 2026082206, 03, HFSA,  60, 164N, 1587W,  34, 1007, XX,  34, NEQ,    0,    0,    0,    0,  -99,  -99,  63,   0,   0,    ,   0,    , 286,  11,           ,  ,  0,    ,    0,    0,    0,    0, THERMO PARAMS, -88, 480, 222, N, 10, DT, -999, SHR82, -99, 
CP, 02, 2026082206, 03, HFSA,  66, 167N, 1602W,  32, 1006, XX,  34, NEQ,    0,    0,    0,    0,  -99,  -99,  55,   0,   0,    ,   0,    , 280,  11,           ,  ,  0,    ,    0,    0,    0,    0, THERMO PARAMS, -72, 710, 59, N, 10, DT, -999, SHR82, -99, 
CP, 02, 2026082206, 03, HFSA,  72, 169N, 1616W,  34, 1008, XX,  34, NEQ,    0,    0,    0,    0,  -99,  -99,  50,   0,   0,    ,   0,    , 270,  12,           ,  ,  0,    ,    0,    0,    0,    0, THERMO PARAMS, -93, 135, 335, N, 10, DT, -999, SHR82, -99, 
CP, 02, 2026082206, 03, HFSA,  78, 172N, 1629W,  33, 1007, XX,  34, NEQ,    0,    0,    0,    0,  -99,  -99,  46,   0,   0,    ,   0,    , 285,  11,           ,  ,  0,    ,    0,    0,    0,    0, THERMO PARAMS, -76, 522, 53, N, 10, DT, -999, SHR82, -99, 
CP, 02, 2026082206, 03, HFSA,  84, 176N, 1643W,  33, 1008, XX,  34, NEQ,    0,    0,    0,    0,  -99,  -99,  70,   0,   0,    ,   0,    , 288,  11,           ,  ,  0,    ,    0,    0,    0,    0, THERMO PARAMS, -64, -108, 425, N, 10, DT, -999, SHR82, -99, 
CP, 02, 2026082206, 03, HFSA,  90, 182N, 1653W,  34, 1002, XX,  34, NEQ,    0,    0,    0,    0, 1006,    6,  46,   0,   0,    ,   0,    , 302,  10,           ,  ,  0,    ,    0,    0,    0,    0, THERMO PARAMS, -60, 297, 380, N, 10, DT, -999, SHR82, -99, 
CP, 02, 2026082206, 03, HFSA,  96, 185N, 1664W,  38, 1003, XX,  34, NEQ,    0,    0,    0,   45, 1007,    6,  40,   0,   0,    ,   0,    , 276,   9,           ,  ,  0,    ,    0,    0,    0,    0, THERMO PARAMS, -73, 75, 523, N, 10, DT, -999, SHR82, -99, 
CP, 02, 2026082206, 03, HFSA, 102, 191N, 1676W,  44, 1001, XX,  34, NEQ,    0,    0,    0,    0, 1009,   43,  34,   0,   0,    ,   0,    , 297,  11,           ,  ,  0,    ,    0,    0,    0,    0, THERMO PARAMS, -75, 240, 501, N, 10, DT, -999, SHR82, -99, 
CP, 02, 2026082206, 03, HFSA, 108, 195N, 1691W,  32, 1006, XX,  34, NEQ,    0,    0,    0,    0, 1010,   57,  27,   0,   0,    ,   0,    , 290,  11,           ,  ,  0,    ,    0,    0,    0,    0, THERMO PARAMS, -87, -109, -143, N, 10, DT, -999, SHR82, -99, 
CP, 02, 2026082206, 03, HFSA, 114, 202N, 1700W,  51,  991, XX,  34, NEQ,   21,    0,   18,   24, 1007,   16,   7,   0,   0,    ,   0,    , 300,   9,           ,  ,  0,    ,    0,    0,    0,    0, THERMO PARAMS, -98, 636, 858, N, 10, DT, -999, SHR82, -99, 
CP, 02, 2026082206, 03, HFSA, 120, 204N, 1710W,  40, 1003, XX,  34, NEQ,   66,    0,    0,    0, 1007,   20,  64,   0,   0,    ,   0,    , 284,   7,           ,  ,  0,    ,    0,    0,    0,    0, THERMO PARAMS, -124, 349, 77, N, 10, DT, -999, SHR82, -99, 
CP, 02, 2026082206, 03, HFSA, 126, 206N, 1720W,  35, 1005, XX,  34, NEQ,    0,    0,    0,    0,  -99,  -99,  66,   0,   0,    ,   0,    , -99, -99,           ,  ,  0,    ,    0,    0,    0,    0, THERMO PARAMS, -108, 212, 253, N, 10, DT, -999, SHR82, -99, 
CP, 02, 2026082206, 03, TVCN,   0, 141N, 1487W,   0,    0,   ,   0,    ,    0,    0,    0,    0, 
CP, 02, 2026082206, 03, TVCN,  12, 149N, 1507W,   0,    0,   ,   0,    ,    0,    0,    0,    0, 
CP, 02, 2026082206, 03, TVCN,  24, 153N, 1530W,   0,    0,   ,   0,    ,    0,    0,    0,    0, 
CP, 02, 2026082206, 03, TVCN,  36, 155N, 1555W,   0,    0,   ,   0,    ,    0,    0,    0,    0, 
CP, 02, 2026082206, 03, TVCN,  48, 157N, 1581W,   0,    0,   ,   0,    ,    0,    0,    0,    0, 
CP, 02, 2026082206, 03, TVCN,  60, 161N, 1608W,   0,    0,   ,   0,    ,    0,    0,    0,    0, 
CP, 02, 2026082206, 03, TVCN,  72, 166N, 1633W,   0,    0,   ,   0,    ,    0,    0,    0,    0, 
CP, 02, 2026082206, 03, TVCN,  84, 172N, 1659W,   0,    0,   ,   0,    ,    0,    0,    0,    0, 
CP, 02, 2026082206, 03, TVCN,  96, 178N, 1685W,   0,    0,   ,   0,    ,    0,    0,    0,    0, 
CP, 02, 2026082206, 03, TVCN, 108, 184N, 1710W,   0,    0,   ,   0,    ,    0,    0,    0,    0, 
CP, 02, 2026082206, 03, TVCN, 120, 186N, 1732W,   0,    0,   ,   0,    ,    0,    0,    0,    0, 
CP, 02, 2026082206, 03, TVCN, 132, 189N, 1753W,   0,    0,   ,   0,    ,    0,    0,    0,    0, 
CP, 02, 2026082206, 03, TVCN, 144, 183N, 1762W,   0,    0,   ,   0,    ,    0,    0,    0,    0, 
CP, 02, 2026082206, 03, TVCN, 156, 190N, 1780W,   0,    0,   ,   0,    ,    0,    0,    0,    0, 
CP, 02, 2026082206, 03, TVCN, 168, 198N, 1795W,   0,    0,   ,   0,    ,    0,    0,    0,    0, 
CP, 02, 2026082206, 03, HCCA,   0, 141N, 1487W,  40,    0,   ,   0,    ,    0,    0,    0,    0, 
CP, 02, 2026082206, 03, HCCA,  12, 150N, 1506W,  44,    0,   ,   0,    ,    0,    0,    0,    0, 
CP, 02, 2026082206, 03, HCCA,  24, 155N, 1528W,  44,    0,   ,   0,    ,    0,    0,    0,    0, 
CP, 02, 2026082206, 03, HCCA,  36, 159N, 1552W,  39,    0,   ,   0,    ,    0,    0,    0,    0, 
CP, 02, 2026082206, 03, HCCA,  48, 167N, 1577W,  37,    0,   ,   0,    ,    0,    0,    0,    0, 
CP, 02, 2026082206, 03, HCCA,  60, 175N, 1603W,  35,    0,   ,   0,    ,    0,    0,    0,    0, 
CP, 02, 2026082206, 03, HCCA,  72, 179N, 1631W,  30,    0,   ,   0,    ,    0,    0,    0,    0, 
CP, 02, 2026082206, 03, HCCA,  84, 183N, 1659W,  24,    0,   ,   0,    ,    0,    0,    0,    0, 
CP, 02, 2026082206, 03, HCCA,  96, 190N, 1684W,  27,    0,   ,   0,    ,    0,    0,    0,    0, 
CP, 02, 2026082206, 03, HCCA, 108, 196N, 1709W,  26,    0,   ,   0,    ,    0,    0,    0,    0, 
CP, 02, 2026082206, 03, HCCA, 120, 201N, 1730W,  22,    0,   ,   0,    ,    0,    0,    0,    0, 
CP, 02, 2026082206, 03, HCCA, 132, 205N, 1751W,  21,    0,   ,   0,    ,    0,    0,    0,    0, 
CP, 02, 2026082206, 03, HCCA, 144, 209N, 1770W,  21,    0,   ,   0,    ,    0,    0,    0,    0, 
CP, 02, 2026082206, 03, HCCA, 156, 216N, 1788W,  27,    0,   ,   0,    ,    0,    0,    0,    0, 
CP, 02, 2026082206, 03, HCCA, 168, 222N, 1798E,  32,    0,   ,   0,    ,    0,    0,    0,    0, 
CP, 02, 2026082212, 03,  UKX,   0, 150N, 1497W,  37, 1005, XX,  34, NEQ,   50,    0,    0,   62, 
CP, 02, 2026082212, 03,  UKX,   6, 152N, 1509W,  35, 1007, XX,  34, NEQ,    0,    0,    0,   50, 
CP, 02, 2026082212, 03,  UKX,  12, 153N, 1520W,  33, 1005, XX,  34, NEQ,    0,    0,    0,    0, 
CP, 02, 2026082212, 03,  UKX,  18, 151N, 1533W,  32, 1008, XX,  34, NEQ,    0,    0,    0,    0, 
CP, 02, 2026082212, 03,  UKX,  24, 150N, 1548W,  30, 1007, XX,  34, NEQ,    0,    0,    0,    0, 
CP, 02, 2026082212, 03,  UKX,  30, 150N, 1564W,  29, 1009, XX,  34, NEQ,    0,    0,    0,    0, 
CP, 02, 2026082212, 03,  UKX,  36, 148N, 1579W,  28, 1006, XX,  34, NEQ,    0,    0,    0,    0, 
CP, 02, 2026082212, 03,  UKX,  42, 147N, 1594W,  26, 1009, XX,  34, NEQ,    0,    0,    0,    0, 
CP, 02, 2026082212, 03,  UKX,  48, 145N, 1607W,  23, 1007, XX,  34, NEQ,    0,    0,    0,    0, 
CP, 02, 2026082212, 03,  UKX,  54, 146N, 1619W,  23, 1009, XX,  34, NEQ,    0,    0,    0,    0, 
CP, 02, 2026082212, 03,  UKX,  60, 147N, 1630W,  22, 1008, XX,  34, NEQ,    0,    0,    0,    0, 
CP, 02, 2026082212, 03,  UKX,  66, 147N, 1639W,  22, 1009, XX,  34, NEQ,    0,    0,    0,    0, 
CP, 02, 2026082212, 03,  UKX,  72, 149N, 1651W,  21, 1008, XX,  34, NEQ,    0,    0,    0,    0, 
CP, 02, 2026082212, 03,  UKX,  78, 152N, 1663W,  22, 1009, XX,  34, NEQ,    0,    0,    0,    0, 
CP, 02, 2026082212, 03,  UKX,  84, 155N, 1677W,  24, 1008, XX,  34, NEQ,    0,    0,    0,    0, 
CP, 02, 2026082212, 03,  UKX,  90, 156N, 1690W,  22, 1009, XX,  34, NEQ,    0,    0,    0,    0, 
CP, 02, 2026082212, 03,  UKX,  96, 160N, 1704W,  22, 1009, XX,  34, NEQ,    0,    0,    0,    0, 
CP, 02, 2026082212, 03,  UKX, 102, 162N, 1717W,  22, 1010, XX,  34, NEQ,    0,    0,    0,    0, 
CP, 02, 2026082212, 03,  UKX, 108, 165N, 1730W,  22, 1009, XX,  34, NEQ,    0,    0,    0,    0, 
CP, 02, 2026082212, 03,  UKX, 114, 166N, 1743W,  21, 1009, XX,  34, NEQ,    0,    0,    0,    0, 
CP, 02, 2026082212, 03,  UKX, 120, 166N, 1756W,  21, 1009, XX,  34, NEQ,    0,    0,    0,    0, 
CP, 02, 2026082212, 03,  UKX, 126, 168N, 1768W,  20, 1009, XX,  34, NEQ,    0,    0,    0,    0, 
CP, 02, 2026082212, 03,  UKX, 132, 170N, 1779W,  20, 1009, XX,  34, NEQ,    0,    0,    0,    0, 
CP, 02, 2026082212, 03,  UKX, 138, 171N, 1790W,  21, 1008, XX,  34, NEQ,    0,    0,    0,    0, 
CP, 02, 2026082212, 03,  UKX, 144, 175N, 1799E,  20, 1009, XX,  34, NEQ,    0,    0,    0,    0, 
CP, 02, 2026082212, 03, AVNO,   0, 147N, 1497W,  41,  999, XX,  34, NEQ,   27,    0,   20,   46, 1007,   33,  16,   0,   0, 
CP, 02, 2026082212, 03, AVNO,   6, 150N, 1508W,  39, 1002, XX,  34, NEQ,   55,   20,    0,   46, 1010,   83,  30,   0,   0, 
CP, 02, 2026082212, 03, AVNO,  12, 151N, 1519W,  35, 1001, XX,  34, NEQ,   18,    0,    0,    0, 1009,  191,  14,   0,   0, 
CP, 02, 2026082212, 03, AVNO,  18, 152N, 1529W,  35, 1004, XX,  34, NEQ,    0,    0,    0,   33, 1008,   33,  32,   0,   0, 
CP, 02, 2026082212, 03, AVNO,  24, 156N, 1542W,  53, 1000, XX,  34, NEQ,   43,   27,   32,   45, 1008,   74,  21,   0,   0, 
CP, 02, 2026082212, 03, AVNO,  24, 156N, 1542W,  53, 1000, XX,  50, NEQ,    0,    0,    0,   23, 1008,   74,  21,   0,   0, 
CP, 02, 2026082212, 03, AVNO,  30, 155N, 1555W,  33, 1005, XX,  34, NEQ,    0,    0,    0,    0, 1009,   31,  23,   0,   0, 
CP, 02, 2026082212, 03, AVNO,  36, 156N, 1568W,  30, 1005, XX,  34, NEQ,    0,    0,    0,    0, 1009,   69,  26,   0,   0, 
CP, 02, 2026082212, 03, AVNO,  42, 155N, 1581W,  29, 1007, XX,  34, NEQ,    0,    0,    0,    0,  -99,  -99,  19,   0,   0, 
CP, 02, 2026082212, 03, AVNO,  48, 155N, 1595W,  27, 1006, XX,  34, NEQ,    0,    0,    0,    0,  -99,  -99,  32,   0,   0, 
CP, 02, 2026082212, 03, AVNO,  54, 157N, 1608W,  24, 1008, XX,  34, NEQ,    0,    0,    0,    0,  -99,  -99,  24,   0,   0, 
CP, 02, 2026082212, 03, AVNO,  60, 160N, 1620W,  24, 1008, XX,  34, NEQ,    0,    0,    0,    0,  -99,  -99,  31,   0,   0, 
CP, 02, 2026082212, 03, AVNO,  66, 164N, 1632W,  23, 1009, XX,  34, NEQ,    0,    0,    0,    0,  -99,  -99,  35,   0,   0, 
CP, 02, 2026082212, 03, AVNO,  72, 168N, 1645W,  23, 1009, XX,  34, NEQ,    0,    0,    0,    0,  -99,  -99,  36,   0,   0, 
CP, 02, 2026082212, 03, AVNO,  78, 173N, 1658W,  22, 1010, XX,  34, NEQ,    0,    0,    0,    0,  -99,  -99,  63,   0,   0, 
CP, 02, 2026082212, 03, AVNO,  84, 176N, 1671W,  20, 1010, XX,  34, NEQ,    0,    0,    0,    0,  -99,  -99,  69,   0,   0, 
CP, 02, 2026082212, 03, AVNO,  90, 178N, 1686W,  21, 1010, XX,  34, NEQ,    0,    0,    0,    0,  -99,  -99,  86,   0,   0, 
CP, 02, 2026082212, 03, AVNO,  96, 179N, 1701W,  19, 1010, XX,  34, NEQ,    0,    0,    0,    0,  -99,  -99,  77,   0,   0, 
CP, 02, 2026082212, 03, AVNO, 102, 179N, 1714W,  19, 1011, XX,  34, NEQ,    0,    0,    0,    0,  -99,  -99, 161,   0,   0, 
CP, 02, 2026082212, 03, AVNO, 108, 180N, 1725W,  18, 1011, XX,  34, NEQ,    0,    0,    0,    0,  -99,  -99, 143,   0,   0, 
CP, 02, 2026082212, 03, AVNO, 114, 184N, 1740W,  19, 1011, XX,  34, NEQ,    0,    0,    0,    0,  -99,  -99, 156,   0,   0, 
CP, 02, 2026082212, 03, AVNO, 120, 185N, 1748W,  18, 1011, XX,  34, NEQ,    0,    0,    0,    0,  -99,  -99, 121,   0,   0, 
CP, 02, 2026082212, 03, HFSA,   0, 146N, 1498W,  45,  993, XX,  34, NEQ,   73,    0,    0,   52, 1001,   14,  28,   0,   0,    ,   0,    , 291,  10,           ,  ,  0,    ,    0,    0,    0,    0, THERMO PARAMS, -140, 716, 171, N, 10, DT, -999, SHR82, -99, 
CP, 02, 2026082212, 03, HFSA,   6, 147N, 1504W,  41, 1004, XX,  34, NEQ,  105,    0,    0,    0, 1008,   29, 102,   0,   0,    ,   0,    , 286,   9,           ,  ,  0,    ,    0,    0,    0,    0, THERMO PARAMS, -145, 32, 251, N, 10, DT, -999, SHR82, -99, 
CP, 02, 2026082212, 03, HFSA,  12, 154N, 1513W,  37, 1005, XX,  34, NEQ,   44,    0,    0,    0, 1009,  111,  38,   0,   0,    ,   0,    , 299,  11,           ,  ,  0,    ,    0,    0,    0,    0, THERMO PARAMS, -133, 213, 142, N, 10, DT, -999, SHR82, -99, 
CP, 02, 2026082212, 03, HFSA,  18, 158N, 1523W,  47, 1005, XX,  34, NEQ,  108,    0,    0,   63, 1009,   60, 102,   0,   0,    ,   0,    , 285,   9,           ,  ,  0,    ,    0,    0,    0,    0, THERMO PARAMS, -150, 678, 180, N, 10, DT, -999, SHR82, -99, 
CP, 02, 2026082212, 03, HFSA,  24, 160N, 1532W,  45, 1005, XX,  34, NEQ,  123,    0,    0,   40,  -99,  -99, 108,   0,   0,    ,   0,    , 270,   9,           ,  ,  0,    ,    0,    0,    0,    0, THERMO PARAMS, -149, 1050, 266, N, 10, DT, -999, SHR82, -99, 
CP, 02, 2026082212, 03, HFSA,  30, 160N, 1541W,  42, 1004, XX,  34, NEQ,  107,    0,    0,    0, 1008,   14, 102,   0,   0,    ,   0,    , 269,  11,           ,  ,  0,    ,    0,    0,    0,    0, THERMO PARAMS, -143, -9999, -9999, N, 10, DT, -999, SHR82, -99, 
CP, 02, 2026082212, 03, HFSA,  36, 162N, 1553W,  39, 1006, XX,  34, NEQ,    0,    0,    0,    0,  -99,  -99,  82,   0,   0,    ,   0,    , 283,  10,           ,  ,  0,    ,    0,    0,    0,    0, THERMO PARAMS, -141, 778, 82, N, 10, DT, -999, SHR82, -99, 
CP, 02, 2026082212, 03, HFSA,  42, 163N, 1567W,  40, 1006, XX,  34, NEQ,   28,    0,    0,   31,  -99,  -99,  43,   0,   0,    ,   0,    , 280,  11,           ,  ,  0,    ,    0,    0,    0,    0, THERMO PARAMS, -130, 545, 175, N, 10, DT, -999, SHR82, -99, 
CP, 02, 2026082212, 03, HFSA,  48, 163N, 1581W,  35, 1006, XX,  34, NEQ,    0,    0,    0,    0,  -99,  -99,  99,   0,   0,    ,   0,    , 271,  12,           ,  ,  0,    ,    0,    0,    0,    0, THERMO PARAMS, -108, 324, 37, N, 10, DT, -999, SHR82, -99, 
CP, 02, 2026082212, 03, HFSA,  54, 166N, 1599W,  32, 1008, XX,  34, NEQ,    0,    0,    0,    0,  -99,  -99, 108,   0,   0,    ,   0,    , 282,  15,           ,  ,  0,    ,    0,    0,    0,    0, THERMO PARAMS, -98, 694, 119, N, 10, DT, -999, SHR82, -99, 
CP, 02, 2026082212, 03, HFSA,  60, 171N, 1614W,  32, 1006, XX,  34, NEQ,    0,    0,    0,    0,  -99,  -99,  70,   0,   0,    ,   0,    , 283,  12,           ,  ,  0,    ,    0,    0,    0,    0, THERMO PARAMS, -80, 133, 154, N, 10, DT, -999, SHR82, -99, 
CP, 02, 2026082212, 03, HFSA,  66, 176N, 1630W,  45, 1001, XX,  34, NEQ,    0,    0,    0,   37, 1009,   31,  34,   0,   0,    ,   0,    , 281,  12,           ,  ,  0,    ,    0,    0,    0,    0, THERMO PARAMS, -70, 544, 423, N, 10, DT, -999, SHR82, -99, 
CP, 02, 2026082212, 03, HFSA,  72, 177N, 1644W,  36, 1001, XX,  34, NEQ,    0,    0,    0,    0, 1009,   38,  41,   0,   0,    ,   0,    , 289,  13,           ,  ,  0,    ,    0,    0,    0,    0, THERMO PARAMS, -58, 779, 202, N, 10, DT, -999, SHR82, -99, 
CP, 02, 2026082212, 03, HFSA,  78, 180N, 1657W,  32, 1003, XX,  34, NEQ,    0,    0,    0,    0, 1007,    8,  49,   0,   0,    ,   0,    , 284,  11,           ,  ,  0,    ,    0,    0,    0,    0, THERMO PARAMS, -60, 448, 167, N, 10, DT, -999, SHR82, -99, 
CP, 02, 2026082212, 03, HFSA,  84, 181N, 1673W,  34, 1007, XX,  34, NEQ,    0,    0,    0,    0,  -99,  -99, 125,   0,   0,    ,   0,    , 279,  12,           ,  ,  0,    ,    0,    0,    0,    0, THERMO PARAMS, -65, -129, 119, N, 10, DT, -999, SHR82, -99, 
CP, 02, 2026082212, 03, HFSA,  90, 182N, 1685W,  32, 1007, XX,  34, NEQ,    0,    0,    0,    0,  -99,  -99,  54,   0,   0,    ,   0,    , 272,  11,           ,  ,  0,    ,    0,    0,    0,    0, THERMO PARAMS, -68, 412, 12, N, 10, DT, -999, SHR82, -99, 
CP, 02, 2026082212, 03, HFSA,  96, 186N, 1698W,  51, 1002, XX,  34, NEQ,   16,    0,    0,   19, 1006,    7,   7,   0,   0,    ,   0,    , 284,  11,           ,  ,  0,    ,    0,    0,    0,    0, THERMO PARAMS, -66, 657, 247, N, 10, DT, -999, SHR82, -99, 
CP, 02, 2026082212, 03, HFSA, 102, 190N, 1708W,  28, 1007, XX,  34, NEQ,    0,    0,    0,    0,  -99,  -99,  63,   0,   0,    ,   0,    , 298,   8,           ,  ,  0,    ,    0,    0,    0,    0, THERMO PARAMS, -93, 106, 50, N, 10, DT, -999, SHR82, -99, 
CP, 02, 2026082212, 03, HFSA, 108, 195N, 1716W,  34, 1007, XX,  34, NEQ,    0,    0,    0,    0,  -99,  -99,  40,   0,   0,    ,   0,    , 302,   7,           ,  ,  0,    ,    0,    0,    0,    0, THERMO PARAMS, -115, 219, -2, N, 10, DT, -999, SHR82, -99, 
CP, 02, 2026082212, 03, HFSA, 114, 198N, 1724W,  35, 1008, XX,  34, NEQ,    0,    0,    0,    0,  -99,  -99,  39,   0,   0,    ,   0,    , 280,   7,           ,  ,  0,    ,    0,    0,    0,    0, THERMO PARAMS, -103, 397, 109, N, 10, DT, -999, SHR82, -99, 
CP, 02, 2026082212, 03, HFSA, 120, 198N, 1731W,  27, 1007, XX,  34, NEQ,    0,    0,    0,    0,  -99,  -99,  61,   0,   0,    ,   0,    , 278,   7,           ,  ,  0,    ,    0,    0,    0,    0, THERMO PARAMS, -106, 170, 124, N, 10, DT, -999, SHR82, -99, 
CP, 02, 2026082212, 03, HFSA, 126, 202N, 1738W,  32, 1002, XX,  34, NEQ,    0,    0,    0,    0, 1006,    4,  10,   0,   0,    ,   0,    , -99, -99,           ,  ,  0,    ,    0,    0,    0,    0, THERMO PARAMS, -110, 787, -112, N, 10, DT, -999, SHR82, -99, 
CP, 02, 2026082212, 03, TVCN,   0, 146N, 1497W,   0,    0,   ,   0,    ,    0,    0,    0,    0, 
CP, 02, 2026082212, 03, TVCN,  12, 152N, 1517W,   0,    0,   ,   0,    ,    0,    0,    0,    0, 
CP, 02, 2026082212, 03, TVCN,  24, 154N, 1539W,   0,    0,   ,   0,    ,    0,    0,    0,    0, 
CP, 02, 2026082212, 03, TVCN,  36, 156N, 1564W,   0,    0,   ,   0,    ,    0,    0,    0,    0, 
CP, 02, 2026082212, 03, TVCN,  48, 158N, 1590W,   0,    0,   ,   0,    ,    0,    0,    0,    0, 
CP, 02, 2026082212, 03, TVCN,  60, 161N, 1616W,   0,    0,   ,   0,    ,    0,    0,    0,    0, 
CP, 02, 2026082212, 03, TVCN,  72, 166N, 1641W,   0,    0,   ,   0,    ,    0,    0,    0,    0, 
CP, 02, 2026082212, 03, TVCN,  84, 173N, 1664W,   0,    0,   ,   0,    ,    0,    0,    0,    0, 
CP, 02, 2026082212, 03, TVCN,  96, 179N, 1689W,   0,    0,   ,   0,    ,    0,    0,    0,    0, 
CP, 02, 2026082212, 03, TVCN, 108, 184N, 1710W,   0,    0,   ,   0,    ,    0,    0,    0,    0, 
CP, 02, 2026082212, 03, TVCN, 120, 188N, 1728W,   0,    0,   ,   0,    ,    0,    0,    0,    0, 
CP, 02, 2026082212, 03, TVCN, 132, 192N, 1744W,   0,    0,   ,   0,    ,    0,    0,    0,    0, 
CP, 02, 2026082212, 03, TVCN, 144, 177N, 1755W,   0,    0,   ,   0,    ,    0,    0,    0,    0, 
CP, 02, 2026082212, 03, HCCA,   0, 146N, 1497W,  45,    0,   ,   0,    ,    0,    0,    0,    0, 
CP, 02, 2026082212, 03, HCCA,  12, 150N, 1516W,  47,    0,   ,   0,    ,    0,    0,    0,    0, 
CP, 02, 2026082212, 03, HCCA,  24, 154N, 1537W,  44,    0,   ,   0,    ,    0,    0,    0,    0, 
CP, 02, 2026082212, 03, HCCA,  36, 158N, 1562W,  37,    0,   ,   0,    ,    0,    0,    0,    0, 
CP, 02, 2026082212, 03, HCCA,  48, 163N, 1587W,  35,    0,   ,   0,    ,    0,    0,    0,    0, 
CP, 02, 2026082212, 03, HCCA,  60, 169N, 1612W,  33,    0,   ,   0,    ,    0,    0,    0,    0, 
CP, 02, 2026082212, 03, HCCA,  72, 175N, 1635W,  32,    0,   ,   0,    ,    0,    0,    0,    0, 
CP, 02, 2026082212, 03, HCCA,  84, 183N, 1661W,  30,    0,   ,   0,    ,    0,    0,    0,    0, 
CP, 02, 2026082212, 03, HCCA,  96, 189N, 1691W,  31,    0,   ,   0,    ,    0,    0,    0,    0, 
CP, 02, 2026082212, 03, HCCA, 108, 195N, 1714W,  31,    0,   ,   0,    ,    0,    0,    0,    0, 
CP, 02, 2026082212, 03, HCCA, 120, 198N, 1735W,  29,    0,   ,   0,    ,    0,    0,    0,    0, 
CP, 02, 2026082212, 03, HCCA, 132, 201N, 1752W,  28,    0,   ,   0,    ,    0,    0,    0,    0, 
CP, 02, 2026082212, 03, HCCA, 144, 206N, 1769W,   0,    0,   ,   0,    ,    0,    0,    0,    0, 
CP, 02, 2026082212, 03, HCCA, 156, 214N, 1783W,   0,    0,   ,   0,    ,    0,    0,    0,    0, 
CP, 02, 2026082212, 03, HCCA, 168, 220N, 1799E,   0,    0,   ,   0,    ,    0,    0,    0,    0, 
CP, 02, 2026082218, 03, AVNO,   0, 149N, 1506W,  38, 1002, XX,  34, NEQ,   61,    0,    0,   49, 1010,   82,  34,   0,   0, 
CP, 02, 2026082218, 03, AVNO,   6, 152N, 1514W,  37, 1000, XX,  34, NEQ,   40,    0,    0,   23, 1008,  109,  12,   0,   0, 
CP, 02, 2026082218, 03, AVNO,  12, 155N, 1526W,  39, 1002, XX,  34, NEQ,   45,    0,    0,   20, 1010,  561,  19,   0,   0, 
CP, 02, 2026082218, 03, AVNO,  18, 157N, 1542W,  34, 1004, XX,  34, NEQ,    0,    0,    0,    0, 1008,   59,  22,   0,   0, 
CP, 02, 2026082218, 03, AVNO,  24, 157N, 1557W,  30, 1007, XX,  34, NEQ,    0,    0,    0,    0, 1011,   89,  37,   0,   0, 
CP, 02, 2026082218, 03, AVNO,  30, 156N, 1572W,  29, 1006, XX,  34, NEQ,    0,    0,    0,    0,  -99,  -99,  23,   0,   0, 
CP, 02, 2026082218, 03, AVNO,  36, 155N, 1585W,  28, 1007, XX,  34, NEQ,    0,    0,    0,    0,  -99,  -99,  12,   0,   0, 
CP, 02, 2026082218, 03, AVNO,  42, 155N, 1599W,  25, 1007, XX,  34, NEQ,    0,    0,    0,    0,  -99,  -99,  17,   0,   0, 
CP, 02, 2026082218, 03, AVNO,  48, 156N, 1612W,  23, 1008, XX,  34, NEQ,    0,    0,    0,    0,  -99,  -99,  35,   0,   0, 
CP, 02, 2026082218, 03, AVNO,  54, 159N, 1624W,  21, 1008, XX,  34, NEQ,    0,    0,    0,    0,  -99,  -99,  42,   0,   0, 
CP, 02, 2026082218, 03, AVNO,  60, 163N, 1636W,  22, 1009, XX,  34, NEQ,    0,    0,    0,    0,  -99,  -99,  66,   0,   0, 
CP, 02, 2026082218, 03, AVNO,  66, 167N, 1648W,  22, 1009, XX,  34, NEQ,    0,    0,    0,    0,  -99,  -99,  49,   0,   0, 
CP, 02, 2026082218, 03, AVNO,  72, 171N, 1661W,  21, 1010, XX,  34, NEQ,    0,    0,    0,    0,  -99,  -99,  70,   0,   0, 
CP, 02, 2026082218, 03, AVNO,  78, 175N, 1673W,  20, 1010, XX,  34, NEQ,    0,    0,    0,    0,  -99,  -99,  47,   0,   0, 
CP, 02, 2026082218, 03, AVNO,  84, 178N, 1688W,  21, 1011, XX,  34, NEQ,    0,    0,    0,    0,  -99,  -99, 121,   0,   0, 
CP, 02, 2026082218, 03, AVNO,  90, 177N, 1702W,  19, 1011, XX,  34, NEQ,    0,    0,    0,    0,  -99,  -99, 156,   0,   0, 
CP, 02, 2026082218, 03, AVNO,  96, 175N, 1717W,  17, 1011, XX,  34, NEQ,    0,    0,    0,    0,  -99,  -99, 154,   0,   0, 
CP, 02, 2026082218, 03, AVNO, 102, 174N, 1726W,  17, 1011, XX,  34, NEQ,    0,    0,    0,    0,  -99,  -99, 151,   0,   0, 
CP, 02, 2026082218, 03, AVNO, 108, 180N, 1737W,  16, 1010, XX,  34, NEQ,    0,    0,    0,    0,  -99,  -99, 150,   0,   0, 
CP, 02, 2026082218, 03, AVNO, 114, 187N, 1743W,  17, 1011, XX,  34, NEQ,    0,    0,    0,    0,  -99,  -99, 153,   0,   0, 
CP, 02, 2026082218, 03, AVNO, 120, 195N, 1754W,  15, 1011, XX,  34, NEQ,    0,    0,    0,    0,  -99,  -99, 155,   0,   0, 
CP, 02, 2026082218, 03, AVNO, 126, 196N, 1765W,  16, 1011, XX,  34, NEQ,    0,    0,    0,    0,  -99,  -99, 160,   0,   0, 
CP, 02, 2026082218, 03, AVNO, 132, 194N, 1780W,  16, 1010, XX,  34, NEQ,    0,    0,    0,    0,  -99,  -99, 158,   0,   0, 
CP, 02, 2026082218, 03, AVNO, 138, 193N, 1789W,  16, 1011, XX,  34, NEQ,    0,    0,    0,    0,  -99,  -99, 150,   0,   0, 
CP, 02, 2026082218, 03, AVNO, 144, 197N, 1796E,  14, 1011, XX,  34, NEQ,    0,    0,    0,    0,  -99,  -99, 158,   0,   0, 
CP, 02, 2026082218, 03, AVNO, 150, 211N, 1794E,  16, 1011, XX,  34, NEQ,    0,    0,    0,    0,  -99,  -99, 138,   0,   0, 
CP, 02, 2026082218, 03, HFSA,   0, 148N, 1506W,  46, 1001, XX,  34, NEQ,  186,    0,   34,  146, 1005,   17,  27,   0,   0,    ,   0,    , 295,  10,           ,  ,  0,    ,    0,    0,    0,    0, THERMO PARAMS, -160, 140, 501, N, 10, DT, -999, SHR82, -99, 
CP, 02, 2026082218, 03, HFSA,   6, 152N, 1515W,  39, 1002, XX,  34, NEQ,   71,    0,    0,   39, 1006,   25,  65,   0,   0,    ,   0,    , 295,  11,           ,  ,  0,    ,    0,    0,    0,    0, THERMO PARAMS, -97, 41, 190, N, 10, DT, -999, SHR82, -99, 
CP, 02, 2026082218, 03, HFSA,  12, 156N, 1527W,  64,  990, XX,  34, NEQ,   76,   21,   32,   63, 1006,   25,  13,   0,   0,    ,   0,    , 285,  11,           ,  ,  0,    ,    0,    0,    0,    0, THERMO PARAMS, -131, 1679, 551, N, 10, DT, -999, SHR82, -99, 
CP, 02, 2026082218, 03, HFSA,  12, 156N, 1527W,  64,  990, XX,  50, NEQ,    8,    0,    0,   23, 1006,   25,  13,   0,   0,    ,   0,    , 285,  11,           ,  ,  0,    ,    0,    0,    0,    0, THERMO PARAMS, -131, 1679, 551, N, 10, DT, -999, SHR82, -99, 
CP, 02, 2026082218, 03, HFSA,  18, 157N, 1539W,  46, 1000, XX,  34, NEQ,   78,   10,   13,   52, 1008,   64,  32,   0,   0,    ,   0,    , 281,  10,           ,  ,  0,    ,    0,    0,    0,    0, THERMO PARAMS, -123, 820, 284, N, 10, DT, -999, SHR82, -99, 
CP, 02, 2026082218, 03, HFSA,  24, 156N, 1551W,  40, 1004, XX,  34, NEQ,   58,    0,    0,   47, 1008,   23,  73,   0,   0,    ,   0,    , 277,  10,           ,  ,  0,    ,    0,    0,    0,    0, THERMO PARAMS, -93, 178, 501, N, 10, DT, -999, SHR82, -99, 
CP, 02, 2026082218, 03, HFSA,  30, 159N, 1562W,  53, 1001, XX,  34, NEQ,   36,    0,    0,   39, 1009,   97,  18,   0,   0,    ,   0,    , 285,  10,           ,  ,  0,    ,    0,    0,    0,    0, THERMO PARAMS, -89, 314, 147, N, 10, DT, -999, SHR82, -99, 
CP, 02, 2026082218, 03, HFSA,  30, 159N, 1562W,  53, 1001, XX,  50, NEQ,    0,    0,    0,   19, 1009,   97,  18,   0,   0,    ,   0,    , 285,  10,           ,  ,  0,    ,    0,    0,    0,    0, THERMO PARAMS, -89, 314, 147, N, 10, DT, -999, SHR82, -99, 
CP, 02, 2026082218, 03, HFSA,  36, 159N, 1574W,  42, 1004, XX,  34, NEQ,   60,    0,    0,    0, 1008,   27,  52,   0,   0,    ,   0,    , 278,  10,           ,  ,  0,    ,    0,    0,    0,    0, THERMO PARAMS, -107, 802, 435, N, 10, DT, -999, SHR82, -99, 
CP, 02, 2026082218, 03, HFSA,  42, 159N, 1589W,  37, 1004, XX,  34, NEQ,    0,    0,    0,    0,  -99,  -99,  60,   0,   0,    ,   0,    , 275,  12,           ,  ,  0,    ,    0,    0,    0,    0, THERMO PARAMS, -90, -93, 307, N, 10, DT, -999, SHR82, -99, 
CP, 02, 2026082218, 03, HFSA,  48, 162N, 1601W,  36, 1004, XX,  34, NEQ,   28,    0,    0,    0, 1008,   28,  26,   0,   0,    ,   0,    , 289,  12,           ,  ,  0,    ,    0,    0,    0,    0, THERMO PARAMS, -72, 373, 228, N, 10, DT, -999, SHR82, -99, 
CP, 02, 2026082218, 03, HFSA,  54, 165N, 1613W,  35, 1004, XX,  34, NEQ,    0,    0,    0,    0, 1008,   34,  33,   0,   0,    ,   0,    , 292,  10,           ,  ,  0,    ,    0,    0,    0,    0, THERMO PARAMS, -73, 353, 165, N, 10, DT, -999, SHR82, -99, 
CP, 02, 2026082218, 03, HFSA,  60, 167N, 1626W,  39, 1007, XX,  34, NEQ,   62,    0,    0,    0,  -99,  -99,  55,   0,   0,    ,   0,    , 280,  11,           ,  ,  0,    ,    0,    0,    0,    0, THERMO PARAMS, -67, 177, -43, N, 10, DT, -999, SHR82, -99, 
CP, 02, 2026082218, 03, HFSA,  66, 172N, 1640W,  33, 1006, XX,  34, NEQ,    0,    0,    0,    0, 1010,   80,  13,   0,   0,    ,   0,    , 283,  12,           ,  ,  0,    ,    0,    0,    0,    0, THERMO PARAMS, -75, 419, 213, N, 10, DT, -999, SHR82, -99, 
CP, 02, 2026082218, 03, HFSA,  72, 180N, 1655W,  35, 1002, XX,  34, NEQ,    0,    0,    0,    0, 1006,    2,  43,   0,   0,    ,   0,    , 300,  13,           ,  ,  0,    ,    0,    0,    0,    0, THERMO PARAMS, -38, 207, 291, N, 10, DT, -999, SHR82, -99, 
CP, 02, 2026082218, 03, HFSA,  78, 182N, 1670W,  30, 1006, XX,  34, NEQ,    0,    0,    0,    0,  -99,  -99,  65,   0,   0,    ,   0,    , 282,  13,           ,  ,  0,    ,    0,    0,    0,    0, THERMO PARAMS, -56, 172, 148, N, 10, DT, -999, SHR82, -99, 
CP, 02, 2026082218, 03, HFSA,  84, 185N, 1684W,  36, 1005, XX,  34, NEQ,    0,    0,    0,   28, 1009,    9,  26,   0,   0,    ,   0,    , 283,  11,           ,  ,  0,    ,    0,    0,    0,    0, THERMO PARAMS, -59, -117, -82, N, 10, DT, -999, SHR82, -99, 
CP, 02, 2026082218, 03, HFSA,  90, 189N, 1699W,  33, 1006, XX,  34, NEQ,    0,    0,    0,    0, 1010,   47,   3,   0,   0,    ,   0,    , 287,  13,           ,  ,  0,    ,    0,    0,    0,    0, THERMO PARAMS, -71, 306, 492, N, 10, DT, -999, SHR82, -99, 
CP, 02, 2026082218, 03, HFSA,  96, 191N, 1713W,  25, 1007, XX,  34, NEQ,    0,    0,    0,    0, 1011,  101,  50,   0,   0,    ,   0,    , 279,  10,           ,  ,  0,    ,    0,    0,    0,    0, THERMO PARAMS, -82, 243, 53, N, 10, DT, -999, SHR82, -99, 
CP, 02, 2026082218, 03, HFSA, 102, 193N, 1723W,  27, 1007, XX,  34, NEQ,    0,    0,    0,    0,  -99,  -99,  91,   0,   0,    ,   0,    , 283,   8,           ,  ,  0,    ,    0,    0,    0,    0, THERMO PARAMS, -87, 62, 81, N, 10, DT, -999, SHR82, -99, 
CP, 02, 2026082218, 03, HFSA, 108, 193N, 1731W,  27, 1007, XX,  34, NEQ,    0,    0,    0,    0,  -99,  -99,  91,   0,   0,    ,   0,    , 259,   7,           ,  ,  0,    ,    0,    0,    0,    0, THERMO PARAMS, -54, 16, 101, N, 10, DT, -999, SHR82, -99, 
CP, 02, 2026082218, 03, HFSA, 114, 193N, 1741W,  27, 1008, XX,  34, NEQ,    0,    0,    0,    0,  -99,  -99, 107,   0,   0,    ,   0,    , 274,   7,           ,  ,  0,    ,    0,    0,    0,    0, THERMO PARAMS, -81, 237, -165, N, 10, DT, -999, SHR82, -99, 
CP, 02, 2026082218, 03, HFSA, 120, 198N, 1749W,  32, 1009, XX,  34, NEQ,    0,    0,    0,    0,  -99,  -99,  50,   0,   0,    ,   0,    , 297,   7,           ,  ,  0,    ,    0,    0,    0,    0, THERMO PARAMS, -104, 350, -15, N, 10, DT, -999, SHR82, -99, 
CP, 02, 2026082218, 03, HFSA, 126, 198N, 1759W,  20, 1009, XX,  34, NEQ,    0,    0,    0,    0,  -99,  -99,  61,   0,   0,    ,   0,    , -99, -99,           ,  ,  0,    ,    0,    0,    0,    0, THERMO PARAMS, -73, 264, -580, N, 10, DT, -999, SHR82, -99, 
CP, 02, 2026082218, 03, TVCN,   0, 148N, 1506W,   0,    0,   ,   0,    ,    0,    0,    0,    0, 
CP, 02, 2026082218, 03, TVCN,  12, 152N, 1527W,   0,    0,   ,   0,    ,    0,    0,    0,    0, 
CP, 02, 2026082218, 03, TVCN,  24, 154N, 1550W,   0,    0,   ,   0,    ,    0,    0,    0,    0, 
CP, 02, 2026082218, 03, TVCN,  36, 156N, 1576W,   0,    0,   ,   0,    ,    0,    0,    0,    0, 
CP, 02, 2026082218, 03, TVCN,  48, 159N, 1604W,   0,    0,   ,   0,    ,    0,    0,    0,    0, 
CP, 02, 2026082218, 03, TVCN,  60, 163N, 1629W,   0,    0,   ,   0,    ,    0,    0,    0,    0, 
CP, 02, 2026082218, 03, TVCN,  72, 168N, 1655W,   0,    0,   ,   0,    ,    0,    0,    0,    0, 
CP, 02, 2026082218, 03, TVCN,  84, 172N, 1681W,   0,    0,   ,   0,    ,    0,    0,    0,    0, 
CP, 02, 2026082218, 03, TVCN,  96, 174N, 1706W,   0,    0,   ,   0,    ,    0,    0,    0,    0, 
CP, 02, 2026082218, 03, TVCN, 108, 175N, 1728W,   0,    0,   ,   0,    ,    0,    0,    0,    0, 
CP, 02, 2026082218, 03, TVCN, 120, 175N, 1751W,   0,    0,   ,   0,    ,    0,    0,    0,    0, 
CP, 02, 2026082218, 03, TVCN, 132, 192N, 1761W,   0,    0,   ,   0,    ,    0,    0,    0,    0, 
CP, 02, 2026082218, 03, HCCA,   0, 148N, 1506W,  45,    0,   ,   0,    ,    0,    0,    0,    0, 
CP, 02, 2026082218, 03, HCCA,  12, 152N, 1527W,  45,    0,   ,   0,    ,    0,    0,    0,    0, 
CP, 02, 2026082218, 03, HCCA,  24, 155N, 1550W,  42,    0,   ,   0,    ,    0,    0,    0,    0, 
CP, 02, 2026082218, 03, HCCA,  36, 158N, 1577W,  39,    0,   ,   0,    ,    0,    0,    0,    0, 
CP, 02, 2026082218, 03, HCCA,  48, 165N, 1606W,  36,    0,   ,   0,    ,    0,    0,    0,    0, 
CP, 02, 2026082218, 03, HCCA,  60, 174N, 1634W,  33,    0,   ,   0,    ,    0,    0,    0,    0, 
CP, 02, 2026082218, 03, HCCA,  72, 180N, 1658W,  32,    0,   ,   0,    ,    0,    0,    0,    0, 
CP, 02, 2026082218, 03, HCCA,  84, 184N, 1684W,  32,    0,   ,   0,    ,    0,    0,    0,    0, 
CP, 02, 2026082218, 03, HCCA,  96, 190N, 1708W,  31,    0,   ,   0,    ,    0,    0,    0,    0, 
CP, 02, 2026082218, 03, HCCA, 108, 197N, 1729W,  28,    0,   ,   0,    ,    0,    0,    0,    0, 
CP, 02, 2026082218, 03, HCCA, 120, 202N, 1749W,  26,    0,   ,   0,    ,    0,    0,    0,    0, 
CP, 02, 2026082218, 03, HCCA, 132, 207N, 1766W,  31,    0,   ,   0,    ,    0,    0,    0,    0, 
CP, 02, 2026082218, 03, HCCA, 144, 214N, 1782W,   0,    0,   ,   0,    ,    0,    0,    0,    0, 
CP, 02, 2026082218, 03, HCCA, 156, 212N, 1796W,   0,    0,   ,   0,    ,    0,    0,    0,    0, 
CP, 02, 2026082300, 03,  UKX,   0, 152N, 1515W,  32, 1005, XX,  34, NEQ,    0,    0,    0,    0, 
CP, 02, 2026082300, 03,  UKX,   6, 154N, 1530W,  32, 1008, XX,  34, NEQ,    0,    0,    0,    0, 
CP, 02, 2026082300, 03,  UKX,  12, 154N, 1547W,  32, 1007, XX,  34, NEQ,    0,    0,    0,    0, 
CP, 02, 2026082300, 03,  UKX,  18, 152N, 1565W,  30, 1009, XX,  34, NEQ,    0,    0,    0,    0, 
CP, 02, 2026082300, 03,  UKX,  24, 148N, 1581W,  29, 1006, XX,  34, NEQ,    0,    0,    0,    0, 
CP, 02, 2026082300, 03,  UKX,  30, 146N, 1595W,  26, 1009, XX,  34, NEQ,    0,    0,    0,    0, 
CP, 02, 2026082300, 03,  UKX,  36, 146N, 1608W,  23, 1007, XX,  34, NEQ,    0,    0,    0,    0, 
CP, 02, 2026082300, 03,  UKX,  42, 149N, 1622W,  23, 1009, XX,  34, NEQ,    0,    0,    0,    0, 
CP, 02, 2026082300, 03,  UKX,  48, 152N, 1633W,  22, 1008, XX,  34, NEQ,    0,    0,    0,    0, 
CP, 02, 2026082300, 03,  UKX,  54, 152N, 1643W,  22, 1009, XX,  34, NEQ,    0,    0,    0,    0, 
CP, 02, 2026082300, 03,  UKX,  60, 152N, 1654W,  21, 1008, XX,  34, NEQ,    0,    0,    0,    0, 
CP, 02, 2026082300, 03,  UKX,  66, 155N, 1665W,  23, 1009, XX,  34, NEQ,    0,    0,    0,    0, 
CP, 02, 2026082300, 03,  UKX,  72, 158N, 1677W,  24, 1009, XX,  34, NEQ,    0,    0,    0,    0, 
CP, 02, 2026082300, 03,  UKX,  78, 160N, 1692W,  23, 1009, XX,  34, NEQ,    0,    0,    0,    0, 
CP, 02, 2026082300, 03,  UKX,  84, 165N, 1706W,  22, 1009, XX,  34, NEQ,    0,    0,    0,    0, 
CP, 02, 2026082300, 03,  UKX,  90, 169N, 1719W,  24, 1010, XX,  34, NEQ,    0,    0,    0,    0, 
CP, 02, 2026082300, 03,  UKX,  96, 173N, 1731W,  24, 1009, XX,  34, NEQ,    0,    0,    0,    0, 
CP, 02, 2026082300, 03,  UKX, 102, 173N, 1745W,  24, 1009, XX,  34, NEQ,    0,    0,    0,    0, 
CP, 02, 2026082300, 03,  UKX, 108, 174N, 1761W,  22, 1009, XX,  34, NEQ,    0,    0,    0,    0, 
CP, 02, 2026082300, 03,  UKX, 114, 175N, 1774W,  22, 1009, XX,  34, NEQ,    0,    0,    0,    0, 
CP, 02, 2026082300, 03,  UKX, 120, 180N, 1785W,  22, 1009, XX,  34, NEQ,    0,    0,    0,    0, 
CP, 02, 2026082300, 03,  UKX, 126, 188N, 1799W,  21, 1008, XX,  34, NEQ,    0,    0,    0,    0, 
CP, 02, 2026082300, 03,  UKX, 132, 195N, 1789E,  21, 1009, XX,  34, NEQ,    0,    0,    0,    0, 
CP, 02, 2026082300, 03,  UKX, 138, 201N, 1779E,  21, 1009, XX,  34, NEQ,    0,    0,    0,    0, 
CP, 02, 2026082300, 03,  UKX, 144, 211N, 1770E,  21, 1010, XX,  34, NEQ,    0,    0,    0,    0, 
CP, 02, 2026082300, 03, AVNO,   0, 152N, 1514W,  37, 1001, XX,  34, NEQ,   38,    0,    0,   52, 1009,  260,  23,   0,   0, 
CP, 02, 2026082300, 03, AVNO,   6, 154N, 1526W,  34, 1003, XX,  34, NEQ,   17,    0,    0,    0, 1007,   29,  10,   0,   0, 
CP, 02, 2026082300, 03, AVNO,  12, 155N, 1540W,  30, 1004, XX,  34, NEQ,    0,    0,    0,    0, 1008,   56,  20,   0,   0, 
CP, 02, 2026082300, 03, AVNO,  18, 159N, 1553W,  35, 1006, XX,  34, NEQ,   68,    0,    0,    0, 1010,   84,  68,   0,   0, 
CP, 02, 2026082300, 03, AVNO,  24, 160N, 1570W,  44, 1004, XX,  34, NEQ,   22,    0,    0,   39, 1008,   37,  24,   0,   0, 
CP, 02, 2026082300, 03, AVNO,  30, 157N, 1580W,  28, 1005, XX,  34, NEQ,    0,    0,    0,    0, 1009,   41,  36,   0,   0, 
CP, 02, 2026082300, 03, AVNO,  36, 157N, 1593W,  28, 1005, XX,  34, NEQ,    0,    0,    0,    0, 1009,  271,  36,   0,   0, 
CP, 02, 2026082300, 03, AVNO,  42, 160N, 1608W,  27, 1008, XX,  34, NEQ,    0,    0,    0,    0,  -99,  -99,  36,   0,   0, 
CP, 02, 2026082300, 03, AVNO,  48, 164N, 1622W,  25, 1008, XX,  34, NEQ,    0,    0,    0,    0,  -99,  -99,  32,   0,   0, 
CP, 02, 2026082300, 03, AVNO,  54, 167N, 1635W,  26, 1009, XX,  34, NEQ,    0,    0,    0,    0,  -99,  -99,  24,   0,   0, 
CP, 02, 2026082300, 03, AVNO,  60, 171N, 1648W,  23, 1008, XX,  34, NEQ,    0,    0,    0,    0,  -99,  -99,  29,   0,   0, 
CP, 02, 2026082300, 03, AVNO,  66, 176N, 1661W,  24, 1009, XX,  34, NEQ,    0,    0,    0,    0,  -99,  -99,  54,   0,   0, 
CP, 02, 2026082300, 03, AVNO,  72, 180N, 1675W,  22, 1010, XX,  34, NEQ,    0,    0,    0,    0,  -99,  -99,  48,   0,   0, 
CP, 02, 2026082300, 03, AVNO,  78, 183N, 1689W,  22, 1010, XX,  34, NEQ,    0,    0,    0,    0,  -99,  -99,  75,   0,   0, 
CP, 02, 2026082300, 03, AVNO,  84, 184N, 1705W,  21, 1011, XX,  34, NEQ,    0,    0,    0,    0,  -99,  -99,  74,   0,   0, 
CP, 02, 2026082300, 03, AVNO,  90, 187N, 1719W,  20, 1011, XX,  34, NEQ,    0,    0,    0,    0,  -99,  -99,  91,   0,   0, 
CP, 02, 2026082300, 03, AVNO,  96, 189N, 1730W,  19, 1011, XX,  34, NEQ,    0,    0,    0,    0,  -99,  -99, 109,   0,   0, 
CP, 02, 2026082300, 03, AVNO, 102, 189N, 1742W,  22, 1010, XX,  34, NEQ,    0,    0,    0,    0,  -99,  -99, 158,   0,   0, 
CP, 02, 2026082300, 03, AVNO, 108, 185N, 1752W,  21, 1011, XX,  34, NEQ,    0,    0,    0,    0,  -99,  -99,  91,   0,   0, 
CP, 02, 2026082300, 03, AVNO, 114, 189N, 1767W,  19, 1011, XX,  34, NEQ,    0,    0,    0,    0,  -99,  -99,  64,   0,   0, 
CP, 02, 2026082300, 03, AVNO, 120, 194N, 1778W,  17, 1011, XX,  34, NEQ,    0,    0,    0,    0,  -99,  -99, 128,   0,   0, 
CP, 02, 2026082300, 03, AVNO, 126, 200N, 1790W,  18, 1010, XX,  34, NEQ,    0,    0,    0,    0,  -99,  -99, 123,   0,   0, 
CP, 02, 2026082300, 03, AVNO, 132, 196N, 1797E,  19, 1011, XX,  34, NEQ,    0,    0,    0,    0,  -99,  -99, 100,   0,   0, 
CP, 02, 2026082300, 03, AVNO, 138, 197N, 1783E,  19, 1010, XX,  34, NEQ,    0,    0,    0,    0,  -99,  -99,  92,   0,   0, 
CP, 02, 2026082300, 03, AVNO, 144, 201N, 1771E,  19, 1011, XX,  34, NEQ,    0,    0,    0,    0,  -99,  -99, 132,   0,   0, 
CP, 02, 2026082300, 03, AVNO, 150, 206N, 1755E,  18, 1009, XX,  34, NEQ,    0,    0,    0,    0,  -99,  -99, 141,   0,   0, 
CP, 02, 2026082300, 03, HFSA,   0, 152N, 1514W,  45, 1001, XX,  34, NEQ,   76,   37,   39,   65, 1005,   19,  20,   0,   0,    ,   0,    , 294,  10,           ,  ,  0,    ,    0,    0,    0,    0, THERMO PARAMS, -104, 289, 148, N, 10, DT, -999, SHR82, -99, 
CP, 02, 2026082300, 03, HFSA,   6, 154N, 1528W,  46,  998, XX,  34, NEQ,   86,   13,   37,   63, 1002,    8,  24,   0,   0,    ,   0,    , 279,  11,           ,  ,  0,    ,    0,    0,    0,    0, THERMO PARAMS, -152, 601, 196, N, 10, DT, -999, SHR82, -99, 
CP, 02, 2026082300, 03, HFSA,  12, 158N, 1538W,  44, 1000, XX,  34, NEQ,   42,   23,    0,   24, 1008,   64,  18,   0,   0,    ,   0,    , 291,  11,           ,  ,  0,    ,    0,    0,    0,    0, THERMO PARAMS, -75, 815, 377, N, 10, DT, -999, SHR82, -99, 
CP, 02, 2026082300, 03, HFSA,  18, 161N, 1552W,  40, 1004, XX,  34, NEQ,   65,    0,    0,   49,  -99,  -99,  41,   0,   0,    ,   0,    , 279,  11,           ,  ,  0,    ,    0,    0,    0,    0, THERMO PARAMS, -82, 549, 207, N, 10, DT, -999, SHR82, -99, 
CP, 02, 2026082300, 03, HFSA,  24, 161N, 1566W,  49, 1000, XX,  34, NEQ,   32,    6,   11,   21, 1008,   29,   1,   0,   0,    ,   0,    , 263,  11,           ,  ,  0,    ,    0,    0,    0,    0, THERMO PARAMS, -91, 1367, 346, N, 10, DT, -999, SHR82, -99, 
CP, 02, 2026082300, 03, HFSA,  30, 162N, 1579W,  46, 1003, XX,  34, NEQ,   62,   10,    0,   55, 1007,   15,  35,   0,   0,    ,   0,    , 274,  12,           ,  ,  0,    ,    0,    0,    0,    0, THERMO PARAMS, -97, 226, 352, N, 10, DT, -999, SHR82, -99, 
CP, 02, 2026082300, 03, HFSA,  36, 161N, 1592W,  39, 1004, XX,  34, NEQ,    0,    0,    0,   68,  -99,  -99,  67,   0,   0,    ,   0,    , 274,  11,           ,  ,  0,    ,    0,    0,    0,    0, THERMO PARAMS, -56, 384, 236, N, 10, DT, -999, SHR82, -99, 
CP, 02, 2026082300, 03, HFSA,  42, 165N, 1606W,  37, 1005, XX,  34, NEQ,    0,   15,    0,    0,  -99,  -99,  38,   0,   0,    ,   0,    , 290,  12,           ,  ,  0,    ,    0,    0,    0,    0, THERMO PARAMS, -57, 539, 118, N, 10, DT, -999, SHR82, -99, 
CP, 02, 2026082300, 03, HFSA,  48, 171N, 1619W,  41, 1000, XX,  34, NEQ,   26,    0,    0,   37, 1004,    8,  30,   0,   0,    ,   0,    , 300,  10,           ,  ,  0,    ,    0,    0,    0,    0, THERMO PARAMS, -54, 408, 389, N, 10, DT, -999, SHR82, -99, 
CP, 02, 2026082300, 03, HFSA,  54, 174N, 1633W,  34, 1007, XX,  34, NEQ,    0,    0,    0,    0,  -99,  -99,  56,   0,   0,    ,   0,    , 284,  12,           ,  ,  0,    ,    0,    0,    0,    0, THERMO PARAMS, -38, 92, 213, N, 10, DT, -999, SHR82, -99, 
CP, 02, 2026082300, 03, HFSA,  60, 181N, 1649W,  47, 1000, XX,  34, NEQ,   42,    0,   19,   19, 1004,    5,   9,   0,   0,    ,   0,    , 293,  13,           ,  ,  0,    ,    0,    0,    0,    0, THERMO PARAMS, -66, 436, 523, N, 10, DT, -999, SHR82, -99, 
CP, 02, 2026082300, 03, HFSA,  66, 186N, 1663W,  40, 1003, XX,  34, NEQ,   11,    0,    0,   28, 1007,   13,   6,   0,   0,    ,   0,    , 288,  13,           ,  ,  0,    ,    0,    0,    0,    0, THERMO PARAMS, -50, 30, 318, N, 10, DT, -999, SHR82, -99, 
CP, 02, 2026082300, 03, HFSA,  72, 190N, 1677W,  41,  998, XX,  34, NEQ,   26,   10,    0,   18, 1010,   57,   6,   0,   0,    ,   0,    , 292,  12,           ,  ,  0,    ,    0,    0,    0,    0, THERMO PARAMS, -38, 742, 613, N, 10, DT, -999, SHR82, -99, 
CP, 02, 2026082300, 03, HFSA,  78, 198N, 1688W,  45, 1001, XX,  34, NEQ,   42,   16,   15,   36, 1005,   11,  20,   0,   0,    ,   0,    , 296,  10,           ,  ,  0,    ,    0,    0,    0,    0, THERMO PARAMS, -45, 534, 295, N, 10, DT, -999, SHR82, -99, 
CP, 02, 2026082300, 03, HFSA,  84, 203N, 1700W,  48, 1000, XX,  34, NEQ,   32,   19,    0,   29, 1004,    3,  16,   0,   0,    ,   0,    , 292,  11,           ,  ,  0,    ,    0,    0,    0,    0, THERMO PARAMS, -69, 858, 363, N, 10, DT, -999, SHR82, -99, 
CP, 02, 2026082300, 03, HFSA,  90, 208N, 1710W,  54,  999, XX,  34, NEQ,   50,   31,   16,   44, 1003,   11,  14,   0,   0,    ,   0,    , 299,   9,           ,  ,  0,    ,    0,    0,    0,    0, THERMO PARAMS, -86, 605, 652, N, 10, DT, -999, SHR82, -99, 
CP, 02, 2026082300, 03, HFSA,  90, 208N, 1710W,  54,  999, XX,  50, NEQ,    0,    0,    0,   16, 1003,   11,  14,   0,   0,    ,   0,    , 299,   9,           ,  ,  0,    ,    0,    0,    0,    0, THERMO PARAMS, -86, 605, 652, N, 10, DT, -999, SHR82, -99, 
CP, 02, 2026082300, 03, HFSA,  96, 214N, 1718W,  39, 1002, XX,  34, NEQ,   62,   21,   15,   37, 1006,   12,  36,   0,   0,    ,   0,    , 295,   8,           ,  ,  0,    ,    0,    0,    0,    0, THERMO PARAMS, -110, -54, 520, N, 10, DT, -999, SHR82, -99, 
CP, 02, 2026082300, 03, HFSA, 102, 219N, 1723W,  51,  999, XX,  34, NEQ,   55,   32,   36,   47, 1007,   26,  22,   0,   0,    ,   0,    , 300,   6,           ,  ,  0,    ,    0,    0,    0,    0, THERMO PARAMS, -116, 648, 432, N, 10, DT, -999, SHR82, -99, 
CP, 02, 2026082300, 03, HFSA, 102, 219N, 1723W,  51,  999, XX,  50, NEQ,    0,    0,    0,   23, 1007,   26,  22,   0,   0,    ,   0,    , 300,   6,           ,  ,  0,    ,    0,    0,    0,    0, THERMO PARAMS, -116, 648, 432, N, 10, DT, -999, SHR82, -99, 
CP, 02, 2026082300, 03, HFSA, 108, 224N, 1727W,  52,  997, XX,  34, NEQ,   58,   36,   29,   45, 1001,    7,  28,   0,   0,    ,   0,    , 307,   6,           ,  ,  0,    ,    0,    0,    0,    0, THERMO PARAMS, -117, 1253, 322, N, 10, DT, -999, SHR82, -99, 
CP, 02, 2026082300, 03, HFSA, 108, 224N, 1727W,  52,  997, XX,  50, NEQ,   29,    0,    0,   24, 1001,    7,  28,   0,   0,    ,   0,    , 307,   6,           ,  ,  0,    ,    0,    0,    0,    0, THERMO PARAMS, -117, 1253, 322, N, 10, DT, -999, SHR82, -99, 
CP, 02, 2026082300, 03, HFSA, 114, 227N, 1731W,  51, 1002, XX,  34, NEQ,   47,   26,   23,   49, 1010,   31,  13,   0,   0,    ,   0,    , 296,   6,           ,  ,  0,    ,    0,    0,    0,    0, THERMO PARAMS, -162, 567, 285, N, 10, DT, -999, SHR82, -99, 
CP, 02, 2026082300, 03, HFSA, 114, 227N, 1731W,  51, 1002, XX,  50, NEQ,    0,    0,    0,   15, 1010,   31,  13,   0,   0,    ,   0,    , 296,   6,           ,  ,  0,    ,    0,    0,    0,    0, THERMO PARAMS, -162, 567, 285, N, 10, DT, -999, SHR82, -99, 
CP, 02, 2026082300, 03, HFSA, 120, 231N, 1734W,  52, 1000, XX,  34, NEQ,   52,   26,   26,   37, 1008,   26,  12,   0,   0,    ,   0,    , 319,   6,           ,  ,  0,    ,    0,    0,    0,    0, THERMO PARAMS, -166, 1022, 330, N, 10, DT, -999, SHR82, -99, 
CP, 02, 2026082300, 03, HFSA, 120, 231N, 1734W,  52, 1000, XX,  50, NEQ,   19,    0,    0,    0, 1008,   26,  12,   0,   0,    ,   0,    , 319,   6,           ,  ,  0,    ,    0,    0,    0,    0, THERMO PARAMS, -166, 1022, 330, N, 10, DT, -999, SHR82, -99, 
CP, 02, 2026082300, 03, HFSA, 126, 235N, 1736W,  50, 1003, XX,  34, NEQ,   83,    0,   34,   47, 1007,   14,  20,   0,   0,    ,   0,    , -99, -99,           ,  ,  0,    ,    0,    0,    0,    0, THERMO PARAMS, -145, 641, 258, N, 10, DT, -999, SHR82, -99, 
CP, 02, 2026082300, 03, TVCN,   0, 152N, 1515W,   0,    0,   ,   0,    ,    0,    0,    0,    0, 
CP, 02, 2026082300, 03, TVCN,  12, 156N, 1538W,   0,    0,   ,   0,    ,    0,    0,    0,    0, 
CP, 02, 2026082300, 03, TVCN,  24, 158N, 1564W,   0,    0,   ,   0,    ,    0,    0,    0,    0, 
CP, 02, 2026082300, 03, TVCN,  36, 160N, 1591W,   0,    0,   ,   0,    ,    0,    0,    0,    0, 
CP, 02, 2026082300, 03, TVCN,  48, 163N, 1617W,   0,    0,   ,   0,    ,    0,    0,    0,    0, 
CP, 02, 2026082300, 03, TVCN,  60, 168N, 1643W,   0,    0,   ,   0,    ,    0,    0,    0,    0, 
CP, 02, 2026082300, 03, TVCN,  72, 174N, 1668W,   0,    0,   ,   0,    ,    0,    0,    0,    0, 
CP, 02, 2026082300, 03, TVCN,  84, 178N, 1694W,   0,    0,   ,   0,    ,    0,    0,    0,    0, 
CP, 02, 2026082300, 03, TVCN,  96, 178N, 1719W,   0,    0,   ,   0,    ,    0,    0,    0,    0, 
CP, 02, 2026082300, 03, TVCN, 108, 178N, 1740W,   0,    0,   ,   0,    ,    0,    0,    0,    0, 
CP, 02, 2026082300, 03, TVCN, 120, 178N, 1761W,   0,    0,   ,   0,    ,    0,    0,    0,    0, 
CP, 02, 2026082300, 03, TVCN, 132, 200N, 1786W,   0,    0,   ,   0,    ,    0,    0,    0,    0, 
CP, 02, 2026082300, 03, HCCA,   0, 152N, 1515W,  45,    0,   ,   0,    ,    0,    0,    0,    0, 
CP, 02, 2026082300, 03, HCCA,  12, 153N, 1539W,  43,    0,   ,   0,    ,    0,    0,    0,    0, 
CP, 02, 2026082300, 03, HCCA,  24, 158N, 1563W,  38,    0,   ,   0,    ,    0,    0,    0,    0, 
CP, 02, 2026082300, 03, HCCA,  36, 162N, 1590W,  36,    0,   ,   0,    ,    0,    0,    0,    0, 
CP, 02, 2026082300, 03, HCCA,  48, 169N, 1615W,  35,    0,   ,   0,    ,    0,    0,    0,    0, 
CP, 02, 2026082300, 03, HCCA,  60, 175N, 1640W,  33,    0,   ,   0,    ,    0,    0,    0,    0, 
CP, 02, 2026082300, 03, HCCA,  72, 184N, 1665W,  31,    0,   ,   0,    ,    0,    0,    0,    0, 
CP, 02, 2026082300, 03, HCCA,  84, 191N, 1693W,  29,    0,   ,   0,    ,    0,    0,    0,    0, 
CP, 02, 2026082300, 03, HCCA,  96, 197N, 1722W,  25,    0,   ,   0,    ,    0,    0,    0,    0, 
CP, 02, 2026082300, 03, HCCA, 108, 198N, 1742W,  24,    0,   ,   0,    ,    0,    0,    0,    0, 
CP, 02, 2026082300, 03, HCCA, 120, 201N, 1761W,  19,    0,   ,   0,    ,    0,    0,    0,    0, 
CP, 02, 2026082300, 03, HCCA, 132, 205N, 1783W,   0,    0,   ,   0,    ,    0,    0,    0,    0, 
CP, 02, 2026082300, 03, HCCA, 144, 213N, 1797E,   0,    0,   ,   0,    ,    0,    0,    0,    0, 
CP, 02, 2026082306, 03, AVNO,   0, 154N, 1527W,  35, 1003, XX,  34, NEQ,   16,    0,    0,    0, 1007,   30,  13,   0,   0, 
CP, 02, 2026082306, 03, AVNO,   6, 155N, 1543W,  30, 1004, XX,  34, NEQ,    0,    0,    0,    0, 1008,   68,  17,   0,   0, 
CP, 02, 2026082306, 03, AVNO,  12, 156N, 1557W,  31, 1007, XX,  34, NEQ,    0,    0,    0,    0, 1011,   76,  24,   0,   0, 
CP, 02, 2026082306, 03, AVNO,  18, 157N, 1571W,  29, 1006, XX,  34, NEQ,    0,    0,    0,    0,  -99,  -99,  19,   0,   0, 
CP, 02, 2026082306, 03, AVNO,  24, 156N, 1584W,  28, 1007, XX,  34, NEQ,    0,    0,    0,    0,  -99,  -99,  24,   0,   0, 
CP, 02, 2026082306, 03, AVNO,  30, 155N, 1598W,  27, 1006, XX,  34, NEQ,    0,    0,    0,    0,  -99,  -99,  33,   0,   0, 
CP, 02, 2026082306, 03, AVNO,  36, 156N, 1612W,  24, 1008, XX,  34, NEQ,    0,    0,    0,    0,  -99,  -99,  60,   0,   0, 
CP, 02, 2026082306, 03, AVNO,  42, 160N, 1624W,  23, 1008, XX,  34, NEQ,    0,    0,    0,    0,  -99,  -99,  31,   0,   0, 
CP, 02, 2026082306, 03, AVNO,  48, 163N, 1636W,  24, 1009, XX,  34, NEQ,    0,    0,    0,    0,  -99,  -99,  45,   0,   0, 
CP, 02, 2026082306, 03, AVNO,  54, 165N, 1648W,  23, 1009, XX,  34, NEQ,    0,    0,    0,    0,  -99,  -99,  57,   0,   0, 
CP, 02, 2026082306, 03, AVNO,  60, 169N, 1659W,  24, 1010, XX,  34, NEQ,    0,    0,    0,    0,  -99,  -99,  59,   0,   0, 
CP, 02, 2026082306, 03, AVNO,  66, 171N, 1672W,  21, 1010, XX,  34, NEQ,    0,    0,    0,    0,  -99,  -99,  82,   0,   0, 
CP, 02, 2026082306, 03, AVNO,  72, 174N, 1684W,  20, 1010, XX,  34, NEQ,    0,    0,    0,    0,  -99,  -99,  69,   0,   0, 
CP, 02, 2026082306, 03, AVNO,  78, 177N, 1697W,  20, 1010, XX,  34, NEQ,    0,    0,    0,    0,  -99,  -99, 160,   0,   0, 
CP, 02, 2026082306, 03, AVNO,  84, 179N, 1711W,  19, 1011, XX,  34, NEQ,    0,    0,    0,    0,  -99,  -99, 129,   0,   0, 
CP, 02, 2026082306, 03, AVNO,  90, 173N, 1726W,  19, 1011, XX,  34, NEQ,    0,    0,    0,    0,  -99,  -99, 161,   0,   0, 
CP, 02, 2026082306, 03, AVNO,  96, 164N, 1740W,  13, 1010, XX,  34, NEQ,    0,    0,    0,    0,  -99,  -99, 158,   0,   0, 
CP, 02, 2026082306, 03, AVNO, 102, 163N, 1746W,  14, 1011, XX,  34, NEQ,    0,    0,    0,    0,  -99,  -99, 160,   0,   0, 
CP, 02, 2026082306, 03, AVNO, 108, 171N, 1761W,  13, 1011, XX,  34, NEQ,    0,    0,    0,    0,  -99,  -99, 158,   0,   0, 
CP, 02, 2026082306, 03, HCCA,   0, 152N, 1527W,  40,    0,   ,   0,    ,    0,    0,    0,    0, 
CP, 02, 2026082306, 03, HCCA,  12, 154N, 1555W,   0,    0,   ,   0,    ,    0,    0,    0,    0, 
CP, 02, 2026082306, 03, HCCA,  24, 154N, 1582W,   0,    0,   ,   0,    ,    0,    0,    0,    0, 
CP, 02, 2026082306, 03, HCCA,  36, 156N, 1608W,   0,    0,   ,   0,    ,    0,    0,    0,    0, 
CP, 02, 2026082306, 03, HCCA,  48, 161N, 1634W,   0,    0,   ,   0,    ,    0,    0,    0,    0, 
CP, 02, 2026082306, 03, HCCA,  60, 168N, 1661W,   0,    0,   ,   0,    ,    0,    0,    0,    0, 
CP, 02, 2026082306, 03, HCCA,  72, 173N, 1689W,   0,    0,   ,   0,    ,    0,    0,    0,    0, 
CP, 02, 2026082306, 03, HCCA,  84, 176N, 1716W,   0,    0,   ,   0,    ,    0,    0,    0,    0, 
CP, 02, 2026082306, 03, HCCA,  96, 179N, 1740W,   0,    0,   ,   0,    ,    0,    0,    0,    0, 
CP, 02, 2026082306, 03, HCCA, 108, 184N, 1765W,   0,    0,   ,   0,    ,    0,    0,    0,    0, 
CP, 02, 2026082306, 03, HCCA, 120, 191N, 1790W,   0,    0,   ,   0,    ,    0,    0,    0,    0, 
CP, 02, 2026082306, 03, HCCA, 132, 197N, 1785E,   0,    0,   ,   0,    ,    0,    0,    0,    0, 
CP, 02, 2026082306, 03, HFSA,   0, 151N, 1527W,  41, 1000, XX,  34, NEQ,   81,    0,   36,   60, 1004,   12,  24,   0,   0,    ,   0,    , 283,  10,           ,  ,  0,    ,    0,    0,    0,    0, THERMO PARAMS, -117, 525, 446, N, 10, DT, -999, SHR82, -99, 
CP, 02, 2026082306, 03, HFSA,   6, 156N, 1540W,  77,  992, XX,  34, NEQ,   42,   29,    0,   21, 1008,   56,   9,   0,   0,    ,   0,    , 293,  12,           ,  ,  0,    ,    0,    0,    0,    0, THERMO PARAMS, -56, 1237, 376, N, 10, DT, -999, SHR82, -99, 
CP, 02, 2026082306, 03, HFSA,   6, 156N, 1540W,  77,  992, XX,  50, NEQ,   24,    0,    0,    6, 1008,   56,   9,   0,   0,    ,   0,    , 293,  12,           ,  ,  0,    ,    0,    0,    0,    0, THERMO PARAMS, -56, 1237, 376, N, 10, DT, -999, SHR82, -99, 
CP, 02, 2026082306, 03, HFSA,   6, 156N, 1540W,  77,  992, XX,  64, NEQ,   11,    0,    0,    0, 1008,   56,   9,   0,   0,    ,   0,    , 293,  12,           ,  ,  0,    ,    0,    0,    0,    0, THERMO PARAMS, -56, 1237, 376, N, 10, DT, -999, SHR82, -99, 
CP, 02, 2026082306, 03, HFSA,  12, 156N, 1555W,  40, 1006, XX,  34, NEQ,    0,    0,    0,    0,  -99,  -99,  52,   0,   0,    ,   0,    , 279,  10,           ,  ,  0,    ,    0,    0,    0,    0, THERMO PARAMS, -76, 412, 181, N, 10, DT, -999, SHR82, -99, 
CP, 02, 2026082306, 03, HFSA,  18, 157N, 1567W,  34, 1006, XX,  34, NEQ,    0,    0,    0,    0,  -99,  -99,  48,   0,   0,    ,   0,    , 270,   8,           ,  ,  0,    ,    0,    0,    0,    0, THERMO PARAMS, -104, 361, 110, N, 10, DT, -999, SHR82, -99, 
CP, 02, 2026082306, 03, HFSA,  24, 156N, 1577W,  48, 1007, XX,  34, NEQ,    0,    0,    0,    0,  -99,  -99,  54,   0,   0,    ,   0,    , 265,  10,           ,  ,  0,    ,    0,    0,    0,    0, THERMO PARAMS, -90, 431, 219, N, 10, DT, -999, SHR82, -99, 
CP, 02, 2026082306, 03, HFSA,  30, 157N, 1591W,  43, 1006, XX,  34, NEQ,   42,    0,    0,    0,  -99,  -99,  26,   0,   0,    ,   0,    , 278,  13,           ,  ,  0,    ,    0,    0,    0,    0, THERMO PARAMS, -86, 657, 438, N, 10, DT, -999, SHR82, -99, 
CP, 02, 2026082306, 03, HFSA,  36, 158N, 1607W,  32, 1007, XX,  34, NEQ,    0,    0,    0,    0,  -99,  -99, 103,   0,   0,    ,   0,    , 276,  13,           ,  ,  0,    ,    0,    0,    0,    0, THERMO PARAMS, -78, 69, 267, N, 10, DT, -999, SHR82, -99, 
CP, 02, 2026082306, 03, HFSA,  42, 169N, 1623W,  33,  999, XX,  34, NEQ,    0,    0,    0,    0, 1003,    2,  19,   0,   0,    ,   0,    , 301,  13,           ,  ,  0,    ,    0,    0,    0,    0, THERMO PARAMS, -75, 752, 263, N, 10, DT, -999, SHR82, -99, 
CP, 02, 2026082306, 03, HFSA,  48, 169N, 1634W,  33, 1004, XX,  34, NEQ,    0,    0,    0,    0, 1008,    7,  52,   0,   0,    ,   0,    , 279,  10,           ,  ,  0,    ,    0,    0,    0,    0, THERMO PARAMS, -65, 176, 329, N, 10, DT, -999, SHR82, -99, 
CP, 02, 2026082306, 03, HFSA,  54, 174N, 1648W,  32, 1005, XX,  34, NEQ,    0,    0,    0,    0, 1009,   15,  35,   0,   0,    ,   0,    , 284,  13,           ,  ,  0,    ,    0,    0,    0,    0, THERMO PARAMS, -78, 286, 434, N, 10, DT, -999, SHR82, -99, 
CP, 02, 2026082306, 03, HFSA,  60, 181N, 1659W,  37, 1009, XX,  34, NEQ,    0,    0,    0,    0,  -99,  -99,  52,   0,   0,    ,   0,    , 288,  14,           ,  ,  0,    ,    0,    0,    0,    0, THERMO PARAMS, -58, -29, 312, N, 10, DT, -999, SHR82, -99, 
CP, 02, 2026082306, 03, HFSA,  66, 188N, 1672W,  44, 1003, XX,  34, NEQ,   55,    0,    0,    0, 1007,    8,  51,   0,   0,    ,   0,    , 302,  12,           ,  ,  0,    ,    0,    0,    0,    0, THERMO PARAMS, -44, 142, 659, N, 10, DT, -999, SHR82, -99, 
CP, 02, 2026082306, 03, HFSA,  72, 193N, 1682W,  46, 1000, XX,  34, NEQ,   44,    0,    0,   24, 1004,    4,  17,   0,   0,    ,   0,    , 295,  10,           ,  ,  0,    ,    0,    0,    0,    0, THERMO PARAMS, -66, 588, 281, N, 10, DT, -999, SHR82, -99, 
CP, 02, 2026082306, 03, HFSA,  78, 197N, 1696W,  39, 1002, XX,  34, NEQ,   53,    0,    0,   24, 1006,    8,  14,   0,   0,    ,   0,    , 289,  12,           ,  ,  0,    ,    0,    0,    0,    0, THERMO PARAMS, -98, 126, 490, N, 10, DT, -999, SHR82, -99, 
CP, 02, 2026082306, 03, HFSA,  84, 199N, 1708W,  38, 1008, XX,  34, NEQ,    0,    0,    0,    0,  -99,  -99,  54,   0,   0,    ,   0,    , 279,  10,           ,  ,  0,    ,    0,    0,    0,    0, THERMO PARAMS, -87, 4, 145, N, 10, DT, -999, SHR82, -99, 
CP, 02, 2026082306, 03, HFSA,  90, 201N, 1718W,  32, 1008, XX,  34, NEQ,    0,    0,    0,    0,  -99,  -99,  85,   0,   0,    ,   0,    , 288,   8,           ,  ,  0,    ,    0,    0,    0,    0, THERMO PARAMS, -105, 176, -40, N, 10, DT, -999, SHR82, -99, 
CP, 02, 2026082306, 03, HFSA,  96, 204N, 1727W,  33, 1007, XX,  34, NEQ,    0,    0,    0,    0,  -99,  -99,  94,   0,   0,    ,   0,    , 283,   8,           ,  ,  0,    ,    0,    0,    0,    0, THERMO PARAMS, -115, -98, 295, N, 10, DT, -999, SHR82, -99, 
CP, 02, 2026082306, 03, HFSA, 102, 205N, 1736W,  31, 1007, XX,  34, NEQ,    0,    0,    0,    0,  -99,  -99,  40,   0,   0,    ,   0,    , 291,   6,           ,  ,  0,    ,    0,    0,    0,    0, THERMO PARAMS, -104, 247, 228, N, 10, DT, -999, SHR82, -99, 
CP, 02, 2026082306, 03, HFSA, 108, 206N, 1744W,  25, 1008, XX,  34, NEQ,    0,    0,    0,    0,  -99,  -99, 162,   0,   0,    ,   0,    , 268,   6,           ,  ,  0,    ,    0,    0,    0,    0, THERMO PARAMS, -93, -201, 174, N, 10, DT, -999, SHR82, -99, 
CP, 02, 2026082306, 03, HFSA, 114, 209N, 1749W,  27, 1008, XX,  34, NEQ,    0,    0,    0,    0,  -99,  -99,  92,   0,   0,    ,   0,    , 299,   4,           ,  ,  0,    ,    0,    0,    0,    0, THERMO PARAMS, -124, 481, -107, N, 10, DT, -999, SHR82, -99, 
CP, 02, 2026082306, 03, HFSA, 120, 210N, 1756W,  37, 1008, XX,  34, NEQ,    0,    0,    0,    0,  -99,  -99,  33,   0,   0,    ,   0,    , 280,   6,           ,  ,  0,    ,    0,    0,    0,    0, THERMO PARAMS, -116, 717, -55, N, 10, DT, -999, SHR82, -99, 
CP, 02, 2026082306, 03, HFSA, 126, 210N, 1765W,  21, 1008, XX,  34, NEQ,    0,    0,    0,    0,  -99,  -99,  71,   0,   0,    ,   0,    , -99, -99,           ,  ,  0,    ,    0,    0,    0,    0, THERMO PARAMS, -81, 361, -371, N, 10, DT, -999, SHR82, -99, 
CP, 02, 2026082306, 03, TVCN,   0, 152N, 1527W,   0,    0,   ,   0,    ,    0,    0,    0,    0, 
CP, 02, 2026082306, 03, TVCN,  12, 154N, 1553W,   0,    0,   ,   0,    ,    0,    0,    0,    0, 
CP, 02, 2026082306, 03, TVCN,  24, 156N, 1580W,   0,    0,   ,   0,    ,    0,    0,    0,    0, 
CP, 02, 2026082306, 03, TVCN,  36, 159N, 1607W,   0,    0,   ,   0,    ,    0,    0,    0,    0, 
CP, 02, 2026082306, 03, TVCN,  48, 164N, 1633W,   0,    0,   ,   0,    ,    0,    0,    0,    0, 
CP, 02, 2026082306, 03, TVCN,  60, 172N, 1660W,   0,    0,   ,   0,    ,    0,    0,    0,    0, 
CP, 02, 2026082306, 03, TVCN,  72, 177N, 1686W,   0,    0,   ,   0,    ,    0,    0,    0,    0, 
CP, 02, 2026082306, 03, TVCN,  84, 182N, 1712W,   0,    0,   ,   0,    ,    0,    0,    0,    0, 
CP, 02, 2026082306, 03, TVCN,  96, 195N, 1737W,   0,    0,   ,   0,    ,    0,    0,    0,    0, 
CP, 02, 2026082306, 03, TVCN, 108, 203N, 1747W,   0,    0,   ,   0,    ,    0,    0,    0,    0, 
CP, 02, 2026082306, 03, TVCN, 120, 210N, 1761W,   0,    0,   ,   0,    ,    0,    0,    0,    0, 
CP, 02, 2026082306, 03, TVCN, 132, 218N, 1777W,   0,    0,   ,   0,    ,    0,    0,    0,    0, 
CP, 02, 2026082306, 03, HCCA,   0, 152N, 1527W,  40,    0,   ,   0,    ,    0,    0,    0,    0, 
CP, 02, 2026082306, 03, HCCA,  12, 153N, 1554W,  38,    0,   ,   0,    ,    0,    0,    0,    0, 
CP, 02, 2026082306, 03, HCCA,  24, 157N, 1580W,  35,    0,   ,   0,    ,    0,    0,    0,    0, 
CP, 02, 2026082306, 03, HCCA,  36, 163N, 1607W,  36,    0,   ,   0,    ,    0,    0,    0,    0, 
CP, 02, 2026082306, 03, HCCA,  48, 171N, 1632W,  35,    0,   ,   0,    ,    0,    0,    0,    0, 
CP, 02, 2026082306, 03, HCCA,  60, 178N, 1657W,  33,    0,   ,   0,    ,    0,    0,    0,    0, 
CP, 02, 2026082306, 03, HCCA,  72, 184N, 1685W,  32,    0,   ,   0,    ,    0,    0,    0,    0, 
CP, 02, 2026082306, 03, HCCA,  84, 193N, 1714W,  33,    0,   ,   0,    ,    0,    0,    0,    0, 
CP, 02, 2026082306, 03, HCCA,  96, 198N, 1736W,  29,    0,   ,   0,    ,    0,    0,    0,    0, 
CP, 02, 2026082306, 03, HCCA, 108, 200N, 1753W,  28,    0,   ,   0,    ,    0,    0,    0,    0, 
CP, 02, 2026082306, 03, HCCA, 120, 206N, 1770W,  30,    0,   ,   0,    ,    0,    0,    0,    0, 
CP, 02, 2026082306, 03, HCCA, 132, 211N, 1795W,   0,    0,   ,   0,    ,    0,    0,    0,    0, 
CP, 02, 2026082306, 03, HCCA, 144, 216N, 1784E,   0,    0,   ,   0,    ,    0,    0,    0,    0, 
CP, 02, 2026082312, 03,  UKX,   0, 153N, 1545W,  30, 1007, XX,  34, NEQ,    0,    0,    0,    0, 
CP, 02, 2026082312, 03,  UKX,   6, 152N, 1564W,  31, 1009, XX,  34, NEQ,    0,    0,    0,    0, 
CP, 02, 2026082312, 03,  UKX,  12, 149N, 1577W,  28, 1007, XX,  34, NEQ,    0,    0,    0,    0, 
CP, 02, 2026082312, 03,  UKX,  18, 146N, 1590W,  26, 1009, XX,  34, NEQ,    0,    0,    0,    0, 
CP, 02, 2026082312, 03,  UKX,  24, 147N, 1603W,  24, 1007, XX,  34, NEQ,    0,    0,    0,    0, 
CP, 02, 2026082312, 03,  UKX,  30, 150N, 1615W,  23, 1010, XX,  34, NEQ,    0,    0,    0,    0, 
CP, 02, 2026082312, 03,  UKX,  36, 153N, 1627W,  23, 1008, XX,  34, NEQ,    0,    0,    0,    0, 
CP, 02, 2026082312, 03,  UKX,  42, 154N, 1640W,  24, 1010, XX,  34, NEQ,    0,    0,    0,    0, 
CP, 02, 2026082312, 03,  UKX,  48, 156N, 1652W,  22, 1009, XX,  34, NEQ,    0,    0,    0,    0, 
CP, 02, 2026082312, 03,  UKX,  54, 158N, 1667W,  24, 1009, XX,  34, NEQ,    0,    0,    0,    0, 
CP, 02, 2026082312, 03,  UKX,  60, 159N, 1681W,  24, 1009, XX,  34, NEQ,    0,    0,    0,    0, 
CP, 02, 2026082312, 03,  UKX,  66, 160N, 1695W,  23, 1010, XX,  34, NEQ,    0,    0,    0,    0, 
CP, 02, 2026082312, 03,  UKX,  72, 162N, 1709W,  22, 1010, XX,  34, NEQ,    0,    0,    0,    0, 
CP, 02, 2026082312, 03,  UKX,  78, 166N, 1722W,  22, 1010, XX,  34, NEQ,    0,    0,    0,    0, 
CP, 02, 2026082312, 03,  UKX,  84, 168N, 1735W,  22, 1009, XX,  34, NEQ,    0,    0,    0,    0, 
CP, 02, 2026082312, 03,  UKX,  90, 166N, 1749W,  23, 1009, XX,  34, NEQ,    0,    0,    0,    0, 
CP, 02, 2026082312, 03,  UKX,  96, 168N, 1765W,  22, 1009, XX,  34, NEQ,    0,    0,    0,    0, 
CP, 02, 2026082312, 03,  UKX, 102, 170N, 1779W,  22, 1009, XX,  34, NEQ,    0,    0,    0,    0, 
CP, 02, 2026082312, 03,  UKX, 108, 173N, 1792W,  22, 1009, XX,  34, NEQ,    0,    0,    0,    0, 
CP, 02, 2026082312, 03,  UKX, 114, 175N, 1795E,  21, 1008, XX,  34, NEQ,    0,    0,    0,    0, 
CP, 02, 2026082312, 03,  UKX, 120, 178N, 1783E,  21, 1009, XX,  34, NEQ,    0,    0,    0,    0, 
CP, 02, 2026082312, 03,  UKX, 126, 186N, 1769E,  22, 1009, XX,  34, NEQ,    0,    0,    0,    0, 
CP, 02, 2026082312, 03,  UKX, 132, 192N, 1760E,  21, 1009, XX,  34, NEQ,    0,    0,    0,    0, 
CP, 02, 2026082312, 03,  UKX, 138, 199N, 1750E,  20, 1008, XX,  34, NEQ,    0,    0,    0,    0, 
CP, 02, 2026082312, 03,  UKX, 144, 204N, 1735E,  20, 1009, XX,  34, NEQ,    0,    0,    0,    0, 
CP, 02, 2026082312, 03, AVNO,   0, 154N, 1542W,  30, 1004, XX,  34, NEQ,    0,    0,    0,    0, 1008,   48,  27,   0,   0, 
CP, 02, 2026082312, 03, AVNO,   6, 155N, 1556W,  33, 1006, XX,  34, NEQ,    0,    0,    0,    0, 1010,   55,  32,   0,   0, 
CP, 02, 2026082312, 03, AVNO,  12, 156N, 1570W,  33, 1005, XX,  34, NEQ,    0,    0,    0,    0, 1009,   85,  23,   0,   0, 
CP, 02, 2026082312, 03, AVNO,  18, 155N, 1583W,  30, 1007, XX,  34, NEQ,    0,    0,    0,    0, 1011,  713,  29,   0,   0, 
CP, 02, 2026082312, 03, AVNO,  24, 155N, 1599W,  28, 1006, XX,  34, NEQ,    0,    0,    0,    0,  -99,  -99,  30,   0,   0, 
CP, 02, 2026082312, 03, AVNO,  30, 156N, 1614W,  25, 1008, XX,  34, NEQ,    0,    0,    0,    0,  -99,  -99,  55,   0,   0, 
CP, 02, 2026082312, 03, AVNO,  36, 158N, 1626W,  23, 1008, XX,  34, NEQ,    0,    0,    0,    0,  -99,  -99,  50,   0,   0, 
CP, 02, 2026082312, 03, AVNO,  42, 160N, 1639W,  24, 1009, XX,  34, NEQ,    0,    0,    0,    0,  -99,  -99,  79,   0,   0, 
CP, 02, 2026082312, 03, AVNO,  48, 162N, 1649W,  22, 1008, XX,  34, NEQ,    0,    0,    0,    0,  -99,  -99,  51,   0,   0, 
CP, 02, 2026082312, 03, AVNO,  54, 163N, 1661W,  22, 1009, XX,  34, NEQ,    0,    0,    0,    0,  -99,  -99,  87,   0,   0, 
CP, 02, 2026082312, 03, AVNO,  60, 166N, 1673W,  23, 1009, XX,  34, NEQ,    0,    0,    0,    0,  -99,  -99, 101,   0,   0, 
CP, 02, 2026082312, 03, AVNO,  66, 171N, 1685W,  23, 1010, XX,  34, NEQ,    0,    0,    0,    0,  -99,  -99, 147,   0,   0, 
CP, 02, 2026082312, 03, AVNO,  72, 173N, 1697W,  22, 1010, XX,  34, NEQ,    0,    0,    0,    0,  -99,  -99, 139,   0,   0, 
CP, 02, 2026082312, 03, AVNO,  78, 175N, 1712W,  20, 1010, XX,  34, NEQ,    0,    0,    0,    0,  -99,  -99, 142,   0,   0, 
CP, 02, 2026082312, 03, AVNO,  84, 169N, 1725W,  18, 1010, XX,  34, NEQ,    0,    0,    0,    0,  -99,  -99, 126,   0,   0, 
CP, 02, 2026082312, 03, AVNO,  90, 167N, 1736W,  19, 1010, XX,  34, NEQ,    0,    0,    0,    0,  -99,  -99, 155,   0,   0, 
CP, 02, 2026082312, 03, AVNO,  96, 166N, 1746W,  18, 1010, XX,  34, NEQ,    0,    0,    0,    0,  -99,  -99, 160,   0,   0, 
CP, 02, 2026082312, 03, AVNO, 102, 171N, 1758W,  17, 1010, XX,  34, NEQ,    0,    0,    0,    0,  -99,  -99, 161,   0,   0, 
CP, 02, 2026082312, 03, AVNO, 108, 179N, 1770W,  16, 1010, XX,  34, NEQ,    0,    0,    0,    0,  -99,  -99, 156,   0,   0, 
CP, 02, 2026082312, 03, AVNO, 114, 184N, 1781W,  17, 1010, XX,  34, NEQ,    0,    0,    0,    0,  -99,  -99, 157,   0,   0, 
CP, 02, 2026082312, 03, AVNO, 120, 184N, 1788W,  17, 1010, XX,  34, NEQ,    0,    0,    0,    0,  -99,  -99, 109,   0,   0, 
CP, 02, 2026082312, 03, AVNO, 126, 181N, 1799E,  17, 1010, XX,  34, NEQ,    0,    0,    0,    0,  -99,  -99, 145,   0,   0, 
CP, 02, 2026082312, 03, AVNO, 132, 184N, 1794E,  15, 1010, XX,  34, NEQ,    0,    0,    0,    0,  -99,  -99, 157,   0,   0, 
CP, 02, 2026082312, 03, AVNO, 138, 186N, 1784E,  16, 1009, XX,  34, NEQ,    0,    0,    0,    0,  -99,  -99, 127,   0,   0, 
CP, 02, 2026082312, 03, AVNO, 144, 189N, 1774E,  18, 1010, XX,  34, NEQ,    0,    0,    0,    0,  -99,  -99, 143,   0,   0, 
CP, 02, 2026082312, 03, AVNO, 150, 202N, 1774E,  17, 1010, XX,  34, NEQ,    0,    0,    0,    0,  -99,  -99,  87,   0,   0, 
CP, 02, 2026082312, 03, AVNO, 156, 204N, 1756E,  15, 1011, XX,  34, NEQ,    0,    0,    0,    0,  -99,  -99, 142,   0,   0, 
CP, 02, 2026082312, 03, HCCA,   0, 150N, 1543W,  40,    0,   ,   0,    ,    0,    0,    0,    0, 
CP, 02, 2026082312, 03, HCCA,  12, 150N, 1571W,   0,    0,   ,   0,    ,    0,    0,    0,    0, 
CP, 02, 2026082312, 03, HCCA,  24, 150N, 1598W,   0,    0,   ,   0,    ,    0,    0,    0,    0, 
CP, 02, 2026082312, 03, HCCA,  36, 154N, 1624W,   0,    0,   ,   0,    ,    0,    0,    0,    0, 
CP, 02, 2026082312, 03, HCCA,  48, 159N, 1649W,   0,    0,   ,   0,    ,    0,    0,    0,    0, 
CP, 02, 2026082312, 03, HCCA,  60, 165N, 1676W,   0,    0,   ,   0,    ,    0,    0,    0,    0, 
CP, 02, 2026082312, 03, HCCA,  72, 169N, 1702W,   0,    0,   ,   0,    ,    0,    0,    0,    0, 
CP, 02, 2026082312, 03, HCCA,  84, 170N, 1728W,   0,    0,   ,   0,    ,    0,    0,    0,    0, 
CP, 02, 2026082312, 03, HCCA,  96, 172N, 1753W,   0,    0,   ,   0,    ,    0,    0,    0,    0, 
CP, 02, 2026082312, 03, HFSA,   0, 149N, 1542W,  39,  999, XX,  34, NEQ,    0,    0,    0,   13, 1003,    3,  10,   0,   0,    ,   0,    , 276,  11,           ,  ,  0,    ,    0,    0,    0,    0, THERMO PARAMS, -85, -39, 310, N, 10, DT, -999, SHR82, -99, 
CP, 02, 2026082312, 03, HFSA,   6, 153N, 1557W,  32, 1009, XX,  34, NEQ,    0,    0,    0,    0,  -99,  -99,  75,   0,   0,    ,   0,    , 272,  12,           ,  ,  0,    ,    0,    0,    0,    0, THERMO PARAMS, -68, 1, 423, N, 10, DT, -999, SHR82, -99, 
CP, 02, 2026082312, 03, HFSA,  12, 153N, 1569W,  33, 1008, XX,  34, NEQ,    0,    0,    0,    0,  -99,  -99,  95,   0,   0,    ,   0,    , 277,   8,           ,  ,  0,    ,    0,    0,    0,    0, THERMO PARAMS, -95, -9999, -9999, N, 10, DT, -999, SHR82, -99, 
CP, 02, 2026082312, 03, HFSA,  18, 151N, 1579W,  33, 1009, XX,  34, NEQ,    0,    0,    0,    0,  -99,  -99, 112,   0,   0,    ,   0,    , 259,   8,           ,  ,  0,    ,    0,    0,    0,    0, THERMO PARAMS, -9999, -9999, -9999, N, 10, DT, -999, SHR82, -99, 
CP, 02, 2026082312, 03, HFSA,  24, 151N, 1591W,  39, 1007, XX,  34, NEQ,    0,    0,    0,    0,  -99,  -99,  70,   0,   0,    ,   0,    , 271,  10,           ,  ,  0,    ,    0,    0,    0,    0, THERMO PARAMS, -70, 96, 212, N, 10, DT, -999, SHR82, -99, 
CP, 02, 2026082312, 03, HFSA,  30, 152N, 1605W,  26, 1009, XX,  34, NEQ,    0,    0,    0,    0,  -99,  -99,  50,   0,   0,    ,   0,    , 289,  11,           ,  ,  0,    ,    0,    0,    0,    0, THERMO PARAMS, -29, 478, 27, N, 10, DT, -999, SHR82, -99, 
CP, 02, 2026082312, 03, HFSA,  36, 154N, 1619W,  26, 1008, XX,  34, NEQ,    0,    0,    0,    0,  -99,  -99,  62,   0,   0,    ,   0,    , 284,  10,           ,  ,  0,    ,    0,    0,    0,    0, THERMO PARAMS, -67, -9999, -9999, N, 10, DT, -999, SHR82, -99, 
CP, 02, 2026082312, 03, HFSA,  42, 159N, 1630W,  28, 1009, XX,  34, NEQ,    0,    0,    0,    0,  -99,  -99,  37,   0,   0,    ,   0,    , 278,  10,           ,  ,  0,    ,    0,    0,    0,    0, THERMO PARAMS, -47, -124, 329, N, 10, DT, -999, SHR82, -99, 
CP, 02, 2026082312, 03, HFSA,  48, 162N, 1642W,  25, 1009, XX,  34, NEQ,    0,    0,    0,    0,  -99,  -99,  31,   0,   0,    ,   0,    , 289,  12,           ,  ,  0,    ,    0,    0,    0,    0, THERMO PARAMS, -63, 236, 221, N, 10, DT, -999, SHR82, -99, 
CP, 02, 2026082312, 03, HFSA,  54, 173N, 1657W,  31, 1005, XX,  34, NEQ,    0,    0,    0,    0, 1009,   11,  32,   0,   0,    ,   0,    , 297,  13,           ,  ,  0,    ,    0,    0,    0,    0, THERMO PARAMS, -58, -49, 195, N, 10, DT, -999, SHR82, -99, 
CP, 02, 2026082312, 03, HFSA,  60, 174N, 1670W,  35, 1009, XX,  34, NEQ,    0,    0,    0,    0,  -99,  -99,  78,   0,   0,    ,   0,    , 279,  12,           ,  ,  0,    ,    0,    0,    0,    0, THERMO PARAMS, -63, 32, 214, N, 10, DT, -999, SHR82, -99, 
CP, 02, 2026082312, 03, HFSA,  66, 175N, 1686W,  35, 1009, XX,  34, NEQ,    0,    0,    0,    0,  -99,  -99, 108,   0,   0,    ,   0,    , 274,  14,           ,  ,  0,    ,    0,    0,    0,    0, THERMO PARAMS, -63, -157, 177, N, 10, DT, -999, SHR82, -99, 
CP, 02, 2026082312, 03, HFSA,  72, 181N, 1700W,  35, 1009, XX,  34, NEQ,    0,    0,    0,    0,  -99,  -99,  55,   0,   0,    ,   0,    , 274,  13,           ,  ,  0,    ,    0,    0,    0,    0, THERMO PARAMS, -81, 150, 102, N, 10, DT, -999, SHR82, -99, 
CP, 02, 2026082312, 03, HFSA,  78, 184N, 1712W,  32, 1010, XX,  34, NEQ,    0,    0,    0,    0,  -99,  -99, 117,   0,   0,    ,   0,    , 280,  11,           ,  ,  0,    ,    0,    0,    0,    0, THERMO PARAMS, -62, -115, 169, N, 10, DT, -999, SHR82, -99, 
CP, 02, 2026082312, 03, HFSA,  84, 189N, 1724W,  30, 1009, XX,  34, NEQ,    0,    0,    0,    0,  -99,  -99,  49,   0,   0,    ,   0,    , 289,   9,           ,  ,  0,    ,    0,    0,    0,    0, THERMO PARAMS, -81, 78, 23, N, 10, DT, -999, SHR82, -99, 
CP, 02, 2026082312, 03, HFSA,  90, 191N, 1734W,  33, 1009, XX,  34, NEQ,    0,    0,    0,    0,  -99,  -99,  71,   0,   0,    ,   0,    , 284,   8,           ,  ,  0,    ,    0,    0,    0,    0, THERMO PARAMS, -87, 503, 104, N, 10, DT, -999, SHR82, -99, 
CP, 02, 2026082312, 03, HFSA,  96, 191N, 1746W,  25, 1009, XX,  34, NEQ,    0,    0,    0,    0,  -99,  -99,  51,   0,   0,    ,   0,    , 275,   9,           ,  ,  0,    ,    0,    0,    0,    0, THERMO PARAMS, -73, 118, 243, N, 10, DT, -999, SHR82, -99, 
CP, 02, 2026082312, 03, HFSA, 102, 190N, 1756W,  23, 1009, XX,  34, NEQ,    0,    0,    0,    0,  -99,  -99, 100,   0,   0,    ,   0,    , 272,   8,           ,  ,  0,    ,    0,    0,    0,    0, THERMO PARAMS, -82, 234, -242, N, 10, DT, -999, SHR82, -99, 
CP, 02, 2026082312, 03, HFSA, 108, 189N, 1764W,  21, 1009, XX,  34, NEQ,    0,    0,    0,    0,  -99,  -99, 112,   0,   0,    ,   0,    , 266,   7,           ,  ,  0,    ,    0,    0,    0,    0, THERMO PARAMS, -49, 305, -284, N, 10, DT, -999, SHR82, -99, 
CP, 02, 2026082312, 03, HFSA, 114, 187N, 1776W,  22, 1008, XX,  34, NEQ,    0,    0,    0,    0,  -99,  -99, 160,   0,   0,    ,   0,    , 258,   9,           ,  ,  0,    ,    0,    0,    0,    0, THERMO PARAMS, -46, 418, -479, N, 10, DT, -999, SHR82, -99, 
CP, 02, 2026082312, 03, HFSA, 120, 188N, 1787W,  22, 1009, XX,  34, NEQ,    0,    0,    0,    0,  -99,  -99, 145,   0,   0,    ,   0,    , 273,   8,           ,  ,  0,    ,    0,    0,    0,    0, THERMO PARAMS, -49, 154, -337, N, 10, DT, -999, SHR82, -99, 
CP, 02, 2026082312, 03, HFSA, 126, 191N, 1800E,  21, 1008, XX,  34, NEQ,    0,    0,    0,    0,  -99,  -99, 110,   0,   0,    ,   0,    , -99, -99,           ,  ,  0,    ,    0,    0,    0,    0, THERMO PARAMS, -9999, -9999, -9999, N, 10, DT, -999, SHR82, -99, 
CP, 02, 2026082312, 03, TVCN,   0, 150N, 1543W,   0,    0,   ,   0,    ,    0,    0,    0,    0, 
CP, 02, 2026082312, 03, TVCN,  12, 152N, 1569W,   0,    0,   ,   0,    ,    0,    0,    0,    0, 
CP, 02, 2026082312, 03, TVCN,  24, 154N, 1595W,   0,    0,   ,   0,    ,    0,    0,    0,    0, 
CP, 02, 2026082312, 03, TVCN,  36, 158N, 1622W,   0,    0,   ,   0,    ,    0,    0,    0,    0, 
CP, 02, 2026082312, 03, TVCN,  48, 164N, 1647W,   0,    0,   ,   0,    ,    0,    0,    0,    0, 
CP, 02, 2026082312, 03, TVCN,  60, 171N, 1672W,   0,    0,   ,   0,    ,    0,    0,    0,    0, 
CP, 02, 2026082312, 03, TVCN,  72, 176N, 1698W,   0,    0,   ,   0,    ,    0,    0,    0,    0, 
CP, 02, 2026082312, 03, TVCN,  84, 185N, 1726W,   0,    0,   ,   0,    ,    0,    0,    0,    0, 
CP, 02, 2026082312, 03, TVCN,  96, 189N, 1751W,   0,    0,   ,   0,    ,    0,    0,    0,    0, 
CP, 02, 2026082312, 03, TVCN, 108, 195N, 1765W,   0,    0,   ,   0,    ,    0,    0,    0,    0, 
CP, 02, 2026082312, 03, TVCN, 120, 198N, 1785W,   0,    0,   ,   0,    ,    0,    0,    0,    0, 
CP, 02, 2026082312, 03, TVCN, 132, 202N, 1795E,   0,    0,   ,   0,    ,    0,    0,    0,    0, 
CP, 02, 2026082312, 03, HCCA,   0, 150N, 1543W,  40,    0,   ,   0,    ,    0,    0,    0,    0, 
CP, 02, 2026082312, 03, HCCA,  12, 150N, 1571W,  37,    0,   ,   0,    ,    0,    0,    0,    0, 
CP, 02, 2026082312, 03, HCCA,  24, 154N, 1595W,  36,    0,   ,   0,    ,    0,    0,    0,    0, 
CP, 02, 2026082312, 03, HCCA,  36, 161N, 1621W,  36,    0,   ,   0,    ,    0,    0,    0,    0, 
CP, 02, 2026082312, 03, HCCA,  48, 168N, 1644W,  36,    0,   ,   0,    ,    0,    0,    0,    0, 
CP, 02, 2026082312, 03, HCCA,  60, 177N, 1670W,  36,    0,   ,   0,    ,    0,    0,    0,    0, 
CP, 02, 2026082312, 03, HCCA,  72, 185N, 1695W,  33,    0,   ,   0,    ,    0,    0,    0,    0, 
CP, 02, 2026082312, 03, HCCA,  84, 189N, 1722W,  31,    0,   ,   0,    ,    0,    0,    0,    0, 
CP, 02, 2026082312, 03, HCCA,  96, 191N, 1747W,  27,    0,   ,   0,    ,    0,    0,    0,    0, 
CP, 02, 2026082312, 03, HCCA, 108, 193N, 1768W,  26,    0,   ,   0,    ,    0,    0,    0,    0, 
CP, 02, 2026082312, 03, HCCA, 120, 195N, 1787W,  23,    0,   ,   0,    ,    0,    0,    0,    0, 
CP, 02, 2026082318, 03, AVNO,   0, 154N, 1556W,  34, 1005, XX,  34, NEQ,    0,    0,    0,    0, 1009,   43,  23,   0,   0, 
CP, 02, 2026082318, 03, AVNO,   6, 154N, 1569W,  33, 1004, XX,  34, NEQ,    0,    0,    0,    0, 1008,   48,  23,   0,   0, 
CP, 02, 2026082318, 03, AVNO,  12, 154N, 1581W,  30, 1006, XX,  34, NEQ,    0,    0,    0,    0, 1010,   80,  24,   0,   0, 
CP, 02, 2026082318, 03, AVNO,  18, 154N, 1595W,  29, 1006, XX,  34, NEQ,    0,    0,    0,    0,  -99,  -99,  19,   0,   0, 
CP, 02, 2026082318, 03, AVNO,  24, 156N, 1610W,  28, 1007, XX,  34, NEQ,    0,    0,    0,    0, 1011,  320,  28,   0,   0, 
CP, 02, 2026082318, 03, AVNO,  30, 160N, 1623W,  25, 1007, XX,  34, NEQ,    0,    0,    0,    0,  -99,  -99,  23,   0,   0, 
CP, 02, 2026082318, 03, AVNO,  36, 163N, 1635W,  25, 1008, XX,  34, NEQ,    0,    0,    0,    0,  -99,  -99,  47,   0,   0, 
CP, 02, 2026082318, 03, AVNO,  42, 164N, 1647W,  23, 1008, XX,  34, NEQ,    0,    0,    0,    0,  -99,  -99,  36,   0,   0, 
CP, 02, 2026082318, 03, AVNO,  48, 166N, 1660W,  24, 1009, XX,  34, NEQ,    0,    0,    0,    0,  -99,  -99,  60,   0,   0, 
CP, 02, 2026082318, 03, AVNO,  54, 168N, 1674W,  22, 1009, XX,  34, NEQ,    0,    0,    0,    0,  -99,  -99,  73,   0,   0, 
CP, 02, 2026082318, 03, AVNO,  60, 172N, 1687W,  21, 1010, XX,  34, NEQ,    0,    0,    0,    0,  -99,  -99,  62,   0,   0, 
CP, 02, 2026082318, 03, AVNO,  66, 168N, 1704W,  21, 1010, XX,  34, NEQ,    0,    0,    0,    0,  -99,  -99, 136,   0,   0, 
CP, 02, 2026082318, 03, AVNO,  72, 167N, 1720W,  21, 1010, XX,  34, NEQ,    0,    0,    0,    0,  -99,  -99, 158,   0,   0, 
CP, 02, 2026082318, 03, AVNO,  78, 169N, 1730W,  19, 1010, XX,  34, NEQ,    0,    0,    0,    0,  -99,  -99, 159,   0,   0, 
CP, 02, 2026082318, 03, AVNO,  84, 170N, 1742W,  20, 1010, XX,  34, NEQ,    0,    0,    0,    0,  -99,  -99, 157,   0,   0, 
CP, 02, 2026082318, 03, AVNO,  90, 172N, 1753W,  19, 1010, XX,  34, NEQ,    0,    0,    0,    0,  -99,  -99, 159,   0,   0, 
CP, 02, 2026082318, 03, AVNO,  96, 177N, 1768W,  17, 1010, XX,  34, NEQ,    0,    0,    0,    0,  -99,  -99, 146,   0,   0, 
CP, 02, 2026082318, 03, AVNO, 102, 177N, 1781W,  16, 1011, XX,  34, NEQ,    0,    0,    0,    0,  -99,  -99, 110,   0,   0, 
CP, 02, 2026082318, 03, AVNO, 108, 182N, 1788W,  16, 1010, XX,  34, NEQ,    0,    0,    0,    0,  -99,  -99, 161,   0,   0, 
CP, 02, 2026082318, 03, AVNO, 114, 180N, 1795W,  17, 1010, XX,  34, NEQ,    0,    0,    0,    0,  -99,  -99, 124,   0,   0, 
CP, 02, 2026082318, 03, AVNO, 120, 178N, 1793E,  17, 1010, XX,  34, NEQ,    0,    0,    0,    0,  -99,  -99, 148,   0,   0, 
CP, 02, 2026082318, 03, AVNO, 126, 183N, 1784E,  16, 1011, XX,  34, NEQ,    0,    0,    0,    0,  -99,  -99, 137,   0,   0, 
CP, 02, 2026082318, 03, HCCA,   0, 152N, 1557W,  40,    0,   ,   0,    ,    0,    0,    0,    0, 
CP, 02, 2026082318, 03, HFSA,   0, 152N, 1557W,  40, 1006, XX,  34, NEQ,   91,    0,    0,   94,  -99,  -99,  75,   0,   0,    ,   0,    , 273,  12,           ,  ,  0,    ,    0,    0,    0,    0, THERMO PARAMS, -75, -227, 188, N, 10, DT, -999, SHR82, -99, 
CP, 02, 2026082318, 03, HFSA,   6, 151N, 1568W,  38, 1004, XX,  34, NEQ,    0,    0,    0,    0, 1008,   44, 147,   0,   0,    ,   0,    , 277,   9,           ,  ,  0,    ,    0,    0,    0,    0, THERMO PARAMS, -94, 316, -78, N, 10, DT, -999, SHR82, -99, 
CP, 02, 2026082318, 03, HFSA,  12, 154N, 1577W,  51,  994, XX,  34, NEQ,   31,    0,    0,   45, 1002,    7,  17,   0,   0,    ,   0,    , 296,   9,           ,  ,  0,    ,    0,    0,    0,    0, THERMO PARAMS, -58, 1173, -102, N, 10, DT, -999, SHR82, -99, 
CP, 02, 2026082318, 03, HFSA,  18, 155N, 1589W,  34, 1003, XX,  34, NEQ,   13,    0,    0,    0,  -99,  -99,  11,   0,   0,    ,   0,    , 278,   9,           ,  ,  0,    ,    0,    0,    0,    0, THERMO PARAMS, -73, 264, 130, N, 10, DT, -999, SHR82, -99, 
CP, 02, 2026082318, 03, HFSA,  24, 160N, 1599W,  44, 1000, XX,  34, NEQ,   42,    0,    0,    0, 1008,   54,  31,   0,   0,    ,   0,    , 302,  10,           ,  ,  0,    ,    0,    0,    0,    0, THERMO PARAMS, -54, 708, 217, N, 10, DT, -999, SHR82, -99, 
CP, 02, 2026082318, 03, HFSA,  30, 162N, 1616W,  39, 1003, XX,  34, NEQ,   58,    0,    0,    0, 1007,   14,  56,   0,   0,    ,   0,    , 282,  12,           ,  ,  0,    ,    0,    0,    0,    0, THERMO PARAMS, -70, 236, 348, N, 10, DT, -999, SHR82, -99, 
CP, 02, 2026082318, 03, HFSA,  36, 167N, 1629W,  29, 1007, XX,  34, NEQ,    0,    0,    0,    0,  -99,  -99,  36,   0,   0,    ,   0,    , 287,  10,           ,  ,  0,    ,    0,    0,    0,    0, THERMO PARAMS, -53, 295, 319, N, 10, DT, -999, SHR82, -99, 
CP, 02, 2026082318, 03, HFSA,  42, 171N, 1643W,  37, 1002, XX,  34, NEQ,    0,    0,    0,   23, 1006,    7,  21,   0,   0,    ,   0,    , 293,  12,           ,  ,  0,    ,    0,    0,    0,    0, THERMO PARAMS, -71, 367, 400, N, 10, DT, -999, SHR82, -99, 
CP, 02, 2026082318, 03, HFSA,  48, 174N, 1656W,  40, 1006, XX,  34, NEQ,   58,    0,    0,    0,  -99,  -99,  57,   0,   0,    ,   0,    , 287,  11,           ,  ,  0,    ,    0,    0,    0,    0, THERMO PARAMS, -85, 388, 396, N, 10, DT, -999, SHR82, -99, 
CP, 02, 2026082318, 03, HFSA,  54, 176N, 1668W,  30, 1007, XX,  34, NEQ,    0,    0,    0,    0,  -99,  -99,  72,   0,   0,    ,   0,    , 279,  11,           ,  ,  0,    ,    0,    0,    0,    0, THERMO PARAMS, -80, 191, 231, N, 10, DT, -999, SHR82, -99, 
CP, 02, 2026082318, 03, HFSA,  60, 179N, 1681W,  33, 1006, XX,  34, NEQ,    0,    0,    0,    0, 1010,   76,  97,   0,   0,    ,   0,    , 283,  12,           ,  ,  0,    ,    0,    0,    0,    0, THERMO PARAMS, -48, 270, 286, N, 10, DT, -999, SHR82, -99, 
CP, 02, 2026082318, 03, HFSA,  66, 182N, 1695W,  33, 1004, XX,  34, NEQ,    0,    0,    0,    0, 1008,   17,  86,   0,   0,    ,   0,    , 267,  15,           ,  ,  0,    ,    0,    0,    0,    0, THERMO PARAMS, -79, 219, 348, N, 10, DT, -999, SHR82, -99, 
CP, 02, 2026082318, 03, HFSA,  72, 186N, 1705W,  35, 1003, XX,  34, NEQ,    0,    0,    0,    0, 1007,    6,  45,   0,   0,    ,   0,    , 302,  10,           ,  ,  0,    ,    0,    0,    0,    0, THERMO PARAMS, -48, 252, 457, N, 10, DT, -999, SHR82, -99, 
CP, 02, 2026082318, 03, HFSA,  78, 190N, 1718W,  30, 1007, XX,  34, NEQ,    0,    0,    0,    0,  -99,  -99,  24,   0,   0,    ,   0,    , 288,  11,           ,  ,  0,    ,    0,    0,    0,    0, THERMO PARAMS, -96, -136, 255, N, 10, DT, -999, SHR82, -99, 
CP, 02, 2026082318, 03, HFSA,  84, 193N, 1727W,  34, 1007, XX,  34, NEQ,    0,    0,    0,    0,  -99,  -99, 148,   0,   0,    ,   0,    , 280,   8,           ,  ,  0,    ,    0,    0,    0,    0, THERMO PARAMS, -106, 332, 318, N, 10, DT, -999, SHR82, -99, 
CP, 02, 2026082318, 03, HFSA,  90, 192N, 1737W,  40, 1007, XX,  34, NEQ,    0,    0,    0,    0,  -99,  -99,  67,   0,   0,    ,   0,    , 279,   8,           ,  ,  0,    ,    0,    0,    0,    0, THERMO PARAMS, -102, -163, 384, N, 10, DT, -999, SHR82, -99, 
CP, 02, 2026082318, 03, HFSA,  96, 195N, 1742W,  32, 1005, XX,  34, NEQ,    0,    0,    0,    0, 1009,   74,  66,   0,   0,    ,   0,    , 287,   6,           ,  ,  0,    ,    0,    0,    0,    0, THERMO PARAMS, -129, 384, 340, N, 10, DT, -999, SHR82, -99, 
CP, 02, 2026082318, 03, HFSA, 102, 195N, 1750W,  29, 1007, XX,  34, NEQ,    0,    0,    0,    0,  -99,  -99,  95,   0,   0,    ,   0,    , 265,   9,           ,  ,  0,    ,    0,    0,    0,    0, THERMO PARAMS, -89, 225, 150, N, 10, DT, -999, SHR82, -99, 
CP, 02, 2026082318, 03, HFSA, 108, 197N, 1759W,  41, 1002, XX,  34, NEQ,    0,    0,    0,    0, 1006,    8,  18,   0,   0,    ,   0,    , 275,   7,           ,  ,  0,    ,    0,    0,    0,    0, THERMO PARAMS, -118, 743, -257, N, 10, DT, -999, SHR82, -99, 
CP, 02, 2026082318, 03, HFSA, 114, 196N, 1773W,  28, 1007, XX,  34, NEQ,    0,    0,    0,    0,  -99,  -99,  80,   0,   0,    ,   0,    , 269,  10,           ,  ,  0,    ,    0,    0,    0,    0, THERMO PARAMS, -79, 141, 4, N, 10, DT, -999, SHR82, -99, 
CP, 02, 2026082318, 03, HFSA, 120, 200N, 1779W,  30, 1007, XX,  34, NEQ,    0,    0,    0,    0,  -99,  -99,  75,   0,   0,    ,   0,    , 302,   6,           ,  ,  0,    ,    0,    0,    0,    0, THERMO PARAMS, -100, 423, 54, N, 10, DT, -999, SHR82, -99, 
CP, 02, 2026082318, 03, HFSA, 126, 204N, 1787W,  27, 1007, XX,  34, NEQ,    0,    0,    0,    0,  -99,  -99, 107,   0,   0,    ,   0,    , -99, -99,           ,  ,  0,    ,    0,    0,    0,    0, THERMO PARAMS, -97, 271, 63, N, 10, DT, -999, SHR82, -99, 
CP, 02, 2026082318, 03, TVCN,   0, 152N, 1557W,   0,    0,   ,   0,    ,    0,    0,    0,    0, 
CP, 02, 2026082318, 03, TVCN,  12, 153N, 1583W,   0,    0,   ,   0,    ,    0,    0,    0,    0, 
CP, 02, 2026082318, 03, TVCN,  24, 155N, 1608W,   0,    0,   ,   0,    ,    0,    0,    0,    0, 
CP, 02, 2026082318, 03, TVCN,  36, 160N, 1633W,   0,    0,   ,   0,    ,    0,    0,    0,    0, 
CP, 02, 2026082318, 03, TVCN,  48, 165N, 1659W,   0,    0,   ,   0,    ,    0,    0,    0,    0, 
CP, 02, 2026082318, 03, TVCN,  60, 168N, 1686W,   0,    0,   ,   0,    ,    0,    0,    0,    0, 
CP, 02, 2026082318, 03, TVCN,  72, 169N, 1714W,   0,    0,   ,   0,    ,    0,    0,    0,    0, 
CP, 02, 2026082318, 03, TVCN,  84, 170N, 1741W,   0,    0,   ,   0,    ,    0,    0,    0,    0, 
CP, 02, 2026082318, 03, TVCN,  96, 176N, 1765W,   0,    0,   ,   0,    ,    0,    0,    0,    0, 
CP, 02, 2026082318, 03, TVCN, 108, 181N, 1783W,   0,    0,   ,   0,    ,    0,    0,    0,    0, 
CP, 02, 2026082318, 03, TVCN, 120, 186N, 1794E,   0,    0,   ,   0,    ,    0,    0,    0,    0, 
CP, 02, 2026082318, 03, TVCN, 132, 192N, 1772E,   0,    0,   ,   0,    ,    0,    0,    0,    0, 
CP, 02, 2026082318, 03, HCCA,   0, 152N, 1557W,  40,    0,   ,   0,    ,    0,    0,    0,    0, 
CP, 02, 2026082318, 03, HCCA,  12, 153N, 1582W,  37,    0,   ,   0,    ,    0,    0,    0,    0, 
CP, 02, 2026082318, 03, HCCA,  24, 158N, 1608W,  36,    0,   ,   0,    ,    0,    0,    0,    0, 
CP, 02, 2026082318, 03, HCCA,  36, 161N, 1632W,  36,    0,   ,   0,    ,    0,    0,    0,    0, 
CP, 02, 2026082318, 03, HCCA,  48, 167N, 1657W,  37,    0,   ,   0,    ,    0,    0,    0,    0, 
CP, 02, 2026082318, 03, HCCA,  60, 173N, 1686W,  36,    0,   ,   0,    ,    0,    0,    0,    0, 
CP, 02, 2026082318, 03, HCCA,  72, 173N, 1714W,  31,    0,   ,   0,    ,    0,    0,    0,    0, 
CP, 02, 2026082318, 03, HCCA,  84, 177N, 1736W,  25,    0,   ,   0,    ,    0,    0,    0,    0, 
CP, 02, 2026082318, 03, HCCA,  96, 181N, 1761W,  22,    0,   ,   0,    ,    0,    0,    0,    0, 
CP, 02, 2026082318, 03, HCCA, 108, 186N, 1786W,  20,    0,   ,   0,    ,    0,    0,    0,    0, 
CP, 02, 2026082318, 03, HCCA, 120, 191N, 1788E,  20,    0,   ,   0,    ,    0,    0,    0,    0, 
CP, 02, 2026082318, 03, HCCA, 132, 200N, 1769E,   0,    0,   ,   0,    ,    0,    0,    0,    0, 
CP, 02, 2026082400, 03,  UKX,   0, 150N, 1569W,  27, 1006, XX,  34, NEQ,    0,    0,    0,    0, 
CP, 02, 2026082400, 03,  UKX,   6, 149N, 1583W,  26, 1009, XX,  34, NEQ,    0,    0,    0,    0, 
CP, 02, 2026082400, 03,  UKX,  12, 151N, 1598W,  25, 1007, XX,  34, NEQ,    0,    0,    0,    0, 
CP, 02, 2026082400, 03,  UKX,  18, 155N, 1613W,  24, 1010, XX,  34, NEQ,    0,    0,    0,    0, 
CP, 02, 2026082400, 03,  UKX,  24, 159N, 1626W,  25, 1008, XX,  34, NEQ,    0,    0,    0,    0, 
CP, 02, 2026082400, 03,  UKX,  30, 161N, 1641W,  25, 1011, XX,  34, NEQ,    0,    0,    0,    0, 
CP, 02, 2026082400, 03,  UKX,  36, 160N, 1657W,  23, 1008, XX,  34, NEQ,    0,    0,    0,    0, 
CP, 02, 2026082400, 03,  UKX,  42, 162N, 1671W,  25, 1010, XX,  34, NEQ,    0,    0,    0,    0, 
CP, 02, 2026082400, 03,  UKX,  48, 163N, 1686W,  25, 1009, XX,  34, NEQ,    0,    0,    0,    0, 
CP, 02, 2026082400, 03,  UKX,  54, 163N, 1702W,  25, 1010, XX,  34, NEQ,    0,    0,    0,    0, 
CP, 02, 2026082400, 03,  UKX,  60, 166N, 1718W,  23, 1010, XX,  34, NEQ,    0,    0,    0,    0, 
CP, 02, 2026082400, 03,  UKX,  66, 167N, 1735W,  23, 1010, XX,  34, NEQ,    0,    0,    0,    0, 
CP, 02, 2026082400, 03,  UKX,  72, 166N, 1750W,  24, 1009, XX,  34, NEQ,    0,    0,    0,    0, 
CP, 02, 2026082400, 03,  UKX,  78, 163N, 1765W,  23, 1009, XX,  34, NEQ,    0,    0,    0,    0, 
CP, 02, 2026082400, 03,  UKX,  84, 160N, 1781W,  22, 1009, XX,  34, NEQ,    0,    0,    0,    0, 
CP, 02, 2026082400, 03,  UKX,  90, 159N, 1795W,  21, 1009, XX,  34, NEQ,    0,    0,    0,    0, 
CP, 02, 2026082400, 03,  UKX,  96, 157N, 1797E,  22, 1008, XX,  34, NEQ,    0,    0,    0,    0, 
CP, 02, 2026082400, 03,  UKX, 102, 161N, 1784E,  22, 1007, XX,  34, NEQ,    0,    0,    0,    0, 
CP, 02, 2026082400, 03,  UKX, 108, 167N, 1772E,  23, 1009, XX,  34, NEQ,    0,    0,    0,    0, 
CP, 02, 2026082400, 03,  UKX, 114, 173N, 1763E,  23, 1008, XX,  34, NEQ,    0,    0,    0,    0, 
CP, 02, 2026082400, 03,  UKX, 120, 184N, 1755E,  22, 1008, XX,  34, NEQ,    0,    0,    0,    0, 
CP, 02, 2026082400, 03,  UKX, 126, 194N, 1748E,  22, 1008, XX,  34, NEQ,    0,    0,    0,    0, 
CP, 02, 2026082400, 03,  UKX, 132, 205N, 1742E,  21, 1009, XX,  34, NEQ,    0,    0,    0,    0, 
CP, 02, 2026082400, 03,  UKX, 138, 216N, 1737E,  21, 1008, XX,  34, NEQ,    0,    0,    0,    0, 
CP, 02, 2026082400, 03,  UKX, 144, 226N, 1734E,  21, 1008, XX,  34, NEQ,    0,    0,    0,    0, 
CP, 02, 2026082400, 03, AVNO,   0, 154N, 1569W,  31, 1004, XX,  34, NEQ,    0,    0,    0,    0, 1008,   55,  23,   0,   0, 
CP, 02, 2026082400, 03, AVNO,   6, 153N, 1579W,  27, 1005, XX,  34, NEQ,    0,    0,    0,    0, 1009,   82,  26,   0,   0, 
CP, 02, 2026082400, 03, AVNO,  12, 156N, 1593W,  29, 1005, XX,  34, NEQ,    0,    0,    0,    0,  -99,  -99,  26,   0,   0, 
CP, 02, 2026082400, 03, AVNO,  18, 159N, 1609W,  28, 1008, XX,  34, NEQ,    0,    0,    0,    0,  -99,  -99,  33,   0,   0, 
CP, 02, 2026082400, 03, AVNO,  24, 167N, 1623W,  27, 1007, XX,  34, NEQ,    0,    0,    0,    0,  -99,  -99,  19,   0,   0, 
CP, 02, 2026082400, 03, AVNO,  30, 168N, 1637W,  26, 1009, XX,  34, NEQ,    0,    0,    0,    0,  -99,  -99,  43,   0,   0, 
CP, 02, 2026082400, 03, AVNO,  36, 169N, 1650W,  23, 1008, XX,  34, NEQ,    0,    0,    0,    0,  -99,  -99,  48,   0,   0, 
CP, 02, 2026082400, 03, AVNO,  42, 173N, 1664W,  22, 1009, XX,  34, NEQ,    0,    0,    0,    0,  -99,  -99,  89,   0,   0, 
CP, 02, 2026082400, 03, AVNO,  48, 176N, 1678W,  21, 1010, XX,  34, NEQ,    0,    0,    0,    0,  -99,  -99,  32,   0,   0, 
CP, 02, 2026082400, 03, AVNO,  54, 178N, 1692W,  21, 1010, XX,  34, NEQ,    0,    0,    0,    0,  -99,  -99, 147,   0,   0, 
CP, 02, 2026082400, 03, AVNO,  60, 177N, 1706W,  20, 1011, XX,  34, NEQ,    0,    0,    0,    0,  -99,  -99,  85,   0,   0, 
CP, 02, 2026082400, 03, AVNO,  66, 169N, 1723W,  19, 1011, XX,  34, NEQ,    0,    0,    0,    0,  -99,  -99, 153,   0,   0, 
CP, 02, 2026082400, 03, AVNO,  72, 171N, 1735W,  19, 1011, XX,  34, NEQ,    0,    0,    0,    0,  -99,  -99, 157,   0,   0, 
CP, 02, 2026082400, 03, AVNO,  78, 172N, 1748W,  20, 1010, XX,  34, NEQ,    0,    0,    0,    0,  -99,  -99, 161,   0,   0, 
CP, 02, 2026082400, 03, AVNO,  84, 173N, 1761W,  18, 1010, XX,  34, NEQ,    0,    0,    0,    0,  -99,  -99, 148,   0,   0, 
CP, 02, 2026082400, 03, AVNO,  90, 175N, 1773W,  16, 1010, XX,  34, NEQ,    0,    0,    0,    0,  -99,  -99, 117,   0,   0, 
CP, 02, 2026082400, 03, AVNO,  96, 176N, 1785W,  17, 1011, XX,  34, NEQ,    0,    0,    0,    0,  -99,  -99, 111,   0,   0, 
CP, 02, 2026082400, 03, AVNO, 102, 176N, 1797W,  16, 1010, XX,  34, NEQ,    0,    0,    0,    0,  -99,  -99, 157,   0,   0, 
CP, 02, 2026082400, 03, AVNO, 108, 182N, 1792E,  17, 1010, XX,  34, NEQ,    0,    0,    0,    0,  -99,  -99, 113,   0,   0, 
CP, 02, 2026082400, 03, AVNO, 114, 183N, 1780E,  18, 1010, XX,  34, NEQ,    0,    0,    0,    0,  -99,  -99, 120,   0,   0, 
CP, 02, 2026082400, 03, AVNO, 120, 187N, 1775E,  16, 1011, XX,  34, NEQ,    0,    0,    0,    0,  -99,  -99, 106,   0,   0, 
CP, 02, 2026082400, 03, AVNO, 126, 190N, 1760E,  16, 1009, XX,  34, NEQ,    0,    0,    0,    0,  -99,  -99, 130,   0,   0, 
CP, 02, 2026082400, 03, AVNO, 132, 192N, 1752E,  16, 1011, XX,  34, NEQ,    0,    0,    0,    0,  -99,  -99, 144,   0,   0, 
CP, 02, 2026082400, 03, AVNO, 138, 197N, 1741E,  17, 1010, XX,  34, NEQ,    0,    0,    0,    0,  -99,  -99, 155,   0,   0, 
CP, 02, 2026082400, 03, AVNO, 144, 202N, 1738E,  16, 1011, XX,  34, NEQ,    0,    0,    0,    0,  -99,  -99, 138,   0,   0, 
CP, 02, 2026082400, 03, AVNO, 150, 214N, 1737E,  13, 1011, XX,  34, NEQ,    0,    0,    0,    0,  -99,  -99, 146,   0,   0, 
CP, 02, 2026082400, 03, AVNO, 156, 224N, 1728E,  15, 1012, XX,  34, NEQ,    0,    0,    0,    0,  -99,  -99, 130,   0,   0, 
CP, 02, 2026082400, 03, HFSA,   0, 152N, 1567W,  35, 1004, XX,  34, NEQ,   40,    0,    0,   39, 1008,   60,  35,   0,   0,    ,   0,    , 276,  10,           ,  ,  0,    ,    0,    0,    0,    0, THERMO PARAMS, -87, 135, -164, N, 10, DT, -999, SHR82, -99, 
CP, 02, 2026082400, 03, HFSA,   6, 153N, 1579W,  31, 1005, XX,  34, NEQ,    0,    0,    0,    0, 1009,   46,  36,   0,   0,    ,   0,    , 279,  12,           ,  ,  0,    ,    0,    0,    0,    0, THERMO PARAMS, -59, 1063, 130, N, 10, DT, -999, SHR82, -99, 
CP, 02, 2026082400, 03, HFSA,  12, 158N, 1595W,  37, 1005, XX,  34, NEQ,   37,    0,    0,    0,  -99,  -99,  29,   0,   0,    ,   0,    , 292,  14,           ,  ,  0,    ,    0,    0,    0,    0, THERMO PARAMS, -50, 541, 111, N, 10, DT, -999, SHR82, -99, 
CP, 02, 2026082400, 03, HFSA,  18, 166N, 1610W,  42, 1003, XX,  34, NEQ,   55,    0,    0,    0, 1007,    9,  35,   0,   0,    ,   0,    , 294,  13,           ,  ,  0,    ,    0,    0,    0,    0, THERMO PARAMS, -30, 431, 248, N, 10, DT, -999, SHR82, -99, 
CP, 02, 2026082400, 03, HFSA,  24, 172N, 1626W,  37, 1003, XX,  34, NEQ,   40,    0,    0,    0, 1007,    9,  38,   0,   0,    ,   0,    , 300,  13,           ,  ,  0,    ,    0,    0,    0,    0, THERMO PARAMS, -29, 28, 257, N, 10, DT, -999, SHR82, -99, 
CP, 02, 2026082400, 03, HFSA,  30, 176N, 1637W,  40, 1002, XX,  34, NEQ,   36,    0,    0,   23, 1010,   42,  35,   0,   0,    ,   0,    , 297,  11,           ,  ,  0,    ,    0,    0,    0,    0, THERMO PARAMS, -11, 225, 410, N, 10, DT, -999, SHR82, -99, 
CP, 02, 2026082400, 03, HFSA,  36, 177N, 1650W,  38, 1002, XX,  34, NEQ,    0,    0,    0,    0, 1006,    5,  49,   0,   0,    ,   0,    , 290,  10,           ,  ,  0,    ,    0,    0,    0,    0, THERMO PARAMS, -63, 602, 274, N, 10, DT, -999, SHR82, -99, 
CP, 02, 2026082400, 03, HFSA,  42, 176N, 1663W,  34, 1009, XX,  34, NEQ,    0,    0,    0,    0,  -99,  -99,  89,   0,   0,    ,   0,    , 286,  12,           ,  ,  0,    ,    0,    0,    0,    0, THERMO PARAMS, -49, -200, -109, N, 10, DT, -999, SHR82, -99, 
CP, 02, 2026082400, 03, HFSA,  48, 182N, 1676W,  32, 1009, XX,  34, NEQ,    0,    0,    0,    0,  -99,  -99,  66,   0,   0,    ,   0,    , 299,  13,           ,  ,  0,    ,    0,    0,    0,    0, THERMO PARAMS, -37, 0, 193, N, 10, DT, -999, SHR82, -99, 
CP, 02, 2026082400, 03, HFSA,  54, 187N, 1689W,  37, 1010, XX,  34, NEQ,   55,    0,    0,    0,  -99,  -99,  41,   0,   0,    ,   0,    , 283,  11,           ,  ,  0,    ,    0,    0,    0,    0, THERMO PARAMS, -56, 149, 442, N, 10, DT, -999, SHR82, -99, 
CP, 02, 2026082400, 03, HFSA,  60, 188N, 1701W,  28, 1011, XX,  34, NEQ,    0,    0,    0,    0,  -99,  -99,  98,   0,   0,    ,   0,    , 273,  13,           ,  ,  0,    ,    0,    0,    0,    0, THERMO PARAMS, -69, 256, 215, N, 10, DT, -999, SHR82, -99, 
CP, 02, 2026082400, 03, HFSA,  66, 193N, 1714W,  28, 1010, XX,  34, NEQ,    0,    0,    0,    0,  -99,  -99,  51,   0,   0,    ,   0,    , 277,  10,           ,  ,  0,    ,    0,    0,    0,    0, THERMO PARAMS, -64, -61, 162, N, 10, DT, -999, SHR82, -99, 
CP, 02, 2026082400, 03, HFSA,  72, 194N, 1727W,  29, 1010, XX,  34, NEQ,    0,    0,    0,    0,  -99,  -99, 154,   0,   0,    ,   0,    , 278,   9,           ,  ,  0,    ,    0,    0,    0,    0, THERMO PARAMS, -73, -314, 223, N, 10, DT, -999, SHR82, -99, 
CP, 02, 2026082400, 03, HFSA,  78, 197N, 1737W,  34, 1009, XX,  34, NEQ,    0,    0,    0,    0,  -99,  -99,  85,   0,   0,    ,   0,    , 272,   9,           ,  ,  0,    ,    0,    0,    0,    0, THERMO PARAMS, -78, 181, 132, N, 10, DT, -999, SHR82, -99, 
CP, 02, 2026082400, 03, HFSA,  84, 196N, 1751W,  24, 1010, XX,  34, NEQ,    0,    0,    0,    0,  -99,  -99, 105,   0,   0,    ,   0,    , 267,  11,           ,  ,  0,    ,    0,    0,    0,    0, THERMO PARAMS, -60, 187, -399, N, 10, DT, -999, SHR82, -99, 
CP, 02, 2026082400, 03, HFSA,  90, 197N, 1763W,  23, 1010, XX,  34, NEQ,    0,    0,    0,    0,  -99,  -99,  73,   0,   0,    ,   0,    , 269,  10,           ,  ,  0,    ,    0,    0,    0,    0, THERMO PARAMS, -65, 2, -349, N, 10, DT, -999, SHR82, -99, 
CP, 02, 2026082400, 03, HFSA,  96, 196N, 1774W,  26, 1010, XX,  34, NEQ,    0,    0,    0,    0,  -99,  -99, 101,   0,   0,    ,   0,    , 266,   9,           ,  ,  0,    ,    0,    0,    0,    0, THERMO PARAMS, -56, 91, -393, N, 10, DT, -999, SHR82, -99, 
CP, 02, 2026082400, 03, HFSA, 102, 195N, 1788W,  22, 1009, XX,  34, NEQ,    0,    0,    0,    0,  -99,  -99, 101,   0,   0,    ,   0,    , 260,  12,           ,  ,  0,    ,    0,    0,    0,    0, THERMO PARAMS, -22, 320, -551, N, 10, DT, -999, SHR82, -99, 
CP, 02, 2026082400, 03, HFSA, 108, 202N, 1800W,  27, 1010, XX,  34, NEQ,    0,    0,    0,    0,  -99,  -99,  31,   0,   0,    ,   0,    , 294,  12,           ,  ,  0,    ,    0,    0,    0,    0, THERMO PARAMS, -53, -68, 260, N, 10, DT, -999, SHR82, -99, 
CP, 02, 2026082400, 03, HFSA, 114, 205N, 1788E,  25, 1010, XX,  34, NEQ,    0,    0,    0,    0,  -99,  -99,  86,   0,   0,    ,   0,    , 276,   9,           ,  ,  0,    ,    0,    0,    0,    0, THERMO PARAMS, -38, 206, -283, N, 10, DT, -999, SHR82, -99, 
CP, 02, 2026082400, 03, HFSA, 120, 212N, 1780E,  27, 1009, XX,  34, NEQ,    0,    0,    0,    0,  -99,  -99,  90,   0,   0,    ,   0,    , 311,   8,           ,  ,  0,    ,    0,    0,    0,    0, THERMO PARAMS, -69, 210, 16, N, 10, DT, -999, SHR82, -99, 
CP, 02, 2026082400, 03, HFSA, 126, 218N, 1765E,  23, 1008, XX,  34, NEQ,    0,    0,    0,    0,  -99,  -99, 134,   0,   0,    ,   0,    , -99, -99,           ,  ,  0,    ,    0,    0,    0,    0, THERMO PARAMS, -9999, -9999, -9999, N, 10, DT, -999, SHR82, -99, 
CP, 02, 2026082400, 03, TVCN,   0, 152N, 1567W,   0,    0,   ,   0,    ,    0,    0,    0,    0, 
CP, 02, 2026082400, 03, TVCN,  12, 154N, 1591W,   0,    0,   ,   0,    ,    0,    0,    0,    0, 
CP, 02, 2026082400, 03, TVCN,  24, 158N, 1617W,   0,    0,   ,   0,    ,    0,    0,    0,    0, 
CP, 02, 2026082400, 03, TVCN,  36, 163N, 1643W,   0,    0,   ,   0,    ,    0,    0,    0,    0, 
CP, 02, 2026082400, 03, TVCN,  48, 167N, 1669W,   0,    0,   ,   0,    ,    0,    0,    0,    0, 
CP, 02, 2026082400, 03, TVCN,  60, 169N, 1696W,   0,    0,   ,   0,    ,    0,    0,    0,    0, 
CP, 02, 2026082400, 03, TVCN,  72, 170N, 1723W,   0,    0,   ,   0,    ,    0,    0,    0,    0, 
CP, 02, 2026082400, 03, TVCN,  84, 174N, 1746W,   0,    0,   ,   0,    ,    0,    0,    0,    0, 
CP, 02, 2026082400, 03, TVCN,  96, 177N, 1769W,   0,    0,   ,   0,    ,    0,    0,    0,    0, 
CP, 02, 2026082400, 03, TVCN, 108, 183N, 1779W,   0,    0,   ,   0,    ,    0,    0,    0,    0, 
CP, 02, 2026082400, 03, TVCN, 120, 189N, 1796W,   0,    0,   ,   0,    ,    0,    0,    0,    0, 
CP, 02, 2026082400, 03, TVCN, 132, 196N, 1787E,   0,    0,   ,   0,    ,    0,    0,    0,    0, 
CP, 02, 2026082400, 03, HCCA,   0, 152N, 1567W,  35,    0,   ,   0,    ,    0,    0,    0,    0, 
CP, 02, 2026082400, 03, HCCA,  12, 154N, 1590W,  33,    0,   ,   0,    ,    0,    0,    0,    0, 
CP, 02, 2026082400, 03, HCCA,  24, 159N, 1614W,  35,    0,   ,   0,    ,    0,    0,    0,    0, 
CP, 02, 2026082400, 03, HCCA,  36, 163N, 1640W,  33,    0,   ,   0,    ,    0,    0,    0,    0, 
CP, 02, 2026082400, 03, HCCA,  48, 168N, 1665W,  35,    0,   ,   0,    ,    0,    0,    0,    0, 
CP, 02, 2026082400, 03, HCCA,  60, 172N, 1692W,  34,    0,   ,   0,    ,    0,    0,    0,    0, 
CP, 02, 2026082400, 03, HCCA,  72, 175N, 1720W,  28,    0,   ,   0,    ,    0,    0,    0,    0, 
CP, 02, 2026082400, 03, HCCA,  84, 180N, 1745W,  23,    0,   ,   0,    ,    0,    0,    0,    0, 
CP, 02, 2026082400, 03, HCCA,  96, 183N, 1768W,  22,    0,   ,   0,    ,    0,    0,    0,    0, 
CP, 02, 2026082400, 03, HCCA, 108, 186N, 1787W,  23,    0,   ,   0,    ,    0,    0,    0,    0, 
CP, 02, 2026082400, 03, HCCA, 120, 193N, 1796E,  23,    0,   ,   0,    ,    0,    0,    0,    0, 
CP, 02, 2026082406, 03, AVNO,   0, 154N, 1578W,  27, 1005, XX,  34, NEQ,    0,    0,    0,    0, 1009,   66,  23,   0,   0, 
CP, 02, 2026082406, 03, AVNO,   6, 157N, 1591W,  30, 1005, XX,  34, NEQ,    0,    0,    0,    0, 1009,  126,  28,   0,   0, 
CP, 02, 2026082406, 03, AVNO,  12, 161N, 1606W,  30, 1007, XX,  34, NEQ,    0,    0,    0,    0, 1011,  206,  31,   0,   0, 
CP, 02, 2026082406, 03, AVNO,  18, 167N, 1619W,  27, 1007, XX,  34, NEQ,    0,    0,    0,    0,  -99,  -99,  29,   0,   0, 
CP, 02, 2026082406, 03, AVNO,  24, 173N, 1634W,  27, 1008, XX,  34, NEQ,    0,    0,    0,    0,  -99,  -99,  70,   0,   0, 
CP, 02, 2026082406, 03, AVNO,  30, 174N, 1648W,  23, 1008, XX,  34, NEQ,    0,    0,    0,    0,  -99,  -99,  75,   0,   0, 
CP, 02, 2026082406, 03, AVNO,  36, 178N, 1661W,  24, 1009, XX,  34, NEQ,    0,    0,    0,    0,  -99,  -99,  44,   0,   0, 
CP, 02, 2026082406, 03, AVNO,  42, 182N, 1676W,  23, 1009, XX,  34, NEQ,    0,    0,    0,    0,  -99,  -99,  53,   0,   0, 
CP, 02, 2026082406, 03, AVNO,  48, 183N, 1692W,  20, 1010, XX,  34, NEQ,    0,    0,    0,    0,  -99,  -99, 120,   0,   0, 
CP, 02, 2026082406, 03, AVNO,  54, 182N, 1705W,  20, 1010, XX,  34, NEQ,    0,    0,    0,    0,  -99,  -99, 141,   0,   0, 
CP, 02, 2026082406, 03, AVNO,  60, 183N, 1718W,  19, 1010, XX,  34, NEQ,    0,    0,    0,    0,  -99,  -99, 135,   0,   0, 
CP, 02, 2026082406, 03, AVNO,  66, 181N, 1731W,  19, 1010, XX,  34, NEQ,    0,    0,    0,    0,  -99,  -99, 158,   0,   0, 
CP, 02, 2026082406, 03, AVNO,  72, 181N, 1745W,  19, 1010, XX,  34, NEQ,    0,    0,    0,    0,  -99,  -99, 134,   0,   0, 
CP, 02, 2026082406, 03, AVNO,  78, 179N, 1756W,  18, 1010, XX,  34, NEQ,    0,    0,    0,    0,  -99,  -99, 107,   0,   0, 
CP, 02, 2026082406, 03, AVNO,  84, 183N, 1769W,  16, 1010, XX,  34, NEQ,    0,    0,    0,    0,  -99,  -99, 121,   0,   0, 
CP, 02, 2026082406, 03, AVNO,  90, 185N, 1780W,  17, 1011, XX,  34, NEQ,    0,    0,    0,    0,  -99,  -99,  93,   0,   0, 
CP, 02, 2026082406, 03, AVNO,  96, 187N, 1792W,  17, 1009, XX,  34, NEQ,    0,    0,    0,    0,  -99,  -99, 117,   0,   0, 
CP, 02, 2026082406, 03, AVNO, 102, 190N, 1796E,  18, 1010, XX,  34, NEQ,    0,    0,    0,    0,  -99,  -99, 125,   0,   0, 
CP, 02, 2026082406, 03, AVNO, 108, 193N, 1787E,  18, 1010, XX,  34, NEQ,    0,    0,    0,    0,  -99,  -99, 147,   0,   0, 
CP, 02, 2026082406, 03, AVNO, 114, 198N, 1777E,  17, 1011, XX,  34, NEQ,    0,    0,    0,    0,  -99,  -99, 114,   0,   0, 
CP, 02, 2026082406, 03, AVNO, 120, 199N, 1765E,  18, 1009, XX,  34, NEQ,    0,    0,    0,    0,  -99,  -99, 138,   0,   0, 
CP, 02, 2026082406, 03, HFSA,   0, 153N, 1578W,  31, 1003, XX,  34, NEQ,    0,    0,    0,    0, 1007,   37,  29,   0,   0,    ,   0,    , 277,  10,           ,  ,  0,    ,    0,    0,    0,    0, THERMO PARAMS, -83, 506, -146, N, 10, DT, -999, SHR82, -99, 
CP, 02, 2026082406, 03, HFSA,   6, 157N, 1593W,  56,  993, XX,  34, NEQ,   36,    0,    0,   42,  997,    4,  20,   0,   0,    ,   0,    , 289,  16,           ,  ,  0,    ,    0,    0,    0,    0, THERMO PARAMS, -46, 284, 401, N, 10, DT, -999, SHR82, -99, 
CP, 02, 2026082406, 03, HFSA,   6, 157N, 1593W,  56,  993, XX,  50, NEQ,    0,    0,    0,   21,  997,    4,  20,   0,   0,    ,   0,    , 289,  16,           ,  ,  0,    ,    0,    0,    0,    0, THERMO PARAMS, -46, 284, 401, N, 10, DT, -999, SHR82, -99, 
CP, 02, 2026082406, 03, HFSA,  12, 162N, 1606W,  37, 1007, XX,  34, NEQ,   57,    0,    0,   34,  -99,  -99,  19,   0,   0,    ,   0,    , 295,  13,           ,  ,  0,    ,    0,    0,    0,    0, THERMO PARAMS, -32, -387, 272, N, 10, DT, -999, SHR82, -99, 
CP, 02, 2026082406, 03, HFSA,  18, 166N, 1619W,  28, 1008, XX,  34, NEQ,    0,    0,    0,    0,  -99,  -99,  93,   0,   0,    ,   0,    , 298,  10,           ,  ,  0,    ,    0,    0,    0,    0, THERMO PARAMS, -26, -331, 158, N, 10, DT, -999, SHR82, -99, 
CP, 02, 2026082406, 03, HFSA,  24, 174N, 1629W,  35, 1004, XX,  34, NEQ,    0,    0,    0,    0, 1008,    9,  39,   0,   0,    ,   0,    , 299,  10,           ,  ,  0,    ,    0,    0,    0,    0, THERMO PARAMS, -7, 91, 295, N, 10, DT, -999, SHR82, -99, 
CP, 02, 2026082406, 03, HFSA,  30, 177N, 1640W,  32, 1009, XX,  34, NEQ,    0,    0,    0,    0,  -99,  -99,  27,   0,   0,    ,   0,    , 286,  11,           ,  ,  0,    ,    0,    0,    0,    0, THERMO PARAMS, -62, -52, 231, N, 10, DT, -999, SHR82, -99, 
CP, 02, 2026082406, 03, HFSA,  36, 182N, 1656W,  28, 1009, XX,  34, NEQ,    0,    0,    0,    0,  -99,  -99,  67,   0,   0,    ,   0,    , 293,  13,           ,  ,  0,    ,    0,    0,    0,    0, THERMO PARAMS, -48, 252, 163, N, 10, DT, -999, SHR82, -99, 
CP, 02, 2026082406, 03, HFSA,  42, 187N, 1670W,  29, 1009, XX,  34, NEQ,    0,    0,    0,    0,  -99,  -99,  69,   0,   0,    ,   0,    , 294,  10,           ,  ,  0,    ,    0,    0,    0,    0, THERMO PARAMS, -70, -452, 68, N, 10, DT, -999, SHR82, -99, 
CP, 02, 2026082406, 03, HFSA,  48, 198N, 1681W,  31, 1005, XX,  34, NEQ,    0,    0,    0,    0, 1009,   11,  14,   0,   0,    ,   0,    , 312,  11,           ,  ,  0,    ,    0,    0,    0,    0, THERMO PARAMS, -57, 223, 87, N, 10, DT, -999, SHR82, -99, 
CP, 02, 2026082406, 03, HFSA,  54, 205N, 1692W,  34, 1004, XX,  34, NEQ,    0,    0,    0,    0, 1008,    6,  14,   0,   0,    ,   0,    , 290,   8,           ,  ,  0,    ,    0,    0,    0,    0, THERMO PARAMS, -95, 322, 371, N, 10, DT, -999, SHR82, -99, 
CP, 02, 2026082406, 03, HFSA,  60, 206N, 1702W,  30, 1010, XX,  34, NEQ,    0,    0,    0,    0,  -99,  -99,  25,   0,   0,    ,   0,    , 275,  10,           ,  ,  0,    ,    0,    0,    0,    0, THERMO PARAMS, -140, 191, 242, N, 10, DT, -999, SHR82, -99, 
CP, 02, 2026082406, 03, HFSA,  66, 208N, 1714W,  30, 1010, XX,  34, NEQ,    0,    0,    0,    0,  -99,  -99,  57,   0,   0,    ,   0,    , 282,  10,           ,  ,  0,    ,    0,    0,    0,    0, THERMO PARAMS, -9999, -9999, -9999, N, 10, DT, -999, SHR82, -99, 
CP, 02, 2026082406, 03, HFSA,  72, 207N, 1727W,  26, 1009, XX,  34, NEQ,    0,    0,    0,    0,  -99,  -99,  57,   0,   0,    ,   0,    , 273,  10,           ,  ,  0,    ,    0,    0,    0,    0, THERMO PARAMS, -9999, -9999, -9999, N, 10, DT, -999, SHR82, -99, 
CP, 02, 2026082406, 03, HFSA,  78, 206N, 1738W,  23, 1010, XX,  34, NEQ,    0,    0,    0,    0,  -99,  -99,  68,   0,   0,    ,   0,    , 283,   9,           ,  ,  0,    ,    0,    0,    0,    0, THERMO PARAMS, -9999, -9999, -9999, N, 10, DT, -999, SHR82, -99, 
CP, 02, 2026082406, 03, HFSA,  84, 200N, 1738W,  20, 1011, XX,  34, NEQ,    0,    0,    0,    0,  -99,  -99, 161,   0,   0,    ,   0,    , 200,   2,           ,  ,  0,    ,    0,    0,    0,    0, THERMO PARAMS, -9999, -9999, -9999, N, 10, DT, -999, SHR82, -99, 
CP, 02, 2026082406, 03, HFSA,  90, 189N, 1731W,  22, 1010, XX,  34, NEQ,    0,    0,    0,    0,  -99,  -99,  55,   0,   0,    ,   0,    , 183,   2,           ,  ,  0,    ,    0,    0,    0,    0, THERMO PARAMS, -9999, -9999, -9999, N, 10, DT, -999, SHR82, -99, 
CP, 02, 2026082406, 03, TVCN,   0, 153N, 1578W,   0,    0,   ,   0,    ,    0,    0,    0,    0, 
CP, 02, 2026082406, 03, TVCN,  12, 158N, 1604W,   0,    0,   ,   0,    ,    0,    0,    0,    0, 
CP, 02, 2026082406, 03, TVCN,  24, 165N, 1631W,   0,    0,   ,   0,    ,    0,    0,    0,    0, 
CP, 02, 2026082406, 03, TVCN,  36, 169N, 1659W,   0,    0,   ,   0,    ,    0,    0,    0,    0, 
CP, 02, 2026082406, 03, TVCN,  48, 173N, 1687W,   0,    0,   ,   0,    ,    0,    0,    0,    0, 
CP, 02, 2026082406, 03, TVCN,  60, 183N, 1715W,   0,    0,   ,   0,    ,    0,    0,    0,    0, 
CP, 02, 2026082406, 03, TVCN,  72, 184N, 1741W,   0,    0,   ,   0,    ,    0,    0,    0,    0, 
CP, 02, 2026082406, 03, TVCN,  84, 184N, 1766W,   0,    0,   ,   0,    ,    0,    0,    0,    0, 
CP, 02, 2026082406, 03, TVCN,  96, 187N, 1791W,   0,    0,   ,   0,    ,    0,    0,    0,    0, 
CP, 02, 2026082406, 03, TVCN, 108, 194N, 1786E,   0,    0,   ,   0,    ,    0,    0,    0,    0, 
CP, 02, 2026082406, 03, TVCN, 120, 203N, 1762E,   0,    0,   ,   0,    ,    0,    0,    0,    0, 
CP, 02, 2026082406, 03, HCCA,   0, 153N, 1578W,  30,    0,   ,   0,    ,    0,    0,    0,    0, 
CP, 02, 2026082406, 03, HCCA,  12, 157N, 1603W,  31,    0,   ,   0,    ,    0,    0,    0,    0, 
CP, 02, 2026082406, 03, HCCA,  24, 162N, 1627W,  33,    0,   ,   0,    ,    0,    0,    0,    0, 
CP, 02, 2026082406, 03, HCCA,  36, 166N, 1653W,  34,    0,   ,   0,    ,    0,    0,    0,    0, 
CP, 02, 2026082406, 03, HCCA,  48, 172N, 1680W,  33,    0,   ,   0,    ,    0,    0,    0,    0, 
CP, 02, 2026082406, 03, HCCA,  60, 180N, 1705W,  30,    0,   ,   0,    ,    0,    0,    0,    0, 
CP, 02, 2026082406, 03, HCCA,  72, 186N, 1728W,  26,    0,   ,   0,    ,    0,    0,    0,    0, 
CP, 02, 2026082406, 03, HCCA,  84, 189N, 1752W,  22,    0,   ,   0,    ,    0,    0,    0,    0, 
CP, 02, 2026082406, 03, HCCA,  96, 191N, 1775W,  22,    0,   ,   0,    ,    0,    0,    0,    0, 
CP, 02, 2026082406, 03, HCCA, 108, 199N, 1798W,  23,    0,   ,   0,    ,    0,    0,    0,    0, 
CP, 02, 2026082406, 03, HCCA, 120, 209N, 1780E,  21,    0,   ,   0,    ,    0,    0,    0,    0, 
CP, 02, 2026082412, 03,  UKX,   0, 149N, 1595W,  24, 1007, XX,  34, NEQ,    0,    0,    0,    0, 
CP, 02, 2026082412, 03,  UKX,   6, 153N, 1610W,  22, 1010, XX,  34, NEQ,    0,    0,    0,    0, 
CP, 02, 2026082412, 03,  UKX,  12, 156N, 1621W,  24, 1008, XX,  34, NEQ,    0,    0,    0,    0, 
CP, 02, 2026082412, 03,  UKX,  18, 158N, 1635W,  24, 1011, XX,  34, NEQ,    0,    0,    0,    0, 
CP, 02, 2026082412, 03,  UKX,  24, 157N, 1647W,  23, 1009, XX,  34, NEQ,    0,    0,    0,    0, 
CP, 02, 2026082412, 03,  UKX,  30, 160N, 1662W,  22, 1011, XX,  34, NEQ,    0,    0,    0,    0, 
CP, 02, 2026082412, 03,  UKX,  36, 164N, 1676W,  22, 1009, XX,  34, NEQ,    0,    0,    0,    0, 
CP, 02, 2026082412, 03,  UKX,  42, 166N, 1692W,  23, 1011, XX,  34, NEQ,    0,    0,    0,    0, 
CP, 02, 2026082412, 03,  UKX,  48, 169N, 1710W,  22, 1010, XX,  34, NEQ,    0,    0,    0,    0, 
CP, 02, 2026082412, 03,  UKX,  54, 172N, 1725W,  23, 1011, XX,  34, NEQ,    0,    0,    0,    0, 
CP, 02, 2026082412, 03,  UKX,  60, 172N, 1739W,  22, 1010, XX,  34, NEQ,    0,    0,    0,    0, 
CP, 02, 2026082412, 03,  UKX,  66, 170N, 1752W,  23, 1009, XX,  34, NEQ,    0,    0,    0,    0, 
CP, 02, 2026082412, 03,  UKX,  72, 166N, 1769W,  22, 1010, XX,  34, NEQ,    0,    0,    0,    0, 
CP, 02, 2026082412, 03,  UKX,  78, 165N, 1784W,  20, 1009, XX,  34, NEQ,    0,    0,    0,    0, 
CP, 02, 2026082412, 03,  UKX,  84, 165N, 1800W,  21, 1009, XX,  34, NEQ,    0,    0,    0,    0, 
CP, 02, 2026082412, 03,  UKX,  90, 166N, 1786E,  21, 1008, XX,  34, NEQ,    0,    0,    0,    0, 
CP, 02, 2026082412, 03,  UKX,  96, 172N, 1771E,  21, 1009, XX,  34, NEQ,    0,    0,    0,    0, 
CP, 02, 2026082412, 03,  UKX, 102, 178N, 1756E,  21, 1008, XX,  34, NEQ,    0,    0,    0,    0, 
CP, 02, 2026082412, 03,  UKX, 108, 186N, 1749E,  21, 1008, XX,  34, NEQ,    0,    0,    0,    0, 
CP, 02, 2026082412, 03,  UKX, 114, 193N, 1742E,  20, 1008, XX,  34, NEQ,    0,    0,    0,    0, 
CP, 02, 2026082412, 03,  UKX, 120, 200N, 1739E,  19, 1009, XX,  34, NEQ,    0,    0,    0,    0, 
CP, 02, 2026082412, 03,  UKX, 126, 206N, 1735E,  20, 1009, XX,  34, NEQ,    0,    0,    0,    0, 
CP, 02, 2026082412, 03,  UKX, 132, 217N, 1739E,  18, 1010, XX,  34, NEQ,    0,    0,    0,    0, 
CP, 02, 2026082412, 03,  UKX, 138, 225N, 1741E,  17, 1010, XX,  34, NEQ,    0,    0,    0,    0, 
CP, 02, 2026082412, 03,  UKX, 144, 230N, 1744E,  18, 1011, XX,  34, NEQ,    0,    0,    0,    0, 
CP, 02, 2026082412, 03, AVNO,   0, 157N, 1593W,  30, 1005, XX,  34, NEQ,    0,    0,    0,    0,  -99,  -99,  15,   0,   0, 
CP, 02, 2026082412, 03, AVNO,   6, 161N, 1609W,  29, 1007, XX,  34, NEQ,    0,    0,    0,    0, 1011,  314,  26,   0,   0, 
CP, 02, 2026082412, 03, AVNO,  12, 165N, 1622W,  27, 1007, XX,  34, NEQ,    0,    0,    0,    0,  -99,  -99,  31,   0,   0, 
CP, 02, 2026082412, 03, AVNO,  18, 168N, 1634W,  26, 1008, XX,  34, NEQ,    0,    0,    0,    0,  -99,  -99,  29,   0,   0, 
CP, 02, 2026082412, 03, AVNO,  24, 169N, 1646W,  26, 1008, XX,  34, NEQ,    0,    0,    0,    0,  -99,  -99,  38,   0,   0, 
CP, 02, 2026082412, 03, AVNO,  30, 172N, 1660W,  23, 1009, XX,  34, NEQ,    0,    0,    0,    0,  -99,  -99,  65,   0,   0, 
CP, 02, 2026082412, 03, AVNO,  36, 176N, 1673W,  22, 1009, XX,  34, NEQ,    0,    0,    0,    0,  -99,  -99,  46,   0,   0, 
CP, 02, 2026082412, 03, AVNO,  42, 179N, 1686W,  21, 1010, XX,  34, NEQ,    0,    0,    0,    0,  -99,  -99,  71,   0,   0, 
CP, 02, 2026082412, 03, AVNO,  48, 180N, 1700W,  21, 1010, XX,  34, NEQ,    0,    0,    0,    0,  -99,  -99, 157,   0,   0, 
CP, 02, 2026082412, 03, AVNO,  54, 181N, 1715W,  20, 1010, XX,  34, NEQ,    0,    0,    0,    0,  -99,  -99, 122,   0,   0, 
CP, 02, 2026082412, 03, AVNO,  60, 182N, 1728W,  20, 1010, XX,  34, NEQ,    0,    0,    0,    0,  -99,  -99, 139,   0,   0, 
CP, 02, 2026082412, 03, AVNO,  66, 182N, 1743W,  19, 1010, XX,  34, NEQ,    0,    0,    0,    0,  -99,  -99, 156,   0,   0, 
CP, 02, 2026082412, 03, AVNO,  72, 180N, 1756W,  18, 1010, XX,  34, NEQ,    0,    0,    0,    0,  -99,  -99, 126,   0,   0, 
CP, 02, 2026082412, 03, AVNO,  78, 166N, 1767W,  15, 1010, XX,  34, NEQ,    0,    0,    0,    0,  -99,  -99, 159,   0,   0, 
CP, 02, 2026082412, 03, AVNO,  84, 158N, 1773W,  15, 1010, XX,  34, NEQ,    0,    0,    0,    0,  -99,  -99, 158,   0,   0, 
CP, 02, 2026082412, 03, AVNO,  90, 164N, 1783W,  17, 1009, XX,  34, NEQ,    0,    0,    0,    0,  -99,  -99, 113,   0,   0, 
CP, 02, 2026082412, 03, AVNO,  96, 170N, 1790W,  18, 1010, XX,  34, NEQ,    0,    0,    0,    0,  -99,  -99, 128,   0,   0, 
CP, 02, 2026082412, 03, HFSA,   0, 155N, 1594W,  31, 1003, XX,  34, NEQ,    0,    0,    0,    0, 1007,   51,  23,   0,   0,    ,   0,    , 283,  12,           ,  ,  0,    ,    0,    0,    0,    0, THERMO PARAMS, -71, 945, 119, N, 10, DT, -999, SHR82, -99, 
CP, 02, 2026082412, 03, HFSA,   6, 161N, 1612W,  39, 1002, XX,  34, NEQ,   32,    0,    0,   32, 1006,    8,  31,   0,   0,    ,   0,    , 294,  14,           ,  ,  0,    ,    0,    0,    0,    0, THERMO PARAMS, -16, -36, 276, N, 10, DT, -999, SHR82, -99, 
CP, 02, 2026082412, 03, HFSA,  12, 162N, 1622W,  37, 1009, XX,  34, NEQ,   70,    0,    0,    0,  -99,  -99,  65,   0,   0,    ,   0,    , 303,  11,           ,  ,  0,    ,    0,    0,    0,    0, THERMO PARAMS, -6, -89, 288, N, 10, DT, -999, SHR82, -99, 
CP, 02, 2026082412, 03, HFSA,  18, 165N, 1636W,  29, 1010, XX,  34, NEQ,    0,    0,    0,    0,  -99,  -99,  73,   0,   0,    ,   0,    , 274,  11,           ,  ,  0,    ,    0,    0,    0,    0, THERMO PARAMS, -58, -38, 293, N, 10, DT, -999, SHR82, -99, 
CP, 02, 2026082412, 03, HFSA,  24, 165N, 1648W,  25, 1010, XX,  34, NEQ,    0,    0,    0,    0,  -99,  -99,  91,   0,   0,    ,   0,    , 284,  11,           ,  ,  0,    ,    0,    0,    0,    0, THERMO PARAMS, -30, -145, 472, N, 10, DT, -999, SHR82, -99, 
CP, 02, 2026082412, 03, HFSA,  30, 170N, 1661W,  22, 1010, XX,  34, NEQ,    0,    0,    0,    0,  -99,  -99,  60,   0,   0,    ,   0,    , 287,  12,           ,  ,  0,    ,    0,    0,    0,    0, THERMO PARAMS, -16, 171, 150, N, 10, DT, -999, SHR82, -99, 
CP, 02, 2026082412, 03, HFSA,  36, 170N, 1675W,  23, 1010, XX,  34, NEQ,    0,    0,    0,    0,  -99,  -99,  49,   0,   0,    ,   0,    , 284,  10,           ,  ,  0,    ,    0,    0,    0,    0, THERMO PARAMS, -33, -47, 123, N, 10, DT, -999, SHR82, -99, 
CP, 02, 2026082412, 03, HFSA,  42, 172N, 1687W,  24, 1010, XX,  34, NEQ,    0,    0,    0,    0,  -99,  -99,  86,   0,   0,    ,   0,    , 282,  10,           ,  ,  0,    ,    0,    0,    0,    0, THERMO PARAMS, 7, 232, 126, N, 10, DT, -999, SHR82, -99, 
CP, 02, 2026082412, 03, HFSA,  48, 174N, 1701W,  24, 1011, XX,  34, NEQ,    0,    0,    0,    0,  -99,  -99, 156,   0,   0,    ,   0,    , 281,  12,           ,  ,  0,    ,    0,    0,    0,    0, THERMO PARAMS, 4, 70, 309, N, 10, DT, -999, SHR82, -99, 
CP, 02, 2026082412, 03, HFSA,  54, 177N, 1712W,  19, 1011, XX,  34, NEQ,    0,    0,    0,    0,  -99,  -99,  45,   0,   0,    ,   0,    , 286,   9,           ,  ,  0,    ,    0,    0,    0,    0, THERMO PARAMS, -11, -7, 104, N, 10, DT, -999, SHR82, -99, 
CP, 02, 2026082412, 03, HFSA,  60, 179N, 1725W,  19, 1010, XX,  34, NEQ,    0,    0,    0,    0,  -99,  -99,  63,   0,   0,    ,   0,    , 281,  10,           ,  ,  0,    ,    0,    0,    0,    0, THERMO PARAMS, -18, 6, 74, N, 10, DT, -999, SHR82, -99, 
CP, 02, 2026082412, 03, HFSA,  66, 175N, 1739W,  25, 1010, XX,  34, NEQ,    0,    0,    0,    0,  -99,  -99, 132,   0,   0,    ,   0,    , 250,  12,           ,  ,  0,    ,    0,    0,    0,    0, THERMO PARAMS, -1, -23, 212, N, 10, DT, -999, SHR82, -99, 
CP, 02, 2026082412, 03, HFSA,  72, 173N, 1753W,  19, 1010, XX,  34, NEQ,    0,    0,    0,    0,  -99,  -99, 134,   0,   0,    ,   0,    , 263,  10,           ,  ,  0,    ,    0,    0,    0,    0, THERMO PARAMS, 11, -34, -85, N, 10, DT, -999, SHR82, -99, 
CP, 02, 2026082412, 03, HFSA,  78, 176N, 1768W,  23, 1010, XX,  34, NEQ,    0,    0,    0,    0,  -99,  -99,  81,   0,   0,    ,   0,    , 275,  12,           ,  ,  0,    ,    0,    0,    0,    0, THERMO PARAMS, -9999, -9999, -9999, N, 10, DT, -999, SHR82, -99, 
CP, 02, 2026082412, 03, HFSA,  84, 176N, 1782W,  22, 1009, XX,  34, NEQ,    0,    0,    0,    0,  -99,  -99, 119,   0,   0,    ,   0,    , 266,  11,           ,  ,  0,    ,    0,    0,    0,    0, THERMO PARAMS, -9999, -9999, -9999, N, 10, DT, -999, SHR82, -99, 
CP, 02, 2026082412, 03, HFSA,  90, 178N, 1798W,  22, 1008, XX,  34, NEQ,    0,    0,    0,    0,  -99,  -99, 102,   0,   0,    ,   0,    , 282,  13,           ,  ,  0,    ,    0,    0,    0,    0, THERMO PARAMS, -9999, -9999, -9999, N, 10, DT, -999, SHR82, -99, 
CP, 02, 2026082412, 03, HFSA,  96, 181N, 1789E,  22, 1009, XX,  34, NEQ,    0,    0,    0,    0,  -99,  -99, 118,   0,   0,    ,   0,    , 269,   9,           ,  ,  0,    ,    0,    0,    0,    0, THERMO PARAMS, -9999, -9999, -9999, N, 10, DT, -999, SHR82, -99, 
CP, 02, 2026082412, 03, HFSA, 102, 192N, 1774E,  22, 1009, XX,  34, NEQ,    0,    0,    0,    0,  -99,  -99, 147,   0,   0,    ,   0,    , 309,  16,           ,  ,  0,    ,    0,    0,    0,    0, THERMO PARAMS, -9999, -9999, -9999, N, 10, DT, -999, SHR82, -99, 
CP, 02, 2026082412, 03, HFSA, 108, 207N, 1760E,  22, 1010, XX,  34, NEQ,    0,    0,    0,    0,  -99,  -99,  44,   0,   0,    ,   0,    , 325,  14,           ,  ,  0,    ,    0,    0,    0,    0, THERMO PARAMS, -9999, -9999, -9999, N, 10, DT, -999, SHR82, -99, 
CP, 02, 2026082412, 03, TVCN,   0, 154N, 1595W,   0,    0,   ,   0,    ,    0,    0,    0,    0, 
CP, 02, 2026082412, 03, TVCN,  12, 161N, 1620W,   0,    0,   ,   0,    ,    0,    0,    0,    0, 
CP, 02, 2026082412, 03, TVCN,  24, 167N, 1646W,   0,    0,   ,   0,    ,    0,    0,    0,    0, 
CP, 02, 2026082412, 03, TVCN,  36, 173N, 1675W,   0,    0,   ,   0,    ,    0,    0,    0,    0, 
CP, 02, 2026082412, 03, TVCN,  48, 178N, 1702W,   0,    0,   ,   0,    ,    0,    0,    0,    0, 
CP, 02, 2026082412, 03, TVCN,  60, 184N, 1728W,   0,    0,   ,   0,    ,    0,    0,    0,    0, 
CP, 02, 2026082412, 03, TVCN,  72, 182N, 1751W,   0,    0,   ,   0,    ,    0,    0,    0,    0, 
CP, 02, 2026082412, 03, TVCN,  84, 179N, 1760W,   0,    0,   ,   0,    ,    0,    0,    0,    0, 
CP, 02, 2026082412, 03, TVCN,  96, 174N, 1769W,   0,    0,   ,   0,    ,    0,    0,    0,    0, 
CP, 02, 2026082412, 03, HCCA,   0, 154N, 1595W,  30,    0,   ,   0,    ,    0,    0,    0,    0, 
CP, 02, 2026082412, 03, HCCA,  12, 160N, 1620W,  29,    0,   ,   0,    ,    0,    0,    0,    0, 
CP, 02, 2026082412, 03, HCCA,  24, 163N, 1644W,  30,    0,   ,   0,    ,    0,    0,    0,    0, 
CP, 02, 2026082412, 03, HCCA,  36, 167N, 1673W,  31,    0,   ,   0,    ,    0,    0,    0,    0, 
CP, 02, 2026082412, 03, HCCA,  48, 175N, 1701W,  34,    0,   ,   0,    ,    0,    0,    0,    0, 
CP, 02, 2026082412, 03, HCCA,  60, 183N, 1727W,  30,    0,   ,   0,    ,    0,    0,    0,    0, 
CP, 02, 2026082412, 03, HCCA,  72, 184N, 1749W,  25,    0,   ,   0,    ,    0,    0,    0,    0, 
CP, 02, 2026082412, 03, HCCA,  84, 183N, 1767W,  22,    0,   ,   0,    ,    0,    0,    0,    0, 
CP, 02, 2026082412, 03, HCCA,  96, 191N, 1790W,  24,    0,   ,   0,    ,    0,    0,    0,    0, 
CP, 02, 2026082412, 03, HCCA, 108, 201N, 1784E,  25,    0,   ,   0,    ,    0,    0,    0,    0, 
CP, 02, 2026082412, 03, HCCA, 120, 213N, 1759E,  31,    0,   ,   0,    ,    0,    0,    0,    0, 
CP, 02, 2026082418, 03, AVNO,   0, 160N, 1609W,  30, 1007, XX,  34, NEQ,    0,    0,    0,    0, 1011,  293,  16,   0,   0, 
CP, 02, 2026082418, 03, AVNO,   6, 163N, 1624W,  26, 1006, XX,  34, NEQ,    0,    0,    0,    0,  -99,  -99,  33,   0,   0, 
CP, 02, 2026082418, 03, AVNO,  12, 167N, 1633W,  31, 1008, XX,  34, NEQ,    0,    0,    0,    0,  -99,  -99, 109,   0,   0, 
CP, 02, 2026082418, 03, AVNO,  18, 170N, 1645W,  26, 1008, XX,  34, NEQ,    0,    0,    0,    0,  -99,  -99,  54,   0,   0, 
CP, 02, 2026082418, 03, AVNO,  24, 170N, 1656W,  23, 1008, XX,  34, NEQ,    0,    0,    0,    0,  -99,  -99,  65,   0,   0, 
CP, 02, 2026082418, 03, AVNO,  30, 175N, 1669W,  22, 1009, XX,  34, NEQ,    0,    0,    0,    0,  -99,  -99,  51,   0,   0, 
CP, 02, 2026082418, 03, AVNO,  36, 179N, 1682W,  22, 1009, XX,  34, NEQ,    0,    0,    0,    0,  -99,  -99,  63,   0,   0, 
CP, 02, 2026082418, 03, AVNO,  42, 181N, 1695W,  21, 1010, XX,  34, NEQ,    0,    0,    0,    0,  -99,  -99, 132,   0,   0, 
CP, 02, 2026082418, 03, AVNO,  48, 182N, 1710W,  20, 1010, XX,  34, NEQ,    0,    0,    0,    0,  -99,  -99, 140,   0,   0, 
CP, 02, 2026082418, 03, AVNO,  54, 181N, 1723W,  20, 1010, XX,  34, NEQ,    0,    0,    0,    0,  -99,  -99, 121,   0,   0, 
CP, 02, 2026082418, 03, AVNO,  60, 181N, 1738W,  20, 1010, XX,  34, NEQ,    0,    0,    0,    0,  -99,  -99, 161,   0,   0, 
CP, 02, 2026082418, 03, AVNO,  66, 179N, 1750W,  19, 1010, XX,  34, NEQ,    0,    0,    0,    0,  -99,  -99, 113,   0,   0, 
CP, 02, 2026082418, 03, AVNO,  72, 182N, 1765W,  19, 1010, XX,  34, NEQ,    0,    0,    0,    0,  -99,  -99, 123,   0,   0, 
CP, 02, 2026082418, 03, AVNO,  78, 181N, 1777W,  17, 1010, XX,  34, NEQ,    0,    0,    0,    0,  -99,  -99, 131,   0,   0, 
CP, 02, 2026082418, 03, AVNO,  84, 182N, 1793W,  18, 1009, XX,  34, NEQ,    0,    0,    0,    0,  -99,  -99, 148,   0,   0, 
CP, 02, 2026082418, 03, AVNO,  90, 186N, 1798E,  19, 1010, XX,  34, NEQ,    0,    0,    0,    0,  -99,  -99, 152,   0,   0, 
CP, 02, 2026082418, 03, AVNO,  96, 192N, 1782E,  19, 1009, XX,  34, NEQ,    0,    0,    0,    0,  -99,  -99, 150,   0,   0, 
CP, 02, 2026082418, 03, AVNO, 102, 204N, 1770E,  19, 1010, XX,  34, NEQ,    0,    0,    0,    0,  -99,  -99, 125,   0,   0, 
CP, 02, 2026082418, 03, AVNO, 108, 209N, 1760E,  19, 1009, XX,  34, NEQ,    0,    0,    0,    0,  -99,  -99, 136,   0,   0, 
CP, 02, 2026082418, 03, AVNO, 114, 226N, 1752E,  19, 1009, XX,  34, NEQ,    0,    0,    0,    0,  -99,  -99,  91,   0,   0, 
CP, 02, 2026082418, 03, AVNO, 120, 237N, 1729E,  26, 1007, XX,  34, NEQ,    0,    0,    0,    0,  -99,  -99, 135,   0,   0, 
CP, 02, 2026082418, 03, AVNO, 126, 257N, 1705E,  26, 1005, XX,  34, NEQ,    0,    0,    0,    0,  -99,  -99,  70,   0,   0, 
CP, 02, 2026082418, 03, AVNO, 132, 276N, 1685E,  28, 1001, XX,  34, NEQ,    0,    0,    0,    0,  -99,  -99, 160,   0,   0, 
CP, 02, 2026082418, 03, TVCN,   0, 156N, 1611W,   0,    0,   ,   0,    ,    0,    0,    0,    0, 
CP, 02, 2026082418, 03, TVCN,  12, 162N, 1637W,   0,    0,   ,   0,    ,    0,    0,    0,    0, 
CP, 02, 2026082418, 03, TVCN,  24, 166N, 1663W,   0,    0,   ,   0,    ,    0,    0,    0,    0, 
CP, 02, 2026082418, 03, TVCN,  36, 170N, 1690W,   0,    0,   ,   0,    ,    0,    0,    0,    0, 
CP, 02, 2026082418, 03, TVCN,  48, 171N, 1716W,   0,    0,   ,   0,    ,    0,    0,    0,    0, 
CP, 02, 2026082418, 03, TVCN,  60, 168N, 1743W,   0,    0,   ,   0,    ,    0,    0,    0,    0, 
CP, 02, 2026082418, 03, TVCN,  72, 171N, 1772W,   0,    0,   ,   0,    ,    0,    0,    0,    0, 
CP, 02, 2026082418, 03, TVCN,  84, 175N, 1798W,   0,    0,   ,   0,    ,    0,    0,    0,    0, 
CP, 02, 2026082418, 03, TVCN,  96, 184N, 1775E,   0,    0,   ,   0,    ,    0,    0,    0,    0, 
CP, 02, 2026082418, 03, HCCA,   0, 156N, 1611W,  30,    0,   ,   0,    ,    0,    0,    0,    0, 
CP, 02, 2026082418, 03, HCCA,  12, 161N, 1636W,  29,    0,   ,   0,    ,    0,    0,    0,    0, 
CP, 02, 2026082418, 03, HCCA,  24, 165N, 1661W,  30,    0,   ,   0,    ,    0,    0,    0,    0, 
CP, 02, 2026082418, 03, HCCA,  36, 169N, 1688W,  32,    0,   ,   0,    ,    0,    0,    0,    0, 
CP, 02, 2026082418, 03, HCCA,  48, 172N, 1715W,  32,    0,   ,   0,    ,    0,    0,    0,    0, 
CP, 02, 2026082418, 03, HCCA,  60, 179N, 1740W,  29,    0,   ,   0,    ,    0,    0,    0,    0, 
CP, 02, 2026082418, 03, HCCA,  72, 183N, 1767W,  24,    0,   ,   0,    ,    0,    0,    0,    0, 
CP, 02, 2026082418, 03, HCCA,  84, 188N, 1793W,  21,    0,   ,   0,    ,    0,    0,    0,    0, 
CP, 02, 2026082418, 03, HCCA,  96, 197N, 1782E,  22,    0,   ,   0,    ,    0,    0,    0,    0, 
CP, 02, 2026082500, 03,  UKX,   0, 153N, 1624W,  21, 1008, XX,  34, NEQ,    0,    0,    0,    0, 
CP, 02, 2026082500, 03,  UKX,   6, 155N, 1637W,  23, 1011, XX,  34, NEQ,    0,    0,    0,    0, 
CP, 02, 2026082500, 03,  UKX,  12, 154N, 1648W,  22, 1009, XX,  34, NEQ,    0,    0,    0,    0, 
CP, 02, 2026082500, 03,  UKX,  18, 156N, 1661W,  20, 1011, XX,  34, NEQ,    0,    0,    0,    0, 
CP, 02, 2026082500, 03,  UKX,  24, 157N, 1677W,  20, 1009, XX,  34, NEQ,    0,    0,    0,    0, 
CP, 02, 2026082500, 03,  UKX,  30, 160N, 1692W,  20, 1011, XX,  34, NEQ,    0,    0,    0,    0, 
CP, 02, 2026082500, 03,  UKX,  36, 163N, 1706W,  21, 1009, XX,  34, NEQ,    0,    0,    0,    0, 
CP, 02, 2026082500, 03,  UKX,  42, 165N, 1722W,  22, 1011, XX,  34, NEQ,    0,    0,    0,    0, 
CP, 02, 2026082500, 03,  UKX,  48, 158N, 1736W,  17, 1010, XX,  34, NEQ,    0,    0,    0,    0, 
CP, 02, 2026082500, 03,  UKX,  54, 154N, 1750W,  17, 1010, XX,  34, NEQ,    0,    0,    0,    0, 
CP, 02, 2026082500, 03,  UKX,  60, 143N, 1762W,  14, 1010, XX,  34, NEQ,    0,    0,    0,    0, 
CP, 02, 2026082500, 03, AVNO,   0, 162N, 1626W,  30, 1002, XX,  34, NEQ,    0,    0,    0,    0, 1006,   10,  25,   0,   0, 
CP, 02, 2026082500, 03, AVNO,   6, 163N, 1636W,  25, 1007, XX,  34, NEQ,    0,    0,    0,    0,  -99,  -99,  94,   0,   0, 
CP, 02, 2026082500, 03, AVNO,  12, 164N, 1647W,  26, 1007, XX,  34, NEQ,    0,    0,    0,    0,  -99,  -99,  41,   0,   0, 
CP, 02, 2026082500, 03, AVNO,  18, 165N, 1660W,  24, 1008, XX,  34, NEQ,    0,    0,    0,    0,  -99,  -99,  30,   0,   0, 
CP, 02, 2026082500, 03, AVNO,  24, 168N, 1674W,  21, 1008, XX,  34, NEQ,    0,    0,    0,    0,  -99,  -99,  47,   0,   0, 
CP, 02, 2026082500, 03, AVNO,  30, 171N, 1687W,  21, 1009, XX,  34, NEQ,    0,    0,    0,    0,  -99,  -99,  61,   0,   0, 
CP, 02, 2026082500, 03, AVNO,  36, 171N, 1701W,  20, 1010, XX,  34, NEQ,    0,    0,    0,    0,  -99,  -99,  55,   0,   0, 
CP, 02, 2026082500, 03, AVNO,  42, 172N, 1716W,  20, 1010, XX,  34, NEQ,    0,    0,    0,    0,  -99,  -99,  95,   0,   0, 
CP, 02, 2026082500, 03, AVNO,  48, 171N, 1730W,  19, 1010, XX,  34, NEQ,    0,    0,    0,    0,  -99,  -99, 101,   0,   0, 
CP, 02, 2026082500, 03, AVNO,  54, 160N, 1744W,  19, 1010, XX,  34, NEQ,    0,    0,    0,    0,  -99,  -99, 152,   0,   0, 
CP, 02, 2026082500, 03, AVNO,  60, 151N, 1754W,  16, 1010, XX,  34, NEQ,    0,    0,    0,    0,  -99,  -99, 147,   0,   0, 
CP, 02, 2026082500, 03, AVNO,  66, 153N, 1768W,  15, 1010, XX,  34, NEQ,    0,    0,    0,    0,  -99,  -99, 152,   0,   0, 
CP, 02, 2026082500, 03, AVNO,  72, 161N, 1781W,  17, 1010, XX,  34, NEQ,    0,    0,    0,    0,  -99,  -99, 159,   0,   0, 
CP, 02, 2026082500, 03, AVNO,  78, 168N, 1798W,  17, 1009, XX,  34, NEQ,    0,    0,    0,    0,  -99,  -99, 133,   0,   0, 
CP, 02, 2026082500, 03, AVNO,  84, 174N, 1790E,  19, 1010, XX,  34, NEQ,    0,    0,    0,    0,  -99,  -99,  99,   0,   0, 
CP, 02, 2026082500, 03, AVNO,  90, 181N, 1780E,  18, 1010, XX,  34, NEQ,    0,    0,    0,    0,  -99,  -99, 105,   0,   0, 
CP, 02, 2026082500, 03, AVNO,  96, 181N, 1769E,  18, 1010, XX,  34, NEQ,    0,    0,    0,    0,  -99,  -99, 123,   0,   0, 
CP, 02, 2026082500, 03, AVNO, 102, 187N, 1756E,  19, 1009, XX,  34, NEQ,    0,    0,    0,    0,  -99,  -99, 145,   0,   0, 
CP, 02, 2026082500, 03, AVNO, 108, 201N, 1746E,  18, 1010, XX,  34, NEQ,    0,    0,    0,    0,  -99,  -99, 127,   0,   0, 
CP, 02, 2026082500, 03, AVNO, 114, 211N, 1742E,  18, 1009, XX,  34, NEQ,    0,    0,    0,    0,  -99,  -99, 161,   0,   0, 
CP, 02, 2026082500, 03, TVCN,   0, 157N, 1625W,   0,    0,   ,   0,    ,    0,    0,    0,    0, 
CP, 02, 2026082500, 03, TVCN,  12, 162N, 1649W,   0,    0,   ,   0,    ,    0,    0,    0,    0, 
CP, 02, 2026082500, 03, TVCN,  24, 167N, 1675W,   0,    0,   ,   0,    ,    0,    0,    0,    0, 
CP, 02, 2026082500, 03, TVCN,  36, 170N, 1702W,   0,    0,   ,   0,    ,    0,    0,    0,    0, 
CP, 02, 2026082500, 03, TVCN,  48, 170N, 1728W,   0,    0,   ,   0,    ,    0,    0,    0,    0, 
CP, 02, 2026082500, 03, TVCN,  60, 170N, 1756W,   0,    0,   ,   0,    ,    0,    0,    0,    0, 
CP, 02, 2026082500, 03, TVCN,  72, 170N, 1784W,   0,    0,   ,   0,    ,    0,    0,    0,    0, 
CP, 02, 2026082500, 03, TVCN,  84, 175N, 1792E,   0,    0,   ,   0,    ,    0,    0,    0,    0, 
CP, 02, 2026082500, 03, TVCN,  96, 190N, 1767E,   0,    0,   ,   0,    ,    0,    0,    0,    0, 
CP, 02, 2026082500, 03, HCCA,   0, 157N, 1625W,  30,    0,   ,   0,    ,    0,    0,    0,    0, 
CP, 02, 2026082500, 03, HCCA,  12, 160N, 1649W,  28,    0,   ,   0,    ,    0,    0,    0,    0, 
CP, 02, 2026082500, 03, HCCA,  24, 163N, 1675W,  30,    0,   ,   0,    ,    0,    0,    0,    0, 
CP, 02, 2026082500, 03, HCCA,  36, 166N, 1703W,  32,    0,   ,   0,    ,    0,    0,    0,    0, 
CP, 02, 2026082500, 03, HCCA,  48, 168N, 1729W,  30,    0,   ,   0,    ,    0,    0,    0,    0, 
CP, 02, 2026082500, 03, HCCA,  60, 171N, 1755W,  28,    0,   ,   0,    ,    0,    0,    0,    0, 
CP, 02, 2026082500, 03, HCCA,  72, 174N, 1780W,  23,    0,   ,   0,    ,    0,    0,    0,    0, 
CP, 02, 2026082500, 03, HCCA,  84, 181N, 1798E,  20,    0,   ,   0,    ,    0,    0,    0,    0, 
CP, 02, 2026082500, 03, HCCA,  96, 193N, 1775E,  19,    0,   ,   0,    ,    0,    0,    0,    0, 
CP, 02, 2026082506, 03, TVCN,   0, 162N, 1635W,   0,    0,   ,   0,    ,    0,    0,    0,    0, 
CP, 02, 2026082506, 03, TVCN,  12, 165N, 1659W,   0,    0,   ,   0,    ,    0,    0,    0,    0, 
CP, 02, 2026082506, 03, TVCN,  24, 168N, 1688W,   0,    0,   ,   0,    ,    0,    0,    0,    0, 
CP, 02, 2026082506, 03, TVCN,  36, 165N, 1717W,   0,    0,   ,   0,    ,    0,    0,    0,    0, 
CP, 02, 2026082506, 03, TVCN,  48, 156N, 1743W,   0,    0,   ,   0,    ,    0,    0,    0,    0, 
CP, 02, 2026082506, 03, TVCN,  60, 150N, 1770W,   0,    0,   ,   0,    ,    0,    0,    0,    0, 
CP, 02, 2026082506, 03, TVCN,  72, 170N, 1799W,   0,    0,   ,   0,    ,    0,    0,    0,    0, 
CP, 02, 2026082506, 03, TVCN,  84, 179N, 1775E,   0,    0,   ,   0,    ,    0,    0,    0,    0, 
CP, 02, 2026082506, 03, TVCN,  96, 191N, 1752E,   0,    0,   ,   0,    ,    0,    0,    0,    0, 
CP, 02, 2026082506, 03, TVCN, 108, 208N, 1726E,   0,    0,   ,   0,    ,    0,    0,    0,    0, 
CP, 02, 2026082506, 03, HCCA,   0, 162N, 1635W,  30,    0,   ,   0,    ,    0,    0,    0,    0, 
CP, 02, 2026082506, 03, HCCA,  12, 165N, 1659W,  29,    0,   ,   0,    ,    0,    0,    0,    0, 
CP, 02, 2026082506, 03, HCCA,  24, 166N, 1688W,  29,    0,   ,   0,    ,    0,    0,    0,    0, 
CP, 02, 2026082506, 03, HCCA,  36, 160N, 1717W,  26,    0,   ,   0,    ,    0,    0,    0,    0, 
CP, 02, 2026082506, 03, HCCA,  48, 149N, 1742W,  25,    0,   ,   0,    ,    0,    0,    0,    0, 
CP, 02, 2026082506, 03, HCCA,  60, 148N, 1767W,   0,    0,   ,   0,    ,    0,    0,    0,    0, 
CP, 02, 2026082506, 03, HCCA,  72, 153N, 1792W,   0,    0,   ,   0,    ,    0,    0,    0,    0, 
CP, 02, 2026082506, 03, HCCA,  84, 162N, 1784E,   0,    0,   ,   0,    ,    0,    0,    0,    0, 
CP, 02, 2026082506, 03, HCCA,  96, 174N, 1763E,   0,    0,   ,   0,    ,    0,    0,    0,    0, 