EP, 14, 2026090818, 03, AVNO,   0, 147N, 1117W,  22, 1009, XX,  34, NEQ,    0,    0,    0,    0,  -99,  -99, 156,   0,   0, 
EP, 14, 2026090818, 03, AVNO,   6, 151N, 1128W,  23, 1006, XX,  34, NEQ,    0,    0,    0,    0,  -99,  -99, 102,   0,   0, 
EP, 14, 2026090818, 03, AVNO,  12, 159N, 1137W,  23, 1009, XX,  34, NEQ,    0,    0,    0,    0,  -99,  -99, 122,   0,   0, 
EP, 14, 2026090818, 03, AVNO,  18, 165N, 1141W,  21, 1007, XX,  34, NEQ,    0,    0,    0,    0,  -99,  -99,  67,   0,   0, 
EP, 14, 2026090818, 03, AVNO,  24, 165N, 1152W,  30, 1009, XX,  34, NEQ,    0,    0,    0,    0,  -99,  -99,  18,   0,   0, 
EP, 14, 2026090818, 03, AVNO,  30, 163N, 1163W,  25, 1006, XX,  34, NEQ,    0,    0,    0,    0,  -99,  -99, 135,   0,   0, 
EP, 14, 2026090818, 03, AVNO,  36, 162N, 1173W,  25, 1008, XX,  34, NEQ,    0,    0,    0,    0,  -99,  -99, 116,   0,   0, 
EP, 14, 2026090818, 03, AVNO,  42, 163N, 1182W,  25, 1005, XX,  34, NEQ,    0,    0,    0,    0, 1009, 1553, 130,   0,   0, 
EP, 14, 2026090818, 03, AVNO,  48, 166N, 1192W,  32, 1007, XX,  34, NEQ,    0,    0,    0,    0, 1011,  219,  60,   0,   0, 
EP, 14, 2026090818, 03, AVNO,  54, 170N, 1205W,  35, 1002, XX,  34, NEQ,   42,    0,    0,   46, 1006,  132,  46,   0,   0, 
EP, 14, 2026090818, 03, AVNO,  60, 170N, 1217W,  38, 1004, XX,  34, NEQ,   64,    0,    0,   46, 1008,   96,  46,   0,   0, 
EP, 14, 2026090818, 03, AVNO,  66, 172N, 1229W,  41,  999, XX,  34, NEQ,   54,    0,    0,   48, 1007,  201,  38,   0,   0, 
EP, 14, 2026090818, 03, AVNO,  72, 173N, 1241W,  38, 1001, XX,  34, NEQ,   85,    0,    0,   60, 1009,  136,  41,   0,   0, 
EP, 14, 2026090818, 03, AVNO,  78, 175N, 1250W,  36,  999, XX,  34, NEQ,   81,    0,    0,   47, 1007,  194,  32,   0,   0, 
EP, 14, 2026090818, 03, AVNO,  84, 176N, 1260W,  34, 1001, XX,  34, NEQ,    0,    0,    0,    0, 1009,  128,  37,   0,   0, 
EP, 14, 2026090818, 03, AVNO,  90, 178N, 1270W,  35,  998, XX,  34, NEQ,   30,    0,    0,   41, 1006,   79,  31,   0,   0, 
EP, 14, 2026090818, 03, AVNO,  96, 180N, 1277W,  44,  999, XX,  34, NEQ,   46,   26,    0,   44, 1011,  160,  29,   0,   0, 
EP, 14, 2026090818, 03, AVNO, 102, 183N, 1284W,  42,  995, XX,  34, NEQ,   37,   27,   32,   46, 1007,  107,  26,   0,   0, 
EP, 14, 2026090818, 03, AVNO, 108, 185N, 1292W,  44,  996, XX,  34, NEQ,   54,    0,   23,   57, 1008,   61,  21,   0,   0, 
EP, 14, 2026090818, 03, AVNO, 114, 186N, 1301W,  49,  992, XX,  34, NEQ,   71,   36,   38,   68, 1008,  187,  24,   0,   0, 
EP, 14, 2026090818, 03, AVNO, 120, 187N, 1310W,  51,  993, XX,  34, NEQ,   85,   36,   35,   82, 1009,  105,  25,   0,   0, 
EP, 14, 2026090818, 03, AVNO, 120, 187N, 1310W,  51,  993, XX,  50, NEQ,    0,    0,    0,   26, 1009,  105,  25,   0,   0, 
EP, 14, 2026090818, 03, AVNO, 126, 187N, 1319W,  55,  988, XX,  34, NEQ,   81,   40,   39,   84, 1008,  176,  18,   0,   0, 
EP, 14, 2026090818, 03, AVNO, 126, 187N, 1319W,  55,  988, XX,  50, NEQ,   30,    0,    0,   31, 1008,  176,  18,   0,   0, 
EP, 14, 2026090818, 03, AVNO, 132, 186N, 1328W,  56,  987, XX,  34, NEQ,   85,   44,   43,   77, 1007,   60,  18,   0,   0, 
EP, 14, 2026090818, 03, AVNO, 132, 186N, 1328W,  56,  987, XX,  50, NEQ,   29,    0,    0,   29, 1007,   60,  18,   0,   0, 
EP, 14, 2026090818, 03, AVNO, 138, 185N, 1337W,  59,  985, XX,  34, NEQ,   73,   44,   60,   75, 1009, 1096,  21,   0,   0, 
EP, 14, 2026090818, 03, AVNO, 138, 185N, 1337W,  59,  985, XX,  50, NEQ,   36,    0,    0,   33, 1009, 1096,  21,   0,   0, 
EP, 14, 2026090818, 03, AVNO, 144, 183N, 1346W,  58,  987, XX,  34, NEQ,   88,   48,   51,  103, 1011,  200,  28,   0,   0, 
EP, 14, 2026090818, 03, AVNO, 144, 183N, 1346W,  58,  987, XX,  50, NEQ,   36,   27,   26,   34, 1011,  200,  28,   0,   0, 
EP, 14, 2026090818, 03, AVNO, 150, 182N, 1356W,  62,  984, XX,  34, NEQ,   97,   51,   51,   97, 1008,  254,  22,   0,   0, 
EP, 14, 2026090818, 03, AVNO, 150, 182N, 1356W,  62,  984, XX,  50, NEQ,   34,    0,   23,   36, 1008,  254,  22,   0,   0, 
EP, 14, 2026090818, 03, AVNO, 156, 180N, 1366W,  62,  985, XX,  34, NEQ,   95,   43,   48,   96, 1009,  130,  20,   0,   0, 
EP, 14, 2026090818, 03, AVNO, 156, 180N, 1366W,  62,  985, XX,  50, NEQ,   43,   26,   28,   36, 1009,  130,  20,   0,   0, 
EP, 14, 2026090818, 03, AVNO, 162, 178N, 1375W,  60,  982, XX,  34, NEQ,   90,   52,   51,   92, 1006,   84,  29,   0,   0, 
EP, 14, 2026090818, 03, AVNO, 162, 178N, 1375W,  60,  982, XX,  50, NEQ,   34,   37,   28,   44, 1006,   84,  29,   0,   0, 
EP, 14, 2026090818, 03, AVNO, 168, 176N, 1384W,  69,  983, XX,  34, NEQ,  105,   57,   64,  100, 1011,  219,  24,   0,   0, 
EP, 14, 2026090818, 03, AVNO, 168, 176N, 1384W,  69,  983, XX,  50, NEQ,   39,   40,   35,   45, 1011,  219,  24,   0,   0, 
EP, 14, 2026090818, 03, AVNO, 168, 176N, 1384W,  69,  983, XX,  64, NEQ,   26,    0,    0,   32, 1011,  219,  24,   0,   0, 
EP, 14, 2026090818, 03, AVNO, 174, 175N, 1393W,  66,  979, XX,  34, NEQ,   86,   58,   58,   95, 1007,  121,  21,   0,   0, 
EP, 14, 2026090818, 03, AVNO, 174, 175N, 1393W,  66,  979, XX,  50, NEQ,   46,   32,   29,   42, 1007,  121,  21,   0,   0, 
EP, 14, 2026090818, 03, AVNO, 174, 175N, 1393W,  66,  979, XX,  64, NEQ,   33,    0,    0,   23, 1007,  121,  21,   0,   0, 
EP, 14, 2026090818, 03, AVNO, 180, 173N, 1401W,  65,  980, XX,  34, NEQ,  105,   64,   68,  104, 1008,  103,  16,   0,   0, 
EP, 14, 2026090818, 03, AVNO, 180, 173N, 1401W,  65,  980, XX,  50, NEQ,   44,   40,   38,   50, 1008,  103,  16,   0,   0, 
EP, 14, 2026090818, 03, AVNO, 180, 173N, 1401W,  65,  980, XX,  64, NEQ,   29,    0,    0,   30, 1008,  103,  16,   0,   0, 
EP, 14, 2026090818, 03, AVNO, 186, 172N, 1409W,  66,  977, XX,  34, NEQ,  112,   57,   58,  112, 1005,   85,  36,   0,   0, 
EP, 14, 2026090818, 03, AVNO, 186, 172N, 1409W,  66,  977, XX,  50, NEQ,   55,   41,   35,   52, 1005,   85,  36,   0,   0, 
EP, 14, 2026090818, 03, AVNO, 186, 172N, 1409W,  66,  977, XX,  64, NEQ,   22,    0,    0,   36, 1005,   85,  36,   0,   0, 
EP, 14, 2026090818, 03, AVNO, 192, 171N, 1417W,  71,  979, XX,  34, NEQ,  112,   69,   65,  116, 1011,  230,  22,   0,   0, 
EP, 14, 2026090818, 03, AVNO, 192, 171N, 1417W,  71,  979, XX,  50, NEQ,   50,   32,   40,   50, 1011,  230,  22,   0,   0, 
EP, 14, 2026090818, 03, AVNO, 192, 171N, 1417W,  71,  979, XX,  64, NEQ,   25,    0,    0,   29, 1011,  230,  22,   0,   0, 
EP, 14, 2026090818, 03, AVNO, 198, 173N, 1426W,  71,  975, XX,  34, NEQ,  116,   66,   60,  115, 1007,  132,  25,   0,   0, 
EP, 14, 2026090818, 03, AVNO, 198, 173N, 1426W,  71,  975, XX,  50, NEQ,   52,   35,   40,   48, 1007,  132,  25,   0,   0, 
EP, 14, 2026090818, 03, AVNO, 198, 173N, 1426W,  71,  975, XX,  64, NEQ,   33,    0,   28,   32, 1007,  132,  25,   0,   0, 
EP, 14, 2026090818, 03, AVNO, 204, 175N, 1434W,  71,  977, XX,  34, NEQ,  118,   69,   64,  111, 1009,  118,  24,   0,   0, 
EP, 14, 2026090818, 03, AVNO, 204, 175N, 1434W,  71,  977, XX,  50, NEQ,   52,   35,   38,   50, 1009,  118,  24,   0,   0, 
EP, 14, 2026090818, 03, AVNO, 204, 175N, 1434W,  71,  977, XX,  64, NEQ,   34,    0,    0,   32, 1009,  118,  24,   0,   0, 
EP, 14, 2026090818, 03, AVNO, 210, 178N, 1443W,  65,  977, XX,  34, NEQ,  116,   74,   74,  104, 1009,  214,  31,   0,   0, 
EP, 14, 2026090818, 03, AVNO, 210, 178N, 1443W,  65,  977, XX,  50, NEQ,   55,   44,   43,   52, 1009,  214,  31,   0,   0, 
EP, 14, 2026090818, 03, AVNO, 210, 178N, 1443W,  65,  977, XX,  64, NEQ,   32,    0,    0,   19, 1009,  214,  31,   0,   0, 
EP, 14, 2026090818, 03, AVNO, 216, 182N, 1451W,  69,  979, XX,  34, NEQ,  111,   64,   68,  100,  995,   32,  20,   0,   0, 
EP, 14, 2026090818, 03, AVNO, 216, 182N, 1451W,  69,  979, XX,  50, NEQ,   53,   37,   30,   53,  995,   32,  20,   0,   0, 
EP, 14, 2026090818, 03, AVNO, 216, 182N, 1451W,  69,  979, XX,  64, NEQ,   30,    0,    0,   32,  995,   32,  20,   0,   0, 
EP, 14, 2026090818, 03, AVNO, 222, 186N, 1459W,  69,  978, XX,  34, NEQ,  106,   65,   65,  100, 1006,   74,  24,   0,   0, 
EP, 14, 2026090818, 03, AVNO, 222, 186N, 1459W,  69,  978, XX,  50, NEQ,   47,   43,   38,   47, 1006,   74,  24,   0,   0, 
EP, 14, 2026090818, 03, AVNO, 222, 186N, 1459W,  69,  978, XX,  64, NEQ,    0,    0,   26,   32, 1006,   74,  24,   0,   0, 
EP, 14, 2026090818, 03, AVNO, 228, 189N, 1465W,  71,  981, XX,  34, NEQ,  120,   58,   60,   99, 1009,   85,  18,   0,   0, 
EP, 14, 2026090818, 03, AVNO, 228, 189N, 1465W,  71,  981, XX,  50, NEQ,   51,   33,   39,   43, 1009,   85,  18,   0,   0, 
EP, 14, 2026090818, 03, AVNO, 228, 189N, 1465W,  71,  981, XX,  64, NEQ,    0,    0,    0,   29, 1009,   85,  18,   0,   0, 
EP, 14, 2026090818, 03, AVNO, 234, 192N, 1471W,  62,  983, XX,  34, NEQ,  100,   56,   55,   95, 1007,   71,  27,   0,   0, 
EP, 14, 2026090818, 03, AVNO, 234, 192N, 1471W,  62,  983, XX,  50, NEQ,   49,   36,   29,   50, 1007,   71,  27,   0,   0, 
EP, 14, 2026090818, 03, AVNO, 240, 194N, 1476W,  63,  988, XX,  34, NEQ,  100,   65,   65,   98, 1012,  160,  30,   0,   0, 
EP, 14, 2026090818, 03, AVNO, 240, 194N, 1476W,  63,  988, XX,  50, NEQ,   36,    0,   36,   44, 1012,  160,  30,   0,   0, 
EP, 14, 2026090818, 03, HCCA,   0, 142N, 1106W,  25,    0,   ,   0,    ,    0,    0,    0,    0, 
EP, 14, 2026090818, 03, HFSA,   0, 142N, 1106W,  27, 1009, XX,  34, NEQ,    0,    0,    0,    0,  -99,  -99, 140,   0,   0,    ,   0,    , 308,   7,           ,  ,  0,    ,    0,    0,    0,    0, THERMO PARAMS, -55, 207, 359, N, 10, DT, -999, SHR82, -99, 
EP, 14, 2026090818, 03, HFSA,   6, 153N, 1111W,  46,  997, XX,  34, NEQ,    0,   76,    0,    0, 1001,    6,  74,   0,   0,    ,   0,    , 298,   7,           ,  ,  0,    ,    0,    0,    0,    0, THERMO PARAMS, -34, 170, 341, N, 10, DT, -999, SHR82, -99, 
EP, 14, 2026090818, 03, HFSA,  12, 148N, 1118W,  43, 1001, XX,  34, NEQ,    0,    0,    0,   68, 1005,   12,  56,   0,   0,    ,   0,    , 274,   8,           ,  ,  0,    ,    0,    0,    0,    0, THERMO PARAMS, 12, 236, 523, N, 10, DT, -999, SHR82, -99, 
EP, 14, 2026090818, 03, HFSA,  18, 153N, 1128W,  36, 1003, XX,  34, NEQ,   24,    0,    0,    0, 1007,  111, 142,   0,   0,    ,   0,    , 301,  13,           ,  ,  0,    ,    0,    0,    0,    0, THERMO PARAMS, -9999, -9999, -9999, N, 10, DT, -999, SHR82, -99, 
EP, 14, 2026090818, 03, HFSA,  24, 154N, 1138W,  48, 1000, XX,  34, NEQ,   36,   47,    0,    0, 1004,    5,  46,   0,   0,    ,   0,    , 275,   9,           ,  ,  0,    ,    0,    0,    0,    0, THERMO PARAMS, -9999, -9999, -9999, N, 10, DT, -999, SHR82, -99, 
EP, 14, 2026090818, 03, HFSA,  30, 155N, 1150W,  37, 1000, XX,  34, NEQ,   32,    0,    0,    0, 1004,   51, 127,   0,   0,    ,   0,    , 280,  11,           ,  ,  0,    ,    0,    0,    0,    0, THERMO PARAMS, -22, 341, 335, N, 10, DT, -999, SHR82, -99, 
EP, 14, 2026090818, 03, HFSA,  36, 154N, 1162W,  38, 1001, XX,  34, NEQ,   79,    0,    0,   24, 1005,   34,  46,   0,   0,    ,   0,    , 270,  12,           ,  ,  0,    ,    0,    0,    0,    0, THERMO PARAMS, 24, 190, 391, N, 10, DT, -999, SHR82, -99, 
EP, 14, 2026090818, 03, HFSA,  42, 154N, 1175W,  41,  997, XX,  34, NEQ,   62,    0,    0,   37, 1001,   29,  28,   0,   0,    ,   0,    , 271,  13,           ,  ,  0,    ,    0,    0,    0,    0, THERMO PARAMS, -2, -11, 396, N, 10, DT, -999, SHR82, -99, 
EP, 14, 2026090818, 03, HFSA,  48, 153N, 1187W,  46,  997, XX,  34, NEQ,   81,    0,    0,   65, 1001,   23,  27,   0,   0,    ,   0,    , 273,  12,           ,  ,  0,    ,    0,    0,    0,    0, THERMO PARAMS, 17, 260, 868, N, 10, DT, -999, SHR82, -99, 
EP, 14, 2026090818, 03, HFSA,  54, 152N, 1199W,  52,  992, XX,  34, NEQ,  100,   68,    0,   96,  996,   24,  21,   0,   0,    ,   0,    , 269,  11,           ,  ,  0,    ,    0,    0,    0,    0, THERMO PARAMS, 21, 454, 800, N, 10, DT, -999, SHR82, -99, 
EP, 14, 2026090818, 03, HFSA,  60, 153N, 1210W,  49,  991, XX,  34, NEQ,  126,   76,    0,   78,  995,   15,  33,   0,   0,    ,   0,    , 282,  11,           ,  ,  0,    ,    0,    0,    0,    0, THERMO PARAMS, 22, 825, 648, N, 10, DT, -999, SHR82, -99, 
EP, 14, 2026090818, 03, HFSA,  66, 155N, 1222W,  54,  986, XX,  34, NEQ,  128,   71,   39,   97,  990,   14,  22,   0,   0,    ,   0,    , 282,  12,           ,  ,  0,    ,    0,    0,    0,    0, THERMO PARAMS, 25, 681, 1078, N, 10, DT, -999, SHR82, -99, 
EP, 14, 2026090818, 03, HFSA,  66, 155N, 1222W,  54,  986, XX,  50, NEQ,   37,    0,    0,    0,  990,   14,  22,   0,   0,    ,   0,    , 282,  12,           ,  ,  0,    ,    0,    0,    0,    0, THERMO PARAMS, 25, 681, 1078, N, 10, DT, -999, SHR82, -99, 
EP, 14, 2026090818, 03, HFSA,  72, 157N, 1236W,  53,  982, XX,  34, NEQ,  128,  107,   76,  107,  990,   16,  23,   0,   0,    ,   0,    , 282,  13,           ,  ,  0,    ,    0,    0,    0,    0, THERMO PARAMS, 10, 1018, 1356, N, 10, DT, -999, SHR82, -99, 
EP, 14, 2026090818, 03, HFSA,  72, 157N, 1236W,  53,  982, XX,  50, NEQ,   31,    0,    0,   26,  990,   16,  23,   0,   0,    ,   0,    , 282,  13,           ,  ,  0,    ,    0,    0,    0,    0, THERMO PARAMS, 10, 1018, 1356, N, 10, DT, -999, SHR82, -99, 
EP, 14, 2026090818, 03, HFSA,  78, 160N, 1246W,  59,  979, XX,  34, NEQ,  126,  121,   49,  130,  987,   17,  20,   0,   0,    ,   0,    , 297,  10,           ,  ,  0,    ,    0,    0,    0,    0, THERMO PARAMS, -43, 1147, 1438, N, 10, DT, -999, SHR82, -99, 
EP, 14, 2026090818, 03, HFSA,  78, 160N, 1246W,  59,  979, XX,  50, NEQ,   42,   23,    0,   28,  987,   17,  20,   0,   0,    ,   0,    , 297,  10,           ,  ,  0,    ,    0,    0,    0,    0, THERMO PARAMS, -43, 1147, 1438, N, 10, DT, -999, SHR82, -99, 
EP, 14, 2026090818, 03, HFSA,  84, 163N, 1257W,  59,  978, XX,  34, NEQ,  134,  131,   66,  128,  998,   47,  16,   0,   0,    ,   0,    , 297,  10,           ,  ,  0,    ,    0,    0,    0,    0, THERMO PARAMS, -51, 1470, 1507, N, 10, DT, -999, SHR82, -99, 
EP, 14, 2026090818, 03, HFSA,  84, 163N, 1257W,  59,  978, XX,  50, NEQ,   39,   26,    0,   39,  998,   47,  16,   0,   0,    ,   0,    , 297,  10,           ,  ,  0,    ,    0,    0,    0,    0, THERMO PARAMS, -51, 1470, 1507, N, 10, DT, -999, SHR82, -99, 
EP, 14, 2026090818, 03, HFSA,  90, 167N, 1265W,  64,  974, XX,  34, NEQ,  133,  133,   50,  130,  998,   61,  16,   0,   0,    ,   0,    , 306,   9,           ,  ,  0,    ,    0,    0,    0,    0, THERMO PARAMS, -48, 1371, 1695, N, 10, DT, -999, SHR82, -99, 
EP, 14, 2026090818, 03, HFSA,  90, 167N, 1265W,  64,  974, XX,  50, NEQ,   32,   31,   23,   39,  998,   61,  16,   0,   0,    ,   0,    , 306,   9,           ,  ,  0,    ,    0,    0,    0,    0, THERMO PARAMS, -48, 1371, 1695, N, 10, DT, -999, SHR82, -99, 
EP, 14, 2026090818, 03, HFSA,  96, 171N, 1273W,  60,  973, XX,  34, NEQ,  146,  115,   66,  131, 1001,   69,  21,   0,   0,    ,   0,    , 304,   8,           ,  ,  0,    ,    0,    0,    0,    0, THERMO PARAMS, -98, 1553, 1712, N, 10, DT, -999, SHR82, -99, 
EP, 14, 2026090818, 03, HFSA,  96, 171N, 1273W,  60,  973, XX,  50, NEQ,   37,   34,   23,   40, 1001,   69,  21,   0,   0,    ,   0,    , 304,   8,           ,  ,  0,    ,    0,    0,    0,    0, THERMO PARAMS, -98, 1553, 1712, N, 10, DT, -999, SHR82, -99, 
EP, 14, 2026090818, 03, HFSA, 102, 176N, 1278W,  61,  968, XX,  34, NEQ,  144,  121,   71,  133,  996,   54,  16,   0,   0,    ,   0,    , 313,   7,           ,  ,  0,    ,    0,    0,    0,    0, THERMO PARAMS, -115, 1639, 1694, N, 10, DT, -999, SHR82, -99, 
EP, 14, 2026090818, 03, HFSA, 102, 176N, 1278W,  61,  968, XX,  50, NEQ,   37,   34,   21,   37,  996,   54,  16,   0,   0,    ,   0,    , 313,   7,           ,  ,  0,    ,    0,    0,    0,    0, THERMO PARAMS, -115, 1639, 1694, N, 10, DT, -999, SHR82, -99, 
EP, 14, 2026090818, 03, HFSA, 108, 179N, 1285W,  66,  969, XX,  34, NEQ,  154,  149,   76,  149,  997,   48,  22,   0,   0,    ,   0,    , 301,   7,           ,  ,  0,    ,    0,    0,    0,    0, THERMO PARAMS, -94, 1536, 1737, N, 10, DT, -999, SHR82, -99, 
EP, 14, 2026090818, 03, HFSA, 108, 179N, 1285W,  66,  969, XX,  50, NEQ,   37,   37,   28,   42,  997,   48,  22,   0,   0,    ,   0,    , 301,   7,           ,  ,  0,    ,    0,    0,    0,    0, THERMO PARAMS, -94, 1536, 1737, N, 10, DT, -999, SHR82, -99, 
EP, 14, 2026090818, 03, HFSA, 108, 179N, 1285W,  66,  969, XX,  64, NEQ,   21,   24,    0,    0,  997,   48,  22,   0,   0,    ,   0,    , 301,   7,           ,  ,  0,    ,    0,    0,    0,    0, THERMO PARAMS, -94, 1536, 1737, N, 10, DT, -999, SHR82, -99, 
EP, 14, 2026090818, 03, HFSA, 114, 185N, 1289W,  70,  969, XX,  34, NEQ,  152,  134,   62,  142, 1001,   88,  20,   0,   0,    ,   0,    , 316,   9,           ,  ,  0,    ,    0,    0,    0,    0, THERMO PARAMS, -85, 1567, 2020, N, 10, DT, -999, SHR82, -99, 
EP, 14, 2026090818, 03, HFSA, 114, 185N, 1289W,  70,  969, XX,  50, NEQ,   45,   45,   28,   44, 1001,   88,  20,   0,   0,    ,   0,    , 316,   9,           ,  ,  0,    ,    0,    0,    0,    0, THERMO PARAMS, -85, 1567, 2020, N, 10, DT, -999, SHR82, -99, 
EP, 14, 2026090818, 03, HFSA, 114, 185N, 1289W,  70,  969, XX,  64, NEQ,   26,    0,    0,   24, 1001,   88,  20,   0,   0,    ,   0,    , 316,   9,           ,  ,  0,    ,    0,    0,    0,    0, THERMO PARAMS, -85, 1567, 2020, N, 10, DT, -999, SHR82, -99, 
EP, 14, 2026090818, 03, HFSA, 120, 190N, 1296W,  67,  973, XX,  34, NEQ,  159,  136,   84,  147, 1001,   73,  19,   0,   0,    ,   0,    , 311,   9,           ,  ,  0,    ,    0,    0,    0,    0, THERMO PARAMS, -83, 1429, 1872, N, 10, DT, -999, SHR82, -99, 
EP, 14, 2026090818, 03, HFSA, 120, 190N, 1296W,  67,  973, XX,  50, NEQ,   45,   40,   29,   44, 1001,   73,  19,   0,   0,    ,   0,    , 311,   9,           ,  ,  0,    ,    0,    0,    0,    0, THERMO PARAMS, -83, 1429, 1872, N, 10, DT, -999, SHR82, -99, 
EP, 14, 2026090818, 03, HFSA, 120, 190N, 1296W,  67,  973, XX,  64, NEQ,   21,   19,    0,    0, 1001,   73,  19,   0,   0,    ,   0,    , 311,   9,           ,  ,  0,    ,    0,    0,    0,    0, THERMO PARAMS, -83, 1429, 1872, N, 10, DT, -999, SHR82, -99, 
EP, 14, 2026090818, 03, HFSA, 126, 195N, 1303W,  70,  971, XX,  34, NEQ,  162,  126,   99,  155,  995,   53,  19,   0,   0,    ,   0,    , -99, -99,           ,  ,  0,    ,    0,    0,    0,    0, THERMO PARAMS, -78, 1495, 1909, N, 10, DT, -999, SHR82, -99, 
EP, 14, 2026090818, 03, HFSA, 126, 195N, 1303W,  70,  971, XX,  50, NEQ,   47,   42,   31,   49,  995,   53,  19,   0,   0,    ,   0,    , -99, -99,           ,  ,  0,    ,    0,    0,    0,    0, THERMO PARAMS, -78, 1495, 1909, N, 10, DT, -999, SHR82, -99, 
EP, 14, 2026090818, 03, HFSA, 126, 195N, 1303W,  70,  971, XX,  64, NEQ,   26,    0,    0,   26,  995,   53,  19,   0,   0,    ,   0,    , -99, -99,           ,  ,  0,    ,    0,    0,    0,    0, THERMO PARAMS, -78, 1495, 1909, N, 10, DT, -999, SHR82, -99, 
EP, 14, 2026090900, 03,  UKX,   0, 152N, 1126W,  21, 1008, XX,  34, NEQ,    0,    0,    0,    0, 
EP, 14, 2026090900, 03,  UKX,   6, 154N, 1139W,  22, 1008, XX,  34, NEQ,    0,    0,    0,    0, 
EP, 14, 2026090900, 03,  UKX,  12, 156N, 1151W,  26, 1008, XX,  34, NEQ,    0,    0,    0,    0, 
EP, 14, 2026090900, 03,  UKX,  18, 157N, 1164W,  25, 1008, XX,  34, NEQ,    0,    0,    0,    0, 
EP, 14, 2026090900, 03,  UKX,  24, 156N, 1177W,  25, 1007, XX,  34, NEQ,    0,    0,    0,    0, 
EP, 14, 2026090900, 03,  UKX,  30, 156N, 1188W,  24, 1007, XX,  34, NEQ,    0,    0,    0,    0, 
EP, 14, 2026090900, 03,  UKX,  36, 156N, 1201W,  26, 1007, XX,  34, NEQ,    0,    0,    0,    0, 
EP, 14, 2026090900, 03,  UKX,  42, 159N, 1216W,  27, 1007, XX,  34, NEQ,    0,    0,    0,    0, 
EP, 14, 2026090900, 03,  UKX,  48, 160N, 1230W,  28, 1005, XX,  34, NEQ,    0,    0,    0,    0, 
EP, 14, 2026090900, 03,  UKX,  54, 161N, 1246W,  28, 1007, XX,  34, NEQ,    0,    0,    0,    0, 
EP, 14, 2026090900, 03,  UKX,  60, 161N, 1261W,  26, 1005, XX,  34, NEQ,    0,    0,    0,    0, 
EP, 14, 2026090900, 03,  UKX,  66, 163N, 1277W,  28, 1007, XX,  34, NEQ,    0,    0,    0,    0, 
EP, 14, 2026090900, 03,  UKX,  72, 165N, 1292W,  27, 1005, XX,  34, NEQ,    0,    0,    0,    0, 
EP, 14, 2026090900, 03,  UKX,  78, 166N, 1307W,  27, 1007, XX,  34, NEQ,    0,    0,    0,    0, 
EP, 14, 2026090900, 03,  UKX,  84, 167N, 1321W,  27, 1005, XX,  34, NEQ,    0,    0,    0,    0, 
EP, 14, 2026090900, 03,  UKX,  90, 168N, 1333W,  26, 1007, XX,  34, NEQ,    0,    0,    0,    0, 
EP, 14, 2026090900, 03,  UKX,  96, 170N, 1347W,  26, 1005, XX,  34, NEQ,    0,    0,    0,    0, 
EP, 14, 2026090900, 03,  UKX, 102, 173N, 1359W,  28, 1008, XX,  34, NEQ,    0,    0,    0,    0, 
EP, 14, 2026090900, 03,  UKX, 108, 177N, 1370W,  30, 1006, XX,  34, NEQ,    0,    0,    0,    0, 
EP, 14, 2026090900, 03,  UKX, 114, 181N, 1384W,  31, 1008, XX,  34, NEQ,    0,    0,    0,    0, 
EP, 14, 2026090900, 03,  UKX, 120, 183N, 1400W,  28, 1006, XX,  34, NEQ,    0,    0,    0,    0, 
EP, 14, 2026090900, 03,  UKX, 126, 183N, 1412W,  28, 1008, XX,  34, NEQ,    0,    0,    0,    0, 
EP, 14, 2026090900, 03,  UKX, 132, 187N, 1425W,  28, 1007, XX,  34, NEQ,    0,    0,    0,    0, 
EP, 14, 2026090900, 03,  UKX, 138, 191N, 1439W,  27, 1009, XX,  34, NEQ,    0,    0,    0,    0, 
EP, 14, 2026090900, 03,  UKX, 144, 195N, 1453W,  26, 1007, XX,  34, NEQ,    0,    0,    0,    0, 
EP, 14, 2026090900, 03, AVNO,   0, 153N, 1126W,  23, 1006, XX,  34, NEQ,    0,    0,    0,    0,  -99,  -99,  77,   0,   0, 
EP, 14, 2026090900, 03, AVNO,   6, 153N, 1138W,  22, 1009, XX,  34, NEQ,    0,    0,    0,    0,  -99,  -99, 124,   0,   0, 
EP, 14, 2026090900, 03, AVNO,  12, 162N, 1144W,  23, 1007, XX,  34, NEQ,    0,    0,    0,    0,  -99,  -99, 154,   0,   0, 
EP, 14, 2026090900, 03, AVNO,  18, 166N, 1151W,  33, 1009, XX,  34, NEQ,    0,    0,    0,    0,  -99,  -99,  41,   0,   0, 
EP, 14, 2026090900, 03, AVNO,  24, 167N, 1162W,  25, 1006, XX,  34, NEQ,    0,    0,    0,    0,  -99,  -99,  87,   0,   0, 
EP, 14, 2026090900, 03, AVNO,  30, 163N, 1173W,  27, 1009, XX,  34, NEQ,    0,    0,    0,    0,  -99,  -99, 147,   0,   0, 
EP, 14, 2026090900, 03, AVNO,  36, 163N, 1185W,  25, 1005, XX,  34, NEQ,    0,    0,    0,    0,  -99,  -99, 122,   0,   0, 
EP, 14, 2026090900, 03, AVNO,  42, 171N, 1193W,  31, 1006, XX,  34, NEQ,    0,    0,    0,    0, 1010,  159,  57,   0,   0, 
EP, 14, 2026090900, 03, AVNO,  48, 175N, 1205W,  32, 1004, XX,  34, NEQ,    0,    0,    0,    0,  -99,  -99,  33,   0,   0, 
EP, 14, 2026090900, 03, AVNO,  54, 176N, 1220W,  34, 1005, XX,  34, NEQ,    0,    0,    0,    0, 1009,  126,  84,   0,   0, 
EP, 14, 2026090900, 03, AVNO,  60, 178N, 1230W,  36, 1002, XX,  34, NEQ,   93,    0,    0,    0, 1006,  106,  82,   0,   0, 
EP, 14, 2026090900, 03, AVNO,  66, 181N, 1244W,  36, 1005, XX,  34, NEQ,   72,    0,    0,   64, 1009,  115,  57,   0,   0, 
EP, 14, 2026090900, 03, AVNO,  72, 181N, 1256W,  33, 1002, XX,  34, NEQ,    0,    0,    0,    0, 1006,  119,  72,   0,   0, 
EP, 14, 2026090900, 03, AVNO,  78, 181N, 1264W,  29, 1005, XX,  34, NEQ,    0,    0,    0,    0, 1009,  104,  86,   0,   0, 
EP, 14, 2026090900, 03, AVNO,  84, 184N, 1272W,  31, 1003, XX,  34, NEQ,    0,    0,    0,    0,  -99,  -99,  50,   0,   0, 
EP, 14, 2026090900, 03, AVNO,  90, 188N, 1281W,  34, 1004, XX,  34, NEQ,    0,    0,    0,    0, 1008,   59,  40,   0,   0, 
EP, 14, 2026090900, 03, AVNO,  96, 189N, 1288W,  31, 1002, XX,  34, NEQ,    0,    0,    0,    0, 1006,   74,  64,   0,   0, 
EP, 14, 2026090900, 03, AVNO, 102, 189N, 1298W,  33, 1005, XX,  34, NEQ,    0,    0,    0,    0, 1009,   90,  54,   0,   0, 
EP, 14, 2026090900, 03, AVNO, 108, 190N, 1308W,  32, 1004, XX,  34, NEQ,    0,    0,    0,    0, 1008,  104,  47,   0,   0, 
EP, 14, 2026090900, 03, AVNO, 114, 189N, 1315W,  28, 1006, XX,  34, NEQ,    0,    0,    0,    0, 1010,  104,  50,   0,   0, 
EP, 14, 2026090900, 03, AVNO, 120, 191N, 1322W,  29, 1004, XX,  34, NEQ,    0,    0,    0,    0, 1008,  138,  55,   0,   0, 
EP, 14, 2026090900, 03, AVNO, 126, 192N, 1331W,  32, 1006, XX,  34, NEQ,    0,    0,    0,    0, 1010,   80,  40,   0,   0, 
EP, 14, 2026090900, 03, AVNO, 132, 192N, 1340W,  38, 1003, XX,  34, NEQ,   50,    0,    0,   56, 1007,   73,  48,   0,   0, 
EP, 14, 2026090900, 03, AVNO, 138, 190N, 1349W,  34, 1006, XX,  34, NEQ,    0,    0,    0,    0, 1010,   78,  43,   0,   0, 
EP, 14, 2026090900, 03, AVNO, 144, 187N, 1359W,  32, 1004, XX,  34, NEQ,    0,    0,    0,    0, 1008,  146,  64,   0,   0, 
EP, 14, 2026090900, 03, AVNO, 150, 184N, 1369W,  30, 1007, XX,  34, NEQ,    0,    0,    0,    0, 1011,  158,  52,   0,   0, 
EP, 14, 2026090900, 03, AVNO, 156, 182N, 1378W,  28, 1005, XX,  34, NEQ,    0,    0,    0,    0, 1009, 1627,  65,   0,   0, 
EP, 14, 2026090900, 03, AVNO, 162, 179N, 1388W,  28, 1008, XX,  34, NEQ,    0,    0,    0,    0,  -99,  -99,  75,   0,   0, 
EP, 14, 2026090900, 03, AVNO, 168, 175N, 1399W,  28, 1005, XX,  34, NEQ,    0,    0,    0,    0,  -99,  -99,  63,   0,   0, 
EP, 14, 2026090900, 03, AVNO, 174, 171N, 1411W,  28, 1008, XX,  34, NEQ,    0,    0,    0,    0,  -99,  -99,  82,   0,   0, 
EP, 14, 2026090900, 03, AVNO, 180, 167N, 1424W,  28, 1006, XX,  34, NEQ,    0,    0,    0,    0,  -99,  -99,  64,   0,   0, 
EP, 14, 2026090900, 03, AVNO, 186, 163N, 1437W,  28, 1009, XX,  34, NEQ,    0,    0,    0,    0,  -99,  -99,  55,   0,   0, 
EP, 14, 2026090900, 03, AVNO, 192, 160N, 1451W,  26, 1007, XX,  34, NEQ,    0,    0,    0,    0,  -99,  -99, 109,   0,   0, 
EP, 14, 2026090900, 03, AVNO, 198, 157N, 1465W,  26, 1008, XX,  34, NEQ,    0,    0,    0,    0,  -99,  -99, 111,   0,   0, 
EP, 14, 2026090900, 03, AVNO, 204, 154N, 1479W,  26, 1007, XX,  34, NEQ,    0,    0,    0,    0,  -99,  -99, 125,   0,   0, 
EP, 14, 2026090900, 03, AVNO, 210, 150N, 1494W,  24, 1010, XX,  34, NEQ,    0,    0,    0,    0,  -99,  -99, 151,   0,   0, 
EP, 14, 2026090900, 03, AVNO, 216, 151N, 1507W,  23, 1008, XX,  34, NEQ,    0,    0,    0,    0,  -99,  -99, 143,   0,   0, 
EP, 14, 2026090900, 03, AVNO, 222, 151N, 1519W,  23, 1010, XX,  34, NEQ,    0,    0,    0,    0,  -99,  -99, 160,   0,   0, 
EP, 14, 2026090900, 03, AVNO, 228, 147N, 1532W,  24, 1009, XX,  34, NEQ,    0,    0,    0,    0,  -99,  -99, 140,   0,   0, 
EP, 14, 2026090900, 03, AVNO, 234, 147N, 1544W,  23, 1011, XX,  34, NEQ,    0,    0,    0,    0,  -99,  -99, 158,   0,   0, 
EP, 14, 2026090900, 03, AVNO, 240, 144N, 1554W,  22, 1009, XX,  34, NEQ,    0,    0,    0,    0,  -99,  -99, 154,   0,   0, 
EP, 14, 2026090900, 03, HCCA,   0, 147N, 1113W,  25,    0,   ,   0,    ,    0,    0,    0,    0, 
EP, 14, 2026090900, 03, HCCA,  12, 155N, 1132W,  36,    0,   ,   0,    ,    0,    0,    0,    0, 
EP, 14, 2026090900, 03, HCCA,  24, 159N, 1154W,  44,    0,   ,   0,    ,    0,    0,    0,    0, 
EP, 14, 2026090900, 03, HCCA,  36, 160N, 1179W,  53,    0,   ,   0,    ,    0,    0,    0,    0, 
EP, 14, 2026090900, 03, HCCA,  48, 161N, 1203W,  61,    0,   ,   0,    ,    0,    0,    0,    0, 
EP, 14, 2026090900, 03, HCCA,  60, 164N, 1229W,  63,    0,   ,   0,    ,    0,    0,    0,    0, 
EP, 14, 2026090900, 03, HCCA,  72, 168N, 1253W,  61,    0,   ,   0,    ,    0,    0,    0,    0, 
EP, 14, 2026090900, 03, HCCA,  84, 174N, 1274W,  60,    0,   ,   0,    ,    0,    0,    0,    0, 
EP, 14, 2026090900, 03, HCCA,  96, 181N, 1290W,  63,    0,   ,   0,    ,    0,    0,    0,    0, 
EP, 14, 2026090900, 03, HCCA, 108, 188N, 1306W,  68,    0,   ,   0,    ,    0,    0,    0,    0, 
EP, 14, 2026090900, 03, HCCA, 120, 193N, 1324W,  73,    0,   ,   0,    ,    0,    0,    0,    0, 
EP, 14, 2026090900, 03, HCCA, 132, 193N, 1343W,  68,    0,   ,   0,    ,    0,    0,    0,    0, 
EP, 14, 2026090900, 03, HCCA, 144, 194N, 1362W,  67,    0,   ,   0,    ,    0,    0,    0,    0, 
EP, 14, 2026090900, 03, HCCA, 156, 195N, 1380W,  69,    0,   ,   0,    ,    0,    0,    0,    0, 
EP, 14, 2026090900, 03, HCCA, 168, 197N, 1400W,  72,    0,   ,   0,    ,    0,    0,    0,    0, 
EP, 14, 2026090900, 03, HFSA,   0, 149N, 1113W,  26, 1005, XX,  34, NEQ,    0,    0,    0,    0,  -99,  -99, 144,   0,   0,    ,   0,    , 296,   8,           ,  ,  0,    ,    0,    0,    0,    0, THERMO PARAMS, -55, 51, 174, N, 10, DT, -999, SHR82, -99, 
EP, 14, 2026090900, 03, HFSA,   6, 158N, 1122W,  35, 1008, XX,  34, NEQ,    0,    0,    0,    0,  -99,  -99,  62,   0,   0,    ,   0,    , 302,  12,           ,  ,  0,    ,    0,    0,    0,    0, THERMO PARAMS, -49, -8, 332, N, 10, DT, -999, SHR82, -99, 
EP, 14, 2026090900, 03, HFSA,  12, 169N, 1141W,  38, 1006, XX,  34, NEQ,    0,    0,    0,    0,  -99,  -99,  67,   0,   0,    ,   0,    , 287,  11,           ,  ,  0,    ,    0,    0,    0,    0, THERMO PARAMS, -83, 68, 397, N, 10, DT, -999, SHR82, -99, 
EP, 14, 2026090900, 03, HFSA,  18, 168N, 1143W,  39, 1003, XX,  34, NEQ,   37,   40,   11,   16, 1007,   15,  32,   0,   0,    ,   0,    , 282,  10,           ,  ,  0,    ,    0,    0,    0,    0, THERMO PARAMS, -27, -190, 450, N, 10, DT, -999, SHR82, -99, 
EP, 14, 2026090900, 03, HFSA,  24, 173N, 1154W,  41, 1001, XX,  34, NEQ,    0,    0,    0,    0, 1005,    9,  38,   0,   0,    ,   0,    , 287,  12,           ,  ,  0,    ,    0,    0,    0,    0, THERMO PARAMS, -50, -301, 590, N, 10, DT, -999, SHR82, -99, 
EP, 14, 2026090900, 03, HFSA,  30, 173N, 1173W,  32, 1009, XX,  34, NEQ,    0,    0,    0,    0,  -99,  -99, 106,   0,   0,    ,   0,    , 266,  16,           ,  ,  0,    ,    0,    0,    0,    0, THERMO PARAMS, -9999, -9999, -9999, N, 10, DT, -999, SHR82, -99, 
EP, 14, 2026090900, 03, HFSA,  36, 177N, 1186W,  35, 1004, XX,  34, NEQ,    0,    0,    0,    0,  -99,  -99,  97,   0,   0,    ,   0,    , 279,  14,           ,  ,  0,    ,    0,    0,    0,    0, THERMO PARAMS, -44, -144, 235, N, 10, DT, -999, SHR82, -99, 
EP, 14, 2026090900, 03, HFSA,  42, 181N, 1199W,  38, 1006, XX,  34, NEQ,    0,    0,    0,    0, 1010,   49,  90,   0,   0,    ,   0,    , 279,  15,           ,  ,  0,    ,    0,    0,    0,    0, THERMO PARAMS, -48, -148, 477, N, 10, DT, -999, SHR82, -99, 
EP, 14, 2026090900, 03, HFSA,  48, 181N, 1215W,  39, 1002, XX,  34, NEQ,   45,    0,    0,   40, 1006,   73,  41,   0,   0,    ,   0,    , 279,  14,           ,  ,  0,    ,    0,    0,    0,    0, THERMO PARAMS, -46, -174, 456, N, 10, DT, -999, SHR82, -99, 
EP, 14, 2026090900, 03, HFSA,  54, 179N, 1231W,  32, 1007, XX,  34, NEQ,    0,    0,    0,    0,  -99,  -99,  68,   0,   0,    ,   0,    , 264,  15,           ,  ,  0,    ,    0,    0,    0,    0, THERMO PARAMS, -26, -309, 417, N, 10, DT, -999, SHR82, -99, 
EP, 14, 2026090900, 03, HFSA,  60, 179N, 1244W,  32, 1005, XX,  34, NEQ,    0,    0,    0,    0,  -99,  -99,  66,   0,   0,    ,   0,    , 267,  11,           ,  ,  0,    ,    0,    0,    0,    0, THERMO PARAMS, -23, -108, 197, N, 10, DT, -999, SHR82, -99, 
EP, 14, 2026090900, 03, HFSA,  66, 179N, 1259W,  40, 1005, XX,  34, NEQ,    0,    0,    0,    0,  -99,  -99,  78,   0,   0,    ,   0,    , 273,  13,           ,  ,  0,    ,    0,    0,    0,    0, THERMO PARAMS, -58, 246, 314, N, 10, DT, -999, SHR82, -99, 
EP, 14, 2026090900, 03, HFSA,  72, 179N, 1270W,  35, 1004, XX,  34, NEQ,    0,    0,    0,    0,  -99,  -99,  55,   0,   0,    ,   0,    , 275,  11,           ,  ,  0,    ,    0,    0,    0,    0, THERMO PARAMS, -48, -97, 552, N, 10, DT, -999, SHR82, -99, 
EP, 14, 2026090900, 03, HFSA,  78, 182N, 1280W,  43, 1004, XX,  34, NEQ,    0,    0,    0,    0,  -99,  -99,  31,   0,   0,    ,   0,    , 283,  11,           ,  ,  0,    ,    0,    0,    0,    0, THERMO PARAMS, -45, -191, 527, N, 10, DT, -999, SHR82, -99, 
EP, 14, 2026090900, 03, HFSA,  84, 184N, 1296W,  38, 1003, XX,  34, NEQ,   47,    0,    0,   45, 1007,   47,  43,   0,   0,    ,   0,    , 275,  13,           ,  ,  0,    ,    0,    0,    0,    0, THERMO PARAMS, -51, 308, 469, N, 10, DT, -999, SHR82, -99, 
EP, 14, 2026090900, 03, HFSA,  90, 186N, 1311W,  38, 1006, XX,  34, NEQ,   49,    0,    0,   39,  -99,  -99,  43,   0,   0,    ,   0,    , 277,  13,           ,  ,  0,    ,    0,    0,    0,    0, THERMO PARAMS, -44, 214, 487, N, 10, DT, -999, SHR82, -99, 
EP, 14, 2026090900, 03, HFSA,  96, 187N, 1324W,  33, 1004, XX,  34, NEQ,    0,    0,    0,    0, 1008,   67,  24,   0,   0,    ,   0,    , 277,  11,           ,  ,  0,    ,    0,    0,    0,    0, THERMO PARAMS, -44, 522, 364, N, 10, DT, -999, SHR82, -99, 
EP, 14, 2026090900, 03, HFSA, 102, 189N, 1339W,  37, 1003, XX,  34, NEQ,   70,    0,    0,   39,  -99,  -99,  31,   0,   0,    ,   0,    , 274,  13,           ,  ,  0,    ,    0,    0,    0,    0, THERMO PARAMS, -44, 398, 465, N, 10, DT, -999, SHR82, -99, 
EP, 14, 2026090900, 03, HFSA, 108, 192N, 1351W,  39, 1001, XX,  34, NEQ,   45,    0,    0,   40, 1005,    6,  34,   0,   0,    ,   0,    , 281,  10,           ,  ,  0,    ,    0,    0,    0,    0, THERMO PARAMS, -29, 189, 416, N, 10, DT, -999, SHR82, -99, 
EP, 14, 2026090900, 03, HFSA, 114, 193N, 1366W,  34, 1007, XX,  34, NEQ,    0,    0,    0,    0,  -99,  -99,  57,   0,   0,    ,   0,    , 277,  11,           ,  ,  0,    ,    0,    0,    0,    0, THERMO PARAMS, -45, 393, 304, N, 10, DT, -999, SHR82, -99, 
EP, 14, 2026090900, 03, HFSA, 120, 195N, 1381W,  29, 1005, XX,  34, NEQ,    0,    0,    0,    0,  -99,  -99,  45,   0,   0,    ,   0,    , 280,  11,           ,  ,  0,    ,    0,    0,    0,    0, THERMO PARAMS, -33, 683, 158, N, 10, DT, -999, SHR82, -99, 
EP, 14, 2026090900, 03, HFSA, 126, 197N, 1394W,  29, 1008, XX,  34, NEQ,    0,    0,    0,    0,  -99,  -99,  43,   0,   0,    ,   0,    , -99, -99,           ,  ,  0,    ,    0,    0,    0,    0, THERMO PARAMS, -57, 195, 236, N, 10, DT, -999, SHR82, -99, 
EP, 14, 2026090900, 03, TVCN,   0, 147N, 1113W,   0,    0,   ,   0,    ,    0,    0,    0,    0, 
EP, 14, 2026090900, 03, TVCN,  12, 154N, 1132W,   0,    0,   ,   0,    ,    0,    0,    0,    0, 
EP, 14, 2026090900, 03, TVCN,  24, 157N, 1153W,   0,    0,   ,   0,    ,    0,    0,    0,    0, 
EP, 14, 2026090900, 03, TVCN,  36, 156N, 1176W,   0,    0,   ,   0,    ,    0,    0,    0,    0, 
EP, 14, 2026090900, 03, TVCN,  48, 158N, 1199W,   0,    0,   ,   0,    ,    0,    0,    0,    0, 
EP, 14, 2026090900, 03, TVCN,  60, 160N, 1224W,   0,    0,   ,   0,    ,    0,    0,    0,    0, 
EP, 14, 2026090900, 03, TVCN,  72, 163N, 1247W,   0,    0,   ,   0,    ,    0,    0,    0,    0, 
EP, 14, 2026090900, 03, TVCN,  84, 168N, 1267W,   0,    0,   ,   0,    ,    0,    0,    0,    0, 
EP, 14, 2026090900, 03, TVCN,  96, 175N, 1285W,   0,    0,   ,   0,    ,    0,    0,    0,    0, 
EP, 14, 2026090900, 03, TVCN, 108, 180N, 1302W,   0,    0,   ,   0,    ,    0,    0,    0,    0, 
EP, 14, 2026090900, 03, TVCN, 120, 185N, 1320W,   0,    0,   ,   0,    ,    0,    0,    0,    0, 
EP, 14, 2026090900, 03, TVCN, 132, 189N, 1338W,   0,    0,   ,   0,    ,    0,    0,    0,    0, 
EP, 14, 2026090906, 03, AVNO,   0, 157N, 1135W,  22, 1009, XX,  34, NEQ,    0,    0,    0,    0,  -99,  -99, 121,   0,   0, 
EP, 14, 2026090906, 03, AVNO,   6, 167N, 1140W,  22, 1007, XX,  34, NEQ,    0,    0,    0,    0,  -99,  -99, 129,   0,   0, 
EP, 14, 2026090906, 03, AVNO,  12, 174N, 1149W,  40, 1009, XX,  34, NEQ,   42,    0,    0,    0,  -99,  -99,  35,   0,   0, 
EP, 14, 2026090906, 03, AVNO,  18, 177N, 1165W,  27, 1007, XX,  34, NEQ,    0,    0,    0,    0,  -99,  -99, 102,   0,   0, 
EP, 14, 2026090906, 03, AVNO,  24, 169N, 1178W,  27, 1009, XX,  34, NEQ,    0,    0,    0,    0,  -99,  -99, 122,   0,   0, 
EP, 14, 2026090906, 03, AVNO,  30, 169N, 1187W,  27, 1006, XX,  34, NEQ,    0,    0,    0,    0,  -99,  -99, 132,   0,   0, 
EP, 14, 2026090906, 03, AVNO,  36, 173N, 1198W,  38, 1007, XX,  34, NEQ,   77,    0,    0,    0,  -99,  -99,  76,   0,   0, 
EP, 14, 2026090906, 03, AVNO,  42, 171N, 1206W,  26, 1005, XX,  34, NEQ,    0,    0,    0,    0, 1009, 1686, 136,   0,   0, 
EP, 14, 2026090906, 03, AVNO,  48, 174N, 1216W,  31, 1007, XX,  34, NEQ,    0,    0,    0,    0,  -99,  -99,  28,   0,   0, 
EP, 14, 2026090906, 03, AVNO,  54, 176N, 1229W,  31, 1004, XX,  34, NEQ,    0,    0,    0,    0, 1008,  263,  45,   0,   0, 
EP, 14, 2026090906, 03, AVNO,  60, 176N, 1241W,  34, 1006, XX,  34, NEQ,    0,    0,    0,    0, 1010,  169,  71,   0,   0, 
EP, 14, 2026090906, 03, AVNO,  66, 179N, 1250W,  30, 1003, XX,  34, NEQ,    0,    0,    0,    0, 1007,  208,  79,   0,   0, 
EP, 14, 2026090906, 03, AVNO,  72, 181N, 1261W,  29, 1006, XX,  34, NEQ,    0,    0,    0,    0, 1010,  219,  75,   0,   0, 
EP, 14, 2026090906, 03, AVNO,  78, 181N, 1270W,  26, 1004, XX,  34, NEQ,    0,    0,    0,    0, 1008,  203, 100,   0,   0, 
EP, 14, 2026090906, 03, AVNO,  84, 183N, 1276W,  26, 1007, XX,  34, NEQ,    0,    0,    0,    0, 1011,  258,  90,   0,   0, 
EP, 14, 2026090906, 03, AVNO,  90, 186N, 1283W,  26, 1005, XX,  34, NEQ,    0,    0,    0,    0, 1009, 2710, 139,   0,   0, 
EP, 14, 2026090906, 03, AVNO,  96, 185N, 1293W,  28, 1008, XX,  34, NEQ,    0,    0,    0,    0,  -99,  -99,  75,   0,   0, 
EP, 14, 2026090906, 03, AVNO, 102, 184N, 1303W,  27, 1006, XX,  34, NEQ,    0,    0,    0,    0,  -99,  -99,  81,   0,   0, 
EP, 14, 2026090906, 03, AVNO, 108, 183N, 1311W,  25, 1008, XX,  34, NEQ,    0,    0,    0,    0,  -99,  -99,  87,   0,   0, 
EP, 14, 2026090906, 03, AVNO, 114, 183N, 1319W,  24, 1006, XX,  34, NEQ,    0,    0,    0,    0,  -99,  -99, 101,   0,   0, 
EP, 14, 2026090906, 03, AVNO, 120, 182N, 1326W,  24, 1009, XX,  34, NEQ,    0,    0,    0,    0,  -99,  -99, 157,   0,   0, 
EP, 14, 2026090906, 03, AVNO, 126, 181N, 1333W,  22, 1007, XX,  34, NEQ,    0,    0,    0,    0,  -99,  -99, 148,   0,   0, 
EP, 14, 2026090906, 03, AVNO, 132, 180N, 1340W,  22, 1009, XX,  34, NEQ,    0,    0,    0,    0,  -99,  -99, 137,   0,   0, 
EP, 14, 2026090906, 03, AVNO, 138, 178N, 1347W,  21, 1007, XX,  34, NEQ,    0,    0,    0,    0,  -99,  -99, 145,   0,   0, 
EP, 14, 2026090906, 03, AVNO, 144, 176N, 1357W,  22, 1009, XX,  34, NEQ,    0,    0,    0,    0,  -99,  -99, 121,   0,   0, 
EP, 14, 2026090906, 03, AVNO, 150, 174N, 1364W,  23, 1008, XX,  34, NEQ,    0,    0,    0,    0,  -99,  -99, 129,   0,   0, 
EP, 14, 2026090906, 03, AVNO, 156, 170N, 1374W,  22, 1010, XX,  34, NEQ,    0,    0,    0,    0,  -99,  -99, 138,   0,   0, 
EP, 14, 2026090906, 03, AVNO, 162, 168N, 1385W,  21, 1007, XX,  34, NEQ,    0,    0,    0,    0,  -99,  -99, 132,   0,   0, 
EP, 14, 2026090906, 03, AVNO, 168, 165N, 1396W,  21, 1010, XX,  34, NEQ,    0,    0,    0,    0,  -99,  -99, 142,   0,   0, 
EP, 14, 2026090906, 03, AVNO, 174, 159N, 1407W,  23, 1008, XX,  34, NEQ,    0,    0,    0,    0,  -99,  -99, 160,   0,   0, 
EP, 14, 2026090906, 03, AVNO, 180, 154N, 1420W,  23, 1011, XX,  34, NEQ,    0,    0,    0,    0,  -99,  -99, 155,   0,   0, 
EP, 14, 2026090906, 03, AVNO, 186, 151N, 1432W,  20, 1008, XX,  34, NEQ,    0,    0,    0,    0,  -99,  -99, 159,   0,   0, 
EP, 14, 2026090906, 03, AVNO, 192, 146N, 1444W,  21, 1010, XX,  34, NEQ,    0,    0,    0,    0,  -99,  -99, 158,   0,   0, 
EP, 14, 2026090906, 03, AVNO, 198, 143N, 1457W,  22, 1009, XX,  34, NEQ,    0,    0,    0,    0,  -99,  -99, 161,   0,   0, 
EP, 14, 2026090906, 03, AVNO, 204, 142N, 1469W,  21, 1011, XX,  34, NEQ,    0,    0,    0,    0,  -99,  -99, 155,   0,   0, 
EP, 14, 2026090906, 03, AVNO, 210, 136N, 1483W,  19, 1009, XX,  34, NEQ,    0,    0,    0,    0,  -99,  -99, 162,   0,   0, 
EP, 14, 2026090906, 03, AVNO, 216, 135N, 1499W,  18, 1011, XX,  34, NEQ,    0,    0,    0,    0,  -99,  -99, 159,   0,   0, 
EP, 14, 2026090906, 03, HCCA,   0, 152N, 1130W,  25,    0,   ,   0,    ,    0,    0,    0,    0, 
EP, 14, 2026090906, 03, HCCA,  12, 160N, 1152W,  35,    0,   ,   0,    ,    0,    0,    0,    0, 
EP, 14, 2026090906, 03, HCCA,  24, 161N, 1178W,  43,    0,   ,   0,    ,    0,    0,    0,    0, 
EP, 14, 2026090906, 03, HCCA,  36, 161N, 1206W,  51,    0,   ,   0,    ,    0,    0,    0,    0, 
EP, 14, 2026090906, 03, HCCA,  48, 159N, 1232W,  50,    0,   ,   0,    ,    0,    0,    0,    0, 
EP, 14, 2026090906, 03, HCCA,  60, 159N, 1256W,  54,    0,   ,   0,    ,    0,    0,    0,    0, 
EP, 14, 2026090906, 03, HCCA,  72, 161N, 1277W,  61,    0,   ,   0,    ,    0,    0,    0,    0, 
EP, 14, 2026090906, 03, HCCA,  84, 166N, 1295W,  72,    0,   ,   0,    ,    0,    0,    0,    0, 
EP, 14, 2026090906, 03, HCCA,  96, 172N, 1312W,  85,    0,   ,   0,    ,    0,    0,    0,    0, 
EP, 14, 2026090906, 03, HCCA, 108, 175N, 1327W,  92,    0,   ,   0,    ,    0,    0,    0,    0, 
EP, 14, 2026090906, 03, HCCA, 120, 178N, 1338W,  93,    0,   ,   0,    ,    0,    0,    0,    0, 
EP, 14, 2026090906, 03, HCCA, 132, 178N, 1351W,  96,    0,   ,   0,    ,    0,    0,    0,    0, 
EP, 14, 2026090906, 03, HCCA, 144, 174N, 1365W,  99,    0,   ,   0,    ,    0,    0,    0,    0, 
EP, 14, 2026090906, 03, HCCA, 156, 175N, 1378W,  97,    0,   ,   0,    ,    0,    0,    0,    0, 
EP, 14, 2026090906, 03, HCCA, 168, 173N, 1390W,  96,    0,   ,   0,    ,    0,    0,    0,    0, 
EP, 14, 2026090906, 03, HFSA,   0, 155N, 1127W,  25, 1008, XX,  34, NEQ,    0,    0,    0,    0,  -99,  -99,  80,   0,   0,    ,   0,    , 290,   9,           ,  ,  0,    ,    0,    0,    0,    0, THERMO PARAMS, -76, -151, 62, N, 10, DT, -999, SHR82, -99, 
EP, 14, 2026090906, 03, HFSA,   6, 169N, 1136W,  49,  998, XX,  34, NEQ,   39,    0,    0,   34, 1002,    3,  33,   0,   0,    ,   0,    , 297,  11,           ,  ,  0,    ,    0,    0,    0,    0, THERMO PARAMS, -100, 626, 438, N, 10, DT, -999, SHR82, -99, 
EP, 14, 2026090906, 03, HFSA,  12, 164N, 1142W,  37, 1002, XX,  34, NEQ,   81,   96,    0,    0,  -99,  -99,  79,   0,   0,    ,   0,    , 254,   9,           ,  ,  0,    ,    0,    0,    0,    0, THERMO PARAMS, 45, 125, 511, N, 10, DT, -999, SHR82, -99, 
EP, 14, 2026090906, 03, HFSA,  18, 171N, 1158W,  38, 1006, XX,  34, NEQ,   19,    0,    0,    0,  -99,  -99,  19,   0,   0,    ,   0,    , 289,  16,           ,  ,  0,    ,    0,    0,    0,    0, THERMO PARAMS, -53, 102, 140, N, 10, DT, -999, SHR82, -99, 
EP, 14, 2026090906, 03, HFSA,  24, 171N, 1168W,  44, 1000, XX,  34, NEQ,    0,    0,    0,    0, 1004,    6,  57,   0,   0,    ,   0,    , 278,   9,           ,  ,  0,    ,    0,    0,    0,    0, THERMO PARAMS, -21, 98, 245, N, 10, DT, -999, SHR82, -99, 
EP, 14, 2026090906, 03, HFSA,  30, 171N, 1182W,  33, 1001, XX,  34, NEQ,    0,    0,    0,    0, 1005,   16, 113,   0,   0,    ,   0,    , 276,  11,           ,  ,  0,    ,    0,    0,    0,    0, THERMO PARAMS, -20, -370, 461, N, 10, DT, -999, SHR82, -99, 
EP, 14, 2026090906, 03, HFSA,  36, 175N, 1195W,  41, 1005, XX,  34, NEQ,    0,  152,    0,    0, 1009,   80, 108,   0,   0,    ,   0,    , 283,  14,           ,  ,  0,    ,    0,    0,    0,    0, THERMO PARAMS, -42, 34, 399, N, 10, DT, -999, SHR82, -99, 
EP, 14, 2026090906, 03, HFSA,  42, 176N, 1208W,  41, 1001, XX,  34, NEQ,    0,    0,    0,    0, 1005,   67,  36,   0,   0,    ,   0,    , 273,  11,           ,  ,  0,    ,    0,    0,    0,    0, THERMO PARAMS, -45, -153, 392, N, 10, DT, -999, SHR82, -99, 
EP, 14, 2026090906, 03, HFSA,  48, 175N, 1220W,  43, 1003, XX,  34, NEQ,   29,    0,    0,   47,  -99,  -99,  25,   0,   0,    ,   0,    , 268,  12,           ,  ,  0,    ,    0,    0,    0,    0, THERMO PARAMS, -17, -43, 415, N, 10, DT, -999, SHR82, -99, 
EP, 14, 2026090906, 03, HFSA,  54, 178N, 1232W,  45,  999, XX,  34, NEQ,   74,    0,    0,   58, 1003,   32,  51,   0,   0,    ,   0,    , 280,  12,           ,  ,  0,    ,    0,    0,    0,    0, THERMO PARAMS, -21, 38, 750, N, 10, DT, -999, SHR82, -99, 
EP, 14, 2026090906, 03, HFSA,  60, 177N, 1244W,  40, 1001, XX,  34, NEQ,   52,    0,    0,   55, 1005,   34,  23,   0,   0,    ,   0,    , 271,  10,           ,  ,  0,    ,    0,    0,    0,    0, THERMO PARAMS, -30, -34, 631, N, 10, DT, -999, SHR82, -99, 
EP, 14, 2026090906, 03, HFSA,  66, 179N, 1255W,  49,  997, XX,  34, NEQ,   58,    0,    0,   47,  -99,  -99,  38,   0,   0,    ,   0,    , 276,  10,           ,  ,  0,    ,    0,    0,    0,    0, THERMO PARAMS, -27, 318, 719, N, 10, DT, -999, SHR82, -99, 
EP, 14, 2026090906, 03, HFSA,  72, 180N, 1265W,  43,  998, XX,  34, NEQ,   96,    0,    0,   63, 1006,   53,  21,   0,   0,    ,   0,    , 278,  10,           ,  ,  0,    ,    0,    0,    0,    0, THERMO PARAMS, -16, 198, 931, N, 10, DT, -999, SHR82, -99, 
EP, 14, 2026090906, 03, HFSA,  78, 183N, 1275W,  43,  995, XX,  34, NEQ,   84,    0,    0,   62,  999,   13,  77,   0,   0,    ,   0,    , 287,   9,           ,  ,  0,    ,    0,    0,    0,    0, THERMO PARAMS, -16, 621, 894, N, 10, DT, -999, SHR82, -99, 
EP, 14, 2026090906, 03, HFSA,  84, 186N, 1286W,  46,  997, XX,  34, NEQ,   57,    0,   24,   52, 1001,   21,  24,   0,   0,    ,   0,    , 281,  11,           ,  ,  0,    ,    0,    0,    0,    0, THERMO PARAMS, -8, 279, 967, N, 10, DT, -999, SHR82, -99, 
EP, 14, 2026090906, 03, HFSA,  90, 189N, 1297W,  45,  995, XX,  34, NEQ,   71,    0,   19,   66, 1003,   42,  27,   0,   0,    ,   0,    , 287,  10,           ,  ,  0,    ,    0,    0,    0,    0, THERMO PARAMS, -12, 207, 1008, N, 10, DT, -999, SHR82, -99, 
EP, 14, 2026090906, 03, HFSA,  96, 191N, 1307W,  50,  996, XX,  34, NEQ,   79,    0,   32,   73, 1004,   40,  31,   0,   0,    ,   0,    , 274,  10,           ,  ,  0,    ,    0,    0,    0,    0, THERMO PARAMS, -16, 655, 931, N, 10, DT, -999, SHR82, -99, 
EP, 14, 2026090906, 03, HFSA, 102, 195N, 1317W,  54,  990, XX,  34, NEQ,   70,   53,   40,   66,  994,   15,  19,   0,   0,    ,   0,    , 287,  10,           ,  ,  0,    ,    0,    0,    0,    0, THERMO PARAMS, -17, 842, 1036, N, 10, DT, -999, SHR82, -99, 
EP, 14, 2026090906, 03, HFSA, 102, 195N, 1317W,  54,  990, XX,  50, NEQ,   34,    0,    0,   32,  994,   15,  19,   0,   0,    ,   0,    , 287,  10,           ,  ,  0,    ,    0,    0,    0,    0, THERMO PARAMS, -17, 842, 1036, N, 10, DT, -999, SHR82, -99, 
EP, 14, 2026090906, 03, HFSA, 108, 195N, 1327W,  58,  989, XX,  34, NEQ,   70,   50,   49,   76, 1001,   28,  25,   0,   0,    ,   0,    , 284,   9,           ,  ,  0,    ,    0,    0,    0,    0, THERMO PARAMS, -52, 958, 1376, N, 10, DT, -999, SHR82, -99, 
EP, 14, 2026090906, 03, HFSA, 108, 195N, 1327W,  58,  989, XX,  50, NEQ,   31,   18,    0,   23, 1001,   28,  25,   0,   0,    ,   0,    , 284,   9,           ,  ,  0,    ,    0,    0,    0,    0, THERMO PARAMS, -52, 958, 1376, N, 10, DT, -999, SHR82, -99, 
EP, 14, 2026090906, 03, HFSA, 114, 196N, 1338W,  61,  985, XX,  34, NEQ,   66,   57,   37,   76, 1001,   33,  17,   0,   0,    ,   0,    , 281,   9,           ,  ,  0,    ,    0,    0,    0,    0, THERMO PARAMS, -20, 1053, 1492, N, 10, DT, -999, SHR82, -99, 
EP, 14, 2026090906, 03, HFSA, 114, 196N, 1338W,  61,  985, XX,  50, NEQ,   28,   19,   18,   31, 1001,   33,  17,   0,   0,    ,   0,    , 281,   9,           ,  ,  0,    ,    0,    0,    0,    0, THERMO PARAMS, -20, 1053, 1492, N, 10, DT, -999, SHR82, -99, 
EP, 14, 2026090906, 03, HFSA, 120, 197N, 1347W,  68,  986, XX,  34, NEQ,   66,   55,   37,   66, 1006,   48,  17,   0,   0,    ,   0,    , 276,   9,           ,  ,  0,    ,    0,    0,    0,    0, THERMO PARAMS, -20, 1012, 1552, N, 10, DT, -999, SHR82, -99, 
EP, 14, 2026090906, 03, HFSA, 120, 197N, 1347W,  68,  986, XX,  50, NEQ,   34,   23,   16,   31, 1006,   48,  17,   0,   0,    ,   0,    , 276,   9,           ,  ,  0,    ,    0,    0,    0,    0, THERMO PARAMS, -20, 1012, 1552, N, 10, DT, -999, SHR82, -99, 
EP, 14, 2026090906, 03, HFSA, 120, 197N, 1347W,  68,  986, XX,  64, NEQ,   21,    0,    0,   21, 1006,   48,  17,   0,   0,    ,   0,    , 276,   9,           ,  ,  0,    ,    0,    0,    0,    0, THERMO PARAMS, -20, 1012, 1552, N, 10, DT, -999, SHR82, -99, 
EP, 14, 2026090906, 03, HFSA, 126, 199N, 1356W,  71,  986, XX,  34, NEQ,   65,   53,   37,   62, 1006,   57,  16,   0,   0,    ,   0,    , -99, -99,           ,  ,  0,    ,    0,    0,    0,    0, THERMO PARAMS, -49, 1306, 1392, N, 10, DT, -999, SHR82, -99, 
EP, 14, 2026090906, 03, HFSA, 126, 199N, 1356W,  71,  986, XX,  50, NEQ,   37,   16,   15,   36, 1006,   57,  16,   0,   0,    ,   0,    , -99, -99,           ,  ,  0,    ,    0,    0,    0,    0, THERMO PARAMS, -49, 1306, 1392, N, 10, DT, -999, SHR82, -99, 
EP, 14, 2026090906, 03, HFSA, 126, 199N, 1356W,  71,  986, XX,  64, NEQ,   21,    0,    0,   21, 1006,   57,  16,   0,   0,    ,   0,    , -99, -99,           ,  ,  0,    ,    0,    0,    0,    0, THERMO PARAMS, -49, 1306, 1392, N, 10, DT, -999, SHR82, -99, 
EP, 14, 2026090906, 03, TVCN,   0, 152N, 1130W,   0,    0,   ,   0,    ,    0,    0,    0,    0, 
EP, 14, 2026090906, 03, TVCN,  12, 160N, 1151W,   0,    0,   ,   0,    ,    0,    0,    0,    0, 
EP, 14, 2026090906, 03, TVCN,  24, 163N, 1175W,   0,    0,   ,   0,    ,    0,    0,    0,    0, 
EP, 14, 2026090906, 03, TVCN,  36, 165N, 1200W,   0,    0,   ,   0,    ,    0,    0,    0,    0, 
EP, 14, 2026090906, 03, TVCN,  48, 166N, 1226W,   0,    0,   ,   0,    ,    0,    0,    0,    0, 
EP, 14, 2026090906, 03, TVCN,  60, 167N, 1251W,   0,    0,   ,   0,    ,    0,    0,    0,    0, 
EP, 14, 2026090906, 03, TVCN,  72, 170N, 1272W,   0,    0,   ,   0,    ,    0,    0,    0,    0, 
EP, 14, 2026090906, 03, TVCN,  84, 174N, 1293W,   0,    0,   ,   0,    ,    0,    0,    0,    0, 
EP, 14, 2026090906, 03, TVCN,  96, 178N, 1312W,   0,    0,   ,   0,    ,    0,    0,    0,    0, 
EP, 14, 2026090906, 03, TVCN, 108, 182N, 1331W,   0,    0,   ,   0,    ,    0,    0,    0,    0, 
EP, 14, 2026090906, 03, TVCN, 120, 184N, 1351W,   0,    0,   ,   0,    ,    0,    0,    0,    0, 
EP, 14, 2026090906, 03, TVCN, 132, 185N, 1371W,   0,    0,   ,   0,    ,    0,    0,    0,    0, 
EP, 14, 2026090906, 03, TVCN, 144, 176N, 1380W,   0,    0,   ,   0,    ,    0,    0,    0,    0, 
EP, 14, 2026090906, 03, TVCN, 156, 172N, 1398W,   0,    0,   ,   0,    ,    0,    0,    0,    0, 
EP, 14, 2026090906, 03, TVCN, 168, 168N, 1416W,   0,    0,   ,   0,    ,    0,    0,    0,    0, 
EP, 14, 2026090912, 03,  UKX,   0, 154N, 1149W,  26, 1008, XX,  34, NEQ,    0,    0,    0,    0, 
EP, 14, 2026090912, 03,  UKX,   6, 157N, 1161W,  23, 1008, XX,  34, NEQ,    0,    0,    0,    0, 
EP, 14, 2026090912, 03,  UKX,  12, 156N, 1176W,  23, 1007, XX,  34, NEQ,    0,    0,    0,    0, 
EP, 14, 2026090912, 03,  UKX,  18, 155N, 1189W,  22, 1008, XX,  34, NEQ,    0,    0,    0,    0, 
EP, 14, 2026090912, 03,  UKX,  24, 154N, 1200W,  25, 1007, XX,  34, NEQ,    0,    0,    0,    0, 
EP, 14, 2026090912, 03,  UKX,  30, 154N, 1212W,  26, 1007, XX,  34, NEQ,    0,    0,    0,    0, 
EP, 14, 2026090912, 03,  UKX,  36, 155N, 1226W,  25, 1006, XX,  34, NEQ,    0,    0,    0,    0, 
EP, 14, 2026090912, 03,  UKX,  42, 156N, 1241W,  25, 1007, XX,  34, NEQ,    0,    0,    0,    0, 
EP, 14, 2026090912, 03,  UKX,  48, 157N, 1253W,  25, 1006, XX,  34, NEQ,    0,    0,    0,    0, 
EP, 14, 2026090912, 03,  UKX,  54, 160N, 1266W,  26, 1008, XX,  34, NEQ,    0,    0,    0,    0, 
EP, 14, 2026090912, 03,  UKX,  60, 163N, 1280W,  25, 1005, XX,  34, NEQ,    0,    0,    0,    0, 
EP, 14, 2026090912, 03,  UKX,  66, 164N, 1294W,  27, 1007, XX,  34, NEQ,    0,    0,    0,    0, 
EP, 14, 2026090912, 03,  UKX,  72, 164N, 1306W,  26, 1005, XX,  34, NEQ,    0,    0,    0,    0, 
EP, 14, 2026090912, 03,  UKX,  78, 165N, 1318W,  26, 1007, XX,  34, NEQ,    0,    0,    0,    0, 
EP, 14, 2026090912, 03,  UKX,  84, 164N, 1327W,  24, 1005, XX,  34, NEQ,    0,    0,    0,    0, 
EP, 14, 2026090912, 03,  UKX,  90, 166N, 1335W,  25, 1008, XX,  34, NEQ,    0,    0,    0,    0, 
EP, 14, 2026090912, 03,  UKX,  96, 168N, 1343W,  25, 1006, XX,  34, NEQ,    0,    0,    0,    0, 
EP, 14, 2026090912, 03,  UKX, 102, 171N, 1353W,  28, 1008, XX,  34, NEQ,    0,    0,    0,    0, 
EP, 14, 2026090912, 03,  UKX, 108, 173N, 1365W,  29, 1006, XX,  34, NEQ,    0,    0,    0,    0, 
EP, 14, 2026090912, 03,  UKX, 114, 175N, 1377W,  29, 1008, XX,  34, NEQ,    0,    0,    0,    0, 
EP, 14, 2026090912, 03,  UKX, 120, 177N, 1388W,  29, 1006, XX,  34, NEQ,    0,    0,    0,    0, 
EP, 14, 2026090912, 03,  UKX, 126, 180N, 1399W,  27, 1008, XX,  34, NEQ,    0,    0,    0,    0, 
EP, 14, 2026090912, 03,  UKX, 132, 182N, 1413W,  27, 1006, XX,  34, NEQ,    0,    0,    0,    0, 
EP, 14, 2026090912, 03,  UKX, 138, 182N, 1429W,  28, 1009, XX,  34, NEQ,    0,    0,    0,    0, 
EP, 14, 2026090912, 03,  UKX, 144, 185N, 1441W,  27, 1008, XX,  34, NEQ,    0,    0,    0,    0, 
EP, 14, 2026090912, 03, AVNO,   0, 157N, 1144W,  22, 1006, XX,  34, NEQ,    0,    0,    0,    0,  -99,  -99, 140,   0,   0, 
EP, 14, 2026090912, 03, AVNO,   6, 154N, 1154W,  26, 1009, XX,  34, NEQ,    0,    0,    0,    0,  -99,  -99, 101,   0,   0, 
EP, 14, 2026090912, 03, AVNO,  12, 156N, 1162W,  24, 1006, XX,  34, NEQ,    0,    0,    0,    0,  -99,  -99, 101,   0,   0, 
EP, 14, 2026090912, 03, AVNO,  18, 161N, 1168W,  27, 1009, XX,  34, NEQ,    0,    0,    0,    0,  -99,  -99,  90,   0,   0, 
EP, 14, 2026090912, 03, AVNO,  24, 166N, 1176W,  37, 1006, XX,  34, NEQ,   39,    0,    0,   37,  -99,  -99,  37,   0,   0, 
EP, 14, 2026090912, 03, AVNO,  30, 171N, 1191W,  46, 1006, XX,  34, NEQ,   30,    0,    0,   28,  -99,  -99,  25,   0,   0, 
EP, 14, 2026090912, 03, AVNO,  36, 171N, 1207W,  33, 1003, XX,  34, NEQ,    0,    0,    0,    0, 1007,  199,  56,   0,   0, 
EP, 14, 2026090912, 03, AVNO,  42, 173N, 1218W,  36, 1005, XX,  34, NEQ,   68,    0,    0,   32, 1009,  109,  43,   0,   0, 
EP, 14, 2026090912, 03, AVNO,  48, 172N, 1233W,  33, 1002, XX,  34, NEQ,    0,    0,    0,    0, 1006,  106,  56,   0,   0, 
EP, 14, 2026090912, 03, AVNO,  54, 174N, 1242W,  33, 1004, XX,  34, NEQ,    0,    0,    0,    0, 1008,   94,  52,   0,   0, 
EP, 14, 2026090912, 03, AVNO,  60, 175N, 1250W,  31, 1001, XX,  34, NEQ,    0,    0,    0,    0, 1005,  112,  45,   0,   0, 
EP, 14, 2026090912, 03, AVNO,  66, 179N, 1259W,  38, 1004, XX,  34, NEQ,   85,    0,    0,   38, 1008,   98,  74,   0,   0, 
EP, 14, 2026090912, 03, AVNO,  72, 182N, 1269W,  38, 1001, XX,  34, NEQ,   80,    0,    0,    0, 1009,  697,  72,   0,   0, 
EP, 14, 2026090912, 03, AVNO,  78, 184N, 1279W,  36, 1003, XX,  34, NEQ,   95,    0,    0,   43, 1011,  162,  88,   0,   0, 
EP, 14, 2026090912, 03, AVNO,  84, 187N, 1284W,  37, 1001, XX,  34, NEQ,   99,    0,    0,   63, 1005,   50,  81,   0,   0, 
EP, 14, 2026090912, 03, AVNO,  90, 188N, 1293W,  35, 1004, XX,  34, NEQ,    0,    0,    0,   61, 1008,   53,  56,   0,   0, 
EP, 14, 2026090912, 03, AVNO,  96, 189N, 1300W,  34, 1002, XX,  34, NEQ,    0,    0,    0,    0, 1006,   61,  71,   0,   0, 
EP, 14, 2026090912, 03, AVNO, 102, 193N, 1307W,  34, 1005, XX,  34, NEQ,    0,    0,    0,    0, 1009,   76, 103,   0,   0, 
EP, 14, 2026090912, 03, AVNO, 108, 194N, 1319W,  30, 1004, XX,  34, NEQ,    0,    0,    0,    0, 1008,  133, 101,   0,   0, 
EP, 14, 2026090912, 03, AVNO, 114, 194N, 1328W,  31, 1007, XX,  34, NEQ,    0,    0,    0,    0, 1011,  121,  83,   0,   0, 
EP, 14, 2026090912, 03, AVNO, 120, 196N, 1337W,  27, 1006, XX,  34, NEQ,    0,    0,    0,    0, 1010, 1621,  92,   0,   0, 
EP, 14, 2026090912, 03, AVNO, 126, 195N, 1347W,  27, 1008, XX,  34, NEQ,    0,    0,    0,    0,  -99,  -99,  95,   0,   0, 
EP, 14, 2026090912, 03, AVNO, 132, 193N, 1356W,  26, 1006, XX,  34, NEQ,    0,    0,    0,    0,  -99,  -99, 104,   0,   0, 
EP, 14, 2026090912, 03, AVNO, 138, 191N, 1365W,  26, 1009, XX,  34, NEQ,    0,    0,    0,    0,  -99,  -99,  88,   0,   0, 
EP, 14, 2026090912, 03, AVNO, 144, 188N, 1373W,  23, 1007, XX,  34, NEQ,    0,    0,    0,    0,  -99,  -99,  90,   0,   0, 
EP, 14, 2026090912, 03, AVNO, 150, 185N, 1381W,  24, 1010, XX,  34, NEQ,    0,    0,    0,    0,  -99,  -99,  75,   0,   0, 
EP, 14, 2026090912, 03, AVNO, 156, 181N, 1389W,  23, 1007, XX,  34, NEQ,    0,    0,    0,    0,  -99,  -99,  54,   0,   0, 
EP, 14, 2026090912, 03, AVNO, 162, 175N, 1398W,  23, 1009, XX,  34, NEQ,    0,    0,    0,    0,  -99,  -99,  96,   0,   0, 
EP, 14, 2026090912, 03, AVNO, 168, 169N, 1408W,  24, 1008, XX,  34, NEQ,    0,    0,    0,    0,  -99,  -99, 118,   0,   0, 
EP, 14, 2026090912, 03, AVNO, 174, 165N, 1418W,  24, 1010, XX,  34, NEQ,    0,    0,    0,    0,  -99,  -99, 135,   0,   0, 
EP, 14, 2026090912, 03, AVNO, 180, 162N, 1429W,  23, 1008, XX,  34, NEQ,    0,    0,    0,    0,  -99,  -99, 144,   0,   0, 
EP, 14, 2026090912, 03, AVNO, 186, 158N, 1438W,  23, 1010, XX,  34, NEQ,    0,    0,    0,    0,  -99,  -99, 161,   0,   0, 
EP, 14, 2026090912, 03, AVNO, 192, 155N, 1449W,  24, 1008, XX,  34, NEQ,    0,    0,    0,    0,  -99,  -99, 122,   0,   0, 
EP, 14, 2026090912, 03, AVNO, 198, 152N, 1460W,  23, 1011, XX,  34, NEQ,    0,    0,    0,    0,  -99,  -99, 132,   0,   0, 
EP, 14, 2026090912, 03, AVNO, 204, 153N, 1470W,  22, 1009, XX,  34, NEQ,    0,    0,    0,    0,  -99,  -99, 135,   0,   0, 
EP, 14, 2026090912, 03, AVNO, 210, 152N, 1479W,  22, 1011, XX,  34, NEQ,    0,    0,    0,    0,  -99,  -99, 160,   0,   0, 
EP, 14, 2026090912, 03, AVNO, 216, 157N, 1487W,  21, 1010, XX,  34, NEQ,    0,    0,    0,    0,  -99,  -99, 158,   0,   0, 
EP, 14, 2026090912, 03, AVNO, 222, 153N, 1498W,  21, 1012, XX,  34, NEQ,    0,    0,    0,    0,  -99,  -99, 149,   0,   0, 
EP, 14, 2026090912, 03, AVNO, 228, 146N, 1507W,  19, 1010, XX,  34, NEQ,    0,    0,    0,    0,  -99,  -99, 158,   0,   0, 
EP, 14, 2026090912, 03, AVNO, 234, 144N, 1519W,  19, 1013, XX,  34, NEQ,    0,    0,    0,    0,  -99,  -99, 161,   0,   0, 
EP, 14, 2026090912, 03, AVNO, 240, 142N, 1525W,  18, 1011, XX,  34, NEQ,    0,    0,    0,    0,  -99,  -99, 159,   0,   0, 
EP, 14, 2026090912, 03, HCCA,   0, 154N, 1139W,  25,    0,   ,   0,    ,    0,    0,    0,    0, 
EP, 14, 2026090912, 03, HCCA,  12, 160N, 1160W,  33,    0,   ,   0,    ,    0,    0,    0,    0, 
EP, 14, 2026090912, 03, HCCA,  24, 161N, 1184W,  43,    0,   ,   0,    ,    0,    0,    0,    0, 
EP, 14, 2026090912, 03, HCCA,  36, 161N, 1210W,  53,    0,   ,   0,    ,    0,    0,    0,    0, 
EP, 14, 2026090912, 03, HCCA,  48, 161N, 1234W,  57,    0,   ,   0,    ,    0,    0,    0,    0, 
EP, 14, 2026090912, 03, HCCA,  60, 162N, 1257W,  63,    0,   ,   0,    ,    0,    0,    0,    0, 
EP, 14, 2026090912, 03, HCCA,  72, 165N, 1277W,  63,    0,   ,   0,    ,    0,    0,    0,    0, 
EP, 14, 2026090912, 03, HCCA,  84, 170N, 1295W,  67,    0,   ,   0,    ,    0,    0,    0,    0, 
EP, 14, 2026090912, 03, HCCA,  96, 175N, 1313W,  75,    0,   ,   0,    ,    0,    0,    0,    0, 
EP, 14, 2026090912, 03, HCCA, 108, 179N, 1328W,  85,    0,   ,   0,    ,    0,    0,    0,    0, 
EP, 14, 2026090912, 03, HCCA, 120, 181N, 1341W,  88,    0,   ,   0,    ,    0,    0,    0,    0, 
EP, 14, 2026090912, 03, HCCA, 132, 179N, 1355W,  79,    0,   ,   0,    ,    0,    0,    0,    0, 
EP, 14, 2026090912, 03, HCCA, 144, 173N, 1367W,  75,    0,   ,   0,    ,    0,    0,    0,    0, 
EP, 14, 2026090912, 03, HCCA, 156, 169N, 1378W,  74,    0,   ,   0,    ,    0,    0,    0,    0, 
EP, 14, 2026090912, 03, HCCA, 168, 164N, 1390W,  73,    0,   ,   0,    ,    0,    0,    0,    0, 
EP, 14, 2026090912, 03, HFSA,   0, 153N, 1139W,  25, 1006, XX,  34, NEQ,    0,    0,    0,    0,  -99,  -99, 136,   0,   0,    ,   0,    , 288,   9,           ,  ,  0,    ,    0,    0,    0,    0, THERMO PARAMS, -74, 36, 384, N, 10, DT, -999, SHR82, -99, 
EP, 14, 2026090912, 03, HFSA,   6, 163N, 1143W,  46,  999, XX,  34, NEQ,   26,    0,    0,   19, 1003,    5,  19,   0,   0,    ,   0,    , 295,  12,           ,  ,  0,    ,    0,    0,    0,    0, THERMO PARAMS, -82, 327, 424, N, 10, DT, -999, SHR82, -99, 
EP, 14, 2026090912, 03, HFSA,  12, 168N, 1155W,  49,  998, XX,  34, NEQ,    0,    0,    0,    0, 1002,    4,  26,   0,   0,    ,   0,    , 290,  10,           ,  ,  0,    ,    0,    0,    0,    0, THERMO PARAMS, -37, 94, 400, N, 10, DT, -999, SHR82, -99, 
EP, 14, 2026090912, 03, HFSA,  18, 170N, 1173W,  32, 1008, XX,  34, NEQ,    0,    0,    0,    0,  -99,  -99, 105,   0,   0,    ,   0,    , 282,  18,           ,  ,  0,    ,    0,    0,    0,    0, THERMO PARAMS, -31, -29, 94, N, 10, DT, -999, SHR82, -99, 
EP, 14, 2026090912, 03, HFSA,  24, 169N, 1187W,  42, 1005, XX,  34, NEQ,    0,    0,    0,    0,  -99,  -99, 122,   0,   0,    ,   0,    , 273,  14,           ,  ,  0,    ,    0,    0,    0,    0, THERMO PARAMS, -9999, -9999, -9999, N, 10, DT, -999, SHR82, -99, 
EP, 14, 2026090912, 03, HFSA,  30, 167N, 1200W,  37, 1004, XX,  34, NEQ,    0,    0,    0,    0, 1008,   30, 140,   0,   0,    ,   0,    , 273,  13,           ,  ,  0,    ,    0,    0,    0,    0, THERMO PARAMS, -9999, -9999, -9999, N, 10, DT, -999, SHR82, -99, 
EP, 14, 2026090912, 03, HFSA,  36, 168N, 1210W,  49,  992, XX,  34, NEQ,   52,    0,    0,    0, 1000,   10,  16,   0,   0,    ,   0,    , 282,  10,           ,  ,  0,    ,    0,    0,    0,    0, THERMO PARAMS, -9999, -9999, -9999, N, 10, DT, -999, SHR82, -99, 
EP, 14, 2026090912, 03, HFSA,  42, 169N, 1223W,  39, 1001, XX,  34, NEQ,   31,    0,    0,   32, 1005,   15,  20,   0,   0,    ,   0,    , 275,  13,           ,  ,  0,    ,    0,    0,    0,    0, THERMO PARAMS, -31, 89, 470, N, 10, DT, -999, SHR82, -99, 
EP, 14, 2026090912, 03, HFSA,  48, 170N, 1231W,  38,  999, XX,  34, NEQ,   55,    0,    0,   45, 1003,   20,  53,   0,   0,    ,   0,    , 285,  10,           ,  ,  0,    ,    0,    0,    0,    0, THERMO PARAMS, -32, -3, 481, N, 10, DT, -999, SHR82, -99, 
EP, 14, 2026090912, 03, HFSA,  54, 173N, 1242W,  50,  998, XX,  34, NEQ,   70,    8,   16,   52, 1006,   35,  36,   0,   0,    ,   0,    , 282,  12,           ,  ,  0,    ,    0,    0,    0,    0, THERMO PARAMS, -34, 741, 449, N, 10, DT, -999, SHR82, -99, 
EP, 14, 2026090912, 03, HFSA,  60, 175N, 1254W,  42,  996, XX,  34, NEQ,   71,    0,    0,   60, 1004,   48,  42,   0,   0,    ,   0,    , 277,  11,           ,  ,  0,    ,    0,    0,    0,    0, THERMO PARAMS, -41, 875, 627, N, 10, DT, -999, SHR82, -99, 
EP, 14, 2026090912, 03, HFSA,  66, 176N, 1264W,  44,  998, XX,  34, NEQ,   58,    0,    0,   66, 1002,   16,  25,   0,   0,    ,   0,    , 281,  10,           ,  ,  0,    ,    0,    0,    0,    0, THERMO PARAMS, -51, 627, 297, N, 10, DT, -999, SHR82, -99, 
EP, 14, 2026090912, 03, HFSA,  72, 180N, 1270W,  65,  986, XX,  34, NEQ,   87,   36,   10,   66, 1006,   83,  11,   0,   0,    ,   0,    , 305,   8,           ,  ,  0,    ,    0,    0,    0,    0, THERMO PARAMS, -40, 615, 1084, N, 10, DT, -999, SHR82, -99, 
EP, 14, 2026090912, 03, HFSA,  72, 180N, 1270W,  65,  986, XX,  50, NEQ,   19,    0,    0,   19, 1006,   83,  11,   0,   0,    ,   0,    , 305,   8,           ,  ,  0,    ,    0,    0,    0,    0, THERMO PARAMS, -40, 615, 1084, N, 10, DT, -999, SHR82, -99, 
EP, 14, 2026090912, 03, HFSA,  72, 180N, 1270W,  65,  986, XX,  64, NEQ,    0,    0,    0,   11, 1006,   83,  11,   0,   0,    ,   0,    , 305,   8,           ,  ,  0,    ,    0,    0,    0,    0, THERMO PARAMS, -40, 615, 1084, N, 10, DT, -999, SHR82, -99, 
EP, 14, 2026090912, 03, HFSA,  78, 185N, 1277W,  59,  994, XX,  34, NEQ,   84,   47,   29,   71,  998,   13,  27,   0,   0,    ,   0,    , 298,  10,           ,  ,  0,    ,    0,    0,    0,    0, THERMO PARAMS, -62, 558, 1152, N, 10, DT, -999, SHR82, -99, 
EP, 14, 2026090912, 03, HFSA,  78, 185N, 1277W,  59,  994, XX,  50, NEQ,   31,    0,    0,   31,  998,   13,  27,   0,   0,    ,   0,    , 298,  10,           ,  ,  0,    ,    0,    0,    0,    0, THERMO PARAMS, -62, 558, 1152, N, 10, DT, -999, SHR82, -99, 
EP, 14, 2026090912, 03, HFSA,  84, 187N, 1287W,  51,  994, XX,  34, NEQ,   81,   37,   39,   68, 1002,   34,  73,   0,   0,    ,   0,    , 285,   8,           ,  ,  0,    ,    0,    0,    0,    0, THERMO PARAMS, -73, 1238, 475, N, 10, DT, -999, SHR82, -99, 
EP, 14, 2026090912, 03, HFSA,  90, 189N, 1294W,  46,  997, XX,  34, NEQ,   91,   28,   34,   73, 1001,   18,  76,   0,   0,    ,   0,    , 284,   8,           ,  ,  0,    ,    0,    0,    0,    0, THERMO PARAMS, -66, 1047, 557, N, 10, DT, -999, SHR82, -99, 
EP, 14, 2026090912, 03, HFSA,  96, 193N, 1303W,  58,  990, XX,  34, NEQ,   81,   39,   39,   83,  994,   12,  24,   0,   0,    ,   0,    , 288,  10,           ,  ,  0,    ,    0,    0,    0,    0, THERMO PARAMS, -45, 835, 1157, N, 10, DT, -999, SHR82, -99, 
EP, 14, 2026090912, 03, HFSA,  96, 193N, 1303W,  58,  990, XX,  50, NEQ,   44,    0,   21,   32,  994,   12,  24,   0,   0,    ,   0,    , 288,  10,           ,  ,  0,    ,    0,    0,    0,    0, THERMO PARAMS, -45, 835, 1157, N, 10, DT, -999, SHR82, -99, 
EP, 14, 2026090912, 03, HFSA, 102, 194N, 1311W,  58,  991, XX,  34, NEQ,   83,   45,   18,   91, 1007,   57,  18,   0,   0,    ,   0,    , 283,   8,           ,  ,  0,    ,    0,    0,    0,    0, THERMO PARAMS, -42, 904, 1210, N, 10, DT, -999, SHR82, -99, 
EP, 14, 2026090912, 03, HFSA, 102, 194N, 1311W,  58,  991, XX,  50, NEQ,   26,    0,    0,   19, 1007,   57,  18,   0,   0,    ,   0,    , 283,   8,           ,  ,  0,    ,    0,    0,    0,    0, THERMO PARAMS, -42, 904, 1210, N, 10, DT, -999, SHR82, -99, 
EP, 14, 2026090912, 03, HFSA, 108, 194N, 1322W,  50,  992, XX,  34, NEQ,   81,   34,   31,   63, 1004,   52,  35,   0,   0,    ,   0,    , 268,   8,           ,  ,  0,    ,    0,    0,    0,    0, THERMO PARAMS, -34, 556, 594, N, 10, DT, -999, SHR82, -99, 
EP, 14, 2026090912, 03, HFSA, 114, 194N, 1332W,  51,  995, XX,  34, NEQ,   70,   29,   36,   71, 1007,   52,  22,   0,   0,    ,   0,    , 271,  10,           ,  ,  0,    ,    0,    0,    0,    0, THERMO PARAMS, -17, 1616, 619, N, 10, DT, -999, SHR82, -99, 
EP, 14, 2026090912, 03, HFSA, 114, 194N, 1332W,  51,  995, XX,  50, NEQ,    0,    0,    0,   28, 1007,   52,  22,   0,   0,    ,   0,    , 271,  10,           ,  ,  0,    ,    0,    0,    0,    0, THERMO PARAMS, -17, 1616, 619, N, 10, DT, -999, SHR82, -99, 
EP, 14, 2026090912, 03, HFSA, 120, 195N, 1342W,  52,  995, XX,  34, NEQ,   78,   70,    0,   74, 1003,   38,  24,   0,   0,    ,   0,    , 277,   9,           ,  ,  0,    ,    0,    0,    0,    0, THERMO PARAMS, -52, 1052, 650, N, 10, DT, -999, SHR82, -99, 
EP, 14, 2026090912, 03, HFSA, 120, 195N, 1342W,  52,  995, XX,  50, NEQ,   24,    0,    0,    0, 1003,   38,  24,   0,   0,    ,   0,    , 277,   9,           ,  ,  0,    ,    0,    0,    0,    0, THERMO PARAMS, -52, 1052, 650, N, 10, DT, -999, SHR82, -99, 
EP, 14, 2026090912, 03, HFSA, 126, 196N, 1354W,  48,  998, XX,  34, NEQ,   74,   63,    0,   76, 1002,   19,  34,   0,   0,    ,   0,    , -99, -99,           ,  ,  0,    ,    0,    0,    0,    0, THERMO PARAMS, -55, 949, 551, N, 10, DT, -999, SHR82, -99, 
EP, 14, 2026090912, 03, TVCN,   0, 154N, 1139W,   0,    0,   ,   0,    ,    0,    0,    0,    0, 
EP, 14, 2026090912, 03, TVCN,  12, 160N, 1160W,   0,    0,   ,   0,    ,    0,    0,    0,    0, 
EP, 14, 2026090912, 03, TVCN,  24, 162N, 1184W,   0,    0,   ,   0,    ,    0,    0,    0,    0, 
EP, 14, 2026090912, 03, TVCN,  36, 164N, 1209W,   0,    0,   ,   0,    ,    0,    0,    0,    0, 
EP, 14, 2026090912, 03, TVCN,  48, 166N, 1234W,   0,    0,   ,   0,    ,    0,    0,    0,    0, 
EP, 14, 2026090912, 03, TVCN,  60, 168N, 1256W,   0,    0,   ,   0,    ,    0,    0,    0,    0, 
EP, 14, 2026090912, 03, TVCN,  72, 171N, 1277W,   0,    0,   ,   0,    ,    0,    0,    0,    0, 
EP, 14, 2026090912, 03, TVCN,  84, 175N, 1296W,   0,    0,   ,   0,    ,    0,    0,    0,    0, 
EP, 14, 2026090912, 03, TVCN,  96, 179N, 1314W,   0,    0,   ,   0,    ,    0,    0,    0,    0, 
EP, 14, 2026090912, 03, TVCN, 108, 182N, 1333W,   0,    0,   ,   0,    ,    0,    0,    0,    0, 
EP, 14, 2026090912, 03, TVCN, 120, 184N, 1352W,   0,    0,   ,   0,    ,    0,    0,    0,    0, 
EP, 14, 2026090912, 03, TVCN, 132, 184N, 1371W,   0,    0,   ,   0,    ,    0,    0,    0,    0, 
EP, 14, 2026090912, 03, TVCN, 144, 173N, 1386W,   0,    0,   ,   0,    ,    0,    0,    0,    0, 
EP, 14, 2026090912, 03, TVCN, 156, 168N, 1403W,   0,    0,   ,   0,    ,    0,    0,    0,    0, 
EP, 14, 2026090912, 03, TVCN, 168, 163N, 1421W,   0,    0,   ,   0,    ,    0,    0,    0,    0, 
EP, 14, 2026090918, 03, AVNO,   0, 157N, 1151W,  25, 1008, XX,  34, NEQ,    0,    0,    0,    0,  -99,  -99,  93,   0,   0, 
EP, 14, 2026090918, 03, AVNO,   6, 163N, 1155W,  29, 1005, XX,  34, NEQ,    0,    0,    0,    0, 1009, 2026,  73,   0,   0, 
EP, 14, 2026090918, 03, AVNO,  12, 167N, 1166W,  36, 1002, XX,  34, NEQ,   26,    0,    0,    0, 1010,  144,  23,   0,   0, 
EP, 14, 2026090918, 03, AVNO,  18, 170N, 1179W,  41, 1002, XX,  34, NEQ,   37,    0,    0,    0, 1006,  126,  28,   0,   0, 
EP, 14, 2026090918, 03, AVNO,  24, 170N, 1192W,  37, 1004, XX,  34, NEQ,   76,    0,    0,    0, 1008,   78,  60,   0,   0, 
EP, 14, 2026090918, 03, AVNO,  30, 172N, 1205W,  40, 1001, XX,  34, NEQ,   79,    0,    0,   68, 1005,   74,  49,   0,   0, 
EP, 14, 2026090918, 03, AVNO,  36, 172N, 1218W,  40, 1002, XX,  34, NEQ,   97,    0,    0,   63, 1010,  215,  33,   0,   0, 
EP, 14, 2026090918, 03, AVNO,  42, 173N, 1228W,  38,  998, XX,  34, NEQ,   77,    0,    0,   64, 1006,  126,  35,   0,   0, 
EP, 14, 2026090918, 03, AVNO,  48, 175N, 1239W,  39, 1001, XX,  34, NEQ,   85,    0,    0,   77, 1009,  112,  48,   0,   0, 
EP, 14, 2026090918, 03, AVNO,  54, 177N, 1250W,  43,  996, XX,  34, NEQ,   76,    0,    0,   62, 1004,   77,  30,   0,   0, 
EP, 14, 2026090918, 03, AVNO,  60, 179N, 1261W,  42,  995, XX,  34, NEQ,   80,    0,   41,   80, 1007,   89,  22,   0,   0, 
EP, 14, 2026090918, 03, AVNO,  66, 182N, 1269W,  48,  990, XX,  34, NEQ,   54,    0,   23,   64, 1006,  109,  20,   0,   0, 
EP, 14, 2026090918, 03, AVNO,  72, 185N, 1278W,  51,  991, XX,  34, NEQ,   62,   37,   40,   72, 1011,  187,  19,   0,   0, 
EP, 14, 2026090918, 03, AVNO,  72, 185N, 1278W,  51,  991, XX,  50, NEQ,   28,    0,    0,   20, 1011,  187,  19,   0,   0, 
EP, 14, 2026090918, 03, AVNO,  78, 188N, 1287W,  53,  985, XX,  34, NEQ,   59,   41,   38,   74, 1005,   74,  22,   0,   0, 
EP, 14, 2026090918, 03, AVNO,  78, 188N, 1287W,  53,  985, XX,  50, NEQ,   32,    0,    0,   30, 1005,   74,  22,   0,   0, 
EP, 14, 2026090918, 03, AVNO,  84, 190N, 1294W,  58,  987, XX,  34, NEQ,   65,   44,   40,   73, 1011,  303,  22,   0,   0, 
EP, 14, 2026090918, 03, AVNO,  84, 190N, 1294W,  58,  987, XX,  50, NEQ,   36,    0,   20,   32, 1011,  303,  22,   0,   0, 
EP, 14, 2026090918, 03, AVNO,  90, 193N, 1304W,  57,  986, XX,  34, NEQ,   76,   42,   40,   81, 1006,   79,  28,   0,   0, 
EP, 14, 2026090918, 03, AVNO,  90, 193N, 1304W,  57,  986, XX,  50, NEQ,   34,   22,   22,   33, 1006,   79,  28,   0,   0, 
EP, 14, 2026090918, 03, AVNO,  96, 193N, 1313W,  60,  988, XX,  34, NEQ,   74,   47,   46,   77, 1008,   71,  18,   0,   0, 
EP, 14, 2026090918, 03, AVNO,  96, 193N, 1313W,  60,  988, XX,  50, NEQ,   31,    0,    0,   34, 1008,   71,  18,   0,   0, 
EP, 14, 2026090918, 03, AVNO, 102, 194N, 1321W,  56,  985, XX,  34, NEQ,   69,   43,   43,   69, 1005,   68,  21,   0,   0, 
EP, 14, 2026090918, 03, AVNO, 102, 194N, 1321W,  56,  985, XX,  50, NEQ,   36,    0,    0,   37, 1005,   68,  21,   0,   0, 
EP, 14, 2026090918, 03, AVNO, 108, 194N, 1331W,  60,  989, XX,  34, NEQ,   83,   43,   41,   85, 1009,   79,  23,   0,   0, 
EP, 14, 2026090918, 03, AVNO, 108, 194N, 1331W,  60,  989, XX,  50, NEQ,   36,    0,    0,   37, 1009,   79,  23,   0,   0, 
EP, 14, 2026090918, 03, AVNO, 114, 195N, 1338W,  55,  988, XX,  34, NEQ,   65,   47,   44,   67, 1008,  114,  20,   0,   0, 
EP, 14, 2026090918, 03, AVNO, 114, 195N, 1338W,  55,  988, XX,  50, NEQ,   33,    0,    0,   34, 1008,  114,  20,   0,   0, 
EP, 14, 2026090918, 03, AVNO, 120, 194N, 1346W,  50,  993, XX,  34, NEQ,   79,   41,   41,   79, 1009,   77,  29,   0,   0, 
EP, 14, 2026090918, 03, AVNO, 126, 194N, 1354W,  50,  992, XX,  34, NEQ,   68,   40,   40,   69, 1008,  166,  28,   0,   0, 
EP, 14, 2026090918, 03, AVNO, 132, 193N, 1359W,  50,  995, XX,  34, NEQ,   70,   41,   46,   70, 1007,   54,  24,   0,   0, 
EP, 14, 2026090918, 03, AVNO, 132, 193N, 1359W,  50,  995, XX,  50, NEQ,    0,    0,    0,   26, 1007,   54,  24,   0,   0, 
EP, 14, 2026090918, 03, AVNO, 138, 193N, 1366W,  48,  996, XX,  34, NEQ,   61,   37,   42,   67, 1008,  106,  28,   0,   0, 
EP, 14, 2026090918, 03, AVNO, 144, 192N, 1373W,  46,  999, XX,  34, NEQ,   79,    0,   41,   82, 1011,  143,  35,   0,   0, 
EP, 14, 2026090918, 03, AVNO, 150, 190N, 1381W,  42,  999, XX,  34, NEQ,   65,    0,    0,   68, 1007,   74,  33,   0,   0, 
EP, 14, 2026090918, 03, AVNO, 156, 185N, 1388W,  40, 1002, XX,  34, NEQ,   60,    0,    0,   61, 1010,  117,  32,   0,   0, 
EP, 14, 2026090918, 03, AVNO, 162, 181N, 1395W,  40, 1001, XX,  34, NEQ,   68,    0,    0,   51, 1009, 1730,  36,   0,   0, 
EP, 14, 2026090918, 03, AVNO, 168, 177N, 1404W,  36, 1004, XX,  34, NEQ,   62,    0,    0,   62, 1008,   41,  47,   0,   0, 
EP, 14, 2026090918, 03, AVNO, 174, 175N, 1412W,  33, 1002, XX,  34, NEQ,    0,    0,    0,    0, 1006,   50,  56,   0,   0, 
EP, 14, 2026090918, 03, AVNO, 180, 174N, 1420W,  34, 1005, XX,  34, NEQ,    0,    0,    0,    0, 1009,   55,  41,   0,   0, 
EP, 14, 2026090918, 03, AVNO, 186, 171N, 1431W,  33, 1004, XX,  34, NEQ,    0,    0,    0,    0, 1008,   78,  41,   0,   0, 
EP, 14, 2026090918, 03, AVNO, 192, 169N, 1440W,  30, 1007, XX,  34, NEQ,    0,    0,    0,    0, 1011,   76,  72,   0,   0, 
EP, 14, 2026090918, 03, AVNO, 198, 170N, 1449W,  28, 1005, XX,  34, NEQ,    0,    0,    0,    0, 1009,  988,  30,   0,   0, 
EP, 14, 2026090918, 03, AVNO, 204, 171N, 1457W,  28, 1008, XX,  34, NEQ,    0,    0,    0,    0,  -99,  -99,  22,   0,   0, 
EP, 14, 2026090918, 03, AVNO, 210, 173N, 1465W,  27, 1007, XX,  34, NEQ,    0,    0,    0,    0,  -99,  -99,  32,   0,   0, 
EP, 14, 2026090918, 03, AVNO, 216, 175N, 1474W,  26, 1009, XX,  34, NEQ,    0,    0,    0,    0,  -99,  -99,  33,   0,   0, 
EP, 14, 2026090918, 03, AVNO, 222, 176N, 1483W,  25, 1008, XX,  34, NEQ,    0,    0,    0,    0,  -99,  -99, 109,   0,   0, 
EP, 14, 2026090918, 03, AVNO, 228, 177N, 1493W,  25, 1011, XX,  34, NEQ,    0,    0,    0,    0,  -99,  -99, 124,   0,   0, 
EP, 14, 2026090918, 03, AVNO, 234, 177N, 1503W,  24, 1010, XX,  34, NEQ,    0,    0,    0,    0,  -99,  -99, 158,   0,   0, 
EP, 14, 2026090918, 03, AVNO, 240, 179N, 1513W,  26, 1012, XX,  34, NEQ,    0,    0,    0,    0,  -99,  -99, 146,   0,   0, 
EP, 14, 2026090918, 03, HCCA,   0, 156N, 1146W,  30,    0,   ,   0,    ,    0,    0,    0,    0, 
EP, 14, 2026090918, 03, HCCA,  12, 160N, 1171W,  35,    0,   ,   0,    ,    0,    0,    0,    0, 
EP, 14, 2026090918, 03, HCCA,  24, 161N, 1197W,  40,    0,   ,   0,    ,    0,    0,    0,    0, 
EP, 14, 2026090918, 03, HCCA,  36, 160N, 1223W,  45,    0,   ,   0,    ,    0,    0,    0,    0, 
EP, 14, 2026090918, 03, HCCA,  48, 161N, 1249W,  43,    0,   ,   0,    ,    0,    0,    0,    0, 
EP, 14, 2026090918, 03, HCCA,  60, 163N, 1273W,  39,    0,   ,   0,    ,    0,    0,    0,    0, 
EP, 14, 2026090918, 03, HCCA,  72, 166N, 1292W,  37,    0,   ,   0,    ,    0,    0,    0,    0, 
EP, 14, 2026090918, 03, HCCA,  84, 171N, 1308W,  39,    0,   ,   0,    ,    0,    0,    0,    0, 
EP, 14, 2026090918, 03, HCCA,  96, 174N, 1326W,  41,    0,   ,   0,    ,    0,    0,    0,    0, 
EP, 14, 2026090918, 03, HCCA, 108, 176N, 1345W,  42,    0,   ,   0,    ,    0,    0,    0,    0, 
EP, 14, 2026090918, 03, HCCA, 120, 179N, 1365W,  47,    0,   ,   0,    ,    0,    0,    0,    0, 
EP, 14, 2026090918, 03, HCCA, 132, 178N, 1384W,  51,    0,   ,   0,    ,    0,    0,    0,    0, 
EP, 14, 2026090918, 03, HCCA, 144, 174N, 1401W,  56,    0,   ,   0,    ,    0,    0,    0,    0, 
EP, 14, 2026090918, 03, HCCA, 156, 169N, 1417W,  64,    0,   ,   0,    ,    0,    0,    0,    0, 
EP, 14, 2026090918, 03, HCCA, 168, 166N, 1433W,  73,    0,   ,   0,    ,    0,    0,    0,    0, 
EP, 14, 2026090918, 03, HFSA,   0, 163N, 1142W,  31, 1000, XX,  34, NEQ,    0,    0,    0,    0, 1008,   26,  19,   0,   0,    ,   0,    , 289,  10,           ,  ,  0,    ,    0,    0,    0,    0, THERMO PARAMS, -72, -79, 738, N, 10, DT, -999, SHR82, -99, 
EP, 14, 2026090918, 03, HFSA,   6, 167N, 1152W,  45,  998, XX,  34, NEQ,  102,    0,    0,    0, 1002,    6,  66,   0,   0,    ,   0,    , 292,  12,           ,  ,  0,    ,    0,    0,    0,    0, THERMO PARAMS, -66, 43, 344, N, 10, DT, -999, SHR82, -99, 
EP, 14, 2026090918, 03, HFSA,  12, 168N, 1162W,  51, 1000, XX,  34, NEQ,   37,    0,    0,   19, 1004,    3,  33,   0,   0,    ,   0,    , 286,  12,           ,  ,  0,    ,    0,    0,    0,    0, THERMO PARAMS, -59, 213, 497, N, 10, DT, -999, SHR82, -99, 
EP, 14, 2026090918, 03, HFSA,  18, 172N, 1176W,  53,  996, XX,  34, NEQ,   73,    0,    0,   16, 1004,   31,  19,   0,   0,    ,   0,    , 278,  16,           ,  ,  0,    ,    0,    0,    0,    0, THERMO PARAMS, -73, 333, 517, N, 10, DT, -999, SHR82, -99, 
EP, 14, 2026090918, 03, HFSA,  18, 172N, 1176W,  53,  996, XX,  50, NEQ,   19,    0,    0,    0, 1004,   31,  19,   0,   0,    ,   0,    , 278,  16,           ,  ,  0,    ,    0,    0,    0,    0, THERMO PARAMS, -73, 333, 517, N, 10, DT, -999, SHR82, -99, 
EP, 14, 2026090918, 03, HFSA,  24, 171N, 1192W,  44, 1004, XX,  34, NEQ,   42,    0,    0,   45,  -99,  -99,  66,   0,   0,    ,   0,    , 272,  15,           ,  ,  0,    ,    0,    0,    0,    0, THERMO PARAMS, -41, -202, 365, N, 10, DT, -999, SHR82, -99, 
EP, 14, 2026090918, 03, HFSA,  30, 171N, 1208W,  42, 1001, XX,  34, NEQ,    0,    0,    0,   63, 1005,   74,  56,   0,   0,    ,   0,    , 269,  14,           ,  ,  0,    ,    0,    0,    0,    0, THERMO PARAMS, -33, -261, 459, N, 10, DT, -999, SHR82, -99, 
EP, 14, 2026090918, 03, HFSA,  36, 170N, 1220W,  40, 1002, XX,  34, NEQ,   50,    0,    0,   57,  -99,  -99,  48,   0,   0,    ,   0,    , 266,  13,           ,  ,  0,    ,    0,    0,    0,    0, THERMO PARAMS, -34, -203, 410, N, 10, DT, -999, SHR82, -99, 
EP, 14, 2026090918, 03, HFSA,  42, 169N, 1232W,  41,  996, XX,  34, NEQ,   45,    0,    0,   79, 1000,   13,  75,   0,   0,    ,   0,    , 272,  11,           ,  ,  0,    ,    0,    0,    0,    0, THERMO PARAMS, -10, 213, 398, N, 10, DT, -999, SHR82, -99, 
EP, 14, 2026090918, 03, HFSA,  48, 170N, 1244W,  44,  998, XX,  34, NEQ,   73,    0,    0,   76, 1002,   16,  15,   0,   0,    ,   0,    , 271,  11,           ,  ,  0,    ,    0,    0,    0,    0, THERMO PARAMS, -4, 177, 800, N, 10, DT, -999, SHR82, -99, 
EP, 14, 2026090918, 03, HFSA,  54, 172N, 1252W,  38,  995, XX,  34, NEQ,   66,    0,    0,   32,  999,   16,  54,   0,   0,    ,   0,    , 290,   9,           ,  ,  0,    ,    0,    0,    0,    0, THERMO PARAMS, -3, 374, 748, N, 10, DT, -999, SHR82, -99, 
EP, 14, 2026090918, 03, HFSA,  60, 172N, 1262W,  39,  995, XX,  34, NEQ,   74,    0,    0,   70, 1003,   41,  68,   0,   0,    ,   0,    , 283,   8,           ,  ,  0,    ,    0,    0,    0,    0, THERMO PARAMS, 6, 234, 959, N, 10, DT, -999, SHR82, -99, 
EP, 14, 2026090918, 03, HFSA,  66, 177N, 1270W,  45,  995, XX,  34, NEQ,   73,   79,    0,   68,  999,   23,  28,   0,   0,    ,   0,    , 300,  10,           ,  ,  0,    ,    0,    0,    0,    0, THERMO PARAMS, 17, 454, 828, N, 10, DT, -999, SHR82, -99, 
EP, 14, 2026090918, 03, HFSA,  72, 180N, 1279W,  51,  995, XX,  34, NEQ,   81,   70,   45,   65,  999,   19,  35,   0,   0,    ,   0,    , 295,  10,           ,  ,  0,    ,    0,    0,    0,    0, THERMO PARAMS, -8, 676, 994, N, 10, DT, -999, SHR82, -99, 
EP, 14, 2026090918, 03, HFSA,  78, 185N, 1287W,  58,  991, XX,  34, NEQ,   79,   81,   58,   78,  995,   20,  23,   0,   0,    ,   0,    , 300,   9,           ,  ,  0,    ,    0,    0,    0,    0, THERMO PARAMS, -31, 646, 1092, N, 10, DT, -999, SHR82, -99, 
EP, 14, 2026090918, 03, HFSA,  78, 185N, 1287W,  58,  991, XX,  50, NEQ,   49,    0,    0,   37,  995,   20,  23,   0,   0,    ,   0,    , 300,   9,           ,  ,  0,    ,    0,    0,    0,    0, THERMO PARAMS, -31, 646, 1092, N, 10, DT, -999, SHR82, -99, 
EP, 14, 2026090918, 03, HFSA,  84, 189N, 1294W,  68,  991, XX,  34, NEQ,   91,   74,   52,   87, 1003,   51,  31,   0,   0,    ,   0,    , 294,   9,           ,  ,  0,    ,    0,    0,    0,    0, THERMO PARAMS, -43, 527, 1199, N, 10, DT, -999, SHR82, -99, 
EP, 14, 2026090918, 03, HFSA,  84, 189N, 1294W,  68,  991, XX,  50, NEQ,   55,    0,    0,   50, 1003,   51,  31,   0,   0,    ,   0,    , 294,   9,           ,  ,  0,    ,    0,    0,    0,    0, THERMO PARAMS, -43, 527, 1199, N, 10, DT, -999, SHR82, -99, 
EP, 14, 2026090918, 03, HFSA,  84, 189N, 1294W,  68,  991, XX,  64, NEQ,    0,    0,    0,   32, 1003,   51,  31,   0,   0,    ,   0,    , 294,   9,           ,  ,  0,    ,    0,    0,    0,    0, THERMO PARAMS, -43, 527, 1199, N, 10, DT, -999, SHR82, -99, 
EP, 14, 2026090918, 03, HFSA,  90, 192N, 1302W,  67,  989, XX,  34, NEQ,   84,   66,   65,   87, 1001,   49,  32,   0,   0,    ,   0,    , 295,   8,           ,  ,  0,    ,    0,    0,    0,    0, THERMO PARAMS, -10, 800, 1416, N, 10, DT, -999, SHR82, -99, 
EP, 14, 2026090918, 03, HFSA,  90, 192N, 1302W,  67,  989, XX,  50, NEQ,   53,   32,    0,   49, 1001,   49,  32,   0,   0,    ,   0,    , 295,   8,           ,  ,  0,    ,    0,    0,    0,    0, THERMO PARAMS, -10, 800, 1416, N, 10, DT, -999, SHR82, -99, 
EP, 14, 2026090918, 03, HFSA,  90, 192N, 1302W,  67,  989, XX,  64, NEQ,    0,    0,    0,   34, 1001,   49,  32,   0,   0,    ,   0,    , 295,   8,           ,  ,  0,    ,    0,    0,    0,    0, THERMO PARAMS, -10, 800, 1416, N, 10, DT, -999, SHR82, -99, 
EP, 14, 2026090918, 03, HFSA,  96, 194N, 1312W,  72,  986, XX,  34, NEQ,   94,   70,   66,   99, 1002,   49,  27,   0,   0,    ,   0,    , 280,   9,           ,  ,  0,    ,    0,    0,    0,    0, THERMO PARAMS, -18, 948, 1344, N, 10, DT, -999, SHR82, -99, 
EP, 14, 2026090918, 03, HFSA,  96, 194N, 1312W,  72,  986, XX,  50, NEQ,   58,   44,   40,   53, 1002,   49,  27,   0,   0,    ,   0,    , 280,   9,           ,  ,  0,    ,    0,    0,    0,    0, THERMO PARAMS, -18, 948, 1344, N, 10, DT, -999, SHR82, -99, 
EP, 14, 2026090918, 03, HFSA,  96, 194N, 1312W,  72,  986, XX,  64, NEQ,   24,   28,    0,   31, 1002,   49,  27,   0,   0,    ,   0,    , 280,   9,           ,  ,  0,    ,    0,    0,    0,    0, THERMO PARAMS, -18, 948, 1344, N, 10, DT, -999, SHR82, -99, 
EP, 14, 2026090918, 03, HFSA, 102, 195N, 1321W,  72,  982, XX,  34, NEQ,   99,   71,   65,  102, 1006,   92,  29,   0,   0,    ,   0,    , 278,   8,           ,  ,  0,    ,    0,    0,    0,    0, THERMO PARAMS, -18, 1101, 1585, N, 10, DT, -999, SHR82, -99, 
EP, 14, 2026090918, 03, HFSA, 102, 195N, 1321W,  72,  982, XX,  50, NEQ,   45,   47,   28,   39, 1006,   92,  29,   0,   0,    ,   0,    , 278,   8,           ,  ,  0,    ,    0,    0,    0,    0, THERMO PARAMS, -18, 1101, 1585, N, 10, DT, -999, SHR82, -99, 
EP, 14, 2026090918, 03, HFSA, 102, 195N, 1321W,  72,  982, XX,  64, NEQ,   34,    0,    0,   23, 1006,   92,  29,   0,   0,    ,   0,    , 278,   8,           ,  ,  0,    ,    0,    0,    0,    0, THERMO PARAMS, -18, 1101, 1585, N, 10, DT, -999, SHR82, -99, 
EP, 14, 2026090918, 03, HFSA, 108, 196N, 1332W,  70,  986, XX,  34, NEQ,   94,   62,   55,   96, 1006,   70,  22,   0,   0,    ,   0,    , 271,  11,           ,  ,  0,    ,    0,    0,    0,    0, THERMO PARAMS, -7, 960, 1485, N, 10, DT, -999, SHR82, -99, 
EP, 14, 2026090918, 03, HFSA, 108, 196N, 1332W,  70,  986, XX,  50, NEQ,   50,   39,   23,   47, 1006,   70,  22,   0,   0,    ,   0,    , 271,  11,           ,  ,  0,    ,    0,    0,    0,    0, THERMO PARAMS, -7, 960, 1485, N, 10, DT, -999, SHR82, -99, 
EP, 14, 2026090918, 03, HFSA, 108, 196N, 1332W,  70,  986, XX,  64, NEQ,   29,    0,    0,   29, 1006,   70,  22,   0,   0,    ,   0,    , 271,  11,           ,  ,  0,    ,    0,    0,    0,    0, THERMO PARAMS, -7, 960, 1485, N, 10, DT, -999, SHR82, -99, 
EP, 14, 2026090918, 03, HFSA, 114, 196N, 1343W,  74,  986, XX,  34, NEQ,   84,   74,   58,   87, 1006,   77,  26,   0,   0,    ,   0,    , 275,   9,           ,  ,  0,    ,    0,    0,    0,    0, THERMO PARAMS, -20, 899, 1611, N, 10, DT, -999, SHR82, -99, 
EP, 14, 2026090918, 03, HFSA, 114, 196N, 1343W,  74,  986, XX,  50, NEQ,   44,   40,   29,   50, 1006,   77,  26,   0,   0,    ,   0,    , 275,   9,           ,  ,  0,    ,    0,    0,    0,    0, THERMO PARAMS, -20, 899, 1611, N, 10, DT, -999, SHR82, -99, 
EP, 14, 2026090918, 03, HFSA, 114, 196N, 1343W,  74,  986, XX,  64, NEQ,   34,    0,    0,   28, 1006,   77,  26,   0,   0,    ,   0,    , 275,   9,           ,  ,  0,    ,    0,    0,    0,    0, THERMO PARAMS, -20, 899, 1611, N, 10, DT, -999, SHR82, -99, 
EP, 14, 2026090918, 03, HFSA, 120, 196N, 1353W,  60,  989, XX,  34, NEQ,   84,   76,   49,   81, 1009,  132,  22,   0,   0,    ,   0,    , 275,  10,           ,  ,  0,    ,    0,    0,    0,    0, THERMO PARAMS, -53, 1181, 1400, N, 10, DT, -999, SHR82, -99, 
EP, 14, 2026090918, 03, HFSA, 120, 196N, 1353W,  60,  989, XX,  50, NEQ,   49,    0,    0,   36, 1009,  132,  22,   0,   0,    ,   0,    , 275,  10,           ,  ,  0,    ,    0,    0,    0,    0, THERMO PARAMS, -53, 1181, 1400, N, 10, DT, -999, SHR82, -99, 
EP, 14, 2026090918, 03, HFSA, 126, 196N, 1363W,  61,  989, XX,  34, NEQ,   81,   62,   52,   76, 1001,   50,  27,   0,   0,    ,   0,    , -99, -99,           ,  ,  0,    ,    0,    0,    0,    0, THERMO PARAMS, -57, 1166, 877, N, 10, DT, -999, SHR82, -99, 
EP, 14, 2026090918, 03, HFSA, 126, 196N, 1363W,  61,  989, XX,  50, NEQ,   40,    0,    0,   34, 1001,   50,  27,   0,   0,    ,   0,    , -99, -99,           ,  ,  0,    ,    0,    0,    0,    0, THERMO PARAMS, -57, 1166, 877, N, 10, DT, -999, SHR82, -99, 
EP, 14, 2026090918, 03, TVCN,   0, 156N, 1146W,   0,    0,   ,   0,    ,    0,    0,    0,    0, 
EP, 14, 2026090918, 03, TVCN,  12, 161N, 1169W,   0,    0,   ,   0,    ,    0,    0,    0,    0, 
EP, 14, 2026090918, 03, TVCN,  24, 162N, 1194W,   0,    0,   ,   0,    ,    0,    0,    0,    0, 
EP, 14, 2026090918, 03, TVCN,  36, 163N, 1219W,   0,    0,   ,   0,    ,    0,    0,    0,    0, 
EP, 14, 2026090918, 03, TVCN,  48, 164N, 1243W,   0,    0,   ,   0,    ,    0,    0,    0,    0, 
EP, 14, 2026090918, 03, TVCN,  60, 166N, 1265W,   0,    0,   ,   0,    ,    0,    0,    0,    0, 
EP, 14, 2026090918, 03, TVCN,  72, 170N, 1282W,   0,    0,   ,   0,    ,    0,    0,    0,    0, 
EP, 14, 2026090918, 03, TVCN,  84, 175N, 1299W,   0,    0,   ,   0,    ,    0,    0,    0,    0, 
EP, 14, 2026090918, 03, TVCN,  96, 179N, 1316W,   0,    0,   ,   0,    ,    0,    0,    0,    0, 
EP, 14, 2026090918, 03, TVCN, 108, 181N, 1333W,   0,    0,   ,   0,    ,    0,    0,    0,    0, 
EP, 14, 2026090918, 03, TVCN, 120, 183N, 1352W,   0,    0,   ,   0,    ,    0,    0,    0,    0, 
EP, 14, 2026090918, 03, TVCN, 132, 184N, 1370W,   0,    0,   ,   0,    ,    0,    0,    0,    0, 
EP, 14, 2026090918, 03, TVCN, 144, 174N, 1388W,   0,    0,   ,   0,    ,    0,    0,    0,    0, 
EP, 14, 2026090918, 03, TVCN, 156, 169N, 1405W,   0,    0,   ,   0,    ,    0,    0,    0,    0, 
EP, 14, 2026090918, 03, TVCN, 168, 163N, 1423W,   0,    0,   ,   0,    ,    0,    0,    0,    0, 
EP, 14, 2026091000, 03,  UKX,   0, 156N, 1165W,  26, 1006, XX,  34, NEQ,    0,    0,    0,    0, 
EP, 14, 2026091000, 03,  UKX,   6, 158N, 1178W,  25, 1007, XX,  34, NEQ,    0,    0,    0,    0, 
EP, 14, 2026091000, 03,  UKX,  12, 160N, 1192W,  29, 1006, XX,  34, NEQ,    0,    0,    0,    0, 
EP, 14, 2026091000, 03,  UKX,  18, 162N, 1207W,  29, 1006, XX,  34, NEQ,    0,    0,    0,    0, 
EP, 14, 2026091000, 03,  UKX,  24, 162N, 1221W,  28, 1005, XX,  34, NEQ,    0,    0,    0,    0, 
EP, 14, 2026091000, 03,  UKX,  30, 162N, 1234W,  29, 1006, XX,  34, NEQ,    0,    0,    0,    0, 
EP, 14, 2026091000, 03,  UKX,  36, 161N, 1247W,  30, 1005, XX,  34, NEQ,    0,    0,    0,    0, 
EP, 14, 2026091000, 03,  UKX,  42, 162N, 1262W,  27, 1006, XX,  34, NEQ,    0,    0,    0,    0, 
EP, 14, 2026091000, 03,  UKX,  48, 162N, 1276W,  28, 1003, XX,  34, NEQ,    0,    0,    0,    0, 
EP, 14, 2026091000, 03,  UKX,  54, 163N, 1289W,  28, 1006, XX,  34, NEQ,    0,    0,    0,    0, 
EP, 14, 2026091000, 03,  UKX,  60, 164N, 1301W,  27, 1003, XX,  34, NEQ,    0,    0,    0,    0, 
EP, 14, 2026091000, 03,  UKX,  66, 166N, 1312W,  28, 1006, XX,  34, NEQ,    0,    0,    0,    0, 
EP, 14, 2026091000, 03,  UKX,  72, 168N, 1325W,  26, 1004, XX,  34, NEQ,    0,    0,    0,    0, 
EP, 14, 2026091000, 03,  UKX,  78, 171N, 1336W,  26, 1007, XX,  34, NEQ,    0,    0,    0,    0, 
EP, 14, 2026091000, 03,  UKX,  84, 174N, 1347W,  25, 1005, XX,  34, NEQ,    0,    0,    0,    0, 
EP, 14, 2026091000, 03,  UKX,  90, 176N, 1356W,  26, 1008, XX,  34, NEQ,    0,    0,    0,    0, 
EP, 14, 2026091000, 03,  UKX,  96, 179N, 1367W,  26, 1006, XX,  34, NEQ,    0,    0,    0,    0, 
EP, 14, 2026091000, 03,  UKX, 102, 183N, 1377W,  26, 1008, XX,  34, NEQ,    0,    0,    0,    0, 
EP, 14, 2026091000, 03,  UKX, 108, 189N, 1386W,  25, 1006, XX,  34, NEQ,    0,    0,    0,    0, 
EP, 14, 2026091000, 03,  UKX, 114, 194N, 1395W,  25, 1008, XX,  34, NEQ,    0,    0,    0,    0, 
EP, 14, 2026091000, 03,  UKX, 120, 195N, 1406W,  25, 1007, XX,  34, NEQ,    0,    0,    0,    0, 
EP, 14, 2026091000, 03,  UKX, 126, 196N, 1416W,  26, 1009, XX,  34, NEQ,    0,    0,    0,    0, 
EP, 14, 2026091000, 03,  UKX, 132, 196N, 1425W,  23, 1007, XX,  34, NEQ,    0,    0,    0,    0, 
EP, 14, 2026091000, 03,  UKX, 138, 198N, 1431W,  23, 1009, XX,  34, NEQ,    0,    0,    0,    0, 
EP, 14, 2026091000, 03,  UKX, 144, 200N, 1436W,  24, 1008, XX,  34, NEQ,    0,    0,    0,    0, 
EP, 14, 2026091000, 03, AVNO,   0, 160N, 1157W,  27, 1005, XX,  34, NEQ,    0,    0,    0,    0,  -99,  -99,  83,   0,   0, 
EP, 14, 2026091000, 03, AVNO,   6, 165N, 1166W,  38, 1004, XX,  34, NEQ,   25,    0,    0,    0, 1008,   78,  23,   0,   0, 
EP, 14, 2026091000, 03, AVNO,  12, 169N, 1178W,  38, 1000, XX,  34, NEQ,   30,    0,    0,    0, 1008, 1367,  23,   0,   0, 
EP, 14, 2026091000, 03, AVNO,  18, 169N, 1192W,  37, 1005, XX,  34, NEQ,   67,    0,    0,   40, 1009,   87,  34,   0,   0, 
EP, 14, 2026091000, 03, AVNO,  24, 171N, 1206W,  35, 1001, XX,  34, NEQ,   76,    0,    0,   43, 1005,   64,  76,   0,   0, 
EP, 14, 2026091000, 03, AVNO,  30, 170N, 1218W,  35, 1004, XX,  34, NEQ,   73,    0,    0,   76, 1008,   55,  60,   0,   0, 
EP, 14, 2026091000, 03, AVNO,  36, 172N, 1227W,  40,  997, XX,  34, NEQ,   53,    0,    0,   32, 1005,   86,  34,   0,   0, 
EP, 14, 2026091000, 03, AVNO,  42, 172N, 1241W,  35, 1002, XX,  34, NEQ,   54,    0,    0,    0, 1010,  173,  51,   0,   0, 
EP, 14, 2026091000, 03, AVNO,  48, 175N, 1251W,  34,  999, XX,  34, NEQ,   47,    0,    0,    0, 1007,  305,  47,   0,   0, 
EP, 14, 2026091000, 03, AVNO,  54, 177N, 1259W,  37, 1002, XX,  34, NEQ,   84,    0,    0,   65, 1010,  262,  51,   0,   0, 
EP, 14, 2026091000, 03, AVNO,  60, 181N, 1268W,  39, 1000, XX,  34, NEQ,   61,    0,    0,   58, 1008,  182,  39,   0,   0, 
EP, 14, 2026091000, 03, AVNO,  66, 185N, 1277W,  40, 1000, XX,  34, NEQ,   65,    0,    0,   68, 1008,   74,  48,   0,   0, 
EP, 14, 2026091000, 03, AVNO,  72, 188N, 1285W,  36,  999, XX,  34, NEQ,   72,    0,    0,   64, 1007,  150,  27,   0,   0, 
EP, 14, 2026091000, 03, AVNO,  78, 191N, 1294W,  41, 1001, XX,  34, NEQ,   46,    0,    0,   61, 1009,  100,  27,   0,   0, 
EP, 14, 2026091000, 03, AVNO,  84, 193N, 1303W,  39, 1000, XX,  34, NEQ,   41,    0,    0,   49, 1008,  135,  35,   0,   0, 
EP, 14, 2026091000, 03, AVNO,  90, 195N, 1312W,  37, 1002, XX,  34, NEQ,   52,    0,    0,   47, 1010,  132,  47,   0,   0, 
EP, 14, 2026091000, 03, AVNO,  96, 196N, 1322W,  38, 1000, XX,  34, NEQ,   46,    0,    0,   55, 1008,  199,  37,   0,   0, 
EP, 14, 2026091000, 03, AVNO, 102, 196N, 1333W,  38, 1004, XX,  34, NEQ,   56,    0,    0,   54, 1008,   38,  39,   0,   0, 
EP, 14, 2026091000, 03, AVNO, 108, 197N, 1343W,  33, 1003, XX,  34, NEQ,    0,    0,    0,    0, 1007,   53,  35,   0,   0, 
EP, 14, 2026091000, 03, AVNO, 114, 196N, 1353W,  33, 1006, XX,  34, NEQ,    0,    0,    0,    0, 1010,   65,  37,   0,   0, 
EP, 14, 2026091000, 03, AVNO, 120, 196N, 1363W,  32, 1005, XX,  34, NEQ,    0,    0,    0,    0, 1009,  122,  37,   0,   0, 
EP, 14, 2026091000, 03, AVNO, 126, 195N, 1374W,  31, 1007, XX,  34, NEQ,    0,    0,    0,    0,  -99,  -99,  32,   0,   0, 
EP, 14, 2026091000, 03, AVNO, 132, 193N, 1383W,  28, 1006, XX,  34, NEQ,    0,    0,    0,    0,  -99,  -99,  54,   0,   0, 
EP, 14, 2026091000, 03, AVNO, 138, 191N, 1393W,  26, 1009, XX,  34, NEQ,    0,    0,    0,    0,  -99,  -99,  37,   0,   0, 
EP, 14, 2026091000, 03, AVNO, 144, 190N, 1403W,  25, 1007, XX,  34, NEQ,    0,    0,    0,    0,  -99,  -99,  47,   0,   0, 
EP, 14, 2026091000, 03, AVNO, 150, 186N, 1414W,  26, 1010, XX,  34, NEQ,    0,    0,    0,    0,  -99,  -99,  52,   0,   0, 
EP, 14, 2026091000, 03, AVNO, 156, 182N, 1425W,  27, 1008, XX,  34, NEQ,    0,    0,    0,    0,  -99,  -99,  50,   0,   0, 
EP, 14, 2026091000, 03, AVNO, 162, 178N, 1438W,  25, 1011, XX,  34, NEQ,    0,    0,    0,    0,  -99,  -99,  80,   0,   0, 
EP, 14, 2026091000, 03, AVNO, 168, 175N, 1451W,  23, 1008, XX,  34, NEQ,    0,    0,    0,    0,  -99,  -99,  77,   0,   0, 
EP, 14, 2026091000, 03, AVNO, 174, 171N, 1464W,  24, 1010, XX,  34, NEQ,    0,    0,    0,    0,  -99,  -99,  56,   0,   0, 
EP, 14, 2026091000, 03, AVNO, 180, 168N, 1478W,  24, 1009, XX,  34, NEQ,    0,    0,    0,    0,  -99,  -99,  98,   0,   0, 
EP, 14, 2026091000, 03, AVNO, 186, 161N, 1491W,  23, 1011, XX,  34, NEQ,    0,    0,    0,    0,  -99,  -99, 156,   0,   0, 
EP, 14, 2026091000, 03, AVNO, 192, 155N, 1505W,  22, 1009, XX,  34, NEQ,    0,    0,    0,    0,  -99,  -99, 153,   0,   0, 
EP, 14, 2026091000, 03, AVNO, 198, 156N, 1520W,  22, 1012, XX,  34, NEQ,    0,    0,    0,    0,  -99,  -99, 137,   0,   0, 
EP, 14, 2026091000, 03, AVNO, 204, 153N, 1532W,  21, 1011, XX,  34, NEQ,    0,    0,    0,    0,  -99,  -99, 149,   0,   0, 
EP, 14, 2026091000, 03, AVNO, 210, 151N, 1545W,  21, 1012, XX,  34, NEQ,    0,    0,    0,    0,  -99,  -99, 152,   0,   0, 
EP, 14, 2026091000, 03, AVNO, 216, 151N, 1557W,  21, 1010, XX,  34, NEQ,    0,    0,    0,    0,  -99,  -99, 161,   0,   0, 
EP, 14, 2026091000, 03, AVNO, 222, 149N, 1574W,  22, 1012, XX,  34, NEQ,    0,    0,    0,    0,  -99,  -99, 157,   0,   0, 
EP, 14, 2026091000, 03, AVNO, 228, 147N, 1583W,  20, 1011, XX,  34, NEQ,    0,    0,    0,    0,  -99,  -99, 158,   0,   0, 
EP, 14, 2026091000, 03, AVNO, 234, 150N, 1597W,  19, 1013, XX,  34, NEQ,    0,    0,    0,    0,  -99,  -99, 160,   0,   0, 
EP, 14, 2026091000, 03, AVNO, 240, 148N, 1600W,  19, 1012, XX,  34, NEQ,    0,    0,    0,    0,  -99,  -99, 161,   0,   0, 
EP, 14, 2026091000, 03, HCCA,   0, 163N, 1161W,  30,    0,   ,   0,    ,    0,    0,    0,    0, 
EP, 14, 2026091000, 03, HCCA,  12, 167N, 1185W,  36,    0,   ,   0,    ,    0,    0,    0,    0, 
EP, 14, 2026091000, 03, HCCA,  24, 168N, 1212W,  44,    0,   ,   0,    ,    0,    0,    0,    0, 
EP, 14, 2026091000, 03, HCCA,  36, 168N, 1238W,  49,    0,   ,   0,    ,    0,    0,    0,    0, 
EP, 14, 2026091000, 03, HCCA,  48, 169N, 1263W,  54,    0,   ,   0,    ,    0,    0,    0,    0, 
EP, 14, 2026091000, 03, HCCA,  60, 172N, 1285W,  59,    0,   ,   0,    ,    0,    0,    0,    0, 
EP, 14, 2026091000, 03, HCCA,  72, 177N, 1303W,  63,    0,   ,   0,    ,    0,    0,    0,    0, 
EP, 14, 2026091000, 03, HCCA,  84, 181N, 1320W,  66,    0,   ,   0,    ,    0,    0,    0,    0, 
EP, 14, 2026091000, 03, HCCA,  96, 183N, 1338W,  70,    0,   ,   0,    ,    0,    0,    0,    0, 
EP, 14, 2026091000, 03, HCCA, 108, 183N, 1357W,  70,    0,   ,   0,    ,    0,    0,    0,    0, 
EP, 14, 2026091000, 03, HCCA, 120, 184N, 1376W,  66,    0,   ,   0,    ,    0,    0,    0,    0, 
EP, 14, 2026091000, 03, HCCA, 132, 183N, 1392W,  65,    0,   ,   0,    ,    0,    0,    0,    0, 
EP, 14, 2026091000, 03, HCCA, 144, 180N, 1411W,  67,    0,   ,   0,    ,    0,    0,    0,    0, 
EP, 14, 2026091000, 03, HCCA, 156, 176N, 1428W,  72,    0,   ,   0,    ,    0,    0,    0,    0, 
EP, 14, 2026091000, 03, HCCA, 168, 172N, 1437W,  77,    0,   ,   0,    ,    0,    0,    0,    0, 
EP, 14, 2026091000, 03, HFSA,   0, 162N, 1161W,  30, 1000, XX,  34, NEQ,    0,    0,    0,    0, 1004,    6,  73,   0,   0,    ,   0,    , 281,  11,           ,  ,  0,    ,    0,    0,    0,    0, THERMO PARAMS, -72, -179, 87, N, 10, DT, -999, SHR82, -99, 
EP, 14, 2026091000, 03, HFSA,   6, 161N, 1165W,  43, 1002, XX,  34, NEQ,   24,    0,    0,   21, 1006,   12,  37,   0,   0,    ,   0,    , 285,  10,           ,  ,  0,    ,    0,    0,    0,    0, THERMO PARAMS, -43, -69, 460, N, 10, DT, -999, SHR82, -99, 
EP, 14, 2026091000, 03, HFSA,  12, 163N, 1176W,  38, 1003, XX,  34, NEQ,    0,    0,    0,    0,  -99,  -99,  70,   0,   0,    ,   0,    , 286,  12,           ,  ,  0,    ,    0,    0,    0,    0, THERMO PARAMS, -85, -75, 539, N, 10, DT, -999, SHR82, -99, 
EP, 14, 2026091000, 03, HFSA,  18, 166N, 1188W,  43, 1004, XX,  34, NEQ,   66,    0,    0,    0, 1008,   64,  43,   0,   0,    ,   0,    , 285,  13,           ,  ,  0,    ,    0,    0,    0,    0, THERMO PARAMS, -57, -84, 158, N, 10, DT, -999, SHR82, -99, 
EP, 14, 2026091000, 03, HFSA,  24, 169N, 1203W,  39, 1002, XX,  34, NEQ,   83,    0,    0,   65, 1006,  100,  49,   0,   0,    ,   0,    , 275,  14,           ,  ,  0,    ,    0,    0,    0,    0, THERMO PARAMS, -38, -115, 379, N, 10, DT, -999, SHR82, -99, 
EP, 14, 2026091000, 03, HFSA,  30, 171N, 1215W,  38, 1003, XX,  34, NEQ,   73,    0,    0,   58,  -99,  -99,  68,   0,   0,    ,   0,    , 282,  13,           ,  ,  0,    ,    0,    0,    0,    0, THERMO PARAMS, -26, -110, 365, N, 10, DT, -999, SHR82, -99, 
EP, 14, 2026091000, 03, HFSA,  36, 173N, 1228W,  42, 1000, XX,  34, NEQ,   81,    0,    0,   44, 1004,   44,  24,   0,   0,    ,   0,    , 277,  13,           ,  ,  0,    ,    0,    0,    0,    0, THERMO PARAMS, -28, 197, 147, N, 10, DT, -999, SHR82, -99, 
EP, 14, 2026091000, 03, HFSA,  42, 173N, 1241W,  47, 1002, XX,  34, NEQ,   65,    0,    0,   49, 1006,   50,  31,   0,   0,    ,   0,    , 280,  13,           ,  ,  0,    ,    0,    0,    0,    0, THERMO PARAMS, -53, 106, 724, N, 10, DT, -999, SHR82, -99, 
EP, 14, 2026091000, 03, HFSA,  48, 175N, 1250W,  45,  997, XX,  34, NEQ,   84,    0,    0,   58, 1001,   41,  27,   0,   0,    ,   0,    , 292,   8,           ,  ,  0,    ,    0,    0,    0,    0, THERMO PARAMS, -48, 186, 933, N, 10, DT, -999, SHR82, -99, 
EP, 14, 2026091000, 03, HFSA,  54, 179N, 1260W,  49,  996, XX,  34, NEQ,   99,    0,   19,   70, 1000,   16,  30,   0,   0,    ,   0,    , 287,  11,           ,  ,  0,    ,    0,    0,    0,    0, THERMO PARAMS, -50, 524, 741, N, 10, DT, -999, SHR82, -99, 
EP, 14, 2026091000, 03, HFSA,  60, 185N, 1268W,  49,  990, XX,  34, NEQ,   78,   47,   18,   65,  998,   21,  41,   0,   0,    ,   0,    , 305,  11,           ,  ,  0,    ,    0,    0,    0,    0, THERMO PARAMS, -21, 637, 1128, N, 10, DT, -999, SHR82, -99, 
EP, 14, 2026091000, 03, HFSA,  66, 189N, 1278W,  45,  992, XX,  34, NEQ,   96,   49,   32,   84, 1000,   21,  40,   0,   0,    ,   0,    , 290,   9,           ,  ,  0,    ,    0,    0,    0,    0, THERMO PARAMS, -34, 966, 1015, N, 10, DT, -999, SHR82, -99, 
EP, 14, 2026091000, 03, HFSA,  72, 194N, 1289W,  53,  989, XX,  34, NEQ,   92,   28,   40,   84,  997,   22,  15,   0,   0,    ,   0,    , 285,  10,           ,  ,  0,    ,    0,    0,    0,    0, THERMO PARAMS, -43, 950, 1208, N, 10, DT, -999, SHR82, -99, 
EP, 14, 2026091000, 03, HFSA,  72, 194N, 1289W,  53,  989, XX,  50, NEQ,   16,    0,    0,    0,  997,   22,  15,   0,   0,    ,   0,    , 285,  10,           ,  ,  0,    ,    0,    0,    0,    0, THERMO PARAMS, -43, 950, 1208, N, 10, DT, -999, SHR82, -99, 
EP, 14, 2026091000, 03, HFSA,  78, 195N, 1298W,  51,  990, XX,  34, NEQ,  102,   32,   45,   89, 1006,   58,  15,   0,   0,    ,   0,    , 282,   8,           ,  ,  0,    ,    0,    0,    0,    0, THERMO PARAMS, -28, 1095, 1035, N, 10, DT, -999, SHR82, -99, 
EP, 14, 2026091000, 03, HFSA,  78, 195N, 1298W,  51,  990, XX,  50, NEQ,    0,    0,    0,   16, 1006,   58,  15,   0,   0,    ,   0,    , 282,   8,           ,  ,  0,    ,    0,    0,    0,    0, THERMO PARAMS, -28, 1095, 1035, N, 10, DT, -999, SHR82, -99, 
EP, 14, 2026091000, 03, HFSA,  84, 198N, 1306W,  58,  985, XX,  34, NEQ,   87,   68,   39,   83, 1001,   41,  17,   0,   0,    ,   0,    , 286,   8,           ,  ,  0,    ,    0,    0,    0,    0, THERMO PARAMS, -29, 1069, 1763, N, 10, DT, -999, SHR82, -99, 
EP, 14, 2026091000, 03, HFSA,  84, 198N, 1306W,  58,  985, XX,  50, NEQ,   34,    0,    0,   36, 1001,   41,  17,   0,   0,    ,   0,    , 286,   8,           ,  ,  0,    ,    0,    0,    0,    0, THERMO PARAMS, -29, 1069, 1763, N, 10, DT, -999, SHR82, -99, 
EP, 14, 2026091000, 03, HFSA,  90, 199N, 1313W,  72,  982, XX,  34, NEQ,   89,   83,   50,   92, 1010,  125,  16,   0,   0,    ,   0,    , 278,   9,           ,  ,  0,    ,    0,    0,    0,    0, THERMO PARAMS, -48, 1217, 1618, N, 10, DT, -999, SHR82, -99, 
EP, 14, 2026091000, 03, HFSA,  90, 199N, 1313W,  72,  982, XX,  50, NEQ,   47,   31,   23,   44, 1010,  125,  16,   0,   0,    ,   0,    , 278,   9,           ,  ,  0,    ,    0,    0,    0,    0, THERMO PARAMS, -48, 1217, 1618, N, 10, DT, -999, SHR82, -99, 
EP, 14, 2026091000, 03, HFSA,  90, 199N, 1313W,  72,  982, XX,  64, NEQ,   21,    0,    0,   18, 1010,  125,  16,   0,   0,    ,   0,    , 278,   9,           ,  ,  0,    ,    0,    0,    0,    0, THERMO PARAMS, -48, 1217, 1618, N, 10, DT, -999, SHR82, -99, 
EP, 14, 2026091000, 03, HFSA,  96, 201N, 1323W,  91,  977, XX,  34, NEQ,   78,   68,   49,   89,  997,   31,  16,   0,   0,    ,   0,    , 278,  10,           ,  ,  0,    ,    0,    0,    0,    0, THERMO PARAMS, -24, 1373, 1656, N, 10, DT, -999, SHR82, -99, 
EP, 14, 2026091000, 03, HFSA,  96, 201N, 1323W,  91,  977, XX,  50, NEQ,   47,   29,   21,   40,  997,   31,  16,   0,   0,    ,   0,    , 278,  10,           ,  ,  0,    ,    0,    0,    0,    0, THERMO PARAMS, -24, 1373, 1656, N, 10, DT, -999, SHR82, -99, 
EP, 14, 2026091000, 03, HFSA,  96, 201N, 1323W,  91,  977, XX,  64, NEQ,   24,    0,    0,   26,  997,   31,  16,   0,   0,    ,   0,    , 278,  10,           ,  ,  0,    ,    0,    0,    0,    0, THERMO PARAMS, -24, 1373, 1656, N, 10, DT, -999, SHR82, -99, 
EP, 14, 2026091000, 03, HFSA, 102, 201N, 1333W,  81,  983, XX,  34, NEQ,   87,   53,   50,   84, 1007,   67,  17,   0,   0,    ,   0,    , 271,  10,           ,  ,  0,    ,    0,    0,    0,    0, THERMO PARAMS, -20, 1372, 1463, N, 10, DT, -999, SHR82, -99, 
EP, 14, 2026091000, 03, HFSA, 102, 201N, 1333W,  81,  983, XX,  50, NEQ,   39,   28,   19,   34, 1007,   67,  17,   0,   0,    ,   0,    , 271,  10,           ,  ,  0,    ,    0,    0,    0,    0, THERMO PARAMS, -20, 1372, 1463, N, 10, DT, -999, SHR82, -99, 
EP, 14, 2026091000, 03, HFSA, 102, 201N, 1333W,  81,  983, XX,  64, NEQ,   24,    0,    0,   24, 1007,   67,  17,   0,   0,    ,   0,    , 271,  10,           ,  ,  0,    ,    0,    0,    0,    0, THERMO PARAMS, -20, 1372, 1463, N, 10, DT, -999, SHR82, -99, 
EP, 14, 2026091000, 03, HFSA, 108, 201N, 1345W,  63,  988, XX,  34, NEQ,   87,   55,   44,   87, 1004,   55,  21,   0,   0,    ,   0,    , 269,  10,           ,  ,  0,    ,    0,    0,    0,    0, THERMO PARAMS, -40, 780, 1473, N, 10, DT, -999, SHR82, -99, 
EP, 14, 2026091000, 03, HFSA, 108, 201N, 1345W,  63,  988, XX,  50, NEQ,   39,    0,    0,   34, 1004,   55,  21,   0,   0,    ,   0,    , 269,  10,           ,  ,  0,    ,    0,    0,    0,    0, THERMO PARAMS, -40, 780, 1473, N, 10, DT, -999, SHR82, -99, 
EP, 14, 2026091000, 03, HFSA, 114, 199N, 1358W,  54,  995, XX,  34, NEQ,   92,   36,    0,   87, 1007,   69,  29,   0,   0,    ,   0,    , 268,  11,           ,  ,  0,    ,    0,    0,    0,    0, THERMO PARAMS, -44, 1500, 522, N, 10, DT, -999, SHR82, -99, 
EP, 14, 2026091000, 03, HFSA, 114, 199N, 1358W,  54,  995, XX,  50, NEQ,   32,    0,    0,   34, 1007,   69,  29,   0,   0,    ,   0,    , 268,  11,           ,  ,  0,    ,    0,    0,    0,    0, THERMO PARAMS, -44, 1500, 522, N, 10, DT, -999, SHR82, -99, 
EP, 14, 2026091000, 03, HFSA, 120, 200N, 1372W,  48,  996, XX,  34, NEQ,   81,    0,    0,   76, 1004,   47,  29,   0,   0,    ,   0,    , 275,  11,           ,  ,  0,    ,    0,    0,    0,    0, THERMO PARAMS, -61, 1670, 509, N, 10, DT, -999, SHR82, -99, 
EP, 14, 2026091000, 03, HFSA, 126, 200N, 1385W,  42, 1000, XX,  34, NEQ,   73,    0,    0,   60, 1008,   68,  58,   0,   0,    ,   0,    , -99, -99,           ,  ,  0,    ,    0,    0,    0,    0, THERMO PARAMS, -67, 1642, 392, N, 10, DT, -999, SHR82, -99, 
EP, 14, 2026091000, 03, TVCN,   0, 163N, 1161W,   0,    0,   ,   0,    ,    0,    0,    0,    0, 
EP, 14, 2026091000, 03, TVCN,  12, 168N, 1185W,   0,    0,   ,   0,    ,    0,    0,    0,    0, 
EP, 14, 2026091000, 03, TVCN,  24, 169N, 1211W,   0,    0,   ,   0,    ,    0,    0,    0,    0, 
EP, 14, 2026091000, 03, TVCN,  36, 169N, 1236W,   0,    0,   ,   0,    ,    0,    0,    0,    0, 
EP, 14, 2026091000, 03, TVCN,  48, 170N, 1258W,   0,    0,   ,   0,    ,    0,    0,    0,    0, 
EP, 14, 2026091000, 03, TVCN,  60, 173N, 1277W,   0,    0,   ,   0,    ,    0,    0,    0,    0, 
EP, 14, 2026091000, 03, TVCN,  72, 178N, 1294W,   0,    0,   ,   0,    ,    0,    0,    0,    0, 
EP, 14, 2026091000, 03, TVCN,  84, 183N, 1310W,   0,    0,   ,   0,    ,    0,    0,    0,    0, 
EP, 14, 2026091000, 03, TVCN,  96, 186N, 1329W,   0,    0,   ,   0,    ,    0,    0,    0,    0, 
EP, 14, 2026091000, 03, TVCN, 108, 187N, 1348W,   0,    0,   ,   0,    ,    0,    0,    0,    0, 
EP, 14, 2026091000, 03, TVCN, 120, 188N, 1367W,   0,    0,   ,   0,    ,    0,    0,    0,    0, 
EP, 14, 2026091000, 03, TVCN, 132, 188N, 1387W,   0,    0,   ,   0,    ,    0,    0,    0,    0, 
EP, 14, 2026091000, 03, TVCN, 144, 179N, 1412W,   0,    0,   ,   0,    ,    0,    0,    0,    0, 
EP, 14, 2026091000, 03, TVCN, 156, 174N, 1433W,   0,    0,   ,   0,    ,    0,    0,    0,    0, 
EP, 14, 2026091000, 03, TVCN, 168, 169N, 1452W,   0,    0,   ,   0,    ,    0,    0,    0,    0, 
EP, 14, 2026091006, 03, AVNO,   0, 166N, 1168W,  40, 1004, XX,  34, NEQ,   49,    0,    0,    0, 1008,   45,  30,   0,   0, 
EP, 14, 2026091006, 03, AVNO,   6, 170N, 1183W,  44,  999, XX,  34, NEQ,   56,    0,    0,   48, 1007,  158,  34,   0,   0, 
EP, 14, 2026091006, 03, AVNO,  12, 170N, 1197W,  40, 1003, XX,  34, NEQ,   73,    0,    0,   59, 1011,  315,  45,   0,   0, 
EP, 14, 2026091006, 03, AVNO,  18, 171N, 1210W,  42,  998, XX,  34, NEQ,   70,    0,    0,   57, 1006,  102,  29,   0,   0, 
EP, 14, 2026091006, 03, AVNO,  24, 171N, 1220W,  44, 1000, XX,  34, NEQ,   72,    0,    0,   57, 1008,   68,  25,   0,   0, 
EP, 14, 2026091006, 03, AVNO,  30, 173N, 1231W,  50,  996, XX,  34, NEQ,   69,    0,   37,   58, 1008,  317,  26,   0,   0, 
EP, 14, 2026091006, 03, AVNO,  36, 174N, 1243W,  48,  997, XX,  34, NEQ,   79,   37,   32,   69, 1009,  148,  24,   0,   0, 
EP, 14, 2026091006, 03, AVNO,  42, 177N, 1254W,  44,  996, XX,  34, NEQ,   70,    0,   34,   69, 1008,  734,  21,   0,   0, 
EP, 14, 2026091006, 03, AVNO,  48, 177N, 1266W,  42,  999, XX,  34, NEQ,   68,    0,    0,   70, 1007,   76,  37,   0,   0, 
EP, 14, 2026091006, 03, AVNO,  54, 180N, 1274W,  43,  996, XX,  34, NEQ,   49,    0,    0,   48, 1008,  363,  33,   0,   0, 
EP, 14, 2026091006, 03, AVNO,  60, 183N, 1283W,  41,  999, XX,  34, NEQ,   58,   30,    0,   58, 1011,  252,  30,   0,   0, 
EP, 14, 2026091006, 03, AVNO,  66, 185N, 1291W,  41,  996, XX,  34, NEQ,   45,    0,    0,   49, 1008,  266,  28,   0,   0, 
EP, 14, 2026091006, 03, AVNO,  72, 187N, 1301W,  43,  999, XX,  34, NEQ,   54,    0,    0,   55, 1011,  250,  35,   0,   0, 
EP, 14, 2026091006, 03, AVNO,  78, 188N, 1311W,  41,  997, XX,  34, NEQ,   59,    0,    0,   46, 1005,   58,  29,   0,   0, 
EP, 14, 2026091006, 03, AVNO,  84, 190N, 1320W,  43, 1000, XX,  34, NEQ,   65,    0,    0,   58, 1008,   62,  32,   0,   0, 
EP, 14, 2026091006, 03, AVNO,  90, 191N, 1329W,  39,  999, XX,  34, NEQ,   61,    0,    0,   57, 1007,   92,  29,   0,   0, 
EP, 14, 2026091006, 03, AVNO,  96, 191N, 1339W,  35, 1003, XX,  34, NEQ,   46,    0,    0,   26, 1011,  246,  40,   0,   0, 
EP, 14, 2026091006, 03, AVNO, 102, 192N, 1348W,  37, 1002, XX,  34, NEQ,   54,    0,    0,   52, 1006,   40,  37,   0,   0, 
EP, 14, 2026091006, 03, AVNO, 108, 191N, 1357W,  37, 1004, XX,  34, NEQ,   54,    0,    0,   42, 1008,   45,  39,   0,   0, 
EP, 14, 2026091006, 03, AVNO, 114, 191N, 1368W,  33, 1003, XX,  34, NEQ,    0,    0,    0,    0, 1007,   65,  41,   0,   0, 
EP, 14, 2026091006, 03, AVNO, 120, 190N, 1377W,  31, 1006, XX,  34, NEQ,    0,    0,    0,    0, 1010,   75,  47,   0,   0, 
EP, 14, 2026091006, 03, AVNO, 126, 190N, 1387W,  30, 1005, XX,  34, NEQ,    0,    0,    0,    0, 1009,  123,  46,   0,   0, 
EP, 14, 2026091006, 03, AVNO, 132, 189N, 1396W,  29, 1008, XX,  34, NEQ,    0,    0,    0,    0,  -99,  -99,  51,   0,   0, 
EP, 14, 2026091006, 03, AVNO, 138, 189N, 1406W,  27, 1006, XX,  34, NEQ,    0,    0,    0,    0,  -99,  -99,  36,   0,   0, 
EP, 14, 2026091006, 03, AVNO, 144, 188N, 1415W,  28, 1008, XX,  34, NEQ,    0,    0,    0,    0,  -99,  -99,  39,   0,   0, 
EP, 14, 2026091006, 03, AVNO, 150, 186N, 1425W,  28, 1007, XX,  34, NEQ,    0,    0,    0,    0,  -99,  -99,  41,   0,   0, 
EP, 14, 2026091006, 03, AVNO, 156, 183N, 1438W,  27, 1010, XX,  34, NEQ,    0,    0,    0,    0,  -99,  -99,  43,   0,   0, 
EP, 14, 2026091006, 03, AVNO, 162, 182N, 1452W,  26, 1008, XX,  34, NEQ,    0,    0,    0,    0,  -99,  -99,  50,   0,   0, 
EP, 14, 2026091006, 03, AVNO, 168, 179N, 1465W,  25, 1010, XX,  34, NEQ,    0,    0,    0,    0,  -99,  -99,  67,   0,   0, 
EP, 14, 2026091006, 03, AVNO, 174, 176N, 1478W,  24, 1009, XX,  34, NEQ,    0,    0,    0,    0,  -99,  -99, 102,   0,   0, 
EP, 14, 2026091006, 03, AVNO, 180, 170N, 1493W,  24, 1011, XX,  34, NEQ,    0,    0,    0,    0,  -99,  -99, 106,   0,   0, 
EP, 14, 2026091006, 03, AVNO, 186, 167N, 1509W,  23, 1009, XX,  34, NEQ,    0,    0,    0,    0,  -99,  -99, 126,   0,   0, 
EP, 14, 2026091006, 03, AVNO, 192, 166N, 1525W,  23, 1011, XX,  34, NEQ,    0,    0,    0,    0,  -99,  -99, 129,   0,   0, 
EP, 14, 2026091006, 03, AVNO, 198, 166N, 1538W,  22, 1011, XX,  34, NEQ,    0,    0,    0,    0,  -99,  -99, 153,   0,   0, 
EP, 14, 2026091006, 03, AVNO, 204, 165N, 1555W,  25, 1012, XX,  34, NEQ,    0,    0,    0,    0,  -99,  -99, 138,   0,   0, 
EP, 14, 2026091006, 03, AVNO, 210, 163N, 1568W,  23, 1010, XX,  34, NEQ,    0,    0,    0,    0,  -99,  -99, 148,   0,   0, 
EP, 14, 2026091006, 03, AVNO, 216, 164N, 1586W,  22, 1012, XX,  34, NEQ,    0,    0,    0,    0,  -99,  -99, 146,   0,   0, 
EP, 14, 2026091006, 03, AVNO, 222, 163N, 1599W,  20, 1012, XX,  34, NEQ,    0,    0,    0,    0,  -99,  -99, 135,   0,   0, 
EP, 14, 2026091006, 03, AVNO, 228, 163N, 1615W,  19, 1013, XX,  34, NEQ,    0,    0,    0,    0,  -99,  -99, 133,   0,   0, 
EP, 14, 2026091006, 03, AVNO, 234, 164N, 1627W,  18, 1012, XX,  34, NEQ,    0,    0,    0,    0,  -99,  -99, 124,   0,   0, 
EP, 14, 2026091006, 03, AVNO, 240, 165N, 1642W,  17, 1013, XX,  34, NEQ,    0,    0,    0,    0,  -99,  -99, 119,   0,   0, 
EP, 14, 2026091006, 03, HCCA,   0, 164N, 1173W,  35,    0,   ,   0,    ,    0,    0,    0,    0, 
EP, 14, 2026091006, 03, HCCA,  12, 165N, 1199W,  44,    0,   ,   0,    ,    0,    0,    0,    0, 
EP, 14, 2026091006, 03, HCCA,  24, 165N, 1225W,  51,    0,   ,   0,    ,    0,    0,    0,    0, 
EP, 14, 2026091006, 03, HCCA,  36, 165N, 1248W,  60,    0,   ,   0,    ,    0,    0,    0,    0, 
EP, 14, 2026091006, 03, HCCA,  48, 167N, 1269W,  60,    0,   ,   0,    ,    0,    0,    0,    0, 
EP, 14, 2026091006, 03, HCCA,  60, 173N, 1287W,  58,    0,   ,   0,    ,    0,    0,    0,    0, 
EP, 14, 2026091006, 03, HCCA,  72, 179N, 1302W,  54,    0,   ,   0,    ,    0,    0,    0,    0, 
EP, 14, 2026091006, 03, HCCA,  84, 184N, 1315W,  57,    0,   ,   0,    ,    0,    0,    0,    0, 
EP, 14, 2026091006, 03, HCCA,  96, 186N, 1329W,  66,    0,   ,   0,    ,    0,    0,    0,    0, 
EP, 14, 2026091006, 03, HCCA, 108, 187N, 1343W,  72,    0,   ,   0,    ,    0,    0,    0,    0, 
EP, 14, 2026091006, 03, HCCA, 120, 188N, 1357W,  74,    0,   ,   0,    ,    0,    0,    0,    0, 
EP, 14, 2026091006, 03, HCCA, 132, 185N, 1369W,  80,    0,   ,   0,    ,    0,    0,    0,    0, 
EP, 14, 2026091006, 03, HCCA, 144, 182N, 1383W,  82,    0,   ,   0,    ,    0,    0,    0,    0, 
EP, 14, 2026091006, 03, HCCA, 156, 183N, 1399W,  83,    0,   ,   0,    ,    0,    0,    0,    0, 
EP, 14, 2026091006, 03, HCCA, 168, 179N, 1412W,  90,    0,   ,   0,    ,    0,    0,    0,    0, 
EP, 14, 2026091006, 03, HFSA,   0, 164N, 1173W,  37,  999, XX,  34, NEQ,    0,    0,    0,    0, 1007,   81,  40,   0,   0,    ,   0,    , 280,  12,           ,  ,  0,    ,    0,    0,    0,    0, THERMO PARAMS, -86, -71, 696, N, 10, DT, -999, SHR82, -99, 
EP, 14, 2026091006, 03, HFSA,   6, 167N, 1186W,  44,  999, XX,  34, NEQ,   70,    0,    0,   26, 1003,    8,  18,   0,   0,    ,   0,    , 278,  14,           ,  ,  0,    ,    0,    0,    0,    0, THERMO PARAMS, -74, -251, 502, N, 10, DT, -999, SHR82, -99, 
EP, 14, 2026091006, 03, HFSA,  12, 167N, 1198W,  44, 1001, XX,  34, NEQ,  100,   62,    0,   42, 1005,   41,  55,   0,   0,    ,   0,    , 275,  13,           ,  ,  0,    ,    0,    0,    0,    0, THERMO PARAMS, -37, 98, 545, N, 10, DT, -999, SHR82, -99, 
EP, 14, 2026091006, 03, HFSA,  18, 168N, 1209W,  42,  998, XX,  34, NEQ,   84,   34,    0,   36, 1002,   22, 115,   0,   0,    ,   0,    , 279,  11,           ,  ,  0,    ,    0,    0,    0,    0, THERMO PARAMS, -50, 242, 124, N, 10, DT, -999, SHR82, -99, 
EP, 14, 2026091006, 03, HFSA,  24, 169N, 1224W,  46, 1000, XX,  34, NEQ,  113,   63,    0,   65, 1004,   21,  37,   0,   0,    ,   0,    , 273,  15,           ,  ,  0,    ,    0,    0,    0,    0, THERMO PARAMS, -49, 207, 163, N, 10, DT, -999, SHR82, -99, 
EP, 14, 2026091006, 03, HFSA,  30, 169N, 1237W,  42,  998, XX,  34, NEQ,   60,    0,    0,   63, 1002,   27,  29,   0,   0,    ,   0,    , 272,  13,           ,  ,  0,    ,    0,    0,    0,    0, THERMO PARAMS, -28, 624, 53, N, 10, DT, -999, SHR82, -99, 
EP, 14, 2026091006, 03, HFSA,  36, 168N, 1248W,  46, 1000, XX,  34, NEQ,   78,    0,    0,   78, 1004,   27,  37,   0,   0,    ,   0,    , 276,  11,           ,  ,  0,    ,    0,    0,    0,    0, THERMO PARAMS, -74, 351, 198, N, 10, DT, -999, SHR82, -99, 
EP, 14, 2026091006, 03, HFSA,  42, 169N, 1258W,  45,  997, XX,  34, NEQ,   87,    0,    0,   86, 1005,   87,  71,   0,   0,    ,   0,    , 279,   9,           ,  ,  0,    ,    0,    0,    0,    0, THERMO PARAMS, -70, 191, 643, N, 10, DT, -999, SHR82, -99, 
EP, 14, 2026091006, 03, HFSA,  48, 172N, 1266W,  48,  999, XX,  34, NEQ,   94,    0,    0,   76,  -99,  -99,  24,   0,   0,    ,   0,    , 287,  10,           ,  ,  0,    ,    0,    0,    0,    0, THERMO PARAMS, -58, 193, 789, N, 10, DT, -999, SHR82, -99, 
EP, 14, 2026091006, 03, HFSA,  54, 177N, 1274W,  45,  996, XX,  34, NEQ,   97,   47,    0,   76, 1000,   28,  35,   0,   0,    ,   0,    , 299,   9,           ,  ,  0,    ,    0,    0,    0,    0, THERMO PARAMS, -48, 557, 647, N, 10, DT, -999, SHR82, -99, 
EP, 14, 2026091006, 03, HFSA,  60, 182N, 1283W,  51,  995, XX,  34, NEQ,   94,   37,   44,   76, 1003,   33,  62,   0,   0,    ,   0,    , 288,  10,           ,  ,  0,    ,    0,    0,    0,    0, THERMO PARAMS, -37, 821, 893, N, 10, DT, -999, SHR82, -99, 
EP, 14, 2026091006, 03, HFSA,  66, 186N, 1292W,  53,  990, XX,  34, NEQ,   79,   39,   36,   68,  998,   25,  19,   0,   0,    ,   0,    , 292,   8,           ,  ,  0,    ,    0,    0,    0,    0, THERMO PARAMS, -50, 311, 1377, N, 10, DT, -999, SHR82, -99, 
EP, 14, 2026091006, 03, HFSA,  66, 186N, 1292W,  53,  990, XX,  50, NEQ,   21,    0,    0,    0,  998,   25,  19,   0,   0,    ,   0,    , 292,   8,           ,  ,  0,    ,    0,    0,    0,    0, THERMO PARAMS, -50, 311, 1377, N, 10, DT, -999, SHR82, -99, 
EP, 14, 2026091006, 03, HFSA,  72, 187N, 1301W,  52,  993, XX,  34, NEQ,   96,   47,   40,   84, 1001,   29,  25,   0,   0,    ,   0,    , 279,   8,           ,  ,  0,    ,    0,    0,    0,    0, THERMO PARAMS, -38, 727, 1020, N, 10, DT, -999, SHR82, -99, 
EP, 14, 2026091006, 03, HFSA,  72, 187N, 1301W,  52,  993, XX,  50, NEQ,   32,    0,    0,   28, 1001,   29,  25,   0,   0,    ,   0,    , 279,   8,           ,  ,  0,    ,    0,    0,    0,    0, THERMO PARAMS, -38, 727, 1020, N, 10, DT, -999, SHR82, -99, 
EP, 14, 2026091006, 03, HFSA,  78, 188N, 1309W,  55,  990, XX,  34, NEQ,   78,   37,   39,   81, 1002,   44,  27,   0,   0,    ,   0,    , 278,   8,           ,  ,  0,    ,    0,    0,    0,    0, THERMO PARAMS, -24, 727, 1253, N, 10, DT, -999, SHR82, -99, 
EP, 14, 2026091006, 03, HFSA,  78, 188N, 1309W,  55,  990, XX,  50, NEQ,    0,    0,    0,   31, 1002,   44,  27,   0,   0,    ,   0,    , 278,   8,           ,  ,  0,    ,    0,    0,    0,    0, THERMO PARAMS, -24, 727, 1253, N, 10, DT, -999, SHR82, -99, 
EP, 14, 2026091006, 03, HFSA,  84, 189N, 1317W,  61,  988, XX,  34, NEQ,   81,   45,   39,   76, 1004,   45,  19,   0,   0,    ,   0,    , 277,   8,           ,  ,  0,    ,    0,    0,    0,    0, THERMO PARAMS, -63, 1083, 1087, N, 10, DT, -999, SHR82, -99, 
EP, 14, 2026091006, 03, HFSA,  84, 189N, 1317W,  61,  988, XX,  50, NEQ,   34,    0,   21,   31, 1004,   45,  19,   0,   0,    ,   0,    , 277,   8,           ,  ,  0,    ,    0,    0,    0,    0, THERMO PARAMS, -63, 1083, 1087, N, 10, DT, -999, SHR82, -99, 
EP, 14, 2026091006, 03, HFSA,  90, 190N, 1326W,  70,  985, XX,  34, NEQ,   86,   44,   36,   78, 1005,   69,  18,   0,   0,    ,   0,    , 275,   8,           ,  ,  0,    ,    0,    0,    0,    0, THERMO PARAMS, -18, 1188, 1327, N, 10, DT, -999, SHR82, -99, 
EP, 14, 2026091006, 03, HFSA,  90, 190N, 1326W,  70,  985, XX,  50, NEQ,   29,   18,   19,   31, 1005,   69,  18,   0,   0,    ,   0,    , 275,   8,           ,  ,  0,    ,    0,    0,    0,    0, THERMO PARAMS, -18, 1188, 1327, N, 10, DT, -999, SHR82, -99, 
EP, 14, 2026091006, 03, HFSA,  90, 190N, 1326W,  70,  985, XX,  64, NEQ,    0,    0,    0,   19, 1005,   69,  18,   0,   0,    ,   0,    , 275,   8,           ,  ,  0,    ,    0,    0,    0,    0, THERMO PARAMS, -18, 1188, 1327, N, 10, DT, -999, SHR82, -99, 
EP, 14, 2026091006, 03, HFSA,  96, 190N, 1334W,  65,  986, XX,  34, NEQ,   79,   57,   36,   83, 1002,   37,  15,   0,   0,    ,   0,    , 274,   9,           ,  ,  0,    ,    0,    0,    0,    0, THERMO PARAMS, -19, 1182, 1685, N, 10, DT, -999, SHR82, -99, 
EP, 14, 2026091006, 03, HFSA,  96, 190N, 1334W,  65,  986, XX,  50, NEQ,   32,   24,   24,   39, 1002,   37,  15,   0,   0,    ,   0,    , 274,   9,           ,  ,  0,    ,    0,    0,    0,    0, THERMO PARAMS, -19, 1182, 1685, N, 10, DT, -999, SHR82, -99, 
EP, 14, 2026091006, 03, HFSA,  96, 190N, 1334W,  65,  986, XX,  64, NEQ,   16,    0,    0,    0, 1002,   37,  15,   0,   0,    ,   0,    , 274,   9,           ,  ,  0,    ,    0,    0,    0,    0, THERMO PARAMS, -19, 1182, 1685, N, 10, DT, -999, SHR82, -99, 
EP, 14, 2026091006, 03, HFSA, 102, 191N, 1343W,  66,  984, XX,  34, NEQ,   86,   68,   47,   79, 1004,   53,  15,   0,   0,    ,   0,    , 277,   8,           ,  ,  0,    ,    0,    0,    0,    0, THERMO PARAMS, -61, 1349, 1577, N, 10, DT, -999, SHR82, -99, 
EP, 14, 2026091006, 03, HFSA, 102, 191N, 1343W,  66,  984, XX,  50, NEQ,   40,   23,    0,   32, 1004,   53,  15,   0,   0,    ,   0,    , 277,   8,           ,  ,  0,    ,    0,    0,    0,    0, THERMO PARAMS, -61, 1349, 1577, N, 10, DT, -999, SHR82, -99, 
EP, 14, 2026091006, 03, HFSA, 102, 191N, 1343W,  66,  984, XX,  64, NEQ,   16,    0,    0,   16, 1004,   53,  15,   0,   0,    ,   0,    , 277,   8,           ,  ,  0,    ,    0,    0,    0,    0, THERMO PARAMS, -61, 1349, 1577, N, 10, DT, -999, SHR82, -99, 
EP, 14, 2026091006, 03, HFSA, 108, 192N, 1353W,  66,  987, XX,  34, NEQ,   97,   52,   53,   84, 1003,   40,  17,   0,   0,    ,   0,    , 272,  10,           ,  ,  0,    ,    0,    0,    0,    0, THERMO PARAMS, -59, 1185, 1448, N, 10, DT, -999, SHR82, -99, 
EP, 14, 2026091006, 03, HFSA, 108, 192N, 1353W,  66,  987, XX,  50, NEQ,   34,   18,   18,   31, 1003,   40,  17,   0,   0,    ,   0,    , 272,  10,           ,  ,  0,    ,    0,    0,    0,    0, THERMO PARAMS, -59, 1185, 1448, N, 10, DT, -999, SHR82, -99, 
EP, 14, 2026091006, 03, HFSA, 108, 192N, 1353W,  66,  987, XX,  64, NEQ,    0,    0,    0,   19, 1003,   40,  17,   0,   0,    ,   0,    , 272,  10,           ,  ,  0,    ,    0,    0,    0,    0, THERMO PARAMS, -59, 1185, 1448, N, 10, DT, -999, SHR82, -99, 
EP, 14, 2026091006, 03, HFSA, 114, 192N, 1363W,  67,  987, XX,  34, NEQ,   79,   57,   49,   79, 1003,   51,  18,   0,   0,    ,   0,    , 272,   9,           ,  ,  0,    ,    0,    0,    0,    0, THERMO PARAMS, -42, 1130, 1092, N, 10, DT, -999, SHR82, -99, 
EP, 14, 2026091006, 03, HFSA, 114, 192N, 1363W,  67,  987, XX,  50, NEQ,   40,   19,    0,   36, 1003,   51,  18,   0,   0,    ,   0,    , 272,   9,           ,  ,  0,    ,    0,    0,    0,    0, THERMO PARAMS, -42, 1130, 1092, N, 10, DT, -999, SHR82, -99, 
EP, 14, 2026091006, 03, HFSA, 114, 192N, 1363W,  67,  987, XX,  64, NEQ,   19,    0,    0,   21, 1003,   51,  18,   0,   0,    ,   0,    , 272,   9,           ,  ,  0,    ,    0,    0,    0,    0, THERMO PARAMS, -42, 1130, 1092, N, 10, DT, -999, SHR82, -99, 
EP, 14, 2026091006, 03, HFSA, 120, 191N, 1375W,  60,  993, XX,  34, NEQ,   86,   66,   34,   81, 1001,   30,  26,   0,   0,    ,   0,    , 265,  10,           ,  ,  0,    ,    0,    0,    0,    0, THERMO PARAMS, -49, 1835, 693, N, 10, DT, -999, SHR82, -99, 
EP, 14, 2026091006, 03, HFSA, 120, 191N, 1375W,  60,  993, XX,  50, NEQ,   39,    0,    0,   36, 1001,   30,  26,   0,   0,    ,   0,    , 265,  10,           ,  ,  0,    ,    0,    0,    0,    0, THERMO PARAMS, -49, 1835, 693, N, 10, DT, -999, SHR82, -99, 
EP, 14, 2026091006, 03, HFSA, 126, 190N, 1385W,  47,  995, XX,  34, NEQ,   91,    0,   49,   81,  999,   17,  38,   0,   0,    ,   0,    , -99, -99,           ,  ,  0,    ,    0,    0,    0,    0, THERMO PARAMS, -68, 1021, 772, N, 10, DT, -999, SHR82, -99, 
EP, 14, 2026091006, 03, TVCN,   0, 164N, 1173W,   0,    0,   ,   0,    ,    0,    0,    0,    0, 
EP, 14, 2026091006, 03, TVCN,  12, 168N, 1198W,   0,    0,   ,   0,    ,    0,    0,    0,    0, 
EP, 14, 2026091006, 03, TVCN,  24, 169N, 1224W,   0,    0,   ,   0,    ,    0,    0,    0,    0, 
EP, 14, 2026091006, 03, TVCN,  36, 170N, 1248W,   0,    0,   ,   0,    ,    0,    0,    0,    0, 
EP, 14, 2026091006, 03, TVCN,  48, 173N, 1270W,   0,    0,   ,   0,    ,    0,    0,    0,    0, 
EP, 14, 2026091006, 03, TVCN,  60, 178N, 1289W,   0,    0,   ,   0,    ,    0,    0,    0,    0, 
EP, 14, 2026091006, 03, TVCN,  72, 182N, 1306W,   0,    0,   ,   0,    ,    0,    0,    0,    0, 
EP, 14, 2026091006, 03, TVCN,  84, 186N, 1324W,   0,    0,   ,   0,    ,    0,    0,    0,    0, 
EP, 14, 2026091006, 03, TVCN,  96, 189N, 1341W,   0,    0,   ,   0,    ,    0,    0,    0,    0, 
EP, 14, 2026091006, 03, TVCN, 108, 190N, 1360W,   0,    0,   ,   0,    ,    0,    0,    0,    0, 
EP, 14, 2026091006, 03, TVCN, 120, 190N, 1379W,   0,    0,   ,   0,    ,    0,    0,    0,    0, 
EP, 14, 2026091006, 03, TVCN, 132, 188N, 1397W,   0,    0,   ,   0,    ,    0,    0,    0,    0, 
EP, 14, 2026091006, 03, TVCN, 144, 183N, 1413W,   0,    0,   ,   0,    ,    0,    0,    0,    0, 
EP, 14, 2026091006, 03, TVCN, 156, 179N, 1432W,   0,    0,   ,   0,    ,    0,    0,    0,    0, 
EP, 14, 2026091006, 03, TVCN, 168, 176N, 1449W,   0,    0,   ,   0,    ,    0,    0,    0,    0, 
EP, 14, 2026091012, 03,  UKX,   0, 161N, 1191W,  31, 1005, XX,  34, NEQ,    0,    0,    0,    0, 
EP, 14, 2026091012, 03,  UKX,   6, 162N, 1207W,  29, 1005, XX,  34, NEQ,    0,    0,    0,    0, 
EP, 14, 2026091012, 03,  UKX,  12, 163N, 1220W,  30, 1004, XX,  34, NEQ,    0,    0,    0,    0, 
EP, 14, 2026091012, 03,  UKX,  18, 162N, 1233W,  30, 1005, XX,  34, NEQ,    0,    0,    0,    0, 
EP, 14, 2026091012, 03,  UKX,  24, 162N, 1246W,  31, 1004, XX,  34, NEQ,    0,    0,    0,    0, 
EP, 14, 2026091012, 03,  UKX,  30, 162N, 1259W,  31, 1004, XX,  34, NEQ,    0,    0,    0,    0, 
EP, 14, 2026091012, 03,  UKX,  36, 162N, 1273W,  31, 1002, XX,  34, NEQ,    0,    0,    0,    0, 
EP, 14, 2026091012, 03,  UKX,  42, 162N, 1285W,  31, 1004, XX,  34, NEQ,    0,    0,    0,    0, 
EP, 14, 2026091012, 03,  UKX,  48, 164N, 1295W,  30, 1002, XX,  34, NEQ,    0,    0,    0,    0, 
EP, 14, 2026091012, 03,  UKX,  54, 167N, 1307W,  31, 1004, XX,  34, NEQ,    0,    0,    0,    0, 
EP, 14, 2026091012, 03,  UKX,  60, 169N, 1318W,  30, 1002, XX,  34, NEQ,    0,    0,    0,    0, 
EP, 14, 2026091012, 03,  UKX,  66, 171N, 1327W,  30, 1004, XX,  34, NEQ,    0,    0,    0,    0, 
EP, 14, 2026091012, 03,  UKX,  72, 174N, 1337W,  31, 1002, XX,  34, NEQ,    0,    0,    0,    0, 
EP, 14, 2026091012, 03,  UKX,  78, 178N, 1345W,  33, 1004, XX,  34, NEQ,    0,    0,    0,    0, 
EP, 14, 2026091012, 03,  UKX,  84, 182N, 1354W,  34, 1002, XX,  34, NEQ,    0,    0,    0,    0, 
EP, 14, 2026091012, 03,  UKX,  90, 185N, 1364W,  36, 1004, XX,  34, NEQ,   85,    0,    0,   62, 
EP, 14, 2026091012, 03,  UKX,  96, 189N, 1373W,  39, 1002, XX,  34, NEQ,   91,    0,    0,   82, 
EP, 14, 2026091012, 03,  UKX, 102, 191N, 1383W,  37, 1004, XX,  34, NEQ,   95,    0,    0,   70, 
EP, 14, 2026091012, 03,  UKX, 108, 194N, 1394W,  35, 1002, XX,  34, NEQ,   65,    0,    0,    0, 
EP, 14, 2026091012, 03,  UKX, 114, 196N, 1405W,  34, 1005, XX,  34, NEQ,    0,    0,    0,    0, 
EP, 14, 2026091012, 03,  UKX, 120, 199N, 1416W,  32, 1005, XX,  34, NEQ,    0,    0,    0,    0, 
EP, 14, 2026091012, 03,  UKX, 126, 202N, 1426W,  31, 1007, XX,  34, NEQ,    0,    0,    0,    0, 
EP, 14, 2026091012, 03,  UKX, 132, 205N, 1434W,  31, 1006, XX,  34, NEQ,    0,    0,    0,    0, 
EP, 14, 2026091012, 03,  UKX, 138, 207N, 1439W,  30, 1008, XX,  34, NEQ,    0,    0,    0,    0, 
EP, 14, 2026091012, 03,  UKX, 144, 206N, 1449W,  28, 1008, XX,  34, NEQ,    0,    0,    0,    0, 
EP, 14, 2026091012, 03, AVNO,   0, 170N, 1184W,  39, 1002, XX,  34, NEQ,   53,    0,    0,   48, 1006,   78,  34,   0,   0, 
EP, 14, 2026091012, 03, AVNO,   6, 169N, 1203W,  35, 1005, XX,  34, NEQ,   63,    0,    0,    0, 1009,  105,  56,   0,   0, 
EP, 14, 2026091012, 03, AVNO,  12, 168N, 1212W,  34, 1001, XX,  34, NEQ,    0,    0,    0,    0, 1005,   85,  66,   0,   0, 
EP, 14, 2026091012, 03, AVNO,  18, 170N, 1223W,  48,  997, XX,  34, NEQ,   63,   44,    0,   48, 1009,  163,  32,   0,   0, 
EP, 14, 2026091012, 03, AVNO,  24, 168N, 1237W,  36,  998, XX,  34, NEQ,   62,    0,    0,   59, 1010, 2139,  56,   0,   0, 
EP, 14, 2026091012, 03, AVNO,  30, 170N, 1249W,  38, 1001, XX,  34, NEQ,   78,    0,    0,   61, 1009,  177,  43,   0,   0, 
EP, 14, 2026091012, 03, AVNO,  36, 169N, 1261W,  34,  999, XX,  34, NEQ,   52,    0,    0,    0, 1007,  341,  52,   0,   0, 
EP, 14, 2026091012, 03, AVNO,  42, 170N, 1271W,  34, 1002, XX,  34, NEQ,    0,    0,    0,    0, 1010,  319,  63,   0,   0, 
EP, 14, 2026091012, 03, AVNO,  48, 173N, 1279W,  34, 1000, XX,  34, NEQ,    0,    0,    0,   32, 1008,  264,  31,   0,   0, 
EP, 14, 2026091012, 03, AVNO,  54, 175N, 1287W,  38, 1001, XX,  34, NEQ,   51,    0,    0,   46, 1009,  143,  32,   0,   0, 
EP, 14, 2026091012, 03, AVNO,  60, 176N, 1294W,  33, 1000, XX,  34, NEQ,    0,    0,    0,    0, 1008,  329,  29,   0,   0, 
EP, 14, 2026091012, 03, AVNO,  66, 177N, 1302W,  32, 1003, XX,  34, NEQ,    0,    0,    0,    0, 1007,   57,  50,   0,   0, 
EP, 14, 2026091012, 03, AVNO,  72, 183N, 1310W,  34, 1001, XX,  34, NEQ,   62,    0,    0,    0, 1005,   56,  45,   0,   0, 
EP, 14, 2026091012, 03, AVNO,  78, 184N, 1320W,  32, 1004, XX,  34, NEQ,    0,    0,    0,    0, 1008,   48,  42,   0,   0, 
EP, 14, 2026091012, 03, AVNO,  84, 187N, 1328W,  31, 1002, XX,  34, NEQ,    0,    0,    0,    0, 1006,   63,  36,   0,   0, 
EP, 14, 2026091012, 03, AVNO,  90, 189N, 1338W,  41, 1003, XX,  34, NEQ,   53,    0,    0,   38, 1007,   41,  24,   0,   0, 
EP, 14, 2026091012, 03, AVNO,  96, 189N, 1349W,  33, 1002, XX,  34, NEQ,    0,    0,    0,    0, 1006,   52,  54,   0,   0, 
EP, 14, 2026091012, 03, AVNO, 102, 190N, 1362W,  33, 1005, XX,  34, NEQ,    0,    0,    0,    0, 1009,   75,  32,   0,   0, 
EP, 14, 2026091012, 03, AVNO, 108, 189N, 1374W,  28, 1004, XX,  34, NEQ,    0,    0,    0,    0, 1008,  850,  38,   0,   0, 
EP, 14, 2026091012, 03, AVNO, 114, 187N, 1383W,  27, 1007, XX,  34, NEQ,    0,    0,    0,    0,  -99,  -99,  36,   0,   0, 
EP, 14, 2026091012, 03, AVNO, 120, 187N, 1392W,  27, 1005, XX,  34, NEQ,    0,    0,    0,    0,  -99,  -99,  21,   0,   0, 
EP, 14, 2026091012, 03, AVNO, 126, 186N, 1402W,  26, 1008, XX,  34, NEQ,    0,    0,    0,    0,  -99,  -99,  26,   0,   0, 
EP, 14, 2026091012, 03, AVNO, 132, 183N, 1412W,  26, 1006, XX,  34, NEQ,    0,    0,    0,    0,  -99,  -99,  25,   0,   0, 
EP, 14, 2026091012, 03, AVNO, 138, 180N, 1422W,  26, 1008, XX,  34, NEQ,    0,    0,    0,    0,  -99,  -99,  57,   0,   0, 
EP, 14, 2026091012, 03, AVNO, 144, 176N, 1433W,  26, 1007, XX,  34, NEQ,    0,    0,    0,    0,  -99,  -99,  66,   0,   0, 
EP, 14, 2026091012, 03, AVNO, 150, 173N, 1444W,  25, 1010, XX,  34, NEQ,    0,    0,    0,    0,  -99,  -99,  28,   0,   0, 
EP, 14, 2026091012, 03, AVNO, 156, 170N, 1456W,  23, 1008, XX,  34, NEQ,    0,    0,    0,    0,  -99,  -99,  81,   0,   0, 
EP, 14, 2026091012, 03, AVNO, 162, 164N, 1468W,  25, 1010, XX,  34, NEQ,    0,    0,    0,    0,  -99,  -99,  81,   0,   0, 
EP, 14, 2026091012, 03, AVNO, 168, 161N, 1482W,  24, 1008, XX,  34, NEQ,    0,    0,    0,    0,  -99,  -99, 108,   0,   0, 
EP, 14, 2026091012, 03, AVNO, 174, 157N, 1495W,  23, 1011, XX,  34, NEQ,    0,    0,    0,    0,  -99,  -99, 130,   0,   0, 
EP, 14, 2026091012, 03, AVNO, 180, 154N, 1506W,  22, 1009, XX,  34, NEQ,    0,    0,    0,    0,  -99,  -99, 142,   0,   0, 
EP, 14, 2026091012, 03, AVNO, 186, 149N, 1518W,  22, 1011, XX,  34, NEQ,    0,    0,    0,    0,  -99,  -99, 150,   0,   0, 
EP, 14, 2026091012, 03, AVNO, 192, 147N, 1528W,  22, 1010, XX,  34, NEQ,    0,    0,    0,    0,  -99,  -99, 131,   0,   0, 
EP, 14, 2026091012, 03, AVNO, 198, 143N, 1544W,  22, 1012, XX,  34, NEQ,    0,    0,    0,    0,  -99,  -99, 153,   0,   0, 
EP, 14, 2026091012, 03, AVNO, 204, 140N, 1552W,  22, 1010, XX,  34, NEQ,    0,    0,    0,    0,  -99,  -99, 153,   0,   0, 
EP, 14, 2026091012, 03, AVNO, 210, 141N, 1563W,  21, 1012, XX,  34, NEQ,    0,    0,    0,    0,  -99,  -99, 156,   0,   0, 
EP, 14, 2026091012, 03, AVNO, 216, 142N, 1572W,  21, 1011, XX,  34, NEQ,    0,    0,    0,    0,  -99,  -99, 145,   0,   0, 
EP, 14, 2026091012, 03, AVNO, 222, 141N, 1585W,  20, 1012, XX,  34, NEQ,    0,    0,    0,    0,  -99,  -99, 131,   0,   0, 
EP, 14, 2026091012, 03, HCCA,   0, 165N, 1186W,  35,    0,   ,   0,    ,    0,    0,    0,    0, 
EP, 14, 2026091012, 03, HCCA,  12, 165N, 1212W,  46,    0,   ,   0,    ,    0,    0,    0,    0, 
EP, 14, 2026091012, 03, HCCA,  24, 165N, 1237W,  56,    0,   ,   0,    ,    0,    0,    0,    0, 
EP, 14, 2026091012, 03, HCCA,  36, 166N, 1259W,  65,    0,   ,   0,    ,    0,    0,    0,    0, 
EP, 14, 2026091012, 03, HCCA,  48, 169N, 1278W,  65,    0,   ,   0,    ,    0,    0,    0,    0, 
EP, 14, 2026091012, 03, HCCA,  60, 174N, 1296W,  64,    0,   ,   0,    ,    0,    0,    0,    0, 
EP, 14, 2026091012, 03, HCCA,  72, 180N, 1314W,  63,    0,   ,   0,    ,    0,    0,    0,    0, 
EP, 14, 2026091012, 03, HCCA,  84, 184N, 1331W,  63,    0,   ,   0,    ,    0,    0,    0,    0, 
EP, 14, 2026091012, 03, HCCA,  96, 186N, 1348W,  64,    0,   ,   0,    ,    0,    0,    0,    0, 
EP, 14, 2026091012, 03, HCCA, 108, 185N, 1365W,  61,    0,   ,   0,    ,    0,    0,    0,    0, 
EP, 14, 2026091012, 03, HCCA, 120, 183N, 1381W,  59,    0,   ,   0,    ,    0,    0,    0,    0, 
EP, 14, 2026091012, 03, HCCA, 132, 177N, 1399W,  61,    0,   ,   0,    ,    0,    0,    0,    0, 
EP, 14, 2026091012, 03, HCCA, 144, 169N, 1418W,  62,    0,   ,   0,    ,    0,    0,    0,    0, 
EP, 14, 2026091012, 03, HCCA, 156, 164N, 1438W,  62,    0,   ,   0,    ,    0,    0,    0,    0, 
EP, 14, 2026091012, 03, HCCA, 168, 158N, 1462W,  63,    0,   ,   0,    ,    0,    0,    0,    0, 
EP, 14, 2026091012, 03, HFSA,   0, 165N, 1186W,  35, 1002, XX,  34, NEQ,   47,    0,    0,    0,  -99,  -99,  38,   0,   0,    ,   0,    , 279,  12,           ,  ,  0,    ,    0,    0,    0,    0, THERMO PARAMS, -93, 202, 246, N, 10, DT, -999, SHR82, -99, 
EP, 14, 2026091012, 03, HFSA,   6, 165N, 1199W,  40, 1002, XX,  34, NEQ,  107,    0,    0,    0,  -99,  -99,  95,   0,   0,    ,   0,    , 278,  14,           ,  ,  0,    ,    0,    0,    0,    0, THERMO PARAMS, -63, -9999, -9999, N, 10, DT, -999, SHR82, -99, 
EP, 14, 2026091012, 03, HFSA,  12, 166N, 1209W,  42,  998, XX,  34, NEQ,   84,    0,    0,  105, 1002,   28, 102,   0,   0,    ,   0,    , 276,  10,           ,  ,  0,    ,    0,    0,    0,    0, THERMO PARAMS, -72, 215, 355, N, 10, DT, -999, SHR82, -99, 
EP, 14, 2026091012, 03, HFSA,  18, 167N, 1223W,  46, 1000, XX,  34, NEQ,   83,    0,    0,   60, 1004,   21,  49,   0,   0,    ,   0,    , 270,  14,           ,  ,  0,    ,    0,    0,    0,    0, THERMO PARAMS, -54, -129, 328, N, 10, DT, -999, SHR82, -99, 
EP, 14, 2026091012, 03, HFSA,  24, 167N, 1235W,  52,  998, XX,  34, NEQ,   79,    0,    0,   68,  -99,  -99,  27,   0,   0,    ,   0,    , 275,  12,           ,  ,  0,    ,    0,    0,    0,    0, THERMO PARAMS, -37, -86, 393, N, 10, DT, -999, SHR82, -99, 
EP, 14, 2026091012, 03, HFSA,  30, 168N, 1250W,  43, 1001, XX,  34, NEQ,   83,    0,    0,   49, 1005,   24,  49,   0,   0,    ,   0,    , 276,  14,           ,  ,  0,    ,    0,    0,    0,    0, THERMO PARAMS, -51, 804, 397, N, 10, DT, -999, SHR82, -99, 
EP, 14, 2026091012, 03, HFSA,  36, 170N, 1263W,  45,  997, XX,  34, NEQ,   66,    0,    0,   57, 1005,   98,  34,   0,   0,    ,   0,    , 280,  12,           ,  ,  0,    ,    0,    0,    0,    0, THERMO PARAMS, -41, 264, 510, N, 10, DT, -999, SHR82, -99, 
EP, 14, 2026091012, 03, HFSA,  42, 169N, 1277W,  45,  999, XX,  34, NEQ,   74,    0,    0,   63, 1003,   18,  57,   0,   0,    ,   0,    , 266,  12,           ,  ,  0,    ,    0,    0,    0,    0, THERMO PARAMS, -42, 978, 496, N, 10, DT, -999, SHR82, -99, 
EP, 14, 2026091012, 03, HFSA,  48, 170N, 1290W,  39,  999, XX,  34, NEQ,   58,    0,    0,   74, 1007,  136,  72,   0,   0,    ,   0,    , 278,  11,           ,  ,  0,    ,    0,    0,    0,    0, THERMO PARAMS, -31, 367, 372, N, 10, DT, -999, SHR82, -99, 
EP, 14, 2026091012, 03, HFSA,  54, 173N, 1301W,  50,  993, XX,  34, NEQ,   66,   52,   31,   55,  997,    6,  34,   0,   0,    ,   0,    , 286,  11,           ,  ,  0,    ,    0,    0,    0,    0, THERMO PARAMS, -37, 302, 762, N, 10, DT, -999, SHR82, -99, 
EP, 14, 2026091012, 03, HFSA,  60, 172N, 1311W,  37,  998, XX,  34, NEQ,   36,    0,    0,   28, 1006,   74,  54,   0,   0,    ,   0,    , 280,   9,           ,  ,  0,    ,    0,    0,    0,    0, THERMO PARAMS, -60, 1160, 629, N, 10, DT, -999, SHR82, -99, 
EP, 14, 2026091012, 03, HFSA,  66, 173N, 1320W,  38, 1001, XX,  34, NEQ,   50,    0,    0,   34, 1005,   27,  36,   0,   0,    ,   0,    , 276,   9,           ,  ,  0,    ,    0,    0,    0,    0, THERMO PARAMS, -15, 252, 484, N, 10, DT, -999, SHR82, -99, 
EP, 14, 2026091012, 03, HFSA,  72, 176N, 1331W,  67,  990, XX,  34, NEQ,   47,    0,    0,   40, 1002,   29,  23,   0,   0,    ,   0,    , 285,  11,           ,  ,  0,    ,    0,    0,    0,    0, THERMO PARAMS, -59, 889, 642, N, 10, DT, -999, SHR82, -99, 
EP, 14, 2026091012, 03, HFSA,  72, 176N, 1331W,  67,  990, XX,  50, NEQ,    0,    0,    0,   28, 1002,   29,  23,   0,   0,    ,   0,    , 285,  11,           ,  ,  0,    ,    0,    0,    0,    0, THERMO PARAMS, -59, 889, 642, N, 10, DT, -999, SHR82, -99, 
EP, 14, 2026091012, 03, HFSA,  72, 176N, 1331W,  67,  990, XX,  64, NEQ,    0,    0,    0,   23, 1002,   29,  23,   0,   0,    ,   0,    , 285,  11,           ,  ,  0,    ,    0,    0,    0,    0, THERMO PARAMS, -59, 889, 642, N, 10, DT, -999, SHR82, -99, 
EP, 14, 2026091012, 03, HFSA,  78, 174N, 1340W,  40, 1001, XX,  34, NEQ,   57,    0,    0,    0, 1005,   25,  53,   0,   0,    ,   0,    , 281,   8,           ,  ,  0,    ,    0,    0,    0,    0, THERMO PARAMS, -49, 353, 362, N, 10, DT, -999, SHR82, -99, 
EP, 14, 2026091012, 03, HFSA,  84, 177N, 1350W,  39, 1000, XX,  34, NEQ,   49,    0,    0,    0,  -99,  -99,  46,   0,   0,    ,   0,    , 286,   9,           ,  ,  0,    ,    0,    0,    0,    0, THERMO PARAMS, -49, 537, 72, N, 10, DT, -999, SHR82, -99, 
EP, 14, 2026091012, 03, HFSA,  90, 178N, 1361W,  39, 1003, XX,  34, NEQ,   65,    0,    0,   49,  -99,  -99,  35,   0,   0,    ,   0,    , 278,  10,           ,  ,  0,    ,    0,    0,    0,    0, THERMO PARAMS, -35, 77, 81, N, 10, DT, -999, SHR82, -99, 
EP, 14, 2026091012, 03, HFSA,  96, 179N, 1369W,  43, 1001, XX,  34, NEQ,   63,    0,    0,   49,  -99,  -99,  47,   0,   0,    ,   0,    , 278,   8,           ,  ,  0,    ,    0,    0,    0,    0, THERMO PARAMS, -43, 433, 199, N, 10, DT, -999, SHR82, -99, 
EP, 14, 2026091012, 03, HFSA, 102, 182N, 1379W,  43, 1002, XX,  34, NEQ,   49,    0,    0,   36, 1006,   43,  41,   0,   0,    ,   0,    , 280,  10,           ,  ,  0,    ,    0,    0,    0,    0, THERMO PARAMS, -67, 343, 308, N, 10, DT, -999, SHR82, -99, 
EP, 14, 2026091012, 03, HFSA, 108, 185N, 1391W,  36, 1003, XX,  34, NEQ,   53,    0,    0,   49, 1007,   97,  44,   0,   0,    ,   0,    , 290,  10,           ,  ,  0,    ,    0,    0,    0,    0, THERMO PARAMS, -93, 436, 382, N, 10, DT, -999, SHR82, -99, 
EP, 14, 2026091012, 03, HFSA, 114, 189N, 1405W,  46, 1005, XX,  34, NEQ,   62,    0,    0,   45,  -99,  -99,  59,   0,   0,    ,   0,    , 282,  11,           ,  ,  0,    ,    0,    0,    0,    0, THERMO PARAMS, -95, 718, 421, N, 10, DT, -999, SHR82, -99, 
EP, 14, 2026091012, 03, HFSA, 120, 195N, 1419W,  45,  999, XX,  34, NEQ,   45,    0,    0,   49, 1007,   48,  32,   0,   0,    ,   0,    , 287,  13,           ,  ,  0,    ,    0,    0,    0,    0, THERMO PARAMS, -110, 436, 193, N, 10, DT, -999, SHR82, -99, 
EP, 14, 2026091012, 03, HFSA, 126, 196N, 1433W,  36, 1005, XX,  34, NEQ,   57,    0,    0,    0, 1009,   30,  55,   0,   0,    ,   0,    , -99, -99,           ,  ,  0,    ,    0,    0,    0,    0, THERMO PARAMS, -88, 766, -25, N, 10, DT, -999, SHR82, -99, 
EP, 14, 2026091012, 03, TVCN,   0, 165N, 1186W,   0,    0,   ,   0,    ,    0,    0,    0,    0, 
EP, 14, 2026091012, 03, TVCN,  12, 167N, 1212W,   0,    0,   ,   0,    ,    0,    0,    0,    0, 
EP, 14, 2026091012, 03, TVCN,  24, 168N, 1236W,   0,    0,   ,   0,    ,    0,    0,    0,    0, 
EP, 14, 2026091012, 03, TVCN,  36, 168N, 1259W,   0,    0,   ,   0,    ,    0,    0,    0,    0, 
EP, 14, 2026091012, 03, TVCN,  48, 172N, 1279W,   0,    0,   ,   0,    ,    0,    0,    0,    0, 
EP, 14, 2026091012, 03, TVCN,  60, 176N, 1297W,   0,    0,   ,   0,    ,    0,    0,    0,    0, 
EP, 14, 2026091012, 03, TVCN,  72, 180N, 1315W,   0,    0,   ,   0,    ,    0,    0,    0,    0, 
EP, 14, 2026091012, 03, TVCN,  84, 183N, 1333W,   0,    0,   ,   0,    ,    0,    0,    0,    0, 
EP, 14, 2026091012, 03, TVCN,  96, 184N, 1351W,   0,    0,   ,   0,    ,    0,    0,    0,    0, 
EP, 14, 2026091012, 03, TVCN, 108, 184N, 1370W,   0,    0,   ,   0,    ,    0,    0,    0,    0, 
EP, 14, 2026091012, 03, TVCN, 120, 183N, 1390W,   0,    0,   ,   0,    ,    0,    0,    0,    0, 
EP, 14, 2026091012, 03, TVCN, 132, 180N, 1409W,   0,    0,   ,   0,    ,    0,    0,    0,    0, 
EP, 14, 2026091012, 03, TVCN, 144, 172N, 1431W,   0,    0,   ,   0,    ,    0,    0,    0,    0, 
EP, 14, 2026091012, 03, TVCN, 156, 166N, 1450W,   0,    0,   ,   0,    ,    0,    0,    0,    0, 
EP, 14, 2026091012, 03, TVCN, 168, 161N, 1467W,   0,    0,   ,   0,    ,    0,    0,    0,    0, 
EP, 14, 2026091018, 03, AVNO,   0, 168N, 1202W,  37, 1004, XX,  34, NEQ,   72,    0,    0,   59, 1008,   68,  44,   0,   0, 
EP, 14, 2026091018, 03, AVNO,   6, 168N, 1211W,  39,  998, XX,  34, NEQ,   97,    0,    0,   46, 1002,   46,  80,   0,   0, 
EP, 14, 2026091018, 03, AVNO,  12, 169N, 1223W,  45,  998, XX,  34, NEQ,   86,    0,   28,   66, 1010,  382,  35,   0,   0, 
EP, 14, 2026091018, 03, AVNO,  18, 169N, 1235W,  43,  995, XX,  34, NEQ,   71,    0,    0,   67, 1007,  234,  35,   0,   0, 
EP, 14, 2026091018, 03, AVNO,  24, 171N, 1246W,  43,  999, XX,  34, NEQ,   72,    0,    0,   69, 1007,   74,  39,   0,   0, 
EP, 14, 2026091018, 03, AVNO,  30, 173N, 1258W,  43,  995, XX,  34, NEQ,   73,    0,   28,   72, 1007,  389,  29,   0,   0, 
EP, 14, 2026091018, 03, AVNO,  36, 174N, 1268W,  44,  999, XX,  34, NEQ,   72,    0,    0,   68, 1007,   78,  35,   0,   0, 
EP, 14, 2026091018, 03, AVNO,  42, 177N, 1278W,  39,  997, XX,  34, NEQ,   65,    0,    0,   65, 1009,  613,  29,   0,   0, 
EP, 14, 2026091018, 03, AVNO,  48, 180N, 1287W,  39, 1000, XX,  34, NEQ,   66,    0,   32,   62, 1008,   75,  34,   0,   0, 
EP, 14, 2026091018, 03, AVNO,  54, 183N, 1294W,  37,  998, XX,  34, NEQ,   77,    0,   33,   73, 1006,  117,  58,   0,   0, 
EP, 14, 2026091018, 03, AVNO,  60, 184N, 1304W,  40, 1001, XX,  34, NEQ,   69,    0,    0,   69, 1009,  100,  41,   0,   0, 
EP, 14, 2026091018, 03, AVNO,  66, 188N, 1314W,  40,  999, XX,  34, NEQ,   63,    0,    0,   62, 1007,  131,  44,   0,   0, 
EP, 14, 2026091018, 03, AVNO,  72, 187N, 1324W,  33, 1002, XX,  34, NEQ,    0,    0,    0,    0, 1010,  130,  51,   0,   0, 
EP, 14, 2026091018, 03, AVNO,  78, 189N, 1334W,  33, 1001, XX,  34, NEQ,    0,    0,    0,    0, 1005,   48,  51,   0,   0, 
EP, 14, 2026091018, 03, AVNO,  84, 190N, 1344W,  32, 1004, XX,  34, NEQ,    0,    0,    0,    0, 1008,   56,  37,   0,   0, 
EP, 14, 2026091018, 03, AVNO,  90, 192N, 1353W,  32, 1003, XX,  34, NEQ,    0,    0,    0,    0, 1007,   67,  38,   0,   0, 
EP, 14, 2026091018, 03, AVNO,  96, 195N, 1362W,  40, 1005, XX,  34, NEQ,   57,    0,    0,    0, 1009,   67,  40,   0,   0, 
EP, 14, 2026091018, 03, AVNO, 102, 197N, 1376W,  32, 1004, XX,  34, NEQ,    0,    0,    0,    0, 1008,  143,  38,   0,   0, 
EP, 14, 2026091018, 03, AVNO, 108, 198N, 1389W,  32, 1007, XX,  34, NEQ,    0,    0,    0,    0,  -99,  -99,  49,   0,   0, 
EP, 14, 2026091018, 03, AVNO, 114, 198N, 1402W,  27, 1007, XX,  34, NEQ,    0,    0,    0,    0,  -99,  -99, 109,   0,   0, 
EP, 14, 2026091018, 03, AVNO, 120, 198N, 1414W,  26, 1009, XX,  34, NEQ,    0,    0,    0,    0,  -99,  -99,  76,   0,   0, 
EP, 14, 2026091018, 03, AVNO, 126, 199N, 1426W,  26, 1007, XX,  34, NEQ,    0,    0,    0,    0,  -99,  -99,  40,   0,   0, 
EP, 14, 2026091018, 03, AVNO, 132, 198N, 1439W,  27, 1010, XX,  34, NEQ,    0,    0,    0,    0,  -99,  -99,  56,   0,   0, 
EP, 14, 2026091018, 03, AVNO, 138, 195N, 1453W,  27, 1009, XX,  34, NEQ,    0,    0,    0,    0,  -99,  -99,  45,   0,   0, 
EP, 14, 2026091018, 03, AVNO, 144, 193N, 1467W,  27, 1011, XX,  34, NEQ,    0,    0,    0,    0,  -99,  -99,  42,   0,   0, 
EP, 14, 2026091018, 03, AVNO, 150, 196N, 1481W,  24, 1009, XX,  34, NEQ,    0,    0,    0,    0,  -99,  -99,  11,   0,   0, 
EP, 14, 2026091018, 03, AVNO, 156, 194N, 1497W,  25, 1011, XX,  34, NEQ,    0,    0,    0,    0,  -99,  -99,  51,   0,   0, 
EP, 14, 2026091018, 03, AVNO, 162, 181N, 1514W,  23, 1010, XX,  34, NEQ,    0,    0,    0,    0,  -99,  -99,  97,   0,   0, 
EP, 14, 2026091018, 03, AVNO, 168, 173N, 1536W,  23, 1012, XX,  34, NEQ,    0,    0,    0,    0,  -99,  -99, 128,   0,   0, 
EP, 14, 2026091018, 03, HCCA,   0, 165N, 1199W,  40,    0,   ,   0,    ,    0,    0,    0,    0, 
EP, 14, 2026091018, 03, HCCA,  12, 164N, 1224W,  51,    0,   ,   0,    ,    0,    0,    0,    0, 
EP, 14, 2026091018, 03, HCCA,  24, 165N, 1248W,  58,    0,   ,   0,    ,    0,    0,    0,    0, 
EP, 14, 2026091018, 03, HCCA,  36, 166N, 1271W,  61,    0,   ,   0,    ,    0,    0,    0,    0, 
EP, 14, 2026091018, 03, HCCA,  48, 170N, 1290W,  64,    0,   ,   0,    ,    0,    0,    0,    0, 
EP, 14, 2026091018, 03, HCCA,  60, 177N, 1307W,  64,    0,   ,   0,    ,    0,    0,    0,    0, 
EP, 14, 2026091018, 03, HCCA,  72, 182N, 1324W,  63,    0,   ,   0,    ,    0,    0,    0,    0, 
EP, 14, 2026091018, 03, HCCA,  84, 185N, 1342W,  63,    0,   ,   0,    ,    0,    0,    0,    0, 
EP, 14, 2026091018, 03, HCCA,  96, 187N, 1361W,  60,    0,   ,   0,    ,    0,    0,    0,    0, 
EP, 14, 2026091018, 03, HCCA, 108, 188N, 1379W,  56,    0,   ,   0,    ,    0,    0,    0,    0, 
EP, 14, 2026091018, 03, HCCA, 120, 187N, 1397W,  55,    0,   ,   0,    ,    0,    0,    0,    0, 
EP, 14, 2026091018, 03, HCCA, 132, 180N, 1415W,  51,    0,   ,   0,    ,    0,    0,    0,    0, 
EP, 14, 2026091018, 03, HCCA, 144, 172N, 1433W,  51,    0,   ,   0,    ,    0,    0,    0,    0, 
EP, 14, 2026091018, 03, HCCA, 156, 162N, 1448W,  52,    0,   ,   0,    ,    0,    0,    0,    0, 
EP, 14, 2026091018, 03, HCCA, 168, 155N, 1461W,  54,    0,   ,   0,    ,    0,    0,    0,    0, 
EP, 14, 2026091018, 03, HFSA,   0, 165N, 1199W,  42, 1002, XX,  34, NEQ,  113,    0,    0,   60, 1006,   28,  43,   0,   0,    ,   0,    , 277,  13,           ,  ,  0,    ,    0,    0,    0,    0, THERMO PARAMS, -65, 230, 489, N, 10, DT, -999, SHR82, -99, 
EP, 14, 2026091018, 03, HFSA,   6, 167N, 1209W,  60,  990, XX,  34, NEQ,  105,   86,   28,  113, 1002,   46,  27,   0,   0,    ,   0,    , 286,  11,           ,  ,  0,    ,    0,    0,    0,    0, THERMO PARAMS, -90, 598, 961, N, 10, DT, -999, SHR82, -99, 
EP, 14, 2026091018, 03, HFSA,   6, 167N, 1209W,  60,  990, XX,  50, NEQ,   53,    0,    0,   37, 1002,   46,  27,   0,   0,    ,   0,    , 286,  11,           ,  ,  0,    ,    0,    0,    0,    0, THERMO PARAMS, -90, 598, 961, N, 10, DT, -999, SHR82, -99, 
EP, 14, 2026091018, 03, HFSA,  12, 167N, 1219W,  62,  995, XX,  34, NEQ,  102,   89,   42,   91,  999,   14,  63,   0,   0,    ,   0,    , 275,  12,           ,  ,  0,    ,    0,    0,    0,    0, THERMO PARAMS, -61, 781, 310, N, 10, DT, -999, SHR82, -99, 
EP, 14, 2026091018, 03, HFSA,  12, 167N, 1219W,  62,  995, XX,  50, NEQ,   63,    0,    0,   36,  999,   14,  63,   0,   0,    ,   0,    , 275,  12,           ,  ,  0,    ,    0,    0,    0,    0, THERMO PARAMS, -61, 781, 310, N, 10, DT, -999, SHR82, -99, 
EP, 14, 2026091018, 03, HFSA,  18, 171N, 1230W,  62,  992, XX,  34, NEQ,  105,   53,   52,   84,  996,   14,  39,   0,   0,    ,   0,    , 280,  12,           ,  ,  0,    ,    0,    0,    0,    0, THERMO PARAMS, -58, 488, -61, N, 10, DT, -999, SHR82, -99, 
EP, 14, 2026091018, 03, HFSA,  18, 171N, 1230W,  62,  992, XX,  50, NEQ,   42,    0,    0,   52,  996,   14,  39,   0,   0,    ,   0,    , 280,  12,           ,  ,  0,    ,    0,    0,    0,    0, THERMO PARAMS, -58, 488, -61, N, 10, DT, -999, SHR82, -99, 
EP, 14, 2026091018, 03, HFSA,  24, 172N, 1244W,  53,  994, XX,  34, NEQ,  105,   34,   53,   89, 1006,   71,  39,   0,   0,    ,   0,    , 276,  13,           ,  ,  0,    ,    0,    0,    0,    0, THERMO PARAMS, -41, 921, 721, N, 10, DT, -999, SHR82, -99, 
EP, 14, 2026091018, 03, HFSA,  24, 172N, 1244W,  53,  994, XX,  50, NEQ,    0,    0,    0,   42, 1006,   71,  39,   0,   0,    ,   0,    , 276,  13,           ,  ,  0,    ,    0,    0,    0,    0, THERMO PARAMS, -41, 921, 721, N, 10, DT, -999, SHR82, -99, 
EP, 14, 2026091018, 03, HFSA,  30, 174N, 1255W,  54,  992, XX,  34, NEQ,   86,   42,   58,   92,  996,   19,  53,   0,   0,    ,   0,    , 285,  11,           ,  ,  0,    ,    0,    0,    0,    0, THERMO PARAMS, -21, 646, 922, N, 10, DT, -999, SHR82, -99, 
EP, 14, 2026091018, 03, HFSA,  30, 174N, 1255W,  54,  992, XX,  50, NEQ,   55,    0,    0,    0,  996,   19,  53,   0,   0,    ,   0,    , 285,  11,           ,  ,  0,    ,    0,    0,    0,    0, THERMO PARAMS, -21, 646, 922, N, 10, DT, -999, SHR82, -99, 
EP, 14, 2026091018, 03, HFSA,  36, 175N, 1265W,  57,  995, XX,  34, NEQ,   87,   47,   55,   97, 1003,   47,  59,   0,   0,    ,   0,    , 276,  10,           ,  ,  0,    ,    0,    0,    0,    0, THERMO PARAMS, 0, 597, 951, N, 10, DT, -999, SHR82, -99, 
EP, 14, 2026091018, 03, HFSA,  36, 175N, 1265W,  57,  995, XX,  50, NEQ,    0,    0,    0,   62, 1003,   47,  59,   0,   0,    ,   0,    , 276,  10,           ,  ,  0,    ,    0,    0,    0,    0, THERMO PARAMS, 0, 597, 951, N, 10, DT, -999, SHR82, -99, 
EP, 14, 2026091018, 03, HFSA,  42, 177N, 1274W,  49,  992, XX,  34, NEQ,   92,   49,   62,   87,  996,   23,  25,   0,   0,    ,   0,    , 285,   8,           ,  ,  0,    ,    0,    0,    0,    0, THERMO PARAMS, 10, 627, 966, N, 10, DT, -999, SHR82, -99, 
EP, 14, 2026091018, 03, HFSA,  48, 180N, 1283W,  55,  991, XX,  34, NEQ,   74,   37,   55,   68,  995,   19,  30,   0,   0,    ,   0,    , 283,   9,           ,  ,  0,    ,    0,    0,    0,    0, THERMO PARAMS, 23, 391, 1191, N, 10, DT, -999, SHR82, -99, 
EP, 14, 2026091018, 03, HFSA,  48, 180N, 1283W,  55,  991, XX,  50, NEQ,    0,    0,    0,   34,  995,   19,  30,   0,   0,    ,   0,    , 283,   9,           ,  ,  0,    ,    0,    0,    0,    0, THERMO PARAMS, 23, 391, 1191, N, 10, DT, -999, SHR82, -99, 
EP, 14, 2026091018, 03, HFSA,  54, 183N, 1289W,  49,  989, XX,  34, NEQ,   79,   58,   40,   76,  997,   30,  38,   0,   0,    ,   0,    , 302,   7,           ,  ,  0,    ,    0,    0,    0,    0, THERMO PARAMS, 4, 670, 1381, N, 10, DT, -999, SHR82, -99, 
EP, 14, 2026091018, 03, HFSA,  60, 187N, 1298W,  56,  989, XX,  34, NEQ,   78,   70,   44,   78, 1001,   37,  19,   0,   0,    ,   0,    , 283,   9,           ,  ,  0,    ,    0,    0,    0,    0, THERMO PARAMS, -10, 765, 1404, N, 10, DT, -999, SHR82, -99, 
EP, 14, 2026091018, 03, HFSA,  60, 187N, 1298W,  56,  989, XX,  50, NEQ,   26,    0,    0,   28, 1001,   37,  19,   0,   0,    ,   0,    , 283,   9,           ,  ,  0,    ,    0,    0,    0,    0, THERMO PARAMS, -10, 765, 1404, N, 10, DT, -999, SHR82, -99, 
EP, 14, 2026091018, 03, HFSA,  66, 191N, 1307W,  54,  987, XX,  34, NEQ,   87,   49,   47,   83,  999,   36,  32,   0,   0,    ,   0,    , 287,  10,           ,  ,  0,    ,    0,    0,    0,    0, THERMO PARAMS, -40, 1069, 1354, N, 10, DT, -999, SHR82, -99, 
EP, 14, 2026091018, 03, HFSA,  66, 191N, 1307W,  54,  987, XX,  50, NEQ,   42,    0,    0,   42,  999,   36,  32,   0,   0,    ,   0,    , 287,  10,           ,  ,  0,    ,    0,    0,    0,    0, THERMO PARAMS, -40, 1069, 1354, N, 10, DT, -999, SHR82, -99, 
EP, 14, 2026091018, 03, HFSA,  72, 191N, 1318W,  74,  984, XX,  34, NEQ,   92,   57,   49,   92, 1000,   33,  18,   0,   0,    ,   0,    , 277,  10,           ,  ,  0,    ,    0,    0,    0,    0, THERMO PARAMS, -20, 962, 1454, N, 10, DT, -999, SHR82, -99, 
EP, 14, 2026091018, 03, HFSA,  72, 191N, 1318W,  74,  984, XX,  50, NEQ,   40,   21,   24,   37, 1000,   33,  18,   0,   0,    ,   0,    , 277,  10,           ,  ,  0,    ,    0,    0,    0,    0, THERMO PARAMS, -20, 962, 1454, N, 10, DT, -999, SHR82, -99, 
EP, 14, 2026091018, 03, HFSA,  72, 191N, 1318W,  74,  984, XX,  64, NEQ,   28,    0,    0,   26, 1000,   33,  18,   0,   0,    ,   0,    , 277,  10,           ,  ,  0,    ,    0,    0,    0,    0, THERMO PARAMS, -20, 962, 1454, N, 10, DT, -999, SHR82, -99, 
EP, 14, 2026091018, 03, HFSA,  78, 192N, 1328W,  70,  980, XX,  34, NEQ,   86,   50,   44,   84, 1004,   67,  16,   0,   0,    ,   0,    , 279,   9,           ,  ,  0,    ,    0,    0,    0,    0, THERMO PARAMS, -35, 982, 1733, N, 10, DT, -999, SHR82, -99, 
EP, 14, 2026091018, 03, HFSA,  78, 192N, 1328W,  70,  980, XX,  50, NEQ,   36,   28,   29,   34, 1004,   67,  16,   0,   0,    ,   0,    , 279,   9,           ,  ,  0,    ,    0,    0,    0,    0, THERMO PARAMS, -35, 982, 1733, N, 10, DT, -999, SHR82, -99, 
EP, 14, 2026091018, 03, HFSA,  78, 192N, 1328W,  70,  980, XX,  64, NEQ,   19,    0,    0,   19, 1004,   67,  16,   0,   0,    ,   0,    , 279,   9,           ,  ,  0,    ,    0,    0,    0,    0, THERMO PARAMS, -35, 982, 1733, N, 10, DT, -999, SHR82, -99, 
EP, 14, 2026091018, 03, HFSA,  84, 193N, 1337W,  81,  980, XX,  34, NEQ,   81,   57,   45,   81, 1004,   48,  15,   0,   0,    ,   0,    , 280,   9,           ,  ,  0,    ,    0,    0,    0,    0, THERMO PARAMS, -22, 1489, 1619, N, 10, DT, -999, SHR82, -99, 
EP, 14, 2026091018, 03, HFSA,  84, 193N, 1337W,  81,  980, XX,  50, NEQ,   36,   29,   19,   40, 1004,   48,  15,   0,   0,    ,   0,    , 280,   9,           ,  ,  0,    ,    0,    0,    0,    0, THERMO PARAMS, -22, 1489, 1619, N, 10, DT, -999, SHR82, -99, 
EP, 14, 2026091018, 03, HFSA,  84, 193N, 1337W,  81,  980, XX,  64, NEQ,   23,    0,    0,   23, 1004,   48,  15,   0,   0,    ,   0,    , 280,   9,           ,  ,  0,    ,    0,    0,    0,    0, THERMO PARAMS, -22, 1489, 1619, N, 10, DT, -999, SHR82, -99, 
EP, 14, 2026091018, 03, HFSA,  90, 195N, 1346W,  74,  982, XX,  34, NEQ,   84,   55,   55,   79, 1006,   76,  16,   0,   0,    ,   0,    , 283,   9,           ,  ,  0,    ,    0,    0,    0,    0, THERMO PARAMS, -62, 1252, 1687, N, 10, DT, -999, SHR82, -99, 
EP, 14, 2026091018, 03, HFSA,  90, 195N, 1346W,  74,  982, XX,  50, NEQ,   39,   32,   18,   40, 1006,   76,  16,   0,   0,    ,   0,    , 283,   9,           ,  ,  0,    ,    0,    0,    0,    0, THERMO PARAMS, -62, 1252, 1687, N, 10, DT, -999, SHR82, -99, 
EP, 14, 2026091018, 03, HFSA,  90, 195N, 1346W,  74,  982, XX,  64, NEQ,   23,    0,    0,   23, 1006,   76,  16,   0,   0,    ,   0,    , 283,   9,           ,  ,  0,    ,    0,    0,    0,    0, THERMO PARAMS, -62, 1252, 1687, N, 10, DT, -999, SHR82, -99, 
EP, 14, 2026091018, 03, HFSA,  96, 197N, 1356W,  74,  986, XX,  34, NEQ,   84,   70,   44,   71, 1006,   61,  20,   0,   0,    ,   0,    , 282,   9,           ,  ,  0,    ,    0,    0,    0,    0, THERMO PARAMS, -64, 1231, 1782, N, 10, DT, -999, SHR82, -99, 
EP, 14, 2026091018, 03, HFSA,  96, 197N, 1356W,  74,  986, XX,  50, NEQ,   47,   29,   19,   37, 1006,   61,  20,   0,   0,    ,   0,    , 282,   9,           ,  ,  0,    ,    0,    0,    0,    0, THERMO PARAMS, -64, 1231, 1782, N, 10, DT, -999, SHR82, -99, 
EP, 14, 2026091018, 03, HFSA,  96, 197N, 1356W,  74,  986, XX,  64, NEQ,   28,    0,    0,   26, 1006,   61,  20,   0,   0,    ,   0,    , 282,   9,           ,  ,  0,    ,    0,    0,    0,    0, THERMO PARAMS, -64, 1231, 1782, N, 10, DT, -999, SHR82, -99, 
EP, 14, 2026091018, 03, HFSA, 102, 199N, 1365W,  68,  988, XX,  34, NEQ,   83,   76,   45,   76,  996,   24,  21,   0,   0,    ,   0,    , 282,  10,           ,  ,  0,    ,    0,    0,    0,    0, THERMO PARAMS, -55, 1297, 1085, N, 10, DT, -999, SHR82, -99, 
EP, 14, 2026091018, 03, HFSA, 102, 199N, 1365W,  68,  988, XX,  50, NEQ,   47,   24,    0,   40,  996,   24,  21,   0,   0,    ,   0,    , 282,  10,           ,  ,  0,    ,    0,    0,    0,    0, THERMO PARAMS, -55, 1297, 1085, N, 10, DT, -999, SHR82, -99, 
EP, 14, 2026091018, 03, HFSA, 102, 199N, 1365W,  68,  988, XX,  64, NEQ,   23,    0,    0,   23,  996,   24,  21,   0,   0,    ,   0,    , 282,  10,           ,  ,  0,    ,    0,    0,    0,    0, THERMO PARAMS, -55, 1297, 1085, N, 10, DT, -999, SHR82, -99, 
EP, 14, 2026091018, 03, HFSA, 108, 200N, 1377W,  54,  994, XX,  34, NEQ,   86,   47,   39,   87, 1002,   31,  32,   0,   0,    ,   0,    , 272,  11,           ,  ,  0,    ,    0,    0,    0,    0, THERMO PARAMS, -62, 1846, 845, N, 10, DT, -999, SHR82, -99, 
EP, 14, 2026091018, 03, HFSA, 108, 200N, 1377W,  54,  994, XX,  50, NEQ,   45,    0,    0,   37, 1002,   31,  32,   0,   0,    ,   0,    , 272,  11,           ,  ,  0,    ,    0,    0,    0,    0, THERMO PARAMS, -62, 1846, 845, N, 10, DT, -999, SHR82, -99, 
EP, 14, 2026091018, 03, HFSA, 114, 201N, 1389W,  49,  996, XX,  34, NEQ,   92,   49,   36,   70, 1004,   45,  29,   0,   0,    ,   0,    , 278,  11,           ,  ,  0,    ,    0,    0,    0,    0, THERMO PARAMS, -107, 1919, 411, N, 10, DT, -999, SHR82, -99, 
EP, 14, 2026091018, 03, HFSA, 120, 200N, 1402W,  41, 1001, XX,  34, NEQ,   86,    0,    0,   73, 1009,   69,  42,   0,   0,    ,   0,    , 270,  10,           ,  ,  0,    ,    0,    0,    0,    0, THERMO PARAMS, -91, 1790, 282, N, 10, DT, -999, SHR82, -99, 
EP, 14, 2026091018, 03, HFSA, 126, 204N, 1412W,  55,  998, XX,  34, NEQ,   78,    0,   28,   71, 1006,   79,  43,   0,   0,    ,   0,    , -99, -99,           ,  ,  0,    ,    0,    0,    0,    0, THERMO PARAMS, -168, 563, 717, N, 10, DT, -999, SHR82, -99, 
EP, 14, 2026091018, 03, HFSA, 126, 204N, 1412W,  55,  998, XX,  50, NEQ,   45,    0,    0,    0, 1006,   79,  43,   0,   0,    ,   0,    , -99, -99,           ,  ,  0,    ,    0,    0,    0,    0, THERMO PARAMS, -168, 563, 717, N, 10, DT, -999, SHR82, -99, 
EP, 14, 2026091018, 03, TVCN,   0, 165N, 1199W,   0,    0,   ,   0,    ,    0,    0,    0,    0, 
EP, 14, 2026091018, 03, TVCN,  12, 165N, 1225W,   0,    0,   ,   0,    ,    0,    0,    0,    0, 
EP, 14, 2026091018, 03, TVCN,  24, 166N, 1250W,   0,    0,   ,   0,    ,    0,    0,    0,    0, 
EP, 14, 2026091018, 03, TVCN,  36, 167N, 1274W,   0,    0,   ,   0,    ,    0,    0,    0,    0, 
EP, 14, 2026091018, 03, TVCN,  48, 170N, 1294W,   0,    0,   ,   0,    ,    0,    0,    0,    0, 
EP, 14, 2026091018, 03, TVCN,  60, 174N, 1313W,   0,    0,   ,   0,    ,    0,    0,    0,    0, 
EP, 14, 2026091018, 03, TVCN,  72, 177N, 1331W,   0,    0,   ,   0,    ,    0,    0,    0,    0, 
EP, 14, 2026091018, 03, TVCN,  84, 180N, 1349W,   0,    0,   ,   0,    ,    0,    0,    0,    0, 
EP, 14, 2026091018, 03, TVCN,  96, 182N, 1369W,   0,    0,   ,   0,    ,    0,    0,    0,    0, 
EP, 14, 2026091018, 03, TVCN, 108, 184N, 1391W,   0,    0,   ,   0,    ,    0,    0,    0,    0, 
EP, 14, 2026091018, 03, TVCN, 120, 184N, 1411W,   0,    0,   ,   0,    ,    0,    0,    0,    0, 
EP, 14, 2026091018, 03, TVCN, 132, 183N, 1432W,   0,    0,   ,   0,    ,    0,    0,    0,    0, 
EP, 14, 2026091018, 03, TVCN, 144, 167N, 1445W,   0,    0,   ,   0,    ,    0,    0,    0,    0, 
EP, 14, 2026091018, 03, TVCN, 156, 161N, 1461W,   0,    0,   ,   0,    ,    0,    0,    0,    0, 
EP, 14, 2026091018, 03, TVCN, 168, 155N, 1476W,   0,    0,   ,   0,    ,    0,    0,    0,    0, 
EP, 14, 2026091100, 03,  UKX,   0, 164N, 1218W,  32, 1004, XX,  34, NEQ,    0,    0,    0,    0, 
EP, 14, 2026091100, 03,  UKX,   6, 162N, 1234W,  32, 1005, XX,  34, NEQ,    0,    0,    0,    0, 
EP, 14, 2026091100, 03,  UKX,  12, 161N, 1247W,  29, 1004, XX,  34, NEQ,    0,    0,    0,    0, 
EP, 14, 2026091100, 03,  UKX,  18, 159N, 1259W,  30, 1005, XX,  34, NEQ,    0,    0,    0,    0, 
EP, 14, 2026091100, 03,  UKX,  24, 159N, 1272W,  31, 1002, XX,  34, NEQ,    0,    0,    0,    0, 
EP, 14, 2026091100, 03,  UKX,  30, 160N, 1283W,  30, 1004, XX,  34, NEQ,    0,    0,    0,    0, 
EP, 14, 2026091100, 03,  UKX,  36, 162N, 1294W,  30, 1003, XX,  34, NEQ,    0,    0,    0,    0, 
EP, 14, 2026091100, 03,  UKX,  42, 163N, 1305W,  30, 1005, XX,  34, NEQ,    0,    0,    0,    0, 
EP, 14, 2026091100, 03,  UKX,  48, 166N, 1314W,  28, 1003, XX,  34, NEQ,    0,    0,    0,    0, 
EP, 14, 2026091100, 03,  UKX,  54, 169N, 1324W,  27, 1006, XX,  34, NEQ,    0,    0,    0,    0, 
EP, 14, 2026091100, 03,  UKX,  60, 172N, 1333W,  28, 1003, XX,  34, NEQ,    0,    0,    0,    0, 
EP, 14, 2026091100, 03,  UKX,  66, 175N, 1342W,  30, 1006, XX,  34, NEQ,    0,    0,    0,    0, 
EP, 14, 2026091100, 03,  UKX,  72, 178N, 1354W,  32, 1004, XX,  34, NEQ,    0,    0,    0,    0, 
EP, 14, 2026091100, 03,  UKX,  78, 179N, 1366W,  32, 1006, XX,  34, NEQ,    0,    0,    0,    0, 
EP, 14, 2026091100, 03,  UKX,  84, 182N, 1377W,  33, 1005, XX,  34, NEQ,    0,    0,    0,    0, 
EP, 14, 2026091100, 03,  UKX,  90, 184N, 1390W,  30, 1007, XX,  34, NEQ,    0,    0,    0,    0, 
EP, 14, 2026091100, 03,  UKX,  96, 187N, 1403W,  30, 1005, XX,  34, NEQ,    0,    0,    0,    0, 
EP, 14, 2026091100, 03,  UKX, 102, 187N, 1417W,  29, 1008, XX,  34, NEQ,    0,    0,    0,    0, 
EP, 14, 2026091100, 03,  UKX, 108, 189N, 1429W,  29, 1007, XX,  34, NEQ,    0,    0,    0,    0, 
EP, 14, 2026091100, 03,  UKX, 114, 190N, 1441W,  27, 1009, XX,  34, NEQ,    0,    0,    0,    0, 
EP, 14, 2026091100, 03,  UKX, 120, 191N, 1455W,  27, 1008, XX,  34, NEQ,    0,    0,    0,    0, 
EP, 14, 2026091100, 03,  UKX, 126, 189N, 1466W,  29, 1010, XX,  34, NEQ,    0,    0,    0,    0, 
EP, 14, 2026091100, 03,  UKX, 132, 185N, 1479W,  25, 1009, XX,  34, NEQ,    0,    0,    0,    0, 
EP, 14, 2026091100, 03,  UKX, 138, 180N, 1485W,  22, 1011, XX,  34, NEQ,    0,    0,    0,    0, 
EP, 14, 2026091100, 03,  UKX, 144, 183N, 1494W,  24, 1009, XX,  34, NEQ,    0,    0,    0,    0, 
EP, 14, 2026091100, 03, AVNO,   0, 167N, 1212W,  39, 1000, XX,  34, NEQ,   94,    0,    0,    0, 1008, 1389,  87,   0,   0, 
EP, 14, 2026091100, 03, AVNO,   6, 167N, 1226W,  38, 1000, XX,  34, NEQ,   57,    0,    0,   39, 1008,  100,  50,   0,   0, 
EP, 14, 2026091100, 03, AVNO,  12, 169N, 1237W,  40,  998, XX,  34, NEQ,   78,    0,    0,   56, 1010, 2106,  33,   0,   0, 
EP, 14, 2026091100, 03, AVNO,  18, 171N, 1249W,  42, 1001, XX,  34, NEQ,   68,    0,    0,   60, 1009,  127,  41,   0,   0, 
EP, 14, 2026091100, 03, AVNO,  24, 171N, 1260W,  37,  998, XX,  34, NEQ,   87,    0,    0,   69, 1006,  219,  47,   0,   0, 
EP, 14, 2026091100, 03, AVNO,  30, 174N, 1271W,  42, 1001, XX,  34, NEQ,   69,    0,    0,   67, 1009,  156,  23,   0,   0, 
EP, 14, 2026091100, 03, AVNO,  36, 176N, 1280W,  36,  999, XX,  34, NEQ,   78,    0,    0,    0, 1007,  192,  78,   0,   0, 
EP, 14, 2026091100, 03, AVNO,  42, 179N, 1289W,  33, 1002, XX,  34, NEQ,    0,    0,    0,    0, 1010,  229,  39,   0,   0, 
EP, 14, 2026091100, 03, AVNO,  48, 181N, 1299W,  32, 1000, XX,  34, NEQ,    0,    0,    0,    0, 1008,  789,  41,   0,   0, 
EP, 14, 2026091100, 03, AVNO,  54, 182N, 1309W,  33, 1004, XX,  34, NEQ,    0,    0,    0,    0, 1008,   63,  36,   0,   0, 
EP, 14, 2026091100, 03, AVNO,  60, 183N, 1318W,  31, 1003, XX,  34, NEQ,    0,    0,    0,    0, 1007,   72,  43,   0,   0, 
EP, 14, 2026091100, 03, AVNO,  66, 184N, 1328W,  30, 1006, XX,  34, NEQ,    0,    0,    0,    0, 1010,   87,  52,   0,   0, 
EP, 14, 2026091100, 03, AVNO,  72, 186N, 1341W,  31, 1004, XX,  34, NEQ,    0,    0,    0,    0, 1008,  168,  40,   0,   0, 
EP, 14, 2026091100, 03, AVNO,  78, 185N, 1352W,  29, 1007, XX,  34, NEQ,    0,    0,    0,    0,  -99,  -99,  30,   0,   0, 
EP, 14, 2026091100, 03, AVNO,  84, 187N, 1362W,  27, 1005, XX,  34, NEQ,    0,    0,    0,    0, 1009,  702,  50,   0,   0, 
EP, 14, 2026091100, 03, AVNO,  90, 190N, 1372W,  27, 1007, XX,  34, NEQ,    0,    0,    0,    0,  -99,  -99,  33,   0,   0, 
EP, 14, 2026091100, 03, AVNO,  96, 192N, 1383W,  27, 1006, XX,  34, NEQ,    0,    0,    0,    0,  -99,  -99,  37,   0,   0, 
EP, 14, 2026091100, 03, AVNO, 102, 193N, 1396W,  27, 1008, XX,  34, NEQ,    0,    0,    0,    0,  -99,  -99,  32,   0,   0, 
EP, 14, 2026091100, 03, AVNO, 108, 193N, 1409W,  24, 1008, XX,  34, NEQ,    0,    0,    0,    0,  -99,  -99,  27,   0,   0, 
EP, 14, 2026091100, 03, AVNO, 114, 192N, 1423W,  25, 1010, XX,  34, NEQ,    0,    0,    0,    0,  -99,  -99,  95,   0,   0, 
EP, 14, 2026091100, 03, AVNO, 120, 192N, 1437W,  24, 1008, XX,  34, NEQ,    0,    0,    0,    0,  -99,  -99,  22,   0,   0, 
EP, 14, 2026091100, 03, AVNO, 126, 190N, 1452W,  24, 1010, XX,  34, NEQ,    0,    0,    0,    0,  -99,  -99, 100,   0,   0, 
EP, 14, 2026091100, 03, AVNO, 132, 187N, 1466W,  23, 1009, XX,  34, NEQ,    0,    0,    0,    0,  -99,  -99, 108,   0,   0, 
EP, 14, 2026091100, 03, AVNO, 138, 180N, 1481W,  22, 1012, XX,  34, NEQ,    0,    0,    0,    0,  -99,  -99, 108,   0,   0, 
EP, 14, 2026091100, 03, AVNO, 144, 174N, 1496W,  21, 1009, XX,  34, NEQ,    0,    0,    0,    0,  -99,  -99, 158,   0,   0, 
EP, 14, 2026091100, 03, AVNO, 150, 171N, 1515W,  22, 1011, XX,  34, NEQ,    0,    0,    0,    0,  -99,  -99, 147,   0,   0, 
EP, 14, 2026091100, 03, HCCA,   0, 164N, 1213W,  40,    0,   ,   0,    ,    0,    0,    0,    0, 
EP, 14, 2026091100, 03, HCCA,  12, 166N, 1237W,  53,    0,   ,   0,    ,    0,    0,    0,    0, 
EP, 14, 2026091100, 03, HCCA,  24, 167N, 1259W,  64,    0,   ,   0,    ,    0,    0,    0,    0, 
EP, 14, 2026091100, 03, HCCA,  36, 170N, 1279W,  72,    0,   ,   0,    ,    0,    0,    0,    0, 
EP, 14, 2026091100, 03, HCCA,  48, 175N, 1298W,  76,    0,   ,   0,    ,    0,    0,    0,    0, 
EP, 14, 2026091100, 03, HCCA,  60, 180N, 1317W,  76,    0,   ,   0,    ,    0,    0,    0,    0, 
EP, 14, 2026091100, 03, HCCA,  72, 183N, 1335W,  79,    0,   ,   0,    ,    0,    0,    0,    0, 
EP, 14, 2026091100, 03, HCCA,  84, 183N, 1356W,  78,    0,   ,   0,    ,    0,    0,    0,    0, 
EP, 14, 2026091100, 03, HCCA,  96, 183N, 1376W,  73,    0,   ,   0,    ,    0,    0,    0,    0, 
EP, 14, 2026091100, 03, HCCA, 108, 178N, 1398W,  64,    0,   ,   0,    ,    0,    0,    0,    0, 
EP, 14, 2026091100, 03, HCCA, 120, 173N, 1420W,  60,    0,   ,   0,    ,    0,    0,    0,    0, 
EP, 14, 2026091100, 03, HCCA, 132, 163N, 1440W,  55,    0,   ,   0,    ,    0,    0,    0,    0, 
EP, 14, 2026091100, 03, HCCA, 144, 152N, 1460W,  53,    0,   ,   0,    ,    0,    0,    0,    0, 
EP, 14, 2026091100, 03, HCCA, 156, 144N, 1472W,  51,    0,   ,   0,    ,    0,    0,    0,    0, 
EP, 14, 2026091100, 03, HCCA, 168, 141N, 1477W,  51,    0,   ,   0,    ,    0,    0,    0,    0, 
EP, 14, 2026091100, 03, HFSA,   0, 164N, 1213W,  41,  999, XX,  34, NEQ,   71,    0,    0,   60, 1003,   30,  31,   0,   0,    ,   0,    , 276,  13,           ,  ,  0,    ,    0,    0,    0,    0, THERMO PARAMS, -84, 284, 417, N, 10, DT, -999, SHR82, -99, 
EP, 14, 2026091100, 03, HFSA,   6, 164N, 1224W,  57, 1000, XX,  34, NEQ,   76,    0,    0,   37,  -99,  -99,  52,   0,   0,    ,   0,    , 277,  12,           ,  ,  0,    ,    0,    0,    0,    0, THERMO PARAMS, -82, -18, 636, N, 10, DT, -999, SHR82, -99, 
EP, 14, 2026091100, 03, HFSA,   6, 164N, 1224W,  57, 1000, XX,  50, NEQ,   55,    0,    0,    0,  -99,  -99,  52,   0,   0,    ,   0,    , 277,  12,           ,  ,  0,    ,    0,    0,    0,    0, THERMO PARAMS, -82, -18, 636, N, 10, DT, -999, SHR82, -99, 
EP, 14, 2026091100, 03, HFSA,  12, 169N, 1236W,  51,  996, XX,  34, NEQ,   76,    0,    0,   55, 1000,   10,  35,   0,   0,    ,   0,    , 283,  13,           ,  ,  0,    ,    0,    0,    0,    0, THERMO PARAMS, -38, -98, 592, N, 10, DT, -999, SHR82, -99, 
EP, 14, 2026091100, 03, HFSA,  18, 170N, 1249W,  46,  999, XX,  34, NEQ,   79,    0,    0,   73, 1003,   17,  27,   0,   0,    ,   0,    , 279,  15,           ,  ,  0,    ,    0,    0,    0,    0, THERMO PARAMS, -51, 73, 611, N, 10, DT, -999, SHR82, -99, 
EP, 14, 2026091100, 03, HFSA,  24, 171N, 1263W,  45,  997, XX,  34, NEQ,   99,    0,    0,   91, 1001,   24,  98,   0,   0,    ,   0,    , 280,  12,           ,  ,  0,    ,    0,    0,    0,    0, THERMO PARAMS, -49, 553, 334, N, 10, DT, -999, SHR82, -99, 
EP, 14, 2026091100, 03, HFSA,  30, 172N, 1275W,  43, 1001, XX,  34, NEQ,   97,    0,    0,   92, 1005,   33,  41,   0,   0,    ,   0,    , 282,  12,           ,  ,  0,    ,    0,    0,    0,    0, THERMO PARAMS, -32, 663, 332, N, 10, DT, -999, SHR82, -99, 
EP, 14, 2026091100, 03, HFSA,  36, 176N, 1287W,  43, 1000, XX,  34, NEQ,   78,    0,    0,   53, 1004,   45,  52,   0,   0,    ,   0,    , 290,  11,           ,  ,  0,    ,    0,    0,    0,    0, THERMO PARAMS, -47, 77, 749, N, 10, DT, -999, SHR82, -99, 
EP, 14, 2026091100, 03, HFSA,  42, 178N, 1298W,  51, 1002, XX,  34, NEQ,   83,    0,    0,   47,  -99,  -99,  61,   0,   0,    ,   0,    , 290,  11,           ,  ,  0,    ,    0,    0,    0,    0, THERMO PARAMS, -42, 272, 725, N, 10, DT, -999, SHR82, -99, 
EP, 14, 2026091100, 03, HFSA,  42, 178N, 1298W,  51, 1002, XX,  50, NEQ,   62,    0,    0,    0,  -99,  -99,  61,   0,   0,    ,   0,    , 290,  11,           ,  ,  0,    ,    0,    0,    0,    0, THERMO PARAMS, -42, 272, 725, N, 10, DT, -999, SHR82, -99, 
EP, 14, 2026091100, 03, HFSA,  48, 181N, 1312W,  42,  999, XX,  34, NEQ,   79,    0,    0,   55, 1007,   90,  58,   0,   0,    ,   0,    , 274,  12,           ,  ,  0,    ,    0,    0,    0,    0, THERMO PARAMS, -72, 1471, 438, N, 10, DT, -999, SHR82, -99, 
EP, 14, 2026091100, 03, HFSA,  54, 183N, 1321W,  40, 1002, XX,  34, NEQ,   76,    0,    0,   62, 1006,   36,  53,   0,   0,    ,   0,    , 281,  10,           ,  ,  0,    ,    0,    0,    0,    0, THERMO PARAMS, -52, 311, 442, N, 10, DT, -999, SHR82, -99, 
EP, 14, 2026091100, 03, HFSA,  60, 185N, 1332W,  39, 1000, XX,  34, NEQ,  105,    0,    0,   53, 1004,    8, 104,   0,   0,    ,   0,    , 286,  10,           ,  ,  0,    ,    0,    0,    0,    0, THERMO PARAMS, -42, 498, 427, N, 10, DT, -999, SHR82, -99, 
EP, 14, 2026091100, 03, HFSA,  66, 187N, 1341W,  33, 1004, XX,  34, NEQ,    0,    0,    0,    0, 1008,   58,  67,   0,   0,    ,   0,    , 286,  11,           ,  ,  0,    ,    0,    0,    0,    0, THERMO PARAMS, -66, 1248, 137, N, 10, DT, -999, SHR82, -99, 
EP, 14, 2026091100, 03, HFSA,  72, 189N, 1357W,  33, 1003, XX,  34, NEQ,    0,    0,    0,    0,  -99,  -99,  69,   0,   0,    ,   0,    , 279,  11,           ,  ,  0,    ,    0,    0,    0,    0, THERMO PARAMS, -51, 468, 197, N, 10, DT, -999, SHR82, -99, 
EP, 14, 2026091100, 03, HFSA,  78, 190N, 1369W,  33, 1006, XX,  34, NEQ,    0,    0,    0,    0,  -99,  -99,  85,   0,   0,    ,   0,    , 277,   9,           ,  ,  0,    ,    0,    0,    0,    0, THERMO PARAMS, -31, 440, 207, N, 10, DT, -999, SHR82, -99, 
EP, 14, 2026091100, 03, HFSA,  84, 195N, 1375W,  44, 1000, XX,  34, NEQ,   57,    0,    0,    0, 1004,    9,  32,   0,   0,    ,   0,    , 303,  10,           ,  ,  0,    ,    0,    0,    0,    0, THERMO PARAMS, -102, 537, -91, N, 10, DT, -999, SHR82, -99, 
EP, 14, 2026091100, 03, HFSA,  90, 199N, 1391W,  36, 1005, XX,  34, NEQ,    0,    0,    0,    0,  -99,  -99,  88,   0,   0,    ,   0,    , 285,  14,           ,  ,  0,    ,    0,    0,    0,    0, THERMO PARAMS, -86, 612, -256, N, 10, DT, -999, SHR82, -99, 
EP, 14, 2026091100, 03, HFSA,  96, 206N, 1401W,  48, 1004, XX,  34, NEQ,   62,    0,    0,    0,  -99,  -99,  38,   0,   0,    ,   0,    , 313,  10,           ,  ,  0,    ,    0,    0,    0,    0, THERMO PARAMS, -107, 710, 334, N, 10, DT, -999, SHR82, -99, 
EP, 14, 2026091100, 03, HFSA, 102, 211N, 1414W,  40, 1007, XX,  34, NEQ,   57,    0,    0,    0,  -99,  -99,  53,   0,   0,    ,   0,    , 291,  10,           ,  ,  0,    ,    0,    0,    0,    0, THERMO PARAMS, -133, 711, 109, N, 10, DT, -999, SHR82, -99, 
EP, 14, 2026091100, 03, HFSA, 108, 216N, 1427W,  38, 1006, XX,  34, NEQ,   58,    0,    0,   21,  -99,  -99,  57,   0,   0,    ,   0,    , 286,  11,           ,  ,  0,    ,    0,    0,    0,    0, THERMO PARAMS, -136, 715, 0, N, 10, DT, -999, SHR82, -99, 
EP, 14, 2026091100, 03, HFSA, 114, 218N, 1441W,  34, 1008, XX,  34, NEQ,    0,    0,    0,    0,  -99,  -99,  65,   0,   0,    ,   0,    , 281,  11,           ,  ,  0,    ,    0,    0,    0,    0, THERMO PARAMS, -184, 539, -174, N, 10, DT, -999, SHR82, -99, 
EP, 14, 2026091100, 03, HFSA, 120, 222N, 1452W,  40, 1007, XX,  34, NEQ,    0,    0,    0,   37,  -99,  -99,  44,   0,   0,    ,   0,    , 286,   8,           ,  ,  0,    ,    0,    0,    0,    0, THERMO PARAMS, -182, 570, 141, N, 10, DT, -999, SHR82, -99, 
EP, 14, 2026091100, 03, HFSA, 126, 223N, 1460W,  57, 1001, XX,  34, NEQ,   55,   39,    0,    0, 1005,   13,  28,   0,   0,    ,   0,    , -99, -99,           ,  ,  0,    ,    0,    0,    0,    0, THERMO PARAMS, -183, 535, 121, N, 10, DT, -999, SHR82, -99, 
EP, 14, 2026091100, 03, HFSA, 126, 223N, 1460W,  57, 1001, XX,  50, NEQ,   39,    0,    0,    0, 1005,   13,  28,   0,   0,    ,   0,    , -99, -99,           ,  ,  0,    ,    0,    0,    0,    0, THERMO PARAMS, -183, 535, 121, N, 10, DT, -999, SHR82, -99, 
EP, 14, 2026091100, 03, TVCN,   0, 164N, 1213W,   0,    0,   ,   0,    ,    0,    0,    0,    0, 
EP, 14, 2026091100, 03, TVCN,  12, 166N, 1237W,   0,    0,   ,   0,    ,    0,    0,    0,    0, 
EP, 14, 2026091100, 03, TVCN,  24, 167N, 1260W,   0,    0,   ,   0,    ,    0,    0,    0,    0, 
EP, 14, 2026091100, 03, TVCN,  36, 170N, 1281W,   0,    0,   ,   0,    ,    0,    0,    0,    0, 
EP, 14, 2026091100, 03, TVCN,  48, 174N, 1300W,   0,    0,   ,   0,    ,    0,    0,    0,    0, 
EP, 14, 2026091100, 03, TVCN,  60, 179N, 1318W,   0,    0,   ,   0,    ,    0,    0,    0,    0, 
EP, 14, 2026091100, 03, TVCN,  72, 181N, 1337W,   0,    0,   ,   0,    ,    0,    0,    0,    0, 
EP, 14, 2026091100, 03, TVCN,  84, 184N, 1357W,   0,    0,   ,   0,    ,    0,    0,    0,    0, 
EP, 14, 2026091100, 03, TVCN,  96, 186N, 1377W,   0,    0,   ,   0,    ,    0,    0,    0,    0, 
EP, 14, 2026091100, 03, TVCN, 108, 186N, 1398W,   0,    0,   ,   0,    ,    0,    0,    0,    0, 
EP, 14, 2026091100, 03, TVCN, 120, 185N, 1419W,   0,    0,   ,   0,    ,    0,    0,    0,    0, 
EP, 14, 2026091100, 03, TVCN, 132, 182N, 1440W,   0,    0,   ,   0,    ,    0,    0,    0,    0, 
EP, 14, 2026091100, 03, TVCN, 144, 166N, 1458W,   0,    0,   ,   0,    ,    0,    0,    0,    0, 
EP, 14, 2026091100, 03, TVCN, 156, 159N, 1472W,   0,    0,   ,   0,    ,    0,    0,    0,    0, 
EP, 14, 2026091100, 03, TVCN, 168, 146N, 1475W,   0,    0,   ,   0,    ,    0,    0,    0,    0, 
EP, 14, 2026091106, 03, AVNO,   0, 167N, 1227W,  40, 1000, XX,  34, NEQ,   64,    0,    0,   54, 1008,   73,  27,   0,   0, 
EP, 14, 2026091106, 03, AVNO,   6, 166N, 1238W,  44,  997, XX,  34, NEQ,   82,    0,   43,   54, 1001,   27,  27,   0,   0, 
EP, 14, 2026091106, 03, AVNO,  12, 167N, 1249W,  43,  999, XX,  34, NEQ,   79,    0,   40,   65, 1011,  339,  32,   0,   0, 
EP, 14, 2026091106, 03, AVNO,  18, 170N, 1258W,  41,  996, XX,  34, NEQ,   76,    0,    0,   75, 1004,   79,  44,   0,   0, 
EP, 14, 2026091106, 03, AVNO,  24, 171N, 1268W,  40,  998, XX,  34, NEQ,   74,    0,   26,   76, 1010,  428,  37,   0,   0, 
EP, 14, 2026091106, 03, AVNO,  30, 173N, 1278W,  38,  997, XX,  34, NEQ,   57,    0,    0,   57, 1005,   88,  27,   0,   0, 
EP, 14, 2026091106, 03, AVNO,  36, 175N, 1287W,  36, 1001, XX,  34, NEQ,   47,    0,    0,   46, 1009,   89,  31,   0,   0, 
EP, 14, 2026091106, 03, AVNO,  42, 178N, 1295W,  35,  999, XX,  34, NEQ,   44,    0,    0,   36, 1007,  207,  32,   0,   0, 
EP, 14, 2026091106, 03, AVNO,  48, 180N, 1304W,  37, 1002, XX,  34, NEQ,   79,    0,    0,   61, 1010,  276,  46,   0,   0, 
EP, 14, 2026091106, 03, AVNO,  54, 184N, 1314W,  44,  996, XX,  34, NEQ,   55,    0,    0,   50, 1008,  179,  20,   0,   0, 
EP, 14, 2026091106, 03, AVNO,  60, 184N, 1325W,  33, 1002, XX,  34, NEQ,    0,    0,    0,    0, 1010,  174,  53,   0,   0, 
EP, 14, 2026091106, 03, AVNO,  66, 185N, 1336W,  32, 1001, XX,  34, NEQ,    0,    0,    0,    0, 1005,   41,  28,   0,   0, 
EP, 14, 2026091106, 03, AVNO,  72, 186N, 1347W,  31, 1005, XX,  34, NEQ,    0,    0,    0,    0, 1009,   52,  39,   0,   0, 
EP, 14, 2026091106, 03, AVNO,  78, 188N, 1358W,  31, 1004, XX,  34, NEQ,    0,    0,    0,    0, 1008,   73,  25,   0,   0, 
EP, 14, 2026091106, 03, AVNO,  84, 189N, 1371W,  32, 1006, XX,  34, NEQ,    0,    0,    0,    0, 1010,   98,  35,   0,   0, 
EP, 14, 2026091106, 03, AVNO,  90, 189N, 1383W,  29, 1004, XX,  34, NEQ,    0,    0,    0,    0, 1008,  706,  35,   0,   0, 
EP, 14, 2026091106, 03, AVNO,  96, 188N, 1393W,  28, 1007, XX,  34, NEQ,    0,    0,    0,    0,  -99,  -99,  32,   0,   0, 
EP, 14, 2026091106, 03, AVNO, 102, 188N, 1403W,  29, 1006, XX,  34, NEQ,    0,    0,    0,    0,  -99,  -99,  25,   0,   0, 
EP, 14, 2026091106, 03, AVNO, 108, 188N, 1416W,  29, 1008, XX,  34, NEQ,    0,    0,    0,    0,  -99,  -99,  27,   0,   0, 
EP, 14, 2026091106, 03, AVNO, 114, 187N, 1429W,  28, 1006, XX,  34, NEQ,    0,    0,    0,    0,  -99,  -99,  42,   0,   0, 
EP, 14, 2026091106, 03, AVNO, 120, 184N, 1443W,  28, 1008, XX,  34, NEQ,    0,    0,    0,    0,  -99,  -99,  41,   0,   0, 
EP, 14, 2026091106, 03, AVNO, 126, 181N, 1456W,  26, 1007, XX,  34, NEQ,    0,    0,    0,    0,  -99,  -99,  37,   0,   0, 
EP, 14, 2026091106, 03, AVNO, 132, 178N, 1470W,  26, 1010, XX,  34, NEQ,    0,    0,    0,    0,  -99,  -99,  29,   0,   0, 
EP, 14, 2026091106, 03, AVNO, 138, 175N, 1485W,  24, 1007, XX,  34, NEQ,    0,    0,    0,    0,  -99,  -99,  27,   0,   0, 
EP, 14, 2026091106, 03, AVNO, 144, 170N, 1500W,  24, 1009, XX,  34, NEQ,    0,    0,    0,    0,  -99,  -99, 107,   0,   0, 
EP, 14, 2026091106, 03, AVNO, 150, 167N, 1515W,  24, 1008, XX,  34, NEQ,    0,    0,    0,    0,  -99,  -99, 106,   0,   0, 
EP, 14, 2026091106, 03, AVNO, 156, 166N, 1531W,  23, 1011, XX,  34, NEQ,    0,    0,    0,    0,  -99,  -99, 103,   0,   0, 
EP, 14, 2026091106, 03, AVNO, 162, 163N, 1544W,  25, 1009, XX,  34, NEQ,    0,    0,    0,    0,  -99,  -99, 160,   0,   0, 
EP, 14, 2026091106, 03, AVNO, 168, 161N, 1562W,  25, 1011, XX,  34, NEQ,    0,    0,    0,    0,  -99,  -99, 161,   0,   0, 
EP, 14, 2026091106, 03, AVNO, 174, 162N, 1572W,  24, 1010, XX,  34, NEQ,    0,    0,    0,    0,  -99,  -99, 153,   0,   0, 
EP, 14, 2026091106, 03, AVNO, 180, 167N, 1587W,  21, 1012, XX,  34, NEQ,    0,    0,    0,    0,  -99,  -99, 109,   0,   0, 
EP, 14, 2026091106, 03, AVNO, 186, 167N, 1599W,  18, 1012, XX,  34, NEQ,    0,    0,    0,    0,  -99,  -99,  98,   0,   0, 
EP, 14, 2026091106, 03, AVNO, 192, 170N, 1612W,  18, 1013, XX,  34, NEQ,    0,    0,    0,    0,  -99,  -99, 160,   0,   0, 
EP, 14, 2026091106, 03, AVNO, 198, 171N, 1623W,  17, 1013, XX,  34, NEQ,    0,    0,    0,    0,  -99,  -99, 118,   0,   0, 
EP, 14, 2026091106, 03, AVNO, 204, 168N, 1641W,  17, 1013, XX,  34, NEQ,    0,    0,    0,    0,  -99,  -99, 127,   0,   0, 
EP, 14, 2026091106, 03, HCCA,   0, 166N, 1227W,  50,    0,   ,   0,    ,    0,    0,    0,    0, 
EP, 14, 2026091106, 03, HCCA,  12, 167N, 1251W,  63,    0,   ,   0,    ,    0,    0,    0,    0, 
EP, 14, 2026091106, 03, HCCA,  24, 170N, 1272W,  67,    0,   ,   0,    ,    0,    0,    0,    0, 
EP, 14, 2026091106, 03, HCCA,  36, 174N, 1292W,  71,    0,   ,   0,    ,    0,    0,    0,    0, 
EP, 14, 2026091106, 03, HCCA,  48, 179N, 1312W,  69,    0,   ,   0,    ,    0,    0,    0,    0, 
EP, 14, 2026091106, 03, HCCA,  60, 183N, 1331W,  68,    0,   ,   0,    ,    0,    0,    0,    0, 
EP, 14, 2026091106, 03, HCCA,  72, 186N, 1352W,  61,    0,   ,   0,    ,    0,    0,    0,    0, 
EP, 14, 2026091106, 03, HCCA,  84, 187N, 1374W,  56,    0,   ,   0,    ,    0,    0,    0,    0, 
EP, 14, 2026091106, 03, HCCA,  96, 187N, 1396W,  53,    0,   ,   0,    ,    0,    0,    0,    0, 
EP, 14, 2026091106, 03, HCCA, 108, 183N, 1417W,  51,    0,   ,   0,    ,    0,    0,    0,    0, 
EP, 14, 2026091106, 03, HCCA, 120, 177N, 1436W,  48,    0,   ,   0,    ,    0,    0,    0,    0, 
EP, 14, 2026091106, 03, HCCA, 132, 166N, 1454W,  48,    0,   ,   0,    ,    0,    0,    0,    0, 
EP, 14, 2026091106, 03, HCCA, 144, 154N, 1467W,  50,    0,   ,   0,    ,    0,    0,    0,    0, 
EP, 14, 2026091106, 03, HCCA, 156, 147N, 1477W,  55,    0,   ,   0,    ,    0,    0,    0,    0, 
EP, 14, 2026091106, 03, HCCA, 168, 154N, 1490W,  54,    0,   ,   0,    ,    0,    0,    0,    0, 
EP, 14, 2026091106, 03, HFSA,   0, 165N, 1228W,  54,  991, XX,  34, NEQ,   79,    0,    0,   37,  999,   10,  59,   0,   0,    ,   0,    , 276,  13,           ,  ,  0,    ,    0,    0,    0,    0, THERMO PARAMS, -112, 341, 752, N, 10, DT, -999, SHR82, -99, 
EP, 14, 2026091106, 03, HFSA,   0, 165N, 1228W,  54,  991, XX,  50, NEQ,   60,    0,    0,    0,  999,   10,  59,   0,   0,    ,   0,    , 276,  13,           ,  ,  0,    ,    0,    0,    0,    0, THERMO PARAMS, -112, 341, 752, N, 10, DT, -999, SHR82, -99, 
EP, 14, 2026091106, 03, HFSA,   6, 168N, 1235W,  58,  987, XX,  34, NEQ,   74,   79,   31,   62,  999,   18,  22,   0,   0,    ,   0,    , 282,  11,           ,  ,  0,    ,    0,    0,    0,    0, THERMO PARAMS, -55, 950, 844, N, 10, DT, -999, SHR82, -99, 
EP, 14, 2026091106, 03, HFSA,   6, 168N, 1235W,  58,  987, XX,  50, NEQ,   40,    0,   18,   32,  999,   18,  22,   0,   0,    ,   0,    , 282,  11,           ,  ,  0,    ,    0,    0,    0,    0, THERMO PARAMS, -55, 950, 844, N, 10, DT, -999, SHR82, -99, 
EP, 14, 2026091106, 03, HFSA,  12, 169N, 1245W,  63,  993, XX,  34, NEQ,   92,   23,   32,   83, 1005,   34,  76,   0,   0,    ,   0,    , 281,  11,           ,  ,  0,    ,    0,    0,    0,    0, THERMO PARAMS, -91, 1182, 575, N, 10, DT, -999, SHR82, -99, 
EP, 14, 2026091106, 03, HFSA,  18, 173N, 1256W,  56,  994, XX,  34, NEQ,   91,   21,   24,   66, 1002,   31,  64,   0,   0,    ,   0,    , 281,  12,           ,  ,  0,    ,    0,    0,    0,    0, THERMO PARAMS, -69, 1139, 286, N, 10, DT, -999, SHR82, -99, 
EP, 14, 2026091106, 03, HFSA,  24, 173N, 1269W,  50,  997, XX,  34, NEQ,  107,    0,   34,   81, 1005,   48,  77,   0,   0,    ,   0,    , 270,  12,           ,  ,  0,    ,    0,    0,    0,    0, THERMO PARAMS, -68, 807, 360, N, 10, DT, -999, SHR82, -99, 
EP, 14, 2026091106, 03, HFSA,  30, 177N, 1278W,  54,  997, XX,  34, NEQ,   96,    0,   62,   86, 1001,   25,  78,   0,   0,    ,   0,    , 296,  11,           ,  ,  0,    ,    0,    0,    0,    0, THERMO PARAMS, -26, -91, 723, N, 10, DT, -999, SHR82, -99, 
EP, 14, 2026091106, 03, HFSA,  36, 179N, 1292W,  59,  996, XX,  34, NEQ,   87,    0,   32,   78, 1000,   10,  65,   0,   0,    ,   0,    , 273,  12,           ,  ,  0,    ,    0,    0,    0,    0, THERMO PARAMS, -23, 239, 766, N, 10, DT, -999, SHR82, -99, 
EP, 14, 2026091106, 03, HFSA,  36, 179N, 1292W,  59,  996, XX,  50, NEQ,   66,    0,    0,    0, 1000,   10,  65,   0,   0,    ,   0,    , 273,  12,           ,  ,  0,    ,    0,    0,    0,    0, THERMO PARAMS, -23, 239, 766, N, 10, DT, -999, SHR82, -99, 
EP, 14, 2026091106, 03, HFSA,  42, 180N, 1299W,  38,  996, XX,  34, NEQ,   31,    0,    0,   71, 1004,   53,  70,   0,   0,    ,   0,    , 291,   8,           ,  ,  0,    ,    0,    0,    0,    0, THERMO PARAMS, -12, 1456, 612, N, 10, DT, -999, SHR82, -99, 
EP, 14, 2026091106, 03, HFSA,  48, 186N, 1308W,  55,  993, XX,  34, NEQ,   63,    0,   29,   53,  997,    5,  27,   0,   0,    ,   0,    , 297,  11,           ,  ,  0,    ,    0,    0,    0,    0, THERMO PARAMS, -46, 574, 923, N, 10, DT, -999, SHR82, -99, 
EP, 14, 2026091106, 03, HFSA,  48, 186N, 1308W,  55,  993, XX,  50, NEQ,    0,    0,    0,   29,  997,    5,  27,   0,   0,    ,   0,    , 297,  11,           ,  ,  0,    ,    0,    0,    0,    0, THERMO PARAMS, -46, 574, 923, N, 10, DT, -999, SHR82, -99, 
EP, 14, 2026091106, 03, HFSA,  54, 189N, 1319W,  47,  992, XX,  34, NEQ,   81,    0,    0,   57, 1000,   21,  58,   0,   0,    ,   0,    , 285,  10,           ,  ,  0,    ,    0,    0,    0,    0, THERMO PARAMS, -32, 1045, 769, N, 10, DT, -999, SHR82, -99, 
EP, 14, 2026091106, 03, HFSA,  60, 190N, 1329W,  42,  999, XX,  34, NEQ,   79,    0,    0,   79, 1007,   50,  61,   0,   0,    ,   0,    , 282,  10,           ,  ,  0,    ,    0,    0,    0,    0, THERMO PARAMS, -65, 1067, 538, N, 10, DT, -999, SHR82, -99, 
EP, 14, 2026091106, 03, HFSA,  66, 191N, 1340W,  42,  998, XX,  34, NEQ,   65,    0,    0,   52, 1002,   23,  42,   0,   0,    ,   0,    , 280,  10,           ,  ,  0,    ,    0,    0,    0,    0, THERMO PARAMS, -33, 155, 375, N, 10, DT, -999, SHR82, -99, 
EP, 14, 2026091106, 03, HFSA,  72, 192N, 1349W,  53,  998, XX,  34, NEQ,   70,   57,    0,   76,  -99,  -99,  35,   0,   0,    ,   0,    , 279,   9,           ,  ,  0,    ,    0,    0,    0,    0, THERMO PARAMS, -73, 247, 1011, N, 10, DT, -999, SHR82, -99, 
EP, 14, 2026091106, 03, HFSA,  72, 192N, 1349W,  53,  998, XX,  50, NEQ,   36,    0,    0,    0,  -99,  -99,  35,   0,   0,    ,   0,    , 279,   9,           ,  ,  0,    ,    0,    0,    0,    0, THERMO PARAMS, -73, 247, 1011, N, 10, DT, -999, SHR82, -99, 
EP, 14, 2026091106, 03, HFSA,  78, 195N, 1361W,  43,  998, XX,  34, NEQ,   81,    0,    0,   65, 1006,   48,  34,   0,   0,    ,   0,    , 282,  10,           ,  ,  0,    ,    0,    0,    0,    0, THERMO PARAMS, -91, 1623, 426, N, 10, DT, -999, SHR82, -99, 
EP, 14, 2026091106, 03, HFSA,  84, 196N, 1374W,  42, 1001, XX,  34, NEQ,   81,    0,    0,   73, 1009,  100,  54,   0,   0,    ,   0,    , 278,  11,           ,  ,  0,    ,    0,    0,    0,    0, THERMO PARAMS, -87, 1620, 342, N, 10, DT, -999, SHR82, -99, 
EP, 14, 2026091106, 03, HFSA,  90, 198N, 1388W,  40, 1001, XX,  34, NEQ,   74,    0,    0,   62, 1005,   35,  64,   0,   0,    ,   0,    , 280,  11,           ,  ,  0,    ,    0,    0,    0,    0, THERMO PARAMS, -87, 454, 106, N, 10, DT, -999, SHR82, -99, 
EP, 14, 2026091106, 03, HFSA,  96, 201N, 1398W,  50,  999, XX,  34, NEQ,   70,    0,    0,   37,  -99,  -99,  49,   0,   0,    ,   0,    , 278,   9,           ,  ,  0,    ,    0,    0,    0,    0, THERMO PARAMS, -103, 667, 205, N, 10, DT, -999, SHR82, -99, 
EP, 14, 2026091106, 03, HFSA, 102, 201N, 1412W,  36,  999, XX,  34, NEQ,   70,    0,    0,    0, 1007,   54,  63,   0,   0,    ,   0,    , 270,  10,           ,  ,  0,    ,    0,    0,    0,    0, THERMO PARAMS, -62, 2020, -52, N, 10, DT, -999, SHR82, -99, 
EP, 14, 2026091106, 03, HFSA, 108, 205N, 1426W,  36, 1004, XX,  34, NEQ,    0,    0,    0,    0, 1008,   39,  77,   0,   0,    ,   0,    , 280,  12,           ,  ,  0,    ,    0,    0,    0,    0, THERMO PARAMS, -121, 1656, -151, N, 10, DT, -999, SHR82, -99, 
EP, 14, 2026091106, 03, HFSA, 114, 206N, 1441W,  36, 1004, XX,  34, NEQ,    0,    0,    0,    0, 1008,   60, 100,   0,   0,    ,   0,    , 273,  10,           ,  ,  0,    ,    0,    0,    0,    0, THERMO PARAMS, -120, -161, 261, N, 10, DT, -999, SHR82, -99, 
EP, 14, 2026091106, 03, HFSA, 120, 205N, 1455W,  33, 1006, XX,  34, NEQ,    0,    0,    0,    0,  -99,  -99,  76,   0,   0,    ,   0,    , 263,  11,           ,  ,  0,    ,    0,    0,    0,    0, THERMO PARAMS, -118, 15, 458, N, 10, DT, -999, SHR82, -99, 
EP, 14, 2026091106, 03, HFSA, 126, 203N, 1471W,  34, 1006, XX,  34, NEQ,    0,    0,    0,    0,  -99,  -99,  80,   0,   0,    ,   0,    , -99, -99,           ,  ,  0,    ,    0,    0,    0,    0, THERMO PARAMS, -110, 233, 204, N, 10, DT, -999, SHR82, -99, 
EP, 14, 2026091106, 03, TVCN,   0, 166N, 1227W,   0,    0,   ,   0,    ,    0,    0,    0,    0, 
EP, 14, 2026091106, 03, TVCN,  12, 169N, 1251W,   0,    0,   ,   0,    ,    0,    0,    0,    0, 
EP, 14, 2026091106, 03, TVCN,  24, 172N, 1275W,   0,    0,   ,   0,    ,    0,    0,    0,    0, 
EP, 14, 2026091106, 03, TVCN,  36, 176N, 1297W,   0,    0,   ,   0,    ,    0,    0,    0,    0, 
EP, 14, 2026091106, 03, TVCN,  48, 180N, 1319W,   0,    0,   ,   0,    ,    0,    0,    0,    0, 
EP, 14, 2026091106, 03, TVCN,  60, 184N, 1342W,   0,    0,   ,   0,    ,    0,    0,    0,    0, 
EP, 14, 2026091106, 03, TVCN,  72, 187N, 1366W,   0,    0,   ,   0,    ,    0,    0,    0,    0, 
EP, 14, 2026091106, 03, TVCN,  84, 191N, 1390W,   0,    0,   ,   0,    ,    0,    0,    0,    0, 
EP, 14, 2026091106, 03, TVCN,  96, 196N, 1414W,   0,    0,   ,   0,    ,    0,    0,    0,    0, 
EP, 14, 2026091106, 03, TVCN, 108, 198N, 1438W,   0,    0,   ,   0,    ,    0,    0,    0,    0, 
EP, 14, 2026091106, 03, TVCN, 120, 196N, 1461W,   0,    0,   ,   0,    ,    0,    0,    0,    0, 
EP, 14, 2026091106, 03, TVCN, 132, 194N, 1484W,   0,    0,   ,   0,    ,    0,    0,    0,    0, 
EP, 14, 2026091106, 03, TVCN, 144, 165N, 1498W,   0,    0,   ,   0,    ,    0,    0,    0,    0, 
EP, 14, 2026091106, 03, TVCN, 156, 156N, 1515W,   0,    0,   ,   0,    ,    0,    0,    0,    0, 
EP, 14, 2026091112, 03,  UKX,   0, 162N, 1245W,  30, 1004, XX,  34, NEQ,    0,    0,    0,    0, 
EP, 14, 2026091112, 03,  UKX,   6, 161N, 1257W,  30, 1005, XX,  34, NEQ,    0,    0,    0,    0, 
EP, 14, 2026091112, 03,  UKX,  12, 161N, 1268W,  30, 1003, XX,  34, NEQ,    0,    0,    0,    0, 
EP, 14, 2026091112, 03,  UKX,  18, 163N, 1278W,  30, 1004, XX,  34, NEQ,    0,    0,    0,    0, 
EP, 14, 2026091112, 03,  UKX,  24, 165N, 1288W,  29, 1003, XX,  34, NEQ,    0,    0,    0,    0, 
EP, 14, 2026091112, 03,  UKX,  30, 168N, 1297W,  30, 1004, XX,  34, NEQ,    0,    0,    0,    0, 
EP, 14, 2026091112, 03,  UKX,  36, 170N, 1307W,  30, 1003, XX,  34, NEQ,    0,    0,    0,    0, 
EP, 14, 2026091112, 03,  UKX,  42, 172N, 1316W,  32, 1004, XX,  34, NEQ,    0,    0,    0,    0, 
EP, 14, 2026091112, 03,  UKX,  48, 175N, 1324W,  33, 1002, XX,  34, NEQ,    0,    0,    0,    0, 
EP, 14, 2026091112, 03,  UKX,  54, 178N, 1333W,  37, 1004, XX,  34, NEQ,   62,    0,    0,    0, 
EP, 14, 2026091112, 03,  UKX,  60, 180N, 1343W,  33, 1002, XX,  34, NEQ,    0,    0,    0,    0, 
EP, 14, 2026091112, 03,  UKX,  66, 181N, 1354W,  34, 1005, XX,  34, NEQ,   54,    0,    0,    0, 
EP, 14, 2026091112, 03,  UKX,  72, 183N, 1365W,  34, 1003, XX,  34, NEQ,    0,    0,    0,    0, 
EP, 14, 2026091112, 03,  UKX,  78, 184N, 1375W,  36, 1005, XX,  34, NEQ,   71,    0,    0,    0, 
EP, 14, 2026091112, 03,  UKX,  84, 184N, 1388W,  32, 1003, XX,  34, NEQ,    0,    0,    0,    0, 
EP, 14, 2026091112, 03,  UKX,  90, 184N, 1399W,  30, 1006, XX,  34, NEQ,    0,    0,    0,    0, 
EP, 14, 2026091112, 03,  UKX,  96, 184N, 1409W,  29, 1005, XX,  34, NEQ,    0,    0,    0,    0, 
EP, 14, 2026091112, 03,  UKX, 102, 185N, 1420W,  30, 1007, XX,  34, NEQ,    0,    0,    0,    0, 
EP, 14, 2026091112, 03,  UKX, 108, 184N, 1433W,  30, 1006, XX,  34, NEQ,    0,    0,    0,    0, 
EP, 14, 2026091112, 03,  UKX, 114, 183N, 1447W,  31, 1008, XX,  34, NEQ,    0,    0,    0,    0, 
EP, 14, 2026091112, 03,  UKX, 120, 180N, 1461W,  29, 1007, XX,  34, NEQ,    0,    0,    0,    0, 
EP, 14, 2026091112, 03,  UKX, 126, 178N, 1474W,  28, 1009, XX,  34, NEQ,    0,    0,    0,    0, 
EP, 14, 2026091112, 03,  UKX, 132, 173N, 1490W,  28, 1007, XX,  34, NEQ,    0,    0,    0,    0, 
EP, 14, 2026091112, 03,  UKX, 138, 171N, 1507W,  27, 1009, XX,  34, NEQ,    0,    0,    0,    0, 
EP, 14, 2026091112, 03,  UKX, 144, 168N, 1520W,  25, 1008, XX,  34, NEQ,    0,    0,    0,    0, 
EP, 14, 2026091112, 03, AVNO,   0, 166N, 1238W,  45,  997, XX,  34, NEQ,   82,    0,   42,   59, 1001,   29,  25,   0,   0, 
EP, 14, 2026091112, 03, AVNO,   6, 168N, 1248W,  45,  998, XX,  34, NEQ,   67,    0,   39,   60, 1010,  342,  47,   0,   0, 
EP, 14, 2026091112, 03, AVNO,  12, 170N, 1258W,  42,  995, XX,  34, NEQ,   78,    0,   40,   81, 1007,  554,  48,   0,   0, 
EP, 14, 2026091112, 03, AVNO,  18, 172N, 1269W,  46,  997, XX,  34, NEQ,   85,    0,   27,   78, 1009,  168,  40,   0,   0, 
EP, 14, 2026091112, 03, AVNO,  24, 174N, 1277W,  38,  996, XX,  34, NEQ,   53,    0,    0,   68, 1008,  397,  51,   0,   0, 
EP, 14, 2026091112, 03, AVNO,  30, 176N, 1286W,  37,  999, XX,  34, NEQ,   56,    0,    0,   57, 1007,   65,  30,   0,   0, 
EP, 14, 2026091112, 03, AVNO,  36, 181N, 1294W,  37,  998, XX,  34, NEQ,   61,    0,   36,   58, 1006,  117,  57,   0,   0, 
EP, 14, 2026091112, 03, AVNO,  42, 182N, 1301W,  35, 1000, XX,  34, NEQ,   49,    0,    0,   53, 1008,   80,  34,   0,   0, 
EP, 14, 2026091112, 03, AVNO,  48, 187N, 1312W,  40,  999, XX,  34, NEQ,   79,    0,    0,   63, 1007,   96,  38,   0,   0, 
EP, 14, 2026091112, 03, AVNO,  54, 187N, 1321W,  34, 1002, XX,  34, NEQ,    0,    0,    0,    0, 1010,  113,  77,   0,   0, 
EP, 14, 2026091112, 03, AVNO,  60, 189N, 1331W,  35, 1001, XX,  34, NEQ,   40,    0,    0,    0, 1009,  753,  39,   0,   0, 
EP, 14, 2026091112, 03, AVNO,  66, 189N, 1342W,  35, 1004, XX,  34, NEQ,   50,    0,    0,   34, 1008,   48,  34,   0,   0, 
EP, 14, 2026091112, 03, AVNO,  72, 191N, 1352W,  34, 1002, XX,  34, NEQ,   32,    0,    0,    0, 1006,   44,  32,   0,   0, 
EP, 14, 2026091112, 03, AVNO,  78, 193N, 1365W,  34, 1003, XX,  34, NEQ,    0,    0,    0,   45, 1007,   37,  44,   0,   0, 
EP, 14, 2026091112, 03, AVNO,  84, 195N, 1376W,  33, 1002, XX,  34, NEQ,    0,    0,    0,    0, 1006,   46,  58,   0,   0, 
EP, 14, 2026091112, 03, AVNO,  90, 197N, 1389W,  35, 1005, XX,  34, NEQ,   51,    0,    0,    0, 1009,   62,  51,   0,   0, 
EP, 14, 2026091112, 03, AVNO,  96, 197N, 1401W,  30, 1005, XX,  34, NEQ,    0,    0,    0,    0, 1009, 1710,  55,   0,   0, 
EP, 14, 2026091112, 03, AVNO, 102, 198N, 1413W,  31, 1008, XX,  34, NEQ,    0,    0,    0,    0,  -99,  -99,  45,   0,   0, 
EP, 14, 2026091112, 03, AVNO, 108, 198N, 1426W,  30, 1006, XX,  34, NEQ,    0,    0,    0,    0,  -99,  -99,  47,   0,   0, 
EP, 14, 2026091112, 03, AVNO, 114, 197N, 1440W,  31, 1008, XX,  34, NEQ,    0,    0,    0,    0,  -99,  -99,  39,   0,   0, 
EP, 14, 2026091112, 03, AVNO, 120, 196N, 1455W,  29, 1007, XX,  34, NEQ,    0,    0,    0,    0,  -99,  -99,  43,   0,   0, 
EP, 14, 2026091112, 03, AVNO, 126, 194N, 1469W,  28, 1010, XX,  34, NEQ,    0,    0,    0,    0,  -99,  -99,  37,   0,   0, 
EP, 14, 2026091112, 03, AVNO, 132, 193N, 1484W,  27, 1008, XX,  34, NEQ,    0,    0,    0,    0,  -99,  -99,  26,   0,   0, 
EP, 14, 2026091112, 03, AVNO, 138, 191N, 1498W,  26, 1010, XX,  34, NEQ,    0,    0,    0,    0,  -99,  -99,  24,   0,   0, 
EP, 14, 2026091112, 03, AVNO, 144, 189N, 1513W,  25, 1009, XX,  34, NEQ,    0,    0,    0,    0,  -99,  -99,  20,   0,   0, 
EP, 14, 2026091112, 03, AVNO, 150, 184N, 1530W,  22, 1011, XX,  34, NEQ,    0,    0,    0,    0,  -99,  -99, 150,   0,   0, 
EP, 14, 2026091112, 03, AVNO, 156, 180N, 1544W,  23, 1010, XX,  34, NEQ,    0,    0,    0,    0,  -99,  -99,  76,   0,   0, 
EP, 14, 2026091112, 03, HCCA,   0, 166N, 1241W,  55,    0,   ,   0,    ,    0,    0,    0,    0, 
EP, 14, 2026091112, 03, HCCA,  12, 167N, 1263W,  62,    0,   ,   0,    ,    0,    0,    0,    0, 
EP, 14, 2026091112, 03, HCCA,  24, 170N, 1284W,  66,    0,   ,   0,    ,    0,    0,    0,    0, 
EP, 14, 2026091112, 03, HCCA,  36, 175N, 1303W,  69,    0,   ,   0,    ,    0,    0,    0,    0, 
EP, 14, 2026091112, 03, HCCA,  48, 179N, 1323W,  71,    0,   ,   0,    ,    0,    0,    0,    0, 
EP, 14, 2026091112, 03, HCCA,  60, 182N, 1344W,  69,    0,   ,   0,    ,    0,    0,    0,    0, 
EP, 14, 2026091112, 03, HCCA,  72, 184N, 1364W,  61,    0,   ,   0,    ,    0,    0,    0,    0, 
EP, 14, 2026091112, 03, HCCA,  84, 184N, 1388W,  56,    0,   ,   0,    ,    0,    0,    0,    0, 
EP, 14, 2026091112, 03, HCCA,  96, 182N, 1411W,  53,    0,   ,   0,    ,    0,    0,    0,    0, 
EP, 14, 2026091112, 03, HCCA, 108, 177N, 1434W,  51,    0,   ,   0,    ,    0,    0,    0,    0, 
EP, 14, 2026091112, 03, HCCA, 120, 169N, 1454W,  54,    0,   ,   0,    ,    0,    0,    0,    0, 
EP, 14, 2026091112, 03, HCCA, 132, 155N, 1472W,  51,    0,   ,   0,    ,    0,    0,    0,    0, 
EP, 14, 2026091112, 03, HCCA, 144, 140N, 1487W,  50,    0,   ,   0,    ,    0,    0,    0,    0, 
EP, 14, 2026091112, 03, HCCA, 156, 142N, 1506W,  57,    0,   ,   0,    ,    0,    0,    0,    0, 
EP, 14, 2026091112, 03, HCCA, 168, 145N, 1519W,  59,    0,   ,   0,    ,    0,    0,    0,    0, 
EP, 14, 2026091112, 03, HFSA,   0, 166N, 1242W,  54,  992, XX,  34, NEQ,   83,   21,   36,   74, 1000,   15,  25,   0,   0,    ,   0,    , 277,  13,           ,  ,  0,    ,    0,    0,    0,    0, THERMO PARAMS, -82, 623, 184, N, 10, DT, -999, SHR82, -99, 
EP, 14, 2026091112, 03, HFSA,   0, 166N, 1242W,  54,  992, XX,  50, NEQ,   44,    0,   21,   36, 1000,   15,  25,   0,   0,    ,   0,    , 277,  13,           ,  ,  0,    ,    0,    0,    0,    0, THERMO PARAMS, -82, 623, 184, N, 10, DT, -999, SHR82, -99, 
EP, 14, 2026091112, 03, HFSA,   6, 163N, 1253W,  46,  997, XX,  34, NEQ,   89,   16,    0,   53, 1005,   27,  18,   0,   0,    ,   0,    , 274,  11,           ,  ,  0,    ,    0,    0,    0,    0, THERMO PARAMS, -80, 1349, 268, N, 10, DT, -999, SHR82, -99, 
EP, 14, 2026091112, 03, HFSA,  12, 167N, 1261W,  46,  995, XX,  34, NEQ,   71,   24,   19,   55,  999,   15,  64,   0,   0,    ,   0,    , 285,   9,           ,  ,  0,    ,    0,    0,    0,    0, THERMO PARAMS, -76, 414, 534, N, 10, DT, -999, SHR82, -99, 
EP, 14, 2026091112, 03, HFSA,  18, 167N, 1273W,  42, 1000, XX,  34, NEQ,   86,    0,   26,   78, 1004,   20,  28,   0,   0,    ,   0,    , 270,  12,           ,  ,  0,    ,    0,    0,    0,    0, THERMO PARAMS, -95, 220, 474, N, 10, DT, -999, SHR82, -99, 
EP, 14, 2026091112, 03, HFSA,  24, 169N, 1282W,  46,  998, XX,  34, NEQ,   81,    0,    0,   50, 1002,   10,  64,   0,   0,    ,   0,    , 294,   9,           ,  ,  0,    ,    0,    0,    0,    0, THERMO PARAMS, -68, 504, 610, N, 10, DT, -999, SHR82, -99, 
EP, 14, 2026091112, 03, HFSA,  30, 173N, 1293W,  43,  999, XX,  34, NEQ,   68,   15,    0,   52, 1007,   41,   7,   0,   0,    ,   0,    , 282,  13,           ,  ,  0,    ,    0,    0,    0,    0, THERMO PARAMS, -46, 662, 421, N, 10, DT, -999, SHR82, -99, 
EP, 14, 2026091112, 03, HFSA,  36, 177N, 1305W,  41,  999, XX,  34, NEQ,   66,    0,    0,   55, 1003,   22,  54,   0,   0,    ,   0,    , 290,  10,           ,  ,  0,    ,    0,    0,    0,    0, THERMO PARAMS, -53, 1191, 521, N, 10, DT, -999, SHR82, -99, 
EP, 14, 2026091112, 03, HFSA,  42, 179N, 1317W,  38, 1001, XX,  34, NEQ,   52,    0,    0,   49,  -99,  -99,  31,   0,   0,    ,   0,    , 279,  11,           ,  ,  0,    ,    0,    0,    0,    0, THERMO PARAMS, -59, 666, 515, N, 10, DT, -999, SHR82, -99, 
EP, 14, 2026091112, 03, HFSA,  48, 180N, 1328W,  41, 1001, XX,  34, NEQ,   68,    0,    0,   47,  -99,  -99,  64,   0,   0,    ,   0,    , 284,   9,           ,  ,  0,    ,    0,    0,    0,    0, THERMO PARAMS, -50, 418, 348, N, 10, DT, -999, SHR82, -99, 
EP, 14, 2026091112, 03, HFSA,  54, 182N, 1339W,  35, 1002, XX,  34, NEQ,   44,    0,    0,   39, 1006,   28,  43,   0,   0,    ,   0,    , 277,  11,           ,  ,  0,    ,    0,    0,    0,    0, THERMO PARAMS, -58, 453, 324, N, 10, DT, -999, SHR82, -99, 
EP, 14, 2026091112, 03, HFSA,  60, 185N, 1350W,  36, 1002, XX,  34, NEQ,   52,    0,    0,   40, 1006,   39,  41,   0,   0,    ,   0,    , 291,  10,           ,  ,  0,    ,    0,    0,    0,    0, THERMO PARAMS, -56, 747, 188, N, 10, DT, -999, SHR82, -99, 
EP, 14, 2026091112, 03, HFSA,  66, 189N, 1361W,  45, 1000, XX,  34, NEQ,   40,    0,    0,    0, 1004,    8,  30,   0,   0,    ,   0,    , 294,  10,           ,  ,  0,    ,    0,    0,    0,    0, THERMO PARAMS, -55, 621, 68, N, 10, DT, -999, SHR82, -99, 
EP, 14, 2026091112, 03, HFSA,  72, 193N, 1375W,  40, 1002, XX,  34, NEQ,   57,    0,    0,   42, 1006,   25,  49,   0,   0,    ,   0,    , 281,  12,           ,  ,  0,    ,    0,    0,    0,    0, THERMO PARAMS, -93, 438, 281, N, 10, DT, -999, SHR82, -99, 
EP, 14, 2026091112, 03, HFSA,  78, 197N, 1390W,  38, 1005, XX,  34, NEQ,   58,    0,    0,   42, 1009,   41,  37,   0,   0,    ,   0,    , 284,  12,           ,  ,  0,    ,    0,    0,    0,    0, THERMO PARAMS, -94, 1045, 59, N, 10, DT, -999, SHR82, -99, 
EP, 14, 2026091112, 03, HFSA,  84, 200N, 1405W,  33, 1004, XX,  34, NEQ,    0,    0,    0,    0, 1008,   55,  72,   0,   0,    ,   0,    , 287,  11,           ,  ,  0,    ,    0,    0,    0,    0, THERMO PARAMS, -87, 227, 237, N, 10, DT, -999, SHR82, -99, 
EP, 14, 2026091112, 03, HFSA,  90, 205N, 1417W,  46, 1001, XX,  34, NEQ,   44,    0,    0,   50, 1009,   48,  33,   0,   0,    ,   0,    , 294,  11,           ,  ,  0,    ,    0,    0,    0,    0, THERMO PARAMS, -92, 601, 427, N, 10, DT, -999, SHR82, -99, 
EP, 14, 2026091112, 03, HFSA,  96, 206N, 1431W,  31, 1004, XX,  34, NEQ,    0,    0,    0,    0, 1008,   22,  35,   0,   0,    ,   0,    , 280,  11,           ,  ,  0,    ,    0,    0,    0,    0, THERMO PARAMS, -95, 701, 189, N, 10, DT, -999, SHR82, -99, 
EP, 14, 2026091112, 03, HFSA, 102, 211N, 1444W,  32, 1007, XX,  34, NEQ,    0,    0,    0,    0,  -99,  -99,  51,   0,   0,    ,   0,    , 286,  11,           ,  ,  0,    ,    0,    0,    0,    0, THERMO PARAMS, -137, 566, -264, N, 10, DT, -999, SHR82, -99, 
EP, 14, 2026091112, 03, HFSA, 108, 213N, 1460W,  31, 1006, XX,  34, NEQ,    0,    0,    0,    0,  -99,  -99,  57,   0,   0,    ,   0,    , 278,  11,           ,  ,  0,    ,    0,    0,    0,    0, THERMO PARAMS, -133, 482, -115, N, 10, DT, -999, SHR82, -99, 
EP, 14, 2026091112, 03, HFSA, 114, 212N, 1477W,  28, 1009, XX,  34, NEQ,    0,    0,    0,    0,  -99,  -99,  51,   0,   0,    ,   0,    , 265,  13,           ,  ,  0,    ,    0,    0,    0,    0, THERMO PARAMS, -104, 737, -565, N, 10, DT, -999, SHR82, -99, 
EP, 14, 2026091112, 03, HFSA, 120, 213N, 1494W,  25, 1009, XX,  34, NEQ,    0,    0,    0,    0,  -99,  -99, 105,   0,   0,    ,   0,    , 272,  12,           ,  ,  0,    ,    0,    0,    0,    0, THERMO PARAMS, -123, 483, -459, N, 10, DT, -999, SHR82, -99, 
EP, 14, 2026091112, 03, HFSA, 126, 212N, 1511W,  25, 1011, XX,  34, NEQ,    0,    0,    0,    0,  -99,  -99,  76,   0,   0,    ,   0,    , -99, -99,           ,  ,  0,    ,    0,    0,    0,    0, THERMO PARAMS, -120, 215, -71, N, 10, DT, -999, SHR82, -99, 
EP, 14, 2026091112, 03, TVCN,   0, 166N, 1241W,   0,    0,   ,   0,    ,    0,    0,    0,    0, 
EP, 14, 2026091112, 03, TVCN,  12, 168N, 1263W,   0,    0,   ,   0,    ,    0,    0,    0,    0, 
EP, 14, 2026091112, 03, TVCN,  24, 171N, 1283W,   0,    0,   ,   0,    ,    0,    0,    0,    0, 
EP, 14, 2026091112, 03, TVCN,  36, 176N, 1302W,   0,    0,   ,   0,    ,    0,    0,    0,    0, 
EP, 14, 2026091112, 03, TVCN,  48, 180N, 1321W,   0,    0,   ,   0,    ,    0,    0,    0,    0, 
EP, 14, 2026091112, 03, TVCN,  60, 183N, 1340W,   0,    0,   ,   0,    ,    0,    0,    0,    0, 
EP, 14, 2026091112, 03, TVCN,  72, 185N, 1361W,   0,    0,   ,   0,    ,    0,    0,    0,    0, 
EP, 14, 2026091112, 03, TVCN,  84, 187N, 1384W,   0,    0,   ,   0,    ,    0,    0,    0,    0, 
EP, 14, 2026091112, 03, TVCN,  96, 187N, 1406W,   0,    0,   ,   0,    ,    0,    0,    0,    0, 
EP, 14, 2026091112, 03, TVCN, 108, 185N, 1429W,   0,    0,   ,   0,    ,    0,    0,    0,    0, 
EP, 14, 2026091112, 03, TVCN, 120, 181N, 1452W,   0,    0,   ,   0,    ,    0,    0,    0,    0, 
EP, 14, 2026091112, 03, TVCN, 132, 176N, 1473W,   0,    0,   ,   0,    ,    0,    0,    0,    0, 
EP, 14, 2026091112, 03, TVCN, 144, 151N, 1479W,   0,    0,   ,   0,    ,    0,    0,    0,    0, 
EP, 14, 2026091112, 03, TVCN, 156, 141N, 1473W,   0,    0,   ,   0,    ,    0,    0,    0,    0, 
EP, 14, 2026091118, 03, AVNO,   0, 168N, 1249W,  47,  998, XX,  34, NEQ,   79,    0,   21,   72, 1010,  168,  45,   0,   0, 
EP, 14, 2026091118, 03, AVNO,   6, 170N, 1260W,  47,  992, XX,  34, NEQ,   85,   35,   51,   80, 1004,   97,  36,   0,   0, 
EP, 14, 2026091118, 03, AVNO,  12, 170N, 1268W,  44,  996, XX,  34, NEQ,   80,   36,   44,   78, 1008,  132,  45,   0,   0, 
EP, 14, 2026091118, 03, AVNO,  18, 175N, 1275W,  49,  992, XX,  34, NEQ,   76,   49,   31,   66, 1008,  292,  33,   0,   0, 
EP, 14, 2026091118, 03, AVNO,  24, 177N, 1285W,  42,  997, XX,  34, NEQ,   85,    0,   47,   81, 1005,   43,  37,   0,   0, 
EP, 14, 2026091118, 03, AVNO,  30, 180N, 1291W,  46,  994, XX,  34, NEQ,   76,   36,   41,   68, 1006,  134,  25,   0,   0, 
EP, 14, 2026091118, 03, AVNO,  36, 183N, 1300W,  44,  997, XX,  34, NEQ,   78,   28,   45,   76, 1009,  115,  34,   0,   0, 
EP, 14, 2026091118, 03, AVNO,  42, 186N, 1310W,  43,  995, XX,  34, NEQ,   63,    0,   44,   64, 1007,  151,  29,   0,   0, 
EP, 14, 2026091118, 03, AVNO,  48, 186N, 1319W,  40, 1000, XX,  34, NEQ,   54,    0,    0,   57, 1008,   62,  38,   0,   0, 
EP, 14, 2026091118, 03, AVNO,  54, 187N, 1326W,  36,  999, XX,  34, NEQ,   35,    0,    0,   44, 1007,   89,  35,   0,   0, 
EP, 14, 2026091118, 03, AVNO,  60, 188N, 1335W,  42,  999, XX,  34, NEQ,   60,    0,    0,   62, 1007,   52,  33,   0,   0, 
EP, 14, 2026091118, 03, AVNO,  66, 188N, 1346W,  38,  999, XX,  34, NEQ,   56,    0,    0,   57, 1007,   78,  41,   0,   0, 
EP, 14, 2026091118, 03, AVNO,  72, 188N, 1356W,  37, 1002, XX,  34, NEQ,   47,    0,    0,   46, 1010,  120,  40,   0,   0, 
EP, 14, 2026091118, 03, AVNO,  78, 188N, 1368W,  36, 1001, XX,  34, NEQ,   43,    0,    0,   43, 1005,   38,  29,   0,   0, 
EP, 14, 2026091118, 03, AVNO,  84, 187N, 1377W,  36, 1003, XX,  34, NEQ,   45,    0,    0,   50, 1007,   45,  35,   0,   0, 
EP, 14, 2026091118, 03, AVNO,  90, 188N, 1388W,  41, 1002, XX,  34, NEQ,   54,    0,    0,   45, 1006,   58,  34,   0,   0, 
EP, 14, 2026091118, 03, AVNO,  96, 183N, 1401W,  33, 1005, XX,  34, NEQ,    0,    0,    0,    0, 1009,   51,  54,   0,   0, 
EP, 14, 2026091118, 03, AVNO, 102, 183N, 1412W,  33, 1003, XX,  34, NEQ,    0,    0,    0,    0, 1007,  106,  44,   0,   0, 
EP, 14, 2026091118, 03, AVNO, 108, 179N, 1426W,  32, 1006, XX,  34, NEQ,    0,    0,    0,    0, 1010,  167,  44,   0,   0, 
EP, 14, 2026091118, 03, AVNO, 114, 175N, 1437W,  29, 1005, XX,  34, NEQ,    0,    0,    0,    0,  -99,  -99,  62,   0,   0, 
EP, 14, 2026091118, 03, AVNO, 120, 172N, 1447W,  28, 1008, XX,  34, NEQ,    0,    0,    0,    0,  -99,  -99,  61,   0,   0, 
EP, 14, 2026091118, 03, AVNO, 126, 170N, 1460W,  28, 1005, XX,  34, NEQ,    0,    0,    0,    0,  -99,  -99,  44,   0,   0, 
EP, 14, 2026091118, 03, AVNO, 132, 167N, 1474W,  28, 1007, XX,  34, NEQ,    0,    0,    0,    0,  -99,  -99,  46,   0,   0, 
EP, 14, 2026091118, 03, AVNO, 138, 166N, 1488W,  26, 1006, XX,  34, NEQ,    0,    0,    0,    0,  -99,  -99,  42,   0,   0, 
EP, 14, 2026091118, 03, AVNO, 144, 163N, 1500W,  25, 1009, XX,  34, NEQ,    0,    0,    0,    0,  -99,  -99,  77,   0,   0, 
EP, 14, 2026091118, 03, AVNO, 150, 163N, 1511W,  23, 1008, XX,  34, NEQ,    0,    0,    0,    0,  -99,  -99, 136,   0,   0, 
EP, 14, 2026091118, 03, AVNO, 156, 162N, 1520W,  22, 1010, XX,  34, NEQ,    0,    0,    0,    0,  -99,  -99,  49,   0,   0, 
EP, 14, 2026091118, 03, AVNO, 162, 162N, 1527W,  21, 1009, XX,  34, NEQ,    0,    0,    0,    0,  -99,  -99, 153,   0,   0, 
EP, 14, 2026091118, 03, AVNO, 168, 162N, 1536W,  21, 1011, XX,  34, NEQ,    0,    0,    0,    0,  -99,  -99,  52,   0,   0, 
EP, 14, 2026091118, 03, AVNO, 174, 162N, 1542W,  21, 1010, XX,  34, NEQ,    0,    0,    0,    0,  -99,  -99,  64,   0,   0, 
EP, 14, 2026091118, 03, AVNO, 180, 163N, 1547W,  21, 1012, XX,  34, NEQ,    0,    0,    0,    0,  -99,  -99, 158,   0,   0, 
EP, 14, 2026091118, 03, AVNO, 186, 166N, 1553W,  19, 1011, XX,  34, NEQ,    0,    0,    0,    0,  -99,  -99, 128,   0,   0, 
EP, 14, 2026091118, 03, AVNO, 192, 160N, 1562W,  19, 1013, XX,  34, NEQ,    0,    0,    0,    0,  -99,  -99, 140,   0,   0, 
EP, 14, 2026091118, 03, AVNO, 198, 161N, 1572W,  19, 1011, XX,  34, NEQ,    0,    0,    0,    0,  -99,  -99, 122,   0,   0, 
EP, 14, 2026091118, 03, AVNO, 204, 156N, 1580W,  17, 1012, XX,  34, NEQ,    0,    0,    0,    0,  -99,  -99,  84,   0,   0, 
EP, 14, 2026091118, 03, AVNO, 210, 152N, 1588W,  15, 1012, XX,  34, NEQ,    0,    0,    0,    0,  -99,  -99,  93,   0,   0, 
EP, 14, 2026091118, 03, AVNO, 216, 152N, 1602W,  15, 1013, XX,  34, NEQ,    0,    0,    0,    0,  -99,  -99, 157,   0,   0, 
EP, 14, 2026091118, 03, AVNO, 222, 148N, 1606W,  15, 1012, XX,  34, NEQ,    0,    0,    0,    0,  -99,  -99, 103,   0,   0, 
EP, 14, 2026091118, 03, AVNO, 228, 147N, 1620W,  15, 1012, XX,  34, NEQ,    0,    0,    0,    0,  -99,  -99, 125,   0,   0, 
EP, 14, 2026091118, 03, AVNO, 234, 145N, 1634W,  17, 1012, XX,  34, NEQ,    0,    0,    0,    0,  -99,  -99, 107,   0,   0, 
EP, 14, 2026091118, 03, AVNO, 240, 145N, 1650W,  18, 1012, XX,  34, NEQ,    0,    0,    0,    0,  -99,  -99, 150,   0,   0, 
EP, 14, 2026091118, 03, HCCA,   0, 167N, 1252W,  55,    0,   ,   0,    ,    0,    0,    0,    0, 
EP, 14, 2026091118, 03, HCCA,  12, 169N, 1271W,  62,    0,   ,   0,    ,    0,    0,    0,    0, 
EP, 14, 2026091118, 03, HCCA,  24, 174N, 1289W,  68,    0,   ,   0,    ,    0,    0,    0,    0, 
EP, 14, 2026091118, 03, HCCA,  36, 179N, 1308W,  72,    0,   ,   0,    ,    0,    0,    0,    0, 
EP, 14, 2026091118, 03, HCCA,  48, 182N, 1327W,  77,    0,   ,   0,    ,    0,    0,    0,    0, 
EP, 14, 2026091118, 03, HCCA,  60, 184N, 1344W,  72,    0,   ,   0,    ,    0,    0,    0,    0, 
EP, 14, 2026091118, 03, HCCA,  72, 185N, 1364W,  64,    0,   ,   0,    ,    0,    0,    0,    0, 
EP, 14, 2026091118, 03, HCCA,  84, 184N, 1386W,  56,    0,   ,   0,    ,    0,    0,    0,    0, 
EP, 14, 2026091118, 03, HCCA,  96, 179N, 1409W,  51,    0,   ,   0,    ,    0,    0,    0,    0, 
EP, 14, 2026091118, 03, HCCA, 108, 173N, 1432W,  45,    0,   ,   0,    ,    0,    0,    0,    0, 
EP, 14, 2026091118, 03, HCCA, 120, 166N, 1452W,  40,    0,   ,   0,    ,    0,    0,    0,    0, 
EP, 14, 2026091118, 03, HCCA, 132, 157N, 1469W,  46,    0,   ,   0,    ,    0,    0,    0,    0, 
EP, 14, 2026091118, 03, HCCA, 144, 147N, 1473W,  56,    0,   ,   0,    ,    0,    0,    0,    0, 
EP, 14, 2026091118, 03, HCCA, 156, 141N, 1466W,  57,    0,   ,   0,    ,    0,    0,    0,    0, 
EP, 14, 2026091118, 03, HCCA, 168, 147N, 1475W,  62,    0,   ,   0,    ,    0,    0,    0,    0, 
EP, 14, 2026091118, 03, HFSA,   0, 168N, 1252W,  55,  995, XX,  34, NEQ,  108,   49,   58,   92, 1007,   74,  19,   0,   0,    ,   0,    , 277,  12,           ,  ,  0,    ,    0,    0,    0,    0, THERMO PARAMS, -99, 1516, 414, N, 10, DT, -999, SHR82, -99, 
EP, 14, 2026091118, 03, HFSA,   0, 168N, 1252W,  55,  995, XX,  50, NEQ,   23,    0,    0,   29, 1007,   74,  19,   0,   0,    ,   0,    , 277,  12,           ,  ,  0,    ,    0,    0,    0,    0, THERMO PARAMS, -99, 1516, 414, N, 10, DT, -999, SHR82, -99, 
EP, 14, 2026091118, 03, HFSA,   6, 169N, 1260W,  49,  992, XX,  34, NEQ,   94,   34,   31,   71, 1000,   32,  29,   0,   0,    ,   0,    , 281,   9,           ,  ,  0,    ,    0,    0,    0,    0, THERMO PARAMS, -64, 1378, 262, N, 10, DT, -999, SHR82, -99, 
EP, 14, 2026091118, 03, HFSA,  12, 169N, 1266W,  43,  996, XX,  34, NEQ,   92,   23,   32,  108, 1000,   18,  82,   0,   0,    ,   0,    , 279,   7,           ,  ,  0,    ,    0,    0,    0,    0, THERMO PARAMS, -65, 1178, 431, N, 10, DT, -999, SHR82, -99, 
EP, 14, 2026091118, 03, HFSA,  18, 172N, 1275W,  50,  994, XX,  34, NEQ,   86,   39,   34,   83, 1002,   60,  28,   0,   0,    ,   0,    , 283,   9,           ,  ,  0,    ,    0,    0,    0,    0, THERMO PARAMS, -37, 445, 575, N, 10, DT, -999, SHR82, -99, 
EP, 14, 2026091118, 03, HFSA,  24, 176N, 1283W,  58,  993, XX,  34, NEQ,   81,   42,   45,   78, 1005,   60,  23,   0,   0,    ,   0,    , 283,  10,           ,  ,  0,    ,    0,    0,    0,    0, THERMO PARAMS, -24, -37, 1249, N, 10, DT, -999, SHR82, -99, 
EP, 14, 2026091118, 03, HFSA,  24, 176N, 1283W,  58,  993, XX,  50, NEQ,   44,    0,    0,   45, 1005,   60,  23,   0,   0,    ,   0,    , 283,  10,           ,  ,  0,    ,    0,    0,    0,    0, THERMO PARAMS, -24, -37, 1249, N, 10, DT, -999, SHR82, -99, 
EP, 14, 2026091118, 03, HFSA,  30, 179N, 1292W,  53,  991, XX,  34, NEQ,   73,   36,   34,   71,  999,   39,  30,   0,   0,    ,   0,    , 290,   9,           ,  ,  0,    ,    0,    0,    0,    0, THERMO PARAMS, -15, 655, 1023, N, 10, DT, -999, SHR82, -99, 
EP, 14, 2026091118, 03, HFSA,  30, 179N, 1292W,  53,  991, XX,  50, NEQ,    0,    0,    0,   31,  999,   39,  30,   0,   0,    ,   0,    , 290,   9,           ,  ,  0,    ,    0,    0,    0,    0, THERMO PARAMS, -15, 655, 1023, N, 10, DT, -999, SHR82, -99, 
EP, 14, 2026091118, 03, HFSA,  36, 182N, 1301W,  50,  995, XX,  34, NEQ,   84,   45,   39,   76, 1003,   36,  20,   0,   0,    ,   0,    , 282,  10,           ,  ,  0,    ,    0,    0,    0,    0, THERMO PARAMS, -33, 433, 1196, N, 10, DT, -999, SHR82, -99, 
EP, 14, 2026091118, 03, HFSA,  42, 186N, 1311W,  49,  992, XX,  34, NEQ,   74,   44,   40,   66, 1000,   29,  20,   0,   0,    ,   0,    , 292,   9,           ,  ,  0,    ,    0,    0,    0,    0, THERMO PARAMS, -25, 1154, 756, N, 10, DT, -999, SHR82, -99, 
EP, 14, 2026091118, 03, HFSA,  48, 188N, 1321W,  52,  993, XX,  34, NEQ,   81,   50,   39,   74, 1001,   26,  25,   0,   0,    ,   0,    , 285,  10,           ,  ,  0,    ,    0,    0,    0,    0, THERMO PARAMS, -46, 854, 1096, N, 10, DT, -999, SHR82, -99, 
EP, 14, 2026091118, 03, HFSA,  48, 188N, 1321W,  52,  993, XX,  50, NEQ,   28,    0,    0,   28, 1001,   26,  25,   0,   0,    ,   0,    , 285,  10,           ,  ,  0,    ,    0,    0,    0,    0, THERMO PARAMS, -46, 854, 1096, N, 10, DT, -999, SHR82, -99, 
EP, 14, 2026091118, 03, HFSA,  54, 191N, 1330W,  62,  988, XX,  34, NEQ,   78,   49,   36,   66, 1004,   55,  17,   0,   0,    ,   0,    , 290,   9,           ,  ,  0,    ,    0,    0,    0,    0, THERMO PARAMS, -47, 752, 1358, N, 10, DT, -999, SHR82, -99, 
EP, 14, 2026091118, 03, HFSA,  54, 191N, 1330W,  62,  988, XX,  50, NEQ,   37,    0,    0,   26, 1004,   55,  17,   0,   0,    ,   0,    , 290,   9,           ,  ,  0,    ,    0,    0,    0,    0, THERMO PARAMS, -47, 752, 1358, N, 10, DT, -999, SHR82, -99, 
EP, 14, 2026091118, 03, HFSA,  60, 193N, 1337W,  63,  991, XX,  34, NEQ,   74,   62,   42,   71, 1003,   37,  18,   0,   0,    ,   0,    , 284,   9,           ,  ,  0,    ,    0,    0,    0,    0, THERMO PARAMS, -56, 1248, 912, N, 10, DT, -999, SHR82, -99, 
EP, 14, 2026091118, 03, HFSA,  60, 193N, 1337W,  63,  991, XX,  50, NEQ,   36,    0,    0,   31, 1003,   37,  18,   0,   0,    ,   0,    , 284,   9,           ,  ,  0,    ,    0,    0,    0,    0, THERMO PARAMS, -56, 1248, 912, N, 10, DT, -999, SHR82, -99, 
EP, 14, 2026091118, 03, HFSA,  66, 195N, 1347W,  62,  992, XX,  34, NEQ,   81,   58,   40,   68, 1008,  107,  24,   0,   0,    ,   0,    , 282,   9,           ,  ,  0,    ,    0,    0,    0,    0, THERMO PARAMS, -83, 931, 791, N, 10, DT, -999, SHR82, -99, 
EP, 14, 2026091118, 03, HFSA,  66, 195N, 1347W,  62,  992, XX,  50, NEQ,   49,    0,    0,   36, 1008,  107,  24,   0,   0,    ,   0,    , 282,   9,           ,  ,  0,    ,    0,    0,    0,    0, THERMO PARAMS, -83, 931, 791, N, 10, DT, -999, SHR82, -99, 
EP, 14, 2026091118, 03, HFSA,  72, 195N, 1358W,  51,  996, XX,  34, NEQ,   84,   44,   44,   76, 1008,   77,  24,   0,   0,    ,   0,    , 275,  10,           ,  ,  0,    ,    0,    0,    0,    0, THERMO PARAMS, -64, 1376, 460, N, 10, DT, -999, SHR82, -99, 
EP, 14, 2026091118, 03, HFSA,  72, 195N, 1358W,  51,  996, XX,  50, NEQ,   31,    0,    0,   31, 1008,   77,  24,   0,   0,    ,   0,    , 275,  10,           ,  ,  0,    ,    0,    0,    0,    0, THERMO PARAMS, -64, 1376, 460, N, 10, DT, -999, SHR82, -99, 
EP, 14, 2026091118, 03, HFSA,  78, 195N, 1368W,  51,  996, XX,  34, NEQ,   73,   58,   49,   78,  -99,  -99,  39,   0,   0,    ,   0,    , 274,   8,           ,  ,  0,    ,    0,    0,    0,    0, THERMO PARAMS, -77, 509, 345, N, 10, DT, -999, SHR82, -99, 
EP, 14, 2026091118, 03, HFSA,  78, 195N, 1368W,  51,  996, XX,  50, NEQ,   39,    0,    0,    0,  -99,  -99,  39,   0,   0,    ,   0,    , 274,   8,           ,  ,  0,    ,    0,    0,    0,    0, THERMO PARAMS, -77, 509, 345, N, 10, DT, -999, SHR82, -99, 
EP, 14, 2026091118, 03, HFSA,  84, 195N, 1380W,  46,  998, XX,  34, NEQ,   83,   32,    0,   76, 1002,   18,  37,   0,   0,    ,   0,    , 267,  10,           ,  ,  0,    ,    0,    0,    0,    0, THERMO PARAMS, -82, 696, 345, N, 10, DT, -999, SHR82, -99, 
EP, 14, 2026091118, 03, HFSA,  90, 193N, 1393W,  39,  999, XX,  34, NEQ,   76,    0,    0,   71, 1007,   70,  68,   0,   0,    ,   0,    , 261,  11,           ,  ,  0,    ,    0,    0,    0,    0, THERMO PARAMS, -75, 1920, 0, N, 10, DT, -999, SHR82, -99, 
EP, 14, 2026091118, 03, HFSA,  96, 192N, 1405W,  38, 1002, XX,  34, NEQ,   68,    0,    0,   53, 1006,   29,  61,   0,   0,    ,   0,    , 264,  10,           ,  ,  0,    ,    0,    0,    0,    0, THERMO PARAMS, -57, 964, 306, N, 10, DT, -999, SHR82, -99, 
EP, 14, 2026091118, 03, HFSA, 102, 193N, 1418W,  47, 1001, XX,  34, NEQ,   52,    0,    0,   49,  -99,  -99,  42,   0,   0,    ,   0,    , 267,  10,           ,  ,  0,    ,    0,    0,    0,    0, THERMO PARAMS, -109, 300, 513, N, 10, DT, -999, SHR82, -99, 
EP, 14, 2026091118, 03, HFSA, 108, 190N, 1432W,  37, 1001, XX,  34, NEQ,   58,    0,    0,   55, 1005,   13,  45,   0,   0,    ,   0,    , 256,  13,           ,  ,  0,    ,    0,    0,    0,    0, THERMO PARAMS, -104, 1573, -23, N, 10, DT, -999, SHR82, -99, 
EP, 14, 2026091118, 03, HFSA, 114, 189N, 1445W,  39, 1002, XX,  34, NEQ,   42,    0,    0,   42, 1006,   32,  42,   0,   0,    ,   0,    , 265,  10,           ,  ,  0,    ,    0,    0,    0,    0, THERMO PARAMS, -147, 514, 100, N, 10, DT, -999, SHR82, -99, 
EP, 14, 2026091118, 03, HFSA, 120, 185N, 1457W,  41, 1006, XX,  34, NEQ,    0,    0,    0,    0,  -99,  -99,  83,   0,   0,    ,   0,    , 248,  11,           ,  ,  0,    ,    0,    0,    0,    0, THERMO PARAMS, -122, 190, -67, N, 10, DT, -999, SHR82, -99, 
EP, 14, 2026091118, 03, HFSA, 126, 184N, 1471W,  36, 1001, XX,  34, NEQ,    0,    0,    0,    0, 1005,    9,  29,   0,   0,    ,   0,    , -99, -99,           ,  ,  0,    ,    0,    0,    0,    0, THERMO PARAMS, -175, 699, -226, N, 10, DT, -999, SHR82, -99, 
EP, 14, 2026091118, 03, TVCN,   0, 167N, 1252W,   0,    0,   ,   0,    ,    0,    0,    0,    0, 
EP, 14, 2026091118, 03, TVCN,  12, 170N, 1272W,   0,    0,   ,   0,    ,    0,    0,    0,    0, 
EP, 14, 2026091118, 03, TVCN,  24, 174N, 1291W,   0,    0,   ,   0,    ,    0,    0,    0,    0, 
EP, 14, 2026091118, 03, TVCN,  36, 178N, 1309W,   0,    0,   ,   0,    ,    0,    0,    0,    0, 
EP, 14, 2026091118, 03, TVCN,  48, 182N, 1327W,   0,    0,   ,   0,    ,    0,    0,    0,    0, 
EP, 14, 2026091118, 03, TVCN,  60, 184N, 1347W,   0,    0,   ,   0,    ,    0,    0,    0,    0, 
EP, 14, 2026091118, 03, TVCN,  72, 186N, 1369W,   0,    0,   ,   0,    ,    0,    0,    0,    0, 
EP, 14, 2026091118, 03, TVCN,  84, 188N, 1391W,   0,    0,   ,   0,    ,    0,    0,    0,    0, 
EP, 14, 2026091118, 03, TVCN,  96, 188N, 1414W,   0,    0,   ,   0,    ,    0,    0,    0,    0, 
EP, 14, 2026091118, 03, TVCN, 108, 185N, 1438W,   0,    0,   ,   0,    ,    0,    0,    0,    0, 
EP, 14, 2026091118, 03, TVCN, 120, 180N, 1462W,   0,    0,   ,   0,    ,    0,    0,    0,    0, 
EP, 14, 2026091118, 03, TVCN, 132, 174N, 1484W,   0,    0,   ,   0,    ,    0,    0,    0,    0, 
EP, 14, 2026091118, 03, TVCN, 144, 150N, 1480W,   0,    0,   ,   0,    ,    0,    0,    0,    0, 
EP, 14, 2026091118, 03, TVCN, 156, 148N, 1491W,   0,    0,   ,   0,    ,    0,    0,    0,    0, 
EP, 14, 2026091118, 03, TVCN, 168, 146N, 1501W,   0,    0,   ,   0,    ,    0,    0,    0,    0, 
EP, 14, 2026091200, 03,  UKX,   0, 165N, 1262W,  38, 1000, XX,  34, NEQ,   62,    0,    0,   52, 
EP, 14, 2026091200, 03,  UKX,   6, 166N, 1272W,  37, 1001, XX,  34, NEQ,   55,    0,    0,   69, 
EP, 14, 2026091200, 03,  UKX,  12, 170N, 1282W,  37, 1000, XX,  34, NEQ,   73,    0,    0,   61, 
EP, 14, 2026091200, 03,  UKX,  18, 173N, 1291W,  39, 1001, XX,  34, NEQ,   62,    0,    0,   71, 
EP, 14, 2026091200, 03,  UKX,  24, 176N, 1301W,  40, 1000, XX,  34, NEQ,   73,    0,    0,   72, 
EP, 14, 2026091200, 03,  UKX,  30, 178N, 1311W,  41, 1001, XX,  34, NEQ,   71,    0,    0,   85, 
EP, 14, 2026091200, 03,  UKX,  36, 181N, 1321W,  41, 1000, XX,  34, NEQ,   70,    0,    0,   70, 
EP, 14, 2026091200, 03,  UKX,  42, 183N, 1330W,  40, 1002, XX,  34, NEQ,   58,    0,    0,   68, 
EP, 14, 2026091200, 03,  UKX,  48, 185N, 1342W,  39, 1001, XX,  34, NEQ,   67,    0,    0,   60, 
EP, 14, 2026091200, 03,  UKX,  54, 187N, 1354W,  38, 1004, XX,  34, NEQ,   66,    0,    0,   52, 
EP, 14, 2026091200, 03,  UKX,  60, 191N, 1367W,  36, 1003, XX,  34, NEQ,   63,    0,    0,    0, 
EP, 14, 2026091200, 03,  UKX,  66, 194N, 1380W,  34, 1006, XX,  34, NEQ,    0,    0,    0,    0, 
EP, 14, 2026091200, 03,  UKX,  72, 195N, 1394W,  32, 1004, XX,  34, NEQ,    0,    0,    0,    0, 
EP, 14, 2026091200, 03,  UKX,  78, 196N, 1406W,  31, 1007, XX,  34, NEQ,    0,    0,    0,    0, 
EP, 14, 2026091200, 03,  UKX,  84, 198N, 1420W,  30, 1007, XX,  34, NEQ,    0,    0,    0,    0, 
EP, 14, 2026091200, 03,  UKX,  90, 199N, 1435W,  29, 1009, XX,  34, NEQ,    0,    0,    0,    0, 
EP, 14, 2026091200, 03,  UKX,  96, 199N, 1450W,  28, 1008, XX,  34, NEQ,    0,    0,    0,    0, 
EP, 14, 2026091200, 03,  UKX, 102, 198N, 1465W,  27, 1010, XX,  34, NEQ,    0,    0,    0,    0, 
EP, 14, 2026091200, 03,  UKX, 108, 197N, 1481W,  26, 1010, XX,  34, NEQ,    0,    0,    0,    0, 
EP, 14, 2026091200, 03,  UKX, 114, 192N, 1493W,  26, 1012, XX,  34, NEQ,    0,    0,    0,    0, 
EP, 14, 2026091200, 03,  UKX, 120, 194N, 1509W,  26, 1010, XX,  34, NEQ,    0,    0,    0,    0, 
EP, 14, 2026091200, 03,  UKX, 126, 197N, 1522W,  26, 1012, XX,  34, NEQ,    0,    0,    0,    0, 
EP, 14, 2026091200, 03, AVNO,   0, 170N, 1262W,  45,  993, XX,  34, NEQ,   79,   28,   39,   79, 1005,  133,  46,   0,   0, 
EP, 14, 2026091200, 03, AVNO,   6, 170N, 1273W,  41,  998, XX,  34, NEQ,   77,    0,   30,   66, 1010,  294,  33,   0,   0, 
EP, 14, 2026091200, 03, AVNO,  12, 171N, 1281W,  36,  997, XX,  34, NEQ,   56,    0,    0,   57, 1009, 1735,  42,   0,   0, 
EP, 14, 2026091200, 03, AVNO,  18, 175N, 1288W,  40, 1001, XX,  34, NEQ,   69,    0,   30,   34, 1009,  113,  47,   0,   0, 
EP, 14, 2026091200, 03, AVNO,  24, 177N, 1295W,  35,  998, XX,  34, NEQ,    0,    0,    0,   37, 1006,   94,  37,   0,   0, 
EP, 14, 2026091200, 03, AVNO,  30, 179N, 1304W,  34, 1002, XX,  34, NEQ,    0,    0,    0,    0, 1010,  140,  41,   0,   0, 
EP, 14, 2026091200, 03, AVNO,  36, 182N, 1311W,  32, 1001, XX,  34, NEQ,    0,    0,    0,    0, 1009,  869,  62,   0,   0, 
EP, 14, 2026091200, 03, AVNO,  42, 185N, 1321W,  34, 1002, XX,  34, NEQ,    0,    0,    0,   32, 1010,  112,  28,   0,   0, 
EP, 14, 2026091200, 03, AVNO,  48, 187N, 1329W,  30, 1001, XX,  34, NEQ,    0,    0,    0,    0, 1005,   37,  51,   0,   0, 
EP, 14, 2026091200, 03, AVNO,  54, 187N, 1340W,  33, 1005, XX,  34, NEQ,    0,    0,    0,    0, 1009,   53,  35,   0,   0, 
EP, 14, 2026091200, 03, AVNO,  60, 186N, 1347W,  28, 1002, XX,  34, NEQ,    0,    0,    0,    0, 1006,   71,  55,   0,   0, 
EP, 14, 2026091200, 03, AVNO,  66, 189N, 1356W,  36, 1004, XX,  34, NEQ,   39,    0,    0,   39, 1008,   50,  24,   0,   0, 
EP, 14, 2026091200, 03, AVNO,  72, 189N, 1369W,  31, 1003, XX,  34, NEQ,    0,    0,    0,    0, 1007,   66,  52,   0,   0, 
EP, 14, 2026091200, 03, AVNO,  78, 189N, 1381W,  32, 1006, XX,  34, NEQ,    0,    0,    0,    0, 1010,   95,  36,   0,   0, 
EP, 14, 2026091200, 03, AVNO,  84, 187N, 1393W,  29, 1005, XX,  34, NEQ,    0,    0,    0,    0,  -99,  -99,  35,   0,   0, 
EP, 14, 2026091200, 03, AVNO,  90, 184N, 1404W,  28, 1007, XX,  34, NEQ,    0,    0,    0,    0,  -99,  -99,  50,   0,   0, 
EP, 14, 2026091200, 03, AVNO,  96, 183N, 1417W,  28, 1005, XX,  34, NEQ,    0,    0,    0,    0,  -99,  -99,  41,   0,   0, 
EP, 14, 2026091200, 03, AVNO, 102, 181N, 1430W,  29, 1008, XX,  34, NEQ,    0,    0,    0,    0,  -99,  -99,  38,   0,   0, 
EP, 14, 2026091200, 03, AVNO, 108, 178N, 1444W,  28, 1007, XX,  34, NEQ,    0,    0,    0,    0,  -99,  -99,  41,   0,   0, 
EP, 14, 2026091200, 03, AVNO, 114, 175N, 1458W,  27, 1009, XX,  34, NEQ,    0,    0,    0,    0,  -99,  -99,  46,   0,   0, 
EP, 14, 2026091200, 03, AVNO, 120, 172N, 1473W,  25, 1007, XX,  34, NEQ,    0,    0,    0,    0,  -99,  -99,  34,   0,   0, 
EP, 14, 2026091200, 03, AVNO, 126, 168N, 1488W,  25, 1009, XX,  34, NEQ,    0,    0,    0,    0,  -99,  -99,  42,   0,   0, 
EP, 14, 2026091200, 03, AVNO, 132, 165N, 1503W,  24, 1008, XX,  34, NEQ,    0,    0,    0,    0,  -99,  -99, 102,   0,   0, 
EP, 14, 2026091200, 03, AVNO, 138, 160N, 1516W,  24, 1010, XX,  34, NEQ,    0,    0,    0,    0,  -99,  -99, 105,   0,   0, 
EP, 14, 2026091200, 03, AVNO, 144, 158N, 1530W,  23, 1008, XX,  34, NEQ,    0,    0,    0,    0,  -99,  -99, 107,   0,   0, 
EP, 14, 2026091200, 03, AVNO, 150, 157N, 1543W,  23, 1010, XX,  34, NEQ,    0,    0,    0,    0,  -99,  -99, 109,   0,   0, 
EP, 14, 2026091200, 03, AVNO, 156, 157N, 1553W,  22, 1009, XX,  34, NEQ,    0,    0,    0,    0,  -99,  -99, 110,   0,   0, 
EP, 14, 2026091200, 03, AVNO, 162, 159N, 1570W,  23, 1011, XX,  34, NEQ,    0,    0,    0,    0,  -99,  -99, 143,   0,   0, 
EP, 14, 2026091200, 03, AVNO, 168, 162N, 1577W,  22, 1010, XX,  34, NEQ,    0,    0,    0,    0,  -99,  -99, 155,   0,   0, 
EP, 14, 2026091200, 03, AVNO, 174, 167N, 1577W,  22, 1012, XX,  34, NEQ,    0,    0,    0,    0,  -99,  -99,  80,   0,   0, 
EP, 14, 2026091200, 03, AVNO, 180, 170N, 1584W,  24, 1012, XX,  34, NEQ,    0,    0,    0,    0,  -99,  -99, 101,   0,   0, 
EP, 14, 2026091200, 03, AVNO, 186, 174N, 1597W,  21, 1013, XX,  34, NEQ,    0,    0,    0,    0,  -99,  -99, 129,   0,   0, 
EP, 14, 2026091200, 03, AVNO, 192, 177N, 1613W,  18, 1012, XX,  34, NEQ,    0,    0,    0,    0,  -99,  -99, 131,   0,   0, 
EP, 14, 2026091200, 03, AVNO, 198, 178N, 1628W,  17, 1013, XX,  34, NEQ,    0,    0,    0,    0,  -99,  -99, 125,   0,   0, 
EP, 14, 2026091200, 03, AVNO, 204, 174N, 1652W,  16, 1012, XX,  34, NEQ,    0,    0,    0,    0,  -99,  -99, 154,   0,   0, 
EP, 14, 2026091200, 03, HCCA,   0, 171N, 1261W,  55,    0,   ,   0,    ,    0,    0,    0,    0, 
EP, 14, 2026091200, 03, HCCA,  12, 174N, 1279W,  66,    0,   ,   0,    ,    0,    0,    0,    0, 
EP, 14, 2026091200, 03, HCCA,  24, 179N, 1297W,  73,    0,   ,   0,    ,    0,    0,    0,    0, 
EP, 14, 2026091200, 03, HCCA,  36, 184N, 1315W,  80,    0,   ,   0,    ,    0,    0,    0,    0, 
EP, 14, 2026091200, 03, HCCA,  48, 187N, 1334W,  81,    0,   ,   0,    ,    0,    0,    0,    0, 
EP, 14, 2026091200, 03, HCCA,  60, 188N, 1353W,  73,    0,   ,   0,    ,    0,    0,    0,    0, 
EP, 14, 2026091200, 03, HCCA,  72, 187N, 1373W,  63,    0,   ,   0,    ,    0,    0,    0,    0, 
EP, 14, 2026091200, 03, HCCA,  84, 183N, 1396W,  53,    0,   ,   0,    ,    0,    0,    0,    0, 
EP, 14, 2026091200, 03, HCCA,  96, 178N, 1419W,  48,    0,   ,   0,    ,    0,    0,    0,    0, 
EP, 14, 2026091200, 03, HCCA, 108, 169N, 1443W,  48,    0,   ,   0,    ,    0,    0,    0,    0, 
EP, 14, 2026091200, 03, HCCA, 120, 159N, 1463W,  42,    0,   ,   0,    ,    0,    0,    0,    0, 
EP, 14, 2026091200, 03, HCCA, 132, 147N, 1476W,  45,    0,   ,   0,    ,    0,    0,    0,    0, 
EP, 14, 2026091200, 03, HCCA, 144, 138N, 1479W,  50,    0,   ,   0,    ,    0,    0,    0,    0, 
EP, 14, 2026091200, 03, HCCA, 156, 142N, 1492W,  51,    0,   ,   0,    ,    0,    0,    0,    0, 
EP, 14, 2026091200, 03, HCCA, 168, 147N, 1497W,  50,    0,   ,   0,    ,    0,    0,    0,    0, 
EP, 14, 2026091200, 03, HFSA,   0, 171N, 1261W,  56,  996, XX,  34, NEQ,  107,   47,   47,  102, 1004,   49,  30,   0,   0,    ,   0,    , 285,  10,           ,  ,  0,    ,    0,    0,    0,    0, THERMO PARAMS, -94, 1094, 482, N, 10, DT, -999, SHR82, -99, 
EP, 14, 2026091200, 03, HFSA,   0, 171N, 1261W,  56,  996, XX,  50, NEQ,   37,    0,    0,   39, 1004,   49,  30,   0,   0,    ,   0,    , 285,  10,           ,  ,  0,    ,    0,    0,    0,    0, THERMO PARAMS, -94, 1094, 482, N, 10, DT, -999, SHR82, -99, 
EP, 14, 2026091200, 03, HFSA,   6, 171N, 1271W,  51,  997, XX,  34, NEQ,   83,    0,   52,   76, 1001,   18,  47,   0,   0,    ,   0,    , 273,  11,           ,  ,  0,    ,    0,    0,    0,    0, THERMO PARAMS, -70, 554, 562, N, 10, DT, -999, SHR82, -99, 
EP, 14, 2026091200, 03, HFSA,  12, 173N, 1279W,  51,  995, XX,  34, NEQ,   71,   28,   44,   78, 1003,   56,  24,   0,   0,    ,   0,    , 288,   7,           ,  ,  0,    ,    0,    0,    0,    0, THERMO PARAMS, -15, 376, 608, N, 10, DT, -999, SHR82, -99, 
EP, 14, 2026091200, 03, HFSA,  12, 173N, 1279W,  51,  995, XX,  50, NEQ,    0,    0,    0,   24, 1003,   56,  24,   0,   0,    ,   0,    , 288,   7,           ,  ,  0,    ,    0,    0,    0,    0, THERMO PARAMS, -15, 376, 608, N, 10, DT, -999, SHR82, -99, 
EP, 14, 2026091200, 03, HFSA,  18, 176N, 1286W,  55,  995, XX,  34, NEQ,   68,   42,   37,   71,  999,   19,  26,   0,   0,    ,   0,    , 286,   9,           ,  ,  0,    ,    0,    0,    0,    0, THERMO PARAMS, 7, 396, 561, N, 10, DT, -999, SHR82, -99, 
EP, 14, 2026091200, 03, HFSA,  18, 176N, 1286W,  55,  995, XX,  50, NEQ,    0,    0,    0,   34,  999,   19,  26,   0,   0,    ,   0,    , 286,   9,           ,  ,  0,    ,    0,    0,    0,    0, THERMO PARAMS, 7, 396, 561, N, 10, DT, -999, SHR82, -99, 
EP, 14, 2026091200, 03, HFSA,  24, 179N, 1294W,  49,  991, XX,  34, NEQ,   71,   37,   45,   65,  995,    5,  25,   0,   0,    ,   0,    , 291,   8,           ,  ,  0,    ,    0,    0,    0,    0, THERMO PARAMS, -13, 405, 1019, N, 10, DT, -999, SHR82, -99, 
EP, 14, 2026091200, 03, HFSA,  30, 181N, 1304W,  47,  996, XX,  34, NEQ,   76,   34,   36,   71, 1000,   17,  39,   0,   0,    ,   0,    , 280,  10,           ,  ,  0,    ,    0,    0,    0,    0, THERMO PARAMS, -17, 122, 673, N, 10, DT, -999, SHR82, -99, 
EP, 14, 2026091200, 03, HFSA,  36, 183N, 1313W,  43,  997, XX,  34, NEQ,   60,    0,    0,   53, 1005,   57,  19,   0,   0,    ,   0,    , 285,   8,           ,  ,  0,    ,    0,    0,    0,    0, THERMO PARAMS, -19, 1001, 330, N, 10, DT, -999, SHR82, -99, 
EP, 14, 2026091200, 03, HFSA,  42, 186N, 1321W,  54,  996, XX,  34, NEQ,   70,   60,   34,   49, 1000,   24,  36,   0,   0,    ,   0,    , 291,  10,           ,  ,  0,    ,    0,    0,    0,    0, THERMO PARAMS, -38, 320, 813, N, 10, DT, -999, SHR82, -99, 
EP, 14, 2026091200, 03, HFSA,  42, 186N, 1321W,  54,  996, XX,  50, NEQ,   39,    0,    0,    0, 1000,   24,  36,   0,   0,    ,   0,    , 291,  10,           ,  ,  0,    ,    0,    0,    0,    0, THERMO PARAMS, -38, 320, 813, N, 10, DT, -999, SHR82, -99, 
EP, 14, 2026091200, 03, HFSA,  48, 190N, 1329W,  56,  994, XX,  34, NEQ,   66,   39,    0,   57, 1006,   76,  25,   0,   0,    ,   0,    , 293,   8,           ,  ,  0,    ,    0,    0,    0,    0, THERMO PARAMS, -45, 348, 1035, N, 10, DT, -999, SHR82, -99, 
EP, 14, 2026091200, 03, HFSA,  48, 190N, 1329W,  56,  994, XX,  50, NEQ,   31,    0,    0,   26, 1006,   76,  25,   0,   0,    ,   0,    , 293,   8,           ,  ,  0,    ,    0,    0,    0,    0, THERMO PARAMS, -45, 348, 1035, N, 10, DT, -999, SHR82, -99, 
EP, 14, 2026091200, 03, HFSA,  54, 190N, 1339W,  50,  997, XX,  34, NEQ,   78,   36,   39,   65, 1005,   36,  28,   0,   0,    ,   0,    , 272,  10,           ,  ,  0,    ,    0,    0,    0,    0, THERMO PARAMS, -47, 1202, 566, N, 10, DT, -999, SHR82, -99, 
EP, 14, 2026091200, 03, HFSA,  60, 192N, 1348W,  57,  995, XX,  34, NEQ,   78,   28,   42,   68,  999,   17,  26,   0,   0,    ,   0,    , 275,   9,           ,  ,  0,    ,    0,    0,    0,    0, THERMO PARAMS, -53, 1118, 764, N, 10, DT, -999, SHR82, -99, 
EP, 14, 2026091200, 03, HFSA,  60, 192N, 1348W,  57,  995, XX,  50, NEQ,   31,    0,    0,   29,  999,   17,  26,   0,   0,    ,   0,    , 275,   9,           ,  ,  0,    ,    0,    0,    0,    0, THERMO PARAMS, -53, 1118, 764, N, 10, DT, -999, SHR82, -99, 
EP, 14, 2026091200, 03, HFSA,  66, 192N, 1358W,  52,  999, XX,  34, NEQ,   89,    0,   37,   73, 1007,   50,  25,   0,   0,    ,   0,    , 273,  10,           ,  ,  0,    ,    0,    0,    0,    0, THERMO PARAMS, -62, 1339, 337, N, 10, DT, -999, SHR82, -99, 
EP, 14, 2026091200, 03, HFSA,  66, 192N, 1358W,  52,  999, XX,  50, NEQ,   32,    0,    0,   29, 1007,   50,  25,   0,   0,    ,   0,    , 273,  10,           ,  ,  0,    ,    0,    0,    0,    0, THERMO PARAMS, -62, 1339, 337, N, 10, DT, -999, SHR82, -99, 
EP, 14, 2026091200, 03, HFSA,  72, 191N, 1370W,  46,  998, XX,  34, NEQ,   74,    0,    0,   76, 1002,   23,  35,   0,   0,    ,   0,    , 269,   9,           ,  ,  0,    ,    0,    0,    0,    0, THERMO PARAMS, -67, 778, 604, N, 10, DT, -999, SHR82, -99, 
EP, 14, 2026091200, 03, HFSA,  78, 189N, 1383W,  42, 1001, XX,  34, NEQ,   81,    0,    0,   60, 1009,  145,  48,   0,   0,    ,   0,    , 259,  11,           ,  ,  0,    ,    0,    0,    0,    0, THERMO PARAMS, -39, 1184, 321, N, 10, DT, -999, SHR82, -99, 
EP, 14, 2026091200, 03, HFSA,  84, 188N, 1395W,  41, 1001, XX,  34, NEQ,   68,    0,    0,   57, 1005,   36,  40,   0,   0,    ,   0,    , 262,  10,           ,  ,  0,    ,    0,    0,    0,    0, THERMO PARAMS, -55, 766, 331, N, 10, DT, -999, SHR82, -99, 
EP, 14, 2026091200, 03, HFSA,  90, 187N, 1408W,  41, 1004, XX,  34, NEQ,   63,    0,    0,   60, 1008,   44,  51,   0,   0,    ,   0,    , 264,  11,           ,  ,  0,    ,    0,    0,    0,    0, THERMO PARAMS, -67, 809, 298, N, 10, DT, -999, SHR82, -99, 
EP, 14, 2026091200, 03, HFSA,  96, 188N, 1421W,  54,  998, XX,  34, NEQ,   58,    0,    0,   40, 1002,   10,  45,   0,   0,    ,   0,    , 269,  10,           ,  ,  0,    ,    0,    0,    0,    0, THERMO PARAMS, -116, 403, 622, N, 10, DT, -999, SHR82, -99, 
EP, 14, 2026091200, 03, HFSA,  96, 188N, 1421W,  54,  998, XX,  50, NEQ,   47,    0,    0,    0, 1002,   10,  45,   0,   0,    ,   0,    , 269,  10,           ,  ,  0,    ,    0,    0,    0,    0, THERMO PARAMS, -116, 403, 622, N, 10, DT, -999, SHR82, -99, 
EP, 14, 2026091200, 03, HFSA, 102, 181N, 1436W,  43, 1001, XX,  34, NEQ,   84,    0,    0,   83, 1009,   69,  14,   0,   0,    ,   0,    , 243,  14,           ,  ,  0,    ,    0,    0,    0,    0, THERMO PARAMS, -22, 500, 161, N, 10, DT, -999, SHR82, -99, 
EP, 14, 2026091200, 03, HFSA, 108, 181N, 1448W,  46, 1001, XX,  34, NEQ,   47,    0,    0,   42,  -99,  -99,  42,   0,   0,    ,   0,    , 265,  11,           ,  ,  0,    ,    0,    0,    0,    0, THERMO PARAMS, -110, -159, 184, N, 10, DT, -999, SHR82, -99, 
EP, 14, 2026091200, 03, HFSA, 114, 176N, 1466W,  34, 1006, XX,  34, NEQ,    0,    0,    0,    0,  -99,  -99,  49,   0,   0,    ,   0,    , 246,  15,           ,  ,  0,    ,    0,    0,    0,    0, THERMO PARAMS, -67, 258, 218, N, 10, DT, -999, SHR82, -99, 
EP, 14, 2026091200, 03, HFSA, 120, 169N, 1482W,  30, 1004, XX,  34, NEQ,    0,    0,    0,    0,  -99,  -99,  93,   0,   0,    ,   0,    , 244,  13,           ,  ,  0,    ,    0,    0,    0,    0, THERMO PARAMS, -19, 630, 24, N, 10, DT, -999, SHR82, -99, 
EP, 14, 2026091200, 03, HFSA, 126, 165N, 1499W,  30, 1006, XX,  34, NEQ,    0,    0,    0,    0,  -99,  -99,  63,   0,   0,    ,   0,    , -99, -99,           ,  ,  0,    ,    0,    0,    0,    0, THERMO PARAMS, -90, 533, 70, N, 10, DT, -999, SHR82, -99, 
EP, 14, 2026091200, 03, TVCN,   0, 171N, 1261W,   0,    0,   ,   0,    ,    0,    0,    0,    0, 
EP, 14, 2026091200, 03, TVCN,  12, 174N, 1279W,   0,    0,   ,   0,    ,    0,    0,    0,    0, 
EP, 14, 2026091200, 03, TVCN,  24, 179N, 1296W,   0,    0,   ,   0,    ,    0,    0,    0,    0, 
EP, 14, 2026091200, 03, TVCN,  36, 183N, 1313W,   0,    0,   ,   0,    ,    0,    0,    0,    0, 
EP, 14, 2026091200, 03, TVCN,  48, 186N, 1330W,   0,    0,   ,   0,    ,    0,    0,    0,    0, 
EP, 14, 2026091200, 03, TVCN,  60, 188N, 1348W,   0,    0,   ,   0,    ,    0,    0,    0,    0, 
EP, 14, 2026091200, 03, TVCN,  72, 187N, 1367W,   0,    0,   ,   0,    ,    0,    0,    0,    0, 
EP, 14, 2026091200, 03, TVCN,  84, 185N, 1388W,   0,    0,   ,   0,    ,    0,    0,    0,    0, 
EP, 14, 2026091200, 03, TVCN,  96, 181N, 1410W,   0,    0,   ,   0,    ,    0,    0,    0,    0, 
EP, 14, 2026091200, 03, TVCN, 108, 175N, 1432W,   0,    0,   ,   0,    ,    0,    0,    0,    0, 
EP, 14, 2026091200, 03, TVCN, 120, 169N, 1453W,   0,    0,   ,   0,    ,    0,    0,    0,    0, 
EP, 14, 2026091200, 03, TVCN, 132, 162N, 1472W,   0,    0,   ,   0,    ,    0,    0,    0,    0, 
EP, 14, 2026091200, 03, TVCN, 144, 151N, 1476W,   0,    0,   ,   0,    ,    0,    0,    0,    0, 
EP, 14, 2026091200, 03, TVCN, 156, 150N, 1485W,   0,    0,   ,   0,    ,    0,    0,    0,    0, 
EP, 14, 2026091200, 03, TVCN, 168, 159N, 1499W,   0,    0,   ,   0,    ,    0,    0,    0,    0, 
EP, 14, 2026091206, 03, HCCA,   0, 170N, 1270W,  50,    0,   ,   0,    ,    0,    0,    0,    0, 
EP, 14, 2026091206, 03, HCCA,  12, 173N, 1288W,  53,    0,   ,   0,    ,    0,    0,    0,    0, 
EP, 14, 2026091206, 03, HCCA,  24, 178N, 1306W,  55,    0,   ,   0,    ,    0,    0,    0,    0, 
EP, 14, 2026091206, 03, HCCA,  36, 183N, 1326W,  53,    0,   ,   0,    ,    0,    0,    0,    0, 
EP, 14, 2026091206, 03, HCCA,  48, 186N, 1348W,  50,    0,   ,   0,    ,    0,    0,    0,    0, 
EP, 14, 2026091206, 03, HCCA,  60, 187N, 1371W,  45,    0,   ,   0,    ,    0,    0,    0,    0, 
EP, 14, 2026091206, 03, HCCA,  72, 186N, 1398W,  39,    0,   ,   0,    ,    0,    0,    0,    0, 
EP, 14, 2026091206, 03, HCCA,  84, 183N, 1427W,  36,    0,   ,   0,    ,    0,    0,    0,    0, 
EP, 14, 2026091206, 03, HCCA,  96, 176N, 1454W,  35,    0,   ,   0,    ,    0,    0,    0,    0, 
EP, 14, 2026091206, 03, HCCA, 108, 167N, 1479W,  35,    0,   ,   0,    ,    0,    0,    0,    0, 
EP, 14, 2026091206, 03, HCCA, 120, 154N, 1504W,  33,    0,   ,   0,    ,    0,    0,    0,    0, 
EP, 14, 2026091206, 03, HCCA, 132, 147N, 1524W,  33,    0,   ,   0,    ,    0,    0,    0,    0, 
EP, 14, 2026091206, 03, HCCA, 144, 145N, 1539W,  35,    0,   ,   0,    ,    0,    0,    0,    0, 
EP, 14, 2026091206, 03, HCCA, 156, 147N, 1551W,  37,    0,   ,   0,    ,    0,    0,    0,    0, 
EP, 14, 2026091206, 03, HCCA, 168, 152N, 1558W,  39,    0,   ,   0,    ,    0,    0,    0,    0, 
EP, 14, 2026091206, 03, TVCN,   0, 170N, 1270W,   0,    0,   ,   0,    ,    0,    0,    0,    0, 
EP, 14, 2026091206, 03, TVCN,  12, 174N, 1287W,   0,    0,   ,   0,    ,    0,    0,    0,    0, 
EP, 14, 2026091206, 03, TVCN,  24, 178N, 1304W,   0,    0,   ,   0,    ,    0,    0,    0,    0, 
EP, 14, 2026091206, 03, TVCN,  36, 182N, 1323W,   0,    0,   ,   0,    ,    0,    0,    0,    0, 
EP, 14, 2026091206, 03, TVCN,  48, 185N, 1343W,   0,    0,   ,   0,    ,    0,    0,    0,    0, 
EP, 14, 2026091206, 03, TVCN,  60, 187N, 1364W,   0,    0,   ,   0,    ,    0,    0,    0,    0, 
EP, 14, 2026091206, 03, TVCN,  72, 187N, 1388W,   0,    0,   ,   0,    ,    0,    0,    0,    0, 
EP, 14, 2026091206, 03, TVCN,  84, 185N, 1413W,   0,    0,   ,   0,    ,    0,    0,    0,    0, 
EP, 14, 2026091206, 03, TVCN,  96, 181N, 1439W,   0,    0,   ,   0,    ,    0,    0,    0,    0, 
EP, 14, 2026091206, 03, TVCN, 108, 174N, 1466W,   0,    0,   ,   0,    ,    0,    0,    0,    0, 
EP, 14, 2026091206, 03, TVCN, 120, 164N, 1494W,   0,    0,   ,   0,    ,    0,    0,    0,    0, 
EP, 14, 2026091206, 03, TVCN, 132, 155N, 1520W,   0,    0,   ,   0,    ,    0,    0,    0,    0, 