EP, 11, 2026082600, 03,  UKX,   0,  81N, 1070W,  19, 1008, XX,  34, NEQ,    0,    0,    0,    0, 
EP, 11, 2026082600, 03,  UKX,   6,  88N, 1099W,  21, 1008, XX,  34, NEQ,    0,    0,    0,    0, 
EP, 11, 2026082600, 03,  UKX,  12,  87N, 1108W,  23, 1007, XX,  34, NEQ,    0,    0,    0,    0, 
EP, 11, 2026082600, 03,  UKX,  18,  83N, 1108W,  28, 1006, XX,  34, NEQ,    0,    0,    0,    0, 
EP, 11, 2026082600, 03,  UKX,  24,  86N, 1108W,  29, 1005, XX,  34, NEQ,    0,    0,    0,    0, 
EP, 11, 2026082600, 03,  UKX,  30,  91N, 1111W,  30, 1005, XX,  34, NEQ,    0,    0,    0,    0, 
EP, 11, 2026082600, 03,  UKX,  36,  99N, 1120W,  29, 1004, XX,  34, NEQ,    0,    0,    0,    0, 
EP, 11, 2026082600, 03,  UKX,  42, 107N, 1133W,  30, 1004, XX,  34, NEQ,    0,    0,    0,    0, 
EP, 11, 2026082600, 03,  UKX,  48, 110N, 1147W,  31, 1002, XX,  34, NEQ,    0,    0,    0,    0, 
EP, 11, 2026082600, 03,  UKX,  54, 113N, 1157W,  32, 1003, XX,  34, NEQ,    0,    0,    0,    0, 
EP, 11, 2026082600, 03,  UKX,  60, 120N, 1167W,  33, 1001, XX,  34, NEQ,    0,    0,    0,    0, 
EP, 11, 2026082600, 03,  UKX,  66, 125N, 1180W,  35, 1002, XX,  34, NEQ,  124,    0,    0,    0, 
EP, 11, 2026082600, 03,  UKX,  72, 131N, 1190W,  37,  998, XX,  34, NEQ,  133,    0,    0,    0, 
EP, 11, 2026082600, 03,  UKX,  78, 137N, 1201W,  38, 1001, XX,  34, NEQ,  157,  169,    0,   96, 
EP, 11, 2026082600, 03,  UKX,  84, 143N, 1210W,  39,  998, XX,  34, NEQ,  161,  146,    0,   75, 
EP, 11, 2026082600, 03,  UKX,  90, 148N, 1221W,  41,  999, XX,  34, NEQ,  192,  178,    0,  115, 
EP, 11, 2026082600, 03,  UKX,  96, 157N, 1231W,  43,  996, XX,  34, NEQ,  164,  166,    0,  132, 
EP, 11, 2026082600, 03,  UKX, 102, 161N, 1244W,  43,  998, XX,  34, NEQ,  168,  123,    0,  144, 
EP, 11, 2026082600, 03,  UKX, 108, 166N, 1255W,  44,  995, XX,  34, NEQ,  159,  103,   72,  136, 
EP, 11, 2026082600, 03,  UKX, 114, 170N, 1266W,  42,  996, XX,  34, NEQ,  158,  106,   95,  134, 
EP, 11, 2026082600, 03,  UKX, 120, 174N, 1277W,  41,  993, XX,  34, NEQ,  144,   69,   87,  145, 
EP, 11, 2026082600, 03,  UKX, 126, 176N, 1286W,  42,  994, XX,  34, NEQ,  158,  108,   93,  162, 
EP, 11, 2026082600, 03,  UKX, 132, 179N, 1295W,  41,  992, XX,  34, NEQ,  120,  107,   87,  154, 
EP, 11, 2026082600, 03,  UKX, 138, 182N, 1302W,  41,  994, XX,  34, NEQ,  125,  113,    0,  132, 
EP, 11, 2026082600, 03,  UKX, 144, 187N, 1308W,  41,  992, XX,  34, NEQ,  124,  119,   85,  122, 
EP, 11, 2026082600, 03, AVNO,   0,  90N, 1060W,  19, 1007, XX,  34, NEQ,    0,    0,    0,    0, 1009,  200, -99,   0,   0, 
EP, 11, 2026082600, 03, AVNO,   6,  83N, 1075W,  22, 1009, XX,  34, NEQ,    0,    0,    0,    0,  -99,  -99, 106,   0,   0, 
EP, 11, 2026082600, 03, AVNO,  12,  80N, 1083W,  25, 1004, XX,  34, NEQ,    0,    0,    0,    0,  -99,  -99,  65,   0,   0, 
EP, 11, 2026082600, 03, AVNO,  18,  81N, 1090W,  30, 1007, XX,  34, NEQ,    0,    0,    0,    0,  -99,  -99,  40,   0,   0, 
EP, 11, 2026082600, 03, AVNO,  24,  84N, 1089W,  31, 1003, XX,  34, NEQ,    0,    0,    0,    0, 1007,  178,  45,   0,   0, 
EP, 11, 2026082600, 03, AVNO,  30,  88N, 1089W,  38, 1003, XX,  34, NEQ,   52,   74,   79,    0,  -99,  -99,  36,   0,   0, 
EP, 11, 2026082600, 03, AVNO,  36,  97N, 1092W,  51,  991, XX,  34, NEQ,  176,   73,  137,    0, 1003,   76,  27,   0,   0, 
EP, 11, 2026082600, 03, AVNO,  36,  97N, 1092W,  51,  991, XX,  50, NEQ,    0,   28,    0,    0, 1003,   76,  27,   0,   0, 
EP, 11, 2026082600, 03, AVNO,  42, 112N, 1100W,  44,  999, XX,  34, NEQ,  131,  161,  176,  104, 1007,  129,  38,   0,   0, 
EP, 11, 2026082600, 03, AVNO,  48, 117N, 1115W,  45,  995, XX,  34, NEQ,  119,  149,    0,   82,  999,   35,  57,   0,   0, 
EP, 11, 2026082600, 03, AVNO,  54, 123N, 1123W,  48,  996, XX,  34, NEQ,  118,   61,   58,  118, 1008,  164,  72,   0,   0, 
EP, 11, 2026082600, 03, AVNO,  60, 125N, 1132W,  46,  988, XX,  34, NEQ,  172,   62,   52,   91, 1000,   70,  34,   0,   0, 
EP, 11, 2026082600, 03, AVNO,  66, 132N, 1137W,  52,  989, XX,  34, NEQ,  182,   63,   55,  126, 1005,  101,  39,   0,   0, 
EP, 11, 2026082600, 03, AVNO,  66, 132N, 1137W,  52,  989, XX,  50, NEQ,   41,   26,    0,    0, 1005,  101,  39,   0,   0, 
EP, 11, 2026082600, 03, AVNO,  72, 139N, 1145W,  51,  982, XX,  34, NEQ,  177,   87,   61,   86,  998,   56,  25,   0,   0, 
EP, 11, 2026082600, 03, AVNO,  72, 139N, 1145W,  51,  982, XX,  50, NEQ,    0,    0,    0,   31,  998,   56,  25,   0,   0, 
EP, 11, 2026082600, 03, AVNO,  78, 147N, 1152W,  59,  980, XX,  34, NEQ,  199,   87,   58,  141, 1008,  166,  32,   0,   0, 
EP, 11, 2026082600, 03, AVNO,  78, 147N, 1152W,  59,  980, XX,  50, NEQ,   44,   34,   28,   40, 1008,  166,  32,   0,   0, 
EP, 11, 2026082600, 03, AVNO,  84, 155N, 1157W,  70,  970, XX,  34, NEQ,  192,  101,   64,  102, 1006,  178,  18,   0,   0, 
EP, 11, 2026082600, 03, AVNO,  84, 155N, 1157W,  70,  970, XX,  50, NEQ,   54,   50,   33,   46, 1006,  178,  18,   0,   0, 
EP, 11, 2026082600, 03, AVNO,  84, 155N, 1157W,  70,  970, XX,  64, NEQ,   24,    0,    0,   32, 1006,  178,  18,   0,   0, 
EP, 11, 2026082600, 03, AVNO,  90, 164N, 1165W,  73,  968, XX,  34, NEQ,  221,   99,   75,  112,  992,   42,  21,   0,   0, 
EP, 11, 2026082600, 03, AVNO,  90, 164N, 1165W,  73,  968, XX,  50, NEQ,   55,   45,   40,   54,  992,   42,  21,   0,   0, 
EP, 11, 2026082600, 03, AVNO,  90, 164N, 1165W,  73,  968, XX,  64, NEQ,   43,   31,    0,   36,  992,   42,  21,   0,   0, 
EP, 11, 2026082600, 03, AVNO,  96, 171N, 1172W,  78,  963, XX,  34, NEQ,  153,   85,   78,  132,  987,   42,  26,   0,   0, 
EP, 11, 2026082600, 03, AVNO,  96, 171N, 1172W,  78,  963, XX,  50, NEQ,   59,   56,   39,   61,  987,   42,  26,   0,   0, 
EP, 11, 2026082600, 03, AVNO,  96, 171N, 1172W,  78,  963, XX,  64, NEQ,   40,   42,   26,   38,  987,   42,  26,   0,   0, 
EP, 11, 2026082600, 03, AVNO, 102, 176N, 1181W,  79,  963, XX,  34, NEQ,  164,   92,   97,  135,  983,   32,  30,   0,   0, 
EP, 11, 2026082600, 03, AVNO, 102, 176N, 1181W,  79,  963, XX,  50, NEQ,   59,   52,   49,   62,  983,   32,  30,   0,   0, 
EP, 11, 2026082600, 03, AVNO, 102, 176N, 1181W,  79,  963, XX,  64, NEQ,   44,   40,   37,   42,  983,   32,  30,   0,   0, 
EP, 11, 2026082600, 03, AVNO, 108, 181N, 1188W,  78,  961, XX,  34, NEQ,  141,  101,  103,  135,  977,   31,  25,   0,   0, 
EP, 11, 2026082600, 03, AVNO, 108, 181N, 1188W,  78,  961, XX,  50, NEQ,   61,   56,   50,   60,  977,   31,  25,   0,   0, 
EP, 11, 2026082600, 03, AVNO, 108, 181N, 1188W,  78,  961, XX,  64, NEQ,   39,   42,   33,   42,  977,   31,  25,   0,   0, 
EP, 11, 2026082600, 03, AVNO, 114, 187N, 1196W,  75,  964, XX,  34, NEQ,  133,  112,  102,  130, 1008,  194,  31,   0,   0, 
EP, 11, 2026082600, 03, AVNO, 114, 187N, 1196W,  75,  964, XX,  50, NEQ,   69,   48,   53,   61, 1008,  194,  31,   0,   0, 
EP, 11, 2026082600, 03, AVNO, 114, 187N, 1196W,  75,  964, XX,  64, NEQ,   45,   40,   36,   37, 1008,  194,  31,   0,   0, 
EP, 11, 2026082600, 03, AVNO, 120, 192N, 1205W,  76,  961, XX,  34, NEQ,  135,  103,  118,  126, 1005,  183,  28,   0,   0, 
EP, 11, 2026082600, 03, AVNO, 120, 192N, 1205W,  76,  961, XX,  50, NEQ,   69,   60,   56,   64, 1005,  183,  28,   0,   0, 
EP, 11, 2026082600, 03, AVNO, 120, 192N, 1205W,  76,  961, XX,  64, NEQ,   48,   41,   39,   49, 1005,  183,  28,   0,   0, 
EP, 11, 2026082600, 03, AVNO, 126, 195N, 1214W,  71,  965, XX,  34, NEQ,  126,  111,  108,  136, 1009,  219,  36,   0,   0, 
EP, 11, 2026082600, 03, AVNO, 126, 195N, 1214W,  71,  965, XX,  50, NEQ,   66,   65,   55,   70, 1009,  219,  36,   0,   0, 
EP, 11, 2026082600, 03, AVNO, 126, 195N, 1214W,  71,  965, XX,  64, NEQ,   42,   41,   39,   35, 1009,  219,  36,   0,   0, 
EP, 11, 2026082600, 03, AVNO, 132, 198N, 1223W,  68,  964, XX,  34, NEQ,  123,  115,  113,  133, 1004,  166,  28,   0,   0, 
EP, 11, 2026082600, 03, AVNO, 132, 198N, 1223W,  68,  964, XX,  50, NEQ,   70,   60,   64,   71, 1004,  166,  28,   0,   0, 
EP, 11, 2026082600, 03, AVNO, 132, 198N, 1223W,  68,  964, XX,  64, NEQ,   52,   44,    0,   35, 1004,  166,  28,   0,   0, 
EP, 11, 2026082600, 03, AVNO, 138, 200N, 1232W,  67,  967, XX,  34, NEQ,  130,  123,  109,  130, 1007,  197,  31,   0,   0, 
EP, 11, 2026082600, 03, AVNO, 138, 200N, 1232W,  67,  967, XX,  50, NEQ,   73,   67,   60,   63, 1007,  197,  31,   0,   0, 
EP, 11, 2026082600, 03, AVNO, 138, 200N, 1232W,  67,  967, XX,  64, NEQ,   50,   36,   37,   36, 1007,  197,  31,   0,   0, 
EP, 11, 2026082600, 03, AVNO, 144, 204N, 1238W,  70,  965, XX,  34, NEQ,  119,  122,  110,  135, 1005,  226,  29,   0,   0, 
EP, 11, 2026082600, 03, AVNO, 144, 204N, 1238W,  70,  965, XX,  50, NEQ,   73,   74,   66,   67, 1005,  226,  29,   0,   0, 
EP, 11, 2026082600, 03, AVNO, 144, 204N, 1238W,  70,  965, XX,  64, NEQ,   50,   39,    0,   39, 1005,  226,  29,   0,   0, 
EP, 11, 2026082600, 03, AVNO, 150, 208N, 1244W,  67,  970, XX,  34, NEQ,  127,  122,  107,  127, 1006,  166,  37,   0,   0, 
EP, 11, 2026082600, 03, AVNO, 150, 208N, 1244W,  67,  970, XX,  50, NEQ,   70,   64,   62,   62, 1006,  166,  37,   0,   0, 
EP, 11, 2026082600, 03, AVNO, 150, 208N, 1244W,  67,  970, XX,  64, NEQ,   46,   40,    0,   46, 1006,  166,  37,   0,   0, 
EP, 11, 2026082600, 03, AVNO, 156, 212N, 1249W,  63,  971, XX,  34, NEQ,  126,  113,  109,  126, 1003,  144,  43,   0,   0, 
EP, 11, 2026082600, 03, AVNO, 156, 212N, 1249W,  63,  971, XX,  50, NEQ,   71,   60,   61,   65, 1003,  144,  43,   0,   0, 
EP, 11, 2026082600, 03, AVNO, 162, 217N, 1254W,  62,  976, XX,  34, NEQ,  137,  123,  118,  121, 1004,  122,  52,   0,   0, 
EP, 11, 2026082600, 03, AVNO, 162, 217N, 1254W,  62,  976, XX,  50, NEQ,   67,   70,   52,   68, 1004,  122,  52,   0,   0, 
EP, 11, 2026082600, 03, AVNO, 168, 225N, 1258W,  57,  976, XX,  34, NEQ,  127,  113,  100,  117, 1000,  108,  40,   0,   0, 
EP, 11, 2026082600, 03, AVNO, 168, 225N, 1258W,  57,  976, XX,  50, NEQ,   76,   58,   43,   54, 1000,  108,  40,   0,   0, 
EP, 11, 2026082600, 03, AVNO, 174, 232N, 1261W,  56,  982, XX,  34, NEQ,  122,  122,   90,  111, 1006,  142,  39,   0,   0, 
EP, 11, 2026082600, 03, AVNO, 174, 232N, 1261W,  56,  982, XX,  50, NEQ,   63,   70,    0,   57, 1006,  142,  39,   0,   0, 
EP, 11, 2026082600, 03, AVNO, 180, 242N, 1264W,  53,  983, XX,  34, NEQ,  116,  113,   89,  112, 1003,  115,  51,   0,   0, 
EP, 11, 2026082600, 03, AVNO, 180, 242N, 1264W,  53,  983, XX,  50, NEQ,   55,   57,    0,   52, 1003,  115,  51,   0,   0, 
EP, 11, 2026082600, 03, AVNO, 186, 252N, 1267W,  49,  988, XX,  34, NEQ,  111,  110,   76,  113, 1004,  103,  54,   0,   0, 
EP, 11, 2026082600, 03, AVNO, 192, 264N, 1269W,  45,  991, XX,  34, NEQ,  129,  102,   87,  119, 1003,   98,  48,   0,   0, 
EP, 11, 2026082600, 03, AVNO, 198, 274N, 1272W,  40,  997, XX,  34, NEQ,  132,   85,   85,  111, 1009,  148,  40,   0,   0, 
EP, 11, 2026082600, 03, AVNO, 204, 283N, 1275W,  38,  998, XX,  34, NEQ,    0,    0,    0,   69, 1006,  106,  48,   0,   0, 
EP, 11, 2026082600, 03, AVNO, 210, 289N, 1276W,  38, 1002, XX,  34, NEQ,   98,    0,    0,   87, 1010,  121,  69,   0,   0, 
EP, 11, 2026082600, 03, AVNO, 216, 295N, 1273W,  31, 1002, XX,  34, NEQ,    0,    0,    0,    0, 1006,   61,  67,   0,   0, 
EP, 11, 2026082600, 03, AVNO, 222, 303N, 1269W,  28, 1006, XX,  34, NEQ,    0,    0,    0,    0, 1010,   83,  71,   0,   0, 
EP, 11, 2026082600, 03, AVNO, 228, 314N, 1263W,  25, 1007, XX,  34, NEQ,    0,    0,    0,    0, 1011,  115,  62,   0,   0, 
EP, 11, 2026082600, 03, AVNO, 234, 326N, 1254W,  23, 1010, XX,  34, NEQ,    0,    0,    0,    0,  -99,  -99, 130,   0,   0, 
EP, 11, 2026082600, 03, AVNO, 240, 337N, 1242W,  21, 1011, XX,  34, NEQ,    0,    0,    0,    0,  -99,  -99,  86,   0,   0, 
EP, 11, 2026082600, 03, HCCA,   0,  90N, 1060W,  20,    0,   ,   0,    ,    0,    0,    0,    0, 
EP, 11, 2026082600, 03, HFSA,   0,  86N, 1073W,  21, 1001, XX,  34, NEQ,    0,    0,    0,    0, 1005,   26, 104,   0,   0,    ,   0,    , 269,   5,           ,  ,  0,    ,    0,    0,    0,    0, THERMO PARAMS, -31, 131, 448, N, 10, DT, -999, SHR82, -99, 
EP, 11, 2026082600, 03, HFSA,   6,  83N, 1090W,  48, 1002, XX,  34, NEQ,  185,   13,   37,   68, 1006,    8,  24,   0,   0,    ,   0,    , 241,  15,           ,  ,  0,    ,    0,    0,    0,    0, THERMO PARAMS, -10, 96, -71, N, 10, DT, -999, SHR82, -99, 
EP, 11, 2026082600, 03, HFSA,  12,  79N, 1085W,  39, 1003, XX,  34, NEQ,    0,    0,    0,    0, 1007,   59,  37,   0,   0,    ,   0,    , 115,   1,           ,  ,  0,    ,    0,    0,    0,    0, THERMO PARAMS, -9999, -9999, -9999, N, 10, DT, -999, SHR82, -99, 
EP, 11, 2026082600, 03, HFSA,  18,  87N, 1086W,  36, 1005, XX,  34, NEQ,    0,    0,    0,    0,  -99,  -99,  86,   0,   0,    ,   0,    , 325,   7,           ,  ,  0,    ,    0,    0,    0,    0, THERMO PARAMS, -9999, -9999, -9999, N, 10, DT, -999, SHR82, -99, 
EP, 11, 2026082600, 03, HFSA,  24,  93N, 1090W,  38, 1000, XX,  34, NEQ,    0,   78,    0,    0, 1004,   34,  19,   0,   0,    ,   0,    , 321,   8,           ,  ,  0,    ,    0,    0,    0,    0, THERMO PARAMS, -2, 185, 205, N, 10, DT, -999, SHR82, -99, 
EP, 11, 2026082600, 03, HFSA,  30, 104N, 1099W,  41, 1002, XX,  34, NEQ,  100,  112,    0,    0, 1006,   58,  50,   0,   0,    ,   0,    , 314,  13,           ,  ,  0,    ,    0,    0,    0,    0, THERMO PARAMS, -22, 53, 384, N, 10, DT, -999, SHR82, -99, 
EP, 11, 2026082600, 03, HFSA,  36, 110N, 1109W,  41,  998, XX,  34, NEQ,  120,  147,    0,    0,  -99,  -99,  77,   0,   0,    ,   0,    , 306,   8,           ,  ,  0,    ,    0,    0,    0,    0, THERMO PARAMS, -18, 211, 497, N, 10, DT, -999, SHR82, -99, 
EP, 11, 2026082600, 03, HFSA,  42, 115N, 1119W,  44,  998, XX,  34, NEQ,  146,  138,  188,   79,  -99,  -99,  35,   0,   0,    ,   0,    , 295,  10,           ,  ,  0,    ,    0,    0,    0,    0, THERMO PARAMS, -30, 255, 557, N, 10, DT, -999, SHR82, -99, 
EP, 11, 2026082600, 03, HFSA,  48, 122N, 1128W,  58,  991, XX,  34, NEQ,  144,  160,    0,  105,  995,   16,  33,   0,   0,    ,   0,    , 300,  12,           ,  ,  0,    ,    0,    0,    0,    0, THERMO PARAMS, -71, 865, 758, N, 10, DT, -999, SHR82, -99, 
EP, 11, 2026082600, 03, HFSA,  48, 122N, 1128W,  58,  991, XX,  50, NEQ,   36,    0,    0,    0,  995,   16,  33,   0,   0,    ,   0,    , 300,  12,           ,  ,  0,    ,    0,    0,    0,    0, THERMO PARAMS, -71, 865, 758, N, 10, DT, -999, SHR82, -99, 
EP, 11, 2026082600, 03, HFSA,  54, 124N, 1139W,  57,  991, XX,  34, NEQ,  165,  138,   50,  123,  999,   33,  45,   0,   0,    ,   0,    , 290,   9,           ,  ,  0,    ,    0,    0,    0,    0, THERMO PARAMS, -24, 718, 836, N, 10, DT, -999, SHR82, -99, 
EP, 11, 2026082600, 03, HFSA,  54, 124N, 1139W,  57,  991, XX,  50, NEQ,    0,    0,    0,   47,  999,   33,  45,   0,   0,    ,   0,    , 290,   9,           ,  ,  0,    ,    0,    0,    0,    0, THERMO PARAMS, -24, 718, 836, N, 10, DT, -999, SHR82, -99, 
EP, 11, 2026082600, 03, HFSA,  60, 129N, 1147W,  50,  986, XX,  34, NEQ,  155,   96,   32,  125,  994,   26,  87,   0,   0,    ,   0,    , 307,  10,           ,  ,  0,    ,    0,    0,    0,    0, THERMO PARAMS, -46, 765, 965, N, 10, DT, -999, SHR82, -99, 
EP, 11, 2026082600, 03, HFSA,  66, 137N, 1157W,  56,  985, XX,  34, NEQ,  162,  100,   55,  157,  997,   35,  30,   0,   0,    ,   0,    , 300,  12,           ,  ,  0,    ,    0,    0,    0,    0, THERMO PARAMS, -65, 1237, 1225, N, 10, DT, -999, SHR82, -99, 
EP, 11, 2026082600, 03, HFSA,  66, 137N, 1157W,  56,  985, XX,  50, NEQ,   68,   40,    0,   63,  997,   35,  30,   0,   0,    ,   0,    , 300,  12,           ,  ,  0,    ,    0,    0,    0,    0, THERMO PARAMS, -65, 1237, 1225, N, 10, DT, -999, SHR82, -99, 
EP, 11, 2026082600, 03, HFSA,  72, 142N, 1166W,  60,  979, XX,  34, NEQ,  168,  167,   71,  139,  987,   19,  16,   0,   0,    ,   0,    , 304,   9,           ,  ,  0,    ,    0,    0,    0,    0, THERMO PARAMS, -56, 1009, 1106, N, 10, DT, -999, SHR82, -99, 
EP, 11, 2026082600, 03, HFSA,  72, 142N, 1166W,  60,  979, XX,  50, NEQ,   44,    0,   18,   45,  987,   19,  16,   0,   0,    ,   0,    , 304,   9,           ,  ,  0,    ,    0,    0,    0,    0, THERMO PARAMS, -56, 1009, 1106, N, 10, DT, -999, SHR82, -99, 
EP, 11, 2026082600, 03, HFSA,  78, 147N, 1174W,  65,  973, XX,  34, NEQ,  173,  168,   58,  147,  985,   18,  13,   0,   0,    ,   0,    , 305,  10,           ,  ,  0,    ,    0,    0,    0,    0, THERMO PARAMS, -24, 1475, 1664, N, 10, DT, -999, SHR82, -99, 
EP, 11, 2026082600, 03, HFSA,  78, 147N, 1174W,  65,  973, XX,  50, NEQ,   53,   34,   29,   53,  985,   18,  13,   0,   0,    ,   0,    , 305,  10,           ,  ,  0,    ,    0,    0,    0,    0, THERMO PARAMS, -24, 1475, 1664, N, 10, DT, -999, SHR82, -99, 
EP, 11, 2026082600, 03, HFSA,  78, 147N, 1174W,  65,  973, XX,  64, NEQ,    0,    0,    0,   16,  985,   18,  13,   0,   0,    ,   0,    , 305,  10,           ,  ,  0,    ,    0,    0,    0,    0, THERMO PARAMS, -24, 1475, 1664, N, 10, DT, -999, SHR82, -99, 
EP, 11, 2026082600, 03, HFSA,  84, 155N, 1182W,  81,  967, XX,  34, NEQ,  154,  157,   83,  128,  991,   36,  18,   0,   0,    ,   0,    , 306,  10,           ,  ,  0,    ,    0,    0,    0,    0, THERMO PARAMS, -35, 1571, 1992, N, 10, DT, -999, SHR82, -99, 
EP, 11, 2026082600, 03, HFSA,  84, 155N, 1182W,  81,  967, XX,  50, NEQ,   66,   36,   36,   60,  991,   36,  18,   0,   0,    ,   0,    , 306,  10,           ,  ,  0,    ,    0,    0,    0,    0, THERMO PARAMS, -35, 1571, 1992, N, 10, DT, -999, SHR82, -99, 
EP, 11, 2026082600, 03, HFSA,  84, 155N, 1182W,  81,  967, XX,  64, NEQ,   34,   15,   24,   26,  991,   36,  18,   0,   0,    ,   0,    , 306,  10,           ,  ,  0,    ,    0,    0,    0,    0, THERMO PARAMS, -35, 1571, 1992, N, 10, DT, -999, SHR82, -99, 
EP, 11, 2026082600, 03, HFSA,  90, 162N, 1190W,  92,  963, XX,  34, NEQ,  152,  155,   81,  139,  999,   63,  16,   0,   0,    ,   0,    , 305,  12,           ,  ,  0,    ,    0,    0,    0,    0, THERMO PARAMS, 3, 1522, 2331, N, 10, DT, -999, SHR82, -99, 
EP, 11, 2026082600, 03, HFSA,  90, 162N, 1190W,  92,  963, XX,  50, NEQ,   73,   45,   39,   58,  999,   63,  16,   0,   0,    ,   0,    , 305,  12,           ,  ,  0,    ,    0,    0,    0,    0, THERMO PARAMS, 3, 1522, 2331, N, 10, DT, -999, SHR82, -99, 
EP, 11, 2026082600, 03, HFSA,  90, 162N, 1190W,  92,  963, XX,  64, NEQ,   34,   24,   28,   32,  999,   63,  16,   0,   0,    ,   0,    , 305,  12,           ,  ,  0,    ,    0,    0,    0,    0, THERMO PARAMS, 3, 1522, 2331, N, 10, DT, -999, SHR82, -99, 
EP, 11, 2026082600, 03, HFSA,  96, 169N, 1199W,  97,  956, XX,  34, NEQ,  167,  178,  112,  134,  992,   45,  16,   0,   0,    ,   0,    , 303,  10,           ,  ,  0,    ,    0,    0,    0,    0, THERMO PARAMS, 13, 1877, 2453, N, 10, DT, -999, SHR82, -99, 
EP, 11, 2026082600, 03, HFSA,  96, 169N, 1199W,  97,  956, XX,  50, NEQ,   63,   45,   37,   73,  992,   45,  16,   0,   0,    ,   0,    , 303,  10,           ,  ,  0,    ,    0,    0,    0,    0, THERMO PARAMS, 13, 1877, 2453, N, 10, DT, -999, SHR82, -99, 
EP, 11, 2026082600, 03, HFSA,  96, 169N, 1199W,  97,  956, XX,  64, NEQ,   36,   32,   29,   36,  992,   45,  16,   0,   0,    ,   0,    , 303,  10,           ,  ,  0,    ,    0,    0,    0,    0, THERMO PARAMS, 13, 1877, 2453, N, 10, DT, -999, SHR82, -99, 
EP, 11, 2026082600, 03, HFSA, 102, 175N, 1209W, 110,  954, XX,  34, NEQ,  141,  138,   91,  125,  994,   49,  17,   0,   0,    ,   0,    , 298,  12,           ,  ,  0,    ,    0,    0,    0,    0, THERMO PARAMS, 85, 1402, 2615, N, 10, DT, -999, SHR82, -99, 
EP, 11, 2026082600, 03, HFSA, 102, 175N, 1209W, 110,  954, XX,  50, NEQ,   65,   44,   39,   62,  994,   49,  17,   0,   0,    ,   0,    , 298,  12,           ,  ,  0,    ,    0,    0,    0,    0, THERMO PARAMS, 85, 1402, 2615, N, 10, DT, -999, SHR82, -99, 
EP, 11, 2026082600, 03, HFSA, 102, 175N, 1209W, 110,  954, XX,  64, NEQ,   37,   31,   29,   36,  994,   49,  17,   0,   0,    ,   0,    , 298,  12,           ,  ,  0,    ,    0,    0,    0,    0, THERMO PARAMS, 85, 1402, 2615, N, 10, DT, -999, SHR82, -99, 
EP, 11, 2026082600, 03, HFSA, 108, 181N, 1219W, 110,  950, XX,  34, NEQ,  139,  118,  118,  133,  986,   39,  18,   0,   0,    ,   0,    , 292,  11,           ,  ,  0,    ,    0,    0,    0,    0, THERMO PARAMS, 66, 1447, 2752, N, 10, DT, -999, SHR82, -99, 
EP, 11, 2026082600, 03, HFSA, 108, 181N, 1219W, 110,  950, XX,  50, NEQ,   66,   58,   45,   66,  986,   39,  18,   0,   0,    ,   0,    , 292,  11,           ,  ,  0,    ,    0,    0,    0,    0, THERMO PARAMS, 66, 1447, 2752, N, 10, DT, -999, SHR82, -99, 
EP, 11, 2026082600, 03, HFSA, 108, 181N, 1219W, 110,  950, XX,  64, NEQ,   44,   31,   34,   44,  986,   39,  18,   0,   0,    ,   0,    , 292,  11,           ,  ,  0,    ,    0,    0,    0,    0, THERMO PARAMS, 66, 1447, 2752, N, 10, DT, -999, SHR82, -99, 
EP, 11, 2026082600, 03, HFSA, 114, 185N, 1229W,  88,  954, XX,  34, NEQ,  139,  120,  107,  136,  994,   58,  16,   0,   0,    ,   0,    , 291,  11,           ,  ,  0,    ,    0,    0,    0,    0, THERMO PARAMS, 41, 1287, 2762, N, 10, DT, -999, SHR82, -99, 
EP, 11, 2026082600, 03, HFSA, 114, 185N, 1229W,  88,  954, XX,  50, NEQ,   68,   60,   65,   70,  994,   58,  16,   0,   0,    ,   0,    , 291,  11,           ,  ,  0,    ,    0,    0,    0,    0, THERMO PARAMS, 41, 1287, 2762, N, 10, DT, -999, SHR82, -99, 
EP, 11, 2026082600, 03, HFSA, 114, 185N, 1229W,  88,  954, XX,  64, NEQ,   47,   44,   32,   53,  994,   58,  16,   0,   0,    ,   0,    , 291,  11,           ,  ,  0,    ,    0,    0,    0,    0, THERMO PARAMS, 41, 1287, 2762, N, 10, DT, -999, SHR82, -99, 
EP, 11, 2026082600, 03, HFSA, 120, 189N, 1241W,  95,  953, XX,  34, NEQ,  128,  110,  100,  138,  997,   78,  21,   0,   0,    ,   0,    , 285,  10,           ,  ,  0,    ,    0,    0,    0,    0, THERMO PARAMS, 64, 1277, 2522, N, 10, DT, -999, SHR82, -99, 
EP, 11, 2026082600, 03, HFSA, 120, 189N, 1241W,  95,  953, XX,  50, NEQ,   70,   55,   55,   70,  997,   78,  21,   0,   0,    ,   0,    , 285,  10,           ,  ,  0,    ,    0,    0,    0,    0, THERMO PARAMS, 64, 1277, 2522, N, 10, DT, -999, SHR82, -99, 
EP, 11, 2026082600, 03, HFSA, 120, 189N, 1241W,  95,  953, XX,  64, NEQ,   49,   45,   44,   49,  997,   78,  21,   0,   0,    ,   0,    , 285,  10,           ,  ,  0,    ,    0,    0,    0,    0, THERMO PARAMS, 64, 1277, 2522, N, 10, DT, -999, SHR82, -99, 
EP, 11, 2026082600, 03, HFSA, 126, 190N, 1252W,  84,  957, XX,  34, NEQ,  125,  107,  104,  139, 1001,   86,  24,   0,   0,    ,   0,    , -99, -99,           ,  ,  0,    ,    0,    0,    0,    0, THERMO PARAMS, 41, 1141, 2528, N, 10, DT, -999, SHR82, -99, 
EP, 11, 2026082600, 03, HFSA, 126, 190N, 1252W,  84,  957, XX,  50, NEQ,   66,   57,   58,   66, 1001,   86,  24,   0,   0,    ,   0,    , -99, -99,           ,  ,  0,    ,    0,    0,    0,    0, THERMO PARAMS, 41, 1141, 2528, N, 10, DT, -999, SHR82, -99, 
EP, 11, 2026082600, 03, HFSA, 126, 190N, 1252W,  84,  957, XX,  64, NEQ,   42,   44,   45,   45, 1001,   86,  24,   0,   0,    ,   0,    , -99, -99,           ,  ,  0,    ,    0,    0,    0,    0, THERMO PARAMS, 41, 1141, 2528, N, 10, DT, -999, SHR82, -99, 
EP, 11, 2026082606, 03, AVNO,   0,  81N, 1086W,  19, 1004, XX,  34, NEQ,    0,    0,    0,    0, 1008,   10,  40,   0,   0, 
EP, 11, 2026082606, 03, AVNO,   6,  81N, 1099W,  27, 1004, XX,  34, NEQ,    0,    0,    0,    0,  -99,  -99,  36,   0,   0, 
EP, 11, 2026082606, 03, AVNO,  12,  81N, 1100W,  31, 1006, XX,  34, NEQ,    0,    0,    0,    0, 1010,  183,  14,   0,   0, 
EP, 11, 2026082606, 03, AVNO,  18,  85N, 1097W,  34, 1002, XX,  34, NEQ,    0,   33,    0,    0, 1006,   98,  32,   0,   0, 
EP, 11, 2026082606, 03, AVNO,  24,  91N, 1098W,  36, 1004, XX,  34, NEQ,   51,   37,   60,    0, 1008,   61,  45,   0,   0, 
EP, 11, 2026082606, 03, AVNO,  30, 101N, 1095W,  37,  998, XX,  34, NEQ,    0,   86,  112,   35, 1002,   27,  32,   0,   0, 
EP, 11, 2026082606, 03, AVNO,  36, 109N, 1102W,  42, 1000, XX,  34, NEQ,  166,  116,  131,  141, 1004,   47,  44,   0,   0, 
EP, 11, 2026082606, 03, AVNO,  42, 121N, 1115W,  42,  996, XX,  34, NEQ,  105,  149,  219,   84, 1004,  143,  74,   0,   0, 
EP, 11, 2026082606, 03, AVNO,  48, 123N, 1128W,  46,  998, XX,  34, NEQ,  147,  174,    0,   87, 1010,  280,  73,   0,   0, 
EP, 11, 2026082606, 03, AVNO,  54, 127N, 1131W,  44,  993, XX,  34, NEQ,  158,   71,    0,  106, 1005,  132,  63,   0,   0, 
EP, 11, 2026082606, 03, AVNO,  60, 136N, 1138W,  52,  989, XX,  34, NEQ,  165,  137,   71,   86, 1009,  238,  57,   0,   0, 
EP, 11, 2026082606, 03, AVNO,  60, 136N, 1138W,  52,  989, XX,  50, NEQ,    0,    0,    0,   57, 1009,  238,  57,   0,   0, 
EP, 11, 2026082606, 03, AVNO,  66, 144N, 1143W,  61,  985, XX,  34, NEQ,  146,  120,   82,  130, 1005,  194,  34,   0,   0, 
EP, 11, 2026082606, 03, AVNO,  66, 144N, 1143W,  61,  985, XX,  50, NEQ,   42,   40,    0,    0, 1005,  194,  34,   0,   0, 
EP, 11, 2026082606, 03, AVNO,  72, 152N, 1155W,  58,  984, XX,  34, NEQ,  174,   89,   64,  108, 1008,  165,  34,   0,   0, 
EP, 11, 2026082606, 03, AVNO,  72, 152N, 1155W,  58,  984, XX,  50, NEQ,   45,   43,    0,   51, 1008,  165,  34,   0,   0, 
EP, 11, 2026082606, 03, AVNO,  78, 160N, 1163W,  61,  978, XX,  34, NEQ,  151,   94,   75,  125, 1006,  198,  46,   0,   0, 
EP, 11, 2026082606, 03, AVNO,  78, 160N, 1163W,  61,  978, XX,  50, NEQ,   61,   63,   38,   54, 1006,  198,  46,   0,   0, 
EP, 11, 2026082606, 03, AVNO,  84, 165N, 1172W,  66,  978, XX,  34, NEQ,  136,   96,   92,  133, 1010,  284,  38,   0,   0, 
EP, 11, 2026082606, 03, AVNO,  84, 165N, 1172W,  66,  978, XX,  50, NEQ,   54,   54,   50,   57, 1010,  284,  38,   0,   0, 
EP, 11, 2026082606, 03, AVNO,  84, 165N, 1172W,  66,  978, XX,  64, NEQ,   39,    0,    0,    0, 1010,  284,  38,   0,   0, 
EP, 11, 2026082606, 03, AVNO,  90, 171N, 1181W,  66,  975, XX,  34, NEQ,  140,   81,   97,  133, 1003,  132,  45,   0,   0, 
EP, 11, 2026082606, 03, AVNO,  90, 171N, 1181W,  66,  975, XX,  50, NEQ,   65,   50,   55,   63, 1003,  132,  45,   0,   0, 
EP, 11, 2026082606, 03, AVNO,  90, 171N, 1181W,  66,  975, XX,  64, NEQ,   46,    0,    0,    0, 1003,  132,  45,   0,   0, 
EP, 11, 2026082606, 03, AVNO,  96, 174N, 1188W,  68,  975, XX,  34, NEQ,  142,   94,   97,  141, 1007,  160,  32,   0,   0, 
EP, 11, 2026082606, 03, AVNO,  96, 174N, 1188W,  68,  975, XX,  50, NEQ,   66,   62,   51,   64, 1007,  160,  32,   0,   0, 
EP, 11, 2026082606, 03, AVNO,  96, 174N, 1188W,  68,  975, XX,  64, NEQ,   41,    0,    0,   37, 1007,  160,  32,   0,   0, 
EP, 11, 2026082606, 03, AVNO, 102, 178N, 1197W,  70,  972, XX,  34, NEQ,  135,   94,  110,  136, 1004,  162,  39,   0,   0, 
EP, 11, 2026082606, 03, AVNO, 102, 178N, 1197W,  70,  972, XX,  50, NEQ,   65,   58,   60,   62, 1004,  162,  39,   0,   0, 
EP, 11, 2026082606, 03, AVNO, 102, 178N, 1197W,  70,  972, XX,  64, NEQ,   45,   42,   36,   32, 1004,  162,  39,   0,   0, 
EP, 11, 2026082606, 03, AVNO, 108, 180N, 1207W,  74,  972, XX,  34, NEQ,  136,   99,  105,  135, 1008,  208,  39,   0,   0, 
EP, 11, 2026082606, 03, AVNO, 108, 180N, 1207W,  74,  972, XX,  50, NEQ,   61,   52,   68,   66, 1008,  208,  39,   0,   0, 
EP, 11, 2026082606, 03, AVNO, 108, 180N, 1207W,  74,  972, XX,  64, NEQ,   50,   43,   43,   40, 1008,  208,  39,   0,   0, 
EP, 11, 2026082606, 03, AVNO, 114, 183N, 1215W,  73,  970, XX,  34, NEQ,  120,  127,  125,  130, 1006,  220,  34,   0,   0, 
EP, 11, 2026082606, 03, AVNO, 114, 183N, 1215W,  73,  970, XX,  50, NEQ,   69,   64,   67,   67, 1006,  220,  34,   0,   0, 
EP, 11, 2026082606, 03, AVNO, 114, 183N, 1215W,  73,  970, XX,  64, NEQ,   51,   43,   44,   31, 1006,  220,  34,   0,   0, 
EP, 11, 2026082606, 03, AVNO, 120, 184N, 1223W,  71,  972, XX,  34, NEQ,  125,  118,  109,  128, 1004,  130,  49,   0,   0, 
EP, 11, 2026082606, 03, AVNO, 120, 184N, 1223W,  71,  972, XX,  50, NEQ,   78,   69,   68,   59, 1004,  130,  49,   0,   0, 
EP, 11, 2026082606, 03, AVNO, 120, 184N, 1223W,  71,  972, XX,  64, NEQ,   57,   34,    0,    0, 1004,  130,  49,   0,   0, 
EP, 11, 2026082606, 03, AVNO, 126, 188N, 1231W,  67,  970, XX,  34, NEQ,  126,  121,  113,  115, 1002,  129,  55,   0,   0, 
EP, 11, 2026082606, 03, AVNO, 126, 188N, 1231W,  67,  970, XX,  50, NEQ,   79,   68,   68,   65, 1002,  129,  55,   0,   0, 
EP, 11, 2026082606, 03, AVNO, 126, 188N, 1231W,  67,  970, XX,  64, NEQ,   56,    0,    0,   36, 1002,  129,  55,   0,   0, 
EP, 11, 2026082606, 03, AVNO, 132, 191N, 1240W,  71,  970, XX,  34, NEQ,  131,  119,  115,  125, 1002,  112,  37,   0,   0, 
EP, 11, 2026082606, 03, AVNO, 132, 191N, 1240W,  71,  970, XX,  50, NEQ,   71,   74,   61,   73, 1002,  112,  37,   0,   0, 
EP, 11, 2026082606, 03, AVNO, 132, 191N, 1240W,  71,  970, XX,  64, NEQ,   45,   56,    0,   40, 1002,  112,  37,   0,   0, 
EP, 11, 2026082606, 03, AVNO, 138, 195N, 1247W,  69,  968, XX,  34, NEQ,  128,  115,  130,  146, 1000,  121,  42,   0,   0, 
EP, 11, 2026082606, 03, AVNO, 138, 195N, 1247W,  69,  968, XX,  50, NEQ,   71,   72,   46,   74, 1000,  121,  42,   0,   0, 
EP, 11, 2026082606, 03, AVNO, 138, 195N, 1247W,  69,  968, XX,  64, NEQ,   44,    0,    0,   42, 1000,  121,  42,   0,   0, 
EP, 11, 2026082606, 03, AVNO, 144, 197N, 1255W,  66,  971, XX,  34, NEQ,  128,  116,  117,  137, 1003,  134,  32,   0,   0, 
EP, 11, 2026082606, 03, AVNO, 144, 197N, 1255W,  66,  971, XX,  50, NEQ,   69,   63,   49,   69, 1003,  134,  32,   0,   0, 
EP, 11, 2026082606, 03, AVNO, 144, 197N, 1255W,  66,  971, XX,  64, NEQ,   37,    0,    0,   35, 1003,  134,  32,   0,   0, 
EP, 11, 2026082606, 03, AVNO, 150, 199N, 1261W,  60,  972, XX,  34, NEQ,  124,  104,  114,  133, 1000,  128,  39,   0,   0, 
EP, 11, 2026082606, 03, AVNO, 150, 199N, 1261W,  60,  972, XX,  50, NEQ,   67,   49,   61,   72, 1000,  128,  39,   0,   0, 
EP, 11, 2026082606, 03, AVNO, 156, 202N, 1266W,  58,  976, XX,  34, NEQ,  132,  116,  110,  137, 1008,  281,  39,   0,   0, 
EP, 11, 2026082606, 03, AVNO, 156, 202N, 1266W,  58,  976, XX,  50, NEQ,   63,   48,   59,   60, 1008,  281,  39,   0,   0, 
EP, 11, 2026082606, 03, AVNO, 162, 205N, 1268W,  60,  975, XX,  34, NEQ,  119,  108,  112,  144, 1007,  459,  44,   0,   0, 
EP, 11, 2026082606, 03, AVNO, 162, 205N, 1268W,  60,  975, XX,  50, NEQ,   46,   60,   59,   70, 1007,  459,  44,   0,   0, 
EP, 11, 2026082606, 03, AVNO, 168, 210N, 1269W,  56,  980, XX,  34, NEQ,  122,  114,   97,  143, 1008,  270,  48,   0,   0, 
EP, 11, 2026082606, 03, AVNO, 168, 210N, 1269W,  56,  980, XX,  50, NEQ,   54,   60,   48,   57, 1008,  270,  48,   0,   0, 
EP, 11, 2026082606, 03, AVNO, 174, 217N, 1271W,  51,  981, XX,  34, NEQ,  109,  107,   97,  119, 1009,  774,  52,   0,   0, 
EP, 11, 2026082606, 03, AVNO, 174, 217N, 1271W,  51,  981, XX,  50, NEQ,    0,   61,    0,    0, 1009,  774,  52,   0,   0, 
EP, 11, 2026082606, 03, AVNO, 180, 226N, 1274W,  51,  985, XX,  34, NEQ,  105,   96,   87,  100, 1009,  312,  46,   0,   0, 
EP, 11, 2026082606, 03, AVNO, 180, 226N, 1274W,  51,  985, XX,  50, NEQ,   47,    0,    0,    0, 1009,  312,  46,   0,   0, 
EP, 11, 2026082606, 03, AVNO, 186, 233N, 1278W,  45,  985, XX,  34, NEQ,   85,   90,   78,   88, 1005,  198,  50,   0,   0, 
EP, 11, 2026082606, 03, AVNO, 192, 238N, 1280W,  42,  990, XX,  34, NEQ,   81,   78,   61,   89, 1010,  271,  44,   0,   0, 
EP, 11, 2026082606, 03, AVNO, 198, 246N, 1283W,  41,  991, XX,  34, NEQ,   80,   72,    0,   72, 1007,  197,  45,   0,   0, 
EP, 11, 2026082606, 03, AVNO, 204, 253N, 1288W,  36,  995, XX,  34, NEQ,   75,   57,    0,   76, 1011,  324,  42,   0,   0, 
EP, 11, 2026082606, 03, AVNO, 210, 260N, 1293W,  37,  995, XX,  34, NEQ,   75,    0,    0,   78, 1007,  174,  46,   0,   0, 
EP, 11, 2026082606, 03, AVNO, 216, 265N, 1298W,  34,  999, XX,  34, NEQ,    0,    0,    0,   64, 1011,  282,  58,   0,   0, 
EP, 11, 2026082606, 03, AVNO, 222, 270N, 1304W,  32,  999, XX,  34, NEQ,    0,    0,    0,    0, 1007,  112,  77,   0,   0, 
EP, 11, 2026082606, 03, AVNO, 228, 275N, 1308W,  30, 1002, XX,  34, NEQ,    0,    0,    0,    0, 1010,  150,  99,   0,   0, 
EP, 11, 2026082606, 03, AVNO, 234, 279N, 1312W,  29, 1002, XX,  34, NEQ,    0,    0,    0,    0, 1006,   54,  97,   0,   0, 
EP, 11, 2026082606, 03, AVNO, 240, 283N, 1314W,  27, 1005, XX,  34, NEQ,    0,    0,    0,    0, 1009,   68,  98,   0,   0, 
EP, 11, 2026082606, 03, HCCA,   0,  90N, 1066W,  20,    0,   ,   0,    ,    0,    0,    0,    0, 
EP, 11, 2026082606, 03, HCCA,  12,  95N, 1076W,  32,    0,   ,   0,    ,    0,    0,    0,    0, 
EP, 11, 2026082606, 03, HCCA,  24, 109N, 1084W,  40,    0,   ,   0,    ,    0,    0,    0,    0, 
EP, 11, 2026082606, 03, HCCA,  36, 125N, 1103W,  46,    0,   ,   0,    ,    0,    0,    0,    0, 
EP, 11, 2026082606, 03, HCCA,  48, 137N, 1123W,  55,    0,   ,   0,    ,    0,    0,    0,    0, 
EP, 11, 2026082606, 03, HCCA,  60, 151N, 1142W,  63,    0,   ,   0,    ,    0,    0,    0,    0, 
EP, 11, 2026082606, 03, HCCA,  72, 165N, 1160W,  74,    0,   ,   0,    ,    0,    0,    0,    0, 
EP, 11, 2026082606, 03, HCCA,  84, 179N, 1175W,  90,    0,   ,   0,    ,    0,    0,    0,    0, 
EP, 11, 2026082606, 03, HCCA,  96, 192N, 1191W,  96,    0,   ,   0,    ,    0,    0,    0,    0, 
EP, 11, 2026082606, 03, HCCA, 108, 202N, 1208W,  94,    0,   ,   0,    ,    0,    0,    0,    0, 
EP, 11, 2026082606, 03, HCCA, 120, 209N, 1224W,  89,    0,   ,   0,    ,    0,    0,    0,    0, 
EP, 11, 2026082606, 03, HCCA, 132, 215N, 1238W,  82,    0,   ,   0,    ,    0,    0,    0,    0, 
EP, 11, 2026082606, 03, HCCA, 144, 223N, 1249W,  79,    0,   ,   0,    ,    0,    0,    0,    0, 
EP, 11, 2026082606, 03, HCCA, 156, 234N, 1257W,  73,    0,   ,   0,    ,    0,    0,    0,    0, 
EP, 11, 2026082606, 03, HCCA, 168, 246N, 1264W,  68,    0,   ,   0,    ,    0,    0,    0,    0, 
EP, 11, 2026082606, 03, HFSA,   0,  89N, 1076W,  22, 1003, XX,  34, NEQ,    0,    0,    0,    0, 1007,   10,  18,   0,   0,    ,   0,    , 272,   7,           ,  ,  0,    ,    0,    0,    0,    0, THERMO PARAMS, 46, -127, -79, N, 10, DT, -999, SHR82, -99, 
EP, 11, 2026082606, 03, HFSA,   6,  85N, 1068W,  33,  999, XX,  34, NEQ,    0,    0,    0,    0, 1003,    6,  99,   0,   0,    ,   0,    , 103,   6,           ,  ,  0,    ,    0,    0,    0,    0, THERMO PARAMS, -33, 103, 11, N, 10, DT, -999, SHR82, -99, 
EP, 11, 2026082606, 03, HFSA,  12,  88N, 1079W,  34, 1004, XX,  34, NEQ,    0,    0,    0,    0, 1008,   50,  87,   0,   0,    ,   0,    , 309,   7,           ,  ,  0,    ,    0,    0,    0,    0, THERMO PARAMS, 29, -112, 114, N, 10, DT, -999, SHR82, -99, 
EP, 11, 2026082606, 03, HFSA,  18,  89N, 1102W,  39, 1003, XX,  34, NEQ,    0,    0,    0,    0,  -99,  -99,  69,   0,   0,    ,   0,    , 262,  12,           ,  ,  0,    ,    0,    0,    0,    0, THERMO PARAMS, 105, -53, -1, N, 10, DT, -999, SHR82, -99, 
EP, 11, 2026082606, 03, HFSA,  24,  95N, 1102W,  46, 1004, XX,  34, NEQ,   49,   96,  117,    0,  -99,  -99,  42,   0,   0,    ,   0,    , 336,   8,           ,  ,  0,    ,    0,    0,    0,    0, THERMO PARAMS, -14, 446, 396, N, 10, DT, -999, SHR82, -99, 
EP, 11, 2026082606, 03, HFSA,  30, 112N, 1109W,  47, 1000, XX,  34, NEQ,   73,  142,    0,    0,  -99,  -99,  69,   0,   0,    ,   0,    , 318,  13,           ,  ,  0,    ,    0,    0,    0,    0, THERMO PARAMS, -23, 383, 483, N, 10, DT, -999, SHR82, -99, 
EP, 11, 2026082606, 03, HFSA,  36, 120N, 1118W,  44, 1000, XX,  34, NEQ,  110,  189,    0,   53,  -99,  -99,  74,   0,   0,    ,   0,    , 297,  13,           ,  ,  0,    ,    0,    0,    0,    0, THERMO PARAMS, -21, 428, 389, N, 10, DT, -999, SHR82, -99, 
EP, 11, 2026082606, 03, HFSA,  42, 122N, 1131W,  44,  996, XX,  34, NEQ,  146,   83,    0,  100,  -99,  -99,  94,   0,   0,    ,   0,    , 277,  10,           ,  ,  0,    ,    0,    0,    0,    0, THERMO PARAMS, -14, 342, 553, N, 10, DT, -999, SHR82, -99, 
EP, 11, 2026082606, 03, HFSA,  48, 121N, 1136W,  52,  990, XX,  34, NEQ,  167,  104,   70,  154,  998,   21,  16,   0,   0,    ,   0,    , 314,   6,           ,  ,  0,    ,    0,    0,    0,    0, THERMO PARAMS, -54, 643, 921, N, 10, DT, -999, SHR82, -99, 
EP, 11, 2026082606, 03, HFSA,  48, 121N, 1136W,  52,  990, XX,  50, NEQ,   16,    0,    0,    0,  998,   21,  16,   0,   0,    ,   0,    , 314,   6,           ,  ,  0,    ,    0,    0,    0,    0, THERMO PARAMS, -54, 643, 921, N, 10, DT, -999, SHR82, -99, 
EP, 11, 2026082606, 03, HFSA,  54, 127N, 1142W,  56,  991, XX,  34, NEQ,  128,  110,    0,  123,  995,   22,  60,   0,   0,    ,   0,    , 318,   9,           ,  ,  0,    ,    0,    0,    0,    0, THERMO PARAMS, -78, 577, 623, N, 10, DT, -999, SHR82, -99, 
EP, 11, 2026082606, 03, HFSA,  54, 127N, 1142W,  56,  991, XX,  50, NEQ,    0,   63,    0,    0,  995,   22,  60,   0,   0,    ,   0,    , 318,   9,           ,  ,  0,    ,    0,    0,    0,    0, THERMO PARAMS, -78, 577, 623, N, 10, DT, -999, SHR82, -99, 
EP, 11, 2026082606, 03, HFSA,  60, 137N, 1150W,  58,  990, XX,  34, NEQ,  138,  144,   55,  125,  994,   16,  51,   0,   0,    ,   0,    , 309,  13,           ,  ,  0,    ,    0,    0,    0,    0, THERMO PARAMS, -76, 749, 874, N, 10, DT, -999, SHR82, -99, 
EP, 11, 2026082606, 03, HFSA,  60, 137N, 1150W,  58,  990, XX,  50, NEQ,   66,    0,    0,   42,  994,   16,  51,   0,   0,    ,   0,    , 309,  13,           ,  ,  0,    ,    0,    0,    0,    0, THERMO PARAMS, -76, 749, 874, N, 10, DT, -999, SHR82, -99, 
EP, 11, 2026082606, 03, HFSA,  66, 144N, 1160W,  61,  986, XX,  34, NEQ,  144,  133,   65,  112,  990,   20,  45,   0,   0,    ,   0,    , 306,  11,           ,  ,  0,    ,    0,    0,    0,    0, THERMO PARAMS, -65, 297, 960, N, 10, DT, -999, SHR82, -99, 
EP, 11, 2026082606, 03, HFSA,  66, 144N, 1160W,  61,  986, XX,  50, NEQ,   52,    0,    0,   53,  990,   20,  45,   0,   0,    ,   0,    , 306,  11,           ,  ,  0,    ,    0,    0,    0,    0, THERMO PARAMS, -65, 297, 960, N, 10, DT, -999, SHR82, -99, 
EP, 11, 2026082606, 03, HFSA,  72, 151N, 1169W,  58,  985, XX,  34, NEQ,  157,   78,   70,  117,  989,   16,  22,   0,   0,    ,   0,    , 299,  10,           ,  ,  0,    ,    0,    0,    0,    0, THERMO PARAMS, -37, 1085, 1043, N, 10, DT, -999, SHR82, -99, 
EP, 11, 2026082606, 03, HFSA,  72, 151N, 1169W,  58,  985, XX,  50, NEQ,   49,   28,    0,   47,  989,   16,  22,   0,   0,    ,   0,    , 299,  10,           ,  ,  0,    ,    0,    0,    0,    0, THERMO PARAMS, -37, 1085, 1043, N, 10, DT, -999, SHR82, -99, 
EP, 11, 2026082606, 03, HFSA,  78, 156N, 1178W,  63,  976, XX,  34, NEQ,  160,  162,   81,  118,  996,   46,  23,   0,   0,    ,   0,    , 303,   8,           ,  ,  0,    ,    0,    0,    0,    0, THERMO PARAMS, 2, 1496, 1568, N, 10, DT, -999, SHR82, -99, 
EP, 11, 2026082606, 03, HFSA,  78, 156N, 1178W,  63,  976, XX,  50, NEQ,   65,   28,   21,   44,  996,   46,  23,   0,   0,    ,   0,    , 303,   8,           ,  ,  0,    ,    0,    0,    0,    0, THERMO PARAMS, 2, 1496, 1568, N, 10, DT, -999, SHR82, -99, 
EP, 11, 2026082606, 03, HFSA,  84, 160N, 1185W,  67,  975, XX,  34, NEQ,  154,   99,  100,  142, 1003,   80,  21,   0,   0,    ,   0,    , 306,   8,           ,  ,  0,    ,    0,    0,    0,    0, THERMO PARAMS, -4, 1524, 1441, N, 10, DT, -999, SHR82, -99, 
EP, 11, 2026082606, 03, HFSA,  84, 160N, 1185W,  67,  975, XX,  50, NEQ,   53,   36,   34,   47, 1003,   80,  21,   0,   0,    ,   0,    , 306,   8,           ,  ,  0,    ,    0,    0,    0,    0, THERMO PARAMS, -4, 1524, 1441, N, 10, DT, -999, SHR82, -99, 
EP, 11, 2026082606, 03, HFSA,  84, 160N, 1185W,  67,  975, XX,  64, NEQ,   21,   21,    0,    0, 1003,   80,  21,   0,   0,    ,   0,    , 306,   8,           ,  ,  0,    ,    0,    0,    0,    0, THERMO PARAMS, -4, 1524, 1441, N, 10, DT, -999, SHR82, -99, 
EP, 11, 2026082606, 03, HFSA,  90, 167N, 1192W,  82,  966, XX,  34, NEQ,  149,   91,   97,  130,  998,   66,  17,   0,   0,    ,   0,    , 315,   8,           ,  ,  0,    ,    0,    0,    0,    0, THERMO PARAMS, 27, 1620, 1760, N, 10, DT, -999, SHR82, -99, 
EP, 11, 2026082606, 03, HFSA,  90, 167N, 1192W,  82,  966, XX,  50, NEQ,   44,   40,   39,   53,  998,   66,  17,   0,   0,    ,   0,    , 315,   8,           ,  ,  0,    ,    0,    0,    0,    0, THERMO PARAMS, 27, 1620, 1760, N, 10, DT, -999, SHR82, -99, 
EP, 11, 2026082606, 03, HFSA,  90, 167N, 1192W,  82,  966, XX,  64, NEQ,   24,   21,   19,   26,  998,   66,  17,   0,   0,    ,   0,    , 315,   8,           ,  ,  0,    ,    0,    0,    0,    0, THERMO PARAMS, 27, 1620, 1760, N, 10, DT, -999, SHR82, -99, 
EP, 11, 2026082606, 03, HFSA,  96, 174N, 1199W,  92,  960, XX,  34, NEQ,  121,  108,  110,  141, 1000,   65,  18,   0,   0,    ,   0,    , 314,   9,           ,  ,  0,    ,    0,    0,    0,    0, THERMO PARAMS, 86, 1720, 2291, N, 10, DT, -999, SHR82, -99, 
EP, 11, 2026082606, 03, HFSA,  96, 174N, 1199W,  92,  960, XX,  50, NEQ,   55,   49,   45,   53, 1000,   65,  18,   0,   0,    ,   0,    , 314,   9,           ,  ,  0,    ,    0,    0,    0,    0, THERMO PARAMS, 86, 1720, 2291, N, 10, DT, -999, SHR82, -99, 
EP, 11, 2026082606, 03, HFSA,  96, 174N, 1199W,  92,  960, XX,  64, NEQ,   31,   29,   24,   34, 1000,   65,  18,   0,   0,    ,   0,    , 314,   9,           ,  ,  0,    ,    0,    0,    0,    0, THERMO PARAMS, 86, 1720, 2291, N, 10, DT, -999, SHR82, -99, 
EP, 11, 2026082606, 03, HFSA, 102, 180N, 1206W,  98,  952, XX,  34, NEQ,  126,  110,  104,  136,  996,   63,  17,   0,   0,    ,   0,    , 311,   9,           ,  ,  0,    ,    0,    0,    0,    0, THERMO PARAMS, 72, 1512, 2733, N, 10, DT, -999, SHR82, -99, 
EP, 11, 2026082606, 03, HFSA, 102, 180N, 1206W,  98,  952, XX,  50, NEQ,   60,   55,   49,   57,  996,   63,  17,   0,   0,    ,   0,    , 311,   9,           ,  ,  0,    ,    0,    0,    0,    0, THERMO PARAMS, 72, 1512, 2733, N, 10, DT, -999, SHR82, -99, 
EP, 11, 2026082606, 03, HFSA, 102, 180N, 1206W,  98,  952, XX,  64, NEQ,   39,   39,   29,   39,  996,   63,  17,   0,   0,    ,   0,    , 311,   9,           ,  ,  0,    ,    0,    0,    0,    0, THERMO PARAMS, 72, 1512, 2733, N, 10, DT, -999, SHR82, -99, 
EP, 11, 2026082606, 03, HFSA, 108, 186N, 1216W, 102,  951, XX,  34, NEQ,  125,  105,  100,  128,  999,   71,  17,   0,   0,    ,   0,    , 304,  11,           ,  ,  0,    ,    0,    0,    0,    0, THERMO PARAMS, 81, 1342, 2657, N, 10, DT, -999, SHR82, -99, 
EP, 11, 2026082606, 03, HFSA, 108, 186N, 1216W, 102,  951, XX,  50, NEQ,   60,   60,   50,   68,  999,   71,  17,   0,   0,    ,   0,    , 304,  11,           ,  ,  0,    ,    0,    0,    0,    0, THERMO PARAMS, 81, 1342, 2657, N, 10, DT, -999, SHR82, -99, 
EP, 11, 2026082606, 03, HFSA, 108, 186N, 1216W, 102,  951, XX,  64, NEQ,   44,   37,   36,   44,  999,   71,  17,   0,   0,    ,   0,    , 304,  11,           ,  ,  0,    ,    0,    0,    0,    0, THERMO PARAMS, 81, 1342, 2657, N, 10, DT, -999, SHR82, -99, 
EP, 11, 2026082606, 03, HFSA, 114, 191N, 1225W, 100,  949, XX,  34, NEQ,  115,  110,   96,  113,  997,   67,  22,   0,   0,    ,   0,    , 300,   9,           ,  ,  0,    ,    0,    0,    0,    0, THERMO PARAMS, 103, 1177, 2827, N, 10, DT, -999, SHR82, -99, 
EP, 11, 2026082606, 03, HFSA, 114, 191N, 1225W, 100,  949, XX,  50, NEQ,   65,   57,   53,   65,  997,   67,  22,   0,   0,    ,   0,    , 300,   9,           ,  ,  0,    ,    0,    0,    0,    0, THERMO PARAMS, 103, 1177, 2827, N, 10, DT, -999, SHR82, -99, 
EP, 11, 2026082606, 03, HFSA, 114, 191N, 1225W, 100,  949, XX,  64, NEQ,   45,   40,   37,   45,  997,   67,  22,   0,   0,    ,   0,    , 300,   9,           ,  ,  0,    ,    0,    0,    0,    0, THERMO PARAMS, 103, 1177, 2827, N, 10, DT, -999, SHR82, -99, 
EP, 11, 2026082606, 03, HFSA, 120, 195N, 1236W, 104,  952, XX,  34, NEQ,  117,  113,   94,  118,  996,   57,  23,   0,   0,    ,   0,    , 291,  10,           ,  ,  0,    ,    0,    0,    0,    0, THERMO PARAMS, 61, 1202, 2687, N, 10, DT, -999, SHR82, -99, 
EP, 11, 2026082606, 03, HFSA, 120, 195N, 1236W, 104,  952, XX,  50, NEQ,   66,   57,   53,   60,  996,   57,  23,   0,   0,    ,   0,    , 291,  10,           ,  ,  0,    ,    0,    0,    0,    0, THERMO PARAMS, 61, 1202, 2687, N, 10, DT, -999, SHR82, -99, 
EP, 11, 2026082606, 03, HFSA, 120, 195N, 1236W, 104,  952, XX,  64, NEQ,   44,   42,   40,   45,  996,   57,  23,   0,   0,    ,   0,    , 291,  10,           ,  ,  0,    ,    0,    0,    0,    0, THERMO PARAMS, 61, 1202, 2687, N, 10, DT, -999, SHR82, -99, 
EP, 11, 2026082606, 03, HFSA, 126, 198N, 1248W,  94,  954, XX,  34, NEQ,  128,  113,   91,  125, 1002,  107,  22,   0,   0,    ,   0,    , -99, -99,           ,  ,  0,    ,    0,    0,    0,    0, THERMO PARAMS, 20, 1143, 2552, N, 10, DT, -999, SHR82, -99, 
EP, 11, 2026082606, 03, HFSA, 126, 198N, 1248W,  94,  954, XX,  50, NEQ,   58,   53,   53,   68, 1002,  107,  22,   0,   0,    ,   0,    , -99, -99,           ,  ,  0,    ,    0,    0,    0,    0, THERMO PARAMS, 20, 1143, 2552, N, 10, DT, -999, SHR82, -99, 
EP, 11, 2026082606, 03, HFSA, 126, 198N, 1248W,  94,  954, XX,  64, NEQ,   44,   39,   39,   45, 1002,  107,  22,   0,   0,    ,   0,    , -99, -99,           ,  ,  0,    ,    0,    0,    0,    0, THERMO PARAMS, 20, 1143, 2552, N, 10, DT, -999, SHR82, -99, 
EP, 11, 2026082606, 03, TVCN,   0,  90N, 1066W,   0,    0,   ,   0,    ,    0,    0,    0,    0, 
EP, 11, 2026082606, 03, TVCN,  12,  94N, 1075W,   0,    0,   ,   0,    ,    0,    0,    0,    0, 
EP, 11, 2026082606, 03, TVCN,  24, 108N, 1084W,   0,    0,   ,   0,    ,    0,    0,    0,    0, 
EP, 11, 2026082606, 03, TVCN,  36, 122N, 1101W,   0,    0,   ,   0,    ,    0,    0,    0,    0, 
EP, 11, 2026082606, 03, TVCN,  48, 132N, 1122W,   0,    0,   ,   0,    ,    0,    0,    0,    0, 
EP, 11, 2026082606, 03, TVCN,  60, 143N, 1141W,   0,    0,   ,   0,    ,    0,    0,    0,    0, 
EP, 11, 2026082606, 03, TVCN,  72, 155N, 1158W,   0,    0,   ,   0,    ,    0,    0,    0,    0, 
EP, 11, 2026082606, 03, TVCN,  84, 168N, 1174W,   0,    0,   ,   0,    ,    0,    0,    0,    0, 
EP, 11, 2026082606, 03, TVCN,  96, 179N, 1191W,   0,    0,   ,   0,    ,    0,    0,    0,    0, 
EP, 11, 2026082606, 03, TVCN, 108, 188N, 1209W,   0,    0,   ,   0,    ,    0,    0,    0,    0, 
EP, 11, 2026082606, 03, TVCN, 120, 195N, 1226W,   0,    0,   ,   0,    ,    0,    0,    0,    0, 
EP, 11, 2026082606, 03, TVCN, 132, 201N, 1243W,   0,    0,   ,   0,    ,    0,    0,    0,    0, 
EP, 11, 2026082606, 03, TVCN, 144, 208N, 1248W,   0,    0,   ,   0,    ,    0,    0,    0,    0, 
EP, 11, 2026082606, 03, TVCN, 156, 218N, 1260W,   0,    0,   ,   0,    ,    0,    0,    0,    0, 
EP, 11, 2026082606, 03, TVCN, 168, 230N, 1270W,   0,    0,   ,   0,    ,    0,    0,    0,    0, 
EP, 11, 2026082612, 03, AVNO,   0,  81N, 1089W,  26, 1005, XX,  34, NEQ,    0,    0,    0,    0,  -99,  -99,  82,   0,   0, 
EP, 11, 2026082612, 03, AVNO,   6,  80N, 1104W,  29, 1007, XX,  34, NEQ,    0,    0,    0,    0,  -99,  -99,  43,   0,   0, 
EP, 11, 2026082612, 03, AVNO,  12,  85N, 1101W,  34, 1002, XX,  34, NEQ,    0,    0,    0,    0, 1006,  113,  38,   0,   0, 
EP, 11, 2026082612, 03, AVNO,  18,  88N, 1100W,  33, 1006, XX,  34, NEQ,    0,    0,    0,    0,  -99,  -99,  33,   0,   0, 
EP, 11, 2026082612, 03, AVNO,  24,  98N, 1099W,  40, 1001, XX,  34, NEQ,  195,   60,  154,    0,  -99,  -99,  61,   0,   0, 
EP, 11, 2026082612, 03, AVNO,  30, 111N, 1104W,  41, 1002, XX,  34, NEQ,  170,   98,  137,    0, 1006,   77, 140,   0,   0, 
EP, 11, 2026082612, 03, AVNO,  36, 122N, 1116W,  40,  998, XX,  34, NEQ,  135,  167,  243,  113, 1006,  197,  81,   0,   0, 
EP, 11, 2026082612, 03, AVNO,  42, 126N, 1130W,  45, 1000, XX,  34, NEQ,  143,  118,    0,  104, 1008,  155,  81,   0,   0, 
EP, 11, 2026082612, 03, AVNO,  48, 128N, 1138W,  43,  996, XX,  34, NEQ,  149,    0,    0,  104, 1004,  116,  63,   0,   0, 
EP, 11, 2026082612, 03, AVNO,  54, 135N, 1143W,  47,  987, XX,  34, NEQ,  103,  103,   43,   90, 1007,  147,  31,   0,   0, 
EP, 11, 2026082612, 03, AVNO,  60, 141N, 1150W,  41,  990, XX,  34, NEQ,  158,  116,    0,  113, 1006,  190,  67,   0,   0, 
EP, 11, 2026082612, 03, AVNO,  66, 149N, 1155W,  45,  992, XX,  34, NEQ,  162,   75,    0,  110, 1000,   46,  41,   0,   0, 
EP, 11, 2026082612, 03, AVNO,  72, 160N, 1163W,  57,  982, XX,  34, NEQ,  138,  103,   59,  112, 1006,  176,  34,   0,   0, 
EP, 11, 2026082612, 03, AVNO,  72, 160N, 1163W,  57,  982, XX,  50, NEQ,   29,   36,    0,    0, 1006,  176,  34,   0,   0, 
EP, 11, 2026082612, 03, AVNO,  78, 169N, 1173W,  62,  978, XX,  34, NEQ,  141,   87,   73,  115, 1010,  269,  26,   0,   0, 
EP, 11, 2026082612, 03, AVNO,  78, 169N, 1173W,  62,  978, XX,  50, NEQ,   56,   45,   37,   47, 1010,  269,  26,   0,   0, 
EP, 11, 2026082612, 03, AVNO,  84, 175N, 1182W,  69,  972, XX,  34, NEQ,  132,   69,   84,  118, 1004,  153,  28,   0,   0, 
EP, 11, 2026082612, 03, AVNO,  84, 175N, 1182W,  69,  972, XX,  50, NEQ,   57,   43,   47,   49, 1004,  153,  28,   0,   0, 
EP, 11, 2026082612, 03, AVNO,  84, 175N, 1182W,  69,  972, XX,  64, NEQ,   38,    0,    0,   31, 1004,  153,  28,   0,   0, 
EP, 11, 2026082612, 03, AVNO,  90, 179N, 1191W,  65,  974, XX,  34, NEQ,  132,   83,   86,  116, 1010,  234,  26,   0,   0, 
EP, 11, 2026082612, 03, AVNO,  90, 179N, 1191W,  65,  974, XX,  50, NEQ,   59,   45,   44,   55, 1010,  234,  26,   0,   0, 
EP, 11, 2026082612, 03, AVNO,  90, 179N, 1191W,  65,  974, XX,  64, NEQ,    0,   37,    0,   26, 1010,  234,  26,   0,   0, 
EP, 11, 2026082612, 03, AVNO,  96, 181N, 1199W,  69,  972, XX,  34, NEQ,  100,   96,  101,  115, 1004,  144,  26,   0,   0, 
EP, 11, 2026082612, 03, AVNO,  96, 181N, 1199W,  69,  972, XX,  50, NEQ,   43,   51,   50,   57, 1004,  144,  26,   0,   0, 
EP, 11, 2026082612, 03, AVNO,  96, 181N, 1199W,  69,  972, XX,  64, NEQ,   26,    0,    0,   33, 1004,  144,  26,   0,   0, 
EP, 11, 2026082612, 03, AVNO, 102, 182N, 1205W,  66,  972, XX,  34, NEQ,   86,  100,  100,  108, 1008,  165,  29,   0,   0, 
EP, 11, 2026082612, 03, AVNO, 102, 182N, 1205W,  66,  972, XX,  50, NEQ,   51,   45,   52,   47, 1008,  165,  29,   0,   0, 
EP, 11, 2026082612, 03, AVNO, 102, 182N, 1205W,  66,  972, XX,  64, NEQ,    0,    0,   25,   32, 1008,  165,  29,   0,   0, 
EP, 11, 2026082612, 03, AVNO, 108, 185N, 1208W,  72,  967, XX,  34, NEQ,   93,  108,  118,  101, 1007,  232,  34,   0,   0, 
EP, 11, 2026082612, 03, AVNO, 108, 185N, 1208W,  72,  967, XX,  50, NEQ,   48,   49,   50,   53, 1007,  232,  34,   0,   0, 
EP, 11, 2026082612, 03, AVNO, 108, 185N, 1208W,  72,  967, XX,  64, NEQ,   33,   36,   33,   34, 1007,  232,  34,   0,   0, 
EP, 11, 2026082612, 03, AVNO, 114, 187N, 1213W,  73,  968, XX,  34, NEQ,  103,  106,   96,  101,  988,   32,  27,   0,   0, 
EP, 11, 2026082612, 03, AVNO, 114, 187N, 1213W,  73,  968, XX,  50, NEQ,   57,   52,   53,   48,  988,   32,  27,   0,   0, 
EP, 11, 2026082612, 03, AVNO, 114, 187N, 1213W,  73,  968, XX,  64, NEQ,   38,   33,   34,   30,  988,   32,  27,   0,   0, 
EP, 11, 2026082612, 03, AVNO, 120, 191N, 1216W,  71,  965, XX,  34, NEQ,  104,  122,  103,   98, 1005,  162,  33,   0,   0, 
EP, 11, 2026082612, 03, AVNO, 120, 191N, 1216W,  71,  965, XX,  50, NEQ,   50,   61,   53,   55, 1005,  162,  33,   0,   0, 
EP, 11, 2026082612, 03, AVNO, 120, 191N, 1216W,  71,  965, XX,  64, NEQ,   36,   40,   34,   35, 1005,  162,  33,   0,   0, 
EP, 11, 2026082612, 03, AVNO, 126, 196N, 1219W,  71,  968, XX,  34, NEQ,  125,  125,   98,   91,  984,   33,  32,   0,   0, 
EP, 11, 2026082612, 03, AVNO, 126, 196N, 1219W,  71,  968, XX,  50, NEQ,   63,   62,   56,   55,  984,   33,  32,   0,   0, 
EP, 11, 2026082612, 03, AVNO, 126, 196N, 1219W,  71,  968, XX,  64, NEQ,   46,   44,   35,   40,  984,   33,  32,   0,   0, 
EP, 11, 2026082612, 03, AVNO, 132, 202N, 1221W,  75,  966, XX,  34, NEQ,  120,  122,  102,  105, 1006,  208,  30,   0,   0, 
EP, 11, 2026082612, 03, AVNO, 132, 202N, 1221W,  75,  966, XX,  50, NEQ,   59,   65,   50,   62, 1006,  208,  30,   0,   0, 
EP, 11, 2026082612, 03, AVNO, 132, 202N, 1221W,  75,  966, XX,  64, NEQ,   40,   44,   27,   39, 1006,  208,  30,   0,   0, 
EP, 11, 2026082612, 03, AVNO, 138, 206N, 1224W,  71,  970, XX,  34, NEQ,  120,  121,  102,   92, 1006,  152,  36,   0,   0, 
EP, 11, 2026082612, 03, AVNO, 138, 206N, 1224W,  71,  970, XX,  50, NEQ,   55,   62,   56,   50, 1006,  152,  36,   0,   0, 
EP, 11, 2026082612, 03, AVNO, 138, 206N, 1224W,  71,  970, XX,  64, NEQ,   44,   36,    0,    0, 1006,  152,  36,   0,   0, 
EP, 11, 2026082612, 03, AVNO, 144, 211N, 1224W,  62,  972, XX,  34, NEQ,  111,  111,   95,   92, 1004,  149,  45,   0,   0, 
EP, 11, 2026082612, 03, AVNO, 144, 211N, 1224W,  62,  972, XX,  50, NEQ,   57,   67,   53,   51, 1004,  149,  45,   0,   0, 
EP, 11, 2026082612, 03, AVNO, 150, 218N, 1226W,  60,  977, XX,  34, NEQ,  107,  111,   82,  100, 1005,  120,  31,   0,   0, 
EP, 11, 2026082612, 03, AVNO, 150, 218N, 1226W,  60,  977, XX,  50, NEQ,   62,   65,   46,   59, 1005,  120,  31,   0,   0, 
EP, 11, 2026082612, 03, AVNO, 156, 227N, 1228W,  59,  976, XX,  34, NEQ,  112,  102,   87,   95, 1004,  159,  31,   0,   0, 
EP, 11, 2026082612, 03, AVNO, 156, 227N, 1228W,  59,  976, XX,  50, NEQ,   60,   58,   49,   51, 1004,  159,  31,   0,   0, 
EP, 11, 2026082612, 03, AVNO, 162, 234N, 1230W,  55,  981, XX,  34, NEQ,  115,  116,   85,   97, 1005,  126,  41,   0,   0, 
EP, 11, 2026082612, 03, AVNO, 162, 234N, 1230W,  55,  981, XX,  50, NEQ,   55,   59,    0,   50, 1005,  126,  41,   0,   0, 
EP, 11, 2026082612, 03, AVNO, 168, 242N, 1231W,  54,  983, XX,  34, NEQ,  106,  102,   82,   99, 1003,  112,  57,   0,   0, 
EP, 11, 2026082612, 03, AVNO, 168, 242N, 1231W,  54,  983, XX,  50, NEQ,   63,   43,    0,   40, 1003,  112,  57,   0,   0, 
EP, 11, 2026082612, 03, AVNO, 174, 250N, 1234W,  50,  988, XX,  34, NEQ,  106,  106,   83,   90, 1004,   96,  46,   0,   0, 
EP, 11, 2026082612, 03, AVNO, 180, 259N, 1235W,  47,  989, XX,  34, NEQ,   97,  101,   66,   96, 1005,  137,  45,   0,   0, 
EP, 11, 2026082612, 03, AVNO, 186, 268N, 1237W,  43,  995, XX,  34, NEQ,  104,   84,   60,  104, 1007,  101,  41,   0,   0, 
EP, 11, 2026082612, 03, AVNO, 192, 277N, 1239W,  37,  996, XX,  34, NEQ,   93,   63,    0,  104, 1004,   76,  47,   0,   0, 
EP, 11, 2026082612, 03, AVNO, 198, 285N, 1240W,  35, 1001, XX,  34, NEQ,    0,    0,    0,   77, 1009,   91,  59,   0,   0, 
EP, 11, 2026082612, 03, AVNO, 204, 293N, 1240W,  31, 1001, XX,  34, NEQ,    0,    0,    0,    0, 1009,  117,  90,   0,   0, 
EP, 11, 2026082612, 03, AVNO, 210, 297N, 1238W,  28, 1004, XX,  34, NEQ,    0,    0,    0,    0, 1008,   52,  79,   0,   0, 
EP, 11, 2026082612, 03, AVNO, 216, 302N, 1232W,  26, 1005, XX,  34, NEQ,    0,    0,    0,    0, 1009,   62,  91,   0,   0, 
EP, 11, 2026082612, 03, AVNO, 222, 307N, 1226W,  25, 1007, XX,  34, NEQ,    0,    0,    0,    0, 1011,   79,  68,   0,   0, 
EP, 11, 2026082612, 03, AVNO, 228, 311N, 1219W,  26, 1007, XX,  34, NEQ,    0,    0,    0,    0, 1011,  105,  69,   0,   0, 
EP, 11, 2026082612, 03, AVNO, 234, 310N, 1212W,  23, 1008, XX,  34, NEQ,    0,    0,    0,    0,  -99,  -99, 109,   0,   0, 
EP, 11, 2026082612, 03, AVNO, 240, 310N, 1207W,  23, 1007, XX,  34, NEQ,    0,    0,    0,    0,  -99,  -99, 137,   0,   0, 
EP, 11, 2026082612, 03, HCCA,   0,  91N, 1072W,  25,    0,   ,   0,    ,    0,    0,    0,    0, 
EP, 11, 2026082612, 03, HCCA,  12, 100N, 1082W,  36,    0,   ,   0,    ,    0,    0,    0,    0, 
EP, 11, 2026082612, 03, HCCA,  24, 113N, 1094W,  41,    0,   ,   0,    ,    0,    0,    0,    0, 
EP, 11, 2026082612, 03, HCCA,  36, 127N, 1114W,  47,    0,   ,   0,    ,    0,    0,    0,    0, 
EP, 11, 2026082612, 03, HCCA,  48, 140N, 1133W,  53,    0,   ,   0,    ,    0,    0,    0,    0, 
EP, 11, 2026082612, 03, HCCA,  60, 156N, 1149W,  57,    0,   ,   0,    ,    0,    0,    0,    0, 
EP, 11, 2026082612, 03, HCCA,  72, 171N, 1165W,  62,    0,   ,   0,    ,    0,    0,    0,    0, 
EP, 11, 2026082612, 03, HCCA,  84, 185N, 1180W,  71,    0,   ,   0,    ,    0,    0,    0,    0, 
EP, 11, 2026082612, 03, HCCA,  96, 196N, 1195W,  78,    0,   ,   0,    ,    0,    0,    0,    0, 
EP, 11, 2026082612, 03, HCCA, 108, 206N, 1211W,  81,    0,   ,   0,    ,    0,    0,    0,    0, 
EP, 11, 2026082612, 03, HCCA, 120, 213N, 1228W,  82,    0,   ,   0,    ,    0,    0,    0,    0, 
EP, 11, 2026082612, 03, HCCA, 132, 220N, 1241W,  72,    0,   ,   0,    ,    0,    0,    0,    0, 
EP, 11, 2026082612, 03, HCCA, 144, 228N, 1251W,  65,    0,   ,   0,    ,    0,    0,    0,    0, 
EP, 11, 2026082612, 03, HCCA, 156, 238N, 1259W,  60,    0,   ,   0,    ,    0,    0,    0,    0, 
EP, 11, 2026082612, 03, HCCA, 168, 249N, 1264W,  55,    0,   ,   0,    ,    0,    0,    0,    0, 
EP, 11, 2026082612, 03, HFSA,   0,  89N, 1089W,  25, 1005, XX,  34, NEQ,    0,    0,    0,    0,  -99,  -99,  28,   0,   0,    ,   0,    , 268,   6,           ,  ,  0,    ,    0,    0,    0,    0, THERMO PARAMS, -9999, -9999, -9999, N, 10, DT, -999, SHR82, -99, 
EP, 11, 2026082612, 03, HFSA,   6,  86N, 1100W,  36, 1004, XX,  34, NEQ,    0,    0,    0,    0,  -99,  -99,  81,   0,   0,    ,   0,    , 250,  13,           ,  ,  0,    ,    0,    0,    0,    0, THERMO PARAMS, -9999, -9999, -9999, N, 10, DT, -999, SHR82, -99, 
EP, 11, 2026082612, 03, HFSA,  12,  86N, 1103W,  34, 1003, XX,  34, NEQ,    0,    0,    0,    0,  -99,  -99, 131,   0,   0,    ,   0,    , 344,   2,           ,  ,  0,    ,    0,    0,    0,    0, THERMO PARAMS, -9999, -9999, -9999, N, 10, DT, -999, SHR82, -99, 
EP, 11, 2026082612, 03, HFSA,  18,  95N, 1097W,  48, 1003, XX,  34, NEQ,   52,   68,    0,    0,  -99,  -99,  38,   0,   0,    ,   0,    , 342,  10,           ,  ,  0,    ,    0,    0,    0,    0, THERMO PARAMS, -53, 158, 392, N, 10, DT, -999, SHR82, -99, 
EP, 11, 2026082612, 03, HFSA,  24, 105N, 1107W,  47,  996, XX,  34, NEQ,    0,  125,    0,    0, 1000,   13,  71,   0,   0,    ,   0,    , 306,  14,           ,  ,  0,    ,    0,    0,    0,    0, THERMO PARAMS, 13, 372, 426, N, 10, DT, -999, SHR82, -99, 
EP, 11, 2026082612, 03, HFSA,  30, 112N, 1116W,  64, 1000, XX,  34, NEQ,  105,  133,    0,    0, 1004,   61,  89,   0,   0,    ,   0,    , 329,  10,           ,  ,  0,    ,    0,    0,    0,    0, THERMO PARAMS, -59, 301, 225, N, 10, DT, -999, SHR82, -99, 
EP, 11, 2026082612, 03, HFSA,  36, 120N, 1125W,  44,  996, XX,  34, NEQ,  163,   29,    0,  144, 1000,   37, 109,   0,   0,    ,   0,    , 312,  11,           ,  ,  0,    ,    0,    0,    0,    0, THERMO PARAMS, -69, 182, 39, N, 10, DT, -999, SHR82, -99, 
EP, 11, 2026082612, 03, HFSA,  42, 127N, 1135W,  53,  998, XX,  34, NEQ,  141,   53,    0,   99,  -99,  -99,  66,   0,   0,    ,   0,    , 295,  12,           ,  ,  0,    ,    0,    0,    0,    0, THERMO PARAMS, -35, 336, 578, N, 10, DT, -999, SHR82, -99, 
EP, 11, 2026082612, 03, HFSA,  48, 131N, 1145W,  50,  991, XX,  34, NEQ,  146,  105,    0,  115,  995,    6,  80,   0,   0,    ,   0,    , 302,   9,           ,  ,  0,    ,    0,    0,    0,    0, THERMO PARAMS, -91, 685, 668, N, 10, DT, -999, SHR82, -99, 
EP, 11, 2026082612, 03, HFSA,  54, 137N, 1154W,  60,  989, XX,  34, NEQ,  170,  196,   42,  102,  997,   27,  35,   0,   0,    ,   0,    , 300,  12,           ,  ,  0,    ,    0,    0,    0,    0, THERMO PARAMS, -87, 683, 916, N, 10, DT, -999, SHR82, -99, 
EP, 11, 2026082612, 03, HFSA,  54, 137N, 1154W,  60,  989, XX,  50, NEQ,   73,    0,    0,   24,  997,   27,  35,   0,   0,    ,   0,    , 300,  12,           ,  ,  0,    ,    0,    0,    0,    0, THERMO PARAMS, -87, 683, 916, N, 10, DT, -999, SHR82, -99, 
EP, 11, 2026082612, 03, HFSA,  60, 143N, 1162W,  51,  988, XX,  34, NEQ,  160,  151,   57,  126, 1000,   62,  30,   0,   0,    ,   0,    , 304,  10,           ,  ,  0,    ,    0,    0,    0,    0, THERMO PARAMS, -68, 581, 1069, N, 10, DT, -999, SHR82, -99, 
EP, 11, 2026082612, 03, HFSA,  66, 149N, 1169W,  59,  985, XX,  34, NEQ,  151,  147,   45,  107,  989,   15,  28,   0,   0,    ,   0,    , 307,  11,           ,  ,  0,    ,    0,    0,    0,    0, THERMO PARAMS, -41, 493, 1025, N, 10, DT, -999, SHR82, -99, 
EP, 11, 2026082612, 03, HFSA,  66, 149N, 1169W,  59,  985, XX,  50, NEQ,   52,    0,   19,   31,  989,   15,  28,   0,   0,    ,   0,    , 307,  11,           ,  ,  0,    ,    0,    0,    0,    0, THERMO PARAMS, -41, 493, 1025, N, 10, DT, -999, SHR82, -99, 
EP, 11, 2026082612, 03, HFSA,  72, 156N, 1177W,  68,  978, XX,  34, NEQ,  168,   66,   66,  112,  998,   55,  29,   0,   0,    ,   0,    , 307,   9,           ,  ,  0,    ,    0,    0,    0,    0, THERMO PARAMS, -44, 1556, 1015, N, 10, DT, -999, SHR82, -99, 
EP, 11, 2026082612, 03, HFSA,  72, 156N, 1177W,  68,  978, XX,  50, NEQ,   47,    0,   24,   42,  998,   55,  29,   0,   0,    ,   0,    , 307,   9,           ,  ,  0,    ,    0,    0,    0,    0, THERMO PARAMS, -44, 1556, 1015, N, 10, DT, -999, SHR82, -99, 
EP, 11, 2026082612, 03, HFSA,  72, 156N, 1177W,  68,  978, XX,  64, NEQ,   31,    0,    0,   28,  998,   55,  29,   0,   0,    ,   0,    , 307,   9,           ,  ,  0,    ,    0,    0,    0,    0, THERMO PARAMS, -44, 1556, 1015, N, 10, DT, -999, SHR82, -99, 
EP, 11, 2026082612, 03, HFSA,  78, 162N, 1184W,  73,  976, XX,  34, NEQ,  196,  155,   74,  133, 1000,   61,  24,   0,   0,    ,   0,    , 308,   9,           ,  ,  0,    ,    0,    0,    0,    0, THERMO PARAMS, -40, 1172, 1398, N, 10, DT, -999, SHR82, -99, 
EP, 11, 2026082612, 03, HFSA,  78, 162N, 1184W,  73,  976, XX,  50, NEQ,   50,   32,   31,   45, 1000,   61,  24,   0,   0,    ,   0,    , 308,   9,           ,  ,  0,    ,    0,    0,    0,    0, THERMO PARAMS, -40, 1172, 1398, N, 10, DT, -999, SHR82, -99, 
EP, 11, 2026082612, 03, HFSA,  78, 162N, 1184W,  73,  976, XX,  64, NEQ,    0,    0,    0,   28, 1000,   61,  24,   0,   0,    ,   0,    , 308,   9,           ,  ,  0,    ,    0,    0,    0,    0, THERMO PARAMS, -40, 1172, 1398, N, 10, DT, -999, SHR82, -99, 
EP, 11, 2026082612, 03, HFSA,  84, 169N, 1191W,  87,  966, XX,  34, NEQ,  144,  136,   96,  133,  998,   63,  15,   0,   0,    ,   0,    , 311,   9,           ,  ,  0,    ,    0,    0,    0,    0, THERMO PARAMS, -14, 1866, 1944, N, 10, DT, -999, SHR82, -99, 
EP, 11, 2026082612, 03, HFSA,  84, 169N, 1191W,  87,  966, XX,  50, NEQ,   68,   39,   31,   47,  998,   63,  15,   0,   0,    ,   0,    , 311,   9,           ,  ,  0,    ,    0,    0,    0,    0, THERMO PARAMS, -14, 1866, 1944, N, 10, DT, -999, SHR82, -99, 
EP, 11, 2026082612, 03, HFSA,  84, 169N, 1191W,  87,  966, XX,  64, NEQ,   26,   23,   21,   26,  998,   63,  15,   0,   0,    ,   0,    , 311,   9,           ,  ,  0,    ,    0,    0,    0,    0, THERMO PARAMS, -14, 1866, 1944, N, 10, DT, -999, SHR82, -99, 
EP, 11, 2026082612, 03, HFSA,  90, 175N, 1200W,  88,  963, XX,  34, NEQ,  133,  110,   79,  123,  999,   59,  16,   0,   0,    ,   0,    , 298,  10,           ,  ,  0,    ,    0,    0,    0,    0, THERMO PARAMS, 11, 1784, 2454, N, 10, DT, -999, SHR82, -99, 
EP, 11, 2026082612, 03, HFSA,  90, 175N, 1200W,  88,  963, XX,  50, NEQ,   57,   37,   40,   50,  999,   59,  16,   0,   0,    ,   0,    , 298,  10,           ,  ,  0,    ,    0,    0,    0,    0, THERMO PARAMS, 11, 1784, 2454, N, 10, DT, -999, SHR82, -99, 
EP, 11, 2026082612, 03, HFSA,  90, 175N, 1200W,  88,  963, XX,  64, NEQ,   31,   21,   24,   29,  999,   59,  16,   0,   0,    ,   0,    , 298,  10,           ,  ,  0,    ,    0,    0,    0,    0, THERMO PARAMS, 11, 1784, 2454, N, 10, DT, -999, SHR82, -99, 
EP, 11, 2026082612, 03, HFSA,  96, 180N, 1207W,  93,  959, XX,  34, NEQ,  141,   99,   89,  139,  987,   33,  14,   0,   0,    ,   0,    , 305,   9,           ,  ,  0,    ,    0,    0,    0,    0, THERMO PARAMS, -2, 1615, 2562, N, 10, DT, -999, SHR82, -99, 
EP, 11, 2026082612, 03, HFSA,  96, 180N, 1207W,  93,  959, XX,  50, NEQ,   60,   44,   42,   57,  987,   33,  14,   0,   0,    ,   0,    , 305,   9,           ,  ,  0,    ,    0,    0,    0,    0, THERMO PARAMS, -2, 1615, 2562, N, 10, DT, -999, SHR82, -99, 
EP, 11, 2026082612, 03, HFSA,  96, 180N, 1207W,  93,  959, XX,  64, NEQ,   31,   32,   29,   36,  987,   33,  14,   0,   0,    ,   0,    , 305,   9,           ,  ,  0,    ,    0,    0,    0,    0, THERMO PARAMS, -2, 1615, 2562, N, 10, DT, -999, SHR82, -99, 
EP, 11, 2026082612, 03, HFSA, 102, 185N, 1215W, 104,  955, XX,  34, NEQ,  142,  110,   83,  136,  999,   62,  17,   0,   0,    ,   0,    , 308,  10,           ,  ,  0,    ,    0,    0,    0,    0, THERMO PARAMS, 8, 1918, 2797, N, 10, DT, -999, SHR82, -99, 
EP, 11, 2026082612, 03, HFSA, 102, 185N, 1215W, 104,  955, XX,  50, NEQ,   65,   50,   44,   62,  999,   62,  17,   0,   0,    ,   0,    , 308,  10,           ,  ,  0,    ,    0,    0,    0,    0, THERMO PARAMS, 8, 1918, 2797, N, 10, DT, -999, SHR82, -99, 
EP, 11, 2026082612, 03, HFSA, 102, 185N, 1215W, 104,  955, XX,  64, NEQ,   40,   32,   31,   40,  999,   62,  17,   0,   0,    ,   0,    , 308,  10,           ,  ,  0,    ,    0,    0,    0,    0, THERMO PARAMS, 8, 1918, 2797, N, 10, DT, -999, SHR82, -99, 
EP, 11, 2026082612, 03, HFSA, 108, 191N, 1222W, 104,  952, XX,  34, NEQ,  121,   87,   89,  123,  996,   58,  18,   0,   0,    ,   0,    , 312,   9,           ,  ,  0,    ,    0,    0,    0,    0, THERMO PARAMS, 20, 1565, 2894, N, 10, DT, -999, SHR82, -99, 
EP, 11, 2026082612, 03, HFSA, 108, 191N, 1222W, 104,  952, XX,  50, NEQ,   68,   50,   44,   63,  996,   58,  18,   0,   0,    ,   0,    , 312,   9,           ,  ,  0,    ,    0,    0,    0,    0, THERMO PARAMS, 20, 1565, 2894, N, 10, DT, -999, SHR82, -99, 
EP, 11, 2026082612, 03, HFSA, 108, 191N, 1222W, 104,  952, XX,  64, NEQ,   40,   34,   32,   40,  996,   58,  18,   0,   0,    ,   0,    , 312,   9,           ,  ,  0,    ,    0,    0,    0,    0, THERMO PARAMS, 20, 1565, 2894, N, 10, DT, -999, SHR82, -99, 
EP, 11, 2026082612, 03, HFSA, 114, 196N, 1231W, 104,  955, XX,  34, NEQ,  118,  108,   84,  120,  995,   51,  17,   0,   0,    ,   0,    , 299,  10,           ,  ,  0,    ,    0,    0,    0,    0, THERMO PARAMS, 14, 1397, 2833, N, 10, DT, -999, SHR82, -99, 
EP, 11, 2026082612, 03, HFSA, 114, 196N, 1231W, 104,  955, XX,  50, NEQ,   66,   49,   45,   63,  995,   51,  17,   0,   0,    ,   0,    , 299,  10,           ,  ,  0,    ,    0,    0,    0,    0, THERMO PARAMS, 14, 1397, 2833, N, 10, DT, -999, SHR82, -99, 
EP, 11, 2026082612, 03, HFSA, 114, 196N, 1231W, 104,  955, XX,  64, NEQ,   42,   34,   31,   44,  995,   51,  17,   0,   0,    ,   0,    , 299,  10,           ,  ,  0,    ,    0,    0,    0,    0, THERMO PARAMS, 14, 1397, 2833, N, 10, DT, -999, SHR82, -99, 
EP, 11, 2026082612, 03, HFSA, 120, 202N, 1239W,  89,  957, XX,  34, NEQ,  123,  102,   83,  139,  993,   51,  18,   0,   0,    ,   0,    , 306,  10,           ,  ,  0,    ,    0,    0,    0,    0, THERMO PARAMS, -18, 1404, 2820, N, 10, DT, -999, SHR82, -99, 
EP, 11, 2026082612, 03, HFSA, 120, 202N, 1239W,  89,  957, XX,  50, NEQ,   63,   57,   47,   63,  993,   51,  18,   0,   0,    ,   0,    , 306,  10,           ,  ,  0,    ,    0,    0,    0,    0, THERMO PARAMS, -18, 1404, 2820, N, 10, DT, -999, SHR82, -99, 
EP, 11, 2026082612, 03, HFSA, 120, 202N, 1239W,  89,  957, XX,  64, NEQ,   42,   37,   31,   44,  993,   51,  18,   0,   0,    ,   0,    , 306,  10,           ,  ,  0,    ,    0,    0,    0,    0, THERMO PARAMS, -18, 1404, 2820, N, 10, DT, -999, SHR82, -99, 
EP, 11, 2026082612, 03, HFSA, 126, 208N, 1248W,  92,  963, XX,  34, NEQ,  121,  108,   89,  123,  995,   49,  18,   0,   0,    ,   0,    , -99, -99,           ,  ,  0,    ,    0,    0,    0,    0, THERMO PARAMS, -22, 1293, 2653, N, 10, DT, -999, SHR82, -99, 
EP, 11, 2026082612, 03, HFSA, 126, 208N, 1248W,  92,  963, XX,  50, NEQ,   66,   53,   40,   60,  995,   49,  18,   0,   0,    ,   0,    , -99, -99,           ,  ,  0,    ,    0,    0,    0,    0, THERMO PARAMS, -22, 1293, 2653, N, 10, DT, -999, SHR82, -99, 
EP, 11, 2026082612, 03, HFSA, 126, 208N, 1248W,  92,  963, XX,  64, NEQ,   42,   34,   29,   42,  995,   49,  18,   0,   0,    ,   0,    , -99, -99,           ,  ,  0,    ,    0,    0,    0,    0, THERMO PARAMS, -22, 1293, 2653, N, 10, DT, -999, SHR82, -99, 
EP, 11, 2026082612, 03, TVCN,   0,  91N, 1072W,   0,    0,   ,   0,    ,    0,    0,    0,    0, 
EP, 11, 2026082612, 03, TVCN,  12,  98N, 1084W,   0,    0,   ,   0,    ,    0,    0,    0,    0, 
EP, 11, 2026082612, 03, TVCN,  24, 113N, 1098W,   0,    0,   ,   0,    ,    0,    0,    0,    0, 
EP, 11, 2026082612, 03, TVCN,  36, 125N, 1117W,   0,    0,   ,   0,    ,    0,    0,    0,    0, 
EP, 11, 2026082612, 03, TVCN,  48, 135N, 1134W,   0,    0,   ,   0,    ,    0,    0,    0,    0, 
EP, 11, 2026082612, 03, TVCN,  60, 148N, 1151W,   0,    0,   ,   0,    ,    0,    0,    0,    0, 
EP, 11, 2026082612, 03, TVCN,  72, 161N, 1166W,   0,    0,   ,   0,    ,    0,    0,    0,    0, 
EP, 11, 2026082612, 03, TVCN,  84, 173N, 1181W,   0,    0,   ,   0,    ,    0,    0,    0,    0, 
EP, 11, 2026082612, 03, TVCN,  96, 184N, 1196W,   0,    0,   ,   0,    ,    0,    0,    0,    0, 
EP, 11, 2026082612, 03, TVCN, 108, 192N, 1212W,   0,    0,   ,   0,    ,    0,    0,    0,    0, 
EP, 11, 2026082612, 03, TVCN, 120, 199N, 1230W,   0,    0,   ,   0,    ,    0,    0,    0,    0, 
EP, 11, 2026082612, 03, TVCN, 132, 207N, 1246W,   0,    0,   ,   0,    ,    0,    0,    0,    0, 
EP, 11, 2026082612, 03, TVCN, 144, 216N, 1250W,   0,    0,   ,   0,    ,    0,    0,    0,    0, 
EP, 11, 2026082612, 03, TVCN, 156, 227N, 1261W,   0,    0,   ,   0,    ,    0,    0,    0,    0, 
EP, 11, 2026082612, 03, TVCN, 168, 239N, 1271W,   0,    0,   ,   0,    ,    0,    0,    0,    0, 
EP, 11, 2026082618, 03, AVNO,   0,  85N, 1084W,  31, 1006, XX,  34, NEQ,    0,    0,    0,    0,  -99,  -99, 120,   0,   0, 
EP, 11, 2026082618, 03, AVNO,   6,  87N, 1098W,  33, 1003, XX,  34, NEQ,    0,    0,    0,    0, 1007,  151,  43,   0,   0, 
EP, 11, 2026082618, 03, AVNO,  12,  90N, 1094W,  36, 1003, XX,  34, NEQ,    0,   28,    0,    0, 1007,   57,  26,   0,   0, 
EP, 11, 2026082618, 03, AVNO,  18, 102N, 1093W,  44,  999, XX,  34, NEQ,   51,  121,  166,    0,  -99,  -99,  36,   0,   0, 
EP, 11, 2026082618, 03, AVNO,  24, 115N, 1102W,  46, 1001, XX,  34, NEQ,   99,  165,  182,  111,  -99,  -99,  57,   0,   0, 
EP, 11, 2026082618, 03, AVNO,  30, 122N, 1120W,  45,  996, XX,  34, NEQ,  127,  180,    0,   93, 1004,  103,  50,   0,   0, 
EP, 11, 2026082618, 03, AVNO,  36, 124N, 1128W,  45,  998, XX,  34, NEQ,  123,    0,    0,  127, 1010,  289,  65,   0,   0, 
EP, 11, 2026082618, 03, AVNO,  42, 132N, 1132W,  48,  992, XX,  34, NEQ,  119,   81,  243,   97, 1008,  324,  46,   0,   0, 
EP, 11, 2026082618, 03, AVNO,  48, 138N, 1143W,  49,  988, XX,  34, NEQ,  142,   94,   45,   90, 1004,   82,  38,   0,   0, 
EP, 11, 2026082618, 03, AVNO,  54, 142N, 1149W,  42,  988, XX,  34, NEQ,  216,   58,   47,  122, 1004,  122,  27,   0,   0, 
EP, 11, 2026082618, 03, AVNO,  60, 152N, 1154W,  51,  987, XX,  34, NEQ,  212,   87,   36,  121, 1011,  302,  30,   0,   0, 
EP, 11, 2026082618, 03, AVNO,  60, 152N, 1154W,  51,  987, XX,  50, NEQ,   30,    0,    0,    0, 1011,  302,  30,   0,   0, 
EP, 11, 2026082618, 03, AVNO,  66, 163N, 1163W,  55,  981, XX,  34, NEQ,  220,  217,   74,   90, 1001,   87,  39,   0,   0, 
EP, 11, 2026082618, 03, AVNO,  66, 163N, 1163W,  55,  981, XX,  50, NEQ,   40,    0,   29,    0, 1001,   87,  39,   0,   0, 
EP, 11, 2026082618, 03, AVNO,  72, 170N, 1171W,  54,  980, XX,  34, NEQ,  169,   91,   74,  121, 1008,  189,  29,   0,   0, 
EP, 11, 2026082618, 03, AVNO,  72, 170N, 1171W,  54,  980, XX,  50, NEQ,   36,    0,   30,   32, 1008,  189,  29,   0,   0, 
EP, 11, 2026082618, 03, AVNO,  78, 179N, 1180W,  60,  977, XX,  34, NEQ,  124,   72,   88,  113, 1005,  167,  39,   0,   0, 
EP, 11, 2026082618, 03, AVNO,  78, 179N, 1180W,  60,  977, XX,  50, NEQ,   54,   36,   38,   53, 1005,  167,  39,   0,   0, 
EP, 11, 2026082618, 03, AVNO,  84, 183N, 1188W,  61,  979, XX,  34, NEQ,  121,   78,   83,  107, 1011,  280,  30,   0,   0, 
EP, 11, 2026082618, 03, AVNO,  84, 183N, 1188W,  61,  979, XX,  50, NEQ,   47,   37,   41,   45, 1011,  280,  30,   0,   0, 
EP, 11, 2026082618, 03, AVNO,  90, 186N, 1196W,  61,  977, XX,  34, NEQ,  100,   85,   93,  101, 1009,  361,  31,   0,   0, 
EP, 11, 2026082618, 03, AVNO,  90, 186N, 1196W,  61,  977, XX,  50, NEQ,   41,   45,   43,   47, 1009,  361,  31,   0,   0, 
EP, 11, 2026082618, 03, AVNO,  96, 190N, 1202W,  63,  975, XX,  34, NEQ,   92,   76,   88,  114, 1011,  322,  31,   0,   0, 
EP, 11, 2026082618, 03, AVNO,  96, 190N, 1202W,  63,  975, XX,  50, NEQ,   46,   45,   40,   51, 1011,  322,  31,   0,   0, 
EP, 11, 2026082618, 03, AVNO, 102, 192N, 1208W,  61,  974, XX,  34, NEQ,   92,   76,   99,  102, 1006,  229,  28,   0,   0, 
EP, 11, 2026082618, 03, AVNO, 102, 192N, 1208W,  61,  974, XX,  50, NEQ,   47,   42,   49,   38, 1006,  229,  28,   0,   0, 
EP, 11, 2026082618, 03, AVNO, 108, 194N, 1213W,  64,  976, XX,  34, NEQ,   82,   84,   88,   92, 1008,  171,  27,   0,   0, 
EP, 11, 2026082618, 03, AVNO, 108, 194N, 1213W,  64,  976, XX,  50, NEQ,   43,   40,   41,   45, 1008,  171,  27,   0,   0, 
EP, 11, 2026082618, 03, AVNO, 108, 194N, 1213W,  64,  976, XX,  64, NEQ,    0,    0,   27,    0, 1008,  171,  27,   0,   0, 
EP, 11, 2026082618, 03, AVNO, 114, 197N, 1218W,  59,  974, XX,  34, NEQ,   83,   85,   94,  101, 1006,  186,  30,   0,   0, 
EP, 11, 2026082618, 03, AVNO, 114, 197N, 1218W,  59,  974, XX,  50, NEQ,   48,   42,   44,   43, 1006,  186,  30,   0,   0, 
EP, 11, 2026082618, 03, AVNO, 120, 200N, 1222W,  64,  975, XX,  34, NEQ,   85,   84,   89,   99, 1007,  152,  45,   0,   0, 
EP, 11, 2026082618, 03, AVNO, 120, 200N, 1222W,  64,  975, XX,  50, NEQ,   44,   53,   45,   51, 1007,  152,  45,   0,   0, 
EP, 11, 2026082618, 03, AVNO, 126, 204N, 1228W,  62,  971, XX,  34, NEQ,   93,   87,   91,   93, 1007,  255,  25,   0,   0, 
EP, 11, 2026082618, 03, AVNO, 126, 204N, 1228W,  62,  971, XX,  50, NEQ,   48,   47,   43,   45, 1007,  255,  25,   0,   0, 
EP, 11, 2026082618, 03, AVNO, 132, 208N, 1234W,  63,  973, XX,  34, NEQ,   91,   85,   81,  100, 1009,  239,  32,   0,   0, 
EP, 11, 2026082618, 03, AVNO, 132, 208N, 1234W,  63,  973, XX,  50, NEQ,   49,   51,   44,   47, 1009,  239,  32,   0,   0, 
EP, 11, 2026082618, 03, AVNO, 138, 212N, 1240W,  63,  973, XX,  34, NEQ,   88,   90,   85,   90, 1005,  162,  40,   0,   0, 
EP, 11, 2026082618, 03, AVNO, 138, 212N, 1240W,  63,  973, XX,  50, NEQ,   44,   51,   43,   47, 1005,  162,  40,   0,   0, 
EP, 11, 2026082618, 03, AVNO, 144, 216N, 1245W,  59,  976, XX,  34, NEQ,   91,   88,   82,   81, 1008,  185,  30,   0,   0, 
EP, 11, 2026082618, 03, AVNO, 144, 216N, 1245W,  59,  976, XX,  50, NEQ,   47,   49,   43,   48, 1008,  185,  30,   0,   0, 
EP, 11, 2026082618, 03, AVNO, 150, 222N, 1248W,  58,  976, XX,  34, NEQ,   92,   87,   76,   78, 1004,  126,  31,   0,   0, 
EP, 11, 2026082618, 03, AVNO, 150, 222N, 1248W,  58,  976, XX,  50, NEQ,   48,   48,   42,   45, 1004,  126,  31,   0,   0, 
EP, 11, 2026082618, 03, AVNO, 156, 228N, 1251W,  58,  981, XX,  34, NEQ,   93,   91,   66,   87, 1009,  194,  36,   0,   0, 
EP, 11, 2026082618, 03, AVNO, 156, 228N, 1251W,  58,  981, XX,  50, NEQ,   51,   51,    0,   45, 1009,  194,  36,   0,   0, 
EP, 11, 2026082618, 03, AVNO, 162, 235N, 1254W,  55,  981, XX,  34, NEQ,   93,   88,   73,   94, 1005,  151,  29,   0,   0, 
EP, 11, 2026082618, 03, AVNO, 162, 235N, 1254W,  55,  981, XX,  50, NEQ,   48,   42,    0,   47, 1005,  151,  29,   0,   0, 
EP, 11, 2026082618, 03, AVNO, 168, 241N, 1257W,  51,  987, XX,  34, NEQ,   94,   87,   64,   86, 1007,  139,  44,   0,   0, 
EP, 11, 2026082618, 03, AVNO, 168, 241N, 1257W,  51,  987, XX,  50, NEQ,   44,    0,    0,    0, 1007,  139,  44,   0,   0, 
EP, 11, 2026082618, 03, AVNO, 174, 250N, 1259W,  50,  989, XX,  34, NEQ,   96,   94,   58,   93, 1005,  121,  45,   0,   0, 
EP, 11, 2026082618, 03, AVNO, 174, 250N, 1259W,  50,  989, XX,  50, NEQ,   45,    0,    0,    0, 1005,  121,  45,   0,   0, 
EP, 11, 2026082618, 03, AVNO, 180, 258N, 1264W,  49,  994, XX,  34, NEQ,  109,   80,   63,   86, 1006,   85,  40,   0,   0, 
EP, 11, 2026082618, 03, AVNO, 186, 266N, 1269W,  39,  996, XX,  34, NEQ,  108,   62,    0,   98, 1004,   66,  81,   0,   0, 
EP, 11, 2026082618, 03, AVNO, 192, 276N, 1272W,  39, 1001, XX,  34, NEQ,  106,   53,    0,   99, 1009,   90,  36,   0,   0, 
EP, 11, 2026082618, 03, AVNO, 198, 282N, 1276W,  38, 1001, XX,  34, NEQ,   65,    0,    0,   51, 1005,   46,  36,   0,   0, 
EP, 11, 2026082618, 03, AVNO, 204, 284N, 1277W,  31, 1005, XX,  34, NEQ,    0,    0,    0,    0, 1009,   56,  52,   0,   0, 
EP, 11, 2026082618, 03, AVNO, 210, 289N, 1278W,  27, 1004, XX,  34, NEQ,    0,    0,    0,    0, 1008,   70, 129,   0,   0, 
EP, 11, 2026082618, 03, AVNO, 216, 293N, 1278W,  25, 1008, XX,  34, NEQ,    0,    0,    0,    0, 1012,   87, 115,   0,   0, 
EP, 11, 2026082618, 03, AVNO, 222, 298N, 1279W,  22, 1007, XX,  34, NEQ,    0,    0,    0,    0,  -99,  -99,  85,   0,   0, 
EP, 11, 2026082618, 03, AVNO, 228, 302N, 1280W,  20, 1009, XX,  34, NEQ,    0,    0,    0,    0,  -99,  -99,  97,   0,   0, 
EP, 11, 2026082618, 03, AVNO, 234, 308N, 1280W,  17, 1009, XX,  34, NEQ,    0,    0,    0,    0,  -99,  -99, 103,   0,   0, 
EP, 11, 2026082618, 03, AVNO, 240, 314N, 1281W,  17, 1012, XX,  34, NEQ,    0,    0,    0,    0,  -99,  -99,  79,   0,   0, 
EP, 11, 2026082618, 03, HCCA,   0,  93N, 1072W,  25,    0,   ,   0,    ,    0,    0,    0,    0, 
EP, 11, 2026082618, 03, HCCA,  12, 103N, 1082W,  35,    0,   ,   0,    ,    0,    0,    0,    0, 
EP, 11, 2026082618, 03, HCCA,  24, 119N, 1097W,  44,    0,   ,   0,    ,    0,    0,    0,    0, 
EP, 11, 2026082618, 03, HCCA,  36, 132N, 1117W,  52,    0,   ,   0,    ,    0,    0,    0,    0, 
EP, 11, 2026082618, 03, HCCA,  48, 145N, 1135W,  59,    0,   ,   0,    ,    0,    0,    0,    0, 
EP, 11, 2026082618, 03, HCCA,  60, 162N, 1153W,  65,    0,   ,   0,    ,    0,    0,    0,    0, 
EP, 11, 2026082618, 03, HCCA,  72, 177N, 1170W,  75,    0,   ,   0,    ,    0,    0,    0,    0, 
EP, 11, 2026082618, 03, HCCA,  84, 191N, 1186W,  81,    0,   ,   0,    ,    0,    0,    0,    0, 
EP, 11, 2026082618, 03, HCCA,  96, 201N, 1201W,  84,    0,   ,   0,    ,    0,    0,    0,    0, 
EP, 11, 2026082618, 03, HCCA, 108, 209N, 1214W,  83,    0,   ,   0,    ,    0,    0,    0,    0, 
EP, 11, 2026082618, 03, HCCA, 120, 218N, 1227W,  80,    0,   ,   0,    ,    0,    0,    0,    0, 
EP, 11, 2026082618, 03, HCCA, 132, 227N, 1236W,  73,    0,   ,   0,    ,    0,    0,    0,    0, 
EP, 11, 2026082618, 03, HCCA, 144, 237N, 1244W,  66,    0,   ,   0,    ,    0,    0,    0,    0, 
EP, 11, 2026082618, 03, HCCA, 156, 250N, 1249W,  61,    0,   ,   0,    ,    0,    0,    0,    0, 
EP, 11, 2026082618, 03, HCCA, 168, 263N, 1253W,  56,    0,   ,   0,    ,    0,    0,    0,    0, 
EP, 11, 2026082618, 03, HFSA,   0,  91N, 1072W,  25, 1006, XX,  34, NEQ,    0,    0,    0,    0,  -99,  -99,  98,   0,   0,    ,   0,    , 289,   6,           ,  ,  0,    ,    0,    0,    0,    0, THERMO PARAMS, 54, 52, 1, N, 10, DT, -999, SHR82, -99, 
EP, 11, 2026082618, 03, HFSA,   6,  95N, 1090W,  58, 1000, XX,  34, NEQ,   71,    0,  151,    0,  -99,  -99, 126,   0,   0,    ,   0,    , 275,  15,           ,  ,  0,    ,    0,    0,    0,    0, THERMO PARAMS, 37, 676, 891, N, 10, DT, -999, SHR82, -99, 
EP, 11, 2026082618, 03, HFSA,  12,  96N, 1090W,  41, 1000, XX,  34, NEQ,   55,  139,    0,    0, 1004,    8,  47,   0,   0,    ,   0,    , 344,   9,           ,  ,  0,    ,    0,    0,    0,    0, THERMO PARAMS, -60, 423, 295, N, 10, DT, -999, SHR82, -99, 
EP, 11, 2026082618, 03, HFSA,  18, 107N, 1095W,  50, 1000, XX,  34, NEQ,  107,  136,  139,    0,  -99,  -99,  50,   0,   0,    ,   0,    , 323,  14,           ,  ,  0,    ,    0,    0,    0,    0, THERMO PARAMS, -62, 184, 328, N, 10, DT, -999, SHR82, -99, 
EP, 11, 2026082618, 03, HFSA,  24, 118N, 1108W,  51, 1002, XX,  34, NEQ,   99,  100,  199,   65,  -99,  -99,  60,   0,   0,    ,   0,    , 306,  16,           ,  ,  0,    ,    0,    0,    0,    0, THERMO PARAMS, -69, 449, 370, N, 10, DT, -999, SHR82, -99, 
EP, 11, 2026082618, 03, HFSA,  30, 127N, 1125W,  57,  996, XX,  34, NEQ,  113,  165,    0,   84,  -99,  -99,  54,   0,   0,    ,   0,    , 299,  15,           ,  ,  0,    ,    0,    0,    0,    0, THERMO PARAMS, -79, 150, 581, N, 10, DT, -999, SHR82, -99, 
EP, 11, 2026082618, 03, HFSA,  30, 127N, 1125W,  57,  996, XX,  50, NEQ,   65,    0,    0,    0,  -99,  -99,  54,   0,   0,    ,   0,    , 299,  15,           ,  ,  0,    ,    0,    0,    0,    0, THERMO PARAMS, -79, 150, 581, N, 10, DT, -999, SHR82, -99, 
EP, 11, 2026082618, 03, HFSA,  36, 130N, 1141W,  61,  996, XX,  34, NEQ,  160,  183,    0,   99,  -99,  -99,  39,   0,   0,    ,   0,    , 281,  13,           ,  ,  0,    ,    0,    0,    0,    0, THERMO PARAMS, -13, 317, 812, N, 10, DT, -999, SHR82, -99, 
EP, 11, 2026082618, 03, HFSA,  36, 130N, 1141W,  61,  996, XX,  50, NEQ,   49,    0,    0,   36,  -99,  -99,  39,   0,   0,    ,   0,    , 281,  13,           ,  ,  0,    ,    0,    0,    0,    0, THERMO PARAMS, -13, 317, 812, N, 10, DT, -999, SHR82, -99, 
EP, 11, 2026082618, 03, HFSA,  42, 132N, 1149W,  64,  985, XX,  34, NEQ,  175,  146,   34,   97,  989,    2,  18,   0,   0,    ,   0,    , 295,   8,           ,  ,  0,    ,    0,    0,    0,    0, THERMO PARAMS, -58, 846, 1126, N, 10, DT, -999, SHR82, -99, 
EP, 11, 2026082618, 03, HFSA,  42, 132N, 1149W,  64,  985, XX,  50, NEQ,    0,    0,    0,   26,  989,    2,  18,   0,   0,    ,   0,    , 295,   8,           ,  ,  0,    ,    0,    0,    0,    0, THERMO PARAMS, -58, 846, 1126, N, 10, DT, -999, SHR82, -99, 
EP, 11, 2026082618, 03, HFSA,  48, 135N, 1156W,  53,  990, XX,  34, NEQ,  202,  207,   52,  139,  998,   36,  32,   0,   0,    ,   0,    , 296,   9,           ,  ,  0,    ,    0,    0,    0,    0, THERMO PARAMS, -67, 1048, 734, N, 10, DT, -999, SHR82, -99, 
EP, 11, 2026082618, 03, HFSA,  48, 135N, 1156W,  53,  990, XX,  50, NEQ,    0,    0,    0,   57,  998,   36,  32,   0,   0,    ,   0,    , 296,   9,           ,  ,  0,    ,    0,    0,    0,    0, THERMO PARAMS, -67, 1048, 734, N, 10, DT, -999, SHR82, -99, 
EP, 11, 2026082618, 03, HFSA,  54, 140N, 1161W,  57,  981, XX,  34, NEQ,  170,  220,   50,  120,  985,    1,  16,   0,   0,    ,   0,    , 316,   7,           ,  ,  0,    ,    0,    0,    0,    0, THERMO PARAMS, -40, 1639, 997, N, 10, DT, -999, SHR82, -99, 
EP, 11, 2026082618, 03, HFSA,  54, 140N, 1161W,  57,  981, XX,  50, NEQ,   16,    0,    0,    0,  985,    1,  16,   0,   0,    ,   0,    , 316,   7,           ,  ,  0,    ,    0,    0,    0,    0, THERMO PARAMS, -40, 1639, 997, N, 10, DT, -999, SHR82, -99, 
EP, 11, 2026082618, 03, HFSA,  60, 147N, 1165W,  66,  981, XX,  34, NEQ,  172,  125,   37,  104,  993,   25,  16,   0,   0,    ,   0,    , 323,  10,           ,  ,  0,    ,    0,    0,    0,    0, THERMO PARAMS, -37, 825, 1128, N, 10, DT, -999, SHR82, -99, 
EP, 11, 2026082618, 03, HFSA,  60, 147N, 1165W,  66,  981, XX,  50, NEQ,   29,   26,    0,   32,  993,   25,  16,   0,   0,    ,   0,    , 323,  10,           ,  ,  0,    ,    0,    0,    0,    0, THERMO PARAMS, -37, 825, 1128, N, 10, DT, -999, SHR82, -99, 
EP, 11, 2026082618, 03, HFSA,  60, 147N, 1165W,  66,  981, XX,  64, NEQ,   15,   15,    0,    0,  993,   25,  16,   0,   0,    ,   0,    , 323,  10,           ,  ,  0,    ,    0,    0,    0,    0, THERMO PARAMS, -37, 825, 1128, N, 10, DT, -999, SHR82, -99, 
EP, 11, 2026082618, 03, HFSA,  66, 158N, 1172W,  80,  968, XX,  34, NEQ,  170,  157,   50,  142,  996,   46,  14,   0,   0,    ,   0,    , 320,  12,           ,  ,  0,    ,    0,    0,    0,    0, THERMO PARAMS, -57, 1657, 1621, N, 10, DT, -999, SHR82, -99, 
EP, 11, 2026082618, 03, HFSA,  66, 158N, 1172W,  80,  968, XX,  50, NEQ,   49,   29,   24,   45,  996,   46,  14,   0,   0,    ,   0,    , 320,  12,           ,  ,  0,    ,    0,    0,    0,    0, THERMO PARAMS, -57, 1657, 1621, N, 10, DT, -999, SHR82, -99, 
EP, 11, 2026082618, 03, HFSA,  66, 158N, 1172W,  80,  968, XX,  64, NEQ,   23,   21,   15,   23,  996,   46,  14,   0,   0,    ,   0,    , 320,  12,           ,  ,  0,    ,    0,    0,    0,    0, THERMO PARAMS, -57, 1657, 1621, N, 10, DT, -999, SHR82, -99, 
EP, 11, 2026082618, 03, HFSA,  72, 167N, 1180W, 101,  963, XX,  34, NEQ,  176,  167,   70,  133,  995,   37,  13,   0,   0,    ,   0,    , 309,  13,           ,  ,  0,    ,    0,    0,    0,    0, THERMO PARAMS, -73, 1967, 2021, N, 10, DT, -999, SHR82, -99, 
EP, 11, 2026082618, 03, HFSA,  72, 167N, 1180W, 101,  963, XX,  50, NEQ,   58,   34,   24,   44,  995,   37,  13,   0,   0,    ,   0,    , 309,  13,           ,  ,  0,    ,    0,    0,    0,    0, THERMO PARAMS, -73, 1967, 2021, N, 10, DT, -999, SHR82, -99, 
EP, 11, 2026082618, 03, HFSA,  72, 167N, 1180W, 101,  963, XX,  64, NEQ,   29,   19,   18,   28,  995,   37,  13,   0,   0,    ,   0,    , 309,  13,           ,  ,  0,    ,    0,    0,    0,    0, THERMO PARAMS, -73, 1967, 2021, N, 10, DT, -999, SHR82, -99, 
EP, 11, 2026082618, 03, HFSA,  78, 174N, 1191W, 100,  960, XX,  34, NEQ,  160,  149,   99,  136,  988,   27,  12,   0,   0,    ,   0,    , 304,  11,           ,  ,  0,    ,    0,    0,    0,    0, THERMO PARAMS, -43, 1640, 2115, N, 10, DT, -999, SHR82, -99, 
EP, 11, 2026082618, 03, HFSA,  78, 174N, 1191W, 100,  960, XX,  50, NEQ,   78,   36,   28,   55,  988,   27,  12,   0,   0,    ,   0,    , 304,  11,           ,  ,  0,    ,    0,    0,    0,    0, THERMO PARAMS, -43, 1640, 2115, N, 10, DT, -999, SHR82, -99, 
EP, 11, 2026082618, 03, HFSA,  78, 174N, 1191W, 100,  960, XX,  64, NEQ,   31,   19,   18,   32,  988,   27,  12,   0,   0,    ,   0,    , 304,  11,           ,  ,  0,    ,    0,    0,    0,    0, THERMO PARAMS, -43, 1640, 2115, N, 10, DT, -999, SHR82, -99, 
EP, 11, 2026082618, 03, HFSA,  84, 179N, 1201W,  91,  961, XX,  34, NEQ,  141,   68,   91,  130,  993,   35,  12,   0,   0,    ,   0,    , 291,   9,           ,  ,  0,    ,    0,    0,    0,    0, THERMO PARAMS, 2, 1734, 2299, N, 10, DT, -999, SHR82, -99, 
EP, 11, 2026082618, 03, HFSA,  84, 179N, 1201W,  91,  961, XX,  50, NEQ,   60,   28,   42,   63,  993,   35,  12,   0,   0,    ,   0,    , 291,   9,           ,  ,  0,    ,    0,    0,    0,    0, THERMO PARAMS, 2, 1734, 2299, N, 10, DT, -999, SHR82, -99, 
EP, 11, 2026082618, 03, HFSA,  84, 179N, 1201W,  91,  961, XX,  64, NEQ,   29,   19,   19,   28,  993,   35,  12,   0,   0,    ,   0,    , 291,   9,           ,  ,  0,    ,    0,    0,    0,    0, THERMO PARAMS, 2, 1734, 2299, N, 10, DT, -999, SHR82, -99, 
EP, 11, 2026082618, 03, HFSA,  90, 183N, 1209W, 101,  956, XX,  34, NEQ,  159,   84,  102,  149,  996,   55,  12,   0,   0,    ,   0,    , 299,   8,           ,  ,  0,    ,    0,    0,    0,    0, THERMO PARAMS, 27, 1651, 2254, N, 10, DT, -999, SHR82, -99, 
EP, 11, 2026082618, 03, HFSA,  90, 183N, 1209W, 101,  956, XX,  50, NEQ,   50,   49,   45,   83,  996,   55,  12,   0,   0,    ,   0,    , 299,   8,           ,  ,  0,    ,    0,    0,    0,    0, THERMO PARAMS, 27, 1651, 2254, N, 10, DT, -999, SHR82, -99, 
EP, 11, 2026082618, 03, HFSA,  90, 183N, 1209W, 101,  956, XX,  64, NEQ,   32,   16,   16,   31,  996,   55,  12,   0,   0,    ,   0,    , 299,   8,           ,  ,  0,    ,    0,    0,    0,    0, THERMO PARAMS, 27, 1651, 2254, N, 10, DT, -999, SHR82, -99, 
EP, 11, 2026082618, 03, HFSA,  96, 187N, 1217W,  77,  959, XX,  34, NEQ,  126,   92,  100,  134,  987,   31,  21,   0,   0,    ,   0,    , 298,   8,           ,  ,  0,    ,    0,    0,    0,    0, THERMO PARAMS, 55, 1437, 2398, N, 10, DT, -999, SHR82, -99, 
EP, 11, 2026082618, 03, HFSA,  96, 187N, 1217W,  77,  959, XX,  50, NEQ,   53,   50,   45,   57,  987,   31,  21,   0,   0,    ,   0,    , 298,   8,           ,  ,  0,    ,    0,    0,    0,    0, THERMO PARAMS, 55, 1437, 2398, N, 10, DT, -999, SHR82, -99, 
EP, 11, 2026082618, 03, HFSA,  96, 187N, 1217W,  77,  959, XX,  64, NEQ,   36,   32,   34,   37,  987,   31,  21,   0,   0,    ,   0,    , 298,   8,           ,  ,  0,    ,    0,    0,    0,    0, THERMO PARAMS, 55, 1437, 2398, N, 10, DT, -999, SHR82, -99, 
EP, 11, 2026082618, 03, HFSA, 102, 191N, 1223W,  84,  956, XX,  34, NEQ,  104,   96,  104,  121, 1000,   79,  19,   0,   0,    ,   0,    , 310,   7,           ,  ,  0,    ,    0,    0,    0,    0, THERMO PARAMS, 69, 1372, 2411, N, 10, DT, -999, SHR82, -99, 
EP, 11, 2026082618, 03, HFSA, 102, 191N, 1223W,  84,  956, XX,  50, NEQ,   57,   53,   53,   57, 1000,   79,  19,   0,   0,    ,   0,    , 310,   7,           ,  ,  0,    ,    0,    0,    0,    0, THERMO PARAMS, 69, 1372, 2411, N, 10, DT, -999, SHR82, -99, 
EP, 11, 2026082618, 03, HFSA, 102, 191N, 1223W,  84,  956, XX,  64, NEQ,   39,   29,   31,   39, 1000,   79,  19,   0,   0,    ,   0,    , 310,   7,           ,  ,  0,    ,    0,    0,    0,    0, THERMO PARAMS, 69, 1372, 2411, N, 10, DT, -999, SHR82, -99, 
EP, 11, 2026082618, 03, HFSA, 108, 195N, 1230W,  86,  959, XX,  34, NEQ,  104,   99,   97,  105,  995,   51,  24,   0,   0,    ,   0,    , 304,   7,           ,  ,  0,    ,    0,    0,    0,    0, THERMO PARAMS, 86, 1195, 2365, N, 10, DT, -999, SHR82, -99, 
EP, 11, 2026082618, 03, HFSA, 108, 195N, 1230W,  86,  959, XX,  50, NEQ,   57,   49,   49,   57,  995,   51,  24,   0,   0,    ,   0,    , 304,   7,           ,  ,  0,    ,    0,    0,    0,    0, THERMO PARAMS, 86, 1195, 2365, N, 10, DT, -999, SHR82, -99, 
EP, 11, 2026082618, 03, HFSA, 108, 195N, 1230W,  86,  959, XX,  64, NEQ,   39,   34,   36,   40,  995,   51,  24,   0,   0,    ,   0,    , 304,   7,           ,  ,  0,    ,    0,    0,    0,    0, THERMO PARAMS, 86, 1195, 2365, N, 10, DT, -999, SHR82, -99, 
EP, 11, 2026082618, 03, HFSA, 114, 200N, 1237W,  87,  959, XX,  34, NEQ,  104,   96,   91,  112,  991,   47,  29,   0,   0,    ,   0,    , 307,   8,           ,  ,  0,    ,    0,    0,    0,    0, THERMO PARAMS, 39, 1458, 2115, N, 10, DT, -999, SHR82, -99, 
EP, 11, 2026082618, 03, HFSA, 114, 200N, 1237W,  87,  959, XX,  50, NEQ,   58,   52,   47,   55,  991,   47,  29,   0,   0,    ,   0,    , 307,   8,           ,  ,  0,    ,    0,    0,    0,    0, THERMO PARAMS, 39, 1458, 2115, N, 10, DT, -999, SHR82, -99, 
EP, 11, 2026082618, 03, HFSA, 114, 200N, 1237W,  87,  959, XX,  64, NEQ,   40,   37,   36,   39,  991,   47,  29,   0,   0,    ,   0,    , 307,   8,           ,  ,  0,    ,    0,    0,    0,    0, THERMO PARAMS, 39, 1458, 2115, N, 10, DT, -999, SHR82, -99, 
EP, 11, 2026082618, 03, HFSA, 120, 204N, 1244W,  83,  963, XX,  34, NEQ,  110,   94,   89,  115, 1007,  141,  26,   0,   0,    ,   0,    , 307,   7,           ,  ,  0,    ,    0,    0,    0,    0, THERMO PARAMS, 29, 1419, 2063, N, 10, DT, -999, SHR82, -99, 
EP, 11, 2026082618, 03, HFSA, 120, 204N, 1244W,  83,  963, XX,  50, NEQ,   52,   53,   47,   53, 1007,  141,  26,   0,   0,    ,   0,    , 307,   7,           ,  ,  0,    ,    0,    0,    0,    0, THERMO PARAMS, 29, 1419, 2063, N, 10, DT, -999, SHR82, -99, 
EP, 11, 2026082618, 03, HFSA, 120, 204N, 1244W,  83,  963, XX,  64, NEQ,   39,   37,   36,   37, 1007,  141,  26,   0,   0,    ,   0,    , 307,   7,           ,  ,  0,    ,    0,    0,    0,    0, THERMO PARAMS, 29, 1419, 2063, N, 10, DT, -999, SHR82, -99, 
EP, 11, 2026082618, 03, HFSA, 126, 210N, 1250W,  84,  963, XX,  34, NEQ,   96,   97,   89,  100,  987,   39,  19,   0,   0,    ,   0,    , -99, -99,           ,  ,  0,    ,    0,    0,    0,    0, THERMO PARAMS, -11, 1555, 1981, N, 10, DT, -999, SHR82, -99, 
EP, 11, 2026082618, 03, HFSA, 126, 210N, 1250W,  84,  963, XX,  50, NEQ,   55,   58,   44,   52,  987,   39,  19,   0,   0,    ,   0,    , -99, -99,           ,  ,  0,    ,    0,    0,    0,    0, THERMO PARAMS, -11, 1555, 1981, N, 10, DT, -999, SHR82, -99, 
EP, 11, 2026082618, 03, HFSA, 126, 210N, 1250W,  84,  963, XX,  64, NEQ,   36,   44,   32,   37,  987,   39,  19,   0,   0,    ,   0,    , -99, -99,           ,  ,  0,    ,    0,    0,    0,    0, THERMO PARAMS, -11, 1555, 1981, N, 10, DT, -999, SHR82, -99, 
EP, 11, 2026082618, 03, TVCN,   0,  93N, 1072W,   0,    0,   ,   0,    ,    0,    0,    0,    0, 
EP, 11, 2026082618, 03, TVCN,  12, 102N, 1083W,   0,    0,   ,   0,    ,    0,    0,    0,    0, 
EP, 11, 2026082618, 03, TVCN,  24, 117N, 1096W,   0,    0,   ,   0,    ,    0,    0,    0,    0, 
EP, 11, 2026082618, 03, TVCN,  36, 130N, 1115W,   0,    0,   ,   0,    ,    0,    0,    0,    0, 
EP, 11, 2026082618, 03, TVCN,  48, 142N, 1134W,   0,    0,   ,   0,    ,    0,    0,    0,    0, 
EP, 11, 2026082618, 03, TVCN,  60, 155N, 1151W,   0,    0,   ,   0,    ,    0,    0,    0,    0, 
EP, 11, 2026082618, 03, TVCN,  72, 170N, 1167W,   0,    0,   ,   0,    ,    0,    0,    0,    0, 
EP, 11, 2026082618, 03, TVCN,  84, 183N, 1184W,   0,    0,   ,   0,    ,    0,    0,    0,    0, 
EP, 11, 2026082618, 03, TVCN,  96, 192N, 1200W,   0,    0,   ,   0,    ,    0,    0,    0,    0, 
EP, 11, 2026082618, 03, TVCN, 108, 199N, 1215W,   0,    0,   ,   0,    ,    0,    0,    0,    0, 
EP, 11, 2026082618, 03, TVCN, 120, 208N, 1227W,   0,    0,   ,   0,    ,    0,    0,    0,    0, 
EP, 11, 2026082618, 03, TVCN, 132, 217N, 1239W,   0,    0,   ,   0,    ,    0,    0,    0,    0, 
EP, 11, 2026082618, 03, TVCN, 144, 220N, 1251W,   0,    0,   ,   0,    ,    0,    0,    0,    0, 
EP, 11, 2026082618, 03, TVCN, 156, 232N, 1260W,   0,    0,   ,   0,    ,    0,    0,    0,    0, 
EP, 11, 2026082618, 03, TVCN, 168, 246N, 1267W,   0,    0,   ,   0,    ,    0,    0,    0,    0, 
EP, 11, 2026082700, 03,  UKX,   0,  87N, 1083W,  28, 1005, XX,  34, NEQ,    0,    0,    0,    0, 
EP, 11, 2026082700, 03,  UKX,   6,  95N, 1107W,  29, 1006, XX,  34, NEQ,    0,    0,    0,    0, 
EP, 11, 2026082700, 03,  UKX,  12, 102N, 1124W,  28, 1005, XX,  34, NEQ,    0,    0,    0,    0, 
EP, 11, 2026082700, 03,  UKX,  18, 106N, 1134W,  32, 1004, XX,  34, NEQ,    0,    0,    0,    0, 
EP, 11, 2026082700, 03,  UKX,  24, 114N, 1141W,  30, 1002, XX,  34, NEQ,    0,    0,    0,    0, 
EP, 11, 2026082700, 03,  UKX,  30, 118N, 1153W,  33, 1002, XX,  34, NEQ,    0,    0,    0,    0, 
EP, 11, 2026082700, 03,  UKX,  36, 124N, 1163W,  34, 1002, XX,  34, NEQ,  141,    0,    0,    0, 
EP, 11, 2026082700, 03,  UKX,  42, 129N, 1173W,  37, 1001, XX,  34, NEQ,  147,    0,    0,    0, 
EP, 11, 2026082700, 03,  UKX,  48, 133N, 1182W,  35,  999, XX,  34, NEQ,  157,    0,    0,    0, 
EP, 11, 2026082700, 03,  UKX,  54, 140N, 1189W,  35, 1002, XX,  34, NEQ,  171,    0,    0,    0, 
EP, 11, 2026082700, 03,  UKX,  60, 149N, 1197W,  38,  999, XX,  34, NEQ,  137,    0,    0,  115, 
EP, 11, 2026082700, 03,  UKX,  66, 155N, 1206W,  39, 1000, XX,  34, NEQ,  167,  168,    0,  106, 
EP, 11, 2026082700, 03,  UKX,  72, 163N, 1214W,  38,  998, XX,  34, NEQ,  156,    0,   76,  119, 
EP, 11, 2026082700, 03,  UKX,  78, 172N, 1224W,  39, 1000, XX,  34, NEQ,  142,    0,    0,  122, 
EP, 11, 2026082700, 03,  UKX,  84, 179N, 1233W,  38,  998, XX,  34, NEQ,  146,    0,    0,  130, 
EP, 11, 2026082700, 03,  UKX,  90, 181N, 1246W,  36,  999, XX,  34, NEQ,  131,    0,    0,  122, 
EP, 11, 2026082700, 03,  UKX,  96, 186N, 1255W,  36,  997, XX,  34, NEQ,  101,    0,    0,  108, 
EP, 11, 2026082700, 03,  UKX, 102, 185N, 1263W,  34,  999, XX,  34, NEQ,    0,    0,    0,   89, 
EP, 11, 2026082700, 03,  UKX, 108, 188N, 1269W,  34,  997, XX,  34, NEQ,    0,    0,    0,    0, 
EP, 11, 2026082700, 03,  UKX, 114, 187N, 1276W,  33,  999, XX,  34, NEQ,    0,    0,    0,    0, 
EP, 11, 2026082700, 03,  UKX, 120, 190N, 1280W,  35,  996, XX,  34, NEQ,   79,   78,    0,    0, 
EP, 11, 2026082700, 03,  UKX, 126, 191N, 1284W,  36,  998, XX,  34, NEQ,   96,    0,    0,    0, 
EP, 11, 2026082700, 03,  UKX, 132, 195N, 1287W,  37,  996, XX,  34, NEQ,   90,   89,    0,    0, 
EP, 11, 2026082700, 03,  UKX, 138, 199N, 1289W,  39,  998, XX,  34, NEQ,   86,   84,    0,   55, 
EP, 11, 2026082700, 03,  UKX, 144, 205N, 1292W,  39,  996, XX,  34, NEQ,   94,   93,    0,   75, 
EP, 11, 2026082700, 03, AVNO,   0,  93N, 1085W,  33, 1003, XX,  34, NEQ,    0,    0,    0,    0, 1007,  200,  80,   0,   0, 
EP, 11, 2026082700, 03, AVNO,   6,  88N, 1098W,  32, 1003, XX,  34, NEQ,    0,    0,    0,    0, 1007,   51, 146,   0,   0, 
EP, 11, 2026082700, 03, AVNO,  12, 100N, 1096W,  39, 1000, XX,  34, NEQ,   65,   96,  126,    0,  -99,  -99,  35,   0,   0, 
EP, 11, 2026082700, 03, AVNO,  18, 112N, 1105W,  44, 1001, XX,  34, NEQ,   91,  137,  182,   84, 1005,   76, 119,   0,   0, 
EP, 11, 2026082700, 03, AVNO,  24, 121N, 1122W,  48,  997, XX,  34, NEQ,  106,  173,  188,   90, 1005,  142, 100,   0,   0, 
EP, 11, 2026082700, 03, AVNO,  30, 123N, 1132W,  47,  998, XX,  34, NEQ,  142,    0,    0,  118, 1010,  265, 104,   0,   0, 
EP, 11, 2026082700, 03, AVNO,  36, 130N, 1138W,  44,  992, XX,  34, NEQ,  106,   67,    0,   84, 1004,  122,  43,   0,   0, 
EP, 11, 2026082700, 03, AVNO,  42, 135N, 1146W,  49,  992, XX,  34, NEQ,  170,   81,   37,   94, 1004,   70,  35,   0,   0, 
EP, 11, 2026082700, 03, AVNO,  48, 142N, 1152W,  48,  987, XX,  34, NEQ,  127,   59,   51,  123, 1007,  273,  29,   0,   0, 
EP, 11, 2026082700, 03, AVNO,  54, 150N, 1158W,  54,  986, XX,  34, NEQ,  151,   66,   42,  123, 1010,  234,  26,   0,   0, 
EP, 11, 2026082700, 03, AVNO,  54, 150N, 1158W,  54,  986, XX,  50, NEQ,   30,    0,    0,   30, 1010,  234,  26,   0,   0, 
EP, 11, 2026082700, 03, AVNO,  60, 159N, 1166W,  64,  977, XX,  34, NEQ,  161,   95,   69,   96, 1005,  183,  26,   0,   0, 
EP, 11, 2026082700, 03, AVNO,  60, 159N, 1166W,  64,  977, XX,  50, NEQ,   37,   29,   28,   38, 1005,  183,  26,   0,   0, 
EP, 11, 2026082700, 03, AVNO,  66, 167N, 1174W,  67,  973, XX,  34, NEQ,  135,   57,   77,  113, 1009,  246,  25,   0,   0, 
EP, 11, 2026082700, 03, AVNO,  66, 167N, 1174W,  67,  973, XX,  50, NEQ,   48,   36,   38,   47, 1009,  246,  25,   0,   0, 
EP, 11, 2026082700, 03, AVNO,  66, 167N, 1174W,  67,  973, XX,  64, NEQ,   31,    0,    0,   29, 1009,  246,  25,   0,   0, 
EP, 11, 2026082700, 03, AVNO,  72, 173N, 1182W,  68,  969, XX,  34, NEQ,  108,   68,   80,  105, 1005,  162,  22,   0,   0, 
EP, 11, 2026082700, 03, AVNO,  72, 173N, 1182W,  68,  969, XX,  50, NEQ,   43,   44,   41,   45, 1005,  162,  22,   0,   0, 
EP, 11, 2026082700, 03, AVNO,  72, 173N, 1182W,  68,  969, XX,  64, NEQ,   29,    0,    0,   32, 1005,  162,  22,   0,   0, 
EP, 11, 2026082700, 03, AVNO,  78, 179N, 1188W,  74,  970, XX,  34, NEQ,  100,   69,   79,   96,  986,   31,  19,   0,   0, 
EP, 11, 2026082700, 03, AVNO,  78, 179N, 1188W,  74,  970, XX,  50, NEQ,   47,   43,   34,   42,  986,   31,  19,   0,   0, 
EP, 11, 2026082700, 03, AVNO,  78, 179N, 1188W,  74,  970, XX,  64, NEQ,   33,   29,    0,   30,  986,   31,  19,   0,   0, 
EP, 11, 2026082700, 03, AVNO,  84, 186N, 1196W,  71,  969, XX,  34, NEQ,  102,   69,   84,  107, 1009,  339,  27,   0,   0, 
EP, 11, 2026082700, 03, AVNO,  84, 186N, 1196W,  71,  969, XX,  50, NEQ,   44,   43,   37,   47, 1009,  339,  27,   0,   0, 
EP, 11, 2026082700, 03, AVNO,  84, 186N, 1196W,  71,  969, XX,  64, NEQ,   30,    0,    0,   32, 1009,  339,  27,   0,   0, 
EP, 11, 2026082700, 03, AVNO,  90, 188N, 1204W,  73,  969, XX,  34, NEQ,   92,   83,   89,   99, 1009,  210,  25,   0,   0, 
EP, 11, 2026082700, 03, AVNO,  90, 188N, 1204W,  73,  969, XX,  50, NEQ,   44,   44,   41,   47, 1009,  210,  25,   0,   0, 
EP, 11, 2026082700, 03, AVNO,  90, 188N, 1204W,  73,  969, XX,  64, NEQ,   32,    0,   23,   34, 1009,  210,  25,   0,   0, 
EP, 11, 2026082700, 03, AVNO,  96, 190N, 1210W,  70,  963, XX,  34, NEQ,   89,   80,   97,  112, 1007,  275,  22,   0,   0, 
EP, 11, 2026082700, 03, AVNO,  96, 190N, 1210W,  70,  963, XX,  50, NEQ,   45,   46,   47,   53, 1007,  275,  22,   0,   0, 
EP, 11, 2026082700, 03, AVNO,  96, 190N, 1210W,  70,  963, XX,  64, NEQ,   23,   34,   30,   36, 1007,  275,  22,   0,   0, 
EP, 11, 2026082700, 03, AVNO, 102, 191N, 1216W,  74,  968, XX,  34, NEQ,   86,   82,   88,  107, 1008,  185,  25,   0,   0, 
EP, 11, 2026082700, 03, AVNO, 102, 191N, 1216W,  74,  968, XX,  50, NEQ,   45,   46,   45,   56, 1008,  185,  25,   0,   0, 
EP, 11, 2026082700, 03, AVNO, 102, 191N, 1216W,  74,  968, XX,  64, NEQ,   28,   31,   30,   29, 1008,  185,  25,   0,   0, 
EP, 11, 2026082700, 03, AVNO, 108, 193N, 1220W,  71,  965, XX,  34, NEQ,   79,   92,   94,  102, 1005,  189,  31,   0,   0, 
EP, 11, 2026082700, 03, AVNO, 108, 193N, 1220W,  71,  965, XX,  50, NEQ,   49,   47,   50,   51, 1005,  189,  31,   0,   0, 
EP, 11, 2026082700, 03, AVNO, 108, 193N, 1220W,  71,  965, XX,  64, NEQ,    0,   33,   36,   32, 1005,  189,  31,   0,   0, 
EP, 11, 2026082700, 03, AVNO, 114, 194N, 1225W,  70,  970, XX,  34, NEQ,   88,   87,   92,  104, 1010,  323,  32,   0,   0, 
EP, 11, 2026082700, 03, AVNO, 114, 194N, 1225W,  70,  970, XX,  50, NEQ,   48,   45,   47,   45, 1010,  323,  32,   0,   0, 
EP, 11, 2026082700, 03, AVNO, 114, 194N, 1225W,  70,  970, XX,  64, NEQ,   30,   35,    0,    0, 1010,  323,  32,   0,   0, 
EP, 11, 2026082700, 03, AVNO, 120, 197N, 1229W,  71,  968, XX,  34, NEQ,   84,   85,   92,  104, 1004,  155,  28,   0,   0, 
EP, 11, 2026082700, 03, AVNO, 120, 197N, 1229W,  71,  968, XX,  50, NEQ,   44,   51,   48,   49, 1004,  155,  28,   0,   0, 
EP, 11, 2026082700, 03, AVNO, 120, 197N, 1229W,  71,  968, XX,  64, NEQ,   28,   38,   27,    0, 1004,  155,  28,   0,   0, 
EP, 11, 2026082700, 03, AVNO, 126, 200N, 1233W,  65,  972, XX,  34, NEQ,   91,   88,   87,   94, 1008,  196,  29,   0,   0, 
EP, 11, 2026082700, 03, AVNO, 126, 200N, 1233W,  65,  972, XX,  50, NEQ,   53,   46,   49,   45, 1008,  196,  29,   0,   0, 
EP, 11, 2026082700, 03, AVNO, 126, 200N, 1233W,  65,  972, XX,  64, NEQ,    0,   30,    0,    0, 1008,  196,  29,   0,   0, 
EP, 11, 2026082700, 03, AVNO, 132, 203N, 1238W,  67,  972, XX,  34, NEQ,   89,   88,   90,   93, 1008,  306,  29,   0,   0, 
EP, 11, 2026082700, 03, AVNO, 132, 203N, 1238W,  67,  972, XX,  50, NEQ,   54,   54,   41,   43, 1008,  306,  29,   0,   0, 
EP, 11, 2026082700, 03, AVNO, 132, 203N, 1238W,  67,  972, XX,  64, NEQ,   31,   35,    0,    0, 1008,  306,  29,   0,   0, 
EP, 11, 2026082700, 03, AVNO, 138, 206N, 1242W,  61,  975, XX,  34, NEQ,   86,   88,   91,   92, 1007,  154,  40,   0,   0, 
EP, 11, 2026082700, 03, AVNO, 138, 206N, 1242W,  61,  975, XX,  50, NEQ,   54,   54,   50,   48, 1007,  154,  40,   0,   0, 
EP, 11, 2026082700, 03, AVNO, 144, 210N, 1244W,  61,  973, XX,  34, NEQ,   93,   88,   85,   80, 1005,  169,  41,   0,   0, 
EP, 11, 2026082700, 03, AVNO, 144, 210N, 1244W,  61,  973, XX,  50, NEQ,   57,   56,   48,   49, 1005,  169,  41,   0,   0, 
EP, 11, 2026082700, 03, AVNO, 150, 214N, 1247W,  61,  978, XX,  34, NEQ,  100,   95,   76,   85, 1006,  128,  31,   0,   0, 
EP, 11, 2026082700, 03, AVNO, 150, 214N, 1247W,  61,  978, XX,  50, NEQ,   58,   54,   48,   50, 1006,  128,  31,   0,   0, 
EP, 11, 2026082700, 03, AVNO, 156, 219N, 1251W,  57,  979, XX,  34, NEQ,   97,   91,   79,   88, 1007,  190,  35,   0,   0, 
EP, 11, 2026082700, 03, AVNO, 156, 219N, 1251W,  57,  979, XX,  50, NEQ,   47,   52,   41,   50, 1007,  190,  35,   0,   0, 
EP, 11, 2026082700, 03, AVNO, 162, 224N, 1255W,  55,  983, XX,  34, NEQ,   95,   85,   82,   87, 1007,  141,  45,   0,   0, 
EP, 11, 2026082700, 03, AVNO, 162, 224N, 1255W,  55,  983, XX,  50, NEQ,   54,    0,    0,   41, 1007,  141,  45,   0,   0, 
EP, 11, 2026082700, 03, AVNO, 168, 229N, 1258W,  53,  984, XX,  34, NEQ,   95,   90,   69,   94, 1004,  107,  35,   0,   0, 
EP, 11, 2026082700, 03, AVNO, 168, 229N, 1258W,  53,  984, XX,  50, NEQ,   47,    0,    0,   36, 1004,  107,  35,   0,   0, 
EP, 11, 2026082700, 03, AVNO, 174, 235N, 1262W,  53,  989, XX,  34, NEQ,  100,   84,   65,  103, 1009,  175,  37,   0,   0, 
EP, 11, 2026082700, 03, AVNO, 174, 235N, 1262W,  53,  989, XX,  50, NEQ,   49,    0,    0,   51, 1009,  175,  37,   0,   0, 
EP, 11, 2026082700, 03, AVNO, 180, 239N, 1267W,  46,  990, XX,  34, NEQ,  104,   81,   64,  107, 1006,  174,  52,   0,   0, 
EP, 11, 2026082700, 03, AVNO, 186, 244N, 1272W,  45,  994, XX,  34, NEQ,  119,   59,   63,  120, 1006,   93,  47,   0,   0, 
EP, 11, 2026082700, 03, AVNO, 192, 248N, 1279W,  47,  994, XX,  34, NEQ,  116,   48,   75,  105, 1006,  165,  36,   0,   0, 
EP, 11, 2026082700, 03, AVNO, 198, 247N, 1286W,  42,  998, XX,  34, NEQ,  111,    0,    0,   98, 1006,   85,  55,   0,   0, 
EP, 11, 2026082700, 03, AVNO, 204, 247N, 1292W,  33,  998, XX,  34, NEQ,    0,    0,    0,    0, 1002,   45,  66,   0,   0, 
EP, 11, 2026082700, 03, AVNO, 210, 247N, 1298W,  30, 1001, XX,  34, NEQ,    0,    0,    0,    0, 1005,   52, 110,   0,   0, 
EP, 11, 2026082700, 03, AVNO, 216, 248N, 1305W,  29, 1001, XX,  34, NEQ,    0,    0,    0,    0, 1005,   72,  75,   0,   0, 
EP, 11, 2026082700, 03, AVNO, 222, 247N, 1313W,  28, 1004, XX,  34, NEQ,    0,    0,    0,    0,  -99,  -99,  60,   0,   0, 
EP, 11, 2026082700, 03, AVNO, 228, 249N, 1323W,  27, 1003, XX,  34, NEQ,    0,    0,    0,    0,  -99,  -99, 129,   0,   0, 
EP, 11, 2026082700, 03, AVNO, 234, 250N, 1333W,  27, 1006, XX,  34, NEQ,    0,    0,    0,    0,  -99,  -99, 138,   0,   0, 
EP, 11, 2026082700, 03, AVNO, 240, 249N, 1344W,  26, 1005, XX,  34, NEQ,    0,    0,    0,    0,  -99,  -99, 131,   0,   0, 
EP, 11, 2026082700, 03, HCCA,   0,  95N, 1075W,  25,    0,   ,   0,    ,    0,    0,    0,    0, 
EP, 11, 2026082700, 03, HCCA,  12, 107N, 1091W,  36,    0,   ,   0,    ,    0,    0,    0,    0, 
EP, 11, 2026082700, 03, HCCA,  24, 122N, 1113W,  46,    0,   ,   0,    ,    0,    0,    0,    0, 
EP, 11, 2026082700, 03, HCCA,  36, 134N, 1132W,  53,    0,   ,   0,    ,    0,    0,    0,    0, 
EP, 11, 2026082700, 03, HCCA,  48, 148N, 1150W,  63,    0,   ,   0,    ,    0,    0,    0,    0, 
EP, 11, 2026082700, 03, HCCA,  60, 164N, 1167W,  78,    0,   ,   0,    ,    0,    0,    0,    0, 
EP, 11, 2026082700, 03, HCCA,  72, 178N, 1184W,  87,    0,   ,   0,    ,    0,    0,    0,    0, 
EP, 11, 2026082700, 03, HCCA,  84, 189N, 1201W,  87,    0,   ,   0,    ,    0,    0,    0,    0, 
EP, 11, 2026082700, 03, HCCA,  96, 197N, 1214W,  80,    0,   ,   0,    ,    0,    0,    0,    0, 
EP, 11, 2026082700, 03, HCCA, 108, 205N, 1225W,  73,    0,   ,   0,    ,    0,    0,    0,    0, 
EP, 11, 2026082700, 03, HCCA, 120, 213N, 1236W,  73,    0,   ,   0,    ,    0,    0,    0,    0, 
EP, 11, 2026082700, 03, HCCA, 132, 222N, 1244W,  63,    0,   ,   0,    ,    0,    0,    0,    0, 
EP, 11, 2026082700, 03, HCCA, 144, 233N, 1249W,  57,    0,   ,   0,    ,    0,    0,    0,    0, 
EP, 11, 2026082700, 03, HCCA, 156, 246N, 1253W,  53,    0,   ,   0,    ,    0,    0,    0,    0, 
EP, 11, 2026082700, 03, HCCA, 168, 261N, 1257W,  48,    0,   ,   0,    ,    0,    0,    0,    0, 
EP, 11, 2026082700, 03, HFSA,   0,  93N, 1086W,  25, 1005, XX,  34, NEQ,    0,    0,    0,    0,  -99,  -99,  66,   0,   0,    ,   0,    , 296,   5,           ,  ,  0,    ,    0,    0,    0,    0, THERMO PARAMS, 25, 67, -27, N, 10, DT, -999, SHR82, -99, 
EP, 11, 2026082700, 03, HFSA,   6,  87N, 1104W,  44,  999, XX,  34, NEQ,    0,  118,   28,    0, 1003,   11,  92,   0,   0,    ,   0,    , 264,  11,           ,  ,  0,    ,    0,    0,    0,    0, THERMO PARAMS, -9999, -9999, -9999, N, 10, DT, -999, SHR82, -99, 
EP, 11, 2026082700, 03, HFSA,  12,  94N, 1112W,  46,  998, XX,  34, NEQ,  133,  131,   70,    0, 1002,   27,  34,   0,   0,    ,   0,    , 301,   7,           ,  ,  0,    ,    0,    0,    0,    0, THERMO PARAMS, 58, 274, 86, N, 10, DT, -999, SHR82, -99, 
EP, 11, 2026082700, 03, HFSA,  18, 113N, 1114W,  47, 1001, XX,  34, NEQ,  126,  142,  149,    0, 1005,   65,  92,   0,   0,    ,   0,    , 331,  17,           ,  ,  0,    ,    0,    0,    0,    0, THERMO PARAMS, -80, 200, 85, N, 10, DT, -999, SHR82, -99, 
EP, 11, 2026082700, 03, HFSA,  24, 118N, 1125W,  52,  994, XX,  34, NEQ,  141,  133,   42,  142,  -99,  -99,  91,   0,   0,    ,   0,    , 304,   9,           ,  ,  0,    ,    0,    0,    0,    0, THERMO PARAMS, -14, 284, 576, N, 10, DT, -999, SHR82, -99, 
EP, 11, 2026082700, 03, HFSA,  30, 127N, 1137W,  54,  994, XX,  34, NEQ,  118,  172,    0,   94,  998,    8,  42,   0,   0,    ,   0,    , 306,  15,           ,  ,  0,    ,    0,    0,    0,    0, THERMO PARAMS, -73, 393, 533, N, 10, DT, -999, SHR82, -99, 
EP, 11, 2026082700, 03, HFSA,  30, 127N, 1137W,  54,  994, XX,  50, NEQ,   44,    0,    0,    0,  998,    8,  42,   0,   0,    ,   0,    , 306,  15,           ,  ,  0,    ,    0,    0,    0,    0, THERMO PARAMS, -73, 393, 533, N, 10, DT, -999, SHR82, -99, 
EP, 11, 2026082700, 03, HFSA,  36, 131N, 1148W,  55,  993, XX,  34, NEQ,  136,  107,    0,  120,  997,   33,  74,   0,   0,    ,   0,    , 308,   9,           ,  ,  0,    ,    0,    0,    0,    0, THERMO PARAMS, -72, 511, 276, N, 10, DT, -999, SHR82, -99, 
EP, 11, 2026082700, 03, HFSA,  42, 138N, 1154W,  67,  993, XX,  34, NEQ,  157,  196,    0,  118,  997,   23,  39,   0,   0,    ,   0,    , 312,  10,           ,  ,  0,    ,    0,    0,    0,    0, THERMO PARAMS, -70, 592, 531, N, 10, DT, -999, SHR82, -99, 
EP, 11, 2026082700, 03, HFSA,  42, 138N, 1154W,  67,  993, XX,  50, NEQ,   53,    0,    0,   50,  997,   23,  39,   0,   0,    ,   0,    , 312,  10,           ,  ,  0,    ,    0,    0,    0,    0, THERMO PARAMS, -70, 592, 531, N, 10, DT, -999, SHR82, -99, 
EP, 11, 2026082700, 03, HFSA,  48, 145N, 1161W,  60,  989, XX,  34, NEQ,  197,  157,   45,  170,  993,   22,  56,   0,   0,    ,   0,    , 315,  10,           ,  ,  0,    ,    0,    0,    0,    0, THERMO PARAMS, -52, 812, 693, N, 10, DT, -999, SHR82, -99, 
EP, 11, 2026082700, 03, HFSA,  48, 145N, 1161W,  60,  989, XX,  50, NEQ,   68,    0,    0,   58,  993,   22,  56,   0,   0,    ,   0,    , 315,  10,           ,  ,  0,    ,    0,    0,    0,    0, THERMO PARAMS, -52, 812, 693, N, 10, DT, -999, SHR82, -99, 
EP, 11, 2026082700, 03, HFSA,  54, 150N, 1171W,  57,  984, XX,  34, NEQ,  191,   76,   58,  105,  988,    9,  30,   0,   0,    ,   0,    , 300,   9,           ,  ,  0,    ,    0,    0,    0,    0, THERMO PARAMS, -26, 1135, 1105, N, 10, DT, -999, SHR82, -99, 
EP, 11, 2026082700, 03, HFSA,  54, 150N, 1171W,  57,  984, XX,  50, NEQ,   55,    0,    0,   47,  988,    9,  30,   0,   0,    ,   0,    , 300,   9,           ,  ,  0,    ,    0,    0,    0,    0, THERMO PARAMS, -26, 1135, 1105, N, 10, DT, -999, SHR82, -99, 
EP, 11, 2026082700, 03, HFSA,  60, 156N, 1176W,  68,  980, XX,  34, NEQ,  165,   91,   91,  138,  984,   12,  20,   0,   0,    ,   0,    , 319,   9,           ,  ,  0,    ,    0,    0,    0,    0, THERMO PARAMS, -7, 1258, 1166, N, 10, DT, -999, SHR82, -99, 
EP, 11, 2026082700, 03, HFSA,  60, 156N, 1176W,  68,  980, XX,  50, NEQ,   42,   29,    0,   37,  984,   12,  20,   0,   0,    ,   0,    , 319,   9,           ,  ,  0,    ,    0,    0,    0,    0, THERMO PARAMS, -7, 1258, 1166, N, 10, DT, -999, SHR82, -99, 
EP, 11, 2026082700, 03, HFSA,  60, 156N, 1176W,  68,  980, XX,  64, NEQ,    0,    0,    0,   21,  984,   12,  20,   0,   0,    ,   0,    , 319,   9,           ,  ,  0,    ,    0,    0,    0,    0, THERMO PARAMS, -7, 1258, 1166, N, 10, DT, -999, SHR82, -99, 
EP, 11, 2026082700, 03, HFSA,  66, 163N, 1182W,  73,  973, XX,  34, NEQ,  144,  139,   60,  141,  997,   44,  20,   0,   0,    ,   0,    , 316,   9,           ,  ,  0,    ,    0,    0,    0,    0, THERMO PARAMS, -33, 1973, 1559, N, 10, DT, -999, SHR82, -99, 
EP, 11, 2026082700, 03, HFSA,  66, 163N, 1182W,  73,  973, XX,  50, NEQ,   45,   37,   28,   39,  997,   44,  20,   0,   0,    ,   0,    , 316,   9,           ,  ,  0,    ,    0,    0,    0,    0, THERMO PARAMS, -33, 1973, 1559, N, 10, DT, -999, SHR82, -99, 
EP, 11, 2026082700, 03, HFSA,  66, 163N, 1182W,  73,  973, XX,  64, NEQ,   24,   29,   16,   26,  997,   44,  20,   0,   0,    ,   0,    , 316,   9,           ,  ,  0,    ,    0,    0,    0,    0, THERMO PARAMS, -33, 1973, 1559, N, 10, DT, -999, SHR82, -99, 
EP, 11, 2026082700, 03, HFSA,  72, 171N, 1191W,  84,  967, XX,  34, NEQ,  152,  138,   87,  134,  995,   47,  14,   0,   0,    ,   0,    , 302,  10,           ,  ,  0,    ,    0,    0,    0,    0, THERMO PARAMS, -36, 1967, 1655, N, 10, DT, -999, SHR82, -99, 
EP, 11, 2026082700, 03, HFSA,  72, 171N, 1191W,  84,  967, XX,  50, NEQ,   58,   34,   34,   55,  995,   47,  14,   0,   0,    ,   0,    , 302,  10,           ,  ,  0,    ,    0,    0,    0,    0, THERMO PARAMS, -36, 1967, 1655, N, 10, DT, -999, SHR82, -99, 
EP, 11, 2026082700, 03, HFSA,  72, 171N, 1191W,  84,  967, XX,  64, NEQ,   29,   26,   23,   28,  995,   47,  14,   0,   0,    ,   0,    , 302,  10,           ,  ,  0,    ,    0,    0,    0,    0, THERMO PARAMS, -36, 1967, 1655, N, 10, DT, -999, SHR82, -99, 
EP, 11, 2026082700, 03, HFSA,  78, 176N, 1198W,  89,  965, XX,  34, NEQ,  134,   86,   89,  136, 1005,  111,  15,   0,   0,    ,   0,    , 299,   9,           ,  ,  0,    ,    0,    0,    0,    0, THERMO PARAMS, 18, 1915, 1757, N, 10, DT, -999, SHR82, -99, 
EP, 11, 2026082700, 03, HFSA,  78, 176N, 1198W,  89,  965, XX,  50, NEQ,   55,   37,   42,   60, 1005,  111,  15,   0,   0,    ,   0,    , 299,   9,           ,  ,  0,    ,    0,    0,    0,    0, THERMO PARAMS, 18, 1915, 1757, N, 10, DT, -999, SHR82, -99, 
EP, 11, 2026082700, 03, HFSA,  78, 176N, 1198W,  89,  965, XX,  64, NEQ,   34,   24,   16,   31, 1005,  111,  15,   0,   0,    ,   0,    , 299,   9,           ,  ,  0,    ,    0,    0,    0,    0, THERMO PARAMS, 18, 1915, 1757, N, 10, DT, -999, SHR82, -99, 
EP, 11, 2026082700, 03, HFSA,  84, 181N, 1205W,  83,  959, XX,  34, NEQ,  144,   84,  105,  151, 1003,  112,  15,   0,   0,    ,   0,    , 301,   9,           ,  ,  0,    ,    0,    0,    0,    0, THERMO PARAMS, 34, 1784, 2298, N, 10, DT, -999, SHR82, -99, 
EP, 11, 2026082700, 03, HFSA,  84, 181N, 1205W,  83,  959, XX,  50, NEQ,   57,   49,   42,   70, 1003,  112,  15,   0,   0,    ,   0,    , 301,   9,           ,  ,  0,    ,    0,    0,    0,    0, THERMO PARAMS, 34, 1784, 2298, N, 10, DT, -999, SHR82, -99, 
EP, 11, 2026082700, 03, HFSA,  84, 181N, 1205W,  83,  959, XX,  64, NEQ,   37,   29,   24,   36, 1003,  112,  15,   0,   0,    ,   0,    , 301,   9,           ,  ,  0,    ,    0,    0,    0,    0, THERMO PARAMS, 34, 1784, 2298, N, 10, DT, -999, SHR82, -99, 
EP, 11, 2026082700, 03, HFSA,  90, 185N, 1214W,  92,  959, XX,  34, NEQ,  130,   92,  100,  131,  999,   63,  19,   0,   0,    ,   0,    , 296,   8,           ,  ,  0,    ,    0,    0,    0,    0, THERMO PARAMS, 35, 1667, 2468, N, 10, DT, -999, SHR82, -99, 
EP, 11, 2026082700, 03, HFSA,  90, 185N, 1214W,  92,  959, XX,  50, NEQ,   55,   50,   52,   57,  999,   63,  19,   0,   0,    ,   0,    , 296,   8,           ,  ,  0,    ,    0,    0,    0,    0, THERMO PARAMS, 35, 1667, 2468, N, 10, DT, -999, SHR82, -99, 
EP, 11, 2026082700, 03, HFSA,  90, 185N, 1214W,  92,  959, XX,  64, NEQ,   40,   37,   34,   40,  999,   63,  19,   0,   0,    ,   0,    , 296,   8,           ,  ,  0,    ,    0,    0,    0,    0, THERMO PARAMS, 35, 1667, 2468, N, 10, DT, -999, SHR82, -99, 
EP, 11, 2026082700, 03, HFSA,  96, 189N, 1222W,  99,  955, XX,  34, NEQ,  110,  100,   97,  113,  995,   57,  29,   0,   0,    ,   0,    , 298,   7,           ,  ,  0,    ,    0,    0,    0,    0, THERMO PARAMS, 52, 1242, 2566, N, 10, DT, -999, SHR82, -99, 
EP, 11, 2026082700, 03, HFSA,  96, 189N, 1222W,  99,  955, XX,  50, NEQ,   55,   52,   49,   57,  995,   57,  29,   0,   0,    ,   0,    , 298,   7,           ,  ,  0,    ,    0,    0,    0,    0, THERMO PARAMS, 52, 1242, 2566, N, 10, DT, -999, SHR82, -99, 
EP, 11, 2026082700, 03, HFSA,  96, 189N, 1222W,  99,  955, XX,  64, NEQ,   40,   39,   37,   40,  995,   57,  29,   0,   0,    ,   0,    , 298,   7,           ,  ,  0,    ,    0,    0,    0,    0, THERMO PARAMS, 52, 1242, 2566, N, 10, DT, -999, SHR82, -99, 
EP, 11, 2026082700, 03, HFSA, 102, 192N, 1229W,  98,  958, XX,  34, NEQ,  104,   97,   99,  112, 1006,  115,  24,   0,   0,    ,   0,    , 291,   7,           ,  ,  0,    ,    0,    0,    0,    0, THERMO PARAMS, 70, 1134, 2479, N, 10, DT, -999, SHR82, -99, 
EP, 11, 2026082700, 03, HFSA, 102, 192N, 1229W,  98,  958, XX,  50, NEQ,   57,   53,   52,   58, 1006,  115,  24,   0,   0,    ,   0,    , 291,   7,           ,  ,  0,    ,    0,    0,    0,    0, THERMO PARAMS, 70, 1134, 2479, N, 10, DT, -999, SHR82, -99, 
EP, 11, 2026082700, 03, HFSA, 102, 192N, 1229W,  98,  958, XX,  64, NEQ,   42,   40,   40,   42, 1006,  115,  24,   0,   0,    ,   0,    , 291,   7,           ,  ,  0,    ,    0,    0,    0,    0, THERMO PARAMS, 70, 1134, 2479, N, 10, DT, -999, SHR82, -99, 
EP, 11, 2026082700, 03, HFSA, 108, 195N, 1236W,  87,  960, XX,  34, NEQ,  102,   99,   97,  108, 1000,   78,  22,   0,   0,    ,   0,    , 300,   5,           ,  ,  0,    ,    0,    0,    0,    0, THERMO PARAMS, 45, 1228, 2101, N, 10, DT, -999, SHR82, -99, 
EP, 11, 2026082700, 03, HFSA, 108, 195N, 1236W,  87,  960, XX,  50, NEQ,   57,   57,   55,   58, 1000,   78,  22,   0,   0,    ,   0,    , 300,   5,           ,  ,  0,    ,    0,    0,    0,    0, THERMO PARAMS, 45, 1228, 2101, N, 10, DT, -999, SHR82, -99, 
EP, 11, 2026082700, 03, HFSA, 108, 195N, 1236W,  87,  960, XX,  64, NEQ,   42,   44,   39,   40, 1000,   78,  22,   0,   0,    ,   0,    , 300,   5,           ,  ,  0,    ,    0,    0,    0,    0, THERMO PARAMS, 45, 1228, 2101, N, 10, DT, -999, SHR82, -99, 
EP, 11, 2026082700, 03, HFSA, 114, 198N, 1242W,  77,  965, XX,  34, NEQ,   99,   97,   89,  105, 1001,   78,  27,   0,   0,    ,   0,    , 311,   6,           ,  ,  0,    ,    0,    0,    0,    0, THERMO PARAMS, 39, 1132, 2070, N, 10, DT, -999, SHR82, -99, 
EP, 11, 2026082700, 03, HFSA, 114, 198N, 1242W,  77,  965, XX,  50, NEQ,   57,   53,   53,   53, 1001,   78,  27,   0,   0,    ,   0,    , 311,   6,           ,  ,  0,    ,    0,    0,    0,    0, THERMO PARAMS, 39, 1132, 2070, N, 10, DT, -999, SHR82, -99, 
EP, 11, 2026082700, 03, HFSA, 114, 198N, 1242W,  77,  965, XX,  64, NEQ,   37,   44,   28,   39, 1001,   78,  27,   0,   0,    ,   0,    , 311,   6,           ,  ,  0,    ,    0,    0,    0,    0, THERMO PARAMS, 39, 1132, 2070, N, 10, DT, -999, SHR82, -99, 
EP, 11, 2026082700, 03, HFSA, 120, 203N, 1247W,  77,  965, XX,  34, NEQ,   97,  102,   94,   97,  997,   67,  24,   0,   0,    ,   0,    , 323,   6,           ,  ,  0,    ,    0,    0,    0,    0, THERMO PARAMS, -8, 1194, 2051, N, 10, DT, -999, SHR82, -99, 
EP, 11, 2026082700, 03, HFSA, 120, 203N, 1247W,  77,  965, XX,  50, NEQ,   52,   57,   50,   53,  997,   67,  24,   0,   0,    ,   0,    , 323,   6,           ,  ,  0,    ,    0,    0,    0,    0, THERMO PARAMS, -8, 1194, 2051, N, 10, DT, -999, SHR82, -99, 
EP, 11, 2026082700, 03, HFSA, 120, 203N, 1247W,  77,  965, XX,  64, NEQ,   39,   40,    0,   37,  997,   67,  24,   0,   0,    ,   0,    , 323,   6,           ,  ,  0,    ,    0,    0,    0,    0, THERMO PARAMS, -8, 1194, 2051, N, 10, DT, -999, SHR82, -99, 
EP, 11, 2026082700, 03, HFSA, 126, 208N, 1251W,  68,  970, XX,  34, NEQ,  100,   97,   83,  104, 1002,   83,  25,   0,   0,    ,   0,    , -99, -99,           ,  ,  0,    ,    0,    0,    0,    0, THERMO PARAMS, -21, 1157, 1888, N, 10, DT, -999, SHR82, -99, 
EP, 11, 2026082700, 03, HFSA, 126, 208N, 1251W,  68,  970, XX,  50, NEQ,   55,   55,   47,   52, 1002,   83,  25,   0,   0,    ,   0,    , -99, -99,           ,  ,  0,    ,    0,    0,    0,    0, THERMO PARAMS, -21, 1157, 1888, N, 10, DT, -999, SHR82, -99, 
EP, 11, 2026082700, 03, HFSA, 126, 208N, 1251W,  68,  970, XX,  64, NEQ,   31,    0,    0,   32, 1002,   83,  25,   0,   0,    ,   0,    , -99, -99,           ,  ,  0,    ,    0,    0,    0,    0, THERMO PARAMS, -21, 1157, 1888, N, 10, DT, -999, SHR82, -99, 
EP, 11, 2026082700, 03, TVCN,   0,  95N, 1075W,   0,    0,   ,   0,    ,    0,    0,    0,    0, 
EP, 11, 2026082700, 03, TVCN,  12, 109N, 1088W,   0,    0,   ,   0,    ,    0,    0,    0,    0, 
EP, 11, 2026082700, 03, TVCN,  24, 123N, 1108W,   0,    0,   ,   0,    ,    0,    0,    0,    0, 
EP, 11, 2026082700, 03, TVCN,  36, 134N, 1128W,   0,    0,   ,   0,    ,    0,    0,    0,    0, 
EP, 11, 2026082700, 03, TVCN,  48, 146N, 1145W,   0,    0,   ,   0,    ,    0,    0,    0,    0, 
EP, 11, 2026082700, 03, TVCN,  60, 161N, 1161W,   0,    0,   ,   0,    ,    0,    0,    0,    0, 
EP, 11, 2026082700, 03, TVCN,  72, 175N, 1178W,   0,    0,   ,   0,    ,    0,    0,    0,    0, 
EP, 11, 2026082700, 03, TVCN,  84, 186N, 1195W,   0,    0,   ,   0,    ,    0,    0,    0,    0, 
EP, 11, 2026082700, 03, TVCN,  96, 195N, 1210W,   0,    0,   ,   0,    ,    0,    0,    0,    0, 
EP, 11, 2026082700, 03, TVCN, 108, 202N, 1223W,   0,    0,   ,   0,    ,    0,    0,    0,    0, 
EP, 11, 2026082700, 03, TVCN, 120, 211N, 1234W,   0,    0,   ,   0,    ,    0,    0,    0,    0, 
EP, 11, 2026082700, 03, TVCN, 132, 220N, 1244W,   0,    0,   ,   0,    ,    0,    0,    0,    0, 
EP, 11, 2026082700, 03, TVCN, 144, 224N, 1246W,   0,    0,   ,   0,    ,    0,    0,    0,    0, 
EP, 11, 2026082700, 03, TVCN, 156, 237N, 1253W,   0,    0,   ,   0,    ,    0,    0,    0,    0, 
EP, 11, 2026082700, 03, TVCN, 168, 251N, 1258W,   0,    0,   ,   0,    ,    0,    0,    0,    0, 
EP, 11, 2026082706, 03, AVNO,   0,  95N, 1092W,  31, 1005, XX,  34, NEQ,    0,    0,    0,    0,  -99,  -99,  93,   0,   0, 
EP, 11, 2026082706, 03, AVNO,   6, 105N, 1096W,  39, 1001, XX,  34, NEQ,    0,   69,  174,    0, 1005,  111,  48,   0,   0, 
EP, 11, 2026082706, 03, AVNO,  12, 115N, 1107W,  53,  999, XX,  34, NEQ,   80,  135,  263,   61, 1003,   48,  51,   0,   0, 
EP, 11, 2026082706, 03, AVNO,  12, 115N, 1107W,  53,  999, XX,  50, NEQ,   53,    0,    0,    0, 1003,   48,  51,   0,   0, 
EP, 11, 2026082706, 03, AVNO,  18, 119N, 1123W,  44,  996, XX,  34, NEQ,   95,  166,    0,   80, 1004,  130,  69,   0,   0, 
EP, 11, 2026082706, 03, AVNO,  24, 120N, 1133W,  39,  999, XX,  34, NEQ,  137,    0,    0,  124, 1007,  110,  86,   0,   0, 
EP, 11, 2026082706, 03, AVNO,  30, 128N, 1136W,  41,  992, XX,  34, NEQ,  129,   66,    0,   76, 1004,  119,  28,   0,   0, 
EP, 11, 2026082706, 03, AVNO,  36, 135N, 1144W,  45,  993, XX,  34, NEQ,  133,  137,   34,   68, 1009,  200,  28,   0,   0, 
EP, 11, 2026082706, 03, AVNO,  42, 142N, 1151W,  45,  990, XX,  34, NEQ,  128,  110,    0,  113, 1006,  190,  69,   0,   0, 
EP, 11, 2026082706, 03, AVNO,  48, 150N, 1159W,  55,  986, XX,  34, NEQ,  163,  124,   37,   94, 1010,  235,  15,   0,   0, 
EP, 11, 2026082706, 03, AVNO,  48, 150N, 1159W,  55,  986, XX,  50, NEQ,   31,    0,    0,   29, 1010,  235,  15,   0,   0, 
EP, 11, 2026082706, 03, AVNO,  54, 159N, 1164W,  57,  980, XX,  34, NEQ,  179,   98,   56,  127, 1000,   64,  23,   0,   0, 
EP, 11, 2026082706, 03, AVNO,  54, 159N, 1164W,  57,  980, XX,  50, NEQ,   31,   25,    0,    0, 1000,   64,  23,   0,   0, 
EP, 11, 2026082706, 03, AVNO,  60, 171N, 1173W,  67,  976, XX,  34, NEQ,  159,   92,   81,  120, 1008,  177,  23,   0,   0, 
EP, 11, 2026082706, 03, AVNO,  60, 171N, 1173W,  67,  976, XX,  50, NEQ,   42,   36,   28,   35, 1008,  177,  23,   0,   0, 
EP, 11, 2026082706, 03, AVNO,  60, 171N, 1173W,  67,  976, XX,  64, NEQ,   26,    0,    0,    0, 1008,  177,  23,   0,   0, 
EP, 11, 2026082706, 03, AVNO,  66, 178N, 1183W,  65,  972, XX,  34, NEQ,  144,   61,   83,  132, 1008,  326,  24,   0,   0, 
EP, 11, 2026082706, 03, AVNO,  66, 178N, 1183W,  65,  972, XX,  50, NEQ,   45,   34,   28,   41, 1008,  326,  24,   0,   0, 
EP, 11, 2026082706, 03, AVNO,  66, 178N, 1183W,  65,  972, XX,  64, NEQ,   30,    0,    0,    0, 1008,  326,  24,   0,   0, 
EP, 11, 2026082706, 03, AVNO,  72, 183N, 1193W,  64,  973, XX,  34, NEQ,  157,   62,   96,  108, 1009,  213,  26,   0,   0, 
EP, 11, 2026082706, 03, AVNO,  72, 183N, 1193W,  64,  973, XX,  50, NEQ,   46,   38,   33,   44, 1009,  213,  26,   0,   0, 
EP, 11, 2026082706, 03, AVNO,  72, 183N, 1193W,  64,  973, XX,  64, NEQ,   27,    0,    0,    0, 1009,  213,  26,   0,   0, 
EP, 11, 2026082706, 03, AVNO,  78, 186N, 1202W,  67,  971, XX,  34, NEQ,  108,   84,  109,  117, 1007,  194,  25,   0,   0, 
EP, 11, 2026082706, 03, AVNO,  78, 186N, 1202W,  67,  971, XX,  50, NEQ,   42,   43,   36,   45, 1007,  194,  25,   0,   0, 
EP, 11, 2026082706, 03, AVNO,  78, 186N, 1202W,  67,  971, XX,  64, NEQ,    0,    0,    0,   31, 1007,  194,  25,   0,   0, 
EP, 11, 2026082706, 03, AVNO,  84, 186N, 1209W,  64,  972, XX,  34, NEQ,   88,   98,   99,  108, 1008,  160,  19,   0,   0, 
EP, 11, 2026082706, 03, AVNO,  84, 186N, 1209W,  64,  972, XX,  50, NEQ,   39,   39,   38,   44, 1008,  160,  19,   0,   0, 
EP, 11, 2026082706, 03, AVNO,  84, 186N, 1209W,  64,  972, XX,  64, NEQ,    0,    0,   20,    0, 1008,  160,  19,   0,   0, 
EP, 11, 2026082706, 03, AVNO,  90, 189N, 1214W,  70,  968, XX,  34, NEQ,   83,   89,   91,   99, 1008,  275,  20,   0,   0, 
EP, 11, 2026082706, 03, AVNO,  90, 189N, 1214W,  70,  968, XX,  50, NEQ,   40,   41,   36,   48, 1008,  275,  20,   0,   0, 
EP, 11, 2026082706, 03, AVNO,  90, 189N, 1214W,  70,  968, XX,  64, NEQ,   24,   30,   26,   28, 1008,  275,  20,   0,   0, 
EP, 11, 2026082706, 03, AVNO,  96, 190N, 1221W,  69,  969, XX,  34, NEQ,   90,   76,   85,  103, 1009,  209,  26,   0,   0, 
EP, 11, 2026082706, 03, AVNO,  96, 190N, 1221W,  69,  969, XX,  50, NEQ,   43,   43,   39,   46, 1009,  209,  26,   0,   0, 
EP, 11, 2026082706, 03, AVNO,  96, 190N, 1221W,  69,  969, XX,  64, NEQ,   29,   31,    0,    0, 1009,  209,  26,   0,   0, 
EP, 11, 2026082706, 03, AVNO, 102, 192N, 1227W,  73,  966, XX,  34, NEQ,   87,   90,   91,  100, 1006,  222,  29,   0,   0, 
EP, 11, 2026082706, 03, AVNO, 102, 192N, 1227W,  73,  966, XX,  50, NEQ,   48,   50,   46,   56, 1006,  222,  29,   0,   0, 
EP, 11, 2026082706, 03, AVNO, 102, 192N, 1227W,  73,  966, XX,  64, NEQ,   35,   39,   31,   31, 1006,  222,  29,   0,   0, 
EP, 11, 2026082706, 03, AVNO, 108, 195N, 1233W,  70,  966, XX,  34, NEQ,   98,   89,   97,  104, 1010,  309,  30,   0,   0, 
EP, 11, 2026082706, 03, AVNO, 108, 195N, 1233W,  70,  966, XX,  50, NEQ,   47,   48,   48,   51, 1010,  309,  30,   0,   0, 
EP, 11, 2026082706, 03, AVNO, 108, 195N, 1233W,  70,  966, XX,  64, NEQ,   36,   33,   34,   34, 1010,  309,  30,   0,   0, 
EP, 11, 2026082706, 03, AVNO, 114, 199N, 1239W,  76,  964, XX,  34, NEQ,   90,   88,   92,  102,  980,   33,  25,   0,   0, 
EP, 11, 2026082706, 03, AVNO, 114, 199N, 1239W,  76,  964, XX,  50, NEQ,   53,   47,   51,   53,  980,   33,  25,   0,   0, 
EP, 11, 2026082706, 03, AVNO, 114, 199N, 1239W,  76,  964, XX,  64, NEQ,   43,   32,   36,   37,  980,   33,  25,   0,   0, 
EP, 11, 2026082706, 03, AVNO, 120, 202N, 1245W,  75,  967, XX,  34, NEQ,   96,   87,   91,  109,  979,   30,  27,   0,   0, 
EP, 11, 2026082706, 03, AVNO, 120, 202N, 1245W,  75,  967, XX,  50, NEQ,   55,   55,   49,   58,  979,   30,  27,   0,   0, 
EP, 11, 2026082706, 03, AVNO, 120, 202N, 1245W,  75,  967, XX,  64, NEQ,   41,   39,   35,   38,  979,   30,  27,   0,   0, 
EP, 11, 2026082706, 03, AVNO, 126, 205N, 1250W,  70,  967, XX,  34, NEQ,   94,   93,   95,   99, 1007,  233,  30,   0,   0, 
EP, 11, 2026082706, 03, AVNO, 126, 205N, 1250W,  70,  967, XX,  50, NEQ,   62,   47,   53,   54, 1007,  233,  30,   0,   0, 
EP, 11, 2026082706, 03, AVNO, 126, 205N, 1250W,  70,  967, XX,  64, NEQ,    0,   33,   32,   31, 1007,  233,  30,   0,   0, 
EP, 11, 2026082706, 03, AVNO, 132, 208N, 1253W,  63,  972, XX,  34, NEQ,   96,   91,   93,   97, 1008,  193,  27,   0,   0, 
EP, 11, 2026082706, 03, AVNO, 132, 208N, 1253W,  63,  972, XX,  50, NEQ,   54,   50,   56,   49, 1008,  193,  27,   0,   0, 
EP, 11, 2026082706, 03, AVNO, 138, 212N, 1256W,  60,  972, XX,  34, NEQ,   91,   88,   90,  103, 1004,  144,  34,   0,   0, 
EP, 11, 2026082706, 03, AVNO, 138, 212N, 1256W,  60,  972, XX,  50, NEQ,   55,   55,   49,   52, 1004,  144,  34,   0,   0, 
EP, 11, 2026082706, 03, AVNO, 144, 216N, 1257W,  56,  978, XX,  34, NEQ,   93,   97,   87,  101, 1010,  215,  37,   0,   0, 
EP, 11, 2026082706, 03, AVNO, 144, 216N, 1257W,  56,  978, XX,  50, NEQ,   56,   46,   46,   55, 1010,  215,  37,   0,   0, 
EP, 11, 2026082706, 03, AVNO, 150, 220N, 1259W,  53,  979, XX,  34, NEQ,   96,   93,   85,   89, 1007,  219,  31,   0,   0, 
EP, 11, 2026082706, 03, AVNO, 150, 220N, 1259W,  53,  979, XX,  50, NEQ,   57,   49,   36,   41, 1007,  219,  31,   0,   0, 
EP, 11, 2026082706, 03, AVNO, 156, 226N, 1260W,  53,  984, XX,  34, NEQ,  100,   96,   81,   87, 1008,  150,  43,   0,   0, 
EP, 11, 2026082706, 03, AVNO, 156, 226N, 1260W,  53,  984, XX,  50, NEQ,   45,   42,    0,   43, 1008,  150,  43,   0,   0, 
EP, 11, 2026082706, 03, AVNO, 162, 233N, 1260W,  50,  985, XX,  34, NEQ,   99,   90,   74,   91, 1005,  129,  39,   0,   0, 
EP, 11, 2026082706, 03, AVNO, 162, 233N, 1260W,  50,  985, XX,  50, NEQ,    0,    0,    0,   40, 1005,  129,  39,   0,   0, 
EP, 11, 2026082706, 03, AVNO, 168, 239N, 1263W,  51,  991, XX,  34, NEQ,  106,   98,   81,  100, 1011,  516,  40,   0,   0, 
EP, 11, 2026082706, 03, AVNO, 168, 239N, 1263W,  51,  991, XX,  50, NEQ,    0,    0,    0,   40, 1011,  516,  40,   0,   0, 
EP, 11, 2026082706, 03, AVNO, 174, 245N, 1268W,  48,  992, XX,  34, NEQ,  119,   82,   87,  102, 1008,  162,  41,   0,   0, 
EP, 11, 2026082706, 03, AVNO, 180, 250N, 1274W,  47,  995, XX,  34, NEQ,  123,   83,   84,  119, 1007,   86,  42,   0,   0, 
EP, 11, 2026082706, 03, AVNO, 186, 253N, 1281W,  47,  995, XX,  34, NEQ,  131,   64,   87,  115, 1007,  104,  52,   0,   0, 
EP, 11, 2026082706, 03, AVNO, 192, 254N, 1289W,  42,  998, XX,  34, NEQ,  105,    0,   45,  103, 1010,  135,  58,   0,   0, 
EP, 11, 2026082706, 03, AVNO, 198, 256N, 1299W,  36,  999, XX,  34, NEQ,   53,    0,    0,   70, 1007,   75,  38,   0,   0, 
EP, 11, 2026082706, 03, AVNO, 204, 256N, 1308W,  33, 1003, XX,  34, NEQ,    0,    0,    0,    0, 1011,  112,  66,   0,   0, 
EP, 11, 2026082706, 03, AVNO, 210, 257N, 1319W,  32, 1003, XX,  34, NEQ,    0,    0,    0,    0, 1007,   44,  50,   0,   0, 
EP, 11, 2026082706, 03, AVNO, 216, 255N, 1332W,  31, 1006, XX,  34, NEQ,    0,    0,    0,    0, 1010,   56,  62,   0,   0, 
EP, 11, 2026082706, 03, AVNO, 222, 254N, 1346W,  28, 1006, XX,  34, NEQ,    0,    0,    0,    0,  -99,  -99,  83,   0,   0, 
EP, 11, 2026082706, 03, AVNO, 228, 252N, 1360W,  28, 1009, XX,  34, NEQ,    0,    0,    0,    0,  -99,  -99,  63,   0,   0, 
EP, 11, 2026082706, 03, AVNO, 234, 250N, 1378W,  29, 1008, XX,  34, NEQ,    0,    0,    0,    0,  -99,  -99,  43,   0,   0, 
EP, 11, 2026082706, 03, AVNO, 240, 247N, 1397W,  29, 1011, XX,  34, NEQ,    0,    0,    0,    0,  -99,  -99,  62,   0,   0, 
EP, 11, 2026082706, 03, HFSA,   0,  94N, 1097W,  29, 1002, XX,  34, NEQ,    0,    0,    0,    0, 1006,   10, 117,   0,   0,    ,   0,    , 293,   9,           ,  ,  0,    ,    0,    0,    0,    0, THERMO PARAMS, 68, 20, 216, N, 10, DT, -999, SHR82, -99, 
EP, 11, 2026082706, 03, HFSA,   6, 103N, 1101W,  56,  997, XX,  34, NEQ,  107,   97,  196,   16, 1001,   25,  17,   0,   0,    ,   0,    , 302,  12,           ,  ,  0,    ,    0,    0,    0,    0, THERMO PARAMS, -31, 991, 652, N, 10, DT, -999, SHR82, -99, 
EP, 11, 2026082706, 03, HFSA,   6, 103N, 1101W,  56,  997, XX,  50, NEQ,   18,   50,    0,    0, 1001,   25,  17,   0,   0,    ,   0,    , 302,  12,           ,  ,  0,    ,    0,    0,    0,    0, THERMO PARAMS, -31, 991, 652, N, 10, DT, -999, SHR82, -99, 
EP, 11, 2026082706, 03, HFSA,  12, 112N, 1115W,  46,  999, XX,  34, NEQ,   74,  178,  196,   65, 1003,   39,  45,   0,   0,    ,   0,    , 306,  15,           ,  ,  0,    ,    0,    0,    0,    0, THERMO PARAMS, -9999, -9999, -9999, N, 10, DT, -999, SHR82, -99, 
EP, 11, 2026082706, 03, HFSA,  18, 114N, 1126W,  49,  996, XX,  34, NEQ,  185,  115,    0,  152, 1000,   38,  60,   0,   0,    ,   0,    , 301,   9,           ,  ,  0,    ,    0,    0,    0,    0, THERMO PARAMS, -25, 289, 281, N, 10, DT, -999, SHR82, -99, 
EP, 11, 2026082706, 03, HFSA,  24, 123N, 1134W,  65,  992, XX,  34, NEQ,  152,  136,   79,  100,  996,   11,  20,   0,   0,    ,   0,    , 320,  16,           ,  ,  0,    ,    0,    0,    0,    0, THERMO PARAMS, -69, 163, 1009, N, 10, DT, -999, SHR82, -99, 
EP, 11, 2026082706, 03, HFSA,  24, 123N, 1134W,  65,  992, XX,  50, NEQ,   36,   36,    0,   21,  996,   11,  20,   0,   0,    ,   0,    , 320,  16,           ,  ,  0,    ,    0,    0,    0,    0, THERMO PARAMS, -69, 163, 1009, N, 10, DT, -999, SHR82, -99, 
EP, 11, 2026082706, 03, HFSA,  30, 132N, 1145W,  53,  989, XX,  34, NEQ,  136,  136,    0,  118,  993,   13,  43,   0,   0,    ,   0,    , 315,  13,           ,  ,  0,    ,    0,    0,    0,    0, THERMO PARAMS, -102, 660, 970, N, 10, DT, -999, SHR82, -99, 
EP, 11, 2026082706, 03, HFSA,  30, 132N, 1145W,  53,  989, XX,  50, NEQ,   45,    0,    0,    0,  993,   13,  43,   0,   0,    ,   0,    , 315,  13,           ,  ,  0,    ,    0,    0,    0,    0, THERMO PARAMS, -102, 660, 970, N, 10, DT, -999, SHR82, -99, 
EP, 11, 2026082706, 03, HFSA,  36, 140N, 1156W,  63,  989, XX,  34, NEQ,  160,  181,   52,  131, 1001,   50,  45,   0,   0,    ,   0,    , 300,  12,           ,  ,  0,    ,    0,    0,    0,    0, THERMO PARAMS, -88, 722, 945, N, 10, DT, -999, SHR82, -99, 
EP, 11, 2026082706, 03, HFSA,  36, 140N, 1156W,  63,  989, XX,  50, NEQ,   71,    0,    0,   49, 1001,   50,  45,   0,   0,    ,   0,    , 300,  12,           ,  ,  0,    ,    0,    0,    0,    0, THERMO PARAMS, -88, 722, 945, N, 10, DT, -999, SHR82, -99, 
EP, 11, 2026082706, 03, HFSA,  42, 146N, 1166W,  65,  982, XX,  34, NEQ,  175,   78,   47,  120,  986,    7,  21,   0,   0,    ,   0,    , 302,  11,           ,  ,  0,    ,    0,    0,    0,    0, THERMO PARAMS, -88, 1282, 985, N, 10, DT, -999, SHR82, -99, 
EP, 11, 2026082706, 03, HFSA,  42, 146N, 1166W,  65,  982, XX,  50, NEQ,   55,    0,    0,   49,  986,    7,  21,   0,   0,    ,   0,    , 302,  11,           ,  ,  0,    ,    0,    0,    0,    0, THERMO PARAMS, -88, 1282, 985, N, 10, DT, -999, SHR82, -99, 
EP, 11, 2026082706, 03, HFSA,  42, 146N, 1166W,  65,  982, XX,  64, NEQ,    0,    0,    0,   23,  986,    7,  21,   0,   0,    ,   0,    , 302,  11,           ,  ,  0,    ,    0,    0,    0,    0, THERMO PARAMS, -88, 1282, 985, N, 10, DT, -999, SHR82, -99, 
EP, 11, 2026082706, 03, HFSA,  48, 149N, 1175W,  64,  982, XX,  34, NEQ,  194,   63,   58,  126,  998,   41,  16,   0,   0,    ,   0,    , 297,   9,           ,  ,  0,    ,    0,    0,    0,    0, THERMO PARAMS, -41, 1211, 1006, N, 10, DT, -999, SHR82, -99, 
EP, 11, 2026082706, 03, HFSA,  48, 149N, 1175W,  64,  982, XX,  50, NEQ,   34,   19,   26,   36,  998,   41,  16,   0,   0,    ,   0,    , 297,   9,           ,  ,  0,    ,    0,    0,    0,    0, THERMO PARAMS, -41, 1211, 1006, N, 10, DT, -999, SHR82, -99, 
EP, 11, 2026082706, 03, HFSA,  54, 154N, 1182W,  68,  976, XX,  34, NEQ,  151,   66,   79,  134,  996,   42,  18,   0,   0,    ,   0,    , 297,   9,           ,  ,  0,    ,    0,    0,    0,    0, THERMO PARAMS, -32, 2027, 1143, N, 10, DT, -999, SHR82, -99, 
EP, 11, 2026082706, 03, HFSA,  54, 154N, 1182W,  68,  976, XX,  50, NEQ,   37,   28,   29,   36,  996,   42,  18,   0,   0,    ,   0,    , 297,   9,           ,  ,  0,    ,    0,    0,    0,    0, THERMO PARAMS, -32, 2027, 1143, N, 10, DT, -999, SHR82, -99, 
EP, 11, 2026082706, 03, HFSA,  54, 154N, 1182W,  68,  976, XX,  64, NEQ,   18,    0,    0,   21,  996,   42,  18,   0,   0,    ,   0,    , 297,   9,           ,  ,  0,    ,    0,    0,    0,    0, THERMO PARAMS, -32, 2027, 1143, N, 10, DT, -999, SHR82, -99, 
EP, 11, 2026082706, 03, HFSA,  60, 159N, 1189W,  79,  970, XX,  34, NEQ,  185,   55,   87,  139,  998,   47,  14,   0,   0,    ,   0,    , 301,   8,           ,  ,  0,    ,    0,    0,    0,    0, THERMO PARAMS, -28, 2205, 1657, N, 10, DT, -999, SHR82, -99, 
EP, 11, 2026082706, 03, HFSA,  60, 159N, 1189W,  79,  970, XX,  50, NEQ,   34,   29,   31,   36,  998,   47,  14,   0,   0,    ,   0,    , 301,   8,           ,  ,  0,    ,    0,    0,    0,    0, THERMO PARAMS, -28, 2205, 1657, N, 10, DT, -999, SHR82, -99, 
EP, 11, 2026082706, 03, HFSA,  60, 159N, 1189W,  79,  970, XX,  64, NEQ,   24,   19,   21,   21,  998,   47,  14,   0,   0,    ,   0,    , 301,   8,           ,  ,  0,    ,    0,    0,    0,    0, THERMO PARAMS, -28, 2205, 1657, N, 10, DT, -999, SHR82, -99, 
EP, 11, 2026082706, 03, HFSA,  66, 165N, 1195W,  95,  959, XX,  34, NEQ,  160,   66,   97,  149,  995,   47,  12,   0,   0,    ,   0,    , 302,   8,           ,  ,  0,    ,    0,    0,    0,    0, THERMO PARAMS, -30, 2064, 1962, N, 10, DT, -999, SHR82, -99, 
EP, 11, 2026082706, 03, HFSA,  66, 165N, 1195W,  95,  959, XX,  50, NEQ,   45,   31,   32,   45,  995,   47,  12,   0,   0,    ,   0,    , 302,   8,           ,  ,  0,    ,    0,    0,    0,    0, THERMO PARAMS, -30, 2064, 1962, N, 10, DT, -999, SHR82, -99, 
EP, 11, 2026082706, 03, HFSA,  66, 165N, 1195W,  95,  959, XX,  64, NEQ,   29,   21,   19,   26,  995,   47,  12,   0,   0,    ,   0,    , 302,   8,           ,  ,  0,    ,    0,    0,    0,    0, THERMO PARAMS, -30, 2064, 1962, N, 10, DT, -999, SHR82, -99, 
EP, 11, 2026082706, 03, HFSA,  72, 169N, 1202W, 105,  951, XX,  34, NEQ,  144,  104,  100,  146,  999,   56,  10,   0,   0,    ,   0,    , 302,   8,           ,  ,  0,    ,    0,    0,    0,    0, THERMO PARAMS, 19, 1697, 2787, N, 10, DT, -999, SHR82, -99, 
EP, 11, 2026082706, 03, HFSA,  72, 169N, 1202W, 105,  951, XX,  50, NEQ,   45,   36,   36,   42,  999,   56,  10,   0,   0,    ,   0,    , 302,   8,           ,  ,  0,    ,    0,    0,    0,    0, THERMO PARAMS, 19, 1697, 2787, N, 10, DT, -999, SHR82, -99, 
EP, 11, 2026082706, 03, HFSA,  72, 169N, 1202W, 105,  951, XX,  64, NEQ,   26,   26,   23,   28,  999,   56,  10,   0,   0,    ,   0,    , 302,   8,           ,  ,  0,    ,    0,    0,    0,    0, THERMO PARAMS, 19, 1697, 2787, N, 10, DT, -999, SHR82, -99, 
EP, 11, 2026082706, 03, HFSA,  78, 174N, 1210W, 116,  946, XX,  34, NEQ,  160,   70,   97,  152,  990,   37,  14,   0,   0,    ,   0,    , 292,   9,           ,  ,  0,    ,    0,    0,    0,    0, THERMO PARAMS, -13, 1652, 3083, N, 10, DT, -999, SHR82, -99, 
EP, 11, 2026082706, 03, HFSA,  78, 174N, 1210W, 116,  946, XX,  50, NEQ,   47,   49,   45,   62,  990,   37,  14,   0,   0,    ,   0,    , 292,   9,           ,  ,  0,    ,    0,    0,    0,    0, THERMO PARAMS, -13, 1652, 3083, N, 10, DT, -999, SHR82, -99, 
EP, 11, 2026082706, 03, HFSA,  78, 174N, 1210W, 116,  946, XX,  64, NEQ,   32,   28,   26,   34,  990,   37,  14,   0,   0,    ,   0,    , 292,   9,           ,  ,  0,    ,    0,    0,    0,    0, THERMO PARAMS, -13, 1652, 3083, N, 10, DT, -999, SHR82, -99, 
EP, 11, 2026082706, 03, HFSA,  84, 177N, 1219W, 112,  948, XX,  34, NEQ,  144,   84,  105,  131, 1000,   65,  14,   0,   0,    ,   0,    , 291,   8,           ,  ,  0,    ,    0,    0,    0,    0, THERMO PARAMS, 43, 1373, 3115, N, 10, DT, -999, SHR82, -99, 
EP, 11, 2026082706, 03, HFSA,  84, 177N, 1219W, 112,  948, XX,  50, NEQ,   58,   47,   52,   60, 1000,   65,  14,   0,   0,    ,   0,    , 291,   8,           ,  ,  0,    ,    0,    0,    0,    0, THERMO PARAMS, 43, 1373, 3115, N, 10, DT, -999, SHR82, -99, 
EP, 11, 2026082706, 03, HFSA,  84, 177N, 1219W, 112,  948, XX,  64, NEQ,   39,   34,   31,   39, 1000,   65,  14,   0,   0,    ,   0,    , 291,   8,           ,  ,  0,    ,    0,    0,    0,    0, THERMO PARAMS, 43, 1373, 3115, N, 10, DT, -999, SHR82, -99, 
EP, 11, 2026082706, 03, HFSA,  90, 180N, 1226W, 102,  947, XX,  34, NEQ,  120,  104,  107,  117,  991,   46,  18,   0,   0,    ,   0,    , 297,   7,           ,  ,  0,    ,    0,    0,    0,    0, THERMO PARAMS, 75, 1258, 2869, N, 10, DT, -999, SHR82, -99, 
EP, 11, 2026082706, 03, HFSA,  90, 180N, 1226W, 102,  947, XX,  50, NEQ,   53,   50,   71,   53,  991,   46,  18,   0,   0,    ,   0,    , 297,   7,           ,  ,  0,    ,    0,    0,    0,    0, THERMO PARAMS, 75, 1258, 2869, N, 10, DT, -999, SHR82, -99, 
EP, 11, 2026082706, 03, HFSA,  90, 180N, 1226W, 102,  947, XX,  64, NEQ,   42,   39,   37,   40,  991,   46,  18,   0,   0,    ,   0,    , 297,   7,           ,  ,  0,    ,    0,    0,    0,    0, THERMO PARAMS, 75, 1258, 2869, N, 10, DT, -999, SHR82, -99, 
EP, 11, 2026082706, 03, HFSA,  96, 182N, 1233W, 101,  951, XX,  34, NEQ,   96,  104,  105,  133,  999,   64,  21,   0,   0,    ,   0,    , 294,   6,           ,  ,  0,    ,    0,    0,    0,    0, THERMO PARAMS, 82, 1216, 2561, N, 10, DT, -999, SHR82, -99, 
EP, 11, 2026082706, 03, HFSA,  96, 182N, 1233W, 101,  951, XX,  50, NEQ,   55,   53,   58,   62,  999,   64,  21,   0,   0,    ,   0,    , 294,   6,           ,  ,  0,    ,    0,    0,    0,    0, THERMO PARAMS, 82, 1216, 2561, N, 10, DT, -999, SHR82, -99, 
EP, 11, 2026082706, 03, HFSA,  96, 182N, 1233W, 101,  951, XX,  64, NEQ,   44,   44,   39,   44,  999,   64,  21,   0,   0,    ,   0,    , 294,   6,           ,  ,  0,    ,    0,    0,    0,    0, THERMO PARAMS, 82, 1216, 2561, N, 10, DT, -999, SHR82, -99, 
EP, 11, 2026082706, 03, HFSA, 102, 185N, 1240W,  96,  953, XX,  34, NEQ,   99,  113,  100,  107, 1001,   88,  22,   0,   0,    ,   0,    , 306,   6,           ,  ,  0,    ,    0,    0,    0,    0, THERMO PARAMS, 51, 1356, 2503, N, 10, DT, -999, SHR82, -99, 
EP, 11, 2026082706, 03, HFSA, 102, 185N, 1240W,  96,  953, XX,  50, NEQ,   60,   55,   55,   62, 1001,   88,  22,   0,   0,    ,   0,    , 306,   6,           ,  ,  0,    ,    0,    0,    0,    0, THERMO PARAMS, 51, 1356, 2503, N, 10, DT, -999, SHR82, -99, 
EP, 11, 2026082706, 03, HFSA, 102, 185N, 1240W,  96,  953, XX,  64, NEQ,   47,   40,   40,   44, 1001,   88,  22,   0,   0,    ,   0,    , 306,   6,           ,  ,  0,    ,    0,    0,    0,    0, THERMO PARAMS, 51, 1356, 2503, N, 10, DT, -999, SHR82, -99, 
EP, 11, 2026082706, 03, HFSA, 108, 190N, 1245W,  90,  958, XX,  34, NEQ,  112,  120,  102,  112, 1002,   80,  29,   0,   0,    ,   0,    , 316,   8,           ,  ,  0,    ,    0,    0,    0,    0, THERMO PARAMS, 36, 1265, 2380, N, 10, DT, -999, SHR82, -99, 
EP, 11, 2026082706, 03, HFSA, 108, 190N, 1245W,  90,  958, XX,  50, NEQ,   60,   58,   57,   62, 1002,   80,  29,   0,   0,    ,   0,    , 316,   8,           ,  ,  0,    ,    0,    0,    0,    0, THERMO PARAMS, 36, 1265, 2380, N, 10, DT, -999, SHR82, -99, 
EP, 11, 2026082706, 03, HFSA, 108, 190N, 1245W,  90,  958, XX,  64, NEQ,   39,   44,   39,   39, 1002,   80,  29,   0,   0,    ,   0,    , 316,   8,           ,  ,  0,    ,    0,    0,    0,    0, THERMO PARAMS, 36, 1265, 2380, N, 10, DT, -999, SHR82, -99, 
EP, 11, 2026082706, 03, HFSA, 114, 195N, 1251W,  84,  956, XX,  34, NEQ,  112,  105,   99,  113, 1004,  123,  24,   0,   0,    ,   0,    , 321,   8,           ,  ,  0,    ,    0,    0,    0,    0, THERMO PARAMS, -1, 1345, 2454, N, 10, DT, -999, SHR82, -99, 
EP, 11, 2026082706, 03, HFSA, 114, 195N, 1251W,  84,  956, XX,  50, NEQ,   62,   62,   55,   58, 1004,  123,  24,   0,   0,    ,   0,    , 321,   8,           ,  ,  0,    ,    0,    0,    0,    0, THERMO PARAMS, -1, 1345, 2454, N, 10, DT, -999, SHR82, -99, 
EP, 11, 2026082706, 03, HFSA, 114, 195N, 1251W,  84,  956, XX,  64, NEQ,   40,   39,   36,   37, 1004,  123,  24,   0,   0,    ,   0,    , 321,   8,           ,  ,  0,    ,    0,    0,    0,    0, THERMO PARAMS, -1, 1345, 2454, N, 10, DT, -999, SHR82, -99, 
EP, 11, 2026082706, 03, HFSA, 120, 200N, 1256W,  81,  962, XX,  34, NEQ,  110,  115,   96,  107,  994,   51,  26,   0,   0,    ,   0,    , 320,   8,           ,  ,  0,    ,    0,    0,    0,    0, THERMO PARAMS, 8, 1196, 2254, N, 10, DT, -999, SHR82, -99, 
EP, 11, 2026082706, 03, HFSA, 120, 200N, 1256W,  81,  962, XX,  50, NEQ,   60,   60,   52,   58,  994,   51,  26,   0,   0,    ,   0,    , 320,   8,           ,  ,  0,    ,    0,    0,    0,    0, THERMO PARAMS, 8, 1196, 2254, N, 10, DT, -999, SHR82, -99, 
EP, 11, 2026082706, 03, HFSA, 120, 200N, 1256W,  81,  962, XX,  64, NEQ,   42,   40,   36,   40,  994,   51,  26,   0,   0,    ,   0,    , 320,   8,           ,  ,  0,    ,    0,    0,    0,    0, THERMO PARAMS, 8, 1196, 2254, N, 10, DT, -999, SHR82, -99, 
EP, 11, 2026082706, 03, HFSA, 126, 207N, 1260W,  74,  964, XX,  34, NEQ,  105,  100,   94,  105, 1004,  119,  26,   0,   0,    ,   0,    , -99, -99,           ,  ,  0,    ,    0,    0,    0,    0, THERMO PARAMS, -22, 1286, 2090, N, 10, DT, -999, SHR82, -99, 
EP, 11, 2026082706, 03, HFSA, 126, 207N, 1260W,  74,  964, XX,  50, NEQ,   63,   58,   52,   58, 1004,  119,  26,   0,   0,    ,   0,    , -99, -99,           ,  ,  0,    ,    0,    0,    0,    0, THERMO PARAMS, -22, 1286, 2090, N, 10, DT, -999, SHR82, -99, 
EP, 11, 2026082706, 03, HFSA, 126, 207N, 1260W,  74,  964, XX,  64, NEQ,   50,   40,    0,   40, 1004,  119,  26,   0,   0,    ,   0,    , -99, -99,           ,  ,  0,    ,    0,    0,    0,    0, THERMO PARAMS, -22, 1286, 2090, N, 10, DT, -999, SHR82, -99, 
EP, 11, 2026082706, 03, TVCN,   0,  95N, 1097W,   0,    0,   ,   0,    ,    0,    0,    0,    0, 
EP, 11, 2026082706, 03, TVCN,  12, 109N, 1115W,   0,    0,   ,   0,    ,    0,    0,    0,    0, 
EP, 11, 2026082706, 03, TVCN,  24, 122N, 1134W,   0,    0,   ,   0,    ,    0,    0,    0,    0, 
EP, 11, 2026082706, 03, TVCN,  36, 133N, 1151W,   0,    0,   ,   0,    ,    0,    0,    0,    0, 
EP, 11, 2026082706, 03, TVCN,  48, 146N, 1166W,   0,    0,   ,   0,    ,    0,    0,    0,    0, 
EP, 11, 2026082706, 03, TVCN,  60, 162N, 1181W,   0,    0,   ,   0,    ,    0,    0,    0,    0, 
EP, 11, 2026082706, 03, TVCN,  72, 177N, 1198W,   0,    0,   ,   0,    ,    0,    0,    0,    0, 
EP, 11, 2026082706, 03, TVCN,  84, 187N, 1214W,   0,    0,   ,   0,    ,    0,    0,    0,    0, 
EP, 11, 2026082706, 03, TVCN,  96, 195N, 1228W,   0,    0,   ,   0,    ,    0,    0,    0,    0, 
EP, 11, 2026082706, 03, TVCN, 108, 203N, 1239W,   0,    0,   ,   0,    ,    0,    0,    0,    0, 
EP, 11, 2026082706, 03, TVCN, 120, 213N, 1248W,   0,    0,   ,   0,    ,    0,    0,    0,    0, 
EP, 11, 2026082706, 03, TVCN, 132, 224N, 1256W,   0,    0,   ,   0,    ,    0,    0,    0,    0, 
EP, 11, 2026082706, 03, TVCN, 144, 226N, 1258W,   0,    0,   ,   0,    ,    0,    0,    0,    0, 
EP, 11, 2026082706, 03, TVCN, 156, 243N, 1265W,   0,    0,   ,   0,    ,    0,    0,    0,    0, 
EP, 11, 2026082706, 03, TVCN, 168, 258N, 1271W,   0,    0,   ,   0,    ,    0,    0,    0,    0, 
EP, 11, 2026082712, 03,  UKX,   0, 104N, 1110W,  31, 1003, XX,  34, NEQ,    0,    0,    0,    0, 
EP, 11, 2026082712, 03,  UKX,   6, 111N, 1121W,  33, 1002, XX,  34, NEQ,    0,    0,    0,    0, 
EP, 11, 2026082712, 03,  UKX,  12, 116N, 1134W,  35, 1001, XX,  34, NEQ,  140,    0,    0,    0, 
EP, 11, 2026082712, 03,  UKX,  18, 119N, 1144W,  35, 1001, XX,  34, NEQ,  110,    0,    0,    0, 
EP, 11, 2026082712, 03,  UKX,  24, 125N, 1155W,  39,  999, XX,  34, NEQ,  128,    0,    0,  120, 
EP, 11, 2026082712, 03,  UKX,  30, 129N, 1165W,  41,  998, XX,  34, NEQ,  142,    0,    0,  147, 
EP, 11, 2026082712, 03,  UKX,  36, 137N, 1172W,  42,  996, XX,  34, NEQ,  146,  132,    0,  157, 
EP, 11, 2026082712, 03,  UKX,  42, 144N, 1181W,  41,  996, XX,  34, NEQ,  169,  170,    0,  148, 
EP, 11, 2026082712, 03,  UKX,  48, 153N, 1192W,  41,  994, XX,  34, NEQ,  171,  187,    0,  131, 
EP, 11, 2026082712, 03,  UKX,  54, 162N, 1203W,  43,  995, XX,  34, NEQ,  195,  183,   68,  127, 
EP, 11, 2026082712, 03,  UKX,  60, 169N, 1215W,  43,  993, XX,  34, NEQ,  161,  160,   99,  134, 
EP, 11, 2026082712, 03,  UKX,  66, 174N, 1228W,  42,  995, XX,  34, NEQ,  150,   79,   98,  142, 
EP, 11, 2026082712, 03,  UKX,  72, 179N, 1241W,  41,  993, XX,  34, NEQ,  149,  104,  107,  146, 
EP, 11, 2026082712, 03,  UKX,  78, 181N, 1253W,  41,  995, XX,  34, NEQ,  138,   98,  112,  135, 
EP, 11, 2026082712, 03,  UKX,  84, 182N, 1263W,  39,  992, XX,  34, NEQ,  122,  116,   93,  124, 
EP, 11, 2026082712, 03,  UKX,  90, 184N, 1271W,  40,  994, XX,  34, NEQ,  128,  122,   82,  132, 
EP, 11, 2026082712, 03,  UKX,  96, 187N, 1279W,  43,  992, XX,  34, NEQ,  131,  123,   66,  112, 
EP, 11, 2026082712, 03,  UKX, 102, 190N, 1287W,  41,  995, XX,  34, NEQ,  127,  126,   74,  113, 
EP, 11, 2026082712, 03,  UKX, 108, 194N, 1295W,  40,  993, XX,  34, NEQ,  124,  103,   98,  122, 
EP, 11, 2026082712, 03,  UKX, 114, 196N, 1301W,  42,  995, XX,  34, NEQ,  116,   96,   79,  110, 
EP, 11, 2026082712, 03,  UKX, 120, 201N, 1306W,  42,  993, XX,  34, NEQ,  108,  110,   84,  125, 
EP, 11, 2026082712, 03,  UKX, 126, 205N, 1308W,  43,  995, XX,  34, NEQ,  108,  105,   79,  117, 
EP, 11, 2026082712, 03,  UKX, 132, 211N, 1308W,  43,  994, XX,  34, NEQ,  100,  106,   82,  122, 
EP, 11, 2026082712, 03,  UKX, 138, 217N, 1308W,  45,  996, XX,  34, NEQ,  117,  116,   82,  133, 
EP, 11, 2026082712, 03,  UKX, 144, 225N, 1309W,  42,  995, XX,  34, NEQ,  136,  122,   92,  136, 
EP, 11, 2026082712, 03, AVNO,   0, 107N, 1095W,  35, 1003, XX,  34, NEQ,    0,   60,    0,    0,  -99,  -99,  51,   0,   0, 
EP, 11, 2026082712, 03, AVNO,   6, 113N, 1107W,  49, 1001, XX,  34, NEQ,  113,  122,  231,   91, 1005,   83,  77,   0,   0, 
EP, 11, 2026082712, 03, AVNO,  12, 122N, 1125W,  47,  997, XX,  34, NEQ,  106,  164,  207,   81, 1005,  154,  58,   0,   0, 
EP, 11, 2026082712, 03, AVNO,  18, 122N, 1140W,  43,  999, XX,  34, NEQ,  137,  178,    0,  110, 1007,  120,  80,   0,   0, 
EP, 11, 2026082712, 03, AVNO,  24, 123N, 1146W,  41,  997, XX,  34, NEQ,  175,    0,    0,  116, 1001,   47, 156,   0,   0, 
EP, 11, 2026082712, 03, AVNO,  30, 132N, 1148W,  44,  994, XX,  34, NEQ,  148,  118,    0,  114, 1010,  258,  36,   0,   0, 
EP, 11, 2026082712, 03, AVNO,  36, 140N, 1152W,  42,  992, XX,  34, NEQ,  133,   99,    0,  120, 1004,  128,  46,   0,   0, 
EP, 11, 2026082712, 03, AVNO,  42, 150N, 1160W,  52,  992, XX,  34, NEQ,  172,  164,   49,  106, 1004,   73,  34,   0,   0, 
EP, 11, 2026082712, 03, AVNO,  42, 150N, 1160W,  52,  992, XX,  50, NEQ,    0,    0,    0,   35, 1004,   73,  34,   0,   0, 
EP, 11, 2026082712, 03, AVNO,  48, 159N, 1165W,  50,  987, XX,  34, NEQ,  163,  174,   59,  107, 1007,  227,  49,   0,   0, 
EP, 11, 2026082712, 03, AVNO,  48, 159N, 1165W,  50,  987, XX,  50, NEQ,    0,    0,    0,   49, 1007,  227,  49,   0,   0, 
EP, 11, 2026082712, 03, AVNO,  54, 168N, 1173W,  56,  985, XX,  34, NEQ,  187,  150,   81,  104, 1005,  106,  33,   0,   0, 
EP, 11, 2026082712, 03, AVNO,  54, 168N, 1173W,  56,  985, XX,  50, NEQ,    0,   38,   39,   63, 1005,  106,  33,   0,   0, 
EP, 11, 2026082712, 03, AVNO,  60, 174N, 1179W,  52,  983, XX,  34, NEQ,  155,   83,   82,  139, 1007,  227,  35,   0,   0, 
EP, 11, 2026082712, 03, AVNO,  60, 174N, 1179W,  52,  983, XX,  50, NEQ,    0,    0,   36,    0, 1007,  227,  35,   0,   0, 
EP, 11, 2026082712, 03, AVNO,  66, 184N, 1189W,  53,  987, XX,  34, NEQ,  131,   79,   89,  110, 1011,  312,  35,   0,   0, 
EP, 11, 2026082712, 03, AVNO,  66, 184N, 1189W,  53,  987, XX,  50, NEQ,   58,    0,    0,   50, 1011,  312,  35,   0,   0, 
EP, 11, 2026082712, 03, AVNO,  72, 188N, 1200W,  53,  984, XX,  34, NEQ,   99,   62,   87,  100, 1008,  308,  29,   0,   0, 
EP, 11, 2026082712, 03, AVNO,  72, 188N, 1200W,  53,  984, XX,  50, NEQ,    0,    0,    0,   35, 1008,  308,  29,   0,   0, 
EP, 11, 2026082712, 03, AVNO,  78, 189N, 1205W,  45,  988, XX,  34, NEQ,   96,   73,   86,   98, 1008,  159,  39,   0,   0, 
EP, 11, 2026082712, 03, AVNO,  84, 193N, 1214W,  51,  984, XX,  34, NEQ,   85,   64,   65,   86, 1008,  336,  43,   0,   0, 
EP, 11, 2026082712, 03, AVNO,  84, 193N, 1214W,  51,  984, XX,  50, NEQ,   43,    0,    0,   26, 1008,  336,  43,   0,   0, 
EP, 11, 2026082712, 03, AVNO,  90, 192N, 1221W,  50,  986, XX,  34, NEQ,   67,   63,   81,   94, 1010,  264,  27,   0,   0, 
EP, 11, 2026082712, 03, AVNO,  90, 192N, 1221W,  50,  986, XX,  50, NEQ,    0,   27,    0,    0, 1010,  264,  27,   0,   0, 
EP, 11, 2026082712, 03, AVNO,  96, 193N, 1226W,  52,  982, XX,  34, NEQ,   72,   73,   94,   78, 1006,  193,  40,   0,   0, 
EP, 11, 2026082712, 03, AVNO,  96, 193N, 1226W,  52,  982, XX,  50, NEQ,   40,    0,    0,   46, 1006,  193,  40,   0,   0, 
EP, 11, 2026082712, 03, AVNO, 102, 194N, 1232W,  53,  983, XX,  34, NEQ,   85,   71,   72,   87, 1007,  145,  32,   0,   0, 
EP, 11, 2026082712, 03, AVNO, 102, 194N, 1232W,  53,  983, XX,  50, NEQ,   35,   41,    0,    0, 1007,  145,  32,   0,   0, 
EP, 11, 2026082712, 03, AVNO, 108, 196N, 1239W,  54,  978, XX,  34, NEQ,   76,   70,   79,   92, 1006,  217,  23,   0,   0, 
EP, 11, 2026082712, 03, AVNO, 108, 196N, 1239W,  54,  978, XX,  50, NEQ,   32,   40,   24,   39, 1006,  217,  23,   0,   0, 
EP, 11, 2026082712, 03, AVNO, 114, 198N, 1245W,  55,  980, XX,  34, NEQ,   81,   79,   74,   94, 1008,  155,  26,   0,   0, 
EP, 11, 2026082712, 03, AVNO, 114, 198N, 1245W,  55,  980, XX,  50, NEQ,   36,   46,   33,   45, 1008,  155,  26,   0,   0, 
EP, 11, 2026082712, 03, AVNO, 120, 201N, 1251W,  55,  977, XX,  34, NEQ,   84,   78,   81,   94, 1005,  167,  36,   0,   0, 
EP, 11, 2026082712, 03, AVNO, 120, 201N, 1251W,  55,  977, XX,  50, NEQ,   41,   43,   37,   40, 1005,  167,  36,   0,   0, 
EP, 11, 2026082712, 03, AVNO, 126, 204N, 1257W,  57,  980, XX,  34, NEQ,   80,   77,   78,   91, 1008,  170,  25,   0,   0, 
EP, 11, 2026082712, 03, AVNO, 126, 204N, 1257W,  57,  980, XX,  50, NEQ,   40,   47,   39,   41, 1008,  170,  25,   0,   0, 
EP, 11, 2026082712, 03, AVNO, 132, 208N, 1262W,  56,  977, XX,  34, NEQ,   81,   82,   89,   98, 1005,  172,  42,   0,   0, 
EP, 11, 2026082712, 03, AVNO, 132, 208N, 1262W,  56,  977, XX,  50, NEQ,   41,   45,   37,   49, 1005,  172,  42,   0,   0, 
EP, 11, 2026082712, 03, AVNO, 138, 211N, 1266W,  56,  982, XX,  34, NEQ,   83,   76,   69,   91, 1010,  266,  29,   0,   0, 
EP, 11, 2026082712, 03, AVNO, 138, 211N, 1266W,  56,  982, XX,  50, NEQ,   40,   42,   38,   42, 1010,  266,  29,   0,   0, 
EP, 11, 2026082712, 03, AVNO, 144, 216N, 1272W,  53,  982, XX,  34, NEQ,   82,   74,   67,   94, 1006,  173,  31,   0,   0, 
EP, 11, 2026082712, 03, AVNO, 144, 216N, 1272W,  53,  982, XX,  50, NEQ,   39,    0,    0,   42, 1006,  173,  31,   0,   0, 
EP, 11, 2026082712, 03, AVNO, 150, 220N, 1278W,  52,  986, XX,  34, NEQ,   84,   74,   68,   86, 1010,  518,  30,   0,   0, 
EP, 11, 2026082712, 03, AVNO, 150, 220N, 1278W,  52,  986, XX,  50, NEQ,   44,    0,    0,   35, 1010,  518,  30,   0,   0, 
EP, 11, 2026082712, 03, AVNO, 156, 223N, 1284W,  50,  988, XX,  34, NEQ,   87,   69,   63,   87, 1008,  231,  41,   0,   0, 
EP, 11, 2026082712, 03, AVNO, 156, 223N, 1284W,  50,  988, XX,  50, NEQ,    0,    0,    0,   43, 1008,  231,  41,   0,   0, 
EP, 11, 2026082712, 03, AVNO, 162, 225N, 1290W,  49,  993, XX,  34, NEQ,   96,   72,   57,   94, 1009,  164,  35,   0,   0, 
EP, 11, 2026082712, 03, AVNO, 168, 227N, 1299W,  46,  994, XX,  34, NEQ,   97,    0,    0,   98, 1006,  110,  48,   0,   0, 
EP, 11, 2026082712, 03, AVNO, 174, 228N, 1309W,  43,  998, XX,  34, NEQ,  105,    0,   49,  102, 1010,  200,  65,   0,   0, 
EP, 11, 2026082712, 03, AVNO, 180, 229N, 1320W,  43,  998, XX,  34, NEQ,  105,    0,    0,   98, 1006,   81,  46,   0,   0, 
EP, 11, 2026082712, 03, AVNO, 186, 227N, 1333W,  38, 1001, XX,  34, NEQ,   95,    0,    0,   84, 1009,  117,  44,   0,   0, 
EP, 11, 2026082712, 03, AVNO, 192, 224N, 1347W,  35, 1001, XX,  34, NEQ,    0,    0,    0,   56, 1005,   49,  56,   0,   0, 
EP, 11, 2026082712, 03, AVNO, 198, 221N, 1361W,  32, 1004, XX,  34, NEQ,    0,    0,    0,    0, 1008,   59,  62,   0,   0, 
EP, 11, 2026082712, 03, AVNO, 204, 218N, 1374W,  32, 1003, XX,  34, NEQ,    0,    0,    0,    0, 1007,   72,  70,   0,   0, 
EP, 11, 2026082712, 03, AVNO, 210, 216N, 1389W,  33, 1006, XX,  34, NEQ,    0,    0,    0,    0, 1010,  105,  52,   0,   0, 
EP, 11, 2026082712, 03, AVNO, 216, 216N, 1405W,  32, 1005, XX,  34, NEQ,    0,    0,    0,    0,  -99,  -99,  56,   0,   0, 
EP, 11, 2026082712, 03, AVNO, 222, 217N, 1422W,  30, 1008, XX,  34, NEQ,    0,    0,    0,    0,  -99,  -99,  63,   0,   0, 
EP, 11, 2026082712, 03, AVNO, 228, 220N, 1439W,  29, 1007, XX,  34, NEQ,    0,    0,    0,    0,  -99,  -99,  51,   0,   0, 
EP, 11, 2026082712, 03, AVNO, 234, 223N, 1458W,  30, 1009, XX,  34, NEQ,    0,    0,    0,    0,  -99,  -99,  53,   0,   0, 
EP, 11, 2026082712, 03, AVNO, 240, 230N, 1479W,  30, 1009, XX,  34, NEQ,    0,    0,    0,    0,  -99,  -99,  45,   0,   0, 
EP, 11, 2026082712, 03, HCCA,   0,  95N, 1107W,  30,    0,   ,   0,    ,    0,    0,    0,    0, 
EP, 11, 2026082712, 03, HCCA,  12, 108N, 1125W,  42,    0,   ,   0,    ,    0,    0,    0,    0, 
EP, 11, 2026082712, 03, HCCA,  24, 120N, 1141W,  56,    0,   ,   0,    ,    0,    0,    0,    0, 
EP, 11, 2026082712, 03, HCCA,  36, 134N, 1157W,  75,    0,   ,   0,    ,    0,    0,    0,    0, 
EP, 11, 2026082712, 03, HCCA,  48, 149N, 1172W,  97,    0,   ,   0,    ,    0,    0,    0,    0, 
EP, 11, 2026082712, 03, HCCA,  60, 163N, 1188W, 109,    0,   ,   0,    ,    0,    0,    0,    0, 
EP, 11, 2026082712, 03, HCCA,  72, 174N, 1205W, 108,    0,   ,   0,    ,    0,    0,    0,    0, 
EP, 11, 2026082712, 03, HCCA,  84, 182N, 1222W, 107,    0,   ,   0,    ,    0,    0,    0,    0, 
EP, 11, 2026082712, 03, HCCA,  96, 186N, 1236W, 109,    0,   ,   0,    ,    0,    0,    0,    0, 
EP, 11, 2026082712, 03, HCCA, 108, 191N, 1249W, 108,    0,   ,   0,    ,    0,    0,    0,    0, 
EP, 11, 2026082712, 03, HCCA, 120, 198N, 1261W, 102,    0,   ,   0,    ,    0,    0,    0,    0, 
EP, 11, 2026082712, 03, HCCA, 132, 209N, 1270W,  98,    0,   ,   0,    ,    0,    0,    0,    0, 
EP, 11, 2026082712, 03, HCCA, 144, 222N, 1275W,  92,    0,   ,   0,    ,    0,    0,    0,    0, 
EP, 11, 2026082712, 03, HCCA, 156, 235N, 1277W,  82,    0,   ,   0,    ,    0,    0,    0,    0, 
EP, 11, 2026082712, 03, HCCA, 168, 244N, 1276W,  69,    0,   ,   0,    ,    0,    0,    0,    0, 
EP, 11, 2026082712, 03, HFSA,   0,  97N, 1100W,  31, 1004, XX,  34, NEQ,    0,    0,    0,    0,  -99,  -99, 132,   0,   0,    ,   0,    , 298,   8,           ,  ,  0,    ,    0,    0,    0,    0, THERMO PARAMS, 58, -42, -63, N, 10, DT, -999, SHR82, -99, 
EP, 11, 2026082712, 03, HFSA,   6, 102N, 1109W,  55, 1000, XX,  34, NEQ,  178,  117,  178,    6,  -99,  -99,  18,   0,   0,    ,   0,    , 309,  10,           ,  ,  0,    ,    0,    0,    0,    0, THERMO PARAMS, -17, -181, 319, N, 10, DT, -999, SHR82, -99, 
EP, 11, 2026082712, 03, HFSA,   6, 102N, 1109W,  55, 1000, XX,  50, NEQ,    0,   19,    0,    0,  -99,  -99,  18,   0,   0,    ,   0,    , 309,  10,           ,  ,  0,    ,    0,    0,    0,    0, THERMO PARAMS, -17, -181, 319, N, 10, DT, -999, SHR82, -99, 
EP, 11, 2026082712, 03, HFSA,  12, 113N, 1121W,  47,  998, XX,  34, NEQ,  142,  115,    0,  107,  -99,  -99,  52,   0,   0,    ,   0,    , 312,  15,           ,  ,  0,    ,    0,    0,    0,    0, THERMO PARAMS, -9999, -9999, -9999, N, 10, DT, -999, SHR82, -99, 
EP, 11, 2026082712, 03, HFSA,  18, 120N, 1133W,  44,  999, XX,  34, NEQ,  155,  128,    0,   86,  -99,  -99, 155,   0,   0,    ,   0,    , 302,  15,           ,  ,  0,    ,    0,    0,    0,    0, THERMO PARAMS, -62, 221, 354, N, 10, DT, -999, SHR82, -99, 
EP, 11, 2026082712, 03, HFSA,  24, 127N, 1140W,  45,  994, XX,  34, NEQ,  118,  144,    0,   73,  998,   37,  32,   0,   0,    ,   0,    , 330,   9,           ,  ,  0,    ,    0,    0,    0,    0, THERMO PARAMS, -78, 376, 705, N, 10, DT, -999, SHR82, -99, 
EP, 11, 2026082712, 03, HFSA,  30, 135N, 1145W,  63,  990, XX,  34, NEQ,  151,  138,    0,  100,  994,    6,  64,   0,   0,    ,   0,    , 324,  13,           ,  ,  0,    ,    0,    0,    0,    0, THERMO PARAMS, -105, 960, 553, N, 10, DT, -999, SHR82, -99, 
EP, 11, 2026082712, 03, HFSA,  30, 135N, 1145W,  63,  990, XX,  50, NEQ,   68,    0,    0,   34,  994,    6,  64,   0,   0,    ,   0,    , 324,  13,           ,  ,  0,    ,    0,    0,    0,    0, THERMO PARAMS, -105, 960, 553, N, 10, DT, -999, SHR82, -99, 
EP, 11, 2026082712, 03, HFSA,  36, 145N, 1154W,  60,  987, XX,  34, NEQ,  157,  147,   44,  138,  991,   14,  27,   0,   0,    ,   0,    , 308,  13,           ,  ,  0,    ,    0,    0,    0,    0, THERMO PARAMS, -98, 841, 1066, N, 10, DT, -999, SHR82, -99, 
EP, 11, 2026082712, 03, HFSA,  36, 145N, 1154W,  60,  987, XX,  50, NEQ,   76,    0,    0,   34,  991,   14,  27,   0,   0,    ,   0,    , 308,  13,           ,  ,  0,    ,    0,    0,    0,    0, THERMO PARAMS, -98, 841, 1066, N, 10, DT, -999, SHR82, -99, 
EP, 11, 2026082712, 03, HFSA,  42, 152N, 1164W,  58,  987, XX,  34, NEQ,  162,  193,   53,  138,  991,   15,  29,   0,   0,    ,   0,    , 300,  13,           ,  ,  0,    ,    0,    0,    0,    0, THERMO PARAMS, -84, 664, 933, N, 10, DT, -999, SHR82, -99, 
EP, 11, 2026082712, 03, HFSA,  42, 152N, 1164W,  58,  987, XX,  50, NEQ,   78,   13,    0,   47,  991,   15,  29,   0,   0,    ,   0,    , 300,  13,           ,  ,  0,    ,    0,    0,    0,    0, THERMO PARAMS, -84, 664, 933, N, 10, DT, -999, SHR82, -99, 
EP, 11, 2026082712, 03, HFSA,  48, 157N, 1174W,  59,  983, XX,  34, NEQ,  180,  157,   87,  131,  999,   58,  20,   0,   0,    ,   0,    , 292,  10,           ,  ,  0,    ,    0,    0,    0,    0, THERMO PARAMS, -72, 1315, 1027, N, 10, DT, -999, SHR82, -99, 
EP, 11, 2026082712, 03, HFSA,  48, 157N, 1174W,  59,  983, XX,  50, NEQ,   63,    0,   34,   65,  999,   58,  20,   0,   0,    ,   0,    , 292,  10,           ,  ,  0,    ,    0,    0,    0,    0, THERMO PARAMS, -72, 1315, 1027, N, 10, DT, -999, SHR82, -99, 
EP, 11, 2026082712, 03, HFSA,  54, 160N, 1184W,  55,  984, XX,  34, NEQ,  188,   60,   86,  136,  996,   35,  51,   0,   0,    ,   0,    , 278,  10,           ,  ,  0,    ,    0,    0,    0,    0, THERMO PARAMS, -76, 1585, 1310, N, 10, DT, -999, SHR82, -99, 
EP, 11, 2026082712, 03, HFSA,  54, 160N, 1184W,  55,  984, XX,  50, NEQ,   50,   24,    0,   53,  996,   35,  51,   0,   0,    ,   0,    , 278,  10,           ,  ,  0,    ,    0,    0,    0,    0, THERMO PARAMS, -76, 1585, 1310, N, 10, DT, -999, SHR82, -99, 
EP, 11, 2026082712, 03, HFSA,  60, 163N, 1192W,  66,  978, XX,  34, NEQ,  141,   68,   86,  131,  994,   40,  25,   0,   0,    ,   0,    , 287,   7,           ,  ,  0,    ,    0,    0,    0,    0, THERMO PARAMS, -47, 964, 1353, N, 10, DT, -999, SHR82, -99, 
EP, 11, 2026082712, 03, HFSA,  60, 163N, 1192W,  66,  978, XX,  50, NEQ,   50,   31,   36,   47,  994,   40,  25,   0,   0,    ,   0,    , 287,   7,           ,  ,  0,    ,    0,    0,    0,    0, THERMO PARAMS, -47, 964, 1353, N, 10, DT, -999, SHR82, -99, 
EP, 11, 2026082712, 03, HFSA,  60, 163N, 1192W,  66,  978, XX,  64, NEQ,    0,    0,    0,   24,  994,   40,  25,   0,   0,    ,   0,    , 287,   7,           ,  ,  0,    ,    0,    0,    0,    0, THERMO PARAMS, -47, 964, 1353, N, 10, DT, -999, SHR82, -99, 
EP, 11, 2026082712, 03, HFSA,  66, 165N, 1201W,  72,  974, XX,  34, NEQ,  126,   62,   79,  125,  994,   34,  19,   0,   0,    ,   0,    , 277,   7,           ,  ,  0,    ,    0,    0,    0,    0, THERMO PARAMS, -31, 1405, 1429, N, 10, DT, -999, SHR82, -99, 
EP, 11, 2026082712, 03, HFSA,  66, 165N, 1201W,  72,  974, XX,  50, NEQ,   47,   18,   36,   42,  994,   34,  19,   0,   0,    ,   0,    , 277,   7,           ,  ,  0,    ,    0,    0,    0,    0, THERMO PARAMS, -31, 1405, 1429, N, 10, DT, -999, SHR82, -99, 
EP, 11, 2026082712, 03, HFSA,  66, 165N, 1201W,  72,  974, XX,  64, NEQ,    0,    0,   21,   23,  994,   34,  19,   0,   0,    ,   0,    , 277,   7,           ,  ,  0,    ,    0,    0,    0,    0, THERMO PARAMS, -31, 1405, 1429, N, 10, DT, -999, SHR82, -99, 
EP, 11, 2026082712, 03, HFSA,  72, 166N, 1207W,  83,  967, XX,  34, NEQ,  144,   71,  115,  120,  999,   60,  15,   0,   0,    ,   0,    , 275,   5,           ,  ,  0,    ,    0,    0,    0,    0, THERMO PARAMS, -26, 1685, 1989, N, 10, DT, -999, SHR82, -99, 
EP, 11, 2026082712, 03, HFSA,  72, 166N, 1207W,  83,  967, XX,  50, NEQ,   37,   34,   39,   42,  999,   60,  15,   0,   0,    ,   0,    , 275,   5,           ,  ,  0,    ,    0,    0,    0,    0, THERMO PARAMS, -26, 1685, 1989, N, 10, DT, -999, SHR82, -99, 
EP, 11, 2026082712, 03, HFSA,  72, 166N, 1207W,  83,  967, XX,  64, NEQ,   23,   23,   23,   28,  999,   60,  15,   0,   0,    ,   0,    , 275,   5,           ,  ,  0,    ,    0,    0,    0,    0, THERMO PARAMS, -26, 1685, 1989, N, 10, DT, -999, SHR82, -99, 
EP, 11, 2026082712, 03, HFSA,  78, 168N, 1212W, 102,  958, XX,  34, NEQ,  149,   89,  105,  123,  994,   38,  15,   0,   0,    ,   0,    , 297,   5,           ,  ,  0,    ,    0,    0,    0,    0, THERMO PARAMS, 21, 1924, 2439, N, 10, DT, -999, SHR82, -99, 
EP, 11, 2026082712, 03, HFSA,  78, 168N, 1212W, 102,  958, XX,  50, NEQ,   45,   39,   40,   45,  994,   38,  15,   0,   0,    ,   0,    , 297,   5,           ,  ,  0,    ,    0,    0,    0,    0, THERMO PARAMS, 21, 1924, 2439, N, 10, DT, -999, SHR82, -99, 
EP, 11, 2026082712, 03, HFSA,  78, 168N, 1212W, 102,  958, XX,  64, NEQ,   32,   26,   24,   31,  994,   38,  15,   0,   0,    ,   0,    , 297,   5,           ,  ,  0,    ,    0,    0,    0,    0, THERMO PARAMS, 21, 1924, 2439, N, 10, DT, -999, SHR82, -99, 
EP, 11, 2026082712, 03, HFSA,  84, 171N, 1217W, 117,  949, XX,  34, NEQ,  104,   97,  107,  105,  997,   56,  14,   0,   0,    ,   0,    , 307,   5,           ,  ,  0,    ,    0,    0,    0,    0, THERMO PARAMS, 30, 1757, 2584, N, 10, DT, -999, SHR82, -99, 
EP, 11, 2026082712, 03, HFSA,  84, 171N, 1217W, 117,  949, XX,  50, NEQ,   45,   39,   36,   39,  997,   56,  14,   0,   0,    ,   0,    , 307,   5,           ,  ,  0,    ,    0,    0,    0,    0, THERMO PARAMS, 30, 1757, 2584, N, 10, DT, -999, SHR82, -99, 
EP, 11, 2026082712, 03, HFSA,  84, 171N, 1217W, 117,  949, XX,  64, NEQ,   32,   28,   26,   29,  997,   56,  14,   0,   0,    ,   0,    , 307,   5,           ,  ,  0,    ,    0,    0,    0,    0, THERMO PARAMS, 30, 1757, 2584, N, 10, DT, -999, SHR82, -99, 
EP, 11, 2026082712, 03, HFSA,  90, 173N, 1222W, 120,  946, XX,  34, NEQ,  118,   96,   87,  133,  994,   42,  14,   0,   0,    ,   0,    , 295,   5,           ,  ,  0,    ,    0,    0,    0,    0, THERMO PARAMS, 18, 1693, 2794, N, 10, DT, -999, SHR82, -99, 
EP, 11, 2026082712, 03, HFSA,  90, 173N, 1222W, 120,  946, XX,  50, NEQ,   47,   40,   40,   42,  994,   42,  14,   0,   0,    ,   0,    , 295,   5,           ,  ,  0,    ,    0,    0,    0,    0, THERMO PARAMS, 18, 1693, 2794, N, 10, DT, -999, SHR82, -99, 
EP, 11, 2026082712, 03, HFSA,  90, 173N, 1222W, 120,  946, XX,  64, NEQ,   29,   29,   28,   29,  994,   42,  14,   0,   0,    ,   0,    , 295,   5,           ,  ,  0,    ,    0,    0,    0,    0, THERMO PARAMS, 18, 1693, 2794, N, 10, DT, -999, SHR82, -99, 
EP, 11, 2026082712, 03, HFSA,  96, 177N, 1228W, 114,  947, XX,  34, NEQ,  108,   97,  128,  125,  995,   51,  14,   0,   0,    ,   0,    , 310,   6,           ,  ,  0,    ,    0,    0,    0,    0, THERMO PARAMS, 10, 1454, 3031, N, 10, DT, -999, SHR82, -99, 
EP, 11, 2026082712, 03, HFSA,  96, 177N, 1228W, 114,  947, XX,  50, NEQ,   49,   42,   39,   47,  995,   51,  14,   0,   0,    ,   0,    , 310,   6,           ,  ,  0,    ,    0,    0,    0,    0, THERMO PARAMS, 10, 1454, 3031, N, 10, DT, -999, SHR82, -99, 
EP, 11, 2026082712, 03, HFSA,  96, 177N, 1228W, 114,  947, XX,  64, NEQ,   32,   31,   29,   32,  995,   51,  14,   0,   0,    ,   0,    , 310,   6,           ,  ,  0,    ,    0,    0,    0,    0, THERMO PARAMS, 10, 1454, 3031, N, 10, DT, -999, SHR82, -99, 
EP, 11, 2026082712, 03, HFSA, 102, 179N, 1235W, 106,  952, XX,  34, NEQ,  121,  123,   96,  121,  996,   51,  16,   0,   0,    ,   0,    , 297,   7,           ,  ,  0,    ,    0,    0,    0,    0, THERMO PARAMS, -13, 1398, 2523, N, 10, DT, -999, SHR82, -99, 
EP, 11, 2026082712, 03, HFSA, 102, 179N, 1235W, 106,  952, XX,  50, NEQ,   55,   42,   42,   50,  996,   51,  16,   0,   0,    ,   0,    , 297,   7,           ,  ,  0,    ,    0,    0,    0,    0, THERMO PARAMS, -13, 1398, 2523, N, 10, DT, -999, SHR82, -99, 
EP, 11, 2026082712, 03, HFSA, 102, 179N, 1235W, 106,  952, XX,  64, NEQ,   34,   29,   29,   36,  996,   51,  16,   0,   0,    ,   0,    , 297,   7,           ,  ,  0,    ,    0,    0,    0,    0, THERMO PARAMS, -13, 1398, 2523, N, 10, DT, -999, SHR82, -99, 
EP, 11, 2026082712, 03, HFSA, 108, 183N, 1239W, 102,  950, XX,  34, NEQ,  120,  105,   91,  121,  990,   44,  15,   0,   0,    ,   0,    , 323,   7,           ,  ,  0,    ,    0,    0,    0,    0, THERMO PARAMS, -21, 1463, 2510, N, 10, DT, -999, SHR82, -99, 
EP, 11, 2026082712, 03, HFSA, 108, 183N, 1239W, 102,  950, XX,  50, NEQ,   60,   55,   42,   55,  990,   44,  15,   0,   0,    ,   0,    , 323,   7,           ,  ,  0,    ,    0,    0,    0,    0, THERMO PARAMS, -21, 1463, 2510, N, 10, DT, -999, SHR82, -99, 
EP, 11, 2026082712, 03, HFSA, 108, 183N, 1239W, 102,  950, XX,  64, NEQ,   40,   32,   28,   34,  990,   44,  15,   0,   0,    ,   0,    , 323,   7,           ,  ,  0,    ,    0,    0,    0,    0, THERMO PARAMS, -21, 1463, 2510, N, 10, DT, -999, SHR82, -99, 
EP, 11, 2026082712, 03, HFSA, 114, 187N, 1246W,  93,  955, XX,  34, NEQ,  126,  107,   86,  123,  999,   69,  18,   0,   0,    ,   0,    , 303,   7,           ,  ,  0,    ,    0,    0,    0,    0, THERMO PARAMS, -8, 1460, 2344, N, 10, DT, -999, SHR82, -99, 
EP, 11, 2026082712, 03, HFSA, 114, 187N, 1246W,  93,  955, XX,  50, NEQ,   66,   53,   49,   60,  999,   69,  18,   0,   0,    ,   0,    , 303,   7,           ,  ,  0,    ,    0,    0,    0,    0, THERMO PARAMS, -8, 1460, 2344, N, 10, DT, -999, SHR82, -99, 
EP, 11, 2026082712, 03, HFSA, 114, 187N, 1246W,  93,  955, XX,  64, NEQ,   47,   34,   28,   42,  999,   69,  18,   0,   0,    ,   0,    , 303,   7,           ,  ,  0,    ,    0,    0,    0,    0, THERMO PARAMS, -8, 1460, 2344, N, 10, DT, -999, SHR82, -99, 
EP, 11, 2026082712, 03, HFSA, 120, 190N, 1253W,  75,  957, XX,  34, NEQ,  128,  110,   96,  133,  997,   72,  21,   0,   0,    ,   0,    , 301,   5,           ,  ,  0,    ,    0,    0,    0,    0, THERMO PARAMS, -9, 1478, 2175, N, 10, DT, -999, SHR82, -99, 
EP, 11, 2026082712, 03, HFSA, 120, 190N, 1253W,  75,  957, XX,  50, NEQ,   65,   57,   53,   62,  997,   72,  21,   0,   0,    ,   0,    , 301,   5,           ,  ,  0,    ,    0,    0,    0,    0, THERMO PARAMS, -9, 1478, 2175, N, 10, DT, -999, SHR82, -99, 
EP, 11, 2026082712, 03, HFSA, 120, 190N, 1253W,  75,  957, XX,  64, NEQ,   47,   40,   34,   42,  997,   72,  21,   0,   0,    ,   0,    , 301,   5,           ,  ,  0,    ,    0,    0,    0,    0, THERMO PARAMS, -9, 1478, 2175, N, 10, DT, -999, SHR82, -99, 
EP, 11, 2026082712, 03, HFSA, 126, 193N, 1259W,  71,  962, XX,  34, NEQ,  117,  104,  104,  152,  990,   44,  32,   0,   0,    ,   0,    , -99, -99,           ,  ,  0,    ,    0,    0,    0,    0, THERMO PARAMS, -17, 1438, 2055, N, 10, DT, -999, SHR82, -99, 
EP, 11, 2026082712, 03, HFSA, 126, 193N, 1259W,  71,  962, XX,  50, NEQ,   66,   57,   62,   63,  990,   44,  32,   0,   0,    ,   0,    , -99, -99,           ,  ,  0,    ,    0,    0,    0,    0, THERMO PARAMS, -17, 1438, 2055, N, 10, DT, -999, SHR82, -99, 
EP, 11, 2026082712, 03, HFSA, 126, 193N, 1259W,  71,  962, XX,  64, NEQ,   42,   37,    0,   40,  990,   44,  32,   0,   0,    ,   0,    , -99, -99,           ,  ,  0,    ,    0,    0,    0,    0, THERMO PARAMS, -17, 1438, 2055, N, 10, DT, -999, SHR82, -99, 
EP, 11, 2026082712, 03, TVCN,   0,  95N, 1107W,   0,    0,   ,   0,    ,    0,    0,    0,    0, 
EP, 11, 2026082712, 03, TVCN,  12, 109N, 1126W,   0,    0,   ,   0,    ,    0,    0,    0,    0, 
EP, 11, 2026082712, 03, TVCN,  24, 120N, 1144W,   0,    0,   ,   0,    ,    0,    0,    0,    0, 
EP, 11, 2026082712, 03, TVCN,  36, 133N, 1160W,   0,    0,   ,   0,    ,    0,    0,    0,    0, 
EP, 11, 2026082712, 03, TVCN,  48, 147N, 1175W,   0,    0,   ,   0,    ,    0,    0,    0,    0, 
EP, 11, 2026082712, 03, TVCN,  60, 162N, 1192W,   0,    0,   ,   0,    ,    0,    0,    0,    0, 
EP, 11, 2026082712, 03, TVCN,  72, 172N, 1209W,   0,    0,   ,   0,    ,    0,    0,    0,    0, 
EP, 11, 2026082712, 03, TVCN,  84, 180N, 1225W,   0,    0,   ,   0,    ,    0,    0,    0,    0, 
EP, 11, 2026082712, 03, TVCN,  96, 186N, 1238W,   0,    0,   ,   0,    ,    0,    0,    0,    0, 
EP, 11, 2026082712, 03, TVCN, 108, 194N, 1249W,   0,    0,   ,   0,    ,    0,    0,    0,    0, 
EP, 11, 2026082712, 03, TVCN, 120, 204N, 1257W,   0,    0,   ,   0,    ,    0,    0,    0,    0, 
EP, 11, 2026082712, 03, TVCN, 132, 216N, 1265W,   0,    0,   ,   0,    ,    0,    0,    0,    0, 
EP, 11, 2026082712, 03, TVCN, 144, 218N, 1275W,   0,    0,   ,   0,    ,    0,    0,    0,    0, 
EP, 11, 2026082712, 03, TVCN, 156, 233N, 1282W,   0,    0,   ,   0,    ,    0,    0,    0,    0, 
EP, 11, 2026082712, 03, TVCN, 168, 248N, 1289W,   0,    0,   ,   0,    ,    0,    0,    0,    0, 
EP, 11, 2026082718, 03, AVNO,   0, 112N, 1108W,  44, 1002, XX,  34, NEQ,  107,  117,  209,  111,  -99,  -99,  73,   0,   0, 
EP, 11, 2026082718, 03, AVNO,   6, 121N, 1121W,  49,  997, XX,  34, NEQ,   97,  143,    0,   97, 1005,  159,  58,   0,   0, 
EP, 11, 2026082718, 03, AVNO,  12, 124N, 1135W,  47,  998, XX,  34, NEQ,  116,  172,    0,  110, 1010,  308,  64,   0,   0, 
EP, 11, 2026082718, 03, AVNO,  18, 128N, 1137W,  43,  994, XX,  34, NEQ,  136,  131,   65,  101, 1006,  172,  49,   0,   0, 
EP, 11, 2026082718, 03, AVNO,  24, 137N, 1144W,  53,  992, XX,  34, NEQ,  153,  140,    0,   94, 1008,  164,  35,   0,   0, 
EP, 11, 2026082718, 03, AVNO,  24, 137N, 1144W,  53,  992, XX,  50, NEQ,    0,    0,    0,   42, 1008,  164,  35,   0,   0, 
EP, 11, 2026082718, 03, AVNO,  30, 145N, 1149W,  52,  988, XX,  34, NEQ,  156,  126,   67,  114, 1004,  128,  90,   0,   0, 
EP, 11, 2026082718, 03, AVNO,  30, 145N, 1149W,  52,  988, XX,  50, NEQ,   91,    0,    0,    0, 1004,  128,  90,   0,   0, 
EP, 11, 2026082718, 03, AVNO,  36, 154N, 1159W,  53,  987, XX,  34, NEQ,  198,   65,   70,  120, 1003,   73,  36,   0,   0, 
EP, 11, 2026082718, 03, AVNO,  36, 154N, 1159W,  53,  987, XX,  50, NEQ,   45,   36,    0,    0, 1003,   73,  36,   0,   0, 
EP, 11, 2026082718, 03, AVNO,  42, 161N, 1167W,  55,  982, XX,  34, NEQ,  224,  100,   78,  102, 1002,   92,  42,   0,   0, 
EP, 11, 2026082718, 03, AVNO,  42, 161N, 1167W,  55,  982, XX,  50, NEQ,   28,    0,   38,   54, 1002,   92,  42,   0,   0, 
EP, 11, 2026082718, 03, AVNO,  48, 169N, 1174W,  60,  983, XX,  34, NEQ,  112,   96,   93,  115, 1011,  312,  35,   0,   0, 
EP, 11, 2026082718, 03, AVNO,  48, 169N, 1174W,  60,  983, XX,  50, NEQ,   50,   39,    0,   50, 1011,  312,  35,   0,   0, 
EP, 11, 2026082718, 03, AVNO,  54, 175N, 1183W,  58,  979, XX,  34, NEQ,  120,   64,   81,   93, 1007,  254,  26,   0,   0, 
EP, 11, 2026082718, 03, AVNO,  54, 175N, 1183W,  58,  979, XX,  50, NEQ,   42,   29,   29,   41, 1007,  254,  26,   0,   0, 
EP, 11, 2026082718, 03, AVNO,  60, 177N, 1192W,  62,  980, XX,  34, NEQ,  105,   74,   79,   95, 1008,  144,  29,   0,   0, 
EP, 11, 2026082718, 03, AVNO,  60, 177N, 1192W,  62,  980, XX,  50, NEQ,   46,    0,   38,   43, 1008,  144,  29,   0,   0, 
EP, 11, 2026082718, 03, AVNO,  66, 180N, 1197W,  66,  970, XX,  34, NEQ,   91,   77,   88,   92, 1006,  178,  23,   0,   0, 
EP, 11, 2026082718, 03, AVNO,  66, 180N, 1197W,  66,  970, XX,  50, NEQ,   41,   40,   45,   45, 1006,  178,  23,   0,   0, 
EP, 11, 2026082718, 03, AVNO,  66, 180N, 1197W,  66,  970, XX,  64, NEQ,    0,    0,   31,   31, 1006,  178,  23,   0,   0, 
EP, 11, 2026082718, 03, AVNO,  72, 182N, 1203W,  73,  969, XX,  34, NEQ,   88,   64,   83,   92, 1009,  229,  24,   0,   0, 
EP, 11, 2026082718, 03, AVNO,  72, 182N, 1203W,  73,  969, XX,  50, NEQ,   49,   39,   44,   48, 1009,  229,  24,   0,   0, 
EP, 11, 2026082718, 03, AVNO,  72, 182N, 1203W,  73,  969, XX,  64, NEQ,   37,   31,   32,   28, 1009,  229,  24,   0,   0, 
EP, 11, 2026082718, 03, AVNO,  78, 185N, 1209W,  71,  964, XX,  34, NEQ,   85,   69,   88,   97,  976,   21,  23,   0,   0, 
EP, 11, 2026082718, 03, AVNO,  78, 185N, 1209W,  71,  964, XX,  50, NEQ,   46,   40,   48,   40,  976,   21,  23,   0,   0, 
EP, 11, 2026082718, 03, AVNO,  78, 185N, 1209W,  71,  964, XX,  64, NEQ,   35,   23,   35,   30,  976,   21,  23,   0,   0, 
EP, 11, 2026082718, 03, AVNO,  84, 186N, 1217W,  75,  967, XX,  34, NEQ,   90,   77,   86,   98,  983,   31,  21,   0,   0, 
EP, 11, 2026082718, 03, AVNO,  84, 186N, 1217W,  75,  967, XX,  50, NEQ,   51,   42,   46,   48,  983,   31,  21,   0,   0, 
EP, 11, 2026082718, 03, AVNO,  84, 186N, 1217W,  75,  967, XX,  64, NEQ,   37,   31,   30,   30,  983,   31,  21,   0,   0, 
EP, 11, 2026082718, 03, AVNO,  90, 186N, 1223W,  71,  965, XX,  34, NEQ,   86,   88,   88,   98,  977,   23,  26,   0,   0, 
EP, 11, 2026082718, 03, AVNO,  90, 186N, 1223W,  71,  965, XX,  50, NEQ,   48,   54,   48,   54,  977,   23,  26,   0,   0, 
EP, 11, 2026082718, 03, AVNO,  90, 186N, 1223W,  71,  965, XX,  64, NEQ,   35,   38,   26,   35,  977,   23,  26,   0,   0, 
EP, 11, 2026082718, 03, AVNO,  96, 187N, 1228W,  73,  965, XX,  34, NEQ,   94,   94,   92,  102,  981,   31,  26,   0,   0, 
EP, 11, 2026082718, 03, AVNO,  96, 187N, 1228W,  73,  965, XX,  50, NEQ,   48,   49,   50,   54,  981,   31,  26,   0,   0, 
EP, 11, 2026082718, 03, AVNO,  96, 187N, 1228W,  73,  965, XX,  64, NEQ,   34,   37,   32,   40,  981,   31,  26,   0,   0, 
EP, 11, 2026082718, 03, AVNO, 102, 191N, 1235W,  76,  962, XX,  34, NEQ,   89,   92,   96,  103,  978,   31,  27,   0,   0, 
EP, 11, 2026082718, 03, AVNO, 102, 191N, 1235W,  76,  962, XX,  50, NEQ,   55,   52,   57,   57,  978,   31,  27,   0,   0, 
EP, 11, 2026082718, 03, AVNO, 102, 191N, 1235W,  76,  962, XX,  64, NEQ,   40,   39,   37,   39,  978,   31,  27,   0,   0, 
EP, 11, 2026082718, 03, AVNO, 108, 193N, 1240W,  77,  963, XX,  34, NEQ,   97,   93,   99,  110,  987,   39,  23,   0,   0, 
EP, 11, 2026082718, 03, AVNO, 108, 193N, 1240W,  77,  963, XX,  50, NEQ,   64,   59,   59,   58,  987,   39,  23,   0,   0, 
EP, 11, 2026082718, 03, AVNO, 108, 193N, 1240W,  77,  963, XX,  64, NEQ,   41,   33,   38,   34,  987,   39,  23,   0,   0, 
EP, 11, 2026082718, 03, AVNO, 114, 197N, 1245W,  69,  962, XX,  34, NEQ,   99,  104,  107,  110, 1006,  248,  28,   0,   0, 
EP, 11, 2026082718, 03, AVNO, 114, 197N, 1245W,  69,  962, XX,  50, NEQ,   54,   59,   60,   56, 1006,  248,  28,   0,   0, 
EP, 11, 2026082718, 03, AVNO, 114, 197N, 1245W,  69,  962, XX,  64, NEQ,   37,   40,   33,   36, 1006,  248,  28,   0,   0, 
EP, 11, 2026082718, 03, AVNO, 120, 200N, 1248W,  66,  968, XX,  34, NEQ,   97,   95,   99,  110, 1008,  206,  33,   0,   0, 
EP, 11, 2026082718, 03, AVNO, 120, 200N, 1248W,  66,  968, XX,  50, NEQ,   53,   61,   55,   66, 1008,  206,  33,   0,   0, 
EP, 11, 2026082718, 03, AVNO, 120, 200N, 1248W,  66,  968, XX,  64, NEQ,   35,   40,   32,    0, 1008,  206,  33,   0,   0, 
EP, 11, 2026082718, 03, AVNO, 126, 204N, 1251W,  66,  968, XX,  34, NEQ,   99,   94,  109,  114, 1004,  152,  29,   0,   0, 
EP, 11, 2026082718, 03, AVNO, 126, 204N, 1251W,  66,  968, XX,  50, NEQ,   51,   63,   56,   62, 1004,  152,  29,   0,   0, 
EP, 11, 2026082718, 03, AVNO, 126, 204N, 1251W,  66,  968, XX,  64, NEQ,   29,   29,   31,    0, 1004,  152,  29,   0,   0, 
EP, 11, 2026082718, 03, AVNO, 132, 208N, 1253W,  62,  974, XX,  34, NEQ,  103,   97,   95,  108, 1010,  287,  33,   0,   0, 
EP, 11, 2026082718, 03, AVNO, 132, 208N, 1253W,  62,  974, XX,  50, NEQ,   50,   58,   49,   57, 1010,  287,  33,   0,   0, 
EP, 11, 2026082718, 03, AVNO, 138, 212N, 1255W,  56,  975, XX,  34, NEQ,   97,   94,   98,   97, 1007,  241,  33,   0,   0, 
EP, 11, 2026082718, 03, AVNO, 138, 212N, 1255W,  56,  975, XX,  50, NEQ,   55,   45,   44,   52, 1007,  241,  33,   0,   0, 
EP, 11, 2026082718, 03, AVNO, 144, 215N, 1259W,  52,  981, XX,  34, NEQ,  100,   93,   91,  100, 1009,  214,  35,   0,   0, 
EP, 11, 2026082718, 03, AVNO, 144, 215N, 1259W,  52,  981, XX,  50, NEQ,   47,    0,    0,   48, 1009,  214,  35,   0,   0, 
EP, 11, 2026082718, 03, AVNO, 150, 221N, 1262W,  52,  981, XX,  34, NEQ,  109,   84,   81,  102, 1005,  153,  48,   0,   0, 
EP, 11, 2026082718, 03, AVNO, 150, 221N, 1262W,  52,  981, XX,  50, NEQ,   50,    0,   44,   50, 1005,  153,  48,   0,   0, 
EP, 11, 2026082718, 03, AVNO, 156, 225N, 1265W,  51,  986, XX,  34, NEQ,  114,   86,   77,  112, 1006,  114,  50,   0,   0, 
EP, 11, 2026082718, 03, AVNO, 156, 225N, 1265W,  51,  986, XX,  50, NEQ,   45,    0,    0,   51, 1006,  114,  50,   0,   0, 
EP, 11, 2026082718, 03, AVNO, 162, 230N, 1269W,  48,  987, XX,  34, NEQ,  107,   85,   67,  106, 1007,  208,  38,   0,   0, 
EP, 11, 2026082718, 03, AVNO, 168, 236N, 1274W,  45,  992, XX,  34, NEQ,  106,   79,   77,  107, 1008,  159,  56,   0,   0, 
EP, 11, 2026082718, 03, AVNO, 174, 241N, 1281W,  47,  992, XX,  34, NEQ,  133,   65,   69,  131, 1004,  104,  43,   0,   0, 
EP, 11, 2026082718, 03, AVNO, 180, 243N, 1287W,  45,  995, XX,  34, NEQ,  144,   57,   69,  120, 1007,  125,  50,   0,   0, 
EP, 11, 2026082718, 03, AVNO, 186, 246N, 1295W,  37,  995, XX,  34, NEQ,  114,    0,    0,   86, 1003,   75,  51,   0,   0, 
EP, 11, 2026082718, 03, AVNO, 192, 249N, 1302W,  35,  999, XX,  34, NEQ,   43,    0,    0,    0, 1007,   94,  42,   0,   0, 
EP, 11, 2026082718, 03, AVNO, 198, 251N, 1310W,  33,  999, XX,  34, NEQ,    0,    0,    0,    0, 1007,  126,  54,   0,   0, 
EP, 11, 2026082718, 03, AVNO, 204, 251N, 1316W,  29, 1002, XX,  34, NEQ,    0,    0,    0,    0, 1010,  191,  72,   0,   0, 
EP, 11, 2026082718, 03, AVNO, 210, 252N, 1321W,  24, 1002, XX,  34, NEQ,    0,    0,    0,    0, 1006,   56,  63,   0,   0, 
EP, 11, 2026082718, 03, AVNO, 216, 253N, 1325W,  23, 1005, XX,  34, NEQ,    0,    0,    0,    0, 1009,   68, 157,   0,   0, 
EP, 11, 2026082718, 03, AVNO, 222, 255N, 1329W,  22, 1005, XX,  34, NEQ,    0,    0,    0,    0, 1009,   91,  38,   0,   0, 
EP, 11, 2026082718, 03, AVNO, 228, 254N, 1334W,  23, 1008, XX,  34, NEQ,    0,    0,    0,    0, 1012,  134,  50,   0,   0, 
EP, 11, 2026082718, 03, AVNO, 234, 254N, 1341W,  22, 1007, XX,  34, NEQ,    0,    0,    0,    0,  -99,  -99,  86,   0,   0, 
EP, 11, 2026082718, 03, AVNO, 240, 253N, 1348W,  20, 1010, XX,  34, NEQ,    0,    0,    0,    0,  -99,  -99, 104,   0,   0, 
EP, 11, 2026082718, 03, HCCA,   0, 107N, 1114W,  40,    0,   ,   0,    ,    0,    0,    0,    0, 
EP, 11, 2026082718, 03, HCCA,  12, 119N, 1134W,  49,    0,   ,   0,    ,    0,    0,    0,    0, 
EP, 11, 2026082718, 03, HCCA,  24, 133N, 1150W,  60,    0,   ,   0,    ,    0,    0,    0,    0, 
EP, 11, 2026082718, 03, HCCA,  36, 150N, 1166W,  73,    0,   ,   0,    ,    0,    0,    0,    0, 
EP, 11, 2026082718, 03, HCCA,  48, 165N, 1184W,  79,    0,   ,   0,    ,    0,    0,    0,    0, 
EP, 11, 2026082718, 03, HCCA,  60, 179N, 1202W,  83,    0,   ,   0,    ,    0,    0,    0,    0, 
EP, 11, 2026082718, 03, HCCA,  72, 187N, 1218W,  91,    0,   ,   0,    ,    0,    0,    0,    0, 
EP, 11, 2026082718, 03, HCCA,  84, 192N, 1231W,  93,    0,   ,   0,    ,    0,    0,    0,    0, 
EP, 11, 2026082718, 03, HCCA,  96, 196N, 1243W,  94,    0,   ,   0,    ,    0,    0,    0,    0, 
EP, 11, 2026082718, 03, HCCA, 108, 203N, 1252W,  89,    0,   ,   0,    ,    0,    0,    0,    0, 
EP, 11, 2026082718, 03, HCCA, 120, 210N, 1260W,  82,    0,   ,   0,    ,    0,    0,    0,    0, 
EP, 11, 2026082718, 03, HCCA, 132, 220N, 1265W,  74,    0,   ,   0,    ,    0,    0,    0,    0, 
EP, 11, 2026082718, 03, HCCA, 144, 232N, 1270W,  67,    0,   ,   0,    ,    0,    0,    0,    0, 
EP, 11, 2026082718, 03, HCCA, 156, 244N, 1275W,  60,    0,   ,   0,    ,    0,    0,    0,    0, 
EP, 11, 2026082718, 03, HCCA, 168, 255N, 1282W,  52,    0,   ,   0,    ,    0,    0,    0,    0, 
EP, 11, 2026082718, 03, HFSA,   0, 104N, 1108W,  42, 1000, XX,  34, NEQ,   99,   81,  180,    0,  -99,  -99,  29,   0,   0,    ,   0,    , 306,  10,           ,  ,  0,    ,    0,    0,    0,    0, THERMO PARAMS, -31, 234, 325, N, 10, DT, -999, SHR82, -99, 
EP, 11, 2026082718, 03, HFSA,   6, 117N, 1121W,  56,  994, XX,  34, NEQ,  134,  107,  160,  123,  998,   10,  42,   0,   0,    ,   0,    , 313,  10,           ,  ,  0,    ,    0,    0,    0,    0, THERMO PARAMS, -9999, -9999, -9999, N, 10, DT, -999, SHR82, -99, 
EP, 11, 2026082718, 03, HFSA,   6, 117N, 1121W,  56,  994, XX,  50, NEQ,   55,    0,    0,    0,  998,   10,  42,   0,   0,    ,   0,    , 313,  10,           ,  ,  0,    ,    0,    0,    0,    0, THERMO PARAMS, -9999, -9999, -9999, N, 10, DT, -999, SHR82, -99, 
EP, 11, 2026082718, 03, HFSA,  12, 122N, 1141W,  48,  997, XX,  34, NEQ,  110,  175,    0,  104, 1001,   42,  70,   0,   0,    ,   0,    , 285,  16,           ,  ,  0,    ,    0,    0,    0,    0, THERMO PARAMS, -13, 346, 677, N, 10, DT, -999, SHR82, -99, 
EP, 11, 2026082718, 03, HFSA,  18, 121N, 1148W,  49,  990, XX,  34, NEQ,  149,  136,  159,  130,  994,    9,  55,   0,   0,    ,   0,    , 326,   4,           ,  ,  0,    ,    0,    0,    0,    0, THERMO PARAMS, 45, 662, 589, N, 10, DT, -999, SHR82, -99, 
EP, 11, 2026082718, 03, HFSA,  24, 130N, 1150W,  61,  989, XX,  34, NEQ,  154,  126,  144,  131,  997,   21,  34,   0,   0,    ,   0,    , 332,  13,           ,  ,  0,    ,    0,    0,    0,    0, THERMO PARAMS, -95, 569, 828, N, 10, DT, -999, SHR82, -99, 
EP, 11, 2026082718, 03, HFSA,  24, 130N, 1150W,  61,  989, XX,  50, NEQ,   47,   60,    0,    0,  997,   21,  34,   0,   0,    ,   0,    , 332,  13,           ,  ,  0,    ,    0,    0,    0,    0, THERMO PARAMS, -95, 569, 828, N, 10, DT, -999, SHR82, -99, 
EP, 11, 2026082718, 03, HFSA,  30, 138N, 1160W,  51,  989, XX,  34, NEQ,  162,  185,   83,  134,  993,   17,  55,   0,   0,    ,   0,    , 317,  10,           ,  ,  0,    ,    0,    0,    0,    0, THERMO PARAMS, -76, 980, 630, N, 10, DT, -999, SHR82, -99, 
EP, 11, 2026082718, 03, HFSA,  36, 148N, 1169W,  61,  988, XX,  34, NEQ,  167,  157,   44,  136,  996,   29,  48,   0,   0,    ,   0,    , 301,  14,           ,  ,  0,    ,    0,    0,    0,    0, THERMO PARAMS, -82, 861, 954, N, 10, DT, -999, SHR82, -99, 
EP, 11, 2026082718, 03, HFSA,  36, 148N, 1169W,  61,  988, XX,  50, NEQ,   66,    0,    0,   49,  996,   29,  48,   0,   0,    ,   0,    , 301,  14,           ,  ,  0,    ,    0,    0,    0,    0, THERMO PARAMS, -82, 861, 954, N, 10, DT, -999, SHR82, -99, 
EP, 11, 2026082718, 03, HFSA,  42, 155N, 1179W,  66,  980, XX,  34, NEQ,  173,  157,   66,  118, 1000,   70,  25,   0,   0,    ,   0,    , 299,  12,           ,  ,  0,    ,    0,    0,    0,    0, THERMO PARAMS, -72, 1149, 1266, N, 10, DT, -999, SHR82, -99, 
EP, 11, 2026082718, 03, HFSA,  42, 155N, 1179W,  66,  980, XX,  50, NEQ,   71,    0,   34,   60, 1000,   70,  25,   0,   0,    ,   0,    , 299,  12,           ,  ,  0,    ,    0,    0,    0,    0, THERMO PARAMS, -72, 1149, 1266, N, 10, DT, -999, SHR82, -99, 
EP, 11, 2026082718, 03, HFSA,  42, 155N, 1179W,  66,  980, XX,  64, NEQ,    0,    0,    0,   26, 1000,   70,  25,   0,   0,    ,   0,    , 299,  12,           ,  ,  0,    ,    0,    0,    0,    0, THERMO PARAMS, -72, 1149, 1266, N, 10, DT, -999, SHR82, -99, 
EP, 11, 2026082718, 03, HFSA,  48, 159N, 1189W,  59,  982, XX,  34, NEQ,  183,   66,   86,  131, 1002,   72,  20,   0,   0,    ,   0,    , 296,  10,           ,  ,  0,    ,    0,    0,    0,    0, THERMO PARAMS, -54, 1685, 1159, N, 10, DT, -999, SHR82, -99, 
EP, 11, 2026082718, 03, HFSA,  48, 159N, 1189W,  59,  982, XX,  50, NEQ,   44,    0,   36,   62, 1002,   72,  20,   0,   0,    ,   0,    , 296,  10,           ,  ,  0,    ,    0,    0,    0,    0, THERMO PARAMS, -54, 1685, 1159, N, 10, DT, -999, SHR82, -99, 
EP, 11, 2026082718, 03, HFSA,  54, 163N, 1196W,  66,  976, XX,  34, NEQ,  160,   71,  105,  131,  980,    9,  16,   0,   0,    ,   0,    , 305,   7,           ,  ,  0,    ,    0,    0,    0,    0, THERMO PARAMS, -5, 1829, 1111, N, 10, DT, -999, SHR82, -99, 
EP, 11, 2026082718, 03, HFSA,  54, 163N, 1196W,  66,  976, XX,  50, NEQ,   47,   31,   19,   37,  980,    9,  16,   0,   0,    ,   0,    , 305,   7,           ,  ,  0,    ,    0,    0,    0,    0, THERMO PARAMS, -5, 1829, 1111, N, 10, DT, -999, SHR82, -99, 
EP, 11, 2026082718, 03, HFSA,  54, 163N, 1196W,  66,  976, XX,  64, NEQ,    0,    0,    0,   18,  980,    9,  16,   0,   0,    ,   0,    , 305,   7,           ,  ,  0,    ,    0,    0,    0,    0, THERMO PARAMS, -5, 1829, 1111, N, 10, DT, -999, SHR82, -99, 
EP, 11, 2026082718, 03, HFSA,  60, 167N, 1203W,  80,  971, XX,  34, NEQ,  146,   97,   96,  134,  991,   29,  16,   0,   0,    ,   0,    , 294,   8,           ,  ,  0,    ,    0,    0,    0,    0, THERMO PARAMS, 1, 1812, 1809, N, 10, DT, -999, SHR82, -99, 
EP, 11, 2026082718, 03, HFSA,  60, 167N, 1203W,  80,  971, XX,  50, NEQ,   55,   34,   31,   50,  991,   29,  16,   0,   0,    ,   0,    , 294,   8,           ,  ,  0,    ,    0,    0,    0,    0, THERMO PARAMS, 1, 1812, 1809, N, 10, DT, -999, SHR82, -99, 
EP, 11, 2026082718, 03, HFSA,  60, 167N, 1203W,  80,  971, XX,  64, NEQ,   23,   18,   23,   24,  991,   29,  16,   0,   0,    ,   0,    , 294,   8,           ,  ,  0,    ,    0,    0,    0,    0, THERMO PARAMS, 1, 1812, 1809, N, 10, DT, -999, SHR82, -99, 
EP, 11, 2026082718, 03, HFSA,  66, 171N, 1210W,  91,  961, XX,  34, NEQ,  151,  128,  102,  131,  997,   59,  17,   0,   0,    ,   0,    , 294,   7,           ,  ,  0,    ,    0,    0,    0,    0, THERMO PARAMS, -8, 1965, 2320, N, 10, DT, -999, SHR82, -99, 
EP, 11, 2026082718, 03, HFSA,  66, 171N, 1210W,  91,  961, XX,  50, NEQ,   49,   40,   44,   55,  997,   59,  17,   0,   0,    ,   0,    , 294,   7,           ,  ,  0,    ,    0,    0,    0,    0, THERMO PARAMS, -8, 1965, 2320, N, 10, DT, -999, SHR82, -99, 
EP, 11, 2026082718, 03, HFSA,  66, 171N, 1210W,  91,  961, XX,  64, NEQ,   31,   23,   28,   34,  997,   59,  17,   0,   0,    ,   0,    , 294,   7,           ,  ,  0,    ,    0,    0,    0,    0, THERMO PARAMS, -8, 1965, 2320, N, 10, DT, -999, SHR82, -99, 
EP, 11, 2026082718, 03, HFSA,  72, 173N, 1216W, 107,  956, XX,  34, NEQ,  149,  104,   99,  139, 1000,   65,  14,   0,   0,    ,   0,    , 298,   6,           ,  ,  0,    ,    0,    0,    0,    0, THERMO PARAMS, 12, 1557, 2596, N, 10, DT, -999, SHR82, -99, 
EP, 11, 2026082718, 03, HFSA,  72, 173N, 1216W, 107,  956, XX,  50, NEQ,   62,   40,   40,   49, 1000,   65,  14,   0,   0,    ,   0,    , 298,   6,           ,  ,  0,    ,    0,    0,    0,    0, THERMO PARAMS, 12, 1557, 2596, N, 10, DT, -999, SHR82, -99, 
EP, 11, 2026082718, 03, HFSA,  72, 173N, 1216W, 107,  956, XX,  64, NEQ,   36,   31,   29,   31, 1000,   65,  14,   0,   0,    ,   0,    , 298,   6,           ,  ,  0,    ,    0,    0,    0,    0, THERMO PARAMS, 12, 1557, 2596, N, 10, DT, -999, SHR82, -99, 
EP, 11, 2026082718, 03, HFSA,  78, 178N, 1222W, 110,  951, XX,  34, NEQ,  123,   81,  110,  130,  995,   53,  19,   0,   0,    ,   0,    , 299,   7,           ,  ,  0,    ,    0,    0,    0,    0, THERMO PARAMS, 18, 1648, 2815, N, 10, DT, -999, SHR82, -99, 
EP, 11, 2026082718, 03, HFSA,  78, 178N, 1222W, 110,  951, XX,  50, NEQ,   52,   47,   42,   55,  995,   53,  19,   0,   0,    ,   0,    , 299,   7,           ,  ,  0,    ,    0,    0,    0,    0, THERMO PARAMS, 18, 1648, 2815, N, 10, DT, -999, SHR82, -99, 
EP, 11, 2026082718, 03, HFSA,  78, 178N, 1222W, 110,  951, XX,  64, NEQ,   37,   29,   29,   36,  995,   53,  19,   0,   0,    ,   0,    , 299,   7,           ,  ,  0,    ,    0,    0,    0,    0, THERMO PARAMS, 18, 1648, 2815, N, 10, DT, -999, SHR82, -99, 
EP, 11, 2026082718, 03, HFSA,  84, 180N, 1229W, 103,  954, XX,  34, NEQ,  126,   87,  100,  126,  990,   39,  17,   0,   0,    ,   0,    , 289,   6,           ,  ,  0,    ,    0,    0,    0,    0, THERMO PARAMS, 31, 1360, 2657, N, 10, DT, -999, SHR82, -99, 
EP, 11, 2026082718, 03, HFSA,  84, 180N, 1229W, 103,  954, XX,  50, NEQ,   53,   50,   47,   55,  990,   39,  17,   0,   0,    ,   0,    , 289,   6,           ,  ,  0,    ,    0,    0,    0,    0, THERMO PARAMS, 31, 1360, 2657, N, 10, DT, -999, SHR82, -99, 
EP, 11, 2026082718, 03, HFSA,  84, 180N, 1229W, 103,  954, XX,  64, NEQ,   39,   36,   34,   37,  990,   39,  17,   0,   0,    ,   0,    , 289,   6,           ,  ,  0,    ,    0,    0,    0,    0, THERMO PARAMS, 31, 1360, 2657, N, 10, DT, -999, SHR82, -99, 
EP, 11, 2026082718, 03, HFSA,  90, 183N, 1235W,  90,  956, XX,  34, NEQ,  121,  104,  115,  131,  996,   61,  20,   0,   0,    ,   0,    , 296,   6,           ,  ,  0,    ,    0,    0,    0,    0, THERMO PARAMS, 21, 1400, 2456, N, 10, DT, -999, SHR82, -99, 
EP, 11, 2026082718, 03, HFSA,  90, 183N, 1235W,  90,  956, XX,  50, NEQ,   63,   53,   50,   58,  996,   61,  20,   0,   0,    ,   0,    , 296,   6,           ,  ,  0,    ,    0,    0,    0,    0, THERMO PARAMS, 21, 1400, 2456, N, 10, DT, -999, SHR82, -99, 
EP, 11, 2026082718, 03, HFSA,  90, 183N, 1235W,  90,  956, XX,  64, NEQ,   45,   37,   37,   40,  996,   61,  20,   0,   0,    ,   0,    , 296,   6,           ,  ,  0,    ,    0,    0,    0,    0, THERMO PARAMS, 21, 1400, 2456, N, 10, DT, -999, SHR82, -99, 
EP, 11, 2026082718, 03, HFSA,  96, 184N, 1242W,  92,  958, XX,  34, NEQ,  118,  108,   99,  120,  998,   65,  21,   0,   0,    ,   0,    , 291,   6,           ,  ,  0,    ,    0,    0,    0,    0, THERMO PARAMS, 11, 1397, 2409, N, 10, DT, -999, SHR82, -99, 
EP, 11, 2026082718, 03, HFSA,  96, 184N, 1242W,  92,  958, XX,  50, NEQ,   63,   53,   55,   60,  998,   65,  21,   0,   0,    ,   0,    , 291,   6,           ,  ,  0,    ,    0,    0,    0,    0, THERMO PARAMS, 11, 1397, 2409, N, 10, DT, -999, SHR82, -99, 
EP, 11, 2026082718, 03, HFSA,  96, 184N, 1242W,  92,  958, XX,  64, NEQ,   40,   39,   37,   39,  998,   65,  21,   0,   0,    ,   0,    , 291,   6,           ,  ,  0,    ,    0,    0,    0,    0, THERMO PARAMS, 11, 1397, 2409, N, 10, DT, -999, SHR82, -99, 
EP, 11, 2026082718, 03, HFSA, 102, 188N, 1247W,  89,  956, XX,  34, NEQ,  113,  110,  105,  151,  996,   67,  23,   0,   0,    ,   0,    , 317,   6,           ,  ,  0,    ,    0,    0,    0,    0, THERMO PARAMS, 11, 1383, 2404, N, 10, DT, -999, SHR82, -99, 
EP, 11, 2026082718, 03, HFSA, 102, 188N, 1247W,  89,  956, XX,  50, NEQ,   63,   53,   55,   58,  996,   67,  23,   0,   0,    ,   0,    , 317,   6,           ,  ,  0,    ,    0,    0,    0,    0, THERMO PARAMS, 11, 1383, 2404, N, 10, DT, -999, SHR82, -99, 
EP, 11, 2026082718, 03, HFSA, 102, 188N, 1247W,  89,  956, XX,  64, NEQ,   42,   42,   40,   40,  996,   67,  23,   0,   0,    ,   0,    , 317,   6,           ,  ,  0,    ,    0,    0,    0,    0, THERMO PARAMS, 11, 1383, 2404, N, 10, DT, -999, SHR82, -99, 
EP, 11, 2026082718, 03, HFSA, 108, 193N, 1254W,  85,  961, XX,  34, NEQ,  118,  110,  104,  117, 1005,  118,  23,   0,   0,    ,   0,    , 300,   7,           ,  ,  0,    ,    0,    0,    0,    0, THERMO PARAMS, 2, 1317, 2281, N, 10, DT, -999, SHR82, -99, 
EP, 11, 2026082718, 03, HFSA, 108, 193N, 1254W,  85,  961, XX,  50, NEQ,   63,   55,   53,   58, 1005,  118,  23,   0,   0,    ,   0,    , 300,   7,           ,  ,  0,    ,    0,    0,    0,    0, THERMO PARAMS, 2, 1317, 2281, N, 10, DT, -999, SHR82, -99, 
EP, 11, 2026082718, 03, HFSA, 108, 193N, 1254W,  85,  961, XX,  64, NEQ,   44,   37,   37,   42, 1005,  118,  23,   0,   0,    ,   0,    , 300,   7,           ,  ,  0,    ,    0,    0,    0,    0, THERMO PARAMS, 2, 1317, 2281, N, 10, DT, -999, SHR82, -99, 
EP, 11, 2026082718, 03, HFSA, 114, 196N, 1259W,  70,  964, XX,  34, NEQ,  121,  105,  107,  128,  996,   65,  29,   0,   0,    ,   0,    , 312,   5,           ,  ,  0,    ,    0,    0,    0,    0, THERMO PARAMS, -10, 1349, 2027, N, 10, DT, -999, SHR82, -99, 
EP, 11, 2026082718, 03, HFSA, 114, 196N, 1259W,  70,  964, XX,  50, NEQ,   66,   58,   55,   66,  996,   65,  29,   0,   0,    ,   0,    , 312,   5,           ,  ,  0,    ,    0,    0,    0,    0, THERMO PARAMS, -10, 1349, 2027, N, 10, DT, -999, SHR82, -99, 
EP, 11, 2026082718, 03, HFSA, 114, 196N, 1259W,  70,  964, XX,  64, NEQ,   37,   42,   32,   49,  996,   65,  29,   0,   0,    ,   0,    , 312,   5,           ,  ,  0,    ,    0,    0,    0,    0, THERMO PARAMS, -10, 1349, 2027, N, 10, DT, -999, SHR82, -99, 
EP, 11, 2026082718, 03, HFSA, 120, 198N, 1263W,  69,  968, XX,  34, NEQ,  108,  107,  105,  138, 1004,  106,  28,   0,   0,    ,   0,    , 324,   5,           ,  ,  0,    ,    0,    0,    0,    0, THERMO PARAMS, -30, 1262, 1913, N, 10, DT, -999, SHR82, -99, 
EP, 11, 2026082718, 03, HFSA, 120, 198N, 1263W,  69,  968, XX,  50, NEQ,   60,   60,   55,   60, 1004,  106,  28,   0,   0,    ,   0,    , 324,   5,           ,  ,  0,    ,    0,    0,    0,    0, THERMO PARAMS, -30, 1262, 1913, N, 10, DT, -999, SHR82, -99, 
EP, 11, 2026082718, 03, HFSA, 120, 198N, 1263W,  69,  968, XX,  64, NEQ,   45,   42,    0,   47, 1004,  106,  28,   0,   0,    ,   0,    , 324,   5,           ,  ,  0,    ,    0,    0,    0,    0, THERMO PARAMS, -30, 1262, 1913, N, 10, DT, -999, SHR82, -99, 
EP, 11, 2026082718, 03, HFSA, 126, 203N, 1266W,  67,  968, XX,  34, NEQ,  108,  112,  100,  149, 1000,   85,  28,   0,   0,    ,   0,    , -99, -99,           ,  ,  0,    ,    0,    0,    0,    0, THERMO PARAMS, -15, 1231, 1917, N, 10, DT, -999, SHR82, -99, 
EP, 11, 2026082718, 03, HFSA, 126, 203N, 1266W,  67,  968, XX,  50, NEQ,   57,   57,   52,   63, 1000,   85,  28,   0,   0,    ,   0,    , -99, -99,           ,  ,  0,    ,    0,    0,    0,    0, THERMO PARAMS, -15, 1231, 1917, N, 10, DT, -999, SHR82, -99, 
EP, 11, 2026082718, 03, HFSA, 126, 203N, 1266W,  67,  968, XX,  64, NEQ,   32,   34,    0,   45, 1000,   85,  28,   0,   0,    ,   0,    , -99, -99,           ,  ,  0,    ,    0,    0,    0,    0, THERMO PARAMS, -15, 1231, 1917, N, 10, DT, -999, SHR82, -99, 
EP, 11, 2026082718, 03, TVCN,   0, 107N, 1114W,   0,    0,   ,   0,    ,    0,    0,    0,    0, 
EP, 11, 2026082718, 03, TVCN,  12, 120N, 1134W,   0,    0,   ,   0,    ,    0,    0,    0,    0, 
EP, 11, 2026082718, 03, TVCN,  24, 132N, 1149W,   0,    0,   ,   0,    ,    0,    0,    0,    0, 
EP, 11, 2026082718, 03, TVCN,  36, 147N, 1165W,   0,    0,   ,   0,    ,    0,    0,    0,    0, 
EP, 11, 2026082718, 03, TVCN,  48, 160N, 1182W,   0,    0,   ,   0,    ,    0,    0,    0,    0, 
EP, 11, 2026082718, 03, TVCN,  60, 170N, 1200W,   0,    0,   ,   0,    ,    0,    0,    0,    0, 
EP, 11, 2026082718, 03, TVCN,  72, 177N, 1215W,   0,    0,   ,   0,    ,    0,    0,    0,    0, 
EP, 11, 2026082718, 03, TVCN,  84, 182N, 1230W,   0,    0,   ,   0,    ,    0,    0,    0,    0, 
EP, 11, 2026082718, 03, TVCN,  96, 187N, 1242W,   0,    0,   ,   0,    ,    0,    0,    0,    0, 
EP, 11, 2026082718, 03, TVCN, 108, 193N, 1253W,   0,    0,   ,   0,    ,    0,    0,    0,    0, 
EP, 11, 2026082718, 03, TVCN, 120, 201N, 1262W,   0,    0,   ,   0,    ,    0,    0,    0,    0, 
EP, 11, 2026082718, 03, TVCN, 132, 211N, 1271W,   0,    0,   ,   0,    ,    0,    0,    0,    0, 
EP, 11, 2026082718, 03, TVCN, 144, 215N, 1287W,   0,    0,   ,   0,    ,    0,    0,    0,    0, 
EP, 11, 2026082718, 03, TVCN, 156, 227N, 1294W,   0,    0,   ,   0,    ,    0,    0,    0,    0, 
EP, 11, 2026082718, 03, TVCN, 168, 239N, 1300W,   0,    0,   ,   0,    ,    0,    0,    0,    0, 
EP, 11, 2026082800, 03, HCCA,   0, 116N, 1123W,  45,    0,   ,   0,    ,    0,    0,    0,    0, 
EP, 11, 2026082800, 03, HCCA,  12, 129N, 1141W,  58,    0,   ,   0,    ,    0,    0,    0,    0, 
EP, 11, 2026082800, 03, HCCA,  24, 143N, 1156W,  71,    0,   ,   0,    ,    0,    0,    0,    0, 
EP, 11, 2026082800, 03, HCCA,  36, 158N, 1172W,  83,    0,   ,   0,    ,    0,    0,    0,    0, 
EP, 11, 2026082800, 03, HCCA,  48, 171N, 1189W,  94,    0,   ,   0,    ,    0,    0,    0,    0, 
EP, 11, 2026082800, 03, HCCA,  60, 180N, 1206W, 102,    0,   ,   0,    ,    0,    0,    0,    0, 
EP, 11, 2026082800, 03, HCCA,  72, 185N, 1224W, 108,    0,   ,   0,    ,    0,    0,    0,    0, 
EP, 11, 2026082800, 03, HCCA,  84, 188N, 1239W, 108,    0,   ,   0,    ,    0,    0,    0,    0, 
EP, 11, 2026082800, 03, HCCA,  96, 190N, 1254W, 115,    0,   ,   0,    ,    0,    0,    0,    0, 
EP, 11, 2026082800, 03, HCCA, 108, 196N, 1267W, 115,    0,   ,   0,    ,    0,    0,    0,    0, 
EP, 11, 2026082800, 03, HCCA, 120, 207N, 1277W, 110,    0,   ,   0,    ,    0,    0,    0,    0, 
EP, 11, 2026082800, 03, HCCA, 132, 219N, 1285W, 107,    0,   ,   0,    ,    0,    0,    0,    0, 
EP, 11, 2026082800, 03, HCCA, 144, 234N, 1290W,  96,    0,   ,   0,    ,    0,    0,    0,    0, 
EP, 11, 2026082800, 03, HCCA, 156, 245N, 1297W,  80,    0,   ,   0,    ,    0,    0,    0,    0, 
EP, 11, 2026082800, 03, HCCA, 168, 253N, 1300W,  67,    0,   ,   0,    ,    0,    0,    0,    0, 
EP, 11, 2026082800, 03, TVCN,   0, 116N, 1123W,   0,    0,   ,   0,    ,    0,    0,    0,    0, 
EP, 11, 2026082800, 03, TVCN,  12, 128N, 1141W,   0,    0,   ,   0,    ,    0,    0,    0,    0, 
EP, 11, 2026082800, 03, TVCN,  24, 141N, 1156W,   0,    0,   ,   0,    ,    0,    0,    0,    0, 
EP, 11, 2026082800, 03, TVCN,  36, 156N, 1173W,   0,    0,   ,   0,    ,    0,    0,    0,    0, 
EP, 11, 2026082800, 03, TVCN,  48, 168N, 1191W,   0,    0,   ,   0,    ,    0,    0,    0,    0, 
EP, 11, 2026082800, 03, TVCN,  60, 176N, 1207W,   0,    0,   ,   0,    ,    0,    0,    0,    0, 
EP, 11, 2026082800, 03, TVCN,  72, 183N, 1222W,   0,    0,   ,   0,    ,    0,    0,    0,    0, 
EP, 11, 2026082800, 03, TVCN,  84, 187N, 1236W,   0,    0,   ,   0,    ,    0,    0,    0,    0, 
EP, 11, 2026082800, 03, TVCN,  96, 192N, 1248W,   0,    0,   ,   0,    ,    0,    0,    0,    0, 
EP, 11, 2026082800, 03, TVCN, 108, 200N, 1258W,   0,    0,   ,   0,    ,    0,    0,    0,    0, 
EP, 11, 2026082800, 03, TVCN, 120, 210N, 1265W,   0,    0,   ,   0,    ,    0,    0,    0,    0, 
EP, 11, 2026082800, 03, TVCN, 132, 222N, 1272W,   0,    0,   ,   0,    ,    0,    0,    0,    0, 
EP, 11, 2026082800, 03, TVCN, 144, 224N, 1293W,   0,    0,   ,   0,    ,    0,    0,    0,    0, 
EP, 11, 2026082800, 03, TVCN, 156, 237N, 1301W,   0,    0,   ,   0,    ,    0,    0,    0,    0, 
EP, 11, 2026082800, 03, TVCN, 168, 248N, 1308W,   0,    0,   ,   0,    ,    0,    0,    0,    0, 