EP, 12, 2026082618, 03, AVNO,   0, 107N, 1332W,  18, 1010, XX,  34, NEQ,    0,    0,    0,    0,  -99,  -99, 126,   0,   0, 
EP, 12, 2026082618, 03, AVNO,   6, 112N, 1339W,  18, 1007, XX,  34, NEQ,    0,    0,    0,    0,  -99,  -99, 154,   0,   0, 
EP, 12, 2026082618, 03, AVNO,  12, 110N, 1343W,  18, 1009, XX,  34, NEQ,    0,    0,    0,    0,  -99,  -99, 159,   0,   0, 
EP, 12, 2026082618, 03, AVNO,  18, 109N, 1342W,  22, 1006, XX,  34, NEQ,    0,    0,    0,    0,  -99,  -99,  60,   0,   0, 
EP, 12, 2026082618, 03, AVNO,  24, 107N, 1346W,  29, 1003, XX,  34, NEQ,    0,    0,    0,    0, 1007,    8,  12,   0,   0, 
EP, 12, 2026082618, 03, AVNO,  30, 107N, 1344W,  32, 1002, XX,  34, NEQ,    0,    0,    0,    0, 1006,   85, 105,   0,   0, 
EP, 12, 2026082618, 03, AVNO,  36, 108N, 1335W,  33, 1004, XX,  34, NEQ,    0,    0,    0,    0, 1008,   53,  46,   0,   0, 
EP, 12, 2026082618, 03, AVNO,  42, 110N, 1328W,  35, 1000, XX,  34, NEQ,    0,   51,    0,    0, 1004,   42,  49,   0,   0, 
EP, 12, 2026082618, 03, AVNO,  48, 113N, 1324W,  39, 1002, XX,  34, NEQ,    0,   40,   34,    0, 1010,  160,  28,   0,   0, 
EP, 12, 2026082618, 03, AVNO,  54, 118N, 1322W,  29,  999, XX,  34, NEQ,    0,    0,    0,    0, 1007,  163,  38,   0,   0, 
EP, 12, 2026082618, 03, AVNO,  60, 120N, 1326W,  32, 1003, XX,  34, NEQ,    0,    0,    0,    0, 1007,   43,  43,   0,   0, 
EP, 12, 2026082618, 03, AVNO,  66, 119N, 1335W,  44, 1000, XX,  34, NEQ,   40,   41,   26,    0, 1008,  227,  18,   0,   0, 
EP, 12, 2026082618, 03, AVNO,  72, 119N, 1342W,  40, 1003, XX,  34, NEQ,   43,   42,   30,    0, 1007,   39,  26,   0,   0, 
EP, 12, 2026082618, 03, AVNO,  78, 122N, 1342W,  37, 1000, XX,  34, NEQ,   29,   42,  212,    0, 1008,  183,  28,   0,   0, 
EP, 12, 2026082618, 03, AVNO,  84, 125N, 1343W,  31, 1004, XX,  34, NEQ,    0,    0,    0,    0, 1008,   70, 152,   0,   0, 
EP, 12, 2026082618, 03, AVNO,  90, 124N, 1354W,  32, 1002, XX,  34, NEQ,    0,    0,    0,    0, 1006,   69, 130,   0,   0, 
EP, 12, 2026082618, 03, AVNO,  96, 123N, 1359W,  34, 1003, XX,  34, NEQ,    0,   52,    0,    0, 1011,  189,  51,   0,   0, 
EP, 12, 2026082618, 03, AVNO, 102, 123N, 1360W,  37,  999, XX,  34, NEQ,    0,   49,  111,    0, 1003,   35,  36,   0,   0, 
EP, 12, 2026082618, 03, AVNO, 108, 121N, 1363W,  44,  999, XX,  34, NEQ,    0,   41,   89,    0, 1007,   65,  40,   0,   0, 
EP, 12, 2026082618, 03, AVNO, 114, 122N, 1365W,  35,  995, XX,  34, NEQ,    0,   27,   30,   22, 1003,   54,  21,   0,   0, 
EP, 12, 2026082618, 03, AVNO, 120, 123N, 1367W,  42,  997, XX,  34, NEQ,    0,   42,   42,   34, 1009,  121,  33,   0,   0, 
EP, 12, 2026082618, 03, AVNO, 126, 124N, 1370W,  43,  991, XX,  34, NEQ,   40,   50,  122,   53, 1003,   83,  28,   0,   0, 
EP, 12, 2026082618, 03, AVNO, 132, 124N, 1368W,  47,  994, XX,  34, NEQ,    0,   96,  111,   63, 1006,   94,  33,   0,   0, 
EP, 12, 2026082618, 03, AVNO, 138, 127N, 1368W,  48,  989, XX,  34, NEQ,   77,   97,   96,   78, 1005,  115,  43,   0,   0, 
EP, 12, 2026082618, 03, AVNO, 144, 130N, 1366W,  59,  989, XX,  34, NEQ,   81,  100,  102,   80, 1009,  189,  36,   0,   0, 
EP, 12, 2026082618, 03, AVNO, 144, 130N, 1366W,  59,  989, XX,  50, NEQ,    0,   47,   31,    0, 1009,  189,  36,   0,   0, 
EP, 12, 2026082618, 03, AVNO, 150, 134N, 1364W,  56,  984, XX,  34, NEQ,   65,  102,  100,   67, 1004,  102,  23,   0,   0, 
EP, 12, 2026082618, 03, AVNO, 150, 134N, 1364W,  56,  984, XX,  50, NEQ,    0,   58,   28,    0, 1004,  102,  23,   0,   0, 
EP, 12, 2026082618, 03, AVNO, 156, 138N, 1357W,  68,  983, XX,  34, NEQ,   59,  100,  111,   50, 1007,  112,  25,   0,   0, 
EP, 12, 2026082618, 03, AVNO, 156, 138N, 1357W,  68,  983, XX,  50, NEQ,    0,   38,   30,    0, 1007,  112,  25,   0,   0, 
EP, 12, 2026082618, 03, AVNO, 156, 138N, 1357W,  68,  983, XX,  64, NEQ,    0,   26,    0,    0, 1007,  112,  25,   0,   0, 
EP, 12, 2026082618, 03, AVNO, 162, 145N, 1351W,  64,  981, XX,  34, NEQ,   59,   78,   63,   64, 1005,  133,  30,   0,   0, 
EP, 12, 2026082618, 03, AVNO, 162, 145N, 1351W,  64,  981, XX,  50, NEQ,   28,   39,   35,   27, 1005,  133,  30,   0,   0, 
EP, 12, 2026082618, 03, AVNO, 162, 145N, 1351W,  64,  981, XX,  64, NEQ,    0,   31,    0,    0, 1005,  133,  30,   0,   0, 
EP, 12, 2026082618, 03, AVNO, 168, 150N, 1347W,  62,  983, XX,  34, NEQ,   63,   61,   62,   68, 1007,  106,  29,   0,   0, 
EP, 12, 2026082618, 03, AVNO, 168, 150N, 1347W,  62,  983, XX,  50, NEQ,    0,   34,   41,   35, 1007,  106,  29,   0,   0, 
EP, 12, 2026082618, 03, AVNO, 174, 156N, 1341W,  67,  982, XX,  34, NEQ,   57,   59,   64,   63, 1006,  144,  24,   0,   0, 
EP, 12, 2026082618, 03, AVNO, 174, 156N, 1341W,  67,  982, XX,  50, NEQ,    0,   37,   39,   34, 1006,  144,  24,   0,   0, 
EP, 12, 2026082618, 03, AVNO, 174, 156N, 1341W,  67,  982, XX,  64, NEQ,    0,    0,   29,    0, 1006,  144,  24,   0,   0, 
EP, 12, 2026082618, 03, AVNO, 180, 162N, 1337W,  59,  986, XX,  34, NEQ,   56,   71,   70,   64, 1006,   79,  28,   0,   0, 
EP, 12, 2026082618, 03, AVNO, 180, 162N, 1337W,  59,  986, XX,  50, NEQ,    0,   42,   32,    0, 1006,   79,  28,   0,   0, 
EP, 12, 2026082618, 03, AVNO, 186, 167N, 1334W,  52,  985, XX,  34, NEQ,   58,   70,   70,   65, 1005,  113,  26,   0,   0, 
EP, 12, 2026082618, 03, AVNO, 186, 167N, 1334W,  52,  985, XX,  50, NEQ,    0,   35,   31,    0, 1005,  113,  26,   0,   0, 
EP, 12, 2026082618, 03, AVNO, 192, 170N, 1332W,  52,  987, XX,  34, NEQ,   58,   64,   65,   62, 1007,  118,  32,   0,   0, 
EP, 12, 2026082618, 03, AVNO, 192, 170N, 1332W,  52,  987, XX,  50, NEQ,    0,   36,   33,    0, 1007,  118,  32,   0,   0, 
EP, 12, 2026082618, 03, AVNO, 198, 174N, 1331W,  56,  983, XX,  34, NEQ,   56,   70,   68,   62, 1007,  210,  22,   0,   0, 
EP, 12, 2026082618, 03, AVNO, 198, 174N, 1331W,  56,  983, XX,  50, NEQ,   26,   33,   32,   27, 1007,  210,  22,   0,   0, 
EP, 12, 2026082618, 03, AVNO, 204, 176N, 1332W,  61,  983, XX,  34, NEQ,   60,   57,   59,   62, 1007,  110,  22,   0,   0, 
EP, 12, 2026082618, 03, AVNO, 204, 176N, 1332W,  61,  983, XX,  50, NEQ,   30,   36,   34,   36, 1007,  110,  22,   0,   0, 
EP, 12, 2026082618, 03, AVNO, 210, 177N, 1335W,  58,  980, XX,  34, NEQ,   58,   60,   60,   62, 1004,   88,  26,   0,   0, 
EP, 12, 2026082618, 03, AVNO, 210, 177N, 1335W,  58,  980, XX,  50, NEQ,   38,   32,   32,   34, 1004,   88,  26,   0,   0, 
EP, 12, 2026082618, 03, AVNO, 216, 177N, 1339W,  63,  981, XX,  34, NEQ,   58,   62,   60,   63, 1009,  199,  25,   0,   0, 
EP, 12, 2026082618, 03, AVNO, 216, 177N, 1339W,  63,  981, XX,  50, NEQ,   39,   32,   36,   34, 1009,  199,  25,   0,   0, 
EP, 12, 2026082618, 03, AVNO, 222, 178N, 1344W,  66,  978, XX,  34, NEQ,   60,   61,   63,   77, 1006,  129,  22,   0,   0, 
EP, 12, 2026082618, 03, AVNO, 222, 178N, 1344W,  66,  978, XX,  50, NEQ,   31,   39,   35,   37, 1006,  129,  22,   0,   0, 
EP, 12, 2026082618, 03, AVNO, 222, 178N, 1344W,  66,  978, XX,  64, NEQ,    0,   22,    0,    0, 1006,  129,  22,   0,   0, 
EP, 12, 2026082618, 03, AVNO, 228, 178N, 1350W,  63,  979, XX,  34, NEQ,   71,   59,   56,   78, 1007,  114,  19,   0,   0, 
EP, 12, 2026082618, 03, AVNO, 228, 178N, 1350W,  63,  979, XX,  50, NEQ,   30,   37,   32,   38, 1007,  114,  19,   0,   0, 
EP, 12, 2026082618, 03, AVNO, 234, 179N, 1357W,  61,  977, XX,  34, NEQ,   67,   62,   60,   72, 1005,  111,  26,   0,   0, 
EP, 12, 2026082618, 03, AVNO, 234, 179N, 1357W,  61,  977, XX,  50, NEQ,   39,   36,   34,   39, 1005,  111,  26,   0,   0, 
EP, 12, 2026082618, 03, AVNO, 240, 180N, 1364W,  67,  978, XX,  34, NEQ,   65,   63,   63,   79, 1010,  203,  27,   0,   0, 
EP, 12, 2026082618, 03, AVNO, 240, 180N, 1364W,  67,  978, XX,  50, NEQ,   39,   35,   38,   36, 1010,  203,  27,   0,   0, 
EP, 12, 2026082618, 03, AVNO, 240, 180N, 1364W,  67,  978, XX,  64, NEQ,   28,    0,    0,    0, 1010,  203,  27,   0,   0, 
EP, 12, 2026082618, 03, HCCA,   0, 105N, 1350W,  20,    0,   ,   0,    ,    0,    0,    0,    0, 
EP, 12, 2026082618, 03, HFSA,   0, 107N, 1348W,  19, 1008, XX,  34, NEQ,    0,    0,    0,    0,  -99,  -99, 135,   0,   0,    ,   0,    ,  66,   4,           ,  ,  0,    ,    0,    0,    0,    0, THERMO PARAMS, -3, -8, -149, N, 10, DT, -999, SHR82, -99, 
EP, 12, 2026082618, 03, HFSA,   6, 104N, 1345W,  30, 1001, XX,  34, NEQ,    0,    0,    0,    0, 1005,    6, 109,   0,   0,    ,   0,    ,  98,   6,           ,  ,  0,    ,    0,    0,    0,    0, THERMO PARAMS, 23, -253, 33, N, 10, DT, -999, SHR82, -99, 
EP, 12, 2026082618, 03, HFSA,  12, 102N, 1346W,  31, 1003, XX,  34, NEQ,    0,    0,    0,    0, 1007,    3, 107,   0,   0,    ,   0,    , 151,   1,           ,  ,  0,    ,    0,    0,    0,    0, THERMO PARAMS, -9999, -9999, -9999, N, 10, DT, -999, SHR82, -99, 
EP, 12, 2026082618, 03, HFSA,  18, 105N, 1344W,  39,  999, XX,  34, NEQ,    0,    0,    0,    0, 1003,    3, 138,   0,   0,    ,   0,    ,  51,   6,           ,  ,  0,    ,    0,    0,    0,    0, THERMO PARAMS, 47, 58, 226, N, 10, DT, -999, SHR82, -99, 
EP, 12, 2026082618, 03, HFSA,  24, 108N, 1335W,  44, 1003, XX,  34, NEQ,    0,    0,    0,    0, 1007,   55,  38,   0,   0,    ,   0,    ,  66,   6,           ,  ,  0,    ,    0,    0,    0,    0, THERMO PARAMS, -55, 432, 89, N, 10, DT, -999, SHR82, -99, 
EP, 12, 2026082618, 03, HFSA,  30, 111N, 1330W,  40, 1001, XX,  34, NEQ,    0,   28,   52,    0,  -99,  -99,  35,   0,   0,    ,   0,    ,  51,   7,           ,  ,  0,    ,    0,    0,    0,    0, THERMO PARAMS, 12, -2, 267, N, 10, DT, -999, SHR82, -99, 
EP, 12, 2026082618, 03, HFSA,  36, 118N, 1324W,  39, 1003, XX,  34, NEQ,    0,   31,   60,    0, 1007,   52,  59,   0,   0,    ,   0,    ,  40,   8,           ,  ,  0,    ,    0,    0,    0,    0, THERMO PARAMS, 59, 182, 147, N, 10, DT, -999, SHR82, -99, 
EP, 12, 2026082618, 03, HFSA,  42, 125N, 1321W,  41, 1000, XX,  34, NEQ,    0,   62,   86,    0, 1004,   42,  58,   0,   0,    ,   0,    ,  38,   7,           ,  ,  0,    ,    0,    0,    0,    0, THERMO PARAMS, 67, -118, 304, N, 10, DT, -999, SHR82, -99, 
EP, 12, 2026082618, 03, HFSA,  48, 126N, 1321W,  40, 1001, XX,  34, NEQ,    0,   45,   57,    0, 1005,   34,  33,   0,   0,    ,   0,    ,  27,   2,           ,  ,  0,    ,    0,    0,    0,    0, THERMO PARAMS, 130, 269, 184, N, 10, DT, -999, SHR82, -99, 
EP, 12, 2026082618, 03, HFSA,  54, 128N, 1320W,  37, 1000, XX,  34, NEQ,    0,    0,   47,    0,  -99,  -99,  45,   0,   0,    ,   0,    ,  47,   3,           ,  ,  0,    ,    0,    0,    0,    0, THERMO PARAMS, 0, -266, 292, N, 10, DT, -999, SHR82, -99, 
EP, 12, 2026082618, 03, HFSA,  60, 128N, 1323W,  47,  997, XX,  34, NEQ,    0,   24,   39,    0, 1001,    8,  20,   0,   0,    ,   0,    , 291,   3,           ,  ,  0,    ,    0,    0,    0,    0, THERMO PARAMS, 103, 447, 281, N, 10, DT, -999, SHR82, -99, 
EP, 12, 2026082618, 03, HFSA,  66, 131N, 1326W,  49,  996, XX,  34, NEQ,   34,   52,   63,    0, 1000,    7,  25,   0,   0,    ,   0,    , 327,   4,           ,  ,  0,    ,    0,    0,    0,    0, THERMO PARAMS, 117, -16, 380, N, 10, DT, -999, SHR82, -99, 
EP, 12, 2026082618, 03, HFSA,  72, 135N, 1329W,  41, 1001, XX,  34, NEQ,    0,   52,   53,    0, 1005,   22,  34,   0,   0,    ,   0,    , 318,   5,           ,  ,  0,    ,    0,    0,    0,    0, THERMO PARAMS, 77, -393, 289, N, 10, DT, -999, SHR82, -99, 
EP, 12, 2026082618, 03, HFSA,  78, 137N, 1334W,  40,  999, XX,  34, NEQ,   31,   39,    0,    0,  -99,  -99,  29,   0,   0,    ,   0,    , 312,   5,           ,  ,  0,    ,    0,    0,    0,    0, THERMO PARAMS, 71, -268, 443, N, 10, DT, -999, SHR82, -99, 
EP, 12, 2026082618, 03, HFSA,  84, 137N, 1341W,  47,  997, XX,  34, NEQ,    0,   29,   23,    0, 1005,   28,  18,   0,   0,    ,   0,    , 266,   6,           ,  ,  0,    ,    0,    0,    0,    0, THERMO PARAMS, 40, 423, 325, N, 10, DT, -999, SHR82, -99, 
EP, 12, 2026082618, 03, HFSA,  90, 136N, 1348W,  37,  997, XX,  34, NEQ,    0,    0,   31,    6, 1001,   14,  31,   0,   0,    ,   0,    , 258,   6,           ,  ,  0,    ,    0,    0,    0,    0, THERMO PARAMS, 42, 63, 357, N, 10, DT, -999, SHR82, -99, 
EP, 12, 2026082618, 03, HFSA,  96, 131N, 1355W,  47,  994, XX,  34, NEQ,   19,   29,   19,    0, 1010,   90,  15,   0,   0,    ,   0,    , 236,   4,           ,  ,  0,    ,    0,    0,    0,    0, THERMO PARAMS, 50, 818, 530, N, 10, DT, -999, SHR82, -99, 
EP, 12, 2026082618, 03, HFSA, 102, 131N, 1359W,  36,  996, XX,  34, NEQ,    0,    0,    0,   31, 1000,   13,  29,   0,   0,    ,   0,    , 243,   3,           ,  ,  0,    ,    0,    0,    0,    0, THERMO PARAMS, 17, 227, 434, N, 10, DT, -999, SHR82, -99, 
EP, 12, 2026082618, 03, HFSA, 108, 129N, 1362W,  39,  998, XX,  34, NEQ,   32,   19,    0,   16, 1002,   13,  24,   0,   0,    ,   0,    , 240,   3,           ,  ,  0,    ,    0,    0,    0,    0, THERMO PARAMS, -19, 721, 380, N, 10, DT, -999, SHR82, -99, 
EP, 12, 2026082618, 03, HFSA, 114, 129N, 1367W,  45,  993, XX,  34, NEQ,   49,   18,   28,   47, 1001,   23,  18,   0,   0,    ,   0,    , 257,   3,           ,  ,  0,    ,    0,    0,    0,    0, THERMO PARAMS, -35, 970, 645, N, 10, DT, -999, SHR82, -99, 
EP, 12, 2026082618, 03, HFSA, 120, 127N, 1371W,  51,  990, XX,  34, NEQ,   36,   39,   36,   50, 1006,   46,  14,   0,   0,    ,   0,    , 246,   2,           ,  ,  0,    ,    0,    0,    0,    0, THERMO PARAMS, -27, 981, 1027, N, 10, DT, -999, SHR82, -99, 
EP, 12, 2026082618, 03, HFSA, 120, 127N, 1371W,  51,  990, XX,  50, NEQ,    0,    0,   15,    0, 1006,   46,  14,   0,   0,    ,   0,    , 246,   2,           ,  ,  0,    ,    0,    0,    0,    0, THERMO PARAMS, -27, 981, 1027, N, 10, DT, -999, SHR82, -99, 
EP, 12, 2026082618, 03, HFSA, 126, 129N, 1373W,  60,  980, XX,  34, NEQ,   47,   37,   42,   44, 1000,   32,  16,   0,   0,    ,   0,    , -99, -99,           ,  ,  0,    ,    0,    0,    0,    0, THERMO PARAMS, -19, 869, 1278, N, 10, DT, -999, SHR82, -99, 
EP, 12, 2026082618, 03, HFSA, 126, 129N, 1373W,  60,  980, XX,  50, NEQ,   24,   16,   15,   23, 1000,   32,  16,   0,   0,    ,   0,    , -99, -99,           ,  ,  0,    ,    0,    0,    0,    0, THERMO PARAMS, -19, 869, 1278, N, 10, DT, -999, SHR82, -99, 
EP, 12, 2026082700, 03,  UKX,   0, 111N, 1352W,  15, 1007, XX,  34, NEQ,    0,    0,    0,    0, 
EP, 12, 2026082700, 03,  UKX,   6, 110N, 1351W,  20, 1009, XX,  34, NEQ,    0,    0,    0,    0, 
EP, 12, 2026082700, 03,  UKX,  12, 109N, 1349W,  23, 1007, XX,  34, NEQ,    0,    0,    0,    0, 
EP, 12, 2026082700, 03,  UKX,  18, 108N, 1346W,  24, 1008, XX,  34, NEQ,    0,    0,    0,    0, 
EP, 12, 2026082700, 03,  UKX,  24, 109N, 1342W,  24, 1006, XX,  34, NEQ,    0,    0,    0,    0, 
EP, 12, 2026082700, 03,  UKX,  30, 109N, 1338W,  25, 1007, XX,  34, NEQ,    0,    0,    0,    0, 
EP, 12, 2026082700, 03,  UKX,  36, 109N, 1336W,  22, 1005, XX,  34, NEQ,    0,    0,    0,    0, 
EP, 12, 2026082700, 03,  UKX,  42, 109N, 1337W,  23, 1006, XX,  34, NEQ,    0,    0,    0,    0, 
EP, 12, 2026082700, 03,  UKX,  48, 109N, 1340W,  23, 1004, XX,  34, NEQ,    0,    0,    0,    0, 
EP, 12, 2026082700, 03,  UKX,  54, 109N, 1344W,  26, 1006, XX,  34, NEQ,    0,    0,    0,    0, 
EP, 12, 2026082700, 03,  UKX,  60, 111N, 1349W,  25, 1004, XX,  34, NEQ,    0,    0,    0,    0, 
EP, 12, 2026082700, 03,  UKX,  66, 111N, 1357W,  25, 1006, XX,  34, NEQ,    0,    0,    0,    0, 
EP, 12, 2026082700, 03,  UKX,  72, 112N, 1364W,  25, 1004, XX,  34, NEQ,    0,    0,    0,    0, 
EP, 12, 2026082700, 03,  UKX,  78, 112N, 1372W,  27, 1006, XX,  34, NEQ,    0,    0,    0,    0, 
EP, 12, 2026082700, 03,  UKX,  84, 113N, 1384W,  29, 1004, XX,  34, NEQ,    0,    0,    0,    0, 
EP, 12, 2026082700, 03,  UKX,  90, 113N, 1396W,  31, 1006, XX,  34, NEQ,    0,    0,    0,    0, 
EP, 12, 2026082700, 03,  UKX,  96, 111N, 1409W,  30, 1004, XX,  34, NEQ,    0,    0,    0,    0, 
EP, 12, 2026082700, 03,  UKX, 102, 108N, 1419W,  29, 1006, XX,  34, NEQ,    0,    0,    0,    0, 
EP, 12, 2026082700, 03,  UKX, 108, 106N, 1426W,  27, 1003, XX,  34, NEQ,    0,    0,    0,    0, 
EP, 12, 2026082700, 03,  UKX, 114, 106N, 1431W,  30, 1005, XX,  34, NEQ,    0,    0,    0,    0, 
EP, 12, 2026082700, 03,  UKX, 120, 108N, 1438W,  31, 1002, XX,  34, NEQ,    0,    0,    0,    0, 
EP, 12, 2026082700, 03,  UKX, 126, 108N, 1444W,  30, 1004, XX,  34, NEQ,    0,    0,    0,    0, 
EP, 12, 2026082700, 03,  UKX, 132, 108N, 1449W,  29, 1001, XX,  34, NEQ,    0,    0,    0,    0, 
EP, 12, 2026082700, 03,  UKX, 138, 112N, 1453W,  30, 1002, XX,  34, NEQ,    0,    0,    0,    0, 
EP, 12, 2026082700, 03,  UKX, 144, 116N, 1459W,  33, 1000, XX,  34, NEQ,    0,    0,    0,    0, 
EP, 12, 2026082700, 03, AVNO,   0, 112N, 1338W,  18, 1007, XX,  34, NEQ,    0,    0,    0,    0,  -99,  -99, 153,   0,   0, 
EP, 12, 2026082700, 03, AVNO,   6, 113N, 1341W,  16, 1009, XX,  34, NEQ,    0,    0,    0,    0,  -99,  -99, 124,   0,   0, 
EP, 12, 2026082700, 03, AVNO,  12, 111N, 1340W,  23, 1006, XX,  34, NEQ,    0,    0,    0,    0,  -99,  -99,  99,   0,   0, 
EP, 12, 2026082700, 03, AVNO,  18, 108N, 1340W,  24, 1008, XX,  34, NEQ,    0,    0,    0,    0,  -99,  -99, 141,   0,   0, 
EP, 12, 2026082700, 03, AVNO,  24, 107N, 1338W,  29, 1003, XX,  34, NEQ,    0,    0,    0,    0,  -99,  -99, 145,   0,   0, 
EP, 12, 2026082700, 03, AVNO,  30, 108N, 1331W,  31, 1005, XX,  34, NEQ,    0,    0,    0,    0, 1009,  110, 109,   0,   0, 
EP, 12, 2026082700, 03, AVNO,  36, 107N, 1324W,  35, 1002, XX,  34, NEQ,    0,   44,   44,    0, 1006,   81,  43,   0,   0, 
EP, 12, 2026082700, 03, AVNO,  42, 112N, 1316W,  33, 1004, XX,  34, NEQ,    0,    0,    0,    0, 1008,   59,  47,   0,   0, 
EP, 12, 2026082700, 03, AVNO,  48, 118N, 1316W,  31, 1001, XX,  34, NEQ,    0,    0,    0,    0, 1005,   65,  31,   0,   0, 
EP, 12, 2026082700, 03, AVNO,  54, 118N, 1319W,  32, 1004, XX,  34, NEQ,    0,    0,    0,    0, 1008,   64,  48,   0,   0, 
EP, 12, 2026082700, 03, AVNO,  60, 124N, 1322W,  35, 1001, XX,  34, NEQ,    0,   30,    0,    0, 1005,   35,  30,   0,   0, 
EP, 12, 2026082700, 03, AVNO,  66, 126N, 1334W,  33, 1004, XX,  34, NEQ,    0,    0,    0,    0, 1008,   65,  62,   0,   0, 
EP, 12, 2026082700, 03, AVNO,  72, 124N, 1342W,  35, 1002, XX,  34, NEQ,    0,   19,  238,    0, 1006,   68,  25,   0,   0, 
EP, 12, 2026082700, 03, AVNO,  78, 127N, 1346W,  35, 1002, XX,  34, NEQ,   35,  209,  194,    0, 1006,   33,  34,   0,   0, 
EP, 12, 2026082700, 03, AVNO,  84, 128N, 1358W,  35, 1000, XX,  34, NEQ,    0,  214,    0,    0, 1004,   36,  37,   0,   0, 
EP, 12, 2026082700, 03, AVNO,  90, 126N, 1368W,  43,  998, XX,  34, NEQ,   40,   54,   67,    0, 1010,  161,  32,   0,   0, 
EP, 12, 2026082700, 03, AVNO,  96, 126N, 1371W,  42,  996, XX,  34, NEQ,   41,   52,   96,   47, 1008,  212,  32,   0,   0, 
EP, 12, 2026082700, 03, AVNO, 102, 125N, 1377W,  38,  999, XX,  34, NEQ,   48,   36,   95,   46, 1007,   54,  31,   0,   0, 
EP, 12, 2026082700, 03, AVNO, 108, 121N, 1385W,  42,  993, XX,  34, NEQ,   28,   39,   90,   50, 1005,   73,  22,   0,   0, 
EP, 12, 2026082700, 03, AVNO, 114, 118N, 1387W,  51,  991, XX,  34, NEQ,    0,   48,   63,   42, 1007,   78,  31,   0,   0, 
EP, 12, 2026082700, 03, AVNO, 114, 118N, 1387W,  51,  991, XX,  50, NEQ,    0,    0,   31,    0, 1007,   78,  31,   0,   0, 
EP, 12, 2026082700, 03, AVNO, 120, 120N, 1382W,  45,  990, XX,  34, NEQ,   44,   48,  127,   32, 1006,  148,  19,   0,   0, 
EP, 12, 2026082700, 03, AVNO, 126, 122N, 1382W,  44,  993, XX,  34, NEQ,   24,   81,   89,   43, 1009,  158,  21,   0,   0, 
EP, 12, 2026082700, 03, AVNO, 132, 124N, 1382W,  46,  991, XX,  34, NEQ,   41,   81,   74,   36, 1007,  181,  36,   0,   0, 
EP, 12, 2026082700, 03, AVNO, 138, 126N, 1381W,  51,  990, XX,  34, NEQ,   40,   74,   82,   52, 1010,  340,  21,   0,   0, 
EP, 12, 2026082700, 03, AVNO, 138, 126N, 1381W,  51,  990, XX,  50, NEQ,    0,   21,    0,    0, 1010,  340,  21,   0,   0, 
EP, 12, 2026082700, 03, AVNO, 144, 130N, 1380W,  44,  989, XX,  34, NEQ,   59,   85,   89,   46, 1005,  110,  32,   0,   0, 
EP, 12, 2026082700, 03, AVNO, 150, 132N, 1377W,  49,  991, XX,  34, NEQ,   43,   80,   70,   47, 1007,  104,  29,   0,   0, 
EP, 12, 2026082700, 03, AVNO, 156, 135N, 1374W,  50,  987, XX,  34, NEQ,   56,   85,   57,   58, 1007,  168,  18,   0,   0, 
EP, 12, 2026082700, 03, AVNO, 156, 135N, 1374W,  50,  987, XX,  50, NEQ,    0,   18,    0,    0, 1007,  168,  18,   0,   0, 
EP, 12, 2026082700, 03, AVNO, 162, 138N, 1371W,  57,  985, XX,  34, NEQ,   52,   75,   54,   66, 1009,  142,  23,   0,   0, 
EP, 12, 2026082700, 03, AVNO, 162, 138N, 1371W,  57,  985, XX,  50, NEQ,   24,   29,   22,   25, 1009,  142,  23,   0,   0, 
EP, 12, 2026082700, 03, AVNO, 168, 142N, 1368W,  65,  974, XX,  34, NEQ,   53,   71,   69,   70, 1006,  125,  20,   0,   0, 
EP, 12, 2026082700, 03, AVNO, 168, 142N, 1368W,  65,  974, XX,  50, NEQ,   29,   33,   30,   28, 1006,  125,  20,   0,   0, 
EP, 12, 2026082700, 03, AVNO, 168, 142N, 1368W,  65,  974, XX,  64, NEQ,    0,   23,    0,    0, 1006,  125,  20,   0,   0, 
EP, 12, 2026082700, 03, AVNO, 174, 145N, 1364W,  68,  977, XX,  34, NEQ,   63,   67,   62,   67, 1009,  133,  24,   0,   0, 
EP, 12, 2026082700, 03, AVNO, 174, 145N, 1364W,  68,  977, XX,  50, NEQ,   36,   37,   35,   34, 1009,  133,  24,   0,   0, 
EP, 12, 2026082700, 03, AVNO, 174, 145N, 1364W,  68,  977, XX,  64, NEQ,    0,   26,   27,   23, 1009,  133,  24,   0,   0, 
EP, 12, 2026082700, 03, AVNO, 180, 148N, 1359W,  69,  974, XX,  34, NEQ,   60,   71,   66,   71, 1006,  132,  19,   0,   0, 
EP, 12, 2026082700, 03, AVNO, 180, 148N, 1359W,  69,  974, XX,  50, NEQ,   32,   36,   35,   38, 1006,  132,  19,   0,   0, 
EP, 12, 2026082700, 03, AVNO, 180, 148N, 1359W,  69,  974, XX,  64, NEQ,    0,   22,   18,   24, 1006,  132,  19,   0,   0, 
EP, 12, 2026082700, 03, AVNO, 186, 149N, 1354W,  61,  983, XX,  34, NEQ,   54,   70,   72,   68, 1007,   86,  26,   0,   0, 
EP, 12, 2026082700, 03, AVNO, 186, 149N, 1354W,  61,  983, XX,  50, NEQ,   32,   41,   41,   35, 1007,   86,  26,   0,   0, 
EP, 12, 2026082700, 03, AVNO, 192, 150N, 1348W,  62,  983, XX,  34, NEQ,   52,   75,   74,   66, 1003,   68,  30,   0,   0, 
EP, 12, 2026082700, 03, AVNO, 192, 150N, 1348W,  62,  983, XX,  50, NEQ,    0,   35,   39,   31, 1003,   68,  30,   0,   0, 
EP, 12, 2026082700, 03, AVNO, 198, 149N, 1340W,  57,  987, XX,  34, NEQ,   52,   70,   76,   59, 1007,  110,  27,   0,   0, 
EP, 12, 2026082700, 03, AVNO, 198, 149N, 1340W,  57,  987, XX,  50, NEQ,    0,   41,   42,   31, 1007,  110,  27,   0,   0, 
EP, 12, 2026082700, 03, AVNO, 204, 149N, 1332W,  59,  984, XX,  34, NEQ,   52,   71,   75,   61, 1004,  103,  27,   0,   0, 
EP, 12, 2026082700, 03, AVNO, 204, 149N, 1332W,  59,  984, XX,  50, NEQ,    0,   33,   41,    0, 1004,  103,  27,   0,   0, 
EP, 12, 2026082700, 03, AVNO, 210, 150N, 1324W,  56,  987, XX,  34, NEQ,   54,   66,   64,   54, 1007,  118,  27,   0,   0, 
EP, 12, 2026082700, 03, AVNO, 210, 150N, 1324W,  56,  987, XX,  50, NEQ,    0,   33,   33,    0, 1007,  118,  27,   0,   0, 
EP, 12, 2026082700, 03, AVNO, 216, 152N, 1318W,  56,  985, XX,  34, NEQ,   50,   67,   68,   67, 1005,  133,  27,   0,   0, 
EP, 12, 2026082700, 03, AVNO, 216, 152N, 1318W,  56,  985, XX,  50, NEQ,    0,   35,   35,    0, 1005,  133,  27,   0,   0, 
EP, 12, 2026082700, 03, AVNO, 222, 154N, 1314W,  60,  986, XX,  34, NEQ,   65,   68,   70,   57, 1006,  113,  23,   0,   0, 
EP, 12, 2026082700, 03, AVNO, 222, 154N, 1314W,  60,  986, XX,  50, NEQ,   33,   39,   44,    0, 1006,  113,  23,   0,   0, 
EP, 12, 2026082700, 03, AVNO, 228, 157N, 1309W,  56,  983, XX,  34, NEQ,   68,   75,   79,   51, 1003,   95,  27,   0,   0, 
EP, 12, 2026082700, 03, AVNO, 228, 157N, 1309W,  56,  983, XX,  50, NEQ,   25,   37,   28,   23, 1003,   95,  27,   0,   0, 
EP, 12, 2026082700, 03, AVNO, 234, 161N, 1304W,  67,  983, XX,  34, NEQ,   54,   79,   73,   48, 1007,  135,  21,   0,   0, 
EP, 12, 2026082700, 03, AVNO, 234, 161N, 1304W,  67,  983, XX,  50, NEQ,   28,   35,   34,    0, 1007,  135,  21,   0,   0, 
EP, 12, 2026082700, 03, AVNO, 234, 161N, 1304W,  67,  983, XX,  64, NEQ,    0,   22,    0,    0, 1007,  135,  21,   0,   0, 
EP, 12, 2026082700, 03, AVNO, 240, 165N, 1299W,  60,  981, XX,  34, NEQ,   53,   74,   75,   53, 1005,  144,  29,   0,   0, 
EP, 12, 2026082700, 03, AVNO, 240, 165N, 1299W,  60,  981, XX,  50, NEQ,   26,   37,   31,    0, 1005,  144,  29,   0,   0, 
EP, 12, 2026082700, 03, HCCA,   0, 109N, 1350W,  20,    0,   ,   0,    ,    0,    0,    0,    0, 
EP, 12, 2026082700, 03, HCCA,  12, 109N, 1349W,  28,    0,   ,   0,    ,    0,    0,    0,    0, 
EP, 12, 2026082700, 03, HCCA,  24, 111N, 1344W,  35,    0,   ,   0,    ,    0,    0,    0,    0, 
EP, 12, 2026082700, 03, HCCA,  36, 117N, 1337W,  41,    0,   ,   0,    ,    0,    0,    0,    0, 
EP, 12, 2026082700, 03, HCCA,  48, 123N, 1335W,  41,    0,   ,   0,    ,    0,    0,    0,    0, 
EP, 12, 2026082700, 03, HCCA,  60, 129N, 1339W,  42,    0,   ,   0,    ,    0,    0,    0,    0, 
EP, 12, 2026082700, 03, HCCA,  72, 134N, 1347W,  42,    0,   ,   0,    ,    0,    0,    0,    0, 
EP, 12, 2026082700, 03, HCCA,  84, 136N, 1357W,  40,    0,   ,   0,    ,    0,    0,    0,    0, 
EP, 12, 2026082700, 03, HCCA,  96, 134N, 1367W,  43,    0,   ,   0,    ,    0,    0,    0,    0, 
EP, 12, 2026082700, 03, HCCA, 108, 134N, 1374W,  55,    0,   ,   0,    ,    0,    0,    0,    0, 
EP, 12, 2026082700, 03, HCCA, 120, 135N, 1379W,  79,    0,   ,   0,    ,    0,    0,    0,    0, 
EP, 12, 2026082700, 03, HCCA, 132, 139N, 1388W,  79,    0,   ,   0,    ,    0,    0,    0,    0, 
EP, 12, 2026082700, 03, HCCA, 144, 145N, 1395W,  80,    0,   ,   0,    ,    0,    0,    0,    0, 
EP, 12, 2026082700, 03, HCCA, 156, 153N, 1397W,  77,    0,   ,   0,    ,    0,    0,    0,    0, 
EP, 12, 2026082700, 03, HCCA, 168, 161N, 1399W,  74,    0,   ,   0,    ,    0,    0,    0,    0, 
EP, 12, 2026082700, 03, HFSA,   0, 109N, 1344W,  20, 1006, XX,  34, NEQ,    0,    0,    0,    0,  -99,  -99,  84,   0,   0,    ,   0,    ,  67,   4,           ,  ,  0,    ,    0,    0,    0,    0, THERMO PARAMS, -4, -144, -73, N, 10, DT, -999, SHR82, -99, 
EP, 12, 2026082700, 03, HFSA,   6, 107N, 1354W,  31, 1008, XX,  34, NEQ,    0,    0,    0,    0,  -99,  -99, 141,   0,   0,    ,   0,    , 145,   4,           ,  ,  0,    ,    0,    0,    0,    0, THERMO PARAMS, -62, -48, 23, N, 10, DT, -999, SHR82, -99, 
EP, 12, 2026082700, 03, HFSA,  12, 103N, 1350W,  37, 1001, XX,  34, NEQ,    0,    0,   11,    0, 1005,   10,  11,   0,   0,    ,   0,    , 107,   5,           ,  ,  0,    ,    0,    0,    0,    0, THERMO PARAMS, -44, -312, 305, N, 10, DT, -999, SHR82, -99, 
EP, 12, 2026082700, 03, HFSA,  18, 104N, 1342W,  35, 1006, XX,  34, NEQ,    0,    0,    0,    0, 1010,   56, 104,   0,   0,    ,   0,    ,  86,   8,           ,  ,  0,    ,    0,    0,    0,    0, THERMO PARAMS, -37, 157, 197, N, 10, DT, -999, SHR82, -99, 
EP, 12, 2026082700, 03, HFSA,  24, 103N, 1336W,  39, 1001, XX,  34, NEQ,    0,    0,    0,    0, 1005,   20,  89,   0,   0,    ,   0,    ,  96,   5,           ,  ,  0,    ,    0,    0,    0,    0, THERMO PARAMS, -59, -80, 76, N, 10, DT, -999, SHR82, -99, 
EP, 12, 2026082700, 03, HFSA,  30, 105N, 1325W,  42, 1005, XX,  34, NEQ,    0,    0,  115,    0,  -99,  -99, 109,   0,   0,    ,   0,    ,  79,   6,           ,  ,  0,    ,    0,    0,    0,    0, THERMO PARAMS, -19, 309, 119, N, 10, DT, -999, SHR82, -99, 
EP, 12, 2026082700, 03, HFSA,  36, 107N, 1315W,  38, 1000, XX,  34, NEQ,    0,    0,    0,    0, 1004,   27, 144,   0,   0,    ,   0,    ,  75,  10,           ,  ,  0,    ,    0,    0,    0,    0, THERMO PARAMS, -45, 376, 125, N, 10, DT, -999, SHR82, -99, 
EP, 12, 2026082700, 03, HFSA,  42, 113N, 1308W,  35, 1005, XX,  34, NEQ,    0,    0,    0,    0, 1009,  109, 161,   0,   0,    ,   0,    ,  47,   6,           ,  ,  0,    ,    0,    0,    0,    0, THERMO PARAMS, -9, 80, 118, N, 10, DT, -999, SHR82, -99, 
EP, 12, 2026082700, 03, HFSA,  48, 117N, 1305W,  29, 1002, XX,  34, NEQ,    0,    0,    0,    0,  -99,  -99,  83,   0,   0,    ,   0,    ,  32,   3,           ,  ,  0,    ,    0,    0,    0,    0, THERMO PARAMS, 46, -188, 327, N, 10, DT, -999, SHR82, -99, 
EP, 12, 2026082700, 03, HFSA,  54, 119N, 1307W,  35, 1006, XX,  34, NEQ,    0,    0,    0,    0,  -99,  -99,  43,   0,   0,    ,   0,    , 296,   3,           ,  ,  0,    ,    0,    0,    0,    0, THERMO PARAMS, 80, -249, 336, N, 10, DT, -999, SHR82, -99, 
EP, 12, 2026082700, 03, HFSA,  60, 122N, 1315W,  32, 1001, XX,  34, NEQ,    0,    0,    0,    0, 1005,   36, 117,   0,   0,    ,   0,    , 318,   3,           ,  ,  0,    ,    0,    0,    0,    0, THERMO PARAMS, 103, -232, 255, N, 10, DT, -999, SHR82, -99, 
EP, 12, 2026082700, 03, HFSA,  66, 124N, 1315W,  37, 1006, XX,  34, NEQ,    0,    0,    0,    0,  -99,  -99,  49,   0,   0,    ,   0,    , 313,   3,           ,  ,  0,    ,    0,    0,    0,    0, THERMO PARAMS, 85, 50, -150, N, 10, DT, -999, SHR82, -99, 
EP, 12, 2026082700, 03, HFSA,  72, 125N, 1321W,  31,  999, XX,  34, NEQ,    0,    0,    0,    0, 1003,    6,  37,   0,   0,    ,   0,    , 284,   3,           ,  ,  0,    ,    0,    0,    0,    0, THERMO PARAMS, 79, -219, 419, N, 10, DT, -999, SHR82, -99, 
EP, 12, 2026082700, 03, HFSA,  78, 128N, 1322W,  29, 1008, XX,  34, NEQ,    0,    0,    0,    0,  -99,  -99, 110,   0,   0,    ,   0,    , 289,   5,           ,  ,  0,    ,    0,    0,    0,    0, THERMO PARAMS, -9999, -9999, -9999, N, 10, DT, -999, SHR82, -99, 
EP, 12, 2026082700, 03, HFSA,  84, 128N, 1343W,  31, 1002, XX,  34, NEQ,    0,    0,    0,    0,  -99,  -99,  43,   0,   0,    ,   0,    , 266,  10,           ,  ,  0,    ,    0,    0,    0,    0, THERMO PARAMS, -1, -160, 216, N, 10, DT, -999, SHR82, -99, 
EP, 12, 2026082700, 03, HFSA,  90, 128N, 1347W,  31, 1008, XX,  34, NEQ,    0,    0,    0,    0,  -99,  -99,  71,   0,   0,    ,   0,    , 264,   9,           ,  ,  0,    ,    0,    0,    0,    0, THERMO PARAMS, 36, -367, 149, N, 10, DT, -999, SHR82, -99, 
EP, 12, 2026082700, 03, HFSA,  96, 126N, 1362W,  49,  996, XX,  34, NEQ,    0,    0,    0,    0, 1000,    6,  27,   0,   0,    ,   0,    , 253,   6,           ,  ,  0,    ,    0,    0,    0,    0, THERMO PARAMS, 56, -35, 448, N, 10, DT, -999, SHR82, -99, 
EP, 12, 2026082700, 03, HFSA, 102, 121N, 1366W,  41, 1006, XX,  34, NEQ,    0,    0,    0,    0, 1010,   97, 129,   0,   0,    ,   0,    , 201,   5,           ,  ,  0,    ,    0,    0,    0,    0, THERMO PARAMS, -49, -182, 148, N, 10, DT, -999, SHR82, -99, 
EP, 12, 2026082700, 03, HFSA, 108, 117N, 1369W,  32, 1002, XX,  34, NEQ,    0,    0,    0,    0, 1006,   67, 124,   0,   0,    ,   0,    , 215,   5,           ,  ,  0,    ,    0,    0,    0,    0, THERMO PARAMS, -1, 192, 219, N, 10, DT, -999, SHR82, -99, 
EP, 12, 2026082700, 03, HFSA, 114, 117N, 1368W,  33, 1005, XX,  34, NEQ,    0,    0,    0,    0, 1009,   80, 123,   0,   0,    ,   0,    , 129,   1,           ,  ,  0,    ,    0,    0,    0,    0, THERMO PARAMS, -30, 145, 167, N, 10, DT, -999, SHR82, -99, 
EP, 12, 2026082700, 03, HFSA, 120, 116N, 1367W,  32, 1000, XX,  34, NEQ,    0,    0,    0,    0, 1004,   49,  99,   0,   0,    ,   0,    ,  69,   2,           ,  ,  0,    ,    0,    0,    0,    0, THERMO PARAMS, 27, 306, 282, N, 10, DT, -999, SHR82, -99, 
EP, 12, 2026082700, 03, HFSA, 126, 119N, 1364W,  30, 1004, XX,  34, NEQ,    0,    0,    0,    0, 1008,   77, 116,   0,   0,    ,   0,    , -99, -99,           ,  ,  0,    ,    0,    0,    0,    0, THERMO PARAMS, 45, -139, 282, N, 10, DT, -999, SHR82, -99, 
EP, 12, 2026082700, 03, TVCN,   0, 109N, 1350W,   0,    0,   ,   0,    ,    0,    0,    0,    0, 
EP, 12, 2026082700, 03, TVCN,  12, 109N, 1347W,   0,    0,   ,   0,    ,    0,    0,    0,    0, 
EP, 12, 2026082700, 03, TVCN,  24, 111N, 1339W,   0,    0,   ,   0,    ,    0,    0,    0,    0, 
EP, 12, 2026082700, 03, TVCN,  36, 118N, 1331W,   0,    0,   ,   0,    ,    0,    0,    0,    0, 
EP, 12, 2026082700, 03, TVCN,  48, 123N, 1328W,   0,    0,   ,   0,    ,    0,    0,    0,    0, 
EP, 12, 2026082700, 03, TVCN,  60, 127N, 1333W,   0,    0,   ,   0,    ,    0,    0,    0,    0, 
EP, 12, 2026082700, 03, TVCN,  72, 131N, 1341W,   0,    0,   ,   0,    ,    0,    0,    0,    0, 
EP, 12, 2026082700, 03, TVCN,  84, 132N, 1350W,   0,    0,   ,   0,    ,    0,    0,    0,    0, 
EP, 12, 2026082700, 03, TVCN,  96, 132N, 1359W,   0,    0,   ,   0,    ,    0,    0,    0,    0, 
EP, 12, 2026082700, 03, TVCN, 108, 132N, 1366W,   0,    0,   ,   0,    ,    0,    0,    0,    0, 
EP, 12, 2026082700, 03, TVCN, 120, 134N, 1371W,   0,    0,   ,   0,    ,    0,    0,    0,    0, 
EP, 12, 2026082700, 03, TVCN, 132, 137N, 1378W,   0,    0,   ,   0,    ,    0,    0,    0,    0, 
EP, 12, 2026082706, 03, AVNO,   0, 112N, 1343W,  17, 1009, XX,  34, NEQ,    0,    0,    0,    0,  -99,  -99, 155,   0,   0, 
EP, 12, 2026082706, 03, AVNO,   6, 114N, 1341W,  22, 1006, XX,  34, NEQ,    0,    0,    0,    0,  -99,  -99, 128,   0,   0, 
EP, 12, 2026082706, 03, AVNO,  12, 108N, 1341W,  28, 1008, XX,  34, NEQ,    0,    0,    0,    0,  -99,  -99, 111,   0,   0, 
EP, 12, 2026082706, 03, AVNO,  18, 111N, 1340W,  31, 1002, XX,  34, NEQ,    0,    0,    0,    0, 1006,   49, 155,   0,   0, 
EP, 12, 2026082706, 03, AVNO,  24, 113N, 1337W,  38, 1005, XX,  34, NEQ,    0,  153,  153,    0, 1009,   76, 153,   0,   0, 
EP, 12, 2026082706, 03, AVNO,  30, 113N, 1333W,  33, 1003, XX,  34, NEQ,    0,    0,    0,    0, 1007,   95, 129,   0,   0, 
EP, 12, 2026082706, 03, AVNO,  36, 113N, 1332W,  31, 1004, XX,  34, NEQ,    0,    0,    0,    0, 1008,   73,  25,   0,   0, 
EP, 12, 2026082706, 03, AVNO,  42, 115N, 1326W,  32, 1000, XX,  34, NEQ,    0,    0,    0,    0, 1004,   53,  24,   0,   0, 
EP, 12, 2026082706, 03, AVNO,  48, 121N, 1324W,  27, 1004, XX,  34, NEQ,    0,    0,    0,    0, 1008,   68,  64,   0,   0, 
EP, 12, 2026082706, 03, AVNO,  54, 124N, 1329W,  33, 1002, XX,  34, NEQ,    0,    0,    0,    0, 1006,   72,  42,   0,   0, 
EP, 12, 2026082706, 03, AVNO,  60, 129N, 1334W,  28, 1004, XX,  34, NEQ,    0,    0,    0,    0, 1008,   65,  43,   0,   0, 
EP, 12, 2026082706, 03, AVNO,  66, 132N, 1338W,  32, 1002, XX,  34, NEQ,    0,    0,    0,    0, 1006,   70,  44,   0,   0, 
EP, 12, 2026082706, 03, AVNO,  72, 135N, 1342W,  29, 1005, XX,  34, NEQ,    0,    0,    0,    0,  -99,  -99,  45,   0,   0, 
EP, 12, 2026082706, 03, AVNO,  78, 133N, 1353W,  27, 1002, XX,  34, NEQ,    0,    0,    0,    0,  -99,  -99,  71,   0,   0, 
EP, 12, 2026082706, 03, AVNO,  84, 128N, 1371W,  46,  999, XX,  34, NEQ,   29,   21,   35,    0, 1011,  220,  13,   0,   0, 
EP, 12, 2026082706, 03, AVNO,  90, 130N, 1375W,  35,  999, XX,  34, NEQ,   28,    0,    0,    0, 1003,   22,  28,   0,   0, 
EP, 12, 2026082706, 03, AVNO,  96, 127N, 1381W,  35, 1001, XX,  34, NEQ,   49,   40,    0,    0, 1005,   36,  40,   0,   0, 
EP, 12, 2026082706, 03, AVNO, 102, 127N, 1386W,  34,  998, XX,  34, NEQ,    0,    0,    0,    0, 1006,   86,  36,   0,   0, 
EP, 12, 2026082706, 03, AVNO, 108, 127N, 1389W,  37,  998, XX,  34, NEQ,   35,   43,   41,    0, 1010,  194,  33,   0,   0, 
EP, 12, 2026082706, 03, AVNO, 114, 127N, 1396W,  41,  995, XX,  34, NEQ,   51,   36,   49,   57, 1007,  157,  33,   0,   0, 
EP, 12, 2026082706, 03, AVNO, 120, 125N, 1398W,  44,  996, XX,  34, NEQ,   43,   42,   58,   44, 1008,  108,  31,   0,   0, 
EP, 12, 2026082706, 03, AVNO, 126, 127N, 1402W,  45,  991, XX,  34, NEQ,   53,   56,   53,   68, 1007,  184,  26,   0,   0, 
EP, 12, 2026082706, 03, AVNO, 132, 127N, 1404W,  44,  995, XX,  34, NEQ,   36,   71,   65,   71, 1007,   78,  29,   0,   0, 
EP, 12, 2026082706, 03, AVNO, 138, 129N, 1405W,  42,  993, XX,  34, NEQ,    0,   83,   78,   69, 1005,  118,  42,   0,   0, 
EP, 12, 2026082706, 03, AVNO, 144, 130N, 1406W,  50,  993, XX,  34, NEQ,   48,   68,   80,   73, 1009,  144,  35,   0,   0, 
EP, 12, 2026082706, 03, AVNO, 144, 130N, 1406W,  50,  993, XX,  50, NEQ,    0,   35,    0,    0, 1009,  144,  35,   0,   0, 
EP, 12, 2026082706, 03, AVNO, 150, 131N, 1407W,  47,  992, XX,  34, NEQ,   51,   66,   85,   74, 1008,  195,  36,   0,   0, 
EP, 12, 2026082706, 03, AVNO, 156, 131N, 1407W,  51,  990, XX,  34, NEQ,   70,   72,   71,   49, 1010,  189,  40,   0,   0, 
EP, 12, 2026082706, 03, AVNO, 156, 131N, 1407W,  51,  990, XX,  50, NEQ,    0,    0,   40,    0, 1010,  189,  40,   0,   0, 
EP, 12, 2026082706, 03, AVNO, 162, 136N, 1405W,  51,  986, XX,  34, NEQ,   57,   81,   51,   52, 1006,  124,  24,   0,   0, 
EP, 12, 2026082706, 03, AVNO, 162, 136N, 1405W,  51,  986, XX,  50, NEQ,    0,   25,    0,    0, 1006,  124,  24,   0,   0, 
EP, 12, 2026082706, 03, AVNO, 168, 137N, 1403W,  59,  988, XX,  34, NEQ,   49,   77,   57,   47, 1008,  110,  21,   0,   0, 
EP, 12, 2026082706, 03, AVNO, 168, 137N, 1403W,  59,  988, XX,  50, NEQ,    0,   33,   26,    0, 1008,  110,  21,   0,   0, 
EP, 12, 2026082706, 03, AVNO, 174, 136N, 1401W,  60,  984, XX,  34, NEQ,   62,   65,   60,   56, 1008,  168,  30,   0,   0, 
EP, 12, 2026082706, 03, AVNO, 174, 136N, 1401W,  60,  984, XX,  50, NEQ,    0,   44,   31,   29, 1008,  168,  30,   0,   0, 
EP, 12, 2026082706, 03, AVNO, 180, 138N, 1395W,  59,  986, XX,  34, NEQ,   59,   68,   55,   60, 1010,  164,  25,   0,   0, 
EP, 12, 2026082706, 03, AVNO, 180, 138N, 1395W,  59,  986, XX,  50, NEQ,    0,   35,   36,    0, 1010,  164,  25,   0,   0, 
EP, 12, 2026082706, 03, AVNO, 186, 139N, 1391W,  58,  986, XX,  34, NEQ,   57,   61,   64,   59, 1006,   89,  24,   0,   0, 
EP, 12, 2026082706, 03, AVNO, 186, 139N, 1391W,  58,  986, XX,  50, NEQ,   24,   34,   32,   25, 1006,   89,  24,   0,   0, 
EP, 12, 2026082706, 03, AVNO, 192, 138N, 1388W,  60,  986, XX,  34, NEQ,   59,   66,   68,   66, 1010,  178,  27,   0,   0, 
EP, 12, 2026082706, 03, AVNO, 192, 138N, 1388W,  60,  986, XX,  50, NEQ,   32,   36,   41,    0, 1010,  178,  27,   0,   0, 
EP, 12, 2026082706, 03, AVNO, 198, 137N, 1387W,  66,  981, XX,  34, NEQ,   68,   70,   76,   69, 1005,   95,  30,   0,   0, 
EP, 12, 2026082706, 03, AVNO, 198, 137N, 1387W,  66,  981, XX,  50, NEQ,   36,   39,   35,   32, 1005,   95,  30,   0,   0, 
EP, 12, 2026082706, 03, AVNO, 198, 137N, 1387W,  66,  981, XX,  64, NEQ,    0,   31,    0,    0, 1005,   95,  30,   0,   0, 
EP, 12, 2026082706, 03, AVNO, 204, 137N, 1386W,  71,  976, XX,  34, NEQ,   72,   74,   70,   82,  992,   31,  24,   0,   0, 
EP, 12, 2026082706, 03, AVNO, 204, 137N, 1386W,  71,  976, XX,  50, NEQ,   34,   37,   37,   39,  992,   31,  24,   0,   0, 
EP, 12, 2026082706, 03, AVNO, 204, 137N, 1386W,  71,  976, XX,  64, NEQ,    0,   28,    0,    0,  992,   31,  24,   0,   0, 
EP, 12, 2026082706, 03, AVNO, 210, 137N, 1386W,  77,  968, XX,  34, NEQ,   64,   77,   76,   76,  988,   30,  18,   0,   0, 
EP, 12, 2026082706, 03, AVNO, 210, 137N, 1386W,  77,  968, XX,  50, NEQ,   32,   47,   42,   41,  988,   30,  18,   0,   0, 
EP, 12, 2026082706, 03, AVNO, 210, 137N, 1386W,  77,  968, XX,  64, NEQ,   26,   32,   32,   25,  988,   30,  18,   0,   0, 
EP, 12, 2026082706, 03, AVNO, 216, 137N, 1385W,  79,  971, XX,  34, NEQ,   69,   68,   72,   67, 1007,   94,  18,   0,   0, 
EP, 12, 2026082706, 03, AVNO, 216, 137N, 1385W,  79,  971, XX,  50, NEQ,   40,   45,   44,   34, 1007,   94,  18,   0,   0, 
EP, 12, 2026082706, 03, AVNO, 216, 137N, 1385W,  79,  971, XX,  64, NEQ,   29,   30,   28,    0, 1007,   94,  18,   0,   0, 
EP, 12, 2026082706, 03, AVNO, 222, 137N, 1386W,  77,  968, XX,  34, NEQ,   73,   74,   77,   70,  988,   32,  21,   0,   0, 
EP, 12, 2026082706, 03, AVNO, 222, 137N, 1386W,  77,  968, XX,  50, NEQ,   39,   45,   45,   41,  988,   32,  21,   0,   0, 
EP, 12, 2026082706, 03, AVNO, 222, 137N, 1386W,  77,  968, XX,  64, NEQ,   29,   31,   30,    0,  988,   32,  21,   0,   0, 
EP, 12, 2026082706, 03, AVNO, 228, 136N, 1386W,  78,  972, XX,  34, NEQ,   73,   76,   78,   62,  988,   21,  20,   0,   0, 
EP, 12, 2026082706, 03, AVNO, 228, 136N, 1386W,  78,  972, XX,  50, NEQ,   48,   49,   41,   37,  988,   21,  20,   0,   0, 
EP, 12, 2026082706, 03, AVNO, 228, 136N, 1386W,  78,  972, XX,  64, NEQ,   32,   34,   28,   27,  988,   21,  20,   0,   0, 
EP, 12, 2026082706, 03, AVNO, 234, 137N, 1385W,  77,  967, XX,  34, NEQ,   73,   81,   79,   69,  991,   32,  18,   0,   0, 
EP, 12, 2026082706, 03, AVNO, 234, 137N, 1385W,  77,  967, XX,  50, NEQ,   33,   47,   44,   37,  991,   32,  18,   0,   0, 
EP, 12, 2026082706, 03, AVNO, 234, 137N, 1385W,  77,  967, XX,  64, NEQ,   25,   33,   30,   17,  991,   32,  18,   0,   0, 
EP, 12, 2026082706, 03, AVNO, 240, 139N, 1384W,  75,  970, XX,  34, NEQ,   74,   86,   84,   77,  994,   39,  23,   0,   0, 
EP, 12, 2026082706, 03, AVNO, 240, 139N, 1384W,  75,  970, XX,  50, NEQ,   41,   44,   40,   44,  994,   39,  23,   0,   0, 
EP, 12, 2026082706, 03, AVNO, 240, 139N, 1384W,  75,  970, XX,  64, NEQ,   29,   30,   27,   27,  994,   39,  23,   0,   0, 
EP, 12, 2026082706, 03, HCCA,   0, 109N, 1348W,  25,    0,   ,   0,    ,    0,    0,    0,    0, 
EP, 12, 2026082706, 03, HCCA,  12, 110N, 1339W,  36,    0,   ,   0,    ,    0,    0,    0,    0, 
EP, 12, 2026082706, 03, HCCA,  24, 113N, 1330W,  43,    0,   ,   0,    ,    0,    0,    0,    0, 
EP, 12, 2026082706, 03, HCCA,  36, 117N, 1325W,  48,    0,   ,   0,    ,    0,    0,    0,    0, 
EP, 12, 2026082706, 03, HCCA,  48, 120N, 1329W,  49,    0,   ,   0,    ,    0,    0,    0,    0, 
EP, 12, 2026082706, 03, HCCA,  60, 125N, 1338W,  47,    0,   ,   0,    ,    0,    0,    0,    0, 
EP, 12, 2026082706, 03, HCCA,  72, 128N, 1352W,  47,    0,   ,   0,    ,    0,    0,    0,    0, 
EP, 12, 2026082706, 03, HCCA,  84, 129N, 1365W,  48,    0,   ,   0,    ,    0,    0,    0,    0, 
EP, 12, 2026082706, 03, HCCA,  96, 128N, 1375W,  45,    0,   ,   0,    ,    0,    0,    0,    0, 
EP, 12, 2026082706, 03, HCCA, 108, 126N, 1382W,  49,    0,   ,   0,    ,    0,    0,    0,    0, 
EP, 12, 2026082706, 03, HCCA, 120, 128N, 1389W,  55,    0,   ,   0,    ,    0,    0,    0,    0, 
EP, 12, 2026082706, 03, HCCA, 132, 131N, 1395W,  63,    0,   ,   0,    ,    0,    0,    0,    0, 
EP, 12, 2026082706, 03, HCCA, 144, 136N, 1400W,  68,    0,   ,   0,    ,    0,    0,    0,    0, 
EP, 12, 2026082706, 03, HCCA, 156, 140N, 1403W,  69,    0,   ,   0,    ,    0,    0,    0,    0, 
EP, 12, 2026082706, 03, HCCA, 168, 146N, 1403W,  67,    0,   ,   0,    ,    0,    0,    0,    0, 
EP, 12, 2026082706, 03, HFSA,   0, 109N, 1348W,  25, 1008, XX,  34, NEQ,    0,    0,    0,    0,  -99,  -99,  64,   0,   0,    ,   0,    ,  72,   3,           ,  ,  0,    ,    0,    0,    0,    0, THERMO PARAMS, 37, -39, 83, N, 10, DT, -999, SHR82, -99, 
EP, 12, 2026082706, 03, HFSA,   6, 102N, 1348W,  40, 1005, XX,  34, NEQ,    0,    0,    0,    0,  -99,  -99,  32,   0,   0,    ,   0,    , 143,   4,           ,  ,  0,    ,    0,    0,    0,    0, THERMO PARAMS, -69, 181, 148, N, 10, DT, -999, SHR82, -99, 
EP, 12, 2026082706, 03, HFSA,  12, 105N, 1345W,  37, 1002, XX,  34, NEQ,    0,    0,    0,    0, 1006,    3, 133,   0,   0,    ,   0,    ,  42,   5,           ,  ,  0,    ,    0,    0,    0,    0, THERMO PARAMS, -9999, -9999, -9999, N, 10, DT, -999, SHR82, -99, 
EP, 12, 2026082706, 03, HFSA,  18, 109N, 1344W,  45, 1000, XX,  34, NEQ,    0,    0,  151,    0, 1004,   11, 140,   0,   0,    ,   0,    ,  32,   4,           ,  ,  0,    ,    0,    0,    0,    0, THERMO PARAMS, -9999, -9999, -9999, N, 10, DT, -999, SHR82, -99, 
EP, 12, 2026082706, 03, HFSA,  24, 109N, 1338W,  44, 1006, XX,  34, NEQ,    0,    0,    0,    0,  -99,  -99,  67,   0,   0,    ,   0,    ,  81,   7,           ,  ,  0,    ,    0,    0,    0,    0, THERMO PARAMS, -26, 287, 60, N, 10, DT, -999, SHR82, -99, 
EP, 12, 2026082706, 03, HFSA,  30, 110N, 1329W,  34, 1001, XX,  34, NEQ,    0,    0,    0,    0, 1005,   55,  59,   0,   0,    ,   0,    ,  68,  10,           ,  ,  0,    ,    0,    0,    0,    0, THERMO PARAMS, -24, 258, 117, N, 10, DT, -999, SHR82, -99, 
EP, 12, 2026082706, 03, HFSA,  36, 118N, 1323W,  37, 1005, XX,  34, NEQ,    0,   70,    0,    0, 1009,  104,  68,   0,   0,    ,   0,    ,  33,   7,           ,  ,  0,    ,    0,    0,    0,    0, THERMO PARAMS, 74, 51, 200, N, 10, DT, -999, SHR82, -99, 
EP, 12, 2026082706, 03, HFSA,  42, 124N, 1321W,  31, 1003, XX,  34, NEQ,    0,    0,    0,    0,  -99,  -99,  52,   0,   0,    ,   0,    ,   7,   3,           ,  ,  0,    ,    0,    0,    0,    0, THERMO PARAMS, 108, -86, 268, N, 10, DT, -999, SHR82, -99, 
EP, 12, 2026082706, 03, HFSA,  48, 126N, 1322W,  33, 1003, XX,  34, NEQ,    0,    0,    0,    0,  -99,  -99,  38,   0,   0,    ,   0,    ,   5,   3,           ,  ,  0,    ,    0,    0,    0,    0, THERMO PARAMS, 79, 22, 181, N, 10, DT, -999, SHR82, -99, 
EP, 12, 2026082706, 03, HFSA,  54, 134N, 1329W,  32,  998, XX,  34, NEQ,    0,    0,    0,    0, 1002,    6,  32,   0,   0,    ,   0,    , 306,   9,           ,  ,  0,    ,    0,    0,    0,    0, THERMO PARAMS, 125, 50, 195, N, 10, DT, -999, SHR82, -99, 
EP, 12, 2026082706, 03, HFSA,  60, 137N, 1336W,  30, 1005, XX,  34, NEQ,    0,    0,    0,    0,  -99,  -99,  62,   0,   0,    ,   0,    , 298,   7,           ,  ,  0,    ,    0,    0,    0,    0, THERMO PARAMS, 127, -281, 444, N, 10, DT, -999, SHR82, -99, 
EP, 12, 2026082706, 03, HFSA,  66, 135N, 1346W,  40,  997, XX,  34, NEQ,    0,   19,   31,   32, 1001,   12,  31,   0,   0,    ,   0,    , 267,   9,           ,  ,  0,    ,    0,    0,    0,    0, THERMO PARAMS, 98, 93, 352, N, 10, DT, -999, SHR82, -99, 
EP, 12, 2026082706, 03, HFSA,  72, 138N, 1350W,  43, 1000, XX,  34, NEQ,    0,    0,   57,    0, 1004,   11,  32,   0,   0,    ,   0,    , 290,   6,           ,  ,  0,    ,    0,    0,    0,    0, THERMO PARAMS, 105, 78, 382, N, 10, DT, -999, SHR82, -99, 
EP, 12, 2026082706, 03, HFSA,  78, 136N, 1359W,  46,  992, XX,  34, NEQ,    0,    0,   31,    0,  996,    3,  25,   0,   0,    ,   0,    , 260,   7,           ,  ,  0,    ,    0,    0,    0,    0, THERMO PARAMS, 54, -2, 307, N, 10, DT, -999, SHR82, -99, 
EP, 12, 2026082706, 03, HFSA,  84, 137N, 1361W,  49,  999, XX,  34, NEQ,    0,   44,   40,    0, 1003,    7,  35,   0,   0,    ,   0,    , 293,   5,           ,  ,  0,    ,    0,    0,    0,    0, THERMO PARAMS, 84, -342, 291, N, 10, DT, -999, SHR82, -99, 
EP, 12, 2026082706, 03, HFSA,  90, 137N, 1371W,  42,  988, XX,  34, NEQ,    0,   10,   16,    0,  996,    4,   8,   0,   0,    ,   0,    , 259,   6,           ,  ,  0,    ,    0,    0,    0,    0, THERMO PARAMS, 64, 545, 811, N, 10, DT, -999, SHR82, -99, 
EP, 12, 2026082706, 03, HFSA,  96, 135N, 1379W,  37,  997, XX,  34, NEQ,   15,    0,    0,   34, 1001,   14,  12,   0,   0,    ,   0,    , 248,   8,           ,  ,  0,    ,    0,    0,    0,    0, THERMO PARAMS, 35, 359, 403, N, 10, DT, -999, SHR82, -99, 
EP, 12, 2026082706, 03, HFSA, 102, 132N, 1386W,  35,  995, XX,  34, NEQ,    0,    0,    0,    0,  999,   14,  84,   0,   0,    ,   0,    , 246,   6,           ,  ,  0,    ,    0,    0,    0,    0, THERMO PARAMS, 19, 369, 533, N, 10, DT, -999, SHR82, -99, 
EP, 12, 2026082706, 03, HFSA, 108, 131N, 1393W,  46,  991, XX,  34, NEQ,   39,   19,   19,   52,  995,    4,  12,   0,   0,    ,   0,    , 259,   6,           ,  ,  0,    ,    0,    0,    0,    0, THERMO PARAMS, 0, 942, 814, N, 10, DT, -999, SHR82, -99, 
EP, 12, 2026082706, 03, HFSA, 114, 131N, 1398W,  54,  988, XX,  34, NEQ,   36,   34,   39,   53, 1004,   55,  13,   0,   0,    ,   0,    , 263,   4,           ,  ,  0,    ,    0,    0,    0,    0, THERMO PARAMS, -21, 1184, 885, N, 10, DT, -999, SHR82, -99, 
EP, 12, 2026082706, 03, HFSA, 114, 131N, 1398W,  54,  988, XX,  50, NEQ,    0,    0,   15,    0, 1004,   55,  13,   0,   0,    ,   0,    , 263,   4,           ,  ,  0,    ,    0,    0,    0,    0, THERMO PARAMS, -21, 1184, 885, N, 10, DT, -999, SHR82, -99, 
EP, 12, 2026082706, 03, HFSA, 120, 133N, 1402W,  59,  987, XX,  34, NEQ,   47,   31,   52,   60, 1003,   37,  14,   0,   0,    ,   0,    , 267,   5,           ,  ,  0,    ,    0,    0,    0,    0, THERMO PARAMS, -22, 1158, 836, N, 10, DT, -999, SHR82, -99, 
EP, 12, 2026082706, 03, HFSA, 120, 133N, 1402W,  59,  987, XX,  50, NEQ,   15,    0,   24,   29, 1003,   37,  14,   0,   0,    ,   0,    , 267,   5,           ,  ,  0,    ,    0,    0,    0,    0, THERMO PARAMS, -22, 1158, 836, N, 10, DT, -999, SHR82, -99, 
EP, 12, 2026082706, 03, HFSA, 126, 135N, 1407W,  62,  983, XX,  34, NEQ,   62,   42,   50,   62,  999,   31,  18,   0,   0,    ,   0,    , -99, -99,           ,  ,  0,    ,    0,    0,    0,    0, THERMO PARAMS, -15, 1422, 930, N, 10, DT, -999, SHR82, -99, 
EP, 12, 2026082706, 03, HFSA, 126, 135N, 1407W,  62,  983, XX,  50, NEQ,   19,   13,   24,   26,  999,   31,  18,   0,   0,    ,   0,    , -99, -99,           ,  ,  0,    ,    0,    0,    0,    0, THERMO PARAMS, -15, 1422, 930, N, 10, DT, -999, SHR82, -99, 
EP, 12, 2026082706, 03, TVCN,   0, 109N, 1348W,   0,    0,   ,   0,    ,    0,    0,    0,    0, 
EP, 12, 2026082706, 03, TVCN,  12, 108N, 1342W,   0,    0,   ,   0,    ,    0,    0,    0,    0, 
EP, 12, 2026082706, 03, TVCN,  24, 111N, 1332W,   0,    0,   ,   0,    ,    0,    0,    0,    0, 
EP, 12, 2026082706, 03, TVCN,  36, 115N, 1325W,   0,    0,   ,   0,    ,    0,    0,    0,    0, 
EP, 12, 2026082706, 03, TVCN,  48, 121N, 1326W,   0,    0,   ,   0,    ,    0,    0,    0,    0, 
EP, 12, 2026082706, 03, TVCN,  60, 125N, 1336W,   0,    0,   ,   0,    ,    0,    0,    0,    0, 
EP, 12, 2026082706, 03, TVCN,  72, 128N, 1347W,   0,    0,   ,   0,    ,    0,    0,    0,    0, 
EP, 12, 2026082706, 03, TVCN,  84, 129N, 1361W,   0,    0,   ,   0,    ,    0,    0,    0,    0, 
EP, 12, 2026082706, 03, TVCN,  96, 129N, 1374W,   0,    0,   ,   0,    ,    0,    0,    0,    0, 
EP, 12, 2026082706, 03, TVCN, 108, 128N, 1382W,   0,    0,   ,   0,    ,    0,    0,    0,    0, 
EP, 12, 2026082706, 03, TVCN, 120, 130N, 1388W,   0,    0,   ,   0,    ,    0,    0,    0,    0, 
EP, 12, 2026082706, 03, TVCN, 132, 131N, 1393W,   0,    0,   ,   0,    ,    0,    0,    0,    0, 
EP, 12, 2026082706, 03, TVCN, 144, 136N, 1423W,   0,    0,   ,   0,    ,    0,    0,    0,    0, 
EP, 12, 2026082706, 03, TVCN, 156, 141N, 1428W,   0,    0,   ,   0,    ,    0,    0,    0,    0, 
EP, 12, 2026082706, 03, TVCN, 168, 148N, 1433W,   0,    0,   ,   0,    ,    0,    0,    0,    0, 
EP, 12, 2026082712, 03,  UKX,   0, 108N, 1348W,  25, 1007, XX,  34, NEQ,    0,    0,    0,    0, 
EP, 12, 2026082712, 03,  UKX,   6, 109N, 1347W,  26, 1008, XX,  34, NEQ,    0,    0,    0,    0, 
EP, 12, 2026082712, 03,  UKX,  12, 110N, 1345W,  27, 1006, XX,  34, NEQ,    0,    0,    0,    0, 
EP, 12, 2026082712, 03,  UKX,  18, 111N, 1339W,  27, 1007, XX,  34, NEQ,    0,    0,    0,    0, 
EP, 12, 2026082712, 03,  UKX,  24, 116N, 1334W,  22, 1005, XX,  34, NEQ,    0,    0,    0,    0, 
EP, 12, 2026082712, 03,  UKX,  30, 116N, 1337W,  22, 1006, XX,  34, NEQ,    0,    0,    0,    0, 
EP, 12, 2026082712, 03,  UKX,  36, 117N, 1344W,  22, 1004, XX,  34, NEQ,    0,    0,    0,    0, 
EP, 12, 2026082712, 03,  UKX,  42, 118N, 1348W,  24, 1006, XX,  34, NEQ,    0,    0,    0,    0, 
EP, 12, 2026082712, 03,  UKX,  48, 120N, 1355W,  25, 1004, XX,  34, NEQ,    0,    0,    0,    0, 
EP, 12, 2026082712, 03,  UKX,  54, 122N, 1362W,  26, 1006, XX,  34, NEQ,    0,    0,    0,    0, 
EP, 12, 2026082712, 03,  UKX,  60, 124N, 1373W,  26, 1004, XX,  34, NEQ,    0,    0,    0,    0, 
EP, 12, 2026082712, 03,  UKX,  66, 124N, 1385W,  28, 1006, XX,  34, NEQ,    0,    0,    0,    0, 
EP, 12, 2026082712, 03,  UKX,  72, 122N, 1398W,  26, 1004, XX,  34, NEQ,    0,    0,    0,    0, 
EP, 12, 2026082712, 03,  UKX,  78, 121N, 1409W,  26, 1006, XX,  34, NEQ,    0,    0,    0,    0, 
EP, 12, 2026082712, 03,  UKX,  84, 121N, 1420W,  26, 1003, XX,  34, NEQ,    0,    0,    0,    0, 
EP, 12, 2026082712, 03,  UKX,  90, 121N, 1431W,  28, 1005, XX,  34, NEQ,    0,    0,    0,    0, 
EP, 12, 2026082712, 03,  UKX,  96, 118N, 1442W,  29, 1003, XX,  34, NEQ,    0,    0,    0,    0, 
EP, 12, 2026082712, 03,  UKX, 102, 114N, 1450W,  30, 1005, XX,  34, NEQ,    0,    0,    0,    0, 
EP, 12, 2026082712, 03,  UKX, 108, 113N, 1452W,  29, 1002, XX,  34, NEQ,    0,    0,    0,    0, 
EP, 12, 2026082712, 03,  UKX, 114, 113N, 1455W,  28, 1003, XX,  34, NEQ,    0,    0,    0,    0, 
EP, 12, 2026082712, 03,  UKX, 120, 114N, 1459W,  28, 1001, XX,  34, NEQ,    0,    0,    0,    0, 
EP, 12, 2026082712, 03,  UKX, 126, 116N, 1463W,  30, 1002, XX,  34, NEQ,    0,    0,    0,    0, 
EP, 12, 2026082712, 03,  UKX, 132, 118N, 1469W,  32,  999, XX,  34, NEQ,    0,    0,    0,    0, 
EP, 12, 2026082712, 03,  UKX, 138, 120N, 1477W,  33, 1001, XX,  34, NEQ,    0,    0,    0,    0, 
EP, 12, 2026082712, 03,  UKX, 144, 122N, 1486W,  35,  999, XX,  34, NEQ,    0,    0,   59,   50, 
EP, 12, 2026082712, 03, AVNO,   0, 111N, 1341W,  23, 1006, XX,  34, NEQ,    0,    0,    0,    0,  -99,  -99, 114,   0,   0, 
EP, 12, 2026082712, 03, AVNO,   6, 110N, 1341W,  28, 1008, XX,  34, NEQ,    0,    0,    0,    0,  -99,  -99, 124,   0,   0, 
EP, 12, 2026082712, 03, AVNO,  12, 109N, 1343W,  33, 1002, XX,  34, NEQ,    0,    0,    0,    0, 1006,   84,  12,   0,   0, 
EP, 12, 2026082712, 03, AVNO,  18, 111N, 1336W,  33, 1004, XX,  34, NEQ,    0,    0,    0,    0, 1008,   56, 114,   0,   0, 
EP, 12, 2026082712, 03, AVNO,  24, 110N, 1331W,  35, 1001, XX,  34, NEQ,    0,   26,    0,    0, 1005,   38,  24,   0,   0, 
EP, 12, 2026082712, 03, AVNO,  30, 113N, 1326W,  30, 1004, XX,  34, NEQ,    0,    0,    0,    0, 1008,   70,  39,   0,   0, 
EP, 12, 2026082712, 03, AVNO,  36, 118N, 1322W,  29, 1000, XX,  34, NEQ,    0,    0,    0,    0, 1004,   60,  52,   0,   0, 
EP, 12, 2026082712, 03, AVNO,  42, 121N, 1326W,  30, 1004, XX,  34, NEQ,    0,    0,    0,    0, 1008,   79,  63,   0,   0, 
EP, 12, 2026082712, 03, AVNO,  48, 125N, 1329W,  29, 1001, XX,  34, NEQ,    0,    0,    0,    0, 1005,   64,  58,   0,   0, 
EP, 12, 2026082712, 03, AVNO,  54, 128N, 1336W,  31, 1004, XX,  34, NEQ,    0,    0,    0,    0,  -99,  -99,  46,   0,   0, 
EP, 12, 2026082712, 03, AVNO,  60, 129N, 1342W,  34,  999, XX,  34, NEQ,    0,   35,    0,    0, 1007,  113,  34,   0,   0, 
EP, 12, 2026082712, 03, AVNO,  66, 130N, 1349W,  37, 1004, XX,  34, NEQ,    0,   40,    0,    0,  -99,  -99,  39,   0,   0, 
EP, 12, 2026082712, 03, AVNO,  72, 130N, 1361W,  31, 1000, XX,  34, NEQ,    0,    0,    0,    0, 1008,  189,  29,   0,   0, 
EP, 12, 2026082712, 03, AVNO,  78, 131N, 1368W,  31, 1004, XX,  34, NEQ,    0,    0,    0,    0, 1012,  229,  41,   0,   0, 
EP, 12, 2026082712, 03, AVNO,  84, 133N, 1377W,  28, 1001, XX,  34, NEQ,    0,    0,    0,    0, 1005,   56,  39,   0,   0, 
EP, 12, 2026082712, 03, AVNO,  90, 134N, 1386W,  38,  999, XX,  34, NEQ,   34,    0,    0,   23, 1011,  273,  29,   0,   0, 
EP, 12, 2026082712, 03, AVNO,  96, 133N, 1398W,  44,  991, XX,  34, NEQ,   36,   30,   26,   45, 1007,  135,  19,   0,   0, 
EP, 12, 2026082712, 03, AVNO, 102, 132N, 1409W,  45,  994, XX,  34, NEQ,   48,   39,   39,   53, 1010,  146,  18,   0,   0, 
EP, 12, 2026082712, 03, AVNO, 108, 132N, 1417W,  52,  987, XX,  34, NEQ,   51,   34,   43,   54, 1007,  143,  21,   0,   0, 
EP, 12, 2026082712, 03, AVNO, 108, 132N, 1417W,  52,  987, XX,  50, NEQ,    0,    0,   21,   23, 1007,  143,  21,   0,   0, 
EP, 12, 2026082712, 03, AVNO, 114, 131N, 1423W,  57,  984, XX,  34, NEQ,   70,   42,   64,   73, 1008,  113,  23,   0,   0, 
EP, 12, 2026082712, 03, AVNO, 114, 131N, 1423W,  57,  984, XX,  50, NEQ,   29,   25,   24,   29, 1008,  113,  23,   0,   0, 
EP, 12, 2026082712, 03, AVNO, 120, 132N, 1429W,  66,  975, XX,  34, NEQ,   67,   43,   67,   73, 1007,  147,  19,   0,   0, 
EP, 12, 2026082712, 03, AVNO, 120, 132N, 1429W,  66,  975, XX,  50, NEQ,   34,   26,   33,   35, 1007,  147,  19,   0,   0, 
EP, 12, 2026082712, 03, AVNO, 120, 132N, 1429W,  66,  975, XX,  64, NEQ,   20,    0,    0,   20, 1007,  147,  19,   0,   0, 
EP, 12, 2026082712, 03, AVNO, 126, 133N, 1434W,  68,  972, XX,  34, NEQ,   74,   52,   58,   78,  996,   32,  21,   0,   0, 
EP, 12, 2026082712, 03, AVNO, 126, 133N, 1434W,  68,  972, XX,  50, NEQ,   34,   27,   33,   34,  996,   32,  21,   0,   0, 
EP, 12, 2026082712, 03, AVNO, 126, 133N, 1434W,  68,  972, XX,  64, NEQ,    0,   23,   23,   24,  996,   32,  21,   0,   0, 
EP, 12, 2026082712, 03, AVNO, 132, 135N, 1440W,  79,  966, XX,  34, NEQ,   78,   54,   61,   79,  986,   21,  16,   0,   0, 
EP, 12, 2026082712, 03, AVNO, 132, 135N, 1440W,  79,  966, XX,  50, NEQ,   36,   31,   36,   40,  986,   21,  16,   0,   0, 
EP, 12, 2026082712, 03, AVNO, 132, 135N, 1440W,  79,  966, XX,  64, NEQ,   26,   24,   25,   26,  986,   21,  16,   0,   0, 
EP, 12, 2026082712, 03, AVNO, 138, 136N, 1444W,  76,  969, XX,  34, NEQ,   70,   55,   59,   86,  997,   42,  21,   0,   0, 
EP, 12, 2026082712, 03, AVNO, 138, 136N, 1444W,  76,  969, XX,  50, NEQ,   36,   37,   36,   41,  997,   42,  21,   0,   0, 
EP, 12, 2026082712, 03, AVNO, 138, 136N, 1444W,  76,  969, XX,  64, NEQ,   29,   26,   24,   29,  997,   42,  21,   0,   0, 
EP, 12, 2026082712, 03, AVNO, 144, 138N, 1448W,  77,  963, XX,  34, NEQ,   85,   57,   68,   88, 1007,  161,  22,   0,   0, 
EP, 12, 2026082712, 03, AVNO, 144, 138N, 1448W,  77,  963, XX,  50, NEQ,   41,   37,   39,   47, 1007,  161,  22,   0,   0, 
EP, 12, 2026082712, 03, AVNO, 144, 138N, 1448W,  77,  963, XX,  64, NEQ,   28,   28,   26,   32, 1007,  161,  22,   0,   0, 
EP, 12, 2026082712, 03, AVNO, 150, 140N, 1452W,  86,  959, XX,  34, NEQ,   94,   61,   68,   90, 1007,   87,  19,   0,   0, 
EP, 12, 2026082712, 03, AVNO, 150, 140N, 1452W,  86,  959, XX,  50, NEQ,   43,   41,   43,   45, 1007,   87,  19,   0,   0, 
EP, 12, 2026082712, 03, AVNO, 150, 140N, 1452W,  86,  959, XX,  64, NEQ,   34,   30,   32,   33, 1007,   87,  19,   0,   0, 
EP, 12, 2026082712, 03, AVNO, 156, 144N, 1456W,  90,  958, XX,  34, NEQ,   86,   66,   71,   87,  990,   42,  22,   0,   0, 
EP, 12, 2026082712, 03, AVNO, 156, 144N, 1456W,  90,  958, XX,  50, NEQ,   47,   41,   43,   48,  990,   42,  22,   0,   0, 
EP, 12, 2026082712, 03, AVNO, 156, 144N, 1456W,  90,  958, XX,  64, NEQ,   35,   32,   32,   33,  990,   42,  22,   0,   0, 
EP, 12, 2026082712, 03, AVNO, 162, 147N, 1460W,  87,  958, XX,  34, NEQ,   97,   63,   66,   97,  974,   21,  17,   0,   0, 
EP, 12, 2026082712, 03, AVNO, 162, 147N, 1460W,  87,  958, XX,  50, NEQ,   46,   45,   42,   49,  974,   21,  17,   0,   0, 
EP, 12, 2026082712, 03, AVNO, 162, 147N, 1460W,  87,  958, XX,  64, NEQ,   34,   32,   34,   33,  974,   21,  17,   0,   0, 
EP, 12, 2026082712, 03, AVNO, 168, 149N, 1464W,  79,  961, XX,  34, NEQ,   97,   63,   66,   94,  989,   32,  20,   0,   0, 
EP, 12, 2026082712, 03, AVNO, 168, 149N, 1464W,  79,  961, XX,  50, NEQ,   50,   45,   42,   53,  989,   32,  20,   0,   0, 
EP, 12, 2026082712, 03, AVNO, 168, 149N, 1464W,  79,  961, XX,  64, NEQ,   33,   36,   31,   34,  989,   32,  20,   0,   0, 
EP, 12, 2026082712, 03, AVNO, 174, 151N, 1468W,  80,  965, XX,  34, NEQ,   87,   63,   73,   87, 1009,  120,  22,   0,   0, 
EP, 12, 2026082712, 03, AVNO, 174, 151N, 1468W,  80,  965, XX,  50, NEQ,   48,   41,   46,   51, 1009,  120,  22,   0,   0, 
EP, 12, 2026082712, 03, AVNO, 174, 151N, 1468W,  80,  965, XX,  64, NEQ,   36,   33,   33,   34, 1009,  120,  22,   0,   0, 
EP, 12, 2026082712, 03, AVNO, 180, 154N, 1470W,  77,  964, XX,  34, NEQ,   86,   62,   73,   87,  984,   21,  21,   0,   0, 
EP, 12, 2026082712, 03, AVNO, 180, 154N, 1470W,  77,  964, XX,  50, NEQ,   53,   42,   45,   53,  984,   21,  21,   0,   0, 
EP, 12, 2026082712, 03, AVNO, 180, 154N, 1470W,  77,  964, XX,  64, NEQ,   36,   31,   33,   34,  984,   21,  21,   0,   0, 
EP, 12, 2026082712, 03, AVNO, 186, 155N, 1474W,  70,  970, XX,  34, NEQ,   94,   65,   68,   90, 1010,  220,  28,   0,   0, 
EP, 12, 2026082712, 03, AVNO, 186, 155N, 1474W,  70,  970, XX,  50, NEQ,   48,   40,   44,   50, 1010,  220,  28,   0,   0, 
EP, 12, 2026082712, 03, AVNO, 186, 155N, 1474W,  70,  970, XX,  64, NEQ,   33,   29,   29,   33, 1010,  220,  28,   0,   0, 
EP, 12, 2026082712, 03, AVNO, 192, 156N, 1478W,  70,  971, XX,  34, NEQ,   89,   68,   74,   87,  991,   32,  25,   0,   0, 
EP, 12, 2026082712, 03, AVNO, 192, 156N, 1478W,  70,  971, XX,  50, NEQ,   53,   42,   45,   51,  991,   32,  25,   0,   0, 
EP, 12, 2026082712, 03, AVNO, 192, 156N, 1478W,  70,  971, XX,  64, NEQ,   23,   30,   30,   31,  991,   32,  25,   0,   0, 
EP, 12, 2026082712, 03, AVNO, 198, 156N, 1481W,  77,  972, XX,  34, NEQ,   84,   69,   71,   91,  992,   37,  22,   0,   0, 
EP, 12, 2026082712, 03, AVNO, 198, 156N, 1481W,  77,  972, XX,  50, NEQ,   52,   42,   45,   53,  992,   37,  22,   0,   0, 
EP, 12, 2026082712, 03, AVNO, 198, 156N, 1481W,  77,  972, XX,  64, NEQ,   32,   32,   33,   36,  992,   37,  22,   0,   0, 
EP, 12, 2026082712, 03, AVNO, 204, 157N, 1485W,  73,  969, XX,  34, NEQ,   92,   65,   73,   84, 1005,  111,  16,   0,   0, 
EP, 12, 2026082712, 03, AVNO, 204, 157N, 1485W,  73,  969, XX,  50, NEQ,   49,   46,   45,   54, 1005,  111,  16,   0,   0, 
EP, 12, 2026082712, 03, AVNO, 204, 157N, 1485W,  73,  969, XX,  64, NEQ,   27,   35,   32,   30, 1005,  111,  16,   0,   0, 
EP, 12, 2026082712, 03, AVNO, 210, 158N, 1489W,  69,  972, XX,  34, NEQ,   88,   66,   67,   87, 1008,  165,  25,   0,   0, 
EP, 12, 2026082712, 03, AVNO, 210, 158N, 1489W,  69,  972, XX,  50, NEQ,   43,   45,   40,   48, 1008,  165,  25,   0,   0, 
EP, 12, 2026082712, 03, AVNO, 210, 158N, 1489W,  69,  972, XX,  64, NEQ,   29,   26,   27,   32, 1008,  165,  25,   0,   0, 
EP, 12, 2026082712, 03, AVNO, 216, 159N, 1492W,  65,  973, XX,  34, NEQ,   92,   69,   69,   86, 1005,  101,  26,   0,   0, 
EP, 12, 2026082712, 03, AVNO, 216, 159N, 1492W,  65,  973, XX,  50, NEQ,   49,   38,   45,   43, 1005,  101,  26,   0,   0, 
EP, 12, 2026082712, 03, AVNO, 216, 159N, 1492W,  65,  973, XX,  64, NEQ,    0,    0,    0,   27, 1005,  101,  26,   0,   0, 
EP, 12, 2026082712, 03, AVNO, 222, 161N, 1496W,  67,  975, XX,  34, NEQ,   87,   73,   70,   88, 1007,  117,  22,   0,   0, 
EP, 12, 2026082712, 03, AVNO, 222, 161N, 1496W,  67,  975, XX,  50, NEQ,   45,   45,   41,   48, 1007,  117,  22,   0,   0, 
EP, 12, 2026082712, 03, AVNO, 222, 161N, 1496W,  67,  975, XX,  64, NEQ,   26,    0,   26,    0, 1007,  117,  22,   0,   0, 
EP, 12, 2026082712, 03, AVNO, 228, 164N, 1499W,  67,  973, XX,  34, NEQ,   85,   70,   69,   84, 1005,  119,  22,   0,   0, 
EP, 12, 2026082712, 03, AVNO, 228, 164N, 1499W,  67,  973, XX,  50, NEQ,   47,   45,   42,   51, 1005,  119,  22,   0,   0, 
EP, 12, 2026082712, 03, AVNO, 228, 164N, 1499W,  67,  973, XX,  64, NEQ,   24,   27,   27,   30, 1005,  119,  22,   0,   0, 
EP, 12, 2026082712, 03, AVNO, 234, 167N, 1501W,  66,  976, XX,  34, NEQ,   89,   70,   71,   84, 1008,  173,  22,   0,   0, 
EP, 12, 2026082712, 03, AVNO, 234, 167N, 1501W,  66,  976, XX,  50, NEQ,   55,   42,   47,   45, 1008,  173,  22,   0,   0, 
EP, 12, 2026082712, 03, AVNO, 234, 167N, 1501W,  66,  976, XX,  64, NEQ,   25,   25,    0,   26, 1008,  173,  22,   0,   0, 
EP, 12, 2026082712, 03, AVNO, 240, 170N, 1504W,  63,  976, XX,  34, NEQ,   85,   74,   71,   80, 1008,  351,  24,   0,   0, 
EP, 12, 2026082712, 03, AVNO, 240, 170N, 1504W,  63,  976, XX,  50, NEQ,   46,   48,   51,   47, 1008,  351,  24,   0,   0, 
EP, 12, 2026082712, 03, HCCA,   0, 108N, 1348W,  25,    0,   ,   0,    ,    0,    0,    0,    0, 
EP, 12, 2026082712, 03, HCCA,  12, 111N, 1340W,  38,    0,   ,   0,    ,    0,    0,    0,    0, 
EP, 12, 2026082712, 03, HCCA,  24, 115N, 1333W,  44,    0,   ,   0,    ,    0,    0,    0,    0, 
EP, 12, 2026082712, 03, HCCA,  36, 120N, 1334W,  48,    0,   ,   0,    ,    0,    0,    0,    0, 
EP, 12, 2026082712, 03, HCCA,  48, 126N, 1343W,  47,    0,   ,   0,    ,    0,    0,    0,    0, 
EP, 12, 2026082712, 03, HCCA,  60, 129N, 1356W,  48,    0,   ,   0,    ,    0,    0,    0,    0, 
EP, 12, 2026082712, 03, HCCA,  72, 131N, 1368W,  47,    0,   ,   0,    ,    0,    0,    0,    0, 
EP, 12, 2026082712, 03, HCCA,  84, 131N, 1381W,  45,    0,   ,   0,    ,    0,    0,    0,    0, 
EP, 12, 2026082712, 03, HCCA,  96, 130N, 1392W,  48,    0,   ,   0,    ,    0,    0,    0,    0, 
EP, 12, 2026082712, 03, HCCA, 108, 130N, 1401W,  61,    0,   ,   0,    ,    0,    0,    0,    0, 
EP, 12, 2026082712, 03, HCCA, 120, 131N, 1408W,  75,    0,   ,   0,    ,    0,    0,    0,    0, 
EP, 12, 2026082712, 03, HCCA, 132, 134N, 1410W,  75,    0,   ,   0,    ,    0,    0,    0,    0, 
EP, 12, 2026082712, 03, HCCA, 144, 140N, 1409W,  75,    0,   ,   0,    ,    0,    0,    0,    0, 
EP, 12, 2026082712, 03, HCCA, 156, 146N, 1408W,  72,    0,   ,   0,    ,    0,    0,    0,    0, 
EP, 12, 2026082712, 03, HCCA, 168, 156N, 1407W,  70,    0,   ,   0,    ,    0,    0,    0,    0, 
EP, 12, 2026082712, 03, HFSA,   0, 105N, 1347W,  26, 1006, XX,  34, NEQ,    0,    0,    0,    0,  -99,  -99, 113,   0,   0,    ,   0,    ,  77,   3,           ,  ,  0,    ,    0,    0,    0,    0, THERMO PARAMS, 21, 75, 258, N, 10, DT, -999, SHR82, -99, 
EP, 12, 2026082712, 03, HFSA,   6, 109N, 1344W,  45, 1004, XX,  34, NEQ,    0,   50,    0,    0, 1008,    6,  41,   0,   0,    ,   0,    ,  87,   6,           ,  ,  0,    ,    0,    0,    0,    0, THERMO PARAMS, -46, -292, 202, N, 10, DT, -999, SHR82, -99, 
EP, 12, 2026082712, 03, HFSA,  12, 113N, 1333W,  35, 1003, XX,  34, NEQ,    0,    0,    0,    0,  -99,  -99,  63,   0,   0,    ,   0,    ,  63,   7,           ,  ,  0,    ,    0,    0,    0,    0, THERMO PARAMS, -19, 147, -120, N, 10, DT, -999, SHR82, -99, 
EP, 12, 2026082712, 03, HFSA,  18, 114N, 1329W,  40, 1006, XX,  34, NEQ,    0,    0,  152,    0,  -99,  -99, 151,   0,   0,    ,   0,    ,  85,   6,           ,  ,  0,    ,    0,    0,    0,    0, THERMO PARAMS, -11, 9, -39, N, 10, DT, -999, SHR82, -99, 
EP, 12, 2026082712, 03, HFSA,  24, 117N, 1323W,  36, 1000, XX,  34, NEQ,    0,    0,    0,    0, 1004,    4,  53,   0,   0,    ,   0,    ,  67,   5,           ,  ,  0,    ,    0,    0,    0,    0, THERMO PARAMS, 26, 377, 81, N, 10, DT, -999, SHR82, -99, 
EP, 12, 2026082712, 03, HFSA,  30, 113N, 1323W,  32, 1005, XX,  34, NEQ,    0,    0,    0,    0,  -99,  -99,  46,   0,   0,    ,   0,    , 110,   2,           ,  ,  0,    ,    0,    0,    0,    0, THERMO PARAMS, -93, -199, 256, N, 10, DT, -999, SHR82, -99, 
EP, 12, 2026082712, 03, HFSA,  36, 117N, 1319W,  30, 1001, XX,  34, NEQ,    0,    0,    0,    0, 1005,   75,  37,   0,   0,    ,   0,    ,  41,   5,           ,  ,  0,    ,    0,    0,    0,    0, THERMO PARAMS, 16, 167, 260, N, 10, DT, -999, SHR82, -99, 
EP, 12, 2026082712, 03, HFSA,  42, 118N, 1320W,  28, 1005, XX,  34, NEQ,    0,    0,    0,    0,  -99,  -99, 108,   0,   0,    ,   0,    , 290,   2,           ,  ,  0,    ,    0,    0,    0,    0, THERMO PARAMS, 16, 166, 336, N, 10, DT, -999, SHR82, -99, 
EP, 12, 2026082712, 03, HFSA,  48, 120N, 1320W,  32, 1000, XX,  34, NEQ,    0,    0,    0,    0, 1004,   37,  23,   0,   0,    ,   0,    ,  31,   4,           ,  ,  0,    ,    0,    0,    0,    0, THERMO PARAMS, -12, 211, -118, N, 10, DT, -999, SHR82, -99, 
EP, 12, 2026082712, 03, HFSA,  54, 123N, 1325W,  39, 1004, XX,  34, NEQ,    0,    0,    0,    0,  -99,  -99,  51,   0,   0,    ,   0,    , 295,   6,           ,  ,  0,    ,    0,    0,    0,    0, THERMO PARAMS, 79, -140, 156, N, 10, DT, -999, SHR82, -99, 
EP, 12, 2026082712, 03, HFSA,  60, 126N, 1327W,  32, 1002, XX,  34, NEQ,    0,    0,    0,    0,  -99,  -99,  76,   0,   0,    ,   0,    , 338,   4,           ,  ,  0,    ,    0,    0,    0,    0, THERMO PARAMS, 27, 19, 170, N, 10, DT, -999, SHR82, -99, 
EP, 12, 2026082712, 03, HFSA,  66, 128N, 1334W,  35, 1005, XX,  34, NEQ,    0,   21,    0,    0,  -99,  -99,  18,   0,   0,    ,   0,    , 299,   6,           ,  ,  0,    ,    0,    0,    0,    0, THERMO PARAMS, 65, 31, 358, N, 10, DT, -999, SHR82, -99, 
EP, 12, 2026082712, 03, HFSA,  72, 126N, 1341W,  45,  995, XX,  34, NEQ,    0,   18,   21,    0, 1003,   33,  13,   0,   0,    ,   0,    , 245,   6,           ,  ,  0,    ,    0,    0,    0,    0, THERMO PARAMS, 38, 43, 460, N, 10, DT, -999, SHR82, -99, 
EP, 12, 2026082712, 03, HFSA,  78, 127N, 1346W,  29, 1004, XX,  34, NEQ,    0,    0,    0,    0, 1008,   43,  62,   0,   0,    ,   0,    , 294,   4,           ,  ,  0,    ,    0,    0,    0,    0, THERMO PARAMS, 42, 95, 71, N, 10, DT, -999, SHR82, -99, 
EP, 12, 2026082712, 03, HFSA,  84, 127N, 1348W,  30, 1002, XX,  34, NEQ,    0,    0,    0,    0,  -99,  -99,  38,   0,   0,    ,   0,    , 279,   3,           ,  ,  0,    ,    0,    0,    0,    0, THERMO PARAMS, 17, 79, 79, N, 10, DT, -999, SHR82, -99, 
EP, 12, 2026082712, 03, HFSA,  90, 127N, 1351W,  35, 1002, XX,  34, NEQ,    0,    0,    0,    0, 1006,   17,  17,   0,   0,    ,   0,    , 264,   3,           ,  ,  0,    ,    0,    0,    0,    0, THERMO PARAMS, -29, -3, 385, N, 10, DT, -999, SHR82, -99, 
EP, 12, 2026082712, 03, HFSA,  96, 127N, 1355W,  34, 1001, XX,  34, NEQ,    0,    0,    0,    0,  -99,  -99,  76,   0,   0,    ,   0,    , 270,   5,           ,  ,  0,    ,    0,    0,    0,    0, THERMO PARAMS, -35, 36, 134, N, 10, DT, -999, SHR82, -99, 
EP, 12, 2026082712, 03, HFSA, 102, 127N, 1361W,  36, 1000, XX,  34, NEQ,   62,    0,    0,    0, 1004,   14,  60,   0,   0,    ,   0,    , 274,   5,           ,  ,  0,    ,    0,    0,    0,    0, THERMO PARAMS, -43, 600, 11, N, 10, DT, -999, SHR82, -99, 
EP, 12, 2026082712, 03, HFSA, 108, 131N, 1365W,  56,  987, XX,  34, NEQ,   52,    0,   29,   45,  999,   10,  10,   0,   0,    ,   0,    , 305,   4,           ,  ,  0,    ,    0,    0,    0,    0, THERMO PARAMS, -12, 844, 993, N, 10, DT, -999, SHR82, -99, 
EP, 12, 2026082712, 03, HFSA, 108, 131N, 1365W,  56,  987, XX,  50, NEQ,    0,    0,   13,   11,  999,   10,  10,   0,   0,    ,   0,    , 305,   4,           ,  ,  0,    ,    0,    0,    0,    0, THERMO PARAMS, -12, 844, 993, N, 10, DT, -999, SHR82, -99, 
EP, 12, 2026082712, 03, HFSA, 114, 131N, 1368W,  53,  999, XX,  34, NEQ,   50,    0,   39,   57, 1003,   24,  19,   0,   0,    ,   0,    , 272,   2,           ,  ,  0,    ,    0,    0,    0,    0, THERMO PARAMS, -22, 165, 575, N, 10, DT, -999, SHR82, -99, 
EP, 12, 2026082712, 03, HFSA, 114, 131N, 1368W,  53,  999, XX,  50, NEQ,    0,    0,    0,   18, 1003,   24,  19,   0,   0,    ,   0,    , 272,   2,           ,  ,  0,    ,    0,    0,    0,    0, THERMO PARAMS, -22, 165, 575, N, 10, DT, -999, SHR82, -99, 
EP, 12, 2026082712, 03, HFSA, 120, 132N, 1369W,  46,  995, XX,  34, NEQ,   39,   31,   50,   71,  999,   21,  29,   0,   0,    ,   0,    , 341,   2,           ,  ,  0,    ,    0,    0,    0,    0, THERMO PARAMS, 57, 613, 526, N, 10, DT, -999, SHR82, -99, 
EP, 12, 2026082712, 03, HFSA, 126, 134N, 1369W,  45,  996, XX,  34, NEQ,   47,   31,   55,   68, 1004,   39,  24,   0,   0,    ,   0,    , -99, -99,           ,  ,  0,    ,    0,    0,    0,    0, THERMO PARAMS, 44, 606, 731, N, 10, DT, -999, SHR82, -99, 
EP, 12, 2026082712, 03, TVCN,   0, 108N, 1348W,   0,    0,   ,   0,    ,    0,    0,    0,    0, 
EP, 12, 2026082712, 03, TVCN,  12, 110N, 1341W,   0,    0,   ,   0,    ,    0,    0,    0,    0, 
EP, 12, 2026082712, 03, TVCN,  24, 114N, 1334W,   0,    0,   ,   0,    ,    0,    0,    0,    0, 
EP, 12, 2026082712, 03, TVCN,  36, 119N, 1332W,   0,    0,   ,   0,    ,    0,    0,    0,    0, 
EP, 12, 2026082712, 03, TVCN,  48, 125N, 1339W,   0,    0,   ,   0,    ,    0,    0,    0,    0, 
EP, 12, 2026082712, 03, TVCN,  60, 128N, 1352W,   0,    0,   ,   0,    ,    0,    0,    0,    0, 
EP, 12, 2026082712, 03, TVCN,  72, 129N, 1366W,   0,    0,   ,   0,    ,    0,    0,    0,    0, 
EP, 12, 2026082712, 03, TVCN,  84, 130N, 1379W,   0,    0,   ,   0,    ,    0,    0,    0,    0, 
EP, 12, 2026082712, 03, TVCN,  96, 130N, 1392W,   0,    0,   ,   0,    ,    0,    0,    0,    0, 
EP, 12, 2026082712, 03, TVCN, 108, 131N, 1401W,   0,    0,   ,   0,    ,    0,    0,    0,    0, 
EP, 12, 2026082712, 03, TVCN, 120, 133N, 1410W,   0,    0,   ,   0,    ,    0,    0,    0,    0, 
EP, 12, 2026082712, 03, TVCN, 132, 136N, 1418W,   0,    0,   ,   0,    ,    0,    0,    0,    0, 
EP, 12, 2026082712, 03, TVCN, 144, 137N, 1419W,   0,    0,   ,   0,    ,    0,    0,    0,    0, 
EP, 12, 2026082712, 03, TVCN, 156, 143N, 1421W,   0,    0,   ,   0,    ,    0,    0,    0,    0, 
EP, 12, 2026082712, 03, TVCN, 168, 152N, 1424W,   0,    0,   ,   0,    ,    0,    0,    0,    0, 
EP, 12, 2026082718, 03, AVNO,   0, 109N, 1339W,  27, 1008, XX,  34, NEQ,    0,    0,    0,    0,  -99,  -99, 116,   0,   0, 
EP, 12, 2026082718, 03, AVNO,   6, 109N, 1337W,  37, 1002, XX,  34, NEQ,    0,   23,   31,    0, 1006,  145,  24,   0,   0, 
EP, 12, 2026082718, 03, AVNO,  12, 116N, 1329W,  30, 1005, XX,  34, NEQ,    0,    0,    0,    0, 1009,   98,  33,   0,   0, 
EP, 12, 2026082718, 03, AVNO,  18, 119N, 1324W,  32, 1003, XX,  34, NEQ,    0,    0,    0,    0, 1007,  125, 121,   0,   0, 
EP, 12, 2026082718, 03, AVNO,  24, 122N, 1323W,  25, 1006, XX,  34, NEQ,    0,    0,    0,    0, 1010,  131, 140,   0,   0, 
EP, 12, 2026082718, 03, AVNO,  30, 119N, 1325W,  26, 1002, XX,  34, NEQ,    0,    0,    0,    0, 1006,  127,  59,   0,   0, 
EP, 12, 2026082718, 03, AVNO,  36, 120N, 1326W,  36, 1003, XX,  34, NEQ,    0,   30,   36,    0, 1007,   73,  29,   0,   0, 
EP, 12, 2026082718, 03, AVNO,  42, 125N, 1333W,  33, 1001, XX,  34, NEQ,    0,    0,    0,    0, 1005,   47,  45,   0,   0, 
EP, 12, 2026082718, 03, AVNO,  48, 124N, 1341W,  34, 1003, XX,  34, NEQ,   35,   27,    0,    0, 1007,   56,  26,   0,   0, 
EP, 12, 2026082718, 03, AVNO,  54, 125N, 1344W,  37, 1000, XX,  34, NEQ,   30,   41,   46,    0, 1008,  193,  45,   0,   0, 
EP, 12, 2026082718, 03, AVNO,  60, 126N, 1352W,  34,  998, XX,  34, NEQ,    0,   16,    0,    0, 1010,  131,  16,   0,   0, 
EP, 12, 2026082718, 03, AVNO,  66, 127N, 1360W,  43,  995, XX,  34, NEQ,   42,   43,   30,   27, 1007,  153,  30,   0,   0, 
EP, 12, 2026082718, 03, AVNO,  72, 130N, 1368W,  43,  994, XX,  34, NEQ,   36,   24,   20,   37, 1010,  173,  21,   0,   0, 
EP, 12, 2026082718, 03, AVNO,  78, 132N, 1376W,  48,  990, XX,  34, NEQ,   42,   30,   28,   37, 1006,   87,  21,   0,   0, 
EP, 12, 2026082718, 03, AVNO,  84, 132N, 1384W,  61,  987, XX,  34, NEQ,   48,   41,   41,   53, 1007,   76,  19,   0,   0, 
EP, 12, 2026082718, 03, AVNO,  84, 132N, 1384W,  61,  987, XX,  50, NEQ,   25,    0,    0,   23, 1007,   76,  19,   0,   0, 
EP, 12, 2026082718, 03, AVNO,  90, 133N, 1392W,  60,  978, XX,  34, NEQ,   56,   53,   53,   72, 1006,  111,  20,   0,   0, 
EP, 12, 2026082718, 03, AVNO,  90, 133N, 1392W,  60,  978, XX,  50, NEQ,   28,   31,   26,   32, 1006,  111,  20,   0,   0, 
EP, 12, 2026082718, 03, AVNO,  96, 133N, 1398W,  63,  980, XX,  34, NEQ,   91,   63,   68,   80, 1008,  107,  19,   0,   0, 
EP, 12, 2026082718, 03, AVNO,  96, 133N, 1398W,  63,  980, XX,  50, NEQ,   34,   31,   33,   36, 1008,  107,  19,   0,   0, 
EP, 12, 2026082718, 03, AVNO, 102, 133N, 1401W,  58,  980, XX,  34, NEQ,   61,   64,   76,   78, 1004,   74,  17,   0,   0, 
EP, 12, 2026082718, 03, AVNO, 102, 133N, 1401W,  58,  980, XX,  50, NEQ,   33,   33,   34,   32, 1004,   74,  17,   0,   0, 
EP, 12, 2026082718, 03, AVNO, 108, 134N, 1404W,  64,  984, XX,  34, NEQ,   71,   55,   66,   81, 1008,  103,  21,   0,   0, 
EP, 12, 2026082718, 03, AVNO, 108, 134N, 1404W,  64,  984, XX,  50, NEQ,   36,   26,   33,   30, 1008,  103,  21,   0,   0, 
EP, 12, 2026082718, 03, AVNO, 108, 134N, 1404W,  64,  984, XX,  64, NEQ,    0,    0,   21,    0, 1008,  103,  21,   0,   0, 
EP, 12, 2026082718, 03, AVNO, 114, 136N, 1410W,  57,  982, XX,  34, NEQ,   86,   52,   63,   86, 1006,  109,  18,   0,   0, 
EP, 12, 2026082718, 03, AVNO, 114, 136N, 1410W,  57,  982, XX,  50, NEQ,   30,   28,   33,   33, 1006,  109,  18,   0,   0, 
EP, 12, 2026082718, 03, AVNO, 120, 136N, 1414W,  63,  981, XX,  34, NEQ,   82,   61,   68,   97, 1009,  156,  22,   0,   0, 
EP, 12, 2026082718, 03, AVNO, 120, 136N, 1414W,  63,  981, XX,  50, NEQ,   36,   28,   35,   39, 1009,  156,  22,   0,   0, 
EP, 12, 2026082718, 03, AVNO, 126, 138N, 1417W,  71,  968, XX,  34, NEQ,   58,   67,   71,   86, 1004,   90,  20,   0,   0, 
EP, 12, 2026082718, 03, AVNO, 126, 138N, 1417W,  71,  968, XX,  50, NEQ,   36,   32,   39,   37, 1004,   90,  20,   0,   0, 
EP, 12, 2026082718, 03, AVNO, 126, 138N, 1417W,  71,  968, XX,  64, NEQ,   21,    0,   25,   21, 1004,   90,  20,   0,   0, 
EP, 12, 2026082718, 03, AVNO, 132, 141N, 1421W,  76,  968, XX,  34, NEQ,   85,   68,   70,   88,  996,   36,  22,   0,   0, 
EP, 12, 2026082718, 03, AVNO, 132, 141N, 1421W,  76,  968, XX,  50, NEQ,   33,   31,   38,   41,  996,   36,  22,   0,   0, 
EP, 12, 2026082718, 03, AVNO, 132, 141N, 1421W,  76,  968, XX,  64, NEQ,   27,   24,   25,   28,  996,   36,  22,   0,   0, 
EP, 12, 2026082718, 03, AVNO, 138, 143N, 1424W,  76,  966, XX,  34, NEQ,   89,   65,   66,   91,  994,   31,  20,   0,   0, 
EP, 12, 2026082718, 03, AVNO, 138, 143N, 1424W,  76,  966, XX,  50, NEQ,   33,   37,   37,   42,  994,   31,  20,   0,   0, 
EP, 12, 2026082718, 03, AVNO, 138, 143N, 1424W,  76,  966, XX,  64, NEQ,   23,   25,   26,   25,  994,   31,  20,   0,   0, 
EP, 12, 2026082718, 03, AVNO, 144, 147N, 1426W,  77,  966, XX,  34, NEQ,   81,   70,   71,   96,  994,   42,  22,   0,   0, 
EP, 12, 2026082718, 03, AVNO, 144, 147N, 1426W,  77,  966, XX,  50, NEQ,   39,   36,   41,   42,  994,   42,  22,   0,   0, 
EP, 12, 2026082718, 03, AVNO, 144, 147N, 1426W,  77,  966, XX,  64, NEQ,   29,   29,   29,   31,  994,   42,  22,   0,   0, 
EP, 12, 2026082718, 03, AVNO, 150, 152N, 1430W,  86,  960, XX,  34, NEQ,   84,   72,   75,   86, 1008,  244,  16,   0,   0, 
EP, 12, 2026082718, 03, AVNO, 150, 152N, 1430W,  86,  960, XX,  50, NEQ,   42,   37,   43,   44, 1008,  244,  16,   0,   0, 
EP, 12, 2026082718, 03, AVNO, 150, 152N, 1430W,  86,  960, XX,  64, NEQ,   33,   30,   33,   32, 1008,  244,  16,   0,   0, 
EP, 12, 2026082718, 03, AVNO, 156, 156N, 1431W,  83,  964, XX,  34, NEQ,   88,   69,   71,   89, 1008,  116,  13,   0,   0, 
EP, 12, 2026082718, 03, AVNO, 156, 156N, 1431W,  83,  964, XX,  50, NEQ,   43,   38,   42,   46, 1008,  116,  13,   0,   0, 
EP, 12, 2026082718, 03, AVNO, 156, 156N, 1431W,  83,  964, XX,  64, NEQ,   30,   27,   33,   29, 1008,  116,  13,   0,   0, 
EP, 12, 2026082718, 03, AVNO, 162, 160N, 1432W,  80,  964, XX,  34, NEQ,   85,   68,   72,   81, 1008,  170,  22,   0,   0, 
EP, 12, 2026082718, 03, AVNO, 162, 160N, 1432W,  80,  964, XX,  50, NEQ,   46,   43,   42,   49, 1008,  170,  22,   0,   0, 
EP, 12, 2026082718, 03, AVNO, 162, 160N, 1432W,  80,  964, XX,  64, NEQ,   27,   34,   32,   28, 1008,  170,  22,   0,   0, 
EP, 12, 2026082718, 03, AVNO, 168, 164N, 1434W,  77,  971, XX,  34, NEQ,   87,   63,   70,   91, 1011,  266,  22,   0,   0, 
EP, 12, 2026082718, 03, AVNO, 168, 164N, 1434W,  77,  971, XX,  50, NEQ,   45,   39,   42,   47, 1011,  266,  22,   0,   0, 
EP, 12, 2026082718, 03, AVNO, 168, 164N, 1434W,  77,  971, XX,  64, NEQ,   29,   30,   31,   27, 1011,  266,  22,   0,   0, 
EP, 12, 2026082718, 03, AVNO, 174, 166N, 1435W,  72,  970, XX,  34, NEQ,   85,   64,   74,   84, 1006,  109,  22,   0,   0, 
EP, 12, 2026082718, 03, AVNO, 174, 166N, 1435W,  72,  970, XX,  50, NEQ,   44,   39,   43,   47, 1006,  109,  22,   0,   0, 
EP, 12, 2026082718, 03, AVNO, 174, 166N, 1435W,  72,  970, XX,  64, NEQ,   29,   31,   30,   29, 1006,  109,  22,   0,   0, 
EP, 12, 2026082718, 03, AVNO, 180, 167N, 1437W,  68,  974, XX,  34, NEQ,   86,   64,   64,   86, 1010,  252,  23,   0,   0, 
EP, 12, 2026082718, 03, AVNO, 180, 167N, 1437W,  68,  974, XX,  50, NEQ,   39,   40,   39,   48, 1010,  252,  23,   0,   0, 
EP, 12, 2026082718, 03, AVNO, 180, 167N, 1437W,  68,  974, XX,  64, NEQ,   20,    0,   26,   28, 1010,  252,  23,   0,   0, 
EP, 12, 2026082718, 03, AVNO, 186, 168N, 1438W,  62,  974, XX,  34, NEQ,   81,   65,   71,   84, 1006,  142,  24,   0,   0, 
EP, 12, 2026082718, 03, AVNO, 186, 168N, 1438W,  62,  974, XX,  50, NEQ,   46,   39,   43,   47, 1006,  142,  24,   0,   0, 
EP, 12, 2026082718, 03, AVNO, 192, 167N, 1439W,  62,  978, XX,  34, NEQ,   66,   64,   71,   85, 1010,  227,  25,   0,   0, 
EP, 12, 2026082718, 03, AVNO, 192, 167N, 1439W,  62,  978, XX,  50, NEQ,   38,   44,   39,   47, 1010,  227,  25,   0,   0, 
EP, 12, 2026082718, 03, AVNO, 198, 168N, 1440W,  65,  974, XX,  34, NEQ,   73,   63,   76,   79, 1006,  153,  19,   0,   0, 
EP, 12, 2026082718, 03, AVNO, 198, 168N, 1440W,  65,  974, XX,  50, NEQ,   45,   37,   46,   37, 1006,  153,  19,   0,   0, 
EP, 12, 2026082718, 03, AVNO, 198, 168N, 1440W,  65,  974, XX,  64, NEQ,    0,    0,    0,   21, 1006,  153,  19,   0,   0, 
EP, 12, 2026082718, 03, AVNO, 204, 169N, 1441W,  62,  977, XX,  34, NEQ,   86,   63,   72,   75, 1009,  199,  22,   0,   0, 
EP, 12, 2026082718, 03, AVNO, 204, 169N, 1441W,  62,  977, XX,  50, NEQ,   43,   37,   45,   38, 1009,  199,  22,   0,   0, 
EP, 12, 2026082718, 03, AVNO, 210, 171N, 1441W,  65,  976, XX,  34, NEQ,   74,   70,   70,   79, 1004,   97,  26,   0,   0, 
EP, 12, 2026082718, 03, AVNO, 210, 171N, 1441W,  65,  976, XX,  50, NEQ,   33,   44,   38,   47, 1004,   97,  26,   0,   0, 
EP, 12, 2026082718, 03, AVNO, 210, 171N, 1441W,  65,  976, XX,  64, NEQ,    0,    0,    0,   27, 1004,   97,  26,   0,   0, 
EP, 12, 2026082718, 03, AVNO, 216, 173N, 1442W,  65,  977, XX,  34, NEQ,   77,   70,   70,   78, 1009,  156,  26,   0,   0, 
EP, 12, 2026082718, 03, AVNO, 216, 173N, 1442W,  65,  977, XX,  50, NEQ,   48,   41,   44,   44, 1009,  156,  26,   0,   0, 
EP, 12, 2026082718, 03, AVNO, 216, 173N, 1442W,  65,  977, XX,  64, NEQ,    0,    0,    0,   27, 1009,  156,  26,   0,   0, 
EP, 12, 2026082718, 03, AVNO, 222, 177N, 1443W,  65,  976, XX,  34, NEQ,   80,   73,   73,   83, 1004,   85,  19,   0,   0, 
EP, 12, 2026082718, 03, AVNO, 222, 177N, 1443W,  65,  976, XX,  50, NEQ,   42,   52,   36,   51, 1004,   85,  19,   0,   0, 
EP, 12, 2026082718, 03, AVNO, 222, 177N, 1443W,  65,  976, XX,  64, NEQ,   26,    0,    0,   27, 1004,   85,  19,   0,   0, 
EP, 12, 2026082718, 03, AVNO, 228, 181N, 1444W,  62,  979, XX,  34, NEQ,   94,   67,   68,   89, 1007,  114,  24,   0,   0, 
EP, 12, 2026082718, 03, AVNO, 228, 181N, 1444W,  62,  979, XX,  50, NEQ,   48,   38,   45,   44, 1007,  114,  24,   0,   0, 
EP, 12, 2026082718, 03, AVNO, 234, 184N, 1445W,  58,  980, XX,  34, NEQ,   89,   64,   68,   85, 1008,  412,  26,   0,   0, 
EP, 12, 2026082718, 03, AVNO, 234, 184N, 1445W,  58,  980, XX,  50, NEQ,   43,   34,   47,   43, 1008,  412,  26,   0,   0, 
EP, 12, 2026082718, 03, AVNO, 240, 186N, 1446W,  57,  985, XX,  34, NEQ,   88,   65,   69,   82, 1009,  117,  24,   0,   0, 
EP, 12, 2026082718, 03, AVNO, 240, 186N, 1446W,  57,  985, XX,  50, NEQ,   49,   35,   42,   41, 1009,  117,  24,   0,   0, 
EP, 12, 2026082718, 03, HCCA,   0, 112N, 1340W,  35,    0,   ,   0,    ,    0,    0,    0,    0, 
EP, 12, 2026082718, 03, HCCA,  12, 117N, 1332W,  43,    0,   ,   0,    ,    0,    0,    0,    0, 
EP, 12, 2026082718, 03, HCCA,  24, 122N, 1329W,  46,    0,   ,   0,    ,    0,    0,    0,    0, 
EP, 12, 2026082718, 03, HCCA,  36, 127N, 1334W,  47,    0,   ,   0,    ,    0,    0,    0,    0, 
EP, 12, 2026082718, 03, HCCA,  48, 130N, 1344W,  52,    0,   ,   0,    ,    0,    0,    0,    0, 
EP, 12, 2026082718, 03, HCCA,  60, 133N, 1355W,  53,    0,   ,   0,    ,    0,    0,    0,    0, 
EP, 12, 2026082718, 03, HCCA,  72, 135N, 1370W,  52,    0,   ,   0,    ,    0,    0,    0,    0, 
EP, 12, 2026082718, 03, HCCA,  84, 137N, 1385W,  52,    0,   ,   0,    ,    0,    0,    0,    0, 
EP, 12, 2026082718, 03, HCCA,  96, 138N, 1399W,  54,    0,   ,   0,    ,    0,    0,    0,    0, 
EP, 12, 2026082718, 03, HCCA, 108, 141N, 1408W,  65,    0,   ,   0,    ,    0,    0,    0,    0, 
EP, 12, 2026082718, 03, HCCA, 120, 143N, 1413W,  67,    0,   ,   0,    ,    0,    0,    0,    0, 
EP, 12, 2026082718, 03, HCCA, 132, 145N, 1422W,  74,    0,   ,   0,    ,    0,    0,    0,    0, 
EP, 12, 2026082718, 03, HCCA, 144, 150N, 1427W,  73,    0,   ,   0,    ,    0,    0,    0,    0, 
EP, 12, 2026082718, 03, HCCA, 156, 157N, 1430W,  71,    0,   ,   0,    ,    0,    0,    0,    0, 
EP, 12, 2026082718, 03, HCCA, 168, 163N, 1433W,  68,    0,   ,   0,    ,    0,    0,    0,    0, 
EP, 12, 2026082718, 03, HFSA,   0, 111N, 1339W,  35, 1007, XX,  34, NEQ,    0,    0,    0,   66,  -99,  -99,  47,   0,   0,    ,   0,    ,  71,   4,           ,  ,  0,    ,    0,    0,    0,    0, THERMO PARAMS, -40, -59, -110, N, 10, DT, -999, SHR82, -99, 
EP, 12, 2026082718, 03, HFSA,   6, 115N, 1330W,  35,  997, XX,  34, NEQ,    0,    0,    0,    0, 1001,    6,  68,   0,   0,    ,   0,    ,  63,   9,           ,  ,  0,    ,    0,    0,    0,    0, THERMO PARAMS, -9999, -9999, -9999, N, 10, DT, -999, SHR82, -99, 
EP, 12, 2026082718, 03, HFSA,  12, 114N, 1325W,  39, 1005, XX,  34, NEQ,    0,   63,    0,    0,  -99,  -99,  42,   0,   0,    ,   0,    ,  70,   6,           ,  ,  0,    ,    0,    0,    0,    0, THERMO PARAMS, -14, 109, 154, N, 10, DT, -999, SHR82, -99, 
EP, 12, 2026082718, 03, HFSA,  18, 118N, 1323W,  32, 1003, XX,  34, NEQ,    0,    0,    0,    0,  -99,  -99, 153,   0,   0,    ,   0,    ,  81,   4,           ,  ,  0,    ,    0,    0,    0,    0, THERMO PARAMS, -84, -13, 331, N, 10, DT, -999, SHR82, -99, 
EP, 12, 2026082718, 03, HFSA,  24, 121N, 1318W,  31, 1005, XX,  34, NEQ,    0,    0,    0,    0,  -99,  -99,  39,   0,   0,    ,   0,    ,  30,   2,           ,  ,  0,    ,    0,    0,    0,    0, THERMO PARAMS, 101, 233, 318, N, 10, DT, -999, SHR82, -99, 
EP, 12, 2026082718, 03, HFSA,  30, 124N, 1321W,  33, 1001, XX,  34, NEQ,    0,    0,    0,    0,  -99,  -99,  74,   0,   0,    ,   0,    , 319,   3,           ,  ,  0,    ,    0,    0,    0,    0, THERMO PARAMS, 64, -240, 260, N, 10, DT, -999, SHR82, -99, 
EP, 12, 2026082718, 03, HFSA,  36, 122N, 1324W,  31,  999, XX,  34, NEQ,    0,    0,    0,    0, 1003,    8,  21,   0,   0,    ,   0,    , 303,   2,           ,  ,  0,    ,    0,    0,    0,    0, THERMO PARAMS, 57, 336, 133, N, 10, DT, -999, SHR82, -99, 
EP, 12, 2026082718, 03, HFSA,  42, 122N, 1328W,  35, 1002, XX,  34, NEQ,    0,    0,    0,    0,  -99,  -99,  40,   0,   0,    ,   0,    , 297,   3,           ,  ,  0,    ,    0,    0,    0,    0, THERMO PARAMS, 97, -129, 106, N, 10, DT, -999, SHR82, -99, 
EP, 12, 2026082718, 03, HFSA,  48, 125N, 1333W,  34, 1004, XX,  34, NEQ,    0,    0,    0,    0,  -99,  -99,  43,   0,   0,    ,   0,    , 297,   5,           ,  ,  0,    ,    0,    0,    0,    0, THERMO PARAMS, 84, 161, 170, N, 10, DT, -999, SHR82, -99, 
EP, 12, 2026082718, 03, HFSA,  54, 126N, 1338W,  45,  996, XX,  34, NEQ,   24,   29,   21,    0, 1000,    7,  18,   0,   0,    ,   0,    , 283,   5,           ,  ,  0,    ,    0,    0,    0,    0, THERMO PARAMS, 90, 397, 125, N, 10, DT, -999, SHR82, -99, 
EP, 12, 2026082718, 03, HFSA,  60, 126N, 1346W,  45,  994, XX,  34, NEQ,   29,   36,   71,    0,  998,    2,  18,   0,   0,    ,   0,    , 296,   4,           ,  ,  0,    ,    0,    0,    0,    0, THERMO PARAMS, 62, 452, 617, N, 10, DT, -999, SHR82, -99, 
EP, 12, 2026082718, 03, HFSA,  66, 127N, 1351W,  42,  998, XX,  34, NEQ,    0,   39,   53,    0,  -99,  -99,  47,   0,   0,    ,   0,    , 294,   4,           ,  ,  0,    ,    0,    0,    0,    0, THERMO PARAMS, 56, 230, 387, N, 10, DT, -999, SHR82, -99, 
EP, 12, 2026082718, 03, HFSA,  72, 126N, 1357W,  39, 1000, XX,  34, NEQ,   49,   44,   52,    0, 1004,   42,  50,   0,   0,    ,   0,    , 285,   5,           ,  ,  0,    ,    0,    0,    0,    0, THERMO PARAMS, 66, -257, 338, N, 10, DT, -999, SHR82, -99, 
EP, 12, 2026082718, 03, HFSA,  78, 129N, 1361W,  52,  994, XX,  34, NEQ,   39,   34,    0,   39, 1002,   30,  19,   0,   0,    ,   0,    , 313,   4,           ,  ,  0,    ,    0,    0,    0,    0, THERMO PARAMS, -4, -183, 692, N, 10, DT, -999, SHR82, -99, 
EP, 12, 2026082718, 03, HFSA,  78, 129N, 1361W,  52,  994, XX,  50, NEQ,   19,    0,    0,    0, 1002,   30,  19,   0,   0,    ,   0,    , 313,   4,           ,  ,  0,    ,    0,    0,    0,    0, THERMO PARAMS, -4, -183, 692, N, 10, DT, -999, SHR82, -99, 
EP, 12, 2026082718, 03, HFSA,  84, 130N, 1367W,  38,  997, XX,  34, NEQ,   36,   15,    0,   31, 1001,   12,  26,   0,   0,    ,   0,    , 280,   5,           ,  ,  0,    ,    0,    0,    0,    0, THERMO PARAMS, -19, 662, 622, N, 10, DT, -999, SHR82, -99, 
EP, 12, 2026082718, 03, HFSA,  90, 132N, 1374W,  50,  991, XX,  34, NEQ,   57,   16,   39,   87,  999,   23,  19,   0,   0,    ,   0,    , 274,   6,           ,  ,  0,    ,    0,    0,    0,    0, THERMO PARAMS, -30, 868, 767, N, 10, DT, -999, SHR82, -99, 
EP, 12, 2026082718, 03, HFSA,  96, 131N, 1380W,  54,  992, XX,  34, NEQ,   70,   31,   45,   68, 1004,   42,  16,   0,   0,    ,   0,    , 260,   5,           ,  ,  0,    ,    0,    0,    0,    0, THERMO PARAMS, -19, 1014, 768, N, 10, DT, -999, SHR82, -99, 
EP, 12, 2026082718, 03, HFSA,  96, 131N, 1380W,  54,  992, XX,  50, NEQ,    0,    0,   24,   13, 1004,   42,  16,   0,   0,    ,   0,    , 260,   5,           ,  ,  0,    ,    0,    0,    0,    0, THERMO PARAMS, -19, 1014, 768, N, 10, DT, -999, SHR82, -99, 
EP, 12, 2026082718, 03, HFSA, 102, 133N, 1385W,  55,  988, XX,  34, NEQ,   62,   36,   52,   70,  992,    9,  23,   0,   0,    ,   0,    , 281,   3,           ,  ,  0,    ,    0,    0,    0,    0, THERMO PARAMS, -48, 1140, 843, N, 10, DT, -999, SHR82, -99, 
EP, 12, 2026082718, 03, HFSA, 102, 133N, 1385W,  55,  988, XX,  50, NEQ,    0,    0,   26,   18,  992,    9,  23,   0,   0,    ,   0,    , 281,   3,           ,  ,  0,    ,    0,    0,    0,    0, THERMO PARAMS, -48, 1140, 843, N, 10, DT, -999, SHR82, -99, 
EP, 12, 2026082718, 03, HFSA, 108, 133N, 1388W,  59,  987, XX,  34, NEQ,   71,   37,   58,   83, 1007,   81,  26,   0,   0,    ,   0,    , 268,   2,           ,  ,  0,    ,    0,    0,    0,    0, THERMO PARAMS, -48, 1407, 978, N, 10, DT, -999, SHR82, -99, 
EP, 12, 2026082718, 03, HFSA, 108, 133N, 1388W,  59,  987, XX,  50, NEQ,    0,    0,   28,   32, 1007,   81,  26,   0,   0,    ,   0,    , 268,   2,           ,  ,  0,    ,    0,    0,    0,    0, THERMO PARAMS, -48, 1407, 978, N, 10, DT, -999, SHR82, -99, 
EP, 12, 2026082718, 03, HFSA, 114, 136N, 1390W,  53,  988, XX,  34, NEQ,   84,   36,   52,   83, 1000,   39,  25,   0,   0,    ,   0,    , 312,   2,           ,  ,  0,    ,    0,    0,    0,    0, THERMO PARAMS, 28, 1237, 761, N, 10, DT, -999, SHR82, -99, 
EP, 12, 2026082718, 03, HFSA, 114, 136N, 1390W,  53,  988, XX,  50, NEQ,    0,    0,   23,   26, 1000,   39,  25,   0,   0,    ,   0,    , 312,   2,           ,  ,  0,    ,    0,    0,    0,    0, THERMO PARAMS, 28, 1237, 761, N, 10, DT, -999, SHR82, -99, 
EP, 12, 2026082718, 03, HFSA, 120, 139N, 1392W,  49,  994, XX,  34, NEQ,   52,   42,   42,   87,  998,   18,  36,   0,   0,    ,   0,    , 335,   3,           ,  ,  0,    ,    0,    0,    0,    0, THERMO PARAMS, 80, 609, 754, N, 10, DT, -999, SHR82, -99, 
EP, 12, 2026082718, 03, HFSA, 126, 143N, 1395W,  57,  989, XX,  34, NEQ,  113,   44,   58,   89,  997,   31,  28,   0,   0,    ,   0,    , -99, -99,           ,  ,  0,    ,    0,    0,    0,    0, THERMO PARAMS, 54, 826, 737, N, 10, DT, -999, SHR82, -99, 
EP, 12, 2026082718, 03, HFSA, 126, 143N, 1395W,  57,  989, XX,  50, NEQ,    0,    0,   34,   29,  997,   31,  28,   0,   0,    ,   0,    , -99, -99,           ,  ,  0,    ,    0,    0,    0,    0, THERMO PARAMS, 54, 826, 737, N, 10, DT, -999, SHR82, -99, 
EP, 12, 2026082718, 03, TVCN,   0, 112N, 1340W,   0,    0,   ,   0,    ,    0,    0,    0,    0, 
EP, 12, 2026082718, 03, TVCN,  12, 116N, 1332W,   0,    0,   ,   0,    ,    0,    0,    0,    0, 
EP, 12, 2026082718, 03, TVCN,  24, 119N, 1327W,   0,    0,   ,   0,    ,    0,    0,    0,    0, 
EP, 12, 2026082718, 03, TVCN,  36, 124N, 1331W,   0,    0,   ,   0,    ,    0,    0,    0,    0, 
EP, 12, 2026082718, 03, TVCN,  48, 127N, 1342W,   0,    0,   ,   0,    ,    0,    0,    0,    0, 
EP, 12, 2026082718, 03, TVCN,  60, 131N, 1355W,   0,    0,   ,   0,    ,    0,    0,    0,    0, 
EP, 12, 2026082718, 03, TVCN,  72, 134N, 1370W,   0,    0,   ,   0,    ,    0,    0,    0,    0, 
EP, 12, 2026082718, 03, TVCN,  84, 136N, 1385W,   0,    0,   ,   0,    ,    0,    0,    0,    0, 
EP, 12, 2026082718, 03, TVCN,  96, 137N, 1400W,   0,    0,   ,   0,    ,    0,    0,    0,    0, 
EP, 12, 2026082718, 03, TVCN, 108, 139N, 1414W,   0,    0,   ,   0,    ,    0,    0,    0,    0, 
EP, 12, 2026082718, 03, TVCN, 120, 140N, 1426W,   0,    0,   ,   0,    ,    0,    0,    0,    0, 
EP, 12, 2026082718, 03, TVCN, 132, 141N, 1438W,   0,    0,   ,   0,    ,    0,    0,    0,    0, 
EP, 12, 2026082718, 03, TVCN, 144, 143N, 1470W,   0,    0,   ,   0,    ,    0,    0,    0,    0, 
EP, 12, 2026082718, 03, TVCN, 156, 148N, 1478W,   0,    0,   ,   0,    ,    0,    0,    0,    0, 
EP, 12, 2026082718, 03, TVCN, 168, 153N, 1486W,   0,    0,   ,   0,    ,    0,    0,    0,    0, 
EP, 12, 2026082800, 03,  UKX,   0, 114N, 1335W,  30, 1005, XX,  34, NEQ,    0,    0,    0,    0, 
EP, 12, 2026082800, 03,  UKX,   6, 119N, 1331W,  30, 1006, XX,  34, NEQ,    0,    0,    0,    0, 
EP, 12, 2026082800, 03,  UKX,  12, 123N, 1332W,  26, 1004, XX,  34, NEQ,    0,    0,    0,    0, 
EP, 12, 2026082800, 03,  UKX,  18, 124N, 1335W,  25, 1006, XX,  34, NEQ,    0,    0,    0,    0, 
EP, 12, 2026082800, 03,  UKX,  24, 123N, 1342W,  26, 1003, XX,  34, NEQ,    0,    0,    0,    0, 
EP, 12, 2026082800, 03,  UKX,  30, 123N, 1349W,  26, 1005, XX,  34, NEQ,    0,    0,    0,    0, 
EP, 12, 2026082800, 03,  UKX,  36, 124N, 1357W,  26, 1004, XX,  34, NEQ,    0,    0,    0,    0, 
EP, 12, 2026082800, 03,  UKX,  42, 126N, 1366W,  28, 1005, XX,  34, NEQ,    0,    0,    0,    0, 
EP, 12, 2026082800, 03,  UKX,  48, 127N, 1376W,  29, 1003, XX,  34, NEQ,    0,    0,    0,    0, 
EP, 12, 2026082800, 03,  UKX,  54, 128N, 1388W,  30, 1006, XX,  34, NEQ,    0,    0,    0,    0, 
EP, 12, 2026082800, 03,  UKX,  60, 128N, 1400W,  31, 1003, XX,  34, NEQ,    0,    0,    0,    0, 
EP, 12, 2026082800, 03,  UKX,  66, 127N, 1414W,  30, 1006, XX,  34, NEQ,    0,    0,    0,    0, 
EP, 12, 2026082800, 03,  UKX,  72, 126N, 1425W,  29, 1003, XX,  34, NEQ,    0,    0,    0,    0, 
EP, 12, 2026082800, 03,  UKX,  78, 126N, 1437W,  30, 1005, XX,  34, NEQ,    0,    0,    0,    0, 
EP, 12, 2026082800, 03,  UKX,  84, 126N, 1449W,  30, 1003, XX,  34, NEQ,    0,    0,    0,    0, 
EP, 12, 2026082800, 03,  UKX,  90, 124N, 1460W,  31, 1004, XX,  34, NEQ,    0,    0,    0,    0, 
EP, 12, 2026082800, 03,  UKX,  96, 122N, 1468W,  31, 1001, XX,  34, NEQ,    0,    0,    0,    0, 
EP, 12, 2026082800, 03,  UKX, 102, 120N, 1477W,  34, 1002, XX,  34, NEQ,    0,    0,    0,    0, 
EP, 12, 2026082800, 03,  UKX, 108, 118N, 1485W,  35, 1000, XX,  34, NEQ,   42,    0,    0,   43, 
EP, 12, 2026082800, 03,  UKX, 114, 116N, 1492W,  36, 1001, XX,  34, NEQ,   60,    0,    0,   41, 
EP, 12, 2026082800, 03,  UKX, 120, 115N, 1499W,  37,  998, XX,  34, NEQ,   61,    0,    0,   77, 
EP, 12, 2026082800, 03,  UKX, 126, 113N, 1505W,  39,  999, XX,  34, NEQ,   80,    0,   46,   75, 
EP, 12, 2026082800, 03,  UKX, 132, 112N, 1511W,  42,  996, XX,  34, NEQ,   84,    0,   61,   77, 
EP, 12, 2026082800, 03,  UKX, 138, 113N, 1518W,  45,  997, XX,  34, NEQ,  101,   47,   60,   91, 
EP, 12, 2026082800, 03,  UKX, 144, 114N, 1525W,  47,  995, XX,  34, NEQ,   89,   57,   62,   88, 
EP, 12, 2026082800, 03, AVNO,   0, 111N, 1337W,  37, 1003, XX,  34, NEQ,    0,   24,    0,    0,  -99,  -99,  22,   0,   0, 
EP, 12, 2026082800, 03, AVNO,   6, 121N, 1331W,  28, 1006, XX,  34, NEQ,    0,    0,    0,    0,  -99,  -99,  61,   0,   0, 
EP, 12, 2026082800, 03, AVNO,  12, 122N, 1325W,  31, 1004, XX,  34, NEQ,    0,    0,    0,    0, 1008,  159, 158,   0,   0, 
EP, 12, 2026082800, 03, AVNO,  18, 122N, 1325W,  23, 1006, XX,  34, NEQ,    0,    0,    0,    0, 1010,  161,  59,   0,   0, 
EP, 12, 2026082800, 03, AVNO,  24, 119N, 1330W,  24, 1003, XX,  34, NEQ,    0,    0,    0,    0,  -99,  -99,  42,   0,   0, 
EP, 12, 2026082800, 03, AVNO,  30, 119N, 1330W,  33, 1004, XX,  34, NEQ,    0,    0,    0,    0, 1008,   78,  29,   0,   0, 
EP, 12, 2026082800, 03, AVNO,  36, 120N, 1335W,  32,  999, XX,  34, NEQ,    0,    0,    0,    0, 1003,   13,  45,   0,   0, 
EP, 12, 2026082800, 03, AVNO,  42, 123N, 1340W,  30, 1004, XX,  34, NEQ,    0,    0,    0,    0, 1008,   76,  45,   0,   0, 
EP, 12, 2026082800, 03, AVNO,  48, 123N, 1346W,  37, 1000, XX,  34, NEQ,   36,   31,    0,    0, 1008,  192,  20,   0,   0, 
EP, 12, 2026082800, 03, AVNO,  54, 126N, 1350W,  32, 1002, XX,  34, NEQ,    0,    0,    0,    0, 1010,  176,  37,   0,   0, 
EP, 12, 2026082800, 03, AVNO,  60, 128N, 1358W,  34,  999, XX,  34, NEQ,    0,    0,    0,    0, 1007,  104,  30,   0,   0, 
EP, 12, 2026082800, 03, AVNO,  66, 129N, 1366W,  40, 1000, XX,  34, NEQ,   39,   38,    0,    0, 1008,   71,  34,   0,   0, 
EP, 12, 2026082800, 03, AVNO,  72, 131N, 1375W,  34,  997, XX,  34, NEQ,    0,    0,    0,   26, 1005,   64,  26,   0,   0, 
EP, 12, 2026082800, 03, AVNO,  78, 130N, 1386W,  45,  992, XX,  34, NEQ,   46,   31,   31,   46, 1008,  108,  18,   0,   0, 
EP, 12, 2026082800, 03, AVNO,  84, 129N, 1394W,  47,  989, XX,  34, NEQ,   33,   35,   42,   37, 1005,   74,  22,   0,   0, 
EP, 12, 2026082800, 03, AVNO,  90, 127N, 1400W,  52,  988, XX,  34, NEQ,   36,   41,   49,   47, 1008,   93,  19,   0,   0, 
EP, 12, 2026082800, 03, AVNO,  90, 127N, 1400W,  52,  988, XX,  50, NEQ,    0,   21,   19,   23, 1008,   93,  19,   0,   0, 
EP, 12, 2026082800, 03, AVNO,  96, 130N, 1402W,  58,  979, XX,  34, NEQ,   42,   36,   75,   51, 1007,  189,  16,   0,   0, 
EP, 12, 2026082800, 03, AVNO,  96, 130N, 1402W,  58,  979, XX,  50, NEQ,   25,    0,   22,   22, 1007,  189,  16,   0,   0, 
EP, 12, 2026082800, 03, AVNO, 102, 131N, 1407W,  63,  982, XX,  34, NEQ,   42,   52,   73,   60, 1010,  180,  20,   0,   0, 
EP, 12, 2026082800, 03, AVNO, 102, 131N, 1407W,  63,  982, XX,  50, NEQ,   26,    0,   28,   25, 1010,  180,  20,   0,   0, 
EP, 12, 2026082800, 03, AVNO, 108, 133N, 1411W,  64,  976, XX,  34, NEQ,   59,   38,   73,   72, 1008,  207,  19,   0,   0, 
EP, 12, 2026082800, 03, AVNO, 108, 133N, 1411W,  64,  976, XX,  50, NEQ,   29,   24,   26,   30, 1008,  207,  19,   0,   0, 
EP, 12, 2026082800, 03, AVNO, 108, 133N, 1411W,  64,  976, XX,  64, NEQ,    0,   19,    0,    0, 1008,  207,  19,   0,   0, 
EP, 12, 2026082800, 03, AVNO, 114, 135N, 1415W,  66,  974, XX,  34, NEQ,   74,   48,   57,   80, 1010,  190,  12,   0,   0, 
EP, 12, 2026082800, 03, AVNO, 114, 135N, 1415W,  66,  974, XX,  50, NEQ,   33,   22,   29,   31, 1010,  190,  12,   0,   0, 
EP, 12, 2026082800, 03, AVNO, 114, 135N, 1415W,  66,  974, XX,  64, NEQ,   17,    0,   15,   18, 1010,  190,  12,   0,   0, 
EP, 12, 2026082800, 03, AVNO, 120, 137N, 1420W,  73,  968, XX,  34, NEQ,   80,   47,   62,   84, 1004,   78,  17,   0,   0, 
EP, 12, 2026082800, 03, AVNO, 120, 137N, 1420W,  73,  968, XX,  50, NEQ,   30,   29,   31,   37, 1004,   78,  17,   0,   0, 
EP, 12, 2026082800, 03, AVNO, 120, 137N, 1420W,  73,  968, XX,  64, NEQ,   21,   20,   23,   26, 1004,   78,  17,   0,   0, 
EP, 12, 2026082800, 03, AVNO, 126, 138N, 1423W,  78,  968, XX,  34, NEQ,   87,   55,   61,   87,  992,   30,  16,   0,   0, 
EP, 12, 2026082800, 03, AVNO, 126, 138N, 1423W,  78,  968, XX,  50, NEQ,   34,   34,   37,   34,  992,   30,  16,   0,   0, 
EP, 12, 2026082800, 03, AVNO, 126, 138N, 1423W,  78,  968, XX,  64, NEQ,   24,   22,   24,   23,  992,   30,  16,   0,   0, 
EP, 12, 2026082800, 03, AVNO, 132, 141N, 1426W,  72,  968, XX,  34, NEQ,   86,   60,   73,   86, 1004,   81,  24,   0,   0, 
EP, 12, 2026082800, 03, AVNO, 132, 141N, 1426W,  72,  968, XX,  50, NEQ,   40,   38,   41,   36, 1004,   81,  24,   0,   0, 
EP, 12, 2026082800, 03, AVNO, 132, 141N, 1426W,  72,  968, XX,  64, NEQ,   29,   23,   28,   27, 1004,   81,  24,   0,   0, 
EP, 12, 2026082800, 03, AVNO, 138, 144N, 1429W,  80,  965, XX,  34, NEQ,   81,   63,   69,   86, 1009,  149,  16,   0,   0, 
EP, 12, 2026082800, 03, AVNO, 138, 144N, 1429W,  80,  965, XX,  50, NEQ,   42,   37,   42,   42, 1009,  149,  16,   0,   0, 
EP, 12, 2026082800, 03, AVNO, 138, 144N, 1429W,  80,  965, XX,  64, NEQ,   28,   30,   31,   28, 1009,  149,  16,   0,   0, 
EP, 12, 2026082800, 03, AVNO, 144, 149N, 1432W,  81,  963, XX,  34, NEQ,   85,   66,   73,   86,  991,   31,  17,   0,   0, 
EP, 12, 2026082800, 03, AVNO, 144, 149N, 1432W,  81,  963, XX,  50, NEQ,   41,   36,   41,   43,  991,   31,  17,   0,   0, 
EP, 12, 2026082800, 03, AVNO, 144, 149N, 1432W,  81,  963, XX,  64, NEQ,   28,   28,   29,   28,  991,   31,  17,   0,   0, 
EP, 12, 2026082800, 03, AVNO, 150, 152N, 1436W,  80,  966, XX,  34, NEQ,   96,   63,   69,   91, 1010,  259,  18,   0,   0, 
EP, 12, 2026082800, 03, AVNO, 150, 152N, 1436W,  80,  966, XX,  50, NEQ,   46,   39,   42,   48, 1010,  259,  18,   0,   0, 
EP, 12, 2026082800, 03, AVNO, 150, 152N, 1436W,  80,  966, XX,  64, NEQ,   29,   29,   30,   30, 1010,  259,  18,   0,   0, 
EP, 12, 2026082800, 03, AVNO, 156, 155N, 1440W,  73,  966, XX,  34, NEQ,   81,   67,   67,   84,  982,   21,  22,   0,   0, 
EP, 12, 2026082800, 03, AVNO, 156, 155N, 1440W,  73,  966, XX,  50, NEQ,   42,   41,   43,   49,  982,   21,  22,   0,   0, 
EP, 12, 2026082800, 03, AVNO, 156, 155N, 1440W,  73,  966, XX,  64, NEQ,   29,   28,   32,   31,  982,   21,  22,   0,   0, 
EP, 12, 2026082800, 03, AVNO, 162, 157N, 1442W,  74,  969, XX,  34, NEQ,   85,   66,   75,   87,  989,   29,  24,   0,   0, 
EP, 12, 2026082800, 03, AVNO, 162, 157N, 1442W,  74,  969, XX,  50, NEQ,   41,   40,   41,   50,  989,   29,  24,   0,   0, 
EP, 12, 2026082800, 03, AVNO, 162, 157N, 1442W,  74,  969, XX,  64, NEQ,   33,   31,   31,   30,  989,   29,  24,   0,   0, 
EP, 12, 2026082800, 03, AVNO, 168, 158N, 1445W,  77,  967, XX,  34, NEQ,   86,   67,   73,   86,  991,   35,  24,   0,   0, 
EP, 12, 2026082800, 03, AVNO, 168, 158N, 1445W,  77,  967, XX,  50, NEQ,   41,   40,   46,   54,  991,   35,  24,   0,   0, 
EP, 12, 2026082800, 03, AVNO, 168, 158N, 1445W,  77,  967, XX,  64, NEQ,   29,   28,   32,   37,  991,   35,  24,   0,   0, 
EP, 12, 2026082800, 03, AVNO, 174, 158N, 1447W,  73,  969, XX,  34, NEQ,   89,   66,   70,   91,  989,   32,  25,   0,   0, 
EP, 12, 2026082800, 03, AVNO, 174, 158N, 1447W,  73,  969, XX,  50, NEQ,   46,   40,   42,   49,  989,   32,  25,   0,   0, 
EP, 12, 2026082800, 03, AVNO, 174, 158N, 1447W,  73,  969, XX,  64, NEQ,   32,   32,   31,   32,  989,   32,  25,   0,   0, 
EP, 12, 2026082800, 03, AVNO, 180, 157N, 1449W,  70,  969, XX,  34, NEQ,   80,   74,   77,   86,  985,   21,  21,   0,   0, 
EP, 12, 2026082800, 03, AVNO, 180, 157N, 1449W,  70,  969, XX,  50, NEQ,   48,   44,   46,   52,  985,   21,  21,   0,   0, 
EP, 12, 2026082800, 03, AVNO, 180, 157N, 1449W,  70,  969, XX,  64, NEQ,   31,   32,   30,   33,  985,   21,  21,   0,   0, 
EP, 12, 2026082800, 03, AVNO, 186, 156N, 1450W,  74,  967, XX,  34, NEQ,   87,   70,   74,   91,  987,   29,  24,   0,   0, 
EP, 12, 2026082800, 03, AVNO, 186, 156N, 1450W,  74,  967, XX,  50, NEQ,   43,   41,   45,   51,  987,   29,  24,   0,   0, 
EP, 12, 2026082800, 03, AVNO, 186, 156N, 1450W,  74,  967, XX,  64, NEQ,   30,   32,   29,   33,  987,   29,  24,   0,   0, 
EP, 12, 2026082800, 03, AVNO, 192, 155N, 1451W,  79,  962, XX,  34, NEQ,   81,   75,   76,   86, 1002,   78,  19,   0,   0, 
EP, 12, 2026082800, 03, AVNO, 192, 155N, 1451W,  79,  962, XX,  50, NEQ,   41,   44,   46,   54, 1002,   78,  19,   0,   0, 
EP, 12, 2026082800, 03, AVNO, 192, 155N, 1451W,  79,  962, XX,  64, NEQ,   30,   35,   29,   34, 1002,   78,  19,   0,   0, 
EP, 12, 2026082800, 03, AVNO, 198, 154N, 1451W,  83,  964, XX,  34, NEQ,   83,   73,   71,   85,  992,   38,  23,   0,   0, 
EP, 12, 2026082800, 03, AVNO, 198, 154N, 1451W,  83,  964, XX,  50, NEQ,   43,   45,   43,   49,  992,   38,  23,   0,   0, 
EP, 12, 2026082800, 03, AVNO, 198, 154N, 1451W,  83,  964, XX,  64, NEQ,   33,   34,   32,   34,  992,   38,  23,   0,   0, 
EP, 12, 2026082800, 03, AVNO, 204, 154N, 1451W,  77,  964, XX,  34, NEQ,   81,   75,   75,   86,  984,   29,  28,   0,   0, 
EP, 12, 2026082800, 03, AVNO, 204, 154N, 1451W,  77,  964, XX,  50, NEQ,   44,   48,   45,   50,  984,   29,  28,   0,   0, 
EP, 12, 2026082800, 03, AVNO, 204, 154N, 1451W,  77,  964, XX,  64, NEQ,   31,   35,   32,   37,  984,   29,  28,   0,   0, 
EP, 12, 2026082800, 03, AVNO, 210, 155N, 1449W,  79,  965, XX,  34, NEQ,   82,   78,   77,   85,  981,   21,  19,   0,   0, 
EP, 12, 2026082800, 03, AVNO, 210, 155N, 1449W,  79,  965, XX,  50, NEQ,   39,   48,   48,   56,  981,   21,  19,   0,   0, 
EP, 12, 2026082800, 03, AVNO, 210, 155N, 1449W,  79,  965, XX,  64, NEQ,   28,   34,   34,   39,  981,   21,  19,   0,   0, 
EP, 12, 2026082800, 03, AVNO, 216, 157N, 1447W,  75,  963, XX,  34, NEQ,   84,   82,   76,   86, 1003,  104,  17,   0,   0, 
EP, 12, 2026082800, 03, AVNO, 216, 157N, 1447W,  75,  963, XX,  50, NEQ,   52,   43,   49,   54, 1003,  104,  17,   0,   0, 
EP, 12, 2026082800, 03, AVNO, 216, 157N, 1447W,  75,  963, XX,  64, NEQ,   32,   30,   32,   33, 1003,  104,  17,   0,   0, 
EP, 12, 2026082800, 03, AVNO, 222, 158N, 1443W,  73,  967, XX,  34, NEQ,   80,   79,   81,   83,  987,   31,  25,   0,   0, 
EP, 12, 2026082800, 03, AVNO, 222, 158N, 1443W,  73,  967, XX,  50, NEQ,   46,   47,   49,   48,  987,   31,  25,   0,   0, 
EP, 12, 2026082800, 03, AVNO, 222, 158N, 1443W,  73,  967, XX,  64, NEQ,   31,   32,   36,   32,  987,   31,  25,   0,   0, 
EP, 12, 2026082800, 03, AVNO, 228, 160N, 1440W,  73,  968, XX,  34, NEQ,   77,   86,   83,   87, 1004,  111,  30,   0,   0, 
EP, 12, 2026082800, 03, AVNO, 228, 160N, 1440W,  73,  968, XX,  50, NEQ,   44,   51,   49,   48, 1004,  111,  30,   0,   0, 
EP, 12, 2026082800, 03, AVNO, 228, 160N, 1440W,  73,  968, XX,  64, NEQ,    0,   38,   37,   30, 1004,  111,  30,   0,   0, 
EP, 12, 2026082800, 03, AVNO, 234, 162N, 1435W,  73,  973, XX,  34, NEQ,   73,   92,   87,   82, 1005,   90,  25,   0,   0, 
EP, 12, 2026082800, 03, AVNO, 234, 162N, 1435W,  73,  973, XX,  50, NEQ,   46,   48,   49,   49, 1005,   90,  25,   0,   0, 
EP, 12, 2026082800, 03, AVNO, 234, 162N, 1435W,  73,  973, XX,  64, NEQ,   28,   31,   32,    0, 1005,   90,  25,   0,   0, 
EP, 12, 2026082800, 03, AVNO, 240, 164N, 1430W,  71,  971, XX,  34, NEQ,   71,   97,   89,   82, 1003,  107,  28,   0,   0, 
EP, 12, 2026082800, 03, AVNO, 240, 164N, 1430W,  71,  971, XX,  50, NEQ,   41,   48,   53,   50, 1003,  107,  28,   0,   0, 
EP, 12, 2026082800, 03, AVNO, 240, 164N, 1430W,  71,  971, XX,  64, NEQ,    0,   29,    0,    0, 1003,  107,  28,   0,   0, 
EP, 12, 2026082800, 03, HCCA,   0, 113N, 1336W,  35,    0,   ,   0,    ,    0,    0,    0,    0, 
EP, 12, 2026082800, 03, HCCA,  12, 119N, 1329W,  38,    0,   ,   0,    ,    0,    0,    0,    0, 
EP, 12, 2026082800, 03, HCCA,  24, 123N, 1334W,  40,    0,   ,   0,    ,    0,    0,    0,    0, 
EP, 12, 2026082800, 03, HCCA,  36, 125N, 1347W,  44,    0,   ,   0,    ,    0,    0,    0,    0, 
EP, 12, 2026082800, 03, HCCA,  48, 126N, 1364W,  49,    0,   ,   0,    ,    0,    0,    0,    0, 
EP, 12, 2026082800, 03, HCCA,  60, 127N, 1384W,  46,    0,   ,   0,    ,    0,    0,    0,    0, 
EP, 12, 2026082800, 03, HCCA,  72, 130N, 1405W,  48,    0,   ,   0,    ,    0,    0,    0,    0, 
EP, 12, 2026082800, 03, HCCA,  84, 132N, 1425W,  57,    0,   ,   0,    ,    0,    0,    0,    0, 
EP, 12, 2026082800, 03, HCCA,  96, 134N, 1444W,  73,    0,   ,   0,    ,    0,    0,    0,    0, 
EP, 12, 2026082800, 03, HCCA, 108, 134N, 1463W,  91,    0,   ,   0,    ,    0,    0,    0,    0, 
EP, 12, 2026082800, 03, HCCA, 120, 134N, 1480W, 107,    0,   ,   0,    ,    0,    0,    0,    0, 
EP, 12, 2026082800, 03, HCCA, 132, 136N, 1493W, 120,    0,   ,   0,    ,    0,    0,    0,    0, 
EP, 12, 2026082800, 03, HCCA, 144, 141N, 1499W, 132,    0,   ,   0,    ,    0,    0,    0,    0, 
EP, 12, 2026082800, 03, HCCA, 156, 147N, 1512W, 147,    0,   ,   0,    ,    0,    0,    0,    0, 
EP, 12, 2026082800, 03, HCCA, 168, 147N, 1533W, 169,    0,   ,   0,    ,    0,    0,    0,    0, 
EP, 12, 2026082800, 03, HFSA,   0, 113N, 1336W,  36, 1003, XX,  34, NEQ,    0,   31,    0,    0,  -99,  -99,  29,   0,   0,    ,   0,    ,  69,   5,           ,  ,  0,    ,    0,    0,    0,    0, THERMO PARAMS, -46, 289, 28, N, 10, DT, -999, SHR82, -99, 
EP, 12, 2026082800, 03, HFSA,   6, 119N, 1329W,  44, 1005, XX,  34, NEQ,    0,  181,    0,    0,  -99,  -99,  33,   0,   0,    ,   0,    ,  85,   4,           ,  ,  0,    ,    0,    0,    0,    0, THERMO PARAMS, -17, 72, 5, N, 10, DT, -999, SHR82, -99, 
EP, 12, 2026082800, 03, HFSA,  12, 120N, 1322W,  33, 1003, XX,  34, NEQ,    0,    0,    0,    0,  -99,  -99, 152,   0,   0,    ,   0,    ,  79,   6,           ,  ,  0,    ,    0,    0,    0,    0, THERMO PARAMS, -29, -48, -28, N, 10, DT, -999, SHR82, -99, 
EP, 12, 2026082800, 03, HFSA,  18, 119N, 1319W,  32, 1006, XX,  34, NEQ,    0,    0,    0,    0,  -99,  -99,  93,   0,   0,    ,   0,    ,  87,   2,           ,  ,  0,    ,    0,    0,    0,    0, THERMO PARAMS, -122, -160, 130, N, 10, DT, -999, SHR82, -99, 
EP, 12, 2026082800, 03, HFSA,  24, 120N, 1318W,  31, 1003, XX,  34, NEQ,    0,    0,    0,    0,  -99,  -99,  69,   0,   0,    ,   0,    ,  76,   4,           ,  ,  0,    ,    0,    0,    0,    0, THERMO PARAMS, -38, 586, 147, N, 10, DT, -999, SHR82, -99, 
EP, 12, 2026082800, 03, HFSA,  30, 118N, 1317W,  33, 1006, XX,  34, NEQ,    0,    0,    0,    0,  -99,  -99, 161,   0,   0,    ,   0,    , 237,   0,           ,  ,  0,    ,    0,    0,    0,    0, THERMO PARAMS, -9999, -9999, -9999, N, 10, DT, -999, SHR82, -99, 
EP, 12, 2026082800, 03, HFSA,  36, 123N, 1315W,  30, 1004, XX,  34, NEQ,    0,    0,    0,    0,  -99,  -99, 106,   0,   0,    ,   0,    ,  38,   4,           ,  ,  0,    ,    0,    0,    0,    0, THERMO PARAMS, -9999, -9999, -9999, N, 10, DT, -999, SHR82, -99, 
EP, 12, 2026082800, 03, HFSA,  42, 128N, 1317W,  25, 1007, XX,  34, NEQ,    0,    0,    0,    0,  -99,  -99, 153,   0,   0,    ,   0,    ,  18,   7,           ,  ,  0,    ,    0,    0,    0,    0, THERMO PARAMS, -9999, -9999, -9999, N, 10, DT, -999, SHR82, -99, 
EP, 12, 2026082800, 03, HFSA,  48, 130N, 1325W,  27,  999, XX,  34, NEQ,    0,    0,    0,    0, 1003,    8, 115,   0,   0,    ,   0,    , 281,   7,           ,  ,  0,    ,    0,    0,    0,    0, THERMO PARAMS, 64, -131, 291, N, 10, DT, -999, SHR82, -99, 
EP, 12, 2026082800, 03, HFSA,  54, 128N, 1336W,  34, 1002, XX,  34, NEQ,    0,    0,    0,    0, 1006,    8,  63,   0,   0,    ,   0,    , 280,   6,           ,  ,  0,    ,    0,    0,    0,    0, THERMO PARAMS, 38, 99, 92, N, 10, DT, -999, SHR82, -99, 
EP, 12, 2026082800, 03, HFSA,  60, 129N, 1350W,  41,  999, XX,  34, NEQ,    0,    0,    0,    0, 1003,    6,  26,   0,   0,    ,   0,    , 275,   7,           ,  ,  0,    ,    0,    0,    0,    0, THERMO PARAMS, 76, -84, 253, N, 10, DT, -999, SHR82, -99, 
EP, 12, 2026082800, 03, HFSA,  66, 128N, 1359W,  35,  999, XX,  34, NEQ,    0,    0,    0,    0, 1003,    7,  34,   0,   0,    ,   0,    , 265,   8,           ,  ,  0,    ,    0,    0,    0,    0, THERMO PARAMS, 54, 196, 258, N, 10, DT, -999, SHR82, -99, 
EP, 12, 2026082800, 03, HFSA,  72, 127N, 1367W,  38,  999, XX,  34, NEQ,    0,    0,   32,    0, 1003,   19,  29,   0,   0,    ,   0,    , 239,   4,           ,  ,  0,    ,    0,    0,    0,    0, THERMO PARAMS, -2, -108, -161, N, 10, DT, -999, SHR82, -99, 
EP, 12, 2026082800, 03, HFSA,  78, 127N, 1373W,  33, 1000, XX,  34, NEQ,    0,    0,    0,    0, 1004,    7,  54,   0,   0,    ,   0,    , 264,  10,           ,  ,  0,    ,    0,    0,    0,    0, THERMO PARAMS, 11, 92, 198, N, 10, DT, -999, SHR82, -99, 
EP, 12, 2026082800, 03, HFSA,  84, 128N, 1382W,  39, 1002, XX,  34, NEQ,    0,    0,    0,    0,  -99,  -99,  49,   0,   0,    ,   0,    , 256,   5,           ,  ,  0,    ,    0,    0,    0,    0, THERMO PARAMS, 11, -165, 411, N, 10, DT, -999, SHR82, -99, 
EP, 12, 2026082800, 03, HFSA,  90, 124N, 1386W,  43, 1002, XX,  34, NEQ,    0,    0,   44,   63, 1006,   37,  32,   0,   0,    ,   0,    , 226,   2,           ,  ,  0,    ,    0,    0,    0,    0, THERMO PARAMS, -25, 2, 325, N, 10, DT, -999, SHR82, -99, 
EP, 12, 2026082800, 03, HFSA,  96, 127N, 1390W,  39,  999, XX,  34, NEQ,    0,    0,    0,   78, 1003,   28,  76,   0,   0,    ,   0,    , 278,   5,           ,  ,  0,    ,    0,    0,    0,    0, THERMO PARAMS, 21, 364, 466, N, 10, DT, -999, SHR82, -99, 
EP, 12, 2026082800, 03, HFSA, 102, 127N, 1395W,  41, 1000, XX,  34, NEQ,   58,    0,    0,   68, 1004,   25,  33,   0,   0,    ,   0,    , 275,   3,           ,  ,  0,    ,    0,    0,    0,    0, THERMO PARAMS, -12, 255, 651, N, 10, DT, -999, SHR82, -99, 
EP, 12, 2026082800, 03, HFSA, 108, 128N, 1399W,  43,  997, XX,  34, NEQ,   70,    0,   40,   73, 1001,   28,  37,   0,   0,    ,   0,    , 262,   3,           ,  ,  0,    ,    0,    0,    0,    0, THERMO PARAMS, -31, 528, 420, N, 10, DT, -999, SHR82, -99, 
EP, 12, 2026082800, 03, HFSA, 114, 133N, 1402W,  54,  994, XX,  34, NEQ,   76,    0,   42,   74,  998,   10,  25,   0,   0,    ,   0,    , 314,   5,           ,  ,  0,    ,    0,    0,    0,    0, THERMO PARAMS, 18, 277, 766, N, 10, DT, -999, SHR82, -99, 
EP, 12, 2026082800, 03, HFSA, 120, 136N, 1406W,  62,  989, XX,  34, NEQ,   79,   37,   57,   78,  993,   10,  17,   0,   0,    ,   0,    , 313,   3,           ,  ,  0,    ,    0,    0,    0,    0, THERMO PARAMS, -14, 851, 649, N, 10, DT, -999, SHR82, -99, 
EP, 12, 2026082800, 03, HFSA, 120, 136N, 1406W,  62,  989, XX,  50, NEQ,    0,   21,   32,   31,  993,   10,  17,   0,   0,    ,   0,    , 313,   3,           ,  ,  0,    ,    0,    0,    0,    0, THERMO PARAMS, -14, 851, 649, N, 10, DT, -999, SHR82, -99, 
EP, 12, 2026082800, 03, HFSA, 126, 139N, 1409W,  61,  990, XX,  34, NEQ,   83,   39,   55,   81, 1002,   36,  18,   0,   0,    ,   0,    , -99, -99,           ,  ,  0,    ,    0,    0,    0,    0, THERMO PARAMS, 16, 627, 843, N, 10, DT, -999, SHR82, -99, 
EP, 12, 2026082800, 03, HFSA, 126, 139N, 1409W,  61,  990, XX,  50, NEQ,   23,    0,   32,   23, 1002,   36,  18,   0,   0,    ,   0,    , -99, -99,           ,  ,  0,    ,    0,    0,    0,    0, THERMO PARAMS, 16, 627, 843, N, 10, DT, -999, SHR82, -99, 
EP, 12, 2026082800, 03, TVCN,   0, 113N, 1336W,   0,    0,   ,   0,    ,    0,    0,    0,    0, 
EP, 12, 2026082800, 03, TVCN,  12, 118N, 1329W,   0,    0,   ,   0,    ,    0,    0,    0,    0, 
EP, 12, 2026082800, 03, TVCN,  24, 123N, 1329W,   0,    0,   ,   0,    ,    0,    0,    0,    0, 
EP, 12, 2026082800, 03, TVCN,  36, 125N, 1338W,   0,    0,   ,   0,    ,    0,    0,    0,    0, 
EP, 12, 2026082800, 03, TVCN,  48, 128N, 1351W,   0,    0,   ,   0,    ,    0,    0,    0,    0, 
EP, 12, 2026082800, 03, TVCN,  60, 131N, 1366W,   0,    0,   ,   0,    ,    0,    0,    0,    0, 
EP, 12, 2026082800, 03, TVCN,  72, 134N, 1381W,   0,    0,   ,   0,    ,    0,    0,    0,    0, 
EP, 12, 2026082800, 03, TVCN,  84, 136N, 1397W,   0,    0,   ,   0,    ,    0,    0,    0,    0, 
EP, 12, 2026082800, 03, TVCN,  96, 137N, 1411W,   0,    0,   ,   0,    ,    0,    0,    0,    0, 
EP, 12, 2026082800, 03, TVCN, 108, 139N, 1423W,   0,    0,   ,   0,    ,    0,    0,    0,    0, 
EP, 12, 2026082800, 03, TVCN, 120, 140N, 1435W,   0,    0,   ,   0,    ,    0,    0,    0,    0, 
EP, 12, 2026082800, 03, TVCN, 132, 143N, 1445W,   0,    0,   ,   0,    ,    0,    0,    0,    0, 
EP, 12, 2026082800, 03, TVCN, 144, 143N, 1469W,   0,    0,   ,   0,    ,    0,    0,    0,    0, 
EP, 12, 2026082800, 03, TVCN, 156, 148N, 1477W,   0,    0,   ,   0,    ,    0,    0,    0,    0, 
EP, 12, 2026082800, 03, TVCN, 168, 153N, 1483W,   0,    0,   ,   0,    ,    0,    0,    0,    0, 
EP, 12, 2026082806, 03, AVNO,   0, 121N, 1332W,  31, 1005, XX,  34, NEQ,    0,    0,    0,    0, 1009,   91,  52,   0,   0, 
EP, 12, 2026082806, 03, AVNO,   6, 122N, 1328W,  31, 1002, XX,  34, NEQ,    0,    0,    0,    0, 1006,   68,  54,   0,   0, 
EP, 12, 2026082806, 03, AVNO,  12, 121N, 1329W,  32, 1004, XX,  34, NEQ,    0,    0,    0,    0, 1008,   85,  23,   0,   0, 
EP, 12, 2026082806, 03, AVNO,  18, 123N, 1326W,  29, 1001, XX,  34, NEQ,    0,    0,    0,    0, 1005,   67,  47,   0,   0, 
EP, 12, 2026082806, 03, AVNO,  24, 123N, 1327W,  28, 1004, XX,  34, NEQ,    0,    0,    0,    0, 1008,   65,  35,   0,   0, 
EP, 12, 2026082806, 03, AVNO,  30, 123N, 1335W,  32, 1000, XX,  34, NEQ,    0,    0,    0,    0, 1004,   60,  34,   0,   0, 
EP, 12, 2026082806, 03, AVNO,  36, 121N, 1342W,  34, 1002, XX,  34, NEQ,   57,    0,    0,    0, 1010,  202,  57,   0,   0, 
EP, 12, 2026082806, 03, AVNO,  42, 123N, 1348W,  31, 1001, XX,  34, NEQ,    0,    0,    0,    0, 1005,   56,  48,   0,   0, 
EP, 12, 2026082806, 03, AVNO,  48, 125N, 1352W,  29, 1002, XX,  34, NEQ,    0,    0,    0,    0, 1010,  135,  62,   0,   0, 
EP, 12, 2026082806, 03, AVNO,  54, 127N, 1359W,  35,  997, XX,  34, NEQ,   39,    0,    0,    0, 1005,   62,  38,   0,   0, 
EP, 12, 2026082806, 03, AVNO,  60, 129N, 1371W,  38,  999, XX,  34, NEQ,   40,   38,    0,   36, 1011,  244,  36,   0,   0, 
EP, 12, 2026082806, 03, AVNO,  66, 130N, 1384W,  50,  994, XX,  34, NEQ,   47,   36,   34,   48, 1006,  101,  26,   0,   0, 
EP, 12, 2026082806, 03, AVNO,  66, 130N, 1384W,  50,  994, XX,  50, NEQ,   26,    0,    0,    0, 1006,  101,  26,   0,   0, 
EP, 12, 2026082806, 03, AVNO,  72, 130N, 1395W,  49,  988, XX,  34, NEQ,   32,   38,   33,   44, 1008,  109,  16,   0,   0, 
EP, 12, 2026082806, 03, AVNO,  78, 129N, 1404W,  60,  982, XX,  34, NEQ,   40,   55,   58,   56, 1006,  100,  21,   0,   0, 
EP, 12, 2026082806, 03, AVNO,  78, 129N, 1404W,  60,  982, XX,  50, NEQ,   26,   28,   19,   24, 1006,  100,  21,   0,   0, 
EP, 12, 2026082806, 03, AVNO,  84, 131N, 1411W,  63,  981, XX,  34, NEQ,   56,   57,   46,   65, 1009,  121,  25,   0,   0, 
EP, 12, 2026082806, 03, AVNO,  84, 131N, 1411W,  63,  981, XX,  50, NEQ,   29,   33,   26,   31, 1009,  121,  25,   0,   0, 
EP, 12, 2026082806, 03, AVNO,  90, 133N, 1419W,  67,  971, XX,  34, NEQ,   64,   66,   72,   76,  987,   29,  15,   0,   0, 
EP, 12, 2026082806, 03, AVNO,  90, 133N, 1419W,  67,  971, XX,  50, NEQ,   37,   35,   35,   36,  987,   29,  15,   0,   0, 
EP, 12, 2026082806, 03, AVNO,  90, 133N, 1419W,  67,  971, XX,  64, NEQ,    0,   22,   19,   17,  987,   29,  15,   0,   0, 
EP, 12, 2026082806, 03, AVNO,  96, 133N, 1425W,  73,  968, XX,  34, NEQ,   74,   64,   85,   79,  992,   30,  22,   0,   0, 
EP, 12, 2026082806, 03, AVNO,  96, 133N, 1425W,  73,  968, XX,  50, NEQ,   38,   37,   40,   36,  992,   30,  22,   0,   0, 
EP, 12, 2026082806, 03, AVNO,  96, 133N, 1425W,  73,  968, XX,  64, NEQ,    0,   25,   24,   28,  992,   30,  22,   0,   0, 
EP, 12, 2026082806, 03, AVNO, 102, 136N, 1431W,  75,  964, XX,  34, NEQ,   85,   65,   77,   90,  988,   31,  25,   0,   0, 
EP, 12, 2026082806, 03, AVNO, 102, 136N, 1431W,  75,  964, XX,  50, NEQ,   44,   37,   37,   44,  988,   31,  25,   0,   0, 
EP, 12, 2026082806, 03, AVNO, 102, 136N, 1431W,  75,  964, XX,  64, NEQ,   30,   27,   24,   27,  988,   31,  25,   0,   0, 
EP, 12, 2026082806, 03, AVNO, 108, 137N, 1437W,  80,  965, XX,  34, NEQ,  107,   63,   65,  107,  997,   38,  20,   0,   0, 
EP, 12, 2026082806, 03, AVNO, 108, 137N, 1437W,  80,  965, XX,  50, NEQ,   41,   40,   35,   46,  997,   38,  20,   0,   0, 
EP, 12, 2026082806, 03, AVNO, 108, 137N, 1437W,  80,  965, XX,  64, NEQ,   29,   33,   26,   31,  997,   38,  20,   0,   0, 
EP, 12, 2026082806, 03, AVNO, 114, 140N, 1442W,  81,  958, XX,  34, NEQ,  107,   77,   78,  110,  978,   21,  19,   0,   0, 
EP, 12, 2026082806, 03, AVNO, 114, 140N, 1442W,  81,  958, XX,  50, NEQ,   48,   43,   40,   50,  978,   21,  19,   0,   0, 
EP, 12, 2026082806, 03, AVNO, 114, 140N, 1442W,  81,  958, XX,  64, NEQ,   33,   34,   31,   35,  978,   21,  19,   0,   0, 
EP, 12, 2026082806, 03, AVNO, 120, 143N, 1447W,  83,  961, XX,  34, NEQ,  115,   77,   75,  118,  973,   21,  21,   0,   0, 
EP, 12, 2026082806, 03, AVNO, 120, 143N, 1447W,  83,  961, XX,  50, NEQ,   54,   44,   42,   57,  973,   21,  21,   0,   0, 
EP, 12, 2026082806, 03, AVNO, 120, 143N, 1447W,  83,  961, XX,  64, NEQ,   32,   35,   31,   35,  973,   21,  21,   0,   0, 
EP, 12, 2026082806, 03, AVNO, 126, 149N, 1453W,  82,  961, XX,  34, NEQ,  116,   75,   71,  114,  989,   47,  23,   0,   0, 
EP, 12, 2026082806, 03, AVNO, 126, 149N, 1453W,  82,  961, XX,  50, NEQ,   58,   43,   44,   58,  989,   47,  23,   0,   0, 
EP, 12, 2026082806, 03, AVNO, 126, 149N, 1453W,  82,  961, XX,  64, NEQ,   32,   33,   32,   38,  989,   47,  23,   0,   0, 
EP, 12, 2026082806, 03, AVNO, 132, 154N, 1459W,  81,  963, XX,  34, NEQ,  111,   75,   80,  105,  987,   42,  22,   0,   0, 
EP, 12, 2026082806, 03, AVNO, 132, 154N, 1459W,  81,  963, XX,  50, NEQ,   55,   43,   49,   60,  987,   42,  22,   0,   0, 
EP, 12, 2026082806, 03, AVNO, 132, 154N, 1459W,  81,  963, XX,  64, NEQ,   38,   33,   36,   38,  987,   42,  22,   0,   0, 
EP, 12, 2026082806, 03, AVNO, 138, 159N, 1465W,  80,  960, XX,  34, NEQ,  115,   76,   77,  107,  972,   21,  27,   0,   0, 
EP, 12, 2026082806, 03, AVNO, 138, 159N, 1465W,  80,  960, XX,  50, NEQ,   56,   46,   47,   56,  972,   21,  27,   0,   0, 
EP, 12, 2026082806, 03, AVNO, 138, 159N, 1465W,  80,  960, XX,  64, NEQ,   41,   37,   36,   39,  972,   21,  27,   0,   0, 
EP, 12, 2026082806, 03, AVNO, 144, 163N, 1471W,  78,  966, XX,  34, NEQ,  119,   68,   76,  115,  990,   36,  26,   0,   0, 
EP, 12, 2026082806, 03, AVNO, 144, 163N, 1471W,  78,  966, XX,  50, NEQ,   57,   45,   43,   59,  990,   36,  26,   0,   0, 
EP, 12, 2026082806, 03, AVNO, 144, 163N, 1471W,  78,  966, XX,  64, NEQ,   34,   34,   31,   36,  990,   36,  26,   0,   0, 
EP, 12, 2026082806, 03, AVNO, 150, 168N, 1477W,  70,  967, XX,  34, NEQ,  116,   72,   76,  106, 1007,  126,  19,   0,   0, 
EP, 12, 2026082806, 03, AVNO, 150, 168N, 1477W,  70,  967, XX,  50, NEQ,   52,   45,   45,   57, 1007,  126,  19,   0,   0, 
EP, 12, 2026082806, 03, AVNO, 150, 168N, 1477W,  70,  967, XX,  64, NEQ,   30,   32,   34,   32, 1007,  126,  19,   0,   0, 
EP, 12, 2026082806, 03, AVNO, 156, 171N, 1483W,  69,  972, XX,  34, NEQ,  118,   75,   77,  105,  988,   29,  26,   0,   0, 
EP, 12, 2026082806, 03, AVNO, 156, 171N, 1483W,  69,  972, XX,  50, NEQ,   52,   43,   48,   51,  988,   29,  26,   0,   0, 
EP, 12, 2026082806, 03, AVNO, 156, 171N, 1483W,  69,  972, XX,  64, NEQ,   31,   29,   32,   32,  988,   29,  26,   0,   0, 
EP, 12, 2026082806, 03, AVNO, 162, 174N, 1488W,  71,  972, XX,  34, NEQ,  113,   75,   73,  111, 1004,   85,  21,   0,   0, 
EP, 12, 2026082806, 03, AVNO, 162, 174N, 1488W,  71,  972, XX,  50, NEQ,   52,   48,   44,   57, 1004,   85,  21,   0,   0, 
EP, 12, 2026082806, 03, AVNO, 162, 174N, 1488W,  71,  972, XX,  64, NEQ,   33,   31,   29,   26, 1004,   85,  21,   0,   0, 
EP, 12, 2026082806, 03, AVNO, 168, 176N, 1493W,  69,  973, XX,  34, NEQ,  110,   72,   73,  107, 1009,  290,  27,   0,   0, 
EP, 12, 2026082806, 03, AVNO, 168, 176N, 1493W,  69,  973, XX,  50, NEQ,   56,   47,   42,   56, 1009,  290,  27,   0,   0, 
EP, 12, 2026082806, 03, AVNO, 168, 176N, 1493W,  69,  973, XX,  64, NEQ,   30,    0,   27,   35, 1009,  290,  27,   0,   0, 
EP, 12, 2026082806, 03, AVNO, 174, 177N, 1499W,  67,  973, XX,  34, NEQ,  106,   71,   80,   98, 1005,  112,  31,   0,   0, 
EP, 12, 2026082806, 03, AVNO, 174, 177N, 1499W,  67,  973, XX,  50, NEQ,   59,   36,   47,   51, 1005,  112,  31,   0,   0, 
EP, 12, 2026082806, 03, AVNO, 174, 177N, 1499W,  67,  973, XX,  64, NEQ,   32,    0,    0,   32, 1005,  112,  31,   0,   0, 
EP, 12, 2026082806, 03, AVNO, 180, 178N, 1503W,  67,  974, XX,  34, NEQ,  108,   70,   83,  106, 1006,  108,  24,   0,   0, 
EP, 12, 2026082806, 03, AVNO, 180, 178N, 1503W,  67,  974, XX,  50, NEQ,   60,   46,   44,   59, 1006,  108,  24,   0,   0, 
EP, 12, 2026082806, 03, AVNO, 180, 178N, 1503W,  67,  974, XX,  64, NEQ,   30,    0,   28,   31, 1006,  108,  24,   0,   0, 
EP, 12, 2026082806, 03, AVNO, 186, 178N, 1509W,  66,  973, XX,  34, NEQ,  109,   69,   79,  105, 1005,  137,  23,   0,   0, 
EP, 12, 2026082806, 03, AVNO, 186, 178N, 1509W,  66,  973, XX,  50, NEQ,   50,   52,   49,   57, 1005,  137,  23,   0,   0, 
EP, 12, 2026082806, 03, AVNO, 186, 178N, 1509W,  66,  973, XX,  64, NEQ,    0,    0,    0,   26, 1005,  137,  23,   0,   0, 
EP, 12, 2026082806, 03, AVNO, 192, 177N, 1512W,  66,  973, XX,  34, NEQ,  115,   67,   77,  108,  989,   32,  20,   0,   0, 
EP, 12, 2026082806, 03, AVNO, 192, 177N, 1512W,  66,  973, XX,  50, NEQ,   63,   39,   48,   62,  989,   32,  20,   0,   0, 
EP, 12, 2026082806, 03, AVNO, 192, 177N, 1512W,  66,  973, XX,  64, NEQ,    0,    0,   34,   37,  989,   32,  20,   0,   0, 
EP, 12, 2026082806, 03, AVNO, 198, 177N, 1516W,  66,  973, XX,  34, NEQ,  103,   73,   82,   95, 1005,  140,  27,   0,   0, 
EP, 12, 2026082806, 03, AVNO, 198, 177N, 1516W,  66,  973, XX,  50, NEQ,   47,   46,   42,   52, 1005,  140,  27,   0,   0, 
EP, 12, 2026082806, 03, AVNO, 198, 177N, 1516W,  66,  973, XX,  64, NEQ,    0,    0,   28,    0, 1005,  140,  27,   0,   0, 
EP, 12, 2026082806, 03, AVNO, 204, 177N, 1518W,  63,  976, XX,  34, NEQ,  103,   71,   87,   95, 1008,  182,  31,   0,   0, 
EP, 12, 2026082806, 03, AVNO, 204, 177N, 1518W,  63,  976, XX,  50, NEQ,   50,   38,   50,   51, 1008,  182,  31,   0,   0, 
EP, 12, 2026082806, 03, AVNO, 210, 179N, 1521W,  64,  974, XX,  34, NEQ,  100,   72,   83,   95, 1006,  239,  36,   0,   0, 
EP, 12, 2026082806, 03, AVNO, 210, 179N, 1521W,  64,  974, XX,  50, NEQ,   55,   41,   50,   51, 1006,  239,  36,   0,   0, 
EP, 12, 2026082806, 03, AVNO, 216, 181N, 1522W,  72,  975, XX,  34, NEQ,  101,   78,   79,   98, 1007,  143,  23,   0,   0, 
EP, 12, 2026082806, 03, AVNO, 216, 181N, 1522W,  72,  975, XX,  50, NEQ,   40,   48,   46,   56, 1007,  143,  23,   0,   0, 
EP, 12, 2026082806, 03, AVNO, 216, 181N, 1522W,  72,  975, XX,  64, NEQ,    0,   29,   30,    0, 1007,  143,  23,   0,   0, 
EP, 12, 2026082806, 03, AVNO, 222, 185N, 1523W,  63,  974, XX,  34, NEQ,   99,   79,   81,   92, 1006,  166,  32,   0,   0, 
EP, 12, 2026082806, 03, AVNO, 222, 185N, 1523W,  63,  974, XX,  50, NEQ,   55,   47,   46,   51, 1006,  166,  32,   0,   0, 
EP, 12, 2026082806, 03, AVNO, 228, 188N, 1524W,  61,  977, XX,  34, NEQ,   99,   83,   85,   87, 1005,  102,  26,   0,   0, 
EP, 12, 2026082806, 03, AVNO, 228, 188N, 1524W,  61,  977, XX,  50, NEQ,   55,   49,   49,   48, 1005,  102,  26,   0,   0, 
EP, 12, 2026082806, 03, AVNO, 234, 194N, 1525W,  62,  975, XX,  34, NEQ,  101,   92,   87,   86, 1003,   98,  29,   0,   0, 
EP, 12, 2026082806, 03, AVNO, 234, 194N, 1525W,  62,  975, XX,  50, NEQ,   56,   44,   51,   48, 1003,   98,  29,   0,   0, 
EP, 12, 2026082806, 03, AVNO, 240, 198N, 1525W,  61,  977, XX,  34, NEQ,  113,   84,   81,   93, 1005,  101,  40,   0,   0, 
EP, 12, 2026082806, 03, AVNO, 240, 198N, 1525W,  61,  977, XX,  50, NEQ,   56,   47,   50,   49, 1005,  101,  40,   0,   0, 
EP, 12, 2026082806, 03, HCCA,   0, 116N, 1330W,  40,    0,   ,   0,    ,    0,    0,    0,    0, 
EP, 12, 2026082806, 03, HCCA,  12, 120N, 1330W,  41,    0,   ,   0,    ,    0,    0,    0,    0, 
EP, 12, 2026082806, 03, HCCA,  24, 122N, 1340W,  44,    0,   ,   0,    ,    0,    0,    0,    0, 
EP, 12, 2026082806, 03, HCCA,  36, 123N, 1353W,  47,    0,   ,   0,    ,    0,    0,    0,    0, 
EP, 12, 2026082806, 03, HCCA,  48, 123N, 1370W,  50,    0,   ,   0,    ,    0,    0,    0,    0, 
EP, 12, 2026082806, 03, HCCA,  60, 127N, 1389W,  52,    0,   ,   0,    ,    0,    0,    0,    0, 
EP, 12, 2026082806, 03, HCCA,  72, 130N, 1408W,  58,    0,   ,   0,    ,    0,    0,    0,    0, 
EP, 12, 2026082806, 03, HCCA,  84, 132N, 1426W,  67,    0,   ,   0,    ,    0,    0,    0,    0, 
EP, 12, 2026082806, 03, HCCA,  96, 135N, 1446W,  95,    0,   ,   0,    ,    0,    0,    0,    0, 
EP, 12, 2026082806, 03, HCCA, 108, 136N, 1466W, 114,    0,   ,   0,    ,    0,    0,    0,    0, 
EP, 12, 2026082806, 03, HCCA, 120, 136N, 1482W, 118,    0,   ,   0,    ,    0,    0,    0,    0, 
EP, 12, 2026082806, 03, HCCA, 132, 137N, 1494W, 128,    0,   ,   0,    ,    0,    0,    0,    0, 
EP, 12, 2026082806, 03, HCCA, 144, 141N, 1501W, 133,    0,   ,   0,    ,    0,    0,    0,    0, 
EP, 12, 2026082806, 03, HCCA, 156, 146N, 1505W, 140,    0,   ,   0,    ,    0,    0,    0,    0, 
EP, 12, 2026082806, 03, HCCA, 168, 149N, 1507W, 150,    0,   ,   0,    ,    0,    0,    0,    0, 
EP, 12, 2026082806, 03, HFSA,   0, 116N, 1333W,  42, 1003, XX,  34, NEQ,    0,   65,    0,    0, 1007,   67,  46,   0,   0,    ,   0,    ,  66,   5,           ,  ,  0,    ,    0,    0,    0,    0, THERMO PARAMS, -5, -83, 209, N, 10, DT, -999, SHR82, -99, 
EP, 12, 2026082806, 03, HFSA,   6, 120N, 1327W,  37, 1001, XX,  34, NEQ,    0,    0,   62,    0,  -99,  -99,  41,   0,   0,    ,   0,    ,  30,   4,           ,  ,  0,    ,    0,    0,    0,    0, THERMO PARAMS, 86, 357, -47, N, 10, DT, -999, SHR82, -99, 
EP, 12, 2026082806, 03, HFSA,  12, 122N, 1325W,  32, 1003, XX,  34, NEQ,    0,    0,    0,    0,  -99,  -99, 109,   0,   0,    ,   0,    ,  39,   1,           ,  ,  0,    ,    0,    0,    0,    0, THERMO PARAMS, -56, 262, 258, N, 10, DT, -999, SHR82, -99, 
EP, 12, 2026082806, 03, HFSA,  18, 125N, 1324W,  32, 1001, XX,  34, NEQ,    0,    0,    0,    0,  -99,  -99, 130,   0,   0,    ,   0,    ,   5,   3,           ,  ,  0,    ,    0,    0,    0,    0, THERMO PARAMS, 92, -417, 487, N, 10, DT, -999, SHR82, -99, 
EP, 12, 2026082806, 03, HFSA,  24, 128N, 1327W,  29, 1002, XX,  34, NEQ,    0,    0,    0,    0,  -99,  -99, 119,   0,   0,    ,   0,    , 309,   5,           ,  ,  0,    ,    0,    0,    0,    0, THERMO PARAMS, 77, 156, 243, N, 10, DT, -999, SHR82, -99, 
EP, 12, 2026082806, 03, HFSA,  30, 130N, 1339W,  33,  994, XX,  34, NEQ,    0,    0,    0,    0,  998,    7,  65,   0,   0,    ,   0,    , 285,   9,           ,  ,  0,    ,    0,    0,    0,    0, THERMO PARAMS, 68, 291, 382, N, 10, DT, -999, SHR82, -99, 
EP, 12, 2026082806, 03, HFSA,  36, 130N, 1349W,  49,  995, XX,  34, NEQ,    0,   23,   36,    0, 1003,   16,  19,   0,   0,    ,   0,    , 285,   7,           ,  ,  0,    ,    0,    0,    0,    0, THERMO PARAMS, 77, 528, 363, N, 10, DT, -999, SHR82, -99, 
EP, 12, 2026082806, 03, HFSA,  42, 132N, 1354W,  51,  995, XX,  34, NEQ,   32,   39,   34,    0,  -99,  -99,  26,   0,   0,    ,   0,    , 293,   5,           ,  ,  0,    ,    0,    0,    0,    0, THERMO PARAMS, 110, 99, 341, N, 10, DT, -999, SHR82, -99, 
EP, 12, 2026082806, 03, HFSA,  48, 133N, 1361W,  42, 1000, XX,  34, NEQ,    0,   49,    0,    0, 1004,   20,  47,   0,   0,    ,   0,    , 281,   7,           ,  ,  0,    ,    0,    0,    0,    0, THERMO PARAMS, 69, -63, 363, N, 10, DT, -999, SHR82, -99, 
EP, 12, 2026082806, 03, HFSA,  54, 135N, 1371W,  39,  995, XX,  34, NEQ,   34,   28,    0,    0,  999,    9,  25,   0,   0,    ,   0,    , 282,  10,           ,  ,  0,    ,    0,    0,    0,    0, THERMO PARAMS, 71, 440, 605, N, 10, DT, -999, SHR82, -99, 
EP, 12, 2026082806, 03, HFSA,  60, 136N, 1384W,  35,  997, XX,  34, NEQ,    0,    0,    0,    0, 1001,    6,  14,   0,   0,    ,   0,    , 279,  10,           ,  ,  0,    ,    0,    0,    0,    0, THERMO PARAMS, 56, 202, 288, N, 10, DT, -999, SHR82, -99, 
EP, 12, 2026082806, 03, HFSA,  66, 136N, 1397W,  38,  992, XX,  34, NEQ,    0,   15,   47,   31, 1000,   18,  45,   0,   0,    ,   0,    , 267,  10,           ,  ,  0,    ,    0,    0,    0,    0, THERMO PARAMS, 75, 627, 537, N, 10, DT, -999, SHR82, -99, 
EP, 12, 2026082806, 03, HFSA,  72, 133N, 1409W,  52,  993, XX,  34, NEQ,   26,   31,   34,   62,  997,    9,  23,   0,   0,    ,   0,    , 250,   9,           ,  ,  0,    ,    0,    0,    0,    0, THERMO PARAMS, 46, 444, 772, N, 10, DT, -999, SHR82, -99, 
EP, 12, 2026082806, 03, HFSA,  72, 133N, 1409W,  52,  993, XX,  50, NEQ,   16,    0,   23,    0,  997,    9,  23,   0,   0,    ,   0,    , 250,   9,           ,  ,  0,    ,    0,    0,    0,    0, THERMO PARAMS, 46, 444, 772, N, 10, DT, -999, SHR82, -99, 
EP, 12, 2026082806, 03, HFSA,  78, 134N, 1418W,  51,  990, XX,  34, NEQ,   36,   34,   40,   39, 1002,   36,  14,   0,   0,    ,   0,    , 270,   9,           ,  ,  0,    ,    0,    0,    0,    0, THERMO PARAMS, 23, 1081, 775, N, 10, DT, -999, SHR82, -99, 
EP, 12, 2026082806, 03, HFSA,  78, 134N, 1418W,  51,  990, XX,  50, NEQ,    0,    0,    0,   15, 1002,   36,  14,   0,   0,    ,   0,    , 270,   9,           ,  ,  0,    ,    0,    0,    0,    0, THERMO PARAMS, 23, 1081, 775, N, 10, DT, -999, SHR82, -99, 
EP, 12, 2026082806, 03, HFSA,  84, 134N, 1427W,  54,  991, XX,  34, NEQ,   55,   29,   45,   71, 1003,   32,  15,   0,   0,    ,   0,    , 269,   8,           ,  ,  0,    ,    0,    0,    0,    0, THERMO PARAMS, -14, 1065, 850, N, 10, DT, -999, SHR82, -99, 
EP, 12, 2026082806, 03, HFSA,  84, 134N, 1427W,  54,  991, XX,  50, NEQ,   19,   21,   19,   19, 1003,   32,  15,   0,   0,    ,   0,    , 269,   8,           ,  ,  0,    ,    0,    0,    0,    0, THERMO PARAMS, -14, 1065, 850, N, 10, DT, -999, SHR82, -99, 
EP, 12, 2026082806, 03, HFSA,  90, 135N, 1437W,  56,  984, XX,  34, NEQ,   84,   32,   52,   76, 1000,   37,  15,   0,   0,    ,   0,    , 264,   8,           ,  ,  0,    ,    0,    0,    0,    0, THERMO PARAMS, -3, 1241, 1130, N, 10, DT, -999, SHR82, -99, 
EP, 12, 2026082806, 03, HFSA,  90, 135N, 1437W,  56,  984, XX,  50, NEQ,   23,    0,   21,   24, 1000,   37,  15,   0,   0,    ,   0,    , 264,   8,           ,  ,  0,    ,    0,    0,    0,    0, THERMO PARAMS, -3, 1241, 1130, N, 10, DT, -999, SHR82, -99, 
EP, 12, 2026082806, 03, HFSA,  96, 135N, 1446W,  69,  982, XX,  34, NEQ,   86,   44,   57,   81,  998,   25,  13,   0,   0,    ,   0,    , 257,   8,           ,  ,  0,    ,    0,    0,    0,    0, THERMO PARAMS, -9, 1174, 1078, N, 10, DT, -999, SHR82, -99, 
EP, 12, 2026082806, 03, HFSA,  96, 135N, 1446W,  69,  982, XX,  50, NEQ,   24,   16,   26,   28,  998,   25,  13,   0,   0,    ,   0,    , 257,   8,           ,  ,  0,    ,    0,    0,    0,    0, THERMO PARAMS, -9, 1174, 1078, N, 10, DT, -999, SHR82, -99, 
EP, 12, 2026082806, 03, HFSA,  96, 135N, 1446W,  69,  982, XX,  64, NEQ,    0,    0,    0,   16,  998,   25,  13,   0,   0,    ,   0,    , 257,   8,           ,  ,  0,    ,    0,    0,    0,    0, THERMO PARAMS, -9, 1174, 1078, N, 10, DT, -999, SHR82, -99, 
EP, 12, 2026082806, 03, HFSA, 102, 136N, 1456W,  75,  975, XX,  34, NEQ,  108,   53,   65,   81,  999,   38,  12,   0,   0,    ,   0,    , 268,   8,           ,  ,  0,    ,    0,    0,    0,    0, THERMO PARAMS, -26, 1619, 1699, N, 10, DT, -999, SHR82, -99, 
EP, 12, 2026082806, 03, HFSA, 102, 136N, 1456W,  75,  975, XX,  50, NEQ,   26,   28,   28,   32,  999,   38,  12,   0,   0,    ,   0,    , 268,   8,           ,  ,  0,    ,    0,    0,    0,    0, THERMO PARAMS, -26, 1619, 1699, N, 10, DT, -999, SHR82, -99, 
EP, 12, 2026082806, 03, HFSA, 102, 136N, 1456W,  75,  975, XX,  64, NEQ,   18,    0,   16,   18,  999,   38,  12,   0,   0,    ,   0,    , 268,   8,           ,  ,  0,    ,    0,    0,    0,    0, THERMO PARAMS, -26, 1619, 1699, N, 10, DT, -999, SHR82, -99, 
EP, 12, 2026082806, 03, HFSA, 108, 137N, 1465W,  86,  968, XX,  34, NEQ,  102,   55,   66,  117,  992,   22,  12,   0,   0,    ,   0,    , 272,   8,           ,  ,  0,    ,    0,    0,    0,    0, THERMO PARAMS, -22, 1691, 1947, N, 10, DT, -999, SHR82, -99, 
EP, 12, 2026082806, 03, HFSA, 108, 137N, 1465W,  86,  968, XX,  50, NEQ,   34,   31,   31,   34,  992,   22,  12,   0,   0,    ,   0,    , 272,   8,           ,  ,  0,    ,    0,    0,    0,    0, THERMO PARAMS, -22, 1691, 1947, N, 10, DT, -999, SHR82, -99, 
EP, 12, 2026082806, 03, HFSA, 108, 137N, 1465W,  86,  968, XX,  64, NEQ,   23,   15,   16,   23,  992,   22,  12,   0,   0,    ,   0,    , 272,   8,           ,  ,  0,    ,    0,    0,    0,    0, THERMO PARAMS, -22, 1691, 1947, N, 10, DT, -999, SHR82, -99, 
EP, 12, 2026082806, 03, HFSA, 114, 139N, 1474W, 100,  960, XX,  34, NEQ,  131,   63,   78,  123, 1000,   52,  11,   0,   0,    ,   0,    , 276,   7,           ,  ,  0,    ,    0,    0,    0,    0, THERMO PARAMS, -30, 1715, 2291, N, 10, DT, -999, SHR82, -99, 
EP, 12, 2026082806, 03, HFSA, 114, 139N, 1474W, 100,  960, XX,  50, NEQ,   37,   34,   31,   44, 1000,   52,  11,   0,   0,    ,   0,    , 276,   7,           ,  ,  0,    ,    0,    0,    0,    0, THERMO PARAMS, -30, 1715, 2291, N, 10, DT, -999, SHR82, -99, 
EP, 12, 2026082806, 03, HFSA, 114, 139N, 1474W, 100,  960, XX,  64, NEQ,   26,   24,   21,   26, 1000,   52,  11,   0,   0,    ,   0,    , 276,   7,           ,  ,  0,    ,    0,    0,    0,    0, THERMO PARAMS, -30, 1715, 2291, N, 10, DT, -999, SHR82, -99, 
EP, 12, 2026082806, 03, HFSA, 120, 140N, 1482W, 104,  955, XX,  34, NEQ,  133,   71,   78,  118, 1003,   62,  12,   0,   0,    ,   0,    , 275,   8,           ,  ,  0,    ,    0,    0,    0,    0, THERMO PARAMS, -3, 1697, 2645, N, 10, DT, -999, SHR82, -99, 
EP, 12, 2026082806, 03, HFSA, 120, 140N, 1482W, 104,  955, XX,  50, NEQ,   40,   34,   32,   45, 1003,   62,  12,   0,   0,    ,   0,    , 275,   8,           ,  ,  0,    ,    0,    0,    0,    0, THERMO PARAMS, -3, 1697, 2645, N, 10, DT, -999, SHR82, -99, 
EP, 12, 2026082806, 03, HFSA, 120, 140N, 1482W, 104,  955, XX,  64, NEQ,   28,   23,   24,   29, 1003,   62,  12,   0,   0,    ,   0,    , 275,   8,           ,  ,  0,    ,    0,    0,    0,    0, THERMO PARAMS, -3, 1697, 2645, N, 10, DT, -999, SHR82, -99, 
EP, 12, 2026082806, 03, HFSA, 126, 142N, 1491W, 111,  950, XX,  34, NEQ,  107,   84,   63,  110,  998,   47,  13,   0,   0,    ,   0,    , -99, -99,           ,  ,  0,    ,    0,    0,    0,    0, THERMO PARAMS, -22, 1791, 2891, N, 10, DT, -999, SHR82, -99, 
EP, 12, 2026082806, 03, HFSA, 126, 142N, 1491W, 111,  950, XX,  50, NEQ,   47,   39,   34,   47,  998,   47,  13,   0,   0,    ,   0,    , -99, -99,           ,  ,  0,    ,    0,    0,    0,    0, THERMO PARAMS, -22, 1791, 2891, N, 10, DT, -999, SHR82, -99, 
EP, 12, 2026082806, 03, HFSA, 126, 142N, 1491W, 111,  950, XX,  64, NEQ,   31,   24,   24,   31,  998,   47,  13,   0,   0,    ,   0,    , -99, -99,           ,  ,  0,    ,    0,    0,    0,    0, THERMO PARAMS, -22, 1791, 2891, N, 10, DT, -999, SHR82, -99, 
EP, 12, 2026082806, 03, TVCN,   0, 116N, 1330W,   0,    0,   ,   0,    ,    0,    0,    0,    0, 
EP, 12, 2026082806, 03, TVCN,  12, 120N, 1325W,   0,    0,   ,   0,    ,    0,    0,    0,    0, 
EP, 12, 2026082806, 03, TVCN,  24, 122N, 1328W,   0,    0,   ,   0,    ,    0,    0,    0,    0, 
EP, 12, 2026082806, 03, TVCN,  36, 124N, 1337W,   0,    0,   ,   0,    ,    0,    0,    0,    0, 
EP, 12, 2026082806, 03, TVCN,  48, 126N, 1351W,   0,    0,   ,   0,    ,    0,    0,    0,    0, 
EP, 12, 2026082806, 03, TVCN,  60, 128N, 1367W,   0,    0,   ,   0,    ,    0,    0,    0,    0, 
EP, 12, 2026082806, 03, TVCN,  72, 130N, 1382W,   0,    0,   ,   0,    ,    0,    0,    0,    0, 
EP, 12, 2026082806, 03, TVCN,  84, 131N, 1395W,   0,    0,   ,   0,    ,    0,    0,    0,    0, 
EP, 12, 2026082806, 03, TVCN,  96, 132N, 1407W,   0,    0,   ,   0,    ,    0,    0,    0,    0, 
EP, 12, 2026082806, 03, TVCN, 108, 135N, 1418W,   0,    0,   ,   0,    ,    0,    0,    0,    0, 
EP, 12, 2026082806, 03, TVCN, 120, 137N, 1427W,   0,    0,   ,   0,    ,    0,    0,    0,    0, 
EP, 12, 2026082806, 03, TVCN, 132, 141N, 1434W,   0,    0,   ,   0,    ,    0,    0,    0,    0, 
EP, 12, 2026082806, 03, TVCN, 144, 142N, 1452W,   0,    0,   ,   0,    ,    0,    0,    0,    0, 
EP, 12, 2026082806, 03, TVCN, 156, 146N, 1461W,   0,    0,   ,   0,    ,    0,    0,    0,    0, 
EP, 12, 2026082806, 03, TVCN, 168, 150N, 1464W,   0,    0,   ,   0,    ,    0,    0,    0,    0, 
EP, 12, 2026082812, 03,  UKX,   0, 119N, 1330W,  23, 1004, XX,  34, NEQ,    0,    0,    0,    0, 
EP, 12, 2026082812, 03,  UKX,   6, 121N, 1334W,  25, 1005, XX,  34, NEQ,    0,    0,    0,    0, 
EP, 12, 2026082812, 03,  UKX,  12, 121N, 1341W,  25, 1003, XX,  34, NEQ,    0,    0,    0,    0, 
EP, 12, 2026082812, 03,  UKX,  18, 119N, 1346W,  27, 1005, XX,  34, NEQ,    0,    0,    0,    0, 
EP, 12, 2026082812, 03,  UKX,  24, 121N, 1353W,  29, 1003, XX,  34, NEQ,    0,    0,    0,    0, 
EP, 12, 2026082812, 03,  UKX,  30, 122N, 1360W,  27, 1005, XX,  34, NEQ,    0,    0,    0,    0, 
EP, 12, 2026082812, 03,  UKX,  36, 124N, 1368W,  29, 1003, XX,  34, NEQ,    0,    0,    0,    0, 
EP, 12, 2026082812, 03,  UKX,  42, 126N, 1379W,  30, 1005, XX,  34, NEQ,    0,    0,    0,    0, 
EP, 12, 2026082812, 03,  UKX,  48, 127N, 1389W,  30, 1002, XX,  34, NEQ,    0,    0,    0,    0, 
EP, 12, 2026082812, 03,  UKX,  54, 129N, 1402W,  30, 1005, XX,  34, NEQ,    0,    0,    0,    0, 
EP, 12, 2026082812, 03,  UKX,  60, 130N, 1415W,  28, 1002, XX,  34, NEQ,    0,    0,    0,    0, 
EP, 12, 2026082812, 03,  UKX,  66, 131N, 1426W,  31, 1004, XX,  34, NEQ,    0,    0,    0,    0, 
EP, 12, 2026082812, 03,  UKX,  72, 128N, 1440W,  31, 1001, XX,  34, NEQ,    0,    0,    0,    0, 
EP, 12, 2026082812, 03,  UKX,  78, 128N, 1451W,  34, 1003, XX,  34, NEQ,    0,    0,    0,    0, 
EP, 12, 2026082812, 03,  UKX,  84, 126N, 1461W,  33, 1000, XX,  34, NEQ,    0,    0,    0,    0, 
EP, 12, 2026082812, 03,  UKX,  90, 122N, 1466W,  32, 1002, XX,  34, NEQ,    0,    0,    0,    0, 
EP, 12, 2026082812, 03,  UKX,  96, 122N, 1470W,  34, 1000, XX,  34, NEQ,   55,    0,    0,    0, 
EP, 12, 2026082812, 03,  UKX, 102, 123N, 1476W,  37, 1001, XX,  34, NEQ,   65,    0,    0,   60, 
EP, 12, 2026082812, 03,  UKX, 108, 124N, 1483W,  38,  998, XX,  34, NEQ,   62,    0,    0,   67, 
EP, 12, 2026082812, 03,  UKX, 114, 124N, 1488W,  38,  999, XX,  34, NEQ,   58,    0,    0,   73, 
EP, 12, 2026082812, 03,  UKX, 120, 125N, 1493W,  38,  997, XX,  34, NEQ,   92,    0,    0,   78, 
EP, 12, 2026082812, 03,  UKX, 126, 126N, 1499W,  41,  998, XX,  34, NEQ,   86,    0,   54,   73, 
EP, 12, 2026082812, 03,  UKX, 132, 129N, 1505W,  42,  995, XX,  34, NEQ,   88,   53,   64,   98, 
EP, 12, 2026082812, 03,  UKX, 138, 131N, 1509W,  43,  996, XX,  34, NEQ,  100,   55,   57,  100, 
EP, 12, 2026082812, 03,  UKX, 144, 135N, 1513W,  44,  995, XX,  34, NEQ,  108,   80,   70,   92, 
EP, 12, 2026082812, 03, AVNO,   0, 122N, 1329W,  31, 1002, XX,  34, NEQ,    0,    0,    0,    0, 1006,   81,  48,   0,   0, 
EP, 12, 2026082812, 03, AVNO,   6, 121N, 1329W,  28, 1005, XX,  34, NEQ,    0,    0,    0,    0, 1009,  107,  37,   0,   0, 
EP, 12, 2026082812, 03, AVNO,  12, 122N, 1327W,  27, 1002, XX,  34, NEQ,    0,    0,    0,    0, 1006,  109,  36,   0,   0, 
EP, 12, 2026082812, 03, AVNO,  18, 123N, 1330W,  30, 1005, XX,  34, NEQ,    0,    0,    0,    0, 1009,   94,  31,   0,   0, 
EP, 12, 2026082812, 03, AVNO,  24, 123N, 1338W,  31, 1002, XX,  34, NEQ,    0,    0,    0,    0, 1006,   82,  46,   0,   0, 
EP, 12, 2026082812, 03, AVNO,  30, 123N, 1349W,  32, 1005, XX,  34, NEQ,    0,    0,    0,    0,  -99,  -99,  61,   0,   0, 
EP, 12, 2026082812, 03, AVNO,  36, 121N, 1359W,  33, 1002, XX,  34, NEQ,    0,    0,    0,    0,  -99,  -99,  41,   0,   0, 
EP, 12, 2026082812, 03, AVNO,  42, 121N, 1363W,  36,  998, XX,  34, NEQ,    0,   35,    0,    0, 1010,  213,  25,   0,   0, 
EP, 12, 2026082812, 03, AVNO,  48, 123N, 1368W,  32, 1000, XX,  34, NEQ,    0,    0,    0,    0, 1004,   44,  52,   0,   0, 
EP, 12, 2026082812, 03, AVNO,  54, 128N, 1377W,  35, 1002, XX,  34, NEQ,    0,   31,    0,    0, 1010,  130,  31,   0,   0, 
EP, 12, 2026082812, 03, AVNO,  60, 129N, 1391W,  32,  998, XX,  34, NEQ,    0,    0,    0,    0, 1006,   87,  40,   0,   0, 
EP, 12, 2026082812, 03, AVNO,  66, 128N, 1402W,  39,  996, XX,  34, NEQ,   31,   35,   49,   51, 1008,   86,  28,   0,   0, 
EP, 12, 2026082812, 03, AVNO,  72, 128N, 1410W,  46,  990, XX,  34, NEQ,   45,   50,   40,   41, 1002,   47,  26,   0,   0, 
EP, 12, 2026082812, 03, AVNO,  78, 128N, 1418W,  52,  987, XX,  34, NEQ,   56,   51,   52,   60, 1007,   78,  14,   0,   0, 
EP, 12, 2026082812, 03, AVNO,  78, 128N, 1418W,  52,  987, XX,  50, NEQ,    0,   24,    0,   26, 1007,   78,  14,   0,   0, 
EP, 12, 2026082812, 03, AVNO,  84, 129N, 1425W,  58,  979, XX,  34, NEQ,   70,   50,   59,   70, 1007,  165,  18,   0,   0, 
EP, 12, 2026082812, 03, AVNO,  84, 129N, 1425W,  58,  979, XX,  50, NEQ,   32,   27,   34,   31, 1007,  165,  18,   0,   0, 
EP, 12, 2026082812, 03, AVNO,  90, 131N, 1431W,  66,  978, XX,  34, NEQ,   73,   55,   58,   73, 1010,  209,  24,   0,   0, 
EP, 12, 2026082812, 03, AVNO,  90, 131N, 1431W,  66,  978, XX,  50, NEQ,   45,   29,   36,   40, 1010,  209,  24,   0,   0, 
EP, 12, 2026082812, 03, AVNO,  90, 131N, 1431W,  66,  978, XX,  64, NEQ,   26,    0,    0,    0, 1010,  209,  24,   0,   0, 
EP, 12, 2026082812, 03, AVNO,  96, 132N, 1438W,  75,  967, XX,  34, NEQ,   93,   67,   67,   94, 1007,  190,  23,   0,   0, 
EP, 12, 2026082812, 03, AVNO,  96, 132N, 1438W,  75,  967, XX,  50, NEQ,   48,   32,   37,   44, 1007,  190,  23,   0,   0, 
EP, 12, 2026082812, 03, AVNO,  96, 132N, 1438W,  75,  967, XX,  64, NEQ,   33,   28,   27,   26, 1007,  190,  23,   0,   0, 
EP, 12, 2026082812, 03, AVNO, 102, 133N, 1443W,  76,  966, XX,  34, NEQ,  108,   68,   74,  112, 1010,  200,  20,   0,   0, 
EP, 12, 2026082812, 03, AVNO, 102, 133N, 1443W,  76,  966, XX,  50, NEQ,   47,   40,   41,   47, 1010,  200,  20,   0,   0, 
EP, 12, 2026082812, 03, AVNO, 102, 133N, 1443W,  76,  966, XX,  64, NEQ,   33,   32,   27,   28, 1010,  200,  20,   0,   0, 
EP, 12, 2026082812, 03, AVNO, 108, 135N, 1448W,  86,  959, XX,  34, NEQ,  107,   76,   73,  103,  987,   31,  20,   0,   0, 
EP, 12, 2026082812, 03, AVNO, 108, 135N, 1448W,  86,  959, XX,  50, NEQ,   46,   43,   42,   52,  987,   31,  20,   0,   0, 
EP, 12, 2026082812, 03, AVNO, 108, 135N, 1448W,  86,  959, XX,  64, NEQ,   32,   33,   28,   32,  987,   31,  20,   0,   0, 
EP, 12, 2026082812, 03, AVNO, 114, 139N, 1453W,  82,  960, XX,  34, NEQ,  103,   69,   75,  102,  968,   18,  23,   0,   0, 
EP, 12, 2026082812, 03, AVNO, 114, 139N, 1453W,  82,  960, XX,  50, NEQ,   55,   47,   44,   55,  968,   18,  23,   0,   0, 
EP, 12, 2026082812, 03, AVNO, 114, 139N, 1453W,  82,  960, XX,  64, NEQ,   37,   34,   32,   38,  968,   18,  23,   0,   0, 
EP, 12, 2026082812, 03, AVNO, 120, 143N, 1458W,  90,  954, XX,  34, NEQ,  107,   77,   76,  105,  982,   33,  15,   0,   0, 
EP, 12, 2026082812, 03, AVNO, 120, 143N, 1458W,  90,  954, XX,  50, NEQ,   50,   46,   45,   53,  982,   33,  15,   0,   0, 
EP, 12, 2026082812, 03, AVNO, 120, 143N, 1458W,  90,  954, XX,  64, NEQ,   32,   35,   32,   39,  982,   33,  15,   0,   0, 
EP, 12, 2026082812, 03, AVNO, 126, 146N, 1464W,  86,  958, XX,  34, NEQ,  119,   81,   80,  114, 1006,   86,  23,   0,   0, 
EP, 12, 2026082812, 03, AVNO, 126, 146N, 1464W,  86,  958, XX,  50, NEQ,   54,   49,   50,   58, 1006,   86,  23,   0,   0, 
EP, 12, 2026082812, 03, AVNO, 126, 146N, 1464W,  86,  958, XX,  64, NEQ,   34,   39,   37,   38, 1006,   86,  23,   0,   0, 
EP, 12, 2026082812, 03, AVNO, 132, 151N, 1468W,  85,  956, XX,  34, NEQ,  109,   86,   73,  102, 1008,  262,  23,   0,   0, 
EP, 12, 2026082812, 03, AVNO, 132, 151N, 1468W,  85,  956, XX,  50, NEQ,   57,   50,   48,   58, 1008,  262,  23,   0,   0, 
EP, 12, 2026082812, 03, AVNO, 132, 151N, 1468W,  85,  956, XX,  64, NEQ,   40,   37,   36,   39, 1008,  262,  23,   0,   0, 
EP, 12, 2026082812, 03, AVNO, 138, 156N, 1472W,  86,  959, XX,  34, NEQ,  121,   76,   75,  118,  971,   21,  21,   0,   0, 
EP, 12, 2026082812, 03, AVNO, 138, 156N, 1472W,  86,  959, XX,  50, NEQ,   61,   49,   46,   58,  971,   21,  21,   0,   0, 
EP, 12, 2026082812, 03, AVNO, 138, 156N, 1472W,  86,  959, XX,  64, NEQ,   35,   39,   35,   42,  971,   21,  21,   0,   0, 
EP, 12, 2026082812, 03, AVNO, 144, 161N, 1477W,  84,  960, XX,  34, NEQ,  121,   74,   79,  104, 1008,  251,  20,   0,   0, 
EP, 12, 2026082812, 03, AVNO, 144, 161N, 1477W,  84,  960, XX,  50, NEQ,   57,   45,   48,   62, 1008,  251,  20,   0,   0, 
EP, 12, 2026082812, 03, AVNO, 144, 161N, 1477W,  84,  960, XX,  64, NEQ,   38,   35,   33,   42, 1008,  251,  20,   0,   0, 
EP, 12, 2026082812, 03, AVNO, 150, 164N, 1481W,  81,  966, XX,  34, NEQ,  116,   76,   78,  104, 1010,  281,  25,   0,   0, 
EP, 12, 2026082812, 03, AVNO, 150, 164N, 1481W,  81,  966, XX,  50, NEQ,   52,   52,   47,   55, 1010,  281,  25,   0,   0, 
EP, 12, 2026082812, 03, AVNO, 150, 164N, 1481W,  81,  966, XX,  64, NEQ,   37,   36,   33,   40, 1010,  281,  25,   0,   0, 
EP, 12, 2026082812, 03, AVNO, 156, 168N, 1485W,  75,  965, XX,  34, NEQ,  108,   73,   88,  108, 1005,  105,  19,   0,   0, 
EP, 12, 2026082812, 03, AVNO, 156, 168N, 1485W,  75,  965, XX,  50, NEQ,   61,   43,   50,   62, 1005,  105,  19,   0,   0, 
EP, 12, 2026082812, 03, AVNO, 156, 168N, 1485W,  75,  965, XX,  64, NEQ,   34,   35,   35,   39, 1005,  105,  19,   0,   0, 
EP, 12, 2026082812, 03, AVNO, 162, 169N, 1488W,  71,  971, XX,  34, NEQ,  109,   72,   73,  108, 1007,  110,  23,   0,   0, 
EP, 12, 2026082812, 03, AVNO, 162, 169N, 1488W,  71,  971, XX,  50, NEQ,   57,   48,   44,   55, 1007,  110,  23,   0,   0, 
EP, 12, 2026082812, 03, AVNO, 162, 169N, 1488W,  71,  971, XX,  64, NEQ,   33,   30,    0,   31, 1007,  110,  23,   0,   0, 
EP, 12, 2026082812, 03, AVNO, 168, 169N, 1492W,  66,  973, XX,  34, NEQ,  107,   70,   80,  104, 1005,  107,  31,   0,   0, 
EP, 12, 2026082812, 03, AVNO, 168, 169N, 1492W,  66,  973, XX,  50, NEQ,   54,   43,   47,   56, 1005,  107,  31,   0,   0, 
EP, 12, 2026082812, 03, AVNO, 168, 169N, 1492W,  66,  973, XX,  64, NEQ,    0,    0,    0,   33, 1005,  107,  31,   0,   0, 
EP, 12, 2026082812, 03, AVNO, 174, 168N, 1494W,  65,  975, XX,  34, NEQ,  104,   77,   81,  107, 1007,  133,  27,   0,   0, 
EP, 12, 2026082812, 03, AVNO, 174, 168N, 1494W,  65,  975, XX,  50, NEQ,   46,   54,   43,   55, 1007,  133,  27,   0,   0, 
EP, 12, 2026082812, 03, AVNO, 174, 168N, 1494W,  65,  975, XX,  64, NEQ,    0,    0,    0,   30, 1007,  133,  27,   0,   0, 
EP, 12, 2026082812, 03, AVNO, 180, 169N, 1497W,  66,  974, XX,  34, NEQ,  100,   70,   87,  100, 1006,  262,  26,   0,   0, 
EP, 12, 2026082812, 03, AVNO, 180, 169N, 1497W,  66,  974, XX,  50, NEQ,   53,   50,   45,   59, 1006,  262,  26,   0,   0, 
EP, 12, 2026082812, 03, AVNO, 180, 169N, 1497W,  66,  974, XX,  64, NEQ,    0,    0,   24,   27, 1006,  262,  26,   0,   0, 
EP, 12, 2026082812, 03, AVNO, 186, 168N, 1501W,  61,  977, XX,  34, NEQ,  104,   69,   84,  107, 1009,  302,  29,   0,   0, 
EP, 12, 2026082812, 03, AVNO, 186, 168N, 1501W,  61,  977, XX,  50, NEQ,   47,   45,   44,   50, 1009,  302,  29,   0,   0, 
EP, 12, 2026082812, 03, AVNO, 192, 166N, 1506W,  59,  977, XX,  34, NEQ,  109,   70,   73,  102, 1005,  122,  26,   0,   0, 
EP, 12, 2026082812, 03, AVNO, 192, 166N, 1506W,  59,  977, XX,  50, NEQ,   44,   44,   46,   46, 1005,  122,  26,   0,   0, 
EP, 12, 2026082812, 03, AVNO, 198, 165N, 1509W,  63,  979, XX,  34, NEQ,   96,   73,   78,   99, 1007,  126,  34,   0,   0, 
EP, 12, 2026082812, 03, AVNO, 198, 165N, 1509W,  63,  979, XX,  50, NEQ,   54,   45,   48,   53, 1007,  126,  34,   0,   0, 
EP, 12, 2026082812, 03, AVNO, 204, 164N, 1514W,  65,  977, XX,  34, NEQ,  102,   70,   77,   97, 1005,  140,  36,   0,   0, 
EP, 12, 2026082812, 03, AVNO, 204, 164N, 1514W,  65,  977, XX,  50, NEQ,   51,   42,   47,   56, 1005,  140,  36,   0,   0, 
EP, 12, 2026082812, 03, AVNO, 204, 164N, 1514W,  65,  977, XX,  64, NEQ,    0,    0,    0,   36, 1005,  140,  36,   0,   0, 
EP, 12, 2026082812, 03, AVNO, 210, 163N, 1518W,  64,  977, XX,  34, NEQ,  104,   74,   73,  105, 1005,  110,  22,   0,   0, 
EP, 12, 2026082812, 03, AVNO, 210, 163N, 1518W,  64,  977, XX,  50, NEQ,   60,   49,   49,   59, 1005,  110,  22,   0,   0, 
EP, 12, 2026082812, 03, AVNO, 216, 161N, 1523W,  61,  976, XX,  34, NEQ,  102,   83,   85,  102, 1004,  112,  41,   0,   0, 
EP, 12, 2026082812, 03, AVNO, 216, 161N, 1523W,  61,  976, XX,  50, NEQ,   57,   53,   47,   55, 1004,  112,  41,   0,   0, 
EP, 12, 2026082812, 03, AVNO, 222, 161N, 1526W,  64,  978, XX,  34, NEQ,  104,   81,   82,  104, 1006,  111,  42,   0,   0, 
EP, 12, 2026082812, 03, AVNO, 222, 161N, 1526W,  64,  978, XX,  50, NEQ,   61,   45,   46,   57, 1006,  111,  42,   0,   0, 
EP, 12, 2026082812, 03, AVNO, 222, 161N, 1526W,  64,  978, XX,  64, NEQ,   42,    0,    0,    0, 1006,  111,  42,   0,   0, 
EP, 12, 2026082812, 03, AVNO, 228, 159N, 1531W,  64,  977, XX,  34, NEQ,  103,   83,   87,  110, 1005,  133,  37,   0,   0, 
EP, 12, 2026082812, 03, AVNO, 228, 159N, 1531W,  64,  977, XX,  50, NEQ,   59,   50,   51,   55, 1005,  133,  37,   0,   0, 
EP, 12, 2026082812, 03, AVNO, 234, 156N, 1536W,  69,  978, XX,  34, NEQ,  112,   71,   85,  112, 1006,  115,  23,   0,   0, 
EP, 12, 2026082812, 03, AVNO, 234, 156N, 1536W,  69,  978, XX,  50, NEQ,   58,   50,   54,   61, 1006,  115,  23,   0,   0, 
EP, 12, 2026082812, 03, AVNO, 234, 156N, 1536W,  69,  978, XX,  64, NEQ,   43,    0,    0,   24, 1006,  115,  23,   0,   0, 
EP, 12, 2026082812, 03, AVNO, 240, 154N, 1541W,  66,  977, XX,  34, NEQ,  113,   84,   84,  118, 1005,  149,  32,   0,   0, 
EP, 12, 2026082812, 03, AVNO, 240, 154N, 1541W,  66,  977, XX,  50, NEQ,   59,   54,   53,   63, 1005,  149,  32,   0,   0, 
EP, 12, 2026082812, 03, AVNO, 240, 154N, 1541W,  66,  977, XX,  64, NEQ,   37,    0,    0,   38, 1005,  149,  32,   0,   0, 
EP, 12, 2026082812, 03, HCCA,   0, 123N, 1327W,  40,    0,   ,   0,    ,    0,    0,    0,    0, 
EP, 12, 2026082812, 03, HCCA,  12, 126N, 1332W,  39,    0,   ,   0,    ,    0,    0,    0,    0, 
EP, 12, 2026082812, 03, HCCA,  24, 127N, 1345W,  50,    0,   ,   0,    ,    0,    0,    0,    0, 
EP, 12, 2026082812, 03, HCCA,  36, 128N, 1362W,  62,    0,   ,   0,    ,    0,    0,    0,    0, 
EP, 12, 2026082812, 03, HCCA,  48, 130N, 1382W,  68,    0,   ,   0,    ,    0,    0,    0,    0, 
EP, 12, 2026082812, 03, HCCA,  60, 132N, 1402W,  73,    0,   ,   0,    ,    0,    0,    0,    0, 
EP, 12, 2026082812, 03, HCCA,  72, 137N, 1419W,  83,    0,   ,   0,    ,    0,    0,    0,    0, 
EP, 12, 2026082812, 03, HCCA,  84, 140N, 1439W,  90,    0,   ,   0,    ,    0,    0,    0,    0, 
EP, 12, 2026082812, 03, HCCA,  96, 141N, 1456W, 104,    0,   ,   0,    ,    0,    0,    0,    0, 
EP, 12, 2026082812, 03, HCCA, 108, 142N, 1475W, 123,    0,   ,   0,    ,    0,    0,    0,    0, 
EP, 12, 2026082812, 03, HCCA, 120, 141N, 1492W, 126,    0,   ,   0,    ,    0,    0,    0,    0, 
EP, 12, 2026082812, 03, HCCA, 132, 144N, 1507W, 132,    0,   ,   0,    ,    0,    0,    0,    0, 
EP, 12, 2026082812, 03, HCCA, 144, 149N, 1509W, 140,    0,   ,   0,    ,    0,    0,    0,    0, 
EP, 12, 2026082812, 03, HCCA, 156, 155N, 1522W, 151,    0,   ,   0,    ,    0,    0,    0,    0, 
EP, 12, 2026082812, 03, HCCA, 168, 160N, 1534W, 162,    0,   ,   0,    ,    0,    0,    0,    0, 
EP, 12, 2026082812, 03, HFSA,   0, 123N, 1329W,  41, 1001, XX,  34, NEQ,   58,  107,   97,    0, 1005,   71,  41,   0,   0,    ,   0,    ,  53,   5,           ,  ,  0,    ,    0,    0,    0,    0, THERMO PARAMS, 19, 53, 160, N, 10, DT, -999, SHR82, -99, 
EP, 12, 2026082812, 03, HFSA,   6, 122N, 1327W,  30, 1004, XX,  34, NEQ,    0,    0,    0,    0, 1008,   72,  26,   0,   0,    ,   0,    ,  84,   1,           ,  ,  0,    ,    0,    0,    0,    0, THERMO PARAMS, -63, 501, 63, N, 10, DT, -999, SHR82, -99, 
EP, 12, 2026082812, 03, HFSA,  12, 121N, 1327W,  33, 1001, XX,  34, NEQ,    0,    0,    0,    0,  -99,  -99,  43,   0,   0,    ,   0,    , 154,   1,           ,  ,  0,    ,    0,    0,    0,    0, THERMO PARAMS, -61, 3, 46, N, 10, DT, -999, SHR82, -99, 
EP, 12, 2026082812, 03, HFSA,  18, 121N, 1331W,  38, 1002, XX,  34, NEQ,    0,   26,    0,    0,  -99,  -99,  19,   0,   0,    ,   0,    , 273,   3,           ,  ,  0,    ,    0,    0,    0,    0, THERMO PARAMS, 34, -82, 153, N, 10, DT, -999, SHR82, -99, 
EP, 12, 2026082812, 03, HFSA,  24, 124N, 1340W,  38,  996, XX,  34, NEQ,    0,    0,    0,    0, 1000,    7,  33,   0,   0,    ,   0,    , 280,   8,           ,  ,  0,    ,    0,    0,    0,    0, THERMO PARAMS, 38, 214, 180, N, 10, DT, -999, SHR82, -99, 
EP, 12, 2026082812, 03, HFSA,  30, 124N, 1346W,  28, 1004, XX,  34, NEQ,    0,    0,    0,    0,  -99,  -99,  90,   0,   0,    ,   0,    , 307,   5,           ,  ,  0,    ,    0,    0,    0,    0, THERMO PARAMS, 94, -136, -74, N, 10, DT, -999, SHR82, -99, 
EP, 12, 2026082812, 03, HFSA,  36, 124N, 1352W,  38, 1002, XX,  34, NEQ,    0,   39,   36,    0,  -99,  -99,  37,   0,   0,    ,   0,    , 282,   6,           ,  ,  0,    ,    0,    0,    0,    0, THERMO PARAMS, 79, -384, 248, N, 10, DT, -999, SHR82, -99, 
EP, 12, 2026082812, 03, HFSA,  42, 124N, 1358W,  34,  999, XX,  34, NEQ,    0,    0,    0,    0, 1003,    9, 147,   0,   0,    ,   0,    , 277,   6,           ,  ,  0,    ,    0,    0,    0,    0, THERMO PARAMS, 44, 274, 341, N, 10, DT, -999, SHR82, -99, 
EP, 12, 2026082812, 03, HFSA,  48, 126N, 1366W,  35,  999, XX,  34, NEQ,    0,    0,    0,    0, 1003,   17,  56,   0,   0,    ,   0,    , 288,   3,           ,  ,  0,    ,    0,    0,    0,    0, THERMO PARAMS, 78, -61, 333, N, 10, DT, -999, SHR82, -99, 
EP, 12, 2026082812, 03, HFSA,  54, 128N, 1371W,  33, 1001, XX,  34, NEQ,    0,    0,    0,    0, 1005,   20,  34,   0,   0,    ,   0,    , 285,   5,           ,  ,  0,    ,    0,    0,    0,    0, THERMO PARAMS, 49, 81, 161, N, 10, DT, -999, SHR82, -99, 
EP, 12, 2026082812, 03, HFSA,  60, 132N, 1382W,  34,  998, XX,  34, NEQ,    0,    0,    0,    0, 1002,   13,  55,   0,   0,    ,   0,    , 280,   9,           ,  ,  0,    ,    0,    0,    0,    0, THERMO PARAMS, 99, 133, 498, N, 10, DT, -999, SHR82, -99, 
EP, 12, 2026082812, 03, HFSA,  66, 130N, 1395W,  43,  997, XX,  34, NEQ,    3,   21,   32,   37, 1005,   27,  29,   0,   0,    ,   0,    , 246,   8,           ,  ,  0,    ,    0,    0,    0,    0, THERMO PARAMS, 19, 75, 394, N, 10, DT, -999, SHR82, -99, 
EP, 12, 2026082812, 03, HFSA,  72, 130N, 1404W,  45,  996, XX,  34, NEQ,   42,   24,   49,   50, 1000,   16,  17,   0,   0,    ,   0,    , 265,   8,           ,  ,  0,    ,    0,    0,    0,    0, THERMO PARAMS, 11, 328, 531, N, 10, DT, -999, SHR82, -99, 
EP, 12, 2026082812, 03, HFSA,  78, 127N, 1413W,  45,  998, XX,  34, NEQ,   31,   24,   42,   52, 1002,   26,  25,   0,   0,    ,   0,    , 246,   7,           ,  ,  0,    ,    0,    0,    0,    0, THERMO PARAMS, 6, 290, 456, N, 10, DT, -999, SHR82, -99, 
EP, 12, 2026082812, 03, HFSA,  84, 125N, 1420W,  42,  996, XX,  34, NEQ,   31,   29,   39,   53, 1000,   18,  50,   0,   0,    ,   0,    , 243,   4,           ,  ,  0,    ,    0,    0,    0,    0, THERMO PARAMS, 1, 269, 534, N, 10, DT, -999, SHR82, -99, 
EP, 12, 2026082812, 03, HFSA,  90, 125N, 1424W,  38,  998, XX,  34, NEQ,   42,   24,   28,   44, 1006,   54,  22,   0,   0,    ,   0,    , 257,   4,           ,  ,  0,    ,    0,    0,    0,    0, THERMO PARAMS, -4, 1035, 176, N, 10, DT, -999, SHR82, -99, 
EP, 12, 2026082812, 03, HFSA,  96, 126N, 1432W,  45,  992, XX,  34, NEQ,   58,   21,   32,   50,  996,   10,  17,   0,   0,    ,   0,    , 273,   6,           ,  ,  0,    ,    0,    0,    0,    0, THERMO PARAMS, -10, 803, 385, N, 10, DT, -999, SHR82, -99, 
EP, 12, 2026082812, 03, HFSA, 102, 128N, 1439W,  45,  995, XX,  34, NEQ,   44,   34,   36,   63,  999,   17,  19,   0,   0,    ,   0,    , 287,   5,           ,  ,  0,    ,    0,    0,    0,    0, THERMO PARAMS, 9, 796, 607, N, 10, DT, -999, SHR82, -99, 
EP, 12, 2026082812, 03, HFSA, 108, 129N, 1445W,  46,  992, XX,  34, NEQ,   31,   44,   62,   96,  996,   16,  34,   0,   0,    ,   0,    , 306,   4,           ,  ,  0,    ,    0,    0,    0,    0, THERMO PARAMS, -5, 899, 475, N, 10, DT, -999, SHR82, -99, 
EP, 12, 2026082812, 03, HFSA, 114, 131N, 1448W,  52,  992, XX,  34, NEQ,   49,   47,   49,   32, 1004,   46,  31,   0,   0,    ,   0,    , 326,   3,           ,  ,  0,    ,    0,    0,    0,    0, THERMO PARAMS, 21, 135, 678, N, 10, DT, -999, SHR82, -99, 
EP, 12, 2026082812, 03, HFSA, 120, 135N, 1452W,  62,  985, XX,  34, NEQ,   92,   45,   40,   92,  997,   25,  16,   0,   0,    ,   0,    , 327,   4,           ,  ,  0,    ,    0,    0,    0,    0, THERMO PARAMS, -42, 987, 1126, N, 10, DT, -999, SHR82, -99, 
EP, 12, 2026082812, 03, HFSA, 120, 135N, 1452W,  62,  985, XX,  50, NEQ,   23,   24,    0,   24,  997,   25,  16,   0,   0,    ,   0,    , 327,   4,           ,  ,  0,    ,    0,    0,    0,    0, THERMO PARAMS, -42, 987, 1126, N, 10, DT, -999, SHR82, -99, 
EP, 12, 2026082812, 03, HFSA, 126, 137N, 1456W,  77,  978, XX,  34, NEQ,   91,   76,   55,   84,  986,   14,  12,   0,   0,    ,   0,    , -99, -99,           ,  ,  0,    ,    0,    0,    0,    0, THERMO PARAMS, -21, 1093, 1450, N, 10, DT, -999, SHR82, -99, 
EP, 12, 2026082812, 03, HFSA, 126, 137N, 1456W,  77,  978, XX,  50, NEQ,   31,   26,   29,   29,  986,   14,  12,   0,   0,    ,   0,    , -99, -99,           ,  ,  0,    ,    0,    0,    0,    0, THERMO PARAMS, -21, 1093, 1450, N, 10, DT, -999, SHR82, -99, 
EP, 12, 2026082812, 03, HFSA, 126, 137N, 1456W,  77,  978, XX,  64, NEQ,   16,   18,   19,   18,  986,   14,  12,   0,   0,    ,   0,    , -99, -99,           ,  ,  0,    ,    0,    0,    0,    0, THERMO PARAMS, -21, 1093, 1450, N, 10, DT, -999, SHR82, -99, 
EP, 12, 2026082812, 03, TVCN,   0, 123N, 1327W,   0,    0,   ,   0,    ,    0,    0,    0,    0, 
EP, 12, 2026082812, 03, TVCN,  12, 126N, 1329W,   0,    0,   ,   0,    ,    0,    0,    0,    0, 
EP, 12, 2026082812, 03, TVCN,  24, 127N, 1338W,   0,    0,   ,   0,    ,    0,    0,    0,    0, 
EP, 12, 2026082812, 03, TVCN,  36, 129N, 1351W,   0,    0,   ,   0,    ,    0,    0,    0,    0, 
EP, 12, 2026082812, 03, TVCN,  48, 131N, 1367W,   0,    0,   ,   0,    ,    0,    0,    0,    0, 
EP, 12, 2026082812, 03, TVCN,  60, 134N, 1384W,   0,    0,   ,   0,    ,    0,    0,    0,    0, 
EP, 12, 2026082812, 03, TVCN,  72, 136N, 1401W,   0,    0,   ,   0,    ,    0,    0,    0,    0, 
EP, 12, 2026082812, 03, TVCN,  84, 138N, 1417W,   0,    0,   ,   0,    ,    0,    0,    0,    0, 
EP, 12, 2026082812, 03, TVCN,  96, 139N, 1431W,   0,    0,   ,   0,    ,    0,    0,    0,    0, 
EP, 12, 2026082812, 03, TVCN, 108, 141N, 1445W,   0,    0,   ,   0,    ,    0,    0,    0,    0, 
EP, 12, 2026082812, 03, TVCN, 120, 143N, 1458W,   0,    0,   ,   0,    ,    0,    0,    0,    0, 
EP, 12, 2026082812, 03, TVCN, 132, 146N, 1470W,   0,    0,   ,   0,    ,    0,    0,    0,    0, 
EP, 12, 2026082812, 03, TVCN, 144, 147N, 1470W,   0,    0,   ,   0,    ,    0,    0,    0,    0, 
EP, 12, 2026082812, 03, TVCN, 156, 153N, 1473W,   0,    0,   ,   0,    ,    0,    0,    0,    0, 
EP, 12, 2026082812, 03, TVCN, 168, 157N, 1473W,   0,    0,   ,   0,    ,    0,    0,    0,    0, 
EP, 12, 2026082818, 03, AVNO,   0, 121N, 1330W,  29, 1005, XX,  34, NEQ,    0,    0,    0,    0, 1009,   97,  40,   0,   0, 
EP, 12, 2026082818, 03, AVNO,   6, 123N, 1332W,  28, 1001, XX,  34, NEQ,    0,    0,    0,    0, 1005,   84,  33,   0,   0, 
EP, 12, 2026082818, 03, AVNO,  12, 123N, 1337W,  36, 1004, XX,  34, NEQ,    0,   24,    0,    0, 1008,   77,  22,   0,   0, 
EP, 12, 2026082818, 03, AVNO,  18, 121N, 1346W,  37, 1001, XX,  34, NEQ,    0,   27,    0,    0, 1005,   58,  22,   0,   0, 
EP, 12, 2026082818, 03, AVNO,  24, 124N, 1350W,  30, 1004, XX,  34, NEQ,    0,    0,    0,    0, 1008,   62,  38,   0,   0, 
EP, 12, 2026082818, 03, AVNO,  30, 121N, 1363W,  32, 1001, XX,  34, NEQ,    0,    0,    0,    0,  -99,  -99,  26,   0,   0, 
EP, 12, 2026082818, 03, AVNO,  36, 123N, 1370W,  28, 1000, XX,  34, NEQ,    0,    0,    0,    0, 1008,   81,  22,   0,   0, 
EP, 12, 2026082818, 03, AVNO,  42, 121N, 1376W,  37,  997, XX,  34, NEQ,    0,   33,    0,    0, 1005,   43,  21,   0,   0, 
EP, 12, 2026082818, 03, AVNO,  48, 123N, 1381W,  32, 1002, XX,  34, NEQ,    0,    0,    0,    0, 1010,  114,  49,   0,   0, 
EP, 12, 2026082818, 03, AVNO,  54, 126N, 1390W,  32,  999, XX,  34, NEQ,    0,    0,    0,    0, 1007,   98,  28,   0,   0, 
EP, 12, 2026082818, 03, AVNO,  60, 125N, 1399W,  41,  996, XX,  34, NEQ,   45,   28,   37,   37, 1008,   85,  29,   0,   0, 
EP, 12, 2026082818, 03, AVNO,  66, 125N, 1406W,  41,  994, XX,  34, NEQ,   37,   40,   34,   39, 1006,   68,  19,   0,   0, 
EP, 12, 2026082818, 03, AVNO,  72, 126N, 1411W,  48,  993, XX,  34, NEQ,   40,   46,   37,   53, 1009,  103,  20,   0,   0, 
EP, 12, 2026082818, 03, AVNO,  78, 128N, 1416W,  51,  985, XX,  34, NEQ,   40,   41,   40,   60, 1005,   80,  21,   0,   0, 
EP, 12, 2026082818, 03, AVNO,  78, 128N, 1416W,  51,  985, XX,  50, NEQ,    0,   24,    0,    0, 1005,   80,  21,   0,   0, 
EP, 12, 2026082818, 03, AVNO,  84, 131N, 1421W,  57,  985, XX,  34, NEQ,   57,   46,   40,   61, 1009,  144,  13,   0,   0, 
EP, 12, 2026082818, 03, AVNO,  84, 131N, 1421W,  57,  985, XX,  50, NEQ,   26,   29,   22,   31, 1009,  144,  13,   0,   0, 
EP, 12, 2026082818, 03, AVNO,  90, 132N, 1428W,  67,  974, XX,  34, NEQ,   64,   44,   57,   68, 1002,   56,  19,   0,   0, 
EP, 12, 2026082818, 03, AVNO,  90, 132N, 1428W,  67,  974, XX,  50, NEQ,   33,   29,   33,   32, 1002,   56,  19,   0,   0, 
EP, 12, 2026082818, 03, AVNO,  90, 132N, 1428W,  67,  974, XX,  64, NEQ,   24,    0,   21,   18, 1002,   56,  19,   0,   0, 
EP, 12, 2026082818, 03, AVNO,  96, 132N, 1433W,  73,  972, XX,  34, NEQ,   79,   47,   59,   84,  992,   21,  14,   0,   0, 
EP, 12, 2026082818, 03, AVNO,  96, 132N, 1433W,  73,  972, XX,  50, NEQ,   37,   30,   39,   36,  992,   21,  14,   0,   0, 
EP, 12, 2026082818, 03, AVNO,  96, 132N, 1433W,  73,  972, XX,  64, NEQ,   20,    0,    0,   20,  992,   21,  14,   0,   0, 
EP, 12, 2026082818, 03, AVNO, 102, 134N, 1436W,  71,  970, XX,  34, NEQ,   84,   60,   67,   86, 1006,  137,  12,   0,   0, 
EP, 12, 2026082818, 03, AVNO, 102, 134N, 1436W,  71,  970, XX,  50, NEQ,   37,   32,   35,   33, 1006,  137,  12,   0,   0, 
EP, 12, 2026082818, 03, AVNO, 102, 134N, 1436W,  71,  970, XX,  64, NEQ,   29,   24,    0,   20, 1006,  137,  12,   0,   0, 
EP, 12, 2026082818, 03, AVNO, 108, 137N, 1438W,  74,  971, XX,  34, NEQ,   94,   62,   66,   93,  991,   30,  18,   0,   0, 
EP, 12, 2026082818, 03, AVNO, 108, 137N, 1438W,  74,  971, XX,  50, NEQ,   40,   34,   37,   38,  991,   30,  18,   0,   0, 
EP, 12, 2026082818, 03, AVNO, 108, 137N, 1438W,  74,  971, XX,  64, NEQ,   27,   26,    0,   22,  991,   30,  18,   0,   0, 
EP, 12, 2026082818, 03, AVNO, 114, 141N, 1441W,  75,  972, XX,  34, NEQ,   85,   60,   68,   88,  992,   21,  21,   0,   0, 
EP, 12, 2026082818, 03, AVNO, 114, 141N, 1441W,  75,  972, XX,  50, NEQ,   37,   39,   38,   42,  992,   21,  21,   0,   0, 
EP, 12, 2026082818, 03, AVNO, 114, 141N, 1441W,  75,  972, XX,  64, NEQ,   27,   30,   26,   27,  992,   21,  21,   0,   0, 
EP, 12, 2026082818, 03, AVNO, 120, 144N, 1445W,  73,  971, XX,  34, NEQ,   81,   57,   65,   87,  991,   30,  16,   0,   0, 
EP, 12, 2026082818, 03, AVNO, 120, 144N, 1445W,  73,  971, XX,  50, NEQ,   40,   34,   39,   43,  991,   30,  16,   0,   0, 
EP, 12, 2026082818, 03, AVNO, 120, 144N, 1445W,  73,  971, XX,  64, NEQ,    0,   25,   27,   27,  991,   30,  16,   0,   0, 
EP, 12, 2026082818, 03, AVNO, 126, 148N, 1447W,  75,  969, XX,  34, NEQ,   72,   68,   75,   83, 1005,   83,  24,   0,   0, 
EP, 12, 2026082818, 03, AVNO, 126, 148N, 1447W,  75,  969, XX,  50, NEQ,   42,   40,   43,   44, 1005,   83,  24,   0,   0, 
EP, 12, 2026082818, 03, AVNO, 126, 148N, 1447W,  75,  969, XX,  64, NEQ,    0,   27,   26,   28, 1005,   83,  24,   0,   0, 
EP, 12, 2026082818, 03, AVNO, 132, 152N, 1449W,  72,  969, XX,  34, NEQ,   81,   66,   64,   92, 1009,  140,  20,   0,   0, 
EP, 12, 2026082818, 03, AVNO, 132, 152N, 1449W,  72,  969, XX,  50, NEQ,   41,   40,   40,   49, 1009,  140,  20,   0,   0, 
EP, 12, 2026082818, 03, AVNO, 132, 152N, 1449W,  72,  969, XX,  64, NEQ,   27,   30,   26,   30, 1009,  140,  20,   0,   0, 
EP, 12, 2026082818, 03, AVNO, 138, 156N, 1451W,  74,  970, XX,  34, NEQ,   87,   64,   68,   87,  990,   32,  23,   0,   0, 
EP, 12, 2026082818, 03, AVNO, 138, 156N, 1451W,  74,  970, XX,  50, NEQ,   44,   37,   41,   46,  990,   32,  23,   0,   0, 
EP, 12, 2026082818, 03, AVNO, 138, 156N, 1451W,  74,  970, XX,  64, NEQ,   31,   28,   28,   29,  990,   32,  23,   0,   0, 
EP, 12, 2026082818, 03, AVNO, 144, 159N, 1453W,  73,  971, XX,  34, NEQ,   86,   63,   68,   87,  991,   32,  20,   0,   0, 
EP, 12, 2026082818, 03, AVNO, 144, 159N, 1453W,  73,  971, XX,  50, NEQ,   46,   39,   42,   47,  991,   32,  20,   0,   0, 
EP, 12, 2026082818, 03, AVNO, 144, 159N, 1453W,  73,  971, XX,  64, NEQ,   31,   28,   30,   30,  991,   32,  20,   0,   0, 
EP, 12, 2026082818, 03, AVNO, 150, 161N, 1455W,  76,  967, XX,  34, NEQ,   88,   65,   74,   90,  991,   36,  23,   0,   0, 
EP, 12, 2026082818, 03, AVNO, 150, 161N, 1455W,  76,  967, XX,  50, NEQ,   44,   40,   42,   51,  991,   36,  23,   0,   0, 
EP, 12, 2026082818, 03, AVNO, 150, 161N, 1455W,  76,  967, XX,  64, NEQ,   30,   28,   32,   34,  991,   36,  23,   0,   0, 
EP, 12, 2026082818, 03, AVNO, 156, 162N, 1456W,  73,  971, XX,  34, NEQ,   87,   63,   66,   87,  995,   38,  20,   0,   0, 
EP, 12, 2026082818, 03, AVNO, 156, 162N, 1456W,  73,  971, XX,  50, NEQ,   49,   39,   40,   49,  995,   38,  20,   0,   0, 
EP, 12, 2026082818, 03, AVNO, 156, 162N, 1456W,  73,  971, XX,  64, NEQ,   28,   32,   30,   33,  995,   38,  20,   0,   0, 
EP, 12, 2026082818, 03, AVNO, 162, 163N, 1458W,  70,  971, XX,  34, NEQ,   89,   65,   70,   89, 1007,  142,  24,   0,   0, 
EP, 12, 2026082818, 03, AVNO, 162, 163N, 1458W,  70,  971, XX,  50, NEQ,   47,   39,   43,   47, 1007,  142,  24,   0,   0, 
EP, 12, 2026082818, 03, AVNO, 162, 163N, 1458W,  70,  971, XX,  64, NEQ,    0,   27,   29,   24, 1007,  142,  24,   0,   0, 
EP, 12, 2026082818, 03, AVNO, 168, 163N, 1460W,  69,  972, XX,  34, NEQ,   91,   61,   74,   90, 1008,  132,  17,   0,   0, 
EP, 12, 2026082818, 03, AVNO, 168, 163N, 1460W,  69,  972, XX,  50, NEQ,   43,   39,   43,   46, 1008,  132,  17,   0,   0, 
EP, 12, 2026082818, 03, AVNO, 168, 163N, 1460W,  69,  972, XX,  64, NEQ,    0,   29,   30,   23, 1008,  132,  17,   0,   0, 
EP, 12, 2026082818, 03, AVNO, 174, 164N, 1462W,  73,  971, XX,  34, NEQ,   88,   60,   75,   87, 1007,  213,  24,   0,   0, 
EP, 12, 2026082818, 03, AVNO, 174, 164N, 1462W,  73,  971, XX,  50, NEQ,   43,   42,   40,   45, 1007,  213,  24,   0,   0, 
EP, 12, 2026082818, 03, AVNO, 174, 164N, 1462W,  73,  971, XX,  64, NEQ,   27,   29,   29,   30, 1007,  213,  24,   0,   0, 
EP, 12, 2026082818, 03, AVNO, 180, 163N, 1464W,  70,  973, XX,  34, NEQ,   87,   66,   71,   89, 1009,  194,  21,   0,   0, 
EP, 12, 2026082818, 03, AVNO, 180, 163N, 1464W,  70,  973, XX,  50, NEQ,   45,   42,   44,   48, 1009,  194,  21,   0,   0, 
EP, 12, 2026082818, 03, AVNO, 180, 163N, 1464W,  70,  973, XX,  64, NEQ,   27,   29,   31,   27, 1009,  194,  21,   0,   0, 
EP, 12, 2026082818, 03, AVNO, 186, 163N, 1465W,  67,  971, XX,  34, NEQ,   89,   69,   71,   88,  991,   32,  30,   0,   0, 
EP, 12, 2026082818, 03, AVNO, 186, 163N, 1465W,  67,  971, XX,  50, NEQ,   46,   45,   41,   48,  991,   32,  30,   0,   0, 
EP, 12, 2026082818, 03, AVNO, 186, 163N, 1465W,  67,  971, XX,  64, NEQ,   29,    0,   28,   34,  991,   32,  30,   0,   0, 
EP, 12, 2026082818, 03, AVNO, 192, 164N, 1468W,  72,  974, XX,  34, NEQ,   87,   68,   71,   87, 1010,  285,  23,   0,   0, 
EP, 12, 2026082818, 03, AVNO, 192, 164N, 1468W,  72,  974, XX,  50, NEQ,   53,   42,   42,   54, 1010,  285,  23,   0,   0, 
EP, 12, 2026082818, 03, AVNO, 192, 164N, 1468W,  72,  974, XX,  64, NEQ,   27,    0,    0,    0, 1010,  285,  23,   0,   0, 
EP, 12, 2026082818, 03, AVNO, 198, 163N, 1471W,  65,  974, XX,  34, NEQ,   87,   67,   69,   87, 1006,  131,  24,   0,   0, 
EP, 12, 2026082818, 03, AVNO, 198, 163N, 1471W,  65,  974, XX,  50, NEQ,   46,   44,   44,   47, 1006,  131,  24,   0,   0, 
EP, 12, 2026082818, 03, AVNO, 198, 163N, 1471W,  65,  974, XX,  64, NEQ,   24,    0,    0,    0, 1006,  131,  24,   0,   0, 
EP, 12, 2026082818, 03, AVNO, 204, 164N, 1474W,  67,  975, XX,  34, NEQ,   96,   63,   66,   97, 1007,  117,  23,   0,   0, 
EP, 12, 2026082818, 03, AVNO, 204, 164N, 1474W,  67,  975, XX,  50, NEQ,   52,   42,   45,   52, 1007,  117,  23,   0,   0, 
EP, 12, 2026082818, 03, AVNO, 204, 164N, 1474W,  67,  975, XX,  64, NEQ,   26,   25,   22,   36, 1007,  117,  23,   0,   0, 
EP, 12, 2026082818, 03, AVNO, 210, 164N, 1478W,  67,  976, XX,  34, NEQ,   98,   69,   68,   99, 1008,  218,  23,   0,   0, 
EP, 12, 2026082818, 03, AVNO, 210, 164N, 1478W,  67,  976, XX,  50, NEQ,   52,   43,   39,   52, 1008,  218,  23,   0,   0, 
EP, 12, 2026082818, 03, AVNO, 210, 164N, 1478W,  67,  976, XX,  64, NEQ,    0,    0,    0,   33, 1008,  218,  23,   0,   0, 
EP, 12, 2026082818, 03, AVNO, 216, 162N, 1482W,  65,  978, XX,  34, NEQ,   94,   75,   71,   97, 1010,  225,  31,   0,   0, 
EP, 12, 2026082818, 03, AVNO, 216, 162N, 1482W,  65,  978, XX,  50, NEQ,   50,   42,   41,   49, 1010,  225,  31,   0,   0, 
EP, 12, 2026082818, 03, AVNO, 216, 162N, 1482W,  65,  978, XX,  64, NEQ,    0,    0,    0,   31, 1010,  225,  31,   0,   0, 
EP, 12, 2026082818, 03, AVNO, 222, 161N, 1485W,  65,  976, XX,  34, NEQ,   86,   72,   76,   91, 1004,   94,  29,   0,   0, 
EP, 12, 2026082818, 03, AVNO, 222, 161N, 1485W,  65,  976, XX,  50, NEQ,   49,   43,   48,   44, 1004,   94,  29,   0,   0, 
EP, 12, 2026082818, 03, AVNO, 222, 161N, 1485W,  65,  976, XX,  64, NEQ,    0,    0,    0,   30, 1004,   94,  29,   0,   0, 
EP, 12, 2026082818, 03, AVNO, 228, 158N, 1488W,  66,  977, XX,  34, NEQ,   90,   77,   74,   99, 1009,  254,  32,   0,   0, 
EP, 12, 2026082818, 03, AVNO, 228, 158N, 1488W,  66,  977, XX,  50, NEQ,   49,   43,   44,   54, 1009,  254,  32,   0,   0, 
EP, 12, 2026082818, 03, AVNO, 228, 158N, 1488W,  66,  977, XX,  64, NEQ,   34,    0,    0,   36, 1009,  254,  32,   0,   0, 
EP, 12, 2026082818, 03, AVNO, 234, 154N, 1489W,  62,  976, XX,  34, NEQ,   82,   77,   78,  100, 1004,  112,  34,   0,   0, 
EP, 12, 2026082818, 03, AVNO, 234, 154N, 1489W,  62,  976, XX,  50, NEQ,   50,   49,   42,   55, 1004,  112,  34,   0,   0, 
EP, 12, 2026082818, 03, AVNO, 240, 152N, 1491W,  63,  978, XX,  34, NEQ,   96,   77,   78,   99, 1010,  340,  29,   0,   0, 
EP, 12, 2026082818, 03, AVNO, 240, 152N, 1491W,  63,  978, XX,  50, NEQ,   52,   48,   48,   56, 1010,  340,  29,   0,   0, 
EP, 12, 2026082818, 03, HCCA,   0, 124N, 1331W,  40,    0,   ,   0,    ,    0,    0,    0,    0, 
EP, 12, 2026082818, 03, HCCA,  12, 125N, 1341W,  42,    0,   ,   0,    ,    0,    0,    0,    0, 
EP, 12, 2026082818, 03, HCCA,  24, 126N, 1359W,  50,    0,   ,   0,    ,    0,    0,    0,    0, 
EP, 12, 2026082818, 03, HCCA,  36, 127N, 1376W,  58,    0,   ,   0,    ,    0,    0,    0,    0, 
EP, 12, 2026082818, 03, HCCA,  48, 128N, 1395W,  67,    0,   ,   0,    ,    0,    0,    0,    0, 
EP, 12, 2026082818, 03, HCCA,  60, 131N, 1414W,  72,    0,   ,   0,    ,    0,    0,    0,    0, 
EP, 12, 2026082818, 03, HCCA,  72, 135N, 1433W,  75,    0,   ,   0,    ,    0,    0,    0,    0, 
EP, 12, 2026082818, 03, HCCA,  84, 138N, 1452W,  86,    0,   ,   0,    ,    0,    0,    0,    0, 
EP, 12, 2026082818, 03, HCCA,  96, 141N, 1471W, 101,    0,   ,   0,    ,    0,    0,    0,    0, 
EP, 12, 2026082818, 03, HCCA, 108, 141N, 1491W, 112,    0,   ,   0,    ,    0,    0,    0,    0, 
EP, 12, 2026082818, 03, HCCA, 120, 143N, 1507W, 120,    0,   ,   0,    ,    0,    0,    0,    0, 
EP, 12, 2026082818, 03, HCCA, 132, 145N, 1520W, 129,    0,   ,   0,    ,    0,    0,    0,    0, 
EP, 12, 2026082818, 03, HCCA, 144, 150N, 1528W, 135,    0,   ,   0,    ,    0,    0,    0,    0, 
EP, 12, 2026082818, 03, HCCA, 156, 152N, 1531W, 141,    0,   ,   0,    ,    0,    0,    0,    0, 
EP, 12, 2026082818, 03, HCCA, 168, 156N, 1530W, 145,    0,   ,   0,    ,    0,    0,    0,    0, 
EP, 12, 2026082818, 03, HFSA,   0, 125N, 1331W,  41, 1003, XX,  34, NEQ,   45,   53,   86,   83, 1007,   62,  51,   0,   0,    ,   0,    , 341,   3,           ,  ,  0,    ,    0,    0,    0,    0, THERMO PARAMS, 109, 559, 74, N, 10, DT, -999, SHR82, -99, 
EP, 12, 2026082818, 03, HFSA,   6, 122N, 1335W,  32,  999, XX,  34, NEQ,    0,    0,    0,    0, 1003,   38,  32,   0,   0,    ,   0,    , 261,   2,           ,  ,  0,    ,    0,    0,    0,    0, THERMO PARAMS, 32, -119, 97, N, 10, DT, -999, SHR82, -99, 
EP, 12, 2026082818, 03, HFSA,  12, 123N, 1341W,  43, 1002, XX,  34, NEQ,   53,   39,   44,    0,  -99,  -99,  40,   0,   0,    ,   0,    , 292,   6,           ,  ,  0,    ,    0,    0,    0,    0, THERMO PARAMS, 89, 467, 21, N, 10, DT, -999, SHR82, -99, 
EP, 12, 2026082818, 03, HFSA,  18, 123N, 1349W,  72,  984, XX,  34, NEQ,    5,   42,   32,    0, 1000,   15,  11,   0,   0,    ,   0,    , 272,   6,           ,  ,  0,    ,    0,    0,    0,    0, THERMO PARAMS, 59, 539, 798, N, 10, DT, -999, SHR82, -99, 
EP, 12, 2026082818, 03, HFSA,  18, 123N, 1349W,  72,  984, XX,  50, NEQ,    0,   18,    8,    0, 1000,   15,  11,   0,   0,    ,   0,    , 272,   6,           ,  ,  0,    ,    0,    0,    0,    0, THERMO PARAMS, 59, 539, 798, N, 10, DT, -999, SHR82, -99, 
EP, 12, 2026082818, 03, HFSA,  18, 123N, 1349W,  72,  984, XX,  64, NEQ,    0,   11,    0,    0, 1000,   15,  11,   0,   0,    ,   0,    , 272,   6,           ,  ,  0,    ,    0,    0,    0,    0, THERMO PARAMS, 59, 539, 798, N, 10, DT, -999, SHR82, -99, 
EP, 12, 2026082818, 03, HFSA,  24, 123N, 1357W,  36, 1002, XX,  34, NEQ,    0,    0,    0,    0,  -99,  -99,  64,   0,   0,    ,   0,    , 276,   7,           ,  ,  0,    ,    0,    0,    0,    0, THERMO PARAMS, 93, 108, 277, N, 10, DT, -999, SHR82, -99, 
EP, 12, 2026082818, 03, HFSA,  30, 119N, 1366W,  65,  990, XX,  34, NEQ,   24,   34,   36,   16,  998,    9,   6,   0,   0,    ,   0,    , 249,   5,           ,  ,  0,    ,    0,    0,    0,    0, THERMO PARAMS, 43, 440, 863, N, 10, DT, -999, SHR82, -99, 
EP, 12, 2026082818, 03, HFSA,  30, 119N, 1366W,  65,  990, XX,  50, NEQ,   11,   11,    0,    0,  998,    9,   6,   0,   0,    ,   0,    , 249,   5,           ,  ,  0,    ,    0,    0,    0,    0, THERMO PARAMS, 43, 440, 863, N, 10, DT, -999, SHR82, -99, 
EP, 12, 2026082818, 03, HFSA,  36, 118N, 1370W,  45,  996, XX,  34, NEQ,   36,   44,   44,   21, 1000,    9,  28,   0,   0,    ,   0,    , 287,   2,           ,  ,  0,    ,    0,    0,    0,    0, THERMO PARAMS, 49, -173, 542, N, 10, DT, -999, SHR82, -99, 
EP, 12, 2026082818, 03, HFSA,  42, 120N, 1374W,  47,  994, XX,  34, NEQ,   31,   29,   29,   24, 1002,   24,  18,   0,   0,    ,   0,    , 311,   2,           ,  ,  0,    ,    0,    0,    0,    0, THERMO PARAMS, 20, 200, 634, N, 10, DT, -999, SHR82, -99, 
EP, 12, 2026082818, 03, HFSA,  48, 122N, 1378W,  48,  994, XX,  34, NEQ,   37,   29,   32,   31, 1006,   47,  17,   0,   0,    ,   0,    , 305,   3,           ,  ,  0,    ,    0,    0,    0,    0, THERMO PARAMS, 43, 712, 402, N, 10, DT, -999, SHR82, -99, 
EP, 12, 2026082818, 03, HFSA,  54, 125N, 1384W,  45,  993, XX,  34, NEQ,   40,   23,   26,   39,  997,   10,  14,   0,   0,    ,   0,    , 293,   4,           ,  ,  0,    ,    0,    0,    0,    0, THERMO PARAMS, 51, 257, 857, N, 10, DT, -999, SHR82, -99, 
EP, 12, 2026082818, 03, HFSA,  60, 126N, 1391W,  51,  993, XX,  34, NEQ,   39,   32,   40,   36, 1001,   20,  16,   0,   0,    ,   0,    , 273,   4,           ,  ,  0,    ,    0,    0,    0,    0, THERMO PARAMS, 18, 684, 759, N, 10, DT, -999, SHR82, -99, 
EP, 12, 2026082818, 03, HFSA,  60, 126N, 1391W,  51,  993, XX,  50, NEQ,   16,    0,    0,    0, 1001,   20,  16,   0,   0,    ,   0,    , 273,   4,           ,  ,  0,    ,    0,    0,    0,    0, THERMO PARAMS, 18, 684, 759, N, 10, DT, -999, SHR82, -99, 
EP, 12, 2026082818, 03, HFSA,  66, 128N, 1398W,  62,  984, XX,  34, NEQ,   40,   29,   44,   44, 1000,   26,  10,   0,   0,    ,   0,    , 280,   5,           ,  ,  0,    ,    0,    0,    0,    0, THERMO PARAMS, 13, 1376, 780, N, 10, DT, -999, SHR82, -99, 
EP, 12, 2026082818, 03, HFSA,  66, 128N, 1398W,  62,  984, XX,  50, NEQ,   11,   16,   16,   16, 1000,   26,  10,   0,   0,    ,   0,    , 280,   5,           ,  ,  0,    ,    0,    0,    0,    0, THERMO PARAMS, 13, 1376, 780, N, 10, DT, -999, SHR82, -99, 
EP, 12, 2026082818, 03, HFSA,  72, 129N, 1404W,  66,  981, XX,  34, NEQ,   34,   34,   42,   52, 1005,   43,   9,   0,   0,    ,   0,    , 284,   4,           ,  ,  0,    ,    0,    0,    0,    0, THERMO PARAMS, 11, 1424, 1229, N, 10, DT, -999, SHR82, -99, 
EP, 12, 2026082818, 03, HFSA,  72, 129N, 1404W,  66,  981, XX,  50, NEQ,   16,   16,   15,   16, 1005,   43,   9,   0,   0,    ,   0,    , 284,   4,           ,  ,  0,    ,    0,    0,    0,    0, THERMO PARAMS, 11, 1424, 1229, N, 10, DT, -999, SHR82, -99, 
EP, 12, 2026082818, 03, HFSA,  72, 129N, 1404W,  66,  981, XX,  64, NEQ,    0,    0,    0,    8, 1005,   43,   9,   0,   0,    ,   0,    , 284,   4,           ,  ,  0,    ,    0,    0,    0,    0, THERMO PARAMS, 11, 1424, 1229, N, 10, DT, -999, SHR82, -99, 
EP, 12, 2026082818, 03, HFSA,  78, 132N, 1410W,  77,  973, XX,  34, NEQ,   36,   29,   42,   76, 1001,   36,   7,   0,   0,    ,   0,    , 281,   5,           ,  ,  0,    ,    0,    0,    0,    0, THERMO PARAMS, 0, 1025, 1571, N, 10, DT, -999, SHR82, -99, 
EP, 12, 2026082818, 03, HFSA,  78, 132N, 1410W,  77,  973, XX,  50, NEQ,   18,   16,   18,   18, 1001,   36,   7,   0,   0,    ,   0,    , 281,   5,           ,  ,  0,    ,    0,    0,    0,    0, THERMO PARAMS, 0, 1025, 1571, N, 10, DT, -999, SHR82, -99, 
EP, 12, 2026082818, 03, HFSA,  78, 132N, 1410W,  77,  973, XX,  64, NEQ,   10,   11,   11,   11, 1001,   36,   7,   0,   0,    ,   0,    , 281,   5,           ,  ,  0,    ,    0,    0,    0,    0, THERMO PARAMS, 0, 1025, 1571, N, 10, DT, -999, SHR82, -99, 
EP, 12, 2026082818, 03, HFSA,  84, 134N, 1417W,  97,  968, XX,  34, NEQ,   74,   31,   40,   79, 1004,   52,   7,   0,   0,    ,   0,    , 277,   6,           ,  ,  0,    ,    0,    0,    0,    0, THERMO PARAMS, 16, 962, 1923, N, 10, DT, -999, SHR82, -99, 
EP, 12, 2026082818, 03, HFSA,  84, 134N, 1417W,  97,  968, XX,  50, NEQ,   23,   15,   18,   23, 1004,   52,   7,   0,   0,    ,   0,    , 277,   6,           ,  ,  0,    ,    0,    0,    0,    0, THERMO PARAMS, 16, 962, 1923, N, 10, DT, -999, SHR82, -99, 
EP, 12, 2026082818, 03, HFSA,  84, 134N, 1417W,  97,  968, XX,  64, NEQ,   15,   11,   13,   15, 1004,   52,   7,   0,   0,    ,   0,    , 277,   6,           ,  ,  0,    ,    0,    0,    0,    0, THERMO PARAMS, 16, 962, 1923, N, 10, DT, -999, SHR82, -99, 
EP, 12, 2026082818, 03, HFSA,  90, 135N, 1425W, 101,  963, XX,  34, NEQ,   73,   36,   60,   74,  995,   23,   8,   0,   0,    ,   0,    , 275,   7,           ,  ,  0,    ,    0,    0,    0,    0, THERMO PARAMS, 7, 1372, 2021, N, 10, DT, -999, SHR82, -99, 
EP, 12, 2026082818, 03, HFSA,  90, 135N, 1425W, 101,  963, XX,  50, NEQ,   21,   15,   21,   28,  995,   23,   8,   0,   0,    ,   0,    , 275,   7,           ,  ,  0,    ,    0,    0,    0,    0, THERMO PARAMS, 7, 1372, 2021, N, 10, DT, -999, SHR82, -99, 
EP, 12, 2026082818, 03, HFSA,  90, 135N, 1425W, 101,  963, XX,  64, NEQ,   13,   10,   16,   16,  995,   23,   8,   0,   0,    ,   0,    , 275,   7,           ,  ,  0,    ,    0,    0,    0,    0, THERMO PARAMS, 7, 1372, 2021, N, 10, DT, -999, SHR82, -99, 
EP, 12, 2026082818, 03, HFSA,  96, 136N, 1431W,  90,  966, XX,  34, NEQ,   63,   53,   49,   79, 1002,   44,   6,   0,   0,    ,   0,    , 289,   6,           ,  ,  0,    ,    0,    0,    0,    0, THERMO PARAMS, 20, 1003, 2199, N, 10, DT, -999, SHR82, -99, 
EP, 12, 2026082818, 03, HFSA,  96, 136N, 1431W,  90,  966, XX,  50, NEQ,   28,   21,   21,   24, 1002,   44,   6,   0,   0,    ,   0,    , 289,   6,           ,  ,  0,    ,    0,    0,    0,    0, THERMO PARAMS, 20, 1003, 2199, N, 10, DT, -999, SHR82, -99, 
EP, 12, 2026082818, 03, HFSA,  96, 136N, 1431W,  90,  966, XX,  64, NEQ,   15,   11,   10,   16, 1002,   44,   6,   0,   0,    ,   0,    , 289,   6,           ,  ,  0,    ,    0,    0,    0,    0, THERMO PARAMS, 20, 1003, 2199, N, 10, DT, -999, SHR82, -99, 
EP, 12, 2026082818, 03, HFSA, 102, 139N, 1435W,  88,  962, XX,  34, NEQ,   57,   71,   60,   87, 1002,   59,   9,   0,   0,    ,   0,    , 325,   4,           ,  ,  0,    ,    0,    0,    0,    0, THERMO PARAMS, 38, 1235, 2060, N, 10, DT, -999, SHR82, -99, 
EP, 12, 2026082818, 03, HFSA, 102, 139N, 1435W,  88,  962, XX,  50, NEQ,   32,   31,   32,   29, 1002,   59,   9,   0,   0,    ,   0,    , 325,   4,           ,  ,  0,    ,    0,    0,    0,    0, THERMO PARAMS, 38, 1235, 2060, N, 10, DT, -999, SHR82, -99, 
EP, 12, 2026082818, 03, HFSA, 102, 139N, 1435W,  88,  962, XX,  64, NEQ,   21,   21,   18,   21, 1002,   59,   9,   0,   0,    ,   0,    , 325,   4,           ,  ,  0,    ,    0,    0,    0,    0, THERMO PARAMS, 38, 1235, 2060, N, 10, DT, -999, SHR82, -99, 
EP, 12, 2026082818, 03, HFSA, 108, 144N, 1439W, 105,  961, XX,  34, NEQ,  105,   55,   71,  107, 1001,   44,  14,   0,   0,    ,   0,    , 322,   6,           ,  ,  0,    ,    0,    0,    0,    0, THERMO PARAMS, 34, 1393, 2123, N, 10, DT, -999, SHR82, -99, 
EP, 12, 2026082818, 03, HFSA, 108, 144N, 1439W, 105,  961, XX,  50, NEQ,   36,   28,   31,   37, 1001,   44,  14,   0,   0,    ,   0,    , 322,   6,           ,  ,  0,    ,    0,    0,    0,    0, THERMO PARAMS, 34, 1393, 2123, N, 10, DT, -999, SHR82, -99, 
EP, 12, 2026082818, 03, HFSA, 108, 144N, 1439W, 105,  961, XX,  64, NEQ,   24,   23,   21,   26, 1001,   44,  14,   0,   0,    ,   0,    , 322,   6,           ,  ,  0,    ,    0,    0,    0,    0, THERMO PARAMS, 34, 1393, 2123, N, 10, DT, -999, SHR82, -99, 
EP, 12, 2026082818, 03, HFSA, 114, 149N, 1445W, 106,  960, XX,  34, NEQ,  125,   52,   60,   94, 1004,   70,  12,   0,   0,    ,   0,    , 315,   5,           ,  ,  0,    ,    0,    0,    0,    0, THERMO PARAMS, 26, 1418, 2190, N, 10, DT, -999, SHR82, -99, 
EP, 12, 2026082818, 03, HFSA, 114, 149N, 1445W, 106,  960, XX,  50, NEQ,   37,   31,   32,   42, 1004,   70,  12,   0,   0,    ,   0,    , 315,   5,           ,  ,  0,    ,    0,    0,    0,    0, THERMO PARAMS, 26, 1418, 2190, N, 10, DT, -999, SHR82, -99, 
EP, 12, 2026082818, 03, HFSA, 114, 149N, 1445W, 106,  960, XX,  64, NEQ,   26,   23,   23,   28, 1004,   70,  12,   0,   0,    ,   0,    , 315,   5,           ,  ,  0,    ,    0,    0,    0,    0, THERMO PARAMS, 26, 1418, 2190, N, 10, DT, -999, SHR82, -99, 
EP, 12, 2026082818, 03, HFSA, 120, 153N, 1451W, 107,  960, XX,  34, NEQ,  104,   63,   63,  100, 1008,  106,  13,   0,   0,    ,   0,    , 309,   6,           ,  ,  0,    ,    0,    0,    0,    0, THERMO PARAMS, 8, 1323, 2396, N, 10, DT, -999, SHR82, -99, 
EP, 12, 2026082818, 03, HFSA, 120, 153N, 1451W, 107,  960, XX,  50, NEQ,   39,   37,   36,   42, 1008,  106,  13,   0,   0,    ,   0,    , 309,   6,           ,  ,  0,    ,    0,    0,    0,    0, THERMO PARAMS, 8, 1323, 2396, N, 10, DT, -999, SHR82, -99, 
EP, 12, 2026082818, 03, HFSA, 120, 153N, 1451W, 107,  960, XX,  64, NEQ,   28,   26,   24,   26, 1008,  106,  13,   0,   0,    ,   0,    , 309,   6,           ,  ,  0,    ,    0,    0,    0,    0, THERMO PARAMS, 8, 1323, 2396, N, 10, DT, -999, SHR82, -99, 
EP, 12, 2026082818, 03, HFSA, 126, 157N, 1456W, 105,  955, XX,  34, NEQ,  118,   65,   63,  104, 1003,   66,  13,   0,   0,    ,   0,    , -99, -99,           ,  ,  0,    ,    0,    0,    0,    0, THERMO PARAMS, 23, 1367, 2569, N, 10, DT, -999, SHR82, -99, 
EP, 12, 2026082818, 03, HFSA, 126, 157N, 1456W, 105,  955, XX,  50, NEQ,   42,   39,   37,   49, 1003,   66,  13,   0,   0,    ,   0,    , -99, -99,           ,  ,  0,    ,    0,    0,    0,    0, THERMO PARAMS, 23, 1367, 2569, N, 10, DT, -999, SHR82, -99, 
EP, 12, 2026082818, 03, HFSA, 126, 157N, 1456W, 105,  955, XX,  64, NEQ,   29,   29,   26,   29, 1003,   66,  13,   0,   0,    ,   0,    , -99, -99,           ,  ,  0,    ,    0,    0,    0,    0, THERMO PARAMS, 23, 1367, 2569, N, 10, DT, -999, SHR82, -99, 
EP, 12, 2026082818, 03, TVCN,   0, 124N, 1331W,   0,    0,   ,   0,    ,    0,    0,    0,    0, 
EP, 12, 2026082818, 03, TVCN,  12, 125N, 1337W,   0,    0,   ,   0,    ,    0,    0,    0,    0, 
EP, 12, 2026082818, 03, TVCN,  24, 127N, 1350W,   0,    0,   ,   0,    ,    0,    0,    0,    0, 
EP, 12, 2026082818, 03, TVCN,  36, 128N, 1365W,   0,    0,   ,   0,    ,    0,    0,    0,    0, 
EP, 12, 2026082818, 03, TVCN,  48, 131N, 1381W,   0,    0,   ,   0,    ,    0,    0,    0,    0, 
EP, 12, 2026082818, 03, TVCN,  60, 133N, 1398W,   0,    0,   ,   0,    ,    0,    0,    0,    0, 
EP, 12, 2026082818, 03, TVCN,  72, 135N, 1415W,   0,    0,   ,   0,    ,    0,    0,    0,    0, 
EP, 12, 2026082818, 03, TVCN,  84, 136N, 1430W,   0,    0,   ,   0,    ,    0,    0,    0,    0, 
EP, 12, 2026082818, 03, TVCN,  96, 137N, 1443W,   0,    0,   ,   0,    ,    0,    0,    0,    0, 
EP, 12, 2026082818, 03, TVCN, 108, 140N, 1454W,   0,    0,   ,   0,    ,    0,    0,    0,    0, 
EP, 12, 2026082818, 03, TVCN, 120, 144N, 1464W,   0,    0,   ,   0,    ,    0,    0,    0,    0, 
EP, 12, 2026082818, 03, TVCN, 132, 149N, 1472W,   0,    0,   ,   0,    ,    0,    0,    0,    0, 
EP, 12, 2026082818, 03, TVCN, 144, 149N, 1476W,   0,    0,   ,   0,    ,    0,    0,    0,    0, 
EP, 12, 2026082818, 03, TVCN, 156, 154N, 1478W,   0,    0,   ,   0,    ,    0,    0,    0,    0, 
EP, 12, 2026082818, 03, TVCN, 168, 159N, 1479W,   0,    0,   ,   0,    ,    0,    0,    0,    0, 
EP, 12, 2026082900, 03,  UKX,   0, 121N, 1338W,  26, 1003, XX,  34, NEQ,    0,    0,    0,    0, 
EP, 12, 2026082900, 03,  UKX,   6, 120N, 1344W,  30, 1005, XX,  34, NEQ,    0,    0,    0,    0, 
EP, 12, 2026082900, 03,  UKX,  12, 122N, 1351W,  30, 1003, XX,  34, NEQ,    0,    0,    0,    0, 
EP, 12, 2026082900, 03,  UKX,  18, 122N, 1359W,  29, 1005, XX,  34, NEQ,    0,    0,    0,    0, 
EP, 12, 2026082900, 03,  UKX,  24, 123N, 1367W,  28, 1003, XX,  34, NEQ,    0,    0,    0,    0, 
EP, 12, 2026082900, 03,  UKX,  30, 125N, 1377W,  32, 1005, XX,  34, NEQ,    0,    0,    0,    0, 
EP, 12, 2026082900, 03,  UKX,  36, 123N, 1388W,  32, 1002, XX,  34, NEQ,    0,    0,    0,    0, 
EP, 12, 2026082900, 03,  UKX,  42, 124N, 1398W,  34, 1004, XX,  34, NEQ,    0,    0,    0,    0, 
EP, 12, 2026082900, 03,  UKX,  48, 124N, 1407W,  31, 1001, XX,  34, NEQ,    0,    0,    0,    0, 
EP, 12, 2026082900, 03,  UKX,  54, 123N, 1416W,  34, 1003, XX,  34, NEQ,    0,    0,    0,    0, 
EP, 12, 2026082900, 03,  UKX,  60, 124N, 1425W,  36, 1000, XX,  34, NEQ,   56,    0,    0,   41, 
EP, 12, 2026082900, 03,  UKX,  66, 123N, 1434W,  35, 1001, XX,  34, NEQ,   57,    0,    0,   48, 
EP, 12, 2026082900, 03,  UKX,  72, 123N, 1441W,  37,  998, XX,  34, NEQ,   48,    0,    0,   51, 
EP, 12, 2026082900, 03,  UKX,  78, 124N, 1447W,  40,  999, XX,  34, NEQ,   68,    0,    0,   58, 
EP, 12, 2026082900, 03,  UKX,  84, 124N, 1454W,  41,  997, XX,  34, NEQ,   82,   35,    0,   79, 
EP, 12, 2026082900, 03,  UKX,  90, 126N, 1460W,  42,  998, XX,  34, NEQ,   91,   46,   44,   86, 
EP, 12, 2026082900, 03,  UKX,  96, 126N, 1468W,  43,  995, XX,  34, NEQ,   98,   52,   49,   99, 
EP, 12, 2026082900, 03,  UKX, 102, 126N, 1474W,  43,  996, XX,  34, NEQ,  104,   57,   51,   95, 
EP, 12, 2026082900, 03,  UKX, 108, 128N, 1481W,  45,  994, XX,  34, NEQ,   95,   67,   52,   82, 
EP, 12, 2026082900, 03,  UKX, 114, 130N, 1488W,  44,  996, XX,  34, NEQ,   90,   63,   59,   91, 
EP, 12, 2026082900, 03,  UKX, 120, 134N, 1495W,  44,  995, XX,  34, NEQ,   87,   59,   74,   98, 
EP, 12, 2026082900, 03,  UKX, 126, 137N, 1501W,  43,  996, XX,  34, NEQ,   93,   65,   58,   95, 
EP, 12, 2026082900, 03,  UKX, 132, 142N, 1506W,  42,  995, XX,  34, NEQ,   86,   69,   53,   94, 
EP, 12, 2026082900, 03,  UKX, 138, 147N, 1512W,  43,  997, XX,  34, NEQ,   82,   57,   57,   94, 
EP, 12, 2026082900, 03,  UKX, 144, 153N, 1517W,  42,  996, XX,  34, NEQ,   85,   68,   67,   92, 
EP, 12, 2026082900, 03, AVNO,   0, 125N, 1333W,  27, 1002, XX,  34, NEQ,    0,    0,    0,    0, 1006,   91,  46,   0,   0, 
EP, 12, 2026082900, 03, AVNO,   6, 124N, 1343W,  33, 1004, XX,  34, NEQ,    0,    0,    0,    0,  -99,  -99,  25,   0,   0, 
EP, 12, 2026082900, 03, AVNO,  12, 124N, 1350W,  36,  997, XX,  34, NEQ,    0,   27,    0,    0, 1005,   71,  26,   0,   0, 
EP, 12, 2026082900, 03, AVNO,  18, 124N, 1358W,  33, 1004, XX,  34, NEQ,    0,    0,    0,    0, 1008,   66,  41,   0,   0, 
EP, 12, 2026082900, 03, AVNO,  24, 122N, 1366W,  32, 1000, XX,  34, NEQ,    0,    0,    0,    0, 1004,   48,  26,   0,   0, 
EP, 12, 2026082900, 03, AVNO,  30, 122N, 1373W,  32, 1001, XX,  34, NEQ,    0,    0,    0,    0, 1009,   98,  32,   0,   0, 
EP, 12, 2026082900, 03, AVNO,  36, 121N, 1380W,  31, 1000, XX,  34, NEQ,    0,    0,    0,    0, 1004,   36,  54,   0,   0, 
EP, 12, 2026082900, 03, AVNO,  42, 121N, 1388W,  33, 1002, XX,  34, NEQ,    0,    0,    0,    0, 1010,  107,  37,   0,   0, 
EP, 12, 2026082900, 03, AVNO,  48, 124N, 1395W,  35,  999, XX,  34, NEQ,   24,    0,    0,    0, 1007,  107,  23,   0,   0, 
EP, 12, 2026082900, 03, AVNO,  54, 125N, 1401W,  31, 1001, XX,  34, NEQ,    0,    0,    0,    0, 1009,   93,  28,   0,   0, 
EP, 12, 2026082900, 03, AVNO,  60, 125N, 1410W,  45,  992, XX,  34, NEQ,   39,   35,   36,   44, 1008,  206,  34,   0,   0, 
EP, 12, 2026082900, 03, AVNO,  66, 126N, 1416W,  49,  991, XX,  34, NEQ,   43,   40,   38,   49, 1011,  227,  19,   0,   0, 
EP, 12, 2026082900, 03, AVNO,  72, 127N, 1421W,  55,  984, XX,  34, NEQ,   45,   42,   44,   44, 1004,   68,  15,   0,   0, 
EP, 12, 2026082900, 03, AVNO,  72, 127N, 1421W,  55,  984, XX,  50, NEQ,   23,   26,   20,   24, 1004,   68,  15,   0,   0, 
EP, 12, 2026082900, 03, AVNO,  78, 129N, 1426W,  61,  981, XX,  34, NEQ,   47,   39,   44,   55, 1009,  167,  14,   0,   0, 
EP, 12, 2026082900, 03, AVNO,  78, 129N, 1426W,  61,  981, XX,  50, NEQ,   29,   24,   28,   27, 1009,  167,  14,   0,   0, 
EP, 12, 2026082900, 03, AVNO,  84, 129N, 1431W,  62,  977, XX,  34, NEQ,   55,   44,   53,   66, 1005,   95,  25,   0,   0, 
EP, 12, 2026082900, 03, AVNO,  84, 129N, 1431W,  62,  977, XX,  50, NEQ,   31,   26,   29,   33, 1005,   95,  25,   0,   0, 
EP, 12, 2026082900, 03, AVNO,  90, 128N, 1434W,  71,  972, XX,  34, NEQ,   58,   55,   58,   74,  996,   33,  16,   0,   0, 
EP, 12, 2026082900, 03, AVNO,  90, 128N, 1434W,  71,  972, XX,  50, NEQ,   32,   34,   33,   37,  996,   33,  16,   0,   0, 
EP, 12, 2026082900, 03, AVNO,  90, 128N, 1434W,  71,  972, XX,  64, NEQ,   23,   24,   21,   24,  996,   33,  16,   0,   0, 
EP, 12, 2026082900, 03, AVNO,  96, 130N, 1437W,  73,  968, XX,  34, NEQ,   61,   65,   67,   82, 1008,  241,  18,   0,   0, 
EP, 12, 2026082900, 03, AVNO,  96, 130N, 1437W,  73,  968, XX,  50, NEQ,   34,   36,   35,   37, 1008,  241,  18,   0,   0, 
EP, 12, 2026082900, 03, AVNO,  96, 130N, 1437W,  73,  968, XX,  64, NEQ,   25,   29,   24,   25, 1008,  241,  18,   0,   0, 
EP, 12, 2026082900, 03, AVNO, 102, 133N, 1439W,  76,  968, XX,  34, NEQ,   75,   67,   73,   90,  992,   32,  14,   0,   0, 
EP, 12, 2026082900, 03, AVNO, 102, 133N, 1439W,  76,  968, XX,  50, NEQ,   40,   39,   38,   42,  992,   32,  14,   0,   0, 
EP, 12, 2026082900, 03, AVNO, 102, 133N, 1439W,  76,  968, XX,  64, NEQ,   28,   28,   26,   29,  992,   32,  14,   0,   0, 
EP, 12, 2026082900, 03, AVNO, 108, 137N, 1442W,  76,  964, XX,  34, NEQ,   95,   76,   77,   97,  976,   21,  20,   0,   0, 
EP, 12, 2026082900, 03, AVNO, 108, 137N, 1442W,  76,  964, XX,  50, NEQ,   41,   42,   39,   47,  976,   21,  20,   0,   0, 
EP, 12, 2026082900, 03, AVNO, 108, 137N, 1442W,  76,  964, XX,  64, NEQ,   29,   33,   27,   31,  976,   21,  20,   0,   0, 
EP, 12, 2026082900, 03, AVNO, 114, 140N, 1445W,  75,  966, XX,  34, NEQ,   76,   76,   73,   91, 1010,  159,  22,   0,   0, 
EP, 12, 2026082900, 03, AVNO, 114, 140N, 1445W,  75,  966, XX,  50, NEQ,   40,   43,   44,   45, 1010,  159,  22,   0,   0, 
EP, 12, 2026082900, 03, AVNO, 114, 140N, 1445W,  75,  966, XX,  64, NEQ,   29,   34,   30,   32, 1010,  159,  22,   0,   0, 
EP, 12, 2026082900, 03, AVNO, 120, 145N, 1447W,  76,  966, XX,  34, NEQ,   80,   72,   68,   91, 1006,  122,  23,   0,   0, 
EP, 12, 2026082900, 03, AVNO, 120, 145N, 1447W,  76,  966, XX,  50, NEQ,   46,   40,   41,   46, 1006,  122,  23,   0,   0, 
EP, 12, 2026082900, 03, AVNO, 120, 145N, 1447W,  76,  966, XX,  64, NEQ,   31,   31,   31,   31, 1006,  122,  23,   0,   0, 
EP, 12, 2026082900, 03, AVNO, 126, 150N, 1448W,  70,  969, XX,  34, NEQ,   90,   64,   69,   91,  989,   21,  29,   0,   0, 
EP, 12, 2026082900, 03, AVNO, 126, 150N, 1448W,  70,  969, XX,  50, NEQ,   44,   38,   42,   50,  989,   21,  29,   0,   0, 
EP, 12, 2026082900, 03, AVNO, 126, 150N, 1448W,  70,  969, XX,  64, NEQ,   30,   33,   27,   34,  989,   21,  29,   0,   0, 
EP, 12, 2026082900, 03, AVNO, 132, 154N, 1451W,  74,  969, XX,  34, NEQ,   98,   67,   71,   91, 1005,   82,  21,   0,   0, 
EP, 12, 2026082900, 03, AVNO, 132, 154N, 1451W,  74,  969, XX,  50, NEQ,   42,   41,   42,   48, 1005,   82,  21,   0,   0, 
EP, 12, 2026082900, 03, AVNO, 132, 154N, 1451W,  74,  969, XX,  64, NEQ,   30,   34,   27,   26, 1005,   82,  21,   0,   0, 
EP, 12, 2026082900, 03, AVNO, 138, 157N, 1452W,  71,  971, XX,  34, NEQ,   84,   66,   73,   87,  991,   33,  26,   0,   0, 
EP, 12, 2026082900, 03, AVNO, 138, 157N, 1452W,  71,  971, XX,  50, NEQ,   45,   42,   42,   50,  991,   33,  26,   0,   0, 
EP, 12, 2026082900, 03, AVNO, 138, 157N, 1452W,  71,  971, XX,  64, NEQ,   31,   30,   30,   30,  991,   33,  26,   0,   0, 
EP, 12, 2026082900, 03, AVNO, 144, 159N, 1452W,  74,  967, XX,  34, NEQ,   84,   67,   75,   91,  987,   29,  27,   0,   0, 
EP, 12, 2026082900, 03, AVNO, 144, 159N, 1452W,  74,  967, XX,  50, NEQ,   45,   39,   46,   49,  987,   29,  27,   0,   0, 
EP, 12, 2026082900, 03, AVNO, 144, 159N, 1452W,  74,  967, XX,  64, NEQ,   30,   30,   31,   29,  987,   29,  27,   0,   0, 
EP, 12, 2026082900, 03, AVNO, 150, 160N, 1453W,  71,  970, XX,  34, NEQ,   90,   64,   74,   90, 1010,  266,  19,   0,   0, 
EP, 12, 2026082900, 03, AVNO, 150, 160N, 1453W,  71,  970, XX,  50, NEQ,   46,   40,   44,   48, 1010,  266,  19,   0,   0, 
EP, 12, 2026082900, 03, AVNO, 150, 160N, 1453W,  71,  970, XX,  64, NEQ,   31,   28,   28,   28, 1010,  266,  19,   0,   0, 
EP, 12, 2026082900, 03, AVNO, 156, 162N, 1452W,  74,  969, XX,  34, NEQ,   82,   72,   73,   86, 1005,  106,  26,   0,   0, 
EP, 12, 2026082900, 03, AVNO, 156, 162N, 1452W,  74,  969, XX,  50, NEQ,   44,   42,   42,   50, 1005,  106,  26,   0,   0, 
EP, 12, 2026082900, 03, AVNO, 156, 162N, 1452W,  74,  969, XX,  64, NEQ,   31,   32,   32,   35, 1005,  106,  26,   0,   0, 
EP, 12, 2026082900, 03, AVNO, 162, 163N, 1452W,  73,  972, XX,  34, NEQ,   85,   70,   74,   77,  992,   35,  23,   0,   0, 
EP, 12, 2026082900, 03, AVNO, 162, 163N, 1452W,  73,  972, XX,  50, NEQ,   48,   43,   44,   46,  992,   35,  23,   0,   0, 
EP, 12, 2026082900, 03, AVNO, 162, 163N, 1452W,  73,  972, XX,  64, NEQ,   32,   29,   30,   30,  992,   35,  23,   0,   0, 
EP, 12, 2026082900, 03, AVNO, 168, 166N, 1453W,  72,  970, XX,  34, NEQ,   83,   70,   74,   84, 1006,  155,  22,   0,   0, 
EP, 12, 2026082900, 03, AVNO, 168, 166N, 1453W,  72,  970, XX,  50, NEQ,   43,   43,   44,   48, 1006,  155,  22,   0,   0, 
EP, 12, 2026082900, 03, AVNO, 168, 166N, 1453W,  72,  970, XX,  64, NEQ,   31,   32,   31,   30, 1006,  155,  22,   0,   0, 
EP, 12, 2026082900, 03, AVNO, 174, 167N, 1453W,  68,  972, XX,  34, NEQ,   78,   68,   72,   85,  992,   33,  24,   0,   0, 
EP, 12, 2026082900, 03, AVNO, 174, 167N, 1453W,  68,  972, XX,  50, NEQ,   46,   48,   47,   49,  992,   33,  24,   0,   0, 
EP, 12, 2026082900, 03, AVNO, 174, 167N, 1453W,  68,  972, XX,  64, NEQ,   32,   33,   33,   34,  992,   33,  24,   0,   0, 
EP, 12, 2026082900, 03, AVNO, 180, 170N, 1455W,  68,  972, XX,  34, NEQ,   82,   72,   72,   85, 1004,  101,  25,   0,   0, 
EP, 12, 2026082900, 03, AVNO, 180, 170N, 1455W,  68,  972, XX,  50, NEQ,   48,   42,   42,   48, 1004,  101,  25,   0,   0, 
EP, 12, 2026082900, 03, AVNO, 180, 170N, 1455W,  68,  972, XX,  64, NEQ,    0,   29,    0,   32, 1004,  101,  25,   0,   0, 
EP, 12, 2026082900, 03, AVNO, 186, 170N, 1456W,  66,  975, XX,  34, NEQ,   90,   73,   74,   91, 1007,  115,  23,   0,   0, 
EP, 12, 2026082900, 03, AVNO, 186, 170N, 1456W,  66,  975, XX,  50, NEQ,   48,   48,   49,   49, 1007,  115,  23,   0,   0, 
EP, 12, 2026082900, 03, AVNO, 186, 170N, 1456W,  66,  975, XX,  64, NEQ,   26,   28,   25,   28, 1007,  115,  23,   0,   0, 
EP, 12, 2026082900, 03, AVNO, 192, 171N, 1457W,  69,  974, XX,  34, NEQ,   74,   71,   77,   86, 1006,  137,  24,   0,   0, 
EP, 12, 2026082900, 03, AVNO, 192, 171N, 1457W,  69,  974, XX,  50, NEQ,   43,   49,   47,   52, 1006,  137,  24,   0,   0, 
EP, 12, 2026082900, 03, AVNO, 192, 171N, 1457W,  69,  974, XX,  64, NEQ,   27,   34,   25,   31, 1006,  137,  24,   0,   0, 
EP, 12, 2026082900, 03, AVNO, 198, 171N, 1458W,  66,  975, XX,  34, NEQ,   89,   69,   72,   93, 1007,  125,  26,   0,   0, 
EP, 12, 2026082900, 03, AVNO, 198, 171N, 1458W,  66,  975, XX,  50, NEQ,   47,   44,   43,   46, 1007,  125,  26,   0,   0, 
EP, 12, 2026082900, 03, AVNO, 198, 171N, 1458W,  66,  975, XX,  64, NEQ,   22,    0,    0,   29, 1007,  125,  26,   0,   0, 
EP, 12, 2026082900, 03, AVNO, 204, 169N, 1459W,  64,  975, XX,  34, NEQ,   95,   75,   73,   97, 1007,  184,  22,   0,   0, 
EP, 12, 2026082900, 03, AVNO, 204, 169N, 1459W,  64,  975, XX,  50, NEQ,   51,   47,   41,   55, 1007,  184,  22,   0,   0, 
EP, 12, 2026082900, 03, AVNO, 210, 167N, 1459W,  64,  977, XX,  34, NEQ,   91,   75,   75,   98,  989,   32,  24,   0,   0, 
EP, 12, 2026082900, 03, AVNO, 210, 167N, 1459W,  64,  977, XX,  50, NEQ,   47,   44,   50,   52,  989,   32,  24,   0,   0, 
EP, 12, 2026082900, 03, AVNO, 210, 167N, 1459W,  64,  977, XX,  64, NEQ,    0,    0,    0,   25,  989,   32,  24,   0,   0, 
EP, 12, 2026082900, 03, AVNO, 216, 166N, 1459W,  65,  976, XX,  34, NEQ,   85,   72,   79,   97, 1004,  114,  24,   0,   0, 
EP, 12, 2026082900, 03, AVNO, 216, 166N, 1459W,  65,  976, XX,  50, NEQ,   53,   41,   54,   54, 1004,  114,  24,   0,   0, 
EP, 12, 2026082900, 03, AVNO, 216, 166N, 1459W,  65,  976, XX,  64, NEQ,    0,    0,   24,   31, 1004,  114,  24,   0,   0, 
EP, 12, 2026082900, 03, AVNO, 222, 164N, 1458W,  68,  976, XX,  34, NEQ,   85,   78,   75,   95, 1008,  177,  33,   0,   0, 
EP, 12, 2026082900, 03, AVNO, 222, 164N, 1458W,  68,  976, XX,  50, NEQ,   52,   51,   37,   57, 1008,  177,  33,   0,   0, 
EP, 12, 2026082900, 03, AVNO, 222, 164N, 1458W,  68,  976, XX,  64, NEQ,    0,    0,    0,   38, 1008,  177,  33,   0,   0, 
EP, 12, 2026082900, 03, AVNO, 228, 163N, 1456W,  65,  973, XX,  34, NEQ,   82,   85,   87,   93, 1005,  163,  31,   0,   0, 
EP, 12, 2026082900, 03, AVNO, 228, 163N, 1456W,  65,  973, XX,  50, NEQ,   53,   52,   47,   52, 1005,  163,  31,   0,   0, 
EP, 12, 2026082900, 03, AVNO, 228, 163N, 1456W,  65,  973, XX,  64, NEQ,    0,    0,   29,   34, 1005,  163,  31,   0,   0, 
EP, 12, 2026082900, 03, AVNO, 234, 163N, 1454W,  61,  976, XX,  34, NEQ,   87,   83,   87,   95, 1008,  214,  28,   0,   0, 
EP, 12, 2026082900, 03, AVNO, 234, 163N, 1454W,  61,  976, XX,  50, NEQ,   46,   53,   51,   57, 1008,  214,  28,   0,   0, 
EP, 12, 2026082900, 03, AVNO, 240, 166N, 1452W,  63,  975, XX,  34, NEQ,   87,   87,   83,   91, 1007,  348,  38,   0,   0, 
EP, 12, 2026082900, 03, AVNO, 240, 166N, 1452W,  63,  975, XX,  50, NEQ,   54,   54,   49,   55, 1007,  348,  38,   0,   0, 
EP, 12, 2026082900, 03, HCCA,   0, 124N, 1338W,  40,    0,   ,   0,    ,    0,    0,    0,    0, 
EP, 12, 2026082900, 03, HCCA,  12, 125N, 1353W,  46,    0,   ,   0,    ,    0,    0,    0,    0, 
EP, 12, 2026082900, 03, HCCA,  24, 125N, 1372W,  49,    0,   ,   0,    ,    0,    0,    0,    0, 
EP, 12, 2026082900, 03, HCCA,  36, 124N, 1392W,  50,    0,   ,   0,    ,    0,    0,    0,    0, 
EP, 12, 2026082900, 03, HCCA,  48, 124N, 1411W,  52,    0,   ,   0,    ,    0,    0,    0,    0, 
EP, 12, 2026082900, 03, HCCA,  60, 125N, 1430W,  57,    0,   ,   0,    ,    0,    0,    0,    0, 
EP, 12, 2026082900, 03, HCCA,  72, 127N, 1449W,  65,    0,   ,   0,    ,    0,    0,    0,    0, 
EP, 12, 2026082900, 03, HCCA,  84, 128N, 1468W,  75,    0,   ,   0,    ,    0,    0,    0,    0, 
EP, 12, 2026082900, 03, HCCA,  96, 128N, 1485W,  96,    0,   ,   0,    ,    0,    0,    0,    0, 
EP, 12, 2026082900, 03, HCCA, 108, 128N, 1501W, 114,    0,   ,   0,    ,    0,    0,    0,    0, 
EP, 12, 2026082900, 03, HCCA, 120, 130N, 1512W, 122,    0,   ,   0,    ,    0,    0,    0,    0, 
EP, 12, 2026082900, 03, HCCA, 132, 135N, 1516W, 126,    0,   ,   0,    ,    0,    0,    0,    0, 
EP, 12, 2026082900, 03, HCCA, 144, 138N, 1514W, 132,    0,   ,   0,    ,    0,    0,    0,    0, 
EP, 12, 2026082900, 03, HCCA, 156, 142N, 1523W, 140,    0,   ,   0,    ,    0,    0,    0,    0, 
EP, 12, 2026082900, 03, HCCA, 168, 144N, 1531W, 151,    0,   ,   0,    ,    0,    0,    0,    0, 
EP, 12, 2026082900, 03, HFSA,   0, 124N, 1339W,  40, 1002, XX,  34, NEQ,    0,   74,   79,   68, 1006,   89,  42,   0,   0,    ,   0,    , 281,   3,           ,  ,  0,    ,    0,    0,    0,    0, THERMO PARAMS, 96, -342, 164, N, 10, DT, -999, SHR82, -99, 
EP, 12, 2026082900, 03, HFSA,   6, 124N, 1343W,  38, 1002, XX,  34, NEQ,    0,   60,   76,    0,  -99,  -99,  39,   0,   0,    ,   0,    , 289,   5,           ,  ,  0,    ,    0,    0,    0,    0, THERMO PARAMS, 43, 73, 262, N, 10, DT, -999, SHR82, -99, 
EP, 12, 2026082900, 03, HFSA,  12, 124N, 1350W,  42,  998, XX,  34, NEQ,   34,   42,   57,    0, 1002,   27,  27,   0,   0,    ,   0,    , 280,   6,           ,  ,  0,    ,    0,    0,    0,    0, THERMO PARAMS, 83, -10, 134, N, 10, DT, -999, SHR82, -99, 
EP, 12, 2026082900, 03, HFSA,  18, 122N, 1359W,  48,  995, XX,  34, NEQ,   21,   31,   45,    0,  999,    5,  15,   0,   0,    ,   0,    , 274,   7,           ,  ,  0,    ,    0,    0,    0,    0, THERMO PARAMS, 75, -220, 766, N, 10, DT, -999, SHR82, -99, 
EP, 12, 2026082900, 03, HFSA,  24, 121N, 1366W,  41,  997, XX,  34, NEQ,   32,   42,    0,    0, 1001,    8,  23,   0,   0,    ,   0,    , 275,   4,           ,  ,  0,    ,    0,    0,    0,    0, THERMO PARAMS, 78, -257, 299, N, 10, DT, -999, SHR82, -99, 
EP, 12, 2026082900, 03, HFSA,  30, 122N, 1374W,  39, 1000, XX,  34, NEQ,    0,   31,   23,    0, 1004,   19,  24,   0,   0,    ,   0,    , 279,   6,           ,  ,  0,    ,    0,    0,    0,    0, THERMO PARAMS, 71, 129, 89, N, 10, DT, -999, SHR82, -99, 
EP, 12, 2026082900, 03, HFSA,  36, 122N, 1384W,  41,  996, XX,  34, NEQ,   23,   18,   55,   29, 1000,   14,  49,   0,   0,    ,   0,    , 272,   6,           ,  ,  0,    ,    0,    0,    0,    0, THERMO PARAMS, 26, 60, 278, N, 10, DT, -999, SHR82, -99, 
EP, 12, 2026082900, 03, HFSA,  42, 122N, 1390W,  38, 1000, XX,  34, NEQ,   39,   32,   37,    0, 1004,   20,  25,   0,   0,    ,   0,    , 296,   3,           ,  ,  0,    ,    0,    0,    0,    0, THERMO PARAMS, 67, 174, 508, N, 10, DT, -999, SHR82, -99, 
EP, 12, 2026082900, 03, HFSA,  48, 124N, 1398W,  45,  995, XX,  34, NEQ,   55,   29,   47,   50,  999,   16,  22,   0,   0,    ,   0,    , 273,   5,           ,  ,  0,    ,    0,    0,    0,    0, THERMO PARAMS, 48, -62, 801, N, 10, DT, -999, SHR82, -99, 
EP, 12, 2026082900, 03, HFSA,  54, 125N, 1404W,  45,  994, XX,  34, NEQ,   40,   39,   52,   39, 1006,   43,  21,   0,   0,    ,   0,    , 283,   3,           ,  ,  0,    ,    0,    0,    0,    0, THERMO PARAMS, 16, 539, 843, N, 10, DT, -999, SHR82, -99, 
EP, 12, 2026082900, 03, HFSA,  60, 128N, 1410W,  52,  991, XX,  34, NEQ,   47,   45,   49,   68, 1003,   40,  24,   0,   0,    ,   0,    , 304,   4,           ,  ,  0,    ,    0,    0,    0,    0, THERMO PARAMS, 23, 934, 560, N, 10, DT, -999, SHR82, -99, 
EP, 12, 2026082900, 03, HFSA,  60, 128N, 1410W,  52,  991, XX,  50, NEQ,   24,   16,    0,    0, 1003,   40,  24,   0,   0,    ,   0,    , 304,   4,           ,  ,  0,    ,    0,    0,    0,    0, THERMO PARAMS, 23, 934, 560, N, 10, DT, -999, SHR82, -99, 
EP, 12, 2026082900, 03, HFSA,  66, 130N, 1417W,  56,  991, XX,  34, NEQ,   53,   40,   39,   60, 1007,   59,  17,   0,   0,    ,   0,    , 283,   6,           ,  ,  0,    ,    0,    0,    0,    0, THERMO PARAMS, 2, 722, 1105, N, 10, DT, -999, SHR82, -99, 
EP, 12, 2026082900, 03, HFSA,  66, 130N, 1417W,  56,  991, XX,  50, NEQ,    0,   21,   16,   18, 1007,   59,  17,   0,   0,    ,   0,    , 283,   6,           ,  ,  0,    ,    0,    0,    0,    0, THERMO PARAMS, 2, 722, 1105, N, 10, DT, -999, SHR82, -99, 
EP, 12, 2026082900, 03, HFSA,  72, 132N, 1424W,  61,  984, XX,  34, NEQ,   62,   44,   49,   62, 1004,   57,  15,   0,   0,    ,   0,    , 296,   5,           ,  ,  0,    ,    0,    0,    0,    0, THERMO PARAMS, -3, 894, 880, N, 10, DT, -999, SHR82, -99, 
EP, 12, 2026082900, 03, HFSA,  72, 132N, 1424W,  61,  984, XX,  50, NEQ,   21,   19,   18,   21, 1004,   57,  15,   0,   0,    ,   0,    , 296,   5,           ,  ,  0,    ,    0,    0,    0,    0, THERMO PARAMS, -3, 894, 880, N, 10, DT, -999, SHR82, -99, 
EP, 12, 2026082900, 03, HFSA,  78, 133N, 1432W,  76,  976, XX,  34, NEQ,   74,   44,   45,   71, 1000,   29,  10,   0,   0,    ,   0,    , 268,   6,           ,  ,  0,    ,    0,    0,    0,    0, THERMO PARAMS, -3, 1486, 1668, N, 10, DT, -999, SHR82, -99, 
EP, 12, 2026082900, 03, HFSA,  78, 133N, 1432W,  76,  976, XX,  50, NEQ,   24,   21,   21,   26, 1000,   29,  10,   0,   0,    ,   0,    , 268,   6,           ,  ,  0,    ,    0,    0,    0,    0, THERMO PARAMS, -3, 1486, 1668, N, 10, DT, -999, SHR82, -99, 
EP, 12, 2026082900, 03, HFSA,  78, 133N, 1432W,  76,  976, XX,  64, NEQ,   16,   15,   15,   13, 1000,   29,  10,   0,   0,    ,   0,    , 268,   6,           ,  ,  0,    ,    0,    0,    0,    0, THERMO PARAMS, -3, 1486, 1668, N, 10, DT, -999, SHR82, -99, 
EP, 12, 2026082900, 03, HFSA,  84, 134N, 1439W,  97,  964, XX,  34, NEQ,   84,   52,   44,   78, 1000,   38,  11,   0,   0,    ,   0,    , 275,   6,           ,  ,  0,    ,    0,    0,    0,    0, THERMO PARAMS, -1, 1819, 2184, N, 10, DT, -999, SHR82, -99, 
EP, 12, 2026082900, 03, HFSA,  84, 134N, 1439W,  97,  964, XX,  50, NEQ,   29,   23,   26,   29, 1000,   38,  11,   0,   0,    ,   0,    , 275,   6,           ,  ,  0,    ,    0,    0,    0,    0, THERMO PARAMS, -1, 1819, 2184, N, 10, DT, -999, SHR82, -99, 
EP, 12, 2026082900, 03, HFSA,  84, 134N, 1439W,  97,  964, XX,  64, NEQ,   18,   16,   16,   19, 1000,   38,  11,   0,   0,    ,   0,    , 275,   6,           ,  ,  0,    ,    0,    0,    0,    0, THERMO PARAMS, -1, 1819, 2184, N, 10, DT, -999, SHR82, -99, 
EP, 12, 2026082900, 03, HFSA,  90, 134N, 1446W, 101,  957, XX,  34, NEQ,   71,   52,   53,   79, 1001,   39,   9,   0,   0,    ,   0,    , 275,   6,           ,  ,  0,    ,    0,    0,    0,    0, THERMO PARAMS, -17, 1864, 2478, N, 10, DT, -999, SHR82, -99, 
EP, 12, 2026082900, 03, HFSA,  90, 134N, 1446W, 101,  957, XX,  50, NEQ,   34,   24,   24,   32, 1001,   39,   9,   0,   0,    ,   0,    , 275,   6,           ,  ,  0,    ,    0,    0,    0,    0, THERMO PARAMS, -17, 1864, 2478, N, 10, DT, -999, SHR82, -99, 
EP, 12, 2026082900, 03, HFSA,  90, 134N, 1446W, 101,  957, XX,  64, NEQ,   19,   19,   16,   19, 1001,   39,   9,   0,   0,    ,   0,    , 275,   6,           ,  ,  0,    ,    0,    0,    0,    0, THERMO PARAMS, -17, 1864, 2478, N, 10, DT, -999, SHR82, -99, 
EP, 12, 2026082900, 03, HFSA,  96, 134N, 1451W, 115,  949, XX,  34, NEQ,  113,   60,   74,  105,  997,   33,  10,   0,   0,    ,   0,    , 305,   3,           ,  ,  0,    ,    0,    0,    0,    0, THERMO PARAMS, -16, 1896, 2740, N, 10, DT, -999, SHR82, -99, 
EP, 12, 2026082900, 03, HFSA,  96, 134N, 1451W, 115,  949, XX,  50, NEQ,   31,   28,   28,   34,  997,   33,  10,   0,   0,    ,   0,    , 305,   3,           ,  ,  0,    ,    0,    0,    0,    0, THERMO PARAMS, -16, 1896, 2740, N, 10, DT, -999, SHR82, -99, 
EP, 12, 2026082900, 03, HFSA,  96, 134N, 1451W, 115,  949, XX,  64, NEQ,   21,   19,   18,   23,  997,   33,  10,   0,   0,    ,   0,    , 305,   3,           ,  ,  0,    ,    0,    0,    0,    0, THERMO PARAMS, -16, 1896, 2740, N, 10, DT, -999, SHR82, -99, 
EP, 12, 2026082900, 03, HFSA, 102, 137N, 1455W, 122,  949, XX,  34, NEQ,  113,   65,   73,  110,  997,   33,   8,   0,   0,    ,   0,    , 298,   4,           ,  ,  0,    ,    0,    0,    0,    0, THERMO PARAMS, 2, 1663, 2868, N, 10, DT, -999, SHR82, -99, 
EP, 12, 2026082900, 03, HFSA, 102, 137N, 1455W, 122,  949, XX,  50, NEQ,   44,   32,   32,   44,  997,   33,   8,   0,   0,    ,   0,    , 298,   4,           ,  ,  0,    ,    0,    0,    0,    0, THERMO PARAMS, 2, 1663, 2868, N, 10, DT, -999, SHR82, -99, 
EP, 12, 2026082900, 03, HFSA, 102, 137N, 1455W, 122,  949, XX,  64, NEQ,   21,   24,   24,   23,  997,   33,   8,   0,   0,    ,   0,    , 298,   4,           ,  ,  0,    ,    0,    0,    0,    0, THERMO PARAMS, 2, 1663, 2868, N, 10, DT, -999, SHR82, -99, 
EP, 12, 2026082900, 03, HFSA, 108, 140N, 1460W, 112,  948, XX,  34, NEQ,   97,   68,   65,  104,  988,   24,  11,   0,   0,    ,   0,    , 313,   4,           ,  ,  0,    ,    0,    0,    0,    0, THERMO PARAMS, 5, 1625, 2953, N, 10, DT, -999, SHR82, -99, 
EP, 12, 2026082900, 03, HFSA, 108, 140N, 1460W, 112,  948, XX,  50, NEQ,   40,   39,   39,   47,  988,   24,  11,   0,   0,    ,   0,    , 313,   4,           ,  ,  0,    ,    0,    0,    0,    0, THERMO PARAMS, 5, 1625, 2953, N, 10, DT, -999, SHR82, -99, 
EP, 12, 2026082900, 03, HFSA, 108, 140N, 1460W, 112,  948, XX,  64, NEQ,   29,   28,   24,   31,  988,   24,  11,   0,   0,    ,   0,    , 313,   4,           ,  ,  0,    ,    0,    0,    0,    0, THERMO PARAMS, 5, 1625, 2953, N, 10, DT, -999, SHR82, -99, 
EP, 12, 2026082900, 03, HFSA, 114, 143N, 1465W,  93,  955, XX,  34, NEQ,  117,   71,   70,  105,  999,   42,  14,   0,   0,    ,   0,    , 317,   5,           ,  ,  0,    ,    0,    0,    0,    0, THERMO PARAMS, -2, 1373, 2437, N, 10, DT, -999, SHR82, -99, 
EP, 12, 2026082900, 03, HFSA, 114, 143N, 1465W,  93,  955, XX,  50, NEQ,   44,   37,   40,   55,  999,   42,  14,   0,   0,    ,   0,    , 317,   5,           ,  ,  0,    ,    0,    0,    0,    0, THERMO PARAMS, -2, 1373, 2437, N, 10, DT, -999, SHR82, -99, 
EP, 12, 2026082900, 03, HFSA, 114, 143N, 1465W,  93,  955, XX,  64, NEQ,   31,   31,   29,   34,  999,   42,  14,   0,   0,    ,   0,    , 317,   5,           ,  ,  0,    ,    0,    0,    0,    0, THERMO PARAMS, -2, 1373, 2437, N, 10, DT, -999, SHR82, -99, 
EP, 12, 2026082900, 03, HFSA, 120, 148N, 1469W, 105,  954, XX,  34, NEQ,  107,   71,   73,  107,  998,   44,  13,   0,   0,    ,   0,    , 327,   6,           ,  ,  0,    ,    0,    0,    0,    0, THERMO PARAMS, 12, 1410, 2539, N, 10, DT, -999, SHR82, -99, 
EP, 12, 2026082900, 03, HFSA, 120, 148N, 1469W, 105,  954, XX,  50, NEQ,   50,   36,   40,   52,  998,   44,  13,   0,   0,    ,   0,    , 327,   6,           ,  ,  0,    ,    0,    0,    0,    0, THERMO PARAMS, 12, 1410, 2539, N, 10, DT, -999, SHR82, -99, 
EP, 12, 2026082900, 03, HFSA, 120, 148N, 1469W, 105,  954, XX,  64, NEQ,   34,   28,   29,   34,  998,   44,  13,   0,   0,    ,   0,    , 327,   6,           ,  ,  0,    ,    0,    0,    0,    0, THERMO PARAMS, 12, 1410, 2539, N, 10, DT, -999, SHR82, -99, 
EP, 12, 2026082900, 03, HFSA, 126, 151N, 1474W, 102,  957, XX,  34, NEQ,  117,   70,   71,  108, 1005,   72,  15,   0,   0,    ,   0,    , -99, -99,           ,  ,  0,    ,    0,    0,    0,    0, THERMO PARAMS, 8, 1326, 2272, N, 10, DT, -999, SHR82, -99, 
EP, 12, 2026082900, 03, HFSA, 126, 151N, 1474W, 102,  957, XX,  50, NEQ,   44,   39,   42,   52, 1005,   72,  15,   0,   0,    ,   0,    , -99, -99,           ,  ,  0,    ,    0,    0,    0,    0, THERMO PARAMS, 8, 1326, 2272, N, 10, DT, -999, SHR82, -99, 
EP, 12, 2026082900, 03, HFSA, 126, 151N, 1474W, 102,  957, XX,  64, NEQ,   31,   29,   29,   32, 1005,   72,  15,   0,   0,    ,   0,    , -99, -99,           ,  ,  0,    ,    0,    0,    0,    0, THERMO PARAMS, 8, 1326, 2272, N, 10, DT, -999, SHR82, -99, 
EP, 12, 2026082900, 03, TVCN,   0, 124N, 1338W,   0,    0,   ,   0,    ,    0,    0,    0,    0, 
EP, 12, 2026082900, 03, TVCN,  12, 125N, 1349W,   0,    0,   ,   0,    ,    0,    0,    0,    0, 
EP, 12, 2026082900, 03, TVCN,  24, 126N, 1363W,   0,    0,   ,   0,    ,    0,    0,    0,    0, 
EP, 12, 2026082900, 03, TVCN,  36, 126N, 1378W,   0,    0,   ,   0,    ,    0,    0,    0,    0, 
EP, 12, 2026082900, 03, TVCN,  48, 128N, 1393W,   0,    0,   ,   0,    ,    0,    0,    0,    0, 
EP, 12, 2026082900, 03, TVCN,  60, 130N, 1407W,   0,    0,   ,   0,    ,    0,    0,    0,    0, 
EP, 12, 2026082900, 03, TVCN,  72, 132N, 1421W,   0,    0,   ,   0,    ,    0,    0,    0,    0, 
EP, 12, 2026082900, 03, TVCN,  84, 135N, 1434W,   0,    0,   ,   0,    ,    0,    0,    0,    0, 
EP, 12, 2026082900, 03, TVCN,  96, 137N, 1444W,   0,    0,   ,   0,    ,    0,    0,    0,    0, 
EP, 12, 2026082900, 03, TVCN, 108, 141N, 1454W,   0,    0,   ,   0,    ,    0,    0,    0,    0, 
EP, 12, 2026082900, 03, TVCN, 120, 146N, 1462W,   0,    0,   ,   0,    ,    0,    0,    0,    0, 
EP, 12, 2026082900, 03, TVCN, 132, 151N, 1469W,   0,    0,   ,   0,    ,    0,    0,    0,    0, 
EP, 12, 2026082900, 03, TVCN, 144, 145N, 1471W,   0,    0,   ,   0,    ,    0,    0,    0,    0, 
EP, 12, 2026082900, 03, TVCN, 156, 150N, 1472W,   0,    0,   ,   0,    ,    0,    0,    0,    0, 
EP, 12, 2026082900, 03, TVCN, 168, 155N, 1472W,   0,    0,   ,   0,    ,    0,    0,    0,    0, 
EP, 12, 2026082906, 03, AVNO,   0, 124N, 1344W,  31, 1004, XX,  34, NEQ,    0,    0,    0,    0,  -99,  -99,  25,   0,   0, 
EP, 12, 2026082906, 03, AVNO,   6, 125N, 1350W,  32, 1001, XX,  34, NEQ,    0,    0,    0,    0, 1005,   71,  43,   0,   0, 
EP, 12, 2026082906, 03, AVNO,  12, 124N, 1359W,  32, 1005, XX,  34, NEQ,    0,    0,    0,    0, 1009,   77,  36,   0,   0, 
EP, 12, 2026082906, 03, AVNO,  18, 123N, 1364W,  29, 1003, XX,  34, NEQ,    0,    0,    0,    0, 1007,   69,  43,   0,   0, 
EP, 12, 2026082906, 03, AVNO,  24, 124N, 1371W,  28, 1005, XX,  34, NEQ,    0,    0,    0,    0, 1009,   63,  49,   0,   0, 
EP, 12, 2026082906, 03, AVNO,  30, 124N, 1378W,  27, 1003, XX,  34, NEQ,    0,    0,    0,    0, 1007,   76,  56,   0,   0, 
EP, 12, 2026082906, 03, AVNO,  36, 124N, 1389W,  27, 1004, XX,  34, NEQ,    0,    0,    0,    0, 1008,   42,  34,   0,   0, 
EP, 12, 2026082906, 03, AVNO,  42, 127N, 1398W,  30, 1001, XX,  34, NEQ,    0,    0,    0,    0,  -99,  -99,  44,   0,   0, 
EP, 12, 2026082906, 03, AVNO,  48, 126N, 1408W,  40,  999, XX,  34, NEQ,    0,   27,   29,    0, 1011,  264,  26,   0,   0, 
EP, 12, 2026082906, 03, AVNO,  54, 126N, 1416W,  42,  995, XX,  34, NEQ,   40,   28,   35,   38, 1007,  110,  23,   0,   0, 
EP, 12, 2026082906, 03, AVNO,  60, 127N, 1423W,  49,  988, XX,  34, NEQ,   49,   33,   37,   40, 1008,   69,  15,   0,   0, 
EP, 12, 2026082906, 03, AVNO,  66, 128N, 1430W,  57,  983, XX,  34, NEQ,   41,   43,   41,   46, 1007,  153,  15,   0,   0, 
EP, 12, 2026082906, 03, AVNO,  66, 128N, 1430W,  57,  983, XX,  50, NEQ,   24,   28,   17,   25, 1007,  153,  15,   0,   0, 
EP, 12, 2026082906, 03, AVNO,  72, 128N, 1435W,  63,  979, XX,  34, NEQ,   46,   43,   43,   49, 1007,   70,  14,   0,   0, 
EP, 12, 2026082906, 03, AVNO,  72, 128N, 1435W,  63,  979, XX,  50, NEQ,   28,   27,   24,   29, 1007,   70,  14,   0,   0, 
EP, 12, 2026082906, 03, AVNO,  78, 129N, 1441W,  72,  974, XX,  34, NEQ,   51,   46,   43,   57, 1006,   83,  21,   0,   0, 
EP, 12, 2026082906, 03, AVNO,  78, 129N, 1441W,  72,  974, XX,  50, NEQ,   30,   31,   26,   36, 1006,   83,  21,   0,   0, 
EP, 12, 2026082906, 03, AVNO,  78, 129N, 1441W,  72,  974, XX,  64, NEQ,   22,    0,   13,   23, 1006,   83,  21,   0,   0, 
EP, 12, 2026082906, 03, AVNO,  84, 129N, 1447W,  73,  972, XX,  34, NEQ,   57,   53,   48,   66, 1008,   90,  20,   0,   0, 
EP, 12, 2026082906, 03, AVNO,  84, 129N, 1447W,  73,  972, XX,  50, NEQ,   32,   34,   30,   34, 1008,   90,  20,   0,   0, 
EP, 12, 2026082906, 03, AVNO,  84, 129N, 1447W,  73,  972, XX,  64, NEQ,   25,   23,   23,   27, 1008,   90,  20,   0,   0, 
EP, 12, 2026082906, 03, AVNO,  90, 130N, 1452W,  78,  963, XX,  34, NEQ,   63,   56,   52,   69,  991,   30,  16,   0,   0, 
EP, 12, 2026082906, 03, AVNO,  90, 130N, 1452W,  78,  963, XX,  50, NEQ,   36,   38,   33,   40,  991,   30,  16,   0,   0, 
EP, 12, 2026082906, 03, AVNO,  90, 130N, 1452W,  78,  963, XX,  64, NEQ,   26,   26,   27,   26,  991,   30,  16,   0,   0, 
EP, 12, 2026082906, 03, AVNO,  96, 131N, 1456W,  76,  970, XX,  34, NEQ,   72,   57,   58,   76,  998,   35,  24,   0,   0, 
EP, 12, 2026082906, 03, AVNO,  96, 131N, 1456W,  76,  970, XX,  50, NEQ,   41,   36,   35,   44,  998,   35,  24,   0,   0, 
EP, 12, 2026082906, 03, AVNO,  96, 131N, 1456W,  76,  970, XX,  64, NEQ,   30,   28,   26,   30,  998,   35,  24,   0,   0, 
EP, 12, 2026082906, 03, AVNO, 102, 134N, 1461W,  86,  964, XX,  34, NEQ,   79,   58,   61,   81,  992,   32,  21,   0,   0, 
EP, 12, 2026082906, 03, AVNO, 102, 134N, 1461W,  86,  964, XX,  50, NEQ,   49,   37,   40,   49,  992,   32,  21,   0,   0, 
EP, 12, 2026082906, 03, AVNO, 102, 134N, 1461W,  86,  964, XX,  64, NEQ,   27,   29,   28,   30,  992,   32,  21,   0,   0, 
EP, 12, 2026082906, 03, AVNO, 108, 137N, 1464W,  79,  965, XX,  34, NEQ,   81,   65,   68,   85, 1009,  111,  18,   0,   0, 
EP, 12, 2026082906, 03, AVNO, 108, 137N, 1464W,  79,  965, XX,  50, NEQ,   42,   39,   44,   45, 1009,  111,  18,   0,   0, 
EP, 12, 2026082906, 03, AVNO, 108, 137N, 1464W,  79,  965, XX,  64, NEQ,   35,   33,   33,   32, 1009,  111,  18,   0,   0, 
EP, 12, 2026082906, 03, AVNO, 114, 142N, 1467W,  84,  962, XX,  34, NEQ,   82,   65,   66,   87, 1006,  108,  21,   0,   0, 
EP, 12, 2026082906, 03, AVNO, 114, 142N, 1467W,  84,  962, XX,  50, NEQ,   48,   39,   38,   48, 1006,  108,  21,   0,   0, 
EP, 12, 2026082906, 03, AVNO, 114, 142N, 1467W,  84,  962, XX,  64, NEQ,   33,   33,   29,   32, 1006,  108,  21,   0,   0, 
EP, 12, 2026082906, 03, AVNO, 120, 147N, 1470W,  76,  968, XX,  34, NEQ,   85,   62,   71,   82,  984,   21,  17,   0,   0, 
EP, 12, 2026082906, 03, AVNO, 120, 147N, 1470W,  76,  968, XX,  50, NEQ,   47,   40,   40,   44,  984,   21,  17,   0,   0, 
EP, 12, 2026082906, 03, AVNO, 120, 147N, 1470W,  76,  968, XX,  64, NEQ,   28,   33,   27,   30,  984,   21,  17,   0,   0, 
EP, 12, 2026082906, 03, AVNO, 126, 152N, 1473W,  70,  971, XX,  34, NEQ,   83,   65,   65,   83, 1007,  112,  21,   0,   0, 
EP, 12, 2026082906, 03, AVNO, 126, 152N, 1473W,  70,  971, XX,  50, NEQ,   40,   43,   41,   48, 1007,  112,  21,   0,   0, 
EP, 12, 2026082906, 03, AVNO, 126, 152N, 1473W,  70,  971, XX,  64, NEQ,   20,   31,   29,   29, 1007,  112,  21,   0,   0, 
EP, 12, 2026082906, 03, AVNO, 132, 156N, 1477W,  70,  975, XX,  34, NEQ,   84,   63,   66,   85, 1011,  233,  26,   0,   0, 
EP, 12, 2026082906, 03, AVNO, 132, 156N, 1477W,  70,  975, XX,  50, NEQ,   44,   37,   41,   46, 1011,  233,  26,   0,   0, 
EP, 12, 2026082906, 03, AVNO, 132, 156N, 1477W,  70,  975, XX,  64, NEQ,   26,   29,   27,   23, 1011,  233,  26,   0,   0, 
EP, 12, 2026082906, 03, AVNO, 138, 160N, 1481W,  70,  972, XX,  34, NEQ,   83,   61,   68,   86, 1004,   66,  19,   0,   0, 
EP, 12, 2026082906, 03, AVNO, 138, 160N, 1481W,  70,  972, XX,  50, NEQ,   40,   38,   42,   42, 1004,   66,  19,   0,   0, 
EP, 12, 2026082906, 03, AVNO, 138, 160N, 1481W,  70,  972, XX,  64, NEQ,    0,   30,    0,   25, 1004,   66,  19,   0,   0, 
EP, 12, 2026082906, 03, AVNO, 144, 162N, 1484W,  68,  976, XX,  34, NEQ,   88,   58,   67,   85, 1008,   94,  19,   0,   0, 
EP, 12, 2026082906, 03, AVNO, 144, 162N, 1484W,  68,  976, XX,  50, NEQ,   45,   33,   38,   44, 1008,   94,  19,   0,   0, 
EP, 12, 2026082906, 03, AVNO, 144, 162N, 1484W,  68,  976, XX,  64, NEQ,    0,   17,    0,   24, 1008,   94,  19,   0,   0, 
EP, 12, 2026082906, 03, AVNO, 150, 164N, 1490W,  67,  976, XX,  34, NEQ,   83,   54,   61,   85, 1004,   67,  22,   0,   0, 
EP, 12, 2026082906, 03, AVNO, 150, 164N, 1490W,  67,  976, XX,  50, NEQ,   40,   34,   35,   43, 1004,   67,  22,   0,   0, 
EP, 12, 2026082906, 03, AVNO, 150, 164N, 1490W,  67,  976, XX,  64, NEQ,   26,    0,    0,   26, 1004,   67,  22,   0,   0, 
EP, 12, 2026082906, 03, AVNO, 156, 164N, 1493W,  64,  979, XX,  34, NEQ,   83,   60,   64,   77, 1007,   81,  22,   0,   0, 
EP, 12, 2026082906, 03, AVNO, 156, 164N, 1493W,  64,  979, XX,  50, NEQ,   38,   40,   32,   44, 1007,   81,  22,   0,   0, 
EP, 12, 2026082906, 03, AVNO, 156, 164N, 1493W,  64,  979, XX,  64, NEQ,   22,    0,    0,    0, 1007,   81,  22,   0,   0, 
EP, 12, 2026082906, 03, AVNO, 162, 166N, 1498W,  68,  976, XX,  34, NEQ,   76,   52,   68,   77, 1004,   85,  24,   0,   0, 
EP, 12, 2026082906, 03, AVNO, 162, 166N, 1498W,  68,  976, XX,  50, NEQ,   44,   34,   40,   42, 1004,   85,  24,   0,   0, 
EP, 12, 2026082906, 03, AVNO, 162, 166N, 1498W,  68,  976, XX,  64, NEQ,   26,   22,    0,   26, 1004,   85,  24,   0,   0, 
EP, 12, 2026082906, 03, AVNO, 168, 165N, 1503W,  64,  977, XX,  34, NEQ,   80,   56,   58,   82, 1009,  261,  23,   0,   0, 
EP, 12, 2026082906, 03, AVNO, 168, 165N, 1503W,  64,  977, XX,  50, NEQ,   41,   41,   38,   43, 1009,  261,  23,   0,   0, 
EP, 12, 2026082906, 03, AVNO, 168, 165N, 1503W,  64,  977, XX,  64, NEQ,   23,    0,    0,    0, 1009,  261,  23,   0,   0, 
EP, 12, 2026082906, 03, AVNO, 174, 166N, 1510W,  62,  977, XX,  34, NEQ,   90,   57,   58,   87, 1005,   92,  18,   0,   0, 
EP, 12, 2026082906, 03, AVNO, 174, 166N, 1510W,  62,  977, XX,  50, NEQ,   43,   33,   39,   43, 1005,   92,  18,   0,   0, 
EP, 12, 2026082906, 03, AVNO, 180, 166N, 1516W,  65,  979, XX,  34, NEQ,   76,   64,   58,   76, 1007,  106,  28,   0,   0, 
EP, 12, 2026082906, 03, AVNO, 180, 166N, 1516W,  65,  979, XX,  50, NEQ,   44,   42,   32,   48, 1007,  106,  28,   0,   0, 
EP, 12, 2026082906, 03, AVNO, 180, 166N, 1516W,  65,  979, XX,  64, NEQ,    0,    0,    0,   30, 1007,  106,  28,   0,   0, 
EP, 12, 2026082906, 03, AVNO, 186, 165N, 1523W,  65,  976, XX,  34, NEQ,   78,   55,   68,   80, 1004,   87,  18,   0,   0, 
EP, 12, 2026082906, 03, AVNO, 186, 165N, 1523W,  65,  976, XX,  50, NEQ,   46,   33,   41,   40, 1004,   87,  18,   0,   0, 
EP, 12, 2026082906, 03, AVNO, 186, 165N, 1523W,  65,  976, XX,  64, NEQ,   31,    0,    0,   20, 1004,   87,  18,   0,   0, 
EP, 12, 2026082906, 03, AVNO, 192, 163N, 1530W,  65,  976, XX,  34, NEQ,   88,   61,   71,   96, 1008,  199,  29,   0,   0, 
EP, 12, 2026082906, 03, AVNO, 192, 163N, 1530W,  65,  976, XX,  50, NEQ,   44,   37,   33,   51, 1008,  199,  29,   0,   0, 
EP, 12, 2026082906, 03, AVNO, 192, 163N, 1530W,  65,  976, XX,  64, NEQ,   27,    0,    0,   29, 1008,  199,  29,   0,   0, 
EP, 12, 2026082906, 03, AVNO, 198, 160N, 1539W,  67,  976, XX,  34, NEQ,   98,   56,   63,   95, 1004,   80,  29,   0,   0, 
EP, 12, 2026082906, 03, AVNO, 198, 160N, 1539W,  67,  976, XX,  50, NEQ,   48,   39,   38,   48, 1004,   80,  29,   0,   0, 
EP, 12, 2026082906, 03, AVNO, 198, 160N, 1539W,  67,  976, XX,  64, NEQ,    0,    0,    0,   31, 1004,   80,  29,   0,   0, 
EP, 12, 2026082906, 03, AVNO, 204, 156N, 1547W,  67,  979, XX,  34, NEQ,   93,   58,   65,  108, 1007,  114,  26,   0,   0, 
EP, 12, 2026082906, 03, AVNO, 204, 156N, 1547W,  67,  979, XX,  50, NEQ,   42,   39,   39,   56, 1007,  114,  26,   0,   0, 
EP, 12, 2026082906, 03, AVNO, 204, 156N, 1547W,  67,  979, XX,  64, NEQ,   27,    0,    0,    0, 1007,  114,  26,   0,   0, 
EP, 12, 2026082906, 03, AVNO, 210, 152N, 1554W,  70,  977, XX,  34, NEQ,   84,   59,   64,  101, 1005,  105,  28,   0,   0, 
EP, 12, 2026082906, 03, AVNO, 210, 152N, 1554W,  70,  977, XX,  50, NEQ,   44,   40,   39,   50, 1005,  105,  28,   0,   0, 
EP, 12, 2026082906, 03, AVNO, 210, 152N, 1554W,  70,  977, XX,  64, NEQ,   23,    0,    0,   32, 1005,  105,  28,   0,   0, 
EP, 12, 2026082906, 03, AVNO, 216, 147N, 1560W,  68,  977, XX,  34, NEQ,   92,   63,   71,   95, 1005,   82,  31,   0,   0, 
EP, 12, 2026082906, 03, AVNO, 216, 147N, 1560W,  68,  977, XX,  50, NEQ,   46,   42,   43,   50, 1005,   82,  31,   0,   0, 
EP, 12, 2026082906, 03, AVNO, 216, 147N, 1560W,  68,  977, XX,  64, NEQ,   31,    0,    0,   35, 1005,   82,  31,   0,   0, 
EP, 12, 2026082906, 03, AVNO, 222, 143N, 1566W,  70,  977, XX,  34, NEQ,   85,   66,   77,   93, 1005,  123,  26,   0,   0, 
EP, 12, 2026082906, 03, AVNO, 222, 143N, 1566W,  70,  977, XX,  50, NEQ,   47,   43,   46,   50, 1005,  123,  26,   0,   0, 
EP, 12, 2026082906, 03, AVNO, 222, 143N, 1566W,  70,  977, XX,  64, NEQ,   29,    0,    0,   32, 1005,  123,  26,   0,   0, 
EP, 12, 2026082906, 03, AVNO, 228, 140N, 1571W,  67,  978, XX,  34, NEQ,   91,   64,   76,   93, 1006,  107,  31,   0,   0, 
EP, 12, 2026082906, 03, AVNO, 228, 140N, 1571W,  67,  978, XX,  50, NEQ,   48,   40,   51,   52, 1006,  107,  31,   0,   0, 
EP, 12, 2026082906, 03, AVNO, 228, 140N, 1571W,  67,  978, XX,  64, NEQ,   35,    0,    0,   34, 1006,  107,  31,   0,   0, 
EP, 12, 2026082906, 03, AVNO, 234, 138N, 1576W,  69,  976, XX,  34, NEQ,   86,   75,   79,   88,  988,   29,  31,   0,   0, 
EP, 12, 2026082906, 03, AVNO, 234, 138N, 1576W,  69,  976, XX,  50, NEQ,   48,   45,   53,   48,  988,   29,  31,   0,   0, 
EP, 12, 2026082906, 03, AVNO, 234, 138N, 1576W,  69,  976, XX,  64, NEQ,   40,   30,    0,    0,  988,   29,  31,   0,   0, 
EP, 12, 2026082906, 03, AVNO, 240, 136N, 1579W,  72,  976, XX,  34, NEQ,   85,   74,   78,   90, 1004,   98,  31,   0,   0, 
EP, 12, 2026082906, 03, AVNO, 240, 136N, 1579W,  72,  976, XX,  50, NEQ,   52,   47,   47,   53, 1004,   98,  31,   0,   0, 
EP, 12, 2026082906, 03, AVNO, 240, 136N, 1579W,  72,  976, XX,  64, NEQ,   37,    0,    0,   37, 1004,   98,  31,   0,   0, 
EP, 12, 2026082906, 03, HCCA,   0, 126N, 1345W,  40,    0,   ,   0,    ,    0,    0,    0,    0, 
EP, 12, 2026082906, 03, HCCA,  12, 128N, 1366W,  45,    0,   ,   0,    ,    0,    0,    0,    0, 
EP, 12, 2026082906, 03, HCCA,  24, 128N, 1390W,  50,    0,   ,   0,    ,    0,    0,    0,    0, 
EP, 12, 2026082906, 03, HCCA,  36, 128N, 1413W,  52,    0,   ,   0,    ,    0,    0,    0,    0, 
EP, 12, 2026082906, 03, HCCA,  48, 126N, 1433W,  56,    0,   ,   0,    ,    0,    0,    0,    0, 
EP, 12, 2026082906, 03, HCCA,  60, 127N, 1451W,  59,    0,   ,   0,    ,    0,    0,    0,    0, 
EP, 12, 2026082906, 03, HCCA,  72, 128N, 1471W,  71,    0,   ,   0,    ,    0,    0,    0,    0, 
EP, 12, 2026082906, 03, HCCA,  84, 129N, 1491W,  82,    0,   ,   0,    ,    0,    0,    0,    0, 
EP, 12, 2026082906, 03, HCCA,  96, 128N, 1510W,  98,    0,   ,   0,    ,    0,    0,    0,    0, 
EP, 12, 2026082906, 03, HCCA, 108, 128N, 1529W, 112,    0,   ,   0,    ,    0,    0,    0,    0, 
EP, 12, 2026082906, 03, HCCA, 120, 129N, 1542W, 123,    0,   ,   0,    ,    0,    0,    0,    0, 
EP, 12, 2026082906, 03, HCCA, 132, 131N, 1549W, 125,    0,   ,   0,    ,    0,    0,    0,    0, 
EP, 12, 2026082906, 03, HCCA, 144, 133N, 1551W, 127,    0,   ,   0,    ,    0,    0,    0,    0, 
EP, 12, 2026082906, 03, HCCA, 156, 137N, 1548W, 128,    0,   ,   0,    ,    0,    0,    0,    0, 
EP, 12, 2026082906, 03, HCCA, 168, 142N, 1542W, 138,    0,   ,   0,    ,    0,    0,    0,    0, 
EP, 12, 2026082906, 03, HFSA,   0, 127N, 1344W,  42, 1003, XX,  34, NEQ,   70,   76,  107,   94,  -99,  -99,  54,   0,   0,    ,   0,    , 277,   6,           ,  ,  0,    ,    0,    0,    0,    0, THERMO PARAMS, 93, -117, 217, N, 10, DT, -999, SHR82, -99, 
EP, 12, 2026082906, 03, HFSA,   6, 126N, 1355W,  50,  995, XX,  34, NEQ,    0,   31,   53,   55,  999,    7,  30,   0,   0,    ,   0,    , 278,   8,           ,  ,  0,    ,    0,    0,    0,    0, THERMO PARAMS, 79, -105, 473, N, 10, DT, -999, SHR82, -99, 
EP, 12, 2026082906, 03, HFSA,  12, 125N, 1362W,  59,  996, XX,  34, NEQ,   21,   45,   34,    0, 1000,    7,  14,   0,   0,    ,   0,    , 273,   6,           ,  ,  0,    ,    0,    0,    0,    0, THERMO PARAMS, 84, 123, 393, N, 10, DT, -999, SHR82, -99, 
EP, 12, 2026082906, 03, HFSA,  12, 125N, 1362W,  59,  996, XX,  50, NEQ,    0,   18,    0,    0, 1000,    7,  14,   0,   0,    ,   0,    , 273,   6,           ,  ,  0,    ,    0,    0,    0,    0, THERMO PARAMS, 84, 123, 393, N, 10, DT, -999, SHR82, -99, 
EP, 12, 2026082906, 03, HFSA,  18, 127N, 1370W,  53,  995, XX,  34, NEQ,    0,   37,   60,   53,  999,    7,  29,   0,   0,    ,   0,    , 275,   7,           ,  ,  0,    ,    0,    0,    0,    0, THERMO PARAMS, 92, -13, 564, N, 10, DT, -999, SHR82, -99, 
EP, 12, 2026082906, 03, HFSA,  24, 126N, 1378W,  44,  998, XX,  34, NEQ,   37,   44,   57,   34, 1002,   24,  27,   0,   0,    ,   0,    , 277,   6,           ,  ,  0,    ,    0,    0,    0,    0, THERMO PARAMS, 43, -263, 446, N, 10, DT, -999, SHR82, -99, 
EP, 12, 2026082906, 03, HFSA,  30, 127N, 1387W,  48,  993, XX,  34, NEQ,   62,   44,   29,   62,  997,   16,  19,   0,   0,    ,   0,    , 276,   7,           ,  ,  0,    ,    0,    0,    0,    0, THERMO PARAMS, 14, 233, 600, N, 10, DT, -999, SHR82, -99, 
EP, 12, 2026082906, 03, HFSA,  36, 128N, 1397W,  56,  993, XX,  34, NEQ,   57,   31,   37,   57,  997,   12,  20,   0,   0,    ,   0,    , 283,   7,           ,  ,  0,    ,    0,    0,    0,    0, THERMO PARAMS, 42, 517, 872, N, 10, DT, -999, SHR82, -99, 
EP, 12, 2026082906, 03, HFSA,  36, 128N, 1397W,  56,  993, XX,  50, NEQ,   23,    0,    0,   23,  997,   12,  20,   0,   0,    ,   0,    , 283,   7,           ,  ,  0,    ,    0,    0,    0,    0, THERMO PARAMS, 42, 517, 872, N, 10, DT, -999, SHR82, -99, 
EP, 12, 2026082906, 03, HFSA,  42, 129N, 1407W,  62,  985, XX,  34, NEQ,   66,   40,   37,   71, 1001,   33,  14,   0,   0,    ,   0,    , 282,   7,           ,  ,  0,    ,    0,    0,    0,    0, THERMO PARAMS, 45, 517, 947, N, 10, DT, -999, SHR82, -99, 
EP, 12, 2026082906, 03, HFSA,  42, 129N, 1407W,  62,  985, XX,  50, NEQ,   29,   21,   21,   26, 1001,   33,  14,   0,   0,    ,   0,    , 282,   7,           ,  ,  0,    ,    0,    0,    0,    0, THERMO PARAMS, 45, 517, 947, N, 10, DT, -999, SHR82, -99, 
EP, 12, 2026082906, 03, HFSA,  48, 131N, 1416W,  79,  980, XX,  34, NEQ,   65,   44,   47,   45, 1004,   37,  14,   0,   0,    ,   0,    , 274,   7,           ,  ,  0,    ,    0,    0,    0,    0, THERMO PARAMS, 26, 1017, 1515, N, 10, DT, -999, SHR82, -99, 
EP, 12, 2026082906, 03, HFSA,  48, 131N, 1416W,  79,  980, XX,  50, NEQ,   31,   23,   24,   23, 1004,   37,  14,   0,   0,    ,   0,    , 274,   7,           ,  ,  0,    ,    0,    0,    0,    0, THERMO PARAMS, 26, 1017, 1515, N, 10, DT, -999, SHR82, -99, 
EP, 12, 2026082906, 03, HFSA,  48, 131N, 1416W,  79,  980, XX,  64, NEQ,   16,   16,   13,   16, 1004,   37,  14,   0,   0,    ,   0,    , 274,   7,           ,  ,  0,    ,    0,    0,    0,    0, THERMO PARAMS, 26, 1017, 1515, N, 10, DT, -999, SHR82, -99, 
EP, 12, 2026082906, 03, HFSA,  54, 133N, 1425W,  82,  973, XX,  34, NEQ,   58,   45,   42,   57, 1001,   39,   9,   0,   0,    ,   0,    , 282,   8,           ,  ,  0,    ,    0,    0,    0,    0, THERMO PARAMS, -1, 1559, 1712, N, 10, DT, -999, SHR82, -99, 
EP, 12, 2026082906, 03, HFSA,  54, 133N, 1425W,  82,  973, XX,  50, NEQ,   28,   24,   26,   26, 1001,   39,   9,   0,   0,    ,   0,    , 282,   8,           ,  ,  0,    ,    0,    0,    0,    0, THERMO PARAMS, -1, 1559, 1712, N, 10, DT, -999, SHR82, -99, 
EP, 12, 2026082906, 03, HFSA,  54, 133N, 1425W,  82,  973, XX,  64, NEQ,   21,   16,   16,   18, 1001,   39,   9,   0,   0,    ,   0,    , 282,   8,           ,  ,  0,    ,    0,    0,    0,    0, THERMO PARAMS, -1, 1559, 1712, N, 10, DT, -999, SHR82, -99, 
EP, 12, 2026082906, 03, HFSA,  60, 135N, 1434W, 103,  969, XX,  34, NEQ,   74,   49,   55,   65, 1005,   50,  10,   0,   0,    ,   0,    , 279,   8,           ,  ,  0,    ,    0,    0,    0,    0, THERMO PARAMS, -18, 1707, 2083, N, 10, DT, -999, SHR82, -99, 
EP, 12, 2026082906, 03, HFSA,  60, 135N, 1434W, 103,  969, XX,  50, NEQ,   31,   26,   32,   31, 1005,   50,  10,   0,   0,    ,   0,    , 279,   8,           ,  ,  0,    ,    0,    0,    0,    0, THERMO PARAMS, -18, 1707, 2083, N, 10, DT, -999, SHR82, -99, 
EP, 12, 2026082906, 03, HFSA,  60, 135N, 1434W, 103,  969, XX,  64, NEQ,   21,   19,   19,   21, 1005,   50,  10,   0,   0,    ,   0,    , 279,   8,           ,  ,  0,    ,    0,    0,    0,    0, THERMO PARAMS, -18, 1707, 2083, N, 10, DT, -999, SHR82, -99, 
EP, 12, 2026082906, 03, HFSA,  66, 137N, 1442W, 107,  962, XX,  34, NEQ,   68,   44,   53,   63, 1002,   43,   8,   0,   0,    ,   0,    , 287,   7,           ,  ,  0,    ,    0,    0,    0,    0, THERMO PARAMS, -7, 1701, 2243, N, 10, DT, -999, SHR82, -99, 
EP, 12, 2026082906, 03, HFSA,  66, 137N, 1442W, 107,  962, XX,  50, NEQ,   29,   23,   28,   31, 1002,   43,   8,   0,   0,    ,   0,    , 287,   7,           ,  ,  0,    ,    0,    0,    0,    0, THERMO PARAMS, -7, 1701, 2243, N, 10, DT, -999, SHR82, -99, 
EP, 12, 2026082906, 03, HFSA,  66, 137N, 1442W, 107,  962, XX,  64, NEQ,   19,   18,   21,   23, 1002,   43,   8,   0,   0,    ,   0,    , 287,   7,           ,  ,  0,    ,    0,    0,    0,    0, THERMO PARAMS, -7, 1701, 2243, N, 10, DT, -999, SHR82, -99, 
EP, 12, 2026082906, 03, HFSA,  72, 139N, 1451W, 110,  960, XX,  34, NEQ,   76,   42,   52,   83, 1000,   30,  11,   0,   0,    ,   0,    , 269,   8,           ,  ,  0,    ,    0,    0,    0,    0, THERMO PARAMS, 6, 1525, 2499, N, 10, DT, -999, SHR82, -99, 
EP, 12, 2026082906, 03, HFSA,  72, 139N, 1451W, 110,  960, XX,  50, NEQ,   34,   24,   29,   34, 1000,   30,  11,   0,   0,    ,   0,    , 269,   8,           ,  ,  0,    ,    0,    0,    0,    0, THERMO PARAMS, 6, 1525, 2499, N, 10, DT, -999, SHR82, -99, 
EP, 12, 2026082906, 03, HFSA,  72, 139N, 1451W, 110,  960, XX,  64, NEQ,   23,   16,   19,   23, 1000,   30,  11,   0,   0,    ,   0,    , 269,   8,           ,  ,  0,    ,    0,    0,    0,    0, THERMO PARAMS, 6, 1525, 2499, N, 10, DT, -999, SHR82, -99, 
EP, 12, 2026082906, 03, HFSA,  78, 140N, 1460W, 110,  956, XX,  34, NEQ,   76,   52,   50,   87, 1004,   61,   9,   0,   0,    ,   0,    , 281,   7,           ,  ,  0,    ,    0,    0,    0,    0, THERMO PARAMS, -17, 1649, 2741, N, 10, DT, -999, SHR82, -99, 
EP, 12, 2026082906, 03, HFSA,  78, 140N, 1460W, 110,  956, XX,  50, NEQ,   31,   28,   24,   29, 1004,   61,   9,   0,   0,    ,   0,    , 281,   7,           ,  ,  0,    ,    0,    0,    0,    0, THERMO PARAMS, -17, 1649, 2741, N, 10, DT, -999, SHR82, -99, 
EP, 12, 2026082906, 03, HFSA,  78, 140N, 1460W, 110,  956, XX,  64, NEQ,   19,   19,   19,   21, 1004,   61,   9,   0,   0,    ,   0,    , 281,   7,           ,  ,  0,    ,    0,    0,    0,    0, THERMO PARAMS, -17, 1649, 2741, N, 10, DT, -999, SHR82, -99, 
EP, 12, 2026082906, 03, HFSA,  84, 142N, 1469W, 116,  953, XX,  34, NEQ,   97,   52,   50,   87, 1001,   37,   9,   0,   0,    ,   0,    , 283,   8,           ,  ,  0,    ,    0,    0,    0,    0, THERMO PARAMS, -8, 1653, 2915, N, 10, DT, -999, SHR82, -99, 
EP, 12, 2026082906, 03, HFSA,  84, 142N, 1469W, 116,  953, XX,  50, NEQ,   32,   26,   29,   32, 1001,   37,   9,   0,   0,    ,   0,    , 283,   8,           ,  ,  0,    ,    0,    0,    0,    0, THERMO PARAMS, -8, 1653, 2915, N, 10, DT, -999, SHR82, -99, 
EP, 12, 2026082906, 03, HFSA,  84, 142N, 1469W, 116,  953, XX,  64, NEQ,   19,   18,   19,   21, 1001,   37,   9,   0,   0,    ,   0,    , 283,   8,           ,  ,  0,    ,    0,    0,    0,    0, THERMO PARAMS, -8, 1653, 2915, N, 10, DT, -999, SHR82, -99, 
EP, 12, 2026082906, 03, HFSA,  90, 144N, 1478W, 115,  947, XX,  34, NEQ,   92,   60,   62,   97,  999,   43,  10,   0,   0,    ,   0,    , 284,   7,           ,  ,  0,    ,    0,    0,    0,    0, THERMO PARAMS, -17, 1618, 2999, N, 10, DT, -999, SHR82, -99, 
EP, 12, 2026082906, 03, HFSA,  90, 144N, 1478W, 115,  947, XX,  50, NEQ,   42,   29,   29,   37,  999,   43,  10,   0,   0,    ,   0,    , 284,   7,           ,  ,  0,    ,    0,    0,    0,    0, THERMO PARAMS, -17, 1618, 2999, N, 10, DT, -999, SHR82, -99, 
EP, 12, 2026082906, 03, HFSA,  90, 144N, 1478W, 115,  947, XX,  64, NEQ,   24,   21,   19,   28,  999,   43,  10,   0,   0,    ,   0,    , 284,   7,           ,  ,  0,    ,    0,    0,    0,    0, THERMO PARAMS, -17, 1618, 2999, N, 10, DT, -999, SHR82, -99, 
EP, 12, 2026082906, 03, HFSA,  96, 145N, 1486W, 109,  952, XX,  34, NEQ,  104,   68,   57,  104, 1004,   60,  11,   0,   0,    ,   0,    , 281,   8,           ,  ,  0,    ,    0,    0,    0,    0, THERMO PARAMS, -13, 1455, 2880, N, 10, DT, -999, SHR82, -99, 
EP, 12, 2026082906, 03, HFSA,  96, 145N, 1486W, 109,  952, XX,  50, NEQ,   44,   34,   36,   49, 1004,   60,  11,   0,   0,    ,   0,    , 281,   8,           ,  ,  0,    ,    0,    0,    0,    0, THERMO PARAMS, -13, 1455, 2880, N, 10, DT, -999, SHR82, -99, 
EP, 12, 2026082906, 03, HFSA,  96, 145N, 1486W, 109,  952, XX,  64, NEQ,   26,   26,   24,   29, 1004,   60,  11,   0,   0,    ,   0,    , 281,   8,           ,  ,  0,    ,    0,    0,    0,    0, THERMO PARAMS, -13, 1455, 2880, N, 10, DT, -999, SHR82, -99, 
EP, 12, 2026082906, 03, HFSA, 102, 146N, 1494W, 111,  953, XX,  34, NEQ,  117,   70,   65,  110,  997,   39,  15,   0,   0,    ,   0,    , 290,   7,           ,  ,  0,    ,    0,    0,    0,    0, THERMO PARAMS, -31, 1628, 2668, N, 10, DT, -999, SHR82, -99, 
EP, 12, 2026082906, 03, HFSA, 102, 146N, 1494W, 111,  953, XX,  50, NEQ,   45,   36,   39,   50,  997,   39,  15,   0,   0,    ,   0,    , 290,   7,           ,  ,  0,    ,    0,    0,    0,    0, THERMO PARAMS, -31, 1628, 2668, N, 10, DT, -999, SHR82, -99, 
EP, 12, 2026082906, 03, HFSA, 102, 146N, 1494W, 111,  953, XX,  64, NEQ,   34,   28,   29,   34,  997,   39,  15,   0,   0,    ,   0,    , 290,   7,           ,  ,  0,    ,    0,    0,    0,    0, THERMO PARAMS, -31, 1628, 2668, N, 10, DT, -999, SHR82, -99, 
EP, 12, 2026082906, 03, HFSA, 108, 149N, 1502W, 119,  951, XX,  34, NEQ,  100,   70,   68,  112,  999,   42,  13,   0,   0,    ,   0,    , 299,   7,           ,  ,  0,    ,    0,    0,    0,    0, THERMO PARAMS, -9, 1645, 2880, N, 10, DT, -999, SHR82, -99, 
EP, 12, 2026082906, 03, HFSA, 108, 149N, 1502W, 119,  951, XX,  50, NEQ,   49,   40,   39,   49,  999,   42,  13,   0,   0,    ,   0,    , 299,   7,           ,  ,  0,    ,    0,    0,    0,    0, THERMO PARAMS, -9, 1645, 2880, N, 10, DT, -999, SHR82, -99, 
EP, 12, 2026082906, 03, HFSA, 108, 149N, 1502W, 119,  951, XX,  64, NEQ,   34,   28,   28,   34,  999,   42,  13,   0,   0,    ,   0,    , 299,   7,           ,  ,  0,    ,    0,    0,    0,    0, THERMO PARAMS, -9, 1645, 2880, N, 10, DT, -999, SHR82, -99, 
EP, 12, 2026082906, 03, HFSA, 114, 153N, 1509W, 124,  949, XX,  34, NEQ,  107,   71,   71,  104, 1005,   80,  14,   0,   0,    ,   0,    , 302,   7,           ,  ,  0,    ,    0,    0,    0,    0, THERMO PARAMS, -14, 1605, 3039, N, 10, DT, -999, SHR82, -99, 
EP, 12, 2026082906, 03, HFSA, 114, 153N, 1509W, 124,  949, XX,  50, NEQ,   45,   42,   42,   45, 1005,   80,  14,   0,   0,    ,   0,    , 302,   7,           ,  ,  0,    ,    0,    0,    0,    0, THERMO PARAMS, -14, 1605, 3039, N, 10, DT, -999, SHR82, -99, 
EP, 12, 2026082906, 03, HFSA, 114, 153N, 1509W, 124,  949, XX,  64, NEQ,   34,   28,   29,   34, 1005,   80,  14,   0,   0,    ,   0,    , 302,   7,           ,  ,  0,    ,    0,    0,    0,    0, THERMO PARAMS, -14, 1605, 3039, N, 10, DT, -999, SHR82, -99, 
EP, 12, 2026082906, 03, HFSA, 120, 158N, 1515W, 120,  951, XX,  34, NEQ,  112,   66,   71,  105, 1007,  101,  13,   0,   0,    ,   0,    , 303,   7,           ,  ,  0,    ,    0,    0,    0,    0, THERMO PARAMS, -41, 1772, 2986, N, 10, DT, -999, SHR82, -99, 
EP, 12, 2026082906, 03, HFSA, 120, 158N, 1515W, 120,  951, XX,  50, NEQ,   45,   42,   36,   50, 1007,  101,  13,   0,   0,    ,   0,    , 303,   7,           ,  ,  0,    ,    0,    0,    0,    0, THERMO PARAMS, -41, 1772, 2986, N, 10, DT, -999, SHR82, -99, 
EP, 12, 2026082906, 03, HFSA, 120, 158N, 1515W, 120,  951, XX,  64, NEQ,   34,   32,   26,   34, 1007,  101,  13,   0,   0,    ,   0,    , 303,   7,           ,  ,  0,    ,    0,    0,    0,    0, THERMO PARAMS, -41, 1772, 2986, N, 10, DT, -999, SHR82, -99, 
EP, 12, 2026082906, 03, HFSA, 126, 162N, 1522W, 114,  953, XX,  34, NEQ,  110,   65,   71,  105,  997,   40,  14,   0,   0,    ,   0,    , -99, -99,           ,  ,  0,    ,    0,    0,    0,    0, THERMO PARAMS, -35, 1753, 2944, N, 10, DT, -999, SHR82, -99, 
EP, 12, 2026082906, 03, HFSA, 126, 162N, 1522W, 114,  953, XX,  50, NEQ,   58,   42,   45,   58,  997,   40,  14,   0,   0,    ,   0,    , -99, -99,           ,  ,  0,    ,    0,    0,    0,    0, THERMO PARAMS, -35, 1753, 2944, N, 10, DT, -999, SHR82, -99, 
EP, 12, 2026082906, 03, HFSA, 126, 162N, 1522W, 114,  953, XX,  64, NEQ,   34,   31,   31,   34,  997,   40,  14,   0,   0,    ,   0,    , -99, -99,           ,  ,  0,    ,    0,    0,    0,    0, THERMO PARAMS, -35, 1753, 2944, N, 10, DT, -999, SHR82, -99, 
EP, 12, 2026082906, 03, TVCN,   0, 126N, 1345W,   0,    0,   ,   0,    ,    0,    0,    0,    0, 
EP, 12, 2026082906, 03, TVCN,  12, 127N, 1362W,   0,    0,   ,   0,    ,    0,    0,    0,    0, 
EP, 12, 2026082906, 03, TVCN,  24, 127N, 1379W,   0,    0,   ,   0,    ,    0,    0,    0,    0, 
EP, 12, 2026082906, 03, TVCN,  36, 128N, 1396W,   0,    0,   ,   0,    ,    0,    0,    0,    0, 
EP, 12, 2026082906, 03, TVCN,  48, 129N, 1412W,   0,    0,   ,   0,    ,    0,    0,    0,    0, 
EP, 12, 2026082906, 03, TVCN,  60, 132N, 1426W,   0,    0,   ,   0,    ,    0,    0,    0,    0, 
EP, 12, 2026082906, 03, TVCN,  72, 134N, 1441W,   0,    0,   ,   0,    ,    0,    0,    0,    0, 
EP, 12, 2026082906, 03, TVCN,  84, 135N, 1454W,   0,    0,   ,   0,    ,    0,    0,    0,    0, 
EP, 12, 2026082906, 03, TVCN,  96, 137N, 1465W,   0,    0,   ,   0,    ,    0,    0,    0,    0, 
EP, 12, 2026082906, 03, TVCN, 108, 140N, 1475W,   0,    0,   ,   0,    ,    0,    0,    0,    0, 
EP, 12, 2026082906, 03, TVCN, 120, 144N, 1484W,   0,    0,   ,   0,    ,    0,    0,    0,    0, 
EP, 12, 2026082906, 03, TVCN, 132, 148N, 1490W,   0,    0,   ,   0,    ,    0,    0,    0,    0, 
EP, 12, 2026082906, 03, TVCN, 144, 139N, 1503W,   0,    0,   ,   0,    ,    0,    0,    0,    0, 
EP, 12, 2026082906, 03, TVCN, 156, 143N, 1504W,   0,    0,   ,   0,    ,    0,    0,    0,    0, 
EP, 12, 2026082906, 03, TVCN, 168, 147N, 1506W,   0,    0,   ,   0,    ,    0,    0,    0,    0, 
EP, 12, 2026082912, 03,  UKX,   0, 124N, 1354W,  29, 1004, XX,  34, NEQ,    0,    0,    0,    0, 
EP, 12, 2026082912, 03,  UKX,   6, 125N, 1365W,  28, 1006, XX,  34, NEQ,    0,    0,    0,    0, 
EP, 12, 2026082912, 03,  UKX,  12, 127N, 1373W,  27, 1004, XX,  34, NEQ,    0,    0,    0,    0, 
EP, 12, 2026082912, 03,  UKX,  18, 125N, 1383W,  29, 1006, XX,  34, NEQ,    0,    0,    0,    0, 
EP, 12, 2026082912, 03,  UKX,  24, 125N, 1396W,  30, 1004, XX,  34, NEQ,    0,    0,    0,    0, 
EP, 12, 2026082912, 03,  UKX,  30, 124N, 1406W,  30, 1005, XX,  34, NEQ,    0,    0,    0,    0, 
EP, 12, 2026082912, 03,  UKX,  36, 126N, 1415W,  28, 1003, XX,  34, NEQ,    0,    0,    0,    0, 
EP, 12, 2026082912, 03,  UKX,  42, 126N, 1424W,  30, 1005, XX,  34, NEQ,    0,    0,    0,    0, 
EP, 12, 2026082912, 03,  UKX,  48, 127N, 1434W,  31, 1002, XX,  34, NEQ,    0,    0,    0,    0, 
EP, 12, 2026082912, 03,  UKX,  54, 128N, 1444W,  33, 1004, XX,  34, NEQ,    0,    0,    0,    0, 
EP, 12, 2026082912, 03,  UKX,  60, 129N, 1455W,  34, 1001, XX,  34, NEQ,    0,    0,    0,    0, 
EP, 12, 2026082912, 03,  UKX,  66, 129N, 1465W,  36, 1002, XX,  34, NEQ,   54,    0,    0,   41, 
EP, 12, 2026082912, 03,  UKX,  72, 130N, 1476W,  38,  999, XX,  34, NEQ,   56,    0,   30,   48, 
EP, 12, 2026082912, 03,  UKX,  78, 130N, 1486W,  37, 1000, XX,  34, NEQ,   66,    0,   33,   63, 
EP, 12, 2026082912, 03,  UKX,  84, 129N, 1494W,  38,  998, XX,  34, NEQ,   67,    0,   39,   81, 
EP, 12, 2026082912, 03,  UKX,  90, 129N, 1502W,  40,  999, XX,  34, NEQ,   86,   43,   46,   69, 
EP, 12, 2026082912, 03,  UKX,  96, 129N, 1511W,  41,  996, XX,  34, NEQ,   89,   41,   50,   84, 
EP, 12, 2026082912, 03,  UKX, 102, 129N, 1519W,  42,  997, XX,  34, NEQ,   95,   55,   57,   96, 
EP, 12, 2026082912, 03,  UKX, 108, 131N, 1527W,  43,  995, XX,  34, NEQ,   96,   64,   54,  110, 
EP, 12, 2026082912, 03,  UKX, 114, 131N, 1535W,  44,  996, XX,  34, NEQ,  135,   62,   61,  131, 
EP, 12, 2026082912, 03,  UKX, 120, 133N, 1542W,  45,  994, XX,  34, NEQ,  104,   73,   65,  131, 
EP, 12, 2026082912, 03,  UKX, 126, 135N, 1548W,  45,  995, XX,  34, NEQ,  107,   74,   61,  138, 
EP, 12, 2026082912, 03,  UKX, 132, 137N, 1555W,  46,  993, XX,  34, NEQ,  109,   66,   66,  124, 
EP, 12, 2026082912, 03,  UKX, 138, 137N, 1560W,  47,  993, XX,  34, NEQ,  112,   74,   80,  126, 
EP, 12, 2026082912, 03,  UKX, 144, 137N, 1564W,  48,  991, XX,  34, NEQ,  109,   89,   85,  124, 
EP, 12, 2026082912, 03, AVNO,   0, 125N, 1351W,  34, 1001, XX,  34, NEQ,    0,    0,    0,    0,  -99,  -99,  44,   0,   0, 
EP, 12, 2026082912, 03, AVNO,   6, 124N, 1363W,  34, 1005, XX,  34, NEQ,    0,    0,    0,    0, 1009,   96,  31,   0,   0, 
EP, 12, 2026082912, 03, AVNO,  12, 123N, 1372W,  30,  999, XX,  34, NEQ,    0,    0,    0,    0, 1003,    8,  31,   0,   0, 
EP, 12, 2026082912, 03, AVNO,  18, 123N, 1378W,  31, 1003, XX,  34, NEQ,    0,    0,    0,    0, 1011,  269,  48,   0,   0, 
EP, 12, 2026082912, 03, AVNO,  24, 124N, 1385W,  29, 1002, XX,  34, NEQ,    0,    0,    0,    0, 1006,   55,  58,   0,   0, 
EP, 12, 2026082912, 03, AVNO,  30, 126N, 1397W,  34, 1001, XX,  34, NEQ,    0,    0,    0,    0, 1009,   95,  32,   0,   0, 
EP, 12, 2026082912, 03, AVNO,  36, 127N, 1408W,  37,  998, XX,  34, NEQ,   37,    0,    0,   34, 1006,   73,  36,   0,   0, 
EP, 12, 2026082912, 03, AVNO,  42, 127N, 1417W,  42,  995, XX,  34, NEQ,   39,    0,   21,   41, 1011,  238,  20,   0,   0, 
EP, 12, 2026082912, 03, AVNO,  48, 127N, 1426W,  48,  988, XX,  34, NEQ,   51,   37,   36,   46, 1008,  182,  21,   0,   0, 
EP, 12, 2026082912, 03, AVNO,  54, 127N, 1432W,  63,  983, XX,  34, NEQ,   52,   48,   47,   56, 1011,  178,  27,   0,   0, 
EP, 12, 2026082912, 03, AVNO,  54, 127N, 1432W,  63,  983, XX,  50, NEQ,   32,   30,    0,    0, 1011,  178,  27,   0,   0, 
EP, 12, 2026082912, 03, AVNO,  60, 129N, 1438W,  64,  977, XX,  34, NEQ,   53,   52,   54,   57, 1005,   71,  23,   0,   0, 
EP, 12, 2026082912, 03, AVNO,  60, 129N, 1438W,  64,  977, XX,  50, NEQ,   32,   33,   28,   29, 1005,   71,  23,   0,   0, 
EP, 12, 2026082912, 03, AVNO,  66, 130N, 1444W,  71,  973, XX,  34, NEQ,   61,   55,   55,   59,  985,   21,  20,   0,   0, 
EP, 12, 2026082912, 03, AVNO,  66, 130N, 1444W,  71,  973, XX,  50, NEQ,   34,   34,   34,   36,  985,   21,  20,   0,   0, 
EP, 12, 2026082912, 03, AVNO,  66, 130N, 1444W,  71,  973, XX,  64, NEQ,   24,   24,   22,   16,  985,   21,  20,   0,   0, 
EP, 12, 2026082912, 03, AVNO,  72, 133N, 1450W,  76,  967, XX,  34, NEQ,   66,   57,   56,   66,  991,   31,  21,   0,   0, 
EP, 12, 2026082912, 03, AVNO,  72, 133N, 1450W,  76,  967, XX,  50, NEQ,   43,   35,   36,   39,  991,   31,  21,   0,   0, 
EP, 12, 2026082912, 03, AVNO,  72, 133N, 1450W,  76,  967, XX,  64, NEQ,   29,   24,   23,   30,  991,   31,  21,   0,   0, 
EP, 12, 2026082912, 03, AVNO,  78, 134N, 1456W,  79,  967, XX,  34, NEQ,   71,   62,   60,   83,  995,   37,  23,   0,   0, 
EP, 12, 2026082912, 03, AVNO,  78, 134N, 1456W,  79,  967, XX,  50, NEQ,   42,   39,   39,   39,  995,   37,  23,   0,   0, 
EP, 12, 2026082912, 03, AVNO,  78, 134N, 1456W,  79,  967, XX,  64, NEQ,   31,   28,   27,   27,  995,   37,  23,   0,   0, 
EP, 12, 2026082912, 03, AVNO,  84, 136N, 1461W,  81,  963, XX,  34, NEQ,   85,   66,   69,   85,  991,   37,  22,   0,   0, 
EP, 12, 2026082912, 03, AVNO,  84, 136N, 1461W,  81,  963, XX,  50, NEQ,   45,   38,   39,   43,  991,   37,  22,   0,   0, 
EP, 12, 2026082912, 03, AVNO,  84, 136N, 1461W,  81,  963, XX,  64, NEQ,   32,   28,   29,   30,  991,   37,  22,   0,   0, 
EP, 12, 2026082912, 03, AVNO,  90, 139N, 1466W,  81,  965, XX,  34, NEQ,   92,   67,   66,   86,  993,   33,  24,   0,   0, 
EP, 12, 2026082912, 03, AVNO,  90, 139N, 1466W,  81,  965, XX,  50, NEQ,   46,   41,   38,   46,  993,   33,  24,   0,   0, 
EP, 12, 2026082912, 03, AVNO,  90, 139N, 1466W,  81,  965, XX,  64, NEQ,   34,   30,   28,   32,  993,   33,  24,   0,   0, 
EP, 12, 2026082912, 03, AVNO,  96, 142N, 1472W,  81,  961, XX,  34, NEQ,   85,   67,   66,   97,  973,   21,  20,   0,   0, 
EP, 12, 2026082912, 03, AVNO,  96, 142N, 1472W,  81,  961, XX,  50, NEQ,   44,   44,   40,   53,  973,   21,  20,   0,   0, 
EP, 12, 2026082912, 03, AVNO,  96, 142N, 1472W,  81,  961, XX,  64, NEQ,   33,   34,   28,   33,  973,   21,  20,   0,   0, 
EP, 12, 2026082912, 03, AVNO, 102, 144N, 1478W,  82,  963, XX,  34, NEQ,   99,   70,   66,   96,  987,   29,  16,   0,   0, 
EP, 12, 2026082912, 03, AVNO, 102, 144N, 1478W,  82,  963, XX,  50, NEQ,   49,   42,   41,   51,  987,   29,  16,   0,   0, 
EP, 12, 2026082912, 03, AVNO, 102, 144N, 1478W,  82,  963, XX,  64, NEQ,   32,   34,   32,   35,  987,   29,  16,   0,   0, 
EP, 12, 2026082912, 03, AVNO, 108, 149N, 1483W,  83,  962, XX,  34, NEQ,   98,   73,   77,   96,  990,   33,  22,   0,   0, 
EP, 12, 2026082912, 03, AVNO, 108, 149N, 1483W,  83,  962, XX,  50, NEQ,   51,   41,   43,   52,  990,   33,  22,   0,   0, 
EP, 12, 2026082912, 03, AVNO, 108, 149N, 1483W,  83,  962, XX,  64, NEQ,   37,   30,   32,   36,  990,   33,  22,   0,   0, 
EP, 12, 2026082912, 03, AVNO, 114, 154N, 1488W,  79,  966, XX,  34, NEQ,  102,   61,   64,   99,  974,   18,  21,   0,   0, 
EP, 12, 2026082912, 03, AVNO, 114, 154N, 1488W,  79,  966, XX,  50, NEQ,   55,   41,   40,   52,  974,   18,  21,   0,   0, 
EP, 12, 2026082912, 03, AVNO, 114, 154N, 1488W,  79,  966, XX,  64, NEQ,   32,   33,   29,   34,  974,   18,  21,   0,   0, 
EP, 12, 2026082912, 03, AVNO, 120, 159N, 1493W,  74,  970, XX,  34, NEQ,  104,   63,   68,   98,  994,   47,  24,   0,   0, 
EP, 12, 2026082912, 03, AVNO, 120, 159N, 1493W,  74,  970, XX,  50, NEQ,   53,   43,   40,   53,  994,   47,  24,   0,   0, 
EP, 12, 2026082912, 03, AVNO, 120, 159N, 1493W,  74,  970, XX,  64, NEQ,   30,   32,   30,   33,  994,   47,  24,   0,   0, 
EP, 12, 2026082912, 03, AVNO, 126, 163N, 1499W,  72,  972, XX,  34, NEQ,   93,   66,   69,   91, 1008,  102,  21,   0,   0, 
EP, 12, 2026082912, 03, AVNO, 126, 163N, 1499W,  72,  972, XX,  50, NEQ,   55,   38,   44,   58, 1008,  102,  21,   0,   0, 
EP, 12, 2026082912, 03, AVNO, 126, 163N, 1499W,  72,  972, XX,  64, NEQ,   29,   30,   28,   33, 1008,  102,  21,   0,   0, 
EP, 12, 2026082912, 03, AVNO, 132, 168N, 1505W,  69,  970, XX,  34, NEQ,   98,   62,   76,   92, 1006,   97,  22,   0,   0, 
EP, 12, 2026082912, 03, AVNO, 132, 168N, 1505W,  69,  970, XX,  50, NEQ,   48,   41,   41,   48, 1006,   97,  22,   0,   0, 
EP, 12, 2026082912, 03, AVNO, 132, 168N, 1505W,  69,  970, XX,  64, NEQ,   33,   29,   26,   32, 1006,   97,  22,   0,   0, 
EP, 12, 2026082912, 03, AVNO, 138, 170N, 1510W,  71,  974, XX,  34, NEQ,   94,   61,   73,   94, 1010,  307,  20,   0,   0, 
EP, 12, 2026082912, 03, AVNO, 138, 170N, 1510W,  71,  974, XX,  50, NEQ,   45,   44,   37,   48, 1010,  307,  20,   0,   0, 
EP, 12, 2026082912, 03, AVNO, 138, 170N, 1510W,  71,  974, XX,  64, NEQ,   28,    0,   22,   28, 1010,  307,  20,   0,   0, 
EP, 12, 2026082912, 03, AVNO, 144, 172N, 1517W,  63,  976, XX,  34, NEQ,   84,   59,   66,   87,  992,   31,  26,   0,   0, 
EP, 12, 2026082912, 03, AVNO, 144, 172N, 1517W,  63,  976, XX,  50, NEQ,   43,   37,   40,   43,  992,   31,  26,   0,   0, 
EP, 12, 2026082912, 03, AVNO, 150, 173N, 1523W,  62,  978, XX,  34, NEQ,   84,   62,   71,   82, 1006,   80,  31,   0,   0, 
EP, 12, 2026082912, 03, AVNO, 150, 173N, 1523W,  62,  978, XX,  50, NEQ,   45,   43,   40,   51, 1006,   80,  31,   0,   0, 
EP, 12, 2026082912, 03, AVNO, 156, 174N, 1529W,  66,  977, XX,  34, NEQ,   84,   59,   78,   83, 1005,  105,  21,   0,   0, 
EP, 12, 2026082912, 03, AVNO, 156, 174N, 1529W,  66,  977, XX,  50, NEQ,   48,   39,   38,   44, 1005,  105,  21,   0,   0, 
EP, 12, 2026082912, 03, AVNO, 156, 174N, 1529W,  66,  977, XX,  64, NEQ,   23,    0,    0,   23, 1005,  105,  21,   0,   0, 
EP, 12, 2026082912, 03, AVNO, 162, 174N, 1535W,  67,  977, XX,  34, NEQ,   86,   59,   71,   85, 1009,  264,  25,   0,   0, 
EP, 12, 2026082912, 03, AVNO, 162, 174N, 1535W,  67,  977, XX,  50, NEQ,   40,   42,   39,   45, 1009,  264,  25,   0,   0, 
EP, 12, 2026082912, 03, AVNO, 162, 174N, 1535W,  67,  977, XX,  64, NEQ,   26,    0,    0,    0, 1009,  264,  25,   0,   0, 
EP, 12, 2026082912, 03, AVNO, 168, 175N, 1540W,  68,  975, XX,  34, NEQ,   77,   69,   69,   91,  987,   23,  22,   0,   0, 
EP, 12, 2026082912, 03, AVNO, 168, 175N, 1540W,  68,  975, XX,  50, NEQ,   40,   45,   42,   50,  987,   23,  22,   0,   0, 
EP, 12, 2026082912, 03, AVNO, 168, 175N, 1540W,  68,  975, XX,  64, NEQ,   26,    0,    0,    0,  987,   23,  22,   0,   0, 
EP, 12, 2026082912, 03, AVNO, 174, 176N, 1544W,  65,  979, XX,  34, NEQ,   78,   68,   68,   86, 1007,  101,  26,   0,   0, 
EP, 12, 2026082912, 03, AVNO, 174, 176N, 1544W,  65,  979, XX,  50, NEQ,   45,   40,   45,   42, 1007,  101,  26,   0,   0, 
EP, 12, 2026082912, 03, AVNO, 174, 176N, 1544W,  65,  979, XX,  64, NEQ,    0,    0,    0,   26, 1007,  101,  26,   0,   0, 
EP, 12, 2026082912, 03, AVNO, 180, 178N, 1549W,  63,  978, XX,  34, NEQ,   76,   65,   61,  161, 1006,  136,  25,   0,   0, 
EP, 12, 2026082912, 03, AVNO, 180, 178N, 1549W,  63,  978, XX,  50, NEQ,   43,   41,   40,   47, 1006,  136,  25,   0,   0, 
EP, 12, 2026082912, 03, AVNO, 186, 181N, 1551W,  67,  981, XX,  34, NEQ,   66,   54,   51,  157,  997,   32,  21,   0,   0, 
EP, 12, 2026082912, 03, AVNO, 186, 181N, 1551W,  67,  981, XX,  50, NEQ,   37,   36,   37,   38,  997,   32,  21,   0,   0, 
EP, 12, 2026082912, 03, AVNO, 186, 181N, 1551W,  67,  981, XX,  64, NEQ,    0,   30,   22,   24,  997,   32,  21,   0,   0, 
EP, 12, 2026082912, 03, AVNO, 192, 183N, 1557W,  59,  985, XX,  34, NEQ,   43,   42,   42,  137, 1005,   50,  17,   0,   0, 
EP, 12, 2026082912, 03, AVNO, 192, 183N, 1557W,  59,  985, XX,  50, NEQ,   27,   25,   25,   28, 1005,   50,  17,   0,   0, 
EP, 12, 2026082912, 03, AVNO, 198, 186N, 1563W,  51,  997, XX,  34, NEQ,   34,   31,   15,  121, 1009,  345,  18,   0,   0, 
EP, 12, 2026082912, 03, AVNO, 198, 186N, 1563W,  51,  997, XX,  50, NEQ,   19,    0,    0,    0, 1009,  345,  18,   0,   0, 
EP, 12, 2026082912, 03, AVNO, 204, 191N, 1575W,  40, 1004, XX,  34, NEQ,   31,    0,    0,    0, 1008,  416,  30,   0,   0, 
EP, 12, 2026082912, 03, AVNO, 210, 191N, 1583W,  31, 1008, XX,  34, NEQ,    0,    0,    0,    0,  -99,  -99, 107,   0,   0, 
EP, 12, 2026082912, 03, AVNO, 216, 187N, 1601W,  25, 1006, XX,  34, NEQ,    0,    0,    0,    0,  -99,  -99, 146,   0,   0, 
EP, 12, 2026082912, 03, AVNO, 222, 180N, 1619W,  24, 1007, XX,  34, NEQ,    0,    0,    0,    0,  -99,  -99,  51,   0,   0, 
EP, 12, 2026082912, 03, AVNO, 228, 176N, 1632W,  22, 1006, XX,  34, NEQ,    0,    0,    0,    0,  -99,  -99,  54,   0,   0, 
EP, 12, 2026082912, 03, AVNO, 234, 168N, 1642W,  21, 1006, XX,  34, NEQ,    0,    0,    0,    0,  -99,  -99,  84,   0,   0, 
EP, 12, 2026082912, 03, AVNO, 240, 160N, 1647W,  21, 1006, XX,  34, NEQ,    0,    0,    0,    0,  -99,  -99, 126,   0,   0, 
EP, 12, 2026082912, 03, HCCA,   0, 127N, 1352W,  40,    0,   ,   0,    ,    0,    0,    0,    0, 
EP, 12, 2026082912, 03, HCCA,  12, 129N, 1373W,  45,    0,   ,   0,    ,    0,    0,    0,    0, 
EP, 12, 2026082912, 03, HCCA,  24, 128N, 1396W,  50,    0,   ,   0,    ,    0,    0,    0,    0, 
EP, 12, 2026082912, 03, HCCA,  36, 126N, 1419W,  48,    0,   ,   0,    ,    0,    0,    0,    0, 
EP, 12, 2026082912, 03, HCCA,  48, 126N, 1438W,  56,    0,   ,   0,    ,    0,    0,    0,    0, 
EP, 12, 2026082912, 03, HCCA,  60, 125N, 1456W,  71,    0,   ,   0,    ,    0,    0,    0,    0, 
EP, 12, 2026082912, 03, HCCA,  72, 126N, 1474W,  86,    0,   ,   0,    ,    0,    0,    0,    0, 
EP, 12, 2026082912, 03, HCCA,  84, 125N, 1489W,  93,    0,   ,   0,    ,    0,    0,    0,    0, 
EP, 12, 2026082912, 03, HCCA,  96, 124N, 1503W, 106,    0,   ,   0,    ,    0,    0,    0,    0, 
EP, 12, 2026082912, 03, HCCA, 108, 126N, 1516W, 119,    0,   ,   0,    ,    0,    0,    0,    0, 
EP, 12, 2026082912, 03, HCCA, 120, 128N, 1523W, 128,    0,   ,   0,    ,    0,    0,    0,    0, 
EP, 12, 2026082912, 03, HCCA, 132, 133N, 1525W, 133,    0,   ,   0,    ,    0,    0,    0,    0, 
EP, 12, 2026082912, 03, HCCA, 144, 139N, 1521W, 139,    0,   ,   0,    ,    0,    0,    0,    0, 
EP, 12, 2026082912, 03, HCCA, 156, 143N, 1529W, 149,    0,   ,   0,    ,    0,    0,    0,    0, 
EP, 12, 2026082912, 03, HCCA, 168, 152N, 1530W, 161,    0,   ,   0,    ,    0,    0,    0,    0, 
EP, 12, 2026082912, 03, HFSA,   0, 127N, 1351W,  42,  997, XX,  34, NEQ,    0,   24,    0,    0, 1001,    8,  32,   0,   0,    ,   0,    , 282,   6,           ,  ,  0,    ,    0,    0,    0,    0, THERMO PARAMS, 89, -138, 386, N, 10, DT, -999, SHR82, -99, 
EP, 12, 2026082912, 03, HFSA,   6, 130N, 1366W,  43, 1002, XX,  34, NEQ,   24,   47,   49,    0, 1006,   40,  37,   0,   0,    ,   0,    , 296,  10,           ,  ,  0,    ,    0,    0,    0,    0, THERMO PARAMS, 125, -233, 48, N, 10, DT, -999, SHR82, -99, 
EP, 12, 2026082912, 03, HFSA,  12, 129N, 1377W,  51,  993, XX,  34, NEQ,   23,   28,   42,   45,  997,    8,  14,   0,   0,    ,   0,    , 266,  10,           ,  ,  0,    ,    0,    0,    0,    0, THERMO PARAMS, 105, 56, 532, N, 10, DT, -999, SHR82, -99, 
EP, 12, 2026082912, 03, HFSA,  12, 129N, 1377W,  51,  993, XX,  50, NEQ,    0,   15,    0,    0,  997,    8,  14,   0,   0,    ,   0,    , 266,  10,           ,  ,  0,    ,    0,    0,    0,    0, THERMO PARAMS, 105, 56, 532, N, 10, DT, -999, SHR82, -99, 
EP, 12, 2026082912, 03, HFSA,  18, 127N, 1383W,  41,  999, XX,  34, NEQ,   31,   37,    0,    0, 1003,   17,  29,   0,   0,    ,   0,    , 271,   6,           ,  ,  0,    ,    0,    0,    0,    0, THERMO PARAMS, 94, 81, 349, N, 10, DT, -999, SHR82, -99, 
EP, 12, 2026082912, 03, HFSA,  24, 128N, 1395W,  45,  994, XX,  34, NEQ,   74,   44,   32,   53, 1002,   32,  17,   0,   0,    ,   0,    , 276,   8,           ,  ,  0,    ,    0,    0,    0,    0, THERMO PARAMS, 30, 302, 759, N, 10, DT, -999, SHR82, -99, 
EP, 12, 2026082912, 03, HFSA,  30, 128N, 1406W,  49,  993, XX,  34, NEQ,   60,   44,   45,   52,  997,    9,  25,   0,   0,    ,   0,    , 275,   8,           ,  ,  0,    ,    0,    0,    0,    0, THERMO PARAMS, 41, 240, 956, N, 10, DT, -999, SHR82, -99, 
EP, 12, 2026082912, 03, HFSA,  36, 129N, 1416W,  58,  987, XX,  34, NEQ,   66,   40,   39,   50,  999,   25,  14,   0,   0,    ,   0,    , 276,   7,           ,  ,  0,    ,    0,    0,    0,    0, THERMO PARAMS, 49, 448, 979, N, 10, DT, -999, SHR82, -99, 
EP, 12, 2026082912, 03, HFSA,  36, 129N, 1416W,  58,  987, XX,  50, NEQ,   19,   16,   21,   21,  999,   25,  14,   0,   0,    ,   0,    , 276,   7,           ,  ,  0,    ,    0,    0,    0,    0, THERMO PARAMS, 49, 448, 979, N, 10, DT, -999, SHR82, -99, 
EP, 12, 2026082912, 03, HFSA,  42, 130N, 1424W,  57,  987, XX,  34, NEQ,   71,   44,   45,   74,  999,   23,  18,   0,   0,    ,   0,    , 268,   6,           ,  ,  0,    ,    0,    0,    0,    0, THERMO PARAMS, 21, 1090, 1356, N, 10, DT, -999, SHR82, -99, 
EP, 12, 2026082912, 03, HFSA,  42, 130N, 1424W,  57,  987, XX,  50, NEQ,   26,   26,   11,   21,  999,   23,  18,   0,   0,    ,   0,    , 268,   6,           ,  ,  0,    ,    0,    0,    0,    0, THERMO PARAMS, 21, 1090, 1356, N, 10, DT, -999, SHR82, -99, 
EP, 12, 2026082912, 03, HFSA,  48, 132N, 1432W,  66,  982, XX,  34, NEQ,   74,   47,   55,   66,  986,   10,  16,   0,   0,    ,   0,    , 282,   7,           ,  ,  0,    ,    0,    0,    0,    0, THERMO PARAMS, -17, 1267, 1116, N, 10, DT, -999, SHR82, -99, 
EP, 12, 2026082912, 03, HFSA,  48, 132N, 1432W,  66,  982, XX,  50, NEQ,   31,   28,   31,   34,  986,   10,  16,   0,   0,    ,   0,    , 282,   7,           ,  ,  0,    ,    0,    0,    0,    0, THERMO PARAMS, -17, 1267, 1116, N, 10, DT, -999, SHR82, -99, 
EP, 12, 2026082912, 03, HFSA,  48, 132N, 1432W,  66,  982, XX,  64, NEQ,   18,    0,    0,    0,  986,   10,  16,   0,   0,    ,   0,    , 282,   7,           ,  ,  0,    ,    0,    0,    0,    0, THERMO PARAMS, -17, 1267, 1116, N, 10, DT, -999, SHR82, -99, 
EP, 12, 2026082912, 03, HFSA,  54, 135N, 1440W,  78,  977, XX,  34, NEQ,   66,   50,   57,   84, 1001,   35,  12,   0,   0,    ,   0,    , 285,   7,           ,  ,  0,    ,    0,    0,    0,    0, THERMO PARAMS, -14, 1434, 1382, N, 10, DT, -999, SHR82, -99, 
EP, 12, 2026082912, 03, HFSA,  54, 135N, 1440W,  78,  977, XX,  50, NEQ,   34,   28,   29,   31, 1001,   35,  12,   0,   0,    ,   0,    , 285,   7,           ,  ,  0,    ,    0,    0,    0,    0, THERMO PARAMS, -14, 1434, 1382, N, 10, DT, -999, SHR82, -99, 
EP, 12, 2026082912, 03, HFSA,  54, 135N, 1440W,  78,  977, XX,  64, NEQ,   21,   16,   18,   19, 1001,   35,  12,   0,   0,    ,   0,    , 285,   7,           ,  ,  0,    ,    0,    0,    0,    0, THERMO PARAMS, -14, 1434, 1382, N, 10, DT, -999, SHR82, -99, 
EP, 12, 2026082912, 03, HFSA,  60, 137N, 1449W,  91,  968, XX,  34, NEQ,   78,   47,   60,   74, 1000,   39,  11,   0,   0,    ,   0,    , 278,   6,           ,  ,  0,    ,    0,    0,    0,    0, THERMO PARAMS, 4, 1576, 1808, N, 10, DT, -999, SHR82, -99, 
EP, 12, 2026082912, 03, HFSA,  60, 137N, 1449W,  91,  968, XX,  50, NEQ,   32,   26,   34,   34, 1000,   39,  11,   0,   0,    ,   0,    , 278,   6,           ,  ,  0,    ,    0,    0,    0,    0, THERMO PARAMS, 4, 1576, 1808, N, 10, DT, -999, SHR82, -99, 
EP, 12, 2026082912, 03, HFSA,  60, 137N, 1449W,  91,  968, XX,  64, NEQ,   21,   18,   19,   23, 1000,   39,  11,   0,   0,    ,   0,    , 278,   6,           ,  ,  0,    ,    0,    0,    0,    0, THERMO PARAMS, 4, 1576, 1808, N, 10, DT, -999, SHR82, -99, 
EP, 12, 2026082912, 03, HFSA,  66, 139N, 1457W,  94,  971, XX,  34, NEQ,   91,   52,   65,   86, 1003,   44,  12,   0,   0,    ,   0,    , 276,   7,           ,  ,  0,    ,    0,    0,    0,    0, THERMO PARAMS, -9, 1404, 2061, N, 10, DT, -999, SHR82, -99, 
EP, 12, 2026082912, 03, HFSA,  66, 139N, 1457W,  94,  971, XX,  50, NEQ,   34,   32,   32,   34, 1003,   44,  12,   0,   0,    ,   0,    , 276,   7,           ,  ,  0,    ,    0,    0,    0,    0, THERMO PARAMS, -9, 1404, 2061, N, 10, DT, -999, SHR82, -99, 
EP, 12, 2026082912, 03, HFSA,  66, 139N, 1457W,  94,  971, XX,  64, NEQ,   24,   23,   23,   23, 1003,   44,  12,   0,   0,    ,   0,    , 276,   7,           ,  ,  0,    ,    0,    0,    0,    0, THERMO PARAMS, -9, 1404, 2061, N, 10, DT, -999, SHR82, -99, 
EP, 12, 2026082912, 03, HFSA,  72, 140N, 1467W,  99,  965, XX,  34, NEQ,   97,   65,   60,   94, 1001,   46,  14,   0,   0,    ,   0,    , 281,   8,           ,  ,  0,    ,    0,    0,    0,    0, THERMO PARAMS, 9, 1642, 1966, N, 10, DT, -999, SHR82, -99, 
EP, 12, 2026082912, 03, HFSA,  72, 140N, 1467W,  99,  965, XX,  50, NEQ,   36,   34,   31,   32, 1001,   46,  14,   0,   0,    ,   0,    , 281,   8,           ,  ,  0,    ,    0,    0,    0,    0, THERMO PARAMS, 9, 1642, 1966, N, 10, DT, -999, SHR82, -99, 
EP, 12, 2026082912, 03, HFSA,  72, 140N, 1467W,  99,  965, XX,  64, NEQ,   23,   21,   21,   23, 1001,   46,  14,   0,   0,    ,   0,    , 281,   8,           ,  ,  0,    ,    0,    0,    0,    0, THERMO PARAMS, 9, 1642, 1966, N, 10, DT, -999, SHR82, -99, 
EP, 12, 2026082912, 03, HFSA,  78, 142N, 1475W,  93,  965, XX,  34, NEQ,   92,   63,   57,   89, 1001,   40,  14,   0,   0,    ,   0,    , 283,   7,           ,  ,  0,    ,    0,    0,    0,    0, THERMO PARAMS, -14, 1757, 2299, N, 10, DT, -999, SHR82, -99, 
EP, 12, 2026082912, 03, HFSA,  78, 142N, 1475W,  93,  965, XX,  50, NEQ,   40,   39,   31,   37, 1001,   40,  14,   0,   0,    ,   0,    , 283,   7,           ,  ,  0,    ,    0,    0,    0,    0, THERMO PARAMS, -14, 1757, 2299, N, 10, DT, -999, SHR82, -99, 
EP, 12, 2026082912, 03, HFSA,  78, 142N, 1475W,  93,  965, XX,  64, NEQ,   26,   24,   19,   24, 1001,   40,  14,   0,   0,    ,   0,    , 283,   7,           ,  ,  0,    ,    0,    0,    0,    0, THERMO PARAMS, -14, 1757, 2299, N, 10, DT, -999, SHR82, -99, 
EP, 12, 2026082912, 03, HFSA,  84, 144N, 1483W,  90,  963, XX,  34, NEQ,   91,   71,   58,   81, 1003,   59,  12,   0,   0,    ,   0,    , 289,   7,           ,  ,  0,    ,    0,    0,    0,    0, THERMO PARAMS, -12, 1615, 2425, N, 10, DT, -999, SHR82, -99, 
EP, 12, 2026082912, 03, HFSA,  84, 144N, 1483W,  90,  963, XX,  50, NEQ,   40,   37,   29,   44, 1003,   59,  12,   0,   0,    ,   0,    , 289,   7,           ,  ,  0,    ,    0,    0,    0,    0, THERMO PARAMS, -12, 1615, 2425, N, 10, DT, -999, SHR82, -99, 
EP, 12, 2026082912, 03, HFSA,  84, 144N, 1483W,  90,  963, XX,  64, NEQ,   24,   23,   21,   26, 1003,   59,  12,   0,   0,    ,   0,    , 289,   7,           ,  ,  0,    ,    0,    0,    0,    0, THERMO PARAMS, -12, 1615, 2425, N, 10, DT, -999, SHR82, -99, 
EP, 12, 2026082912, 03, HFSA,  90, 145N, 1491W,  98,  960, XX,  34, NEQ,   99,   68,   63,   96, 1004,   63,  11,   0,   0,    ,   0,    , 290,   7,           ,  ,  0,    ,    0,    0,    0,    0, THERMO PARAMS, 5, 1734, 2380, N, 10, DT, -999, SHR82, -99, 
EP, 12, 2026082912, 03, HFSA,  90, 145N, 1491W,  98,  960, XX,  50, NEQ,   44,   36,   32,   40, 1004,   63,  11,   0,   0,    ,   0,    , 290,   7,           ,  ,  0,    ,    0,    0,    0,    0, THERMO PARAMS, 5, 1734, 2380, N, 10, DT, -999, SHR82, -99, 
EP, 12, 2026082912, 03, HFSA,  90, 145N, 1491W,  98,  960, XX,  64, NEQ,   28,   24,   21,   31, 1004,   63,  11,   0,   0,    ,   0,    , 290,   7,           ,  ,  0,    ,    0,    0,    0,    0, THERMO PARAMS, 5, 1734, 2380, N, 10, DT, -999, SHR82, -99, 
EP, 12, 2026082912, 03, HFSA,  96, 147N, 1498W,  97,  957, XX,  34, NEQ,  102,   73,   60,   91,  997,   41,  14,   0,   0,    ,   0,    , 299,   7,           ,  ,  0,    ,    0,    0,    0,    0, THERMO PARAMS, -21, 1691, 2495, N, 10, DT, -999, SHR82, -99, 
EP, 12, 2026082912, 03, HFSA,  96, 147N, 1498W,  97,  957, XX,  50, NEQ,   47,   44,   32,   47,  997,   41,  14,   0,   0,    ,   0,    , 299,   7,           ,  ,  0,    ,    0,    0,    0,    0, THERMO PARAMS, -21, 1691, 2495, N, 10, DT, -999, SHR82, -99, 
EP, 12, 2026082912, 03, HFSA,  96, 147N, 1498W,  97,  957, XX,  64, NEQ,   31,   26,   23,   32,  997,   41,  14,   0,   0,    ,   0,    , 299,   7,           ,  ,  0,    ,    0,    0,    0,    0, THERMO PARAMS, -21, 1691, 2495, N, 10, DT, -999, SHR82, -99, 
EP, 12, 2026082912, 03, HFSA, 102, 151N, 1505W,  95,  959, XX,  34, NEQ,  102,   86,   63,  105, 1003,   56,  14,   0,   0,    ,   0,    , 302,   8,           ,  ,  0,    ,    0,    0,    0,    0, THERMO PARAMS, -52, 1682, 2677, N, 10, DT, -999, SHR82, -99, 
EP, 12, 2026082912, 03, HFSA, 102, 151N, 1505W,  95,  959, XX,  50, NEQ,   55,   49,   36,   52, 1003,   56,  14,   0,   0,    ,   0,    , 302,   8,           ,  ,  0,    ,    0,    0,    0,    0, THERMO PARAMS, -52, 1682, 2677, N, 10, DT, -999, SHR82, -99, 
EP, 12, 2026082912, 03, HFSA, 102, 151N, 1505W,  95,  959, XX,  64, NEQ,   32,   28,   28,   34, 1003,   56,  14,   0,   0,    ,   0,    , 302,   8,           ,  ,  0,    ,    0,    0,    0,    0, THERMO PARAMS, -52, 1682, 2677, N, 10, DT, -999, SHR82, -99, 
EP, 12, 2026082912, 03, HFSA, 108, 156N, 1513W, 105,  956, XX,  34, NEQ,  102,   78,   68,  105, 1000,   54,  15,   0,   0,    ,   0,    , 309,   8,           ,  ,  0,    ,    0,    0,    0,    0, THERMO PARAMS, -69, 1801, 2696, N, 10, DT, -999, SHR82, -99, 
EP, 12, 2026082912, 03, HFSA, 108, 156N, 1513W, 105,  956, XX,  50, NEQ,   63,   45,   40,   58, 1000,   54,  15,   0,   0,    ,   0,    , 309,   8,           ,  ,  0,    ,    0,    0,    0,    0, THERMO PARAMS, -69, 1801, 2696, N, 10, DT, -999, SHR82, -99, 
EP, 12, 2026082912, 03, HFSA, 108, 156N, 1513W, 105,  956, XX,  64, NEQ,   36,   34,   32,   39, 1000,   54,  15,   0,   0,    ,   0,    , 309,   8,           ,  ,  0,    ,    0,    0,    0,    0, THERMO PARAMS, -69, 1801, 2696, N, 10, DT, -999, SHR82, -99, 
EP, 12, 2026082912, 03, HFSA, 114, 160N, 1521W, 109,  960, XX,  34, NEQ,  108,   81,   78,  104, 1000,   46,  14,   0,   0,    ,   0,    , 295,   7,           ,  ,  0,    ,    0,    0,    0,    0, THERMO PARAMS, -59, 1634, 2586, N, 10, DT, -999, SHR82, -99, 
EP, 12, 2026082912, 03, HFSA, 114, 160N, 1521W, 109,  960, XX,  50, NEQ,   62,   45,   42,   58, 1000,   46,  14,   0,   0,    ,   0,    , 295,   7,           ,  ,  0,    ,    0,    0,    0,    0, THERMO PARAMS, -59, 1634, 2586, N, 10, DT, -999, SHR82, -99, 
EP, 12, 2026082912, 03, HFSA, 114, 160N, 1521W, 109,  960, XX,  64, NEQ,   39,   32,   34,   37, 1000,   46,  14,   0,   0,    ,   0,    , 295,   7,           ,  ,  0,    ,    0,    0,    0,    0, THERMO PARAMS, -59, 1634, 2586, N, 10, DT, -999, SHR82, -99, 
EP, 12, 2026082912, 03, HFSA, 120, 162N, 1529W, 105,  960, XX,  34, NEQ,  105,   78,   68,  100,  996,   40,  16,   0,   0,    ,   0,    , 293,   6,           ,  ,  0,    ,    0,    0,    0,    0, THERMO PARAMS, -49, 1762, 2539, N, 10, DT, -999, SHR82, -99, 
EP, 12, 2026082912, 03, HFSA, 120, 162N, 1529W, 105,  960, XX,  50, NEQ,   66,   47,   39,   55,  996,   40,  16,   0,   0,    ,   0,    , 293,   6,           ,  ,  0,    ,    0,    0,    0,    0, THERMO PARAMS, -49, 1762, 2539, N, 10, DT, -999, SHR82, -99, 
EP, 12, 2026082912, 03, HFSA, 120, 162N, 1529W, 105,  960, XX,  64, NEQ,   36,   34,   31,   40,  996,   40,  16,   0,   0,    ,   0,    , 293,   6,           ,  ,  0,    ,    0,    0,    0,    0, THERMO PARAMS, -49, 1762, 2539, N, 10, DT, -999, SHR82, -99, 
EP, 12, 2026082912, 03, HFSA, 126, 165N, 1534W, 107,  960, XX,  34, NEQ,  107,   71,   81,  100, 1008,   96,  18,   0,   0,    ,   0,    , -99, -99,           ,  ,  0,    ,    0,    0,    0,    0, THERMO PARAMS, -42, 1855, 2620, N, 10, DT, -999, SHR82, -99, 
EP, 12, 2026082912, 03, HFSA, 126, 165N, 1534W, 107,  960, XX,  50, NEQ,   55,   45,   44,   53, 1008,   96,  18,   0,   0,    ,   0,    , -99, -99,           ,  ,  0,    ,    0,    0,    0,    0, THERMO PARAMS, -42, 1855, 2620, N, 10, DT, -999, SHR82, -99, 
EP, 12, 2026082912, 03, HFSA, 126, 165N, 1534W, 107,  960, XX,  64, NEQ,   40,   34,   32,   40, 1008,   96,  18,   0,   0,    ,   0,    , -99, -99,           ,  ,  0,    ,    0,    0,    0,    0, THERMO PARAMS, -42, 1855, 2620, N, 10, DT, -999, SHR82, -99, 
EP, 12, 2026082912, 03, TVCN,   0, 127N, 1352W,   0,    0,   ,   0,    ,    0,    0,    0,    0, 
EP, 12, 2026082912, 03, TVCN,  12, 128N, 1370W,   0,    0,   ,   0,    ,    0,    0,    0,    0, 
EP, 12, 2026082912, 03, TVCN,  24, 128N, 1388W,   0,    0,   ,   0,    ,    0,    0,    0,    0, 
EP, 12, 2026082912, 03, TVCN,  36, 128N, 1406W,   0,    0,   ,   0,    ,    0,    0,    0,    0, 
EP, 12, 2026082912, 03, TVCN,  48, 129N, 1422W,   0,    0,   ,   0,    ,    0,    0,    0,    0, 
EP, 12, 2026082912, 03, TVCN,  60, 131N, 1438W,   0,    0,   ,   0,    ,    0,    0,    0,    0, 
EP, 12, 2026082912, 03, TVCN,  72, 133N, 1452W,   0,    0,   ,   0,    ,    0,    0,    0,    0, 
EP, 12, 2026082912, 03, TVCN,  84, 133N, 1465W,   0,    0,   ,   0,    ,    0,    0,    0,    0, 
EP, 12, 2026082912, 03, TVCN,  96, 135N, 1476W,   0,    0,   ,   0,    ,    0,    0,    0,    0, 
EP, 12, 2026082912, 03, TVCN, 108, 138N, 1485W,   0,    0,   ,   0,    ,    0,    0,    0,    0, 
EP, 12, 2026082912, 03, TVCN, 120, 142N, 1493W,   0,    0,   ,   0,    ,    0,    0,    0,    0, 
EP, 12, 2026082912, 03, TVCN, 132, 147N, 1499W,   0,    0,   ,   0,    ,    0,    0,    0,    0, 
EP, 12, 2026082912, 03, TVCN, 144, 138N, 1500W,   0,    0,   ,   0,    ,    0,    0,    0,    0, 
EP, 12, 2026082912, 03, TVCN, 156, 143N, 1503W,   0,    0,   ,   0,    ,    0,    0,    0,    0, 
EP, 12, 2026082912, 03, TVCN, 168, 149N, 1507W,   0,    0,   ,   0,    ,    0,    0,    0,    0, 
EP, 12, 2026082918, 03, AVNO,   0, 125N, 1363W,  33, 1005, XX,  34, NEQ,    0,    0,    0,    0, 1009,   82,  31,   0,   0, 
EP, 12, 2026082918, 03, AVNO,   6, 126N, 1374W,  35, 1002, XX,  34, NEQ,    0,   34,    0,    0, 1006,   60,  28,   0,   0, 
EP, 12, 2026082918, 03, AVNO,  12, 124N, 1382W,  34, 1000, XX,  34, NEQ,    0,   34,    0,    0, 1008,   80,  34,   0,   0, 
EP, 12, 2026082918, 03, AVNO,  18, 125N, 1389W,  29, 1002, XX,  34, NEQ,    0,    0,    0,    0, 1006,   62,  46,   0,   0, 
EP, 12, 2026082918, 03, AVNO,  24, 127N, 1401W,  27, 1003, XX,  34, NEQ,    0,    0,    0,    0, 1011,  170,  49,   0,   0, 
EP, 12, 2026082918, 03, AVNO,  30, 127N, 1410W,  29,  999, XX,  34, NEQ,    0,    0,    0,    0, 1007,  108,  45,   0,   0, 
EP, 12, 2026082918, 03, AVNO,  36, 127N, 1418W,  32, 1001, XX,  34, NEQ,    0,    0,    0,    0, 1005,   24,  34,   0,   0, 
EP, 12, 2026082918, 03, AVNO,  42, 128N, 1425W,  40,  994, XX,  34, NEQ,   36,   35,   30,   31, 1006,   78,  15,   0,   0, 
EP, 12, 2026082918, 03, AVNO,  48, 129N, 1432W,  43,  994, XX,  34, NEQ,   40,   35,   36,   54, 1010,  124,  27,   0,   0, 
EP, 12, 2026082918, 03, AVNO,  54, 132N, 1438W,  48,  987, XX,  34, NEQ,   44,   41,   40,   45, 1007,  143,  21,   0,   0, 
EP, 12, 2026082918, 03, AVNO,  60, 133N, 1444W,  60,  983, XX,  34, NEQ,   56,   47,   47,   61, 1011,  338,  12,   0,   0, 
EP, 12, 2026082918, 03, AVNO,  60, 133N, 1444W,  60,  983, XX,  50, NEQ,   29,   23,   25,   31, 1011,  338,  12,   0,   0, 
EP, 12, 2026082918, 03, AVNO,  66, 135N, 1450W,  72,  970, XX,  34, NEQ,   63,   53,   52,   68,  994,   31,  16,   0,   0, 
EP, 12, 2026082918, 03, AVNO,  66, 135N, 1450W,  72,  970, XX,  50, NEQ,   34,   33,   25,   37,  994,   31,  16,   0,   0, 
EP, 12, 2026082918, 03, AVNO,  66, 135N, 1450W,  72,  970, XX,  64, NEQ,   22,    0,    0,   21,  994,   31,  16,   0,   0, 
EP, 12, 2026082918, 03, AVNO,  72, 135N, 1456W,  72,  970, XX,  34, NEQ,   76,   62,   57,   80,  994,   32,  19,   0,   0, 
EP, 12, 2026082918, 03, AVNO,  72, 135N, 1456W,  72,  970, XX,  50, NEQ,   35,   36,   34,   40,  994,   32,  19,   0,   0, 
EP, 12, 2026082918, 03, AVNO,  72, 135N, 1456W,  72,  970, XX,  64, NEQ,   23,   24,   22,   29,  994,   32,  19,   0,   0, 
EP, 12, 2026082918, 03, AVNO,  78, 136N, 1461W,  84,  965, XX,  34, NEQ,   72,   61,   64,   81,  985,   32,  15,   0,   0, 
EP, 12, 2026082918, 03, AVNO,  78, 136N, 1461W,  84,  965, XX,  50, NEQ,   42,   37,   38,   42,  985,   32,  15,   0,   0, 
EP, 12, 2026082918, 03, AVNO,  78, 136N, 1461W,  84,  965, XX,  64, NEQ,   33,   26,   29,   30,  985,   32,  15,   0,   0, 
EP, 12, 2026082918, 03, AVNO,  84, 138N, 1464W,  81,  964, XX,  34, NEQ,   86,   63,   65,   88,  992,   33,  22,   0,   0, 
EP, 12, 2026082918, 03, AVNO,  84, 138N, 1464W,  81,  964, XX,  50, NEQ,   44,   37,   39,   47,  992,   33,  22,   0,   0, 
EP, 12, 2026082918, 03, AVNO,  84, 138N, 1464W,  81,  964, XX,  64, NEQ,   32,   27,   30,   32,  992,   33,  22,   0,   0, 
EP, 12, 2026082918, 03, AVNO,  90, 142N, 1468W,  82,  962, XX,  34, NEQ,   88,   68,   69,   90,  990,   33,  21,   0,   0, 
EP, 12, 2026082918, 03, AVNO,  90, 142N, 1468W,  82,  962, XX,  50, NEQ,   51,   41,   43,   52,  990,   33,  21,   0,   0, 
EP, 12, 2026082918, 03, AVNO,  90, 142N, 1468W,  82,  962, XX,  64, NEQ,   37,   29,   30,   37,  990,   33,  21,   0,   0, 
EP, 12, 2026082918, 03, AVNO,  96, 145N, 1474W,  77,  965, XX,  34, NEQ,   97,   70,   70,   93,  977,   15,  21,   0,   0, 
EP, 12, 2026082918, 03, AVNO,  96, 145N, 1474W,  77,  965, XX,  50, NEQ,   47,   39,   38,   50,  977,   15,  21,   0,   0, 
EP, 12, 2026082918, 03, AVNO,  96, 145N, 1474W,  77,  965, XX,  64, NEQ,   33,   32,   28,   37,  977,   15,  21,   0,   0, 
EP, 12, 2026082918, 03, AVNO, 102, 149N, 1480W,  84,  962, XX,  34, NEQ,   98,   62,   73,   95,  986,   29,  19,   0,   0, 
EP, 12, 2026082918, 03, AVNO, 102, 149N, 1480W,  84,  962, XX,  50, NEQ,   51,   43,   40,   53,  986,   29,  19,   0,   0, 
EP, 12, 2026082918, 03, AVNO, 102, 149N, 1480W,  84,  962, XX,  64, NEQ,   36,   33,   30,   35,  986,   29,  19,   0,   0, 
EP, 12, 2026082918, 03, AVNO, 108, 153N, 1484W,  77,  968, XX,  34, NEQ,   94,   64,   71,   91, 1008,  117,  21,   0,   0, 
EP, 12, 2026082918, 03, AVNO, 108, 153N, 1484W,  77,  968, XX,  50, NEQ,   42,   38,   40,   52, 1008,  117,  21,   0,   0, 
EP, 12, 2026082918, 03, AVNO, 108, 153N, 1484W,  77,  968, XX,  64, NEQ,   28,   33,   29,   33, 1008,  117,  21,   0,   0, 
EP, 12, 2026082918, 03, AVNO, 114, 159N, 1489W,  75,  971, XX,  34, NEQ,   87,   64,   65,   91,  991,   33,  23,   0,   0, 
EP, 12, 2026082918, 03, AVNO, 114, 159N, 1489W,  75,  971, XX,  50, NEQ,   42,   39,   39,   47,  991,   33,  23,   0,   0, 
EP, 12, 2026082918, 03, AVNO, 114, 159N, 1489W,  75,  971, XX,  64, NEQ,   28,   28,   28,   30,  991,   33,  23,   0,   0, 
EP, 12, 2026082918, 03, AVNO, 120, 163N, 1494W,  68,  976, XX,  34, NEQ,   89,   65,   66,   89, 1008,   85,  29,   0,   0, 
EP, 12, 2026082918, 03, AVNO, 120, 163N, 1494W,  68,  976, XX,  50, NEQ,   45,   43,   36,   48, 1008,   85,  29,   0,   0, 
EP, 12, 2026082918, 03, AVNO, 120, 163N, 1494W,  68,  976, XX,  64, NEQ,    0,   30,   17,   25, 1008,   85,  29,   0,   0, 
EP, 12, 2026082918, 03, AVNO, 126, 166N, 1500W,  69,  974, XX,  34, NEQ,   86,   65,   65,   87, 1006,   96,  24,   0,   0, 
EP, 12, 2026082918, 03, AVNO, 126, 166N, 1500W,  69,  974, XX,  50, NEQ,   39,   41,   39,   49, 1006,   96,  24,   0,   0, 
EP, 12, 2026082918, 03, AVNO, 126, 166N, 1500W,  69,  974, XX,  64, NEQ,   27,   27,   26,   27, 1006,   96,  24,   0,   0, 
EP, 12, 2026082918, 03, AVNO, 132, 168N, 1504W,  65,  976, XX,  34, NEQ,   89,   58,   65,   91, 1008,  117,  25,   0,   0, 
EP, 12, 2026082918, 03, AVNO, 132, 168N, 1504W,  65,  976, XX,  50, NEQ,   42,   37,   38,   47, 1008,  117,  25,   0,   0, 
EP, 12, 2026082918, 03, AVNO, 132, 168N, 1504W,  65,  976, XX,  64, NEQ,    0,    0,    0,   28, 1008,  117,  25,   0,   0, 
EP, 12, 2026082918, 03, AVNO, 138, 170N, 1509W,  62,  977, XX,  34, NEQ,   82,   65,   67,   78, 1005,   93,  26,   0,   0, 
EP, 12, 2026082918, 03, AVNO, 138, 170N, 1509W,  62,  977, XX,  50, NEQ,   43,   36,   41,   43, 1005,   93,  26,   0,   0, 
EP, 12, 2026082918, 03, AVNO, 144, 171N, 1512W,  59,  979, XX,  34, NEQ,   81,   62,   64,   84, 1007,  107,  27,   0,   0, 
EP, 12, 2026082918, 03, AVNO, 144, 171N, 1512W,  59,  979, XX,  50, NEQ,   30,   40,   40,   42, 1007,  107,  27,   0,   0, 
EP, 12, 2026082918, 03, AVNO, 150, 174N, 1518W,  63,  977, XX,  34, NEQ,   80,   57,   72,   74, 1005,   96,  27,   0,   0, 
EP, 12, 2026082918, 03, AVNO, 150, 174N, 1518W,  63,  977, XX,  50, NEQ,   46,   37,   44,   42, 1005,   96,  27,   0,   0, 
EP, 12, 2026082918, 03, AVNO, 156, 176N, 1521W,  68,  976, XX,  34, NEQ,   86,   57,   66,   85, 1008,  187,  24,   0,   0, 
EP, 12, 2026082918, 03, AVNO, 156, 176N, 1521W,  68,  976, XX,  50, NEQ,   42,   38,   36,   45, 1008,  187,  24,   0,   0, 
EP, 12, 2026082918, 03, AVNO, 156, 176N, 1521W,  68,  976, XX,  64, NEQ,   27,    0,    0,   25, 1008,  187,  24,   0,   0, 
EP, 12, 2026082918, 03, AVNO, 162, 177N, 1526W,  64,  974, XX,  34, NEQ,   82,   63,   69,   80, 1006,  126,  18,   0,   0, 
EP, 12, 2026082918, 03, AVNO, 162, 177N, 1526W,  64,  974, XX,  50, NEQ,   46,   36,   41,   40, 1006,  126,  18,   0,   0, 
EP, 12, 2026082918, 03, AVNO, 162, 177N, 1526W,  64,  974, XX,  64, NEQ,   19,    0,    0,    0, 1006,  126,  18,   0,   0, 
EP, 12, 2026082918, 03, AVNO, 168, 180N, 1529W,  66,  975, XX,  34, NEQ,   82,   65,   80,   74, 1007,  119,  24,   0,   0, 
EP, 12, 2026082918, 03, AVNO, 168, 180N, 1529W,  66,  975, XX,  50, NEQ,   47,   39,   44,   44, 1007,  119,  24,   0,   0, 
EP, 12, 2026082918, 03, AVNO, 168, 180N, 1529W,  66,  975, XX,  64, NEQ,    0,   20,   27,   25, 1007,  119,  24,   0,   0, 
EP, 12, 2026082918, 03, AVNO, 174, 185N, 1532W,  67,  973, XX,  34, NEQ,   87,   67,   64,   77,  989,   30,  23,   0,   0, 
EP, 12, 2026082918, 03, AVNO, 174, 185N, 1532W,  67,  973, XX,  50, NEQ,   43,   41,   38,   47,  989,   30,  23,   0,   0, 
EP, 12, 2026082918, 03, AVNO, 174, 185N, 1532W,  67,  973, XX,  64, NEQ,    0,    0,    0,   30,  989,   30,  23,   0,   0, 
EP, 12, 2026082918, 03, AVNO, 180, 188N, 1535W,  69,  975, XX,  34, NEQ,   91,   66,   71,   77, 1007,  164,  23,   0,   0, 
EP, 12, 2026082918, 03, AVNO, 180, 188N, 1535W,  69,  975, XX,  50, NEQ,   43,   43,   38,   43, 1007,  164,  23,   0,   0, 
EP, 12, 2026082918, 03, AVNO, 180, 188N, 1535W,  69,  975, XX,  64, NEQ,    0,    0,   31,   22, 1007,  164,  23,   0,   0, 
EP, 12, 2026082918, 03, AVNO, 186, 192N, 1537W,  65,  977, XX,  34, NEQ,   83,   68,   61,   78, 1005,   69,  21,   0,   0, 
EP, 12, 2026082918, 03, AVNO, 186, 192N, 1537W,  65,  977, XX,  50, NEQ,   39,   46,   44,   40, 1005,   69,  21,   0,   0, 
EP, 12, 2026082918, 03, AVNO, 186, 192N, 1537W,  65,  977, XX,  64, NEQ,   23,   32,    0,    0, 1005,   69,  21,   0,   0, 
EP, 12, 2026082918, 03, AVNO, 192, 197N, 1541W,  67,  981, XX,  34, NEQ,   79,   62,   47,   66,  997,   32,  22,   0,   0, 
EP, 12, 2026082918, 03, AVNO, 192, 197N, 1541W,  67,  981, XX,  50, NEQ,   41,   38,   34,   35,  997,   32,  22,   0,   0, 
EP, 12, 2026082918, 03, AVNO, 192, 197N, 1541W,  67,  981, XX,  64, NEQ,   23,   26,    0,    0,  997,   32,  22,   0,   0, 
EP, 12, 2026082918, 03, AVNO, 198, 204N, 1549W,  66,  986, XX,  34, NEQ,   72,   50,   26,   70, 1006,  112,  24,   0,   0, 
EP, 12, 2026082918, 03, AVNO, 198, 204N, 1549W,  66,  986, XX,  50, NEQ,   38,   23,    0,   31, 1006,  112,  24,   0,   0, 
EP, 12, 2026082918, 03, AVNO, 198, 204N, 1549W,  66,  986, XX,  64, NEQ,   25,    0,    0,   25, 1006,  112,  24,   0,   0, 
EP, 12, 2026082918, 03, AVNO, 204, 203N, 1560W,  44,  997, XX,  34, NEQ,   50,   41,    0,   71, 1009,  241,  28,   0,   0, 
EP, 12, 2026082918, 03, AVNO, 210, 200N, 1573W,  35, 1002, XX,  34, NEQ,   36,    0,    0,   72, 1006,   70,  31,   0,   0, 
EP, 12, 2026082918, 03, AVNO, 216, 197N, 1579W,  31, 1004, XX,  34, NEQ,    0,    0,    0,    0, 1008,  101,  96,   0,   0, 
EP, 12, 2026082918, 03, AVNO, 222, 193N, 1586W,  29, 1003, XX,  34, NEQ,    0,    0,    0,    0,  -99,  -99,  58,   0,   0, 
EP, 12, 2026082918, 03, AVNO, 228, 191N, 1591W,  30, 1004, XX,  34, NEQ,    0,    0,    0,    0, 1008,  188,  55,   0,   0, 
EP, 12, 2026082918, 03, AVNO, 234, 187N, 1598W,  25, 1004, XX,  34, NEQ,    0,    0,    0,    0,  -99,  -99,  54,   0,   0, 
EP, 12, 2026082918, 03, AVNO, 240, 184N, 1601W,  23, 1005, XX,  34, NEQ,    0,    0,    0,    0,  -99,  -99,  82,   0,   0, 
EP, 12, 2026082918, 03, HCCA,   0, 131N, 1364W,  40,    0,   ,   0,    ,    0,    0,    0,    0, 
EP, 12, 2026082918, 03, HCCA,  12, 131N, 1389W,  43,    0,   ,   0,    ,    0,    0,    0,    0, 
EP, 12, 2026082918, 03, HCCA,  24, 130N, 1415W,  49,    0,   ,   0,    ,    0,    0,    0,    0, 
EP, 12, 2026082918, 03, HCCA,  36, 129N, 1435W,  53,    0,   ,   0,    ,    0,    0,    0,    0, 
EP, 12, 2026082918, 03, HCCA,  48, 131N, 1454W,  62,    0,   ,   0,    ,    0,    0,    0,    0, 
EP, 12, 2026082918, 03, HCCA,  60, 134N, 1474W,  76,    0,   ,   0,    ,    0,    0,    0,    0, 
EP, 12, 2026082918, 03, HCCA,  72, 136N, 1492W,  90,    0,   ,   0,    ,    0,    0,    0,    0, 
EP, 12, 2026082918, 03, HCCA,  84, 138N, 1508W,  99,    0,   ,   0,    ,    0,    0,    0,    0, 
EP, 12, 2026082918, 03, HCCA,  96, 141N, 1527W, 108,    0,   ,   0,    ,    0,    0,    0,    0, 
EP, 12, 2026082918, 03, HCCA, 108, 144N, 1548W, 126,    0,   ,   0,    ,    0,    0,    0,    0, 
EP, 12, 2026082918, 03, HCCA, 120, 148N, 1560W, 135,    0,   ,   0,    ,    0,    0,    0,    0, 
EP, 12, 2026082918, 03, HCCA, 132, 153N, 1569W, 144,    0,   ,   0,    ,    0,    0,    0,    0, 
EP, 12, 2026082918, 03, HCCA, 144, 157N, 1575W, 150,    0,   ,   0,    ,    0,    0,    0,    0, 
EP, 12, 2026082918, 03, HCCA, 156, 162N, 1577W, 157,    0,   ,   0,    ,    0,    0,    0,    0, 
EP, 12, 2026082918, 03, HCCA, 168, 165N, 1579W, 164,    0,   ,   0,    ,    0,    0,    0,    0, 
EP, 12, 2026082918, 03, HFSA,   0, 131N, 1364W,  43, 1001, XX,  34, NEQ,   36,   53,   71,  100, 1005,   49,  38,   0,   0,    ,   0,    , 280,  10,           ,  ,  0,    ,    0,    0,    0,    0, THERMO PARAMS, 151, -368, 343, N, 10, DT, -999, SHR82, -99, 
EP, 12, 2026082918, 03, HFSA,   6, 128N, 1379W,  63,  992, XX,  34, NEQ,   39,   40,   45,   70,  996,    8,  16,   0,   0,    ,   0,    , 268,  11,           ,  ,  0,    ,    0,    0,    0,    0, THERMO PARAMS, 112, 72, 688, N, 10, DT, -999, SHR82, -99, 
EP, 12, 2026082918, 03, HFSA,   6, 128N, 1379W,  63,  992, XX,  50, NEQ,   11,   19,   32,    0,  996,    8,  16,   0,   0,    ,   0,    , 268,  11,           ,  ,  0,    ,    0,    0,    0,    0, THERMO PARAMS, 112, 72, 688, N, 10, DT, -999, SHR82, -99, 
EP, 12, 2026082918, 03, HFSA,  12, 127N, 1392W,  57,  993, XX,  34, NEQ,   45,   40,   58,   76, 1001,   19,  17,   0,   0,    ,   0,    , 265,   9,           ,  ,  0,    ,    0,    0,    0,    0, THERMO PARAMS, 61, 582, 406, N, 10, DT, -999, SHR82, -99, 
EP, 12, 2026082918, 03, HFSA,  12, 127N, 1392W,  57,  993, XX,  50, NEQ,   21,   21,    0,    0, 1001,   19,  17,   0,   0,    ,   0,    , 265,   9,           ,  ,  0,    ,    0,    0,    0,    0, THERMO PARAMS, 61, 582, 406, N, 10, DT, -999, SHR82, -99, 
EP, 12, 2026082918, 03, HFSA,  18, 127N, 1401W,  54,  991, XX,  34, NEQ,   40,   52,   62,   45, 1003,   42,  15,   0,   0,    ,   0,    , 272,   6,           ,  ,  0,    ,    0,    0,    0,    0, THERMO PARAMS, 39, 869, 315, N, 10, DT, -999, SHR82, -99, 
EP, 12, 2026082918, 03, HFSA,  18, 127N, 1401W,  54,  991, XX,  50, NEQ,   15,   21,    0,    0, 1003,   42,  15,   0,   0,    ,   0,    , 272,   6,           ,  ,  0,    ,    0,    0,    0,    0, THERMO PARAMS, 39, 869, 315, N, 10, DT, -999, SHR82, -99, 
EP, 12, 2026082918, 03, HFSA,  24, 128N, 1409W,  53,  992, XX,  34, NEQ,   58,   53,   44,   49, 1000,   23,  25,   0,   0,    ,   0,    , 282,   6,           ,  ,  0,    ,    0,    0,    0,    0, THERMO PARAMS, 49, 397, 974, N, 10, DT, -999, SHR82, -99, 
EP, 12, 2026082918, 03, HFSA,  24, 128N, 1409W,  53,  992, XX,  50, NEQ,    0,   26,    0,    0, 1000,   23,  25,   0,   0,    ,   0,    , 282,   6,           ,  ,  0,    ,    0,    0,    0,    0, THERMO PARAMS, 49, 397, 974, N, 10, DT, -999, SHR82, -99, 
EP, 12, 2026082918, 03, HFSA,  30, 130N, 1418W,  57,  988, XX,  34, NEQ,   83,   39,   40,   65,  992,   17,  22,   0,   0,    ,   0,    , 281,   8,           ,  ,  0,    ,    0,    0,    0,    0, THERMO PARAMS, 33, 227, 1119, N, 10, DT, -999, SHR82, -99, 
EP, 12, 2026082918, 03, HFSA,  30, 130N, 1418W,  57,  988, XX,  50, NEQ,   24,   23,    0,   18,  992,   17,  22,   0,   0,    ,   0,    , 281,   8,           ,  ,  0,    ,    0,    0,    0,    0, THERMO PARAMS, 33, 227, 1119, N, 10, DT, -999, SHR82, -99, 
EP, 12, 2026082918, 03, HFSA,  36, 131N, 1429W,  54,  990, XX,  34, NEQ,   68,   50,   58,   94,  994,   13,  18,   0,   0,    ,   0,    , 278,   8,           ,  ,  0,    ,    0,    0,    0,    0, THERMO PARAMS, 23, 478, 1074, N, 10, DT, -999, SHR82, -99, 
EP, 12, 2026082918, 03, HFSA,  36, 131N, 1429W,  54,  990, XX,  50, NEQ,   26,   23,   18,   24,  994,   13,  18,   0,   0,    ,   0,    , 278,   8,           ,  ,  0,    ,    0,    0,    0,    0, THERMO PARAMS, 23, 478, 1074, N, 10, DT, -999, SHR82, -99, 
EP, 12, 2026082918, 03, HFSA,  42, 134N, 1440W,  58,  984, XX,  34, NEQ,   79,   58,   62,   84, 1000,   38,  16,   0,   0,    ,   0,    , 282,   8,           ,  ,  0,    ,    0,    0,    0,    0, THERMO PARAMS, 6, 1216, 1114, N, 10, DT, -999, SHR82, -99, 
EP, 12, 2026082918, 03, HFSA,  42, 134N, 1440W,  58,  984, XX,  50, NEQ,   28,   23,   26,   31, 1000,   38,  16,   0,   0,    ,   0,    , 282,   8,           ,  ,  0,    ,    0,    0,    0,    0, THERMO PARAMS, 6, 1216, 1114, N, 10, DT, -999, SHR82, -99, 
EP, 12, 2026082918, 03, HFSA,  48, 135N, 1449W,  70,  979, XX,  34, NEQ,   86,   55,   73,   86, 1003,   49,  17,   0,   0,    ,   0,    , 279,   8,           ,  ,  0,    ,    0,    0,    0,    0, THERMO PARAMS, 13, 1468, 1234, N, 10, DT, -999, SHR82, -99, 
EP, 12, 2026082918, 03, HFSA,  48, 135N, 1449W,  70,  979, XX,  50, NEQ,   32,   23,   29,   34, 1003,   49,  17,   0,   0,    ,   0,    , 279,   8,           ,  ,  0,    ,    0,    0,    0,    0, THERMO PARAMS, 13, 1468, 1234, N, 10, DT, -999, SHR82, -99, 
EP, 12, 2026082918, 03, HFSA,  48, 135N, 1449W,  70,  979, XX,  64, NEQ,   19,   15,   15,   19, 1003,   49,  17,   0,   0,    ,   0,    , 279,   8,           ,  ,  0,    ,    0,    0,    0,    0, THERMO PARAMS, 13, 1468, 1234, N, 10, DT, -999, SHR82, -99, 
EP, 12, 2026082918, 03, HFSA,  54, 137N, 1458W,  95,  964, XX,  34, NEQ,   89,   63,   68,   97, 1000,   51,  13,   0,   0,    ,   0,    , 286,   7,           ,  ,  0,    ,    0,    0,    0,    0, THERMO PARAMS, 13, 1975, 1852, N, 10, DT, -999, SHR82, -99, 
EP, 12, 2026082918, 03, HFSA,  54, 137N, 1458W,  95,  964, XX,  50, NEQ,   37,   31,   32,   36, 1000,   51,  13,   0,   0,    ,   0,    , 286,   7,           ,  ,  0,    ,    0,    0,    0,    0, THERMO PARAMS, 13, 1975, 1852, N, 10, DT, -999, SHR82, -99, 
EP, 12, 2026082918, 03, HFSA,  54, 137N, 1458W,  95,  964, XX,  64, NEQ,   23,   24,   24,   24, 1000,   51,  13,   0,   0,    ,   0,    , 286,   7,           ,  ,  0,    ,    0,    0,    0,    0, THERMO PARAMS, 13, 1975, 1852, N, 10, DT, -999, SHR82, -99, 
EP, 12, 2026082918, 03, HFSA,  60, 139N, 1466W, 105,  963, XX,  34, NEQ,   87,   70,   68,   86,  999,   40,  13,   0,   0,    ,   0,    , 277,   6,           ,  ,  0,    ,    0,    0,    0,    0, THERMO PARAMS, 6, 1344, 2294, N, 10, DT, -999, SHR82, -99, 
EP, 12, 2026082918, 03, HFSA,  60, 139N, 1466W, 105,  963, XX,  50, NEQ,   44,   39,   39,   45,  999,   40,  13,   0,   0,    ,   0,    , 277,   6,           ,  ,  0,    ,    0,    0,    0,    0, THERMO PARAMS, 6, 1344, 2294, N, 10, DT, -999, SHR82, -99, 
EP, 12, 2026082918, 03, HFSA,  60, 139N, 1466W, 105,  963, XX,  64, NEQ,   28,   24,   26,   28,  999,   40,  13,   0,   0,    ,   0,    , 277,   6,           ,  ,  0,    ,    0,    0,    0,    0, THERMO PARAMS, 6, 1344, 2294, N, 10, DT, -999, SHR82, -99, 
EP, 12, 2026082918, 03, HFSA,  66, 141N, 1474W, 107,  959, XX,  34, NEQ,   99,   79,   68,   83,  983,   22,  14,   0,   0,    ,   0,    , 292,   6,           ,  ,  0,    ,    0,    0,    0,    0, THERMO PARAMS, 26, 1441, 2415, N, 10, DT, -999, SHR82, -99, 
EP, 12, 2026082918, 03, HFSA,  66, 141N, 1474W, 107,  959, XX,  50, NEQ,   42,   37,   39,   42,  983,   22,  14,   0,   0,    ,   0,    , 292,   6,           ,  ,  0,    ,    0,    0,    0,    0, THERMO PARAMS, 26, 1441, 2415, N, 10, DT, -999, SHR82, -99, 
EP, 12, 2026082918, 03, HFSA,  66, 141N, 1474W, 107,  959, XX,  64, NEQ,   29,   28,   28,   28,  983,   22,  14,   0,   0,    ,   0,    , 292,   6,           ,  ,  0,    ,    0,    0,    0,    0, THERMO PARAMS, 26, 1441, 2415, N, 10, DT, -999, SHR82, -99, 
EP, 12, 2026082918, 03, HFSA,  72, 143N, 1482W, 105,  959, XX,  34, NEQ,  102,   76,   74,   96,  999,   44,  14,   0,   0,    ,   0,    , 285,   7,           ,  ,  0,    ,    0,    0,    0,    0, THERMO PARAMS, -14, 1416, 2421, N, 10, DT, -999, SHR82, -99, 
EP, 12, 2026082918, 03, HFSA,  72, 143N, 1482W, 105,  959, XX,  50, NEQ,   45,   44,   39,   42,  999,   44,  14,   0,   0,    ,   0,    , 285,   7,           ,  ,  0,    ,    0,    0,    0,    0, THERMO PARAMS, -14, 1416, 2421, N, 10, DT, -999, SHR82, -99, 
EP, 12, 2026082918, 03, HFSA,  72, 143N, 1482W, 105,  959, XX,  64, NEQ,   31,   29,   26,   29,  999,   44,  14,   0,   0,    ,   0,    , 285,   7,           ,  ,  0,    ,    0,    0,    0,    0, THERMO PARAMS, -14, 1416, 2421, N, 10, DT, -999, SHR82, -99, 
EP, 12, 2026082918, 03, HFSA,  78, 146N, 1491W, 122,  949, XX,  34, NEQ,  100,   73,   76,  107,  997,   45,  15,   0,   0,    ,   0,    , 296,   7,           ,  ,  0,    ,    0,    0,    0,    0, THERMO PARAMS, -20, 1989, 2835, N, 10, DT, -999, SHR82, -99, 
EP, 12, 2026082918, 03, HFSA,  78, 146N, 1491W, 122,  949, XX,  50, NEQ,   53,   44,   42,   49,  997,   45,  15,   0,   0,    ,   0,    , 296,   7,           ,  ,  0,    ,    0,    0,    0,    0, THERMO PARAMS, -20, 1989, 2835, N, 10, DT, -999, SHR82, -99, 
EP, 12, 2026082918, 03, HFSA,  78, 146N, 1491W, 122,  949, XX,  64, NEQ,   32,   29,   29,   31,  997,   45,  15,   0,   0,    ,   0,    , 296,   7,           ,  ,  0,    ,    0,    0,    0,    0, THERMO PARAMS, -20, 1989, 2835, N, 10, DT, -999, SHR82, -99, 
EP, 12, 2026082918, 03, HFSA,  84, 148N, 1499W, 119,  947, XX,  34, NEQ,   99,   74,   70,  120, 1007,  120,  13,   0,   0,    ,   0,    , 286,   7,           ,  ,  0,    ,    0,    0,    0,    0, THERMO PARAMS, -23, 1844, 3091, N, 10, DT, -999, SHR82, -99, 
EP, 12, 2026082918, 03, HFSA,  84, 148N, 1499W, 119,  947, XX,  50, NEQ,   52,   40,   39,   49, 1007,  120,  13,   0,   0,    ,   0,    , 286,   7,           ,  ,  0,    ,    0,    0,    0,    0, THERMO PARAMS, -23, 1844, 3091, N, 10, DT, -999, SHR82, -99, 
EP, 12, 2026082918, 03, HFSA,  84, 148N, 1499W, 119,  947, XX,  64, NEQ,   36,   29,   31,   36, 1007,  120,  13,   0,   0,    ,   0,    , 286,   7,           ,  ,  0,    ,    0,    0,    0,    0, THERMO PARAMS, -23, 1844, 3091, N, 10, DT, -999, SHR82, -99, 
EP, 12, 2026082918, 03, HFSA,  90, 150N, 1507W, 119,  948, XX,  34, NEQ,  110,   89,   66,   99, 1000,   59,  15,   0,   0,    ,   0,    , 296,   7,           ,  ,  0,    ,    0,    0,    0,    0, THERMO PARAMS, -36, 1673, 3093, N, 10, DT, -999, SHR82, -99, 
EP, 12, 2026082918, 03, HFSA,  90, 150N, 1507W, 119,  948, XX,  50, NEQ,   55,   40,   40,   49, 1000,   59,  15,   0,   0,    ,   0,    , 296,   7,           ,  ,  0,    ,    0,    0,    0,    0, THERMO PARAMS, -36, 1673, 3093, N, 10, DT, -999, SHR82, -99, 
EP, 12, 2026082918, 03, HFSA,  90, 150N, 1507W, 119,  948, XX,  64, NEQ,   36,   29,   31,   37, 1000,   59,  15,   0,   0,    ,   0,    , 296,   7,           ,  ,  0,    ,    0,    0,    0,    0, THERMO PARAMS, -36, 1673, 3093, N, 10, DT, -999, SHR82, -99, 
EP, 12, 2026082918, 03, HFSA,  96, 154N, 1515W, 124,  946, XX,  34, NEQ,  113,   78,   71,  117,  998,   45,  15,   0,   0,    ,   0,    , 294,   8,           ,  ,  0,    ,    0,    0,    0,    0, THERMO PARAMS, -55, 2157, 3252, N, 10, DT, -999, SHR82, -99, 
EP, 12, 2026082918, 03, HFSA,  96, 154N, 1515W, 124,  946, XX,  50, NEQ,   62,   45,   42,   53,  998,   45,  15,   0,   0,    ,   0,    , 294,   8,           ,  ,  0,    ,    0,    0,    0,    0, THERMO PARAMS, -55, 2157, 3252, N, 10, DT, -999, SHR82, -99, 
EP, 12, 2026082918, 03, HFSA,  96, 154N, 1515W, 124,  946, XX,  64, NEQ,   39,   34,   29,   37,  998,   45,  15,   0,   0,    ,   0,    , 294,   8,           ,  ,  0,    ,    0,    0,    0,    0, THERMO PARAMS, -55, 2157, 3252, N, 10, DT, -999, SHR82, -99, 
EP, 12, 2026082918, 03, HFSA, 102, 159N, 1524W, 128,  944, XX,  34, NEQ,  121,   84,   71,  117, 1000,   57,  16,   0,   0,    ,   0,    , 298,   8,           ,  ,  0,    ,    0,    0,    0,    0, THERMO PARAMS, -50, 2009, 3240, N, 10, DT, -999, SHR82, -99, 
EP, 12, 2026082918, 03, HFSA, 102, 159N, 1524W, 128,  944, XX,  50, NEQ,   57,   47,   40,   57, 1000,   57,  16,   0,   0,    ,   0,    , 298,   8,           ,  ,  0,    ,    0,    0,    0,    0, THERMO PARAMS, -50, 2009, 3240, N, 10, DT, -999, SHR82, -99, 
EP, 12, 2026082918, 03, HFSA, 102, 159N, 1524W, 128,  944, XX,  64, NEQ,   40,   32,   31,   40, 1000,   57,  16,   0,   0,    ,   0,    , 298,   8,           ,  ,  0,    ,    0,    0,    0,    0, THERMO PARAMS, -50, 2009, 3240, N, 10, DT, -999, SHR82, -99, 
EP, 12, 2026082918, 03, HFSA, 108, 163N, 1532W, 122,  945, XX,  34, NEQ,  120,   79,   76,  117, 1005,   76,  15,   0,   0,    ,   0,    , 294,   8,           ,  ,  0,    ,    0,    0,    0,    0, THERMO PARAMS, -81, 2405, 3235, N, 10, DT, -999, SHR82, -99, 
EP, 12, 2026082918, 03, HFSA, 108, 163N, 1532W, 122,  945, XX,  50, NEQ,   55,   47,   42,   55, 1005,   76,  15,   0,   0,    ,   0,    , 294,   8,           ,  ,  0,    ,    0,    0,    0,    0, THERMO PARAMS, -81, 2405, 3235, N, 10, DT, -999, SHR82, -99, 
EP, 12, 2026082918, 03, HFSA, 108, 163N, 1532W, 122,  945, XX,  64, NEQ,   37,   37,   32,   37, 1005,   76,  15,   0,   0,    ,   0,    , 294,   8,           ,  ,  0,    ,    0,    0,    0,    0, THERMO PARAMS, -81, 2405, 3235, N, 10, DT, -999, SHR82, -99, 
EP, 12, 2026082918, 03, HFSA, 114, 166N, 1540W, 119,  948, XX,  34, NEQ,  118,   83,   78,  118,  996,   43,  16,   0,   0,    ,   0,    , 305,   7,           ,  ,  0,    ,    0,    0,    0,    0, THERMO PARAMS, -72, 2133, 3074, N, 10, DT, -999, SHR82, -99, 
EP, 12, 2026082918, 03, HFSA, 114, 166N, 1540W, 119,  948, XX,  50, NEQ,   57,   45,   47,   57,  996,   43,  16,   0,   0,    ,   0,    , 305,   7,           ,  ,  0,    ,    0,    0,    0,    0, THERMO PARAMS, -72, 2133, 3074, N, 10, DT, -999, SHR82, -99, 
EP, 12, 2026082918, 03, HFSA, 114, 166N, 1540W, 119,  948, XX,  64, NEQ,   42,   34,   34,   40,  996,   43,  16,   0,   0,    ,   0,    , 305,   7,           ,  ,  0,    ,    0,    0,    0,    0, THERMO PARAMS, -72, 2133, 3074, N, 10, DT, -999, SHR82, -99, 
EP, 12, 2026082918, 03, HFSA, 120, 171N, 1546W, 120,  950, XX,  34, NEQ,  118,   78,   96,  125, 1002,   58,  16,   0,   0,    ,   0,    , 305,   6,           ,  ,  0,    ,    0,    0,    0,    0, THERMO PARAMS, -47, 1951, 2989, N, 10, DT, -999, SHR82, -99, 
EP, 12, 2026082918, 03, HFSA, 120, 171N, 1546W, 120,  950, XX,  50, NEQ,   68,   49,   47,   65, 1002,   58,  16,   0,   0,    ,   0,    , 305,   6,           ,  ,  0,    ,    0,    0,    0,    0, THERMO PARAMS, -47, 1951, 2989, N, 10, DT, -999, SHR82, -99, 
EP, 12, 2026082918, 03, HFSA, 120, 171N, 1546W, 120,  950, XX,  64, NEQ,   42,   31,   34,   42, 1002,   58,  16,   0,   0,    ,   0,    , 305,   6,           ,  ,  0,    ,    0,    0,    0,    0, THERMO PARAMS, -47, 1951, 2989, N, 10, DT, -999, SHR82, -99, 
EP, 12, 2026082918, 03, HFSA, 126, 175N, 1551W, 111,  952, XX,  34, NEQ,  130,   74,   78,  160,  988,   32,  16,   0,   0,    ,   0,    , -99, -99,           ,  ,  0,    ,    0,    0,    0,    0, THERMO PARAMS, -39, 1946, 2930, N, 10, DT, -999, SHR82, -99, 
EP, 12, 2026082918, 03, HFSA, 126, 175N, 1551W, 111,  952, XX,  50, NEQ,   63,   45,   49,   62,  988,   32,  16,   0,   0,    ,   0,    , -99, -99,           ,  ,  0,    ,    0,    0,    0,    0, THERMO PARAMS, -39, 1946, 2930, N, 10, DT, -999, SHR82, -99, 
EP, 12, 2026082918, 03, HFSA, 126, 175N, 1551W, 111,  952, XX,  64, NEQ,   36,   32,   36,   45,  988,   32,  16,   0,   0,    ,   0,    , -99, -99,           ,  ,  0,    ,    0,    0,    0,    0, THERMO PARAMS, -39, 1946, 2930, N, 10, DT, -999, SHR82, -99, 
EP, 12, 2026082918, 03, TVCN,   0, 131N, 1364W,   0,    0,   ,   0,    ,    0,    0,    0,    0, 
EP, 12, 2026082918, 03, TVCN,  12, 131N, 1385W,   0,    0,   ,   0,    ,    0,    0,    0,    0, 
EP, 12, 2026082918, 03, TVCN,  24, 131N, 1405W,   0,    0,   ,   0,    ,    0,    0,    0,    0, 
EP, 12, 2026082918, 03, TVCN,  36, 131N, 1424W,   0,    0,   ,   0,    ,    0,    0,    0,    0, 
EP, 12, 2026082918, 03, TVCN,  48, 133N, 1440W,   0,    0,   ,   0,    ,    0,    0,    0,    0, 
EP, 12, 2026082918, 03, TVCN,  60, 136N, 1456W,   0,    0,   ,   0,    ,    0,    0,    0,    0, 
EP, 12, 2026082918, 03, TVCN,  72, 138N, 1470W,   0,    0,   ,   0,    ,    0,    0,    0,    0, 
EP, 12, 2026082918, 03, TVCN,  84, 141N, 1483W,   0,    0,   ,   0,    ,    0,    0,    0,    0, 
EP, 12, 2026082918, 03, TVCN,  96, 144N, 1496W,   0,    0,   ,   0,    ,    0,    0,    0,    0, 
EP, 12, 2026082918, 03, TVCN, 108, 148N, 1508W,   0,    0,   ,   0,    ,    0,    0,    0,    0, 
EP, 12, 2026082918, 03, TVCN, 120, 152N, 1518W,   0,    0,   ,   0,    ,    0,    0,    0,    0, 
EP, 12, 2026082918, 03, TVCN, 132, 157N, 1528W,   0,    0,   ,   0,    ,    0,    0,    0,    0, 
EP, 12, 2026082918, 03, TVCN, 144, 152N, 1543W,   0,    0,   ,   0,    ,    0,    0,    0,    0, 
EP, 12, 2026082918, 03, TVCN, 156, 155N, 1552W,   0,    0,   ,   0,    ,    0,    0,    0,    0, 
EP, 12, 2026082918, 03, TVCN, 168, 159N, 1562W,   0,    0,   ,   0,    ,    0,    0,    0,    0, 
EP, 12, 2026083000, 03,  UKX,   0, 127N, 1375W,  25, 1004, XX,  34, NEQ,    0,    0,    0,    0, 
EP, 12, 2026083000, 03,  UKX,   6, 127N, 1387W,  26, 1006, XX,  34, NEQ,    0,    0,    0,    0, 
EP, 12, 2026083000, 03,  UKX,  12, 127N, 1397W,  28, 1004, XX,  34, NEQ,    0,    0,    0,    0, 
EP, 12, 2026083000, 03,  UKX,  18, 128N, 1411W,  29, 1006, XX,  34, NEQ,    0,    0,    0,    0, 
EP, 12, 2026083000, 03,  UKX,  24, 128N, 1422W,  26, 1004, XX,  34, NEQ,    0,    0,    0,    0, 
EP, 12, 2026083000, 03,  UKX,  30, 126N, 1432W,  27, 1006, XX,  34, NEQ,    0,    0,    0,    0, 
EP, 12, 2026083000, 03,  UKX,  36, 127N, 1442W,  29, 1003, XX,  34, NEQ,    0,    0,    0,    0, 
EP, 12, 2026083000, 03,  UKX,  42, 128N, 1453W,  32, 1004, XX,  34, NEQ,    0,    0,    0,    0, 
EP, 12, 2026083000, 03,  UKX,  48, 129N, 1463W,  32, 1002, XX,  34, NEQ,    0,    0,    0,    0, 
EP, 12, 2026083000, 03,  UKX,  54, 129N, 1472W,  32, 1003, XX,  34, NEQ,    0,    0,    0,    0, 
EP, 12, 2026083000, 03,  UKX,  60, 130N, 1482W,  33, 1000, XX,  34, NEQ,    0,    0,    0,    0, 
EP, 12, 2026083000, 03,  UKX,  66, 131N, 1491W,  35, 1001, XX,  34, NEQ,   43,    0,    0,   42, 
EP, 12, 2026083000, 03,  UKX,  72, 130N, 1500W,  35,  998, XX,  34, NEQ,    0,    0,    0,   42, 
EP, 12, 2026083000, 03,  UKX,  78, 130N, 1506W,  38,  999, XX,  34, NEQ,   76,    0,   37,   62, 
EP, 12, 2026083000, 03,  UKX,  84, 132N, 1514W,  39,  997, XX,  34, NEQ,   81,    0,    0,   65, 
EP, 12, 2026083000, 03,  UKX,  90, 134N, 1522W,  40,  997, XX,  34, NEQ,   98,   42,    0,   84, 
EP, 12, 2026083000, 03,  UKX,  96, 136N, 1531W,  42,  995, XX,  34, NEQ,  114,   39,   53,  104, 
EP, 12, 2026083000, 03,  UKX, 102, 138N, 1540W,  45,  995, XX,  34, NEQ,  127,   60,   48,  135, 
EP, 12, 2026083000, 03,  UKX, 108, 139N, 1549W,  47,  993, XX,  34, NEQ,  128,   67,   65,  137, 
EP, 12, 2026083000, 03,  UKX, 114, 141N, 1555W,  46,  994, XX,  34, NEQ,  132,   76,   76,  152, 
EP, 12, 2026083000, 03,  UKX, 120, 143N, 1561W,  47,  992, XX,  34, NEQ,  133,   74,   81,  132, 
EP, 12, 2026083000, 03,  UKX, 126, 144N, 1568W,  49,  992, XX,  34, NEQ,  143,   80,   86,  125, 
EP, 12, 2026083000, 03,  UKX, 132, 146N, 1574W,  48,  990, XX,  34, NEQ,  133,   83,   84,  121, 
EP, 12, 2026083000, 03,  UKX, 138, 146N, 1579W,  48,  991, XX,  34, NEQ,  118,   83,   86,  137, 
EP, 12, 2026083000, 03,  UKX, 144, 148N, 1584W,  49,  988, XX,  34, NEQ,  111,   83,   86,  118, 
EP, 12, 2026083000, 03, AVNO,   0, 125N, 1376W,  34, 1001, XX,  34, NEQ,    0,   26,    0,    0, 1005,   79,  25,   0,   0, 
EP, 12, 2026083000, 03, AVNO,   6, 125N, 1388W,  37, 1004, XX,  34, NEQ,    0,   29,    0,    0, 1008,   57,  21,   0,   0, 
EP, 12, 2026083000, 03, AVNO,  12, 125N, 1395W,  31, 1001, XX,  34, NEQ,    0,    0,    0,    0, 1005,   53,  41,   0,   0, 
EP, 12, 2026083000, 03, AVNO,  18, 126N, 1403W,  30, 1004, XX,  34, NEQ,    0,    0,    0,    0, 1008,   49,  48,   0,   0, 
EP, 12, 2026083000, 03, AVNO,  24, 128N, 1415W,  31,  999, XX,  34, NEQ,    0,    0,    0,    0, 1007,  115,  27,   0,   0, 
EP, 12, 2026083000, 03, AVNO,  30, 129N, 1421W,  34,  999, XX,  34, NEQ,    0,    0,    0,    0, 1007,   57,  25,   0,   0, 
EP, 12, 2026083000, 03, AVNO,  36, 131N, 1430W,  39,  995, XX,  34, NEQ,   44,   28,    0,   44, 1007,   90,  20,   0,   0, 
EP, 12, 2026083000, 03, AVNO,  42, 132N, 1439W,  47,  991, XX,  34, NEQ,   38,   30,   37,   49, 1011,  248,  21,   0,   0, 
EP, 12, 2026083000, 03, AVNO,  48, 134N, 1446W,  60,  984, XX,  34, NEQ,   49,   31,   40,   50, 1008,  188,  14,   0,   0, 
EP, 12, 2026083000, 03, AVNO,  48, 134N, 1446W,  60,  984, XX,  50, NEQ,   23,    0,   21,   22, 1008,  188,  14,   0,   0, 
EP, 12, 2026083000, 03, AVNO,  54, 136N, 1454W,  61,  980, XX,  34, NEQ,   59,   38,   52,   59, 1008,   88,  12,   0,   0, 
EP, 12, 2026083000, 03, AVNO,  54, 136N, 1454W,  61,  980, XX,  50, NEQ,   30,   22,   25,   31, 1008,   88,  12,   0,   0, 
EP, 12, 2026083000, 03, AVNO,  60, 137N, 1462W,  73,  971, XX,  34, NEQ,   67,   45,   52,   69,  995,   32,  15,   0,   0, 
EP, 12, 2026083000, 03, AVNO,  60, 137N, 1462W,  73,  971, XX,  50, NEQ,   32,   30,   30,   34,  995,   32,  15,   0,   0, 
EP, 12, 2026083000, 03, AVNO,  60, 137N, 1462W,  73,  971, XX,  64, NEQ,    0,   19,   20,   21,  995,   32,  15,   0,   0, 
EP, 12, 2026083000, 03, AVNO,  66, 136N, 1468W,  72,  968, XX,  34, NEQ,   61,   58,   59,   74,  996,   33,  21,   0,   0, 
EP, 12, 2026083000, 03, AVNO,  66, 136N, 1468W,  72,  968, XX,  50, NEQ,   35,   37,   37,   35,  996,   33,  21,   0,   0, 
EP, 12, 2026083000, 03, AVNO,  66, 136N, 1468W,  72,  968, XX,  64, NEQ,   28,   25,   23,   28,  996,   33,  21,   0,   0, 
EP, 12, 2026083000, 03, AVNO,  72, 136N, 1474W,  73,  967, XX,  34, NEQ,   68,   59,   59,   76,  995,   41,  24,   0,   0, 
EP, 12, 2026083000, 03, AVNO,  72, 136N, 1474W,  73,  967, XX,  50, NEQ,   37,   38,   36,   40,  995,   41,  24,   0,   0, 
EP, 12, 2026083000, 03, AVNO,  72, 136N, 1474W,  73,  967, XX,  64, NEQ,   28,   29,   26,   30,  995,   41,  24,   0,   0, 
EP, 12, 2026083000, 03, AVNO,  78, 138N, 1479W,  87,  964, XX,  34, NEQ,   89,   58,   60,   96,  988,   21,  15,   0,   0, 
EP, 12, 2026083000, 03, AVNO,  78, 138N, 1479W,  87,  964, XX,  50, NEQ,   45,   36,   38,   45,  988,   21,  15,   0,   0, 
EP, 12, 2026083000, 03, AVNO,  78, 138N, 1479W,  87,  964, XX,  64, NEQ,   30,   27,   29,   28,  988,   21,  15,   0,   0, 
EP, 12, 2026083000, 03, AVNO,  84, 140N, 1486W,  83,  961, XX,  34, NEQ,   90,   63,   62,   89,  977,   21,  17,   0,   0, 
EP, 12, 2026083000, 03, AVNO,  84, 140N, 1486W,  83,  961, XX,  50, NEQ,   47,   34,   39,   47,  977,   21,  17,   0,   0, 
EP, 12, 2026083000, 03, AVNO,  84, 140N, 1486W,  83,  961, XX,  64, NEQ,   34,   27,   29,   32,  977,   21,  17,   0,   0, 
EP, 12, 2026083000, 03, AVNO,  90, 143N, 1492W,  82,  961, XX,  34, NEQ,   94,   63,   65,   92,  985,   21,  19,   0,   0, 
EP, 12, 2026083000, 03, AVNO,  90, 143N, 1492W,  82,  961, XX,  50, NEQ,   49,   36,   41,   48,  985,   21,  19,   0,   0, 
EP, 12, 2026083000, 03, AVNO,  90, 143N, 1492W,  82,  961, XX,  64, NEQ,   37,   28,   30,   33,  985,   21,  19,   0,   0, 
EP, 12, 2026083000, 03, AVNO,  96, 146N, 1499W,  81,  964, XX,  34, NEQ,   97,   59,   67,   97,  992,   28,  24,   0,   0, 
EP, 12, 2026083000, 03, AVNO,  96, 146N, 1499W,  81,  964, XX,  50, NEQ,   46,   40,   41,   46,  992,   28,  24,   0,   0, 
EP, 12, 2026083000, 03, AVNO,  96, 146N, 1499W,  81,  964, XX,  64, NEQ,   36,   31,   29,   32,  992,   28,  24,   0,   0, 
EP, 12, 2026083000, 03, AVNO, 102, 150N, 1505W,  78,  965, XX,  34, NEQ,  104,   64,   70,   88,  989,   29,  17,   0,   0, 
EP, 12, 2026083000, 03, AVNO, 102, 150N, 1505W,  78,  965, XX,  50, NEQ,   46,   40,   41,   48,  989,   29,  17,   0,   0, 
EP, 12, 2026083000, 03, AVNO, 102, 150N, 1505W,  78,  965, XX,  64, NEQ,   33,   31,   28,   33,  989,   29,  17,   0,   0, 
EP, 12, 2026083000, 03, AVNO, 108, 154N, 1512W,  80,  968, XX,  34, NEQ,   98,   62,   64,   94,  992,   33,  20,   0,   0, 
EP, 12, 2026083000, 03, AVNO, 108, 154N, 1512W,  80,  968, XX,  50, NEQ,   51,   43,   37,   53,  992,   33,  20,   0,   0, 
EP, 12, 2026083000, 03, AVNO, 108, 154N, 1512W,  80,  968, XX,  64, NEQ,   29,   31,   28,   35,  992,   33,  20,   0,   0, 
EP, 12, 2026083000, 03, AVNO, 114, 158N, 1518W,  75,  970, XX,  34, NEQ,  101,   63,   65,   92,  986,   21,  13,   0,   0, 
EP, 12, 2026083000, 03, AVNO, 114, 158N, 1518W,  75,  970, XX,  50, NEQ,   46,   38,   42,   47,  986,   21,  13,   0,   0, 
EP, 12, 2026083000, 03, AVNO, 114, 158N, 1518W,  75,  970, XX,  64, NEQ,   27,   30,   30,   30,  986,   21,  13,   0,   0, 
EP, 12, 2026083000, 03, AVNO, 120, 162N, 1524W,  79,  968, XX,  34, NEQ,   98,   58,   79,   96, 1004,   72,  20,   0,   0, 
EP, 12, 2026083000, 03, AVNO, 120, 162N, 1524W,  79,  968, XX,  50, NEQ,   50,   39,   39,   50, 1004,   72,  20,   0,   0, 
EP, 12, 2026083000, 03, AVNO, 120, 162N, 1524W,  79,  968, XX,  64, NEQ,   32,   27,   27,   30, 1004,   72,  20,   0,   0, 
EP, 12, 2026083000, 03, AVNO, 126, 164N, 1530W,  73,  971, XX,  34, NEQ,  100,   56,   76,   96, 1007,   90,  20,   0,   0, 
EP, 12, 2026083000, 03, AVNO, 126, 164N, 1530W,  73,  971, XX,  50, NEQ,   52,   34,   44,   47, 1007,   90,  20,   0,   0, 
EP, 12, 2026083000, 03, AVNO, 126, 164N, 1530W,  73,  971, XX,  64, NEQ,   25,   26,   32,   32, 1007,   90,  20,   0,   0, 
EP, 12, 2026083000, 03, AVNO, 132, 167N, 1536W,  70,  973, XX,  34, NEQ,   97,   60,   69,   85, 1005,   90,  22,   0,   0, 
EP, 12, 2026083000, 03, AVNO, 132, 167N, 1536W,  70,  973, XX,  50, NEQ,   45,   39,   39,   51, 1005,   90,  22,   0,   0, 
EP, 12, 2026083000, 03, AVNO, 132, 167N, 1536W,  70,  973, XX,  64, NEQ,   22,    0,   26,   27, 1005,   90,  22,   0,   0, 
EP, 12, 2026083000, 03, AVNO, 138, 168N, 1542W,  65,  975, XX,  34, NEQ,   91,   61,   76,   89,  991,   25,  21,   0,   0, 
EP, 12, 2026083000, 03, AVNO, 138, 168N, 1542W,  65,  975, XX,  50, NEQ,   45,   38,   41,   47,  991,   25,  21,   0,   0, 
EP, 12, 2026083000, 03, AVNO, 138, 168N, 1542W,  65,  975, XX,  64, NEQ,   28,   27,    0,   28,  991,   25,  21,   0,   0, 
EP, 12, 2026083000, 03, AVNO, 144, 171N, 1549W,  70,  976, XX,  34, NEQ,   86,   58,   71,   91, 1004,   76,  24,   0,   0, 
EP, 12, 2026083000, 03, AVNO, 144, 171N, 1549W,  70,  976, XX,  50, NEQ,   43,   37,   38,   47, 1004,   76,  24,   0,   0, 
EP, 12, 2026083000, 03, AVNO, 144, 171N, 1549W,  70,  976, XX,  64, NEQ,   25,   24,   26,   30, 1004,   76,  24,   0,   0, 
EP, 12, 2026083000, 03, AVNO, 150, 175N, 1554W,  67,  978, XX,  34, NEQ,   93,   59,   57,  175, 1006,   95,  19,   0,   0, 
EP, 12, 2026083000, 03, AVNO, 150, 175N, 1554W,  67,  978, XX,  50, NEQ,   41,   33,   39,   52, 1006,   95,  19,   0,   0, 
EP, 12, 2026083000, 03, AVNO, 150, 175N, 1554W,  67,  978, XX,  64, NEQ,    0,   26,    0,   20, 1006,   95,  19,   0,   0, 
EP, 12, 2026083000, 03, AVNO, 156, 178N, 1561W,  70,  980, XX,  34, NEQ,  145,   53,   48,  160, 1004,   86,  20,   0,   0, 
EP, 12, 2026083000, 03, AVNO, 156, 178N, 1561W,  70,  980, XX,  50, NEQ,   42,   35,   28,   34, 1004,   86,  20,   0,   0, 
EP, 12, 2026083000, 03, AVNO, 156, 178N, 1561W,  70,  980, XX,  64, NEQ,    0,   25,    0,    0, 1004,   86,  20,   0,   0, 
EP, 12, 2026083000, 03, AVNO, 162, 185N, 1572W,  57,  987, XX,  34, NEQ,  117,   53,   28,  105, 1007,  127,  15,   0,   0, 
EP, 12, 2026083000, 03, AVNO, 162, 185N, 1572W,  57,  987, XX,  50, NEQ,   39,    0,    0,   22, 1007,  127,  15,   0,   0, 
EP, 12, 2026083000, 03, AVNO, 168, 190N, 1583W,  51,  989, XX,  34, NEQ,   62,   35,   27,   47, 1005,   91,  24,   0,   0, 
EP, 12, 2026083000, 03, AVNO, 168, 190N, 1583W,  51,  989, XX,  50, NEQ,   28,    0,    0,    0, 1005,   91,  24,   0,   0, 
EP, 12, 2026083000, 03, AVNO, 174, 194N, 1593W,  55,  991, XX,  34, NEQ,   51,   37,   27,   51, 1007,  162,  19,   0,   0, 
EP, 12, 2026083000, 03, AVNO, 174, 194N, 1593W,  55,  991, XX,  50, NEQ,   20,    0,    0,    0, 1007,  162,  19,   0,   0, 
EP, 12, 2026083000, 03, AVNO, 180, 200N, 1604W,  46,  993, XX,  34, NEQ,   52,   42,   23,   51, 1005,   50,  25,   0,   0, 
EP, 12, 2026083000, 03, AVNO, 186, 207N, 1616W,  50,  995, XX,  34, NEQ,   56,   40,    0,   52, 1007,   53,  18,   0,   0, 
EP, 12, 2026083000, 03, AVNO, 186, 207N, 1616W,  50,  995, XX,  50, NEQ,    0,    0,    0,   18, 1007,   53,  18,   0,   0, 
EP, 12, 2026083000, 03, AVNO, 192, 214N, 1632W,  43,  997, XX,  34, NEQ,   58,   26,    0,   52, 1005,   36,  22,   0,   0, 
EP, 12, 2026083000, 03, AVNO, 198, 222N, 1645W,  48,  998, XX,  34, NEQ,   63,   33,   28,   53, 1006,   34,  16,   0,   0, 
EP, 12, 2026083000, 03, AVNO, 204, 231N, 1663W,  42, 1001, XX,  34, NEQ,   61,   45,    0,   39, 1005,   18,  31,   0,   0, 
EP, 12, 2026083000, 03, AVNO, 210, 241N, 1683W,  38, 1003, XX,  34, NEQ,   74,    0,    0,   40, 1007,   26,  17,   0,   0, 
EP, 12, 2026083000, 03, AVNO, 216, 253N, 1698W,  45, 1001, XX,  34, NEQ,   67,   59,   36,   52, 1009,   45,  24,   0,   0, 
EP, 12, 2026083000, 03, AVNO, 222, 264N, 1713W,  40, 1004, XX,  34, NEQ,   57,   44,    0,   53, 1008,   24,  30,   0,   0, 
EP, 12, 2026083000, 03, AVNO, 228, 279N, 1733W,  40, 1006, XX,  34, NEQ,   57,   43,    0,    0, 1010,   32,  27,   0,   0, 
EP, 12, 2026083000, 03, AVNO, 234, 295N, 1749W,  46, 1002, XX,  34, NEQ,   69,   64,    0,   15, 1010,   38,  28,   0,   0, 
EP, 12, 2026083000, 03, AVNO, 240, 310N, 1767W,  38, 1007, XX,  34, NEQ,   47,   49,    0,   16, 1011,   24,  34,   0,   0, 
EP, 12, 2026083000, 03, HCCA,   0, 132N, 1376W,  40,    0,   ,   0,    ,    0,    0,    0,    0, 
EP, 12, 2026083000, 03, HCCA,  12, 130N, 1399W,  45,    0,   ,   0,    ,    0,    0,    0,    0, 
EP, 12, 2026083000, 03, HCCA,  24, 129N, 1420W,  51,    0,   ,   0,    ,    0,    0,    0,    0, 
EP, 12, 2026083000, 03, HCCA,  36, 129N, 1441W,  52,    0,   ,   0,    ,    0,    0,    0,    0, 
EP, 12, 2026083000, 03, HCCA,  48, 130N, 1460W,  65,    0,   ,   0,    ,    0,    0,    0,    0, 
EP, 12, 2026083000, 03, HCCA,  60, 131N, 1480W,  79,    0,   ,   0,    ,    0,    0,    0,    0, 
EP, 12, 2026083000, 03, HCCA,  72, 132N, 1499W,  90,    0,   ,   0,    ,    0,    0,    0,    0, 
EP, 12, 2026083000, 03, HCCA,  84, 131N, 1515W,  98,    0,   ,   0,    ,    0,    0,    0,    0, 
EP, 12, 2026083000, 03, HCCA,  96, 132N, 1530W, 113,    0,   ,   0,    ,    0,    0,    0,    0, 
EP, 12, 2026083000, 03, HCCA, 108, 136N, 1544W, 125,    0,   ,   0,    ,    0,    0,    0,    0, 
EP, 12, 2026083000, 03, HCCA, 120, 141N, 1554W, 128,    0,   ,   0,    ,    0,    0,    0,    0, 
EP, 12, 2026083000, 03, HCCA, 132, 144N, 1559W, 135,    0,   ,   0,    ,    0,    0,    0,    0, 
EP, 12, 2026083000, 03, HCCA, 144, 147N, 1562W, 146,    0,   ,   0,    ,    0,    0,    0,    0, 
EP, 12, 2026083000, 03, HCCA, 156, 151N, 1569W, 156,    0,   ,   0,    ,    0,    0,    0,    0, 
EP, 12, 2026083000, 03, HCCA, 168, 157N, 1569W, 160,    0,   ,   0,    ,    0,    0,    0,    0, 
EP, 12, 2026083000, 03, HFSA,   0, 132N, 1376W,  41, 1000, XX,  34, NEQ,   18,   21,    0,   63, 1004,   19,  19,   0,   0,    ,   0,    , 277,  10,           ,  ,  0,    ,    0,    0,    0,    0, THERMO PARAMS, 126, -552, 286, N, 10, DT, -999, SHR82, -99, 
EP, 12, 2026083000, 03, HFSA,   6, 135N, 1394W,  48,  998, XX,  34, NEQ,   44,   39,   36,   70, 1006,   31,  11,   0,   0,    ,   0,    , 281,  15,           ,  ,  0,    ,    0,    0,    0,    0, THERMO PARAMS, 118, 56, 332, N, 10, DT, -999, SHR82, -99, 
EP, 12, 2026083000, 03, HFSA,  12, 132N, 1412W,  62,  986, XX,  34, NEQ,   45,   32,   44,   49,  990,    2,   9,   0,   0,    ,   0,    , 255,  13,           ,  ,  0,    ,    0,    0,    0,    0, THERMO PARAMS, 47, -123, 790, N, 10, DT, -999, SHR82, -99, 
EP, 12, 2026083000, 03, HFSA,  12, 132N, 1412W,  62,  986, XX,  50, NEQ,    0,   13,   23,    8,  990,    2,   9,   0,   0,    ,   0,    , 255,  13,           ,  ,  0,    ,    0,    0,    0,    0, THERMO PARAMS, 47, -123, 790, N, 10, DT, -999, SHR82, -99, 
EP, 12, 2026083000, 03, HFSA,  18, 128N, 1421W,  47,  995, XX,  34, NEQ,   26,   34,   36,   36, 1003,   18,  18,   0,   0,    ,   0,    , 254,   7,           ,  ,  0,    ,    0,    0,    0,    0, THERMO PARAMS, 95, 665, 371, N, 10, DT, -999, SHR82, -99, 
EP, 12, 2026083000, 03, HFSA,  24, 127N, 1427W,  42,  995, XX,  34, NEQ,   49,   31,   39,   40, 1003,   32,  29,   0,   0,    ,   0,    , 266,   6,           ,  ,  0,    ,    0,    0,    0,    0, THERMO PARAMS, 64, -80, 892, N, 10, DT, -999, SHR82, -99, 
EP, 12, 2026083000, 03, HFSA,  30, 127N, 1435W,  46,  997, XX,  34, NEQ,   52,   32,   36,   45, 1005,   36,  26,   0,   0,    ,   0,    , 270,   8,           ,  ,  0,    ,    0,    0,    0,    0, THERMO PARAMS, -8, 443, 634, N, 10, DT, -999, SHR82, -99, 
EP, 12, 2026083000, 03, HFSA,  36, 129N, 1444W,  48,  990, XX,  34, NEQ,   50,   36,   50,   76, 1002,   34,  21,   0,   0,    ,   0,    , 284,   8,           ,  ,  0,    ,    0,    0,    0,    0, THERMO PARAMS, -15, 1205, 670, N, 10, DT, -999, SHR82, -99, 
EP, 12, 2026083000, 03, HFSA,  42, 130N, 1455W,  53,  991, XX,  34, NEQ,   58,   39,   40,   65,  999,   18,  14,   0,   0,    ,   0,    , 273,   9,           ,  ,  0,    ,    0,    0,    0,    0, THERMO PARAMS, -8, 1120, 897, N, 10, DT, -999, SHR82, -99, 
EP, 12, 2026083000, 03, HFSA,  42, 130N, 1455W,  53,  991, XX,  50, NEQ,   18,    0,    0,   16,  999,   18,  14,   0,   0,    ,   0,    , 273,   9,           ,  ,  0,    ,    0,    0,    0,    0, THERMO PARAMS, -8, 1120, 897, N, 10, DT, -999, SHR82, -99, 
EP, 12, 2026083000, 03, HFSA,  48, 132N, 1464W,  64,  983, XX,  34, NEQ,   62,   36,   47,   70, 1003,   45,  12,   0,   0,    ,   0,    , 280,   7,           ,  ,  0,    ,    0,    0,    0,    0, THERMO PARAMS, -10, 888, 1247, N, 10, DT, -999, SHR82, -99, 
EP, 12, 2026083000, 03, HFSA,  48, 132N, 1464W,  64,  983, XX,  50, NEQ,   19,   16,   19,   24, 1003,   45,  12,   0,   0,    ,   0,    , 280,   7,           ,  ,  0,    ,    0,    0,    0,    0, THERMO PARAMS, -10, 888, 1247, N, 10, DT, -999, SHR82, -99, 
EP, 12, 2026083000, 03, HFSA,  54, 134N, 1472W,  79,  979, XX,  34, NEQ,   78,   40,   49,   76, 1003,   34,  12,   0,   0,    ,   0,    , 273,   7,           ,  ,  0,    ,    0,    0,    0,    0, THERMO PARAMS, -10, 929, 1571, N, 10, DT, -999, SHR82, -99, 
EP, 12, 2026083000, 03, HFSA,  54, 134N, 1472W,  79,  979, XX,  50, NEQ,   28,   21,   24,   29, 1003,   34,  12,   0,   0,    ,   0,    , 273,   7,           ,  ,  0,    ,    0,    0,    0,    0, THERMO PARAMS, -10, 929, 1571, N, 10, DT, -999, SHR82, -99, 
EP, 12, 2026083000, 03, HFSA,  54, 134N, 1472W,  79,  979, XX,  64, NEQ,   16,    0,   13,   18, 1003,   34,  12,   0,   0,    ,   0,    , 273,   7,           ,  ,  0,    ,    0,    0,    0,    0, THERMO PARAMS, -10, 929, 1571, N, 10, DT, -999, SHR82, -99, 
EP, 12, 2026083000, 03, HFSA,  60, 135N, 1481W,  87,  969, XX,  34, NEQ,   81,   47,   53,   70, 1001,   38,  10,   0,   0,    ,   0,    , 278,   7,           ,  ,  0,    ,    0,    0,    0,    0, THERMO PARAMS, 26, 1441, 1468, N, 10, DT, -999, SHR82, -99, 
EP, 12, 2026083000, 03, HFSA,  60, 135N, 1481W,  87,  969, XX,  50, NEQ,   28,   26,   26,   28, 1001,   38,  10,   0,   0,    ,   0,    , 278,   7,           ,  ,  0,    ,    0,    0,    0,    0, THERMO PARAMS, 26, 1441, 1468, N, 10, DT, -999, SHR82, -99, 
EP, 12, 2026083000, 03, HFSA,  60, 135N, 1481W,  87,  969, XX,  64, NEQ,   18,   16,   16,   18, 1001,   38,  10,   0,   0,    ,   0,    , 278,   7,           ,  ,  0,    ,    0,    0,    0,    0, THERMO PARAMS, 26, 1441, 1468, N, 10, DT, -999, SHR82, -99, 
EP, 12, 2026083000, 03, HFSA,  66, 136N, 1489W, 100,  960, XX,  34, NEQ,   73,   55,   58,   62, 1004,   46,  11,   0,   0,    ,   0,    , 283,   7,           ,  ,  0,    ,    0,    0,    0,    0, THERMO PARAMS, 8, 1508, 2490, N, 10, DT, -999, SHR82, -99, 
EP, 12, 2026083000, 03, HFSA,  66, 136N, 1489W, 100,  960, XX,  50, NEQ,   32,   29,   28,   31, 1004,   46,  11,   0,   0,    ,   0,    , 283,   7,           ,  ,  0,    ,    0,    0,    0,    0, THERMO PARAMS, 8, 1508, 2490, N, 10, DT, -999, SHR82, -99, 
EP, 12, 2026083000, 03, HFSA,  66, 136N, 1489W, 100,  960, XX,  64, NEQ,   21,   21,   19,   21, 1004,   46,  11,   0,   0,    ,   0,    , 283,   7,           ,  ,  0,    ,    0,    0,    0,    0, THERMO PARAMS, 8, 1508, 2490, N, 10, DT, -999, SHR82, -99, 
EP, 12, 2026083000, 03, HFSA,  72, 139N, 1496W, 130,  945, XX,  34, NEQ,   65,   62,   57,   74, 1001,   44,  10,   0,   0,    ,   0,    , 294,   7,           ,  ,  0,    ,    0,    0,    0,    0, THERMO PARAMS, -4, 2041, 3057, N, 10, DT, -999, SHR82, -99, 
EP, 12, 2026083000, 03, HFSA,  72, 139N, 1496W, 130,  945, XX,  50, NEQ,   36,   31,   28,   32, 1001,   44,  10,   0,   0,    ,   0,    , 294,   7,           ,  ,  0,    ,    0,    0,    0,    0, THERMO PARAMS, -4, 2041, 3057, N, 10, DT, -999, SHR82, -99, 
EP, 12, 2026083000, 03, HFSA,  72, 139N, 1496W, 130,  945, XX,  64, NEQ,   23,   21,   19,   23, 1001,   44,  10,   0,   0,    ,   0,    , 294,   7,           ,  ,  0,    ,    0,    0,    0,    0, THERMO PARAMS, -4, 2041, 3057, N, 10, DT, -999, SHR82, -99, 
EP, 12, 2026083000, 03, HFSA,  78, 141N, 1503W, 132,  940, XX,  34, NEQ,   91,   58,   53,   76, 1004,   49,   9,   0,   0,    ,   0,    , 284,   7,           ,  ,  0,    ,    0,    0,    0,    0, THERMO PARAMS, 2, 1886, 3496, N, 10, DT, -999, SHR82, -99, 
EP, 12, 2026083000, 03, HFSA,  78, 141N, 1503W, 132,  940, XX,  50, NEQ,   44,   29,   31,   40, 1004,   49,   9,   0,   0,    ,   0,    , 284,   7,           ,  ,  0,    ,    0,    0,    0,    0, THERMO PARAMS, 2, 1886, 3496, N, 10, DT, -999, SHR82, -99, 
EP, 12, 2026083000, 03, HFSA,  78, 141N, 1503W, 132,  940, XX,  64, NEQ,   26,   21,   23,   26, 1004,   49,   9,   0,   0,    ,   0,    , 284,   7,           ,  ,  0,    ,    0,    0,    0,    0, THERMO PARAMS, 2, 1886, 3496, N, 10, DT, -999, SHR82, -99, 
EP, 12, 2026083000, 03, HFSA,  84, 144N, 1511W, 126,  944, XX,  34, NEQ,   87,   66,   49,   86, 1000,   42,  12,   0,   0,    ,   0,    , 294,   7,           ,  ,  0,    ,    0,    0,    0,    0, THERMO PARAMS, -8, 1755, 3290, N, 10, DT, -999, SHR82, -99, 
EP, 12, 2026083000, 03, HFSA,  84, 144N, 1511W, 126,  944, XX,  50, NEQ,   47,   36,   29,   42, 1000,   42,  12,   0,   0,    ,   0,    , 294,   7,           ,  ,  0,    ,    0,    0,    0,    0, THERMO PARAMS, -8, 1755, 3290, N, 10, DT, -999, SHR82, -99, 
EP, 12, 2026083000, 03, HFSA,  84, 144N, 1511W, 126,  944, XX,  64, NEQ,   29,   23,   23,   29, 1000,   42,  12,   0,   0,    ,   0,    , 294,   7,           ,  ,  0,    ,    0,    0,    0,    0, THERMO PARAMS, -8, 1755, 3290, N, 10, DT, -999, SHR82, -99, 
EP, 12, 2026083000, 03, HFSA,  90, 147N, 1520W, 129,  945, XX,  34, NEQ,   96,   65,   60,   97, 1001,   41,  10,   0,   0,    ,   0,    , 290,   8,           ,  ,  0,    ,    0,    0,    0,    0, THERMO PARAMS, -22, 1808, 3379, N, 10, DT, -999, SHR82, -99, 
EP, 12, 2026083000, 03, HFSA,  90, 147N, 1520W, 129,  945, XX,  50, NEQ,   42,   39,   34,   40, 1001,   41,  10,   0,   0,    ,   0,    , 290,   8,           ,  ,  0,    ,    0,    0,    0,    0, THERMO PARAMS, -22, 1808, 3379, N, 10, DT, -999, SHR82, -99, 
EP, 12, 2026083000, 03, HFSA,  90, 147N, 1520W, 129,  945, XX,  64, NEQ,   29,   26,   26,   29, 1001,   41,  10,   0,   0,    ,   0,    , 290,   8,           ,  ,  0,    ,    0,    0,    0,    0, THERMO PARAMS, -22, 1808, 3379, N, 10, DT, -999, SHR82, -99, 
EP, 12, 2026083000, 03, HFSA,  96, 151N, 1529W, 122,  943, XX,  34, NEQ,   91,   63,   55,   97,  999,   40,  11,   0,   0,    ,   0,    , 295,   8,           ,  ,  0,    ,    0,    0,    0,    0, THERMO PARAMS, -36, 1846, 3272, N, 10, DT, -999, SHR82, -99, 
EP, 12, 2026083000, 03, HFSA,  96, 151N, 1529W, 122,  943, XX,  50, NEQ,   40,   37,   36,   52,  999,   40,  11,   0,   0,    ,   0,    , 295,   8,           ,  ,  0,    ,    0,    0,    0,    0, THERMO PARAMS, -36, 1846, 3272, N, 10, DT, -999, SHR82, -99, 
EP, 12, 2026083000, 03, HFSA,  96, 151N, 1529W, 122,  943, XX,  64, NEQ,   29,   26,   24,   29,  999,   40,  11,   0,   0,    ,   0,    , 295,   8,           ,  ,  0,    ,    0,    0,    0,    0, THERMO PARAMS, -36, 1846, 3272, N, 10, DT, -999, SHR82, -99, 
EP, 12, 2026083000, 03, HFSA, 102, 155N, 1538W, 124,  948, XX,  34, NEQ,  104,   65,   60,   97, 1004,   54,  12,   0,   0,    ,   0,    , 288,   9,           ,  ,  0,    ,    0,    0,    0,    0, THERMO PARAMS, -24, 1965, 3055, N, 10, DT, -999, SHR82, -99, 
EP, 12, 2026083000, 03, HFSA, 102, 155N, 1538W, 124,  948, XX,  50, NEQ,   47,   39,   37,   45, 1004,   54,  12,   0,   0,    ,   0,    , 288,   9,           ,  ,  0,    ,    0,    0,    0,    0, THERMO PARAMS, -24, 1965, 3055, N, 10, DT, -999, SHR82, -99, 
EP, 12, 2026083000, 03, HFSA, 102, 155N, 1538W, 124,  948, XX,  64, NEQ,   32,   28,   28,   34, 1004,   54,  12,   0,   0,    ,   0,    , 288,   9,           ,  ,  0,    ,    0,    0,    0,    0, THERMO PARAMS, -24, 1965, 3055, N, 10, DT, -999, SHR82, -99, 
EP, 12, 2026083000, 03, HFSA, 108, 159N, 1547W, 131,  945, XX,  34, NEQ,  100,   68,   63,  100, 1005,   71,  12,   0,   0,    ,   0,    , 298,   9,           ,  ,  0,    ,    0,    0,    0,    0, THERMO PARAMS, -46, 2059, 3093, N, 10, DT, -999, SHR82, -99, 
EP, 12, 2026083000, 03, HFSA, 108, 159N, 1547W, 131,  945, XX,  50, NEQ,   47,   40,   34,   47, 1005,   71,  12,   0,   0,    ,   0,    , 298,   9,           ,  ,  0,    ,    0,    0,    0,    0, THERMO PARAMS, -46, 2059, 3093, N, 10, DT, -999, SHR82, -99, 
EP, 12, 2026083000, 03, HFSA, 108, 159N, 1547W, 131,  945, XX,  64, NEQ,   34,   32,   26,   32, 1005,   71,  12,   0,   0,    ,   0,    , 298,   9,           ,  ,  0,    ,    0,    0,    0,    0, THERMO PARAMS, -46, 2059, 3093, N, 10, DT, -999, SHR82, -99, 
EP, 12, 2026083000, 03, HFSA, 114, 163N, 1556W, 128,  946, XX,  34, NEQ,  117,   58,   70,  105, 1006,   64,  12,   0,   0,    ,   0,    , 291,   8,           ,  ,  0,    ,    0,    0,    0,    0, THERMO PARAMS, -63, 2036, 3226, N, 10, DT, -999, SHR82, -99, 
EP, 12, 2026083000, 03, HFSA, 114, 163N, 1556W, 128,  946, XX,  50, NEQ,   45,   34,   39,   53, 1006,   64,  12,   0,   0,    ,   0,    , 291,   8,           ,  ,  0,    ,    0,    0,    0,    0, THERMO PARAMS, -63, 2036, 3226, N, 10, DT, -999, SHR82, -99, 
EP, 12, 2026083000, 03, HFSA, 114, 163N, 1556W, 128,  946, XX,  64, NEQ,   36,   28,   29,   37, 1006,   64,  12,   0,   0,    ,   0,    , 291,   8,           ,  ,  0,    ,    0,    0,    0,    0, THERMO PARAMS, -63, 2036, 3226, N, 10, DT, -999, SHR82, -99, 
EP, 12, 2026083000, 03, HFSA, 120, 167N, 1564W, 118,  951, XX,  34, NEQ,  131,   60,   70,  102, 1003,   59,  10,   0,   0,    ,   0,    , 300,   7,           ,  ,  0,    ,    0,    0,    0,    0, THERMO PARAMS, -37, 1936, 2882, N, 10, DT, -999, SHR82, -99, 
EP, 12, 2026083000, 03, HFSA, 120, 167N, 1564W, 118,  951, XX,  50, NEQ,   50,   37,   39,   53, 1003,   59,  10,   0,   0,    ,   0,    , 300,   7,           ,  ,  0,    ,    0,    0,    0,    0, THERMO PARAMS, -37, 1936, 2882, N, 10, DT, -999, SHR82, -99, 
EP, 12, 2026083000, 03, HFSA, 120, 167N, 1564W, 118,  951, XX,  64, NEQ,   31,   24,   26,   37, 1003,   59,  10,   0,   0,    ,   0,    , 300,   7,           ,  ,  0,    ,    0,    0,    0,    0, THERMO PARAMS, -37, 1936, 2882, N, 10, DT, -999, SHR82, -99, 
EP, 12, 2026083000, 03, HFSA, 126, 170N, 1572W, 112,  958, XX,  34, NEQ,  201,   58,   57,   81, 1002,   44,  12,   0,   0,    ,   0,    , -99, -99,           ,  ,  0,    ,    0,    0,    0,    0, THERMO PARAMS, 4, 1990, 2452, N, 10, DT, -999, SHR82, -99, 
EP, 12, 2026083000, 03, HFSA, 126, 170N, 1572W, 112,  958, XX,  50, NEQ,   68,   31,   37,   45, 1002,   44,  12,   0,   0,    ,   0,    , -99, -99,           ,  ,  0,    ,    0,    0,    0,    0, THERMO PARAMS, 4, 1990, 2452, N, 10, DT, -999, SHR82, -99, 
EP, 12, 2026083000, 03, HFSA, 126, 170N, 1572W, 112,  958, XX,  64, NEQ,   29,   24,   28,   29, 1002,   44,  12,   0,   0,    ,   0,    , -99, -99,           ,  ,  0,    ,    0,    0,    0,    0, THERMO PARAMS, 4, 1990, 2452, N, 10, DT, -999, SHR82, -99, 
EP, 12, 2026083000, 03, TVCN,   0, 132N, 1376W,   0,    0,   ,   0,    ,    0,    0,    0,    0, 
EP, 12, 2026083000, 03, TVCN,  12, 132N, 1397W,   0,    0,   ,   0,    ,    0,    0,    0,    0, 
EP, 12, 2026083000, 03, TVCN,  24, 132N, 1417W,   0,    0,   ,   0,    ,    0,    0,    0,    0, 
EP, 12, 2026083000, 03, TVCN,  36, 133N, 1435W,   0,    0,   ,   0,    ,    0,    0,    0,    0, 
EP, 12, 2026083000, 03, TVCN,  48, 136N, 1452W,   0,    0,   ,   0,    ,    0,    0,    0,    0, 
EP, 12, 2026083000, 03, TVCN,  60, 138N, 1468W,   0,    0,   ,   0,    ,    0,    0,    0,    0, 
EP, 12, 2026083000, 03, TVCN,  72, 141N, 1482W,   0,    0,   ,   0,    ,    0,    0,    0,    0, 
EP, 12, 2026083000, 03, TVCN,  84, 143N, 1496W,   0,    0,   ,   0,    ,    0,    0,    0,    0, 
EP, 12, 2026083000, 03, TVCN,  96, 147N, 1509W,   0,    0,   ,   0,    ,    0,    0,    0,    0, 
EP, 12, 2026083000, 03, TVCN, 108, 152N, 1521W,   0,    0,   ,   0,    ,    0,    0,    0,    0, 
EP, 12, 2026083000, 03, TVCN, 120, 157N, 1532W,   0,    0,   ,   0,    ,    0,    0,    0,    0, 
EP, 12, 2026083000, 03, TVCN, 132, 162N, 1543W,   0,    0,   ,   0,    ,    0,    0,    0,    0, 
EP, 12, 2026083000, 03, TVCN, 144, 153N, 1552W,   0,    0,   ,   0,    ,    0,    0,    0,    0, 
EP, 12, 2026083000, 03, TVCN, 156, 157N, 1561W,   0,    0,   ,   0,    ,    0,    0,    0,    0, 
EP, 12, 2026083000, 03, TVCN, 168, 164N, 1569W,   0,    0,   ,   0,    ,    0,    0,    0,    0, 
EP, 12, 2026083006, 03, AVNO,   0, 127N, 1388W,  38, 1002, XX,  34, NEQ,    0,   34,    0,    0, 1010,  121,  29,   0,   0, 
EP, 12, 2026083006, 03, AVNO,   6, 128N, 1397W,  35, 1000, XX,  34, NEQ,    0,   44,    0,    0, 1008,  172,  43,   0,   0, 
EP, 12, 2026083006, 03, AVNO,  12, 129N, 1408W,  33, 1003, XX,  34, NEQ,    0,    0,    0,    0, 1011,  191,  40,   0,   0, 
EP, 12, 2026083006, 03, AVNO,  18, 129N, 1419W,  36,  997, XX,  34, NEQ,   25,   33,    0,    0, 1005,   59,  24,   0,   0, 
EP, 12, 2026083006, 03, AVNO,  24, 131N, 1428W,  36,  999, XX,  34, NEQ,   46,    0,    0,   35, 1011,  268,  29,   0,   0, 
EP, 12, 2026083006, 03, AVNO,  30, 130N, 1438W,  43,  992, XX,  34, NEQ,   35,   42,   34,   61, 1008,  199,  19,   0,   0, 
EP, 12, 2026083006, 03, AVNO,  36, 130N, 1446W,  48,  991, XX,  34, NEQ,   49,   50,   44,   47, 1011,  241,  20,   0,   0, 
EP, 12, 2026083006, 03, AVNO,  42, 132N, 1452W,  55,  983, XX,  34, NEQ,   50,   39,   43,   51, 1007,  144,  15,   0,   0, 
EP, 12, 2026083006, 03, AVNO,  42, 132N, 1452W,  55,  983, XX,  50, NEQ,   21,    0,   16,   24, 1007,  144,  15,   0,   0, 
EP, 12, 2026083006, 03, AVNO,  48, 133N, 1459W,  72,  976, XX,  34, NEQ,   57,   44,   48,   60, 1008,  108,  13,   0,   0, 
EP, 12, 2026083006, 03, AVNO,  48, 133N, 1459W,  72,  976, XX,  50, NEQ,   26,   27,   28,   26, 1008,  108,  13,   0,   0, 
EP, 12, 2026083006, 03, AVNO,  48, 133N, 1459W,  72,  976, XX,  64, NEQ,   16,    0,    0,   19, 1008,  108,  13,   0,   0, 
EP, 12, 2026083006, 03, AVNO,  54, 135N, 1465W,  71,  967, XX,  34, NEQ,   60,   51,   53,   61, 1007,  162,  12,   0,   0, 
EP, 12, 2026083006, 03, AVNO,  54, 135N, 1465W,  71,  967, XX,  50, NEQ,   31,   31,   34,   29, 1007,  162,  12,   0,   0, 
EP, 12, 2026083006, 03, AVNO,  54, 135N, 1465W,  71,  967, XX,  64, NEQ,   24,   16,   22,   20, 1007,  162,  12,   0,   0, 
EP, 12, 2026083006, 03, AVNO,  60, 136N, 1472W,  78,  969, XX,  34, NEQ,   70,   61,   53,   72,  997,   32,  13,   0,   0, 
EP, 12, 2026083006, 03, AVNO,  60, 136N, 1472W,  78,  969, XX,  50, NEQ,   35,   37,   33,   35,  997,   32,  13,   0,   0, 
EP, 12, 2026083006, 03, AVNO,  60, 136N, 1472W,  78,  969, XX,  64, NEQ,   24,   26,   25,   31,  997,   32,  13,   0,   0, 
EP, 12, 2026083006, 03, AVNO,  66, 139N, 1478W,  88,  961, XX,  34, NEQ,   74,   59,   62,   74,  973,   18,  16,   0,   0, 
EP, 12, 2026083006, 03, AVNO,  66, 139N, 1478W,  88,  961, XX,  50, NEQ,   40,   36,   39,   41,  973,   18,  16,   0,   0, 
EP, 12, 2026083006, 03, AVNO,  66, 139N, 1478W,  88,  961, XX,  64, NEQ,   31,   26,   31,   29,  973,   18,  16,   0,   0, 
EP, 12, 2026083006, 03, AVNO,  72, 142N, 1485W,  82,  961, XX,  34, NEQ,   90,   62,   64,   89,  993,   33,  18,   0,   0, 
EP, 12, 2026083006, 03, AVNO,  72, 142N, 1485W,  82,  961, XX,  50, NEQ,   52,   35,   40,   51,  993,   33,  18,   0,   0, 
EP, 12, 2026083006, 03, AVNO,  72, 142N, 1485W,  82,  961, XX,  64, NEQ,   33,   28,   30,   36,  993,   33,  18,   0,   0, 
EP, 12, 2026083006, 03, AVNO,  78, 144N, 1492W,  80,  960, XX,  34, NEQ,   99,   67,   66,   96,  988,   33,  16,   0,   0, 
EP, 12, 2026083006, 03, AVNO,  78, 144N, 1492W,  80,  960, XX,  50, NEQ,   43,   36,   38,   52,  988,   33,  16,   0,   0, 
EP, 12, 2026083006, 03, AVNO,  78, 144N, 1492W,  80,  960, XX,  64, NEQ,   28,   29,   29,   35,  988,   33,  16,   0,   0, 
EP, 12, 2026083006, 03, AVNO,  84, 147N, 1500W,  82,  961, XX,  34, NEQ,  104,   66,   65,  100,  989,   33,  17,   0,   0, 
EP, 12, 2026083006, 03, AVNO,  84, 147N, 1500W,  82,  961, XX,  50, NEQ,   52,   38,   42,   54,  989,   33,  17,   0,   0, 
EP, 12, 2026083006, 03, AVNO,  84, 147N, 1500W,  82,  961, XX,  64, NEQ,   38,   30,   31,   35,  989,   33,  17,   0,   0, 
EP, 12, 2026083006, 03, AVNO,  90, 151N, 1507W,  81,  962, XX,  34, NEQ,  103,   66,   68,  101,  974,   21,  18,   0,   0, 
EP, 12, 2026083006, 03, AVNO,  90, 151N, 1507W,  81,  962, XX,  50, NEQ,   48,   45,   45,   50,  974,   21,  18,   0,   0, 
EP, 12, 2026083006, 03, AVNO,  90, 151N, 1507W,  81,  962, XX,  64, NEQ,   34,   34,   32,   36,  974,   21,  18,   0,   0, 
EP, 12, 2026083006, 03, AVNO,  96, 155N, 1514W,  77,  965, XX,  34, NEQ,  107,   70,   71,  104,  993,   33,  15,   0,   0, 
EP, 12, 2026083006, 03, AVNO,  96, 155N, 1514W,  77,  965, XX,  50, NEQ,   52,   39,   43,   49,  993,   33,  15,   0,   0, 
EP, 12, 2026083006, 03, AVNO,  96, 155N, 1514W,  77,  965, XX,  64, NEQ,   37,   33,   32,   34,  993,   33,  15,   0,   0, 
EP, 12, 2026083006, 03, AVNO, 102, 161N, 1521W,  74,  968, XX,  34, NEQ,  113,   68,   70,  106, 1008,  152,  23,   0,   0, 
EP, 12, 2026083006, 03, AVNO, 102, 161N, 1521W,  74,  968, XX,  50, NEQ,   56,   38,   44,   58, 1008,  152,  23,   0,   0, 
EP, 12, 2026083006, 03, AVNO, 102, 161N, 1521W,  74,  968, XX,  64, NEQ,   30,   32,   31,   33, 1008,  152,  23,   0,   0, 
EP, 12, 2026083006, 03, AVNO, 108, 165N, 1528W,  74,  971, XX,  34, NEQ,  106,   65,   74,  107, 1011, 1033,  25,   0,   0, 
EP, 12, 2026083006, 03, AVNO, 108, 165N, 1528W,  74,  971, XX,  50, NEQ,   61,   48,   43,   53, 1011, 1033,  25,   0,   0, 
EP, 12, 2026083006, 03, AVNO, 108, 165N, 1528W,  74,  971, XX,  64, NEQ,   35,   30,   31,   35, 1011, 1033,  25,   0,   0, 
EP, 12, 2026083006, 03, AVNO, 114, 170N, 1536W,  71,  970, XX,  34, NEQ,  104,   65,   82,  101, 1006,  113,  18,   0,   0, 
EP, 12, 2026083006, 03, AVNO, 114, 170N, 1536W,  71,  970, XX,  50, NEQ,   50,   39,   45,   59, 1006,  113,  18,   0,   0, 
EP, 12, 2026083006, 03, AVNO, 114, 170N, 1536W,  71,  970, XX,  64, NEQ,   32,   32,   33,   34, 1006,  113,  18,   0,   0, 
EP, 12, 2026083006, 03, AVNO, 120, 173N, 1543W,  70,  974, XX,  34, NEQ,  107,   63,   76,  210,  994,   32,  21,   0,   0, 
EP, 12, 2026083006, 03, AVNO, 120, 173N, 1543W,  70,  974, XX,  50, NEQ,   45,   39,   45,   53,  994,   32,  21,   0,   0, 
EP, 12, 2026083006, 03, AVNO, 120, 173N, 1543W,  70,  974, XX,  64, NEQ,    0,    0,   29,   27,  994,   32,  21,   0,   0, 
EP, 12, 2026083006, 03, AVNO, 126, 176N, 1550W,  67,  978, XX,  34, NEQ,   96,   65,   66,  181, 1006,  108,  25,   0,   0, 
EP, 12, 2026083006, 03, AVNO, 126, 176N, 1550W,  67,  978, XX,  50, NEQ,   42,   40,   36,   43, 1006,  108,  25,   0,   0, 
EP, 12, 2026083006, 03, AVNO, 126, 176N, 1550W,  67,  978, XX,  64, NEQ,    0,   27,    0,    0, 1006,  108,  25,   0,   0, 
EP, 12, 2026083006, 03, AVNO, 132, 180N, 1557W,  57,  984, XX,  34, NEQ,   68,   49,   49,  145, 1008,  135,  17,   0,   0, 
EP, 12, 2026083006, 03, AVNO, 132, 180N, 1557W,  57,  984, XX,  50, NEQ,   36,   29,   28,   38, 1008,  135,  17,   0,   0, 
EP, 12, 2026083006, 03, AVNO, 138, 185N, 1565W,  55,  986, XX,  34, NEQ,  125,   36,   33,  172, 1006,  108,  21,   0,   0, 
EP, 12, 2026083006, 03, AVNO, 138, 185N, 1565W,  55,  986, XX,  50, NEQ,   28,    0,    0,   18, 1006,  108,  21,   0,   0, 
EP, 12, 2026083006, 03, AVNO, 144, 190N, 1574W,  50,  991, XX,  34, NEQ,  131,   28,   25,   51, 1007,  117,  17,   0,   0, 
EP, 12, 2026083006, 03, AVNO, 150, 194N, 1584W,  43,  995, XX,  34, NEQ,   56,   26,   35,   41, 1007,  119,  39,   0,   0, 
EP, 12, 2026083006, 03, AVNO, 156, 199N, 1593W,  39,  999, XX,  34, NEQ,   44,   35,    0,   41, 1007,   77,  24,   0,   0, 
EP, 12, 2026083006, 03, AVNO, 162, 204N, 1605W,  38, 1000, XX,  34, NEQ,   41,    0,    0,   35, 1008,  488,  26,   0,   0, 
EP, 12, 2026083006, 03, AVNO, 168, 207N, 1615W,  30, 1002, XX,  34, NEQ,    0,    0,    0,    0, 1006,   32,  15,   0,   0, 
EP, 12, 2026083006, 03, AVNO, 174, 211N, 1625W,  28, 1004, XX,  34, NEQ,    0,    0,    0,    0, 1008,   54,  19,   0,   0, 
EP, 12, 2026083006, 03, AVNO, 180, 218N, 1638W,  28, 1006, XX,  34, NEQ,    0,    0,    0,    0,  -99,  -99,  35,   0,   0, 
EP, 12, 2026083006, 03, AVNO, 186, 226N, 1652W,  27, 1006, XX,  34, NEQ,    0,    0,    0,    0,  -99,  -99,  33,   0,   0, 
EP, 12, 2026083006, 03, AVNO, 192, 233N, 1666W,  28, 1008, XX,  34, NEQ,    0,    0,    0,    0,  -99,  -99,  40,   0,   0, 
EP, 12, 2026083006, 03, AVNO, 198, 241N, 1683W,  27, 1009, XX,  34, NEQ,    0,    0,    0,    0,  -99,  -99,  37,   0,   0, 
EP, 12, 2026083006, 03, AVNO, 204, 246N, 1699W,  24, 1010, XX,  34, NEQ,    0,    0,    0,    0,  -99,  -99, 105,   0,   0, 
EP, 12, 2026083006, 03, AVNO, 210, 251N, 1712W,  23, 1011, XX,  34, NEQ,    0,    0,    0,    0,  -99,  -99, 142,   0,   0, 
EP, 12, 2026083006, 03, AVNO, 216, 256N, 1724W,  25, 1011, XX,  34, NEQ,    0,    0,    0,    0,  -99,  -99, 161,   0,   0, 
EP, 12, 2026083006, 03, AVNO, 222, 257N, 1738W,  23, 1012, XX,  34, NEQ,    0,    0,    0,    0,  -99,  -99, 151,   0,   0, 
EP, 12, 2026083006, 03, AVNO, 228, 259N, 1756W,  22, 1013, XX,  34, NEQ,    0,    0,    0,    0,  -99,  -99, 131,   0,   0, 
EP, 12, 2026083006, 03, AVNO, 234, 259N, 1771W,  22, 1013, XX,  34, NEQ,    0,    0,    0,    0,  -99,  -99, 126,   0,   0, 
EP, 12, 2026083006, 03, AVNO, 240, 258N, 1791W,  23, 1013, XX,  34, NEQ,    0,    0,    0,    0,  -99,  -99, 145,   0,   0, 
EP, 12, 2026083006, 03, HCCA,   0, 132N, 1386W,  45,    0,   ,   0,    ,    0,    0,    0,    0, 
EP, 12, 2026083006, 03, HCCA,  12, 130N, 1410W,  48,    0,   ,   0,    ,    0,    0,    0,    0, 
EP, 12, 2026083006, 03, HCCA,  24, 130N, 1431W,  52,    0,   ,   0,    ,    0,    0,    0,    0, 
EP, 12, 2026083006, 03, HCCA,  36, 132N, 1452W,  56,    0,   ,   0,    ,    0,    0,    0,    0, 
EP, 12, 2026083006, 03, HCCA,  48, 134N, 1472W,  66,    0,   ,   0,    ,    0,    0,    0,    0, 
EP, 12, 2026083006, 03, HCCA,  60, 135N, 1491W,  83,    0,   ,   0,    ,    0,    0,    0,    0, 
EP, 12, 2026083006, 03, HCCA,  72, 136N, 1509W,  99,    0,   ,   0,    ,    0,    0,    0,    0, 
EP, 12, 2026083006, 03, HCCA,  84, 139N, 1527W, 101,    0,   ,   0,    ,    0,    0,    0,    0, 
EP, 12, 2026083006, 03, HCCA,  96, 143N, 1547W, 115,    0,   ,   0,    ,    0,    0,    0,    0, 
EP, 12, 2026083006, 03, HCCA, 108, 147N, 1566W, 128,    0,   ,   0,    ,    0,    0,    0,    0, 
EP, 12, 2026083006, 03, HCCA, 120, 150N, 1576W, 127,    0,   ,   0,    ,    0,    0,    0,    0, 
EP, 12, 2026083006, 03, HCCA, 132, 151N, 1582W, 134,    0,   ,   0,    ,    0,    0,    0,    0, 
EP, 12, 2026083006, 03, HCCA, 144, 153N, 1585W, 143,    0,   ,   0,    ,    0,    0,    0,    0, 
EP, 12, 2026083006, 03, HCCA, 156, 156N, 1589W, 161,    0,   ,   0,    ,    0,    0,    0,    0, 
EP, 12, 2026083006, 03, HCCA, 168, 161N, 1590W, 172,    0,   ,   0,    ,    0,    0,    0,    0, 
EP, 12, 2026083006, 03, HFSA,   0, 132N, 1385W,  45,  998, XX,  34, NEQ,   44,   39,   39,   79, 1002,   15,  10,   0,   0,    ,   0,    , 270,   9,           ,  ,  0,    ,    0,    0,    0,    0, THERMO PARAMS, 119, 116, 384, N, 10, DT, -999, SHR82, -99, 
EP, 12, 2026083006, 03, HFSA,   6, 134N, 1407W,  49,  994, XX,  34, NEQ,   65,   44,   21,   94,  998,    6,  37,   0,   0,    ,   0,    , 274,  15,           ,  ,  0,    ,    0,    0,    0,    0, THERMO PARAMS, 98, -198, 259, N, 10, DT, -999, SHR82, -99, 
EP, 12, 2026083006, 03, HFSA,  12, 130N, 1423W,  54,  992, XX,  34, NEQ,   60,   34,   45,   52,  996,   10,  21,   0,   0,    ,   0,    , 256,   9,           ,  ,  0,    ,    0,    0,    0,    0, THERMO PARAMS, 110, -320, 865, N, 10, DT, -999, SHR82, -99, 
EP, 12, 2026083006, 03, HFSA,  12, 130N, 1423W,  54,  992, XX,  50, NEQ,    0,   23,   23,   21,  996,   10,  21,   0,   0,    ,   0,    , 256,   9,           ,  ,  0,    ,    0,    0,    0,    0, THERMO PARAMS, 110, -320, 865, N, 10, DT, -999, SHR82, -99, 
EP, 12, 2026083006, 03, HFSA,  18, 129N, 1430W,  49,  992, XX,  34, NEQ,   45,   44,   62,   78, 1000,   24,  19,   0,   0,    ,   0,    , 272,   5,           ,  ,  0,    ,    0,    0,    0,    0, THERMO PARAMS, 84, 611, 436, N, 10, DT, -999, SHR82, -99, 
EP, 12, 2026083006, 03, HFSA,  24, 130N, 1437W,  57,  992, XX,  34, NEQ,   55,   45,   60,   39, 1004,   37,  18,   0,   0,    ,   0,    , 276,   6,           ,  ,  0,    ,    0,    0,    0,    0, THERMO PARAMS, 36, 666, 979, N, 10, DT, -999, SHR82, -99, 
EP, 12, 2026083006, 03, HFSA,  24, 130N, 1437W,  57,  992, XX,  50, NEQ,   21,   24,    0,   18, 1004,   37,  18,   0,   0,    ,   0,    , 276,   6,           ,  ,  0,    ,    0,    0,    0,    0, THERMO PARAMS, 36, 666, 979, N, 10, DT, -999, SHR82, -99, 
EP, 12, 2026083006, 03, HFSA,  30, 132N, 1447W,  62,  987, XX,  34, NEQ,   63,   45,   50,   71,  991,   12,  15,   0,   0,    ,   0,    , 276,   7,           ,  ,  0,    ,    0,    0,    0,    0, THERMO PARAMS, 9, 724, 1085, N, 10, DT, -999, SHR82, -99, 
EP, 12, 2026083006, 03, HFSA,  30, 132N, 1447W,  62,  987, XX,  50, NEQ,   28,   23,   23,   21,  991,   12,  15,   0,   0,    ,   0,    , 276,   7,           ,  ,  0,    ,    0,    0,    0,    0, THERMO PARAMS, 9, 724, 1085, N, 10, DT, -999, SHR82, -99, 
EP, 12, 2026083006, 03, HFSA,  36, 132N, 1456W,  61,  986, XX,  34, NEQ,   62,   50,   58,   78,  998,   24,  16,   0,   0,    ,   0,    , 278,   7,           ,  ,  0,    ,    0,    0,    0,    0, THERMO PARAMS, 5, 533, 1225, N, 10, DT, -999, SHR82, -99, 
EP, 12, 2026083006, 03, HFSA,  36, 132N, 1456W,  61,  986, XX,  50, NEQ,   29,   16,   24,   28,  998,   24,  16,   0,   0,    ,   0,    , 278,   7,           ,  ,  0,    ,    0,    0,    0,    0, THERMO PARAMS, 5, 533, 1225, N, 10, DT, -999, SHR82, -99, 
EP, 12, 2026083006, 03, HFSA,  42, 134N, 1464W,  73,  975, XX,  34, NEQ,   70,   53,   60,   79,  995,   24,  12,   0,   0,    ,   0,    , 290,   6,           ,  ,  0,    ,    0,    0,    0,    0, THERMO PARAMS, 5, 960, 1466, N, 10, DT, -999, SHR82, -99, 
EP, 12, 2026083006, 03, HFSA,  42, 134N, 1464W,  73,  975, XX,  50, NEQ,   32,   23,   21,   31,  995,   24,  12,   0,   0,    ,   0,    , 290,   6,           ,  ,  0,    ,    0,    0,    0,    0, THERMO PARAMS, 5, 960, 1466, N, 10, DT, -999, SHR82, -99, 
EP, 12, 2026083006, 03, HFSA,  42, 134N, 1464W,  73,  975, XX,  64, NEQ,   16,   13,   11,   18,  995,   24,  12,   0,   0,    ,   0,    , 290,   6,           ,  ,  0,    ,    0,    0,    0,    0, THERMO PARAMS, 5, 960, 1466, N, 10, DT, -999, SHR82, -99, 
EP, 12, 2026083006, 03, HFSA,  48, 136N, 1470W,  81,  968, XX,  34, NEQ,   81,   53,   49,   92, 1000,   33,  12,   0,   0,    ,   0,    , 285,   6,           ,  ,  0,    ,    0,    0,    0,    0, THERMO PARAMS, 13, 1334, 1958, N, 10, DT, -999, SHR82, -99, 
EP, 12, 2026083006, 03, HFSA,  48, 136N, 1470W,  81,  968, XX,  50, NEQ,   32,   28,   26,   31, 1000,   33,  12,   0,   0,    ,   0,    , 285,   6,           ,  ,  0,    ,    0,    0,    0,    0, THERMO PARAMS, 13, 1334, 1958, N, 10, DT, -999, SHR82, -99, 
EP, 12, 2026083006, 03, HFSA,  48, 136N, 1470W,  81,  968, XX,  64, NEQ,   19,   16,   16,   19, 1000,   33,  12,   0,   0,    ,   0,    , 285,   6,           ,  ,  0,    ,    0,    0,    0,    0, THERMO PARAMS, 13, 1334, 1958, N, 10, DT, -999, SHR82, -99, 
EP, 12, 2026083006, 03, HFSA,  54, 138N, 1479W, 102,  959, XX,  34, NEQ,   87,   62,   62,   79,  995,   31,  11,   0,   0,    ,   0,    , 288,   7,           ,  ,  0,    ,    0,    0,    0,    0, THERMO PARAMS, -18, 1579, 2496, N, 10, DT, -999, SHR82, -99, 
EP, 12, 2026083006, 03, HFSA,  54, 138N, 1479W, 102,  959, XX,  50, NEQ,   37,   31,   29,   36,  995,   31,  11,   0,   0,    ,   0,    , 288,   7,           ,  ,  0,    ,    0,    0,    0,    0, THERMO PARAMS, -18, 1579, 2496, N, 10, DT, -999, SHR82, -99, 
EP, 12, 2026083006, 03, HFSA,  54, 138N, 1479W, 102,  959, XX,  64, NEQ,   26,   21,   19,   24,  995,   31,  11,   0,   0,    ,   0,    , 288,   7,           ,  ,  0,    ,    0,    0,    0,    0, THERMO PARAMS, -18, 1579, 2496, N, 10, DT, -999, SHR82, -99, 
EP, 12, 2026083006, 03, HFSA,  60, 141N, 1486W, 108,  955, XX,  34, NEQ,   92,   68,   66,   87,  999,   39,  12,   0,   0,    ,   0,    , 289,   7,           ,  ,  0,    ,    0,    0,    0,    0, THERMO PARAMS, -20, 1626, 2779, N, 10, DT, -999, SHR82, -99, 
EP, 12, 2026083006, 03, HFSA,  60, 141N, 1486W, 108,  955, XX,  50, NEQ,   40,   32,   29,   44,  999,   39,  12,   0,   0,    ,   0,    , 289,   7,           ,  ,  0,    ,    0,    0,    0,    0, THERMO PARAMS, -20, 1626, 2779, N, 10, DT, -999, SHR82, -99, 
EP, 12, 2026083006, 03, HFSA,  60, 141N, 1486W, 108,  955, XX,  64, NEQ,   26,   23,   23,   26,  999,   39,  12,   0,   0,    ,   0,    , 289,   7,           ,  ,  0,    ,    0,    0,    0,    0, THERMO PARAMS, -20, 1626, 2779, N, 10, DT, -999, SHR82, -99, 
EP, 12, 2026083006, 03, HFSA,  66, 145N, 1496W, 119,  947, XX,  34, NEQ,  100,   73,   66,   92,  999,   49,  12,   0,   0,    ,   0,    , 290,   8,           ,  ,  0,    ,    0,    0,    0,    0, THERMO PARAMS, -21, 1869, 2978, N, 10, DT, -999, SHR82, -99, 
EP, 12, 2026083006, 03, HFSA,  66, 145N, 1496W, 119,  947, XX,  50, NEQ,   50,   39,   42,   50,  999,   49,  12,   0,   0,    ,   0,    , 290,   8,           ,  ,  0,    ,    0,    0,    0,    0, THERMO PARAMS, -21, 1869, 2978, N, 10, DT, -999, SHR82, -99, 
EP, 12, 2026083006, 03, HFSA,  66, 145N, 1496W, 119,  947, XX,  64, NEQ,   32,   26,   24,   32,  999,   49,  12,   0,   0,    ,   0,    , 290,   8,           ,  ,  0,    ,    0,    0,    0,    0, THERMO PARAMS, -21, 1869, 2978, N, 10, DT, -999, SHR82, -99, 
EP, 12, 2026083006, 03, HFSA,  72, 146N, 1505W, 110,  949, XX,  34, NEQ,  110,   65,   66,  108, 1005,   75,  13,   0,   0,    ,   0,    , 280,   8,           ,  ,  0,    ,    0,    0,    0,    0, THERMO PARAMS, -42, 1833, 2937, N, 10, DT, -999, SHR82, -99, 
EP, 12, 2026083006, 03, HFSA,  72, 146N, 1505W, 110,  949, XX,  50, NEQ,   52,   42,   40,   52, 1005,   75,  13,   0,   0,    ,   0,    , 280,   8,           ,  ,  0,    ,    0,    0,    0,    0, THERMO PARAMS, -42, 1833, 2937, N, 10, DT, -999, SHR82, -99, 
EP, 12, 2026083006, 03, HFSA,  72, 146N, 1505W, 110,  949, XX,  64, NEQ,   34,   31,   31,   36, 1005,   75,  13,   0,   0,    ,   0,    , 280,   8,           ,  ,  0,    ,    0,    0,    0,    0, THERMO PARAMS, -42, 1833, 2937, N, 10, DT, -999, SHR82, -99, 
EP, 12, 2026083006, 03, HFSA,  78, 149N, 1514W, 112,  949, XX,  34, NEQ,  102,   81,   62,  102, 1001,   60,  18,   0,   0,    ,   0,    , 288,   8,           ,  ,  0,    ,    0,    0,    0,    0, THERMO PARAMS, -16, 1727, 2989, N, 10, DT, -999, SHR82, -99, 
EP, 12, 2026083006, 03, HFSA,  78, 149N, 1514W, 112,  949, XX,  50, NEQ,   55,   45,   37,   52, 1001,   60,  18,   0,   0,    ,   0,    , 288,   8,           ,  ,  0,    ,    0,    0,    0,    0, THERMO PARAMS, -16, 1727, 2989, N, 10, DT, -999, SHR82, -99, 
EP, 12, 2026083006, 03, HFSA,  78, 149N, 1514W, 112,  949, XX,  64, NEQ,   34,   36,   29,   34, 1001,   60,  18,   0,   0,    ,   0,    , 288,   8,           ,  ,  0,    ,    0,    0,    0,    0, THERMO PARAMS, -16, 1727, 2989, N, 10, DT, -999, SHR82, -99, 
EP, 12, 2026083006, 03, HFSA,  84, 152N, 1524W, 118,  951, XX,  34, NEQ,  118,   81,   70,  105, 1003,   60,  13,   0,   0,    ,   0,    , 288,   9,           ,  ,  0,    ,    0,    0,    0,    0, THERMO PARAMS, -25, 1758, 2918, N, 10, DT, -999, SHR82, -99, 
EP, 12, 2026083006, 03, HFSA,  84, 152N, 1524W, 118,  951, XX,  50, NEQ,   55,   45,   39,   55, 1003,   60,  13,   0,   0,    ,   0,    , 288,   9,           ,  ,  0,    ,    0,    0,    0,    0, THERMO PARAMS, -25, 1758, 2918, N, 10, DT, -999, SHR82, -99, 
EP, 12, 2026083006, 03, HFSA,  84, 152N, 1524W, 118,  951, XX,  64, NEQ,   37,   34,   29,   36, 1003,   60,  13,   0,   0,    ,   0,    , 288,   9,           ,  ,  0,    ,    0,    0,    0,    0, THERMO PARAMS, -25, 1758, 2918, N, 10, DT, -999, SHR82, -99, 
EP, 12, 2026083006, 03, HFSA,  90, 157N, 1534W, 122,  947, XX,  34, NEQ,  110,   76,   71,  107,  999,   50,  14,   0,   0,    ,   0,    , 296,  10,           ,  ,  0,    ,    0,    0,    0,    0, THERMO PARAMS, -45, 2032, 2967, N, 10, DT, -999, SHR82, -99, 
EP, 12, 2026083006, 03, HFSA,  90, 157N, 1534W, 122,  947, XX,  50, NEQ,   50,   44,   42,   53,  999,   50,  14,   0,   0,    ,   0,    , 296,  10,           ,  ,  0,    ,    0,    0,    0,    0, THERMO PARAMS, -45, 2032, 2967, N, 10, DT, -999, SHR82, -99, 
EP, 12, 2026083006, 03, HFSA,  90, 157N, 1534W, 122,  947, XX,  64, NEQ,   36,   31,   29,   32,  999,   50,  14,   0,   0,    ,   0,    , 296,  10,           ,  ,  0,    ,    0,    0,    0,    0, THERMO PARAMS, -45, 2032, 2967, N, 10, DT, -999, SHR82, -99, 
EP, 12, 2026083006, 03, HFSA,  96, 161N, 1544W, 126,  947, XX,  34, NEQ,  118,   73,   70,  125,  999,   47,  16,   0,   0,    ,   0,    , 293,  10,           ,  ,  0,    ,    0,    0,    0,    0, THERMO PARAMS, -27, 2422, 2903, N, 10, DT, -999, SHR82, -99, 
EP, 12, 2026083006, 03, HFSA,  96, 161N, 1544W, 126,  947, XX,  50, NEQ,   57,   44,   42,   62,  999,   47,  16,   0,   0,    ,   0,    , 293,  10,           ,  ,  0,    ,    0,    0,    0,    0, THERMO PARAMS, -27, 2422, 2903, N, 10, DT, -999, SHR82, -99, 
EP, 12, 2026083006, 03, HFSA,  96, 161N, 1544W, 126,  947, XX,  64, NEQ,   39,   31,   32,   44,  999,   47,  16,   0,   0,    ,   0,    , 293,  10,           ,  ,  0,    ,    0,    0,    0,    0, THERMO PARAMS, -27, 2422, 2903, N, 10, DT, -999, SHR82, -99, 
EP, 12, 2026083006, 03, HFSA, 102, 165N, 1555W, 115,  948, XX,  34, NEQ,  128,   74,   81,  120,  996,   41,  16,   0,   0,    ,   0,    , 296,   8,           ,  ,  0,    ,    0,    0,    0,    0, THERMO PARAMS, -23, 2006, 3025, N, 10, DT, -999, SHR82, -99, 
EP, 12, 2026083006, 03, HFSA, 102, 165N, 1555W, 115,  948, XX,  50, NEQ,   55,   45,   49,   55,  996,   41,  16,   0,   0,    ,   0,    , 296,   8,           ,  ,  0,    ,    0,    0,    0,    0, THERMO PARAMS, -23, 2006, 3025, N, 10, DT, -999, SHR82, -99, 
EP, 12, 2026083006, 03, HFSA, 102, 165N, 1555W, 115,  948, XX,  64, NEQ,   34,   32,   34,   37,  996,   41,  16,   0,   0,    ,   0,    , 296,   8,           ,  ,  0,    ,    0,    0,    0,    0, THERMO PARAMS, -23, 2006, 3025, N, 10, DT, -999, SHR82, -99, 
EP, 12, 2026083006, 03, HFSA, 108, 169N, 1564W, 107,  954, XX,  34, NEQ,  128,   74,   71,   99, 1006,   78,  15,   0,   0,    ,   0,    , 299,   8,           ,  ,  0,    ,    0,    0,    0,    0, THERMO PARAMS, -28, 2001, 2549, N, 10, DT, -999, SHR82, -99, 
EP, 12, 2026083006, 03, HFSA, 108, 169N, 1564W, 107,  954, XX,  50, NEQ,   63,   47,   45,   53, 1006,   78,  15,   0,   0,    ,   0,    , 299,   8,           ,  ,  0,    ,    0,    0,    0,    0, THERMO PARAMS, -28, 2001, 2549, N, 10, DT, -999, SHR82, -99, 
EP, 12, 2026083006, 03, HFSA, 108, 169N, 1564W, 107,  954, XX,  64, NEQ,   37,   34,   34,   40, 1006,   78,  15,   0,   0,    ,   0,    , 299,   8,           ,  ,  0,    ,    0,    0,    0,    0, THERMO PARAMS, -28, 2001, 2549, N, 10, DT, -999, SHR82, -99, 
EP, 12, 2026083006, 03, HFSA, 114, 173N, 1572W, 103,  957, XX,  34, NEQ,  183,   74,   65,   87, 1005,   84,  19,   0,   0,    ,   0,    , 298,   7,           ,  ,  0,    ,    0,    0,    0,    0, THERMO PARAMS, -21, 1809, 2405, N, 10, DT, -999, SHR82, -99, 
EP, 12, 2026083006, 03, HFSA, 114, 173N, 1572W, 103,  957, XX,  50, NEQ,   60,   42,   39,   55, 1005,   84,  19,   0,   0,    ,   0,    , 298,   7,           ,  ,  0,    ,    0,    0,    0,    0, THERMO PARAMS, -21, 1809, 2405, N, 10, DT, -999, SHR82, -99, 
EP, 12, 2026083006, 03, HFSA, 114, 173N, 1572W, 103,  957, XX,  64, NEQ,   39,   31,   31,   40, 1005,   84,  19,   0,   0,    ,   0,    , 298,   7,           ,  ,  0,    ,    0,    0,    0,    0, THERMO PARAMS, -21, 1809, 2405, N, 10, DT, -999, SHR82, -99, 
EP, 12, 2026083006, 03, HFSA, 120, 176N, 1578W,  97,  961, XX,  34, NEQ,  201,   74,   60,   87,  997,   42,  15,   0,   0,    ,   0,    , 289,   6,           ,  ,  0,    ,    0,    0,    0,    0, THERMO PARAMS, -8, 1633, 2227, N, 10, DT, -999, SHR82, -99, 
EP, 12, 2026083006, 03, HFSA, 120, 176N, 1578W,  97,  961, XX,  50, NEQ,   58,   44,   39,   52,  997,   42,  15,   0,   0,    ,   0,    , 289,   6,           ,  ,  0,    ,    0,    0,    0,    0, THERMO PARAMS, -8, 1633, 2227, N, 10, DT, -999, SHR82, -99, 
EP, 12, 2026083006, 03, HFSA, 120, 176N, 1578W,  97,  961, XX,  64, NEQ,   39,   34,   29,   39,  997,   42,  15,   0,   0,    ,   0,    , 289,   6,           ,  ,  0,    ,    0,    0,    0,    0, THERMO PARAMS, -8, 1633, 2227, N, 10, DT, -999, SHR82, -99, 
EP, 12, 2026083006, 03, HFSA, 126, 181N, 1585W,  97,  961, XX,  34, NEQ,  191,   89,   62,   78,  997,   45,  14,   0,   0,    ,   0,    , -99, -99,           ,  ,  0,    ,    0,    0,    0,    0, THERMO PARAMS, -14, 1689, 2234, N, 10, DT, -999, SHR82, -99, 
EP, 12, 2026083006, 03, HFSA, 126, 181N, 1585W,  97,  961, XX,  50, NEQ,   60,   44,   40,   53,  997,   45,  14,   0,   0,    ,   0,    , -99, -99,           ,  ,  0,    ,    0,    0,    0,    0, THERMO PARAMS, -14, 1689, 2234, N, 10, DT, -999, SHR82, -99, 
EP, 12, 2026083006, 03, HFSA, 126, 181N, 1585W,  97,  961, XX,  64, NEQ,   34,   31,   29,   39,  997,   45,  14,   0,   0,    ,   0,    , -99, -99,           ,  ,  0,    ,    0,    0,    0,    0, THERMO PARAMS, -14, 1689, 2234, N, 10, DT, -999, SHR82, -99, 
EP, 12, 2026083006, 03, TVCN,   0, 132N, 1386W,   0,    0,   ,   0,    ,    0,    0,    0,    0, 
EP, 12, 2026083006, 03, TVCN,  12, 131N, 1407W,   0,    0,   ,   0,    ,    0,    0,    0,    0, 
EP, 12, 2026083006, 03, TVCN,  24, 132N, 1426W,   0,    0,   ,   0,    ,    0,    0,    0,    0, 
EP, 12, 2026083006, 03, TVCN,  36, 133N, 1444W,   0,    0,   ,   0,    ,    0,    0,    0,    0, 
EP, 12, 2026083006, 03, TVCN,  48, 135N, 1460W,   0,    0,   ,   0,    ,    0,    0,    0,    0, 
EP, 12, 2026083006, 03, TVCN,  60, 137N, 1475W,   0,    0,   ,   0,    ,    0,    0,    0,    0, 
EP, 12, 2026083006, 03, TVCN,  72, 140N, 1488W,   0,    0,   ,   0,    ,    0,    0,    0,    0, 
EP, 12, 2026083006, 03, TVCN,  84, 143N, 1502W,   0,    0,   ,   0,    ,    0,    0,    0,    0, 
EP, 12, 2026083006, 03, TVCN,  96, 148N, 1514W,   0,    0,   ,   0,    ,    0,    0,    0,    0, 
EP, 12, 2026083006, 03, TVCN, 108, 154N, 1527W,   0,    0,   ,   0,    ,    0,    0,    0,    0, 
EP, 12, 2026083006, 03, TVCN, 120, 159N, 1539W,   0,    0,   ,   0,    ,    0,    0,    0,    0, 
EP, 12, 2026083006, 03, TVCN, 132, 163N, 1551W,   0,    0,   ,   0,    ,    0,    0,    0,    0, 
EP, 12, 2026083006, 03, TVCN, 144, 156N, 1566W,   0,    0,   ,   0,    ,    0,    0,    0,    0, 
EP, 12, 2026083006, 03, TVCN, 156, 160N, 1575W,   0,    0,   ,   0,    ,    0,    0,    0,    0, 
EP, 12, 2026083006, 03, TVCN, 168, 168N, 1584W,   0,    0,   ,   0,    ,    0,    0,    0,    0, 
EP, 12, 2026083012, 03,  UKX,   0, 127N, 1403W,  30, 1002, XX,  34, NEQ,    0,    0,    0,    0, 
EP, 12, 2026083012, 03,  UKX,   6, 128N, 1414W,  31, 1005, XX,  34, NEQ,    0,    0,    0,    0, 
EP, 12, 2026083012, 03,  UKX,  12, 131N, 1425W,  30, 1002, XX,  34, NEQ,    0,    0,    0,    0, 
EP, 12, 2026083012, 03,  UKX,  18, 130N, 1438W,  30, 1005, XX,  34, NEQ,    0,    0,    0,    0, 
EP, 12, 2026083012, 03,  UKX,  24, 127N, 1450W,  31, 1001, XX,  34, NEQ,    0,    0,    0,    0, 
EP, 12, 2026083012, 03,  UKX,  30, 127N, 1459W,  32, 1003, XX,  34, NEQ,    0,    0,    0,    0, 
EP, 12, 2026083012, 03,  UKX,  36, 129N, 1468W,  34, 1000, XX,  34, NEQ,    0,    0,    0,    0, 
EP, 12, 2026083012, 03,  UKX,  42, 131N, 1476W,  35, 1002, XX,  34, NEQ,   59,    0,    0,   45, 
EP, 12, 2026083012, 03,  UKX,  48, 132N, 1487W,  36,  998, XX,  34, NEQ,   54,    0,    0,   49, 
EP, 12, 2026083012, 03,  UKX,  54, 133N, 1495W,  38,  999, XX,  34, NEQ,   81,    0,   41,   60, 
EP, 12, 2026083012, 03,  UKX,  60, 135N, 1505W,  40,  996, XX,  34, NEQ,   77,   31,   39,   64, 
EP, 12, 2026083012, 03,  UKX,  66, 135N, 1515W,  43,  997, XX,  34, NEQ,   77,   43,   46,   78, 
EP, 12, 2026083012, 03,  UKX,  72, 136N, 1526W,  42,  994, XX,  34, NEQ,   88,   49,   46,   88, 
EP, 12, 2026083012, 03,  UKX,  78, 137N, 1536W,  45,  995, XX,  34, NEQ,  102,   63,   43,   96, 
EP, 12, 2026083012, 03,  UKX,  84, 138N, 1546W,  46,  993, XX,  34, NEQ,  116,   65,   55,  102, 
EP, 12, 2026083012, 03,  UKX,  90, 139N, 1555W,  49,  993, XX,  34, NEQ,  133,   76,   60,  112, 
EP, 12, 2026083012, 03,  UKX,  96, 141N, 1563W,  52,  991, XX,  34, NEQ,  127,   79,   68,  106, 
EP, 12, 2026083012, 03,  UKX,  96, 141N, 1563W,  52,  991, XX,  50, NEQ,   31,    0,    0,   26, 
EP, 12, 2026083012, 03,  UKX, 102, 142N, 1570W,  53,  992, XX,  34, NEQ,  130,   62,   71,  109, 
EP, 12, 2026083012, 03,  UKX, 102, 142N, 1570W,  53,  992, XX,  50, NEQ,   41,    0,    0,   36, 
EP, 12, 2026083012, 03,  UKX, 108, 143N, 1576W,  51,  990, XX,  34, NEQ,  129,   77,   83,  130, 
EP, 12, 2026083012, 03,  UKX, 108, 143N, 1576W,  51,  990, XX,  50, NEQ,   45,    0,    0,   39, 
EP, 12, 2026083012, 03,  UKX, 114, 143N, 1581W,  52,  991, XX,  34, NEQ,  138,   92,   92,  121, 
EP, 12, 2026083012, 03,  UKX, 114, 143N, 1581W,  52,  991, XX,  50, NEQ,    0,    0,   40,   34, 
EP, 12, 2026083012, 03,  UKX, 120, 142N, 1584W,  52,  989, XX,  34, NEQ,  150,   79,   92,  108, 
EP, 12, 2026083012, 03,  UKX, 120, 142N, 1584W,  52,  989, XX,  50, NEQ,    0,    0,   42,   37, 
EP, 12, 2026083012, 03,  UKX, 126, 141N, 1586W,  52,  990, XX,  34, NEQ,  114,   90,   87,  114, 
EP, 12, 2026083012, 03,  UKX, 126, 141N, 1586W,  52,  990, XX,  50, NEQ,    0,    0,   40,    0, 
EP, 12, 2026083012, 03,  UKX, 132, 142N, 1588W,  51,  988, XX,  34, NEQ,  100,   82,   81,  118, 
EP, 12, 2026083012, 03,  UKX, 132, 142N, 1588W,  51,  988, XX,  50, NEQ,    0,    0,   38,    0, 
EP, 12, 2026083012, 03,  UKX, 138, 141N, 1591W,  50,  988, XX,  34, NEQ,  105,   80,   82,  119, 
EP, 12, 2026083012, 03,  UKX, 138, 141N, 1591W,  50,  988, XX,  50, NEQ,    0,    0,   38,    0, 
EP, 12, 2026083012, 03,  UKX, 144, 141N, 1594W,  53,  986, XX,  34, NEQ,  103,   83,   89,  106, 
EP, 12, 2026083012, 03,  UKX, 144, 141N, 1594W,  53,  986, XX,  50, NEQ,   45,   40,   37,   41, 
EP, 12, 2026083012, 03, AVNO,   0, 129N, 1398W,  35, 1000, XX,  34, NEQ,   47,   49,    0,    0, 1004,   44,  48,   0,   0, 
EP, 12, 2026083012, 03, AVNO,   6, 131N, 1412W,  37, 1002, XX,  34, NEQ,   58,    0,    0,   40, 1010,  129,  47,   0,   0, 
EP, 12, 2026083012, 03, AVNO,  12, 131N, 1423W,  39,  994, XX,  34, NEQ,   41,   31,   23,   47, 1006,   79,  26,   0,   0, 
EP, 12, 2026083012, 03, AVNO,  18, 129N, 1433W,  45,  993, XX,  34, NEQ,   51,   32,   32,   40, 1009,  108,  19,   0,   0, 
EP, 12, 2026083012, 03, AVNO,  24, 130N, 1441W,  50,  989, XX,  34, NEQ,   44,   37,   40,   47, 1005,   64,  17,   0,   0, 
EP, 12, 2026083012, 03, AVNO,  24, 130N, 1441W,  50,  989, XX,  50, NEQ,    0,    0,    0,   18, 1005,   64,  17,   0,   0, 
EP, 12, 2026083012, 03, AVNO,  30, 131N, 1448W,  45,  993, XX,  34, NEQ,   50,   49,   41,   50, 1009,   90,  25,   0,   0, 
EP, 12, 2026083012, 03, AVNO,  36, 133N, 1456W,  55,  983, XX,  34, NEQ,   45,   39,   42,   61, 1007,  142,  19,   0,   0, 
EP, 12, 2026083012, 03, AVNO,  36, 133N, 1456W,  55,  983, XX,  50, NEQ,   21,   24,   21,   26, 1007,  142,  19,   0,   0, 
EP, 12, 2026083012, 03, AVNO,  42, 134N, 1463W,  56,  986, XX,  34, NEQ,   48,   46,   45,   58, 1010,  226,  21,   0,   0, 
EP, 12, 2026083012, 03, AVNO,  42, 134N, 1463W,  56,  986, XX,  50, NEQ,   24,   24,    0,   25, 1010,  226,  21,   0,   0, 
EP, 12, 2026083012, 03, AVNO,  48, 136N, 1471W,  66,  976, XX,  34, NEQ,   62,   50,   45,   54, 1008,  194,  20,   0,   0, 
EP, 12, 2026083012, 03, AVNO,  48, 136N, 1471W,  66,  976, XX,  50, NEQ,   32,   27,   26,   26, 1008,  194,  20,   0,   0, 
EP, 12, 2026083012, 03, AVNO,  48, 136N, 1471W,  66,  976, XX,  64, NEQ,   21,    0,    0,    0, 1008,  194,  20,   0,   0, 
EP, 12, 2026083012, 03, AVNO,  54, 138N, 1478W,  76,  973, XX,  34, NEQ,   71,   47,   50,   62,  997,   31,  19,   0,   0, 
EP, 12, 2026083012, 03, AVNO,  54, 138N, 1478W,  76,  973, XX,  50, NEQ,   32,   29,   32,   29,  997,   31,  19,   0,   0, 
EP, 12, 2026083012, 03, AVNO,  54, 138N, 1478W,  76,  973, XX,  64, NEQ,   28,   19,   19,   23,  997,   31,  19,   0,   0, 
EP, 12, 2026083012, 03, AVNO,  60, 140N, 1486W,  77,  966, XX,  34, NEQ,   80,   52,   58,   79, 1006,  110,  18,   0,   0, 
EP, 12, 2026083012, 03, AVNO,  60, 140N, 1486W,  77,  966, XX,  50, NEQ,   34,   32,   35,   37, 1006,  110,  18,   0,   0, 
EP, 12, 2026083012, 03, AVNO,  60, 140N, 1486W,  77,  966, XX,  64, NEQ,   26,    0,   23,   26, 1006,  110,  18,   0,   0, 
EP, 12, 2026083012, 03, AVNO,  66, 142N, 1493W,  86,  965, XX,  34, NEQ,   93,   53,   70,   92,  993,   30,  17,   0,   0, 
EP, 12, 2026083012, 03, AVNO,  66, 142N, 1493W,  86,  965, XX,  50, NEQ,   37,   33,   36,   41,  993,   30,  17,   0,   0, 
EP, 12, 2026083012, 03, AVNO,  66, 142N, 1493W,  86,  965, XX,  64, NEQ,   29,   26,   27,   30,  993,   30,  17,   0,   0, 
EP, 12, 2026083012, 03, AVNO,  72, 145N, 1503W,  81,  964, XX,  34, NEQ,   98,   55,   61,   96,  988,   29,  18,   0,   0, 
EP, 12, 2026083012, 03, AVNO,  72, 145N, 1503W,  81,  964, XX,  50, NEQ,   40,   40,   35,   43,  988,   29,  18,   0,   0, 
EP, 12, 2026083012, 03, AVNO,  72, 145N, 1503W,  81,  964, XX,  64, NEQ,   30,   23,   24,   31,  988,   29,  18,   0,   0, 
EP, 12, 2026083012, 03, AVNO,  78, 146N, 1512W,  76,  967, XX,  34, NEQ,   96,   62,   62,   92,  991,   33,  17,   0,   0, 
EP, 12, 2026083012, 03, AVNO,  78, 146N, 1512W,  76,  967, XX,  50, NEQ,   39,   41,   36,   46,  991,   33,  17,   0,   0, 
EP, 12, 2026083012, 03, AVNO,  78, 146N, 1512W,  76,  967, XX,  64, NEQ,   31,   33,   27,   32,  991,   33,  17,   0,   0, 
EP, 12, 2026083012, 03, AVNO,  84, 149N, 1520W,  77,  966, XX,  34, NEQ,  102,   59,   65,  101, 1006,  107,  17,   0,   0, 
EP, 12, 2026083012, 03, AVNO,  84, 149N, 1520W,  77,  966, XX,  50, NEQ,   43,   37,   38,   43, 1006,  107,  17,   0,   0, 
EP, 12, 2026083012, 03, AVNO,  84, 149N, 1520W,  77,  966, XX,  64, NEQ,   36,   31,   31,   29, 1006,  107,  17,   0,   0, 
EP, 12, 2026083012, 03, AVNO,  90, 152N, 1528W,  73,  969, XX,  34, NEQ,  111,   64,   70,  106,  989,   32,  24,   0,   0, 
EP, 12, 2026083012, 03, AVNO,  90, 152N, 1528W,  73,  969, XX,  50, NEQ,   50,   38,   42,   52,  989,   32,  24,   0,   0, 
EP, 12, 2026083012, 03, AVNO,  90, 152N, 1528W,  73,  969, XX,  64, NEQ,   32,    0,   30,   33,  989,   32,  24,   0,   0, 
EP, 12, 2026083012, 03, AVNO,  96, 157N, 1536W,  78,  970, XX,  34, NEQ,  112,   65,   68,  103, 1006,   99,  22,   0,   0, 
EP, 12, 2026083012, 03, AVNO,  96, 157N, 1536W,  78,  970, XX,  50, NEQ,   56,   43,   43,   55, 1006,   99,  22,   0,   0, 
EP, 12, 2026083012, 03, AVNO,  96, 157N, 1536W,  78,  970, XX,  64, NEQ,   28,   32,   31,   36, 1006,   99,  22,   0,   0, 
EP, 12, 2026083012, 03, AVNO, 102, 161N, 1544W,  76,  972, XX,  34, NEQ,  106,   65,   80,  115,  992,   33,  24,   0,   0, 
EP, 12, 2026083012, 03, AVNO, 102, 161N, 1544W,  76,  972, XX,  50, NEQ,   59,   40,   46,   58,  992,   33,  24,   0,   0, 
EP, 12, 2026083012, 03, AVNO, 102, 161N, 1544W,  76,  972, XX,  64, NEQ,   38,   32,   31,   31,  992,   33,  24,   0,   0, 
EP, 12, 2026083012, 03, AVNO, 108, 165N, 1552W,  73,  970, XX,  34, NEQ,  108,   70,   90,  135,  986,   29,  18,   0,   0, 
EP, 12, 2026083012, 03, AVNO, 108, 165N, 1552W,  73,  970, XX,  50, NEQ,   61,   43,   44,   60,  986,   29,  18,   0,   0, 
EP, 12, 2026083012, 03, AVNO, 108, 165N, 1552W,  73,  970, XX,  64, NEQ,   30,   31,   29,   28,  986,   29,  18,   0,   0, 
EP, 12, 2026083012, 03, AVNO, 114, 168N, 1559W,  71,  973, XX,  34, NEQ,  118,   69,   66,  208,  993,   37,  26,   0,   0, 
EP, 12, 2026083012, 03, AVNO, 114, 168N, 1559W,  71,  973, XX,  50, NEQ,   55,   45,   43,   60,  993,   37,  26,   0,   0, 
EP, 12, 2026083012, 03, AVNO, 114, 168N, 1559W,  71,  973, XX,  64, NEQ,   29,   33,   32,   31,  993,   37,  26,   0,   0, 
EP, 12, 2026083012, 03, AVNO, 120, 172N, 1567W,  64,  975, XX,  34, NEQ,  199,   62,   59,  167, 1007,  146,  22,   0,   0, 
EP, 12, 2026083012, 03, AVNO, 120, 172N, 1567W,  64,  975, XX,  50, NEQ,   50,   38,   39,   50, 1007,  146,  22,   0,   0, 
EP, 12, 2026083012, 03, AVNO, 120, 172N, 1567W,  64,  975, XX,  64, NEQ,    0,    0,    0,   23, 1007,  146,  22,   0,   0, 
EP, 12, 2026083012, 03, AVNO, 126, 175N, 1575W,  65,  979, XX,  34, NEQ,  180,   57,   60,   68, 1007,  102,  30,   0,   0, 
EP, 12, 2026083012, 03, AVNO, 126, 175N, 1575W,  65,  979, XX,  50, NEQ,   45,   38,   36,   42, 1007,  102,  30,   0,   0, 
EP, 12, 2026083012, 03, AVNO, 126, 175N, 1575W,  65,  979, XX,  64, NEQ,   31,    0,    0,    0, 1007,  102,  30,   0,   0, 
EP, 12, 2026083012, 03, AVNO, 132, 180N, 1583W,  62,  980, XX,  34, NEQ,  208,   60,   55,   61, 1004,   65,  29,   0,   0, 
EP, 12, 2026083012, 03, AVNO, 132, 180N, 1583W,  62,  980, XX,  50, NEQ,   44,   36,   33,   39, 1004,   65,  29,   0,   0, 
EP, 12, 2026083012, 03, AVNO, 138, 184N, 1589W,  59,  982, XX,  34, NEQ,   72,   55,   49,   65, 1006,  103,  26,   0,   0, 
EP, 12, 2026083012, 03, AVNO, 138, 184N, 1589W,  59,  982, XX,  50, NEQ,   39,   34,   34,   41, 1006,  103,  26,   0,   0, 
EP, 12, 2026083012, 03, AVNO, 144, 190N, 1597W,  58,  984, XX,  34, NEQ,   74,   59,   46,   62, 1004,   61,  21,   0,   0, 
EP, 12, 2026083012, 03, AVNO, 144, 190N, 1597W,  58,  984, XX,  50, NEQ,   42,    0,    0,   38, 1004,   61,  21,   0,   0, 
EP, 12, 2026083012, 03, AVNO, 150, 195N, 1606W,  57,  987, XX,  34, NEQ,   68,   54,   51,   70, 1007,  124,  24,   0,   0, 
EP, 12, 2026083012, 03, AVNO, 150, 195N, 1606W,  57,  987, XX,  50, NEQ,   36,   21,   23,   37, 1007,  124,  24,   0,   0, 
EP, 12, 2026083012, 03, AVNO, 156, 203N, 1616W,  53,  988, XX,  34, NEQ,   72,   64,   42,   64, 1004,   59,  24,   0,   0, 
EP, 12, 2026083012, 03, AVNO, 156, 203N, 1616W,  53,  988, XX,  50, NEQ,   38,    0,    0,   33, 1004,   59,  24,   0,   0, 
EP, 12, 2026083012, 03, AVNO, 162, 211N, 1626W,  60,  989, XX,  34, NEQ,   74,   54,   51,   67, 1005,   57,  29,   0,   0, 
EP, 12, 2026083012, 03, AVNO, 162, 211N, 1626W,  60,  989, XX,  50, NEQ,   43,    0,    0,   37, 1005,   57,  29,   0,   0, 
EP, 12, 2026083012, 03, AVNO, 168, 220N, 1638W,  54,  991, XX,  34, NEQ,   86,   60,   42,  133, 1007,  156,  24,   0,   0, 
EP, 12, 2026083012, 03, AVNO, 168, 220N, 1638W,  54,  991, XX,  50, NEQ,   31,    0,    0,    0, 1007,  156,  24,   0,   0, 
EP, 12, 2026083012, 03, AVNO, 174, 231N, 1651W,  51,  996, XX,  34, NEQ,   91,   64,   37,   59, 1008,  902,  20,   0,   0, 
EP, 12, 2026083012, 03, AVNO, 174, 231N, 1651W,  51,  996, XX,  50, NEQ,   34,    0,    0,    0, 1008,  902,  20,   0,   0, 
EP, 12, 2026083012, 03, AVNO, 180, 244N, 1667W,  48,  998, XX,  34, NEQ,   86,   58,    0,   55, 1006,   45,  34,   0,   0, 
EP, 12, 2026083012, 03, AVNO, 186, 256N, 1685W,  46, 1000, XX,  34, NEQ,   93,   69,    0,   59, 1008,   62,  30,   0,   0, 
EP, 12, 2026083012, 03, AVNO, 192, 270N, 1705W,  45, 1002, XX,  34, NEQ,   93,   70,    0,   49, 1010,   89,  34,   0,   0, 
EP, 12, 2026083012, 03, AVNO, 198, 284N, 1725W,  48,  997, XX,  34, NEQ,   95,   82,   28,   50, 1009,   53,  44,   0,   0, 
EP, 12, 2026083012, 03, AVNO, 204, 298N, 1744W,  43, 1003, XX,  34, NEQ,   85,   63,    0,   70, 1011,   70,  37,   0,   0, 
EP, 12, 2026083012, 03, AVNO, 210, 313N, 1766W,  42, 1002, XX,  34, NEQ,  100,   41,   28,   58, 1010,   67,  33,   0,   0, 
EP, 12, 2026083012, 03, AVNO, 216, 324N, 1785W,  49,  998, XX,  34, NEQ,   76,   42,    0,   51, 1010,   53,  44,   0,   0, 
EP, 12, 2026083012, 03, AVNO, 222, 331N, 1800E,  36, 1000, XX,  34, NEQ,   64,   55,    0,   32, 1012,   81,  28,   0,   0, 
EP, 12, 2026083012, 03, AVNO, 228, 336N, 1791E,  37, 1002, XX,  34, NEQ,   35,   44,    0,    0, 1010,   55,  31,   0,   0, 
EP, 12, 2026083012, 03, AVNO, 234, 342N, 1789E,  33, 1002, XX,  34, NEQ,    0,    0,    0,    0, 1010,   62,  34,   0,   0, 
EP, 12, 2026083012, 03, AVNO, 240, 345N, 1789E,  31, 1003, XX,  34, NEQ,    0,    0,    0,    0, 1011,   73,  31,   0,   0, 
EP, 12, 2026083012, 03, HCCA,   0, 133N, 1398W,  45,    0,   ,   0,    ,    0,    0,    0,    0, 
EP, 12, 2026083012, 03, HCCA,  12, 131N, 1423W,  49,    0,   ,   0,    ,    0,    0,    0,    0, 
EP, 12, 2026083012, 03, HCCA,  24, 131N, 1444W,  56,    0,   ,   0,    ,    0,    0,    0,    0, 
EP, 12, 2026083012, 03, HCCA,  36, 133N, 1464W,  59,    0,   ,   0,    ,    0,    0,    0,    0, 
EP, 12, 2026083012, 03, HCCA,  48, 135N, 1485W,  70,    0,   ,   0,    ,    0,    0,    0,    0, 
EP, 12, 2026083012, 03, HCCA,  60, 136N, 1505W,  86,    0,   ,   0,    ,    0,    0,    0,    0, 
EP, 12, 2026083012, 03, HCCA,  72, 136N, 1524W, 100,    0,   ,   0,    ,    0,    0,    0,    0, 
EP, 12, 2026083012, 03, HCCA,  84, 137N, 1543W, 109,    0,   ,   0,    ,    0,    0,    0,    0, 
EP, 12, 2026083012, 03, HCCA,  96, 140N, 1559W, 123,    0,   ,   0,    ,    0,    0,    0,    0, 
EP, 12, 2026083012, 03, HCCA, 108, 144N, 1574W, 132,    0,   ,   0,    ,    0,    0,    0,    0, 
EP, 12, 2026083012, 03, HCCA, 120, 147N, 1586W, 130,    0,   ,   0,    ,    0,    0,    0,    0, 
EP, 12, 2026083012, 03, HCCA, 132, 152N, 1594W, 144,    0,   ,   0,    ,    0,    0,    0,    0, 
EP, 12, 2026083012, 03, HCCA, 144, 158N, 1601W, 153,    0,   ,   0,    ,    0,    0,    0,    0, 
EP, 12, 2026083012, 03, HCCA, 156, 166N, 1606W, 161,    0,   ,   0,    ,    0,    0,    0,    0, 
EP, 12, 2026083012, 03, HCCA, 168, 175N, 1603W, 168,    0,   ,   0,    ,    0,    0,    0,    0, 
EP, 12, 2026083012, 03, HFSA,   0, 133N, 1399W,  44,  995, XX,  34, NEQ,   63,    0,    0,   49,  999,    7,  36,   0,   0,    ,   0,    , 277,  10,           ,  ,  0,    ,    0,    0,    0,    0, THERMO PARAMS, 74, -159, 501, N, 10, DT, -999, SHR82, -99, 
EP, 12, 2026083012, 03, HFSA,   6, 132N, 1418W,  42,  998, XX,  34, NEQ,   23,   18,   65,   65, 1002,   19,  18,   0,   0,    ,   0,    , 267,  13,           ,  ,  0,    ,    0,    0,    0,    0, THERMO PARAMS, 94, -445, 428, N, 10, DT, -999, SHR82, -99, 
EP, 12, 2026083012, 03, HFSA,  12, 132N, 1429W,  47,  997, XX,  34, NEQ,   31,   34,    0,   28, 1001,   17,  69,   0,   0,    ,   0,    , 270,   8,           ,  ,  0,    ,    0,    0,    0,    0, THERMO PARAMS, 63, 348, 274, N, 10, DT, -999, SHR82, -99, 
EP, 12, 2026083012, 03, HFSA,  18, 129N, 1437W,  53,  993, XX,  34, NEQ,   39,   39,   50,   60,  997,    6,  27,   0,   0,    ,   0,    , 245,   8,           ,  ,  0,    ,    0,    0,    0,    0, THERMO PARAMS, 44, 569, 616, N, 10, DT, -999, SHR82, -99, 
EP, 12, 2026083012, 03, HFSA,  18, 129N, 1437W,  53,  993, XX,  50, NEQ,    0,    0,   28,    0,  997,    6,  27,   0,   0,    ,   0,    , 245,   8,           ,  ,  0,    ,    0,    0,    0,    0, THERMO PARAMS, 44, 569, 616, N, 10, DT, -999, SHR82, -99, 
EP, 12, 2026083012, 03, HFSA,  24, 128N, 1442W,  44,  993, XX,  34, NEQ,   52,   37,   45,   42, 1001,   30,  22,   0,   0,    ,   0,    , 261,   6,           ,  ,  0,    ,    0,    0,    0,    0, THERMO PARAMS, 34, 996, 483, N, 10, DT, -999, SHR82, -99, 
EP, 12, 2026083012, 03, HFSA,  30, 128N, 1450W,  47,  992, XX,  34, NEQ,   47,   32,   49,   65, 1000,   22,  18,   0,   0,    ,   0,    , 271,   8,           ,  ,  0,    ,    0,    0,    0,    0, THERMO PARAMS, -10, 865, 738, N, 10, DT, -999, SHR82, -99, 
EP, 12, 2026083012, 03, HFSA,  36, 129N, 1457W,  51,  991, XX,  34, NEQ,   71,   37,   47,   74,  999,   32,  28,   0,   0,    ,   0,    , 286,   5,           ,  ,  0,    ,    0,    0,    0,    0, THERMO PARAMS, 21, 148, 1068, N, 10, DT, -999, SHR82, -99, 
EP, 12, 2026083012, 03, HFSA,  42, 131N, 1465W,  54,  994, XX,  34, NEQ,   84,   52,   58,   76, 1002,   35,  24,   0,   0,    ,   0,    , 281,   7,           ,  ,  0,    ,    0,    0,    0,    0, THERMO PARAMS, 14, 443, 616, N, 10, DT, -999, SHR82, -99, 
EP, 12, 2026083012, 03, HFSA,  42, 131N, 1465W,  54,  994, XX,  50, NEQ,    0,    0,   26,    0, 1002,   35,  24,   0,   0,    ,   0,    , 281,   7,           ,  ,  0,    ,    0,    0,    0,    0, THERMO PARAMS, 14, 443, 616, N, 10, DT, -999, SHR82, -99, 
EP, 12, 2026083012, 03, HFSA,  48, 133N, 1473W,  58,  988, XX,  34, NEQ,   55,   58,   73,   87, 1000,   40,  19,   0,   0,    ,   0,    , 299,   6,           ,  ,  0,    ,    0,    0,    0,    0, THERMO PARAMS, 16, 972, 797, N, 10, DT, -999, SHR82, -99, 
EP, 12, 2026083012, 03, HFSA,  48, 133N, 1473W,  58,  988, XX,  50, NEQ,   32,   26,    0,   26, 1000,   40,  19,   0,   0,    ,   0,    , 299,   6,           ,  ,  0,    ,    0,    0,    0,    0, THERMO PARAMS, 16, 972, 797, N, 10, DT, -999, SHR82, -99, 
EP, 12, 2026083012, 03, HFSA,  54, 135N, 1482W,  51,  987, XX,  34, NEQ,   73,   58,   52,   66, 1003,   45,  23,   0,   0,    ,   0,    , 291,   7,           ,  ,  0,    ,    0,    0,    0,    0, THERMO PARAMS, 16, 816, 1232, N, 10, DT, -999, SHR82, -99, 
EP, 12, 2026083012, 03, HFSA,  54, 135N, 1482W,  51,  987, XX,  50, NEQ,   23,    0,    0,    0, 1003,   45,  23,   0,   0,    ,   0,    , 291,   7,           ,  ,  0,    ,    0,    0,    0,    0, THERMO PARAMS, 16, 816, 1232, N, 10, DT, -999, SHR82, -99, 
EP, 12, 2026083012, 03, HFSA,  60, 135N, 1488W,  60,  980, XX,  34, NEQ,   79,   58,   65,   76,  984,    7,  18,   0,   0,    ,   0,    , 289,   5,           ,  ,  0,    ,    0,    0,    0,    0, THERMO PARAMS, -16, 1203, 1163, N, 10, DT, -999, SHR82, -99, 
EP, 12, 2026083012, 03, HFSA,  60, 135N, 1488W,  60,  980, XX,  50, NEQ,   34,   26,   26,   31,  984,    7,  18,   0,   0,    ,   0,    , 289,   5,           ,  ,  0,    ,    0,    0,    0,    0, THERMO PARAMS, -16, 1203, 1163, N, 10, DT, -999, SHR82, -99, 
EP, 12, 2026083012, 03, HFSA,  66, 136N, 1495W,  82,  972, XX,  34, NEQ,   89,   53,   60,   91, 1004,   55,  14,   0,   0,    ,   0,    , 277,   6,           ,  ,  0,    ,    0,    0,    0,    0, THERMO PARAMS, -32, 1718, 1912, N, 10, DT, -999, SHR82, -99, 
EP, 12, 2026083012, 03, HFSA,  66, 136N, 1495W,  82,  972, XX,  50, NEQ,   49,   29,   28,   37, 1004,   55,  14,   0,   0,    ,   0,    , 277,   6,           ,  ,  0,    ,    0,    0,    0,    0, THERMO PARAMS, -32, 1718, 1912, N, 10, DT, -999, SHR82, -99, 
EP, 12, 2026083012, 03, HFSA,  66, 136N, 1495W,  82,  972, XX,  64, NEQ,   29,   18,   18,   26, 1004,   55,  14,   0,   0,    ,   0,    , 277,   6,           ,  ,  0,    ,    0,    0,    0,    0, THERMO PARAMS, -32, 1718, 1912, N, 10, DT, -999, SHR82, -99, 
EP, 12, 2026083012, 03, HFSA,  72, 138N, 1502W,  99,  964, XX,  34, NEQ,  104,   68,   63,   91,  996,   35,  12,   0,   0,    ,   0,    , 282,   6,           ,  ,  0,    ,    0,    0,    0,    0, THERMO PARAMS, -30, 1706, 2255, N, 10, DT, -999, SHR82, -99, 
EP, 12, 2026083012, 03, HFSA,  72, 138N, 1502W,  99,  964, XX,  50, NEQ,   44,   34,   29,   45,  996,   35,  12,   0,   0,    ,   0,    , 282,   6,           ,  ,  0,    ,    0,    0,    0,    0, THERMO PARAMS, -30, 1706, 2255, N, 10, DT, -999, SHR82, -99, 
EP, 12, 2026083012, 03, HFSA,  72, 138N, 1502W,  99,  964, XX,  64, NEQ,   26,   24,   21,   23,  996,   35,  12,   0,   0,    ,   0,    , 282,   6,           ,  ,  0,    ,    0,    0,    0,    0, THERMO PARAMS, -30, 1706, 2255, N, 10, DT, -999, SHR82, -99, 
EP, 12, 2026083012, 03, HFSA,  78, 141N, 1508W, 106,  960, XX,  34, NEQ,  102,   84,   65,   92, 1000,   41,  12,   0,   0,    ,   0,    , 287,   8,           ,  ,  0,    ,    0,    0,    0,    0, THERMO PARAMS, -56, 1977, 2633, N, 10, DT, -999, SHR82, -99, 
EP, 12, 2026083012, 03, HFSA,  78, 141N, 1508W, 106,  960, XX,  50, NEQ,   42,   32,   36,   40, 1000,   41,  12,   0,   0,    ,   0,    , 287,   8,           ,  ,  0,    ,    0,    0,    0,    0, THERMO PARAMS, -56, 1977, 2633, N, 10, DT, -999, SHR82, -99, 
EP, 12, 2026083012, 03, HFSA,  78, 141N, 1508W, 106,  960, XX,  64, NEQ,   26,   23,   24,   26, 1000,   41,  12,   0,   0,    ,   0,    , 287,   8,           ,  ,  0,    ,    0,    0,    0,    0, THERMO PARAMS, -56, 1977, 2633, N, 10, DT, -999, SHR82, -99, 
EP, 12, 2026083012, 03, HFSA,  84, 145N, 1517W, 107,  957, XX,  34, NEQ,  113,   70,   68,   97,  997,   38,  12,   0,   0,    ,   0,    , 295,   9,           ,  ,  0,    ,    0,    0,    0,    0, THERMO PARAMS, -48, 1939, 2661, N, 10, DT, -999, SHR82, -99, 
EP, 12, 2026083012, 03, HFSA,  84, 145N, 1517W, 107,  957, XX,  50, NEQ,   53,   36,   39,   62,  997,   38,  12,   0,   0,    ,   0,    , 295,   9,           ,  ,  0,    ,    0,    0,    0,    0, THERMO PARAMS, -48, 1939, 2661, N, 10, DT, -999, SHR82, -99, 
EP, 12, 2026083012, 03, HFSA,  84, 145N, 1517W, 107,  957, XX,  64, NEQ,   29,   21,   23,   29,  997,   38,  12,   0,   0,    ,   0,    , 295,   9,           ,  ,  0,    ,    0,    0,    0,    0, THERMO PARAMS, -48, 1939, 2661, N, 10, DT, -999, SHR82, -99, 
EP, 12, 2026083012, 03, HFSA,  90, 149N, 1526W, 104,  957, XX,  34, NEQ,  115,   70,   70,  105, 1005,   66,  10,   0,   0,    ,   0,    , 295,   9,           ,  ,  0,    ,    0,    0,    0,    0, THERMO PARAMS, -38, 1972, 2442, N, 10, DT, -999, SHR82, -99, 
EP, 12, 2026083012, 03, HFSA,  90, 149N, 1526W, 104,  957, XX,  50, NEQ,   49,   42,   32,   55, 1005,   66,  10,   0,   0,    ,   0,    , 295,   9,           ,  ,  0,    ,    0,    0,    0,    0, THERMO PARAMS, -38, 1972, 2442, N, 10, DT, -999, SHR82, -99, 
EP, 12, 2026083012, 03, HFSA,  90, 149N, 1526W, 104,  957, XX,  64, NEQ,   31,   21,   23,   34, 1005,   66,  10,   0,   0,    ,   0,    , 295,   9,           ,  ,  0,    ,    0,    0,    0,    0, THERMO PARAMS, -38, 1972, 2442, N, 10, DT, -999, SHR82, -99, 
EP, 12, 2026083012, 03, HFSA,  96, 154N, 1536W,  90,  960, XX,  34, NEQ,  128,   70,   68,  107, 1000,   52,  13,   0,   0,    ,   0,    , 297,   8,           ,  ,  0,    ,    0,    0,    0,    0, THERMO PARAMS, -59, 1776, 2390, N, 10, DT, -999, SHR82, -99, 
EP, 12, 2026083012, 03, HFSA,  96, 154N, 1536W,  90,  960, XX,  50, NEQ,   66,   40,   44,   57, 1000,   52,  13,   0,   0,    ,   0,    , 297,   8,           ,  ,  0,    ,    0,    0,    0,    0, THERMO PARAMS, -59, 1776, 2390, N, 10, DT, -999, SHR82, -99, 
EP, 12, 2026083012, 03, HFSA,  96, 154N, 1536W,  90,  960, XX,  64, NEQ,   32,   29,   29,   34, 1000,   52,  13,   0,   0,    ,   0,    , 297,   8,           ,  ,  0,    ,    0,    0,    0,    0, THERMO PARAMS, -59, 1776, 2390, N, 10, DT, -999, SHR82, -99, 
EP, 12, 2026083012, 03, HFSA, 102, 157N, 1544W, 102,  962, XX,  34, NEQ,  128,   68,   81,  105, 1002,   52,  16,   0,   0,    ,   0,    , 298,   7,           ,  ,  0,    ,    0,    0,    0,    0, THERMO PARAMS, -35, 1746, 2480, N, 10, DT, -999, SHR82, -99, 
EP, 12, 2026083012, 03, HFSA, 102, 157N, 1544W, 102,  962, XX,  50, NEQ,   58,   44,   44,   57, 1002,   52,  16,   0,   0,    ,   0,    , 298,   7,           ,  ,  0,    ,    0,    0,    0,    0, THERMO PARAMS, -35, 1746, 2480, N, 10, DT, -999, SHR82, -99, 
EP, 12, 2026083012, 03, HFSA, 102, 157N, 1544W, 102,  962, XX,  64, NEQ,   40,   29,   32,   40, 1002,   52,  16,   0,   0,    ,   0,    , 298,   7,           ,  ,  0,    ,    0,    0,    0,    0, THERMO PARAMS, -35, 1746, 2480, N, 10, DT, -999, SHR82, -99, 
EP, 12, 2026083012, 03, HFSA, 108, 160N, 1552W, 103,  960, XX,  34, NEQ,  125,   71,   76,  117, 1000,   54,  18,   0,   0,    ,   0,    , 294,   6,           ,  ,  0,    ,    0,    0,    0,    0, THERMO PARAMS, -19, 1859, 2491, N, 10, DT, -999, SHR82, -99, 
EP, 12, 2026083012, 03, HFSA, 108, 160N, 1552W, 103,  960, XX,  50, NEQ,   74,   40,   44,   57, 1000,   54,  18,   0,   0,    ,   0,    , 294,   6,           ,  ,  0,    ,    0,    0,    0,    0, THERMO PARAMS, -19, 1859, 2491, N, 10, DT, -999, SHR82, -99, 
EP, 12, 2026083012, 03, HFSA, 108, 160N, 1552W, 103,  960, XX,  64, NEQ,   37,   31,   31,   37, 1000,   54,  18,   0,   0,    ,   0,    , 294,   6,           ,  ,  0,    ,    0,    0,    0,    0, THERMO PARAMS, -19, 1859, 2491, N, 10, DT, -999, SHR82, -99, 
EP, 12, 2026083012, 03, HFSA, 114, 162N, 1559W,  99,  961, XX,  34, NEQ,  136,   73,   74,  134, 1005,   73,  16,   0,   0,    ,   0,    , 280,   5,           ,  ,  0,    ,    0,    0,    0,    0, THERMO PARAMS, -22, 2003, 2510, N, 10, DT, -999, SHR82, -99, 
EP, 12, 2026083012, 03, HFSA, 114, 162N, 1559W,  99,  961, XX,  50, NEQ,   65,   40,   44,   57, 1005,   73,  16,   0,   0,    ,   0,    , 280,   5,           ,  ,  0,    ,    0,    0,    0,    0, THERMO PARAMS, -22, 2003, 2510, N, 10, DT, -999, SHR82, -99, 
EP, 12, 2026083012, 03, HFSA, 114, 162N, 1559W,  99,  961, XX,  64, NEQ,   36,   29,   32,   39, 1005,   73,  16,   0,   0,    ,   0,    , 280,   5,           ,  ,  0,    ,    0,    0,    0,    0, THERMO PARAMS, -22, 2003, 2510, N, 10, DT, -999, SHR82, -99, 
EP, 12, 2026083012, 03, HFSA, 120, 164N, 1566W,  87,  965, XX,  34, NEQ,  128,   71,   74,  126, 1005,   84,  20,   0,   0,    ,   0,    , 287,   5,           ,  ,  0,    ,    0,    0,    0,    0, THERMO PARAMS, -4, 1480, 2218, N, 10, DT, -999, SHR82, -99, 
EP, 12, 2026083012, 03, HFSA, 120, 164N, 1566W,  87,  965, XX,  50, NEQ,   58,   44,   44,   58, 1005,   84,  20,   0,   0,    ,   0,    , 287,   5,           ,  ,  0,    ,    0,    0,    0,    0, THERMO PARAMS, -4, 1480, 2218, N, 10, DT, -999, SHR82, -99, 
EP, 12, 2026083012, 03, HFSA, 120, 164N, 1566W,  87,  965, XX,  64, NEQ,   36,   32,   29,   32, 1005,   84,  20,   0,   0,    ,   0,    , 287,   5,           ,  ,  0,    ,    0,    0,    0,    0, THERMO PARAMS, -4, 1480, 2218, N, 10, DT, -999, SHR82, -99, 
EP, 12, 2026083012, 03, HFSA, 126, 165N, 1572W,  90,  968, XX,  34, NEQ,  123,   73,   68,   96, 1004,   66,  15,   0,   0,    ,   0,    , -99, -99,           ,  ,  0,    ,    0,    0,    0,    0, THERMO PARAMS, 7, 1323, 2055, N, 10, DT, -999, SHR82, -99, 
EP, 12, 2026083012, 03, HFSA, 126, 165N, 1572W,  90,  968, XX,  50, NEQ,   52,   45,   42,   47, 1004,   66,  15,   0,   0,    ,   0,    , -99, -99,           ,  ,  0,    ,    0,    0,    0,    0, THERMO PARAMS, 7, 1323, 2055, N, 10, DT, -999, SHR82, -99, 
EP, 12, 2026083012, 03, HFSA, 126, 165N, 1572W,  90,  968, XX,  64, NEQ,   34,   32,   32,   36, 1004,   66,  15,   0,   0,    ,   0,    , -99, -99,           ,  ,  0,    ,    0,    0,    0,    0, THERMO PARAMS, 7, 1323, 2055, N, 10, DT, -999, SHR82, -99, 
EP, 12, 2026083012, 03, TVCN,   0, 133N, 1398W,   0,    0,   ,   0,    ,    0,    0,    0,    0, 
EP, 12, 2026083012, 03, TVCN,  12, 133N, 1420W,   0,    0,   ,   0,    ,    0,    0,    0,    0, 
EP, 12, 2026083012, 03, TVCN,  24, 133N, 1438W,   0,    0,   ,   0,    ,    0,    0,    0,    0, 
EP, 12, 2026083012, 03, TVCN,  36, 135N, 1455W,   0,    0,   ,   0,    ,    0,    0,    0,    0, 
EP, 12, 2026083012, 03, TVCN,  48, 138N, 1471W,   0,    0,   ,   0,    ,    0,    0,    0,    0, 
EP, 12, 2026083012, 03, TVCN,  60, 140N, 1486W,   0,    0,   ,   0,    ,    0,    0,    0,    0, 
EP, 12, 2026083012, 03, TVCN,  72, 143N, 1501W,   0,    0,   ,   0,    ,    0,    0,    0,    0, 
EP, 12, 2026083012, 03, TVCN,  84, 148N, 1516W,   0,    0,   ,   0,    ,    0,    0,    0,    0, 
EP, 12, 2026083012, 03, TVCN,  96, 153N, 1530W,   0,    0,   ,   0,    ,    0,    0,    0,    0, 
EP, 12, 2026083012, 03, TVCN, 108, 158N, 1544W,   0,    0,   ,   0,    ,    0,    0,    0,    0, 
EP, 12, 2026083012, 03, TVCN, 120, 163N, 1557W,   0,    0,   ,   0,    ,    0,    0,    0,    0, 
EP, 12, 2026083012, 03, TVCN, 132, 168N, 1570W,   0,    0,   ,   0,    ,    0,    0,    0,    0, 
EP, 12, 2026083012, 03, TVCN, 144, 161N, 1583W,   0,    0,   ,   0,    ,    0,    0,    0,    0, 
EP, 12, 2026083012, 03, TVCN, 156, 169N, 1594W,   0,    0,   ,   0,    ,    0,    0,    0,    0, 
EP, 12, 2026083012, 03, TVCN, 168, 178N, 1605W,   0,    0,   ,   0,    ,    0,    0,    0,    0, 
EP, 12, 2026083018, 03, AVNO,   0, 132N, 1414W,  37, 1001, XX,  34, NEQ,   68,    0,    0,   50, 1009,   96,  50,   0,   0, 
EP, 12, 2026083018, 03, AVNO,   6, 131N, 1427W,  43,  994, XX,  34, NEQ,   57,   33,   38,   52, 1006,   74,  39,   0,   0, 
EP, 12, 2026083018, 03, AVNO,  12, 130N, 1435W,  47,  993, XX,  34, NEQ,   42,   40,   43,   37, 1009,  104,  27,   0,   0, 
EP, 12, 2026083018, 03, AVNO,  18, 130N, 1445W,  48,  988, XX,  34, NEQ,   64,   43,   46,   62, 1008,  198,  18,   0,   0, 
EP, 12, 2026083018, 03, AVNO,  24, 131N, 1453W,  46,  992, XX,  34, NEQ,   56,   43,   46,   57, 1008,   72,  26,   0,   0, 
EP, 12, 2026083018, 03, AVNO,  30, 134N, 1461W,  52,  985, XX,  34, NEQ,   58,   48,   44,   60, 1005,   67,  20,   0,   0, 
EP, 12, 2026083018, 03, AVNO,  30, 134N, 1461W,  52,  985, XX,  50, NEQ,   21,    0,    0,    0, 1005,   67,  20,   0,   0, 
EP, 12, 2026083018, 03, AVNO,  36, 136N, 1468W,  64,  980, XX,  34, NEQ,   60,   47,   43,   56, 1008,   92,  19,   0,   0, 
EP, 12, 2026083018, 03, AVNO,  36, 136N, 1468W,  64,  980, XX,  50, NEQ,   30,   24,   23,   28, 1008,   92,  19,   0,   0, 
EP, 12, 2026083018, 03, AVNO,  42, 139N, 1477W,  69,  971, XX,  34, NEQ,   65,   48,   47,   58, 1007,  123,  21,   0,   0, 
EP, 12, 2026083018, 03, AVNO,  42, 139N, 1477W,  69,  971, XX,  50, NEQ,   31,   29,   27,   30, 1007,  123,  21,   0,   0, 
EP, 12, 2026083018, 03, AVNO,  42, 139N, 1477W,  69,  971, XX,  64, NEQ,   17,   16,   21,   22, 1007,  123,  21,   0,   0, 
EP, 12, 2026083018, 03, AVNO,  48, 140N, 1485W,  79,  964, XX,  34, NEQ,   74,   52,   58,   75,  988,   21,  20,   0,   0, 
EP, 12, 2026083018, 03, AVNO,  48, 140N, 1485W,  79,  964, XX,  50, NEQ,   34,   33,   30,   36,  988,   21,  20,   0,   0, 
EP, 12, 2026083018, 03, AVNO,  48, 140N, 1485W,  79,  964, XX,  64, NEQ,   28,   27,   22,   28,  988,   21,  20,   0,   0, 
EP, 12, 2026083018, 03, AVNO,  54, 142N, 1493W,  88,  960, XX,  34, NEQ,   64,   60,   60,   73, 1008,  231,  15,   0,   0, 
EP, 12, 2026083018, 03, AVNO,  54, 142N, 1493W,  88,  960, XX,  50, NEQ,   36,   34,   33,   38, 1008,  231,  15,   0,   0, 
EP, 12, 2026083018, 03, AVNO,  54, 142N, 1493W,  88,  960, XX,  64, NEQ,   29,   27,   26,   29, 1008,  231,  15,   0,   0, 
EP, 12, 2026083018, 03, AVNO,  60, 144N, 1501W,  78,  969, XX,  34, NEQ,   84,   53,   67,   84, 1009,  151,  22,   0,   0, 
EP, 12, 2026083018, 03, AVNO,  60, 144N, 1501W,  78,  969, XX,  50, NEQ,   38,   32,   37,   40, 1009,  151,  22,   0,   0, 
EP, 12, 2026083018, 03, AVNO,  60, 144N, 1501W,  78,  969, XX,  64, NEQ,   32,   26,   25,   28, 1009,  151,  22,   0,   0, 
EP, 12, 2026083018, 03, AVNO,  66, 146N, 1511W,  76,  970, XX,  34, NEQ,  103,   57,   56,   85,  994,   33,  22,   0,   0, 
EP, 12, 2026083018, 03, AVNO,  66, 146N, 1511W,  76,  970, XX,  50, NEQ,   42,   38,   35,   42,  994,   33,  22,   0,   0, 
EP, 12, 2026083018, 03, AVNO,  66, 146N, 1511W,  76,  970, XX,  64, NEQ,   29,   25,   25,   30,  994,   33,  22,   0,   0, 
EP, 12, 2026083018, 03, AVNO,  72, 148N, 1521W,  72,  972, XX,  34, NEQ,   92,   55,   56,   93, 1008,   99,  24,   0,   0, 
EP, 12, 2026083018, 03, AVNO,  72, 148N, 1521W,  72,  972, XX,  50, NEQ,   46,   37,   37,   46, 1008,   99,  24,   0,   0, 
EP, 12, 2026083018, 03, AVNO,  72, 148N, 1521W,  72,  972, XX,  64, NEQ,   32,   28,   25,   31, 1008,   99,  24,   0,   0, 
EP, 12, 2026083018, 03, AVNO,  78, 151N, 1531W,  72,  971, XX,  34, NEQ,  103,   54,   67,  103, 1007,  122,  23,   0,   0, 
EP, 12, 2026083018, 03, AVNO,  78, 151N, 1531W,  72,  971, XX,  50, NEQ,   41,   35,   41,   47, 1007,  122,  23,   0,   0, 
EP, 12, 2026083018, 03, AVNO,  78, 151N, 1531W,  72,  971, XX,  64, NEQ,   29,   24,   30,   30, 1007,  122,  23,   0,   0, 
EP, 12, 2026083018, 03, AVNO,  84, 154N, 1539W,  75,  973, XX,  34, NEQ,  113,   56,   68,  111, 1009,  138,  22,   0,   0, 
EP, 12, 2026083018, 03, AVNO,  84, 154N, 1539W,  75,  973, XX,  50, NEQ,   51,   39,   39,   51, 1009,  138,  22,   0,   0, 
EP, 12, 2026083018, 03, AVNO,  84, 154N, 1539W,  75,  973, XX,  64, NEQ,   32,   26,   27,   30, 1009,  138,  22,   0,   0, 
EP, 12, 2026083018, 03, AVNO,  90, 159N, 1548W,  73,  972, XX,  34, NEQ,  107,   64,   71,   99, 1008,  179,  21,   0,   0, 
EP, 12, 2026083018, 03, AVNO,  90, 159N, 1548W,  73,  972, XX,  50, NEQ,   55,   36,   41,   52, 1008,  179,  21,   0,   0, 
EP, 12, 2026083018, 03, AVNO,  90, 159N, 1548W,  73,  972, XX,  64, NEQ,   30,    0,    0,   37, 1008,  179,  21,   0,   0, 
EP, 12, 2026083018, 03, AVNO,  96, 163N, 1557W,  71,  973, XX,  34, NEQ,  117,   57,   79,  119, 1009,  117,  20,   0,   0, 
EP, 12, 2026083018, 03, AVNO,  96, 163N, 1557W,  71,  973, XX,  50, NEQ,   58,   39,   38,   60, 1009,  117,  20,   0,   0, 
EP, 12, 2026083018, 03, AVNO,  96, 163N, 1557W,  71,  973, XX,  64, NEQ,   35,   31,   28,   32, 1009,  117,  20,   0,   0, 
EP, 12, 2026083018, 03, AVNO, 102, 167N, 1565W,  70,  975, XX,  34, NEQ,  214,   59,   71,  214, 1007,  104,  19,   0,   0, 
EP, 12, 2026083018, 03, AVNO, 102, 167N, 1565W,  70,  975, XX,  50, NEQ,   51,   31,   43,   52, 1007,  104,  19,   0,   0, 
EP, 12, 2026083018, 03, AVNO, 102, 167N, 1565W,  70,  975, XX,  64, NEQ,   26,    0,   27,   23, 1007,  104,  19,   0,   0, 
EP, 12, 2026083018, 03, AVNO, 108, 171N, 1571W,  65,  979, XX,  34, NEQ,  194,   55,   57,   70, 1007,  100,  24,   0,   0, 
EP, 12, 2026083018, 03, AVNO, 108, 171N, 1571W,  65,  979, XX,  50, NEQ,   44,   36,   40,   43, 1007,  100,  24,   0,   0, 
EP, 12, 2026083018, 03, AVNO, 108, 171N, 1571W,  65,  979, XX,  64, NEQ,   25,    0,    0,    0, 1007,  100,  24,   0,   0, 
EP, 12, 2026083018, 03, AVNO, 114, 176N, 1579W,  59,  983, XX,  34, NEQ,  185,   55,   53,   61, 1007,  113,  24,   0,   0, 
EP, 12, 2026083018, 03, AVNO, 114, 176N, 1579W,  59,  983, XX,  50, NEQ,   37,   34,   32,   32, 1007,  113,  24,   0,   0, 
EP, 12, 2026083018, 03, AVNO, 120, 180N, 1587W,  59,  985, XX,  34, NEQ,   82,   59,   49,   63, 1009,  215,  31,   0,   0, 
EP, 12, 2026083018, 03, AVNO, 120, 180N, 1587W,  59,  985, XX,  50, NEQ,   45,   28,   28,   33, 1009,  215,  31,   0,   0, 
EP, 12, 2026083018, 03, AVNO, 126, 186N, 1596W,  57,  985, XX,  34, NEQ,   62,   51,   42,   64, 1005,   69,  21,   0,   0, 
EP, 12, 2026083018, 03, AVNO, 126, 186N, 1596W,  57,  985, XX,  50, NEQ,   35,   32,   27,   37, 1005,   69,  21,   0,   0, 
EP, 12, 2026083018, 03, AVNO, 132, 190N, 1602W,  54,  987, XX,  34, NEQ,   64,   45,   45,   67, 1007,  109,  23,   0,   0, 
EP, 12, 2026083018, 03, AVNO, 132, 190N, 1602W,  54,  987, XX,  50, NEQ,   34,    0,    0,   36, 1007,  109,  23,   0,   0, 
EP, 12, 2026083018, 03, AVNO, 138, 193N, 1609W,  56,  989, XX,  34, NEQ,   68,   53,   49,   66, 1005,   66,  23,   0,   0, 
EP, 12, 2026083018, 03, AVNO, 138, 193N, 1609W,  56,  989, XX,  50, NEQ,   28,   24,   21,   28, 1005,   66,  23,   0,   0, 
EP, 12, 2026083018, 03, AVNO, 144, 197N, 1615W,  52,  990, XX,  34, NEQ,   67,   52,   43,   64, 1006,   63,  27,   0,   0, 
EP, 12, 2026083018, 03, AVNO, 144, 197N, 1615W,  52,  990, XX,  50, NEQ,   27,    0,    0,   30, 1006,   63,  27,   0,   0, 
EP, 12, 2026083018, 03, AVNO, 150, 204N, 1624W,  51,  991, XX,  34, NEQ,   63,   52,   39,   58, 1007,  194,  30,   0,   0, 
EP, 12, 2026083018, 03, AVNO, 150, 204N, 1624W,  51,  991, XX,  50, NEQ,   31,    0,    0,    0, 1007,  194,  30,   0,   0, 
EP, 12, 2026083018, 03, AVNO, 156, 211N, 1633W,  53,  993, XX,  34, NEQ,   72,   51,   43,   57, 1005,   51,  21,   0,   0, 
EP, 12, 2026083018, 03, AVNO, 156, 211N, 1633W,  53,  993, XX,  50, NEQ,   23,    0,    0,    0, 1005,   51,  21,   0,   0, 
EP, 12, 2026083018, 03, AVNO, 162, 216N, 1648W,  45,  997, XX,  34, NEQ,   61,   45,   30,   60, 1005,   40,  28,   0,   0, 
EP, 12, 2026083018, 03, AVNO, 168, 222N, 1663W,  41, 1001, XX,  34, NEQ,   57,    0,    0,   52, 1009,   86,  34,   0,   0, 
EP, 12, 2026083018, 03, AVNO, 174, 227N, 1678W,  38, 1002, XX,  34, NEQ,   53,    0,    0,   37, 1006,   31,  35,   0,   0, 
EP, 12, 2026083018, 03, AVNO, 180, 230N, 1693W,  35, 1003, XX,  34, NEQ,   43,    0,    0,   32, 1007,   37,  28,   0,   0, 
EP, 12, 2026083018, 03, AVNO, 186, 234N, 1708W,  33, 1005, XX,  34, NEQ,    0,    0,    0,    0, 1009,   53,  34,   0,   0, 
EP, 12, 2026083018, 03, AVNO, 192, 239N, 1724W,  32, 1005, XX,  34, NEQ,    0,    0,    0,    0,  -99,  -99,  42,   0,   0, 
EP, 12, 2026083018, 03, AVNO, 198, 245N, 1738W,  30, 1006, XX,  34, NEQ,    0,    0,    0,    0,  -99,  -99,  50,   0,   0, 
EP, 12, 2026083018, 03, AVNO, 204, 247N, 1753W,  30, 1007, XX,  34, NEQ,    0,    0,    0,    0,  -99,  -99,  48,   0,   0, 
EP, 12, 2026083018, 03, AVNO, 210, 250N, 1769W,  27, 1008, XX,  34, NEQ,    0,    0,    0,    0,  -99,  -99,  38,   0,   0, 
EP, 12, 2026083018, 03, AVNO, 216, 254N, 1785W,  27, 1009, XX,  34, NEQ,    0,    0,    0,    0,  -99,  -99,  41,   0,   0, 
EP, 12, 2026083018, 03, AVNO, 222, 255N, 1800W,  26, 1010, XX,  34, NEQ,    0,    0,    0,    0,  -99,  -99,  45,   0,   0, 
EP, 12, 2026083018, 03, AVNO, 228, 254N, 1786E,  25, 1010, XX,  34, NEQ,    0,    0,    0,    0,  -99,  -99,  49,   0,   0, 
EP, 12, 2026083018, 03, AVNO, 234, 250N, 1772E,  25, 1011, XX,  34, NEQ,    0,    0,    0,    0,  -99,  -99,  58,   0,   0, 
EP, 12, 2026083018, 03, AVNO, 240, 248N, 1754E,  25, 1011, XX,  34, NEQ,    0,    0,    0,    0,  -99,  -99,  72,   0,   0, 
EP, 12, 2026083018, 03, HCCA,   0, 133N, 1413W,  45,    0,   ,   0,    ,    0,    0,    0,    0, 
EP, 12, 2026083018, 03, HCCA,  12, 131N, 1437W,  49,    0,   ,   0,    ,    0,    0,    0,    0, 
EP, 12, 2026083018, 03, HCCA,  24, 131N, 1458W,  58,    0,   ,   0,    ,    0,    0,    0,    0, 
EP, 12, 2026083018, 03, HCCA,  36, 134N, 1478W,  70,    0,   ,   0,    ,    0,    0,    0,    0, 
EP, 12, 2026083018, 03, HCCA,  48, 136N, 1498W,  77,    0,   ,   0,    ,    0,    0,    0,    0, 
EP, 12, 2026083018, 03, HCCA,  60, 138N, 1518W,  90,    0,   ,   0,    ,    0,    0,    0,    0, 
EP, 12, 2026083018, 03, HCCA,  72, 140N, 1538W, 103,    0,   ,   0,    ,    0,    0,    0,    0, 
EP, 12, 2026083018, 03, HCCA,  84, 144N, 1557W, 106,    0,   ,   0,    ,    0,    0,    0,    0, 
EP, 12, 2026083018, 03, HCCA,  96, 149N, 1574W, 120,    0,   ,   0,    ,    0,    0,    0,    0, 
EP, 12, 2026083018, 03, HCCA, 108, 152N, 1589W, 129,    0,   ,   0,    ,    0,    0,    0,    0, 
EP, 12, 2026083018, 03, HCCA, 120, 155N, 1599W, 128,    0,   ,   0,    ,    0,    0,    0,    0, 
EP, 12, 2026083018, 03, HCCA, 132, 156N, 1605W, 145,    0,   ,   0,    ,    0,    0,    0,    0, 
EP, 12, 2026083018, 03, HCCA, 144, 162N, 1609W, 155,    0,   ,   0,    ,    0,    0,    0,    0, 
EP, 12, 2026083018, 03, HCCA, 156, 166N, 1612W, 160,    0,   ,   0,    ,    0,    0,    0,    0, 
EP, 12, 2026083018, 03, HCCA, 168, 175N, 1616W, 161,    0,   ,   0,    ,    0,    0,    0,    0, 
EP, 12, 2026083018, 03, HFSA,   0, 133N, 1412W,  44,  998, XX,  34, NEQ,   92,   32,   91,  118,  -99,  -99,  20,   0,   0,    ,   0,    , 276,  11,           ,  ,  0,    ,    0,    0,    0,    0, THERMO PARAMS, 100, -207, 676, N, 10, DT, -999, SHR82, -99, 
EP, 12, 2026083018, 03, HFSA,   6, 133N, 1428W,  44,  994, XX,  34, NEQ,   55,   39,   31,   78, 1002,   39,  23,   0,   0,    ,   0,    , 276,  10,           ,  ,  0,    ,    0,    0,    0,    0, THERMO PARAMS, 109, -107, 774, N, 10, DT, -999, SHR82, -99, 
EP, 12, 2026083018, 03, HFSA,  12, 130N, 1440W,  66,  991, XX,  34, NEQ,   37,   55,   65,   86,  995,   14,  16,   0,   0,    ,   0,    , 254,   8,           ,  ,  0,    ,    0,    0,    0,    0, THERMO PARAMS, 29, 1017, 888, N, 10, DT, -999, SHR82, -99, 
EP, 12, 2026083018, 03, HFSA,  12, 130N, 1440W,  66,  991, XX,  50, NEQ,   26,   26,   29,   16,  995,   14,  16,   0,   0,    ,   0,    , 254,   8,           ,  ,  0,    ,    0,    0,    0,    0, THERMO PARAMS, 29, 1017, 888, N, 10, DT, -999, SHR82, -99, 
EP, 12, 2026083018, 03, HFSA,  12, 130N, 1440W,  66,  991, XX,  64, NEQ,   16,    0,    0,    0,  995,   14,  16,   0,   0,    ,   0,    , 254,   8,           ,  ,  0,    ,    0,    0,    0,    0, THERMO PARAMS, 29, 1017, 888, N, 10, DT, -999, SHR82, -99, 
EP, 12, 2026083018, 03, HFSA,  18, 131N, 1447W,  54,  991, XX,  34, NEQ,   60,   58,   79,   83, 1003,   52,  31,   0,   0,    ,   0,    , 283,   6,           ,  ,  0,    ,    0,    0,    0,    0, THERMO PARAMS, 31, 1119, 780, N, 10, DT, -999, SHR82, -99, 
EP, 12, 2026083018, 03, HFSA,  18, 131N, 1447W,  54,  991, XX,  50, NEQ,    0,   28,   34,    0, 1003,   52,  31,   0,   0,    ,   0,    , 283,   6,           ,  ,  0,    ,    0,    0,    0,    0, THERMO PARAMS, 31, 1119, 780, N, 10, DT, -999, SHR82, -99, 
EP, 12, 2026083018, 03, HFSA,  24, 131N, 1454W,  59,  993, XX,  34, NEQ,   79,   55,   58,   79,  997,   17,  27,   0,   0,    ,   0,    , 278,   7,           ,  ,  0,    ,    0,    0,    0,    0, THERMO PARAMS, -4, 608, 863, N, 10, DT, -999, SHR82, -99, 
EP, 12, 2026083018, 03, HFSA,  24, 131N, 1454W,  59,  993, XX,  50, NEQ,    0,   29,    0,    0,  997,   17,  27,   0,   0,    ,   0,    , 278,   7,           ,  ,  0,    ,    0,    0,    0,    0, THERMO PARAMS, -4, 608, 863, N, 10, DT, -999, SHR82, -99, 
EP, 12, 2026083018, 03, HFSA,  30, 133N, 1464W,  51,  990, XX,  34, NEQ,   87,   58,   58,   79,  998,   31,  30,   0,   0,    ,   0,    , 281,   8,           ,  ,  0,    ,    0,    0,    0,    0, THERMO PARAMS, 7, 702, 838, N, 10, DT, -999, SHR82, -99, 
EP, 12, 2026083018, 03, HFSA,  30, 133N, 1464W,  51,  990, XX,  50, NEQ,    0,    0,    0,   31,  998,   31,  30,   0,   0,    ,   0,    , 281,   8,           ,  ,  0,    ,    0,    0,    0,    0, THERMO PARAMS, 7, 702, 838, N, 10, DT, -999, SHR82, -99, 
EP, 12, 2026083018, 03, HFSA,  36, 134N, 1473W,  66,  985, XX,  34, NEQ,   97,   53,   62,   99, 1001,   42,  24,   0,   0,    ,   0,    , 271,   7,           ,  ,  0,    ,    0,    0,    0,    0, THERMO PARAMS, 14, 920, 1386, N, 10, DT, -999, SHR82, -99, 
EP, 12, 2026083018, 03, HFSA,  36, 134N, 1473W,  66,  985, XX,  50, NEQ,   39,   32,   36,   31, 1001,   42,  24,   0,   0,    ,   0,    , 271,   7,           ,  ,  0,    ,    0,    0,    0,    0, THERMO PARAMS, 14, 920, 1386, N, 10, DT, -999, SHR82, -99, 
EP, 12, 2026083018, 03, HFSA,  36, 134N, 1473W,  66,  985, XX,  64, NEQ,   24,    0,    0,    0, 1001,   42,  24,   0,   0,    ,   0,    , 271,   7,           ,  ,  0,    ,    0,    0,    0,    0, THERMO PARAMS, 14, 920, 1386, N, 10, DT, -999, SHR82, -99, 
EP, 12, 2026083018, 03, HFSA,  42, 135N, 1482W,  68,  980, XX,  34, NEQ,   96,   76,   66,   92,  996,   34,  17,   0,   0,    ,   0,    , 288,   7,           ,  ,  0,    ,    0,    0,    0,    0, THERMO PARAMS, 1, 1130, 1532, N, 10, DT, -999, SHR82, -99, 
EP, 12, 2026083018, 03, HFSA,  42, 135N, 1482W,  68,  980, XX,  50, NEQ,   37,   42,   31,   40,  996,   34,  17,   0,   0,    ,   0,    , 288,   7,           ,  ,  0,    ,    0,    0,    0,    0, THERMO PARAMS, 1, 1130, 1532, N, 10, DT, -999, SHR82, -99, 
EP, 12, 2026083018, 03, HFSA,  42, 135N, 1482W,  68,  980, XX,  64, NEQ,   23,   21,    0,    0,  996,   34,  17,   0,   0,    ,   0,    , 288,   7,           ,  ,  0,    ,    0,    0,    0,    0, THERMO PARAMS, 1, 1130, 1532, N, 10, DT, -999, SHR82, -99, 
EP, 12, 2026083018, 03, HFSA,  48, 137N, 1490W,  75,  976, XX,  34, NEQ,   94,   73,   71,   86, 1000,   42,  20,   0,   0,    ,   0,    , 283,   8,           ,  ,  0,    ,    0,    0,    0,    0, THERMO PARAMS, -11, 1369, 1941, N, 10, DT, -999, SHR82, -99, 
EP, 12, 2026083018, 03, HFSA,  48, 137N, 1490W,  75,  976, XX,  50, NEQ,   44,   37,   32,   45, 1000,   42,  20,   0,   0,    ,   0,    , 283,   8,           ,  ,  0,    ,    0,    0,    0,    0, THERMO PARAMS, -11, 1369, 1941, N, 10, DT, -999, SHR82, -99, 
EP, 12, 2026083018, 03, HFSA,  48, 137N, 1490W,  75,  976, XX,  64, NEQ,   28,   19,   18,   26, 1000,   42,  20,   0,   0,    ,   0,    , 283,   8,           ,  ,  0,    ,    0,    0,    0,    0, THERMO PARAMS, -11, 1369, 1941, N, 10, DT, -999, SHR82, -99, 
EP, 12, 2026083018, 03, HFSA,  54, 139N, 1497W,  91,  967, XX,  34, NEQ,   99,   74,   78,   91,  999,   48,  17,   0,   0,    ,   0,    , 290,   7,           ,  ,  0,    ,    0,    0,    0,    0, THERMO PARAMS, -21, 1758, 2123, N, 10, DT, -999, SHR82, -99, 
EP, 12, 2026083018, 03, HFSA,  54, 139N, 1497W,  91,  967, XX,  50, NEQ,   49,   39,   42,   47,  999,   48,  17,   0,   0,    ,   0,    , 290,   7,           ,  ,  0,    ,    0,    0,    0,    0, THERMO PARAMS, -21, 1758, 2123, N, 10, DT, -999, SHR82, -99, 
EP, 12, 2026083018, 03, HFSA,  54, 139N, 1497W,  91,  967, XX,  64, NEQ,   32,   24,   26,   34,  999,   48,  17,   0,   0,    ,   0,    , 290,   7,           ,  ,  0,    ,    0,    0,    0,    0, THERMO PARAMS, -21, 1758, 2123, N, 10, DT, -999, SHR82, -99, 
EP, 12, 2026083018, 03, HFSA,  60, 142N, 1505W, 107,  961, XX,  34, NEQ,  108,   71,   68,  112, 1001,   51,  15,   0,   0,    ,   0,    , 283,   8,           ,  ,  0,    ,    0,    0,    0,    0, THERMO PARAMS, -38, 2271, 2607, N, 10, DT, -999, SHR82, -99, 
EP, 12, 2026083018, 03, HFSA,  60, 142N, 1505W, 107,  961, XX,  50, NEQ,   62,   40,   44,   58, 1001,   51,  15,   0,   0,    ,   0,    , 283,   8,           ,  ,  0,    ,    0,    0,    0,    0, THERMO PARAMS, -38, 2271, 2607, N, 10, DT, -999, SHR82, -99, 
EP, 12, 2026083018, 03, HFSA,  60, 142N, 1505W, 107,  961, XX,  64, NEQ,   34,   31,   32,   37, 1001,   51,  15,   0,   0,    ,   0,    , 283,   8,           ,  ,  0,    ,    0,    0,    0,    0, THERMO PARAMS, -38, 2271, 2607, N, 10, DT, -999, SHR82, -99, 
EP, 12, 2026083018, 03, HFSA,  66, 144N, 1514W, 106,  959, XX,  34, NEQ,  115,   99,   60,  100,  991,   34,  17,   0,   0,    ,   0,    , 287,   9,           ,  ,  0,    ,    0,    0,    0,    0, THERMO PARAMS, -23, 1926, 2790, N, 10, DT, -999, SHR82, -99, 
EP, 12, 2026083018, 03, HFSA,  66, 144N, 1514W, 106,  959, XX,  50, NEQ,   70,   44,   40,   60,  991,   34,  17,   0,   0,    ,   0,    , 287,   9,           ,  ,  0,    ,    0,    0,    0,    0, THERMO PARAMS, -23, 1926, 2790, N, 10, DT, -999, SHR82, -99, 
EP, 12, 2026083018, 03, HFSA,  66, 144N, 1514W, 106,  959, XX,  64, NEQ,   36,   32,   31,   40,  991,   34,  17,   0,   0,    ,   0,    , 287,   9,           ,  ,  0,    ,    0,    0,    0,    0, THERMO PARAMS, -23, 1926, 2790, N, 10, DT, -999, SHR82, -99, 
EP, 12, 2026083018, 03, HFSA,  72, 148N, 1524W, 113,  959, XX,  34, NEQ,  118,   81,   73,  110, 1003,   61,  16,   0,   0,    ,   0,    , 286,  10,           ,  ,  0,    ,    0,    0,    0,    0, THERMO PARAMS, -39, 2013, 2667, N, 10, DT, -999, SHR82, -99, 
EP, 12, 2026083018, 03, HFSA,  72, 148N, 1524W, 113,  959, XX,  50, NEQ,   60,   45,   40,   55, 1003,   61,  16,   0,   0,    ,   0,    , 286,  10,           ,  ,  0,    ,    0,    0,    0,    0, THERMO PARAMS, -39, 2013, 2667, N, 10, DT, -999, SHR82, -99, 
EP, 12, 2026083018, 03, HFSA,  72, 148N, 1524W, 113,  959, XX,  64, NEQ,   40,   32,   29,   39, 1003,   61,  16,   0,   0,    ,   0,    , 286,  10,           ,  ,  0,    ,    0,    0,    0,    0, THERMO PARAMS, -39, 2013, 2667, N, 10, DT, -999, SHR82, -99, 
EP, 12, 2026083018, 03, HFSA,  78, 151N, 1535W, 113,  953, XX,  34, NEQ,  123,   79,   76,  115,  997,   47,  18,   0,   0,    ,   0,    , 292,  10,           ,  ,  0,    ,    0,    0,    0,    0, THERMO PARAMS, -35, 2574, 2824, N, 10, DT, -999, SHR82, -99, 
EP, 12, 2026083018, 03, HFSA,  78, 151N, 1535W, 113,  953, XX,  50, NEQ,   55,   44,   42,   55,  997,   47,  18,   0,   0,    ,   0,    , 292,  10,           ,  ,  0,    ,    0,    0,    0,    0, THERMO PARAMS, -35, 2574, 2824, N, 10, DT, -999, SHR82, -99, 
EP, 12, 2026083018, 03, HFSA,  78, 151N, 1535W, 113,  953, XX,  64, NEQ,   40,   32,   31,   39,  997,   47,  18,   0,   0,    ,   0,    , 292,  10,           ,  ,  0,    ,    0,    0,    0,    0, THERMO PARAMS, -35, 2574, 2824, N, 10, DT, -999, SHR82, -99, 
EP, 12, 2026083018, 03, HFSA,  84, 156N, 1544W, 107,  954, XX,  34, NEQ,  121,   78,   74,  113, 1002,   55,  17,   0,   0,    ,   0,    , 293,   9,           ,  ,  0,    ,    0,    0,    0,    0, THERMO PARAMS, -50, 3005, 2691, N, 10, DT, -999, SHR82, -99, 
EP, 12, 2026083018, 03, HFSA,  84, 156N, 1544W, 107,  954, XX,  50, NEQ,   57,   50,   42,   63, 1002,   55,  17,   0,   0,    ,   0,    , 293,   9,           ,  ,  0,    ,    0,    0,    0,    0, THERMO PARAMS, -50, 3005, 2691, N, 10, DT, -999, SHR82, -99, 
EP, 12, 2026083018, 03, HFSA,  84, 156N, 1544W, 107,  954, XX,  64, NEQ,   40,   36,   32,   39, 1002,   55,  17,   0,   0,    ,   0,    , 293,   9,           ,  ,  0,    ,    0,    0,    0,    0, THERMO PARAMS, -50, 3005, 2691, N, 10, DT, -999, SHR82, -99, 
EP, 12, 2026083018, 03, HFSA,  90, 160N, 1553W, 108,  956, XX,  34, NEQ,  121,   76,   73,  130, 1000,   54,  17,   0,   0,    ,   0,    , 297,   8,           ,  ,  0,    ,    0,    0,    0,    0, THERMO PARAMS, -41, 2151, 2890, N, 10, DT, -999, SHR82, -99, 
EP, 12, 2026083018, 03, HFSA,  90, 160N, 1553W, 108,  956, XX,  50, NEQ,   83,   50,   45,   71, 1000,   54,  17,   0,   0,    ,   0,    , 297,   8,           ,  ,  0,    ,    0,    0,    0,    0, THERMO PARAMS, -41, 2151, 2890, N, 10, DT, -999, SHR82, -99, 
EP, 12, 2026083018, 03, HFSA,  90, 160N, 1553W, 108,  956, XX,  64, NEQ,   42,   37,   34,   40, 1000,   54,  17,   0,   0,    ,   0,    , 297,   8,           ,  ,  0,    ,    0,    0,    0,    0, THERMO PARAMS, -41, 2151, 2890, N, 10, DT, -999, SHR82, -99, 
EP, 12, 2026083018, 03, HFSA,  96, 164N, 1561W, 111,  959, XX,  34, NEQ,  138,   79,   81,  130,  999,   46,  22,   0,   0,    ,   0,    , 297,   7,           ,  ,  0,    ,    0,    0,    0,    0, THERMO PARAMS, -36, 1769, 2773, N, 10, DT, -999, SHR82, -99, 
EP, 12, 2026083018, 03, HFSA,  96, 164N, 1561W, 111,  959, XX,  50, NEQ,   76,   49,   47,   62,  999,   46,  22,   0,   0,    ,   0,    , 297,   7,           ,  ,  0,    ,    0,    0,    0,    0, THERMO PARAMS, -36, 1769, 2773, N, 10, DT, -999, SHR82, -99, 
EP, 12, 2026083018, 03, HFSA,  96, 164N, 1561W, 111,  959, XX,  64, NEQ,   40,   31,   36,   39,  999,   46,  22,   0,   0,    ,   0,    , 297,   7,           ,  ,  0,    ,    0,    0,    0,    0, THERMO PARAMS, -36, 1769, 2773, N, 10, DT, -999, SHR82, -99, 
EP, 12, 2026083018, 03, HFSA, 102, 168N, 1568W,  99,  961, XX,  34, NEQ,  202,   78,   78,  105,  997,   46,  16,   0,   0,    ,   0,    , 301,   7,           ,  ,  0,    ,    0,    0,    0,    0, THERMO PARAMS, -9, 1831, 2576, N, 10, DT, -999, SHR82, -99, 
EP, 12, 2026083018, 03, HFSA, 102, 168N, 1568W,  99,  961, XX,  50, NEQ,   70,   47,   42,   62,  997,   46,  16,   0,   0,    ,   0,    , 301,   7,           ,  ,  0,    ,    0,    0,    0,    0, THERMO PARAMS, -9, 1831, 2576, N, 10, DT, -999, SHR82, -99, 
EP, 12, 2026083018, 03, HFSA, 102, 168N, 1568W,  99,  961, XX,  64, NEQ,   40,   32,   31,   39,  997,   46,  16,   0,   0,    ,   0,    , 301,   7,           ,  ,  0,    ,    0,    0,    0,    0, THERMO PARAMS, -9, 1831, 2576, N, 10, DT, -999, SHR82, -99, 
EP, 12, 2026083018, 03, HFSA, 108, 172N, 1575W,  96,  964, XX,  34, NEQ,  212,   73,   65,   91, 1000,   50,  18,   0,   0,    ,   0,    , 294,   6,           ,  ,  0,    ,    0,    0,    0,    0, THERMO PARAMS, -27, 1708, 2474, N, 10, DT, -999, SHR82, -99, 
EP, 12, 2026083018, 03, HFSA, 108, 172N, 1575W,  96,  964, XX,  50, NEQ,   60,   44,   42,   53, 1000,   50,  18,   0,   0,    ,   0,    , 294,   6,           ,  ,  0,    ,    0,    0,    0,    0, THERMO PARAMS, -27, 1708, 2474, N, 10, DT, -999, SHR82, -99, 
EP, 12, 2026083018, 03, HFSA, 108, 172N, 1575W,  96,  964, XX,  64, NEQ,   36,   34,   32,   37, 1000,   50,  18,   0,   0,    ,   0,    , 294,   6,           ,  ,  0,    ,    0,    0,    0,    0, THERMO PARAMS, -27, 1708, 2474, N, 10, DT, -999, SHR82, -99, 
EP, 12, 2026083018, 03, HFSA, 114, 174N, 1581W,  86,  967, XX,  34, NEQ,  212,   79,   66,   86, 1007,  121,  18,   0,   0,    ,   0,    , 301,   5,           ,  ,  0,    ,    0,    0,    0,    0, THERMO PARAMS, 1, 1491, 2266, N, 10, DT, -999, SHR82, -99, 
EP, 12, 2026083018, 03, HFSA, 114, 174N, 1581W,  86,  967, XX,  50, NEQ,   68,   42,   44,   57, 1007,  121,  18,   0,   0,    ,   0,    , 301,   5,           ,  ,  0,    ,    0,    0,    0,    0, THERMO PARAMS, 1, 1491, 2266, N, 10, DT, -999, SHR82, -99, 
EP, 12, 2026083018, 03, HFSA, 114, 174N, 1581W,  86,  967, XX,  64, NEQ,   31,   31,   31,   37, 1007,  121,  18,   0,   0,    ,   0,    , 301,   5,           ,  ,  0,    ,    0,    0,    0,    0, THERMO PARAMS, 1, 1491, 2266, N, 10, DT, -999, SHR82, -99, 
EP, 12, 2026083018, 03, HFSA, 120, 178N, 1586W,  90,  967, XX,  34, NEQ,  107,   84,   70,   86, 1003,   65,  18,   0,   0,    ,   0,    , 307,   5,           ,  ,  0,    ,    0,    0,    0,    0, THERMO PARAMS, -17, 1355, 2152, N, 10, DT, -999, SHR82, -99, 
EP, 12, 2026083018, 03, HFSA, 120, 178N, 1586W,  90,  967, XX,  50, NEQ,   60,   49,   42,   55, 1003,   65,  18,   0,   0,    ,   0,    , 307,   5,           ,  ,  0,    ,    0,    0,    0,    0, THERMO PARAMS, -17, 1355, 2152, N, 10, DT, -999, SHR82, -99, 
EP, 12, 2026083018, 03, HFSA, 120, 178N, 1586W,  90,  967, XX,  64, NEQ,   36,   34,   31,   39, 1003,   65,  18,   0,   0,    ,   0,    , 307,   5,           ,  ,  0,    ,    0,    0,    0,    0, THERMO PARAMS, -17, 1355, 2152, N, 10, DT, -999, SHR82, -99, 
EP, 12, 2026083018, 03, HFSA, 126, 183N, 1592W,  99,  964, XX,  34, NEQ,   94,   87,   79,   92, 1004,   88,  19,   0,   0,    ,   0,    , -99, -99,           ,  ,  0,    ,    0,    0,    0,    0, THERMO PARAMS, -56, 1625, 2232, N, 10, DT, -999, SHR82, -99, 
EP, 12, 2026083018, 03, HFSA, 126, 183N, 1592W,  99,  964, XX,  50, NEQ,   62,   50,   42,   53, 1004,   88,  19,   0,   0,    ,   0,    , -99, -99,           ,  ,  0,    ,    0,    0,    0,    0, THERMO PARAMS, -56, 1625, 2232, N, 10, DT, -999, SHR82, -99, 
EP, 12, 2026083018, 03, HFSA, 126, 183N, 1592W,  99,  964, XX,  64, NEQ,   37,   36,   32,   40, 1004,   88,  19,   0,   0,    ,   0,    , -99, -99,           ,  ,  0,    ,    0,    0,    0,    0, THERMO PARAMS, -56, 1625, 2232, N, 10, DT, -999, SHR82, -99, 
EP, 12, 2026083018, 03, TVCN,   0, 133N, 1413W,   0,    0,   ,   0,    ,    0,    0,    0,    0, 
EP, 12, 2026083018, 03, TVCN,  12, 132N, 1434W,   0,    0,   ,   0,    ,    0,    0,    0,    0, 
EP, 12, 2026083018, 03, TVCN,  24, 133N, 1451W,   0,    0,   ,   0,    ,    0,    0,    0,    0, 
EP, 12, 2026083018, 03, TVCN,  36, 136N, 1467W,   0,    0,   ,   0,    ,    0,    0,    0,    0, 
EP, 12, 2026083018, 03, TVCN,  48, 138N, 1484W,   0,    0,   ,   0,    ,    0,    0,    0,    0, 
EP, 12, 2026083018, 03, TVCN,  60, 141N, 1499W,   0,    0,   ,   0,    ,    0,    0,    0,    0, 
EP, 12, 2026083018, 03, TVCN,  72, 144N, 1515W,   0,    0,   ,   0,    ,    0,    0,    0,    0, 
EP, 12, 2026083018, 03, TVCN,  84, 149N, 1531W,   0,    0,   ,   0,    ,    0,    0,    0,    0, 
EP, 12, 2026083018, 03, TVCN,  96, 155N, 1547W,   0,    0,   ,   0,    ,    0,    0,    0,    0, 
EP, 12, 2026083018, 03, TVCN, 108, 159N, 1561W,   0,    0,   ,   0,    ,    0,    0,    0,    0, 
EP, 12, 2026083018, 03, TVCN, 120, 162N, 1574W,   0,    0,   ,   0,    ,    0,    0,    0,    0, 
EP, 12, 2026083018, 03, TVCN, 132, 166N, 1586W,   0,    0,   ,   0,    ,    0,    0,    0,    0, 
EP, 12, 2026083018, 03, TVCN, 144, 165N, 1607W,   0,    0,   ,   0,    ,    0,    0,    0,    0, 
EP, 12, 2026083018, 03, TVCN, 156, 172N, 1620W,   0,    0,   ,   0,    ,    0,    0,    0,    0, 
EP, 12, 2026083018, 03, TVCN, 168, 181N, 1633W,   0,    0,   ,   0,    ,    0,    0,    0,    0, 
EP, 12, 2026083100, 03,  UKX,   0, 131N, 1429W,  30, 1002, XX,  34, NEQ,    0,    0,    0,    0, 
EP, 12, 2026083100, 03,  UKX,   6, 129N, 1438W,  30, 1005, XX,  34, NEQ,    0,    0,    0,    0, 
EP, 12, 2026083100, 03,  UKX,  12, 128N, 1449W,  31, 1002, XX,  34, NEQ,    0,    0,    0,    0, 
EP, 12, 2026083100, 03,  UKX,  18, 129N, 1458W,  34, 1003, XX,  34, NEQ,    0,    0,    0,    0, 
EP, 12, 2026083100, 03,  UKX,  24, 131N, 1467W,  34, 1000, XX,  34, NEQ,    0,    0,    0,    0, 
EP, 12, 2026083100, 03,  UKX,  30, 132N, 1477W,  36, 1002, XX,  34, NEQ,    0,    0,    0,   59, 
EP, 12, 2026083100, 03,  UKX,  36, 133N, 1488W,  38,  998, XX,  34, NEQ,   61,    0,    0,   64, 
EP, 12, 2026083100, 03,  UKX,  42, 134N, 1497W,  39, 1000, XX,  34, NEQ,   70,    0,   50,   68, 
EP, 12, 2026083100, 03,  UKX,  48, 136N, 1507W,  40,  998, XX,  34, NEQ,   69,    0,   39,   48, 
EP, 12, 2026083100, 03,  UKX,  54, 136N, 1518W,  43,  999, XX,  34, NEQ,   71,    0,   42,   74, 
EP, 12, 2026083100, 03,  UKX,  60, 136N, 1530W,  43,  996, XX,  34, NEQ,   86,   37,   40,   84, 
EP, 12, 2026083100, 03,  UKX,  66, 136N, 1541W,  42,  997, XX,  34, NEQ,   85,   51,   45,   85, 
EP, 12, 2026083100, 03,  UKX,  72, 138N, 1552W,  46,  994, XX,  34, NEQ,   98,   56,   51,   91, 
EP, 12, 2026083100, 03,  UKX,  78, 139N, 1562W,  46,  996, XX,  34, NEQ,  119,   44,   49,   97, 
EP, 12, 2026083100, 03,  UKX,  84, 140N, 1572W,  47,  994, XX,  34, NEQ,  113,   71,   52,  109, 
EP, 12, 2026083100, 03,  UKX,  90, 141N, 1581W,  48,  995, XX,  34, NEQ,  114,   92,   72,  106, 
EP, 12, 2026083100, 03,  UKX,  96, 143N, 1588W,  49,  994, XX,  34, NEQ,  117,   77,   71,  100, 
EP, 12, 2026083100, 03,  UKX, 102, 142N, 1595W,  47,  995, XX,  34, NEQ,  117,   61,   76,  106, 
EP, 12, 2026083100, 03,  UKX, 108, 141N, 1601W,  47,  993, XX,  34, NEQ,  114,   70,   92,  102, 
EP, 12, 2026083100, 03,  UKX, 114, 139N, 1606W,  48,  993, XX,  34, NEQ,  109,   71,   90,  105, 
EP, 12, 2026083100, 03,  UKX, 120, 137N, 1609W,  47,  991, XX,  34, NEQ,   98,   76,   87,   97, 
EP, 12, 2026083100, 03,  UKX, 126, 135N, 1613W,  49,  991, XX,  34, NEQ,  105,   77,   79,  107, 
EP, 12, 2026083100, 03,  UKX, 132, 135N, 1616W,  50,  989, XX,  34, NEQ,   97,   80,   79,   91, 
EP, 12, 2026083100, 03,  UKX, 138, 136N, 1618W,  52,  988, XX,  34, NEQ,   90,   79,   85,   89, 
EP, 12, 2026083100, 03,  UKX, 138, 136N, 1618W,  52,  988, XX,  50, NEQ,   40,   38,    0,   41, 
EP, 12, 2026083100, 03,  UKX, 144, 139N, 1620W,  57,  985, XX,  34, NEQ,   88,   78,   77,   83, 
EP, 12, 2026083100, 03,  UKX, 144, 139N, 1620W,  57,  985, XX,  50, NEQ,   46,    0,   39,   44, 
EP, 12, 2026083100, 03, AVNO,   0, 131N, 1428W,  40,  995, XX,  34, NEQ,   50,    0,    0,   39, 1007,  142,  22,   0,   0, 
EP, 12, 2026083100, 03, AVNO,   6, 129N, 1438W,  40,  997, XX,  34, NEQ,    0,   24,   34,   23, 1009,  108,  25,   0,   0, 
EP, 12, 2026083100, 03, AVNO,  12, 128N, 1445W,  38,  994, XX,  34, NEQ,    0,   19,   18,   31, 1006,   82,  18,   0,   0, 
EP, 12, 2026083100, 03, AVNO,  18, 129N, 1453W,  42,  995, XX,  34, NEQ,   42,   26,   28,   41, 1011,  236,  25,   0,   0, 
EP, 12, 2026083100, 03, AVNO,  24, 130N, 1460W,  40,  993, XX,  34, NEQ,   36,   41,   31,   49, 1005,   67,  26,   0,   0, 
EP, 12, 2026083100, 03, AVNO,  30, 133N, 1465W,  49,  990, XX,  34, NEQ,   52,   45,   43,   40, 1010,  186,  20,   0,   0, 
EP, 12, 2026083100, 03, AVNO,  36, 136N, 1474W,  51,  987, XX,  34, NEQ,   56,   39,   36,   55, 1007,  153,  23,   0,   0, 
EP, 12, 2026083100, 03, AVNO,  36, 136N, 1474W,  51,  987, XX,  50, NEQ,   28,    0,    0,   27, 1007,  153,  23,   0,   0, 
EP, 12, 2026083100, 03, AVNO,  42, 137N, 1482W,  55,  986, XX,  34, NEQ,   62,   46,   50,   61, 1010,  158,  23,   0,   0, 
EP, 12, 2026083100, 03, AVNO,  42, 137N, 1482W,  55,  986, XX,  50, NEQ,    0,    0,    0,   29, 1010,  158,  23,   0,   0, 
EP, 12, 2026083100, 03, AVNO,  48, 140N, 1491W,  66,  977, XX,  34, NEQ,   64,   45,   52,   65, 1005,   70,  18,   0,   0, 
EP, 12, 2026083100, 03, AVNO,  48, 140N, 1491W,  66,  977, XX,  50, NEQ,   36,   31,   29,   33, 1005,   70,  18,   0,   0, 
EP, 12, 2026083100, 03, AVNO,  48, 140N, 1491W,  66,  977, XX,  64, NEQ,   16,    0,    0,   20, 1005,   70,  18,   0,   0, 
EP, 12, 2026083100, 03, AVNO,  54, 140N, 1500W,  76,  975, XX,  34, NEQ,   73,   50,   50,   79,  995,   31,  13,   0,   0, 
EP, 12, 2026083100, 03, AVNO,  54, 140N, 1500W,  76,  975, XX,  50, NEQ,   35,   32,   29,   40,  995,   31,  13,   0,   0, 
EP, 12, 2026083100, 03, AVNO,  54, 140N, 1500W,  76,  975, XX,  64, NEQ,   26,   27,    0,   27,  995,   31,  13,   0,   0, 
EP, 12, 2026083100, 03, AVNO,  60, 142N, 1510W,  71,  973, XX,  34, NEQ,   71,   49,   52,   88, 1009,  264,  18,   0,   0, 
EP, 12, 2026083100, 03, AVNO,  60, 142N, 1510W,  71,  973, XX,  50, NEQ,   39,   32,   35,   37, 1009,  264,  18,   0,   0, 
EP, 12, 2026083100, 03, AVNO,  60, 142N, 1510W,  71,  973, XX,  64, NEQ,   28,   22,   23,   24, 1009,  264,  18,   0,   0, 
EP, 12, 2026083100, 03, AVNO,  66, 143N, 1518W,  76,  972, XX,  34, NEQ,   91,   61,   57,   93,  988,   19,  25,   0,   0, 
EP, 12, 2026083100, 03, AVNO,  66, 143N, 1518W,  76,  972, XX,  50, NEQ,   41,   35,   33,   46,  988,   19,  25,   0,   0, 
EP, 12, 2026083100, 03, AVNO,  66, 143N, 1518W,  76,  972, XX,  64, NEQ,   30,   25,   23,   31,  988,   19,  25,   0,   0, 
EP, 12, 2026083100, 03, AVNO,  72, 147N, 1528W,  77,  969, XX,  34, NEQ,   98,   63,   59,   93,  989,   29,  18,   0,   0, 
EP, 12, 2026083100, 03, AVNO,  72, 147N, 1528W,  77,  969, XX,  50, NEQ,   43,   38,   32,   44,  989,   29,  18,   0,   0, 
EP, 12, 2026083100, 03, AVNO,  72, 147N, 1528W,  77,  969, XX,  64, NEQ,   30,   24,    0,   26,  989,   29,  18,   0,   0, 
EP, 12, 2026083100, 03, AVNO,  78, 149N, 1537W,  84,  969, XX,  34, NEQ,   98,   57,   66,   99, 1009,  153,  19,   0,   0, 
EP, 12, 2026083100, 03, AVNO,  78, 149N, 1537W,  84,  969, XX,  50, NEQ,   50,   35,   38,   51, 1009,  153,  19,   0,   0, 
EP, 12, 2026083100, 03, AVNO,  78, 149N, 1537W,  84,  969, XX,  64, NEQ,   30,   22,   27,   32, 1009,  153,  19,   0,   0, 
EP, 12, 2026083100, 03, AVNO,  84, 152N, 1546W,  76,  968, XX,  34, NEQ,  102,   60,   71,  107,  988,   29,  20,   0,   0, 
EP, 12, 2026083100, 03, AVNO,  84, 152N, 1546W,  76,  968, XX,  50, NEQ,   51,   37,   40,   49,  988,   29,  20,   0,   0, 
EP, 12, 2026083100, 03, AVNO,  84, 152N, 1546W,  76,  968, XX,  64, NEQ,   32,   28,   30,   30,  988,   29,  20,   0,   0, 
EP, 12, 2026083100, 03, AVNO,  90, 156N, 1554W,  75,  971, XX,  34, NEQ,  108,   68,   73,  105,  987,   29,  14,   0,   0, 
EP, 12, 2026083100, 03, AVNO,  90, 156N, 1554W,  75,  971, XX,  50, NEQ,   47,   38,   41,   48,  987,   29,  14,   0,   0, 
EP, 12, 2026083100, 03, AVNO,  90, 156N, 1554W,  75,  971, XX,  64, NEQ,   33,   33,   31,   31,  987,   29,  14,   0,   0, 
EP, 12, 2026083100, 03, AVNO,  96, 159N, 1563W,  70,  971, XX,  34, NEQ,  125,   60,   71,   97,  987,   30,  23,   0,   0, 
EP, 12, 2026083100, 03, AVNO,  96, 159N, 1563W,  70,  971, XX,  50, NEQ,   53,   41,   43,   53,  987,   30,  23,   0,   0, 
EP, 12, 2026083100, 03, AVNO,  96, 159N, 1563W,  70,  971, XX,  64, NEQ,   34,    0,   30,   28,  987,   30,  23,   0,   0, 
EP, 12, 2026083100, 03, AVNO, 102, 162N, 1571W,  72,  973, XX,  34, NEQ,  248,   60,   69,   94, 1009,  212,  21,   0,   0, 
EP, 12, 2026083100, 03, AVNO, 102, 162N, 1571W,  72,  973, XX,  50, NEQ,   49,   39,   40,   51, 1009,  212,  21,   0,   0, 
EP, 12, 2026083100, 03, AVNO, 102, 162N, 1571W,  72,  973, XX,  64, NEQ,   29,    0,    0,   32, 1009,  212,  21,   0,   0, 
EP, 12, 2026083100, 03, AVNO, 108, 164N, 1579W,  67,  975, XX,  34, NEQ,  103,   67,   65,   83, 1007,  140,  22,   0,   0, 
EP, 12, 2026083100, 03, AVNO, 108, 164N, 1579W,  67,  975, XX,  50, NEQ,   42,   40,   38,   50, 1007,  140,  22,   0,   0, 
EP, 12, 2026083100, 03, AVNO, 108, 164N, 1579W,  67,  975, XX,  64, NEQ,   22,    0,    0,   29, 1007,  140,  22,   0,   0, 
EP, 12, 2026083100, 03, AVNO, 114, 167N, 1586W,  66,  977, XX,  34, NEQ,   95,   66,   65,   84, 1009,  145,  24,   0,   0, 
EP, 12, 2026083100, 03, AVNO, 114, 167N, 1586W,  66,  977, XX,  50, NEQ,   56,   42,   42,   51, 1009,  145,  24,   0,   0, 
EP, 12, 2026083100, 03, AVNO, 114, 167N, 1586W,  66,  977, XX,  64, NEQ,   25,   24,    0,   22, 1009,  145,  24,   0,   0, 
EP, 12, 2026083100, 03, AVNO, 120, 170N, 1594W,  68,  973, XX,  34, NEQ,   86,   62,   64,   78,  989,   32,  24,   0,   0, 
EP, 12, 2026083100, 03, AVNO, 120, 170N, 1594W,  68,  973, XX,  50, NEQ,   48,   36,   41,   46,  989,   32,  24,   0,   0, 
EP, 12, 2026083100, 03, AVNO, 120, 170N, 1594W,  68,  973, XX,  64, NEQ,    0,    0,    0,   28,  989,   32,  24,   0,   0, 
EP, 12, 2026083100, 03, AVNO, 126, 173N, 1602W,  70,  974, XX,  34, NEQ,   87,   68,   65,   87, 1006,  113,  27,   0,   0, 
EP, 12, 2026083100, 03, AVNO, 126, 173N, 1602W,  70,  974, XX,  50, NEQ,   49,   44,   34,   47, 1006,  113,  27,   0,   0, 
EP, 12, 2026083100, 03, AVNO, 126, 173N, 1602W,  70,  974, XX,  64, NEQ,   28,    0,    0,   33, 1006,  113,  27,   0,   0, 
EP, 12, 2026083100, 03, AVNO, 132, 176N, 1610W,  64,  974, XX,  34, NEQ,   83,   73,   63,   78, 1006,  118,  25,   0,   0, 
EP, 12, 2026083100, 03, AVNO, 132, 176N, 1610W,  64,  974, XX,  50, NEQ,   52,   36,   41,   44, 1006,  118,  25,   0,   0, 
EP, 12, 2026083100, 03, AVNO, 132, 176N, 1610W,  64,  974, XX,  64, NEQ,   26,    0,    0,    0, 1006,  118,  25,   0,   0, 
EP, 12, 2026083100, 03, AVNO, 138, 178N, 1617W,  68,  975, XX,  34, NEQ,   89,   74,   63,   82, 1007,  161,  28,   0,   0, 
EP, 12, 2026083100, 03, AVNO, 138, 178N, 1617W,  68,  975, XX,  50, NEQ,   48,   46,   36,   56, 1007,  161,  28,   0,   0, 
EP, 12, 2026083100, 03, AVNO, 138, 178N, 1617W,  68,  975, XX,  64, NEQ,   30,   31,    0,   29, 1007,  161,  28,   0,   0, 
EP, 12, 2026083100, 03, AVNO, 144, 183N, 1626W,  66,  976, XX,  34, NEQ,   89,   72,   65,   82, 1004,   91,  25,   0,   0, 
EP, 12, 2026083100, 03, AVNO, 144, 183N, 1626W,  66,  976, XX,  50, NEQ,   44,   40,   37,   47, 1004,   91,  25,   0,   0, 
EP, 12, 2026083100, 03, AVNO, 144, 183N, 1626W,  66,  976, XX,  64, NEQ,   26,    0,    0,    0, 1004,   91,  25,   0,   0, 
EP, 12, 2026083100, 03, AVNO, 150, 188N, 1633W,  67,  975, XX,  34, NEQ,   88,   75,   67,   84, 1007,  520,  30,   0,   0, 
EP, 12, 2026083100, 03, AVNO, 150, 188N, 1633W,  67,  975, XX,  50, NEQ,   49,   41,   38,   52, 1007,  520,  30,   0,   0, 
EP, 12, 2026083100, 03, AVNO, 150, 188N, 1633W,  67,  975, XX,  64, NEQ,   34,    0,    0,    0, 1007,  520,  30,   0,   0, 
EP, 12, 2026083100, 03, AVNO, 156, 191N, 1642W,  62,  977, XX,  34, NEQ,  102,   82,   76,   94, 1005,  136,  23,   0,   0, 
EP, 12, 2026083100, 03, AVNO, 156, 191N, 1642W,  62,  977, XX,  50, NEQ,   47,   40,   42,   47, 1005,  136,  23,   0,   0, 
EP, 12, 2026083100, 03, AVNO, 162, 199N, 1651W,  61,  978, XX,  34, NEQ,  109,   75,   68,   95, 1006,  441,  37,   0,   0, 
EP, 12, 2026083100, 03, AVNO, 162, 199N, 1651W,  61,  978, XX,  50, NEQ,   52,   37,   40,   50, 1006,  441,  37,   0,   0, 
EP, 12, 2026083100, 03, AVNO, 168, 208N, 1661W,  60,  981, XX,  34, NEQ,  105,   88,   66,   95, 1005,  103,  21,   0,   0, 
EP, 12, 2026083100, 03, AVNO, 168, 208N, 1661W,  60,  981, XX,  50, NEQ,   51,   46,   39,   45, 1005,  103,  21,   0,   0, 
EP, 12, 2026083100, 03, AVNO, 174, 219N, 1670W,  65,  983, XX,  34, NEQ,   99,   84,   71,  101, 1007,  861,  28,   0,   0, 
EP, 12, 2026083100, 03, AVNO, 174, 219N, 1670W,  65,  983, XX,  50, NEQ,   50,   45,   34,   43, 1007,  861,  28,   0,   0, 
EP, 12, 2026083100, 03, AVNO, 174, 219N, 1670W,  65,  983, XX,  64, NEQ,   30,    0,    0,    0, 1007,  861,  28,   0,   0, 
EP, 12, 2026083100, 03, AVNO, 180, 228N, 1682W,  58,  985, XX,  34, NEQ,  107,   81,   49,   88, 1005,   76,  27,   0,   0, 
EP, 12, 2026083100, 03, AVNO, 180, 228N, 1682W,  58,  985, XX,  50, NEQ,   47,   39,    0,   33, 1005,   76,  27,   0,   0, 
EP, 12, 2026083100, 03, AVNO, 186, 238N, 1694W,  59,  988, XX,  34, NEQ,  105,   76,   43,   80, 1008, 1231,  23,   0,   0, 
EP, 12, 2026083100, 03, AVNO, 186, 238N, 1694W,  59,  988, XX,  50, NEQ,   47,   28,    0,   33, 1008, 1231,  23,   0,   0, 
EP, 12, 2026083100, 03, AVNO, 192, 249N, 1706W,  58,  987, XX,  34, NEQ,   92,   75,   40,   80, 1007,  124,  26,   0,   0, 
EP, 12, 2026083100, 03, AVNO, 192, 249N, 1706W,  58,  987, XX,  50, NEQ,   43,    0,   25,   35, 1007,  124,  26,   0,   0, 
EP, 12, 2026083100, 03, AVNO, 198, 261N, 1717W,  58,  990, XX,  34, NEQ,  103,   90,   47,   68, 1006,   67,  24,   0,   0, 
EP, 12, 2026083100, 03, AVNO, 198, 261N, 1717W,  58,  990, XX,  50, NEQ,   41,   36,    0,    0, 1006,   67,  24,   0,   0, 
EP, 12, 2026083100, 03, AVNO, 204, 271N, 1729W,  61,  991, XX,  34, NEQ,  103,   64,   61,   87, 1007,   61,  33,   0,   0, 
EP, 12, 2026083100, 03, AVNO, 204, 271N, 1729W,  61,  991, XX,  50, NEQ,   48,   38,    0,   23, 1007,   61,  33,   0,   0, 
EP, 12, 2026083100, 03, AVNO, 210, 281N, 1744W,  57,  992, XX,  34, NEQ,   93,   56,   57,   86, 1008,   65,  33,   0,   0, 
EP, 12, 2026083100, 03, AVNO, 210, 281N, 1744W,  57,  992, XX,  50, NEQ,   44,   43,    0,   40, 1008,   65,  33,   0,   0, 
EP, 12, 2026083100, 03, AVNO, 216, 287N, 1762W,  49,  996, XX,  34, NEQ,   87,   65,   57,   79, 1008,   63,  34,   0,   0, 
EP, 12, 2026083100, 03, AVNO, 222, 290N, 1777W,  46,  998, XX,  34, NEQ,   78,   52,   49,   90, 1010,   79,  38,   0,   0, 
EP, 12, 2026083100, 03, AVNO, 228, 294N, 1796W,  42, 1002, XX,  34, NEQ,   68,    0,    0,   68, 1010,   64,  47,   0,   0, 
EP, 12, 2026083100, 03, AVNO, 234, 297N, 1783E,  38, 1004, XX,  34, NEQ,   72,    0,    0,   65, 1012,   93,  48,   0,   0, 
EP, 12, 2026083100, 03, AVNO, 240, 300N, 1764E,  37, 1006, XX,  34, NEQ,   62,    0,    0,   61, 1010,   36,  58,   0,   0, 
EP, 12, 2026083100, 03, HCCA,   0, 132N, 1428W,  45,    0,   ,   0,    ,    0,    0,    0,    0, 
EP, 12, 2026083100, 03, HCCA,  12, 128N, 1449W,  49,    0,   ,   0,    ,    0,    0,    0,    0, 
EP, 12, 2026083100, 03, HCCA,  24, 129N, 1469W,  59,    0,   ,   0,    ,    0,    0,    0,    0, 
EP, 12, 2026083100, 03, HCCA,  36, 132N, 1487W,  73,    0,   ,   0,    ,    0,    0,    0,    0, 
EP, 12, 2026083100, 03, HCCA,  48, 133N, 1507W,  93,    0,   ,   0,    ,    0,    0,    0,    0, 
EP, 12, 2026083100, 03, HCCA,  60, 134N, 1527W, 111,    0,   ,   0,    ,    0,    0,    0,    0, 
EP, 12, 2026083100, 03, HCCA,  72, 136N, 1544W, 118,    0,   ,   0,    ,    0,    0,    0,    0, 
EP, 12, 2026083100, 03, HCCA,  84, 139N, 1561W, 115,    0,   ,   0,    ,    0,    0,    0,    0, 
EP, 12, 2026083100, 03, HCCA,  96, 143N, 1574W, 119,    0,   ,   0,    ,    0,    0,    0,    0, 
EP, 12, 2026083100, 03, HCCA, 108, 148N, 1585W, 123,    0,   ,   0,    ,    0,    0,    0,    0, 
EP, 12, 2026083100, 03, HCCA, 120, 150N, 1591W, 133,    0,   ,   0,    ,    0,    0,    0,    0, 
EP, 12, 2026083100, 03, HCCA, 132, 153N, 1598W, 146,    0,   ,   0,    ,    0,    0,    0,    0, 
EP, 12, 2026083100, 03, HCCA, 144, 160N, 1605W, 156,    0,   ,   0,    ,    0,    0,    0,    0, 
EP, 12, 2026083100, 03, HCCA, 156, 169N, 1610W, 159,    0,   ,   0,    ,    0,    0,    0,    0, 
EP, 12, 2026083100, 03, HCCA, 168, 185N, 1608W, 159,    0,   ,   0,    ,    0,    0,    0,    0, 
EP, 12, 2026083100, 03, HFSA,   0, 131N, 1428W,  47,  999, XX,  34, NEQ,   94,   50,   78,   87,  -99,  -99,  26,   0,   0,    ,   0,    , 272,   9,           ,  ,  0,    ,    0,    0,    0,    0, THERMO PARAMS, 58, 205, 360, N, 10, DT, -999, SHR82, -99, 
EP, 12, 2026083100, 03, HFSA,   6, 129N, 1438W,  47,  996, XX,  34, NEQ,   45,   37,   45,   52, 1000,   17,  19,   0,   0,    ,   0,    , 260,   8,           ,  ,  0,    ,    0,    0,    0,    0, THERMO PARAMS, 80, 463, 698, N, 10, DT, -999, SHR82, -99, 
EP, 12, 2026083100, 03, HFSA,  12, 128N, 1444W,  49,  989, XX,  34, NEQ,   40,   44,   45,   50, 1005,   49,  25,   0,   0,    ,   0,    , 262,   5,           ,  ,  0,    ,    0,    0,    0,    0, THERMO PARAMS, 21, 1027, 1020, N, 10, DT, -999, SHR82, -99, 
EP, 12, 2026083100, 03, HFSA,  18, 128N, 1451W,  43,  994, XX,  34, NEQ,   60,   29,   42,   50, 1006,   47,  18,   0,   0,    ,   0,    , 277,   6,           ,  ,  0,    ,    0,    0,    0,    0, THERMO PARAMS, 6, 867, 854, N, 10, DT, -999, SHR82, -99, 
EP, 12, 2026083100, 03, HFSA,  24, 130N, 1458W,  50,  990, XX,  34, NEQ,   76,   44,   49,   62,  998,   24,  19,   0,   0,    ,   0,    , 282,   6,           ,  ,  0,    ,    0,    0,    0,    0, THERMO PARAMS, 15, 650, 958, N, 10, DT, -999, SHR82, -99, 
EP, 12, 2026083100, 03, HFSA,  30, 131N, 1468W,  51,  990, XX,  34, NEQ,   79,   44,   47,   79,  998,   20,  21,   0,   0,    ,   0,    , 272,   7,           ,  ,  0,    ,    0,    0,    0,    0, THERMO PARAMS, 7, 679, 1153, N, 10, DT, -999, SHR82, -99, 
EP, 12, 2026083100, 03, HFSA,  30, 131N, 1468W,  51,  990, XX,  50, NEQ,    0,   23,    0,    0,  998,   20,  21,   0,   0,    ,   0,    , 272,   7,           ,  ,  0,    ,    0,    0,    0,    0, THERMO PARAMS, 7, 679, 1153, N, 10, DT, -999, SHR82, -99, 
EP, 12, 2026083100, 03, HFSA,  36, 131N, 1477W,  65,  984, XX,  34, NEQ,   83,   49,   49,   70, 1000,   36,  20,   0,   0,    ,   0,    , 270,   7,           ,  ,  0,    ,    0,    0,    0,    0, THERMO PARAMS, 17, 946, 1093, N, 10, DT, -999, SHR82, -99, 
EP, 12, 2026083100, 03, HFSA,  36, 131N, 1477W,  65,  984, XX,  50, NEQ,   31,   31,   24,   28, 1000,   36,  20,   0,   0,    ,   0,    , 270,   7,           ,  ,  0,    ,    0,    0,    0,    0, THERMO PARAMS, 17, 946, 1093, N, 10, DT, -999, SHR82, -99, 
EP, 12, 2026083100, 03, HFSA,  36, 131N, 1477W,  65,  984, XX,  64, NEQ,   19,    0,    0,    0, 1000,   36,  20,   0,   0,    ,   0,    , 270,   7,           ,  ,  0,    ,    0,    0,    0,    0, THERMO PARAMS, 17, 946, 1093, N, 10, DT, -999, SHR82, -99, 
EP, 12, 2026083100, 03, HFSA,  42, 132N, 1486W,  93,  973, XX,  34, NEQ,   79,   50,   50,   63, 1005,   55,  14,   0,   0,    ,   0,    , 276,   7,           ,  ,  0,    ,    0,    0,    0,    0, THERMO PARAMS, -3, 1702, 1824, N, 10, DT, -999, SHR82, -99, 
EP, 12, 2026083100, 03, HFSA,  42, 132N, 1486W,  93,  973, XX,  50, NEQ,   32,   29,   26,   26, 1005,   55,  14,   0,   0,    ,   0,    , 276,   7,           ,  ,  0,    ,    0,    0,    0,    0, THERMO PARAMS, -3, 1702, 1824, N, 10, DT, -999, SHR82, -99, 
EP, 12, 2026083100, 03, HFSA,  42, 132N, 1486W,  93,  973, XX,  64, NEQ,   21,   21,   19,   16, 1005,   55,  14,   0,   0,    ,   0,    , 276,   7,           ,  ,  0,    ,    0,    0,    0,    0, THERMO PARAMS, -3, 1702, 1824, N, 10, DT, -999, SHR82, -99, 
EP, 12, 2026083100, 03, HFSA,  48, 134N, 1494W, 108,  957, XX,  34, NEQ,   89,   66,   62,   68,  993,   26,  10,   0,   0,    ,   0,    , 282,   6,           ,  ,  0,    ,    0,    0,    0,    0, THERMO PARAMS, -19, 1947, 2569, N, 10, DT, -999, SHR82, -99, 
EP, 12, 2026083100, 03, HFSA,  48, 134N, 1494W, 108,  957, XX,  50, NEQ,   32,   28,   28,   32,  993,   26,  10,   0,   0,    ,   0,    , 282,   6,           ,  ,  0,    ,    0,    0,    0,    0, THERMO PARAMS, -19, 1947, 2569, N, 10, DT, -999, SHR82, -99, 
EP, 12, 2026083100, 03, HFSA,  48, 134N, 1494W, 108,  957, XX,  64, NEQ,   23,   21,   21,   21,  993,   26,  10,   0,   0,    ,   0,    , 282,   6,           ,  ,  0,    ,    0,    0,    0,    0, THERMO PARAMS, -19, 1947, 2569, N, 10, DT, -999, SHR82, -99, 
EP, 12, 2026083100, 03, HFSA,  54, 135N, 1501W, 119,  953, XX,  34, NEQ,   86,   50,   65,   89, 1005,   61,  12,   0,   0,    ,   0,    , 271,   7,           ,  ,  0,    ,    0,    0,    0,    0, THERMO PARAMS, -22, 1869, 3000, N, 10, DT, -999, SHR82, -99, 
EP, 12, 2026083100, 03, HFSA,  54, 135N, 1501W, 119,  953, XX,  50, NEQ,   42,   28,   34,   49, 1005,   61,  12,   0,   0,    ,   0,    , 271,   7,           ,  ,  0,    ,    0,    0,    0,    0, THERMO PARAMS, -22, 1869, 3000, N, 10, DT, -999, SHR82, -99, 
EP, 12, 2026083100, 03, HFSA,  54, 135N, 1501W, 119,  953, XX,  64, NEQ,   28,   21,   23,   28, 1005,   61,  12,   0,   0,    ,   0,    , 271,   7,           ,  ,  0,    ,    0,    0,    0,    0, THERMO PARAMS, -22, 1869, 3000, N, 10, DT, -999, SHR82, -99, 
EP, 12, 2026083100, 03, HFSA,  60, 135N, 1509W, 124,  947, XX,  34, NEQ,  108,   65,   53,   96, 1003,   60,   9,   0,   0,    ,   0,    , 271,   7,           ,  ,  0,    ,    0,    0,    0,    0, THERMO PARAMS, -16, 1628, 3415, N, 10, DT, -999, SHR82, -99, 
EP, 12, 2026083100, 03, HFSA,  60, 135N, 1509W, 124,  947, XX,  50, NEQ,   42,   34,   32,   42, 1003,   60,   9,   0,   0,    ,   0,    , 271,   7,           ,  ,  0,    ,    0,    0,    0,    0, THERMO PARAMS, -16, 1628, 3415, N, 10, DT, -999, SHR82, -99, 
EP, 12, 2026083100, 03, HFSA,  60, 135N, 1509W, 124,  947, XX,  64, NEQ,   28,   26,   24,   26, 1003,   60,   9,   0,   0,    ,   0,    , 271,   7,           ,  ,  0,    ,    0,    0,    0,    0, THERMO PARAMS, -16, 1628, 3415, N, 10, DT, -999, SHR82, -99, 
EP, 12, 2026083100, 03, HFSA,  66, 137N, 1518W, 129,  948, XX,  34, NEQ,  107,   62,   57,  100, 1000,   38,  11,   0,   0,    ,   0,    , 279,   8,           ,  ,  0,    ,    0,    0,    0,    0, THERMO PARAMS, -42, 1538, 3167, N, 10, DT, -999, SHR82, -99, 
EP, 12, 2026083100, 03, HFSA,  66, 137N, 1518W, 129,  948, XX,  50, NEQ,   44,   37,   40,   39, 1000,   38,  11,   0,   0,    ,   0,    , 279,   8,           ,  ,  0,    ,    0,    0,    0,    0, THERMO PARAMS, -42, 1538, 3167, N, 10, DT, -999, SHR82, -99, 
EP, 12, 2026083100, 03, HFSA,  66, 137N, 1518W, 129,  948, XX,  64, NEQ,   29,   28,   24,   26, 1000,   38,  11,   0,   0,    ,   0,    , 279,   8,           ,  ,  0,    ,    0,    0,    0,    0, THERMO PARAMS, -42, 1538, 3167, N, 10, DT, -999, SHR82, -99, 
EP, 12, 2026083100, 03, HFSA,  72, 140N, 1527W, 127,  944, XX,  34, NEQ,  100,   55,   60,  107, 1000,   46,  11,   0,   0,    ,   0,    , 289,   8,           ,  ,  0,    ,    0,    0,    0,    0, THERMO PARAMS, -24, 1746, 3414, N, 10, DT, -999, SHR82, -99, 
EP, 12, 2026083100, 03, HFSA,  72, 140N, 1527W, 127,  944, XX,  50, NEQ,   50,   32,   34,   45, 1000,   46,  11,   0,   0,    ,   0,    , 289,   8,           ,  ,  0,    ,    0,    0,    0,    0, THERMO PARAMS, -24, 1746, 3414, N, 10, DT, -999, SHR82, -99, 
EP, 12, 2026083100, 03, HFSA,  72, 140N, 1527W, 127,  944, XX,  64, NEQ,   29,   23,   26,   31, 1000,   46,  11,   0,   0,    ,   0,    , 289,   8,           ,  ,  0,    ,    0,    0,    0,    0, THERMO PARAMS, -24, 1746, 3414, N, 10, DT, -999, SHR82, -99, 
EP, 12, 2026083100, 03, HFSA,  78, 143N, 1536W, 130,  944, XX,  34, NEQ,  113,   58,   65,   99, 1004,   57,  11,   0,   0,    ,   0,    , 280,   8,           ,  ,  0,    ,    0,    0,    0,    0, THERMO PARAMS, -48, 2163, 3300, N, 10, DT, -999, SHR82, -99, 
EP, 12, 2026083100, 03, HFSA,  78, 143N, 1536W, 130,  944, XX,  50, NEQ,   47,   39,   37,   45, 1004,   57,  11,   0,   0,    ,   0,    , 280,   8,           ,  ,  0,    ,    0,    0,    0,    0, THERMO PARAMS, -48, 2163, 3300, N, 10, DT, -999, SHR82, -99, 
EP, 12, 2026083100, 03, HFSA,  78, 143N, 1536W, 130,  944, XX,  64, NEQ,   32,   26,   28,   31, 1004,   57,  11,   0,   0,    ,   0,    , 280,   8,           ,  ,  0,    ,    0,    0,    0,    0, THERMO PARAMS, -48, 2163, 3300, N, 10, DT, -999, SHR82, -99, 
EP, 12, 2026083100, 03, HFSA,  84, 146N, 1545W, 125,  947, XX,  34, NEQ,  108,   60,   71,  102,  983,   21,  12,   0,   0,    ,   0,    , 291,   7,           ,  ,  0,    ,    0,    0,    0,    0, THERMO PARAMS, -77, 1982, 3177, N, 10, DT, -999, SHR82, -99, 
EP, 12, 2026083100, 03, HFSA,  84, 146N, 1545W, 125,  947, XX,  50, NEQ,   50,   39,   37,   47,  983,   21,  12,   0,   0,    ,   0,    , 291,   7,           ,  ,  0,    ,    0,    0,    0,    0, THERMO PARAMS, -77, 1982, 3177, N, 10, DT, -999, SHR82, -99, 
EP, 12, 2026083100, 03, HFSA,  84, 146N, 1545W, 125,  947, XX,  64, NEQ,   34,   28,   28,   34,  983,   21,  12,   0,   0,    ,   0,    , 291,   7,           ,  ,  0,    ,    0,    0,    0,    0, THERMO PARAMS, -77, 1982, 3177, N, 10, DT, -999, SHR82, -99, 
EP, 12, 2026083100, 03, HFSA,  90, 148N, 1553W, 122,  950, XX,  34, NEQ,  120,   63,   71,  110, 1002,   48,  11,   0,   0,    ,   0,    , 283,   6,           ,  ,  0,    ,    0,    0,    0,    0, THERMO PARAMS, -33, 1937, 2878, N, 10, DT, -999, SHR82, -99, 
EP, 12, 2026083100, 03, HFSA,  90, 148N, 1553W, 122,  950, XX,  50, NEQ,   58,   39,   40,   47, 1002,   48,  11,   0,   0,    ,   0,    , 283,   6,           ,  ,  0,    ,    0,    0,    0,    0, THERMO PARAMS, -33, 1937, 2878, N, 10, DT, -999, SHR82, -99, 
EP, 12, 2026083100, 03, HFSA,  90, 148N, 1553W, 122,  950, XX,  64, NEQ,   31,   26,   29,   31, 1002,   48,  11,   0,   0,    ,   0,    , 283,   6,           ,  ,  0,    ,    0,    0,    0,    0, THERMO PARAMS, -33, 1937, 2878, N, 10, DT, -999, SHR82, -99, 
EP, 12, 2026083100, 03, HFSA,  96, 150N, 1560W, 117,  950, XX,  34, NEQ,  115,   62,   74,  110, 1002,   55,  13,   0,   0,    ,   0,    , 286,   5,           ,  ,  0,    ,    0,    0,    0,    0, THERMO PARAMS, -26, 1699, 2842, N, 10, DT, -999, SHR82, -99, 
EP, 12, 2026083100, 03, HFSA,  96, 150N, 1560W, 117,  950, XX,  50, NEQ,   52,   37,   40,   58, 1002,   55,  13,   0,   0,    ,   0,    , 286,   5,           ,  ,  0,    ,    0,    0,    0,    0, THERMO PARAMS, -26, 1699, 2842, N, 10, DT, -999, SHR82, -99, 
EP, 12, 2026083100, 03, HFSA,  96, 150N, 1560W, 117,  950, XX,  64, NEQ,   32,   26,   29,   32, 1002,   55,  13,   0,   0,    ,   0,    , 286,   5,           ,  ,  0,    ,    0,    0,    0,    0, THERMO PARAMS, -26, 1699, 2842, N, 10, DT, -999, SHR82, -99, 
EP, 12, 2026083100, 03, HFSA, 102, 151N, 1566W, 106,  955, XX,  34, NEQ,  128,   60,   76,  113,  999,   41,  13,   0,   0,    ,   0,    , 267,   5,           ,  ,  0,    ,    0,    0,    0,    0, THERMO PARAMS, -44, 1684, 2314, N, 10, DT, -999, SHR82, -99, 
EP, 12, 2026083100, 03, HFSA, 102, 151N, 1566W, 106,  955, XX,  50, NEQ,   47,   39,   39,   62,  999,   41,  13,   0,   0,    ,   0,    , 267,   5,           ,  ,  0,    ,    0,    0,    0,    0, THERMO PARAMS, -44, 1684, 2314, N, 10, DT, -999, SHR82, -99, 
EP, 12, 2026083100, 03, HFSA, 102, 151N, 1566W, 106,  955, XX,  64, NEQ,   32,   29,   29,   31,  999,   41,  13,   0,   0,    ,   0,    , 267,   5,           ,  ,  0,    ,    0,    0,    0,    0, THERMO PARAMS, -44, 1684, 2314, N, 10, DT, -999, SHR82, -99, 
EP, 12, 2026083100, 03, HFSA, 108, 152N, 1573W, 102,  959, XX,  34, NEQ,  112,   62,   74,   99,  999,   45,  11,   0,   0,    ,   0,    , 270,   4,           ,  ,  0,    ,    0,    0,    0,    0, THERMO PARAMS, -10, 1780, 2213, N, 10, DT, -999, SHR82, -99, 
EP, 12, 2026083100, 03, HFSA, 108, 152N, 1573W, 102,  959, XX,  50, NEQ,   50,   39,   42,   58,  999,   45,  11,   0,   0,    ,   0,    , 270,   4,           ,  ,  0,    ,    0,    0,    0,    0, THERMO PARAMS, -10, 1780, 2213, N, 10, DT, -999, SHR82, -99, 
EP, 12, 2026083100, 03, HFSA, 108, 152N, 1573W, 102,  959, XX,  64, NEQ,   32,   24,   31,   34,  999,   45,  11,   0,   0,    ,   0,    , 270,   4,           ,  ,  0,    ,    0,    0,    0,    0, THERMO PARAMS, -10, 1780, 2213, N, 10, DT, -999, SHR82, -99, 
EP, 12, 2026083100, 03, HFSA, 114, 152N, 1578W,  95,  961, XX,  34, NEQ,  108,   66,   68,   99, 1005,   76,  16,   0,   0,    ,   0,    , 265,   3,           ,  ,  0,    ,    0,    0,    0,    0, THERMO PARAMS, -17, 1547, 2136, N, 10, DT, -999, SHR82, -99, 
EP, 12, 2026083100, 03, HFSA, 114, 152N, 1578W,  95,  961, XX,  50, NEQ,   49,   39,   40,   52, 1005,   76,  16,   0,   0,    ,   0,    , 265,   3,           ,  ,  0,    ,    0,    0,    0,    0, THERMO PARAMS, -17, 1547, 2136, N, 10, DT, -999, SHR82, -99, 
EP, 12, 2026083100, 03, HFSA, 114, 152N, 1578W,  95,  961, XX,  64, NEQ,   36,   31,   31,   34, 1005,   76,  16,   0,   0,    ,   0,    , 265,   3,           ,  ,  0,    ,    0,    0,    0,    0, THERMO PARAMS, -17, 1547, 2136, N, 10, DT, -999, SHR82, -99, 
EP, 12, 2026083100, 03, HFSA, 120, 153N, 1584W,  97,  960, XX,  34, NEQ,  110,   68,   73,   97, 1004,   89,  15,   0,   0,    ,   0,    , 270,   3,           ,  ,  0,    ,    0,    0,    0,    0, THERMO PARAMS, -31, 1561, 2094, N, 10, DT, -999, SHR82, -99, 
EP, 12, 2026083100, 03, HFSA, 120, 153N, 1584W,  97,  960, XX,  50, NEQ,   49,   40,   44,   52, 1004,   89,  15,   0,   0,    ,   0,    , 270,   3,           ,  ,  0,    ,    0,    0,    0,    0, THERMO PARAMS, -31, 1561, 2094, N, 10, DT, -999, SHR82, -99, 
EP, 12, 2026083100, 03, HFSA, 120, 153N, 1584W,  97,  960, XX,  64, NEQ,   29,   29,   29,   34, 1004,   89,  15,   0,   0,    ,   0,    , 270,   3,           ,  ,  0,    ,    0,    0,    0,    0, THERMO PARAMS, -31, 1561, 2094, N, 10, DT, -999, SHR82, -99, 
EP, 12, 2026083100, 03, HFSA, 126, 153N, 1589W,  96,  960, XX,  34, NEQ,  107,   73,   70,   92, 1004,   83,  15,   0,   0,    ,   0,    , -99, -99,           ,  ,  0,    ,    0,    0,    0,    0, THERMO PARAMS, -15, 1565, 2152, N, 10, DT, -999, SHR82, -99, 
EP, 12, 2026083100, 03, HFSA, 126, 153N, 1589W,  96,  960, XX,  50, NEQ,   52,   40,   40,   50, 1004,   83,  15,   0,   0,    ,   0,    , -99, -99,           ,  ,  0,    ,    0,    0,    0,    0, THERMO PARAMS, -15, 1565, 2152, N, 10, DT, -999, SHR82, -99, 
EP, 12, 2026083100, 03, HFSA, 126, 153N, 1589W,  96,  960, XX,  64, NEQ,   34,   28,   29,   32, 1004,   83,  15,   0,   0,    ,   0,    , -99, -99,           ,  ,  0,    ,    0,    0,    0,    0, THERMO PARAMS, -15, 1565, 2152, N, 10, DT, -999, SHR82, -99, 
EP, 12, 2026083100, 03, TVCN,   0, 132N, 1428W,   0,    0,   ,   0,    ,    0,    0,    0,    0, 
EP, 12, 2026083100, 03, TVCN,  12, 132N, 1447W,   0,    0,   ,   0,    ,    0,    0,    0,    0, 
EP, 12, 2026083100, 03, TVCN,  24, 133N, 1465W,   0,    0,   ,   0,    ,    0,    0,    0,    0, 
EP, 12, 2026083100, 03, TVCN,  36, 136N, 1481W,   0,    0,   ,   0,    ,    0,    0,    0,    0, 
EP, 12, 2026083100, 03, TVCN,  48, 139N, 1498W,   0,    0,   ,   0,    ,    0,    0,    0,    0, 
EP, 12, 2026083100, 03, TVCN,  60, 142N, 1515W,   0,    0,   ,   0,    ,    0,    0,    0,    0, 
EP, 12, 2026083100, 03, TVCN,  72, 146N, 1532W,   0,    0,   ,   0,    ,    0,    0,    0,    0, 
EP, 12, 2026083100, 03, TVCN,  84, 152N, 1549W,   0,    0,   ,   0,    ,    0,    0,    0,    0, 
EP, 12, 2026083100, 03, TVCN,  96, 157N, 1564W,   0,    0,   ,   0,    ,    0,    0,    0,    0, 
EP, 12, 2026083100, 03, TVCN, 108, 161N, 1578W,   0,    0,   ,   0,    ,    0,    0,    0,    0, 
EP, 12, 2026083100, 03, TVCN, 120, 165N, 1590W,   0,    0,   ,   0,    ,    0,    0,    0,    0, 
EP, 12, 2026083100, 03, TVCN, 132, 170N, 1601W,   0,    0,   ,   0,    ,    0,    0,    0,    0, 
EP, 12, 2026083100, 03, TVCN, 144, 162N, 1612W,   0,    0,   ,   0,    ,    0,    0,    0,    0, 
EP, 12, 2026083100, 03, TVCN, 156, 170N, 1623W,   0,    0,   ,   0,    ,    0,    0,    0,    0, 
EP, 12, 2026083100, 03, TVCN, 168, 180N, 1634W,   0,    0,   ,   0,    ,    0,    0,    0,    0, 
EP, 12, 2026083106, 03, HCCA,   0, 130N, 1437W,  50,    0,   ,   0,    ,    0,    0,    0,    0, 
EP, 12, 2026083106, 03, HCCA,  12, 130N, 1457W,  54,    0,   ,   0,    ,    0,    0,    0,    0, 
EP, 12, 2026083106, 03, HCCA,  24, 132N, 1478W,  68,    0,   ,   0,    ,    0,    0,    0,    0, 
EP, 12, 2026083106, 03, HCCA,  36, 134N, 1499W,  77,    0,   ,   0,    ,    0,    0,    0,    0, 
EP, 12, 2026083106, 03, HCCA,  48, 136N, 1519W,  93,    0,   ,   0,    ,    0,    0,    0,    0, 
EP, 12, 2026083106, 03, HCCA,  60, 139N, 1539W, 109,    0,   ,   0,    ,    0,    0,    0,    0, 
EP, 12, 2026083106, 03, HCCA,  72, 142N, 1560W, 119,    0,   ,   0,    ,    0,    0,    0,    0, 
EP, 12, 2026083106, 03, HCCA,  84, 147N, 1577W, 115,    0,   ,   0,    ,    0,    0,    0,    0, 
EP, 12, 2026083106, 03, HCCA,  96, 149N, 1592W, 119,    0,   ,   0,    ,    0,    0,    0,    0, 
EP, 12, 2026083106, 03, HCCA, 108, 148N, 1606W, 122,    0,   ,   0,    ,    0,    0,    0,    0, 
EP, 12, 2026083106, 03, HCCA, 120, 147N, 1616W, 135,    0,   ,   0,    ,    0,    0,    0,    0, 
EP, 12, 2026083106, 03, HCCA, 132, 147N, 1622W, 158,    0,   ,   0,    ,    0,    0,    0,    0, 
EP, 12, 2026083106, 03, HCCA, 144, 150N, 1626W, 170,    0,   ,   0,    ,    0,    0,    0,    0, 
EP, 12, 2026083106, 03, HCCA, 156, 153N, 1630W, 171,    0,   ,   0,    ,    0,    0,    0,    0, 
EP, 12, 2026083106, 03, HCCA, 168, 162N, 1631W, 169,    0,   ,   0,    ,    0,    0,    0,    0, 
EP, 12, 2026083106, 03, TVCN,   0, 130N, 1437W,   0,    0,   ,   0,    ,    0,    0,    0,    0, 
EP, 12, 2026083106, 03, TVCN,  12, 131N, 1454W,   0,    0,   ,   0,    ,    0,    0,    0,    0, 
EP, 12, 2026083106, 03, TVCN,  24, 133N, 1471W,   0,    0,   ,   0,    ,    0,    0,    0,    0, 
EP, 12, 2026083106, 03, TVCN,  36, 136N, 1488W,   0,    0,   ,   0,    ,    0,    0,    0,    0, 
EP, 12, 2026083106, 03, TVCN,  48, 139N, 1505W,   0,    0,   ,   0,    ,    0,    0,    0,    0, 
EP, 12, 2026083106, 03, TVCN,  60, 141N, 1522W,   0,    0,   ,   0,    ,    0,    0,    0,    0, 
EP, 12, 2026083106, 03, TVCN,  72, 145N, 1540W,   0,    0,   ,   0,    ,    0,    0,    0,    0, 
EP, 12, 2026083106, 03, TVCN,  84, 149N, 1556W,   0,    0,   ,   0,    ,    0,    0,    0,    0, 
EP, 12, 2026083106, 03, TVCN,  96, 152N, 1571W,   0,    0,   ,   0,    ,    0,    0,    0,    0, 
EP, 12, 2026083106, 03, TVCN, 108, 153N, 1584W,   0,    0,   ,   0,    ,    0,    0,    0,    0, 
EP, 12, 2026083106, 03, TVCN, 120, 155N, 1595W,   0,    0,   ,   0,    ,    0,    0,    0,    0, 
EP, 12, 2026083106, 03, TVCN, 132, 157N, 1607W,   0,    0,   ,   0,    ,    0,    0,    0,    0, 
EP, 12, 2026083106, 03, TVCN, 144, 154N, 1628W,   0,    0,   ,   0,    ,    0,    0,    0,    0, 
EP, 12, 2026083106, 03, TVCN, 156, 160N, 1641W,   0,    0,   ,   0,    ,    0,    0,    0,    0, 
EP, 12, 2026083106, 03, TVCN, 168, 168N, 1654W,   0,    0,   ,   0,    ,    0,    0,    0,    0, 