EP, 17, 2026091812, 03,  UKX,   0,  77N, 1027W,  17, 1010, XX,  34, NEQ,    0,    0,    0,    0, 
EP, 17, 2026091812, 03,  UKX,   6,  79N, 1054W,  17, 1009, XX,  34, NEQ,    0,    0,    0,    0, 
EP, 17, 2026091812, 03,  UKX,  12,  71N, 1077W,  17, 1009, XX,  34, NEQ,    0,    0,    0,    0, 
EP, 17, 2026091812, 03,  UKX,  18,  80N, 1077W,  22, 1009, XX,  34, NEQ,    0,    0,    0,    0, 
EP, 17, 2026091812, 03,  UKX,  24,  89N, 1085W,  22, 1009, XX,  34, NEQ,    0,    0,    0,    0, 
EP, 17, 2026091812, 03,  UKX,  30, 108N, 1087W,  24, 1009, XX,  34, NEQ,    0,    0,    0,    0, 
EP, 17, 2026091812, 03,  UKX,  36, 123N, 1092W,  26, 1008, XX,  34, NEQ,    0,    0,    0,    0, 
EP, 17, 2026091812, 03,  UKX,  42, 135N, 1097W,  29, 1008, XX,  34, NEQ,    0,    0,    0,    0, 
EP, 17, 2026091812, 03,  UKX,  48, 141N, 1102W,  26, 1007, XX,  34, NEQ,    0,    0,    0,    0, 
EP, 17, 2026091812, 03,  UKX,  54, 144N, 1102W,  27, 1009, XX,  34, NEQ,    0,    0,    0,    0, 
EP, 17, 2026091812, 03,  UKX,  60, 154N, 1102W,  26, 1006, XX,  34, NEQ,    0,    0,    0,    0, 
EP, 17, 2026091812, 03,  UKX,  66, 159N, 1103W,  27, 1008, XX,  34, NEQ,    0,    0,    0,    0, 
EP, 17, 2026091812, 03,  UKX,  72, 161N, 1099W,  27, 1005, XX,  34, NEQ,    0,    0,    0,    0, 
EP, 17, 2026091812, 03,  UKX,  78, 165N, 1095W,  27, 1006, XX,  34, NEQ,    0,    0,    0,    0, 
EP, 17, 2026091812, 03,  UKX,  84, 165N, 1091W,  31, 1003, XX,  34, NEQ,    0,    0,    0,    0, 
EP, 17, 2026091812, 03,  UKX,  90, 168N, 1088W,  32, 1003, XX,  34, NEQ,    0,    0,    0,    0, 
EP, 17, 2026091812, 03,  UKX,  96, 168N, 1084W,  35,  999, XX,  34, NEQ,    0,    0,   69,    0, 
EP, 17, 2026091812, 03,  UKX, 102, 172N, 1082W,  38,  999, XX,  34, NEQ,   75,   78,   55,   58, 
EP, 17, 2026091812, 03,  UKX, 108, 181N, 1081W,  43,  994, XX,  34, NEQ,  101,   89,   69,   69, 
EP, 17, 2026091812, 03,  UKX, 114, 191N, 1085W,  50,  992, XX,  34, NEQ,  127,  101,   72,   91, 
EP, 17, 2026091812, 03,  UKX, 114, 191N, 1085W,  50,  992, XX,  50, NEQ,    0,   45,    0,    0, 
EP, 17, 2026091812, 03,  UKX, 120, 204N, 1088W,  58,  987, XX,  34, NEQ,  146,  132,   94,   94, 
EP, 17, 2026091812, 03,  UKX, 120, 204N, 1088W,  58,  987, XX,  50, NEQ,   53,   37,   43,   44, 
EP, 17, 2026091812, 03,  UKX, 126, 218N, 1090W,  64,  987, XX,  34, NEQ,  158,  163,   84,   89, 
EP, 17, 2026091812, 03,  UKX, 126, 218N, 1090W,  64,  987, XX,  50, NEQ,   65,   60,   49,   44, 
EP, 17, 2026091812, 03,  UKX, 132, 237N, 1092W,  68,  985, XX,  34, NEQ,  110,  131,   97,   94, 
EP, 17, 2026091812, 03,  UKX, 132, 237N, 1092W,  68,  985, XX,  50, NEQ,   71,   70,   29,   42, 
EP, 17, 2026091812, 03,  UKX, 132, 237N, 1092W,  68,  985, XX,  64, NEQ,   41,    0,    0,    0, 
EP, 17, 2026091812, 03,  UKX, 138, 259N, 1099W,  69,  987, XX,  34, NEQ,   49,  102,   56,   59, 
EP, 17, 2026091812, 03,  UKX, 138, 259N, 1099W,  69,  987, XX,  50, NEQ,   39,   41,   40,   39, 
EP, 17, 2026091812, 03,  UKX, 138, 259N, 1099W,  69,  987, XX,  64, NEQ,   27,   29,   25,    0, 
EP, 17, 2026091812, 03,  UKX, 144, 286N, 1106W,  37,  993, XX,  34, NEQ,    0,    0,   72,    0, 
EP, 17, 2026091812, 03, AVNO,   0,  83N, 1036W,  22, 1009, XX,  34, NEQ,    0,    0,    0,    0,  -99,  -99, 157,   0,   0, 
EP, 17, 2026091812, 03, AVNO,   6,  85N, 1054W,  19, 1011, XX,  34, NEQ,    0,    0,    0,    0,  -99,  -99, 103,   0,   0, 
EP, 17, 2026091812, 03, AVNO,  12,  69N, 1071W,  17, 1007, XX,  34, NEQ,    0,    0,    0,    0,  -99,  -99,  88,   0,   0, 
EP, 17, 2026091812, 03, AVNO,  18,  75N, 1070W,  19, 1010, XX,  34, NEQ,    0,    0,    0,    0,  -99,  -99,  55,   0,   0, 
EP, 17, 2026091812, 03, AVNO,  24,  86N, 1068W,  23, 1008, XX,  34, NEQ,    0,    0,    0,    0,  -99,  -99,  52,   0,   0, 
EP, 17, 2026091812, 03, AVNO,  30, 101N, 1064W,  24, 1010, XX,  34, NEQ,    0,    0,    0,    0,  -99,  -99,  58,   0,   0, 
EP, 17, 2026091812, 03, AVNO,  36, 116N, 1060W,  23, 1007, XX,  34, NEQ,    0,    0,    0,    0,  -99,  -99,  38,   0,   0, 
EP, 17, 2026091812, 03, AVNO,  42, 129N, 1061W,  26, 1009, XX,  34, NEQ,    0,    0,    0,    0,  -99,  -99,  71,   0,   0, 
EP, 17, 2026091812, 03, AVNO,  48, 139N, 1059W,  26, 1007, XX,  34, NEQ,    0,    0,    0,    0,  -99,  -99, 115,   0,   0, 
EP, 17, 2026091812, 03, AVNO,  54, 145N, 1060W,  35, 1008, XX,  34, NEQ,   32,    0,    0,    0,  -99,  -99,  32,   0,   0, 
EP, 17, 2026091812, 03, AVNO,  60, 150N, 1065W,  27, 1005, XX,  34, NEQ,    0,    0,    0,    0, 1009,  106,  51,   0,   0, 
EP, 17, 2026091812, 03, AVNO,  66, 149N, 1065W,  24, 1007, XX,  34, NEQ,    0,    0,    0,    0, 1011,   99,  86,   0,   0, 
EP, 17, 2026091812, 03, AVNO,  72, 148N, 1056W,  32, 1003, XX,  34, NEQ,    0,    0,    0,    0, 1007,   66, 161,   0,   0, 
EP, 17, 2026091812, 03, AVNO,  78, 147N, 1045W,  32, 1003, XX,  34, NEQ,    0,    0,    0,    0, 1007,   37,  32,   0,   0, 
EP, 17, 2026091812, 03, AVNO,  84, 144N, 1040W,  45,  996, XX,  34, NEQ,   49,   62,   27,   53, 1004,   48,  35,   0,   0, 
EP, 17, 2026091812, 03, AVNO,  90, 139N, 1035W,  42,  996, XX,  34, NEQ,   64,   71,   60,   53, 1004,   38,  27,   0,   0, 
EP, 17, 2026091812, 03, AVNO,  96, 137N, 1030W,  52,  988, XX,  34, NEQ,   66,   79,   79,   52, 1008,  718,  32,   0,   0, 
EP, 17, 2026091812, 03, AVNO,  96, 137N, 1030W,  52,  988, XX,  50, NEQ,    0,    0,   33,    0, 1008,  718,  32,   0,   0, 
EP, 17, 2026091812, 03, AVNO, 102, 135N, 1027W,  57,  986, XX,  34, NEQ,   70,   81,   81,   51, 1006,   76,  20,   0,   0, 
EP, 17, 2026091812, 03, AVNO, 102, 135N, 1027W,  57,  986, XX,  50, NEQ,   31,   37,   33,   29, 1006,   76,  20,   0,   0, 
EP, 17, 2026091812, 03, AVNO, 108, 134N, 1026W,  68,  979, XX,  34, NEQ,   65,   73,   71,   56, 1003,   64,  18,   0,   0, 
EP, 17, 2026091812, 03, AVNO, 108, 134N, 1026W,  68,  979, XX,  50, NEQ,   36,   45,   39,   32, 1003,   64,  18,   0,   0, 
EP, 17, 2026091812, 03, AVNO, 108, 134N, 1026W,  68,  979, XX,  64, NEQ,   19,   26,    0,    0, 1003,   64,  18,   0,   0, 
EP, 17, 2026091812, 03, AVNO, 114, 136N, 1026W,  71,  974, XX,  34, NEQ,   83,   86,   79,   62, 1006,   91,  25,   0,   0, 
EP, 17, 2026091812, 03, AVNO, 114, 136N, 1026W,  71,  974, XX,  50, NEQ,   46,   50,   44,   39, 1006,   91,  25,   0,   0, 
EP, 17, 2026091812, 03, AVNO, 114, 136N, 1026W,  71,  974, XX,  64, NEQ,   32,   25,    0,   30, 1006,   91,  25,   0,   0, 
EP, 17, 2026091812, 03, AVNO, 120, 138N, 1028W,  80,  963, XX,  34, NEQ,   89,  102,   96,   74,  979,   18,  22,   0,   0, 
EP, 17, 2026091812, 03, AVNO, 120, 138N, 1028W,  80,  963, XX,  50, NEQ,   48,   52,   51,   44,  979,   18,  22,   0,   0, 
EP, 17, 2026091812, 03, AVNO, 120, 138N, 1028W,  80,  963, XX,  64, NEQ,   41,   36,   28,   33,  979,   18,  22,   0,   0, 
EP, 17, 2026091812, 03, AVNO, 126, 141N, 1032W,  96,  957, XX,  34, NEQ,  104,  102,   96,   87, 1009,  171,  29,   0,   0, 
EP, 17, 2026091812, 03, AVNO, 126, 141N, 1032W,  96,  957, XX,  50, NEQ,   54,   55,   51,   47, 1009,  171,  29,   0,   0, 
EP, 17, 2026091812, 03, AVNO, 126, 141N, 1032W,  96,  957, XX,  64, NEQ,   40,   38,   35,   33, 1009,  171,  29,   0,   0, 
EP, 17, 2026091812, 03, AVNO, 132, 143N, 1037W,  92,  949, XX,  34, NEQ,  107,  104,   93,   90,  977,   30,  26,   0,   0, 
EP, 17, 2026091812, 03, AVNO, 132, 143N, 1037W,  92,  949, XX,  50, NEQ,   55,   56,   52,   58,  977,   30,  26,   0,   0, 
EP, 17, 2026091812, 03, AVNO, 132, 143N, 1037W,  92,  949, XX,  64, NEQ,   41,   42,   35,   44,  977,   30,  26,   0,   0, 
EP, 17, 2026091812, 03, AVNO, 138, 144N, 1044W,  98,  944, XX,  34, NEQ,  118,  102,   91,   97,  972,   30,  20,   0,   0, 
EP, 17, 2026091812, 03, AVNO, 138, 144N, 1044W,  98,  944, XX,  50, NEQ,   58,   58,   58,   56,  972,   30,  20,   0,   0, 
EP, 17, 2026091812, 03, AVNO, 138, 144N, 1044W,  98,  944, XX,  64, NEQ,   44,   44,   44,   43,  972,   30,  20,   0,   0, 
EP, 17, 2026091812, 03, AVNO, 144, 145N, 1050W, 101,  936, XX,  34, NEQ,  121,  106,   98,  107,  968,   21,  18,   0,   0, 
EP, 17, 2026091812, 03, AVNO, 144, 145N, 1050W, 101,  936, XX,  50, NEQ,   70,   61,   64,   55,  968,   21,  18,   0,   0, 
EP, 17, 2026091812, 03, AVNO, 144, 145N, 1050W, 101,  936, XX,  64, NEQ,   50,   46,   43,   41,  968,   21,  18,   0,   0, 
EP, 17, 2026091812, 03, AVNO, 150, 146N, 1059W, 104,  940, XX,  34, NEQ,  127,  114,  109,  115,  976,   32,  23,   0,   0, 
EP, 17, 2026091812, 03, AVNO, 150, 146N, 1059W, 104,  940, XX,  50, NEQ,   72,   67,   66,   69,  976,   32,  23,   0,   0, 
EP, 17, 2026091812, 03, AVNO, 150, 146N, 1059W, 104,  940, XX,  64, NEQ,   49,   49,   46,   49,  976,   32,  23,   0,   0, 
EP, 17, 2026091812, 03, AVNO, 156, 147N, 1066W, 103,  934, XX,  34, NEQ,  132,  109,  116,  123,  962,   21,  21,   0,   0, 
EP, 17, 2026091812, 03, AVNO, 156, 147N, 1066W, 103,  934, XX,  50, NEQ,   73,   72,   74,   66,  962,   21,  21,   0,   0, 
EP, 17, 2026091812, 03, AVNO, 156, 147N, 1066W, 103,  934, XX,  64, NEQ,   51,   49,   51,   44,  962,   21,  21,   0,   0, 
EP, 17, 2026091812, 03, AVNO, 162, 148N, 1072W, 106,  937, XX,  34, NEQ,  118,  106,  121,  125,  961,   21,  31,   0,   0, 
EP, 17, 2026091812, 03, AVNO, 162, 148N, 1072W, 106,  937, XX,  50, NEQ,   75,   71,   76,   60,  961,   21,  31,   0,   0, 
EP, 17, 2026091812, 03, AVNO, 162, 148N, 1072W, 106,  937, XX,  64, NEQ,   51,   49,   51,   46,  961,   21,  31,   0,   0, 
EP, 17, 2026091812, 03, AVNO, 168, 149N, 1080W, 101,  937, XX,  34, NEQ,  123,  122,  137,  120,  961,   25,  24,   0,   0, 
EP, 17, 2026091812, 03, AVNO, 168, 149N, 1080W, 101,  937, XX,  50, NEQ,   77,   74,   78,   72,  961,   25,  24,   0,   0, 
EP, 17, 2026091812, 03, AVNO, 168, 149N, 1080W, 101,  937, XX,  64, NEQ,   55,   57,   50,   52,  961,   25,  24,   0,   0, 
EP, 17, 2026091812, 03, AVNO, 174, 150N, 1088W, 101,  937, XX,  34, NEQ,  131,  136,  137,  123,  973,   33,  23,   0,   0, 
EP, 17, 2026091812, 03, AVNO, 174, 150N, 1088W, 101,  937, XX,  50, NEQ,   73,   81,   82,   70,  973,   33,  23,   0,   0, 
EP, 17, 2026091812, 03, AVNO, 174, 150N, 1088W, 101,  937, XX,  64, NEQ,   53,   55,   54,   48,  973,   33,  23,   0,   0, 
EP, 17, 2026091812, 03, AVNO, 180, 153N, 1096W, 107,  935, XX,  34, NEQ,  131,  143,  139,  122,  967,   32,  23,   0,   0, 
EP, 17, 2026091812, 03, AVNO, 180, 153N, 1096W, 107,  935, XX,  50, NEQ,   65,   82,   78,   68,  967,   32,  23,   0,   0, 
EP, 17, 2026091812, 03, AVNO, 180, 153N, 1096W, 107,  935, XX,  64, NEQ,   51,   57,   52,   52,  967,   32,  23,   0,   0, 
EP, 17, 2026091812, 03, AVNO, 186, 156N, 1105W, 109,  938, XX,  34, NEQ,  152,  147,  130,  130,  966,   31,  29,   0,   0, 
EP, 17, 2026091812, 03, AVNO, 186, 156N, 1105W, 109,  938, XX,  50, NEQ,   85,   82,   79,   71,  966,   31,  29,   0,   0, 
EP, 17, 2026091812, 03, AVNO, 186, 156N, 1105W, 109,  938, XX,  64, NEQ,   55,   57,   59,   44,  966,   31,  29,   0,   0, 
EP, 17, 2026091812, 03, AVNO, 192, 159N, 1115W, 102,  937, XX,  34, NEQ,  151,  185,  121,  131,  969,   33,  29,   0,   0, 
EP, 17, 2026091812, 03, AVNO, 192, 159N, 1115W, 102,  937, XX,  50, NEQ,   79,   83,   74,   80,  969,   33,  29,   0,   0, 
EP, 17, 2026091812, 03, AVNO, 192, 159N, 1115W, 102,  937, XX,  64, NEQ,   58,   58,   50,   53,  969,   33,  29,   0,   0, 
EP, 17, 2026091812, 03, AVNO, 198, 161N, 1125W, 103,  940, XX,  34, NEQ,  166,  151,  132,  145,  972,   33,  31,   0,   0, 
EP, 17, 2026091812, 03, AVNO, 198, 161N, 1125W, 103,  940, XX,  50, NEQ,   75,   82,   79,   77,  972,   33,  31,   0,   0, 
EP, 17, 2026091812, 03, AVNO, 198, 161N, 1125W, 103,  940, XX,  64, NEQ,   55,   59,   58,   56,  972,   33,  31,   0,   0, 
EP, 17, 2026091812, 03, AVNO, 204, 164N, 1133W, 101,  940, XX,  34, NEQ,  209,  157,  144,  133,  956,   21,  34,   0,   0, 
EP, 17, 2026091812, 03, AVNO, 204, 164N, 1133W, 101,  940, XX,  50, NEQ,   78,   87,   87,   80,  956,   21,  34,   0,   0, 
EP, 17, 2026091812, 03, AVNO, 204, 164N, 1133W, 101,  940, XX,  64, NEQ,   57,   61,   59,   54,  956,   21,  34,   0,   0, 
EP, 17, 2026091812, 03, AVNO, 210, 169N, 1141W,  99,  944, XX,  34, NEQ,  163,  156,  144,  145,  968,   34,  36,   0,   0, 
EP, 17, 2026091812, 03, AVNO, 210, 169N, 1141W,  99,  944, XX,  50, NEQ,   87,   93,   90,   86,  968,   34,  36,   0,   0, 
EP, 17, 2026091812, 03, AVNO, 210, 169N, 1141W,  99,  944, XX,  64, NEQ,   57,   63,   53,   59,  968,   34,  36,   0,   0, 
EP, 17, 2026091812, 03, AVNO, 216, 173N, 1151W, 102,  945, XX,  34, NEQ,  185,  157,  146,  160,  961,   41,  33,   0,   0, 
EP, 17, 2026091812, 03, AVNO, 216, 173N, 1151W, 102,  945, XX,  50, NEQ,   85,   93,   91,   85,  961,   41,  33,   0,   0, 
EP, 17, 2026091812, 03, AVNO, 216, 173N, 1151W, 102,  945, XX,  64, NEQ,   53,   66,   57,   56,  961,   41,  33,   0,   0, 
EP, 17, 2026091812, 03, AVNO, 222, 177N, 1162W,  90,  948, XX,  34, NEQ,  183,  162,  148,  171,  964,   33,  38,   0,   0, 
EP, 17, 2026091812, 03, AVNO, 222, 177N, 1162W,  90,  948, XX,  50, NEQ,  102,   94,   92,   93,  964,   33,  38,   0,   0, 
EP, 17, 2026091812, 03, AVNO, 222, 177N, 1162W,  90,  948, XX,  64, NEQ,   59,   67,   52,   55,  964,   33,  38,   0,   0, 
EP, 17, 2026091812, 03, AVNO, 228, 181N, 1173W,  91,  948, XX,  34, NEQ,  169,  161,  146,  162,  964,   30,  37,   0,   0, 
EP, 17, 2026091812, 03, AVNO, 228, 181N, 1173W,  91,  948, XX,  50, NEQ,   88,   94,   74,   87,  964,   30,  37,   0,   0, 
EP, 17, 2026091812, 03, AVNO, 228, 181N, 1173W,  91,  948, XX,  64, NEQ,   67,   64,   56,   55,  964,   30,  37,   0,   0, 
EP, 17, 2026091812, 03, AVNO, 234, 186N, 1185W,  81,  952, XX,  34, NEQ,  172,  171,  121,  160,  972,   44,  48,   0,   0, 
EP, 17, 2026091812, 03, AVNO, 234, 186N, 1185W,  81,  952, XX,  50, NEQ,   98,   90,   72,   84,  972,   44,  48,   0,   0, 
EP, 17, 2026091812, 03, AVNO, 234, 186N, 1185W,  81,  952, XX,  64, NEQ,   63,   59,   46,   54,  972,   44,  48,   0,   0, 
EP, 17, 2026091812, 03, AVNO, 240, 189N, 1197W,  78,  953, XX,  34, NEQ,  176,  166,  134,  160, 1001,  163,  37,   0,   0, 
EP, 17, 2026091812, 03, AVNO, 240, 189N, 1197W,  78,  953, XX,  50, NEQ,   91,   86,   74,   85, 1001,  163,  37,   0,   0, 
EP, 17, 2026091812, 03, AVNO, 240, 189N, 1197W,  78,  953, XX,  64, NEQ,   66,   56,   49,   64, 1001,  163,  37,   0,   0, 
EP, 17, 2026091812, 03, HCCA,   0,  70N, 1050W,  20,    0,   ,   0,    ,    0,    0,    0,    0, 
EP, 17, 2026091812, 03, HFSA,   0,  73N, 1047W,  22, 1006, XX,  34, NEQ,    0,    0,    0,    0,  -99,  -99, 126,   0,   0,    ,   0,    , 276,   9,           ,  ,  0,    ,    0,    0,    0,    0, THERMO PARAMS, -33, 251, 8, N, 10, DT, -999, SHR82, -99, 
EP, 17, 2026091812, 03, HFSA,   0,  82N, 1038W,  22, 1006, XX,  34, NEQ,    0,    0,    0,    0,  -99,  -99,  57,   0,   0,    ,   0,    , 273,  11,           ,  ,  0,    ,    0,    0,    0,    0, THERMO PARAMS, -44, 251, 8, N, 10, DT, -999, SHR82, -99, 
EP, 17, 2026091812, 03, HFSA,   6,  89N, 1041W,  40, 1002, XX,  34, NEQ,    0,    0,    0,    0, 1010,   12,   8,   0,   0,    ,   0,    , 327,   8,           ,  ,  0,    ,    0,    0,    0,    0, THERMO PARAMS, -13, 196, 100, N, 10, DT, -999, SHR82, -99, 
EP, 17, 2026091812, 03, HFSA,   6,  86N, 1043W,  40, 1003, XX,  34, NEQ,    0,    0,    0,    0, 1007,   10,  24,   0,   0,    ,   0,    , 301,   8,           ,  ,  0,    ,    0,    0,    0,    0, THERMO PARAMS, -63, 205, 96, N, 10, DT, -999, SHR82, -99, 
EP, 17, 2026091812, 03, HFSA,  12,  95N, 1050W,  32, 1003, XX,  34, NEQ,    0,    0,    0,    0, 1007,    9,  46,   0,   0,    ,   0,    , 303,   9,           ,  ,  0,    ,    0,    0,    0,    0, THERMO PARAMS, -52, -126, 259, N, 10, DT, -999, SHR82, -99, 
EP, 17, 2026091812, 03, HFSA,  12,  94N, 1049W,  32, 1007, XX,  34, NEQ,    0,    0,    0,    0,  -99,  -99,  49,   0,   0,    ,   0,    , 301,   9,           ,  ,  0,    ,    0,    0,    0,    0, THERMO PARAMS, -55, -124, 259, N, 10, DT, -999, SHR82, -99, 
EP, 17, 2026091812, 03, HFSA,  18,  97N, 1056W,  32, 1009, XX,  34, NEQ,    0,    0,    0,    0,  -99,  -99,  75,   0,   0,    ,   0,    , 311,   7,           ,  ,  0,    ,    0,    0,    0,    0, THERMO PARAMS, -11, -79, 220, N, 10, DT, -999, SHR82, -99, 
EP, 17, 2026091812, 03, HFSA,  18,  97N, 1056W,  32, 1009, XX,  34, NEQ,    0,    0,    0,    0,  -99,  -99,  75,   0,   0,    ,   0,    , 311,   7,           ,  ,  0,    ,    0,    0,    0,    0, THERMO PARAMS, -12, -80, 220, N, 10, DT, -999, SHR82, -99, 
EP, 17, 2026091812, 03, HFSA,  24, 103N, 1062W,  33, 1007, XX,  34, NEQ,    0,    0,    0,    0,  -99,  -99, 153,   0,   0,    ,   0,    , 318,   8,           ,  ,  0,    ,    0,    0,    0,    0, THERMO PARAMS, -58, 170, -68, N, 10, DT, -999, SHR82, -99, 
EP, 17, 2026091812, 03, HFSA,  24, 102N, 1062W,  33, 1007, XX,  34, NEQ,    0,    0,    0,    0,  -99,  -99, 149,   0,   0,    ,   0,    , 316,   8,           ,  ,  0,    ,    0,    0,    0,    0, THERMO PARAMS, -59, 156, -68, N, 10, DT, -999, SHR82, -99, 
EP, 17, 2026091812, 03, HFSA,  30, 110N, 1067W,  35, 1006, XX,  34, NEQ,    0,    0,    0,    0,  -99,  -99, 102,   0,   0,    ,   0,    , 339,   7,           ,  ,  0,    ,    0,    0,    0,    0, THERMO PARAMS, -21, 215, 202, N, 10, DT, -999, SHR82, -99, 
EP, 17, 2026091812, 03, HFSA,  30, 112N, 1065W,  35, 1006, XX,  34, NEQ,    0,    0,    0,    0,  -99,  -99,  92,   0,   0,    ,   0,    , 350,   9,           ,  ,  0,    ,    0,    0,    0,    0, THERMO PARAMS, -10, 172, 197, N, 10, DT, -999, SHR82, -99, 
EP, 17, 2026091812, 03, HFSA,  36, 118N, 1069W,  31, 1006, XX,  34, NEQ,    0,    0,    0,    0,  -99,  -99, 147,   0,   0,    ,   0,    , 336,   8,           ,  ,  0,    ,    0,    0,    0,    0, THERMO PARAMS, -9999, -9999, -9999, N, 10, DT, -999, SHR82, -99, 
EP, 17, 2026091812, 03, HFSA,  36, 117N, 1070W,  31, 1006, XX,  34, NEQ,    0,    0,    0,    0,  -99,  -99, 153,   0,   0,    ,   0,    , 340,   7,           ,  ,  0,    ,    0,    0,    0,    0, THERMO PARAMS, -9999, -9999, -9999, N, 10, DT, -999, SHR82, -99, 
EP, 17, 2026091812, 03, HFSA,  42, 127N, 1069W,  29, 1009, XX,  34, NEQ,    0,    0,    0,    0,  -99,  -99, 125,   0,   0,    ,   0,    , 359,   8,           ,  ,  0,    ,    0,    0,    0,    0, THERMO PARAMS, -21, -49, 37, N, 10, DT, -999, SHR82, -99, 
EP, 17, 2026091812, 03, HFSA,  42, 126N, 1070W,  29, 1009, XX,  34, NEQ,    0,    0,    0,    0,  -99,  -99, 129,   0,   0,    ,   0,    ,   5,   8,           ,  ,  0,    ,    0,    0,    0,    0, THERMO PARAMS, -13, -56, 42, N, 10, DT, -999, SHR82, -99, 
EP, 17, 2026091812, 03, HFSA,  48, 140N, 1064W,  33, 1001, XX,  34, NEQ,    0,    0,    0,    0, 1005,   12,  26,   0,   0,    ,   0,    ,  14,  11,           ,  ,  0,    ,    0,    0,    0,    0, THERMO PARAMS, -19, 236, 220, N, 10, DT, -999, SHR82, -99, 
EP, 17, 2026091812, 03, HFSA,  48, 141N, 1063W,  33, 1001, XX,  34, NEQ,    0,    0,    0,    0, 1005,   12,  28,   0,   0,    ,   0,    ,  20,  13,           ,  ,  0,    ,    0,    0,    0,    0, THERMO PARAMS, -12, 231, 224, N, 10, DT, -999, SHR82, -99, 
EP, 17, 2026091812, 03, HFSA,  54, 153N, 1061W,  37, 1005, XX,  34, NEQ,   42,    0,    0,    0, 1009,   34,  27,   0,   0,    ,   0,    ,   5,  10,           ,  ,  0,    ,    0,    0,    0,    0, THERMO PARAMS, 10, -113, 329, N, 10, DT, -999, SHR82, -99, 
EP, 17, 2026091812, 03, HFSA,  54, 152N, 1062W,  37, 1005, XX,  34, NEQ,   47,    0,    0,    0, 1009,   34,  31,   0,   0,    ,   0,    , 355,  10,           ,  ,  0,    ,    0,    0,    0,    0, THERMO PARAMS, 0, -90, 329, N, 10, DT, -999, SHR82, -99, 
EP, 17, 2026091812, 03, HFSA,  60, 161N, 1064W,  38, 1000, XX,  34, NEQ,    0,    0,    0,   19, 1004,   14,  20,   0,   0,    ,   0,    ,  12,   6,           ,  ,  0,    ,    0,    0,    0,    0, THERMO PARAMS, 9, -106, 407, N, 10, DT, -999, SHR82, -99, 
EP, 17, 2026091812, 03, HFSA,  60, 161N, 1064W,  38, 1000, XX,  34, NEQ,   19,    0,    0,   18, 1004,   14,  19,   0,   0,    ,   0,    ,   3,   5,           ,  ,  0,    ,    0,    0,    0,    0, THERMO PARAMS, 9, -106, 407, N, 10, DT, -999, SHR82, -99, 
EP, 17, 2026091812, 03, HFSA,  66, 163N, 1064W,  34, 1003, XX,  34, NEQ,    0,    0,    0,    0, 1007,   20,  99,   0,   0,    ,   0,    ,  58,   3,           ,  ,  0,    ,    0,    0,    0,    0, THERMO PARAMS, 23, -377, 330, N, 10, DT, -999, SHR82, -99, 
EP, 17, 2026091812, 03, HFSA,  66, 163N, 1064W,  34, 1003, XX,  34, NEQ,    0,    0,    0,    0, 1007,   20,  99,   0,   0,    ,   0,    ,  61,   3,           ,  ,  0,    ,    0,    0,    0,    0, THERMO PARAMS, 20, -378, 330, N, 10, DT, -999, SHR82, -99, 
EP, 17, 2026091812, 03, HFSA,  72, 165N, 1057W,  39,  997, XX,  34, NEQ,    0,    0,   19,    0, 1001,    8,  79,   0,   0,    ,   0,    ,  84,   5,           ,  ,  0,    ,    0,    0,    0,    0, THERMO PARAMS, -4, 444, 336, N, 10, DT, -999, SHR82, -99, 
EP, 17, 2026091812, 03, HFSA,  72, 165N, 1057W,  39,  997, XX,  34, NEQ,    0,    0,   19,    0, 1001,    8,  80,   0,   0,    ,   0,    ,  83,   5,           ,  ,  0,    ,    0,    0,    0,    0, THERMO PARAMS, -4, 444, 336, N, 10, DT, -999, SHR82, -99, 
EP, 17, 2026091812, 03, HFSA,  78, 163N, 1053W,  38,  996, XX,  34, NEQ,    0,   16,   40,   45, 1004,   25,  27,   0,   0,    ,   0,    , 107,   5,           ,  ,  0,    ,    0,    0,    0,    0, THERMO PARAMS, -77, 653, 587, N, 10, DT, -999, SHR82, -99, 
EP, 17, 2026091812, 03, HFSA,  78, 163N, 1053W,  38,  996, XX,  34, NEQ,    0,   15,   47,   45, 1004,   25,  28,   0,   0,    ,   0,    , 111,   5,           ,  ,  0,    ,    0,    0,    0,    0, THERMO PARAMS, -75, 653, 587, N, 10, DT, -999, SHR82, -99, 
EP, 17, 2026091812, 03, HFSA,  84, 159N, 1047W,  53,  989, XX,  34, NEQ,   34,   55,   66,   34, 1001,   31,  10,   0,   0,    ,   0,    , 110,   7,           ,  ,  0,    ,    0,    0,    0,    0, THERMO PARAMS, -86, 955, 703, N, 10, DT, -999, SHR82, -99, 
EP, 17, 2026091812, 03, HFSA,  84, 159N, 1047W,  53,  989, XX,  50, NEQ,    0,   10,   11,    0, 1001,   31,  10,   0,   0,    ,   0,    , 110,   7,           ,  ,  0,    ,    0,    0,    0,    0, THERMO PARAMS, -86, 955, 703, N, 10, DT, -999, SHR82, -99, 
EP, 17, 2026091812, 03, HFSA,  84, 159N, 1047W,  53,  989, XX,  34, NEQ,   34,   55,   66,   34, 1001,   31,  10,   0,   0,    ,   0,    , 111,   7,           ,  ,  0,    ,    0,    0,    0,    0, THERMO PARAMS, -85, 955, 703, N, 10, DT, -999, SHR82, -99, 
EP, 17, 2026091812, 03, HFSA,  84, 159N, 1047W,  53,  989, XX,  50, NEQ,    0,   10,   11,    0, 1001,   31,  10,   0,   0,    ,   0,    , 111,   7,           ,  ,  0,    ,    0,    0,    0,    0, THERMO PARAMS, -85, 955, 703, N, 10, DT, -999, SHR82, -99, 
EP, 17, 2026091812, 03, HFSA,  90, 154N, 1042W,  67,  982, XX,  34, NEQ,   44,   52,   86,   70,  998,   23,   9,   0,   0,    ,   0,    , 121,   7,           ,  ,  0,    ,    0,    0,    0,    0, THERMO PARAMS, -40, 1239, 1059, N, 10, DT, -999, SHR82, -99, 
EP, 17, 2026091812, 03, HFSA,  90, 154N, 1042W,  67,  982, XX,  50, NEQ,   28,   31,   26,   26,  998,   23,   9,   0,   0,    ,   0,    , 121,   7,           ,  ,  0,    ,    0,    0,    0,    0, THERMO PARAMS, -40, 1239, 1059, N, 10, DT, -999, SHR82, -99, 
EP, 17, 2026091812, 03, HFSA,  90, 154N, 1042W,  67,  982, XX,  64, NEQ,    0,    0,   11,   10,  998,   23,   9,   0,   0,    ,   0,    , 121,   7,           ,  ,  0,    ,    0,    0,    0,    0, THERMO PARAMS, -40, 1239, 1059, N, 10, DT, -999, SHR82, -99, 
EP, 17, 2026091812, 03, HFSA,  90, 154N, 1041W,  67,  982, XX,  34, NEQ,   44,   52,   87,   71,  998,   23,  10,   0,   0,    ,   0,    , 120,   7,           ,  ,  0,    ,    0,    0,    0,    0, THERMO PARAMS, -40, 1239, 1059, N, 10, DT, -999, SHR82, -99, 
EP, 17, 2026091812, 03, HFSA,  90, 154N, 1041W,  67,  982, XX,  50, NEQ,   26,   29,   28,   28,  998,   23,  10,   0,   0,    ,   0,    , 120,   7,           ,  ,  0,    ,    0,    0,    0,    0, THERMO PARAMS, -40, 1239, 1059, N, 10, DT, -999, SHR82, -99, 
EP, 17, 2026091812, 03, HFSA,  90, 154N, 1041W,  67,  982, XX,  64, NEQ,    0,    0,   11,   11,  998,   23,  10,   0,   0,    ,   0,    , 120,   7,           ,  ,  0,    ,    0,    0,    0,    0, THERMO PARAMS, -40, 1239, 1059, N, 10, DT, -999, SHR82, -99, 
EP, 17, 2026091812, 03, HFSA,  96, 150N, 1037W,  74,  974, XX,  34, NEQ,   52,   92,  115,   60,  998,   33,  12,   0,   0,    ,   0,    , 118,   7,           ,  ,  0,    ,    0,    0,    0,    0, THERMO PARAMS, -6, 1538, 1680, N, 10, DT, -999, SHR82, -99, 
EP, 17, 2026091812, 03, HFSA,  96, 150N, 1037W,  74,  974, XX,  50, NEQ,   28,   47,   32,   28,  998,   33,  12,   0,   0,    ,   0,    , 118,   7,           ,  ,  0,    ,    0,    0,    0,    0, THERMO PARAMS, -6, 1538, 1680, N, 10, DT, -999, SHR82, -99, 
EP, 17, 2026091812, 03, HFSA,  96, 150N, 1037W,  74,  974, XX,  64, NEQ,   19,   19,   18,    0,  998,   33,  12,   0,   0,    ,   0,    , 118,   7,           ,  ,  0,    ,    0,    0,    0,    0, THERMO PARAMS, -6, 1538, 1680, N, 10, DT, -999, SHR82, -99, 
EP, 17, 2026091812, 03, HFSA,  96, 150N, 1037W,  74,  974, XX,  34, NEQ,   50,   92,  107,   60,  998,   33,  11,   0,   0,    ,   0,    , 115,   7,           ,  ,  0,    ,    0,    0,    0,    0, THERMO PARAMS, -9, 1538, 1677, N, 10, DT, -999, SHR82, -99, 
EP, 17, 2026091812, 03, HFSA,  96, 150N, 1037W,  74,  974, XX,  50, NEQ,   26,   47,   34,   28,  998,   33,  11,   0,   0,    ,   0,    , 115,   7,           ,  ,  0,    ,    0,    0,    0,    0, THERMO PARAMS, -9, 1538, 1677, N, 10, DT, -999, SHR82, -99, 
EP, 17, 2026091812, 03, HFSA,  96, 150N, 1037W,  74,  974, XX,  64, NEQ,   18,   19,   19,    0,  998,   33,  11,   0,   0,    ,   0,    , 115,   7,           ,  ,  0,    ,    0,    0,    0,    0, THERMO PARAMS, -9, 1538, 1677, N, 10, DT, -999, SHR82, -99, 
EP, 17, 2026091812, 03, HFSA, 102, 147N, 1034W,  89,  970, XX,  34, NEQ,   78,   99,  107,   58,  998,   34,  13,   0,   0,    ,   0,    ,  99,   4,           ,  ,  0,    ,    0,    0,    0,    0, THERMO PARAMS, -56, 1878, 1971, N, 10, DT, -999, SHR82, -99, 
EP, 17, 2026091812, 03, HFSA, 102, 147N, 1034W,  89,  970, XX,  50, NEQ,   36,   37,   37,   31,  998,   34,  13,   0,   0,    ,   0,    ,  99,   4,           ,  ,  0,    ,    0,    0,    0,    0, THERMO PARAMS, -56, 1878, 1971, N, 10, DT, -999, SHR82, -99, 
EP, 17, 2026091812, 03, HFSA, 102, 147N, 1034W,  89,  970, XX,  64, NEQ,   23,   23,   26,   16,  998,   34,  13,   0,   0,    ,   0,    ,  99,   4,           ,  ,  0,    ,    0,    0,    0,    0, THERMO PARAMS, -56, 1878, 1971, N, 10, DT, -999, SHR82, -99, 
EP, 17, 2026091812, 03, HFSA, 102, 147N, 1033W,  89,  970, XX,  34, NEQ,   76,   99,   78,   58,  998,   34,  12,   0,   0,    ,   0,    ,  96,   4,           ,  ,  0,    ,    0,    0,    0,    0, THERMO PARAMS, -60, 1878, 1971, N, 10, DT, -999, SHR82, -99, 
EP, 17, 2026091812, 03, HFSA, 102, 147N, 1033W,  89,  970, XX,  50, NEQ,   36,   37,   39,   31,  998,   34,  12,   0,   0,    ,   0,    ,  96,   4,           ,  ,  0,    ,    0,    0,    0,    0, THERMO PARAMS, -60, 1878, 1971, N, 10, DT, -999, SHR82, -99, 
EP, 17, 2026091812, 03, HFSA, 102, 147N, 1033W,  89,  970, XX,  64, NEQ,   21,   23,   26,   16,  998,   34,  12,   0,   0,    ,   0,    ,  96,   4,           ,  ,  0,    ,    0,    0,    0,    0, THERMO PARAMS, -60, 1878, 1971, N, 10, DT, -999, SHR82, -99, 
EP, 17, 2026091812, 03, HFSA, 108, 148N, 1033W, 111,  958, XX,  34, NEQ,   62,   83,   86,   71,  994,   35,  12,   0,   0,    ,   0,    ,  76,   2,           ,  ,  0,    ,    0,    0,    0,    0, THERMO PARAMS, 62, 1695, 2241, N, 10, DT, -999, SHR82, -99, 
EP, 17, 2026091812, 03, HFSA, 108, 148N, 1033W, 111,  958, XX,  50, NEQ,   42,   42,   40,   34,  994,   35,  12,   0,   0,    ,   0,    ,  76,   2,           ,  ,  0,    ,    0,    0,    0,    0, THERMO PARAMS, 62, 1695, 2241, N, 10, DT, -999, SHR82, -99, 
EP, 17, 2026091812, 03, HFSA, 108, 148N, 1033W, 111,  958, XX,  64, NEQ,   23,   26,   28,   19,  994,   35,  12,   0,   0,    ,   0,    ,  76,   2,           ,  ,  0,    ,    0,    0,    0,    0, THERMO PARAMS, 62, 1695, 2241, N, 10, DT, -999, SHR82, -99, 
EP, 17, 2026091812, 03, HFSA, 108, 148N, 1033W, 111,  958, XX,  34, NEQ,   62,   83,   86,   71,  994,   35,  11,   0,   0,    ,   0,    ,  73,   2,           ,  ,  0,    ,    0,    0,    0,    0, THERMO PARAMS, 32, 1695, 2241, N, 10, DT, -999, SHR82, -99, 
EP, 17, 2026091812, 03, HFSA, 108, 148N, 1033W, 111,  958, XX,  50, NEQ,   40,   42,   40,   36,  994,   35,  11,   0,   0,    ,   0,    ,  73,   2,           ,  ,  0,    ,    0,    0,    0,    0, THERMO PARAMS, 32, 1695, 2241, N, 10, DT, -999, SHR82, -99, 
EP, 17, 2026091812, 03, HFSA, 108, 148N, 1033W, 111,  958, XX,  64, NEQ,   23,   26,   28,   19,  994,   35,  11,   0,   0,    ,   0,    ,  73,   2,           ,  ,  0,    ,    0,    0,    0,    0, THERMO PARAMS, 32, 1695, 2241, N, 10, DT, -999, SHR82, -99, 
EP, 17, 2026091812, 03, HFSA, 114, 148N, 1034W,  94,  961, XX,  34, NEQ,   96,   79,   97,   89,  997,   40,  15,   0,   0,    ,   0,    , 357,   1,           ,  ,  0,    ,    0,    0,    0,    0, THERMO PARAMS, 26, 1752, 2395, N, 10, DT, -999, SHR82, -99, 
EP, 17, 2026091812, 03, HFSA, 114, 148N, 1034W,  94,  961, XX,  50, NEQ,   40,   52,   49,   39,  997,   40,  15,   0,   0,    ,   0,    , 357,   1,           ,  ,  0,    ,    0,    0,    0,    0, THERMO PARAMS, 26, 1752, 2395, N, 10, DT, -999, SHR82, -99, 
EP, 17, 2026091812, 03, HFSA, 114, 148N, 1034W,  94,  961, XX,  64, NEQ,   31,   29,   28,   28,  997,   40,  15,   0,   0,    ,   0,    , 357,   1,           ,  ,  0,    ,    0,    0,    0,    0, THERMO PARAMS, 26, 1752, 2395, N, 10, DT, -999, SHR82, -99, 
EP, 17, 2026091812, 03, HFSA, 114, 148N, 1034W,  94,  961, XX,  34, NEQ,   96,   79,   94,   89,  997,   40,  15,   0,   0,    ,   0,    ,   0,   1,           ,  ,  0,    ,    0,    0,    0,    0, THERMO PARAMS, 27, 1743, 2395, N, 10, DT, -999, SHR82, -99, 
EP, 17, 2026091812, 03, HFSA, 114, 148N, 1034W,  94,  961, XX,  50, NEQ,   40,   52,   49,   39,  997,   40,  15,   0,   0,    ,   0,    ,   0,   1,           ,  ,  0,    ,    0,    0,    0,    0, THERMO PARAMS, 27, 1743, 2395, N, 10, DT, -999, SHR82, -99, 
EP, 17, 2026091812, 03, HFSA, 114, 148N, 1034W,  94,  961, XX,  64, NEQ,   31,   29,   28,   28,  997,   40,  15,   0,   0,    ,   0,    ,   0,   1,           ,  ,  0,    ,    0,    0,    0,    0, THERMO PARAMS, 27, 1743, 2395, N, 10, DT, -999, SHR82, -99, 
EP, 17, 2026091812, 03, HFSA, 120, 150N, 1035W,  78,  965, XX,  34, NEQ,  113,  113,   96,  104,  997,   47,  18,   0,   0,    ,   0,    ,  11,   3,           ,  ,  0,    ,    0,    0,    0,    0, THERMO PARAMS, 13, 1469, 2163, N, 10, DT, -999, SHR82, -99, 
EP, 17, 2026091812, 03, HFSA, 120, 150N, 1035W,  78,  965, XX,  50, NEQ,   42,   52,   50,   44,  997,   47,  18,   0,   0,    ,   0,    ,  11,   3,           ,  ,  0,    ,    0,    0,    0,    0, THERMO PARAMS, 13, 1469, 2163, N, 10, DT, -999, SHR82, -99, 
EP, 17, 2026091812, 03, HFSA, 120, 150N, 1035W,  78,  965, XX,  64, NEQ,   31,   32,   34,   23,  997,   47,  18,   0,   0,    ,   0,    ,  11,   3,           ,  ,  0,    ,    0,    0,    0,    0, THERMO PARAMS, 13, 1469, 2163, N, 10, DT, -999, SHR82, -99, 
EP, 17, 2026091812, 03, HFSA, 120, 150N, 1035W,  78,  965, XX,  34, NEQ,  113,  113,   96,  104,  997,   47,  18,   0,   0,    ,   0,    ,  11,   3,           ,  ,  0,    ,    0,    0,    0,    0, THERMO PARAMS, 13, 1469, 2163, N, 10, DT, -999, SHR82, -99, 
EP, 17, 2026091812, 03, HFSA, 120, 150N, 1035W,  78,  965, XX,  50, NEQ,   44,   52,   50,   45,  997,   47,  18,   0,   0,    ,   0,    ,  11,   3,           ,  ,  0,    ,    0,    0,    0,    0, THERMO PARAMS, 13, 1469, 2163, N, 10, DT, -999, SHR82, -99, 
EP, 17, 2026091812, 03, HFSA, 120, 150N, 1035W,  78,  965, XX,  64, NEQ,   31,   32,   34,   23,  997,   47,  18,   0,   0,    ,   0,    ,  11,   3,           ,  ,  0,    ,    0,    0,    0,    0, THERMO PARAMS, 13, 1469, 2163, N, 10, DT, -999, SHR82, -99, 
EP, 17, 2026091812, 03, HFSA, 126, 155N, 1039W,  66,  970, XX,  34, NEQ,  142,  118,   96,   97, 1002,   67,  28,   0,   0,    ,   0,    , -99, -99,           ,  ,  0,    ,    0,    0,    0,    0, THERMO PARAMS, 42, 1219, 1941, N, 10, DT, -999, SHR82, -99, 
EP, 17, 2026091812, 03, HFSA, 126, 155N, 1039W,  66,  970, XX,  50, NEQ,   52,   40,   42,   47, 1002,   67,  28,   0,   0,    ,   0,    , -99, -99,           ,  ,  0,    ,    0,    0,    0,    0, THERMO PARAMS, 42, 1219, 1941, N, 10, DT, -999, SHR82, -99, 
EP, 17, 2026091812, 03, HFSA, 126, 155N, 1039W,  66,  970, XX,  64, NEQ,   32,    0,    0,    0, 1002,   67,  28,   0,   0,    ,   0,    , -99, -99,           ,  ,  0,    ,    0,    0,    0,    0, THERMO PARAMS, 42, 1219, 1941, N, 10, DT, -999, SHR82, -99, 
EP, 17, 2026091812, 03, HFSA, 126, 155N, 1039W,  66,  970, XX,  34, NEQ,  142,  118,   96,   97, 1002,   67,  28,   0,   0,    ,   0,    , -99, -99,           ,  ,  0,    ,    0,    0,    0,    0, THERMO PARAMS, 41, 1222, 1941, N, 10, DT, -999, SHR82, -99, 
EP, 17, 2026091812, 03, HFSA, 126, 155N, 1039W,  66,  970, XX,  50, NEQ,   52,   39,   42,   47, 1002,   67,  28,   0,   0,    ,   0,    , -99, -99,           ,  ,  0,    ,    0,    0,    0,    0, THERMO PARAMS, 41, 1222, 1941, N, 10, DT, -999, SHR82, -99, 
EP, 17, 2026091812, 03, HFSA, 126, 155N, 1039W,  66,  970, XX,  64, NEQ,   32,    0,    0,    0, 1002,   67,  28,   0,   0,    ,   0,    , -99, -99,           ,  ,  0,    ,    0,    0,    0,    0, THERMO PARAMS, 41, 1222, 1941, N, 10, DT, -999, SHR82, -99, 
EP, 17, 2026091818, 03, AVNO,   0,  73N, 1060W,  18, 1011, XX,  34, NEQ,    0,    0,    0,    0,  -99,  -99, 117,   0,   0, 
EP, 17, 2026091818, 03, AVNO,   6,  78N, 1061W,  21, 1008, XX,  34, NEQ,    0,    0,    0,    0,  -99,  -99, 160,   0,   0, 
EP, 17, 2026091818, 03, AVNO,  12,  96N, 1051W,  25, 1010, XX,  34, NEQ,    0,    0,    0,    0,  -99,  -99,  85,   0,   0, 
EP, 17, 2026091818, 03, AVNO,  18, 110N, 1049W,  23, 1008, XX,  34, NEQ,    0,    0,    0,    0,  -99,  -99,  28,   0,   0, 
EP, 17, 2026091818, 03, AVNO,  24, 121N, 1050W,  27, 1010, XX,  34, NEQ,    0,    0,    0,    0,  -99,  -99,  62,   0,   0, 
EP, 17, 2026091818, 03, AVNO,  30, 129N, 1052W,  29, 1005, XX,  34, NEQ,    0,    0,    0,    0, 1009,  138,  63,   0,   0, 
EP, 17, 2026091818, 03, AVNO,  36, 135N, 1050W,  35, 1008, XX,  34, NEQ,    0,   90,    0,    0,  -99,  -99,  90,   0,   0, 
EP, 17, 2026091818, 03, AVNO,  42, 142N, 1049W,  30, 1004, XX,  34, NEQ,    0,    0,    0,    0, 1008,   51,  11,   0,   0, 
EP, 17, 2026091818, 03, AVNO,  48, 151N, 1050W,  39, 1001, XX,  34, NEQ,   30,    0,    0,   36, 1009,   55,  20,   0,   0, 
EP, 17, 2026091818, 03, AVNO,  54, 149N, 1050W,  33, 1001, XX,  34, NEQ,    0,    0,    0,    0, 1009,  105,  45,   0,   0, 
EP, 17, 2026091818, 03, AVNO,  60, 150N, 1045W,  37, 1000, XX,  34, NEQ,    0,    0,   36,    0, 1008,   47,  33,   0,   0, 
EP, 17, 2026091818, 03, AVNO,  66, 151N, 1038W,  43,  992, XX,  34, NEQ,   36,   35,   83,   33, 1004,   41,  15,   0,   0, 
EP, 17, 2026091818, 03, AVNO,  72, 146N, 1034W,  60,  986, XX,  34, NEQ,   42,   62,   84,   51, 1006,   53,  25,   0,   0, 
EP, 17, 2026091818, 03, AVNO,  72, 146N, 1034W,  60,  986, XX,  50, NEQ,   25,   30,   33,   23, 1006,   53,  25,   0,   0, 
EP, 17, 2026091818, 03, AVNO,  78, 144N, 1029W,  64,  979, XX,  34, NEQ,   55,   83,   95,   65, 1003,   56,  23,   0,   0, 
EP, 17, 2026091818, 03, AVNO,  78, 144N, 1029W,  64,  979, XX,  50, NEQ,   31,   42,   45,   37, 1003,   56,  23,   0,   0, 
EP, 17, 2026091818, 03, AVNO,  84, 141N, 1024W,  76,  971, XX,  34, NEQ,   67,   81,   84,   61, 1007,   78,  22,   0,   0, 
EP, 17, 2026091818, 03, AVNO,  84, 141N, 1024W,  76,  971, XX,  50, NEQ,   34,   51,   50,   40, 1007,   78,  22,   0,   0, 
EP, 17, 2026091818, 03, AVNO,  84, 141N, 1024W,  76,  971, XX,  64, NEQ,   23,   30,   30,   26, 1007,   78,  22,   0,   0, 
EP, 17, 2026091818, 03, AVNO,  90, 139N, 1020W,  79,  964, XX,  34, NEQ,   83,   92,   98,   72,  984,   29,  16,   0,   0, 
EP, 17, 2026091818, 03, AVNO,  90, 139N, 1020W,  79,  964, XX,  50, NEQ,   45,   53,   43,   44,  984,   29,  16,   0,   0, 
EP, 17, 2026091818, 03, AVNO,  90, 139N, 1020W,  79,  964, XX,  64, NEQ,   34,   39,   31,   36,  984,   29,  16,   0,   0, 
EP, 17, 2026091818, 03, AVNO,  96, 139N, 1019W,  85,  963, XX,  34, NEQ,  102,   98,   99,   83,  991,   42,  23,   0,   0, 
EP, 17, 2026091818, 03, AVNO,  96, 139N, 1019W,  85,  963, XX,  50, NEQ,   53,   62,   47,   47,  991,   42,  23,   0,   0, 
EP, 17, 2026091818, 03, AVNO,  96, 139N, 1019W,  85,  963, XX,  64, NEQ,   38,   40,   33,   36,  991,   42,  23,   0,   0, 
EP, 17, 2026091818, 03, AVNO, 102, 141N, 1019W,  87,  958, XX,  34, NEQ,  129,  103,  104,   87, 1002,   82,  22,   0,   0, 
EP, 17, 2026091818, 03, AVNO, 102, 141N, 1019W,  87,  958, XX,  50, NEQ,   58,   63,   53,   53, 1002,   82,  22,   0,   0, 
EP, 17, 2026091818, 03, AVNO, 102, 141N, 1019W,  87,  958, XX,  64, NEQ,   39,   46,   37,   37, 1002,   82,  22,   0,   0, 
EP, 17, 2026091818, 03, AVNO, 108, 143N, 1021W,  95,  954, XX,  34, NEQ,  119,  101,  103,  102,  982,   30,  25,   0,   0, 
EP, 17, 2026091818, 03, AVNO, 108, 143N, 1021W,  95,  954, XX,  50, NEQ,   66,   64,   57,   55,  982,   30,  25,   0,   0, 
EP, 17, 2026091818, 03, AVNO, 108, 143N, 1021W,  95,  954, XX,  64, NEQ,   48,   46,   43,   41,  982,   30,  25,   0,   0, 
EP, 17, 2026091818, 03, AVNO, 114, 146N, 1026W,  97,  945, XX,  34, NEQ,  175,  116,  106,  126,  985,   33,  30,   0,   0, 
EP, 17, 2026091818, 03, AVNO, 114, 146N, 1026W,  97,  945, XX,  50, NEQ,   65,   66,   59,   60,  985,   33,  30,   0,   0, 
EP, 17, 2026091818, 03, AVNO, 114, 146N, 1026W,  97,  945, XX,  64, NEQ,   46,   48,   45,   44,  985,   33,  30,   0,   0, 
EP, 17, 2026091818, 03, AVNO, 120, 149N, 1031W, 107,  940, XX,  34, NEQ,  170,  125,  119,  131,  976,   33,  24,   0,   0, 
EP, 17, 2026091818, 03, AVNO, 120, 149N, 1031W, 107,  940, XX,  50, NEQ,   69,   68,   62,   70,  976,   33,  24,   0,   0, 
EP, 17, 2026091818, 03, AVNO, 120, 149N, 1031W, 107,  940, XX,  64, NEQ,   51,   48,   47,   52,  976,   33,  24,   0,   0, 
EP, 17, 2026091818, 03, AVNO, 126, 152N, 1036W, 108,  933, XX,  34, NEQ,  189,  116,  107,  141,  965,   32,  23,   0,   0, 
EP, 17, 2026091818, 03, AVNO, 126, 152N, 1036W, 108,  933, XX,  50, NEQ,   75,   73,   70,   72,  965,   32,  23,   0,   0, 
EP, 17, 2026091818, 03, AVNO, 126, 152N, 1036W, 108,  933, XX,  64, NEQ,   54,   53,   53,   52,  965,   32,  23,   0,   0, 
EP, 17, 2026091818, 03, AVNO, 132, 155N, 1042W, 110,  928, XX,  34, NEQ,  163,  112,   98,  124,  956,   29,  28,   0,   0, 
EP, 17, 2026091818, 03, AVNO, 132, 155N, 1042W, 110,  928, XX,  50, NEQ,   81,   74,   65,   75,  956,   29,  28,   0,   0, 
EP, 17, 2026091818, 03, AVNO, 132, 155N, 1042W, 110,  928, XX,  64, NEQ,   57,   59,   50,   52,  956,   29,  28,   0,   0, 
EP, 17, 2026091818, 03, AVNO, 138, 160N, 1051W, 114,  926, XX,  34, NEQ,  145,  115,  103,  123,  942,   21,  26,   0,   0, 
EP, 17, 2026091818, 03, AVNO, 138, 160N, 1051W, 114,  926, XX,  50, NEQ,   81,   70,   65,   78,  942,   21,  26,   0,   0, 
EP, 17, 2026091818, 03, AVNO, 138, 160N, 1051W, 114,  926, XX,  64, NEQ,   53,   51,   51,   53,  942,   21,  26,   0,   0, 
EP, 17, 2026091818, 03, AVNO, 144, 162N, 1061W, 112,  931, XX,  34, NEQ,  185,  123,  123,  130,  963,   32,  21,   0,   0, 
EP, 17, 2026091818, 03, AVNO, 144, 162N, 1061W, 112,  931, XX,  50, NEQ,   81,   76,   64,   74,  963,   32,  21,   0,   0, 
EP, 17, 2026091818, 03, AVNO, 144, 162N, 1061W, 112,  931, XX,  64, NEQ,   53,   56,   50,   51,  963,   32,  21,   0,   0, 
EP, 17, 2026091818, 03, AVNO, 150, 165N, 1070W, 106,  930, XX,  34, NEQ,  147,  115,  119,  121,  966,   30,  26,   0,   0, 
EP, 17, 2026091818, 03, AVNO, 150, 165N, 1070W, 106,  930, XX,  50, NEQ,   69,   69,   67,   65,  966,   30,  26,   0,   0, 
EP, 17, 2026091818, 03, AVNO, 150, 165N, 1070W, 106,  930, XX,  64, NEQ,   54,   53,   49,   52,  966,   30,  26,   0,   0, 
EP, 17, 2026091818, 03, AVNO, 156, 168N, 1079W, 103,  938, XX,  34, NEQ,  149,  115,  118,  119,  966,   30,  27,   0,   0, 
EP, 17, 2026091818, 03, AVNO, 156, 168N, 1079W, 103,  938, XX,  50, NEQ,   82,   63,   77,   73,  966,   30,  27,   0,   0, 
EP, 17, 2026091818, 03, AVNO, 156, 168N, 1079W, 103,  938, XX,  64, NEQ,   54,   50,   51,   48,  966,   30,  27,   0,   0, 
EP, 17, 2026091818, 03, AVNO, 162, 172N, 1090W, 103,  939, XX,  34, NEQ,  148,  116,  119,  115,  963,   33,  28,   0,   0, 
EP, 17, 2026091818, 03, AVNO, 162, 172N, 1090W, 103,  939, XX,  50, NEQ,   78,   65,   72,   68,  963,   33,  28,   0,   0, 
EP, 17, 2026091818, 03, AVNO, 162, 172N, 1090W, 103,  939, XX,  64, NEQ,   54,   49,   51,   52,  963,   33,  28,   0,   0, 
EP, 17, 2026091818, 03, AVNO, 168, 174N, 1099W, 104,  940, XX,  34, NEQ,  154,  128,  119,  124,  960,   21,  27,   0,   0, 
EP, 17, 2026091818, 03, AVNO, 168, 174N, 1099W, 104,  940, XX,  50, NEQ,   76,   76,   76,   67,  960,   21,  27,   0,   0, 
EP, 17, 2026091818, 03, AVNO, 168, 174N, 1099W, 104,  940, XX,  64, NEQ,   51,   54,   50,   49,  960,   21,  27,   0,   0, 
EP, 17, 2026091818, 03, AVNO, 174, 180N, 1107W, 106,  939, XX,  34, NEQ,  145,  127,  121,  120,  967,   31,  29,   0,   0, 
EP, 17, 2026091818, 03, AVNO, 174, 180N, 1107W, 106,  939, XX,  50, NEQ,   75,   81,   76,   63,  967,   31,  29,   0,   0, 
EP, 17, 2026091818, 03, AVNO, 174, 180N, 1107W, 106,  939, XX,  64, NEQ,   50,   54,   52,   47,  967,   31,  29,   0,   0, 
EP, 17, 2026091818, 03, AVNO, 180, 188N, 1117W, 100,  944, XX,  34, NEQ,  163,  156,  111,  130, 1004,  134,  28,   0,   0, 
EP, 17, 2026091818, 03, AVNO, 180, 188N, 1117W, 100,  944, XX,  50, NEQ,   85,   85,   73,   69, 1004,  134,  28,   0,   0, 
EP, 17, 2026091818, 03, AVNO, 180, 188N, 1117W, 100,  944, XX,  64, NEQ,   53,   56,   52,   47, 1004,  134,  28,   0,   0, 
EP, 17, 2026091818, 03, AVNO, 186, 199N, 1129W,  93,  946, XX,  34, NEQ,  164,  140,  112,  143,  978,   43,  31,   0,   0, 
EP, 17, 2026091818, 03, AVNO, 186, 199N, 1129W,  93,  946, XX,  50, NEQ,   77,   80,   72,   68,  978,   43,  31,   0,   0, 
EP, 17, 2026091818, 03, AVNO, 186, 199N, 1129W,  93,  946, XX,  64, NEQ,   54,   56,   44,   52,  978,   43,  31,   0,   0, 
EP, 17, 2026091818, 03, AVNO, 192, 210N, 1144W,  92,  950, XX,  34, NEQ,  154,  153,  105,  141,  970,   32,  30,   0,   0, 
EP, 17, 2026091818, 03, AVNO, 192, 210N, 1144W,  92,  950, XX,  50, NEQ,   90,   82,   59,   78,  970,   32,  30,   0,   0, 
EP, 17, 2026091818, 03, AVNO, 192, 210N, 1144W,  92,  950, XX,  64, NEQ,   58,   55,   40,   51,  970,   32,  30,   0,   0, 
EP, 17, 2026091818, 03, AVNO, 198, 221N, 1158W,  91,  950, XX,  34, NEQ,  161,  151,   98,  132,  978,   33,  32,   0,   0, 
EP, 17, 2026091818, 03, AVNO, 198, 221N, 1158W,  91,  950, XX,  50, NEQ,   82,   81,   60,   77,  978,   33,  32,   0,   0, 
EP, 17, 2026091818, 03, AVNO, 198, 221N, 1158W,  91,  950, XX,  64, NEQ,   52,   58,   41,   48,  978,   33,  32,   0,   0, 
EP, 17, 2026091818, 03, AVNO, 204, 231N, 1171W,  85,  955, XX,  34, NEQ,  161,  151,  109,  122,  971,   33,  24,   0,   0, 
EP, 17, 2026091818, 03, AVNO, 204, 231N, 1171W,  85,  955, XX,  50, NEQ,   81,   67,   62,   78,  971,   33,  24,   0,   0, 
EP, 17, 2026091818, 03, AVNO, 204, 231N, 1171W,  85,  955, XX,  64, NEQ,   55,   49,   44,   57,  971,   33,  24,   0,   0, 
EP, 17, 2026091818, 03, AVNO, 210, 241N, 1183W,  78,  958, XX,  34, NEQ,  150,  143,  122,  131,  974,   33,  29,   0,   0, 
EP, 17, 2026091818, 03, AVNO, 210, 241N, 1183W,  78,  958, XX,  50, NEQ,   81,   73,   69,   78,  974,   33,  29,   0,   0, 
EP, 17, 2026091818, 03, AVNO, 210, 241N, 1183W,  78,  958, XX,  64, NEQ,   51,   47,   39,   53,  974,   33,  29,   0,   0, 
EP, 17, 2026091818, 03, AVNO, 216, 251N, 1192W,  71,  967, XX,  34, NEQ,  138,  119,  113,  120, 1003,  134,  27,   0,   0, 
EP, 17, 2026091818, 03, AVNO, 216, 251N, 1192W,  71,  967, XX,  50, NEQ,   69,   67,   62,   77, 1003,  134,  27,   0,   0, 
EP, 17, 2026091818, 03, AVNO, 216, 251N, 1192W,  71,  967, XX,  64, NEQ,   41,   52,   40,   37, 1003,  134,  27,   0,   0, 
EP, 17, 2026091818, 03, AVNO, 222, 262N, 1197W,  65,  974, XX,  34, NEQ,  120,  104,  104,  115, 1002,  127,  31,   0,   0, 
EP, 17, 2026091818, 03, AVNO, 222, 262N, 1197W,  65,  974, XX,  50, NEQ,   64,   65,   60,   69, 1002,  127,  31,   0,   0, 
EP, 17, 2026091818, 03, AVNO, 222, 262N, 1197W,  65,  974, XX,  64, NEQ,    0,    0,   35,   32, 1002,  127,  31,   0,   0, 
EP, 17, 2026091818, 03, AVNO, 228, 276N, 1201W,  55,  984, XX,  34, NEQ,  119,  112,   97,  105, 1004,  125,  44,   0,   0, 
EP, 17, 2026091818, 03, AVNO, 228, 276N, 1201W,  55,  984, XX,  50, NEQ,   58,   60,   43,    0, 1004,  125,  44,   0,   0, 
EP, 17, 2026091818, 03, AVNO, 234, 292N, 1208W,  48,  989, XX,  34, NEQ,  107,   95,   79,   90, 1005,  137,  42,   0,   0, 
EP, 17, 2026091818, 03, AVNO, 240, 309N, 1216W,  41,  996, XX,  34, NEQ,  100,  100,   54,    0, 1008,  133,  59,   0,   0, 
EP, 17, 2026091818, 03, HCCA,   0,  70N, 1058W,  20,    0,   ,   0,    ,    0,    0,    0,    0, 
EP, 17, 2026091818, 03, HCCA,  12,  81N, 1071W,  24,    0,   ,   0,    ,    0,    0,    0,    0, 
EP, 17, 2026091818, 03, HCCA,  24, 103N, 1075W,  30,    0,   ,   0,    ,    0,    0,    0,    0, 
EP, 17, 2026091818, 03, HCCA,  36, 126N, 1075W,  34,    0,   ,   0,    ,    0,    0,    0,    0, 
EP, 17, 2026091818, 03, HCCA,  48, 144N, 1072W,  33,    0,   ,   0,    ,    0,    0,    0,    0, 
EP, 17, 2026091818, 03, HCCA,  60, 154N, 1064W,  33,    0,   ,   0,    ,    0,    0,    0,    0, 
EP, 17, 2026091818, 03, HCCA,  72, 156N, 1050W,  39,    0,   ,   0,    ,    0,    0,    0,    0, 
EP, 17, 2026091818, 03, HCCA,  84, 154N, 1037W,  54,    0,   ,   0,    ,    0,    0,    0,    0, 
EP, 17, 2026091818, 03, HCCA,  96, 154N, 1029W,  70,    0,   ,   0,    ,    0,    0,    0,    0, 
EP, 17, 2026091818, 03, HCCA, 108, 161N, 1030W,  87,    0,   ,   0,    ,    0,    0,    0,    0, 
EP, 17, 2026091818, 03, HCCA, 120, 172N, 1040W, 104,    0,   ,   0,    ,    0,    0,    0,    0, 
EP, 17, 2026091818, 03, HCCA, 132, 183N, 1048W, 116,    0,   ,   0,    ,    0,    0,    0,    0, 
EP, 17, 2026091818, 03, HCCA, 144, 195N, 1056W, 113,    0,   ,   0,    ,    0,    0,    0,    0, 
EP, 17, 2026091818, 03, HCCA, 156, 213N, 1066W,  97,    0,   ,   0,    ,    0,    0,    0,    0, 
EP, 17, 2026091818, 03, HCCA, 168, 230N, 1073W,  87,    0,   ,   0,    ,    0,    0,    0,    0, 
EP, 17, 2026091818, 03, HFSA,   0,  76N, 1057W,  20, 1010, XX,  34, NEQ,    0,    0,    0,    0,  -99,  -99, 148,   0,   0,    ,   0,    , 283,   6,           ,  ,  0,    ,    0,    0,    0,    0, THERMO PARAMS, -40, 58, 1, N, 10, DT, -999, SHR82, -99, 
EP, 17, 2026091818, 03, HFSA,   6,  87N, 1043W,  36, 1002, XX,  34, NEQ,    0,    0,    0,    0,  -99,  -99,  95,   0,   0,    ,   0,    ,  30,   8,           ,  ,  0,    ,    0,    0,    0,    0, THERMO PARAMS, 40, -94, 52, N, 10, DT, -999, SHR82, -99, 
EP, 17, 2026091818, 03, HFSA,  12,  99N, 1047W,  32, 1009, XX,  34, NEQ,    0,    0,    0,    0,  -99,  -99,  50,   0,   0,    ,   0,    , 323,   8,           ,  ,  0,    ,    0,    0,    0,    0, THERMO PARAMS, -23, -215, 56, N, 10, DT, -999, SHR82, -99, 
EP, 17, 2026091818, 03, HFSA,  18, 113N, 1050W,  31, 1001, XX,  34, NEQ,    0,    0,    0,    0, 1005,    4,  35,   0,   0,    ,   0,    , 330,  13,           ,  ,  0,    ,    0,    0,    0,    0, THERMO PARAMS, -14, 354, 151, N, 10, DT, -999, SHR82, -99, 
EP, 17, 2026091818, 03, HFSA,  24, 122N, 1060W,  33, 1009, XX,  34, NEQ,    0,    0,    0,    0,  -99,  -99, 156,   0,   0,    ,   0,    , 315,  12,           ,  ,  0,    ,    0,    0,    0,    0, THERMO PARAMS, -33, 63, 131, N, 10, DT, -999, SHR82, -99, 
EP, 17, 2026091818, 03, HFSA,  30, 129N, 1066W,  33, 1006, XX,  34, NEQ,    0,    0,    0,    0,  -99,  -99, 108,   0,   0,    ,   0,    , 338,   9,           ,  ,  0,    ,    0,    0,    0,    0, THERMO PARAMS, -32, -292, 167, N, 10, DT, -999, SHR82, -99, 
EP, 17, 2026091818, 03, HFSA,  36, 135N, 1067W,  41, 1008, XX,  34, NEQ,    0,    0,    0,    0,  -99,  -99,  95,   0,   0,    ,   0,    , 355,   8,           ,  ,  0,    ,    0,    0,    0,    0, THERMO PARAMS, -3, 90, 131, N, 10, DT, -999, SHR82, -99, 
EP, 17, 2026091818, 03, HFSA,  42, 150N, 1068W,  32, 1001, XX,  34, NEQ,    0,    0,    0,    0, 1005,    4,  79,   0,   0,    ,   0,    , 348,  10,           ,  ,  0,    ,    0,    0,    0,    0, THERMO PARAMS, -13, 448, 85, N, 10, DT, -999, SHR82, -99, 
EP, 17, 2026091818, 03, HFSA,  48, 157N, 1072W,  42, 1004, XX,  34, NEQ,    0,    0,    0,    0, 1008,   42,  27,   0,   0,    ,   0,    , 342,   7,           ,  ,  0,    ,    0,    0,    0,    0, THERMO PARAMS, -1, -116, 329, N, 10, DT, -999, SHR82, -99, 
EP, 17, 2026091818, 03, HFSA,  54, 163N, 1074W,  37,  998, XX,  34, NEQ,    0,    0,    0,   24, 1002,    4,  22,   0,   0,    ,   0,    ,  13,   4,           ,  ,  0,    ,    0,    0,    0,    0, THERMO PARAMS, 62, -66, 599, N, 10, DT, -999, SHR82, -99, 
EP, 17, 2026091818, 03, HFSA,  60, 167N, 1073W,  53,  996, XX,  34, NEQ,   39,   21,   26,   40, 1000,    3,  21,   0,   0,    ,   0,    ,  27,   3,           ,  ,  0,    ,    0,    0,    0,    0, THERMO PARAMS, 59, 129, 674, N, 10, DT, -999, SHR82, -99, 
EP, 17, 2026091818, 03, HFSA,  60, 167N, 1073W,  53,  996, XX,  50, NEQ,    0,    0,    0,   21, 1000,    3,  21,   0,   0,    ,   0,    ,  27,   3,           ,  ,  0,    ,    0,    0,    0,    0, THERMO PARAMS, 59, 129, 674, N, 10, DT, -999, SHR82, -99, 
EP, 17, 2026091818, 03, HFSA,  66, 168N, 1071W,  52,  992, XX,  34, NEQ,   18,   40,   62,   50, 1000,   17,  17,   0,   0,    ,   0,    ,  87,   5,           ,  ,  0,    ,    0,    0,    0,    0, THERMO PARAMS, -44, 848, 684, N, 10, DT, -999, SHR82, -99, 
EP, 17, 2026091818, 03, HFSA,  66, 168N, 1071W,  52,  992, XX,  50, NEQ,    0,    0,   19,    0, 1000,   17,  17,   0,   0,    ,   0,    ,  87,   5,           ,  ,  0,    ,    0,    0,    0,    0, THERMO PARAMS, -44, 848, 684, N, 10, DT, -999, SHR82, -99, 
EP, 17, 2026091818, 03, HFSA,  72, 168N, 1067W,  56,  993, XX,  34, NEQ,   29,   57,   60,   65, 1001,   21,  32,   0,   0,    ,   0,    ,  88,   4,           ,  ,  0,    ,    0,    0,    0,    0, THERMO PARAMS, -50, 796, 729, N, 10, DT, -999, SHR82, -99, 
EP, 17, 2026091818, 03, HFSA,  72, 168N, 1067W,  56,  993, XX,  50, NEQ,    0,    0,   32,    0, 1001,   21,  32,   0,   0,    ,   0,    ,  88,   4,           ,  ,  0,    ,    0,    0,    0,    0, THERMO PARAMS, -50, 796, 729, N, 10, DT, -999, SHR82, -99, 
EP, 17, 2026091818, 03, HFSA,  78, 167N, 1062W,  70,  980, XX,  34, NEQ,   36,   60,   68,   39, 1004,   60,  12,   0,   0,    ,   0,    , 104,   6,           ,  ,  0,    ,    0,    0,    0,    0, THERMO PARAMS, -77, 1301, 1395, N, 10, DT, -999, SHR82, -99, 
EP, 17, 2026091818, 03, HFSA,  78, 167N, 1062W,  70,  980, XX,  50, NEQ,   11,   28,   32,   18, 1004,   60,  12,   0,   0,    ,   0,    , 104,   6,           ,  ,  0,    ,    0,    0,    0,    0, THERMO PARAMS, -77, 1301, 1395, N, 10, DT, -999, SHR82, -99, 
EP, 17, 2026091818, 03, HFSA,  78, 167N, 1062W,  70,  980, XX,  64, NEQ,    0,   16,   16,    0, 1004,   60,  12,   0,   0,    ,   0,    , 104,   6,           ,  ,  0,    ,    0,    0,    0,    0, THERMO PARAMS, -77, 1301, 1395, N, 10, DT, -999, SHR82, -99, 
EP, 17, 2026091818, 03, HFSA,  84, 164N, 1058W,  81,  977, XX,  34, NEQ,   37,   65,   84,   42, 1001,   29,  13,   0,   0,    ,   0,    , 114,   5,           ,  ,  0,    ,    0,    0,    0,    0, THERMO PARAMS, -55, 1346, 1601, N, 10, DT, -999, SHR82, -99, 
EP, 17, 2026091818, 03, HFSA,  84, 164N, 1058W,  81,  977, XX,  50, NEQ,   23,   31,   28,   24, 1001,   29,  13,   0,   0,    ,   0,    , 114,   5,           ,  ,  0,    ,    0,    0,    0,    0, THERMO PARAMS, -55, 1346, 1601, N, 10, DT, -999, SHR82, -99, 
EP, 17, 2026091818, 03, HFSA,  84, 164N, 1058W,  81,  977, XX,  64, NEQ,   15,   18,   16,   16, 1001,   29,  13,   0,   0,    ,   0,    , 114,   5,           ,  ,  0,    ,    0,    0,    0,    0, THERMO PARAMS, -55, 1346, 1601, N, 10, DT, -999, SHR82, -99, 
EP, 17, 2026091818, 03, HFSA,  90, 161N, 1055W,  98,  967, XX,  34, NEQ,   45,   66,   78,   49,  999,   35,  11,   0,   0,    ,   0,    , 116,   5,           ,  ,  0,    ,    0,    0,    0,    0, THERMO PARAMS, -10, 1543, 2087, N, 10, DT, -999, SHR82, -99, 
EP, 17, 2026091818, 03, HFSA,  90, 161N, 1055W,  98,  967, XX,  50, NEQ,   24,   36,   34,   24,  999,   35,  11,   0,   0,    ,   0,    , 116,   5,           ,  ,  0,    ,    0,    0,    0,    0, THERMO PARAMS, -10, 1543, 2087, N, 10, DT, -999, SHR82, -99, 
EP, 17, 2026091818, 03, HFSA,  90, 161N, 1055W,  98,  967, XX,  64, NEQ,   16,   23,   23,   16,  999,   35,  11,   0,   0,    ,   0,    , 116,   5,           ,  ,  0,    ,    0,    0,    0,    0, THERMO PARAMS, -10, 1543, 2087, N, 10, DT, -999, SHR82, -99, 
EP, 17, 2026091818, 03, HFSA,  96, 160N, 1054W, 103,  962, XX,  34, NEQ,   76,   86,   86,   57,  998,   31,  11,   0,   0,    ,   0,    , 106,   2,           ,  ,  0,    ,    0,    0,    0,    0, THERMO PARAMS, 35, 1535, 2068, N, 10, DT, -999, SHR82, -99, 
EP, 17, 2026091818, 03, HFSA,  96, 160N, 1054W, 103,  962, XX,  50, NEQ,   29,   34,   32,   26,  998,   31,  11,   0,   0,    ,   0,    , 106,   2,           ,  ,  0,    ,    0,    0,    0,    0, THERMO PARAMS, 35, 1535, 2068, N, 10, DT, -999, SHR82, -99, 
EP, 17, 2026091818, 03, HFSA,  96, 160N, 1054W, 103,  962, XX,  64, NEQ,   19,   21,   16,   19,  998,   31,  11,   0,   0,    ,   0,    , 106,   2,           ,  ,  0,    ,    0,    0,    0,    0, THERMO PARAMS, 35, 1535, 2068, N, 10, DT, -999, SHR82, -99, 
EP, 17, 2026091818, 03, HFSA, 102, 159N, 1054W, 105,  957, XX,  34, NEQ,   57,   65,   70,   50, 1001,   65,  10,   0,   0,    ,   0,    ,  98,   3,           ,  ,  0,    ,    0,    0,    0,    0, THERMO PARAMS, -18, 1456, 2301, N, 10, DT, -999, SHR82, -99, 
EP, 17, 2026091818, 03, HFSA, 102, 159N, 1054W, 105,  957, XX,  50, NEQ,   31,   40,   42,   29, 1001,   65,  10,   0,   0,    ,   0,    ,  98,   3,           ,  ,  0,    ,    0,    0,    0,    0, THERMO PARAMS, -18, 1456, 2301, N, 10, DT, -999, SHR82, -99, 
EP, 17, 2026091818, 03, HFSA, 102, 159N, 1054W, 105,  957, XX,  64, NEQ,   21,   24,   21,   18, 1001,   65,  10,   0,   0,    ,   0,    ,  98,   3,           ,  ,  0,    ,    0,    0,    0,    0, THERMO PARAMS, -18, 1456, 2301, N, 10, DT, -999, SHR82, -99, 
EP, 17, 2026091818, 03, HFSA, 108, 158N, 1055W,  96,  963, XX,  34, NEQ,   84,   79,   83,   81,  999,   42,  12,   0,   0,    ,   0,    ,  21,   1,           ,  ,  0,    ,    0,    0,    0,    0, THERMO PARAMS, 48, 1416, 2353, N, 10, DT, -999, SHR82, -99, 
EP, 17, 2026091818, 03, HFSA, 108, 158N, 1055W,  96,  963, XX,  50, NEQ,   36,   44,   42,   32,  999,   42,  12,   0,   0,    ,   0,    ,  21,   1,           ,  ,  0,    ,    0,    0,    0,    0, THERMO PARAMS, 48, 1416, 2353, N, 10, DT, -999, SHR82, -99, 
EP, 17, 2026091818, 03, HFSA, 108, 158N, 1055W,  96,  963, XX,  64, NEQ,   24,   29,   26,   23,  999,   42,  12,   0,   0,    ,   0,    ,  21,   1,           ,  ,  0,    ,    0,    0,    0,    0, THERMO PARAMS, 48, 1416, 2353, N, 10, DT, -999, SHR82, -99, 
EP, 17, 2026091818, 03, HFSA, 114, 160N, 1056W,  80,  968, XX,  34, NEQ,   99,  112,  117,   70, 1000,   58,  15,   0,   0,    ,   0,    ,  21,   4,           ,  ,  0,    ,    0,    0,    0,    0, THERMO PARAMS, -11, 1383, 2067, N, 10, DT, -999, SHR82, -99, 
EP, 17, 2026091818, 03, HFSA, 114, 160N, 1056W,  80,  968, XX,  50, NEQ,   39,   40,   40,   31, 1000,   58,  15,   0,   0,    ,   0,    ,  21,   4,           ,  ,  0,    ,    0,    0,    0,    0, THERMO PARAMS, -11, 1383, 2067, N, 10, DT, -999, SHR82, -99, 
EP, 17, 2026091818, 03, HFSA, 114, 160N, 1056W,  80,  968, XX,  64, NEQ,   24,   26,   24,   18, 1000,   58,  15,   0,   0,    ,   0,    ,  21,   4,           ,  ,  0,    ,    0,    0,    0,    0, THERMO PARAMS, -11, 1383, 2067, N, 10, DT, -999, SHR82, -99, 
EP, 17, 2026091818, 03, HFSA, 120, 165N, 1058W,  70,  974, XX,  34, NEQ,  173,  126,  142,   86,  998,   42,  20,   0,   0,    ,   0,    , 356,   7,           ,  ,  0,    ,    0,    0,    0,    0, THERMO PARAMS, 10, 1296, 1882, N, 10, DT, -999, SHR82, -99, 
EP, 17, 2026091818, 03, HFSA, 120, 165N, 1058W,  70,  974, XX,  50, NEQ,   45,   39,   32,   36,  998,   42,  20,   0,   0,    ,   0,    , 356,   7,           ,  ,  0,    ,    0,    0,    0,    0, THERMO PARAMS, 10, 1296, 1882, N, 10, DT, -999, SHR82, -99, 
EP, 17, 2026091818, 03, HFSA, 120, 165N, 1058W,  70,  974, XX,  64, NEQ,   24,    0,    0,    0,  998,   42,  20,   0,   0,    ,   0,    , 356,   7,           ,  ,  0,    ,    0,    0,    0,    0, THERMO PARAMS, 10, 1296, 1882, N, 10, DT, -999, SHR82, -99, 
EP, 17, 2026091818, 03, HFSA, 126, 170N, 1062W,  71,  974, XX,  34, NEQ,  152,  141,  154,   91,  998,   54,  22,   0,   0,    ,   0,    , -99, -99,           ,  ,  0,    ,    0,    0,    0,    0, THERMO PARAMS, 38, 1145, 1516, N, 10, DT, -999, SHR82, -99, 
EP, 17, 2026091818, 03, HFSA, 126, 170N, 1062W,  71,  974, XX,  50, NEQ,   53,   49,   49,   37,  998,   54,  22,   0,   0,    ,   0,    , -99, -99,           ,  ,  0,    ,    0,    0,    0,    0, THERMO PARAMS, 38, 1145, 1516, N, 10, DT, -999, SHR82, -99, 
EP, 17, 2026091818, 03, HFSA, 126, 170N, 1062W,  71,  974, XX,  64, NEQ,   29,   26,    0,    0,  998,   54,  22,   0,   0,    ,   0,    , -99, -99,           ,  ,  0,    ,    0,    0,    0,    0, THERMO PARAMS, 38, 1145, 1516, N, 10, DT, -999, SHR82, -99, 
EP, 17, 2026091818, 03, TVCN,   0,  70N, 1058W,   0,    0,   ,   0,    ,    0,    0,    0,    0, 
EP, 17, 2026091818, 03, TVCN,  12,  80N, 1072W,   0,    0,   ,   0,    ,    0,    0,    0,    0, 
EP, 17, 2026091818, 03, TVCN,  24,  97N, 1080W,   0,    0,   ,   0,    ,    0,    0,    0,    0, 
EP, 17, 2026091818, 03, TVCN,  36, 116N, 1084W,   0,    0,   ,   0,    ,    0,    0,    0,    0, 
EP, 17, 2026091818, 03, TVCN,  48, 134N, 1084W,   0,    0,   ,   0,    ,    0,    0,    0,    0, 
EP, 17, 2026091818, 03, TVCN,  60, 145N, 1080W,   0,    0,   ,   0,    ,    0,    0,    0,    0, 
EP, 17, 2026091818, 03, TVCN,  72, 149N, 1072W,   0,    0,   ,   0,    ,    0,    0,    0,    0, 
EP, 17, 2026091818, 03, TVCN,  84, 147N, 1062W,   0,    0,   ,   0,    ,    0,    0,    0,    0, 
EP, 17, 2026091818, 03, TVCN,  96, 146N, 1057W,   0,    0,   ,   0,    ,    0,    0,    0,    0, 
EP, 17, 2026091818, 03, TVCN, 108, 151N, 1058W,   0,    0,   ,   0,    ,    0,    0,    0,    0, 
EP, 17, 2026091818, 03, TVCN, 120, 160N, 1065W,   0,    0,   ,   0,    ,    0,    0,    0,    0, 
EP, 17, 2026091818, 03, TVCN, 132, 169N, 1072W,   0,    0,   ,   0,    ,    0,    0,    0,    0, 
EP, 17, 2026091818, 03, TVCN, 144, 193N, 1088W,   0,    0,   ,   0,    ,    0,    0,    0,    0, 
EP, 17, 2026091818, 03, TVCN, 156, 217N, 1097W,   0,    0,   ,   0,    ,    0,    0,    0,    0, 
EP, 17, 2026091818, 03, TVCN, 168, 241N, 1102W,   0,    0,   ,   0,    ,    0,    0,    0,    0, 
EP, 17, 2026091900, 03,  UKX,   0,  72N, 1070W,  18, 1009, XX,  34, NEQ,    0,    0,    0,    0, 
EP, 17, 2026091900, 03,  UKX,   6,  82N, 1069W,  21, 1009, XX,  34, NEQ,    0,    0,    0,    0, 
EP, 17, 2026091900, 03,  UKX,  12,  90N, 1075W,  22, 1009, XX,  34, NEQ,    0,    0,    0,    0, 
EP, 17, 2026091900, 03,  UKX,  18, 108N, 1072W,  24, 1009, XX,  34, NEQ,    0,    0,    0,    0, 
EP, 17, 2026091900, 03,  UKX,  24, 124N, 1077W,  24, 1009, XX,  34, NEQ,    0,    0,    0,    0, 
EP, 17, 2026091900, 03,  UKX,  30, 136N, 1082W,  28, 1008, XX,  34, NEQ,    0,    0,    0,    0, 
EP, 17, 2026091900, 03,  UKX,  36, 142N, 1089W,  27, 1009, XX,  34, NEQ,    0,    0,    0,    0, 
EP, 17, 2026091900, 03,  UKX,  42, 145N, 1091W,  24, 1008, XX,  34, NEQ,    0,    0,    0,    0, 
EP, 17, 2026091900, 03,  UKX,  48, 150N, 1088W,  23, 1007, XX,  34, NEQ,    0,    0,    0,    0, 
EP, 17, 2026091900, 03,  UKX,  54, 155N, 1084W,  25, 1009, XX,  34, NEQ,    0,    0,    0,    0, 
EP, 17, 2026091900, 03,  UKX,  60, 159N, 1078W,  23, 1006, XX,  34, NEQ,    0,    0,    0,    0, 
EP, 17, 2026091900, 03,  UKX,  66, 161N, 1075W,  25, 1007, XX,  34, NEQ,    0,    0,    0,    0, 
EP, 17, 2026091900, 03,  UKX,  72, 161N, 1071W,  28, 1004, XX,  34, NEQ,    0,    0,    0,    0, 
EP, 17, 2026091900, 03,  UKX,  78, 159N, 1067W,  29, 1005, XX,  34, NEQ,    0,    0,    0,    0, 
EP, 17, 2026091900, 03,  UKX,  84, 162N, 1064W,  27, 1002, XX,  34, NEQ,    0,    0,    0,    0, 
EP, 17, 2026091900, 03,  UKX,  90, 165N, 1063W,  35, 1002, XX,  34, NEQ,    0,    0,   48,    0, 
EP, 17, 2026091900, 03,  UKX,  96, 173N, 1064W,  35,  999, XX,  34, NEQ,   46,    0,    0,    0, 
EP, 17, 2026091900, 03,  UKX, 102, 183N, 1069W,  40,  999, XX,  34, NEQ,   86,   51,   40,   54, 
EP, 17, 2026091900, 03,  UKX, 108, 198N, 1070W,  47,  997, XX,  34, NEQ,   71,   90,   63,   46, 
EP, 17, 2026091900, 03,  UKX, 114, 217N, 1071W,  50,  998, XX,  34, NEQ,   78,   98,   35,   72, 
EP, 17, 2026091900, 03,  UKX, 114, 217N, 1071W,  50,  998, XX,  50, NEQ,    0,   38,    0,    0, 
EP, 17, 2026091900, 03,  UKX, 120, 242N, 1077W,  38,  999, XX,  34, NEQ,    0,    0,   36,   31, 
EP, 17, 2026091900, 03,  UKX, 126, 274N, 1090W,  18, 1003, XX,  34, NEQ,    0,    0,    0,    0, 
EP, 17, 2026091900, 03,  UKX, 132, 308N, 1100W,  16, 1005, XX,  34, NEQ,    0,    0,    0,    0, 
EP, 17, 2026091900, 03,  UKX, 138, 334N, 1131W,  15, 1004, XX,  34, NEQ,    0,    0,    0,    0, 
EP, 17, 2026091900, 03,  UKX, 144, 353N, 1138W,  14, 1004, XX,  34, NEQ,    0,    0,    0,    0, 
EP, 17, 2026091900, 03, AVNO,   0,  85N, 1059W,  21, 1007, XX,  34, NEQ,    0,    0,    0,    0,  -99,  -99, 152,   0,   0, 
EP, 17, 2026091900, 03, AVNO,   6,  91N, 1057W,  23, 1010, XX,  34, NEQ,    0,    0,    0,    0,  -99,  -99, 128,   0,   0, 
EP, 17, 2026091900, 03, AVNO,  12, 101N, 1059W,  23, 1008, XX,  34, NEQ,    0,    0,    0,    0,  -99,  -99,  77,   0,   0, 
EP, 17, 2026091900, 03, AVNO,  18, 111N, 1054W,  23, 1010, XX,  34, NEQ,    0,    0,    0,    0,  -99,  -99, 110,   0,   0, 
EP, 17, 2026091900, 03, AVNO,  24, 124N, 1051W,  28, 1005, XX,  34, NEQ,    0,    0,    0,    0, 1009,  254,  24,   0,   0, 
EP, 17, 2026091900, 03, AVNO,  30, 132N, 1054W,  31, 1009, XX,  34, NEQ,    0,    0,    0,    0,  -99,  -99,  68,   0,   0, 
EP, 17, 2026091900, 03, AVNO,  36, 139N, 1057W,  29, 1006, XX,  34, NEQ,    0,    0,    0,    0, 1010,  457,  92,   0,   0, 
EP, 17, 2026091900, 03, AVNO,  42, 145N, 1054W,  33, 1008, XX,  34, NEQ,    0,    0,    0,    0, 1012,  155,  40,   0,   0, 
EP, 17, 2026091900, 03, AVNO,  48, 149N, 1056W,  29, 1005, XX,  34, NEQ,    0,    0,    0,    0, 1009,   73,  34,   0,   0, 
EP, 17, 2026091900, 03, AVNO,  54, 149N, 1052W,  33, 1006, XX,  34, NEQ,    0,    0,    0,    0, 1010,   65,  82,   0,   0, 
EP, 17, 2026091900, 03, AVNO,  60, 151N, 1044W,  36,  999, XX,  34, NEQ,    0,    0,   11,   15, 1007,   60,   8,   0,   0, 
EP, 17, 2026091900, 03, AVNO,  66, 149N, 1040W,  40,  996, XX,  34, NEQ,   39,   18,   35,   42, 1008,   65,  25,   0,   0, 
EP, 17, 2026091900, 03, AVNO,  72, 144N, 1033W,  49,  991, XX,  34, NEQ,   39,   54,   61,   44, 1007,  113,  24,   0,   0, 
EP, 17, 2026091900, 03, AVNO,  78, 139N, 1029W,  66,  983, XX,  34, NEQ,   55,   61,   72,   54, 1007,   70,  12,   0,   0, 
EP, 17, 2026091900, 03, AVNO,  78, 139N, 1029W,  66,  983, XX,  50, NEQ,   39,   32,   34,   24, 1007,   70,  12,   0,   0, 
EP, 17, 2026091900, 03, AVNO,  78, 139N, 1029W,  66,  983, XX,  64, NEQ,    0,    0,   13,    0, 1007,   70,  12,   0,   0, 
EP, 17, 2026091900, 03, AVNO,  84, 134N, 1024W,  76,  967, XX,  34, NEQ,   56,   72,   80,   62,  995,   33,  19,   0,   0, 
EP, 17, 2026091900, 03, AVNO,  84, 134N, 1024W,  76,  967, XX,  50, NEQ,   35,   43,   41,   32,  995,   33,  19,   0,   0, 
EP, 17, 2026091900, 03, AVNO,  84, 134N, 1024W,  76,  967, XX,  64, NEQ,   26,   29,   27,   22,  995,   33,  19,   0,   0, 
EP, 17, 2026091900, 03, AVNO,  90, 132N, 1021W,  75,  970, XX,  34, NEQ,   72,   88,   89,   54,  994,   33,  20,   0,   0, 
EP, 17, 2026091900, 03, AVNO,  90, 132N, 1021W,  75,  970, XX,  50, NEQ,   35,   46,   35,   35,  994,   33,  20,   0,   0, 
EP, 17, 2026091900, 03, AVNO,  90, 132N, 1021W,  75,  970, XX,  64, NEQ,   27,   25,   27,   27,  994,   33,  20,   0,   0, 
EP, 17, 2026091900, 03, AVNO,  96, 132N, 1019W,  79,  966, XX,  34, NEQ,   80,   90,   98,   55,  990,   32,  21,   0,   0, 
EP, 17, 2026091900, 03, AVNO,  96, 132N, 1019W,  79,  966, XX,  50, NEQ,   41,   46,   43,   39,  990,   32,  21,   0,   0, 
EP, 17, 2026091900, 03, AVNO,  96, 132N, 1019W,  79,  966, XX,  64, NEQ,   31,   28,   30,   26,  990,   32,  21,   0,   0, 
EP, 17, 2026091900, 03, AVNO, 102, 134N, 1019W,  81,  962, XX,  34, NEQ,   89,   91,   89,   67,  986,   30,  22,   0,   0, 
EP, 17, 2026091900, 03, AVNO, 102, 134N, 1019W,  81,  962, XX,  50, NEQ,   45,   50,   46,   46,  986,   30,  22,   0,   0, 
EP, 17, 2026091900, 03, AVNO, 102, 134N, 1019W,  81,  962, XX,  64, NEQ,   29,   34,   32,   35,  986,   30,  22,   0,   0, 
EP, 17, 2026091900, 03, AVNO, 108, 139N, 1022W,  90,  959, XX,  34, NEQ,   91,   85,   89,   72,  991,   37,  25,   0,   0, 
EP, 17, 2026091900, 03, AVNO, 108, 139N, 1022W,  90,  959, XX,  50, NEQ,   52,   52,   43,   45,  991,   37,  25,   0,   0, 
EP, 17, 2026091900, 03, AVNO, 108, 139N, 1022W,  90,  959, XX,  64, NEQ,   39,   34,   34,   33,  991,   37,  25,   0,   0, 
EP, 17, 2026091900, 03, AVNO, 114, 141N, 1028W, 101,  949, XX,  34, NEQ,  103,   89,   86,   88,  965,   21,  24,   0,   0, 
EP, 17, 2026091900, 03, AVNO, 114, 141N, 1028W, 101,  949, XX,  50, NEQ,   56,   54,   53,   48,  965,   21,  24,   0,   0, 
EP, 17, 2026091900, 03, AVNO, 114, 141N, 1028W, 101,  949, XX,  64, NEQ,   40,   40,   33,   41,  965,   21,  24,   0,   0, 
EP, 17, 2026091900, 03, AVNO, 120, 143N, 1035W, 100,  944, XX,  34, NEQ,  106,   96,   95,  109,  968,   21,  22,   0,   0, 
EP, 17, 2026091900, 03, AVNO, 120, 143N, 1035W, 100,  944, XX,  50, NEQ,   53,   54,   54,   55,  968,   21,  22,   0,   0, 
EP, 17, 2026091900, 03, AVNO, 120, 143N, 1035W, 100,  944, XX,  64, NEQ,   39,   41,   40,   38,  968,   21,  22,   0,   0, 
EP, 17, 2026091900, 03, AVNO, 126, 143N, 1043W,  98,  945, XX,  34, NEQ,  125,   96,   96,  104,  977,   31,  26,   0,   0, 
EP, 17, 2026091900, 03, AVNO, 126, 143N, 1043W,  98,  945, XX,  50, NEQ,   58,   59,   58,   56,  977,   31,  26,   0,   0, 
EP, 17, 2026091900, 03, AVNO, 126, 143N, 1043W,  98,  945, XX,  64, NEQ,   40,   44,   44,   40,  977,   31,  26,   0,   0, 
EP, 17, 2026091900, 03, AVNO, 132, 144N, 1051W, 107,  938, XX,  34, NEQ,  118,  103,   98,  103,  990,   50,  22,   0,   0, 
EP, 17, 2026091900, 03, AVNO, 132, 144N, 1051W, 107,  938, XX,  50, NEQ,   59,   67,   67,   59,  990,   50,  22,   0,   0, 
EP, 17, 2026091900, 03, AVNO, 132, 144N, 1051W, 107,  938, XX,  64, NEQ,   44,   46,   51,   43,  990,   50,  22,   0,   0, 
EP, 17, 2026091900, 03, AVNO, 138, 144N, 1059W, 104,  940, XX,  34, NEQ,  118,   99,  107,  111,  968,   21,  24,   0,   0, 
EP, 17, 2026091900, 03, AVNO, 138, 144N, 1059W, 104,  940, XX,  50, NEQ,   73,   68,   69,   66,  968,   21,  24,   0,   0, 
EP, 17, 2026091900, 03, AVNO, 138, 144N, 1059W, 104,  940, XX,  64, NEQ,   50,   45,   46,   44,  968,   21,  24,   0,   0, 
EP, 17, 2026091900, 03, AVNO, 144, 144N, 1067W, 114,  937, XX,  34, NEQ,  117,  106,  128,  126,  981,   31,  24,   0,   0, 
EP, 17, 2026091900, 03, AVNO, 144, 144N, 1067W, 114,  937, XX,  50, NEQ,   69,   68,   76,   64,  981,   31,  24,   0,   0, 
EP, 17, 2026091900, 03, AVNO, 144, 144N, 1067W, 114,  937, XX,  64, NEQ,   50,   47,   53,   44,  981,   31,  24,   0,   0, 
EP, 17, 2026091900, 03, AVNO, 150, 146N, 1074W, 106,  940, XX,  34, NEQ,  121,  119,  115,  127,  972,   32,  23,   0,   0, 
EP, 17, 2026091900, 03, AVNO, 150, 146N, 1074W, 106,  940, XX,  50, NEQ,   66,   69,   71,   57,  972,   32,  23,   0,   0, 
EP, 17, 2026091900, 03, AVNO, 150, 146N, 1074W, 106,  940, XX,  64, NEQ,   48,   50,   51,   43,  972,   32,  23,   0,   0, 
EP, 17, 2026091900, 03, AVNO, 156, 149N, 1081W, 100,  943, XX,  34, NEQ,  127,  194,  119,  129,  975,   33,  27,   0,   0, 
EP, 17, 2026091900, 03, AVNO, 156, 149N, 1081W, 100,  943, XX,  50, NEQ,   67,   67,   72,   67,  975,   33,  27,   0,   0, 
EP, 17, 2026091900, 03, AVNO, 156, 149N, 1081W, 100,  943, XX,  64, NEQ,   48,   49,   52,   42,  975,   33,  27,   0,   0, 
EP, 17, 2026091900, 03, AVNO, 162, 153N, 1089W, 100,  947, XX,  34, NEQ,  136,  129,  113,  116,  979,   38,  26,   0,   0, 
EP, 17, 2026091900, 03, AVNO, 162, 153N, 1089W, 100,  947, XX,  50, NEQ,   71,   73,   67,   58,  979,   38,  26,   0,   0, 
EP, 17, 2026091900, 03, AVNO, 162, 153N, 1089W, 100,  947, XX,  64, NEQ,   53,   54,   45,   42,  979,   38,  26,   0,   0, 
EP, 17, 2026091900, 03, AVNO, 168, 159N, 1097W,  95,  944, XX,  34, NEQ,  140,  136,  123,  112,  976,   32,  29,   0,   0, 
EP, 17, 2026091900, 03, AVNO, 168, 159N, 1097W,  95,  944, XX,  50, NEQ,   68,   71,   71,   66,  976,   32,  29,   0,   0, 
EP, 17, 2026091900, 03, AVNO, 168, 159N, 1097W,  95,  944, XX,  64, NEQ,   51,   50,   51,   43,  976,   32,  29,   0,   0, 
EP, 17, 2026091900, 03, AVNO, 174, 165N, 1106W,  99,  944, XX,  34, NEQ,  151,  149,  127,  120,  972,   33,  23,   0,   0, 
EP, 17, 2026091900, 03, AVNO, 174, 165N, 1106W,  99,  944, XX,  50, NEQ,   80,   78,   77,   61,  972,   33,  23,   0,   0, 
EP, 17, 2026091900, 03, AVNO, 174, 165N, 1106W,  99,  944, XX,  64, NEQ,   54,   55,   49,   47,  972,   33,  23,   0,   0, 
EP, 17, 2026091900, 03, AVNO, 180, 172N, 1115W,  97,  945, XX,  34, NEQ,  156,  134,  128,  137,  965,   31,  28,   0,   0, 
EP, 17, 2026091900, 03, AVNO, 180, 172N, 1115W,  97,  945, XX,  50, NEQ,   82,   84,   83,   78,  965,   31,  28,   0,   0, 
EP, 17, 2026091900, 03, AVNO, 180, 172N, 1115W,  97,  945, XX,  64, NEQ,   57,   61,   48,   47,  965,   31,  28,   0,   0, 
EP, 17, 2026091900, 03, AVNO, 186, 179N, 1124W,  90,  949, XX,  34, NEQ,  158,  139,  127,  149,  969,   32,  37,   0,   0, 
EP, 17, 2026091900, 03, AVNO, 186, 179N, 1124W,  90,  949, XX,  50, NEQ,   95,   89,   75,   83,  969,   32,  37,   0,   0, 
EP, 17, 2026091900, 03, AVNO, 186, 179N, 1124W,  90,  949, XX,  64, NEQ,   62,   58,   47,   50,  969,   32,  37,   0,   0, 
EP, 17, 2026091900, 03, AVNO, 192, 186N, 1132W,  95,  947, XX,  34, NEQ,  154,  135,  134,  146,  967,   35,  28,   0,   0, 
EP, 17, 2026091900, 03, AVNO, 192, 186N, 1132W,  95,  947, XX,  50, NEQ,   95,   81,   73,   85,  967,   35,  28,   0,   0, 
EP, 17, 2026091900, 03, AVNO, 192, 186N, 1132W,  95,  947, XX,  64, NEQ,   58,   56,   52,   45,  967,   35,  28,   0,   0, 
EP, 17, 2026091900, 03, AVNO, 198, 193N, 1140W,  88,  949, XX,  34, NEQ,  159,  160,  138,  138,  977,   41,  31,   0,   0, 
EP, 17, 2026091900, 03, AVNO, 198, 193N, 1140W,  88,  949, XX,  50, NEQ,   97,   78,   68,   79,  977,   41,  31,   0,   0, 
EP, 17, 2026091900, 03, AVNO, 198, 193N, 1140W,  88,  949, XX,  64, NEQ,   60,   54,   50,   52,  977,   41,  31,   0,   0, 
EP, 17, 2026091900, 03, AVNO, 204, 200N, 1148W,  85,  950, XX,  34, NEQ,  152,  150,  138,  148,  970,   32,  33,   0,   0, 
EP, 17, 2026091900, 03, AVNO, 204, 200N, 1148W,  85,  950, XX,  50, NEQ,   90,   75,   67,   82,  970,   32,  33,   0,   0, 
EP, 17, 2026091900, 03, AVNO, 204, 200N, 1148W,  85,  950, XX,  64, NEQ,   57,   51,   47,   50,  970,   32,  33,   0,   0, 
EP, 17, 2026091900, 03, AVNO, 210, 204N, 1156W,  87,  953, XX,  34, NEQ,  161,  163,  145,  145,  973,   41,  41,   0,   0, 
EP, 17, 2026091900, 03, AVNO, 210, 204N, 1156W,  87,  953, XX,  50, NEQ,   86,   91,   73,   84,  973,   41,  41,   0,   0, 
EP, 17, 2026091900, 03, AVNO, 210, 204N, 1156W,  87,  953, XX,  64, NEQ,   56,   56,   49,   56,  973,   41,  41,   0,   0, 
EP, 17, 2026091900, 03, AVNO, 216, 208N, 1163W,  84,  950, XX,  34, NEQ,  143,  149,  133,  155,  970,   31,  32,   0,   0, 
EP, 17, 2026091900, 03, AVNO, 216, 208N, 1163W,  84,  950, XX,  50, NEQ,   80,   79,   78,   82,  970,   31,  32,   0,   0, 
EP, 17, 2026091900, 03, AVNO, 216, 208N, 1163W,  84,  950, XX,  64, NEQ,   59,   54,   50,   59,  970,   31,  32,   0,   0, 
EP, 17, 2026091900, 03, AVNO, 222, 211N, 1171W,  81,  957, XX,  34, NEQ,  148,  158,  126,  142, 1009,  312,  32,   0,   0, 
EP, 17, 2026091900, 03, AVNO, 222, 211N, 1171W,  81,  957, XX,  50, NEQ,   78,   82,   72,   79, 1009,  312,  32,   0,   0, 
EP, 17, 2026091900, 03, AVNO, 222, 211N, 1171W,  81,  957, XX,  64, NEQ,   55,   62,   47,   57, 1009,  312,  32,   0,   0, 
EP, 17, 2026091900, 03, AVNO, 228, 212N, 1178W,  76,  957, XX,  34, NEQ,  147,  147,  132,  144, 1005,  228,  34,   0,   0, 
EP, 17, 2026091900, 03, AVNO, 228, 212N, 1178W,  76,  957, XX,  50, NEQ,   77,   80,   71,   85, 1005,  228,  34,   0,   0, 
EP, 17, 2026091900, 03, AVNO, 228, 212N, 1178W,  76,  957, XX,  64, NEQ,   59,   59,   51,   51, 1005,  228,  34,   0,   0, 
EP, 17, 2026091900, 03, AVNO, 234, 213N, 1185W,  75,  962, XX,  34, NEQ,  147,  138,  126,  142, 1006,  209,  41,   0,   0, 
EP, 17, 2026091900, 03, AVNO, 234, 213N, 1185W,  75,  962, XX,  50, NEQ,   74,   81,   71,   86, 1006,  209,  41,   0,   0, 
EP, 17, 2026091900, 03, AVNO, 234, 213N, 1185W,  75,  962, XX,  64, NEQ,   50,   58,   45,   52, 1006,  209,  41,   0,   0, 
EP, 17, 2026091900, 03, AVNO, 240, 215N, 1193W,  75,  963, XX,  34, NEQ,  129,  129,  125,  145, 1003,  201,  34,   0,   0, 
EP, 17, 2026091900, 03, AVNO, 240, 215N, 1193W,  75,  963, XX,  50, NEQ,   79,   79,   61,   82, 1003,  201,  34,   0,   0, 
EP, 17, 2026091900, 03, AVNO, 240, 215N, 1193W,  75,  963, XX,  64, NEQ,   46,   52,    0,   54, 1003,  201,  34,   0,   0, 
EP, 17, 2026091900, 03, HCCA,   0,  84N, 1057W,  20,    0,   ,   0,    ,    0,    0,    0,    0, 
EP, 17, 2026091900, 03, HCCA,  12, 104N, 1062W,  29,    0,   ,   0,    ,    0,    0,    0,    0, 
EP, 17, 2026091900, 03, HCCA,  24, 126N, 1068W,  37,    0,   ,   0,    ,    0,    0,    0,    0, 
EP, 17, 2026091900, 03, HCCA,  36, 146N, 1069W,  43,    0,   ,   0,    ,    0,    0,    0,    0, 
EP, 17, 2026091900, 03, HCCA,  48, 159N, 1063W,  54,    0,   ,   0,    ,    0,    0,    0,    0, 
EP, 17, 2026091900, 03, HCCA,  60, 164N, 1052W,  60,    0,   ,   0,    ,    0,    0,    0,    0, 
EP, 17, 2026091900, 03, HCCA,  72, 163N, 1039W,  69,    0,   ,   0,    ,    0,    0,    0,    0, 
EP, 17, 2026091900, 03, HCCA,  84, 162N, 1030W,  85,    0,   ,   0,    ,    0,    0,    0,    0, 
EP, 17, 2026091900, 03, HCCA,  96, 164N, 1026W,  94,    0,   ,   0,    ,    0,    0,    0,    0, 
EP, 17, 2026091900, 03, HCCA, 108, 171N, 1029W,  99,    0,   ,   0,    ,    0,    0,    0,    0, 
EP, 17, 2026091900, 03, HCCA, 120, 181N, 1036W, 105,    0,   ,   0,    ,    0,    0,    0,    0, 
EP, 17, 2026091900, 03, HCCA, 132, 193N, 1046W, 109,    0,   ,   0,    ,    0,    0,    0,    0, 
EP, 17, 2026091900, 03, HCCA, 144, 202N, 1058W,  99,    0,   ,   0,    ,    0,    0,    0,    0, 
EP, 17, 2026091900, 03, HCCA, 156, 211N, 1069W,  90,    0,   ,   0,    ,    0,    0,    0,    0, 
EP, 17, 2026091900, 03, HCCA, 168, 218N, 1079W,  90,    0,   ,   0,    ,    0,    0,    0,    0, 
EP, 17, 2026091900, 03, HFSA,   0,  82N, 1053W,  21, 1008, XX,  34, NEQ,    0,    0,    0,    0,  -99,  -99, 162,   0,   0,    ,   0,    , 321,   6,           ,  ,  0,    ,    0,    0,    0,    0, THERMO PARAMS, -16, -2, -263, N, 10, DT, -999, SHR82, -99, 
EP, 17, 2026091900, 03, HFSA,   6, 100N, 1056W,  31, 1005, XX,  34, NEQ,    0,    0,    0,    0, 1009,   11,  18,   0,   0,    ,   0,    , 300,  12,           ,  ,  0,    ,    0,    0,    0,    0, THERMO PARAMS, 0, -106, 97, N, 10, DT, -999, SHR82, -99, 
EP, 17, 2026091900, 03, HFSA,  12, 102N, 1065W,  34, 1005, XX,  34, NEQ,    0,    0,    0,    0,  -99,  -99,  68,   0,   0,    ,   0,    , 294,   7,           ,  ,  0,    ,    0,    0,    0,    0, THERMO PARAMS, -53, -174, 296, N, 10, DT, -999, SHR82, -99, 
EP, 17, 2026091900, 03, HFSA,  18, 108N, 1067W,  34, 1007, XX,  34, NEQ,    0,    0,    0,    0,  -99,  -99, 150,   0,   0,    ,   0,    , 323,   5,           ,  ,  0,    ,    0,    0,    0,    0, THERMO PARAMS, -28, -55, 107, N, 10, DT, -999, SHR82, -99, 
EP, 17, 2026091900, 03, HFSA,  24, 108N, 1071W,  35, 1008, XX,  34, NEQ,    0,    0,    0,    0,  -99,  -99,  53,   0,   0,    ,   0,    , 329,   9,           ,  ,  0,    ,    0,    0,    0,    0, THERMO PARAMS, -13, -180, -20, N, 10, DT, -999, SHR82, -99, 
EP, 17, 2026091900, 03, HFSA,  30, 120N, 1078W,  27, 1010, XX,  34, NEQ,    0,    0,    0,    0,  -99,  -99, 159,   0,   0,    ,   0,    , 337,   7,           ,  ,  0,    ,    0,    0,    0,    0, THERMO PARAMS, -28, -23, 136, N, 10, DT, -999, SHR82, -99, 
EP, 17, 2026091900, 03, HFSA,  36, 130N, 1081W,  30, 1008, XX,  34, NEQ,    0,    0,    0,    0,  -99,  -99, 138,   0,   0,    ,   0,    , 350,   7,           ,  ,  0,    ,    0,    0,    0,    0, THERMO PARAMS, -21, -3, 112, N, 10, DT, -999, SHR82, -99, 
EP, 17, 2026091900, 03, HFSA,  42, 138N, 1081W,  29, 1010, XX,  34, NEQ,    0,    0,    0,    0,  -99,  -99, 161,   0,   0,    ,   0,    , 351,  11,           ,  ,  0,    ,    0,    0,    0,    0, THERMO PARAMS, -9999, -9999, -9999, N, 10, DT, -999, SHR82, -99, 
EP, 17, 2026091900, 03, HFSA,  48, 147N, 1072W,  30, 1006, XX,  34, NEQ,    0,    0,    0,    0,  -99,  -99, 126,   0,   0,    ,   0,    ,  44,   5,           ,  ,  0,    ,    0,    0,    0,    0, THERMO PARAMS, -38, -132, 167, N, 10, DT, -999, SHR82, -99, 
EP, 17, 2026091900, 03, HFSA,  54, 153N, 1071W,  25, 1010, XX,  34, NEQ,    0,    0,    0,    0,  -99,  -99,  85,   0,   0,    ,   0,    , 353,   5,           ,  ,  0,    ,    0,    0,    0,    0, THERMO PARAMS, -26, -244, 146, N, 10, DT, -999, SHR82, -99, 
EP, 17, 2026091900, 03, HFSA,  60, 158N, 1056W,  31, 1002, XX,  34, NEQ,    0,    0,    0,    0, 1006,    5,  92,   0,   0,    ,   0,    ,  76,  13,           ,  ,  0,    ,    0,    0,    0,    0, THERMO PARAMS, -11, -23, 88, N, 10, DT, -999, SHR82, -99, 
EP, 17, 2026091900, 03, HFSA,  66, 153N, 1053W,  31, 1008, XX,  34, NEQ,    0,    0,    0,    0,  -99,  -99, 104,   0,   0,    ,   0,    ,  94,   2,           ,  ,  0,    ,    0,    0,    0,    0, THERMO PARAMS, 40, 54, 2, N, 10, DT, -999, SHR82, -99, 
EP, 17, 2026091900, 03, HFSA,  72, 149N, 1050W,  37, 1005, XX,  34, NEQ,    0,    0,    0,    0,  -99,  -99, 118,   0,   0,    ,   0,    , 128,   7,           ,  ,  0,    ,    0,    0,    0,    0, THERMO PARAMS, -60, 147, 158, N, 10, DT, -999, SHR82, -99, 
EP, 17, 2026091900, 03, HFSA,  78, 146N, 1042W,  38, 1007, XX,  34, NEQ,    0,    0,    0,    0,  -99,  -99, 143,   0,   0,    ,   0,    , 133,   8,           ,  ,  0,    ,    0,    0,    0,    0, THERMO PARAMS, -77, 343, 259, N, 10, DT, -999, SHR82, -99, 
EP, 17, 2026091900, 03, HFSA,  84, 142N, 1038W,  44, 1004, XX,  34, NEQ,    0,    0,   49,    0,  -99,  -99,  43,   0,   0,    ,   0,    , 108,   8,           ,  ,  0,    ,    0,    0,    0,    0, THERMO PARAMS, -71, 389, 236, N, 10, DT, -999, SHR82, -99, 
EP, 17, 2026091900, 03, HFSA,  90, 143N, 1032W,  36, 1006, XX,  34, NEQ,    0,    0,    0,    0,  -99,  -99, 100,   0,   0,    ,   0,    , 106,  10,           ,  ,  0,    ,    0,    0,    0,    0, THERMO PARAMS, -127, -9999, -9999, N, 10, DT, -999, SHR82, -99, 
EP, 17, 2026091900, 03, HFSA,  96, 142N, 1028W,  45, 1003, XX,  34, NEQ,    0,    0,    0,    0,  -99,  -99,  74,   0,   0,    ,   0,    , 117,   4,           ,  ,  0,    ,    0,    0,    0,    0, THERMO PARAMS, -161, 86, 253, N, 10, DT, -999, SHR82, -99, 
EP, 17, 2026091900, 03, HFSA, 102, 145N, 1032W,  43,  995, XX,  34, NEQ,    0,    0,   52,   55,  999,    7,  46,   0,   0,    ,   0,    , 313,   2,           ,  ,  0,    ,    0,    0,    0,    0, THERMO PARAMS, 85, 650, 275, N, 10, DT, -999, SHR82, -99, 
EP, 17, 2026091900, 03, HFSA, 108, 149N, 1035W,  38,  998, XX,  34, NEQ,    0,    0,    0,    0, 1002,   10, 109,   0,   0,    ,   0,    , 357,   3,           ,  ,  0,    ,    0,    0,    0,    0, THERMO PARAMS, 25, -498, 127, N, 10, DT, -999, SHR82, -99, 
EP, 17, 2026091900, 03, HFSA, 114, 147N, 1037W,  38, 1001, XX,  34, NEQ,    0,   36,   47,    0,  -99,  -99,  23,   0,   0,    ,   0,    , 268,   2,           ,  ,  0,    ,    0,    0,    0,    0, THERMO PARAMS, 121, -116, 541, N, 10, DT, -999, SHR82, -99, 
EP, 17, 2026091900, 03, HFSA, 120, 148N, 1040W,  45,  992, XX,  34, NEQ,    0,   40,   71,    0,  996,    8,  32,   0,   0,    ,   0,    , 279,   3,           ,  ,  0,    ,    0,    0,    0,    0, THERMO PARAMS, 108, 57, 811, N, 10, DT, -999, SHR82, -99, 
EP, 17, 2026091900, 03, HFSA, 126, 148N, 1041W,  50,  994, XX,  34, NEQ,   52,   62,   92,  141,  998,   13,  36,   0,   0,    ,   0,    , -99, -99,           ,  ,  0,    ,    0,    0,    0,    0, THERMO PARAMS, 3, 170, 615, N, 10, DT, -999, SHR82, -99, 
EP, 17, 2026091900, 03, TVCN,   0,  84N, 1057W,   0,    0,   ,   0,    ,    0,    0,    0,    0, 
EP, 17, 2026091900, 03, TVCN,  12, 100N, 1064W,   0,    0,   ,   0,    ,    0,    0,    0,    0, 
EP, 17, 2026091900, 03, TVCN,  24, 120N, 1071W,   0,    0,   ,   0,    ,    0,    0,    0,    0, 
EP, 17, 2026091900, 03, TVCN,  36, 142N, 1071W,   0,    0,   ,   0,    ,    0,    0,    0,    0, 
EP, 17, 2026091900, 03, TVCN,  48, 157N, 1070W,   0,    0,   ,   0,    ,    0,    0,    0,    0, 
EP, 17, 2026091900, 03, TVCN,  60, 163N, 1064W,   0,    0,   ,   0,    ,    0,    0,    0,    0, 
EP, 17, 2026091900, 03, TVCN,  72, 163N, 1055W,   0,    0,   ,   0,    ,    0,    0,    0,    0, 
EP, 17, 2026091900, 03, TVCN,  84, 162N, 1049W,   0,    0,   ,   0,    ,    0,    0,    0,    0, 
EP, 17, 2026091900, 03, TVCN,  96, 163N, 1048W,   0,    0,   ,   0,    ,    0,    0,    0,    0, 
EP, 17, 2026091900, 03, TVCN, 108, 170N, 1053W,   0,    0,   ,   0,    ,    0,    0,    0,    0, 
EP, 17, 2026091900, 03, TVCN, 120, 180N, 1062W,   0,    0,   ,   0,    ,    0,    0,    0,    0, 
EP, 17, 2026091900, 03, TVCN, 132, 191N, 1070W,   0,    0,   ,   0,    ,    0,    0,    0,    0, 
EP, 17, 2026091900, 03, TVCN, 144, 216N, 1075W,   0,    0,   ,   0,    ,    0,    0,    0,    0, 
EP, 17, 2026091900, 03, TVCN, 156, 240N, 1084W,   0,    0,   ,   0,    ,    0,    0,    0,    0, 
EP, 17, 2026091900, 03, TVCN, 168, 261N, 1087W,   0,    0,   ,   0,    ,    0,    0,    0,    0, 
EP, 17, 2026091906, 03, AVNO,   0,  91N, 1057W,  22, 1010, XX,  34, NEQ,    0,    0,    0,    0,  -99,  -99, 129,   0,   0, 
EP, 17, 2026091906, 03, AVNO,   6, 100N, 1060W,  22, 1008, XX,  34, NEQ,    0,    0,    0,    0,  -99,  -99,  74,   0,   0, 
EP, 17, 2026091906, 03, AVNO,  12, 110N, 1057W,  22, 1010, XX,  34, NEQ,    0,    0,    0,    0,  -99,  -99, 136,   0,   0, 
EP, 17, 2026091906, 03, AVNO,  18, 124N, 1051W,  24, 1005, XX,  34, NEQ,    0,    0,    0,    0, 1009,  204,  19,   0,   0, 
EP, 17, 2026091906, 03, AVNO,  24, 135N, 1052W,  37, 1008, XX,  34, NEQ,   23,    0,    0,    0, 1012,  205,  19,   0,   0, 
EP, 17, 2026091906, 03, AVNO,  30, 142N, 1059W,  26, 1007, XX,  34, NEQ,    0,    0,    0,    0,  -99,  -99,  92,   0,   0, 
EP, 17, 2026091906, 03, AVNO,  36, 148N, 1054W,  31, 1008, XX,  34, NEQ,    0,    0,    0,    0,  -99,  -99,  44,   0,   0, 
EP, 17, 2026091906, 03, AVNO,  42, 151N, 1059W,  29, 1005, XX,  34, NEQ,    0,    0,    0,    0, 1009,  105,  54,   0,   0, 
EP, 17, 2026091906, 03, AVNO,  48, 153N, 1055W,  27, 1007, XX,  34, NEQ,    0,    0,    0,    0, 1011,   90,  42,   0,   0, 
EP, 17, 2026091906, 03, AVNO,  54, 150N, 1050W,  32, 1004, XX,  34, NEQ,    0,    0,    0,    0, 1008,   63, 160,   0,   0, 
EP, 17, 2026091906, 03, AVNO,  60, 144N, 1042W,  36, 1002, XX,  34, NEQ,    0,    0,   77,    0, 1010,   88,  54,   0,   0, 
EP, 17, 2026091906, 03, AVNO,  66, 142N, 1034W,  44,  993, XX,  34, NEQ,   56,   64,   75,   38, 1005,   56,  31,   0,   0, 
EP, 17, 2026091906, 03, AVNO,  72, 139N, 1029W,  53,  991, XX,  34, NEQ,   55,   67,   61,   44, 1007,   59,  24,   0,   0, 
EP, 17, 2026091906, 03, AVNO,  72, 139N, 1029W,  53,  991, XX,  50, NEQ,   25,    0,    0,    0, 1007,   59,  24,   0,   0, 
EP, 17, 2026091906, 03, AVNO,  78, 136N, 1027W,  60,  982, XX,  34, NEQ,   58,   67,   67,   42, 1006,   85,  21,   0,   0, 
EP, 17, 2026091906, 03, AVNO,  78, 136N, 1027W,  60,  982, XX,  50, NEQ,   36,   38,   30,   28, 1006,   85,  21,   0,   0, 
EP, 17, 2026091906, 03, AVNO,  84, 133N, 1026W,  73,  976, XX,  34, NEQ,   65,   72,   68,   47, 1008,   96,  23,   0,   0, 
EP, 17, 2026091906, 03, AVNO,  84, 133N, 1026W,  73,  976, XX,  50, NEQ,   37,   39,   37,   32, 1008,   96,  23,   0,   0, 
EP, 17, 2026091906, 03, AVNO,  84, 133N, 1026W,  73,  976, XX,  64, NEQ,   26,   22,    0,   21, 1008,   96,  23,   0,   0, 
EP, 17, 2026091906, 03, AVNO,  90, 131N, 1024W,  76,  971, XX,  34, NEQ,   58,   71,   70,   50, 1003,   59,  23,   0,   0, 
EP, 17, 2026091906, 03, AVNO,  90, 131N, 1024W,  76,  971, XX,  50, NEQ,   37,   43,   37,   34, 1003,   59,  23,   0,   0, 
EP, 17, 2026091906, 03, AVNO,  90, 131N, 1024W,  76,  971, XX,  64, NEQ,   28,   26,   24,   28, 1003,   59,  23,   0,   0, 
EP, 17, 2026091906, 03, AVNO,  96, 131N, 1023W,  76,  970, XX,  34, NEQ,   74,   85,   83,   54,  994,   42,  21,   0,   0, 
EP, 17, 2026091906, 03, AVNO,  96, 131N, 1023W,  76,  970, XX,  50, NEQ,   42,   45,   40,   33,  994,   42,  21,   0,   0, 
EP, 17, 2026091906, 03, AVNO,  96, 131N, 1023W,  76,  970, XX,  64, NEQ,   32,   27,   26,   26,  994,   42,  21,   0,   0, 
EP, 17, 2026091906, 03, AVNO, 102, 133N, 1024W,  81,  962, XX,  34, NEQ,   83,   93,   85,   61,  990,   32,  18,   0,   0, 
EP, 17, 2026091906, 03, AVNO, 102, 133N, 1024W,  81,  962, XX,  50, NEQ,   42,   50,   48,   39,  990,   32,  18,   0,   0, 
EP, 17, 2026091906, 03, AVNO, 102, 133N, 1024W,  81,  962, XX,  64, NEQ,   31,   33,   33,   31,  990,   32,  18,   0,   0, 
EP, 17, 2026091906, 03, AVNO, 108, 136N, 1027W,  82,  962, XX,  34, NEQ,   94,   91,   82,   72,  986,   21,  20,   0,   0, 
EP, 17, 2026091906, 03, AVNO, 108, 136N, 1027W,  82,  962, XX,  50, NEQ,   51,   49,   42,   44,  986,   21,  20,   0,   0, 
EP, 17, 2026091906, 03, AVNO, 108, 136N, 1027W,  82,  962, XX,  64, NEQ,   38,   31,   32,   31,  986,   21,  20,   0,   0, 
EP, 17, 2026091906, 03, AVNO, 114, 138N, 1032W,  89,  956, XX,  34, NEQ,   94,   95,   96,   73,  988,   33,  26,   0,   0, 
EP, 17, 2026091906, 03, AVNO, 114, 138N, 1032W,  89,  956, XX,  50, NEQ,   48,   51,   49,   44,  988,   33,  26,   0,   0, 
EP, 17, 2026091906, 03, AVNO, 114, 138N, 1032W,  89,  956, XX,  64, NEQ,   36,   37,   35,   34,  988,   33,  26,   0,   0, 
EP, 17, 2026091906, 03, AVNO, 120, 139N, 1040W,  98,  953, XX,  34, NEQ,  100,   84,   81,   72,  985,   32,  24,   0,   0, 
EP, 17, 2026091906, 03, AVNO, 120, 139N, 1040W,  98,  953, XX,  50, NEQ,   51,   55,   56,   44,  985,   32,  24,   0,   0, 
EP, 17, 2026091906, 03, AVNO, 120, 139N, 1040W,  98,  953, XX,  64, NEQ,   38,   39,   41,   36,  985,   32,  24,   0,   0, 
EP, 17, 2026091906, 03, AVNO, 126, 138N, 1047W,  97,  953, XX,  34, NEQ,   95,   85,   86,   86, 1005,  106,  17,   0,   0, 
EP, 17, 2026091906, 03, AVNO, 126, 138N, 1047W,  97,  953, XX,  50, NEQ,   56,   55,   55,   54, 1005,  106,  17,   0,   0, 
EP, 17, 2026091906, 03, AVNO, 126, 138N, 1047W,  97,  953, XX,  64, NEQ,   42,   39,   40,   40, 1005,  106,  17,   0,   0, 
EP, 17, 2026091906, 03, AVNO, 132, 138N, 1054W, 101,  953, XX,  34, NEQ,  101,   99,   94,   90,  977,   31,  27,   0,   0, 
EP, 17, 2026091906, 03, AVNO, 132, 138N, 1054W, 101,  953, XX,  50, NEQ,   56,   57,   56,   52,  977,   31,  27,   0,   0, 
EP, 17, 2026091906, 03, AVNO, 132, 138N, 1054W, 101,  953, XX,  64, NEQ,   41,   40,   39,   39,  977,   31,  27,   0,   0, 
EP, 17, 2026091906, 03, AVNO, 138, 138N, 1062W,  92,  947, XX,  34, NEQ,  105,   95,  102,   92,  963,   21,  19,   0,   0, 
EP, 17, 2026091906, 03, AVNO, 138, 138N, 1062W,  92,  947, XX,  50, NEQ,   55,   56,   57,   49,  963,   21,  19,   0,   0, 
EP, 17, 2026091906, 03, AVNO, 138, 138N, 1062W,  92,  947, XX,  64, NEQ,   41,   42,   36,   35,  963,   21,  19,   0,   0, 
EP, 17, 2026091906, 03, AVNO, 144, 138N, 1070W, 102,  948, XX,  34, NEQ,  116,  106,  121,  109,  960,   21,  27,   0,   0, 
EP, 17, 2026091906, 03, AVNO, 144, 138N, 1070W, 102,  948, XX,  50, NEQ,   59,   62,   66,   51,  960,   21,  27,   0,   0, 
EP, 17, 2026091906, 03, AVNO, 144, 138N, 1070W, 102,  948, XX,  64, NEQ,   44,   47,   45,   37,  960,   21,  27,   0,   0, 
EP, 17, 2026091906, 03, AVNO, 150, 138N, 1078W,  98,  941, XX,  34, NEQ,  111,  112,  114,  109,  957,   21,  26,   0,   0, 
EP, 17, 2026091906, 03, AVNO, 150, 138N, 1078W,  98,  941, XX,  50, NEQ,   64,   67,   70,   58,  957,   21,  26,   0,   0, 
EP, 17, 2026091906, 03, AVNO, 150, 138N, 1078W,  98,  941, XX,  64, NEQ,   47,   44,   48,   38,  957,   21,  26,   0,   0, 
EP, 17, 2026091906, 03, AVNO, 156, 139N, 1085W, 105,  939, XX,  34, NEQ,  133,  114,  122,  105,  975,   31,  26,   0,   0, 
EP, 17, 2026091906, 03, AVNO, 156, 139N, 1085W, 105,  939, XX,  50, NEQ,   59,   62,   70,   62,  975,   31,  26,   0,   0, 
EP, 17, 2026091906, 03, AVNO, 156, 139N, 1085W, 105,  939, XX,  64, NEQ,   45,   48,   50,   44,  975,   31,  26,   0,   0, 
EP, 17, 2026091906, 03, AVNO, 162, 141N, 1091W, 111,  937, XX,  34, NEQ,  135,  123,  119,  103,  981,   29,  23,   0,   0, 
EP, 17, 2026091906, 03, AVNO, 162, 141N, 1091W, 111,  937, XX,  50, NEQ,   59,   70,   72,   58,  981,   29,  23,   0,   0, 
EP, 17, 2026091906, 03, AVNO, 162, 141N, 1091W, 111,  937, XX,  64, NEQ,   47,   51,   54,   44,  981,   29,  23,   0,   0, 
EP, 17, 2026091906, 03, AVNO, 168, 146N, 1098W,  98,  940, XX,  34, NEQ,  136,  133,  119,  104,  968,   33,  32,   0,   0, 
EP, 17, 2026091906, 03, AVNO, 168, 146N, 1098W,  98,  940, XX,  50, NEQ,   67,   81,   71,   57,  968,   33,  32,   0,   0, 
EP, 17, 2026091906, 03, AVNO, 168, 146N, 1098W,  98,  940, XX,  64, NEQ,   51,   54,   52,   42,  968,   33,  32,   0,   0, 
EP, 17, 2026091906, 03, AVNO, 174, 151N, 1106W, 101,  937, XX,  34, NEQ,  140,  150,  116,  119,  961,   25,  21,   0,   0, 
EP, 17, 2026091906, 03, AVNO, 174, 151N, 1106W, 101,  937, XX,  50, NEQ,   81,   82,   73,   60,  961,   25,  21,   0,   0, 
EP, 17, 2026091906, 03, AVNO, 174, 151N, 1106W, 101,  937, XX,  64, NEQ,   55,   58,   53,   45,  961,   25,  21,   0,   0, 
EP, 17, 2026091906, 03, AVNO, 180, 156N, 1116W, 103,  938, XX,  34, NEQ,  149,  218,  130,  117,  966,   29,  29,   0,   0, 
EP, 17, 2026091906, 03, AVNO, 180, 156N, 1116W, 103,  938, XX,  50, NEQ,   82,   81,   72,   69,  966,   29,  29,   0,   0, 
EP, 17, 2026091906, 03, AVNO, 180, 156N, 1116W, 103,  938, XX,  64, NEQ,   53,   59,   53,   52,  966,   29,  29,   0,   0, 
EP, 17, 2026091906, 03, AVNO, 186, 161N, 1122W, 109,  935, XX,  34, NEQ,  201,  158,  133,  129,  983,   46,  24,   0,   0, 
EP, 17, 2026091906, 03, AVNO, 186, 161N, 1122W, 109,  935, XX,  50, NEQ,   74,   85,   77,   71,  983,   46,  24,   0,   0, 
EP, 17, 2026091906, 03, AVNO, 186, 161N, 1122W, 109,  935, XX,  64, NEQ,   53,   60,   57,   50,  983,   46,  24,   0,   0, 
EP, 17, 2026091906, 03, AVNO, 192, 170N, 1127W, 102,  938, XX,  34, NEQ,  165,  160,  150,  137,  970,   33,  29,   0,   0, 
EP, 17, 2026091906, 03, AVNO, 192, 170N, 1127W, 102,  938, XX,  50, NEQ,   97,   97,   91,   79,  970,   33,  29,   0,   0, 
EP, 17, 2026091906, 03, AVNO, 192, 170N, 1127W, 102,  938, XX,  64, NEQ,   59,   65,   50,   51,  970,   33,  29,   0,   0, 
EP, 17, 2026091906, 03, AVNO, 198, 180N, 1134W,  94,  938, XX,  34, NEQ,  169,  167,  136,  137,  966,   37,  37,   0,   0, 
EP, 17, 2026091906, 03, AVNO, 198, 180N, 1134W,  94,  938, XX,  50, NEQ,   87,   92,   78,   84,  966,   37,  37,   0,   0, 
EP, 17, 2026091906, 03, AVNO, 198, 180N, 1134W,  94,  938, XX,  64, NEQ,   61,   63,   50,   53,  966,   37,  37,   0,   0, 
EP, 17, 2026091906, 03, AVNO, 204, 188N, 1140W, 102,  941, XX,  34, NEQ,  168,  168,  154,  151,  957,   28,  30,   0,   0, 
EP, 17, 2026091906, 03, AVNO, 204, 188N, 1140W, 102,  941, XX,  50, NEQ,   97,   93,   92,   84,  957,   28,  30,   0,   0, 
EP, 17, 2026091906, 03, AVNO, 204, 188N, 1140W, 102,  941, XX,  64, NEQ,   60,   69,   50,   65,  957,   28,  30,   0,   0, 
EP, 17, 2026091906, 03, AVNO, 210, 196N, 1147W,  90,  940, XX,  34, NEQ,  168,  177,  173,  147,  952,   32,  35,   0,   0, 
EP, 17, 2026091906, 03, AVNO, 210, 196N, 1147W,  90,  940, XX,  50, NEQ,   95,   99,   85,   89,  952,   32,  35,   0,   0, 
EP, 17, 2026091906, 03, AVNO, 210, 196N, 1147W,  90,  940, XX,  64, NEQ,   59,   69,   55,   59,  952,   32,  35,   0,   0, 
EP, 17, 2026091906, 03, AVNO, 216, 202N, 1154W,  98,  943, XX,  34, NEQ,  178,  176,  165,  151,  963,   41,  36,   0,   0, 
EP, 17, 2026091906, 03, AVNO, 216, 202N, 1154W,  98,  943, XX,  50, NEQ,  102,   91,   81,   86,  963,   41,  36,   0,   0, 
EP, 17, 2026091906, 03, AVNO, 216, 202N, 1154W,  98,  943, XX,  64, NEQ,   63,   67,   59,   63,  963,   41,  36,   0,   0, 
EP, 17, 2026091906, 03, AVNO, 222, 208N, 1159W,  93,  944, XX,  34, NEQ,  165,  179,  167,  156,  960,   32,  40,   0,   0, 
EP, 17, 2026091906, 03, AVNO, 222, 208N, 1159W,  93,  944, XX,  50, NEQ,   94,   95,   92,   89,  960,   32,  40,   0,   0, 
EP, 17, 2026091906, 03, AVNO, 222, 208N, 1159W,  93,  944, XX,  64, NEQ,   63,   71,   61,   66,  960,   32,  40,   0,   0, 
EP, 17, 2026091906, 03, AVNO, 228, 213N, 1164W,  89,  949, XX,  34, NEQ,  168,  175,  155,  147,  965,   33,  40,   0,   0, 
EP, 17, 2026091906, 03, AVNO, 228, 213N, 1164W,  89,  949, XX,  50, NEQ,   96,   97,   87,   89,  965,   33,  40,   0,   0, 
EP, 17, 2026091906, 03, AVNO, 228, 213N, 1164W,  89,  949, XX,  64, NEQ,   67,   70,   65,   58,  965,   33,  40,   0,   0, 
EP, 17, 2026091906, 03, AVNO, 234, 220N, 1168W,  86,  950, XX,  34, NEQ,  163,  160,  149,  163,  970,   45,  43,   0,   0, 
EP, 17, 2026091906, 03, AVNO, 234, 220N, 1168W,  86,  950, XX,  50, NEQ,   98,   89,   91,   90,  970,   45,  43,   0,   0, 
EP, 17, 2026091906, 03, AVNO, 234, 220N, 1168W,  86,  950, XX,  64, NEQ,   67,   61,   64,   63,  970,   45,  43,   0,   0, 
EP, 17, 2026091906, 03, AVNO, 240, 225N, 1173W,  76,  957, XX,  34, NEQ,  165,  156,  152,  151, 1005,  209,  44,   0,   0, 
EP, 17, 2026091906, 03, AVNO, 240, 225N, 1173W,  76,  957, XX,  50, NEQ,   95,   91,   84,   86, 1005,  209,  44,   0,   0, 
EP, 17, 2026091906, 03, AVNO, 240, 225N, 1173W,  76,  957, XX,  64, NEQ,   64,   56,   63,   51, 1005,  209,  44,   0,   0, 
EP, 17, 2026091906, 03, HCCA,   0,  94N, 1059W,  20,    0,   ,   0,    ,    0,    0,    0,    0, 
EP, 17, 2026091906, 03, HCCA,  12, 114N, 1063W,  27,    0,   ,   0,    ,    0,    0,    0,    0, 
EP, 17, 2026091906, 03, HCCA,  24, 135N, 1068W,  29,    0,   ,   0,    ,    0,    0,    0,    0, 
EP, 17, 2026091906, 03, HCCA,  36, 150N, 1066W,  33,    0,   ,   0,    ,    0,    0,    0,    0, 
EP, 17, 2026091906, 03, HCCA,  48, 158N, 1058W,  31,    0,   ,   0,    ,    0,    0,    0,    0, 
EP, 17, 2026091906, 03, HCCA,  60, 159N, 1044W,  35,    0,   ,   0,    ,    0,    0,    0,    0, 
EP, 17, 2026091906, 03, HCCA,  72, 155N, 1031W,  41,    0,   ,   0,    ,    0,    0,    0,    0, 
EP, 17, 2026091906, 03, HCCA,  84, 153N, 1021W,  55,    0,   ,   0,    ,    0,    0,    0,    0, 
EP, 17, 2026091906, 03, HCCA,  96, 158N, 1019W,  69,    0,   ,   0,    ,    0,    0,    0,    0, 
EP, 17, 2026091906, 03, HCCA, 108, 168N, 1023W,  82,    0,   ,   0,    ,    0,    0,    0,    0, 
EP, 17, 2026091906, 03, HCCA, 120, 179N, 1032W,  89,    0,   ,   0,    ,    0,    0,    0,    0, 
EP, 17, 2026091906, 03, HCCA, 132, 190N, 1043W,  87,    0,   ,   0,    ,    0,    0,    0,    0, 
EP, 17, 2026091906, 03, HCCA, 144, 196N, 1054W,  94,    0,   ,   0,    ,    0,    0,    0,    0, 
EP, 17, 2026091906, 03, HCCA, 156, 202N, 1065W,  95,    0,   ,   0,    ,    0,    0,    0,    0, 
EP, 17, 2026091906, 03, HCCA, 168, 205N, 1076W,  98,    0,   ,   0,    ,    0,    0,    0,    0, 
EP, 17, 2026091906, 03, HFSA,   0,  92N, 1060W,  23, 1007, XX,  34, NEQ,    0,    0,    0,    0, 1011,  134, 153,   0,   0,    ,   0,    , 329,   7,           ,  ,  0,    ,    0,    0,    0,    0, THERMO PARAMS, -17, -287, 300, N, 10, DT, -999, SHR82, -99, 
EP, 17, 2026091906, 03, HFSA,   6,  93N, 1061W,  39, 1000, XX,  34, NEQ,    0,    0,    0,    0, 1004,    7,  35,   0,   0,    ,   0,    , 356,   5,           ,  ,  0,    ,    0,    0,    0,    0, THERMO PARAMS, -6, 335, 0, N, 10, DT, -999, SHR82, -99, 
EP, 17, 2026091906, 03, HFSA,  12,  95N, 1063W,  39, 1005, XX,  34, NEQ,    0,    0,    0,    0, 1009,    6,  85,   0,   0,    ,   0,    , 313,   3,           ,  ,  0,    ,    0,    0,    0,    0, THERMO PARAMS, -2, 23, -18, N, 10, DT, -999, SHR82, -99, 
EP, 17, 2026091906, 03, HFSA,  18, 112N, 1065W,  36, 1006, XX,  34, NEQ,    0,    0,    0,    0,  -99,  -99,  47,   0,   0,    ,   0,    ,   9,  17,           ,  ,  0,    ,    0,    0,    0,    0, THERMO PARAMS, -9999, -9999, -9999, N, 10, DT, -999, SHR82, -99, 
EP, 17, 2026091906, 03, HFSA,  24, 124N, 1070W,  32, 1011, XX,  34, NEQ,    0,    0,    0,    0,  -99,  -99,  71,   0,   0,    ,   0,    , 284,   5,           ,  ,  0,    ,    0,    0,    0,    0, THERMO PARAMS, -9999, -9999, -9999, N, 10, DT, -999, SHR82, -99, 
EP, 17, 2026091906, 03, HFSA,  30, 124N, 1072W,  31, 1008, XX,  34, NEQ,    0,    0,    0,    0,  -99,  -99, 111,   0,   0,    ,   0,    ,  31,   7,           ,  ,  0,    ,    0,    0,    0,    0, THERMO PARAMS, -9999, -9999, -9999, N, 10, DT, -999, SHR82, -99, 
EP, 17, 2026091906, 03, HFSA,  36, 118N, 1080W,  27, 1011, XX,  34, NEQ,    0,    0,    0,    0,  -99,  -99, 155,   0,   0,    ,   0,    , 223,   3,           ,  ,  0,    ,    0,    0,    0,    0, THERMO PARAMS, -9999, -9999, -9999, N, 10, DT, -999, SHR82, -99, 
EP, 17, 2026091906, 03, HFSA,  42, 112N, 1094W,  18, 1009, XX,  34, NEQ,    0,    0,    0,    0,  -99,  -99,  75,   0,   0,    ,   0,    , 268,   3,           ,  ,  0,    ,    0,    0,    0,    0, THERMO PARAMS, -9999, -9999, -9999, N, 10, DT, -999, SHR82, -99, 
EP, 17, 2026091906, 03, TVCN,   0,  94N, 1059W,   0,    0,   ,   0,    ,    0,    0,    0,    0, 
EP, 17, 2026091906, 03, TVCN,  12, 114N, 1065W,   0,    0,   ,   0,    ,    0,    0,    0,    0, 
EP, 17, 2026091906, 03, TVCN,  24, 132N, 1070W,   0,    0,   ,   0,    ,    0,    0,    0,    0, 
EP, 17, 2026091906, 03, TVCN,  36, 148N, 1071W,   0,    0,   ,   0,    ,    0,    0,    0,    0, 
EP, 17, 2026091906, 03, TVCN,  48, 158N, 1065W,   0,    0,   ,   0,    ,    0,    0,    0,    0, 
EP, 17, 2026091906, 03, TVCN,  60, 161N, 1053W,   0,    0,   ,   0,    ,    0,    0,    0,    0, 
EP, 17, 2026091906, 03, TVCN,  72, 158N, 1042W,   0,    0,   ,   0,    ,    0,    0,    0,    0, 
EP, 17, 2026091906, 03, TVCN,  84, 157N, 1035W,   0,    0,   ,   0,    ,    0,    0,    0,    0, 
EP, 17, 2026091906, 03, TVCN,  96, 163N, 1037W,   0,    0,   ,   0,    ,    0,    0,    0,    0, 
EP, 17, 2026091906, 03, TVCN, 108, 174N, 1044W,   0,    0,   ,   0,    ,    0,    0,    0,    0, 
EP, 17, 2026091906, 03, TVCN, 120, 186N, 1053W,   0,    0,   ,   0,    ,    0,    0,    0,    0, 
EP, 17, 2026091906, 03, TVCN, 132, 198N, 1062W,   0,    0,   ,   0,    ,    0,    0,    0,    0, 
EP, 17, 2026091906, 03, TVCN, 144, 218N, 1078W,   0,    0,   ,   0,    ,    0,    0,    0,    0, 
EP, 17, 2026091912, 03,  UKX,   0,  96N, 1069W,  22, 1009, XX,  34, NEQ,    0,    0,    0,    0, 
EP, 17, 2026091912, 03,  UKX,   6, 109N, 1069W,  23, 1009, XX,  34, NEQ,    0,    0,    0,    0, 
EP, 17, 2026091912, 03,  UKX,  12, 121N, 1074W,  24, 1009, XX,  34, NEQ,    0,    0,    0,    0, 
EP, 17, 2026091912, 03,  UKX,  18, 133N, 1075W,  25, 1009, XX,  34, NEQ,    0,    0,    0,    0, 
EP, 17, 2026091912, 03,  UKX,  24, 143N, 1082W,  27, 1009, XX,  34, NEQ,    0,    0,    0,    0, 
EP, 17, 2026091912, 03,  UKX,  30, 145N, 1084W,  21, 1008, XX,  34, NEQ,    0,    0,    0,    0, 
EP, 17, 2026091912, 03,  UKX,  36, 149N, 1079W,  23, 1008, XX,  34, NEQ,    0,    0,    0,    0, 
EP, 17, 2026091912, 03,  UKX,  42, 153N, 1074W,  25, 1008, XX,  34, NEQ,    0,    0,    0,    0, 
EP, 17, 2026091912, 03,  UKX,  48, 155N, 1070W,  25, 1006, XX,  34, NEQ,    0,    0,    0,    0, 
EP, 17, 2026091912, 03,  UKX,  54, 155N, 1066W,  26, 1007, XX,  34, NEQ,    0,    0,    0,    0, 
EP, 17, 2026091912, 03,  UKX,  60, 153N, 1060W,  30, 1003, XX,  34, NEQ,    0,    0,    0,    0, 
EP, 17, 2026091912, 03,  UKX,  66, 153N, 1057W,  30, 1004, XX,  34, NEQ,    0,    0,    0,    0, 
EP, 17, 2026091912, 03,  UKX,  72, 153N, 1053W,  33, 1000, XX,  34, NEQ,    0,    0,    0,    0, 
EP, 17, 2026091912, 03,  UKX,  78, 156N, 1051W,  37, 1001, XX,  34, NEQ,    0,   66,   70,    0, 
EP, 17, 2026091912, 03,  UKX,  84, 162N, 1051W,  42,  996, XX,  34, NEQ,   84,   67,   65,   67, 
EP, 17, 2026091912, 03,  UKX,  90, 169N, 1054W,  45,  996, XX,  34, NEQ,   98,   85,   72,   65, 
EP, 17, 2026091912, 03,  UKX,  96, 178N, 1055W,  51,  993, XX,  34, NEQ,   96,   88,   86,   93, 
EP, 17, 2026091912, 03,  UKX,  96, 178N, 1055W,  51,  993, XX,  50, NEQ,    0,   33,    0,    0, 
EP, 17, 2026091912, 03,  UKX, 102, 192N, 1059W,  61,  994, XX,  34, NEQ,   50,  102,   79,   80, 
EP, 17, 2026091912, 03,  UKX, 102, 192N, 1059W,  61,  994, XX,  50, NEQ,   36,   37,   33,   24, 
EP, 17, 2026091912, 03,  UKX, 108, 211N, 1060W,  56,  994, XX,  34, NEQ,   44,   51,   68,   77, 
EP, 17, 2026091912, 03,  UKX, 108, 211N, 1060W,  56,  994, XX,  50, NEQ,   25,   29,   19,    0, 
EP, 17, 2026091912, 03,  UKX, 114, 228N, 1064W,  44,  998, XX,  34, NEQ,    0,   60,   58,   51, 
EP, 17, 2026091912, 03,  UKX, 120, 255N, 1073W,  25, 1002, XX,  34, NEQ,    0,    0,    0,    0, 
EP, 17, 2026091912, 03,  UKX, 126, 284N, 1086W,  16, 1006, XX,  34, NEQ,    0,    0,    0,    0, 
EP, 17, 2026091912, 03,  UKX, 132, 306N, 1096W,  14, 1004, XX,  34, NEQ,    0,    0,    0,    0, 
EP, 17, 2026091912, 03,  UKX, 138, 328N, 1106W,  15, 1005, XX,  34, NEQ,    0,    0,    0,    0, 
EP, 17, 2026091912, 03,  UKX, 144, 349N, 1113W,  12, 1005, XX,  34, NEQ,    0,    0,    0,    0, 
EP, 17, 2026091912, 03, AVNO,   0, 100N, 1059W,  22, 1008, XX,  34, NEQ,    0,    0,    0,    0,  -99,  -99,  94,   0,   0, 
EP, 17, 2026091912, 03, AVNO,   6, 109N, 1059W,  22, 1011, XX,  34, NEQ,    0,    0,    0,    0,  -99,  -99,  89,   0,   0, 
EP, 17, 2026091912, 03, AVNO,  12, 122N, 1055W,  25, 1008, XX,  34, NEQ,    0,    0,    0,    0,  -99,  -99,  30,   0,   0, 
EP, 17, 2026091912, 03, AVNO,  18, 133N, 1057W,  27, 1010, XX,  34, NEQ,    0,    0,    0,    0,  -99,  -99,  36,   0,   0, 
EP, 17, 2026091912, 03, AVNO,  24, 143N, 1062W,  24, 1008, XX,  34, NEQ,    0,    0,    0,    0,  -99,  -99,  75,   0,   0, 
EP, 17, 2026091912, 03, AVNO,  30, 151N, 1063W,  33, 1007, XX,  34, NEQ,    0,    0,    0,    0, 1011,   51,  50,   0,   0, 
EP, 17, 2026091912, 03, AVNO,  36, 151N, 1065W,  24, 1006, XX,  34, NEQ,    0,    0,    0,    0,  -99,  -99, 105,   0,   0, 
EP, 17, 2026091912, 03, AVNO,  42, 151N, 1064W,  26, 1009, XX,  34, NEQ,    0,    0,    0,    0,  -99,  -99, 113,   0,   0, 
EP, 17, 2026091912, 03, AVNO,  48, 150N, 1057W,  27, 1006, XX,  34, NEQ,    0,    0,    0,    0, 1010,  820,  61,   0,   0, 
EP, 17, 2026091912, 03, AVNO,  54, 149N, 1048W,  38, 1003, XX,  34, NEQ,    0,   42,    0,    0, 1007,   38,  37,   0,   0, 
EP, 17, 2026091912, 03, AVNO,  60, 147N, 1042W,  36,  999, XX,  34, NEQ,    0,    0,   34,   38, 1007,   77,  30,   0,   0, 
EP, 17, 2026091912, 03, AVNO,  66, 142N, 1035W,  46,  994, XX,  34, NEQ,   37,   47,   37,   31, 1006,   38,  19,   0,   0, 
EP, 17, 2026091912, 03, AVNO,  72, 141N, 1032W,  53,  987, XX,  34, NEQ,   46,   49,   52,   40, 1007,   88,  21,   0,   0, 
EP, 17, 2026091912, 03, AVNO,  72, 141N, 1032W,  53,  987, XX,  50, NEQ,   24,    0,   22,    0, 1007,   88,  21,   0,   0, 
EP, 17, 2026091912, 03, AVNO,  78, 139N, 1029W,  56,  983, XX,  34, NEQ,   46,   58,   48,   43, 1007,   58,  21,   0,   0, 
EP, 17, 2026091912, 03, AVNO,  78, 139N, 1029W,  56,  983, XX,  50, NEQ,   30,   23,   25,   27, 1007,   58,  21,   0,   0, 
EP, 17, 2026091912, 03, AVNO,  84, 139N, 1028W,  76,  974, XX,  34, NEQ,   51,   56,   54,   44, 1006,  155,  20,   0,   0, 
EP, 17, 2026091912, 03, AVNO,  84, 139N, 1028W,  76,  974, XX,  50, NEQ,   32,   32,   28,   28, 1006,  155,  20,   0,   0, 
EP, 17, 2026091912, 03, AVNO,  84, 139N, 1028W,  76,  974, XX,  64, NEQ,   24,   22,    0,    0, 1006,  155,  20,   0,   0, 
EP, 17, 2026091912, 03, AVNO,  90, 138N, 1029W,  78,  976, XX,  34, NEQ,   58,   58,   56,   46, 1008,  108,  23,   0,   0, 
EP, 17, 2026091912, 03, AVNO,  90, 138N, 1029W,  78,  976, XX,  50, NEQ,   36,   32,   32,   31, 1008,  108,  23,   0,   0, 
EP, 17, 2026091912, 03, AVNO,  90, 138N, 1029W,  78,  976, XX,  64, NEQ,   26,   24,    0,    0, 1008,  108,  23,   0,   0, 
EP, 17, 2026091912, 03, AVNO,  96, 141N, 1029W,  80,  970, XX,  34, NEQ,   71,   66,   64,   51,  994,   32,  19,   0,   0, 
EP, 17, 2026091912, 03, AVNO,  96, 141N, 1029W,  80,  970, XX,  50, NEQ,   39,   39,   34,   36,  994,   32,  19,   0,   0, 
EP, 17, 2026091912, 03, AVNO,  96, 141N, 1029W,  80,  970, XX,  64, NEQ,   27,   29,   23,   28,  994,   32,  19,   0,   0, 
EP, 17, 2026091912, 03, AVNO, 102, 143N, 1031W,  83,  962, XX,  34, NEQ,   85,   75,   68,   63,  994,   33,  22,   0,   0, 
EP, 17, 2026091912, 03, AVNO, 102, 143N, 1031W,  83,  962, XX,  50, NEQ,   42,   42,   35,   39,  994,   33,  22,   0,   0, 
EP, 17, 2026091912, 03, AVNO, 102, 143N, 1031W,  83,  962, XX,  64, NEQ,   31,   30,   27,   33,  994,   33,  22,   0,   0, 
EP, 17, 2026091912, 03, AVNO, 108, 145N, 1035W,  89,  958, XX,  34, NEQ,   95,   72,   68,   61,  982,   21,  19,   0,   0, 
EP, 17, 2026091912, 03, AVNO, 108, 145N, 1035W,  89,  958, XX,  50, NEQ,   47,   43,   42,   39,  982,   21,  19,   0,   0, 
EP, 17, 2026091912, 03, AVNO, 108, 145N, 1035W,  89,  958, XX,  64, NEQ,   38,   31,   28,   28,  982,   21,  19,   0,   0, 
EP, 17, 2026091912, 03, AVNO, 114, 145N, 1042W,  91,  957, XX,  34, NEQ,  100,   76,   76,   75,  973,   15,  17,   0,   0, 
EP, 17, 2026091912, 03, AVNO, 114, 145N, 1042W,  91,  957, XX,  50, NEQ,   51,   48,   46,   45,  973,   15,  17,   0,   0, 
EP, 17, 2026091912, 03, AVNO, 114, 145N, 1042W,  91,  957, XX,  64, NEQ,   35,   34,   27,   34,  973,   15,  17,   0,   0, 
EP, 17, 2026091912, 03, AVNO, 120, 144N, 1047W, 100,  949, XX,  34, NEQ,   89,   80,   84,   81,  981,   25,  16,   0,   0, 
EP, 17, 2026091912, 03, AVNO, 120, 144N, 1047W, 100,  949, XX,  50, NEQ,   52,   48,   44,   51,  981,   25,  16,   0,   0, 
EP, 17, 2026091912, 03, AVNO, 120, 144N, 1047W, 100,  949, XX,  64, NEQ,   39,   34,   31,   35,  981,   25,  16,   0,   0, 
EP, 17, 2026091912, 03, AVNO, 126, 143N, 1055W,  95,  949, XX,  34, NEQ,   99,  103,   86,   90,  965,   21,  25,   0,   0, 
EP, 17, 2026091912, 03, AVNO, 126, 143N, 1055W,  95,  949, XX,  50, NEQ,   55,   52,   51,   50,  965,   21,  25,   0,   0, 
EP, 17, 2026091912, 03, AVNO, 126, 143N, 1055W,  95,  949, XX,  64, NEQ,   39,   39,   38,   36,  965,   21,  25,   0,   0, 
EP, 17, 2026091912, 03, AVNO, 132, 142N, 1063W,  97,  942, XX,  34, NEQ,   96,   90,   99,   92,  962,   21,  20,   0,   0, 
EP, 17, 2026091912, 03, AVNO, 132, 142N, 1063W,  97,  942, XX,  50, NEQ,   55,   55,   58,   54,  962,   21,  20,   0,   0, 
EP, 17, 2026091912, 03, AVNO, 132, 142N, 1063W,  97,  942, XX,  64, NEQ,   41,   40,   41,   41,  962,   21,  20,   0,   0, 
EP, 17, 2026091912, 03, AVNO, 138, 140N, 1071W, 107,  939, XX,  34, NEQ,  102,  104,  123,  105,  983,   33,  26,   0,   0, 
EP, 17, 2026091912, 03, AVNO, 138, 140N, 1071W, 107,  939, XX,  50, NEQ,   56,   59,   64,   63,  983,   33,  26,   0,   0, 
EP, 17, 2026091912, 03, AVNO, 138, 140N, 1071W, 107,  939, XX,  64, NEQ,   43,   43,   45,   46,  983,   33,  26,   0,   0, 
EP, 17, 2026091912, 03, AVNO, 144, 139N, 1076W,  97,  946, XX,  34, NEQ,   98,  110,  124,  129, 1006,  129,  24,   0,   0, 
EP, 17, 2026091912, 03, AVNO, 144, 139N, 1076W,  97,  946, XX,  50, NEQ,   55,   63,   76,   57, 1006,  129,  24,   0,   0, 
EP, 17, 2026091912, 03, AVNO, 144, 139N, 1076W,  97,  946, XX,  64, NEQ,   44,   47,   46,   42, 1006,  129,  24,   0,   0, 
EP, 17, 2026091912, 03, AVNO, 150, 139N, 1083W,  93,  953, XX,  34, NEQ,   99,  111,  119,  118,  965,   21,  29,   0,   0, 
EP, 17, 2026091912, 03, AVNO, 150, 139N, 1083W,  93,  953, XX,  50, NEQ,   64,   67,   66,   57,  965,   21,  29,   0,   0, 
EP, 17, 2026091912, 03, AVNO, 150, 139N, 1083W,  93,  953, XX,  64, NEQ,   49,   47,   45,   40,  965,   21,  29,   0,   0, 
EP, 17, 2026091912, 03, AVNO, 156, 140N, 1090W,  86,  953, XX,  34, NEQ,  108,  112,  107,  105,  981,   33,  21,   0,   0, 
EP, 17, 2026091912, 03, AVNO, 156, 140N, 1090W,  86,  953, XX,  50, NEQ,   56,   65,   68,   53,  981,   33,  21,   0,   0, 
EP, 17, 2026091912, 03, AVNO, 156, 140N, 1090W,  86,  953, XX,  64, NEQ,   45,   45,   48,   39,  981,   33,  21,   0,   0, 
EP, 17, 2026091912, 03, AVNO, 162, 141N, 1095W,  90,  955, XX,  34, NEQ,  121,  120,  115,  114,  967,   21,  27,   0,   0, 
EP, 17, 2026091912, 03, AVNO, 162, 141N, 1095W,  90,  955, XX,  50, NEQ,   53,   66,   68,   47,  967,   21,  27,   0,   0, 
EP, 17, 2026091912, 03, AVNO, 162, 141N, 1095W,  90,  955, XX,  64, NEQ,   42,   47,   39,   33,  967,   21,  27,   0,   0, 
EP, 17, 2026091912, 03, AVNO, 168, 143N, 1101W,  93,  954, XX,  34, NEQ,  117,  129,  127,  111, 1006,  200,  24,   0,   0, 
EP, 17, 2026091912, 03, AVNO, 168, 143N, 1101W,  93,  954, XX,  50, NEQ,   59,   69,   75,   56, 1006,  200,  24,   0,   0, 
EP, 17, 2026091912, 03, AVNO, 168, 143N, 1101W,  93,  954, XX,  64, NEQ,   45,   51,   52,   36, 1006,  200,  24,   0,   0, 
EP, 17, 2026091912, 03, AVNO, 174, 147N, 1108W,  94,  957, XX,  34, NEQ,  127,  135,  112,   96,  977,   31,  30,   0,   0, 
EP, 17, 2026091912, 03, AVNO, 174, 147N, 1108W,  94,  957, XX,  50, NEQ,   76,   78,   63,   58,  977,   31,  30,   0,   0, 
EP, 17, 2026091912, 03, AVNO, 174, 147N, 1108W,  94,  957, XX,  64, NEQ,   49,   52,   42,   40,  977,   31,  30,   0,   0, 
EP, 17, 2026091912, 03, AVNO, 180, 150N, 1113W,  88,  953, XX,  34, NEQ,  126,  129,  114,   93,  969,   30,  33,   0,   0, 
EP, 17, 2026091912, 03, AVNO, 180, 150N, 1113W,  88,  953, XX,  50, NEQ,   76,   77,   63,   54,  969,   30,  33,   0,   0, 
EP, 17, 2026091912, 03, AVNO, 180, 150N, 1113W,  88,  953, XX,  64, NEQ,   48,   44,   42,   39,  969,   30,  33,   0,   0, 
EP, 17, 2026091912, 03, AVNO, 186, 153N, 1118W,  90,  953, XX,  34, NEQ,  147,  136,  121,  104,  969,   21,  22,   0,   0, 
EP, 17, 2026091912, 03, AVNO, 186, 153N, 1118W,  90,  953, XX,  50, NEQ,   82,   84,   66,   61,  969,   21,  22,   0,   0, 
EP, 17, 2026091912, 03, AVNO, 186, 153N, 1118W,  90,  953, XX,  64, NEQ,   44,   50,   38,   43,  969,   21,  22,   0,   0, 
EP, 17, 2026091912, 03, AVNO, 192, 157N, 1122W,  90,  950, XX,  34, NEQ,  148,  131,  134,  111,  982,   43,  30,   0,   0, 
EP, 17, 2026091912, 03, AVNO, 192, 157N, 1122W,  90,  950, XX,  50, NEQ,   86,   86,   69,   64,  982,   43,  30,   0,   0, 
EP, 17, 2026091912, 03, AVNO, 192, 157N, 1122W,  90,  950, XX,  64, NEQ,   48,   51,   47,   45,  982,   43,  30,   0,   0, 
EP, 17, 2026091912, 03, AVNO, 198, 161N, 1126W,  94,  953, XX,  34, NEQ,  134,  132,  133,  115,  965,   22,  30,   0,   0, 
EP, 17, 2026091912, 03, AVNO, 198, 161N, 1126W,  94,  953, XX,  50, NEQ,   80,   78,   68,   61,  965,   22,  30,   0,   0, 
EP, 17, 2026091912, 03, AVNO, 198, 161N, 1126W,  94,  953, XX,  64, NEQ,   55,   51,   46,   44,  965,   22,  30,   0,   0, 
EP, 17, 2026091912, 03, AVNO, 204, 167N, 1132W,  92,  949, XX,  34, NEQ,  138,  138,  136,  122,  985,   46,  28,   0,   0, 
EP, 17, 2026091912, 03, AVNO, 204, 167N, 1132W,  92,  949, XX,  50, NEQ,   85,   71,   64,   65,  985,   46,  28,   0,   0, 
EP, 17, 2026091912, 03, AVNO, 204, 167N, 1132W,  92,  949, XX,  64, NEQ,   54,   50,   47,   42,  985,   46,  28,   0,   0, 
EP, 17, 2026091912, 03, AVNO, 210, 172N, 1137W,  90,  952, XX,  34, NEQ,  147,  141,  139,  122,  968,   32,  29,   0,   0, 
EP, 17, 2026091912, 03, AVNO, 210, 172N, 1137W,  90,  952, XX,  50, NEQ,   69,   72,   72,   67,  968,   32,  29,   0,   0, 
EP, 17, 2026091912, 03, AVNO, 210, 172N, 1137W,  90,  952, XX,  64, NEQ,   46,   51,   48,   42,  968,   32,  29,   0,   0, 
EP, 17, 2026091912, 03, AVNO, 216, 178N, 1141W,  86,  951, XX,  34, NEQ,  141,  149,  131,  131,  971,   37,  35,   0,   0, 
EP, 17, 2026091912, 03, AVNO, 216, 178N, 1141W,  86,  951, XX,  50, NEQ,   74,   82,   72,   72,  971,   37,  35,   0,   0, 
EP, 17, 2026091912, 03, AVNO, 216, 178N, 1141W,  86,  951, XX,  64, NEQ,   55,   58,   50,   51,  971,   37,  35,   0,   0, 
EP, 17, 2026091912, 03, AVNO, 222, 184N, 1146W,  88,  953, XX,  34, NEQ,  148,  147,  131,  129,  969,   33,  28,   0,   0, 
EP, 17, 2026091912, 03, AVNO, 222, 184N, 1146W,  88,  953, XX,  50, NEQ,   83,   84,   74,   82,  969,   33,  28,   0,   0, 
EP, 17, 2026091912, 03, AVNO, 222, 184N, 1146W,  88,  953, XX,  64, NEQ,   51,   60,   43,   57,  969,   33,  28,   0,   0, 
EP, 17, 2026091912, 03, AVNO, 228, 190N, 1151W,  85,  950, XX,  34, NEQ,  140,  141,  137,  126,  974,   37,  30,   0,   0, 
EP, 17, 2026091912, 03, AVNO, 228, 190N, 1151W,  85,  950, XX,  50, NEQ,   81,   82,   80,   76,  974,   37,  30,   0,   0, 
EP, 17, 2026091912, 03, AVNO, 228, 190N, 1151W,  85,  950, XX,  64, NEQ,   59,   49,   52,   49,  974,   37,  30,   0,   0, 
EP, 17, 2026091912, 03, AVNO, 234, 196N, 1157W,  87,  952, XX,  34, NEQ,  149,  150,  141,  133,  972,   32,  34,   0,   0, 
EP, 17, 2026091912, 03, AVNO, 234, 196N, 1157W,  87,  952, XX,  50, NEQ,   90,   82,   82,   77,  972,   32,  34,   0,   0, 
EP, 17, 2026091912, 03, AVNO, 234, 196N, 1157W,  87,  952, XX,  64, NEQ,   54,   62,   51,   51,  972,   32,  34,   0,   0, 
EP, 17, 2026091912, 03, AVNO, 240, 202N, 1163W,  85,  952, XX,  34, NEQ,  145,  149,  149,  139,  976,   46,  43,   0,   0, 
EP, 17, 2026091912, 03, AVNO, 240, 202N, 1163W,  85,  952, XX,  50, NEQ,   87,   86,   84,   73,  976,   46,  43,   0,   0, 
EP, 17, 2026091912, 03, AVNO, 240, 202N, 1163W,  85,  952, XX,  64, NEQ,   64,   59,   60,   51,  976,   46,  43,   0,   0, 
EP, 17, 2026091912, 03, HCCA,   0, 103N, 1059W,  25,    0,   ,   0,    ,    0,    0,    0,    0, 
EP, 17, 2026091912, 03, HCCA,  12, 126N, 1061W,  32,    0,   ,   0,    ,    0,    0,    0,    0, 
EP, 17, 2026091912, 03, HCCA,  24, 145N, 1065W,  36,    0,   ,   0,    ,    0,    0,    0,    0, 
EP, 17, 2026091912, 03, HCCA,  36, 158N, 1066W,  38,    0,   ,   0,    ,    0,    0,    0,    0, 
EP, 17, 2026091912, 03, HCCA,  48, 161N, 1055W,  41,    0,   ,   0,    ,    0,    0,    0,    0, 
EP, 17, 2026091912, 03, HCCA,  60, 159N, 1039W,  48,    0,   ,   0,    ,    0,    0,    0,    0, 
EP, 17, 2026091912, 03, HCCA,  72, 156N, 1028W,  61,    0,   ,   0,    ,    0,    0,    0,    0, 
EP, 17, 2026091912, 03, HCCA,  84, 159N, 1023W,  74,    0,   ,   0,    ,    0,    0,    0,    0, 
EP, 17, 2026091912, 03, HCCA,  96, 169N, 1025W,  83,    0,   ,   0,    ,    0,    0,    0,    0, 
EP, 17, 2026091912, 03, HCCA, 108, 180N, 1034W,  95,    0,   ,   0,    ,    0,    0,    0,    0, 
EP, 17, 2026091912, 03, HCCA, 120, 191N, 1046W, 106,    0,   ,   0,    ,    0,    0,    0,    0, 
EP, 17, 2026091912, 03, HCCA, 132, 203N, 1057W,  87,    0,   ,   0,    ,    0,    0,    0,    0, 
EP, 17, 2026091912, 03, HCCA, 144, 210N, 1069W,  92,    0,   ,   0,    ,    0,    0,    0,    0, 
EP, 17, 2026091912, 03, HCCA, 156, 216N, 1080W,  94,    0,   ,   0,    ,    0,    0,    0,    0, 
EP, 17, 2026091912, 03, HCCA, 168, 219N, 1092W,  96,    0,   ,   0,    ,    0,    0,    0,    0, 
EP, 17, 2026091912, 03, HFSA,   0, 102N, 1055W,  25, 1008, XX,  34, NEQ,    0,    0,    0,    0,  -99,  -99,  57,   0,   0,    ,   0,    , 342,   8,           ,  ,  0,    ,    0,    0,    0,    0, THERMO PARAMS, -40, -95, -163, N, 10, DT, -999, SHR82, -99, 
EP, 17, 2026091912, 03, HFSA,   6, 116N, 1060W,  32, 1010, XX,  34, NEQ,    0,    0,    0,    0,  -99,  -99, 135,   0,   0,    ,   0,    , 355,  10,           ,  ,  0,    ,    0,    0,    0,    0, THERMO PARAMS, -9999, -9999, -9999, N, 10, DT, -999, SHR82, -99, 
EP, 17, 2026091912, 03, HFSA,  12, 125N, 1059W,  38, 1005, XX,  34, NEQ,    0,    0,    0,    0,  -99,  -99,  79,   0,   0,    ,   0,    , 315,   7,           ,  ,  0,    ,    0,    0,    0,    0, THERMO PARAMS, -15, -120, 44, N, 10, DT, -999, SHR82, -99, 
EP, 17, 2026091912, 03, HFSA,  18, 130N, 1066W,  30, 1009, XX,  34, NEQ,    0,    0,    0,    0,  -99,  -99, 110,   0,   0,    ,   0,    , 332,   7,           ,  ,  0,    ,    0,    0,    0,    0, THERMO PARAMS, -9999, -9999, -9999, N, 10, DT, -999, SHR82, -99, 
EP, 17, 2026091912, 03, HFSA,  24, 142N, 1070W,  33, 1003, XX,  34, NEQ,    0,    0,    0,    0, 1007,    4, 161,   0,   0,    ,   0,    , 340,   8,           ,  ,  0,    ,    0,    0,    0,    0, THERMO PARAMS, -32, -24, 41, N, 10, DT, -999, SHR82, -99, 
EP, 17, 2026091912, 03, HFSA,  30, 145N, 1072W,  29, 1009, XX,  34, NEQ,    0,    0,    0,    0,  -99,  -99, 131,   0,   0,    ,   0,    , 325,   3,           ,  ,  0,    ,    0,    0,    0,    0, THERMO PARAMS, -6, -89, 158, N, 10, DT, -999, SHR82, -99, 
EP, 17, 2026091912, 03, HFSA,  36, 147N, 1072W,  31, 1002, XX,  34, NEQ,    0,    0,    0,    0, 1006,    3, 113,   0,   0,    ,   0,    ,  58,   4,           ,  ,  0,    ,    0,    0,    0,    0, THERMO PARAMS, -2, 95, 104, N, 10, DT, -999, SHR82, -99, 
EP, 17, 2026091912, 03, HFSA,  42, 148N, 1067W,  30, 1009, XX,  34, NEQ,    0,    0,    0,    0,  -99,  -99, 137,   0,   0,    ,   0,    ,  84,   6,           ,  ,  0,    ,    0,    0,    0,    0, THERMO PARAMS, 1, -23, 155, N, 10, DT, -999, SHR82, -99, 
EP, 17, 2026091912, 03, HFSA,  48, 147N, 1056W,  37, 1002, XX,  34, NEQ,    0,    0,    0,    0, 1006,    3,  44,   0,   0,    ,   0,    ,  93,  10,           ,  ,  0,    ,    0,    0,    0,    0, THERMO PARAMS, -21, 44, 161, N, 10, DT, -999, SHR82, -99, 
EP, 17, 2026091912, 03, HFSA,  54, 146N, 1051W,  33, 1006, XX,  34, NEQ,    0,    0,    0,    0,  -99,  -99,  64,   0,   0,    ,   0,    ,  99,   5,           ,  ,  0,    ,    0,    0,    0,    0, THERMO PARAMS, -32, 287, 204, N, 10, DT, -999, SHR82, -99, 
EP, 17, 2026091912, 03, HFSA,  60, 144N, 1044W,  38, 1001, XX,  34, NEQ,    0,    0,    0,    0,  -99,  -99,  95,   0,   0,    ,   0,    , 125,   8,           ,  ,  0,    ,    0,    0,    0,    0, THERMO PARAMS, -66, -61, 325, N, 10, DT, -999, SHR82, -99, 
EP, 17, 2026091912, 03, HFSA,  66, 138N, 1037W,  41, 1003, XX,  34, NEQ,    0,   94,   21,    0,  -99,  -99,  17,   0,   0,    ,   0,    , 120,   9,           ,  ,  0,    ,    0,    0,    0,    0, THERMO PARAMS, -110, 492, 217, N, 10, DT, -999, SHR82, -99, 
EP, 17, 2026091912, 03, HFSA,  72, 136N, 1031W,  50, 1000, XX,  34, NEQ,    0,   52,   62,    0,  -99,  -99,  22,   0,   0,    ,   0,    ,  96,   8,           ,  ,  0,    ,    0,    0,    0,    0, THERMO PARAMS, -48, 494, -40, N, 10, DT, -999, SHR82, -99, 
EP, 17, 2026091912, 03, HFSA,  78, 138N, 1028W,  44,  996, XX,  34, NEQ,   24,   76,   70,    0, 1004,   26,  11,   0,   0,    ,   0,    ,  74,   2,           ,  ,  0,    ,    0,    0,    0,    0, THERMO PARAMS, 87, 67, 776, N, 10, DT, -999, SHR82, -99, 
EP, 17, 2026091912, 03, HFSA,  84, 139N, 1025W,  50,  994, XX,  34, NEQ,   32,   73,   60,    0,  998,   11,  43,   0,   0,    ,   0,    ,  72,   4,           ,  ,  0,    ,    0,    0,    0,    0, THERMO PARAMS, -115, 76, 515, N, 10, DT, -999, SHR82, -99, 
EP, 17, 2026091912, 03, HFSA,  90, 141N, 1025W,  62,  993, XX,  34, NEQ,   44,   65,   92,   21, 1001,   21,  10,   0,   0,    ,   0,    ,  24,   4,           ,  ,  0,    ,    0,    0,    0,    0, THERMO PARAMS, 0, 970, 438, N, 10, DT, -999, SHR82, -99, 
EP, 17, 2026091912, 03, HFSA,  90, 141N, 1025W,  62,  993, XX,  50, NEQ,   21,   31,    0,    0, 1001,   21,  10,   0,   0,    ,   0,    ,  24,   4,           ,  ,  0,    ,    0,    0,    0,    0, THERMO PARAMS, 0, 970, 438, N, 10, DT, -999, SHR82, -99, 
EP, 17, 2026091912, 03, HFSA,  96, 145N, 1027W,  57,  989, XX,  34, NEQ,   58,   84,   92,   24,  993,    8,  26,   0,   0,    ,   0,    , 354,   5,           ,  ,  0,    ,    0,    0,    0,    0, THERMO PARAMS, 16, 1059, 89, N, 10, DT, -999, SHR82, -99, 
EP, 17, 2026091912, 03, HFSA,  96, 145N, 1027W,  57,  989, XX,  50, NEQ,   26,   40,    0,    0,  993,    8,  26,   0,   0,    ,   0,    , 354,   5,           ,  ,  0,    ,    0,    0,    0,    0, THERMO PARAMS, 16, 1059, 89, N, 10, DT, -999, SHR82, -99, 
EP, 17, 2026091912, 03, HFSA, 102, 151N, 1029W,  57,  989, XX,  34, NEQ,   94,   79,   68,   58, 1001,   33,  13,   0,   0,    ,   0,    , 344,   7,           ,  ,  0,    ,    0,    0,    0,    0, THERMO PARAMS, 43, 335, 935, N, 10, DT, -999, SHR82, -99, 
EP, 17, 2026091912, 03, HFSA, 102, 151N, 1029W,  57,  989, XX,  50, NEQ,    0,   15,   16,    0, 1001,   33,  13,   0,   0,    ,   0,    , 344,   7,           ,  ,  0,    ,    0,    0,    0,    0, THERMO PARAMS, 43, 335, 935, N, 10, DT, -999, SHR82, -99, 
EP, 17, 2026091912, 03, HFSA, 108, 157N, 1034W,  63,  985, XX,  34, NEQ,   97,   76,   57,   70, 1001,   49,  16,   0,   0,    ,   0,    , 317,   6,           ,  ,  0,    ,    0,    0,    0,    0, THERMO PARAMS, 71, 610, 1080, N, 10, DT, -999, SHR82, -99, 
EP, 17, 2026091912, 03, HFSA, 108, 157N, 1034W,  63,  985, XX,  50, NEQ,   40,   31,    0,   26, 1001,   49,  16,   0,   0,    ,   0,    , 317,   6,           ,  ,  0,    ,    0,    0,    0,    0, THERMO PARAMS, 71, 610, 1080, N, 10, DT, -999, SHR82, -99, 
EP, 17, 2026091912, 03, HFSA, 114, 160N, 1042W,  72,  981, XX,  34, NEQ,   97,   83,   71,   94, 1001,   44,  16,   0,   0,    ,   0,    , 301,   6,           ,  ,  0,    ,    0,    0,    0,    0, THERMO PARAMS, -6, 1191, 1433, N, 10, DT, -999, SHR82, -99, 
EP, 17, 2026091912, 03, HFSA, 114, 160N, 1042W,  72,  981, XX,  50, NEQ,   34,   32,   29,   32, 1001,   44,  16,   0,   0,    ,   0,    , 301,   6,           ,  ,  0,    ,    0,    0,    0,    0, THERMO PARAMS, -6, 1191, 1433, N, 10, DT, -999, SHR82, -99, 
EP, 17, 2026091912, 03, HFSA, 114, 160N, 1042W,  72,  981, XX,  64, NEQ,   18,   19,    0,    0, 1001,   44,  16,   0,   0,    ,   0,    , 301,   6,           ,  ,  0,    ,    0,    0,    0,    0, THERMO PARAMS, -6, 1191, 1433, N, 10, DT, -999, SHR82, -99, 
EP, 17, 2026091912, 03, HFSA, 120, 161N, 1049W,  74,  971, XX,  34, NEQ,  113,   83,   83,   99,  995,   34,  14,   0,   0,    ,   0,    , 280,   4,           ,  ,  0,    ,    0,    0,    0,    0, THERMO PARAMS, 31, 1284, 1560, N, 10, DT, -999, SHR82, -99, 
EP, 17, 2026091912, 03, HFSA, 120, 161N, 1049W,  74,  971, XX,  50, NEQ,   31,   37,   45,   42,  995,   34,  14,   0,   0,    ,   0,    , 280,   4,           ,  ,  0,    ,    0,    0,    0,    0, THERMO PARAMS, 31, 1284, 1560, N, 10, DT, -999, SHR82, -99, 
EP, 17, 2026091912, 03, HFSA, 120, 161N, 1049W,  74,  971, XX,  64, NEQ,   15,   19,   19,   18,  995,   34,  14,   0,   0,    ,   0,    , 280,   4,           ,  ,  0,    ,    0,    0,    0,    0, THERMO PARAMS, 31, 1284, 1560, N, 10, DT, -999, SHR82, -99, 
EP, 17, 2026091912, 03, HFSA, 126, 162N, 1054W,  84,  965, XX,  34, NEQ,  130,   89,   91,   89, 1001,   55,  12,   0,   0,    ,   0,    , -99, -99,           ,  ,  0,    ,    0,    0,    0,    0, THERMO PARAMS, 74, 1300, 1929, N, 10, DT, -999, SHR82, -99, 
EP, 17, 2026091912, 03, HFSA, 126, 162N, 1054W,  84,  965, XX,  50, NEQ,   55,   44,   34,   45, 1001,   55,  12,   0,   0,    ,   0,    , -99, -99,           ,  ,  0,    ,    0,    0,    0,    0, THERMO PARAMS, 74, 1300, 1929, N, 10, DT, -999, SHR82, -99, 
EP, 17, 2026091912, 03, HFSA, 126, 162N, 1054W,  84,  965, XX,  64, NEQ,   29,   28,    0,   28, 1001,   55,  12,   0,   0,    ,   0,    , -99, -99,           ,  ,  0,    ,    0,    0,    0,    0, THERMO PARAMS, 74, 1300, 1929, N, 10, DT, -999, SHR82, -99, 
EP, 17, 2026091912, 03, TVCN,   0, 103N, 1059W,   0,    0,   ,   0,    ,    0,    0,    0,    0, 
EP, 17, 2026091912, 03, TVCN,  12, 122N, 1063W,   0,    0,   ,   0,    ,    0,    0,    0,    0, 
EP, 17, 2026091912, 03, TVCN,  24, 138N, 1066W,   0,    0,   ,   0,    ,    0,    0,    0,    0, 
EP, 17, 2026091912, 03, TVCN,  36, 144N, 1069W,   0,    0,   ,   0,    ,    0,    0,    0,    0, 
EP, 17, 2026091912, 03, TVCN,  48, 145N, 1067W,   0,    0,   ,   0,    ,    0,    0,    0,    0, 
EP, 17, 2026091912, 03, TVCN,  60, 155N, 1042W,   0,    0,   ,   0,    ,    0,    0,    0,    0, 
EP, 17, 2026091912, 03, TVCN,  72, 153N, 1034W,   0,    0,   ,   0,    ,    0,    0,    0,    0, 
EP, 17, 2026091912, 03, TVCN,  84, 156N, 1033W,   0,    0,   ,   0,    ,    0,    0,    0,    0, 
EP, 17, 2026091912, 03, TVCN,  96, 164N, 1039W,   0,    0,   ,   0,    ,    0,    0,    0,    0, 
EP, 17, 2026091912, 03, TVCN, 108, 177N, 1050W,   0,    0,   ,   0,    ,    0,    0,    0,    0, 
EP, 17, 2026091912, 03, TVCN, 120, 189N, 1061W,   0,    0,   ,   0,    ,    0,    0,    0,    0, 
EP, 17, 2026091912, 03, TVCN, 132, 202N, 1074W,   0,    0,   ,   0,    ,    0,    0,    0,    0, 
EP, 17, 2026091912, 03, TVCN, 144, 221N, 1079W,   0,    0,   ,   0,    ,    0,    0,    0,    0, 
EP, 17, 2026091918, 03, AVNO,   0, 112N, 1058W,  22, 1010, XX,  34, NEQ,    0,    0,    0,    0,  -99,  -99, 118,   0,   0, 
EP, 17, 2026091918, 03, AVNO,   6, 123N, 1052W,  23, 1008, XX,  34, NEQ,    0,    0,    0,    0,  -99,  -99, 110,   0,   0, 
EP, 17, 2026091918, 03, AVNO,  12, 136N, 1055W,  26, 1010, XX,  34, NEQ,    0,    0,    0,    0,  -99,  -99,  63,   0,   0, 
EP, 17, 2026091918, 03, AVNO,  18, 145N, 1056W,  28, 1006, XX,  34, NEQ,    0,    0,    0,    0,  -99,  -99,  37,   0,   0, 
EP, 17, 2026091918, 03, AVNO,  24, 147N, 1061W,  26, 1009, XX,  34, NEQ,    0,    0,    0,    0,  -99,  -99,  68,   0,   0, 
EP, 17, 2026091918, 03, AVNO,  30, 148N, 1061W,  24, 1006, XX,  34, NEQ,    0,    0,    0,    0,  -99,  -99, 136,   0,   0, 
EP, 17, 2026091918, 03, AVNO,  36, 150N, 1056W,  26, 1008, XX,  34, NEQ,    0,    0,    0,    0,  -99,  -99, 105,   0,   0, 
EP, 17, 2026091918, 03, AVNO,  42, 151N, 1048W,  27, 1005, XX,  34, NEQ,    0,    0,    0,    0, 1009,   61,  53,   0,   0, 
EP, 17, 2026091918, 03, AVNO,  48, 149N, 1042W,  30, 1003, XX,  34, NEQ,    0,    0,    0,    0, 1007,   21,  25,   0,   0, 
EP, 17, 2026091918, 03, AVNO,  54, 146N, 1035W,  34,  999, XX,  34, NEQ,    0,    0,   29,    0, 1007,   57,  28,   0,   0, 
EP, 17, 2026091918, 03, AVNO,  60, 143N, 1031W,  47,  994, XX,  34, NEQ,   36,   37,   37,   30, 1006,   34,  19,   0,   0, 
EP, 17, 2026091918, 03, AVNO,  66, 140N, 1028W,  62,  979, XX,  34, NEQ,   48,   48,   49,   40, 1007,  125,  14,   0,   0, 
EP, 17, 2026091918, 03, AVNO,  66, 140N, 1028W,  62,  979, XX,  50, NEQ,   27,   23,   30,   28, 1007,  125,  14,   0,   0, 
EP, 17, 2026091918, 03, AVNO,  72, 137N, 1026W,  76,  972, XX,  34, NEQ,   46,   53,   51,   42, 1000,   33,  11,   0,   0, 
EP, 17, 2026091918, 03, AVNO,  72, 137N, 1026W,  76,  972, XX,  50, NEQ,   27,   31,   27,   28, 1000,   33,  11,   0,   0, 
EP, 17, 2026091918, 03, AVNO,  72, 137N, 1026W,  76,  972, XX,  64, NEQ,   21,   23,   20,    0, 1000,   33,  11,   0,   0, 
EP, 17, 2026091918, 03, AVNO,  78, 136N, 1024W,  69,  972, XX,  34, NEQ,   51,   60,   58,   47, 1004,   63,  12,   0,   0, 
EP, 17, 2026091918, 03, AVNO,  78, 136N, 1024W,  69,  972, XX,  50, NEQ,   33,   33,   33,   30, 1004,   63,  12,   0,   0, 
EP, 17, 2026091918, 03, AVNO,  78, 136N, 1024W,  69,  972, XX,  64, NEQ,   23,   26,   19,    0, 1004,   63,  12,   0,   0, 
EP, 17, 2026091918, 03, AVNO,  84, 137N, 1024W,  81,  965, XX,  34, NEQ,   64,   66,   61,   51,  993,   30,  17,   0,   0, 
EP, 17, 2026091918, 03, AVNO,  84, 137N, 1024W,  81,  965, XX,  50, NEQ,   37,   38,   36,   34,  993,   30,  17,   0,   0, 
EP, 17, 2026091918, 03, AVNO,  84, 137N, 1024W,  81,  965, XX,  64, NEQ,   28,   27,   26,   27,  993,   30,  17,   0,   0, 
EP, 17, 2026091918, 03, AVNO,  90, 139N, 1026W,  80,  967, XX,  34, NEQ,   66,   72,   73,   55, 1007,   91,  24,   0,   0, 
EP, 17, 2026091918, 03, AVNO,  90, 139N, 1026W,  80,  967, XX,  50, NEQ,   40,   43,   40,   39, 1007,   91,  24,   0,   0, 
EP, 17, 2026091918, 03, AVNO,  90, 139N, 1026W,  80,  967, XX,  64, NEQ,   31,   31,   27,   30, 1007,   91,  24,   0,   0, 
EP, 17, 2026091918, 03, AVNO,  96, 141N, 1029W,  87,  961, XX,  34, NEQ,   75,   75,   72,   60,  993,   33,  22,   0,   0, 
EP, 17, 2026091918, 03, AVNO,  96, 141N, 1029W,  87,  961, XX,  50, NEQ,   42,   44,   40,   41,  993,   33,  22,   0,   0, 
EP, 17, 2026091918, 03, AVNO,  96, 141N, 1029W,  87,  961, XX,  64, NEQ,   32,   32,   29,   30,  993,   33,  22,   0,   0, 
EP, 17, 2026091918, 03, AVNO, 102, 142N, 1034W,  87,  958, XX,  34, NEQ,   75,   75,   75,   64, 1006,  102,  18,   0,   0, 
EP, 17, 2026091918, 03, AVNO, 102, 142N, 1034W,  87,  958, XX,  50, NEQ,   44,   40,   41,   36, 1006,  102,  18,   0,   0, 
EP, 17, 2026091918, 03, AVNO, 102, 142N, 1034W,  87,  958, XX,  64, NEQ,   32,   31,   30,   30, 1006,  102,  18,   0,   0, 
EP, 17, 2026091918, 03, AVNO, 108, 143N, 1042W,  86,  962, XX,  34, NEQ,   80,   71,   74,   64,  990,   33,  23,   0,   0, 
EP, 17, 2026091918, 03, AVNO, 108, 143N, 1042W,  86,  962, XX,  50, NEQ,   40,   43,   45,   42,  990,   33,  23,   0,   0, 
EP, 17, 2026091918, 03, AVNO, 108, 143N, 1042W,  86,  962, XX,  64, NEQ,   31,   33,   33,   33,  990,   33,  23,   0,   0, 
EP, 17, 2026091918, 03, AVNO, 114, 142N, 1050W,  89,  954, XX,  34, NEQ,   75,   76,   75,   73,  978,   21,  20,   0,   0, 
EP, 17, 2026091918, 03, AVNO, 114, 142N, 1050W,  89,  954, XX,  50, NEQ,   42,   43,   48,   46,  978,   21,  20,   0,   0, 
EP, 17, 2026091918, 03, AVNO, 114, 142N, 1050W,  89,  954, XX,  64, NEQ,   37,   34,   36,   35,  978,   21,  20,   0,   0, 
EP, 17, 2026091918, 03, AVNO, 120, 140N, 1057W,  90,  958, XX,  34, NEQ,   76,   82,   84,   79,  986,   32,  28,   0,   0, 
EP, 17, 2026091918, 03, AVNO, 120, 140N, 1057W,  90,  958, XX,  50, NEQ,   47,   48,   48,   48,  986,   32,  28,   0,   0, 
EP, 17, 2026091918, 03, AVNO, 120, 140N, 1057W,  90,  958, XX,  64, NEQ,   37,   35,   34,   35,  986,   32,  28,   0,   0, 
EP, 17, 2026091918, 03, AVNO, 126, 139N, 1063W,  87,  954, XX,  34, NEQ,   80,   91,  101,  103,  990,   32,  22,   0,   0, 
EP, 17, 2026091918, 03, AVNO, 126, 139N, 1063W,  87,  954, XX,  50, NEQ,   45,   50,   49,   47,  990,   32,  22,   0,   0, 
EP, 17, 2026091918, 03, AVNO, 126, 139N, 1063W,  87,  954, XX,  64, NEQ,   36,   38,   36,   38,  990,   32,  22,   0,   0, 
EP, 17, 2026091918, 03, AVNO, 132, 139N, 1071W,  94,  956, XX,  34, NEQ,   85,  103,  103,  109,  968,   21,  28,   0,   0, 
EP, 17, 2026091918, 03, AVNO, 132, 139N, 1071W,  94,  956, XX,  50, NEQ,   50,   57,   56,   49,  968,   21,  28,   0,   0, 
EP, 17, 2026091918, 03, AVNO, 132, 139N, 1071W,  94,  956, XX,  64, NEQ,   41,   33,   36,   38,  968,   21,  28,   0,   0, 
EP, 17, 2026091918, 03, AVNO, 138, 139N, 1077W,  94,  953, XX,  34, NEQ,   84,   99,  110,  109,  985,   36,  24,   0,   0, 
EP, 17, 2026091918, 03, AVNO, 138, 139N, 1077W,  94,  953, XX,  50, NEQ,   50,   57,   60,   50,  985,   36,  24,   0,   0, 
EP, 17, 2026091918, 03, AVNO, 138, 139N, 1077W,  94,  953, XX,  64, NEQ,   39,   40,   44,   39,  985,   36,  24,   0,   0, 
EP, 17, 2026091918, 03, AVNO, 144, 139N, 1082W,  82,  957, XX,  34, NEQ,   88,   98,  106,  103,  977,   21,  30,   0,   0, 
EP, 17, 2026091918, 03, AVNO, 144, 139N, 1082W,  82,  957, XX,  50, NEQ,   50,   59,   59,   49,  977,   21,  30,   0,   0, 
EP, 17, 2026091918, 03, AVNO, 144, 139N, 1082W,  82,  957, XX,  64, NEQ,   38,   38,   39,   36,  977,   21,  30,   0,   0, 
EP, 17, 2026091918, 03, AVNO, 150, 140N, 1088W,  84,  953, XX,  34, NEQ,   88,  111,   97,   87,  993,   48,  25,   0,   0, 
EP, 17, 2026091918, 03, AVNO, 150, 140N, 1088W,  84,  953, XX,  50, NEQ,   52,   53,   61,   50,  993,   48,  25,   0,   0, 
EP, 17, 2026091918, 03, AVNO, 150, 140N, 1088W,  84,  953, XX,  64, NEQ,   42,   37,   44,   36,  993,   48,  25,   0,   0, 
EP, 17, 2026091918, 03, AVNO, 156, 141N, 1095W,  98,  952, XX,  34, NEQ,   91,  117,   98,   85,  980,   32,  22,   0,   0, 
EP, 17, 2026091918, 03, AVNO, 156, 141N, 1095W,  98,  952, XX,  50, NEQ,   55,   61,   58,   53,  980,   32,  22,   0,   0, 
EP, 17, 2026091918, 03, AVNO, 156, 141N, 1095W,  98,  952, XX,  64, NEQ,   41,   43,   40,   41,  980,   32,  22,   0,   0, 
EP, 17, 2026091918, 03, AVNO, 162, 142N, 1100W,  98,  943, XX,  34, NEQ,  107,  114,  115,  103,  971,   21,  19,   0,   0, 
EP, 17, 2026091918, 03, AVNO, 162, 142N, 1100W,  98,  943, XX,  50, NEQ,   60,   64,   65,   51,  971,   21,  19,   0,   0, 
EP, 17, 2026091918, 03, AVNO, 162, 142N, 1100W,  98,  943, XX,  64, NEQ,   45,   46,   46,   38,  971,   21,  19,   0,   0, 
EP, 17, 2026091918, 03, AVNO, 168, 144N, 1105W,  99,  946, XX,  34, NEQ,  107,  127,  122,  120,  986,   41,  24,   0,   0, 
EP, 17, 2026091918, 03, AVNO, 168, 144N, 1105W,  99,  946, XX,  50, NEQ,   71,   75,   72,   55,  986,   41,  24,   0,   0, 
EP, 17, 2026091918, 03, AVNO, 168, 144N, 1105W,  99,  946, XX,  64, NEQ,   46,   54,   44,   43,  986,   41,  24,   0,   0, 
EP, 17, 2026091918, 03, AVNO, 174, 148N, 1109W, 101,  940, XX,  34, NEQ,  129,  130,  126,   93,  960,   21,  19,   0,   0, 
EP, 17, 2026091918, 03, AVNO, 174, 148N, 1109W, 101,  940, XX,  50, NEQ,   64,   73,   69,   60,  960,   21,  19,   0,   0, 
EP, 17, 2026091918, 03, AVNO, 174, 148N, 1109W, 101,  940, XX,  64, NEQ,   50,   47,   50,   42,  960,   21,  19,   0,   0, 
EP, 17, 2026091918, 03, AVNO, 180, 151N, 1114W,  98,  943, XX,  34, NEQ,  127,  134,  125,  101,  975,   32,  27,   0,   0, 
EP, 17, 2026091918, 03, AVNO, 180, 151N, 1114W,  98,  943, XX,  50, NEQ,   69,   77,   70,   62,  975,   32,  27,   0,   0, 
EP, 17, 2026091918, 03, AVNO, 180, 151N, 1114W,  98,  943, XX,  64, NEQ,   42,   55,   50,   47,  975,   32,  27,   0,   0, 
EP, 17, 2026091918, 03, AVNO, 186, 154N, 1118W,  99,  941, XX,  34, NEQ,  139,  139,  133,  103,  965,   31,  26,   0,   0, 
EP, 17, 2026091918, 03, AVNO, 186, 154N, 1118W,  99,  941, XX,  50, NEQ,   72,   80,   76,   66,  965,   31,  26,   0,   0, 
EP, 17, 2026091918, 03, AVNO, 186, 154N, 1118W,  99,  941, XX,  64, NEQ,   52,   56,   52,   45,  965,   31,  26,   0,   0, 
EP, 17, 2026091918, 03, AVNO, 192, 159N, 1122W, 102,  941, XX,  34, NEQ,  134,  141,  134,  117,  961,   33,  27,   0,   0, 
EP, 17, 2026091918, 03, AVNO, 192, 159N, 1122W, 102,  941, XX,  50, NEQ,   74,   83,   82,   71,  961,   33,  27,   0,   0, 
EP, 17, 2026091918, 03, AVNO, 192, 159N, 1122W, 102,  941, XX,  64, NEQ,   50,   56,   56,   49,  961,   33,  27,   0,   0, 
EP, 17, 2026091918, 03, AVNO, 198, 164N, 1127W, 104,  938, XX,  34, NEQ,  143,  140,  136,  117,  966,   36,  26,   0,   0, 
EP, 17, 2026091918, 03, AVNO, 198, 164N, 1127W, 104,  938, XX,  50, NEQ,   71,   80,   74,   75,  966,   36,  26,   0,   0, 
EP, 17, 2026091918, 03, AVNO, 198, 164N, 1127W, 104,  938, XX,  64, NEQ,   52,   56,   54,   50,  966,   36,  26,   0,   0, 
EP, 17, 2026091918, 03, AVNO, 204, 170N, 1130W, 101,  940, XX,  34, NEQ,  158,  158,  138,  122,  952,   21,  28,   0,   0, 
EP, 17, 2026091918, 03, AVNO, 204, 170N, 1130W, 101,  940, XX,  50, NEQ,   84,   82,   76,   77,  952,   21,  28,   0,   0, 
EP, 17, 2026091918, 03, AVNO, 204, 170N, 1130W, 101,  940, XX,  64, NEQ,   56,   55,   55,   54,  952,   21,  28,   0,   0, 
EP, 17, 2026091918, 03, AVNO, 210, 176N, 1134W,  98,  939, XX,  34, NEQ,  143,  168,  146,  138,  963,   36,  23,   0,   0, 
EP, 17, 2026091918, 03, AVNO, 210, 176N, 1134W,  98,  939, XX,  50, NEQ,   86,   85,   84,   77,  963,   36,  23,   0,   0, 
EP, 17, 2026091918, 03, AVNO, 210, 176N, 1134W,  98,  939, XX,  64, NEQ,   61,   59,   59,   55,  963,   36,  23,   0,   0, 
EP, 17, 2026091918, 03, AVNO, 216, 182N, 1137W, 102,  940, XX,  34, NEQ,  154,  156,  151,  140,  960,   33,  28,   0,   0, 
EP, 17, 2026091918, 03, AVNO, 216, 182N, 1137W, 102,  940, XX,  50, NEQ,   88,   95,   87,   86,  960,   33,  28,   0,   0, 
EP, 17, 2026091918, 03, AVNO, 216, 182N, 1137W, 102,  940, XX,  64, NEQ,   62,   60,   60,   59,  960,   33,  28,   0,   0, 
EP, 17, 2026091918, 03, AVNO, 222, 190N, 1138W,  97,  939, XX,  34, NEQ,  148,  169,  169,  137,  971,   43,  36,   0,   0, 
EP, 17, 2026091918, 03, AVNO, 222, 190N, 1138W,  97,  939, XX,  50, NEQ,   93,   84,   86,   93,  971,   43,  36,   0,   0, 
EP, 17, 2026091918, 03, AVNO, 222, 190N, 1138W,  97,  939, XX,  64, NEQ,   68,   62,   60,   63,  971,   43,  36,   0,   0, 
EP, 17, 2026091918, 03, AVNO, 228, 196N, 1141W,  92,  943, XX,  34, NEQ,  153,  164,  158,  132,  971,   41,  30,   0,   0, 
EP, 17, 2026091918, 03, AVNO, 228, 196N, 1141W,  92,  943, XX,  50, NEQ,   92,   92,   85,   87,  971,   41,  30,   0,   0, 
EP, 17, 2026091918, 03, AVNO, 228, 196N, 1141W,  92,  943, XX,  64, NEQ,   60,   62,   63,   69,  971,   41,  30,   0,   0, 
EP, 17, 2026091918, 03, AVNO, 234, 201N, 1143W,  92,  946, XX,  34, NEQ,  149,  161,  159,  138,  966,   41,  29,   0,   0, 
EP, 17, 2026091918, 03, AVNO, 234, 201N, 1143W,  92,  946, XX,  50, NEQ,   94,   91,   94,   88,  966,   41,  29,   0,   0, 
EP, 17, 2026091918, 03, AVNO, 234, 201N, 1143W,  92,  946, XX,  64, NEQ,   67,   62,   70,   67,  966,   41,  29,   0,   0, 
EP, 17, 2026091918, 03, AVNO, 240, 204N, 1146W,  84,  949, XX,  34, NEQ,  158,  164,  151,  145, 1005,  219,  32,   0,   0, 
EP, 17, 2026091918, 03, AVNO, 240, 204N, 1146W,  84,  949, XX,  50, NEQ,   90,   91,   88,   86, 1005,  219,  32,   0,   0, 
EP, 17, 2026091918, 03, AVNO, 240, 204N, 1146W,  84,  949, XX,  64, NEQ,   59,   59,   68,   56, 1005,  219,  32,   0,   0, 
EP, 17, 2026091918, 03, HCCA,   0, 112N, 1060W,  25,    0,   ,   0,    ,    0,    0,    0,    0, 
EP, 17, 2026091918, 03, HCCA,  12, 132N, 1064W,  29,    0,   ,   0,    ,    0,    0,    0,    0, 
EP, 17, 2026091918, 03, HCCA,  24, 147N, 1065W,  32,    0,   ,   0,    ,    0,    0,    0,    0, 
EP, 17, 2026091918, 03, HCCA,  36, 152N, 1059W,  40,    0,   ,   0,    ,    0,    0,    0,    0, 
EP, 17, 2026091918, 03, HCCA,  48, 152N, 1045W,  43,    0,   ,   0,    ,    0,    0,    0,    0, 
EP, 17, 2026091918, 03, HCCA,  60, 149N, 1030W,  50,    0,   ,   0,    ,    0,    0,    0,    0, 
EP, 17, 2026091918, 03, HCCA,  72, 147N, 1022W,  58,    0,   ,   0,    ,    0,    0,    0,    0, 
EP, 17, 2026091918, 03, HCCA,  84, 153N, 1022W,  72,    0,   ,   0,    ,    0,    0,    0,    0, 
EP, 17, 2026091918, 03, HCCA,  96, 160N, 1029W,  84,    0,   ,   0,    ,    0,    0,    0,    0, 
EP, 17, 2026091918, 03, HCCA, 108, 166N, 1040W,  97,    0,   ,   0,    ,    0,    0,    0,    0, 
EP, 17, 2026091918, 03, HCCA, 120, 168N, 1054W,  89,    0,   ,   0,    ,    0,    0,    0,    0, 
EP, 17, 2026091918, 03, HCCA, 132, 172N, 1066W,  89,    0,   ,   0,    ,    0,    0,    0,    0, 
EP, 17, 2026091918, 03, HCCA, 144, 177N, 1077W,  89,    0,   ,   0,    ,    0,    0,    0,    0, 
EP, 17, 2026091918, 03, HCCA, 156, 185N, 1088W, 104,    0,   ,   0,    ,    0,    0,    0,    0, 
EP, 17, 2026091918, 03, HCCA, 168, 197N, 1100W, 104,    0,   ,   0,    ,    0,    0,    0,    0, 
EP, 17, 2026091918, 03, HFSA,   0, 113N, 1061W,  25, 1010, XX,  34, NEQ,    0,    0,    0,    0,  -99,  -99,  93,   0,   0,    ,   0,    , 345,   8,           ,  ,  0,    ,    0,    0,    0,    0, THERMO PARAMS, -58, 139, -23, N, 10, DT, -999, SHR82, -99, 
EP, 17, 2026091918, 03, HFSA,   6, 128N, 1043W,  33, 1003, XX,  34, NEQ,    0,    0,    0,    0, 1007,   10,  65,   0,   0,    ,   0,    ,  27,  15,           ,  ,  0,    ,    0,    0,    0,    0, THERMO PARAMS, -28, -428, 170, N, 10, DT, -999, SHR82, -99, 
EP, 17, 2026091918, 03, HFSA,  12, 138N, 1056W,  35, 1009, XX,  34, NEQ,    0,    0,    0,    0,  -99,  -99, 162,   0,   0,    ,   0,    , 314,  11,           ,  ,  0,    ,    0,    0,    0,    0, THERMO PARAMS, -65, -172, 242, N, 10, DT, -999, SHR82, -99, 
EP, 17, 2026091918, 03, HFSA,  18, 141N, 1057W,  29, 1005, XX,  34, NEQ,    0,    0,    0,    0,  -99,  -99, 102,   0,   0,    ,   0,    ,  26,   5,           ,  ,  0,    ,    0,    0,    0,    0, THERMO PARAMS, 52, 24, 244, N, 10, DT, -999, SHR82, -99, 
EP, 17, 2026091918, 03, HFSA,  24, 145N, 1055W,  32, 1009, XX,  34, NEQ,    0,    0,    0,    0,  -99,  -99, 151,   0,   0,    ,   0,    ,  31,   4,           ,  ,  0,    ,    0,    0,    0,    0, THERMO PARAMS, -8, -3, 6, N, 10, DT, -999, SHR82, -99, 
EP, 17, 2026091918, 03, HFSA,  30, 147N, 1053W,  35, 1005, XX,  34, NEQ,    0,    0,    0,    0,  -99,  -99, 101,   0,   0,    ,   0,    ,  92,   4,           ,  ,  0,    ,    0,    0,    0,    0, THERMO PARAMS, -15, 121, 201, N, 10, DT, -999, SHR82, -99, 
EP, 17, 2026091918, 03, HFSA,  36, 150N, 1045W,  36, 1003, XX,  34, NEQ,    0,    0,    0,    0, 1007,    7, 102,   0,   0,    ,   0,    ,  76,   7,           ,  ,  0,    ,    0,    0,    0,    0, THERMO PARAMS, 20, -34, 295, N, 10, DT, -999, SHR82, -99, 
EP, 17, 2026091918, 03, HFSA,  42, 149N, 1038W,  39,  999, XX,  34, NEQ,    0,   23,    0,    0, 1003,   11, 118,   0,   0,    ,   0,    ,  95,   9,           ,  ,  0,    ,    0,    0,    0,    0, THERMO PARAMS, -15, -21, 223, N, 10, DT, -999, SHR82, -99, 
EP, 17, 2026091918, 03, HFSA,  48, 146N, 1033W,  43, 1002, XX,  34, NEQ,    0,    0,   65,    0, 1006,   26,  90,   0,   0,    ,   0,    , 118,   8,           ,  ,  0,    ,    0,    0,    0,    0, THERMO PARAMS, -64, -240, 554, N, 10, DT, -999, SHR82, -99, 
EP, 17, 2026091918, 03, HFSA,  54, 144N, 1026W,  54,  996, XX,  34, NEQ,    0,   73,   74,   40, 1004,   50,  28,   0,   0,    ,   0,    , 111,   8,           ,  ,  0,    ,    0,    0,    0,    0, THERMO PARAMS, -103, 460, 437, N, 10, DT, -999, SHR82, -99, 
EP, 17, 2026091918, 03, HFSA,  54, 144N, 1026W,  54,  996, XX,  50, NEQ,    0,    0,   29,    0, 1004,   50,  28,   0,   0,    ,   0,    , 111,   8,           ,  ,  0,    ,    0,    0,    0,    0, THERMO PARAMS, -103, 460, 437, N, 10, DT, -999, SHR82, -99, 
EP, 17, 2026091918, 03, HFSA,  60, 142N, 1019W,  50,  997, XX,  34, NEQ,    0,   66,   84,   86, 1001,   14,  22,   0,   0,    ,   0,    , 100,   6,           ,  ,  0,    ,    0,    0,    0,    0, THERMO PARAMS, -67, 37, 698, N, 10, DT, -999, SHR82, -99, 
EP, 17, 2026091918, 03, HFSA,  60, 142N, 1019W,  50,  997, XX,  50, NEQ,    0,   23,    0,    0, 1001,   14,  22,   0,   0,    ,   0,    , 100,   6,           ,  ,  0,    ,    0,    0,    0,    0, THERMO PARAMS, -67, 37, 698, N, 10, DT, -999, SHR82, -99, 
EP, 17, 2026091918, 03, HFSA,  66, 141N, 1019W,  59,  993, XX,  34, NEQ,   44,   89,  117,   84,  997,   15,  17,   0,   0,    ,   0,    , 108,   4,           ,  ,  0,    ,    0,    0,    0,    0, THERMO PARAMS, -38, 542, 126, N, 10, DT, -999, SHR82, -99, 
EP, 17, 2026091918, 03, HFSA,  66, 141N, 1019W,  59,  993, XX,  50, NEQ,   23,   39,   40,    0,  997,   15,  17,   0,   0,    ,   0,    , 108,   4,           ,  ,  0,    ,    0,    0,    0,    0, THERMO PARAMS, -38, 542, 126, N, 10, DT, -999, SHR82, -99, 
EP, 17, 2026091918, 03, HFSA,  72, 139N, 1016W,  59,  992, XX,  34, NEQ,   57,   91,  100,   42, 1004,   42,  14,   0,   0,    ,   0,    ,  82,   5,           ,  ,  0,    ,    0,    0,    0,    0, THERMO PARAMS, -113, 955, 680, N, 10, DT, -999, SHR82, -99, 
EP, 17, 2026091918, 03, HFSA,  72, 139N, 1016W,  59,  992, XX,  50, NEQ,    0,   39,   16,    0, 1004,   42,  14,   0,   0,    ,   0,    ,  82,   5,           ,  ,  0,    ,    0,    0,    0,    0, THERMO PARAMS, -113, 955, 680, N, 10, DT, -999, SHR82, -99, 
EP, 17, 2026091918, 03, HFSA,  78, 141N, 1015W,  66,  984, XX,  34, NEQ,   62,   79,   87,   42, 1000,   49,  20,   0,   0,    ,   0,    ,  70,   3,           ,  ,  0,    ,    0,    0,    0,    0, THERMO PARAMS, -111, 808, 1279, N, 10, DT, -999, SHR82, -99, 
EP, 17, 2026091918, 03, HFSA,  78, 141N, 1015W,  66,  984, XX,  50, NEQ,   28,   28,   39,    0, 1000,   49,  20,   0,   0,    ,   0,    ,  70,   3,           ,  ,  0,    ,    0,    0,    0,    0, THERMO PARAMS, -111, 808, 1279, N, 10, DT, -999, SHR82, -99, 
EP, 17, 2026091918, 03, HFSA,  78, 141N, 1015W,  66,  984, XX,  64, NEQ,   21,    0,    0,    0, 1000,   49,  20,   0,   0,    ,   0,    ,  70,   3,           ,  ,  0,    ,    0,    0,    0,    0, THERMO PARAMS, -111, 808, 1279, N, 10, DT, -999, SHR82, -99, 
EP, 17, 2026091918, 03, HFSA,  84, 143N, 1017W,  66,  985, XX,  34, NEQ,   73,   96,   97,   53,  997,   28,  23,   0,   0,    ,   0,    , 359,   4,           ,  ,  0,    ,    0,    0,    0,    0, THERMO PARAMS, -16, 1715, 720, N, 10, DT, -999, SHR82, -99, 
EP, 17, 2026091918, 03, HFSA,  84, 143N, 1017W,  66,  985, XX,  50, NEQ,   32,   40,   42,    0,  997,   28,  23,   0,   0,    ,   0,    , 359,   4,           ,  ,  0,    ,    0,    0,    0,    0, THERMO PARAMS, -16, 1715, 720, N, 10, DT, -999, SHR82, -99, 
EP, 17, 2026091918, 03, HFSA,  84, 143N, 1017W,  66,  985, XX,  64, NEQ,   24,    0,    0,    0,  997,   28,  23,   0,   0,    ,   0,    , 359,   4,           ,  ,  0,    ,    0,    0,    0,    0, THERMO PARAMS, -16, 1715, 720, N, 10, DT, -999, SHR82, -99, 
EP, 17, 2026091918, 03, HFSA,  90, 147N, 1019W,  67,  981, XX,  34, NEQ,   84,  108,  115,   91,  997,   36,  28,   0,   0,    ,   0,    , 353,   6,           ,  ,  0,    ,    0,    0,    0,    0, THERMO PARAMS, -13, 1419, 1331, N, 10, DT, -999, SHR82, -99, 
EP, 17, 2026091918, 03, HFSA,  90, 147N, 1019W,  67,  981, XX,  50, NEQ,   44,   52,   34,   34,  997,   36,  28,   0,   0,    ,   0,    , 353,   6,           ,  ,  0,    ,    0,    0,    0,    0, THERMO PARAMS, -13, 1419, 1331, N, 10, DT, -999, SHR82, -99, 
EP, 17, 2026091918, 03, HFSA,  90, 147N, 1019W,  67,  981, XX,  64, NEQ,   26,   28,    0,    0,  997,   36,  28,   0,   0,    ,   0,    , 353,   6,           ,  ,  0,    ,    0,    0,    0,    0, THERMO PARAMS, -13, 1419, 1331, N, 10, DT, -999, SHR82, -99, 
EP, 17, 2026091918, 03, HFSA,  96, 152N, 1027W,  76,  979, XX,  34, NEQ,  115,  121,  120,  102,  999,   40,  18,   0,   0,    ,   0,    , 311,   6,           ,  ,  0,    ,    0,    0,    0,    0, THERMO PARAMS, 91, 1141, 1267, N, 10, DT, -999, SHR82, -99, 
EP, 17, 2026091918, 03, HFSA,  96, 152N, 1027W,  76,  979, XX,  50, NEQ,   39,   44,   32,   37,  999,   40,  18,   0,   0,    ,   0,    , 311,   6,           ,  ,  0,    ,    0,    0,    0,    0, THERMO PARAMS, 91, 1141, 1267, N, 10, DT, -999, SHR82, -99, 
EP, 17, 2026091918, 03, HFSA,  96, 152N, 1027W,  76,  979, XX,  64, NEQ,   21,   18,    0,   23,  999,   40,  18,   0,   0,    ,   0,    , 311,   6,           ,  ,  0,    ,    0,    0,    0,    0, THERMO PARAMS, 91, 1141, 1267, N, 10, DT, -999, SHR82, -99, 
EP, 17, 2026091918, 03, HFSA, 102, 153N, 1033W,  88,  968, XX,  34, NEQ,  136,   92,   92,  120, 1000,   65,  19,   0,   0,    ,   0,    , 293,   3,           ,  ,  0,    ,    0,    0,    0,    0, THERMO PARAMS, 86, 1280, 2010, N, 10, DT, -999, SHR82, -99, 
EP, 17, 2026091918, 03, HFSA, 102, 153N, 1033W,  88,  968, XX,  50, NEQ,   49,   50,   53,   42, 1000,   65,  19,   0,   0,    ,   0,    , 293,   3,           ,  ,  0,    ,    0,    0,    0,    0, THERMO PARAMS, 86, 1280, 2010, N, 10, DT, -999, SHR82, -99, 
EP, 17, 2026091918, 03, HFSA, 102, 153N, 1033W,  88,  968, XX,  64, NEQ,   34,   31,   29,   28, 1000,   65,  19,   0,   0,    ,   0,    , 293,   3,           ,  ,  0,    ,    0,    0,    0,    0, THERMO PARAMS, 86, 1280, 2010, N, 10, DT, -999, SHR82, -99, 
EP, 17, 2026091918, 03, HFSA, 108, 154N, 1039W, 108,  964, XX,  34, NEQ,  138,  108,   97,  126,  996,   42,  18,   0,   0,    ,   0,    , 305,   5,           ,  ,  0,    ,    0,    0,    0,    0, THERMO PARAMS, -26, 1655, 2223, N, 10, DT, -999, SHR82, -99, 
EP, 17, 2026091918, 03, HFSA, 108, 154N, 1039W, 108,  964, XX,  50, NEQ,   55,   60,   44,   45,  996,   42,  18,   0,   0,    ,   0,    , 305,   5,           ,  ,  0,    ,    0,    0,    0,    0, THERMO PARAMS, -26, 1655, 2223, N, 10, DT, -999, SHR82, -99, 
EP, 17, 2026091918, 03, HFSA, 108, 154N, 1039W, 108,  964, XX,  64, NEQ,   42,   40,   28,   34,  996,   42,  18,   0,   0,    ,   0,    , 305,   5,           ,  ,  0,    ,    0,    0,    0,    0, THERMO PARAMS, -26, 1655, 2223, N, 10, DT, -999, SHR82, -99, 
EP, 17, 2026091918, 03, HFSA, 114, 156N, 1044W, 105,  959, XX,  34, NEQ,  139,  118,  131,  120,  995,   47,  17,   0,   0,    ,   0,    , 304,   5,           ,  ,  0,    ,    0,    0,    0,    0, THERMO PARAMS, -15, 1704, 2420, N, 10, DT, -999, SHR82, -99, 
EP, 17, 2026091918, 03, HFSA, 114, 156N, 1044W, 105,  959, XX,  50, NEQ,   62,   53,   47,   63,  995,   47,  17,   0,   0,    ,   0,    , 304,   5,           ,  ,  0,    ,    0,    0,    0,    0, THERMO PARAMS, -15, 1704, 2420, N, 10, DT, -999, SHR82, -99, 
EP, 17, 2026091918, 03, HFSA, 114, 156N, 1044W, 105,  959, XX,  64, NEQ,   40,   39,   29,   37,  995,   47,  17,   0,   0,    ,   0,    , 304,   5,           ,  ,  0,    ,    0,    0,    0,    0, THERMO PARAMS, -15, 1704, 2420, N, 10, DT, -999, SHR82, -99, 
EP, 17, 2026091918, 03, HFSA, 120, 157N, 1049W, 110,  956, XX,  34, NEQ,  149,   99,  105,  115, 1000,   60,  17,   0,   0,    ,   0,    , 302,   4,           ,  ,  0,    ,    0,    0,    0,    0, THERMO PARAMS, 68, 1656, 2572, N, 10, DT, -999, SHR82, -99, 
EP, 17, 2026091918, 03, HFSA, 120, 157N, 1049W, 110,  956, XX,  50, NEQ,   60,   55,   58,   58, 1000,   60,  17,   0,   0,    ,   0,    , 302,   4,           ,  ,  0,    ,    0,    0,    0,    0, THERMO PARAMS, 68, 1656, 2572, N, 10, DT, -999, SHR82, -99, 
EP, 17, 2026091918, 03, HFSA, 120, 157N, 1049W, 110,  956, XX,  64, NEQ,   42,   37,   34,   39, 1000,   60,  17,   0,   0,    ,   0,    , 302,   4,           ,  ,  0,    ,    0,    0,    0,    0, THERMO PARAMS, 68, 1656, 2572, N, 10, DT, -999, SHR82, -99, 
EP, 17, 2026091918, 03, HFSA, 126, 160N, 1056W, 115,  946, XX,  34, NEQ,  176,  108,  110,  100,  994,   50,  15,   0,   0,    ,   0,    , -99, -99,           ,  ,  0,    ,    0,    0,    0,    0, THERMO PARAMS, 125, 1640, 2956, N, 10, DT, -999, SHR82, -99, 
EP, 17, 2026091918, 03, HFSA, 126, 160N, 1056W, 115,  946, XX,  50, NEQ,   65,   71,   52,   55,  994,   50,  15,   0,   0,    ,   0,    , -99, -99,           ,  ,  0,    ,    0,    0,    0,    0, THERMO PARAMS, 125, 1640, 2956, N, 10, DT, -999, SHR82, -99, 
EP, 17, 2026091918, 03, HFSA, 126, 160N, 1056W, 115,  946, XX,  64, NEQ,   45,   42,   37,   42,  994,   50,  15,   0,   0,    ,   0,    , -99, -99,           ,  ,  0,    ,    0,    0,    0,    0, THERMO PARAMS, 125, 1640, 2956, N, 10, DT, -999, SHR82, -99, 
EP, 17, 2026091918, 03, TVCN,   0, 112N, 1060W,   0,    0,   ,   0,    ,    0,    0,    0,    0, 
EP, 17, 2026091918, 03, TVCN,  12, 131N, 1063W,   0,    0,   ,   0,    ,    0,    0,    0,    0, 
EP, 17, 2026091918, 03, TVCN,  24, 144N, 1065W,   0,    0,   ,   0,    ,    0,    0,    0,    0, 
EP, 17, 2026091918, 03, TVCN,  36, 151N, 1058W,   0,    0,   ,   0,    ,    0,    0,    0,    0, 
EP, 17, 2026091918, 03, TVCN,  48, 151N, 1044W,   0,    0,   ,   0,    ,    0,    0,    0,    0, 
EP, 17, 2026091918, 03, TVCN,  60, 148N, 1034W,   0,    0,   ,   0,    ,    0,    0,    0,    0, 
EP, 17, 2026091918, 03, TVCN,  72, 149N, 1029W,   0,    0,   ,   0,    ,    0,    0,    0,    0, 
EP, 17, 2026091918, 03, TVCN,  84, 154N, 1032W,   0,    0,   ,   0,    ,    0,    0,    0,    0, 
EP, 17, 2026091918, 03, TVCN,  96, 161N, 1040W,   0,    0,   ,   0,    ,    0,    0,    0,    0, 
EP, 17, 2026091918, 03, TVCN, 108, 167N, 1053W,   0,    0,   ,   0,    ,    0,    0,    0,    0, 
EP, 17, 2026091918, 03, TVCN, 120, 170N, 1066W,   0,    0,   ,   0,    ,    0,    0,    0,    0, 
EP, 17, 2026091918, 03, TVCN, 132, 172N, 1080W,   0,    0,   ,   0,    ,    0,    0,    0,    0, 
EP, 17, 2026091918, 03, TVCN, 144, 177N, 1089W,   0,    0,   ,   0,    ,    0,    0,    0,    0, 
EP, 17, 2026091918, 03, TVCN, 156, 187N, 1101W,   0,    0,   ,   0,    ,    0,    0,    0,    0, 
EP, 17, 2026091918, 03, TVCN, 168, 201N, 1116W,   0,    0,   ,   0,    ,    0,    0,    0,    0, 
EP, 17, 2026092000, 03,  UKX,   0, 122N, 1067W,  23, 1009, XX,  34, NEQ,    0,    0,    0,    0, 
EP, 17, 2026092000, 03,  UKX,   6, 132N, 1065W,  22, 1010, XX,  34, NEQ,    0,    0,    0,    0, 
EP, 17, 2026092000, 03,  UKX,  12, 142N, 1066W,  22, 1010, XX,  34, NEQ,    0,    0,    0,    0, 
EP, 17, 2026092000, 03,  UKX,  18, 149N, 1067W,  22, 1009, XX,  34, NEQ,    0,    0,    0,    0, 
EP, 17, 2026092000, 03,  UKX,  24, 152N, 1064W,  23, 1008, XX,  34, NEQ,    0,    0,    0,    0, 
EP, 17, 2026092000, 03,  UKX,  30, 156N, 1059W,  25, 1008, XX,  34, NEQ,    0,    0,    0,    0, 
EP, 17, 2026092000, 03,  UKX,  36, 156N, 1054W,  26, 1007, XX,  34, NEQ,    0,    0,    0,    0, 
EP, 17, 2026092000, 03,  UKX,  42, 152N, 1050W,  30, 1005, XX,  34, NEQ,    0,    0,    0,    0, 
EP, 17, 2026092000, 03,  UKX,  48, 150N, 1045W,  29, 1003, XX,  34, NEQ,    0,    0,    0,    0, 
EP, 17, 2026092000, 03,  UKX,  54, 147N, 1041W,  30, 1004, XX,  34, NEQ,    0,    0,    0,    0, 
EP, 17, 2026092000, 03,  UKX,  60, 146N, 1038W,  33, 1000, XX,  34, NEQ,    0,    0,    0,    0, 
EP, 17, 2026092000, 03,  UKX,  66, 147N, 1036W,  35, 1000, XX,  34, NEQ,    0,    0,   50,    0, 
EP, 17, 2026092000, 03,  UKX,  72, 151N, 1035W,  38,  996, XX,  34, NEQ,   90,   73,   60,   59, 
EP, 17, 2026092000, 03,  UKX,  78, 156N, 1038W,  42,  996, XX,  34, NEQ,  105,   82,   72,   71, 
EP, 17, 2026092000, 03,  UKX,  84, 162N, 1040W,  47,  994, XX,  34, NEQ,  132,  100,   85,   78, 
EP, 17, 2026092000, 03,  UKX,  90, 170N, 1042W,  51,  995, XX,  34, NEQ,  131,  100,   79,   87, 
EP, 17, 2026092000, 03,  UKX,  90, 170N, 1042W,  51,  995, XX,  50, NEQ,   52,    0,   29,    0, 
EP, 17, 2026092000, 03,  UKX,  96, 181N, 1045W,  56,  993, XX,  34, NEQ,   57,  101,   67,   78, 
EP, 17, 2026092000, 03,  UKX,  96, 181N, 1045W,  56,  993, XX,  50, NEQ,   43,   40,   36,    0, 
EP, 17, 2026092000, 03,  UKX, 102, 190N, 1051W,  47,  996, XX,  34, NEQ,   26,   59,   50,   58, 
EP, 17, 2026092000, 03,  UKX, 108, 201N, 1054W,  41,  998, XX,  34, NEQ,    0,    0,   38,   51, 
EP, 17, 2026092000, 03,  UKX, 114, 216N, 1057W,  25, 1003, XX,  34, NEQ,    0,    0,    0,    0, 
EP, 17, 2026092000, 03,  UKX, 120, 232N, 1068W,  22, 1004, XX,  34, NEQ,    0,    0,    0,    0, 
EP, 17, 2026092000, 03,  UKX, 126, 245N, 1075W,  18, 1007, XX,  34, NEQ,    0,    0,    0,    0, 
EP, 17, 2026092000, 03, AVNO,   0, 124N, 1052W,  23, 1008, XX,  34, NEQ,    0,    0,    0,    0,  -99,  -99,  83,   0,   0, 
EP, 17, 2026092000, 03, AVNO,   6, 135N, 1053W,  27, 1011, XX,  34, NEQ,    0,    0,    0,    0,  -99,  -99,  79,   0,   0, 
EP, 17, 2026092000, 03, AVNO,  12, 142N, 1054W,  21, 1008, XX,  34, NEQ,    0,    0,    0,    0,  -99,  -99,  89,   0,   0, 
EP, 17, 2026092000, 03, AVNO,  18, 148N, 1054W,  22, 1010, XX,  34, NEQ,    0,    0,    0,    0,  -99,  -99, 145,   0,   0, 
EP, 17, 2026092000, 03, AVNO,  24, 150N, 1055W,  23, 1008, XX,  34, NEQ,    0,    0,    0,    0,  -99,  -99,  48,   0,   0, 
EP, 17, 2026092000, 03, AVNO,  30, 149N, 1053W,  25, 1010, XX,  34, NEQ,    0,    0,    0,    0,  -99,  -99, 144,   0,   0, 
EP, 17, 2026092000, 03, AVNO,  36, 148N, 1041W,  28, 1007, XX,  34, NEQ,    0,    0,    0,    0,  -99,  -99,  62,   0,   0, 
EP, 17, 2026092000, 03, AVNO,  42, 146N, 1032W,  31, 1006, XX,  34, NEQ,    0,    0,    0,    0, 1010,   50,  25,   0,   0, 
EP, 17, 2026092000, 03, AVNO,  48, 143N, 1026W,  35, 1000, XX,  34, NEQ,    0,   33,    0,    0, 1004,   21,  32,   0,   0, 
EP, 17, 2026092000, 03, AVNO,  54, 139N, 1022W,  41,  999, XX,  34, NEQ,   28,   33,   37,    0, 1007,   44,  24,   0,   0, 
EP, 17, 2026092000, 03, AVNO,  60, 137N, 1018W,  47,  992, XX,  34, NEQ,   35,   45,   43,   35, 1008,  699,  20,   0,   0, 
EP, 17, 2026092000, 03, AVNO,  66, 134N, 1016W,  52,  990, XX,  34, NEQ,   38,   48,   44,   31, 1006,   41,  19,   0,   0, 
EP, 17, 2026092000, 03, AVNO,  66, 134N, 1016W,  52,  990, XX,  50, NEQ,   21,   23,    0,    0, 1006,   41,  19,   0,   0, 
EP, 17, 2026092000, 03, AVNO,  72, 134N, 1016W,  58,  986, XX,  34, NEQ,   42,   56,   39,   39, 1006,  120,  21,   0,   0, 
EP, 17, 2026092000, 03, AVNO,  72, 134N, 1016W,  58,  986, XX,  50, NEQ,   23,   25,    0,    0, 1006,  120,  21,   0,   0, 
EP, 17, 2026092000, 03, AVNO,  78, 133N, 1016W,  62,  985, XX,  34, NEQ,   49,   56,   49,   35, 1009,  840,  21,   0,   0, 
EP, 17, 2026092000, 03, AVNO,  78, 133N, 1016W,  62,  985, XX,  50, NEQ,   28,   29,   24,    0, 1009,  840,  21,   0,   0, 
EP, 17, 2026092000, 03, AVNO,  84, 133N, 1017W,  70,  980, XX,  34, NEQ,   59,   55,   58,   43, 1008,  118,  17,   0,   0, 
EP, 17, 2026092000, 03, AVNO,  84, 133N, 1017W,  70,  980, XX,  50, NEQ,   33,   32,   28,   27, 1008,  118,  17,   0,   0, 
EP, 17, 2026092000, 03, AVNO,  84, 133N, 1017W,  70,  980, XX,  64, NEQ,   22,   15,    0,    0, 1008,  118,  17,   0,   0, 
EP, 17, 2026092000, 03, AVNO,  90, 135N, 1019W,  75,  976, XX,  34, NEQ,   61,   68,   69,   48, 1008,   70,  22,   0,   0, 
EP, 17, 2026092000, 03, AVNO,  90, 135N, 1019W,  75,  976, XX,  50, NEQ,   33,   37,   31,   32, 1008,   70,  22,   0,   0, 
EP, 17, 2026092000, 03, AVNO,  90, 135N, 1019W,  75,  976, XX,  64, NEQ,   26,   25,   19,   20, 1008,   70,  22,   0,   0, 
EP, 17, 2026092000, 03, AVNO,  96, 136N, 1022W,  72,  973, XX,  34, NEQ,   58,   83,   71,   46,  997,   37,  25,   0,   0, 
EP, 17, 2026092000, 03, AVNO,  96, 136N, 1022W,  72,  973, XX,  50, NEQ,   33,   39,   37,   31,  997,   37,  25,   0,   0, 
EP, 17, 2026092000, 03, AVNO,  96, 136N, 1022W,  72,  973, XX,  64, NEQ,   26,   26,   25,   26,  997,   37,  25,   0,   0, 
EP, 17, 2026092000, 03, AVNO, 102, 137N, 1029W,  85,  968, XX,  34, NEQ,   59,   67,   59,   47,  984,   21,  22,   0,   0, 
EP, 17, 2026092000, 03, AVNO, 102, 137N, 1029W,  85,  968, XX,  50, NEQ,   36,   38,   34,   36,  984,   21,  22,   0,   0, 
EP, 17, 2026092000, 03, AVNO, 102, 137N, 1029W,  85,  968, XX,  64, NEQ,   28,   26,   17,   24,  984,   21,  22,   0,   0, 
EP, 17, 2026092000, 03, AVNO, 108, 135N, 1037W,  83,  967, XX,  34, NEQ,   57,   72,   76,   83,  999,   41,  19,   0,   0, 
EP, 17, 2026092000, 03, AVNO, 108, 135N, 1037W,  83,  967, XX,  50, NEQ,   35,   39,   35,   33,  999,   41,  19,   0,   0, 
EP, 17, 2026092000, 03, AVNO, 108, 135N, 1037W,  83,  967, XX,  64, NEQ,   28,   26,   26,   26,  999,   41,  19,   0,   0, 
EP, 17, 2026092000, 03, AVNO, 114, 134N, 1044W,  77,  971, XX,  34, NEQ,   70,   80,   99,   64,  983,   21,  20,   0,   0, 
EP, 17, 2026092000, 03, AVNO, 114, 134N, 1044W,  77,  971, XX,  50, NEQ,   38,   40,   28,   36,  983,   21,  20,   0,   0, 
EP, 17, 2026092000, 03, AVNO, 114, 134N, 1044W,  77,  971, XX,  64, NEQ,   31,   26,    0,   22,  983,   21,  20,   0,   0, 
EP, 17, 2026092000, 03, AVNO, 120, 133N, 1053W,  81,  965, XX,  34, NEQ,   62,   87,   97,   62,  989,   32,  17,   0,   0, 
EP, 17, 2026092000, 03, AVNO, 120, 133N, 1053W,  81,  965, XX,  50, NEQ,   40,   47,   43,   38,  989,   32,  17,   0,   0, 
EP, 17, 2026092000, 03, AVNO, 120, 133N, 1053W,  81,  965, XX,  64, NEQ,   35,   32,   27,   29,  989,   32,  17,   0,   0, 
EP, 17, 2026092000, 03, AVNO, 126, 131N, 1060W,  78,  964, XX,  34, NEQ,   65,   87,  106,   86,  976,   21,  28,   0,   0, 
EP, 17, 2026092000, 03, AVNO, 126, 131N, 1060W,  78,  964, XX,  50, NEQ,   41,   53,   46,   41,  976,   21,  28,   0,   0, 
EP, 17, 2026092000, 03, AVNO, 126, 131N, 1060W,  78,  964, XX,  64, NEQ,   32,   32,   31,   29,  976,   21,  28,   0,   0, 
EP, 17, 2026092000, 03, AVNO, 132, 131N, 1068W,  78,  963, XX,  34, NEQ,   81,  105,  103,   98,  975,   21,  14,   0,   0, 
EP, 17, 2026092000, 03, AVNO, 132, 131N, 1068W,  78,  963, XX,  50, NEQ,   44,   47,   46,   46,  975,   21,  14,   0,   0, 
EP, 17, 2026092000, 03, AVNO, 132, 131N, 1068W,  78,  963, XX,  64, NEQ,   37,   34,   29,   32,  975,   21,  14,   0,   0, 
EP, 17, 2026092000, 03, AVNO, 138, 132N, 1076W,  91,  957, XX,  34, NEQ,   87,  107,  112,   97,  989,   42,  29,   0,   0, 
EP, 17, 2026092000, 03, AVNO, 138, 132N, 1076W,  91,  957, XX,  50, NEQ,   50,   55,   56,   45,  989,   42,  29,   0,   0, 
EP, 17, 2026092000, 03, AVNO, 138, 132N, 1076W,  91,  957, XX,  64, NEQ,   41,   35,   35,   34,  989,   42,  29,   0,   0, 
EP, 17, 2026092000, 03, AVNO, 144, 132N, 1084W,  89,  952, XX,  34, NEQ,   88,  104,  101,   95, 1004,  122,  27,   0,   0, 
EP, 17, 2026092000, 03, AVNO, 144, 132N, 1084W,  89,  952, XX,  50, NEQ,   53,   51,   58,   52, 1004,  122,  27,   0,   0, 
EP, 17, 2026092000, 03, AVNO, 144, 132N, 1084W,  89,  952, XX,  64, NEQ,   39,   36,   41,   36, 1004,  122,  27,   0,   0, 
EP, 17, 2026092000, 03, AVNO, 150, 134N, 1091W, 105,  953, XX,  34, NEQ,   95,  122,  101,   96,  977,   30,  23,   0,   0, 
EP, 17, 2026092000, 03, AVNO, 150, 134N, 1091W, 105,  953, XX,  50, NEQ,   48,   57,   59,   53,  977,   30,  23,   0,   0, 
EP, 17, 2026092000, 03, AVNO, 150, 134N, 1091W, 105,  953, XX,  64, NEQ,   38,   41,   38,   38,  977,   30,  23,   0,   0, 
EP, 17, 2026092000, 03, AVNO, 156, 136N, 1098W, 100,  941, XX,  34, NEQ,  105,  121,  100,   90,  977,   33,  20,   0,   0, 
EP, 17, 2026092000, 03, AVNO, 156, 136N, 1098W, 100,  941, XX,  50, NEQ,   53,   65,   56,   51,  977,   33,  20,   0,   0, 
EP, 17, 2026092000, 03, AVNO, 156, 136N, 1098W, 100,  941, XX,  64, NEQ,   39,   47,   41,   36,  977,   33,  20,   0,   0, 
EP, 17, 2026092000, 03, AVNO, 162, 138N, 1104W,  95,  944, XX,  34, NEQ,  112,  127,  108,   94,  960,   21,  28,   0,   0, 
EP, 17, 2026092000, 03, AVNO, 162, 138N, 1104W,  95,  944, XX,  50, NEQ,   58,   71,   69,   55,  960,   21,  28,   0,   0, 
EP, 17, 2026092000, 03, AVNO, 162, 138N, 1104W,  95,  944, XX,  64, NEQ,   44,   50,   41,   41,  960,   21,  28,   0,   0, 
EP, 17, 2026092000, 03, AVNO, 168, 142N, 1109W, 109,  939, XX,  34, NEQ,  114,  148,  118,   95,  987,   48,  25,   0,   0, 
EP, 17, 2026092000, 03, AVNO, 168, 142N, 1109W, 109,  939, XX,  50, NEQ,   61,   77,   72,   58,  987,   48,  25,   0,   0, 
EP, 17, 2026092000, 03, AVNO, 168, 142N, 1109W, 109,  939, XX,  64, NEQ,   45,   48,   47,   43,  987,   48,  25,   0,   0, 
EP, 17, 2026092000, 03, AVNO, 174, 147N, 1116W,  97,  940, XX,  34, NEQ,  121,  145,  118,   98,  968,   31,  27,   0,   0, 
EP, 17, 2026092000, 03, AVNO, 174, 147N, 1116W,  97,  940, XX,  50, NEQ,   66,   76,   72,   61,  968,   31,  27,   0,   0, 
EP, 17, 2026092000, 03, AVNO, 174, 147N, 1116W,  97,  940, XX,  64, NEQ,   49,   54,   48,   46,  968,   31,  27,   0,   0, 
EP, 17, 2026092000, 03, AVNO, 180, 152N, 1122W, 105,  939, XX,  34, NEQ,  126,  149,  131,  107,  959,   18,  25,   0,   0, 
EP, 17, 2026092000, 03, AVNO, 180, 152N, 1122W, 105,  939, XX,  50, NEQ,   72,   78,   77,   66,  959,   18,  25,   0,   0, 
EP, 17, 2026092000, 03, AVNO, 180, 152N, 1122W, 105,  939, XX,  64, NEQ,   54,   54,   50,   48,  959,   18,  25,   0,   0, 
EP, 17, 2026092000, 03, AVNO, 186, 156N, 1128W, 102,  941, XX,  34, NEQ,  138,  143,  138,  115,  965,   31,  31,   0,   0, 
EP, 17, 2026092000, 03, AVNO, 186, 156N, 1128W, 102,  941, XX,  50, NEQ,   68,   87,   73,   68,  965,   31,  31,   0,   0, 
EP, 17, 2026092000, 03, AVNO, 186, 156N, 1128W, 102,  941, XX,  64, NEQ,   51,   59,   53,   50,  965,   31,  31,   0,   0, 
EP, 17, 2026092000, 03, AVNO, 192, 162N, 1135W, 102,  937, XX,  34, NEQ,  146,  147,  141,  117,  961,   31,  28,   0,   0, 
EP, 17, 2026092000, 03, AVNO, 192, 162N, 1135W, 102,  937, XX,  50, NEQ,   73,   84,   82,   72,  961,   31,  28,   0,   0, 
EP, 17, 2026092000, 03, AVNO, 192, 162N, 1135W, 102,  937, XX,  64, NEQ,   50,   56,   56,   50,  961,   31,  28,   0,   0, 
EP, 17, 2026092000, 03, AVNO, 198, 167N, 1143W, 104,  939, XX,  34, NEQ,  145,  145,  134,  126,  963,   33,  29,   0,   0, 
EP, 17, 2026092000, 03, AVNO, 198, 167N, 1143W, 104,  939, XX,  50, NEQ,   74,   82,   76,   71,  963,   33,  29,   0,   0, 
EP, 17, 2026092000, 03, AVNO, 198, 167N, 1143W, 104,  939, XX,  64, NEQ,   59,   60,   59,   53,  963,   33,  29,   0,   0, 
EP, 17, 2026092000, 03, AVNO, 204, 172N, 1151W, 106,  936, XX,  34, NEQ,  152,  148,  140,  126, 1004,  198,  26,   0,   0, 
EP, 17, 2026092000, 03, AVNO, 204, 172N, 1151W, 106,  936, XX,  50, NEQ,   77,   83,   83,   79, 1004,  198,  26,   0,   0, 
EP, 17, 2026092000, 03, AVNO, 204, 172N, 1151W, 106,  936, XX,  64, NEQ,   54,   59,   53,   52, 1004,  198,  26,   0,   0, 
EP, 17, 2026092000, 03, AVNO, 210, 177N, 1159W,  92,  939, XX,  34, NEQ,  153,  151,  135,  136,  975,   41,  29,   0,   0, 
EP, 17, 2026092000, 03, AVNO, 210, 177N, 1159W,  92,  939, XX,  50, NEQ,   91,   85,   81,   79,  975,   41,  29,   0,   0, 
EP, 17, 2026092000, 03, AVNO, 210, 177N, 1159W,  92,  939, XX,  64, NEQ,   64,   64,   61,   61,  975,   41,  29,   0,   0, 
EP, 17, 2026092000, 03, AVNO, 216, 184N, 1167W,  99,  938, XX,  34, NEQ,  148,  151,  147,  140,  954,   31,  32,   0,   0, 
EP, 17, 2026092000, 03, AVNO, 216, 184N, 1167W,  99,  938, XX,  50, NEQ,   84,   79,   75,   81,  954,   31,  32,   0,   0, 
EP, 17, 2026092000, 03, AVNO, 216, 184N, 1167W,  99,  938, XX,  64, NEQ,   66,   58,   57,   65,  954,   31,  32,   0,   0, 
EP, 17, 2026092000, 03, AVNO, 222, 192N, 1174W,  98,  944, XX,  34, NEQ,  157,  162,  133,  130,  960,   33,  44,   0,   0, 
EP, 17, 2026092000, 03, AVNO, 222, 192N, 1174W,  98,  944, XX,  50, NEQ,   89,   85,   75,   85,  960,   33,  44,   0,   0, 
EP, 17, 2026092000, 03, AVNO, 222, 192N, 1174W,  98,  944, XX,  64, NEQ,   66,   58,   54,   57,  960,   33,  44,   0,   0, 
EP, 17, 2026092000, 03, AVNO, 228, 199N, 1182W,  89,  946, XX,  34, NEQ,  161,  165,  131,  132,  962,   29,  34,   0,   0, 
EP, 17, 2026092000, 03, AVNO, 228, 199N, 1182W,  89,  946, XX,  50, NEQ,   89,   91,   78,   85,  962,   29,  34,   0,   0, 
EP, 17, 2026092000, 03, AVNO, 228, 199N, 1182W,  89,  946, XX,  64, NEQ,   58,   59,   57,   58,  962,   29,  34,   0,   0, 
EP, 17, 2026092000, 03, AVNO, 234, 207N, 1190W,  84,  952, XX,  34, NEQ,  162,  157,  133,  141,  972,   33,  34,   0,   0, 
EP, 17, 2026092000, 03, AVNO, 234, 207N, 1190W,  84,  952, XX,  50, NEQ,   87,   91,   78,   88,  972,   33,  34,   0,   0, 
EP, 17, 2026092000, 03, AVNO, 234, 207N, 1190W,  84,  952, XX,  64, NEQ,   60,   64,   49,   63,  972,   33,  34,   0,   0, 
EP, 17, 2026092000, 03, AVNO, 240, 216N, 1197W,  79,  954, XX,  34, NEQ,  158,  142,  120,  141, 1002,  177,  44,   0,   0, 
EP, 17, 2026092000, 03, AVNO, 240, 216N, 1197W,  79,  954, XX,  50, NEQ,   86,   84,   76,   84, 1002,  177,  44,   0,   0, 
EP, 17, 2026092000, 03, AVNO, 240, 216N, 1197W,  79,  954, XX,  64, NEQ,   57,   58,   52,   52, 1002,  177,  44,   0,   0, 
EP, 17, 2026092000, 03, HCCA,   0, 126N, 1063W,  25,    0,   ,   0,    ,    0,    0,    0,    0, 
EP, 17, 2026092000, 03, HCCA,  12, 144N, 1063W,  29,    0,   ,   0,    ,    0,    0,    0,    0, 
EP, 17, 2026092000, 03, HCCA,  24, 153N, 1059W,  35,    0,   ,   0,    ,    0,    0,    0,    0, 
EP, 17, 2026092000, 03, HCCA,  36, 156N, 1047W,  46,    0,   ,   0,    ,    0,    0,    0,    0, 
EP, 17, 2026092000, 03, HCCA,  48, 153N, 1033W,  54,    0,   ,   0,    ,    0,    0,    0,    0, 
EP, 17, 2026092000, 03, HCCA,  60, 150N, 1023W,  64,    0,   ,   0,    ,    0,    0,    0,    0, 
EP, 17, 2026092000, 03, HCCA,  72, 152N, 1019W,  74,    0,   ,   0,    ,    0,    0,    0,    0, 
EP, 17, 2026092000, 03, HCCA,  84, 158N, 1023W,  87,    0,   ,   0,    ,    0,    0,    0,    0, 
EP, 17, 2026092000, 03, HCCA,  96, 166N, 1032W, 107,    0,   ,   0,    ,    0,    0,    0,    0, 
EP, 17, 2026092000, 03, HCCA, 108, 171N, 1044W, 122,    0,   ,   0,    ,    0,    0,    0,    0, 
EP, 17, 2026092000, 03, HCCA, 120, 175N, 1056W, 125,    0,   ,   0,    ,    0,    0,    0,    0, 
EP, 17, 2026092000, 03, HCCA, 132, 179N, 1068W, 117,    0,   ,   0,    ,    0,    0,    0,    0, 
EP, 17, 2026092000, 03, HCCA, 144, 183N, 1080W, 117,    0,   ,   0,    ,    0,    0,    0,    0, 
EP, 17, 2026092000, 03, HCCA, 156, 190N, 1091W, 114,    0,   ,   0,    ,    0,    0,    0,    0, 
EP, 17, 2026092000, 03, HCCA, 168, 198N, 1101W, 110,    0,   ,   0,    ,    0,    0,    0,    0, 
EP, 17, 2026092000, 03, HFSA,   0, 127N, 1064W,  25, 1008, XX,  34, NEQ,    0,    0,    0,    0,  -99,  -99,  87,   0,   0,    ,   0,    , 352,   9,           ,  ,  0,    ,    0,    0,    0,    0, THERMO PARAMS, -49, 152, 154, N, 10, DT, -999, SHR82, -99, 
EP, 17, 2026092000, 03, HFSA,   6, 133N, 1062W,  34, 1010, XX,  34, NEQ,    0,    0,    0,    0,  -99,  -99, 162,   0,   0,    ,   0,    , 344,   7,           ,  ,  0,    ,    0,    0,    0,    0, THERMO PARAMS, -9999, -9999, -9999, N, 10, DT, -999, SHR82, -99, 
EP, 17, 2026092000, 03, HFSA,  12, 139N, 1056W,  34, 1001, XX,  34, NEQ,    0,    0,    0,    0, 1005,    4,  18,   0,   0,    ,   0,    ,  12,   6,           ,  ,  0,    ,    0,    0,    0,    0, THERMO PARAMS, 13, 258, 335, N, 10, DT, -999, SHR82, -99, 
EP, 17, 2026092000, 03, HFSA,  18, 146N, 1056W,  32, 1011, XX,  34, NEQ,    0,    0,    0,    0,  -99,  -99, 132,   0,   0,    ,   0,    , 348,   6,           ,  ,  0,    ,    0,    0,    0,    0, THERMO PARAMS, -29, -156, 175, N, 10, DT, -999, SHR82, -99, 
EP, 17, 2026092000, 03, HFSA,  24, 150N, 1056W,  31, 1006, XX,  34, NEQ,    0,    0,    0,    0,  -99,  -99,  87,   0,   0,    ,   0,    ,  27,   3,           ,  ,  0,    ,    0,    0,    0,    0, THERMO PARAMS, 15, -85, 84, N, 10, DT, -999, SHR82, -99, 
EP, 17, 2026092000, 03, HFSA,  30, 151N, 1053W,  30, 1010, XX,  34, NEQ,    0,    0,    0,    0,  -99,  -99, 112,   0,   0,    ,   0,    ,  75,   4,           ,  ,  0,    ,    0,    0,    0,    0, THERMO PARAMS, -4, 158, 95, N, 10, DT, -999, SHR82, -99, 
EP, 17, 2026092000, 03, HFSA,  36, 152N, 1041W,  31, 1005, XX,  34, NEQ,    0,    0,    0,    0,  -99,  -99, 119,   0,   0,    ,   0,    , 112,  10,           ,  ,  0,    ,    0,    0,    0,    0, THERMO PARAMS, -2, 206, 160, N, 10, DT, -999, SHR82, -99, 
EP, 17, 2026092000, 03, HFSA,  42, 148N, 1034W,  31, 1006, XX,  34, NEQ,    0,    0,    0,    0,  -99,  -99,  59,   0,   0,    ,   0,    , 108,   9,           ,  ,  0,    ,    0,    0,    0,    0, THERMO PARAMS, -46, -172, 232, N, 10, DT, -999, SHR82, -99, 
EP, 17, 2026092000, 03, HFSA,  48, 143N, 1023W,  37,  999, XX,  34, NEQ,    0,    0,    0,    0, 1003,    2,  42,   0,   0,    ,   0,    , 110,  10,           ,  ,  0,    ,    0,    0,    0,    0, THERMO PARAMS, -59, 82, 397, N, 10, DT, -999, SHR82, -99, 
EP, 17, 2026092000, 03, HFSA,  54, 140N, 1015W,  34, 1007, XX,  34, NEQ,    0,    0,    0,    0,  -99,  -99,  93,   0,   0,    ,   0,    , 120,   7,           ,  ,  0,    ,    0,    0,    0,    0, THERMO PARAMS, -72, -47, 196, N, 10, DT, -999, SHR82, -99, 
EP, 17, 2026092000, 03, HFSA,  60, 137N, 1015W,  43,  996, XX,  34, NEQ,    0,   15,   24,    0, 1000,   10,  21,   0,   0,    ,   0,    , 120,   5,           ,  ,  0,    ,    0,    0,    0,    0, THERMO PARAMS, -86, -76, 573, N, 10, DT, -999, SHR82, -99, 
EP, 17, 2026092000, 03, HFSA,  66, 137N, 1010W,  41,  998, XX,  34, NEQ,    0,   37,   73,    0, 1002,   10,  69,   0,   0,    ,   0,    ,  99,   7,           ,  ,  0,    ,    0,    0,    0,    0, THERMO PARAMS, -129, 203, -95, N, 10, DT, -999, SHR82, -99, 
EP, 17, 2026092000, 03, HFSA,  72, 138N, 1008W,  41,  997, XX,  34, NEQ,   37,   47,   55,    0, 1001,   29,  45,   0,   0,    ,   0,    ,  86,   3,           ,  ,  0,    ,    0,    0,    0,    0, THERMO PARAMS, -9999, -9999, -9999, N, 10, DT, -999, SHR82, -99, 
EP, 17, 2026092000, 03, HFSA,  78, 139N, 1010W,  65,  995, XX,  34, NEQ,   18,   70,  118,    0, 1003,   41, 112,   0,   0,    ,   0,    , 349,   2,           ,  ,  0,    ,    0,    0,    0,    0, THERMO PARAMS, 67, -32, 314, N, 10, DT, -999, SHR82, -99, 
EP, 17, 2026092000, 03, HFSA,  78, 139N, 1010W,  65,  995, XX,  50, NEQ,    0,   18,    0,    0, 1003,   41, 112,   0,   0,    ,   0,    , 349,   2,           ,  ,  0,    ,    0,    0,    0,    0, THERMO PARAMS, 67, -32, 314, N, 10, DT, -999, SHR82, -99, 
EP, 17, 2026092000, 03, HFSA,  84, 142N, 1016W,  55,  994, XX,  34, NEQ,   47,   87,  112,    0,  998,   15,  31,   0,   0,    ,   0,    , 308,   4,           ,  ,  0,    ,    0,    0,    0,    0, THERMO PARAMS, 65, -431, 375, N, 10, DT, -999, SHR82, -99, 
EP, 17, 2026092000, 03, HFSA,  84, 142N, 1016W,  55,  994, XX,  50, NEQ,    0,   31,    0,    0,  998,   15,  31,   0,   0,    ,   0,    , 308,   4,           ,  ,  0,    ,    0,    0,    0,    0, THERMO PARAMS, 65, -431, 375, N, 10, DT, -999, SHR82, -99, 
EP, 17, 2026092000, 03, HFSA,  90, 145N, 1019W,  48,  990, XX,  34, NEQ,   66,   96,  115,   52, 1002,   39,  44,   0,   0,    ,   0,    , 324,   5,           ,  ,  0,    ,    0,    0,    0,    0, THERMO PARAMS, 82, 1137, 352, N, 10, DT, -999, SHR82, -99, 
EP, 17, 2026092000, 03, HFSA,  96, 144N, 1022W,  62,  983, XX,  34, NEQ,  112,   84,  104,  102,  987,    6,  21,   0,   0,    ,   0,    ,  41,   1,           ,  ,  0,    ,    0,    0,    0,    0, THERMO PARAMS, -12, 1288, 1036, N, 10, DT, -999, SHR82, -99, 
EP, 17, 2026092000, 03, HFSA,  96, 144N, 1022W,  62,  983, XX,  50, NEQ,   24,   31,   19,    0,  987,    6,  21,   0,   0,    ,   0,    ,  41,   1,           ,  ,  0,    ,    0,    0,    0,    0, THERMO PARAMS, -12, 1288, 1036, N, 10, DT, -999, SHR82, -99, 
EP, 17, 2026092000, 03, HFSA, 102, 148N, 1027W,  59,  981, XX,  34, NEQ,  107,  105,  107,   94,  997,   30,  14,   0,   0,    ,   0,    , 305,   6,           ,  ,  0,    ,    0,    0,    0,    0, THERMO PARAMS, 16, 1627, 612, N, 10, DT, -999, SHR82, -99, 
EP, 17, 2026092000, 03, HFSA, 102, 148N, 1027W,  59,  981, XX,  50, NEQ,   34,   45,    0,   21,  997,   30,  14,   0,   0,    ,   0,    , 305,   6,           ,  ,  0,    ,    0,    0,    0,    0, THERMO PARAMS, 16, 1627, 612, N, 10, DT, -999, SHR82, -99, 
EP, 17, 2026092000, 03, HFSA, 108, 149N, 1034W,  77,  975, XX,  34, NEQ,  134,  104,  147,  120,  995,   38,  17,   0,   0,    ,   0,    , 318,   4,           ,  ,  0,    ,    0,    0,    0,    0, THERMO PARAMS, 13, 1631, 1168, N, 10, DT, -999, SHR82, -99, 
EP, 17, 2026092000, 03, HFSA, 108, 149N, 1034W,  77,  975, XX,  50, NEQ,   40,   45,   19,   13,  995,   38,  17,   0,   0,    ,   0,    , 318,   4,           ,  ,  0,    ,    0,    0,    0,    0, THERMO PARAMS, 13, 1631, 1168, N, 10, DT, -999, SHR82, -99, 
EP, 17, 2026092000, 03, HFSA, 108, 149N, 1034W,  77,  975, XX,  64, NEQ,   21,   28,    0,    0,  995,   38,  17,   0,   0,    ,   0,    , 318,   4,           ,  ,  0,    ,    0,    0,    0,    0, THERMO PARAMS, 13, 1631, 1168, N, 10, DT, -999, SHR82, -99, 
EP, 17, 2026092000, 03, HFSA, 114, 151N, 1043W,  68,  969, XX,  34, NEQ,  130,  120,  123,  102,  997,   42,  11,   0,   0,    ,   0,    , 294,   5,           ,  ,  0,    ,    0,    0,    0,    0, THERMO PARAMS, 68, 1180, 1394, N, 10, DT, -999, SHR82, -99, 
EP, 17, 2026092000, 03, HFSA, 114, 151N, 1043W,  68,  969, XX,  50, NEQ,   50,   86,   49,   49,  997,   42,  11,   0,   0,    ,   0,    , 294,   5,           ,  ,  0,    ,    0,    0,    0,    0, THERMO PARAMS, 68, 1180, 1394, N, 10, DT, -999, SHR82, -99, 
EP, 17, 2026092000, 03, HFSA, 114, 151N, 1043W,  68,  969, XX,  64, NEQ,   18,    0,   24,   26,  997,   42,  11,   0,   0,    ,   0,    , 294,   5,           ,  ,  0,    ,    0,    0,    0,    0, THERMO PARAMS, 68, 1180, 1394, N, 10, DT, -999, SHR82, -99, 
EP, 17, 2026092000, 03, HFSA, 120, 153N, 1048W, 103,  961, XX,  34, NEQ,  196,  107,  121,   92,  989,   32,  18,   0,   0,    ,   0,    , 320,   5,           ,  ,  0,    ,    0,    0,    0,    0, THERMO PARAMS, 98, 1432, 1898, N, 10, DT, -999, SHR82, -99, 
EP, 17, 2026092000, 03, HFSA, 120, 153N, 1048W, 103,  961, XX,  50, NEQ,   40,   57,   63,   44,  989,   32,  18,   0,   0,    ,   0,    , 320,   5,           ,  ,  0,    ,    0,    0,    0,    0, THERMO PARAMS, 98, 1432, 1898, N, 10, DT, -999, SHR82, -99, 
EP, 17, 2026092000, 03, HFSA, 120, 153N, 1048W, 103,  961, XX,  64, NEQ,   34,   40,   23,   31,  989,   32,  18,   0,   0,    ,   0,    , 320,   5,           ,  ,  0,    ,    0,    0,    0,    0, THERMO PARAMS, 98, 1432, 1898, N, 10, DT, -999, SHR82, -99, 
EP, 17, 2026092000, 03, HFSA, 126, 154N, 1061W, 109,  959, XX,  34, NEQ,  117,  107,  115,  118,  983,   24,  15,   0,   0,    ,   0,    , -99, -99,           ,  ,  0,    ,    0,    0,    0,    0, THERMO PARAMS, 63, 1843, 2436, N, 10, DT, -999, SHR82, -99, 
EP, 17, 2026092000, 03, HFSA, 126, 154N, 1061W, 109,  959, XX,  50, NEQ,   53,   63,   66,   53,  983,   24,  15,   0,   0,    ,   0,    , -99, -99,           ,  ,  0,    ,    0,    0,    0,    0, THERMO PARAMS, 63, 1843, 2436, N, 10, DT, -999, SHR82, -99, 
EP, 17, 2026092000, 03, HFSA, 126, 154N, 1061W, 109,  959, XX,  64, NEQ,   39,   55,   32,   31,  983,   24,  15,   0,   0,    ,   0,    , -99, -99,           ,  ,  0,    ,    0,    0,    0,    0, THERMO PARAMS, 63, 1843, 2436, N, 10, DT, -999, SHR82, -99, 
EP, 17, 2026092000, 03, TVCN,   0, 126N, 1063W,   0,    0,   ,   0,    ,    0,    0,    0,    0, 
EP, 17, 2026092000, 03, TVCN,  12, 142N, 1064W,   0,    0,   ,   0,    ,    0,    0,    0,    0, 
EP, 17, 2026092000, 03, TVCN,  24, 151N, 1060W,   0,    0,   ,   0,    ,    0,    0,    0,    0, 
EP, 17, 2026092000, 03, TVCN,  36, 154N, 1049W,   0,    0,   ,   0,    ,    0,    0,    0,    0, 
EP, 17, 2026092000, 03, TVCN,  48, 153N, 1037W,   0,    0,   ,   0,    ,    0,    0,    0,    0, 
EP, 17, 2026092000, 03, TVCN,  60, 151N, 1030W,   0,    0,   ,   0,    ,    0,    0,    0,    0, 
EP, 17, 2026092000, 03, TVCN,  72, 153N, 1029W,   0,    0,   ,   0,    ,    0,    0,    0,    0, 
EP, 17, 2026092000, 03, TVCN,  84, 159N, 1036W,   0,    0,   ,   0,    ,    0,    0,    0,    0, 
EP, 17, 2026092000, 03, TVCN,  96, 166N, 1048W,   0,    0,   ,   0,    ,    0,    0,    0,    0, 
EP, 17, 2026092000, 03, TVCN, 108, 170N, 1062W,   0,    0,   ,   0,    ,    0,    0,    0,    0, 
EP, 17, 2026092000, 03, TVCN, 120, 173N, 1075W,   0,    0,   ,   0,    ,    0,    0,    0,    0, 
EP, 17, 2026092000, 03, TVCN, 132, 173N, 1081W,   0,    0,   ,   0,    ,    0,    0,    0,    0, 
EP, 17, 2026092000, 03, TVCN, 144, 181N, 1096W,   0,    0,   ,   0,    ,    0,    0,    0,    0, 
EP, 17, 2026092000, 03, TVCN, 156, 190N, 1110W,   0,    0,   ,   0,    ,    0,    0,    0,    0, 
EP, 17, 2026092000, 03, TVCN, 168, 203N, 1123W,   0,    0,   ,   0,    ,    0,    0,    0,    0, 
EP, 17, 2026092006, 03, AVNO,   0, 135N, 1055W,  28, 1010, XX,  34, NEQ,    0,    0,    0,    0,  -99,  -99,  77,   0,   0, 
EP, 17, 2026092006, 03, AVNO,   6, 142N, 1061W,  24, 1008, XX,  34, NEQ,    0,    0,    0,    0,  -99,  -99,  35,   0,   0, 
EP, 17, 2026092006, 03, AVNO,  12, 144N, 1062W,  25, 1009, XX,  34, NEQ,    0,    0,    0,    0,  -99,  -99, 105,   0,   0, 
EP, 17, 2026092006, 03, AVNO,  18, 145N, 1058W,  22, 1007, XX,  34, NEQ,    0,    0,    0,    0,  -99,  -99,  62,   0,   0, 
EP, 17, 2026092006, 03, AVNO,  24, 146N, 1051W,  24, 1009, XX,  34, NEQ,    0,    0,    0,    0,  -99,  -99, 156,   0,   0, 
EP, 17, 2026092006, 03, AVNO,  30, 146N, 1042W,  27, 1004, XX,  34, NEQ,    0,    0,    0,    0, 1008,   31,  67,   0,   0, 
EP, 17, 2026092006, 03, AVNO,  36, 142N, 1031W,  30, 1006, XX,  34, NEQ,    0,    0,    0,    0, 1010,   62,  15,   0,   0, 
EP, 17, 2026092006, 03, AVNO,  42, 141N, 1022W,  33,  998, XX,  34, NEQ,    0,    0,    0,    0, 1006,   39,  18,   0,   0, 
EP, 17, 2026092006, 03, AVNO,  48, 138N, 1016W,  40,  998, XX,  34, NEQ,   27,   34,    0,    0, 1006,   37,  23,   0,   0, 
EP, 17, 2026092006, 03, AVNO,  54, 135N, 1013W,  50,  988, XX,  34, NEQ,   37,   49,   49,   37, 1008,  736,  16,   0,   0, 
EP, 17, 2026092006, 03, AVNO,  60, 132N, 1012W,  69,  981, XX,  34, NEQ,   44,   58,   52,   42, 1005,   43,  14,   0,   0, 
EP, 17, 2026092006, 03, AVNO,  60, 132N, 1012W,  69,  981, XX,  50, NEQ,   27,   31,   29,   27, 1005,   43,  14,   0,   0, 
EP, 17, 2026092006, 03, AVNO,  60, 132N, 1012W,  69,  981, XX,  64, NEQ,    0,   18,   17,    0, 1005,   43,  14,   0,   0, 
EP, 17, 2026092006, 03, AVNO,  66, 131N, 1009W,  67,  975, XX,  34, NEQ,   47,   67,   54,   40, 1003,   49,  19,   0,   0, 
EP, 17, 2026092006, 03, AVNO,  66, 131N, 1009W,  67,  975, XX,  50, NEQ,   28,   31,   30,   27, 1003,   49,  19,   0,   0, 
EP, 17, 2026092006, 03, AVNO,  66, 131N, 1009W,  67,  975, XX,  64, NEQ,   15,    0,   21,    0, 1003,   49,  19,   0,   0, 
EP, 17, 2026092006, 03, AVNO,  72, 131N, 1011W,  70,  975, XX,  34, NEQ,   62,   72,   70,   39,  999,   36,  21,   0,   0, 
EP, 17, 2026092006, 03, AVNO,  72, 131N, 1011W,  70,  975, XX,  50, NEQ,   34,   35,   32,   27,  999,   36,  21,   0,   0, 
EP, 17, 2026092006, 03, AVNO,  72, 131N, 1011W,  70,  975, XX,  64, NEQ,   22,   25,   15,    0,  999,   36,  21,   0,   0, 
EP, 17, 2026092006, 03, AVNO,  78, 132N, 1012W,  82,  967, XX,  34, NEQ,   60,   76,   77,   46,  991,   29,  19,   0,   0, 
EP, 17, 2026092006, 03, AVNO,  78, 132N, 1012W,  82,  967, XX,  50, NEQ,   32,   42,   34,   31,  991,   29,  19,   0,   0, 
EP, 17, 2026092006, 03, AVNO,  78, 132N, 1012W,  82,  967, XX,  64, NEQ,   28,   28,   22,   24,  991,   29,  19,   0,   0, 
EP, 17, 2026092006, 03, AVNO,  84, 134N, 1016W,  80,  968, XX,  34, NEQ,   73,   88,   88,   52, 1008,   97,  20,   0,   0, 
EP, 17, 2026092006, 03, AVNO,  84, 134N, 1016W,  80,  968, XX,  50, NEQ,   38,   45,   35,   30, 1008,   97,  20,   0,   0, 
EP, 17, 2026092006, 03, AVNO,  84, 134N, 1016W,  80,  968, XX,  64, NEQ,   32,   26,    0,   24, 1008,   97,  20,   0,   0, 
EP, 17, 2026092006, 03, AVNO,  90, 135N, 1021W,  78,  966, XX,  34, NEQ,   63,   91,   99,   56, 1006,  108,  23,   0,   0, 
EP, 17, 2026092006, 03, AVNO,  90, 135N, 1021W,  78,  966, XX,  50, NEQ,   37,   38,   38,   36, 1006,  108,  23,   0,   0, 
EP, 17, 2026092006, 03, AVNO,  90, 135N, 1021W,  78,  966, XX,  64, NEQ,   32,   27,   25,   28, 1006,  108,  23,   0,   0, 
EP, 17, 2026092006, 03, AVNO,  96, 132N, 1028W,  82,  962, XX,  34, NEQ,   63,   81,   84,   99,  982,   21,  17,   0,   0, 
EP, 17, 2026092006, 03, AVNO,  96, 132N, 1028W,  82,  962, XX,  50, NEQ,   39,   48,   39,   37,  982,   21,  17,   0,   0, 
EP, 17, 2026092006, 03, AVNO,  96, 132N, 1028W,  82,  962, XX,  64, NEQ,   29,   34,   28,   27,  982,   21,  17,   0,   0, 
EP, 17, 2026092006, 03, AVNO, 102, 132N, 1034W,  77,  965, XX,  34, NEQ,   77,   90,  109,   92,  989,   32,  18,   0,   0, 
EP, 17, 2026092006, 03, AVNO, 102, 132N, 1034W,  77,  965, XX,  50, NEQ,   44,   50,   45,   42,  989,   32,  18,   0,   0, 
EP, 17, 2026092006, 03, AVNO, 102, 132N, 1034W,  77,  965, XX,  64, NEQ,   35,   32,   29,   30,  989,   32,  18,   0,   0, 
EP, 17, 2026092006, 03, AVNO, 108, 131N, 1043W,  86,  964, XX,  34, NEQ,   85,   89,   99,  101, 1008,  134,  20,   0,   0, 
EP, 17, 2026092006, 03, AVNO, 108, 131N, 1043W,  86,  964, XX,  50, NEQ,   48,   54,   41,   43, 1008,  134,  20,   0,   0, 
EP, 17, 2026092006, 03, AVNO, 108, 131N, 1043W,  86,  964, XX,  64, NEQ,   33,   36,   26,   30, 1008,  134,  20,   0,   0, 
EP, 17, 2026092006, 03, AVNO, 114, 129N, 1052W,  88,  961, XX,  34, NEQ,   82,   95,  126,   95,  981,   33,  24,   0,   0, 
EP, 17, 2026092006, 03, AVNO, 114, 129N, 1052W,  88,  961, XX,  50, NEQ,   46,   52,   57,   44,  981,   33,  24,   0,   0, 
EP, 17, 2026092006, 03, AVNO, 114, 129N, 1052W,  88,  961, XX,  64, NEQ,   38,   37,   35,   35,  981,   33,  24,   0,   0, 
EP, 17, 2026092006, 03, AVNO, 120, 128N, 1061W,  83,  964, XX,  34, NEQ,   79,  109,  115,  121,  984,   33,  26,   0,   0, 
EP, 17, 2026092006, 03, AVNO, 120, 128N, 1061W,  83,  964, XX,  50, NEQ,   50,   51,   59,   48,  984,   33,  26,   0,   0, 
EP, 17, 2026092006, 03, AVNO, 120, 128N, 1061W,  83,  964, XX,  64, NEQ,   42,   39,   34,   33,  984,   33,  26,   0,   0, 
EP, 17, 2026092006, 03, AVNO, 126, 126N, 1068W,  79,  960, XX,  34, NEQ,   70,  103,   99,  104,  984,   33,  21,   0,   0, 
EP, 17, 2026092006, 03, AVNO, 126, 126N, 1068W,  79,  960, XX,  50, NEQ,   44,   52,   53,   45,  984,   33,  21,   0,   0, 
EP, 17, 2026092006, 03, AVNO, 126, 126N, 1068W,  79,  960, XX,  64, NEQ,   34,   38,   38,   31,  984,   33,  21,   0,   0, 
EP, 17, 2026092006, 03, AVNO, 132, 125N, 1075W,  79,  961, XX,  34, NEQ,   80,  100,  100,  101,  977,   19,  18,   0,   0, 
EP, 17, 2026092006, 03, AVNO, 132, 125N, 1075W,  79,  961, XX,  50, NEQ,   51,   56,   55,   50,  977,   19,  18,   0,   0, 
EP, 17, 2026092006, 03, AVNO, 132, 125N, 1075W,  79,  961, XX,  64, NEQ,   40,   35,   37,   31,  977,   19,  18,   0,   0, 
EP, 17, 2026092006, 03, AVNO, 138, 126N, 1082W,  85,  959, XX,  34, NEQ,   87,  126,  115,   96,  983,   33,  25,   0,   0, 
EP, 17, 2026092006, 03, AVNO, 138, 126N, 1082W,  85,  959, XX,  50, NEQ,   54,   60,   58,   48,  983,   33,  25,   0,   0, 
EP, 17, 2026092006, 03, AVNO, 138, 126N, 1082W,  85,  959, XX,  64, NEQ,   39,   40,   39,   33,  983,   33,  25,   0,   0, 
EP, 17, 2026092006, 03, AVNO, 144, 128N, 1089W,  98,  957, XX,  34, NEQ,  100,  158,  169,   94,  985,   39,  25,   0,   0, 
EP, 17, 2026092006, 03, AVNO, 144, 128N, 1089W,  98,  957, XX,  50, NEQ,   54,   65,   62,   51,  985,   39,  25,   0,   0, 
EP, 17, 2026092006, 03, AVNO, 144, 128N, 1089W,  98,  957, XX,  64, NEQ,   40,   45,   40,   37,  985,   39,  25,   0,   0, 
EP, 17, 2026092006, 03, AVNO, 150, 132N, 1096W, 104,  948, XX,  34, NEQ,  114,  153,  135,  101,  976,   33,  21,   0,   0, 
EP, 17, 2026092006, 03, AVNO, 150, 132N, 1096W, 104,  948, XX,  50, NEQ,   64,   69,   64,   54,  976,   33,  21,   0,   0, 
EP, 17, 2026092006, 03, AVNO, 150, 132N, 1096W, 104,  948, XX,  64, NEQ,   44,   49,   43,   39,  976,   33,  21,   0,   0, 
EP, 17, 2026092006, 03, AVNO, 156, 134N, 1102W, 102,  941, XX,  34, NEQ,  117,  146,  167,   95,  981,   32,  23,   0,   0, 
EP, 17, 2026092006, 03, AVNO, 156, 134N, 1102W, 102,  941, XX,  50, NEQ,   67,   75,   71,   51,  981,   32,  23,   0,   0, 
EP, 17, 2026092006, 03, AVNO, 156, 134N, 1102W, 102,  941, XX,  64, NEQ,   49,   49,   46,   38,  981,   32,  23,   0,   0, 
EP, 17, 2026092006, 03, AVNO, 162, 140N, 1107W, 107,  933, XX,  34, NEQ,  118,  191,  178,   94,  961,   29,  26,   0,   0, 
EP, 17, 2026092006, 03, AVNO, 162, 140N, 1107W, 107,  933, XX,  50, NEQ,   72,   82,   61,   57,  961,   29,  26,   0,   0, 
EP, 17, 2026092006, 03, AVNO, 162, 140N, 1107W, 107,  933, XX,  64, NEQ,   56,   57,   46,   43,  961,   29,  26,   0,   0, 
EP, 17, 2026092006, 03, AVNO, 168, 146N, 1112W, 103,  937, XX,  34, NEQ,  135,  151,  140,  102,  969,   33,  29,   0,   0, 
EP, 17, 2026092006, 03, AVNO, 168, 146N, 1112W, 103,  937, XX,  50, NEQ,   72,   86,   71,   60,  969,   33,  29,   0,   0, 
EP, 17, 2026092006, 03, AVNO, 168, 146N, 1112W, 103,  937, XX,  64, NEQ,   50,   54,   53,   45,  969,   33,  29,   0,   0, 
EP, 17, 2026092006, 03, AVNO, 174, 152N, 1117W, 104,  931, XX,  34, NEQ,  134,  149,  144,  110,  959,   21,  17,   0,   0, 
EP, 17, 2026092006, 03, AVNO, 174, 152N, 1117W, 104,  931, XX,  50, NEQ,   74,   81,   73,   65,  959,   21,  17,   0,   0, 
EP, 17, 2026092006, 03, AVNO, 174, 152N, 1117W, 104,  931, XX,  64, NEQ,   50,   55,   54,   47,  959,   21,  17,   0,   0, 
EP, 17, 2026092006, 03, AVNO, 180, 159N, 1123W, 104,  933, XX,  34, NEQ,  134,  146,  144,  115,  957,   32,  30,   0,   0, 
EP, 17, 2026092006, 03, AVNO, 180, 159N, 1123W, 104,  933, XX,  50, NEQ,   74,   86,   72,   70,  957,   32,  30,   0,   0, 
EP, 17, 2026092006, 03, AVNO, 180, 159N, 1123W, 104,  933, XX,  64, NEQ,   54,   60,   55,   49,  957,   32,  30,   0,   0, 
EP, 17, 2026092006, 03, AVNO, 186, 167N, 1128W, 103,  933, XX,  34, NEQ,  139,  144,  145,  114,  985,   55,  25,   0,   0, 
EP, 17, 2026092006, 03, AVNO, 186, 167N, 1128W, 103,  933, XX,  50, NEQ,   76,   86,   75,   72,  985,   55,  25,   0,   0, 
EP, 17, 2026092006, 03, AVNO, 186, 167N, 1128W, 103,  933, XX,  64, NEQ,   53,   58,   53,   55,  985,   55,  25,   0,   0, 
EP, 17, 2026092006, 03, AVNO, 192, 173N, 1136W, 108,  934, XX,  34, NEQ,  142,  141,  131,  120,  966,   41,  24,   0,   0, 
EP, 17, 2026092006, 03, AVNO, 192, 173N, 1136W, 108,  934, XX,  50, NEQ,   79,   81,   81,   74,  966,   41,  24,   0,   0, 
EP, 17, 2026092006, 03, AVNO, 192, 173N, 1136W, 108,  934, XX,  64, NEQ,   56,   55,   53,   55,  966,   41,  24,   0,   0, 
EP, 17, 2026092006, 03, AVNO, 198, 179N, 1145W, 100,  932, XX,  34, NEQ,  145,  147,  133,  129,  956,   29,  29,   0,   0, 
EP, 17, 2026092006, 03, AVNO, 198, 179N, 1145W, 100,  932, XX,  50, NEQ,   84,   86,   86,   78,  956,   29,  29,   0,   0, 
EP, 17, 2026092006, 03, AVNO, 198, 179N, 1145W, 100,  932, XX,  64, NEQ,   60,   60,   57,   58,  956,   29,  29,   0,   0, 
EP, 17, 2026092006, 03, AVNO, 204, 183N, 1153W, 108,  937, XX,  34, NEQ,  144,  139,  127,  132,  977,   47,  32,   0,   0, 
EP, 17, 2026092006, 03, AVNO, 204, 183N, 1153W, 108,  937, XX,  50, NEQ,   83,   85,   81,   75,  977,   47,  32,   0,   0, 
EP, 17, 2026092006, 03, AVNO, 204, 183N, 1153W, 108,  937, XX,  64, NEQ,   57,   60,   58,   57,  977,   47,  32,   0,   0, 
EP, 17, 2026092006, 03, AVNO, 210, 190N, 1159W, 100,  935, XX,  34, NEQ,  141,  143,  133,  131,  955,   32,  30,   0,   0, 
EP, 17, 2026092006, 03, AVNO, 210, 190N, 1159W, 100,  935, XX,  50, NEQ,   82,   77,   78,   80,  955,   32,  30,   0,   0, 
EP, 17, 2026092006, 03, AVNO, 210, 190N, 1159W, 100,  935, XX,  64, NEQ,   59,   58,   58,   57,  955,   32,  30,   0,   0, 
EP, 17, 2026092006, 03, AVNO, 216, 196N, 1169W,  99,  941, XX,  34, NEQ,  154,  149,  117,  134,  957,   31,  32,   0,   0, 
EP, 17, 2026092006, 03, AVNO, 216, 196N, 1169W,  99,  941, XX,  50, NEQ,   92,   80,   71,   85,  957,   31,  32,   0,   0, 
EP, 17, 2026092006, 03, AVNO, 216, 196N, 1169W,  99,  941, XX,  64, NEQ,   62,   59,   54,   60,  957,   31,  32,   0,   0, 
EP, 17, 2026092006, 03, AVNO, 222, 202N, 1179W,  89,  944, XX,  34, NEQ,  151,  151,  117,  135,  976,   44,  36,   0,   0, 
EP, 17, 2026092006, 03, AVNO, 222, 202N, 1179W,  89,  944, XX,  50, NEQ,   86,   87,   76,   83,  976,   44,  36,   0,   0, 
EP, 17, 2026092006, 03, AVNO, 222, 202N, 1179W,  89,  944, XX,  64, NEQ,   61,   57,   58,   55,  976,   44,  36,   0,   0, 
EP, 17, 2026092006, 03, AVNO, 228, 208N, 1189W,  89,  950, XX,  34, NEQ,  165,  164,  124,  136,  970,   34,  36,   0,   0, 
EP, 17, 2026092006, 03, AVNO, 228, 208N, 1189W,  89,  950, XX,  50, NEQ,   90,   86,   78,   89,  970,   34,  36,   0,   0, 
EP, 17, 2026092006, 03, AVNO, 228, 208N, 1189W,  89,  950, XX,  64, NEQ,   61,   57,   53,   61,  970,   34,  36,   0,   0, 
EP, 17, 2026092006, 03, AVNO, 234, 215N, 1199W,  81,  952, XX,  34, NEQ,  159,  148,  119,  138, 1004,  261,  36,   0,   0, 
EP, 17, 2026092006, 03, AVNO, 234, 215N, 1199W,  81,  952, XX,  50, NEQ,   91,   82,   77,   84, 1004,  261,  36,   0,   0, 
EP, 17, 2026092006, 03, AVNO, 234, 215N, 1199W,  81,  952, XX,  64, NEQ,   58,   58,   44,   51, 1004,  261,  36,   0,   0, 
EP, 17, 2026092006, 03, AVNO, 240, 222N, 1208W,  71,  960, XX,  34, NEQ,  159,  158,  114,  127,  976,   31,  48,   0,   0, 
EP, 17, 2026092006, 03, AVNO, 240, 222N, 1208W,  71,  960, XX,  50, NEQ,   90,   79,   71,   81,  976,   31,  48,   0,   0, 
EP, 17, 2026092006, 03, AVNO, 240, 222N, 1208W,  71,  960, XX,  64, NEQ,   60,   53,    0,   52,  976,   31,  48,   0,   0, 
EP, 17, 2026092006, 03, HCCA,   0, 134N, 1058W,  30,    0,   ,   0,    ,    0,    0,    0,    0, 
EP, 17, 2026092006, 03, HCCA,  12, 146N, 1054W,  40,    0,   ,   0,    ,    0,    0,    0,    0, 
EP, 17, 2026092006, 03, HCCA,  24, 152N, 1048W,  58,    0,   ,   0,    ,    0,    0,    0,    0, 
EP, 17, 2026092006, 03, HCCA,  36, 151N, 1038W,  88,    0,   ,   0,    ,    0,    0,    0,    0, 
EP, 17, 2026092006, 03, HCCA,  48, 148N, 1030W, 104,    0,   ,   0,    ,    0,    0,    0,    0, 
EP, 17, 2026092006, 03, HCCA,  60, 148N, 1025W, 104,    0,   ,   0,    ,    0,    0,    0,    0, 
EP, 17, 2026092006, 03, HCCA,  72, 153N, 1028W,  99,    0,   ,   0,    ,    0,    0,    0,    0, 
EP, 17, 2026092006, 03, HCCA,  84, 162N, 1035W, 112,    0,   ,   0,    ,    0,    0,    0,    0, 
EP, 17, 2026092006, 03, HCCA,  96, 173N, 1043W, 110,    0,   ,   0,    ,    0,    0,    0,    0, 
EP, 17, 2026092006, 03, HCCA, 108, 182N, 1052W, 100,    0,   ,   0,    ,    0,    0,    0,    0, 
EP, 17, 2026092006, 03, HCCA, 120, 189N, 1061W,  97,    0,   ,   0,    ,    0,    0,    0,    0, 
EP, 17, 2026092006, 03, HCCA, 132, 193N, 1072W, 114,    0,   ,   0,    ,    0,    0,    0,    0, 
EP, 17, 2026092006, 03, HCCA, 144, 195N, 1082W, 121,    0,   ,   0,    ,    0,    0,    0,    0, 
EP, 17, 2026092006, 03, HCCA, 156, 199N, 1089W, 114,    0,   ,   0,    ,    0,    0,    0,    0, 
EP, 17, 2026092006, 03, HCCA, 168, 208N, 1097W, 105,    0,   ,   0,    ,    0,    0,    0,    0, 
EP, 17, 2026092006, 03, HFSA,   0, 134N, 1058W,  29, 1005, XX,  34, NEQ,    0,    0,    0,    0, 1009,   82,  94,   0,   0,    ,   0,    , 359,   8,           ,  ,  0,    ,    0,    0,    0,    0, THERMO PARAMS, -281, -278, 404, N, 10, DT, -999, SHR82, -99, 
EP, 17, 2026092006, 03, HFSA,   6, 130N, 1067W,  40, 1005, XX,  34, NEQ,    0,   84,    0,    0,  -99,  -99,  54,   0,   0,    ,   0,    , 264,   5,           ,  ,  0,    ,    0,    0,    0,    0, THERMO PARAMS, -22, 35, 71, N, 10, DT, -999, SHR82, -99, 
EP, 17, 2026092006, 03, HFSA,  12, 140N, 1066W,  32, 1004, XX,  34, NEQ,    0,    0,    0,    0, 1008,    9,  99,   0,   0,    ,   0,    , 354,   7,           ,  ,  0,    ,    0,    0,    0,    0, THERMO PARAMS, -9999, -9999, -9999, N, 10, DT, -999, SHR82, -99, 
EP, 17, 2026092006, 03, HFSA,  18, 146N, 1063W,  33, 1006, XX,  34, NEQ,    0,    0,    0,    0,  -99,  -99,  66,   0,   0,    ,   0,    ,  37,   8,           ,  ,  0,    ,    0,    0,    0,    0, THERMO PARAMS, 6, 146, 129, N, 10, DT, -999, SHR82, -99, 
EP, 17, 2026092006, 03, HFSA,  24, 155N, 1059W,  35, 1003, XX,  34, NEQ,    0,    0,    0,    0, 1007,    9,  39,   0,   0,    ,   0,    ,  27,   6,           ,  ,  0,    ,    0,    0,    0,    0, THERMO PARAMS, -27, 208, 189, N, 10, DT, -999, SHR82, -99, 
EP, 17, 2026092006, 03, HFSA,  30, 156N, 1057W,  37, 1001, XX,  34, NEQ,    0,    0,    0,    0, 1005,   18,  98,   0,   0,    ,   0,    ,  95,   4,           ,  ,  0,    ,    0,    0,    0,    0, THERMO PARAMS, -1, 43, 283, N, 10, DT, -999, SHR82, -99, 
EP, 17, 2026092006, 03, HFSA,  36, 155N, 1052W,  39,  998, XX,  34, NEQ,    0,    0,    0,   23, 1006,   20,  20,   0,   0,    ,   0,    , 108,   6,           ,  ,  0,    ,    0,    0,    0,    0, THERMO PARAMS, -26, 441, 726, N, 10, DT, -999, SHR82, -99, 
EP, 17, 2026092006, 03, HFSA,  42, 151N, 1044W,  40,  998, XX,  34, NEQ,    0,   29,   28,   24, 1002,   30,  24,   0,   0,    ,   0,    , 108,  10,           ,  ,  0,    ,    0,    0,    0,    0, THERMO PARAMS, -47, 97, 193, N, 10, DT, -999, SHR82, -99, 
EP, 17, 2026092006, 03, HFSA,  48, 148N, 1039W,  47,  996, XX,  34, NEQ,    0,   39,   81,   49, 1000,   10,  24,   0,   0,    ,   0,    , 125,   7,           ,  ,  0,    ,    0,    0,    0,    0, THERMO PARAMS, -88, 357, 375, N, 10, DT, -999, SHR82, -99, 
EP, 17, 2026092006, 03, HFSA,  54, 145N, 1032W,  58,  990, XX,  34, NEQ,   15,   49,   66,   68, 1002,   25,  17,   0,   0,    ,   0,    , 110,   7,           ,  ,  0,    ,    0,    0,    0,    0, THERMO PARAMS, -32, 966, 617, N, 10, DT, -999, SHR82, -99, 
EP, 17, 2026092006, 03, HFSA,  54, 145N, 1032W,  58,  990, XX,  50, NEQ,    0,   21,   29,    0, 1002,   25,  17,   0,   0,    ,   0,    , 110,   7,           ,  ,  0,    ,    0,    0,    0,    0, THERMO PARAMS, -32, 966, 617, N, 10, DT, -999, SHR82, -99, 
EP, 17, 2026092006, 03, HFSA,  60, 146N, 1028W,  63,  988, XX,  34, NEQ,   28,   86,   83,   55, 1000,   20,  14,   0,   0,    ,   0,    ,  81,   4,           ,  ,  0,    ,    0,    0,    0,    0, THERMO PARAMS, -54, 1181, 991, N, 10, DT, -999, SHR82, -99, 
EP, 17, 2026092006, 03, HFSA,  60, 146N, 1028W,  63,  988, XX,  50, NEQ,    0,   24,   19,    0, 1000,   20,  14,   0,   0,    ,   0,    ,  81,   4,           ,  ,  0,    ,    0,    0,    0,    0, THERMO PARAMS, -54, 1181, 991, N, 10, DT, -999, SHR82, -99, 
EP, 17, 2026092006, 03, HFSA,  66, 147N, 1026W,  85,  980, XX,  34, NEQ,   36,   70,   76,   44, 1000,   34,  12,   0,   0,    ,   0,    ,  62,   3,           ,  ,  0,    ,    0,    0,    0,    0, THERMO PARAMS, 4, 942, 1276, N, 10, DT, -999, SHR82, -99, 
EP, 17, 2026092006, 03, HFSA,  66, 147N, 1026W,  85,  980, XX,  50, NEQ,   19,   32,   29,   16, 1000,   34,  12,   0,   0,    ,   0,    ,  62,   3,           ,  ,  0,    ,    0,    0,    0,    0, THERMO PARAMS, 4, 942, 1276, N, 10, DT, -999, SHR82, -99, 
EP, 17, 2026092006, 03, HFSA,  66, 147N, 1026W,  85,  980, XX,  64, NEQ,   15,   19,    0,    0, 1000,   34,  12,   0,   0,    ,   0,    ,  62,   3,           ,  ,  0,    ,    0,    0,    0,    0, THERMO PARAMS, 4, 942, 1276, N, 10, DT, -999, SHR82, -99, 
EP, 17, 2026092006, 03, HFSA,  72, 149N, 1028W,  81,  980, XX,  34, NEQ,   57,   83,   79,   37, 1000,   30,  12,   0,   0,    ,   0,    ,   2,   3,           ,  ,  0,    ,    0,    0,    0,    0, THERMO PARAMS, 18, 1753, 1202, N, 10, DT, -999, SHR82, -99, 
EP, 17, 2026092006, 03, HFSA,  72, 149N, 1028W,  81,  980, XX,  50, NEQ,   28,   40,   62,   16, 1000,   30,  12,   0,   0,    ,   0,    ,   2,   3,           ,  ,  0,    ,    0,    0,    0,    0, THERMO PARAMS, 18, 1753, 1202, N, 10, DT, -999, SHR82, -99, 
EP, 17, 2026092006, 03, HFSA,  72, 149N, 1028W,  81,  980, XX,  64, NEQ,   16,   18,    0,    0, 1000,   30,  12,   0,   0,    ,   0,    ,   2,   3,           ,  ,  0,    ,    0,    0,    0,    0, THERMO PARAMS, 18, 1753, 1202, N, 10, DT, -999, SHR82, -99, 
EP, 17, 2026092006, 03, HFSA,  78, 152N, 1032W,  75,  976, XX,  34, NEQ,   70,   83,   84,   78,  996,   25,  13,   0,   0,    ,   0,    , 336,   3,           ,  ,  0,    ,    0,    0,    0,    0, THERMO PARAMS, 25, 1700, 1435, N, 10, DT, -999, SHR82, -99, 
EP, 17, 2026092006, 03, HFSA,  78, 152N, 1032W,  75,  976, XX,  50, NEQ,   36,   44,   62,   26,  996,   25,  13,   0,   0,    ,   0,    , 336,   3,           ,  ,  0,    ,    0,    0,    0,    0, THERMO PARAMS, 25, 1700, 1435, N, 10, DT, -999, SHR82, -99, 
EP, 17, 2026092006, 03, HFSA,  78, 152N, 1032W,  75,  976, XX,  64, NEQ,   16,   16,    0,    0,  996,   25,  13,   0,   0,    ,   0,    , 336,   3,           ,  ,  0,    ,    0,    0,    0,    0, THERMO PARAMS, 25, 1700, 1435, N, 10, DT, -999, SHR82, -99, 
EP, 17, 2026092006, 03, HFSA,  84, 156N, 1036W,  80,  977, XX,  34, NEQ,   86,   86,   87,   63, 1001,   33,  13,   0,   0,    ,   0,    , 324,   6,           ,  ,  0,    ,    0,    0,    0,    0, THERMO PARAMS, 87, 1229, 1653, N, 10, DT, -999, SHR82, -99, 
EP, 17, 2026092006, 03, HFSA,  84, 156N, 1036W,  80,  977, XX,  50, NEQ,   32,   34,   16,   28, 1001,   33,  13,   0,   0,    ,   0,    , 324,   6,           ,  ,  0,    ,    0,    0,    0,    0, THERMO PARAMS, 87, 1229, 1653, N, 10, DT, -999, SHR82, -99, 
EP, 17, 2026092006, 03, HFSA,  84, 156N, 1036W,  80,  977, XX,  64, NEQ,   16,   18,    0,   15, 1001,   33,  13,   0,   0,    ,   0,    , 324,   6,           ,  ,  0,    ,    0,    0,    0,    0, THERMO PARAMS, 87, 1229, 1653, N, 10, DT, -999, SHR82, -99, 
EP, 17, 2026092006, 03, HFSA,  90, 157N, 1043W, 109,  969, XX,  34, NEQ,   94,   74,   78,   57,  997,   31,  13,   0,   0,    ,   0,    , 306,   4,           ,  ,  0,    ,    0,    0,    0,    0, THERMO PARAMS, 98, 1343, 1580, N, 10, DT, -999, SHR82, -99, 
EP, 17, 2026092006, 03, HFSA,  90, 157N, 1043W, 109,  969, XX,  50, NEQ,   29,   34,   32,   21,  997,   31,  13,   0,   0,    ,   0,    , 306,   4,           ,  ,  0,    ,    0,    0,    0,    0, THERMO PARAMS, 98, 1343, 1580, N, 10, DT, -999, SHR82, -99, 
EP, 17, 2026092006, 03, HFSA,  90, 157N, 1043W, 109,  969, XX,  64, NEQ,   21,   24,   21,   15,  997,   31,  13,   0,   0,    ,   0,    , 306,   4,           ,  ,  0,    ,    0,    0,    0,    0, THERMO PARAMS, 98, 1343, 1580, N, 10, DT, -999, SHR82, -99, 
EP, 17, 2026092006, 03, HFSA,  96, 159N, 1051W,  98,  968, XX,  34, NEQ,  100,   78,   74,   68, 1004,   58,  13,   0,   0,    ,   0,    , 294,   6,           ,  ,  0,    ,    0,    0,    0,    0, THERMO PARAMS, 41, 1489, 1940, N, 10, DT, -999, SHR82, -99, 
EP, 17, 2026092006, 03, HFSA,  96, 159N, 1051W,  98,  968, XX,  50, NEQ,   42,   45,   29,   28, 1004,   58,  13,   0,   0,    ,   0,    , 294,   6,           ,  ,  0,    ,    0,    0,    0,    0, THERMO PARAMS, 41, 1489, 1940, N, 10, DT, -999, SHR82, -99, 
EP, 17, 2026092006, 03, HFSA,  96, 159N, 1051W,  98,  968, XX,  64, NEQ,   23,   19,   19,   18, 1004,   58,  13,   0,   0,    ,   0,    , 294,   6,           ,  ,  0,    ,    0,    0,    0,    0, THERMO PARAMS, 41, 1489, 1940, N, 10, DT, -999, SHR82, -99, 
EP, 17, 2026092006, 03, HFSA, 102, 160N, 1061W,  87,  963, XX,  34, NEQ,  110,   83,   87,  123,  999,   46,  10,   0,   0,    ,   0,    , 273,   6,           ,  ,  0,    ,    0,    0,    0,    0, THERMO PARAMS, 51, 1543, 1908, N, 10, DT, -999, SHR82, -99, 
EP, 17, 2026092006, 03, HFSA, 102, 160N, 1061W,  87,  963, XX,  50, NEQ,   42,   42,   36,   39,  999,   46,  10,   0,   0,    ,   0,    , 273,   6,           ,  ,  0,    ,    0,    0,    0,    0, THERMO PARAMS, 51, 1543, 1908, N, 10, DT, -999, SHR82, -99, 
EP, 17, 2026092006, 03, HFSA, 102, 160N, 1061W,  87,  963, XX,  64, NEQ,   29,   28,   21,   19,  999,   46,  10,   0,   0,    ,   0,    , 273,   6,           ,  ,  0,    ,    0,    0,    0,    0, THERMO PARAMS, 51, 1543, 1908, N, 10, DT, -999, SHR82, -99, 
EP, 17, 2026092006, 03, HFSA, 108, 157N, 1069W,  90,  964, XX,  34, NEQ,  102,   83,   96,  115,  996,   36,  14,   0,   0,    ,   0,    , 259,   5,           ,  ,  0,    ,    0,    0,    0,    0, THERMO PARAMS, 76, 1089, 2000, N, 10, DT, -999, SHR82, -99, 
EP, 17, 2026092006, 03, HFSA, 108, 157N, 1069W,  90,  964, XX,  50, NEQ,   37,   42,   42,   39,  996,   36,  14,   0,   0,    ,   0,    , 259,   5,           ,  ,  0,    ,    0,    0,    0,    0, THERMO PARAMS, 76, 1089, 2000, N, 10, DT, -999, SHR82, -99, 
EP, 17, 2026092006, 03, HFSA, 108, 157N, 1069W,  90,  964, XX,  64, NEQ,   24,   28,   28,   28,  996,   36,  14,   0,   0,    ,   0,    , 259,   5,           ,  ,  0,    ,    0,    0,    0,    0, THERMO PARAMS, 76, 1089, 2000, N, 10, DT, -999, SHR82, -99, 
EP, 17, 2026092006, 03, HFSA, 114, 156N, 1075W, 104,  960, XX,  34, NEQ,   92,   87,  121,   92,  996,   44,  15,   0,   0,    ,   0,    , 257,   3,           ,  ,  0,    ,    0,    0,    0,    0, THERMO PARAMS, 98, 1099, 2080, N, 10, DT, -999, SHR82, -99, 
EP, 17, 2026092006, 03, HFSA, 114, 156N, 1075W, 104,  960, XX,  50, NEQ,   44,   49,   49,   40,  996,   44,  15,   0,   0,    ,   0,    , 257,   3,           ,  ,  0,    ,    0,    0,    0,    0, THERMO PARAMS, 98, 1099, 2080, N, 10, DT, -999, SHR82, -99, 
EP, 17, 2026092006, 03, HFSA, 114, 156N, 1075W, 104,  960, XX,  64, NEQ,   32,   32,   29,   28,  996,   44,  15,   0,   0,    ,   0,    , 257,   3,           ,  ,  0,    ,    0,    0,    0,    0, THERMO PARAMS, 98, 1099, 2080, N, 10, DT, -999, SHR82, -99, 
EP, 17, 2026092006, 03, HFSA, 120, 156N, 1082W, 110,  963, XX,  34, NEQ,   94,   96,  117,  108, 1003,   70,  16,   0,   0,    ,   0,    , 274,   4,           ,  ,  0,    ,    0,    0,    0,    0, THERMO PARAMS, 73, 1357, 2083, N, 10, DT, -999, SHR82, -99, 
EP, 17, 2026092006, 03, HFSA, 120, 156N, 1082W, 110,  963, XX,  50, NEQ,   50,   57,   71,   42, 1003,   70,  16,   0,   0,    ,   0,    , 274,   4,           ,  ,  0,    ,    0,    0,    0,    0, THERMO PARAMS, 73, 1357, 2083, N, 10, DT, -999, SHR82, -99, 
EP, 17, 2026092006, 03, HFSA, 120, 156N, 1082W, 110,  963, XX,  64, NEQ,   36,   37,   31,   29, 1003,   70,  16,   0,   0,    ,   0,    , 274,   4,           ,  ,  0,    ,    0,    0,    0,    0, THERMO PARAMS, 73, 1357, 2083, N, 10, DT, -999, SHR82, -99, 
EP, 17, 2026092006, 03, HFSA, 126, 156N, 1088W, 100,  964, XX,  34, NEQ,   86,  138,  134,  104,  996,   51,  20,   0,   0,    ,   0,    , -99, -99,           ,  ,  0,    ,    0,    0,    0,    0, THERMO PARAMS, 29, 1842, 2045, N, 10, DT, -999, SHR82, -99, 
EP, 17, 2026092006, 03, HFSA, 126, 156N, 1088W, 100,  964, XX,  50, NEQ,   49,   60,   83,   50,  996,   51,  20,   0,   0,    ,   0,    , -99, -99,           ,  ,  0,    ,    0,    0,    0,    0, THERMO PARAMS, 29, 1842, 2045, N, 10, DT, -999, SHR82, -99, 
EP, 17, 2026092006, 03, HFSA, 126, 156N, 1088W, 100,  964, XX,  64, NEQ,   32,   40,   31,   31,  996,   51,  20,   0,   0,    ,   0,    , -99, -99,           ,  ,  0,    ,    0,    0,    0,    0, THERMO PARAMS, 29, 1842, 2045, N, 10, DT, -999, SHR82, -99, 
EP, 17, 2026092006, 03, TVCN,   0, 134N, 1058W,   0,    0,   ,   0,    ,    0,    0,    0,    0, 
EP, 17, 2026092006, 03, TVCN,  12, 146N, 1057W,   0,    0,   ,   0,    ,    0,    0,    0,    0, 
EP, 17, 2026092006, 03, TVCN,  24, 151N, 1049W,   0,    0,   ,   0,    ,    0,    0,    0,    0, 
EP, 17, 2026092006, 03, TVCN,  36, 152N, 1037W,   0,    0,   ,   0,    ,    0,    0,    0,    0, 
EP, 17, 2026092006, 03, TVCN,  48, 150N, 1027W,   0,    0,   ,   0,    ,    0,    0,    0,    0, 
EP, 17, 2026092006, 03, TVCN,  60, 150N, 1024W,   0,    0,   ,   0,    ,    0,    0,    0,    0, 
EP, 17, 2026092006, 03, TVCN,  72, 155N, 1027W,   0,    0,   ,   0,    ,    0,    0,    0,    0, 
EP, 17, 2026092006, 03, TVCN,  84, 163N, 1035W,   0,    0,   ,   0,    ,    0,    0,    0,    0, 
EP, 17, 2026092006, 03, TVCN,  96, 171N, 1046W,   0,    0,   ,   0,    ,    0,    0,    0,    0, 
EP, 17, 2026092006, 03, TVCN, 108, 177N, 1058W,   0,    0,   ,   0,    ,    0,    0,    0,    0, 
EP, 17, 2026092006, 03, TVCN, 120, 183N, 1070W,   0,    0,   ,   0,    ,    0,    0,    0,    0, 
EP, 17, 2026092006, 03, TVCN, 132, 188N, 1083W,   0,    0,   ,   0,    ,    0,    0,    0,    0, 
EP, 17, 2026092006, 03, TVCN, 144, 196N, 1087W,   0,    0,   ,   0,    ,    0,    0,    0,    0, 
EP, 17, 2026092006, 03, TVCN, 156, 202N, 1099W,   0,    0,   ,   0,    ,    0,    0,    0,    0, 
EP, 17, 2026092006, 03, TVCN, 168, 210N, 1108W,   0,    0,   ,   0,    ,    0,    0,    0,    0, 
EP, 17, 2026092012, 03,  UKX,   0, 142N, 1059W,  24, 1010, XX,  34, NEQ,    0,    0,    0,    0, 
EP, 17, 2026092012, 03,  UKX,   6, 148N, 1061W,  22, 1009, XX,  34, NEQ,    0,    0,    0,    0, 
EP, 17, 2026092012, 03,  UKX,  12, 153N, 1061W,  24, 1008, XX,  34, NEQ,    0,    0,    0,    0, 
EP, 17, 2026092012, 03,  UKX,  18, 156N, 1057W,  25, 1007, XX,  34, NEQ,    0,    0,    0,    0, 
EP, 17, 2026092012, 03,  UKX,  24, 158N, 1052W,  25, 1007, XX,  34, NEQ,    0,    0,    0,    0, 
EP, 17, 2026092012, 03,  UKX,  30, 156N, 1051W,  27, 1005, XX,  34, NEQ,    0,    0,    0,    0, 
EP, 17, 2026092012, 03,  UKX,  36, 154N, 1046W,  29, 1004, XX,  34, NEQ,    0,    0,    0,    0, 
EP, 17, 2026092012, 03,  UKX,  42, 152N, 1043W,  32, 1003, XX,  34, NEQ,    0,    0,    0,    0, 
EP, 17, 2026092012, 03,  UKX,  48, 151N, 1040W,  35, 1000, XX,  34, NEQ,    0,    0,    0,   46, 
EP, 17, 2026092012, 03,  UKX,  54, 151N, 1038W,  37, 1000, XX,  34, NEQ,   62,   85,   73,   53, 
EP, 17, 2026092012, 03,  UKX,  60, 154N, 1037W,  40,  996, XX,  34, NEQ,   89,   86,   75,   66, 
EP, 17, 2026092012, 03,  UKX,  66, 160N, 1038W,  43,  997, XX,  34, NEQ,  108,   96,   78,   69, 
EP, 17, 2026092012, 03,  UKX,  72, 166N, 1040W,  47,  994, XX,  34, NEQ,  126,   89,   84,   81, 
EP, 17, 2026092012, 03,  UKX,  78, 175N, 1042W,  59,  995, XX,  34, NEQ,   97,  111,   82,   68, 
EP, 17, 2026092012, 03,  UKX,  78, 175N, 1042W,  59,  995, XX,  50, NEQ,   55,   46,   32,    0, 
EP, 17, 2026092012, 03,  UKX,  84, 188N, 1046W,  50,  995, XX,  34, NEQ,   24,   55,   69,   67, 
EP, 17, 2026092012, 03,  UKX,  90, 200N, 1051W,  33, 1000, XX,  34, NEQ,    0,    0,    0,    0, 
EP, 17, 2026092012, 03,  UKX,  96, 214N, 1054W,  30, 1003, XX,  34, NEQ,    0,    0,    0,    0, 
EP, 17, 2026092012, 03,  UKX, 102, 230N, 1060W,  19, 1006, XX,  34, NEQ,    0,    0,    0,    0, 
EP, 17, 2026092012, 03, AVNO,   0, 143N, 1060W,  22, 1008, XX,  34, NEQ,    0,    0,    0,    0,  -99,  -99,  33,   0,   0, 
EP, 17, 2026092012, 03, AVNO,   6, 148N, 1056W,  25, 1010, XX,  34, NEQ,    0,    0,    0,    0,  -99,  -99,  57,   0,   0, 
EP, 17, 2026092012, 03, AVNO,  12, 147N, 1057W,  21, 1007, XX,  34, NEQ,    0,    0,    0,    0,  -99,  -99,  59,   0,   0, 
EP, 17, 2026092012, 03, AVNO,  18, 148N, 1049W,  23, 1010, XX,  34, NEQ,    0,    0,    0,    0,  -99,  -99, 155,   0,   0, 
EP, 17, 2026092012, 03, AVNO,  24, 146N, 1038W,  26, 1007, XX,  34, NEQ,    0,    0,    0,    0,  -99,  -99,  70,   0,   0, 
EP, 17, 2026092012, 03, AVNO,  30, 144N, 1026W,  29, 1006, XX,  34, NEQ,    0,    0,    0,    0, 1010,   69,  60,   0,   0, 
EP, 17, 2026092012, 03, AVNO,  36, 142N, 1017W,  35,  999, XX,  34, NEQ,   27,    0,    0,    0, 1007,   73,  26,   0,   0, 
EP, 17, 2026092012, 03, AVNO,  42, 139N, 1011W,  43,  997, XX,  34, NEQ,   37,   53,   61,    0, 1005,   37,  22,   0,   0, 
EP, 17, 2026092012, 03, AVNO,  48, 138N, 1009W,  50,  990, XX,  34, NEQ,   41,   58,   49,   36, 1006,   80,  20,   0,   0, 
EP, 17, 2026092012, 03, AVNO,  48, 138N, 1009W,  50,  990, XX,  50, NEQ,    0,   21,    0,    0, 1006,   80,  20,   0,   0, 
EP, 17, 2026092012, 03, AVNO,  54, 136N, 1008W,  55,  986, XX,  34, NEQ,   49,   55,   56,   40, 1006,   63,  17,   0,   0, 
EP, 17, 2026092012, 03, AVNO,  54, 136N, 1008W,  55,  986, XX,  50, NEQ,   27,   27,    0,    0, 1006,   63,  17,   0,   0, 
EP, 17, 2026092012, 03, AVNO,  60, 136N, 1007W,  60,  979, XX,  34, NEQ,   48,   68,   67,   45, 1003,   50,  24,   0,   0, 
EP, 17, 2026092012, 03, AVNO,  60, 136N, 1007W,  60,  979, XX,  50, NEQ,   28,   27,   29,   29, 1003,   50,  24,   0,   0, 
EP, 17, 2026092012, 03, AVNO,  66, 138N, 1008W,  76,  972, XX,  34, NEQ,   69,   70,   65,   51, 1008,  127,  15,   0,   0, 
EP, 17, 2026092012, 03, AVNO,  66, 138N, 1008W,  76,  972, XX,  50, NEQ,   33,   33,   34,   37, 1008,  127,  15,   0,   0, 
EP, 17, 2026092012, 03, AVNO,  66, 138N, 1008W,  76,  972, XX,  64, NEQ,   25,   24,   23,   31, 1008,  127,  15,   0,   0, 
EP, 17, 2026092012, 03, AVNO,  72, 139N, 1011W,  81,  964, XX,  34, NEQ,   69,   82,   73,   58,  992,   33,  24,   0,   0, 
EP, 17, 2026092012, 03, AVNO,  72, 139N, 1011W,  81,  964, XX,  50, NEQ,   36,   40,   38,   35,  992,   33,  24,   0,   0, 
EP, 17, 2026092012, 03, AVNO,  72, 139N, 1011W,  81,  964, XX,  64, NEQ,   28,   29,   30,   29,  992,   33,  24,   0,   0, 
EP, 17, 2026092012, 03, AVNO,  78, 141N, 1014W,  89,  960, XX,  34, NEQ,  119,   95,   90,  119, 1008,  120,  23,   0,   0, 
EP, 17, 2026092012, 03, AVNO,  78, 141N, 1014W,  89,  960, XX,  50, NEQ,   44,   49,   38,   38, 1008,  120,  23,   0,   0, 
EP, 17, 2026092012, 03, AVNO,  78, 141N, 1014W,  89,  960, XX,  64, NEQ,   34,   30,   28,   30, 1008,  120,  23,   0,   0, 
EP, 17, 2026092012, 03, AVNO,  84, 141N, 1018W,  93,  955, XX,  34, NEQ,   84,   98,   95,  119,  983,   33,  20,   0,   0, 
EP, 17, 2026092012, 03, AVNO,  84, 141N, 1018W,  93,  955, XX,  50, NEQ,   46,   47,   48,   43,  983,   33,  20,   0,   0, 
EP, 17, 2026092012, 03, AVNO,  84, 141N, 1018W,  93,  955, XX,  64, NEQ,   34,   33,   35,   31,  983,   33,  20,   0,   0, 
EP, 17, 2026092012, 03, AVNO,  90, 142N, 1022W,  93,  951, XX,  34, NEQ,   87,   97,   88,   80,  975,   21,  18,   0,   0, 
EP, 17, 2026092012, 03, AVNO,  90, 142N, 1022W,  93,  951, XX,  50, NEQ,   52,   51,   49,   50,  975,   21,  18,   0,   0, 
EP, 17, 2026092012, 03, AVNO,  90, 142N, 1022W,  93,  951, XX,  64, NEQ,   38,   36,   35,   35,  975,   21,  18,   0,   0, 
EP, 17, 2026092012, 03, AVNO,  96, 143N, 1029W,  98,  944, XX,  34, NEQ,  107,   90,   90,   91,  980,   33,  20,   0,   0, 
EP, 17, 2026092012, 03, AVNO,  96, 143N, 1029W,  98,  944, XX,  50, NEQ,   53,   55,   58,   53,  980,   33,  20,   0,   0, 
EP, 17, 2026092012, 03, AVNO,  96, 143N, 1029W,  98,  944, XX,  64, NEQ,   39,   41,   40,   38,  980,   33,  20,   0,   0, 
EP, 17, 2026092012, 03, AVNO, 102, 142N, 1039W,  96,  946, XX,  34, NEQ,  106,   96,   94,  101,  962,   15,  20,   0,   0, 
EP, 17, 2026092012, 03, AVNO, 102, 142N, 1039W,  96,  946, XX,  50, NEQ,   55,   59,   59,   56,  962,   15,  20,   0,   0, 
EP, 17, 2026092012, 03, AVNO, 102, 142N, 1039W,  96,  946, XX,  64, NEQ,   41,   43,   43,   43,  962,   15,  20,   0,   0, 
EP, 17, 2026092012, 03, AVNO, 108, 141N, 1048W, 109,  938, XX,  34, NEQ,   98,   98,   98,   96,  978,   29,  14,   0,   0, 
EP, 17, 2026092012, 03, AVNO, 108, 141N, 1048W, 109,  938, XX,  50, NEQ,   52,   58,   66,   58,  978,   29,  14,   0,   0, 
EP, 17, 2026092012, 03, AVNO, 108, 141N, 1048W, 109,  938, XX,  64, NEQ,   40,   43,   47,   39,  978,   29,  14,   0,   0, 
EP, 17, 2026092012, 03, AVNO, 114, 140N, 1057W, 105,  944, XX,  34, NEQ,   97,   97,  103,   97,  972,   21,  25,   0,   0, 
EP, 17, 2026092012, 03, AVNO, 114, 140N, 1057W, 105,  944, XX,  50, NEQ,   53,   60,   65,   64,  972,   21,  25,   0,   0, 
EP, 17, 2026092012, 03, AVNO, 114, 140N, 1057W, 105,  944, XX,  64, NEQ,   40,   43,   44,   40,  972,   21,  25,   0,   0, 
EP, 17, 2026092012, 03, AVNO, 120, 137N, 1065W,  97,  947, XX,  34, NEQ,   79,  106,  118,  120,  975,   21,  25,   0,   0, 
EP, 17, 2026092012, 03, AVNO, 120, 137N, 1065W,  97,  947, XX,  50, NEQ,   50,   58,   63,   60,  975,   21,  25,   0,   0, 
EP, 17, 2026092012, 03, AVNO, 120, 137N, 1065W,  97,  947, XX,  64, NEQ,   37,   44,   50,   33,  975,   21,  25,   0,   0, 
EP, 17, 2026092012, 03, AVNO, 126, 137N, 1074W,  80,  963, XX,  34, NEQ,   84,  110,  119,  121, 1007,  133,  26,   0,   0, 
EP, 17, 2026092012, 03, AVNO, 126, 137N, 1074W,  80,  963, XX,  50, NEQ,   57,   56,   57,   65, 1007,  133,  26,   0,   0, 
EP, 17, 2026092012, 03, AVNO, 126, 137N, 1074W,  80,  963, XX,  64, NEQ,   44,   35,   45,   37, 1007,  133,  26,   0,   0, 
EP, 17, 2026092012, 03, AVNO, 132, 137N, 1080W,  84,  960, XX,  34, NEQ,   89,  139,  118,  113,  984,   32,  29,   0,   0, 
EP, 17, 2026092012, 03, AVNO, 132, 137N, 1080W,  84,  960, XX,  50, NEQ,   50,   66,   61,   48,  984,   32,  29,   0,   0, 
EP, 17, 2026092012, 03, AVNO, 132, 137N, 1080W,  84,  960, XX,  64, NEQ,   41,   43,   43,   37,  984,   32,  29,   0,   0, 
EP, 17, 2026092012, 03, AVNO, 138, 139N, 1087W,  89,  960, XX,  34, NEQ,  107,  146,  127,  105,  988,   37,  25,   0,   0, 
EP, 17, 2026092012, 03, AVNO, 138, 139N, 1087W,  89,  960, XX,  50, NEQ,   58,   64,   62,   48,  988,   37,  25,   0,   0, 
EP, 17, 2026092012, 03, AVNO, 138, 139N, 1087W,  89,  960, XX,  64, NEQ,   43,   42,   42,   37,  988,   37,  25,   0,   0, 
EP, 17, 2026092012, 03, AVNO, 144, 143N, 1093W,  90,  955, XX,  34, NEQ,  101,  173,  127,   97,  975,   29,  20,   0,   0, 
EP, 17, 2026092012, 03, AVNO, 144, 143N, 1093W,  90,  955, XX,  50, NEQ,   64,   68,   66,   54,  975,   29,  20,   0,   0, 
EP, 17, 2026092012, 03, AVNO, 144, 143N, 1093W,  90,  955, XX,  64, NEQ,   44,   47,   45,   32,  975,   29,  20,   0,   0, 
EP, 17, 2026092012, 03, AVNO, 150, 147N, 1099W,  93,  956, XX,  34, NEQ,  125,  150,  134,   93,  984,   38,  31,   0,   0, 
EP, 17, 2026092012, 03, AVNO, 150, 147N, 1099W,  93,  956, XX,  50, NEQ,   68,   72,   66,   49,  984,   38,  31,   0,   0, 
EP, 17, 2026092012, 03, AVNO, 150, 147N, 1099W,  93,  956, XX,  64, NEQ,   44,   50,   42,   37,  984,   38,  31,   0,   0, 
EP, 17, 2026092012, 03, AVNO, 156, 152N, 1104W,  93,  954, XX,  34, NEQ,  127,  145,  119,   95,  978,   33,  25,   0,   0, 
EP, 17, 2026092012, 03, AVNO, 156, 152N, 1104W,  93,  954, XX,  50, NEQ,   60,   74,   66,   54,  978,   33,  25,   0,   0, 
EP, 17, 2026092012, 03, AVNO, 156, 152N, 1104W,  93,  954, XX,  64, NEQ,   45,   51,   42,   39,  978,   33,  25,   0,   0, 
EP, 17, 2026092012, 03, AVNO, 162, 157N, 1107W, 103,  953, XX,  34, NEQ,  138,  138,  130,   94,  969,   21,  28,   0,   0, 
EP, 17, 2026092012, 03, AVNO, 162, 157N, 1107W, 103,  953, XX,  50, NEQ,   73,   83,   74,   52,  969,   21,  28,   0,   0, 
EP, 17, 2026092012, 03, AVNO, 162, 157N, 1107W, 103,  953, XX,  64, NEQ,   48,   52,   44,   40,  969,   21,  28,   0,   0, 
EP, 17, 2026092012, 03, AVNO, 168, 164N, 1112W,  97,  951, XX,  34, NEQ,  146,  131,  131,  112,  971,   30,  31,   0,   0, 
EP, 17, 2026092012, 03, AVNO, 168, 164N, 1112W,  97,  951, XX,  50, NEQ,   70,   81,   73,   55,  971,   30,  31,   0,   0, 
EP, 17, 2026092012, 03, AVNO, 168, 164N, 1112W,  97,  951, XX,  64, NEQ,   46,   50,   46,   39,  971,   30,  31,   0,   0, 
EP, 17, 2026092012, 03, AVNO, 174, 171N, 1116W,  94,  950, XX,  34, NEQ,  145,  132,  133,  114,  974,   41,  22,   0,   0, 
EP, 17, 2026092012, 03, AVNO, 174, 171N, 1116W,  94,  950, XX,  50, NEQ,   79,   84,   72,   60,  974,   41,  22,   0,   0, 
EP, 17, 2026092012, 03, AVNO, 174, 171N, 1116W,  94,  950, XX,  64, NEQ,   42,   52,   41,   45,  974,   41,  22,   0,   0, 
EP, 17, 2026092012, 03, AVNO, 180, 179N, 1122W,  96,  946, XX,  34, NEQ,  157,  141,  132,  127,  978,   41,  25,   0,   0, 
EP, 17, 2026092012, 03, AVNO, 180, 179N, 1122W,  96,  946, XX,  50, NEQ,   71,   71,   68,   70,  978,   41,  25,   0,   0, 
EP, 17, 2026092012, 03, AVNO, 180, 179N, 1122W,  96,  946, XX,  64, NEQ,   48,   49,   42,   42,  978,   41,  25,   0,   0, 
EP, 17, 2026092012, 03, AVNO, 186, 185N, 1128W,  95,  943, XX,  34, NEQ,  167,  146,  136,  121, 1007,  267,  22,   0,   0, 
EP, 17, 2026092012, 03, AVNO, 186, 185N, 1128W,  95,  943, XX,  50, NEQ,   75,   77,   66,   66, 1007,  267,  22,   0,   0, 
EP, 17, 2026092012, 03, AVNO, 186, 185N, 1128W,  95,  943, XX,  64, NEQ,   54,   54,   47,   41, 1007,  267,  22,   0,   0, 
EP, 17, 2026092012, 03, AVNO, 192, 192N, 1132W,  95,  938, XX,  34, NEQ,  147,  155,  146,  126,  962,   32,  28,   0,   0, 
EP, 17, 2026092012, 03, AVNO, 192, 192N, 1132W,  95,  938, XX,  50, NEQ,   78,   82,   66,   70,  962,   32,  28,   0,   0, 
EP, 17, 2026092012, 03, AVNO, 192, 192N, 1132W,  95,  938, XX,  64, NEQ,   57,   59,   48,   55,  962,   32,  28,   0,   0, 
EP, 17, 2026092012, 03, AVNO, 198, 199N, 1137W,  95,  939, XX,  34, NEQ,  166,  167,  142,  137,  971,   32,  31,   0,   0, 
EP, 17, 2026092012, 03, AVNO, 198, 199N, 1137W,  95,  939, XX,  50, NEQ,   78,   80,   69,   76,  971,   32,  31,   0,   0, 
EP, 17, 2026092012, 03, AVNO, 198, 199N, 1137W,  95,  939, XX,  64, NEQ,   57,   56,   53,   54,  971,   32,  31,   0,   0, 
EP, 17, 2026092012, 03, AVNO, 204, 206N, 1139W,  95,  936, XX,  34, NEQ,  161,  168,  125,  147,  964,   41,  28,   0,   0, 
EP, 17, 2026092012, 03, AVNO, 204, 206N, 1139W,  95,  936, XX,  50, NEQ,   78,   81,   79,   82,  964,   41,  28,   0,   0, 
EP, 17, 2026092012, 03, AVNO, 204, 206N, 1139W,  95,  936, XX,  64, NEQ,   63,   63,   55,   54,  964,   41,  28,   0,   0, 
EP, 17, 2026092012, 03, AVNO, 210, 214N, 1139W,  96,  939, XX,  34, NEQ,  162,  170,  142,  153,  979,   52,  31,   0,   0, 
EP, 17, 2026092012, 03, AVNO, 210, 214N, 1139W,  96,  939, XX,  50, NEQ,   82,   87,   70,   76,  979,   52,  31,   0,   0, 
EP, 17, 2026092012, 03, AVNO, 210, 214N, 1139W,  96,  939, XX,  64, NEQ,   61,   56,   54,   56,  979,   52,  31,   0,   0, 
EP, 17, 2026092012, 03, AVNO, 216, 223N, 1138W,  95,  939, XX,  34, NEQ,  173,  173,  155,  146,  963,   36,  33,   0,   0, 
EP, 17, 2026092012, 03, AVNO, 216, 223N, 1138W,  95,  939, XX,  50, NEQ,   84,   89,   82,   86,  963,   36,  33,   0,   0, 
EP, 17, 2026092012, 03, AVNO, 216, 223N, 1138W,  95,  939, XX,  64, NEQ,   62,   61,   57,   57,  963,   36,  33,   0,   0, 
EP, 17, 2026092012, 03, AVNO, 222, 233N, 1138W,  91,  944, XX,  34, NEQ,  184,  181,  153,  146,  964,   36,  32,   0,   0, 
EP, 17, 2026092012, 03, AVNO, 222, 233N, 1138W,  91,  944, XX,  50, NEQ,   93,   93,   80,   83,  964,   36,  32,   0,   0, 
EP, 17, 2026092012, 03, AVNO, 222, 233N, 1138W,  91,  944, XX,  64, NEQ,   63,   66,   63,   62,  964,   36,  32,   0,   0, 
EP, 17, 2026092012, 03, AVNO, 228, 245N, 1137W,  88,  944, XX,  34, NEQ,  149,  162,  136,  134,  956,   29,  38,   0,   0, 
EP, 17, 2026092012, 03, AVNO, 228, 245N, 1137W,  88,  944, XX,  50, NEQ,   89,   88,   86,   84,  956,   29,  38,   0,   0, 
EP, 17, 2026092012, 03, AVNO, 228, 245N, 1137W,  88,  944, XX,  64, NEQ,   63,   67,   58,   60,  956,   29,  38,   0,   0, 
EP, 17, 2026092012, 03, AVNO, 234, 257N, 1137W,  85,  951, XX,  34, NEQ,  179,  161,  134,  126,  967,   34,  34,   0,   0, 
EP, 17, 2026092012, 03, AVNO, 234, 257N, 1137W,  85,  951, XX,  50, NEQ,   86,   84,   77,   77,  967,   34,  34,   0,   0, 
EP, 17, 2026092012, 03, AVNO, 234, 257N, 1137W,  85,  951, XX,  64, NEQ,   67,   57,   58,   54,  967,   34,  34,   0,   0, 
EP, 17, 2026092012, 03, AVNO, 240, 270N, 1138W,  80,  956, XX,  34, NEQ,  189,  190,  121,  161,  996,  112,  32,   0,   0, 
EP, 17, 2026092012, 03, AVNO, 240, 270N, 1138W,  80,  956, XX,  50, NEQ,  111,   80,   67,   68,  996,  112,  32,   0,   0, 
EP, 17, 2026092012, 03, AVNO, 240, 270N, 1138W,  80,  956, XX,  64, NEQ,   68,   52,   50,   49,  996,  112,  32,   0,   0, 
EP, 17, 2026092012, 03, HCCA,   0, 140N, 1059W,  30,    0,   ,   0,    ,    0,    0,    0,    0, 
EP, 17, 2026092012, 03, HCCA,  12, 148N, 1053W,  41,    0,   ,   0,    ,    0,    0,    0,    0, 
EP, 17, 2026092012, 03, HCCA,  24, 150N, 1042W,  64,    0,   ,   0,    ,    0,    0,    0,    0, 
EP, 17, 2026092012, 03, HCCA,  36, 147N, 1032W,  89,    0,   ,   0,    ,    0,    0,    0,    0, 
EP, 17, 2026092012, 03, HCCA,  48, 143N, 1024W, 100,    0,   ,   0,    ,    0,    0,    0,    0, 
EP, 17, 2026092012, 03, HCCA,  60, 145N, 1021W, 103,    0,   ,   0,    ,    0,    0,    0,    0, 
EP, 17, 2026092012, 03, HCCA,  72, 152N, 1025W, 113,    0,   ,   0,    ,    0,    0,    0,    0, 
EP, 17, 2026092012, 03, HCCA,  84, 162N, 1033W, 129,    0,   ,   0,    ,    0,    0,    0,    0, 
EP, 17, 2026092012, 03, HCCA,  96, 169N, 1042W, 134,    0,   ,   0,    ,    0,    0,    0,    0, 
EP, 17, 2026092012, 03, HCCA, 108, 177N, 1055W, 136,    0,   ,   0,    ,    0,    0,    0,    0, 
EP, 17, 2026092012, 03, HCCA, 120, 183N, 1070W, 143,    0,   ,   0,    ,    0,    0,    0,    0, 
EP, 17, 2026092012, 03, HCCA, 132, 187N, 1085W, 144,    0,   ,   0,    ,    0,    0,    0,    0, 
EP, 17, 2026092012, 03, HCCA, 144, 193N, 1097W, 141,    0,   ,   0,    ,    0,    0,    0,    0, 
EP, 17, 2026092012, 03, HCCA, 156, 199N, 1106W, 133,    0,   ,   0,    ,    0,    0,    0,    0, 
EP, 17, 2026092012, 03, HCCA, 168, 209N, 1110W, 110,    0,   ,   0,    ,    0,    0,    0,    0, 
EP, 17, 2026092012, 03, HFSA,   0, 139N, 1060W,  29, 1002, XX,  34, NEQ,    0,    0,    0,    0, 1006,   13,  60,   0,   0,    ,   0,    ,  10,   6,           ,  ,  0,    ,    0,    0,    0,    0, THERMO PARAMS, 4, 77, 215, N, 10, DT, -999, SHR82, -99, 
EP, 17, 2026092012, 03, HFSA,   6, 147N, 1056W,  30, 1010, XX,  34, NEQ,    0,    0,    0,    0,  -99,  -99, 160,   0,   0,    ,   0,    , 359,   8,           ,  ,  0,    ,    0,    0,    0,    0, THERMO PARAMS, -33, 17, 40, N, 10, DT, -999, SHR82, -99, 
EP, 17, 2026092012, 03, HFSA,  12, 146N, 1053W,  28, 1004, XX,  34, NEQ,    0,    0,    0,    0, 1008,   36, 138,   0,   0,    ,   0,    ,  84,   5,           ,  ,  0,    ,    0,    0,    0,    0, THERMO PARAMS, 10, 88, 217, N, 10, DT, -999, SHR82, -99, 
EP, 17, 2026092012, 03, HFSA,  18, 148N, 1045W,  35, 1006, XX,  34, NEQ,    0,    0,    0,    0, 1010,    9, 102,   0,   0,    ,   0,    ,  85,   8,           ,  ,  0,    ,    0,    0,    0,    0, THERMO PARAMS, -12, -10, 160, N, 10, DT, -999, SHR82, -99, 
EP, 17, 2026092012, 03, HFSA,  24, 146N, 1038W,  33, 1005, XX,  34, NEQ,    0,    0,    0,    0,  -99,  -99,  27,   0,   0,    ,   0,    , 109,   9,           ,  ,  0,    ,    0,    0,    0,    0, THERMO PARAMS, -21, -56, -1, N, 10, DT, -999, SHR82, -99, 
EP, 17, 2026092012, 03, HFSA,  30, 142N, 1027W,  35, 1004, XX,  34, NEQ,    0,    0,    6,    0, 1008,   11,   3,   0,   0,    ,   0,    , 105,  12,           ,  ,  0,    ,    0,    0,    0,    0, THERMO PARAMS, -31, -6, 182, N, 10, DT, -999, SHR82, -99, 
EP, 17, 2026092012, 03, HFSA,  36, 140N, 1013W,  42, 1001, XX,  34, NEQ,    0,    0,    6,    0, 1005,   20,  75,   0,   0,    ,   0,    , 101,  13,           ,  ,  0,    ,    0,    0,    0,    0, THERMO PARAMS, -42, -324, 140, N, 10, DT, -999, SHR82, -99, 
EP, 17, 2026092012, 03, HFSA,  42, 139N, 1002W,  40, 1001, XX,  34, NEQ,    0,   36,   36,    0, 1005,   17,  67,   0,   0,    ,   0,    , 104,   9,           ,  ,  0,    ,    0,    0,    0,    0, THERMO PARAMS, -57, 3, 171, N, 10, DT, -999, SHR82, -99, 
EP, 17, 2026092012, 03, HFSA,  48, 138N,  996W,  49,  995, XX,  34, NEQ,    0,   28,   36,  104, 1003,   18,  16,   0,   0,    ,   0,    , 100,   7,           ,  ,  0,    ,    0,    0,    0,    0, THERMO PARAMS, -40, 101, 132, N, 10, DT, -999, SHR82, -99, 
EP, 17, 2026092012, 03, HFSA,  54, 143N,  995W,  47,  996, XX,  34, NEQ,   24,   26,   28,    0, 1004,   23,  12,   0,   0,    ,   0,    ,  15,   3,           ,  ,  0,    ,    0,    0,    0,    0, THERMO PARAMS, 39, 947, 146, N, 10, DT, -999, SHR82, -99, 
EP, 17, 2026092012, 03, HFSA,  60, 143N,  998W,  60,  987, XX,  34, NEQ,   29,   28,   34,   23,  995,   11,   9,   0,   0,    ,   0,    , 203,   0,           ,  ,  0,    ,    0,    0,    0,    0, THERMO PARAMS, 121, 920, 873, N, 10, DT, -999, SHR82, -99, 
EP, 17, 2026092012, 03, HFSA,  60, 143N,  998W,  60,  987, XX,  50, NEQ,   18,   10,    0,    0,  995,   11,   9,   0,   0,    ,   0,    , 203,   0,           ,  ,  0,    ,    0,    0,    0,    0, THERMO PARAMS, 121, 920, 873, N, 10, DT, -999, SHR82, -99, 
EP, 17, 2026092012, 03, HFSA,  66, 143N, 1000W,  46,  993, XX,  34, NEQ,   34,   58,   60,   11, 1001,   20,  26,   0,   0,    ,   0,    , 356,   2,           ,  ,  0,    ,    0,    0,    0,    0, THERMO PARAMS, 14, 888, 332, N, 10, DT, -999, SHR82, -99, 
EP, 17, 2026092012, 03, HFSA,  72, 146N, 1003W,  52,  989, XX,  34, NEQ,  118,   91,  108,   65,  997,   18,  96,   0,   0,    ,   0,    , 350,   4,           ,  ,  0,    ,    0,    0,    0,    0, THERMO PARAMS, 16, 1021, 817, N, 10, DT, -999, SHR82, -99, 
EP, 17, 2026092012, 03, HFSA,  78, 148N, 1009W,  56,  987, XX,  34, NEQ,  126,   84,   87,   97,  999,   28,  25,   0,   0,    ,   0,    , 301,   3,           ,  ,  0,    ,    0,    0,    0,    0, THERMO PARAMS, 85, 1052, 1136, N, 10, DT, -999, SHR82, -99, 
EP, 17, 2026092012, 03, HFSA,  78, 148N, 1009W,  56,  987, XX,  50, NEQ,   16,   16,    0,   29,  999,   28,  25,   0,   0,    ,   0,    , 301,   3,           ,  ,  0,    ,    0,    0,    0,    0, THERMO PARAMS, 85, 1052, 1136, N, 10, DT, -999, SHR82, -99, 
EP, 17, 2026092012, 03, HFSA,  84, 148N, 1013W,  80,  970, XX,  34, NEQ,   84,   74,   74,   91, 1002,   65,  14,   0,   0,    ,   0,    , 352,   1,           ,  ,  0,    ,    0,    0,    0,    0, THERMO PARAMS, 103, 1327, 1503, N, 10, DT, -999, SHR82, -99, 
EP, 17, 2026092012, 03, HFSA,  84, 148N, 1013W,  80,  970, XX,  50, NEQ,   21,   37,   40,   26, 1002,   65,  14,   0,   0,    ,   0,    , 352,   1,           ,  ,  0,    ,    0,    0,    0,    0, THERMO PARAMS, 103, 1327, 1503, N, 10, DT, -999, SHR82, -99, 
EP, 17, 2026092012, 03, HFSA,  84, 148N, 1013W,  80,  970, XX,  64, NEQ,   16,   24,   21,   13, 1002,   65,  14,   0,   0,    ,   0,    , 352,   1,           ,  ,  0,    ,    0,    0,    0,    0, THERMO PARAMS, 103, 1327, 1503, N, 10, DT, -999, SHR82, -99, 
EP, 17, 2026092012, 03, HFSA,  90, 151N, 1018W,  77,  967, XX,  34, NEQ,  120,  105,  105,   94, 1003,   56,  14,   0,   0,    ,   0,    , 295,   5,           ,  ,  0,    ,    0,    0,    0,    0, THERMO PARAMS, 49, 1665, 1895, N, 10, DT, -999, SHR82, -99, 
EP, 17, 2026092012, 03, HFSA,  90, 151N, 1018W,  77,  967, XX,  50, NEQ,   32,   39,   40,   44, 1003,   56,  14,   0,   0,    ,   0,    , 295,   5,           ,  ,  0,    ,    0,    0,    0,    0, THERMO PARAMS, 49, 1665, 1895, N, 10, DT, -999, SHR82, -99, 
EP, 17, 2026092012, 03, HFSA,  90, 151N, 1018W,  77,  967, XX,  64, NEQ,   19,   19,   21,   23, 1003,   56,  14,   0,   0,    ,   0,    , 295,   5,           ,  ,  0,    ,    0,    0,    0,    0, THERMO PARAMS, 49, 1665, 1895, N, 10, DT, -999, SHR82, -99, 
EP, 17, 2026092012, 03, HFSA,  96, 153N, 1024W,  96,  954, XX,  34, NEQ,  139,   83,  110,  105,  998,   43,  11,   0,   0,    ,   0,    , 308,   5,           ,  ,  0,    ,    0,    0,    0,    0, THERMO PARAMS, 63, 1812, 2553, N, 10, DT, -999, SHR82, -99, 
EP, 17, 2026092012, 03, HFSA,  96, 153N, 1024W,  96,  954, XX,  50, NEQ,   55,   49,   45,   42,  998,   43,  11,   0,   0,    ,   0,    , 308,   5,           ,  ,  0,    ,    0,    0,    0,    0, THERMO PARAMS, 63, 1812, 2553, N, 10, DT, -999, SHR82, -99, 
EP, 17, 2026092012, 03, HFSA,  96, 153N, 1024W,  96,  954, XX,  64, NEQ,   29,   28,   28,   26,  998,   43,  11,   0,   0,    ,   0,    , 308,   5,           ,  ,  0,    ,    0,    0,    0,    0, THERMO PARAMS, 63, 1812, 2553, N, 10, DT, -999, SHR82, -99, 
EP, 17, 2026092012, 03, HFSA, 102, 158N, 1034W,  95,  951, XX,  34, NEQ,  154,   78,   84,  121, 1003,   62,  19,   0,   0,    ,   0,    , 292,   9,           ,  ,  0,    ,    0,    0,    0,    0, THERMO PARAMS, 135, 1565, 2322, N, 10, DT, -999, SHR82, -99, 
EP, 17, 2026092012, 03, HFSA, 102, 158N, 1034W,  95,  951, XX,  50, NEQ,   49,   45,   44,   47, 1003,   62,  19,   0,   0,    ,   0,    , 292,   9,           ,  ,  0,    ,    0,    0,    0,    0, THERMO PARAMS, 135, 1565, 2322, N, 10, DT, -999, SHR82, -99, 
EP, 17, 2026092012, 03, HFSA, 102, 158N, 1034W,  95,  951, XX,  64, NEQ,   32,   32,   32,   26, 1003,   62,  19,   0,   0,    ,   0,    , 292,   9,           ,  ,  0,    ,    0,    0,    0,    0, THERMO PARAMS, 135, 1565, 2322, N, 10, DT, -999, SHR82, -99, 
EP, 17, 2026092012, 03, HFSA, 108, 159N, 1046W, 120,  951, XX,  34, NEQ,  144,   71,  123,  107,  991,   32,  16,   0,   0,    ,   0,    , 280,   8,           ,  ,  0,    ,    0,    0,    0,    0, THERMO PARAMS, 140, 1516, 1905, N, 10, DT, -999, SHR82, -99, 
EP, 17, 2026092012, 03, HFSA, 108, 159N, 1046W, 120,  951, XX,  50, NEQ,   50,   42,   44,   44,  991,   32,  16,   0,   0,    ,   0,    , 280,   8,           ,  ,  0,    ,    0,    0,    0,    0, THERMO PARAMS, 140, 1516, 1905, N, 10, DT, -999, SHR82, -99, 
EP, 17, 2026092012, 03, HFSA, 108, 159N, 1046W, 120,  951, XX,  64, NEQ,   34,   34,   31,   32,  991,   32,  16,   0,   0,    ,   0,    , 280,   8,           ,  ,  0,    ,    0,    0,    0,    0, THERMO PARAMS, 140, 1516, 1905, N, 10, DT, -999, SHR82, -99, 
EP, 17, 2026092012, 03, HFSA, 114, 158N, 1060W, 119,  952, XX,  34, NEQ,  121,   97,  112,  125,  996,   44,  16,   0,   0,    ,   0,    , 267,   9,           ,  ,  0,    ,    0,    0,    0,    0, THERMO PARAMS, 89, 1989, 2303, N, 10, DT, -999, SHR82, -99, 
EP, 17, 2026092012, 03, HFSA, 114, 158N, 1060W, 119,  952, XX,  50, NEQ,   49,   62,   55,   47,  996,   44,  16,   0,   0,    ,   0,    , 267,   9,           ,  ,  0,    ,    0,    0,    0,    0, THERMO PARAMS, 89, 1989, 2303, N, 10, DT, -999, SHR82, -99, 
EP, 17, 2026092012, 03, HFSA, 114, 158N, 1060W, 119,  952, XX,  64, NEQ,   29,   28,   29,   31,  996,   44,  16,   0,   0,    ,   0,    , 267,   9,           ,  ,  0,    ,    0,    0,    0,    0, THERMO PARAMS, 89, 1989, 2303, N, 10, DT, -999, SHR82, -99, 
EP, 17, 2026092012, 03, HFSA, 120, 158N, 1069W, 107,  957, XX,  34, NEQ,  128,  117,  107,  108, 1001,   77,  15,   0,   0,    ,   0,    , 269,   6,           ,  ,  0,    ,    0,    0,    0,    0, THERMO PARAMS, 60, 1612, 2140, N, 10, DT, -999, SHR82, -99, 
EP, 17, 2026092012, 03, HFSA, 120, 158N, 1069W, 107,  957, XX,  50, NEQ,   57,   60,   66,   49, 1001,   77,  15,   0,   0,    ,   0,    , 269,   6,           ,  ,  0,    ,    0,    0,    0,    0, THERMO PARAMS, 60, 1612, 2140, N, 10, DT, -999, SHR82, -99, 
EP, 17, 2026092012, 03, HFSA, 120, 158N, 1069W, 107,  957, XX,  64, NEQ,   40,   40,   40,   31, 1001,   77,  15,   0,   0,    ,   0,    , 269,   6,           ,  ,  0,    ,    0,    0,    0,    0, THERMO PARAMS, 60, 1612, 2140, N, 10, DT, -999, SHR82, -99, 
EP, 17, 2026092012, 03, HFSA, 126, 159N, 1078W, 106,  963, XX,  34, NEQ,  117,   92,  138,  112, 1003,   84,  20,   0,   0,    ,   0,    , -99, -99,           ,  ,  0,    ,    0,    0,    0,    0, THERMO PARAMS, 70, 1428, 2033, N, 10, DT, -999, SHR82, -99, 
EP, 17, 2026092012, 03, HFSA, 126, 159N, 1078W, 106,  963, XX,  50, NEQ,   62,   58,   63,   57, 1003,   84,  20,   0,   0,    ,   0,    , -99, -99,           ,  ,  0,    ,    0,    0,    0,    0, THERMO PARAMS, 70, 1428, 2033, N, 10, DT, -999, SHR82, -99, 
EP, 17, 2026092012, 03, HFSA, 126, 159N, 1078W, 106,  963, XX,  64, NEQ,   39,   42,   42,   31, 1003,   84,  20,   0,   0,    ,   0,    , -99, -99,           ,  ,  0,    ,    0,    0,    0,    0, THERMO PARAMS, 70, 1428, 2033, N, 10, DT, -999, SHR82, -99, 
EP, 17, 2026092012, 03, TVCN,   0, 140N, 1059W,   0,    0,   ,   0,    ,    0,    0,    0,    0, 
EP, 17, 2026092012, 03, TVCN,  12, 148N, 1055W,   0,    0,   ,   0,    ,    0,    0,    0,    0, 
EP, 17, 2026092012, 03, TVCN,  24, 152N, 1044W,   0,    0,   ,   0,    ,    0,    0,    0,    0, 
EP, 17, 2026092012, 03, TVCN,  36, 150N, 1033W,   0,    0,   ,   0,    ,    0,    0,    0,    0, 
EP, 17, 2026092012, 03, TVCN,  48, 148N, 1025W,   0,    0,   ,   0,    ,    0,    0,    0,    0, 
EP, 17, 2026092012, 03, TVCN,  60, 150N, 1024W,   0,    0,   ,   0,    ,    0,    0,    0,    0, 
EP, 17, 2026092012, 03, TVCN,  72, 157N, 1030W,   0,    0,   ,   0,    ,    0,    0,    0,    0, 
EP, 17, 2026092012, 03, TVCN,  84, 164N, 1040W,   0,    0,   ,   0,    ,    0,    0,    0,    0, 
EP, 17, 2026092012, 03, TVCN,  96, 171N, 1052W,   0,    0,   ,   0,    ,    0,    0,    0,    0, 
EP, 17, 2026092012, 03, TVCN, 108, 175N, 1065W,   0,    0,   ,   0,    ,    0,    0,    0,    0, 
EP, 17, 2026092012, 03, TVCN, 120, 179N, 1078W,   0,    0,   ,   0,    ,    0,    0,    0,    0, 
EP, 17, 2026092012, 03, TVCN, 132, 182N, 1091W,   0,    0,   ,   0,    ,    0,    0,    0,    0, 
EP, 17, 2026092012, 03, TVCN, 144, 196N, 1095W,   0,    0,   ,   0,    ,    0,    0,    0,    0, 
EP, 17, 2026092012, 03, TVCN, 156, 205N, 1104W,   0,    0,   ,   0,    ,    0,    0,    0,    0, 
EP, 17, 2026092012, 03, TVCN, 168, 216N, 1110W,   0,    0,   ,   0,    ,    0,    0,    0,    0, 
EP, 17, 2026092018, 03, HCCA,   0, 145N, 1051W,  30,    0,   ,   0,    ,    0,    0,    0,    0, 
EP, 17, 2026092018, 03, HCCA,  12, 151N, 1041W,  35,    0,   ,   0,    ,    0,    0,    0,    0, 
EP, 17, 2026092018, 03, HCCA,  24, 151N, 1028W,  47,    0,   ,   0,    ,    0,    0,    0,    0, 
EP, 17, 2026092018, 03, HCCA,  36, 148N, 1018W,  68,    0,   ,   0,    ,    0,    0,    0,    0, 
EP, 17, 2026092018, 03, HCCA,  48, 146N, 1012W,  87,    0,   ,   0,    ,    0,    0,    0,    0, 
EP, 17, 2026092018, 03, HCCA,  60, 151N, 1011W, 101,    0,   ,   0,    ,    0,    0,    0,    0, 
EP, 17, 2026092018, 03, HCCA,  72, 157N, 1017W, 108,    0,   ,   0,    ,    0,    0,    0,    0, 
EP, 17, 2026092018, 03, HCCA,  84, 163N, 1027W, 123,    0,   ,   0,    ,    0,    0,    0,    0, 
EP, 17, 2026092018, 03, HCCA,  96, 168N, 1041W, 131,    0,   ,   0,    ,    0,    0,    0,    0, 
EP, 17, 2026092018, 03, HCCA, 108, 170N, 1060W, 135,    0,   ,   0,    ,    0,    0,    0,    0, 
EP, 17, 2026092018, 03, HCCA, 120, 172N, 1078W, 122,    0,   ,   0,    ,    0,    0,    0,    0, 
EP, 17, 2026092018, 03, HCCA, 132, 175N, 1091W, 120,    0,   ,   0,    ,    0,    0,    0,    0, 
EP, 17, 2026092018, 03, HCCA, 144, 183N, 1103W, 119,    0,   ,   0,    ,    0,    0,    0,    0, 
EP, 17, 2026092018, 03, HCCA, 156, 194N, 1112W, 113,    0,   ,   0,    ,    0,    0,    0,    0, 
EP, 17, 2026092018, 03, HCCA, 168, 206N, 1120W, 106,    0,   ,   0,    ,    0,    0,    0,    0, 
EP, 17, 2026092018, 03, TVCN,   0, 145N, 1051W,   0,    0,   ,   0,    ,    0,    0,    0,    0, 
EP, 17, 2026092018, 03, TVCN,  12, 150N, 1040W,   0,    0,   ,   0,    ,    0,    0,    0,    0, 
EP, 17, 2026092018, 03, TVCN,  24, 150N, 1026W,   0,    0,   ,   0,    ,    0,    0,    0,    0, 
EP, 17, 2026092018, 03, TVCN,  36, 147N, 1014W,   0,    0,   ,   0,    ,    0,    0,    0,    0, 
EP, 17, 2026092018, 03, TVCN,  48, 147N, 1010W,   0,    0,   ,   0,    ,    0,    0,    0,    0, 
EP, 17, 2026092018, 03, TVCN,  60, 151N, 1013W,   0,    0,   ,   0,    ,    0,    0,    0,    0, 
EP, 17, 2026092018, 03, TVCN,  72, 157N, 1020W,   0,    0,   ,   0,    ,    0,    0,    0,    0, 
EP, 17, 2026092018, 03, TVCN,  84, 163N, 1032W,   0,    0,   ,   0,    ,    0,    0,    0,    0, 
EP, 17, 2026092018, 03, TVCN,  96, 167N, 1047W,   0,    0,   ,   0,    ,    0,    0,    0,    0, 
EP, 17, 2026092018, 03, TVCN, 108, 169N, 1063W,   0,    0,   ,   0,    ,    0,    0,    0,    0, 
EP, 17, 2026092018, 03, TVCN, 120, 170N, 1079W,   0,    0,   ,   0,    ,    0,    0,    0,    0, 
EP, 17, 2026092018, 03, TVCN, 132, 171N, 1095W,   0,    0,   ,   0,    ,    0,    0,    0,    0, 
EP, 17, 2026092018, 03, TVCN, 144, 185N, 1105W,   0,    0,   ,   0,    ,    0,    0,    0,    0, 
EP, 17, 2026092018, 03, TVCN, 156, 194N, 1115W,   0,    0,   ,   0,    ,    0,    0,    0,    0, 
EP, 17, 2026092018, 03, TVCN, 168, 203N, 1123W,   0,    0,   ,   0,    ,    0,    0,    0,    0, 