AL, 06, 2026091812, 03,  UKX,   0, 324N,  343W,  18, 1018, XX,  34, NEQ,    0,    0,    0,    0, 
AL, 06, 2026091812, 03,  UKX,   6, 323N,  341W,  19, 1016, XX,  34, NEQ,    0,    0,    0,    0, 
AL, 06, 2026091812, 03,  UKX,  12, 322N,  337W,  19, 1016, XX,  34, NEQ,    0,    0,    0,    0, 
AL, 06, 2026091812, 03,  UKX,  18, 325N,  332W,  20, 1014, XX,  34, NEQ,    0,    0,    0,    0, 
AL, 06, 2026091812, 03,  UKX,  24, 327N,  332W,  22, 1015, XX,  34, NEQ,    0,    0,    0,    0, 
AL, 06, 2026091812, 03,  UKX,  30, 330N,  333W,  21, 1014, XX,  34, NEQ,    0,    0,    0,    0, 
AL, 06, 2026091812, 03,  UKX,  36, 331N,  333W,  23, 1014, XX,  34, NEQ,    0,    0,    0,    0, 
AL, 06, 2026091812, 03,  UKX,  42, 335N,  333W,  25, 1013, XX,  34, NEQ,    0,    0,    0,    0, 
AL, 06, 2026091812, 03,  UKX,  48, 340N,  330W,  26, 1014, XX,  34, NEQ,    0,    0,    0,    0, 
AL, 06, 2026091812, 03,  UKX,  54, 347N,  326W,  26, 1013, XX,  34, NEQ,    0,    0,    0,    0, 
AL, 06, 2026091812, 03,  UKX,  60, 350N,  324W,  25, 1015, XX,  34, NEQ,    0,    0,    0,    0, 
AL, 06, 2026091812, 03,  UKX,  66, 349N,  320W,  25, 1014, XX,  34, NEQ,    0,    0,    0,    0, 
AL, 06, 2026091812, 03,  UKX,  72, 344N,  318W,  24, 1016, XX,  34, NEQ,    0,    0,    0,    0, 
AL, 06, 2026091812, 03,  UKX,  78, 339N,  319W,  22, 1016, XX,  34, NEQ,    0,    0,    0,    0, 
AL, 06, 2026091812, 03,  UKX,  84, 334N,  326W,  24, 1017, XX,  34, NEQ,    0,    0,    0,    0, 
AL, 06, 2026091812, 03,  UKX,  90, 328N,  335W,  23, 1017, XX,  34, NEQ,    0,    0,    0,    0, 
AL, 06, 2026091812, 03,  UKX,  96, 321N,  344W,  23, 1019, XX,  34, NEQ,    0,    0,    0,    0, 
AL, 06, 2026091812, 03,  UKX, 102, 317N,  356W,  22, 1018, XX,  34, NEQ,    0,    0,    0,    0, 
AL, 06, 2026091812, 03,  UKX, 108, 313N,  367W,  19, 1019, XX,  34, NEQ,    0,    0,    0,    0, 
AL, 06, 2026091812, 03,  UKX, 114, 309N,  377W,  18, 1018, XX,  34, NEQ,    0,    0,    0,    0, 
AL, 06, 2026091812, 03,  UKX, 120, 299N,  385W,  17, 1020, XX,  34, NEQ,    0,    0,    0,    0, 
AL, 06, 2026091812, 03, AVNO,   0, 324N,  343W,  14, 1020, XX,  34, NEQ,    0,    0,    0,    0,  -99,  -99, 154,   0,   0, 
AL, 06, 2026091812, 03, AVNO,   6, 323N,  342W,  14, 1017, XX,  34, NEQ,    0,    0,    0,    0,  -99,  -99, 156,   0,   0, 
AL, 06, 2026091812, 03, AVNO,  12, 322N,  339W,  18, 1018, XX,  34, NEQ,    0,    0,    0,    0,  -99,  -99, 158,   0,   0, 
AL, 06, 2026091812, 03, AVNO,  18, 324N,  337W,  17, 1016, XX,  34, NEQ,    0,    0,    0,    0,  -99,  -99, 156,   0,   0, 
AL, 06, 2026091812, 03, AVNO,  24, 321N,  334W,  19, 1017, XX,  34, NEQ,    0,    0,    0,    0,  -99,  -99, 156,   0,   0, 
AL, 06, 2026091812, 03, AVNO,  30, 323N,  332W,  18, 1016, XX,  34, NEQ,    0,    0,    0,    0,  -99,  -99, 159,   0,   0, 
AL, 06, 2026091812, 03, AVNO,  36, 325N,  331W,  17, 1018, XX,  34, NEQ,    0,    0,    0,    0,  -99,  -99, 145,   0,   0, 
AL, 06, 2026091812, 03, AVNO,  42, 328N,  331W,  18, 1017, XX,  34, NEQ,    0,    0,    0,    0,  -99,  -99, 102,   0,   0, 
AL, 06, 2026091812, 03, AVNO,  48, 333N,  332W,  19, 1018, XX,  34, NEQ,    0,    0,    0,    0,  -99,  -99,  91,   0,   0, 
AL, 06, 2026091812, 03, AVNO,  54, 338N,  331W,  16, 1017, XX,  34, NEQ,    0,    0,    0,    0,  -99,  -99, 112,   0,   0, 
AL, 06, 2026091812, 03, AVNO,  60, 341N,  330W,  16, 1019, XX,  34, NEQ,    0,    0,    0,    0,  -99,  -99, 130,   0,   0, 
AL, 06, 2026091812, 03, AVNO,  66, 340N,  328W,  14, 1019, XX,  34, NEQ,    0,    0,    0,    0,  -99,  -99, 147,   0,   0, 
AL, 06, 2026091812, 03, AVNO,  72, 338N,  326W,  15, 1021, XX,  34, NEQ,    0,    0,    0,    0,  -99,  -99, 118,   0,   0, 
AL, 06, 2026091812, 03, AVNO,  78, 334N,  329W,  14, 1020, XX,  34, NEQ,    0,    0,    0,    0,  -99,  -99, 154,   0,   0, 
AL, 06, 2026091812, 03, AVNO,  84, 332N,  333W,  15, 1022, XX,  34, NEQ,    0,    0,    0,    0,  -99,  -99,  82,   0,   0, 
AL, 06, 2026091812, 03, AVNO,  90, 328N,  339W,  12, 1021, XX,  34, NEQ,    0,    0,    0,    0,  -99,  -99,  83,   0,   0, 
AL, 06, 2026091812, 03, AVNO,  96, 316N,  343W,  18, 1022, XX,  34, NEQ,    0,    0,    0,    0,  -99,  -99, 156,   0,   0, 
AL, 06, 2026091812, 03, HCCA,   0, 330N,  342W,  25,    0,   ,   0,    ,    0,    0,    0,    0, 
AL, 06, 2026091812, 03, HFSA,   0, 330N,  343W,  25, 1019, XX,  34, NEQ,    0,    0,    0,    0,  -99,  -99, 123,   0,   0,    ,   0,    ,  49,   1,           ,  ,  0,    ,    0,    0,    0,    0, THERMO PARAMS, -5, -424, -79, N, 10, DT, -999, SHR82, -99, 
AL, 06, 2026091812, 03, HFSA,   6, 327N,  344W,  17, 1016, XX,  34, NEQ,    0,    0,    0,    0,  -99,  -99,  90,   0,   0,    ,   0,    , 117,   1,           ,  ,  0,    ,    0,    0,    0,    0, THERMO PARAMS, -11, -185, -307, N, 10, DT, -999, SHR82, -99, 
AL, 06, 2026091812, 03, HFSA,  12, 324N,  345W,  23, 1017, XX,  34, NEQ,    0,    0,    0,    0,  -99,  -99, 111,   0,   0,    ,   0,    , 137,   2,           ,  ,  0,    ,    0,    0,    0,    0, THERMO PARAMS, 17, -393, -530, N, 10, DT, -999, SHR82, -99, 
AL, 06, 2026091812, 03, HFSA,  18, 323N,  340W,  24, 1014, XX,  34, NEQ,    0,    0,    0,    0,  -99,  -99, 132,   0,   0,    ,   0,    , 100,   4,           ,  ,  0,    ,    0,    0,    0,    0, THERMO PARAMS, 91, -429, -446, N, 10, DT, -999, SHR82, -99, 
AL, 06, 2026091812, 03, HFSA,  24, 322N,  338W,  25, 1016, XX,  34, NEQ,    0,    0,    0,    0,  -99,  -99, 144,   0,   0,    ,   0,    ,  93,   1,           ,  ,  0,    ,    0,    0,    0,    0, THERMO PARAMS, 96, -203, -563, N, 10, DT, -999, SHR82, -99, 
AL, 06, 2026091812, 03, HFSA,  30, 322N,  336W,  21, 1014, XX,  34, NEQ,    0,    0,    0,    0,  -99,  -99, 156,   0,   0,    ,   0,    ,  49,   3,           ,  ,  0,    ,    0,    0,    0,    0, THERMO PARAMS, -25, -36, -587, N, 10, DT, -999, SHR82, -99, 
AL, 06, 2026091812, 03, HFSA,  36, 325N,  333W,  19, 1017, XX,  34, NEQ,    0,    0,    0,    0,  -99,  -99, 158,   0,   0,    ,   0,    ,  43,   3,           ,  ,  0,    ,    0,    0,    0,    0, THERMO PARAMS, -33, 77, -639, N, 10, DT, -999, SHR82, -99, 
AL, 06, 2026091812, 03, HFSA,  42, 329N,  332W,  28, 1014, XX,  34, NEQ,    0,    0,    0,    0,  -99,  -99,  66,   0,   0,    ,   0,    ,  28,   4,           ,  ,  0,    ,    0,    0,    0,    0, THERMO PARAMS, -62, 101, -481, N, 10, DT, -999, SHR82, -99, 
AL, 06, 2026091812, 03, HFSA,  48, 334N,  333W,  30, 1016, XX,  34, NEQ,    0,    0,    0,    0,  -99,  -99,  70,   0,   0,    ,   0,    ,  11,   4,           ,  ,  0,    ,    0,    0,    0,    0, THERMO PARAMS, -95, -42, -339, N, 10, DT, -999, SHR82, -99, 
AL, 06, 2026091812, 03, HFSA,  54, 340N,  335W,  23, 1015, XX,  34, NEQ,    0,    0,    0,    0,  -99,  -99,  87,   0,   0,    ,   0,    ,  15,   4,           ,  ,  0,    ,    0,    0,    0,    0, THERMO PARAMS, -94, 206, -521, N, 10, DT, -999, SHR82, -99, 
AL, 06, 2026091812, 03, HFSA,  60, 340N,  332W,  19, 1017, XX,  34, NEQ,    0,    0,    0,    0,  -99,  -99, 105,   0,   0,    ,   0,    ,  85,   3,           ,  ,  0,    ,    0,    0,    0,    0, THERMO PARAMS, 54, 107, -607, N, 10, DT, -999, SHR82, -99, 
AL, 06, 2026091812, 03, HFSA,  66, 339N,  329W,  18, 1016, XX,  34, NEQ,    0,    0,    0,    0,  -99,  -99,  89,   0,   0,    ,   0,    , 116,   4,           ,  ,  0,    ,    0,    0,    0,    0, THERMO PARAMS, 99, 112, -709, N, 10, DT, -999, SHR82, -99, 
AL, 06, 2026091812, 03, HFSA,  72, 337N,  328W,  18, 1019, XX,  34, NEQ,    0,    0,    0,    0,  -99,  -99,  95,   0,   0,    ,   0,    , 169,   3,           ,  ,  0,    ,    0,    0,    0,    0, THERMO PARAMS, 25, 80, -821, N, 10, DT, -999, SHR82, -99, 
AL, 06, 2026091812, 03, HFSA,  78, 332N,  328W,  17, 1018, XX,  34, NEQ,    0,    0,    0,    0,  -99,  -99, 105,   0,   0,    ,   0,    , 171,   5,           ,  ,  0,    ,    0,    0,    0,    0, THERMO PARAMS, 87, 75, -786, N, 10, DT, -999, SHR82, -99, 
AL, 06, 2026091812, 03, HFSA,  84, 328N,  332W,  17, 1019, XX,  34, NEQ,    0,    0,    0,    0,  -99,  -99, 128,   0,   0,    ,   0,    , 210,   7,           ,  ,  0,    ,    0,    0,    0,    0, THERMO PARAMS, 41, -67, -726, N, 10, DT, -999, SHR82, -99, 
AL, 06, 2026091812, 03, HFSA,  90, 321N,  337W,  18, 1018, XX,  34, NEQ,    0,    0,    0,    0,  -99,  -99,  90,   0,   0,    ,   0,    , 229,   7,           ,  ,  0,    ,    0,    0,    0,    0, THERMO PARAMS, 8, -188, -722, N, 10, DT, -999, SHR82, -99, 
AL, 06, 2026091812, 03, HFSA,  96, 315N,  346W,  19, 1020, XX,  34, NEQ,    0,    0,    0,    0,  -99,  -99, 162,   0,   0,    ,   0,    , 228,  10,           ,  ,  0,    ,    0,    0,    0,    0, THERMO PARAMS, -9999, -9999, -9999, N, 10, DT, -999, SHR82, -99, 
AL, 06, 2026091812, 03, HFSA, 102, 309N,  353W,  17, 1018, XX,  34, NEQ,    0,    0,    0,    0,  -99,  -99, 152,   0,   0,    ,   0,    , 224,  11,           ,  ,  0,    ,    0,    0,    0,    0, THERMO PARAMS, -9999, -9999, -9999, N, 10, DT, -999, SHR82, -99, 
AL, 06, 2026091812, 03, HFSA, 108, 299N,  362W,  17, 1020, XX,  34, NEQ,    0,    0,    0,    0,  -99,  -99, 152,   0,   0,    ,   0,    , 225,  13,           ,  ,  0,    ,    0,    0,    0,    0, THERMO PARAMS, -9999, -9999, -9999, N, 10, DT, -999, SHR82, -99, 
AL, 06, 2026091818, 03, AVNO,   0, 321N,  340W,  14, 1017, XX,  34, NEQ,    0,    0,    0,    0,  -99,  -99, 154,   0,   0, 
AL, 06, 2026091818, 03, AVNO,   6, 321N,  338W,  17, 1018, XX,  34, NEQ,    0,    0,    0,    0,  -99,  -99, 161,   0,   0, 
AL, 06, 2026091818, 03, AVNO,  12, 320N,  336W,  16, 1015, XX,  34, NEQ,    0,    0,    0,    0,  -99,  -99, 160,   0,   0, 
AL, 06, 2026091818, 03, AVNO,  18, 320N,  334W,  19, 1017, XX,  34, NEQ,    0,    0,    0,    0,  -99,  -99, 160,   0,   0, 
AL, 06, 2026091818, 03, AVNO,  24, 322N,  332W,  18, 1016, XX,  34, NEQ,    0,    0,    0,    0,  -99,  -99, 151,   0,   0, 
AL, 06, 2026091818, 03, AVNO,  30, 324N,  330W,  18, 1018, XX,  34, NEQ,    0,    0,    0,    0,  -99,  -99, 150,   0,   0, 
AL, 06, 2026091818, 03, AVNO,  36, 328N,  330W,  19, 1016, XX,  34, NEQ,    0,    0,    0,    0,  -99,  -99,  98,   0,   0, 
AL, 06, 2026091818, 03, AVNO,  42, 333N,  332W,  19, 1018, XX,  34, NEQ,    0,    0,    0,    0,  -99,  -99,  93,   0,   0, 
AL, 06, 2026091818, 03, AVNO,  48, 338N,  332W,  17, 1016, XX,  34, NEQ,    0,    0,    0,    0,  -99,  -99, 145,   0,   0, 
AL, 06, 2026091818, 03, AVNO,  54, 339N,  330W,  15, 1018, XX,  34, NEQ,    0,    0,    0,    0,  -99,  -99, 110,   0,   0, 
AL, 06, 2026091818, 03, AVNO,  60, 338N,  329W,  16, 1018, XX,  34, NEQ,    0,    0,    0,    0,  -99,  -99, 124,   0,   0, 
AL, 06, 2026091818, 03, AVNO,  66, 337N,  330W,  15, 1020, XX,  34, NEQ,    0,    0,    0,    0,  -99,  -99,  98,   0,   0, 
AL, 06, 2026091818, 03, AVNO,  72, 335N,  334W,  16, 1020, XX,  34, NEQ,    0,    0,    0,    0,  -99,  -99, 133,   0,   0, 
AL, 06, 2026091818, 03, AVNO,  78, 333N,  340W,  17, 1021, XX,  34, NEQ,    0,    0,    0,    0,  -99,  -99, 114,   0,   0, 
AL, 06, 2026091818, 03, AVNO,  84, 336N,  349W,  15, 1021, XX,  34, NEQ,    0,    0,    0,    0,  -99,  -99, 114,   0,   0, 
AL, 06, 2026091818, 03, AVNO,  90, 335N,  358W,  19, 1022, XX,  34, NEQ,    0,    0,    0,    0,  -99,  -99, 143,   0,   0, 
AL, 06, 2026091818, 03, AVNO,  96, 327N,  370W,  15, 1020, XX,  34, NEQ,    0,    0,    0,    0,  -99,  -99, 155,   0,   0, 
AL, 06, 2026091818, 03, HCCA,   0, 333N,  338W,  25,    0,   ,   0,    ,    0,    0,    0,    0, 
AL, 06, 2026091818, 03, HCCA,  12, 332N,  334W,  30,    0,   ,   0,    ,    0,    0,    0,    0, 
AL, 06, 2026091818, 03, HCCA,  24, 337N,  331W,  33,    0,   ,   0,    ,    0,    0,    0,    0, 
AL, 06, 2026091818, 03, HCCA,  36, 344N,  329W,  39,    0,   ,   0,    ,    0,    0,    0,    0, 
AL, 06, 2026091818, 03, HCCA,  48, 350N,  324W,  43,    0,   ,   0,    ,    0,    0,    0,    0, 
AL, 06, 2026091818, 03, HCCA,  60, 350N,  316W,  45,    0,   ,   0,    ,    0,    0,    0,    0, 
AL, 06, 2026091818, 03, HCCA,  72, 343N,  312W,  47,    0,   ,   0,    ,    0,    0,    0,    0, 
AL, 06, 2026091818, 03, HCCA,  84, 332N,  318W,  43,    0,   ,   0,    ,    0,    0,    0,    0, 
AL, 06, 2026091818, 03, HCCA,  96, 319N,  331W,  36,    0,   ,   0,    ,    0,    0,    0,    0, 
AL, 06, 2026091818, 03, HCCA, 108, 306N,  346W,  35,    0,   ,   0,    ,    0,    0,    0,    0, 
AL, 06, 2026091818, 03, HCCA, 120, 294N,  359W,  35,    0,   ,   0,    ,    0,    0,    0,    0, 
AL, 06, 2026091818, 03, HFSA,   0, 332N,  338W,  25, 1017, XX,  34, NEQ,    0,    0,    0,    0,  -99,  -99,  44,   0,   0,    ,   0,    ,  57,   2,           ,  ,  0,    ,    0,    0,    0,    0, THERMO PARAMS, -4, -345, -186, N, 10, DT, -999, SHR82, -99, 
AL, 06, 2026091818, 03, HFSA,   6, 329N,  344W,  20, 1016, XX,  34, NEQ,    0,    0,    0,    0,  -99,  -99,  47,   0,   0,    ,   0,    , 223,   1,           ,  ,  0,    ,    0,    0,    0,    0, THERMO PARAMS, -66, -247, -443, N, 10, DT, -999, SHR82, -99, 
AL, 06, 2026091818, 03, HFSA,  12, 326N,  344W,  21, 1015, XX,  34, NEQ,    0,    0,    0,    0,  -99,  -99,  53,   0,   0,    ,   0,    , 139,   2,           ,  ,  0,    ,    0,    0,    0,    0, THERMO PARAMS, 72, -89, -538, N, 10, DT, -999, SHR82, -99, 
AL, 06, 2026091818, 03, HFSA,  18, 323N,  344W,  22, 1016, XX,  34, NEQ,    0,    0,    0,    0,  -99,  -99, 152,   0,   0,    ,   0,    , 136,   2,           ,  ,  0,    ,    0,    0,    0,    0, THERMO PARAMS, 69, -174, -622, N, 10, DT, -999, SHR82, -99, 
AL, 06, 2026091818, 03, HFSA,  24, 322N,  340W,  21, 1014, XX,  34, NEQ,    0,    0,    0,    0,  -99,  -99, 159,   0,   0,    ,   0,    ,  84,   3,           ,  ,  0,    ,    0,    0,    0,    0, THERMO PARAMS, 58, -7, -730, N, 10, DT, -999, SHR82, -99, 
AL, 06, 2026091818, 03, HFSA,  30, 325N,  335W,  25, 1016, XX,  34, NEQ,    0,    0,    0,    0,  -99,  -99,  42,   0,   0,    ,   0,    ,  60,   4,           ,  ,  0,    ,    0,    0,    0,    0, THERMO PARAMS, 15, 41, -598, N, 10, DT, -999, SHR82, -99, 
AL, 06, 2026091818, 03, HFSA,  36, 329N,  334W,  24, 1014, XX,  34, NEQ,    0,    0,    0,    0,  -99,  -99,  43,   0,   0,    ,   0,    ,  19,   4,           ,  ,  0,    ,    0,    0,    0,    0, THERMO PARAMS, -76, 426, -650, N, 10, DT, -999, SHR82, -99, 
AL, 06, 2026091818, 03, HFSA,  42, 334N,  336W,  29, 1015, XX,  34, NEQ,    0,    0,    0,    0,  -99,  -99,  60,   0,   0,    ,   0,    , 355,   5,           ,  ,  0,    ,    0,    0,    0,    0, THERMO PARAMS, -99, 237, -510, N, 10, DT, -999, SHR82, -99, 
AL, 06, 2026091818, 03, HFSA,  48, 339N,  336W,  24, 1014, XX,  34, NEQ,    0,    0,    0,    0,  -99,  -99,  71,   0,   0,    ,   0,    ,  36,   5,           ,  ,  0,    ,    0,    0,    0,    0, THERMO PARAMS, -76, 449, -605, N, 10, DT, -999, SHR82, -99, 
AL, 06, 2026091818, 03, HFSA,  54, 341N,  335W,  20, 1016, XX,  34, NEQ,    0,    0,    0,    0,  -99,  -99, 102,   0,   0,    ,   0,    ,  81,   2,           ,  ,  0,    ,    0,    0,    0,    0, THERMO PARAMS, -34, 331, -835, N, 10, DT, -999, SHR82, -99, 
AL, 06, 2026091818, 03, HFSA,  60, 340N,  334W,  19, 1016, XX,  34, NEQ,    0,    0,    0,    0,  -99,  -99,  91,   0,   0,    ,   0,    , 123,   2,           ,  ,  0,    ,    0,    0,    0,    0, THERMO PARAMS, 108, 524, -1021, N, 10, DT, -999, SHR82, -99, 
AL, 06, 2026091818, 03, HFSA,  66, 338N,  336W,  19, 1018, XX,  34, NEQ,    0,    0,    0,    0,  -99,  -99,  97,   0,   0,    ,   0,    , 222,   2,           ,  ,  0,    ,    0,    0,    0,    0, THERMO PARAMS, -44, 520, -1101, N, 10, DT, -999, SHR82, -99, 
AL, 06, 2026091818, 03, HFSA,  72, 337N,  338W,  18, 1018, XX,  34, NEQ,    0,    0,    0,    0,  -99,  -99,  97,   0,   0,    ,   0,    , 201,   3,           ,  ,  0,    ,    0,    0,    0,    0, THERMO PARAMS, 17, 498, -1011, N, 10, DT, -999, SHR82, -99, 
AL, 06, 2026091818, 03, HFSA,  78, 335N,  344W,  21, 1019, XX,  34, NEQ,    0,    0,    0,    0,  -99,  -99,  99,   0,   0,    ,   0,    , 246,   5,           ,  ,  0,    ,    0,    0,    0,    0, THERMO PARAMS, -37, 340, -955, N, 10, DT, -999, SHR82, -99, 
AL, 06, 2026091818, 03, HFSA,  84, 333N,  351W,  18, 1019, XX,  34, NEQ,    0,    0,    0,    0,  -99,  -99,  92,   0,   0,    ,   0,    , 252,   5,           ,  ,  0,    ,    0,    0,    0,    0, THERMO PARAMS, -20, 189, -1068, N, 10, DT, -999, SHR82, -99, 
AL, 06, 2026091818, 03, HFSA,  90, 331N,  362W,  21, 1021, XX,  34, NEQ,    0,    0,    0,    0,  -99,  -99, 156,   0,   0,    ,   0,    , 255,   8,           ,  ,  0,    ,    0,    0,    0,    0, THERMO PARAMS, -8, 192, -756, N, 10, DT, -999, SHR82, -99, 
AL, 06, 2026091818, 03, HFSA,  96, 333N,  369W,  19, 1019, XX,  34, NEQ,    0,    0,    0,    0,  -99,  -99, 144,   0,   0,    ,   0,    , 261,   6,           ,  ,  0,    ,    0,    0,    0,    0, THERMO PARAMS, -9999, -9999, -9999, N, 10, DT, -999, SHR82, -99, 
AL, 06, 2026091818, 03, HFSA, 102, 333N,  377W,  18, 1020, XX,  34, NEQ,    0,    0,    0,    0,  -99,  -99, 125,   0,   0,    ,   0,    , 258,   7,           ,  ,  0,    ,    0,    0,    0,    0, THERMO PARAMS, -9999, -9999, -9999, N, 10, DT, -999, SHR82, -99, 
AL, 06, 2026091818, 03, HFSA, 108, 333N,  383W,  15, 1018, XX,  34, NEQ,    0,    0,    0,    0,  -99,  -99,  58,   0,   0,    ,   0,    , 257,   5,           ,  ,  0,    ,    0,    0,    0,    0, THERMO PARAMS, -9999, -9999, -9999, N, 10, DT, -999, SHR82, -99, 
AL, 06, 2026091818, 03, TVCN,   0, 333N,  338W,   0,    0,   ,   0,    ,    0,    0,    0,    0, 
AL, 06, 2026091818, 03, TVCN,  12, 333N,  334W,   0,    0,   ,   0,    ,    0,    0,    0,    0, 
AL, 06, 2026091818, 03, TVCN,  24, 335N,  331W,   0,    0,   ,   0,    ,    0,    0,    0,    0, 
AL, 06, 2026091818, 03, TVCN,  36, 342N,  329W,   0,    0,   ,   0,    ,    0,    0,    0,    0, 
AL, 06, 2026091818, 03, TVCN,  48, 349N,  326W,   0,    0,   ,   0,    ,    0,    0,    0,    0, 
AL, 06, 2026091818, 03, TVCN,  60, 349N,  321W,   0,    0,   ,   0,    ,    0,    0,    0,    0, 
AL, 06, 2026091818, 03, TVCN,  72, 343N,  319W,   0,    0,   ,   0,    ,    0,    0,    0,    0, 
AL, 06, 2026091818, 03, TVCN,  84, 331N,  326W,   0,    0,   ,   0,    ,    0,    0,    0,    0, 
AL, 06, 2026091818, 03, TVCN,  96, 319N,  337W,   0,    0,   ,   0,    ,    0,    0,    0,    0, 
AL, 06, 2026091818, 03, TVCN, 108, 309N,  354W,   0,    0,   ,   0,    ,    0,    0,    0,    0, 
AL, 06, 2026091818, 03, TVCN, 120, 304N,  366W,   0,    0,   ,   0,    ,    0,    0,    0,    0, 
AL, 06, 2026091818, 03, TVCN, 132, 295N,  382W,   0,    0,   ,   0,    ,    0,    0,    0,    0, 
AL, 06, 2026091900, 03,  UKX,   0, 323N,  338W,  19, 1015, XX,  34, NEQ,    0,    0,    0,    0, 
AL, 06, 2026091900, 03,  UKX,   6, 326N,  335W,  21, 1013, XX,  34, NEQ,    0,    0,    0,    0, 
AL, 06, 2026091900, 03,  UKX,  12, 328N,  336W,  23, 1014, XX,  34, NEQ,    0,    0,    0,    0, 
AL, 06, 2026091900, 03,  UKX,  18, 330N,  335W,  23, 1014, XX,  34, NEQ,    0,    0,    0,    0, 
AL, 06, 2026091900, 03,  UKX,  24, 333N,  335W,  25, 1014, XX,  34, NEQ,    0,    0,    0,    0, 
AL, 06, 2026091900, 03,  UKX,  30, 337N,  334W,  26, 1012, XX,  34, NEQ,    0,    0,    0,    0, 
AL, 06, 2026091900, 03,  UKX,  36, 343N,  333W,  28, 1012, XX,  34, NEQ,    0,    0,    0,    0, 
AL, 06, 2026091900, 03,  UKX,  42, 347N,  330W,  27, 1012, XX,  34, NEQ,    0,    0,    0,    0, 
AL, 06, 2026091900, 03,  UKX,  48, 349N,  325W,  28, 1013, XX,  34, NEQ,    0,    0,    0,    0, 
AL, 06, 2026091900, 03,  UKX,  54, 350N,  320W,  27, 1013, XX,  34, NEQ,    0,    0,    0,    0, 
AL, 06, 2026091900, 03,  UKX,  60, 347N,  316W,  26, 1015, XX,  34, NEQ,    0,    0,    0,    0, 
AL, 06, 2026091900, 03,  UKX,  66, 343N,  316W,  24, 1015, XX,  34, NEQ,    0,    0,    0,    0, 
AL, 06, 2026091900, 03,  UKX,  72, 337N,  319W,  25, 1017, XX,  34, NEQ,    0,    0,    0,    0, 
AL, 06, 2026091900, 03,  UKX,  78, 332N,  325W,  25, 1017, XX,  34, NEQ,    0,    0,    0,    0, 
AL, 06, 2026091900, 03,  UKX,  84, 327N,  333W,  25, 1019, XX,  34, NEQ,    0,    0,    0,    0, 
AL, 06, 2026091900, 03,  UKX,  90, 324N,  341W,  22, 1018, XX,  34, NEQ,    0,    0,    0,    0, 
AL, 06, 2026091900, 03,  UKX,  96, 321N,  350W,  22, 1019, XX,  34, NEQ,    0,    0,    0,    0, 
AL, 06, 2026091900, 03,  UKX, 102, 319N,  359W,  21, 1018, XX,  34, NEQ,    0,    0,    0,    0, 
AL, 06, 2026091900, 03,  UKX, 108, 317N,  366W,  19, 1019, XX,  34, NEQ,    0,    0,    0,    0, 
AL, 06, 2026091900, 03,  UKX, 114, 315N,  373W,  18, 1017, XX,  34, NEQ,    0,    0,    0,    0, 
AL, 06, 2026091900, 03,  UKX, 120, 309N,  377W,  19, 1018, XX,  34, NEQ,    0,    0,    0,    0, 
AL, 06, 2026091900, 03,  UKX, 126, 306N,  386W,  20, 1017, XX,  34, NEQ,    0,    0,    0,    0, 
AL, 06, 2026091900, 03,  UKX, 132, 300N,  395W,  21, 1019, XX,  34, NEQ,    0,    0,    0,    0, 
AL, 06, 2026091900, 03,  UKX, 138, 296N,  407W,  19, 1018, XX,  34, NEQ,    0,    0,    0,    0, 
AL, 06, 2026091900, 03,  UKX, 144, 293N,  419W,  18, 1020, XX,  34, NEQ,    0,    0,    0,    0, 
AL, 06, 2026091900, 03, AVNO,   0, 322N,  338W,  18, 1017, XX,  34, NEQ,    0,    0,    0,    0,  -99,  -99, 160,   0,   0, 
AL, 06, 2026091900, 03, AVNO,   6, 322N,  336W,  16, 1015, XX,  34, NEQ,    0,    0,    0,    0,  -99,  -99, 155,   0,   0, 
AL, 06, 2026091900, 03, AVNO,  12, 321N,  335W,  21, 1016, XX,  34, NEQ,    0,    0,    0,    0,  -99,  -99, 158,   0,   0, 
AL, 06, 2026091900, 03, AVNO,  18, 323N,  333W,  18, 1015, XX,  34, NEQ,    0,    0,    0,    0,  -99,  -99, 130,   0,   0, 
AL, 06, 2026091900, 03, AVNO,  24, 327N,  331W,  19, 1017, XX,  34, NEQ,    0,    0,    0,    0,  -99,  -99, 115,   0,   0, 
AL, 06, 2026091900, 03, AVNO,  30, 332N,  332W,  21, 1015, XX,  34, NEQ,    0,    0,    0,    0,  -99,  -99, 107,   0,   0, 
AL, 06, 2026091900, 03, AVNO,  36, 338N,  333W,  21, 1017, XX,  34, NEQ,    0,    0,    0,    0,  -99,  -99,  82,   0,   0, 
AL, 06, 2026091900, 03, AVNO,  42, 343N,  332W,  20, 1016, XX,  34, NEQ,    0,    0,    0,    0,  -99,  -99,  91,   0,   0, 
AL, 06, 2026091900, 03, AVNO,  48, 345N,  330W,  18, 1018, XX,  34, NEQ,    0,    0,    0,    0,  -99,  -99, 115,   0,   0, 
AL, 06, 2026091900, 03, AVNO,  54, 345N,  329W,  18, 1017, XX,  34, NEQ,    0,    0,    0,    0,  -99,  -99, 108,   0,   0, 
AL, 06, 2026091900, 03, AVNO,  60, 345N,  331W,  17, 1020, XX,  34, NEQ,    0,    0,    0,    0,  -99,  -99, 117,   0,   0, 
AL, 06, 2026091900, 03, AVNO,  66, 342N,  333W,  16, 1019, XX,  34, NEQ,    0,    0,    0,    0,  -99,  -99, 117,   0,   0, 
AL, 06, 2026091900, 03, AVNO,  72, 339N,  338W,  18, 1021, XX,  34, NEQ,    0,    0,    0,    0,  -99,  -99, 101,   0,   0, 
AL, 06, 2026091900, 03, AVNO,  78, 338N,  345W,  16, 1020, XX,  34, NEQ,    0,    0,    0,    0,  -99,  -99, 122,   0,   0, 
AL, 06, 2026091900, 03, AVNO,  84, 338N,  354W,  18, 1021, XX,  34, NEQ,    0,    0,    0,    0,  -99,  -99, 161,   0,   0, 
AL, 06, 2026091900, 03, AVNO,  90, 340N,  363W,  16, 1020, XX,  34, NEQ,    0,    0,    0,    0,  -99,  -99, 145,   0,   0, 
AL, 06, 2026091900, 03, AVNO,  96, 331N,  367W,  17, 1021, XX,  34, NEQ,    0,    0,    0,    0,  -99,  -99, 160,   0,   0, 
AL, 06, 2026091900, 03, AVNO, 102, 322N,  371W,  13, 1019, XX,  34, NEQ,    0,    0,    0,    0,  -99,  -99, 159,   0,   0, 
AL, 06, 2026091900, 03, HCCA,   0, 334N,  339W,  30,    0,   ,   0,    ,    0,    0,    0,    0, 
AL, 06, 2026091900, 03, HCCA,  12, 333N,  337W,  33,    0,   ,   0,    ,    0,    0,    0,    0, 
AL, 06, 2026091900, 03, HCCA,  24, 338N,  335W,  38,    0,   ,   0,    ,    0,    0,    0,    0, 
AL, 06, 2026091900, 03, HCCA,  36, 344N,  332W,  44,    0,   ,   0,    ,    0,    0,    0,    0, 
AL, 06, 2026091900, 03, HCCA,  48, 346N,  328W,  47,    0,   ,   0,    ,    0,    0,    0,    0, 
AL, 06, 2026091900, 03, HCCA,  60, 341N,  324W,  44,    0,   ,   0,    ,    0,    0,    0,    0, 
AL, 06, 2026091900, 03, HCCA,  72, 330N,  327W,  40,    0,   ,   0,    ,    0,    0,    0,    0, 
AL, 06, 2026091900, 03, HCCA,  84, 319N,  339W,  39,    0,   ,   0,    ,    0,    0,    0,    0, 
AL, 06, 2026091900, 03, HCCA,  96, 306N,  353W,  35,    0,   ,   0,    ,    0,    0,    0,    0, 
AL, 06, 2026091900, 03, HCCA, 108, 295N,  369W,  34,    0,   ,   0,    ,    0,    0,    0,    0, 
AL, 06, 2026091900, 03, HCCA, 120, 285N,  384W,  38,    0,   ,   0,    ,    0,    0,    0,    0, 
AL, 06, 2026091900, 03, HCCA, 132, 282N,  398W,  42,    0,   ,   0,    ,    0,    0,    0,    0, 
AL, 06, 2026091900, 03, HCCA, 144, 282N,  408W,  45,    0,   ,   0,    ,    0,    0,    0,    0, 
AL, 06, 2026091900, 03, HCCA, 156, 285N,  414W,  51,    0,   ,   0,    ,    0,    0,    0,    0, 
AL, 06, 2026091900, 03, HCCA, 168, 289N,  418W,  54,    0,   ,   0,    ,    0,    0,    0,    0, 
AL, 06, 2026091900, 03, HFSA,   0, 335N,  339W,  30, 1016, XX,  34, NEQ,    0,    0,    0,    0,  -99,  -99,  42,   0,   0,    ,   0,    ,  40,   1,           ,  ,  0,    ,    0,    0,    0,    0, THERMO PARAMS, -13, -359, -267, N, 10, DT, -999, SHR82, -99, 
AL, 06, 2026091900, 03, HFSA,   6, 329N,  342W,  26, 1013, XX,  34, NEQ,    0,    0,    0,    0,  -99,  -99, 135,   0,   0,    ,   0,    , 181,   2,           ,  ,  0,    ,    0,    0,    0,    0, THERMO PARAMS, -9999, -9999, -9999, N, 10, DT, -999, SHR82, -99, 
AL, 06, 2026091900, 03, HFSA,  12, 325N,  344W,  25, 1015, XX,  34, NEQ,    0,    0,    0,    0,  -99,  -99, 116,   0,   0,    ,   0,    , 162,   2,           ,  ,  0,    ,    0,    0,    0,    0, THERMO PARAMS, 29, 6, -597, N, 10, DT, -999, SHR82, -99, 
AL, 06, 2026091900, 03, HFSA,  18, 325N,  342W,  26, 1013, XX,  34, NEQ,    0,    0,    0,    0,  -99,  -99,  45,   0,   0,    ,   0,    ,  87,   2,           ,  ,  0,    ,    0,    0,    0,    0, THERMO PARAMS, 71, -31, -437, N, 10, DT, -999, SHR82, -99, 
AL, 06, 2026091900, 03, HFSA,  24, 327N,  339W,  26, 1015, XX,  34, NEQ,    0,    0,    0,    0,  -99,  -99,  64,   0,   0,    ,   0,    ,  60,   3,           ,  ,  0,    ,    0,    0,    0,    0, THERMO PARAMS, 29, 226, -548, N, 10, DT, -999, SHR82, -99, 
AL, 06, 2026091900, 03, HFSA,  30, 329N,  339W,  27, 1013, XX,  34, NEQ,    0,    0,    0,    0,  -99,  -99,  78,   0,   0,    ,   0,    ,  27,   3,           ,  ,  0,    ,    0,    0,    0,    0, THERMO PARAMS, -62, 110, -538, N, 10, DT, -999, SHR82, -99, 
AL, 06, 2026091900, 03, HFSA,  36, 333N,  339W,  31, 1014, XX,  34, NEQ,    0,    0,    0,    0,  -99,  -99,  63,   0,   0,    ,   0,    ,  14,   4,           ,  ,  0,    ,    0,    0,    0,    0, THERMO PARAMS, -66, 148, -584, N, 10, DT, -999, SHR82, -99, 
AL, 06, 2026091900, 03, HFSA,  42, 336N,  338W,  28, 1013, XX,  34, NEQ,    0,    0,    0,    0,  -99,  -99,  46,   0,   0,    ,   0,    ,  54,   4,           ,  ,  0,    ,    0,    0,    0,    0, THERMO PARAMS, -41, 175, -658, N, 10, DT, -999, SHR82, -99, 
AL, 06, 2026091900, 03, HFSA,  48, 337N,  337W,  26, 1015, XX,  34, NEQ,    0,    0,    0,    0, 1019,  130,  89,   0,   0,    ,   0,    ,  98,   1,           ,  ,  0,    ,    0,    0,    0,    0, THERMO PARAMS, 20, 216, -829, N, 10, DT, -999, SHR82, -99, 
AL, 06, 2026091900, 03, HFSA,  54, 335N,  337W,  22, 1015, XX,  34, NEQ,    0,    0,    0,    0,  -99,  -99,  97,   0,   0,    ,   0,    , 130,   2,           ,  ,  0,    ,    0,    0,    0,    0, THERMO PARAMS, 85, 513, -1044, N, 10, DT, -999, SHR82, -99, 
AL, 06, 2026091900, 03, HFSA,  60, 332N,  338W,  20, 1017, XX,  34, NEQ,    0,    0,    0,    0,  -99,  -99, 114,   0,   0,    ,   0,    , 212,   2,           ,  ,  0,    ,    0,    0,    0,    0, THERMO PARAMS, 17, 651, -878, N, 10, DT, -999, SHR82, -99, 
AL, 06, 2026091900, 03, HFSA,  66, 330N,  339W,  20, 1017, XX,  34, NEQ,    0,    0,    0,    0,  -99,  -99, 115,   0,   0,    ,   0,    , 206,   2,           ,  ,  0,    ,    0,    0,    0,    0, THERMO PARAMS, 65, 675, -677, N, 10, DT, -999, SHR82, -99, 
AL, 06, 2026091900, 03, HFSA,  72, 328N,  344W,  22, 1018, XX,  34, NEQ,    0,    0,    0,    0,  -99,  -99, 115,   0,   0,    ,   0,    , 249,   5,           ,  ,  0,    ,    0,    0,    0,    0, THERMO PARAMS, -36, 604, -658, N, 10, DT, -999, SHR82, -99, 
AL, 06, 2026091900, 03, HFSA,  78, 327N,  352W,  22, 1017, XX,  34, NEQ,    0,    0,    0,    0,  -99,  -99,  96,   0,   0,    ,   0,    , 256,   5,           ,  ,  0,    ,    0,    0,    0,    0, THERMO PARAMS, -44, 487, -679, N, 10, DT, -999, SHR82, -99, 
AL, 06, 2026091900, 03, HFSA,  84, 327N,  362W,  22, 1019, XX,  34, NEQ,    0,    0,    0,    0,  -99,  -99, 139,   0,   0,    ,   0,    , 262,   8,           ,  ,  0,    ,    0,    0,    0,    0, THERMO PARAMS, -9999, -9999, -9999, N, 10, DT, -999, SHR82, -99, 
AL, 06, 2026091900, 03, HFSA,  90, 327N,  372W,  19, 1018, XX,  34, NEQ,    0,    0,    0,    0,  -99,  -99, 159,   0,   0,    ,   0,    , 261,   7,           ,  ,  0,    ,    0,    0,    0,    0, THERMO PARAMS, -9999, -9999, -9999, N, 10, DT, -999, SHR82, -99, 
AL, 06, 2026091900, 03, HFSA,  96, 326N,  382W,  19, 1019, XX,  34, NEQ,    0,    0,    0,    0,  -99,  -99, 122,   0,   0,    ,   0,    , 255,   9,           ,  ,  0,    ,    0,    0,    0,    0, THERMO PARAMS, -9999, -9999, -9999, N, 10, DT, -999, SHR82, -99, 
AL, 06, 2026091900, 03, HFSA, 102, 321N,  393W,  16, 1018, XX,  34, NEQ,    0,    0,    0,    0,  -99,  -99, 141,   0,   0,    ,   0,    , 240,  10,           ,  ,  0,    ,    0,    0,    0,    0, THERMO PARAMS, -9999, -9999, -9999, N, 10, DT, -999, SHR82, -99, 
AL, 06, 2026091900, 03, TVCN,   0, 334N,  339W,   0,    0,   ,   0,    ,    0,    0,    0,    0, 
AL, 06, 2026091900, 03, TVCN,  12, 334N,  336W,   0,    0,   ,   0,    ,    0,    0,    0,    0, 
AL, 06, 2026091900, 03, TVCN,  24, 338N,  333W,   0,    0,   ,   0,    ,    0,    0,    0,    0, 
AL, 06, 2026091900, 03, TVCN,  36, 346N,  332W,   0,    0,   ,   0,    ,    0,    0,    0,    0, 
AL, 06, 2026091900, 03, TVCN,  48, 350N,  329W,   0,    0,   ,   0,    ,    0,    0,    0,    0, 
AL, 06, 2026091900, 03, TVCN,  60, 347N,  326W,   0,    0,   ,   0,    ,    0,    0,    0,    0, 
AL, 06, 2026091900, 03, TVCN,  72, 340N,  331W,   0,    0,   ,   0,    ,    0,    0,    0,    0, 
AL, 06, 2026091900, 03, TVCN,  84, 333N,  343W,   0,    0,   ,   0,    ,    0,    0,    0,    0, 
AL, 06, 2026091900, 03, TVCN,  96, 326N,  358W,   0,    0,   ,   0,    ,    0,    0,    0,    0, 
AL, 06, 2026091900, 03, TVCN, 108, 315N,  372W,   0,    0,   ,   0,    ,    0,    0,    0,    0, 
AL, 06, 2026091900, 03, TVCN, 120, 296N,  382W,   0,    0,   ,   0,    ,    0,    0,    0,    0, 
AL, 06, 2026091900, 03, TVCN, 132, 291N,  398W,   0,    0,   ,   0,    ,    0,    0,    0,    0, 
AL, 06, 2026091900, 03, TVCN, 144, 288N,  411W,   0,    0,   ,   0,    ,    0,    0,    0,    0, 
AL, 06, 2026091900, 03, TVCN, 156, 287N,  422W,   0,    0,   ,   0,    ,    0,    0,    0,    0, 
AL, 06, 2026091906, 03, AVNO,   0, 322N,  336W,  17, 1015, XX,  34, NEQ,    0,    0,    0,    0,  -99,  -99, 162,   0,   0, 
AL, 06, 2026091906, 03, AVNO,   6, 322N,  335W,  21, 1015, XX,  34, NEQ,    0,    0,    0,    0,  -99,  -99, 159,   0,   0, 
AL, 06, 2026091906, 03, AVNO,  12, 324N,  332W,  20, 1014, XX,  34, NEQ,    0,    0,    0,    0,  -99,  -99, 127,   0,   0, 
AL, 06, 2026091906, 03, AVNO,  18, 327N,  330W,  21, 1016, XX,  34, NEQ,    0,    0,    0,    0,  -99,  -99, 108,   0,   0, 
AL, 06, 2026091906, 03, AVNO,  24, 332N,  331W,  23, 1014, XX,  34, NEQ,    0,    0,    0,    0,  -99,  -99,  92,   0,   0, 
AL, 06, 2026091906, 03, AVNO,  30, 337N,  332W,  23, 1016, XX,  34, NEQ,    0,    0,    0,    0,  -99,  -99,  84,   0,   0, 
AL, 06, 2026091906, 03, AVNO,  36, 342N,  331W,  21, 1015, XX,  34, NEQ,    0,    0,    0,    0,  -99,  -99,  88,   0,   0, 
AL, 06, 2026091906, 03, AVNO,  42, 342N,  331W,  20, 1017, XX,  34, NEQ,    0,    0,    0,    0,  -99,  -99, 100,   0,   0, 
AL, 06, 2026091906, 03, AVNO,  48, 341N,  332W,  19, 1017, XX,  34, NEQ,    0,    0,    0,    0,  -99,  -99, 110,   0,   0, 
AL, 06, 2026091906, 03, AVNO,  54, 339N,  333W,  18, 1019, XX,  34, NEQ,    0,    0,    0,    0,  -99,  -99, 122,   0,   0, 
AL, 06, 2026091906, 03, AVNO,  60, 336N,  335W,  17, 1019, XX,  34, NEQ,    0,    0,    0,    0,  -99,  -99, 134,   0,   0, 
AL, 06, 2026091906, 03, AVNO,  66, 333N,  340W,  19, 1020, XX,  34, NEQ,    0,    0,    0,    0,  -99,  -99, 123,   0,   0, 
AL, 06, 2026091906, 03, AVNO,  72, 332N,  348W,  16, 1019, XX,  34, NEQ,    0,    0,    0,    0,  -99,  -99, 113,   0,   0, 
AL, 06, 2026091906, 03, AVNO,  78, 331N,  357W,  18, 1021, XX,  34, NEQ,    0,    0,    0,    0,  -99,  -99, 120,   0,   0, 
AL, 06, 2026091906, 03, AVNO,  84, 331N,  365W,  16, 1020, XX,  34, NEQ,    0,    0,    0,    0,  -99,  -99, 126,   0,   0, 
AL, 06, 2026091906, 03, AVNO,  90, 329N,  373W,  17, 1021, XX,  34, NEQ,    0,    0,    0,    0,  -99,  -99, 143,   0,   0, 
AL, 06, 2026091906, 03, AVNO,  96, 323N,  383W,  14, 1019, XX,  34, NEQ,    0,    0,    0,    0,  -99,  -99, 160,   0,   0, 
AL, 06, 2026091906, 03, AVNO, 102, 320N,  387W,  13, 1020, XX,  34, NEQ,    0,    0,    0,    0,  -99,  -99, 109,   0,   0, 
AL, 06, 2026091906, 03, HCCA,   0, 326N,  336W,  30,    0,   ,   0,    ,    0,    0,    0,    0, 
AL, 06, 2026091906, 03, HCCA,  12, 325N,  333W,  34,    0,   ,   0,    ,    0,    0,    0,    0, 
AL, 06, 2026091906, 03, HCCA,  24, 332N,  331W,  42,    0,   ,   0,    ,    0,    0,    0,    0, 
AL, 06, 2026091906, 03, HCCA,  36, 337N,  326W,  48,    0,   ,   0,    ,    0,    0,    0,    0, 
AL, 06, 2026091906, 03, HCCA,  48, 336N,  320W,  46,    0,   ,   0,    ,    0,    0,    0,    0, 
AL, 06, 2026091906, 03, HCCA,  60, 327N,  319W,  39,    0,   ,   0,    ,    0,    0,    0,    0, 
AL, 06, 2026091906, 03, HCCA,  72, 314N,  328W,  38,    0,   ,   0,    ,    0,    0,    0,    0, 
AL, 06, 2026091906, 03, HCCA,  84, 301N,  343W,  37,    0,   ,   0,    ,    0,    0,    0,    0, 
AL, 06, 2026091906, 03, HCCA,  96, 289N,  360W,  38,    0,   ,   0,    ,    0,    0,    0,    0, 
AL, 06, 2026091906, 03, HCCA, 108, 280N,  377W,  36,    0,   ,   0,    ,    0,    0,    0,    0, 
AL, 06, 2026091906, 03, HCCA, 120, 272N,  393W,  37,    0,   ,   0,    ,    0,    0,    0,    0, 
AL, 06, 2026091906, 03, HCCA, 132, 275N,  405W,   0,    0,   ,   0,    ,    0,    0,    0,    0, 
AL, 06, 2026091906, 03, HCCA, 144, 279N,  410W,   0,    0,   ,   0,    ,    0,    0,    0,    0, 
AL, 06, 2026091906, 03, HCCA, 156, 285N,  412W,   0,    0,   ,   0,    ,    0,    0,    0,    0, 
AL, 06, 2026091906, 03, HFSA,   0, 327N,  336W,  30, 1015, XX,  34, NEQ,    0,    0,    0,    0,  -99,  -99,  37,   0,   0,    ,   0,    ,  97,   3,           ,  ,  0,    ,    0,    0,    0,    0, THERMO PARAMS, 76, -343, -299, N, 10, DT, -999, SHR82, -99, 
AL, 06, 2026091906, 03, HFSA,   6, 323N,  337W,  23, 1013, XX,  34, NEQ,    0,    0,    0,    0, 1017,   86, 121,   0,   0,    ,   0,    , 125,   2,           ,  ,  0,    ,    0,    0,    0,    0, THERMO PARAMS, 41, 38, -450, N, 10, DT, -999, SHR82, -99, 
AL, 06, 2026091906, 03, HFSA,  12, 324N,  336W,  33, 1012, XX,  34, NEQ,    0,    0,    0,    0, 1016,   84,  70,   0,   0,    ,   0,    ,  63,   3,           ,  ,  0,    ,    0,    0,    0,    0, THERMO PARAMS, 24, -64, -459, N, 10, DT, -999, SHR82, -99, 
AL, 06, 2026091906, 03, HFSA,  18, 327N,  334W,  32, 1014, XX,  34, NEQ,    0,    0,    0,    0,  -99,  -99,  49,   0,   0,    ,   0,    ,  27,   3,           ,  ,  0,    ,    0,    0,    0,    0, THERMO PARAMS, -43, 215, -363, N, 10, DT, -999, SHR82, -99, 
AL, 06, 2026091906, 03, HFSA,  24, 330N,  335W,  35, 1011, XX,  34, NEQ,    0,    0,    0,    0, 1015,   82,  75,   0,   0,    ,   0,    ,  28,   3,           ,  ,  0,    ,    0,    0,    0,    0, THERMO PARAMS, -56, 122, -265, N, 10, DT, -999, SHR82, -99, 
AL, 06, 2026091906, 03, HFSA,  30, 331N,  336W,  33, 1013, XX,  34, NEQ,    0,    0,    0,    0, 1017,   89, 108,   0,   0,    ,   0,    , 351,   2,           ,  ,  0,    ,    0,    0,    0,    0, THERMO PARAMS, -82, 94, -536, N, 10, DT, -999, SHR82, -99, 
AL, 06, 2026091906, 03, HFSA,  36, 333N,  331W,  31, 1011, XX,  34, NEQ,    0,    0,    0,    0,  -99,  -99,  87,   0,   0,    ,   0,    ,  58,   5,           ,  ,  0,    ,    0,    0,    0,    0, THERMO PARAMS, -49, 319, -577, N, 10, DT, -999, SHR82, -99, 
AL, 06, 2026091906, 03, HFSA,  42, 333N,  330W,  36, 1013, XX,  34, NEQ,    0,    0,    0,    0, 1017,   70,  50,   0,   0,    ,   0,    ,  91,   2,           ,  ,  0,    ,    0,    0,    0,    0, THERMO PARAMS, 47, -116, -149, N, 10, DT, -999, SHR82, -99, 
AL, 06, 2026091906, 03, HFSA,  48, 331N,  332W,  32, 1012, XX,  34, NEQ,    0,    0,    0,    0,  -99,  -99,  51,   0,   0,    ,   0,    , 204,   2,           ,  ,  0,    ,    0,    0,    0,    0, THERMO PARAMS, 23, 238, -281, N, 10, DT, -999, SHR82, -99, 
AL, 06, 2026091906, 03, HFSA,  54, 328N,  333W,  34, 1015, XX,  34, NEQ,    0,    0,    0,    0, 1019,   81,  66,   0,   0,    ,   0,    , 221,   3,           ,  ,  0,    ,    0,    0,    0,    0, THERMO PARAMS, -5, 542, -451, N, 10, DT, -999, SHR82, -99, 
AL, 06, 2026091906, 03, HFSA,  60, 327N,  336W,  29, 1014, XX,  34, NEQ,    0,    0,    0,    0, 1018,  111,  65,   0,   0,    ,   0,    , 187,   2,           ,  ,  0,    ,    0,    0,    0,    0, THERMO PARAMS, 149, 816, -416, N, 10, DT, -999, SHR82, -99, 
AL, 06, 2026091906, 03, HFSA,  66, 322N,  344W,  26, 1016, XX,  34, NEQ,    0,    0,    0,    0,  -99,  -99,  67,   0,   0,    ,   0,    , 238,   8,           ,  ,  0,    ,    0,    0,    0,    0, THERMO PARAMS, -25, 849, -423, N, 10, DT, -999, SHR82, -99, 
AL, 06, 2026091906, 03, HFSA,  72, 320N,  353W,  25, 1016, XX,  34, NEQ,    0,    0,    0,    0,  -99,  -99,  68,   0,   0,    ,   0,    , 251,   6,           ,  ,  0,    ,    0,    0,    0,    0, THERMO PARAMS, -51, 670, -459, N, 10, DT, -999, SHR82, -99, 
AL, 06, 2026091906, 03, HFSA,  78, 318N,  362W,  25, 1018, XX,  34, NEQ,    0,    0,    0,    0,  -99,  -99,  86,   0,   0,    ,   0,    , 258,   7,           ,  ,  0,    ,    0,    0,    0,    0, THERMO PARAMS, -30, 666, -454, N, 10, DT, -999, SHR82, -99, 
AL, 06, 2026091906, 03, HFSA,  84, 317N,  373W,  23, 1017, XX,  34, NEQ,    0,    0,    0,    0,  -99,  -99,  77,   0,   0,    ,   0,    , 259,   8,           ,  ,  0,    ,    0,    0,    0,    0, THERMO PARAMS, -46, 380, -482, N, 10, DT, -999, SHR82, -99, 
AL, 06, 2026091906, 03, HFSA,  90, 315N,  383W,  23, 1018, XX,  34, NEQ,    0,    0,    0,    0,  -99,  -99,  87,   0,   0,    ,   0,    , 256,   9,           ,  ,  0,    ,    0,    0,    0,    0, THERMO PARAMS, 17, 333, -355, N, 10, DT, -999, SHR82, -99, 
AL, 06, 2026091906, 03, HFSA,  96, 315N,  394W,  20, 1016, XX,  34, NEQ,    0,    0,    0,    0,  -99,  -99, 109,   0,   0,    ,   0,    , 270,   8,           ,  ,  0,    ,    0,    0,    0,    0, THERMO PARAMS, -9999, -9999, -9999, N, 10, DT, -999, SHR82, -99, 
AL, 06, 2026091906, 03, HFSA, 102, 316N,  403W,  19, 1018, XX,  34, NEQ,    0,    0,    0,    0,  -99,  -99,  74,   0,   0,    ,   0,    , 266,   7,           ,  ,  0,    ,    0,    0,    0,    0, THERMO PARAMS, -9999, -9999, -9999, N, 10, DT, -999, SHR82, -99, 
AL, 06, 2026091906, 03, HFSA, 108, 312N,  410W,  20, 1016, XX,  34, NEQ,    0,    0,    0,    0,  -99,  -99,  88,   0,   0,    ,   0,    , 241,   7,           ,  ,  0,    ,    0,    0,    0,    0, THERMO PARAMS, -9999, -9999, -9999, N, 10, DT, -999, SHR82, -99, 
AL, 06, 2026091906, 03, TVCN,   0, 326N,  336W,   0,    0,   ,   0,    ,    0,    0,    0,    0, 
AL, 06, 2026091906, 03, TVCN,  12, 327N,  333W,   0,    0,   ,   0,    ,    0,    0,    0,    0, 
AL, 06, 2026091906, 03, TVCN,  24, 334N,  332W,   0,    0,   ,   0,    ,    0,    0,    0,    0, 
AL, 06, 2026091906, 03, TVCN,  36, 341N,  330W,   0,    0,   ,   0,    ,    0,    0,    0,    0, 
AL, 06, 2026091906, 03, TVCN,  48, 340N,  327W,   0,    0,   ,   0,    ,    0,    0,    0,    0, 
AL, 06, 2026091906, 03, TVCN,  60, 335N,  328W,   0,    0,   ,   0,    ,    0,    0,    0,    0, 
AL, 06, 2026091906, 03, TVCN,  72, 328N,  337W,   0,    0,   ,   0,    ,    0,    0,    0,    0, 
AL, 06, 2026091906, 03, TVCN,  84, 322N,  351W,   0,    0,   ,   0,    ,    0,    0,    0,    0, 
AL, 06, 2026091906, 03, TVCN,  96, 316N,  365W,   0,    0,   ,   0,    ,    0,    0,    0,    0, 
AL, 06, 2026091906, 03, TVCN, 108, 301N,  390W,   0,    0,   ,   0,    ,    0,    0,    0,    0, 
AL, 06, 2026091906, 03, TVCN, 120, 293N,  399W,   0,    0,   ,   0,    ,    0,    0,    0,    0, 
AL, 06, 2026091906, 03, TVCN, 132, 294N,  416W,   0,    0,   ,   0,    ,    0,    0,    0,    0, 
AL, 06, 2026091912, 03,  UKX,   0, 326N,  336W,  23, 1014, XX,  34, NEQ,    0,    0,    0,    0, 
AL, 06, 2026091912, 03,  UKX,   6, 328N,  334W,  23, 1013, XX,  34, NEQ,    0,    0,    0,    0, 
AL, 06, 2026091912, 03,  UKX,  12, 332N,  334W,  27, 1013, XX,  34, NEQ,    0,    0,    0,    0, 
AL, 06, 2026091912, 03,  UKX,  18, 337N,  333W,  29, 1011, XX,  34, NEQ,    0,    0,    0,    0, 
AL, 06, 2026091912, 03,  UKX,  24, 343N,  332W,  29, 1012, XX,  34, NEQ,    0,    0,    0,    0, 
AL, 06, 2026091912, 03,  UKX,  30, 346N,  329W,  29, 1012, XX,  34, NEQ,    0,    0,    0,    0, 
AL, 06, 2026091912, 03,  UKX,  36, 347N,  324W,  30, 1012, XX,  34, NEQ,    0,    0,    0,    0, 
AL, 06, 2026091912, 03,  UKX,  42, 347N,  319W,  30, 1013, XX,  34, NEQ,    0,    0,    0,    0, 
AL, 06, 2026091912, 03,  UKX,  48, 346N,  318W,  30, 1015, XX,  34, NEQ,    0,    0,    0,    0, 
AL, 06, 2026091912, 03,  UKX,  54, 343N,  319W,  27, 1015, XX,  34, NEQ,    0,    0,    0,    0, 
AL, 06, 2026091912, 03,  UKX,  60, 338N,  323W,  28, 1017, XX,  34, NEQ,    0,    0,    0,    0, 
AL, 06, 2026091912, 03,  UKX,  66, 334N,  329W,  24, 1016, XX,  34, NEQ,    0,    0,    0,    0, 
AL, 06, 2026091912, 03,  UKX,  72, 330N,  336W,  24, 1018, XX,  34, NEQ,    0,    0,    0,    0, 
AL, 06, 2026091912, 03,  UKX,  78, 328N,  345W,  23, 1017, XX,  34, NEQ,    0,    0,    0,    0, 
AL, 06, 2026091912, 03,  UKX,  84, 324N,  352W,  22, 1018, XX,  34, NEQ,    0,    0,    0,    0, 
AL, 06, 2026091912, 03,  UKX,  90, 323N,  362W,  21, 1017, XX,  34, NEQ,    0,    0,    0,    0, 
AL, 06, 2026091912, 03,  UKX,  96, 321N,  368W,  19, 1018, XX,  34, NEQ,    0,    0,    0,    0, 
AL, 06, 2026091912, 03,  UKX, 102, 318N,  374W,  18, 1016, XX,  34, NEQ,    0,    0,    0,    0, 
AL, 06, 2026091912, 03,  UKX, 108, 313N,  380W,  18, 1017, XX,  34, NEQ,    0,    0,    0,    0, 
AL, 06, 2026091912, 03,  UKX, 114, 310N,  387W,  18, 1016, XX,  34, NEQ,    0,    0,    0,    0, 
AL, 06, 2026091912, 03,  UKX, 120, 306N,  393W,  20, 1018, XX,  34, NEQ,    0,    0,    0,    0, 
AL, 06, 2026091912, 03,  UKX, 126, 307N,  403W,  18, 1017, XX,  34, NEQ,    0,    0,    0,    0, 
AL, 06, 2026091912, 03,  UKX, 132, 304N,  414W,  18, 1019, XX,  34, NEQ,    0,    0,    0,    0, 
AL, 06, 2026091912, 03,  UKX, 138, 304N,  423W,  18, 1018, XX,  34, NEQ,    0,    0,    0,    0, 
AL, 06, 2026091912, 03,  UKX, 144, 308N,  431W,  18, 1019, XX,  34, NEQ,    0,    0,    0,    0, 
AL, 06, 2026091912, 03, AVNO,   0, 322N,  334W,  22, 1015, XX,  34, NEQ,    0,    0,    0,    0,  -99,  -99, 153,   0,   0, 
AL, 06, 2026091912, 03, AVNO,   6, 324N,  332W,  22, 1013, XX,  34, NEQ,    0,    0,    0,    0, 1017,  130, 109,   0,   0, 
AL, 06, 2026091912, 03, AVNO,  12, 328N,  330W,  23, 1014, XX,  34, NEQ,    0,    0,    0,    0,  -99,  -99, 103,   0,   0, 
AL, 06, 2026091912, 03, AVNO,  18, 333N,  330W,  25, 1013, XX,  34, NEQ,    0,    0,    0,    0,  -99,  -99,  86,   0,   0, 
AL, 06, 2026091912, 03, AVNO,  24, 338N,  330W,  25, 1014, XX,  34, NEQ,    0,    0,    0,    0,  -99,  -99,  61,   0,   0, 
AL, 06, 2026091912, 03, AVNO,  30, 341N,  330W,  24, 1013, XX,  34, NEQ,    0,    0,    0,    0, 1017,  121,  75,   0,   0, 
AL, 06, 2026091912, 03, AVNO,  36, 342N,  327W,  24, 1015, XX,  34, NEQ,    0,    0,    0,    0, 1019,  108,  70,   0,   0, 
AL, 06, 2026091912, 03, AVNO,  42, 341N,  325W,  25, 1014, XX,  34, NEQ,    0,    0,    0,    0, 1018,  145,  68,   0,   0, 
AL, 06, 2026091912, 03, AVNO,  48, 339N,  326W,  24, 1017, XX,  34, NEQ,    0,    0,    0,    0,  -99,  -99,  76,   0,   0, 
AL, 06, 2026091912, 03, AVNO,  54, 337N,  331W,  21, 1017, XX,  34, NEQ,    0,    0,    0,    0,  -99,  -99,  78,   0,   0, 
AL, 06, 2026091912, 03, AVNO,  60, 333N,  337W,  22, 1018, XX,  34, NEQ,    0,    0,    0,    0,  -99,  -99,  94,   0,   0, 
AL, 06, 2026091912, 03, AVNO,  66, 330N,  345W,  21, 1017, XX,  34, NEQ,    0,    0,    0,    0,  -99,  -99,  93,   0,   0, 
AL, 06, 2026091912, 03, AVNO,  72, 326N,  354W,  21, 1019, XX,  34, NEQ,    0,    0,    0,    0,  -99,  -99, 107,   0,   0, 
AL, 06, 2026091912, 03, AVNO,  78, 325N,  364W,  18, 1018, XX,  34, NEQ,    0,    0,    0,    0,  -99,  -99, 123,   0,   0, 
AL, 06, 2026091912, 03, AVNO,  84, 323N,  373W,  20, 1019, XX,  34, NEQ,    0,    0,    0,    0,  -99,  -99, 120,   0,   0, 
AL, 06, 2026091912, 03, AVNO,  90, 320N,  381W,  16, 1018, XX,  34, NEQ,    0,    0,    0,    0,  -99,  -99, 150,   0,   0, 
AL, 06, 2026091912, 03, AVNO,  96, 316N,  388W,  16, 1019, XX,  34, NEQ,    0,    0,    0,    0,  -99,  -99, 116,   0,   0, 
AL, 06, 2026091912, 03, AVNO, 102, 313N,  394W,  16, 1017, XX,  34, NEQ,    0,    0,    0,    0,  -99,  -99, 110,   0,   0, 
AL, 06, 2026091912, 03, AVNO, 108, 311N,  399W,  16, 1019, XX,  34, NEQ,    0,    0,    0,    0,  -99,  -99, 137,   0,   0, 
AL, 06, 2026091912, 03, AVNO, 114, 306N,  406W,  17, 1018, XX,  34, NEQ,    0,    0,    0,    0,  -99,  -99, 120,   0,   0, 
AL, 06, 2026091912, 03, AVNO, 120, 302N,  415W,  16, 1020, XX,  34, NEQ,    0,    0,    0,    0,  -99,  -99, 156,   0,   0, 
AL, 06, 2026091912, 03, AVNO, 126, 299N,  423W,  16, 1019, XX,  34, NEQ,    0,    0,    0,    0,  -99,  -99,  94,   0,   0, 
AL, 06, 2026091912, 03, AVNO, 132, 295N,  430W,  15, 1021, XX,  34, NEQ,    0,    0,    0,    0,  -99,  -99, 113,   0,   0, 
AL, 06, 2026091912, 03, HCCA,   0, 325N,  336W,  30,    0,   ,   0,    ,    0,    0,    0,    0, 
AL, 06, 2026091912, 03, HCCA,  12, 329N,  333W,  36,    0,   ,   0,    ,    0,    0,    0,    0, 
AL, 06, 2026091912, 03, HCCA,  24, 338N,  331W,  40,    0,   ,   0,    ,    0,    0,    0,    0, 
AL, 06, 2026091912, 03, HCCA,  36, 341N,  328W,  40,    0,   ,   0,    ,    0,    0,    0,    0, 
AL, 06, 2026091912, 03, HCCA,  48, 336N,  325W,  38,    0,   ,   0,    ,    0,    0,    0,    0, 
AL, 06, 2026091912, 03, HCCA,  60, 327N,  330W,  34,    0,   ,   0,    ,    0,    0,    0,    0, 
AL, 06, 2026091912, 03, HCCA,  72, 317N,  344W,  32,    0,   ,   0,    ,    0,    0,    0,    0, 
AL, 06, 2026091912, 03, HCCA,  84, 308N,  364W,  35,    0,   ,   0,    ,    0,    0,    0,    0, 
AL, 06, 2026091912, 03, HCCA,  96, 303N,  384W,  37,    0,   ,   0,    ,    0,    0,    0,    0, 
AL, 06, 2026091912, 03, HCCA, 108, 299N,  403W,  37,    0,   ,   0,    ,    0,    0,    0,    0, 
AL, 06, 2026091912, 03, HCCA, 120, 297N,  421W,  39,    0,   ,   0,    ,    0,    0,    0,    0, 
AL, 06, 2026091912, 03, HCCA, 132, 300N,  435W,   0,    0,   ,   0,    ,    0,    0,    0,    0, 
AL, 06, 2026091912, 03, HCCA, 144, 307N,  444W,   0,    0,   ,   0,    ,    0,    0,    0,    0, 
AL, 06, 2026091912, 03, HCCA, 156, 314N,  447W,   0,    0,   ,   0,    ,    0,    0,    0,    0, 
AL, 06, 2026091912, 03, HFSA,   0, 324N,  337W,  30, 1011, XX,  34, NEQ,    0,    0,    0,    0, 1015,   59,  68,   0,   0,    ,   0,    , 104,   2,           ,  ,  0,    ,    0,    0,    0,    0, THERMO PARAMS, 88, 213, -318, N, 10, DT, -999, SHR82, -99, 
AL, 06, 2026091912, 03, HFSA,   6, 325N,  335W,  25, 1011, XX,  34, NEQ,    0,    0,    0,    0, 1015,   81,  50,   0,   0,    ,   0,    ,  55,   3,           ,  ,  0,    ,    0,    0,    0,    0, THERMO PARAMS, 34, 333, -525, N, 10, DT, -999, SHR82, -99, 
AL, 06, 2026091912, 03, HFSA,  12, 327N,  333W,  28, 1014, XX,  34, NEQ,    0,    0,    0,    0, 1018,   92,  68,   0,   0,    ,   0,    ,  37,   2,           ,  ,  0,    ,    0,    0,    0,    0, THERMO PARAMS, -8, 66, -545, N, 10, DT, -999, SHR82, -99, 
AL, 06, 2026091912, 03, HFSA,  18, 331N,  333W,  37, 1011, XX,  34, NEQ,    0,    0,    0,    0, 1015,   87,  69,   0,   0,    ,   0,    ,  27,   4,           ,  ,  0,    ,    0,    0,    0,    0, THERMO PARAMS, -22, 155, -547, N, 10, DT, -999, SHR82, -99, 
AL, 06, 2026091912, 03, HFSA,  24, 335N,  333W,  32, 1012, XX,  34, NEQ,    0,    0,    0,    0, 1016,   65,  78,   0,   0,    ,   0,    ,  23,   4,           ,  ,  0,    ,    0,    0,    0,    0, THERMO PARAMS, -49, 331, -553, N, 10, DT, -999, SHR82, -99, 
AL, 06, 2026091912, 03, HFSA,  30, 338N,  332W,  34, 1012, XX,  34, NEQ,    0,    0,    0,    0, 1016,   85, 125,   0,   0,    ,   0,    ,  59,   3,           ,  ,  0,    ,    0,    0,    0,    0, THERMO PARAMS, -39, 142, -535, N, 10, DT, -999, SHR82, -99, 
AL, 06, 2026091912, 03, HFSA,  36, 337N,  331W,  32, 1014, XX,  34, NEQ,    0,    0,    0,    0,  -99,  -99,  93,   0,   0,    ,   0,    , 129,   4,           ,  ,  0,    ,    0,    0,    0,    0, THERMO PARAMS, 94, -344, -191, N, 10, DT, -999, SHR82, -99, 
AL, 06, 2026091912, 03, HFSA,  42, 333N,  327W,  32, 1013, XX,  34, NEQ,    0,    0,    0,    0, 1017,   95,  62,   0,   0,    ,   0,    , 137,   4,           ,  ,  0,    ,    0,    0,    0,    0, THERMO PARAMS, 112, -120, -220, N, 10, DT, -999, SHR82, -99, 
AL, 06, 2026091912, 03, HFSA,  48, 333N,  328W,  28, 1016, XX,  34, NEQ,    0,    0,    0,    0, 1020,  109,  69,   0,   0,    ,   0,    , 225,   2,           ,  ,  0,    ,    0,    0,    0,    0, THERMO PARAMS, -49, 606, -757, N, 10, DT, -999, SHR82, -99, 
AL, 06, 2026091912, 03, HFSA,  54, 330N,  332W,  27, 1016, XX,  34, NEQ,    0,    0,    0,    0,  -99,  -99,  60,   0,   0,    ,   0,    , 218,   4,           ,  ,  0,    ,    0,    0,    0,    0, THERMO PARAMS, 10, 250, -469, N, 10, DT, -999, SHR82, -99, 
AL, 06, 2026091912, 03, HFSA,  60, 325N,  341W,  26, 1017, XX,  34, NEQ,    0,    0,    0,    0,  -99,  -99,  89,   0,   0,    ,   0,    , 230,   9,           ,  ,  0,    ,    0,    0,    0,    0, THERMO PARAMS, 9, 544, -667, N, 10, DT, -999, SHR82, -99, 
AL, 06, 2026091912, 03, HFSA,  66, 321N,  346W,  23, 1017, XX,  34, NEQ,    0,    0,    0,    0,  -99,  -99, 111,   0,   0,    ,   0,    , 234,   6,           ,  ,  0,    ,    0,    0,    0,    0, THERMO PARAMS, 10, 348, -697, N, 10, DT, -999, SHR82, -99, 
AL, 06, 2026091912, 03, HFSA,  72, 318N,  354W,  24, 1019, XX,  34, NEQ,    0,    0,    0,    0,  -99,  -99, 110,   0,   0,    ,   0,    , 244,   8,           ,  ,  0,    ,    0,    0,    0,    0, THERMO PARAMS, 37, 316, -773, N, 10, DT, -999, SHR82, -99, 
AL, 06, 2026091912, 03, HFSA,  78, 316N,  363W,  21, 1017, XX,  34, NEQ,    0,    0,    0,    0,  -99,  -99, 117,   0,   0,    ,   0,    , 251,   8,           ,  ,  0,    ,    0,    0,    0,    0, THERMO PARAMS, -22, 57, -796, N, 10, DT, -999, SHR82, -99, 
AL, 06, 2026091912, 03, HFSA,  84, 316N,  372W,  21, 1019, XX,  34, NEQ,    0,    0,    0,    0,  -99,  -99,  83,   0,   0,    ,   0,    , 257,   8,           ,  ,  0,    ,    0,    0,    0,    0, THERMO PARAMS, 18, -174, -766, N, 10, DT, -999, SHR82, -99, 
AL, 06, 2026091912, 03, HFSA,  90, 317N,  381W,  20, 1017, XX,  34, NEQ,    0,    0,    0,    0,  -99,  -99,  95,   0,   0,    ,   0,    , 265,   7,           ,  ,  0,    ,    0,    0,    0,    0, THERMO PARAMS, -24, -199, -641, N, 10, DT, -999, SHR82, -99, 
AL, 06, 2026091912, 03, HFSA,  96, 317N,  390W,  18, 1019, XX,  34, NEQ,    0,    0,    0,    0,  -99,  -99, 106,   0,   0,    ,   0,    , 258,   6,           ,  ,  0,    ,    0,    0,    0,    0, THERMO PARAMS, -19, -125, -316, N, 10, DT, -999, SHR82, -99, 
AL, 06, 2026091912, 03, HFSA, 102, 318N,  396W,  16, 1017, XX,  34, NEQ,    0,    0,    0,    0,  -99,  -99,  99,   0,   0,    ,   0,    , 245,   5,           ,  ,  0,    ,    0,    0,    0,    0, THERMO PARAMS, 6, -237, -307, N, 10, DT, -999, SHR82, -99, 
AL, 06, 2026091912, 03, HFSA, 108, 317N,  403W,  15, 1019, XX,  34, NEQ,    0,    0,    0,    0,  -99,  -99, 154,   0,   0,    ,   0,    , 247,   6,           ,  ,  0,    ,    0,    0,    0,    0, THERMO PARAMS, -9999, -9999, -9999, N, 10, DT, -999, SHR82, -99, 
AL, 06, 2026091912, 03, HFSA, 114, 314N,  410W,  16, 1017, XX,  34, NEQ,    0,    0,    0,    0,  -99,  -99, 122,   0,   0,    ,   0,    , 235,   5,           ,  ,  0,    ,    0,    0,    0,    0, THERMO PARAMS, -9999, -9999, -9999, N, 10, DT, -999, SHR82, -99, 
AL, 06, 2026091912, 03, TVCN,   0, 325N,  336W,   0,    0,   ,   0,    ,    0,    0,    0,    0, 
AL, 06, 2026091912, 03, TVCN,  12, 330N,  334W,   0,    0,   ,   0,    ,    0,    0,    0,    0, 
AL, 06, 2026091912, 03, TVCN,  24, 337N,  332W,   0,    0,   ,   0,    ,    0,    0,    0,    0, 
AL, 06, 2026091912, 03, TVCN,  36, 340N,  328W,   0,    0,   ,   0,    ,    0,    0,    0,    0, 
AL, 06, 2026091912, 03, TVCN,  48, 336N,  326W,   0,    0,   ,   0,    ,    0,    0,    0,    0, 
AL, 06, 2026091912, 03, TVCN,  60, 328N,  333W,   0,    0,   ,   0,    ,    0,    0,    0,    0, 
AL, 06, 2026091912, 03, TVCN,  72, 319N,  347W,   0,    0,   ,   0,    ,    0,    0,    0,    0, 
AL, 06, 2026091912, 03, TVCN,  84, 310N,  364W,   0,    0,   ,   0,    ,    0,    0,    0,    0, 
AL, 06, 2026091912, 03, TVCN,  96, 307N,  381W,   0,    0,   ,   0,    ,    0,    0,    0,    0, 
AL, 06, 2026091912, 03, TVCN, 108, 297N,  404W,   0,    0,   ,   0,    ,    0,    0,    0,    0, 
AL, 06, 2026091912, 03, TVCN, 120, 290N,  415W,   0,    0,   ,   0,    ,    0,    0,    0,    0, 
AL, 06, 2026091912, 03, TVCN, 132, 294N,  432W,   0,    0,   ,   0,    ,    0,    0,    0,    0, 
AL, 06, 2026091912, 03, TVCN, 144, 298N,  445W,   0,    0,   ,   0,    ,    0,    0,    0,    0, 
AL, 06, 2026091918, 03, AVNO,   0, 324N,  331W,  23, 1012, XX,  34, NEQ,    0,    0,    0,    0, 1016,  123,  93,   0,   0, 
AL, 06, 2026091918, 03, AVNO,   6, 328N,  330W,  25, 1014, XX,  34, NEQ,    0,    0,    0,    0, 1018,  116,  75,   0,   0, 
AL, 06, 2026091918, 03, AVNO,  12, 333N,  331W,  26, 1012, XX,  34, NEQ,    0,    0,    0,    0, 1016,  125,  89,   0,   0, 
AL, 06, 2026091918, 03, AVNO,  18, 339N,  331W,  25, 1014, XX,  34, NEQ,    0,    0,    0,    0, 1018,  119,  87,   0,   0, 
AL, 06, 2026091918, 03, AVNO,  24, 342N,  330W,  24, 1012, XX,  34, NEQ,    0,    0,    0,    0, 1016,  106,  52,   0,   0, 
AL, 06, 2026091918, 03, AVNO,  30, 342N,  327W,  24, 1014, XX,  34, NEQ,    0,    0,    0,    0, 1018,  104,  81,   0,   0, 
AL, 06, 2026091918, 03, AVNO,  36, 342N,  326W,  25, 1014, XX,  34, NEQ,    0,    0,    0,    0, 1018,  114,  60,   0,   0, 
AL, 06, 2026091918, 03, AVNO,  42, 339N,  327W,  26, 1016, XX,  34, NEQ,    0,    0,    0,    0, 1020,  117,  71,   0,   0, 
AL, 06, 2026091918, 03, AVNO,  48, 336N,  330W,  22, 1016, XX,  34, NEQ,    0,    0,    0,    0,  -99,  -99,  86,   0,   0, 
AL, 06, 2026091918, 03, AVNO,  54, 331N,  336W,  21, 1018, XX,  34, NEQ,    0,    0,    0,    0,  -99,  -99,  82,   0,   0, 
AL, 06, 2026091918, 03, AVNO,  60, 328N,  343W,  21, 1017, XX,  34, NEQ,    0,    0,    0,    0,  -99,  -99, 118,   0,   0, 
AL, 06, 2026091918, 03, AVNO,  66, 325N,  350W,  22, 1019, XX,  34, NEQ,    0,    0,    0,    0,  -99,  -99, 138,   0,   0, 
AL, 06, 2026091918, 03, AVNO,  72, 323N,  358W,  19, 1017, XX,  34, NEQ,    0,    0,    0,    0,  -99,  -99, 113,   0,   0, 
AL, 06, 2026091918, 03, AVNO,  78, 322N,  366W,  19, 1019, XX,  34, NEQ,    0,    0,    0,    0,  -99,  -99,  64,   0,   0, 
AL, 06, 2026091918, 03, AVNO,  84, 322N,  374W,  18, 1017, XX,  34, NEQ,    0,    0,    0,    0,  -99,  -99,  76,   0,   0, 
AL, 06, 2026091918, 03, AVNO,  90, 322N,  380W,  17, 1019, XX,  34, NEQ,    0,    0,    0,    0,  -99,  -99,  91,   0,   0, 
AL, 06, 2026091918, 03, AVNO,  96, 321N,  386W,  16, 1017, XX,  34, NEQ,    0,    0,    0,    0,  -99,  -99,  95,   0,   0, 
AL, 06, 2026091918, 03, AVNO, 102, 318N,  391W,  18, 1019, XX,  34, NEQ,    0,    0,    0,    0,  -99,  -99, 114,   0,   0, 
AL, 06, 2026091918, 03, AVNO, 108, 316N,  398W,  17, 1018, XX,  34, NEQ,    0,    0,    0,    0,  -99,  -99,  85,   0,   0, 
AL, 06, 2026091918, 03, AVNO, 114, 312N,  404W,  17, 1020, XX,  34, NEQ,    0,    0,    0,    0,  -99,  -99,  84,   0,   0, 
AL, 06, 2026091918, 03, AVNO, 120, 313N,  410W,  16, 1019, XX,  34, NEQ,    0,    0,    0,    0,  -99,  -99, 111,   0,   0, 
AL, 06, 2026091918, 03, AVNO, 126, 303N,  420W,  16, 1020, XX,  34, NEQ,    0,    0,    0,    0,  -99,  -99, 148,   0,   0, 
AL, 06, 2026091918, 03, HCCA,   0, 327N,  335W,  30,    0,   ,   0,    ,    0,    0,    0,    0, 
AL, 06, 2026091918, 03, HCCA,  12, 333N,  333W,  38,    0,   ,   0,    ,    0,    0,    0,    0, 
AL, 06, 2026091918, 03, HCCA,  24, 339N,  329W,  45,    0,   ,   0,    ,    0,    0,    0,    0, 
AL, 06, 2026091918, 03, HCCA,  36, 338N,  324W,  42,    0,   ,   0,    ,    0,    0,    0,    0, 
AL, 06, 2026091918, 03, HCCA,  48, 330N,  325W,  37,    0,   ,   0,    ,    0,    0,    0,    0, 
AL, 06, 2026091918, 03, HCCA,  60, 318N,  334W,  32,    0,   ,   0,    ,    0,    0,    0,    0, 
AL, 06, 2026091918, 03, HCCA,  72, 306N,  349W,  30,    0,   ,   0,    ,    0,    0,    0,    0, 
AL, 06, 2026091918, 03, HCCA,  84, 296N,  367W,  29,    0,   ,   0,    ,    0,    0,    0,    0, 
AL, 06, 2026091918, 03, HCCA,  96, 288N,  383W,  33,    0,   ,   0,    ,    0,    0,    0,    0, 
AL, 06, 2026091918, 03, HCCA, 108, 283N,  397W,  35,    0,   ,   0,    ,    0,    0,    0,    0, 
AL, 06, 2026091918, 03, HCCA, 120, 279N,  411W,  39,    0,   ,   0,    ,    0,    0,    0,    0, 
AL, 06, 2026091918, 03, HCCA, 132, 276N,  411W,   0,    0,   ,   0,    ,    0,    0,    0,    0, 
AL, 06, 2026091918, 03, HCCA, 144, 279N,  418W,   0,    0,   ,   0,    ,    0,    0,    0,    0, 
AL, 06, 2026091918, 03, HFSA,   0, 327N,  335W,  29, 1010, XX,  34, NEQ,    0,    0,    0,    0, 1014,   57,  49,   0,   0,    ,   0,    ,  69,   2,           ,  ,  0,    ,    0,    0,    0,    0, THERMO PARAMS, 45, 477, -522, N, 10, DT, -999, SHR82, -99, 
AL, 06, 2026091918, 03, HFSA,   6, 328N,  336W,  29, 1012, XX,  34, NEQ,    0,    0,    0,    0, 1016,   65,  45,   0,   0,    ,   0,    , 346,   2,           ,  ,  0,    ,    0,    0,    0,    0, THERMO PARAMS, -78, 268, -725, N, 10, DT, -999, SHR82, -99, 
AL, 06, 2026091918, 03, HFSA,  12, 332N,  334W,  36, 1011, XX,  34, NEQ,    0,    0,    0,    0, 1015,   81,  82,   0,   0,    ,   0,    ,  26,   5,           ,  ,  0,    ,    0,    0,    0,    0, THERMO PARAMS, -21, 187, -572, N, 10, DT, -999, SHR82, -99, 
AL, 06, 2026091918, 03, HFSA,  18, 337N,  334W,  30, 1013, XX,  34, NEQ,    0,    0,    0,    0, 1017,   67,  86,   0,   0,    ,   0,    ,  14,   5,           ,  ,  0,    ,    0,    0,    0,    0, THERMO PARAMS, -59, 318, -523, N, 10, DT, -999, SHR82, -99, 
AL, 06, 2026091918, 03, HFSA,  24, 340N,  333W,  29, 1012, XX,  34, NEQ,    0,    0,    0,    0, 1016,   73,  80,   0,   0,    ,   0,    ,  40,   3,           ,  ,  0,    ,    0,    0,    0,    0, THERMO PARAMS, -79, 253, -280, N, 10, DT, -999, SHR82, -99, 
AL, 06, 2026091918, 03, HFSA,  30, 338N,  329W,  32, 1014, XX,  34, NEQ,    0,    0,    0,    0, 1018,   79, 102,   0,   0,    ,   0,    , 114,   4,           ,  ,  0,    ,    0,    0,    0,    0, THERMO PARAMS, 82, 85, -419, N, 10, DT, -999, SHR82, -99, 
AL, 06, 2026091918, 03, HFSA,  36, 336N,  328W,  30, 1014, XX,  34, NEQ,    0,    0,    0,    0, 1018,   88,  57,   0,   0,    ,   0,    , 124,   4,           ,  ,  0,    ,    0,    0,    0,    0, THERMO PARAMS, 109, 127, -844, N, 10, DT, -999, SHR82, -99, 
AL, 06, 2026091918, 03, HFSA,  42, 334N,  331W,  25, 1016, XX,  34, NEQ,    0,    0,    0,    0, 1020,   94,  47,   0,   0,    ,   0,    , 204,   3,           ,  ,  0,    ,    0,    0,    0,    0, THERMO PARAMS, 22, 637, -1075, N, 10, DT, -999, SHR82, -99, 
AL, 06, 2026091918, 03, HFSA,  48, 330N,  333W,  27, 1016, XX,  34, NEQ,    0,    0,    0,    0,  -99,  -99,  70,   0,   0,    ,   0,    , 220,   4,           ,  ,  0,    ,    0,    0,    0,    0, THERMO PARAMS, -1, -129, -286, N, 10, DT, -999, SHR82, -99, 
AL, 06, 2026091918, 03, HFSA,  54, 328N,  338W,  27, 1017, XX,  34, NEQ,    0,    0,    0,    0,  -99,  -99,  81,   0,   0,    ,   0,    , 232,   6,           ,  ,  0,    ,    0,    0,    0,    0, THERMO PARAMS, -14, 543, -827, N, 10, DT, -999, SHR82, -99, 
AL, 06, 2026091918, 03, HFSA,  60, 326N,  345W,  26, 1017, XX,  34, NEQ,    0,    0,    0,    0,  -99,  -99,  92,   0,   0,    ,   0,    , 242,   5,           ,  ,  0,    ,    0,    0,    0,    0, THERMO PARAMS, -37, 316, -884, N, 10, DT, -999, SHR82, -99, 
AL, 06, 2026091918, 03, HFSA,  66, 323N,  354W,  23, 1019, XX,  34, NEQ,    0,    0,    0,    0,  -99,  -99,  99,   0,   0,    ,   0,    , 249,   7,           ,  ,  0,    ,    0,    0,    0,    0, THERMO PARAMS, -4, 303, -704, N, 10, DT, -999, SHR82, -99, 
AL, 06, 2026091918, 03, HFSA,  72, 323N,  365W,  21, 1018, XX,  34, NEQ,    0,    0,    0,    0,  -99,  -99, 122,   0,   0,    ,   0,    , 258,   7,           ,  ,  0,    ,    0,    0,    0,    0, THERMO PARAMS, -39, 106, -540, N, 10, DT, -999, SHR82, -99, 
AL, 06, 2026091918, 03, HFSA,  78, 323N,  374W,  19, 1019, XX,  34, NEQ,    0,    0,    0,    0,  -99,  -99, 101,   0,   0,    ,   0,    , 261,   7,           ,  ,  0,    ,    0,    0,    0,    0, THERMO PARAMS, -10, -84, -310, N, 10, DT, -999, SHR82, -99, 
AL, 06, 2026091918, 03, HFSA,  84, 323N,  384W,  20, 1018, XX,  34, NEQ,    0,    0,    0,    0,  -99,  -99,  98,   0,   0,    ,   0,    , 264,   5,           ,  ,  0,    ,    0,    0,    0,    0, THERMO PARAMS, -31, -138, -167, N, 10, DT, -999, SHR82, -99, 
AL, 06, 2026091918, 03, HFSA,  90, 322N,  391W,  16, 1020, XX,  34, NEQ,    0,    0,    0,    0,  -99,  -99, 121,   0,   0,    ,   0,    , 246,   6,           ,  ,  0,    ,    0,    0,    0,    0, THERMO PARAMS, -9999, -9999, -9999, N, 10, DT, -999, SHR82, -99, 
AL, 06, 2026091918, 03, TVCN,   0, 327N,  335W,   0,    0,   ,   0,    ,    0,    0,    0,    0, 
AL, 06, 2026091918, 03, TVCN,  12, 334N,  333W,   0,    0,   ,   0,    ,    0,    0,    0,    0, 
AL, 06, 2026091918, 03, TVCN,  24, 340N,  330W,   0,    0,   ,   0,    ,    0,    0,    0,    0, 
AL, 06, 2026091918, 03, TVCN,  36, 339N,  326W,   0,    0,   ,   0,    ,    0,    0,    0,    0, 
AL, 06, 2026091918, 03, TVCN,  48, 334N,  328W,   0,    0,   ,   0,    ,    0,    0,    0,    0, 
AL, 06, 2026091918, 03, TVCN,  60, 325N,  339W,   0,    0,   ,   0,    ,    0,    0,    0,    0, 
AL, 06, 2026091918, 03, TVCN,  72, 316N,  355W,   0,    0,   ,   0,    ,    0,    0,    0,    0, 
AL, 06, 2026091918, 03, TVCN,  84, 310N,  372W,   0,    0,   ,   0,    ,    0,    0,    0,    0, 
AL, 06, 2026091918, 03, TVCN,  96, 306N,  387W,   0,    0,   ,   0,    ,    0,    0,    0,    0, 
AL, 06, 2026091918, 03, TVCN, 108, 303N,  401W,   0,    0,   ,   0,    ,    0,    0,    0,    0, 
AL, 06, 2026091918, 03, TVCN, 120, 295N,  419W,   0,    0,   ,   0,    ,    0,    0,    0,    0, 
AL, 06, 2026091918, 03, TVCN, 132, 285N,  440W,   0,    0,   ,   0,    ,    0,    0,    0,    0, 
AL, 06, 2026092000, 03,  UKX,   0, 331N,  334W,  28, 1012, XX,  34, NEQ,    0,    0,    0,    0, 
AL, 06, 2026092000, 03,  UKX,   6, 336N,  332W,  30, 1010, XX,  34, NEQ,    0,    0,    0,    0, 
AL, 06, 2026092000, 03,  UKX,  12, 339N,  329W,  32, 1010, XX,  34, NEQ,    0,    0,    0,    0, 
AL, 06, 2026092000, 03,  UKX,  18, 343N,  325W,  30, 1010, XX,  34, NEQ,    0,    0,    0,    0, 
AL, 06, 2026092000, 03,  UKX,  24, 344N,  321W,  32, 1010, XX,  34, NEQ,    0,    0,    0,    0, 
AL, 06, 2026092000, 03,  UKX,  30, 344N,  318W,  33, 1011, XX,  34, NEQ,    0,    0,    0,    0, 
AL, 06, 2026092000, 03,  UKX,  36, 341N,  317W,  31, 1013, XX,  34, NEQ,    0,    0,    0,    0, 
AL, 06, 2026092000, 03,  UKX,  42, 337N,  320W,  30, 1014, XX,  34, NEQ,    0,    0,    0,    0, 
AL, 06, 2026092000, 03,  UKX,  48, 331N,  324W,  28, 1015, XX,  34, NEQ,    0,    0,    0,    0, 
AL, 06, 2026092000, 03,  UKX,  54, 327N,  329W,  26, 1015, XX,  34, NEQ,    0,    0,    0,    0, 
AL, 06, 2026092000, 03,  UKX,  60, 323N,  335W,  26, 1017, XX,  34, NEQ,    0,    0,    0,    0, 
AL, 06, 2026092000, 03,  UKX,  66, 320N,  344W,  24, 1016, XX,  34, NEQ,    0,    0,    0,    0, 
AL, 06, 2026092000, 03,  UKX,  72, 314N,  354W,  24, 1017, XX,  34, NEQ,    0,    0,    0,    0, 
AL, 06, 2026092000, 03,  UKX,  78, 311N,  365W,  22, 1016, XX,  34, NEQ,    0,    0,    0,    0, 
AL, 06, 2026092000, 03,  UKX,  84, 309N,  372W,  21, 1017, XX,  34, NEQ,    0,    0,    0,    0, 
AL, 06, 2026092000, 03,  UKX,  90, 307N,  380W,  20, 1015, XX,  34, NEQ,    0,    0,    0,    0, 
AL, 06, 2026092000, 03,  UKX,  96, 304N,  387W,  21, 1016, XX,  34, NEQ,    0,    0,    0,    0, 
AL, 06, 2026092000, 03,  UKX, 102, 302N,  395W,  20, 1015, XX,  34, NEQ,    0,    0,    0,    0, 
AL, 06, 2026092000, 03,  UKX, 108, 301N,  402W,  20, 1017, XX,  34, NEQ,    0,    0,    0,    0, 
AL, 06, 2026092000, 03,  UKX, 114, 301N,  408W,  17, 1015, XX,  34, NEQ,    0,    0,    0,    0, 
AL, 06, 2026092000, 03,  UKX, 120, 300N,  411W,  18, 1017, XX,  34, NEQ,    0,    0,    0,    0, 
AL, 06, 2026092000, 03,  UKX, 126, 300N,  414W,  17, 1016, XX,  34, NEQ,    0,    0,    0,    0, 
AL, 06, 2026092000, 03,  UKX, 132, 301N,  416W,  18, 1018, XX,  34, NEQ,    0,    0,    0,    0, 
AL, 06, 2026092000, 03,  UKX, 138, 302N,  418W,  17, 1016, XX,  34, NEQ,    0,    0,    0,    0, 
AL, 06, 2026092000, 03,  UKX, 144, 302N,  421W,  19, 1017, XX,  34, NEQ,    0,    0,    0,    0, 
AL, 06, 2026092000, 03, AVNO,   0, 329N,  331W,  25, 1013, XX,  34, NEQ,    0,    0,    0,    0, 1017,  103,  85,   0,   0, 
AL, 06, 2026092000, 03, AVNO,   6, 334N,  332W,  27, 1012, XX,  34, NEQ,    0,    0,    0,    0, 1016,   95,  90,   0,   0, 
AL, 06, 2026092000, 03, AVNO,  12, 339N,  332W,  28, 1013, XX,  34, NEQ,    0,    0,    0,    0, 1017,  101,  67,   0,   0, 
AL, 06, 2026092000, 03, AVNO,  18, 344N,  329W,  25, 1012, XX,  34, NEQ,    0,    0,    0,    0, 1016,   87,  52,   0,   0, 
AL, 06, 2026092000, 03, AVNO,  24, 344N,  325W,  26, 1013, XX,  34, NEQ,    0,    0,    0,    0, 1017,   74,  43,   0,   0, 
AL, 06, 2026092000, 03, AVNO,  30, 343N,  324W,  31, 1013, XX,  34, NEQ,    0,    0,    0,    0, 1017,   74,  43,   0,   0, 
AL, 06, 2026092000, 03, AVNO,  36, 340N,  323W,  32, 1015, XX,  34, NEQ,    0,    0,    0,    0, 1019,   68,  60,   0,   0, 
AL, 06, 2026092000, 03, AVNO,  42, 336N,  327W,  27, 1015, XX,  34, NEQ,    0,    0,    0,    0, 1019,   92,  77,   0,   0, 
AL, 06, 2026092000, 03, AVNO,  48, 329N,  332W,  23, 1016, XX,  34, NEQ,    0,    0,    0,    0, 1020,  105,  88,   0,   0, 
AL, 06, 2026092000, 03, AVNO,  54, 325N,  339W,  23, 1016, XX,  34, NEQ,    0,    0,    0,    0,  -99,  -99,  94,   0,   0, 
AL, 06, 2026092000, 03, AVNO,  60, 320N,  346W,  22, 1018, XX,  34, NEQ,    0,    0,    0,    0,  -99,  -99,  62,   0,   0, 
AL, 06, 2026092000, 03, AVNO,  66, 316N,  355W,  22, 1016, XX,  34, NEQ,    0,    0,    0,    0,  -99,  -99,  97,   0,   0, 
AL, 06, 2026092000, 03, AVNO,  72, 312N,  364W,  21, 1018, XX,  34, NEQ,    0,    0,    0,    0,  -99,  -99,  89,   0,   0, 
AL, 06, 2026092000, 03, AVNO,  78, 309N,  373W,  21, 1016, XX,  34, NEQ,    0,    0,    0,    0,  -99,  -99, 109,   0,   0, 
AL, 06, 2026092000, 03, AVNO,  84, 308N,  382W,  20, 1017, XX,  34, NEQ,    0,    0,    0,    0,  -99,  -99,  90,   0,   0, 
AL, 06, 2026092000, 03, AVNO,  90, 305N,  392W,  18, 1016, XX,  34, NEQ,    0,    0,    0,    0,  -99,  -99, 120,   0,   0, 
AL, 06, 2026092000, 03, AVNO,  96, 301N,  403W,  19, 1018, XX,  34, NEQ,    0,    0,    0,    0,  -99,  -99,  99,   0,   0, 
AL, 06, 2026092000, 03, AVNO, 102, 296N,  413W,  20, 1016, XX,  34, NEQ,    0,    0,    0,    0,  -99,  -99, 121,   0,   0, 
AL, 06, 2026092000, 03, AVNO, 108, 294N,  424W,  21, 1018, XX,  34, NEQ,    0,    0,    0,    0,  -99,  -99, 127,   0,   0, 
AL, 06, 2026092000, 03, AVNO, 114, 291N,  435W,  21, 1017, XX,  34, NEQ,    0,    0,    0,    0,  -99,  -99, 125,   0,   0, 
AL, 06, 2026092000, 03, AVNO, 120, 293N,  448W,  19, 1019, XX,  34, NEQ,    0,    0,    0,    0,  -99,  -99, 121,   0,   0, 
AL, 06, 2026092000, 03, AVNO, 126, 294N,  461W,  18, 1018, XX,  34, NEQ,    0,    0,    0,    0,  -99,  -99, 114,   0,   0, 
AL, 06, 2026092000, 03, AVNO, 132, 295N,  471W,  17, 1019, XX,  34, NEQ,    0,    0,    0,    0,  -99,  -99, 110,   0,   0, 
AL, 06, 2026092000, 03, AVNO, 138, 299N,  481W,  14, 1018, XX,  34, NEQ,    0,    0,    0,    0,  -99,  -99, 113,   0,   0, 
AL, 06, 2026092000, 03, AVNO, 144, 299N,  490W,  14, 1019, XX,  34, NEQ,    0,    0,    0,    0,  -99,  -99, 129,   0,   0, 
AL, 06, 2026092000, 03, AVNO, 150, 301N,  497W,  14, 1017, XX,  34, NEQ,    0,    0,    0,    0,  -99,  -99, 149,   0,   0, 
AL, 06, 2026092000, 03, AVNO, 156, 305N,  506W,  14, 1018, XX,  34, NEQ,    0,    0,    0,    0,  -99,  -99, 124,   0,   0, 
AL, 06, 2026092000, 03, AVNO, 162, 318N,  510W,  15, 1017, XX,  34, NEQ,    0,    0,    0,    0,  -99,  -99, 114,   0,   0, 
AL, 06, 2026092000, 03, AVNO, 168, 331N,  511W,  14, 1018, XX,  34, NEQ,    0,    0,    0,    0,  -99,  -99, 132,   0,   0, 
AL, 06, 2026092000, 03, AVNO, 174, 349N,  515W,  17, 1015, XX,  34, NEQ,    0,    0,    0,    0,  -99,  -99, 159,   0,   0, 
AL, 06, 2026092000, 03, HCCA,   0, 331N,  333W,  30,    0,   ,   0,    ,    0,    0,    0,    0, 
AL, 06, 2026092000, 03, HCCA,  12, 339N,  330W,  38,    0,   ,   0,    ,    0,    0,    0,    0, 
AL, 06, 2026092000, 03, HCCA,  24, 342N,  325W,  42,    0,   ,   0,    ,    0,    0,    0,    0, 
AL, 06, 2026092000, 03, HCCA,  36, 338N,  323W,  38,    0,   ,   0,    ,    0,    0,    0,    0, 
AL, 06, 2026092000, 03, HCCA,  48, 328N,  328W,  35,    0,   ,   0,    ,    0,    0,    0,    0, 
AL, 06, 2026092000, 03, HCCA,  60, 317N,  339W,  31,    0,   ,   0,    ,    0,    0,    0,    0, 
AL, 06, 2026092000, 03, HCCA,  72, 306N,  356W,  29,    0,   ,   0,    ,    0,    0,    0,    0, 
AL, 06, 2026092000, 03, HCCA,  84, 298N,  373W,  29,    0,   ,   0,    ,    0,    0,    0,    0, 
AL, 06, 2026092000, 03, HCCA,  96, 294N,  389W,  31,    0,   ,   0,    ,    0,    0,    0,    0, 
AL, 06, 2026092000, 03, HCCA, 108, 290N,  405W,  35,    0,   ,   0,    ,    0,    0,    0,    0, 
AL, 06, 2026092000, 03, HCCA, 120, 289N,  417W,  38,    0,   ,   0,    ,    0,    0,    0,    0, 
AL, 06, 2026092000, 03, HCCA, 132, 288N,  418W,   0,    0,   ,   0,    ,    0,    0,    0,    0, 
AL, 06, 2026092000, 03, HCCA, 144, 287N,  427W,   0,    0,   ,   0,    ,    0,    0,    0,    0, 
AL, 06, 2026092000, 03, HCCA, 156, 290N,  432W,   0,    0,   ,   0,    ,    0,    0,    0,    0, 
AL, 06, 2026092000, 03, HFSA,   0, 331N,  332W,  29, 1011, XX,  34, NEQ,    0,    0,    0,    0, 1015,   55,  39,   0,   0,    ,   0,    ,  28,   3,           ,  ,  0,    ,    0,    0,    0,    0, THERMO PARAMS, -7, 446, -620, N, 10, DT, -999, SHR82, -99, 
AL, 06, 2026092000, 03, HFSA,   6, 335N,  332W,  33, 1011, XX,  34, NEQ,    0,    0,    0,    0, 1015,   64, 136,   0,   0,    ,   0,    ,  23,   4,           ,  ,  0,    ,    0,    0,    0,    0, THERMO PARAMS, -36, 332, -639, N, 10, DT, -999, SHR82, -99, 
AL, 06, 2026092000, 03, HFSA,  12, 339N,  331W,  34, 1012, XX,  34, NEQ,    0,    0,    0,    0, 1016,   64,  61,   0,   0,    ,   0,    ,  24,   5,           ,  ,  0,    ,    0,    0,    0,    0, THERMO PARAMS, -36, 251, -517, N, 10, DT, -999, SHR82, -99, 
AL, 06, 2026092000, 03, HFSA,  18, 344N,  331W,  34, 1011, XX,  34, NEQ,    0,    0,    0,    0,  -99,  -99,  46,   0,   0,    ,   0,    ,  47,   5,           ,  ,  0,    ,    0,    0,    0,    0, THERMO PARAMS, -53, 363, -225, N, 10, DT, -999, SHR82, -99, 
AL, 06, 2026092000, 03, HFSA,  24, 342N,  330W,  31, 1013, XX,  34, NEQ,    0,    0,    0,    0, 1017,   75,  86,   0,   0,    ,   0,    , 135,   3,           ,  ,  0,    ,    0,    0,    0,    0, THERMO PARAMS, 91, 138, -110, N, 10, DT, -999, SHR82, -99, 
AL, 06, 2026092000, 03, HFSA,  30, 338N,  327W,  29, 1013, XX,  34, NEQ,    0,    0,    0,    0, 1017,   78,  53,   0,   0,    ,   0,    , 139,   4,           ,  ,  0,    ,    0,    0,    0,    0, THERMO PARAMS, 97, 177, -189, N, 10, DT, -999, SHR82, -99, 
AL, 06, 2026092000, 03, HFSA,  36, 334N,  322W,  31, 1013, XX,  34, NEQ,    0,    0,    0,    0, 1017,   64,  56,   0,   0,    ,   0,    , 144,   5,           ,  ,  0,    ,    0,    0,    0,    0, THERMO PARAMS, 108, 184, -153, N, 10, DT, -999, SHR82, -99, 
AL, 06, 2026092000, 03, HFSA,  42, 333N,  325W,  29, 1015, XX,  34, NEQ,    0,    0,    0,    0, 1019,   94,  51,   0,   0,    ,   0,    , 206,   4,           ,  ,  0,    ,    0,    0,    0,    0, THERMO PARAMS, 8, 529, -707, N, 10, DT, -999, SHR82, -99, 
AL, 06, 2026092000, 03, HFSA,  48, 329N,  333W,  28, 1017, XX,  34, NEQ,    0,    0,    0,    0,  -99,  -99,  79,   0,   0,    ,   0,    , 231,   7,           ,  ,  0,    ,    0,    0,    0,    0, THERMO PARAMS, 10, 592, -693, N, 10, DT, -999, SHR82, -99, 
AL, 06, 2026092000, 03, HFSA,  54, 324N,  340W,  25, 1016, XX,  34, NEQ,    0,    0,    0,    0,  -99,  -99, 102,   0,   0,    ,   0,    , 222,   7,           ,  ,  0,    ,    0,    0,    0,    0, THERMO PARAMS, 48, 422, -588, N, 10, DT, -999, SHR82, -99, 
AL, 06, 2026092000, 03, HFSA,  60, 319N,  348W,  25, 1018, XX,  34, NEQ,    0,    0,    0,    0,  -99,  -99, 120,   0,   0,    ,   0,    , 236,   8,           ,  ,  0,    ,    0,    0,    0,    0, THERMO PARAMS, 35, 220, -487, N, 10, DT, -999, SHR82, -99, 
AL, 06, 2026092000, 03, HFSA,  66, 316N,  357W,  22, 1017, XX,  34, NEQ,    0,    0,    0,    0,  -99,  -99,  86,   0,   0,    ,   0,    , 243,   7,           ,  ,  0,    ,    0,    0,    0,    0, THERMO PARAMS, -11, 103, -385, N, 10, DT, -999, SHR82, -99, 
AL, 06, 2026092000, 03, HFSA,  72, 313N,  367W,  22, 1018, XX,  34, NEQ,    0,    0,    0,    0,  -99,  -99,  91,   0,   0,    ,   0,    , 243,   9,           ,  ,  0,    ,    0,    0,    0,    0, THERMO PARAMS, 36, -162, -270, N, 10, DT, -999, SHR82, -99, 
AL, 06, 2026092000, 03, HFSA,  78, 311N,  378W,  21, 1017, XX,  34, NEQ,    0,    0,    0,    0,  -99,  -99,  83,   0,   0,    ,   0,    , 249,   8,           ,  ,  0,    ,    0,    0,    0,    0, THERMO PARAMS, 10, -285, -265, N, 10, DT, -999, SHR82, -99, 
AL, 06, 2026092000, 03, HFSA,  84, 309N,  387W,  19, 1018, XX,  34, NEQ,    0,    0,    0,    0,  -99,  -99,  98,   0,   0,    ,   0,    , 246,   8,           ,  ,  0,    ,    0,    0,    0,    0, THERMO PARAMS, -7, -126, -91, N, 10, DT, -999, SHR82, -99, 
AL, 06, 2026092000, 03, HFSA,  90, 306N,  395W,  18, 1017, XX,  34, NEQ,    0,    0,    0,    0,  -99,  -99, 108,   0,   0,    ,   0,    , 243,   8,           ,  ,  0,    ,    0,    0,    0,    0, THERMO PARAMS, -9999, -9999, -9999, N, 10, DT, -999, SHR82, -99, 
AL, 06, 2026092000, 03, HFSA,  96, 303N,  405W,  18, 1018, XX,  34, NEQ,    0,    0,    0,    0,  -99,  -99, 152,   0,   0,    ,   0,    , 246,   9,           ,  ,  0,    ,    0,    0,    0,    0, THERMO PARAMS, -9999, -9999, -9999, N, 10, DT, -999, SHR82, -99, 
AL, 06, 2026092000, 03, TVCN,   0, 331N,  333W,   0,    0,   ,   0,    ,    0,    0,    0,    0, 
AL, 06, 2026092000, 03, TVCN,  12, 339N,  331W,   0,    0,   ,   0,    ,    0,    0,    0,    0, 
AL, 06, 2026092000, 03, TVCN,  24, 342N,  326W,   0,    0,   ,   0,    ,    0,    0,    0,    0, 
AL, 06, 2026092000, 03, TVCN,  36, 339N,  325W,   0,    0,   ,   0,    ,    0,    0,    0,    0, 
AL, 06, 2026092000, 03, TVCN,  48, 331N,  331W,   0,    0,   ,   0,    ,    0,    0,    0,    0, 
AL, 06, 2026092000, 03, TVCN,  60, 322N,  345W,   0,    0,   ,   0,    ,    0,    0,    0,    0, 
AL, 06, 2026092000, 03, TVCN,  72, 316N,  363W,   0,    0,   ,   0,    ,    0,    0,    0,    0, 
AL, 06, 2026092000, 03, TVCN,  84, 310N,  380W,   0,    0,   ,   0,    ,    0,    0,    0,    0, 
AL, 06, 2026092000, 03, TVCN,  96, 306N,  395W,   0,    0,   ,   0,    ,    0,    0,    0,    0, 
AL, 06, 2026092000, 03, TVCN, 108, 299N,  408W,   0,    0,   ,   0,    ,    0,    0,    0,    0, 
AL, 06, 2026092000, 03, TVCN, 120, 296N,  424W,   0,    0,   ,   0,    ,    0,    0,    0,    0, 
AL, 06, 2026092000, 03, TVCN, 132, 288N,  445W,   0,    0,   ,   0,    ,    0,    0,    0,    0, 
AL, 06, 2026092006, 03, AVNO,   0, 335N,  332W,  27, 1011, XX,  34, NEQ,    0,    0,    0,    0, 1015,   86,  94,   0,   0, 
AL, 06, 2026092006, 03, AVNO,   6, 341N,  331W,  29, 1012, XX,  34, NEQ,    0,    0,    0,    0, 1016,   74,  73,   0,   0, 
AL, 06, 2026092006, 03, AVNO,  12, 344N,  328W,  28, 1011, XX,  34, NEQ,    0,    0,    0,    0, 1015,   65,  52,   0,   0, 
AL, 06, 2026092006, 03, AVNO,  18, 344N,  326W,  33, 1012, XX,  34, NEQ,    0,    0,    0,    0, 1016,   56,  34,   0,   0, 
AL, 06, 2026092006, 03, AVNO,  24, 342N,  323W,  34, 1011, XX,  34, NEQ,   48,    0,    0,    0, 1015,   47,  47,   0,   0, 
AL, 06, 2026092006, 03, AVNO,  30, 339N,  323W,  31, 1013, XX,  34, NEQ,    0,    0,    0,    0, 1017,   49,  70,   0,   0, 
AL, 06, 2026092006, 03, AVNO,  36, 335N,  325W,  27, 1013, XX,  34, NEQ,    0,    0,    0,    0, 1017,   55,  82,   0,   0, 
AL, 06, 2026092006, 03, AVNO,  42, 330N,  330W,  26, 1015, XX,  34, NEQ,    0,    0,    0,    0, 1019,   66,  46,   0,   0, 
AL, 06, 2026092006, 03, AVNO,  48, 326N,  337W,  26, 1015, XX,  34, NEQ,    0,    0,    0,    0, 1019,   88,  68,   0,   0, 
AL, 06, 2026092006, 03, AVNO,  54, 322N,  345W,  24, 1017, XX,  34, NEQ,    0,    0,    0,    0, 1021,  106,  64,   0,   0, 
AL, 06, 2026092006, 03, AVNO,  60, 319N,  354W,  25, 1016, XX,  34, NEQ,    0,    0,    0,    0,  -99,  -99,  83,   0,   0, 
AL, 06, 2026092006, 03, AVNO,  66, 314N,  363W,  22, 1017, XX,  34, NEQ,    0,    0,    0,    0,  -99,  -99,  92,   0,   0, 
AL, 06, 2026092006, 03, AVNO,  72, 312N,  372W,  23, 1015, XX,  34, NEQ,    0,    0,    0,    0,  -99,  -99,  88,   0,   0, 
AL, 06, 2026092006, 03, AVNO,  78, 309N,  380W,  22, 1017, XX,  34, NEQ,    0,    0,    0,    0,  -99,  -99,  93,   0,   0, 
AL, 06, 2026092006, 03, AVNO,  84, 308N,  390W,  21, 1015, XX,  34, NEQ,    0,    0,    0,    0,  -99,  -99, 105,   0,   0, 
AL, 06, 2026092006, 03, AVNO,  90, 304N,  401W,  21, 1017, XX,  34, NEQ,    0,    0,    0,    0,  -99,  -99,  86,   0,   0, 
AL, 06, 2026092006, 03, AVNO,  96, 304N,  412W,  20, 1015, XX,  34, NEQ,    0,    0,    0,    0,  -99,  -99, 109,   0,   0, 
AL, 06, 2026092006, 03, AVNO, 102, 303N,  423W,  21, 1017, XX,  34, NEQ,    0,    0,    0,    0,  -99,  -99, 106,   0,   0, 
AL, 06, 2026092006, 03, AVNO, 108, 305N,  433W,  20, 1016, XX,  34, NEQ,    0,    0,    0,    0,  -99,  -99,  84,   0,   0, 
AL, 06, 2026092006, 03, AVNO, 114, 306N,  443W,  21, 1018, XX,  34, NEQ,    0,    0,    0,    0,  -99,  -99,  99,   0,   0, 
AL, 06, 2026092006, 03, AVNO, 120, 309N,  451W,  19, 1017, XX,  34, NEQ,    0,    0,    0,    0,  -99,  -99,  88,   0,   0, 
AL, 06, 2026092006, 03, AVNO, 126, 312N,  458W,  19, 1018, XX,  34, NEQ,    0,    0,    0,    0,  -99,  -99,  79,   0,   0, 
AL, 06, 2026092006, 03, AVNO, 132, 317N,  462W,  17, 1018, XX,  34, NEQ,    0,    0,    0,    0,  -99,  -99,  88,   0,   0, 
AL, 06, 2026092006, 03, AVNO, 138, 320N,  464W,  16, 1019, XX,  34, NEQ,    0,    0,    0,    0,  -99,  -99,  85,   0,   0, 
AL, 06, 2026092006, 03, AVNO, 144, 322N,  465W,  14, 1017, XX,  34, NEQ,    0,    0,    0,    0,  -99,  -99,  80,   0,   0, 
AL, 06, 2026092006, 03, AVNO, 150, 324N,  464W,  14, 1018, XX,  34, NEQ,    0,    0,    0,    0,  -99,  -99, 101,   0,   0, 
AL, 06, 2026092006, 03, AVNO, 156, 326N,  461W,  14, 1018, XX,  34, NEQ,    0,    0,    0,    0,  -99,  -99,  88,   0,   0, 
AL, 06, 2026092006, 03, AVNO, 162, 327N,  457W,  13, 1019, XX,  34, NEQ,    0,    0,    0,    0,  -99,  -99,  84,   0,   0, 
AL, 06, 2026092006, 03, AVNO, 168, 328N,  451W,  15, 1018, XX,  34, NEQ,    0,    0,    0,    0,  -99,  -99,  83,   0,   0, 
AL, 06, 2026092006, 03, AVNO, 174, 336N,  440W,  16, 1019, XX,  34, NEQ,    0,    0,    0,    0,  -99,  -99, 127,   0,   0, 
AL, 06, 2026092006, 03, AVNO, 180, 340N,  429W,  15, 1017, XX,  34, NEQ,    0,    0,    0,    0,  -99,  -99, 151,   0,   0, 
AL, 06, 2026092006, 03, HCCA,   0, 335N,  332W,  35,    0,   ,   0,    ,    0,    0,    0,    0, 
AL, 06, 2026092006, 03, HCCA,  12, 340N,  328W,  44,    0,   ,   0,    ,    0,    0,    0,    0, 
AL, 06, 2026092006, 03, HCCA,  24, 339N,  322W,  45,    0,   ,   0,    ,    0,    0,    0,    0, 
AL, 06, 2026092006, 03, HCCA,  36, 331N,  323W,  40,    0,   ,   0,    ,    0,    0,    0,    0, 
AL, 06, 2026092006, 03, HCCA,  48, 318N,  333W,  35,    0,   ,   0,    ,    0,    0,    0,    0, 
AL, 06, 2026092006, 03, HCCA,  60, 305N,  348W,  30,    0,   ,   0,    ,    0,    0,    0,    0, 
AL, 06, 2026092006, 03, HCCA,  72, 294N,  366W,  28,    0,   ,   0,    ,    0,    0,    0,    0, 
AL, 06, 2026092006, 03, HCCA,  84, 285N,  386W,  30,    0,   ,   0,    ,    0,    0,    0,    0, 
AL, 06, 2026092006, 03, HCCA,  96, 280N,  403W,  35,    0,   ,   0,    ,    0,    0,    0,    0, 
AL, 06, 2026092006, 03, HCCA, 108, 279N,  412W,  35,    0,   ,   0,    ,    0,    0,    0,    0, 
AL, 06, 2026092006, 03, HCCA, 120, 278N,  421W,  41,    0,   ,   0,    ,    0,    0,    0,    0, 
AL, 06, 2026092006, 03, HCCA, 132, 275N,  431W,   0,    0,   ,   0,    ,    0,    0,    0,    0, 
AL, 06, 2026092006, 03, HCCA, 144, 275N,  439W,   0,    0,   ,   0,    ,    0,    0,    0,    0, 
AL, 06, 2026092006, 03, HCCA, 156, 284N,  435W,   0,    0,   ,   0,    ,    0,    0,    0,    0, 
AL, 06, 2026092006, 03, HFSA,   0, 335N,  333W,  35, 1008, XX,  34, NEQ,   45,    0,    0,    0, 1016,  123,  37,   0,   0,    ,   0,    ,  34,   4,           ,  ,  0,    ,    0,    0,    0,    0, THERMO PARAMS, -10, 818, -460, N, 10, DT, -999, SHR82, -99, 
AL, 06, 2026092006, 03, HFSA,   6, 339N,  330W,  49, 1007, XX,  34, NEQ,   57,   66,    0,    0, 1011,   28,  60,   0,   0,    ,   0,    ,  33,   5,           ,  ,  0,    ,    0,    0,    0,    0, THERMO PARAMS, -40, 738, -390, N, 10, DT, -999, SHR82, -99, 
AL, 06, 2026092006, 03, HFSA,  12, 343N,  328W,  45, 1005, XX,  34, NEQ,   44,   62,    0,    0, 1009,   27,  55,   0,   0,    ,   0,    ,  66,   5,           ,  ,  0,    ,    0,    0,    0,    0, THERMO PARAMS, 2, 372, 247, N, 10, DT, -999, SHR82, -99, 
AL, 06, 2026092006, 03, HFSA,  18, 343N,  325W,  49, 1005, XX,  34, NEQ,   45,   62,    0,   37, 1013,   42,  20,   0,   0,    ,   0,    , 100,   2,           ,  ,  0,    ,    0,    0,    0,    0, THERMO PARAMS, 65, 291, 580, N, 10, DT, -999, SHR82, -99, 
AL, 06, 2026092006, 03, HFSA,  24, 340N,  323W,  39, 1005, XX,  34, NEQ,   58,   34,    0,   32, 1009,   20,  46,   0,   0,    ,   0,    , 147,   3,           ,  ,  0,    ,    0,    0,    0,    0, THERMO PARAMS, 102, 703, 370, N, 10, DT, -999, SHR82, -99, 
AL, 06, 2026092006, 03, HFSA,  30, 337N,  324W,  47, 1008, XX,  34, NEQ,   57,   60,    0,   49, 1012,   20,  34,   0,   0,    ,   0,    , 192,   4,           ,  ,  0,    ,    0,    0,    0,    0, THERMO PARAMS, 75, 993, 218, N, 10, DT, -999, SHR82, -99, 
AL, 06, 2026092006, 03, HFSA,  36, 333N,  329W,  36, 1009, XX,  34, NEQ,   49,    0,    0,   55, 1017,   67,  28,   0,   0,    ,   0,    , 207,   6,           ,  ,  0,    ,    0,    0,    0,    0, THERMO PARAMS, 27, 1381, -309, N, 10, DT, -999, SHR82, -99, 
AL, 06, 2026092006, 03, HFSA,  42, 327N,  336W,  35, 1012, XX,  34, NEQ,   44,    0,    0,   42, 1020,  104,  40,   0,   0,    ,   0,    , 221,   8,           ,  ,  0,    ,    0,    0,    0,    0, THERMO PARAMS, 44, 1209, -520, N, 10, DT, -999, SHR82, -99, 
AL, 06, 2026092006, 03, HFSA,  48, 322N,  345W,  32, 1012, XX,  34, NEQ,    0,    0,    0,    0, 1016,   41,  45,   0,   0,    ,   0,    , 229,   8,           ,  ,  0,    ,    0,    0,    0,    0, THERMO PARAMS, 29, 1212, -353, N, 10, DT, -999, SHR82, -99, 
AL, 06, 2026092006, 03, HFSA,  54, 318N,  353W,  36, 1015, XX,  34, NEQ,    0,    0,    0,   39, 1019,   48,  37,   0,   0,    ,   0,    , 241,   8,           ,  ,  0,    ,    0,    0,    0,    0, THERMO PARAMS, -2, 1061, -206, N, 10, DT, -999, SHR82, -99, 
AL, 06, 2026092006, 03, HFSA,  60, 317N,  363W,  41, 1013, XX,  34, NEQ,   34,    0,    0,   37, 1017,   54,  34,   0,   0,    ,   0,    , 245,   7,           ,  ,  0,    ,    0,    0,    0,    0, THERMO PARAMS, -25, 433, 226, N, 10, DT, -999, SHR82, -99, 
AL, 06, 2026092006, 03, HFSA,  66, 313N,  373W,  32, 1015, XX,  34, NEQ,    0,    0,    0,    0, 1019,   62,  36,   0,   0,    ,   0,    , 245,   9,           ,  ,  0,    ,    0,    0,    0,    0, THERMO PARAMS, 25, 575, -31, N, 10, DT, -999, SHR82, -99, 
AL, 06, 2026092006, 03, HFSA,  72, 311N,  384W,  31, 1013, XX,  34, NEQ,    0,    0,    0,    0,  -99,  -99,  35,   0,   0,    ,   0,    , 255,   8,           ,  ,  0,    ,    0,    0,    0,    0, THERMO PARAMS, -4, 383, -41, N, 10, DT, -999, SHR82, -99, 
AL, 06, 2026092006, 03, HFSA,  78, 311N,  392W,  32, 1015, XX,  34, NEQ,    0,    0,    0,    0, 1019,   67,  31,   0,   0,    ,   0,    , 258,   7,           ,  ,  0,    ,    0,    0,    0,    0, THERMO PARAMS, -28, -9999, -9999, N, 10, DT, -999, SHR82, -99, 
AL, 06, 2026092006, 03, HFSA,  84, 310N,  402W,  30, 1013, XX,  34, NEQ,    0,    0,    0,    0, 1017,   81,  41,   0,   0,    ,   0,    , 258,   8,           ,  ,  0,    ,    0,    0,    0,    0, THERMO PARAMS, -12, 355, 58, N, 10, DT, -999, SHR82, -99, 
AL, 06, 2026092006, 03, HFSA,  90, 310N,  412W,  37, 1014, XX,  34, NEQ,   26,    0,    0,    0,  -99,  -99,  26,   0,   0,    ,   0,    , 262,   8,           ,  ,  0,    ,    0,    0,    0,    0, THERMO PARAMS, -17, 386, 205, N, 10, DT, -999, SHR82, -99, 
AL, 06, 2026092006, 03, HFSA,  96, 311N,  422W,  30, 1013, XX,  34, NEQ,    0,    0,    0,    0, 1017,   81,  40,   0,   0,    ,   0,    , 268,   7,           ,  ,  0,    ,    0,    0,    0,    0, THERMO PARAMS, -29, 705, -232, N, 10, DT, -999, SHR82, -99, 
AL, 06, 2026092006, 03, HFSA, 102, 312N,  432W,  37, 1012, XX,  34, NEQ,   32,    0,    0,    0, 1016,   32,  30,   0,   0,    ,   0,    , 265,   7,           ,  ,  0,    ,    0,    0,    0,    0, THERMO PARAMS, -47, 240, 257, N, 10, DT, -999, SHR82, -99, 
AL, 06, 2026092006, 03, HFSA, 108, 314N,  443W,  37, 1013, XX,  34, NEQ,   24,    0,    0,   28, 1017,   38,  24,   0,   0,    ,   0,    , 270,   7,           ,  ,  0,    ,    0,    0,    0,    0, THERMO PARAMS, -39, 805, -136, N, 10, DT, -999, SHR82, -99, 
AL, 06, 2026092006, 03, HFSA, 114, 316N,  453W,  39, 1013, XX,  34, NEQ,    0,    0,    0,   23, 1017,   26,  22,   0,   0,    ,   0,    , 279,   7,           ,  ,  0,    ,    0,    0,    0,    0, THERMO PARAMS, -73, 499, 159, N, 10, DT, -999, SHR82, -99, 
AL, 06, 2026092006, 03, HFSA, 120, 319N,  462W,  32, 1013, XX,  34, NEQ,    0,    0,    0,    0, 1017,   31,  27,   0,   0,    ,   0,    , 289,   5,           ,  ,  0,    ,    0,    0,    0,    0, THERMO PARAMS, -82, 496, -66, N, 10, DT, -999, SHR82, -99, 
AL, 06, 2026092006, 03, HFSA, 126, 322N,  469W,  40, 1012, XX,  34, NEQ,   29,    0,    0,   24, 1016,   22,  21,   0,   0,    ,   0,    , -99, -99,           ,  ,  0,    ,    0,    0,    0,    0, THERMO PARAMS, -88, 472, 138, N, 10, DT, -999, SHR82, -99, 
AL, 06, 2026092006, 03, TVCN,   0, 335N,  332W,   0,    0,   ,   0,    ,    0,    0,    0,    0, 
AL, 06, 2026092006, 03, TVCN,  12, 342N,  328W,   0,    0,   ,   0,    ,    0,    0,    0,    0, 
AL, 06, 2026092006, 03, TVCN,  24, 341N,  324W,   0,    0,   ,   0,    ,    0,    0,    0,    0, 
AL, 06, 2026092006, 03, TVCN,  36, 334N,  325W,   0,    0,   ,   0,    ,    0,    0,    0,    0, 
AL, 06, 2026092006, 03, TVCN,  48, 324N,  336W,   0,    0,   ,   0,    ,    0,    0,    0,    0, 
AL, 06, 2026092006, 03, TVCN,  60, 315N,  352W,   0,    0,   ,   0,    ,    0,    0,    0,    0, 
AL, 06, 2026092006, 03, TVCN,  72, 309N,  370W,   0,    0,   ,   0,    ,    0,    0,    0,    0, 
AL, 06, 2026092006, 03, TVCN,  84, 303N,  385W,   0,    0,   ,   0,    ,    0,    0,    0,    0, 
AL, 06, 2026092006, 03, TVCN,  96, 299N,  400W,   0,    0,   ,   0,    ,    0,    0,    0,    0, 
AL, 06, 2026092006, 03, TVCN, 108, 297N,  406W,   0,    0,   ,   0,    ,    0,    0,    0,    0, 
AL, 06, 2026092006, 03, TVCN, 120, 296N,  415W,   0,    0,   ,   0,    ,    0,    0,    0,    0, 
AL, 06, 2026092006, 03, TVCN, 132, 296N,  419W,   0,    0,   ,   0,    ,    0,    0,    0,    0, 
AL, 06, 2026092006, 03, TVCN, 144, 296N,  441W,   0,    0,   ,   0,    ,    0,    0,    0,    0, 
AL, 06, 2026092012, 03,  UKX,   0, 340N,  332W,  32, 1010, XX,  34, NEQ,    0,    0,    0,    0, 
AL, 06, 2026092012, 03,  UKX,   6, 343N,  328W,  30, 1010, XX,  34, NEQ,    0,    0,    0,    0, 
AL, 06, 2026092012, 03,  UKX,  12, 344N,  323W,  35, 1010, XX,  34, NEQ,   46,    0,    0,    0, 
AL, 06, 2026092012, 03,  UKX,  18, 343N,  320W,  33, 1012, XX,  34, NEQ,    0,    0,    0,    0, 
AL, 06, 2026092012, 03,  UKX,  24, 340N,  320W,  33, 1013, XX,  34, NEQ,    0,    0,    0,    0, 
AL, 06, 2026092012, 03,  UKX,  30, 336N,  321W,  33, 1014, XX,  34, NEQ,    0,    0,    0,    0, 
AL, 06, 2026092012, 03,  UKX,  36, 331N,  326W,  29, 1015, XX,  34, NEQ,    0,    0,    0,    0, 
AL, 06, 2026092012, 03,  UKX,  42, 326N,  333W,  28, 1016, XX,  34, NEQ,    0,    0,    0,    0, 
AL, 06, 2026092012, 03,  UKX,  48, 320N,  341W,  27, 1018, XX,  34, NEQ,    0,    0,    0,    0, 
AL, 06, 2026092012, 03,  UKX,  54, 316N,  351W,  24, 1016, XX,  34, NEQ,    0,    0,    0,    0, 
AL, 06, 2026092012, 03,  UKX,  60, 312N,  360W,  24, 1018, XX,  34, NEQ,    0,    0,    0,    0, 
AL, 06, 2026092012, 03,  UKX,  66, 310N,  370W,  25, 1016, XX,  34, NEQ,    0,    0,    0,    0, 
AL, 06, 2026092012, 03,  UKX,  72, 309N,  378W,  23, 1018, XX,  34, NEQ,    0,    0,    0,    0, 
AL, 06, 2026092012, 03,  UKX,  78, 308N,  386W,  23, 1016, XX,  34, NEQ,    0,    0,    0,    0, 
AL, 06, 2026092012, 03,  UKX,  84, 307N,  396W,  23, 1017, XX,  34, NEQ,    0,    0,    0,    0, 
AL, 06, 2026092012, 03,  UKX,  90, 309N,  405W,  24, 1015, XX,  34, NEQ,    0,    0,    0,    0, 
AL, 06, 2026092012, 03,  UKX,  96, 311N,  412W,  23, 1017, XX,  34, NEQ,    0,    0,    0,    0, 
AL, 06, 2026092012, 03,  UKX, 102, 313N,  416W,  20, 1016, XX,  34, NEQ,    0,    0,    0,    0, 
AL, 06, 2026092012, 03,  UKX, 108, 315N,  420W,  20, 1018, XX,  34, NEQ,    0,    0,    0,    0, 
AL, 06, 2026092012, 03,  UKX, 114, 318N,  421W,  20, 1016, XX,  34, NEQ,    0,    0,    0,    0, 
AL, 06, 2026092012, 03,  UKX, 120, 321N,  424W,  20, 1018, XX,  34, NEQ,    0,    0,    0,    0, 
AL, 06, 2026092012, 03,  UKX, 126, 325N,  426W,  18, 1017, XX,  34, NEQ,    0,    0,    0,    0, 
AL, 06, 2026092012, 03,  UKX, 132, 327N,  425W,  18, 1018, XX,  34, NEQ,    0,    0,    0,    0, 
AL, 06, 2026092012, 03,  UKX, 138, 331N,  421W,  20, 1016, XX,  34, NEQ,    0,    0,    0,    0, 
AL, 06, 2026092012, 03,  UKX, 144, 335N,  413W,  20, 1018, XX,  34, NEQ,    0,    0,    0,    0, 
AL, 06, 2026092012, 03, AVNO,   0, 341N,  331W,  30, 1011, XX,  34, NEQ,    0,    0,    0,    0, 1015,   58,  73,   0,   0, 
AL, 06, 2026092012, 03, AVNO,   6, 345N,  328W,  37, 1007, XX,  34, NEQ,   43,   43,    0,   48, 1015,   98,  48,   0,   0, 
AL, 06, 2026092012, 03, AVNO,  12, 343N,  325W,  45, 1006, XX,  34, NEQ,   64,    0,   51,   48, 1018,  100,  34,   0,   0, 
AL, 06, 2026092012, 03, AVNO,  18, 342N,  322W,  34, 1007, XX,  34, NEQ,    0,    0,    0,    0, 1019,  137,  40,   0,   0, 
AL, 06, 2026092012, 03, AVNO,  24, 338N,  323W,  31, 1010, XX,  34, NEQ,    0,    0,    0,    0, 1018,   72,  43,   0,   0, 
AL, 06, 2026092012, 03, AVNO,  30, 334N,  325W,  29, 1010, XX,  34, NEQ,    0,    0,    0,    0, 1018,   98,  51,   0,   0, 
AL, 06, 2026092012, 03, AVNO,  36, 329N,  330W,  30, 1013, XX,  34, NEQ,    0,    0,    0,    0, 1021,  161,  58,   0,   0, 
AL, 06, 2026092012, 03, AVNO,  42, 325N,  338W,  26, 1013, XX,  34, NEQ,    0,    0,    0,    0, 1017,   53,  72,   0,   0, 
AL, 06, 2026092012, 03, AVNO,  48, 321N,  345W,  26, 1015, XX,  34, NEQ,    0,    0,    0,    0, 1019,   68,  72,   0,   0, 
AL, 06, 2026092012, 03, AVNO,  54, 317N,  353W,  26, 1014, XX,  34, NEQ,    0,    0,    0,    0, 1018,   79,  79,   0,   0, 
AL, 06, 2026092012, 03, AVNO,  60, 313N,  361W,  24, 1015, XX,  34, NEQ,    0,    0,    0,    0, 1019,   89,  85,   0,   0, 
AL, 06, 2026092012, 03, AVNO,  66, 311N,  370W,  24, 1014, XX,  34, NEQ,    0,    0,    0,    0,  -99,  -99,  87,   0,   0, 
AL, 06, 2026092012, 03, AVNO,  72, 309N,  378W,  23, 1015, XX,  34, NEQ,    0,    0,    0,    0,  -99,  -99,  82,   0,   0, 
AL, 06, 2026092012, 03, AVNO,  78, 307N,  386W,  23, 1014, XX,  34, NEQ,    0,    0,    0,    0,  -99,  -99,  81,   0,   0, 
AL, 06, 2026092012, 03, AVNO,  84, 304N,  396W,  22, 1015, XX,  34, NEQ,    0,    0,    0,    0,  -99,  -99,  97,   0,   0, 
AL, 06, 2026092012, 03, AVNO,  90, 303N,  404W,  22, 1014, XX,  34, NEQ,    0,    0,    0,    0,  -99,  -99,  93,   0,   0, 
AL, 06, 2026092012, 03, AVNO,  96, 300N,  412W,  21, 1016, XX,  34, NEQ,    0,    0,    0,    0,  -99,  -99,  99,   0,   0, 
AL, 06, 2026092012, 03, AVNO, 102, 300N,  421W,  21, 1016, XX,  34, NEQ,    0,    0,    0,    0,  -99,  -99,  91,   0,   0, 
AL, 06, 2026092012, 03, AVNO, 108, 299N,  430W,  20, 1018, XX,  34, NEQ,    0,    0,    0,    0,  -99,  -99, 103,   0,   0, 
AL, 06, 2026092012, 03, AVNO, 114, 300N,  439W,  20, 1016, XX,  34, NEQ,    0,    0,    0,    0,  -99,  -99,  97,   0,   0, 
AL, 06, 2026092012, 03, AVNO, 120, 300N,  447W,  20, 1018, XX,  34, NEQ,    0,    0,    0,    0,  -99,  -99,  77,   0,   0, 
AL, 06, 2026092012, 03, AVNO, 126, 301N,  454W,  19, 1017, XX,  34, NEQ,    0,    0,    0,    0,  -99,  -99,  81,   0,   0, 
AL, 06, 2026092012, 03, AVNO, 132, 303N,  461W,  20, 1018, XX,  34, NEQ,    0,    0,    0,    0,  -99,  -99,  75,   0,   0, 
AL, 06, 2026092012, 03, AVNO, 138, 307N,  468W,  20, 1016, XX,  34, NEQ,    0,    0,    0,    0,  -99,  -99,  75,   0,   0, 
AL, 06, 2026092012, 03, AVNO, 144, 311N,  475W,  20, 1018, XX,  34, NEQ,    0,    0,    0,    0,  -99,  -99,  88,   0,   0, 
AL, 06, 2026092012, 03, AVNO, 150, 317N,  479W,  17, 1017, XX,  34, NEQ,    0,    0,    0,    0,  -99,  -99, 103,   0,   0, 
AL, 06, 2026092012, 03, AVNO, 156, 325N,  481W,  18, 1018, XX,  34, NEQ,    0,    0,    0,    0,  -99,  -99,  93,   0,   0, 
AL, 06, 2026092012, 03, AVNO, 162, 333N,  479W,  18, 1017, XX,  34, NEQ,    0,    0,    0,    0,  -99,  -99,  90,   0,   0, 
AL, 06, 2026092012, 03, AVNO, 168, 342N,  473W,  18, 1018, XX,  34, NEQ,    0,    0,    0,    0,  -99,  -99,  78,   0,   0, 
AL, 06, 2026092012, 03, AVNO, 174, 356N,  465W,  19, 1017, XX,  34, NEQ,    0,    0,    0,    0,  -99,  -99,  81,   0,   0, 
AL, 06, 2026092012, 03, AVNO, 180, 363N,  450W,  18, 1019, XX,  34, NEQ,    0,    0,    0,    0,  -99,  -99,  87,   0,   0, 
AL, 06, 2026092012, 03, AVNO, 186, 364N,  431W,  24, 1018, XX,  34, NEQ,    0,    0,    0,    0,  -99,  -99, 160,   0,   0, 
AL, 06, 2026092012, 03, AVNO, 192, 361N,  421W,  24, 1020, XX,  34, NEQ,    0,    0,    0,    0,  -99,  -99, 152,   0,   0, 
AL, 06, 2026092012, 03, AVNO, 198, 357N,  418W,  22, 1018, XX,  34, NEQ,    0,    0,    0,    0,  -99,  -99, 115,   0,   0, 
AL, 06, 2026092012, 03, AVNO, 204, 356N,  418W,  24, 1019, XX,  34, NEQ,    0,    0,    0,    0,  -99,  -99, 120,   0,   0, 
AL, 06, 2026092012, 03, AVNO, 210, 367N,  424W,  31, 1017, XX,  34, NEQ,    0,    0,    0,    0,  -99,  -99, 145,   0,   0, 
AL, 06, 2026092012, 03, AVNO, 216, 374N,  422W,  30, 1017, XX,  34, NEQ,    0,    0,    0,    0,  -99,  -99, 154,   0,   0, 
AL, 06, 2026092012, 03, AVNO, 222, 367N,  400W,  27, 1014, XX,  34, NEQ,    0,    0,    0,    0,  -99,  -99,  61,   0,   0, 
AL, 06, 2026092012, 03, AVNO, 228, 362N,  379W,  31, 1014, XX,  34, NEQ,    0,    0,    0,    0,  -99,  -99,  63,   0,   0, 
AL, 06, 2026092012, 03, AVNO, 234, 360N,  368W,  29, 1011, XX,  34, NEQ,    0,    0,    0,    0, 1015,  300,  62,   0,   0, 
AL, 06, 2026092012, 03, AVNO, 240, 355N,  353W,  27, 1012, XX,  34, NEQ,    0,    0,    0,    0, 1016,  181,  64,   0,   0, 
AL, 06, 2026092012, 03, HCCA,   0, 340N,  331W,  45,    0,   ,   0,    ,    0,    0,    0,    0, 
AL, 06, 2026092012, 03, HCCA,  12, 343N,  325W,  53,    0,   ,   0,    ,    0,    0,    0,    0, 
AL, 06, 2026092012, 03, HCCA,  24, 338N,  323W,  50,    0,   ,   0,    ,    0,    0,    0,    0, 
AL, 06, 2026092012, 03, HCCA,  36, 328N,  330W,  41,    0,   ,   0,    ,    0,    0,    0,    0, 
AL, 06, 2026092012, 03, HCCA,  48, 315N,  343W,  35,    0,   ,   0,    ,    0,    0,    0,    0, 
AL, 06, 2026092012, 03, HCCA,  60, 303N,  360W,  32,    0,   ,   0,    ,    0,    0,    0,    0, 
AL, 06, 2026092012, 03, HCCA,  72, 294N,  378W,  31,    0,   ,   0,    ,    0,    0,    0,    0, 
AL, 06, 2026092012, 03, HCCA,  84, 289N,  397W,  34,    0,   ,   0,    ,    0,    0,    0,    0, 
AL, 06, 2026092012, 03, HCCA,  96, 286N,  413W,  39,    0,   ,   0,    ,    0,    0,    0,    0, 
AL, 06, 2026092012, 03, HCCA, 108, 283N,  426W,  36,    0,   ,   0,    ,    0,    0,    0,    0, 
AL, 06, 2026092012, 03, HCCA, 120, 286N,  437W,  39,    0,   ,   0,    ,    0,    0,    0,    0, 
AL, 06, 2026092012, 03, HCCA, 132, 285N,  432W,   0,    0,   ,   0,    ,    0,    0,    0,    0, 
AL, 06, 2026092012, 03, HCCA, 144, 283N,  429W,   0,    0,   ,   0,    ,    0,    0,    0,    0, 
AL, 06, 2026092012, 03, HCCA, 156, 288N,  424W,   0,    0,   ,   0,    ,    0,    0,    0,    0, 
AL, 06, 2026092012, 03, HCCA, 168, 294N,  419W,   0,    0,   ,   0,    ,    0,    0,    0,    0, 
AL, 06, 2026092012, 03, HFSA,   0, 340N,  331W,  52, 1005, XX,  34, NEQ,  100,   99,   62,   55, 1017,  128,  61,   0,   0,    ,   0,    ,  26,   5,           ,  ,  0,    ,    0,    0,    0,    0, THERMO PARAMS, -30, 1137, -439, N, 10, DT, -999, SHR82, -99, 
AL, 06, 2026092012, 03, HFSA,   6, 343N,  330W,  45, 1004, XX,  34, NEQ,   47,   37,   36,   45, 1008,   21,  27,   0,   0,    ,   0,    ,  73,   4,           ,  ,  0,    ,    0,    0,    0,    0, THERMO PARAMS, 31, 533, 165, N, 10, DT, -999, SHR82, -99, 
AL, 06, 2026092012, 03, HFSA,  12, 342N,  325W,  49, 1004, XX,  34, NEQ,   58,   58,   53,   37, 1008,   17,  31,   0,   0,    ,   0,    , 107,   4,           ,  ,  0,    ,    0,    0,    0,    0, THERMO PARAMS, 86, 316, 586, N, 10, DT, -999, SHR82, -99, 
AL, 06, 2026092012, 03, HFSA,  18, 340N,  321W,  49, 1004, XX,  34, NEQ,   52,   52,   44,   47, 1012,   40,  28,   0,   0,    ,   0,    , 124,   3,           ,  ,  0,    ,    0,    0,    0,    0, THERMO PARAMS, 92, 881, 243, N, 10, DT, -999, SHR82, -99, 
AL, 06, 2026092012, 03, HFSA,  24, 336N,  320W,  51, 1007, XX,  34, NEQ,   55,   50,   42,   53, 1011,   23,  23,   0,   0,    ,   0,    , 170,   4,           ,  ,  0,    ,    0,    0,    0,    0, THERMO PARAMS, 105, 803, 34, N, 10, DT, -999, SHR82, -99, 
AL, 06, 2026092012, 03, HFSA,  24, 336N,  320W,  51, 1007, XX,  50, NEQ,   23,    0,    0,    0, 1011,   23,  23,   0,   0,    ,   0,    , 170,   4,           ,  ,  0,    ,    0,    0,    0,    0, THERMO PARAMS, 105, 803, 34, N, 10, DT, -999, SHR82, -99, 
AL, 06, 2026092012, 03, HFSA,  30, 333N,  324W,  40, 1009, XX,  34, NEQ,   52,    0,   42,   60, 1017,   58,  40,   0,   0,    ,   0,    , 212,   5,           ,  ,  0,    ,    0,    0,    0,    0, THERMO PARAMS, 3, 1886, -594, N, 10, DT, -999, SHR82, -99, 
AL, 06, 2026092012, 03, HFSA,  36, 327N,  329W,  38, 1012, XX,  34, NEQ,   37,    0,    0,   37, 1020,   92,  32,   0,   0,    ,   0,    , 220,   7,           ,  ,  0,    ,    0,    0,    0,    0, THERMO PARAMS, 52, 1237, -499, N, 10, DT, -999, SHR82, -99, 
AL, 06, 2026092012, 03, HFSA,  42, 324N,  337W,  34, 1012, XX,  34, NEQ,    0,    0,    0,    0, 1016,   37,  46,   0,   0,    ,   0,    , 233,   7,           ,  ,  0,    ,    0,    0,    0,    0, THERMO PARAMS, -7, 1466, -516, N, 10, DT, -999, SHR82, -99, 
AL, 06, 2026092012, 03, HFSA,  48, 321N,  347W,  33, 1014, XX,  34, NEQ,    0,    0,    0,    0, 1018,   47,  47,   0,   0,    ,   0,    , 242,   8,           ,  ,  0,    ,    0,    0,    0,    0, THERMO PARAMS, -4, 1101, -335, N, 10, DT, -999, SHR82, -99, 
AL, 06, 2026092012, 03, HFSA,  54, 318N,  356W,  35, 1014, XX,  34, NEQ,   40,    0,    0,    0, 1018,   54,  39,   0,   0,    ,   0,    , 243,   7,           ,  ,  0,    ,    0,    0,    0,    0, THERMO PARAMS, -23, 555, -257, N, 10, DT, -999, SHR82, -99, 
AL, 06, 2026092012, 03, HFSA,  60, 315N,  365W,  30, 1015, XX,  34, NEQ,    0,    0,    0,    0, 1019,   63,  40,   0,   0,    ,   0,    , 243,   8,           ,  ,  0,    ,    0,    0,    0,    0, THERMO PARAMS, 7, 635, -208, N, 10, DT, -999, SHR82, -99, 
AL, 06, 2026092012, 03, HFSA,  66, 313N,  374W,  28, 1014, XX,  34, NEQ,    0,    0,    0,    0, 1018,   79,  67,   0,   0,    ,   0,    , 253,   6,           ,  ,  0,    ,    0,    0,    0,    0, THERMO PARAMS, -15, 409, -238, N, 10, DT, -999, SHR82, -99, 
AL, 06, 2026092012, 03, HFSA,  72, 313N,  383W,  29, 1015, XX,  34, NEQ,    0,    0,    0,    0,  -99,  -99,  36,   0,   0,    ,   0,    , 251,   7,           ,  ,  0,    ,    0,    0,    0,    0, THERMO PARAMS, -27, 461, -216, N, 10, DT, -999, SHR82, -99, 
AL, 06, 2026092012, 03, HFSA,  78, 312N,  392W,  28, 1014, XX,  34, NEQ,    0,    0,    0,    0,  -99,  -99,  49,   0,   0,    ,   0,    , 249,   7,           ,  ,  0,    ,    0,    0,    0,    0, THERMO PARAMS, -15, 413, -172, N, 10, DT, -999, SHR82, -99, 
AL, 06, 2026092012, 03, HFSA,  84, 309N,  400W,  23, 1015, XX,  34, NEQ,    0,    0,    0,    0,  -99,  -99,  63,   0,   0,    ,   0,    , 252,   7,           ,  ,  0,    ,    0,    0,    0,    0, THERMO PARAMS, -19, 410, -163, N, 10, DT, -999, SHR82, -99, 
AL, 06, 2026092012, 03, HFSA,  90, 309N,  408W,  27, 1014, XX,  34, NEQ,    0,    0,    0,    0,  -99,  -99,  41,   0,   0,    ,   0,    , 257,   5,           ,  ,  0,    ,    0,    0,    0,    0, THERMO PARAMS, -31, 349, 96, N, 10, DT, -999, SHR82, -99, 
AL, 06, 2026092012, 03, HFSA,  96, 309N,  416W,  31, 1015, XX,  34, NEQ,    0,    0,    0,    0,  -99,  -99,  31,   0,   0,    ,   0,    , 264,   6,           ,  ,  0,    ,    0,    0,    0,    0, THERMO PARAMS, -72, 471, 0, N, 10, DT, -999, SHR82, -99, 
AL, 06, 2026092012, 03, HFSA, 102, 309N,  424W,  28, 1015, XX,  34, NEQ,    0,    0,    0,    0,  -99,  -99,  40,   0,   0,    ,   0,    , 260,   5,           ,  ,  0,    ,    0,    0,    0,    0, THERMO PARAMS, -68, 448, -19, N, 10, DT, -999, SHR82, -99, 
AL, 06, 2026092012, 03, HFSA, 108, 308N,  432W,  30, 1015, XX,  34, NEQ,    0,    0,    0,    0, 1019,   50,  27,   0,   0,    ,   0,    , 253,   5,           ,  ,  0,    ,    0,    0,    0,    0, THERMO PARAMS, -50, 474, 61, N, 10, DT, -999, SHR82, -99, 
AL, 06, 2026092012, 03, HFSA, 114, 308N,  439W,  36, 1014, XX,  34, NEQ,    0,    0,    0,    0, 1018,   62,  29,   0,   0,    ,   0,    , 256,   4,           ,  ,  0,    ,    0,    0,    0,    0, THERMO PARAMS, -79, 406, -17, N, 10, DT, -999, SHR82, -99, 
AL, 06, 2026092012, 03, HFSA, 120, 308N,  446W,  33, 1016, XX,  34, NEQ,    0,    0,    0,    0,  -99,  -99,  27,   0,   0,    ,   0,    , 251,   5,           ,  ,  0,    ,    0,    0,    0,    0, THERMO PARAMS, -79, 940, -146, N, 10, DT, -999, SHR82, -99, 
AL, 06, 2026092012, 03, HFSA, 126, 308N,  454W,  25, 1015, XX,  34, NEQ,    0,    0,    0,    0,  -99,  -99,  20,   0,   0,    ,   0,    , -99, -99,           ,  ,  0,    ,    0,    0,    0,    0, THERMO PARAMS, -57, 591, -354, N, 10, DT, -999, SHR82, -99, 
AL, 06, 2026092012, 03, TVCN,   0, 340N,  331W,   0,    0,   ,   0,    ,    0,    0,    0,    0, 
AL, 06, 2026092012, 03, TVCN,  12, 343N,  326W,   0,    0,   ,   0,    ,    0,    0,    0,    0, 
AL, 06, 2026092012, 03, TVCN,  24, 339N,  324W,   0,    0,   ,   0,    ,    0,    0,    0,    0, 
AL, 06, 2026092012, 03, TVCN,  36, 330N,  331W,   0,    0,   ,   0,    ,    0,    0,    0,    0, 
AL, 06, 2026092012, 03, TVCN,  48, 320N,  344W,   0,    0,   ,   0,    ,    0,    0,    0,    0, 
AL, 06, 2026092012, 03, TVCN,  60, 311N,  361W,   0,    0,   ,   0,    ,    0,    0,    0,    0, 
AL, 06, 2026092012, 03, TVCN,  72, 306N,  378W,   0,    0,   ,   0,    ,    0,    0,    0,    0, 
AL, 06, 2026092012, 03, TVCN,  84, 302N,  395W,   0,    0,   ,   0,    ,    0,    0,    0,    0, 
AL, 06, 2026092012, 03, TVCN,  96, 299N,  411W,   0,    0,   ,   0,    ,    0,    0,    0,    0, 
AL, 06, 2026092012, 03, TVCN, 108, 298N,  426W,   0,    0,   ,   0,    ,    0,    0,    0,    0, 
AL, 06, 2026092012, 03, TVCN, 120, 298N,  438W,   0,    0,   ,   0,    ,    0,    0,    0,    0, 
AL, 06, 2026092012, 03, TVCN, 132, 297N,  449W,   0,    0,   ,   0,    ,    0,    0,    0,    0, 
AL, 06, 2026092012, 03, TVCN, 144, 305N,  430W,   0,    0,   ,   0,    ,    0,    0,    0,    0, 
AL, 06, 2026092012, 03, TVCN, 156, 308N,  423W,   0,    0,   ,   0,    ,    0,    0,    0,    0, 
AL, 06, 2026092018, 03, AVNO,   0, 345N,  327W,  41, 1005, XX,  34, NEQ,   44,   46,    0,   62, 1017,  172,  54,   0,   0, 
AL, 06, 2026092018, 03, AVNO,   6, 343N,  323W,  50, 1000, XX,  34, NEQ,   69,   66,   65,   60, 1016,   81,  41,   0,   0, 
AL, 06, 2026092018, 03, AVNO,   6, 343N,  323W,  50, 1000, XX,  50, NEQ,    0,    0,    0,   41, 1016,   81,  41,   0,   0, 
AL, 06, 2026092018, 03, AVNO,  12, 342N,  320W,  42, 1002, XX,  34, NEQ,   61,   56,   67,   62, 1018,  130,  34,   0,   0, 
AL, 06, 2026092018, 03, AVNO,  18, 339N,  321W,  43, 1006, XX,  34, NEQ,   56,   44,   50,   61, 1018,   80,  41,   0,   0, 
AL, 06, 2026092018, 03, AVNO,  24, 334N,  323W,  39, 1007, XX,  34, NEQ,   54,    0,    0,   62, 1019,  147,  38,   0,   0, 
AL, 06, 2026092018, 03, AVNO,  30, 328N,  328W,  39, 1010, XX,  34, NEQ,   71,    0,    0,   63, 1018,   78,  60,   0,   0, 
AL, 06, 2026092018, 03, AVNO,  36, 323N,  335W,  32, 1010, XX,  34, NEQ,    0,    0,    0,    0, 1018,  133,  59,   0,   0, 
AL, 06, 2026092018, 03, AVNO,  42, 317N,  342W,  30, 1013, XX,  34, NEQ,    0,    0,    0,    0, 1017,   46,  63,   0,   0, 
AL, 06, 2026092018, 03, AVNO,  48, 313N,  351W,  29, 1012, XX,  34, NEQ,    0,    0,    0,    0, 1016,   57,  56,   0,   0, 
AL, 06, 2026092018, 03, AVNO,  54, 309N,  360W,  28, 1014, XX,  34, NEQ,    0,    0,    0,    0, 1018,   64,  52,   0,   0, 
AL, 06, 2026092018, 03, AVNO,  60, 307N,  369W,  27, 1012, XX,  34, NEQ,    0,    0,    0,    0, 1016,   71,  69,   0,   0, 
AL, 06, 2026092018, 03, AVNO,  66, 304N,  378W,  25, 1014, XX,  34, NEQ,    0,    0,    0,    0, 1018,   82,  58,   0,   0, 
AL, 06, 2026092018, 03, AVNO,  72, 302N,  387W,  24, 1012, XX,  34, NEQ,    0,    0,    0,    0,  -99,  -99,  97,   0,   0, 
AL, 06, 2026092018, 03, AVNO,  78, 299N,  396W,  23, 1014, XX,  34, NEQ,    0,    0,    0,    0,  -99,  -99, 110,   0,   0, 
AL, 06, 2026092018, 03, AVNO,  84, 299N,  405W,  23, 1013, XX,  34, NEQ,    0,    0,    0,    0,  -99,  -99,  97,   0,   0, 
AL, 06, 2026092018, 03, AVNO,  90, 299N,  414W,  27, 1015, XX,  34, NEQ,    0,    0,    0,    0,  -99,  -99,  86,   0,   0, 
AL, 06, 2026092018, 03, AVNO,  96, 299N,  424W,  26, 1014, XX,  34, NEQ,    0,    0,    0,    0,  -99,  -99,  69,   0,   0, 
AL, 06, 2026092018, 03, AVNO, 102, 298N,  433W,  23, 1016, XX,  34, NEQ,    0,    0,    0,    0,  -99,  -99,  83,   0,   0, 
AL, 06, 2026092018, 03, AVNO, 108, 299N,  441W,  23, 1015, XX,  34, NEQ,    0,    0,    0,    0,  -99,  -99,  69,   0,   0, 
AL, 06, 2026092018, 03, AVNO, 114, 300N,  449W,  22, 1017, XX,  34, NEQ,    0,    0,    0,    0,  -99,  -99,  75,   0,   0, 
AL, 06, 2026092018, 03, AVNO, 120, 303N,  456W,  19, 1016, XX,  34, NEQ,    0,    0,    0,    0,  -99,  -99,  69,   0,   0, 
AL, 06, 2026092018, 03, AVNO, 126, 306N,  462W,  21, 1017, XX,  34, NEQ,    0,    0,    0,    0,  -99,  -99,  65,   0,   0, 
AL, 06, 2026092018, 03, AVNO, 132, 311N,  469W,  20, 1016, XX,  34, NEQ,    0,    0,    0,    0,  -99,  -99,  70,   0,   0, 
AL, 06, 2026092018, 03, AVNO, 138, 316N,  475W,  20, 1017, XX,  34, NEQ,    0,    0,    0,    0,  -99,  -99,  90,   0,   0, 
AL, 06, 2026092018, 03, AVNO, 144, 322N,  480W,  17, 1016, XX,  34, NEQ,    0,    0,    0,    0,  -99,  -99,  91,   0,   0, 
AL, 06, 2026092018, 03, AVNO, 150, 330N,  481W,  16, 1018, XX,  34, NEQ,    0,    0,    0,    0,  -99,  -99,  97,   0,   0, 
AL, 06, 2026092018, 03, AVNO, 156, 342N,  482W,  17, 1017, XX,  34, NEQ,    0,    0,    0,    0,  -99,  -99,  73,   0,   0, 
AL, 06, 2026092018, 03, AVNO, 162, 356N,  481W,  18, 1016, XX,  34, NEQ,    0,    0,    0,    0,  -99,  -99, 102,   0,   0, 
AL, 06, 2026092018, 03, AVNO, 168, 371N,  471W,  19, 1015, XX,  34, NEQ,    0,    0,    0,    0,  -99,  -99, 130,   0,   0, 
AL, 06, 2026092018, 03, HCCA,   0, 344N,  328W,  55,    0,   ,   0,    ,    0,    0,    0,    0, 
AL, 06, 2026092018, 03, HCCA,  12, 343N,  322W,  55,    0,   ,   0,    ,    0,    0,    0,    0, 
AL, 06, 2026092018, 03, HCCA,  24, 335N,  324W,  46,    0,   ,   0,    ,    0,    0,    0,    0, 
AL, 06, 2026092018, 03, HCCA,  36, 324N,  335W,  38,    0,   ,   0,    ,    0,    0,    0,    0, 
AL, 06, 2026092018, 03, HCCA,  48, 313N,  352W,  33,    0,   ,   0,    ,    0,    0,    0,    0, 
AL, 06, 2026092018, 03, HCCA,  60, 304N,  370W,  30,    0,   ,   0,    ,    0,    0,    0,    0, 
AL, 06, 2026092018, 03, HCCA,  72, 297N,  388W,  29,    0,   ,   0,    ,    0,    0,    0,    0, 
AL, 06, 2026092018, 03, HCCA,  84, 293N,  405W,  32,    0,   ,   0,    ,    0,    0,    0,    0, 
AL, 06, 2026092018, 03, HCCA,  96, 293N,  421W,  35,    0,   ,   0,    ,    0,    0,    0,    0, 
AL, 06, 2026092018, 03, HCCA, 108, 292N,  436W,  34,    0,   ,   0,    ,    0,    0,    0,    0, 
AL, 06, 2026092018, 03, HCCA, 120, 291N,  450W,  39,    0,   ,   0,    ,    0,    0,    0,    0, 
AL, 06, 2026092018, 03, HCCA, 132, 289N,  446W,   0,    0,   ,   0,    ,    0,    0,    0,    0, 
AL, 06, 2026092018, 03, HCCA, 144, 287N,  429W,   0,    0,   ,   0,    ,    0,    0,    0,    0, 
AL, 06, 2026092018, 03, HCCA, 156, 287N,  409W,   0,    0,   ,   0,    ,    0,    0,    0,    0, 
AL, 06, 2026092018, 03, HCCA, 168, 291N,  406W,   0,    0,   ,   0,    ,    0,    0,    0,    0, 
AL, 06, 2026092018, 03, HFSA,   0, 344N,  328W,  54, 1000, XX,  34, NEQ,   83,   79,   91,   81, 1016,  106,  31,   0,   0,    ,   0,    ,  53,   5,           ,  ,  0,    ,    0,    0,    0,    0, THERMO PARAMS, -16, 818, 671, N, 10, DT, -999, SHR82, -99, 
AL, 06, 2026092018, 03, HFSA,   0, 344N,  328W,  54, 1000, XX,  50, NEQ,   39,   31,   34,   37, 1016,  106,  31,   0,   0,    ,   0,    ,  53,   5,           ,  ,  0,    ,    0,    0,    0,    0, THERMO PARAMS, -16, 818, 671, N, 10, DT, -999, SHR82, -99, 
AL, 06, 2026092018, 03, HFSA,   6, 343N,  324W,  53,  999, XX,  34, NEQ,   68,   66,   66,   62, 1007,   32,  36,   0,   0,    ,   0,    , 105,   3,           ,  ,  0,    ,    0,    0,    0,    0, THERMO PARAMS, 79, 995, 483, N, 10, DT, -999, SHR82, -99, 
AL, 06, 2026092018, 03, HFSA,   6, 343N,  324W,  53,  999, XX,  50, NEQ,   37,    0,    0,    0, 1007,   32,  36,   0,   0,    ,   0,    , 105,   3,           ,  ,  0,    ,    0,    0,    0,    0, THERMO PARAMS, 79, 995, 483, N, 10, DT, -999, SHR82, -99, 
AL, 06, 2026092018, 03, HFSA,  12, 341N,  322W,  60,  998, XX,  34, NEQ,   68,   63,   65,   63, 1002,   16,  27,   0,   0,    ,   0,    , 115,   3,           ,  ,  0,    ,    0,    0,    0,    0, THERMO PARAMS, 93, 1333, 691, N, 10, DT, -999, SHR82, -99, 
AL, 06, 2026092018, 03, HFSA,  12, 341N,  322W,  60,  998, XX,  50, NEQ,   39,   34,    0,   34, 1002,   16,  27,   0,   0,    ,   0,    , 115,   3,           ,  ,  0,    ,    0,    0,    0,    0, THERMO PARAMS, 93, 1333, 691, N, 10, DT, -999, SHR82, -99, 
AL, 06, 2026092018, 03, HFSA,  18, 338N,  320W,  67, 1003, XX,  34, NEQ,   71,   68,   65,   71, 1011,   30,  36,   0,   0,    ,   0,    , 176,   4,           ,  ,  0,    ,    0,    0,    0,    0, THERMO PARAMS, 89, 1627, 68, N, 10, DT, -999, SHR82, -99, 
AL, 06, 2026092018, 03, HFSA,  18, 338N,  320W,  67, 1003, XX,  50, NEQ,   39,    0,    0,   32, 1011,   30,  36,   0,   0,    ,   0,    , 176,   4,           ,  ,  0,    ,    0,    0,    0,    0, THERMO PARAMS, 89, 1627, 68, N, 10, DT, -999, SHR82, -99, 
AL, 06, 2026092018, 03, HFSA,  24, 333N,  322W,  43, 1007, XX,  34, NEQ,   52,   50,    0,   63, 1011,   22,  25,   0,   0,    ,   0,    , 195,   4,           ,  ,  0,    ,    0,    0,    0,    0, THERMO PARAMS, 68, 1515, -145, N, 10, DT, -999, SHR82, -99, 
AL, 06, 2026092018, 03, HFSA,  30, 328N,  329W,  38, 1010, XX,  34, NEQ,   57,    0,    0,   31, 1018,   68,  39,   0,   0,    ,   0,    , 223,   8,           ,  ,  0,    ,    0,    0,    0,    0, THERMO PARAMS, 39, 1597, -583, N, 10, DT, -999, SHR82, -99, 
AL, 06, 2026092018, 03, HFSA,  36, 322N,  338W,  32, 1011, XX,  34, NEQ,    0,    0,    0,    0, 1015,   33,  78,   0,   0,    ,   0,    , 224,   8,           ,  ,  0,    ,    0,    0,    0,    0, THERMO PARAMS, 31, 1435, -596, N, 10, DT, -999, SHR82, -99, 
AL, 06, 2026092018, 03, HFSA,  42, 317N,  346W,  32, 1014, XX,  34, NEQ,    0,    0,    0,    0, 1018,   41,  47,   0,   0,    ,   0,    , 234,   8,           ,  ,  0,    ,    0,    0,    0,    0, THERMO PARAMS, 51, 1085, -458, N, 10, DT, -999, SHR82, -99, 
AL, 06, 2026092018, 03, HFSA,  48, 316N,  357W,  30, 1013, XX,  34, NEQ,    0,    0,    0,    0, 1017,   55,  43,   0,   0,    ,   0,    , 249,   8,           ,  ,  0,    ,    0,    0,    0,    0, THERMO PARAMS, -25, 773, -347, N, 10, DT, -999, SHR82, -99, 
AL, 06, 2026092018, 03, HFSA,  54, 313N,  367W,  31, 1015, XX,  34, NEQ,    0,    0,    0,    0, 1019,   61,  58,   0,   0,    ,   0,    , 245,   9,           ,  ,  0,    ,    0,    0,    0,    0, THERMO PARAMS, 23, 600, -208, N, 10, DT, -999, SHR82, -99, 
AL, 06, 2026092018, 03, HFSA,  60, 311N,  379W,  26, 1014, XX,  34, NEQ,    0,    0,    0,    0,  -99,  -99,  64,   0,   0,    ,   0,    , 257,   8,           ,  ,  0,    ,    0,    0,    0,    0, THERMO PARAMS, -15, 323, -54, N, 10, DT, -999, SHR82, -99, 
AL, 06, 2026092018, 03, HFSA,  66, 310N,  389W,  27, 1015, XX,  34, NEQ,    0,    0,    0,    0,  -99,  -99,  58,   0,   0,    ,   0,    , 253,   7,           ,  ,  0,    ,    0,    0,    0,    0, THERMO PARAMS, -33, 493, 9, N, 10, DT, -999, SHR82, -99, 
AL, 06, 2026092018, 03, HFSA,  72, 309N,  398W,  26, 1013, XX,  34, NEQ,    0,    0,    0,    0,  -99,  -99,  53,   0,   0,    ,   0,    , 257,   7,           ,  ,  0,    ,    0,    0,    0,    0, THERMO PARAMS, -14, 468, -79, N, 10, DT, -999, SHR82, -99, 
AL, 06, 2026092018, 03, HFSA,  78, 309N,  408W,  23, 1015, XX,  34, NEQ,    0,    0,    0,    0,  -99,  -99,  67,   0,   0,    ,   0,    , 263,   7,           ,  ,  0,    ,    0,    0,    0,    0, THERMO PARAMS, -48, 371, -203, N, 10, DT, -999, SHR82, -99, 
AL, 06, 2026092018, 03, HFSA,  84, 309N,  417W,  22, 1014, XX,  34, NEQ,    0,    0,    0,    0,  -99,  -99,  37,   0,   0,    ,   0,    , 265,   5,           ,  ,  0,    ,    0,    0,    0,    0, THERMO PARAMS, -26, 375, -138, N, 10, DT, -999, SHR82, -99, 
AL, 06, 2026092018, 03, HFSA,  90, 309N,  424W,  23, 1016, XX,  34, NEQ,    0,    0,    0,    0,  -99,  -99,  36,   0,   0,    ,   0,    , 262,   5,           ,  ,  0,    ,    0,    0,    0,    0, THERMO PARAMS, -79, 555, -160, N, 10, DT, -999, SHR82, -99, 
AL, 06, 2026092018, 03, HFSA,  96, 308N,  432W,  21, 1015, XX,  34, NEQ,    0,    0,    0,    0,  -99,  -99,  45,   0,   0,    ,   0,    , 249,   5,           ,  ,  0,    ,    0,    0,    0,    0, THERMO PARAMS, -24, 94, 180, N, 10, DT, -999, SHR82, -99, 
AL, 06, 2026092018, 03, HFSA, 102, 306N,  440W,  21, 1017, XX,  34, NEQ,    0,    0,    0,    0,  -99,  -99,  54,   0,   0,    ,   0,    , 253,   6,           ,  ,  0,    ,    0,    0,    0,    0, THERMO PARAMS, -54, 481, -228, N, 10, DT, -999, SHR82, -99, 
AL, 06, 2026092018, 03, HFSA, 108, 303N,  448W,  25, 1015, XX,  34, NEQ,    0,    0,    0,    0,  -99,  -99,  28,   0,   0,    ,   0,    , 241,   7,           ,  ,  0,    ,    0,    0,    0,    0, THERMO PARAMS, -9, 420, -24, N, 10, DT, -999, SHR82, -99, 
AL, 06, 2026092018, 03, HFSA, 114, 305N,  454W,  25, 1017, XX,  34, NEQ,    0,    0,    0,    0,  -99,  -99,  28,   0,   0,    ,   0,    , 261,   5,           ,  ,  0,    ,    0,    0,    0,    0, THERMO PARAMS, -78, 357, -170, N, 10, DT, -999, SHR82, -99, 
AL, 06, 2026092018, 03, HFSA, 120, 305N,  463W,  27, 1016, XX,  34, NEQ,    0,    0,    0,    0,  -99,  -99,  44,   0,   0,    ,   0,    , 260,   6,           ,  ,  0,    ,    0,    0,    0,    0, THERMO PARAMS, -65, 452, -433, N, 10, DT, -999, SHR82, -99, 
AL, 06, 2026092018, 03, HFSA, 126, 305N,  472W,  23, 1017, XX,  34, NEQ,    0,    0,    0,    0,  -99,  -99,  49,   0,   0,    ,   0,    , -99, -99,           ,  ,  0,    ,    0,    0,    0,    0, THERMO PARAMS, -51, 420, -443, N, 10, DT, -999, SHR82, -99, 
AL, 06, 2026092018, 03, TVCN,   0, 344N,  328W,   0,    0,   ,   0,    ,    0,    0,    0,    0, 
AL, 06, 2026092018, 03, TVCN,  12, 343N,  323W,   0,    0,   ,   0,    ,    0,    0,    0,    0, 
AL, 06, 2026092018, 03, TVCN,  24, 335N,  324W,   0,    0,   ,   0,    ,    0,    0,    0,    0, 
AL, 06, 2026092018, 03, TVCN,  36, 326N,  334W,   0,    0,   ,   0,    ,    0,    0,    0,    0, 
AL, 06, 2026092018, 03, TVCN,  48, 317N,  350W,   0,    0,   ,   0,    ,    0,    0,    0,    0, 
AL, 06, 2026092018, 03, TVCN,  60, 311N,  368W,   0,    0,   ,   0,    ,    0,    0,    0,    0, 
AL, 06, 2026092018, 03, TVCN,  72, 307N,  384W,   0,    0,   ,   0,    ,    0,    0,    0,    0, 
AL, 06, 2026092018, 03, TVCN,  84, 304N,  398W,   0,    0,   ,   0,    ,    0,    0,    0,    0, 
AL, 06, 2026092018, 03, TVCN,  96, 303N,  412W,   0,    0,   ,   0,    ,    0,    0,    0,    0, 
AL, 06, 2026092018, 03, TVCN, 108, 301N,  424W,   0,    0,   ,   0,    ,    0,    0,    0,    0, 
AL, 06, 2026092018, 03, TVCN, 120, 299N,  434W,   0,    0,   ,   0,    ,    0,    0,    0,    0, 
AL, 06, 2026092018, 03, TVCN, 132, 296N,  443W,   0,    0,   ,   0,    ,    0,    0,    0,    0, 
AL, 06, 2026092018, 03, TVCN, 144, 307N,  409W,   0,    0,   ,   0,    ,    0,    0,    0,    0, 
AL, 06, 2026092018, 03, TVCN, 156, 303N,  405W,   0,    0,   ,   0,    ,    0,    0,    0,    0, 
AL, 06, 2026092018, 03, TVCN, 168, 300N,  404W,   0,    0,   ,   0,    ,    0,    0,    0,    0, 
AL, 06, 2026092100, 03, HCCA,   0, 342N,  321W,  60,    0,   ,   0,    ,    0,    0,    0,    0, 
AL, 06, 2026092100, 03, HCCA,  12, 337N,  319W,  55,    0,   ,   0,    ,    0,    0,    0,    0, 
AL, 06, 2026092100, 03, HCCA,  24, 326N,  326W,  44,    0,   ,   0,    ,    0,    0,    0,    0, 
AL, 06, 2026092100, 03, HCCA,  36, 315N,  340W,  35,    0,   ,   0,    ,    0,    0,    0,    0, 
AL, 06, 2026092100, 03, HCCA,  48, 306N,  358W,  30,    0,   ,   0,    ,    0,    0,    0,    0, 
AL, 06, 2026092100, 03, HCCA,  60, 299N,  377W,  28,    0,   ,   0,    ,    0,    0,    0,    0, 
AL, 06, 2026092100, 03, HCCA,  72, 293N,  394W,  27,    0,   ,   0,    ,    0,    0,    0,    0, 
AL, 06, 2026092100, 03, HCCA,  84, 292N,  411W,  29,    0,   ,   0,    ,    0,    0,    0,    0, 
AL, 06, 2026092100, 03, HCCA,  96, 294N,  421W,  34,    0,   ,   0,    ,    0,    0,    0,    0, 
AL, 06, 2026092100, 03, HCCA, 108, 294N,  428W,  34,    0,   ,   0,    ,    0,    0,    0,    0, 
AL, 06, 2026092100, 03, HCCA, 120, 295N,  431W,  32,    0,   ,   0,    ,    0,    0,    0,    0, 
AL, 06, 2026092100, 03, HCCA, 132, 294N,  425W,   0,    0,   ,   0,    ,    0,    0,    0,    0, 
AL, 06, 2026092100, 03, HCCA, 144, 294N,  401W,   0,    0,   ,   0,    ,    0,    0,    0,    0, 
AL, 06, 2026092100, 03, HCCA, 156, 296N,  390W,   0,    0,   ,   0,    ,    0,    0,    0,    0, 
AL, 06, 2026092100, 03, HCCA, 168, 301N,  391W,   0,    0,   ,   0,    ,    0,    0,    0,    0, 
AL, 06, 2026092100, 03, TVCN,   0, 342N,  321W,   0,    0,   ,   0,    ,    0,    0,    0,    0, 
AL, 06, 2026092100, 03, TVCN,  12, 337N,  319W,   0,    0,   ,   0,    ,    0,    0,    0,    0, 
AL, 06, 2026092100, 03, TVCN,  24, 328N,  325W,   0,    0,   ,   0,    ,    0,    0,    0,    0, 
AL, 06, 2026092100, 03, TVCN,  36, 318N,  339W,   0,    0,   ,   0,    ,    0,    0,    0,    0, 
AL, 06, 2026092100, 03, TVCN,  48, 310N,  358W,   0,    0,   ,   0,    ,    0,    0,    0,    0, 
AL, 06, 2026092100, 03, TVCN,  60, 305N,  376W,   0,    0,   ,   0,    ,    0,    0,    0,    0, 
AL, 06, 2026092100, 03, TVCN,  72, 302N,  392W,   0,    0,   ,   0,    ,    0,    0,    0,    0, 
AL, 06, 2026092100, 03, TVCN,  84, 301N,  408W,   0,    0,   ,   0,    ,    0,    0,    0,    0, 
AL, 06, 2026092100, 03, TVCN,  96, 300N,  422W,   0,    0,   ,   0,    ,    0,    0,    0,    0, 
AL, 06, 2026092100, 03, TVCN, 108, 298N,  432W,   0,    0,   ,   0,    ,    0,    0,    0,    0, 
AL, 06, 2026092100, 03, TVCN, 120, 296N,  442W,   0,    0,   ,   0,    ,    0,    0,    0,    0, 
AL, 06, 2026092100, 03, TVCN, 132, 306N,  436W,   0,    0,   ,   0,    ,    0,    0,    0,    0, 
AL, 06, 2026092100, 03, TVCN, 144, 304N,  410W,   0,    0,   ,   0,    ,    0,    0,    0,    0, 
AL, 06, 2026092100, 03, TVCN, 156, 302N,  408W,   0,    0,   ,   0,    ,    0,    0,    0,    0, 
AL, 06, 2026092100, 03, TVCN, 168, 300N,  406W,   0,    0,   ,   0,    ,    0,    0,    0,    0, 