EP, 12, 2026082618, 03, AVNO,   0, 107N, 1332W,  18, 1010, XX,  34, NEQ,    0,    0,    0,    0,  -99,  -99, 126,   0,   0, 
EP, 12, 2026082618, 03, AVNO,   6, 112N, 1339W,  18, 1007, XX,  34, NEQ,    0,    0,    0,    0,  -99,  -99, 154,   0,   0, 
EP, 12, 2026082618, 03, AVNO,  12, 110N, 1343W,  18, 1009, XX,  34, NEQ,    0,    0,    0,    0,  -99,  -99, 159,   0,   0, 
EP, 12, 2026082618, 03, AVNO,  18, 109N, 1342W,  22, 1006, XX,  34, NEQ,    0,    0,    0,    0,  -99,  -99,  60,   0,   0, 
EP, 12, 2026082618, 03, AVNO,  24, 107N, 1346W,  29, 1003, XX,  34, NEQ,    0,    0,    0,    0, 1007,    8,  12,   0,   0, 
EP, 12, 2026082618, 03, AVNO,  30, 107N, 1344W,  32, 1002, XX,  34, NEQ,    0,    0,    0,    0, 1006,   85, 105,   0,   0, 
EP, 12, 2026082618, 03, AVNO,  36, 108N, 1335W,  33, 1004, XX,  34, NEQ,    0,    0,    0,    0, 1008,   53,  46,   0,   0, 
EP, 12, 2026082618, 03, AVNO,  42, 110N, 1328W,  35, 1000, XX,  34, NEQ,    0,   51,    0,    0, 1004,   42,  49,   0,   0, 
EP, 12, 2026082618, 03, AVNO,  48, 113N, 1324W,  39, 1002, XX,  34, NEQ,    0,   40,   34,    0, 1010,  160,  28,   0,   0, 
EP, 12, 2026082618, 03, AVNO,  54, 118N, 1322W,  29,  999, XX,  34, NEQ,    0,    0,    0,    0, 1007,  163,  38,   0,   0, 
EP, 12, 2026082618, 03, AVNO,  60, 120N, 1326W,  32, 1003, XX,  34, NEQ,    0,    0,    0,    0, 1007,   43,  43,   0,   0, 
EP, 12, 2026082618, 03, AVNO,  66, 119N, 1335W,  44, 1000, XX,  34, NEQ,   40,   41,   26,    0, 1008,  227,  18,   0,   0, 
EP, 12, 2026082618, 03, AVNO,  72, 119N, 1342W,  40, 1003, XX,  34, NEQ,   43,   42,   30,    0, 1007,   39,  26,   0,   0, 
EP, 12, 2026082618, 03, AVNO,  78, 122N, 1342W,  37, 1000, XX,  34, NEQ,   29,   42,  212,    0, 1008,  183,  28,   0,   0, 
EP, 12, 2026082618, 03, AVNO,  84, 125N, 1343W,  31, 1004, XX,  34, NEQ,    0,    0,    0,    0, 1008,   70, 152,   0,   0, 
EP, 12, 2026082618, 03, AVNO,  90, 124N, 1354W,  32, 1002, XX,  34, NEQ,    0,    0,    0,    0, 1006,   69, 130,   0,   0, 
EP, 12, 2026082618, 03, AVNO,  96, 123N, 1359W,  34, 1003, XX,  34, NEQ,    0,   52,    0,    0, 1011,  189,  51,   0,   0, 
EP, 12, 2026082618, 03, AVNO, 102, 123N, 1360W,  37,  999, XX,  34, NEQ,    0,   49,  111,    0, 1003,   35,  36,   0,   0, 
EP, 12, 2026082618, 03, AVNO, 108, 121N, 1363W,  44,  999, XX,  34, NEQ,    0,   41,   89,    0, 1007,   65,  40,   0,   0, 
EP, 12, 2026082618, 03, AVNO, 114, 122N, 1365W,  35,  995, XX,  34, NEQ,    0,   27,   30,   22, 1003,   54,  21,   0,   0, 
EP, 12, 2026082618, 03, AVNO, 120, 123N, 1367W,  42,  997, XX,  34, NEQ,    0,   42,   42,   34, 1009,  121,  33,   0,   0, 
EP, 12, 2026082618, 03, AVNO, 126, 124N, 1370W,  43,  991, XX,  34, NEQ,   40,   50,  122,   53, 1003,   83,  28,   0,   0, 
EP, 12, 2026082618, 03, AVNO, 132, 124N, 1368W,  47,  994, XX,  34, NEQ,    0,   96,  111,   63, 1006,   94,  33,   0,   0, 
EP, 12, 2026082618, 03, AVNO, 138, 127N, 1368W,  48,  989, XX,  34, NEQ,   77,   97,   96,   78, 1005,  115,  43,   0,   0, 
EP, 12, 2026082618, 03, AVNO, 144, 130N, 1366W,  59,  989, XX,  34, NEQ,   81,  100,  102,   80, 1009,  189,  36,   0,   0, 
EP, 12, 2026082618, 03, AVNO, 144, 130N, 1366W,  59,  989, XX,  50, NEQ,    0,   47,   31,    0, 1009,  189,  36,   0,   0, 
EP, 12, 2026082618, 03, AVNO, 150, 134N, 1364W,  56,  984, XX,  34, NEQ,   65,  102,  100,   67, 1004,  102,  23,   0,   0, 
EP, 12, 2026082618, 03, AVNO, 150, 134N, 1364W,  56,  984, XX,  50, NEQ,    0,   58,   28,    0, 1004,  102,  23,   0,   0, 
EP, 12, 2026082618, 03, AVNO, 156, 138N, 1357W,  68,  983, XX,  34, NEQ,   59,  100,  111,   50, 1007,  112,  25,   0,   0, 
EP, 12, 2026082618, 03, AVNO, 156, 138N, 1357W,  68,  983, XX,  50, NEQ,    0,   38,   30,    0, 1007,  112,  25,   0,   0, 
EP, 12, 2026082618, 03, AVNO, 156, 138N, 1357W,  68,  983, XX,  64, NEQ,    0,   26,    0,    0, 1007,  112,  25,   0,   0, 
EP, 12, 2026082618, 03, AVNO, 162, 145N, 1351W,  64,  981, XX,  34, NEQ,   59,   78,   63,   64, 1005,  133,  30,   0,   0, 
EP, 12, 2026082618, 03, AVNO, 162, 145N, 1351W,  64,  981, XX,  50, NEQ,   28,   39,   35,   27, 1005,  133,  30,   0,   0, 
EP, 12, 2026082618, 03, AVNO, 162, 145N, 1351W,  64,  981, XX,  64, NEQ,    0,   31,    0,    0, 1005,  133,  30,   0,   0, 
EP, 12, 2026082618, 03, AVNO, 168, 150N, 1347W,  62,  983, XX,  34, NEQ,   63,   61,   62,   68, 1007,  106,  29,   0,   0, 
EP, 12, 2026082618, 03, AVNO, 168, 150N, 1347W,  62,  983, XX,  50, NEQ,    0,   34,   41,   35, 1007,  106,  29,   0,   0, 
EP, 12, 2026082618, 03, AVNO, 174, 156N, 1341W,  67,  982, XX,  34, NEQ,   57,   59,   64,   63, 1006,  144,  24,   0,   0, 
EP, 12, 2026082618, 03, AVNO, 174, 156N, 1341W,  67,  982, XX,  50, NEQ,    0,   37,   39,   34, 1006,  144,  24,   0,   0, 
EP, 12, 2026082618, 03, AVNO, 174, 156N, 1341W,  67,  982, XX,  64, NEQ,    0,    0,   29,    0, 1006,  144,  24,   0,   0, 
EP, 12, 2026082618, 03, AVNO, 180, 162N, 1337W,  59,  986, XX,  34, NEQ,   56,   71,   70,   64, 1006,   79,  28,   0,   0, 
EP, 12, 2026082618, 03, AVNO, 180, 162N, 1337W,  59,  986, XX,  50, NEQ,    0,   42,   32,    0, 1006,   79,  28,   0,   0, 
EP, 12, 2026082618, 03, AVNO, 186, 167N, 1334W,  52,  985, XX,  34, NEQ,   58,   70,   70,   65, 1005,  113,  26,   0,   0, 
EP, 12, 2026082618, 03, AVNO, 186, 167N, 1334W,  52,  985, XX,  50, NEQ,    0,   35,   31,    0, 1005,  113,  26,   0,   0, 
EP, 12, 2026082618, 03, AVNO, 192, 170N, 1332W,  52,  987, XX,  34, NEQ,   58,   64,   65,   62, 1007,  118,  32,   0,   0, 
EP, 12, 2026082618, 03, AVNO, 192, 170N, 1332W,  52,  987, XX,  50, NEQ,    0,   36,   33,    0, 1007,  118,  32,   0,   0, 
EP, 12, 2026082618, 03, AVNO, 198, 174N, 1331W,  56,  983, XX,  34, NEQ,   56,   70,   68,   62, 1007,  210,  22,   0,   0, 
EP, 12, 2026082618, 03, AVNO, 198, 174N, 1331W,  56,  983, XX,  50, NEQ,   26,   33,   32,   27, 1007,  210,  22,   0,   0, 
EP, 12, 2026082618, 03, AVNO, 204, 176N, 1332W,  61,  983, XX,  34, NEQ,   60,   57,   59,   62, 1007,  110,  22,   0,   0, 
EP, 12, 2026082618, 03, AVNO, 204, 176N, 1332W,  61,  983, XX,  50, NEQ,   30,   36,   34,   36, 1007,  110,  22,   0,   0, 
EP, 12, 2026082618, 03, AVNO, 210, 177N, 1335W,  58,  980, XX,  34, NEQ,   58,   60,   60,   62, 1004,   88,  26,   0,   0, 
EP, 12, 2026082618, 03, AVNO, 210, 177N, 1335W,  58,  980, XX,  50, NEQ,   38,   32,   32,   34, 1004,   88,  26,   0,   0, 
EP, 12, 2026082618, 03, AVNO, 216, 177N, 1339W,  63,  981, XX,  34, NEQ,   58,   62,   60,   63, 1009,  199,  25,   0,   0, 
EP, 12, 2026082618, 03, AVNO, 216, 177N, 1339W,  63,  981, XX,  50, NEQ,   39,   32,   36,   34, 1009,  199,  25,   0,   0, 
EP, 12, 2026082618, 03, AVNO, 222, 178N, 1344W,  66,  978, XX,  34, NEQ,   60,   61,   63,   77, 1006,  129,  22,   0,   0, 
EP, 12, 2026082618, 03, AVNO, 222, 178N, 1344W,  66,  978, XX,  50, NEQ,   31,   39,   35,   37, 1006,  129,  22,   0,   0, 
EP, 12, 2026082618, 03, AVNO, 222, 178N, 1344W,  66,  978, XX,  64, NEQ,    0,   22,    0,    0, 1006,  129,  22,   0,   0, 
EP, 12, 2026082618, 03, AVNO, 228, 178N, 1350W,  63,  979, XX,  34, NEQ,   71,   59,   56,   78, 1007,  114,  19,   0,   0, 
EP, 12, 2026082618, 03, AVNO, 228, 178N, 1350W,  63,  979, XX,  50, NEQ,   30,   37,   32,   38, 1007,  114,  19,   0,   0, 
EP, 12, 2026082618, 03, AVNO, 234, 179N, 1357W,  61,  977, XX,  34, NEQ,   67,   62,   60,   72, 1005,  111,  26,   0,   0, 
EP, 12, 2026082618, 03, AVNO, 234, 179N, 1357W,  61,  977, XX,  50, NEQ,   39,   36,   34,   39, 1005,  111,  26,   0,   0, 
EP, 12, 2026082618, 03, AVNO, 240, 180N, 1364W,  67,  978, XX,  34, NEQ,   65,   63,   63,   79, 1010,  203,  27,   0,   0, 
EP, 12, 2026082618, 03, AVNO, 240, 180N, 1364W,  67,  978, XX,  50, NEQ,   39,   35,   38,   36, 1010,  203,  27,   0,   0, 
EP, 12, 2026082618, 03, AVNO, 240, 180N, 1364W,  67,  978, XX,  64, NEQ,   28,    0,    0,    0, 1010,  203,  27,   0,   0, 
EP, 12, 2026082618, 03, HCCA,   0, 105N, 1350W,  20,    0,   ,   0,    ,    0,    0,    0,    0, 
EP, 12, 2026082618, 03, HFSA,   0, 107N, 1348W,  19, 1008, XX,  34, NEQ,    0,    0,    0,    0,  -99,  -99, 135,   0,   0,    ,   0,    ,  66,   4,           ,  ,  0,    ,    0,    0,    0,    0, THERMO PARAMS, -3, -8, -149, N, 10, DT, -999, SHR82, -99, 
EP, 12, 2026082618, 03, HFSA,   6, 104N, 1345W,  30, 1001, XX,  34, NEQ,    0,    0,    0,    0, 1005,    6, 109,   0,   0,    ,   0,    ,  98,   6,           ,  ,  0,    ,    0,    0,    0,    0, THERMO PARAMS, 23, -253, 33, N, 10, DT, -999, SHR82, -99, 
EP, 12, 2026082618, 03, HFSA,  12, 102N, 1346W,  31, 1003, XX,  34, NEQ,    0,    0,    0,    0, 1007,    3, 107,   0,   0,    ,   0,    , 151,   1,           ,  ,  0,    ,    0,    0,    0,    0, THERMO PARAMS, -9999, -9999, -9999, N, 10, DT, -999, SHR82, -99, 
EP, 12, 2026082618, 03, HFSA,  18, 105N, 1344W,  39,  999, XX,  34, NEQ,    0,    0,    0,    0, 1003,    3, 138,   0,   0,    ,   0,    ,  51,   6,           ,  ,  0,    ,    0,    0,    0,    0, THERMO PARAMS, 47, 58, 226, N, 10, DT, -999, SHR82, -99, 
EP, 12, 2026082618, 03, HFSA,  24, 108N, 1335W,  44, 1003, XX,  34, NEQ,    0,    0,    0,    0, 1007,   55,  38,   0,   0,    ,   0,    ,  66,   6,           ,  ,  0,    ,    0,    0,    0,    0, THERMO PARAMS, -55, 432, 89, N, 10, DT, -999, SHR82, -99, 
EP, 12, 2026082618, 03, HFSA,  30, 111N, 1330W,  40, 1001, XX,  34, NEQ,    0,   28,   52,    0,  -99,  -99,  35,   0,   0,    ,   0,    ,  51,   7,           ,  ,  0,    ,    0,    0,    0,    0, THERMO PARAMS, 12, -2, 267, N, 10, DT, -999, SHR82, -99, 
EP, 12, 2026082618, 03, HFSA,  36, 118N, 1324W,  39, 1003, XX,  34, NEQ,    0,   31,   60,    0, 1007,   52,  59,   0,   0,    ,   0,    ,  40,   8,           ,  ,  0,    ,    0,    0,    0,    0, THERMO PARAMS, 59, 182, 147, N, 10, DT, -999, SHR82, -99, 
EP, 12, 2026082618, 03, HFSA,  42, 125N, 1321W,  41, 1000, XX,  34, NEQ,    0,   62,   86,    0, 1004,   42,  58,   0,   0,    ,   0,    ,  38,   7,           ,  ,  0,    ,    0,    0,    0,    0, THERMO PARAMS, 67, -118, 304, N, 10, DT, -999, SHR82, -99, 
EP, 12, 2026082618, 03, HFSA,  48, 126N, 1321W,  40, 1001, XX,  34, NEQ,    0,   45,   57,    0, 1005,   34,  33,   0,   0,    ,   0,    ,  27,   2,           ,  ,  0,    ,    0,    0,    0,    0, THERMO PARAMS, 130, 269, 184, N, 10, DT, -999, SHR82, -99, 
EP, 12, 2026082618, 03, HFSA,  54, 128N, 1320W,  37, 1000, XX,  34, NEQ,    0,    0,   47,    0,  -99,  -99,  45,   0,   0,    ,   0,    ,  47,   3,           ,  ,  0,    ,    0,    0,    0,    0, THERMO PARAMS, 0, -266, 292, N, 10, DT, -999, SHR82, -99, 
EP, 12, 2026082618, 03, HFSA,  60, 128N, 1323W,  47,  997, XX,  34, NEQ,    0,   24,   39,    0, 1001,    8,  20,   0,   0,    ,   0,    , 291,   3,           ,  ,  0,    ,    0,    0,    0,    0, THERMO PARAMS, 103, 447, 281, N, 10, DT, -999, SHR82, -99, 
EP, 12, 2026082618, 03, HFSA,  66, 131N, 1326W,  49,  996, XX,  34, NEQ,   34,   52,   63,    0, 1000,    7,  25,   0,   0,    ,   0,    , 327,   4,           ,  ,  0,    ,    0,    0,    0,    0, THERMO PARAMS, 117, -16, 380, N, 10, DT, -999, SHR82, -99, 
EP, 12, 2026082618, 03, HFSA,  72, 135N, 1329W,  41, 1001, XX,  34, NEQ,    0,   52,   53,    0, 1005,   22,  34,   0,   0,    ,   0,    , 318,   5,           ,  ,  0,    ,    0,    0,    0,    0, THERMO PARAMS, 77, -393, 289, N, 10, DT, -999, SHR82, -99, 
EP, 12, 2026082618, 03, HFSA,  78, 137N, 1334W,  40,  999, XX,  34, NEQ,   31,   39,    0,    0,  -99,  -99,  29,   0,   0,    ,   0,    , 312,   5,           ,  ,  0,    ,    0,    0,    0,    0, THERMO PARAMS, 71, -268, 443, N, 10, DT, -999, SHR82, -99, 
EP, 12, 2026082618, 03, HFSA,  84, 137N, 1341W,  47,  997, XX,  34, NEQ,    0,   29,   23,    0, 1005,   28,  18,   0,   0,    ,   0,    , 266,   6,           ,  ,  0,    ,    0,    0,    0,    0, THERMO PARAMS, 40, 423, 325, N, 10, DT, -999, SHR82, -99, 
EP, 12, 2026082618, 03, HFSA,  90, 136N, 1348W,  37,  997, XX,  34, NEQ,    0,    0,   31,    6, 1001,   14,  31,   0,   0,    ,   0,    , 258,   6,           ,  ,  0,    ,    0,    0,    0,    0, THERMO PARAMS, 42, 63, 357, N, 10, DT, -999, SHR82, -99, 
EP, 12, 2026082618, 03, HFSA,  96, 131N, 1355W,  47,  994, XX,  34, NEQ,   19,   29,   19,    0, 1010,   90,  15,   0,   0,    ,   0,    , 236,   4,           ,  ,  0,    ,    0,    0,    0,    0, THERMO PARAMS, 50, 818, 530, N, 10, DT, -999, SHR82, -99, 
EP, 12, 2026082618, 03, HFSA, 102, 131N, 1359W,  36,  996, XX,  34, NEQ,    0,    0,    0,   31, 1000,   13,  29,   0,   0,    ,   0,    , 243,   3,           ,  ,  0,    ,    0,    0,    0,    0, THERMO PARAMS, 17, 227, 434, N, 10, DT, -999, SHR82, -99, 
EP, 12, 2026082618, 03, HFSA, 108, 129N, 1362W,  39,  998, XX,  34, NEQ,   32,   19,    0,   16, 1002,   13,  24,   0,   0,    ,   0,    , 240,   3,           ,  ,  0,    ,    0,    0,    0,    0, THERMO PARAMS, -19, 721, 380, N, 10, DT, -999, SHR82, -99, 
EP, 12, 2026082618, 03, HFSA, 114, 129N, 1367W,  45,  993, XX,  34, NEQ,   49,   18,   28,   47, 1001,   23,  18,   0,   0,    ,   0,    , 257,   3,           ,  ,  0,    ,    0,    0,    0,    0, THERMO PARAMS, -35, 970, 645, N, 10, DT, -999, SHR82, -99, 
EP, 12, 2026082618, 03, HFSA, 120, 127N, 1371W,  51,  990, XX,  34, NEQ,   36,   39,   36,   50, 1006,   46,  14,   0,   0,    ,   0,    , 246,   2,           ,  ,  0,    ,    0,    0,    0,    0, THERMO PARAMS, -27, 981, 1027, N, 10, DT, -999, SHR82, -99, 
EP, 12, 2026082618, 03, HFSA, 120, 127N, 1371W,  51,  990, XX,  50, NEQ,    0,    0,   15,    0, 1006,   46,  14,   0,   0,    ,   0,    , 246,   2,           ,  ,  0,    ,    0,    0,    0,    0, THERMO PARAMS, -27, 981, 1027, N, 10, DT, -999, SHR82, -99, 
EP, 12, 2026082618, 03, HFSA, 126, 129N, 1373W,  60,  980, XX,  34, NEQ,   47,   37,   42,   44, 1000,   32,  16,   0,   0,    ,   0,    , -99, -99,           ,  ,  0,    ,    0,    0,    0,    0, THERMO PARAMS, -19, 869, 1278, N, 10, DT, -999, SHR82, -99, 
EP, 12, 2026082618, 03, HFSA, 126, 129N, 1373W,  60,  980, XX,  50, NEQ,   24,   16,   15,   23, 1000,   32,  16,   0,   0,    ,   0,    , -99, -99,           ,  ,  0,    ,    0,    0,    0,    0, THERMO PARAMS, -19, 869, 1278, N, 10, DT, -999, SHR82, -99, 
EP, 12, 2026082700, 03,  UKX,   0, 111N, 1352W,  15, 1007, XX,  34, NEQ,    0,    0,    0,    0, 
EP, 12, 2026082700, 03,  UKX,   6, 110N, 1351W,  20, 1009, XX,  34, NEQ,    0,    0,    0,    0, 
EP, 12, 2026082700, 03,  UKX,  12, 109N, 1349W,  23, 1007, XX,  34, NEQ,    0,    0,    0,    0, 
EP, 12, 2026082700, 03,  UKX,  18, 108N, 1346W,  24, 1008, XX,  34, NEQ,    0,    0,    0,    0, 
EP, 12, 2026082700, 03,  UKX,  24, 109N, 1342W,  24, 1006, XX,  34, NEQ,    0,    0,    0,    0, 
EP, 12, 2026082700, 03,  UKX,  30, 109N, 1338W,  25, 1007, XX,  34, NEQ,    0,    0,    0,    0, 
EP, 12, 2026082700, 03,  UKX,  36, 109N, 1336W,  22, 1005, XX,  34, NEQ,    0,    0,    0,    0, 
EP, 12, 2026082700, 03,  UKX,  42, 109N, 1337W,  23, 1006, XX,  34, NEQ,    0,    0,    0,    0, 
EP, 12, 2026082700, 03,  UKX,  48, 109N, 1340W,  23, 1004, XX,  34, NEQ,    0,    0,    0,    0, 
EP, 12, 2026082700, 03,  UKX,  54, 109N, 1344W,  26, 1006, XX,  34, NEQ,    0,    0,    0,    0, 
EP, 12, 2026082700, 03,  UKX,  60, 111N, 1349W,  25, 1004, XX,  34, NEQ,    0,    0,    0,    0, 
EP, 12, 2026082700, 03,  UKX,  66, 111N, 1357W,  25, 1006, XX,  34, NEQ,    0,    0,    0,    0, 
EP, 12, 2026082700, 03,  UKX,  72, 112N, 1364W,  25, 1004, XX,  34, NEQ,    0,    0,    0,    0, 
EP, 12, 2026082700, 03,  UKX,  78, 112N, 1372W,  27, 1006, XX,  34, NEQ,    0,    0,    0,    0, 
EP, 12, 2026082700, 03,  UKX,  84, 113N, 1384W,  29, 1004, XX,  34, NEQ,    0,    0,    0,    0, 
EP, 12, 2026082700, 03,  UKX,  90, 113N, 1396W,  31, 1006, XX,  34, NEQ,    0,    0,    0,    0, 
EP, 12, 2026082700, 03,  UKX,  96, 111N, 1409W,  30, 1004, XX,  34, NEQ,    0,    0,    0,    0, 
EP, 12, 2026082700, 03,  UKX, 102, 108N, 1419W,  29, 1006, XX,  34, NEQ,    0,    0,    0,    0, 
EP, 12, 2026082700, 03,  UKX, 108, 106N, 1426W,  27, 1003, XX,  34, NEQ,    0,    0,    0,    0, 
EP, 12, 2026082700, 03,  UKX, 114, 106N, 1431W,  30, 1005, XX,  34, NEQ,    0,    0,    0,    0, 
EP, 12, 2026082700, 03,  UKX, 120, 108N, 1438W,  31, 1002, XX,  34, NEQ,    0,    0,    0,    0, 
EP, 12, 2026082700, 03,  UKX, 126, 108N, 1444W,  30, 1004, XX,  34, NEQ,    0,    0,    0,    0, 
EP, 12, 2026082700, 03,  UKX, 132, 108N, 1449W,  29, 1001, XX,  34, NEQ,    0,    0,    0,    0, 
EP, 12, 2026082700, 03,  UKX, 138, 112N, 1453W,  30, 1002, XX,  34, NEQ,    0,    0,    0,    0, 
EP, 12, 2026082700, 03,  UKX, 144, 116N, 1459W,  33, 1000, XX,  34, NEQ,    0,    0,    0,    0, 
EP, 12, 2026082700, 03, AVNO,   0, 112N, 1338W,  18, 1007, XX,  34, NEQ,    0,    0,    0,    0,  -99,  -99, 153,   0,   0, 
EP, 12, 2026082700, 03, AVNO,   6, 113N, 1341W,  16, 1009, XX,  34, NEQ,    0,    0,    0,    0,  -99,  -99, 124,   0,   0, 
EP, 12, 2026082700, 03, AVNO,  12, 111N, 1340W,  23, 1006, XX,  34, NEQ,    0,    0,    0,    0,  -99,  -99,  99,   0,   0, 
EP, 12, 2026082700, 03, AVNO,  18, 108N, 1340W,  24, 1008, XX,  34, NEQ,    0,    0,    0,    0,  -99,  -99, 141,   0,   0, 
EP, 12, 2026082700, 03, AVNO,  24, 107N, 1338W,  29, 1003, XX,  34, NEQ,    0,    0,    0,    0,  -99,  -99, 145,   0,   0, 
EP, 12, 2026082700, 03, AVNO,  30, 108N, 1331W,  31, 1005, XX,  34, NEQ,    0,    0,    0,    0, 1009,  110, 109,   0,   0, 
EP, 12, 2026082700, 03, AVNO,  36, 107N, 1324W,  35, 1002, XX,  34, NEQ,    0,   44,   44,    0, 1006,   81,  43,   0,   0, 
EP, 12, 2026082700, 03, AVNO,  42, 112N, 1316W,  33, 1004, XX,  34, NEQ,    0,    0,    0,    0, 1008,   59,  47,   0,   0, 
EP, 12, 2026082700, 03, AVNO,  48, 118N, 1316W,  31, 1001, XX,  34, NEQ,    0,    0,    0,    0, 1005,   65,  31,   0,   0, 
EP, 12, 2026082700, 03, AVNO,  54, 118N, 1319W,  32, 1004, XX,  34, NEQ,    0,    0,    0,    0, 1008,   64,  48,   0,   0, 
EP, 12, 2026082700, 03, AVNO,  60, 124N, 1322W,  35, 1001, XX,  34, NEQ,    0,   30,    0,    0, 1005,   35,  30,   0,   0, 
EP, 12, 2026082700, 03, AVNO,  66, 126N, 1334W,  33, 1004, XX,  34, NEQ,    0,    0,    0,    0, 1008,   65,  62,   0,   0, 
EP, 12, 2026082700, 03, AVNO,  72, 124N, 1342W,  35, 1002, XX,  34, NEQ,    0,   19,  238,    0, 1006,   68,  25,   0,   0, 
EP, 12, 2026082700, 03, AVNO,  78, 127N, 1346W,  35, 1002, XX,  34, NEQ,   35,  209,  194,    0, 1006,   33,  34,   0,   0, 
EP, 12, 2026082700, 03, AVNO,  84, 128N, 1358W,  35, 1000, XX,  34, NEQ,    0,  214,    0,    0, 1004,   36,  37,   0,   0, 
EP, 12, 2026082700, 03, AVNO,  90, 126N, 1368W,  43,  998, XX,  34, NEQ,   40,   54,   67,    0, 1010,  161,  32,   0,   0, 
EP, 12, 2026082700, 03, AVNO,  96, 126N, 1371W,  42,  996, XX,  34, NEQ,   41,   52,   96,   47, 1008,  212,  32,   0,   0, 
EP, 12, 2026082700, 03, AVNO, 102, 125N, 1377W,  38,  999, XX,  34, NEQ,   48,   36,   95,   46, 1007,   54,  31,   0,   0, 
EP, 12, 2026082700, 03, AVNO, 108, 121N, 1385W,  42,  993, XX,  34, NEQ,   28,   39,   90,   50, 1005,   73,  22,   0,   0, 
EP, 12, 2026082700, 03, AVNO, 114, 118N, 1387W,  51,  991, XX,  34, NEQ,    0,   48,   63,   42, 1007,   78,  31,   0,   0, 
EP, 12, 2026082700, 03, AVNO, 114, 118N, 1387W,  51,  991, XX,  50, NEQ,    0,    0,   31,    0, 1007,   78,  31,   0,   0, 
EP, 12, 2026082700, 03, AVNO, 120, 120N, 1382W,  45,  990, XX,  34, NEQ,   44,   48,  127,   32, 1006,  148,  19,   0,   0, 
EP, 12, 2026082700, 03, AVNO, 126, 122N, 1382W,  44,  993, XX,  34, NEQ,   24,   81,   89,   43, 1009,  158,  21,   0,   0, 
EP, 12, 2026082700, 03, AVNO, 132, 124N, 1382W,  46,  991, XX,  34, NEQ,   41,   81,   74,   36, 1007,  181,  36,   0,   0, 
EP, 12, 2026082700, 03, AVNO, 138, 126N, 1381W,  51,  990, XX,  34, NEQ,   40,   74,   82,   52, 1010,  340,  21,   0,   0, 
EP, 12, 2026082700, 03, AVNO, 138, 126N, 1381W,  51,  990, XX,  50, NEQ,    0,   21,    0,    0, 1010,  340,  21,   0,   0, 
EP, 12, 2026082700, 03, AVNO, 144, 130N, 1380W,  44,  989, XX,  34, NEQ,   59,   85,   89,   46, 1005,  110,  32,   0,   0, 
EP, 12, 2026082700, 03, AVNO, 150, 132N, 1377W,  49,  991, XX,  34, NEQ,   43,   80,   70,   47, 1007,  104,  29,   0,   0, 
EP, 12, 2026082700, 03, AVNO, 156, 135N, 1374W,  50,  987, XX,  34, NEQ,   56,   85,   57,   58, 1007,  168,  18,   0,   0, 
EP, 12, 2026082700, 03, AVNO, 156, 135N, 1374W,  50,  987, XX,  50, NEQ,    0,   18,    0,    0, 1007,  168,  18,   0,   0, 
EP, 12, 2026082700, 03, AVNO, 162, 138N, 1371W,  57,  985, XX,  34, NEQ,   52,   75,   54,   66, 1009,  142,  23,   0,   0, 
EP, 12, 2026082700, 03, AVNO, 162, 138N, 1371W,  57,  985, XX,  50, NEQ,   24,   29,   22,   25, 1009,  142,  23,   0,   0, 
EP, 12, 2026082700, 03, AVNO, 168, 142N, 1368W,  65,  974, XX,  34, NEQ,   53,   71,   69,   70, 1006,  125,  20,   0,   0, 
EP, 12, 2026082700, 03, AVNO, 168, 142N, 1368W,  65,  974, XX,  50, NEQ,   29,   33,   30,   28, 1006,  125,  20,   0,   0, 
EP, 12, 2026082700, 03, AVNO, 168, 142N, 1368W,  65,  974, XX,  64, NEQ,    0,   23,    0,    0, 1006,  125,  20,   0,   0, 
EP, 12, 2026082700, 03, AVNO, 174, 145N, 1364W,  68,  977, XX,  34, NEQ,   63,   67,   62,   67, 1009,  133,  24,   0,   0, 
EP, 12, 2026082700, 03, AVNO, 174, 145N, 1364W,  68,  977, XX,  50, NEQ,   36,   37,   35,   34, 1009,  133,  24,   0,   0, 
EP, 12, 2026082700, 03, AVNO, 174, 145N, 1364W,  68,  977, XX,  64, NEQ,    0,   26,   27,   23, 1009,  133,  24,   0,   0, 
EP, 12, 2026082700, 03, AVNO, 180, 148N, 1359W,  69,  974, XX,  34, NEQ,   60,   71,   66,   71, 1006,  132,  19,   0,   0, 
EP, 12, 2026082700, 03, AVNO, 180, 148N, 1359W,  69,  974, XX,  50, NEQ,   32,   36,   35,   38, 1006,  132,  19,   0,   0, 
EP, 12, 2026082700, 03, AVNO, 180, 148N, 1359W,  69,  974, XX,  64, NEQ,    0,   22,   18,   24, 1006,  132,  19,   0,   0, 
EP, 12, 2026082700, 03, AVNO, 186, 149N, 1354W,  61,  983, XX,  34, NEQ,   54,   70,   72,   68, 1007,   86,  26,   0,   0, 
EP, 12, 2026082700, 03, AVNO, 186, 149N, 1354W,  61,  983, XX,  50, NEQ,   32,   41,   41,   35, 1007,   86,  26,   0,   0, 
EP, 12, 2026082700, 03, AVNO, 192, 150N, 1348W,  62,  983, XX,  34, NEQ,   52,   75,   74,   66, 1003,   68,  30,   0,   0, 
EP, 12, 2026082700, 03, AVNO, 192, 150N, 1348W,  62,  983, XX,  50, NEQ,    0,   35,   39,   31, 1003,   68,  30,   0,   0, 
EP, 12, 2026082700, 03, AVNO, 198, 149N, 1340W,  57,  987, XX,  34, NEQ,   52,   70,   76,   59, 1007,  110,  27,   0,   0, 
EP, 12, 2026082700, 03, AVNO, 198, 149N, 1340W,  57,  987, XX,  50, NEQ,    0,   41,   42,   31, 1007,  110,  27,   0,   0, 
EP, 12, 2026082700, 03, AVNO, 204, 149N, 1332W,  59,  984, XX,  34, NEQ,   52,   71,   75,   61, 1004,  103,  27,   0,   0, 
EP, 12, 2026082700, 03, AVNO, 204, 149N, 1332W,  59,  984, XX,  50, NEQ,    0,   33,   41,    0, 1004,  103,  27,   0,   0, 
EP, 12, 2026082700, 03, AVNO, 210, 150N, 1324W,  56,  987, XX,  34, NEQ,   54,   66,   64,   54, 1007,  118,  27,   0,   0, 
EP, 12, 2026082700, 03, AVNO, 210, 150N, 1324W,  56,  987, XX,  50, NEQ,    0,   33,   33,    0, 1007,  118,  27,   0,   0, 
EP, 12, 2026082700, 03, AVNO, 216, 152N, 1318W,  56,  985, XX,  34, NEQ,   50,   67,   68,   67, 1005,  133,  27,   0,   0, 
EP, 12, 2026082700, 03, AVNO, 216, 152N, 1318W,  56,  985, XX,  50, NEQ,    0,   35,   35,    0, 1005,  133,  27,   0,   0, 
EP, 12, 2026082700, 03, AVNO, 222, 154N, 1314W,  60,  986, XX,  34, NEQ,   65,   68,   70,   57, 1006,  113,  23,   0,   0, 
EP, 12, 2026082700, 03, AVNO, 222, 154N, 1314W,  60,  986, XX,  50, NEQ,   33,   39,   44,    0, 1006,  113,  23,   0,   0, 
EP, 12, 2026082700, 03, AVNO, 228, 157N, 1309W,  56,  983, XX,  34, NEQ,   68,   75,   79,   51, 1003,   95,  27,   0,   0, 
EP, 12, 2026082700, 03, AVNO, 228, 157N, 1309W,  56,  983, XX,  50, NEQ,   25,   37,   28,   23, 1003,   95,  27,   0,   0, 
EP, 12, 2026082700, 03, AVNO, 234, 161N, 1304W,  67,  983, XX,  34, NEQ,   54,   79,   73,   48, 1007,  135,  21,   0,   0, 
EP, 12, 2026082700, 03, AVNO, 234, 161N, 1304W,  67,  983, XX,  50, NEQ,   28,   35,   34,    0, 1007,  135,  21,   0,   0, 
EP, 12, 2026082700, 03, AVNO, 234, 161N, 1304W,  67,  983, XX,  64, NEQ,    0,   22,    0,    0, 1007,  135,  21,   0,   0, 
EP, 12, 2026082700, 03, AVNO, 240, 165N, 1299W,  60,  981, XX,  34, NEQ,   53,   74,   75,   53, 1005,  144,  29,   0,   0, 
EP, 12, 2026082700, 03, AVNO, 240, 165N, 1299W,  60,  981, XX,  50, NEQ,   26,   37,   31,    0, 1005,  144,  29,   0,   0, 
EP, 12, 2026082700, 03, HCCA,   0, 109N, 1350W,  20,    0,   ,   0,    ,    0,    0,    0,    0, 
EP, 12, 2026082700, 03, HCCA,  12, 109N, 1349W,  28,    0,   ,   0,    ,    0,    0,    0,    0, 
EP, 12, 2026082700, 03, HCCA,  24, 111N, 1344W,  35,    0,   ,   0,    ,    0,    0,    0,    0, 
EP, 12, 2026082700, 03, HCCA,  36, 117N, 1337W,  41,    0,   ,   0,    ,    0,    0,    0,    0, 
EP, 12, 2026082700, 03, HCCA,  48, 123N, 1335W,  41,    0,   ,   0,    ,    0,    0,    0,    0, 
EP, 12, 2026082700, 03, HCCA,  60, 129N, 1339W,  42,    0,   ,   0,    ,    0,    0,    0,    0, 
EP, 12, 2026082700, 03, HCCA,  72, 134N, 1347W,  42,    0,   ,   0,    ,    0,    0,    0,    0, 
EP, 12, 2026082700, 03, HCCA,  84, 136N, 1357W,  40,    0,   ,   0,    ,    0,    0,    0,    0, 
EP, 12, 2026082700, 03, HCCA,  96, 134N, 1367W,  43,    0,   ,   0,    ,    0,    0,    0,    0, 
EP, 12, 2026082700, 03, HCCA, 108, 134N, 1374W,  55,    0,   ,   0,    ,    0,    0,    0,    0, 
EP, 12, 2026082700, 03, HCCA, 120, 135N, 1379W,  79,    0,   ,   0,    ,    0,    0,    0,    0, 
EP, 12, 2026082700, 03, HCCA, 132, 139N, 1388W,  79,    0,   ,   0,    ,    0,    0,    0,    0, 
EP, 12, 2026082700, 03, HCCA, 144, 145N, 1395W,  80,    0,   ,   0,    ,    0,    0,    0,    0, 
EP, 12, 2026082700, 03, HCCA, 156, 153N, 1397W,  77,    0,   ,   0,    ,    0,    0,    0,    0, 
EP, 12, 2026082700, 03, HCCA, 168, 161N, 1399W,  74,    0,   ,   0,    ,    0,    0,    0,    0, 
EP, 12, 2026082700, 03, HFSA,   0, 109N, 1344W,  20, 1006, XX,  34, NEQ,    0,    0,    0,    0,  -99,  -99,  84,   0,   0,    ,   0,    ,  67,   4,           ,  ,  0,    ,    0,    0,    0,    0, THERMO PARAMS, -4, -144, -73, N, 10, DT, -999, SHR82, -99, 
EP, 12, 2026082700, 03, HFSA,   6, 107N, 1354W,  31, 1008, XX,  34, NEQ,    0,    0,    0,    0,  -99,  -99, 141,   0,   0,    ,   0,    , 145,   4,           ,  ,  0,    ,    0,    0,    0,    0, THERMO PARAMS, -62, -48, 23, N, 10, DT, -999, SHR82, -99, 
EP, 12, 2026082700, 03, HFSA,  12, 103N, 1350W,  37, 1001, XX,  34, NEQ,    0,    0,   11,    0, 1005,   10,  11,   0,   0,    ,   0,    , 107,   5,           ,  ,  0,    ,    0,    0,    0,    0, THERMO PARAMS, -44, -312, 305, N, 10, DT, -999, SHR82, -99, 
EP, 12, 2026082700, 03, HFSA,  18, 104N, 1342W,  35, 1006, XX,  34, NEQ,    0,    0,    0,    0, 1010,   56, 104,   0,   0,    ,   0,    ,  86,   8,           ,  ,  0,    ,    0,    0,    0,    0, THERMO PARAMS, -37, 157, 197, N, 10, DT, -999, SHR82, -99, 
EP, 12, 2026082700, 03, HFSA,  24, 103N, 1336W,  39, 1001, XX,  34, NEQ,    0,    0,    0,    0, 1005,   20,  89,   0,   0,    ,   0,    ,  96,   5,           ,  ,  0,    ,    0,    0,    0,    0, THERMO PARAMS, -59, -80, 76, N, 10, DT, -999, SHR82, -99, 
EP, 12, 2026082700, 03, HFSA,  30, 105N, 1325W,  42, 1005, XX,  34, NEQ,    0,    0,  115,    0,  -99,  -99, 109,   0,   0,    ,   0,    ,  79,   6,           ,  ,  0,    ,    0,    0,    0,    0, THERMO PARAMS, -19, 309, 119, N, 10, DT, -999, SHR82, -99, 
EP, 12, 2026082700, 03, HFSA,  36, 107N, 1315W,  38, 1000, XX,  34, NEQ,    0,    0,    0,    0, 1004,   27, 144,   0,   0,    ,   0,    ,  75,  10,           ,  ,  0,    ,    0,    0,    0,    0, THERMO PARAMS, -45, 376, 125, N, 10, DT, -999, SHR82, -99, 
EP, 12, 2026082700, 03, HFSA,  42, 113N, 1308W,  35, 1005, XX,  34, NEQ,    0,    0,    0,    0, 1009,  109, 161,   0,   0,    ,   0,    ,  47,   6,           ,  ,  0,    ,    0,    0,    0,    0, THERMO PARAMS, -9, 80, 118, N, 10, DT, -999, SHR82, -99, 
EP, 12, 2026082700, 03, HFSA,  48, 117N, 1305W,  29, 1002, XX,  34, NEQ,    0,    0,    0,    0,  -99,  -99,  83,   0,   0,    ,   0,    ,  32,   3,           ,  ,  0,    ,    0,    0,    0,    0, THERMO PARAMS, 46, -188, 327, N, 10, DT, -999, SHR82, -99, 
EP, 12, 2026082700, 03, HFSA,  54, 119N, 1307W,  35, 1006, XX,  34, NEQ,    0,    0,    0,    0,  -99,  -99,  43,   0,   0,    ,   0,    , 296,   3,           ,  ,  0,    ,    0,    0,    0,    0, THERMO PARAMS, 80, -249, 336, N, 10, DT, -999, SHR82, -99, 
EP, 12, 2026082700, 03, HFSA,  60, 122N, 1315W,  32, 1001, XX,  34, NEQ,    0,    0,    0,    0, 1005,   36, 117,   0,   0,    ,   0,    , 318,   3,           ,  ,  0,    ,    0,    0,    0,    0, THERMO PARAMS, 103, -232, 255, N, 10, DT, -999, SHR82, -99, 
EP, 12, 2026082700, 03, HFSA,  66, 124N, 1315W,  37, 1006, XX,  34, NEQ,    0,    0,    0,    0,  -99,  -99,  49,   0,   0,    ,   0,    , 313,   3,           ,  ,  0,    ,    0,    0,    0,    0, THERMO PARAMS, 85, 50, -150, N, 10, DT, -999, SHR82, -99, 
EP, 12, 2026082700, 03, HFSA,  72, 125N, 1321W,  31,  999, XX,  34, NEQ,    0,    0,    0,    0, 1003,    6,  37,   0,   0,    ,   0,    , 284,   3,           ,  ,  0,    ,    0,    0,    0,    0, THERMO PARAMS, 79, -219, 419, N, 10, DT, -999, SHR82, -99, 
EP, 12, 2026082700, 03, HFSA,  78, 128N, 1322W,  29, 1008, XX,  34, NEQ,    0,    0,    0,    0,  -99,  -99, 110,   0,   0,    ,   0,    , 289,   5,           ,  ,  0,    ,    0,    0,    0,    0, THERMO PARAMS, -9999, -9999, -9999, N, 10, DT, -999, SHR82, -99, 
EP, 12, 2026082700, 03, HFSA,  84, 128N, 1343W,  31, 1002, XX,  34, NEQ,    0,    0,    0,    0,  -99,  -99,  43,   0,   0,    ,   0,    , 266,  10,           ,  ,  0,    ,    0,    0,    0,    0, THERMO PARAMS, -1, -160, 216, N, 10, DT, -999, SHR82, -99, 
EP, 12, 2026082700, 03, HFSA,  90, 128N, 1347W,  31, 1008, XX,  34, NEQ,    0,    0,    0,    0,  -99,  -99,  71,   0,   0,    ,   0,    , 264,   9,           ,  ,  0,    ,    0,    0,    0,    0, THERMO PARAMS, 36, -367, 149, N, 10, DT, -999, SHR82, -99, 
EP, 12, 2026082700, 03, HFSA,  96, 126N, 1362W,  49,  996, XX,  34, NEQ,    0,    0,    0,    0, 1000,    6,  27,   0,   0,    ,   0,    , 253,   6,           ,  ,  0,    ,    0,    0,    0,    0, THERMO PARAMS, 56, -35, 448, N, 10, DT, -999, SHR82, -99, 
EP, 12, 2026082700, 03, HFSA, 102, 121N, 1366W,  41, 1006, XX,  34, NEQ,    0,    0,    0,    0, 1010,   97, 129,   0,   0,    ,   0,    , 201,   5,           ,  ,  0,    ,    0,    0,    0,    0, THERMO PARAMS, -49, -182, 148, N, 10, DT, -999, SHR82, -99, 
EP, 12, 2026082700, 03, HFSA, 108, 117N, 1369W,  32, 1002, XX,  34, NEQ,    0,    0,    0,    0, 1006,   67, 124,   0,   0,    ,   0,    , 215,   5,           ,  ,  0,    ,    0,    0,    0,    0, THERMO PARAMS, -1, 192, 219, N, 10, DT, -999, SHR82, -99, 
EP, 12, 2026082700, 03, HFSA, 114, 117N, 1368W,  33, 1005, XX,  34, NEQ,    0,    0,    0,    0, 1009,   80, 123,   0,   0,    ,   0,    , 129,   1,           ,  ,  0,    ,    0,    0,    0,    0, THERMO PARAMS, -30, 145, 167, N, 10, DT, -999, SHR82, -99, 
EP, 12, 2026082700, 03, HFSA, 120, 116N, 1367W,  32, 1000, XX,  34, NEQ,    0,    0,    0,    0, 1004,   49,  99,   0,   0,    ,   0,    ,  69,   2,           ,  ,  0,    ,    0,    0,    0,    0, THERMO PARAMS, 27, 306, 282, N, 10, DT, -999, SHR82, -99, 
EP, 12, 2026082700, 03, HFSA, 126, 119N, 1364W,  30, 1004, XX,  34, NEQ,    0,    0,    0,    0, 1008,   77, 116,   0,   0,    ,   0,    , -99, -99,           ,  ,  0,    ,    0,    0,    0,    0, THERMO PARAMS, 45, -139, 282, N, 10, DT, -999, SHR82, -99, 
EP, 12, 2026082700, 03, TVCN,   0, 109N, 1350W,   0,    0,   ,   0,    ,    0,    0,    0,    0, 
EP, 12, 2026082700, 03, TVCN,  12, 109N, 1347W,   0,    0,   ,   0,    ,    0,    0,    0,    0, 
EP, 12, 2026082700, 03, TVCN,  24, 111N, 1339W,   0,    0,   ,   0,    ,    0,    0,    0,    0, 
EP, 12, 2026082700, 03, TVCN,  36, 118N, 1331W,   0,    0,   ,   0,    ,    0,    0,    0,    0, 
EP, 12, 2026082700, 03, TVCN,  48, 123N, 1328W,   0,    0,   ,   0,    ,    0,    0,    0,    0, 
EP, 12, 2026082700, 03, TVCN,  60, 127N, 1333W,   0,    0,   ,   0,    ,    0,    0,    0,    0, 
EP, 12, 2026082700, 03, TVCN,  72, 131N, 1341W,   0,    0,   ,   0,    ,    0,    0,    0,    0, 
EP, 12, 2026082700, 03, TVCN,  84, 132N, 1350W,   0,    0,   ,   0,    ,    0,    0,    0,    0, 
EP, 12, 2026082700, 03, TVCN,  96, 132N, 1359W,   0,    0,   ,   0,    ,    0,    0,    0,    0, 
EP, 12, 2026082700, 03, TVCN, 108, 132N, 1366W,   0,    0,   ,   0,    ,    0,    0,    0,    0, 
EP, 12, 2026082700, 03, TVCN, 120, 134N, 1371W,   0,    0,   ,   0,    ,    0,    0,    0,    0, 
EP, 12, 2026082700, 03, TVCN, 132, 137N, 1378W,   0,    0,   ,   0,    ,    0,    0,    0,    0, 
EP, 12, 2026082706, 03, AVNO,   0, 112N, 1343W,  17, 1009, XX,  34, NEQ,    0,    0,    0,    0,  -99,  -99, 155,   0,   0, 
EP, 12, 2026082706, 03, AVNO,   6, 114N, 1341W,  22, 1006, XX,  34, NEQ,    0,    0,    0,    0,  -99,  -99, 128,   0,   0, 
EP, 12, 2026082706, 03, AVNO,  12, 108N, 1341W,  28, 1008, XX,  34, NEQ,    0,    0,    0,    0,  -99,  -99, 111,   0,   0, 
EP, 12, 2026082706, 03, AVNO,  18, 111N, 1340W,  31, 1002, XX,  34, NEQ,    0,    0,    0,    0, 1006,   49, 155,   0,   0, 
EP, 12, 2026082706, 03, AVNO,  24, 113N, 1337W,  38, 1005, XX,  34, NEQ,    0,  153,  153,    0, 1009,   76, 153,   0,   0, 
EP, 12, 2026082706, 03, AVNO,  30, 113N, 1333W,  33, 1003, XX,  34, NEQ,    0,    0,    0,    0, 1007,   95, 129,   0,   0, 
EP, 12, 2026082706, 03, AVNO,  36, 113N, 1332W,  31, 1004, XX,  34, NEQ,    0,    0,    0,    0, 1008,   73,  25,   0,   0, 
EP, 12, 2026082706, 03, AVNO,  42, 115N, 1326W,  32, 1000, XX,  34, NEQ,    0,    0,    0,    0, 1004,   53,  24,   0,   0, 
EP, 12, 2026082706, 03, AVNO,  48, 121N, 1324W,  27, 1004, XX,  34, NEQ,    0,    0,    0,    0, 1008,   68,  64,   0,   0, 
EP, 12, 2026082706, 03, AVNO,  54, 124N, 1329W,  33, 1002, XX,  34, NEQ,    0,    0,    0,    0, 1006,   72,  42,   0,   0, 
EP, 12, 2026082706, 03, AVNO,  60, 129N, 1334W,  28, 1004, XX,  34, NEQ,    0,    0,    0,    0, 1008,   65,  43,   0,   0, 
EP, 12, 2026082706, 03, AVNO,  66, 132N, 1338W,  32, 1002, XX,  34, NEQ,    0,    0,    0,    0, 1006,   70,  44,   0,   0, 
EP, 12, 2026082706, 03, AVNO,  72, 135N, 1342W,  29, 1005, XX,  34, NEQ,    0,    0,    0,    0,  -99,  -99,  45,   0,   0, 
EP, 12, 2026082706, 03, AVNO,  78, 133N, 1353W,  27, 1002, XX,  34, NEQ,    0,    0,    0,    0,  -99,  -99,  71,   0,   0, 
EP, 12, 2026082706, 03, AVNO,  84, 128N, 1371W,  46,  999, XX,  34, NEQ,   29,   21,   35,    0, 1011,  220,  13,   0,   0, 
EP, 12, 2026082706, 03, AVNO,  90, 130N, 1375W,  35,  999, XX,  34, NEQ,   28,    0,    0,    0, 1003,   22,  28,   0,   0, 
EP, 12, 2026082706, 03, AVNO,  96, 127N, 1381W,  35, 1001, XX,  34, NEQ,   49,   40,    0,    0, 1005,   36,  40,   0,   0, 
EP, 12, 2026082706, 03, AVNO, 102, 127N, 1386W,  34,  998, XX,  34, NEQ,    0,    0,    0,    0, 1006,   86,  36,   0,   0, 
EP, 12, 2026082706, 03, AVNO, 108, 127N, 1389W,  37,  998, XX,  34, NEQ,   35,   43,   41,    0, 1010,  194,  33,   0,   0, 
EP, 12, 2026082706, 03, AVNO, 114, 127N, 1396W,  41,  995, XX,  34, NEQ,   51,   36,   49,   57, 1007,  157,  33,   0,   0, 
EP, 12, 2026082706, 03, AVNO, 120, 125N, 1398W,  44,  996, XX,  34, NEQ,   43,   42,   58,   44, 1008,  108,  31,   0,   0, 
EP, 12, 2026082706, 03, AVNO, 126, 127N, 1402W,  45,  991, XX,  34, NEQ,   53,   56,   53,   68, 1007,  184,  26,   0,   0, 
EP, 12, 2026082706, 03, AVNO, 132, 127N, 1404W,  44,  995, XX,  34, NEQ,   36,   71,   65,   71, 1007,   78,  29,   0,   0, 
EP, 12, 2026082706, 03, AVNO, 138, 129N, 1405W,  42,  993, XX,  34, NEQ,    0,   83,   78,   69, 1005,  118,  42,   0,   0, 
EP, 12, 2026082706, 03, AVNO, 144, 130N, 1406W,  50,  993, XX,  34, NEQ,   48,   68,   80,   73, 1009,  144,  35,   0,   0, 
EP, 12, 2026082706, 03, AVNO, 144, 130N, 1406W,  50,  993, XX,  50, NEQ,    0,   35,    0,    0, 1009,  144,  35,   0,   0, 
EP, 12, 2026082706, 03, AVNO, 150, 131N, 1407W,  47,  992, XX,  34, NEQ,   51,   66,   85,   74, 1008,  195,  36,   0,   0, 
EP, 12, 2026082706, 03, AVNO, 156, 131N, 1407W,  51,  990, XX,  34, NEQ,   70,   72,   71,   49, 1010,  189,  40,   0,   0, 
EP, 12, 2026082706, 03, AVNO, 156, 131N, 1407W,  51,  990, XX,  50, NEQ,    0,    0,   40,    0, 1010,  189,  40,   0,   0, 
EP, 12, 2026082706, 03, AVNO, 162, 136N, 1405W,  51,  986, XX,  34, NEQ,   57,   81,   51,   52, 1006,  124,  24,   0,   0, 
EP, 12, 2026082706, 03, AVNO, 162, 136N, 1405W,  51,  986, XX,  50, NEQ,    0,   25,    0,    0, 1006,  124,  24,   0,   0, 
EP, 12, 2026082706, 03, AVNO, 168, 137N, 1403W,  59,  988, XX,  34, NEQ,   49,   77,   57,   47, 1008,  110,  21,   0,   0, 
EP, 12, 2026082706, 03, AVNO, 168, 137N, 1403W,  59,  988, XX,  50, NEQ,    0,   33,   26,    0, 1008,  110,  21,   0,   0, 
EP, 12, 2026082706, 03, AVNO, 174, 136N, 1401W,  60,  984, XX,  34, NEQ,   62,   65,   60,   56, 1008,  168,  30,   0,   0, 
EP, 12, 2026082706, 03, AVNO, 174, 136N, 1401W,  60,  984, XX,  50, NEQ,    0,   44,   31,   29, 1008,  168,  30,   0,   0, 
EP, 12, 2026082706, 03, AVNO, 180, 138N, 1395W,  59,  986, XX,  34, NEQ,   59,   68,   55,   60, 1010,  164,  25,   0,   0, 
EP, 12, 2026082706, 03, AVNO, 180, 138N, 1395W,  59,  986, XX,  50, NEQ,    0,   35,   36,    0, 1010,  164,  25,   0,   0, 
EP, 12, 2026082706, 03, AVNO, 186, 139N, 1391W,  58,  986, XX,  34, NEQ,   57,   61,   64,   59, 1006,   89,  24,   0,   0, 
EP, 12, 2026082706, 03, AVNO, 186, 139N, 1391W,  58,  986, XX,  50, NEQ,   24,   34,   32,   25, 1006,   89,  24,   0,   0, 
EP, 12, 2026082706, 03, AVNO, 192, 138N, 1388W,  60,  986, XX,  34, NEQ,   59,   66,   68,   66, 1010,  178,  27,   0,   0, 
EP, 12, 2026082706, 03, AVNO, 192, 138N, 1388W,  60,  986, XX,  50, NEQ,   32,   36,   41,    0, 1010,  178,  27,   0,   0, 
EP, 12, 2026082706, 03, AVNO, 198, 137N, 1387W,  66,  981, XX,  34, NEQ,   68,   70,   76,   69, 1005,   95,  30,   0,   0, 
EP, 12, 2026082706, 03, AVNO, 198, 137N, 1387W,  66,  981, XX,  50, NEQ,   36,   39,   35,   32, 1005,   95,  30,   0,   0, 
EP, 12, 2026082706, 03, AVNO, 198, 137N, 1387W,  66,  981, XX,  64, NEQ,    0,   31,    0,    0, 1005,   95,  30,   0,   0, 
EP, 12, 2026082706, 03, AVNO, 204, 137N, 1386W,  71,  976, XX,  34, NEQ,   72,   74,   70,   82,  992,   31,  24,   0,   0, 
EP, 12, 2026082706, 03, AVNO, 204, 137N, 1386W,  71,  976, XX,  50, NEQ,   34,   37,   37,   39,  992,   31,  24,   0,   0, 
EP, 12, 2026082706, 03, AVNO, 204, 137N, 1386W,  71,  976, XX,  64, NEQ,    0,   28,    0,    0,  992,   31,  24,   0,   0, 
EP, 12, 2026082706, 03, AVNO, 210, 137N, 1386W,  77,  968, XX,  34, NEQ,   64,   77,   76,   76,  988,   30,  18,   0,   0, 
EP, 12, 2026082706, 03, AVNO, 210, 137N, 1386W,  77,  968, XX,  50, NEQ,   32,   47,   42,   41,  988,   30,  18,   0,   0, 
EP, 12, 2026082706, 03, AVNO, 210, 137N, 1386W,  77,  968, XX,  64, NEQ,   26,   32,   32,   25,  988,   30,  18,   0,   0, 
EP, 12, 2026082706, 03, AVNO, 216, 137N, 1385W,  79,  971, XX,  34, NEQ,   69,   68,   72,   67, 1007,   94,  18,   0,   0, 
EP, 12, 2026082706, 03, AVNO, 216, 137N, 1385W,  79,  971, XX,  50, NEQ,   40,   45,   44,   34, 1007,   94,  18,   0,   0, 
EP, 12, 2026082706, 03, AVNO, 216, 137N, 1385W,  79,  971, XX,  64, NEQ,   29,   30,   28,    0, 1007,   94,  18,   0,   0, 
EP, 12, 2026082706, 03, AVNO, 222, 137N, 1386W,  77,  968, XX,  34, NEQ,   73,   74,   77,   70,  988,   32,  21,   0,   0, 
EP, 12, 2026082706, 03, AVNO, 222, 137N, 1386W,  77,  968, XX,  50, NEQ,   39,   45,   45,   41,  988,   32,  21,   0,   0, 
EP, 12, 2026082706, 03, AVNO, 222, 137N, 1386W,  77,  968, XX,  64, NEQ,   29,   31,   30,    0,  988,   32,  21,   0,   0, 
EP, 12, 2026082706, 03, AVNO, 228, 136N, 1386W,  78,  972, XX,  34, NEQ,   73,   76,   78,   62,  988,   21,  20,   0,   0, 
EP, 12, 2026082706, 03, AVNO, 228, 136N, 1386W,  78,  972, XX,  50, NEQ,   48,   49,   41,   37,  988,   21,  20,   0,   0, 
EP, 12, 2026082706, 03, AVNO, 228, 136N, 1386W,  78,  972, XX,  64, NEQ,   32,   34,   28,   27,  988,   21,  20,   0,   0, 
EP, 12, 2026082706, 03, AVNO, 234, 137N, 1385W,  77,  967, XX,  34, NEQ,   73,   81,   79,   69,  991,   32,  18,   0,   0, 
EP, 12, 2026082706, 03, AVNO, 234, 137N, 1385W,  77,  967, XX,  50, NEQ,   33,   47,   44,   37,  991,   32,  18,   0,   0, 
EP, 12, 2026082706, 03, AVNO, 234, 137N, 1385W,  77,  967, XX,  64, NEQ,   25,   33,   30,   17,  991,   32,  18,   0,   0, 
EP, 12, 2026082706, 03, AVNO, 240, 139N, 1384W,  75,  970, XX,  34, NEQ,   74,   86,   84,   77,  994,   39,  23,   0,   0, 
EP, 12, 2026082706, 03, AVNO, 240, 139N, 1384W,  75,  970, XX,  50, NEQ,   41,   44,   40,   44,  994,   39,  23,   0,   0, 
EP, 12, 2026082706, 03, AVNO, 240, 139N, 1384W,  75,  970, XX,  64, NEQ,   29,   30,   27,   27,  994,   39,  23,   0,   0, 
EP, 12, 2026082706, 03, HCCA,   0, 109N, 1348W,  25,    0,   ,   0,    ,    0,    0,    0,    0, 
EP, 12, 2026082706, 03, HCCA,  12, 110N, 1339W,  36,    0,   ,   0,    ,    0,    0,    0,    0, 
EP, 12, 2026082706, 03, HCCA,  24, 113N, 1330W,  43,    0,   ,   0,    ,    0,    0,    0,    0, 
EP, 12, 2026082706, 03, HCCA,  36, 117N, 1325W,  48,    0,   ,   0,    ,    0,    0,    0,    0, 
EP, 12, 2026082706, 03, HCCA,  48, 120N, 1329W,  49,    0,   ,   0,    ,    0,    0,    0,    0, 
EP, 12, 2026082706, 03, HCCA,  60, 125N, 1338W,  47,    0,   ,   0,    ,    0,    0,    0,    0, 
EP, 12, 2026082706, 03, HCCA,  72, 128N, 1352W,  47,    0,   ,   0,    ,    0,    0,    0,    0, 
EP, 12, 2026082706, 03, HCCA,  84, 129N, 1365W,  48,    0,   ,   0,    ,    0,    0,    0,    0, 
EP, 12, 2026082706, 03, HCCA,  96, 128N, 1375W,  45,    0,   ,   0,    ,    0,    0,    0,    0, 
EP, 12, 2026082706, 03, HCCA, 108, 126N, 1382W,  49,    0,   ,   0,    ,    0,    0,    0,    0, 
EP, 12, 2026082706, 03, HCCA, 120, 128N, 1389W,  55,    0,   ,   0,    ,    0,    0,    0,    0, 
EP, 12, 2026082706, 03, HCCA, 132, 131N, 1395W,  63,    0,   ,   0,    ,    0,    0,    0,    0, 
EP, 12, 2026082706, 03, HCCA, 144, 136N, 1400W,  68,    0,   ,   0,    ,    0,    0,    0,    0, 
EP, 12, 2026082706, 03, HCCA, 156, 140N, 1403W,  69,    0,   ,   0,    ,    0,    0,    0,    0, 
EP, 12, 2026082706, 03, HCCA, 168, 146N, 1403W,  67,    0,   ,   0,    ,    0,    0,    0,    0, 
EP, 12, 2026082706, 03, HFSA,   0, 109N, 1348W,  25, 1008, XX,  34, NEQ,    0,    0,    0,    0,  -99,  -99,  64,   0,   0,    ,   0,    ,  72,   3,           ,  ,  0,    ,    0,    0,    0,    0, THERMO PARAMS, 37, -39, 83, N, 10, DT, -999, SHR82, -99, 
EP, 12, 2026082706, 03, HFSA,   6, 102N, 1348W,  40, 1005, XX,  34, NEQ,    0,    0,    0,    0,  -99,  -99,  32,   0,   0,    ,   0,    , 143,   4,           ,  ,  0,    ,    0,    0,    0,    0, THERMO PARAMS, -69, 181, 148, N, 10, DT, -999, SHR82, -99, 
EP, 12, 2026082706, 03, HFSA,  12, 105N, 1345W,  37, 1002, XX,  34, NEQ,    0,    0,    0,    0, 1006,    3, 133,   0,   0,    ,   0,    ,  42,   5,           ,  ,  0,    ,    0,    0,    0,    0, THERMO PARAMS, -9999, -9999, -9999, N, 10, DT, -999, SHR82, -99, 
EP, 12, 2026082706, 03, HFSA,  18, 109N, 1344W,  45, 1000, XX,  34, NEQ,    0,    0,  151,    0, 1004,   11, 140,   0,   0,    ,   0,    ,  32,   4,           ,  ,  0,    ,    0,    0,    0,    0, THERMO PARAMS, -9999, -9999, -9999, N, 10, DT, -999, SHR82, -99, 
EP, 12, 2026082706, 03, HFSA,  24, 109N, 1338W,  44, 1006, XX,  34, NEQ,    0,    0,    0,    0,  -99,  -99,  67,   0,   0,    ,   0,    ,  81,   7,           ,  ,  0,    ,    0,    0,    0,    0, THERMO PARAMS, -26, 287, 60, N, 10, DT, -999, SHR82, -99, 
EP, 12, 2026082706, 03, HFSA,  30, 110N, 1329W,  34, 1001, XX,  34, NEQ,    0,    0,    0,    0, 1005,   55,  59,   0,   0,    ,   0,    ,  68,  10,           ,  ,  0,    ,    0,    0,    0,    0, THERMO PARAMS, -24, 258, 117, N, 10, DT, -999, SHR82, -99, 
EP, 12, 2026082706, 03, HFSA,  36, 118N, 1323W,  37, 1005, XX,  34, NEQ,    0,   70,    0,    0, 1009,  104,  68,   0,   0,    ,   0,    ,  33,   7,           ,  ,  0,    ,    0,    0,    0,    0, THERMO PARAMS, 74, 51, 200, N, 10, DT, -999, SHR82, -99, 
EP, 12, 2026082706, 03, HFSA,  42, 124N, 1321W,  31, 1003, XX,  34, NEQ,    0,    0,    0,    0,  -99,  -99,  52,   0,   0,    ,   0,    ,   7,   3,           ,  ,  0,    ,    0,    0,    0,    0, THERMO PARAMS, 108, -86, 268, N, 10, DT, -999, SHR82, -99, 
EP, 12, 2026082706, 03, HFSA,  48, 126N, 1322W,  33, 1003, XX,  34, NEQ,    0,    0,    0,    0,  -99,  -99,  38,   0,   0,    ,   0,    ,   5,   3,           ,  ,  0,    ,    0,    0,    0,    0, THERMO PARAMS, 79, 22, 181, N, 10, DT, -999, SHR82, -99, 
EP, 12, 2026082706, 03, HFSA,  54, 134N, 1329W,  32,  998, XX,  34, NEQ,    0,    0,    0,    0, 1002,    6,  32,   0,   0,    ,   0,    , 306,   9,           ,  ,  0,    ,    0,    0,    0,    0, THERMO PARAMS, 125, 50, 195, N, 10, DT, -999, SHR82, -99, 
EP, 12, 2026082706, 03, HFSA,  60, 137N, 1336W,  30, 1005, XX,  34, NEQ,    0,    0,    0,    0,  -99,  -99,  62,   0,   0,    ,   0,    , 298,   7,           ,  ,  0,    ,    0,    0,    0,    0, THERMO PARAMS, 127, -281, 444, N, 10, DT, -999, SHR82, -99, 
EP, 12, 2026082706, 03, HFSA,  66, 135N, 1346W,  40,  997, XX,  34, NEQ,    0,   19,   31,   32, 1001,   12,  31,   0,   0,    ,   0,    , 267,   9,           ,  ,  0,    ,    0,    0,    0,    0, THERMO PARAMS, 98, 93, 352, N, 10, DT, -999, SHR82, -99, 
EP, 12, 2026082706, 03, HFSA,  72, 138N, 1350W,  43, 1000, XX,  34, NEQ,    0,    0,   57,    0, 1004,   11,  32,   0,   0,    ,   0,    , 290,   6,           ,  ,  0,    ,    0,    0,    0,    0, THERMO PARAMS, 105, 78, 382, N, 10, DT, -999, SHR82, -99, 
EP, 12, 2026082706, 03, HFSA,  78, 136N, 1359W,  46,  992, XX,  34, NEQ,    0,    0,   31,    0,  996,    3,  25,   0,   0,    ,   0,    , 260,   7,           ,  ,  0,    ,    0,    0,    0,    0, THERMO PARAMS, 54, -2, 307, N, 10, DT, -999, SHR82, -99, 
EP, 12, 2026082706, 03, HFSA,  84, 137N, 1361W,  49,  999, XX,  34, NEQ,    0,   44,   40,    0, 1003,    7,  35,   0,   0,    ,   0,    , 293,   5,           ,  ,  0,    ,    0,    0,    0,    0, THERMO PARAMS, 84, -342, 291, N, 10, DT, -999, SHR82, -99, 
EP, 12, 2026082706, 03, HFSA,  90, 137N, 1371W,  42,  988, XX,  34, NEQ,    0,   10,   16,    0,  996,    4,   8,   0,   0,    ,   0,    , 259,   6,           ,  ,  0,    ,    0,    0,    0,    0, THERMO PARAMS, 64, 545, 811, N, 10, DT, -999, SHR82, -99, 
EP, 12, 2026082706, 03, HFSA,  96, 135N, 1379W,  37,  997, XX,  34, NEQ,   15,    0,    0,   34, 1001,   14,  12,   0,   0,    ,   0,    , 248,   8,           ,  ,  0,    ,    0,    0,    0,    0, THERMO PARAMS, 35, 359, 403, N, 10, DT, -999, SHR82, -99, 
EP, 12, 2026082706, 03, HFSA, 102, 132N, 1386W,  35,  995, XX,  34, NEQ,    0,    0,    0,    0,  999,   14,  84,   0,   0,    ,   0,    , 246,   6,           ,  ,  0,    ,    0,    0,    0,    0, THERMO PARAMS, 19, 369, 533, N, 10, DT, -999, SHR82, -99, 
EP, 12, 2026082706, 03, HFSA, 108, 131N, 1393W,  46,  991, XX,  34, NEQ,   39,   19,   19,   52,  995,    4,  12,   0,   0,    ,   0,    , 259,   6,           ,  ,  0,    ,    0,    0,    0,    0, THERMO PARAMS, 0, 942, 814, N, 10, DT, -999, SHR82, -99, 
EP, 12, 2026082706, 03, HFSA, 114, 131N, 1398W,  54,  988, XX,  34, NEQ,   36,   34,   39,   53, 1004,   55,  13,   0,   0,    ,   0,    , 263,   4,           ,  ,  0,    ,    0,    0,    0,    0, THERMO PARAMS, -21, 1184, 885, N, 10, DT, -999, SHR82, -99, 
EP, 12, 2026082706, 03, HFSA, 114, 131N, 1398W,  54,  988, XX,  50, NEQ,    0,    0,   15,    0, 1004,   55,  13,   0,   0,    ,   0,    , 263,   4,           ,  ,  0,    ,    0,    0,    0,    0, THERMO PARAMS, -21, 1184, 885, N, 10, DT, -999, SHR82, -99, 
EP, 12, 2026082706, 03, HFSA, 120, 133N, 1402W,  59,  987, XX,  34, NEQ,   47,   31,   52,   60, 1003,   37,  14,   0,   0,    ,   0,    , 267,   5,           ,  ,  0,    ,    0,    0,    0,    0, THERMO PARAMS, -22, 1158, 836, N, 10, DT, -999, SHR82, -99, 
EP, 12, 2026082706, 03, HFSA, 120, 133N, 1402W,  59,  987, XX,  50, NEQ,   15,    0,   24,   29, 1003,   37,  14,   0,   0,    ,   0,    , 267,   5,           ,  ,  0,    ,    0,    0,    0,    0, THERMO PARAMS, -22, 1158, 836, N, 10, DT, -999, SHR82, -99, 
EP, 12, 2026082706, 03, HFSA, 126, 135N, 1407W,  62,  983, XX,  34, NEQ,   62,   42,   50,   62,  999,   31,  18,   0,   0,    ,   0,    , -99, -99,           ,  ,  0,    ,    0,    0,    0,    0, THERMO PARAMS, -15, 1422, 930, N, 10, DT, -999, SHR82, -99, 
EP, 12, 2026082706, 03, HFSA, 126, 135N, 1407W,  62,  983, XX,  50, NEQ,   19,   13,   24,   26,  999,   31,  18,   0,   0,    ,   0,    , -99, -99,           ,  ,  0,    ,    0,    0,    0,    0, THERMO PARAMS, -15, 1422, 930, N, 10, DT, -999, SHR82, -99, 
EP, 12, 2026082706, 03, TVCN,   0, 109N, 1348W,   0,    0,   ,   0,    ,    0,    0,    0,    0, 
EP, 12, 2026082706, 03, TVCN,  12, 108N, 1342W,   0,    0,   ,   0,    ,    0,    0,    0,    0, 
EP, 12, 2026082706, 03, TVCN,  24, 111N, 1332W,   0,    0,   ,   0,    ,    0,    0,    0,    0, 
EP, 12, 2026082706, 03, TVCN,  36, 115N, 1325W,   0,    0,   ,   0,    ,    0,    0,    0,    0, 
EP, 12, 2026082706, 03, TVCN,  48, 121N, 1326W,   0,    0,   ,   0,    ,    0,    0,    0,    0, 
EP, 12, 2026082706, 03, TVCN,  60, 125N, 1336W,   0,    0,   ,   0,    ,    0,    0,    0,    0, 
EP, 12, 2026082706, 03, TVCN,  72, 128N, 1347W,   0,    0,   ,   0,    ,    0,    0,    0,    0, 
EP, 12, 2026082706, 03, TVCN,  84, 129N, 1361W,   0,    0,   ,   0,    ,    0,    0,    0,    0, 
EP, 12, 2026082706, 03, TVCN,  96, 129N, 1374W,   0,    0,   ,   0,    ,    0,    0,    0,    0, 
EP, 12, 2026082706, 03, TVCN, 108, 128N, 1382W,   0,    0,   ,   0,    ,    0,    0,    0,    0, 
EP, 12, 2026082706, 03, TVCN, 120, 130N, 1388W,   0,    0,   ,   0,    ,    0,    0,    0,    0, 
EP, 12, 2026082706, 03, TVCN, 132, 131N, 1393W,   0,    0,   ,   0,    ,    0,    0,    0,    0, 
EP, 12, 2026082706, 03, TVCN, 144, 136N, 1423W,   0,    0,   ,   0,    ,    0,    0,    0,    0, 
EP, 12, 2026082706, 03, TVCN, 156, 141N, 1428W,   0,    0,   ,   0,    ,    0,    0,    0,    0, 
EP, 12, 2026082706, 03, TVCN, 168, 148N, 1433W,   0,    0,   ,   0,    ,    0,    0,    0,    0, 
EP, 12, 2026082712, 03,  UKX,   0, 108N, 1348W,  25, 1007, XX,  34, NEQ,    0,    0,    0,    0, 
EP, 12, 2026082712, 03,  UKX,   6, 109N, 1347W,  26, 1008, XX,  34, NEQ,    0,    0,    0,    0, 
EP, 12, 2026082712, 03,  UKX,  12, 110N, 1345W,  27, 1006, XX,  34, NEQ,    0,    0,    0,    0, 
EP, 12, 2026082712, 03,  UKX,  18, 111N, 1339W,  27, 1007, XX,  34, NEQ,    0,    0,    0,    0, 
EP, 12, 2026082712, 03,  UKX,  24, 116N, 1334W,  22, 1005, XX,  34, NEQ,    0,    0,    0,    0, 
EP, 12, 2026082712, 03,  UKX,  30, 116N, 1337W,  22, 1006, XX,  34, NEQ,    0,    0,    0,    0, 
EP, 12, 2026082712, 03,  UKX,  36, 117N, 1344W,  22, 1004, XX,  34, NEQ,    0,    0,    0,    0, 
EP, 12, 2026082712, 03,  UKX,  42, 118N, 1348W,  24, 1006, XX,  34, NEQ,    0,    0,    0,    0, 
EP, 12, 2026082712, 03,  UKX,  48, 120N, 1355W,  25, 1004, XX,  34, NEQ,    0,    0,    0,    0, 
EP, 12, 2026082712, 03,  UKX,  54, 122N, 1362W,  26, 1006, XX,  34, NEQ,    0,    0,    0,    0, 
EP, 12, 2026082712, 03,  UKX,  60, 124N, 1373W,  26, 1004, XX,  34, NEQ,    0,    0,    0,    0, 
EP, 12, 2026082712, 03,  UKX,  66, 124N, 1385W,  28, 1006, XX,  34, NEQ,    0,    0,    0,    0, 
EP, 12, 2026082712, 03,  UKX,  72, 122N, 1398W,  26, 1004, XX,  34, NEQ,    0,    0,    0,    0, 
EP, 12, 2026082712, 03,  UKX,  78, 121N, 1409W,  26, 1006, XX,  34, NEQ,    0,    0,    0,    0, 
EP, 12, 2026082712, 03,  UKX,  84, 121N, 1420W,  26, 1003, XX,  34, NEQ,    0,    0,    0,    0, 
EP, 12, 2026082712, 03,  UKX,  90, 121N, 1431W,  28, 1005, XX,  34, NEQ,    0,    0,    0,    0, 
EP, 12, 2026082712, 03,  UKX,  96, 118N, 1442W,  29, 1003, XX,  34, NEQ,    0,    0,    0,    0, 
EP, 12, 2026082712, 03,  UKX, 102, 114N, 1450W,  30, 1005, XX,  34, NEQ,    0,    0,    0,    0, 
EP, 12, 2026082712, 03,  UKX, 108, 113N, 1452W,  29, 1002, XX,  34, NEQ,    0,    0,    0,    0, 
EP, 12, 2026082712, 03,  UKX, 114, 113N, 1455W,  28, 1003, XX,  34, NEQ,    0,    0,    0,    0, 
EP, 12, 2026082712, 03,  UKX, 120, 114N, 1459W,  28, 1001, XX,  34, NEQ,    0,    0,    0,    0, 
EP, 12, 2026082712, 03,  UKX, 126, 116N, 1463W,  30, 1002, XX,  34, NEQ,    0,    0,    0,    0, 
EP, 12, 2026082712, 03,  UKX, 132, 118N, 1469W,  32,  999, XX,  34, NEQ,    0,    0,    0,    0, 
EP, 12, 2026082712, 03,  UKX, 138, 120N, 1477W,  33, 1001, XX,  34, NEQ,    0,    0,    0,    0, 
EP, 12, 2026082712, 03,  UKX, 144, 122N, 1486W,  35,  999, XX,  34, NEQ,    0,    0,   59,   50, 
EP, 12, 2026082712, 03, AVNO,   0, 111N, 1341W,  23, 1006, XX,  34, NEQ,    0,    0,    0,    0,  -99,  -99, 114,   0,   0, 
EP, 12, 2026082712, 03, AVNO,   6, 110N, 1341W,  28, 1008, XX,  34, NEQ,    0,    0,    0,    0,  -99,  -99, 124,   0,   0, 
EP, 12, 2026082712, 03, AVNO,  12, 109N, 1343W,  33, 1002, XX,  34, NEQ,    0,    0,    0,    0, 1006,   84,  12,   0,   0, 
EP, 12, 2026082712, 03, AVNO,  18, 111N, 1336W,  33, 1004, XX,  34, NEQ,    0,    0,    0,    0, 1008,   56, 114,   0,   0, 
EP, 12, 2026082712, 03, AVNO,  24, 110N, 1331W,  35, 1001, XX,  34, NEQ,    0,   26,    0,    0, 1005,   38,  24,   0,   0, 
EP, 12, 2026082712, 03, AVNO,  30, 113N, 1326W,  30, 1004, XX,  34, NEQ,    0,    0,    0,    0, 1008,   70,  39,   0,   0, 
EP, 12, 2026082712, 03, AVNO,  36, 118N, 1322W,  29, 1000, XX,  34, NEQ,    0,    0,    0,    0, 1004,   60,  52,   0,   0, 
EP, 12, 2026082712, 03, AVNO,  42, 121N, 1326W,  30, 1004, XX,  34, NEQ,    0,    0,    0,    0, 1008,   79,  63,   0,   0, 
EP, 12, 2026082712, 03, AVNO,  48, 125N, 1329W,  29, 1001, XX,  34, NEQ,    0,    0,    0,    0, 1005,   64,  58,   0,   0, 
EP, 12, 2026082712, 03, AVNO,  54, 128N, 1336W,  31, 1004, XX,  34, NEQ,    0,    0,    0,    0,  -99,  -99,  46,   0,   0, 
EP, 12, 2026082712, 03, AVNO,  60, 129N, 1342W,  34,  999, XX,  34, NEQ,    0,   35,    0,    0, 1007,  113,  34,   0,   0, 
EP, 12, 2026082712, 03, AVNO,  66, 130N, 1349W,  37, 1004, XX,  34, NEQ,    0,   40,    0,    0,  -99,  -99,  39,   0,   0, 
EP, 12, 2026082712, 03, AVNO,  72, 130N, 1361W,  31, 1000, XX,  34, NEQ,    0,    0,    0,    0, 1008,  189,  29,   0,   0, 
EP, 12, 2026082712, 03, AVNO,  78, 131N, 1368W,  31, 1004, XX,  34, NEQ,    0,    0,    0,    0, 1012,  229,  41,   0,   0, 
EP, 12, 2026082712, 03, AVNO,  84, 133N, 1377W,  28, 1001, XX,  34, NEQ,    0,    0,    0,    0, 1005,   56,  39,   0,   0, 
EP, 12, 2026082712, 03, AVNO,  90, 134N, 1386W,  38,  999, XX,  34, NEQ,   34,    0,    0,   23, 1011,  273,  29,   0,   0, 
EP, 12, 2026082712, 03, AVNO,  96, 133N, 1398W,  44,  991, XX,  34, NEQ,   36,   30,   26,   45, 1007,  135,  19,   0,   0, 
EP, 12, 2026082712, 03, AVNO, 102, 132N, 1409W,  45,  994, XX,  34, NEQ,   48,   39,   39,   53, 1010,  146,  18,   0,   0, 
EP, 12, 2026082712, 03, AVNO, 108, 132N, 1417W,  52,  987, XX,  34, NEQ,   51,   34,   43,   54, 1007,  143,  21,   0,   0, 
EP, 12, 2026082712, 03, AVNO, 108, 132N, 1417W,  52,  987, XX,  50, NEQ,    0,    0,   21,   23, 1007,  143,  21,   0,   0, 
EP, 12, 2026082712, 03, AVNO, 114, 131N, 1423W,  57,  984, XX,  34, NEQ,   70,   42,   64,   73, 1008,  113,  23,   0,   0, 
EP, 12, 2026082712, 03, AVNO, 114, 131N, 1423W,  57,  984, XX,  50, NEQ,   29,   25,   24,   29, 1008,  113,  23,   0,   0, 
EP, 12, 2026082712, 03, AVNO, 120, 132N, 1429W,  66,  975, XX,  34, NEQ,   67,   43,   67,   73, 1007,  147,  19,   0,   0, 
EP, 12, 2026082712, 03, AVNO, 120, 132N, 1429W,  66,  975, XX,  50, NEQ,   34,   26,   33,   35, 1007,  147,  19,   0,   0, 
EP, 12, 2026082712, 03, AVNO, 120, 132N, 1429W,  66,  975, XX,  64, NEQ,   20,    0,    0,   20, 1007,  147,  19,   0,   0, 
EP, 12, 2026082712, 03, AVNO, 126, 133N, 1434W,  68,  972, XX,  34, NEQ,   74,   52,   58,   78,  996,   32,  21,   0,   0, 
EP, 12, 2026082712, 03, AVNO, 126, 133N, 1434W,  68,  972, XX,  50, NEQ,   34,   27,   33,   34,  996,   32,  21,   0,   0, 
EP, 12, 2026082712, 03, AVNO, 126, 133N, 1434W,  68,  972, XX,  64, NEQ,    0,   23,   23,   24,  996,   32,  21,   0,   0, 
EP, 12, 2026082712, 03, AVNO, 132, 135N, 1440W,  79,  966, XX,  34, NEQ,   78,   54,   61,   79,  986,   21,  16,   0,   0, 
EP, 12, 2026082712, 03, AVNO, 132, 135N, 1440W,  79,  966, XX,  50, NEQ,   36,   31,   36,   40,  986,   21,  16,   0,   0, 
EP, 12, 2026082712, 03, AVNO, 132, 135N, 1440W,  79,  966, XX,  64, NEQ,   26,   24,   25,   26,  986,   21,  16,   0,   0, 
EP, 12, 2026082712, 03, AVNO, 138, 136N, 1444W,  76,  969, XX,  34, NEQ,   70,   55,   59,   86,  997,   42,  21,   0,   0, 
EP, 12, 2026082712, 03, AVNO, 138, 136N, 1444W,  76,  969, XX,  50, NEQ,   36,   37,   36,   41,  997,   42,  21,   0,   0, 
EP, 12, 2026082712, 03, AVNO, 138, 136N, 1444W,  76,  969, XX,  64, NEQ,   29,   26,   24,   29,  997,   42,  21,   0,   0, 
EP, 12, 2026082712, 03, AVNO, 144, 138N, 1448W,  77,  963, XX,  34, NEQ,   85,   57,   68,   88, 1007,  161,  22,   0,   0, 
EP, 12, 2026082712, 03, AVNO, 144, 138N, 1448W,  77,  963, XX,  50, NEQ,   41,   37,   39,   47, 1007,  161,  22,   0,   0, 
EP, 12, 2026082712, 03, AVNO, 144, 138N, 1448W,  77,  963, XX,  64, NEQ,   28,   28,   26,   32, 1007,  161,  22,   0,   0, 
EP, 12, 2026082712, 03, AVNO, 150, 140N, 1452W,  86,  959, XX,  34, NEQ,   94,   61,   68,   90, 1007,   87,  19,   0,   0, 
EP, 12, 2026082712, 03, AVNO, 150, 140N, 1452W,  86,  959, XX,  50, NEQ,   43,   41,   43,   45, 1007,   87,  19,   0,   0, 
EP, 12, 2026082712, 03, AVNO, 150, 140N, 1452W,  86,  959, XX,  64, NEQ,   34,   30,   32,   33, 1007,   87,  19,   0,   0, 
EP, 12, 2026082712, 03, AVNO, 156, 144N, 1456W,  90,  958, XX,  34, NEQ,   86,   66,   71,   87,  990,   42,  22,   0,   0, 
EP, 12, 2026082712, 03, AVNO, 156, 144N, 1456W,  90,  958, XX,  50, NEQ,   47,   41,   43,   48,  990,   42,  22,   0,   0, 
EP, 12, 2026082712, 03, AVNO, 156, 144N, 1456W,  90,  958, XX,  64, NEQ,   35,   32,   32,   33,  990,   42,  22,   0,   0, 
EP, 12, 2026082712, 03, AVNO, 162, 147N, 1460W,  87,  958, XX,  34, NEQ,   97,   63,   66,   97,  974,   21,  17,   0,   0, 
EP, 12, 2026082712, 03, AVNO, 162, 147N, 1460W,  87,  958, XX,  50, NEQ,   46,   45,   42,   49,  974,   21,  17,   0,   0, 
EP, 12, 2026082712, 03, AVNO, 162, 147N, 1460W,  87,  958, XX,  64, NEQ,   34,   32,   34,   33,  974,   21,  17,   0,   0, 
EP, 12, 2026082712, 03, AVNO, 168, 149N, 1464W,  79,  961, XX,  34, NEQ,   97,   63,   66,   94,  989,   32,  20,   0,   0, 
EP, 12, 2026082712, 03, AVNO, 168, 149N, 1464W,  79,  961, XX,  50, NEQ,   50,   45,   42,   53,  989,   32,  20,   0,   0, 
EP, 12, 2026082712, 03, AVNO, 168, 149N, 1464W,  79,  961, XX,  64, NEQ,   33,   36,   31,   34,  989,   32,  20,   0,   0, 
EP, 12, 2026082712, 03, AVNO, 174, 151N, 1468W,  80,  965, XX,  34, NEQ,   87,   63,   73,   87, 1009,  120,  22,   0,   0, 
EP, 12, 2026082712, 03, AVNO, 174, 151N, 1468W,  80,  965, XX,  50, NEQ,   48,   41,   46,   51, 1009,  120,  22,   0,   0, 
EP, 12, 2026082712, 03, AVNO, 174, 151N, 1468W,  80,  965, XX,  64, NEQ,   36,   33,   33,   34, 1009,  120,  22,   0,   0, 
EP, 12, 2026082712, 03, AVNO, 180, 154N, 1470W,  77,  964, XX,  34, NEQ,   86,   62,   73,   87,  984,   21,  21,   0,   0, 
EP, 12, 2026082712, 03, AVNO, 180, 154N, 1470W,  77,  964, XX,  50, NEQ,   53,   42,   45,   53,  984,   21,  21,   0,   0, 
EP, 12, 2026082712, 03, AVNO, 180, 154N, 1470W,  77,  964, XX,  64, NEQ,   36,   31,   33,   34,  984,   21,  21,   0,   0, 
EP, 12, 2026082712, 03, AVNO, 186, 155N, 1474W,  70,  970, XX,  34, NEQ,   94,   65,   68,   90, 1010,  220,  28,   0,   0, 
EP, 12, 2026082712, 03, AVNO, 186, 155N, 1474W,  70,  970, XX,  50, NEQ,   48,   40,   44,   50, 1010,  220,  28,   0,   0, 
EP, 12, 2026082712, 03, AVNO, 186, 155N, 1474W,  70,  970, XX,  64, NEQ,   33,   29,   29,   33, 1010,  220,  28,   0,   0, 
EP, 12, 2026082712, 03, AVNO, 192, 156N, 1478W,  70,  971, XX,  34, NEQ,   89,   68,   74,   87,  991,   32,  25,   0,   0, 
EP, 12, 2026082712, 03, AVNO, 192, 156N, 1478W,  70,  971, XX,  50, NEQ,   53,   42,   45,   51,  991,   32,  25,   0,   0, 
EP, 12, 2026082712, 03, AVNO, 192, 156N, 1478W,  70,  971, XX,  64, NEQ,   23,   30,   30,   31,  991,   32,  25,   0,   0, 
EP, 12, 2026082712, 03, AVNO, 198, 156N, 1481W,  77,  972, XX,  34, NEQ,   84,   69,   71,   91,  992,   37,  22,   0,   0, 
EP, 12, 2026082712, 03, AVNO, 198, 156N, 1481W,  77,  972, XX,  50, NEQ,   52,   42,   45,   53,  992,   37,  22,   0,   0, 
EP, 12, 2026082712, 03, AVNO, 198, 156N, 1481W,  77,  972, XX,  64, NEQ,   32,   32,   33,   36,  992,   37,  22,   0,   0, 
EP, 12, 2026082712, 03, AVNO, 204, 157N, 1485W,  73,  969, XX,  34, NEQ,   92,   65,   73,   84, 1005,  111,  16,   0,   0, 
EP, 12, 2026082712, 03, AVNO, 204, 157N, 1485W,  73,  969, XX,  50, NEQ,   49,   46,   45,   54, 1005,  111,  16,   0,   0, 
EP, 12, 2026082712, 03, AVNO, 204, 157N, 1485W,  73,  969, XX,  64, NEQ,   27,   35,   32,   30, 1005,  111,  16,   0,   0, 
EP, 12, 2026082712, 03, AVNO, 210, 158N, 1489W,  69,  972, XX,  34, NEQ,   88,   66,   67,   87, 1008,  165,  25,   0,   0, 
EP, 12, 2026082712, 03, AVNO, 210, 158N, 1489W,  69,  972, XX,  50, NEQ,   43,   45,   40,   48, 1008,  165,  25,   0,   0, 
EP, 12, 2026082712, 03, AVNO, 210, 158N, 1489W,  69,  972, XX,  64, NEQ,   29,   26,   27,   32, 1008,  165,  25,   0,   0, 
EP, 12, 2026082712, 03, AVNO, 216, 159N, 1492W,  65,  973, XX,  34, NEQ,   92,   69,   69,   86, 1005,  101,  26,   0,   0, 
EP, 12, 2026082712, 03, AVNO, 216, 159N, 1492W,  65,  973, XX,  50, NEQ,   49,   38,   45,   43, 1005,  101,  26,   0,   0, 
EP, 12, 2026082712, 03, AVNO, 216, 159N, 1492W,  65,  973, XX,  64, NEQ,    0,    0,    0,   27, 1005,  101,  26,   0,   0, 
EP, 12, 2026082712, 03, AVNO, 222, 161N, 1496W,  67,  975, XX,  34, NEQ,   87,   73,   70,   88, 1007,  117,  22,   0,   0, 
EP, 12, 2026082712, 03, AVNO, 222, 161N, 1496W,  67,  975, XX,  50, NEQ,   45,   45,   41,   48, 1007,  117,  22,   0,   0, 
EP, 12, 2026082712, 03, AVNO, 222, 161N, 1496W,  67,  975, XX,  64, NEQ,   26,    0,   26,    0, 1007,  117,  22,   0,   0, 
EP, 12, 2026082712, 03, AVNO, 228, 164N, 1499W,  67,  973, XX,  34, NEQ,   85,   70,   69,   84, 1005,  119,  22,   0,   0, 
EP, 12, 2026082712, 03, AVNO, 228, 164N, 1499W,  67,  973, XX,  50, NEQ,   47,   45,   42,   51, 1005,  119,  22,   0,   0, 
EP, 12, 2026082712, 03, AVNO, 228, 164N, 1499W,  67,  973, XX,  64, NEQ,   24,   27,   27,   30, 1005,  119,  22,   0,   0, 
EP, 12, 2026082712, 03, AVNO, 234, 167N, 1501W,  66,  976, XX,  34, NEQ,   89,   70,   71,   84, 1008,  173,  22,   0,   0, 
EP, 12, 2026082712, 03, AVNO, 234, 167N, 1501W,  66,  976, XX,  50, NEQ,   55,   42,   47,   45, 1008,  173,  22,   0,   0, 
EP, 12, 2026082712, 03, AVNO, 234, 167N, 1501W,  66,  976, XX,  64, NEQ,   25,   25,    0,   26, 1008,  173,  22,   0,   0, 
EP, 12, 2026082712, 03, AVNO, 240, 170N, 1504W,  63,  976, XX,  34, NEQ,   85,   74,   71,   80, 1008,  351,  24,   0,   0, 
EP, 12, 2026082712, 03, AVNO, 240, 170N, 1504W,  63,  976, XX,  50, NEQ,   46,   48,   51,   47, 1008,  351,  24,   0,   0, 
EP, 12, 2026082712, 03, HCCA,   0, 108N, 1348W,  25,    0,   ,   0,    ,    0,    0,    0,    0, 
EP, 12, 2026082712, 03, HCCA,  12, 111N, 1340W,  38,    0,   ,   0,    ,    0,    0,    0,    0, 
EP, 12, 2026082712, 03, HCCA,  24, 115N, 1333W,  44,    0,   ,   0,    ,    0,    0,    0,    0, 
EP, 12, 2026082712, 03, HCCA,  36, 120N, 1334W,  48,    0,   ,   0,    ,    0,    0,    0,    0, 
EP, 12, 2026082712, 03, HCCA,  48, 126N, 1343W,  47,    0,   ,   0,    ,    0,    0,    0,    0, 
EP, 12, 2026082712, 03, HCCA,  60, 129N, 1356W,  48,    0,   ,   0,    ,    0,    0,    0,    0, 
EP, 12, 2026082712, 03, HCCA,  72, 131N, 1368W,  47,    0,   ,   0,    ,    0,    0,    0,    0, 
EP, 12, 2026082712, 03, HCCA,  84, 131N, 1381W,  45,    0,   ,   0,    ,    0,    0,    0,    0, 
EP, 12, 2026082712, 03, HCCA,  96, 130N, 1392W,  48,    0,   ,   0,    ,    0,    0,    0,    0, 
EP, 12, 2026082712, 03, HCCA, 108, 130N, 1401W,  61,    0,   ,   0,    ,    0,    0,    0,    0, 
EP, 12, 2026082712, 03, HCCA, 120, 131N, 1408W,  75,    0,   ,   0,    ,    0,    0,    0,    0, 
EP, 12, 2026082712, 03, HCCA, 132, 134N, 1410W,  75,    0,   ,   0,    ,    0,    0,    0,    0, 
EP, 12, 2026082712, 03, HCCA, 144, 140N, 1409W,  75,    0,   ,   0,    ,    0,    0,    0,    0, 
EP, 12, 2026082712, 03, HCCA, 156, 146N, 1408W,  72,    0,   ,   0,    ,    0,    0,    0,    0, 
EP, 12, 2026082712, 03, HCCA, 168, 156N, 1407W,  70,    0,   ,   0,    ,    0,    0,    0,    0, 
EP, 12, 2026082712, 03, HFSA,   0, 105N, 1347W,  26, 1006, XX,  34, NEQ,    0,    0,    0,    0,  -99,  -99, 113,   0,   0,    ,   0,    ,  77,   3,           ,  ,  0,    ,    0,    0,    0,    0, THERMO PARAMS, 21, 75, 258, N, 10, DT, -999, SHR82, -99, 
EP, 12, 2026082712, 03, HFSA,   6, 109N, 1344W,  45, 1004, XX,  34, NEQ,    0,   50,    0,    0, 1008,    6,  41,   0,   0,    ,   0,    ,  87,   6,           ,  ,  0,    ,    0,    0,    0,    0, THERMO PARAMS, -46, -292, 202, N, 10, DT, -999, SHR82, -99, 
EP, 12, 2026082712, 03, HFSA,  12, 113N, 1333W,  35, 1003, XX,  34, NEQ,    0,    0,    0,    0,  -99,  -99,  63,   0,   0,    ,   0,    ,  63,   7,           ,  ,  0,    ,    0,    0,    0,    0, THERMO PARAMS, -19, 147, -120, N, 10, DT, -999, SHR82, -99, 
EP, 12, 2026082712, 03, HFSA,  18, 114N, 1329W,  40, 1006, XX,  34, NEQ,    0,    0,  152,    0,  -99,  -99, 151,   0,   0,    ,   0,    ,  85,   6,           ,  ,  0,    ,    0,    0,    0,    0, THERMO PARAMS, -11, 9, -39, N, 10, DT, -999, SHR82, -99, 
EP, 12, 2026082712, 03, HFSA,  24, 117N, 1323W,  36, 1000, XX,  34, NEQ,    0,    0,    0,    0, 1004,    4,  53,   0,   0,    ,   0,    ,  67,   5,           ,  ,  0,    ,    0,    0,    0,    0, THERMO PARAMS, 26, 377, 81, N, 10, DT, -999, SHR82, -99, 
EP, 12, 2026082712, 03, HFSA,  30, 113N, 1323W,  32, 1005, XX,  34, NEQ,    0,    0,    0,    0,  -99,  -99,  46,   0,   0,    ,   0,    , 110,   2,           ,  ,  0,    ,    0,    0,    0,    0, THERMO PARAMS, -93, -199, 256, N, 10, DT, -999, SHR82, -99, 
EP, 12, 2026082712, 03, HFSA,  36, 117N, 1319W,  30, 1001, XX,  34, NEQ,    0,    0,    0,    0, 1005,   75,  37,   0,   0,    ,   0,    ,  41,   5,           ,  ,  0,    ,    0,    0,    0,    0, THERMO PARAMS, 16, 167, 260, N, 10, DT, -999, SHR82, -99, 
EP, 12, 2026082712, 03, HFSA,  42, 118N, 1320W,  28, 1005, XX,  34, NEQ,    0,    0,    0,    0,  -99,  -99, 108,   0,   0,    ,   0,    , 290,   2,           ,  ,  0,    ,    0,    0,    0,    0, THERMO PARAMS, 16, 166, 336, N, 10, DT, -999, SHR82, -99, 
EP, 12, 2026082712, 03, HFSA,  48, 120N, 1320W,  32, 1000, XX,  34, NEQ,    0,    0,    0,    0, 1004,   37,  23,   0,   0,    ,   0,    ,  31,   4,           ,  ,  0,    ,    0,    0,    0,    0, THERMO PARAMS, -12, 211, -118, N, 10, DT, -999, SHR82, -99, 
EP, 12, 2026082712, 03, HFSA,  54, 123N, 1325W,  39, 1004, XX,  34, NEQ,    0,    0,    0,    0,  -99,  -99,  51,   0,   0,    ,   0,    , 295,   6,           ,  ,  0,    ,    0,    0,    0,    0, THERMO PARAMS, 79, -140, 156, N, 10, DT, -999, SHR82, -99, 
EP, 12, 2026082712, 03, HFSA,  60, 126N, 1327W,  32, 1002, XX,  34, NEQ,    0,    0,    0,    0,  -99,  -99,  76,   0,   0,    ,   0,    , 338,   4,           ,  ,  0,    ,    0,    0,    0,    0, THERMO PARAMS, 27, 19, 170, N, 10, DT, -999, SHR82, -99, 
EP, 12, 2026082712, 03, HFSA,  66, 128N, 1334W,  35, 1005, XX,  34, NEQ,    0,   21,    0,    0,  -99,  -99,  18,   0,   0,    ,   0,    , 299,   6,           ,  ,  0,    ,    0,    0,    0,    0, THERMO PARAMS, 65, 31, 358, N, 10, DT, -999, SHR82, -99, 
EP, 12, 2026082712, 03, HFSA,  72, 126N, 1341W,  45,  995, XX,  34, NEQ,    0,   18,   21,    0, 1003,   33,  13,   0,   0,    ,   0,    , 245,   6,           ,  ,  0,    ,    0,    0,    0,    0, THERMO PARAMS, 38, 43, 460, N, 10, DT, -999, SHR82, -99, 
EP, 12, 2026082712, 03, HFSA,  78, 127N, 1346W,  29, 1004, XX,  34, NEQ,    0,    0,    0,    0, 1008,   43,  62,   0,   0,    ,   0,    , 294,   4,           ,  ,  0,    ,    0,    0,    0,    0, THERMO PARAMS, 42, 95, 71, N, 10, DT, -999, SHR82, -99, 
EP, 12, 2026082712, 03, HFSA,  84, 127N, 1348W,  30, 1002, XX,  34, NEQ,    0,    0,    0,    0,  -99,  -99,  38,   0,   0,    ,   0,    , 279,   3,           ,  ,  0,    ,    0,    0,    0,    0, THERMO PARAMS, 17, 79, 79, N, 10, DT, -999, SHR82, -99, 
EP, 12, 2026082712, 03, HFSA,  90, 127N, 1351W,  35, 1002, XX,  34, NEQ,    0,    0,    0,    0, 1006,   17,  17,   0,   0,    ,   0,    , 264,   3,           ,  ,  0,    ,    0,    0,    0,    0, THERMO PARAMS, -29, -3, 385, N, 10, DT, -999, SHR82, -99, 
EP, 12, 2026082712, 03, HFSA,  96, 127N, 1355W,  34, 1001, XX,  34, NEQ,    0,    0,    0,    0,  -99,  -99,  76,   0,   0,    ,   0,    , 270,   5,           ,  ,  0,    ,    0,    0,    0,    0, THERMO PARAMS, -35, 36, 134, N, 10, DT, -999, SHR82, -99, 
EP, 12, 2026082712, 03, HFSA, 102, 127N, 1361W,  36, 1000, XX,  34, NEQ,   62,    0,    0,    0, 1004,   14,  60,   0,   0,    ,   0,    , 274,   5,           ,  ,  0,    ,    0,    0,    0,    0, THERMO PARAMS, -43, 600, 11, N, 10, DT, -999, SHR82, -99, 
EP, 12, 2026082712, 03, HFSA, 108, 131N, 1365W,  56,  987, XX,  34, NEQ,   52,    0,   29,   45,  999,   10,  10,   0,   0,    ,   0,    , 305,   4,           ,  ,  0,    ,    0,    0,    0,    0, THERMO PARAMS, -12, 844, 993, N, 10, DT, -999, SHR82, -99, 
EP, 12, 2026082712, 03, HFSA, 108, 131N, 1365W,  56,  987, XX,  50, NEQ,    0,    0,   13,   11,  999,   10,  10,   0,   0,    ,   0,    , 305,   4,           ,  ,  0,    ,    0,    0,    0,    0, THERMO PARAMS, -12, 844, 993, N, 10, DT, -999, SHR82, -99, 
EP, 12, 2026082712, 03, HFSA, 114, 131N, 1368W,  53,  999, XX,  34, NEQ,   50,    0,   39,   57, 1003,   24,  19,   0,   0,    ,   0,    , 272,   2,           ,  ,  0,    ,    0,    0,    0,    0, THERMO PARAMS, -22, 165, 575, N, 10, DT, -999, SHR82, -99, 
EP, 12, 2026082712, 03, HFSA, 114, 131N, 1368W,  53,  999, XX,  50, NEQ,    0,    0,    0,   18, 1003,   24,  19,   0,   0,    ,   0,    , 272,   2,           ,  ,  0,    ,    0,    0,    0,    0, THERMO PARAMS, -22, 165, 575, N, 10, DT, -999, SHR82, -99, 
EP, 12, 2026082712, 03, HFSA, 120, 132N, 1369W,  46,  995, XX,  34, NEQ,   39,   31,   50,   71,  999,   21,  29,   0,   0,    ,   0,    , 341,   2,           ,  ,  0,    ,    0,    0,    0,    0, THERMO PARAMS, 57, 613, 526, N, 10, DT, -999, SHR82, -99, 
EP, 12, 2026082712, 03, HFSA, 126, 134N, 1369W,  45,  996, XX,  34, NEQ,   47,   31,   55,   68, 1004,   39,  24,   0,   0,    ,   0,    , -99, -99,           ,  ,  0,    ,    0,    0,    0,    0, THERMO PARAMS, 44, 606, 731, N, 10, DT, -999, SHR82, -99, 
EP, 12, 2026082712, 03, TVCN,   0, 108N, 1348W,   0,    0,   ,   0,    ,    0,    0,    0,    0, 
EP, 12, 2026082712, 03, TVCN,  12, 110N, 1341W,   0,    0,   ,   0,    ,    0,    0,    0,    0, 
EP, 12, 2026082712, 03, TVCN,  24, 114N, 1334W,   0,    0,   ,   0,    ,    0,    0,    0,    0, 
EP, 12, 2026082712, 03, TVCN,  36, 119N, 1332W,   0,    0,   ,   0,    ,    0,    0,    0,    0, 
EP, 12, 2026082712, 03, TVCN,  48, 125N, 1339W,   0,    0,   ,   0,    ,    0,    0,    0,    0, 
EP, 12, 2026082712, 03, TVCN,  60, 128N, 1352W,   0,    0,   ,   0,    ,    0,    0,    0,    0, 
EP, 12, 2026082712, 03, TVCN,  72, 129N, 1366W,   0,    0,   ,   0,    ,    0,    0,    0,    0, 
EP, 12, 2026082712, 03, TVCN,  84, 130N, 1379W,   0,    0,   ,   0,    ,    0,    0,    0,    0, 
EP, 12, 2026082712, 03, TVCN,  96, 130N, 1392W,   0,    0,   ,   0,    ,    0,    0,    0,    0, 
EP, 12, 2026082712, 03, TVCN, 108, 131N, 1401W,   0,    0,   ,   0,    ,    0,    0,    0,    0, 
EP, 12, 2026082712, 03, TVCN, 120, 133N, 1410W,   0,    0,   ,   0,    ,    0,    0,    0,    0, 
EP, 12, 2026082712, 03, TVCN, 132, 136N, 1418W,   0,    0,   ,   0,    ,    0,    0,    0,    0, 
EP, 12, 2026082712, 03, TVCN, 144, 137N, 1419W,   0,    0,   ,   0,    ,    0,    0,    0,    0, 
EP, 12, 2026082712, 03, TVCN, 156, 143N, 1421W,   0,    0,   ,   0,    ,    0,    0,    0,    0, 
EP, 12, 2026082712, 03, TVCN, 168, 152N, 1424W,   0,    0,   ,   0,    ,    0,    0,    0,    0, 
EP, 12, 2026082718, 03, AVNO,   0, 109N, 1339W,  27, 1008, XX,  34, NEQ,    0,    0,    0,    0,  -99,  -99, 116,   0,   0, 
EP, 12, 2026082718, 03, AVNO,   6, 109N, 1337W,  37, 1002, XX,  34, NEQ,    0,   23,   31,    0, 1006,  145,  24,   0,   0, 
EP, 12, 2026082718, 03, AVNO,  12, 116N, 1329W,  30, 1005, XX,  34, NEQ,    0,    0,    0,    0, 1009,   98,  33,   0,   0, 
EP, 12, 2026082718, 03, AVNO,  18, 119N, 1324W,  32, 1003, XX,  34, NEQ,    0,    0,    0,    0, 1007,  125, 121,   0,   0, 
EP, 12, 2026082718, 03, AVNO,  24, 122N, 1323W,  25, 1006, XX,  34, NEQ,    0,    0,    0,    0, 1010,  131, 140,   0,   0, 
EP, 12, 2026082718, 03, AVNO,  30, 119N, 1325W,  26, 1002, XX,  34, NEQ,    0,    0,    0,    0, 1006,  127,  59,   0,   0, 
EP, 12, 2026082718, 03, AVNO,  36, 120N, 1326W,  36, 1003, XX,  34, NEQ,    0,   30,   36,    0, 1007,   73,  29,   0,   0, 
EP, 12, 2026082718, 03, AVNO,  42, 125N, 1333W,  33, 1001, XX,  34, NEQ,    0,    0,    0,    0, 1005,   47,  45,   0,   0, 
EP, 12, 2026082718, 03, AVNO,  48, 124N, 1341W,  34, 1003, XX,  34, NEQ,   35,   27,    0,    0, 1007,   56,  26,   0,   0, 
EP, 12, 2026082718, 03, AVNO,  54, 125N, 1344W,  37, 1000, XX,  34, NEQ,   30,   41,   46,    0, 1008,  193,  45,   0,   0, 
EP, 12, 2026082718, 03, AVNO,  60, 126N, 1352W,  34,  998, XX,  34, NEQ,    0,   16,    0,    0, 1010,  131,  16,   0,   0, 
EP, 12, 2026082718, 03, AVNO,  66, 127N, 1360W,  43,  995, XX,  34, NEQ,   42,   43,   30,   27, 1007,  153,  30,   0,   0, 
EP, 12, 2026082718, 03, AVNO,  72, 130N, 1368W,  43,  994, XX,  34, NEQ,   36,   24,   20,   37, 1010,  173,  21,   0,   0, 
EP, 12, 2026082718, 03, AVNO,  78, 132N, 1376W,  48,  990, XX,  34, NEQ,   42,   30,   28,   37, 1006,   87,  21,   0,   0, 
EP, 12, 2026082718, 03, AVNO,  84, 132N, 1384W,  61,  987, XX,  34, NEQ,   48,   41,   41,   53, 1007,   76,  19,   0,   0, 
EP, 12, 2026082718, 03, AVNO,  84, 132N, 1384W,  61,  987, XX,  50, NEQ,   25,    0,    0,   23, 1007,   76,  19,   0,   0, 
EP, 12, 2026082718, 03, AVNO,  90, 133N, 1392W,  60,  978, XX,  34, NEQ,   56,   53,   53,   72, 1006,  111,  20,   0,   0, 
EP, 12, 2026082718, 03, AVNO,  90, 133N, 1392W,  60,  978, XX,  50, NEQ,   28,   31,   26,   32, 1006,  111,  20,   0,   0, 
EP, 12, 2026082718, 03, AVNO,  96, 133N, 1398W,  63,  980, XX,  34, NEQ,   91,   63,   68,   80, 1008,  107,  19,   0,   0, 
EP, 12, 2026082718, 03, AVNO,  96, 133N, 1398W,  63,  980, XX,  50, NEQ,   34,   31,   33,   36, 1008,  107,  19,   0,   0, 
EP, 12, 2026082718, 03, AVNO, 102, 133N, 1401W,  58,  980, XX,  34, NEQ,   61,   64,   76,   78, 1004,   74,  17,   0,   0, 
EP, 12, 2026082718, 03, AVNO, 102, 133N, 1401W,  58,  980, XX,  50, NEQ,   33,   33,   34,   32, 1004,   74,  17,   0,   0, 
EP, 12, 2026082718, 03, AVNO, 108, 134N, 1404W,  64,  984, XX,  34, NEQ,   71,   55,   66,   81, 1008,  103,  21,   0,   0, 
EP, 12, 2026082718, 03, AVNO, 108, 134N, 1404W,  64,  984, XX,  50, NEQ,   36,   26,   33,   30, 1008,  103,  21,   0,   0, 
EP, 12, 2026082718, 03, AVNO, 108, 134N, 1404W,  64,  984, XX,  64, NEQ,    0,    0,   21,    0, 1008,  103,  21,   0,   0, 
EP, 12, 2026082718, 03, AVNO, 114, 136N, 1410W,  57,  982, XX,  34, NEQ,   86,   52,   63,   86, 1006,  109,  18,   0,   0, 
EP, 12, 2026082718, 03, AVNO, 114, 136N, 1410W,  57,  982, XX,  50, NEQ,   30,   28,   33,   33, 1006,  109,  18,   0,   0, 
EP, 12, 2026082718, 03, AVNO, 120, 136N, 1414W,  63,  981, XX,  34, NEQ,   82,   61,   68,   97, 1009,  156,  22,   0,   0, 
EP, 12, 2026082718, 03, AVNO, 120, 136N, 1414W,  63,  981, XX,  50, NEQ,   36,   28,   35,   39, 1009,  156,  22,   0,   0, 
EP, 12, 2026082718, 03, AVNO, 126, 138N, 1417W,  71,  968, XX,  34, NEQ,   58,   67,   71,   86, 1004,   90,  20,   0,   0, 
EP, 12, 2026082718, 03, AVNO, 126, 138N, 1417W,  71,  968, XX,  50, NEQ,   36,   32,   39,   37, 1004,   90,  20,   0,   0, 
EP, 12, 2026082718, 03, AVNO, 126, 138N, 1417W,  71,  968, XX,  64, NEQ,   21,    0,   25,   21, 1004,   90,  20,   0,   0, 
EP, 12, 2026082718, 03, AVNO, 132, 141N, 1421W,  76,  968, XX,  34, NEQ,   85,   68,   70,   88,  996,   36,  22,   0,   0, 
EP, 12, 2026082718, 03, AVNO, 132, 141N, 1421W,  76,  968, XX,  50, NEQ,   33,   31,   38,   41,  996,   36,  22,   0,   0, 
EP, 12, 2026082718, 03, AVNO, 132, 141N, 1421W,  76,  968, XX,  64, NEQ,   27,   24,   25,   28,  996,   36,  22,   0,   0, 
EP, 12, 2026082718, 03, AVNO, 138, 143N, 1424W,  76,  966, XX,  34, NEQ,   89,   65,   66,   91,  994,   31,  20,   0,   0, 
EP, 12, 2026082718, 03, AVNO, 138, 143N, 1424W,  76,  966, XX,  50, NEQ,   33,   37,   37,   42,  994,   31,  20,   0,   0, 
EP, 12, 2026082718, 03, AVNO, 138, 143N, 1424W,  76,  966, XX,  64, NEQ,   23,   25,   26,   25,  994,   31,  20,   0,   0, 
EP, 12, 2026082718, 03, AVNO, 144, 147N, 1426W,  77,  966, XX,  34, NEQ,   81,   70,   71,   96,  994,   42,  22,   0,   0, 
EP, 12, 2026082718, 03, AVNO, 144, 147N, 1426W,  77,  966, XX,  50, NEQ,   39,   36,   41,   42,  994,   42,  22,   0,   0, 
EP, 12, 2026082718, 03, AVNO, 144, 147N, 1426W,  77,  966, XX,  64, NEQ,   29,   29,   29,   31,  994,   42,  22,   0,   0, 
EP, 12, 2026082718, 03, AVNO, 150, 152N, 1430W,  86,  960, XX,  34, NEQ,   84,   72,   75,   86, 1008,  244,  16,   0,   0, 
EP, 12, 2026082718, 03, AVNO, 150, 152N, 1430W,  86,  960, XX,  50, NEQ,   42,   37,   43,   44, 1008,  244,  16,   0,   0, 
EP, 12, 2026082718, 03, AVNO, 150, 152N, 1430W,  86,  960, XX,  64, NEQ,   33,   30,   33,   32, 1008,  244,  16,   0,   0, 
EP, 12, 2026082718, 03, AVNO, 156, 156N, 1431W,  83,  964, XX,  34, NEQ,   88,   69,   71,   89, 1008,  116,  13,   0,   0, 
EP, 12, 2026082718, 03, AVNO, 156, 156N, 1431W,  83,  964, XX,  50, NEQ,   43,   38,   42,   46, 1008,  116,  13,   0,   0, 
EP, 12, 2026082718, 03, AVNO, 156, 156N, 1431W,  83,  964, XX,  64, NEQ,   30,   27,   33,   29, 1008,  116,  13,   0,   0, 
EP, 12, 2026082718, 03, AVNO, 162, 160N, 1432W,  80,  964, XX,  34, NEQ,   85,   68,   72,   81, 1008,  170,  22,   0,   0, 
EP, 12, 2026082718, 03, AVNO, 162, 160N, 1432W,  80,  964, XX,  50, NEQ,   46,   43,   42,   49, 1008,  170,  22,   0,   0, 
EP, 12, 2026082718, 03, AVNO, 162, 160N, 1432W,  80,  964, XX,  64, NEQ,   27,   34,   32,   28, 1008,  170,  22,   0,   0, 
EP, 12, 2026082718, 03, AVNO, 168, 164N, 1434W,  77,  971, XX,  34, NEQ,   87,   63,   70,   91, 1011,  266,  22,   0,   0, 
EP, 12, 2026082718, 03, AVNO, 168, 164N, 1434W,  77,  971, XX,  50, NEQ,   45,   39,   42,   47, 1011,  266,  22,   0,   0, 
EP, 12, 2026082718, 03, AVNO, 168, 164N, 1434W,  77,  971, XX,  64, NEQ,   29,   30,   31,   27, 1011,  266,  22,   0,   0, 
EP, 12, 2026082718, 03, AVNO, 174, 166N, 1435W,  72,  970, XX,  34, NEQ,   85,   64,   74,   84, 1006,  109,  22,   0,   0, 
EP, 12, 2026082718, 03, AVNO, 174, 166N, 1435W,  72,  970, XX,  50, NEQ,   44,   39,   43,   47, 1006,  109,  22,   0,   0, 
EP, 12, 2026082718, 03, AVNO, 174, 166N, 1435W,  72,  970, XX,  64, NEQ,   29,   31,   30,   29, 1006,  109,  22,   0,   0, 
EP, 12, 2026082718, 03, AVNO, 180, 167N, 1437W,  68,  974, XX,  34, NEQ,   86,   64,   64,   86, 1010,  252,  23,   0,   0, 
EP, 12, 2026082718, 03, AVNO, 180, 167N, 1437W,  68,  974, XX,  50, NEQ,   39,   40,   39,   48, 1010,  252,  23,   0,   0, 
EP, 12, 2026082718, 03, AVNO, 180, 167N, 1437W,  68,  974, XX,  64, NEQ,   20,    0,   26,   28, 1010,  252,  23,   0,   0, 
EP, 12, 2026082718, 03, AVNO, 186, 168N, 1438W,  62,  974, XX,  34, NEQ,   81,   65,   71,   84, 1006,  142,  24,   0,   0, 
EP, 12, 2026082718, 03, AVNO, 186, 168N, 1438W,  62,  974, XX,  50, NEQ,   46,   39,   43,   47, 1006,  142,  24,   0,   0, 
EP, 12, 2026082718, 03, AVNO, 192, 167N, 1439W,  62,  978, XX,  34, NEQ,   66,   64,   71,   85, 1010,  227,  25,   0,   0, 
EP, 12, 2026082718, 03, AVNO, 192, 167N, 1439W,  62,  978, XX,  50, NEQ,   38,   44,   39,   47, 1010,  227,  25,   0,   0, 
EP, 12, 2026082718, 03, AVNO, 198, 168N, 1440W,  65,  974, XX,  34, NEQ,   73,   63,   76,   79, 1006,  153,  19,   0,   0, 
EP, 12, 2026082718, 03, AVNO, 198, 168N, 1440W,  65,  974, XX,  50, NEQ,   45,   37,   46,   37, 1006,  153,  19,   0,   0, 
EP, 12, 2026082718, 03, AVNO, 198, 168N, 1440W,  65,  974, XX,  64, NEQ,    0,    0,    0,   21, 1006,  153,  19,   0,   0, 
EP, 12, 2026082718, 03, AVNO, 204, 169N, 1441W,  62,  977, XX,  34, NEQ,   86,   63,   72,   75, 1009,  199,  22,   0,   0, 
EP, 12, 2026082718, 03, AVNO, 204, 169N, 1441W,  62,  977, XX,  50, NEQ,   43,   37,   45,   38, 1009,  199,  22,   0,   0, 
EP, 12, 2026082718, 03, AVNO, 210, 171N, 1441W,  65,  976, XX,  34, NEQ,   74,   70,   70,   79, 1004,   97,  26,   0,   0, 
EP, 12, 2026082718, 03, AVNO, 210, 171N, 1441W,  65,  976, XX,  50, NEQ,   33,   44,   38,   47, 1004,   97,  26,   0,   0, 
EP, 12, 2026082718, 03, AVNO, 210, 171N, 1441W,  65,  976, XX,  64, NEQ,    0,    0,    0,   27, 1004,   97,  26,   0,   0, 
EP, 12, 2026082718, 03, AVNO, 216, 173N, 1442W,  65,  977, XX,  34, NEQ,   77,   70,   70,   78, 1009,  156,  26,   0,   0, 
EP, 12, 2026082718, 03, AVNO, 216, 173N, 1442W,  65,  977, XX,  50, NEQ,   48,   41,   44,   44, 1009,  156,  26,   0,   0, 
EP, 12, 2026082718, 03, AVNO, 216, 173N, 1442W,  65,  977, XX,  64, NEQ,    0,    0,    0,   27, 1009,  156,  26,   0,   0, 
EP, 12, 2026082718, 03, AVNO, 222, 177N, 1443W,  65,  976, XX,  34, NEQ,   80,   73,   73,   83, 1004,   85,  19,   0,   0, 
EP, 12, 2026082718, 03, AVNO, 222, 177N, 1443W,  65,  976, XX,  50, NEQ,   42,   52,   36,   51, 1004,   85,  19,   0,   0, 
EP, 12, 2026082718, 03, AVNO, 222, 177N, 1443W,  65,  976, XX,  64, NEQ,   26,    0,    0,   27, 1004,   85,  19,   0,   0, 
EP, 12, 2026082718, 03, AVNO, 228, 181N, 1444W,  62,  979, XX,  34, NEQ,   94,   67,   68,   89, 1007,  114,  24,   0,   0, 
EP, 12, 2026082718, 03, AVNO, 228, 181N, 1444W,  62,  979, XX,  50, NEQ,   48,   38,   45,   44, 1007,  114,  24,   0,   0, 
EP, 12, 2026082718, 03, AVNO, 234, 184N, 1445W,  58,  980, XX,  34, NEQ,   89,   64,   68,   85, 1008,  412,  26,   0,   0, 
EP, 12, 2026082718, 03, AVNO, 234, 184N, 1445W,  58,  980, XX,  50, NEQ,   43,   34,   47,   43, 1008,  412,  26,   0,   0, 
EP, 12, 2026082718, 03, AVNO, 240, 186N, 1446W,  57,  985, XX,  34, NEQ,   88,   65,   69,   82, 1009,  117,  24,   0,   0, 
EP, 12, 2026082718, 03, AVNO, 240, 186N, 1446W,  57,  985, XX,  50, NEQ,   49,   35,   42,   41, 1009,  117,  24,   0,   0, 
EP, 12, 2026082718, 03, HCCA,   0, 112N, 1340W,  35,    0,   ,   0,    ,    0,    0,    0,    0, 
EP, 12, 2026082718, 03, HCCA,  12, 117N, 1332W,  43,    0,   ,   0,    ,    0,    0,    0,    0, 
EP, 12, 2026082718, 03, HCCA,  24, 122N, 1329W,  46,    0,   ,   0,    ,    0,    0,    0,    0, 
EP, 12, 2026082718, 03, HCCA,  36, 127N, 1334W,  47,    0,   ,   0,    ,    0,    0,    0,    0, 
EP, 12, 2026082718, 03, HCCA,  48, 130N, 1344W,  52,    0,   ,   0,    ,    0,    0,    0,    0, 
EP, 12, 2026082718, 03, HCCA,  60, 133N, 1355W,  53,    0,   ,   0,    ,    0,    0,    0,    0, 
EP, 12, 2026082718, 03, HCCA,  72, 135N, 1370W,  52,    0,   ,   0,    ,    0,    0,    0,    0, 
EP, 12, 2026082718, 03, HCCA,  84, 137N, 1385W,  52,    0,   ,   0,    ,    0,    0,    0,    0, 
EP, 12, 2026082718, 03, HCCA,  96, 138N, 1399W,  54,    0,   ,   0,    ,    0,    0,    0,    0, 
EP, 12, 2026082718, 03, HCCA, 108, 141N, 1408W,  65,    0,   ,   0,    ,    0,    0,    0,    0, 
EP, 12, 2026082718, 03, HCCA, 120, 143N, 1413W,  67,    0,   ,   0,    ,    0,    0,    0,    0, 
EP, 12, 2026082718, 03, HCCA, 132, 145N, 1422W,  74,    0,   ,   0,    ,    0,    0,    0,    0, 
EP, 12, 2026082718, 03, HCCA, 144, 150N, 1427W,  73,    0,   ,   0,    ,    0,    0,    0,    0, 
EP, 12, 2026082718, 03, HCCA, 156, 157N, 1430W,  71,    0,   ,   0,    ,    0,    0,    0,    0, 
EP, 12, 2026082718, 03, HCCA, 168, 163N, 1433W,  68,    0,   ,   0,    ,    0,    0,    0,    0, 
EP, 12, 2026082718, 03, HFSA,   0, 111N, 1339W,  35, 1007, XX,  34, NEQ,    0,    0,    0,   66,  -99,  -99,  47,   0,   0,    ,   0,    ,  71,   4,           ,  ,  0,    ,    0,    0,    0,    0, THERMO PARAMS, -40, -59, -110, N, 10, DT, -999, SHR82, -99, 
EP, 12, 2026082718, 03, HFSA,   6, 115N, 1330W,  35,  997, XX,  34, NEQ,    0,    0,    0,    0, 1001,    6,  68,   0,   0,    ,   0,    ,  63,   9,           ,  ,  0,    ,    0,    0,    0,    0, THERMO PARAMS, -9999, -9999, -9999, N, 10, DT, -999, SHR82, -99, 
EP, 12, 2026082718, 03, HFSA,  12, 114N, 1325W,  39, 1005, XX,  34, NEQ,    0,   63,    0,    0,  -99,  -99,  42,   0,   0,    ,   0,    ,  70,   6,           ,  ,  0,    ,    0,    0,    0,    0, THERMO PARAMS, -14, 109, 154, N, 10, DT, -999, SHR82, -99, 
EP, 12, 2026082718, 03, HFSA,  18, 118N, 1323W,  32, 1003, XX,  34, NEQ,    0,    0,    0,    0,  -99,  -99, 153,   0,   0,    ,   0,    ,  81,   4,           ,  ,  0,    ,    0,    0,    0,    0, THERMO PARAMS, -84, -13, 331, N, 10, DT, -999, SHR82, -99, 
EP, 12, 2026082718, 03, HFSA,  24, 121N, 1318W,  31, 1005, XX,  34, NEQ,    0,    0,    0,    0,  -99,  -99,  39,   0,   0,    ,   0,    ,  30,   2,           ,  ,  0,    ,    0,    0,    0,    0, THERMO PARAMS, 101, 233, 318, N, 10, DT, -999, SHR82, -99, 
EP, 12, 2026082718, 03, HFSA,  30, 124N, 1321W,  33, 1001, XX,  34, NEQ,    0,    0,    0,    0,  -99,  -99,  74,   0,   0,    ,   0,    , 319,   3,           ,  ,  0,    ,    0,    0,    0,    0, THERMO PARAMS, 64, -240, 260, N, 10, DT, -999, SHR82, -99, 
EP, 12, 2026082718, 03, HFSA,  36, 122N, 1324W,  31,  999, XX,  34, NEQ,    0,    0,    0,    0, 1003,    8,  21,   0,   0,    ,   0,    , 303,   2,           ,  ,  0,    ,    0,    0,    0,    0, THERMO PARAMS, 57, 336, 133, N, 10, DT, -999, SHR82, -99, 
EP, 12, 2026082718, 03, HFSA,  42, 122N, 1328W,  35, 1002, XX,  34, NEQ,    0,    0,    0,    0,  -99,  -99,  40,   0,   0,    ,   0,    , 297,   3,           ,  ,  0,    ,    0,    0,    0,    0, THERMO PARAMS, 97, -129, 106, N, 10, DT, -999, SHR82, -99, 
EP, 12, 2026082718, 03, HFSA,  48, 125N, 1333W,  34, 1004, XX,  34, NEQ,    0,    0,    0,    0,  -99,  -99,  43,   0,   0,    ,   0,    , 297,   5,           ,  ,  0,    ,    0,    0,    0,    0, THERMO PARAMS, 84, 161, 170, N, 10, DT, -999, SHR82, -99, 
EP, 12, 2026082718, 03, HFSA,  54, 126N, 1338W,  45,  996, XX,  34, NEQ,   24,   29,   21,    0, 1000,    7,  18,   0,   0,    ,   0,    , 283,   5,           ,  ,  0,    ,    0,    0,    0,    0, THERMO PARAMS, 90, 397, 125, N, 10, DT, -999, SHR82, -99, 
EP, 12, 2026082718, 03, HFSA,  60, 126N, 1346W,  45,  994, XX,  34, NEQ,   29,   36,   71,    0,  998,    2,  18,   0,   0,    ,   0,    , 296,   4,           ,  ,  0,    ,    0,    0,    0,    0, THERMO PARAMS, 62, 452, 617, N, 10, DT, -999, SHR82, -99, 
EP, 12, 2026082718, 03, HFSA,  66, 127N, 1351W,  42,  998, XX,  34, NEQ,    0,   39,   53,    0,  -99,  -99,  47,   0,   0,    ,   0,    , 294,   4,           ,  ,  0,    ,    0,    0,    0,    0, THERMO PARAMS, 56, 230, 387, N, 10, DT, -999, SHR82, -99, 
EP, 12, 2026082718, 03, HFSA,  72, 126N, 1357W,  39, 1000, XX,  34, NEQ,   49,   44,   52,    0, 1004,   42,  50,   0,   0,    ,   0,    , 285,   5,           ,  ,  0,    ,    0,    0,    0,    0, THERMO PARAMS, 66, -257, 338, N, 10, DT, -999, SHR82, -99, 
EP, 12, 2026082718, 03, HFSA,  78, 129N, 1361W,  52,  994, XX,  34, NEQ,   39,   34,    0,   39, 1002,   30,  19,   0,   0,    ,   0,    , 313,   4,           ,  ,  0,    ,    0,    0,    0,    0, THERMO PARAMS, -4, -183, 692, N, 10, DT, -999, SHR82, -99, 
EP, 12, 2026082718, 03, HFSA,  78, 129N, 1361W,  52,  994, XX,  50, NEQ,   19,    0,    0,    0, 1002,   30,  19,   0,   0,    ,   0,    , 313,   4,           ,  ,  0,    ,    0,    0,    0,    0, THERMO PARAMS, -4, -183, 692, N, 10, DT, -999, SHR82, -99, 
EP, 12, 2026082718, 03, HFSA,  84, 130N, 1367W,  38,  997, XX,  34, NEQ,   36,   15,    0,   31, 1001,   12,  26,   0,   0,    ,   0,    , 280,   5,           ,  ,  0,    ,    0,    0,    0,    0, THERMO PARAMS, -19, 662, 622, N, 10, DT, -999, SHR82, -99, 
EP, 12, 2026082718, 03, HFSA,  90, 132N, 1374W,  50,  991, XX,  34, NEQ,   57,   16,   39,   87,  999,   23,  19,   0,   0,    ,   0,    , 274,   6,           ,  ,  0,    ,    0,    0,    0,    0, THERMO PARAMS, -30, 868, 767, N, 10, DT, -999, SHR82, -99, 
EP, 12, 2026082718, 03, HFSA,  96, 131N, 1380W,  54,  992, XX,  34, NEQ,   70,   31,   45,   68, 1004,   42,  16,   0,   0,    ,   0,    , 260,   5,           ,  ,  0,    ,    0,    0,    0,    0, THERMO PARAMS, -19, 1014, 768, N, 10, DT, -999, SHR82, -99, 
EP, 12, 2026082718, 03, HFSA,  96, 131N, 1380W,  54,  992, XX,  50, NEQ,    0,    0,   24,   13, 1004,   42,  16,   0,   0,    ,   0,    , 260,   5,           ,  ,  0,    ,    0,    0,    0,    0, THERMO PARAMS, -19, 1014, 768, N, 10, DT, -999, SHR82, -99, 
EP, 12, 2026082718, 03, HFSA, 102, 133N, 1385W,  55,  988, XX,  34, NEQ,   62,   36,   52,   70,  992,    9,  23,   0,   0,    ,   0,    , 281,   3,           ,  ,  0,    ,    0,    0,    0,    0, THERMO PARAMS, -48, 1140, 843, N, 10, DT, -999, SHR82, -99, 
EP, 12, 2026082718, 03, HFSA, 102, 133N, 1385W,  55,  988, XX,  50, NEQ,    0,    0,   26,   18,  992,    9,  23,   0,   0,    ,   0,    , 281,   3,           ,  ,  0,    ,    0,    0,    0,    0, THERMO PARAMS, -48, 1140, 843, N, 10, DT, -999, SHR82, -99, 
EP, 12, 2026082718, 03, HFSA, 108, 133N, 1388W,  59,  987, XX,  34, NEQ,   71,   37,   58,   83, 1007,   81,  26,   0,   0,    ,   0,    , 268,   2,           ,  ,  0,    ,    0,    0,    0,    0, THERMO PARAMS, -48, 1407, 978, N, 10, DT, -999, SHR82, -99, 
EP, 12, 2026082718, 03, HFSA, 108, 133N, 1388W,  59,  987, XX,  50, NEQ,    0,    0,   28,   32, 1007,   81,  26,   0,   0,    ,   0,    , 268,   2,           ,  ,  0,    ,    0,    0,    0,    0, THERMO PARAMS, -48, 1407, 978, N, 10, DT, -999, SHR82, -99, 
EP, 12, 2026082718, 03, HFSA, 114, 136N, 1390W,  53,  988, XX,  34, NEQ,   84,   36,   52,   83, 1000,   39,  25,   0,   0,    ,   0,    , 312,   2,           ,  ,  0,    ,    0,    0,    0,    0, THERMO PARAMS, 28, 1237, 761, N, 10, DT, -999, SHR82, -99, 
EP, 12, 2026082718, 03, HFSA, 114, 136N, 1390W,  53,  988, XX,  50, NEQ,    0,    0,   23,   26, 1000,   39,  25,   0,   0,    ,   0,    , 312,   2,           ,  ,  0,    ,    0,    0,    0,    0, THERMO PARAMS, 28, 1237, 761, N, 10, DT, -999, SHR82, -99, 
EP, 12, 2026082718, 03, HFSA, 120, 139N, 1392W,  49,  994, XX,  34, NEQ,   52,   42,   42,   87,  998,   18,  36,   0,   0,    ,   0,    , 335,   3,           ,  ,  0,    ,    0,    0,    0,    0, THERMO PARAMS, 80, 609, 754, N, 10, DT, -999, SHR82, -99, 
EP, 12, 2026082718, 03, HFSA, 126, 143N, 1395W,  57,  989, XX,  34, NEQ,  113,   44,   58,   89,  997,   31,  28,   0,   0,    ,   0,    , -99, -99,           ,  ,  0,    ,    0,    0,    0,    0, THERMO PARAMS, 54, 826, 737, N, 10, DT, -999, SHR82, -99, 
EP, 12, 2026082718, 03, HFSA, 126, 143N, 1395W,  57,  989, XX,  50, NEQ,    0,    0,   34,   29,  997,   31,  28,   0,   0,    ,   0,    , -99, -99,           ,  ,  0,    ,    0,    0,    0,    0, THERMO PARAMS, 54, 826, 737, N, 10, DT, -999, SHR82, -99, 
EP, 12, 2026082718, 03, TVCN,   0, 112N, 1340W,   0,    0,   ,   0,    ,    0,    0,    0,    0, 
EP, 12, 2026082718, 03, TVCN,  12, 116N, 1332W,   0,    0,   ,   0,    ,    0,    0,    0,    0, 
EP, 12, 2026082718, 03, TVCN,  24, 119N, 1327W,   0,    0,   ,   0,    ,    0,    0,    0,    0, 
EP, 12, 2026082718, 03, TVCN,  36, 124N, 1331W,   0,    0,   ,   0,    ,    0,    0,    0,    0, 
EP, 12, 2026082718, 03, TVCN,  48, 127N, 1342W,   0,    0,   ,   0,    ,    0,    0,    0,    0, 
EP, 12, 2026082718, 03, TVCN,  60, 131N, 1355W,   0,    0,   ,   0,    ,    0,    0,    0,    0, 
EP, 12, 2026082718, 03, TVCN,  72, 134N, 1370W,   0,    0,   ,   0,    ,    0,    0,    0,    0, 
EP, 12, 2026082718, 03, TVCN,  84, 136N, 1385W,   0,    0,   ,   0,    ,    0,    0,    0,    0, 
EP, 12, 2026082718, 03, TVCN,  96, 137N, 1400W,   0,    0,   ,   0,    ,    0,    0,    0,    0, 
EP, 12, 2026082718, 03, TVCN, 108, 139N, 1414W,   0,    0,   ,   0,    ,    0,    0,    0,    0, 
EP, 12, 2026082718, 03, TVCN, 120, 140N, 1426W,   0,    0,   ,   0,    ,    0,    0,    0,    0, 
EP, 12, 2026082718, 03, TVCN, 132, 141N, 1438W,   0,    0,   ,   0,    ,    0,    0,    0,    0, 
EP, 12, 2026082718, 03, TVCN, 144, 143N, 1470W,   0,    0,   ,   0,    ,    0,    0,    0,    0, 
EP, 12, 2026082718, 03, TVCN, 156, 148N, 1478W,   0,    0,   ,   0,    ,    0,    0,    0,    0, 
EP, 12, 2026082718, 03, TVCN, 168, 153N, 1486W,   0,    0,   ,   0,    ,    0,    0,    0,    0, 
EP, 12, 2026082800, 03,  UKX,   0, 114N, 1335W,  30, 1005, XX,  34, NEQ,    0,    0,    0,    0, 
EP, 12, 2026082800, 03,  UKX,   6, 119N, 1331W,  30, 1006, XX,  34, NEQ,    0,    0,    0,    0, 
EP, 12, 2026082800, 03,  UKX,  12, 123N, 1332W,  26, 1004, XX,  34, NEQ,    0,    0,    0,    0, 
EP, 12, 2026082800, 03,  UKX,  18, 124N, 1335W,  25, 1006, XX,  34, NEQ,    0,    0,    0,    0, 
EP, 12, 2026082800, 03,  UKX,  24, 123N, 1342W,  26, 1003, XX,  34, NEQ,    0,    0,    0,    0, 
EP, 12, 2026082800, 03,  UKX,  30, 123N, 1349W,  26, 1005, XX,  34, NEQ,    0,    0,    0,    0, 
EP, 12, 2026082800, 03,  UKX,  36, 124N, 1357W,  26, 1004, XX,  34, NEQ,    0,    0,    0,    0, 
EP, 12, 2026082800, 03,  UKX,  42, 126N, 1366W,  28, 1005, XX,  34, NEQ,    0,    0,    0,    0, 
EP, 12, 2026082800, 03,  UKX,  48, 127N, 1376W,  29, 1003, XX,  34, NEQ,    0,    0,    0,    0, 
EP, 12, 2026082800, 03,  UKX,  54, 128N, 1388W,  30, 1006, XX,  34, NEQ,    0,    0,    0,    0, 
EP, 12, 2026082800, 03,  UKX,  60, 128N, 1400W,  31, 1003, XX,  34, NEQ,    0,    0,    0,    0, 
EP, 12, 2026082800, 03,  UKX,  66, 127N, 1414W,  30, 1006, XX,  34, NEQ,    0,    0,    0,    0, 
EP, 12, 2026082800, 03,  UKX,  72, 126N, 1425W,  29, 1003, XX,  34, NEQ,    0,    0,    0,    0, 
EP, 12, 2026082800, 03,  UKX,  78, 126N, 1437W,  30, 1005, XX,  34, NEQ,    0,    0,    0,    0, 
EP, 12, 2026082800, 03,  UKX,  84, 126N, 1449W,  30, 1003, XX,  34, NEQ,    0,    0,    0,    0, 
EP, 12, 2026082800, 03,  UKX,  90, 124N, 1460W,  31, 1004, XX,  34, NEQ,    0,    0,    0,    0, 
EP, 12, 2026082800, 03,  UKX,  96, 122N, 1468W,  31, 1001, XX,  34, NEQ,    0,    0,    0,    0, 
EP, 12, 2026082800, 03,  UKX, 102, 120N, 1477W,  34, 1002, XX,  34, NEQ,    0,    0,    0,    0, 
EP, 12, 2026082800, 03,  UKX, 108, 118N, 1485W,  35, 1000, XX,  34, NEQ,   42,    0,    0,   43, 
EP, 12, 2026082800, 03,  UKX, 114, 116N, 1492W,  36, 1001, XX,  34, NEQ,   60,    0,    0,   41, 
EP, 12, 2026082800, 03,  UKX, 120, 115N, 1499W,  37,  998, XX,  34, NEQ,   61,    0,    0,   77, 
EP, 12, 2026082800, 03,  UKX, 126, 113N, 1505W,  39,  999, XX,  34, NEQ,   80,    0,   46,   75, 
EP, 12, 2026082800, 03,  UKX, 132, 112N, 1511W,  42,  996, XX,  34, NEQ,   84,    0,   61,   77, 
EP, 12, 2026082800, 03,  UKX, 138, 113N, 1518W,  45,  997, XX,  34, NEQ,  101,   47,   60,   91, 
EP, 12, 2026082800, 03,  UKX, 144, 114N, 1525W,  47,  995, XX,  34, NEQ,   89,   57,   62,   88, 
EP, 12, 2026082800, 03, AVNO,   0, 111N, 1337W,  37, 1003, XX,  34, NEQ,    0,   24,    0,    0,  -99,  -99,  22,   0,   0, 
EP, 12, 2026082800, 03, AVNO,   6, 121N, 1331W,  28, 1006, XX,  34, NEQ,    0,    0,    0,    0,  -99,  -99,  61,   0,   0, 
EP, 12, 2026082800, 03, AVNO,  12, 122N, 1325W,  31, 1004, XX,  34, NEQ,    0,    0,    0,    0, 1008,  159, 158,   0,   0, 
EP, 12, 2026082800, 03, AVNO,  18, 122N, 1325W,  23, 1006, XX,  34, NEQ,    0,    0,    0,    0, 1010,  161,  59,   0,   0, 
EP, 12, 2026082800, 03, AVNO,  24, 119N, 1330W,  24, 1003, XX,  34, NEQ,    0,    0,    0,    0,  -99,  -99,  42,   0,   0, 
EP, 12, 2026082800, 03, AVNO,  30, 119N, 1330W,  33, 1004, XX,  34, NEQ,    0,    0,    0,    0, 1008,   78,  29,   0,   0, 
EP, 12, 2026082800, 03, AVNO,  36, 120N, 1335W,  32,  999, XX,  34, NEQ,    0,    0,    0,    0, 1003,   13,  45,   0,   0, 
EP, 12, 2026082800, 03, AVNO,  42, 123N, 1340W,  30, 1004, XX,  34, NEQ,    0,    0,    0,    0, 1008,   76,  45,   0,   0, 
EP, 12, 2026082800, 03, AVNO,  48, 123N, 1346W,  37, 1000, XX,  34, NEQ,   36,   31,    0,    0, 1008,  192,  20,   0,   0, 
EP, 12, 2026082800, 03, AVNO,  54, 126N, 1350W,  32, 1002, XX,  34, NEQ,    0,    0,    0,    0, 1010,  176,  37,   0,   0, 
EP, 12, 2026082800, 03, AVNO,  60, 128N, 1358W,  34,  999, XX,  34, NEQ,    0,    0,    0,    0, 1007,  104,  30,   0,   0, 
EP, 12, 2026082800, 03, AVNO,  66, 129N, 1366W,  40, 1000, XX,  34, NEQ,   39,   38,    0,    0, 1008,   71,  34,   0,   0, 
EP, 12, 2026082800, 03, AVNO,  72, 131N, 1375W,  34,  997, XX,  34, NEQ,    0,    0,    0,   26, 1005,   64,  26,   0,   0, 
EP, 12, 2026082800, 03, AVNO,  78, 130N, 1386W,  45,  992, XX,  34, NEQ,   46,   31,   31,   46, 1008,  108,  18,   0,   0, 
EP, 12, 2026082800, 03, AVNO,  84, 129N, 1394W,  47,  989, XX,  34, NEQ,   33,   35,   42,   37, 1005,   74,  22,   0,   0, 
EP, 12, 2026082800, 03, AVNO,  90, 127N, 1400W,  52,  988, XX,  34, NEQ,   36,   41,   49,   47, 1008,   93,  19,   0,   0, 
EP, 12, 2026082800, 03, AVNO,  90, 127N, 1400W,  52,  988, XX,  50, NEQ,    0,   21,   19,   23, 1008,   93,  19,   0,   0, 
EP, 12, 2026082800, 03, AVNO,  96, 130N, 1402W,  58,  979, XX,  34, NEQ,   42,   36,   75,   51, 1007,  189,  16,   0,   0, 
EP, 12, 2026082800, 03, AVNO,  96, 130N, 1402W,  58,  979, XX,  50, NEQ,   25,    0,   22,   22, 1007,  189,  16,   0,   0, 
EP, 12, 2026082800, 03, AVNO, 102, 131N, 1407W,  63,  982, XX,  34, NEQ,   42,   52,   73,   60, 1010,  180,  20,   0,   0, 
EP, 12, 2026082800, 03, AVNO, 102, 131N, 1407W,  63,  982, XX,  50, NEQ,   26,    0,   28,   25, 1010,  180,  20,   0,   0, 
EP, 12, 2026082800, 03, AVNO, 108, 133N, 1411W,  64,  976, XX,  34, NEQ,   59,   38,   73,   72, 1008,  207,  19,   0,   0, 
EP, 12, 2026082800, 03, AVNO, 108, 133N, 1411W,  64,  976, XX,  50, NEQ,   29,   24,   26,   30, 1008,  207,  19,   0,   0, 
EP, 12, 2026082800, 03, AVNO, 108, 133N, 1411W,  64,  976, XX,  64, NEQ,    0,   19,    0,    0, 1008,  207,  19,   0,   0, 
EP, 12, 2026082800, 03, AVNO, 114, 135N, 1415W,  66,  974, XX,  34, NEQ,   74,   48,   57,   80, 1010,  190,  12,   0,   0, 
EP, 12, 2026082800, 03, AVNO, 114, 135N, 1415W,  66,  974, XX,  50, NEQ,   33,   22,   29,   31, 1010,  190,  12,   0,   0, 
EP, 12, 2026082800, 03, AVNO, 114, 135N, 1415W,  66,  974, XX,  64, NEQ,   17,    0,   15,   18, 1010,  190,  12,   0,   0, 
EP, 12, 2026082800, 03, AVNO, 120, 137N, 1420W,  73,  968, XX,  34, NEQ,   80,   47,   62,   84, 1004,   78,  17,   0,   0, 
EP, 12, 2026082800, 03, AVNO, 120, 137N, 1420W,  73,  968, XX,  50, NEQ,   30,   29,   31,   37, 1004,   78,  17,   0,   0, 
EP, 12, 2026082800, 03, AVNO, 120, 137N, 1420W,  73,  968, XX,  64, NEQ,   21,   20,   23,   26, 1004,   78,  17,   0,   0, 
EP, 12, 2026082800, 03, AVNO, 126, 138N, 1423W,  78,  968, XX,  34, NEQ,   87,   55,   61,   87,  992,   30,  16,   0,   0, 
EP, 12, 2026082800, 03, AVNO, 126, 138N, 1423W,  78,  968, XX,  50, NEQ,   34,   34,   37,   34,  992,   30,  16,   0,   0, 
EP, 12, 2026082800, 03, AVNO, 126, 138N, 1423W,  78,  968, XX,  64, NEQ,   24,   22,   24,   23,  992,   30,  16,   0,   0, 
EP, 12, 2026082800, 03, AVNO, 132, 141N, 1426W,  72,  968, XX,  34, NEQ,   86,   60,   73,   86, 1004,   81,  24,   0,   0, 
EP, 12, 2026082800, 03, AVNO, 132, 141N, 1426W,  72,  968, XX,  50, NEQ,   40,   38,   41,   36, 1004,   81,  24,   0,   0, 
EP, 12, 2026082800, 03, AVNO, 132, 141N, 1426W,  72,  968, XX,  64, NEQ,   29,   23,   28,   27, 1004,   81,  24,   0,   0, 
EP, 12, 2026082800, 03, AVNO, 138, 144N, 1429W,  80,  965, XX,  34, NEQ,   81,   63,   69,   86, 1009,  149,  16,   0,   0, 
EP, 12, 2026082800, 03, AVNO, 138, 144N, 1429W,  80,  965, XX,  50, NEQ,   42,   37,   42,   42, 1009,  149,  16,   0,   0, 
EP, 12, 2026082800, 03, AVNO, 138, 144N, 1429W,  80,  965, XX,  64, NEQ,   28,   30,   31,   28, 1009,  149,  16,   0,   0, 
EP, 12, 2026082800, 03, AVNO, 144, 149N, 1432W,  81,  963, XX,  34, NEQ,   85,   66,   73,   86,  991,   31,  17,   0,   0, 
EP, 12, 2026082800, 03, AVNO, 144, 149N, 1432W,  81,  963, XX,  50, NEQ,   41,   36,   41,   43,  991,   31,  17,   0,   0, 
EP, 12, 2026082800, 03, AVNO, 144, 149N, 1432W,  81,  963, XX,  64, NEQ,   28,   28,   29,   28,  991,   31,  17,   0,   0, 
EP, 12, 2026082800, 03, AVNO, 150, 152N, 1436W,  80,  966, XX,  34, NEQ,   96,   63,   69,   91, 1010,  259,  18,   0,   0, 
EP, 12, 2026082800, 03, AVNO, 150, 152N, 1436W,  80,  966, XX,  50, NEQ,   46,   39,   42,   48, 1010,  259,  18,   0,   0, 
EP, 12, 2026082800, 03, AVNO, 150, 152N, 1436W,  80,  966, XX,  64, NEQ,   29,   29,   30,   30, 1010,  259,  18,   0,   0, 
EP, 12, 2026082800, 03, AVNO, 156, 155N, 1440W,  73,  966, XX,  34, NEQ,   81,   67,   67,   84,  982,   21,  22,   0,   0, 
EP, 12, 2026082800, 03, AVNO, 156, 155N, 1440W,  73,  966, XX,  50, NEQ,   42,   41,   43,   49,  982,   21,  22,   0,   0, 
EP, 12, 2026082800, 03, AVNO, 156, 155N, 1440W,  73,  966, XX,  64, NEQ,   29,   28,   32,   31,  982,   21,  22,   0,   0, 
EP, 12, 2026082800, 03, AVNO, 162, 157N, 1442W,  74,  969, XX,  34, NEQ,   85,   66,   75,   87,  989,   29,  24,   0,   0, 
EP, 12, 2026082800, 03, AVNO, 162, 157N, 1442W,  74,  969, XX,  50, NEQ,   41,   40,   41,   50,  989,   29,  24,   0,   0, 
EP, 12, 2026082800, 03, AVNO, 162, 157N, 1442W,  74,  969, XX,  64, NEQ,   33,   31,   31,   30,  989,   29,  24,   0,   0, 
EP, 12, 2026082800, 03, AVNO, 168, 158N, 1445W,  77,  967, XX,  34, NEQ,   86,   67,   73,   86,  991,   35,  24,   0,   0, 
EP, 12, 2026082800, 03, AVNO, 168, 158N, 1445W,  77,  967, XX,  50, NEQ,   41,   40,   46,   54,  991,   35,  24,   0,   0, 
EP, 12, 2026082800, 03, AVNO, 168, 158N, 1445W,  77,  967, XX,  64, NEQ,   29,   28,   32,   37,  991,   35,  24,   0,   0, 
EP, 12, 2026082800, 03, AVNO, 174, 158N, 1447W,  73,  969, XX,  34, NEQ,   89,   66,   70,   91,  989,   32,  25,   0,   0, 
EP, 12, 2026082800, 03, AVNO, 174, 158N, 1447W,  73,  969, XX,  50, NEQ,   46,   40,   42,   49,  989,   32,  25,   0,   0, 
EP, 12, 2026082800, 03, AVNO, 174, 158N, 1447W,  73,  969, XX,  64, NEQ,   32,   32,   31,   32,  989,   32,  25,   0,   0, 
EP, 12, 2026082800, 03, AVNO, 180, 157N, 1449W,  70,  969, XX,  34, NEQ,   80,   74,   77,   86,  985,   21,  21,   0,   0, 
EP, 12, 2026082800, 03, AVNO, 180, 157N, 1449W,  70,  969, XX,  50, NEQ,   48,   44,   46,   52,  985,   21,  21,   0,   0, 
EP, 12, 2026082800, 03, AVNO, 180, 157N, 1449W,  70,  969, XX,  64, NEQ,   31,   32,   30,   33,  985,   21,  21,   0,   0, 
EP, 12, 2026082800, 03, AVNO, 186, 156N, 1450W,  74,  967, XX,  34, NEQ,   87,   70,   74,   91,  987,   29,  24,   0,   0, 
EP, 12, 2026082800, 03, AVNO, 186, 156N, 1450W,  74,  967, XX,  50, NEQ,   43,   41,   45,   51,  987,   29,  24,   0,   0, 
EP, 12, 2026082800, 03, AVNO, 186, 156N, 1450W,  74,  967, XX,  64, NEQ,   30,   32,   29,   33,  987,   29,  24,   0,   0, 
EP, 12, 2026082800, 03, AVNO, 192, 155N, 1451W,  79,  962, XX,  34, NEQ,   81,   75,   76,   86, 1002,   78,  19,   0,   0, 
EP, 12, 2026082800, 03, AVNO, 192, 155N, 1451W,  79,  962, XX,  50, NEQ,   41,   44,   46,   54, 1002,   78,  19,   0,   0, 
EP, 12, 2026082800, 03, AVNO, 192, 155N, 1451W,  79,  962, XX,  64, NEQ,   30,   35,   29,   34, 1002,   78,  19,   0,   0, 
EP, 12, 2026082800, 03, AVNO, 198, 154N, 1451W,  83,  964, XX,  34, NEQ,   83,   73,   71,   85,  992,   38,  23,   0,   0, 
EP, 12, 2026082800, 03, AVNO, 198, 154N, 1451W,  83,  964, XX,  50, NEQ,   43,   45,   43,   49,  992,   38,  23,   0,   0, 
EP, 12, 2026082800, 03, AVNO, 198, 154N, 1451W,  83,  964, XX,  64, NEQ,   33,   34,   32,   34,  992,   38,  23,   0,   0, 
EP, 12, 2026082800, 03, AVNO, 204, 154N, 1451W,  77,  964, XX,  34, NEQ,   81,   75,   75,   86,  984,   29,  28,   0,   0, 
EP, 12, 2026082800, 03, AVNO, 204, 154N, 1451W,  77,  964, XX,  50, NEQ,   44,   48,   45,   50,  984,   29,  28,   0,   0, 
EP, 12, 2026082800, 03, AVNO, 204, 154N, 1451W,  77,  964, XX,  64, NEQ,   31,   35,   32,   37,  984,   29,  28,   0,   0, 
EP, 12, 2026082800, 03, AVNO, 210, 155N, 1449W,  79,  965, XX,  34, NEQ,   82,   78,   77,   85,  981,   21,  19,   0,   0, 
EP, 12, 2026082800, 03, AVNO, 210, 155N, 1449W,  79,  965, XX,  50, NEQ,   39,   48,   48,   56,  981,   21,  19,   0,   0, 
EP, 12, 2026082800, 03, AVNO, 210, 155N, 1449W,  79,  965, XX,  64, NEQ,   28,   34,   34,   39,  981,   21,  19,   0,   0, 
EP, 12, 2026082800, 03, AVNO, 216, 157N, 1447W,  75,  963, XX,  34, NEQ,   84,   82,   76,   86, 1003,  104,  17,   0,   0, 
EP, 12, 2026082800, 03, AVNO, 216, 157N, 1447W,  75,  963, XX,  50, NEQ,   52,   43,   49,   54, 1003,  104,  17,   0,   0, 
EP, 12, 2026082800, 03, AVNO, 216, 157N, 1447W,  75,  963, XX,  64, NEQ,   32,   30,   32,   33, 1003,  104,  17,   0,   0, 
EP, 12, 2026082800, 03, AVNO, 222, 158N, 1443W,  73,  967, XX,  34, NEQ,   80,   79,   81,   83,  987,   31,  25,   0,   0, 
EP, 12, 2026082800, 03, AVNO, 222, 158N, 1443W,  73,  967, XX,  50, NEQ,   46,   47,   49,   48,  987,   31,  25,   0,   0, 
EP, 12, 2026082800, 03, AVNO, 222, 158N, 1443W,  73,  967, XX,  64, NEQ,   31,   32,   36,   32,  987,   31,  25,   0,   0, 
EP, 12, 2026082800, 03, AVNO, 228, 160N, 1440W,  73,  968, XX,  34, NEQ,   77,   86,   83,   87, 1004,  111,  30,   0,   0, 
EP, 12, 2026082800, 03, AVNO, 228, 160N, 1440W,  73,  968, XX,  50, NEQ,   44,   51,   49,   48, 1004,  111,  30,   0,   0, 
EP, 12, 2026082800, 03, AVNO, 228, 160N, 1440W,  73,  968, XX,  64, NEQ,    0,   38,   37,   30, 1004,  111,  30,   0,   0, 
EP, 12, 2026082800, 03, AVNO, 234, 162N, 1435W,  73,  973, XX,  34, NEQ,   73,   92,   87,   82, 1005,   90,  25,   0,   0, 
EP, 12, 2026082800, 03, AVNO, 234, 162N, 1435W,  73,  973, XX,  50, NEQ,   46,   48,   49,   49, 1005,   90,  25,   0,   0, 
EP, 12, 2026082800, 03, AVNO, 234, 162N, 1435W,  73,  973, XX,  64, NEQ,   28,   31,   32,    0, 1005,   90,  25,   0,   0, 
EP, 12, 2026082800, 03, AVNO, 240, 164N, 1430W,  71,  971, XX,  34, NEQ,   71,   97,   89,   82, 1003,  107,  28,   0,   0, 
EP, 12, 2026082800, 03, AVNO, 240, 164N, 1430W,  71,  971, XX,  50, NEQ,   41,   48,   53,   50, 1003,  107,  28,   0,   0, 
EP, 12, 2026082800, 03, AVNO, 240, 164N, 1430W,  71,  971, XX,  64, NEQ,    0,   29,    0,    0, 1003,  107,  28,   0,   0, 
EP, 12, 2026082800, 03, HCCA,   0, 113N, 1336W,  35,    0,   ,   0,    ,    0,    0,    0,    0, 
EP, 12, 2026082800, 03, HCCA,  12, 119N, 1329W,  38,    0,   ,   0,    ,    0,    0,    0,    0, 
EP, 12, 2026082800, 03, HCCA,  24, 123N, 1334W,  40,    0,   ,   0,    ,    0,    0,    0,    0, 
EP, 12, 2026082800, 03, HCCA,  36, 125N, 1347W,  44,    0,   ,   0,    ,    0,    0,    0,    0, 
EP, 12, 2026082800, 03, HCCA,  48, 126N, 1364W,  49,    0,   ,   0,    ,    0,    0,    0,    0, 
EP, 12, 2026082800, 03, HCCA,  60, 127N, 1384W,  46,    0,   ,   0,    ,    0,    0,    0,    0, 
EP, 12, 2026082800, 03, HCCA,  72, 130N, 1405W,  48,    0,   ,   0,    ,    0,    0,    0,    0, 
EP, 12, 2026082800, 03, HCCA,  84, 132N, 1425W,  57,    0,   ,   0,    ,    0,    0,    0,    0, 
EP, 12, 2026082800, 03, HCCA,  96, 134N, 1444W,  73,    0,   ,   0,    ,    0,    0,    0,    0, 
EP, 12, 2026082800, 03, HCCA, 108, 134N, 1463W,  91,    0,   ,   0,    ,    0,    0,    0,    0, 
EP, 12, 2026082800, 03, HCCA, 120, 134N, 1480W, 107,    0,   ,   0,    ,    0,    0,    0,    0, 
EP, 12, 2026082800, 03, HCCA, 132, 136N, 1493W, 120,    0,   ,   0,    ,    0,    0,    0,    0, 
EP, 12, 2026082800, 03, HCCA, 144, 141N, 1499W, 132,    0,   ,   0,    ,    0,    0,    0,    0, 
EP, 12, 2026082800, 03, HCCA, 156, 147N, 1512W, 147,    0,   ,   0,    ,    0,    0,    0,    0, 
EP, 12, 2026082800, 03, HCCA, 168, 147N, 1533W, 169,    0,   ,   0,    ,    0,    0,    0,    0, 
EP, 12, 2026082800, 03, HFSA,   0, 113N, 1336W,  36, 1003, XX,  34, NEQ,    0,   31,    0,    0,  -99,  -99,  29,   0,   0,    ,   0,    ,  69,   5,           ,  ,  0,    ,    0,    0,    0,    0, THERMO PARAMS, -46, 289, 28, N, 10, DT, -999, SHR82, -99, 
EP, 12, 2026082800, 03, HFSA,   6, 119N, 1329W,  44, 1005, XX,  34, NEQ,    0,  181,    0,    0,  -99,  -99,  33,   0,   0,    ,   0,    ,  85,   4,           ,  ,  0,    ,    0,    0,    0,    0, THERMO PARAMS, -17, 72, 5, N, 10, DT, -999, SHR82, -99, 
EP, 12, 2026082800, 03, HFSA,  12, 120N, 1322W,  33, 1003, XX,  34, NEQ,    0,    0,    0,    0,  -99,  -99, 152,   0,   0,    ,   0,    ,  79,   6,           ,  ,  0,    ,    0,    0,    0,    0, THERMO PARAMS, -29, -48, -28, N, 10, DT, -999, SHR82, -99, 
EP, 12, 2026082800, 03, HFSA,  18, 119N, 1319W,  32, 1006, XX,  34, NEQ,    0,    0,    0,    0,  -99,  -99,  93,   0,   0,    ,   0,    ,  87,   2,           ,  ,  0,    ,    0,    0,    0,    0, THERMO PARAMS, -122, -160, 130, N, 10, DT, -999, SHR82, -99, 
EP, 12, 2026082800, 03, HFSA,  24, 120N, 1318W,  31, 1003, XX,  34, NEQ,    0,    0,    0,    0,  -99,  -99,  69,   0,   0,    ,   0,    ,  76,   4,           ,  ,  0,    ,    0,    0,    0,    0, THERMO PARAMS, -38, 586, 147, N, 10, DT, -999, SHR82, -99, 
EP, 12, 2026082800, 03, HFSA,  30, 118N, 1317W,  33, 1006, XX,  34, NEQ,    0,    0,    0,    0,  -99,  -99, 161,   0,   0,    ,   0,    , 237,   0,           ,  ,  0,    ,    0,    0,    0,    0, THERMO PARAMS, -9999, -9999, -9999, N, 10, DT, -999, SHR82, -99, 
EP, 12, 2026082800, 03, HFSA,  36, 123N, 1315W,  30, 1004, XX,  34, NEQ,    0,    0,    0,    0,  -99,  -99, 106,   0,   0,    ,   0,    ,  38,   4,           ,  ,  0,    ,    0,    0,    0,    0, THERMO PARAMS, -9999, -9999, -9999, N, 10, DT, -999, SHR82, -99, 
EP, 12, 2026082800, 03, HFSA,  42, 128N, 1317W,  25, 1007, XX,  34, NEQ,    0,    0,    0,    0,  -99,  -99, 153,   0,   0,    ,   0,    ,  18,   7,           ,  ,  0,    ,    0,    0,    0,    0, THERMO PARAMS, -9999, -9999, -9999, N, 10, DT, -999, SHR82, -99, 
EP, 12, 2026082800, 03, HFSA,  48, 130N, 1325W,  27,  999, XX,  34, NEQ,    0,    0,    0,    0, 1003,    8, 115,   0,   0,    ,   0,    , 281,   7,           ,  ,  0,    ,    0,    0,    0,    0, THERMO PARAMS, 64, -131, 291, N, 10, DT, -999, SHR82, -99, 
EP, 12, 2026082800, 03, HFSA,  54, 128N, 1336W,  34, 1002, XX,  34, NEQ,    0,    0,    0,    0, 1006,    8,  63,   0,   0,    ,   0,    , 280,   6,           ,  ,  0,    ,    0,    0,    0,    0, THERMO PARAMS, 38, 99, 92, N, 10, DT, -999, SHR82, -99, 
EP, 12, 2026082800, 03, HFSA,  60, 129N, 1350W,  41,  999, XX,  34, NEQ,    0,    0,    0,    0, 1003,    6,  26,   0,   0,    ,   0,    , 275,   7,           ,  ,  0,    ,    0,    0,    0,    0, THERMO PARAMS, 76, -84, 253, N, 10, DT, -999, SHR82, -99, 
EP, 12, 2026082800, 03, HFSA,  66, 128N, 1359W,  35,  999, XX,  34, NEQ,    0,    0,    0,    0, 1003,    7,  34,   0,   0,    ,   0,    , 265,   8,           ,  ,  0,    ,    0,    0,    0,    0, THERMO PARAMS, 54, 196, 258, N, 10, DT, -999, SHR82, -99, 
EP, 12, 2026082800, 03, HFSA,  72, 127N, 1367W,  38,  999, XX,  34, NEQ,    0,    0,   32,    0, 1003,   19,  29,   0,   0,    ,   0,    , 239,   4,           ,  ,  0,    ,    0,    0,    0,    0, THERMO PARAMS, -2, -108, -161, N, 10, DT, -999, SHR82, -99, 
EP, 12, 2026082800, 03, HFSA,  78, 127N, 1373W,  33, 1000, XX,  34, NEQ,    0,    0,    0,    0, 1004,    7,  54,   0,   0,    ,   0,    , 264,  10,           ,  ,  0,    ,    0,    0,    0,    0, THERMO PARAMS, 11, 92, 198, N, 10, DT, -999, SHR82, -99, 
EP, 12, 2026082800, 03, HFSA,  84, 128N, 1382W,  39, 1002, XX,  34, NEQ,    0,    0,    0,    0,  -99,  -99,  49,   0,   0,    ,   0,    , 256,   5,           ,  ,  0,    ,    0,    0,    0,    0, THERMO PARAMS, 11, -165, 411, N, 10, DT, -999, SHR82, -99, 
EP, 12, 2026082800, 03, HFSA,  90, 124N, 1386W,  43, 1002, XX,  34, NEQ,    0,    0,   44,   63, 1006,   37,  32,   0,   0,    ,   0,    , 226,   2,           ,  ,  0,    ,    0,    0,    0,    0, THERMO PARAMS, -25, 2, 325, N, 10, DT, -999, SHR82, -99, 
EP, 12, 2026082800, 03, HFSA,  96, 127N, 1390W,  39,  999, XX,  34, NEQ,    0,    0,    0,   78, 1003,   28,  76,   0,   0,    ,   0,    , 278,   5,           ,  ,  0,    ,    0,    0,    0,    0, THERMO PARAMS, 21, 364, 466, N, 10, DT, -999, SHR82, -99, 
EP, 12, 2026082800, 03, HFSA, 102, 127N, 1395W,  41, 1000, XX,  34, NEQ,   58,    0,    0,   68, 1004,   25,  33,   0,   0,    ,   0,    , 275,   3,           ,  ,  0,    ,    0,    0,    0,    0, THERMO PARAMS, -12, 255, 651, N, 10, DT, -999, SHR82, -99, 
EP, 12, 2026082800, 03, HFSA, 108, 128N, 1399W,  43,  997, XX,  34, NEQ,   70,    0,   40,   73, 1001,   28,  37,   0,   0,    ,   0,    , 262,   3,           ,  ,  0,    ,    0,    0,    0,    0, THERMO PARAMS, -31, 528, 420, N, 10, DT, -999, SHR82, -99, 
EP, 12, 2026082800, 03, HFSA, 114, 133N, 1402W,  54,  994, XX,  34, NEQ,   76,    0,   42,   74,  998,   10,  25,   0,   0,    ,   0,    , 314,   5,           ,  ,  0,    ,    0,    0,    0,    0, THERMO PARAMS, 18, 277, 766, N, 10, DT, -999, SHR82, -99, 
EP, 12, 2026082800, 03, HFSA, 120, 136N, 1406W,  62,  989, XX,  34, NEQ,   79,   37,   57,   78,  993,   10,  17,   0,   0,    ,   0,    , 313,   3,           ,  ,  0,    ,    0,    0,    0,    0, THERMO PARAMS, -14, 851, 649, N, 10, DT, -999, SHR82, -99, 
EP, 12, 2026082800, 03, HFSA, 120, 136N, 1406W,  62,  989, XX,  50, NEQ,    0,   21,   32,   31,  993,   10,  17,   0,   0,    ,   0,    , 313,   3,           ,  ,  0,    ,    0,    0,    0,    0, THERMO PARAMS, -14, 851, 649, N, 10, DT, -999, SHR82, -99, 
EP, 12, 2026082800, 03, HFSA, 126, 139N, 1409W,  61,  990, XX,  34, NEQ,   83,   39,   55,   81, 1002,   36,  18,   0,   0,    ,   0,    , -99, -99,           ,  ,  0,    ,    0,    0,    0,    0, THERMO PARAMS, 16, 627, 843, N, 10, DT, -999, SHR82, -99, 
EP, 12, 2026082800, 03, HFSA, 126, 139N, 1409W,  61,  990, XX,  50, NEQ,   23,    0,   32,   23, 1002,   36,  18,   0,   0,    ,   0,    , -99, -99,           ,  ,  0,    ,    0,    0,    0,    0, THERMO PARAMS, 16, 627, 843, N, 10, DT, -999, SHR82, -99, 
EP, 12, 2026082800, 03, TVCN,   0, 113N, 1336W,   0,    0,   ,   0,    ,    0,    0,    0,    0, 
EP, 12, 2026082800, 03, TVCN,  12, 118N, 1329W,   0,    0,   ,   0,    ,    0,    0,    0,    0, 
EP, 12, 2026082800, 03, TVCN,  24, 123N, 1329W,   0,    0,   ,   0,    ,    0,    0,    0,    0, 
EP, 12, 2026082800, 03, TVCN,  36, 125N, 1338W,   0,    0,   ,   0,    ,    0,    0,    0,    0, 
EP, 12, 2026082800, 03, TVCN,  48, 128N, 1351W,   0,    0,   ,   0,    ,    0,    0,    0,    0, 
EP, 12, 2026082800, 03, TVCN,  60, 131N, 1366W,   0,    0,   ,   0,    ,    0,    0,    0,    0, 
EP, 12, 2026082800, 03, TVCN,  72, 134N, 1381W,   0,    0,   ,   0,    ,    0,    0,    0,    0, 
EP, 12, 2026082800, 03, TVCN,  84, 136N, 1397W,   0,    0,   ,   0,    ,    0,    0,    0,    0, 
EP, 12, 2026082800, 03, TVCN,  96, 137N, 1411W,   0,    0,   ,   0,    ,    0,    0,    0,    0, 
EP, 12, 2026082800, 03, TVCN, 108, 139N, 1423W,   0,    0,   ,   0,    ,    0,    0,    0,    0, 
EP, 12, 2026082800, 03, TVCN, 120, 140N, 1435W,   0,    0,   ,   0,    ,    0,    0,    0,    0, 
EP, 12, 2026082800, 03, TVCN, 132, 143N, 1445W,   0,    0,   ,   0,    ,    0,    0,    0,    0, 
EP, 12, 2026082800, 03, TVCN, 144, 143N, 1469W,   0,    0,   ,   0,    ,    0,    0,    0,    0, 
EP, 12, 2026082800, 03, TVCN, 156, 148N, 1477W,   0,    0,   ,   0,    ,    0,    0,    0,    0, 
EP, 12, 2026082800, 03, TVCN, 168, 153N, 1483W,   0,    0,   ,   0,    ,    0,    0,    0,    0, 
EP, 12, 2026082806, 03, AVNO,   0, 121N, 1332W,  31, 1005, XX,  34, NEQ,    0,    0,    0,    0, 1009,   91,  52,   0,   0, 
EP, 12, 2026082806, 03, AVNO,   6, 122N, 1328W,  31, 1002, XX,  34, NEQ,    0,    0,    0,    0, 1006,   68,  54,   0,   0, 
EP, 12, 2026082806, 03, AVNO,  12, 121N, 1329W,  32, 1004, XX,  34, NEQ,    0,    0,    0,    0, 1008,   85,  23,   0,   0, 
EP, 12, 2026082806, 03, AVNO,  18, 123N, 1326W,  29, 1001, XX,  34, NEQ,    0,    0,    0,    0, 1005,   67,  47,   0,   0, 
EP, 12, 2026082806, 03, AVNO,  24, 123N, 1327W,  28, 1004, XX,  34, NEQ,    0,    0,    0,    0, 1008,   65,  35,   0,   0, 
EP, 12, 2026082806, 03, AVNO,  30, 123N, 1335W,  32, 1000, XX,  34, NEQ,    0,    0,    0,    0, 1004,   60,  34,   0,   0, 
EP, 12, 2026082806, 03, AVNO,  36, 121N, 1342W,  34, 1002, XX,  34, NEQ,   57,    0,    0,    0, 1010,  202,  57,   0,   0, 
EP, 12, 2026082806, 03, AVNO,  42, 123N, 1348W,  31, 1001, XX,  34, NEQ,    0,    0,    0,    0, 1005,   56,  48,   0,   0, 
EP, 12, 2026082806, 03, AVNO,  48, 125N, 1352W,  29, 1002, XX,  34, NEQ,    0,    0,    0,    0, 1010,  135,  62,   0,   0, 
EP, 12, 2026082806, 03, AVNO,  54, 127N, 1359W,  35,  997, XX,  34, NEQ,   39,    0,    0,    0, 1005,   62,  38,   0,   0, 
EP, 12, 2026082806, 03, AVNO,  60, 129N, 1371W,  38,  999, XX,  34, NEQ,   40,   38,    0,   36, 1011,  244,  36,   0,   0, 
EP, 12, 2026082806, 03, AVNO,  66, 130N, 1384W,  50,  994, XX,  34, NEQ,   47,   36,   34,   48, 1006,  101,  26,   0,   0, 
EP, 12, 2026082806, 03, AVNO,  66, 130N, 1384W,  50,  994, XX,  50, NEQ,   26,    0,    0,    0, 1006,  101,  26,   0,   0, 
EP, 12, 2026082806, 03, AVNO,  72, 130N, 1395W,  49,  988, XX,  34, NEQ,   32,   38,   33,   44, 1008,  109,  16,   0,   0, 
EP, 12, 2026082806, 03, AVNO,  78, 129N, 1404W,  60,  982, XX,  34, NEQ,   40,   55,   58,   56, 1006,  100,  21,   0,   0, 
EP, 12, 2026082806, 03, AVNO,  78, 129N, 1404W,  60,  982, XX,  50, NEQ,   26,   28,   19,   24, 1006,  100,  21,   0,   0, 
EP, 12, 2026082806, 03, AVNO,  84, 131N, 1411W,  63,  981, XX,  34, NEQ,   56,   57,   46,   65, 1009,  121,  25,   0,   0, 
EP, 12, 2026082806, 03, AVNO,  84, 131N, 1411W,  63,  981, XX,  50, NEQ,   29,   33,   26,   31, 1009,  121,  25,   0,   0, 
EP, 12, 2026082806, 03, AVNO,  90, 133N, 1419W,  67,  971, XX,  34, NEQ,   64,   66,   72,   76,  987,   29,  15,   0,   0, 
EP, 12, 2026082806, 03, AVNO,  90, 133N, 1419W,  67,  971, XX,  50, NEQ,   37,   35,   35,   36,  987,   29,  15,   0,   0, 
EP, 12, 2026082806, 03, AVNO,  90, 133N, 1419W,  67,  971, XX,  64, NEQ,    0,   22,   19,   17,  987,   29,  15,   0,   0, 
EP, 12, 2026082806, 03, AVNO,  96, 133N, 1425W,  73,  968, XX,  34, NEQ,   74,   64,   85,   79,  992,   30,  22,   0,   0, 
EP, 12, 2026082806, 03, AVNO,  96, 133N, 1425W,  73,  968, XX,  50, NEQ,   38,   37,   40,   36,  992,   30,  22,   0,   0, 
EP, 12, 2026082806, 03, AVNO,  96, 133N, 1425W,  73,  968, XX,  64, NEQ,    0,   25,   24,   28,  992,   30,  22,   0,   0, 
EP, 12, 2026082806, 03, AVNO, 102, 136N, 1431W,  75,  964, XX,  34, NEQ,   85,   65,   77,   90,  988,   31,  25,   0,   0, 
EP, 12, 2026082806, 03, AVNO, 102, 136N, 1431W,  75,  964, XX,  50, NEQ,   44,   37,   37,   44,  988,   31,  25,   0,   0, 
EP, 12, 2026082806, 03, AVNO, 102, 136N, 1431W,  75,  964, XX,  64, NEQ,   30,   27,   24,   27,  988,   31,  25,   0,   0, 
EP, 12, 2026082806, 03, AVNO, 108, 137N, 1437W,  80,  965, XX,  34, NEQ,  107,   63,   65,  107,  997,   38,  20,   0,   0, 
EP, 12, 2026082806, 03, AVNO, 108, 137N, 1437W,  80,  965, XX,  50, NEQ,   41,   40,   35,   46,  997,   38,  20,   0,   0, 
EP, 12, 2026082806, 03, AVNO, 108, 137N, 1437W,  80,  965, XX,  64, NEQ,   29,   33,   26,   31,  997,   38,  20,   0,   0, 
EP, 12, 2026082806, 03, AVNO, 114, 140N, 1442W,  81,  958, XX,  34, NEQ,  107,   77,   78,  110,  978,   21,  19,   0,   0, 
EP, 12, 2026082806, 03, AVNO, 114, 140N, 1442W,  81,  958, XX,  50, NEQ,   48,   43,   40,   50,  978,   21,  19,   0,   0, 
EP, 12, 2026082806, 03, AVNO, 114, 140N, 1442W,  81,  958, XX,  64, NEQ,   33,   34,   31,   35,  978,   21,  19,   0,   0, 
EP, 12, 2026082806, 03, AVNO, 120, 143N, 1447W,  83,  961, XX,  34, NEQ,  115,   77,   75,  118,  973,   21,  21,   0,   0, 
EP, 12, 2026082806, 03, AVNO, 120, 143N, 1447W,  83,  961, XX,  50, NEQ,   54,   44,   42,   57,  973,   21,  21,   0,   0, 
EP, 12, 2026082806, 03, AVNO, 120, 143N, 1447W,  83,  961, XX,  64, NEQ,   32,   35,   31,   35,  973,   21,  21,   0,   0, 
EP, 12, 2026082806, 03, AVNO, 126, 149N, 1453W,  82,  961, XX,  34, NEQ,  116,   75,   71,  114,  989,   47,  23,   0,   0, 
EP, 12, 2026082806, 03, AVNO, 126, 149N, 1453W,  82,  961, XX,  50, NEQ,   58,   43,   44,   58,  989,   47,  23,   0,   0, 
EP, 12, 2026082806, 03, AVNO, 126, 149N, 1453W,  82,  961, XX,  64, NEQ,   32,   33,   32,   38,  989,   47,  23,   0,   0, 
EP, 12, 2026082806, 03, AVNO, 132, 154N, 1459W,  81,  963, XX,  34, NEQ,  111,   75,   80,  105,  987,   42,  22,   0,   0, 
EP, 12, 2026082806, 03, AVNO, 132, 154N, 1459W,  81,  963, XX,  50, NEQ,   55,   43,   49,   60,  987,   42,  22,   0,   0, 
EP, 12, 2026082806, 03, AVNO, 132, 154N, 1459W,  81,  963, XX,  64, NEQ,   38,   33,   36,   38,  987,   42,  22,   0,   0, 
EP, 12, 2026082806, 03, AVNO, 138, 159N, 1465W,  80,  960, XX,  34, NEQ,  115,   76,   77,  107,  972,   21,  27,   0,   0, 
EP, 12, 2026082806, 03, AVNO, 138, 159N, 1465W,  80,  960, XX,  50, NEQ,   56,   46,   47,   56,  972,   21,  27,   0,   0, 
EP, 12, 2026082806, 03, AVNO, 138, 159N, 1465W,  80,  960, XX,  64, NEQ,   41,   37,   36,   39,  972,   21,  27,   0,   0, 
EP, 12, 2026082806, 03, AVNO, 144, 163N, 1471W,  78,  966, XX,  34, NEQ,  119,   68,   76,  115,  990,   36,  26,   0,   0, 
EP, 12, 2026082806, 03, AVNO, 144, 163N, 1471W,  78,  966, XX,  50, NEQ,   57,   45,   43,   59,  990,   36,  26,   0,   0, 
EP, 12, 2026082806, 03, AVNO, 144, 163N, 1471W,  78,  966, XX,  64, NEQ,   34,   34,   31,   36,  990,   36,  26,   0,   0, 
EP, 12, 2026082806, 03, AVNO, 150, 168N, 1477W,  70,  967, XX,  34, NEQ,  116,   72,   76,  106, 1007,  126,  19,   0,   0, 
EP, 12, 2026082806, 03, AVNO, 150, 168N, 1477W,  70,  967, XX,  50, NEQ,   52,   45,   45,   57, 1007,  126,  19,   0,   0, 
EP, 12, 2026082806, 03, AVNO, 150, 168N, 1477W,  70,  967, XX,  64, NEQ,   30,   32,   34,   32, 1007,  126,  19,   0,   0, 
EP, 12, 2026082806, 03, AVNO, 156, 171N, 1483W,  69,  972, XX,  34, NEQ,  118,   75,   77,  105,  988,   29,  26,   0,   0, 
EP, 12, 2026082806, 03, AVNO, 156, 171N, 1483W,  69,  972, XX,  50, NEQ,   52,   43,   48,   51,  988,   29,  26,   0,   0, 
EP, 12, 2026082806, 03, AVNO, 156, 171N, 1483W,  69,  972, XX,  64, NEQ,   31,   29,   32,   32,  988,   29,  26,   0,   0, 
EP, 12, 2026082806, 03, AVNO, 162, 174N, 1488W,  71,  972, XX,  34, NEQ,  113,   75,   73,  111, 1004,   85,  21,   0,   0, 
EP, 12, 2026082806, 03, AVNO, 162, 174N, 1488W,  71,  972, XX,  50, NEQ,   52,   48,   44,   57, 1004,   85,  21,   0,   0, 
EP, 12, 2026082806, 03, AVNO, 162, 174N, 1488W,  71,  972, XX,  64, NEQ,   33,   31,   29,   26, 1004,   85,  21,   0,   0, 
EP, 12, 2026082806, 03, AVNO, 168, 176N, 1493W,  69,  973, XX,  34, NEQ,  110,   72,   73,  107, 1009,  290,  27,   0,   0, 
EP, 12, 2026082806, 03, AVNO, 168, 176N, 1493W,  69,  973, XX,  50, NEQ,   56,   47,   42,   56, 1009,  290,  27,   0,   0, 
EP, 12, 2026082806, 03, AVNO, 168, 176N, 1493W,  69,  973, XX,  64, NEQ,   30,    0,   27,   35, 1009,  290,  27,   0,   0, 
EP, 12, 2026082806, 03, AVNO, 174, 177N, 1499W,  67,  973, XX,  34, NEQ,  106,   71,   80,   98, 1005,  112,  31,   0,   0, 
EP, 12, 2026082806, 03, AVNO, 174, 177N, 1499W,  67,  973, XX,  50, NEQ,   59,   36,   47,   51, 1005,  112,  31,   0,   0, 
EP, 12, 2026082806, 03, AVNO, 174, 177N, 1499W,  67,  973, XX,  64, NEQ,   32,    0,    0,   32, 1005,  112,  31,   0,   0, 
EP, 12, 2026082806, 03, AVNO, 180, 178N, 1503W,  67,  974, XX,  34, NEQ,  108,   70,   83,  106, 1006,  108,  24,   0,   0, 
EP, 12, 2026082806, 03, AVNO, 180, 178N, 1503W,  67,  974, XX,  50, NEQ,   60,   46,   44,   59, 1006,  108,  24,   0,   0, 
EP, 12, 2026082806, 03, AVNO, 180, 178N, 1503W,  67,  974, XX,  64, NEQ,   30,    0,   28,   31, 1006,  108,  24,   0,   0, 
EP, 12, 2026082806, 03, AVNO, 186, 178N, 1509W,  66,  973, XX,  34, NEQ,  109,   69,   79,  105, 1005,  137,  23,   0,   0, 
EP, 12, 2026082806, 03, AVNO, 186, 178N, 1509W,  66,  973, XX,  50, NEQ,   50,   52,   49,   57, 1005,  137,  23,   0,   0, 
EP, 12, 2026082806, 03, AVNO, 186, 178N, 1509W,  66,  973, XX,  64, NEQ,    0,    0,    0,   26, 1005,  137,  23,   0,   0, 
EP, 12, 2026082806, 03, AVNO, 192, 177N, 1512W,  66,  973, XX,  34, NEQ,  115,   67,   77,  108,  989,   32,  20,   0,   0, 
EP, 12, 2026082806, 03, AVNO, 192, 177N, 1512W,  66,  973, XX,  50, NEQ,   63,   39,   48,   62,  989,   32,  20,   0,   0, 
EP, 12, 2026082806, 03, AVNO, 192, 177N, 1512W,  66,  973, XX,  64, NEQ,    0,    0,   34,   37,  989,   32,  20,   0,   0, 
EP, 12, 2026082806, 03, AVNO, 198, 177N, 1516W,  66,  973, XX,  34, NEQ,  103,   73,   82,   95, 1005,  140,  27,   0,   0, 
EP, 12, 2026082806, 03, AVNO, 198, 177N, 1516W,  66,  973, XX,  50, NEQ,   47,   46,   42,   52, 1005,  140,  27,   0,   0, 
EP, 12, 2026082806, 03, AVNO, 198, 177N, 1516W,  66,  973, XX,  64, NEQ,    0,    0,   28,    0, 1005,  140,  27,   0,   0, 
EP, 12, 2026082806, 03, AVNO, 204, 177N, 1518W,  63,  976, XX,  34, NEQ,  103,   71,   87,   95, 1008,  182,  31,   0,   0, 
EP, 12, 2026082806, 03, AVNO, 204, 177N, 1518W,  63,  976, XX,  50, NEQ,   50,   38,   50,   51, 1008,  182,  31,   0,   0, 
EP, 12, 2026082806, 03, AVNO, 210, 179N, 1521W,  64,  974, XX,  34, NEQ,  100,   72,   83,   95, 1006,  239,  36,   0,   0, 
EP, 12, 2026082806, 03, AVNO, 210, 179N, 1521W,  64,  974, XX,  50, NEQ,   55,   41,   50,   51, 1006,  239,  36,   0,   0, 
EP, 12, 2026082806, 03, AVNO, 216, 181N, 1522W,  72,  975, XX,  34, NEQ,  101,   78,   79,   98, 1007,  143,  23,   0,   0, 
EP, 12, 2026082806, 03, AVNO, 216, 181N, 1522W,  72,  975, XX,  50, NEQ,   40,   48,   46,   56, 1007,  143,  23,   0,   0, 
EP, 12, 2026082806, 03, AVNO, 216, 181N, 1522W,  72,  975, XX,  64, NEQ,    0,   29,   30,    0, 1007,  143,  23,   0,   0, 
EP, 12, 2026082806, 03, AVNO, 222, 185N, 1523W,  63,  974, XX,  34, NEQ,   99,   79,   81,   92, 1006,  166,  32,   0,   0, 
EP, 12, 2026082806, 03, AVNO, 222, 185N, 1523W,  63,  974, XX,  50, NEQ,   55,   47,   46,   51, 1006,  166,  32,   0,   0, 
EP, 12, 2026082806, 03, AVNO, 228, 188N, 1524W,  61,  977, XX,  34, NEQ,   99,   83,   85,   87, 1005,  102,  26,   0,   0, 
EP, 12, 2026082806, 03, AVNO, 228, 188N, 1524W,  61,  977, XX,  50, NEQ,   55,   49,   49,   48, 1005,  102,  26,   0,   0, 
EP, 12, 2026082806, 03, AVNO, 234, 194N, 1525W,  62,  975, XX,  34, NEQ,  101,   92,   87,   86, 1003,   98,  29,   0,   0, 
EP, 12, 2026082806, 03, AVNO, 234, 194N, 1525W,  62,  975, XX,  50, NEQ,   56,   44,   51,   48, 1003,   98,  29,   0,   0, 
EP, 12, 2026082806, 03, AVNO, 240, 198N, 1525W,  61,  977, XX,  34, NEQ,  113,   84,   81,   93, 1005,  101,  40,   0,   0, 
EP, 12, 2026082806, 03, AVNO, 240, 198N, 1525W,  61,  977, XX,  50, NEQ,   56,   47,   50,   49, 1005,  101,  40,   0,   0, 
EP, 12, 2026082806, 03, HCCA,   0, 116N, 1330W,  40,    0,   ,   0,    ,    0,    0,    0,    0, 
EP, 12, 2026082806, 03, HCCA,  12, 120N, 1330W,  41,    0,   ,   0,    ,    0,    0,    0,    0, 
EP, 12, 2026082806, 03, HCCA,  24, 122N, 1340W,  44,    0,   ,   0,    ,    0,    0,    0,    0, 
EP, 12, 2026082806, 03, HCCA,  36, 123N, 1353W,  47,    0,   ,   0,    ,    0,    0,    0,    0, 
EP, 12, 2026082806, 03, HCCA,  48, 123N, 1370W,  50,    0,   ,   0,    ,    0,    0,    0,    0, 
EP, 12, 2026082806, 03, HCCA,  60, 127N, 1389W,  52,    0,   ,   0,    ,    0,    0,    0,    0, 
EP, 12, 2026082806, 03, HCCA,  72, 130N, 1408W,  58,    0,   ,   0,    ,    0,    0,    0,    0, 
EP, 12, 2026082806, 03, HCCA,  84, 132N, 1426W,  67,    0,   ,   0,    ,    0,    0,    0,    0, 
EP, 12, 2026082806, 03, HCCA,  96, 135N, 1446W,  95,    0,   ,   0,    ,    0,    0,    0,    0, 
EP, 12, 2026082806, 03, HCCA, 108, 136N, 1466W, 114,    0,   ,   0,    ,    0,    0,    0,    0, 
EP, 12, 2026082806, 03, HCCA, 120, 136N, 1482W, 118,    0,   ,   0,    ,    0,    0,    0,    0, 
EP, 12, 2026082806, 03, HCCA, 132, 137N, 1494W, 128,    0,   ,   0,    ,    0,    0,    0,    0, 
EP, 12, 2026082806, 03, HCCA, 144, 141N, 1501W, 133,    0,   ,   0,    ,    0,    0,    0,    0, 
EP, 12, 2026082806, 03, HCCA, 156, 146N, 1505W, 140,    0,   ,   0,    ,    0,    0,    0,    0, 
EP, 12, 2026082806, 03, HCCA, 168, 149N, 1507W, 150,    0,   ,   0,    ,    0,    0,    0,    0, 
EP, 12, 2026082806, 03, HFSA,   0, 116N, 1333W,  42, 1003, XX,  34, NEQ,    0,   65,    0,    0, 1007,   67,  46,   0,   0,    ,   0,    ,  66,   5,           ,  ,  0,    ,    0,    0,    0,    0, THERMO PARAMS, -5, -83, 209, N, 10, DT, -999, SHR82, -99, 
EP, 12, 2026082806, 03, HFSA,   6, 120N, 1327W,  37, 1001, XX,  34, NEQ,    0,    0,   62,    0,  -99,  -99,  41,   0,   0,    ,   0,    ,  30,   4,           ,  ,  0,    ,    0,    0,    0,    0, THERMO PARAMS, 86, 357, -47, N, 10, DT, -999, SHR82, -99, 
EP, 12, 2026082806, 03, HFSA,  12, 122N, 1325W,  32, 1003, XX,  34, NEQ,    0,    0,    0,    0,  -99,  -99, 109,   0,   0,    ,   0,    ,  39,   1,           ,  ,  0,    ,    0,    0,    0,    0, THERMO PARAMS, -56, 262, 258, N, 10, DT, -999, SHR82, -99, 
EP, 12, 2026082806, 03, HFSA,  18, 125N, 1324W,  32, 1001, XX,  34, NEQ,    0,    0,    0,    0,  -99,  -99, 130,   0,   0,    ,   0,    ,   5,   3,           ,  ,  0,    ,    0,    0,    0,    0, THERMO PARAMS, 92, -417, 487, N, 10, DT, -999, SHR82, -99, 
EP, 12, 2026082806, 03, HFSA,  24, 128N, 1327W,  29, 1002, XX,  34, NEQ,    0,    0,    0,    0,  -99,  -99, 119,   0,   0,    ,   0,    , 309,   5,           ,  ,  0,    ,    0,    0,    0,    0, THERMO PARAMS, 77, 156, 243, N, 10, DT, -999, SHR82, -99, 
EP, 12, 2026082806, 03, HFSA,  30, 130N, 1339W,  33,  994, XX,  34, NEQ,    0,    0,    0,    0,  998,    7,  65,   0,   0,    ,   0,    , 285,   9,           ,  ,  0,    ,    0,    0,    0,    0, THERMO PARAMS, 68, 291, 382, N, 10, DT, -999, SHR82, -99, 
EP, 12, 2026082806, 03, HFSA,  36, 130N, 1349W,  49,  995, XX,  34, NEQ,    0,   23,   36,    0, 1003,   16,  19,   0,   0,    ,   0,    , 285,   7,           ,  ,  0,    ,    0,    0,    0,    0, THERMO PARAMS, 77, 528, 363, N, 10, DT, -999, SHR82, -99, 
EP, 12, 2026082806, 03, HFSA,  42, 132N, 1354W,  51,  995, XX,  34, NEQ,   32,   39,   34,    0,  -99,  -99,  26,   0,   0,    ,   0,    , 293,   5,           ,  ,  0,    ,    0,    0,    0,    0, THERMO PARAMS, 110, 99, 341, N, 10, DT, -999, SHR82, -99, 
EP, 12, 2026082806, 03, HFSA,  48, 133N, 1361W,  42, 1000, XX,  34, NEQ,    0,   49,    0,    0, 1004,   20,  47,   0,   0,    ,   0,    , 281,   7,           ,  ,  0,    ,    0,    0,    0,    0, THERMO PARAMS, 69, -63, 363, N, 10, DT, -999, SHR82, -99, 
EP, 12, 2026082806, 03, HFSA,  54, 135N, 1371W,  39,  995, XX,  34, NEQ,   34,   28,    0,    0,  999,    9,  25,   0,   0,    ,   0,    , 282,  10,           ,  ,  0,    ,    0,    0,    0,    0, THERMO PARAMS, 71, 440, 605, N, 10, DT, -999, SHR82, -99, 
EP, 12, 2026082806, 03, HFSA,  60, 136N, 1384W,  35,  997, XX,  34, NEQ,    0,    0,    0,    0, 1001,    6,  14,   0,   0,    ,   0,    , 279,  10,           ,  ,  0,    ,    0,    0,    0,    0, THERMO PARAMS, 56, 202, 288, N, 10, DT, -999, SHR82, -99, 
EP, 12, 2026082806, 03, HFSA,  66, 136N, 1397W,  38,  992, XX,  34, NEQ,    0,   15,   47,   31, 1000,   18,  45,   0,   0,    ,   0,    , 267,  10,           ,  ,  0,    ,    0,    0,    0,    0, THERMO PARAMS, 75, 627, 537, N, 10, DT, -999, SHR82, -99, 
EP, 12, 2026082806, 03, HFSA,  72, 133N, 1409W,  52,  993, XX,  34, NEQ,   26,   31,   34,   62,  997,    9,  23,   0,   0,    ,   0,    , 250,   9,           ,  ,  0,    ,    0,    0,    0,    0, THERMO PARAMS, 46, 444, 772, N, 10, DT, -999, SHR82, -99, 
EP, 12, 2026082806, 03, HFSA,  72, 133N, 1409W,  52,  993, XX,  50, NEQ,   16,    0,   23,    0,  997,    9,  23,   0,   0,    ,   0,    , 250,   9,           ,  ,  0,    ,    0,    0,    0,    0, THERMO PARAMS, 46, 444, 772, N, 10, DT, -999, SHR82, -99, 
EP, 12, 2026082806, 03, HFSA,  78, 134N, 1418W,  51,  990, XX,  34, NEQ,   36,   34,   40,   39, 1002,   36,  14,   0,   0,    ,   0,    , 270,   9,           ,  ,  0,    ,    0,    0,    0,    0, THERMO PARAMS, 23, 1081, 775, N, 10, DT, -999, SHR82, -99, 
EP, 12, 2026082806, 03, HFSA,  78, 134N, 1418W,  51,  990, XX,  50, NEQ,    0,    0,    0,   15, 1002,   36,  14,   0,   0,    ,   0,    , 270,   9,           ,  ,  0,    ,    0,    0,    0,    0, THERMO PARAMS, 23, 1081, 775, N, 10, DT, -999, SHR82, -99, 
EP, 12, 2026082806, 03, HFSA,  84, 134N, 1427W,  54,  991, XX,  34, NEQ,   55,   29,   45,   71, 1003,   32,  15,   0,   0,    ,   0,    , 269,   8,           ,  ,  0,    ,    0,    0,    0,    0, THERMO PARAMS, -14, 1065, 850, N, 10, DT, -999, SHR82, -99, 
EP, 12, 2026082806, 03, HFSA,  84, 134N, 1427W,  54,  991, XX,  50, NEQ,   19,   21,   19,   19, 1003,   32,  15,   0,   0,    ,   0,    , 269,   8,           ,  ,  0,    ,    0,    0,    0,    0, THERMO PARAMS, -14, 1065, 850, N, 10, DT, -999, SHR82, -99, 
EP, 12, 2026082806, 03, HFSA,  90, 135N, 1437W,  56,  984, XX,  34, NEQ,   84,   32,   52,   76, 1000,   37,  15,   0,   0,    ,   0,    , 264,   8,           ,  ,  0,    ,    0,    0,    0,    0, THERMO PARAMS, -3, 1241, 1130, N, 10, DT, -999, SHR82, -99, 
EP, 12, 2026082806, 03, HFSA,  90, 135N, 1437W,  56,  984, XX,  50, NEQ,   23,    0,   21,   24, 1000,   37,  15,   0,   0,    ,   0,    , 264,   8,           ,  ,  0,    ,    0,    0,    0,    0, THERMO PARAMS, -3, 1241, 1130, N, 10, DT, -999, SHR82, -99, 
EP, 12, 2026082806, 03, HFSA,  96, 135N, 1446W,  69,  982, XX,  34, NEQ,   86,   44,   57,   81,  998,   25,  13,   0,   0,    ,   0,    , 257,   8,           ,  ,  0,    ,    0,    0,    0,    0, THERMO PARAMS, -9, 1174, 1078, N, 10, DT, -999, SHR82, -99, 
EP, 12, 2026082806, 03, HFSA,  96, 135N, 1446W,  69,  982, XX,  50, NEQ,   24,   16,   26,   28,  998,   25,  13,   0,   0,    ,   0,    , 257,   8,           ,  ,  0,    ,    0,    0,    0,    0, THERMO PARAMS, -9, 1174, 1078, N, 10, DT, -999, SHR82, -99, 
EP, 12, 2026082806, 03, HFSA,  96, 135N, 1446W,  69,  982, XX,  64, NEQ,    0,    0,    0,   16,  998,   25,  13,   0,   0,    ,   0,    , 257,   8,           ,  ,  0,    ,    0,    0,    0,    0, THERMO PARAMS, -9, 1174, 1078, N, 10, DT, -999, SHR82, -99, 
EP, 12, 2026082806, 03, HFSA, 102, 136N, 1456W,  75,  975, XX,  34, NEQ,  108,   53,   65,   81,  999,   38,  12,   0,   0,    ,   0,    , 268,   8,           ,  ,  0,    ,    0,    0,    0,    0, THERMO PARAMS, -26, 1619, 1699, N, 10, DT, -999, SHR82, -99, 
EP, 12, 2026082806, 03, HFSA, 102, 136N, 1456W,  75,  975, XX,  50, NEQ,   26,   28,   28,   32,  999,   38,  12,   0,   0,    ,   0,    , 268,   8,           ,  ,  0,    ,    0,    0,    0,    0, THERMO PARAMS, -26, 1619, 1699, N, 10, DT, -999, SHR82, -99, 
EP, 12, 2026082806, 03, HFSA, 102, 136N, 1456W,  75,  975, XX,  64, NEQ,   18,    0,   16,   18,  999,   38,  12,   0,   0,    ,   0,    , 268,   8,           ,  ,  0,    ,    0,    0,    0,    0, THERMO PARAMS, -26, 1619, 1699, N, 10, DT, -999, SHR82, -99, 
EP, 12, 2026082806, 03, HFSA, 108, 137N, 1465W,  86,  968, XX,  34, NEQ,  102,   55,   66,  117,  992,   22,  12,   0,   0,    ,   0,    , 272,   8,           ,  ,  0,    ,    0,    0,    0,    0, THERMO PARAMS, -22, 1691, 1947, N, 10, DT, -999, SHR82, -99, 
EP, 12, 2026082806, 03, HFSA, 108, 137N, 1465W,  86,  968, XX,  50, NEQ,   34,   31,   31,   34,  992,   22,  12,   0,   0,    ,   0,    , 272,   8,           ,  ,  0,    ,    0,    0,    0,    0, THERMO PARAMS, -22, 1691, 1947, N, 10, DT, -999, SHR82, -99, 
EP, 12, 2026082806, 03, HFSA, 108, 137N, 1465W,  86,  968, XX,  64, NEQ,   23,   15,   16,   23,  992,   22,  12,   0,   0,    ,   0,    , 272,   8,           ,  ,  0,    ,    0,    0,    0,    0, THERMO PARAMS, -22, 1691, 1947, N, 10, DT, -999, SHR82, -99, 
EP, 12, 2026082806, 03, HFSA, 114, 139N, 1474W, 100,  960, XX,  34, NEQ,  131,   63,   78,  123, 1000,   52,  11,   0,   0,    ,   0,    , 276,   7,           ,  ,  0,    ,    0,    0,    0,    0, THERMO PARAMS, -30, 1715, 2291, N, 10, DT, -999, SHR82, -99, 
EP, 12, 2026082806, 03, HFSA, 114, 139N, 1474W, 100,  960, XX,  50, NEQ,   37,   34,   31,   44, 1000,   52,  11,   0,   0,    ,   0,    , 276,   7,           ,  ,  0,    ,    0,    0,    0,    0, THERMO PARAMS, -30, 1715, 2291, N, 10, DT, -999, SHR82, -99, 
EP, 12, 2026082806, 03, HFSA, 114, 139N, 1474W, 100,  960, XX,  64, NEQ,   26,   24,   21,   26, 1000,   52,  11,   0,   0,    ,   0,    , 276,   7,           ,  ,  0,    ,    0,    0,    0,    0, THERMO PARAMS, -30, 1715, 2291, N, 10, DT, -999, SHR82, -99, 
EP, 12, 2026082806, 03, HFSA, 120, 140N, 1482W, 104,  955, XX,  34, NEQ,  133,   71,   78,  118, 1003,   62,  12,   0,   0,    ,   0,    , 275,   8,           ,  ,  0,    ,    0,    0,    0,    0, THERMO PARAMS, -3, 1697, 2645, N, 10, DT, -999, SHR82, -99, 
EP, 12, 2026082806, 03, HFSA, 120, 140N, 1482W, 104,  955, XX,  50, NEQ,   40,   34,   32,   45, 1003,   62,  12,   0,   0,    ,   0,    , 275,   8,           ,  ,  0,    ,    0,    0,    0,    0, THERMO PARAMS, -3, 1697, 2645, N, 10, DT, -999, SHR82, -99, 
EP, 12, 2026082806, 03, HFSA, 120, 140N, 1482W, 104,  955, XX,  64, NEQ,   28,   23,   24,   29, 1003,   62,  12,   0,   0,    ,   0,    , 275,   8,           ,  ,  0,    ,    0,    0,    0,    0, THERMO PARAMS, -3, 1697, 2645, N, 10, DT, -999, SHR82, -99, 
EP, 12, 2026082806, 03, HFSA, 126, 142N, 1491W, 111,  950, XX,  34, NEQ,  107,   84,   63,  110,  998,   47,  13,   0,   0,    ,   0,    , -99, -99,           ,  ,  0,    ,    0,    0,    0,    0, THERMO PARAMS, -22, 1791, 2891, N, 10, DT, -999, SHR82, -99, 
EP, 12, 2026082806, 03, HFSA, 126, 142N, 1491W, 111,  950, XX,  50, NEQ,   47,   39,   34,   47,  998,   47,  13,   0,   0,    ,   0,    , -99, -99,           ,  ,  0,    ,    0,    0,    0,    0, THERMO PARAMS, -22, 1791, 2891, N, 10, DT, -999, SHR82, -99, 
EP, 12, 2026082806, 03, HFSA, 126, 142N, 1491W, 111,  950, XX,  64, NEQ,   31,   24,   24,   31,  998,   47,  13,   0,   0,    ,   0,    , -99, -99,           ,  ,  0,    ,    0,    0,    0,    0, THERMO PARAMS, -22, 1791, 2891, N, 10, DT, -999, SHR82, -99, 
EP, 12, 2026082806, 03, TVCN,   0, 116N, 1330W,   0,    0,   ,   0,    ,    0,    0,    0,    0, 
EP, 12, 2026082806, 03, TVCN,  12, 120N, 1325W,   0,    0,   ,   0,    ,    0,    0,    0,    0, 
EP, 12, 2026082806, 03, TVCN,  24, 122N, 1328W,   0,    0,   ,   0,    ,    0,    0,    0,    0, 
EP, 12, 2026082806, 03, TVCN,  36, 124N, 1337W,   0,    0,   ,   0,    ,    0,    0,    0,    0, 
EP, 12, 2026082806, 03, TVCN,  48, 126N, 1351W,   0,    0,   ,   0,    ,    0,    0,    0,    0, 
EP, 12, 2026082806, 03, TVCN,  60, 128N, 1367W,   0,    0,   ,   0,    ,    0,    0,    0,    0, 
EP, 12, 2026082806, 03, TVCN,  72, 130N, 1382W,   0,    0,   ,   0,    ,    0,    0,    0,    0, 
EP, 12, 2026082806, 03, TVCN,  84, 131N, 1395W,   0,    0,   ,   0,    ,    0,    0,    0,    0, 
EP, 12, 2026082806, 03, TVCN,  96, 132N, 1407W,   0,    0,   ,   0,    ,    0,    0,    0,    0, 
EP, 12, 2026082806, 03, TVCN, 108, 135N, 1418W,   0,    0,   ,   0,    ,    0,    0,    0,    0, 
EP, 12, 2026082806, 03, TVCN, 120, 137N, 1427W,   0,    0,   ,   0,    ,    0,    0,    0,    0, 
EP, 12, 2026082806, 03, TVCN, 132, 141N, 1434W,   0,    0,   ,   0,    ,    0,    0,    0,    0, 
EP, 12, 2026082806, 03, TVCN, 144, 142N, 1452W,   0,    0,   ,   0,    ,    0,    0,    0,    0, 
EP, 12, 2026082806, 03, TVCN, 156, 146N, 1461W,   0,    0,   ,   0,    ,    0,    0,    0,    0, 
EP, 12, 2026082806, 03, TVCN, 168, 150N, 1464W,   0,    0,   ,   0,    ,    0,    0,    0,    0, 
EP, 12, 2026082812, 03, HCCA,   0, 123N, 1327W,  40,    0,   ,   0,    ,    0,    0,    0,    0, 
EP, 12, 2026082812, 03, HCCA,  12, 126N, 1332W,  39,    0,   ,   0,    ,    0,    0,    0,    0, 
EP, 12, 2026082812, 03, HCCA,  24, 127N, 1345W,  50,    0,   ,   0,    ,    0,    0,    0,    0, 
EP, 12, 2026082812, 03, HCCA,  36, 128N, 1362W,  62,    0,   ,   0,    ,    0,    0,    0,    0, 
EP, 12, 2026082812, 03, HCCA,  48, 130N, 1382W,  68,    0,   ,   0,    ,    0,    0,    0,    0, 
EP, 12, 2026082812, 03, HCCA,  60, 132N, 1402W,  73,    0,   ,   0,    ,    0,    0,    0,    0, 
EP, 12, 2026082812, 03, HCCA,  72, 137N, 1419W,  83,    0,   ,   0,    ,    0,    0,    0,    0, 
EP, 12, 2026082812, 03, HCCA,  84, 140N, 1439W,  90,    0,   ,   0,    ,    0,    0,    0,    0, 
EP, 12, 2026082812, 03, HCCA,  96, 141N, 1456W, 104,    0,   ,   0,    ,    0,    0,    0,    0, 
EP, 12, 2026082812, 03, HCCA, 108, 142N, 1475W, 123,    0,   ,   0,    ,    0,    0,    0,    0, 
EP, 12, 2026082812, 03, HCCA, 120, 141N, 1492W, 126,    0,   ,   0,    ,    0,    0,    0,    0, 
EP, 12, 2026082812, 03, HCCA, 132, 144N, 1507W, 132,    0,   ,   0,    ,    0,    0,    0,    0, 
EP, 12, 2026082812, 03, HCCA, 144, 149N, 1509W, 140,    0,   ,   0,    ,    0,    0,    0,    0, 
EP, 12, 2026082812, 03, HCCA, 156, 155N, 1522W, 151,    0,   ,   0,    ,    0,    0,    0,    0, 
EP, 12, 2026082812, 03, HCCA, 168, 160N, 1534W, 162,    0,   ,   0,    ,    0,    0,    0,    0, 
EP, 12, 2026082812, 03, TVCN,   0, 123N, 1327W,   0,    0,   ,   0,    ,    0,    0,    0,    0, 
EP, 12, 2026082812, 03, TVCN,  12, 126N, 1329W,   0,    0,   ,   0,    ,    0,    0,    0,    0, 
EP, 12, 2026082812, 03, TVCN,  24, 127N, 1338W,   0,    0,   ,   0,    ,    0,    0,    0,    0, 
EP, 12, 2026082812, 03, TVCN,  36, 129N, 1351W,   0,    0,   ,   0,    ,    0,    0,    0,    0, 
EP, 12, 2026082812, 03, TVCN,  48, 131N, 1367W,   0,    0,   ,   0,    ,    0,    0,    0,    0, 
EP, 12, 2026082812, 03, TVCN,  60, 134N, 1384W,   0,    0,   ,   0,    ,    0,    0,    0,    0, 
EP, 12, 2026082812, 03, TVCN,  72, 136N, 1401W,   0,    0,   ,   0,    ,    0,    0,    0,    0, 
EP, 12, 2026082812, 03, TVCN,  84, 138N, 1417W,   0,    0,   ,   0,    ,    0,    0,    0,    0, 
EP, 12, 2026082812, 03, TVCN,  96, 139N, 1431W,   0,    0,   ,   0,    ,    0,    0,    0,    0, 
EP, 12, 2026082812, 03, TVCN, 108, 141N, 1445W,   0,    0,   ,   0,    ,    0,    0,    0,    0, 
EP, 12, 2026082812, 03, TVCN, 120, 143N, 1458W,   0,    0,   ,   0,    ,    0,    0,    0,    0, 
EP, 12, 2026082812, 03, TVCN, 132, 146N, 1470W,   0,    0,   ,   0,    ,    0,    0,    0,    0, 
EP, 12, 2026082812, 03, TVCN, 144, 147N, 1470W,   0,    0,   ,   0,    ,    0,    0,    0,    0, 
EP, 12, 2026082812, 03, TVCN, 156, 153N, 1473W,   0,    0,   ,   0,    ,    0,    0,    0,    0, 
EP, 12, 2026082812, 03, TVCN, 168, 157N, 1473W,   0,    0,   ,   0,    ,    0,    0,    0,    0, 