EP, 13, 2026083018, 03, AVNO,   0, 122N, 1067W,  24, 1011, XX,  34, NEQ,    0,    0,    0,    0,  -99,  -99,  98,   0,   0, 
EP, 13, 2026083018, 03, AVNO,   6, 124N, 1079W,  24, 1007, XX,  34, NEQ,    0,    0,    0,    0,  -99,  -99,  86,   0,   0, 
EP, 13, 2026083018, 03, AVNO,  12, 120N, 1087W,  25, 1009, XX,  34, NEQ,    0,    0,    0,    0,  -99,  -99, 124,   0,   0, 
EP, 13, 2026083018, 03, AVNO,  18, 119N, 1078W,  30, 1004, XX,  34, NEQ,    0,    0,    0,    0,  -99,  -99,  32,   0,   0, 
EP, 13, 2026083018, 03, AVNO,  24, 129N, 1077W,  39, 1007, XX,  34, NEQ,   96,   54,   84,    0,  -99,  -99,  72,   0,   0, 
EP, 13, 2026083018, 03, AVNO,  30, 140N, 1079W,  41, 1001, XX,  34, NEQ,  104,   96,  107,   88, 1005,   56,  51,   0,   0, 
EP, 13, 2026083018, 03, AVNO,  36, 148N, 1090W,  41, 1003, XX,  34, NEQ,  118,  117,  190,    0, 1007,   53,  88,   0,   0, 
EP, 13, 2026083018, 03, AVNO,  42, 154N, 1099W,  39, 1000, XX,  34, NEQ,  131,  174,    0,    0, 1008,  181,  86,   0,   0, 
EP, 13, 2026083018, 03, AVNO,  48, 157N, 1103W,  43, 1000, XX,  34, NEQ,  143,  140,  212,   94, 1008,  130,  48,   0,   0, 
EP, 13, 2026083018, 03, AVNO,  54, 160N, 1109W,  42,  998, XX,  34, NEQ,  121,  174,    0,    0, 1006,  151,  84,   0,   0, 
EP, 13, 2026083018, 03, AVNO,  60, 165N, 1110W,  54,  991, XX,  34, NEQ,  102,  126,    0,   63, 1011,  232,  23,   0,   0, 
EP, 13, 2026083018, 03, AVNO,  60, 165N, 1110W,  54,  991, XX,  50, NEQ,   24,    0,    0,    0, 1011,  232,  23,   0,   0, 
EP, 13, 2026083018, 03, AVNO,  66, 171N, 1117W,  49,  989, XX,  34, NEQ,  154,  168,   60,   84, 1001,   56,  66,   0,   0, 
EP, 13, 2026083018, 03, AVNO,  72, 175N, 1123W,  47,  989, XX,  34, NEQ,  163,  167,   69,  105, 1009,  144,  39,   0,   0, 
EP, 13, 2026083018, 03, AVNO,  78, 179N, 1127W,  56,  985, XX,  34, NEQ,  141,  142,   89,  121, 1009,  253,  41,   0,   0, 
EP, 13, 2026083018, 03, AVNO,  78, 179N, 1127W,  56,  985, XX,  50, NEQ,   55,   43,    0,    0, 1009,  253,  41,   0,   0, 
EP, 13, 2026083018, 03, AVNO,  84, 184N, 1134W,  57,  983, XX,  34, NEQ,  115,  100,  105,  101, 1011,  231,  39,   0,   0, 
EP, 13, 2026083018, 03, AVNO,  84, 184N, 1134W,  57,  983, XX,  50, NEQ,   64,   55,    0,   42, 1011,  231,  39,   0,   0, 
EP, 13, 2026083018, 03, AVNO,  90, 188N, 1142W,  61,  977, XX,  34, NEQ,  118,  112,  102,  119, 1009,  292,  35,   0,   0, 
EP, 13, 2026083018, 03, AVNO,  90, 188N, 1142W,  61,  977, XX,  50, NEQ,   67,   67,   34,   61, 1009,  292,  35,   0,   0, 
EP, 13, 2026083018, 03, AVNO,  96, 189N, 1148W,  60,  976, XX,  34, NEQ,  142,  134,  114,  120, 1008,  177,  38,   0,   0, 
EP, 13, 2026083018, 03, AVNO,  96, 189N, 1148W,  60,  976, XX,  50, NEQ,   71,   74,   62,   43, 1008,  177,  38,   0,   0, 
EP, 13, 2026083018, 03, AVNO, 102, 194N, 1150W,  69,  971, XX,  34, NEQ,  145,  141,  119,  133, 1007,  272,  42,   0,   0, 
EP, 13, 2026083018, 03, AVNO, 102, 194N, 1150W,  69,  971, XX,  50, NEQ,   73,   74,   56,   61, 1007,  272,  42,   0,   0, 
EP, 13, 2026083018, 03, AVNO, 102, 194N, 1150W,  69,  971, XX,  64, NEQ,   43,   46,    0,    0, 1007,  272,  42,   0,   0, 
EP, 13, 2026083018, 03, AVNO, 108, 200N, 1154W,  74,  971, XX,  34, NEQ,  151,  166,  139,  131, 1007,  202,  39,   0,   0, 
EP, 13, 2026083018, 03, AVNO, 108, 200N, 1154W,  74,  971, XX,  50, NEQ,   83,   90,   55,   63, 1007,  202,  39,   0,   0, 
EP, 13, 2026083018, 03, AVNO, 108, 200N, 1154W,  74,  971, XX,  64, NEQ,   53,   52,    0,    0, 1007,  202,  39,   0,   0, 
EP, 13, 2026083018, 03, AVNO, 114, 206N, 1158W,  73,  967, XX,  34, NEQ,  164,  181,  127,  152, 1007,  315,  39,   0,   0, 
EP, 13, 2026083018, 03, AVNO, 114, 206N, 1158W,  73,  967, XX,  50, NEQ,   92,   92,   69,   66, 1007,  315,  39,   0,   0, 
EP, 13, 2026083018, 03, AVNO, 114, 206N, 1158W,  73,  967, XX,  64, NEQ,   49,   48,   37,    0, 1007,  315,  39,   0,   0, 
EP, 13, 2026083018, 03, AVNO, 120, 213N, 1162W,  71,  968, XX,  34, NEQ,  165,  167,  146,  154, 1008,  232,  42,   0,   0, 
EP, 13, 2026083018, 03, AVNO, 120, 213N, 1162W,  71,  968, XX,  50, NEQ,   94,   96,   72,   77, 1008,  232,  42,   0,   0, 
EP, 13, 2026083018, 03, AVNO, 120, 213N, 1162W,  71,  968, XX,  64, NEQ,   53,   55,    0,    0, 1008,  232,  42,   0,   0, 
EP, 13, 2026083018, 03, AVNO, 126, 221N, 1165W,  70,  964, XX,  34, NEQ,  169,  176,  138,  151, 1008,  424,  51,   0,   0, 
EP, 13, 2026083018, 03, AVNO, 126, 221N, 1165W,  70,  964, XX,  50, NEQ,   86,   86,   75,   69, 1008,  424,  51,   0,   0, 
EP, 13, 2026083018, 03, AVNO, 126, 221N, 1165W,  70,  964, XX,  64, NEQ,   54,   52,    0,    0, 1008,  424,  51,   0,   0, 
EP, 13, 2026083018, 03, AVNO, 132, 228N, 1166W,  76,  966, XX,  34, NEQ,  171,  184,  155,  147, 1010,  377,  48,   0,   0, 
EP, 13, 2026083018, 03, AVNO, 132, 228N, 1166W,  76,  966, XX,  50, NEQ,   81,   90,   74,   67, 1010,  377,  48,   0,   0, 
EP, 13, 2026083018, 03, AVNO, 132, 228N, 1166W,  76,  966, XX,  64, NEQ,   61,   62,   50,    0, 1010,  377,  48,   0,   0, 
EP, 13, 2026083018, 03, AVNO, 138, 237N, 1167W,  73,  966, XX,  34, NEQ,  162,  172,  154,  136, 1006,  222,  43,   0,   0, 
EP, 13, 2026083018, 03, AVNO, 138, 237N, 1167W,  73,  966, XX,  50, NEQ,   82,   92,   66,   75, 1006,  222,  43,   0,   0, 
EP, 13, 2026083018, 03, AVNO, 138, 237N, 1167W,  73,  966, XX,  64, NEQ,   56,   61,    0,    0, 1006,  222,  43,   0,   0, 
EP, 13, 2026083018, 03, AVNO, 144, 248N, 1168W,  74,  970, XX,  34, NEQ,  191,  163,  145,  138, 1006,  176,  49,   0,   0, 
EP, 13, 2026083018, 03, AVNO, 144, 248N, 1168W,  74,  970, XX,  50, NEQ,   83,   86,   71,   74, 1006,  176,  49,   0,   0, 
EP, 13, 2026083018, 03, AVNO, 144, 248N, 1168W,  74,  970, XX,  64, NEQ,   59,   60,    0,    0, 1006,  176,  49,   0,   0, 
EP, 13, 2026083018, 03, AVNO, 150, 261N, 1170W,  65,  970, XX,  34, NEQ,  168,  160,  125,  136, 1002,  156,  53,   0,   0, 
EP, 13, 2026083018, 03, AVNO, 150, 261N, 1170W,  65,  970, XX,  50, NEQ,   87,   83,   70,   72, 1002,  156,  53,   0,   0, 
EP, 13, 2026083018, 03, AVNO, 150, 261N, 1170W,  65,  970, XX,  64, NEQ,   53,    0,    0,    0, 1002,  156,  53,   0,   0, 
EP, 13, 2026083018, 03, AVNO, 156, 275N, 1171W,  62,  976, XX,  34, NEQ,  140,  137,  106,  116, 1008,  263,  37,   0,   0, 
EP, 13, 2026083018, 03, AVNO, 156, 275N, 1171W,  62,  976, XX,  50, NEQ,   80,   75,   62,   74, 1008,  263,  37,   0,   0, 
EP, 13, 2026083018, 03, AVNO, 162, 291N, 1173W,  60,  979, XX,  34, NEQ,  125,  135,  101,  112, 1007,  242,  40,   0,   0, 
EP, 13, 2026083018, 03, AVNO, 162, 291N, 1173W,  60,  979, XX,  50, NEQ,   79,   69,   50,    0, 1007,  242,  40,   0,   0, 
EP, 13, 2026083018, 03, AVNO, 168, 308N, 1175W,  57,  985, XX,  34, NEQ,  155,  104,   81,   96, 1005,  152,  40,   0,   0, 
EP, 13, 2026083018, 03, AVNO, 168, 308N, 1175W,  57,  985, XX,  50, NEQ,   68,   69,    0,    0, 1005,  152,  40,   0,   0, 
EP, 13, 2026083018, 03, AVNO, 174, 330N, 1176W,  42,  992, XX,  34, NEQ,  140,   98,    0,    0, 1004,  323,  49,   0,   0, 
EP, 13, 2026083018, 03, AVNO, 180, 357N, 1171W,  33, 1004, XX,  34, NEQ,    0,    0,    0,    0,  -99,  -99,  91,   0,   0, 
EP, 13, 2026083018, 03, AVNO, 186, 389N, 1177W,  28, 1004, XX,  34, NEQ,    0,    0,    0,    0,  -99,  -99,  67,   0,   0, 
EP, 13, 2026083018, 03, AVNO, 192, 423N, 1178W,  24, 1007, XX,  34, NEQ,    0,    0,    0,    0,  -99,  -99,  57,   0,   0, 
EP, 13, 2026083018, 03, AVNO, 198, 443N, 1177W,  23, 1012, XX,  34, NEQ,    0,    0,    0,    0,  -99,  -99,  89,   0,   0, 
EP, 13, 2026083018, 03, AVNO, 204, 466N, 1176W,  13, 1014, XX,  34, NEQ,    0,    0,    0,    0,  -99,  -99, 115,   0,   0, 
EP, 13, 2026083018, 03, HCCA,   0, 121N, 1062W,  30,    0,   ,   0,    ,    0,    0,    0,    0, 
EP, 13, 2026083018, 03, HFSA,   0, 120N, 1061W,  30, 1010, XX,  34, NEQ,    0,    0,    0,    0,  -99,  -99, 113,   0,   0,    ,   0,    , 309,   6,           ,  ,  0,    ,    0,    0,    0,    0, THERMO PARAMS, -2, 160, -133, N, 10, DT, -999, SHR82, -99, 
EP, 13, 2026083018, 03, HFSA,   6, 123N, 1086W,  35, 1000, XX,  34, NEQ,    0,    0,    0,    0, 1004,    6, 128,   0,   0,    ,   0,    , 273,  13,           ,  ,  0,    ,    0,    0,    0,    0, THERMO PARAMS, -9999, -9999, -9999, N, 10, DT, -999, SHR82, -99, 
EP, 13, 2026083018, 03, HFSA,  12, 122N, 1090W,  31, 1008, XX,  34, NEQ,    0,    0,    0,    0,  -99,  -99, 160,   0,   0,    ,   0,    , 269,   5,           ,  ,  0,    ,    0,    0,    0,    0, THERMO PARAMS, -9999, -9999, -9999, N, 10, DT, -999, SHR82, -99, 
EP, 13, 2026083018, 03, HFSA,  18, 123N, 1096W,  41, 1006, XX,  34, NEQ,    0,   42,    0,    0,  -99,  -99,  40,   0,   0,    ,   0,    , 303,   5,           ,  ,  0,    ,    0,    0,    0,    0, THERMO PARAMS, -9999, -9999, -9999, N, 10, DT, -999, SHR82, -99, 
EP, 13, 2026083018, 03, HFSA,  24, 132N, 1094W,  43, 1004, XX,  34, NEQ,  196,   34,   34,    0,  -99,  -99,  52,   0,   0,    ,   0,    , 349,   8,           ,  ,  0,    ,    0,    0,    0,    0, THERMO PARAMS, -17, 302, 192, N, 10, DT, -999, SHR82, -99, 
EP, 13, 2026083018, 03, HFSA,  30, 144N, 1091W,  42, 1001, XX,  34, NEQ,  152,   74,  126,    0, 1005,   54,  91,   0,   0,    ,   0,    , 340,   8,           ,  ,  0,    ,    0,    0,    0,    0, THERMO PARAMS, -52, 215, 206, N, 10, DT, -999, SHR82, -99, 
EP, 13, 2026083018, 03, HFSA,  36, 152N, 1100W,  47, 1003, XX,  34, NEQ,   87,  136,    0,   66,  -99,  -99,  89,   0,   0,    ,   0,    , 301,   9,           ,  ,  0,    ,    0,    0,    0,    0, THERMO PARAMS, 39, 67, 414, N, 10, DT, -999, SHR82, -99, 
EP, 13, 2026083018, 03, HFSA,  42, 154N, 1109W,  58,  993, XX,  34, NEQ,  170,   60,  168,    0,  997,    4,  12,   0,   0,    ,   0,    , 301,   8,           ,  ,  0,    ,    0,    0,    0,    0, THERMO PARAMS, 56, 804, 451, N, 10, DT, -999, SHR82, -99, 
EP, 13, 2026083018, 03, HFSA,  42, 154N, 1109W,  58,  993, XX,  50, NEQ,   19,    0,    0,    0,  997,    4,  12,   0,   0,    ,   0,    , 301,   8,           ,  ,  0,    ,    0,    0,    0,    0, THERMO PARAMS, 56, 804, 451, N, 10, DT, -999, SHR82, -99, 
EP, 13, 2026083018, 03, HFSA,  48, 158N, 1116W,  55,  998, XX,  34, NEQ,  142,  102,  102,    0, 1002,   23,  75,   0,   0,    ,   0,    , 325,   8,           ,  ,  0,    ,    0,    0,    0,    0, THERMO PARAMS, 19, 575, 336, N, 10, DT, -999, SHR82, -99, 
EP, 13, 2026083018, 03, HFSA,  48, 158N, 1116W,  55,  998, XX,  50, NEQ,    0,    0,   70,    0, 1002,   23,  75,   0,   0,    ,   0,    , 325,   8,           ,  ,  0,    ,    0,    0,    0,    0, THERMO PARAMS, 19, 575, 336, N, 10, DT, -999, SHR82, -99, 
EP, 13, 2026083018, 03, HFSA,  54, 162N, 1118W,  55,  992, XX,  34, NEQ,   78,   92,  104,   50,  996,    9,  40,   0,   0,    ,   0,    , 353,   8,           ,  ,  0,    ,    0,    0,    0,    0, THERMO PARAMS, -38, 875, 566, N, 10, DT, -999, SHR82, -99, 
EP, 13, 2026083018, 03, HFSA,  54, 162N, 1118W,  55,  992, XX,  50, NEQ,    0,   44,    0,    0,  996,    9,  40,   0,   0,    ,   0,    , 353,   8,           ,  ,  0,    ,    0,    0,    0,    0, THERMO PARAMS, -38, 875, 566, N, 10, DT, -999, SHR82, -99, 
EP, 13, 2026083018, 03, HFSA,  60, 169N, 1121W,  50,  995, XX,  34, NEQ,  110,  110,  126,    0,  999,   13,  25,   0,   0,    ,   0,    , 359,   8,           ,  ,  0,    ,    0,    0,    0,    0, THERMO PARAMS, 3, 1032, 370, N, 10, DT, -999, SHR82, -99, 
EP, 13, 2026083018, 03, HFSA,  66, 177N, 1124W,  53,  991, XX,  34, NEQ,  107,  121,  120,   28,  999,   30,  25,   0,   0,    ,   0,    , 347,   9,           ,  ,  0,    ,    0,    0,    0,    0, THERMO PARAMS, 34, 1010, 797, N, 10, DT, -999, SHR82, -99, 
EP, 13, 2026083018, 03, HFSA,  66, 177N, 1124W,  53,  991, XX,  50, NEQ,   28,    0,    0,    0,  999,   30,  25,   0,   0,    ,   0,    , 347,   9,           ,  ,  0,    ,    0,    0,    0,    0, THERMO PARAMS, 34, 1010, 797, N, 10, DT, -999, SHR82, -99, 
EP, 13, 2026083018, 03, HFSA,  72, 186N, 1127W,  52,  993, XX,  34, NEQ,  144,  139,  105,   60,  997,   21,  41,   0,   0,    ,   0,    , 349,  10,           ,  ,  0,    ,    0,    0,    0,    0, THERMO PARAMS, 17, 974, 831, N, 10, DT, -999, SHR82, -99, 
EP, 13, 2026083018, 03, HFSA,  72, 186N, 1127W,  52,  993, XX,  50, NEQ,    0,   40,    0,    0,  997,   21,  41,   0,   0,    ,   0,    , 349,  10,           ,  ,  0,    ,    0,    0,    0,    0, THERMO PARAMS, 17, 974, 831, N, 10, DT, -999, SHR82, -99, 
EP, 13, 2026083018, 03, HFSA,  78, 198N, 1133W,  59,  989, XX,  34, NEQ,  120,  110,   79,   68,  993,   20,  30,   0,   0,    ,   0,    , 340,  11,           ,  ,  0,    ,    0,    0,    0,    0, THERMO PARAMS, 82, 632, 973, N, 10, DT, -999, SHR82, -99, 
EP, 13, 2026083018, 03, HFSA,  78, 198N, 1133W,  59,  989, XX,  50, NEQ,   34,   49,    0,    0,  993,   20,  30,   0,   0,    ,   0,    , 340,  11,           ,  ,  0,    ,    0,    0,    0,    0, THERMO PARAMS, 82, 632, 973, N, 10, DT, -999, SHR82, -99, 
EP, 13, 2026083018, 03, HFSA,  84, 206N, 1142W,  50,  987, XX,  34, NEQ,   99,  113,  110,   79,  991,   14,  23,   0,   0,    ,   0,    , 314,   9,           ,  ,  0,    ,    0,    0,    0,    0, THERMO PARAMS, 112, 261, 1217, N, 10, DT, -999, SHR82, -99, 
EP, 13, 2026083018, 03, HFSA,  90, 210N, 1150W,  58,  984, XX,  34, NEQ,  117,  102,  113,  107,  996,   44,  30,   0,   0,    ,   0,    , 308,   7,           ,  ,  0,    ,    0,    0,    0,    0, THERMO PARAMS, 72, 988, 1384, N, 10, DT, -999, SHR82, -99, 
EP, 13, 2026083018, 03, HFSA,  90, 210N, 1150W,  58,  984, XX,  50, NEQ,   26,   45,    0,    0,  996,   44,  30,   0,   0,    ,   0,    , 308,   7,           ,  ,  0,    ,    0,    0,    0,    0, THERMO PARAMS, 72, 988, 1384, N, 10, DT, -999, SHR82, -99, 
EP, 13, 2026083018, 03, HFSA,  96, 212N, 1158W,  56,  982, XX,  34, NEQ,  118,  112,  104,  105,  998,   51,  19,   0,   0,    ,   0,    , 291,   6,           ,  ,  0,    ,    0,    0,    0,    0, THERMO PARAMS, 60, 764, 1579, N, 10, DT, -999, SHR82, -99, 
EP, 13, 2026083018, 03, HFSA,  96, 212N, 1158W,  56,  982, XX,  50, NEQ,   21,   50,    0,    0,  998,   51,  19,   0,   0,    ,   0,    , 291,   6,           ,  ,  0,    ,    0,    0,    0,    0, THERMO PARAMS, 60, 764, 1579, N, 10, DT, -999, SHR82, -99, 
EP, 13, 2026083018, 03, HFSA, 102, 216N, 1165W,  70,  972, XX,  34, NEQ,  104,  105,   99,  102,  992,   39,  17,   0,   0,    ,   0,    , 296,   6,           ,  ,  0,    ,    0,    0,    0,    0, THERMO PARAMS, 26, 1153, 1683, N, 10, DT, -999, SHR82, -99, 
EP, 13, 2026083018, 03, HFSA, 102, 216N, 1165W,  70,  972, XX,  50, NEQ,   44,   19,   23,   44,  992,   39,  17,   0,   0,    ,   0,    , 296,   6,           ,  ,  0,    ,    0,    0,    0,    0, THERMO PARAMS, 26, 1153, 1683, N, 10, DT, -999, SHR82, -99, 
EP, 13, 2026083018, 03, HFSA, 102, 216N, 1165W,  70,  972, XX,  64, NEQ,    0,    0,    0,   18,  992,   39,  17,   0,   0,    ,   0,    , 296,   6,           ,  ,  0,    ,    0,    0,    0,    0, THERMO PARAMS, 26, 1153, 1683, N, 10, DT, -999, SHR82, -99, 
EP, 13, 2026083018, 03, HFSA, 108, 217N, 1170W,  63,  971, XX,  34, NEQ,   97,  100,   96,  104,  991,   35,  17,   0,   0,    ,   0,    , 299,   4,           ,  ,  0,    ,    0,    0,    0,    0, THERMO PARAMS, 7, 989, 2000, N, 10, DT, -999, SHR82, -99, 
EP, 13, 2026083018, 03, HFSA, 108, 217N, 1170W,  63,  971, XX,  50, NEQ,   31,   29,   26,   32,  991,   35,  17,   0,   0,    ,   0,    , 299,   4,           ,  ,  0,    ,    0,    0,    0,    0, THERMO PARAMS, 7, 989, 2000, N, 10, DT, -999, SHR82, -99, 
EP, 13, 2026083018, 03, HFSA, 114, 221N, 1174W,  68,  969, XX,  34, NEQ,  100,   97,   97,  113,  993,   48,  22,   0,   0,    ,   0,    , 325,   5,           ,  ,  0,    ,    0,    0,    0,    0, THERMO PARAMS, 1, 1082, 2090, N, 10, DT, -999, SHR82, -99, 
EP, 13, 2026083018, 03, HFSA, 114, 221N, 1174W,  68,  969, XX,  50, NEQ,   40,   40,   42,   44,  993,   48,  22,   0,   0,    ,   0,    , 325,   5,           ,  ,  0,    ,    0,    0,    0,    0, THERMO PARAMS, 1, 1082, 2090, N, 10, DT, -999, SHR82, -99, 
EP, 13, 2026083018, 03, HFSA, 114, 221N, 1174W,  68,  969, XX,  64, NEQ,   24,    0,    0,   29,  993,   48,  22,   0,   0,    ,   0,    , 325,   5,           ,  ,  0,    ,    0,    0,    0,    0, THERMO PARAMS, 1, 1082, 2090, N, 10, DT, -999, SHR82, -99, 
EP, 13, 2026083018, 03, HFSA, 120, 225N, 1177W,  73,  970, XX,  34, NEQ,  115,  110,  102,  105,  998,   61,  22,   0,   0,    ,   0,    , 342,   6,           ,  ,  0,    ,    0,    0,    0,    0, THERMO PARAMS, 19, 1129, 2237, N, 10, DT, -999, SHR82, -99, 
EP, 13, 2026083018, 03, HFSA, 120, 225N, 1177W,  73,  970, XX,  50, NEQ,   50,   50,   39,   45,  998,   61,  22,   0,   0,    ,   0,    , 342,   6,           ,  ,  0,    ,    0,    0,    0,    0, THERMO PARAMS, 19, 1129, 2237, N, 10, DT, -999, SHR82, -99, 
EP, 13, 2026083018, 03, HFSA, 120, 225N, 1177W,  73,  970, XX,  64, NEQ,   26,   19,   26,   18,  998,   61,  22,   0,   0,    ,   0,    , 342,   6,           ,  ,  0,    ,    0,    0,    0,    0, THERMO PARAMS, 19, 1129, 2237, N, 10, DT, -999, SHR82, -99, 
EP, 13, 2026083018, 03, HFSA, 126, 232N, 1178W,  71,  967, XX,  34, NEQ,   99,  105,   96,  107,  995,   55,  21,   0,   0,    ,   0,    , -99, -99,           ,  ,  0,    ,    0,    0,    0,    0, THERMO PARAMS, 48, 910, 2356, N, 10, DT, -999, SHR82, -99, 
EP, 13, 2026083018, 03, HFSA, 126, 232N, 1178W,  71,  967, XX,  50, NEQ,   49,   49,   44,   47,  995,   55,  21,   0,   0,    ,   0,    , -99, -99,           ,  ,  0,    ,    0,    0,    0,    0, THERMO PARAMS, 48, 910, 2356, N, 10, DT, -999, SHR82, -99, 
EP, 13, 2026083018, 03, HFSA, 126, 232N, 1178W,  71,  967, XX,  64, NEQ,   29,   34,   26,   28,  995,   55,  21,   0,   0,    ,   0,    , -99, -99,           ,  ,  0,    ,    0,    0,    0,    0, THERMO PARAMS, 48, 910, 2356, N, 10, DT, -999, SHR82, -99, 
EP, 13, 2026083100, 03,  UKX,   0, 122N, 1079W,  29, 1008, XX,  34, NEQ,    0,    0,    0,    0, 
EP, 13, 2026083100, 03,  UKX,   6, 121N, 1090W,  24, 1008, XX,  34, NEQ,    0,    0,    0,    0, 
EP, 13, 2026083100, 03,  UKX,  12, 119N, 1095W,  24, 1007, XX,  34, NEQ,    0,    0,    0,    0, 
EP, 13, 2026083100, 03,  UKX,  18, 121N, 1097W,  31, 1007, XX,  34, NEQ,    0,    0,    0,    0, 
EP, 13, 2026083100, 03,  UKX,  24, 129N, 1102W,  35, 1006, XX,  34, NEQ,   78,   54,    0,    0, 
EP, 13, 2026083100, 03,  UKX,  30, 140N, 1111W,  34, 1006, XX,  34, NEQ,   93,    0,    0,    0, 
EP, 13, 2026083100, 03,  UKX,  36, 144N, 1122W,  33, 1005, XX,  34, NEQ,    0,    0,    0,    0, 
EP, 13, 2026083100, 03,  UKX,  42, 146N, 1132W,  35, 1005, XX,  34, NEQ,  127,    0,    0,    0, 
EP, 13, 2026083100, 03,  UKX,  48, 150N, 1141W,  34, 1003, XX,  34, NEQ,    0,    0,    0,    0, 
EP, 13, 2026083100, 03,  UKX,  54, 154N, 1150W,  35, 1005, XX,  34, NEQ,   99,  105,    0,    0, 
EP, 13, 2026083100, 03,  UKX,  60, 158N, 1155W,  40, 1002, XX,  34, NEQ,  114,  104,    0,   75, 
EP, 13, 2026083100, 03,  UKX,  66, 163N, 1165W,  42, 1003, XX,  34, NEQ,  134,  142,    0,   90, 
EP, 13, 2026083100, 03,  UKX,  72, 168N, 1172W,  40, 1000, XX,  34, NEQ,  147,  144,    0,   92, 
EP, 13, 2026083100, 03,  UKX,  78, 171N, 1181W,  39, 1001, XX,  34, NEQ,  121,  110,    0,  112, 
EP, 13, 2026083100, 03,  UKX,  84, 174N, 1190W,  40,  997, XX,  34, NEQ,  115,  100,   60,  123, 
EP, 13, 2026083100, 03,  UKX,  90, 175N, 1198W,  42,  997, XX,  34, NEQ,  122,  116,   72,  120, 
EP, 13, 2026083100, 03,  UKX,  96, 178N, 1205W,  46,  994, XX,  34, NEQ,  114,  102,   72,  112, 
EP, 13, 2026083100, 03,  UKX, 102, 181N, 1211W,  46,  995, XX,  34, NEQ,  107,  100,   67,  106, 
EP, 13, 2026083100, 03,  UKX, 108, 185N, 1217W,  46,  993, XX,  34, NEQ,  106,  103,   73,  115, 
EP, 13, 2026083100, 03,  UKX, 114, 190N, 1224W,  46,  994, XX,  34, NEQ,  111,  108,   77,  115, 
EP, 13, 2026083100, 03,  UKX, 120, 197N, 1229W,  49,  992, XX,  34, NEQ,  108,  109,   91,  112, 
EP, 13, 2026083100, 03,  UKX, 126, 203N, 1232W,  49,  993, XX,  34, NEQ,  113,  103,   84,  105, 
EP, 13, 2026083100, 03,  UKX, 132, 210N, 1233W,  50,  991, XX,  34, NEQ,  108,  111,   84,  108, 
EP, 13, 2026083100, 03,  UKX, 132, 210N, 1233W,  50,  991, XX,  50, NEQ,   49,    0,    0,    0, 
EP, 13, 2026083100, 03,  UKX, 138, 217N, 1232W,  51,  991, XX,  34, NEQ,  111,  119,   86,  110, 
EP, 13, 2026083100, 03,  UKX, 138, 217N, 1232W,  51,  991, XX,  50, NEQ,   43,    0,    0,   48, 
EP, 13, 2026083100, 03,  UKX, 144, 226N, 1228W,  51,  990, XX,  34, NEQ,  121,  110,   86,  104, 
EP, 13, 2026083100, 03,  UKX, 144, 226N, 1228W,  51,  990, XX,  50, NEQ,    0,    0,    0,   39, 
EP, 13, 2026083100, 03, AVNO,   0, 122N, 1077W,  25, 1007, XX,  34, NEQ,    0,    0,    0,    0,  -99,  -99,  91,   0,   0, 
EP, 13, 2026083100, 03, AVNO,   6, 124N, 1087W,  25, 1009, XX,  34, NEQ,    0,    0,    0,    0,  -99,  -99, 140,   0,   0, 
EP, 13, 2026083100, 03, AVNO,  12, 118N, 1088W,  27, 1007, XX,  34, NEQ,    0,    0,    0,    0,  -99,  -99, 136,   0,   0, 
EP, 13, 2026083100, 03, AVNO,  18, 120N, 1084W,  36, 1004, XX,  34, NEQ,    0,   21,    0,    0, 1008,   13,  21,   0,   0, 
EP, 13, 2026083100, 03, AVNO,  24, 138N, 1079W,  40, 1002, XX,  34, NEQ,  112,   92,   97,    0, 1006,   74, 101,   0,   0, 
EP, 13, 2026083100, 03, AVNO,  30, 149N, 1091W,  40, 1004, XX,  34, NEQ,   83,  174,  176,   67, 1008,   80,  79,   0,   0, 
EP, 13, 2026083100, 03, AVNO,  36, 151N, 1100W,  38, 1001, XX,  34, NEQ,  121,  171,  214,   71,  -99,  -99, 100,   0,   0, 
EP, 13, 2026083100, 03, AVNO,  42, 152N, 1098W,  49,  998, XX,  34, NEQ,  120,  137,    0,   63, 1010,  187,  86,   0,   0, 
EP, 13, 2026083100, 03, AVNO,  48, 161N, 1107W,  51,  995, XX,  34, NEQ,  111,  146,    0,   61, 1007,  169,  58,   0,   0, 
EP, 13, 2026083100, 03, AVNO,  48, 161N, 1107W,  51,  995, XX,  50, NEQ,   58,    0,    0,    0, 1007,  169,  58,   0,   0, 
EP, 13, 2026083100, 03, AVNO,  54, 165N, 1110W,  54,  994, XX,  34, NEQ,  117,  162,    0,   76, 1010,  165,  33,   0,   0, 
EP, 13, 2026083100, 03, AVNO,  54, 165N, 1110W,  54,  994, XX,  50, NEQ,   42,    0,    0,    0, 1010,  165,  33,   0,   0, 
EP, 13, 2026083100, 03, AVNO,  60, 170N, 1115W,  50,  989, XX,  34, NEQ,  130,  139,   71,   83,  997,   37,  46,   0,   0, 
EP, 13, 2026083100, 03, AVNO,  60, 170N, 1115W,  50,  989, XX,  50, NEQ,   73,    0,    0,   46,  997,   37,  46,   0,   0, 
EP, 13, 2026083100, 03, AVNO,  66, 176N, 1122W,  51,  988, XX,  34, NEQ,  160,  156,   78,  107, 1008,  131,  37,   0,   0, 
EP, 13, 2026083100, 03, AVNO,  66, 176N, 1122W,  51,  988, XX,  50, NEQ,    0,    0,    0,   37, 1008,  131,  37,   0,   0, 
EP, 13, 2026083100, 03, AVNO,  72, 181N, 1129W,  57,  981, XX,  34, NEQ,  136,  110,   94,  113, 1005,  125,  22,   0,   0, 
EP, 13, 2026083100, 03, AVNO,  72, 181N, 1129W,  57,  981, XX,  50, NEQ,   70,   53,    0,   40, 1005,  125,  22,   0,   0, 
EP, 13, 2026083100, 03, AVNO,  78, 184N, 1138W,  63,  980, XX,  34, NEQ,  122,  101,   93,  102, 1008,  150,  27,   0,   0, 
EP, 13, 2026083100, 03, AVNO,  78, 184N, 1138W,  63,  980, XX,  50, NEQ,   58,   74,   29,   60, 1008,  150,  27,   0,   0, 
EP, 13, 2026083100, 03, AVNO,  84, 184N, 1144W,  68,  974, XX,  34, NEQ,  108,  111,  106,  102, 1006,  160,  37,   0,   0, 
EP, 13, 2026083100, 03, AVNO,  84, 184N, 1144W,  68,  974, XX,  50, NEQ,   64,   63,   55,   63, 1006,  160,  37,   0,   0, 
EP, 13, 2026083100, 03, AVNO,  84, 184N, 1144W,  68,  974, XX,  64, NEQ,   36,   45,    0,    0, 1006,  160,  37,   0,   0, 
EP, 13, 2026083100, 03, AVNO,  90, 187N, 1150W,  69,  975, XX,  34, NEQ,  118,  123,  116,  114, 1007,  147,  29,   0,   0, 
EP, 13, 2026083100, 03, AVNO,  90, 187N, 1150W,  69,  975, XX,  50, NEQ,   67,   69,   62,   67, 1007,  147,  29,   0,   0, 
EP, 13, 2026083100, 03, AVNO,  90, 187N, 1150W,  69,  975, XX,  64, NEQ,   36,   36,    0,    0, 1007,  147,  29,   0,   0, 
EP, 13, 2026083100, 03, AVNO,  96, 190N, 1153W,  64,  971, XX,  34, NEQ,  126,  122,  108,  114, 1007,  252,  38,   0,   0, 
EP, 13, 2026083100, 03, AVNO,  96, 190N, 1153W,  64,  971, XX,  50, NEQ,   69,   70,   58,   64, 1007,  252,  38,   0,   0, 
EP, 13, 2026083100, 03, AVNO, 102, 192N, 1156W,  65,  973, XX,  34, NEQ,  161,  162,  107,  128, 1009,  246,  33,   0,   0, 
EP, 13, 2026083100, 03, AVNO, 102, 192N, 1156W,  65,  973, XX,  50, NEQ,   73,   66,   59,   66, 1009,  246,  33,   0,   0, 
EP, 13, 2026083100, 03, AVNO, 102, 192N, 1156W,  65,  973, XX,  64, NEQ,   34,    0,    0,    0, 1009,  246,  33,   0,   0, 
EP, 13, 2026083100, 03, AVNO, 108, 198N, 1158W,  71,  970, XX,  34, NEQ,  155,  164,  113,  116, 1006,  253,  53,   0,   0, 
EP, 13, 2026083100, 03, AVNO, 108, 198N, 1158W,  71,  970, XX,  50, NEQ,   85,   77,   69,   57, 1006,  253,  53,   0,   0, 
EP, 13, 2026083100, 03, AVNO, 108, 198N, 1158W,  71,  970, XX,  64, NEQ,   54,   33,    0,    0, 1006,  253,  53,   0,   0, 
EP, 13, 2026083100, 03, AVNO, 114, 205N, 1161W,  78,  970, XX,  34, NEQ,  169,  164,  119,  124, 1006,  176,  48,   0,   0, 
EP, 13, 2026083100, 03, AVNO, 114, 205N, 1161W,  78,  970, XX,  50, NEQ,   75,   75,   69,   68, 1006,  176,  48,   0,   0, 
EP, 13, 2026083100, 03, AVNO, 114, 205N, 1161W,  78,  970, XX,  64, NEQ,   55,   47,    0,    0, 1006,  176,  48,   0,   0, 
EP, 13, 2026083100, 03, AVNO, 120, 212N, 1162W,  73,  968, XX,  34, NEQ,  169,  170,  117,  128, 1004,  180,  44,   0,   0, 
EP, 13, 2026083100, 03, AVNO, 120, 212N, 1162W,  73,  968, XX,  50, NEQ,   83,   84,   59,   60, 1004,  180,  44,   0,   0, 
EP, 13, 2026083100, 03, AVNO, 120, 212N, 1162W,  73,  968, XX,  64, NEQ,   57,   51,    0,    0, 1004,  180,  44,   0,   0, 
EP, 13, 2026083100, 03, AVNO, 126, 221N, 1164W,  70,  970, XX,  34, NEQ,  178,  188,  111,  113, 1006,  184,  49,   0,   0, 
EP, 13, 2026083100, 03, AVNO, 126, 221N, 1164W,  70,  970, XX,  50, NEQ,   80,   82,   64,   67, 1006,  184,  49,   0,   0, 
EP, 13, 2026083100, 03, AVNO, 126, 221N, 1164W,  70,  970, XX,  64, NEQ,   51,   53,    0,    0, 1006,  184,  49,   0,   0, 
EP, 13, 2026083100, 03, AVNO, 132, 230N, 1165W,  69,  969, XX,  34, NEQ,  163,  168,  122,  120, 1005,  217,  45,   0,   0, 
EP, 13, 2026083100, 03, AVNO, 132, 230N, 1165W,  69,  969, XX,  50, NEQ,   72,   78,   66,   68, 1005,  217,  45,   0,   0, 
EP, 13, 2026083100, 03, AVNO, 132, 230N, 1165W,  69,  969, XX,  64, NEQ,   46,   56,    0,    0, 1005,  217,  45,   0,   0, 
EP, 13, 2026083100, 03, AVNO, 138, 239N, 1166W,  72,  970, XX,  34, NEQ,  173,  170,  125,  134, 1006,  184,  59,   0,   0, 
EP, 13, 2026083100, 03, AVNO, 138, 239N, 1166W,  72,  970, XX,  50, NEQ,   82,   75,   70,   67, 1006,  184,  59,   0,   0, 
EP, 13, 2026083100, 03, AVNO, 138, 239N, 1166W,  72,  970, XX,  64, NEQ,   60,   55,   55,    0, 1006,  184,  59,   0,   0, 
EP, 13, 2026083100, 03, AVNO, 144, 250N, 1166W,  70,  970, XX,  34, NEQ,  162,  158,  134,  144, 1002,  146,  46,   0,   0, 
EP, 13, 2026083100, 03, AVNO, 144, 250N, 1166W,  70,  970, XX,  50, NEQ,   76,   75,   65,   82, 1002,  146,  46,   0,   0, 
EP, 13, 2026083100, 03, AVNO, 144, 250N, 1166W,  70,  970, XX,  64, NEQ,   50,   55,   51,    0, 1002,  146,  46,   0,   0, 
EP, 13, 2026083100, 03, AVNO, 150, 261N, 1168W,  63,  974, XX,  34, NEQ,  150,  142,  122,  121, 1006,  187,  43,   0,   0, 
EP, 13, 2026083100, 03, AVNO, 150, 261N, 1168W,  63,  974, XX,  50, NEQ,   74,   76,   60,   66, 1006,  187,  43,   0,   0, 
EP, 13, 2026083100, 03, AVNO, 156, 273N, 1171W,  59,  976, XX,  34, NEQ,  139,  131,  130,  130, 1004,  181,  51,   0,   0, 
EP, 13, 2026083100, 03, AVNO, 156, 273N, 1171W,  59,  976, XX,  50, NEQ,   76,   73,   65,   66, 1004,  181,  51,   0,   0, 
EP, 13, 2026083100, 03, AVNO, 162, 284N, 1175W,  56,  981, XX,  34, NEQ,  127,  109,  107,  111, 1005,  160,  40,   0,   0, 
EP, 13, 2026083100, 03, AVNO, 162, 284N, 1175W,  56,  981, XX,  50, NEQ,   63,   60,   55,   58, 1005,  160,  40,   0,   0, 
EP, 13, 2026083100, 03, AVNO, 168, 297N, 1177W,  51,  983, XX,  34, NEQ,  112,  109,   89,  110, 1003,  133,  41,   0,   0, 
EP, 13, 2026083100, 03, AVNO, 168, 297N, 1177W,  51,  983, XX,  50, NEQ,   50,   58,   43,   41, 1003,  133,  41,   0,   0, 
EP, 13, 2026083100, 03, AVNO, 174, 312N, 1181W,  51,  989, XX,  34, NEQ,   87,  101,   85,   58, 1009,  265,  50,   0,   0, 
EP, 13, 2026083100, 03, AVNO, 174, 312N, 1181W,  51,  989, XX,  50, NEQ,   59,    0,    0,    0, 1009,  265,  50,   0,   0, 
EP, 13, 2026083100, 03, AVNO, 180, 326N, 1189W,  47,  991, XX,  34, NEQ,   77,  105,   41,   44, 1007,  213,  45,   0,   0, 
EP, 13, 2026083100, 03, AVNO, 186, 336N, 1198W,  46,  997, XX,  34, NEQ,   48,   48,   22,    0, 1005,   42,  29,   0,   0, 
EP, 13, 2026083100, 03, AVNO, 192, 348N, 1207W,  25, 1006, XX,  34, NEQ,    0,    0,    0,    0,  -99,  -99,  32,   0,   0, 
EP, 13, 2026083100, 03, AVNO, 198, 356N, 1217W,  15, 1012, XX,  34, NEQ,    0,    0,    0,    0,  -99,  -99, 118,   0,   0, 
EP, 13, 2026083100, 03, AVNO, 204, 355N, 1228W,  16, 1014, XX,  34, NEQ,    0,    0,    0,    0,  -99,  -99, 158,   0,   0, 
EP, 13, 2026083100, 03, AVNO, 210, 352N, 1231W,  15, 1016, XX,  34, NEQ,    0,    0,    0,    0,  -99,  -99, 157,   0,   0, 
EP, 13, 2026083100, 03, AVNO, 216, 352N, 1232W,  20, 1009, XX,  34, NEQ,    0,    0,    0,    0,  -99,  -99, 158,   0,   0, 
EP, 13, 2026083100, 03, AVNO, 222, 348N, 1233W,  20, 1011, XX,  34, NEQ,    0,    0,    0,    0,  -99,  -99, 159,   0,   0, 
EP, 13, 2026083100, 03, AVNO, 228, 347N, 1236W,  18, 1012, XX,  34, NEQ,    0,    0,    0,    0,  -99,  -99, 160,   0,   0, 
EP, 13, 2026083100, 03, AVNO, 234, 348N, 1242W,  14, 1016, XX,  34, NEQ,    0,    0,    0,    0,  -99,  -99, 160,   0,   0, 
EP, 13, 2026083100, 03, AVNO, 240, 354N, 1247W,  15, 1015, XX,  34, NEQ,    0,    0,    0,    0,  -99,  -99, 162,   0,   0, 
EP, 13, 2026083100, 03, HCCA,   0, 124N, 1066W,  30,    0,   ,   0,    ,    0,    0,    0,    0, 
EP, 13, 2026083100, 03, HCCA,  12, 130N, 1077W,  39,    0,   ,   0,    ,    0,    0,    0,    0, 
EP, 13, 2026083100, 03, HCCA,  24, 142N, 1084W,  50,    0,   ,   0,    ,    0,    0,    0,    0, 
EP, 13, 2026083100, 03, HCCA,  36, 155N, 1094W,  58,    0,   ,   0,    ,    0,    0,    0,    0, 
EP, 13, 2026083100, 03, HCCA,  48, 165N, 1105W,  66,    0,   ,   0,    ,    0,    0,    0,    0, 
EP, 13, 2026083100, 03, HCCA,  60, 177N, 1114W,  69,    0,   ,   0,    ,    0,    0,    0,    0, 
EP, 13, 2026083100, 03, HCCA,  72, 189N, 1124W,  69,    0,   ,   0,    ,    0,    0,    0,    0, 
EP, 13, 2026083100, 03, HCCA,  84, 200N, 1135W,  74,    0,   ,   0,    ,    0,    0,    0,    0, 
EP, 13, 2026083100, 03, HCCA,  96, 208N, 1145W,  79,    0,   ,   0,    ,    0,    0,    0,    0, 
EP, 13, 2026083100, 03, HCCA, 108, 216N, 1153W,  85,    0,   ,   0,    ,    0,    0,    0,    0, 
EP, 13, 2026083100, 03, HCCA, 120, 226N, 1158W,  85,    0,   ,   0,    ,    0,    0,    0,    0, 
EP, 13, 2026083100, 03, HCCA, 132, 240N, 1164W,  81,    0,   ,   0,    ,    0,    0,    0,    0, 
EP, 13, 2026083100, 03, HCCA, 144, 258N, 1169W,  73,    0,   ,   0,    ,    0,    0,    0,    0, 
EP, 13, 2026083100, 03, HCCA, 156, 277N, 1173W,  63,    0,   ,   0,    ,    0,    0,    0,    0, 
EP, 13, 2026083100, 03, HCCA, 168, 299N, 1176W,  51,    0,   ,   0,    ,    0,    0,    0,    0, 
EP, 13, 2026083100, 03, HFSA,   0, 124N, 1063W,  29, 1005, XX,  34, NEQ,    0,    0,    0,    0,  -99,  -99,  65,   0,   0,    ,   0,    , 309,   5,           ,  ,  0,    ,    0,    0,    0,    0, THERMO PARAMS, -17, 226, -66, N, 10, DT, -999, SHR82, -99, 
EP, 13, 2026083100, 03, HFSA,   6, 125N, 1080W,  35, 1003, XX,  34, NEQ,    0,    0,    0,    0, 1007,    7,  66,   0,   0,    ,   0,    , 303,  15,           ,  ,  0,    ,    0,    0,    0,    0, THERMO PARAMS, -9999, -9999, -9999, N, 10, DT, -999, SHR82, -99, 
EP, 13, 2026083100, 03, HFSA,  12, 120N, 1086W,  38, 1000, XX,  34, NEQ,    0,    0,   58,    0, 1004,   11,  60,   0,   0,    ,   0,    , 261,   7,           ,  ,  0,    ,    0,    0,    0,    0, THERMO PARAMS, -9999, -9999, -9999, N, 10, DT, -999, SHR82, -99, 
EP, 13, 2026083100, 03, HFSA,  18, 127N, 1096W,  44, 1002, XX,  34, NEQ,  207,   60,   53,    0, 1006,   10,  43,   0,   0,    ,   0,    , 306,  15,           ,  ,  0,    ,    0,    0,    0,    0, THERMO PARAMS, -9999, -9999, -9999, N, 10, DT, -999, SHR82, -99, 
EP, 13, 2026083100, 03, HFSA,  24, 148N, 1088W,  44, 1001, XX,  34, NEQ,   91,   78,  172,   68,  -99,  -99,  54,   0,   0,    ,   0,    ,   9,  17,           ,  ,  0,    ,    0,    0,    0,    0, THERMO PARAMS, -9999, -9999, -9999, N, 10, DT, -999, SHR82, -99, 
EP, 13, 2026083100, 03, HFSA,  30, 155N, 1103W,  46, 1002, XX,  34, NEQ,  126,  186,  178,   70,  -99,  -99,  68,   0,   0,    ,   0,    , 293,  12,           ,  ,  0,    ,    0,    0,    0,    0, THERMO PARAMS, -9999, -9999, -9999, N, 10, DT, -999, SHR82, -99, 
EP, 13, 2026083100, 03, HFSA,  36, 156N, 1112W,  47,  993, XX,  34, NEQ,  197,  175,  170,    0,  997,    4, 104,   0,   0,    ,   0,    , 306,   7,           ,  ,  0,    ,    0,    0,    0,    0, THERMO PARAMS, 25, 378, 660, N, 10, DT, -999, SHR82, -99, 
EP, 13, 2026083100, 03, HFSA,  42, 157N, 1120W,  52,  999, XX,  34, NEQ,  128,  126,  125,    0,  -99,  -99,  50,   0,   0,    ,   0,    , 316,   8,           ,  ,  0,    ,    0,    0,    0,    0, THERMO PARAMS, 51, 838, 574, N, 10, DT, -999, SHR82, -99, 
EP, 13, 2026083100, 03, HFSA,  48, 159N, 1124W,  61,  992, XX,  34, NEQ,  113,  110,  118,    0, 1000,   48,  19,   0,   0,    ,   0,    , 346,   8,           ,  ,  0,    ,    0,    0,    0,    0, THERMO PARAMS, -25, 939, 602, N, 10, DT, -999, SHR82, -99, 
EP, 13, 2026083100, 03, HFSA,  48, 159N, 1124W,  61,  992, XX,  50, NEQ,   26,    0,    0,    0, 1000,   48,  19,   0,   0,    ,   0,    , 346,   8,           ,  ,  0,    ,    0,    0,    0,    0, THERMO PARAMS, -25, 939, 602, N, 10, DT, -999, SHR82, -99, 
EP, 13, 2026083100, 03, HFSA,  54, 166N, 1129W,  60,  996, XX,  34, NEQ,  115,  125,  141,   73, 1000,   28,  49,   0,   0,    ,   0,    , 333,   8,           ,  ,  0,    ,    0,    0,    0,    0, THERMO PARAMS, 42, 345, 238, N, 10, DT, -999, SHR82, -99, 
EP, 13, 2026083100, 03, HFSA,  54, 166N, 1129W,  60,  996, XX,  50, NEQ,   52,   70,    0,    0, 1000,   28,  49,   0,   0,    ,   0,    , 333,   8,           ,  ,  0,    ,    0,    0,    0,    0, THERMO PARAMS, 42, 345, 238, N, 10, DT, -999, SHR82, -99, 
EP, 13, 2026083100, 03, HFSA,  60, 174N, 1134W,  61,  992, XX,  34, NEQ,  112,  157,  142,   74,  996,   25,  54,   0,   0,    ,   0,    , 330,   8,           ,  ,  0,    ,    0,    0,    0,    0, THERMO PARAMS, 21, 595, 869, N, 10, DT, -999, SHR82, -99, 
EP, 13, 2026083100, 03, HFSA,  60, 174N, 1134W,  61,  992, XX,  50, NEQ,   53,   86,    0,    0,  996,   25,  54,   0,   0,    ,   0,    , 330,   8,           ,  ,  0,    ,    0,    0,    0,    0, THERMO PARAMS, 21, 595, 869, N, 10, DT, -999, SHR82, -99, 
EP, 13, 2026083100, 03, HFSA,  66, 182N, 1141W,  54,  992, XX,  34, NEQ,  123,  133,  131,   96,  996,   21, 102,   0,   0,    ,   0,    , 327,  12,           ,  ,  0,    ,    0,    0,    0,    0, THERMO PARAMS, -1, 814, 921, N, 10, DT, -999, SHR82, -99, 
EP, 13, 2026083100, 03, HFSA,  66, 182N, 1141W,  54,  992, XX,  50, NEQ,    0,   73,    0,    0,  996,   21, 102,   0,   0,    ,   0,    , 327,  12,           ,  ,  0,    ,    0,    0,    0,    0, THERMO PARAMS, -1, 814, 921, N, 10, DT, -999, SHR82, -99, 
EP, 13, 2026083100, 03, HFSA,  72, 190N, 1147W,  59,  989, XX,  34, NEQ,  121,  121,   78,   99,  993,   21,  25,   0,   0,    ,   0,    , 333,   9,           ,  ,  0,    ,    0,    0,    0,    0, THERMO PARAMS, 17, 525, 1091, N, 10, DT, -999, SHR82, -99, 
EP, 13, 2026083100, 03, HFSA,  72, 190N, 1147W,  59,  989, XX,  50, NEQ,   31,   32,    0,    0,  993,   21,  25,   0,   0,    ,   0,    , 333,   9,           ,  ,  0,    ,    0,    0,    0,    0, THERMO PARAMS, 17, 525, 1091, N, 10, DT, -999, SHR82, -99, 
EP, 13, 2026083100, 03, HFSA,  78, 196N, 1158W,  48,  989, XX,  34, NEQ,  120,  134,   53,  112,  997,   30,  62,   0,   0,    ,   0,    , 296,  10,           ,  ,  0,    ,    0,    0,    0,    0, THERMO PARAMS, 93, 497, 1138, N, 10, DT, -999, SHR82, -99, 
EP, 13, 2026083100, 03, HFSA,  84, 196N, 1168W,  57,  983, XX,  34, NEQ,  126,  144,   89,  118,  995,   43,  43,   0,   0,    ,   0,    , 285,   6,           ,  ,  0,    ,    0,    0,    0,    0, THERMO PARAMS, 77, 1003, 1321, N, 10, DT, -999, SHR82, -99, 
EP, 13, 2026083100, 03, HFSA,  84, 196N, 1168W,  57,  983, XX,  50, NEQ,    0,   45,    0,    0,  995,   43,  43,   0,   0,    ,   0,    , 285,   6,           ,  ,  0,    ,    0,    0,    0,    0, THERMO PARAMS, 77, 1003, 1321, N, 10, DT, -999, SHR82, -99, 
EP, 13, 2026083100, 03, HFSA,  90, 197N, 1174W,  56,  984, XX,  34, NEQ,  112,  130,  121,   97,  996,   45,  88,   0,   0,    ,   0,    , 299,   6,           ,  ,  0,    ,    0,    0,    0,    0, THERMO PARAMS, 58, 955, 1192, N, 10, DT, -999, SHR82, -99, 
EP, 13, 2026083100, 03, HFSA,  90, 197N, 1174W,  56,  984, XX,  50, NEQ,   57,   65,   87,    0,  996,   45,  88,   0,   0,    ,   0,    , 299,   6,           ,  ,  0,    ,    0,    0,    0,    0, THERMO PARAMS, 58, 955, 1192, N, 10, DT, -999, SHR82, -99, 
EP, 13, 2026083100, 03, HFSA,  96, 200N, 1178W,  60,  979, XX,  34, NEQ,  123,  130,  120,  115,  991,   43,  59,   0,   0,    ,   0,    , 321,   4,           ,  ,  0,    ,    0,    0,    0,    0, THERMO PARAMS, 4, 849, 1485, N, 10, DT, -999, SHR82, -99, 
EP, 13, 2026083100, 03, HFSA,  96, 200N, 1178W,  60,  979, XX,  50, NEQ,   60,   78,   39,   39,  991,   43,  59,   0,   0,    ,   0,    , 321,   4,           ,  ,  0,    ,    0,    0,    0,    0, THERMO PARAMS, 4, 849, 1485, N, 10, DT, -999, SHR82, -99, 
EP, 13, 2026083100, 03, HFSA, 102, 204N, 1183W,  61,  977, XX,  34, NEQ,  131,  160,  117,  108,  993,   48,  44,   0,   0,    ,   0,    , 296,   7,           ,  ,  0,    ,    0,    0,    0,    0, THERMO PARAMS, 17, 1058, 1566, N, 10, DT, -999, SHR82, -99, 
EP, 13, 2026083100, 03, HFSA, 102, 204N, 1183W,  61,  977, XX,  50, NEQ,   66,   78,   39,   60,  993,   48,  44,   0,   0,    ,   0,    , 296,   7,           ,  ,  0,    ,    0,    0,    0,    0, THERMO PARAMS, 17, 1058, 1566, N, 10, DT, -999, SHR82, -99, 
EP, 13, 2026083100, 03, HFSA, 108, 208N, 1188W,  56,  975, XX,  34, NEQ,  130,  154,  108,  136,  995,   66,  50,   0,   0,    ,   0,    , 327,   5,           ,  ,  0,    ,    0,    0,    0,    0, THERMO PARAMS, -25, 1201, 1554, N, 10, DT, -999, SHR82, -99, 
EP, 13, 2026083100, 03, HFSA, 108, 208N, 1188W,  56,  975, XX,  50, NEQ,   65,   55,   50,   65,  995,   66,  50,   0,   0,    ,   0,    , 327,   5,           ,  ,  0,    ,    0,    0,    0,    0, THERMO PARAMS, -25, 1201, 1554, N, 10, DT, -999, SHR82, -99, 
EP, 13, 2026083100, 03, HFSA, 114, 212N, 1189W,  66,  976, XX,  34, NEQ,  151,  133,  120,  146,  980,   15,  31,   0,   0,    ,   0,    , 357,   6,           ,  ,  0,    ,    0,    0,    0,    0, THERMO PARAMS, -4, 1167, 1635, N, 10, DT, -999, SHR82, -99, 
EP, 13, 2026083100, 03, HFSA, 114, 212N, 1189W,  66,  976, XX,  50, NEQ,   53,   57,   57,   57,  980,   15,  31,   0,   0,    ,   0,    , 357,   6,           ,  ,  0,    ,    0,    0,    0,    0, THERMO PARAMS, -4, 1167, 1635, N, 10, DT, -999, SHR82, -99, 
EP, 13, 2026083100, 03, HFSA, 120, 221N, 1189W,  63,  972, XX,  34, NEQ,  134,  136,  118,  139,  996,   78,  51,   0,   0,    ,   0,    ,   6,   9,           ,  ,  0,    ,    0,    0,    0,    0, THERMO PARAMS, 34, 1135, 1691, N, 10, DT, -999, SHR82, -99, 
EP, 13, 2026083100, 03, HFSA, 120, 221N, 1189W,  63,  972, XX,  50, NEQ,   60,   65,   49,   55,  996,   78,  51,   0,   0,    ,   0,    ,   6,   9,           ,  ,  0,    ,    0,    0,    0,    0, THERMO PARAMS, 34, 1135, 1691, N, 10, DT, -999, SHR82, -99, 
EP, 13, 2026083100, 03, HFSA, 126, 229N, 1188W,  65,  974, XX,  34, NEQ,  139,  141,  133,  142,  994,   61,  46,   0,   0,    ,   0,    , -99, -99,           ,  ,  0,    ,    0,    0,    0,    0, THERMO PARAMS, 68, 883, 1820, N, 10, DT, -999, SHR82, -99, 
EP, 13, 2026083100, 03, HFSA, 126, 229N, 1188W,  65,  974, XX,  50, NEQ,   58,   68,   37,   58,  994,   61,  46,   0,   0,    ,   0,    , -99, -99,           ,  ,  0,    ,    0,    0,    0,    0, THERMO PARAMS, 68, 883, 1820, N, 10, DT, -999, SHR82, -99, 
EP, 13, 2026083100, 03, HFSA, 126, 229N, 1188W,  65,  974, XX,  64, NEQ,    0,   47,    0,    0,  994,   61,  46,   0,   0,    ,   0,    , -99, -99,           ,  ,  0,    ,    0,    0,    0,    0, THERMO PARAMS, 68, 883, 1820, N, 10, DT, -999, SHR82, -99, 
EP, 13, 2026083100, 03, TVCN,   0, 124N, 1066W,   0,    0,   ,   0,    ,    0,    0,    0,    0, 
EP, 13, 2026083100, 03, TVCN,  12, 130N, 1077W,   0,    0,   ,   0,    ,    0,    0,    0,    0, 
EP, 13, 2026083100, 03, TVCN,  24, 143N, 1081W,   0,    0,   ,   0,    ,    0,    0,    0,    0, 
EP, 13, 2026083100, 03, TVCN,  36, 156N, 1093W,   0,    0,   ,   0,    ,    0,    0,    0,    0, 
EP, 13, 2026083100, 03, TVCN,  48, 165N, 1103W,   0,    0,   ,   0,    ,    0,    0,    0,    0, 
EP, 13, 2026083100, 03, TVCN,  60, 177N, 1111W,   0,    0,   ,   0,    ,    0,    0,    0,    0, 
EP, 13, 2026083100, 03, TVCN,  72, 191N, 1121W,   0,    0,   ,   0,    ,    0,    0,    0,    0, 
EP, 13, 2026083100, 03, TVCN,  84, 201N, 1133W,   0,    0,   ,   0,    ,    0,    0,    0,    0, 
EP, 13, 2026083100, 03, TVCN,  96, 209N, 1145W,   0,    0,   ,   0,    ,    0,    0,    0,    0, 
EP, 13, 2026083100, 03, TVCN, 108, 218N, 1154W,   0,    0,   ,   0,    ,    0,    0,    0,    0, 
EP, 13, 2026083100, 03, TVCN, 120, 232N, 1161W,   0,    0,   ,   0,    ,    0,    0,    0,    0, 
EP, 13, 2026083100, 03, TVCN, 132, 245N, 1167W,   0,    0,   ,   0,    ,    0,    0,    0,    0, 
EP, 13, 2026083106, 03, AVNO,   0, 116N, 1073W,  26, 1009, XX,  34, NEQ,    0,    0,    0,    0,  -99,  -99, 153,   0,   0, 
EP, 13, 2026083106, 03, AVNO,   6, 124N, 1069W,  30, 1005, XX,  34, NEQ,    0,    0,    0,    0,  -99,  -99,  37,   0,   0, 
EP, 13, 2026083106, 03, AVNO,  12, 135N, 1069W,  43, 1006, XX,  34, NEQ,   72,   56,   98,   30, 1010,  134,  49,   0,   0, 
EP, 13, 2026083106, 03, AVNO,  18, 141N, 1082W,  42, 1002, XX,  34, NEQ,   98,   86,    0,   58, 1006,   67,  54,   0,   0, 
EP, 13, 2026083106, 03, AVNO,  24, 147N, 1094W,  44, 1004, XX,  34, NEQ,  124,  116,    0,   84, 1008,   69, 100,   0,   0, 
EP, 13, 2026083106, 03, AVNO,  30, 151N, 1100W,  37, 1001, XX,  34, NEQ,  105,  176,    0,    0, 1009,  195,  92,   0,   0, 
EP, 13, 2026083106, 03, AVNO,  36, 154N, 1099W,  47, 1001, XX,  34, NEQ,  107,  153,  190,   66,  -99,  -99,  42,   0,   0, 
EP, 13, 2026083106, 03, AVNO,  42, 162N, 1110W,  47,  997, XX,  34, NEQ,  114,  157,    0,   66, 1005,  101,  50,   0,   0, 
EP, 13, 2026083106, 03, AVNO,  48, 164N, 1116W,  53,  999, XX,  34, NEQ,  114,  145,  159,   85, 1007,   82,  67,   0,   0, 
EP, 13, 2026083106, 03, AVNO,  48, 164N, 1116W,  53,  999, XX,  50, NEQ,   69,    0,    0,    0, 1007,   82,  67,   0,   0, 
EP, 13, 2026083106, 03, AVNO,  54, 170N, 1122W,  50,  989, XX,  34, NEQ,  146,  142,   44,   79, 1001,   61,  50,   0,   0, 
EP, 13, 2026083106, 03, AVNO,  60, 172N, 1127W,  49,  989, XX,  34, NEQ,  128,   66,   67,  116, 1009,  142,  31,   0,   0, 
EP, 13, 2026083106, 03, AVNO,  66, 176N, 1134W,  54,  984, XX,  34, NEQ,   99,   86,   87,  113, 1008,  201,  43,   0,   0, 
EP, 13, 2026083106, 03, AVNO,  66, 176N, 1134W,  54,  984, XX,  50, NEQ,   52,   38,    0,   38, 1008,  201,  43,   0,   0, 
EP, 13, 2026083106, 03, AVNO,  72, 179N, 1139W,  61,  984, XX,  34, NEQ,   98,   99,   82,   92, 1012,  266,  40,   0,   0, 
EP, 13, 2026083106, 03, AVNO,  72, 179N, 1139W,  61,  984, XX,  50, NEQ,   50,   48,   41,   44, 1012,  266,  40,   0,   0, 
EP, 13, 2026083106, 03, AVNO,  78, 182N, 1144W,  62,  979, XX,  34, NEQ,   97,  105,  109,   88, 1007,  171,  40,   0,   0, 
EP, 13, 2026083106, 03, AVNO,  78, 182N, 1144W,  62,  979, XX,  50, NEQ,   57,   61,   47,   52, 1007,  171,  40,   0,   0, 
EP, 13, 2026083106, 03, AVNO,  84, 185N, 1149W,  62,  979, XX,  34, NEQ,  119,  121,   96,  100, 1007,  133,  39,   0,   0, 
EP, 13, 2026083106, 03, AVNO,  84, 185N, 1149W,  62,  979, XX,  50, NEQ,   70,   75,   51,   49, 1007,  133,  39,   0,   0, 
EP, 13, 2026083106, 03, AVNO,  90, 191N, 1153W,  65,  975, XX,  34, NEQ,  130,  132,   94,   96, 1007,  260,  34,   0,   0, 
EP, 13, 2026083106, 03, AVNO,  90, 191N, 1153W,  65,  975, XX,  50, NEQ,   56,   63,   47,   58, 1007,  260,  34,   0,   0, 
EP, 13, 2026083106, 03, AVNO,  90, 191N, 1153W,  65,  975, XX,  64, NEQ,   35,   32,    0,    0, 1007,  260,  34,   0,   0, 
EP, 13, 2026083106, 03, AVNO,  96, 196N, 1156W,  69,  976, XX,  34, NEQ,  138,  138,   83,  103, 1008,  207,  42,   0,   0, 
EP, 13, 2026083106, 03, AVNO,  96, 196N, 1156W,  69,  976, XX,  50, NEQ,   68,   63,   47,   56, 1008,  207,  42,   0,   0, 
EP, 13, 2026083106, 03, AVNO,  96, 196N, 1156W,  69,  976, XX,  64, NEQ,   44,   39,    0,    0, 1008,  207,  42,   0,   0, 
EP, 13, 2026083106, 03, AVNO, 102, 202N, 1158W,  69,  974, XX,  34, NEQ,  139,  145,   95,  109, 1006,  224,  41,   0,   0, 
EP, 13, 2026083106, 03, AVNO, 102, 202N, 1158W,  69,  974, XX,  50, NEQ,   63,   67,   47,   51, 1006,  224,  41,   0,   0, 
EP, 13, 2026083106, 03, AVNO, 102, 202N, 1158W,  69,  974, XX,  64, NEQ,   46,   49,    0,    0, 1006,  224,  41,   0,   0, 
EP, 13, 2026083106, 03, AVNO, 108, 210N, 1160W,  66,  975, XX,  34, NEQ,  142,  157,   91,   95, 1007,  188,  34,   0,   0, 
EP, 13, 2026083106, 03, AVNO, 108, 210N, 1160W,  66,  975, XX,  50, NEQ,   72,   74,   38,   53, 1007,  188,  34,   0,   0, 
EP, 13, 2026083106, 03, AVNO, 108, 210N, 1160W,  66,  975, XX,  64, NEQ,   40,    0,    0,    0, 1007,  188,  34,   0,   0, 
EP, 13, 2026083106, 03, AVNO, 114, 218N, 1162W,  69,  972, XX,  34, NEQ,  153,  167,  100,  113, 1004,  171,  42,   0,   0, 
EP, 13, 2026083106, 03, AVNO, 114, 218N, 1162W,  69,  972, XX,  50, NEQ,   70,   70,   50,   58, 1004,  171,  42,   0,   0, 
EP, 13, 2026083106, 03, AVNO, 114, 218N, 1162W,  69,  972, XX,  64, NEQ,   43,   46,    0,    0, 1004,  171,  42,   0,   0, 
EP, 13, 2026083106, 03, AVNO, 120, 225N, 1164W,  66,  973, XX,  34, NEQ,  147,  159,   94,  106, 1009,  258,  38,   0,   0, 
EP, 13, 2026083106, 03, AVNO, 120, 225N, 1164W,  66,  973, XX,  50, NEQ,   65,   71,   52,   59, 1009,  258,  38,   0,   0, 
EP, 13, 2026083106, 03, AVNO, 120, 225N, 1164W,  66,  973, XX,  64, NEQ,   41,   52,    0,   44, 1009,  258,  38,   0,   0, 
EP, 13, 2026083106, 03, AVNO, 126, 233N, 1163W,  67,  971, XX,  34, NEQ,  129,  141,  110,  106, 1007,  282,  64,   0,   0, 
EP, 13, 2026083106, 03, AVNO, 126, 233N, 1163W,  67,  971, XX,  50, NEQ,   61,   82,   63,   65, 1007,  282,  64,   0,   0, 
EP, 13, 2026083106, 03, AVNO, 126, 233N, 1163W,  67,  971, XX,  64, NEQ,   33,   64,    0,    0, 1007,  282,  64,   0,   0, 
EP, 13, 2026083106, 03, AVNO, 132, 242N, 1162W,  71,  971, XX,  34, NEQ,  154,  134,  123,  117, 1007,  186,  41,   0,   0, 
EP, 13, 2026083106, 03, AVNO, 132, 242N, 1162W,  71,  971, XX,  50, NEQ,   74,   66,   72,   58, 1007,  186,  41,   0,   0, 
EP, 13, 2026083106, 03, AVNO, 132, 242N, 1162W,  71,  971, XX,  64, NEQ,   45,   45,    0,    0, 1007,  186,  41,   0,   0, 
EP, 13, 2026083106, 03, AVNO, 138, 254N, 1162W,  65,  970, XX,  34, NEQ,  150,  149,  104,  117, 1002,  140,  38,   0,   0, 
EP, 13, 2026083106, 03, AVNO, 138, 254N, 1162W,  65,  970, XX,  50, NEQ,   68,   70,   59,   59, 1002,  140,  38,   0,   0, 
EP, 13, 2026083106, 03, AVNO, 138, 254N, 1162W,  65,  970, XX,  64, NEQ,   43,   48,    0,    0, 1002,  140,  38,   0,   0, 
EP, 13, 2026083106, 03, AVNO, 144, 266N, 1164W,  60,  975, XX,  34, NEQ,  129,  132,  104,  106, 1007,  216,  47,   0,   0, 
EP, 13, 2026083106, 03, AVNO, 144, 266N, 1164W,  60,  975, XX,  50, NEQ,   66,   63,   64,   62, 1007,  216,  47,   0,   0, 
EP, 13, 2026083106, 03, AVNO, 150, 278N, 1165W,  55,  978, XX,  34, NEQ,  122,  115,  107,  107, 1006,  236,  51,   0,   0, 
EP, 13, 2026083106, 03, AVNO, 150, 278N, 1165W,  55,  978, XX,  50, NEQ,   60,   63,   54,   43, 1006,  236,  51,   0,   0, 
EP, 13, 2026083106, 03, AVNO, 156, 293N, 1164W,  55,  984, XX,  34, NEQ,  158,  101,   98,   96, 1000,  100,  37,   0,   0, 
EP, 13, 2026083106, 03, AVNO, 156, 293N, 1164W,  55,  984, XX,  50, NEQ,   54,   60,   40,    0, 1000,  100,  37,   0,   0, 
EP, 13, 2026083106, 03, AVNO, 162, 317N, 1160W,  46,  991, XX,  34, NEQ,  133,  120,   50,   54, 1003,  184,  65,   0,   0, 
EP, 13, 2026083106, 03, AVNO, 168, 348N, 1160W,  39,  996, XX,  34, NEQ,  113,  238,    0,    0, 1000,   50,  79,   0,   0, 
EP, 13, 2026083106, 03, AVNO, 174, 386N, 1163W,  42,  995, XX,  34, NEQ,   68,  107,    0,    0, 1007,  272,  34,   0,   0, 
EP, 13, 2026083106, 03, AVNO, 180, 430N, 1165W,  40,  996, XX,  34, NEQ,   68,   52,    0,    0, 1008,  481,  44,   0,   0, 
EP, 13, 2026083106, 03, AVNO, 186, 460N, 1174W,  23, 1001, XX,  34, NEQ,    0,    0,    0,    0,  -99,  -99, 137,   0,   0, 
EP, 13, 2026083106, 03, AVNO, 192, 475N, 1178W,  13, 1015, XX,  34, NEQ,    0,    0,    0,    0,  -99,  -99,  81,   0,   0, 
EP, 13, 2026083106, 03, AVNO, 198, 497N, 1147W,  25, 1005, XX,  34, NEQ,    0,    0,    0,    0,  -99,  -99,  73,   0,   0, 
EP, 13, 2026083106, 03, AVNO, 204, 526N, 1118W,  28, 1000, XX,  34, NEQ,    0,    0,    0,    0,  -99,  -99, 130,   0,   0, 
EP, 13, 2026083106, 03, AVNO, 210, 547N, 1100W,  18,  998, XX,  34, NEQ,    0,    0,    0,    0, 1002,   99,  12,   0,   0, 
EP, 13, 2026083106, 03, AVNO, 216, 565N, 1081W,  21,  996, XX,  34, NEQ,    0,    0,    0,    0,  -99,  -99,  32,   0,   0, 
EP, 13, 2026083106, 03, AVNO, 222, 585N, 1053W,  23,  994, XX,  34, NEQ,    0,    0,    0,    0, 1006,  471,  66,   0,   0, 
EP, 13, 2026083106, 03, AVNO, 228, 602N, 1018W,  26,  993, XX,  34, NEQ,    0,    0,    0,    0, 1005,  432,  88,   0,   0, 
EP, 13, 2026083106, 03, AVNO, 234, 618N,  978W,  25,  991, XX,  34, NEQ,    0,    0,    0,    0, 1003,  404, 156,   0,   0, 
EP, 13, 2026083106, 03, AVNO, 240, 632N,  948W,  25,  990, XX,  34, NEQ,    0,    0,    0,    0, 1006,  615, 158,   0,   0, 
EP, 13, 2026083106, 03, HCCA,   0, 120N, 1075W,  30,    0,   ,   0,    ,    0,    0,    0,    0, 
EP, 13, 2026083106, 03, HCCA,  12, 125N, 1085W,  42,    0,   ,   0,    ,    0,    0,    0,    0, 
EP, 13, 2026083106, 03, HCCA,  24, 137N, 1092W,  50,    0,   ,   0,    ,    0,    0,    0,    0, 
EP, 13, 2026083106, 03, HCCA,  36, 148N, 1104W,  59,    0,   ,   0,    ,    0,    0,    0,    0, 
EP, 13, 2026083106, 03, HCCA,  48, 159N, 1115W,  66,    0,   ,   0,    ,    0,    0,    0,    0, 
EP, 13, 2026083106, 03, HCCA,  60, 171N, 1128W,  74,    0,   ,   0,    ,    0,    0,    0,    0, 
EP, 13, 2026083106, 03, HCCA,  72, 182N, 1143W,  77,    0,   ,   0,    ,    0,    0,    0,    0, 
EP, 13, 2026083106, 03, HCCA,  84, 188N, 1158W,  84,    0,   ,   0,    ,    0,    0,    0,    0, 
EP, 13, 2026083106, 03, HCCA,  96, 195N, 1170W,  87,    0,   ,   0,    ,    0,    0,    0,    0, 
EP, 13, 2026083106, 03, HCCA, 108, 203N, 1180W,  92,    0,   ,   0,    ,    0,    0,    0,    0, 
EP, 13, 2026083106, 03, HCCA, 120, 216N, 1188W,  91,    0,   ,   0,    ,    0,    0,    0,    0, 
EP, 13, 2026083106, 03, HCCA, 132, 226N, 1194W,  92,    0,   ,   0,    ,    0,    0,    0,    0, 
EP, 13, 2026083106, 03, HCCA, 144, 238N, 1197W,  86,    0,   ,   0,    ,    0,    0,    0,    0, 
EP, 13, 2026083106, 03, HCCA, 156, 243N, 1201W,  77,    0,   ,   0,    ,    0,    0,    0,    0, 
EP, 13, 2026083106, 03, HCCA, 168, 255N, 1208W,  72,    0,   ,   0,    ,    0,    0,    0,    0, 
EP, 13, 2026083106, 03, HFSA,   0, 119N, 1076W,  30, 1005, XX,  34, NEQ,    0,    0,    0,    0, 1009,   80, 109,   0,   0,    ,   0,    , 296,   5,           ,  ,  0,    ,    0,    0,    0,    0, THERMO PARAMS, 94, 43, 87, N, 10, DT, -999, SHR82, -99, 
EP, 13, 2026083106, 03, HFSA,   6, 123N, 1080W,  33, 1005, XX,  34, NEQ,    0,    0,    0,    0,  -99,  -99,  95,   0,   0,    ,   0,    , 316,   8,           ,  ,  0,    ,    0,    0,    0,    0, THERMO PARAMS, -9999, -9999, -9999, N, 10, DT, -999, SHR82, -99, 
EP, 13, 2026083106, 03, HFSA,  12, 128N, 1082W,  50, 1005, XX,  34, NEQ,    0,    0,    0,    0,  -99,  -99,  66,   0,   0,    ,   0,    , 345,   7,           ,  ,  0,    ,    0,    0,    0,    0, THERMO PARAMS, -62, 169, 382, N, 10, DT, -999, SHR82, -99, 
EP, 13, 2026083106, 03, HFSA,  18, 136N, 1087W,  46,  999, XX,  34, NEQ,  151,   76,   52,    0, 1003,    5,  26,   0,   0,    ,   0,    , 340,  10,           ,  ,  0,    ,    0,    0,    0,    0, THERMO PARAMS, -52, 183, 608, N, 10, DT, -999, SHR82, -99, 
EP, 13, 2026083106, 03, HFSA,  24, 150N, 1094W,  46, 1005, XX,  34, NEQ,   99,  105,  136,    0,  -99,  -99,  54,   0,   0,    ,   0,    , 321,  13,           ,  ,  0,    ,    0,    0,    0,    0, THERMO PARAMS, -62, 232, 590, N, 10, DT, -999, SHR82, -99, 
EP, 13, 2026083106, 03, HFSA,  30, 154N, 1107W,  47, 1000, XX,  34, NEQ,  144,  138,    0,    0,  -99,  -99,  58,   0,   0,    ,   0,    , 310,   9,           ,  ,  0,    ,    0,    0,    0,    0, THERMO PARAMS, 4, 713, 459, N, 10, DT, -999, SHR82, -99, 
EP, 13, 2026083106, 03, HFSA,  36, 152N, 1115W,  45,  998, XX,  34, NEQ,  141,  117,  120,    0, 1002,   16,  17,   0,   0,    ,   0,    , 319,   6,           ,  ,  0,    ,    0,    0,    0,    0, THERMO PARAMS, 51, 5, 745, N, 10, DT, -999, SHR82, -99, 
EP, 13, 2026083106, 03, HFSA,  42, 160N, 1123W,  51,  997, XX,  34, NEQ,   84,   92,    0,   62,  -99,  -99,  31,   0,   0,    ,   0,    , 314,   9,           ,  ,  0,    ,    0,    0,    0,    0, THERMO PARAMS, -26, 695, 632, N, 10, DT, -999, SHR82, -99, 
EP, 13, 2026083106, 03, HFSA,  48, 161N, 1129W,  56,  996, XX,  34, NEQ,  126,  133,  142,   81,  -99,  -99,  60,   0,   0,    ,   0,    , 312,   6,           ,  ,  0,    ,    0,    0,    0,    0, THERMO PARAMS, 79, 414, 586, N, 10, DT, -999, SHR82, -99, 
EP, 13, 2026083106, 03, HFSA,  48, 161N, 1129W,  56,  996, XX,  50, NEQ,    0,   63,    0,    0,  -99,  -99,  60,   0,   0,    ,   0,    , 312,   6,           ,  ,  0,    ,    0,    0,    0,    0, THERMO PARAMS, 79, 414, 586, N, 10, DT, -999, SHR82, -99, 
EP, 13, 2026083106, 03, HFSA,  54, 170N, 1133W,  58,  990, XX,  34, NEQ,  157,  163,  147,   55,  994,   23,  36,   0,   0,    ,   0,    , 323,   9,           ,  ,  0,    ,    0,    0,    0,    0, THERMO PARAMS, -42, 491, 714, N, 10, DT, -999, SHR82, -99, 
EP, 13, 2026083106, 03, HFSA,  54, 170N, 1133W,  58,  990, XX,  50, NEQ,   70,   81,    0,    0,  994,   23,  36,   0,   0,    ,   0,    , 323,   9,           ,  ,  0,    ,    0,    0,    0,    0, THERMO PARAMS, -42, 491, 714, N, 10, DT, -999, SHR82, -99, 
EP, 13, 2026083106, 03, HFSA,  60, 178N, 1142W,  47,  992, XX,  34, NEQ,  157,  134,  121,  102, 1004,   69,  58,   0,   0,    ,   0,    , 309,  11,           ,  ,  0,    ,    0,    0,    0,    0, THERMO PARAMS, -6, 796, 1156, N, 10, DT, -999, SHR82, -99, 
EP, 13, 2026083106, 03, HFSA,  66, 183N, 1151W,  52,  988, XX,  34, NEQ,  147,  157,   60,  107,  996,   39,  45,   0,   0,    ,   0,    , 305,   9,           ,  ,  0,    ,    0,    0,    0,    0, THERMO PARAMS, 22, 520, 1128, N, 10, DT, -999, SHR82, -99, 
EP, 13, 2026083106, 03, HFSA,  66, 183N, 1151W,  52,  988, XX,  50, NEQ,   34,   47,    0,    0,  996,   39,  45,   0,   0,    ,   0,    , 305,   9,           ,  ,  0,    ,    0,    0,    0,    0, THERMO PARAMS, 22, 520, 1128, N, 10, DT, -999, SHR82, -99, 
EP, 13, 2026083106, 03, HFSA,  72, 188N, 1159W,  59,  986, XX,  34, NEQ,  107,  157,   86,  107,  990,   24,  38,   0,   0,    ,   0,    , 305,   9,           ,  ,  0,    ,    0,    0,    0,    0, THERMO PARAMS, 43, 741, 1082, N, 10, DT, -999, SHR82, -99, 
EP, 13, 2026083106, 03, HFSA,  72, 188N, 1159W,  59,  986, XX,  50, NEQ,   47,   50,    0,   42,  990,   24,  38,   0,   0,    ,   0,    , 305,   9,           ,  ,  0,    ,    0,    0,    0,    0, THERMO PARAMS, 43, 741, 1082, N, 10, DT, -999, SHR82, -99, 
EP, 13, 2026083106, 03, HFSA,  78, 192N, 1169W,  58,  983, XX,  34, NEQ,  108,  136,  123,  139,  999,   64,  35,   0,   0,    ,   0,    , 294,   8,           ,  ,  0,    ,    0,    0,    0,    0, THERMO PARAMS, 15, 911, 1380, N, 10, DT, -999, SHR82, -99, 
EP, 13, 2026083106, 03, HFSA,  78, 192N, 1169W,  58,  983, XX,  50, NEQ,   53,    0,   31,   55,  999,   64,  35,   0,   0,    ,   0,    , 294,   8,           ,  ,  0,    ,    0,    0,    0,    0, THERMO PARAMS, 15, 911, 1380, N, 10, DT, -999, SHR82, -99, 
EP, 13, 2026083106, 03, HFSA,  84, 192N, 1177W,  58,  982, XX,  34, NEQ,  133,  141,  130,  138,  986,   17,  22,   0,   0,    ,   0,    , 287,   6,           ,  ,  0,    ,    0,    0,    0,    0, THERMO PARAMS, 18, 976, 1290, N, 10, DT, -999, SHR82, -99, 
EP, 13, 2026083106, 03, HFSA,  84, 192N, 1177W,  58,  982, XX,  50, NEQ,   32,   36,   34,   45,  986,   17,  22,   0,   0,    ,   0,    , 287,   6,           ,  ,  0,    ,    0,    0,    0,    0, THERMO PARAMS, 18, 976, 1290, N, 10, DT, -999, SHR82, -99, 
EP, 13, 2026083106, 03, HFSA,  90, 193N, 1181W,  71,  976, XX,  34, NEQ,  131,  125,  126,  160,  980,   17,  30,   0,   0,    ,   0,    , 326,   3,           ,  ,  0,    ,    0,    0,    0,    0, THERMO PARAMS, -32, 1300, 1530, N, 10, DT, -999, SHR82, -99, 
EP, 13, 2026083106, 03, HFSA,  90, 193N, 1181W,  71,  976, XX,  50, NEQ,   66,   68,   39,   42,  980,   17,  30,   0,   0,    ,   0,    , 326,   3,           ,  ,  0,    ,    0,    0,    0,    0, THERMO PARAMS, -32, 1300, 1530, N, 10, DT, -999, SHR82, -99, 
EP, 13, 2026083106, 03, HFSA,  90, 193N, 1181W,  71,  976, XX,  64, NEQ,    0,    0,    0,   31,  980,   17,  30,   0,   0,    ,   0,    , 326,   3,           ,  ,  0,    ,    0,    0,    0,    0, THERMO PARAMS, -32, 1300, 1530, N, 10, DT, -999, SHR82, -99, 
EP, 13, 2026083106, 03, HFSA,  96, 198N, 1185W,  61,  974, XX,  34, NEQ,  138,  152,  133,  120,  990,   41,  24,   0,   0,    ,   0,    , 307,   6,           ,  ,  0,    ,    0,    0,    0,    0, THERMO PARAMS, 2, 1093, 1784, N, 10, DT, -999, SHR82, -99, 
EP, 13, 2026083106, 03, HFSA,  96, 198N, 1185W,  61,  974, XX,  50, NEQ,   73,   60,   45,   73,  990,   41,  24,   0,   0,    ,   0,    , 307,   6,           ,  ,  0,    ,    0,    0,    0,    0, THERMO PARAMS, 2, 1093, 1784, N, 10, DT, -999, SHR82, -99, 
EP, 13, 2026083106, 03, HFSA, 102, 203N, 1187W,  71,  971, XX,  34, NEQ,  133,  144,  128,  139,  987,   41,  29,   0,   0,    ,   0,    , 353,   6,           ,  ,  0,    ,    0,    0,    0,    0, THERMO PARAMS, 34, 1235, 1536, N, 10, DT, -999, SHR82, -99, 
EP, 13, 2026083106, 03, HFSA, 102, 203N, 1187W,  71,  971, XX,  50, NEQ,   58,   73,   42,   83,  987,   41,  29,   0,   0,    ,   0,    , 353,   6,           ,  ,  0,    ,    0,    0,    0,    0, THERMO PARAMS, 34, 1235, 1536, N, 10, DT, -999, SHR82, -99, 
EP, 13, 2026083106, 03, HFSA, 102, 203N, 1187W,  71,  971, XX,  64, NEQ,    0,   34,    0,    0,  987,   41,  29,   0,   0,    ,   0,    , 353,   6,           ,  ,  0,    ,    0,    0,    0,    0, THERMO PARAMS, 34, 1235, 1536, N, 10, DT, -999, SHR82, -99, 
EP, 13, 2026083106, 03, HFSA, 108, 210N, 1190W,  62,  972, XX,  34, NEQ,  146,  154,  125,  144,  992,   57,  54,   0,   0,    ,   0,    , 348,   7,           ,  ,  0,    ,    0,    0,    0,    0, THERMO PARAMS, 31, 1295, 1930, N, 10, DT, -999, SHR82, -99, 
EP, 13, 2026083106, 03, HFSA, 108, 210N, 1190W,  62,  972, XX,  50, NEQ,   70,   83,   81,   74,  992,   57,  54,   0,   0,    ,   0,    , 348,   7,           ,  ,  0,    ,    0,    0,    0,    0, THERMO PARAMS, 31, 1295, 1930, N, 10, DT, -999, SHR82, -99, 
EP, 13, 2026083106, 03, HFSA, 114, 218N, 1191W,  65,  970, XX,  34, NEQ,  144,  154,  123,  146,  994,   73,  55,   0,   0,    ,   0,    ,  10,   8,           ,  ,  0,    ,    0,    0,    0,    0, THERMO PARAMS, 26, 1295, 1796, N, 10, DT, -999, SHR82, -99, 
EP, 13, 2026083106, 03, HFSA, 114, 218N, 1191W,  65,  970, XX,  50, NEQ,   74,   81,   71,   86,  994,   73,  55,   0,   0,    ,   0,    ,  10,   8,           ,  ,  0,    ,    0,    0,    0,    0, THERMO PARAMS, 26, 1295, 1796, N, 10, DT, -999, SHR82, -99, 
EP, 13, 2026083106, 03, HFSA, 114, 218N, 1191W,  65,  970, XX,  64, NEQ,    0,   55,    0,    0,  994,   73,  55,   0,   0,    ,   0,    ,  10,   8,           ,  ,  0,    ,    0,    0,    0,    0, THERMO PARAMS, 26, 1295, 1796, N, 10, DT, -999, SHR82, -99, 
EP, 13, 2026083106, 03, HFSA, 120, 227N, 1190W,  65,  972, XX,  34, NEQ,  138,  144,  130,  144,  992,   60,  46,   0,   0,    ,   0,    ,  14,   8,           ,  ,  0,    ,    0,    0,    0,    0, THERMO PARAMS, 45, 871, 1998, N, 10, DT, -999, SHR82, -99, 
EP, 13, 2026083106, 03, HFSA, 120, 227N, 1190W,  65,  972, XX,  50, NEQ,   74,   73,   78,   71,  992,   60,  46,   0,   0,    ,   0,    ,  14,   8,           ,  ,  0,    ,    0,    0,    0,    0, THERMO PARAMS, 45, 871, 1998, N, 10, DT, -999, SHR82, -99, 
EP, 13, 2026083106, 03, HFSA, 120, 227N, 1190W,  65,  972, XX,  64, NEQ,    0,   47,    0,    0,  992,   60,  46,   0,   0,    ,   0,    ,  14,   8,           ,  ,  0,    ,    0,    0,    0,    0, THERMO PARAMS, 45, 871, 1998, N, 10, DT, -999, SHR82, -99, 
EP, 13, 2026083106, 03, HFSA, 126, 237N, 1188W,  60,  973, XX,  34, NEQ,  136,  144,  131,  133,  989,   50,  54,   0,   0,    ,   0,    , -99, -99,           ,  ,  0,    ,    0,    0,    0,    0, THERMO PARAMS, 84, 971, 1992, N, 10, DT, -999, SHR82, -99, 
EP, 13, 2026083106, 03, HFSA, 126, 237N, 1188W,  60,  973, XX,  50, NEQ,   74,   84,   79,   68,  989,   50,  54,   0,   0,    ,   0,    , -99, -99,           ,  ,  0,    ,    0,    0,    0,    0, THERMO PARAMS, 84, 971, 1992, N, 10, DT, -999, SHR82, -99, 
EP, 13, 2026083106, 03, TVCN,   0, 120N, 1075W,   0,    0,   ,   0,    ,    0,    0,    0,    0, 
EP, 13, 2026083106, 03, TVCN,  12, 128N, 1085W,   0,    0,   ,   0,    ,    0,    0,    0,    0, 
EP, 13, 2026083106, 03, TVCN,  24, 141N, 1093W,   0,    0,   ,   0,    ,    0,    0,    0,    0, 
EP, 13, 2026083106, 03, TVCN,  36, 151N, 1106W,   0,    0,   ,   0,    ,    0,    0,    0,    0, 
EP, 13, 2026083106, 03, TVCN,  48, 161N, 1116W,   0,    0,   ,   0,    ,    0,    0,    0,    0, 
EP, 13, 2026083106, 03, TVCN,  60, 173N, 1128W,   0,    0,   ,   0,    ,    0,    0,    0,    0, 
EP, 13, 2026083106, 03, TVCN,  72, 184N, 1142W,   0,    0,   ,   0,    ,    0,    0,    0,    0, 
EP, 13, 2026083106, 03, TVCN,  84, 191N, 1155W,   0,    0,   ,   0,    ,    0,    0,    0,    0, 
EP, 13, 2026083106, 03, TVCN,  96, 198N, 1167W,   0,    0,   ,   0,    ,    0,    0,    0,    0, 
EP, 13, 2026083106, 03, TVCN, 108, 207N, 1176W,   0,    0,   ,   0,    ,    0,    0,    0,    0, 
EP, 13, 2026083106, 03, TVCN, 120, 220N, 1182W,   0,    0,   ,   0,    ,    0,    0,    0,    0, 
EP, 13, 2026083106, 03, TVCN, 132, 233N, 1187W,   0,    0,   ,   0,    ,    0,    0,    0,    0, 
EP, 13, 2026083106, 03, TVCN, 144, 232N, 1203W,   0,    0,   ,   0,    ,    0,    0,    0,    0, 
EP, 13, 2026083106, 03, TVCN, 156, 244N, 1212W,   0,    0,   ,   0,    ,    0,    0,    0,    0, 
EP, 13, 2026083106, 03, TVCN, 168, 254N, 1223W,   0,    0,   ,   0,    ,    0,    0,    0,    0, 
EP, 13, 2026083112, 03,  UKX,   0, 119N, 1082W,  25, 1007, XX,  34, NEQ,    0,    0,    0,    0, 
EP, 13, 2026083112, 03,  UKX,   6, 127N, 1088W,  29, 1006, XX,  34, NEQ,    0,    0,    0,    0, 
EP, 13, 2026083112, 03,  UKX,  12, 132N, 1095W,  34, 1005, XX,  34, NEQ,    0,    0,    0,    0, 
EP, 13, 2026083112, 03,  UKX,  18, 138N, 1102W,  35, 1006, XX,  34, NEQ,   88,   85,    0,    0, 
EP, 13, 2026083112, 03,  UKX,  24, 144N, 1109W,  39, 1005, XX,  34, NEQ,  118,    0,    0,    0, 
EP, 13, 2026083112, 03,  UKX,  30, 149N, 1120W,  40, 1004, XX,  34, NEQ,  129,   99,    0,  117, 
EP, 13, 2026083112, 03,  UKX,  36, 155N, 1130W,  40, 1003, XX,  34, NEQ,  134,  104,    0,  135, 
EP, 13, 2026083112, 03,  UKX,  42, 158N, 1138W,  38, 1003, XX,  34, NEQ,  101,  105,    0,    0, 
EP, 13, 2026083112, 03,  UKX,  48, 164N, 1145W,  41, 1001, XX,  34, NEQ,  127,  127,    0,   87, 
EP, 13, 2026083112, 03,  UKX,  54, 168N, 1152W,  43, 1001, XX,  34, NEQ,  141,  148,    0,  105, 
EP, 13, 2026083112, 03,  UKX,  60, 174N, 1161W,  43,  998, XX,  34, NEQ,  151,  150,    0,  111, 
EP, 13, 2026083112, 03,  UKX,  66, 178N, 1169W,  42,  999, XX,  34, NEQ,  129,  127,    0,  112, 
EP, 13, 2026083112, 03,  UKX,  72, 180N, 1177W,  39,  995, XX,  34, NEQ,  147,  104,   73,  141, 
EP, 13, 2026083112, 03,  UKX,  78, 181N, 1186W,  43,  995, XX,  34, NEQ,  135,  128,  107,  144, 
EP, 13, 2026083112, 03,  UKX,  84, 185N, 1192W,  44,  991, XX,  34, NEQ,  127,  117,   93,  124, 
EP, 13, 2026083112, 03,  UKX,  90, 188N, 1197W,  44,  992, XX,  34, NEQ,  121,  130,  103,  126, 
EP, 13, 2026083112, 03,  UKX,  96, 192N, 1202W,  47,  989, XX,  34, NEQ,  127,  135,  105,  127, 
EP, 13, 2026083112, 03,  UKX, 102, 196N, 1206W,  50,  990, XX,  34, NEQ,  128,  125,  113,  138, 
EP, 13, 2026083112, 03,  UKX, 108, 203N, 1208W,  52,  988, XX,  34, NEQ,  117,  119,  114,  127, 
EP, 13, 2026083112, 03,  UKX, 108, 203N, 1208W,  52,  988, XX,  50, NEQ,   68,   62,    0,    0, 
EP, 13, 2026083112, 03,  UKX, 114, 209N, 1209W,  53,  990, XX,  34, NEQ,  123,  126,  119,  123, 
EP, 13, 2026083112, 03,  UKX, 114, 209N, 1209W,  53,  990, XX,  50, NEQ,   69,   51,    0,    0, 
EP, 13, 2026083112, 03,  UKX, 120, 217N, 1210W,  52,  989, XX,  34, NEQ,  125,  138,  114,  122, 
EP, 13, 2026083112, 03,  UKX, 120, 217N, 1210W,  52,  989, XX,  50, NEQ,   74,    0,    0,    0, 
EP, 13, 2026083112, 03,  UKX, 126, 226N, 1209W,  51,  991, XX,  34, NEQ,  131,  133,  112,  131, 
EP, 13, 2026083112, 03,  UKX, 126, 226N, 1209W,  51,  991, XX,  50, NEQ,    0,    0,    0,   51, 
EP, 13, 2026083112, 03,  UKX, 132, 233N, 1211W,  49,  991, XX,  34, NEQ,  119,  105,  110,  116, 
EP, 13, 2026083112, 03,  UKX, 138, 235N, 1212W,  45,  994, XX,  34, NEQ,  110,   85,   98,  107, 
EP, 13, 2026083112, 03,  UKX, 144, 236N, 1212W,  39,  996, XX,  34, NEQ,   75,   62,    0,   62, 
EP, 13, 2026083112, 03, AVNO,   0, 123N, 1069W,  29, 1006, XX,  34, NEQ,    0,    0,    0,    0,  -99,  -99,  38,   0,   0, 
EP, 13, 2026083112, 03, AVNO,   6, 134N, 1070W,  42, 1006, XX,  34, NEQ,   76,    0,    0,   39, 1010,  133,  48,   0,   0, 
EP, 13, 2026083112, 03, AVNO,  12, 139N, 1078W,  42, 1002, XX,  34, NEQ,   95,   94,    0,    0, 1006,   69,  64,   0,   0, 
EP, 13, 2026083112, 03, AVNO,  18, 145N, 1088W,  39, 1003, XX,  34, NEQ,  113,  151,    0,    0, 1007,   59, 100,   0,   0, 
EP, 13, 2026083112, 03, AVNO,  24, 152N, 1091W,  43, 1000, XX,  34, NEQ,   79,  191,  191,  102, 1004,   63,  49,   0,   0, 
EP, 13, 2026083112, 03, AVNO,  30, 154N, 1096W,  51, 1000, XX,  34, NEQ,  110,  191,    0,   69, 1008,  105,  58,   0,   0, 
EP, 13, 2026083112, 03, AVNO,  30, 154N, 1096W,  51, 1000, XX,  50, NEQ,   58,    0,    0,    0, 1008,  105,  58,   0,   0, 
EP, 13, 2026083112, 03, AVNO,  36, 161N, 1103W,  47,  995, XX,  34, NEQ,  124,  130,    0,  102, 1007,  153,  57,   0,   0, 
EP, 13, 2026083112, 03, AVNO,  42, 167N, 1109W,  49,  992, XX,  34, NEQ,  135,  132,    0,   87, 1008,  121,  40,   0,   0, 
EP, 13, 2026083112, 03, AVNO,  48, 172N, 1118W,  47,  989, XX,  34, NEQ,  165,  149,   54,   69, 1005,   97,  39,   0,   0, 
EP, 13, 2026083112, 03, AVNO,  54, 173N, 1125W,  56,  984, XX,  34, NEQ,  113,   77,   73,  104, 1000,   50,  27,   0,   0, 
EP, 13, 2026083112, 03, AVNO,  54, 173N, 1125W,  56,  984, XX,  50, NEQ,   36,   46,    0,   36, 1000,   50,  27,   0,   0, 
EP, 13, 2026083112, 03, AVNO,  60, 176N, 1131W,  61,  978, XX,  34, NEQ,  104,   80,   68,   85, 1006,  156,  34,   0,   0, 
EP, 13, 2026083112, 03, AVNO,  60, 176N, 1131W,  61,  978, XX,  50, NEQ,   43,   49,   37,   36, 1006,  156,  34,   0,   0, 
EP, 13, 2026083112, 03, AVNO,  66, 178N, 1138W,  69,  978, XX,  34, NEQ,  106,   90,   81,   90, 1010,  203,  31,   0,   0, 
EP, 13, 2026083112, 03, AVNO,  66, 178N, 1138W,  69,  978, XX,  50, NEQ,   51,   48,   39,   43, 1010,  203,  31,   0,   0, 
EP, 13, 2026083112, 03, AVNO,  66, 178N, 1138W,  69,  978, XX,  64, NEQ,   35,    0,    0,    0, 1010,  203,  31,   0,   0, 
EP, 13, 2026083112, 03, AVNO,  72, 181N, 1143W,  68,  974, XX,  34, NEQ,  101,   98,   94,   94, 1006,  174,  39,   0,   0, 
EP, 13, 2026083112, 03, AVNO,  72, 181N, 1143W,  68,  974, XX,  50, NEQ,   59,   58,   43,   53, 1006,  174,  39,   0,   0, 
EP, 13, 2026083112, 03, AVNO,  72, 181N, 1143W,  68,  974, XX,  64, NEQ,   41,    0,    0,    0, 1006,  174,  39,   0,   0, 
EP, 13, 2026083112, 03, AVNO,  78, 184N, 1150W,  69,  975, XX,  34, NEQ,  119,  118,   92,  102, 1007,  153,  31,   0,   0, 
EP, 13, 2026083112, 03, AVNO,  78, 184N, 1150W,  69,  975, XX,  50, NEQ,   63,   60,   54,   46, 1007,  153,  31,   0,   0, 
EP, 13, 2026083112, 03, AVNO,  78, 184N, 1150W,  69,  975, XX,  64, NEQ,   41,   40,    0,    0, 1007,  153,  31,   0,   0, 
EP, 13, 2026083112, 03, AVNO,  84, 188N, 1155W,  70,  973, XX,  34, NEQ,  118,  123,   92,  108, 1005,  163,  32,   0,   0, 
EP, 13, 2026083112, 03, AVNO,  84, 188N, 1155W,  70,  973, XX,  50, NEQ,   65,   60,   46,   55, 1005,  163,  32,   0,   0, 
EP, 13, 2026083112, 03, AVNO,  84, 188N, 1155W,  70,  973, XX,  64, NEQ,   42,   33,    0,    0, 1005,  163,  32,   0,   0, 
EP, 13, 2026083112, 03, AVNO,  90, 191N, 1160W,  65,  975, XX,  34, NEQ,  130,  141,   87,  115, 1007,  189,  38,   0,   0, 
EP, 13, 2026083112, 03, AVNO,  90, 191N, 1160W,  65,  975, XX,  50, NEQ,   63,   62,   44,   61, 1007,  189,  38,   0,   0, 
EP, 13, 2026083112, 03, AVNO,  90, 191N, 1160W,  65,  975, XX,  64, NEQ,   39,    0,    0,    0, 1007,  189,  38,   0,   0, 
EP, 13, 2026083112, 03, AVNO,  96, 196N, 1164W,  62,  972, XX,  34, NEQ,  137,  141,   99,  104, 1004,  170,  33,   0,   0, 
EP, 13, 2026083112, 03, AVNO,  96, 196N, 1164W,  62,  972, XX,  50, NEQ,   76,   70,   52,   59, 1004,  170,  33,   0,   0, 
EP, 13, 2026083112, 03, AVNO, 102, 203N, 1169W,  61,  974, XX,  34, NEQ,  149,  152,   95,  121, 1006,  154,  37,   0,   0, 
EP, 13, 2026083112, 03, AVNO, 102, 203N, 1169W,  61,  974, XX,  50, NEQ,   80,   67,   48,   63, 1006,  154,  37,   0,   0, 
EP, 13, 2026083112, 03, AVNO, 108, 209N, 1173W,  70,  971, XX,  34, NEQ,  144,  150,  109,  128, 1003,  157,  38,   0,   0, 
EP, 13, 2026083112, 03, AVNO, 108, 209N, 1173W,  70,  971, XX,  50, NEQ,   70,   61,   56,   55, 1003,  157,  38,   0,   0, 
EP, 13, 2026083112, 03, AVNO, 108, 209N, 1173W,  70,  971, XX,  64, NEQ,   50,   34,    0,    0, 1003,  157,  38,   0,   0, 
EP, 13, 2026083112, 03, AVNO, 114, 214N, 1178W,  65,  974, XX,  34, NEQ,  142,  157,   98,  126, 1006,  171,  38,   0,   0, 
EP, 13, 2026083112, 03, AVNO, 114, 214N, 1178W,  65,  974, XX,  50, NEQ,   65,   70,   57,   67, 1006,  171,  38,   0,   0, 
EP, 13, 2026083112, 03, AVNO, 114, 214N, 1178W,  65,  974, XX,  64, NEQ,   38,    0,    0,    0, 1006,  171,  38,   0,   0, 
EP, 13, 2026083112, 03, AVNO, 120, 221N, 1179W,  64,  972, XX,  34, NEQ,  125,  132,  116,  113, 1004,  192,  44,   0,   0, 
EP, 13, 2026083112, 03, AVNO, 120, 221N, 1179W,  64,  972, XX,  50, NEQ,   70,   57,   69,   58, 1004,  192,  44,   0,   0, 
EP, 13, 2026083112, 03, AVNO, 120, 221N, 1179W,  64,  972, XX,  64, NEQ,   45,    0,    0,    0, 1004,  192,  44,   0,   0, 
EP, 13, 2026083112, 03, AVNO, 126, 228N, 1181W,  71,  974, XX,  34, NEQ,  134,  134,  119,  119, 1006,  175,  48,   0,   0, 
EP, 13, 2026083112, 03, AVNO, 126, 228N, 1181W,  71,  974, XX,  50, NEQ,   65,   68,   56,   67, 1006,  175,  48,   0,   0, 
EP, 13, 2026083112, 03, AVNO, 126, 228N, 1181W,  71,  974, XX,  64, NEQ,   51,   53,    0,    0, 1006,  175,  48,   0,   0, 
EP, 13, 2026083112, 03, AVNO, 132, 236N, 1183W,  66,  973, XX,  34, NEQ,  129,  132,  120,  126, 1005,  206,  48,   0,   0, 
EP, 13, 2026083112, 03, AVNO, 132, 236N, 1183W,  66,  973, XX,  50, NEQ,   66,   67,   63,   62, 1005,  206,  48,   0,   0, 
EP, 13, 2026083112, 03, AVNO, 132, 236N, 1183W,  66,  973, XX,  64, NEQ,    0,   50,    0,    0, 1005,  206,  48,   0,   0, 
EP, 13, 2026083112, 03, AVNO, 138, 244N, 1184W,  59,  978, XX,  34, NEQ,  133,  138,  116,  128, 1006,  168,  51,   0,   0, 
EP, 13, 2026083112, 03, AVNO, 138, 244N, 1184W,  59,  978, XX,  50, NEQ,   65,   66,   60,   64, 1006,  168,  51,   0,   0, 
EP, 13, 2026083112, 03, AVNO, 144, 251N, 1186W,  57,  978, XX,  34, NEQ,  125,  123,  120,  135, 1006,  220,  62,   0,   0, 
EP, 13, 2026083112, 03, AVNO, 144, 251N, 1186W,  57,  978, XX,  50, NEQ,   63,   75,   69,   67, 1006,  220,  62,   0,   0, 
EP, 13, 2026083112, 03, AVNO, 150, 261N, 1187W,  57,  981, XX,  34, NEQ,  127,  125,  111,  122, 1005,  159,  53,   0,   0, 
EP, 13, 2026083112, 03, AVNO, 150, 261N, 1187W,  57,  981, XX,  50, NEQ,   60,   73,    0,    0, 1005,  159,  53,   0,   0, 
EP, 13, 2026083112, 03, AVNO, 156, 272N, 1188W,  53,  981, XX,  34, NEQ,  125,  125,  104,  127, 1005,  205,  47,   0,   0, 
EP, 13, 2026083112, 03, AVNO, 156, 272N, 1188W,  53,  981, XX,  50, NEQ,   60,   65,    0,    0, 1005,  205,  47,   0,   0, 
EP, 13, 2026083112, 03, AVNO, 162, 283N, 1190W,  51,  985, XX,  34, NEQ,  120,  111,   96,  108, 1005,  148,  52,   0,   0, 
EP, 13, 2026083112, 03, AVNO, 162, 283N, 1190W,  51,  985, XX,  50, NEQ,   53,    0,    0,    0, 1005,  148,  52,   0,   0, 
EP, 13, 2026083112, 03, AVNO, 168, 296N, 1192W,  50,  986, XX,  34, NEQ,  117,  110,   79,   93, 1006,  180,  40,   0,   0, 
EP, 13, 2026083112, 03, AVNO, 168, 296N, 1192W,  50,  986, XX,  50, NEQ,   40,    0,    0,    0, 1006,  180,  40,   0,   0, 
EP, 13, 2026083112, 03, AVNO, 174, 307N, 1194W,  46,  990, XX,  34, NEQ,  118,   98,   75,   80, 1006,  120,  46,   0,   0, 
EP, 13, 2026083112, 03, AVNO, 180, 319N, 1194W,  44,  993, XX,  34, NEQ,  117,  101,   56,   67, 1005,   92,  34,   0,   0, 
EP, 13, 2026083112, 03, AVNO, 186, 329N, 1193W,  42,  998, XX,  34, NEQ,   80,   77,    0,    0, 1010,  255,  27,   0,   0, 
EP, 13, 2026083112, 03, AVNO, 192, 335N, 1188W,  35, 1003, XX,  34, NEQ,    0,   41,    0,    0, 1011,  241,  15,   0,   0, 
EP, 13, 2026083112, 03, AVNO, 198, 340N, 1177W,  29, 1011, XX,  34, NEQ,    0,    0,    0,    0,  -99,  -99,  47,   0,   0, 
EP, 13, 2026083112, 03, AVNO, 204, 354N, 1164W,  23, 1008, XX,  34, NEQ,    0,    0,    0,    0,  -99,  -99, 118,   0,   0, 
EP, 13, 2026083112, 03, AVNO, 210, 371N, 1152W,  13, 1009, XX,  34, NEQ,    0,    0,    0,    0,  -99,  -99,  50,   0,   0, 
EP, 13, 2026083112, 03, HCCA,   0, 119N, 1081W,  30,    0,   ,   0,    ,    0,    0,    0,    0, 
EP, 13, 2026083112, 03, HCCA,  12, 127N, 1088W,  39,    0,   ,   0,    ,    0,    0,    0,    0, 
EP, 13, 2026083112, 03, HCCA,  24, 139N, 1100W,  51,    0,   ,   0,    ,    0,    0,    0,    0, 
EP, 13, 2026083112, 03, HCCA,  36, 149N, 1112W,  61,    0,   ,   0,    ,    0,    0,    0,    0, 
EP, 13, 2026083112, 03, HCCA,  48, 162N, 1124W,  69,    0,   ,   0,    ,    0,    0,    0,    0, 
EP, 13, 2026083112, 03, HCCA,  60, 173N, 1137W,  74,    0,   ,   0,    ,    0,    0,    0,    0, 
EP, 13, 2026083112, 03, HCCA,  72, 182N, 1152W,  78,    0,   ,   0,    ,    0,    0,    0,    0, 
EP, 13, 2026083112, 03, HCCA,  84, 189N, 1167W,  86,    0,   ,   0,    ,    0,    0,    0,    0, 
EP, 13, 2026083112, 03, HCCA,  96, 198N, 1180W,  88,    0,   ,   0,    ,    0,    0,    0,    0, 
EP, 13, 2026083112, 03, HCCA, 108, 209N, 1190W,  86,    0,   ,   0,    ,    0,    0,    0,    0, 
EP, 13, 2026083112, 03, HCCA, 120, 220N, 1195W,  82,    0,   ,   0,    ,    0,    0,    0,    0, 
EP, 13, 2026083112, 03, HCCA, 132, 235N, 1201W,  80,    0,   ,   0,    ,    0,    0,    0,    0, 
EP, 13, 2026083112, 03, HCCA, 144, 252N, 1202W,  75,    0,   ,   0,    ,    0,    0,    0,    0, 
EP, 13, 2026083112, 03, HCCA, 156, 277N, 1208W,  68,    0,   ,   0,    ,    0,    0,    0,    0, 
EP, 13, 2026083112, 03, HCCA, 168, 287N, 1215W,  61,    0,   ,   0,    ,    0,    0,    0,    0, 
EP, 13, 2026083112, 03, HFSA,   0, 120N, 1080W,  29, 1005, XX,  34, NEQ,    0,    0,    0,    0,  -99,  -99,  66,   0,   0,    ,   0,    , 299,   5,           ,  ,  0,    ,    0,    0,    0,    0, THERMO PARAMS, 54, -42, 58, N, 10, DT, -999, SHR82, -99, 
EP, 13, 2026083112, 03, HFSA,   6, 125N, 1074W,  41, 1000, XX,  34, NEQ,   45,   42,    0,    0, 1004,    2,  35,   0,   0,    ,   0,    ,   7,   7,           ,  ,  0,    ,    0,    0,    0,    0, THERMO PARAMS, -83, 521, -139, N, 10, DT, -999, SHR82, -99, 
EP, 13, 2026083112, 03, HFSA,  12, 138N, 1083W,  40, 1003, XX,  34, NEQ,    0,   78,   96,    0,  -99,  -99,  66,   0,   0,    ,   0,    , 336,  12,           ,  ,  0,    ,    0,    0,    0,    0, THERMO PARAMS, -58, -30, 305, N, 10, DT, -999, SHR82, -99, 
EP, 13, 2026083112, 03, HFSA,  18, 146N, 1088W,  43, 1005, XX,  34, NEQ,   79,  152,  147,    0,  -99,  -99,  51,   0,   0,    ,   0,    , 320,  10,           ,  ,  0,    ,    0,    0,    0,    0, THERMO PARAMS, -43, 294, 543, N, 10, DT, -999, SHR82, -99, 
EP, 13, 2026083112, 03, HFSA,  24, 154N, 1098W,  41,  998, XX,  34, NEQ,  121,  172,  147,   39, 1002,   41, 101,   0,   0,    ,   0,    , 283,  10,           ,  ,  0,    ,    0,    0,    0,    0, THERMO PARAMS, 9, 436, 462, N, 10, DT, -999, SHR82, -99, 
EP, 13, 2026083112, 03, HFSA,  30, 154N, 1106W,  40, 1002, XX,  34, NEQ,   99,  123,    0,    0, 1006,   52,  94,   0,   0,    ,   0,    , 296,   6,           ,  ,  0,    ,    0,    0,    0,    0, THERMO PARAMS, 49, 276, 377, N, 10, DT, -999, SHR82, -99, 
EP, 13, 2026083112, 03, HFSA,  36, 156N, 1112W,  42,  997, XX,  34, NEQ,  128,  105,    0,    0, 1001,   37,  38,   0,   0,    ,   0,    , 313,   5,           ,  ,  0,    ,    0,    0,    0,    0, THERMO PARAMS, 33, 351, 383, N, 10, DT, -999, SHR82, -99, 
EP, 13, 2026083112, 03, HFSA,  42, 163N, 1117W,  44,  997, XX,  34, NEQ,   84,  110,    0,   40, 1001,   17,  71,   0,   0,    ,   0,    , 314,   9,           ,  ,  0,    ,    0,    0,    0,    0, THERMO PARAMS, -2, 518, 437, N, 10, DT, -999, SHR82, -99, 
EP, 13, 2026083112, 03, HFSA,  48, 165N, 1124W,  47,  993, XX,  34, NEQ,  130,  120,  120,   89,  997,   17,  19,   0,   0,    ,   0,    , 307,   4,           ,  ,  0,    ,    0,    0,    0,    0, THERMO PARAMS, 8, 495, 856, N, 10, DT, -999, SHR82, -99, 
EP, 13, 2026083112, 03, HFSA,  54, 171N, 1131W,  48,  993, XX,  34, NEQ,  146,  126,   74,  128, 1001,   45,  64,   0,   0,    ,   0,    , 306,   9,           ,  ,  0,    ,    0,    0,    0,    0, THERMO PARAMS, 19, 577, 922, N, 10, DT, -999, SHR82, -99, 
EP, 13, 2026083112, 03, HFSA,  60, 177N, 1138W,  55,  987, XX,  34, NEQ,  117,  134,   91,  105,  995,   37,  29,   0,   0,    ,   0,    , 307,   9,           ,  ,  0,    ,    0,    0,    0,    0, THERMO PARAMS, 74, 673, 940, N, 10, DT, -999, SHR82, -99, 
EP, 13, 2026083112, 03, HFSA,  60, 177N, 1138W,  55,  987, XX,  50, NEQ,   42,    0,    0,    0,  995,   37,  29,   0,   0,    ,   0,    , 307,   9,           ,  ,  0,    ,    0,    0,    0,    0, THERMO PARAMS, 74, 673, 940, N, 10, DT, -999, SHR82, -99, 
EP, 13, 2026083112, 03, HFSA,  66, 180N, 1145W,  65,  987, XX,  34, NEQ,  100,  142,  123,  108,  999,   63,  26,   0,   0,    ,   0,    , 314,   8,           ,  ,  0,    ,    0,    0,    0,    0, THERMO PARAMS, 74, 463, 1315, N, 10, DT, -999, SHR82, -99, 
EP, 13, 2026083112, 03, HFSA,  66, 180N, 1145W,  65,  987, XX,  50, NEQ,   47,   60,    0,    0,  999,   63,  26,   0,   0,    ,   0,    , 314,   8,           ,  ,  0,    ,    0,    0,    0,    0, THERMO PARAMS, 74, 463, 1315, N, 10, DT, -999, SHR82, -99, 
EP, 13, 2026083112, 03, HFSA,  66, 180N, 1145W,  65,  987, XX,  64, NEQ,   26,    0,    0,    0,  999,   63,  26,   0,   0,    ,   0,    , 314,   8,           ,  ,  0,    ,    0,    0,    0,    0, THERMO PARAMS, 74, 463, 1315, N, 10, DT, -999, SHR82, -99, 
EP, 13, 2026083112, 03, HFSA,  72, 182N, 1154W,  57,  982, XX,  34, NEQ,  133,  125,  128,  128,  994,   51,  41,   0,   0,    ,   0,    , 295,   7,           ,  ,  0,    ,    0,    0,    0,    0, THERMO PARAMS, 56, 768, 1329, N, 10, DT, -999, SHR82, -99, 
EP, 13, 2026083112, 03, HFSA,  72, 182N, 1154W,  57,  982, XX,  50, NEQ,   68,   68,    0,   55,  994,   51,  41,   0,   0,    ,   0,    , 295,   7,           ,  ,  0,    ,    0,    0,    0,    0, THERMO PARAMS, 56, 768, 1329, N, 10, DT, -999, SHR82, -99, 
EP, 13, 2026083112, 03, HFSA,  78, 184N, 1162W,  65,  983, XX,  34, NEQ,  173,  128,  128,  130,  987,   18,  56,   0,   0,    ,   0,    , 302,   7,           ,  ,  0,    ,    0,    0,    0,    0, THERMO PARAMS, 59, 968, 1280, N, 10, DT, -999, SHR82, -99, 
EP, 13, 2026083112, 03, HFSA,  78, 184N, 1162W,  65,  983, XX,  50, NEQ,   71,   86,   89,   68,  987,   18,  56,   0,   0,    ,   0,    , 302,   7,           ,  ,  0,    ,    0,    0,    0,    0, THERMO PARAMS, 59, 968, 1280, N, 10, DT, -999, SHR82, -99, 
EP, 13, 2026083112, 03, HFSA,  84, 187N, 1167W,  71,  977, XX,  34, NEQ,  128,  126,  128,  152,  989,   46,  44,   0,   0,    ,   0,    , 314,   7,           ,  ,  0,    ,    0,    0,    0,    0, THERMO PARAMS, 44, 944, 1642, N, 10, DT, -999, SHR82, -99, 
EP, 13, 2026083112, 03, HFSA,  84, 187N, 1167W,  71,  977, XX,  50, NEQ,   73,   89,   87,   66,  989,   46,  44,   0,   0,    ,   0,    , 314,   7,           ,  ,  0,    ,    0,    0,    0,    0, THERMO PARAMS, 44, 944, 1642, N, 10, DT, -999, SHR82, -99, 
EP, 13, 2026083112, 03, HFSA,  84, 187N, 1167W,  71,  977, XX,  64, NEQ,   53,   66,    0,   47,  989,   46,  44,   0,   0,    ,   0,    , 314,   7,           ,  ,  0,    ,    0,    0,    0,    0, THERMO PARAMS, 44, 944, 1642, N, 10, DT, -999, SHR82, -99, 
EP, 13, 2026083112, 03, HFSA,  90, 191N, 1175W,  69,  979, XX,  34, NEQ,  144,  142,  121,  131,  991,   46,  53,   0,   0,    ,   0,    , 303,   8,           ,  ,  0,    ,    0,    0,    0,    0, THERMO PARAMS, 63, 810, 1675, N, 10, DT, -999, SHR82, -99, 
EP, 13, 2026083112, 03, HFSA,  90, 191N, 1175W,  69,  979, XX,  50, NEQ,   73,   83,   53,   68,  991,   46,  53,   0,   0,    ,   0,    , 303,   8,           ,  ,  0,    ,    0,    0,    0,    0, THERMO PARAMS, 63, 810, 1675, N, 10, DT, -999, SHR82, -99, 
EP, 13, 2026083112, 03, HFSA,  90, 191N, 1175W,  69,  979, XX,  64, NEQ,   57,   50,    0,    0,  991,   46,  53,   0,   0,    ,   0,    , 303,   8,           ,  ,  0,    ,    0,    0,    0,    0, THERMO PARAMS, 63, 810, 1675, N, 10, DT, -999, SHR82, -99, 
EP, 13, 2026083112, 03, HFSA,  96, 195N, 1180W,  62,  977, XX,  34, NEQ,  125,  128,  120,  139,  993,   62,  34,   0,   0,    ,   0,    , 321,   6,           ,  ,  0,    ,    0,    0,    0,    0, THERMO PARAMS, -6, 1077, 1602, N, 10, DT, -999, SHR82, -99, 
EP, 13, 2026083112, 03, HFSA,  96, 195N, 1180W,  62,  977, XX,  50, NEQ,   62,   78,   42,   63,  993,   62,  34,   0,   0,    ,   0,    , 321,   6,           ,  ,  0,    ,    0,    0,    0,    0, THERMO PARAMS, -6, 1077, 1602, N, 10, DT, -999, SHR82, -99, 
EP, 13, 2026083112, 03, HFSA, 102, 200N, 1187W,  67,  979, XX,  34, NEQ,  134,  139,  113,  136,  987,   35,  41,   0,   0,    ,   0,    , 317,   7,           ,  ,  0,    ,    0,    0,    0,    0, THERMO PARAMS, -22, 1195, 1646, N, 10, DT, -999, SHR82, -99, 
EP, 13, 2026083112, 03, HFSA, 102, 200N, 1187W,  67,  979, XX,  50, NEQ,   74,   70,   55,   73,  987,   35,  41,   0,   0,    ,   0,    , 317,   7,           ,  ,  0,    ,    0,    0,    0,    0, THERMO PARAMS, -22, 1195, 1646, N, 10, DT, -999, SHR82, -99, 
EP, 13, 2026083112, 03, HFSA, 102, 200N, 1187W,  67,  979, XX,  64, NEQ,   42,    0,    0,    0,  987,   35,  41,   0,   0,    ,   0,    , 317,   7,           ,  ,  0,    ,    0,    0,    0,    0, THERMO PARAMS, -22, 1195, 1646, N, 10, DT, -999, SHR82, -99, 
EP, 13, 2026083112, 03, HFSA, 108, 205N, 1191W,  68,  975, XX,  34, NEQ,  138,  133,  118,  126, 1003,  136,  40,   0,   0,    ,   0,    , 340,   6,           ,  ,  0,    ,    0,    0,    0,    0, THERMO PARAMS, -39, 1119, 1620, N, 10, DT, -999, SHR82, -99, 
EP, 13, 2026083112, 03, HFSA, 108, 205N, 1191W,  68,  975, XX,  50, NEQ,   71,   63,   60,   71, 1003,  136,  40,   0,   0,    ,   0,    , 340,   6,           ,  ,  0,    ,    0,    0,    0,    0, THERMO PARAMS, -39, 1119, 1620, N, 10, DT, -999, SHR82, -99, 
EP, 13, 2026083112, 03, HFSA, 108, 205N, 1191W,  68,  975, XX,  64, NEQ,   42,    0,    0,   40, 1003,  136,  40,   0,   0,    ,   0,    , 340,   6,           ,  ,  0,    ,    0,    0,    0,    0, THERMO PARAMS, -39, 1119, 1620, N, 10, DT, -999, SHR82, -99, 
EP, 13, 2026083112, 03, HFSA, 114, 211N, 1193W,  72,  975, XX,  34, NEQ,  138,  134,  117,  130,  991,   53,  41,   0,   0,    ,   0,    , 338,   6,           ,  ,  0,    ,    0,    0,    0,    0, THERMO PARAMS, 19, 892, 1716, N, 10, DT, -999, SHR82, -99, 
EP, 13, 2026083112, 03, HFSA, 114, 211N, 1193W,  72,  975, XX,  50, NEQ,   62,   71,   62,   66,  991,   53,  41,   0,   0,    ,   0,    , 338,   6,           ,  ,  0,    ,    0,    0,    0,    0, THERMO PARAMS, 19, 892, 1716, N, 10, DT, -999, SHR82, -99, 
EP, 13, 2026083112, 03, HFSA, 114, 211N, 1193W,  72,  975, XX,  64, NEQ,   49,   47,    0,   44,  991,   53,  41,   0,   0,    ,   0,    , 338,   6,           ,  ,  0,    ,    0,    0,    0,    0, THERMO PARAMS, 19, 892, 1716, N, 10, DT, -999, SHR82, -99, 
EP, 13, 2026083112, 03, HFSA, 120, 218N, 1195W,  74,  972, XX,  34, NEQ,  125,  123,  123,  134,  996,   79,  35,   0,   0,    ,   0,    , 351,   8,           ,  ,  0,    ,    0,    0,    0,    0, THERMO PARAMS, 36, 1212, 2124, N, 10, DT, -999, SHR82, -99, 
EP, 13, 2026083112, 03, HFSA, 120, 218N, 1195W,  74,  972, XX,  50, NEQ,   66,   71,   66,   66,  996,   79,  35,   0,   0,    ,   0,    , 351,   8,           ,  ,  0,    ,    0,    0,    0,    0, THERMO PARAMS, 36, 1212, 2124, N, 10, DT, -999, SHR82, -99, 
EP, 13, 2026083112, 03, HFSA, 120, 218N, 1195W,  74,  972, XX,  64, NEQ,   44,   45,    0,   44,  996,   79,  35,   0,   0,    ,   0,    , 351,   8,           ,  ,  0,    ,    0,    0,    0,    0, THERMO PARAMS, 36, 1212, 2124, N, 10, DT, -999, SHR82, -99, 
EP, 13, 2026083112, 03, HFSA, 126, 227N, 1197W,  76,  975, XX,  34, NEQ,  123,  123,  110,  134,  995,   65,  42,   0,   0,    ,   0,    , -99, -99,           ,  ,  0,    ,    0,    0,    0,    0, THERMO PARAMS, 36, 1047, 2051, N, 10, DT, -999, SHR82, -99, 
EP, 13, 2026083112, 03, HFSA, 126, 227N, 1197W,  76,  975, XX,  50, NEQ,   65,   70,   65,   66,  995,   65,  42,   0,   0,    ,   0,    , -99, -99,           ,  ,  0,    ,    0,    0,    0,    0, THERMO PARAMS, 36, 1047, 2051, N, 10, DT, -999, SHR82, -99, 
EP, 13, 2026083112, 03, HFSA, 126, 227N, 1197W,  76,  975, XX,  64, NEQ,   52,   50,    0,   44,  995,   65,  42,   0,   0,    ,   0,    , -99, -99,           ,  ,  0,    ,    0,    0,    0,    0, THERMO PARAMS, 36, 1047, 2051, N, 10, DT, -999, SHR82, -99, 
EP, 13, 2026083112, 03, TVCN,   0, 119N, 1081W,   0,    0,   ,   0,    ,    0,    0,    0,    0, 
EP, 13, 2026083112, 03, TVCN,  12, 132N, 1088W,   0,    0,   ,   0,    ,    0,    0,    0,    0, 
EP, 13, 2026083112, 03, TVCN,  24, 144N, 1100W,   0,    0,   ,   0,    ,    0,    0,    0,    0, 
EP, 13, 2026083112, 03, TVCN,  36, 155N, 1112W,   0,    0,   ,   0,    ,    0,    0,    0,    0, 
EP, 13, 2026083112, 03, TVCN,  48, 166N, 1124W,   0,    0,   ,   0,    ,    0,    0,    0,    0, 
EP, 13, 2026083112, 03, TVCN,  60, 177N, 1138W,   0,    0,   ,   0,    ,    0,    0,    0,    0, 
EP, 13, 2026083112, 03, TVCN,  72, 186N, 1152W,   0,    0,   ,   0,    ,    0,    0,    0,    0, 
EP, 13, 2026083112, 03, TVCN,  84, 192N, 1165W,   0,    0,   ,   0,    ,    0,    0,    0,    0, 
EP, 13, 2026083112, 03, TVCN,  96, 201N, 1176W,   0,    0,   ,   0,    ,    0,    0,    0,    0, 
EP, 13, 2026083112, 03, TVCN, 108, 212N, 1183W,   0,    0,   ,   0,    ,    0,    0,    0,    0, 
EP, 13, 2026083112, 03, TVCN, 120, 226N, 1187W,   0,    0,   ,   0,    ,    0,    0,    0,    0, 
EP, 13, 2026083112, 03, TVCN, 132, 240N, 1189W,   0,    0,   ,   0,    ,    0,    0,    0,    0, 
EP, 13, 2026083112, 03, TVCN, 144, 241N, 1202W,   0,    0,   ,   0,    ,    0,    0,    0,    0, 
EP, 13, 2026083112, 03, TVCN, 156, 253N, 1211W,   0,    0,   ,   0,    ,    0,    0,    0,    0, 
EP, 13, 2026083112, 03, TVCN, 168, 263N, 1224W,   0,    0,   ,   0,    ,    0,    0,    0,    0, 
EP, 13, 2026083118, 03, AVNO,   0, 134N, 1070W,  41, 1006, XX,  34, NEQ,   46,    0,    0,   35, 1010,  124,  38,   0,   0, 
EP, 13, 2026083118, 03, AVNO,   6, 139N, 1078W,  40, 1002, XX,  34, NEQ,   81,   88,    0,    0, 1006,   94,  53,   0,   0, 
EP, 13, 2026083118, 03, AVNO,  12, 146N, 1089W,  34, 1004, XX,  34, NEQ,  104,    0,    0,    0, 1008,   56, 104,   0,   0, 
EP, 13, 2026083118, 03, AVNO,  18, 151N, 1094W,  38, 1001, XX,  34, NEQ,  108,  144,    0,    0, 1009,  213,  71,   0,   0, 
EP, 13, 2026083118, 03, AVNO,  24, 155N, 1096W,  43, 1000, XX,  34, NEQ,   92,  136,    0,    0, 1008,  104,  72,   0,   0, 
EP, 13, 2026083118, 03, AVNO,  30, 164N, 1103W,  48,  995, XX,  34, NEQ,  106,  183,    0,   68, 1007,  165,  64,   0,   0, 
EP, 13, 2026083118, 03, AVNO,  36, 170N, 1111W,  45,  997, XX,  34, NEQ,  123,  145,    0,   89, 1009,  120,  36,   0,   0, 
EP, 13, 2026083118, 03, AVNO,  42, 172N, 1119W,  50,  991, XX,  34, NEQ,  108,   67,   59,  108, 1007,  126,  39,   0,   0, 
EP, 13, 2026083118, 03, AVNO,  42, 172N, 1119W,  50,  991, XX,  50, NEQ,    0,   40,    0,    0, 1007,  126,  39,   0,   0, 
EP, 13, 2026083118, 03, AVNO,  48, 177N, 1127W,  53,  987, XX,  34, NEQ,  141,   71,   76,   80, 1007,  103,  29,   0,   0, 
EP, 13, 2026083118, 03, AVNO,  48, 177N, 1127W,  53,  987, XX,  50, NEQ,    0,   31,    0,    0, 1007,  103,  29,   0,   0, 
EP, 13, 2026083118, 03, AVNO,  54, 180N, 1135W,  61,  983, XX,  34, NEQ,   89,   80,   85,   85, 1007,  138,  48,   0,   0, 
EP, 13, 2026083118, 03, AVNO,  54, 180N, 1135W,  61,  983, XX,  50, NEQ,   48,   35,    0,   40, 1007,  138,  48,   0,   0, 
EP, 13, 2026083118, 03, AVNO,  60, 180N, 1143W,  60,  983, XX,  34, NEQ,  100,   89,   84,   92, 1011,  231,  35,   0,   0, 
EP, 13, 2026083118, 03, AVNO,  60, 180N, 1143W,  60,  983, XX,  50, NEQ,   43,   50,   39,   40, 1011,  231,  35,   0,   0, 
EP, 13, 2026083118, 03, AVNO,  66, 181N, 1149W,  65,  978, XX,  34, NEQ,   97,   96,   90,   93, 1006,  153,  24,   0,   0, 
EP, 13, 2026083118, 03, AVNO,  66, 181N, 1149W,  65,  978, XX,  50, NEQ,   42,   60,   31,   53, 1006,  153,  24,   0,   0, 
EP, 13, 2026083118, 03, AVNO,  66, 181N, 1149W,  65,  978, XX,  64, NEQ,   24,    0,    0,    0, 1006,  153,  24,   0,   0, 
EP, 13, 2026083118, 03, AVNO,  72, 183N, 1155W,  69,  979, XX,  34, NEQ,  113,  113,   94,   99, 1007,  136,  29,   0,   0, 
EP, 13, 2026083118, 03, AVNO,  72, 183N, 1155W,  69,  979, XX,  50, NEQ,   58,   61,   36,   33, 1007,  136,  29,   0,   0, 
EP, 13, 2026083118, 03, AVNO,  72, 183N, 1155W,  69,  979, XX,  64, NEQ,   29,   40,    0,    0, 1007,  136,  29,   0,   0, 
EP, 13, 2026083118, 03, AVNO,  78, 186N, 1159W,  62,  976, XX,  34, NEQ,  110,  117,   97,   99, 1004,  145,  43,   0,   0, 
EP, 13, 2026083118, 03, AVNO,  78, 186N, 1159W,  62,  976, XX,  50, NEQ,   57,   65,   47,   53, 1004,  145,  43,   0,   0, 
EP, 13, 2026083118, 03, AVNO,  84, 190N, 1164W,  68,  977, XX,  34, NEQ,  120,  133,   94,  108, 1009,  234,  37,   0,   0, 
EP, 13, 2026083118, 03, AVNO,  84, 190N, 1164W,  68,  977, XX,  50, NEQ,   62,   57,   48,   48, 1009,  234,  37,   0,   0, 
EP, 13, 2026083118, 03, AVNO,  84, 190N, 1164W,  68,  977, XX,  64, NEQ,   40,    0,    0,    0, 1009,  234,  37,   0,   0, 
EP, 13, 2026083118, 03, AVNO,  90, 196N, 1170W,  65,  974, XX,  34, NEQ,  132,  131,   85,  103, 1006,  247,  30,   0,   0, 
EP, 13, 2026083118, 03, AVNO,  90, 196N, 1170W,  65,  974, XX,  50, NEQ,   65,   61,   40,   57, 1006,  247,  30,   0,   0, 
EP, 13, 2026083118, 03, AVNO,  90, 196N, 1170W,  65,  974, XX,  64, NEQ,   30,   37,    0,    0, 1006,  247,  30,   0,   0, 
EP, 13, 2026083118, 03, AVNO,  96, 201N, 1178W,  64,  977, XX,  34, NEQ,  133,  137,   84,  118, 1005,  132,  33,   0,   0, 
EP, 13, 2026083118, 03, AVNO,  96, 201N, 1178W,  64,  977, XX,  50, NEQ,   66,   52,   47,   60, 1005,  132,  33,   0,   0, 
EP, 13, 2026083118, 03, AVNO, 102, 205N, 1184W,  63,  975, XX,  34, NEQ,  130,  110,   90,  115, 1003,  130,  43,   0,   0, 
EP, 13, 2026083118, 03, AVNO, 102, 205N, 1184W,  63,  975, XX,  50, NEQ,   61,   56,   51,   60, 1003,  130,  43,   0,   0, 
EP, 13, 2026083118, 03, AVNO, 108, 210N, 1190W,  64,  976, XX,  34, NEQ,  116,  119,   87,  115, 1008,  236,  31,   0,   0, 
EP, 13, 2026083118, 03, AVNO, 108, 210N, 1190W,  64,  976, XX,  50, NEQ,   63,   55,   49,   63, 1008,  236,  31,   0,   0, 
EP, 13, 2026083118, 03, AVNO, 108, 210N, 1190W,  64,  976, XX,  64, NEQ,   31,    0,    0,    0, 1008,  236,  31,   0,   0, 
EP, 13, 2026083118, 03, AVNO, 114, 216N, 1193W,  65,  975, XX,  34, NEQ,  110,  119,   98,  106, 1003,  136,  41,   0,   0, 
EP, 13, 2026083118, 03, AVNO, 114, 216N, 1193W,  65,  975, XX,  50, NEQ,   65,   52,   62,   56, 1003,  136,  41,   0,   0, 
EP, 13, 2026083118, 03, AVNO, 114, 216N, 1193W,  65,  975, XX,  64, NEQ,   41,    0,    0,    0, 1003,  136,  41,   0,   0, 
EP, 13, 2026083118, 03, AVNO, 120, 221N, 1196W,  61,  977, XX,  34, NEQ,  109,  118,  105,  124, 1005,  138,  50,   0,   0, 
EP, 13, 2026083118, 03, AVNO, 120, 221N, 1196W,  61,  977, XX,  50, NEQ,   57,   71,   52,   63, 1005,  138,  50,   0,   0, 
EP, 13, 2026083118, 03, AVNO, 126, 227N, 1198W,  62,  976, XX,  34, NEQ,  112,  108,   97,  122, 1004,  144,  34,   0,   0, 
EP, 13, 2026083118, 03, AVNO, 126, 227N, 1198W,  62,  976, XX,  50, NEQ,   61,   63,   52,   66, 1004,  144,  34,   0,   0, 
EP, 13, 2026083118, 03, AVNO, 132, 234N, 1199W,  60,  979, XX,  34, NEQ,  108,  109,   96,  114, 1007,  171,  43,   0,   0, 
EP, 13, 2026083118, 03, AVNO, 132, 234N, 1199W,  60,  979, XX,  50, NEQ,   59,   53,   61,   60, 1007,  171,  43,   0,   0, 
EP, 13, 2026083118, 03, AVNO, 138, 239N, 1202W,  58,  978, XX,  34, NEQ,   97,  105,  101,  113, 1002,  128,  52,   0,   0, 
EP, 13, 2026083118, 03, AVNO, 138, 239N, 1202W,  58,  978, XX,  50, NEQ,   54,   64,   56,   56, 1002,  128,  52,   0,   0, 
EP, 13, 2026083118, 03, AVNO, 144, 245N, 1204W,  54,  983, XX,  34, NEQ,  103,  106,   96,  117, 1007,  168,  55,   0,   0, 
EP, 13, 2026083118, 03, AVNO, 144, 245N, 1204W,  54,  983, XX,  50, NEQ,   60,   66,    0,   50, 1007,  168,  55,   0,   0, 
EP, 13, 2026083118, 03, AVNO, 150, 253N, 1206W,  54,  982, XX,  34, NEQ,  104,  104,   96,  112, 1002,  111,  47,   0,   0, 
EP, 13, 2026083118, 03, AVNO, 150, 253N, 1206W,  54,  982, XX,  50, NEQ,   53,   59,   53,   50, 1002,  111,  47,   0,   0, 
EP, 13, 2026083118, 03, AVNO, 156, 261N, 1209W,  51,  986, XX,  34, NEQ,   94,   97,   84,  111, 1006,  138,  46,   0,   0, 
EP, 13, 2026083118, 03, AVNO, 156, 261N, 1209W,  51,  986, XX,  50, NEQ,    0,    0,    0,   48, 1006,  138,  46,   0,   0, 
EP, 13, 2026083118, 03, AVNO, 162, 269N, 1211W,  46,  986, XX,  34, NEQ,   92,   92,   85,  112, 1006,  184,  45,   0,   0, 
EP, 13, 2026083118, 03, AVNO, 168, 279N, 1212W,  44,  990, XX,  34, NEQ,   92,   91,   82,   82, 1006,  116,  41,   0,   0, 
EP, 13, 2026083118, 03, AVNO, 174, 291N, 1212W,  44,  991, XX,  34, NEQ,   89,   89,   72,   84, 1007,  152,  37,   0,   0, 
EP, 13, 2026083118, 03, AVNO, 180, 302N, 1211W,  40,  997, XX,  34, NEQ,   74,   86,    0,   64, 1009,  114,  48,   0,   0, 
EP, 13, 2026083118, 03, AVNO, 186, 316N, 1213W,  34, 1000, XX,  34, NEQ,    0,   54,    0,    0, 1008,   92,  54,   0,   0, 
EP, 13, 2026083118, 03, AVNO, 192, 330N, 1219W,  31, 1006, XX,  34, NEQ,    0,    0,    0,    0, 1014,  150,  37,   0,   0, 
EP, 13, 2026083118, 03, AVNO, 198, 340N, 1227W,  24, 1009, XX,  34, NEQ,    0,    0,    0,    0,  -99,  -99,  34,   0,   0, 
EP, 13, 2026083118, 03, AVNO, 204, 345N, 1235W,  18, 1013, XX,  34, NEQ,    0,    0,    0,    0,  -99,  -99,  13,   0,   0, 
EP, 13, 2026083118, 03, AVNO, 210, 349N, 1242W,  14, 1014, XX,  34, NEQ,    0,    0,    0,    0,  -99,  -99,  39,   0,   0, 
EP, 13, 2026083118, 03, AVNO, 216, 348N, 1246W,  12, 1016, XX,  34, NEQ,    0,    0,    0,    0,  -99,  -99,  52,   0,   0, 
EP, 13, 2026083118, 03, AVNO, 222, 347N, 1242W,  12, 1014, XX,  34, NEQ,    0,    0,    0,    0,  -99,  -99, 153,   0,   0, 
EP, 13, 2026083118, 03, AVNO, 228, 340N, 1239W,  14, 1015, XX,  34, NEQ,    0,    0,    0,    0,  -99,  -99, 150,   0,   0, 
EP, 13, 2026083118, 03, AVNO, 234, 337N, 1233W,  15, 1014, XX,  34, NEQ,    0,    0,    0,    0,  -99,  -99, 153,   0,   0, 
EP, 13, 2026083118, 03, AVNO, 240, 338N, 1215W,  15, 1014, XX,  34, NEQ,    0,    0,    0,    0,  -99,  -99,  59,   0,   0, 
EP, 13, 2026083118, 03, HCCA,   0, 125N, 1078W,  30,    0,   ,   0,    ,    0,    0,    0,    0, 
EP, 13, 2026083118, 03, HCCA,  12, 138N, 1086W,  41,    0,   ,   0,    ,    0,    0,    0,    0, 
EP, 13, 2026083118, 03, HCCA,  24, 150N, 1099W,  51,    0,   ,   0,    ,    0,    0,    0,    0, 
EP, 13, 2026083118, 03, HCCA,  36, 161N, 1112W,  64,    0,   ,   0,    ,    0,    0,    0,    0, 
EP, 13, 2026083118, 03, HCCA,  48, 171N, 1126W,  71,    0,   ,   0,    ,    0,    0,    0,    0, 
EP, 13, 2026083118, 03, HCCA,  60, 180N, 1140W,  77,    0,   ,   0,    ,    0,    0,    0,    0, 
EP, 13, 2026083118, 03, HCCA,  72, 188N, 1156W,  82,    0,   ,   0,    ,    0,    0,    0,    0, 
EP, 13, 2026083118, 03, HCCA,  84, 196N, 1171W,  86,    0,   ,   0,    ,    0,    0,    0,    0, 
EP, 13, 2026083118, 03, HCCA,  96, 204N, 1184W,  85,    0,   ,   0,    ,    0,    0,    0,    0, 
EP, 13, 2026083118, 03, HCCA, 108, 211N, 1194W,  82,    0,   ,   0,    ,    0,    0,    0,    0, 
EP, 13, 2026083118, 03, HCCA, 120, 221N, 1201W,  78,    0,   ,   0,    ,    0,    0,    0,    0, 
EP, 13, 2026083118, 03, HCCA, 132, 229N, 1208W,  76,    0,   ,   0,    ,    0,    0,    0,    0, 
EP, 13, 2026083118, 03, HCCA, 144, 237N, 1216W,  72,    0,   ,   0,    ,    0,    0,    0,    0, 
EP, 13, 2026083118, 03, HCCA, 156, 235N, 1222W,  68,    0,   ,   0,    ,    0,    0,    0,    0, 
EP, 13, 2026083118, 03, HCCA, 168, 243N, 1232W,  68,    0,   ,   0,    ,    0,    0,    0,    0, 
EP, 13, 2026083118, 03, HFSA,   0, 126N, 1079W,  32, 1002, XX,  34, NEQ,    0,    0,    0,    0,  -99,  -99, 111,   0,   0,    ,   0,    , 329,   6,           ,  ,  0,    ,    0,    0,    0,    0, THERMO PARAMS, -12, 671, 288, N, 10, DT, -999, SHR82, -99, 
EP, 13, 2026083118, 03, HFSA,   6, 133N, 1081W,  58,  997, XX,  34, NEQ,   87,   71,    0,  118, 1001,   22,  28,   0,   0,    ,   0,    , 325,  11,           ,  ,  0,    ,    0,    0,    0,    0, THERMO PARAMS, -55, 848, 233, N, 10, DT, -999, SHR82, -99, 
EP, 13, 2026083118, 03, HFSA,   6, 133N, 1081W,  58,  997, XX,  50, NEQ,    0,   31,    0,    0, 1001,   22,  28,   0,   0,    ,   0,    , 325,  11,           ,  ,  0,    ,    0,    0,    0,    0, THERMO PARAMS, -55, 848, 233, N, 10, DT, -999, SHR82, -99, 
EP, 13, 2026083118, 03, HFSA,  12, 146N, 1094W,  51, 1001, XX,  34, NEQ,   89,  165,    0,   53, 1005,   46,  62,   0,   0,    ,   0,    , 306,  13,           ,  ,  0,    ,    0,    0,    0,    0, THERMO PARAMS, -27, 528, 276, N, 10, DT, -999, SHR82, -99, 
EP, 13, 2026083118, 03, HFSA,  18, 150N, 1103W,  52,  994, XX,  34, NEQ,  123,  162,  173,   94,  998,    7,  55,   0,   0,    ,   0,    , 303,   8,           ,  ,  0,    ,    0,    0,    0,    0, THERMO PARAMS, -29, 645, 777, N, 10, DT, -999, SHR82, -99, 
EP, 13, 2026083118, 03, HFSA,  24, 152N, 1110W,  58,  995, XX,  34, NEQ,  134,  180,  185,   97,  999,   22,  33,   0,   0,    ,   0,    , 303,   9,           ,  ,  0,    ,    0,    0,    0,    0, THERMO PARAMS, -38, 385, 662, N, 10, DT, -999, SHR82, -99, 
EP, 13, 2026083118, 03, HFSA,  24, 152N, 1110W,  58,  995, XX,  50, NEQ,   36,    0,    0,    0,  999,   22,  33,   0,   0,    ,   0,    , 303,   9,           ,  ,  0,    ,    0,    0,    0,    0, THERMO PARAMS, -38, 385, 662, N, 10, DT, -999, SHR82, -99, 
EP, 13, 2026083118, 03, HFSA,  30, 155N, 1118W,  66,  987, XX,  34, NEQ,  136,  152,  159,   71,  991,    3,  23,   0,   0,    ,   0,    , 310,   7,           ,  ,  0,    ,    0,    0,    0,    0, THERMO PARAMS, -39, 1014, 495, N, 10, DT, -999, SHR82, -99, 
EP, 13, 2026083118, 03, HFSA,  30, 155N, 1118W,  66,  987, XX,  50, NEQ,   47,   73,    0,    0,  991,    3,  23,   0,   0,    ,   0,    , 310,   7,           ,  ,  0,    ,    0,    0,    0,    0, THERMO PARAMS, -39, 1014, 495, N, 10, DT, -999, SHR82, -99, 
EP, 13, 2026083118, 03, HFSA,  36, 161N, 1123W,  57,  991, XX,  34, NEQ,  121,  134,  112,   81,  995,   23,  35,   0,   0,    ,   0,    , 318,  10,           ,  ,  0,    ,    0,    0,    0,    0, THERMO PARAMS, 7, 688, 884, N, 10, DT, -999, SHR82, -99, 
EP, 13, 2026083118, 03, HFSA,  36, 161N, 1123W,  57,  991, XX,  50, NEQ,   50,    0,    0,    0,  995,   23,  35,   0,   0,    ,   0,    , 318,  10,           ,  ,  0,    ,    0,    0,    0,    0, THERMO PARAMS, 7, 688, 884, N, 10, DT, -999, SHR82, -99, 
EP, 13, 2026083118, 03, HFSA,  42, 166N, 1131W,  61,  982, XX,  34, NEQ,  138,  125,  110,  113,  990,   26,  34,   0,   0,    ,   0,    , 317,   8,           ,  ,  0,    ,    0,    0,    0,    0, THERMO PARAMS, 4, 1322, 1288, N, 10, DT, -999, SHR82, -99, 
EP, 13, 2026083118, 03, HFSA,  42, 166N, 1131W,  61,  982, XX,  50, NEQ,   57,   50,   24,   40,  990,   26,  34,   0,   0,    ,   0,    , 317,   8,           ,  ,  0,    ,    0,    0,    0,    0, THERMO PARAMS, 4, 1322, 1288, N, 10, DT, -999, SHR82, -99, 
EP, 13, 2026083118, 03, HFSA,  48, 170N, 1138W,  72,  981, XX,  34, NEQ,  139,  107,   79,  130,  997,   45,  30,   0,   0,    ,   0,    , 313,   8,           ,  ,  0,    ,    0,    0,    0,    0, THERMO PARAMS, 12, 1062, 1335, N, 10, DT, -999, SHR82, -99, 
EP, 13, 2026083118, 03, HFSA,  48, 170N, 1138W,  72,  981, XX,  50, NEQ,   68,   63,   40,   53,  997,   45,  30,   0,   0,    ,   0,    , 313,   8,           ,  ,  0,    ,    0,    0,    0,    0, THERMO PARAMS, 12, 1062, 1335, N, 10, DT, -999, SHR82, -99, 
EP, 13, 2026083118, 03, HFSA,  48, 170N, 1138W,  72,  981, XX,  64, NEQ,   31,    0,    0,    0,  997,   45,  30,   0,   0,    ,   0,    , 313,   8,           ,  ,  0,    ,    0,    0,    0,    0, THERMO PARAMS, 12, 1062, 1335, N, 10, DT, -999, SHR82, -99, 
EP, 13, 2026083118, 03, HFSA,  54, 176N, 1147W,  75,  975, XX,  34, NEQ,  136,  134,  105,  128,  999,   66,  24,   0,   0,    ,   0,    , 299,   8,           ,  ,  0,    ,    0,    0,    0,    0, THERMO PARAMS, 62, 1149, 1573, N, 10, DT, -999, SHR82, -99, 
EP, 13, 2026083118, 03, HFSA,  54, 176N, 1147W,  75,  975, XX,  50, NEQ,   62,   57,   44,   58,  999,   66,  24,   0,   0,    ,   0,    , 299,   8,           ,  ,  0,    ,    0,    0,    0,    0, THERMO PARAMS, 62, 1149, 1573, N, 10, DT, -999, SHR82, -99, 
EP, 13, 2026083118, 03, HFSA,  54, 176N, 1147W,  75,  975, XX,  64, NEQ,   36,   32,    0,   34,  999,   66,  24,   0,   0,    ,   0,    , 299,   8,           ,  ,  0,    ,    0,    0,    0,    0, THERMO PARAMS, 62, 1149, 1573, N, 10, DT, -999, SHR82, -99, 
EP, 13, 2026083118, 03, HFSA,  60, 179N, 1155W,  71,  974, XX,  34, NEQ,  139,  151,  115,  128,  994,   45,  34,   0,   0,    ,   0,    , 303,   8,           ,  ,  0,    ,    0,    0,    0,    0, THERMO PARAMS, 78, 1175, 1775, N, 10, DT, -999, SHR82, -99, 
EP, 13, 2026083118, 03, HFSA,  60, 179N, 1155W,  71,  974, XX,  50, NEQ,   65,   65,   55,   62,  994,   45,  34,   0,   0,    ,   0,    , 303,   8,           ,  ,  0,    ,    0,    0,    0,    0, THERMO PARAMS, 78, 1175, 1775, N, 10, DT, -999, SHR82, -99, 
EP, 13, 2026083118, 03, HFSA,  60, 179N, 1155W,  71,  974, XX,  64, NEQ,   42,   36,    0,   32,  994,   45,  34,   0,   0,    ,   0,    , 303,   8,           ,  ,  0,    ,    0,    0,    0,    0, THERMO PARAMS, 78, 1175, 1775, N, 10, DT, -999, SHR82, -99, 
EP, 13, 2026083118, 03, HFSA,  66, 182N, 1164W,  74,  970, XX,  34, NEQ,  134,  138,  115,  131,  994,   55,  35,   0,   0,    ,   0,    , 291,   7,           ,  ,  0,    ,    0,    0,    0,    0, THERMO PARAMS, 72, 1367, 1915, N, 10, DT, -999, SHR82, -99, 
EP, 13, 2026083118, 03, HFSA,  66, 182N, 1164W,  74,  970, XX,  50, NEQ,   66,   71,   76,   66,  994,   55,  35,   0,   0,    ,   0,    , 291,   7,           ,  ,  0,    ,    0,    0,    0,    0, THERMO PARAMS, 72, 1367, 1915, N, 10, DT, -999, SHR82, -99, 
EP, 13, 2026083118, 03, HFSA,  66, 182N, 1164W,  74,  970, XX,  64, NEQ,   45,   52,    0,   36,  994,   55,  35,   0,   0,    ,   0,    , 291,   7,           ,  ,  0,    ,    0,    0,    0,    0, THERMO PARAMS, 72, 1367, 1915, N, 10, DT, -999, SHR82, -99, 
EP, 13, 2026083118, 03, HFSA,  72, 185N, 1172W,  76,  973, XX,  34, NEQ,  123,  131,  121,  139, 1001,   80,  33,   0,   0,    ,   0,    , 300,   8,           ,  ,  0,    ,    0,    0,    0,    0, THERMO PARAMS, 45, 1117, 1818, N, 10, DT, -999, SHR82, -99, 
EP, 13, 2026083118, 03, HFSA,  72, 185N, 1172W,  76,  973, XX,  50, NEQ,   76,   81,   73,   70, 1001,   80,  33,   0,   0,    ,   0,    , 300,   8,           ,  ,  0,    ,    0,    0,    0,    0, THERMO PARAMS, 45, 1117, 1818, N, 10, DT, -999, SHR82, -99, 
EP, 13, 2026083118, 03, HFSA,  72, 185N, 1172W,  76,  973, XX,  64, NEQ,   49,   55,    0,    0, 1001,   80,  33,   0,   0,    ,   0,    , 300,   8,           ,  ,  0,    ,    0,    0,    0,    0, THERMO PARAMS, 45, 1117, 1818, N, 10, DT, -999, SHR82, -99, 
EP, 13, 2026083118, 03, HFSA,  78, 188N, 1180W,  71,  969, XX,  34, NEQ,  134,  130,  128,  138,  989,   49,  34,   0,   0,    ,   0,    , 295,   8,           ,  ,  0,    ,    0,    0,    0,    0, THERMO PARAMS, 52, 1197, 1948, N, 10, DT, -999, SHR82, -99, 
EP, 13, 2026083118, 03, HFSA,  78, 188N, 1180W,  71,  969, XX,  50, NEQ,   73,   78,   55,   74,  989,   49,  34,   0,   0,    ,   0,    , 295,   8,           ,  ,  0,    ,    0,    0,    0,    0, THERMO PARAMS, 52, 1197, 1948, N, 10, DT, -999, SHR82, -99, 
EP, 13, 2026083118, 03, HFSA,  78, 188N, 1180W,  71,  969, XX,  64, NEQ,   49,   44,    0,    0,  989,   49,  34,   0,   0,    ,   0,    , 295,   8,           ,  ,  0,    ,    0,    0,    0,    0, THERMO PARAMS, 52, 1197, 1948, N, 10, DT, -999, SHR82, -99, 
EP, 13, 2026083118, 03, HFSA,  84, 191N, 1188W,  76,  969, XX,  34, NEQ,  133,  133,  128,  138,  993,   59,  31,   0,   0,    ,   0,    , 294,   9,           ,  ,  0,    ,    0,    0,    0,    0, THERMO PARAMS, 45, 1145, 1929, N, 10, DT, -999, SHR82, -99, 
EP, 13, 2026083118, 03, HFSA,  84, 191N, 1188W,  76,  969, XX,  50, NEQ,   74,   78,   65,   68,  993,   59,  31,   0,   0,    ,   0,    , 294,   9,           ,  ,  0,    ,    0,    0,    0,    0, THERMO PARAMS, 45, 1145, 1929, N, 10, DT, -999, SHR82, -99, 
EP, 13, 2026083118, 03, HFSA,  84, 191N, 1188W,  76,  969, XX,  64, NEQ,   52,   52,   40,   45,  993,   59,  31,   0,   0,    ,   0,    , 294,   9,           ,  ,  0,    ,    0,    0,    0,    0, THERMO PARAMS, 45, 1145, 1929, N, 10, DT, -999, SHR82, -99, 
EP, 13, 2026083118, 03, HFSA,  90, 196N, 1195W,  88,  965, XX,  34, NEQ,  130,  138,  117,  134,  997,   81,  31,   0,   0,    ,   0,    , 310,   8,           ,  ,  0,    ,    0,    0,    0,    0, THERMO PARAMS, -34, 1510, 2088, N, 10, DT, -999, SHR82, -99, 
EP, 13, 2026083118, 03, HFSA,  90, 196N, 1195W,  88,  965, XX,  50, NEQ,   78,   78,   58,   71,  997,   81,  31,   0,   0,    ,   0,    , 310,   8,           ,  ,  0,    ,    0,    0,    0,    0, THERMO PARAMS, -34, 1510, 2088, N, 10, DT, -999, SHR82, -99, 
EP, 13, 2026083118, 03, HFSA,  90, 196N, 1195W,  88,  965, XX,  64, NEQ,   53,   49,   42,   47,  997,   81,  31,   0,   0,    ,   0,    , 310,   8,           ,  ,  0,    ,    0,    0,    0,    0, THERMO PARAMS, -34, 1510, 2088, N, 10, DT, -999, SHR82, -99, 
EP, 13, 2026083118, 03, HFSA,  96, 200N, 1202W,  80,  967, XX,  34, NEQ,  133,  134,  112,  141,  999,   80,  32,   0,   0,    ,   0,    , 312,   8,           ,  ,  0,    ,    0,    0,    0,    0, THERMO PARAMS, -77, 1497, 2133, N, 10, DT, -999, SHR82, -99, 
EP, 13, 2026083118, 03, HFSA,  96, 200N, 1202W,  80,  967, XX,  50, NEQ,   92,   73,   57,   73,  999,   80,  32,   0,   0,    ,   0,    , 312,   8,           ,  ,  0,    ,    0,    0,    0,    0, THERMO PARAMS, -77, 1497, 2133, N, 10, DT, -999, SHR82, -99, 
EP, 13, 2026083118, 03, HFSA,  96, 200N, 1202W,  80,  967, XX,  64, NEQ,   45,   45,   40,   49,  999,   80,  32,   0,   0,    ,   0,    , 312,   8,           ,  ,  0,    ,    0,    0,    0,    0, THERMO PARAMS, -77, 1497, 2133, N, 10, DT, -999, SHR82, -99, 
EP, 13, 2026083118, 03, HFSA, 102, 206N, 1207W,  78,  965, XX,  34, NEQ,  133,  141,  126,  144, 1005,  179,  32,   0,   0,    ,   0,    , 324,   7,           ,  ,  0,    ,    0,    0,    0,    0, THERMO PARAMS, -50, 1543, 2088, N, 10, DT, -999, SHR82, -99, 
EP, 13, 2026083118, 03, HFSA, 102, 206N, 1207W,  78,  965, XX,  50, NEQ,   81,   68,   53,   83, 1005,  179,  32,   0,   0,    ,   0,    , 324,   7,           ,  ,  0,    ,    0,    0,    0,    0, THERMO PARAMS, -50, 1543, 2088, N, 10, DT, -999, SHR82, -99, 
EP, 13, 2026083118, 03, HFSA, 102, 206N, 1207W,  78,  965, XX,  64, NEQ,   47,   44,   42,   45, 1005,  179,  32,   0,   0,    ,   0,    , 324,   7,           ,  ,  0,    ,    0,    0,    0,    0, THERMO PARAMS, -50, 1543, 2088, N, 10, DT, -999, SHR82, -99, 
EP, 13, 2026083118, 03, HFSA, 108, 212N, 1211W,  74,  970, XX,  34, NEQ,  134,  128,   99,  131,  994,   60,  43,   0,   0,    ,   0,    , 323,   7,           ,  ,  0,    ,    0,    0,    0,    0, THERMO PARAMS, -41, 1315, 1932, N, 10, DT, -999, SHR82, -99, 
EP, 13, 2026083118, 03, HFSA, 108, 212N, 1211W,  74,  970, XX,  50, NEQ,   71,   62,   57,   70,  994,   60,  43,   0,   0,    ,   0,    , 323,   7,           ,  ,  0,    ,    0,    0,    0,    0, THERMO PARAMS, -41, 1315, 1932, N, 10, DT, -999, SHR82, -99, 
EP, 13, 2026083118, 03, HFSA, 108, 212N, 1211W,  74,  970, XX,  64, NEQ,   45,   40,   36,   47,  994,   60,  43,   0,   0,    ,   0,    , 323,   7,           ,  ,  0,    ,    0,    0,    0,    0, THERMO PARAMS, -41, 1315, 1932, N, 10, DT, -999, SHR82, -99, 
EP, 13, 2026083118, 03, HFSA, 114, 218N, 1213W,  71,  971, XX,  34, NEQ,  139,  134,  128,  136,  991,   57,  39,   0,   0,    ,   0,    , 347,   7,           ,  ,  0,    ,    0,    0,    0,    0, THERMO PARAMS, 14, 1174, 1816, N, 10, DT, -999, SHR82, -99, 
EP, 13, 2026083118, 03, HFSA, 114, 218N, 1213W,  71,  971, XX,  50, NEQ,   66,   68,   50,   62,  991,   57,  39,   0,   0,    ,   0,    , 347,   7,           ,  ,  0,    ,    0,    0,    0,    0, THERMO PARAMS, 14, 1174, 1816, N, 10, DT, -999, SHR82, -99, 
EP, 13, 2026083118, 03, HFSA, 114, 218N, 1213W,  71,  971, XX,  64, NEQ,   42,   37,    0,   45,  991,   57,  39,   0,   0,    ,   0,    , 347,   7,           ,  ,  0,    ,    0,    0,    0,    0, THERMO PARAMS, 14, 1174, 1816, N, 10, DT, -999, SHR82, -99, 
EP, 13, 2026083118, 03, HFSA, 120, 225N, 1213W,  69,  975, XX,  34, NEQ,  125,  134,  128,  141,  999,   80,  42,   0,   0,    ,   0,    , 356,   9,           ,  ,  0,    ,    0,    0,    0,    0, THERMO PARAMS, 35, 990, 1764, N, 10, DT, -999, SHR82, -99, 
EP, 13, 2026083118, 03, HFSA, 120, 225N, 1213W,  69,  975, XX,  50, NEQ,   65,   70,   52,   57,  999,   80,  42,   0,   0,    ,   0,    , 356,   9,           ,  ,  0,    ,    0,    0,    0,    0, THERMO PARAMS, 35, 990, 1764, N, 10, DT, -999, SHR82, -99, 
EP, 13, 2026083118, 03, HFSA, 120, 225N, 1213W,  69,  975, XX,  64, NEQ,   45,   45,    0,    0,  999,   80,  42,   0,   0,    ,   0,    , 356,   9,           ,  ,  0,    ,    0,    0,    0,    0, THERMO PARAMS, 35, 990, 1764, N, 10, DT, -999, SHR82, -99, 
EP, 13, 2026083118, 03, HFSA, 126, 234N, 1213W,  68,  975, XX,  34, NEQ,  126,  118,  108,  134,  999,   86,  45,   0,   0,    ,   0,    , -99, -99,           ,  ,  0,    ,    0,    0,    0,    0, THERMO PARAMS, 63, 945, 1700, N, 10, DT, -999, SHR82, -99, 
EP, 13, 2026083118, 03, HFSA, 126, 234N, 1213W,  68,  975, XX,  50, NEQ,   63,   63,   53,   62,  999,   86,  45,   0,   0,    ,   0,    , -99, -99,           ,  ,  0,    ,    0,    0,    0,    0, THERMO PARAMS, 63, 945, 1700, N, 10, DT, -999, SHR82, -99, 
EP, 13, 2026083118, 03, HFSA, 126, 234N, 1213W,  68,  975, XX,  64, NEQ,   47,   49,    0,   42,  999,   86,  45,   0,   0,    ,   0,    , -99, -99,           ,  ,  0,    ,    0,    0,    0,    0, THERMO PARAMS, 63, 945, 1700, N, 10, DT, -999, SHR82, -99, 
EP, 13, 2026083118, 03, TVCN,   0, 125N, 1078W,   0,    0,   ,   0,    ,    0,    0,    0,    0, 
EP, 13, 2026083118, 03, TVCN,  12, 139N, 1088W,   0,    0,   ,   0,    ,    0,    0,    0,    0, 
EP, 13, 2026083118, 03, TVCN,  24, 151N, 1101W,   0,    0,   ,   0,    ,    0,    0,    0,    0, 
EP, 13, 2026083118, 03, TVCN,  36, 161N, 1114W,   0,    0,   ,   0,    ,    0,    0,    0,    0, 
EP, 13, 2026083118, 03, TVCN,  48, 171N, 1127W,   0,    0,   ,   0,    ,    0,    0,    0,    0, 
EP, 13, 2026083118, 03, TVCN,  60, 180N, 1140W,   0,    0,   ,   0,    ,    0,    0,    0,    0, 
EP, 13, 2026083118, 03, TVCN,  72, 187N, 1155W,   0,    0,   ,   0,    ,    0,    0,    0,    0, 
EP, 13, 2026083118, 03, TVCN,  84, 195N, 1168W,   0,    0,   ,   0,    ,    0,    0,    0,    0, 
EP, 13, 2026083118, 03, TVCN,  96, 204N, 1180W,   0,    0,   ,   0,    ,    0,    0,    0,    0, 
EP, 13, 2026083118, 03, TVCN, 108, 215N, 1189W,   0,    0,   ,   0,    ,    0,    0,    0,    0, 
EP, 13, 2026083118, 03, TVCN, 120, 228N, 1195W,   0,    0,   ,   0,    ,    0,    0,    0,    0, 
EP, 13, 2026083118, 03, TVCN, 132, 241N, 1202W,   0,    0,   ,   0,    ,    0,    0,    0,    0, 
EP, 13, 2026083118, 03, TVCN, 144, 238N, 1223W,   0,    0,   ,   0,    ,    0,    0,    0,    0, 
EP, 13, 2026083118, 03, TVCN, 156, 245N, 1237W,   0,    0,   ,   0,    ,    0,    0,    0,    0, 
EP, 13, 2026083118, 03, TVCN, 168, 249N, 1255W,   0,    0,   ,   0,    ,    0,    0,    0,    0, 
EP, 13, 2026090100, 03,  UKX,   0, 134N, 1085W,  31, 1005, XX,  34, NEQ,    0,    0,    0,    0, 
EP, 13, 2026090100, 03,  UKX,   6, 142N, 1093W,  33, 1005, XX,  34, NEQ,    0,    0,    0,    0, 
EP, 13, 2026090100, 03,  UKX,  12, 147N, 1102W,  37, 1004, XX,  34, NEQ,  123,   99,    0,    0, 
EP, 13, 2026090100, 03,  UKX,  18, 152N, 1111W,  40, 1004, XX,  34, NEQ,  142,  126,    0,    0, 
EP, 13, 2026090100, 03,  UKX,  24, 155N, 1121W,  36, 1002, XX,  34, NEQ,  131,  109,    0,    0, 
EP, 13, 2026090100, 03,  UKX,  30, 160N, 1126W,  39, 1002, XX,  34, NEQ,  118,   99,    0,    0, 
EP, 13, 2026090100, 03,  UKX,  36, 166N, 1132W,  42, 1000, XX,  34, NEQ,  121,  131,    0,  121, 
EP, 13, 2026090100, 03,  UKX,  42, 171N, 1139W,  44,  999, XX,  34, NEQ,  126,  130,    0,  116, 
EP, 13, 2026090100, 03,  UKX,  48, 178N, 1148W,  45,  997, XX,  34, NEQ,  143,  136,    0,  104, 
EP, 13, 2026090100, 03,  UKX,  54, 183N, 1156W,  43,  998, XX,  34, NEQ,  123,  134,    0,  111, 
EP, 13, 2026090100, 03,  UKX,  60, 185N, 1166W,  43,  994, XX,  34, NEQ,  135,  142,   94,  125, 
EP, 13, 2026090100, 03,  UKX,  66, 186N, 1175W,  46,  994, XX,  34, NEQ,  137,  142,  105,  135, 
EP, 13, 2026090100, 03,  UKX,  72, 189N, 1181W,  43,  990, XX,  34, NEQ,  141,  124,  100,  136, 
EP, 13, 2026090100, 03,  UKX,  78, 191N, 1187W,  44,  991, XX,  34, NEQ,  133,  129,   97,  134, 
EP, 13, 2026090100, 03,  UKX,  84, 196N, 1194W,  45,  988, XX,  34, NEQ,  132,  125,  119,  137, 
EP, 13, 2026090100, 03,  UKX,  90, 201N, 1201W,  47,  990, XX,  34, NEQ,  138,  123,   96,  146, 
EP, 13, 2026090100, 03,  UKX,  96, 207N, 1207W,  50,  989, XX,  34, NEQ,  127,  122,  114,  134, 
EP, 13, 2026090100, 03,  UKX,  96, 207N, 1207W,  50,  989, XX,  50, NEQ,   70,    0,    0,    0, 
EP, 13, 2026090100, 03,  UKX, 102, 212N, 1212W,  52,  991, XX,  34, NEQ,  129,  122,  107,  117, 
EP, 13, 2026090100, 03,  UKX, 102, 212N, 1212W,  52,  991, XX,  50, NEQ,   72,   70,    0,    0, 
EP, 13, 2026090100, 03,  UKX, 108, 220N, 1216W,  51,  990, XX,  34, NEQ,  132,  132,  103,  121, 
EP, 13, 2026090100, 03,  UKX, 108, 220N, 1216W,  51,  990, XX,  50, NEQ,   68,    0,    0,    0, 
EP, 13, 2026090100, 03,  UKX, 114, 229N, 1219W,  48,  993, XX,  34, NEQ,  127,  127,  101,  121, 
EP, 13, 2026090100, 03,  UKX, 120, 239N, 1220W,  46,  992, XX,  34, NEQ,  125,  129,  101,  124, 
EP, 13, 2026090100, 03,  UKX, 126, 247N, 1218W,  44,  995, XX,  34, NEQ,  124,  125,   73,  111, 
EP, 13, 2026090100, 03,  UKX, 132, 253N, 1216W,  45,  995, XX,  34, NEQ,  112,   95,   87,  103, 
EP, 13, 2026090100, 03,  UKX, 138, 255N, 1215W,  40,  999, XX,  34, NEQ,    0,    0,   90,  106, 
EP, 13, 2026090100, 03,  UKX, 144, 258N, 1211W,  37, 1000, XX,  34, NEQ,    0,    0,   76,   84, 
EP, 13, 2026090100, 03, AVNO,   0, 138N, 1074W,  39, 1003, XX,  34, NEQ,   56,   70,    0,    0,  -99,  -99,  38,   0,   0, 
EP, 13, 2026090100, 03, AVNO,   6, 148N, 1083W,  44, 1004, XX,  34, NEQ,   97,   97,    0,    0, 1008,   66,  83,   0,   0, 
EP, 13, 2026090100, 03, AVNO,  12, 156N, 1089W,  41,  998, XX,  34, NEQ,   76,  158,    0,   47, 1006,  102,  27,   0,   0, 
EP, 13, 2026090100, 03, AVNO,  18, 158N, 1094W,  48, 1000, XX,  34, NEQ,  111,  133,    0,   75, 1004,   40,  59,   0,   0, 
EP, 13, 2026090100, 03, AVNO,  24, 164N, 1101W,  41,  996, XX,  34, NEQ,  129,  123,    0,   76, 1008,  206,  97,   0,   0, 
EP, 13, 2026090100, 03, AVNO,  30, 170N, 1108W,  41,  995, XX,  34, NEQ,  119,  118,    0,   71, 1011,  171,  64,   0,   0, 
EP, 13, 2026090100, 03, AVNO,  36, 173N, 1115W,  55,  988, XX,  34, NEQ,  133,   67,   84,   72, 1008,  164,  40,   0,   0, 
EP, 13, 2026090100, 03, AVNO,  36, 173N, 1115W,  55,  988, XX,  50, NEQ,   41,    0,    0,    0, 1008,  164,  40,   0,   0, 
EP, 13, 2026090100, 03, AVNO,  42, 175N, 1123W,  57,  985, XX,  34, NEQ,   97,   82,   80,   88, 1009,  159,  46,   0,   0, 
EP, 13, 2026090100, 03, AVNO,  42, 175N, 1123W,  57,  985, XX,  50, NEQ,   52,   45,    0,   39, 1009,  159,  46,   0,   0, 
EP, 13, 2026090100, 03, AVNO,  48, 177N, 1127W,  62,  978, XX,  34, NEQ,  110,   90,   86,   95, 1006,  144,  34,   0,   0, 
EP, 13, 2026090100, 03, AVNO,  48, 177N, 1127W,  62,  978, XX,  50, NEQ,   52,   50,   44,   50, 1006,  144,  34,   0,   0, 
EP, 13, 2026090100, 03, AVNO,  54, 180N, 1131W,  74,  976, XX,  34, NEQ,  120,  110,   95,  103, 1008,  138,  34,   0,   0, 
EP, 13, 2026090100, 03, AVNO,  54, 180N, 1131W,  74,  976, XX,  50, NEQ,   64,   62,   34,   45, 1008,  138,  34,   0,   0, 
EP, 13, 2026090100, 03, AVNO,  54, 180N, 1131W,  74,  976, XX,  64, NEQ,   42,   41,    0,    0, 1008,  138,  34,   0,   0, 
EP, 13, 2026090100, 03, AVNO,  60, 184N, 1139W,  70,  972, XX,  34, NEQ,  127,  117,  102,  112, 1004,  137,  36,   0,   0, 
EP, 13, 2026090100, 03, AVNO,  60, 184N, 1139W,  70,  972, XX,  50, NEQ,   73,   54,   53,   66, 1004,  137,  36,   0,   0, 
EP, 13, 2026090100, 03, AVNO,  60, 184N, 1139W,  70,  972, XX,  64, NEQ,   45,    0,    0,   36, 1004,  137,  36,   0,   0, 
EP, 13, 2026090100, 03, AVNO,  66, 186N, 1146W,  68,  973, XX,  34, NEQ,  137,  132,  109,  123, 1009,  206,  34,   0,   0, 
EP, 13, 2026090100, 03, AVNO,  66, 186N, 1146W,  68,  973, XX,  50, NEQ,   80,   77,   57,   58, 1009,  206,  34,   0,   0, 
EP, 13, 2026090100, 03, AVNO,  66, 186N, 1146W,  68,  973, XX,  64, NEQ,   41,   38,    0,    0, 1009,  206,  34,   0,   0, 
EP, 13, 2026090100, 03, AVNO,  72, 189N, 1152W,  71,  970, XX,  34, NEQ,  138,  130,  103,  132, 1006,  219,  41,   0,   0, 
EP, 13, 2026090100, 03, AVNO,  72, 189N, 1152W,  71,  970, XX,  50, NEQ,   80,   71,   55,   64, 1006,  219,  41,   0,   0, 
EP, 13, 2026090100, 03, AVNO,  72, 189N, 1152W,  71,  970, XX,  64, NEQ,   46,    0,    0,   35, 1006,  219,  41,   0,   0, 
EP, 13, 2026090100, 03, AVNO,  78, 192N, 1158W,  73,  972, XX,  34, NEQ,  147,  145,   94,  147, 1008,  200,  35,   0,   0, 
EP, 13, 2026090100, 03, AVNO,  78, 192N, 1158W,  73,  972, XX,  50, NEQ,   88,   65,   53,   68, 1008,  200,  35,   0,   0, 
EP, 13, 2026090100, 03, AVNO,  78, 192N, 1158W,  73,  972, XX,  64, NEQ,   47,   33,    0,    0, 1008,  200,  35,   0,   0, 
EP, 13, 2026090100, 03, AVNO,  84, 196N, 1165W,  66,  970, XX,  34, NEQ,  157,  158,  106,  131, 1006,  234,  34,   0,   0, 
EP, 13, 2026090100, 03, AVNO,  84, 196N, 1165W,  66,  970, XX,  50, NEQ,   72,   59,   54,   69, 1006,  234,  34,   0,   0, 
EP, 13, 2026090100, 03, AVNO,  84, 196N, 1165W,  66,  970, XX,  64, NEQ,   42,   41,    0,    0, 1006,  234,  34,   0,   0, 
EP, 13, 2026090100, 03, AVNO,  90, 200N, 1171W,  66,  972, XX,  34, NEQ,  173,  183,  107,  137, 1008,  218,  45,   0,   0, 
EP, 13, 2026090100, 03, AVNO,  90, 200N, 1171W,  66,  972, XX,  50, NEQ,   74,   62,   53,   65, 1008,  218,  45,   0,   0, 
EP, 13, 2026090100, 03, AVNO,  90, 200N, 1171W,  66,  972, XX,  64, NEQ,   49,   42,    0,    0, 1008,  218,  45,   0,   0, 
EP, 13, 2026090100, 03, AVNO,  96, 205N, 1175W,  76,  969, XX,  34, NEQ,  269,  171,  115,  136, 1005,  212,  41,   0,   0, 
EP, 13, 2026090100, 03, AVNO,  96, 205N, 1175W,  76,  969, XX,  50, NEQ,   73,   67,   65,   64, 1005,  212,  41,   0,   0, 
EP, 13, 2026090100, 03, AVNO,  96, 205N, 1175W,  76,  969, XX,  64, NEQ,   55,   36,    0,   45, 1005,  212,  41,   0,   0, 
EP, 13, 2026090100, 03, AVNO, 102, 210N, 1181W,  73,  972, XX,  34, NEQ,  147,  144,  111,  133, 1004,  140,  44,   0,   0, 
EP, 13, 2026090100, 03, AVNO, 102, 210N, 1181W,  73,  972, XX,  50, NEQ,   76,   63,   64,   67, 1004,  140,  44,   0,   0, 
EP, 13, 2026090100, 03, AVNO, 102, 210N, 1181W,  73,  972, XX,  64, NEQ,   51,   42,    0,    0, 1004,  140,  44,   0,   0, 
EP, 13, 2026090100, 03, AVNO, 108, 216N, 1186W,  67,  972, XX,  34, NEQ,  143,  147,  114,  126, 1004,  173,  46,   0,   0, 
EP, 13, 2026090100, 03, AVNO, 108, 216N, 1186W,  67,  972, XX,  50, NEQ,   78,   67,   67,   67, 1004,  173,  46,   0,   0, 
EP, 13, 2026090100, 03, AVNO, 108, 216N, 1186W,  67,  972, XX,  64, NEQ,   51,    0,    0,    0, 1004,  173,  46,   0,   0, 
EP, 13, 2026090100, 03, AVNO, 114, 222N, 1189W,  63,  974, XX,  34, NEQ,  149,  149,  122,  132, 1006,  174,  49,   0,   0, 
EP, 13, 2026090100, 03, AVNO, 114, 222N, 1189W,  63,  974, XX,  50, NEQ,   73,   78,   60,   71, 1006,  174,  49,   0,   0, 
EP, 13, 2026090100, 03, AVNO, 120, 230N, 1193W,  63,  973, XX,  34, NEQ,  144,  155,  113,  130, 1005,  203,  56,   0,   0, 
EP, 13, 2026090100, 03, AVNO, 120, 230N, 1193W,  63,  973, XX,  50, NEQ,   77,   69,   70,   65, 1005,  203,  56,   0,   0, 
EP, 13, 2026090100, 03, AVNO, 126, 235N, 1197W,  67,  975, XX,  34, NEQ,  153,  159,  109,  122, 1007,  195,  58,   0,   0, 
EP, 13, 2026090100, 03, AVNO, 126, 235N, 1197W,  67,  975, XX,  50, NEQ,   70,   82,   62,   71, 1007,  195,  58,   0,   0, 
EP, 13, 2026090100, 03, AVNO, 126, 235N, 1197W,  67,  975, XX,  64, NEQ,   43,   60,    0,    0, 1007,  195,  58,   0,   0, 
EP, 13, 2026090100, 03, AVNO, 132, 244N, 1201W,  62,  976, XX,  34, NEQ,  145,  147,  117,  124, 1004,  155,  45,   0,   0, 
EP, 13, 2026090100, 03, AVNO, 132, 244N, 1201W,  62,  976, XX,  50, NEQ,   78,   68,   59,   70, 1004,  155,  45,   0,   0, 
EP, 13, 2026090100, 03, AVNO, 138, 251N, 1205W,  61,  979, XX,  34, NEQ,  151,  151,  112,  127, 1007,  192,  56,   0,   0, 
EP, 13, 2026090100, 03, AVNO, 138, 251N, 1205W,  61,  979, XX,  50, NEQ,   70,   77,    0,   52, 1007,  192,  56,   0,   0, 
EP, 13, 2026090100, 03, AVNO, 144, 260N, 1208W,  58,  980, XX,  34, NEQ,  137,  143,  108,  133, 1004,  147,  55,   0,   0, 
EP, 13, 2026090100, 03, AVNO, 144, 260N, 1208W,  58,  980, XX,  50, NEQ,   71,   75,    0,    0, 1004,  147,  55,   0,   0, 
EP, 13, 2026090100, 03, AVNO, 150, 268N, 1212W,  56,  985, XX,  34, NEQ,  120,  123,   97,  123, 1005,  125,  45,   0,   0, 
EP, 13, 2026090100, 03, AVNO, 150, 268N, 1212W,  56,  985, XX,  50, NEQ,   57,   54,    0,    0, 1005,  125,  45,   0,   0, 
EP, 13, 2026090100, 03, AVNO, 156, 276N, 1216W,  50,  987, XX,  34, NEQ,  105,  105,   83,  111, 1007,  175,  39,   0,   0, 
EP, 13, 2026090100, 03, AVNO, 156, 276N, 1216W,  50,  987, XX,  50, NEQ,   39,    0,    0,    0, 1007,  175,  39,   0,   0, 
EP, 13, 2026090100, 03, AVNO, 162, 285N, 1219W,  46,  992, XX,  34, NEQ,  105,  103,   62,  128, 1008,  121,  48,   0,   0, 
EP, 13, 2026090100, 03, AVNO, 168, 294N, 1219W,  44,  992, XX,  34, NEQ,   76,   85,    0,  119, 1008,  160,  37,   0,   0, 
EP, 13, 2026090100, 03, AVNO, 174, 301N, 1219W,  37,  997, XX,  34, NEQ,   63,   71,    0,    0, 1009,  103,  49,   0,   0, 
EP, 13, 2026090100, 03, AVNO, 180, 311N, 1214W,  36,  997, XX,  34, NEQ,    0,   54,    0,    0, 1009,  139,  40,   0,   0, 
EP, 13, 2026090100, 03, AVNO, 186, 324N, 1208W,  35, 1000, XX,  34, NEQ,   44,   56,    0,    0, 1008,   78,  43,   0,   0, 
EP, 13, 2026090100, 03, AVNO, 192, 334N, 1205W,  30, 1001, XX,  34, NEQ,    0,    0,    0,    0, 1009,  195,  61,   0,   0, 
EP, 13, 2026090100, 03, AVNO, 198, 336N, 1200W,  22, 1007, XX,  34, NEQ,    0,    0,    0,    0, 1011,   70,  67,   0,   0, 
EP, 13, 2026090100, 03, AVNO, 204, 339N, 1197W,  20, 1010, XX,  34, NEQ,    0,    0,    0,    0,  -99,  -99,  26,   0,   0, 
EP, 13, 2026090100, 03, AVNO, 210, 340N, 1201W,  16, 1015, XX,  34, NEQ,    0,    0,    0,    0,  -99,  -99,  42,   0,   0, 
EP, 13, 2026090100, 03, AVNO, 216, 344N, 1205W,  15, 1014, XX,  34, NEQ,    0,    0,    0,    0,  -99,  -99, 160,   0,   0, 
EP, 13, 2026090100, 03, AVNO, 222, 345N, 1209W,  11, 1015, XX,  34, NEQ,    0,    0,    0,    0,  -99,  -99,  18,   0,   0, 
EP, 13, 2026090100, 03, AVNO, 228, 338N, 1212W,   9, 1014, XX,  34, NEQ,    0,    0,    0,    0,  -99,  -99,  16,   0,   0, 
EP, 13, 2026090100, 03, AVNO, 234, 331N, 1210W,  12, 1015, XX,  34, NEQ,    0,    0,    0,    0,  -99,  -99, 161,   0,   0, 
EP, 13, 2026090100, 03, AVNO, 240, 331N, 1198W,  18, 1011, XX,  34, NEQ,    0,    0,    0,    0,  -99,  -99,  76,   0,   0, 
EP, 13, 2026090100, 03, HCCA,   0, 131N, 1079W,  30,    0,   ,   0,    ,    0,    0,    0,    0, 
EP, 13, 2026090100, 03, HCCA,  12, 142N, 1092W,  41,    0,   ,   0,    ,    0,    0,    0,    0, 
EP, 13, 2026090100, 03, HCCA,  24, 153N, 1106W,  51,    0,   ,   0,    ,    0,    0,    0,    0, 
EP, 13, 2026090100, 03, HCCA,  36, 164N, 1120W,  62,    0,   ,   0,    ,    0,    0,    0,    0, 
EP, 13, 2026090100, 03, HCCA,  48, 174N, 1134W,  72,    0,   ,   0,    ,    0,    0,    0,    0, 
EP, 13, 2026090100, 03, HCCA,  60, 182N, 1148W,  81,    0,   ,   0,    ,    0,    0,    0,    0, 
EP, 13, 2026090100, 03, HCCA,  72, 189N, 1164W,  88,    0,   ,   0,    ,    0,    0,    0,    0, 
EP, 13, 2026090100, 03, HCCA,  84, 197N, 1180W,  92,    0,   ,   0,    ,    0,    0,    0,    0, 
EP, 13, 2026090100, 03, HCCA,  96, 205N, 1195W,  92,    0,   ,   0,    ,    0,    0,    0,    0, 
EP, 13, 2026090100, 03, HCCA, 108, 213N, 1208W,  91,    0,   ,   0,    ,    0,    0,    0,    0, 
EP, 13, 2026090100, 03, HCCA, 120, 216N, 1220W,  86,    0,   ,   0,    ,    0,    0,    0,    0, 
EP, 13, 2026090100, 03, HCCA, 132, 221N, 1233W,  85,    0,   ,   0,    ,    0,    0,    0,    0, 
EP, 13, 2026090100, 03, HCCA, 144, 226N, 1247W,  86,    0,   ,   0,    ,    0,    0,    0,    0, 
EP, 13, 2026090100, 03, HCCA, 156, 234N, 1259W,  88,    0,   ,   0,    ,    0,    0,    0,    0, 
EP, 13, 2026090100, 03, HCCA, 168, 228N, 1273W,  95,    0,   ,   0,    ,    0,    0,    0,    0, 
EP, 13, 2026090100, 03, HFSA,   0, 131N, 1081W,  31, 1005, XX,  34, NEQ,    0,    0,    0,    0,  -99,  -99,  71,   0,   0,    ,   0,    , 343,   5,           ,  ,  0,    ,    0,    0,    0,    0, THERMO PARAMS, -33, -121, -11, N, 10, DT, -999, SHR82, -99, 
EP, 13, 2026090100, 03, HFSA,   6, 143N, 1081W,  45, 1006, XX,  34, NEQ,  154,   57,  183,    0,  -99,  -99,  85,   0,   0,    ,   0,    , 347,   9,           ,  ,  0,    ,    0,    0,    0,    0, THERMO PARAMS, -93, 244, 333, N, 10, DT, -999, SHR82, -99, 
EP, 13, 2026090100, 03, HFSA,  12, 156N, 1087W,  46, 1001, XX,  34, NEQ,  108,  162,  138,  199,  -99,  -99, 123,   0,   0,    ,   0,    , 321,  12,           ,  ,  0,    ,    0,    0,    0,    0, THERMO PARAMS, -85, 458, 521, N, 10, DT, -999, SHR82, -99, 
EP, 13, 2026090100, 03, HFSA,  18, 160N, 1096W,  46, 1002, XX,  34, NEQ,  117,  163,  202,   66,  -99,  -99,  67,   0,   0,    ,   0,    , 296,   8,           ,  ,  0,    ,    0,    0,    0,    0, THERMO PARAMS, -14, 666, 340, N, 10, DT, -999, SHR82, -99, 
EP, 13, 2026090100, 03, HFSA,  24, 161N, 1103W,  49,  994, XX,  34, NEQ,  180,  149,    0,    0,  998,    8,  69,   0,   0,    ,   0,    , 335,   7,           ,  ,  0,    ,    0,    0,    0,    0, THERMO PARAMS, -77, 342, 600, N, 10, DT, -999, SHR82, -99, 
EP, 13, 2026090100, 03, HFSA,  30, 166N, 1109W,  49,  997, XX,  34, NEQ,  115,  133,    0,    0, 1001,   31, 128,   0,   0,    ,   0,    , 301,   8,           ,  ,  0,    ,    0,    0,    0,    0, THERMO PARAMS, 18, 164, 740, N, 10, DT, -999, SHR82, -99, 
EP, 13, 2026090100, 03, HFSA,  36, 170N, 1113W,  53,  991, XX,  34, NEQ,  147,   89,  105,  112,  995,   22,  39,   0,   0,    ,   0,    , 332,   7,           ,  ,  0,    ,    0,    0,    0,    0, THERMO PARAMS, 6, 649, 870, N, 10, DT, -999, SHR82, -99, 
EP, 13, 2026090100, 03, HFSA,  36, 170N, 1113W,  53,  991, XX,  50, NEQ,   44,   42,    0,    0,  995,   22,  39,   0,   0,    ,   0,    , 332,   7,           ,  ,  0,    ,    0,    0,    0,    0, THERMO PARAMS, 6, 649, 870, N, 10, DT, -999, SHR82, -99, 
EP, 13, 2026090100, 03, HFSA,  42, 174N, 1122W,  55,  991, XX,  34, NEQ,  154,  100,   96,  128,  995,   21,  28,   0,   0,    ,   0,    , 303,   7,           ,  ,  0,    ,    0,    0,    0,    0, THERMO PARAMS, 7, 652, 954, N, 10, DT, -999, SHR82, -99, 
EP, 13, 2026090100, 03, HFSA,  42, 174N, 1122W,  55,  991, XX,  50, NEQ,    0,   28,    0,    0,  995,   21,  28,   0,   0,    ,   0,    , 303,   7,           ,  ,  0,    ,    0,    0,    0,    0, THERMO PARAMS, 7, 652, 954, N, 10, DT, -999, SHR82, -99, 
EP, 13, 2026090100, 03, HFSA,  48, 179N, 1131W,  60,  987, XX,  34, NEQ,  136,  121,   89,  128,  991,   23,  67,   0,   0,    ,   0,    , 291,   8,           ,  ,  0,    ,    0,    0,    0,    0, THERMO PARAMS, 55, 581, 896, N, 10, DT, -999, SHR82, -99, 
EP, 13, 2026090100, 03, HFSA,  48, 179N, 1131W,  60,  987, XX,  50, NEQ,   73,   58,    0,   49,  991,   23,  67,   0,   0,    ,   0,    , 291,   8,           ,  ,  0,    ,    0,    0,    0,    0, THERMO PARAMS, 55, 581, 896, N, 10, DT, -999, SHR82, -99, 
EP, 13, 2026090100, 03, HFSA,  54, 184N, 1140W,  63,  988, XX,  34, NEQ,  131,  128,  113,  107,  992,   25,  34,   0,   0,    ,   0,    , 300,  11,           ,  ,  0,    ,    0,    0,    0,    0, THERMO PARAMS, 39, 687, 978, N, 10, DT, -999, SHR82, -99, 
EP, 13, 2026090100, 03, HFSA,  54, 184N, 1140W,  63,  988, XX,  50, NEQ,   63,   66,    0,   58,  992,   25,  34,   0,   0,    ,   0,    , 300,  11,           ,  ,  0,    ,    0,    0,    0,    0, THERMO PARAMS, 39, 687, 978, N, 10, DT, -999, SHR82, -99, 
EP, 13, 2026090100, 03, HFSA,  60, 183N, 1149W,  60,  984, XX,  34, NEQ,  167,  130,  123,  133,  992,   42,  38,   0,   0,    ,   0,    , 289,   6,           ,  ,  0,    ,    0,    0,    0,    0, THERMO PARAMS, 15, 1103, 1233, N, 10, DT, -999, SHR82, -99, 
EP, 13, 2026090100, 03, HFSA,  60, 183N, 1149W,  60,  984, XX,  50, NEQ,   47,   66,    0,   45,  992,   42,  38,   0,   0,    ,   0,    , 289,   6,           ,  ,  0,    ,    0,    0,    0,    0, THERMO PARAMS, 15, 1103, 1233, N, 10, DT, -999, SHR82, -99, 
EP, 13, 2026090100, 03, HFSA,  66, 186N, 1156W,  65,  985, XX,  34, NEQ,  138,  131,  108,  159,  997,   62,  48,   0,   0,    ,   0,    , 307,  10,           ,  ,  0,    ,    0,    0,    0,    0, THERMO PARAMS, 28, 990, 1342, N, 10, DT, -999, SHR82, -99, 
EP, 13, 2026090100, 03, HFSA,  66, 186N, 1156W,  65,  985, XX,  50, NEQ,   76,   78,    0,   52,  997,   62,  48,   0,   0,    ,   0,    , 307,  10,           ,  ,  0,    ,    0,    0,    0,    0, THERMO PARAMS, 28, 990, 1342, N, 10, DT, -999, SHR82, -99, 
EP, 13, 2026090100, 03, HFSA,  66, 186N, 1156W,  65,  985, XX,  64, NEQ,   50,    0,    0,    0,  997,   62,  48,   0,   0,    ,   0,    , 307,  10,           ,  ,  0,    ,    0,    0,    0,    0, THERMO PARAMS, 28, 990, 1342, N, 10, DT, -999, SHR82, -99, 
EP, 13, 2026090100, 03, HFSA,  72, 189N, 1165W,  59,  984, XX,  34, NEQ,  128,  125,  128,  139,  996,   69,  51,   0,   0,    ,   0,    , 290,   8,           ,  ,  0,    ,    0,    0,    0,    0, THERMO PARAMS, 62, 727, 1345, N, 10, DT, -999, SHR82, -99, 
EP, 13, 2026090100, 03, HFSA,  72, 189N, 1165W,  59,  984, XX,  50, NEQ,   66,   78,    0,   53,  996,   69,  51,   0,   0,    ,   0,    , 290,   8,           ,  ,  0,    ,    0,    0,    0,    0, THERMO PARAMS, 62, 727, 1345, N, 10, DT, -999, SHR82, -99, 
EP, 13, 2026090100, 03, HFSA,  78, 192N, 1173W,  69,  985, XX,  34, NEQ,  128,  133,  125,  131,  993,   47,  46,   0,   0,    ,   0,    , 296,  10,           ,  ,  0,    ,    0,    0,    0,    0, THERMO PARAMS, 23, 803, 1480, N, 10, DT, -999, SHR82, -99, 
EP, 13, 2026090100, 03, HFSA,  78, 192N, 1173W,  69,  985, XX,  50, NEQ,   81,   79,    0,   58,  993,   47,  46,   0,   0,    ,   0,    , 296,  10,           ,  ,  0,    ,    0,    0,    0,    0, THERMO PARAMS, 23, 803, 1480, N, 10, DT, -999, SHR82, -99, 
EP, 13, 2026090100, 03, HFSA,  78, 192N, 1173W,  69,  985, XX,  64, NEQ,   63,    0,    0,    0,  993,   47,  46,   0,   0,    ,   0,    , 296,  10,           ,  ,  0,    ,    0,    0,    0,    0, THERMO PARAMS, 23, 803, 1480, N, 10, DT, -999, SHR82, -99, 
EP, 13, 2026090100, 03, HFSA,  84, 195N, 1183W,  65,  982, XX,  34, NEQ,  136,  155,  126,  144,  994,   69,  50,   0,   0,    ,   0,    , 293,   9,           ,  ,  0,    ,    0,    0,    0,    0, THERMO PARAMS, -25, 881, 1380, N, 10, DT, -999, SHR82, -99, 
EP, 13, 2026090100, 03, HFSA,  84, 195N, 1183W,  65,  982, XX,  50, NEQ,   92,   97,    0,   70,  994,   69,  50,   0,   0,    ,   0,    , 293,   9,           ,  ,  0,    ,    0,    0,    0,    0, THERMO PARAMS, -25, 881, 1380, N, 10, DT, -999, SHR82, -99, 
EP, 13, 2026090100, 03, HFSA,  84, 195N, 1183W,  65,  982, XX,  64, NEQ,   50,    0,    0,    0,  994,   69,  50,   0,   0,    ,   0,    , 293,   9,           ,  ,  0,    ,    0,    0,    0,    0, THERMO PARAMS, -25, 881, 1380, N, 10, DT, -999, SHR82, -99, 
EP, 13, 2026090100, 03, HFSA,  90, 198N, 1192W,  60,  982, XX,  34, NEQ,  154,  157,   94,  139,  998,   79,  32,   0,   0,    ,   0,    , 295,   8,           ,  ,  0,    ,    0,    0,    0,    0, THERMO PARAMS, -42, 581, 1512, N, 10, DT, -999, SHR82, -99, 
EP, 13, 2026090100, 03, HFSA,  90, 198N, 1192W,  60,  982, XX,  50, NEQ,   94,    0,    0,   76,  998,   79,  32,   0,   0,    ,   0,    , 295,   8,           ,  ,  0,    ,    0,    0,    0,    0, THERMO PARAMS, -42, 581, 1512, N, 10, DT, -999, SHR82, -99, 
EP, 13, 2026090100, 03, HFSA,  96, 202N, 1198W,  57,  979, XX,  34, NEQ,  152,  147,  105,  151,  999,   98,  32,   0,   0,    ,   0,    , 302,   6,           ,  ,  0,    ,    0,    0,    0,    0, THERMO PARAMS, -57, 953, 1512, N, 10, DT, -999, SHR82, -99, 
EP, 13, 2026090100, 03, HFSA,  96, 202N, 1198W,  57,  979, XX,  50, NEQ,   42,    0,   44,   73,  999,   98,  32,   0,   0,    ,   0,    , 302,   6,           ,  ,  0,    ,    0,    0,    0,    0, THERMO PARAMS, -57, 953, 1512, N, 10, DT, -999, SHR82, -99, 
EP, 13, 2026090100, 03, HFSA, 102, 206N, 1202W,  53,  981, XX,  34, NEQ,  155,  133,  104,  142, 1001,   97,  32,   0,   0,    ,   0,    , 319,   6,           ,  ,  0,    ,    0,    0,    0,    0, THERMO PARAMS, -25, 1235, 1419, N, 10, DT, -999, SHR82, -99, 
EP, 13, 2026090100, 03, HFSA, 102, 206N, 1202W,  53,  981, XX,  50, NEQ,   37,   37,    0,    0, 1001,   97,  32,   0,   0,    ,   0,    , 319,   6,           ,  ,  0,    ,    0,    0,    0,    0, THERMO PARAMS, -25, 1235, 1419, N, 10, DT, -999, SHR82, -99, 
EP, 13, 2026090100, 03, HFSA, 108, 212N, 1206W,  57,  981, XX,  34, NEQ,  136,  120,  110,  126, 1001,  106,  39,   0,   0,    ,   0,    , 329,   7,           ,  ,  0,    ,    0,    0,    0,    0, THERMO PARAMS, -9, 1056, 1174, N, 10, DT, -999, SHR82, -99, 
EP, 13, 2026090100, 03, HFSA, 108, 212N, 1206W,  57,  981, XX,  50, NEQ,   37,   40,    0,   37, 1001,  106,  39,   0,   0,    ,   0,    , 329,   7,           ,  ,  0,    ,    0,    0,    0,    0, THERMO PARAMS, -9, 1056, 1174, N, 10, DT, -999, SHR82, -99, 
EP, 13, 2026090100, 03, HFSA, 114, 217N, 1211W,  51,  983, XX,  34, NEQ,  139,  133,  118,  126, 1003,  104,  36,   0,   0,    ,   0,    , 322,   7,           ,  ,  0,    ,    0,    0,    0,    0, THERMO PARAMS, 13, 957, 1258, N, 10, DT, -999, SHR82, -99, 
EP, 13, 2026090100, 03, HFSA, 114, 217N, 1211W,  51,  983, XX,  50, NEQ,    0,    0,    0,   37, 1003,  104,  36,   0,   0,    ,   0,    , 322,   7,           ,  ,  0,    ,    0,    0,    0,    0, THERMO PARAMS, 13, 957, 1258, N, 10, DT, -999, SHR82, -99, 
EP, 13, 2026090100, 03, HFSA, 120, 222N, 1214W,  59,  980, XX,  34, NEQ,  105,  105,   96,  160,  988,   35,  37,   0,   0,    ,   0,    , 345,   8,           ,  ,  0,    ,    0,    0,    0,    0, THERMO PARAMS, 19, 942, 1377, N, 10, DT, -999, SHR82, -99, 
EP, 13, 2026090100, 03, HFSA, 120, 222N, 1214W,  59,  980, XX,  50, NEQ,   49,   47,    0,    0,  988,   35,  37,   0,   0,    ,   0,    , 345,   8,           ,  ,  0,    ,    0,    0,    0,    0, THERMO PARAMS, 19, 942, 1377, N, 10, DT, -999, SHR82, -99, 
EP, 13, 2026090100, 03, HFSA, 126, 228N, 1219W,  58,  981, XX,  34, NEQ,  113,  112,   92,  121,  997,   63,  41,   0,   0,    ,   0,    , -99, -99,           ,  ,  0,    ,    0,    0,    0,    0, THERMO PARAMS, 11, 894, 1582, N, 10, DT, -999, SHR82, -99, 
EP, 13, 2026090100, 03, HFSA, 126, 228N, 1219W,  58,  981, XX,  50, NEQ,   47,   47,    0,   29,  997,   63,  41,   0,   0,    ,   0,    , -99, -99,           ,  ,  0,    ,    0,    0,    0,    0, THERMO PARAMS, 11, 894, 1582, N, 10, DT, -999, SHR82, -99, 
EP, 13, 2026090100, 03, TVCN,   0, 131N, 1079W,   0,    0,   ,   0,    ,    0,    0,    0,    0, 
EP, 13, 2026090100, 03, TVCN,  12, 144N, 1093W,   0,    0,   ,   0,    ,    0,    0,    0,    0, 
EP, 13, 2026090100, 03, TVCN,  24, 154N, 1107W,   0,    0,   ,   0,    ,    0,    0,    0,    0, 
EP, 13, 2026090100, 03, TVCN,  36, 164N, 1119W,   0,    0,   ,   0,    ,    0,    0,    0,    0, 
EP, 13, 2026090100, 03, TVCN,  48, 175N, 1132W,   0,    0,   ,   0,    ,    0,    0,    0,    0, 
EP, 13, 2026090100, 03, TVCN,  60, 184N, 1147W,   0,    0,   ,   0,    ,    0,    0,    0,    0, 
EP, 13, 2026090100, 03, TVCN,  72, 191N, 1162W,   0,    0,   ,   0,    ,    0,    0,    0,    0, 
EP, 13, 2026090100, 03, TVCN,  84, 198N, 1176W,   0,    0,   ,   0,    ,    0,    0,    0,    0, 
EP, 13, 2026090100, 03, TVCN,  96, 207N, 1187W,   0,    0,   ,   0,    ,    0,    0,    0,    0, 
EP, 13, 2026090100, 03, TVCN, 108, 217N, 1196W,   0,    0,   ,   0,    ,    0,    0,    0,    0, 
EP, 13, 2026090100, 03, TVCN, 120, 229N, 1203W,   0,    0,   ,   0,    ,    0,    0,    0,    0, 
EP, 13, 2026090100, 03, TVCN, 132, 240N, 1210W,   0,    0,   ,   0,    ,    0,    0,    0,    0, 
EP, 13, 2026090100, 03, TVCN, 144, 230N, 1236W,   0,    0,   ,   0,    ,    0,    0,    0,    0, 
EP, 13, 2026090100, 03, TVCN, 156, 234N, 1252W,   0,    0,   ,   0,    ,    0,    0,    0,    0, 
EP, 13, 2026090100, 03, TVCN, 168, 236N, 1273W,   0,    0,   ,   0,    ,    0,    0,    0,    0, 
EP, 13, 2026090106, 03, AVNO,   0, 145N, 1083W,  40, 1004, XX,  34, NEQ,  103,   93,    0,    0, 1008,   58,  90,   0,   0, 
EP, 13, 2026090106, 03, AVNO,   6, 151N, 1086W,  47,  997, XX,  34, NEQ,   89,  159,    0,   75, 1005,   95,  52,   0,   0, 
EP, 13, 2026090106, 03, AVNO,  12, 155N, 1092W,  49,  996, XX,  34, NEQ,  132,  135,   73,   79, 1008,  106,  27,   0,   0, 
EP, 13, 2026090106, 03, AVNO,  18, 163N, 1097W,  49,  991, XX,  34, NEQ,  118,  133,   45,   86, 1007,  177,  43,   0,   0, 
EP, 13, 2026090106, 03, AVNO,  24, 171N, 1106W,  53,  988, XX,  34, NEQ,  129,  124,   56,   90, 1008,  118,  41,   0,   0, 
EP, 13, 2026090106, 03, AVNO,  24, 171N, 1106W,  53,  988, XX,  50, NEQ,   49,   53,    0,   48, 1008,  118,  41,   0,   0, 
EP, 13, 2026090106, 03, AVNO,  30, 175N, 1112W,  70,  977, XX,  34, NEQ,  144,  143,   78,   89, 1001,   69,  31,   0,   0, 
EP, 13, 2026090106, 03, AVNO,  30, 175N, 1112W,  70,  977, XX,  50, NEQ,   51,   57,   31,   55, 1001,   69,  31,   0,   0, 
EP, 13, 2026090106, 03, AVNO,  30, 175N, 1112W,  70,  977, XX,  64, NEQ,   35,    0,    0,    0, 1001,   69,  31,   0,   0, 
EP, 13, 2026090106, 03, AVNO,  36, 180N, 1121W,  70,  975, XX,  34, NEQ,  178,   93,   95,   95, 1011,  267,  38,   0,   0, 
EP, 13, 2026090106, 03, AVNO,  36, 180N, 1121W,  70,  975, XX,  50, NEQ,   59,   56,   48,   55, 1011,  267,  38,   0,   0, 
EP, 13, 2026090106, 03, AVNO,  36, 180N, 1121W,  70,  975, XX,  64, NEQ,   43,    0,    0,   33, 1011,  267,  38,   0,   0, 
EP, 13, 2026090106, 03, AVNO,  42, 183N, 1128W,  68,  970, XX,  34, NEQ,  187,  102,   89,  107, 1006,  162,  41,   0,   0, 
EP, 13, 2026090106, 03, AVNO,  42, 183N, 1128W,  68,  970, XX,  50, NEQ,   64,   63,   53,   54, 1006,  162,  41,   0,   0, 
EP, 13, 2026090106, 03, AVNO,  42, 183N, 1128W,  68,  970, XX,  64, NEQ,   45,   44,    0,   35, 1006,  162,  41,   0,   0, 
EP, 13, 2026090106, 03, AVNO,  48, 185N, 1133W,  79,  972, XX,  34, NEQ,  128,  113,   98,  106, 1008,  144,  35,   0,   0, 
EP, 13, 2026090106, 03, AVNO,  48, 185N, 1133W,  79,  972, XX,  50, NEQ,   70,   62,   61,   61, 1008,  144,  35,   0,   0, 
EP, 13, 2026090106, 03, AVNO,  48, 185N, 1133W,  79,  972, XX,  64, NEQ,   47,   44,    0,   33, 1008,  144,  35,   0,   0, 
EP, 13, 2026090106, 03, AVNO,  54, 188N, 1140W,  78,  969, XX,  34, NEQ,  132,  135,  111,  116, 1005,  161,  48,   0,   0, 
EP, 13, 2026090106, 03, AVNO,  54, 188N, 1140W,  78,  969, XX,  50, NEQ,   71,   71,   66,   59, 1005,  161,  48,   0,   0, 
EP, 13, 2026090106, 03, AVNO,  54, 188N, 1140W,  78,  969, XX,  64, NEQ,   58,   41,    0,   43, 1005,  161,  48,   0,   0, 
EP, 13, 2026090106, 03, AVNO,  60, 189N, 1147W,  76,  971, XX,  34, NEQ,  146,  129,  117,  134, 1011,  291,  42,   0,   0, 
EP, 13, 2026090106, 03, AVNO,  60, 189N, 1147W,  76,  971, XX,  50, NEQ,   83,   81,   64,   66, 1011,  291,  42,   0,   0, 
EP, 13, 2026090106, 03, AVNO,  60, 189N, 1147W,  76,  971, XX,  64, NEQ,   59,   40,    0,   42, 1011,  291,  42,   0,   0, 
EP, 13, 2026090106, 03, AVNO,  66, 193N, 1152W,  75,  969, XX,  34, NEQ,  132,  130,  121,  156, 1005,  187,  38,   0,   0, 
EP, 13, 2026090106, 03, AVNO,  66, 193N, 1152W,  75,  969, XX,  50, NEQ,   74,   75,   62,   71, 1005,  187,  38,   0,   0, 
EP, 13, 2026090106, 03, AVNO,  66, 193N, 1152W,  75,  969, XX,  64, NEQ,   49,   55,    0,   46, 1005,  187,  38,   0,   0, 
EP, 13, 2026090106, 03, AVNO,  72, 195N, 1157W,  76,  971, XX,  34, NEQ,  143,  137,  110,  136, 1007,  177,  37,   0,   0, 
EP, 13, 2026090106, 03, AVNO,  72, 195N, 1157W,  76,  971, XX,  50, NEQ,   91,   83,   63,   75, 1007,  177,  37,   0,   0, 
EP, 13, 2026090106, 03, AVNO,  72, 195N, 1157W,  76,  971, XX,  64, NEQ,   53,   45,    0,   47, 1007,  177,  37,   0,   0, 
EP, 13, 2026090106, 03, AVNO,  78, 200N, 1163W,  72,  969, XX,  34, NEQ,  148,  149,  113,  138, 1005,  200,  45,   0,   0, 
EP, 13, 2026090106, 03, AVNO,  78, 200N, 1163W,  72,  969, XX,  50, NEQ,   80,   73,   60,   77, 1005,  200,  45,   0,   0, 
EP, 13, 2026090106, 03, AVNO,  78, 200N, 1163W,  72,  969, XX,  64, NEQ,   52,   47,   33,    0, 1005,  200,  45,   0,   0, 
EP, 13, 2026090106, 03, AVNO,  84, 204N, 1169W,  69,  971, XX,  34, NEQ,  166,  181,  120,  143, 1007,  188,  47,   0,   0, 
EP, 13, 2026090106, 03, AVNO,  84, 204N, 1169W,  69,  971, XX,  50, NEQ,   81,   72,   58,   82, 1007,  188,  47,   0,   0, 
EP, 13, 2026090106, 03, AVNO,  84, 204N, 1169W,  69,  971, XX,  64, NEQ,   40,   51,    0,    0, 1007,  188,  47,   0,   0, 
EP, 13, 2026090106, 03, AVNO,  90, 210N, 1175W,  70,  968, XX,  34, NEQ,  152,  155,  121,  143, 1004,  187,  40,   0,   0, 
EP, 13, 2026090106, 03, AVNO,  90, 210N, 1175W,  70,  968, XX,  50, NEQ,   81,   77,   76,   76, 1004,  187,  40,   0,   0, 
EP, 13, 2026090106, 03, AVNO,  90, 210N, 1175W,  70,  968, XX,  64, NEQ,   48,   39,    0,   50, 1004,  187,  40,   0,   0, 
EP, 13, 2026090106, 03, AVNO,  96, 215N, 1179W,  71,  971, XX,  34, NEQ,  150,  152,  125,  137, 1007,  196,  45,   0,   0, 
EP, 13, 2026090106, 03, AVNO,  96, 215N, 1179W,  71,  971, XX,  50, NEQ,   79,   80,   67,   66, 1007,  196,  45,   0,   0, 
EP, 13, 2026090106, 03, AVNO,  96, 215N, 1179W,  71,  971, XX,  64, NEQ,   53,   38,    0,   43, 1007,  196,  45,   0,   0, 
EP, 13, 2026090106, 03, AVNO, 102, 221N, 1184W,  72,  970, XX,  34, NEQ,  137,  159,  124,  138, 1002,  140,  48,   0,   0, 
EP, 13, 2026090106, 03, AVNO, 102, 221N, 1184W,  72,  970, XX,  50, NEQ,   76,   76,   69,   69, 1002,  140,  48,   0,   0, 
EP, 13, 2026090106, 03, AVNO, 102, 221N, 1184W,  72,  970, XX,  64, NEQ,   53,   53,    0,    0, 1002,  140,  48,   0,   0, 
EP, 13, 2026090106, 03, AVNO, 108, 227N, 1187W,  70,  974, XX,  34, NEQ,  152,  145,  121,  144, 1006,  181,  44,   0,   0, 
EP, 13, 2026090106, 03, AVNO, 108, 227N, 1187W,  70,  974, XX,  50, NEQ,   77,   88,   74,   68, 1006,  181,  44,   0,   0, 
EP, 13, 2026090106, 03, AVNO, 108, 227N, 1187W,  70,  974, XX,  64, NEQ,   53,   53,    0,    0, 1006,  181,  44,   0,   0, 
EP, 13, 2026090106, 03, AVNO, 114, 235N, 1192W,  69,  973, XX,  34, NEQ,  161,  172,  116,  136, 1001,  128,  53,   0,   0, 
EP, 13, 2026090106, 03, AVNO, 114, 235N, 1192W,  69,  973, XX,  50, NEQ,   80,   84,   70,   77, 1001,  128,  53,   0,   0, 
EP, 13, 2026090106, 03, AVNO, 114, 235N, 1192W,  69,  973, XX,  64, NEQ,   56,    0,    0,    0, 1001,  128,  53,   0,   0, 
EP, 13, 2026090106, 03, AVNO, 120, 242N, 1196W,  66,  977, XX,  34, NEQ,  158,  172,  118,  127, 1005,  155,  48,   0,   0, 
EP, 13, 2026090106, 03, AVNO, 120, 242N, 1196W,  66,  977, XX,  50, NEQ,   78,   76,   59,   70, 1005,  155,  48,   0,   0, 
EP, 13, 2026090106, 03, AVNO, 120, 242N, 1196W,  66,  977, XX,  64, NEQ,   47,   49,    0,    0, 1005,  155,  48,   0,   0, 
EP, 13, 2026090106, 03, AVNO, 126, 251N, 1202W,  63,  978, XX,  34, NEQ,  150,  155,  113,  119, 1002,  130,  44,   0,   0, 
EP, 13, 2026090106, 03, AVNO, 126, 251N, 1202W,  63,  978, XX,  50, NEQ,   80,   84,    0,   60, 1002,  130,  44,   0,   0, 
EP, 13, 2026090106, 03, AVNO, 132, 260N, 1209W,  60,  982, XX,  34, NEQ,  153,  145,  103,  126, 1006,  169,  49,   0,   0, 
EP, 13, 2026090106, 03, AVNO, 132, 260N, 1209W,  60,  982, XX,  50, NEQ,   76,   80,    0,   59, 1006,  169,  49,   0,   0, 
EP, 13, 2026090106, 03, AVNO, 138, 268N, 1217W,  52,  983, XX,  34, NEQ,  122,  116,  101,  123, 1003,  140,  54,   0,   0, 
EP, 13, 2026090106, 03, AVNO, 138, 268N, 1217W,  52,  983, XX,  50, NEQ,   55,    0,    0,   51, 1003,  140,  54,   0,   0, 
EP, 13, 2026090106, 03, AVNO, 144, 273N, 1225W,  47,  988, XX,  34, NEQ,  119,   85,   91,  139, 1004,  111,  44,   0,   0, 
EP, 13, 2026090106, 03, AVNO, 150, 276N, 1235W,  43,  990, XX,  34, NEQ,  103,   66,   69,  130, 1002,   82,  49,   0,   0, 
EP, 13, 2026090106, 03, AVNO, 156, 274N, 1244W,  38,  994, XX,  34, NEQ,  304,    0,   73,  130, 1006,  100,  34,   0,   0, 
EP, 13, 2026090106, 03, AVNO, 162, 271N, 1251W,  36,  993, XX,  34, NEQ,  277,    0,    0,  134, 1005,  113,  42,   0,   0, 
EP, 13, 2026090106, 03, AVNO, 168, 268N, 1256W,  37,  997, XX,  34, NEQ,    0,    0,    0,   62, 1009,  143,  35,   0,   0, 
EP, 13, 2026090106, 03, AVNO, 174, 267N, 1260W,  31,  996, XX,  34, NEQ,    0,    0,    0,    0, 1008,  157,  40,   0,   0, 
EP, 13, 2026090106, 03, AVNO, 180, 268N, 1265W,  31,  999, XX,  34, NEQ,    0,    0,    0,    0, 1011,  166,  29,   0,   0, 
EP, 13, 2026090106, 03, AVNO, 186, 268N, 1273W,  31,  997, XX,  34, NEQ,    0,    0,    0,    0, 1009,  195,  77,   0,   0, 
EP, 13, 2026090106, 03, AVNO, 192, 267N, 1279W,  31, 1000, XX,  34, NEQ,    0,    0,    0,    0, 1008,   96, 111,   0,   0, 
EP, 13, 2026090106, 03, AVNO, 198, 269N, 1285W,  27, 1000, XX,  34, NEQ,    0,    0,    0,    0, 1008,  109,  84,   0,   0, 
EP, 13, 2026090106, 03, AVNO, 204, 273N, 1289W,  29, 1004, XX,  34, NEQ,    0,    0,    0,    0, 1012,  122, 137,   0,   0, 
EP, 13, 2026090106, 03, AVNO, 210, 281N, 1287W,  28, 1003, XX,  34, NEQ,    0,    0,    0,    0, 1011,  143,  39,   0,   0, 
EP, 13, 2026090106, 03, AVNO, 216, 295N, 1285W,  30, 1006, XX,  34, NEQ,    0,    0,    0,    0, 1014,  169,  37,   0,   0, 
EP, 13, 2026090106, 03, AVNO, 222, 310N, 1287W,  26, 1007, XX,  34, NEQ,    0,    0,    0,    0, 1011,   69,  47,   0,   0, 
EP, 13, 2026090106, 03, AVNO, 228, 321N, 1291W,  22, 1011, XX,  34, NEQ,    0,    0,    0,    0, 1015,   88,  68,   0,   0, 
EP, 13, 2026090106, 03, AVNO, 234, 329N, 1299W,  19, 1010, XX,  34, NEQ,    0,    0,    0,    0, 1014,  127, 156,   0,   0, 
EP, 13, 2026090106, 03, AVNO, 240, 332N, 1299W,  21, 1013, XX,  34, NEQ,    0,    0,    0,    0,  -99,  -99, 145,   0,   0, 
EP, 13, 2026090106, 03, HCCA,   0, 135N, 1086W,  40,    0,   ,   0,    ,    0,    0,    0,    0, 
EP, 13, 2026090106, 03, HCCA,  12, 150N, 1099W,  51,    0,   ,   0,    ,    0,    0,    0,    0, 
EP, 13, 2026090106, 03, HCCA,  24, 162N, 1112W,  61,    0,   ,   0,    ,    0,    0,    0,    0, 
EP, 13, 2026090106, 03, HCCA,  36, 174N, 1125W,  68,    0,   ,   0,    ,    0,    0,    0,    0, 
EP, 13, 2026090106, 03, HCCA,  48, 184N, 1138W,  75,    0,   ,   0,    ,    0,    0,    0,    0, 
EP, 13, 2026090106, 03, HCCA,  60, 192N, 1153W,  76,    0,   ,   0,    ,    0,    0,    0,    0, 
EP, 13, 2026090106, 03, HCCA,  72, 199N, 1169W,  75,    0,   ,   0,    ,    0,    0,    0,    0, 
EP, 13, 2026090106, 03, HCCA,  84, 207N, 1183W,  72,    0,   ,   0,    ,    0,    0,    0,    0, 
EP, 13, 2026090106, 03, HCCA,  96, 215N, 1192W,  67,    0,   ,   0,    ,    0,    0,    0,    0, 
EP, 13, 2026090106, 03, HCCA, 108, 223N, 1198W,  63,    0,   ,   0,    ,    0,    0,    0,    0, 
EP, 13, 2026090106, 03, HCCA, 120, 232N, 1203W,  63,    0,   ,   0,    ,    0,    0,    0,    0, 
EP, 13, 2026090106, 03, HCCA, 132, 243N, 1210W,  61,    0,   ,   0,    ,    0,    0,    0,    0, 
EP, 13, 2026090106, 03, HCCA, 144, 252N, 1218W,  59,    0,   ,   0,    ,    0,    0,    0,    0, 
EP, 13, 2026090106, 03, HCCA, 156, 258N, 1229W,  55,    0,   ,   0,    ,    0,    0,    0,    0, 
EP, 13, 2026090106, 03, HCCA, 168, 264N, 1238W,  52,    0,   ,   0,    ,    0,    0,    0,    0, 
EP, 13, 2026090106, 03, HFSA,   0, 141N, 1084W,  41, 1002, XX,  34, NEQ,    0,   79,    0,    0, 1006,   74, 102,   0,   0,    ,   0,    , 329,   7,           ,  ,  0,    ,    0,    0,    0,    0, THERMO PARAMS, -48, 472, 286, N, 10, DT, -999, SHR82, -99, 
EP, 13, 2026090106, 03, HFSA,   6, 153N, 1088W,  49,  997, XX,  34, NEQ,  113,  165,  178,  107, 1001,   23,  99,   0,   0,    ,   0,    , 311,  11,           ,  ,  0,    ,    0,    0,    0,    0, THERMO PARAMS, -53, 610, 131, N, 10, DT, -999, SHR82, -99, 
EP, 13, 2026090106, 03, HFSA,  12, 157N, 1097W,  53,  998, XX,  34, NEQ,  152,  167,  167,   87, 1002,   31,  64,   0,   0,    ,   0,    , 313,  10,           ,  ,  0,    ,    0,    0,    0,    0, THERMO PARAMS, -37, 290, 672, N, 10, DT, -999, SHR82, -99, 
EP, 13, 2026090106, 03, HFSA,  12, 157N, 1097W,  53,  998, XX,  50, NEQ,   63,    0,    0,    0, 1002,   31,  64,   0,   0,    ,   0,    , 313,  10,           ,  ,  0,    ,    0,    0,    0,    0, THERMO PARAMS, -37, 290, 672, N, 10, DT, -999, SHR82, -99, 
EP, 13, 2026090106, 03, HFSA,  18, 164N, 1103W,  58,  990, XX,  34, NEQ,  149,  163,   58,   86,  994,   14,  53,   0,   0,    ,   0,    , 307,  10,           ,  ,  0,    ,    0,    0,    0,    0, THERMO PARAMS, -32, 818, 572, N, 10, DT, -999, SHR82, -99, 
EP, 13, 2026090106, 03, HFSA,  18, 164N, 1103W,  58,  990, XX,  50, NEQ,   60,   62,    0,    0,  994,   14,  53,   0,   0,    ,   0,    , 307,  10,           ,  ,  0,    ,    0,    0,    0,    0, THERMO PARAMS, -32, 818, 572, N, 10, DT, -999, SHR82, -99, 
EP, 13, 2026090106, 03, HFSA,  24, 170N, 1110W,  65,  990, XX,  34, NEQ,  125,  170,   68,   83,  994,   18,  31,   0,   0,    ,   0,    , 317,  12,           ,  ,  0,    ,    0,    0,    0,    0, THERMO PARAMS, 8, 1238, 723, N, 10, DT, -999, SHR82, -99, 
EP, 13, 2026090106, 03, HFSA,  24, 170N, 1110W,  65,  990, XX,  50, NEQ,   65,   78,    0,    0,  994,   18,  31,   0,   0,    ,   0,    , 317,  12,           ,  ,  0,    ,    0,    0,    0,    0, THERMO PARAMS, 8, 1238, 723, N, 10, DT, -999, SHR82, -99, 
EP, 13, 2026090106, 03, HFSA,  30, 174N, 1119W,  61,  984, XX,  34, NEQ,  165,  123,   86,  142,  992,   34,  42,   0,   0,    ,   0,    , 302,   9,           ,  ,  0,    ,    0,    0,    0,    0, THERMO PARAMS, 14, 793, 1249, N, 10, DT, -999, SHR82, -99, 
EP, 13, 2026090106, 03, HFSA,  30, 174N, 1119W,  61,  984, XX,  50, NEQ,   65,   37,   40,   40,  992,   34,  42,   0,   0,    ,   0,    , 302,   9,           ,  ,  0,    ,    0,    0,    0,    0, THERMO PARAMS, 14, 793, 1249, N, 10, DT, -999, SHR82, -99, 
EP, 13, 2026090106, 03, HFSA,  36, 179N, 1129W,  65,  983, XX,  34, NEQ,  163,   97,   94,  159,  991,   28,  35,   0,   0,    ,   0,    , 301,   9,           ,  ,  0,    ,    0,    0,    0,    0, THERMO PARAMS, -11, 1513, 1373, N, 10, DT, -999, SHR82, -99, 
EP, 13, 2026090106, 03, HFSA,  36, 179N, 1129W,  65,  983, XX,  50, NEQ,   55,   52,   40,   50,  991,   28,  35,   0,   0,    ,   0,    , 301,   9,           ,  ,  0,    ,    0,    0,    0,    0, THERMO PARAMS, -11, 1513, 1373, N, 10, DT, -999, SHR82, -99, 
EP, 13, 2026090106, 03, HFSA,  36, 179N, 1129W,  65,  983, XX,  64, NEQ,   36,    0,    0,    0,  991,   28,  35,   0,   0,    ,   0,    , 301,   9,           ,  ,  0,    ,    0,    0,    0,    0, THERMO PARAMS, -11, 1513, 1373, N, 10, DT, -999, SHR82, -99, 
EP, 13, 2026090106, 03, HFSA,  42, 182N, 1138W,  68,  978, XX,  34, NEQ,  126,  128,   89,  108,  990,   36,  30,   0,   0,    ,   0,    , 290,   8,           ,  ,  0,    ,    0,    0,    0,    0, THERMO PARAMS, 56, 1053, 1384, N, 10, DT, -999, SHR82, -99, 
EP, 13, 2026090106, 03, HFSA,  42, 182N, 1138W,  68,  978, XX,  50, NEQ,   63,   47,   39,   58,  990,   36,  30,   0,   0,    ,   0,    , 290,   8,           ,  ,  0,    ,    0,    0,    0,    0, THERMO PARAMS, 56, 1053, 1384, N, 10, DT, -999, SHR82, -99, 
EP, 13, 2026090106, 03, HFSA,  42, 182N, 1138W,  68,  978, XX,  64, NEQ,   37,    0,    0,   34,  990,   36,  30,   0,   0,    ,   0,    , 290,   8,           ,  ,  0,    ,    0,    0,    0,    0, THERMO PARAMS, 56, 1053, 1384, N, 10, DT, -999, SHR82, -99, 
EP, 13, 2026090106, 03, HFSA,  48, 183N, 1146W,  69,  977, XX,  34, NEQ,  128,  130,  100,  102,  997,   53,  30,   0,   0,    ,   0,    , 287,   7,           ,  ,  0,    ,    0,    0,    0,    0, THERMO PARAMS, 12, 1327, 1178, N, 10, DT, -999, SHR82, -99, 
EP, 13, 2026090106, 03, HFSA,  48, 183N, 1146W,  69,  977, XX,  50, NEQ,   53,   52,   49,   50,  997,   53,  30,   0,   0,    ,   0,    , 287,   7,           ,  ,  0,    ,    0,    0,    0,    0, THERMO PARAMS, 12, 1327, 1178, N, 10, DT, -999, SHR82, -99, 
EP, 13, 2026090106, 03, HFSA,  48, 183N, 1146W,  69,  977, XX,  64, NEQ,   40,   28,    0,    0,  997,   53,  30,   0,   0,    ,   0,    , 287,   7,           ,  ,  0,    ,    0,    0,    0,    0, THERMO PARAMS, 12, 1327, 1178, N, 10, DT, -999, SHR82, -99, 
EP, 13, 2026090106, 03, HFSA,  54, 186N, 1151W,  76,  974, XX,  34, NEQ,  126,  121,  107,  147,  998,   75,  28,   0,   0,    ,   0,    , 315,   7,           ,  ,  0,    ,    0,    0,    0,    0, THERMO PARAMS, -22, 1417, 1930, N, 10, DT, -999, SHR82, -99, 
EP, 13, 2026090106, 03, HFSA,  54, 186N, 1151W,  76,  974, XX,  50, NEQ,   65,   68,   45,   55,  998,   75,  28,   0,   0,    ,   0,    , 315,   7,           ,  ,  0,    ,    0,    0,    0,    0, THERMO PARAMS, -22, 1417, 1930, N, 10, DT, -999, SHR82, -99, 
EP, 13, 2026090106, 03, HFSA,  54, 186N, 1151W,  76,  974, XX,  64, NEQ,   42,   42,    0,   36,  998,   75,  28,   0,   0,    ,   0,    , 315,   7,           ,  ,  0,    ,    0,    0,    0,    0, THERMO PARAMS, -22, 1417, 1930, N, 10, DT, -999, SHR82, -99, 
EP, 13, 2026090106, 03, HFSA,  60, 191N, 1159W,  70,  978, XX,  34, NEQ,  133,  131,   97,  123,  998,   62,  37,   0,   0,    ,   0,    , 304,  11,           ,  ,  0,    ,    0,    0,    0,    0, THERMO PARAMS, -25, 1287, 2032, N, 10, DT, -999, SHR82, -99, 
EP, 13, 2026090106, 03, HFSA,  60, 191N, 1159W,  70,  978, XX,  50, NEQ,   87,   65,   40,   65,  998,   62,  37,   0,   0,    ,   0,    , 304,  11,           ,  ,  0,    ,    0,    0,    0,    0, THERMO PARAMS, -25, 1287, 2032, N, 10, DT, -999, SHR82, -99, 
EP, 13, 2026090106, 03, HFSA,  60, 191N, 1159W,  70,  978, XX,  64, NEQ,   42,    0,    0,   37,  998,   62,  37,   0,   0,    ,   0,    , 304,  11,           ,  ,  0,    ,    0,    0,    0,    0, THERMO PARAMS, -25, 1287, 2032, N, 10, DT, -999, SHR82, -99, 
EP, 13, 2026090106, 03, HFSA,  66, 194N, 1168W,  69,  976, XX,  34, NEQ,  138,  128,  110,  134,  996,   72,  35,   0,   0,    ,   0,    , 300,   8,           ,  ,  0,    ,    0,    0,    0,    0, THERMO PARAMS, 14, 968, 1816, N, 10, DT, -999, SHR82, -99, 
EP, 13, 2026090106, 03, HFSA,  66, 194N, 1168W,  69,  976, XX,  50, NEQ,   74,   66,    0,   52,  996,   72,  35,   0,   0,    ,   0,    , 300,   8,           ,  ,  0,    ,    0,    0,    0,    0, THERMO PARAMS, 14, 968, 1816, N, 10, DT, -999, SHR82, -99, 
EP, 13, 2026090106, 03, HFSA,  66, 194N, 1168W,  69,  976, XX,  64, NEQ,   49,   36,    0,    0,  996,   72,  35,   0,   0,    ,   0,    , 300,   8,           ,  ,  0,    ,    0,    0,    0,    0, THERMO PARAMS, 14, 968, 1816, N, 10, DT, -999, SHR82, -99, 
EP, 13, 2026090106, 03, HFSA,  72, 196N, 1177W,  68,  977, XX,  34, NEQ,  149,  136,  120,  144,  997,   67,  30,   0,   0,    ,   0,    , 288,   9,           ,  ,  0,    ,    0,    0,    0,    0, THERMO PARAMS, 4, 996, 1690, N, 10, DT, -999, SHR82, -99, 
EP, 13, 2026090106, 03, HFSA,  72, 196N, 1177W,  68,  977, XX,  50, NEQ,   78,   83,   45,   76,  997,   67,  30,   0,   0,    ,   0,    , 288,   9,           ,  ,  0,    ,    0,    0,    0,    0, THERMO PARAMS, 4, 996, 1690, N, 10, DT, -999, SHR82, -99, 
EP, 13, 2026090106, 03, HFSA,  72, 196N, 1177W,  68,  977, XX,  64, NEQ,   32,    0,    0,    0,  997,   67,  30,   0,   0,    ,   0,    , 288,   9,           ,  ,  0,    ,    0,    0,    0,    0, THERMO PARAMS, 4, 996, 1690, N, 10, DT, -999, SHR82, -99, 
EP, 13, 2026090106, 03, HFSA,  78, 200N, 1185W,  68,  973, XX,  34, NEQ,  131,  130,  130,  151,  997,   81,  32,   0,   0,    ,   0,    , 309,  10,           ,  ,  0,    ,    0,    0,    0,    0, THERMO PARAMS, -32, 1323, 1808, N, 10, DT, -999, SHR82, -99, 
EP, 13, 2026090106, 03, HFSA,  78, 200N, 1185W,  68,  973, XX,  50, NEQ,   78,   84,   37,   79,  997,   81,  32,   0,   0,    ,   0,    , 309,  10,           ,  ,  0,    ,    0,    0,    0,    0, THERMO PARAMS, -32, 1323, 1808, N, 10, DT, -999, SHR82, -99, 
EP, 13, 2026090106, 03, HFSA,  78, 200N, 1185W,  68,  973, XX,  64, NEQ,   39,    0,    0,   36,  997,   81,  32,   0,   0,    ,   0,    , 309,  10,           ,  ,  0,    ,    0,    0,    0,    0, THERMO PARAMS, -32, 1323, 1808, N, 10, DT, -999, SHR82, -99, 
EP, 13, 2026090106, 03, HFSA,  84, 205N, 1194W,  71,  973, XX,  34, NEQ,  139,  138,  115,  142, 1001,   98,  32,   0,   0,    ,   0,    , 302,   9,           ,  ,  0,    ,    0,    0,    0,    0, THERMO PARAMS, -11, 1261, 1840, N, 10, DT, -999, SHR82, -99, 
EP, 13, 2026090106, 03, HFSA,  84, 205N, 1194W,  71,  973, XX,  50, NEQ,   91,   87,   44,   78, 1001,   98,  32,   0,   0,    ,   0,    , 302,   9,           ,  ,  0,    ,    0,    0,    0,    0, THERMO PARAMS, -11, 1261, 1840, N, 10, DT, -999, SHR82, -99, 
EP, 13, 2026090106, 03, HFSA,  84, 205N, 1194W,  71,  973, XX,  64, NEQ,   32,   34,    0,    0, 1001,   98,  32,   0,   0,    ,   0,    , 302,   9,           ,  ,  0,    ,    0,    0,    0,    0, THERMO PARAMS, -11, 1261, 1840, N, 10, DT, -999, SHR82, -99, 
EP, 13, 2026090106, 03, HFSA,  90, 211N, 1200W,  75,  968, XX,  34, NEQ,  136,  134,  120,  125,  996,   80,  26,   0,   0,    ,   0,    , 315,   8,           ,  ,  0,    ,    0,    0,    0,    0, THERMO PARAMS, -4, 1507, 1997, N, 10, DT, -999, SHR82, -99, 
EP, 13, 2026090106, 03, HFSA,  90, 211N, 1200W,  75,  968, XX,  50, NEQ,   81,   47,   52,   78,  996,   80,  26,   0,   0,    ,   0,    , 315,   8,           ,  ,  0,    ,    0,    0,    0,    0, THERMO PARAMS, -4, 1507, 1997, N, 10, DT, -999, SHR82, -99, 
EP, 13, 2026090106, 03, HFSA,  90, 211N, 1200W,  75,  968, XX,  64, NEQ,   31,    0,    0,   32,  996,   80,  26,   0,   0,    ,   0,    , 315,   8,           ,  ,  0,    ,    0,    0,    0,    0, THERMO PARAMS, -4, 1507, 1997, N, 10, DT, -999, SHR82, -99, 
EP, 13, 2026090106, 03, HFSA,  96, 217N, 1206W,  66,  970, XX,  34, NEQ,  142,  139,  120,  138, 1006,  164,  26,   0,   0,    ,   0,    , 315,   8,           ,  ,  0,    ,    0,    0,    0,    0, THERMO PARAMS, 3, 1549, 1928, N, 10, DT, -999, SHR82, -99, 
EP, 13, 2026090106, 03, HFSA,  96, 217N, 1206W,  66,  970, XX,  50, NEQ,   87,   50,   60,   87, 1006,  164,  26,   0,   0,    ,   0,    , 315,   8,           ,  ,  0,    ,    0,    0,    0,    0, THERMO PARAMS, 3, 1549, 1928, N, 10, DT, -999, SHR82, -99, 
EP, 13, 2026090106, 03, HFSA,  96, 217N, 1206W,  66,  970, XX,  64, NEQ,   29,    0,    0,   26, 1006,  164,  26,   0,   0,    ,   0,    , 315,   8,           ,  ,  0,    ,    0,    0,    0,    0, THERMO PARAMS, 3, 1549, 1928, N, 10, DT, -999, SHR82, -99, 
EP, 13, 2026090106, 03, HFSA, 102, 223N, 1213W,  57,  972, XX,  34, NEQ,  146,  136,  118,  136,  996,   79,  28,   0,   0,    ,   0,    , 319,   7,           ,  ,  0,    ,    0,    0,    0,    0, THERMO PARAMS, 17, 1270, 1710, N, 10, DT, -999, SHR82, -99, 
EP, 13, 2026090106, 03, HFSA, 102, 223N, 1213W,  57,  972, XX,  50, NEQ,   50,   76,   42,   66,  996,   79,  28,   0,   0,    ,   0,    , 319,   7,           ,  ,  0,    ,    0,    0,    0,    0, THERMO PARAMS, 17, 1270, 1710, N, 10, DT, -999, SHR82, -99, 
EP, 13, 2026090106, 03, HFSA, 108, 228N, 1216W,  56,  976, XX,  34, NEQ,  134,  134,  120,  130, 1000,   92,  28,   0,   0,    ,   0,    , 334,   7,           ,  ,  0,    ,    0,    0,    0,    0, THERMO PARAMS, 15, 926, 1658, N, 10, DT, -999, SHR82, -99, 
EP, 13, 2026090106, 03, HFSA, 108, 228N, 1216W,  56,  976, XX,  50, NEQ,   42,   36,    0,   29, 1000,   92,  28,   0,   0,    ,   0,    , 334,   7,           ,  ,  0,    ,    0,    0,    0,    0, THERMO PARAMS, 15, 926, 1658, N, 10, DT, -999, SHR82, -99, 
EP, 13, 2026090106, 03, HFSA, 114, 234N, 1219W,  56,  975, XX,  34, NEQ,  125,  112,  113,  131, 1003,  129,  32,   0,   0,    ,   0,    , 353,   6,           ,  ,  0,    ,    0,    0,    0,    0, THERMO PARAMS, 15, 902, 1642, N, 10, DT, -999, SHR82, -99, 
EP, 13, 2026090106, 03, HFSA, 114, 234N, 1219W,  56,  975, XX,  50, NEQ,   44,   45,    0,    0, 1003,  129,  32,   0,   0,    ,   0,    , 353,   6,           ,  ,  0,    ,    0,    0,    0,    0, THERMO PARAMS, 15, 902, 1642, N, 10, DT, -999, SHR82, -99, 
EP, 13, 2026090106, 03, HFSA, 120, 241N, 1222W,  52,  979, XX,  34, NEQ,  115,  123,   97,  108, 1007,  155,  24,   0,   0,    ,   0,    , 336,   7,           ,  ,  0,    ,    0,    0,    0,    0, THERMO PARAMS, 26, 793, 1785, N, 10, DT, -999, SHR82, -99, 
EP, 13, 2026090106, 03, HFSA, 120, 241N, 1222W,  52,  979, XX,  50, NEQ,    0,   29,    0,    0, 1007,  155,  24,   0,   0,    ,   0,    , 336,   7,           ,  ,  0,    ,    0,    0,    0,    0, THERMO PARAMS, 26, 793, 1785, N, 10, DT, -999, SHR82, -99, 
EP, 13, 2026090106, 03, HFSA, 126, 248N, 1225W,  48,  981, XX,  34, NEQ,  110,  110,   94,  115, 1001,   88,  42,   0,   0,    ,   0,    , -99, -99,           ,  ,  0,    ,    0,    0,    0,    0, THERMO PARAMS, 57, 818, 1664, N, 10, DT, -999, SHR82, -99, 
EP, 13, 2026090106, 03, TVCN,   0, 135N, 1086W,   0,    0,   ,   0,    ,    0,    0,    0,    0, 
EP, 13, 2026090106, 03, TVCN,  12, 149N, 1099W,   0,    0,   ,   0,    ,    0,    0,    0,    0, 
EP, 13, 2026090106, 03, TVCN,  24, 159N, 1111W,   0,    0,   ,   0,    ,    0,    0,    0,    0, 
EP, 13, 2026090106, 03, TVCN,  36, 171N, 1124W,   0,    0,   ,   0,    ,    0,    0,    0,    0, 
EP, 13, 2026090106, 03, TVCN,  48, 181N, 1139W,   0,    0,   ,   0,    ,    0,    0,    0,    0, 
EP, 13, 2026090106, 03, TVCN,  60, 188N, 1154W,   0,    0,   ,   0,    ,    0,    0,    0,    0, 
EP, 13, 2026090106, 03, TVCN,  72, 194N, 1169W,   0,    0,   ,   0,    ,    0,    0,    0,    0, 
EP, 13, 2026090106, 03, TVCN,  84, 201N, 1184W,   0,    0,   ,   0,    ,    0,    0,    0,    0, 
EP, 13, 2026090106, 03, TVCN,  96, 208N, 1196W,   0,    0,   ,   0,    ,    0,    0,    0,    0, 
EP, 13, 2026090106, 03, TVCN, 108, 216N, 1205W,   0,    0,   ,   0,    ,    0,    0,    0,    0, 
EP, 13, 2026090106, 03, TVCN, 120, 225N, 1214W,   0,    0,   ,   0,    ,    0,    0,    0,    0, 
EP, 13, 2026090106, 03, TVCN, 132, 232N, 1223W,   0,    0,   ,   0,    ,    0,    0,    0,    0, 
EP, 13, 2026090106, 03, TVCN, 144, 223N, 1245W,   0,    0,   ,   0,    ,    0,    0,    0,    0, 
EP, 13, 2026090106, 03, TVCN, 156, 224N, 1263W,   0,    0,   ,   0,    ,    0,    0,    0,    0, 
EP, 13, 2026090106, 03, TVCN, 168, 226N, 1282W,   0,    0,   ,   0,    ,    0,    0,    0,    0, 
EP, 13, 2026090112, 03,  UKX,   0, 149N, 1090W,  37, 1004, XX,  34, NEQ,  101,  104,    0,    0, 
EP, 13, 2026090112, 03,  UKX,   6, 155N, 1100W,  38, 1003, XX,  34, NEQ,  125,  112,    0,    0, 
EP, 13, 2026090112, 03,  UKX,  12, 160N, 1109W,  39, 1002, XX,  34, NEQ,  134,  109,    0,    0, 
EP, 13, 2026090112, 03,  UKX,  18, 165N, 1117W,  39, 1001, XX,  34, NEQ,  119,  116,    0,    0, 
EP, 13, 2026090112, 03,  UKX,  24, 168N, 1123W,  38,  999, XX,  34, NEQ,  123,  124,    0,  113, 
EP, 13, 2026090112, 03,  UKX,  30, 174N, 1129W,  42,  998, XX,  34, NEQ,  140,  113,    0,  103, 
EP, 13, 2026090112, 03,  UKX,  36, 181N, 1137W,  41,  996, XX,  34, NEQ,  143,  115,    0,  116, 
EP, 13, 2026090112, 03,  UKX,  42, 185N, 1145W,  41,  995, XX,  34, NEQ,  134,  102,    0,  130, 
EP, 13, 2026090112, 03,  UKX,  48, 187N, 1153W,  42,  993, XX,  34, NEQ,  139,  126,  100,  134, 
EP, 13, 2026090112, 03,  UKX,  54, 190N, 1162W,  42,  993, XX,  34, NEQ,  149,  142,  108,  148, 
EP, 13, 2026090112, 03,  UKX,  60, 192N, 1170W,  45,  989, XX,  34, NEQ,  145,  128,  106,  151, 
EP, 13, 2026090112, 03,  UKX,  66, 195N, 1178W,  48,  990, XX,  34, NEQ,  135,  149,  100,  132, 
EP, 13, 2026090112, 03,  UKX,  72, 199N, 1184W,  51,  987, XX,  34, NEQ,  131,  128,  115,  145, 
EP, 13, 2026090112, 03,  UKX,  72, 199N, 1184W,  51,  987, XX,  50, NEQ,   65,    0,    0,    0, 
EP, 13, 2026090112, 03,  UKX,  78, 203N, 1190W,  49,  989, XX,  34, NEQ,  135,  138,  110,  145, 
EP, 13, 2026090112, 03,  UKX,  84, 210N, 1195W,  50,  986, XX,  34, NEQ,  141,  142,  116,  129, 
EP, 13, 2026090112, 03,  UKX,  84, 210N, 1195W,  50,  986, XX,  50, NEQ,   71,    0,    0,    0, 
EP, 13, 2026090112, 03,  UKX,  90, 216N, 1197W,  51,  987, XX,  34, NEQ,  141,  135,   99,  128, 
EP, 13, 2026090112, 03,  UKX,  90, 216N, 1197W,  51,  987, XX,  50, NEQ,   69,    0,    0,    0, 
EP, 13, 2026090112, 03,  UKX,  96, 223N, 1200W,  50,  986, XX,  34, NEQ,  141,  130,  113,  138, 
EP, 13, 2026090112, 03,  UKX, 102, 232N, 1202W,  51,  988, XX,  34, NEQ,  139,  134,  118,  136, 
EP, 13, 2026090112, 03,  UKX, 102, 232N, 1202W,  51,  988, XX,  50, NEQ,   58,    0,    0,    0, 
EP, 13, 2026090112, 03,  UKX, 108, 241N, 1201W,  49,  988, XX,  34, NEQ,  131,  122,  108,  125, 
EP, 13, 2026090112, 03,  UKX, 114, 251N, 1200W,  46,  991, XX,  34, NEQ,  123,  117,  109,  103, 
EP, 13, 2026090112, 03,  UKX, 120, 260N, 1200W,  41,  991, XX,  34, NEQ,  109,  114,  111,  110, 
EP, 13, 2026090112, 03,  UKX, 126, 267N, 1198W,  40,  994, XX,  34, NEQ,   88,   94,  109,  108, 
EP, 13, 2026090112, 03,  UKX, 132, 274N, 1195W,  40,  995, XX,  34, NEQ,   62,    0,   76,   98, 
EP, 13, 2026090112, 03,  UKX, 138, 278N, 1191W,  35,  998, XX,  34, NEQ,   52,   74,    0,    0, 
EP, 13, 2026090112, 03,  UKX, 144, 284N, 1192W,  32,  999, XX,  34, NEQ,    0,    0,    0,    0, 
EP, 13, 2026090112, 03, AVNO,   0, 152N, 1086W,  47,  999, XX,  34, NEQ,   96,  148,    0,   38, 1007,  125,  48,   0,   0, 
EP, 13, 2026090112, 03, AVNO,   6, 157N, 1095W,  43,  999, XX,  34, NEQ,  130,  148,    0,    0, 1011,  227, 116,   0,   0, 
EP, 13, 2026090112, 03, AVNO,  12, 162N, 1098W,  42,  994, XX,  34, NEQ,  121,  131,    0,  109, 1006,  136,  41,   0,   0, 
EP, 13, 2026090112, 03, AVNO,  18, 172N, 1106W,  45,  993, XX,  34, NEQ,  121,  113,    0,   84, 1009,  127,  49,   0,   0, 
EP, 13, 2026090112, 03, AVNO,  24, 176N, 1114W,  57,  984, XX,  34, NEQ,  134,   97,   67,   98, 1008,  178,  23,   0,   0, 
EP, 13, 2026090112, 03, AVNO,  24, 176N, 1114W,  57,  984, XX,  50, NEQ,   28,   38,    0,    0, 1008,  178,  23,   0,   0, 
EP, 13, 2026090112, 03, AVNO,  30, 180N, 1122W,  62,  980, XX,  34, NEQ,  138,   98,   90,   94, 1008,  126,  42,   0,   0, 
EP, 13, 2026090112, 03, AVNO,  30, 180N, 1122W,  62,  980, XX,  50, NEQ,   56,   55,   32,   47, 1008,  126,  42,   0,   0, 
EP, 13, 2026090112, 03, AVNO,  36, 183N, 1127W,  64,  973, XX,  34, NEQ,  127,  101,   89,  102, 1005,  135,  39,   0,   0, 
EP, 13, 2026090112, 03, AVNO,  36, 183N, 1127W,  64,  973, XX,  50, NEQ,   63,   53,   52,   48, 1005,  135,  39,   0,   0, 
EP, 13, 2026090112, 03, AVNO,  36, 183N, 1127W,  64,  973, XX,  64, NEQ,   39,    0,    0,    0, 1005,  135,  39,   0,   0, 
EP, 13, 2026090112, 03, AVNO,  42, 186N, 1134W,  77,  972, XX,  34, NEQ,  121,  108,   99,  101, 1008,  158,  31,   0,   0, 
EP, 13, 2026090112, 03, AVNO,  42, 186N, 1134W,  77,  972, XX,  50, NEQ,   63,   62,   53,   55, 1008,  158,  31,   0,   0, 
EP, 13, 2026090112, 03, AVNO,  42, 186N, 1134W,  77,  972, XX,  64, NEQ,   44,   40,    0,   40, 1008,  158,  31,   0,   0, 
EP, 13, 2026090112, 03, AVNO,  48, 190N, 1141W,  74,  968, XX,  34, NEQ,  130,  122,  105,  109, 1004,  127,  33,   0,   0, 
EP, 13, 2026090112, 03, AVNO,  48, 190N, 1141W,  74,  968, XX,  50, NEQ,   79,   66,   53,   63, 1004,  127,  33,   0,   0, 
EP, 13, 2026090112, 03, AVNO,  48, 190N, 1141W,  74,  968, XX,  64, NEQ,   44,   39,    0,   38, 1004,  127,  33,   0,   0, 
EP, 13, 2026090112, 03, AVNO,  54, 192N, 1149W,  71,  968, XX,  34, NEQ,  131,  125,  114,  142, 1008,  172,  42,   0,   0, 
EP, 13, 2026090112, 03, AVNO,  54, 192N, 1149W,  71,  968, XX,  50, NEQ,   87,   82,   58,   68, 1008,  172,  42,   0,   0, 
EP, 13, 2026090112, 03, AVNO,  54, 192N, 1149W,  71,  968, XX,  64, NEQ,   49,   39,    0,   38, 1008,  172,  42,   0,   0, 
EP, 13, 2026090112, 03, AVNO,  60, 194N, 1156W,  80,  964, XX,  34, NEQ,  133,  132,  109,  149, 1004,  163,  33,   0,   0, 
EP, 13, 2026090112, 03, AVNO,  60, 194N, 1156W,  80,  964, XX,  50, NEQ,   79,   76,   56,   70, 1004,  163,  33,   0,   0, 
EP, 13, 2026090112, 03, AVNO,  60, 194N, 1156W,  80,  964, XX,  64, NEQ,   47,   43,    0,   38, 1004,  163,  33,   0,   0, 
EP, 13, 2026090112, 03, AVNO,  66, 195N, 1162W,  78,  967, XX,  34, NEQ,  142,  140,  109,  147, 1007,  172,  40,   0,   0, 
EP, 13, 2026090112, 03, AVNO,  66, 195N, 1162W,  78,  967, XX,  50, NEQ,   86,   73,   53,   74, 1007,  172,  40,   0,   0, 
EP, 13, 2026090112, 03, AVNO,  66, 195N, 1162W,  78,  967, XX,  64, NEQ,   54,   51,   32,   36, 1007,  172,  40,   0,   0, 
EP, 13, 2026090112, 03, AVNO,  72, 199N, 1168W,  73,  966, XX,  34, NEQ,  136,  148,  119,  147, 1006,  216,  44,   0,   0, 
EP, 13, 2026090112, 03, AVNO,  72, 199N, 1168W,  73,  966, XX,  50, NEQ,   92,   60,   64,   70, 1006,  216,  44,   0,   0, 
EP, 13, 2026090112, 03, AVNO,  72, 199N, 1168W,  73,  966, XX,  64, NEQ,   52,   31,    0,   37, 1006,  216,  44,   0,   0, 
EP, 13, 2026090112, 03, AVNO,  78, 203N, 1174W,  68,  968, XX,  34, NEQ,  152,  159,  119,  150, 1008,  330,  38,   0,   0, 
EP, 13, 2026090112, 03, AVNO,  78, 203N, 1174W,  68,  968, XX,  50, NEQ,   78,   67,   61,   78, 1008,  330,  38,   0,   0, 
EP, 13, 2026090112, 03, AVNO,  78, 203N, 1174W,  68,  968, XX,  64, NEQ,   40,   43,    0,   44, 1008,  330,  38,   0,   0, 
EP, 13, 2026090112, 03, AVNO,  84, 206N, 1181W,  68,  966, XX,  34, NEQ,  159,  172,  119,  158, 1002,  143,  46,   0,   0, 
EP, 13, 2026090112, 03, AVNO,  84, 206N, 1181W,  68,  966, XX,  50, NEQ,   66,   69,   68,   72, 1002,  143,  46,   0,   0, 
EP, 13, 2026090112, 03, AVNO,  84, 206N, 1181W,  68,  966, XX,  64, NEQ,   51,   46,   46,   42, 1002,  143,  46,   0,   0, 
EP, 13, 2026090112, 03, AVNO,  90, 210N, 1184W,  71,  968, XX,  34, NEQ,  150,  149,  120,  145, 1004,  145,  47,   0,   0, 
EP, 13, 2026090112, 03, AVNO,  90, 210N, 1184W,  71,  968, XX,  50, NEQ,   70,   70,   65,   71, 1004,  145,  47,   0,   0, 
EP, 13, 2026090112, 03, AVNO,  90, 210N, 1184W,  71,  968, XX,  64, NEQ,   52,   45,    0,   39, 1004,  145,  47,   0,   0, 
EP, 13, 2026090112, 03, AVNO,  96, 215N, 1187W,  70,  968, XX,  34, NEQ,  143,  144,  127,  127, 1000,  123,  40,   0,   0, 
EP, 13, 2026090112, 03, AVNO,  96, 215N, 1187W,  70,  968, XX,  50, NEQ,   73,   76,   64,   62, 1000,  123,  40,   0,   0, 
EP, 13, 2026090112, 03, AVNO,  96, 215N, 1187W,  70,  968, XX,  64, NEQ,   48,   41,    0,    0, 1000,  123,  40,   0,   0, 
EP, 13, 2026090112, 03, AVNO, 102, 221N, 1191W,  70,  973, XX,  34, NEQ,  139,  155,  130,  143, 1005,  152,  46,   0,   0, 
EP, 13, 2026090112, 03, AVNO, 102, 221N, 1191W,  70,  973, XX,  50, NEQ,   75,   92,   56,   65, 1005,  152,  46,   0,   0, 
EP, 13, 2026090112, 03, AVNO, 102, 221N, 1191W,  70,  973, XX,  64, NEQ,   47,   53,    0,    0, 1005,  152,  46,   0,   0, 
EP, 13, 2026090112, 03, AVNO, 108, 229N, 1195W,  67,  972, XX,  34, NEQ,  149,  158,  112,  133, 1000,  118,  43,   0,   0, 
EP, 13, 2026090112, 03, AVNO, 108, 229N, 1195W,  67,  972, XX,  50, NEQ,   67,   71,   54,   64, 1000,  118,  43,   0,   0, 
EP, 13, 2026090112, 03, AVNO, 108, 229N, 1195W,  67,  972, XX,  64, NEQ,   45,   48,    0,    0, 1000,  118,  43,   0,   0, 
EP, 13, 2026090112, 03, AVNO, 114, 236N, 1200W,  64,  976, XX,  34, NEQ,  164,  178,  111,  119, 1004,  136,  41,   0,   0, 
EP, 13, 2026090112, 03, AVNO, 114, 236N, 1200W,  64,  976, XX,  50, NEQ,   78,   71,   59,   60, 1004,  136,  41,   0,   0, 
EP, 13, 2026090112, 03, AVNO, 114, 236N, 1200W,  64,  976, XX,  64, NEQ,   42,    0,    0,    0, 1004,  136,  41,   0,   0, 
EP, 13, 2026090112, 03, AVNO, 120, 244N, 1207W,  63,  977, XX,  34, NEQ,  146,  150,  107,  121, 1001,  114,  42,   0,   0, 
EP, 13, 2026090112, 03, AVNO, 120, 244N, 1207W,  63,  977, XX,  50, NEQ,   66,   67,   56,   62, 1001,  114,  42,   0,   0, 
EP, 13, 2026090112, 03, AVNO, 126, 251N, 1214W,  58,  981, XX,  34, NEQ,  149,  146,  106,  122, 1005,  130,  50,   0,   0, 
EP, 13, 2026090112, 03, AVNO, 126, 251N, 1214W,  58,  981, XX,  50, NEQ,   68,   77,   51,   53, 1005,  130,  50,   0,   0, 
EP, 13, 2026090112, 03, AVNO, 132, 259N, 1221W,  55,  982, XX,  34, NEQ,  115,  104,  102,  111, 1002,  120,  41,   0,   0, 
EP, 13, 2026090112, 03, AVNO, 132, 259N, 1221W,  55,  982, XX,  50, NEQ,   53,   52,    0,   43, 1002,  120,  41,   0,   0, 
EP, 13, 2026090112, 03, AVNO, 138, 264N, 1231W,  53,  987, XX,  34, NEQ,  108,   77,   76,  101, 1003,   95,  39,   0,   0, 
EP, 13, 2026090112, 03, AVNO, 138, 264N, 1231W,  53,  987, XX,  50, NEQ,   44,    0,    0,    0, 1003,   95,  39,   0,   0, 
EP, 13, 2026090112, 03, AVNO, 144, 267N, 1242W,  45,  988, XX,  34, NEQ,   95,   55,   71,  109, 1000,   70,  35,   0,   0, 
EP, 13, 2026090112, 03, AVNO, 150, 265N, 1251W,  39,  992, XX,  34, NEQ,  285,    0,   55,  121, 1004,   80,  67,   0,   0, 
EP, 13, 2026090112, 03, AVNO, 156, 263N, 1256W,  38,  992, XX,  34, NEQ,  260,    0,   48,   77, 1004,   93,  32,   0,   0, 
EP, 13, 2026090112, 03, AVNO, 162, 263N, 1262W,  38,  995, XX,  34, NEQ,    0,    0,   31,   66, 1011,  228,  33,   0,   0, 
EP, 13, 2026090112, 03, AVNO, 168, 265N, 1270W,  35,  995, XX,  34, NEQ,   35,    0,    0,   32, 1007,  119,  34,   0,   0, 
EP, 13, 2026090112, 03, AVNO, 174, 265N, 1280W,  32,  999, XX,  34, NEQ,    0,    0,    0,    0, 1011,  142,  32,   0,   0, 
EP, 13, 2026090112, 03, AVNO, 180, 262N, 1288W,  30,  998, XX,  34, NEQ,    0,    0,    0,    0, 1010,  181,  89,   0,   0, 
EP, 13, 2026090112, 03, AVNO, 186, 263N, 1292W,  31, 1001, XX,  34, NEQ,    0,    0,    0,    0, 1013,  222, 105,   0,   0, 
EP, 13, 2026090112, 03, AVNO, 192, 268N, 1298W,  31, 1000, XX,  34, NEQ,    0,    0,    0,    0, 1008,   94,  88,   0,   0, 
EP, 13, 2026090112, 03, AVNO, 198, 273N, 1306W,  35, 1003, XX,  34, NEQ,    0,    0,    0,   69, 1011,  100,  54,   0,   0, 
EP, 13, 2026090112, 03, AVNO, 204, 275N, 1315W,  35, 1002, XX,  34, NEQ,    0,    0,    0,   50, 1010,  103,  43,   0,   0, 
EP, 13, 2026090112, 03, AVNO, 210, 277N, 1318W,  28, 1005, XX,  34, NEQ,    0,    0,    0,    0, 1013,  123, 113,   0,   0, 
EP, 13, 2026090112, 03, AVNO, 216, 284N, 1320W,  26, 1006, XX,  34, NEQ,    0,    0,    0,    0, 1010,   59, 130,   0,   0, 
EP, 13, 2026090112, 03, AVNO, 222, 291N, 1321W,  24, 1010, XX,  34, NEQ,    0,    0,    0,    0, 1014,   75, 139,   0,   0, 
EP, 13, 2026090112, 03, AVNO, 228, 296N, 1321W,  22, 1010, XX,  34, NEQ,    0,    0,    0,    0, 1014,   95,  89,   0,   0, 
EP, 13, 2026090112, 03, AVNO, 234, 300N, 1320W,  21, 1012, XX,  34, NEQ,    0,    0,    0,    0,  -99,  -99,  30,   0,   0, 
EP, 13, 2026090112, 03, AVNO, 240, 303N, 1317W,  19, 1012, XX,  34, NEQ,    0,    0,    0,    0,  -99,  -99,  33,   0,   0, 
EP, 13, 2026090112, 03, HCCA,   0, 147N, 1084W,  40,    0,   ,   0,    ,    0,    0,    0,    0, 
EP, 13, 2026090112, 03, HCCA,  12, 160N, 1097W,  54,    0,   ,   0,    ,    0,    0,    0,    0, 
EP, 13, 2026090112, 03, HCCA,  24, 171N, 1111W,  64,    0,   ,   0,    ,    0,    0,    0,    0, 
EP, 13, 2026090112, 03, HCCA,  36, 181N, 1126W,  77,    0,   ,   0,    ,    0,    0,    0,    0, 
EP, 13, 2026090112, 03, HCCA,  48, 190N, 1141W,  83,    0,   ,   0,    ,    0,    0,    0,    0, 
EP, 13, 2026090112, 03, HCCA,  60, 197N, 1156W,  86,    0,   ,   0,    ,    0,    0,    0,    0, 
EP, 13, 2026090112, 03, HCCA,  72, 203N, 1172W,  87,    0,   ,   0,    ,    0,    0,    0,    0, 
EP, 13, 2026090112, 03, HCCA,  84, 208N, 1186W,  84,    0,   ,   0,    ,    0,    0,    0,    0, 
EP, 13, 2026090112, 03, HCCA,  96, 215N, 1198W,  86,    0,   ,   0,    ,    0,    0,    0,    0, 
EP, 13, 2026090112, 03, HCCA, 108, 222N, 1208W,  83,    0,   ,   0,    ,    0,    0,    0,    0, 
EP, 13, 2026090112, 03, HCCA, 120, 224N, 1218W,  76,    0,   ,   0,    ,    0,    0,    0,    0, 
EP, 13, 2026090112, 03, HCCA, 132, 229N, 1230W,  75,    0,   ,   0,    ,    0,    0,    0,    0, 
EP, 13, 2026090112, 03, HCCA, 144, 233N, 1245W,  73,    0,   ,   0,    ,    0,    0,    0,    0, 
EP, 13, 2026090112, 03, HCCA, 156, 233N, 1264W,  73,    0,   ,   0,    ,    0,    0,    0,    0, 
EP, 13, 2026090112, 03, HCCA, 168, 242N, 1281W,  72,    0,   ,   0,    ,    0,    0,    0,    0, 
EP, 13, 2026090112, 03, HFSA,   0, 147N, 1084W,  41, 1001, XX,  34, NEQ,   37,  172,  178,    0, 1005,   51,  99,   0,   0,    ,   0,    , 325,   7,           ,  ,  0,    ,    0,    0,    0,    0, THERMO PARAMS, -69, 142, 441, N, 10, DT, -999, SHR82, -99, 
EP, 13, 2026090112, 03, HFSA,   6, 150N, 1087W,  49, 1000, XX,  34, NEQ,  128,  144,  130,    0, 1004,   45,  94,   0,   0,    ,   0,    , 335,   7,           ,  ,  0,    ,    0,    0,    0,    0, THERMO PARAMS, -85, 271, 28, N, 10, DT, -999, SHR82, -99, 
EP, 13, 2026090112, 03, HFSA,  12, 161N, 1094W,  54,  995, XX,  34, NEQ,  141,  131,  162,   78,  999,   40,  45,   0,   0,    ,   0,    , 318,  14,           ,  ,  0,    ,    0,    0,    0,    0, THERMO PARAMS, -55, 550, 263, N, 10, DT, -999, SHR82, -99, 
EP, 13, 2026090112, 03, HFSA,  12, 161N, 1094W,  54,  995, XX,  50, NEQ,   58,   49,    0,    0,  999,   40,  45,   0,   0,    ,   0,    , 318,  14,           ,  ,  0,    ,    0,    0,    0,    0, THERMO PARAMS, -55, 550, 263, N, 10, DT, -999, SHR82, -99, 
EP, 13, 2026090112, 03, HFSA,  18, 168N, 1101W,  60,  992, XX,  34, NEQ,  113,  131,   52,   79,  -99,  -99,  27,   0,   0,    ,   0,    , 322,   9,           ,  ,  0,    ,    0,    0,    0,    0, THERMO PARAMS, -18, 645, 889, N, 10, DT, -999, SHR82, -99, 
EP, 13, 2026090112, 03, HFSA,  18, 168N, 1101W,  60,  992, XX,  50, NEQ,   44,   52,    0,    0,  -99,  -99,  27,   0,   0,    ,   0,    , 322,   9,           ,  ,  0,    ,    0,    0,    0,    0, THERMO PARAMS, -18, 645, 889, N, 10, DT, -999, SHR82, -99, 
EP, 13, 2026090112, 03, HFSA,  24, 174N, 1111W,  64,  986, XX,  34, NEQ,  159,  113,   89,  117,  994,   29,  30,   0,   0,    ,   0,    , 305,   9,           ,  ,  0,    ,    0,    0,    0,    0, THERMO PARAMS, -10, 1079, 1265, N, 10, DT, -999, SHR82, -99, 
EP, 13, 2026090112, 03, HFSA,  24, 174N, 1111W,  64,  986, XX,  50, NEQ,   49,   53,    0,    0,  994,   29,  30,   0,   0,    ,   0,    , 305,   9,           ,  ,  0,    ,    0,    0,    0,    0, THERMO PARAMS, -10, 1079, 1265, N, 10, DT, -999, SHR82, -99, 
EP, 13, 2026090112, 03, HFSA,  30, 177N, 1119W,  62,  984, XX,  34, NEQ,  146,  102,   70,  128,  988,    9,  32,   0,   0,    ,   0,    , 308,   8,           ,  ,  0,    ,    0,    0,    0,    0, THERMO PARAMS, -25, 1274, 751, N, 10, DT, -999, SHR82, -99, 
EP, 13, 2026090112, 03, HFSA,  30, 177N, 1119W,  62,  984, XX,  50, NEQ,   42,   47,    0,    0,  988,    9,  32,   0,   0,    ,   0,    , 308,   8,           ,  ,  0,    ,    0,    0,    0,    0, THERMO PARAMS, -25, 1274, 751, N, 10, DT, -999, SHR82, -99, 
EP, 13, 2026090112, 03, HFSA,  36, 182N, 1128W,  70,  980, XX,  34, NEQ,  149,  123,   70,  104, 1000,   66,  26,   0,   0,    ,   0,    , 303,   7,           ,  ,  0,    ,    0,    0,    0,    0, THERMO PARAMS, 32, 1057, 1280, N, 10, DT, -999, SHR82, -99, 
EP, 13, 2026090112, 03, HFSA,  36, 182N, 1128W,  70,  980, XX,  50, NEQ,   50,   39,   34,   47, 1000,   66,  26,   0,   0,    ,   0,    , 303,   7,           ,  ,  0,    ,    0,    0,    0,    0, THERMO PARAMS, 32, 1057, 1280, N, 10, DT, -999, SHR82, -99, 
EP, 13, 2026090112, 03, HFSA,  36, 182N, 1128W,  70,  980, XX,  64, NEQ,   32,   28,    0,    0, 1000,   66,  26,   0,   0,    ,   0,    , 303,   7,           ,  ,  0,    ,    0,    0,    0,    0, THERMO PARAMS, 32, 1057, 1280, N, 10, DT, -999, SHR82, -99, 
EP, 13, 2026090112, 03, HFSA,  42, 184N, 1136W,  72,  979, XX,  34, NEQ,  113,  117,   99,  100,  995,   42,  29,   0,   0,    ,   0,    , 292,   8,           ,  ,  0,    ,    0,    0,    0,    0, THERMO PARAMS, 19, 1391, 1237, N, 10, DT, -999, SHR82, -99, 
EP, 13, 2026090112, 03, HFSA,  42, 184N, 1136W,  72,  979, XX,  50, NEQ,   52,   40,   42,   44,  995,   42,  29,   0,   0,    ,   0,    , 292,   8,           ,  ,  0,    ,    0,    0,    0,    0, THERMO PARAMS, 19, 1391, 1237, N, 10, DT, -999, SHR82, -99, 
EP, 13, 2026090112, 03, HFSA,  42, 184N, 1136W,  72,  979, XX,  64, NEQ,   32,   23,    0,    0,  995,   42,  29,   0,   0,    ,   0,    , 292,   8,           ,  ,  0,    ,    0,    0,    0,    0, THERMO PARAMS, 19, 1391, 1237, N, 10, DT, -999, SHR82, -99, 
EP, 13, 2026090112, 03, HFSA,  48, 187N, 1141W,  68,  975, XX,  34, NEQ,  130,  125,  108,  144,  991,   41,  24,   0,   0,    ,   0,    , 316,   7,           ,  ,  0,    ,    0,    0,    0,    0, THERMO PARAMS, 10, 1401, 1622, N, 10, DT, -999, SHR82, -99, 
EP, 13, 2026090112, 03, HFSA,  48, 187N, 1141W,  68,  975, XX,  50, NEQ,   78,   68,   37,   50,  991,   41,  24,   0,   0,    ,   0,    , 316,   7,           ,  ,  0,    ,    0,    0,    0,    0, THERMO PARAMS, 10, 1401, 1622, N, 10, DT, -999, SHR82, -99, 
EP, 13, 2026090112, 03, HFSA,  48, 187N, 1141W,  68,  975, XX,  64, NEQ,   34,   49,    0,    0,  991,   41,  24,   0,   0,    ,   0,    , 316,   7,           ,  ,  0,    ,    0,    0,    0,    0, THERMO PARAMS, 10, 1401, 1622, N, 10, DT, -999, SHR82, -99, 
EP, 13, 2026090112, 03, HFSA,  54, 193N, 1150W,  70,  978, XX,  34, NEQ,  128,  128,  123,  133,  994,   44,  34,   0,   0,    ,   0,    , 307,  10,           ,  ,  0,    ,    0,    0,    0,    0, THERMO PARAMS, -4, 1275, 1931, N, 10, DT, -999, SHR82, -99, 
EP, 13, 2026090112, 03, HFSA,  54, 193N, 1150W,  70,  978, XX,  50, NEQ,   76,   74,   40,   65,  994,   44,  34,   0,   0,    ,   0,    , 307,  10,           ,  ,  0,    ,    0,    0,    0,    0, THERMO PARAMS, -4, 1275, 1931, N, 10, DT, -999, SHR82, -99, 
EP, 13, 2026090112, 03, HFSA,  54, 193N, 1150W,  70,  978, XX,  64, NEQ,   44,    0,    0,    0,  994,   44,  34,   0,   0,    ,   0,    , 307,  10,           ,  ,  0,    ,    0,    0,    0,    0, THERMO PARAMS, -4, 1275, 1931, N, 10, DT, -999, SHR82, -99, 
EP, 13, 2026090112, 03, HFSA,  60, 195N, 1158W,  68,  975, XX,  34, NEQ,  130,  134,  131,  134,  995,   60,  27,   0,   0,    ,   0,    , 298,   7,           ,  ,  0,    ,    0,    0,    0,    0, THERMO PARAMS, 39, 1067, 1552, N, 10, DT, -999, SHR82, -99, 
EP, 13, 2026090112, 03, HFSA,  60, 195N, 1158W,  68,  975, XX,  50, NEQ,   66,   73,   29,   47,  995,   60,  27,   0,   0,    ,   0,    , 298,   7,           ,  ,  0,    ,    0,    0,    0,    0, THERMO PARAMS, 39, 1067, 1552, N, 10, DT, -999, SHR82, -99, 
EP, 13, 2026090112, 03, HFSA,  60, 195N, 1158W,  68,  975, XX,  64, NEQ,    0,    0,    0,   28,  995,   60,  27,   0,   0,    ,   0,    , 298,   7,           ,  ,  0,    ,    0,    0,    0,    0, THERMO PARAMS, 39, 1067, 1552, N, 10, DT, -999, SHR82, -99, 
EP, 13, 2026090112, 03, HFSA,  66, 198N, 1166W,  71,  975, XX,  34, NEQ,  136,  128,  113,  146,  995,   55,  23,   0,   0,    ,   0,    , 302,  10,           ,  ,  0,    ,    0,    0,    0,    0, THERMO PARAMS, 21, 1127, 1883, N, 10, DT, -999, SHR82, -99, 
EP, 13, 2026090112, 03, HFSA,  66, 198N, 1166W,  71,  975, XX,  50, NEQ,   83,   49,   32,   47,  995,   55,  23,   0,   0,    ,   0,    , 302,  10,           ,  ,  0,    ,    0,    0,    0,    0, THERMO PARAMS, 21, 1127, 1883, N, 10, DT, -999, SHR82, -99, 
EP, 13, 2026090112, 03, HFSA,  66, 198N, 1166W,  71,  975, XX,  64, NEQ,   34,   29,    0,   24,  995,   55,  23,   0,   0,    ,   0,    , 302,  10,           ,  ,  0,    ,    0,    0,    0,    0, THERMO PARAMS, 21, 1127, 1883, N, 10, DT, -999, SHR82, -99, 
EP, 13, 2026090112, 03, HFSA,  72, 202N, 1176W,  67,  971, XX,  34, NEQ,  142,  147,  128,  159,  991,   53,  22,   0,   0,    ,   0,    , 299,  10,           ,  ,  0,    ,    0,    0,    0,    0, THERMO PARAMS, -4, 1256, 1664, N, 10, DT, -999, SHR82, -99, 
EP, 13, 2026090112, 03, HFSA,  72, 202N, 1176W,  67,  971, XX,  50, NEQ,   78,   79,   26,   57,  991,   53,  22,   0,   0,    ,   0,    , 299,  10,           ,  ,  0,    ,    0,    0,    0,    0, THERMO PARAMS, -4, 1256, 1664, N, 10, DT, -999, SHR82, -99, 
EP, 13, 2026090112, 03, HFSA,  72, 202N, 1176W,  67,  971, XX,  64, NEQ,   34,    0,    0,    0,  991,   53,  22,   0,   0,    ,   0,    , 299,  10,           ,  ,  0,    ,    0,    0,    0,    0, THERMO PARAMS, -4, 1256, 1664, N, 10, DT, -999, SHR82, -99, 
EP, 13, 2026090112, 03, HFSA,  78, 205N, 1186W,  68,  970, XX,  34, NEQ,  163,  131,  125,  165,  994,   60,  18,   0,   0,    ,   0,    , 300,   9,           ,  ,  0,    ,    0,    0,    0,    0, THERMO PARAMS, 4, 1310, 1869, N, 10, DT, -999, SHR82, -99, 
EP, 13, 2026090112, 03, HFSA,  78, 205N, 1186W,  68,  970, XX,  50, NEQ,   86,   79,   42,   68,  994,   60,  18,   0,   0,    ,   0,    , 300,   9,           ,  ,  0,    ,    0,    0,    0,    0, THERMO PARAMS, 4, 1310, 1869, N, 10, DT, -999, SHR82, -99, 
EP, 13, 2026090112, 03, HFSA,  78, 205N, 1186W,  68,  970, XX,  64, NEQ,    0,    0,    0,   19,  994,   60,  18,   0,   0,    ,   0,    , 300,   9,           ,  ,  0,    ,    0,    0,    0,    0, THERMO PARAMS, 4, 1310, 1869, N, 10, DT, -999, SHR82, -99, 
EP, 13, 2026090112, 03, HFSA,  84, 211N, 1193W,  70,  966, XX,  34, NEQ,  131,  136,  123,  154,  998,   95,  27,   0,   0,    ,   0,    , 313,   9,           ,  ,  0,    ,    0,    0,    0,    0, THERMO PARAMS, -15, 1252, 1970, N, 10, DT, -999, SHR82, -99, 
EP, 13, 2026090112, 03, HFSA,  84, 211N, 1193W,  70,  966, XX,  50, NEQ,   76,   79,   37,   68,  998,   95,  27,   0,   0,    ,   0,    , 313,   9,           ,  ,  0,    ,    0,    0,    0,    0, THERMO PARAMS, -15, 1252, 1970, N, 10, DT, -999, SHR82, -99, 
EP, 13, 2026090112, 03, HFSA,  84, 211N, 1193W,  70,  966, XX,  64, NEQ,   39,   29,    0,   24,  998,   95,  27,   0,   0,    ,   0,    , 313,   9,           ,  ,  0,    ,    0,    0,    0,    0, THERMO PARAMS, -15, 1252, 1970, N, 10, DT, -999, SHR82, -99, 
EP, 13, 2026090112, 03, HFSA,  90, 215N, 1200W,  71,  967, XX,  34, NEQ,  125,  130,  113,  138,  995,   65,  23,   0,   0,    ,   0,    , 312,   8,           ,  ,  0,    ,    0,    0,    0,    0, THERMO PARAMS, -23, 1362, 2002, N, 10, DT, -999, SHR82, -99, 
EP, 13, 2026090112, 03, HFSA,  90, 215N, 1200W,  71,  967, XX,  50, NEQ,   73,   73,   26,   68,  995,   65,  23,   0,   0,    ,   0,    , 312,   8,           ,  ,  0,    ,    0,    0,    0,    0, THERMO PARAMS, -23, 1362, 2002, N, 10, DT, -999, SHR82, -99, 
EP, 13, 2026090112, 03, HFSA,  90, 215N, 1200W,  71,  967, XX,  64, NEQ,   26,   26,    0,   31,  995,   65,  23,   0,   0,    ,   0,    , 312,   8,           ,  ,  0,    ,    0,    0,    0,    0, THERMO PARAMS, -23, 1362, 2002, N, 10, DT, -999, SHR82, -99, 
EP, 13, 2026090112, 03, HFSA,  96, 221N, 1206W,  63,  967, XX,  34, NEQ,  130,  131,  105,  126,  999,   94,  21,   0,   0,    ,   0,    , 316,   7,           ,  ,  0,    ,    0,    0,    0,    0, THERMO PARAMS, -13, 1338, 1976, N, 10, DT, -999, SHR82, -99, 
EP, 13, 2026090112, 03, HFSA,  96, 221N, 1206W,  63,  967, XX,  50, NEQ,   83,   57,   34,   76,  999,   94,  21,   0,   0,    ,   0,    , 316,   7,           ,  ,  0,    ,    0,    0,    0,    0, THERMO PARAMS, -13, 1338, 1976, N, 10, DT, -999, SHR82, -99, 
EP, 13, 2026090112, 03, HFSA, 102, 227N, 1212W,  60,  971, XX,  34, NEQ,  125,  117,   99,  125, 1007,  178,  41,   0,   0,    ,   0,    , 315,   8,           ,  ,  0,    ,    0,    0,    0,    0, THERMO PARAMS, -24, 1175, 1973, N, 10, DT, -999, SHR82, -99, 
EP, 13, 2026090112, 03, HFSA, 102, 227N, 1212W,  60,  971, XX,  50, NEQ,   70,   53,   45,   71, 1007,  178,  41,   0,   0,    ,   0,    , 315,   8,           ,  ,  0,    ,    0,    0,    0,    0, THERMO PARAMS, -24, 1175, 1973, N, 10, DT, -999, SHR82, -99, 
EP, 13, 2026090112, 03, HFSA, 108, 233N, 1216W,  56,  971, XX,  34, NEQ,  113,  105,  105,  123, 1003,  140,  49,   0,   0,    ,   0,    , 330,   5,           ,  ,  0,    ,    0,    0,    0,    0, THERMO PARAMS, 5, 1075, 1820, N, 10, DT, -999, SHR82, -99, 
EP, 13, 2026090112, 03, HFSA, 108, 233N, 1216W,  56,  971, XX,  50, NEQ,   60,   47,   49,   65, 1003,  140,  49,   0,   0,    ,   0,    , 330,   5,           ,  ,  0,    ,    0,    0,    0,    0, THERMO PARAMS, 5, 1075, 1820, N, 10, DT, -999, SHR82, -99, 
EP, 13, 2026090112, 03, HFSA, 114, 238N, 1219W,  52,  976, XX,  34, NEQ,  110,  112,   96,  113, 1004,  117,  40,   0,   0,    ,   0,    , 335,   6,           ,  ,  0,    ,    0,    0,    0,    0, THERMO PARAMS, 24, 894, 1814, N, 10, DT, -999, SHR82, -99, 
EP, 13, 2026090112, 03, HFSA, 114, 238N, 1219W,  52,  976, XX,  50, NEQ,   49,    0,    0,   44, 1004,  117,  40,   0,   0,    ,   0,    , 335,   6,           ,  ,  0,    ,    0,    0,    0,    0, THERMO PARAMS, 24, 894, 1814, N, 10, DT, -999, SHR82, -99, 
EP, 13, 2026090112, 03, HFSA, 120, 243N, 1223W,  47,  978, XX,  34, NEQ,  107,  108,   94,  110, 1006,  172,  40,   0,   0,    ,   0,    , 333,   6,           ,  ,  0,    ,    0,    0,    0,    0, THERMO PARAMS, 33, 897, 1547, N, 10, DT, -999, SHR82, -99, 
EP, 13, 2026090112, 03, HFSA, 126, 248N, 1227W,  45,  982, XX,  34, NEQ,   97,  100,   86,  110, 1006,  134,  42,   0,   0,    ,   0,    , -99, -99,           ,  ,  0,    ,    0,    0,    0,    0, THERMO PARAMS, 63, 782, 1384, N, 10, DT, -999, SHR82, -99, 
EP, 13, 2026090112, 03, TVCN,   0, 147N, 1084W,   0,    0,   ,   0,    ,    0,    0,    0,    0, 
EP, 13, 2026090112, 03, TVCN,  12, 160N, 1096W,   0,    0,   ,   0,    ,    0,    0,    0,    0, 
EP, 13, 2026090112, 03, TVCN,  24, 172N, 1110W,   0,    0,   ,   0,    ,    0,    0,    0,    0, 
EP, 13, 2026090112, 03, TVCN,  36, 182N, 1124W,   0,    0,   ,   0,    ,    0,    0,    0,    0, 
EP, 13, 2026090112, 03, TVCN,  48, 190N, 1139W,   0,    0,   ,   0,    ,    0,    0,    0,    0, 
EP, 13, 2026090112, 03, TVCN,  60, 196N, 1154W,   0,    0,   ,   0,    ,    0,    0,    0,    0, 
EP, 13, 2026090112, 03, TVCN,  72, 202N, 1169W,   0,    0,   ,   0,    ,    0,    0,    0,    0, 
EP, 13, 2026090112, 03, TVCN,  84, 210N, 1182W,   0,    0,   ,   0,    ,    0,    0,    0,    0, 
EP, 13, 2026090112, 03, TVCN,  96, 218N, 1193W,   0,    0,   ,   0,    ,    0,    0,    0,    0, 
EP, 13, 2026090112, 03, TVCN, 108, 226N, 1202W,   0,    0,   ,   0,    ,    0,    0,    0,    0, 
EP, 13, 2026090112, 03, TVCN, 120, 234N, 1211W,   0,    0,   ,   0,    ,    0,    0,    0,    0, 
EP, 13, 2026090112, 03, TVCN, 132, 240N, 1221W,   0,    0,   ,   0,    ,    0,    0,    0,    0, 
EP, 13, 2026090112, 03, TVCN, 144, 231N, 1242W,   0,    0,   ,   0,    ,    0,    0,    0,    0, 
EP, 13, 2026090112, 03, TVCN, 156, 234N, 1260W,   0,    0,   ,   0,    ,    0,    0,    0,    0, 
EP, 13, 2026090112, 03, TVCN, 168, 238N, 1280W,   0,    0,   ,   0,    ,    0,    0,    0,    0, 
EP, 13, 2026090118, 03, AVNO,   0, 155N, 1095W,  40,  999, XX,  34, NEQ,  131,  138,    0,   60, 1011,  216, 116,   0,   0, 
EP, 13, 2026090118, 03, AVNO,   6, 161N, 1097W,  59,  990, XX,  34, NEQ,  112,  114,   69,  130, 1006,  145,  30,   0,   0, 
EP, 13, 2026090118, 03, AVNO,   6, 161N, 1097W,  59,  990, XX,  50, NEQ,   37,    0,    0,    0, 1006,  145,  30,   0,   0, 
EP, 13, 2026090118, 03, AVNO,  12, 171N, 1107W,  53,  990, XX,  34, NEQ,  127,  112,   48,   87, 1010,  164,  27,   0,   0, 
EP, 13, 2026090118, 03, AVNO,  12, 171N, 1107W,  53,  990, XX,  50, NEQ,   31,   28,    0,   26, 1010,  164,  27,   0,   0, 
EP, 13, 2026090118, 03, AVNO,  18, 176N, 1115W,  65,  980, XX,  34, NEQ,  135,  129,   72,   90, 1008,  181,  29,   0,   0, 
EP, 13, 2026090118, 03, AVNO,  18, 176N, 1115W,  65,  980, XX,  50, NEQ,   45,   44,    0,   44, 1008,  181,  29,   0,   0, 
EP, 13, 2026090118, 03, AVNO,  18, 176N, 1115W,  65,  980, XX,  64, NEQ,    0,   29,    0,    0, 1008,  181,  29,   0,   0, 
EP, 13, 2026090118, 03, AVNO,  24, 180N, 1124W,  72,  974, XX,  34, NEQ,  145,  107,   69,   95, 1006,   97,  27,   0,   0, 
EP, 13, 2026090118, 03, AVNO,  24, 180N, 1124W,  72,  974, XX,  50, NEQ,   59,   52,   45,   44, 1006,   97,  27,   0,   0, 
EP, 13, 2026090118, 03, AVNO,  24, 180N, 1124W,  72,  974, XX,  64, NEQ,   36,   38,    0,    0, 1006,   97,  27,   0,   0, 
EP, 13, 2026090118, 03, AVNO,  30, 183N, 1130W,  71,  970, XX,  34, NEQ,  122,  100,   82,  101, 1006,  142,  29,   0,   0, 
EP, 13, 2026090118, 03, AVNO,  30, 183N, 1130W,  71,  970, XX,  50, NEQ,   61,   57,   50,   44, 1006,  142,  29,   0,   0, 
EP, 13, 2026090118, 03, AVNO,  30, 183N, 1130W,  71,  970, XX,  64, NEQ,   40,   36,    0,    0, 1006,  142,  29,   0,   0, 
EP, 13, 2026090118, 03, AVNO,  36, 187N, 1138W,  79,  970, XX,  34, NEQ,  121,  105,   90,   95, 1010,  193,  32,   0,   0, 
EP, 13, 2026090118, 03, AVNO,  36, 187N, 1138W,  79,  970, XX,  50, NEQ,   62,   55,   48,   55, 1010,  193,  32,   0,   0, 
EP, 13, 2026090118, 03, AVNO,  36, 187N, 1138W,  79,  970, XX,  64, NEQ,   44,   36,    0,   40, 1010,  193,  32,   0,   0, 
EP, 13, 2026090118, 03, AVNO,  42, 189N, 1146W,  75,  966, XX,  34, NEQ,  122,  112,   94,  111, 1006,  168,  32,   0,   0, 
EP, 13, 2026090118, 03, AVNO,  42, 189N, 1146W,  75,  966, XX,  50, NEQ,   72,   62,   56,   52, 1006,  168,  32,   0,   0, 
EP, 13, 2026090118, 03, AVNO,  42, 189N, 1146W,  75,  966, XX,  64, NEQ,   49,   41,   42,   38, 1006,  168,  32,   0,   0, 
EP, 13, 2026090118, 03, AVNO,  48, 191N, 1152W,  78,  967, XX,  34, NEQ,  129,  126,  103,  129,  983,   34,  34,   0,   0, 
EP, 13, 2026090118, 03, AVNO,  48, 191N, 1152W,  78,  967, XX,  50, NEQ,   79,   70,   59,   57,  983,   34,  34,   0,   0, 
EP, 13, 2026090118, 03, AVNO,  48, 191N, 1152W,  78,  967, XX,  64, NEQ,   47,   48,   40,   39,  983,   34,  34,   0,   0, 
EP, 13, 2026090118, 03, AVNO,  54, 195N, 1159W,  77,  965, XX,  34, NEQ,  126,  127,  109,  141, 1005,  176,  38,   0,   0, 
EP, 13, 2026090118, 03, AVNO,  54, 195N, 1159W,  77,  965, XX,  50, NEQ,   73,   68,   63,   63, 1005,  176,  38,   0,   0, 
EP, 13, 2026090118, 03, AVNO,  54, 195N, 1159W,  77,  965, XX,  64, NEQ,   51,   41,   33,   46, 1005,  176,  38,   0,   0, 
EP, 13, 2026090118, 03, AVNO,  60, 197N, 1166W,  78,  967, XX,  34, NEQ,  135,  137,  102,  145, 1007,  173,  36,   0,   0, 
EP, 13, 2026090118, 03, AVNO,  60, 197N, 1166W,  78,  967, XX,  50, NEQ,   88,   63,   54,   69, 1007,  173,  36,   0,   0, 
EP, 13, 2026090118, 03, AVNO,  60, 197N, 1166W,  78,  967, XX,  64, NEQ,   45,   42,    0,   43, 1007,  173,  36,   0,   0, 
EP, 13, 2026090118, 03, AVNO,  66, 201N, 1173W,  78,  966, XX,  34, NEQ,  141,  147,  101,  133, 1006,  238,  38,   0,   0, 
EP, 13, 2026090118, 03, AVNO,  66, 201N, 1173W,  78,  966, XX,  50, NEQ,   81,   60,   58,   70, 1006,  238,  38,   0,   0, 
EP, 13, 2026090118, 03, AVNO,  66, 201N, 1173W,  78,  966, XX,  64, NEQ,   50,   35,   39,   36, 1006,  238,  38,   0,   0, 
EP, 13, 2026090118, 03, AVNO,  72, 204N, 1179W,  72,  970, XX,  34, NEQ,  159,  174,  117,  147, 1006,  164,  42,   0,   0, 
EP, 13, 2026090118, 03, AVNO,  72, 204N, 1179W,  72,  970, XX,  50, NEQ,   77,   57,   64,   73, 1006,  164,  42,   0,   0, 
EP, 13, 2026090118, 03, AVNO,  72, 204N, 1179W,  72,  970, XX,  64, NEQ,   55,    0,    0,   50, 1006,  164,  42,   0,   0, 
EP, 13, 2026090118, 03, AVNO,  78, 209N, 1184W,  69,  968, XX,  34, NEQ,  142,  139,  116,  147, 1004,  177,  42,   0,   0, 
EP, 13, 2026090118, 03, AVNO,  78, 209N, 1184W,  69,  968, XX,  50, NEQ,   69,   59,   57,   72, 1004,  177,  42,   0,   0, 
EP, 13, 2026090118, 03, AVNO,  78, 209N, 1184W,  69,  968, XX,  64, NEQ,   47,   43,    0,   50, 1004,  177,  42,   0,   0, 
EP, 13, 2026090118, 03, AVNO,  84, 214N, 1191W,  70,  971, XX,  34, NEQ,  147,  147,   99,  147, 1007,  199,  40,   0,   0, 
EP, 13, 2026090118, 03, AVNO,  84, 214N, 1191W,  70,  971, XX,  50, NEQ,   75,   62,   60,   68, 1007,  199,  40,   0,   0, 
EP, 13, 2026090118, 03, AVNO,  84, 214N, 1191W,  70,  971, XX,  64, NEQ,   42,   45,    0,   37, 1007,  199,  40,   0,   0, 
EP, 13, 2026090118, 03, AVNO,  90, 219N, 1196W,  65,  972, XX,  34, NEQ,  139,  126,  116,  137, 1004,  170,  46,   0,   0, 
EP, 13, 2026090118, 03, AVNO,  90, 219N, 1196W,  65,  972, XX,  50, NEQ,   71,   65,   67,   66, 1004,  170,  46,   0,   0, 
EP, 13, 2026090118, 03, AVNO,  90, 219N, 1196W,  65,  972, XX,  64, NEQ,   51,   46,    0,    0, 1004,  170,  46,   0,   0, 
EP, 13, 2026090118, 03, AVNO,  96, 224N, 1201W,  63,  975, XX,  34, NEQ,  136,  133,  120,  138, 1003,  125,  49,   0,   0, 
EP, 13, 2026090118, 03, AVNO,  96, 224N, 1201W,  63,  975, XX,  50, NEQ,   70,   63,   59,   72, 1003,  125,  49,   0,   0, 
EP, 13, 2026090118, 03, AVNO, 102, 229N, 1205W,  63,  975, XX,  34, NEQ,  126,  133,  112,  129, 1003,  140,  43,   0,   0, 
EP, 13, 2026090118, 03, AVNO, 102, 229N, 1205W,  63,  975, XX,  50, NEQ,   63,   71,   58,   60, 1003,  140,  43,   0,   0, 
EP, 13, 2026090118, 03, AVNO, 108, 235N, 1210W,  58,  979, XX,  34, NEQ,  128,  128,  111,  111, 1003,  117,  43,   0,   0, 
EP, 13, 2026090118, 03, AVNO, 108, 235N, 1210W,  58,  979, XX,  50, NEQ,   64,   62,   45,   65, 1003,  117,  43,   0,   0, 
EP, 13, 2026090118, 03, AVNO, 114, 241N, 1215W,  58,  980, XX,  34, NEQ,  119,  128,   98,  115, 1004,  147,  50,   0,   0, 
EP, 13, 2026090118, 03, AVNO, 114, 241N, 1215W,  58,  980, XX,  50, NEQ,   62,   64,    0,    0, 1004,  147,  50,   0,   0, 
EP, 13, 2026090118, 03, AVNO, 120, 248N, 1222W,  53,  984, XX,  34, NEQ,  126,  114,   95,  111, 1008,  189,  43,   0,   0, 
EP, 13, 2026090118, 03, AVNO, 120, 248N, 1222W,  53,  984, XX,  50, NEQ,   63,   55,    0,    0, 1008,  189,  43,   0,   0, 
EP, 13, 2026090118, 03, AVNO, 126, 255N, 1230W,  51,  984, XX,  34, NEQ,  104,  106,   84,  116, 1004,  137,  51,   0,   0, 
EP, 13, 2026090118, 03, AVNO, 126, 255N, 1230W,  51,  984, XX,  50, NEQ,   42,   52,    0,    0, 1004,  137,  51,   0,   0, 
EP, 13, 2026090118, 03, AVNO, 132, 261N, 1240W,  49,  989, XX,  34, NEQ,  101,   90,   69,  106, 1005,  101,  40,   0,   0, 
EP, 13, 2026090118, 03, AVNO, 138, 266N, 1251W,  43,  990, XX,  34, NEQ,   85,   72,   62,  103, 1006,  148,  43,   0,   0, 
EP, 13, 2026090118, 03, AVNO, 144, 268N, 1263W,  39,  994, XX,  34, NEQ,   87,   68,   53,   95, 1006,   86,  30,   0,   0, 
EP, 13, 2026090118, 03, AVNO, 150, 269N, 1276W,  36,  994, XX,  34, NEQ,   57,    0,    0,   86, 1002,   54,  58,   0,   0, 
EP, 13, 2026090118, 03, AVNO, 156, 265N, 1288W,  36,  998, XX,  34, NEQ,   47,    0,    0,   51, 1006,   63,  46,   0,   0, 
EP, 13, 2026090118, 03, AVNO, 162, 262N, 1298W,  33,  998, XX,  34, NEQ,    0,    0,    0,    0, 1006,   86,  37,   0,   0, 
EP, 13, 2026090118, 03, AVNO, 168, 258N, 1304W,  29, 1001, XX,  34, NEQ,    0,    0,    0,    0, 1009,  112,  32,   0,   0, 
EP, 13, 2026090118, 03, AVNO, 174, 259N, 1306W,  28, 1000, XX,  34, NEQ,    0,    0,    0,    0, 1008,  123, 110,   0,   0, 
EP, 13, 2026090118, 03, AVNO, 180, 262N, 1308W,  32, 1002, XX,  34, NEQ,    0,    0,    0,    0, 1010,  131, 155,   0,   0, 
EP, 13, 2026090118, 03, AVNO, 186, 269N, 1312W,  28, 1001, XX,  34, NEQ,    0,    0,    0,    0, 1009,  162, 138,   0,   0, 
EP, 13, 2026090118, 03, AVNO, 192, 273N, 1314W,  29, 1004, XX,  34, NEQ,    0,    0,    0,    0, 1012,  171, 124,   0,   0, 
EP, 13, 2026090118, 03, AVNO, 198, 278N, 1314W,  32, 1003, XX,  34, NEQ,    0,    0,    0,    0, 1011,  220,  52,   0,   0, 
EP, 13, 2026090118, 03, AVNO, 204, 285N, 1313W,  28, 1006, XX,  34, NEQ,    0,    0,    0,    0, 1010,   68, 109,   0,   0, 
EP, 13, 2026090118, 03, AVNO, 210, 297N, 1314W,  29, 1006, XX,  34, NEQ,    0,    0,    0,    0, 1010,   74, 142,   0,   0, 
EP, 13, 2026090118, 03, AVNO, 216, 307N, 1317W,  26, 1010, XX,  34, NEQ,    0,    0,    0,    0, 1014,   86, 103,   0,   0, 
EP, 13, 2026090118, 03, AVNO, 222, 316N, 1322W,  25, 1010, XX,  34, NEQ,    0,    0,    0,    0, 1014,  108, 101,   0,   0, 
EP, 13, 2026090118, 03, AVNO, 228, 323N, 1326W,  21, 1012, XX,  34, NEQ,    0,    0,    0,    0, 1016,  134,  88,   0,   0, 
EP, 13, 2026090118, 03, AVNO, 234, 329N, 1328W,  18, 1012, XX,  34, NEQ,    0,    0,    0,    0,  -99,  -99,  89,   0,   0, 
EP, 13, 2026090118, 03, AVNO, 240, 337N, 1327W,  17, 1014, XX,  34, NEQ,    0,    0,    0,    0,  -99,  -99, 134,   0,   0, 
EP, 13, 2026090118, 03, HCCA,   0, 153N, 1093W,  50,    0,   ,   0,    ,    0,    0,    0,    0, 
EP, 13, 2026090118, 03, HCCA,  12, 164N, 1105W,  68,    0,   ,   0,    ,    0,    0,    0,    0, 
EP, 13, 2026090118, 03, HCCA,  24, 175N, 1119W,  78,    0,   ,   0,    ,    0,    0,    0,    0, 
EP, 13, 2026090118, 03, HCCA,  36, 184N, 1133W,  85,    0,   ,   0,    ,    0,    0,    0,    0, 
EP, 13, 2026090118, 03, HCCA,  48, 191N, 1148W,  86,    0,   ,   0,    ,    0,    0,    0,    0, 
EP, 13, 2026090118, 03, HCCA,  60, 197N, 1164W,  89,    0,   ,   0,    ,    0,    0,    0,    0, 
EP, 13, 2026090118, 03, HCCA,  72, 203N, 1180W,  88,    0,   ,   0,    ,    0,    0,    0,    0, 
EP, 13, 2026090118, 03, HCCA,  84, 211N, 1193W,  86,    0,   ,   0,    ,    0,    0,    0,    0, 
EP, 13, 2026090118, 03, HCCA,  96, 219N, 1206W,  83,    0,   ,   0,    ,    0,    0,    0,    0, 
EP, 13, 2026090118, 03, HCCA, 108, 227N, 1218W,  80,    0,   ,   0,    ,    0,    0,    0,    0, 
EP, 13, 2026090118, 03, HCCA, 120, 234N, 1227W,  74,    0,   ,   0,    ,    0,    0,    0,    0, 
EP, 13, 2026090118, 03, HCCA, 132, 235N, 1238W,  70,    0,   ,   0,    ,    0,    0,    0,    0, 
EP, 13, 2026090118, 03, HCCA, 144, 238N, 1252W,  65,    0,   ,   0,    ,    0,    0,    0,    0, 
EP, 13, 2026090118, 03, HCCA, 156, 247N, 1269W,  62,    0,   ,   0,    ,    0,    0,    0,    0, 
EP, 13, 2026090118, 03, HCCA, 168, 253N, 1285W,  61,    0,   ,   0,    ,    0,    0,    0,    0, 
EP, 13, 2026090118, 03, HFSA,   0, 152N, 1093W,  51, 1000, XX,  34, NEQ,  172,  170,  128,   84, 1004,   37,  93,   0,   0,    ,   0,    , 321,   9,           ,  ,  0,    ,    0,    0,    0,    0, THERMO PARAMS, -21, -66, 210, N, 10, DT, -999, SHR82, -99, 
EP, 13, 2026090118, 03, HFSA,   6, 162N, 1102W,  64,  991, XX,  34, NEQ,  120,  207,    0,   81,  -99,  -99,  34,   0,   0,    ,   0,    , 309,  11,           ,  ,  0,    ,    0,    0,    0,    0, THERMO PARAMS, -7, 463, 461, N, 10, DT, -999, SHR82, -99, 
EP, 13, 2026090118, 03, HFSA,   6, 162N, 1102W,  64,  991, XX,  50, NEQ,   65,   73,    0,   29,  -99,  -99,  34,   0,   0,    ,   0,    , 309,  11,           ,  ,  0,    ,    0,    0,    0,    0, THERMO PARAMS, -7, 463, 461, N, 10, DT, -999, SHR82, -99, 
EP, 13, 2026090118, 03, HFSA,  12, 168N, 1108W,  60,  989, XX,  34, NEQ,  141,  183,   81,   94,  993,   14,  31,   0,   0,    ,   0,    , 316,  11,           ,  ,  0,    ,    0,    0,    0,    0, THERMO PARAMS, -44, 190, 1281, N, 10, DT, -999, SHR82, -99, 
EP, 13, 2026090118, 03, HFSA,  12, 168N, 1108W,  60,  989, XX,  50, NEQ,   52,   99,    0,   40,  993,   14,  31,   0,   0,    ,   0,    , 316,  11,           ,  ,  0,    ,    0,    0,    0,    0, THERMO PARAMS, -44, 190, 1281, N, 10, DT, -999, SHR82, -99, 
EP, 13, 2026090118, 03, HFSA,  18, 175N, 1115W,  68,  984, XX,  34, NEQ,  178,  130,  100,  126,  996,   42,  37,   0,   0,    ,   0,    , 315,  11,           ,  ,  0,    ,    0,    0,    0,    0, THERMO PARAMS, -50, 1303, 939, N, 10, DT, -999, SHR82, -99, 
EP, 13, 2026090118, 03, HFSA,  18, 175N, 1115W,  68,  984, XX,  50, NEQ,   58,   58,    0,   34,  996,   42,  37,   0,   0,    ,   0,    , 315,  11,           ,  ,  0,    ,    0,    0,    0,    0, THERMO PARAMS, -50, 1303, 939, N, 10, DT, -999, SHR82, -99, 
EP, 13, 2026090118, 03, HFSA,  18, 175N, 1115W,  68,  984, XX,  64, NEQ,   39,    0,    0,    0,  996,   42,  37,   0,   0,    ,   0,    , 315,  11,           ,  ,  0,    ,    0,    0,    0,    0, THERMO PARAMS, -50, 1303, 939, N, 10, DT, -999, SHR82, -99, 
EP, 13, 2026090118, 03, HFSA,  24, 179N, 1124W,  70,  983, XX,  34, NEQ,  165,  165,   87,  162, 1003,   69,  26,   0,   0,    ,   0,    , 303,   9,           ,  ,  0,    ,    0,    0,    0,    0, THERMO PARAMS, -28, 1132, 1304, N, 10, DT, -999, SHR82, -99, 
EP, 13, 2026090118, 03, HFSA,  24, 179N, 1124W,  70,  983, XX,  50, NEQ,   49,   45,   42,   47, 1003,   69,  26,   0,   0,    ,   0,    , 303,   9,           ,  ,  0,    ,    0,    0,    0,    0, THERMO PARAMS, -28, 1132, 1304, N, 10, DT, -999, SHR82, -99, 
EP, 13, 2026090118, 03, HFSA,  24, 179N, 1124W,  70,  983, XX,  64, NEQ,   36,    0,    0,    0, 1003,   69,  26,   0,   0,    ,   0,    , 303,   9,           ,  ,  0,    ,    0,    0,    0,    0, THERMO PARAMS, -28, 1132, 1304, N, 10, DT, -999, SHR82, -99, 
EP, 13, 2026090118, 03, HFSA,  30, 184N, 1132W,  70,  976, XX,  34, NEQ,  130,  163,   92,  104,  996,   54,  25,   0,   0,    ,   0,    , 305,   8,           ,  ,  0,    ,    0,    0,    0,    0, THERMO PARAMS, 43, 1078, 1397, N, 10, DT, -999, SHR82, -99, 
EP, 13, 2026090118, 03, HFSA,  30, 184N, 1132W,  70,  976, XX,  50, NEQ,   60,   39,   44,   57,  996,   54,  25,   0,   0,    ,   0,    , 305,   8,           ,  ,  0,    ,    0,    0,    0,    0, THERMO PARAMS, 43, 1078, 1397, N, 10, DT, -999, SHR82, -99, 
EP, 13, 2026090118, 03, HFSA,  30, 184N, 1132W,  70,  976, XX,  64, NEQ,   40,   29,   36,   34,  996,   54,  25,   0,   0,    ,   0,    , 305,   8,           ,  ,  0,    ,    0,    0,    0,    0, THERMO PARAMS, 43, 1078, 1397, N, 10, DT, -999, SHR82, -99, 
EP, 13, 2026090118, 03, HFSA,  36, 187N, 1139W,  76,  976, XX,  34, NEQ,  128,  120,   97,  110, 1000,   62,  29,   0,   0,    ,   0,    , 303,   7,           ,  ,  0,    ,    0,    0,    0,    0, THERMO PARAMS, 19, 1152, 1476, N, 10, DT, -999, SHR82, -99, 
EP, 13, 2026090118, 03, HFSA,  36, 187N, 1139W,  76,  976, XX,  50, NEQ,   55,   57,   45,   49, 1000,   62,  29,   0,   0,    ,   0,    , 303,   7,           ,  ,  0,    ,    0,    0,    0,    0, THERMO PARAMS, 19, 1152, 1476, N, 10, DT, -999, SHR82, -99, 
EP, 13, 2026090118, 03, HFSA,  36, 187N, 1139W,  76,  976, XX,  64, NEQ,   34,   37,    0,   34, 1000,   62,  29,   0,   0,    ,   0,    , 303,   7,           ,  ,  0,    ,    0,    0,    0,    0, THERMO PARAMS, 19, 1152, 1476, N, 10, DT, -999, SHR82, -99, 
EP, 13, 2026090118, 03, HFSA,  42, 189N, 1146W,  69,  974, XX,  34, NEQ,  157,  128,  121,  131,  998,   70,  22,   0,   0,    ,   0,    , 307,   6,           ,  ,  0,    ,    0,    0,    0,    0, THERMO PARAMS, 33, 1234, 1589, N, 10, DT, -999, SHR82, -99, 
EP, 13, 2026090118, 03, HFSA,  42, 189N, 1146W,  69,  974, XX,  50, NEQ,   60,   66,   52,   53,  998,   70,  22,   0,   0,    ,   0,    , 307,   6,           ,  ,  0,    ,    0,    0,    0,    0, THERMO PARAMS, 33, 1234, 1589, N, 10, DT, -999, SHR82, -99, 
EP, 13, 2026090118, 03, HFSA,  42, 189N, 1146W,  69,  974, XX,  64, NEQ,   39,   37,    0,    0,  998,   70,  22,   0,   0,    ,   0,    , 307,   6,           ,  ,  0,    ,    0,    0,    0,    0, THERMO PARAMS, 33, 1234, 1589, N, 10, DT, -999, SHR82, -99, 
EP, 13, 2026090118, 03, HFSA,  48, 193N, 1153W,  64,  976, XX,  34, NEQ,  130,  130,  107,  163, 1000,   74,  25,   0,   0,    ,   0,    , 301,   8,           ,  ,  0,    ,    0,    0,    0,    0, THERMO PARAMS, 23, 1215, 1720, N, 10, DT, -999, SHR82, -99, 
EP, 13, 2026090118, 03, HFSA,  48, 193N, 1153W,  64,  976, XX,  50, NEQ,   73,   76,   40,   57, 1000,   74,  25,   0,   0,    ,   0,    , 301,   8,           ,  ,  0,    ,    0,    0,    0,    0, THERMO PARAMS, 23, 1215, 1720, N, 10, DT, -999, SHR82, -99, 
EP, 13, 2026090118, 03, HFSA,  54, 197N, 1161W,  68,  972, XX,  34, NEQ,  130,  134,  115,  120,  996,   67,  25,   0,   0,    ,   0,    , 303,   8,           ,  ,  0,    ,    0,    0,    0,    0, THERMO PARAMS, 23, 1295, 1739, N, 10, DT, -999, SHR82, -99, 
EP, 13, 2026090118, 03, HFSA,  54, 197N, 1161W,  68,  972, XX,  50, NEQ,   73,   74,   23,   65,  996,   67,  25,   0,   0,    ,   0,    , 303,   8,           ,  ,  0,    ,    0,    0,    0,    0, THERMO PARAMS, 23, 1295, 1739, N, 10, DT, -999, SHR82, -99, 
EP, 13, 2026090118, 03, HFSA,  54, 197N, 1161W,  68,  972, XX,  64, NEQ,   31,    0,    0,   24,  996,   67,  25,   0,   0,    ,   0,    , 303,   8,           ,  ,  0,    ,    0,    0,    0,    0, THERMO PARAMS, 23, 1295, 1739, N, 10, DT, -999, SHR82, -99, 
EP, 13, 2026090118, 03, HFSA,  60, 200N, 1170W,  77,  972, XX,  34, NEQ,  133,  142,  117,  139,  996,   63,  24,   0,   0,    ,   0,    , 296,   9,           ,  ,  0,    ,    0,    0,    0,    0, THERMO PARAMS, 27, 1257, 1992, N, 10, DT, -999, SHR82, -99, 
EP, 13, 2026090118, 03, HFSA,  60, 200N, 1170W,  77,  972, XX,  50, NEQ,   76,   74,   24,   63,  996,   63,  24,   0,   0,    ,   0,    , 296,   9,           ,  ,  0,    ,    0,    0,    0,    0, THERMO PARAMS, 27, 1257, 1992, N, 10, DT, -999, SHR82, -99, 
EP, 13, 2026090118, 03, HFSA,  60, 200N, 1170W,  77,  972, XX,  64, NEQ,   29,   31,    0,    0,  996,   63,  24,   0,   0,    ,   0,    , 296,   9,           ,  ,  0,    ,    0,    0,    0,    0, THERMO PARAMS, 27, 1257, 1992, N, 10, DT, -999, SHR82, -99, 
EP, 13, 2026090118, 03, HFSA,  66, 204N, 1180W,  64,  971, XX,  34, NEQ,  144,  131,  118,  144,  991,   55,  58,   0,   0,    ,   0,    , 298,  10,           ,  ,  0,    ,    0,    0,    0,    0, THERMO PARAMS, -2, 1342, 1611, N, 10, DT, -999, SHR82, -99, 
EP, 13, 2026090118, 03, HFSA,  66, 204N, 1180W,  64,  971, XX,  50, NEQ,   74,   81,    0,   68,  991,   55,  58,   0,   0,    ,   0,    , 298,  10,           ,  ,  0,    ,    0,    0,    0,    0, THERMO PARAMS, -2, 1342, 1611, N, 10, DT, -999, SHR82, -99, 
EP, 13, 2026090118, 03, HFSA,  72, 207N, 1189W,  67,  972, XX,  34, NEQ,  128,  134,  125,  155,  996,   66,  32,   0,   0,    ,   0,    , 305,  10,           ,  ,  0,    ,    0,    0,    0,    0, THERMO PARAMS, -22, 1204, 1885, N, 10, DT, -999, SHR82, -99, 
EP, 13, 2026090118, 03, HFSA,  72, 207N, 1189W,  67,  972, XX,  50, NEQ,   78,   87,   52,   63,  996,   66,  32,   0,   0,    ,   0,    , 305,  10,           ,  ,  0,    ,    0,    0,    0,    0, THERMO PARAMS, -22, 1204, 1885, N, 10, DT, -999, SHR82, -99, 
EP, 13, 2026090118, 03, HFSA,  72, 207N, 1189W,  67,  972, XX,  64, NEQ,   47,    0,    0,    0,  996,   66,  32,   0,   0,    ,   0,    , 305,  10,           ,  ,  0,    ,    0,    0,    0,    0, THERMO PARAMS, -22, 1204, 1885, N, 10, DT, -999, SHR82, -99, 
EP, 13, 2026090118, 03, HFSA,  78, 214N, 1196W,  70,  966, XX,  34, NEQ,  130,  123,  102,  138,  998,   86,  25,   0,   0,    ,   0,    , 312,  10,           ,  ,  0,    ,    0,    0,    0,    0, THERMO PARAMS, -16, 1404, 2032, N, 10, DT, -999, SHR82, -99, 
EP, 13, 2026090118, 03, HFSA,  78, 214N, 1196W,  70,  966, XX,  50, NEQ,   68,   76,   47,   68,  998,   86,  25,   0,   0,    ,   0,    , 312,  10,           ,  ,  0,    ,    0,    0,    0,    0, THERMO PARAMS, -16, 1404, 2032, N, 10, DT, -999, SHR82, -99, 
EP, 13, 2026090118, 03, HFSA,  78, 214N, 1196W,  70,  966, XX,  64, NEQ,   44,    0,    0,   39,  998,   86,  25,   0,   0,    ,   0,    , 312,  10,           ,  ,  0,    ,    0,    0,    0,    0, THERMO PARAMS, -16, 1404, 2032, N, 10, DT, -999, SHR82, -99, 
EP, 13, 2026090118, 03, HFSA,  84, 219N, 1204W,  65,  969, XX,  34, NEQ,  128,  125,  110,  125,  997,   69,  28,   0,   0,    ,   0,    , 301,   9,           ,  ,  0,    ,    0,    0,    0,    0, THERMO PARAMS, 21, 1180, 2090, N, 10, DT, -999, SHR82, -99, 
EP, 13, 2026090118, 03, HFSA,  84, 219N, 1204W,  65,  969, XX,  50, NEQ,   73,   53,   42,   68,  997,   69,  28,   0,   0,    ,   0,    , 301,   9,           ,  ,  0,    ,    0,    0,    0,    0, THERMO PARAMS, 21, 1180, 2090, N, 10, DT, -999, SHR82, -99, 
EP, 13, 2026090118, 03, HFSA,  84, 219N, 1204W,  65,  969, XX,  64, NEQ,   34,    0,    0,   32,  997,   69,  28,   0,   0,    ,   0,    , 301,   9,           ,  ,  0,    ,    0,    0,    0,    0, THERMO PARAMS, 21, 1180, 2090, N, 10, DT, -999, SHR82, -99, 
EP, 13, 2026090118, 03, HFSA,  90, 224N, 1211W,  64,  971, XX,  34, NEQ,  120,  121,  107,  133, 1003,  127,  38,   0,   0,    ,   0,    , 306,   8,           ,  ,  0,    ,    0,    0,    0,    0, THERMO PARAMS, -12, 1239, 2029, N, 10, DT, -999, SHR82, -99, 
EP, 13, 2026090118, 03, HFSA,  90, 224N, 1211W,  64,  971, XX,  50, NEQ,   65,   50,   49,   70, 1003,  127,  38,   0,   0,    ,   0,    , 306,   8,           ,  ,  0,    ,    0,    0,    0,    0, THERMO PARAMS, -12, 1239, 2029, N, 10, DT, -999, SHR82, -99, 
EP, 13, 2026090118, 03, HFSA,  96, 228N, 1217W,  60,  975, XX,  34, NEQ,  120,  125,  104,  125, 1007,  170,  41,   0,   0,    ,   0,    , 304,   8,           ,  ,  0,    ,    0,    0,    0,    0, THERMO PARAMS, -32, 1176, 1813, N, 10, DT, -999, SHR82, -99, 
EP, 13, 2026090118, 03, HFSA,  96, 228N, 1217W,  60,  975, XX,  50, NEQ,   66,   42,   47,   73, 1007,  170,  41,   0,   0,    ,   0,    , 304,   8,           ,  ,  0,    ,    0,    0,    0,    0, THERMO PARAMS, -32, 1176, 1813, N, 10, DT, -999, SHR82, -99, 
EP, 13, 2026090118, 03, HFSA, 102, 233N, 1222W,  60,  974, XX,  34, NEQ,  115,  108,  112,  121, 1002,  116,  43,   0,   0,    ,   0,    , 322,   6,           ,  ,  0,    ,    0,    0,    0,    0, THERMO PARAMS, -7, 1245, 1883, N, 10, DT, -999, SHR82, -99, 
EP, 13, 2026090118, 03, HFSA, 102, 233N, 1222W,  60,  974, XX,  50, NEQ,   62,   42,   47,   62, 1002,  116,  43,   0,   0,    ,   0,    , 322,   6,           ,  ,  0,    ,    0,    0,    0,    0, THERMO PARAMS, -7, 1245, 1883, N, 10, DT, -999, SHR82, -99, 
EP, 13, 2026090118, 03, HFSA, 108, 238N, 1227W,  53,  978, XX,  34, NEQ,  123,  100,   94,  107, 1006,  154,  40,   0,   0,    ,   0,    , 315,   6,           ,  ,  0,    ,    0,    0,    0,    0, THERMO PARAMS, 6, 1022, 1725, N, 10, DT, -999, SHR82, -99, 
EP, 13, 2026090118, 03, HFSA, 108, 238N, 1227W,  53,  978, XX,  50, NEQ,   52,   36,    0,   50, 1006,  154,  40,   0,   0,    ,   0,    , 315,   6,           ,  ,  0,    ,    0,    0,    0,    0, THERMO PARAMS, 6, 1022, 1725, N, 10, DT, -999, SHR82, -99, 
EP, 13, 2026090118, 03, HFSA, 114, 243N, 1232W,  46,  979, XX,  34, NEQ,  102,   94,   94,  113, 1003,  123,  34,   0,   0,    ,   0,    , 318,   6,           ,  ,  0,    ,    0,    0,    0,    0, THERMO PARAMS, 4, 1125, 1371, N, 10, DT, -999, SHR82, -99, 
EP, 13, 2026090118, 03, HFSA, 120, 247N, 1237W,  42,  983, XX,  34, NEQ,   79,   66,   92,  102, 1003,   92,  39,   0,   0,    ,   0,    , 308,   6,           ,  ,  0,    ,    0,    0,    0,    0, THERMO PARAMS, 29, 976, 1434, N, 10, DT, -999, SHR82, -99, 
EP, 13, 2026090118, 03, HFSA, 126, 250N, 1243W,  41,  983, XX,  34, NEQ,   74,   65,   66,   91, 1007,  196,  28,   0,   0,    ,   0,    , -99, -99,           ,  ,  0,    ,    0,    0,    0,    0, THERMO PARAMS, 54, 714, 1284, N, 10, DT, -999, SHR82, -99, 
EP, 13, 2026090118, 03, TVCN,   0, 153N, 1093W,   0,    0,   ,   0,    ,    0,    0,    0,    0, 
EP, 13, 2026090118, 03, TVCN,  12, 166N, 1106W,   0,    0,   ,   0,    ,    0,    0,    0,    0, 
EP, 13, 2026090118, 03, TVCN,  24, 177N, 1120W,   0,    0,   ,   0,    ,    0,    0,    0,    0, 
EP, 13, 2026090118, 03, TVCN,  36, 186N, 1135W,   0,    0,   ,   0,    ,    0,    0,    0,    0, 
EP, 13, 2026090118, 03, TVCN,  48, 193N, 1150W,   0,    0,   ,   0,    ,    0,    0,    0,    0, 
EP, 13, 2026090118, 03, TVCN,  60, 199N, 1165W,   0,    0,   ,   0,    ,    0,    0,    0,    0, 
EP, 13, 2026090118, 03, TVCN,  72, 206N, 1180W,   0,    0,   ,   0,    ,    0,    0,    0,    0, 
EP, 13, 2026090118, 03, TVCN,  84, 213N, 1192W,   0,    0,   ,   0,    ,    0,    0,    0,    0, 
EP, 13, 2026090118, 03, TVCN,  96, 222N, 1202W,   0,    0,   ,   0,    ,    0,    0,    0,    0, 
EP, 13, 2026090118, 03, TVCN, 108, 231N, 1211W,   0,    0,   ,   0,    ,    0,    0,    0,    0, 
EP, 13, 2026090118, 03, TVCN, 120, 239N, 1220W,   0,    0,   ,   0,    ,    0,    0,    0,    0, 
EP, 13, 2026090118, 03, TVCN, 132, 246N, 1231W,   0,    0,   ,   0,    ,    0,    0,    0,    0, 
EP, 13, 2026090118, 03, TVCN, 144, 241N, 1251W,   0,    0,   ,   0,    ,    0,    0,    0,    0, 
EP, 13, 2026090118, 03, TVCN, 156, 244N, 1269W,   0,    0,   ,   0,    ,    0,    0,    0,    0, 
EP, 13, 2026090118, 03, TVCN, 168, 246N, 1289W,   0,    0,   ,   0,    ,    0,    0,    0,    0, 
EP, 13, 2026090200, 03,  UKX,   0, 157N, 1104W,  41, 1000, XX,  34, NEQ,  148,  141,    0,  109, 
EP, 13, 2026090200, 03,  UKX,   6, 165N, 1112W,  41, 1000, XX,  34, NEQ,  136,  117,    0,    0, 
EP, 13, 2026090200, 03,  UKX,  12, 169N, 1119W,  40,  998, XX,  34, NEQ,  142,  128,    0,   96, 
EP, 13, 2026090200, 03,  UKX,  18, 173N, 1127W,  43,  997, XX,  34, NEQ,  139,  137,    0,  105, 
EP, 13, 2026090200, 03,  UKX,  24, 179N, 1134W,  44,  995, XX,  34, NEQ,  151,  122,    0,  116, 
EP, 13, 2026090200, 03,  UKX,  30, 184N, 1140W,  45,  993, XX,  34, NEQ,  152,  115,   58,  130, 
EP, 13, 2026090200, 03,  UKX,  36, 187N, 1149W,  45,  990, XX,  34, NEQ,  142,  134,  104,  162, 
EP, 13, 2026090200, 03,  UKX,  42, 190N, 1158W,  49,  989, XX,  34, NEQ,  142,  131,  122,  150, 
EP, 13, 2026090200, 03,  UKX,  48, 194N, 1166W,  48,  986, XX,  34, NEQ,  138,  145,  114,  143, 
EP, 13, 2026090200, 03,  UKX,  54, 196N, 1173W,  49,  987, XX,  34, NEQ,  134,  143,  114,  148, 
EP, 13, 2026090200, 03,  UKX,  60, 201N, 1180W,  49,  984, XX,  34, NEQ,  136,  142,  128,  155, 
EP, 13, 2026090200, 03,  UKX,  66, 206N, 1186W,  49,  986, XX,  34, NEQ,  149,  158,  121,  157, 
EP, 13, 2026090200, 03,  UKX,  72, 213N, 1192W,  51,  983, XX,  34, NEQ,  143,  143,  130,  155, 
EP, 13, 2026090200, 03,  UKX,  72, 213N, 1192W,  51,  983, XX,  50, NEQ,   73,    0,    0,    0, 
EP, 13, 2026090200, 03,  UKX,  78, 219N, 1196W,  52,  985, XX,  34, NEQ,  142,  145,  135,  145, 
EP, 13, 2026090200, 03,  UKX,  78, 219N, 1196W,  52,  985, XX,  50, NEQ,   66,   64,    0,   55, 
EP, 13, 2026090200, 03,  UKX,  84, 226N, 1199W,  52,  985, XX,  34, NEQ,  141,  143,  118,  135, 
EP, 13, 2026090200, 03,  UKX,  84, 226N, 1199W,  52,  985, XX,  50, NEQ,   73,    0,    0,    0, 
EP, 13, 2026090200, 03,  UKX,  90, 234N, 1202W,  51,  987, XX,  34, NEQ,  140,  137,  130,  139, 
EP, 13, 2026090200, 03,  UKX,  90, 234N, 1202W,  51,  987, XX,  50, NEQ,   65,    0,    0,    0, 
EP, 13, 2026090200, 03,  UKX,  96, 242N, 1203W,  48,  987, XX,  34, NEQ,  133,  133,  136,  131, 
EP, 13, 2026090200, 03,  UKX, 102, 249N, 1204W,  45,  990, XX,  34, NEQ,  117,  116,  117,  121, 
EP, 13, 2026090200, 03,  UKX, 108, 255N, 1203W,  41,  992, XX,  34, NEQ,  100,  104,  118,  122, 
EP, 13, 2026090200, 03,  UKX, 114, 260N, 1202W,  39,  995, XX,  34, NEQ,   70,   70,  112,  127, 
EP, 13, 2026090200, 03,  UKX, 120, 266N, 1198W,  36,  995, XX,  34, NEQ,    0,    0,   91,   98, 
EP, 13, 2026090200, 03,  UKX, 126, 272N, 1193W,  32,  999, XX,  34, NEQ,    0,    0,    0,    0, 
EP, 13, 2026090200, 03,  UKX, 132, 283N, 1191W,  29,  998, XX,  34, NEQ,    0,    0,    0,    0, 
EP, 13, 2026090200, 03,  UKX, 138, 292N, 1189W,  30, 1001, XX,  34, NEQ,    0,    0,    0,    0, 
EP, 13, 2026090200, 03,  UKX, 144, 298N, 1186W,  28, 1001, XX,  34, NEQ,    0,    0,    0,    0, 
EP, 13, 2026090200, 03, AVNO,   0, 161N, 1098W,  56,  991, XX,  34, NEQ,  113,  120,    0,  128, 1007,  167,  35,   0,   0, 
EP, 13, 2026090200, 03, AVNO,   0, 161N, 1098W,  56,  991, XX,  50, NEQ,   41,   42,    0,    0, 1007,  167,  35,   0,   0, 
EP, 13, 2026090200, 03, AVNO,   6, 171N, 1109W,  52,  991, XX,  34, NEQ,  124,  119,   42,   86, 1011,  204,  55,   0,   0, 
EP, 13, 2026090200, 03, AVNO,   6, 171N, 1109W,  52,  991, XX,  50, NEQ,   63,    0,    0,    0, 1011,  204,  55,   0,   0, 
EP, 13, 2026090200, 03, AVNO,  12, 177N, 1117W,  68,  980, XX,  34, NEQ,  142,  128,   66,   95, 1008,  196,  34,   0,   0, 
EP, 13, 2026090200, 03, AVNO,  12, 177N, 1117W,  68,  980, XX,  50, NEQ,   49,   44,    0,   40, 1008,  196,  34,   0,   0, 
EP, 13, 2026090200, 03, AVNO,  12, 177N, 1117W,  68,  980, XX,  64, NEQ,   35,    0,    0,    0, 1008,  196,  34,   0,   0, 
EP, 13, 2026090200, 03, AVNO,  18, 180N, 1126W,  70,  976, XX,  34, NEQ,  124,  106,   74,   94, 1008,  128,  27,   0,   0, 
EP, 13, 2026090200, 03, AVNO,  18, 180N, 1126W,  70,  976, XX,  50, NEQ,   56,   51,   50,   49, 1008,  128,  27,   0,   0, 
EP, 13, 2026090200, 03, AVNO,  18, 180N, 1126W,  70,  976, XX,  64, NEQ,   38,   37,    0,    0, 1008,  128,  27,   0,   0, 
EP, 13, 2026090200, 03, AVNO,  24, 184N, 1133W,  75,  968, XX,  34, NEQ,  136,  106,   84,   91,  988,   41,  34,   0,   0, 
EP, 13, 2026090200, 03, AVNO,  24, 184N, 1133W,  75,  968, XX,  50, NEQ,   53,   53,   48,   47,  988,   41,  34,   0,   0, 
EP, 13, 2026090200, 03, AVNO,  24, 184N, 1133W,  75,  968, XX,  64, NEQ,   41,   36,    0,   25,  988,   41,  34,   0,   0, 
EP, 13, 2026090200, 03, AVNO,  30, 186N, 1141W,  78,  970, XX,  34, NEQ,  123,   96,   92,   88, 1010,  192,  34,   0,   0, 
EP, 13, 2026090200, 03, AVNO,  30, 186N, 1141W,  78,  970, XX,  50, NEQ,   66,   63,   52,   51, 1010,  192,  34,   0,   0, 
EP, 13, 2026090200, 03, AVNO,  30, 186N, 1141W,  78,  970, XX,  64, NEQ,   49,   47,   32,   33, 1010,  192,  34,   0,   0, 
EP, 13, 2026090200, 03, AVNO,  36, 189N, 1148W,  79,  965, XX,  34, NEQ,  116,  106,  105,  102, 1005,  145,  29,   0,   0, 
EP, 13, 2026090200, 03, AVNO,  36, 189N, 1148W,  79,  965, XX,  50, NEQ,   73,   70,   54,   55, 1005,  145,  29,   0,   0, 
EP, 13, 2026090200, 03, AVNO,  36, 189N, 1148W,  79,  965, XX,  64, NEQ,   43,   40,   33,   40, 1005,  145,  29,   0,   0, 
EP, 13, 2026090200, 03, AVNO,  42, 191N, 1155W,  80,  969, XX,  34, NEQ,  114,  120,  112,  119, 1009,  183,  28,   0,   0, 
EP, 13, 2026090200, 03, AVNO,  42, 191N, 1155W,  80,  969, XX,  50, NEQ,   74,   73,   56,   58, 1009,  183,  28,   0,   0, 
EP, 13, 2026090200, 03, AVNO,  42, 191N, 1155W,  80,  969, XX,  64, NEQ,   48,   42,    0,   42, 1009,  183,  28,   0,   0, 
EP, 13, 2026090200, 03, AVNO,  48, 193N, 1161W,  77,  967, XX,  34, NEQ,  127,  119,   99,  106, 1007,  250,  35,   0,   0, 
EP, 13, 2026090200, 03, AVNO,  48, 193N, 1161W,  77,  967, XX,  50, NEQ,   77,   77,   55,   59, 1007,  250,  35,   0,   0, 
EP, 13, 2026090200, 03, AVNO,  48, 193N, 1161W,  77,  967, XX,  64, NEQ,   44,   41,    0,   35, 1007,  250,  35,   0,   0, 
EP, 13, 2026090200, 03, AVNO,  54, 196N, 1167W,  79,  969, XX,  34, NEQ,  131,  128,   98,  118, 1009,  228,  35,   0,   0, 
EP, 13, 2026090200, 03, AVNO,  54, 196N, 1167W,  79,  969, XX,  50, NEQ,   75,   57,   57,   68, 1009,  228,  35,   0,   0, 
EP, 13, 2026090200, 03, AVNO,  54, 196N, 1167W,  79,  969, XX,  64, NEQ,   47,   32,    0,   42, 1009,  228,  35,   0,   0, 
EP, 13, 2026090200, 03, AVNO,  60, 200N, 1173W,  69,  967, XX,  34, NEQ,  135,  133,   95,  123, 1003,  150,  33,   0,   0, 
EP, 13, 2026090200, 03, AVNO,  60, 200N, 1173W,  69,  967, XX,  50, NEQ,   77,   57,   47,   65, 1003,  150,  33,   0,   0, 
EP, 13, 2026090200, 03, AVNO,  60, 200N, 1173W,  69,  967, XX,  64, NEQ,   35,   41,    0,   39, 1003,  150,  33,   0,   0, 
EP, 13, 2026090200, 03, AVNO,  66, 204N, 1180W,  69,  971, XX,  34, NEQ,  149,  145,   99,  128, 1007,  177,  34,   0,   0, 
EP, 13, 2026090200, 03, AVNO,  66, 204N, 1180W,  69,  971, XX,  50, NEQ,   73,   64,   50,   66, 1007,  177,  34,   0,   0, 
EP, 13, 2026090200, 03, AVNO,  66, 204N, 1180W,  69,  971, XX,  64, NEQ,   44,    0,    0,    0, 1007,  177,  34,   0,   0, 
EP, 13, 2026090200, 03, AVNO,  72, 210N, 1187W,  73,  968, XX,  34, NEQ,  140,  137,   93,  123, 1004,  177,  34,   0,   0, 
EP, 13, 2026090200, 03, AVNO,  72, 210N, 1187W,  73,  968, XX,  50, NEQ,   65,   61,   50,   70, 1004,  177,  34,   0,   0, 
EP, 13, 2026090200, 03, AVNO,  72, 210N, 1187W,  73,  968, XX,  64, NEQ,   46,   48,    0,   51, 1004,  177,  34,   0,   0, 
EP, 13, 2026090200, 03, AVNO,  78, 213N, 1193W,  70,  971, XX,  34, NEQ,  131,  129,   98,  130, 1007,  210,  32,   0,   0, 
EP, 13, 2026090200, 03, AVNO,  78, 213N, 1193W,  70,  971, XX,  50, NEQ,   61,   70,   54,   71, 1007,  210,  32,   0,   0, 
EP, 13, 2026090200, 03, AVNO,  78, 213N, 1193W,  70,  971, XX,  64, NEQ,   39,   30,    0,    0, 1007,  210,  32,   0,   0, 
EP, 13, 2026090200, 03, AVNO,  84, 218N, 1199W,  67,  971, XX,  34, NEQ,  120,  123,  111,  124, 1003,  150,  42,   0,   0, 
EP, 13, 2026090200, 03, AVNO,  84, 218N, 1199W,  67,  971, XX,  50, NEQ,   65,   66,   66,   62, 1003,  150,  42,   0,   0, 
EP, 13, 2026090200, 03, AVNO,  84, 218N, 1199W,  67,  971, XX,  64, NEQ,   43,   42,    0,    0, 1003,  150,  42,   0,   0, 
EP, 13, 2026090200, 03, AVNO,  90, 221N, 1203W,  67,  974, XX,  34, NEQ,  125,  121,  111,  135, 1006,  165,  45,   0,   0, 
EP, 13, 2026090200, 03, AVNO,  90, 221N, 1203W,  67,  974, XX,  50, NEQ,   64,   70,   63,   62, 1006,  165,  45,   0,   0, 
EP, 13, 2026090200, 03, AVNO,  90, 221N, 1203W,  67,  974, XX,  64, NEQ,   49,   45,    0,    0, 1006,  165,  45,   0,   0, 
EP, 13, 2026090200, 03, AVNO,  96, 227N, 1207W,  60,  974, XX,  34, NEQ,  121,  126,  103,  121, 1002,  136,  51,   0,   0, 
EP, 13, 2026090200, 03, AVNO,  96, 227N, 1207W,  60,  974, XX,  50, NEQ,   66,   69,   49,   69, 1002,  136,  51,   0,   0, 
EP, 13, 2026090200, 03, AVNO, 102, 231N, 1209W,  60,  978, XX,  34, NEQ,  122,  131,  104,  108, 1006,  166,  37,   0,   0, 
EP, 13, 2026090200, 03, AVNO, 102, 231N, 1209W,  60,  978, XX,  50, NEQ,   68,   65,   59,   56, 1006,  166,  37,   0,   0, 
EP, 13, 2026090200, 03, AVNO, 108, 238N, 1213W,  58,  978, XX,  34, NEQ,  117,  121,   98,  123, 1002,  132,  45,   0,   0, 
EP, 13, 2026090200, 03, AVNO, 108, 238N, 1213W,  58,  978, XX,  50, NEQ,   58,   64,   45,   58, 1002,  132,  45,   0,   0, 
EP, 13, 2026090200, 03, AVNO, 114, 245N, 1218W,  56,  982, XX,  34, NEQ,  123,  124,   99,  123, 1006,  154,  45,   0,   0, 
EP, 13, 2026090200, 03, AVNO, 114, 245N, 1218W,  56,  982, XX,  50, NEQ,   58,   70,    0,   63, 1006,  154,  45,   0,   0, 
EP, 13, 2026090200, 03, AVNO, 120, 250N, 1224W,  53,  981, XX,  34, NEQ,  105,  106,  107,  130, 1001,  113,  60,   0,   0, 
EP, 13, 2026090200, 03, AVNO, 120, 250N, 1224W,  53,  981, XX,  50, NEQ,   62,   63,    0,   57, 1001,  113,  60,   0,   0, 
EP, 13, 2026090200, 03, AVNO, 126, 252N, 1231W,  48,  987, XX,  34, NEQ,   97,   81,   90,  126, 1003,   98,  49,   0,   0, 
EP, 13, 2026090200, 03, AVNO, 132, 252N, 1239W,  43,  988, XX,  34, NEQ,   79,   69,   76,  106, 1004,  145,  48,   0,   0, 
EP, 13, 2026090200, 03, AVNO, 138, 251N, 1246W,  42,  991, XX,  34, NEQ,   74,   62,   76,   91, 1007,  158,  52,   0,   0, 
EP, 13, 2026090200, 03, AVNO, 144, 251N, 1253W,  38,  990, XX,  34, NEQ,   56,   49,   65,   83, 1006,  177,  45,   0,   0, 
EP, 13, 2026090200, 03, AVNO, 150, 252N, 1260W,  37,  994, XX,  34, NEQ,   53,    0,    0,   53, 1010,  236,  37,   0,   0, 
EP, 13, 2026090200, 03, AVNO, 156, 254N, 1268W,  34,  995, XX,  34, NEQ,    0,    0,    0,    0, 1007,  131,  35,   0,   0, 
EP, 13, 2026090200, 03, AVNO, 162, 257N, 1275W,  31,  998, XX,  34, NEQ,    0,    0,    0,    0, 1010,  148,  35,   0,   0, 
EP, 13, 2026090200, 03, AVNO, 168, 261N, 1283W,  31,  997, XX,  34, NEQ,    0,    0,    0,    0, 1009,  188,  43,   0,   0, 
EP, 13, 2026090200, 03, AVNO, 174, 265N, 1290W,  32, 1000, XX,  34, NEQ,    0,    0,    0,    0, 1012,  245,  33,   0,   0, 
EP, 13, 2026090200, 03, AVNO, 180, 269N, 1298W,  29, 1001, XX,  34, NEQ,    0,    0,    0,    0, 1009,  106,  68,   0,   0, 
EP, 13, 2026090200, 03, AVNO, 186, 272N, 1305W,  29, 1005, XX,  34, NEQ,    0,    0,    0,    0, 1013,  143,  81,   0,   0, 
EP, 13, 2026090200, 03, AVNO, 192, 275N, 1312W,  28, 1005, XX,  34, NEQ,    0,    0,    0,    0, 1009,   45,  65,   0,   0, 
EP, 13, 2026090200, 03, AVNO, 198, 277N, 1317W,  26, 1009, XX,  34, NEQ,    0,    0,    0,    0, 1013,   55, 124,   0,   0, 
EP, 13, 2026090200, 03, AVNO, 204, 279N, 1321W,  24, 1008, XX,  34, NEQ,    0,    0,    0,    0, 1012,   66, 119,   0,   0, 
EP, 13, 2026090200, 03, AVNO, 210, 281N, 1321W,  23, 1011, XX,  34, NEQ,    0,    0,    0,    0, 1015,   77,  80,   0,   0, 
EP, 13, 2026090200, 03, AVNO, 216, 284N, 1320W,  21, 1010, XX,  34, NEQ,    0,    0,    0,    0, 1014,   89,  85,   0,   0, 
EP, 13, 2026090200, 03, AVNO, 222, 286N, 1316W,  20, 1013, XX,  34, NEQ,    0,    0,    0,    0, 1017,  108,  80,   0,   0, 
EP, 13, 2026090200, 03, AVNO, 228, 288N, 1310W,  20, 1012, XX,  34, NEQ,    0,    0,    0,    0, 1016,  126, 107,   0,   0, 
EP, 13, 2026090200, 03, AVNO, 234, 289N, 1302W,  23, 1014, XX,  34, NEQ,    0,    0,    0,    0, 1018,  125,  80,   0,   0, 
EP, 13, 2026090200, 03, AVNO, 240, 289N, 1294W,  23, 1011, XX,  34, NEQ,    0,    0,    0,    0, 1015,  147,  82,   0,   0, 
EP, 13, 2026090200, 03, HCCA,   0, 158N, 1100W,  55,    0,   ,   0,    ,    0,    0,    0,    0, 
EP, 13, 2026090200, 03, HCCA,  12, 169N, 1114W,  68,    0,   ,   0,    ,    0,    0,    0,    0, 
EP, 13, 2026090200, 03, HCCA,  24, 179N, 1128W,  77,    0,   ,   0,    ,    0,    0,    0,    0, 
EP, 13, 2026090200, 03, HCCA,  36, 187N, 1143W,  84,    0,   ,   0,    ,    0,    0,    0,    0, 
EP, 13, 2026090200, 03, HCCA,  48, 193N, 1159W,  85,    0,   ,   0,    ,    0,    0,    0,    0, 
EP, 13, 2026090200, 03, HCCA,  60, 198N, 1174W,  84,    0,   ,   0,    ,    0,    0,    0,    0, 
EP, 13, 2026090200, 03, HCCA,  72, 205N, 1188W,  84,    0,   ,   0,    ,    0,    0,    0,    0, 
EP, 13, 2026090200, 03, HCCA,  84, 211N, 1201W,  81,    0,   ,   0,    ,    0,    0,    0,    0, 
EP, 13, 2026090200, 03, HCCA,  96, 217N, 1214W,  78,    0,   ,   0,    ,    0,    0,    0,    0, 
EP, 13, 2026090200, 03, HCCA, 108, 223N, 1227W,  75,    0,   ,   0,    ,    0,    0,    0,    0, 
EP, 13, 2026090200, 03, HCCA, 120, 224N, 1241W,  70,    0,   ,   0,    ,    0,    0,    0,    0, 
EP, 13, 2026090200, 03, HCCA, 132, 228N, 1254W,  66,    0,   ,   0,    ,    0,    0,    0,    0, 
EP, 13, 2026090200, 03, HCCA, 144, 231N, 1270W,  61,    0,   ,   0,    ,    0,    0,    0,    0, 
EP, 13, 2026090200, 03, HCCA, 156, 231N, 1291W,  58,    0,   ,   0,    ,    0,    0,    0,    0, 
EP, 13, 2026090200, 03, HCCA, 168, 235N, 1308W,  58,    0,   ,   0,    ,    0,    0,    0,    0, 
EP, 13, 2026090200, 03, HFSA,   0, 157N, 1099W,  53,  993, XX,  34, NEQ,   99,  123,    0,   73,  997,   39,  37,   0,   0,    ,   0,    , 315,   8,           ,  ,  0,    ,    0,    0,    0,    0, THERMO PARAMS, -50, 149, 772, N, 10, DT, -999, SHR82, -99, 
EP, 13, 2026090200, 03, HFSA,   0, 157N, 1099W,  53,  993, XX,  50, NEQ,   40,    0,    0,    0,  997,   39,  37,   0,   0,    ,   0,    , 315,   8,           ,  ,  0,    ,    0,    0,    0,    0, THERMO PARAMS, -50, 149, 772, N, 10, DT, -999, SHR82, -99, 
EP, 13, 2026090200, 03, HFSA,   6, 165N, 1101W,  60,  988, XX,  34, NEQ,  136,  155,  108,   81,  996,   19,  42,   0,   0,    ,   0,    , 326,  12,           ,  ,  0,    ,    0,    0,    0,    0, THERMO PARAMS, -40, 1506, 1020, N, 10, DT, -999, SHR82, -99, 
EP, 13, 2026090200, 03, HFSA,   6, 165N, 1101W,  60,  988, XX,  50, NEQ,   57,    0,    0,   29,  996,   19,  42,   0,   0,    ,   0,    , 326,  12,           ,  ,  0,    ,    0,    0,    0,    0, THERMO PARAMS, -40, 1506, 1020, N, 10, DT, -999, SHR82, -99, 
EP, 13, 2026090200, 03, HFSA,  12, 173N, 1108W,  63,  985, XX,  34, NEQ,  147,  146,   89,  120,  993,   24,  34,   0,   0,    ,   0,    , 321,  11,           ,  ,  0,    ,    0,    0,    0,    0, THERMO PARAMS, -61, 1178, 1312, N, 10, DT, -999, SHR82, -99, 
EP, 13, 2026090200, 03, HFSA,  12, 173N, 1108W,  63,  985, XX,  50, NEQ,   71,   39,    0,    0,  993,   24,  34,   0,   0,    ,   0,    , 321,  11,           ,  ,  0,    ,    0,    0,    0,    0, THERMO PARAMS, -61, 1178, 1312, N, 10, DT, -999, SHR82, -99, 
EP, 13, 2026090200, 03, HFSA,  18, 176N, 1118W,  60,  986, XX,  34, NEQ,  167,  152,   84,  112,  990,   14,  25,   0,   0,    ,   0,    , 306,   8,           ,  ,  0,    ,    0,    0,    0,    0, THERMO PARAMS, -27, 1253, 899, N, 10, DT, -999, SHR82, -99, 
EP, 13, 2026090200, 03, HFSA,  18, 176N, 1118W,  60,  986, XX,  50, NEQ,   52,   45,    0,   39,  990,   14,  25,   0,   0,    ,   0,    , 306,   8,           ,  ,  0,    ,    0,    0,    0,    0, THERMO PARAMS, -27, 1253, 899, N, 10, DT, -999, SHR82, -99, 
EP, 13, 2026090200, 03, HFSA,  24, 182N, 1124W,  68,  980, XX,  34, NEQ,  151,  141,   94,  121,  996,   51,  30,   0,   0,    ,   0,    , 320,   8,           ,  ,  0,    ,    0,    0,    0,    0, THERMO PARAMS, 4, 991, 1086, N, 10, DT, -999, SHR82, -99, 
EP, 13, 2026090200, 03, HFSA,  24, 182N, 1124W,  68,  980, XX,  50, NEQ,   57,   57,    0,   49,  996,   51,  30,   0,   0,    ,   0,    , 320,   8,           ,  ,  0,    ,    0,    0,    0,    0, THERMO PARAMS, 4, 991, 1086, N, 10, DT, -999, SHR82, -99, 
EP, 13, 2026090200, 03, HFSA,  24, 182N, 1124W,  68,  980, XX,  64, NEQ,   37,   34,    0,   31,  996,   51,  30,   0,   0,    ,   0,    , 320,   8,           ,  ,  0,    ,    0,    0,    0,    0, THERMO PARAMS, 4, 991, 1086, N, 10, DT, -999, SHR82, -99, 
EP, 13, 2026090200, 03, HFSA,  30, 186N, 1132W,  71,  977, XX,  34, NEQ,  112,  121,   89,  105,  997,   51,  25,   0,   0,    ,   0,    , 307,   9,           ,  ,  0,    ,    0,    0,    0,    0, THERMO PARAMS, 23, 1790, 1428, N, 10, DT, -999, SHR82, -99, 
EP, 13, 2026090200, 03, HFSA,  30, 186N, 1132W,  71,  977, XX,  50, NEQ,   65,   58,   40,   50,  997,   51,  25,   0,   0,    ,   0,    , 307,   9,           ,  ,  0,    ,    0,    0,    0,    0, THERMO PARAMS, 23, 1790, 1428, N, 10, DT, -999, SHR82, -99, 
EP, 13, 2026090200, 03, HFSA,  30, 186N, 1132W,  71,  977, XX,  64, NEQ,   34,   29,    0,    0,  997,   51,  25,   0,   0,    ,   0,    , 307,   9,           ,  ,  0,    ,    0,    0,    0,    0, THERMO PARAMS, 23, 1790, 1428, N, 10, DT, -999, SHR82, -99, 
EP, 13, 2026090200, 03, HFSA,  36, 189N, 1140W,  74,  975, XX,  34, NEQ,  136,  120,  102,  128,  995,   57,  33,   0,   0,    ,   0,    , 306,   7,           ,  ,  0,    ,    0,    0,    0,    0, THERMO PARAMS, -13, 1523, 1351, N, 10, DT, -999, SHR82, -99, 
EP, 13, 2026090200, 03, HFSA,  36, 189N, 1140W,  74,  975, XX,  50, NEQ,   68,   68,   40,   65,  995,   57,  33,   0,   0,    ,   0,    , 306,   7,           ,  ,  0,    ,    0,    0,    0,    0, THERMO PARAMS, -13, 1523, 1351, N, 10, DT, -999, SHR82, -99, 
EP, 13, 2026090200, 03, HFSA,  36, 189N, 1140W,  74,  975, XX,  64, NEQ,   42,   37,    0,    0,  995,   57,  33,   0,   0,    ,   0,    , 306,   7,           ,  ,  0,    ,    0,    0,    0,    0, THERMO PARAMS, -13, 1523, 1351, N, 10, DT, -999, SHR82, -99, 
EP, 13, 2026090200, 03, HFSA,  42, 192N, 1147W,  70,  977, XX,  34, NEQ,  144,  118,   97,  139, 1001,   76,  34,   0,   0,    ,   0,    , 304,   8,           ,  ,  0,    ,    0,    0,    0,    0, THERMO PARAMS, 0, 1424, 1623, N, 10, DT, -999, SHR82, -99, 
EP, 13, 2026090200, 03, HFSA,  42, 192N, 1147W,  70,  977, XX,  50, NEQ,   74,   65,   49,   57, 1001,   76,  34,   0,   0,    ,   0,    , 304,   8,           ,  ,  0,    ,    0,    0,    0,    0, THERMO PARAMS, 0, 1424, 1623, N, 10, DT, -999, SHR82, -99, 
EP, 13, 2026090200, 03, HFSA,  42, 192N, 1147W,  70,  977, XX,  64, NEQ,   42,    0,    0,    0, 1001,   76,  34,   0,   0,    ,   0,    , 304,   8,           ,  ,  0,    ,    0,    0,    0,    0, THERMO PARAMS, 0, 1424, 1623, N, 10, DT, -999, SHR82, -99, 
EP, 13, 2026090200, 03, HFSA,  48, 197N, 1155W,  71,  973, XX,  34, NEQ,  131,  126,  110,  123,  997,   77,  23,   0,   0,    ,   0,    , 302,   8,           ,  ,  0,    ,    0,    0,    0,    0, THERMO PARAMS, 32, 1101, 1660, N, 10, DT, -999, SHR82, -99, 
EP, 13, 2026090200, 03, HFSA,  48, 197N, 1155W,  71,  973, XX,  50, NEQ,   68,   63,   44,   62,  997,   77,  23,   0,   0,    ,   0,    , 302,   8,           ,  ,  0,    ,    0,    0,    0,    0, THERMO PARAMS, 32, 1101, 1660, N, 10, DT, -999, SHR82, -99, 
EP, 13, 2026090200, 03, HFSA,  48, 197N, 1155W,  71,  973, XX,  64, NEQ,   26,    0,    0,   31,  997,   77,  23,   0,   0,    ,   0,    , 302,   8,           ,  ,  0,    ,    0,    0,    0,    0, THERMO PARAMS, 32, 1101, 1660, N, 10, DT, -999, SHR82, -99, 
EP, 13, 2026090200, 03, HFSA,  54, 200N, 1165W,  69,  973, XX,  34, NEQ,  142,  121,  105,  142,  993,   51,  50,   0,   0,    ,   0,    , 288,  10,           ,  ,  0,    ,    0,    0,    0,    0, THERMO PARAMS, 49, 1023, 1820, N, 10, DT, -999, SHR82, -99, 
EP, 13, 2026090200, 03, HFSA,  54, 200N, 1165W,  69,  973, XX,  50, NEQ,   74,   71,   39,   70,  993,   51,  50,   0,   0,    ,   0,    , 288,  10,           ,  ,  0,    ,    0,    0,    0,    0, THERMO PARAMS, 49, 1023, 1820, N, 10, DT, -999, SHR82, -99, 
EP, 13, 2026090200, 03, HFSA,  54, 200N, 1165W,  69,  973, XX,  64, NEQ,   50,    0,    0,    0,  993,   51,  50,   0,   0,    ,   0,    , 288,  10,           ,  ,  0,    ,    0,    0,    0,    0, THERMO PARAMS, 49, 1023, 1820, N, 10, DT, -999, SHR82, -99, 
EP, 13, 2026090200, 03, HFSA,  60, 202N, 1177W,  65,  968, XX,  34, NEQ,  149,  165,  117,  165,  972,   12,  47,   0,   0,    ,   0,    , 282,  10,           ,  ,  0,    ,    0,    0,    0,    0, THERMO PARAMS, 24, 1426, 1734, N, 10, DT, -999, SHR82, -99, 
EP, 13, 2026090200, 03, HFSA,  60, 202N, 1177W,  65,  968, XX,  50, NEQ,   78,   76,   50,   70,  972,   12,  47,   0,   0,    ,   0,    , 282,  10,           ,  ,  0,    ,    0,    0,    0,    0, THERMO PARAMS, 24, 1426, 1734, N, 10, DT, -999, SHR82, -99, 
EP, 13, 2026090200, 03, HFSA,  66, 205N, 1186W,  66,  970, XX,  34, NEQ,  173,  147,  112,  165, 1006,  154,  43,   0,   0,    ,   0,    , 294,  10,           ,  ,  0,    ,    0,    0,    0,    0, THERMO PARAMS, -11, 1253, 2006, N, 10, DT, -999, SHR82, -99, 
EP, 13, 2026090200, 03, HFSA,  66, 205N, 1186W,  66,  970, XX,  50, NEQ,   74,   70,   58,   68, 1006,  154,  43,   0,   0,    ,   0,    , 294,  10,           ,  ,  0,    ,    0,    0,    0,    0, THERMO PARAMS, -11, 1253, 2006, N, 10, DT, -999, SHR82, -99, 
EP, 13, 2026090200, 03, HFSA,  66, 205N, 1186W,  66,  970, XX,  64, NEQ,   45,    0,    0,   36, 1006,  154,  43,   0,   0,    ,   0,    , 294,  10,           ,  ,  0,    ,    0,    0,    0,    0, THERMO PARAMS, -11, 1253, 2006, N, 10, DT, -999, SHR82, -99, 
EP, 13, 2026090200, 03, HFSA,  72, 208N, 1194W,  69,  964, XX,  34, NEQ,  134,  117,  123,  151, 1004,  156,  40,   0,   0,    ,   0,    , 301,   7,           ,  ,  0,    ,    0,    0,    0,    0, THERMO PARAMS, 3, 1741, 1955, N, 10, DT, -999, SHR82, -99, 
EP, 13, 2026090200, 03, HFSA,  72, 208N, 1194W,  69,  964, XX,  50, NEQ,   65,   60,   60,   66, 1004,  156,  40,   0,   0,    ,   0,    , 301,   7,           ,  ,  0,    ,    0,    0,    0,    0, THERMO PARAMS, 3, 1741, 1955, N, 10, DT, -999, SHR82, -99, 
EP, 13, 2026090200, 03, HFSA,  72, 208N, 1194W,  69,  964, XX,  64, NEQ,   44,   44,    0,    0, 1004,  156,  40,   0,   0,    ,   0,    , 301,   7,           ,  ,  0,    ,    0,    0,    0,    0, THERMO PARAMS, 3, 1741, 1955, N, 10, DT, -999, SHR82, -99, 
EP, 13, 2026090200, 03, HFSA,  78, 210N, 1201W,  65,  968, XX,  34, NEQ,  125,  121,  118,  131, 1000,   89,  37,   0,   0,    ,   0,    , 297,   6,           ,  ,  0,    ,    0,    0,    0,    0, THERMO PARAMS, 4, 1398, 2012, N, 10, DT, -999, SHR82, -99, 
EP, 13, 2026090200, 03, HFSA,  78, 210N, 1201W,  65,  968, XX,  50, NEQ,   66,   63,   58,   68, 1000,   89,  37,   0,   0,    ,   0,    , 297,   6,           ,  ,  0,    ,    0,    0,    0,    0, THERMO PARAMS, 4, 1398, 2012, N, 10, DT, -999, SHR82, -99, 
EP, 13, 2026090200, 03, HFSA,  78, 210N, 1201W,  65,  968, XX,  64, NEQ,   39,    0,    0,    0, 1000,   89,  37,   0,   0,    ,   0,    , 297,   6,           ,  ,  0,    ,    0,    0,    0,    0, THERMO PARAMS, 4, 1398, 2012, N, 10, DT, -999, SHR82, -99, 
EP, 13, 2026090200, 03, HFSA,  84, 213N, 1208W,  61,  968, XX,  34, NEQ,  126,  126,  113,  126,  996,   79,  51,   0,   0,    ,   0,    , 301,   6,           ,  ,  0,    ,    0,    0,    0,    0, THERMO PARAMS, -9, 1453, 1959, N, 10, DT, -999, SHR82, -99, 
EP, 13, 2026090200, 03, HFSA,  84, 213N, 1208W,  61,  968, XX,  50, NEQ,   62,   62,   52,   65,  996,   79,  51,   0,   0,    ,   0,    , 301,   6,           ,  ,  0,    ,    0,    0,    0,    0, THERMO PARAMS, -9, 1453, 1959, N, 10, DT, -999, SHR82, -99, 
EP, 13, 2026090200, 03, HFSA,  90, 217N, 1213W,  62,  972, XX,  34, NEQ,  147,  126,  112,  128, 1004,  125,  47,   0,   0,    ,   0,    , 315,   6,           ,  ,  0,    ,    0,    0,    0,    0, THERMO PARAMS, -34, 1298, 1909, N, 10, DT, -999, SHR82, -99, 
EP, 13, 2026090200, 03, HFSA,  90, 217N, 1213W,  62,  972, XX,  50, NEQ,   66,   58,   57,   66, 1004,  125,  47,   0,   0,    ,   0,    , 315,   6,           ,  ,  0,    ,    0,    0,    0,    0, THERMO PARAMS, -34, 1298, 1909, N, 10, DT, -999, SHR82, -99, 
EP, 13, 2026090200, 03, HFSA,  96, 222N, 1218W,  59,  972, XX,  34, NEQ,  123,  104,   92,  118, 1004,  151,  30,   0,   0,    ,   0,    , 323,   6,           ,  ,  0,    ,    0,    0,    0,    0, THERMO PARAMS, -29, 1122, 1829, N, 10, DT, -999, SHR82, -99, 
EP, 13, 2026090200, 03, HFSA,  96, 222N, 1218W,  59,  972, XX,  50, NEQ,   62,   58,   55,   57, 1004,  151,  30,   0,   0,    ,   0,    , 323,   6,           ,  ,  0,    ,    0,    0,    0,    0, THERMO PARAMS, -29, 1122, 1829, N, 10, DT, -999, SHR82, -99, 
EP, 13, 2026090200, 03, HFSA, 102, 227N, 1223W,  59,  975, XX,  34, NEQ,  118,  108,   96,  115, 1003,  114,  37,   0,   0,    ,   0,    , 315,   7,           ,  ,  0,    ,    0,    0,    0,    0, THERMO PARAMS, -8, 1080, 1981, N, 10, DT, -999, SHR82, -99, 
EP, 13, 2026090200, 03, HFSA, 102, 227N, 1223W,  59,  975, XX,  50, NEQ,   58,   50,   49,   57, 1003,  114,  37,   0,   0,    ,   0,    , 315,   7,           ,  ,  0,    ,    0,    0,    0,    0, THERMO PARAMS, -8, 1080, 1981, N, 10, DT, -999, SHR82, -99, 
EP, 13, 2026090200, 03, HFSA, 108, 233N, 1229W,  55,  977, XX,  34, NEQ,  121,  107,   87,  113, 1001,  106,  44,   0,   0,    ,   0,    , 321,   8,           ,  ,  0,    ,    0,    0,    0,    0, THERMO PARAMS, -11, 1085, 1908, N, 10, DT, -999, SHR82, -99, 
EP, 13, 2026090200, 03, HFSA, 108, 233N, 1229W,  55,  977, XX,  50, NEQ,   53,   52,    0,   52, 1001,  106,  44,   0,   0,    ,   0,    , 321,   8,           ,  ,  0,    ,    0,    0,    0,    0, THERMO PARAMS, -11, 1085, 1908, N, 10, DT, -999, SHR82, -99, 
EP, 13, 2026090200, 03, HFSA, 114, 237N, 1236W,  51,  981, XX,  34, NEQ,  115,   96,   96,  130, 1001,   91,  44,   0,   0,    ,   0,    , 311,   8,           ,  ,  0,    ,    0,    0,    0,    0, THERMO PARAMS, -16, 979, 1987, N, 10, DT, -999, SHR82, -99, 
EP, 13, 2026090200, 03, HFSA, 114, 237N, 1236W,  51,  981, XX,  50, NEQ,   45,    0,    0,    0, 1001,   91,  44,   0,   0,    ,   0,    , 311,   8,           ,  ,  0,    ,    0,    0,    0,    0, THERMO PARAMS, -16, 979, 1987, N, 10, DT, -999, SHR82, -99, 
EP, 13, 2026090200, 03, HFSA, 120, 242N, 1243W,  50,  982, XX,  34, NEQ,  123,   81,   94,  136, 1002,  110,  39,   0,   0,    ,   0,    , 299,   8,           ,  ,  0,    ,    0,    0,    0,    0, THERMO PARAMS, -15, 1078, 1789, N, 10, DT, -999, SHR82, -99, 
EP, 13, 2026090200, 03, HFSA, 126, 243N, 1253W,  48,  986, XX,  34, NEQ,  105,   68,   78,  131, 1006,  148,  38,   0,   0,    ,   0,    , -99, -99,           ,  ,  0,    ,    0,    0,    0,    0, THERMO PARAMS, 20, 826, 1635, N, 10, DT, -999, SHR82, -99, 
EP, 13, 2026090200, 03, TVCN,   0, 158N, 1100W,   0,    0,   ,   0,    ,    0,    0,    0,    0, 
EP, 13, 2026090200, 03, TVCN,  12, 171N, 1114W,   0,    0,   ,   0,    ,    0,    0,    0,    0, 
EP, 13, 2026090200, 03, TVCN,  24, 181N, 1129W,   0,    0,   ,   0,    ,    0,    0,    0,    0, 
EP, 13, 2026090200, 03, TVCN,  36, 189N, 1144W,   0,    0,   ,   0,    ,    0,    0,    0,    0, 
EP, 13, 2026090200, 03, TVCN,  48, 196N, 1160W,   0,    0,   ,   0,    ,    0,    0,    0,    0, 
EP, 13, 2026090200, 03, TVCN,  60, 201N, 1176W,   0,    0,   ,   0,    ,    0,    0,    0,    0, 
EP, 13, 2026090200, 03, TVCN,  72, 208N, 1190W,   0,    0,   ,   0,    ,    0,    0,    0,    0, 
EP, 13, 2026090200, 03, TVCN,  84, 215N, 1201W,   0,    0,   ,   0,    ,    0,    0,    0,    0, 
EP, 13, 2026090200, 03, TVCN,  96, 223N, 1212W,   0,    0,   ,   0,    ,    0,    0,    0,    0, 
EP, 13, 2026090200, 03, TVCN, 108, 231N, 1222W,   0,    0,   ,   0,    ,    0,    0,    0,    0, 
EP, 13, 2026090200, 03, TVCN, 120, 238N, 1233W,   0,    0,   ,   0,    ,    0,    0,    0,    0, 
EP, 13, 2026090200, 03, TVCN, 132, 244N, 1246W,   0,    0,   ,   0,    ,    0,    0,    0,    0, 
EP, 13, 2026090200, 03, TVCN, 144, 238N, 1266W,   0,    0,   ,   0,    ,    0,    0,    0,    0, 
EP, 13, 2026090200, 03, TVCN, 156, 242N, 1285W,   0,    0,   ,   0,    ,    0,    0,    0,    0, 
EP, 13, 2026090200, 03, TVCN, 168, 245N, 1304W,   0,    0,   ,   0,    ,    0,    0,    0,    0, 
EP, 13, 2026090206, 03, HCCA,   0, 164N, 1106W,  55,    0,   ,   0,    ,    0,    0,    0,    0, 
EP, 13, 2026090206, 03, HCCA,  12, 175N, 1122W,  66,    0,   ,   0,    ,    0,    0,    0,    0, 
EP, 13, 2026090206, 03, HCCA,  24, 184N, 1136W,  76,    0,   ,   0,    ,    0,    0,    0,    0, 
EP, 13, 2026090206, 03, HCCA,  36, 192N, 1151W,  86,    0,   ,   0,    ,    0,    0,    0,    0, 
EP, 13, 2026090206, 03, HCCA,  48, 197N, 1166W,  87,    0,   ,   0,    ,    0,    0,    0,    0, 
EP, 13, 2026090206, 03, HCCA,  60, 204N, 1182W,  87,    0,   ,   0,    ,    0,    0,    0,    0, 
EP, 13, 2026090206, 03, HCCA,  72, 211N, 1195W,  88,    0,   ,   0,    ,    0,    0,    0,    0, 
EP, 13, 2026090206, 03, HCCA,  84, 217N, 1205W,  88,    0,   ,   0,    ,    0,    0,    0,    0, 
EP, 13, 2026090206, 03, HCCA,  96, 223N, 1216W,  84,    0,   ,   0,    ,    0,    0,    0,    0, 
EP, 13, 2026090206, 03, HCCA, 108, 225N, 1229W,  82,    0,   ,   0,    ,    0,    0,    0,    0, 
EP, 13, 2026090206, 03, HCCA, 120, 225N, 1243W,  77,    0,   ,   0,    ,    0,    0,    0,    0, 
EP, 13, 2026090206, 03, HCCA, 132, 224N, 1258W,  76,    0,   ,   0,    ,    0,    0,    0,    0, 
EP, 13, 2026090206, 03, HCCA, 144, 226N, 1275W,  71,    0,   ,   0,    ,    0,    0,    0,    0, 
EP, 13, 2026090206, 03, HCCA, 156, 233N, 1294W,  65,    0,   ,   0,    ,    0,    0,    0,    0, 
EP, 13, 2026090206, 03, HCCA, 168, 237N, 1310W,  60,    0,   ,   0,    ,    0,    0,    0,    0, 
EP, 13, 2026090206, 03, TVCN,   0, 164N, 1106W,   0,    0,   ,   0,    ,    0,    0,    0,    0, 
EP, 13, 2026090206, 03, TVCN,  12, 175N, 1121W,   0,    0,   ,   0,    ,    0,    0,    0,    0, 
EP, 13, 2026090206, 03, TVCN,  24, 184N, 1136W,   0,    0,   ,   0,    ,    0,    0,    0,    0, 
EP, 13, 2026090206, 03, TVCN,  36, 192N, 1152W,   0,    0,   ,   0,    ,    0,    0,    0,    0, 
EP, 13, 2026090206, 03, TVCN,  48, 198N, 1168W,   0,    0,   ,   0,    ,    0,    0,    0,    0, 
EP, 13, 2026090206, 03, TVCN,  60, 203N, 1184W,   0,    0,   ,   0,    ,    0,    0,    0,    0, 
EP, 13, 2026090206, 03, TVCN,  72, 208N, 1197W,   0,    0,   ,   0,    ,    0,    0,    0,    0, 
EP, 13, 2026090206, 03, TVCN,  84, 215N, 1207W,   0,    0,   ,   0,    ,    0,    0,    0,    0, 
EP, 13, 2026090206, 03, TVCN,  96, 223N, 1215W,   0,    0,   ,   0,    ,    0,    0,    0,    0, 
EP, 13, 2026090206, 03, TVCN, 108, 231N, 1226W,   0,    0,   ,   0,    ,    0,    0,    0,    0, 
EP, 13, 2026090206, 03, TVCN, 120, 237N, 1238W,   0,    0,   ,   0,    ,    0,    0,    0,    0, 
EP, 13, 2026090206, 03, TVCN, 132, 243N, 1252W,   0,    0,   ,   0,    ,    0,    0,    0,    0, 
EP, 13, 2026090206, 03, TVCN, 144, 237N, 1273W,   0,    0,   ,   0,    ,    0,    0,    0,    0, 
EP, 13, 2026090206, 03, TVCN, 156, 241N, 1292W,   0,    0,   ,   0,    ,    0,    0,    0,    0, 
EP, 13, 2026090206, 03, TVCN, 168, 246N, 1310W,   0,    0,   ,   0,    ,    0,    0,    0,    0, 